test,version,appplication,no_measurement,timestamp,pid,command,time,virt,res,shr,percent_cpu,percent_mem,nTH,P,TIME,SWAP,CODE,DATA,nMaj,nMin,nDRT,USED,tasks_total,tasks_running,tasks_sleeping,tasks_stopped,tasks_zombie,cpu_us,cpu_sy,cpu_ni,cpu_id,cpu_wa,cpu_hi,cpu_si,cpu_st,mem_total,mem_free,mem_used,mem_buff_cache,swap_total,swap_free,swap_used,swap_avail,
1,Python 3.11.3,binarytrees_compatible_all.py 21,0,1694248036,1242984,python,0:00.12,35120,26576,6664,75.0,0.2,1,0,0:00,0,4,21480,0,6197,0,26576,312,2,280,30,0,18.8,8.3,0.0,72.9,0.0,0.0,0.0,0.0,15794.9 MiB,3577.4 MiB,2038.8 MiB,10178.7 MiB,4096.0 MiB,3681.5 MiB,414.5 MiB,13107.6 MiB
1,Python 3.11.3,binarytrees_compatible_all.py 21,1,1694248037,1242984,python,0:01.29,35120,26576,6664,100.0,0.2,1,0,0:01,0,4,21480,0,6197,0,26576,312,2,280,30,0,13.0,0.8,0.0,86.3,0.0,0.0,0.0,0.0,15794.9 MiB,3577.6 MiB,2038.3 MiB,10179.0 MiB,4096.0 MiB,3681.5 MiB,414.5 MiB,13108.0 MiB
1,Python 3.11.3,binarytrees_compatible_all.py 21,2,1694248038,1242984,python,0:02.46,35120,26576,6664,100.0,0.2,1,0,0:02,0,4,21480,0,6197,0,26576,312,2,280,30,0,13.0,1.5,0.0,85.5,0.0,0.0,0.0,0.0,15794.9 MiB,3585.2 MiB,2037.5 MiB,10172.1 MiB,4096.0 MiB,3681.5 MiB,414.5 MiB,13115.6 MiB
1,Python 3.11.3,binarytrees_compatible_all.py 21,3,1694248039,1242984,python,0:03.63,35120,26576,6664,93.8,0.2,1,0,0:03,0,4,21480,0,6197,0,26576,312,2,280,30,0,14.3,1.5,0.0,84.2,0.0,0.0,0.0,0.0,15794.9 MiB,3584.5 MiB,2038.4 MiB,10172.0 MiB,4096.0 MiB,3681.5 MiB,414.5 MiB,13114.9 MiB
1,Python 3.11.3,binarytrees_compatible_all.py 21,4,1694248040,1242984,python,0:04.80,35120,26576,6664,93.8,0.2,1,0,0:04,0,4,21480,0,6197,0,26576,312,2,280,30,0,12.5,0.0,0.0,87.5,0.0,0.0,0.0,0.0,15794.9 MiB,3584.2 MiB,2038.7 MiB,10172.0 MiB,4096.0 MiB,3681.5 MiB,414.5 MiB,13114.7 MiB
1,Python 3.11.3,binarytrees_compatible_all.py 21,5,1694248042,1242984,python,0:05.98,35120,26576,6664,100.0,0.2,1,0,0:05,0,4,21480,0,6197,0,26576,312,2,280,30,0,12.9,1.5,0.0,85.6,0.0,0.0,0.0,0.0,15794.9 MiB,3584.0 MiB,2038.9 MiB,10172.0 MiB,4096.0 MiB,3681.5 MiB,414.5 MiB,13114.4 MiB
1,Python 3.11.3,binarytrees_compatible_all.py 21,6,1694248043,1242984,python,0:07.15,35120,26576,6664,100.0,0.2,1,0,0:07,0,4,21480,0,6197,0,26576,312,2,280,30,0,13.0,1.5,0.0,85.5,0.0,0.0,0.0,0.0,15794.9 MiB,3583.2 MiB,2039.6 MiB,10172.0 MiB,4096.0 MiB,3681.5 MiB,414.5 MiB,13113.7 MiB
1,Python 3.11.3,binarytrees_compatible_all.py 21,7,1694248044,1242984,python,0:08.32,35120,26576,6664,93.8,0.2,1,0,0:08,0,4,21480,0,6197,0,26576,312,2,280,30,0,13.0,0.8,0.0,86.3,0.0,0.0,0.0,0.0,15794.9 MiB,3583.2 MiB,2039.6 MiB,10172.0 MiB,4096.0 MiB,3681.5 MiB,414.5 MiB,13113.7 MiB
1,Python 3.11.3,binarytrees_compatible_all.py 21,8,1694248045,1242984,python,0:09.49,35120,26576,6664,93.8,0.2,1,0,0:09,0,4,21480,0,6197,0,26576,312,2,280,30,0,13.0,0.8,0.0,86.3,0.0,0.0,0.0,0.0,15794.9 MiB,3583.2 MiB,2039.6 MiB,10172.0 MiB,4096.0 MiB,3681.5 MiB,414.5 MiB,13113.7 MiB
1,Python 3.11.3,binarytrees_compatible_all.py 21,9,1694248046,1242984,python,0:10.67,22844,14400,6664,100.0,0.1,1,0,0:10,0,4,9204,0,7225,0,14400,312,2,280,30,0,13.0,0.8,0.0,85.5,0.8,0.0,0.0,0.0,15794.9 MiB,3598.7 MiB,2024.1 MiB,10172.0 MiB,4096.0 MiB,3681.5 MiB,414.5 MiB,13129.2 MiB
1,Python 3.11.3,binarytrees_compatible_all.py 21,10,1694248047,1242984,python,0:11.84,22844,14400,6664,100.0,0.1,1,0,0:11,0,4,9204,0,7225,0,14400,312,2,280,30,0,13.6,0.8,0.0,85.6,0.0,0.0,0.0,0.0,15794.9 MiB,3598.8 MiB,2024.1 MiB,10172.0 MiB,4096.0 MiB,3681.5 MiB,414.5 MiB,13129.2 MiB
1,Python 3.11.3,binarytrees_compatible_all.py 21,11,1694248049,1242984,python,0:13.01,22844,14400,6664,100.0,0.1,1,0,0:13,0,4,9204,0,7225,0,14400,312,2,280,30,0,13.0,0.8,0.0,86.3,0.0,0.0,0.0,0.0,15794.9 MiB,3598.8 MiB,2024.1 MiB,10172.0 MiB,4096.0 MiB,3681.5 MiB,414.5 MiB,13129.2 MiB
1,Python 3.11.3,binarytrees_compatible_all.py 21,12,1694248050,1242984,python,0:14.18,22844,14400,6664,93.8,0.1,1,0,0:14,0,4,9204,0,7225,0,14400,312,2,280,30,0,13.0,1.5,0.0,85.5,0.0,0.0,0.0,0.0,15794.9 MiB,3598.8 MiB,2024.1 MiB,10172.0 MiB,4096.0 MiB,3681.5 MiB,414.5 MiB,13129.2 MiB
1,Python 3.11.3,binarytrees_compatible_all.py 21,13,1694248051,1242984,python,0:15.35,22844,14400,6664,93.8,0.1,1,0,0:15,0,4,9204,0,7225,0,14400,312,2,280,30,0,12.3,1.5,0.0,86.2,0.0,0.0,0.0,0.0,15794.9 MiB,3598.8 MiB,2024.1 MiB,10172.0 MiB,4096.0 MiB,3681.5 MiB,414.5 MiB,13129.3 MiB
1,Python 3.11.3,binarytrees_compatible_all.py 21,14,1694248052,1242984,python,0:16.53,22844,14400,6664,100.0,0.1,1,0,0:16,0,4,9204,0,7225,0,14400,312,2,280,30,0,13.0,0.8,0.0,86.3,0.0,0.0,0.0,0.0,15794.9 MiB,3598.6 MiB,2024.3 MiB,10172.0 MiB,4096.0 MiB,3681.5 MiB,414.5 MiB,13129.0 MiB
1,Python 3.11.3,binarytrees_compatible_all.py 21,15,1694248053,1242984,python,0:17.70,22844,14400,6664,100.0,0.1,1,0,0:17,0,4,9204,0,7225,0,14400,312,2,280,30,0,13.0,0.8,0.0,86.3,0.0,0.0,0.0,0.0,15794.9 MiB,3598.6 MiB,2024.3 MiB,10172.0 MiB,4096.0 MiB,3681.5 MiB,414.5 MiB,13129.0 MiB
1,Python 3.11.3,binarytrees_compatible_all.py 21,16,1694248054,1242984,python,0:18.87,22844,14400,6664,100.0,0.1,1,0,0:18,0,4,9204,0,7225,0,14400,312,2,280,30,0,13.0,0.8,0.0,86.3,0.0,0.0,0.0,0.0,15794.9 MiB,3598.1 MiB,2024.8 MiB,10172.0 MiB,4096.0 MiB,3681.5 MiB,414.5 MiB,13128.6 MiB
1,Python 3.11.3,binarytrees_compatible_all.py 21,17,1694248056,1242984,python,0:20.04,22844,14400,6664,93.8,0.1,1,0,0:20,0,4,9204,0,7225,0,14400,312,2,280,30,0,13.0,0.8,0.0,86.3,0.0,0.0,0.0,0.0,15794.9 MiB,3598.3 MiB,2024.5 MiB,10172.0 MiB,4096.0 MiB,3681.5 MiB,414.5 MiB,13128.8 MiB
1,Python 3.11.3,binarytrees_compatible_all.py 21,18,1694248057,1242984,python,0:21.21,22844,14400,6664,93.8,0.1,1,0,0:21,0,4,9204,0,7244,0,14400,312,2,280,30,0,13.0,0.8,0.0,86.3,0.0,0.0,0.0,0.0,15794.9 MiB,3597.6 MiB,2025.3 MiB,10172.0 MiB,4096.0 MiB,3681.5 MiB,414.5 MiB,13128.1 MiB
1,Python 3.11.3,binarytrees_compatible_all.py 21,19,1694248058,1242984,python,0:22.39,23868,14928,6664,100.0,0.1,1,4,0:22,0,4,10228,0,7350,0,14928,312,2,280,30,0,12.9,1.5,0.0,85.6,0.0,0.0,0.0,0.0,15794.9 MiB,3597.8 MiB,2025.0 MiB,10172.0 MiB,4096.0 MiB,3681.5 MiB,414.5 MiB,13128.3 MiB
1,Python 3.11.3,binarytrees_compatible_all.py 21,20,1694248059,1242984,python,0:23.56,23868,15456,6664,100.0,0.1,1,4,0:23,0,4,10228,0,7455,0,15456,312,2,280,30,0,13.7,0.8,0.0,85.5,0.0,0.0,0.0,0.0,15794.9 MiB,3597.3 MiB,2025.5 MiB,10172.0 MiB,4096.0 MiB,3681.5 MiB,414.5 MiB,13127.8 MiB
1,Python 3.11.3,binarytrees_compatible_all.py 21,21,1694248060,1242984,python,0:24.73,23868,15720,6664,100.0,0.1,1,4,0:24,0,4,10228,0,7556,0,15720,312,2,280,30,0,13.0,0.8,0.0,86.3,0.0,0.0,0.0,0.0,15794.9 MiB,3597.9 MiB,2025.0 MiB,10172.0 MiB,4096.0 MiB,3681.5 MiB,414.5 MiB,13128.4 MiB
1,Python 3.11.3,binarytrees_compatible_all.py 21,22,1694248061,1242984,python,0:25.91,24892,15984,6664,100.0,0.1,1,0,0:25,0,4,11252,0,7643,0,15984,312,2,280,30,0,12.8,1.5,0.0,85.7,0.0,0.0,0.0,0.0,15794.9 MiB,3597.3 MiB,2025.5 MiB,10172.0 MiB,4096.0 MiB,3681.5 MiB,414.5 MiB,13127.8 MiB
1,Python 3.11.3,binarytrees_compatible_all.py 21,23,1694248063,1242984,python,0:27.08,24892,16512,6664,93.8,0.1,1,0,0:27,0,4,11252,0,7729,0,16512,312,2,280,30,0,12.2,0.8,0.0,87.0,0.0,0.0,0.0,0.0,15794.9 MiB,3596.6 MiB,2026.2 MiB,10172.0 MiB,4096.0 MiB,3681.5 MiB,414.5 MiB,13127.1 MiB
1,Python 3.11.3,binarytrees_compatible_all.py 21,24,1694248064,1242984,python,0:28.26,25916,16776,6664,100.0,0.1,1,4,0:28,0,4,12276,0,7817,0,16776,312,2,280,30,0,12.8,1.5,0.0,85.7,0.0,0.0,0.0,0.0,15794.9 MiB,3596.8 MiB,2026.0 MiB,10172.0 MiB,4096.0 MiB,3681.5 MiB,414.5 MiB,13127.4 MiB
1,Python 3.11.3,binarytrees_compatible_all.py 21,25,1694248065,1242984,python,0:29.43,25916,17040,6664,93.8,0.1,1,0,0:29,0,4,12276,0,7904,0,17040,312,2,280,30,0,12.9,1.5,0.0,85.6,0.0,0.0,0.0,0.0,15794.9 MiB,3596.4 MiB,2026.5 MiB,10172.0 MiB,4096.0 MiB,3681.5 MiB,414.5 MiB,13126.9 MiB
1,Python 3.11.3,binarytrees_compatible_all.py 21,26,1694248066,1242984,python,0:30.61,25916,17568,6664,100.0,0.1,1,0,0:30,0,4,12276,0,7991,0,17568,312,2,280,30,0,14.2,0.7,0.0,85.1,0.0,0.0,0.0,0.0,15794.9 MiB,3596.1 MiB,2026.7 MiB,10172.0 MiB,4096.0 MiB,3681.5 MiB,414.5 MiB,13126.6 MiB
1,Python 3.11.3,binarytrees_compatible_all.py 21,27,1694248067,1242984,python,0:31.79,26940,17832,6664,100.0,0.1,1,0,0:31,0,4,13300,0,8078,0,17832,312,2,280,30,0,12.9,0.8,0.0,86.4,0.0,0.0,0.0,0.0,15794.9 MiB,3596.1 MiB,2026.7 MiB,10172.0 MiB,4096.0 MiB,3681.5 MiB,414.5 MiB,13126.6 MiB
1,Python 3.11.3,binarytrees_compatible_all.py 21,28,1694248068,1242984,python,0:32.96,26940,18096,6664,100.0,0.1,1,0,0:32,0,4,13300,0,8165,0,18096,312,2,280,30,0,12.9,0.8,0.0,86.4,0.0,0.0,0.0,0.0,15794.9 MiB,3595.6 MiB,2027.2 MiB,10172.1 MiB,4096.0 MiB,3681.5 MiB,414.5 MiB,13126.1 MiB
1,Python 3.11.3,binarytrees_compatible_all.py 21,29,1694248070,1242984,python,0:34.13,26940,18624,6664,93.8,0.1,1,4,0:34,0,4,13300,0,8253,0,18624,312,2,280,30,0,14.2,0.7,0.0,85.1,0.0,0.0,0.0,0.0,15794.9 MiB,3595.4 MiB,2027.4 MiB,10172.1 MiB,4096.0 MiB,3681.5 MiB,414.5 MiB,13125.9 MiB
1,Python 3.11.3,binarytrees_compatible_all.py 21,30,1694248071,1242984,python,0:35.31,23868,15720,6664,100.0,0.1,1,0,0:35,0,4,10228,0,8275,0,15720,312,2,280,30,0,12.9,0.0,0.0,87.1,0.0,0.0,0.0,0.0,15794.9 MiB,3595.4 MiB,2027.4 MiB,10172.1 MiB,4096.0 MiB,3681.5 MiB,414.5 MiB,13125.9 MiB
1,Python 3.11.3,binarytrees_compatible_all.py 21,31,1694248072,1242984,python,0:36.49,23868,15720,6664,100.0,0.1,1,0,0:36,0,4,10228,0,8275,0,15720,312,2,280,30,0,12.9,0.8,0.0,86.4,0.0,0.0,0.0,0.0,15794.9 MiB,3595.4 MiB,2027.4 MiB,10172.1 MiB,4096.0 MiB,3681.5 MiB,414.5 MiB,13125.9 MiB
1,Python 3.11.3,binarytrees_compatible_all.py 21,32,1694248073,1242984,python,0:37.66,23868,15720,6664,100.0,0.1,1,0,0:37,0,4,10228,0,8275,0,15720,312,2,280,30,0,13.5,0.8,0.0,85.7,0.0,0.0,0.0,0.0,15794.9 MiB,3595.4 MiB,2027.4 MiB,10172.1 MiB,4096.0 MiB,3681.5 MiB,414.5 MiB,13125.9 MiB
1,Python 3.11.3,binarytrees_compatible_all.py 21,33,1694248074,1242984,python,0:38.83,23868,15720,6664,93.8,0.1,1,0,0:38,0,4,10228,0,8275,0,15720,312,2,280,30,0,12.8,1.5,0.0,85.7,0.0,0.0,0.0,0.0,15794.9 MiB,3595.4 MiB,2027.4 MiB,10172.1 MiB,4096.0 MiB,3681.5 MiB,414.5 MiB,13125.9 MiB
1,Python 3.11.3,binarytrees_compatible_all.py 21,34,1694248076,1242984,python,0:40.01,23868,15720,6664,100.0,0.1,1,0,0:40,0,4,10228,0,8275,0,15720,312,2,280,30,0,12.0,1.5,0.0,85.7,0.8,0.0,0.0,0.0,15794.9 MiB,3594.4 MiB,2028.4 MiB,10172.1 MiB,4096.0 MiB,3681.5 MiB,414.5 MiB,13124.9 MiB
1,Python 3.11.3,binarytrees_compatible_all.py 21,35,1694248077,1242984,python,0:41.18,23868,15720,6664,93.8,0.1,1,0,0:41,0,4,10228,0,8275,0,15720,312,2,280,30,0,12.0,1.5,0.0,86.5,0.0,0.0,0.0,0.0,15794.9 MiB,3594.1 MiB,2028.6 MiB,10172.1 MiB,4096.0 MiB,3681.5 MiB,414.5 MiB,13124.7 MiB
1,Python 3.11.3,binarytrees_compatible_all.py 21,36,1694248078,1242984,python,0:42.36,23868,15720,6664,100.0,0.1,1,0,0:42,0,4,10228,0,8275,0,15720,312,2,280,30,0,12.8,1.5,0.0,85.7,0.0,0.0,0.0,0.0,15794.9 MiB,3594.1 MiB,2028.6 MiB,10172.1 MiB,4096.0 MiB,3681.5 MiB,414.5 MiB,13124.7 MiB
1,Python 3.11.3,binarytrees_compatible_all.py 21,37,1694248079,1242984,python,0:43.54,23868,15720,6664,100.0,0.1,1,4,0:43,0,4,10228,0,8275,0,15720,312,2,280,30,0,13.5,0.0,0.0,86.5,0.0,0.0,0.0,0.0,15794.9 MiB,3594.1 MiB,2028.6 MiB,10172.1 MiB,4096.0 MiB,3681.5 MiB,414.5 MiB,13124.7 MiB
1,Python 3.11.3,binarytrees_compatible_all.py 21,38,1694248080,1242984,python,0:44.71,23868,15720,6664,93.8,0.1,1,4,0:44,0,4,10228,0,8275,0,15720,312,2,280,30,0,12.9,0.8,0.0,86.4,0.0,0.0,0.0,0.0,15794.9 MiB,3594.1 MiB,2028.6 MiB,10172.1 MiB,4096.0 MiB,3681.5 MiB,414.5 MiB,13124.7 MiB
1,Python 3.11.3,binarytrees_compatible_all.py 21,39,1694248081,1242984,python,0:45.89,23868,15720,6664,100.0,0.1,1,0,0:45,0,4,10228,0,8275,0,15720,312,2,280,30,0,12.9,0.8,0.0,86.4,0.0,0.0,0.0,0.0,15794.9 MiB,3594.1 MiB,2028.6 MiB,10172.1 MiB,4096.0 MiB,3681.5 MiB,414.5 MiB,13124.7 MiB
1,Python 3.11.3,binarytrees_compatible_all.py 21,40,1694248083,1242984,python,0:47.06,23868,15720,6664,100.0,0.1,1,0,0:47,0,4,10228,0,8293,0,15720,312,2,280,30,0,13.5,0.0,0.0,86.5,0.0,0.0,0.0,0.0,15794.9 MiB,3593.9 MiB,2028.9 MiB,10172.0 MiB,4096.0 MiB,3681.5 MiB,414.5 MiB,13124.5 MiB
1,Python 3.11.3,binarytrees_compatible_all.py 21,41,1694248084,1242984,python,0:48.24,23868,15720,6664,100.0,0.1,1,0,0:48,0,4,10228,0,8315,0,15720,312,2,280,30,0,12.9,0.8,0.0,86.4,0.0,0.0,0.0,0.0,15794.9 MiB,3593.7 MiB,2029.2 MiB,10172.0 MiB,4096.0 MiB,3681.5 MiB,414.5 MiB,13124.2 MiB
1,Python 3.11.3,binarytrees_compatible_all.py 21,42,1694248085,1242984,python,0:49.41,23868,15720,6664,93.8,0.1,1,0,0:49,0,4,10228,0,8319,0,15720,312,2,280,30,0,12.9,0.8,0.0,86.4,0.0,0.0,0.0,0.0,15794.9 MiB,3593.7 MiB,2029.2 MiB,10172.0 MiB,4096.0 MiB,3681.5 MiB,414.5 MiB,13124.2 MiB
1,Python 3.11.3,binarytrees_compatible_all.py 21,43,1694248086,1242984,python,0:50.59,23868,15720,6664,100.0,0.1,1,0,0:50,0,4,10228,0,8319,0,15720,312,2,280,30,0,13.0,0.0,0.0,87.0,0.0,0.0,0.0,0.0,15794.9 MiB,3593.7 MiB,2029.2 MiB,10172.0 MiB,4096.0 MiB,3681.5 MiB,414.5 MiB,13124.2 MiB
1,Python 3.11.3,binarytrees_compatible_all.py 21,44,1694248087,1242984,python,0:51.76,23868,15720,6664,93.8,0.1,1,0,0:51,0,4,10228,0,8319,0,15720,312,2,280,30,0,13.5,1.5,0.0,85.0,0.0,0.0,0.0,0.0,15794.9 MiB,3593.7 MiB,2029.2 MiB,10172.0 MiB,4096.0 MiB,3681.5 MiB,414.5 MiB,13124.2 MiB
1,Python 3.11.3,binarytrees_compatible_all.py 21,45,1694248088,1242984,python,0:52.94,24892,15720,6664,100.0,0.1,1,0,0:52,0,4,11252,0,8321,0,15720,312,2,280,30,0,13.4,0.7,0.0,85.8,0.0,0.0,0.0,0.0,15794.9 MiB,3593.4 MiB,2029.4 MiB,10172.0 MiB,4096.0 MiB,3681.5 MiB,414.5 MiB,13124.0 MiB
1,Python 3.11.3,binarytrees_compatible_all.py 21,46,1694248090,1242984,python,0:54.12,24892,15720,6664,100.0,0.1,1,4,0:54,0,4,11252,0,8326,0,15720,312,2,280,30,0,14.3,0.8,0.0,85.0,0.0,0.0,0.0,0.0,15794.9 MiB,3592.9 MiB,2029.9 MiB,10172.0 MiB,4096.0 MiB,3681.5 MiB,414.5 MiB,13123.5 MiB
1,Python 3.11.3,binarytrees_compatible_all.py 21,47,1694248091,1242984,python,0:55.29,24892,15720,6664,100.0,0.1,1,4,0:55,0,4,11252,0,8331,0,15720,312,2,280,30,0,12.8,1.5,0.0,85.7,0.0,0.0,0.0,0.0,15794.9 MiB,3592.7 MiB,2030.1 MiB,10172.0 MiB,4096.0 MiB,3681.5 MiB,414.5 MiB,13123.3 MiB
1,Python 3.11.3,binarytrees_compatible_all.py 21,48,1694248092,1242984,python,0:56.46,24892,15980,6664,93.8,0.1,1,4,0:56,0,4,11252,0,8337,0,15980,312,2,280,30,0,12.9,0.8,0.0,86.4,0.0,0.0,0.0,0.0,15794.9 MiB,3592.4 MiB,2030.4 MiB,10172.0 MiB,4096.0 MiB,3681.5 MiB,414.5 MiB,13123.0 MiB
1,Python 3.11.3,binarytrees_compatible_all.py 21,49,1694248093,1242984,python,0:57.64,24892,15980,6664,100.0,0.1,1,0,0:57,0,4,11252,0,8342,0,15980,312,2,280,30,0,13.4,1.5,0.0,85.1,0.0,0.0,0.0,0.0,15794.9 MiB,3592.4 MiB,2030.4 MiB,10172.0 MiB,4096.0 MiB,3681.5 MiB,414.5 MiB,13123.0 MiB
1,Python 3.11.3,binarytrees_compatible_all.py 21,50,1694248094,1242984,python,0:58.82,24892,15980,6664,100.0,0.1,1,0,0:58,0,4,11252,0,8347,0,15980,312,2,280,30,0,13.4,1.5,0.0,85.1,0.0,0.0,0.0,0.0,15794.9 MiB,3592.2 MiB,2030.6 MiB,10172.1 MiB,4096.0 MiB,3681.5 MiB,414.5 MiB,13122.8 MiB
1,Python 3.11.3,binarytrees_compatible_all.py 21,51,1694248096,1242984,python,0:59.99,24892,15980,6664,100.0,0.1,1,0,0:59,0,4,11252,0,8353,0,15980,312,2,280,30,0,13.6,0.0,0.0,86.4,0.0,0.0,0.0,0.0,15794.9 MiB,3592.5 MiB,2030.3 MiB,10172.1 MiB,4096.0 MiB,3681.5 MiB,414.5 MiB,13123.1 MiB
1,Python 3.11.3,binarytrees_compatible_all.py 21,52,1694248097,1242984,python,1:01.16,24892,15980,6664,93.8,0.1,1,0,1:01,0,4,11252,0,8358,0,15980,312,2,280,30,0,12.8,1.5,0.0,85.7,0.0,0.0,0.0,0.0,15794.9 MiB,3593.0 MiB,2029.8 MiB,10172.1 MiB,4096.0 MiB,3681.5 MiB,414.5 MiB,13123.6 MiB
1,Python 3.11.3,binarytrees_compatible_all.py 21,53,1694248098,1242984,python,1:02.34,24892,15980,6664,100.0,0.1,1,0,1:02,0,4,11252,0,8364,0,15980,312,2,280,30,0,12.1,1.5,0.0,86.4,0.0,0.0,0.0,0.0,15794.9 MiB,3592.8 MiB,2030.1 MiB,10172.1 MiB,4096.0 MiB,3681.5 MiB,414.5 MiB,13123.3 MiB
1,Python 3.11.3,binarytrees_compatible_all.py 21,54,1694248099,1242984,python,1:03.52,27964,19940,6664,100.0,0.1,1,4,1:03,0,4,14324,0,9327,0,19940,312,2,280,30,0,12.8,0.8,0.0,86.5,0.0,0.0,0.0,0.0,15794.9 MiB,3589.1 MiB,2033.8 MiB,10172.1 MiB,4096.0 MiB,3681.5 MiB,414.5 MiB,13119.6 MiB
1,Python 3.11.3,binarytrees_compatible_all.py 21,55,1694248100,1242984,python,1:04.69,27964,19940,6664,100.0,0.1,1,4,1:04,0,4,14324,0,9327,0,19940,312,2,280,30,0,12.7,1.5,0.0,85.8,0.0,0.0,0.0,0.0,15794.9 MiB,3588.6 MiB,2034.2 MiB,10172.1 MiB,4096.0 MiB,3681.5 MiB,414.5 MiB,13119.2 MiB
1,Python 3.11.3,binarytrees_compatible_all.py 21,56,1694248101,1242984,python,1:05.87,27964,19940,6664,100.0,0.1,1,4,1:05,0,4,14324,0,9327,0,19940,312,2,280,30,0,12.0,2.3,0.0,85.7,0.0,0.0,0.0,0.0,15794.9 MiB,3588.3 MiB,2034.5 MiB,10172.1 MiB,4096.0 MiB,3681.5 MiB,414.5 MiB,13118.9 MiB
1,Python 3.11.3,binarytrees_compatible_all.py 21,57,1694248103,1242984,python,1:07.04,27964,19940,6664,100.0,0.1,1,4,1:07,0,4,14324,0,9327,0,19940,312,2,280,30,0,12.7,1.5,0.0,85.8,0.0,0.0,0.0,0.0,15794.9 MiB,3587.8 MiB,2035.0 MiB,10172.1 MiB,4096.0 MiB,3681.5 MiB,414.5 MiB,13118.4 MiB
1,Python 3.11.3,binarytrees_compatible_all.py 21,58,1694248104,1242984,python,1:08.22,27964,19940,6664,100.0,0.1,1,4,1:08,0,4,14324,0,9327,0,19940,312,2,280,30,0,12.2,0.8,0.0,87.0,0.0,0.0,0.0,0.0,15794.9 MiB,3587.3 MiB,2035.4 MiB,10172.1 MiB,4096.0 MiB,3681.5 MiB,414.5 MiB,13117.9 MiB
1,Python 3.11.3,binarytrees_compatible_all.py 21,59,1694248105,1242984,python,1:09.39,27964,19940,6664,100.0,0.1,1,4,1:09,0,4,14324,0,9327,0,19940,312,2,280,30,0,12.8,1.5,0.0,85.7,0.0,0.0,0.0,0.0,15794.9 MiB,3587.6 MiB,2035.2 MiB,10172.1 MiB,4096.0 MiB,3681.5 MiB,414.5 MiB,13118.2 MiB
1,Python 3.11.3,binarytrees_compatible_all.py 21,60,1694248106,1242984,python,1:10.57,27964,19940,6664,100.0,0.1,1,4,1:10,0,4,14324,0,9327,0,19940,312,2,280,30,0,12.7,1.5,0.0,85.8,0.0,0.0,0.0,0.0,15794.9 MiB,3587.3 MiB,2035.4 MiB,10172.1 MiB,4096.0 MiB,3681.5 MiB,414.5 MiB,13117.9 MiB
1,Python 3.11.3,binarytrees_compatible_all.py 21,61,1694248107,1242984,python,1:11.74,27964,19940,6664,100.0,0.1,1,4,1:11,0,4,14324,0,9327,0,19940,312,2,280,30,0,12.8,1.5,0.0,85.7,0.0,0.0,0.0,0.0,15794.9 MiB,3587.1 MiB,2035.7 MiB,10172.1 MiB,4096.0 MiB,3681.5 MiB,414.5 MiB,13117.7 MiB
1,Python 3.11.3,binarytrees_compatible_all.py 21,62,1694248108,1242984,python,1:12.92,27964,19940,6664,100.0,0.1,1,4,1:12,0,4,14324,0,9327,0,19940,312,2,280,30,0,12.8,1.5,0.0,85.7,0.0,0.0,0.0,0.0,15794.9 MiB,3587.1 MiB,2035.7 MiB,10172.1 MiB,4096.0 MiB,3681.5 MiB,414.5 MiB,13117.7 MiB
1,Python 3.11.3,binarytrees_compatible_all.py 21,63,1694248110,1242984,python,1:14.09,27964,19940,6664,100.0,0.1,1,0,1:14,0,4,14324,0,9327,0,19940,312,2,280,30,0,12.3,0.8,0.0,86.9,0.0,0.0,0.0,0.0,15794.9 MiB,3587.3 MiB,2035.4 MiB,10172.1 MiB,4096.0 MiB,3681.5 MiB,414.5 MiB,13118.0 MiB
1,Python 3.11.3,binarytrees_compatible_all.py 21,64,1694248111,1242984,python,1:15.27,27964,19940,6664,100.0,0.1,1,0,1:15,0,4,14324,0,9327,0,19940,312,2,280,30,0,12.9,0.8,0.0,86.4,0.0,0.0,0.0,0.0,15794.9 MiB,3587.8 MiB,2034.9 MiB,10172.1 MiB,4096.0 MiB,3681.5 MiB,414.5 MiB,13118.5 MiB
1,Python 3.11.3,binarytrees_compatible_all.py 21,65,1694248112,1242984,python,1:16.44,27964,19940,6664,93.8,0.1,1,0,1:16,0,4,14324,0,9327,0,19940,312,2,280,30,0,12.8,0.8,0.0,86.5,0.0,0.0,0.0,0.0,15794.9 MiB,3587.6 MiB,2035.2 MiB,10172.1 MiB,4096.0 MiB,3681.5 MiB,414.5 MiB,13118.2 MiB
1,Python 3.11.3,binarytrees_compatible_all.py 21,66,1694248113,1242984,python,1:17.61,44348,35860,6664,93.8,0.2,1,0,1:17,0,4,30708,0,30k,0,35860,312,2,280,30,0,12.1,0.8,0.0,87.1,0.0,0.0,0.0,0.0,15794.9 MiB,3573.3 MiB,2049.5 MiB,10172.1 MiB,4096.0 MiB,3681.5 MiB,414.5 MiB,13103.9 MiB
1,Python 3.11.3,binarytrees_compatible_all.py 21,67,1694248114,1242984,python,1:18.79,44348,35860,6664,100.0,0.2,1,0,1:18,0,4,30708,0,30k,0,35860,312,2,280,30,0,13.3,1.5,0.0,85.2,0.0,0.0,0.0,0.0,15794.9 MiB,3572.8 MiB,2049.9 MiB,10172.1 MiB,4096.0 MiB,3681.5 MiB,414.5 MiB,13103.4 MiB
1,Python 3.11.3,binarytrees_compatible_all.py 21,68,1694248116,1242984,python,1:19.96,44348,35860,6664,100.0,0.2,1,0,1:19,0,4,30708,0,30k,0,35860,312,2,280,30,0,13.4,0.7,0.0,85.8,0.0,0.0,0.0,0.0,15794.9 MiB,3572.6 MiB,2050.2 MiB,10172.1 MiB,4096.0 MiB,3681.5 MiB,414.5 MiB,13103.2 MiB
1,Python 3.11.3,binarytrees_compatible_all.py 21,69,1694248117,1242984,python,1:21.14,44348,35860,6664,100.0,0.2,1,0,1:21,0,4,30708,0,30k,0,35860,312,2,280,30,0,12.8,1.5,0.0,85.7,0.0,0.0,0.0,0.0,15794.9 MiB,3572.6 MiB,2050.2 MiB,10172.1 MiB,4096.0 MiB,3681.5 MiB,414.5 MiB,13103.2 MiB
1,Python 3.11.3,binarytrees_compatible_all.py 21,70,1694248118,1242984,python,1:22.31,44348,35860,6664,93.8,0.2,1,0,1:22,0,4,30708,0,30k,0,35860,312,2,280,30,0,12.1,1.5,0.0,86.4,0.0,0.0,0.0,0.0,15794.9 MiB,3572.6 MiB,2050.2 MiB,10172.1 MiB,4096.0 MiB,3681.5 MiB,414.5 MiB,13103.2 MiB
1,Python 3.11.3,binarytrees_compatible_all.py 21,71,1694248119,1242984,python,1:23.49,44348,35860,6664,100.0,0.2,1,0,1:23,0,4,30708,0,30k,0,35860,312,2,280,30,0,12.9,0.8,0.0,86.4,0.0,0.0,0.0,0.0,15794.9 MiB,3572.8 MiB,2049.9 MiB,10172.1 MiB,4096.0 MiB,3681.5 MiB,414.5 MiB,13103.5 MiB
1,Python 3.11.3,binarytrees_compatible_all.py 21,72,1694248120,1242984,python,1:24.66,44348,35860,6664,100.0,0.2,1,0,1:24,0,4,30708,0,30k,0,35860,312,2,280,30,0,12.9,0.8,0.0,86.4,0.0,0.0,0.0,0.0,15794.9 MiB,3573.1 MiB,2049.7 MiB,10172.1 MiB,4096.0 MiB,3681.5 MiB,414.5 MiB,13103.7 MiB
1,Python 3.11.3,binarytrees_compatible_all.py 21,73,1694248121,1242984,python,1:25.84,44348,35860,6664,100.0,0.2,1,0,1:25,0,4,30708,0,30k,0,35860,312,2,280,30,0,12.9,0.8,0.0,86.4,0.0,0.0,0.0,0.0,15794.9 MiB,3573.6 MiB,2049.2 MiB,10172.1 MiB,4096.0 MiB,3681.5 MiB,414.5 MiB,13104.2 MiB
1,Python 3.11.3,binarytrees_compatible_all.py 21,74,1694248123,1242984,python,1:27.02,44348,35860,6664,100.0,0.2,1,0,1:27,0,4,30708,0,30k,0,35860,312,2,280,30,0,12.8,1.5,0.0,85.7,0.0,0.0,0.0,0.0,15794.9 MiB,3573.6 MiB,2049.2 MiB,10172.1 MiB,4096.0 MiB,3681.5 MiB,414.5 MiB,13104.2 MiB
1,Python 3.11.3,binarytrees_compatible_all.py 21,75,1694248124,1242984,python,1:28.19,44348,35860,6664,100.0,0.2,1,0,1:28,0,4,30708,0,30k,0,35860,312,2,280,30,0,13.5,0.8,0.0,85.7,0.0,0.0,0.0,0.0,15794.9 MiB,3573.3 MiB,2049.4 MiB,10172.1 MiB,4096.0 MiB,3681.5 MiB,414.5 MiB,13103.9 MiB
1,Python 3.11.3,binarytrees_compatible_all.py 21,76,1694248125,1242984,python,1:29.36,44348,35860,6664,93.8,0.2,1,4,1:29,0,4,30708,0,30k,0,35860,312,2,280,30,0,12.2,0.8,0.0,87.0,0.0,0.0,0.0,0.0,15794.9 MiB,3574.3 MiB,2048.5 MiB,10172.1 MiB,4096.0 MiB,3681.5 MiB,414.5 MiB,13104.9 MiB
1,Python 3.11.3,binarytrees_compatible_all.py 21,77,1694248126,1242984,python,1:30.54,44348,35860,6664,100.0,0.2,1,4,1:30,0,4,30708,0,30k,0,35860,312,2,280,30,0,12.9,0.8,0.0,86.4,0.0,0.0,0.0,0.0,15794.9 MiB,3574.1 MiB,2048.7 MiB,10172.1 MiB,4096.0 MiB,3681.5 MiB,414.5 MiB,13104.7 MiB
1,Python 3.11.3,binarytrees_compatible_all.py 21,78,1694248127,1242984,python,1:31.72,44348,35860,6664,100.0,0.2,1,4,1:31,0,4,30708,0,30k,0,35860,312,2,280,30,0,12.8,0.8,0.0,86.5,0.0,0.0,0.0,0.0,15794.9 MiB,3573.3 MiB,2049.4 MiB,10172.1 MiB,4096.0 MiB,3681.5 MiB,414.5 MiB,13104.0 MiB
1,Python 3.11.3,binarytrees_compatible_all.py 21,79,1694248128,1242984,python,1:32.89,79164,69556,6664,93.8,0.4,1,0,1:32,0,4,65524,0,96k,0,69556,312,2,280,30,0,11.2,3.0,0.0,85.1,0.7,0.0,0.0,0.0,15794.9 MiB,3537.5 MiB,2085.2 MiB,10172.1 MiB,4096.0 MiB,3681.5 MiB,414.5 MiB,13068.2 MiB
1,Python 3.11.3,binarytrees_compatible_all.py 21,80,1694248130,1242984,python,1:34.07,83260,73924,6664,100.0,0.5,1,0,1:34,0,4,69620,0,169k,0,73924,312,2,280,30,0,12.1,1.5,0.0,86.4,0.0,0.0,0.0,0.0,15794.9 MiB,3529.9 MiB,2092.9 MiB,10172.1 MiB,4096.0 MiB,3681.5 MiB,414.5 MiB,13060.5 MiB
1,Python 3.11.3,binarytrees_compatible_all.py 21,81,1694248131,1242984,python,1:35.24,93500,84172,6664,100.0,0.5,1,0,1:35,0,4,79860,0,235k,0,84172,312,2,280,30,0,13.4,1.5,0.0,85.1,0.0,0.0,0.0,0.0,15794.9 MiB,3526.6 MiB,2096.2 MiB,10172.1 MiB,4096.0 MiB,3681.5 MiB,414.5 MiB,13057.2 MiB
1,Python 3.11.3,binarytrees_compatible_all.py 21,82,1694248132,1242984,python,1:36.41,92476,81704,6664,100.0,0.5,1,0,1:36,0,4,78836,0,290k,0,81704,312,2,280,30,0,12.1,1.5,0.0,86.4,0.0,0.0,0.0,0.0,15794.9 MiB,3510.1 MiB,2112.7 MiB,10172.1 MiB,4096.0 MiB,3681.5 MiB,414.5 MiB,13040.7 MiB
1,Python 3.11.3,binarytrees_compatible_all.py 21,83,1694248133,1242984,python,1:37.59,91452,81704,6664,100.0,0.5,1,0,1:37,0,4,77812,0,333k,0,81704,312,2,280,30,0,11.5,1.5,0.0,87.0,0.0,0.0,0.0,0.0,15794.9 MiB,3515.9 MiB,2106.8 MiB,10172.1 MiB,4096.0 MiB,3681.5 MiB,414.5 MiB,13046.6 MiB
1,Python 3.11.3,binarytrees_compatible_all.py 21,84,1694248134,1242984,python,1:38.76,100668,90364,6664,93.8,0.6,1,0,1:38,0,4,87028,0,367k,0,90364,312,2,280,30,0,14.2,0.7,0.0,85.1,0.0,0.0,0.0,0.0,15794.9 MiB,3515.2 MiB,2107.6 MiB,10172.1 MiB,4096.0 MiB,3681.5 MiB,414.5 MiB,13045.8 MiB
1,Python 3.11.3,binarytrees_compatible_all.py 21,85,1694248135,1242984,python,1:39.94,97596,87752,6664,100.0,0.5,1,0,1:39,0,4,83956,0,390k,0,87752,312,2,280,30,0,12.9,0.8,0.0,86.4,0.0,0.0,0.0,0.0,15794.9 MiB,3509.3 MiB,2113.4 MiB,10172.2 MiB,4096.0 MiB,3681.5 MiB,414.5 MiB,13040.0 MiB
1,Python 3.11.3,binarytrees_compatible_all.py 21,86,1694248137,1242984,python,1:41.11,102716,92792,6664,93.8,0.6,1,0,1:41,0,4,89076,0,402k,0,92792,312,2,280,30,0,12.1,1.5,0.0,86.4,0.0,0.0,0.0,0.0,15794.9 MiB,3509.6 MiB,2113.1 MiB,10172.2 MiB,4096.0 MiB,3681.5 MiB,414.5 MiB,13040.3 MiB
1,Python 3.11.3,binarytrees_compatible_all.py 21,87,1694248138,1242984,python,1:42.29,106812,97348,6664,100.0,0.6,1,0,1:42,0,4,93172,0,405k,0,97348,312,2,280,30,0,13.4,1.5,0.0,85.1,0.0,0.0,0.0,0.0,15794.9 MiB,3508.6 MiB,2114.1 MiB,10172.2 MiB,4096.0 MiB,3681.5 MiB,414.5 MiB,13039.3 MiB
1,Python 3.11.3,binarytrees_compatible_all.py 21,88,1694248139,1242984,python,1:43.46,106812,97348,6664,93.8,0.6,1,0,1:43,0,4,93172,0,405k,0,97348,312,2,280,30,0,12.9,0.8,0.0,85.6,0.8,0.0,0.0,0.0,15794.9 MiB,3508.4 MiB,2114.3 MiB,10172.2 MiB,4096.0 MiB,3681.5 MiB,414.5 MiB,13039.0 MiB
1,Python 3.11.3,binarytrees_compatible_all.py 21,89,1694248140,1242984,python,1:44.64,106812,97348,6664,100.0,0.6,1,0,1:44,0,4,93172,0,405k,0,97348,312,2,280,30,0,12.9,0.8,0.0,86.4,0.0,0.0,0.0,0.0,15794.9 MiB,3508.1 MiB,2114.8 MiB,10172.0 MiB,4096.0 MiB,3681.5 MiB,414.5 MiB,13038.8 MiB
1,Python 3.11.3,binarytrees_compatible_all.py 21,90,1694248141,1242984,python,1:45.82,106812,97348,6664,100.0,0.6,1,0,1:45,0,4,93172,0,405k,0,97348,312,2,280,30,0,13.4,1.5,0.0,85.1,0.0,0.0,0.0,0.0,15794.9 MiB,3508.1 MiB,2114.8 MiB,10172.0 MiB,4096.0 MiB,3681.5 MiB,414.5 MiB,13038.8 MiB
1,Python 3.11.3,binarytrees_compatible_all.py 21,91,1694248143,1242984,python,1:46.99,106812,97348,6664,100.0,0.6,1,0,1:46,0,4,93172,0,405k,0,97348,312,2,280,30,0,12.8,1.5,0.0,85.7,0.0,0.0,0.0,0.0,15794.9 MiB,3508.1 MiB,2114.8 MiB,10172.0 MiB,4096.0 MiB,3681.5 MiB,414.5 MiB,13038.8 MiB
1,Python 3.11.3,binarytrees_compatible_all.py 21,92,1694248144,1242984,python,1:48.16,201020,190012,6664,100.0,1.2,1,0,1:48,0,4,187380,0,447k,0,190012,312,2,280,30,0,12.8,0.8,0.0,86.5,0.0,0.0,0.0,0.0,15794.9 MiB,3421.7 MiB,2201.2 MiB,10172.0 MiB,4096.0 MiB,3681.5 MiB,414.5 MiB,12952.4 MiB
1,Python 3.11.3,binarytrees_compatible_all.py 21,93,1694248145,1242984,python,1:49.35,274748,262520,6664,100.0,1.6,1,0,1:49,0,4,261108,0,543k,0,262520,312,2,280,30,0,11.2,3.0,0.0,85.8,0.0,0.0,0.0,0.0,15794.9 MiB,3351.1 MiB,2271.8 MiB,10172.0 MiB,4096.0 MiB,3681.5 MiB,414.5 MiB,12881.8 MiB
1,Python 3.11.3,binarytrees_compatible_all.py 21,94,1694248146,1242984,python,1:50.52,351548,337976,6664,100.0,2.1,1,0,1:50,0,4,337908,0,639k,0,337976,312,2,280,30,0,11.9,3.0,0.0,85.1,0.0,0.0,0.0,0.0,15794.9 MiB,3277.3 MiB,2345.6 MiB,10172.0 MiB,4096.0 MiB,3681.5 MiB,414.5 MiB,12808.0 MiB
1,Python 3.11.3,binarytrees_compatible_all.py 21,95,1694248147,1242984,python,1:51.70,197948,187260,6664,100.0,1.2,1,0,1:51,0,4,184308,0,718k,0,187260,312,2,280,30,0,11.9,2.2,0.0,85.8,0.0,0.0,0.0,0.0,15794.9 MiB,3411.4 MiB,2211.5 MiB,10172.0 MiB,4096.0 MiB,3681.5 MiB,414.5 MiB,12942.1 MiB
1,Python 3.11.3,binarytrees_compatible_all.py 21,96,1694248148,1242984,python,1:52.87,198972,188268,6664,100.0,1.2,1,0,1:52,0,4,185332,0,795k,0,188268,312,2,280,30,0,12.1,1.5,0.0,86.4,0.0,0.0,0.0,0.0,15794.9 MiB,3410.9 MiB,2212.0 MiB,10172.0 MiB,4096.0 MiB,3681.5 MiB,414.5 MiB,12941.6 MiB
1,Python 3.11.3,binarytrees_compatible_all.py 21,97,1694248150,1242984,python,1:54.04,261436,248672,6664,93.8,1.5,1,4,1:54,0,4,247796,0,886k,0,248672,312,3,279,30,0,12.9,1.5,0.0,85.6,0.0,0.0,0.0,0.0,15794.9 MiB,3364.2 MiB,2258.7 MiB,10172.0 MiB,4096.0 MiB,3681.5 MiB,414.5 MiB,12894.8 MiB
1,Python 3.11.3,binarytrees_compatible_all.py 21,98,1694248151,1242984,python,1:55.22,334140,320960,6664,100.0,2.0,1,4,1:55,0,4,320500,0,980k,0,320960,312,2,280,30,0,11.4,2.3,0.0,86.4,0.0,0.0,0.0,0.0,15794.9 MiB,3295.0 MiB,2327.9 MiB,10172.0 MiB,4096.0 MiB,3681.5 MiB,414.5 MiB,12825.7 MiB
1,Python 3.11.3,binarytrees_compatible_all.py 21,99,1694248152,1242984,python,1:56.40,211260,200364,6664,100.0,1.2,1,0,1:56,0,4,197620,0,1.0m,0,200364,312,2,280,30,0,12.1,1.5,0.0,86.4,0.0,0.0,0.0,0.0,15794.9 MiB,3396.8 MiB,2226.1 MiB,10172.0 MiB,4096.0 MiB,3681.5 MiB,414.5 MiB,12927.5 MiB
1,Python 3.11.3,binarytrees_compatible_all.py 21,100,1694248153,1242984,python,1:57.57,199996,189276,6664,100.0,1.2,1,0,1:57,0,4,186356,0,1.1m,0,189276,312,2,280,30,0,12.8,2.3,0.0,85.0,0.0,0.0,0.0,0.0,15794.9 MiB,3419.5 MiB,2203.4 MiB,10172.0 MiB,4096.0 MiB,3681.5 MiB,414.5 MiB,12950.2 MiB
1,Python 3.11.3,binarytrees_compatible_all.py 21,101,1694248154,1242984,python,1:58.74,251196,238856,6664,93.8,1.5,1,0,1:58,0,4,237556,0,1.2m,0,238856,312,3,279,30,0,12.9,0.8,0.0,86.4,0.0,0.0,0.0,0.0,15794.9 MiB,3376.0 MiB,2246.9 MiB,10172.0 MiB,4096.0 MiB,3681.5 MiB,414.5 MiB,12906.7 MiB
1,Python 3.11.3,binarytrees_compatible_all.py 21,102,1694248155,1242984,python,1:59.92,329020,316160,6664,100.0,2.0,1,0,1:59,0,4,315380,0,1.3m,0,316160,312,2,280,30,0,12.8,1.5,0.0,85.7,0.0,0.0,0.0,0.0,15794.9 MiB,3299.9 MiB,2323.0 MiB,10172.0 MiB,4096.0 MiB,3681.5 MiB,414.5 MiB,12830.6 MiB
1,Python 3.11.3,binarytrees_compatible_all.py 21,103,1694248157,1242984,python,2:01.10,217404,206412,6664,100.0,1.3,1,4,2:01,0,4,203764,0,1.4m,0,206412,312,2,280,30,0,12.0,2.3,0.0,85.7,0.0,0.0,0.0,0.0,15794.9 MiB,3389.3 MiB,2233.6 MiB,10172.0 MiB,4096.0 MiB,3681.5 MiB,414.5 MiB,12920.0 MiB
1,Python 3.11.3,binarytrees_compatible_all.py 21,104,1694248158,1242984,python,2:02.27,208188,197340,6664,100.0,1.2,1,0,2:02,0,4,194548,0,1.4m,0,197340,312,2,280,30,0,12.8,1.5,0.0,85.7,0.0,0.0,0.0,0.0,15794.9 MiB,3411.4 MiB,2211.5 MiB,10172.0 MiB,4096.0 MiB,3681.5 MiB,414.5 MiB,12942.1 MiB
1,Python 3.11.3,binarytrees_compatible_all.py 21,105,1694248159,1242984,python,2:03.44,248124,235832,6664,100.0,1.5,1,4,2:03,0,4,234484,0,1.5m,0,235832,312,2,280,30,0,12.8,1.5,0.0,85.7,0.0,0.0,0.0,0.0,15794.9 MiB,3385.6 MiB,2237.3 MiB,10172.0 MiB,4096.0 MiB,3681.5 MiB,414.5 MiB,12916.3 MiB
1,Python 3.11.3,binarytrees_compatible_all.py 21,106,1694248160,1242984,,,,,,,,,,,,,,,,,,311,1,280,30,0,3.8,1.5,0.0,94.7,0.0,0.0,0.0,0.0,15794.9 MiB,3596.5 MiB,2019.5 MiB,10178.8 MiB,4096.0 MiB,3681.5 MiB,414.5 MiB,13127.2 MiB
2,Python 3.11.3,binarytrees_compatible_all.py 21,0,1694248161,1243690,python,0:00.11,35120,26492,6588,68.8,0.2,1,0,0:00,0,4,21480,0,6203,0,26492,312,2,280,30,0,16.7,5.6,0.0,77.8,0.0,0.0,0.0,0.0,15794.9 MiB,3578.8 MiB,2036.9 MiB,10179.2 MiB,4096.0 MiB,3681.5 MiB,414.5 MiB,13109.5 MiB
2,Python 3.11.3,binarytrees_compatible_all.py 21,1,1694248163,1243690,python,0:01.28,35120,26492,6588,93.8,0.2,1,0,0:01,0,4,21480,0,6203,0,26492,312,2,280,30,0,13.6,0.8,0.0,84.8,0.8,0.0,0.0,0.0,15794.9 MiB,3578.3 MiB,2037.4 MiB,10179.2 MiB,4096.0 MiB,3681.5 MiB,414.5 MiB,13109.0 MiB
2,Python 3.11.3,binarytrees_compatible_all.py 21,2,1694248164,1243690,python,0:02.46,35120,26492,6588,100.0,0.2,1,4,0:02,0,4,21480,0,6203,0,26492,312,2,280,30,0,13.6,0.8,0.0,85.6,0.0,0.0,0.0,0.0,15794.9 MiB,3581.7 MiB,2041.0 MiB,10172.2 MiB,4096.0 MiB,3681.5 MiB,414.5 MiB,13112.4 MiB
2,Python 3.11.3,binarytrees_compatible_all.py 21,3,1694248165,1243690,python,0:03.63,35120,26492,6588,93.8,0.2,1,0,0:03,0,4,21480,0,6203,0,26492,312,2,280,30,0,12.8,0.8,0.0,86.5,0.0,0.0,0.0,0.0,15794.9 MiB,3581.7 MiB,2040.9 MiB,10172.2 MiB,4096.0 MiB,3681.5 MiB,414.5 MiB,13112.4 MiB
2,Python 3.11.3,binarytrees_compatible_all.py 21,4,1694248166,1243690,python,0:04.81,35120,26492,6588,100.0,0.2,1,0,0:04,0,4,21480,0,6203,0,26492,312,2,280,30,0,12.1,1.5,0.0,86.4,0.0,0.0,0.0,0.0,15794.9 MiB,3581.5 MiB,2041.2 MiB,10172.2 MiB,4096.0 MiB,3681.5 MiB,414.5 MiB,13112.2 MiB
2,Python 3.11.3,binarytrees_compatible_all.py 21,5,1694248167,1243690,python,0:05.98,35120,26492,6588,93.8,0.2,1,0,0:05,0,4,21480,0,6203,0,26492,312,2,280,30,0,13.4,0.7,0.0,85.8,0.0,0.0,0.0,0.0,15794.9 MiB,3581.0 MiB,2041.7 MiB,10172.2 MiB,4096.0 MiB,3681.5 MiB,414.5 MiB,13111.7 MiB
2,Python 3.11.3,binarytrees_compatible_all.py 21,6,1694248168,1243690,python,0:07.16,35120,26492,6588,100.0,0.2,1,0,0:07,0,4,21480,0,6203,0,26492,312,2,280,30,0,13.0,0.8,0.0,86.3,0.0,0.0,0.0,0.0,15794.9 MiB,3581.0 MiB,2041.7 MiB,10172.2 MiB,4096.0 MiB,3681.5 MiB,414.5 MiB,13111.7 MiB
2,Python 3.11.3,binarytrees_compatible_all.py 21,7,1694248170,1243690,python,0:08.33,35120,26492,6588,93.8,0.2,1,0,0:08,0,4,21480,0,6203,0,26492,312,2,280,30,0,13.5,0.8,0.0,85.7,0.0,0.0,0.0,0.0,15794.9 MiB,3580.5 MiB,2042.1 MiB,10172.2 MiB,4096.0 MiB,3681.5 MiB,414.5 MiB,13111.2 MiB
2,Python 3.11.3,binarytrees_compatible_all.py 21,8,1694248171,1243690,python,0:09.51,35120,26492,6588,100.0,0.2,1,0,0:09,0,4,21480,0,6203,0,26492,312,2,280,30,0,14.2,0.7,0.0,85.1,0.0,0.0,0.0,0.0,15794.9 MiB,3580.5 MiB,2042.1 MiB,10172.2 MiB,4096.0 MiB,3681.5 MiB,414.5 MiB,13111.2 MiB
2,Python 3.11.3,binarytrees_compatible_all.py 21,9,1694248172,1243690,python,0:10.68,35120,26492,6588,100.0,0.2,1,0,0:10,0,4,21480,0,6203,0,26492,312,2,280,30,0,12.8,1.5,0.0,85.7,0.0,0.0,0.0,0.0,15794.9 MiB,3580.2 MiB,2042.4 MiB,10172.2 MiB,4096.0 MiB,3681.5 MiB,414.5 MiB,13111.0 MiB
2,Python 3.11.3,binarytrees_compatible_all.py 21,10,1694248173,1243690,python,0:11.86,35120,26492,6588,100.0,0.2,1,0,0:11,0,4,21480,0,6203,0,26492,312,2,280,30,0,12.9,0.8,0.0,86.4,0.0,0.0,0.0,0.0,15794.9 MiB,3579.8 MiB,2042.9 MiB,10172.2 MiB,4096.0 MiB,3681.5 MiB,414.5 MiB,13110.5 MiB
2,Python 3.11.3,binarytrees_compatible_all.py 21,11,1694248174,1243690,python,0:13.04,22844,14324,6588,100.0,0.1,1,0,0:13,0,4,9204,0,7231,0,14324,312,2,280,30,0,12.9,0.8,0.0,86.4,0.0,0.0,0.0,0.0,15794.9 MiB,3587.4 MiB,2035.3 MiB,10172.2 MiB,4096.0 MiB,3681.5 MiB,414.5 MiB,13118.1 MiB
2,Python 3.11.3,binarytrees_compatible_all.py 21,12,1694248175,1243690,python,0:14.21,22844,14324,6588,100.0,0.1,1,0,0:14,0,4,9204,0,7231,0,14324,312,2,280,30,0,13.5,0.8,0.0,85.7,0.0,0.0,0.0,0.0,15794.9 MiB,3587.6 MiB,2035.0 MiB,10172.2 MiB,4096.0 MiB,3681.5 MiB,414.5 MiB,13118.4 MiB
2,Python 3.11.3,binarytrees_compatible_all.py 21,13,1694248177,1243690,python,0:15.39,22844,14324,6588,100.0,0.1,1,0,0:15,0,4,9204,0,7231,0,14324,312,2,280,30,0,13.5,0.8,0.0,85.7,0.0,0.0,0.0,0.0,15794.9 MiB,3587.6 MiB,2035.0 MiB,10172.2 MiB,4096.0 MiB,3681.5 MiB,414.5 MiB,13118.4 MiB
2,Python 3.11.3,binarytrees_compatible_all.py 21,14,1694248178,1243690,python,0:16.56,22844,14324,6588,93.8,0.1,1,4,0:16,0,4,9204,0,7231,0,14324,312,2,280,30,0,12.8,0.8,0.0,86.5,0.0,0.0,0.0,0.0,15794.9 MiB,3587.6 MiB,2035.0 MiB,10172.2 MiB,4096.0 MiB,3681.5 MiB,414.5 MiB,13118.4 MiB
2,Python 3.11.3,binarytrees_compatible_all.py 21,15,1694248179,1243690,python,0:17.74,22844,14324,6588,100.0,0.1,1,4,0:17,0,4,9204,0,7231,0,14324,312,2,280,30,0,12.1,1.5,0.0,86.4,0.0,0.0,0.0,0.0,15794.9 MiB,3587.4 MiB,2035.3 MiB,10172.2 MiB,4096.0 MiB,3681.5 MiB,414.5 MiB,13118.1 MiB
2,Python 3.11.3,binarytrees_compatible_all.py 21,16,1694248180,1243690,python,0:18.91,22844,14324,6588,100.0,0.1,1,0,0:18,0,4,9204,0,7231,0,14324,312,2,280,30,0,13.4,1.5,0.0,85.1,0.0,0.0,0.0,0.0,15794.9 MiB,3587.9 MiB,2034.8 MiB,10172.2 MiB,4096.0 MiB,3681.5 MiB,414.5 MiB,13118.6 MiB
2,Python 3.11.3,binarytrees_compatible_all.py 21,17,1694248181,1243690,python,0:20.09,22844,14324,6588,100.0,0.1,1,0,0:20,0,4,9204,0,7231,0,14324,312,2,280,30,0,12.9,0.8,0.0,86.4,0.0,0.0,0.0,0.0,15794.9 MiB,3587.6 MiB,2035.0 MiB,10172.2 MiB,4096.0 MiB,3681.5 MiB,414.5 MiB,13118.4 MiB
2,Python 3.11.3,binarytrees_compatible_all.py 21,18,1694248182,1243690,python,0:21.26,22844,14324,6588,93.8,0.1,1,0,0:21,0,4,9204,0,7231,0,14324,312,2,280,30,0,12.8,1.5,0.0,85.7,0.0,0.0,0.0,0.0,15794.9 MiB,3587.6 MiB,2035.0 MiB,10172.2 MiB,4096.0 MiB,3681.5 MiB,414.5 MiB,13118.4 MiB
2,Python 3.11.3,binarytrees_compatible_all.py 21,19,1694248184,1243690,python,0:22.44,22844,14324,6588,100.0,0.1,1,0,0:22,0,4,9204,0,7231,0,14324,312,2,280,30,0,13.4,1.5,0.0,85.1,0.0,0.0,0.0,0.0,15794.9 MiB,3587.6 MiB,2035.0 MiB,10172.2 MiB,4096.0 MiB,3681.5 MiB,414.5 MiB,13118.4 MiB
2,Python 3.11.3,binarytrees_compatible_all.py 21,20,1694248185,1243690,python,0:23.61,22844,14324,6588,100.0,0.1,1,4,0:23,0,4,9204,0,7231,0,14324,312,2,280,30,0,13.5,0.8,0.0,85.7,0.0,0.0,0.0,0.0,15794.9 MiB,3587.1 MiB,2035.5 MiB,10172.2 MiB,4096.0 MiB,3681.5 MiB,414.5 MiB,13117.9 MiB
2,Python 3.11.3,binarytrees_compatible_all.py 21,21,1694248186,1243690,python,0:24.79,22844,14324,6588,100.0,0.1,1,4,0:24,0,4,9204,0,7231,0,14324,312,2,280,30,0,12.9,0.8,0.0,86.4,0.0,0.0,0.0,0.0,15794.9 MiB,3586.9 MiB,2035.7 MiB,10172.2 MiB,4096.0 MiB,3681.5 MiB,414.5 MiB,13117.7 MiB
2,Python 3.11.3,binarytrees_compatible_all.py 21,22,1694248187,1243690,python,0:25.96,22844,14588,6588,93.8,0.1,1,4,0:25,0,4,9204,0,7284,0,14588,312,2,280,30,0,12.8,0.8,0.0,86.5,0.0,0.0,0.0,0.0,15794.9 MiB,3586.9 MiB,2035.7 MiB,10172.2 MiB,4096.0 MiB,3681.5 MiB,414.5 MiB,13117.7 MiB
2,Python 3.11.3,binarytrees_compatible_all.py 21,23,1694248188,1243690,python,0:27.14,23868,14852,6588,100.0,0.1,1,4,0:27,0,4,10228,0,7370,0,14852,312,2,280,30,0,12.8,1.5,0.0,85.7,0.0,0.0,0.0,0.0,15794.9 MiB,3587.1 MiB,2035.5 MiB,10172.2 MiB,4096.0 MiB,3681.5 MiB,414.5 MiB,13117.9 MiB
2,Python 3.11.3,binarytrees_compatible_all.py 21,24,1694248190,1243690,python,0:28.31,23868,15380,6588,100.0,0.1,1,4,0:28,0,4,10228,0,7457,0,15380,312,2,280,30,0,13.5,1.5,0.0,85.0,0.0,0.0,0.0,0.0,15794.9 MiB,3587.4 MiB,2035.2 MiB,10172.2 MiB,4096.0 MiB,3681.5 MiB,414.5 MiB,13118.2 MiB
2,Python 3.11.3,binarytrees_compatible_all.py 21,25,1694248191,1243690,python,0:29.49,23868,15644,6588,100.0,0.1,1,0,0:29,0,4,10228,0,7544,0,15644,312,2,280,30,0,12.9,0.8,0.0,86.4,0.0,0.0,0.0,0.0,15794.9 MiB,3587.4 MiB,2035.2 MiB,10172.2 MiB,4096.0 MiB,3681.5 MiB,414.5 MiB,13118.2 MiB
2,Python 3.11.3,binarytrees_compatible_all.py 21,26,1694248192,1243690,python,0:30.66,24892,15908,6588,93.8,0.1,1,0,0:30,0,4,11252,0,7630,0,15908,312,2,280,30,0,12.8,1.5,0.0,85.7,0.0,0.0,0.0,0.0,15794.9 MiB,3586.6 MiB,2036.0 MiB,10172.2 MiB,4096.0 MiB,3681.5 MiB,414.5 MiB,13117.4 MiB
2,Python 3.11.3,binarytrees_compatible_all.py 21,27,1694248193,1243690,python,0:31.84,24892,16172,6588,100.0,0.1,1,0,0:31,0,4,11252,0,7718,0,16172,312,2,280,30,0,12.7,1.5,0.0,85.8,0.0,0.0,0.0,0.0,15794.9 MiB,3586.6 MiB,2036.0 MiB,10172.2 MiB,4096.0 MiB,3681.5 MiB,414.5 MiB,13117.4 MiB
2,Python 3.11.3,binarytrees_compatible_all.py 21,28,1694248194,1243690,python,0:33.01,24892,16700,6588,100.0,0.1,1,0,0:33,0,4,11252,0,7805,0,16700,312,2,280,30,0,12.8,1.5,0.0,85.7,0.0,0.0,0.0,0.0,15794.9 MiB,3586.9 MiB,2035.7 MiB,10172.2 MiB,4096.0 MiB,3681.5 MiB,414.5 MiB,13117.7 MiB
2,Python 3.11.3,binarytrees_compatible_all.py 21,29,1694248195,1243690,python,0:34.19,25916,16964,6588,100.0,0.1,1,0,0:34,0,4,12276,0,7892,0,16964,312,2,280,30,0,12.9,0.8,0.0,86.4,0.0,0.0,0.0,0.0,15794.9 MiB,3586.9 MiB,2035.7 MiB,10172.3 MiB,4096.0 MiB,3681.5 MiB,414.5 MiB,13117.7 MiB
2,Python 3.11.3,binarytrees_compatible_all.py 21,30,1694248197,1243690,python,0:35.36,25916,17228,6588,93.8,0.1,1,0,0:35,0,4,12276,0,7979,0,17228,312,2,280,30,0,12.2,0.8,0.0,87.0,0.0,0.0,0.0,0.0,15794.9 MiB,3586.2 MiB,2036.5 MiB,10172.3 MiB,4096.0 MiB,3681.5 MiB,414.5 MiB,13116.9 MiB
2,Python 3.11.3,binarytrees_compatible_all.py 21,31,1694248198,1243690,python,0:36.54,25916,17756,6588,100.0,0.1,1,4,0:36,0,4,12276,0,8065,0,17756,312,2,280,30,0,12.8,1.5,0.0,85.7,0.0,0.0,0.0,0.0,15794.9 MiB,3585.9 MiB,2036.7 MiB,10172.3 MiB,4096.0 MiB,3681.5 MiB,414.5 MiB,13116.7 MiB
2,Python 3.11.3,binarytrees_compatible_all.py 21,32,1694248199,1243690,python,0:37.71,26940,18020,6588,100.0,0.1,1,4,0:37,0,4,13300,0,8152,0,18020,312,2,280,30,0,12.9,0.8,0.0,86.4,0.0,0.0,0.0,0.0,15794.9 MiB,3585.7 MiB,2036.9 MiB,10172.3 MiB,4096.0 MiB,3681.5 MiB,414.5 MiB,13116.5 MiB
2,Python 3.11.3,binarytrees_compatible_all.py 21,33,1694248200,1243690,python,0:38.89,26940,18284,6588,100.0,0.1,1,4,0:38,0,4,13300,0,8239,0,18284,312,2,280,30,0,12.8,1.5,0.0,85.7,0.0,0.0,0.0,0.0,15794.9 MiB,3585.7 MiB,2036.9 MiB,10172.3 MiB,4096.0 MiB,3681.5 MiB,414.5 MiB,13116.5 MiB
2,Python 3.11.3,binarytrees_compatible_all.py 21,34,1694248201,1243690,python,0:40.06,23868,15596,6588,100.0,0.1,1,4,0:40,0,4,10228,0,8281,0,15596,312,2,280,30,0,15.3,1.5,0.0,83.2,0.0,0.0,0.0,0.0,15794.9 MiB,3584.9 MiB,2037.7 MiB,10172.3 MiB,4096.0 MiB,3681.5 MiB,414.5 MiB,13115.7 MiB
2,Python 3.11.3,binarytrees_compatible_all.py 21,35,1694248202,1243690,python,0:41.24,23868,15596,6588,100.0,0.1,1,0,0:41,0,4,10228,0,8281,0,15596,312,2,280,30,0,12.1,1.5,0.0,86.4,0.0,0.0,0.0,0.0,15794.9 MiB,3584.9 MiB,2037.7 MiB,10172.3 MiB,4096.0 MiB,3681.5 MiB,414.5 MiB,13115.7 MiB
2,Python 3.11.3,binarytrees_compatible_all.py 21,36,1694248204,1243690,python,0:42.41,23868,15596,6588,100.0,0.1,1,0,0:42,0,4,10228,0,8281,0,15596,312,2,280,30,0,13.4,0.7,0.0,85.8,0.0,0.0,0.0,0.0,15794.9 MiB,3585.7 MiB,2036.9 MiB,10172.3 MiB,4096.0 MiB,3681.5 MiB,414.5 MiB,13116.5 MiB
2,Python 3.11.3,binarytrees_compatible_all.py 21,37,1694248205,1243690,python,0:43.59,23868,15596,6588,100.0,0.1,1,0,0:43,0,4,10228,0,8281,0,15596,312,2,280,30,0,13.5,1.5,0.0,85.0,0.0,0.0,0.0,0.0,15794.9 MiB,3585.4 MiB,2037.2 MiB,10172.3 MiB,4096.0 MiB,3681.5 MiB,414.5 MiB,13116.2 MiB
2,Python 3.11.3,binarytrees_compatible_all.py 21,38,1694248206,1243690,python,0:44.76,23868,15596,6588,100.0,0.1,1,0,0:44,0,4,10228,0,8281,0,15596,312,2,280,30,0,12.8,0.8,0.0,86.5,0.0,0.0,0.0,0.0,15794.9 MiB,3585.7 MiB,2036.9 MiB,10172.3 MiB,4096.0 MiB,3681.5 MiB,414.5 MiB,13116.5 MiB
2,Python 3.11.3,binarytrees_compatible_all.py 21,39,1694248207,1243690,python,0:45.94,23868,15596,6588,100.0,0.1,1,0,0:45,0,4,10228,0,8281,0,15596,312,2,280,30,0,12.9,0.8,0.0,86.4,0.0,0.0,0.0,0.0,15794.9 MiB,3584.9 MiB,2037.7 MiB,10172.3 MiB,4096.0 MiB,3681.5 MiB,414.5 MiB,13115.7 MiB
2,Python 3.11.3,binarytrees_compatible_all.py 21,40,1694248208,1243690,python,0:47.11,23868,15596,6588,93.8,0.1,1,0,0:47,0,4,10228,0,8281,0,15596,312,2,280,30,0,12.9,0.8,0.0,86.4,0.0,0.0,0.0,0.0,15794.9 MiB,3584.7 MiB,2037.9 MiB,10172.3 MiB,4096.0 MiB,3681.5 MiB,414.5 MiB,13115.5 MiB
2,Python 3.11.3,binarytrees_compatible_all.py 21,41,1694248210,1243690,python,0:48.29,23868,15596,6588,100.0,0.1,1,0,0:48,0,4,10228,0,8281,0,15596,312,2,280,30,0,13.4,1.5,0.0,85.1,0.0,0.0,0.0,0.0,15794.9 MiB,3584.4 MiB,2038.1 MiB,10172.3 MiB,4096.0 MiB,3681.5 MiB,414.5 MiB,13115.3 MiB
2,Python 3.11.3,binarytrees_compatible_all.py 21,42,1694248211,1243690,python,0:49.46,23868,15596,6588,100.0,0.1,1,0,0:49,0,4,10228,0,8281,0,15596,312,2,280,30,0,12.8,1.5,0.0,85.7,0.0,0.0,0.0,0.0,15794.9 MiB,3585.7 MiB,2036.9 MiB,10172.3 MiB,4096.0 MiB,3681.5 MiB,414.5 MiB,13116.5 MiB
2,Python 3.11.3,binarytrees_compatible_all.py 21,43,1694248212,1243690,python,0:50.64,23868,15596,6588,100.0,0.1,1,0,0:50,0,4,10228,0,8284,0,15596,312,2,280,30,0,12.9,1.5,0.0,85.6,0.0,0.0,0.0,0.0,15794.9 MiB,3585.9 MiB,2036.7 MiB,10172.3 MiB,4096.0 MiB,3681.5 MiB,414.5 MiB,13116.7 MiB
2,Python 3.11.3,binarytrees_compatible_all.py 21,44,1694248213,1243690,python,0:51.81,23868,15596,6588,100.0,0.1,1,0,0:51,0,4,10228,0,8305,0,15596,312,2,280,30,0,12.9,0.8,0.0,86.4,0.0,0.0,0.0,0.0,15794.9 MiB,3585.7 MiB,2036.9 MiB,10172.3 MiB,4096.0 MiB,3681.5 MiB,414.5 MiB,13116.5 MiB
2,Python 3.11.3,binarytrees_compatible_all.py 21,45,1694248214,1243690,python,0:52.99,23868,15596,6588,100.0,0.1,1,4,0:52,0,4,10228,0,8327,0,15596,312,2,280,30,0,12.8,1.5,0.0,85.7,0.0,0.0,0.0,0.0,15794.9 MiB,3585.7 MiB,2036.9 MiB,10172.3 MiB,4096.0 MiB,3681.5 MiB,414.5 MiB,13116.5 MiB
2,Python 3.11.3,binarytrees_compatible_all.py 21,46,1694248215,1243690,python,0:54.16,23868,15856,6588,100.0,0.1,1,4,0:54,0,4,10228,0,8345,0,15856,312,2,280,30,0,13.3,2.2,0.0,84.4,0.0,0.0,0.0,0.0,15794.9 MiB,3589.3 MiB,2033.3 MiB,10172.3 MiB,4096.0 MiB,3681.5 MiB,414.5 MiB,13120.1 MiB
2,Python 3.11.3,binarytrees_compatible_all.py 21,47,1694248217,1243690,python,0:55.34,23868,15856,6588,100.0,0.1,1,4,0:55,0,4,10228,0,8345,0,15856,312,2,280,30,0,12.9,0.8,0.0,86.4,0.0,0.0,0.0,0.0,15794.9 MiB,3589.0 MiB,2033.6 MiB,10172.3 MiB,4096.0 MiB,3681.5 MiB,414.5 MiB,13119.8 MiB
2,Python 3.11.3,binarytrees_compatible_all.py 21,48,1694248218,1243690,python,0:56.52,23868,15856,6588,100.0,0.1,1,0,0:56,0,4,10228,0,8345,0,15856,312,2,280,30,0,13.5,0.8,0.0,85.7,0.0,0.0,0.0,0.0,15794.9 MiB,3589.0 MiB,2033.6 MiB,10172.3 MiB,4096.0 MiB,3681.5 MiB,414.5 MiB,13119.8 MiB
2,Python 3.11.3,binarytrees_compatible_all.py 21,49,1694248219,1243690,python,0:57.69,23868,15856,6588,100.0,0.1,1,0,0:57,0,4,10228,0,8345,0,15856,312,2,280,30,0,12.8,1.5,0.0,85.7,0.0,0.0,0.0,0.0,15794.9 MiB,3589.3 MiB,2033.3 MiB,10172.3 MiB,4096.0 MiB,3681.5 MiB,414.5 MiB,13120.1 MiB
2,Python 3.11.3,binarytrees_compatible_all.py 21,50,1694248220,1243690,python,0:58.87,23868,15856,6588,100.0,0.1,1,0,0:58,0,4,10228,0,8345,0,15856,312,2,280,30,0,13.4,0.7,0.0,85.8,0.0,0.0,0.0,0.0,15794.9 MiB,3589.5 MiB,2033.1 MiB,10172.3 MiB,4096.0 MiB,3681.5 MiB,414.5 MiB,13120.3 MiB
2,Python 3.11.3,binarytrees_compatible_all.py 21,51,1694248221,1243690,python,1:00.04,24892,15856,6588,100.0,0.1,1,0,1:00,0,4,11252,0,8348,0,15856,312,2,280,30,0,12.2,0.8,0.0,87.0,0.0,0.0,0.0,0.0,15794.9 MiB,3589.3 MiB,2033.3 MiB,10172.3 MiB,4096.0 MiB,3681.5 MiB,414.5 MiB,13120.1 MiB
2,Python 3.11.3,binarytrees_compatible_all.py 21,52,1694248222,1243690,python,1:01.22,24892,15856,6588,100.0,0.1,1,0,1:01,0,4,11252,0,8353,0,15856,312,2,280,30,0,12.8,0.8,0.0,86.5,0.0,0.0,0.0,0.0,15794.9 MiB,3589.3 MiB,2033.3 MiB,10172.3 MiB,4096.0 MiB,3681.5 MiB,414.5 MiB,13120.1 MiB
2,Python 3.11.3,binarytrees_compatible_all.py 21,53,1694248224,1243690,python,1:02.39,24892,15856,6588,93.8,0.1,1,0,1:02,0,4,11252,0,8359,0,15856,312,2,280,30,0,12.9,0.8,0.0,86.4,0.0,0.0,0.0,0.0,15794.9 MiB,3589.5 MiB,2033.1 MiB,10172.3 MiB,4096.0 MiB,3681.5 MiB,414.5 MiB,13120.3 MiB
2,Python 3.11.3,binarytrees_compatible_all.py 21,54,1694248225,1243690,python,1:03.57,24892,15856,6588,100.0,0.1,1,0,1:03,0,4,11252,0,8364,0,15856,312,2,280,30,0,12.8,0.8,0.0,86.5,0.0,0.0,0.0,0.0,15794.9 MiB,3589.3 MiB,2033.3 MiB,10172.3 MiB,4096.0 MiB,3681.5 MiB,414.5 MiB,13120.1 MiB
2,Python 3.11.3,binarytrees_compatible_all.py 21,55,1694248226,1243690,python,1:04.74,24892,15856,6588,100.0,0.1,1,0,1:04,0,4,11252,0,8369,0,15856,312,2,280,30,0,12.8,1.5,0.0,85.7,0.0,0.0,0.0,0.0,15794.9 MiB,3589.0 MiB,2033.5 MiB,10172.3 MiB,4096.0 MiB,3681.5 MiB,414.5 MiB,13119.9 MiB
2,Python 3.11.3,binarytrees_compatible_all.py 21,56,1694248227,1243690,python,1:05.92,24892,15856,6588,100.0,0.1,1,0,1:05,0,4,11252,0,8375,0,15856,312,2,280,30,0,13.0,0.8,0.0,86.3,0.0,0.0,0.0,0.0,15794.9 MiB,3589.3 MiB,2033.3 MiB,10172.3 MiB,4096.0 MiB,3681.5 MiB,414.5 MiB,13120.1 MiB
2,Python 3.11.3,binarytrees_compatible_all.py 21,57,1694248228,1243690,python,1:07.09,24892,15856,6588,100.0,0.1,1,0,1:07,0,4,11252,0,8380,0,15856,311,2,279,30,0,12.8,1.5,0.0,85.7,0.0,0.0,0.0,0.0,15794.9 MiB,3589.5 MiB,2033.0 MiB,10172.3 MiB,4096.0 MiB,3681.5 MiB,414.5 MiB,13120.4 MiB
2,Python 3.11.3,binarytrees_compatible_all.py 21,58,1694248229,1243690,python,1:08.27,27964,19816,6588,100.0,0.1,1,0,1:08,0,4,14324,0,9369,0,19816,311,2,279,30,0,12.9,0.8,0.0,86.4,0.0,0.0,0.0,0.0,15794.9 MiB,3588.8 MiB,2033.8 MiB,10172.3 MiB,4096.0 MiB,3681.5 MiB,414.5 MiB,13119.6 MiB
2,Python 3.11.3,binarytrees_compatible_all.py 21,59,1694248231,1243690,python,1:09.44,27964,19816,6588,100.0,0.1,1,0,1:09,0,4,14324,0,9369,0,19816,311,2,279,30,0,12.9,0.8,0.0,86.4,0.0,0.0,0.0,0.0,15794.9 MiB,3588.8 MiB,2033.8 MiB,10172.3 MiB,4096.0 MiB,3681.5 MiB,414.5 MiB,13119.6 MiB
2,Python 3.11.3,binarytrees_compatible_all.py 21,60,1694248232,1243690,python,1:10.62,27964,19816,6588,100.0,0.1,1,0,1:10,0,4,14324,0,9369,0,19816,311,2,279,30,0,12.8,1.5,0.0,85.7,0.0,0.0,0.0,0.0,15794.9 MiB,3588.8 MiB,2033.8 MiB,10172.3 MiB,4096.0 MiB,3681.5 MiB,414.5 MiB,13119.6 MiB
2,Python 3.11.3,binarytrees_compatible_all.py 21,61,1694248233,1243690,python,1:11.79,27964,19816,6588,93.8,0.1,1,0,1:11,0,4,14324,0,9369,0,19816,311,2,279,30,0,12.1,0.8,0.0,87.1,0.0,0.0,0.0,0.0,15794.9 MiB,3587.8 MiB,2034.7 MiB,10172.3 MiB,4096.0 MiB,3681.5 MiB,414.5 MiB,13118.7 MiB
2,Python 3.11.3,binarytrees_compatible_all.py 21,62,1694248234,1243690,python,1:12.97,27964,19816,6588,100.0,0.1,1,0,1:12,0,4,14324,0,9369,0,19816,311,2,279,30,0,14.3,2.3,0.0,82.0,1.5,0.0,0.0,0.0,15794.9 MiB,3587.9 MiB,2033.1 MiB,10173.9 MiB,4096.0 MiB,3681.5 MiB,414.5 MiB,13120.3 MiB
2,Python 3.11.3,binarytrees_compatible_all.py 21,63,1694248235,1243690,python,1:14.15,27964,19816,6588,100.0,0.1,1,0,1:14,0,4,14324,0,9369,0,19816,311,2,279,30,0,12.8,1.5,0.0,85.7,0.0,0.0,0.0,0.0,15794.9 MiB,3589.0 MiB,2031.8 MiB,10174.1 MiB,4096.0 MiB,3681.5 MiB,414.5 MiB,13121.6 MiB
2,Python 3.11.3,binarytrees_compatible_all.py 21,64,1694248237,1243690,python,1:15.32,27964,19816,6588,100.0,0.1,1,0,1:15,0,4,14324,0,9369,0,19816,311,2,279,30,0,13.6,0.0,0.0,86.4,0.0,0.0,0.0,0.0,15794.9 MiB,3588.5 MiB,2032.3 MiB,10174.1 MiB,4096.0 MiB,3681.5 MiB,414.5 MiB,13121.1 MiB
2,Python 3.11.3,binarytrees_compatible_all.py 21,65,1694248238,1243690,python,1:16.50,27964,19816,6588,100.0,0.1,1,4,1:16,0,4,14324,0,9369,0,19816,311,2,279,30,0,13.5,0.8,0.0,85.7,0.0,0.0,0.0,0.0,15794.9 MiB,3587.3 MiB,2033.5 MiB,10174.1 MiB,4096.0 MiB,3681.5 MiB,414.5 MiB,13119.9 MiB
2,Python 3.11.3,binarytrees_compatible_all.py 21,66,1694248239,1243690,python,1:17.67,27964,19816,6588,100.0,0.1,1,0,1:17,0,4,14324,0,9369,0,19816,311,2,279,30,0,13.5,0.8,0.0,85.7,0.0,0.0,0.0,0.0,15794.9 MiB,3586.8 MiB,2034.0 MiB,10174.1 MiB,4096.0 MiB,3681.5 MiB,414.5 MiB,13119.4 MiB
2,Python 3.11.3,binarytrees_compatible_all.py 21,67,1694248240,1243690,python,1:18.85,27964,19816,6588,100.0,0.1,1,0,1:18,0,4,14324,0,9369,0,19816,311,2,279,30,0,13.4,0.7,0.0,85.8,0.0,0.0,0.0,0.0,15794.9 MiB,3588.3 MiB,2032.5 MiB,10174.1 MiB,4096.0 MiB,3681.5 MiB,414.5 MiB,13120.9 MiB
2,Python 3.11.3,binarytrees_compatible_all.py 21,68,1694248241,1243690,python,1:20.03,27964,19816,6588,100.0,0.1,1,0,1:20,0,4,14324,0,9369,0,19816,311,2,279,30,0,12.9,0.8,0.0,86.4,0.0,0.0,0.0,0.0,15794.9 MiB,3588.8 MiB,2032.0 MiB,10174.1 MiB,4096.0 MiB,3681.5 MiB,414.5 MiB,13121.4 MiB
2,Python 3.11.3,binarytrees_compatible_all.py 21,69,1694248242,1243690,python,1:21.20,27964,19816,6588,100.0,0.1,1,0,1:21,0,4,14324,0,9369,0,19816,311,2,279,30,0,12.9,0.8,0.0,86.4,0.0,0.0,0.0,0.0,15794.9 MiB,3588.5 MiB,2032.3 MiB,10174.1 MiB,4096.0 MiB,3681.5 MiB,414.5 MiB,13121.1 MiB
2,Python 3.11.3,binarytrees_compatible_all.py 21,70,1694248244,1243690,python,1:22.38,43324,35128,6588,100.0,0.2,1,0,1:22,0,4,29684,0,26k,0,35128,311,2,279,30,0,12.1,2.1,0.0,85.7,0.0,0.0,0.0,0.0,15794.9 MiB,3574.3 MiB,2046.5 MiB,10174.1 MiB,4096.0 MiB,3681.5 MiB,414.5 MiB,13106.9 MiB
2,Python 3.11.3,binarytrees_compatible_all.py 21,71,1694248245,1243690,python,1:23.56,43324,35096,6588,100.0,0.2,1,0,1:23,0,4,29684,0,26k,0,35096,311,2,279,30,0,13.5,0.8,0.0,85.7,0.0,0.0,0.0,0.0,15794.9 MiB,3574.0 MiB,2046.8 MiB,10174.1 MiB,4096.0 MiB,3681.5 MiB,414.5 MiB,13106.6 MiB
2,Python 3.11.3,binarytrees_compatible_all.py 21,72,1694248246,1243690,python,1:24.74,43324,35096,6588,100.0,0.2,1,0,1:24,0,4,29684,0,26k,0,35096,311,2,279,30,0,14.3,0.0,0.0,85.7,0.0,0.0,0.0,0.0,15794.9 MiB,3574.0 MiB,2046.8 MiB,10174.1 MiB,4096.0 MiB,3681.5 MiB,414.5 MiB,13106.6 MiB
2,Python 3.11.3,binarytrees_compatible_all.py 21,73,1694248247,1243690,python,1:25.91,43324,35096,6588,93.8,0.2,1,0,1:25,0,4,29684,0,26k,0,35096,311,2,279,30,0,12.9,0.8,0.0,86.4,0.0,0.0,0.0,0.0,15794.9 MiB,3574.0 MiB,2046.8 MiB,10174.1 MiB,4096.0 MiB,3681.5 MiB,414.5 MiB,13106.6 MiB
2,Python 3.11.3,binarytrees_compatible_all.py 21,74,1694248248,1243690,python,1:27.09,43324,35096,6588,100.0,0.2,1,0,1:27,0,4,29684,0,26k,0,35096,311,2,279,30,0,12.7,2.2,0.0,85.1,0.0,0.0,0.0,0.0,15794.9 MiB,3574.0 MiB,2046.8 MiB,10174.1 MiB,4096.0 MiB,3681.5 MiB,414.5 MiB,13106.6 MiB
2,Python 3.11.3,binarytrees_compatible_all.py 21,75,1694248249,1243690,python,1:28.26,43324,35096,6588,100.0,0.2,1,0,1:28,0,4,29684,0,26k,0,35096,311,2,279,30,0,12.2,0.8,0.0,87.0,0.0,0.0,0.0,0.0,15794.9 MiB,3574.0 MiB,2046.8 MiB,10174.1 MiB,4096.0 MiB,3681.5 MiB,414.5 MiB,13106.6 MiB
2,Python 3.11.3,binarytrees_compatible_all.py 21,76,1694248251,1243690,python,1:29.44,43324,35096,6588,100.0,0.2,1,0,1:29,0,4,29684,0,26k,0,35096,311,2,279,30,0,12.2,0.8,0.0,87.0,0.0,0.0,0.0,0.0,15794.9 MiB,3573.8 MiB,2047.0 MiB,10174.1 MiB,4096.0 MiB,3681.5 MiB,414.5 MiB,13106.4 MiB
2,Python 3.11.3,binarytrees_compatible_all.py 21,77,1694248252,1243690,python,1:30.62,43324,35096,6588,100.0,0.2,1,0,1:30,0,4,29684,0,26k,0,35096,311,2,279,30,0,12.8,1.5,0.0,85.7,0.0,0.0,0.0,0.0,15794.9 MiB,3573.8 MiB,2047.0 MiB,10174.1 MiB,4096.0 MiB,3681.5 MiB,414.5 MiB,13106.4 MiB
2,Python 3.11.3,binarytrees_compatible_all.py 21,78,1694248253,1243690,python,1:31.79,43324,35096,6588,100.0,0.2,1,0,1:31,0,4,29684,0,26k,0,35096,311,2,279,30,0,12.9,0.8,0.0,86.4,0.0,0.0,0.0,0.0,15794.9 MiB,3573.5 MiB,2047.3 MiB,10174.1 MiB,4096.0 MiB,3681.5 MiB,414.5 MiB,13106.1 MiB
2,Python 3.11.3,binarytrees_compatible_all.py 21,79,1694248254,1243690,python,1:32.96,43324,35096,6588,100.0,0.2,1,0,1:32,0,4,29684,0,26k,0,35096,311,2,279,30,0,12.8,1.5,0.0,85.7,0.0,0.0,0.0,0.0,15794.9 MiB,3573.5 MiB,2047.2 MiB,10174.1 MiB,4096.0 MiB,3681.5 MiB,414.5 MiB,13106.1 MiB
2,Python 3.11.3,binarytrees_compatible_all.py 21,80,1694248255,1243690,python,1:34.14,43324,35096,6588,100.0,0.2,1,0,1:34,0,4,29684,0,26k,0,35096,311,2,279,30,0,12.7,0.7,0.0,85.8,0.0,0.0,0.7,0.0,15794.9 MiB,3573.5 MiB,2047.2 MiB,10174.1 MiB,4096.0 MiB,3681.5 MiB,414.5 MiB,13106.1 MiB
2,Python 3.11.3,binarytrees_compatible_all.py 21,81,1694248257,1243690,python,1:35.31,43324,35096,6588,93.8,0.2,1,0,1:35,0,4,29684,0,26k,0,35096,311,2,279,30,0,13.4,1.5,0.0,85.1,0.0,0.0,0.0,0.0,15794.9 MiB,3572.8 MiB,2048.0 MiB,10174.1 MiB,4096.0 MiB,3681.5 MiB,414.5 MiB,13105.4 MiB
2,Python 3.11.3,binarytrees_compatible_all.py 21,82,1694248258,1243690,python,1:36.49,43324,35096,6588,100.0,0.2,1,0,1:36,0,4,29684,0,26k,0,35096,311,3,278,30,0,12.1,1.5,0.0,86.4,0.0,0.0,0.0,0.0,15794.9 MiB,3572.5 MiB,2048.2 MiB,10174.1 MiB,4096.0 MiB,3681.5 MiB,414.5 MiB,13105.2 MiB
2,Python 3.11.3,binarytrees_compatible_all.py 21,83,1694248259,1243690,python,1:37.67,73020,63984,6588,100.0,0.4,1,0,1:37,0,4,59380,0,72k,0,63984,311,2,279,30,0,12.0,2.3,0.0,85.7,0.0,0.0,0.0,0.0,15794.9 MiB,3522.9 MiB,2097.9 MiB,10174.1 MiB,4096.0 MiB,3681.5 MiB,414.5 MiB,13055.5 MiB
2,Python 3.11.3,binarytrees_compatible_all.py 21,84,1694248260,1243690,python,1:38.84,75068,67056,6588,100.0,0.4,1,0,1:38,0,4,61428,0,147k,0,67056,311,2,279,30,0,12.0,2.3,0.0,85.7,0.0,0.0,0.0,0.0,15794.9 MiB,3524.4 MiB,2096.5 MiB,10174.0 MiB,4096.0 MiB,3681.5 MiB,414.5 MiB,13057.1 MiB
2,Python 3.11.3,binarytrees_compatible_all.py 21,85,1694248261,1243690,python,1:40.01,76092,68080,6588,100.0,0.4,1,0,1:40,0,4,62452,0,211k,0,68080,311,2,279,30,0,12.1,1.5,0.0,86.4,0.0,0.0,0.0,0.0,15794.9 MiB,3532.3 MiB,2088.6 MiB,10174.0 MiB,4096.0 MiB,3681.5 MiB,414.5 MiB,13064.9 MiB
2,Python 3.11.3,binarytrees_compatible_all.py 21,86,1694248262,1243690,python,1:41.19,84284,76272,6588,100.0,0.5,1,0,1:41,0,4,70644,0,266k,0,76272,311,2,279,30,0,12.2,0.8,0.0,87.0,0.0,0.0,0.0,0.0,15794.9 MiB,3524.4 MiB,2096.5 MiB,10174.0 MiB,4096.0 MiB,3681.5 MiB,414.5 MiB,13057.1 MiB
2,Python 3.11.3,binarytrees_compatible_all.py 21,87,1694248264,1243690,python,1:42.36,102716,94188,6588,100.0,0.6,1,0,1:42,0,4,89076,0,314k,0,94188,311,2,279,30,0,12.8,1.5,0.0,85.0,0.8,0.0,0.0,0.0,15794.9 MiB,3519.6 MiB,2101.2 MiB,10174.0 MiB,4096.0 MiB,3681.5 MiB,414.5 MiB,13052.3 MiB
2,Python 3.11.3,binarytrees_compatible_all.py 21,88,1694248265,1243690,python,1:43.54,90428,82416,6588,100.0,0.5,1,0,1:43,0,4,76788,0,348k,0,82416,311,2,279,30,0,12.8,1.5,0.0,85.7,0.0,0.0,0.0,0.0,15794.9 MiB,3519.3 MiB,2101.6 MiB,10174.0 MiB,4096.0 MiB,3681.5 MiB,414.5 MiB,13052.0 MiB
2,Python 3.11.3,binarytrees_compatible_all.py 21,89,1694248266,1243690,python,1:44.71,99644,91632,6588,100.0,0.6,1,0,1:44,0,4,86004,0,373k,0,91632,311,2,279,30,0,13.5,0.8,0.0,85.7,0.0,0.0,0.0,0.0,15794.9 MiB,3513.2 MiB,2107.6 MiB,10174.0 MiB,4096.0 MiB,3681.5 MiB,414.5 MiB,13045.9 MiB
2,Python 3.11.3,binarytrees_compatible_all.py 21,90,1694248267,1243690,python,1:45.89,103740,95728,6588,100.0,0.6,1,0,1:45,0,4,90100,0,385k,0,95728,311,2,279,30,0,13.6,1.5,0.0,84.8,0.0,0.0,0.0,0.0,15794.9 MiB,3513.5 MiB,2107.4 MiB,10174.0 MiB,4096.0 MiB,3681.5 MiB,414.5 MiB,13046.1 MiB
2,Python 3.11.3,binarytrees_compatible_all.py 21,91,1694248268,1243690,python,1:47.06,104764,96540,6588,100.0,0.6,1,0,1:47,0,4,91124,0,388k,0,96540,311,2,279,30,0,12.8,1.5,0.0,85.7,0.0,0.0,0.0,0.0,15794.9 MiB,3513.5 MiB,2107.4 MiB,10174.0 MiB,4096.0 MiB,3681.5 MiB,414.5 MiB,13046.1 MiB
2,Python 3.11.3,binarytrees_compatible_all.py 21,92,1694248269,1243690,python,1:48.24,104764,96540,6588,100.0,0.6,1,0,1:48,0,4,91124,0,388k,0,96540,311,2,279,30,0,13.5,0.0,0.0,85.0,1.5,0.0,0.0,0.0,15794.9 MiB,3513.5 MiB,2107.4 MiB,10174.0 MiB,4096.0 MiB,3681.5 MiB,414.5 MiB,13046.1 MiB
2,Python 3.11.3,binarytrees_compatible_all.py 21,93,1694248271,1243690,python,1:49.41,104764,96540,6588,100.0,0.6,1,0,1:49,0,4,91124,0,388k,0,96540,311,2,279,30,0,12.8,1.5,0.0,85.7,0.0,0.0,0.0,0.0,15794.9 MiB,3513.7 MiB,2107.1 MiB,10174.0 MiB,4096.0 MiB,3681.5 MiB,414.5 MiB,13046.4 MiB
2,Python 3.11.3,binarytrees_compatible_all.py 21,94,1694248272,1243690,python,1:50.58,104764,96540,6588,100.0,0.6,1,0,1:50,0,4,91124,0,388k,0,96540,311,2,279,30,0,12.9,0.8,0.0,86.4,0.0,0.0,0.0,0.0,15794.9 MiB,3514.2 MiB,2106.6 MiB,10174.0 MiB,4096.0 MiB,3681.5 MiB,414.5 MiB,13046.9 MiB
2,Python 3.11.3,binarytrees_compatible_all.py 21,95,1694248273,1243690,python,1:51.76,104764,96540,6588,100.0,0.6,1,0,1:51,0,4,91124,0,388k,0,96540,311,2,279,30,0,12.1,1.5,0.0,86.4,0.0,0.0,0.0,0.0,15794.9 MiB,3514.2 MiB,2106.6 MiB,10174.0 MiB,4096.0 MiB,3681.5 MiB,414.5 MiB,13046.9 MiB
2,Python 3.11.3,binarytrees_compatible_all.py 21,96,1694248274,1243690,python,1:52.94,111932,102900,6588,100.0,0.6,1,0,1:52,0,4,98292,0,408k,0,102900,311,2,279,30,0,12.8,1.5,0.0,85.7,0.0,0.0,0.0,0.0,15794.9 MiB,3512.5 MiB,2108.4 MiB,10174.0 MiB,4096.0 MiB,3681.5 MiB,414.5 MiB,13045.2 MiB
2,Python 3.11.3,binarytrees_compatible_all.py 21,97,1694248275,1243690,python,1:54.11,211260,203136,6588,93.8,1.3,1,0,1:54,0,4,197620,0,506k,0,203136,311,2,279,30,0,12.0,2.3,0.0,85.7,0.0,0.0,0.0,0.0,15794.9 MiB,3388.8 MiB,2232.0 MiB,10174.0 MiB,4096.0 MiB,3681.5 MiB,414.5 MiB,12921.5 MiB
2,Python 3.11.3,binarytrees_compatible_all.py 21,98,1694248277,1243690,python,1:55.28,190780,182656,6588,100.0,1.1,1,0,1:55,0,4,177140,0,584k,0,182656,311,2,279,30,0,12.9,0.8,0.0,86.4,0.0,0.0,0.0,0.0,15794.9 MiB,3421.9 MiB,2198.9 MiB,10174.0 MiB,4096.0 MiB,3681.5 MiB,414.5 MiB,12954.6 MiB
2,Python 3.11.3,binarytrees_compatible_all.py 21,99,1694248278,1243690,python,1:56.46,237884,229612,6588,100.0,1.4,1,0,1:56,0,4,224244,0,673k,0,229612,310,2,278,30,0,11.5,2.3,0.0,86.3,0.0,0.0,0.0,0.0,15794.9 MiB,3389.0 MiB,2231.9 MiB,10174.0 MiB,4096.0 MiB,3681.5 MiB,414.5 MiB,12921.6 MiB
2,Python 3.11.3,binarytrees_compatible_all.py 21,100,1694248279,1243690,python,1:57.63,314684,305612,6588,100.0,1.9,1,0,1:57,0,4,301044,0,769k,0,305612,310,2,278,30,0,12.6,3.0,0.0,84.4,0.0,0.0,0.0,0.0,15794.9 MiB,3314.4 MiB,2306.5 MiB,10174.0 MiB,4096.0 MiB,3681.5 MiB,414.5 MiB,12847.1 MiB
2,Python 3.11.3,binarytrees_compatible_all.py 21,101,1694248280,1243690,python,1:58.81,253244,245120,6588,100.0,1.5,1,0,1:58,0,4,239604,0,854k,0,245120,310,2,278,30,0,10.5,3.0,0.0,86.5,0.0,0.0,0.0,0.0,15794.9 MiB,3348.7 MiB,2272.1 MiB,10174.0 MiB,4096.0 MiB,3681.5 MiB,414.5 MiB,12881.4 MiB
2,Python 3.11.3,binarytrees_compatible_all.py 21,102,1694248281,1243690,python,1:59.99,197948,189824,6588,100.0,1.2,1,0,1:59,0,4,184308,0,930k,0,189824,310,2,278,30,0,12.8,1.5,0.0,85.7,0.0,0.0,0.0,0.0,15794.9 MiB,3415.0 MiB,2205.9 MiB,10174.0 MiB,4096.0 MiB,3681.5 MiB,414.5 MiB,12947.6 MiB
2,Python 3.11.3,binarytrees_compatible_all.py 21,103,1694248282,1243690,python,2:01.16,224572,215396,6588,93.8,1.3,1,0,2:01,0,4,210932,0,1.0m,0,215396,310,2,278,30,0,12.8,1.5,0.0,85.7,0.0,0.0,0.0,0.0,15794.9 MiB,3403.0 MiB,2217.9 MiB,10174.0 MiB,4096.0 MiB,3681.5 MiB,414.5 MiB,12935.7 MiB
2,Python 3.11.3,binarytrees_compatible_all.py 21,104,1694248284,1243690,python,2:02.33,302396,293508,6588,93.8,1.8,1,0,2:02,0,4,288756,0,1.1m,0,293508,310,2,278,30,0,10.6,3.8,0.0,85.6,0.0,0.0,0.0,0.0,15794.9 MiB,3327.2 MiB,2293.7 MiB,10174.0 MiB,4096.0 MiB,3681.5 MiB,414.5 MiB,12859.9 MiB
2,Python 3.11.3,binarytrees_compatible_all.py 21,105,1694248285,1243690,python,2:03.51,284988,276864,6588,100.0,1.7,1,0,2:03,0,4,271348,0,1.2m,0,276864,310,2,278,30,0,12.1,1.5,0.0,86.4,0.0,0.0,0.0,0.0,15794.9 MiB,3318.2 MiB,2302.6 MiB,10174.0 MiB,4096.0 MiB,3681.5 MiB,414.5 MiB,12850.9 MiB
2,Python 3.11.3,binarytrees_compatible_all.py 21,106,1694248286,1243690,python,2:04.68,199996,191872,6588,93.8,1.2,1,0,2:04,0,4,186356,0,1.2m,0,191872,310,2,278,30,0,12.2,1.5,0.0,86.3,0.0,0.0,0.0,0.0,15794.9 MiB,3414.4 MiB,2206.4 MiB,10174.0 MiB,4096.0 MiB,3681.5 MiB,414.5 MiB,12947.1 MiB
2,Python 3.11.3,binarytrees_compatible_all.py 21,107,1694248287,1243690,python,2:05.86,220476,212428,6588,93.8,1.3,1,0,2:05,0,4,206836,0,1.3m,0,212428,310,2,278,30,0,13.0,0.0,0.0,87.0,0.0,0.0,0.0,0.0,15794.9 MiB,3407.4 MiB,2213.4 MiB,10174.0 MiB,4096.0 MiB,3681.5 MiB,414.5 MiB,12940.1 MiB
2,Python 3.11.3,binarytrees_compatible_all.py 21,108,1694248288,1243690,python,2:07.04,299324,290804,6588,100.0,1.8,1,0,2:07,0,4,285684,0,1.4m,0,290804,310,2,278,30,0,10.5,3.8,0.0,85.7,0.0,0.0,0.0,0.0,15794.9 MiB,3331.4 MiB,2289.5 MiB,10174.0 MiB,4096.0 MiB,3681.5 MiB,414.5 MiB,12864.1 MiB
2,Python 3.11.3,binarytrees_compatible_all.py 21,109,1694248289,1243690,python,2:08.20,282940,274816,6588,87.5,1.7,1,0,2:08,0,4,269300,0,1.5m,0,274816,310,2,278,30,0,12.1,1.5,0.0,86.4,0.0,0.0,0.0,0.0,15794.9 MiB,3323.0 MiB,2297.8 MiB,10174.0 MiB,4096.0 MiB,3681.5 MiB,414.5 MiB,12855.7 MiB
2,Python 3.11.3,binarytrees_compatible_all.py 21,110,1694248291,1243690,python,2:09.38,207164,199040,6588,93.8,1.2,1,0,2:09,0,4,193524,0,1.6m,0,199040,310,2,278,30,0,12.9,0.8,0.0,86.4,0.0,0.0,0.0,0.0,15794.9 MiB,3408.3 MiB,2212.5 MiB,10174.0 MiB,4096.0 MiB,3681.5 MiB,414.5 MiB,12941.0 MiB
3,Python 3.11.3,binarytrees_compatible_all.py 21,0,1694248292,1244435,python,0:00.11,35120,26528,6612,68.8,0.2,1,7,0:00,0,4,21480,0,6208,0,26528,311,2,279,30,0,20.2,5.4,0.0,74.4,0.0,0.0,0.0,0.0,15794.9 MiB,3576.7 MiB,2037.0 MiB,10181.2 MiB,4096.0 MiB,3681.5 MiB,414.5 MiB,13109.4 MiB
3,Python 3.11.3,binarytrees_compatible_all.py 21,1,1694248293,1244435,python,0:01.29,35120,26528,6612,100.0,0.2,1,7,0:01,0,4,21480,0,6208,0,26528,311,2,279,30,0,13.5,1.5,0.0,85.0,0.0,0.0,0.0,0.0,15794.9 MiB,3577.0 MiB,2036.7 MiB,10181.2 MiB,4096.0 MiB,3681.5 MiB,414.5 MiB,13109.7 MiB
3,Python 3.11.3,binarytrees_compatible_all.py 21,2,1694248294,1244435,python,0:02.46,35120,26528,6612,100.0,0.2,1,7,0:02,0,4,21480,0,6208,0,26528,311,2,279,30,0,13.6,0.0,0.0,86.4,0.0,0.0,0.0,0.0,15794.9 MiB,3578.5 MiB,2042.2 MiB,10174.2 MiB,4096.0 MiB,3681.5 MiB,414.5 MiB,13111.2 MiB
3,Python 3.11.3,binarytrees_compatible_all.py 21,3,1694248295,1244435,python,0:03.64,35120,26528,6612,100.0,0.2,1,7,0:03,0,4,21480,0,6208,0,26528,311,2,279,30,0,12.9,0.8,0.0,86.4,0.0,0.0,0.0,0.0,15794.9 MiB,3578.5 MiB,2042.2 MiB,10174.2 MiB,4096.0 MiB,3681.5 MiB,414.5 MiB,13111.2 MiB
3,Python 3.11.3,binarytrees_compatible_all.py 21,4,1694248296,1244435,python,0:04.81,35120,26528,6612,93.8,0.2,1,7,0:04,0,4,21480,0,6208,0,26528,311,2,279,30,0,12.2,0.8,0.0,87.0,0.0,0.0,0.0,0.0,15794.9 MiB,3578.5 MiB,2042.2 MiB,10174.2 MiB,4096.0 MiB,3681.5 MiB,414.5 MiB,13111.2 MiB
3,Python 3.11.3,binarytrees_compatible_all.py 21,5,1694248298,1244435,python,0:05.99,35120,26528,6612,100.0,0.2,1,7,0:05,0,4,21480,0,6208,0,26528,311,2,279,30,0,13.4,1.5,0.0,85.1,0.0,0.0,0.0,0.0,15794.9 MiB,3579.5 MiB,2041.2 MiB,10174.2 MiB,4096.0 MiB,3681.5 MiB,414.5 MiB,13112.2 MiB
3,Python 3.11.3,binarytrees_compatible_all.py 21,6,1694248299,1244435,python,0:07.16,35120,26528,6612,100.0,0.2,1,7,0:07,0,4,21480,0,6208,0,26528,311,2,279,30,0,13.5,0.8,0.0,85.7,0.0,0.0,0.0,0.0,15794.9 MiB,3580.2 MiB,2040.5 MiB,10174.2 MiB,4096.0 MiB,3681.5 MiB,414.5 MiB,13112.9 MiB
3,Python 3.11.3,binarytrees_compatible_all.py 21,7,1694248300,1244435,python,0:08.34,35120,26528,6612,100.0,0.2,1,7,0:08,0,4,21480,0,6208,0,26528,311,2,279,30,0,12.8,2.3,0.0,85.0,0.0,0.0,0.0,0.0,15794.9 MiB,3581.4 MiB,2039.2 MiB,10174.2 MiB,4096.0 MiB,3681.5 MiB,414.5 MiB,13114.2 MiB
3,Python 3.11.3,binarytrees_compatible_all.py 21,8,1694248301,1244435,python,0:09.51,35120,26528,6612,93.8,0.2,1,7,0:09,0,4,21480,0,6208,0,26528,311,2,279,30,0,12.1,1.5,0.0,86.4,0.0,0.0,0.0,0.0,15794.9 MiB,3581.9 MiB,2038.7 MiB,10174.2 MiB,4096.0 MiB,3681.5 MiB,414.5 MiB,13114.7 MiB
3,Python 3.11.3,binarytrees_compatible_all.py 21,9,1694248302,1244435,python,0:10.69,35120,26528,6612,100.0,0.2,1,7,0:10,0,4,21480,0,6208,0,26528,311,2,279,30,0,12.2,0.8,0.0,87.0,0.0,0.0,0.0,0.0,15794.9 MiB,3582.2 MiB,2038.5 MiB,10174.2 MiB,4096.0 MiB,3681.5 MiB,414.5 MiB,13114.9 MiB
3,Python 3.11.3,binarytrees_compatible_all.py 21,10,1694248304,1244435,python,0:11.86,35120,26528,6612,100.0,0.2,1,7,0:11,0,4,21480,0,6208,0,26528,311,2,279,30,0,13.5,1.5,0.0,85.0,0.0,0.0,0.0,0.0,15794.9 MiB,3581.9 MiB,2038.7 MiB,10174.2 MiB,4096.0 MiB,3681.5 MiB,414.5 MiB,13114.7 MiB
3,Python 3.11.3,binarytrees_compatible_all.py 21,11,1694248305,1244435,python,0:13.03,22844,14352,6612,100.0,0.1,1,7,0:13,0,4,9204,0,7236,0,14352,311,2,279,30,0,13.0,0.0,0.0,87.0,0.0,0.0,0.0,0.0,15794.9 MiB,3597.2 MiB,2023.5 MiB,10174.2 MiB,4096.0 MiB,3681.5 MiB,414.5 MiB,13129.9 MiB
3,Python 3.11.3,binarytrees_compatible_all.py 21,12,1694248306,1244435,python,0:14.21,22844,14352,6612,100.0,0.1,1,7,0:14,0,4,9204,0,7236,0,14352,311,2,279,30,0,12.1,1.5,0.0,86.4,0.0,0.0,0.0,0.0,15794.9 MiB,3597.2 MiB,2023.5 MiB,10174.2 MiB,4096.0 MiB,3681.5 MiB,414.5 MiB,13129.9 MiB
3,Python 3.11.3,binarytrees_compatible_all.py 21,13,1694248307,1244435,python,0:15.38,22844,14352,6612,93.8,0.1,1,7,0:15,0,4,9204,0,7236,0,14352,311,2,279,30,0,13.5,1.5,0.0,85.0,0.0,0.0,0.0,0.0,15794.9 MiB,3596.9 MiB,2023.7 MiB,10174.2 MiB,4096.0 MiB,3681.5 MiB,414.5 MiB,13129.7 MiB
3,Python 3.11.3,binarytrees_compatible_all.py 21,14,1694248308,1244435,python,0:16.56,22844,14352,6612,100.0,0.1,1,7,0:16,0,4,9204,0,7236,0,14352,311,2,279,30,0,13.3,2.2,0.0,84.4,0.0,0.0,0.0,0.0,15794.9 MiB,3596.7 MiB,2024.0 MiB,10174.2 MiB,4096.0 MiB,3681.5 MiB,414.5 MiB,13129.4 MiB
3,Python 3.11.3,binarytrees_compatible_all.py 21,15,1694248309,1244435,python,0:17.74,22844,14352,6612,100.0,0.1,1,7,0:17,0,4,9204,0,7236,0,14352,311,2,279,30,0,13.5,0.8,0.0,85.7,0.0,0.0,0.0,0.0,15794.9 MiB,3596.9 MiB,2023.7 MiB,10174.2 MiB,4096.0 MiB,3681.5 MiB,414.5 MiB,13129.7 MiB
3,Python 3.11.3,binarytrees_compatible_all.py 21,16,1694248311,1244435,python,0:18.91,22844,14352,6612,100.0,0.1,1,7,0:18,0,4,9204,0,7236,0,14352,311,2,279,30,0,13.0,0.0,0.0,87.0,0.0,0.0,0.0,0.0,15794.9 MiB,3596.5 MiB,2024.2 MiB,10174.2 MiB,4096.0 MiB,3681.5 MiB,414.5 MiB,13129.2 MiB
3,Python 3.11.3,binarytrees_compatible_all.py 21,17,1694248312,1244435,python,0:20.08,22844,14352,6612,100.0,0.1,1,7,0:20,0,4,9204,0,7236,0,14352,311,2,279,30,0,12.8,1.5,0.0,85.7,0.0,0.0,0.0,0.0,15794.9 MiB,3596.2 MiB,2024.4 MiB,10174.2 MiB,4096.0 MiB,3681.5 MiB,414.5 MiB,13129.0 MiB
3,Python 3.11.3,binarytrees_compatible_all.py 21,18,1694248313,1244435,python,0:21.26,22844,14352,6612,100.0,0.1,1,7,0:21,0,4,9204,0,7236,0,14352,311,2,279,30,0,13.5,0.8,0.0,85.7,0.0,0.0,0.0,0.0,15794.9 MiB,3597.4 MiB,2023.2 MiB,10174.2 MiB,4096.0 MiB,3681.5 MiB,414.5 MiB,13130.2 MiB
3,Python 3.11.3,binarytrees_compatible_all.py 21,19,1694248314,1244435,python,0:22.43,22844,14352,6612,93.8,0.1,1,7,0:22,0,4,9204,0,7236,0,14352,311,2,279,30,0,12.9,0.8,0.0,86.4,0.0,0.0,0.0,0.0,15794.9 MiB,3596.9 MiB,2023.7 MiB,10174.2 MiB,4096.0 MiB,3681.5 MiB,414.5 MiB,13129.7 MiB
3,Python 3.11.3,binarytrees_compatible_all.py 21,20,1694248315,1244435,python,0:23.61,22844,14352,6612,100.0,0.1,1,7,0:23,0,4,9204,0,7236,0,14352,311,2,279,30,0,12.2,1.5,0.0,86.3,0.0,0.0,0.0,0.0,15794.9 MiB,3596.9 MiB,2023.7 MiB,10174.2 MiB,4096.0 MiB,3681.5 MiB,414.5 MiB,13129.7 MiB
3,Python 3.11.3,binarytrees_compatible_all.py 21,21,1694248316,1244435,python,0:24.78,22844,14352,6612,100.0,0.1,1,3,0:24,0,4,9204,0,7236,0,14352,311,2,279,30,0,13.5,0.8,0.0,85.7,0.0,0.0,0.0,0.0,15794.9 MiB,3596.9 MiB,2023.7 MiB,10174.2 MiB,4096.0 MiB,3681.5 MiB,414.5 MiB,13129.7 MiB
3,Python 3.11.3,binarytrees_compatible_all.py 21,22,1694248318,1244435,python,0:25.96,22844,14352,6612,100.0,0.1,1,3,0:25,0,4,9204,0,7236,0,14352,311,2,279,30,0,13.0,0.0,0.0,87.0,0.0,0.0,0.0,0.0,15794.9 MiB,3596.2 MiB,2024.4 MiB,10174.2 MiB,4096.0 MiB,3681.5 MiB,414.5 MiB,13129.0 MiB
3,Python 3.11.3,binarytrees_compatible_all.py 21,23,1694248319,1244435,python,0:27.13,23868,14880,6612,93.8,0.1,1,3,0:27,0,4,10228,0,7335,0,14880,311,2,279,30,0,12.9,0.8,0.0,86.4,0.0,0.0,0.0,0.0,15794.9 MiB,3596.2 MiB,2024.4 MiB,10174.2 MiB,4096.0 MiB,3681.5 MiB,414.5 MiB,13129.0 MiB
3,Python 3.11.3,binarytrees_compatible_all.py 21,24,1694248320,1244435,python,0:28.31,23868,15144,6612,100.0,0.1,1,3,0:28,0,4,10228,0,7421,0,15144,311,2,279,30,0,13.4,1.5,0.0,85.1,0.0,0.0,0.0,0.0,15794.9 MiB,3596.0 MiB,2024.7 MiB,10174.2 MiB,4096.0 MiB,3681.5 MiB,414.5 MiB,13128.7 MiB
3,Python 3.11.3,binarytrees_compatible_all.py 21,25,1694248321,1244435,python,0:29.48,23868,15408,6612,100.0,0.1,1,3,0:29,0,4,10228,0,7506,0,15408,311,2,279,30,0,13.5,0.8,0.0,85.7,0.0,0.0,0.0,0.0,15794.9 MiB,3595.2 MiB,2025.4 MiB,10174.2 MiB,4096.0 MiB,3681.5 MiB,414.5 MiB,13128.0 MiB
3,Python 3.11.3,binarytrees_compatible_all.py 21,26,1694248322,1244435,python,0:30.66,24892,15672,6612,100.0,0.1,1,3,0:30,0,4,11252,0,7592,0,15672,311,2,279,30,0,12.9,0.8,0.0,86.4,0.0,0.0,0.0,0.0,15794.9 MiB,3595.2 MiB,2025.4 MiB,10174.2 MiB,4096.0 MiB,3681.5 MiB,414.5 MiB,13128.0 MiB
3,Python 3.11.3,binarytrees_compatible_all.py 21,27,1694248324,1244435,python,0:31.83,24892,16200,6612,93.8,0.1,1,3,0:31,0,4,11252,0,7678,0,16200,311,2,279,30,0,12.8,1.5,0.0,85.7,0.0,0.0,0.0,0.0,15794.9 MiB,3595.0 MiB,2025.6 MiB,10174.2 MiB,4096.0 MiB,3681.5 MiB,414.5 MiB,13127.8 MiB
3,Python 3.11.3,binarytrees_compatible_all.py 21,28,1694248325,1244435,python,0:33.01,24892,16464,6612,100.0,0.1,1,3,0:33,0,4,11252,0,7764,0,16464,311,2,279,30,0,12.9,0.8,0.0,86.4,0.0,0.0,0.0,0.0,15794.9 MiB,3594.7 MiB,2025.9 MiB,10174.3 MiB,4096.0 MiB,3681.5 MiB,414.5 MiB,13127.5 MiB
3,Python 3.11.3,binarytrees_compatible_all.py 21,29,1694248326,1244435,python,0:34.19,25916,16728,6612,100.0,0.1,1,3,0:34,0,4,12276,0,7849,0,16728,311,2,279,30,0,13.2,2.2,0.0,84.6,0.0,0.0,0.0,0.0,15794.9 MiB,3594.5 MiB,2026.1 MiB,10174.3 MiB,4096.0 MiB,3681.5 MiB,414.5 MiB,13127.3 MiB
3,Python 3.11.3,binarytrees_compatible_all.py 21,30,1694248327,1244435,python,0:35.36,25916,17256,6612,93.8,0.1,1,3,0:35,0,4,12276,0,7935,0,17256,311,2,279,30,0,13.4,1.5,0.0,85.1,0.0,0.0,0.0,0.0,15794.9 MiB,3594.0 MiB,2026.6 MiB,10174.3 MiB,4096.0 MiB,3681.5 MiB,414.5 MiB,13126.8 MiB
3,Python 3.11.3,binarytrees_compatible_all.py 21,31,1694248328,1244435,python,0:36.54,25916,17520,6612,100.0,0.1,1,3,0:36,0,4,12276,0,8021,0,17520,311,2,279,30,0,14.2,0.7,0.0,85.1,0.0,0.0,0.0,0.0,15794.9 MiB,3594.3 MiB,2026.3 MiB,10174.3 MiB,4096.0 MiB,3681.5 MiB,414.5 MiB,13127.1 MiB
3,Python 3.11.3,binarytrees_compatible_all.py 21,32,1694248329,1244435,python,0:37.71,26940,17784,6612,93.8,0.1,1,3,0:37,0,4,13300,0,8106,0,17784,311,2,279,30,0,12.9,1.5,0.0,85.6,0.0,0.0,0.0,0.0,15794.9 MiB,3594.0 MiB,2026.6 MiB,10174.3 MiB,4096.0 MiB,3681.5 MiB,414.5 MiB,13126.8 MiB
3,Python 3.11.3,binarytrees_compatible_all.py 21,33,1694248331,1244435,python,0:38.89,26940,18312,6612,100.0,0.1,1,3,0:38,0,4,13300,0,8192,0,18312,311,2,279,30,0,12.8,1.5,0.0,85.7,0.0,0.0,0.0,0.0,15794.9 MiB,3593.5 MiB,2027.1 MiB,10174.3 MiB,4096.0 MiB,3681.5 MiB,414.5 MiB,13126.3 MiB
3,Python 3.11.3,binarytrees_compatible_all.py 21,34,1694248332,1244435,python,0:40.06,26940,18576,6612,93.8,0.1,1,3,0:40,0,4,13300,0,8278,0,18576,311,2,279,30,0,13.4,1.5,0.0,85.1,0.0,0.0,0.0,0.0,15794.9 MiB,3593.3 MiB,2027.3 MiB,10174.3 MiB,4096.0 MiB,3681.5 MiB,414.5 MiB,13126.1 MiB
3,Python 3.11.3,binarytrees_compatible_all.py 21,35,1694248333,1244435,python,0:41.24,23868,15668,6612,100.0,0.1,1,3,0:41,0,4,10228,0,8285,0,15668,311,2,279,30,0,13.5,0.8,0.0,85.7,0.0,0.0,0.0,0.0,15794.9 MiB,3593.3 MiB,2027.3 MiB,10174.3 MiB,4096.0 MiB,3681.5 MiB,414.5 MiB,13126.1 MiB
3,Python 3.11.3,binarytrees_compatible_all.py 21,36,1694248334,1244435,python,0:42.42,23868,15668,6612,100.0,0.1,1,3,0:42,0,4,10228,0,8285,0,15668,311,2,279,30,0,13.4,1.5,0.0,85.1,0.0,0.0,0.0,0.0,15794.9 MiB,3593.3 MiB,2027.3 MiB,10174.3 MiB,4096.0 MiB,3681.5 MiB,414.5 MiB,13126.1 MiB
3,Python 3.11.3,binarytrees_compatible_all.py 21,37,1694248335,1244435,python,0:43.59,23868,15668,6612,93.8,0.1,1,3,0:43,0,4,10228,0,8285,0,15668,311,2,279,30,0,13.5,0.8,0.0,85.7,0.0,0.0,0.0,0.0,15794.9 MiB,3592.8 MiB,2027.8 MiB,10174.3 MiB,4096.0 MiB,3681.5 MiB,414.5 MiB,13125.6 MiB
3,Python 3.11.3,binarytrees_compatible_all.py 21,38,1694248336,1244435,python,0:44.77,23868,15668,6612,100.0,0.1,1,3,0:44,0,4,10228,0,8285,0,15668,311,2,279,30,0,13.5,1.5,0.0,85.0,0.0,0.0,0.0,0.0,15794.9 MiB,3592.5 MiB,2028.1 MiB,10174.3 MiB,4096.0 MiB,3681.5 MiB,414.5 MiB,13125.3 MiB
3,Python 3.11.3,binarytrees_compatible_all.py 21,39,1694248338,1244435,python,0:45.94,23868,15668,6612,93.8,0.1,1,3,0:45,0,4,10228,0,8285,0,15668,311,2,279,30,0,13.4,0.7,0.0,85.1,0.7,0.0,0.0,0.0,15794.9 MiB,3592.5 MiB,2028.0 MiB,10174.3 MiB,4096.0 MiB,3681.5 MiB,414.5 MiB,13125.4 MiB
3,Python 3.11.3,binarytrees_compatible_all.py 21,40,1694248339,1244435,python,0:47.12,23868,15668,6612,100.0,0.1,1,3,0:47,0,4,10228,0,8285,0,15668,311,2,279,30,0,13.3,1.5,0.0,85.2,0.0,0.0,0.0,0.0,15794.9 MiB,3592.5 MiB,2028.0 MiB,10174.3 MiB,4096.0 MiB,3681.5 MiB,414.5 MiB,13125.4 MiB
3,Python 3.11.3,binarytrees_compatible_all.py 21,41,1694248340,1244435,python,0:48.30,23868,15668,6612,100.0,0.1,1,3,0:48,0,4,10228,0,8285,0,15668,311,2,279,30,0,12.7,1.5,0.0,85.8,0.0,0.0,0.0,0.0,15794.9 MiB,3592.5 MiB,2028.0 MiB,10174.3 MiB,4096.0 MiB,3681.5 MiB,414.5 MiB,13125.4 MiB
3,Python 3.11.3,binarytrees_compatible_all.py 21,42,1694248341,1244435,python,0:49.47,23868,15668,6612,100.0,0.1,1,3,0:49,0,4,10228,0,8285,0,15668,311,2,279,30,0,12.9,0.8,0.0,86.4,0.0,0.0,0.0,0.0,15794.9 MiB,3593.0 MiB,2027.5 MiB,10174.3 MiB,4096.0 MiB,3681.5 MiB,414.5 MiB,13125.9 MiB
3,Python 3.11.3,binarytrees_compatible_all.py 21,43,1694248342,1244435,python,0:50.65,23868,15668,6612,100.0,0.1,1,3,0:50,0,4,10228,0,8285,0,15668,311,2,279,30,0,12.9,0.8,0.0,86.4,0.0,0.0,0.0,0.0,15794.9 MiB,3592.8 MiB,2027.8 MiB,10174.3 MiB,4096.0 MiB,3681.5 MiB,414.5 MiB,13125.6 MiB
3,Python 3.11.3,binarytrees_compatible_all.py 21,44,1694248344,1244435,python,0:51.82,23868,15668,6612,100.0,0.1,1,3,0:51,0,4,10228,0,8285,0,15668,311,2,279,30,0,12.9,0.8,0.0,85.6,0.8,0.0,0.0,0.0,15794.9 MiB,3592.8 MiB,2027.8 MiB,10174.3 MiB,4096.0 MiB,3681.5 MiB,414.5 MiB,13125.6 MiB
3,Python 3.11.3,binarytrees_compatible_all.py 21,45,1694248345,1244435,python,0:53.00,23868,15668,6612,100.0,0.1,1,3,0:53,0,4,10228,0,8302,0,15668,311,2,279,30,0,12.8,1.5,0.0,85.7,0.0,0.0,0.0,0.0,15794.9 MiB,3592.8 MiB,2027.8 MiB,10174.3 MiB,4096.0 MiB,3681.5 MiB,414.5 MiB,13125.6 MiB
3,Python 3.11.3,binarytrees_compatible_all.py 21,46,1694248346,1244435,python,0:54.17,23868,15668,6612,93.8,0.1,1,3,0:54,0,4,10228,0,8324,0,15668,311,2,279,30,0,12.9,0.8,0.0,86.4,0.0,0.0,0.0,0.0,15794.9 MiB,3592.8 MiB,2027.8 MiB,10174.3 MiB,4096.0 MiB,3681.5 MiB,414.5 MiB,13125.6 MiB
3,Python 3.11.3,binarytrees_compatible_all.py 21,47,1694248347,1244435,python,0:55.35,23868,15668,6612,100.0,0.1,1,3,0:55,0,4,10228,0,8333,0,15668,311,2,279,30,0,12.0,1.5,0.0,86.5,0.0,0.0,0.0,0.0,15794.9 MiB,3592.8 MiB,2027.7 MiB,10174.3 MiB,4096.0 MiB,3681.5 MiB,414.5 MiB,13125.6 MiB
3,Python 3.11.3,binarytrees_compatible_all.py 21,48,1694248348,1244435,python,0:56.52,23868,15668,6612,100.0,0.1,1,3,0:56,0,4,10228,0,8333,0,15668,311,2,279,30,0,13.5,0.8,0.0,85.7,0.0,0.0,0.0,0.0,15794.9 MiB,3592.8 MiB,2027.7 MiB,10174.3 MiB,4096.0 MiB,3681.5 MiB,414.5 MiB,13125.7 MiB
3,Python 3.11.3,binarytrees_compatible_all.py 21,49,1694248349,1244435,python,0:57.70,23868,15668,6612,100.0,0.1,1,3,0:57,0,4,10228,0,8333,0,15668,311,2,279,30,0,13.5,0.8,0.0,85.7,0.0,0.0,0.0,0.0,15794.9 MiB,3592.8 MiB,2027.8 MiB,10174.3 MiB,4096.0 MiB,3681.5 MiB,414.5 MiB,13125.6 MiB
3,Python 3.11.3,binarytrees_compatible_all.py 21,50,1694248351,1244435,python,0:58.87,23868,15668,6612,93.8,0.1,1,3,0:58,0,4,10228,0,8333,0,15668,311,2,279,30,0,13.0,0.0,0.0,87.0,0.0,0.0,0.0,0.0,15794.9 MiB,3592.8 MiB,2027.8 MiB,10174.3 MiB,4096.0 MiB,3681.5 MiB,414.5 MiB,13125.6 MiB
3,Python 3.11.3,binarytrees_compatible_all.py 21,51,1694248352,1244435,python,1:00.05,24892,15668,6612,100.0,0.1,1,3,1:00,0,4,11252,0,8335,0,15668,311,2,279,30,0,12.9,0.8,0.0,86.4,0.0,0.0,0.0,0.0,15794.9 MiB,3592.3 MiB,2028.2 MiB,10174.3 MiB,4096.0 MiB,3681.5 MiB,414.5 MiB,13125.2 MiB
3,Python 3.11.3,binarytrees_compatible_all.py 21,52,1694248353,1244435,python,1:01.22,24892,15668,6612,93.8,0.1,1,3,1:01,0,4,11252,0,8341,0,15668,311,2,279,30,0,12.2,0.8,0.0,87.0,0.0,0.0,0.0,0.0,15794.9 MiB,3592.3 MiB,2028.2 MiB,10174.3 MiB,4096.0 MiB,3681.5 MiB,414.5 MiB,13125.2 MiB
3,Python 3.11.3,binarytrees_compatible_all.py 21,53,1694248354,1244435,python,1:02.40,24892,15928,6612,100.0,0.1,1,7,1:02,0,4,11252,0,8346,0,15928,311,2,279,30,0,12.9,0.8,0.0,85.6,0.8,0.0,0.0,0.0,15794.9 MiB,3592.3 MiB,2028.2 MiB,10174.3 MiB,4096.0 MiB,3681.5 MiB,414.5 MiB,13125.2 MiB
3,Python 3.11.3,binarytrees_compatible_all.py 21,54,1694248355,1244435,python,1:03.58,24892,15928,6612,100.0,0.1,1,7,1:03,0,4,11252,0,8351,0,15928,311,2,279,30,0,12.9,0.8,0.0,86.4,0.0,0.0,0.0,0.0,15794.9 MiB,3592.3 MiB,2028.2 MiB,10174.3 MiB,4096.0 MiB,3681.5 MiB,414.5 MiB,13125.2 MiB
3,Python 3.11.3,binarytrees_compatible_all.py 21,55,1694248356,1244435,python,1:04.75,24892,15928,6612,100.0,0.1,1,7,1:04,0,4,11252,0,8356,0,15928,311,2,279,30,0,12.1,1.5,0.0,86.4,0.0,0.0,0.0,0.0,15794.9 MiB,3592.3 MiB,2028.2 MiB,10174.3 MiB,4096.0 MiB,3681.5 MiB,414.5 MiB,13125.2 MiB
3,Python 3.11.3,binarytrees_compatible_all.py 21,56,1694248358,1244435,python,1:05.92,24892,15928,6612,93.8,0.1,1,7,1:05,0,4,11252,0,8362,0,15928,311,2,279,30,0,12.9,0.8,0.0,86.4,0.0,0.0,0.0,0.0,15794.9 MiB,3592.3 MiB,2028.2 MiB,10174.3 MiB,4096.0 MiB,3681.5 MiB,414.5 MiB,13125.2 MiB
3,Python 3.11.3,binarytrees_compatible_all.py 21,57,1694248359,1244435,python,1:07.10,24892,15928,6612,100.0,0.1,1,7,1:07,0,4,11252,0,8367,0,15928,311,2,279,30,0,13.0,0.8,0.0,86.3,0.0,0.0,0.0,0.0,15794.9 MiB,3592.3 MiB,2028.2 MiB,10174.3 MiB,4096.0 MiB,3681.5 MiB,414.5 MiB,13125.2 MiB
3,Python 3.11.3,binarytrees_compatible_all.py 21,58,1694248360,1244435,python,1:08.28,24892,15928,6612,100.0,0.1,1,7,1:08,0,4,11252,0,8372,0,15928,311,2,279,30,0,12.9,0.8,0.0,86.4,0.0,0.0,0.0,0.0,15794.9 MiB,3592.3 MiB,2028.2 MiB,10174.3 MiB,4096.0 MiB,3681.5 MiB,414.5 MiB,13125.2 MiB
3,Python 3.11.3,binarytrees_compatible_all.py 21,59,1694248361,1244435,python,1:09.45,27964,19888,6612,100.0,0.1,1,7,1:09,0,4,14324,0,9341,0,19888,311,2,279,30,0,13.3,1.5,0.0,85.2,0.0,0.0,0.0,0.0,15794.9 MiB,3591.3 MiB,2029.2 MiB,10174.3 MiB,4096.0 MiB,3681.5 MiB,414.5 MiB,13124.2 MiB
3,Python 3.11.3,binarytrees_compatible_all.py 21,60,1694248362,1244435,python,1:10.63,27964,19888,6612,100.0,0.1,1,7,1:10,0,4,14324,0,9341,0,19888,311,2,279,30,0,12.8,1.5,0.0,85.7,0.0,0.0,0.0,0.0,15794.9 MiB,3590.8 MiB,2029.7 MiB,10174.3 MiB,4096.0 MiB,3681.5 MiB,414.5 MiB,13123.7 MiB
3,Python 3.11.3,binarytrees_compatible_all.py 21,61,1694248363,1244435,python,1:11.80,27964,19888,6612,100.0,0.1,1,7,1:11,0,4,14324,0,9341,0,19888,311,2,279,30,0,13.3,1.5,0.0,85.2,0.0,0.0,0.0,0.0,15794.9 MiB,3590.6 MiB,2029.9 MiB,10174.3 MiB,4096.0 MiB,3681.5 MiB,414.5 MiB,13123.5 MiB
3,Python 3.11.3,binarytrees_compatible_all.py 21,62,1694248365,1244435,python,1:12.97,27964,19888,6612,93.8,0.1,1,7,1:12,0,4,14324,0,9341,0,19888,311,2,279,30,0,12.1,0.8,0.0,87.1,0.0,0.0,0.0,0.0,15794.9 MiB,3590.6 MiB,2029.9 MiB,10174.3 MiB,4096.0 MiB,3681.5 MiB,414.5 MiB,13123.5 MiB
3,Python 3.11.3,binarytrees_compatible_all.py 21,63,1694248366,1244435,python,1:14.15,27964,19888,6612,100.0,0.1,1,7,1:14,0,4,14324,0,9341,0,19888,311,2,279,30,0,12.9,0.8,0.0,86.4,0.0,0.0,0.0,0.0,15794.9 MiB,3590.6 MiB,2029.9 MiB,10174.4 MiB,4096.0 MiB,3681.5 MiB,414.5 MiB,13123.5 MiB
3,Python 3.11.3,binarytrees_compatible_all.py 21,64,1694248367,1244435,python,1:15.33,27964,19888,6612,100.0,0.1,1,7,1:15,0,4,14324,0,9341,0,19888,311,2,279,30,0,12.9,0.8,0.0,86.4,0.0,0.0,0.0,0.0,15794.9 MiB,3590.6 MiB,2029.9 MiB,10174.4 MiB,4096.0 MiB,3681.5 MiB,414.5 MiB,13123.5 MiB
3,Python 3.11.3,binarytrees_compatible_all.py 21,65,1694248368,1244435,python,1:16.50,27964,19888,6612,93.8,0.1,1,7,1:16,0,4,14324,0,9341,0,19888,311,2,279,30,0,13.0,0.0,0.0,87.0,0.0,0.0,0.0,0.0,15794.9 MiB,3590.6 MiB,2029.9 MiB,10174.4 MiB,4096.0 MiB,3681.5 MiB,414.5 MiB,13123.5 MiB
3,Python 3.11.3,binarytrees_compatible_all.py 21,66,1694248369,1244435,python,1:17.68,27964,19888,6612,100.0,0.1,1,7,1:17,0,4,14324,0,9341,0,19888,311,2,279,30,0,12.9,0.8,0.0,86.4,0.0,0.0,0.0,0.0,15794.9 MiB,3590.6 MiB,2029.9 MiB,10174.4 MiB,4096.0 MiB,3681.5 MiB,414.5 MiB,13123.5 MiB
3,Python 3.11.3,binarytrees_compatible_all.py 21,67,1694248371,1244435,python,1:18.85,27964,19888,6612,93.8,0.1,1,7,1:18,0,4,14324,0,9341,0,19888,311,2,279,30,0,12.1,1.5,0.0,86.4,0.0,0.0,0.0,0.0,15794.9 MiB,3590.6 MiB,2029.9 MiB,10174.4 MiB,4096.0 MiB,3681.5 MiB,414.5 MiB,13123.5 MiB
3,Python 3.11.3,binarytrees_compatible_all.py 21,68,1694248372,1244435,python,1:20.03,27964,19888,6612,100.0,0.1,1,7,1:20,0,4,14324,0,9341,0,19888,311,2,279,30,0,13.4,0.7,0.0,85.8,0.0,0.0,0.0,0.0,15794.9 MiB,3590.6 MiB,2029.9 MiB,10174.4 MiB,4096.0 MiB,3681.5 MiB,414.5 MiB,13123.5 MiB
3,Python 3.11.3,binarytrees_compatible_all.py 21,69,1694248373,1244435,python,1:21.21,27964,19888,6612,100.0,0.1,1,7,1:21,0,4,14324,0,9341,0,19888,311,2,279,30,0,12.9,0.8,0.0,86.4,0.0,0.0,0.0,0.0,15794.9 MiB,3590.6 MiB,2029.9 MiB,10174.4 MiB,4096.0 MiB,3681.5 MiB,414.5 MiB,13123.5 MiB
3,Python 3.11.3,binarytrees_compatible_all.py 21,70,1694248374,1244435,python,1:22.38,27964,19888,6612,93.8,0.1,1,7,1:22,0,4,14324,0,9341,0,19888,311,2,279,30,0,12.8,1.5,0.0,85.7,0.0,0.0,0.0,0.0,15794.9 MiB,3590.3 MiB,2030.2 MiB,10174.4 MiB,4096.0 MiB,3681.5 MiB,414.5 MiB,13123.2 MiB
3,Python 3.11.3,binarytrees_compatible_all.py 21,71,1694248375,1244435,python,1:23.56,40252,31116,6612,100.0,0.2,1,7,1:23,0,4,26612,0,25k,0,31116,311,2,279,30,0,12.7,1.5,0.0,85.8,0.0,0.0,0.0,0.0,15794.9 MiB,3575.8 MiB,2044.7 MiB,10174.4 MiB,4096.0 MiB,3681.5 MiB,414.5 MiB,13108.7 MiB
3,Python 3.11.3,binarytrees_compatible_all.py 21,72,1694248376,1244435,python,1:24.73,44348,35824,6612,100.0,0.2,1,7,1:24,0,4,30708,0,28k,0,35824,311,2,279,30,0,12.7,1.5,0.0,85.8,0.0,0.0,0.0,0.0,15794.9 MiB,3574.6 MiB,2045.9 MiB,10174.4 MiB,4096.0 MiB,3681.5 MiB,414.5 MiB,13107.5 MiB
3,Python 3.11.3,binarytrees_compatible_all.py 21,73,1694248378,1244435,python,1:25.90,44348,35824,6612,100.0,0.2,1,7,1:25,0,4,30708,0,28k,0,35824,311,2,279,30,0,13.7,0.0,0.0,85.5,0.8,0.0,0.0,0.0,15794.9 MiB,3574.8 MiB,2045.7 MiB,10174.4 MiB,4096.0 MiB,3681.5 MiB,414.5 MiB,13107.7 MiB
3,Python 3.11.3,binarytrees_compatible_all.py 21,74,1694248379,1244435,python,1:27.08,44348,35824,6612,100.0,0.2,1,3,1:27,0,4,30708,0,28k,0,35824,311,2,279,30,0,12.1,1.5,0.0,86.4,0.0,0.0,0.0,0.0,15794.9 MiB,3574.8 MiB,2045.7 MiB,10174.4 MiB,4096.0 MiB,3681.5 MiB,414.5 MiB,13107.7 MiB
3,Python 3.11.3,binarytrees_compatible_all.py 21,75,1694248380,1244435,python,1:28.25,44348,35824,6612,93.8,0.2,1,3,1:28,0,4,30708,0,28k,0,35824,311,2,279,30,0,12.1,1.5,0.0,86.4,0.0,0.0,0.0,0.0,15794.9 MiB,3574.8 MiB,2045.8 MiB,10174.2 MiB,4096.0 MiB,3681.5 MiB,414.5 MiB,13107.7 MiB
3,Python 3.11.3,binarytrees_compatible_all.py 21,76,1694248381,1244435,python,1:29.43,44348,35824,6612,100.0,0.2,1,3,1:29,0,4,30708,0,28k,0,35824,311,2,279,30,0,12.8,1.5,0.0,85.7,0.0,0.0,0.0,0.0,15794.9 MiB,3574.8 MiB,2045.8 MiB,10174.2 MiB,4096.0 MiB,3681.5 MiB,414.5 MiB,13107.7 MiB
3,Python 3.11.3,binarytrees_compatible_all.py 21,77,1694248382,1244435,python,1:30.60,44348,35824,6612,100.0,0.2,1,3,1:30,0,4,30708,0,28k,0,35824,311,2,279,30,0,12.8,0.8,0.0,86.5,0.0,0.0,0.0,0.0,15794.9 MiB,3574.4 MiB,2046.3 MiB,10174.2 MiB,4096.0 MiB,3681.5 MiB,414.5 MiB,13107.3 MiB
3,Python 3.11.3,binarytrees_compatible_all.py 21,78,1694248383,1244435,python,1:31.78,44348,35824,6612,100.0,0.2,1,3,1:31,0,4,30708,0,28k,0,35824,311,2,279,30,0,12.9,0.8,0.0,85.6,0.8,0.0,0.0,0.0,15794.9 MiB,3573.9 MiB,2046.8 MiB,10174.3 MiB,4096.0 MiB,3681.5 MiB,414.5 MiB,13106.8 MiB
3,Python 3.11.3,binarytrees_compatible_all.py 21,79,1694248385,1244435,python,1:32.95,44348,35824,6612,93.8,0.2,1,3,1:32,0,4,30708,0,28k,0,35824,311,2,279,30,0,12.9,0.8,0.0,86.4,0.0,0.0,0.0,0.0,15794.9 MiB,3573.9 MiB,2046.8 MiB,10174.3 MiB,4096.0 MiB,3681.5 MiB,414.5 MiB,13106.8 MiB
3,Python 3.11.3,binarytrees_compatible_all.py 21,80,1694248386,1244435,python,1:34.13,44348,35824,6612,100.0,0.2,1,7,1:34,0,4,30708,0,28k,0,35824,311,2,279,30,0,12.8,1.5,0.0,85.7,0.0,0.0,0.0,0.0,15794.9 MiB,3573.9 MiB,2046.8 MiB,10174.3 MiB,4096.0 MiB,3681.5 MiB,414.5 MiB,13106.8 MiB
3,Python 3.11.3,binarytrees_compatible_all.py 21,81,1694248387,1244435,python,1:35.30,44348,35824,6612,100.0,0.2,1,7,1:35,0,4,30708,0,28k,0,35824,311,2,279,30,0,13.5,0.8,0.0,85.7,0.0,0.0,0.0,0.0,15794.9 MiB,3573.6 MiB,2047.0 MiB,10174.3 MiB,4096.0 MiB,3681.5 MiB,414.5 MiB,13106.5 MiB
3,Python 3.11.3,binarytrees_compatible_all.py 21,82,1694248388,1244435,python,1:36.48,44348,35824,6612,100.0,0.2,1,7,1:36,0,4,30708,0,28k,0,35824,311,2,279,30,0,12.9,1.5,0.0,85.6,0.0,0.0,0.0,0.0,15794.9 MiB,3573.4 MiB,2047.2 MiB,10174.3 MiB,4096.0 MiB,3681.5 MiB,414.5 MiB,13106.3 MiB
3,Python 3.11.3,binarytrees_compatible_all.py 21,83,1694248389,1244435,python,1:37.66,44348,35824,6612,100.0,0.2,1,7,1:37,0,4,30708,0,28k,0,35824,311,2,279,30,0,12.8,0.8,0.0,86.5,0.0,0.0,0.0,0.0,15794.9 MiB,3573.9 MiB,2046.7 MiB,10174.3 MiB,4096.0 MiB,3681.5 MiB,414.5 MiB,13106.8 MiB
3,Python 3.11.3,binarytrees_compatible_all.py 21,84,1694248391,1244435,python,1:38.84,86332,76852,6612,100.0,0.5,1,7,1:38,0,4,72692,0,51k,0,76852,311,2,279,30,0,11.3,3.0,0.0,85.7,0.0,0.0,0.0,0.0,15794.9 MiB,3540.1 MiB,2080.5 MiB,10174.3 MiB,4096.0 MiB,3681.5 MiB,414.5 MiB,13073.1 MiB
3,Python 3.11.3,binarytrees_compatible_all.py 21,85,1694248392,1244435,python,1:40.01,74044,64660,6612,100.0,0.4,1,7,1:40,0,4,60404,0,127k,0,64660,311,2,279,30,0,13.4,1.5,0.0,85.1,0.0,0.0,0.0,0.0,15794.9 MiB,3542.2 MiB,2078.4 MiB,10174.3 MiB,4096.0 MiB,3681.5 MiB,414.5 MiB,13075.1 MiB
3,Python 3.11.3,binarytrees_compatible_all.py 21,86,1694248393,1244435,python,1:41.19,79164,69560,6612,100.0,0.4,1,7,1:41,0,4,65524,0,196k,0,69560,311,2,279,30,0,12.1,1.5,0.0,86.4,0.0,0.0,0.0,0.0,15794.9 MiB,3535.0 MiB,2085.6 MiB,10174.3 MiB,4096.0 MiB,3681.5 MiB,414.5 MiB,13067.9 MiB
3,Python 3.11.3,binarytrees_compatible_all.py 21,87,1694248394,1244435,python,1:42.36,80188,70568,6612,93.8,0.4,1,7,1:42,0,4,66548,0,255k,0,70568,311,2,279,30,0,11.5,1.5,0.0,87.0,0.0,0.0,0.0,0.0,15794.9 MiB,3534.5 MiB,2086.1 MiB,10174.3 MiB,4096.0 MiB,3681.5 MiB,414.5 MiB,13067.4 MiB
3,Python 3.11.3,binarytrees_compatible_all.py 21,88,1694248395,1244435,python,1:43.54,88380,79156,6612,100.0,0.5,1,7,1:43,0,4,74740,0,304k,0,79156,311,2,279,30,0,12.0,3.0,0.0,85.0,0.0,0.0,0.0,0.0,15794.9 MiB,3526.2 MiB,2094.4 MiB,10174.3 MiB,4096.0 MiB,3681.5 MiB,414.5 MiB,13059.1 MiB
3,Python 3.11.3,binarytrees_compatible_all.py 21,89,1694248396,1244435,python,1:44.70,101692,91736,6612,93.8,0.6,1,7,1:44,0,4,88052,0,347k,0,91736,311,2,279,30,0,13.0,0.8,0.0,86.3,0.0,0.0,0.0,0.0,15794.9 MiB,3519.2 MiB,2101.4 MiB,10174.3 MiB,4096.0 MiB,3681.5 MiB,414.5 MiB,13052.2 MiB
3,Python 3.11.3,binarytrees_compatible_all.py 21,90,1694248398,1244435,python,1:45.88,94524,84680,6612,100.0,0.5,1,7,1:45,0,4,80884,0,375k,0,84680,311,2,279,30,0,12.9,0.8,0.0,86.4,0.0,0.0,0.0,0.0,15794.9 MiB,3520.1 MiB,2100.5 MiB,10174.3 MiB,4096.0 MiB,3681.5 MiB,414.5 MiB,13053.0 MiB
3,Python 3.11.3,binarytrees_compatible_all.py 21,91,1694248399,1244435,python,1:47.06,102716,92744,6612,100.0,0.6,1,7,1:47,0,4,89076,0,395k,0,92744,311,2,279,30,0,12.1,1.5,0.0,86.4,0.0,0.0,0.0,0.0,15794.9 MiB,3516.3 MiB,2104.3 MiB,10174.3 MiB,4096.0 MiB,3681.5 MiB,414.5 MiB,13049.2 MiB
3,Python 3.11.3,binarytrees_compatible_all.py 21,92,1694248400,1244435,python,1:48.23,106812,96620,6612,100.0,0.6,1,3,1:48,0,4,93172,0,402k,0,96620,311,2,279,30,0,14.2,0.7,0.0,85.1,0.0,0.0,0.0,0.0,15794.9 MiB,3513.1 MiB,2107.5 MiB,10174.3 MiB,4096.0 MiB,3681.5 MiB,414.5 MiB,13046.0 MiB
3,Python 3.11.3,binarytrees_compatible_all.py 21,93,1694248401,1244435,python,1:49.41,106812,97316,6612,100.0,0.6,1,3,1:49,0,4,93172,0,403k,0,97316,311,2,279,30,0,12.8,1.5,0.0,85.7,0.0,0.0,0.0,0.0,15794.9 MiB,3512.1 MiB,2108.5 MiB,10174.3 MiB,4096.0 MiB,3681.5 MiB,414.5 MiB,13045.0 MiB
3,Python 3.11.3,binarytrees_compatible_all.py 21,94,1694248402,1244435,python,1:50.58,106812,97316,6612,100.0,0.6,1,3,1:50,0,4,93172,0,403k,0,97316,311,2,279,30,0,13.6,0.0,0.0,86.4,0.0,0.0,0.0,0.0,15794.9 MiB,3511.9 MiB,2108.7 MiB,10174.3 MiB,4096.0 MiB,3681.5 MiB,414.5 MiB,13044.8 MiB
3,Python 3.11.3,binarytrees_compatible_all.py 21,95,1694248403,1244435,python,1:51.76,106812,97316,6612,100.0,0.6,1,3,1:51,0,4,93172,0,403k,0,97316,311,2,279,30,0,13.4,1.5,0.0,85.1,0.0,0.0,0.0,0.0,15794.9 MiB,3512.1 MiB,2108.5 MiB,10174.3 MiB,4096.0 MiB,3681.5 MiB,414.5 MiB,13045.0 MiB
3,Python 3.11.3,binarytrees_compatible_all.py 21,96,1694248405,1244435,python,1:52.93,106812,97316,6612,100.0,0.6,1,3,1:52,0,4,93172,0,403k,0,97316,312,2,280,30,0,12.9,0.8,0.0,86.4,0.0,0.0,0.0,0.0,15794.9 MiB,3512.3 MiB,2108.2 MiB,10174.3 MiB,4096.0 MiB,3681.5 MiB,414.5 MiB,13045.3 MiB
3,Python 3.11.3,binarytrees_compatible_all.py 21,97,1694248406,1244435,python,1:54.11,106812,97316,6612,100.0,0.6,1,3,1:54,0,4,93172,0,403k,0,97316,312,2,280,30,0,12.0,1.5,0.0,86.5,0.0,0.0,0.0,0.0,15794.9 MiB,3512.3 MiB,2108.2 MiB,10174.3 MiB,4096.0 MiB,3681.5 MiB,414.5 MiB,13045.3 MiB
3,Python 3.11.3,binarytrees_compatible_all.py 21,98,1694248407,1244435,python,1:55.28,245052,233580,6612,93.8,1.4,1,7,1:55,0,4,231412,0,483k,0,233580,312,2,280,30,0,10.5,3.0,0.0,86.5,0.0,0.0,0.0,0.0,15794.9 MiB,3365.4 MiB,2255.2 MiB,10174.3 MiB,4096.0 MiB,3681.5 MiB,414.5 MiB,12898.4 MiB
3,Python 3.11.3,binarytrees_compatible_all.py 21,99,1694248408,1244435,python,1:56.46,195900,185196,6612,100.0,1.1,1,7,1:56,0,4,182260,0,561k,0,185196,312,2,280,30,0,12.1,1.5,0.0,86.4,0.0,0.0,0.0,0.0,15794.9 MiB,3424.3 MiB,2196.3 MiB,10174.3 MiB,4096.0 MiB,3681.5 MiB,414.5 MiB,12957.3 MiB
3,Python 3.11.3,binarytrees_compatible_all.py 21,100,1694248409,1244435,python,1:57.64,206140,194648,6612,100.0,1.2,1,7,1:57,0,4,192500,0,641k,0,194648,312,2,280,30,0,12.8,1.5,0.0,85.7,0.0,0.0,0.0,0.0,15794.9 MiB,3423.8 MiB,2196.8 MiB,10174.3 MiB,4096.0 MiB,3681.5 MiB,414.5 MiB,12956.8 MiB
3,Python 3.11.3,binarytrees_compatible_all.py 21,101,1694248411,1244435,python,1:58.81,268604,256376,6612,100.0,1.6,1,7,1:58,0,4,254964,0,734k,0,256376,312,2,280,30,0,11.4,2.3,0.0,86.4,0.0,0.0,0.0,0.0,15794.9 MiB,3366.9 MiB,2253.7 MiB,10174.3 MiB,4096.0 MiB,3681.5 MiB,414.5 MiB,12899.9 MiB
3,Python 3.11.3,binarytrees_compatible_all.py 21,102,1694248412,1244435,python,1:59.99,333116,319688,6612,100.0,2.0,1,7,1:59,0,4,319476,0,826k,0,319688,312,2,280,30,0,11.3,2.3,0.0,86.5,0.0,0.0,0.0,0.0,15794.9 MiB,3304.9 MiB,2315.7 MiB,10174.3 MiB,4096.0 MiB,3681.5 MiB,414.5 MiB,12837.9 MiB
3,Python 3.11.3,binarytrees_compatible_all.py 21,103,1694248413,1244435,python,2:01.17,244028,232572,6612,100.0,1.4,1,7,2:01,0,4,230388,0,908k,0,232572,312,2,280,30,0,10.6,3.0,0.0,86.4,0.0,0.0,0.0,0.0,15794.9 MiB,3363.2 MiB,2257.4 MiB,10174.3 MiB,4096.0 MiB,3681.5 MiB,414.5 MiB,12896.2 MiB
3,Python 3.11.3,binarytrees_compatible_all.py 21,104,1694248414,1244435,python,2:02.33,197948,187212,6612,93.8,1.2,1,7,2:02,0,4,184308,0,984k,0,187212,312,2,280,30,0,12.8,1.5,0.0,85.7,0.0,0.0,0.0,0.0,15794.9 MiB,3420.1 MiB,2200.5 MiB,10174.3 MiB,4096.0 MiB,3681.5 MiB,414.5 MiB,12953.0 MiB
3,Python 3.11.3,binarytrees_compatible_all.py 21,105,1694248415,1244435,python,2:03.52,212284,201152,6612,100.0,1.2,1,7,2:03,0,4,198644,0,1.0m,0,201152,312,2,280,30,0,12.9,1.5,0.0,85.6,0.0,0.0,0.0,0.0,15794.9 MiB,3420.6 MiB,2200.0 MiB,10174.3 MiB,4096.0 MiB,3681.5 MiB,414.5 MiB,12953.5 MiB
3,Python 3.11.3,binarytrees_compatible_all.py 21,106,1694248416,1244435,python,2:04.69,280892,267896,6612,100.0,1.7,1,7,2:04,0,4,267252,0,1.1m,0,267896,312,2,280,30,0,11.4,2.3,0.0,86.4,0.0,0.0,0.0,0.0,15794.9 MiB,3355.1 MiB,2265.4 MiB,10174.3 MiB,4096.0 MiB,3681.5 MiB,414.5 MiB,12888.1 MiB
3,Python 3.11.3,binarytrees_compatible_all.py 21,107,1694248418,1244435,python,2:05.87,345404,331736,6612,100.0,2.1,1,7,2:05,0,4,331764,0,1.2m,0,331736,312,2,280,30,0,9.8,4.5,0.0,85.6,0.0,0.0,0.0,0.0,15794.9 MiB,3290.9 MiB,2329.7 MiB,10174.3 MiB,4096.0 MiB,3681.5 MiB,414.5 MiB,12823.8 MiB
3,Python 3.11.3,binarytrees_compatible_all.py 21,108,1694248419,1244435,python,2:07.04,207164,196284,6612,100.0,1.2,1,7,2:07,0,4,193524,0,1.3m,0,196284,312,2,280,30,0,11.4,2.3,0.0,85.6,0.8,0.0,0.0,0.0,15794.9 MiB,3399.0 MiB,2221.5 MiB,10174.3 MiB,4096.0 MiB,3681.5 MiB,414.5 MiB,12932.0 MiB
3,Python 3.11.3,binarytrees_compatible_all.py 21,109,1694248420,1244435,python,2:08.21,207164,196284,6612,93.8,1.2,1,7,2:08,0,4,193524,0,1.4m,0,196284,312,2,280,30,0,12.2,0.8,0.0,87.0,0.0,0.0,0.0,0.0,15794.9 MiB,3411.0 MiB,2209.6 MiB,10174.3 MiB,4096.0 MiB,3681.5 MiB,414.5 MiB,12943.9 MiB
3,Python 3.11.3,binarytrees_compatible_all.py 21,110,1694248421,1244435,python,2:09.39,228668,217088,6612,100.0,1.3,1,7,2:09,0,4,215028,0,1.4m,0,217088,312,2,280,30,0,12.1,1.5,0.0,86.4,0.0,0.0,0.0,0.0,15794.9 MiB,3404.1 MiB,2216.5 MiB,10174.3 MiB,4096.0 MiB,3681.5 MiB,414.5 MiB,12937.1 MiB
3,Python 3.11.3,binarytrees_compatible_all.py 21,111,1694248422,1244435,python,2:10.56,299324,285944,6612,93.8,1.8,1,7,2:10,0,4,285684,0,1.5m,0,285944,312,2,280,30,0,11.2,3.0,0.0,85.8,0.0,0.0,0.0,0.0,15794.9 MiB,3335.7 MiB,2284.9 MiB,10174.3 MiB,4096.0 MiB,3681.5 MiB,414.5 MiB,12868.7 MiB
4,Python 3.11.3,binarytrees_compatible_all.py 21,0,1694248423,1245175,python,0:00.12,35120,26684,6772,70.6,0.2,1,5,0:00,0,4,21480,0,6209,0,26684,312,2,280,30,0,17.5,9.5,0.0,73.0,0.0,0.0,0.0,0.0,15794.9 MiB,3581.0 MiB,2032.6 MiB,10181.3 MiB,4096.0 MiB,3681.5 MiB,414.5 MiB,13114.0 MiB
4,Python 3.11.3,binarytrees_compatible_all.py 21,1,1694248425,1245175,python,0:01.29,35120,26684,6772,93.8,0.2,1,5,0:01,0,4,21480,0,6209,0,26684,312,2,280,30,0,12.2,1.5,0.0,85.5,0.8,0.0,0.0,0.0,15794.9 MiB,3581.0 MiB,2032.4 MiB,10181.5 MiB,4096.0 MiB,3681.5 MiB,414.5 MiB,13114.0 MiB
4,Python 3.11.3,binarytrees_compatible_all.py 21,2,1694248426,1245175,python,0:02.47,35120,26684,6772,100.0,0.2,1,5,0:02,0,4,21480,0,6209,0,26684,312,2,280,30,0,13.5,0.8,0.0,85.7,0.0,0.0,0.0,0.0,15794.9 MiB,3588.4 MiB,2032.0 MiB,10174.5 MiB,4096.0 MiB,3681.5 MiB,414.5 MiB,13121.4 MiB
4,Python 3.11.3,binarytrees_compatible_all.py 21,3,1694248427,1245175,python,0:03.64,35120,26684,6772,93.8,0.2,1,5,0:03,0,4,21480,0,6209,0,26684,312,2,280,30,0,14.9,0.0,0.0,85.1,0.0,0.0,0.0,0.0,15794.9 MiB,3588.7 MiB,2031.7 MiB,10174.5 MiB,4096.0 MiB,3681.5 MiB,414.5 MiB,13121.7 MiB
4,Python 3.11.3,binarytrees_compatible_all.py 21,4,1694248428,1245175,python,0:04.82,35120,26684,6772,100.0,0.2,1,5,0:04,0,4,21480,0,6209,0,26684,312,2,280,30,0,13.5,0.8,0.0,85.7,0.0,0.0,0.0,0.0,15794.9 MiB,3588.4 MiB,2032.0 MiB,10174.5 MiB,4096.0 MiB,3681.5 MiB,414.5 MiB,13121.4 MiB
4,Python 3.11.3,binarytrees_compatible_all.py 21,5,1694248429,1245175,python,0:05.99,35120,26684,6772,93.8,0.2,1,5,0:05,0,4,21480,0,6209,0,26684,312,2,280,30,0,13.5,0.8,0.0,85.7,0.0,0.0,0.0,0.0,15794.9 MiB,3588.2 MiB,2032.2 MiB,10174.5 MiB,4096.0 MiB,3681.5 MiB,414.5 MiB,13121.2 MiB
4,Python 3.11.3,binarytrees_compatible_all.py 21,6,1694248430,1245175,python,0:07.17,35120,26684,6772,100.0,0.2,1,5,0:07,0,4,21480,0,6209,0,26684,312,2,280,30,0,12.9,0.8,0.0,85.6,0.8,0.0,0.0,0.0,15794.9 MiB,3588.4 MiB,2032.0 MiB,10174.5 MiB,4096.0 MiB,3681.5 MiB,414.5 MiB,13121.4 MiB
4,Python 3.11.3,binarytrees_compatible_all.py 21,7,1694248432,1245175,python,0:08.34,35120,26684,6772,93.8,0.2,1,5,0:08,0,4,21480,0,6209,0,26684,312,2,280,30,0,12.0,1.5,0.0,86.5,0.0,0.0,0.0,0.0,15794.9 MiB,3588.7 MiB,2031.7 MiB,10174.5 MiB,4096.0 MiB,3681.5 MiB,414.5 MiB,13121.7 MiB
4,Python 3.11.3,binarytrees_compatible_all.py 21,8,1694248433,1245175,python,0:09.52,35120,26684,6772,100.0,0.2,1,5,0:09,0,4,21480,0,6209,0,26684,312,2,280,30,0,12.9,0.8,0.0,86.4,0.0,0.0,0.0,0.0,15794.9 MiB,3588.9 MiB,2031.5 MiB,10174.5 MiB,4096.0 MiB,3681.5 MiB,414.5 MiB,13121.9 MiB
4,Python 3.11.3,binarytrees_compatible_all.py 21,9,1694248434,1245175,python,0:10.70,35120,26684,6772,100.0,0.2,1,5,0:10,0,4,21480,0,6209,0,26684,312,2,280,30,0,12.9,0.8,0.0,86.4,0.0,0.0,0.0,0.0,15794.9 MiB,3589.1 MiB,2031.2 MiB,10174.5 MiB,4096.0 MiB,3681.5 MiB,414.5 MiB,13122.2 MiB
4,Python 3.11.3,binarytrees_compatible_all.py 21,10,1694248435,1245175,python,0:11.87,35120,26684,6772,93.8,0.2,1,5,0:11,0,4,21480,0,6209,0,26684,312,2,280,30,0,13.4,1.5,0.0,85.1,0.0,0.0,0.0,0.0,15794.9 MiB,3589.4 MiB,2031.0 MiB,10174.5 MiB,4096.0 MiB,3681.5 MiB,414.5 MiB,13122.4 MiB
4,Python 3.11.3,binarytrees_compatible_all.py 21,11,1694248436,1245175,python,0:13.05,35120,26684,6772,100.0,0.2,1,5,0:13,0,4,21480,0,6209,0,26684,312,2,280,30,0,13.5,0.8,0.0,85.7,0.0,0.0,0.0,0.0,15794.9 MiB,3589.4 MiB,2031.0 MiB,10174.5 MiB,4096.0 MiB,3681.5 MiB,414.5 MiB,13122.4 MiB
4,Python 3.11.3,binarytrees_compatible_all.py 21,12,1694248438,1245175,python,0:14.22,22844,14516,6772,100.0,0.1,1,1,0:14,0,4,9204,0,7237,0,14516,312,2,280,30,0,13.4,1.5,0.0,85.1,0.0,0.0,0.0,0.0,15794.9 MiB,3605.1 MiB,2015.2 MiB,10174.5 MiB,4096.0 MiB,3681.5 MiB,414.5 MiB,13138.2 MiB
4,Python 3.11.3,binarytrees_compatible_all.py 21,13,1694248439,1245175,python,0:15.40,22844,14516,6772,100.0,0.1,1,1,0:15,0,4,9204,0,7237,0,14516,312,2,280,30,0,12.2,0.8,0.0,87.0,0.0,0.0,0.0,0.0,15794.9 MiB,3604.2 MiB,2016.2 MiB,10174.5 MiB,4096.0 MiB,3681.5 MiB,414.5 MiB,13137.2 MiB
4,Python 3.11.3,binarytrees_compatible_all.py 21,14,1694248440,1245175,python,0:16.57,22844,14516,6772,100.0,0.1,1,1,0:16,0,4,9204,0,7237,0,14516,312,2,280,30,0,12.9,0.8,0.0,86.4,0.0,0.0,0.0,0.0,15794.9 MiB,3604.2 MiB,2016.2 MiB,10174.5 MiB,4096.0 MiB,3681.5 MiB,414.5 MiB,13137.2 MiB
4,Python 3.11.3,binarytrees_compatible_all.py 21,15,1694248441,1245175,python,0:17.75,22844,14516,6772,100.0,0.1,1,1,0:17,0,4,9204,0,7237,0,14516,312,2,280,30,0,12.8,1.5,0.0,85.7,0.0,0.0,0.0,0.0,15794.9 MiB,3604.7 MiB,2015.7 MiB,10174.5 MiB,4096.0 MiB,3681.5 MiB,414.5 MiB,13137.7 MiB
4,Python 3.11.3,binarytrees_compatible_all.py 21,16,1694248442,1245175,python,0:18.92,22844,14516,6772,100.0,0.1,1,5,0:18,0,4,9204,0,7237,0,14516,312,2,280,30,0,12.1,1.5,0.0,86.4,0.0,0.0,0.0,0.0,15794.9 MiB,3604.7 MiB,2015.7 MiB,10174.5 MiB,4096.0 MiB,3681.5 MiB,414.5 MiB,13137.7 MiB
4,Python 3.11.3,binarytrees_compatible_all.py 21,17,1694248443,1245175,python,0:20.09,22844,14516,6772,100.0,0.1,1,5,0:20,0,4,9204,0,7237,0,14516,312,2,280,30,0,12.8,1.5,0.0,85.7,0.0,0.0,0.0,0.0,15794.9 MiB,3604.4 MiB,2015.9 MiB,10174.5 MiB,4096.0 MiB,3681.5 MiB,414.5 MiB,13137.4 MiB
4,Python 3.11.3,binarytrees_compatible_all.py 21,18,1694248445,1245175,python,0:21.27,22844,14516,6772,100.0,0.1,1,5,0:21,0,4,9204,0,7237,0,14516,312,2,280,30,0,12.8,1.5,0.0,85.7,0.0,0.0,0.0,0.0,15794.9 MiB,3604.4 MiB,2015.9 MiB,10174.5 MiB,4096.0 MiB,3681.5 MiB,414.5 MiB,13137.5 MiB
4,Python 3.11.3,binarytrees_compatible_all.py 21,19,1694248446,1245175,python,0:22.44,22844,14516,6772,100.0,0.1,1,5,0:22,0,4,9204,0,7237,0,14516,312,2,280,30,0,12.8,1.5,0.0,85.7,0.0,0.0,0.0,0.0,15794.9 MiB,3604.4 MiB,2015.9 MiB,10174.5 MiB,4096.0 MiB,3681.5 MiB,414.5 MiB,13137.5 MiB
4,Python 3.11.3,binarytrees_compatible_all.py 21,20,1694248447,1245175,python,0:23.62,22844,14516,6772,100.0,0.1,1,5,0:23,0,4,9204,0,7237,0,14516,312,2,280,30,0,13.0,0.8,0.0,86.3,0.0,0.0,0.0,0.0,15794.9 MiB,3604.4 MiB,2015.9 MiB,10174.5 MiB,4096.0 MiB,3681.5 MiB,414.5 MiB,13137.5 MiB
4,Python 3.11.3,binarytrees_compatible_all.py 21,21,1694248448,1245175,python,0:24.79,22844,14516,6772,100.0,0.1,1,5,0:24,0,4,9204,0,7237,0,14516,312,2,280,30,0,13.5,0.8,0.0,85.7,0.0,0.0,0.0,0.0,15794.9 MiB,3604.4 MiB,2015.9 MiB,10174.5 MiB,4096.0 MiB,3681.5 MiB,414.5 MiB,13137.5 MiB
4,Python 3.11.3,binarytrees_compatible_all.py 21,22,1694248449,1245175,python,0:25.97,22844,14516,6772,100.0,0.1,1,5,0:25,0,4,9204,0,7237,0,14516,312,2,280,30,0,12.8,0.8,0.0,86.5,0.0,0.0,0.0,0.0,15794.9 MiB,3604.2 MiB,2016.2 MiB,10174.5 MiB,4096.0 MiB,3681.5 MiB,414.5 MiB,13137.2 MiB
4,Python 3.11.3,binarytrees_compatible_all.py 21,23,1694248450,1245175,python,0:27.14,22844,14780,6772,100.0,0.1,1,5,0:27,0,4,9204,0,7277,0,14780,312,2,280,30,0,12.8,1.5,0.0,85.7,0.0,0.0,0.0,0.0,15794.9 MiB,3604.2 MiB,2016.2 MiB,10174.5 MiB,4096.0 MiB,3681.5 MiB,414.5 MiB,13137.2 MiB
4,Python 3.11.3,binarytrees_compatible_all.py 21,24,1694248452,1245175,python,0:28.32,23868,15044,6772,100.0,0.1,1,5,0:28,0,4,10228,0,7363,0,15044,312,2,280,30,0,13.5,0.8,0.0,85.7,0.0,0.0,0.0,0.0,15794.9 MiB,3603.9 MiB,2016.4 MiB,10174.5 MiB,4096.0 MiB,3681.5 MiB,414.5 MiB,13137.0 MiB
4,Python 3.11.3,binarytrees_compatible_all.py 21,25,1694248453,1245175,python,0:29.49,23868,15308,6772,100.0,0.1,1,5,0:29,0,4,10228,0,7449,0,15308,312,2,280,30,0,12.9,0.8,0.0,86.4,0.0,0.0,0.0,0.0,15794.9 MiB,3603.9 MiB,2016.4 MiB,10174.5 MiB,4096.0 MiB,3681.5 MiB,414.5 MiB,13137.0 MiB
4,Python 3.11.3,binarytrees_compatible_all.py 21,26,1694248454,1245175,python,0:30.67,23868,15836,6772,100.0,0.1,1,5,0:30,0,4,10228,0,7534,0,15836,312,2,280,30,0,13.0,0.8,0.0,86.3,0.0,0.0,0.0,0.0,15794.9 MiB,3603.7 MiB,2016.7 MiB,10174.5 MiB,4096.0 MiB,3681.5 MiB,414.5 MiB,13136.7 MiB
4,Python 3.11.3,binarytrees_compatible_all.py 21,27,1694248455,1245175,python,0:31.85,24892,16100,6772,100.0,0.1,1,5,0:31,0,4,11252,0,7620,0,16100,312,2,280,30,0,13.3,1.5,0.0,85.2,0.0,0.0,0.0,0.0,15794.9 MiB,3602.7 MiB,2017.6 MiB,10174.6 MiB,4096.0 MiB,3681.5 MiB,414.5 MiB,13135.8 MiB
4,Python 3.11.3,binarytrees_compatible_all.py 21,28,1694248456,1245175,python,0:33.02,24892,16364,6772,100.0,0.1,1,5,0:33,0,4,11252,0,7706,0,16364,312,2,280,30,0,13.6,0.8,0.0,85.6,0.0,0.0,0.0,0.0,15794.9 MiB,3602.4 MiB,2017.8 MiB,10174.6 MiB,4096.0 MiB,3681.5 MiB,414.5 MiB,13135.5 MiB
4,Python 3.11.3,binarytrees_compatible_all.py 21,29,1694248458,1245175,python,0:34.20,24892,16628,6772,100.0,0.1,1,5,0:34,0,4,11252,0,7792,0,16628,312,2,280,30,0,12.9,0.8,0.0,86.4,0.0,0.0,0.0,0.0,15794.9 MiB,3602.4 MiB,2017.9 MiB,10174.5 MiB,4096.0 MiB,3681.5 MiB,414.5 MiB,13135.5 MiB
4,Python 3.11.3,binarytrees_compatible_all.py 21,30,1694248459,1245175,python,0:35.37,25916,17156,6772,100.0,0.1,1,5,0:35,0,4,12276,0,7878,0,17156,312,2,280,30,0,13.6,0.0,0.0,86.4,0.0,0.0,0.0,0.0,15794.9 MiB,3602.0 MiB,2018.4 MiB,10174.5 MiB,4096.0 MiB,3681.5 MiB,414.5 MiB,13135.0 MiB
4,Python 3.11.3,binarytrees_compatible_all.py 21,31,1694248460,1245175,python,0:36.55,25916,17420,6772,100.0,0.1,1,5,0:36,0,4,12276,0,7963,0,17420,312,2,280,30,0,12.7,1.5,0.0,85.8,0.0,0.0,0.0,0.0,15794.9 MiB,3602.0 MiB,2018.4 MiB,10174.5 MiB,4096.0 MiB,3681.5 MiB,414.5 MiB,13135.0 MiB
4,Python 3.11.3,binarytrees_compatible_all.py 21,32,1694248461,1245175,python,0:37.72,25916,17684,6772,100.0,0.1,1,5,0:37,0,4,12276,0,8049,0,17684,312,2,280,30,0,12.9,1.5,0.0,85.6,0.0,0.0,0.0,0.0,15794.9 MiB,3601.7 MiB,2018.6 MiB,10174.5 MiB,4096.0 MiB,3681.5 MiB,414.5 MiB,13134.8 MiB
4,Python 3.11.3,binarytrees_compatible_all.py 21,33,1694248462,1245175,python,0:38.89,26940,18212,6772,100.0,0.1,1,5,0:38,0,4,13300,0,8135,0,18212,312,2,280,30,0,13.5,0.8,0.0,85.7,0.0,0.0,0.0,0.0,15794.9 MiB,3601.5 MiB,2018.9 MiB,10174.5 MiB,4096.0 MiB,3681.5 MiB,414.5 MiB,13134.5 MiB
4,Python 3.11.3,binarytrees_compatible_all.py 21,34,1694248463,1245175,python,0:40.07,26940,18476,6772,100.0,0.1,1,1,0:40,0,4,13300,0,8220,0,18476,312,2,280,30,0,12.7,1.5,0.0,85.8,0.0,0.0,0.0,0.0,15794.9 MiB,3601.0 MiB,2019.4 MiB,10174.5 MiB,4096.0 MiB,3681.5 MiB,414.5 MiB,13134.0 MiB
4,Python 3.11.3,binarytrees_compatible_all.py 21,35,1694248465,1245175,python,0:41.24,23868,15832,6772,93.8,0.1,1,1,0:41,0,4,10228,0,8285,0,15832,312,2,280,30,0,12.9,0.8,0.0,85.6,0.8,0.0,0.0,0.0,15794.9 MiB,3600.7 MiB,2019.6 MiB,10174.6 MiB,4096.0 MiB,3681.5 MiB,414.5 MiB,13133.8 MiB
4,Python 3.11.3,binarytrees_compatible_all.py 21,36,1694248466,1245175,python,0:42.42,23868,15832,6772,100.0,0.1,1,1,0:42,0,4,10228,0,8286,0,15832,312,2,280,30,0,12.8,0.8,0.0,86.5,0.0,0.0,0.0,0.0,15794.9 MiB,3600.5 MiB,2019.8 MiB,10174.6 MiB,4096.0 MiB,3681.5 MiB,414.5 MiB,13133.6 MiB
4,Python 3.11.3,binarytrees_compatible_all.py 21,37,1694248467,1245175,python,0:43.59,23868,15832,6772,93.8,0.1,1,1,0:43,0,4,10228,0,8286,0,15832,312,2,280,30,0,12.1,1.5,0.0,86.4,0.0,0.0,0.0,0.0,15794.9 MiB,3600.5 MiB,2019.8 MiB,10174.6 MiB,4096.0 MiB,3681.5 MiB,414.5 MiB,13133.6 MiB
4,Python 3.11.3,binarytrees_compatible_all.py 21,38,1694248468,1245175,python,0:44.77,23868,15832,6772,100.0,0.1,1,1,0:44,0,4,10228,0,8286,0,15832,312,2,280,30,0,13.6,0.0,0.0,86.4,0.0,0.0,0.0,0.0,15794.9 MiB,3600.5 MiB,2019.8 MiB,10174.6 MiB,4096.0 MiB,3681.5 MiB,414.5 MiB,13133.6 MiB
4,Python 3.11.3,binarytrees_compatible_all.py 21,39,1694248469,1245175,python,0:45.95,23868,15832,6772,100.0,0.1,1,1,0:45,0,4,10228,0,8286,0,15832,312,2,280,30,0,13.5,1.4,0.0,85.1,0.0,0.0,0.0,0.0,15794.9 MiB,3599.5 MiB,2020.8 MiB,10174.6 MiB,4096.0 MiB,3681.5 MiB,414.5 MiB,13132.6 MiB
4,Python 3.11.3,binarytrees_compatible_all.py 21,40,1694248470,1245175,python,0:47.13,23868,15832,6772,100.0,0.1,1,1,0:47,0,4,10228,0,8286,0,15832,312,2,280,30,0,14.3,0.0,0.0,85.0,0.8,0.0,0.0,0.0,15794.9 MiB,3599.5 MiB,2020.8 MiB,10174.6 MiB,4096.0 MiB,3681.5 MiB,414.5 MiB,13132.6 MiB
4,Python 3.11.3,binarytrees_compatible_all.py 21,41,1694248472,1245175,python,0:48.31,23868,15832,6772,100.0,0.1,1,1,0:48,0,4,10228,0,8286,0,15832,312,2,280,30,0,12.8,1.5,0.0,85.7,0.0,0.0,0.0,0.0,15794.9 MiB,3599.2 MiB,2021.0 MiB,10174.6 MiB,4096.0 MiB,3681.5 MiB,414.5 MiB,13132.4 MiB
4,Python 3.11.3,binarytrees_compatible_all.py 21,42,1694248473,1245175,python,0:49.48,23868,15832,6772,93.8,0.1,1,1,0:49,0,4,10228,0,8286,0,15832,312,2,280,30,0,13.4,0.7,0.0,85.8,0.0,0.0,0.0,0.0,15794.9 MiB,3599.2 MiB,2021.0 MiB,10174.6 MiB,4096.0 MiB,3681.5 MiB,414.5 MiB,13132.4 MiB
4,Python 3.11.3,binarytrees_compatible_all.py 21,43,1694248474,1245175,python,0:50.66,23868,15832,6772,100.0,0.1,1,1,0:50,0,4,10228,0,8286,0,15832,312,2,280,30,0,12.1,1.5,0.0,86.4,0.0,0.0,0.0,0.0,15794.9 MiB,3599.2 MiB,2021.0 MiB,10174.6 MiB,4096.0 MiB,3681.5 MiB,414.5 MiB,13132.4 MiB
4,Python 3.11.3,binarytrees_compatible_all.py 21,44,1694248475,1245175,python,0:51.83,23868,15832,6772,100.0,0.1,1,1,0:51,0,4,10228,0,8286,0,15832,312,2,280,30,0,12.9,0.8,0.0,86.4,0.0,0.0,0.0,0.0,15794.9 MiB,3599.0 MiB,2021.2 MiB,10174.6 MiB,4096.0 MiB,3681.5 MiB,414.5 MiB,13132.1 MiB
4,Python 3.11.3,binarytrees_compatible_all.py 21,45,1694248476,1245175,python,0:53.00,23868,15832,6772,93.8,0.1,1,1,0:53,0,4,10228,0,8290,0,15832,312,2,280,30,0,12.9,0.8,0.0,86.4,0.0,0.0,0.0,0.0,15794.9 MiB,3599.0 MiB,2021.2 MiB,10174.6 MiB,4096.0 MiB,3681.5 MiB,414.5 MiB,13132.1 MiB
4,Python 3.11.3,binarytrees_compatible_all.py 21,46,1694248478,1245175,python,0:54.18,23868,15832,6772,100.0,0.1,1,1,0:54,0,4,10228,0,8312,0,15832,312,2,280,30,0,12.8,1.5,0.0,85.7,0.0,0.0,0.0,0.0,15794.9 MiB,3599.0 MiB,2021.2 MiB,10174.6 MiB,4096.0 MiB,3681.5 MiB,414.5 MiB,13132.1 MiB
4,Python 3.11.3,binarytrees_compatible_all.py 21,47,1694248479,1245175,python,0:55.36,23868,15832,6772,100.0,0.1,1,1,0:55,0,4,10228,0,8330,0,15832,312,2,280,30,0,13.3,1.5,0.0,85.2,0.0,0.0,0.0,0.0,15794.9 MiB,3599.0 MiB,2021.2 MiB,10174.6 MiB,4096.0 MiB,3681.5 MiB,414.5 MiB,13132.1 MiB
4,Python 3.11.3,binarytrees_compatible_all.py 21,48,1694248480,1245175,python,0:56.53,23868,15832,6772,100.0,0.1,1,1,0:56,0,4,10228,0,8330,0,15832,312,2,280,30,0,13.4,1.5,0.0,85.1,0.0,0.0,0.0,0.0,15794.9 MiB,3598.8 MiB,2021.5 MiB,10174.6 MiB,4096.0 MiB,3681.5 MiB,414.5 MiB,13131.9 MiB
4,Python 3.11.3,binarytrees_compatible_all.py 21,49,1694248481,1245175,python,0:57.72,23868,15832,6772,100.0,0.1,1,1,0:57,0,4,10228,0,8330,0,15832,312,2,280,30,0,12.2,1.4,0.0,85.6,0.7,0.0,0.0,0.0,15794.9 MiB,3600.0 MiB,2020.2 MiB,10174.7 MiB,4096.0 MiB,3681.5 MiB,414.5 MiB,13133.1 MiB
4,Python 3.11.3,binarytrees_compatible_all.py 21,50,1694248482,1245175,python,0:58.89,23868,15832,6772,93.8,0.1,1,1,0:58,0,4,10228,0,8330,0,15832,312,2,280,30,0,12.9,0.8,0.0,86.4,0.0,0.0,0.0,0.0,15794.9 MiB,3600.2 MiB,2020.0 MiB,10174.7 MiB,4096.0 MiB,3681.5 MiB,414.5 MiB,13133.4 MiB
4,Python 3.11.3,binarytrees_compatible_all.py 21,51,1694248483,1245175,python,1:00.07,24892,15832,6772,100.0,0.1,1,1,1:00,0,4,11252,0,8333,0,15832,312,2,280,30,0,12.8,1.5,0.0,85.7,0.0,0.0,0.0,0.0,15794.9 MiB,3600.0 MiB,2020.2 MiB,10174.7 MiB,4096.0 MiB,3681.5 MiB,414.5 MiB,13133.1 MiB
4,Python 3.11.3,binarytrees_compatible_all.py 21,52,1694248485,1245175,python,1:01.24,24892,15832,6772,100.0,0.1,1,1,1:01,0,4,11252,0,8338,0,15832,312,2,280,30,0,13.4,1.5,0.0,85.1,0.0,0.0,0.0,0.0,15794.9 MiB,3600.2 MiB,2020.0 MiB,10174.7 MiB,4096.0 MiB,3681.5 MiB,414.5 MiB,13133.4 MiB
4,Python 3.11.3,binarytrees_compatible_all.py 21,53,1694248486,1245175,python,1:02.42,24892,15832,6772,100.0,0.1,1,1,1:02,0,4,11252,0,8344,0,15832,312,2,280,30,0,13.5,0.8,0.0,85.7,0.0,0.0,0.0,0.0,15794.9 MiB,3600.2 MiB,2020.0 MiB,10174.7 MiB,4096.0 MiB,3681.5 MiB,414.5 MiB,13133.4 MiB
4,Python 3.11.3,binarytrees_compatible_all.py 21,54,1694248487,1245175,python,1:03.59,24892,16092,6772,93.8,0.1,1,1,1:03,0,4,11252,0,8349,0,16092,312,2,280,30,0,12.2,0.8,0.0,87.0,0.0,0.0,0.0,0.0,15794.9 MiB,3601.0 MiB,2019.2 MiB,10174.7 MiB,4096.0 MiB,3681.5 MiB,414.5 MiB,13134.1 MiB
4,Python 3.11.3,binarytrees_compatible_all.py 21,55,1694248488,1245175,python,1:04.77,24892,16092,6772,100.0,0.1,1,1,1:04,0,4,11252,0,8354,0,16092,312,2,280,30,0,12.2,0.8,0.0,87.0,0.0,0.0,0.0,0.0,15794.9 MiB,3600.7 MiB,2019.5 MiB,10174.7 MiB,4096.0 MiB,3681.5 MiB,414.5 MiB,13133.9 MiB
4,Python 3.11.3,binarytrees_compatible_all.py 21,56,1694248489,1245175,python,1:05.94,24892,16092,6772,93.8,0.1,1,1,1:05,0,4,11252,0,8359,0,16092,312,2,280,30,0,12.9,0.8,0.0,86.4,0.0,0.0,0.0,0.0,15794.9 MiB,3600.2 MiB,2020.0 MiB,10174.7 MiB,4096.0 MiB,3681.5 MiB,414.5 MiB,13133.4 MiB
4,Python 3.11.3,binarytrees_compatible_all.py 21,57,1694248490,1245175,python,1:07.12,24892,16092,6772,100.0,0.1,1,5,1:07,0,4,11252,0,8365,0,16092,312,2,280,30,0,13.0,0.8,0.0,86.3,0.0,0.0,0.0,0.0,15794.9 MiB,3600.2 MiB,2020.0 MiB,10174.7 MiB,4096.0 MiB,3681.5 MiB,414.5 MiB,13133.4 MiB
4,Python 3.11.3,binarytrees_compatible_all.py 21,58,1694248492,1245175,python,1:08.30,24892,16092,6772,100.0,0.1,1,5,1:08,0,4,11252,0,8370,0,16092,312,2,280,30,0,13.5,0.8,0.0,85.7,0.0,0.0,0.0,0.0,15794.9 MiB,3600.0 MiB,2020.2 MiB,10174.7 MiB,4096.0 MiB,3681.5 MiB,414.5 MiB,13133.1 MiB
4,Python 3.11.3,binarytrees_compatible_all.py 21,59,1694248493,1245175,python,1:09.47,24892,16092,6772,100.0,0.1,1,5,1:09,0,4,11252,0,8375,0,16092,312,2,280,30,0,12.9,0.8,0.0,86.4,0.0,0.0,0.0,0.0,15794.9 MiB,3600.0 MiB,2020.2 MiB,10174.7 MiB,4096.0 MiB,3681.5 MiB,414.5 MiB,13133.1 MiB
4,Python 3.11.3,binarytrees_compatible_all.py 21,60,1694248494,1245175,python,1:10.64,27964,20052,6772,93.8,0.1,1,5,1:10,0,4,14324,0,9338,0,20052,312,2,280,30,0,13.4,0.7,0.0,85.8,0.0,0.0,0.0,0.0,15794.9 MiB,3596.3 MiB,2023.9 MiB,10174.7 MiB,4096.0 MiB,3681.5 MiB,414.5 MiB,13129.4 MiB
4,Python 3.11.3,binarytrees_compatible_all.py 21,61,1694248495,1245175,python,1:11.82,27964,20052,6772,100.0,0.1,1,5,1:11,0,4,14324,0,9338,0,20052,312,2,280,30,0,12.8,1.5,0.0,85.7,0.0,0.0,0.0,0.0,15794.9 MiB,3596.1 MiB,2024.1 MiB,10174.7 MiB,4096.0 MiB,3681.5 MiB,414.5 MiB,13129.2 MiB
4,Python 3.11.3,binarytrees_compatible_all.py 21,62,1694248496,1245175,python,1:13.00,27964,20052,6772,100.0,0.1,1,5,1:13,0,4,14324,0,9338,0,20052,312,2,280,30,0,12.8,2.3,0.0,83.5,1.5,0.0,0.0,0.0,15794.9 MiB,3592.9 MiB,2026.5 MiB,10175.5 MiB,4096.0 MiB,3681.5 MiB,414.5 MiB,13126.8 MiB
4,Python 3.11.3,binarytrees_compatible_all.py 21,63,1694248497,1245175,python,1:14.17,27964,20052,6772,93.8,0.1,1,5,1:14,0,4,14324,0,9338,0,20052,312,2,280,30,0,12.2,0.8,0.0,87.0,0.0,0.0,0.0,0.0,15794.9 MiB,3592.9 MiB,2026.5 MiB,10175.5 MiB,4096.0 MiB,3681.5 MiB,414.5 MiB,13126.8 MiB
4,Python 3.11.3,binarytrees_compatible_all.py 21,64,1694248499,1245175,python,1:15.35,27964,20052,6772,100.0,0.1,1,5,1:15,0,4,14324,0,9338,0,20052,312,2,280,30,0,13.4,1.5,0.0,85.1,0.0,0.0,0.0,0.0,15794.9 MiB,3592.6 MiB,2026.8 MiB,10175.5 MiB,4096.0 MiB,3681.5 MiB,414.5 MiB,13126.6 MiB
4,Python 3.11.3,binarytrees_compatible_all.py 21,65,1694248500,1245175,python,1:16.52,27964,20052,6772,100.0,0.1,1,1,1:16,0,4,14324,0,9338,0,20052,312,2,280,30,0,13.4,1.5,0.0,85.1,0.0,0.0,0.0,0.0,15794.9 MiB,3592.6 MiB,2026.9 MiB,10175.3 MiB,4096.0 MiB,3681.5 MiB,414.5 MiB,13126.6 MiB
4,Python 3.11.3,binarytrees_compatible_all.py 21,66,1694248501,1245175,python,1:17.70,27964,20052,6772,100.0,0.1,1,1,1:17,0,4,14324,0,9338,0,20052,312,2,280,30,0,12.8,1.5,0.0,85.7,0.0,0.0,0.0,0.0,15794.9 MiB,3591.9 MiB,2027.7 MiB,10175.3 MiB,4096.0 MiB,3681.5 MiB,414.5 MiB,13125.8 MiB
4,Python 3.11.3,binarytrees_compatible_all.py 21,67,1694248502,1245175,python,1:18.87,27964,20052,6772,93.8,0.1,1,1,1:18,0,4,14324,0,9338,0,20052,312,2,280,30,0,12.9,0.8,0.0,86.4,0.0,0.0,0.0,0.0,15794.9 MiB,3592.6 MiB,2026.8 MiB,10175.5 MiB,4096.0 MiB,3681.5 MiB,414.5 MiB,13126.7 MiB
4,Python 3.11.3,binarytrees_compatible_all.py 21,68,1694248503,1245175,python,1:20.05,27964,20052,6772,100.0,0.1,1,1,1:20,0,4,14324,0,9338,0,20052,312,2,280,30,0,12.8,0.8,0.0,86.5,0.0,0.0,0.0,0.0,15794.9 MiB,3592.4 MiB,2027.0 MiB,10175.5 MiB,4096.0 MiB,3681.5 MiB,414.5 MiB,13126.5 MiB
4,Python 3.11.3,binarytrees_compatible_all.py 21,69,1694248505,1245175,python,1:21.22,27964,20052,6772,93.8,0.1,1,5,1:21,0,4,14324,0,9338,0,20052,312,2,280,30,0,13.6,0.8,0.0,85.6,0.0,0.0,0.0,0.0,15794.9 MiB,3591.9 MiB,2027.5 MiB,10175.5 MiB,4096.0 MiB,3681.5 MiB,414.5 MiB,13126.0 MiB
4,Python 3.11.3,binarytrees_compatible_all.py 21,70,1694248506,1245175,python,1:22.40,27964,20052,6772,100.0,0.1,1,5,1:22,0,4,14324,0,9338,0,20052,312,2,280,30,0,12.7,1.5,0.0,85.8,0.0,0.0,0.0,0.0,15794.9 MiB,3591.9 MiB,2027.5 MiB,10175.5 MiB,4096.0 MiB,3681.5 MiB,414.5 MiB,13126.0 MiB
4,Python 3.11.3,binarytrees_compatible_all.py 21,71,1694248507,1245175,python,1:23.57,27964,20052,6772,93.8,0.1,1,5,1:23,0,4,14324,0,9338,0,20052,312,2,280,30,0,12.9,0.8,0.0,86.4,0.0,0.0,0.0,0.0,15794.9 MiB,3591.9 MiB,2027.5 MiB,10175.5 MiB,4096.0 MiB,3681.5 MiB,414.5 MiB,13126.0 MiB
4,Python 3.11.3,binarytrees_compatible_all.py 21,72,1694248508,1245175,python,1:24.75,44348,35972,6772,100.0,0.2,1,5,1:24,0,4,30708,0,30k,0,35972,312,2,280,30,0,12.8,1.5,0.0,85.7,0.0,0.0,0.0,0.0,15794.9 MiB,3575.6 MiB,2043.8 MiB,10175.5 MiB,4096.0 MiB,3681.5 MiB,414.5 MiB,13109.8 MiB
4,Python 3.11.3,binarytrees_compatible_all.py 21,73,1694248509,1245175,python,1:25.92,44348,35972,6772,100.0,0.2,1,5,1:25,0,4,30708,0,30k,0,35972,312,2,280,30,0,12.9,0.8,0.0,86.4,0.0,0.0,0.0,0.0,15794.9 MiB,3575.6 MiB,2043.8 MiB,10175.5 MiB,4096.0 MiB,3681.5 MiB,414.5 MiB,13109.8 MiB
4,Python 3.11.3,binarytrees_compatible_all.py 21,74,1694248510,1245175,python,1:27.10,44348,35972,6772,100.0,0.2,1,5,1:27,0,4,30708,0,30k,0,35972,312,2,280,30,0,13.5,0.8,0.0,85.7,0.0,0.0,0.0,0.0,15794.9 MiB,3574.9 MiB,2044.5 MiB,10175.5 MiB,4096.0 MiB,3681.5 MiB,414.5 MiB,13109.0 MiB
4,Python 3.11.3,binarytrees_compatible_all.py 21,75,1694248512,1245175,python,1:28.27,44348,35972,6772,100.0,0.2,1,5,1:28,0,4,30708,0,30k,0,35972,312,2,280,30,0,12.7,1.5,0.0,85.8,0.0,0.0,0.0,0.0,15794.9 MiB,3574.9 MiB,2044.5 MiB,10175.5 MiB,4096.0 MiB,3681.5 MiB,414.5 MiB,13109.0 MiB
4,Python 3.11.3,binarytrees_compatible_all.py 21,76,1694248513,1245175,python,1:29.45,44348,35972,6772,100.0,0.2,1,5,1:29,0,4,30708,0,30k,0,35972,312,2,280,30,0,13.6,0.8,0.0,85.6,0.0,0.0,0.0,0.0,15794.9 MiB,3574.7 MiB,2044.7 MiB,10175.5 MiB,4096.0 MiB,3681.5 MiB,414.5 MiB,13108.8 MiB
4,Python 3.11.3,binarytrees_compatible_all.py 21,77,1694248514,1245175,python,1:30.62,44348,35972,6772,100.0,0.2,1,5,1:30,0,4,30708,0,30k,0,35972,312,3,279,30,0,13.6,0.0,0.0,86.4,0.0,0.0,0.0,0.0,15794.9 MiB,3574.7 MiB,2044.7 MiB,10175.5 MiB,4096.0 MiB,3681.5 MiB,414.5 MiB,13108.8 MiB
4,Python 3.11.3,binarytrees_compatible_all.py 21,78,1694248515,1245175,python,1:31.80,44348,35972,6772,100.0,0.2,1,5,1:31,0,4,30708,0,30k,0,35972,312,2,280,30,0,12.8,0.8,0.0,86.5,0.0,0.0,0.0,0.0,15794.9 MiB,3574.7 MiB,2044.7 MiB,10175.5 MiB,4096.0 MiB,3681.5 MiB,414.5 MiB,13108.8 MiB
4,Python 3.11.3,binarytrees_compatible_all.py 21,79,1694248516,1245175,python,1:32.97,44348,35972,6772,93.8,0.2,1,5,1:32,0,4,30708,0,30k,0,35972,312,2,280,30,0,13.0,0.8,0.0,86.3,0.0,0.0,0.0,0.0,15794.9 MiB,3574.4 MiB,2045.0 MiB,10175.5 MiB,4096.0 MiB,3681.5 MiB,414.5 MiB,13108.5 MiB
4,Python 3.11.3,binarytrees_compatible_all.py 21,80,1694248517,1245175,python,1:34.15,44348,35972,6772,100.0,0.2,1,5,1:34,0,4,30708,0,30k,0,35972,312,2,280,30,0,12.9,0.8,0.0,86.4,0.0,0.0,0.0,0.0,15794.9 MiB,3574.0 MiB,2045.4 MiB,10175.5 MiB,4096.0 MiB,3681.5 MiB,414.5 MiB,13108.1 MiB
4,Python 3.11.3,binarytrees_compatible_all.py 21,81,1694248519,1245175,python,1:35.33,44348,35972,6772,100.0,0.2,1,1,1:35,0,4,30708,0,30k,0,35972,312,2,280,30,0,13.5,0.8,0.0,85.7,0.0,0.0,0.0,0.0,15794.9 MiB,3573.7 MiB,2045.7 MiB,10175.5 MiB,4096.0 MiB,3681.5 MiB,414.5 MiB,13107.9 MiB
4,Python 3.11.3,binarytrees_compatible_all.py 21,82,1694248520,1245175,python,1:36.50,44348,35972,6772,100.0,0.2,1,1,1:36,0,4,30708,0,30k,0,35972,312,2,280,30,0,13.5,0.8,0.0,85.7,0.0,0.0,0.0,0.0,15794.9 MiB,3572.7 MiB,2046.7 MiB,10175.5 MiB,4096.0 MiB,3681.5 MiB,414.5 MiB,13106.9 MiB
4,Python 3.11.3,binarytrees_compatible_all.py 21,83,1694248521,1245175,python,1:37.67,44348,35972,6772,93.8,0.2,1,1,1:37,0,4,30708,0,30k,0,35972,312,2,280,30,0,13.4,1.5,0.0,85.1,0.0,0.0,0.0,0.0,15794.9 MiB,3572.5 MiB,2046.9 MiB,10175.5 MiB,4096.0 MiB,3681.5 MiB,414.5 MiB,13106.6 MiB
4,Python 3.11.3,binarytrees_compatible_all.py 21,84,1694248522,1245175,python,1:38.85,44348,35972,6772,100.0,0.2,1,1,1:38,0,4,30708,0,30k,0,35972,312,2,280,30,0,12.1,1.5,0.0,86.4,0.0,0.0,0.0,0.0,15794.9 MiB,3572.5 MiB,2046.9 MiB,10175.5 MiB,4096.0 MiB,3681.5 MiB,414.5 MiB,13106.6 MiB
4,Python 3.11.3,binarytrees_compatible_all.py 21,85,1694248523,1245175,python,1:40.03,99644,90044,6772,100.0,0.6,1,5,1:40,0,4,86004,0,84k,0,90044,311,2,279,30,0,11.4,2.3,0.0,86.4,0.0,0.0,0.0,0.0,15794.9 MiB,3522.2 MiB,2097.2 MiB,10175.5 MiB,4096.0 MiB,3681.5 MiB,414.5 MiB,13056.3 MiB
4,Python 3.11.3,binarytrees_compatible_all.py 21,86,1694248525,1245175,python,1:41.20,93500,83588,6772,93.8,0.5,1,5,1:41,0,4,79860,0,156k,0,83588,311,2,279,30,0,12.7,1.5,0.0,85.8,0.0,0.0,0.0,0.0,15794.9 MiB,3527.7 MiB,2091.7 MiB,10175.5 MiB,4096.0 MiB,3681.5 MiB,414.5 MiB,13061.8 MiB
4,Python 3.11.3,binarytrees_compatible_all.py 21,87,1694248526,1245175,python,1:42.38,95548,86180,6772,100.0,0.5,1,1,1:42,0,4,81908,0,222k,0,86180,311,2,279,30,0,11.9,2.2,0.0,85.8,0.0,0.0,0.0,0.0,15794.9 MiB,3524.0 MiB,2095.4 MiB,10175.5 MiB,4096.0 MiB,3681.5 MiB,414.5 MiB,13058.2 MiB
4,Python 3.11.3,binarytrees_compatible_all.py 21,88,1694248527,1245175,python,1:43.56,103740,94508,6772,100.0,0.6,1,1,1:43,0,4,90100,0,279k,0,94508,311,2,279,30,0,12.7,2.2,0.0,85.1,0.0,0.0,0.0,0.0,15794.9 MiB,3515.6 MiB,2103.7 MiB,10175.5 MiB,4096.0 MiB,3681.5 MiB,414.5 MiB,13049.8 MiB
4,Python 3.11.3,binarytrees_compatible_all.py 21,89,1694248528,1245175,python,1:44.73,90428,80808,6772,100.0,0.5,1,1,1:44,0,4,76788,0,324k,0,80808,311,2,279,30,0,11.4,2.3,0.0,86.4,0.0,0.0,0.0,0.0,15794.9 MiB,3517.1 MiB,2102.2 MiB,10175.5 MiB,4096.0 MiB,3681.5 MiB,414.5 MiB,13051.3 MiB
4,Python 3.11.3,binarytrees_compatible_all.py 21,90,1694248529,1245175,python,1:45.91,91452,81816,6772,100.0,0.5,1,1,1:45,0,4,77812,0,359k,0,81816,311,2,279,30,0,12.8,0.8,0.0,85.0,1.5,0.0,0.0,0.0,15794.9 MiB,3515.6 MiB,2103.8 MiB,10175.5 MiB,4096.0 MiB,3681.5 MiB,414.5 MiB,13049.8 MiB
4,Python 3.11.3,binarytrees_compatible_all.py 21,91,1694248530,1245175,python,1:47.08,96572,86856,6772,93.8,0.5,1,1,1:47,0,4,82932,0,386k,0,86856,311,2,279,30,0,12.1,1.5,0.0,86.4,0.0,0.0,0.0,0.0,15794.9 MiB,3510.8 MiB,2108.6 MiB,10175.5 MiB,4096.0 MiB,3681.5 MiB,414.5 MiB,13044.9 MiB
4,Python 3.11.3,binarytrees_compatible_all.py 21,92,1694248532,1245175,python,1:48.26,104764,94920,6772,100.0,0.6,1,1,1:48,0,4,91124,0,400k,0,94920,311,2,279,30,0,12.8,1.5,0.0,85.7,0.0,0.0,0.0,0.0,15794.9 MiB,3509.0 MiB,2110.4 MiB,10175.5 MiB,4096.0 MiB,3681.5 MiB,414.5 MiB,13043.2 MiB
4,Python 3.11.3,binarytrees_compatible_all.py 21,93,1694248533,1245175,python,1:49.43,106812,96932,6772,100.0,0.6,1,1,1:49,0,4,93172,0,405k,0,96932,311,2,279,30,0,12.1,1.5,0.0,86.4,0.0,0.0,0.0,0.0,15794.9 MiB,3508.0 MiB,2111.3 MiB,10175.5 MiB,4096.0 MiB,3681.5 MiB,414.5 MiB,13042.2 MiB
4,Python 3.11.3,binarytrees_compatible_all.py 21,94,1694248534,1245175,python,1:50.61,106812,97460,6772,100.0,0.6,1,1,1:50,0,4,93172,0,405k,0,97460,311,2,279,30,0,12.2,0.8,0.0,87.0,0.0,0.0,0.0,0.0,15794.9 MiB,3508.5 MiB,2110.9 MiB,10175.5 MiB,4096.0 MiB,3681.5 MiB,414.5 MiB,13042.7 MiB
4,Python 3.11.3,binarytrees_compatible_all.py 21,95,1694248535,1245175,python,1:51.78,106812,97460,6772,100.0,0.6,1,5,1:51,0,4,93172,0,405k,0,97460,311,2,279,30,0,14.2,0.7,0.0,85.1,0.0,0.0,0.0,0.0,15794.9 MiB,3507.0 MiB,2112.3 MiB,10175.5 MiB,4096.0 MiB,3681.5 MiB,414.5 MiB,13041.2 MiB
4,Python 3.11.3,binarytrees_compatible_all.py 21,96,1694248536,1245175,python,1:52.96,106812,97460,6772,100.0,0.6,1,5,1:52,0,4,93172,0,405k,0,97460,311,2,279,30,0,13.6,0.0,0.0,86.4,0.0,0.0,0.0,0.0,15794.9 MiB,3507.0 MiB,2112.3 MiB,10175.5 MiB,4096.0 MiB,3681.5 MiB,414.5 MiB,13041.2 MiB
4,Python 3.11.3,binarytrees_compatible_all.py 21,97,1694248537,1245175,python,1:54.13,106812,97460,6772,100.0,0.6,1,5,1:54,0,4,93172,0,405k,0,97460,311,2,279,30,0,13.5,0.8,0.0,85.7,0.0,0.0,0.0,0.0,15794.9 MiB,3506.8 MiB,2112.6 MiB,10175.5 MiB,4096.0 MiB,3681.5 MiB,414.5 MiB,13041.0 MiB
4,Python 3.11.3,binarytrees_compatible_all.py 21,98,1694248539,1245175,python,1:55.31,78140,68948,6772,100.0,0.4,1,5,1:55,0,4,64500,0,417k,0,68948,311,2,279,30,0,12.1,1.5,0.0,86.4,0.0,0.0,0.0,0.0,15794.9 MiB,3547.4 MiB,2072.0 MiB,10175.5 MiB,4096.0 MiB,3681.5 MiB,414.5 MiB,13081.6 MiB
4,Python 3.11.3,binarytrees_compatible_all.py 21,99,1694248540,1245175,python,1:56.48,337212,324464,6772,93.8,2.0,1,5,1:56,0,4,323572,0,523k,0,324464,311,2,279,30,0,11.9,3.0,0.0,84.4,0.7,0.0,0.0,0.0,15794.9 MiB,3274.2 MiB,2345.1 MiB,10175.5 MiB,4096.0 MiB,3681.5 MiB,414.5 MiB,12808.4 MiB
4,Python 3.11.3,binarytrees_compatible_all.py 21,100,1694248541,1245175,python,1:57.66,192828,182336,6772,100.0,1.1,1,5,1:57,0,4,179188,0,601k,0,182336,311,2,279,30,0,12.8,1.5,0.0,85.7,0.0,0.0,0.0,0.0,15794.9 MiB,3425.8 MiB,2193.6 MiB,10175.5 MiB,4096.0 MiB,3681.5 MiB,414.5 MiB,12959.9 MiB
4,Python 3.11.3,binarytrees_compatible_all.py 21,101,1694248542,1245175,python,1:58.83,193852,183344,6772,100.0,1.1,1,5,1:58,0,4,180212,0,679k,0,183344,311,2,279,30,0,12.2,1.5,0.0,86.3,0.0,0.0,0.0,0.0,15794.9 MiB,3418.5 MiB,2200.8 MiB,10175.5 MiB,4096.0 MiB,3681.5 MiB,414.5 MiB,12952.7 MiB
4,Python 3.11.3,binarytrees_compatible_all.py 21,102,1694248543,1245175,python,2:00.00,241980,230020,6772,100.0,1.4,1,1,2:00,0,4,228340,0,767k,0,230020,311,2,279,30,0,12.0,2.3,0.0,85.7,0.0,0.0,0.0,0.0,15794.9 MiB,3383.8 MiB,2235.6 MiB,10175.5 MiB,4096.0 MiB,3681.5 MiB,414.5 MiB,12917.9 MiB
4,Python 3.11.3,binarytrees_compatible_all.py 21,103,1694248545,1245175,python,2:01.18,309564,296764,6772,100.0,1.8,1,1,2:01,0,4,295924,0,860k,0,296764,311,2,279,30,0,12.0,2.3,0.0,85.7,0.0,0.0,0.0,0.0,15794.9 MiB,3318.3 MiB,2301.0 MiB,10175.5 MiB,4096.0 MiB,3681.5 MiB,414.5 MiB,12852.5 MiB
4,Python 3.11.3,binarytrees_compatible_all.py 21,104,1694248546,1245175,python,2:02.35,302396,290192,6772,100.0,1.8,1,1,2:02,0,4,288756,0,948k,0,290192,311,2,279,30,0,11.2,3.0,0.0,85.1,0.7,0.0,0.0,0.0,15794.9 MiB,3299.8 MiB,2319.5 MiB,10175.5 MiB,4096.0 MiB,3681.5 MiB,414.5 MiB,12834.0 MiB
4,Python 3.11.3,binarytrees_compatible_all.py 21,105,1694248547,1245175,python,2:03.53,202044,191408,6772,100.0,1.2,1,1,2:03,0,4,188404,0,1.0m,0,191408,311,2,279,30,0,12.7,2.2,0.0,85.1,0.0,0.0,0.0,0.0,15794.9 MiB,3407.8 MiB,2211.6 MiB,10175.5 MiB,4096.0 MiB,3681.5 MiB,414.5 MiB,12941.9 MiB
4,Python 3.11.3,binarytrees_compatible_all.py 21,106,1694248548,1245175,python,2:04.71,203068,192416,6772,100.0,1.2,1,5,2:04,0,4,189428,0,1.1m,0,192416,311,2,279,30,0,12.1,1.5,0.0,86.4,0.0,0.0,0.0,0.0,15794.9 MiB,3406.8 MiB,2212.6 MiB,10175.5 MiB,4096.0 MiB,3681.5 MiB,414.5 MiB,12940.9 MiB
4,Python 3.11.3,binarytrees_compatible_all.py 21,107,1694248549,1245175,python,2:05.88,259388,247540,6772,93.8,1.5,1,5,2:05,0,4,245748,0,1.2m,0,247540,311,2,279,30,0,10.7,3.1,0.0,86.3,0.0,0.0,0.0,0.0,15794.9 MiB,3365.6 MiB,2253.8 MiB,10175.5 MiB,4096.0 MiB,3681.5 MiB,414.5 MiB,12899.7 MiB
4,Python 3.11.3,binarytrees_compatible_all.py 21,108,1694248550,1245175,python,2:07.06,327996,314812,6772,100.0,1.9,1,5,2:07,0,4,314356,0,1.2m,0,314812,311,2,279,30,0,11.3,3.0,0.0,85.7,0.0,0.0,0.0,0.0,15794.9 MiB,3299.8 MiB,2319.5 MiB,10175.5 MiB,4096.0 MiB,3681.5 MiB,414.5 MiB,12834.0 MiB
4,Python 3.11.3,binarytrees_compatible_all.py 21,109,1694248552,1245175,python,2:08.23,249148,237776,6772,100.0,1.5,1,5,2:08,0,4,235508,0,1.3m,0,237776,311,2,279,30,0,12.7,1.5,0.0,85.1,0.7,0.0,0.0,0.0,15794.9 MiB,3349.6 MiB,2269.7 MiB,10175.5 MiB,4096.0 MiB,3681.5 MiB,414.5 MiB,12883.8 MiB
4,Python 3.11.3,binarytrees_compatible_all.py 21,110,1694248553,1245175,python,2:09.40,204092,193424,6772,100.0,1.2,1,5,2:09,0,4,190452,0,1.4m,0,193424,311,2,279,30,0,12.0,2.3,0.0,85.7,0.0,0.0,0.0,0.0,15794.9 MiB,3405.2 MiB,2214.1 MiB,10175.5 MiB,4096.0 MiB,3681.5 MiB,414.5 MiB,12939.4 MiB
4,Python 3.11.3,binarytrees_compatible_all.py 21,111,1694248554,1245175,python,2:10.58,220476,208684,6772,100.0,1.3,1,5,2:10,0,4,206836,0,1.5m,0,208684,311,2,279,30,0,12.8,1.5,0.0,85.7,0.0,0.0,0.0,0.0,15794.9 MiB,3403.2 MiB,2216.1 MiB,10175.5 MiB,4096.0 MiB,3681.5 MiB,414.5 MiB,12937.4 MiB
4,Python 3.11.3,binarytrees_compatible_all.py 21,112,1694248555,1245175,python,2:11.76,290108,277276,6772,100.0,1.7,1,5,2:11,0,4,276468,0,1.6m,0,277276,311,2,279,30,0,12.0,1.5,0.0,86.5,0.0,0.0,0.0,0.0,15794.9 MiB,3335.5 MiB,2283.8 MiB,10175.5 MiB,4096.0 MiB,3681.5 MiB,414.5 MiB,12869.7 MiB
5,Python 3.11.3,binarytrees_compatible_all.py 21,0,1694248556,1245932,python,0:00.12,35120,26684,6772,75.0,0.2,1,3,0:00,0,4,21480,0,6205,0,26684,311,2,279,30,0,17.6,8.4,0.0,74.0,0.0,0.0,0.0,0.0,15794.9 MiB,3574.0 MiB,2038.5 MiB,10182.4 MiB,4096.0 MiB,3681.5 MiB,414.5 MiB,13108.2 MiB
5,Python 3.11.3,binarytrees_compatible_all.py 21,1,1694248557,1245932,python,0:01.29,35120,26684,6772,100.0,0.2,1,3,0:01,0,4,21480,0,6205,0,26684,311,2,279,30,0,14.2,0.7,0.0,85.1,0.0,0.0,0.0,0.0,15794.9 MiB,3573.5 MiB,2038.7 MiB,10182.7 MiB,4096.0 MiB,3681.5 MiB,414.5 MiB,13107.7 MiB
5,Python 3.11.3,binarytrees_compatible_all.py 21,2,1694248559,1245932,python,0:02.47,35120,26684,6772,100.0,0.2,1,3,0:02,0,4,21480,0,6205,0,26684,311,2,279,30,0,13.5,0.8,0.0,85.7,0.0,0.0,0.0,0.0,15794.9 MiB,3575.3 MiB,2043.9 MiB,10175.7 MiB,4096.0 MiB,3681.5 MiB,414.5 MiB,13109.5 MiB
5,Python 3.11.3,binarytrees_compatible_all.py 21,3,1694248560,1245932,python,0:03.64,35120,26684,6772,93.8,0.2,1,3,0:03,0,4,21480,0,6205,0,26684,311,2,279,30,0,12.9,0.8,0.0,86.4,0.0,0.0,0.0,0.0,15794.9 MiB,3575.3 MiB,2043.9 MiB,10175.7 MiB,4096.0 MiB,3681.5 MiB,414.5 MiB,13109.5 MiB
5,Python 3.11.3,binarytrees_compatible_all.py 21,4,1694248561,1245932,python,0:04.82,35120,26684,6772,100.0,0.2,1,3,0:04,0,4,21480,0,6205,0,26684,311,2,279,30,0,12.9,0.8,0.0,86.4,0.0,0.0,0.0,0.0,15794.9 MiB,3575.8 MiB,2043.4 MiB,10175.7 MiB,4096.0 MiB,3681.5 MiB,414.5 MiB,13110.0 MiB
5,Python 3.11.3,binarytrees_compatible_all.py 21,5,1694248562,1245932,python,0:05.99,35120,26684,6772,100.0,0.2,1,3,0:05,0,4,21480,0,6205,0,26684,311,2,279,30,0,12.8,1.5,0.0,85.7,0.0,0.0,0.0,0.0,15794.9 MiB,3575.8 MiB,2043.4 MiB,10175.7 MiB,4096.0 MiB,3681.5 MiB,414.5 MiB,13110.0 MiB
5,Python 3.11.3,binarytrees_compatible_all.py 21,6,1694248563,1245932,python,0:07.17,35120,26684,6772,100.0,0.2,1,3,0:07,0,4,21480,0,6205,0,26684,311,2,279,30,0,14.2,0.7,0.0,85.1,0.0,0.0,0.0,0.0,15794.9 MiB,3575.5 MiB,2043.7 MiB,10175.7 MiB,4096.0 MiB,3681.5 MiB,414.5 MiB,13109.7 MiB
5,Python 3.11.3,binarytrees_compatible_all.py 21,7,1694248564,1245932,python,0:08.34,35120,26684,6772,93.8,0.2,1,3,0:08,0,4,21480,0,6205,0,26684,311,2,279,30,0,12.8,1.5,0.0,85.7,0.0,0.0,0.0,0.0,15794.9 MiB,3574.5 MiB,2044.6 MiB,10175.7 MiB,4096.0 MiB,3681.5 MiB,414.5 MiB,13108.8 MiB
5,Python 3.11.3,binarytrees_compatible_all.py 21,8,1694248566,1245932,python,0:09.52,35120,26684,6772,100.0,0.2,1,3,0:09,0,4,21480,0,6205,0,26684,311,2,279,30,0,12.1,1.5,0.0,86.4,0.0,0.0,0.0,0.0,15794.9 MiB,3574.5 MiB,2044.6 MiB,10175.7 MiB,4096.0 MiB,3681.5 MiB,414.5 MiB,13108.8 MiB
5,Python 3.11.3,binarytrees_compatible_all.py 21,9,1694248567,1245932,python,0:10.69,35120,26684,6772,93.8,0.2,1,3,0:10,0,4,21480,0,6205,0,26684,311,2,279,30,0,13.3,1.5,0.0,85.2,0.0,0.0,0.0,0.0,15794.9 MiB,3575.3 MiB,2043.9 MiB,10175.7 MiB,4096.0 MiB,3681.5 MiB,414.5 MiB,13109.5 MiB
5,Python 3.11.3,binarytrees_compatible_all.py 21,10,1694248568,1245932,python,0:11.87,35120,26684,6772,100.0,0.2,1,3,0:11,0,4,21480,0,6205,0,26684,311,2,279,30,0,13.5,0.8,0.0,85.0,0.8,0.0,0.0,0.0,15794.9 MiB,3575.3 MiB,2043.9 MiB,10175.7 MiB,4096.0 MiB,3681.5 MiB,414.5 MiB,13109.5 MiB
5,Python 3.11.3,binarytrees_compatible_all.py 21,11,1694248569,1245932,python,0:13.04,22844,14512,6772,100.0,0.1,1,3,0:13,0,4,9204,0,7233,0,14512,311,2,279,30,0,12.9,0.8,0.0,86.4,0.0,0.0,0.0,0.0,15794.9 MiB,3588.3 MiB,2030.8 MiB,10175.7 MiB,4096.0 MiB,3681.5 MiB,414.5 MiB,13122.5 MiB
5,Python 3.11.3,binarytrees_compatible_all.py 21,12,1694248570,1245932,python,0:14.21,22844,14512,6772,93.8,0.1,1,3,0:14,0,4,9204,0,7233,0,14512,311,2,279,30,0,13.0,0.8,0.0,86.3,0.0,0.0,0.0,0.0,15794.9 MiB,3588.8 MiB,2030.3 MiB,10175.7 MiB,4096.0 MiB,3681.5 MiB,414.5 MiB,13123.0 MiB
5,Python 3.11.3,binarytrees_compatible_all.py 21,13,1694248572,1245932,python,0:15.39,22844,14512,6772,100.0,0.1,1,7,0:15,0,4,9204,0,7233,0,14512,311,2,279,30,0,12.9,0.8,0.0,86.4,0.0,0.0,0.0,0.0,15794.9 MiB,3589.5 MiB,2029.6 MiB,10175.7 MiB,4096.0 MiB,3681.5 MiB,414.5 MiB,13123.8 MiB
5,Python 3.11.3,binarytrees_compatible_all.py 21,14,1694248573,1245932,python,0:16.57,22844,14512,6772,100.0,0.1,1,7,0:16,0,4,9204,0,7233,0,14512,311,2,279,30,0,13.3,1.5,0.0,85.2,0.0,0.0,0.0,0.0,15794.9 MiB,3589.1 MiB,2030.1 MiB,10175.7 MiB,4096.0 MiB,3681.5 MiB,414.5 MiB,13123.3 MiB
5,Python 3.11.3,binarytrees_compatible_all.py 21,15,1694248574,1245932,python,0:17.74,22844,14512,6772,100.0,0.1,1,7,0:17,0,4,9204,0,7233,0,14512,311,2,279,30,0,13.4,0.7,0.0,85.8,0.0,0.0,0.0,0.0,15794.9 MiB,3588.6 MiB,2030.6 MiB,10175.7 MiB,4096.0 MiB,3681.5 MiB,414.5 MiB,13122.8 MiB
5,Python 3.11.3,binarytrees_compatible_all.py 21,16,1694248575,1245932,python,0:18.91,22844,14512,6772,93.8,0.1,1,7,0:18,0,4,9204,0,7233,0,14512,311,3,278,30,0,12.9,0.8,0.0,86.4,0.0,0.0,0.0,0.0,15794.9 MiB,3588.6 MiB,2030.6 MiB,10175.7 MiB,4096.0 MiB,3681.5 MiB,414.5 MiB,13122.8 MiB
5,Python 3.11.3,binarytrees_compatible_all.py 21,17,1694248576,1245932,python,0:20.09,22844,14512,6772,100.0,0.1,1,7,0:20,0,4,9204,0,7233,0,14512,311,2,279,30,0,13.0,0.8,0.0,86.3,0.0,0.0,0.0,0.0,15794.9 MiB,3588.6 MiB,2030.6 MiB,10175.7 MiB,4096.0 MiB,3681.5 MiB,414.5 MiB,13122.8 MiB
5,Python 3.11.3,binarytrees_compatible_all.py 21,18,1694248577,1245932,python,0:21.26,22844,14512,6772,100.0,0.1,1,7,0:21,0,4,9204,0,7233,0,14512,311,2,279,30,0,12.7,1.5,0.0,85.8,0.0,0.0,0.0,0.0,15794.9 MiB,3588.6 MiB,2030.6 MiB,10175.7 MiB,4096.0 MiB,3681.5 MiB,414.5 MiB,13122.8 MiB
5,Python 3.11.3,binarytrees_compatible_all.py 21,19,1694248579,1245932,python,0:22.44,22844,14512,6772,100.0,0.1,1,7,0:22,0,4,9204,0,7233,0,14512,311,2,279,30,0,12.8,1.5,0.0,85.7,0.0,0.0,0.0,0.0,15794.9 MiB,3588.3 MiB,2030.8 MiB,10175.7 MiB,4096.0 MiB,3681.5 MiB,414.5 MiB,13122.6 MiB
5,Python 3.11.3,binarytrees_compatible_all.py 21,20,1694248580,1245932,python,0:23.61,22844,14512,6772,93.8,0.1,1,3,0:23,0,4,9204,0,7233,0,14512,311,2,279,30,0,13.0,0.8,0.0,86.3,0.0,0.0,0.0,0.0,15794.9 MiB,3588.3 MiB,2030.8 MiB,10175.7 MiB,4096.0 MiB,3681.5 MiB,414.5 MiB,13122.6 MiB
5,Python 3.11.3,binarytrees_compatible_all.py 21,21,1694248581,1245932,python,0:24.79,22844,14512,6772,100.0,0.1,1,3,0:24,0,4,9204,0,7233,0,14512,311,2,279,30,0,14.7,2.2,0.0,83.1,0.0,0.0,0.0,0.0,15794.9 MiB,3588.3 MiB,2030.8 MiB,10175.7 MiB,4096.0 MiB,3681.5 MiB,414.5 MiB,13122.6 MiB
5,Python 3.11.3,binarytrees_compatible_all.py 21,22,1694248582,1245932,python,0:25.96,22844,14776,6772,100.0,0.1,1,3,0:25,0,4,9204,0,7267,0,14776,311,2,279,30,0,13.5,0.8,0.0,85.7,0.0,0.0,0.0,0.0,15794.9 MiB,3588.3 MiB,2030.8 MiB,10175.7 MiB,4096.0 MiB,3681.5 MiB,414.5 MiB,13122.6 MiB
5,Python 3.11.3,binarytrees_compatible_all.py 21,23,1694248583,1245932,python,0:27.14,23868,15040,6772,100.0,0.1,1,3,0:27,0,4,10228,0,7354,0,15040,311,2,279,30,0,12.8,1.5,0.0,85.7,0.0,0.0,0.0,0.0,15794.9 MiB,3588.6 MiB,2030.6 MiB,10175.7 MiB,4096.0 MiB,3681.5 MiB,414.5 MiB,13122.8 MiB
5,Python 3.11.3,binarytrees_compatible_all.py 21,24,1694248584,1245932,python,0:28.31,23868,15304,6772,93.8,0.1,1,3,0:28,0,4,10228,0,7440,0,15304,311,2,279,30,0,12.0,2.3,0.0,85.7,0.0,0.0,0.0,0.0,15794.9 MiB,3588.6 MiB,2030.6 MiB,10175.7 MiB,4096.0 MiB,3681.5 MiB,414.5 MiB,13122.8 MiB
5,Python 3.11.3,binarytrees_compatible_all.py 21,25,1694248586,1245932,python,0:29.49,23868,15832,6772,100.0,0.1,1,3,0:29,0,4,10228,0,7527,0,15832,311,2,279,30,0,13.0,0.8,0.0,86.3,0.0,0.0,0.0,0.0,15794.9 MiB,3588.6 MiB,2030.6 MiB,10175.7 MiB,4096.0 MiB,3681.5 MiB,414.5 MiB,13122.8 MiB
5,Python 3.11.3,binarytrees_compatible_all.py 21,26,1694248587,1245932,python,0:30.66,24892,16096,6772,100.0,0.1,1,3,0:30,0,4,11252,0,7613,0,16096,311,2,279,30,0,12.7,1.5,0.0,85.8,0.0,0.0,0.0,0.0,15794.9 MiB,3588.8 MiB,2030.3 MiB,10175.7 MiB,4096.0 MiB,3681.5 MiB,414.5 MiB,13123.1 MiB
5,Python 3.11.3,binarytrees_compatible_all.py 21,27,1694248588,1245932,python,0:31.84,24892,16360,6772,100.0,0.1,1,7,0:31,0,4,11252,0,7700,0,16360,311,2,279,30,0,12.9,0.8,0.0,86.4,0.0,0.0,0.0,0.0,15794.9 MiB,3588.6 MiB,2030.6 MiB,10175.7 MiB,4096.0 MiB,3681.5 MiB,414.5 MiB,13122.8 MiB
5,Python 3.11.3,binarytrees_compatible_all.py 21,28,1694248589,1245932,python,0:33.01,24892,16624,6772,93.8,0.1,1,7,0:33,0,4,11252,0,7786,0,16624,311,2,279,30,0,12.1,1.5,0.0,86.4,0.0,0.0,0.0,0.0,15794.9 MiB,3589.1 MiB,2030.1 MiB,10175.7 MiB,4096.0 MiB,3681.5 MiB,414.5 MiB,13123.3 MiB
5,Python 3.11.3,binarytrees_compatible_all.py 21,29,1694248590,1245932,python,0:34.19,25916,17152,6772,100.0,0.1,1,7,0:34,0,4,12276,0,7873,0,17152,311,2,279,30,0,12.1,1.5,0.0,86.4,0.0,0.0,0.0,0.0,15794.9 MiB,3588.8 MiB,2030.3 MiB,10175.8 MiB,4096.0 MiB,3681.5 MiB,414.5 MiB,13123.1 MiB
5,Python 3.11.3,binarytrees_compatible_all.py 21,30,1694248592,1245932,python,0:35.36,25916,17416,6772,100.0,0.1,1,7,0:35,0,4,12276,0,7959,0,17416,311,2,279,30,0,12.9,0.8,0.0,86.4,0.0,0.0,0.0,0.0,15794.9 MiB,3588.8 MiB,2030.3 MiB,10175.8 MiB,4096.0 MiB,3681.5 MiB,414.5 MiB,13123.1 MiB
5,Python 3.11.3,binarytrees_compatible_all.py 21,31,1694248593,1245932,python,0:36.54,25916,17680,6772,100.0,0.1,1,7,0:36,0,4,12276,0,8046,0,17680,311,2,279,30,0,12.8,1.5,0.0,85.7,0.0,0.0,0.0,0.0,15794.9 MiB,3588.8 MiB,2030.3 MiB,10175.8 MiB,4096.0 MiB,3681.5 MiB,414.5 MiB,13123.1 MiB
5,Python 3.11.3,binarytrees_compatible_all.py 21,32,1694248594,1245932,python,0:37.72,26940,18208,6772,100.0,0.1,1,7,0:37,0,4,13300,0,8132,0,18208,311,2,279,30,0,12.8,1.5,0.0,85.7,0.0,0.0,0.0,0.0,15794.9 MiB,3588.8 MiB,2030.3 MiB,10175.8 MiB,4096.0 MiB,3681.5 MiB,414.5 MiB,13123.1 MiB
5,Python 3.11.3,binarytrees_compatible_all.py 21,33,1694248595,1245932,python,0:38.89,26940,18472,6772,100.0,0.1,1,7,0:38,0,4,13300,0,8219,0,18472,311,2,279,30,0,13.5,0.8,0.0,85.7,0.0,0.0,0.0,0.0,15794.9 MiB,3588.8 MiB,2030.3 MiB,10175.8 MiB,4096.0 MiB,3681.5 MiB,414.5 MiB,13123.1 MiB
5,Python 3.11.3,binarytrees_compatible_all.py 21,34,1694248596,1245932,python,0:40.06,23868,15828,6772,100.0,0.1,1,7,0:40,0,4,10228,0,8282,0,15828,311,2,279,30,0,12.9,0.8,0.0,86.4,0.0,0.0,0.0,0.0,15794.9 MiB,3588.3 MiB,2030.8 MiB,10175.8 MiB,4096.0 MiB,3681.5 MiB,414.5 MiB,13122.6 MiB
5,Python 3.11.3,binarytrees_compatible_all.py 21,35,1694248597,1245932,python,0:41.24,23868,15828,6772,100.0,0.1,1,7,0:41,0,4,10228,0,8282,0,15828,311,2,279,30,0,12.8,1.5,0.0,85.7,0.0,0.0,0.0,0.0,15794.9 MiB,3588.1 MiB,2031.0 MiB,10175.8 MiB,4096.0 MiB,3681.5 MiB,414.5 MiB,13122.4 MiB
5,Python 3.11.3,binarytrees_compatible_all.py 21,36,1694248599,1245932,python,0:42.42,23868,15828,6772,100.0,0.1,1,7,0:42,0,4,10228,0,8282,0,15828,311,2,279,30,0,13.5,0.8,0.0,85.7,0.0,0.0,0.0,0.0,15794.9 MiB,3587.8 MiB,2031.3 MiB,10175.8 MiB,4096.0 MiB,3681.5 MiB,414.5 MiB,13122.1 MiB
5,Python 3.11.3,binarytrees_compatible_all.py 21,37,1694248600,1245932,python,0:43.59,23868,15828,6772,100.0,0.1,1,7,0:43,0,4,10228,0,8282,0,15828,311,2,279,30,0,13.1,1.5,0.0,85.4,0.0,0.0,0.0,0.0,15794.9 MiB,3587.8 MiB,2031.3 MiB,10175.8 MiB,4096.0 MiB,3681.5 MiB,414.5 MiB,13122.1 MiB
5,Python 3.11.3,binarytrees_compatible_all.py 21,38,1694248601,1245932,python,0:44.77,23868,15828,6772,100.0,0.1,1,7,0:44,0,4,10228,0,8282,0,15828,311,2,279,30,0,12.9,0.8,0.0,86.4,0.0,0.0,0.0,0.0,15794.9 MiB,3589.1 MiB,2030.0 MiB,10175.8 MiB,4096.0 MiB,3681.5 MiB,414.5 MiB,13123.4 MiB
5,Python 3.11.3,binarytrees_compatible_all.py 21,39,1694248602,1245932,python,0:45.94,23868,15828,6772,100.0,0.1,1,7,0:45,0,4,10228,0,8282,0,15828,311,2,279,30,0,12.8,0.8,0.0,86.5,0.0,0.0,0.0,0.0,15794.9 MiB,3589.8 MiB,2029.3 MiB,10175.8 MiB,4096.0 MiB,3681.5 MiB,414.5 MiB,13124.1 MiB
5,Python 3.11.3,binarytrees_compatible_all.py 21,40,1694248603,1245932,python,0:47.12,23868,15828,6772,100.0,0.1,1,7,0:47,0,4,10228,0,8282,0,15828,311,2,279,30,0,13.5,0.8,0.0,85.7,0.0,0.0,0.0,0.0,15794.9 MiB,3590.0 MiB,2029.0 MiB,10175.8 MiB,4096.0 MiB,3681.5 MiB,414.5 MiB,13124.4 MiB
5,Python 3.11.3,binarytrees_compatible_all.py 21,41,1694248604,1245932,python,0:48.30,23868,15828,6772,100.0,0.1,1,7,0:48,0,4,10228,0,8282,0,15828,311,2,279,30,0,12.8,1.5,0.0,85.7,0.0,0.0,0.0,0.0,15794.9 MiB,3590.3 MiB,2028.8 MiB,10175.8 MiB,4096.0 MiB,3681.5 MiB,414.5 MiB,13124.6 MiB
5,Python 3.11.3,binarytrees_compatible_all.py 21,42,1694248606,1245932,python,0:49.47,23868,15828,6772,100.0,0.1,1,7,0:49,0,4,10228,0,8282,0,15828,311,2,279,30,0,13.5,0.8,0.0,85.7,0.0,0.0,0.0,0.0,15794.9 MiB,3590.3 MiB,2028.8 MiB,10175.8 MiB,4096.0 MiB,3681.5 MiB,414.5 MiB,13124.6 MiB
5,Python 3.11.3,binarytrees_compatible_all.py 21,43,1694248607,1245932,python,0:50.64,23868,15828,6772,100.0,0.1,1,7,0:50,0,4,10228,0,8282,0,15828,311,2,279,30,0,15.0,0.0,0.0,85.0,0.0,0.0,0.0,0.0,15794.9 MiB,3590.5 MiB,2028.5 MiB,10175.8 MiB,4096.0 MiB,3681.5 MiB,414.5 MiB,13124.9 MiB
5,Python 3.11.3,binarytrees_compatible_all.py 21,44,1694248608,1245932,python,0:51.82,23868,15828,6772,100.0,0.1,1,7,0:51,0,4,10228,0,8285,0,15828,311,2,279,30,0,13.6,0.0,0.0,85.6,0.0,0.0,0.8,0.0,15794.9 MiB,3591.0 MiB,2028.0 MiB,10175.8 MiB,4096.0 MiB,3681.5 MiB,414.5 MiB,13125.4 MiB
5,Python 3.11.3,binarytrees_compatible_all.py 21,45,1694248609,1245932,python,0:52.99,23868,15828,6772,100.0,0.1,1,7,0:52,0,4,10228,0,8307,0,15828,311,2,279,30,0,12.9,0.8,0.0,86.4,0.0,0.0,0.0,0.0,15794.9 MiB,3590.0 MiB,2029.0 MiB,10175.8 MiB,4096.0 MiB,3681.5 MiB,414.5 MiB,13124.4 MiB
5,Python 3.11.3,binarytrees_compatible_all.py 21,46,1694248610,1245932,python,0:54.17,23868,15828,6772,100.0,0.1,1,7,0:54,0,4,10228,0,8326,0,15828,311,2,279,30,0,12.2,0.8,0.0,87.0,0.0,0.0,0.0,0.0,15794.9 MiB,3590.0 MiB,2029.0 MiB,10175.8 MiB,4096.0 MiB,3681.5 MiB,414.5 MiB,13124.4 MiB
5,Python 3.11.3,binarytrees_compatible_all.py 21,47,1694248611,1245932,python,0:55.34,23868,15828,6772,100.0,0.1,1,7,0:55,0,4,10228,0,8326,0,15828,311,2,279,30,0,12.1,1.5,0.0,86.4,0.0,0.0,0.0,0.0,15794.9 MiB,3589.8 MiB,2029.3 MiB,10175.8 MiB,4096.0 MiB,3681.5 MiB,414.5 MiB,13124.1 MiB
5,Python 3.11.3,binarytrees_compatible_all.py 21,48,1694248613,1245932,python,0:56.52,23868,15828,6772,100.0,0.1,1,7,0:56,0,4,10228,0,8326,0,15828,311,2,279,30,0,12.9,0.8,0.0,86.4,0.0,0.0,0.0,0.0,15794.9 MiB,3589.8 MiB,2029.3 MiB,10175.8 MiB,4096.0 MiB,3681.5 MiB,414.5 MiB,13124.1 MiB
5,Python 3.11.3,binarytrees_compatible_all.py 21,49,1694248614,1245932,python,0:57.70,23868,15828,6772,100.0,0.1,1,7,0:57,0,4,10228,0,8326,0,15828,311,2,279,30,0,12.8,0.8,0.0,86.5,0.0,0.0,0.0,0.0,15794.9 MiB,3589.8 MiB,2029.3 MiB,10175.8 MiB,4096.0 MiB,3681.5 MiB,414.5 MiB,13124.1 MiB
5,Python 3.11.3,binarytrees_compatible_all.py 21,50,1694248615,1245932,python,0:58.87,24892,15828,6772,100.0,0.1,1,7,0:58,0,4,11252,0,8329,0,15828,311,2,279,30,0,12.9,0.8,0.0,86.4,0.0,0.0,0.0,0.0,15794.9 MiB,3590.3 MiB,2028.8 MiB,10175.8 MiB,4096.0 MiB,3681.5 MiB,414.5 MiB,13124.6 MiB
5,Python 3.11.3,binarytrees_compatible_all.py 21,51,1694248616,1245932,python,1:00.04,24892,15828,6772,100.0,0.1,1,7,1:00,0,4,11252,0,8334,0,15828,311,2,279,30,0,12.2,0.8,0.0,87.0,0.0,0.0,0.0,0.0,15794.9 MiB,3590.3 MiB,2028.8 MiB,10175.8 MiB,4096.0 MiB,3681.5 MiB,414.5 MiB,13124.6 MiB
5,Python 3.11.3,binarytrees_compatible_all.py 21,52,1694248617,1245932,python,1:01.22,24892,15828,6772,100.0,0.1,1,7,1:01,0,4,11252,0,8339,0,15828,311,2,279,30,0,12.9,0.8,0.0,86.4,0.0,0.0,0.0,0.0,15794.9 MiB,3590.5 MiB,2028.5 MiB,10175.8 MiB,4096.0 MiB,3681.5 MiB,414.5 MiB,13124.9 MiB
5,Python 3.11.3,binarytrees_compatible_all.py 21,53,1694248619,1245932,python,1:02.39,24892,16088,6772,93.8,0.1,1,7,1:02,0,4,11252,0,8345,0,16088,311,2,279,30,0,12.7,1.5,0.0,85.8,0.0,0.0,0.0,0.0,15794.9 MiB,3590.0 MiB,2029.0 MiB,10175.8 MiB,4096.0 MiB,3681.5 MiB,414.5 MiB,13124.4 MiB
5,Python 3.11.3,binarytrees_compatible_all.py 21,54,1694248620,1245932,python,1:03.57,24892,16088,6772,100.0,0.1,1,7,1:03,0,4,11252,0,8350,0,16088,311,2,279,30,0,12.2,0.8,0.0,87.0,0.0,0.0,0.0,0.0,15794.9 MiB,3590.0 MiB,2029.2 MiB,10175.6 MiB,4096.0 MiB,3681.5 MiB,414.5 MiB,13124.4 MiB
5,Python 3.11.3,binarytrees_compatible_all.py 21,55,1694248621,1245932,python,1:04.75,24892,16088,6772,100.0,0.1,1,7,1:04,0,4,11252,0,8355,0,16088,311,2,279,30,0,12.9,0.8,0.0,86.4,0.0,0.0,0.0,0.0,15794.9 MiB,3590.3 MiB,2028.9 MiB,10175.6 MiB,4096.0 MiB,3681.5 MiB,414.5 MiB,13124.6 MiB
5,Python 3.11.3,binarytrees_compatible_all.py 21,56,1694248622,1245932,python,1:05.92,24892,16088,6772,100.0,0.1,1,7,1:05,0,4,11252,0,8360,0,16088,311,2,279,30,0,13.4,1.5,0.0,85.1,0.0,0.0,0.0,0.0,15794.9 MiB,3590.5 MiB,2028.7 MiB,10175.6 MiB,4096.0 MiB,3681.5 MiB,414.5 MiB,13124.9 MiB
5,Python 3.11.3,binarytrees_compatible_all.py 21,57,1694248623,1245932,python,1:07.09,24892,16088,6772,93.8,0.1,1,7,1:07,0,4,11252,0,8366,0,16088,311,2,279,30,0,13.6,0.0,0.0,86.4,0.0,0.0,0.0,0.0,15794.9 MiB,3590.3 MiB,2028.9 MiB,10175.6 MiB,4096.0 MiB,3681.5 MiB,414.5 MiB,13124.6 MiB
5,Python 3.11.3,binarytrees_compatible_all.py 21,58,1694248624,1245932,python,1:08.27,24892,16088,6772,100.0,0.1,1,7,1:08,0,4,11252,0,8371,0,16088,311,2,279,30,0,12.8,1.5,0.0,85.7,0.0,0.0,0.0,0.0,15794.9 MiB,3590.1 MiB,2029.2 MiB,10175.6 MiB,4096.0 MiB,3681.5 MiB,414.5 MiB,13124.4 MiB
5,Python 3.11.3,binarytrees_compatible_all.py 21,59,1694248626,1245932,python,1:09.45,27964,20048,6772,100.0,0.1,1,7,1:09,0,4,14324,0,9334,0,20048,311,2,279,30,0,12.1,1.5,0.0,86.4,0.0,0.0,0.0,0.0,15794.9 MiB,3589.8 MiB,2029.4 MiB,10175.6 MiB,4096.0 MiB,3681.5 MiB,414.5 MiB,13124.2 MiB
5,Python 3.11.3,binarytrees_compatible_all.py 21,60,1694248627,1245932,python,1:10.62,27964,20048,6772,100.0,0.1,1,7,1:10,0,4,14324,0,9334,0,20048,311,2,279,30,0,12.8,1.5,0.0,85.7,0.0,0.0,0.0,0.0,15794.9 MiB,3589.8 MiB,2029.4 MiB,10175.6 MiB,4096.0 MiB,3681.5 MiB,414.5 MiB,13124.2 MiB
5,Python 3.11.3,binarytrees_compatible_all.py 21,61,1694248628,1245932,python,1:11.80,27964,20048,6772,100.0,0.1,1,7,1:11,0,4,14324,0,9334,0,20048,311,2,279,30,0,12.8,0.8,0.0,86.5,0.0,0.0,0.0,0.0,15794.9 MiB,3589.3 MiB,2029.9 MiB,10175.6 MiB,4096.0 MiB,3681.5 MiB,414.5 MiB,13123.7 MiB
5,Python 3.11.3,binarytrees_compatible_all.py 21,62,1694248629,1245932,python,1:12.97,27964,20048,6772,100.0,0.1,1,7,1:12,0,4,14324,0,9334,0,20048,311,2,279,30,0,12.9,1.5,0.0,85.6,0.0,0.0,0.0,0.0,15794.9 MiB,3589.3 MiB,2029.9 MiB,10175.6 MiB,4096.0 MiB,3681.5 MiB,414.5 MiB,13123.7 MiB
5,Python 3.11.3,binarytrees_compatible_all.py 21,63,1694248630,1245932,python,1:14.15,27964,20048,6772,100.0,0.1,1,3,1:14,0,4,14324,0,9334,0,20048,311,2,279,30,0,12.9,0.8,0.0,85.6,0.8,0.0,0.0,0.0,15794.9 MiB,3589.8 MiB,2029.4 MiB,10175.6 MiB,4096.0 MiB,3681.5 MiB,414.5 MiB,13124.2 MiB
5,Python 3.11.3,binarytrees_compatible_all.py 21,64,1694248631,1245932,python,1:15.33,27964,20048,6772,100.0,0.1,1,3,1:15,0,4,14324,0,9334,0,20048,311,2,279,30,0,12.9,0.8,0.0,86.4,0.0,0.0,0.0,0.0,15794.9 MiB,3589.8 MiB,2029.4 MiB,10175.7 MiB,4096.0 MiB,3681.5 MiB,414.5 MiB,13124.2 MiB
5,Python 3.11.3,binarytrees_compatible_all.py 21,65,1694248633,1245932,python,1:16.50,27964,20048,6772,100.0,0.1,1,3,1:16,0,4,14324,0,9334,0,20048,311,2,279,30,0,13.4,1.5,0.0,85.1,0.0,0.0,0.0,0.0,15794.9 MiB,3589.1 MiB,2030.1 MiB,10175.7 MiB,4096.0 MiB,3681.5 MiB,414.5 MiB,13123.4 MiB
5,Python 3.11.3,binarytrees_compatible_all.py 21,66,1694248634,1245932,python,1:17.68,27964,20048,6772,100.0,0.1,1,3,1:17,0,4,14324,0,9334,0,20048,311,2,279,30,0,13.3,1.5,0.0,85.2,0.0,0.0,0.0,0.0,15794.9 MiB,3589.3 MiB,2029.9 MiB,10175.7 MiB,4096.0 MiB,3681.5 MiB,414.5 MiB,13123.7 MiB
5,Python 3.11.3,binarytrees_compatible_all.py 21,67,1694248635,1245932,python,1:18.85,27964,20048,6772,100.0,0.1,1,3,1:18,0,4,14324,0,9334,0,20048,311,2,279,30,0,12.8,1.5,0.0,85.7,0.0,0.0,0.0,0.0,15794.9 MiB,3588.6 MiB,2030.6 MiB,10175.7 MiB,4096.0 MiB,3681.5 MiB,414.5 MiB,13123.0 MiB
5,Python 3.11.3,binarytrees_compatible_all.py 21,68,1694248636,1245932,python,1:20.03,27964,20048,6772,100.0,0.1,1,3,1:20,0,4,14324,0,9334,0,20048,311,2,279,30,0,13.5,0.8,0.0,85.7,0.0,0.0,0.0,0.0,15794.9 MiB,3588.1 MiB,2031.1 MiB,10175.7 MiB,4096.0 MiB,3681.5 MiB,414.5 MiB,13122.5 MiB
5,Python 3.11.3,binarytrees_compatible_all.py 21,69,1694248637,1245932,python,1:21.21,27964,20048,6772,100.0,0.1,1,3,1:21,0,4,14324,0,9334,0,20048,311,2,279,30,0,12.9,1.5,0.0,85.6,0.0,0.0,0.0,0.0,15794.9 MiB,3588.1 MiB,2031.1 MiB,10175.7 MiB,4096.0 MiB,3681.5 MiB,414.5 MiB,13122.5 MiB
5,Python 3.11.3,binarytrees_compatible_all.py 21,70,1694248639,1245932,python,1:22.38,27964,20048,6772,93.8,0.1,1,3,1:22,0,4,14324,0,9334,0,20048,311,2,279,30,0,12.7,1.5,0.0,85.1,0.7,0.0,0.0,0.0,15794.9 MiB,3588.3 MiB,2030.9 MiB,10175.7 MiB,4096.0 MiB,3681.5 MiB,414.5 MiB,13122.7 MiB
5,Python 3.11.3,binarytrees_compatible_all.py 21,71,1694248640,1245932,python,1:23.56,44348,35968,6772,100.0,0.2,1,3,1:23,0,4,30708,0,30k,0,35968,311,2,279,30,0,14.8,0.0,0.0,85.2,0.0,0.0,0.0,0.0,15794.9 MiB,3573.1 MiB,2046.1 MiB,10175.7 MiB,4096.0 MiB,3681.5 MiB,414.5 MiB,13107.5 MiB
5,Python 3.11.3,binarytrees_compatible_all.py 21,72,1694248641,1245932,python,1:24.74,44348,35968,6772,100.0,0.2,1,3,1:24,0,4,30708,0,30k,0,35968,311,2,279,30,0,12.7,1.5,0.0,85.8,0.0,0.0,0.0,0.0,15794.9 MiB,3572.8 MiB,2046.4 MiB,10175.7 MiB,4096.0 MiB,3681.5 MiB,414.5 MiB,13107.2 MiB
5,Python 3.11.3,binarytrees_compatible_all.py 21,73,1694248642,1245932,python,1:25.91,44348,35968,6772,100.0,0.2,1,3,1:25,0,4,30708,0,30k,0,35968,311,2,279,30,0,13.4,1.5,0.0,85.1,0.0,0.0,0.0,0.0,15794.9 MiB,3572.8 MiB,2046.3 MiB,10175.7 MiB,4096.0 MiB,3681.5 MiB,414.5 MiB,13107.2 MiB
5,Python 3.11.3,binarytrees_compatible_all.py 21,74,1694248643,1245932,python,1:27.08,44348,35968,6772,100.0,0.2,1,3,1:27,0,4,30708,0,30k,0,35968,311,2,279,30,0,12.8,1.5,0.0,85.7,0.0,0.0,0.0,0.0,15794.9 MiB,3572.8 MiB,2046.3 MiB,10175.7 MiB,4096.0 MiB,3681.5 MiB,414.5 MiB,13107.2 MiB
5,Python 3.11.3,binarytrees_compatible_all.py 21,75,1694248644,1245932,python,1:28.26,44348,35968,6772,100.0,0.2,1,3,1:28,0,4,30708,0,30k,0,35968,311,2,279,30,0,12.9,0.8,0.0,84.8,1.5,0.0,0.0,0.0,15794.9 MiB,3572.6 MiB,2046.6 MiB,10175.7 MiB,4096.0 MiB,3681.5 MiB,414.5 MiB,13107.0 MiB
5,Python 3.11.3,binarytrees_compatible_all.py 21,76,1694248646,1245932,python,1:29.44,44348,35968,6772,100.0,0.2,1,3,1:29,0,4,30708,0,30k,0,35968,311,2,279,30,0,12.7,1.5,0.0,85.8,0.0,0.0,0.0,0.0,15794.9 MiB,3572.6 MiB,2046.6 MiB,10175.7 MiB,4096.0 MiB,3681.5 MiB,414.5 MiB,13107.0 MiB
5,Python 3.11.3,binarytrees_compatible_all.py 21,77,1694248647,1245932,python,1:30.61,44348,35968,6772,93.8,0.2,1,3,1:30,0,4,30708,0,30k,0,35968,311,2,279,30,0,13.5,0.8,0.0,85.7,0.0,0.0,0.0,0.0,15794.9 MiB,3572.8 MiB,2046.3 MiB,10175.7 MiB,4096.0 MiB,3681.5 MiB,414.5 MiB,13107.2 MiB
5,Python 3.11.3,binarytrees_compatible_all.py 21,78,1694248648,1245932,python,1:31.79,44348,35968,6772,100.0,0.2,1,3,1:31,0,4,30708,0,30k,0,35968,311,2,279,30,0,13.4,1.5,0.0,85.1,0.0,0.0,0.0,0.0,15794.9 MiB,3572.8 MiB,2046.3 MiB,10175.7 MiB,4096.0 MiB,3681.5 MiB,414.5 MiB,13107.2 MiB
5,Python 3.11.3,binarytrees_compatible_all.py 21,79,1694248649,1245932,python,1:32.96,44348,35968,6772,100.0,0.2,1,3,1:32,0,4,30708,0,30k,0,35968,311,2,279,30,0,13.6,0.0,0.0,86.4,0.0,0.0,0.0,0.0,15794.9 MiB,3573.1 MiB,2046.1 MiB,10175.7 MiB,4096.0 MiB,3681.5 MiB,414.5 MiB,13107.5 MiB
5,Python 3.11.3,binarytrees_compatible_all.py 21,80,1694248650,1245932,python,1:34.13,44348,35968,6772,93.8,0.2,1,3,1:34,0,4,30708,0,30k,0,35968,311,2,279,30,0,12.8,0.8,0.0,86.5,0.0,0.0,0.0,0.0,15794.9 MiB,3573.1 MiB,2046.1 MiB,10175.7 MiB,4096.0 MiB,3681.5 MiB,414.5 MiB,13107.5 MiB
5,Python 3.11.3,binarytrees_compatible_all.py 21,81,1694248651,1245932,python,1:35.31,44348,35968,6772,100.0,0.2,1,3,1:35,0,4,30708,0,30k,0,35968,311,2,279,30,0,13.5,0.8,0.0,85.7,0.0,0.0,0.0,0.0,15794.9 MiB,3573.1 MiB,2046.1 MiB,10175.7 MiB,4096.0 MiB,3681.5 MiB,414.5 MiB,13107.5 MiB
5,Python 3.11.3,binarytrees_compatible_all.py 21,82,1694248653,1245932,python,1:36.49,44348,35968,6772,100.0,0.2,1,3,1:36,0,4,30708,0,30k,0,35968,311,2,279,30,0,12.9,0.8,0.0,86.4,0.0,0.0,0.0,0.0,15794.9 MiB,3572.8 MiB,2046.3 MiB,10175.7 MiB,4096.0 MiB,3681.5 MiB,414.5 MiB,13107.2 MiB
5,Python 3.11.3,binarytrees_compatible_all.py 21,83,1694248654,1245932,python,1:37.66,44348,35968,6772,100.0,0.2,1,3,1:37,0,4,30708,0,30k,0,35968,311,2,279,30,0,12.9,0.8,0.0,86.4,0.0,0.0,0.0,0.0,15794.9 MiB,3572.8 MiB,2046.3 MiB,10175.7 MiB,4096.0 MiB,3681.5 MiB,414.5 MiB,13107.3 MiB
5,Python 3.11.3,binarytrees_compatible_all.py 21,84,1694248655,1245932,python,1:38.83,71996,62660,6772,100.0,0.4,1,3,1:38,0,4,58356,0,85k,0,62660,311,2,279,30,0,12.1,1.5,0.0,86.4,0.0,0.0,0.0,0.0,15794.9 MiB,3538.7 MiB,2080.5 MiB,10175.7 MiB,4096.0 MiB,3681.5 MiB,414.5 MiB,13073.1 MiB
5,Python 3.11.3,binarytrees_compatible_all.py 21,85,1694248656,1245932,python,1:40.01,73020,63668,6772,100.0,0.4,1,3,1:40,0,4,59380,0,160k,0,63668,311,2,279,30,0,12.7,2.2,0.0,85.1,0.0,0.0,0.0,0.0,15794.9 MiB,3537.1 MiB,2082.0 MiB,10175.7 MiB,4096.0 MiB,3681.5 MiB,414.5 MiB,13071.6 MiB
5,Python 3.11.3,binarytrees_compatible_all.py 21,86,1694248657,1245932,python,1:41.19,81212,71732,6772,100.0,0.4,1,3,1:41,0,4,67572,0,225k,0,71732,311,2,279,30,0,10.7,2.3,0.0,87.0,0.0,0.0,0.0,0.0,15794.9 MiB,3528.8 MiB,2090.4 MiB,10175.7 MiB,4096.0 MiB,3681.5 MiB,414.5 MiB,13063.2 MiB
5,Python 3.11.3,binarytrees_compatible_all.py 21,87,1694248659,1245932,python,1:42.36,82236,72740,6772,100.0,0.4,1,7,1:42,0,4,68596,0,279k,0,72740,311,2,279,30,0,12.9,0.8,0.0,86.4,0.0,0.0,0.0,0.0,15794.9 MiB,3521.1 MiB,2098.0 MiB,10175.7 MiB,4096.0 MiB,3681.5 MiB,414.5 MiB,13055.6 MiB
5,Python 3.11.3,binarytrees_compatible_all.py 21,88,1694248660,1245932,python,1:43.54,101692,92152,6772,100.0,0.6,1,7,1:43,0,4,88052,0,327k,0,92152,311,2,279,30,0,10.7,2.3,0.0,87.0,0.0,0.0,0.0,0.0,15794.9 MiB,3513.5 MiB,2105.6 MiB,10175.7 MiB,4096.0 MiB,3681.5 MiB,414.5 MiB,13048.0 MiB
5,Python 3.11.3,binarytrees_compatible_all.py 21,89,1694248661,1245932,python,1:44.71,95548,85844,6772,100.0,0.5,1,7,1:44,0,4,81908,0,363k,0,85844,311,2,279,30,0,12.0,1.5,0.0,85.7,0.8,0.0,0.0,0.0,15794.9 MiB,3509.2 MiB,2110.0 MiB,10175.7 MiB,4096.0 MiB,3681.5 MiB,414.5 MiB,13043.6 MiB
5,Python 3.11.3,binarytrees_compatible_all.py 21,90,1694248662,1245932,python,1:45.89,96572,87376,6772,100.0,0.5,1,7,1:45,0,4,82932,0,386k,0,87376,311,2,279,30,0,12.8,0.8,0.0,86.5,0.0,0.0,0.0,0.0,15794.9 MiB,3508.4 MiB,2110.7 MiB,10175.7 MiB,4096.0 MiB,3681.5 MiB,414.5 MiB,13042.9 MiB
5,Python 3.11.3,binarytrees_compatible_all.py 21,91,1694248663,1245932,python,1:47.07,101692,91892,6772,100.0,0.6,1,7,1:47,0,4,88052,0,401k,0,91892,311,2,279,30,0,12.8,1.5,0.0,85.7,0.0,0.0,0.0,0.0,15794.9 MiB,3507.4 MiB,2111.8 MiB,10175.7 MiB,4096.0 MiB,3681.5 MiB,414.5 MiB,13041.8 MiB
5,Python 3.11.3,binarytrees_compatible_all.py 21,92,1694248664,1245932,python,1:48.23,106812,97456,6772,93.8,0.6,1,7,1:48,0,4,93172,0,405k,0,97456,311,2,279,30,0,13.5,0.8,0.0,85.7,0.0,0.0,0.0,0.0,15794.9 MiB,3506.6 MiB,2112.5 MiB,10175.7 MiB,4096.0 MiB,3681.5 MiB,414.5 MiB,13041.1 MiB
5,Python 3.11.3,binarytrees_compatible_all.py 21,93,1694248666,1245932,python,1:49.41,106812,97456,6772,100.0,0.6,1,7,1:49,0,4,93172,0,405k,0,97456,311,2,279,30,0,12.2,0.8,0.0,87.0,0.0,0.0,0.0,0.0,15794.9 MiB,3506.9 MiB,2112.2 MiB,10175.7 MiB,4096.0 MiB,3681.5 MiB,414.5 MiB,13041.3 MiB
5,Python 3.11.3,binarytrees_compatible_all.py 21,94,1694248667,1245932,python,1:50.58,106812,97456,6772,93.8,0.6,1,7,1:50,0,4,93172,0,405k,0,97456,311,2,279,30,0,12.9,0.8,0.0,86.4,0.0,0.0,0.0,0.0,15794.9 MiB,3506.6 MiB,2112.5 MiB,10175.7 MiB,4096.0 MiB,3681.5 MiB,414.5 MiB,13041.1 MiB
5,Python 3.11.3,binarytrees_compatible_all.py 21,95,1694248668,1245932,python,1:51.76,106812,97456,6772,100.0,0.6,1,7,1:51,0,4,93172,0,405k,0,97456,311,2,279,30,0,12.1,1.5,0.0,86.4,0.0,0.0,0.0,0.0,15794.9 MiB,3507.1 MiB,2112.0 MiB,10175.7 MiB,4096.0 MiB,3681.5 MiB,414.5 MiB,13041.6 MiB
5,Python 3.11.3,binarytrees_compatible_all.py 21,96,1694248669,1245932,python,1:52.94,106812,97456,6772,100.0,0.6,1,7,1:52,0,4,93172,0,405k,0,97456,311,2,279,30,0,13.6,0.0,0.0,86.4,0.0,0.0,0.0,0.0,15794.9 MiB,3506.6 MiB,2112.5 MiB,10175.7 MiB,4096.0 MiB,3681.5 MiB,414.5 MiB,13041.1 MiB
5,Python 3.11.3,binarytrees_compatible_all.py 21,97,1694248670,1245932,python,1:54.12,159036,147880,6772,100.0,0.9,1,7,1:54,0,4,145396,0,436k,0,147880,311,2,279,30,0,10.6,3.0,0.0,86.4,0.0,0.0,0.0,0.0,15794.9 MiB,3462.1 MiB,2157.0 MiB,10175.7 MiB,4096.0 MiB,3681.5 MiB,414.5 MiB,12996.6 MiB
5,Python 3.11.3,binarytrees_compatible_all.py 21,98,1694248671,1245932,python,1:55.29,191804,181324,6772,100.0,1.1,1,7,1:55,0,4,178164,0,523k,0,181324,311,3,278,30,0,12.1,1.5,0.0,86.4,0.0,0.0,0.0,0.0,15794.9 MiB,3416.2 MiB,2202.9 MiB,10175.7 MiB,4096.0 MiB,3681.5 MiB,414.5 MiB,12950.7 MiB
5,Python 3.11.3,binarytrees_compatible_all.py 21,99,1694248673,1245932,python,1:56.46,194876,183648,6772,100.0,1.1,1,7,1:56,0,4,181236,0,602k,0,183648,311,2,279,30,0,12.7,2.2,0.0,84.3,0.7,0.0,0.0,0.0,15794.9 MiB,3416.3 MiB,2202.8 MiB,10175.7 MiB,4096.0 MiB,3681.5 MiB,414.5 MiB,12950.7 MiB
5,Python 3.11.3,binarytrees_compatible_all.py 21,100,1694248674,1245932,python,1:57.64,261436,249336,6772,100.0,1.5,1,7,1:57,0,4,247796,0,695k,0,249336,311,2,279,30,0,12.1,2.3,0.0,85.6,0.0,0.0,0.0,0.0,15794.9 MiB,3363.9 MiB,2255.2 MiB,10175.8 MiB,4096.0 MiB,3681.5 MiB,414.5 MiB,12898.4 MiB
5,Python 3.11.3,binarytrees_compatible_all.py 21,101,1694248675,1245932,python,1:58.82,330044,317136,6772,100.0,2.0,1,7,1:58,0,4,316404,0,789k,0,317136,311,2,279,30,0,12.0,1.5,0.0,86.5,0.0,0.0,0.0,0.0,15794.9 MiB,3297.0 MiB,2322.1 MiB,10175.8 MiB,4096.0 MiB,3681.5 MiB,414.5 MiB,12831.5 MiB
5,Python 3.11.3,binarytrees_compatible_all.py 21,102,1694248676,1245932,python,1:59.99,243004,231724,6772,100.0,1.4,1,3,1:59,0,4,229364,0,872k,0,231724,311,2,279,30,0,11.3,3.0,0.0,85.7,0.0,0.0,0.0,0.0,15794.9 MiB,3362.0 MiB,2257.1 MiB,10175.8 MiB,4096.0 MiB,3681.5 MiB,414.5 MiB,12896.4 MiB
5,Python 3.11.3,binarytrees_compatible_all.py 21,103,1694248677,1245932,python,2:01.16,201020,190396,6772,100.0,1.2,1,3,2:01,0,4,187380,0,948k,0,190396,311,2,279,30,0,12.8,1.5,0.0,85.7,0.0,0.0,0.0,0.0,15794.9 MiB,3414.8 MiB,2204.3 MiB,10175.8 MiB,4096.0 MiB,3681.5 MiB,414.5 MiB,12949.3 MiB
5,Python 3.11.3,binarytrees_compatible_all.py 21,104,1694248678,1245932,python,2:02.34,214332,202752,6772,100.0,1.3,1,7,2:02,0,4,200692,0,1.0m,0,202752,311,2,279,30,0,12.8,1.5,0.0,85.0,0.8,0.0,0.0,0.0,15794.9 MiB,3407.7 MiB,2211.4 MiB,10175.8 MiB,4096.0 MiB,3681.5 MiB,414.5 MiB,12942.2 MiB
5,Python 3.11.3,binarytrees_compatible_all.py 21,105,1694248680,1245932,python,2:03.51,282940,270816,6772,93.8,1.7,1,7,2:03,0,4,269300,0,1.1m,0,270816,311,2,279,30,0,10.5,3.8,0.0,85.7,0.0,0.0,0.0,0.0,15794.9 MiB,3340.5 MiB,2278.6 MiB,10175.8 MiB,4096.0 MiB,3681.5 MiB,414.5 MiB,12875.0 MiB
5,Python 3.11.3,binarytrees_compatible_all.py 21,106,1694248681,1245932,python,2:04.69,351548,338088,6772,100.0,2.1,1,7,2:04,0,4,337908,0,1.2m,0,338088,311,2,279,30,0,12.1,2.3,0.0,85.6,0.0,0.0,0.0,0.0,15794.9 MiB,3275.3 MiB,2343.8 MiB,10175.8 MiB,4096.0 MiB,3681.5 MiB,414.5 MiB,12809.8 MiB
5,Python 3.11.3,binarytrees_compatible_all.py 21,107,1694248682,1245932,python,2:05.86,202044,191404,6772,93.8,1.2,1,7,2:05,0,4,188404,0,1.3m,0,191404,311,2,279,30,0,11.3,3.0,0.0,85.7,0.0,0.0,0.0,0.0,15794.9 MiB,3406.4 MiB,2212.7 MiB,10175.8 MiB,4096.0 MiB,3681.5 MiB,414.5 MiB,12940.9 MiB
5,Python 3.11.3,binarytrees_compatible_all.py 21,108,1694248683,1245932,python,2:07.04,203068,192412,6772,100.0,1.2,1,7,2:07,0,4,189428,0,1.3m,0,192412,311,2,279,30,0,13.6,0.8,0.0,85.6,0.0,0.0,0.0,0.0,15794.9 MiB,3404.9 MiB,2214.2 MiB,10175.8 MiB,4096.0 MiB,3681.5 MiB,414.5 MiB,12939.4 MiB
5,Python 3.11.3,binarytrees_compatible_all.py 21,109,1694248684,1245932,python,2:08.21,250172,238296,6772,100.0,1.5,1,7,2:08,0,4,236532,0,1.4m,0,238296,311,2,279,30,0,11.4,2.3,0.0,86.4,0.0,0.0,0.0,0.0,15794.9 MiB,3372.8 MiB,2246.3 MiB,10175.8 MiB,4096.0 MiB,3681.5 MiB,414.5 MiB,12907.3 MiB
5,Python 3.11.3,binarytrees_compatible_all.py 21,110,1694248686,1245932,python,2:09.39,322876,309792,6772,100.0,1.9,1,7,2:09,0,4,309236,0,1.5m,0,309792,311,2,279,30,0,11.4,2.3,0.0,86.4,0.0,0.0,0.0,0.0,15794.9 MiB,3303.1 MiB,2316.0 MiB,10175.8 MiB,4096.0 MiB,3681.5 MiB,414.5 MiB,12837.6 MiB
5,Python 3.11.3,binarytrees_compatible_all.py 21,111,1694248687,1245932,python,2:10.56,246076,234748,6772,100.0,1.5,1,3,2:10,0,4,232436,0,1.6m,0,234748,311,2,279,30,0,11.0,4.4,0.0,84.6,0.0,0.0,0.0,0.0,15794.9 MiB,3352.6 MiB,2266.5 MiB,10175.8 MiB,4096.0 MiB,3681.5 MiB,414.5 MiB,12887.1 MiB
6,Python 3.11.3,binarytrees_compatible_all.py 21,0,1694248688,1246674,python,0:00.12,35120,26504,6588,75.0,0.2,1,3,0:00,0,4,21480,0,6201,0,26504,311,2,279,30,0,16.0,8.4,0.0,75.6,0.0,0.0,0.0,0.0,15794.9 MiB,3573.1 MiB,2038.8 MiB,10183.0 MiB,4096.0 MiB,3681.5 MiB,414.5 MiB,13107.6 MiB
6,Python 3.11.3,binarytrees_compatible_all.py 21,1,1694248689,1246674,python,0:01.30,35120,26504,6588,100.0,0.2,1,7,0:01,0,4,21480,0,6201,0,26504,311,2,279,30,0,12.9,0.8,0.0,86.4,0.0,0.0,0.0,0.0,15794.9 MiB,3573.1 MiB,2038.8 MiB,10183.0 MiB,4096.0 MiB,3681.5 MiB,414.5 MiB,13107.6 MiB
6,Python 3.11.3,binarytrees_compatible_all.py 21,2,1694248690,1246674,python,0:02.47,35120,26504,6588,100.0,0.2,1,7,0:02,0,4,21480,0,6201,0,26504,311,2,279,30,0,12.8,1.5,0.0,85.7,0.0,0.0,0.0,0.0,15794.9 MiB,3575.1 MiB,2043.6 MiB,10176.1 MiB,4096.0 MiB,3681.5 MiB,414.5 MiB,13109.6 MiB
6,Python 3.11.3,binarytrees_compatible_all.py 21,3,1694248691,1246674,python,0:03.64,35120,26504,6588,93.8,0.2,1,7,0:03,0,4,21480,0,6201,0,26504,311,2,279,30,0,12.2,0.8,0.0,87.0,0.0,0.0,0.0,0.0,15794.9 MiB,3574.1 MiB,2044.8 MiB,10176.0 MiB,4096.0 MiB,3681.5 MiB,414.5 MiB,13108.6 MiB
6,Python 3.11.3,binarytrees_compatible_all.py 21,4,1694248693,1246674,python,0:04.82,35120,26504,6588,100.0,0.2,1,7,0:04,0,4,21480,0,6201,0,26504,311,2,279,30,0,13.4,1.5,0.0,85.1,0.0,0.0,0.0,0.0,15794.9 MiB,3574.1 MiB,2044.8 MiB,10176.0 MiB,4096.0 MiB,3681.5 MiB,414.5 MiB,13108.6 MiB
6,Python 3.11.3,binarytrees_compatible_all.py 21,5,1694248694,1246674,python,0:05.99,35120,26504,6588,93.8,0.2,1,7,0:05,0,4,21480,0,6201,0,26504,311,2,279,30,0,14.2,0.7,0.0,85.1,0.0,0.0,0.0,0.0,15794.9 MiB,3574.4 MiB,2044.5 MiB,10176.0 MiB,4096.0 MiB,3681.5 MiB,414.5 MiB,13108.9 MiB
6,Python 3.11.3,binarytrees_compatible_all.py 21,6,1694248695,1246674,python,0:07.17,35120,26504,6588,100.0,0.2,1,7,0:07,0,4,21480,0,6201,0,26504,311,3,278,30,0,12.8,1.5,0.0,85.7,0.0,0.0,0.0,0.0,15794.9 MiB,3574.4 MiB,2044.5 MiB,10176.0 MiB,4096.0 MiB,3681.5 MiB,414.5 MiB,13108.9 MiB
6,Python 3.11.3,binarytrees_compatible_all.py 21,7,1694248696,1246674,python,0:08.34,35120,26504,6588,100.0,0.2,1,7,0:08,0,4,21480,0,6201,0,26504,311,2,279,30,0,12.9,1.5,0.0,85.6,0.0,0.0,0.0,0.0,15794.9 MiB,3574.6 MiB,2044.3 MiB,10176.0 MiB,4096.0 MiB,3681.5 MiB,414.5 MiB,13109.1 MiB
6,Python 3.11.3,binarytrees_compatible_all.py 21,8,1694248697,1246674,python,0:09.52,35120,26504,6588,100.0,0.2,1,7,0:09,0,4,21480,0,6201,0,26504,311,2,279,30,0,14.2,0.7,0.0,85.1,0.0,0.0,0.0,0.0,15794.9 MiB,3574.9 MiB,2044.0 MiB,10176.0 MiB,4096.0 MiB,3681.5 MiB,414.5 MiB,13109.4 MiB
6,Python 3.11.3,binarytrees_compatible_all.py 21,9,1694248698,1246674,python,0:10.69,35120,26504,6588,100.0,0.2,1,7,0:10,0,4,21480,0,6201,0,26504,311,2,279,30,0,12.9,0.8,0.0,86.4,0.0,0.0,0.0,0.0,15794.9 MiB,3574.1 MiB,2044.8 MiB,10176.0 MiB,4096.0 MiB,3681.5 MiB,414.5 MiB,13108.6 MiB
6,Python 3.11.3,binarytrees_compatible_all.py 21,10,1694248700,1246674,python,0:11.87,35120,26504,6588,100.0,0.2,1,7,0:11,0,4,21480,0,6201,0,26504,311,2,279,30,0,12.9,0.8,0.0,86.4,0.0,0.0,0.0,0.0,15794.9 MiB,3574.1 MiB,2044.8 MiB,10176.0 MiB,4096.0 MiB,3681.5 MiB,414.5 MiB,13108.6 MiB
6,Python 3.11.3,binarytrees_compatible_all.py 21,11,1694248701,1246674,python,0:13.04,22844,14324,6588,100.0,0.1,1,7,0:13,0,4,9204,0,7229,0,14324,311,2,279,30,0,14.2,0.7,0.0,85.1,0.0,0.0,0.0,0.0,15794.9 MiB,3594.4 MiB,2024.5 MiB,10176.0 MiB,4096.0 MiB,3681.5 MiB,414.5 MiB,13128.9 MiB
6,Python 3.11.3,binarytrees_compatible_all.py 21,12,1694248702,1246674,python,0:14.21,22844,14324,6588,100.0,0.1,1,7,0:14,0,4,9204,0,7229,0,14324,311,2,279,30,0,13.3,1.5,0.0,85.2,0.0,0.0,0.0,0.0,15794.9 MiB,3594.4 MiB,2024.5 MiB,10176.0 MiB,4096.0 MiB,3681.5 MiB,414.5 MiB,13128.9 MiB
6,Python 3.11.3,binarytrees_compatible_all.py 21,13,1694248703,1246674,python,0:15.39,22844,14324,6588,100.0,0.1,1,7,0:15,0,4,9204,0,7229,0,14324,311,2,279,30,0,13.5,1.5,0.0,85.0,0.0,0.0,0.0,0.0,15794.9 MiB,3594.1 MiB,2024.8 MiB,10176.0 MiB,4096.0 MiB,3681.5 MiB,414.5 MiB,13128.6 MiB
6,Python 3.11.3,binarytrees_compatible_all.py 21,14,1694248704,1246674,python,0:16.56,22844,14324,6588,93.8,0.1,1,7,0:16,0,4,9204,0,7229,0,14324,311,2,279,30,0,12.9,0.8,0.0,86.4,0.0,0.0,0.0,0.0,15794.9 MiB,3593.9 MiB,2025.0 MiB,10176.0 MiB,4096.0 MiB,3681.5 MiB,414.5 MiB,13128.4 MiB
6,Python 3.11.3,binarytrees_compatible_all.py 21,15,1694248706,1246674,python,0:17.74,22844,14324,6588,100.0,0.1,1,7,0:17,0,4,9204,0,7229,0,14324,311,2,279,30,0,12.9,0.8,0.0,86.4,0.0,0.0,0.0,0.0,15794.9 MiB,3593.9 MiB,2025.0 MiB,10176.0 MiB,4096.0 MiB,3681.5 MiB,414.5 MiB,13128.4 MiB
6,Python 3.11.3,binarytrees_compatible_all.py 21,16,1694248707,1246674,python,0:18.91,22844,14324,6588,93.8,0.1,1,7,0:18,0,4,9204,0,7229,0,14324,311,2,279,30,0,13.3,2.2,0.0,84.4,0.0,0.0,0.0,0.0,15794.9 MiB,3593.9 MiB,2025.0 MiB,10176.0 MiB,4096.0 MiB,3681.5 MiB,414.5 MiB,13128.4 MiB
6,Python 3.11.3,binarytrees_compatible_all.py 21,17,1694248708,1246674,python,0:20.09,22844,14324,6588,100.0,0.1,1,7,0:20,0,4,9204,0,7229,0,14324,311,2,279,30,0,12.8,1.5,0.0,85.7,0.0,0.0,0.0,0.0,15794.9 MiB,3593.6 MiB,2025.2 MiB,10176.1 MiB,4096.0 MiB,3681.5 MiB,414.5 MiB,13128.2 MiB
6,Python 3.11.3,binarytrees_compatible_all.py 21,18,1694248709,1246674,python,0:21.26,22844,14324,6588,93.8,0.1,1,7,0:21,0,4,9204,0,7229,0,14324,311,2,279,30,0,12.2,0.8,0.0,87.0,0.0,0.0,0.0,0.0,15794.9 MiB,3593.6 MiB,2025.2 MiB,10176.1 MiB,4096.0 MiB,3681.5 MiB,414.5 MiB,13128.2 MiB
6,Python 3.11.3,binarytrees_compatible_all.py 21,19,1694248710,1246674,python,0:22.44,22844,14324,6588,100.0,0.1,1,7,0:22,0,4,9204,0,7229,0,14324,311,2,279,30,0,13.5,0.8,0.0,85.7,0.0,0.0,0.0,0.0,15794.9 MiB,3593.6 MiB,2025.2 MiB,10176.1 MiB,4096.0 MiB,3681.5 MiB,414.5 MiB,13128.2 MiB
6,Python 3.11.3,binarytrees_compatible_all.py 21,20,1694248711,1246674,python,0:23.61,22844,14324,6588,100.0,0.1,1,7,0:23,0,4,9204,0,7229,0,14324,311,2,279,30,0,13.5,0.8,0.0,85.7,0.0,0.0,0.0,0.0,15794.9 MiB,3593.4 MiB,2025.4 MiB,10176.1 MiB,4096.0 MiB,3681.5 MiB,414.5 MiB,13128.0 MiB
6,Python 3.11.3,binarytrees_compatible_all.py 21,21,1694248713,1246674,python,0:24.79,22844,14324,6588,100.0,0.1,1,7,0:24,0,4,9204,0,7229,0,14324,311,2,279,30,0,13.3,1.5,0.0,85.2,0.0,0.0,0.0,0.0,15794.9 MiB,3593.4 MiB,2025.4 MiB,10176.1 MiB,4096.0 MiB,3681.5 MiB,414.5 MiB,13128.0 MiB
6,Python 3.11.3,binarytrees_compatible_all.py 21,22,1694248714,1246674,python,0:25.97,22844,14588,6588,100.0,0.1,1,7,0:25,0,4,9204,0,7284,0,14588,311,2,279,30,0,13.5,0.8,0.0,85.7,0.0,0.0,0.0,0.0,15794.9 MiB,3592.9 MiB,2025.9 MiB,10176.1 MiB,4096.0 MiB,3681.5 MiB,414.5 MiB,13127.5 MiB
6,Python 3.11.3,binarytrees_compatible_all.py 21,23,1694248715,1246674,python,0:27.14,23868,14852,6588,100.0,0.1,1,7,0:27,0,4,10228,0,7371,0,14852,311,2,279,30,0,12.9,0.8,0.0,86.4,0.0,0.0,0.0,0.0,15794.9 MiB,3592.6 MiB,2026.2 MiB,10176.1 MiB,4096.0 MiB,3681.5 MiB,414.5 MiB,13127.2 MiB
6,Python 3.11.3,binarytrees_compatible_all.py 21,24,1694248716,1246674,python,0:28.31,23868,15380,6588,100.0,0.1,1,7,0:28,0,4,10228,0,7458,0,15380,311,2,279,30,0,12.2,0.8,0.0,87.0,0.0,0.0,0.0,0.0,15794.9 MiB,3592.1 MiB,2026.7 MiB,10176.1 MiB,4096.0 MiB,3681.5 MiB,414.5 MiB,13126.7 MiB
6,Python 3.11.3,binarytrees_compatible_all.py 21,25,1694248717,1246674,python,0:29.49,23868,15644,6588,100.0,0.1,1,7,0:29,0,4,10228,0,7545,0,15644,311,2,279,30,0,12.9,1.5,0.0,85.6,0.0,0.0,0.0,0.0,15794.9 MiB,3591.6 MiB,2027.2 MiB,10176.1 MiB,4096.0 MiB,3681.5 MiB,414.5 MiB,13126.2 MiB
6,Python 3.11.3,binarytrees_compatible_all.py 21,26,1694248718,1246674,python,0:30.67,24892,15908,6588,100.0,0.1,1,3,0:30,0,4,11252,0,7632,0,15908,311,2,279,30,0,13.0,2.2,0.0,84.8,0.0,0.0,0.0,0.0,15794.9 MiB,3591.9 MiB,2026.9 MiB,10176.1 MiB,4096.0 MiB,3681.5 MiB,414.5 MiB,13126.5 MiB
6,Python 3.11.3,binarytrees_compatible_all.py 21,27,1694248720,1246674,python,0:31.84,24892,16172,6588,100.0,0.1,1,3,0:31,0,4,11252,0,7718,0,16172,310,2,278,30,0,13.5,0.8,0.0,85.7,0.0,0.0,0.0,0.0,15794.9 MiB,3591.4 MiB,2027.4 MiB,10176.1 MiB,4096.0 MiB,3681.5 MiB,414.5 MiB,13126.0 MiB
6,Python 3.11.3,binarytrees_compatible_all.py 21,28,1694248721,1246674,python,0:33.01,24892,16700,6588,93.8,0.1,1,3,0:33,0,4,11252,0,7806,0,16700,310,2,278,30,0,12.8,1.5,0.0,85.7,0.0,0.0,0.0,0.0,15794.9 MiB,3591.4 MiB,2027.4 MiB,10176.1 MiB,4096.0 MiB,3681.5 MiB,414.5 MiB,13126.0 MiB
6,Python 3.11.3,binarytrees_compatible_all.py 21,29,1694248722,1246674,python,0:34.19,25916,16964,6588,100.0,0.1,1,3,0:34,0,4,12276,0,7892,0,16964,310,2,278,30,0,12.8,1.5,0.0,85.7,0.0,0.0,0.0,0.0,15794.9 MiB,3591.4 MiB,2027.4 MiB,10176.1 MiB,4096.0 MiB,3681.5 MiB,414.5 MiB,13126.0 MiB
6,Python 3.11.3,binarytrees_compatible_all.py 21,30,1694248723,1246674,python,0:35.37,25916,17228,6588,100.0,0.1,1,3,0:35,0,4,12276,0,7980,0,17228,310,2,278,30,0,12.9,0.8,0.0,86.4,0.0,0.0,0.0,0.0,15794.9 MiB,3590.9 MiB,2027.9 MiB,10176.1 MiB,4096.0 MiB,3681.5 MiB,414.5 MiB,13125.5 MiB
6,Python 3.11.3,binarytrees_compatible_all.py 21,31,1694248724,1246674,python,0:36.55,25916,17756,6588,100.0,0.1,1,3,0:36,0,4,12276,0,8066,0,17756,310,2,278,30,0,12.7,1.5,0.0,84.3,1.5,0.0,0.0,0.0,15794.9 MiB,3589.9 MiB,2028.9 MiB,10176.1 MiB,4096.0 MiB,3681.5 MiB,414.5 MiB,13124.5 MiB
6,Python 3.11.3,binarytrees_compatible_all.py 21,32,1694248725,1246674,python,0:37.72,26940,18020,6588,100.0,0.1,1,3,0:37,0,4,13300,0,8153,0,18020,310,2,278,30,0,13.0,0.8,0.0,86.3,0.0,0.0,0.0,0.0,15794.9 MiB,3589.2 MiB,2029.6 MiB,10176.1 MiB,4096.0 MiB,3681.5 MiB,414.5 MiB,13123.8 MiB
6,Python 3.11.3,binarytrees_compatible_all.py 21,33,1694248727,1246674,python,0:38.89,26940,18284,6588,100.0,0.1,1,3,0:38,0,4,13300,0,8240,0,18284,310,2,278,30,0,12.9,0.8,0.0,86.4,0.0,0.0,0.0,0.0,15794.9 MiB,3588.9 MiB,2029.8 MiB,10176.1 MiB,4096.0 MiB,3681.5 MiB,414.5 MiB,13123.6 MiB
6,Python 3.11.3,binarytrees_compatible_all.py 21,34,1694248728,1246674,python,0:40.07,23868,15596,6588,100.0,0.1,1,3,0:40,0,4,10228,0,8279,0,15596,310,2,278,30,0,13.3,2.2,0.0,84.4,0.0,0.0,0.0,0.0,15794.9 MiB,3588.2 MiB,2030.6 MiB,10176.1 MiB,4096.0 MiB,3681.5 MiB,414.5 MiB,13122.8 MiB
6,Python 3.11.3,binarytrees_compatible_all.py 21,35,1694248729,1246674,python,0:41.24,23868,15596,6588,100.0,0.1,1,3,0:41,0,4,10228,0,8279,0,15596,310,2,278,30,0,14.3,0.0,0.0,85.7,0.0,0.0,0.0,0.0,15794.9 MiB,3588.0 MiB,2030.8 MiB,10176.1 MiB,4096.0 MiB,3681.5 MiB,414.5 MiB,13122.6 MiB
6,Python 3.11.3,binarytrees_compatible_all.py 21,36,1694248730,1246674,python,0:42.42,23868,15596,6588,100.0,0.1,1,3,0:42,0,4,10228,0,8279,0,15596,310,2,278,30,0,13.5,0.8,0.0,85.7,0.0,0.0,0.0,0.0,15794.9 MiB,3588.0 MiB,2030.8 MiB,10176.1 MiB,4096.0 MiB,3681.5 MiB,414.5 MiB,13122.6 MiB
6,Python 3.11.3,binarytrees_compatible_all.py 21,37,1694248731,1246674,python,0:43.59,23868,15596,6588,100.0,0.1,1,3,0:43,0,4,10228,0,8279,0,15596,310,2,278,30,0,12.8,1.5,0.0,85.7,0.0,0.0,0.0,0.0,15794.9 MiB,3588.0 MiB,2030.8 MiB,10176.1 MiB,4096.0 MiB,3681.5 MiB,414.5 MiB,13122.6 MiB
6,Python 3.11.3,binarytrees_compatible_all.py 21,38,1694248733,1246674,python,0:44.77,23868,15596,6588,100.0,0.1,1,3,0:44,0,4,10228,0,8279,0,15596,310,2,278,30,0,13.0,0.8,0.0,86.3,0.0,0.0,0.0,0.0,15794.9 MiB,3588.0 MiB,2030.8 MiB,10176.1 MiB,4096.0 MiB,3681.5 MiB,414.5 MiB,13122.6 MiB
6,Python 3.11.3,binarytrees_compatible_all.py 21,39,1694248734,1246674,python,0:45.94,23868,15596,6588,100.0,0.1,1,3,0:45,0,4,10228,0,8279,0,15596,310,2,278,30,0,13.4,0.7,0.0,85.8,0.0,0.0,0.0,0.0,15794.9 MiB,3588.0 MiB,2030.8 MiB,10176.1 MiB,4096.0 MiB,3681.5 MiB,414.5 MiB,13122.6 MiB
6,Python 3.11.3,binarytrees_compatible_all.py 21,40,1694248735,1246674,python,0:47.12,23868,15596,6588,100.0,0.1,1,3,0:47,0,4,10228,0,8279,0,15596,310,2,278,30,0,13.6,0.0,0.0,86.4,0.0,0.0,0.0,0.0,15794.9 MiB,3587.7 MiB,2031.0 MiB,10176.1 MiB,4096.0 MiB,3681.5 MiB,414.5 MiB,13122.3 MiB
6,Python 3.11.3,binarytrees_compatible_all.py 21,41,1694248736,1246674,python,0:48.29,23868,15596,6588,100.0,0.1,1,3,0:48,0,4,10228,0,8279,0,15596,310,2,278,30,0,13.6,0.0,0.0,86.4,0.0,0.0,0.0,0.0,15794.9 MiB,3587.7 MiB,2031.0 MiB,10176.1 MiB,4096.0 MiB,3681.5 MiB,414.5 MiB,13122.3 MiB
6,Python 3.11.3,binarytrees_compatible_all.py 21,42,1694248737,1246674,python,0:49.47,23868,15596,6588,100.0,0.1,1,3,0:49,0,4,10228,0,8279,0,15596,310,2,278,30,0,12.9,0.8,0.0,86.4,0.0,0.0,0.0,0.0,15794.9 MiB,3587.7 MiB,2031.0 MiB,10176.1 MiB,4096.0 MiB,3681.5 MiB,414.5 MiB,13122.3 MiB
6,Python 3.11.3,binarytrees_compatible_all.py 21,43,1694248738,1246674,python,0:50.64,23868,15596,6588,100.0,0.1,1,3,0:50,0,4,10228,0,8281,0,15596,310,2,278,30,0,13.4,1.5,0.0,85.1,0.0,0.0,0.0,0.0,15794.9 MiB,3587.5 MiB,2031.2 MiB,10176.1 MiB,4096.0 MiB,3681.5 MiB,414.5 MiB,13122.1 MiB
6,Python 3.11.3,binarytrees_compatible_all.py 21,44,1694248740,1246674,python,0:51.82,23868,15596,6588,100.0,0.1,1,3,0:51,0,4,10228,0,8303,0,15596,310,2,278,30,0,12.9,1.5,0.0,85.6,0.0,0.0,0.0,0.0,15794.9 MiB,3587.5 MiB,2031.2 MiB,10176.1 MiB,4096.0 MiB,3681.5 MiB,414.5 MiB,13122.1 MiB
6,Python 3.11.3,binarytrees_compatible_all.py 21,45,1694248741,1246674,python,0:53.00,23868,15596,6588,100.0,0.1,1,3,0:53,0,4,10228,0,8324,0,15596,310,2,278,30,0,12.2,0.8,0.0,87.0,0.0,0.0,0.0,0.0,15794.9 MiB,3587.5 MiB,2031.2 MiB,10176.1 MiB,4096.0 MiB,3681.5 MiB,414.5 MiB,13122.1 MiB
6,Python 3.11.3,binarytrees_compatible_all.py 21,46,1694248742,1246674,python,0:54.17,23868,15856,6588,93.8,0.1,1,3,0:54,0,4,10228,0,8343,0,15856,310,2,278,30,0,12.7,1.5,0.0,85.8,0.0,0.0,0.0,0.0,15794.9 MiB,3587.5 MiB,2031.2 MiB,10176.2 MiB,4096.0 MiB,3681.5 MiB,414.5 MiB,13122.1 MiB
6,Python 3.11.3,binarytrees_compatible_all.py 21,47,1694248743,1246674,python,0:55.35,23868,15856,6588,100.0,0.1,1,3,0:55,0,4,10228,0,8343,0,15856,310,2,278,30,0,14.3,0.0,0.0,85.7,0.0,0.0,0.0,0.0,15794.9 MiB,3586.7 MiB,2032.0 MiB,10176.2 MiB,4096.0 MiB,3681.5 MiB,414.5 MiB,13121.4 MiB
6,Python 3.11.3,binarytrees_compatible_all.py 21,48,1694248744,1246674,python,0:56.52,23868,15856,6588,100.0,0.1,1,3,0:56,0,4,10228,0,8343,0,15856,310,2,278,30,0,14.3,0.0,0.0,85.7,0.0,0.0,0.0,0.0,15794.9 MiB,3586.7 MiB,2032.0 MiB,10176.2 MiB,4096.0 MiB,3681.5 MiB,414.5 MiB,13121.4 MiB
6,Python 3.11.3,binarytrees_compatible_all.py 21,49,1694248745,1246674,python,0:57.70,23868,15856,6588,100.0,0.1,1,3,0:57,0,4,10228,0,8343,0,15856,310,2,278,30,0,12.9,0.8,0.0,86.4,0.0,0.0,0.0,0.0,15794.9 MiB,3586.5 MiB,2032.2 MiB,10176.2 MiB,4096.0 MiB,3681.5 MiB,414.5 MiB,13121.1 MiB
6,Python 3.11.3,binarytrees_compatible_all.py 21,50,1694248747,1246674,python,0:58.87,23868,15856,6588,93.8,0.1,1,7,0:58,0,4,10228,0,8343,0,15856,310,2,278,30,0,12.2,1.5,0.0,86.3,0.0,0.0,0.0,0.0,15794.9 MiB,3586.5 MiB,2032.2 MiB,10176.2 MiB,4096.0 MiB,3681.5 MiB,414.5 MiB,13121.1 MiB
6,Python 3.11.3,binarytrees_compatible_all.py 21,51,1694248748,1246674,python,1:00.05,24892,15856,6588,100.0,0.1,1,7,1:00,0,4,11252,0,8346,0,15856,310,2,278,30,0,13.5,0.8,0.0,85.7,0.0,0.0,0.0,0.0,15794.9 MiB,3586.5 MiB,2032.2 MiB,10176.2 MiB,4096.0 MiB,3681.5 MiB,414.5 MiB,13121.1 MiB
6,Python 3.11.3,binarytrees_compatible_all.py 21,52,1694248749,1246674,python,1:01.22,24892,15856,6588,100.0,0.1,1,7,1:01,0,4,11252,0,8351,0,15856,310,2,278,30,0,13.2,2.9,0.0,83.8,0.0,0.0,0.0,0.0,15794.9 MiB,3586.5 MiB,2032.2 MiB,10176.2 MiB,4096.0 MiB,3681.5 MiB,414.5 MiB,13121.1 MiB
6,Python 3.11.3,binarytrees_compatible_all.py 21,53,1694248750,1246674,python,1:02.40,24892,15856,6588,100.0,0.1,1,7,1:02,0,4,11252,0,8356,0,15856,310,2,278,30,0,12.8,1.5,0.0,85.7,0.0,0.0,0.0,0.0,15794.9 MiB,3586.7 MiB,2031.9 MiB,10176.2 MiB,4096.0 MiB,3681.5 MiB,414.5 MiB,13121.4 MiB
6,Python 3.11.3,binarytrees_compatible_all.py 21,54,1694248751,1246674,python,1:03.57,24892,15856,6588,93.8,0.1,1,7,1:03,0,4,11252,0,8362,0,15856,310,2,278,30,0,12.8,1.5,0.0,85.7,0.0,0.0,0.0,0.0,15794.9 MiB,3586.7 MiB,2031.9 MiB,10176.2 MiB,4096.0 MiB,3681.5 MiB,414.5 MiB,13121.4 MiB
6,Python 3.11.3,binarytrees_compatible_all.py 21,55,1694248753,1246674,python,1:04.75,24892,15856,6588,100.0,0.1,1,7,1:04,0,4,11252,0,8367,0,15856,310,2,278,30,0,13.5,0.8,0.0,85.0,0.8,0.0,0.0,0.0,15794.9 MiB,3586.7 MiB,2031.9 MiB,10176.2 MiB,4096.0 MiB,3681.5 MiB,414.5 MiB,13121.4 MiB
6,Python 3.11.3,binarytrees_compatible_all.py 21,56,1694248754,1246674,python,1:05.92,24892,15856,6588,93.8,0.1,1,7,1:05,0,4,11252,0,8372,0,15856,310,2,278,30,0,12.2,0.8,0.0,87.0,0.0,0.0,0.0,0.0,15794.9 MiB,3586.7 MiB,2031.9 MiB,10176.2 MiB,4096.0 MiB,3681.5 MiB,414.5 MiB,13121.4 MiB
6,Python 3.11.3,binarytrees_compatible_all.py 21,57,1694248755,1246674,python,1:07.10,24892,15856,6588,100.0,0.1,1,7,1:07,0,4,11252,0,8378,0,15856,310,2,278,30,0,14.2,1.5,0.0,82.8,1.5,0.0,0.0,0.0,15794.9 MiB,3588.2 MiB,2029.6 MiB,10177.1 MiB,4096.0 MiB,3681.5 MiB,414.5 MiB,13123.7 MiB
6,Python 3.11.3,binarytrees_compatible_all.py 21,58,1694248756,1246674,python,1:08.27,27964,19816,6588,100.0,0.1,1,7,1:08,0,4,14324,0,9367,0,19816,310,2,278,30,0,13.3,1.5,0.0,85.2,0.0,0.0,0.0,0.0,15794.9 MiB,3585.3 MiB,2032.6 MiB,10177.1 MiB,4096.0 MiB,3681.5 MiB,414.5 MiB,13120.8 MiB
6,Python 3.11.3,binarytrees_compatible_all.py 21,59,1694248757,1246674,python,1:09.44,27964,19816,6588,93.8,0.1,1,7,1:09,0,4,14324,0,9367,0,19816,310,2,278,30,0,13.5,0.8,0.0,85.7,0.0,0.0,0.0,0.0,15794.9 MiB,3585.0 MiB,2032.8 MiB,10177.1 MiB,4096.0 MiB,3681.5 MiB,414.5 MiB,13120.5 MiB
6,Python 3.11.3,binarytrees_compatible_all.py 21,60,1694248758,1246674,python,1:10.62,27964,19816,6588,100.0,0.1,1,7,1:10,0,4,14324,0,9367,0,19816,310,2,278,30,0,12.8,0.8,0.0,86.5,0.0,0.0,0.0,0.0,15794.9 MiB,3585.0 MiB,2032.8 MiB,10177.1 MiB,4096.0 MiB,3681.5 MiB,414.5 MiB,13120.5 MiB
6,Python 3.11.3,binarytrees_compatible_all.py 21,61,1694248760,1246674,python,1:11.80,27964,19816,6588,100.0,0.1,1,7,1:11,0,4,14324,0,9367,0,19816,310,2,278,30,0,13.5,0.8,0.0,85.7,0.0,0.0,0.0,0.0,15794.9 MiB,3584.8 MiB,2033.0 MiB,10177.1 MiB,4096.0 MiB,3681.5 MiB,414.5 MiB,13120.3 MiB
6,Python 3.11.3,binarytrees_compatible_all.py 21,62,1694248761,1246674,python,1:12.97,27964,19816,6588,93.8,0.1,1,7,1:12,0,4,14324,0,9367,0,19816,310,2,278,30,0,12.9,0.8,0.0,86.4,0.0,0.0,0.0,0.0,15794.9 MiB,3584.8 MiB,2033.0 MiB,10177.1 MiB,4096.0 MiB,3681.5 MiB,414.5 MiB,13120.3 MiB
6,Python 3.11.3,binarytrees_compatible_all.py 21,63,1694248762,1246674,python,1:14.15,27964,19816,6588,100.0,0.1,1,7,1:14,0,4,14324,0,9367,0,19816,310,2,278,30,0,12.1,1.5,0.0,86.4,0.0,0.0,0.0,0.0,15794.9 MiB,3584.8 MiB,2033.0 MiB,10177.1 MiB,4096.0 MiB,3681.5 MiB,414.5 MiB,13120.3 MiB
6,Python 3.11.3,binarytrees_compatible_all.py 21,64,1694248763,1246674,python,1:15.32,27964,19816,6588,93.8,0.1,1,7,1:15,0,4,14324,0,9367,0,19816,310,2,278,30,0,12.8,1.5,0.0,85.7,0.0,0.0,0.0,0.0,15794.9 MiB,3584.8 MiB,2033.0 MiB,10177.1 MiB,4096.0 MiB,3681.5 MiB,414.5 MiB,13120.3 MiB
6,Python 3.11.3,binarytrees_compatible_all.py 21,65,1694248764,1246674,python,1:16.50,27964,19816,6588,100.0,0.1,1,7,1:16,0,4,14324,0,9367,0,19816,310,2,278,30,0,13.4,0.7,0.0,85.8,0.0,0.0,0.0,0.0,15794.9 MiB,3585.0 MiB,2032.8 MiB,10177.1 MiB,4096.0 MiB,3681.5 MiB,414.5 MiB,13120.6 MiB
6,Python 3.11.3,binarytrees_compatible_all.py 21,66,1694248765,1246674,python,1:17.68,27964,19816,6588,100.0,0.1,1,7,1:17,0,4,14324,0,9367,0,19816,310,2,278,30,0,13.5,0.8,0.0,85.7,0.0,0.0,0.0,0.0,15794.9 MiB,3585.3 MiB,2032.5 MiB,10177.1 MiB,4096.0 MiB,3681.5 MiB,414.5 MiB,13120.8 MiB
6,Python 3.11.3,binarytrees_compatible_all.py 21,67,1694248767,1246674,python,1:18.85,27964,19816,6588,100.0,0.1,1,7,1:18,0,4,14324,0,9367,0,19816,310,2,278,30,0,13.3,2.2,0.0,83.7,0.7,0.0,0.0,0.0,15794.9 MiB,3585.5 MiB,2032.3 MiB,10177.1 MiB,4096.0 MiB,3681.5 MiB,414.5 MiB,13121.1 MiB
6,Python 3.11.3,binarytrees_compatible_all.py 21,68,1694248768,1246674,python,1:20.03,27964,19816,6588,100.0,0.1,1,7,1:20,0,4,14324,0,9367,0,19816,310,2,278,30,0,13.5,0.8,0.0,85.7,0.0,0.0,0.0,0.0,15794.9 MiB,3585.3 MiB,2032.5 MiB,10177.1 MiB,4096.0 MiB,3681.5 MiB,414.5 MiB,13120.8 MiB
6,Python 3.11.3,binarytrees_compatible_all.py 21,69,1694248769,1246674,python,1:21.20,27964,19816,6588,100.0,0.1,1,7,1:21,0,4,14324,0,9367,0,19816,310,2,278,30,0,14.2,0.7,0.0,85.1,0.0,0.0,0.0,0.0,15794.9 MiB,3585.3 MiB,2032.5 MiB,10177.1 MiB,4096.0 MiB,3681.5 MiB,414.5 MiB,13120.8 MiB
6,Python 3.11.3,binarytrees_compatible_all.py 21,70,1694248770,1246674,python,1:22.38,42300,34056,6588,100.0,0.2,1,7,1:22,0,4,28660,0,23k,0,34056,310,2,278,30,0,13.4,1.5,0.0,85.1,0.0,0.0,0.0,0.0,15794.9 MiB,3570.3 MiB,2047.5 MiB,10177.1 MiB,4096.0 MiB,3681.5 MiB,414.5 MiB,13105.8 MiB
6,Python 3.11.3,binarytrees_compatible_all.py 21,71,1694248771,1246674,python,1:23.55,43324,35096,6588,100.0,0.2,1,7,1:23,0,4,29684,0,26k,0,35096,310,2,278,30,0,13.5,0.8,0.0,85.7,0.0,0.0,0.0,0.0,15794.9 MiB,3570.0 MiB,2047.8 MiB,10177.1 MiB,4096.0 MiB,3681.5 MiB,414.5 MiB,13105.6 MiB
6,Python 3.11.3,binarytrees_compatible_all.py 21,72,1694248773,1246674,python,1:24.73,43324,35096,6588,100.0,0.2,1,7,1:24,0,4,29684,0,26k,0,35096,310,2,278,30,0,12.2,0.8,0.0,86.3,0.8,0.0,0.0,0.0,15794.9 MiB,3570.3 MiB,2047.5 MiB,10177.1 MiB,4096.0 MiB,3681.5 MiB,414.5 MiB,13105.8 MiB
6,Python 3.11.3,binarytrees_compatible_all.py 21,73,1694248774,1246674,python,1:25.90,43324,35096,6588,93.8,0.2,1,7,1:25,0,4,29684,0,26k,0,35096,310,2,278,30,0,12.0,1.5,0.0,86.5,0.0,0.0,0.0,0.0,15794.9 MiB,3571.0 MiB,2046.8 MiB,10177.1 MiB,4096.0 MiB,3681.5 MiB,414.5 MiB,13106.6 MiB
6,Python 3.11.3,binarytrees_compatible_all.py 21,74,1694248775,1246674,python,1:27.08,43324,35096,6588,100.0,0.2,1,7,1:27,0,4,29684,0,26k,0,35096,310,2,278,30,0,12.7,1.5,0.0,85.8,0.0,0.0,0.0,0.0,15794.9 MiB,3571.0 MiB,2046.8 MiB,10177.1 MiB,4096.0 MiB,3681.5 MiB,414.5 MiB,13106.6 MiB
6,Python 3.11.3,binarytrees_compatible_all.py 21,75,1694248776,1246674,python,1:28.25,43324,35096,6588,100.0,0.2,1,7,1:28,0,4,29684,0,26k,0,35096,310,2,278,30,0,13.4,1.5,0.0,85.1,0.0,0.0,0.0,0.0,15794.9 MiB,3571.0 MiB,2046.8 MiB,10177.1 MiB,4096.0 MiB,3681.5 MiB,414.5 MiB,13106.6 MiB
6,Python 3.11.3,binarytrees_compatible_all.py 21,76,1694248777,1246674,python,1:29.43,43324,35096,6588,100.0,0.2,1,7,1:29,0,4,29684,0,26k,0,35096,310,2,278,30,0,13.4,1.5,0.0,85.1,0.0,0.0,0.0,0.0,15794.9 MiB,3570.7 MiB,2047.0 MiB,10177.1 MiB,4096.0 MiB,3681.5 MiB,414.5 MiB,13106.3 MiB
6,Python 3.11.3,binarytrees_compatible_all.py 21,77,1694248778,1246674,python,1:30.61,43324,35096,6588,100.0,0.2,1,7,1:30,0,4,29684,0,26k,0,35096,310,2,278,30,0,12.9,0.8,0.0,86.4,0.0,0.0,0.0,0.0,15794.9 MiB,3570.7 MiB,2047.0 MiB,10177.1 MiB,4096.0 MiB,3681.5 MiB,414.5 MiB,13106.3 MiB
6,Python 3.11.3,binarytrees_compatible_all.py 21,78,1694248780,1246674,python,1:31.78,43324,35096,6588,100.0,0.2,1,7,1:31,0,4,29684,0,26k,0,35096,310,2,278,30,0,13.4,0.7,0.0,85.8,0.0,0.0,0.0,0.0,15794.9 MiB,3571.0 MiB,2046.8 MiB,10177.1 MiB,4096.0 MiB,3681.5 MiB,414.5 MiB,13106.6 MiB
6,Python 3.11.3,binarytrees_compatible_all.py 21,79,1694248781,1246674,python,1:32.95,43324,35096,6588,93.8,0.2,1,7,1:32,0,4,29684,0,26k,0,35096,310,2,278,30,0,12.2,0.8,0.0,87.0,0.0,0.0,0.0,0.0,15794.9 MiB,3571.0 MiB,2046.8 MiB,10177.1 MiB,4096.0 MiB,3681.5 MiB,414.5 MiB,13106.6 MiB
6,Python 3.11.3,binarytrees_compatible_all.py 21,80,1694248782,1246674,python,1:34.13,43324,35096,6588,100.0,0.2,1,7,1:34,0,4,29684,0,26k,0,35096,310,2,278,30,0,12.8,0.8,0.0,86.5,0.0,0.0,0.0,0.0,15794.9 MiB,3570.7 MiB,2047.0 MiB,10177.1 MiB,4096.0 MiB,3681.5 MiB,414.5 MiB,13106.3 MiB
6,Python 3.11.3,binarytrees_compatible_all.py 21,81,1694248783,1246674,python,1:35.31,43324,35096,6588,100.0,0.2,1,7,1:35,0,4,29684,0,26k,0,35096,310,2,278,30,0,12.1,1.5,0.0,85.6,0.8,0.0,0.0,0.0,15794.9 MiB,3571.0 MiB,2046.8 MiB,10177.1 MiB,4096.0 MiB,3681.5 MiB,414.5 MiB,13106.6 MiB
6,Python 3.11.3,binarytrees_compatible_all.py 21,82,1694248784,1246674,python,1:36.48,43324,35096,6588,93.8,0.2,1,7,1:36,0,4,29684,0,26k,0,35096,310,2,278,30,0,12.1,1.5,0.0,86.4,0.0,0.0,0.0,0.0,15794.9 MiB,3569.0 MiB,2048.7 MiB,10177.1 MiB,4096.0 MiB,3681.5 MiB,414.5 MiB,13104.6 MiB
6,Python 3.11.3,binarytrees_compatible_all.py 21,83,1694248785,1246674,python,1:37.66,65852,57836,6588,100.0,0.4,1,7,1:37,0,4,52212,0,54k,0,57836,310,2,278,30,0,13.4,1.5,0.0,85.1,0.0,0.0,0.0,0.0,15794.9 MiB,3528.5 MiB,2089.2 MiB,10177.1 MiB,4096.0 MiB,3681.5 MiB,414.5 MiB,13064.1 MiB
6,Python 3.11.3,binarytrees_compatible_all.py 21,84,1694248787,1246674,python,1:38.83,78140,70124,6588,100.0,0.4,1,7,1:38,0,4,64500,0,131k,0,70124,310,2,278,30,0,12.0,3.0,0.0,85.0,0.0,0.0,0.0,0.0,15794.9 MiB,3514.8 MiB,2102.9 MiB,10177.1 MiB,4096.0 MiB,3681.5 MiB,414.5 MiB,13050.4 MiB
6,Python 3.11.3,binarytrees_compatible_all.py 21,85,1694248788,1246674,python,1:40.01,75068,67052,6588,100.0,0.4,1,7,1:40,0,4,61428,0,198k,0,67052,310,2,278,30,0,12.0,2.3,0.0,85.7,0.0,0.0,0.0,0.0,15794.9 MiB,3526.5 MiB,2091.2 MiB,10177.1 MiB,4096.0 MiB,3681.5 MiB,414.5 MiB,13062.1 MiB
6,Python 3.11.3,binarytrees_compatible_all.py 21,86,1694248789,1246674,python,1:41.18,83260,75244,6588,100.0,0.5,1,7,1:41,0,4,69620,0,255k,0,75244,310,2,278,30,0,12.7,1.5,0.0,85.8,0.0,0.0,0.0,0.0,15794.9 MiB,3521.2 MiB,2096.6 MiB,10177.1 MiB,4096.0 MiB,3681.5 MiB,414.5 MiB,13056.8 MiB
6,Python 3.11.3,binarytrees_compatible_all.py 21,87,1694248790,1246674,python,1:42.35,84284,76268,6588,93.8,0.5,1,7,1:42,0,4,70644,0,301k,0,76268,310,2,278,30,0,13.4,1.5,0.0,85.1,0.0,0.0,0.0,0.0,15794.9 MiB,3520.6 MiB,2097.1 MiB,10177.1 MiB,4096.0 MiB,3681.5 MiB,414.5 MiB,13056.2 MiB
6,Python 3.11.3,binarytrees_compatible_all.py 21,88,1694248791,1246674,python,1:43.53,93500,85484,6588,93.8,0.5,1,7,1:43,0,4,79860,0,341k,0,85484,310,2,278,30,0,12.1,2.3,0.0,85.6,0.0,0.0,0.0,0.0,15794.9 MiB,3509.0 MiB,2108.8 MiB,10177.1 MiB,4096.0 MiB,3681.5 MiB,414.5 MiB,13044.6 MiB
6,Python 3.11.3,binarytrees_compatible_all.py 21,89,1694248792,1246674,python,1:44.70,97596,89580,6588,93.8,0.6,1,3,1:44,0,4,83956,0,367k,0,89580,310,2,278,30,0,12.8,1.5,0.0,85.7,0.0,0.0,0.0,0.0,15794.9 MiB,3503.3 MiB,2114.4 MiB,10177.1 MiB,4096.0 MiB,3681.5 MiB,414.5 MiB,13038.9 MiB
6,Python 3.11.3,binarytrees_compatible_all.py 21,90,1694248794,1246674,python,1:45.89,102716,94700,6588,100.0,0.6,1,3,1:45,0,4,89076,0,383k,0,94700,310,2,278,30,0,12.8,1.5,0.0,85.7,0.0,0.0,0.0,0.0,15794.9 MiB,3503.8 MiB,2113.9 MiB,10177.1 MiB,4096.0 MiB,3681.5 MiB,414.5 MiB,13039.4 MiB
6,Python 3.11.3,binarytrees_compatible_all.py 21,91,1694248795,1246674,python,1:47.05,104764,96536,6588,93.8,0.6,1,3,1:47,0,4,91124,0,388k,0,96536,310,2,278,30,0,12.9,0.8,0.0,86.4,0.0,0.0,0.0,0.0,15794.9 MiB,3503.8 MiB,2113.9 MiB,10177.1 MiB,4096.0 MiB,3681.5 MiB,414.5 MiB,13039.4 MiB
6,Python 3.11.3,binarytrees_compatible_all.py 21,92,1694248796,1246674,python,1:48.23,104764,96536,6588,100.0,0.6,1,3,1:48,0,4,91124,0,388k,0,96536,310,2,278,30,0,12.8,0.8,0.0,86.5,0.0,0.0,0.0,0.0,15794.9 MiB,3503.8 MiB,2113.9 MiB,10177.1 MiB,4096.0 MiB,3681.5 MiB,414.5 MiB,13039.4 MiB
6,Python 3.11.3,binarytrees_compatible_all.py 21,93,1694248797,1246674,python,1:49.41,104764,96536,6588,100.0,0.6,1,3,1:49,0,4,91124,0,388k,0,96536,310,2,278,30,0,13.6,0.0,0.0,86.4,0.0,0.0,0.0,0.0,15794.9 MiB,3503.3 MiB,2114.4 MiB,10177.1 MiB,4096.0 MiB,3681.5 MiB,414.5 MiB,13038.9 MiB
6,Python 3.11.3,binarytrees_compatible_all.py 21,94,1694248798,1246674,python,1:50.58,104764,96536,6588,100.0,0.6,1,3,1:50,0,4,91124,0,388k,0,96536,310,2,278,30,0,12.8,1.5,0.0,85.7,0.0,0.0,0.0,0.0,15794.9 MiB,3503.6 MiB,2114.1 MiB,10177.1 MiB,4096.0 MiB,3681.5 MiB,414.5 MiB,13039.2 MiB
6,Python 3.11.3,binarytrees_compatible_all.py 21,95,1694248800,1246674,python,1:51.75,104764,96536,6588,93.8,0.6,1,7,1:51,0,4,91124,0,388k,0,96536,310,2,278,30,0,12.9,0.8,0.0,86.4,0.0,0.0,0.0,0.0,15794.9 MiB,3503.6 MiB,2114.4 MiB,10176.9 MiB,4096.0 MiB,3681.5 MiB,414.5 MiB,13039.2 MiB
6,Python 3.11.3,binarytrees_compatible_all.py 21,96,1694248801,1246674,python,1:52.93,104764,96536,6588,100.0,0.6,1,7,1:52,0,4,91124,0,388k,0,96536,310,2,278,30,0,12.8,0.8,0.0,86.5,0.0,0.0,0.0,0.0,15794.9 MiB,3503.6 MiB,2114.4 MiB,10176.9 MiB,4096.0 MiB,3681.5 MiB,414.5 MiB,13039.2 MiB
6,Python 3.11.3,binarytrees_compatible_all.py 21,97,1694248802,1246674,python,1:54.10,212284,204000,6588,93.8,1.3,1,7,1:54,0,4,198644,0,472k,0,204000,310,2,278,30,0,12.0,1.5,0.0,86.5,0.0,0.0,0.0,0.0,15794.9 MiB,3411.5 MiB,2206.4 MiB,10176.9 MiB,4096.0 MiB,3681.5 MiB,414.5 MiB,12947.2 MiB
6,Python 3.11.3,binarytrees_compatible_all.py 21,98,1694248803,1246674,python,1:55.28,281916,273664,6588,100.0,1.7,1,7,1:55,0,4,268276,0,567k,0,273664,310,2,278,30,0,12.8,0.8,0.0,86.5,0.0,0.0,0.0,0.0,15794.9 MiB,3342.9 MiB,2275.1 MiB,10176.9 MiB,4096.0 MiB,3681.5 MiB,414.5 MiB,12878.5 MiB
6,Python 3.11.3,binarytrees_compatible_all.py 21,99,1694248804,1246674,python,1:56.46,351548,343328,6588,100.0,2.1,1,7,1:56,0,4,337908,0,662k,0,343328,310,2,278,30,0,12.1,2.3,0.0,85.6,0.0,0.0,0.0,0.0,15794.9 MiB,3273.2 MiB,2344.7 MiB,10176.9 MiB,4096.0 MiB,3681.5 MiB,414.5 MiB,12808.9 MiB
6,Python 3.11.3,binarytrees_compatible_all.py 21,100,1694248805,1246674,python,1:57.63,192828,184700,6588,100.0,1.1,1,7,1:57,0,4,179188,0,739k,0,184700,310,2,278,30,0,10.7,3.1,0.0,86.3,0.0,0.0,0.0,0.0,15794.9 MiB,3417.6 MiB,2200.3 MiB,10176.9 MiB,4096.0 MiB,3681.5 MiB,414.5 MiB,12953.3 MiB
6,Python 3.11.3,binarytrees_compatible_all.py 21,101,1694248807,1246674,python,1:58.80,193852,185724,6588,93.8,1.1,1,7,1:58,0,4,180212,0,816k,0,185724,310,2,278,30,0,12.1,1.5,0.0,86.4,0.0,0.0,0.0,0.0,15794.9 MiB,3416.0 MiB,2201.9 MiB,10176.9 MiB,4096.0 MiB,3681.5 MiB,414.5 MiB,12951.6 MiB
6,Python 3.11.3,binarytrees_compatible_all.py 21,102,1694248808,1246674,python,1:59.98,250172,241920,6588,100.0,1.5,1,7,1:59,0,4,236532,0,906k,0,241920,310,2,278,30,0,11.4,2.3,0.0,86.4,0.0,0.0,0.0,0.0,15794.9 MiB,3373.9 MiB,2244.1 MiB,10176.9 MiB,4096.0 MiB,3681.5 MiB,414.5 MiB,12909.5 MiB
6,Python 3.11.3,binarytrees_compatible_all.py 21,103,1694248809,1246674,python,2:01.16,320828,311848,6588,100.0,1.9,1,7,2:01,0,4,307188,0,998k,0,311848,310,2,278,30,0,11.4,2.3,0.0,86.4,0.0,0.0,0.0,0.0,15794.9 MiB,3305.2 MiB,2312.7 MiB,10176.9 MiB,4096.0 MiB,3681.5 MiB,414.5 MiB,12840.9 MiB
6,Python 3.11.3,binarytrees_compatible_all.py 21,104,1694248810,1246674,python,2:02.33,245052,236924,6588,100.0,1.5,1,7,2:02,0,4,231412,0,1.1m,0,236924,310,2,278,30,0,10.6,3.0,0.0,86.4,0.0,0.0,0.0,0.0,15794.9 MiB,3353.3 MiB,2264.6 MiB,10176.9 MiB,4096.0 MiB,3681.5 MiB,414.5 MiB,12889.0 MiB
6,Python 3.11.3,binarytrees_compatible_all.py 21,105,1694248811,1246674,python,2:03.50,201020,192892,6588,93.8,1.2,1,7,2:03,0,4,187380,0,1.1m,0,192892,310,2,278,30,0,12.0,1.5,0.0,86.5,0.0,0.0,0.0,0.0,15794.9 MiB,3408.7 MiB,2209.3 MiB,10176.9 MiB,4096.0 MiB,3681.5 MiB,414.5 MiB,12944.3 MiB
6,Python 3.11.3,binarytrees_compatible_all.py 21,106,1694248812,1246674,python,2:04.68,222524,213448,6588,100.0,1.3,1,7,2:04,0,4,208884,0,1.2m,0,213448,310,2,278,30,0,14.2,0.7,0.0,84.3,0.7,0.0,0.0,0.0,15794.9 MiB,3401.4 MiB,2216.5 MiB,10176.9 MiB,4096.0 MiB,3681.5 MiB,414.5 MiB,12937.1 MiB
6,Python 3.11.3,binarytrees_compatible_all.py 21,107,1694248814,1246674,python,2:05.85,292156,283376,6588,93.8,1.8,1,7,2:05,0,4,278516,0,1.3m,0,283376,310,2,278,30,0,11.4,3.0,0.0,85.6,0.0,0.0,0.0,0.0,15794.9 MiB,3332.3 MiB,2285.6 MiB,10176.9 MiB,4096.0 MiB,3681.5 MiB,414.5 MiB,12868.0 MiB
6,Python 3.11.3,binarytrees_compatible_all.py 21,108,1694248815,1246674,python,2:07.03,323900,315772,6588,93.8,2.0,1,7,2:07,0,4,310260,0,1.4m,0,315772,310,2,278,30,0,11.9,3.0,0.0,85.2,0.0,0.0,0.0,0.0,15794.9 MiB,3275.6 MiB,2342.3 MiB,10176.9 MiB,4096.0 MiB,3681.5 MiB,414.5 MiB,12811.3 MiB
6,Python 3.11.3,binarytrees_compatible_all.py 21,109,1694248816,1246674,python,2:08.21,203068,194940,6588,100.0,1.2,1,7,2:08,0,4,189428,0,1.4m,0,194940,310,2,278,30,0,12.9,0.8,0.0,86.4,0.0,0.0,0.0,0.0,15794.9 MiB,3405.2 MiB,2212.8 MiB,10176.9 MiB,4096.0 MiB,3681.5 MiB,414.5 MiB,12940.8 MiB
6,Python 3.11.3,binarytrees_compatible_all.py 21,110,1694248817,1246674,python,2:09.38,204092,195964,6588,100.0,1.2,1,7,2:09,0,4,190452,0,1.5m,0,195964,310,2,278,30,0,12.8,1.5,0.0,85.7,0.0,0.0,0.0,0.0,15794.9 MiB,3404.4 MiB,2213.5 MiB,10176.9 MiB,4096.0 MiB,3681.5 MiB,414.5 MiB,12940.1 MiB
7,Python 3.11.3,binarytrees_compatible_all.py 21,0,1694248818,1247405,python,0:00.12,35120,26628,6716,75.0,0.2,1,3,0:00,0,4,21480,0,6205,0,26628,309,2,277,30,0,12.1,6.8,0.0,81.1,0.0,0.0,0.0,0.0,15794.9 MiB,3574.7 MiB,2036.4 MiB,10183.8 MiB,4096.0 MiB,3681.5 MiB,414.5 MiB,13110.4 MiB
7,Python 3.11.3,binarytrees_compatible_all.py 21,1,1694248820,1247405,python,0:01.29,35120,26628,6716,93.8,0.2,1,3,0:01,0,4,21480,0,6205,0,26628,309,2,277,30,0,13.3,1.5,0.0,85.2,0.0,0.0,0.0,0.0,15794.9 MiB,3573.5 MiB,2037.2 MiB,10184.1 MiB,4096.0 MiB,3681.5 MiB,414.5 MiB,13109.1 MiB
7,Python 3.11.3,binarytrees_compatible_all.py 21,2,1694248821,1247405,python,0:02.47,35120,26628,6716,100.0,0.2,1,3,0:02,0,4,21480,0,6205,0,26628,309,2,277,30,0,13.5,1.5,0.0,85.0,0.0,0.0,0.0,0.0,15794.9 MiB,3579.6 MiB,2038.1 MiB,10177.1 MiB,4096.0 MiB,3681.5 MiB,414.5 MiB,13115.3 MiB
7,Python 3.11.3,binarytrees_compatible_all.py 21,3,1694248822,1247405,python,0:03.64,35120,26628,6716,100.0,0.2,1,3,0:03,0,4,21480,0,6205,0,26628,309,2,277,30,0,13.5,0.8,0.0,85.7,0.0,0.0,0.0,0.0,15794.9 MiB,3579.6 MiB,2038.1 MiB,10177.1 MiB,4096.0 MiB,3681.5 MiB,414.5 MiB,13115.3 MiB
7,Python 3.11.3,binarytrees_compatible_all.py 21,4,1694248823,1247405,python,0:04.82,35120,26628,6716,100.0,0.2,1,7,0:04,0,4,21480,0,6205,0,26628,309,2,277,30,0,12.8,0.8,0.0,86.5,0.0,0.0,0.0,0.0,15794.9 MiB,3579.6 MiB,2038.1 MiB,10177.2 MiB,4096.0 MiB,3681.5 MiB,414.5 MiB,13115.3 MiB
7,Python 3.11.3,binarytrees_compatible_all.py 21,5,1694248824,1247405,python,0:05.99,35120,26628,6716,93.8,0.2,1,7,0:05,0,4,21480,0,6205,0,26628,309,2,277,30,0,12.1,1.5,0.0,86.4,0.0,0.0,0.0,0.0,15794.9 MiB,3579.1 MiB,2038.6 MiB,10177.2 MiB,4096.0 MiB,3681.5 MiB,414.5 MiB,13114.8 MiB
7,Python 3.11.3,binarytrees_compatible_all.py 21,6,1694248825,1247405,python,0:07.17,35120,26628,6716,100.0,0.2,1,7,0:07,0,4,21480,0,6205,0,26628,309,2,277,30,0,12.9,0.8,0.0,86.4,0.0,0.0,0.0,0.0,15794.9 MiB,3578.9 MiB,2038.8 MiB,10177.2 MiB,4096.0 MiB,3681.5 MiB,414.5 MiB,13114.6 MiB
7,Python 3.11.3,binarytrees_compatible_all.py 21,7,1694248827,1247405,python,0:08.34,35120,26628,6716,100.0,0.2,1,7,0:08,0,4,21480,0,6205,0,26628,309,2,277,30,0,12.8,1.5,0.0,85.7,0.0,0.0,0.0,0.0,15794.9 MiB,3578.9 MiB,2038.8 MiB,10177.2 MiB,4096.0 MiB,3681.5 MiB,414.5 MiB,13114.6 MiB
7,Python 3.11.3,binarytrees_compatible_all.py 21,8,1694248828,1247405,python,0:09.52,35120,26628,6716,100.0,0.2,1,7,0:09,0,4,21480,0,6205,0,26628,309,2,277,30,0,13.0,0.8,0.0,86.3,0.0,0.0,0.0,0.0,15794.9 MiB,3578.9 MiB,2038.8 MiB,10177.2 MiB,4096.0 MiB,3681.5 MiB,414.5 MiB,13114.6 MiB
7,Python 3.11.3,binarytrees_compatible_all.py 21,9,1694248829,1247405,python,0:10.69,35120,26628,6716,100.0,0.2,1,7,0:10,0,4,21480,0,6205,0,26628,309,2,277,30,0,14.2,0.7,0.0,85.1,0.0,0.0,0.0,0.0,15794.9 MiB,3578.6 MiB,2039.1 MiB,10177.2 MiB,4096.0 MiB,3681.5 MiB,414.5 MiB,13114.3 MiB
7,Python 3.11.3,binarytrees_compatible_all.py 21,10,1694248830,1247405,python,0:11.87,35120,26628,6716,100.0,0.2,1,7,0:11,0,4,21480,0,6205,0,26628,309,2,277,30,0,13.5,0.8,0.0,85.7,0.0,0.0,0.0,0.0,15794.9 MiB,3577.7 MiB,2040.0 MiB,10177.2 MiB,4096.0 MiB,3681.5 MiB,414.5 MiB,13113.4 MiB
7,Python 3.11.3,binarytrees_compatible_all.py 21,11,1694248831,1247405,python,0:13.04,22844,14456,6716,100.0,0.1,1,7,0:13,0,4,9204,0,7233,0,14456,309,2,277,30,0,13.5,0.0,0.0,86.5,0.0,0.0,0.0,0.0,15794.9 MiB,3590.9 MiB,2026.8 MiB,10177.2 MiB,4096.0 MiB,3681.5 MiB,414.5 MiB,13126.6 MiB
7,Python 3.11.3,binarytrees_compatible_all.py 21,12,1694248832,1247405,python,0:14.22,22844,14456,6716,100.0,0.1,1,7,0:14,0,4,9204,0,7233,0,14456,309,2,277,30,0,13.5,0.8,0.0,85.7,0.0,0.0,0.0,0.0,15794.9 MiB,3590.7 MiB,2027.0 MiB,10177.2 MiB,4096.0 MiB,3681.5 MiB,414.5 MiB,13126.4 MiB
7,Python 3.11.3,binarytrees_compatible_all.py 21,13,1694248834,1247405,python,0:15.40,22844,14456,6716,100.0,0.1,1,7,0:15,0,4,9204,0,7233,0,14456,309,2,277,30,0,12.2,1.4,0.0,86.3,0.0,0.0,0.0,0.0,15794.9 MiB,3590.9 MiB,2026.8 MiB,10177.2 MiB,4096.0 MiB,3681.5 MiB,414.5 MiB,13126.6 MiB
7,Python 3.11.3,binarytrees_compatible_all.py 21,14,1694248835,1247405,python,0:16.58,22844,14456,6716,100.0,0.1,1,7,0:16,0,4,9204,0,7233,0,14456,309,2,277,30,0,12.8,1.5,0.0,85.7,0.0,0.0,0.0,0.0,15794.9 MiB,3590.9 MiB,2026.8 MiB,10177.2 MiB,4096.0 MiB,3681.5 MiB,414.5 MiB,13126.6 MiB
7,Python 3.11.3,binarytrees_compatible_all.py 21,15,1694248836,1247405,python,0:17.75,22844,14456,6716,93.8,0.1,1,7,0:17,0,4,9204,0,7233,0,14456,309,2,277,30,0,12.9,0.8,0.0,86.4,0.0,0.0,0.0,0.0,15794.9 MiB,3590.5 MiB,2027.2 MiB,10177.2 MiB,4096.0 MiB,3681.5 MiB,414.5 MiB,13126.2 MiB
7,Python 3.11.3,binarytrees_compatible_all.py 21,16,1694248837,1247405,python,0:18.93,22844,14456,6716,100.0,0.1,1,7,0:18,0,4,9204,0,7233,0,14456,309,2,277,30,0,12.8,1.5,0.0,85.7,0.0,0.0,0.0,0.0,15794.9 MiB,3590.0 MiB,2027.7 MiB,10177.2 MiB,4096.0 MiB,3681.5 MiB,414.5 MiB,13125.7 MiB
7,Python 3.11.3,binarytrees_compatible_all.py 21,17,1694248838,1247405,python,0:20.10,22844,14456,6716,93.8,0.1,1,7,0:20,0,4,9204,0,7233,0,14456,309,2,277,30,0,13.4,0.7,0.0,85.8,0.0,0.0,0.0,0.0,15794.9 MiB,3590.0 MiB,2027.7 MiB,10177.2 MiB,4096.0 MiB,3681.5 MiB,414.5 MiB,13125.7 MiB
7,Python 3.11.3,binarytrees_compatible_all.py 21,18,1694248840,1247405,python,0:21.28,22844,14456,6716,100.0,0.1,1,7,0:21,0,4,9204,0,7233,0,14456,309,2,277,30,0,13.4,1.5,0.0,85.1,0.0,0.0,0.0,0.0,15794.9 MiB,3589.7 MiB,2028.0 MiB,10177.2 MiB,4096.0 MiB,3681.5 MiB,414.5 MiB,13125.4 MiB
7,Python 3.11.3,binarytrees_compatible_all.py 21,19,1694248841,1247405,python,0:22.46,22844,14456,6716,100.0,0.1,1,7,0:22,0,4,9204,0,7233,0,14456,309,2,277,30,0,13.5,0.8,0.0,85.7,0.0,0.0,0.0,0.0,15794.9 MiB,3589.7 MiB,2027.9 MiB,10177.2 MiB,4096.0 MiB,3681.5 MiB,414.5 MiB,13125.4 MiB
7,Python 3.11.3,binarytrees_compatible_all.py 21,20,1694248842,1247405,python,0:23.63,22844,14456,6716,100.0,0.1,1,7,0:23,0,4,9204,0,7233,0,14456,309,2,277,30,0,14.2,0.7,0.0,85.1,0.0,0.0,0.0,0.0,15794.9 MiB,3590.0 MiB,2027.7 MiB,10177.2 MiB,4096.0 MiB,3681.5 MiB,414.5 MiB,13125.7 MiB
7,Python 3.11.3,binarytrees_compatible_all.py 21,21,1694248843,1247405,python,0:24.80,22844,14456,6716,93.8,0.1,1,7,0:24,0,4,9204,0,7233,0,14456,309,2,277,30,0,13.0,0.8,0.0,86.3,0.0,0.0,0.0,0.0,15794.9 MiB,3590.0 MiB,2027.7 MiB,10177.2 MiB,4096.0 MiB,3681.5 MiB,414.5 MiB,13125.7 MiB
7,Python 3.11.3,binarytrees_compatible_all.py 21,22,1694248844,1247405,python,0:25.99,22844,14456,6716,100.0,0.1,1,7,0:25,0,4,9204,0,7253,0,14456,309,2,277,30,0,12.9,0.7,0.0,86.4,0.0,0.0,0.0,0.0,15794.9 MiB,3590.0 MiB,2027.7 MiB,10177.2 MiB,4096.0 MiB,3681.5 MiB,414.5 MiB,13125.7 MiB
7,Python 3.11.3,binarytrees_compatible_all.py 21,23,1694248845,1247405,python,0:27.17,23868,14984,6716,100.0,0.1,1,7,0:27,0,4,10228,0,7339,0,14984,309,2,277,30,0,12.9,0.8,0.0,86.4,0.0,0.0,0.0,0.0,15794.9 MiB,3589.5 MiB,2028.2 MiB,10177.2 MiB,4096.0 MiB,3681.5 MiB,414.5 MiB,13125.2 MiB
7,Python 3.11.3,binarytrees_compatible_all.py 21,24,1694248847,1247405,python,0:28.34,23868,15248,6716,100.0,0.1,1,7,0:28,0,4,10228,0,7424,0,15248,309,2,277,30,0,13.5,0.8,0.0,85.7,0.0,0.0,0.0,0.0,15794.9 MiB,3589.2 MiB,2028.4 MiB,10177.2 MiB,4096.0 MiB,3681.5 MiB,414.5 MiB,13125.0 MiB
7,Python 3.11.3,binarytrees_compatible_all.py 21,25,1694248848,1247405,python,0:29.52,23868,15512,6716,100.0,0.1,1,7,0:29,0,4,10228,0,7510,0,15512,309,2,277,30,0,12.9,0.8,0.0,86.4,0.0,0.0,0.0,0.0,15794.9 MiB,3589.0 MiB,2028.7 MiB,10177.2 MiB,4096.0 MiB,3681.5 MiB,414.5 MiB,13124.7 MiB
7,Python 3.11.3,binarytrees_compatible_all.py 21,26,1694248849,1247405,python,0:30.69,24892,16040,6716,93.8,0.1,1,7,0:30,0,4,11252,0,7596,0,16040,309,2,277,30,0,12.9,0.8,0.0,86.4,0.0,0.0,0.0,0.0,15794.9 MiB,3589.0 MiB,2028.7 MiB,10177.2 MiB,4096.0 MiB,3681.5 MiB,414.5 MiB,13124.7 MiB
7,Python 3.11.3,binarytrees_compatible_all.py 21,27,1694248850,1247405,python,0:31.87,24892,16304,6716,100.0,0.1,1,7,0:31,0,4,11252,0,7682,0,16304,309,2,277,30,0,12.2,0.8,0.0,87.0,0.0,0.0,0.0,0.0,15794.9 MiB,3587.8 MiB,2029.9 MiB,10177.2 MiB,4096.0 MiB,3681.5 MiB,414.5 MiB,13123.5 MiB
7,Python 3.11.3,binarytrees_compatible_all.py 21,28,1694248851,1247405,python,0:33.04,24892,16568,6716,100.0,0.1,1,7,0:33,0,4,11252,0,7768,0,16568,309,2,277,30,0,13.3,2.2,0.0,84.4,0.0,0.0,0.0,0.0,15794.9 MiB,3587.0 MiB,2030.6 MiB,10177.2 MiB,4096.0 MiB,3681.5 MiB,414.5 MiB,13122.8 MiB
7,Python 3.11.3,binarytrees_compatible_all.py 21,29,1694248852,1247405,python,0:34.22,25916,16832,6716,100.0,0.1,1,7,0:34,0,4,12276,0,7854,0,16832,309,2,277,30,0,13.4,0.7,0.0,85.8,0.0,0.0,0.0,0.0,15794.9 MiB,3586.8 MiB,2030.9 MiB,10177.2 MiB,4096.0 MiB,3681.5 MiB,414.5 MiB,13122.5 MiB
7,Python 3.11.3,binarytrees_compatible_all.py 21,30,1694248854,1247405,python,0:35.40,25916,17360,6716,100.0,0.1,1,7,0:35,0,4,12276,0,7940,0,17360,309,2,277,30,0,12.1,1.5,0.0,86.4,0.0,0.0,0.0,0.0,15794.9 MiB,3586.5 MiB,2031.1 MiB,10177.2 MiB,4096.0 MiB,3681.5 MiB,414.5 MiB,13122.3 MiB
7,Python 3.11.3,binarytrees_compatible_all.py 21,31,1694248855,1247405,python,0:36.57,25916,17624,6716,100.0,0.1,1,7,0:36,0,4,12276,0,8026,0,17624,309,2,277,30,0,12.7,1.5,0.0,85.8,0.0,0.0,0.0,0.0,15794.9 MiB,3586.3 MiB,2031.4 MiB,10177.2 MiB,4096.0 MiB,3681.5 MiB,414.5 MiB,13122.0 MiB
7,Python 3.11.3,binarytrees_compatible_all.py 21,32,1694248856,1247405,python,0:37.74,26940,17888,6716,93.8,0.1,1,3,0:37,0,4,13300,0,8112,0,17888,309,2,277,30,0,12.9,0.8,0.0,86.4,0.0,0.0,0.0,0.0,15794.9 MiB,3585.8 MiB,2031.8 MiB,10177.2 MiB,4096.0 MiB,3681.5 MiB,414.5 MiB,13121.6 MiB
7,Python 3.11.3,binarytrees_compatible_all.py 21,33,1694248857,1247405,python,0:38.92,26940,18416,6716,100.0,0.1,1,3,0:38,0,4,13300,0,8198,0,18416,309,2,277,30,0,12.9,0.8,0.0,86.4,0.0,0.0,0.0,0.0,15794.9 MiB,3585.8 MiB,2031.8 MiB,10177.2 MiB,4096.0 MiB,3681.5 MiB,414.5 MiB,13121.6 MiB
7,Python 3.11.3,binarytrees_compatible_all.py 21,34,1694248858,1247405,python,0:40.09,23868,15776,6716,100.0,0.1,1,3,0:40,0,4,10228,0,8280,0,15776,309,2,277,30,0,12.9,0.8,0.0,86.4,0.0,0.0,0.0,0.0,15794.9 MiB,3585.5 MiB,2032.1 MiB,10177.2 MiB,4096.0 MiB,3681.5 MiB,414.5 MiB,13121.3 MiB
7,Python 3.11.3,binarytrees_compatible_all.py 21,35,1694248859,1247405,python,0:41.27,23868,15776,6716,100.0,0.1,1,3,0:41,0,4,10228,0,8283,0,15776,309,2,277,30,0,14.3,0.8,0.0,85.0,0.0,0.0,0.0,0.0,15794.9 MiB,3585.1 MiB,2032.6 MiB,10177.2 MiB,4096.0 MiB,3681.5 MiB,414.5 MiB,13120.8 MiB
7,Python 3.11.3,binarytrees_compatible_all.py 21,36,1694248861,1247405,python,0:42.44,23868,15776,6716,93.8,0.1,1,3,0:42,0,4,10228,0,8283,0,15776,309,2,277,30,0,12.8,1.5,0.0,85.7,0.0,0.0,0.0,0.0,15794.9 MiB,3585.1 MiB,2032.6 MiB,10177.2 MiB,4096.0 MiB,3681.5 MiB,414.5 MiB,13120.8 MiB
7,Python 3.11.3,binarytrees_compatible_all.py 21,37,1694248862,1247405,python,0:43.62,23868,15776,6716,100.0,0.1,1,3,0:43,0,4,10228,0,8283,0,15776,309,2,277,30,0,13.5,0.8,0.0,85.7,0.0,0.0,0.0,0.0,15794.9 MiB,3584.8 MiB,2032.8 MiB,10177.2 MiB,4096.0 MiB,3681.5 MiB,414.5 MiB,13120.6 MiB
7,Python 3.11.3,binarytrees_compatible_all.py 21,38,1694248863,1247405,python,0:44.79,23868,15776,6716,100.0,0.1,1,3,0:44,0,4,10228,0,8283,0,15776,309,2,277,30,0,13.5,0.8,0.0,85.7,0.0,0.0,0.0,0.0,15794.9 MiB,3584.8 MiB,2032.8 MiB,10177.2 MiB,4096.0 MiB,3681.5 MiB,414.5 MiB,13120.6 MiB
7,Python 3.11.3,binarytrees_compatible_all.py 21,39,1694248864,1247405,python,0:45.97,23868,15776,6716,100.0,0.1,1,3,0:45,0,4,10228,0,8283,0,15776,309,2,277,30,0,12.9,0.8,0.0,86.4,0.0,0.0,0.0,0.0,15794.9 MiB,3584.8 MiB,2032.8 MiB,10177.2 MiB,4096.0 MiB,3681.5 MiB,414.5 MiB,13120.6 MiB
7,Python 3.11.3,binarytrees_compatible_all.py 21,40,1694248865,1247405,python,0:47.14,23868,15776,6716,93.8,0.1,1,3,0:47,0,4,10228,0,8283,0,15776,309,2,277,30,0,12.9,0.8,0.0,86.4,0.0,0.0,0.0,0.0,15794.9 MiB,3584.8 MiB,2032.8 MiB,10177.2 MiB,4096.0 MiB,3681.5 MiB,414.5 MiB,13120.6 MiB
7,Python 3.11.3,binarytrees_compatible_all.py 21,41,1694248867,1247405,python,0:48.32,23868,15776,6716,100.0,0.1,1,3,0:48,0,4,10228,0,8283,0,15776,309,2,277,30,0,13.3,1.5,0.0,85.2,0.0,0.0,0.0,0.0,15794.9 MiB,3584.6 MiB,2033.1 MiB,10177.2 MiB,4096.0 MiB,3681.5 MiB,414.5 MiB,13120.3 MiB
7,Python 3.11.3,binarytrees_compatible_all.py 21,42,1694248868,1247405,python,0:49.49,23868,15776,6716,100.0,0.1,1,3,0:49,0,4,10228,0,8283,0,15776,309,2,277,30,0,13.4,1.5,0.0,84.3,0.7,0.0,0.0,0.0,15794.9 MiB,3584.6 MiB,2033.1 MiB,10177.2 MiB,4096.0 MiB,3681.5 MiB,414.5 MiB,13120.3 MiB
7,Python 3.11.3,binarytrees_compatible_all.py 21,43,1694248869,1247405,python,0:50.67,23868,15776,6716,100.0,0.1,1,3,0:50,0,4,10228,0,8283,0,15776,309,2,277,30,0,13.0,0.0,0.0,87.0,0.0,0.0,0.0,0.0,15794.9 MiB,3584.8 MiB,2032.8 MiB,10177.2 MiB,4096.0 MiB,3681.5 MiB,414.5 MiB,13120.6 MiB
7,Python 3.11.3,binarytrees_compatible_all.py 21,44,1694248870,1247405,python,0:51.84,23868,15776,6716,93.8,0.1,1,3,0:51,0,4,10228,0,8283,0,15776,309,2,277,30,0,12.8,1.5,0.0,85.7,0.0,0.0,0.0,0.0,15794.9 MiB,3586.0 MiB,2031.6 MiB,10177.3 MiB,4096.0 MiB,3681.5 MiB,414.5 MiB,13121.8 MiB
7,Python 3.11.3,binarytrees_compatible_all.py 21,45,1694248871,1247405,python,0:53.02,23868,15776,6716,100.0,0.1,1,3,0:53,0,4,10228,0,8303,0,15776,309,2,277,30,0,12.9,0.8,0.0,86.4,0.0,0.0,0.0,0.0,15794.9 MiB,3586.3 MiB,2031.3 MiB,10177.3 MiB,4096.0 MiB,3681.5 MiB,414.5 MiB,13122.1 MiB
7,Python 3.11.3,binarytrees_compatible_all.py 21,46,1694248872,1247405,python,0:54.19,23868,15776,6716,100.0,0.1,1,3,0:54,0,4,10228,0,8324,0,15776,309,2,277,30,0,13.4,1.5,0.0,85.1,0.0,0.0,0.0,0.0,15794.9 MiB,3586.5 MiB,2031.1 MiB,10177.3 MiB,4096.0 MiB,3681.5 MiB,414.5 MiB,13122.3 MiB
7,Python 3.11.3,binarytrees_compatible_all.py 21,47,1694248874,1247405,python,0:55.37,23868,15776,6716,100.0,0.1,1,3,0:55,0,4,10228,0,8327,0,15776,309,2,277,30,0,13.5,0.8,0.0,85.0,0.8,0.0,0.0,0.0,15794.9 MiB,3586.8 MiB,2030.8 MiB,10177.3 MiB,4096.0 MiB,3681.5 MiB,414.5 MiB,13122.6 MiB
7,Python 3.11.3,binarytrees_compatible_all.py 21,48,1694248875,1247405,python,0:56.54,23868,15776,6716,93.8,0.1,1,3,0:56,0,4,10228,0,8327,0,15776,310,2,278,30,0,12.9,0.8,0.0,86.4,0.0,0.0,0.0,0.0,15794.9 MiB,3586.3 MiB,2031.3 MiB,10177.3 MiB,4096.0 MiB,3681.5 MiB,414.5 MiB,13122.1 MiB
7,Python 3.11.3,binarytrees_compatible_all.py 21,49,1694248876,1247405,python,0:57.72,23868,15776,6716,100.0,0.1,1,3,0:57,0,4,10228,0,8327,0,15776,310,2,278,30,0,12.9,0.8,0.0,86.4,0.0,0.0,0.0,0.0,15794.9 MiB,3586.0 MiB,2031.6 MiB,10177.3 MiB,4096.0 MiB,3681.5 MiB,414.5 MiB,13121.8 MiB
7,Python 3.11.3,binarytrees_compatible_all.py 21,50,1694248877,1247405,python,0:58.89,24892,15776,6716,93.8,0.1,1,3,0:58,0,4,11252,0,8329,0,15776,310,2,278,30,0,13.5,0.8,0.0,85.7,0.0,0.0,0.0,0.0,15794.9 MiB,3586.0 MiB,2031.6 MiB,10177.3 MiB,4096.0 MiB,3681.5 MiB,414.5 MiB,13121.8 MiB
7,Python 3.11.3,binarytrees_compatible_all.py 21,51,1694248878,1247405,python,1:00.07,24892,15776,6716,100.0,0.1,1,3,1:00,0,4,11252,0,8334,0,15776,310,2,278,30,0,13.5,0.8,0.0,85.7,0.0,0.0,0.0,0.0,15794.9 MiB,3585.6 MiB,2032.0 MiB,10177.3 MiB,4096.0 MiB,3681.5 MiB,414.5 MiB,13121.4 MiB
7,Python 3.11.3,binarytrees_compatible_all.py 21,52,1694248879,1247405,python,1:01.25,24892,15776,6716,100.0,0.1,1,3,1:01,0,4,11252,0,8340,0,15776,310,2,278,30,0,13.4,1.5,0.0,84.3,0.7,0.0,0.0,0.0,15794.9 MiB,3585.6 MiB,2032.0 MiB,10177.3 MiB,4096.0 MiB,3681.5 MiB,414.5 MiB,13121.4 MiB
7,Python 3.11.3,binarytrees_compatible_all.py 21,53,1694248881,1247405,python,1:02.42,24892,16036,6716,100.0,0.1,1,3,1:02,0,4,11252,0,8345,0,16036,310,2,278,30,0,13.4,0.7,0.0,85.8,0.0,0.0,0.0,0.0,15794.9 MiB,3585.6 MiB,2032.0 MiB,10177.3 MiB,4096.0 MiB,3681.5 MiB,414.5 MiB,13121.4 MiB
7,Python 3.11.3,binarytrees_compatible_all.py 21,54,1694248882,1247405,python,1:03.60,24892,16036,6716,100.0,0.1,1,3,1:03,0,4,11252,0,8350,0,16036,310,2,278,30,0,12.1,1.5,0.0,86.4,0.0,0.0,0.0,0.0,15794.9 MiB,3585.6 MiB,2032.0 MiB,10177.3 MiB,4096.0 MiB,3681.5 MiB,414.5 MiB,13121.4 MiB
7,Python 3.11.3,binarytrees_compatible_all.py 21,55,1694248883,1247405,python,1:04.77,24892,16036,6716,100.0,0.1,1,3,1:04,0,4,11252,0,8355,0,16036,310,2,278,30,0,13.5,0.8,0.0,85.7,0.0,0.0,0.0,0.0,15794.9 MiB,3585.3 MiB,2032.3 MiB,10177.3 MiB,4096.0 MiB,3681.5 MiB,414.5 MiB,13121.1 MiB
7,Python 3.11.3,binarytrees_compatible_all.py 21,56,1694248884,1247405,python,1:05.95,24892,16036,6716,100.0,0.1,1,3,1:05,0,4,11252,0,8361,0,16036,310,2,278,30,0,12.7,1.5,0.0,85.8,0.0,0.0,0.0,0.0,15794.9 MiB,3585.3 MiB,2032.3 MiB,10177.3 MiB,4096.0 MiB,3681.5 MiB,414.5 MiB,13121.1 MiB
7,Python 3.11.3,binarytrees_compatible_all.py 21,57,1694248885,1247405,python,1:07.13,24892,16036,6716,100.0,0.1,1,3,1:07,0,4,11252,0,8366,0,16036,310,2,278,30,0,12.8,0.8,0.0,86.5,0.0,0.0,0.0,0.0,15794.9 MiB,3585.3 MiB,2032.3 MiB,10177.3 MiB,4096.0 MiB,3681.5 MiB,414.5 MiB,13121.1 MiB
7,Python 3.11.3,binarytrees_compatible_all.py 21,58,1694248887,1247405,python,1:08.30,24892,16036,6716,100.0,0.1,1,3,1:08,0,4,11252,0,8371,0,16036,310,2,278,30,0,13.4,1.5,0.0,85.1,0.0,0.0,0.0,0.0,15794.9 MiB,3585.3 MiB,2032.3 MiB,10177.3 MiB,4096.0 MiB,3681.5 MiB,414.5 MiB,13121.1 MiB
7,Python 3.11.3,binarytrees_compatible_all.py 21,59,1694248888,1247405,python,1:09.48,27964,19996,6716,100.0,0.1,1,3,1:09,0,4,14324,0,9335,0,19996,310,2,278,30,0,13.4,1.5,0.0,85.1,0.0,0.0,0.0,0.0,15794.9 MiB,3584.3 MiB,2033.2 MiB,10177.3 MiB,4096.0 MiB,3681.5 MiB,414.5 MiB,13120.2 MiB
7,Python 3.11.3,binarytrees_compatible_all.py 21,60,1694248889,1247405,python,1:10.65,27964,19996,6716,100.0,0.1,1,3,1:10,0,4,14324,0,9335,0,19996,310,2,278,30,0,12.7,1.5,0.0,85.8,0.0,0.0,0.0,0.0,15794.9 MiB,3584.3 MiB,2033.2 MiB,10177.3 MiB,4096.0 MiB,3681.5 MiB,414.5 MiB,13120.2 MiB
7,Python 3.11.3,binarytrees_compatible_all.py 21,61,1694248890,1247405,python,1:11.83,27964,19996,6716,100.0,0.1,1,3,1:11,0,4,14324,0,9335,0,19996,310,2,278,30,0,12.9,0.8,0.0,86.4,0.0,0.0,0.0,0.0,15794.9 MiB,3584.3 MiB,2033.2 MiB,10177.3 MiB,4096.0 MiB,3681.5 MiB,414.5 MiB,13120.2 MiB
7,Python 3.11.3,binarytrees_compatible_all.py 21,62,1694248891,1247405,python,1:13.00,27964,19996,6716,100.0,0.1,1,3,1:13,0,4,14324,0,9335,0,19996,310,2,278,30,0,12.9,0.8,0.0,86.4,0.0,0.0,0.0,0.0,15794.9 MiB,3584.3 MiB,2033.2 MiB,10177.3 MiB,4096.0 MiB,3681.5 MiB,414.5 MiB,13120.2 MiB
7,Python 3.11.3,binarytrees_compatible_all.py 21,63,1694248892,1247405,python,1:14.18,27964,19996,6716,100.0,0.1,1,3,1:14,0,4,14324,0,9335,0,19996,310,2,278,30,0,13.3,1.5,0.0,85.2,0.0,0.0,0.0,0.0,15794.9 MiB,3584.6 MiB,2033.0 MiB,10177.3 MiB,4096.0 MiB,3681.5 MiB,414.5 MiB,13120.4 MiB
7,Python 3.11.3,binarytrees_compatible_all.py 21,64,1694248894,1247405,python,1:15.35,27964,19996,6716,100.0,0.1,1,7,1:15,0,4,14324,0,9335,0,19996,310,2,278,30,0,13.6,0.8,0.0,85.6,0.0,0.0,0.0,0.0,15794.9 MiB,3584.8 MiB,2032.8 MiB,10177.3 MiB,4096.0 MiB,3681.5 MiB,414.5 MiB,13120.6 MiB
7,Python 3.11.3,binarytrees_compatible_all.py 21,65,1694248895,1247405,python,1:16.53,27964,19996,6716,100.0,0.1,1,7,1:16,0,4,14324,0,9335,0,19996,310,2,278,30,0,12.1,1.5,0.0,86.4,0.0,0.0,0.0,0.0,15794.9 MiB,3585.1 MiB,2032.5 MiB,10177.3 MiB,4096.0 MiB,3681.5 MiB,414.5 MiB,13120.9 MiB
7,Python 3.11.3,binarytrees_compatible_all.py 21,66,1694248896,1247405,python,1:17.70,27964,19996,6716,100.0,0.1,1,7,1:17,0,4,14324,0,9335,0,19996,310,2,278,30,0,12.8,1.5,0.0,85.7,0.0,0.0,0.0,0.0,15794.9 MiB,3585.3 MiB,2032.3 MiB,10177.3 MiB,4096.0 MiB,3681.5 MiB,414.5 MiB,13121.1 MiB
7,Python 3.11.3,binarytrees_compatible_all.py 21,67,1694248897,1247405,python,1:18.88,27964,19996,6716,100.0,0.1,1,7,1:18,0,4,14324,0,9335,0,19996,310,2,278,30,0,12.8,1.5,0.0,85.7,0.0,0.0,0.0,0.0,15794.9 MiB,3585.3 MiB,2032.2 MiB,10177.3 MiB,4096.0 MiB,3681.5 MiB,414.5 MiB,13121.1 MiB
7,Python 3.11.3,binarytrees_compatible_all.py 21,68,1694248898,1247405,python,1:20.06,27964,19996,6716,100.0,0.1,1,7,1:20,0,4,14324,0,9335,0,19996,310,2,278,30,0,13.3,2.2,0.0,84.4,0.0,0.0,0.0,0.0,15794.9 MiB,3584.6 MiB,2033.0 MiB,10177.3 MiB,4096.0 MiB,3681.5 MiB,414.5 MiB,13120.4 MiB
7,Python 3.11.3,binarytrees_compatible_all.py 21,69,1694248899,1247405,python,1:21.23,27964,19996,6716,100.0,0.1,1,7,1:21,0,4,14324,0,9335,0,19996,310,2,278,30,0,13.4,1.5,0.0,85.1,0.0,0.0,0.0,0.0,15794.9 MiB,3584.3 MiB,2033.2 MiB,10177.3 MiB,4096.0 MiB,3681.5 MiB,414.5 MiB,13120.2 MiB
7,Python 3.11.3,binarytrees_compatible_all.py 21,70,1694248901,1247405,python,1:22.41,27964,19996,6716,100.0,0.1,1,7,1:22,0,4,14324,0,9335,0,19996,310,2,278,30,0,13.5,0.8,0.0,85.7,0.0,0.0,0.0,0.0,15794.9 MiB,3586.3 MiB,2031.3 MiB,10177.3 MiB,4096.0 MiB,3681.5 MiB,414.5 MiB,13122.1 MiB
7,Python 3.11.3,binarytrees_compatible_all.py 21,71,1694248902,1247405,python,1:23.58,44348,35128,6716,93.8,0.2,1,7,1:23,0,4,30708,0,30k,0,35128,310,2,278,30,0,12.3,0.8,0.0,86.9,0.0,0.0,0.0,0.0,15794.9 MiB,3572.3 MiB,2045.3 MiB,10177.3 MiB,4096.0 MiB,3681.5 MiB,414.5 MiB,13108.1 MiB
7,Python 3.11.3,binarytrees_compatible_all.py 21,72,1694248903,1247405,python,1:24.76,44348,35916,6716,100.0,0.2,1,7,1:24,0,4,30708,0,30k,0,35916,310,2,278,30,0,12.2,0.8,0.0,87.0,0.0,0.0,0.0,0.0,15794.9 MiB,3571.8 MiB,2045.8 MiB,10177.3 MiB,4096.0 MiB,3681.5 MiB,414.5 MiB,13107.6 MiB
7,Python 3.11.3,binarytrees_compatible_all.py 21,73,1694248904,1247405,python,1:25.94,44348,35916,6716,100.0,0.2,1,3,1:25,0,4,30708,0,30k,0,35916,310,2,278,30,0,12.8,0.8,0.0,86.5,0.0,0.0,0.0,0.0,15794.9 MiB,3571.5 MiB,2046.0 MiB,10177.3 MiB,4096.0 MiB,3681.5 MiB,414.5 MiB,13107.4 MiB
7,Python 3.11.3,binarytrees_compatible_all.py 21,74,1694248905,1247405,python,1:27.11,44348,35916,6716,93.8,0.2,1,3,1:27,0,4,30708,0,30k,0,35916,310,2,278,30,0,12.9,0.8,0.0,86.4,0.0,0.0,0.0,0.0,15794.9 MiB,3571.5 MiB,2046.0 MiB,10177.3 MiB,4096.0 MiB,3681.5 MiB,414.5 MiB,13107.4 MiB
7,Python 3.11.3,binarytrees_compatible_all.py 21,75,1694248907,1247405,python,1:28.29,44348,35916,6716,100.0,0.2,1,3,1:28,0,4,30708,0,30k,0,35916,310,2,278,30,0,13.3,2.2,0.0,84.4,0.0,0.0,0.0,0.0,15794.9 MiB,3571.5 MiB,2046.0 MiB,10177.3 MiB,4096.0 MiB,3681.5 MiB,414.5 MiB,13107.4 MiB
7,Python 3.11.3,binarytrees_compatible_all.py 21,76,1694248908,1247405,python,1:29.46,44348,35916,6716,100.0,0.2,1,3,1:29,0,4,30708,0,30k,0,35916,310,2,278,30,0,12.8,1.5,0.0,85.7,0.0,0.0,0.0,0.0,15794.9 MiB,3571.0 MiB,2046.5 MiB,10177.3 MiB,4096.0 MiB,3681.5 MiB,414.5 MiB,13106.9 MiB
7,Python 3.11.3,binarytrees_compatible_all.py 21,77,1694248909,1247405,python,1:30.64,44348,35916,6716,100.0,0.2,1,3,1:30,0,4,30708,0,30k,0,35916,310,2,278,30,0,12.8,1.5,0.0,85.7,0.0,0.0,0.0,0.0,15794.9 MiB,3570.3 MiB,2047.2 MiB,10177.3 MiB,4096.0 MiB,3681.5 MiB,414.5 MiB,13106.2 MiB
7,Python 3.11.3,binarytrees_compatible_all.py 21,78,1694248910,1247405,python,1:31.81,44348,35916,6716,93.8,0.2,1,3,1:31,0,4,30708,0,30k,0,35916,310,2,278,30,0,12.1,1.5,0.0,86.4,0.0,0.0,0.0,0.0,15794.9 MiB,3570.1 MiB,2047.5 MiB,10177.3 MiB,4096.0 MiB,3681.5 MiB,414.5 MiB,13105.9 MiB
7,Python 3.11.3,binarytrees_compatible_all.py 21,79,1694248911,1247405,python,1:33.00,44348,35916,6716,100.0,0.2,1,3,1:33,0,4,30708,0,30k,0,35916,310,2,278,30,0,12.9,1.4,0.0,85.6,0.0,0.0,0.0,0.0,15794.9 MiB,3570.1 MiB,2047.5 MiB,10177.3 MiB,4096.0 MiB,3681.5 MiB,414.5 MiB,13105.9 MiB
7,Python 3.11.3,binarytrees_compatible_all.py 21,80,1694248912,1247405,python,1:34.18,44348,35916,6716,100.0,0.2,1,3,1:34,0,4,30708,0,30k,0,35916,310,2,278,30,0,13.4,1.5,0.0,85.1,0.0,0.0,0.0,0.0,15794.9 MiB,3570.8 MiB,2046.7 MiB,10177.3 MiB,4096.0 MiB,3681.5 MiB,414.5 MiB,13106.7 MiB
7,Python 3.11.3,binarytrees_compatible_all.py 21,81,1694248914,1247405,python,1:35.35,44348,35916,6716,100.0,0.2,1,3,1:35,0,4,30708,0,30k,0,35916,310,2,278,30,0,12.9,0.8,0.0,86.4,0.0,0.0,0.0,0.0,15794.9 MiB,3570.6 MiB,2047.0 MiB,10177.3 MiB,4096.0 MiB,3681.5 MiB,414.5 MiB,13106.4 MiB
7,Python 3.11.3,binarytrees_compatible_all.py 21,82,1694248915,1247405,python,1:36.52,44348,35916,6716,93.8,0.2,1,3,1:36,0,4,30708,0,30k,0,35916,310,2,278,30,0,12.8,1.5,0.0,85.7,0.0,0.0,0.0,0.0,15794.9 MiB,3570.6 MiB,2047.0 MiB,10177.3 MiB,4096.0 MiB,3681.5 MiB,414.5 MiB,13106.4 MiB
7,Python 3.11.3,binarytrees_compatible_all.py 21,83,1694248916,1247405,python,1:37.70,44348,35916,6716,100.0,0.2,1,3,1:37,0,4,30708,0,30k,0,35916,309,2,277,30,0,12.8,1.5,0.0,85.7,0.0,0.0,0.0,0.0,15794.9 MiB,3570.6 MiB,2047.0 MiB,10177.3 MiB,4096.0 MiB,3681.5 MiB,414.5 MiB,13106.4 MiB
7,Python 3.11.3,binarytrees_compatible_all.py 21,84,1694248917,1247405,python,1:38.87,98620,88524,6716,93.8,0.5,1,3,1:38,0,4,84980,0,74k,0,88524,309,2,277,30,0,12.0,2.3,0.0,85.7,0.0,0.0,0.0,0.0,15794.9 MiB,3524.0 MiB,2093.5 MiB,10177.3 MiB,4096.0 MiB,3681.5 MiB,414.5 MiB,13059.9 MiB
7,Python 3.11.3,binarytrees_compatible_all.py 21,85,1694248918,1247405,python,1:40.05,81212,71580,6716,93.8,0.4,1,7,1:40,0,4,67572,0,146k,0,71580,309,2,277,30,0,11.4,2.3,0.0,86.4,0.0,0.0,0.0,0.0,15794.9 MiB,3539.3 MiB,2078.2 MiB,10177.4 MiB,4096.0 MiB,3681.5 MiB,414.5 MiB,13075.2 MiB
7,Python 3.11.3,binarytrees_compatible_all.py 21,86,1694248919,1247405,python,1:41.23,80188,70672,6716,100.0,0.4,1,7,1:41,0,4,66548,0,211k,0,70672,309,2,277,30,0,13.5,1.5,0.0,85.0,0.0,0.0,0.0,0.0,15794.9 MiB,3531.7 MiB,2085.8 MiB,10177.4 MiB,4096.0 MiB,3681.5 MiB,414.5 MiB,13067.6 MiB
7,Python 3.11.3,binarytrees_compatible_all.py 21,87,1694248921,1247405,python,1:42.40,81212,71680,6716,100.0,0.4,1,7,1:42,0,4,67572,0,268k,0,71680,309,2,277,30,0,12.8,1.5,0.0,85.7,0.0,0.0,0.0,0.0,15794.9 MiB,3529.7 MiB,2088.0 MiB,10177.2 MiB,4096.0 MiB,3681.5 MiB,414.5 MiB,13065.6 MiB
7,Python 3.11.3,binarytrees_compatible_all.py 21,88,1694248922,1247405,python,1:43.58,89404,80268,6716,100.0,0.5,1,7,1:43,0,4,75764,0,316k,0,80268,309,2,277,30,0,12.7,2.2,0.0,85.1,0.0,0.0,0.0,0.0,15794.9 MiB,3521.8 MiB,2095.9 MiB,10177.2 MiB,4096.0 MiB,3681.5 MiB,414.5 MiB,13057.7 MiB
7,Python 3.11.3,binarytrees_compatible_all.py 21,89,1694248923,1247405,python,1:44.75,103740,94212,6716,100.0,0.6,1,7,1:44,0,4,90100,0,355k,0,94212,309,2,277,30,0,12.9,1.5,0.0,85.6,0.0,0.0,0.0,0.0,15794.9 MiB,3520.4 MiB,2097.3 MiB,10177.2 MiB,4096.0 MiB,3681.5 MiB,414.5 MiB,13056.2 MiB
7,Python 3.11.3,binarytrees_compatible_all.py 21,90,1694248924,1247405,python,1:45.93,95548,85792,6716,100.0,0.5,1,7,1:45,0,4,81908,0,382k,0,85792,309,2,277,30,0,12.9,0.8,0.0,86.4,0.0,0.0,0.0,0.0,15794.9 MiB,3515.7 MiB,2101.9 MiB,10177.2 MiB,4096.0 MiB,3681.5 MiB,414.5 MiB,13051.6 MiB
7,Python 3.11.3,binarytrees_compatible_all.py 21,91,1694248925,1247405,python,1:47.11,103740,93856,6716,100.0,0.6,1,7,1:47,0,4,90100,0,398k,0,93856,309,2,277,30,0,12.1,1.5,0.0,86.4,0.0,0.0,0.0,0.0,15794.9 MiB,3513.2 MiB,2104.5 MiB,10177.2 MiB,4096.0 MiB,3681.5 MiB,414.5 MiB,13049.1 MiB
7,Python 3.11.3,binarytrees_compatible_all.py 21,92,1694248927,1247405,python,1:48.28,106812,96660,6716,93.8,0.6,1,7,1:48,0,4,93172,0,404k,0,96660,309,2,277,30,0,12.8,1.5,0.0,85.7,0.0,0.0,0.0,0.0,15794.9 MiB,3512.2 MiB,2105.4 MiB,10177.2 MiB,4096.0 MiB,3681.5 MiB,414.5 MiB,13048.1 MiB
7,Python 3.11.3,binarytrees_compatible_all.py 21,93,1694248928,1247405,python,1:49.46,106812,97404,6716,100.0,0.6,1,7,1:49,0,4,93172,0,405k,0,97404,309,2,277,30,0,13.5,0.8,0.0,85.7,0.0,0.0,0.0,0.0,15794.9 MiB,3512.2 MiB,2105.4 MiB,10177.2 MiB,4096.0 MiB,3681.5 MiB,414.5 MiB,13048.1 MiB
7,Python 3.11.3,binarytrees_compatible_all.py 21,94,1694248929,1247405,python,1:50.63,106812,97404,6716,100.0,0.6,1,7,1:50,0,4,93172,0,405k,0,97404,309,2,277,30,0,13.5,0.8,0.0,85.7,0.0,0.0,0.0,0.0,15794.9 MiB,3512.2 MiB,2105.4 MiB,10177.2 MiB,4096.0 MiB,3681.5 MiB,414.5 MiB,13048.1 MiB
7,Python 3.11.3,binarytrees_compatible_all.py 21,95,1694248930,1247405,python,1:51.81,106812,97404,6716,100.0,0.6,1,7,1:51,0,4,93172,0,405k,0,97404,309,2,277,30,0,12.8,1.5,0.0,85.7,0.0,0.0,0.0,0.0,15794.9 MiB,3512.2 MiB,2105.4 MiB,10177.2 MiB,4096.0 MiB,3681.5 MiB,414.5 MiB,13048.1 MiB
7,Python 3.11.3,binarytrees_compatible_all.py 21,96,1694248931,1247405,python,1:52.98,106812,97404,6716,93.8,0.6,1,7,1:52,0,4,93172,0,405k,0,97404,309,2,277,30,0,12.9,0.8,0.0,86.4,0.0,0.0,0.0,0.0,15794.9 MiB,3513.2 MiB,2104.4 MiB,10177.2 MiB,4096.0 MiB,3681.5 MiB,414.5 MiB,13049.1 MiB
7,Python 3.11.3,binarytrees_compatible_all.py 21,97,1694248932,1247405,python,1:54.16,106812,97404,6716,100.0,0.6,1,7,1:54,0,4,93172,0,405k,0,97404,309,2,277,30,0,12.8,1.5,0.0,85.7,0.0,0.0,0.0,0.0,15794.9 MiB,3513.2 MiB,2104.4 MiB,10177.2 MiB,4096.0 MiB,3681.5 MiB,414.5 MiB,13049.1 MiB
7,Python 3.11.3,binarytrees_compatible_all.py 21,98,1694248934,1247405,python,1:55.33,194876,184292,6716,100.0,1.1,1,7,1:55,0,4,181236,0,484k,0,184292,309,2,277,30,0,12.0,1.5,0.0,86.5,0.0,0.0,0.0,0.0,15794.9 MiB,3419.5 MiB,2198.2 MiB,10177.2 MiB,4096.0 MiB,3681.5 MiB,414.5 MiB,12955.4 MiB
7,Python 3.11.3,binarytrees_compatible_all.py 21,99,1694248935,1247405,python,1:56.51,232764,220672,6716,100.0,1.4,1,7,1:56,0,4,219124,0,571k,0,220672,309,2,277,30,0,14.1,1.5,0.0,84.4,0.0,0.0,0.0,0.0,15794.9 MiB,3396.8 MiB,2220.8 MiB,10177.2 MiB,4096.0 MiB,3681.5 MiB,414.5 MiB,12932.8 MiB
7,Python 3.11.3,binarytrees_compatible_all.py 21,100,1694248936,1247405,python,1:57.68,291132,278704,6716,100.0,1.7,1,7,1:57,0,4,277492,0,663k,0,278704,309,2,277,30,0,11.5,1.5,0.0,87.0,0.0,0.0,0.0,0.0,15794.9 MiB,3340.0 MiB,2277.7 MiB,10177.2 MiB,4096.0 MiB,3681.5 MiB,414.5 MiB,12875.9 MiB
7,Python 3.11.3,binarytrees_compatible_all.py 21,101,1694248937,1247405,python,1:58.85,349500,336208,6716,100.0,2.1,1,7,1:58,0,4,335860,0,754k,0,336208,309,2,277,30,0,9.8,4.5,0.0,85.7,0.0,0.0,0.0,0.0,15794.9 MiB,3284.6 MiB,2333.0 MiB,10177.2 MiB,4096.0 MiB,3681.5 MiB,414.5 MiB,12820.5 MiB
7,Python 3.11.3,binarytrees_compatible_all.py 21,102,1694248938,1247405,python,2:00.03,204092,193364,6716,93.8,1.2,1,7,2:00,0,4,190452,0,833k,0,193364,309,2,277,30,0,12.1,1.5,0.0,86.4,0.0,0.0,0.0,0.0,15794.9 MiB,3399.5 MiB,2218.2 MiB,10177.2 MiB,4096.0 MiB,3681.5 MiB,414.5 MiB,12935.4 MiB
7,Python 3.11.3,binarytrees_compatible_all.py 21,103,1694248939,1247405,python,2:01.21,196924,186308,6716,100.0,1.2,1,7,2:01,0,4,183284,0,909k,0,186308,309,2,277,30,0,11.9,3.0,0.0,85.1,0.0,0.0,0.0,0.0,15794.9 MiB,3418.2 MiB,2199.4 MiB,10177.2 MiB,4096.0 MiB,3681.5 MiB,414.5 MiB,12954.2 MiB
7,Python 3.11.3,binarytrees_compatible_all.py 21,104,1694248941,1247405,python,2:02.38,216380,204736,6716,93.8,1.3,1,7,2:02,0,4,202740,0,989k,0,204736,309,2,277,30,0,13.3,1.5,0.0,84.4,0.7,0.0,0.0,0.0,15794.9 MiB,3413.6 MiB,2204.1 MiB,10177.2 MiB,4096.0 MiB,3681.5 MiB,414.5 MiB,12949.5 MiB
7,Python 3.11.3,binarytrees_compatible_all.py 21,105,1694248942,1247405,python,2:03.55,278844,266728,6716,93.8,1.6,1,7,2:03,0,4,265204,0,1.1m,0,266728,309,2,277,30,0,14.2,0.7,0.0,85.1,0.0,0.0,0.0,0.0,15794.9 MiB,3353.0 MiB,2264.6 MiB,10177.2 MiB,4096.0 MiB,3681.5 MiB,414.5 MiB,12889.0 MiB
7,Python 3.11.3,binarytrees_compatible_all.py 21,106,1694248943,1247405,python,2:04.74,342332,328984,6716,100.0,2.0,1,7,2:04,0,4,328692,0,1.1m,0,328984,309,2,277,30,0,12.0,2.3,0.0,85.7,0.0,0.0,0.0,0.0,15794.9 MiB,3291.5 MiB,2326.1 MiB,10177.2 MiB,4096.0 MiB,3681.5 MiB,414.5 MiB,12827.5 MiB
7,Python 3.11.3,binarytrees_compatible_all.py 21,107,1694248944,1247405,python,2:05.90,218428,207476,6716,93.8,1.3,1,7,2:05,0,4,204788,0,1.2m,0,207476,309,2,277,30,0,10.6,3.0,0.0,86.4,0.0,0.0,0.0,0.0,15794.9 MiB,3385.0 MiB,2232.6 MiB,10177.2 MiB,4096.0 MiB,3681.5 MiB,414.5 MiB,12921.0 MiB
7,Python 3.11.3,binarytrees_compatible_all.py 21,108,1694248945,1247405,python,2:07.08,206140,195380,6716,93.8,1.2,1,7,2:07,0,4,192500,0,1.3m,0,195380,309,2,277,30,0,12.1,1.5,0.0,86.4,0.0,0.0,0.0,0.0,15794.9 MiB,3409.4 MiB,2208.2 MiB,10177.2 MiB,4096.0 MiB,3681.5 MiB,414.5 MiB,12945.4 MiB
7,Python 3.11.3,binarytrees_compatible_all.py 21,109,1694248946,1247405,python,2:08.26,219452,208000,6716,100.0,1.3,1,3,2:08,0,4,205812,0,1.4m,0,208000,309,2,277,30,0,12.1,1.5,0.0,85.6,0.8,0.0,0.0,0.0,15794.9 MiB,3400.3 MiB,2217.3 MiB,10177.3 MiB,4096.0 MiB,3681.5 MiB,414.5 MiB,12936.2 MiB
7,Python 3.11.3,binarytrees_compatible_all.py 21,110,1694248948,1247405,python,2:09.44,283964,271048,6716,100.0,1.7,1,3,2:09,0,4,270324,0,1.4m,0,271048,309,2,277,30,0,11.3,3.5,0.0,85.1,0.0,0.0,0.0,0.0,15794.9 MiB,3339.5 MiB,2278.1 MiB,10177.3 MiB,4096.0 MiB,3681.5 MiB,414.5 MiB,12875.5 MiB
7,Python 3.11.3,binarytrees_compatible_all.py 21,111,1694248949,1247405,python,2:10.62,351548,338320,6716,93.8,2.1,1,3,2:10,0,4,337908,0,1.5m,0,338320,309,2,277,30,0,11.4,2.3,0.0,86.4,0.0,0.0,0.0,0.0,15794.9 MiB,3274.0 MiB,2343.6 MiB,10177.3 MiB,4096.0 MiB,3681.5 MiB,414.5 MiB,12810.0 MiB
8,Python 3.11.3,binarytrees_compatible_all.py 21,0,1694248950,1248239,python,0:00.11,35120,26540,6624,68.8,0.2,1,1,0:00,0,4,21480,0,6208,0,26540,309,2,277,30,0,18.3,6.9,0.0,74.8,0.0,0.0,0.0,0.0,15794.9 MiB,3566.2 MiB,2044.6 MiB,10184.1 MiB,4096.0 MiB,3681.5 MiB,414.5 MiB,13102.1 MiB
8,Python 3.11.3,binarytrees_compatible_all.py 21,1,1694248951,1248239,python,0:01.29,35120,26540,6624,100.0,0.2,1,1,0:01,0,4,21480,0,6208,0,26540,310,2,278,30,0,12.8,1.5,0.0,85.7,0.0,0.0,0.0,0.0,15794.9 MiB,3565.4 MiB,2045.0 MiB,10184.5 MiB,4096.0 MiB,3681.5 MiB,414.5 MiB,13101.4 MiB
8,Python 3.11.3,binarytrees_compatible_all.py 21,2,1694248952,1248239,python,0:02.46,35120,26540,6624,100.0,0.2,1,1,0:02,0,4,21480,0,6208,0,26540,310,2,278,30,0,12.2,0.8,0.0,87.0,0.0,0.0,0.0,0.0,15794.9 MiB,3572.1 MiB,2045.2 MiB,10177.6 MiB,4096.0 MiB,3681.5 MiB,414.5 MiB,13108.0 MiB
8,Python 3.11.3,binarytrees_compatible_all.py 21,3,1694248954,1248239,python,0:03.64,35120,26540,6624,100.0,0.2,1,1,0:03,0,4,21480,0,6208,0,26540,310,2,278,30,0,12.9,0.8,0.0,86.4,0.0,0.0,0.0,0.0,15794.9 MiB,3572.1 MiB,2045.3 MiB,10177.5 MiB,4096.0 MiB,3681.5 MiB,414.5 MiB,13108.1 MiB
8,Python 3.11.3,binarytrees_compatible_all.py 21,4,1694248955,1248239,python,0:04.81,35120,26540,6624,100.0,0.2,1,1,0:04,0,4,21480,0,6208,0,26540,310,2,278,30,0,12.9,0.8,0.0,86.4,0.0,0.0,0.0,0.0,15794.9 MiB,3571.6 MiB,2045.8 MiB,10177.5 MiB,4096.0 MiB,3681.5 MiB,414.5 MiB,13107.6 MiB
8,Python 3.11.3,binarytrees_compatible_all.py 21,5,1694248956,1248239,python,0:05.99,35120,26540,6624,100.0,0.2,1,5,0:05,0,4,21480,0,6208,0,26540,310,2,278,30,0,12.1,1.5,0.0,86.4,0.0,0.0,0.0,0.0,15794.9 MiB,3571.3 MiB,2046.1 MiB,10177.5 MiB,4096.0 MiB,3681.5 MiB,414.5 MiB,13107.3 MiB
8,Python 3.11.3,binarytrees_compatible_all.py 21,6,1694248957,1248239,python,0:07.16,35120,26540,6624,100.0,0.2,1,5,0:07,0,4,21480,0,6208,0,26540,310,2,278,30,0,13.4,1.5,0.0,85.1,0.0,0.0,0.0,0.0,15794.9 MiB,3571.1 MiB,2046.3 MiB,10177.5 MiB,4096.0 MiB,3681.5 MiB,414.5 MiB,13107.1 MiB
8,Python 3.11.3,binarytrees_compatible_all.py 21,7,1694248958,1248239,python,0:08.34,35120,26540,6624,100.0,0.2,1,5,0:08,0,4,21480,0,6208,0,26540,310,2,278,30,0,12.9,0.8,0.0,86.4,0.0,0.0,0.0,0.0,15794.9 MiB,3570.9 MiB,2046.5 MiB,10177.5 MiB,4096.0 MiB,3681.5 MiB,414.5 MiB,13106.9 MiB
8,Python 3.11.3,binarytrees_compatible_all.py 21,8,1694248959,1248239,python,0:09.51,35120,26540,6624,100.0,0.2,1,5,0:09,0,4,21480,0,6208,0,26540,310,2,278,30,0,12.8,2.3,0.0,85.0,0.0,0.0,0.0,0.0,15794.9 MiB,3570.9 MiB,2046.5 MiB,10177.5 MiB,4096.0 MiB,3681.5 MiB,414.5 MiB,13106.9 MiB
8,Python 3.11.3,binarytrees_compatible_all.py 21,9,1694248961,1248239,python,0:10.69,35120,26540,6624,100.0,0.2,1,5,0:10,0,4,21480,0,6208,0,26540,310,2,278,30,0,12.9,0.8,0.0,86.4,0.0,0.0,0.0,0.0,15794.9 MiB,3572.3 MiB,2045.1 MiB,10177.5 MiB,4096.0 MiB,3681.5 MiB,414.5 MiB,13108.3 MiB
8,Python 3.11.3,binarytrees_compatible_all.py 21,10,1694248962,1248239,python,0:11.86,35120,26540,6624,100.0,0.2,1,5,0:11,0,4,21480,0,6208,0,26540,310,2,278,30,0,12.8,1.5,0.0,85.7,0.0,0.0,0.0,0.0,15794.9 MiB,3572.3 MiB,2045.1 MiB,10177.5 MiB,4096.0 MiB,3681.5 MiB,414.5 MiB,13108.3 MiB
8,Python 3.11.3,binarytrees_compatible_all.py 21,11,1694248963,1248239,python,0:13.03,22844,14364,6624,100.0,0.1,1,5,0:13,0,4,9204,0,7236,0,14364,310,2,278,30,0,13.4,0.7,0.0,85.8,0.0,0.0,0.0,0.0,15794.9 MiB,3587.6 MiB,2029.8 MiB,10177.5 MiB,4096.0 MiB,3681.5 MiB,414.5 MiB,13123.6 MiB
8,Python 3.11.3,binarytrees_compatible_all.py 21,12,1694248964,1248239,python,0:14.21,22844,14364,6624,100.0,0.1,1,1,0:14,0,4,9204,0,7236,0,14364,310,2,278,30,0,12.8,1.5,0.0,85.7,0.0,0.0,0.0,0.0,15794.9 MiB,3587.1 MiB,2030.3 MiB,10177.5 MiB,4096.0 MiB,3681.5 MiB,414.5 MiB,13123.1 MiB
8,Python 3.11.3,binarytrees_compatible_all.py 21,13,1694248965,1248239,python,0:15.38,22844,14364,6624,93.8,0.1,1,1,0:15,0,4,9204,0,7236,0,14364,310,2,278,30,0,13.0,0.8,0.0,86.3,0.0,0.0,0.0,0.0,15794.9 MiB,3587.1 MiB,2030.3 MiB,10177.5 MiB,4096.0 MiB,3681.5 MiB,414.5 MiB,13123.1 MiB
8,Python 3.11.3,binarytrees_compatible_all.py 21,14,1694248966,1248239,python,0:16.56,22844,14364,6624,100.0,0.1,1,1,0:16,0,4,9204,0,7236,0,14364,310,2,278,30,0,14.2,0.7,0.0,85.1,0.0,0.0,0.0,0.0,15794.9 MiB,3587.1 MiB,2030.3 MiB,10177.5 MiB,4096.0 MiB,3681.5 MiB,414.5 MiB,13123.1 MiB
8,Python 3.11.3,binarytrees_compatible_all.py 21,15,1694248968,1248239,python,0:17.73,22844,14364,6624,100.0,0.1,1,1,0:17,0,4,9204,0,7236,0,14364,310,2,278,30,0,13.5,0.8,0.0,85.7,0.0,0.0,0.0,0.0,15794.9 MiB,3587.1 MiB,2030.3 MiB,10177.5 MiB,4096.0 MiB,3681.5 MiB,414.5 MiB,13123.1 MiB
8,Python 3.11.3,binarytrees_compatible_all.py 21,16,1694248969,1248239,python,0:18.91,22844,14364,6624,100.0,0.1,1,1,0:18,0,4,9204,0,7236,0,14364,310,2,278,30,0,12.9,0.8,0.0,86.4,0.0,0.0,0.0,0.0,15794.9 MiB,3586.9 MiB,2030.5 MiB,10177.5 MiB,4096.0 MiB,3681.5 MiB,414.5 MiB,13122.9 MiB
8,Python 3.11.3,binarytrees_compatible_all.py 21,17,1694248970,1248239,python,0:20.08,22844,14364,6624,93.8,0.1,1,1,0:20,0,4,9204,0,7236,0,14364,310,2,278,30,0,13.6,0.0,0.0,86.4,0.0,0.0,0.0,0.0,15794.9 MiB,3587.4 MiB,2030.0 MiB,10177.5 MiB,4096.0 MiB,3681.5 MiB,414.5 MiB,13123.4 MiB
8,Python 3.11.3,binarytrees_compatible_all.py 21,18,1694248971,1248239,python,0:21.26,22844,14364,6624,100.0,0.1,1,1,0:21,0,4,9204,0,7236,0,14364,310,2,278,30,0,13.5,0.8,0.0,85.7,0.0,0.0,0.0,0.0,15794.9 MiB,3587.1 MiB,2030.2 MiB,10177.5 MiB,4096.0 MiB,3681.5 MiB,414.5 MiB,13123.1 MiB
8,Python 3.11.3,binarytrees_compatible_all.py 21,19,1694248972,1248239,python,0:22.43,22844,14364,6624,100.0,0.1,1,1,0:22,0,4,9204,0,7236,0,14364,310,2,278,30,0,12.9,0.8,0.0,86.4,0.0,0.0,0.0,0.0,15794.9 MiB,3587.6 MiB,2029.8 MiB,10177.5 MiB,4096.0 MiB,3681.5 MiB,414.5 MiB,13123.6 MiB
8,Python 3.11.3,binarytrees_compatible_all.py 21,20,1694248974,1248239,python,0:23.61,22844,14364,6624,100.0,0.1,1,1,0:23,0,4,9204,0,7236,0,14364,310,2,278,30,0,12.2,0.8,0.0,86.3,0.8,0.0,0.0,0.0,15794.9 MiB,3586.6 MiB,2030.7 MiB,10177.5 MiB,4096.0 MiB,3681.5 MiB,414.5 MiB,13122.7 MiB
8,Python 3.11.3,binarytrees_compatible_all.py 21,21,1694248975,1248239,python,0:24.78,22844,14364,6624,93.8,0.1,1,1,0:24,0,4,9204,0,7236,0,14364,310,2,278,30,0,13.4,1.5,0.0,85.1,0.0,0.0,0.0,0.0,15794.9 MiB,3586.6 MiB,2030.7 MiB,10177.5 MiB,4096.0 MiB,3681.5 MiB,414.5 MiB,13122.7 MiB
8,Python 3.11.3,binarytrees_compatible_all.py 21,22,1694248976,1248239,python,0:25.96,22844,14364,6624,100.0,0.1,1,5,0:25,0,4,9204,0,7236,0,14364,310,2,278,30,0,13.4,1.5,0.0,85.1,0.0,0.0,0.0,0.0,15794.9 MiB,3586.6 MiB,2030.7 MiB,10177.5 MiB,4096.0 MiB,3681.5 MiB,414.5 MiB,13122.7 MiB
8,Python 3.11.3,binarytrees_compatible_all.py 21,23,1694248977,1248239,python,0:27.13,23868,14628,6624,100.0,0.1,1,5,0:27,0,4,10228,0,7320,0,14628,310,2,278,30,0,12.8,0.8,0.0,86.5,0.0,0.0,0.0,0.0,15794.9 MiB,3586.9 MiB,2030.5 MiB,10177.5 MiB,4096.0 MiB,3681.5 MiB,414.5 MiB,13122.9 MiB
8,Python 3.11.3,binarytrees_compatible_all.py 21,24,1694248978,1248239,python,0:28.30,23868,15156,6624,93.8,0.1,1,5,0:28,0,4,10228,0,7405,0,15156,310,2,278,30,0,13.0,0.0,0.0,87.0,0.0,0.0,0.0,0.0,15794.9 MiB,3586.4 MiB,2031.0 MiB,10177.5 MiB,4096.0 MiB,3681.5 MiB,414.5 MiB,13122.4 MiB
8,Python 3.11.3,binarytrees_compatible_all.py 21,25,1694248979,1248239,python,0:29.48,23868,15420,6624,100.0,0.1,1,5,0:29,0,4,10228,0,7490,0,15420,310,2,278,30,0,12.9,0.8,0.0,86.4,0.0,0.0,0.0,0.0,15794.9 MiB,3586.4 MiB,2031.0 MiB,10177.5 MiB,4096.0 MiB,3681.5 MiB,414.5 MiB,13122.4 MiB
8,Python 3.11.3,binarytrees_compatible_all.py 21,26,1694248981,1248239,python,0:30.66,24892,15684,6624,100.0,0.1,1,5,0:30,0,4,11252,0,7576,0,15684,310,2,278,30,0,12.8,1.5,0.0,85.7,0.0,0.0,0.0,0.0,15794.9 MiB,3586.6 MiB,2030.7 MiB,10177.5 MiB,4096.0 MiB,3681.5 MiB,414.5 MiB,13122.7 MiB
8,Python 3.11.3,binarytrees_compatible_all.py 21,27,1694248982,1248239,python,0:31.83,24892,16212,6624,100.0,0.1,1,5,0:31,0,4,11252,0,7662,0,16212,310,2,278,30,0,13.0,0.8,0.0,86.3,0.0,0.0,0.0,0.0,15794.9 MiB,3586.6 MiB,2030.7 MiB,10177.5 MiB,4096.0 MiB,3681.5 MiB,414.5 MiB,13122.7 MiB
8,Python 3.11.3,binarytrees_compatible_all.py 21,28,1694248983,1248239,python,0:33.00,24892,16476,6624,100.0,0.1,1,5,0:33,0,4,11252,0,7747,0,16476,310,2,278,30,0,12.2,0.8,0.0,87.0,0.0,0.0,0.0,0.0,15794.9 MiB,3587.1 MiB,2030.2 MiB,10177.5 MiB,4096.0 MiB,3681.5 MiB,414.5 MiB,13123.2 MiB
8,Python 3.11.3,binarytrees_compatible_all.py 21,29,1694248984,1248239,python,0:34.18,25916,16740,6624,100.0,0.1,1,1,0:34,0,4,12276,0,7832,0,16740,310,2,278,30,0,12.9,0.8,0.0,86.4,0.0,0.0,0.0,0.0,15794.9 MiB,3586.9 MiB,2030.5 MiB,10177.5 MiB,4096.0 MiB,3681.5 MiB,414.5 MiB,13122.9 MiB
8,Python 3.11.3,binarytrees_compatible_all.py 21,30,1694248985,1248239,python,0:35.36,25916,17004,6624,100.0,0.1,1,1,0:35,0,4,12276,0,7918,0,17004,310,2,278,30,0,13.4,1.5,0.0,85.1,0.0,0.0,0.0,0.0,15794.9 MiB,3585.9 MiB,2031.4 MiB,10177.5 MiB,4096.0 MiB,3681.5 MiB,414.5 MiB,13122.0 MiB
8,Python 3.11.3,binarytrees_compatible_all.py 21,31,1694248986,1248239,python,0:36.53,25916,17532,6624,100.0,0.1,1,1,0:36,0,4,12276,0,8003,0,17532,310,2,278,30,0,13.6,0.8,0.0,85.6,0.0,0.0,0.0,0.0,15794.9 MiB,3586.4 MiB,2031.0 MiB,10177.5 MiB,4096.0 MiB,3681.5 MiB,414.5 MiB,13122.4 MiB
8,Python 3.11.3,binarytrees_compatible_all.py 21,32,1694248988,1248239,python,0:37.71,26940,17796,6624,100.0,0.1,1,1,0:37,0,4,13300,0,8089,0,17796,310,2,278,30,0,13.6,0.0,0.0,86.4,0.0,0.0,0.0,0.0,15794.9 MiB,3586.1 MiB,2031.2 MiB,10177.5 MiB,4096.0 MiB,3681.5 MiB,414.5 MiB,13122.2 MiB
8,Python 3.11.3,binarytrees_compatible_all.py 21,33,1694248989,1248239,python,0:38.88,26940,18060,6624,100.0,0.1,1,1,0:38,0,4,13300,0,8174,0,18060,310,2,278,30,0,13.5,0.8,0.0,85.7,0.0,0.0,0.0,0.0,15794.9 MiB,3586.1 MiB,2031.2 MiB,10177.5 MiB,4096.0 MiB,3681.5 MiB,414.5 MiB,13122.2 MiB
8,Python 3.11.3,binarytrees_compatible_all.py 21,34,1694248990,1248239,python,0:40.06,26940,18588,6624,100.0,0.1,1,1,0:40,0,4,13300,0,8260,0,18588,310,2,278,30,0,12.1,0.8,0.0,87.1,0.0,0.0,0.0,0.0,15794.9 MiB,3585.6 MiB,2031.6 MiB,10177.6 MiB,4096.0 MiB,3681.5 MiB,414.5 MiB,13121.7 MiB
8,Python 3.11.3,binarytrees_compatible_all.py 21,35,1694248991,1248239,python,0:41.23,23868,15680,6624,93.8,0.1,1,1,0:41,0,4,10228,0,8285,0,15680,310,2,278,30,0,12.8,0.8,0.0,86.5,0.0,0.0,0.0,0.0,15794.9 MiB,3588.3 MiB,2028.9 MiB,10177.6 MiB,4096.0 MiB,3681.5 MiB,414.5 MiB,13124.4 MiB
8,Python 3.11.3,binarytrees_compatible_all.py 21,36,1694248992,1248239,python,0:42.41,23868,15680,6624,100.0,0.1,1,1,0:42,0,4,10228,0,8285,0,15680,310,2,278,30,0,13.5,0.8,0.0,85.7,0.0,0.0,0.0,0.0,15794.9 MiB,3588.8 MiB,2028.4 MiB,10177.6 MiB,4096.0 MiB,3681.5 MiB,414.5 MiB,13124.9 MiB
8,Python 3.11.3,binarytrees_compatible_all.py 21,37,1694248994,1248239,python,0:43.58,23868,15680,6624,100.0,0.1,1,1,0:43,0,4,10228,0,8285,0,15680,310,2,278,30,0,13.5,0.8,0.0,85.7,0.0,0.0,0.0,0.0,15794.9 MiB,3588.6 MiB,2028.7 MiB,10177.6 MiB,4096.0 MiB,3681.5 MiB,414.5 MiB,13124.7 MiB
8,Python 3.11.3,binarytrees_compatible_all.py 21,38,1694248995,1248239,python,0:44.76,23868,15680,6624,100.0,0.1,1,5,0:44,0,4,10228,0,8285,0,15680,310,2,278,30,0,12.8,0.8,0.0,86.5,0.0,0.0,0.0,0.0,15794.9 MiB,3588.3 MiB,2028.9 MiB,10177.6 MiB,4096.0 MiB,3681.5 MiB,414.5 MiB,13124.4 MiB
8,Python 3.11.3,binarytrees_compatible_all.py 21,39,1694248996,1248239,python,0:45.93,23868,15680,6624,93.8,0.1,1,5,0:45,0,4,10228,0,8285,0,15680,310,2,278,30,0,12.8,1.5,0.0,85.7,0.0,0.0,0.0,0.0,15794.9 MiB,3588.9 MiB,2028.4 MiB,10177.6 MiB,4096.0 MiB,3681.5 MiB,414.5 MiB,13125.0 MiB
8,Python 3.11.3,binarytrees_compatible_all.py 21,40,1694248997,1248239,python,0:47.11,23868,15680,6624,100.0,0.1,1,5,0:47,0,4,10228,0,8285,0,15680,310,2,278,30,0,14.0,2.2,0.0,83.8,0.0,0.0,0.0,0.0,15794.9 MiB,3588.6 MiB,2028.6 MiB,10177.6 MiB,4096.0 MiB,3681.5 MiB,414.5 MiB,13124.7 MiB
8,Python 3.11.3,binarytrees_compatible_all.py 21,41,1694248998,1248239,python,0:48.28,23868,15680,6624,93.8,0.1,1,5,0:48,0,4,10228,0,8285,0,15680,310,2,278,30,0,12.9,0.8,0.0,86.4,0.0,0.0,0.0,0.0,15794.9 MiB,3587.9 MiB,2029.4 MiB,10177.6 MiB,4096.0 MiB,3681.5 MiB,414.5 MiB,13124.0 MiB
8,Python 3.11.3,binarytrees_compatible_all.py 21,42,1694248999,1248239,python,0:49.46,23868,15680,6624,100.0,0.1,1,5,0:49,0,4,10228,0,8285,0,15680,310,2,278,30,0,12.9,0.8,0.0,86.4,0.0,0.0,0.0,0.0,15794.9 MiB,3587.9 MiB,2029.4 MiB,10177.6 MiB,4096.0 MiB,3681.5 MiB,414.5 MiB,13124.0 MiB
8,Python 3.11.3,binarytrees_compatible_all.py 21,43,1694249001,1248239,python,0:50.64,23868,15680,6624,100.0,0.1,1,5,0:50,0,4,10228,0,8285,0,15680,310,2,278,30,0,12.8,1.5,0.0,85.7,0.0,0.0,0.0,0.0,15794.9 MiB,3588.1 MiB,2029.1 MiB,10177.6 MiB,4096.0 MiB,3681.5 MiB,414.5 MiB,13124.2 MiB
8,Python 3.11.3,binarytrees_compatible_all.py 21,44,1694249002,1248239,python,0:51.81,23868,15680,6624,100.0,0.1,1,5,0:51,0,4,10228,0,8285,0,15680,310,2,278,30,0,12.8,1.5,0.0,85.7,0.0,0.0,0.0,0.0,15794.9 MiB,3587.9 MiB,2029.4 MiB,10177.6 MiB,4096.0 MiB,3681.5 MiB,414.5 MiB,13124.0 MiB
8,Python 3.11.3,binarytrees_compatible_all.py 21,45,1694249003,1248239,python,0:52.98,23868,15680,6624,93.8,0.1,1,1,0:52,0,4,10228,0,8296,0,15680,310,2,278,30,0,12.8,1.5,0.0,85.7,0.0,0.0,0.0,0.0,15794.9 MiB,3587.6 MiB,2029.6 MiB,10177.6 MiB,4096.0 MiB,3681.5 MiB,414.5 MiB,13123.7 MiB
8,Python 3.11.3,binarytrees_compatible_all.py 21,46,1694249004,1248239,python,0:54.16,23868,15680,6624,100.0,0.1,1,5,0:54,0,4,10228,0,8317,0,15680,310,2,278,30,0,12.1,1.5,0.0,86.4,0.0,0.0,0.0,0.0,15794.9 MiB,3587.1 MiB,2030.1 MiB,10177.6 MiB,4096.0 MiB,3681.5 MiB,414.5 MiB,13123.2 MiB
8,Python 3.11.3,binarytrees_compatible_all.py 21,47,1694249005,1248239,python,0:55.34,23868,15680,6624,100.0,0.1,1,5,0:55,0,4,10228,0,8329,0,15680,310,2,278,30,0,14.2,0.7,0.0,85.1,0.0,0.0,0.0,0.0,15794.9 MiB,3587.1 MiB,2030.1 MiB,10177.6 MiB,4096.0 MiB,3681.5 MiB,414.5 MiB,13123.2 MiB
8,Python 3.11.3,binarytrees_compatible_all.py 21,48,1694249006,1248239,python,0:56.51,23868,15680,6624,100.0,0.1,1,5,0:56,0,4,10228,0,8329,0,15680,310,2,278,30,0,14.3,0.0,0.0,85.7,0.0,0.0,0.0,0.0,15794.9 MiB,3587.4 MiB,2029.8 MiB,10177.7 MiB,4096.0 MiB,3681.5 MiB,414.5 MiB,13123.5 MiB
8,Python 3.11.3,binarytrees_compatible_all.py 21,49,1694249008,1248239,python,0:57.69,23868,15680,6624,100.0,0.1,1,5,0:57,0,4,10228,0,8329,0,15680,310,2,278,30,0,13.5,0.8,0.0,85.7,0.0,0.0,0.0,0.0,15794.9 MiB,3586.9 MiB,2030.3 MiB,10177.7 MiB,4096.0 MiB,3681.5 MiB,414.5 MiB,13123.0 MiB
8,Python 3.11.3,binarytrees_compatible_all.py 21,50,1694249009,1248239,python,0:58.86,23868,15680,6624,100.0,0.1,1,5,0:58,0,4,10228,0,8329,0,15680,310,2,278,30,0,12.8,0.8,0.0,85.7,0.8,0.0,0.0,0.0,15794.9 MiB,3587.6 MiB,2029.6 MiB,10177.7 MiB,4096.0 MiB,3681.5 MiB,414.5 MiB,13123.7 MiB
8,Python 3.11.3,binarytrees_compatible_all.py 21,51,1694249010,1248239,python,1:00.04,24892,15680,6624,100.0,0.1,1,5,1:00,0,4,11252,0,8333,0,15680,310,2,278,30,0,12.2,0.8,0.0,87.0,0.0,0.0,0.0,0.0,15794.9 MiB,3587.9 MiB,2029.3 MiB,10177.7 MiB,4096.0 MiB,3681.5 MiB,414.5 MiB,13124.0 MiB
8,Python 3.11.3,binarytrees_compatible_all.py 21,52,1694249011,1248239,python,1:01.21,24892,15680,6624,100.0,0.1,1,5,1:01,0,4,11252,0,8339,0,15680,310,2,278,30,0,12.1,2.3,0.0,85.6,0.0,0.0,0.0,0.0,15794.9 MiB,3588.1 MiB,2029.1 MiB,10177.7 MiB,4096.0 MiB,3681.5 MiB,414.5 MiB,13124.2 MiB
8,Python 3.11.3,binarytrees_compatible_all.py 21,53,1694249012,1248239,python,1:02.39,24892,15680,6624,100.0,0.1,1,5,1:02,0,4,11252,0,8344,0,15680,310,2,278,30,0,12.9,0.8,0.0,86.4,0.0,0.0,0.0,0.0,15794.9 MiB,3587.6 MiB,2029.6 MiB,10177.7 MiB,4096.0 MiB,3681.5 MiB,414.5 MiB,13123.8 MiB
8,Python 3.11.3,binarytrees_compatible_all.py 21,54,1694249013,1248239,python,1:03.56,24892,15940,6624,93.8,0.1,1,5,1:03,0,4,11252,0,8349,0,15940,310,2,278,30,0,12.8,0.8,0.0,86.5,0.0,0.0,0.0,0.0,15794.9 MiB,3587.6 MiB,2029.6 MiB,10177.7 MiB,4096.0 MiB,3681.5 MiB,414.5 MiB,13123.8 MiB
8,Python 3.11.3,binarytrees_compatible_all.py 21,55,1694249015,1248239,python,1:04.74,24892,15940,6624,100.0,0.1,1,5,1:04,0,4,11252,0,8354,0,15940,310,2,278,30,0,13.5,0.8,0.0,85.0,0.8,0.0,0.0,0.0,15794.9 MiB,3587.6 MiB,2029.6 MiB,10177.7 MiB,4096.0 MiB,3681.5 MiB,414.5 MiB,13123.8 MiB
8,Python 3.11.3,binarytrees_compatible_all.py 21,56,1694249016,1248239,python,1:05.91,24892,15940,6624,100.0,0.1,1,5,1:05,0,4,11252,0,8359,0,15940,310,2,278,30,0,12.7,2.2,0.0,85.1,0.0,0.0,0.0,0.0,15794.9 MiB,3587.6 MiB,2029.6 MiB,10177.7 MiB,4096.0 MiB,3681.5 MiB,414.5 MiB,13123.8 MiB
8,Python 3.11.3,binarytrees_compatible_all.py 21,57,1694249017,1248239,python,1:07.09,24892,15940,6624,100.0,0.1,1,5,1:07,0,4,11252,0,8365,0,15940,310,2,278,30,0,12.2,0.8,0.0,87.0,0.0,0.0,0.0,0.0,15794.9 MiB,3587.4 MiB,2029.8 MiB,10177.7 MiB,4096.0 MiB,3681.5 MiB,414.5 MiB,13123.5 MiB
8,Python 3.11.3,binarytrees_compatible_all.py 21,58,1694249018,1248239,python,1:08.26,24892,15940,6624,93.8,0.1,1,5,1:08,0,4,11252,0,8370,0,15940,310,2,278,30,0,13.5,1.5,0.0,83.5,1.5,0.0,0.0,0.0,15794.9 MiB,3585.6 MiB,2030.8 MiB,10178.4 MiB,4096.0 MiB,3681.5 MiB,414.5 MiB,13122.6 MiB
8,Python 3.11.3,binarytrees_compatible_all.py 21,59,1694249019,1248239,python,1:09.44,27964,19900,6624,100.0,0.1,1,5,1:09,0,4,14324,0,9337,0,19900,310,2,278,30,0,12.8,0.8,0.0,86.5,0.0,0.0,0.0,0.0,15794.9 MiB,3582.9 MiB,2033.5 MiB,10178.4 MiB,4096.0 MiB,3681.5 MiB,414.5 MiB,13119.9 MiB
8,Python 3.11.3,binarytrees_compatible_all.py 21,60,1694249021,1248239,python,1:10.62,27964,19900,6624,100.0,0.1,1,5,1:10,0,4,14324,0,9337,0,19900,310,2,278,30,0,13.4,0.7,0.0,85.8,0.0,0.0,0.0,0.0,15794.9 MiB,3584.2 MiB,2032.1 MiB,10178.6 MiB,4096.0 MiB,3681.5 MiB,414.5 MiB,13121.2 MiB
8,Python 3.11.3,binarytrees_compatible_all.py 21,61,1694249022,1248239,python,1:11.79,27964,19900,6624,100.0,0.1,1,1,1:11,0,4,14324,0,9337,0,19900,310,2,278,30,0,13.5,0.8,0.0,85.7,0.0,0.0,0.0,0.0,15794.9 MiB,3583.7 MiB,2032.6 MiB,10178.6 MiB,4096.0 MiB,3681.5 MiB,414.5 MiB,13120.7 MiB
8,Python 3.11.3,binarytrees_compatible_all.py 21,62,1694249023,1248239,python,1:12.97,27964,19900,6624,100.0,0.1,1,1,1:12,0,4,14324,0,9337,0,19900,310,2,278,30,0,13.4,1.5,0.0,85.1,0.0,0.0,0.0,0.0,15794.9 MiB,3583.2 MiB,2033.1 MiB,10178.6 MiB,4096.0 MiB,3681.5 MiB,414.5 MiB,13120.2 MiB
8,Python 3.11.3,binarytrees_compatible_all.py 21,63,1694249024,1248239,python,1:14.14,27964,19900,6624,100.0,0.1,1,5,1:14,0,4,14324,0,9337,0,19900,310,2,278,30,0,13.5,0.8,0.0,85.7,0.0,0.0,0.0,0.0,15794.9 MiB,3582.9 MiB,2033.4 MiB,10178.6 MiB,4096.0 MiB,3681.5 MiB,414.5 MiB,13120.0 MiB
8,Python 3.11.3,binarytrees_compatible_all.py 21,64,1694249025,1248239,python,1:15.32,27964,19900,6624,100.0,0.1,1,5,1:15,0,4,14324,0,9337,0,19900,310,2,278,30,0,13.5,0.8,0.0,85.7,0.0,0.0,0.0,0.0,15794.9 MiB,3583.2 MiB,2033.1 MiB,10178.6 MiB,4096.0 MiB,3681.5 MiB,414.5 MiB,13120.2 MiB
8,Python 3.11.3,binarytrees_compatible_all.py 21,65,1694249026,1248239,python,1:16.49,27964,19900,6624,100.0,0.1,1,1,1:16,0,4,14324,0,9337,0,19900,310,2,278,30,0,12.9,0.8,0.0,86.4,0.0,0.0,0.0,0.0,15794.9 MiB,3583.4 MiB,2032.9 MiB,10178.6 MiB,4096.0 MiB,3681.5 MiB,414.5 MiB,13120.5 MiB
8,Python 3.11.3,binarytrees_compatible_all.py 21,66,1694249028,1248239,python,1:17.66,27964,19900,6624,93.8,0.1,1,1,1:17,0,4,14324,0,9337,0,19900,310,2,278,30,0,13.5,0.8,0.0,85.7,0.0,0.0,0.0,0.0,15794.9 MiB,3583.2 MiB,2033.1 MiB,10178.6 MiB,4096.0 MiB,3681.5 MiB,414.5 MiB,13120.2 MiB
8,Python 3.11.3,binarytrees_compatible_all.py 21,67,1694249029,1248239,python,1:18.84,27964,19900,6624,100.0,0.1,1,1,1:18,0,4,14324,0,9337,0,19900,310,2,278,30,0,12.2,0.8,0.0,86.3,0.8,0.0,0.0,0.0,15794.9 MiB,3582.9 MiB,2033.3 MiB,10178.6 MiB,4096.0 MiB,3681.5 MiB,414.5 MiB,13120.0 MiB
8,Python 3.11.3,binarytrees_compatible_all.py 21,68,1694249030,1248239,python,1:20.02,27964,19900,6624,100.0,0.1,1,1,1:20,0,4,14324,0,9337,0,19900,310,2,278,30,0,13.4,1.5,0.0,85.1,0.0,0.0,0.0,0.0,15794.9 MiB,3583.4 MiB,2032.8 MiB,10178.6 MiB,4096.0 MiB,3681.5 MiB,414.5 MiB,13120.5 MiB
8,Python 3.11.3,binarytrees_compatible_all.py 21,69,1694249031,1248239,python,1:21.20,27964,19900,6624,94.1,0.1,1,1,1:21,0,4,14324,0,9337,0,19900,310,2,278,30,0,12.9,1.4,0.0,85.7,0.0,0.0,0.0,0.0,15794.9 MiB,3583.9 MiB,2032.4 MiB,10178.6 MiB,4096.0 MiB,3681.5 MiB,414.5 MiB,13121.0 MiB
8,Python 3.11.3,binarytrees_compatible_all.py 21,70,1694249032,1248239,python,1:22.38,27964,19900,6624,100.0,0.1,1,1,1:22,0,4,14324,0,9337,0,19900,310,2,278,30,0,13.4,0.7,0.0,85.8,0.0,0.0,0.0,0.0,15794.9 MiB,3583.9 MiB,2032.4 MiB,10178.6 MiB,4096.0 MiB,3681.5 MiB,414.5 MiB,13121.0 MiB
8,Python 3.11.3,binarytrees_compatible_all.py 21,71,1694249033,1248239,python,1:23.56,27964,19900,6624,100.0,0.1,1,1,1:23,0,4,14324,0,9337,0,19900,310,2,278,30,0,12.9,0.8,0.0,86.4,0.0,0.0,0.0,0.0,15794.9 MiB,3583.7 MiB,2032.6 MiB,10178.6 MiB,4096.0 MiB,3681.5 MiB,414.5 MiB,13120.7 MiB
8,Python 3.11.3,binarytrees_compatible_all.py 21,72,1694249035,1248239,python,1:24.73,44348,35820,6624,93.8,0.2,1,1,1:24,0,4,30708,0,30k,0,35820,310,2,278,30,0,13.6,0.8,0.0,84.8,0.8,0.0,0.0,0.0,15794.9 MiB,3575.3 MiB,2041.0 MiB,10178.6 MiB,4096.0 MiB,3681.5 MiB,414.5 MiB,13112.4 MiB
8,Python 3.11.3,binarytrees_compatible_all.py 21,73,1694249036,1248239,python,1:25.91,44348,35820,6624,100.0,0.2,1,5,1:25,0,4,30708,0,30k,0,35820,310,2,278,30,0,12.7,1.5,0.0,85.8,0.0,0.0,0.0,0.0,15794.9 MiB,3574.8 MiB,2041.4 MiB,10178.6 MiB,4096.0 MiB,3681.5 MiB,414.5 MiB,13111.9 MiB
8,Python 3.11.3,binarytrees_compatible_all.py 21,74,1694249037,1248239,python,1:27.08,44348,35820,6624,93.8,0.2,1,5,1:27,0,4,30708,0,30k,0,35820,310,2,278,30,0,12.0,1.5,0.0,86.5,0.0,0.0,0.0,0.0,15794.9 MiB,3575.3 MiB,2040.9 MiB,10178.6 MiB,4096.0 MiB,3681.5 MiB,414.5 MiB,13112.4 MiB
8,Python 3.11.3,binarytrees_compatible_all.py 21,75,1694249038,1248239,python,1:28.26,44348,35820,6624,100.0,0.2,1,5,1:28,0,4,30708,0,30k,0,35820,310,2,278,30,0,13.0,0.0,0.0,87.0,0.0,0.0,0.0,0.0,15794.9 MiB,3574.8 MiB,2041.4 MiB,10178.6 MiB,4096.0 MiB,3681.5 MiB,414.5 MiB,13111.9 MiB
8,Python 3.11.3,binarytrees_compatible_all.py 21,76,1694249039,1248239,python,1:29.44,44348,35820,6624,100.0,0.2,1,5,1:29,0,4,30708,0,30k,0,35820,310,2,278,30,0,13.4,1.5,0.0,85.1,0.0,0.0,0.0,0.0,15794.9 MiB,3575.1 MiB,2041.2 MiB,10178.6 MiB,4096.0 MiB,3681.5 MiB,414.5 MiB,13112.1 MiB
8,Python 3.11.3,binarytrees_compatible_all.py 21,77,1694249041,1248239,python,1:30.61,44348,35820,6624,100.0,0.2,1,1,1:30,0,4,30708,0,30k,0,35820,310,2,278,30,0,13.5,0.8,0.0,85.0,0.8,0.0,0.0,0.0,15794.9 MiB,3574.8 MiB,2041.6 MiB,10178.4 MiB,4096.0 MiB,3681.5 MiB,414.5 MiB,13111.9 MiB
8,Python 3.11.3,binarytrees_compatible_all.py 21,78,1694249042,1248239,python,1:31.78,44348,35820,6624,100.0,0.2,1,1,1:31,0,4,30708,0,30k,0,35820,310,2,278,30,0,13.4,1.5,0.0,85.1,0.0,0.0,0.0,0.0,15794.9 MiB,3574.8 MiB,2041.6 MiB,10178.4 MiB,4096.0 MiB,3681.5 MiB,414.5 MiB,13111.9 MiB
8,Python 3.11.3,binarytrees_compatible_all.py 21,79,1694249043,1248239,python,1:32.96,44348,35820,6624,100.0,0.2,1,5,1:32,0,4,30708,0,30k,0,35820,310,2,278,30,0,12.8,1.5,0.0,85.7,0.0,0.0,0.0,0.0,15794.9 MiB,3574.8 MiB,2041.6 MiB,10178.4 MiB,4096.0 MiB,3681.5 MiB,414.5 MiB,13111.9 MiB
8,Python 3.11.3,binarytrees_compatible_all.py 21,80,1694249044,1248239,python,1:34.13,44348,35820,6624,100.0,0.2,1,5,1:34,0,4,30708,0,30k,0,35820,310,2,278,30,0,12.8,1.5,0.0,85.7,0.0,0.0,0.0,0.0,15794.9 MiB,3576.4 MiB,2040.0 MiB,10178.4 MiB,4096.0 MiB,3681.5 MiB,414.5 MiB,13113.5 MiB
8,Python 3.11.3,binarytrees_compatible_all.py 21,81,1694249045,1248239,python,1:35.31,44348,35820,6624,100.0,0.2,1,5,1:35,0,4,30708,0,30k,0,35820,310,2,278,30,0,13.4,1.5,0.0,85.1,0.0,0.0,0.0,0.0,15794.9 MiB,3576.3 MiB,2040.1 MiB,10178.4 MiB,4096.0 MiB,3681.5 MiB,414.5 MiB,13113.4 MiB
8,Python 3.11.3,binarytrees_compatible_all.py 21,82,1694249046,1248239,python,1:36.49,44348,35820,6624,100.0,0.2,1,5,1:36,0,4,30708,0,30k,0,35820,310,2,278,30,0,13.4,0.7,0.0,85.8,0.0,0.0,0.0,0.0,15794.9 MiB,3576.1 MiB,2040.4 MiB,10178.4 MiB,4096.0 MiB,3681.5 MiB,414.5 MiB,13113.2 MiB
8,Python 3.11.3,binarytrees_compatible_all.py 21,83,1694249048,1248239,python,1:37.66,44348,35820,6624,100.0,0.2,1,1,1:37,0,4,30708,0,30k,0,35820,310,2,278,30,0,12.8,1.5,0.0,85.7,0.0,0.0,0.0,0.0,15794.9 MiB,3575.6 MiB,2040.9 MiB,10178.4 MiB,4096.0 MiB,3681.5 MiB,414.5 MiB,13112.7 MiB
8,Python 3.11.3,binarytrees_compatible_all.py 21,84,1694249049,1248239,python,1:38.83,44348,35820,6624,93.8,0.2,1,1,1:38,0,4,30708,0,30k,0,35820,310,2,278,30,0,12.9,0.8,0.0,86.4,0.0,0.0,0.0,0.0,15794.9 MiB,3576.1 MiB,2040.4 MiB,10178.4 MiB,4096.0 MiB,3681.5 MiB,414.5 MiB,13113.2 MiB
8,Python 3.11.3,binarytrees_compatible_all.py 21,85,1694249050,1248239,python,1:40.01,98620,89220,6624,93.8,0.6,1,1,1:40,0,4,84980,0,74k,0,89220,310,2,278,30,0,11.4,2.3,0.0,86.4,0.0,0.0,0.0,0.0,15794.9 MiB,3530.1 MiB,2086.4 MiB,10178.4 MiB,4096.0 MiB,3681.5 MiB,414.5 MiB,13067.1 MiB
8,Python 3.11.3,binarytrees_compatible_all.py 21,86,1694249051,1248239,python,1:41.19,83260,74124,6624,100.0,0.5,1,1,1:41,0,4,69620,0,147k,0,74124,310,2,278,30,0,14.2,0.7,0.0,85.1,0.0,0.0,0.0,0.0,15794.9 MiB,3543.4 MiB,2073.1 MiB,10178.4 MiB,4096.0 MiB,3681.5 MiB,414.5 MiB,13080.5 MiB
8,Python 3.11.3,binarytrees_compatible_all.py 21,87,1694249052,1248239,python,1:42.36,82236,73212,6624,100.0,0.5,1,5,1:42,0,4,68596,0,212k,0,73212,310,2,278,30,0,12.1,1.5,0.0,86.4,0.0,0.0,0.0,0.0,15794.9 MiB,3536.3 MiB,2080.2 MiB,10178.4 MiB,4096.0 MiB,3681.5 MiB,414.5 MiB,13073.3 MiB
8,Python 3.11.3,binarytrees_compatible_all.py 21,88,1694249053,1248239,python,1:43.54,87356,77916,6624,100.0,0.5,1,5,1:43,0,4,73716,0,269k,0,77916,310,2,278,30,0,12.8,1.5,0.0,85.7,0.0,0.0,0.0,0.0,15794.9 MiB,3535.0 MiB,2081.5 MiB,10178.4 MiB,4096.0 MiB,3681.5 MiB,414.5 MiB,13072.1 MiB
8,Python 3.11.3,binarytrees_compatible_all.py 21,89,1694249055,1248239,python,1:44.71,99644,89676,6624,93.8,0.6,1,1,1:44,0,4,86004,0,318k,0,89676,310,2,278,30,0,10.6,3.0,0.0,86.4,0.0,0.0,0.0,0.0,15794.9 MiB,3516.8 MiB,2099.6 MiB,10178.4 MiB,4096.0 MiB,3681.5 MiB,414.5 MiB,13053.9 MiB
8,Python 3.11.3,binarytrees_compatible_all.py 21,90,1694249056,1248239,python,1:45.88,94524,84688,6624,100.0,0.5,1,1,1:45,0,4,80884,0,356k,0,84688,310,2,278,30,0,12.8,1.5,0.0,85.7,0.0,0.0,0.0,0.0,15794.9 MiB,3512.2 MiB,2104.2 MiB,10178.4 MiB,4096.0 MiB,3681.5 MiB,414.5 MiB,13049.3 MiB
8,Python 3.11.3,binarytrees_compatible_all.py 21,91,1694249057,1248239,python,1:47.06,95548,85696,6624,100.0,0.5,1,5,1:47,0,4,81908,0,382k,0,85696,310,2,278,30,0,12.9,0.8,0.0,86.4,0.0,0.0,0.0,0.0,15794.9 MiB,3515.1 MiB,2101.3 MiB,10178.4 MiB,4096.0 MiB,3681.5 MiB,414.5 MiB,13052.2 MiB
8,Python 3.11.3,binarytrees_compatible_all.py 21,92,1694249058,1248239,python,1:48.23,100668,90736,6624,100.0,0.6,1,5,1:48,0,4,87028,0,399k,0,90736,310,2,278,30,0,13.5,0.8,0.0,85.7,0.0,0.0,0.0,0.0,15794.9 MiB,3512.6 MiB,2103.8 MiB,10178.4 MiB,4096.0 MiB,3681.5 MiB,414.5 MiB,13049.7 MiB
8,Python 3.11.3,binarytrees_compatible_all.py 21,93,1694249059,1248239,python,1:49.41,106812,96564,6624,100.0,0.6,1,5,1:49,0,4,93172,0,404k,0,96564,310,2,278,30,0,12.2,0.8,0.0,87.0,0.0,0.0,0.0,0.0,15794.9 MiB,3512.3 MiB,2104.1 MiB,10178.4 MiB,4096.0 MiB,3681.5 MiB,414.5 MiB,13049.5 MiB
8,Python 3.11.3,binarytrees_compatible_all.py 21,94,1694249061,1248239,python,1:50.58,106812,97308,6624,100.0,0.6,1,5,1:50,0,4,93172,0,405k,0,97308,310,2,278,30,0,13.4,0.7,0.0,85.8,0.0,0.0,0.0,0.0,15794.9 MiB,3510.9 MiB,2105.5 MiB,10178.5 MiB,4096.0 MiB,3681.5 MiB,414.5 MiB,13048.0 MiB
8,Python 3.11.3,binarytrees_compatible_all.py 21,95,1694249062,1248239,python,1:51.76,106812,97308,6624,100.0,0.6,1,5,1:51,0,4,93172,0,405k,0,97308,310,2,278,30,0,12.9,0.8,0.0,86.4,0.0,0.0,0.0,0.0,15794.9 MiB,3510.9 MiB,2105.5 MiB,10178.5 MiB,4096.0 MiB,3681.5 MiB,414.5 MiB,13048.0 MiB
8,Python 3.11.3,binarytrees_compatible_all.py 21,96,1694249063,1248239,python,1:52.93,106812,97308,6624,100.0,0.6,1,5,1:52,0,4,93172,0,405k,0,97308,310,2,278,30,0,12.9,0.8,0.0,86.4,0.0,0.0,0.0,0.0,15794.9 MiB,3511.1 MiB,2105.3 MiB,10178.5 MiB,4096.0 MiB,3681.5 MiB,414.5 MiB,13048.2 MiB
8,Python 3.11.3,binarytrees_compatible_all.py 21,97,1694249064,1248239,python,1:54.11,106812,97308,6624,100.0,0.6,1,5,1:54,0,4,93172,0,405k,0,97308,310,2,278,30,0,12.9,0.8,0.0,86.4,0.0,0.0,0.0,0.0,15794.9 MiB,3510.6 MiB,2105.8 MiB,10178.5 MiB,4096.0 MiB,3681.5 MiB,414.5 MiB,13047.7 MiB
8,Python 3.11.3,binarytrees_compatible_all.py 21,98,1694249065,1248239,python,1:55.28,106812,97308,6624,93.8,0.6,1,5,1:55,0,4,93172,0,405k,0,97308,310,2,278,30,0,12.7,1.5,0.0,85.8,0.0,0.0,0.0,0.0,15794.9 MiB,3510.6 MiB,2105.8 MiB,10178.5 MiB,4096.0 MiB,3681.5 MiB,414.5 MiB,13047.7 MiB
8,Python 3.11.3,binarytrees_compatible_all.py 21,99,1694249066,1248239,python,1:56.46,224572,212444,6624,93.8,1.3,1,5,1:56,0,4,210932,0,491k,0,212444,310,2,278,30,0,12.1,1.5,0.0,86.4,0.0,0.0,0.0,0.0,15794.9 MiB,3402.3 MiB,2214.1 MiB,10178.5 MiB,4096.0 MiB,3681.5 MiB,414.5 MiB,12939.5 MiB
8,Python 3.11.3,binarytrees_compatible_all.py 21,100,1694249068,1248239,python,1:57.64,286012,273644,6624,100.0,1.7,1,5,1:57,0,4,272372,0,584k,0,273644,310,2,278,30,0,11.9,3.0,0.0,85.1,0.0,0.0,0.0,0.0,15794.9 MiB,3343.3 MiB,2273.1 MiB,10178.5 MiB,4096.0 MiB,3681.5 MiB,414.5 MiB,12880.4 MiB
8,Python 3.11.3,binarytrees_compatible_all.py 21,101,1694249069,1248239,python,1:58.81,348476,334580,6624,100.0,2.1,1,5,1:58,0,4,334836,0,677k,0,334580,310,2,278,30,0,12.8,1.5,0.0,85.7,0.0,0.0,0.0,0.0,15794.9 MiB,3283.0 MiB,2333.4 MiB,10178.5 MiB,4096.0 MiB,3681.5 MiB,414.5 MiB,12820.1 MiB
8,Python 3.11.3,binarytrees_compatible_all.py 21,102,1694249070,1248239,python,1:59.98,207164,196296,6624,93.8,1.2,1,5,1:59,0,4,193524,0,756k,0,196296,310,2,278,30,0,10.7,3.1,0.0,86.3,0.0,0.0,0.0,0.0,15794.9 MiB,3393.4 MiB,2223.0 MiB,10178.5 MiB,4096.0 MiB,3681.5 MiB,414.5 MiB,12930.5 MiB
8,Python 3.11.3,binarytrees_compatible_all.py 21,103,1694249071,1248239,python,2:01.16,195900,185208,6624,93.8,1.1,1,5,2:01,0,4,182260,0,833k,0,185208,310,2,278,30,0,12.2,0.8,0.0,87.0,0.0,0.0,0.0,0.0,15794.9 MiB,3414.5 MiB,2201.9 MiB,10178.5 MiB,4096.0 MiB,3681.5 MiB,414.5 MiB,12951.6 MiB
8,Python 3.11.3,binarytrees_compatible_all.py 21,104,1694249072,1248239,python,2:02.33,221500,209972,6624,93.8,1.3,1,5,2:02,0,4,207860,0,915k,0,209972,310,2,278,30,0,13.6,0.8,0.0,85.6,0.0,0.0,0.0,0.0,15794.9 MiB,3402.1 MiB,2214.3 MiB,10178.5 MiB,4096.0 MiB,3681.5 MiB,414.5 MiB,12939.3 MiB
8,Python 3.11.3,binarytrees_compatible_all.py 21,105,1694249073,1248239,python,2:03.51,286012,273548,6624,93.8,1.7,1,1,2:03,0,4,272372,0,1.0m,0,273548,310,2,278,30,0,11.9,3.0,0.0,85.2,0.0,0.0,0.0,0.0,15794.9 MiB,3345.2 MiB,2271.1 MiB,10178.5 MiB,4096.0 MiB,3681.5 MiB,414.5 MiB,12882.4 MiB
8,Python 3.11.3,binarytrees_compatible_all.py 21,106,1694249075,1248239,python,2:04.69,349500,335540,6624,100.0,2.1,1,1,2:04,0,4,335860,0,1.1m,0,335540,310,2,278,30,0,11.3,3.0,0.0,85.7,0.0,0.0,0.0,0.0,15794.9 MiB,3283.5 MiB,2332.9 MiB,10178.5 MiB,4096.0 MiB,3681.5 MiB,414.5 MiB,12820.6 MiB
8,Python 3.11.3,binarytrees_compatible_all.py 21,107,1694249076,1248239,python,2:05.86,207164,195288,6624,100.0,1.2,1,1,2:05,0,4,193524,0,1.1m,0,195288,310,2,278,30,0,12.0,2.3,0.0,85.7,0.0,0.0,0.0,0.0,15794.9 MiB,3395.6 MiB,2220.8 MiB,10178.5 MiB,4096.0 MiB,3681.5 MiB,414.5 MiB,12932.7 MiB
8,Python 3.11.3,binarytrees_compatible_all.py 21,108,1694249077,1248239,python,2:07.04,205116,194280,6624,100.0,1.2,1,1,2:07,0,4,191476,0,1.2m,0,194280,310,2,278,30,0,12.9,0.8,0.0,86.4,0.0,0.0,0.0,0.0,15794.9 MiB,3408.8 MiB,2207.6 MiB,10178.5 MiB,4096.0 MiB,3681.5 MiB,414.5 MiB,12945.9 MiB
8,Python 3.11.3,binarytrees_compatible_all.py 21,109,1694249078,1248239,python,2:08.21,227644,215612,6624,100.0,1.3,1,5,2:08,0,4,214004,0,1.3m,0,215612,310,2,278,30,0,12.9,0.8,0.0,86.4,0.0,0.0,0.0,0.0,15794.9 MiB,3401.1 MiB,2215.3 MiB,10178.5 MiB,4096.0 MiB,3681.5 MiB,414.5 MiB,12938.3 MiB
8,Python 3.11.3,binarytrees_compatible_all.py 21,110,1694249079,1248239,python,2:09.38,294204,281828,6624,93.8,1.7,1,5,2:09,0,4,280564,0,1.4m,0,281828,310,2,278,30,0,10.5,3.8,0.0,85.7,0.0,0.0,0.0,0.0,15794.9 MiB,3336.4 MiB,2280.0 MiB,10178.5 MiB,4096.0 MiB,3681.5 MiB,414.5 MiB,12873.5 MiB
8,Python 3.11.3,binarytrees_compatible_all.py 21,111,1694249080,1248239,python,2:10.56,348476,335400,6624,100.0,2.1,1,5,2:10,0,4,334836,0,1.5m,0,335400,310,2,278,30,0,11.3,2.3,0.0,86.5,0.0,0.0,0.0,0.0,15794.9 MiB,3273.4 MiB,2343.0 MiB,10178.5 MiB,4096.0 MiB,3681.5 MiB,414.5 MiB,12810.5 MiB
8,Python 3.11.3,binarytrees_compatible_all.py 21,112,1694249082,1248239,python,2:11.73,206140,195288,6624,93.8,1.2,1,5,2:11,0,4,192500,0,1.5m,0,195288,310,2,278,30,0,11.4,2.3,0.0,85.6,0.8,0.0,0.0,0.0,15794.9 MiB,3408.8 MiB,2207.6 MiB,10178.5 MiB,4096.0 MiB,3681.5 MiB,414.5 MiB,12945.9 MiB
9,Python 3.11.3,binarytrees_compatible_all.py 21,0,1694249083,1248983,python,0:00.11,35120,26664,6752,68.8,0.2,1,7,0:00,0,4,21480,0,6203,0,26664,310,2,278,30,0,18.8,7.5,0.0,73.7,0.0,0.0,0.0,0.0,15794.9 MiB,3579.5 MiB,2029.9 MiB,10185.4 MiB,4096.0 MiB,3681.5 MiB,414.5 MiB,13116.7 MiB
9,Python 3.11.3,binarytrees_compatible_all.py 21,1,1694249084,1248983,python,0:01.29,35120,26664,6752,100.0,0.2,1,7,0:01,0,4,21480,0,6203,0,26664,310,2,278,30,0,12.9,0.8,0.0,86.4,0.0,0.0,0.0,0.0,15794.9 MiB,3578.8 MiB,2030.4 MiB,10185.6 MiB,4096.0 MiB,3681.5 MiB,414.5 MiB,13116.0 MiB
9,Python 3.11.3,binarytrees_compatible_all.py 21,2,1694249085,1248983,python,0:02.46,35120,26664,6752,100.0,0.2,1,7,0:02,0,4,21480,0,6203,0,26664,310,2,278,30,0,14.2,0.7,0.0,85.1,0.0,0.0,0.0,0.0,15794.9 MiB,3578.8 MiB,2037.2 MiB,10178.9 MiB,4096.0 MiB,3681.5 MiB,414.5 MiB,13116.0 MiB
9,Python 3.11.3,binarytrees_compatible_all.py 21,3,1694249086,1248983,python,0:03.64,35120,26664,6752,100.0,0.2,1,7,0:03,0,4,21480,0,6203,0,26664,310,2,278,30,0,12.8,1.5,0.0,85.7,0.0,0.0,0.0,0.0,15794.9 MiB,3579.5 MiB,2036.7 MiB,10178.6 MiB,4096.0 MiB,3681.5 MiB,414.5 MiB,13116.7 MiB
9,Python 3.11.3,binarytrees_compatible_all.py 21,4,1694249088,1248983,python,0:04.81,35120,26664,6752,100.0,0.2,1,3,0:04,0,4,21480,0,6203,0,26664,310,2,278,30,0,12.8,1.5,0.0,85.0,0.8,0.0,0.0,0.0,15794.9 MiB,3579.5 MiB,2036.7 MiB,10178.7 MiB,4096.0 MiB,3681.5 MiB,414.5 MiB,13116.7 MiB
9,Python 3.11.3,binarytrees_compatible_all.py 21,5,1694249089,1248983,python,0:05.99,35120,26664,6752,100.0,0.2,1,3,0:05,0,4,21480,0,6203,0,26664,310,2,278,30,0,14.3,0.0,0.0,85.7,0.0,0.0,0.0,0.0,15794.9 MiB,3579.1 MiB,2037.2 MiB,10178.7 MiB,4096.0 MiB,3681.5 MiB,414.5 MiB,13116.2 MiB
9,Python 3.11.3,binarytrees_compatible_all.py 21,6,1694249090,1248983,python,0:07.16,35120,26664,6752,93.8,0.2,1,7,0:07,0,4,21480,0,6203,0,26664,310,2,278,30,0,12.9,0.8,0.0,86.4,0.0,0.0,0.0,0.0,15794.9 MiB,3579.1 MiB,2037.2 MiB,10178.7 MiB,4096.0 MiB,3681.5 MiB,414.5 MiB,13116.2 MiB
9,Python 3.11.3,binarytrees_compatible_all.py 21,7,1694249091,1248983,python,0:08.34,35120,26664,6752,100.0,0.2,1,3,0:08,0,4,21480,0,6203,0,26664,310,2,278,30,0,14.1,1.5,0.0,84.4,0.0,0.0,0.0,0.0,15794.9 MiB,3579.1 MiB,2037.2 MiB,10178.7 MiB,4096.0 MiB,3681.5 MiB,414.5 MiB,13116.2 MiB
9,Python 3.11.3,binarytrees_compatible_all.py 21,8,1694249092,1248983,python,0:09.51,35120,26664,6752,93.8,0.2,1,3,0:09,0,4,21480,0,6203,0,26664,310,2,278,30,0,13.5,0.8,0.0,85.7,0.0,0.0,0.0,0.0,15794.9 MiB,3577.8 MiB,2038.4 MiB,10178.7 MiB,4096.0 MiB,3681.5 MiB,414.5 MiB,13115.0 MiB
9,Python 3.11.3,binarytrees_compatible_all.py 21,9,1694249093,1248983,python,0:10.69,35120,26664,6752,100.0,0.2,1,3,0:10,0,4,21480,0,6203,0,26664,310,2,278,30,0,13.3,1.5,0.0,84.4,0.7,0.0,0.0,0.0,15794.9 MiB,3578.1 MiB,2038.1 MiB,10178.7 MiB,4096.0 MiB,3681.5 MiB,414.5 MiB,13115.3 MiB
9,Python 3.11.3,binarytrees_compatible_all.py 21,10,1694249095,1248983,python,0:11.87,35120,26664,6752,100.0,0.2,1,3,0:11,0,4,21480,0,6203,0,26664,310,2,278,30,0,12.8,1.5,0.0,85.7,0.0,0.0,0.0,0.0,15794.9 MiB,3577.3 MiB,2038.9 MiB,10178.7 MiB,4096.0 MiB,3681.5 MiB,414.5 MiB,13114.5 MiB
9,Python 3.11.3,binarytrees_compatible_all.py 21,11,1694249096,1248983,python,0:13.04,22844,14488,6752,100.0,0.1,1,3,0:13,0,4,9204,0,7231,0,14488,310,2,278,30,0,12.9,0.8,0.0,86.4,0.0,0.0,0.0,0.0,15794.9 MiB,3591.1 MiB,2025.1 MiB,10178.7 MiB,4096.0 MiB,3681.5 MiB,414.5 MiB,13128.3 MiB
9,Python 3.11.3,binarytrees_compatible_all.py 21,12,1694249097,1248983,python,0:14.22,22844,14488,6752,100.0,0.1,1,3,0:14,0,4,9204,0,7231,0,14488,310,2,278,30,0,12.9,0.8,0.0,86.4,0.0,0.0,0.0,0.0,15794.9 MiB,3591.4 MiB,2024.8 MiB,10178.7 MiB,4096.0 MiB,3681.5 MiB,414.5 MiB,13128.6 MiB
9,Python 3.11.3,binarytrees_compatible_all.py 21,13,1694249098,1248983,python,0:15.40,22844,14488,6752,100.0,0.1,1,3,0:15,0,4,9204,0,7231,0,14488,310,2,278,30,0,12.9,0.8,0.0,86.4,0.0,0.0,0.0,0.0,15794.9 MiB,3591.4 MiB,2024.8 MiB,10178.7 MiB,4096.0 MiB,3681.5 MiB,414.5 MiB,13128.6 MiB
9,Python 3.11.3,binarytrees_compatible_all.py 21,14,1694249099,1248983,python,0:16.57,22844,14488,6752,100.0,0.1,1,3,0:16,0,4,9204,0,7231,0,14488,310,2,278,30,0,12.9,1.5,0.0,85.6,0.0,0.0,0.0,0.0,15794.9 MiB,3591.6 MiB,2024.6 MiB,10178.7 MiB,4096.0 MiB,3681.5 MiB,414.5 MiB,13128.8 MiB
9,Python 3.11.3,binarytrees_compatible_all.py 21,15,1694249100,1248983,python,0:17.75,22844,14488,6752,100.0,0.1,1,3,0:17,0,4,9204,0,7231,0,14488,310,2,278,30,0,12.8,1.5,0.0,85.7,0.0,0.0,0.0,0.0,15794.9 MiB,3592.1 MiB,2024.1 MiB,10178.7 MiB,4096.0 MiB,3681.5 MiB,414.5 MiB,13129.3 MiB
9,Python 3.11.3,binarytrees_compatible_all.py 21,16,1694249102,1248983,python,0:18.92,22844,14488,6752,100.0,0.1,1,7,0:18,0,4,9204,0,7231,0,14488,310,2,278,30,0,12.9,0.8,0.0,86.4,0.0,0.0,0.0,0.0,15794.9 MiB,3591.9 MiB,2024.3 MiB,10178.7 MiB,4096.0 MiB,3681.5 MiB,414.5 MiB,13129.1 MiB
9,Python 3.11.3,binarytrees_compatible_all.py 21,17,1694249103,1248983,python,0:20.10,22844,14488,6752,100.0,0.1,1,7,0:20,0,4,9204,0,7231,0,14488,310,2,278,30,0,12.9,0.8,0.0,86.4,0.0,0.0,0.0,0.0,15794.9 MiB,3590.4 MiB,2025.8 MiB,10178.7 MiB,4096.0 MiB,3681.5 MiB,414.5 MiB,13127.6 MiB
9,Python 3.11.3,binarytrees_compatible_all.py 21,18,1694249104,1248983,python,0:21.27,22844,14488,6752,100.0,0.1,1,7,0:21,0,4,9204,0,7231,0,14488,310,2,278,30,0,12.9,0.8,0.0,86.4,0.0,0.0,0.0,0.0,15794.9 MiB,3590.6 MiB,2025.6 MiB,10178.7 MiB,4096.0 MiB,3681.5 MiB,414.5 MiB,13127.8 MiB
9,Python 3.11.3,binarytrees_compatible_all.py 21,19,1694249105,1248983,python,0:22.45,22844,14488,6752,100.0,0.1,1,7,0:22,0,4,9204,0,7231,0,14488,310,2,278,30,0,12.8,1.5,0.0,85.7,0.0,0.0,0.0,0.0,15794.9 MiB,3590.6 MiB,2025.6 MiB,10178.7 MiB,4096.0 MiB,3681.5 MiB,414.5 MiB,13127.8 MiB
9,Python 3.11.3,binarytrees_compatible_all.py 21,20,1694249106,1248983,python,0:23.62,22844,14488,6752,100.0,0.1,1,7,0:23,0,4,9204,0,7231,0,14488,310,2,278,30,0,13.6,0.8,0.0,85.6,0.0,0.0,0.0,0.0,15794.9 MiB,3590.6 MiB,2025.5 MiB,10178.7 MiB,4096.0 MiB,3681.5 MiB,414.5 MiB,13127.9 MiB
9,Python 3.11.3,binarytrees_compatible_all.py 21,21,1694249108,1248983,python,0:24.80,22844,14488,6752,100.0,0.1,1,7,0:24,0,4,9204,0,7231,0,14488,310,2,278,30,0,13.5,0.8,0.0,85.7,0.0,0.0,0.0,0.0,15794.9 MiB,3591.4 MiB,2024.8 MiB,10178.7 MiB,4096.0 MiB,3681.5 MiB,414.5 MiB,13128.6 MiB
9,Python 3.11.3,binarytrees_compatible_all.py 21,22,1694249109,1248983,python,0:25.97,22844,14488,6752,93.8,0.1,1,7,0:25,0,4,9204,0,7256,0,14488,310,2,278,30,0,12.9,0.8,0.0,86.4,0.0,0.0,0.0,0.0,15794.9 MiB,3592.6 MiB,2023.6 MiB,10178.7 MiB,4096.0 MiB,3681.5 MiB,414.5 MiB,13129.8 MiB
9,Python 3.11.3,binarytrees_compatible_all.py 21,23,1694249110,1248983,python,0:27.15,23868,15016,6752,100.0,0.1,1,7,0:27,0,4,10228,0,7343,0,15016,310,2,278,30,0,12.2,0.8,0.0,87.0,0.0,0.0,0.0,0.0,15794.9 MiB,3592.4 MiB,2023.8 MiB,10178.7 MiB,4096.0 MiB,3681.5 MiB,414.5 MiB,13129.6 MiB
9,Python 3.11.3,binarytrees_compatible_all.py 21,24,1694249111,1248983,python,0:28.32,23868,15280,6752,100.0,0.1,1,7,0:28,0,4,10228,0,7429,0,15280,310,2,278,30,0,13.5,0.8,0.0,85.7,0.0,0.0,0.0,0.0,15794.9 MiB,3593.3 MiB,2022.8 MiB,10178.7 MiB,4096.0 MiB,3681.5 MiB,414.5 MiB,13130.6 MiB
9,Python 3.11.3,binarytrees_compatible_all.py 21,25,1694249112,1248983,python,0:29.50,23868,15544,6752,100.0,0.1,1,7,0:29,0,4,10228,0,7515,0,15544,310,2,278,30,0,12.8,1.5,0.0,85.7,0.0,0.0,0.0,0.0,15794.9 MiB,3592.6 MiB,2023.5 MiB,10178.7 MiB,4096.0 MiB,3681.5 MiB,414.5 MiB,13129.8 MiB
9,Python 3.11.3,binarytrees_compatible_all.py 21,26,1694249113,1248983,python,0:30.67,24892,16072,6752,93.8,0.1,1,7,0:30,0,4,11252,0,7602,0,16072,310,2,278,30,0,12.2,1.5,0.0,86.3,0.0,0.0,0.0,0.0,15794.9 MiB,3591.6 MiB,2024.5 MiB,10178.7 MiB,4096.0 MiB,3681.5 MiB,414.5 MiB,13128.9 MiB
9,Python 3.11.3,binarytrees_compatible_all.py 21,27,1694249115,1248983,python,0:31.85,24892,16336,6752,100.0,0.1,1,7,0:31,0,4,11252,0,7689,0,16336,310,2,278,30,0,12.9,0.8,0.0,86.4,0.0,0.0,0.0,0.0,15794.9 MiB,3591.6 MiB,2024.5 MiB,10178.7 MiB,4096.0 MiB,3681.5 MiB,414.5 MiB,13128.9 MiB
9,Python 3.11.3,binarytrees_compatible_all.py 21,28,1694249116,1248983,python,0:33.02,24892,16600,6752,100.0,0.1,1,7,0:33,0,4,11252,0,7775,0,16600,310,2,278,30,0,13.4,1.5,0.0,85.1,0.0,0.0,0.0,0.0,15794.9 MiB,3591.4 MiB,2024.8 MiB,10178.7 MiB,4096.0 MiB,3681.5 MiB,414.5 MiB,13128.6 MiB
9,Python 3.11.3,binarytrees_compatible_all.py 21,29,1694249117,1248983,python,0:34.20,25916,17128,6752,100.0,0.1,1,7,0:34,0,4,12276,0,7861,0,17128,310,2,278,30,0,13.5,0.8,0.0,85.7,0.0,0.0,0.0,0.0,15794.9 MiB,3590.9 MiB,2025.2 MiB,10178.7 MiB,4096.0 MiB,3681.5 MiB,414.5 MiB,13128.2 MiB
9,Python 3.11.3,binarytrees_compatible_all.py 21,30,1694249118,1248983,python,0:35.37,25916,17392,6752,100.0,0.1,1,7,0:35,0,4,12276,0,7948,0,17392,310,2,278,30,0,12.8,1.5,0.0,85.7,0.0,0.0,0.0,0.0,15794.9 MiB,3590.2 MiB,2025.9 MiB,10178.7 MiB,4096.0 MiB,3681.5 MiB,414.5 MiB,13127.5 MiB
9,Python 3.11.3,binarytrees_compatible_all.py 21,31,1694249119,1248983,python,0:36.55,25916,17656,6752,100.0,0.1,1,7,0:36,0,4,12276,0,8035,0,17656,310,2,278,30,0,13.0,0.0,0.0,87.0,0.0,0.0,0.0,0.0,15794.9 MiB,3588.7 MiB,2027.4 MiB,10178.7 MiB,4096.0 MiB,3681.5 MiB,414.5 MiB,13126.0 MiB
9,Python 3.11.3,binarytrees_compatible_all.py 21,32,1694249120,1248983,python,0:37.72,26940,18184,6752,93.8,0.1,1,7,0:37,0,4,13300,0,8122,0,18184,310,2,278,30,0,13.5,1.5,0.0,85.0,0.0,0.0,0.0,0.0,15794.9 MiB,3588.2 MiB,2027.9 MiB,10178.7 MiB,4096.0 MiB,3681.5 MiB,414.5 MiB,13125.5 MiB
9,Python 3.11.3,binarytrees_compatible_all.py 21,33,1694249122,1248983,python,0:38.90,26940,18448,6752,100.0,0.1,1,7,0:38,0,4,13300,0,8208,0,18448,310,2,278,30,0,13.3,2.2,0.0,83.7,0.7,0.0,0.0,0.0,15794.9 MiB,3588.0 MiB,2028.1 MiB,10178.7 MiB,4096.0 MiB,3681.5 MiB,414.5 MiB,13125.2 MiB
9,Python 3.11.3,binarytrees_compatible_all.py 21,34,1694249123,1248983,python,0:40.07,23868,15808,6752,100.0,0.1,1,7,0:40,0,4,10228,0,8279,0,15808,310,2,278,30,0,13.6,0.8,0.0,85.6,0.0,0.0,0.0,0.0,15794.9 MiB,3588.0 MiB,2028.1 MiB,10178.7 MiB,4096.0 MiB,3681.5 MiB,414.5 MiB,13125.3 MiB
9,Python 3.11.3,binarytrees_compatible_all.py 21,35,1694249124,1248983,python,0:41.25,23868,15808,6752,100.0,0.1,1,7,0:41,0,4,10228,0,8281,0,15808,310,2,278,30,0,12.7,2.2,0.0,85.1,0.0,0.0,0.0,0.0,15794.9 MiB,3587.3 MiB,2028.9 MiB,10178.7 MiB,4096.0 MiB,3681.5 MiB,414.5 MiB,13124.5 MiB
9,Python 3.11.3,binarytrees_compatible_all.py 21,36,1694249125,1248983,python,0:42.42,23868,15808,6752,93.8,0.1,1,7,0:42,0,4,10228,0,8281,0,15808,310,2,278,30,0,12.9,0.8,0.0,86.4,0.0,0.0,0.0,0.0,15794.9 MiB,3587.3 MiB,2028.9 MiB,10178.7 MiB,4096.0 MiB,3681.5 MiB,414.5 MiB,13124.5 MiB
9,Python 3.11.3,binarytrees_compatible_all.py 21,37,1694249126,1248983,python,0:43.60,23868,15808,6752,100.0,0.1,1,7,0:43,0,4,10228,0,8281,0,15808,310,2,278,30,0,12.8,1.5,0.0,85.7,0.0,0.0,0.0,0.0,15794.9 MiB,3588.0 MiB,2028.1 MiB,10178.7 MiB,4096.0 MiB,3681.5 MiB,414.5 MiB,13125.3 MiB
9,Python 3.11.3,binarytrees_compatible_all.py 21,38,1694249127,1248983,python,0:44.77,23868,15808,6752,100.0,0.1,1,7,0:44,0,4,10228,0,8281,0,15808,310,2,278,30,0,12.9,0.8,0.0,85.6,0.8,0.0,0.0,0.0,15794.9 MiB,3588.2 MiB,2027.9 MiB,10178.7 MiB,4096.0 MiB,3681.5 MiB,414.5 MiB,13125.5 MiB
9,Python 3.11.3,binarytrees_compatible_all.py 21,39,1694249129,1248983,python,0:45.95,23868,15808,6752,100.0,0.1,1,7,0:45,0,4,10228,0,8281,0,15808,310,2,278,30,0,12.8,1.5,0.0,85.7,0.0,0.0,0.0,0.0,15794.9 MiB,3589.7 MiB,2026.4 MiB,10178.7 MiB,4096.0 MiB,3681.5 MiB,414.5 MiB,13127.0 MiB
9,Python 3.11.3,binarytrees_compatible_all.py 21,40,1694249130,1248983,python,0:47.13,23868,15808,6752,100.0,0.1,1,7,0:47,0,4,10228,0,8281,0,15808,310,2,278,30,0,13.4,0.7,0.0,85.8,0.0,0.0,0.0,0.0,15794.9 MiB,3589.5 MiB,2026.7 MiB,10178.7 MiB,4096.0 MiB,3681.5 MiB,414.5 MiB,13126.7 MiB
9,Python 3.11.3,binarytrees_compatible_all.py 21,41,1694249131,1248983,python,0:48.30,23868,15808,6752,100.0,0.1,1,7,0:48,0,4,10228,0,8281,0,15808,310,2,278,30,0,13.4,0.7,0.0,85.8,0.0,0.0,0.0,0.0,15794.9 MiB,3589.5 MiB,2026.6 MiB,10178.7 MiB,4096.0 MiB,3681.5 MiB,414.5 MiB,13126.8 MiB
9,Python 3.11.3,binarytrees_compatible_all.py 21,42,1694249132,1248983,python,0:49.47,23868,15808,6752,100.0,0.1,1,7,0:49,0,4,10228,0,8281,0,15808,310,2,278,30,0,12.9,0.8,0.0,86.4,0.0,0.0,0.0,0.0,15794.9 MiB,3589.2 MiB,2026.9 MiB,10178.7 MiB,4096.0 MiB,3681.5 MiB,414.5 MiB,13126.5 MiB
9,Python 3.11.3,binarytrees_compatible_all.py 21,43,1694249133,1248983,python,0:50.65,23868,15808,6752,100.0,0.1,1,7,0:50,0,4,10228,0,8281,0,15808,310,2,278,30,0,12.9,0.8,0.0,86.4,0.0,0.0,0.0,0.0,15794.9 MiB,3589.0 MiB,2027.1 MiB,10178.7 MiB,4096.0 MiB,3681.5 MiB,414.5 MiB,13126.3 MiB
9,Python 3.11.3,binarytrees_compatible_all.py 21,44,1694249135,1248983,python,0:51.83,23868,15808,6752,100.0,0.1,1,7,0:51,0,4,10228,0,8284,0,15808,310,2,278,30,0,12.9,0.8,0.0,86.4,0.0,0.0,0.0,0.0,15794.9 MiB,3589.0 MiB,2027.1 MiB,10178.8 MiB,4096.0 MiB,3681.5 MiB,414.5 MiB,13126.3 MiB
9,Python 3.11.3,binarytrees_compatible_all.py 21,45,1694249136,1248983,python,0:53.00,23868,15808,6752,100.0,0.1,1,7,0:53,0,4,10228,0,8305,0,15808,310,2,278,30,0,13.0,0.8,0.0,86.3,0.0,0.0,0.0,0.0,15794.9 MiB,3589.0 MiB,2027.1 MiB,10178.8 MiB,4096.0 MiB,3681.5 MiB,414.5 MiB,13126.3 MiB
9,Python 3.11.3,binarytrees_compatible_all.py 21,46,1694249137,1248983,python,0:54.17,23868,15808,6752,93.8,0.1,1,7,0:54,0,4,10228,0,8325,0,15808,310,2,278,30,0,12.9,0.8,0.0,86.4,0.0,0.0,0.0,0.0,15794.9 MiB,3588.7 MiB,2027.4 MiB,10178.8 MiB,4096.0 MiB,3681.5 MiB,414.5 MiB,13126.0 MiB
9,Python 3.11.3,binarytrees_compatible_all.py 21,47,1694249138,1248983,python,0:55.35,23868,15808,6752,100.0,0.1,1,7,0:55,0,4,10228,0,8325,0,15808,310,3,277,30,0,12.9,0.8,0.0,86.4,0.0,0.0,0.0,0.0,15794.9 MiB,3589.2 MiB,2026.9 MiB,10178.8 MiB,4096.0 MiB,3681.5 MiB,414.5 MiB,13126.5 MiB
9,Python 3.11.3,binarytrees_compatible_all.py 21,48,1694249139,1248983,python,0:56.53,23868,15808,6752,100.0,0.1,1,7,0:56,0,4,10228,0,8325,0,15808,310,2,278,30,0,14.7,1.5,0.0,83.8,0.0,0.0,0.0,0.0,15794.9 MiB,3589.5 MiB,2026.6 MiB,10178.8 MiB,4096.0 MiB,3681.5 MiB,414.5 MiB,13126.8 MiB
9,Python 3.11.3,binarytrees_compatible_all.py 21,49,1694249140,1248983,python,0:57.70,23868,15808,6752,100.0,0.1,1,7,0:57,0,4,10228,0,8325,0,15808,310,2,278,30,0,13.5,0.8,0.0,85.7,0.0,0.0,0.0,0.0,15794.9 MiB,3589.5 MiB,2026.6 MiB,10178.8 MiB,4096.0 MiB,3681.5 MiB,414.5 MiB,13126.8 MiB
9,Python 3.11.3,binarytrees_compatible_all.py 21,50,1694249142,1248983,python,0:58.88,24892,15808,6752,100.0,0.1,1,3,0:58,0,4,11252,0,8328,0,15808,310,2,278,30,0,13.5,0.8,0.0,85.7,0.0,0.0,0.0,0.0,15794.9 MiB,3589.5 MiB,2026.6 MiB,10178.8 MiB,4096.0 MiB,3681.5 MiB,414.5 MiB,13126.8 MiB
9,Python 3.11.3,binarytrees_compatible_all.py 21,51,1694249143,1248983,python,1:00.05,24892,15808,6752,100.0,0.1,1,3,1:00,0,4,11252,0,8333,0,15808,310,2,278,30,0,13.6,0.8,0.0,85.6,0.0,0.0,0.0,0.0,15794.9 MiB,3589.5 MiB,2026.6 MiB,10178.8 MiB,4096.0 MiB,3681.5 MiB,414.5 MiB,13126.8 MiB
9,Python 3.11.3,binarytrees_compatible_all.py 21,52,1694249144,1248983,python,1:01.23,24892,15808,6752,100.0,0.1,1,3,1:01,0,4,11252,0,8338,0,15808,310,2,278,30,0,13.6,0.0,0.0,86.4,0.0,0.0,0.0,0.0,15794.9 MiB,3589.0 MiB,2027.1 MiB,10178.8 MiB,4096.0 MiB,3681.5 MiB,414.5 MiB,13126.3 MiB
9,Python 3.11.3,binarytrees_compatible_all.py 21,53,1694249145,1248983,python,1:02.40,24892,16068,6752,93.8,0.1,1,3,1:02,0,4,11252,0,8344,0,16068,310,2,278,30,0,12.2,0.8,0.0,87.0,0.0,0.0,0.0,0.0,15794.9 MiB,3588.5 MiB,2027.6 MiB,10178.8 MiB,4096.0 MiB,3681.5 MiB,414.5 MiB,13125.8 MiB
9,Python 3.11.3,binarytrees_compatible_all.py 21,54,1694249146,1248983,python,1:03.58,24892,16068,6752,100.0,0.1,1,3,1:03,0,4,11252,0,8349,0,16068,310,2,278,30,0,12.9,0.8,0.0,86.4,0.0,0.0,0.0,0.0,15794.9 MiB,3588.2 MiB,2027.8 MiB,10178.8 MiB,4096.0 MiB,3681.5 MiB,414.5 MiB,13125.6 MiB
9,Python 3.11.3,binarytrees_compatible_all.py 21,55,1694249147,1248983,python,1:04.75,24892,16068,6752,100.0,0.1,1,3,1:04,0,4,11252,0,8354,0,16068,310,2,278,30,0,14.8,0.7,0.0,84.4,0.0,0.0,0.0,0.0,15794.9 MiB,3588.0 MiB,2028.1 MiB,10178.8 MiB,4096.0 MiB,3681.5 MiB,414.5 MiB,13125.3 MiB
9,Python 3.11.3,binarytrees_compatible_all.py 21,56,1694249149,1248983,python,1:05.93,24892,16068,6752,100.0,0.1,1,3,1:05,0,4,11252,0,8360,0,16068,310,2,278,30,0,12.7,1.5,0.0,85.8,0.0,0.0,0.0,0.0,15794.9 MiB,3587.8 MiB,2028.3 MiB,10178.8 MiB,4096.0 MiB,3681.5 MiB,414.5 MiB,13125.1 MiB
9,Python 3.11.3,binarytrees_compatible_all.py 21,57,1694249150,1248983,python,1:07.10,24892,16068,6752,100.0,0.1,1,7,1:07,0,4,11252,0,8365,0,16068,310,2,278,30,0,12.9,0.8,0.0,86.4,0.0,0.0,0.0,0.0,15794.9 MiB,3587.3 MiB,2028.8 MiB,10178.8 MiB,4096.0 MiB,3681.5 MiB,414.5 MiB,13124.6 MiB
9,Python 3.11.3,binarytrees_compatible_all.py 21,58,1694249151,1248983,python,1:08.28,25916,17124,6752,100.0,0.1,1,7,1:08,0,4,12276,0,8633,0,17124,310,2,278,30,0,12.0,1.5,0.0,86.5,0.0,0.0,0.0,0.0,15794.9 MiB,3587.3 MiB,2028.8 MiB,10178.8 MiB,4096.0 MiB,3681.5 MiB,414.5 MiB,13124.6 MiB
9,Python 3.11.3,binarytrees_compatible_all.py 21,59,1694249152,1248983,python,1:09.45,27964,20028,6752,100.0,0.1,1,7,1:09,0,4,14324,0,9333,0,20028,310,2,278,30,0,12.0,1.5,0.0,86.5,0.0,0.0,0.0,0.0,15794.9 MiB,3586.0 MiB,2030.0 MiB,10178.8 MiB,4096.0 MiB,3681.5 MiB,414.5 MiB,13123.4 MiB
9,Python 3.11.3,binarytrees_compatible_all.py 21,60,1694249153,1248983,python,1:10.63,27964,20028,6752,100.0,0.1,1,7,1:10,0,4,14324,0,9333,0,20028,310,2,278,30,0,12.8,0.8,0.0,86.5,0.0,0.0,0.0,0.0,15794.9 MiB,3585.8 MiB,2030.3 MiB,10178.8 MiB,4096.0 MiB,3681.5 MiB,414.5 MiB,13123.1 MiB
9,Python 3.11.3,binarytrees_compatible_all.py 21,61,1694249155,1248983,python,1:11.81,27964,20028,6752,100.0,0.1,1,7,1:11,0,4,14324,0,9333,0,20028,310,2,278,30,0,13.7,0.0,0.0,86.3,0.0,0.0,0.0,0.0,15794.9 MiB,3585.5 MiB,2030.5 MiB,10178.8 MiB,4096.0 MiB,3681.5 MiB,414.5 MiB,13122.9 MiB
9,Python 3.11.3,binarytrees_compatible_all.py 21,62,1694249156,1248983,python,1:12.99,27964,20028,6752,100.0,0.1,1,7,1:12,0,4,14324,0,9333,0,20028,310,2,278,30,0,13.3,1.5,0.0,85.2,0.0,0.0,0.0,0.0,15794.9 MiB,3584.8 MiB,2031.3 MiB,10178.8 MiB,4096.0 MiB,3681.5 MiB,414.5 MiB,13122.1 MiB
9,Python 3.11.3,binarytrees_compatible_all.py 21,63,1694249157,1248983,python,1:14.17,27964,20028,6752,100.0,0.1,1,7,1:14,0,4,14324,0,9333,0,20028,310,2,278,30,0,12.8,1.5,0.0,85.7,0.0,0.0,0.0,0.0,15794.9 MiB,3584.8 MiB,2031.3 MiB,10178.8 MiB,4096.0 MiB,3681.5 MiB,414.5 MiB,13122.1 MiB
9,Python 3.11.3,binarytrees_compatible_all.py 21,64,1694249158,1248983,python,1:15.34,27964,20028,6752,100.0,0.1,1,7,1:15,0,4,14324,0,9333,0,20028,310,2,278,30,0,13.4,1.5,0.0,85.1,0.0,0.0,0.0,0.0,15794.9 MiB,3584.8 MiB,2031.3 MiB,10178.8 MiB,4096.0 MiB,3681.5 MiB,414.5 MiB,13122.1 MiB
9,Python 3.11.3,binarytrees_compatible_all.py 21,65,1694249159,1248983,python,1:16.52,27964,20028,6752,100.0,0.1,1,7,1:16,0,4,14324,0,9333,0,20028,310,2,278,30,0,12.1,1.5,0.0,86.4,0.0,0.0,0.0,0.0,15794.9 MiB,3584.8 MiB,2031.3 MiB,10178.8 MiB,4096.0 MiB,3681.5 MiB,414.5 MiB,13122.1 MiB
9,Python 3.11.3,binarytrees_compatible_all.py 21,66,1694249160,1248983,python,1:17.69,27964,20028,6752,100.0,0.1,1,7,1:17,0,4,14324,0,9333,0,20028,310,2,278,30,0,12.2,0.8,0.0,87.0,0.0,0.0,0.0,0.0,15794.9 MiB,3584.8 MiB,2031.3 MiB,10178.8 MiB,4096.0 MiB,3681.5 MiB,414.5 MiB,13122.1 MiB
9,Python 3.11.3,binarytrees_compatible_all.py 21,67,1694249162,1248983,python,1:18.87,27964,20028,6752,100.0,0.1,1,7,1:18,0,4,14324,0,9333,0,20028,310,2,278,30,0,12.9,0.8,0.0,86.4,0.0,0.0,0.0,0.0,15794.9 MiB,3585.0 MiB,2031.2 MiB,10178.6 MiB,4096.0 MiB,3681.5 MiB,414.5 MiB,13122.4 MiB
9,Python 3.11.3,binarytrees_compatible_all.py 21,68,1694249163,1248983,python,1:20.04,27964,20028,6752,93.8,0.1,1,7,1:20,0,4,14324,0,9333,0,20028,310,2,278,30,0,13.4,1.5,0.0,85.1,0.0,0.0,0.0,0.0,15794.9 MiB,3585.0 MiB,2031.2 MiB,10178.6 MiB,4096.0 MiB,3681.5 MiB,414.5 MiB,13122.4 MiB
9,Python 3.11.3,binarytrees_compatible_all.py 21,69,1694249164,1248983,python,1:21.22,27964,20028,6752,100.0,0.1,1,7,1:21,0,4,14324,0,9333,0,20028,310,2,278,30,0,13.4,1.5,0.0,85.1,0.0,0.0,0.0,0.0,15794.9 MiB,3584.8 MiB,2031.4 MiB,10178.6 MiB,4096.0 MiB,3681.5 MiB,414.5 MiB,13122.2 MiB
9,Python 3.11.3,binarytrees_compatible_all.py 21,70,1694249165,1248983,python,1:22.40,27964,20028,6752,100.0,0.1,1,7,1:22,0,4,14324,0,9333,0,20028,310,2,278,30,0,13.4,1.5,0.0,85.1,0.0,0.0,0.0,0.0,15794.9 MiB,3584.8 MiB,2031.4 MiB,10178.6 MiB,4096.0 MiB,3681.5 MiB,414.5 MiB,13122.2 MiB
9,Python 3.11.3,binarytrees_compatible_all.py 21,71,1694249166,1248983,python,1:23.57,44348,35948,6752,100.0,0.2,1,7,1:23,0,4,30708,0,30k,0,35948,310,2,278,30,0,12.8,0.8,0.0,86.5,0.0,0.0,0.0,0.0,15794.9 MiB,3569.8 MiB,2046.4 MiB,10178.6 MiB,4096.0 MiB,3681.5 MiB,414.5 MiB,13107.1 MiB
9,Python 3.11.3,binarytrees_compatible_all.py 21,72,1694249167,1248983,python,1:24.75,44348,35948,6752,100.0,0.2,1,3,1:24,0,4,30708,0,30k,0,35948,310,2,278,30,0,13.4,1.5,0.0,85.1,0.0,0.0,0.0,0.0,15794.9 MiB,3569.5 MiB,2046.7 MiB,10178.6 MiB,4096.0 MiB,3681.5 MiB,414.5 MiB,13106.9 MiB
9,Python 3.11.3,binarytrees_compatible_all.py 21,73,1694249169,1248983,python,1:25.92,44348,35948,6752,100.0,0.2,1,3,1:25,0,4,30708,0,30k,0,35948,310,2,278,30,0,13.4,0.7,0.0,85.8,0.0,0.0,0.0,0.0,15794.9 MiB,3569.3 MiB,2046.9 MiB,10178.6 MiB,4096.0 MiB,3681.5 MiB,414.5 MiB,13106.7 MiB
9,Python 3.11.3,binarytrees_compatible_all.py 21,74,1694249170,1248983,python,1:27.10,44348,35948,6752,100.0,0.2,1,7,1:27,0,4,30708,0,30k,0,35948,310,2,278,30,0,13.5,0.8,0.0,85.7,0.0,0.0,0.0,0.0,15794.9 MiB,3568.8 MiB,2047.4 MiB,10178.6 MiB,4096.0 MiB,3681.5 MiB,414.5 MiB,13106.2 MiB
9,Python 3.11.3,binarytrees_compatible_all.py 21,75,1694249171,1248983,python,1:28.27,44348,35948,6752,100.0,0.2,1,3,1:28,0,4,30708,0,30k,0,35948,310,2,278,30,0,12.8,1.5,0.0,85.7,0.0,0.0,0.0,0.0,15794.9 MiB,3568.8 MiB,2047.4 MiB,10178.6 MiB,4096.0 MiB,3681.5 MiB,414.5 MiB,13106.2 MiB
9,Python 3.11.3,binarytrees_compatible_all.py 21,76,1694249172,1248983,python,1:29.44,44348,35948,6752,93.8,0.2,1,3,1:29,0,4,30708,0,30k,0,35948,310,2,278,30,0,12.8,1.5,0.0,85.7,0.0,0.0,0.0,0.0,15794.9 MiB,3569.1 MiB,2047.2 MiB,10178.6 MiB,4096.0 MiB,3681.5 MiB,414.5 MiB,13106.4 MiB
9,Python 3.11.3,binarytrees_compatible_all.py 21,77,1694249173,1248983,python,1:30.62,44348,35948,6752,100.0,0.2,1,7,1:30,0,4,30708,0,30k,0,35948,310,2,278,30,0,12.9,0.0,0.0,87.1,0.0,0.0,0.0,0.0,15794.9 MiB,3568.8 MiB,2047.4 MiB,10178.6 MiB,4096.0 MiB,3681.5 MiB,414.5 MiB,13106.2 MiB
9,Python 3.11.3,binarytrees_compatible_all.py 21,78,1694249175,1248983,python,1:31.80,44348,35948,6752,100.0,0.2,1,7,1:31,0,4,30708,0,30k,0,35948,310,2,278,30,0,13.5,0.8,0.0,85.0,0.8,0.0,0.0,0.0,15794.9 MiB,3568.8 MiB,2047.4 MiB,10178.6 MiB,4096.0 MiB,3681.5 MiB,414.5 MiB,13106.2 MiB
9,Python 3.11.3,binarytrees_compatible_all.py 21,79,1694249176,1248983,python,1:32.97,44348,35948,6752,100.0,0.2,1,7,1:32,0,4,30708,0,30k,0,35948,310,2,278,30,0,13.5,0.8,0.0,85.7,0.0,0.0,0.0,0.0,15794.9 MiB,3568.8 MiB,2047.4 MiB,10178.6 MiB,4096.0 MiB,3681.5 MiB,414.5 MiB,13106.2 MiB
9,Python 3.11.3,binarytrees_compatible_all.py 21,80,1694249177,1248983,python,1:34.15,44348,35948,6752,100.0,0.2,1,7,1:34,0,4,30708,0,30k,0,35948,310,2,278,30,0,13.4,1.5,0.0,85.1,0.0,0.0,0.0,0.0,15794.9 MiB,3568.3 MiB,2047.9 MiB,10178.7 MiB,4096.0 MiB,3681.5 MiB,414.5 MiB,13105.7 MiB
9,Python 3.11.3,binarytrees_compatible_all.py 21,81,1694249178,1248983,python,1:35.32,44348,35948,6752,100.0,0.2,1,7,1:35,0,4,30708,0,30k,0,35948,310,2,278,30,0,13.5,0.0,0.0,86.5,0.0,0.0,0.0,0.0,15794.9 MiB,3568.3 MiB,2047.9 MiB,10178.7 MiB,4096.0 MiB,3681.5 MiB,414.5 MiB,13105.7 MiB
9,Python 3.11.3,binarytrees_compatible_all.py 21,82,1694249179,1248983,python,1:36.50,44348,35948,6752,100.0,0.2,1,7,1:36,0,4,30708,0,30k,0,35948,310,2,278,30,0,13.6,0.8,0.0,85.6,0.0,0.0,0.0,0.0,15794.9 MiB,3568.3 MiB,2047.9 MiB,10178.7 MiB,4096.0 MiB,3681.5 MiB,414.5 MiB,13105.7 MiB
9,Python 3.11.3,binarytrees_compatible_all.py 21,83,1694249180,1248983,python,1:37.67,44348,35948,6752,93.8,0.2,1,7,1:37,0,4,30708,0,30k,0,35948,310,2,278,30,0,13.0,0.0,0.0,87.0,0.0,0.0,0.0,0.0,15794.9 MiB,3568.1 MiB,2048.1 MiB,10178.7 MiB,4096.0 MiB,3681.5 MiB,414.5 MiB,13105.5 MiB
9,Python 3.11.3,binarytrees_compatible_all.py 21,84,1694249182,1248983,python,1:38.85,89404,80328,6752,100.0,0.5,1,7,1:38,0,4,75764,0,90k,0,80328,310,2,278,30,0,9.8,3.8,0.0,86.4,0.0,0.0,0.0,0.0,15794.9 MiB,3529.9 MiB,2086.3 MiB,10178.7 MiB,4096.0 MiB,3681.5 MiB,414.5 MiB,13067.3 MiB
9,Python 3.11.3,binarytrees_compatible_all.py 21,85,1694249183,1248983,python,1:40.02,85308,75264,6752,93.8,0.5,1,3,1:40,0,4,71668,0,162k,0,75264,310,2,278,30,0,12.1,1.5,0.0,86.4,0.0,0.0,0.0,0.0,15794.9 MiB,3530.2 MiB,2086.0 MiB,10178.7 MiB,4096.0 MiB,3681.5 MiB,414.5 MiB,13067.6 MiB
9,Python 3.11.3,binarytrees_compatible_all.py 21,86,1694249184,1248983,python,1:41.19,91452,82008,6752,100.0,0.5,1,3,1:41,0,4,77812,0,227k,0,82008,310,2,278,30,0,12.8,1.5,0.0,85.7,0.0,0.0,0.0,0.0,15794.9 MiB,3522.3 MiB,2093.9 MiB,10178.7 MiB,4096.0 MiB,3681.5 MiB,414.5 MiB,13059.7 MiB
9,Python 3.11.3,binarytrees_compatible_all.py 21,87,1694249185,1248983,python,1:42.37,104764,94900,6752,100.0,0.6,1,3,1:42,0,4,91124,0,285k,0,94900,310,2,278,30,0,11.4,2.3,0.0,86.4,0.0,0.0,0.0,0.0,15794.9 MiB,3509.3 MiB,2106.9 MiB,10178.7 MiB,4096.0 MiB,3681.5 MiB,414.5 MiB,13046.7 MiB
9,Python 3.11.3,binarytrees_compatible_all.py 21,88,1694249186,1248983,python,1:43.54,87356,77764,6752,100.0,0.5,1,3,1:43,0,4,73716,0,328k,0,77764,310,2,278,30,0,12.0,1.5,0.0,86.5,0.0,0.0,0.0,0.0,15794.9 MiB,3516.2 MiB,2100.0 MiB,10178.7 MiB,4096.0 MiB,3681.5 MiB,414.5 MiB,13053.6 MiB
9,Python 3.11.3,binarytrees_compatible_all.py 21,89,1694249187,1248983,python,1:44.73,95548,85828,6752,100.0,0.5,1,3,1:44,0,4,81908,0,363k,0,85828,310,2,278,30,0,12.9,1.5,0.0,85.6,0.0,0.0,0.0,0.0,15794.9 MiB,3509.0 MiB,2107.2 MiB,10178.7 MiB,4096.0 MiB,3681.5 MiB,414.5 MiB,13046.4 MiB
9,Python 3.11.3,binarytrees_compatible_all.py 21,90,1694249189,1248983,python,1:45.90,100668,90868,6752,100.0,0.6,1,3,1:45,0,4,87028,0,388k,0,90868,310,2,278,30,0,12.8,1.5,0.0,85.7,0.0,0.0,0.0,0.0,15794.9 MiB,3506.6 MiB,2109.6 MiB,10178.7 MiB,4096.0 MiB,3681.5 MiB,414.5 MiB,13044.0 MiB
9,Python 3.11.3,binarytrees_compatible_all.py 21,91,1694249190,1248983,python,1:47.08,105788,95908,6752,100.0,0.6,1,3,1:47,0,4,92148,0,402k,0,95908,310,2,278,30,0,12.1,1.5,0.0,86.4,0.0,0.0,0.0,0.0,15794.9 MiB,3506.1 MiB,2110.1 MiB,10178.7 MiB,4096.0 MiB,3681.5 MiB,414.5 MiB,13043.5 MiB
9,Python 3.11.3,binarytrees_compatible_all.py 21,92,1694249191,1248983,python,1:48.25,106812,97440,6752,100.0,0.6,1,7,1:48,0,4,93172,0,405k,0,97440,310,2,278,30,0,12.9,0.8,0.0,86.4,0.0,0.0,0.0,0.0,15794.9 MiB,3505.8 MiB,2110.4 MiB,10178.7 MiB,4096.0 MiB,3681.5 MiB,414.5 MiB,13043.2 MiB
9,Python 3.11.3,binarytrees_compatible_all.py 21,93,1694249192,1248983,python,1:49.42,106812,97440,6752,100.0,0.6,1,7,1:49,0,4,93172,0,405k,0,97440,310,2,278,30,0,13.5,0.8,0.0,85.7,0.0,0.0,0.0,0.0,15794.9 MiB,3505.8 MiB,2110.4 MiB,10178.7 MiB,4096.0 MiB,3681.5 MiB,414.5 MiB,13043.2 MiB
9,Python 3.11.3,binarytrees_compatible_all.py 21,94,1694249193,1248983,python,1:50.60,106812,97440,6752,100.0,0.6,1,7,1:50,0,4,93172,0,405k,0,97440,310,2,278,30,0,13.5,0.8,0.0,85.7,0.0,0.0,0.0,0.0,15794.9 MiB,3506.1 MiB,2110.1 MiB,10178.7 MiB,4096.0 MiB,3681.5 MiB,414.5 MiB,13043.5 MiB
9,Python 3.11.3,binarytrees_compatible_all.py 21,95,1694249195,1248983,python,1:51.78,106812,97440,6752,100.0,0.6,1,7,1:51,0,4,93172,0,405k,0,97440,310,2,278,30,0,12.8,1.5,0.0,85.7,0.0,0.0,0.0,0.0,15794.9 MiB,3505.8 MiB,2110.3 MiB,10178.7 MiB,4096.0 MiB,3681.5 MiB,414.5 MiB,13043.2 MiB
9,Python 3.11.3,binarytrees_compatible_all.py 21,96,1694249196,1248983,python,1:52.95,106812,97440,6752,100.0,0.6,1,7,1:52,0,4,93172,0,405k,0,97440,310,2,278,30,0,12.8,0.8,0.0,86.5,0.0,0.0,0.0,0.0,15794.9 MiB,3505.8 MiB,2110.3 MiB,10178.7 MiB,4096.0 MiB,3681.5 MiB,414.5 MiB,13043.2 MiB
9,Python 3.11.3,binarytrees_compatible_all.py 21,97,1694249197,1248983,python,1:54.12,188732,177960,6752,100.0,1.1,1,7,1:54,0,4,175092,0,444k,0,177960,310,2,278,30,0,12.1,1.5,0.0,86.4,0.0,0.0,0.0,0.0,15794.9 MiB,3434.0 MiB,2182.2 MiB,10178.7 MiB,4096.0 MiB,3681.5 MiB,414.5 MiB,12971.4 MiB
9,Python 3.11.3,binarytrees_compatible_all.py 21,98,1694249198,1248983,python,1:55.31,191804,181300,6752,100.0,1.1,1,3,1:55,0,4,178164,0,523k,0,181300,310,2,278,30,0,13.5,0.8,0.0,85.7,0.0,0.0,0.0,0.0,15794.9 MiB,3410.0 MiB,2206.1 MiB,10178.7 MiB,4096.0 MiB,3681.5 MiB,414.5 MiB,12947.5 MiB
9,Python 3.11.3,binarytrees_compatible_all.py 21,99,1694249199,1248983,python,1:56.48,224572,212400,6752,100.0,1.3,1,3,1:56,0,4,210932,0,609k,0,212400,310,2,278,30,0,12.1,1.5,0.0,86.4,0.0,0.0,0.0,0.0,15794.9 MiB,3393.1 MiB,2223.0 MiB,10178.7 MiB,4096.0 MiB,3681.5 MiB,414.5 MiB,12930.5 MiB
9,Python 3.11.3,binarytrees_compatible_all.py 21,100,1694249200,1248983,python,1:57.65,295228,282048,6752,93.8,1.7,1,3,1:57,0,4,281588,0,703k,0,282048,310,2,278,30,0,11.3,2.3,0.0,86.5,0.0,0.0,0.0,0.0,15794.9 MiB,3326.9 MiB,2289.2 MiB,10178.7 MiB,4096.0 MiB,3681.5 MiB,414.5 MiB,12864.3 MiB
9,Python 3.11.3,binarytrees_compatible_all.py 21,101,1694249202,1248983,python,1:58.82,341308,328468,6752,100.0,2.0,1,3,1:58,0,4,327668,0,795k,0,328468,310,2,278,30,0,10.7,3.1,0.0,86.3,0.0,0.0,0.0,0.0,15794.9 MiB,3262.2 MiB,2354.0 MiB,10178.7 MiB,4096.0 MiB,3681.5 MiB,414.5 MiB,12799.6 MiB
9,Python 3.11.3,binarytrees_compatible_all.py 21,102,1694249203,1248983,python,2:00.00,199996,189364,6752,100.0,1.2,1,7,2:00,0,4,186356,0,872k,0,189364,310,2,278,30,0,12.9,0.8,0.0,86.4,0.0,0.0,0.0,0.0,15794.9 MiB,3412.8 MiB,2203.4 MiB,10178.7 MiB,4096.0 MiB,3681.5 MiB,414.5 MiB,12950.2 MiB
9,Python 3.11.3,binarytrees_compatible_all.py 21,103,1694249204,1248983,python,2:01.17,201020,190372,6752,93.8,1.2,1,7,2:01,0,4,187380,0,948k,0,190372,310,2,278,30,0,12.8,1.5,0.0,85.7,0.0,0.0,0.0,0.0,15794.9 MiB,3412.0 MiB,2204.2 MiB,10178.7 MiB,4096.0 MiB,3681.5 MiB,414.5 MiB,12949.4 MiB
9,Python 3.11.3,binarytrees_compatible_all.py 21,104,1694249205,1248983,python,2:02.35,250172,238104,6752,93.8,1.5,1,7,2:02,0,4,236532,0,1.0m,0,238104,310,2,278,30,0,11.9,2.2,0.0,85.8,0.0,0.0,0.0,0.0,15794.9 MiB,3378.1 MiB,2238.0 MiB,10178.7 MiB,4096.0 MiB,3681.5 MiB,414.5 MiB,12915.5 MiB
9,Python 3.11.3,binarytrees_compatible_all.py 21,105,1694249206,1248983,python,2:03.53,318780,305640,6752,100.0,1.9,1,7,2:03,0,4,305140,0,1.1m,0,305640,310,2,278,30,0,12.0,2.3,0.0,85.7,0.0,0.0,0.0,0.0,15794.9 MiB,3312.2 MiB,2304.0 MiB,10178.7 MiB,4096.0 MiB,3681.5 MiB,414.5 MiB,12849.6 MiB
9,Python 3.11.3,binarytrees_compatible_all.py 21,106,1694249207,1248983,python,2:04.70,273724,261940,6752,100.0,1.6,1,7,2:04,0,4,260084,0,1.2m,0,261940,310,2,278,30,0,11.5,2.3,0.0,86.3,0.0,0.0,0.0,0.0,15794.9 MiB,3328.5 MiB,2287.7 MiB,10178.7 MiB,4096.0 MiB,3681.5 MiB,414.5 MiB,12865.9 MiB
9,Python 3.11.3,binarytrees_compatible_all.py 21,107,1694249209,1248983,python,2:05.87,202044,191380,6752,93.8,1.2,1,7,2:05,0,4,188404,0,1.3m,0,191380,310,2,278,30,0,10.7,3.1,0.0,86.3,0.0,0.0,0.0,0.0,15794.9 MiB,3409.5 MiB,2206.7 MiB,10178.7 MiB,4096.0 MiB,3681.5 MiB,414.5 MiB,12946.9 MiB
9,Python 3.11.3,binarytrees_compatible_all.py 21,108,1694249210,1248983,python,2:07.06,205116,193968,6752,94.1,1.2,1,7,2:07,0,4,191476,0,1.3m,0,193968,310,2,278,30,0,13.0,0.7,0.0,86.2,0.0,0.0,0.0,0.0,15794.9 MiB,3409.2 MiB,2206.9 MiB,10178.7 MiB,4096.0 MiB,3681.5 MiB,414.5 MiB,12946.7 MiB
9,Python 3.11.3,binarytrees_compatible_all.py 21,109,1694249211,1248983,python,2:08.24,275772,263352,6752,100.0,1.6,1,7,2:08,0,4,262132,0,1.4m,0,263352,310,2,278,30,0,13.5,1.5,0.0,85.0,0.0,0.0,0.0,0.0,15794.9 MiB,3352.3 MiB,2263.9 MiB,10178.7 MiB,4096.0 MiB,3681.5 MiB,414.5 MiB,12889.7 MiB
9,Python 3.11.3,binarytrees_compatible_all.py 21,110,1694249212,1248983,python,2:09.41,343356,329832,6752,93.8,2.0,1,7,2:09,0,4,329716,0,1.5m,0,329832,310,2,278,30,0,9.8,3.8,0.0,86.4,0.0,0.0,0.0,0.0,15794.9 MiB,3286.8 MiB,2329.3 MiB,10178.7 MiB,4096.0 MiB,3681.5 MiB,414.5 MiB,12824.3 MiB
9,Python 3.11.3,binarytrees_compatible_all.py 21,111,1694249213,1248983,python,2:10.58,210236,199444,6752,93.8,1.2,1,7,2:10,0,4,196596,0,1.6m,0,199444,310,2,278,30,0,11.4,2.3,0.0,86.4,0.0,0.0,0.0,0.0,15794.9 MiB,3391.0 MiB,2225.2 MiB,10178.7 MiB,4096.0 MiB,3681.5 MiB,414.5 MiB,12928.4 MiB
10,Python 3.11.3,binarytrees_compatible_all.py 21,0,1694249214,1249738,python,0:00.12,35120,26540,6624,75.0,0.2,1,6,0:00,0,4,21480,0,6205,0,26540,310,2,278,30,0,18.9,9.1,0.0,72.0,0.0,0.0,0.0,0.0,15794.9 MiB,3573.5 MiB,2035.4 MiB,10185.9 MiB,4096.0 MiB,3681.5 MiB,414.5 MiB,13111.0 MiB
10,Python 3.11.3,binarytrees_compatible_all.py 21,1,1694249216,1249738,python,0:01.29,35120,26540,6624,100.0,0.2,1,6,0:01,0,4,21480,0,6205,0,26540,310,2,278,30,0,13.0,0.8,0.0,86.3,0.0,0.0,0.0,0.0,15794.9 MiB,3573.5 MiB,2035.4 MiB,10185.9 MiB,4096.0 MiB,3681.5 MiB,414.5 MiB,13111.0 MiB
10,Python 3.11.3,binarytrees_compatible_all.py 21,2,1694249217,1249738,python,0:02.47,35120,26540,6624,100.0,0.2,1,6,0:02,0,4,21480,0,6205,0,26540,310,2,278,30,0,12.9,0.8,0.0,86.4,0.0,0.0,0.0,0.0,15794.9 MiB,3576.7 MiB,2039.2 MiB,10178.9 MiB,4096.0 MiB,3681.5 MiB,414.5 MiB,13114.2 MiB
10,Python 3.11.3,binarytrees_compatible_all.py 21,3,1694249218,1249738,python,0:03.64,35120,26540,6624,93.8,0.2,1,6,0:03,0,4,21480,0,6205,0,26540,310,2,278,30,0,12.9,0.8,0.0,86.4,0.0,0.0,0.0,0.0,15794.9 MiB,3576.7 MiB,2039.2 MiB,10178.9 MiB,4096.0 MiB,3681.5 MiB,414.5 MiB,13114.2 MiB
10,Python 3.11.3,binarytrees_compatible_all.py 21,4,1694249219,1249738,python,0:04.82,35120,26540,6624,100.0,0.2,1,6,0:04,0,4,21480,0,6205,0,26540,310,2,278,30,0,13.4,1.5,0.0,85.1,0.0,0.0,0.0,0.0,15794.9 MiB,3576.7 MiB,2039.2 MiB,10178.9 MiB,4096.0 MiB,3681.5 MiB,414.5 MiB,13114.2 MiB
10,Python 3.11.3,binarytrees_compatible_all.py 21,5,1694249220,1249738,python,0:05.99,35120,26540,6624,100.0,0.2,1,6,0:05,0,4,21480,0,6205,0,26540,310,2,278,30,0,12.8,1.5,0.0,85.7,0.0,0.0,0.0,0.0,15794.9 MiB,3576.7 MiB,2039.2 MiB,10178.9 MiB,4096.0 MiB,3681.5 MiB,414.5 MiB,13114.2 MiB
10,Python 3.11.3,binarytrees_compatible_all.py 21,6,1694249222,1249738,python,0:07.17,35120,26540,6624,100.0,0.2,1,6,0:07,0,4,21480,0,6205,0,26540,310,2,278,30,0,12.9,0.8,0.0,85.6,0.8,0.0,0.0,0.0,15794.9 MiB,3576.7 MiB,2039.1 MiB,10179.0 MiB,4096.0 MiB,3681.5 MiB,414.5 MiB,13114.2 MiB
10,Python 3.11.3,binarytrees_compatible_all.py 21,7,1694249223,1249738,python,0:08.34,35120,26540,6624,93.8,0.2,1,6,0:08,0,4,21480,0,6205,0,26540,310,2,278,30,0,13.4,1.5,0.0,85.1,0.0,0.0,0.0,0.0,15794.9 MiB,3577.0 MiB,2038.9 MiB,10179.0 MiB,4096.0 MiB,3681.5 MiB,414.5 MiB,13114.5 MiB
10,Python 3.11.3,binarytrees_compatible_all.py 21,8,1694249224,1249738,python,0:09.52,35120,26540,6624,100.0,0.2,1,6,0:09,0,4,21480,0,6205,0,26540,310,2,278,30,0,13.5,0.8,0.0,85.7,0.0,0.0,0.0,0.0,15794.9 MiB,3577.0 MiB,2038.9 MiB,10179.0 MiB,4096.0 MiB,3681.5 MiB,414.5 MiB,13114.5 MiB
10,Python 3.11.3,binarytrees_compatible_all.py 21,9,1694249225,1249738,python,0:10.70,35120,26540,6624,100.0,0.2,1,6,0:10,0,4,21480,0,6205,0,26540,310,2,278,30,0,13.3,1.5,0.0,85.2,0.0,0.0,0.0,0.0,15794.9 MiB,3576.5 MiB,2039.4 MiB,10179.0 MiB,4096.0 MiB,3681.5 MiB,414.5 MiB,13114.0 MiB
10,Python 3.11.3,binarytrees_compatible_all.py 21,10,1694249226,1249738,python,0:11.87,35120,26540,6624,100.0,0.2,1,6,0:11,0,4,21480,0,6205,0,26540,310,2,278,30,0,12.9,0.8,0.0,86.4,0.0,0.0,0.0,0.0,15794.9 MiB,3577.2 MiB,2038.7 MiB,10179.0 MiB,4096.0 MiB,3681.5 MiB,414.5 MiB,13114.7 MiB
10,Python 3.11.3,binarytrees_compatible_all.py 21,11,1694249227,1249738,python,0:13.05,22844,14364,6624,100.0,0.1,1,6,0:13,0,4,9204,0,7233,0,14364,310,2,278,30,0,12.9,0.8,0.0,86.4,0.0,0.0,0.0,0.0,15794.9 MiB,3590.5 MiB,2025.4 MiB,10179.0 MiB,4096.0 MiB,3681.5 MiB,414.5 MiB,13128.0 MiB
10,Python 3.11.3,binarytrees_compatible_all.py 21,12,1694249229,1249738,python,0:14.22,22844,14364,6624,100.0,0.1,1,6,0:14,0,4,9204,0,7233,0,14364,310,2,278,30,0,12.9,0.8,0.0,86.4,0.0,0.0,0.0,0.0,15794.9 MiB,3590.3 MiB,2025.6 MiB,10179.0 MiB,4096.0 MiB,3681.5 MiB,414.5 MiB,13127.8 MiB
10,Python 3.11.3,binarytrees_compatible_all.py 21,13,1694249230,1249738,python,0:15.39,22844,14364,6624,93.8,0.1,1,6,0:15,0,4,9204,0,7233,0,14364,310,2,278,30,0,12.2,0.8,0.0,87.0,0.0,0.0,0.0,0.0,15794.9 MiB,3590.3 MiB,2025.6 MiB,10179.0 MiB,4096.0 MiB,3681.5 MiB,414.5 MiB,13127.8 MiB
10,Python 3.11.3,binarytrees_compatible_all.py 21,14,1694249231,1249738,python,0:16.57,22844,14364,6624,100.0,0.1,1,6,0:16,0,4,9204,0,7233,0,14364,310,2,278,30,0,12.9,1.5,0.0,85.6,0.0,0.0,0.0,0.0,15794.9 MiB,3590.5 MiB,2025.4 MiB,10179.0 MiB,4096.0 MiB,3681.5 MiB,414.5 MiB,13128.0 MiB
10,Python 3.11.3,binarytrees_compatible_all.py 21,15,1694249232,1249738,python,0:17.74,22844,14364,6624,93.8,0.1,1,6,0:17,0,4,9204,0,7233,0,14364,310,2,278,30,0,14.1,1.5,0.0,84.4,0.0,0.0,0.0,0.0,15794.9 MiB,3590.3 MiB,2025.6 MiB,10179.0 MiB,4096.0 MiB,3681.5 MiB,414.5 MiB,13127.8 MiB
10,Python 3.11.3,binarytrees_compatible_all.py 21,16,1694249233,1249738,python,0:18.92,22844,14364,6624,100.0,0.1,1,6,0:18,0,4,9204,0,7233,0,14364,310,2,278,30,0,12.9,0.8,0.0,86.4,0.0,0.0,0.0,0.0,15794.9 MiB,3590.0 MiB,2025.9 MiB,10179.0 MiB,4096.0 MiB,3681.5 MiB,414.5 MiB,13127.5 MiB
10,Python 3.11.3,binarytrees_compatible_all.py 21,17,1694249234,1249738,python,0:20.09,22844,14364,6624,93.8,0.1,1,6,0:20,0,4,9204,0,7233,0,14364,310,2,278,30,0,12.9,0.8,0.0,86.4,0.0,0.0,0.0,0.0,15794.9 MiB,3589.8 MiB,2026.1 MiB,10179.0 MiB,4096.0 MiB,3681.5 MiB,414.5 MiB,13127.3 MiB
10,Python 3.11.3,binarytrees_compatible_all.py 21,18,1694249236,1249738,python,0:21.27,22844,14364,6624,100.0,0.1,1,6,0:21,0,4,9204,0,7233,0,14364,310,3,277,30,0,12.9,0.8,0.0,86.4,0.0,0.0,0.0,0.0,15794.9 MiB,3589.5 MiB,2026.3 MiB,10179.0 MiB,4096.0 MiB,3681.5 MiB,414.5 MiB,13127.1 MiB
10,Python 3.11.3,binarytrees_compatible_all.py 21,19,1694249237,1249738,python,0:22.44,22844,14364,6624,100.0,0.1,1,6,0:22,0,4,9204,0,7233,0,14364,310,2,278,30,0,14.8,0.7,0.0,84.4,0.0,0.0,0.0,0.0,15794.9 MiB,3589.5 MiB,2026.3 MiB,10179.0 MiB,4096.0 MiB,3681.5 MiB,414.5 MiB,13127.1 MiB
10,Python 3.11.3,binarytrees_compatible_all.py 21,20,1694249238,1249738,python,0:23.62,22844,14364,6624,100.0,0.1,1,2,0:23,0,4,9204,0,7233,0,14364,310,2,278,30,0,13.2,2.9,0.0,83.8,0.0,0.0,0.0,0.0,15794.9 MiB,3590.0 MiB,2025.8 MiB,10179.0 MiB,4096.0 MiB,3681.5 MiB,414.5 MiB,13127.6 MiB
10,Python 3.11.3,binarytrees_compatible_all.py 21,21,1694249239,1249738,python,0:24.80,22844,14364,6624,100.0,0.1,1,2,0:24,0,4,9204,0,7233,0,14364,310,2,278,30,0,13.5,0.8,0.0,85.7,0.0,0.0,0.0,0.0,15794.9 MiB,3590.3 MiB,2025.6 MiB,10179.0 MiB,4096.0 MiB,3681.5 MiB,414.5 MiB,13127.8 MiB
10,Python 3.11.3,binarytrees_compatible_all.py 21,22,1694249240,1249738,python,0:25.97,22844,14628,6624,100.0,0.1,1,2,0:25,0,4,9204,0,7280,0,14628,310,2,278,30,0,12.8,1.5,0.0,85.7,0.0,0.0,0.0,0.0,15794.9 MiB,3590.0 MiB,2025.8 MiB,10179.0 MiB,4096.0 MiB,3681.5 MiB,414.5 MiB,13127.6 MiB
10,Python 3.11.3,binarytrees_compatible_all.py 21,23,1694249242,1249738,python,0:27.14,23868,14892,6624,93.8,0.1,1,2,0:27,0,4,10228,0,7367,0,14892,310,2,278,30,0,13.4,0.7,0.0,84.3,1.5,0.0,0.0,0.0,15794.9 MiB,3589.3 MiB,2026.6 MiB,10179.0 MiB,4096.0 MiB,3681.5 MiB,414.5 MiB,13126.8 MiB
10,Python 3.11.3,binarytrees_compatible_all.py 21,24,1694249243,1249738,python,0:28.32,23868,15156,6624,100.0,0.1,1,2,0:28,0,4,10228,0,7454,0,15156,310,2,278,30,0,12.8,1.5,0.0,85.7,0.0,0.0,0.0,0.0,15794.9 MiB,3587.8 MiB,2028.0 MiB,10179.0 MiB,4096.0 MiB,3681.5 MiB,414.5 MiB,13125.4 MiB
10,Python 3.11.3,binarytrees_compatible_all.py 21,25,1694249244,1249738,python,0:29.50,23868,15684,6624,100.0,0.1,1,2,0:29,0,4,10228,0,7540,0,15684,310,2,278,30,0,12.1,1.5,0.0,86.4,0.0,0.0,0.0,0.0,15794.9 MiB,3587.3 MiB,2028.5 MiB,10179.0 MiB,4096.0 MiB,3681.5 MiB,414.5 MiB,13124.9 MiB
10,Python 3.11.3,binarytrees_compatible_all.py 21,26,1694249245,1249738,python,0:30.67,24892,15948,6624,93.8,0.1,1,2,0:30,0,4,11252,0,7627,0,15948,310,2,278,30,0,13.5,0.8,0.0,85.7,0.0,0.0,0.0,0.0,15794.9 MiB,3586.8 MiB,2029.0 MiB,10179.0 MiB,4096.0 MiB,3681.5 MiB,414.5 MiB,13124.4 MiB
10,Python 3.11.3,binarytrees_compatible_all.py 21,27,1694249246,1249738,python,0:31.85,24892,16212,6624,100.0,0.1,1,2,0:31,0,4,11252,0,7714,0,16212,310,2,278,30,0,12.8,1.5,0.0,85.7,0.0,0.0,0.0,0.0,15794.9 MiB,3586.6 MiB,2029.2 MiB,10179.0 MiB,4096.0 MiB,3681.5 MiB,414.5 MiB,13124.1 MiB
10,Python 3.11.3,binarytrees_compatible_all.py 21,28,1694249247,1249738,python,0:33.02,24892,16740,6624,100.0,0.1,1,6,0:33,0,4,11252,0,7801,0,16740,310,2,278,30,0,13.4,1.5,0.0,85.1,0.0,0.0,0.0,0.0,15794.9 MiB,3585.9 MiB,2030.0 MiB,10179.0 MiB,4096.0 MiB,3681.5 MiB,414.5 MiB,13123.4 MiB
10,Python 3.11.3,binarytrees_compatible_all.py 21,29,1694249249,1249738,python,0:34.20,25916,17004,6624,100.0,0.1,1,6,0:34,0,4,12276,0,7888,0,17004,310,2,278,30,0,13.2,2.2,0.0,84.6,0.0,0.0,0.0,0.0,15794.9 MiB,3585.6 MiB,2030.1 MiB,10179.1 MiB,4096.0 MiB,3681.5 MiB,414.5 MiB,13123.2 MiB
10,Python 3.11.3,binarytrees_compatible_all.py 21,30,1694249250,1249738,python,0:35.38,25916,17268,6624,100.0,0.1,1,6,0:35,0,4,12276,0,7975,0,17268,310,2,278,30,0,12.9,0.8,0.0,86.4,0.0,0.0,0.0,0.0,15794.9 MiB,3585.1 MiB,2030.6 MiB,10179.1 MiB,4096.0 MiB,3681.5 MiB,414.5 MiB,13122.7 MiB
10,Python 3.11.3,binarytrees_compatible_all.py 21,31,1694249251,1249738,python,0:36.55,25916,17796,6624,100.0,0.1,1,2,0:36,0,4,12276,0,8062,0,17796,310,2,278,30,0,12.9,0.8,0.0,86.4,0.0,0.0,0.0,0.0,15794.9 MiB,3584.9 MiB,2030.9 MiB,10179.1 MiB,4096.0 MiB,3681.5 MiB,414.5 MiB,13122.5 MiB
10,Python 3.11.3,binarytrees_compatible_all.py 21,32,1694249252,1249738,python,0:37.73,26940,18060,6624,93.8,0.1,1,2,0:37,0,4,13300,0,8149,0,18060,310,2,278,30,0,12.1,1.5,0.0,86.4,0.0,0.0,0.0,0.0,15794.9 MiB,3584.1 MiB,2031.6 MiB,10179.1 MiB,4096.0 MiB,3681.5 MiB,414.5 MiB,13121.7 MiB
10,Python 3.11.3,binarytrees_compatible_all.py 21,33,1694249253,1249738,python,0:38.91,26940,18324,6624,100.0,0.1,1,2,0:38,0,4,13300,0,8235,0,18324,310,2,278,30,0,14.0,2.2,0.0,83.8,0.0,0.0,0.0,0.0,15794.9 MiB,3584.1 MiB,2031.6 MiB,10179.1 MiB,4096.0 MiB,3681.5 MiB,414.5 MiB,13121.7 MiB
10,Python 3.11.3,binarytrees_compatible_all.py 21,34,1694249254,1249738,python,0:40.08,23868,15680,6624,93.8,0.1,1,6,0:40,0,4,10228,0,8282,0,15680,310,2,278,30,0,12.9,0.8,0.0,86.4,0.0,0.0,0.0,0.0,15794.9 MiB,3583.2 MiB,2032.6 MiB,10179.1 MiB,4096.0 MiB,3681.5 MiB,414.5 MiB,13120.8 MiB
10,Python 3.11.3,binarytrees_compatible_all.py 21,35,1694249256,1249738,python,0:41.26,23868,15680,6624,100.0,0.1,1,6,0:41,0,4,10228,0,8282,0,15680,310,2,278,30,0,14.3,0.0,0.0,85.7,0.0,0.0,0.0,0.0,15794.9 MiB,3583.2 MiB,2032.6 MiB,10179.1 MiB,4096.0 MiB,3681.5 MiB,414.5 MiB,13120.8 MiB
10,Python 3.11.3,binarytrees_compatible_all.py 21,36,1694249257,1249738,python,0:42.43,23868,15680,6624,93.8,0.1,1,6,0:42,0,4,10228,0,8282,0,15680,310,2,278,30,0,12.9,0.8,0.0,86.4,0.0,0.0,0.0,0.0,15794.9 MiB,3582.7 MiB,2033.0 MiB,10179.1 MiB,4096.0 MiB,3681.5 MiB,414.5 MiB,13120.3 MiB
10,Python 3.11.3,binarytrees_compatible_all.py 21,37,1694249258,1249738,python,0:43.61,23868,15680,6624,100.0,0.1,1,6,0:43,0,4,10228,0,8282,0,15680,310,2,278,30,0,12.1,1.5,0.0,86.4,0.0,0.0,0.0,0.0,15794.9 MiB,3582.7 MiB,2033.0 MiB,10179.1 MiB,4096.0 MiB,3681.5 MiB,414.5 MiB,13120.3 MiB
10,Python 3.11.3,binarytrees_compatible_all.py 21,38,1694249259,1249738,python,0:44.78,23868,15680,6624,100.0,0.1,1,6,0:44,0,4,10228,0,8282,0,15680,310,2,278,30,0,12.8,1.5,0.0,85.7,0.0,0.0,0.0,0.0,15794.9 MiB,3582.7 MiB,2033.0 MiB,10179.1 MiB,4096.0 MiB,3681.5 MiB,414.5 MiB,13120.3 MiB
10,Python 3.11.3,binarytrees_compatible_all.py 21,39,1694249260,1249738,python,0:45.96,23868,15680,6624,100.0,0.1,1,6,0:45,0,4,10228,0,8282,0,15680,310,2,278,30,0,13.5,1.5,0.0,85.0,0.0,0.0,0.0,0.0,15794.9 MiB,3582.4 MiB,2033.3 MiB,10179.1 MiB,4096.0 MiB,3681.5 MiB,414.5 MiB,13120.1 MiB
10,Python 3.11.3,binarytrees_compatible_all.py 21,40,1694249262,1249738,python,0:47.13,23868,15680,6624,93.8,0.1,1,6,0:47,0,4,10228,0,8282,0,15680,310,2,278,30,0,12.9,0.8,0.0,86.4,0.0,0.0,0.0,0.0,15794.9 MiB,3582.4 MiB,2033.3 MiB,10179.1 MiB,4096.0 MiB,3681.5 MiB,414.5 MiB,13120.1 MiB
10,Python 3.11.3,binarytrees_compatible_all.py 21,41,1694249263,1249738,python,0:48.31,23868,15680,6624,100.0,0.1,1,2,0:48,0,4,10228,0,8282,0,15680,310,2,278,30,0,12.8,1.5,0.0,85.7,0.0,0.0,0.0,0.0,15794.9 MiB,3581.7 MiB,2034.0 MiB,10179.1 MiB,4096.0 MiB,3681.5 MiB,414.5 MiB,13119.3 MiB
10,Python 3.11.3,binarytrees_compatible_all.py 21,42,1694249264,1249738,python,0:49.48,23868,15680,6624,93.8,0.1,1,2,0:49,0,4,10228,0,8282,0,15680,310,2,278,30,0,13.4,0.7,0.0,85.8,0.0,0.0,0.0,0.0,15794.9 MiB,3581.2 MiB,2034.5 MiB,10179.1 MiB,4096.0 MiB,3681.5 MiB,414.5 MiB,13118.8 MiB
10,Python 3.11.3,binarytrees_compatible_all.py 21,43,1694249265,1249738,python,0:50.66,23868,15680,6624,100.0,0.1,1,2,0:50,0,4,10228,0,8282,0,15680,310,2,278,30,0,14.3,0.0,0.0,85.7,0.0,0.0,0.0,0.0,15794.9 MiB,3581.2 MiB,2034.5 MiB,10179.1 MiB,4096.0 MiB,3681.5 MiB,414.5 MiB,13118.8 MiB
10,Python 3.11.3,binarytrees_compatible_all.py 21,44,1694249266,1249738,python,0:51.83,23868,15680,6624,93.8,0.1,1,2,0:51,0,4,10228,0,8291,0,15680,310,2,278,30,0,12.0,1.5,0.0,86.5,0.0,0.0,0.0,0.0,15794.9 MiB,3581.0 MiB,2034.7 MiB,10179.2 MiB,4096.0 MiB,3681.5 MiB,414.5 MiB,13118.6 MiB
10,Python 3.11.3,binarytrees_compatible_all.py 21,45,1694249267,1249738,python,0:53.01,23868,15680,6624,100.0,0.1,1,2,0:53,0,4,10228,0,8313,0,15680,310,2,278,30,0,12.9,1.5,0.0,85.6,0.0,0.0,0.0,0.0,15794.9 MiB,3580.5 MiB,2035.2 MiB,10179.2 MiB,4096.0 MiB,3681.5 MiB,414.5 MiB,13118.1 MiB
10,Python 3.11.3,binarytrees_compatible_all.py 21,46,1694249269,1249738,python,0:54.18,23868,15680,6624,100.0,0.1,1,6,0:54,0,4,10228,0,8326,0,15680,310,2,278,30,0,13.3,2.2,0.0,84.4,0.0,0.0,0.0,0.0,15794.9 MiB,3580.2 MiB,2035.5 MiB,10179.1 MiB,4096.0 MiB,3681.5 MiB,414.5 MiB,13117.8 MiB
10,Python 3.11.3,binarytrees_compatible_all.py 21,47,1694249270,1249738,python,0:55.36,23868,15680,6624,100.0,0.1,1,6,0:55,0,4,10228,0,8326,0,15680,310,2,278,30,0,13.4,0.7,0.0,85.8,0.0,0.0,0.0,0.0,15794.9 MiB,3580.0 MiB,2035.8 MiB,10179.1 MiB,4096.0 MiB,3681.5 MiB,414.5 MiB,13117.6 MiB
10,Python 3.11.3,binarytrees_compatible_all.py 21,48,1694249271,1249738,python,0:56.54,23868,15680,6624,100.0,0.1,1,6,0:56,0,4,10228,0,8326,0,15680,310,2,278,30,0,12.9,0.8,0.0,86.4,0.0,0.0,0.0,0.0,15794.9 MiB,3580.0 MiB,2035.7 MiB,10179.1 MiB,4096.0 MiB,3681.5 MiB,414.5 MiB,13117.6 MiB
10,Python 3.11.3,binarytrees_compatible_all.py 21,49,1694249272,1249738,python,0:57.71,23868,15680,6624,100.0,0.1,1,6,0:57,0,4,10228,0,8326,0,15680,310,2,278,30,0,12.8,0.8,0.0,86.5,0.0,0.0,0.0,0.0,15794.9 MiB,3580.0 MiB,2035.7 MiB,10179.1 MiB,4096.0 MiB,3681.5 MiB,414.5 MiB,13117.6 MiB
10,Python 3.11.3,binarytrees_compatible_all.py 21,50,1694249273,1249738,python,0:58.88,24892,15680,6624,93.8,0.1,1,6,0:58,0,4,11252,0,8330,0,15680,310,2,278,30,0,12.8,0.8,0.0,86.5,0.0,0.0,0.0,0.0,15794.9 MiB,3579.2 MiB,2036.5 MiB,10179.1 MiB,4096.0 MiB,3681.5 MiB,414.5 MiB,13116.9 MiB
10,Python 3.11.3,binarytrees_compatible_all.py 21,51,1694249274,1249738,python,1:00.06,24892,15680,6624,100.0,0.1,1,6,1:00,0,4,11252,0,8336,0,15680,310,2,278,30,0,13.4,1.5,0.0,85.1,0.0,0.0,0.0,0.0,15794.9 MiB,3578.3 MiB,2037.5 MiB,10179.1 MiB,4096.0 MiB,3681.5 MiB,414.5 MiB,13115.9 MiB
10,Python 3.11.3,binarytrees_compatible_all.py 21,52,1694249276,1249738,python,1:01.24,24892,15680,6624,100.0,0.1,1,6,1:01,0,4,11252,0,8341,0,15680,310,2,278,30,0,13.4,1.5,0.0,85.1,0.0,0.0,0.0,0.0,15794.9 MiB,3578.3 MiB,2037.5 MiB,10179.1 MiB,4096.0 MiB,3681.5 MiB,414.5 MiB,13115.9 MiB
10,Python 3.11.3,binarytrees_compatible_all.py 21,53,1694249277,1249738,python,1:02.42,24892,15940,6624,100.0,0.1,1,6,1:02,0,4,11252,0,8346,0,15940,310,2,278,30,0,13.4,0.7,0.0,85.8,0.0,0.0,0.0,0.0,15794.9 MiB,3577.8 MiB,2037.9 MiB,10179.1 MiB,4096.0 MiB,3681.5 MiB,414.5 MiB,13115.4 MiB
10,Python 3.11.3,binarytrees_compatible_all.py 21,54,1694249278,1249738,python,1:03.59,24892,15940,6624,100.0,0.1,1,6,1:03,0,4,11252,0,8351,0,15940,310,2,278,30,0,12.9,0.8,0.0,86.4,0.0,0.0,0.0,0.0,15794.9 MiB,3577.8 MiB,2037.9 MiB,10179.1 MiB,4096.0 MiB,3681.5 MiB,414.5 MiB,13115.4 MiB
10,Python 3.11.3,binarytrees_compatible_all.py 21,55,1694249279,1249738,python,1:04.76,24892,15940,6624,93.8,0.1,1,6,1:04,0,4,11252,0,8357,0,15940,310,2,278,30,0,13.3,1.5,0.0,85.2,0.0,0.0,0.0,0.0,15794.9 MiB,3577.5 MiB,2038.2 MiB,10179.1 MiB,4096.0 MiB,3681.5 MiB,414.5 MiB,13115.1 MiB
10,Python 3.11.3,binarytrees_compatible_all.py 21,56,1694249280,1249738,python,1:05.94,24892,15940,6624,100.0,0.1,1,2,1:05,0,4,11252,0,8362,0,15940,310,2,278,30,0,12.9,1.5,0.0,82.6,3.0,0.0,0.0,0.0,15794.9 MiB,3576.3 MiB,2037.9 MiB,10180.7 MiB,4096.0 MiB,3681.5 MiB,414.5 MiB,13115.4 MiB
10,Python 3.11.3,binarytrees_compatible_all.py 21,57,1694249281,1249738,python,1:07.12,24892,15940,6624,100.0,0.1,1,2,1:07,0,4,11252,0,8367,0,15940,310,2,278,30,0,14.1,1.5,0.0,84.4,0.0,0.0,0.0,0.0,15794.9 MiB,3576.5 MiB,2037.6 MiB,10180.7 MiB,4096.0 MiB,3681.5 MiB,414.5 MiB,13115.9 MiB
10,Python 3.11.3,binarytrees_compatible_all.py 21,58,1694249283,1249738,python,1:08.29,27964,19900,6624,100.0,0.1,1,2,1:08,0,4,14324,0,9334,0,19900,310,2,278,30,0,12.8,1.5,0.0,85.7,0.0,0.0,0.0,0.0,15794.9 MiB,3574.6 MiB,2039.6 MiB,10180.7 MiB,4096.0 MiB,3681.5 MiB,414.5 MiB,13113.9 MiB
10,Python 3.11.3,binarytrees_compatible_all.py 21,59,1694249284,1249738,python,1:09.46,27964,19900,6624,100.0,0.1,1,2,1:09,0,4,14324,0,9334,0,19900,310,2,278,30,0,13.6,0.0,0.0,86.4,0.0,0.0,0.0,0.0,15794.9 MiB,3574.6 MiB,2039.6 MiB,10180.7 MiB,4096.0 MiB,3681.5 MiB,414.5 MiB,13113.9 MiB
10,Python 3.11.3,binarytrees_compatible_all.py 21,60,1694249285,1249738,python,1:10.63,27964,19900,6624,93.8,0.1,1,2,1:10,0,4,14324,0,9334,0,19900,310,2,278,30,0,12.8,1.5,0.0,85.7,0.0,0.0,0.0,0.0,15794.9 MiB,3573.8 MiB,2040.3 MiB,10180.7 MiB,4096.0 MiB,3681.5 MiB,414.5 MiB,13113.2 MiB
10,Python 3.11.3,binarytrees_compatible_all.py 21,61,1694249286,1249738,python,1:11.81,27964,19900,6624,100.0,0.1,1,2,1:11,0,4,14324,0,9334,0,19900,310,2,278,30,0,12.8,0.8,0.0,86.5,0.0,0.0,0.0,0.0,15794.9 MiB,3573.8 MiB,2040.3 MiB,10180.7 MiB,4096.0 MiB,3681.5 MiB,414.5 MiB,13113.2 MiB
10,Python 3.11.3,binarytrees_compatible_all.py 21,62,1694249287,1249738,python,1:12.99,27964,19900,6624,100.0,0.1,1,2,1:12,0,4,14324,0,9334,0,19900,310,2,278,30,0,12.9,0.8,0.0,86.4,0.0,0.0,0.0,0.0,15794.9 MiB,3573.3 MiB,2040.8 MiB,10180.7 MiB,4096.0 MiB,3681.5 MiB,414.5 MiB,13112.7 MiB
10,Python 3.11.3,binarytrees_compatible_all.py 21,63,1694249289,1249738,python,1:14.16,27964,19900,6624,93.8,0.1,1,2,1:14,0,4,14324,0,9334,0,19900,310,2,278,30,0,12.9,0.8,0.0,86.4,0.0,0.0,0.0,0.0,15794.9 MiB,3573.6 MiB,2040.6 MiB,10180.7 MiB,4096.0 MiB,3681.5 MiB,414.5 MiB,13113.0 MiB
10,Python 3.11.3,binarytrees_compatible_all.py 21,64,1694249290,1249738,python,1:15.34,27964,19900,6624,100.0,0.1,1,2,1:15,0,4,14324,0,9334,0,19900,310,2,278,30,0,13.6,0.8,0.0,85.6,0.0,0.0,0.0,0.0,15794.9 MiB,3572.4 MiB,2041.8 MiB,10180.7 MiB,4096.0 MiB,3681.5 MiB,414.5 MiB,13111.7 MiB
10,Python 3.11.3,binarytrees_compatible_all.py 21,65,1694249291,1249738,python,1:16.51,27964,19900,6624,100.0,0.1,1,2,1:16,0,4,14324,0,9334,0,19900,310,2,278,30,0,13.5,0.8,0.0,85.7,0.0,0.0,0.0,0.0,15794.9 MiB,3574.3 MiB,2039.8 MiB,10180.7 MiB,4096.0 MiB,3681.5 MiB,414.5 MiB,13113.7 MiB
10,Python 3.11.3,binarytrees_compatible_all.py 21,66,1694249292,1249738,python,1:17.69,27964,19900,6624,100.0,0.1,1,2,1:17,0,4,14324,0,9334,0,19900,310,2,278,30,0,13.5,0.8,0.0,85.7,0.0,0.0,0.0,0.0,15794.9 MiB,3574.6 MiB,2039.6 MiB,10180.7 MiB,4096.0 MiB,3681.5 MiB,414.5 MiB,13114.0 MiB
10,Python 3.11.3,binarytrees_compatible_all.py 21,67,1694249293,1249738,python,1:18.87,27964,19900,6624,100.0,0.1,1,2,1:18,0,4,14324,0,9334,0,19900,310,2,278,30,0,12.9,0.8,0.0,86.4,0.0,0.0,0.0,0.0,15794.9 MiB,3574.6 MiB,2039.6 MiB,10180.7 MiB,4096.0 MiB,3681.5 MiB,414.5 MiB,13114.0 MiB
10,Python 3.11.3,binarytrees_compatible_all.py 21,68,1694249294,1249738,python,1:20.04,27964,19900,6624,100.0,0.1,1,2,1:20,0,4,14324,0,9334,0,19900,310,2,278,30,0,12.9,0.8,0.0,86.4,0.0,0.0,0.0,0.0,15794.9 MiB,3574.6 MiB,2039.6 MiB,10180.7 MiB,4096.0 MiB,3681.5 MiB,414.5 MiB,13114.0 MiB
10,Python 3.11.3,binarytrees_compatible_all.py 21,69,1694249296,1249738,python,1:21.21,27964,19900,6624,100.0,0.1,1,2,1:21,0,4,14324,0,9334,0,19900,310,2,278,30,0,12.0,1.5,0.0,86.5,0.0,0.0,0.0,0.0,15794.9 MiB,3574.3 MiB,2039.8 MiB,10180.7 MiB,4096.0 MiB,3681.5 MiB,414.5 MiB,13113.7 MiB
10,Python 3.11.3,binarytrees_compatible_all.py 21,70,1694249297,1249738,python,1:22.39,27964,19900,6624,100.0,0.1,1,2,1:22,0,4,14324,0,9334,0,19900,310,2,278,30,0,12.9,0.8,0.0,86.4,0.0,0.0,0.0,0.0,15794.9 MiB,3574.3 MiB,2039.8 MiB,10180.7 MiB,4096.0 MiB,3681.5 MiB,414.5 MiB,13113.7 MiB
10,Python 3.11.3,binarytrees_compatible_all.py 21,71,1694249298,1249738,python,1:23.56,44348,35820,6624,93.8,0.2,1,2,1:23,0,4,30708,0,30k,0,35820,310,2,278,30,0,12.1,1.5,0.0,86.4,0.0,0.0,0.0,0.0,15794.9 MiB,3560.8 MiB,2053.3 MiB,10180.7 MiB,4096.0 MiB,3681.5 MiB,414.5 MiB,13100.2 MiB
10,Python 3.11.3,binarytrees_compatible_all.py 21,72,1694249299,1249738,python,1:24.74,44348,35820,6624,100.0,0.2,1,2,1:24,0,4,30708,0,30k,0,35820,310,2,278,30,0,12.8,1.5,0.0,85.7,0.0,0.0,0.0,0.0,15794.9 MiB,3560.6 MiB,2053.6 MiB,10180.7 MiB,4096.0 MiB,3681.5 MiB,414.5 MiB,13100.0 MiB
10,Python 3.11.3,binarytrees_compatible_all.py 21,73,1694249300,1249738,python,1:25.92,44348,35820,6624,100.0,0.2,1,2,1:25,0,4,30708,0,30k,0,35820,310,2,278,30,0,12.9,0.8,0.0,86.4,0.0,0.0,0.0,0.0,15794.9 MiB,3560.3 MiB,2053.8 MiB,10180.7 MiB,4096.0 MiB,3681.5 MiB,414.5 MiB,13099.7 MiB
10,Python 3.11.3,binarytrees_compatible_all.py 21,74,1694249301,1249738,python,1:27.09,44348,35820,6624,100.0,0.2,1,2,1:27,0,4,30708,0,30k,0,35820,310,2,278,30,0,14.1,1.5,0.0,84.4,0.0,0.0,0.0,0.0,15794.9 MiB,3559.8 MiB,2054.3 MiB,10180.8 MiB,4096.0 MiB,3681.5 MiB,414.5 MiB,13099.2 MiB
10,Python 3.11.3,binarytrees_compatible_all.py 21,75,1694249303,1249738,python,1:28.27,44348,35820,6624,100.0,0.2,1,2,1:28,0,4,30708,0,30k,0,35820,310,2,278,30,0,13.4,0.7,0.0,85.8,0.0,0.0,0.0,0.0,15794.9 MiB,3559.8 MiB,2054.3 MiB,10180.8 MiB,4096.0 MiB,3681.5 MiB,414.5 MiB,13099.2 MiB
10,Python 3.11.3,binarytrees_compatible_all.py 21,76,1694249304,1249738,python,1:29.44,44348,35820,6624,100.0,0.2,1,2,1:29,0,4,30708,0,30k,0,35820,310,2,278,30,0,13.5,1.5,0.0,85.0,0.0,0.0,0.0,0.0,15794.9 MiB,3560.8 MiB,2053.3 MiB,10180.8 MiB,4096.0 MiB,3681.5 MiB,414.5 MiB,13100.2 MiB
10,Python 3.11.3,binarytrees_compatible_all.py 21,77,1694249305,1249738,python,1:30.62,44348,35820,6624,100.0,0.2,1,2,1:30,0,4,30708,0,30k,0,35820,310,2,278,30,0,13.5,0.8,0.0,85.7,0.0,0.0,0.0,0.0,15794.9 MiB,3560.6 MiB,2053.5 MiB,10180.8 MiB,4096.0 MiB,3681.5 MiB,414.5 MiB,13100.0 MiB
10,Python 3.11.3,binarytrees_compatible_all.py 21,78,1694249306,1249738,python,1:31.80,44348,35820,6624,100.0,0.2,1,2,1:31,0,4,30708,0,30k,0,35820,310,2,278,30,0,13.4,0.7,0.0,85.8,0.0,0.0,0.0,0.0,15794.9 MiB,3560.1 MiB,2054.0 MiB,10180.8 MiB,4096.0 MiB,3681.5 MiB,414.5 MiB,13099.5 MiB
10,Python 3.11.3,binarytrees_compatible_all.py 21,79,1694249307,1249738,python,1:32.97,44348,35820,6624,100.0,0.2,1,2,1:32,0,4,30708,0,30k,0,35820,310,2,278,30,0,12.8,1.5,0.0,85.7,0.0,0.0,0.0,0.0,15794.9 MiB,3560.3 MiB,2053.8 MiB,10180.8 MiB,4096.0 MiB,3681.5 MiB,414.5 MiB,13099.7 MiB
10,Python 3.11.3,binarytrees_compatible_all.py 21,80,1694249309,1249738,python,1:34.14,44348,35820,6624,93.8,0.2,1,2,1:34,0,4,30708,0,30k,0,35820,310,2,278,30,0,12.9,0.8,0.0,85.6,0.8,0.0,0.0,0.0,15794.9 MiB,3560.1 MiB,2054.0 MiB,10180.8 MiB,4096.0 MiB,3681.5 MiB,414.5 MiB,13099.5 MiB
10,Python 3.11.3,binarytrees_compatible_all.py 21,81,1694249310,1249738,python,1:35.32,44348,35820,6624,100.0,0.2,1,2,1:35,0,4,30708,0,30k,0,35820,310,2,278,30,0,13.6,0.0,0.0,86.4,0.0,0.0,0.0,0.0,15794.9 MiB,3560.1 MiB,2054.0 MiB,10180.8 MiB,4096.0 MiB,3681.5 MiB,414.5 MiB,13099.5 MiB
10,Python 3.11.3,binarytrees_compatible_all.py 21,82,1694249311,1249738,python,1:36.49,44348,35820,6624,93.8,0.2,1,2,1:36,0,4,30708,0,30k,0,35820,310,2,278,30,0,12.9,0.8,0.0,86.4,0.0,0.0,0.0,0.0,15794.9 MiB,3560.1 MiB,2054.0 MiB,10180.8 MiB,4096.0 MiB,3681.5 MiB,414.5 MiB,13099.5 MiB
10,Python 3.11.3,binarytrees_compatible_all.py 21,83,1694249312,1249738,python,1:37.67,44348,35820,6624,100.0,0.2,1,2,1:37,0,4,30708,0,30k,0,35820,310,2,278,30,0,12.9,1.5,0.0,85.6,0.0,0.0,0.0,0.0,15794.9 MiB,3560.1 MiB,2054.0 MiB,10180.8 MiB,4096.0 MiB,3681.5 MiB,414.5 MiB,13099.5 MiB
10,Python 3.11.3,binarytrees_compatible_all.py 21,84,1694249313,1249738,python,1:38.85,73020,63520,6624,100.0,0.4,1,2,1:38,0,4,59380,0,103k,0,63520,310,2,278,30,0,12.6,2.2,0.0,85.2,0.0,0.0,0.0,0.0,15794.9 MiB,3529.3 MiB,2084.8 MiB,10180.8 MiB,4096.0 MiB,3681.5 MiB,414.5 MiB,13068.7 MiB
10,Python 3.11.3,binarytrees_compatible_all.py 21,85,1694249314,1249738,python,1:40.02,74044,64528,6624,100.0,0.4,1,2,1:40,0,4,60404,0,175k,0,64528,310,2,278,30,0,12.0,2.3,0.0,85.7,0.0,0.0,0.0,0.0,15794.9 MiB,3528.8 MiB,2085.3 MiB,10180.8 MiB,4096.0 MiB,3681.5 MiB,414.5 MiB,13068.2 MiB
10,Python 3.11.3,binarytrees_compatible_all.py 21,86,1694249316,1249738,python,1:41.20,82236,72592,6624,100.0,0.4,1,2,1:41,0,4,68596,0,238k,0,72592,310,2,278,30,0,12.1,1.5,0.0,86.4,0.0,0.0,0.0,0.0,15794.9 MiB,3521.9 MiB,2092.2 MiB,10180.8 MiB,4096.0 MiB,3681.5 MiB,414.5 MiB,13061.3 MiB
10,Python 3.11.3,binarytrees_compatible_all.py 21,87,1694249317,1249738,python,1:42.37,88380,78876,6624,100.0,0.5,1,2,1:42,0,4,74740,0,291k,0,78876,310,2,278,30,0,13.4,1.5,0.0,85.1,0.0,0.0,0.0,0.0,15794.9 MiB,3520.1 MiB,2094.0 MiB,10180.8 MiB,4096.0 MiB,3681.5 MiB,414.5 MiB,13059.6 MiB
10,Python 3.11.3,binarytrees_compatible_all.py 21,88,1694249318,1249738,python,1:43.55,92476,82672,6624,100.0,0.5,1,2,1:43,0,4,78836,0,337k,0,82672,310,2,278,30,0,11.3,3.0,0.0,85.7,0.0,0.0,0.0,0.0,15794.9 MiB,3506.2 MiB,2107.9 MiB,10180.8 MiB,4096.0 MiB,3681.5 MiB,414.5 MiB,13045.6 MiB
10,Python 3.11.3,binarytrees_compatible_all.py 21,89,1694249319,1249738,python,1:44.72,96572,86704,6624,93.8,0.5,1,2,1:44,0,4,82932,0,369k,0,86704,310,2,278,30,0,12.9,0.8,0.0,86.4,0.0,0.0,0.0,0.0,15794.9 MiB,3507.2 MiB,2106.9 MiB,10180.8 MiB,4096.0 MiB,3681.5 MiB,414.5 MiB,13046.6 MiB
10,Python 3.11.3,binarytrees_compatible_all.py 21,90,1694249320,1249738,python,1:45.90,105788,95776,6624,100.0,0.6,1,2,1:45,0,4,92148,0,392k,0,95776,310,2,278,30,0,12.0,2.3,0.0,85.7,0.0,0.0,0.0,0.0,15794.9 MiB,3505.7 MiB,2108.4 MiB,10180.8 MiB,4096.0 MiB,3681.5 MiB,414.5 MiB,13045.1 MiB
10,Python 3.11.3,binarytrees_compatible_all.py 21,91,1694249321,1249738,python,1:47.08,102716,92752,6624,100.0,0.6,1,2,1:47,0,4,89076,0,402k,0,92752,310,2,278,30,0,13.6,0.7,0.0,85.7,0.0,0.0,0.0,0.0,15794.9 MiB,3505.4 MiB,2108.6 MiB,10180.8 MiB,4096.0 MiB,3681.5 MiB,414.5 MiB,13044.9 MiB
10,Python 3.11.3,binarytrees_compatible_all.py 21,92,1694249323,1249738,python,1:48.26,106812,97308,6624,100.0,0.6,1,2,1:48,0,4,93172,0,405k,0,97308,310,2,278,30,0,12.8,1.5,0.0,85.7,0.0,0.0,0.0,0.0,15794.9 MiB,3504.7 MiB,2109.4 MiB,10180.8 MiB,4096.0 MiB,3681.5 MiB,414.5 MiB,13044.1 MiB
10,Python 3.11.3,binarytrees_compatible_all.py 21,93,1694249324,1249738,python,1:49.43,106812,97308,6624,93.8,0.6,1,2,1:49,0,4,93172,0,405k,0,97308,310,2,278,30,0,12.2,0.8,0.0,87.0,0.0,0.0,0.0,0.0,15794.9 MiB,3504.7 MiB,2109.4 MiB,10180.8 MiB,4096.0 MiB,3681.5 MiB,414.5 MiB,13044.1 MiB
10,Python 3.11.3,binarytrees_compatible_all.py 21,94,1694249325,1249738,python,1:50.61,106812,97308,6624,100.0,0.6,1,2,1:50,0,4,93172,0,405k,0,97308,310,2,278,30,0,13.5,0.8,0.0,85.7,0.0,0.0,0.0,0.0,15794.9 MiB,3504.5 MiB,2109.6 MiB,10180.8 MiB,4096.0 MiB,3681.5 MiB,414.5 MiB,13043.9 MiB
10,Python 3.11.3,binarytrees_compatible_all.py 21,95,1694249326,1249738,python,1:51.78,106812,97308,6624,100.0,0.6,1,2,1:51,0,4,93172,0,405k,0,97308,310,2,278,30,0,13.5,0.8,0.0,85.7,0.0,0.0,0.0,0.0,15794.9 MiB,3504.0 MiB,2110.1 MiB,10180.8 MiB,4096.0 MiB,3681.5 MiB,414.5 MiB,13043.4 MiB
10,Python 3.11.3,binarytrees_compatible_all.py 21,96,1694249327,1249738,python,1:52.96,106812,97308,6624,100.0,0.6,1,2,1:52,0,4,93172,0,405k,0,97308,310,2,278,30,0,13.4,1.5,0.0,85.1,0.0,0.0,0.0,0.0,15794.9 MiB,3504.2 MiB,2109.9 MiB,10180.8 MiB,4096.0 MiB,3681.5 MiB,414.5 MiB,13043.7 MiB
10,Python 3.11.3,binarytrees_compatible_all.py 21,97,1694249329,1249738,python,1:54.13,216380,204228,6624,93.8,1.3,1,2,1:54,0,4,202740,0,450k,0,204228,310,2,278,30,0,12.1,1.5,0.0,86.4,0.0,0.0,0.0,0.0,15794.9 MiB,3404.0 MiB,2210.0 MiB,10180.8 MiB,4096.0 MiB,3681.5 MiB,414.5 MiB,12943.5 MiB
10,Python 3.11.3,binarytrees_compatible_all.py 21,98,1694249330,1249738,python,1:55.31,283964,270928,6624,100.0,1.7,1,2,1:55,0,4,270324,0,545k,0,270928,310,2,278,30,0,10.6,3.0,0.0,86.4,0.0,0.0,0.0,0.0,15794.9 MiB,3338.6 MiB,2275.5 MiB,10180.8 MiB,4096.0 MiB,3681.5 MiB,414.5 MiB,12878.0 MiB
10,Python 3.11.3,binarytrees_compatible_all.py 21,99,1694249331,1249738,python,1:56.49,350524,337144,6624,100.0,2.1,1,2,1:56,0,4,336884,0,639k,0,337144,310,2,278,30,0,11.9,3.7,0.0,84.4,0.0,0.0,0.0,0.0,15794.9 MiB,3273.6 MiB,2340.4 MiB,10180.8 MiB,4096.0 MiB,3681.5 MiB,414.5 MiB,12813.1 MiB
10,Python 3.11.3,binarytrees_compatible_all.py 21,100,1694249332,1249738,python,1:57.67,197948,187220,6624,100.0,1.2,1,2,1:57,0,4,184308,0,718k,0,187220,310,2,278,30,0,11.4,2.3,0.0,86.4,0.0,0.0,0.0,0.0,15794.9 MiB,3408.0 MiB,2206.1 MiB,10180.8 MiB,4096.0 MiB,3681.5 MiB,414.5 MiB,12947.5 MiB
10,Python 3.11.3,binarytrees_compatible_all.py 21,101,1694249333,1249738,python,1:58.83,198972,188228,6624,93.8,1.2,1,2,1:58,0,4,185332,0,795k,0,188228,310,2,278,30,0,12.1,1.5,0.0,86.4,0.0,0.0,0.0,0.0,15794.9 MiB,3408.2 MiB,2205.8 MiB,10180.8 MiB,4096.0 MiB,3681.5 MiB,414.5 MiB,12947.7 MiB
10,Python 3.11.3,binarytrees_compatible_all.py 21,102,1694249334,1249738,python,2:00.01,239932,228040,6624,100.0,1.4,1,2,2:00,0,4,226292,0,881k,0,228040,310,2,278,30,0,12.8,0.8,0.0,86.5,0.0,0.0,0.0,0.0,15794.9 MiB,3380.9 MiB,2233.1 MiB,10180.8 MiB,4096.0 MiB,3681.5 MiB,414.5 MiB,12920.4 MiB
10,Python 3.11.3,binarytrees_compatible_all.py 21,103,1694249336,1249738,python,2:01.18,310588,297160,6624,93.8,1.8,1,2,2:01,0,4,296948,0,974k,0,297160,310,2,278,30,0,11.4,2.3,0.0,86.4,0.0,0.0,0.0,0.0,15794.9 MiB,3313.5 MiB,2300.6 MiB,10180.8 MiB,4096.0 MiB,3681.5 MiB,414.5 MiB,12853.0 MiB
10,Python 3.11.3,binarytrees_compatible_all.py 21,104,1694249337,1249738,python,2:02.36,301372,289028,6624,100.0,1.8,1,2,2:02,0,4,287732,0,1.0m,0,289028,310,2,278,30,0,11.2,3.7,0.0,84.3,0.7,0.0,0.0,0.0,15794.9 MiB,3297.3 MiB,2316.7 MiB,10180.8 MiB,4096.0 MiB,3681.5 MiB,414.5 MiB,12836.8 MiB
10,Python 3.11.3,binarytrees_compatible_all.py 21,105,1694249338,1249738,python,2:03.54,199996,189236,6624,100.0,1.2,1,2,2:03,0,4,186356,0,1.1m,0,189236,310,2,278,30,0,12.8,1.5,0.0,85.7,0.0,0.0,0.0,0.0,15794.9 MiB,3406.5 MiB,2207.6 MiB,10180.8 MiB,4096.0 MiB,3681.5 MiB,414.5 MiB,12945.9 MiB
10,Python 3.11.3,binarytrees_compatible_all.py 21,106,1694249339,1249738,python,2:04.71,203068,192088,6624,93.8,1.2,1,2,2:04,0,4,189428,0,1.2m,0,192088,310,2,278,30,0,12.2,0.8,0.0,87.0,0.0,0.0,0.0,0.0,15794.9 MiB,3406.2 MiB,2207.8 MiB,10180.8 MiB,4096.0 MiB,3681.5 MiB,414.5 MiB,12945.7 MiB
10,Python 3.11.3,binarytrees_compatible_all.py 21,107,1694249340,1249738,python,2:05.89,274748,262528,6624,100.0,1.6,1,2,2:05,0,4,261108,0,1.3m,0,262528,310,2,278,30,0,12.9,0.8,0.0,86.4,0.0,0.0,0.0,0.0,15794.9 MiB,3347.9 MiB,2266.1 MiB,10180.8 MiB,4096.0 MiB,3681.5 MiB,414.5 MiB,12887.4 MiB
10,Python 3.11.3,binarytrees_compatible_all.py 21,108,1694249341,1249738,python,2:07.06,347452,334024,6624,93.8,2.1,1,2,2:07,0,4,333812,0,1.4m,0,334024,310,2,278,30,0,11.4,3.0,0.0,85.6,0.0,0.0,0.0,0.0,15794.9 MiB,3277.8 MiB,2336.3 MiB,10180.8 MiB,4096.0 MiB,3681.5 MiB,414.5 MiB,12817.3 MiB
10,Python 3.11.3,binarytrees_compatible_all.py 21,109,1694249343,1249738,python,2:08.24,208188,197300,6624,100.0,1.2,1,2,2:08,0,4,194548,0,1.4m,0,197300,310,2,278,30,0,12.0,2.3,0.0,85.0,0.8,0.0,0.0,0.0,15794.9 MiB,3398.1 MiB,2216.0 MiB,10180.8 MiB,4096.0 MiB,3681.5 MiB,414.5 MiB,12937.6 MiB
10,Python 3.11.3,binarytrees_compatible_all.py 21,110,1694249344,1249738,python,2:09.42,209212,198308,6624,100.0,1.2,1,2,2:09,0,4,195572,0,1.5m,0,198308,310,2,278,30,0,12.8,1.5,0.0,85.7,0.0,0.0,0.0,0.0,15794.9 MiB,3397.8 MiB,2216.3 MiB,10180.8 MiB,4096.0 MiB,3681.5 MiB,414.5 MiB,12937.3 MiB
10,Python 3.11.3,binarytrees_compatible_all.py 21,111,1694249345,1249738,python,2:10.59,57660,49144,6624,100.0,0.3,1,2,2:10,0,4,44020,0,1.6m,0,49144,310,2,278,30,0,12.0,2.3,0.0,85.7,0.0,0.0,0.0,0.0,15794.9 MiB,3543.1 MiB,2071.0 MiB,10180.8 MiB,4096.0 MiB,3681.5 MiB,414.5 MiB,13082.6 MiB
