test,version,appplication,no_measurement,timestamp,pid,command,time,virt,res,shr,percent_cpu,percent_mem,nTH,P,TIME,SWAP,CODE,DATA,nMaj,nMin,nDRT,USED,tasks_total,tasks_running,tasks_sleeping,tasks_stopped,tasks_zombie,cpu_us,cpu_sy,cpu_ni,cpu_id,cpu_wa,cpu_hi,cpu_si,cpu_st,mem_total,mem_free,mem_used,mem_buff_cache,swap_total,swap_free,swap_used,swap_avail,
1,g++-5 5.5.0,nbody_2.c 50000000,0,1695322284,2973702,nbody_2_g++-5,0:00.17,6496,1948,1772,100.0,0.0,1,7,0:00,0,12,556,0,223,0,1948,330,2,280,48,0,13.4,2.2,0.0,84.3,0.0,0.0,0.0,0.0,15794.9 MiB,4021.3 MiB,2192.1 MiB,9581.5 MiB,4096.0 MiB,3447.7 MiB,648.2 MiB,13006.5 MiB
1,g++-5 5.5.0,nbody_2.c 50000000,1,1695322285,2973702,nbody_2_g++-5,0:01.34,6496,1948,1772,100.0,0.0,1,3,0:01,0,12,556,0,223,0,1948,330,2,280,48,0,12.9,1.5,0.0,85.6,0.0,0.0,0.0,0.0,15794.9 MiB,4020.5 MiB,2192.4 MiB,9581.9 MiB,4096.0 MiB,3447.7 MiB,648.2 MiB,13005.8 MiB
1,g++-5 5.5.0,nbody_2.c 50000000,2,1695322287,2973702,nbody_2_g++-5,0:02.51,6496,1948,1772,100.0,0.0,1,3,0:02,0,12,556,0,223,0,1948,330,2,280,48,0,12.9,2.3,0.0,84.8,0.0,0.0,0.0,0.0,15794.9 MiB,4027.9 MiB,2192.1 MiB,9574.9 MiB,4096.0 MiB,3447.7 MiB,648.2 MiB,13013.2 MiB
1,g++-5 5.5.0,nbody_2.c 50000000,3,1695322288,2973702,nbody_2_g++-5,0:03.69,6496,1948,1772,100.0,0.0,1,3,0:03,0,12,556,0,223,0,1948,330,2,280,48,0,13.6,0.8,0.0,85.6,0.0,0.0,0.0,0.0,15794.9 MiB,4026.9 MiB,2193.0 MiB,9574.9 MiB,4096.0 MiB,3447.7 MiB,648.2 MiB,13012.2 MiB
1,g++-5 5.5.0,nbody_2.c 50000000,4,1695322289,2973702,nbody_2_g++-5,0:04.86,6496,1948,1772,100.0,0.0,1,3,0:04,0,12,556,0,223,0,1948,330,2,280,48,0,12.9,1.5,0.0,85.6,0.0,0.0,0.0,0.0,15794.9 MiB,4027.4 MiB,2192.5 MiB,9574.9 MiB,4096.0 MiB,3447.7 MiB,648.2 MiB,13012.7 MiB
1,g++-5 5.5.0,nbody_2.c 50000000,5,1695322290,2973702,nbody_2_g++-5,0:06.03,6496,1948,1772,100.0,0.0,1,3,0:06,0,12,556,0,223,0,1948,330,2,280,48,0,12.1,1.5,0.0,85.6,0.8,0.0,0.0,0.0,15794.9 MiB,4028.2 MiB,2191.8 MiB,9574.9 MiB,4096.0 MiB,3447.7 MiB,648.2 MiB,13013.5 MiB
1,g++-5 5.5.0,nbody_2.c 50000000,6,1695322291,2973702,nbody_2_g++-5,0:07.21,6496,1948,1772,100.0,0.0,1,3,0:07,0,12,556,0,223,0,1948,330,2,280,48,0,13.0,0.8,0.0,86.3,0.0,0.0,0.0,0.0,15794.9 MiB,4027.9 MiB,2192.0 MiB,9574.9 MiB,4096.0 MiB,3447.7 MiB,648.2 MiB,13013.2 MiB
1,g++-5 5.5.0,nbody_2.c 50000000,7,1695322292,2973702,nbody_2_g++-5,0:08.38,6496,1948,1772,100.0,0.0,1,3,0:08,0,12,556,0,223,0,1948,330,2,280,48,0,13.0,0.8,0.0,86.3,0.0,0.0,0.0,0.0,15794.9 MiB,4027.9 MiB,2192.0 MiB,9574.9 MiB,4096.0 MiB,3447.7 MiB,648.2 MiB,13013.2 MiB
1,g++-5 5.5.0,nbody_2.c 50000000,8,1695322294,2973702,nbody_2_g++-5,0:09.55,6496,1948,1772,100.0,0.0,1,3,0:09,0,12,556,0,223,0,1948,330,2,280,48,0,12.8,1.5,0.0,85.0,0.0,0.0,0.8,0.0,15794.9 MiB,4027.7 MiB,2192.3 MiB,9574.9 MiB,4096.0 MiB,3447.7 MiB,648.2 MiB,13013.0 MiB
1,g++-5 5.5.0,nbody_2.c 50000000,9,1695322295,2973702,nbody_2_g++-5,0:10.72,6496,1948,1772,100.0,0.0,1,3,0:10,0,12,556,0,223,0,1948,330,2,280,48,0,13.0,0.8,0.0,86.3,0.0,0.0,0.0,0.0,15794.9 MiB,4026.9 MiB,2193.0 MiB,9574.9 MiB,4096.0 MiB,3447.7 MiB,648.2 MiB,13012.2 MiB
1,g++-5 5.5.0,nbody_2.c 50000000,10,1695322296,2973702,nbody_2_g++-5,0:11.90,6496,1948,1772,100.0,0.0,1,3,0:11,0,12,556,0,223,0,1948,330,2,280,48,0,13.0,0.8,0.0,86.3,0.0,0.0,0.0,0.0,15794.9 MiB,4026.0 MiB,2194.0 MiB,9574.9 MiB,4096.0 MiB,3447.7 MiB,648.2 MiB,13011.3 MiB
1,g++-5 5.5.0,nbody_2.c 50000000,11,1695322297,2973702,nbody_2_g++-5,0:13.07,6496,1948,1772,100.0,0.0,1,3,0:13,0,12,556,0,223,0,1948,330,2,280,48,0,13.1,0.0,0.0,86.9,0.0,0.0,0.0,0.0,15794.9 MiB,4026.0 MiB,2194.0 MiB,9574.9 MiB,4096.0 MiB,3447.7 MiB,648.2 MiB,13011.3 MiB
1,g++-5 5.5.0,nbody_2.c 50000000,12,1695322298,2973702,nbody_2_g++-5,0:14.24,6496,1948,1772,100.0,0.0,1,3,0:14,0,12,556,0,223,0,1948,330,2,280,48,0,13.6,0.0,0.0,86.4,0.0,0.0,0.0,0.0,15794.9 MiB,4027.2 MiB,2192.8 MiB,9574.9 MiB,4096.0 MiB,3447.7 MiB,648.2 MiB,13012.5 MiB
1,g++-5 5.5.0,nbody_2.c 50000000,13,1695322299,2973702,nbody_2_g++-5,0:15.42,6496,1948,1772,100.0,0.0,1,3,0:15,0,12,556,0,223,0,1948,330,2,280,48,0,12.9,0.8,0.0,86.4,0.0,0.0,0.0,0.0,15794.9 MiB,4027.4 MiB,2192.5 MiB,9574.9 MiB,4096.0 MiB,3447.7 MiB,648.2 MiB,13012.7 MiB
1,g++-5 5.5.0,nbody_2.c 50000000,14,1695322301,2973702,nbody_2_g++-5,0:16.59,6496,1948,1772,100.0,0.0,1,3,0:16,0,12,556,0,223,0,1948,330,2,280,48,0,13.5,0.8,0.0,85.7,0.0,0.0,0.0,0.0,15794.9 MiB,4028.2 MiB,2191.8 MiB,9574.9 MiB,4096.0 MiB,3447.7 MiB,648.2 MiB,13013.5 MiB
1,g++-5 5.5.0,nbody_2.c 50000000,15,1695322302,2973702,nbody_2_g++-5,0:17.76,6496,1948,1772,100.0,0.0,1,7,0:17,0,12,556,0,223,0,1948,330,2,280,48,0,12.3,0.8,0.0,86.2,0.0,0.0,0.8,0.0,15794.9 MiB,4028.2 MiB,2191.8 MiB,9574.9 MiB,4096.0 MiB,3447.7 MiB,648.2 MiB,13013.5 MiB
1,g++-5 5.5.0,nbody_2.c 50000000,16,1695322303,2973702,nbody_2_g++-5,0:18.94,6496,1948,1772,100.0,0.0,1,7,0:18,0,12,556,0,223,0,1948,330,2,280,48,0,12.3,0.8,0.0,86.9,0.0,0.0,0.0,0.0,15794.9 MiB,4029.2 MiB,2190.8 MiB,9574.9 MiB,4096.0 MiB,3447.7 MiB,648.2 MiB,13014.5 MiB
1,g++-5 5.5.0,nbody_2.c 50000000,17,1695322304,2973702,nbody_2_g++-5,0:20.11,6496,1948,1772,100.0,0.0,1,7,0:20,0,12,556,0,223,0,1948,330,2,280,48,0,12.9,0.8,0.0,86.4,0.0,0.0,0.0,0.0,15794.9 MiB,4029.4 MiB,2190.5 MiB,9574.9 MiB,4096.0 MiB,3447.7 MiB,648.2 MiB,13014.7 MiB
1,g++-5 5.5.0,nbody_2.c 50000000,18,1695322305,2973702,nbody_2_g++-5,0:21.28,6496,1948,1772,100.0,0.0,1,7,0:21,0,12,556,0,223,0,1948,330,2,280,48,0,13.0,0.8,0.0,86.3,0.0,0.0,0.0,0.0,15794.9 MiB,4030.2 MiB,2189.8 MiB,9574.9 MiB,4096.0 MiB,3447.7 MiB,648.2 MiB,13015.5 MiB
1,g++-5 5.5.0,nbody_2.c 50000000,19,1695322307,2973702,nbody_2_g++-5,0:22.45,6496,1948,1772,93.8,0.0,1,7,0:22,0,12,556,0,223,0,1948,330,2,280,48,0,12.9,0.8,0.0,85.6,0.8,0.0,0.0,0.0,15794.9 MiB,4030.2 MiB,2189.8 MiB,9574.9 MiB,4096.0 MiB,3447.7 MiB,648.2 MiB,13015.5 MiB
1,g++-5 5.5.0,nbody_2.c 50000000,20,1695322308,2973702,nbody_2_g++-5,0:23.63,6496,1948,1772,100.0,0.0,1,7,0:23,0,12,556,0,223,0,1948,330,2,280,48,0,13.0,0.8,0.0,86.3,0.0,0.0,0.0,0.0,15794.9 MiB,4029.9 MiB,2190.0 MiB,9574.9 MiB,4096.0 MiB,3447.7 MiB,648.2 MiB,13015.2 MiB
1,g++-5 5.5.0,nbody_2.c 50000000,21,1695322309,2973702,nbody_2_g++-5,0:24.80,6496,1948,1772,100.0,0.0,1,7,0:24,0,12,556,0,223,0,1948,330,2,280,48,0,12.2,2.3,0.0,85.5,0.0,0.0,0.0,0.0,15794.9 MiB,4029.9 MiB,2190.0 MiB,9574.9 MiB,4096.0 MiB,3447.7 MiB,648.2 MiB,13015.2 MiB
1,g++-5 5.5.0,nbody_2.c 50000000,22,1695322310,2973702,nbody_2_g++-5,0:25.97,6496,1948,1772,100.0,0.0,1,7,0:25,0,12,556,0,223,0,1948,330,2,280,48,0,12.9,0.8,0.0,86.4,0.0,0.0,0.0,0.0,15794.9 MiB,4029.9 MiB,2190.0 MiB,9574.9 MiB,4096.0 MiB,3447.7 MiB,648.2 MiB,13015.2 MiB
1,g++-5 5.5.0,nbody_2.c 50000000,23,1695322311,2973702,nbody_2_g++-5,0:27.15,6496,1948,1772,100.0,0.0,1,7,0:27,0,12,556,0,223,0,1948,330,2,280,48,0,13.5,1.5,0.0,85.0,0.0,0.0,0.0,0.0,15794.9 MiB,4029.9 MiB,2190.0 MiB,9574.9 MiB,4096.0 MiB,3447.7 MiB,648.2 MiB,13015.2 MiB
1,g++-5 5.5.0,nbody_2.c 50000000,24,1695322312,2973702,nbody_2_g++-5,0:28.32,6496,1948,1772,100.0,0.0,1,7,0:28,0,12,556,0,223,0,1948,330,2,280,48,0,13.0,0.8,0.0,86.3,0.0,0.0,0.0,0.0,15794.9 MiB,4029.9 MiB,2190.0 MiB,9574.9 MiB,4096.0 MiB,3447.7 MiB,648.2 MiB,13015.2 MiB
1,g++-5 5.5.0,nbody_2.c 50000000,25,1695322314,2973702,nbody_2_g++-5,0:29.49,6496,1948,1772,100.0,0.0,1,7,0:29,0,12,556,0,223,0,1948,330,2,280,48,0,12.2,1.5,0.0,86.3,0.0,0.0,0.0,0.0,15794.9 MiB,4029.9 MiB,2190.0 MiB,9574.9 MiB,4096.0 MiB,3447.7 MiB,648.2 MiB,13015.2 MiB
1,g++-5 5.5.0,nbody_2.c 50000000,26,1695322315,2973702,nbody_2_g++-5,0:30.66,6496,1948,1772,93.8,0.0,1,7,0:30,0,12,556,0,223,0,1948,330,2,280,48,0,13.0,0.8,0.0,86.3,0.0,0.0,0.0,0.0,15794.9 MiB,4030.7 MiB,2189.3 MiB,9574.9 MiB,4096.0 MiB,3447.7 MiB,648.2 MiB,13016.0 MiB
1,g++-5 5.5.0,nbody_2.c 50000000,27,1695322316,2973702,nbody_2_g++-5,0:31.84,6496,1948,1772,100.0,0.0,1,3,0:31,0,12,556,0,223,0,1948,330,2,280,48,0,14.8,0.7,0.0,84.4,0.0,0.0,0.0,0.0,15794.9 MiB,4030.4 MiB,2189.5 MiB,9574.9 MiB,4096.0 MiB,3447.7 MiB,648.2 MiB,13015.7 MiB
1,g++-5 5.5.0,nbody_2.c 50000000,28,1695322317,2973702,nbody_2_g++-5,0:33.01,6496,1948,1772,100.0,0.0,1,3,0:33,0,12,556,0,223,0,1948,330,2,280,48,0,12.9,1.5,0.0,85.6,0.0,0.0,0.0,0.0,15794.9 MiB,4030.7 MiB,2189.3 MiB,9574.9 MiB,4096.0 MiB,3447.7 MiB,648.2 MiB,13016.0 MiB
1,g++-5 5.5.0,nbody_2.c 50000000,29,1695322318,2973702,nbody_2_g++-5,0:34.18,6496,1948,1772,93.8,0.0,1,3,0:34,0,12,556,0,223,0,1948,330,2,280,48,0,12.9,1.5,0.0,85.6,0.0,0.0,0.0,0.0,15794.9 MiB,4030.4 MiB,2189.5 MiB,9574.9 MiB,4096.0 MiB,3447.7 MiB,648.2 MiB,13015.7 MiB
1,g++-5 5.5.0,nbody_2.c 50000000,30,1695322319,2973702,nbody_2_g++-5,0:35.36,6496,1948,1772,100.0,0.0,1,3,0:35,0,12,556,0,223,0,1948,330,2,280,48,0,12.3,1.5,0.0,86.2,0.0,0.0,0.0,0.0,15794.9 MiB,4029.9 MiB,2190.0 MiB,9575.0 MiB,4096.0 MiB,3447.7 MiB,648.2 MiB,13015.2 MiB
1,g++-5 5.5.0,nbody_2.c 50000000,31,1695322321,2973702,nbody_2_g++-5,0:36.53,6496,1948,1772,100.0,0.0,1,3,0:36,0,12,556,0,223,0,1948,330,2,280,48,0,12.8,1.5,0.0,85.7,0.0,0.0,0.0,0.0,15794.9 MiB,4029.9 MiB,2190.0 MiB,9575.0 MiB,4096.0 MiB,3447.7 MiB,648.2 MiB,13015.2 MiB
1,g++-5 5.5.0,nbody_2.c 50000000,32,1695322322,2973702,nbody_2_g++-5,0:37.70,6496,1948,1772,93.8,0.0,1,3,0:37,0,12,556,0,223,0,1948,330,2,280,48,0,12.8,1.5,0.0,85.7,0.0,0.0,0.0,0.0,15794.9 MiB,4030.2 MiB,2189.8 MiB,9574.9 MiB,4096.0 MiB,3447.7 MiB,648.2 MiB,13015.5 MiB
1,g++-5 5.5.0,nbody_2.c 50000000,33,1695322323,2973702,nbody_2_g++-5,0:38.88,6496,1948,1772,100.0,0.0,1,3,0:38,0,12,556,0,223,0,1948,330,2,280,48,0,12.9,1.5,0.0,85.6,0.0,0.0,0.0,0.0,15794.9 MiB,4029.9 MiB,2190.1 MiB,9574.9 MiB,4096.0 MiB,3447.7 MiB,648.2 MiB,13015.2 MiB
1,g++-5 5.5.0,nbody_2.c 50000000,34,1695322324,2973702,nbody_2_g++-5,0:40.05,6496,1948,1772,100.0,0.0,1,7,0:40,0,12,556,0,223,0,1948,330,2,280,48,0,13.7,0.0,0.0,86.3,0.0,0.0,0.0,0.0,15794.9 MiB,4029.7 MiB,2190.3 MiB,9574.9 MiB,4096.0 MiB,3447.7 MiB,648.2 MiB,13015.0 MiB
1,g++-5 5.5.0,nbody_2.c 50000000,35,1695322325,2973702,nbody_2_g++-5,0:41.22,6496,1948,1772,93.8,0.0,1,7,0:41,0,12,556,0,223,0,1948,330,2,280,48,0,13.1,0.0,0.0,86.9,0.0,0.0,0.0,0.0,15794.9 MiB,4029.9 MiB,2190.1 MiB,9574.9 MiB,4096.0 MiB,3447.7 MiB,648.2 MiB,13015.2 MiB
1,g++-5 5.5.0,nbody_2.c 50000000,36,1695322326,2973702,nbody_2_g++-5,0:42.40,6496,1948,1772,100.0,0.0,1,7,0:42,0,12,556,0,223,0,1948,330,2,280,48,0,13.5,1.5,0.0,85.0,0.0,0.0,0.0,0.0,15794.9 MiB,4030.2 MiB,2189.8 MiB,9574.9 MiB,4096.0 MiB,3447.7 MiB,648.2 MiB,13015.5 MiB
1,g++-5 5.5.0,nbody_2.c 50000000,37,1695322328,2973702,nbody_2_g++-5,0:43.57,6496,1948,1772,100.0,0.0,1,7,0:43,0,12,556,0,223,0,1948,330,2,280,48,0,12.2,0.8,0.0,87.0,0.0,0.0,0.0,0.0,15794.9 MiB,4030.4 MiB,2189.6 MiB,9574.9 MiB,4096.0 MiB,3447.7 MiB,648.2 MiB,13015.7 MiB
1,g++-5 5.5.0,nbody_2.c 50000000,38,1695322329,2973702,nbody_2_g++-5,0:44.74,6496,1948,1772,93.8,0.0,1,7,0:44,0,12,556,0,223,0,1948,330,2,280,48,0,13.6,0.8,0.0,85.6,0.0,0.0,0.0,0.0,15794.9 MiB,4029.7 MiB,2190.3 MiB,9574.9 MiB,4096.0 MiB,3447.7 MiB,648.2 MiB,13015.0 MiB
1,g++-5 5.5.0,nbody_2.c 50000000,39,1695322330,2973702,nbody_2_g++-5,0:45.92,6496,1948,1772,100.0,0.0,1,3,0:45,0,12,556,0,223,0,1948,330,2,280,48,0,14.4,0.8,0.0,84.8,0.0,0.0,0.0,0.0,15794.9 MiB,4029.9 MiB,2190.1 MiB,9574.9 MiB,4096.0 MiB,3447.7 MiB,648.2 MiB,13015.2 MiB
1,g++-5 5.5.0,nbody_2.c 50000000,40,1695322331,2973702,nbody_2_g++-5,0:47.09,6496,1948,1772,100.0,0.0,1,7,0:47,0,12,556,0,223,0,1948,330,2,280,48,0,12.2,1.5,0.0,86.3,0.0,0.0,0.0,0.0,15794.9 MiB,4029.4 MiB,2190.6 MiB,9574.9 MiB,4096.0 MiB,3447.7 MiB,648.2 MiB,13014.8 MiB
1,g++-5 5.5.0,nbody_2.c 50000000,41,1695322332,2973702,nbody_2_g++-5,0:48.26,6496,1948,1772,93.8,0.0,1,7,0:48,0,12,556,0,223,0,1948,330,2,280,48,0,12.9,0.8,0.0,86.4,0.0,0.0,0.0,0.0,15794.9 MiB,4029.7 MiB,2190.3 MiB,9574.9 MiB,4096.0 MiB,3447.7 MiB,648.2 MiB,13015.0 MiB
1,g++-5 5.5.0,nbody_2.c 50000000,42,1695322334,2973702,nbody_2_g++-5,0:49.44,6496,1948,1772,100.0,0.0,1,7,0:49,0,12,556,0,223,0,1948,330,2,280,48,0,13.4,1.5,0.0,85.1,0.0,0.0,0.0,0.0,15794.9 MiB,4029.7 MiB,2190.3 MiB,9574.9 MiB,4096.0 MiB,3447.7 MiB,648.2 MiB,13015.0 MiB
1,g++-5 5.5.0,nbody_2.c 50000000,43,1695322335,2973702,nbody_2_g++-5,0:50.61,6496,1948,1772,100.0,0.0,1,7,0:50,0,12,556,0,223,0,1948,330,2,280,48,0,12.9,1.5,0.0,85.6,0.0,0.0,0.0,0.0,15794.9 MiB,4029.2 MiB,2190.8 MiB,9574.9 MiB,4096.0 MiB,3447.7 MiB,648.2 MiB,13014.5 MiB
1,g++-5 5.5.0,nbody_2.c 50000000,44,1695322336,2973702,nbody_2_g++-5,0:51.78,6496,1948,1772,93.8,0.0,1,7,0:51,0,12,556,0,223,0,1948,330,2,280,48,0,12.2,0.8,0.0,86.3,0.8,0.0,0.0,0.0,15794.9 MiB,4028.2 MiB,2191.8 MiB,9574.9 MiB,4096.0 MiB,3447.7 MiB,648.2 MiB,13013.6 MiB
1,g++-5 5.5.0,nbody_2.c 50000000,45,1695322337,2973702,nbody_2_g++-5,0:52.96,6496,1948,1772,100.0,0.0,1,7,0:52,0,12,556,0,223,0,1948,330,2,280,48,0,13.4,1.5,0.0,84.3,0.0,0.0,0.7,0.0,15794.9 MiB,4028.9 MiB,2191.0 MiB,9574.9 MiB,4096.0 MiB,3447.7 MiB,648.2 MiB,13014.3 MiB
1,g++-5 5.5.0,nbody_2.c 50000000,46,1695322338,2973702,nbody_2_g++-5,0:54.13,6496,1948,1772,100.0,0.0,1,7,0:54,0,12,556,0,223,0,1948,330,2,280,48,0,12.1,1.5,0.0,86.4,0.0,0.0,0.0,0.0,15794.9 MiB,4029.2 MiB,2190.8 MiB,9574.9 MiB,4096.0 MiB,3447.7 MiB,648.2 MiB,13014.5 MiB
1,g++-5 5.5.0,nbody_2.c 50000000,47,1695322339,2973702,nbody_2_g++-5,0:55.31,6496,1948,1772,100.0,0.0,1,7,0:55,0,12,556,0,223,0,1948,330,2,280,48,0,13.5,0.8,0.0,85.7,0.0,0.0,0.0,0.0,15794.9 MiB,4029.4 MiB,2190.5 MiB,9574.9 MiB,4096.0 MiB,3447.7 MiB,648.2 MiB,13014.8 MiB
1,g++-5 5.5.0,nbody_2.c 50000000,48,1695322341,2973702,nbody_2_g++-5,0:56.48,6496,1948,1772,100.0,0.0,1,7,0:56,0,12,556,0,223,0,1948,330,2,280,48,0,13.0,0.8,0.0,86.3,0.0,0.0,0.0,0.0,15794.9 MiB,4028.9 MiB,2191.0 MiB,9574.9 MiB,4096.0 MiB,3447.7 MiB,648.2 MiB,13014.3 MiB
1,g++-5 5.5.0,nbody_2.c 50000000,49,1695322342,2973702,nbody_2_g++-5,0:57.65,6496,1948,1772,100.0,0.0,1,7,0:57,0,12,556,0,223,0,1948,330,2,280,48,0,13.0,0.8,0.0,86.3,0.0,0.0,0.0,0.0,15794.9 MiB,4028.7 MiB,2191.3 MiB,9574.9 MiB,4096.0 MiB,3447.7 MiB,648.2 MiB,13014.1 MiB
1,g++-5 5.5.0,nbody_2.c 50000000,50,1695322343,2973702,nbody_2_g++-5,0:58.83,6496,1948,1772,100.0,0.0,1,7,0:58,0,12,556,0,223,0,1948,330,2,280,48,0,12.9,1.5,0.0,85.6,0.0,0.0,0.0,0.0,15794.9 MiB,4028.7 MiB,2191.3 MiB,9574.9 MiB,4096.0 MiB,3447.7 MiB,648.2 MiB,13014.1 MiB
1,g++-5 5.5.0,nbody_2.c 50000000,51,1695322344,2973702,nbody_2_g++-5,1:00.00,6496,1948,1772,100.0,0.0,1,7,1:00,0,12,556,0,223,0,1948,330,2,280,48,0,13.6,0.8,0.0,85.6,0.0,0.0,0.0,0.0,15794.9 MiB,4028.7 MiB,2191.3 MiB,9574.9 MiB,4096.0 MiB,3447.7 MiB,648.2 MiB,13014.1 MiB
1,g++-5 5.5.0,nbody_2.c 50000000,52,1695322345,2973702,nbody_2_g++-5,1:01.17,6496,1948,1772,100.0,0.0,1,7,1:01,0,12,556,0,223,0,1948,330,2,280,48,0,13.0,0.8,0.0,86.3,0.0,0.0,0.0,0.0,15794.9 MiB,4028.5 MiB,2191.5 MiB,9574.9 MiB,4096.0 MiB,3447.7 MiB,648.2 MiB,13013.8 MiB
1,g++-5 5.5.0,nbody_2.c 50000000,53,1695322346,2973702,nbody_2_g++-5,1:02.35,6496,1948,1772,100.0,0.0,1,7,1:02,0,12,556,0,223,0,1948,330,2,280,48,0,12.9,1.5,0.0,85.6,0.0,0.0,0.0,0.0,15794.9 MiB,4028.7 MiB,2191.3 MiB,9574.9 MiB,4096.0 MiB,3447.7 MiB,648.2 MiB,13014.1 MiB
1,g++-5 5.5.0,nbody_2.c 50000000,54,1695322348,2973702,nbody_2_g++-5,1:03.52,6496,1948,1772,100.0,0.0,1,7,1:03,0,12,556,0,223,0,1948,330,2,280,48,0,13.6,0.0,0.0,86.4,0.0,0.0,0.0,0.0,15794.9 MiB,4028.7 MiB,2191.3 MiB,9574.9 MiB,4096.0 MiB,3447.7 MiB,648.2 MiB,13014.1 MiB
1,g++-5 5.5.0,nbody_2.c 50000000,55,1695322349,2973702,nbody_2_g++-5,1:04.69,6496,1948,1772,100.0,0.0,1,7,1:04,0,12,556,0,223,0,1948,330,2,280,48,0,12.9,0.8,0.0,86.4,0.0,0.0,0.0,0.0,15794.9 MiB,4028.5 MiB,2191.5 MiB,9574.9 MiB,4096.0 MiB,3447.7 MiB,648.2 MiB,13013.8 MiB
1,g++-5 5.5.0,nbody_2.c 50000000,56,1695322350,2973702,nbody_2_g++-5,1:05.87,6496,1948,1772,100.0,0.0,1,7,1:05,0,12,556,0,223,0,1948,330,2,280,48,0,12.9,0.8,0.0,86.4,0.0,0.0,0.0,0.0,15794.9 MiB,4028.0 MiB,2192.0 MiB,9574.9 MiB,4096.0 MiB,3447.7 MiB,648.2 MiB,13013.3 MiB
1,g++-5 5.5.0,nbody_2.c 50000000,57,1695322351,2973702,nbody_2_g++-5,1:07.04,6496,1948,1772,100.0,0.0,1,7,1:07,0,12,556,0,223,0,1948,330,2,280,48,0,12.1,1.5,0.0,86.4,0.0,0.0,0.0,0.0,15794.9 MiB,4028.0 MiB,2192.0 MiB,9574.9 MiB,4096.0 MiB,3447.7 MiB,648.2 MiB,13013.3 MiB
1,g++-5 5.5.0,nbody_2.c 50000000,58,1695322352,2973702,nbody_2_g++-5,1:08.21,6496,1948,1772,100.0,0.0,1,3,1:08,0,12,556,0,223,0,1948,330,2,280,48,0,13.7,0.0,0.0,86.3,0.0,0.0,0.0,0.0,15794.9 MiB,4027.7 MiB,2192.2 MiB,9574.9 MiB,4096.0 MiB,3447.7 MiB,648.2 MiB,13013.1 MiB
1,g++-5 5.5.0,nbody_2.c 50000000,59,1695322353,2973702,nbody_2_g++-5,1:09.39,6496,1948,1772,100.0,0.0,1,3,1:09,0,12,556,0,223,0,1948,330,2,280,48,0,13.6,0.8,0.0,85.6,0.0,0.0,0.0,0.0,15794.9 MiB,4026.7 MiB,2193.2 MiB,9574.9 MiB,4096.0 MiB,3447.7 MiB,648.2 MiB,13012.1 MiB
1,g++-5 5.5.0,nbody_2.c 50000000,60,1695322355,2973702,nbody_2_g++-5,1:10.56,6496,1948,1772,100.0,0.0,1,3,1:10,0,12,556,0,223,0,1948,330,2,280,48,0,12.1,1.5,0.0,86.4,0.0,0.0,0.0,0.0,15794.9 MiB,4026.7 MiB,2193.2 MiB,9574.9 MiB,4096.0 MiB,3447.7 MiB,648.2 MiB,13012.1 MiB
1,g++-5 5.5.0,nbody_2.c 50000000,61,1695322356,2973702,nbody_2_g++-5,1:11.73,6496,1948,1772,100.0,0.0,1,3,1:11,0,12,556,0,223,0,1948,330,2,280,48,0,12.9,1.5,0.0,85.6,0.0,0.0,0.0,0.0,15794.9 MiB,4026.0 MiB,2194.0 MiB,9574.9 MiB,4096.0 MiB,3447.7 MiB,648.2 MiB,13011.4 MiB
1,g++-5 5.5.0,nbody_2.c 50000000,62,1695322357,2973702,nbody_2_g++-5,1:12.91,6496,1948,1772,100.0,0.0,1,3,1:12,0,12,556,0,223,0,1948,330,2,280,48,0,13.6,0.0,0.0,86.4,0.0,0.0,0.0,0.0,15794.9 MiB,4026.0 MiB,2194.0 MiB,9574.9 MiB,4096.0 MiB,3447.7 MiB,648.2 MiB,13011.4 MiB
1,g++-5 5.5.0,nbody_2.c 50000000,63,1695322358,2973702,nbody_2_g++-5,1:14.08,6496,1948,1772,100.0,0.0,1,3,1:14,0,12,556,0,223,0,1948,330,2,280,48,0,12.2,0.8,0.0,87.0,0.0,0.0,0.0,0.0,15794.9 MiB,4026.0 MiB,2194.0 MiB,9574.9 MiB,4096.0 MiB,3447.7 MiB,648.2 MiB,13011.4 MiB
2,g++-5 5.5.0,nbody_2.c 50000000,0,1695322359,2974096,nbody_2_g++-5,0:00.16,6496,1948,1772,100.0,0.0,1,1,0:00,0,12,556,0,234,0,1948,330,2,280,48,0,14.2,1.5,0.0,84.3,0.0,0.0,0.0,0.0,15794.9 MiB,4019.1 MiB,2194.0 MiB,9581.7 MiB,4096.0 MiB,3447.7 MiB,648.2 MiB,13004.5 MiB
2,g++-5 5.5.0,nbody_2.c 50000000,1,1695322360,2974096,nbody_2_g++-5,0:01.34,6496,1948,1772,100.0,0.0,1,1,0:01,0,12,556,0,234,0,1948,330,2,280,48,0,12.9,1.5,0.0,85.6,0.0,0.0,0.0,0.0,15794.9 MiB,4019.6 MiB,2193.3 MiB,9581.9 MiB,4096.0 MiB,3447.7 MiB,648.2 MiB,13005.0 MiB
2,g++-5 5.5.0,nbody_2.c 50000000,2,1695322362,2974096,nbody_2_g++-5,0:02.51,6496,1948,1772,100.0,0.0,1,1,0:02,0,12,556,0,234,0,1948,330,2,280,48,0,13.6,0.8,0.0,85.6,0.0,0.0,0.0,0.0,15794.9 MiB,4026.3 MiB,2193.7 MiB,9574.9 MiB,4096.0 MiB,3447.7 MiB,648.2 MiB,13011.6 MiB
2,g++-5 5.5.0,nbody_2.c 50000000,3,1695322363,2974096,nbody_2_g++-5,0:03.68,6496,1948,1772,100.0,0.0,1,1,0:03,0,12,556,0,234,0,1948,330,2,280,48,0,13.0,0.8,0.0,86.3,0.0,0.0,0.0,0.0,15794.9 MiB,4026.2 MiB,2193.7 MiB,9574.9 MiB,4096.0 MiB,3447.7 MiB,648.2 MiB,13011.6 MiB
2,g++-5 5.5.0,nbody_2.c 50000000,4,1695322364,2974096,nbody_2_g++-5,0:04.86,6496,1948,1772,100.0,0.0,1,1,0:04,0,12,556,0,234,0,1948,330,2,280,48,0,12.8,1.5,0.0,85.7,0.0,0.0,0.0,0.0,15794.9 MiB,4026.0 MiB,2193.9 MiB,9574.9 MiB,4096.0 MiB,3447.7 MiB,648.2 MiB,13011.4 MiB
2,g++-5 5.5.0,nbody_2.c 50000000,5,1695322365,2974096,nbody_2_g++-5,0:06.03,6496,1948,1772,100.0,0.0,1,5,0:06,0,12,556,0,234,0,1948,330,2,280,48,0,13.0,0.8,0.0,86.3,0.0,0.0,0.0,0.0,15794.9 MiB,4026.0 MiB,2193.9 MiB,9574.9 MiB,4096.0 MiB,3447.7 MiB,648.2 MiB,13011.4 MiB
2,g++-5 5.5.0,nbody_2.c 50000000,6,1695322366,2974096,nbody_2_g++-5,0:07.20,6496,1948,1772,100.0,0.0,1,5,0:07,0,12,556,0,234,0,1948,330,2,280,48,0,13.6,0.8,0.0,85.6,0.0,0.0,0.0,0.0,15794.9 MiB,4026.2 MiB,2193.7 MiB,9574.9 MiB,4096.0 MiB,3447.7 MiB,648.2 MiB,13011.6 MiB
2,g++-5 5.5.0,nbody_2.c 50000000,7,1695322368,2974096,nbody_2_g++-5,0:08.38,6496,1948,1772,100.0,0.0,1,5,0:08,0,12,556,0,234,0,1948,330,2,280,48,0,12.9,1.4,0.0,85.6,0.0,0.0,0.0,0.0,15794.9 MiB,4026.2 MiB,2193.7 MiB,9574.9 MiB,4096.0 MiB,3447.7 MiB,648.2 MiB,13011.6 MiB
2,g++-5 5.5.0,nbody_2.c 50000000,8,1695322369,2974096,nbody_2_g++-5,0:09.56,6496,1948,1772,100.0,0.0,1,5,0:09,0,12,556,0,234,0,1948,330,2,280,48,0,13.0,0.8,0.0,86.3,0.0,0.0,0.0,0.0,15794.9 MiB,4026.7 MiB,2193.2 MiB,9574.9 MiB,4096.0 MiB,3447.7 MiB,648.2 MiB,13012.1 MiB
2,g++-5 5.5.0,nbody_2.c 50000000,9,1695322370,2974096,nbody_2_g++-5,0:10.74,6496,1948,1772,100.0,0.0,1,5,0:10,0,12,556,0,234,0,1948,330,2,280,48,0,13.5,0.8,0.0,85.7,0.0,0.0,0.0,0.0,15794.9 MiB,4027.5 MiB,2192.5 MiB,9574.9 MiB,4096.0 MiB,3447.7 MiB,648.2 MiB,13012.9 MiB
2,g++-5 5.5.0,nbody_2.c 50000000,10,1695322371,2974096,nbody_2_g++-5,0:11.91,6496,1948,1772,100.0,0.0,1,5,0:11,0,12,556,0,234,0,1948,330,2,280,48,0,12.9,1.5,0.0,85.6,0.0,0.0,0.0,0.0,15794.9 MiB,4027.0 MiB,2192.9 MiB,9574.9 MiB,4096.0 MiB,3447.7 MiB,648.2 MiB,13012.4 MiB
2,g++-5 5.5.0,nbody_2.c 50000000,11,1695322372,2974096,nbody_2_g++-5,0:13.08,6496,1948,1772,100.0,0.0,1,5,0:13,0,12,556,0,234,0,1948,330,2,280,48,0,12.3,0.8,0.0,86.9,0.0,0.0,0.0,0.0,15794.9 MiB,4027.0 MiB,2192.9 MiB,9574.9 MiB,4096.0 MiB,3447.7 MiB,648.2 MiB,13012.4 MiB
2,g++-5 5.5.0,nbody_2.c 50000000,12,1695322373,2974096,nbody_2_g++-5,0:14.26,6496,1948,1772,100.0,0.0,1,5,0:14,0,12,556,0,234,0,1948,331,2,281,48,0,12.9,0.8,0.0,86.4,0.0,0.0,0.0,0.0,15794.9 MiB,4027.0 MiB,2192.9 MiB,9574.9 MiB,4096.0 MiB,3447.7 MiB,648.2 MiB,13012.4 MiB
2,g++-5 5.5.0,nbody_2.c 50000000,13,1695322375,2974096,nbody_2_g++-5,0:15.43,6496,1948,1772,100.0,0.0,1,1,0:15,0,12,556,0,234,0,1948,331,2,281,48,0,12.2,0.8,0.0,87.0,0.0,0.0,0.0,0.0,15794.9 MiB,4026.7 MiB,2193.2 MiB,9574.9 MiB,4096.0 MiB,3447.7 MiB,648.2 MiB,13012.1 MiB
2,g++-5 5.5.0,nbody_2.c 50000000,14,1695322376,2974096,nbody_2_g++-5,0:16.60,6496,1948,1772,100.0,0.0,1,1,0:16,0,12,556,0,234,0,1948,330,2,280,48,0,13.0,1.5,0.0,85.5,0.0,0.0,0.0,0.0,15794.9 MiB,4024.8 MiB,2195.2 MiB,9574.9 MiB,4096.0 MiB,3447.7 MiB,648.2 MiB,13010.2 MiB
2,g++-5 5.5.0,nbody_2.c 50000000,15,1695322377,2974096,nbody_2_g++-5,0:17.77,6496,1948,1772,93.8,0.0,1,1,0:17,0,12,556,0,234,0,1948,330,2,280,48,0,12.9,1.5,0.0,85.6,0.0,0.0,0.0,0.0,15794.9 MiB,4024.8 MiB,2195.2 MiB,9574.9 MiB,4096.0 MiB,3447.7 MiB,648.2 MiB,13010.2 MiB
2,g++-5 5.5.0,nbody_2.c 50000000,16,1695322378,2974096,nbody_2_g++-5,0:18.95,6496,1948,1772,100.0,0.0,1,1,0:18,0,12,556,0,234,0,1948,330,2,280,48,0,12.9,0.8,0.0,86.4,0.0,0.0,0.0,0.0,15794.9 MiB,4024.8 MiB,2195.2 MiB,9574.9 MiB,4096.0 MiB,3447.7 MiB,648.2 MiB,13010.2 MiB
2,g++-5 5.5.0,nbody_2.c 50000000,17,1695322379,2974096,nbody_2_g++-5,0:20.12,6496,1948,1772,100.0,0.0,1,1,0:20,0,12,556,0,234,0,1948,330,2,280,48,0,12.3,0.8,0.0,86.9,0.0,0.0,0.0,0.0,15794.9 MiB,4024.0 MiB,2195.9 MiB,9574.9 MiB,4096.0 MiB,3447.7 MiB,648.2 MiB,13009.4 MiB
2,g++-5 5.5.0,nbody_2.c 50000000,18,1695322380,2974096,nbody_2_g++-5,0:21.29,6496,1948,1772,93.8,0.0,1,1,0:21,0,12,556,0,234,0,1948,330,2,280,48,0,13.0,0.8,0.0,86.3,0.0,0.0,0.0,0.0,15794.9 MiB,4024.0 MiB,2195.9 MiB,9574.9 MiB,4096.0 MiB,3447.7 MiB,648.2 MiB,13009.4 MiB
2,g++-5 5.5.0,nbody_2.c 50000000,19,1695322382,2974096,nbody_2_g++-5,0:22.47,6496,1948,1772,100.0,0.0,1,1,0:22,0,12,556,0,234,0,1948,330,2,280,48,0,12.9,0.8,0.0,86.4,0.0,0.0,0.0,0.0,15794.9 MiB,4024.0 MiB,2195.9 MiB,9574.9 MiB,4096.0 MiB,3447.7 MiB,648.2 MiB,13009.4 MiB
2,g++-5 5.5.0,nbody_2.c 50000000,20,1695322383,2974096,nbody_2_g++-5,0:23.64,6496,1948,1772,100.0,0.0,1,1,0:23,0,12,556,0,234,0,1948,330,2,280,48,0,12.1,1.5,0.0,85.6,0.8,0.0,0.0,0.0,15794.9 MiB,4023.8 MiB,2196.1 MiB,9574.9 MiB,4096.0 MiB,3447.7 MiB,648.2 MiB,13009.2 MiB
2,g++-5 5.5.0,nbody_2.c 50000000,21,1695322384,2974096,nbody_2_g++-5,0:24.81,6496,1948,1772,100.0,0.0,1,1,0:24,0,12,556,0,234,0,1948,330,2,280,48,0,13.0,0.8,0.0,86.3,0.0,0.0,0.0,0.0,15794.9 MiB,4022.8 MiB,2197.1 MiB,9574.9 MiB,4096.0 MiB,3447.7 MiB,648.2 MiB,13008.2 MiB
2,g++-5 5.5.0,nbody_2.c 50000000,22,1695322385,2974096,nbody_2_g++-5,0:25.99,6496,1948,1772,100.0,0.0,1,1,0:25,0,12,556,0,234,0,1948,330,2,280,48,0,13.0,0.8,0.0,86.3,0.0,0.0,0.0,0.0,15794.9 MiB,4023.6 MiB,2196.3 MiB,9574.9 MiB,4096.0 MiB,3447.7 MiB,648.2 MiB,13009.0 MiB
2,g++-5 5.5.0,nbody_2.c 50000000,23,1695322386,2974096,nbody_2_g++-5,0:27.16,6496,1948,1772,100.0,0.0,1,1,0:27,0,12,556,0,234,0,1948,330,2,280,48,0,13.1,0.0,0.0,86.9,0.0,0.0,0.0,0.0,15794.9 MiB,4024.1 MiB,2195.8 MiB,9574.9 MiB,4096.0 MiB,3447.7 MiB,648.2 MiB,13009.5 MiB
2,g++-5 5.5.0,nbody_2.c 50000000,24,1695322387,2974096,nbody_2_g++-5,0:28.33,6496,1948,1772,100.0,0.0,1,1,0:28,0,12,556,0,234,0,1948,330,2,280,48,0,12.9,1.5,0.0,85.6,0.0,0.0,0.0,0.0,15794.9 MiB,4024.8 MiB,2195.1 MiB,9574.9 MiB,4096.0 MiB,3447.7 MiB,648.2 MiB,13010.3 MiB
2,g++-5 5.5.0,nbody_2.c 50000000,25,1695322389,2974096,nbody_2_g++-5,0:29.51,6496,1948,1772,100.0,0.0,1,1,0:29,0,12,556,0,234,0,1948,330,2,280,48,0,12.8,1.5,0.0,85.7,0.0,0.0,0.0,0.0,15794.9 MiB,4024.4 MiB,2195.5 MiB,9574.9 MiB,4096.0 MiB,3447.7 MiB,648.2 MiB,13009.8 MiB
2,g++-5 5.5.0,nbody_2.c 50000000,26,1695322390,2974096,nbody_2_g++-5,0:30.68,6496,1948,1772,100.0,0.0,1,1,0:30,0,12,556,0,234,0,1948,330,2,280,48,0,13.6,0.8,0.0,85.6,0.0,0.0,0.0,0.0,15794.9 MiB,4024.1 MiB,2195.8 MiB,9575.0 MiB,4096.0 MiB,3447.7 MiB,648.2 MiB,13009.6 MiB
2,g++-5 5.5.0,nbody_2.c 50000000,27,1695322391,2974096,nbody_2_g++-5,0:31.85,6496,1948,1772,93.8,0.0,1,1,0:31,0,12,556,0,234,0,1948,330,2,280,48,0,12.2,0.8,0.0,87.0,0.0,0.0,0.0,0.0,15794.9 MiB,4024.1 MiB,2195.8 MiB,9575.0 MiB,4096.0 MiB,3447.7 MiB,648.2 MiB,13009.6 MiB
2,g++-5 5.5.0,nbody_2.c 50000000,28,1695322392,2974096,nbody_2_g++-5,0:33.03,6496,1948,1772,100.0,0.0,1,5,0:33,0,12,556,0,234,0,1948,330,2,280,48,0,14.4,0.0,0.0,85.6,0.0,0.0,0.0,0.0,15794.9 MiB,4024.6 MiB,2195.3 MiB,9575.0 MiB,4096.0 MiB,3447.7 MiB,648.2 MiB,13010.1 MiB
2,g++-5 5.5.0,nbody_2.c 50000000,29,1695322393,2974096,nbody_2_g++-5,0:34.20,6496,1948,1772,100.0,0.0,1,5,0:34,0,12,556,0,234,0,1948,330,2,280,48,0,13.1,0.0,0.0,86.9,0.0,0.0,0.0,0.0,15794.9 MiB,4024.4 MiB,2195.5 MiB,9575.0 MiB,4096.0 MiB,3447.7 MiB,648.2 MiB,13009.8 MiB
2,g++-5 5.5.0,nbody_2.c 50000000,30,1695322395,2974096,nbody_2_g++-5,0:35.37,6496,1948,1772,100.0,0.0,1,5,0:35,0,12,556,0,234,0,1948,330,2,280,48,0,13.6,0.0,0.0,86.4,0.0,0.0,0.0,0.0,15794.9 MiB,4024.4 MiB,2195.5 MiB,9575.0 MiB,4096.0 MiB,3447.7 MiB,648.2 MiB,13009.8 MiB
2,g++-5 5.5.0,nbody_2.c 50000000,31,1695322396,2974096,nbody_2_g++-5,0:36.55,6496,1948,1772,100.0,0.0,1,5,0:36,0,12,556,0,234,0,1948,330,2,280,48,0,12.9,1.5,0.0,85.6,0.0,0.0,0.0,0.0,15794.9 MiB,4024.4 MiB,2195.5 MiB,9575.0 MiB,4096.0 MiB,3447.7 MiB,648.2 MiB,13009.8 MiB
2,g++-5 5.5.0,nbody_2.c 50000000,32,1695322397,2974096,nbody_2_g++-5,0:37.72,6496,1948,1772,100.0,0.0,1,5,0:37,0,12,556,0,234,0,1948,330,2,280,48,0,13.0,0.8,0.0,86.3,0.0,0.0,0.0,0.0,15794.9 MiB,4024.7 MiB,2195.2 MiB,9575.0 MiB,4096.0 MiB,3447.7 MiB,648.2 MiB,13010.1 MiB
2,g++-5 5.5.0,nbody_2.c 50000000,33,1695322398,2974096,nbody_2_g++-5,0:38.89,6496,1948,1772,100.0,0.0,1,5,0:38,0,12,556,0,234,0,1948,330,2,280,48,0,12.2,0.8,0.0,87.0,0.0,0.0,0.0,0.0,15794.9 MiB,4024.7 MiB,2195.2 MiB,9575.0 MiB,4096.0 MiB,3447.7 MiB,648.2 MiB,13010.1 MiB
2,g++-5 5.5.0,nbody_2.c 50000000,34,1695322399,2974096,nbody_2_g++-5,0:40.07,6496,1948,1772,100.0,0.0,1,5,0:40,0,12,556,0,234,0,1948,331,2,281,48,0,12.9,0.8,0.0,86.4,0.0,0.0,0.0,0.0,15794.9 MiB,4024.7 MiB,2195.2 MiB,9575.0 MiB,4096.0 MiB,3447.7 MiB,648.2 MiB,13010.1 MiB
2,g++-5 5.5.0,nbody_2.c 50000000,35,1695322400,2974096,nbody_2_g++-5,0:41.24,6496,1948,1772,100.0,0.0,1,1,0:41,0,12,556,0,234,0,1948,330,2,280,48,0,12.9,0.8,0.0,86.4,0.0,0.0,0.0,0.0,15794.9 MiB,4024.7 MiB,2195.2 MiB,9575.0 MiB,4096.0 MiB,3447.7 MiB,648.2 MiB,13010.1 MiB
2,g++-5 5.5.0,nbody_2.c 50000000,36,1695322402,2974096,nbody_2_g++-5,0:42.41,6496,1948,1772,100.0,0.0,1,1,0:42,0,12,556,0,234,0,1948,330,2,280,48,0,12.9,0.8,0.0,86.4,0.0,0.0,0.0,0.0,15794.9 MiB,4024.2 MiB,2195.7 MiB,9575.0 MiB,4096.0 MiB,3447.7 MiB,648.2 MiB,13009.6 MiB
2,g++-5 5.5.0,nbody_2.c 50000000,37,1695322403,2974096,nbody_2_g++-5,0:43.59,6496,1948,1772,100.0,0.0,1,1,0:43,0,12,556,0,234,0,1948,329,2,279,48,0,13.0,0.8,0.0,86.3,0.0,0.0,0.0,0.0,15794.9 MiB,4024.2 MiB,2195.7 MiB,9575.0 MiB,4096.0 MiB,3447.7 MiB,648.2 MiB,13009.6 MiB
2,g++-5 5.5.0,nbody_2.c 50000000,38,1695322404,2974096,nbody_2_g++-5,0:44.76,6496,1948,1772,100.0,0.0,1,1,0:44,0,12,556,0,234,0,1948,329,2,279,48,0,12.9,1.5,0.0,85.6,0.0,0.0,0.0,0.0,15794.9 MiB,4024.2 MiB,2195.7 MiB,9575.0 MiB,4096.0 MiB,3447.7 MiB,648.2 MiB,13009.6 MiB
2,g++-5 5.5.0,nbody_2.c 50000000,39,1695322405,2974096,nbody_2_g++-5,0:45.93,6496,1948,1772,93.8,0.0,1,1,0:45,0,12,556,0,234,0,1948,329,2,279,48,0,12.2,1.5,0.0,86.3,0.0,0.0,0.0,0.0,15794.9 MiB,4024.2 MiB,2195.7 MiB,9575.0 MiB,4096.0 MiB,3447.7 MiB,648.2 MiB,13009.6 MiB
2,g++-5 5.5.0,nbody_2.c 50000000,40,1695322406,2974096,nbody_2_g++-5,0:47.11,6496,1948,1772,100.0,0.0,1,5,0:47,0,12,556,0,234,0,1948,329,2,279,48,0,13.6,0.8,0.0,85.6,0.0,0.0,0.0,0.0,15794.9 MiB,4024.4 MiB,2195.4 MiB,9575.0 MiB,4096.0 MiB,3447.7 MiB,648.2 MiB,13009.9 MiB
2,g++-5 5.5.0,nbody_2.c 50000000,41,1695322407,2974096,nbody_2_g++-5,0:48.28,6496,1948,1772,100.0,0.0,1,5,0:48,0,12,556,0,234,0,1948,330,2,280,48,0,12.9,1.5,0.0,85.6,0.0,0.0,0.0,0.0,15794.9 MiB,4024.2 MiB,2195.7 MiB,9575.0 MiB,4096.0 MiB,3447.7 MiB,648.2 MiB,13009.6 MiB
2,g++-5 5.5.0,nbody_2.c 50000000,42,1695322409,2974096,nbody_2_g++-5,0:49.45,6496,1948,1772,93.8,0.0,1,5,0:49,0,12,556,0,234,0,1948,330,2,280,48,0,12.9,1.5,0.0,85.6,0.0,0.0,0.0,0.0,15794.9 MiB,4024.7 MiB,2195.2 MiB,9575.0 MiB,4096.0 MiB,3447.7 MiB,648.2 MiB,13010.1 MiB
2,g++-5 5.5.0,nbody_2.c 50000000,43,1695322410,2974096,nbody_2_g++-5,0:50.63,6496,1948,1772,100.0,0.0,1,5,0:50,0,12,556,0,234,0,1948,330,2,280,48,0,13.6,0.8,0.0,85.6,0.0,0.0,0.0,0.0,15794.9 MiB,4024.7 MiB,2195.2 MiB,9575.0 MiB,4096.0 MiB,3447.7 MiB,648.2 MiB,13010.1 MiB
2,g++-5 5.5.0,nbody_2.c 50000000,44,1695322411,2974096,nbody_2_g++-5,0:51.80,6496,1948,1772,100.0,0.0,1,1,0:51,0,12,556,0,234,0,1948,329,2,279,48,0,13.5,0.8,0.0,85.7,0.0,0.0,0.0,0.0,15794.9 MiB,4024.7 MiB,2195.2 MiB,9575.0 MiB,4096.0 MiB,3447.7 MiB,648.2 MiB,13010.1 MiB
2,g++-5 5.5.0,nbody_2.c 50000000,45,1695322412,2974096,nbody_2_g++-5,0:52.97,6496,1948,1772,93.8,0.0,1,1,0:52,0,12,556,0,234,0,1948,329,2,279,48,0,12.9,1.5,0.0,85.6,0.0,0.0,0.0,0.0,15794.9 MiB,4024.7 MiB,2195.2 MiB,9575.0 MiB,4096.0 MiB,3447.7 MiB,648.2 MiB,13010.1 MiB
2,g++-5 5.5.0,nbody_2.c 50000000,46,1695322413,2974096,nbody_2_g++-5,0:54.15,6496,1948,1772,100.0,0.0,1,1,0:54,0,12,556,0,234,0,1948,329,2,279,48,0,13.0,0.8,0.0,86.3,0.0,0.0,0.0,0.0,15794.9 MiB,4025.4 MiB,2194.5 MiB,9575.0 MiB,4096.0 MiB,3447.7 MiB,648.2 MiB,13010.9 MiB
2,g++-5 5.5.0,nbody_2.c 50000000,47,1695322414,2974096,nbody_2_g++-5,0:55.32,6496,1948,1772,100.0,0.0,1,5,0:55,0,12,556,0,234,0,1948,329,2,279,48,0,13.6,0.0,0.0,86.4,0.0,0.0,0.0,0.0,15794.9 MiB,4024.9 MiB,2194.9 MiB,9575.0 MiB,4096.0 MiB,3447.7 MiB,648.2 MiB,13010.4 MiB
2,g++-5 5.5.0,nbody_2.c 50000000,48,1695322416,2974096,nbody_2_g++-5,0:56.49,6496,1948,1772,93.8,0.0,1,5,0:56,0,12,556,0,234,0,1948,329,2,279,48,0,12.9,1.5,0.0,85.6,0.0,0.0,0.0,0.0,15794.9 MiB,4025.2 MiB,2194.7 MiB,9575.0 MiB,4096.0 MiB,3447.7 MiB,648.2 MiB,13010.6 MiB
2,g++-5 5.5.0,nbody_2.c 50000000,49,1695322417,2974096,nbody_2_g++-5,0:57.66,6496,1948,1772,93.8,0.0,1,5,0:57,0,12,556,0,234,0,1948,329,2,279,48,0,13.7,0.0,0.0,86.3,0.0,0.0,0.0,0.0,15794.9 MiB,4027.0 MiB,2192.9 MiB,9575.0 MiB,4096.0 MiB,3447.7 MiB,648.2 MiB,13012.4 MiB
2,g++-5 5.5.0,nbody_2.c 50000000,50,1695322418,2974096,nbody_2_g++-5,0:58.84,6496,1948,1772,100.0,0.0,1,5,0:58,0,12,556,0,234,0,1948,330,2,280,48,0,12.9,0.8,0.0,86.4,0.0,0.0,0.0,0.0,15794.9 MiB,4027.2 MiB,2192.7 MiB,9575.0 MiB,4096.0 MiB,3447.7 MiB,648.2 MiB,13012.6 MiB
2,g++-5 5.5.0,nbody_2.c 50000000,51,1695322419,2974096,nbody_2_g++-5,1:00.01,6496,1948,1772,100.0,0.0,1,1,1:00,0,12,556,0,234,0,1948,330,2,280,48,0,13.0,0.8,0.0,86.3,0.0,0.0,0.0,0.0,15794.9 MiB,4026.9 MiB,2193.0 MiB,9575.0 MiB,4096.0 MiB,3447.7 MiB,648.2 MiB,13012.4 MiB
2,g++-5 5.5.0,nbody_2.c 50000000,52,1695322420,2974096,nbody_2_g++-5,1:01.18,6496,1948,1772,93.8,0.0,1,5,1:01,0,12,556,0,234,0,1948,330,2,280,48,0,12.9,0.8,0.0,86.4,0.0,0.0,0.0,0.0,15794.9 MiB,4027.4 MiB,2192.5 MiB,9575.0 MiB,4096.0 MiB,3447.7 MiB,648.2 MiB,13012.9 MiB
2,g++-5 5.5.0,nbody_2.c 50000000,53,1695322422,2974096,nbody_2_g++-5,1:02.36,6496,1948,1772,100.0,0.0,1,5,1:02,0,12,556,0,234,0,1948,329,2,279,48,0,12.9,1.5,0.0,85.6,0.0,0.0,0.0,0.0,15794.9 MiB,4027.4 MiB,2192.5 MiB,9575.0 MiB,4096.0 MiB,3447.7 MiB,648.2 MiB,13012.9 MiB
2,g++-5 5.5.0,nbody_2.c 50000000,54,1695322423,2974096,nbody_2_g++-5,1:03.53,6496,1948,1772,93.8,0.0,1,1,1:03,0,12,556,0,234,0,1948,329,2,279,48,0,12.2,1.5,0.0,86.3,0.0,0.0,0.0,0.0,15794.9 MiB,4026.9 MiB,2193.0 MiB,9575.0 MiB,4096.0 MiB,3447.7 MiB,648.2 MiB,13012.4 MiB
2,g++-5 5.5.0,nbody_2.c 50000000,55,1695322424,2974096,nbody_2_g++-5,1:04.70,6496,1948,1772,93.8,0.0,1,1,1:04,0,12,556,0,234,0,1948,329,2,279,48,0,13.0,0.8,0.0,86.3,0.0,0.0,0.0,0.0,15794.9 MiB,4026.9 MiB,2192.9 MiB,9575.0 MiB,4096.0 MiB,3447.7 MiB,648.2 MiB,13012.4 MiB
2,g++-5 5.5.0,nbody_2.c 50000000,56,1695322425,2974096,nbody_2_g++-5,1:05.88,6496,1948,1772,100.0,0.0,1,1,1:05,0,12,556,0,234,0,1948,329,2,279,48,0,12.8,1.5,0.0,85.7,0.0,0.0,0.0,0.0,15794.9 MiB,4026.9 MiB,2192.9 MiB,9575.0 MiB,4096.0 MiB,3447.7 MiB,648.2 MiB,13012.4 MiB
2,g++-5 5.5.0,nbody_2.c 50000000,57,1695322426,2974096,nbody_2_g++-5,1:07.05,6496,1948,1772,93.8,0.0,1,1,1:07,0,12,556,0,234,0,1948,329,2,279,48,0,13.7,0.8,0.0,85.5,0.0,0.0,0.0,0.0,15794.9 MiB,4026.4 MiB,2193.4 MiB,9575.0 MiB,4096.0 MiB,3447.7 MiB,648.2 MiB,13011.9 MiB
2,g++-5 5.5.0,nbody_2.c 50000000,58,1695322427,2974096,nbody_2_g++-5,1:08.22,6496,1948,1772,93.8,0.0,1,1,1:08,0,12,556,0,234,0,1948,329,2,279,48,0,12.9,1.5,0.0,85.6,0.0,0.0,0.0,0.0,15794.9 MiB,4025.9 MiB,2193.9 MiB,9575.0 MiB,4096.0 MiB,3447.7 MiB,648.2 MiB,13011.4 MiB
2,g++-5 5.5.0,nbody_2.c 50000000,59,1695322429,2974096,nbody_2_g++-5,1:09.40,6496,1948,1772,100.0,0.0,1,1,1:09,0,12,556,0,234,0,1948,329,2,279,48,0,12.9,0.8,0.0,86.4,0.0,0.0,0.0,0.0,15794.9 MiB,4025.9 MiB,2193.9 MiB,9575.0 MiB,4096.0 MiB,3447.7 MiB,648.2 MiB,13011.4 MiB
2,g++-5 5.5.0,nbody_2.c 50000000,60,1695322430,2974096,nbody_2_g++-5,1:10.57,6496,1948,1772,100.0,0.0,1,1,1:10,0,12,556,0,234,0,1948,329,2,279,48,0,13.0,0.8,0.0,86.3,0.0,0.0,0.0,0.0,15794.9 MiB,4025.7 MiB,2194.2 MiB,9575.0 MiB,4096.0 MiB,3447.7 MiB,648.2 MiB,13011.2 MiB
2,g++-5 5.5.0,nbody_2.c 50000000,61,1695322431,2974096,nbody_2_g++-5,1:11.74,6496,1948,1772,93.8,0.0,1,1,1:11,0,12,556,0,234,0,1948,329,2,279,48,0,12.3,0.8,0.0,86.9,0.0,0.0,0.0,0.0,15794.9 MiB,4025.7 MiB,2194.2 MiB,9575.0 MiB,4096.0 MiB,3447.7 MiB,648.2 MiB,13011.2 MiB
2,g++-5 5.5.0,nbody_2.c 50000000,62,1695322432,2974096,nbody_2_g++-5,1:12.92,6496,1948,1772,100.0,0.0,1,1,1:12,0,12,556,0,234,0,1948,329,2,279,48,0,12.1,3.0,0.0,84.1,0.8,0.0,0.0,0.0,15794.9 MiB,4026.8 MiB,2192.2 MiB,9575.9 MiB,4096.0 MiB,3447.7 MiB,648.2 MiB,13013.1 MiB
2,g++-5 5.5.0,nbody_2.c 50000000,63,1695322433,2974096,nbody_2_g++-5,1:14.09,6496,1948,1772,100.0,0.0,1,1,1:14,0,12,556,0,234,0,1948,329,2,279,48,0,12.9,1.5,0.0,85.6,0.0,0.0,0.0,0.0,15794.9 MiB,4026.7 MiB,2192.3 MiB,9575.9 MiB,4096.0 MiB,3447.7 MiB,648.2 MiB,13013.0 MiB
2,g++-5 5.5.0,nbody_2.c 50000000,64,1695322434,2974096,,,,,,,,,,,,,,,,,,328,1,279,48,0,9.2,1.5,0.0,89.3,0.0,0.0,0.0,0.0,15794.9 MiB,4020.5 MiB,2191.6 MiB,9582.8 MiB,4096.0 MiB,3447.7 MiB,648.2 MiB,13006.9 MiB
3,g++-5 5.5.0,nbody_2.c 50000000,0,1695322436,2974504,nbody_2_g++-5,0:00.16,6496,1960,1784,100.0,0.0,1,6,0:00,0,12,556,0,238,0,1960,329,3,278,48,0,12.9,1.5,0.0,85.6,0.0,0.0,0.0,0.0,15794.9 MiB,4020.0 MiB,2192.0 MiB,9582.9 MiB,4096.0 MiB,3447.7 MiB,648.2 MiB,13006.4 MiB
3,g++-5 5.5.0,nbody_2.c 50000000,1,1695322437,2974504,nbody_2_g++-5,0:01.34,6496,1960,1784,100.0,0.0,1,6,0:01,0,12,556,0,238,0,1960,329,2,279,48,0,12.3,0.8,0.0,86.9,0.0,0.0,0.0,0.0,15794.9 MiB,4020.0 MiB,2192.0 MiB,9582.9 MiB,4096.0 MiB,3447.7 MiB,648.2 MiB,13006.4 MiB
3,g++-5 5.5.0,nbody_2.c 50000000,2,1695322438,2974504,nbody_2_g++-5,0:02.51,6496,1960,1784,100.0,0.0,1,2,0:02,0,12,556,0,238,0,1960,329,2,279,48,0,13.5,0.8,0.0,85.0,0.8,0.0,0.0,0.0,15794.9 MiB,4021.0 MiB,2198.0 MiB,9575.9 MiB,4096.0 MiB,3447.7 MiB,648.2 MiB,13007.4 MiB
3,g++-5 5.5.0,nbody_2.c 50000000,3,1695322439,2974504,nbody_2_g++-5,0:03.68,6496,1960,1784,93.8,0.0,1,2,0:03,0,12,556,0,238,0,1960,329,2,279,48,0,12.8,1.5,0.0,85.7,0.0,0.0,0.0,0.0,15794.9 MiB,4021.3 MiB,2197.7 MiB,9575.9 MiB,4096.0 MiB,3447.7 MiB,648.2 MiB,13007.6 MiB
3,g++-5 5.5.0,nbody_2.c 50000000,4,1695322440,2974504,nbody_2_g++-5,0:04.86,6496,1960,1784,100.0,0.0,1,2,0:04,0,12,556,0,238,0,1960,329,2,279,48,0,12.3,0.8,0.0,86.9,0.0,0.0,0.0,0.0,15794.9 MiB,4021.0 MiB,2197.9 MiB,9575.9 MiB,4096.0 MiB,3447.7 MiB,648.2 MiB,13007.4 MiB
3,g++-5 5.5.0,nbody_2.c 50000000,5,1695322441,2974504,nbody_2_g++-5,0:06.03,6496,1960,1784,100.0,0.0,1,2,0:06,0,12,556,0,238,0,1960,329,2,279,48,0,13.5,1.5,0.0,85.0,0.0,0.0,0.0,0.0,15794.9 MiB,4021.3 MiB,2197.7 MiB,9575.9 MiB,4096.0 MiB,3447.7 MiB,648.2 MiB,13007.6 MiB
3,g++-5 5.5.0,nbody_2.c 50000000,6,1695322443,2974504,nbody_2_g++-5,0:07.20,6496,1960,1784,93.8,0.0,1,2,0:07,0,12,556,0,238,0,1960,330,2,280,48,0,12.2,0.8,0.0,87.0,0.0,0.0,0.0,0.0,15794.9 MiB,4021.3 MiB,2197.7 MiB,9575.9 MiB,4096.0 MiB,3447.7 MiB,648.2 MiB,13007.6 MiB
3,g++-5 5.5.0,nbody_2.c 50000000,7,1695322444,2974504,nbody_2_g++-5,0:08.38,6496,1960,1784,100.0,0.0,1,6,0:08,0,12,556,0,238,0,1960,330,2,280,48,0,12.9,0.8,0.0,85.6,0.8,0.0,0.0,0.0,15794.9 MiB,4021.3 MiB,2197.7 MiB,9575.9 MiB,4096.0 MiB,3447.7 MiB,648.2 MiB,13007.6 MiB
3,g++-5 5.5.0,nbody_2.c 50000000,8,1695322445,2974504,nbody_2_g++-5,0:09.55,6496,1960,1784,93.8,0.0,1,6,0:09,0,12,556,0,238,0,1960,330,2,280,48,0,13.1,0.8,0.0,86.2,0.0,0.0,0.0,0.0,15794.9 MiB,4021.3 MiB,2197.7 MiB,9575.9 MiB,4096.0 MiB,3447.7 MiB,648.2 MiB,13007.6 MiB
3,g++-5 5.5.0,nbody_2.c 50000000,9,1695322446,2974504,nbody_2_g++-5,0:10.73,6496,1960,1784,100.0,0.0,1,6,0:10,0,12,556,0,238,0,1960,329,2,279,48,0,13.0,0.8,0.0,86.3,0.0,0.0,0.0,0.0,15794.9 MiB,4022.0 MiB,2197.0 MiB,9575.9 MiB,4096.0 MiB,3447.7 MiB,648.2 MiB,13008.4 MiB
3,g++-5 5.5.0,nbody_2.c 50000000,10,1695322447,2974504,nbody_2_g++-5,0:11.90,6496,1960,1784,100.0,0.0,1,6,0:11,0,12,556,0,238,0,1960,329,2,279,48,0,13.0,0.8,0.0,86.3,0.0,0.0,0.0,0.0,15794.9 MiB,4022.5 MiB,2196.5 MiB,9575.9 MiB,4096.0 MiB,3447.7 MiB,648.2 MiB,13008.9 MiB
3,g++-5 5.5.0,nbody_2.c 50000000,11,1695322449,2974504,nbody_2_g++-5,0:13.07,6496,1960,1784,93.8,0.0,1,6,0:13,0,12,556,0,238,0,1960,329,2,279,48,0,12.9,1.5,0.0,85.6,0.0,0.0,0.0,0.0,15794.9 MiB,4021.8 MiB,2197.2 MiB,9575.9 MiB,4096.0 MiB,3447.7 MiB,648.2 MiB,13008.1 MiB
3,g++-5 5.5.0,nbody_2.c 50000000,12,1695322450,2974504,nbody_2_g++-5,0:14.25,6496,1960,1784,100.0,0.0,1,2,0:14,0,12,556,0,238,0,1960,330,2,280,48,0,13.5,0.8,0.0,85.7,0.0,0.0,0.0,0.0,15794.9 MiB,4022.3 MiB,2196.7 MiB,9575.9 MiB,4096.0 MiB,3447.7 MiB,648.2 MiB,13008.6 MiB
3,g++-5 5.5.0,nbody_2.c 50000000,13,1695322451,2974504,nbody_2_g++-5,0:15.42,6496,1960,1784,100.0,0.0,1,2,0:15,0,12,556,0,238,0,1960,330,2,280,48,0,12.9,0.8,0.0,85.6,0.8,0.0,0.0,0.0,15794.9 MiB,4020.1 MiB,2198.9 MiB,9575.9 MiB,4096.0 MiB,3447.7 MiB,648.2 MiB,13006.4 MiB
3,g++-5 5.5.0,nbody_2.c 50000000,14,1695322452,2974504,nbody_2_g++-5,0:16.59,6496,1960,1784,100.0,0.0,1,2,0:16,0,12,556,0,238,0,1960,330,2,280,48,0,13.7,0.0,0.0,86.3,0.0,0.0,0.0,0.0,15794.9 MiB,4020.3 MiB,2198.7 MiB,9575.9 MiB,4096.0 MiB,3447.7 MiB,648.2 MiB,13006.6 MiB
3,g++-5 5.5.0,nbody_2.c 50000000,15,1695322453,2974504,nbody_2_g++-5,0:17.77,6496,1960,1784,100.0,0.0,1,6,0:17,0,12,556,0,238,0,1960,329,2,279,48,0,12.9,1.5,0.0,85.6,0.0,0.0,0.0,0.0,15794.9 MiB,4020.1 MiB,2198.9 MiB,9575.9 MiB,4096.0 MiB,3447.7 MiB,648.2 MiB,13006.4 MiB
3,g++-5 5.5.0,nbody_2.c 50000000,16,1695322454,2974504,nbody_2_g++-5,0:18.94,6496,1960,1784,100.0,0.0,1,6,0:18,0,12,556,0,238,0,1960,329,2,279,48,0,12.9,1.5,0.0,85.6,0.0,0.0,0.0,0.0,15794.9 MiB,4019.6 MiB,2199.4 MiB,9575.9 MiB,4096.0 MiB,3447.7 MiB,648.2 MiB,13005.9 MiB
3,g++-5 5.5.0,nbody_2.c 50000000,17,1695322456,2974504,nbody_2_g++-5,0:20.11,6496,1960,1784,93.8,0.0,1,2,0:20,0,12,556,0,238,0,1960,329,2,279,48,0,12.3,0.8,0.0,86.9,0.0,0.0,0.0,0.0,15794.9 MiB,4019.8 MiB,2199.2 MiB,9575.9 MiB,4096.0 MiB,3447.7 MiB,648.2 MiB,13006.2 MiB
3,g++-5 5.5.0,nbody_2.c 50000000,18,1695322457,2974504,nbody_2_g++-5,0:21.29,6496,1960,1784,100.0,0.0,1,6,0:21,0,12,556,0,238,0,1960,329,2,279,48,0,13.5,1.5,0.0,85.0,0.0,0.0,0.0,0.0,15794.9 MiB,4019.8 MiB,2199.2 MiB,9575.9 MiB,4096.0 MiB,3447.7 MiB,648.2 MiB,13006.2 MiB
3,g++-5 5.5.0,nbody_2.c 50000000,19,1695322458,2974504,nbody_2_g++-5,0:22.46,6496,1960,1784,100.0,0.0,1,6,0:22,0,12,556,0,238,0,1960,330,2,280,48,0,12.1,1.5,0.0,86.4,0.0,0.0,0.0,0.0,15794.9 MiB,4019.6 MiB,2199.4 MiB,9575.9 MiB,4096.0 MiB,3447.7 MiB,648.2 MiB,13005.9 MiB
3,g++-5 5.5.0,nbody_2.c 50000000,20,1695322459,2974504,nbody_2_g++-5,0:23.63,6496,1960,1784,93.8,0.0,1,2,0:23,0,12,556,0,238,0,1960,330,2,280,48,0,12.8,1.5,0.0,85.7,0.0,0.0,0.0,0.0,15794.9 MiB,4019.6 MiB,2199.4 MiB,9575.9 MiB,4096.0 MiB,3447.7 MiB,648.2 MiB,13005.9 MiB
3,g++-5 5.5.0,nbody_2.c 50000000,21,1695322460,2974504,nbody_2_g++-5,0:24.81,6496,1960,1784,100.0,0.0,1,2,0:24,0,12,556,0,238,0,1960,330,2,280,48,0,13.4,1.5,0.0,85.1,0.0,0.0,0.0,0.0,15794.9 MiB,4019.3 MiB,2199.6 MiB,9575.9 MiB,4096.0 MiB,3447.7 MiB,648.2 MiB,13005.7 MiB
3,g++-5 5.5.0,nbody_2.c 50000000,22,1695322461,2974504,nbody_2_g++-5,0:25.98,6496,1960,1784,93.8,0.0,1,6,0:25,0,12,556,0,238,0,1960,329,2,279,48,0,13.5,1.5,0.0,85.0,0.0,0.0,0.0,0.0,15794.9 MiB,4020.1 MiB,2198.9 MiB,9575.9 MiB,4096.0 MiB,3447.7 MiB,648.2 MiB,13006.4 MiB
3,g++-5 5.5.0,nbody_2.c 50000000,23,1695322463,2974504,nbody_2_g++-5,0:27.16,6496,1960,1784,100.0,0.0,1,6,0:27,0,12,556,0,238,0,1960,329,3,278,48,0,13.5,0.0,0.0,86.5,0.0,0.0,0.0,0.0,15794.9 MiB,4020.1 MiB,2198.9 MiB,9575.9 MiB,4096.0 MiB,3447.7 MiB,648.2 MiB,13006.4 MiB
3,g++-5 5.5.0,nbody_2.c 50000000,24,1695322464,2974504,nbody_2_g++-5,0:28.33,6496,1960,1784,93.8,0.0,1,2,0:28,0,12,556,0,238,0,1960,329,2,279,48,0,12.8,2.3,0.0,85.0,0.0,0.0,0.0,0.0,15794.9 MiB,4020.1 MiB,2198.9 MiB,9575.9 MiB,4096.0 MiB,3447.7 MiB,648.2 MiB,13006.4 MiB
3,g++-5 5.5.0,nbody_2.c 50000000,25,1695322465,2974504,nbody_2_g++-5,0:29.51,6496,1960,1784,100.0,0.0,1,2,0:29,0,12,556,0,238,0,1960,329,2,279,48,0,13.5,0.8,0.0,85.7,0.0,0.0,0.0,0.0,15794.9 MiB,4019.8 MiB,2199.1 MiB,9575.9 MiB,4096.0 MiB,3447.7 MiB,648.2 MiB,13006.2 MiB
3,g++-5 5.5.0,nbody_2.c 50000000,26,1695322466,2974504,nbody_2_g++-5,0:30.68,6496,1960,1784,93.8,0.0,1,6,0:30,0,12,556,0,238,0,1960,329,2,279,48,0,13.0,0.8,0.0,86.3,0.0,0.0,0.0,0.0,15794.9 MiB,4019.8 MiB,2199.1 MiB,9575.9 MiB,4096.0 MiB,3447.7 MiB,648.2 MiB,13006.2 MiB
3,g++-5 5.5.0,nbody_2.c 50000000,27,1695322467,2974504,nbody_2_g++-5,0:31.85,6496,1960,1784,93.8,0.0,1,6,0:31,0,12,556,0,238,0,1960,330,2,280,48,0,13.7,0.0,0.0,86.3,0.0,0.0,0.0,0.0,15794.9 MiB,4019.3 MiB,2199.6 MiB,9575.9 MiB,4096.0 MiB,3447.7 MiB,648.2 MiB,13005.7 MiB
3,g++-5 5.5.0,nbody_2.c 50000000,28,1695322468,2974504,nbody_2_g++-5,0:33.03,6496,1960,1784,100.0,0.0,1,2,0:33,0,12,556,0,238,0,1960,330,2,280,48,0,12.6,3.0,0.0,84.4,0.0,0.0,0.0,0.0,15794.9 MiB,4019.3 MiB,2199.6 MiB,9575.9 MiB,4096.0 MiB,3447.7 MiB,648.2 MiB,13005.7 MiB
3,g++-5 5.5.0,nbody_2.c 50000000,29,1695322470,2974504,nbody_2_g++-5,0:34.20,6496,1960,1784,100.0,0.0,1,2,0:34,0,12,556,0,238,0,1960,330,2,280,48,0,13.5,0.8,0.0,85.7,0.0,0.0,0.0,0.0,15794.9 MiB,4019.3 MiB,2199.6 MiB,9575.9 MiB,4096.0 MiB,3447.7 MiB,648.2 MiB,13005.7 MiB
3,g++-5 5.5.0,nbody_2.c 50000000,30,1695322471,2974504,nbody_2_g++-5,0:35.38,6496,1960,1784,100.0,0.0,1,2,0:35,0,12,556,0,238,0,1960,329,2,279,48,0,13.3,2.2,0.0,83.7,0.7,0.0,0.0,0.0,15794.9 MiB,4018.3 MiB,2200.6 MiB,9575.9 MiB,4096.0 MiB,3447.7 MiB,648.2 MiB,13004.7 MiB
3,g++-5 5.5.0,nbody_2.c 50000000,31,1695322472,2974504,nbody_2_g++-5,0:36.56,6496,1960,1784,100.0,0.0,1,6,0:36,0,12,556,0,238,0,1960,329,2,279,48,0,12.9,0.8,0.0,86.4,0.0,0.0,0.0,0.0,15794.9 MiB,4019.1 MiB,2199.8 MiB,9575.9 MiB,4096.0 MiB,3447.7 MiB,648.2 MiB,13005.5 MiB
3,g++-5 5.5.0,nbody_2.c 50000000,32,1695322473,2974504,nbody_2_g++-5,0:37.73,6496,1960,1784,100.0,0.0,1,6,0:37,0,12,556,0,238,0,1960,329,2,279,48,0,12.1,1.5,0.0,86.4,0.0,0.0,0.0,0.0,15794.9 MiB,4019.3 MiB,2199.6 MiB,9575.9 MiB,4096.0 MiB,3447.7 MiB,648.2 MiB,13005.7 MiB
3,g++-5 5.5.0,nbody_2.c 50000000,33,1695322474,2974504,nbody_2_g++-5,0:38.90,6496,1960,1784,93.8,0.0,1,6,0:38,0,12,556,0,238,0,1960,329,2,279,48,0,12.9,0.8,0.0,86.4,0.0,0.0,0.0,0.0,15794.9 MiB,4020.3 MiB,2198.6 MiB,9575.9 MiB,4096.0 MiB,3447.7 MiB,648.2 MiB,13006.7 MiB
3,g++-5 5.5.0,nbody_2.c 50000000,34,1695322476,2974504,nbody_2_g++-5,0:40.08,6496,1960,1784,100.0,0.0,1,6,0:40,0,12,556,0,238,0,1960,329,2,279,48,0,14.1,1.5,0.0,84.4,0.0,0.0,0.0,0.0,15794.9 MiB,4020.3 MiB,2198.6 MiB,9575.9 MiB,4096.0 MiB,3447.7 MiB,648.2 MiB,13006.7 MiB
3,g++-5 5.5.0,nbody_2.c 50000000,35,1695322477,2974504,nbody_2_g++-5,0:41.26,6496,1960,1784,100.0,0.0,1,2,0:41,0,12,556,0,238,0,1960,329,2,279,48,0,12.7,1.5,0.0,85.8,0.0,0.0,0.0,0.0,15794.9 MiB,4022.8 MiB,2196.1 MiB,9575.9 MiB,4096.0 MiB,3447.7 MiB,648.2 MiB,13009.2 MiB
3,g++-5 5.5.0,nbody_2.c 50000000,36,1695322478,2974504,nbody_2_g++-5,0:42.43,6496,1960,1784,100.0,0.0,1,2,0:42,0,12,556,0,238,0,1960,329,2,279,48,0,13.5,0.8,0.0,85.7,0.0,0.0,0.0,0.0,15794.9 MiB,4023.0 MiB,2195.9 MiB,9575.9 MiB,4096.0 MiB,3447.7 MiB,648.2 MiB,13009.4 MiB
3,g++-5 5.5.0,nbody_2.c 50000000,37,1695322479,2974504,nbody_2_g++-5,0:43.61,6496,1960,1784,100.0,0.0,1,2,0:43,0,12,556,0,238,0,1960,329,2,279,48,0,13.4,0.7,0.0,85.8,0.0,0.0,0.0,0.0,15794.9 MiB,4023.0 MiB,2195.9 MiB,9575.9 MiB,4096.0 MiB,3447.7 MiB,648.2 MiB,13009.4 MiB
3,g++-5 5.5.0,nbody_2.c 50000000,38,1695322480,2974504,nbody_2_g++-5,0:44.78,6496,1960,1784,100.0,0.0,1,2,0:44,0,12,556,0,238,0,1960,329,2,279,48,0,12.0,1.5,0.0,86.5,0.0,0.0,0.0,0.0,15794.9 MiB,4022.8 MiB,2196.2 MiB,9575.9 MiB,4096.0 MiB,3447.7 MiB,648.2 MiB,13009.2 MiB
3,g++-5 5.5.0,nbody_2.c 50000000,39,1695322481,2974504,nbody_2_g++-5,0:45.96,6496,1960,1784,100.0,0.0,1,2,0:45,0,12,556,0,238,0,1960,329,2,279,48,0,12.8,0.8,0.0,86.5,0.0,0.0,0.0,0.0,15794.9 MiB,4022.8 MiB,2196.2 MiB,9575.9 MiB,4096.0 MiB,3447.7 MiB,648.2 MiB,13009.2 MiB
3,g++-5 5.5.0,nbody_2.c 50000000,40,1695322483,2974504,nbody_2_g++-5,0:47.14,6496,1960,1784,100.0,0.0,1,2,0:47,0,12,556,0,238,0,1960,329,2,279,48,0,12.9,0.8,0.0,86.4,0.0,0.0,0.0,0.0,15794.9 MiB,4023.8 MiB,2195.2 MiB,9575.9 MiB,4096.0 MiB,3447.7 MiB,648.2 MiB,13010.2 MiB
3,g++-5 5.5.0,nbody_2.c 50000000,41,1695322484,2974504,nbody_2_g++-5,0:48.31,6496,1960,1784,100.0,0.0,1,6,0:48,0,12,556,0,238,0,1960,329,2,279,48,0,12.8,0.8,0.0,86.5,0.0,0.0,0.0,0.0,15794.9 MiB,4023.5 MiB,2195.4 MiB,9575.9 MiB,4096.0 MiB,3447.7 MiB,648.2 MiB,13009.9 MiB
3,g++-5 5.5.0,nbody_2.c 50000000,42,1695322485,2974504,nbody_2_g++-5,0:49.49,6496,1960,1784,100.0,0.0,1,2,0:49,0,12,556,0,238,0,1960,331,3,280,48,0,22.4,3.0,0.0,74.6,0.0,0.0,0.0,0.0,15794.9 MiB,3984.6 MiB,2234.3 MiB,9576.0 MiB,4096.0 MiB,3447.7 MiB,648.2 MiB,12971.0 MiB
3,g++-5 5.5.0,nbody_2.c 50000000,43,1695322486,2974504,nbody_2_g++-5,0:50.67,6496,1960,1784,100.0,0.0,1,1,0:50,0,12,556,0,238,0,1960,333,3,282,48,0,25.2,0.7,0.0,74.1,0.0,0.0,0.0,0.0,15794.9 MiB,3963.3 MiB,2255.6 MiB,9576.0 MiB,4096.0 MiB,3447.7 MiB,648.2 MiB,12949.8 MiB
3,g++-5 5.5.0,nbody_2.c 50000000,44,1695322487,2974504,nbody_2_g++-5,0:51.85,6496,1960,1784,94.1,0.0,1,5,0:51,0,12,556,0,238,0,1960,333,3,282,48,0,26.1,0.7,0.0,73.2,0.0,0.0,0.0,0.0,15794.9 MiB,3964.8 MiB,2254.0 MiB,9576.1 MiB,4096.0 MiB,3447.7 MiB,648.2 MiB,12951.6 MiB
3,g++-5 5.5.0,nbody_2.c 50000000,45,1695322488,2974504,nbody_2_g++-5,0:53.04,6496,1960,1784,100.0,0.0,1,5,0:53,0,12,556,0,238,0,1960,331,3,280,48,0,24.3,5.9,0.0,69.9,0.0,0.0,0.0,0.0,15794.9 MiB,3978.9 MiB,2240.0 MiB,9576.0 MiB,4096.0 MiB,3447.7 MiB,648.2 MiB,12965.3 MiB
3,g++-5 5.5.0,nbody_2.c 50000000,46,1695322490,2974504,nbody_2_g++-5,0:54.22,6496,1960,1784,100.0,0.0,1,5,0:54,0,12,556,0,238,0,1960,332,3,281,48,0,26.5,2.2,0.0,71.3,0.0,0.0,0.0,0.0,15794.9 MiB,3971.0 MiB,2247.7 MiB,9576.2 MiB,4096.0 MiB,3447.7 MiB,648.2 MiB,12957.7 MiB
3,g++-5 5.5.0,nbody_2.c 50000000,47,1695322491,2974504,nbody_2_g++-5,0:55.41,6496,1960,1784,100.0,0.0,1,5,0:55,0,12,556,0,238,0,1960,332,3,281,48,0,25.9,2.0,0.0,72.1,0.0,0.0,0.0,0.0,15794.9 MiB,3929.9 MiB,2288.9 MiB,9576.0 MiB,4096.0 MiB,3447.7 MiB,648.2 MiB,12916.4 MiB
3,g++-5 5.5.0,nbody_2.c 50000000,48,1695322492,2974504,nbody_2_g++-5,0:56.60,6496,1960,1784,94.1,0.0,1,5,0:56,0,12,556,0,238,0,1960,332,3,281,48,0,25.2,1.5,0.0,73.3,0.0,0.0,0.0,0.0,15794.9 MiB,3929.2 MiB,2289.7 MiB,9576.0 MiB,4096.0 MiB,3447.7 MiB,648.2 MiB,12915.7 MiB
3,g++-5 5.5.0,nbody_2.c 50000000,49,1695322493,2974504,nbody_2_g++-5,0:57.78,6496,1960,1784,100.0,0.0,1,5,0:57,0,12,556,0,238,0,1960,332,3,281,48,0,26.1,1.4,0.0,72.5,0.0,0.0,0.0,0.0,15794.9 MiB,3928.7 MiB,2290.2 MiB,9576.0 MiB,4096.0 MiB,3447.7 MiB,648.2 MiB,12915.2 MiB
3,g++-5 5.5.0,nbody_2.c 50000000,50,1695322494,2974504,nbody_2_g++-5,0:58.96,6496,1960,1784,100.0,0.0,1,5,0:58,0,12,556,0,238,0,1960,332,3,281,48,0,24.8,2.2,0.0,73.0,0.0,0.0,0.0,0.0,15794.9 MiB,3928.5 MiB,2290.4 MiB,9576.0 MiB,4096.0 MiB,3447.7 MiB,648.2 MiB,12914.9 MiB
3,g++-5 5.5.0,nbody_2.c 50000000,51,1695322496,2974504,nbody_2_g++-5,1:00.14,6496,1960,1784,100.0,0.0,1,1,1:00,0,12,556,0,238,0,1960,332,3,281,48,0,25.5,1.5,0.0,73.0,0.0,0.0,0.0,0.0,15794.9 MiB,3926.4 MiB,2292.5 MiB,9576.0 MiB,4096.0 MiB,3447.7 MiB,648.2 MiB,12912.8 MiB
3,g++-5 5.5.0,nbody_2.c 50000000,52,1695322497,2974504,nbody_2_g++-5,1:01.33,6496,1960,1784,100.0,0.0,1,1,1:01,0,12,556,0,238,0,1960,332,3,281,48,0,25.4,2.2,0.0,72.5,0.0,0.0,0.0,0.0,15794.9 MiB,3926.1 MiB,2292.7 MiB,9576.0 MiB,4096.0 MiB,3447.7 MiB,648.2 MiB,12912.6 MiB
3,g++-5 5.5.0,nbody_2.c 50000000,53,1695322498,2974504,nbody_2_g++-5,1:02.52,6496,1960,1784,100.0,0.0,1,1,1:02,0,12,556,0,238,0,1960,333,2,283,48,0,42.4,14.6,0.0,42.4,0.7,0.0,0.0,0.0,15794.9 MiB,3919.2 MiB,2298.3 MiB,9577.4 MiB,4096.0 MiB,3447.7 MiB,648.2 MiB,12907.0 MiB
3,g++-5 5.5.0,nbody_2.c 50000000,54,1695322499,2974504,nbody_2_g++-5,1:03.71,6496,1960,1784,100.0,0.0,1,7,1:03,0,12,556,0,238,0,1960,333,3,282,48,0,42.9,7.1,0.0,50.0,0.0,0.0,0.0,0.0,15794.9 MiB,3913.5 MiB,2299.0 MiB,9582.3 MiB,4096.0 MiB,3447.7 MiB,648.2 MiB,12906.3 MiB
3,g++-5 5.5.0,nbody_2.c 50000000,55,1695322500,2974504,nbody_2_g++-5,1:04.90,6496,1960,1784,100.0,0.0,1,7,1:04,0,12,556,0,238,0,1960,331,2,281,48,0,13.4,0.0,0.0,86.6,0.0,0.0,0.0,0.0,15794.9 MiB,4023.8 MiB,2189.2 MiB,9581.9 MiB,4096.0 MiB,3447.7 MiB,648.2 MiB,13016.4 MiB
3,g++-5 5.5.0,nbody_2.c 50000000,56,1695322502,2974504,nbody_2_g++-5,1:06.07,6496,1960,1784,100.0,0.0,1,7,1:06,0,12,556,0,238,0,1960,331,2,281,48,0,14.2,0.7,0.0,85.1,0.0,0.0,0.0,0.0,15794.9 MiB,4023.8 MiB,2189.2 MiB,9581.9 MiB,4096.0 MiB,3447.7 MiB,648.2 MiB,13016.4 MiB
3,g++-5 5.5.0,nbody_2.c 50000000,57,1695322503,2974504,nbody_2_g++-5,1:07.25,6496,1960,1784,100.0,0.0,1,7,1:07,0,12,556,0,238,0,1960,331,2,281,48,0,12.8,1.5,0.0,85.7,0.0,0.0,0.0,0.0,15794.9 MiB,4023.8 MiB,2189.1 MiB,9581.9 MiB,4096.0 MiB,3447.7 MiB,648.2 MiB,13016.4 MiB
3,g++-5 5.5.0,nbody_2.c 50000000,58,1695322504,2974504,nbody_2_g++-5,1:08.42,6496,1960,1784,100.0,0.0,1,3,1:08,0,12,556,0,238,0,1960,331,2,281,48,0,12.9,0.8,0.0,86.4,0.0,0.0,0.0,0.0,15794.9 MiB,4023.8 MiB,2189.1 MiB,9581.9 MiB,4096.0 MiB,3447.7 MiB,648.2 MiB,13016.4 MiB
3,g++-5 5.5.0,nbody_2.c 50000000,59,1695322505,2974504,nbody_2_g++-5,1:09.60,6496,1960,1784,100.0,0.0,1,3,1:09,0,12,556,0,238,0,1960,331,2,281,48,0,12.9,0.8,0.0,86.4,0.0,0.0,0.0,0.0,15794.9 MiB,4024.1 MiB,2188.9 MiB,9581.9 MiB,4096.0 MiB,3447.7 MiB,648.2 MiB,13016.6 MiB
3,g++-5 5.5.0,nbody_2.c 50000000,60,1695322506,2974504,nbody_2_g++-5,1:10.78,6496,1960,1784,100.0,0.0,1,3,1:10,0,12,556,0,238,0,1960,331,2,281,48,0,13.4,2.8,0.0,83.8,0.0,0.0,0.0,0.0,15794.9 MiB,4023.3 MiB,2189.6 MiB,9581.9 MiB,4096.0 MiB,3447.7 MiB,648.2 MiB,13015.9 MiB
3,g++-5 5.5.0,nbody_2.c 50000000,61,1695322507,2974504,nbody_2_g++-5,1:11.96,6496,1960,1784,100.0,0.0,1,3,1:11,0,12,556,0,238,0,1960,331,2,281,48,0,12.8,1.5,0.0,85.7,0.0,0.0,0.0,0.0,15794.9 MiB,4024.1 MiB,2188.9 MiB,9581.9 MiB,4096.0 MiB,3447.7 MiB,648.2 MiB,13016.6 MiB
3,g++-5 5.5.0,nbody_2.c 50000000,62,1695322509,2974504,nbody_2_g++-5,1:13.13,6496,1960,1784,93.8,0.0,1,3,1:13,0,12,556,0,238,0,1960,331,2,281,48,0,12.8,1.5,0.0,85.7,0.0,0.0,0.0,0.0,15794.9 MiB,4024.1 MiB,2188.9 MiB,9581.9 MiB,4096.0 MiB,3447.7 MiB,648.2 MiB,13016.6 MiB
3,g++-5 5.5.0,nbody_2.c 50000000,63,1695322510,2974504,nbody_2_g++-5,1:14.31,6496,1960,1784,100.0,0.0,1,3,1:14,0,12,556,0,238,0,1960,331,2,281,48,0,12.9,0.8,0.0,86.4,0.0,0.0,0.0,0.0,15794.9 MiB,4023.8 MiB,2189.1 MiB,9581.9 MiB,4096.0 MiB,3447.7 MiB,648.2 MiB,13016.4 MiB
3,g++-5 5.5.0,nbody_2.c 50000000,64,1695322511,2974504,nbody_2_g++-5,1:15.48,6496,1960,1784,100.0,0.0,1,3,1:15,0,12,556,0,238,0,1960,331,2,281,48,0,13.4,0.7,0.0,85.8,0.0,0.0,0.0,0.0,15794.9 MiB,4023.8 MiB,2189.1 MiB,9581.9 MiB,4096.0 MiB,3447.7 MiB,648.2 MiB,13016.4 MiB
3,g++-5 5.5.0,nbody_2.c 50000000,65,1695322512,2974504,nbody_2_g++-5,1:16.67,6496,1960,1784,100.0,0.0,1,3,1:16,0,12,556,0,238,0,1960,331,2,281,48,0,13.6,0.7,0.0,85.7,0.0,0.0,0.0,0.0,15794.9 MiB,4023.8 MiB,2189.1 MiB,9581.9 MiB,4096.0 MiB,3447.7 MiB,648.2 MiB,13016.4 MiB
3,g++-5 5.5.0,nbody_2.c 50000000,66,1695322513,2974504,nbody_2_g++-5,1:17.84,6496,1960,1784,93.8,0.0,1,3,1:17,0,12,556,0,238,0,1960,331,2,281,48,0,12.9,0.8,0.0,86.4,0.0,0.0,0.0,0.0,15794.9 MiB,4024.3 MiB,2188.6 MiB,9581.9 MiB,4096.0 MiB,3447.7 MiB,648.2 MiB,13016.9 MiB
3,g++-5 5.5.0,nbody_2.c 50000000,67,1695322514,2974504,nbody_2_g++-5,1:19.02,6496,1960,1784,100.0,0.0,1,3,1:19,0,12,556,0,238,0,1960,331,2,281,48,0,12.9,0.0,0.0,87.1,0.0,0.0,0.0,0.0,15794.9 MiB,4024.6 MiB,2188.4 MiB,9581.9 MiB,4096.0 MiB,3447.7 MiB,648.2 MiB,13017.1 MiB
3,g++-5 5.5.0,nbody_2.c 50000000,68,1695322516,2974504,nbody_2_g++-5,1:20.20,6496,1960,1784,100.0,0.0,1,3,1:20,0,12,556,0,238,0,1960,331,2,281,48,0,12.1,0.8,0.0,87.1,0.0,0.0,0.0,0.0,15794.9 MiB,4024.6 MiB,2188.4 MiB,9581.9 MiB,4096.0 MiB,3447.7 MiB,648.2 MiB,13017.1 MiB
3,g++-5 5.5.0,nbody_2.c 50000000,69,1695322517,2974504,nbody_2_g++-5,1:21.37,6496,1960,1784,93.8,0.0,1,3,1:21,0,12,556,0,238,0,1960,331,2,281,48,0,12.8,0.8,0.0,85.7,0.8,0.0,0.0,0.0,15794.9 MiB,4024.8 MiB,2188.1 MiB,9581.9 MiB,4096.0 MiB,3447.7 MiB,648.2 MiB,13017.4 MiB
3,g++-5 5.5.0,nbody_2.c 50000000,70,1695322518,2974504,nbody_2_g++-5,1:22.55,6496,1960,1784,100.0,0.0,1,3,1:22,0,12,556,0,238,0,1960,331,2,281,48,0,13.4,1.5,0.0,85.1,0.0,0.0,0.0,0.0,15794.9 MiB,4024.8 MiB,2188.1 MiB,9581.9 MiB,4096.0 MiB,3447.7 MiB,648.2 MiB,13017.4 MiB
3,g++-5 5.5.0,nbody_2.c 50000000,71,1695322519,2974504,nbody_2_g++-5,1:23.72,6496,1960,1784,93.8,0.0,1,3,1:23,0,12,556,0,238,0,1960,331,2,281,48,0,14.1,0.7,0.0,85.2,0.0,0.0,0.0,0.0,15794.9 MiB,4025.3 MiB,2187.6 MiB,9581.9 MiB,4096.0 MiB,3447.7 MiB,648.2 MiB,13017.9 MiB
3,g++-5 5.5.0,nbody_2.c 50000000,72,1695322520,2974504,nbody_2_g++-5,1:24.90,6496,1960,1784,100.0,0.0,1,3,1:24,0,12,556,0,238,0,1960,331,2,281,48,0,13.5,0.8,0.0,85.7,0.0,0.0,0.0,0.0,15794.9 MiB,4025.3 MiB,2187.6 MiB,9581.9 MiB,4096.0 MiB,3447.7 MiB,648.2 MiB,13017.9 MiB
3,g++-5 5.5.0,nbody_2.c 50000000,73,1695322522,2974504,nbody_2_g++-5,1:26.08,6496,1960,1784,100.0,0.0,1,3,1:26,0,12,556,0,238,0,1960,331,2,281,48,0,12.9,0.8,0.0,86.4,0.0,0.0,0.0,0.0,15794.9 MiB,4026.3 MiB,2186.6 MiB,9581.9 MiB,4096.0 MiB,3447.7 MiB,648.2 MiB,13018.9 MiB
3,g++-5 5.5.0,nbody_2.c 50000000,74,1695322523,2974504,nbody_2_g++-5,1:27.25,6496,1960,1784,100.0,0.0,1,3,1:27,0,12,556,0,238,0,1960,331,2,281,48,0,12.2,0.8,0.0,87.0,0.0,0.0,0.0,0.0,15794.9 MiB,4026.3 MiB,2186.6 MiB,9581.9 MiB,4096.0 MiB,3447.7 MiB,648.2 MiB,13018.9 MiB
3,g++-5 5.5.0,nbody_2.c 50000000,75,1695322524,2974504,nbody_2_g++-5,1:28.42,6496,1960,1784,93.8,0.0,1,3,1:28,0,12,556,0,238,0,1960,331,2,281,48,0,13.5,0.8,0.0,85.7,0.0,0.0,0.0,0.0,15794.9 MiB,4026.3 MiB,2186.6 MiB,9581.9 MiB,4096.0 MiB,3447.7 MiB,648.2 MiB,13018.9 MiB
3,g++-5 5.5.0,nbody_2.c 50000000,76,1695322525,2974504,nbody_2_g++-5,1:29.60,6496,1960,1784,100.0,0.0,1,7,1:29,0,12,556,0,238,0,1960,331,2,281,48,0,13.3,1.5,0.0,85.2,0.0,0.0,0.0,0.0,15794.9 MiB,4026.3 MiB,2186.6 MiB,9581.9 MiB,4096.0 MiB,3447.7 MiB,648.2 MiB,13018.9 MiB
4,g++-5 5.5.0,nbody_2.c 50000000,0,1695322526,2975764,nbody_2_g++-5,0:00.16,6496,1940,1768,93.8,0.0,1,0,0:00,0,12,556,0,236,0,1940,331,2,281,48,0,13.6,0.8,0.0,85.6,0.0,0.0,0.0,0.0,15794.9 MiB,4025.1 MiB,2180.7 MiB,9589.1 MiB,4096.0 MiB,3447.7 MiB,648.2 MiB,13017.7 MiB
4,g++-5 5.5.0,nbody_2.c 50000000,1,1695322527,2975764,nbody_2_g++-5,0:01.34,6496,1940,1768,100.0,0.0,1,0,0:01,0,12,556,0,236,0,1940,331,2,281,48,0,13.6,0.8,0.0,85.6,0.0,0.0,0.0,0.0,15794.9 MiB,4025.1 MiB,2180.7 MiB,9589.1 MiB,4096.0 MiB,3447.7 MiB,648.2 MiB,13017.7 MiB
4,g++-5 5.5.0,nbody_2.c 50000000,2,1695322529,2975764,nbody_2_g++-5,0:02.51,6496,1940,1768,100.0,0.0,1,0,0:02,0,12,556,0,236,0,1940,331,2,281,48,0,12.8,1.5,0.0,85.7,0.0,0.0,0.0,0.0,15794.9 MiB,4038.6 MiB,2174.0 MiB,9582.3 MiB,4096.0 MiB,3447.7 MiB,648.2 MiB,13031.2 MiB
4,g++-5 5.5.0,nbody_2.c 50000000,3,1695322530,2975764,nbody_2_g++-5,0:03.68,6496,1940,1768,93.8,0.0,1,0,0:03,0,12,556,0,236,0,1940,331,2,281,48,0,13.5,0.8,0.0,85.7,0.0,0.0,0.0,0.0,15794.9 MiB,4038.6 MiB,2174.1 MiB,9582.1 MiB,4096.0 MiB,3447.7 MiB,648.2 MiB,13031.2 MiB
4,g++-5 5.5.0,nbody_2.c 50000000,4,1695322531,2975764,nbody_2_g++-5,0:04.86,6496,1940,1768,100.0,0.0,1,0,0:04,0,12,556,0,236,0,1940,331,2,281,48,0,12.8,1.5,0.0,85.7,0.0,0.0,0.0,0.0,15794.9 MiB,4037.9 MiB,2174.8 MiB,9582.1 MiB,4096.0 MiB,3447.7 MiB,648.2 MiB,13030.5 MiB
4,g++-5 5.5.0,nbody_2.c 50000000,5,1695322532,2975764,nbody_2_g++-5,0:06.04,6496,1940,1768,100.0,0.0,1,4,0:06,0,12,556,0,236,0,1940,331,2,281,48,0,13.3,1.5,0.0,85.2,0.0,0.0,0.0,0.0,15794.9 MiB,4037.9 MiB,2174.8 MiB,9582.1 MiB,4096.0 MiB,3447.7 MiB,648.2 MiB,13030.5 MiB
4,g++-5 5.5.0,nbody_2.c 50000000,6,1695322533,2975764,nbody_2_g++-5,0:07.21,6496,1940,1768,93.8,0.0,1,4,0:07,0,12,556,0,236,0,1940,331,2,281,48,0,13.4,0.7,0.0,85.8,0.0,0.0,0.0,0.0,15794.9 MiB,4037.2 MiB,2175.6 MiB,9582.1 MiB,4096.0 MiB,3447.7 MiB,648.2 MiB,13029.8 MiB
4,g++-5 5.5.0,nbody_2.c 50000000,7,1695322534,2975764,nbody_2_g++-5,0:08.39,6496,1940,1768,100.0,0.0,1,4,0:08,0,12,556,0,236,0,1940,331,2,281,48,0,13.5,0.8,0.0,85.7,0.0,0.0,0.0,0.0,15794.9 MiB,4036.9 MiB,2175.8 MiB,9582.1 MiB,4096.0 MiB,3447.7 MiB,648.2 MiB,13029.5 MiB
4,g++-5 5.5.0,nbody_2.c 50000000,8,1695322536,2975764,nbody_2_g++-5,0:09.56,6496,1940,1768,100.0,0.0,1,4,0:09,0,12,556,0,236,0,1940,331,2,281,48,0,12.8,1.5,0.0,85.7,0.0,0.0,0.0,0.0,15794.9 MiB,4036.7 MiB,2176.1 MiB,9582.1 MiB,4096.0 MiB,3447.7 MiB,648.2 MiB,13029.3 MiB
4,g++-5 5.5.0,nbody_2.c 50000000,9,1695322537,2975764,nbody_2_g++-5,0:10.74,6496,1940,1768,100.0,0.0,1,0,0:10,0,12,556,0,236,0,1940,331,2,281,48,0,12.8,0.8,0.0,86.5,0.0,0.0,0.0,0.0,15794.9 MiB,4036.7 MiB,2176.1 MiB,9582.1 MiB,4096.0 MiB,3447.7 MiB,648.2 MiB,13029.3 MiB
4,g++-5 5.5.0,nbody_2.c 50000000,10,1695322538,2975764,nbody_2_g++-5,0:11.92,6496,1940,1768,100.0,0.0,1,0,0:11,0,12,556,0,236,0,1940,331,2,281,48,0,13.4,0.7,0.0,85.8,0.0,0.0,0.0,0.0,15794.9 MiB,4036.7 MiB,2176.1 MiB,9582.1 MiB,4096.0 MiB,3447.7 MiB,648.2 MiB,13029.3 MiB
4,g++-5 5.5.0,nbody_2.c 50000000,11,1695322539,2975764,nbody_2_g++-5,0:13.09,6496,1940,1768,100.0,0.0,1,0,0:13,0,12,556,0,236,0,1940,331,2,281,48,0,12.1,1.5,0.0,86.4,0.0,0.0,0.0,0.0,15794.9 MiB,4036.4 MiB,2176.3 MiB,9582.1 MiB,4096.0 MiB,3447.7 MiB,648.2 MiB,13029.0 MiB
4,g++-5 5.5.0,nbody_2.c 50000000,12,1695322540,2975764,nbody_2_g++-5,0:14.26,6496,1940,1768,93.8,0.0,1,0,0:14,0,12,556,0,236,0,1940,331,2,281,48,0,12.1,0.8,0.0,87.1,0.0,0.0,0.0,0.0,15794.9 MiB,4036.4 MiB,2176.3 MiB,9582.1 MiB,4096.0 MiB,3447.7 MiB,648.2 MiB,13029.0 MiB
4,g++-5 5.5.0,nbody_2.c 50000000,13,1695322542,2975764,nbody_2_g++-5,0:15.44,6496,1940,1768,100.0,0.0,1,0,0:15,0,12,556,0,236,0,1940,331,2,281,48,0,12.9,0.8,0.0,86.4,0.0,0.0,0.0,0.0,15794.9 MiB,4036.4 MiB,2176.3 MiB,9582.1 MiB,4096.0 MiB,3447.7 MiB,648.2 MiB,13029.0 MiB
4,g++-5 5.5.0,nbody_2.c 50000000,14,1695322543,2975764,nbody_2_g++-5,0:16.62,6496,1940,1768,100.0,0.0,1,0,0:16,0,12,556,0,236,0,1940,331,2,281,48,0,13.0,0.8,0.0,86.3,0.0,0.0,0.0,0.0,15794.9 MiB,4036.4 MiB,2176.3 MiB,9582.1 MiB,4096.0 MiB,3447.7 MiB,648.2 MiB,13029.0 MiB
4,g++-5 5.5.0,nbody_2.c 50000000,15,1695322544,2975764,nbody_2_g++-5,0:17.79,6496,1940,1768,100.0,0.0,1,0,0:17,0,12,556,0,236,0,1940,331,2,281,48,0,13.3,1.5,0.0,85.2,0.0,0.0,0.0,0.0,15794.9 MiB,4035.4 MiB,2177.3 MiB,9582.1 MiB,4096.0 MiB,3447.7 MiB,648.2 MiB,13028.0 MiB
4,g++-5 5.5.0,nbody_2.c 50000000,16,1695322545,2975764,nbody_2_g++-5,0:18.97,6496,1940,1768,100.0,0.0,1,0,0:18,0,12,556,0,236,0,1940,331,2,281,48,0,12.8,1.5,0.0,85.7,0.0,0.0,0.0,0.0,15794.9 MiB,4035.4 MiB,2177.3 MiB,9582.1 MiB,4096.0 MiB,3447.7 MiB,648.2 MiB,13028.0 MiB
4,g++-5 5.5.0,nbody_2.c 50000000,17,1695322546,2975764,nbody_2_g++-5,0:20.14,6496,1940,1768,100.0,0.0,1,0,0:20,0,12,556,0,236,0,1940,331,2,281,48,0,12.8,1.5,0.0,85.7,0.0,0.0,0.0,0.0,15794.9 MiB,4035.9 MiB,2176.8 MiB,9582.2 MiB,4096.0 MiB,3447.7 MiB,648.2 MiB,13028.5 MiB
4,g++-5 5.5.0,nbody_2.c 50000000,18,1695322547,2975764,nbody_2_g++-5,0:21.32,6496,1940,1768,100.0,0.0,1,0,0:21,0,12,556,0,236,0,1940,332,2,282,48,0,14.1,3.7,0.0,80.7,1.5,0.0,0.0,0.0,15794.9 MiB,4037.9 MiB,2173.3 MiB,9583.7 MiB,4096.0 MiB,3447.7 MiB,648.2 MiB,13032.0 MiB
4,g++-5 5.5.0,nbody_2.c 50000000,19,1695322549,2975764,nbody_2_g++-5,0:22.50,6496,1940,1768,100.0,0.0,1,0,0:22,0,12,556,0,236,0,1940,331,2,281,48,0,12.8,0.8,0.0,86.5,0.0,0.0,0.0,0.0,15794.9 MiB,4037.2 MiB,2173.9 MiB,9583.8 MiB,4096.0 MiB,3447.7 MiB,648.2 MiB,13031.4 MiB
4,g++-5 5.5.0,nbody_2.c 50000000,20,1695322550,2975764,nbody_2_g++-5,0:23.67,6496,1940,1768,100.0,0.0,1,0,0:23,0,12,556,0,236,0,1940,331,2,281,48,0,12.8,0.8,0.0,86.5,0.0,0.0,0.0,0.0,15794.9 MiB,4037.2 MiB,2173.9 MiB,9583.8 MiB,4096.0 MiB,3447.7 MiB,648.2 MiB,13031.4 MiB
4,g++-5 5.5.0,nbody_2.c 50000000,21,1695322551,2975764,nbody_2_g++-5,0:24.85,6496,1940,1768,100.0,0.0,1,0,0:24,0,12,556,0,236,0,1940,331,2,281,48,0,12.8,1.5,0.0,85.0,0.0,0.0,0.8,0.0,15794.9 MiB,4036.9 MiB,2174.2 MiB,9583.8 MiB,4096.0 MiB,3447.7 MiB,648.2 MiB,13031.2 MiB
4,g++-5 5.5.0,nbody_2.c 50000000,22,1695322552,2975764,nbody_2_g++-5,0:26.02,6496,1940,1768,100.0,0.0,1,0,0:26,0,12,556,0,236,0,1940,331,2,281,48,0,13.3,1.5,0.0,85.2,0.0,0.0,0.0,0.0,15794.9 MiB,4036.4 MiB,2174.7 MiB,9583.8 MiB,4096.0 MiB,3447.7 MiB,648.2 MiB,13030.7 MiB
4,g++-5 5.5.0,nbody_2.c 50000000,23,1695322553,2975764,nbody_2_g++-5,0:27.20,6496,1940,1768,100.0,0.0,1,0,0:27,0,12,556,0,236,0,1940,331,2,281,48,0,12.9,0.8,0.0,86.4,0.0,0.0,0.0,0.0,15794.9 MiB,4035.9 MiB,2175.1 MiB,9583.9 MiB,4096.0 MiB,3447.7 MiB,648.2 MiB,13030.2 MiB
4,g++-5 5.5.0,nbody_2.c 50000000,24,1695322554,2975764,nbody_2_g++-5,0:28.37,6496,1940,1768,93.8,0.0,1,0,0:28,0,12,556,0,236,0,1940,331,2,281,48,0,12.1,0.8,0.0,87.1,0.0,0.0,0.0,0.0,15794.9 MiB,4034.9 MiB,2176.1 MiB,9583.9 MiB,4096.0 MiB,3447.7 MiB,648.2 MiB,13029.2 MiB
4,g++-5 5.5.0,nbody_2.c 50000000,25,1695322556,2975764,nbody_2_g++-5,0:29.55,6496,1940,1768,100.0,0.0,1,0,0:29,0,12,556,0,236,0,1940,331,2,281,48,0,14.8,0.7,0.0,84.4,0.0,0.0,0.0,0.0,15794.9 MiB,4035.2 MiB,2175.8 MiB,9583.9 MiB,4096.0 MiB,3447.7 MiB,648.2 MiB,13029.4 MiB
4,g++-5 5.5.0,nbody_2.c 50000000,26,1695322557,2975764,nbody_2_g++-5,0:30.72,6496,1940,1768,100.0,0.0,1,0,0:30,0,12,556,0,236,0,1940,331,2,281,48,0,13.3,1.5,0.0,85.2,0.0,0.0,0.0,0.0,15794.9 MiB,4035.4 MiB,2175.6 MiB,9583.8 MiB,4096.0 MiB,3447.7 MiB,648.2 MiB,13029.7 MiB
4,g++-5 5.5.0,nbody_2.c 50000000,27,1695322558,2975764,nbody_2_g++-5,0:31.90,6496,1940,1768,100.0,0.0,1,0,0:31,0,12,556,0,236,0,1940,331,2,281,48,0,12.9,0.8,0.0,85.6,0.0,0.0,0.8,0.0,15794.9 MiB,4035.4 MiB,2175.6 MiB,9583.8 MiB,4096.0 MiB,3447.7 MiB,648.2 MiB,13029.7 MiB
4,g++-5 5.5.0,nbody_2.c 50000000,28,1695322559,2975764,nbody_2_g++-5,0:33.07,6496,1940,1768,93.8,0.0,1,0,0:33,0,12,556,0,236,0,1940,331,2,281,48,0,12.1,0.8,0.0,87.1,0.0,0.0,0.0,0.0,15794.9 MiB,4035.7 MiB,2175.4 MiB,9583.8 MiB,4096.0 MiB,3447.7 MiB,648.2 MiB,13029.9 MiB
4,g++-5 5.5.0,nbody_2.c 50000000,29,1695322560,2975764,nbody_2_g++-5,0:34.25,6496,1940,1768,100.0,0.0,1,0,0:34,0,12,556,0,236,0,1940,331,2,281,48,0,12.8,1.5,0.0,85.7,0.0,0.0,0.0,0.0,15794.9 MiB,4035.2 MiB,2175.9 MiB,9583.8 MiB,4096.0 MiB,3447.7 MiB,648.2 MiB,13029.5 MiB
4,g++-5 5.5.0,nbody_2.c 50000000,30,1695322561,2975764,nbody_2_g++-5,0:35.42,6496,1940,1768,93.8,0.0,1,0,0:35,0,12,556,0,236,0,1940,331,2,281,48,0,13.3,1.5,0.0,85.2,0.0,0.0,0.0,0.0,15794.9 MiB,4035.2 MiB,2175.9 MiB,9583.8 MiB,4096.0 MiB,3447.7 MiB,648.2 MiB,13029.5 MiB
4,g++-5 5.5.0,nbody_2.c 50000000,31,1695322563,2975764,nbody_2_g++-5,0:36.60,6496,1940,1768,100.0,0.0,1,0,0:36,0,12,556,0,236,0,1940,331,2,281,48,0,12.8,1.5,0.0,85.7,0.0,0.0,0.0,0.0,15794.9 MiB,4035.4 MiB,2175.6 MiB,9583.8 MiB,4096.0 MiB,3447.7 MiB,648.2 MiB,13029.7 MiB
4,g++-5 5.5.0,nbody_2.c 50000000,32,1695322564,2975764,nbody_2_g++-5,0:37.77,6496,1940,1768,93.8,0.0,1,0,0:37,0,12,556,0,236,0,1940,331,2,281,48,0,12.9,0.8,0.0,86.4,0.0,0.0,0.0,0.0,15794.9 MiB,4035.4 MiB,2175.6 MiB,9583.8 MiB,4096.0 MiB,3447.7 MiB,648.2 MiB,13029.7 MiB
4,g++-5 5.5.0,nbody_2.c 50000000,33,1695322565,2975764,nbody_2_g++-5,0:38.95,6496,1940,1768,100.0,0.0,1,0,0:38,0,12,556,0,236,0,1940,331,2,281,48,0,12.2,0.8,0.0,86.3,0.8,0.0,0.0,0.0,15794.9 MiB,4036.2 MiB,2174.9 MiB,9583.8 MiB,4096.0 MiB,3447.7 MiB,648.2 MiB,13030.4 MiB
4,g++-5 5.5.0,nbody_2.c 50000000,34,1695322566,2975764,nbody_2_g++-5,0:40.12,6496,1940,1768,93.8,0.0,1,0,0:40,0,12,556,0,236,0,1940,331,2,281,48,0,13.4,0.7,0.0,85.8,0.0,0.0,0.0,0.0,15794.9 MiB,4036.2 MiB,2174.9 MiB,9583.8 MiB,4096.0 MiB,3447.7 MiB,648.2 MiB,13030.5 MiB
4,g++-5 5.5.0,nbody_2.c 50000000,35,1695322567,2975764,nbody_2_g++-5,0:41.30,6496,1940,1768,100.0,0.0,1,0,0:41,0,12,556,0,236,0,1940,331,2,281,48,0,12.8,1.5,0.0,85.7,0.0,0.0,0.0,0.0,15794.9 MiB,4036.7 MiB,2174.4 MiB,9583.8 MiB,4096.0 MiB,3447.7 MiB,648.2 MiB,13030.9 MiB
4,g++-5 5.5.0,nbody_2.c 50000000,36,1695322569,2975764,nbody_2_g++-5,0:42.47,6496,1940,1768,100.0,0.0,1,0,0:42,0,12,556,0,236,0,1940,331,2,281,48,0,12.8,0.8,0.0,86.5,0.0,0.0,0.0,0.0,15794.9 MiB,4035.9 MiB,2175.1 MiB,9583.8 MiB,4096.0 MiB,3447.7 MiB,648.2 MiB,13030.2 MiB
4,g++-5 5.5.0,nbody_2.c 50000000,37,1695322570,2975764,nbody_2_g++-5,0:43.65,6496,1940,1768,100.0,0.0,1,0,0:43,0,12,556,0,236,0,1940,331,2,281,48,0,12.2,0.8,0.0,87.0,0.0,0.0,0.0,0.0,15794.9 MiB,4035.9 MiB,2175.1 MiB,9583.8 MiB,4096.0 MiB,3447.7 MiB,648.2 MiB,13030.2 MiB
4,g++-5 5.5.0,nbody_2.c 50000000,38,1695322571,2975764,nbody_2_g++-5,0:44.82,6496,1940,1768,93.8,0.0,1,4,0:44,0,12,556,0,236,0,1940,331,2,281,48,0,12.0,1.5,0.0,85.7,0.8,0.0,0.0,0.0,15794.9 MiB,4035.9 MiB,2175.1 MiB,9583.8 MiB,4096.0 MiB,3447.7 MiB,648.2 MiB,13030.2 MiB
4,g++-5 5.5.0,nbody_2.c 50000000,39,1695322572,2975764,nbody_2_g++-5,0:46.00,6496,1940,1768,100.0,0.0,1,4,0:46,0,12,556,0,236,0,1940,331,2,281,48,0,12.2,0.8,0.0,87.0,0.0,0.0,0.0,0.0,15794.9 MiB,4036.7 MiB,2174.4 MiB,9583.8 MiB,4096.0 MiB,3447.7 MiB,648.2 MiB,13030.9 MiB
4,g++-5 5.5.0,nbody_2.c 50000000,40,1695322573,2975764,nbody_2_g++-5,0:47.17,6496,1940,1768,93.8,0.0,1,4,0:47,0,12,556,0,236,0,1940,331,2,281,48,0,13.5,0.8,0.0,85.7,0.0,0.0,0.0,0.0,15794.9 MiB,4036.7 MiB,2174.4 MiB,9583.8 MiB,4096.0 MiB,3447.7 MiB,648.2 MiB,13030.9 MiB
4,g++-5 5.5.0,nbody_2.c 50000000,41,1695322574,2975764,nbody_2_g++-5,0:48.35,6496,1940,1768,100.0,0.0,1,4,0:48,0,12,556,0,236,0,1940,331,2,281,48,0,14.2,0.7,0.0,85.1,0.0,0.0,0.0,0.0,15794.9 MiB,4035.4 MiB,2175.6 MiB,9583.8 MiB,4096.0 MiB,3447.7 MiB,648.2 MiB,13029.7 MiB
4,g++-5 5.5.0,nbody_2.c 50000000,42,1695322576,2975764,nbody_2_g++-5,0:49.53,6496,1940,1768,100.0,0.0,1,0,0:49,0,12,556,0,236,0,1940,331,2,281,48,0,12.9,0.8,0.0,86.4,0.0,0.0,0.0,0.0,15794.9 MiB,4034.7 MiB,2176.3 MiB,9583.8 MiB,4096.0 MiB,3447.7 MiB,648.2 MiB,13029.0 MiB
4,g++-5 5.5.0,nbody_2.c 50000000,43,1695322577,2975764,nbody_2_g++-5,0:50.70,6496,1940,1768,100.0,0.0,1,0,0:50,0,12,556,0,236,0,1940,331,2,281,48,0,13.4,0.7,0.0,85.8,0.0,0.0,0.0,0.0,15794.9 MiB,4034.0 MiB,2177.1 MiB,9583.8 MiB,4096.0 MiB,3447.7 MiB,648.2 MiB,13028.3 MiB
4,g++-5 5.5.0,nbody_2.c 50000000,44,1695322578,2975764,nbody_2_g++-5,0:51.87,6496,1940,1768,100.0,0.0,1,0,0:51,0,12,556,0,236,0,1940,331,2,281,48,0,12.9,0.8,0.0,86.4,0.0,0.0,0.0,0.0,15794.9 MiB,4034.0 MiB,2177.1 MiB,9583.8 MiB,4096.0 MiB,3447.7 MiB,648.2 MiB,13028.3 MiB
4,g++-5 5.5.0,nbody_2.c 50000000,45,1695322579,2975764,nbody_2_g++-5,0:53.05,6496,1940,1768,100.0,0.0,1,0,0:53,0,12,556,0,236,0,1940,331,2,281,48,0,12.7,1.5,0.0,85.8,0.0,0.0,0.0,0.0,15794.9 MiB,4034.2 MiB,2176.8 MiB,9583.8 MiB,4096.0 MiB,3447.7 MiB,648.2 MiB,13028.5 MiB
4,g++-5 5.5.0,nbody_2.c 50000000,46,1695322580,2975764,nbody_2_g++-5,0:54.23,6496,1940,1768,100.0,0.0,1,4,0:54,0,12,556,0,236,0,1940,331,2,281,48,0,12.9,1.5,0.0,85.6,0.0,0.0,0.0,0.0,15794.9 MiB,4034.2 MiB,2176.8 MiB,9583.8 MiB,4096.0 MiB,3447.7 MiB,648.2 MiB,13028.5 MiB
4,g++-5 5.5.0,nbody_2.c 50000000,47,1695322581,2975764,nbody_2_g++-5,0:55.40,6496,1940,1768,100.0,0.0,1,4,0:55,0,12,556,0,236,0,1940,331,2,281,48,0,12.8,1.5,0.0,85.7,0.0,0.0,0.0,0.0,15794.9 MiB,4034.5 MiB,2176.6 MiB,9583.8 MiB,4096.0 MiB,3447.7 MiB,648.2 MiB,13028.8 MiB
4,g++-5 5.5.0,nbody_2.c 50000000,48,1695322583,2975764,nbody_2_g++-5,0:56.57,6496,1940,1768,100.0,0.0,1,4,0:56,0,12,556,0,236,0,1940,331,2,281,48,0,12.8,0.8,0.0,86.5,0.0,0.0,0.0,0.0,15794.9 MiB,4034.5 MiB,2176.6 MiB,9583.8 MiB,4096.0 MiB,3447.7 MiB,648.2 MiB,13028.8 MiB
4,g++-5 5.5.0,nbody_2.c 50000000,49,1695322584,2975764,nbody_2_g++-5,0:57.75,6496,1940,1768,100.0,0.0,1,0,0:57,0,12,556,0,236,0,1940,331,2,281,48,0,12.2,0.8,0.0,87.0,0.0,0.0,0.0,0.0,15794.9 MiB,4034.5 MiB,2176.6 MiB,9583.8 MiB,4096.0 MiB,3447.7 MiB,648.2 MiB,13028.8 MiB
4,g++-5 5.5.0,nbody_2.c 50000000,50,1695322585,2975764,nbody_2_g++-5,0:58.93,6496,1940,1768,100.0,0.0,1,0,0:58,0,12,556,0,236,0,1940,331,2,281,48,0,13.8,1.4,0.0,84.8,0.0,0.0,0.0,0.0,15794.9 MiB,4034.7 MiB,2176.3 MiB,9583.8 MiB,4096.0 MiB,3447.7 MiB,648.2 MiB,13029.0 MiB
4,g++-5 5.5.0,nbody_2.c 50000000,51,1695322586,2975764,nbody_2_g++-5,1:00.11,6496,1940,1768,100.0,0.0,1,0,1:00,0,12,556,0,236,0,1940,331,2,281,48,0,13.5,0.8,0.0,85.7,0.0,0.0,0.0,0.0,15794.9 MiB,4035.5 MiB,2175.6 MiB,9583.8 MiB,4096.0 MiB,3447.7 MiB,648.2 MiB,13029.8 MiB
4,g++-5 5.5.0,nbody_2.c 50000000,52,1695322587,2975764,nbody_2_g++-5,1:01.28,6496,1940,1768,100.0,0.0,1,0,1:01,0,12,556,0,236,0,1940,331,2,281,48,0,13.6,0.8,0.0,85.6,0.0,0.0,0.0,0.0,15794.9 MiB,4036.2 MiB,2174.8 MiB,9583.8 MiB,4096.0 MiB,3447.7 MiB,648.2 MiB,13030.5 MiB
4,g++-5 5.5.0,nbody_2.c 50000000,53,1695322589,2975764,nbody_2_g++-5,1:02.45,6496,1940,1768,100.0,0.0,1,0,1:02,0,12,556,0,236,0,1940,331,2,281,48,0,12.8,0.8,0.0,86.5,0.0,0.0,0.0,0.0,15794.9 MiB,4035.9 MiB,2175.1 MiB,9583.8 MiB,4096.0 MiB,3447.7 MiB,648.2 MiB,13030.2 MiB
4,g++-5 5.5.0,nbody_2.c 50000000,54,1695322590,2975764,nbody_2_g++-5,1:03.63,6496,1940,1768,100.0,0.0,1,0,1:03,0,12,556,0,236,0,1940,331,2,281,48,0,12.9,0.8,0.0,86.4,0.0,0.0,0.0,0.0,15794.9 MiB,4035.9 MiB,2175.1 MiB,9583.8 MiB,4096.0 MiB,3447.7 MiB,648.2 MiB,13030.3 MiB
4,g++-5 5.5.0,nbody_2.c 50000000,55,1695322591,2975764,nbody_2_g++-5,1:04.81,6496,1940,1768,100.0,0.0,1,0,1:04,0,12,556,0,236,0,1940,331,2,281,48,0,13.4,0.7,0.0,85.8,0.0,0.0,0.0,0.0,15794.9 MiB,4035.9 MiB,2175.1 MiB,9583.8 MiB,4096.0 MiB,3447.7 MiB,648.2 MiB,13030.3 MiB
4,g++-5 5.5.0,nbody_2.c 50000000,56,1695322592,2975764,nbody_2_g++-5,1:05.98,6496,1940,1768,100.0,0.0,1,4,1:05,0,12,556,0,236,0,1940,331,2,281,48,0,12.6,1.5,0.0,85.2,0.0,0.0,0.7,0.0,15794.9 MiB,4035.7 MiB,2175.3 MiB,9583.8 MiB,4096.0 MiB,3447.7 MiB,648.2 MiB,13030.0 MiB
4,g++-5 5.5.0,nbody_2.c 50000000,57,1695322593,2975764,nbody_2_g++-5,1:07.16,6496,1940,1768,100.0,0.0,1,4,1:07,0,12,556,0,236,0,1940,331,2,281,48,0,13.4,1.5,0.0,84.3,0.7,0.0,0.0,0.0,15794.9 MiB,4035.9 MiB,2175.1 MiB,9583.8 MiB,4096.0 MiB,3447.7 MiB,648.2 MiB,13030.3 MiB
4,g++-5 5.5.0,nbody_2.c 50000000,58,1695322594,2975764,nbody_2_g++-5,1:08.33,6496,1940,1768,100.0,0.0,1,4,1:08,0,12,556,0,236,0,1940,331,2,281,48,0,12.1,0.8,0.0,86.4,0.0,0.0,0.8,0.0,15794.9 MiB,4036.4 MiB,2174.6 MiB,9583.8 MiB,4096.0 MiB,3447.7 MiB,648.2 MiB,13030.8 MiB
4,g++-5 5.5.0,nbody_2.c 50000000,59,1695322596,2975764,nbody_2_g++-5,1:09.51,6496,1940,1768,100.0,0.0,1,0,1:09,0,12,556,0,236,0,1940,331,2,281,48,0,12.0,1.5,0.0,86.5,0.0,0.0,0.0,0.0,15794.9 MiB,4036.4 MiB,2174.6 MiB,9583.8 MiB,4096.0 MiB,3447.7 MiB,648.2 MiB,13030.8 MiB
4,g++-5 5.5.0,nbody_2.c 50000000,60,1695322597,2975764,nbody_2_g++-5,1:10.68,6496,1940,1768,100.0,0.0,1,0,1:10,0,12,556,0,236,0,1940,331,2,281,48,0,12.8,1.5,0.0,85.7,0.0,0.0,0.0,0.0,15794.9 MiB,4036.9 MiB,2174.1 MiB,9583.8 MiB,4096.0 MiB,3447.7 MiB,648.2 MiB,13031.3 MiB
4,g++-5 5.5.0,nbody_2.c 50000000,61,1695322598,2975764,nbody_2_g++-5,1:11.86,6496,1940,1768,100.0,0.0,1,0,1:11,0,12,556,0,236,0,1940,331,2,281,48,0,13.5,0.8,0.0,85.7,0.0,0.0,0.0,0.0,15794.9 MiB,4037.7 MiB,2173.3 MiB,9583.8 MiB,4096.0 MiB,3447.7 MiB,648.2 MiB,13032.0 MiB
4,g++-5 5.5.0,nbody_2.c 50000000,62,1695322599,2975764,nbody_2_g++-5,1:13.03,6496,1940,1768,100.0,0.0,1,0,1:13,0,12,556,0,236,0,1940,331,2,281,48,0,12.8,0.8,0.0,86.5,0.0,0.0,0.0,0.0,15794.9 MiB,4037.2 MiB,2173.8 MiB,9583.8 MiB,4096.0 MiB,3447.7 MiB,648.2 MiB,13031.5 MiB
4,g++-5 5.5.0,nbody_2.c 50000000,63,1695322600,2975764,nbody_2_g++-5,1:14.21,6496,1940,1768,100.0,0.0,1,0,1:14,0,12,556,0,236,0,1940,331,2,281,48,0,12.1,0.8,0.0,87.1,0.0,0.0,0.0,0.0,15794.9 MiB,4037.9 MiB,2173.1 MiB,9583.8 MiB,4096.0 MiB,3447.7 MiB,648.2 MiB,13032.2 MiB
4,g++-5 5.5.0,nbody_2.c 50000000,64,1695322601,2975764,nbody_2_g++-5,1:15.38,6496,1940,1768,93.8,0.0,1,0,1:15,0,12,556,0,236,0,1940,331,2,281,48,0,13.6,0.8,0.0,85.6,0.0,0.0,0.0,0.0,15794.9 MiB,4037.4 MiB,2173.6 MiB,9583.8 MiB,4096.0 MiB,3447.7 MiB,648.2 MiB,13031.7 MiB
4,g++-5 5.5.0,nbody_2.c 50000000,65,1695322603,2975764,nbody_2_g++-5,1:16.56,6496,1940,1768,100.0,0.0,1,0,1:16,0,12,556,0,236,0,1940,331,2,281,48,0,13.6,0.0,0.0,86.4,0.0,0.0,0.0,0.0,15794.9 MiB,4037.4 MiB,2173.6 MiB,9583.8 MiB,4096.0 MiB,3447.7 MiB,648.2 MiB,13031.7 MiB
4,g++-5 5.5.0,nbody_2.c 50000000,66,1695322604,2975764,nbody_2_g++-5,1:17.73,6496,1940,1768,100.0,0.0,1,0,1:17,0,12,556,0,236,0,1940,331,2,281,48,0,13.4,1.5,0.0,85.1,0.0,0.0,0.0,0.0,15794.9 MiB,4037.2 MiB,2173.8 MiB,9583.9 MiB,4096.0 MiB,3447.7 MiB,648.2 MiB,13031.5 MiB
4,g++-5 5.5.0,nbody_2.c 50000000,67,1695322605,2975764,nbody_2_g++-5,1:18.90,6496,1940,1768,93.8,0.0,1,0,1:18,0,12,556,0,236,0,1940,331,2,281,48,0,12.8,0.8,0.0,86.5,0.0,0.0,0.0,0.0,15794.9 MiB,4037.2 MiB,2173.8 MiB,9583.9 MiB,4096.0 MiB,3447.7 MiB,648.2 MiB,13031.5 MiB
4,g++-5 5.5.0,nbody_2.c 50000000,68,1695322606,2975764,nbody_2_g++-5,1:20.08,6496,1940,1768,100.0,0.0,1,0,1:20,0,12,556,0,236,0,1940,331,2,281,48,0,12.8,0.8,0.0,86.5,0.0,0.0,0.0,0.0,15794.9 MiB,4037.2 MiB,2173.8 MiB,9583.9 MiB,4096.0 MiB,3447.7 MiB,648.2 MiB,13031.5 MiB
4,g++-5 5.5.0,nbody_2.c 50000000,69,1695322607,2975764,nbody_2_g++-5,1:21.26,6496,1940,1768,100.0,0.0,1,0,1:21,0,12,556,0,236,0,1940,331,2,281,48,0,12.7,1.5,0.0,85.8,0.0,0.0,0.0,0.0,15794.9 MiB,4037.2 MiB,2173.8 MiB,9583.9 MiB,4096.0 MiB,3447.7 MiB,648.2 MiB,13031.5 MiB
4,g++-5 5.5.0,nbody_2.c 50000000,70,1695322609,2975764,nbody_2_g++-5,1:22.43,6496,1940,1768,100.0,0.0,1,0,1:22,0,12,556,0,236,0,1940,331,2,281,48,0,12.8,1.5,0.0,85.7,0.0,0.0,0.0,0.0,15794.9 MiB,4036.9 MiB,2174.1 MiB,9583.9 MiB,4096.0 MiB,3447.7 MiB,648.2 MiB,13031.3 MiB
4,g++-5 5.5.0,nbody_2.c 50000000,71,1695322610,2975764,nbody_2_g++-5,1:23.60,6496,1940,1768,93.8,0.0,1,0,1:23,0,12,556,0,236,0,1940,331,2,281,48,0,13.0,0.8,0.0,86.3,0.0,0.0,0.0,0.0,15794.9 MiB,4036.9 MiB,2174.1 MiB,9583.9 MiB,4096.0 MiB,3447.7 MiB,648.2 MiB,13031.3 MiB
4,g++-5 5.5.0,nbody_2.c 50000000,72,1695322611,2975764,nbody_2_g++-5,1:24.78,6496,1940,1768,100.0,0.0,1,0,1:24,0,12,556,0,236,0,1940,331,2,281,48,0,12.9,0.8,0.0,86.4,0.0,0.0,0.0,0.0,15794.9 MiB,4036.9 MiB,2174.0 MiB,9583.9 MiB,4096.0 MiB,3447.7 MiB,648.2 MiB,13031.3 MiB
4,g++-5 5.5.0,nbody_2.c 50000000,73,1695322612,2975764,nbody_2_g++-5,1:25.96,6496,1940,1768,100.0,0.0,1,0,1:25,0,12,556,0,236,0,1940,331,2,281,48,0,12.2,0.8,0.0,87.0,0.0,0.0,0.0,0.0,15794.9 MiB,4036.9 MiB,2174.0 MiB,9583.9 MiB,4096.0 MiB,3447.7 MiB,648.2 MiB,13031.3 MiB
5,g++-5 5.5.0,nbody_2.c 50000000,0,1695322613,2976226,nbody_2_g++-5,0:00.16,6496,1940,1764,100.0,0.0,1,3,0:00,0,12,556,0,235,0,1940,331,2,281,48,0,12.8,1.5,0.0,85.7,0.0,0.0,0.0,0.0,15794.9 MiB,4030.1 MiB,2174.3 MiB,9590.5 MiB,4096.0 MiB,3447.7 MiB,648.2 MiB,13024.4 MiB
5,g++-5 5.5.0,nbody_2.c 50000000,1,1695322614,2976226,nbody_2_g++-5,0:01.34,6496,1940,1764,100.0,0.0,1,3,0:01,0,12,556,0,235,0,1940,331,2,281,48,0,12.8,1.5,0.0,85.7,0.0,0.0,0.0,0.0,15794.9 MiB,4029.6 MiB,2174.4 MiB,9590.9 MiB,4096.0 MiB,3447.7 MiB,648.2 MiB,13023.9 MiB
5,g++-5 5.5.0,nbody_2.c 50000000,2,1695322616,2976226,nbody_2_g++-5,0:02.52,6496,1940,1764,100.0,0.0,1,7,0:02,0,12,556,0,235,0,1940,331,2,281,48,0,12.8,0.8,0.0,85.7,0.8,0.0,0.0,0.0,15794.9 MiB,4032.6 MiB,2178.2 MiB,9584.0 MiB,4096.0 MiB,3447.7 MiB,648.2 MiB,13027.0 MiB
5,g++-5 5.5.0,nbody_2.c 50000000,3,1695322617,2976226,nbody_2_g++-5,0:03.69,6496,1940,1764,100.0,0.0,1,7,0:03,0,12,556,0,235,0,1940,331,2,281,48,0,12.8,1.5,0.0,85.7,0.0,0.0,0.0,0.0,15794.9 MiB,4032.5 MiB,2178.5 MiB,9583.9 MiB,4096.0 MiB,3447.7 MiB,648.2 MiB,13026.9 MiB
5,g++-5 5.5.0,nbody_2.c 50000000,4,1695322618,2976226,nbody_2_g++-5,0:04.86,6496,1940,1764,100.0,0.0,1,7,0:04,0,12,556,0,235,0,1940,331,2,281,48,0,12.8,1.5,0.0,85.7,0.0,0.0,0.0,0.0,15794.9 MiB,4032.3 MiB,2178.7 MiB,9583.9 MiB,4096.0 MiB,3447.7 MiB,648.2 MiB,13026.6 MiB
5,g++-5 5.5.0,nbody_2.c 50000000,5,1695322619,2976226,nbody_2_g++-5,0:06.04,6496,1940,1764,100.0,0.0,1,7,0:06,0,12,556,0,235,0,1940,331,2,281,48,0,12.1,1.5,0.0,86.4,0.0,0.0,0.0,0.0,15794.9 MiB,4032.3 MiB,2178.7 MiB,9583.9 MiB,4096.0 MiB,3447.7 MiB,648.2 MiB,13026.6 MiB
5,g++-5 5.5.0,nbody_2.c 50000000,6,1695322620,2976226,nbody_2_g++-5,0:07.22,6496,1940,1764,100.0,0.0,1,7,0:07,0,12,556,0,235,0,1940,331,2,281,48,0,13.0,0.0,0.0,87.0,0.0,0.0,0.0,0.0,15794.9 MiB,4031.8 MiB,2179.1 MiB,9583.9 MiB,4096.0 MiB,3447.7 MiB,648.2 MiB,13026.1 MiB
5,g++-5 5.5.0,nbody_2.c 50000000,7,1695322621,2976226,nbody_2_g++-5,0:08.39,6496,1940,1764,93.8,0.0,1,7,0:08,0,12,556,0,235,0,1940,331,2,281,48,0,12.1,0.8,0.0,87.1,0.0,0.0,0.0,0.0,15794.9 MiB,4031.5 MiB,2179.4 MiB,9583.9 MiB,4096.0 MiB,3447.7 MiB,648.2 MiB,13025.9 MiB
5,g++-5 5.5.0,nbody_2.c 50000000,8,1695322623,2976226,nbody_2_g++-5,0:09.57,6496,1940,1764,100.0,0.0,1,3,0:09,0,12,556,0,235,0,1940,331,2,281,48,0,12.8,1.5,0.0,85.7,0.0,0.0,0.0,0.0,15794.9 MiB,4031.5 MiB,2179.4 MiB,9583.9 MiB,4096.0 MiB,3447.7 MiB,648.2 MiB,13025.9 MiB
5,g++-5 5.5.0,nbody_2.c 50000000,9,1695322624,2976226,nbody_2_g++-5,0:10.74,6496,1940,1764,100.0,0.0,1,3,0:10,0,12,556,0,235,0,1940,331,2,281,48,0,13.4,1.5,0.0,85.1,0.0,0.0,0.0,0.0,15794.9 MiB,4031.5 MiB,2179.4 MiB,9583.9 MiB,4096.0 MiB,3447.7 MiB,648.2 MiB,13025.9 MiB
5,g++-5 5.5.0,nbody_2.c 50000000,10,1695322625,2976226,nbody_2_g++-5,0:11.92,6496,1940,1764,100.0,0.0,1,3,0:11,0,12,556,0,235,0,1940,331,2,281,48,0,13.5,0.8,0.0,85.7,0.0,0.0,0.0,0.0,15794.9 MiB,4032.0 MiB,2178.9 MiB,9583.9 MiB,4096.0 MiB,3447.7 MiB,648.2 MiB,13026.4 MiB
5,g++-5 5.5.0,nbody_2.c 50000000,11,1695322626,2976226,nbody_2_g++-5,0:13.10,6496,1940,1764,100.0,0.0,1,3,0:13,0,12,556,0,235,0,1940,331,2,281,48,0,12.8,0.8,0.0,86.5,0.0,0.0,0.0,0.0,15794.9 MiB,4031.8 MiB,2179.1 MiB,9583.9 MiB,4096.0 MiB,3447.7 MiB,648.2 MiB,13026.1 MiB
5,g++-5 5.5.0,nbody_2.c 50000000,12,1695322627,2976226,nbody_2_g++-5,0:14.27,6496,1940,1764,100.0,0.0,1,3,0:14,0,12,556,0,235,0,1940,331,2,281,48,0,12.8,0.8,0.0,86.5,0.0,0.0,0.0,0.0,15794.9 MiB,4031.8 MiB,2179.1 MiB,9584.0 MiB,4096.0 MiB,3447.7 MiB,648.2 MiB,13026.1 MiB
5,g++-5 5.5.0,nbody_2.c 50000000,13,1695322628,2976226,nbody_2_g++-5,0:15.44,6496,1940,1764,93.8,0.0,1,3,0:15,0,12,556,0,235,0,1940,331,2,281,48,0,13.5,0.8,0.0,85.7,0.0,0.0,0.0,0.0,15794.9 MiB,4031.8 MiB,2179.1 MiB,9584.0 MiB,4096.0 MiB,3447.7 MiB,648.2 MiB,13026.1 MiB
5,g++-5 5.5.0,nbody_2.c 50000000,14,1695322630,2976226,nbody_2_g++-5,0:16.62,6496,1940,1764,100.0,0.0,1,3,0:16,0,12,556,0,235,0,1940,331,2,281,48,0,13.4,1.5,0.0,85.1,0.0,0.0,0.0,0.0,15794.9 MiB,4031.8 MiB,2179.1 MiB,9584.0 MiB,4096.0 MiB,3447.7 MiB,648.2 MiB,13026.1 MiB
5,g++-5 5.5.0,nbody_2.c 50000000,15,1695322631,2976226,nbody_2_g++-5,0:17.80,6496,1940,1764,100.0,0.0,1,3,0:17,0,12,556,0,235,0,1940,331,2,281,48,0,12.9,0.8,0.0,86.4,0.0,0.0,0.0,0.0,15794.9 MiB,4031.5 MiB,2179.4 MiB,9584.0 MiB,4096.0 MiB,3447.7 MiB,648.2 MiB,13025.9 MiB
5,g++-5 5.5.0,nbody_2.c 50000000,16,1695322632,2976226,nbody_2_g++-5,0:18.97,6496,1940,1764,100.0,0.0,1,3,0:18,0,12,556,0,235,0,1940,331,2,281,48,0,12.1,1.5,0.0,86.4,0.0,0.0,0.0,0.0,15794.9 MiB,4031.3 MiB,2179.6 MiB,9584.0 MiB,4096.0 MiB,3447.7 MiB,648.2 MiB,13025.6 MiB
5,g++-5 5.5.0,nbody_2.c 50000000,17,1695322633,2976226,nbody_2_g++-5,0:20.14,6496,1940,1764,93.8,0.0,1,3,0:20,0,12,556,0,235,0,1940,331,2,281,48,0,12.8,1.5,0.0,85.7,0.0,0.0,0.0,0.0,15794.9 MiB,4031.3 MiB,2179.6 MiB,9584.0 MiB,4096.0 MiB,3447.7 MiB,648.2 MiB,13025.6 MiB
5,g++-5 5.5.0,nbody_2.c 50000000,18,1695322634,2976226,nbody_2_g++-5,0:21.32,6496,1940,1764,100.0,0.0,1,3,0:21,0,12,556,0,235,0,1940,331,2,281,48,0,13.4,0.7,0.0,85.8,0.0,0.0,0.0,0.0,15794.9 MiB,4031.0 MiB,2179.9 MiB,9584.0 MiB,4096.0 MiB,3447.7 MiB,648.2 MiB,13025.4 MiB
5,g++-5 5.5.0,nbody_2.c 50000000,19,1695322636,2976226,nbody_2_g++-5,0:22.49,6496,1940,1764,100.0,0.0,1,3,0:22,0,12,556,0,235,0,1940,331,2,281,48,0,13.5,0.8,0.0,85.7,0.0,0.0,0.0,0.0,15794.9 MiB,4030.8 MiB,2180.1 MiB,9584.0 MiB,4096.0 MiB,3447.7 MiB,648.2 MiB,13025.2 MiB
5,g++-5 5.5.0,nbody_2.c 50000000,20,1695322637,2976226,nbody_2_g++-5,0:23.67,6496,1940,1764,100.0,0.0,1,3,0:23,0,12,556,0,235,0,1940,331,2,281,48,0,12.7,1.5,0.0,85.8,0.0,0.0,0.0,0.0,15794.9 MiB,4030.1 MiB,2180.8 MiB,9584.0 MiB,4096.0 MiB,3447.7 MiB,648.2 MiB,13024.4 MiB
5,g++-5 5.5.0,nbody_2.c 50000000,21,1695322638,2976226,nbody_2_g++-5,0:24.84,6496,1940,1764,100.0,0.0,1,3,0:24,0,12,556,0,235,0,1940,331,2,281,48,0,13.5,0.8,0.0,85.7,0.0,0.0,0.0,0.0,15794.9 MiB,4030.1 MiB,2180.8 MiB,9584.0 MiB,4096.0 MiB,3447.7 MiB,648.2 MiB,13024.4 MiB
5,g++-5 5.5.0,nbody_2.c 50000000,22,1695322639,2976226,nbody_2_g++-5,0:26.02,6496,1940,1764,100.0,0.0,1,3,0:26,0,12,556,0,235,0,1940,331,2,281,48,0,12.1,1.5,0.0,86.4,0.0,0.0,0.0,0.0,15794.9 MiB,4030.1 MiB,2180.8 MiB,9584.0 MiB,4096.0 MiB,3447.7 MiB,648.2 MiB,13024.4 MiB
5,g++-5 5.5.0,nbody_2.c 50000000,23,1695322640,2976226,nbody_2_g++-5,0:27.19,6496,1940,1764,100.0,0.0,1,3,0:27,0,12,556,0,235,0,1940,331,2,281,48,0,12.8,0.8,0.0,86.5,0.0,0.0,0.0,0.0,15794.9 MiB,4029.1 MiB,2181.8 MiB,9584.0 MiB,4096.0 MiB,3447.7 MiB,648.2 MiB,13023.5 MiB
5,g++-5 5.5.0,nbody_2.c 50000000,24,1695322641,2976226,nbody_2_g++-5,0:28.37,6496,1940,1764,100.0,0.0,1,3,0:28,0,12,556,0,235,0,1940,331,2,281,48,0,13.4,1.5,0.0,85.1,0.0,0.0,0.0,0.0,15794.9 MiB,4028.8 MiB,2182.0 MiB,9584.0 MiB,4096.0 MiB,3447.7 MiB,648.2 MiB,13023.2 MiB
5,g++-5 5.5.0,nbody_2.c 50000000,25,1695322643,2976226,nbody_2_g++-5,0:29.55,6496,1940,1764,100.0,0.0,1,3,0:29,0,12,556,0,235,0,1940,331,2,281,48,0,13.4,1.5,0.0,85.1,0.0,0.0,0.0,0.0,15794.9 MiB,4028.6 MiB,2182.3 MiB,9584.0 MiB,4096.0 MiB,3447.7 MiB,648.2 MiB,13023.0 MiB
5,g++-5 5.5.0,nbody_2.c 50000000,26,1695322644,2976226,nbody_2_g++-5,0:30.72,6496,1940,1764,100.0,0.0,1,3,0:30,0,12,556,0,235,0,1940,331,2,281,48,0,13.4,1.5,0.0,84.3,0.7,0.0,0.0,0.0,15794.9 MiB,4028.6 MiB,2182.3 MiB,9584.0 MiB,4096.0 MiB,3447.7 MiB,648.2 MiB,13023.0 MiB
5,g++-5 5.5.0,nbody_2.c 50000000,27,1695322645,2976226,nbody_2_g++-5,0:31.89,6496,1940,1764,93.8,0.0,1,3,0:31,0,12,556,0,235,0,1940,331,2,281,48,0,13.5,0.8,0.0,85.7,0.0,0.0,0.0,0.0,15794.9 MiB,4028.6 MiB,2182.3 MiB,9584.0 MiB,4096.0 MiB,3447.7 MiB,648.2 MiB,13023.0 MiB
5,g++-5 5.5.0,nbody_2.c 50000000,28,1695322646,2976226,nbody_2_g++-5,0:33.07,6496,1940,1764,100.0,0.0,1,3,0:33,0,12,556,0,235,0,1940,331,2,281,48,0,14.7,1.5,0.0,83.8,0.0,0.0,0.0,0.0,15794.9 MiB,4028.6 MiB,2182.3 MiB,9584.0 MiB,4096.0 MiB,3447.7 MiB,648.2 MiB,13023.0 MiB
5,g++-5 5.5.0,nbody_2.c 50000000,29,1695322647,2976226,nbody_2_g++-5,0:34.25,6496,1940,1764,100.0,0.0,1,3,0:34,0,12,556,0,235,0,1940,331,2,281,48,0,13.3,1.5,0.0,85.2,0.0,0.0,0.0,0.0,15794.9 MiB,4028.6 MiB,2182.3 MiB,9584.0 MiB,4096.0 MiB,3447.7 MiB,648.2 MiB,13023.0 MiB
5,g++-5 5.5.0,nbody_2.c 50000000,30,1695322648,2976226,nbody_2_g++-5,0:35.42,6496,1940,1764,100.0,0.0,1,3,0:35,0,12,556,0,235,0,1940,331,2,281,48,0,12.7,2.2,0.0,85.1,0.0,0.0,0.0,0.0,15794.9 MiB,4028.6 MiB,2182.3 MiB,9584.0 MiB,4096.0 MiB,3447.7 MiB,648.2 MiB,13023.0 MiB
5,g++-5 5.5.0,nbody_2.c 50000000,31,1695322650,2976226,nbody_2_g++-5,0:36.60,6496,1940,1764,100.0,0.0,1,7,0:36,0,12,556,0,235,0,1940,331,2,281,48,0,14.2,0.7,0.0,85.1,0.0,0.0,0.0,0.0,15794.9 MiB,4028.3 MiB,2182.5 MiB,9584.0 MiB,4096.0 MiB,3447.7 MiB,648.2 MiB,13022.8 MiB
5,g++-5 5.5.0,nbody_2.c 50000000,32,1695322651,2976226,nbody_2_g++-5,0:37.77,6496,1940,1764,100.0,0.0,1,7,0:37,0,12,556,0,235,0,1940,331,2,281,48,0,12.8,0.8,0.0,86.5,0.0,0.0,0.0,0.0,15794.9 MiB,4028.3 MiB,2182.5 MiB,9584.0 MiB,4096.0 MiB,3447.7 MiB,648.2 MiB,13022.8 MiB
5,g++-5 5.5.0,nbody_2.c 50000000,33,1695322652,2976226,nbody_2_g++-5,0:38.95,6496,1940,1764,100.0,0.0,1,7,0:38,0,12,556,0,235,0,1940,331,2,281,48,0,13.5,0.8,0.0,85.7,0.0,0.0,0.0,0.0,15794.9 MiB,4028.1 MiB,2182.8 MiB,9584.0 MiB,4096.0 MiB,3447.7 MiB,648.2 MiB,13022.5 MiB
5,g++-5 5.5.0,nbody_2.c 50000000,34,1695322653,2976226,nbody_2_g++-5,0:40.13,6496,1940,1764,100.0,0.0,1,7,0:40,0,12,556,0,235,0,1940,331,2,281,48,0,13.5,0.8,0.0,85.7,0.0,0.0,0.0,0.0,15794.9 MiB,4028.1 MiB,2182.8 MiB,9584.0 MiB,4096.0 MiB,3447.7 MiB,648.2 MiB,13022.5 MiB
5,g++-5 5.5.0,nbody_2.c 50000000,35,1695322654,2976226,nbody_2_g++-5,0:41.30,6496,1940,1764,100.0,0.0,1,7,0:41,0,12,556,0,235,0,1940,331,2,281,48,0,12.2,0.8,0.0,87.0,0.0,0.0,0.0,0.0,15794.9 MiB,4028.1 MiB,2182.8 MiB,9584.0 MiB,4096.0 MiB,3447.7 MiB,648.2 MiB,13022.5 MiB
5,g++-5 5.5.0,nbody_2.c 50000000,36,1695322656,2976226,nbody_2_g++-5,0:42.47,6496,1940,1764,93.8,0.0,1,7,0:42,0,12,556,0,235,0,1940,331,2,281,48,0,12.8,1.5,0.0,85.7,0.0,0.0,0.0,0.0,15794.9 MiB,4028.1 MiB,2182.8 MiB,9584.0 MiB,4096.0 MiB,3447.7 MiB,648.2 MiB,13022.5 MiB
5,g++-5 5.5.0,nbody_2.c 50000000,37,1695322657,2976226,nbody_2_g++-5,0:43.65,6496,1940,1764,100.0,0.0,1,7,0:43,0,12,556,0,235,0,1940,331,2,281,48,0,12.8,0.8,0.0,86.5,0.0,0.0,0.0,0.0,15794.9 MiB,4028.1 MiB,2182.7 MiB,9584.0 MiB,4096.0 MiB,3447.7 MiB,648.2 MiB,13022.5 MiB
5,g++-5 5.5.0,nbody_2.c 50000000,38,1695322658,2976226,nbody_2_g++-5,0:44.83,6496,1940,1764,100.0,0.0,1,7,0:44,0,12,556,0,235,0,1940,331,2,281,48,0,12.8,1.5,0.0,85.7,0.0,0.0,0.0,0.0,15794.9 MiB,4027.8 MiB,2183.0 MiB,9584.0 MiB,4096.0 MiB,3447.7 MiB,648.2 MiB,13022.3 MiB
5,g++-5 5.5.0,nbody_2.c 50000000,39,1695322659,2976226,nbody_2_g++-5,0:46.00,6496,1940,1764,100.0,0.0,1,7,0:46,0,12,556,0,235,0,1940,331,2,281,48,0,12.9,0.8,0.0,86.4,0.0,0.0,0.0,0.0,15794.9 MiB,4027.6 MiB,2183.2 MiB,9584.0 MiB,4096.0 MiB,3447.7 MiB,648.2 MiB,13022.0 MiB
5,g++-5 5.5.0,nbody_2.c 50000000,40,1695322660,2976226,nbody_2_g++-5,0:47.17,6496,1940,1764,93.8,0.0,1,7,0:47,0,12,556,0,235,0,1940,331,2,281,48,0,12.2,0.8,0.0,87.0,0.0,0.0,0.0,0.0,15794.9 MiB,4027.6 MiB,2183.2 MiB,9584.0 MiB,4096.0 MiB,3447.7 MiB,648.2 MiB,13022.0 MiB
5,g++-5 5.5.0,nbody_2.c 50000000,41,1695322661,2976226,nbody_2_g++-5,0:48.35,6496,1940,1764,100.0,0.0,1,7,0:48,0,12,556,0,235,0,1940,331,2,281,48,0,13.5,0.0,0.0,86.5,0.0,0.0,0.0,0.0,15794.9 MiB,4027.6 MiB,2183.2 MiB,9584.0 MiB,4096.0 MiB,3447.7 MiB,648.2 MiB,13022.0 MiB
5,g++-5 5.5.0,nbody_2.c 50000000,42,1695322663,2976226,nbody_2_g++-5,0:49.53,6496,1940,1764,100.0,0.0,1,7,0:49,0,12,556,0,235,0,1940,331,2,281,48,0,13.5,0.0,0.0,86.5,0.0,0.0,0.0,0.0,15794.9 MiB,4027.6 MiB,2183.2 MiB,9584.0 MiB,4096.0 MiB,3447.7 MiB,648.2 MiB,13022.0 MiB
5,g++-5 5.5.0,nbody_2.c 50000000,43,1695322664,2976226,nbody_2_g++-5,0:50.70,6496,1940,1764,100.0,0.0,1,7,0:50,0,12,556,0,235,0,1940,331,2,281,48,0,13.6,0.0,0.0,86.4,0.0,0.0,0.0,0.0,15794.9 MiB,4027.6 MiB,2183.2 MiB,9584.1 MiB,4096.0 MiB,3447.7 MiB,648.2 MiB,13022.1 MiB
5,g++-5 5.5.0,nbody_2.c 50000000,44,1695322665,2976226,nbody_2_g++-5,0:51.88,6496,1940,1764,100.0,0.0,1,3,0:51,0,12,556,0,235,0,1940,331,2,281,48,0,12.7,1.5,0.0,85.8,0.0,0.0,0.0,0.0,15794.9 MiB,4027.6 MiB,2183.2 MiB,9584.1 MiB,4096.0 MiB,3447.7 MiB,648.2 MiB,13022.1 MiB
5,g++-5 5.5.0,nbody_2.c 50000000,45,1695322666,2976226,nbody_2_g++-5,0:53.05,6496,1940,1764,100.0,0.0,1,3,0:53,0,12,556,0,235,0,1940,331,2,281,48,0,13.0,0.8,0.0,86.3,0.0,0.0,0.0,0.0,15794.9 MiB,4027.8 MiB,2183.0 MiB,9584.1 MiB,4096.0 MiB,3447.7 MiB,648.2 MiB,13022.3 MiB
5,g++-5 5.5.0,nbody_2.c 50000000,46,1695322667,2976226,nbody_2_g++-5,0:54.23,6496,1940,1764,100.0,0.0,1,3,0:54,0,12,556,0,235,0,1940,331,2,281,48,0,13.4,1.5,0.0,85.1,0.0,0.0,0.0,0.0,15794.9 MiB,4027.8 MiB,2183.0 MiB,9584.1 MiB,4096.0 MiB,3447.7 MiB,648.2 MiB,13022.3 MiB
5,g++-5 5.5.0,nbody_2.c 50000000,47,1695322668,2976226,nbody_2_g++-5,0:55.40,6496,1940,1764,100.0,0.0,1,3,0:55,0,12,556,0,235,0,1940,331,2,281,48,0,12.7,1.5,0.0,85.1,0.0,0.0,0.7,0.0,15794.9 MiB,4027.6 MiB,2183.2 MiB,9584.1 MiB,4096.0 MiB,3447.7 MiB,648.2 MiB,13022.1 MiB
5,g++-5 5.5.0,nbody_2.c 50000000,48,1695322670,2976226,nbody_2_g++-5,0:56.57,6496,1940,1764,93.8,0.0,1,3,0:56,0,12,556,0,235,0,1940,331,2,281,48,0,12.2,0.8,0.0,87.0,0.0,0.0,0.0,0.0,15794.9 MiB,4027.8 MiB,2182.9 MiB,9584.1 MiB,4096.0 MiB,3447.7 MiB,648.2 MiB,13022.3 MiB
5,g++-5 5.5.0,nbody_2.c 50000000,49,1695322671,2976226,nbody_2_g++-5,0:57.75,6496,1940,1764,100.0,0.0,1,3,0:57,0,12,556,0,235,0,1940,331,2,281,48,0,12.1,1.5,0.0,86.4,0.0,0.0,0.0,0.0,15794.9 MiB,4027.8 MiB,2182.9 MiB,9584.1 MiB,4096.0 MiB,3447.7 MiB,648.2 MiB,13022.3 MiB
5,g++-5 5.5.0,nbody_2.c 50000000,50,1695322672,2976226,nbody_2_g++-5,0:58.92,6496,1940,1764,93.8,0.0,1,3,0:58,0,12,556,0,235,0,1940,331,2,281,48,0,13.4,1.5,0.0,85.1,0.0,0.0,0.0,0.0,15794.9 MiB,4027.4 MiB,2183.4 MiB,9584.1 MiB,4096.0 MiB,3447.7 MiB,648.2 MiB,13021.8 MiB
5,g++-5 5.5.0,nbody_2.c 50000000,51,1695322673,2976226,nbody_2_g++-5,1:00.10,6496,1940,1764,100.0,0.0,1,3,1:00,0,12,556,0,235,0,1940,331,2,281,48,0,13.5,0.8,0.0,85.7,0.0,0.0,0.0,0.0,15794.9 MiB,4027.4 MiB,2183.4 MiB,9584.1 MiB,4096.0 MiB,3447.7 MiB,648.2 MiB,13021.8 MiB
5,g++-5 5.5.0,nbody_2.c 50000000,52,1695322674,2976226,nbody_2_g++-5,1:01.27,6496,1940,1764,93.8,0.0,1,3,1:01,0,12,556,0,235,0,1940,331,2,281,48,0,12.9,0.8,0.0,86.4,0.0,0.0,0.0,0.0,15794.9 MiB,4027.4 MiB,2183.4 MiB,9584.1 MiB,4096.0 MiB,3447.7 MiB,648.2 MiB,13021.8 MiB
5,g++-5 5.5.0,nbody_2.c 50000000,53,1695322675,2976226,nbody_2_g++-5,1:02.45,6496,1940,1764,100.0,0.0,1,3,1:02,0,12,556,0,235,0,1940,331,2,281,48,0,13.0,0.8,0.0,86.3,0.0,0.0,0.0,0.0,15794.9 MiB,4027.4 MiB,2183.4 MiB,9584.1 MiB,4096.0 MiB,3447.7 MiB,648.2 MiB,13021.8 MiB
5,g++-5 5.5.0,nbody_2.c 50000000,54,1695322677,2976226,nbody_2_g++-5,1:03.62,6496,1940,1764,100.0,0.0,1,3,1:03,0,12,556,0,235,0,1940,331,2,281,48,0,13.5,0.8,0.0,85.7,0.0,0.0,0.0,0.0,15794.9 MiB,4027.1 MiB,2183.7 MiB,9584.1 MiB,4096.0 MiB,3447.7 MiB,648.2 MiB,13021.6 MiB
5,g++-5 5.5.0,nbody_2.c 50000000,55,1695322678,2976226,nbody_2_g++-5,1:04.80,6496,1940,1764,100.0,0.0,1,3,1:04,0,12,556,0,235,0,1940,331,2,281,48,0,13.5,0.8,0.0,85.7,0.0,0.0,0.0,0.0,15794.9 MiB,4027.1 MiB,2183.7 MiB,9584.1 MiB,4096.0 MiB,3447.7 MiB,648.2 MiB,13021.6 MiB
5,g++-5 5.5.0,nbody_2.c 50000000,56,1695322679,2976226,nbody_2_g++-5,1:05.97,6496,1940,1764,93.8,0.0,1,3,1:05,0,12,556,0,235,0,1940,331,2,281,48,0,12.2,0.8,0.0,87.0,0.0,0.0,0.0,0.0,15794.9 MiB,4027.1 MiB,2183.7 MiB,9584.1 MiB,4096.0 MiB,3447.7 MiB,648.2 MiB,13021.6 MiB
5,g++-5 5.5.0,nbody_2.c 50000000,57,1695322680,2976226,nbody_2_g++-5,1:07.15,6496,1940,1764,100.0,0.0,1,3,1:07,0,12,556,0,235,0,1940,331,2,281,48,0,13.4,1.5,0.0,85.1,0.0,0.0,0.0,0.0,15794.9 MiB,4027.1 MiB,2183.9 MiB,9583.8 MiB,4096.0 MiB,3447.7 MiB,648.2 MiB,13021.6 MiB
5,g++-5 5.5.0,nbody_2.c 50000000,58,1695322681,2976226,nbody_2_g++-5,1:08.32,6496,1940,1764,93.8,0.0,1,3,1:08,0,12,556,0,235,0,1940,331,2,281,48,0,12.8,1.5,0.0,85.7,0.0,0.0,0.0,0.0,15794.9 MiB,4027.1 MiB,2183.9 MiB,9583.8 MiB,4096.0 MiB,3447.7 MiB,648.2 MiB,13021.6 MiB
5,g++-5 5.5.0,nbody_2.c 50000000,59,1695322683,2976226,nbody_2_g++-5,1:09.50,6496,1940,1764,100.0,0.0,1,3,1:09,0,12,556,0,235,0,1940,331,2,281,48,0,13.5,1.5,0.0,85.0,0.0,0.0,0.0,0.0,15794.9 MiB,4027.1 MiB,2183.9 MiB,9583.8 MiB,4096.0 MiB,3447.7 MiB,648.2 MiB,13021.6 MiB
5,g++-5 5.5.0,nbody_2.c 50000000,60,1695322684,2976226,nbody_2_g++-5,1:10.68,6496,1940,1764,100.0,0.0,1,3,1:10,0,12,556,0,235,0,1940,331,2,281,48,0,13.5,0.8,0.0,85.7,0.0,0.0,0.0,0.0,15794.9 MiB,4027.8 MiB,2183.2 MiB,9583.8 MiB,4096.0 MiB,3447.7 MiB,648.2 MiB,13022.3 MiB
5,g++-5 5.5.0,nbody_2.c 50000000,61,1695322685,2976226,nbody_2_g++-5,1:11.85,6496,1940,1764,100.0,0.0,1,3,1:11,0,12,556,0,235,0,1940,331,2,281,48,0,12.8,1.5,0.0,85.0,0.8,0.0,0.0,0.0,15794.9 MiB,4027.6 MiB,2183.4 MiB,9583.8 MiB,4096.0 MiB,3447.7 MiB,648.2 MiB,13022.1 MiB
5,g++-5 5.5.0,nbody_2.c 50000000,62,1695322686,2976226,nbody_2_g++-5,1:13.02,6496,1940,1764,93.8,0.0,1,3,1:13,0,12,556,0,235,0,1940,331,2,281,48,0,13.5,0.8,0.0,85.7,0.0,0.0,0.0,0.0,15794.9 MiB,4027.4 MiB,2183.7 MiB,9583.8 MiB,4096.0 MiB,3447.7 MiB,648.2 MiB,13021.8 MiB
5,g++-5 5.5.0,nbody_2.c 50000000,63,1695322687,2976226,nbody_2_g++-5,1:14.20,6496,1940,1764,100.0,0.0,1,3,1:14,0,12,556,0,235,0,1940,331,2,281,48,0,13.4,1.5,0.0,85.1,0.0,0.0,0.0,0.0,15794.9 MiB,4027.6 MiB,2183.4 MiB,9583.8 MiB,4096.0 MiB,3447.7 MiB,648.2 MiB,13022.1 MiB
5,g++-5 5.5.0,nbody_2.c 50000000,64,1695322688,2976226,nbody_2_g++-5,1:15.37,6496,1940,1764,93.8,0.0,1,3,1:15,0,12,556,0,235,0,1940,331,2,281,48,0,13.6,0.0,0.0,86.4,0.0,0.0,0.0,0.0,15794.9 MiB,4027.8 MiB,2183.2 MiB,9583.9 MiB,4096.0 MiB,3447.7 MiB,648.2 MiB,13022.3 MiB
5,g++-5 5.5.0,nbody_2.c 50000000,65,1695322690,2976226,nbody_2_g++-5,1:16.55,6496,1940,1764,100.0,0.0,1,3,1:16,0,12,556,0,235,0,1940,331,2,281,48,0,12.9,0.8,0.0,86.4,0.0,0.0,0.0,0.0,15794.9 MiB,4028.1 MiB,2182.9 MiB,9583.9 MiB,4096.0 MiB,3447.7 MiB,648.2 MiB,13022.6 MiB
5,g++-5 5.5.0,nbody_2.c 50000000,66,1695322691,2976226,nbody_2_g++-5,1:17.72,6496,1940,1764,100.0,0.0,1,3,1:17,0,12,556,0,235,0,1940,331,3,280,48,0,12.9,0.8,0.0,86.4,0.0,0.0,0.0,0.0,15794.9 MiB,4028.3 MiB,2182.7 MiB,9583.9 MiB,4096.0 MiB,3447.7 MiB,648.2 MiB,13022.9 MiB
5,g++-5 5.5.0,nbody_2.c 50000000,67,1695322692,2976226,nbody_2_g++-5,1:18.90,6496,1940,1764,100.0,0.0,1,3,1:18,0,12,556,0,235,0,1940,331,2,281,48,0,12.9,0.8,0.0,86.4,0.0,0.0,0.0,0.0,15794.9 MiB,4029.6 MiB,2181.4 MiB,9583.9 MiB,4096.0 MiB,3447.7 MiB,648.2 MiB,13024.1 MiB
5,g++-5 5.5.0,nbody_2.c 50000000,68,1695322693,2976226,nbody_2_g++-5,1:20.07,6496,1940,1764,100.0,0.0,1,3,1:20,0,12,556,0,235,0,1940,331,2,281,48,0,14.7,1.5,0.0,83.8,0.0,0.0,0.0,0.0,15794.9 MiB,4029.6 MiB,2181.4 MiB,9583.9 MiB,4096.0 MiB,3447.7 MiB,648.2 MiB,13024.1 MiB
5,g++-5 5.5.0,nbody_2.c 50000000,69,1695322694,2976226,nbody_2_g++-5,1:21.25,6496,1940,1764,100.0,0.0,1,3,1:21,0,12,556,0,235,0,1940,331,2,281,48,0,12.9,0.8,0.0,86.4,0.0,0.0,0.0,0.0,15794.9 MiB,4029.3 MiB,2181.7 MiB,9583.9 MiB,4096.0 MiB,3447.7 MiB,648.2 MiB,13023.8 MiB
5,g++-5 5.5.0,nbody_2.c 50000000,70,1695322695,2976226,nbody_2_g++-5,1:22.42,6496,1940,1764,100.0,0.0,1,3,1:22,0,12,556,0,235,0,1940,331,2,281,48,0,12.7,1.5,0.0,85.8,0.0,0.0,0.0,0.0,15794.9 MiB,4029.1 MiB,2181.9 MiB,9583.9 MiB,4096.0 MiB,3447.7 MiB,648.2 MiB,13023.6 MiB
5,g++-5 5.5.0,nbody_2.c 50000000,71,1695322697,2976226,nbody_2_g++-5,1:23.60,6496,1940,1764,100.0,0.0,1,3,1:23,0,12,556,0,235,0,1940,331,2,281,48,0,12.9,0.8,0.0,86.4,0.0,0.0,0.0,0.0,15794.9 MiB,4029.1 MiB,2181.9 MiB,9583.9 MiB,4096.0 MiB,3447.7 MiB,648.2 MiB,13023.6 MiB
5,g++-5 5.5.0,nbody_2.c 50000000,72,1695322698,2976226,nbody_2_g++-5,1:24.77,6496,1940,1764,93.8,0.0,1,7,1:24,0,12,556,0,235,0,1940,331,2,281,48,0,12.9,1.5,0.0,85.6,0.0,0.0,0.0,0.0,15794.9 MiB,4029.1 MiB,2181.9 MiB,9583.9 MiB,4096.0 MiB,3447.7 MiB,648.2 MiB,13023.6 MiB
5,g++-5 5.5.0,nbody_2.c 50000000,73,1695322699,2976226,nbody_2_g++-5,1:25.95,6496,1940,1764,100.0,0.0,1,3,1:25,0,12,556,0,235,0,1940,331,2,281,48,0,13.5,1.5,0.0,85.0,0.0,0.0,0.0,0.0,15794.9 MiB,4029.1 MiB,2181.9 MiB,9583.9 MiB,4096.0 MiB,3447.7 MiB,648.2 MiB,13023.6 MiB
6,g++-5 5.5.0,nbody_2.c 50000000,0,1695322700,2976683,nbody_2_g++-5,0:00.16,6496,1996,1824,100.0,0.0,1,1,0:00,0,12,556,0,237,0,1996,331,2,281,48,0,14.3,0.8,0.0,85.0,0.0,0.0,0.0,0.0,15794.9 MiB,4022.2 MiB,2181.8 MiB,9590.9 MiB,4096.0 MiB,3447.7 MiB,648.2 MiB,13016.7 MiB
6,g++-5 5.5.0,nbody_2.c 50000000,1,1695322701,2976683,nbody_2_g++-5,0:01.33,6496,1996,1824,93.8,0.0,1,1,0:01,0,12,556,0,237,0,1996,331,2,281,48,0,12.9,0.8,0.0,86.4,0.0,0.0,0.0,0.0,15794.9 MiB,4021.9 MiB,2181.9 MiB,9591.1 MiB,4096.0 MiB,3447.7 MiB,648.2 MiB,13016.5 MiB
6,g++-5 5.5.0,nbody_2.c 50000000,2,1695322703,2976683,nbody_2_g++-5,0:02.51,6496,1996,1824,100.0,0.0,1,1,0:02,0,12,556,0,237,0,1996,331,2,281,48,0,12.9,0.0,0.0,87.1,0.0,0.0,0.0,0.0,15794.9 MiB,4024.9 MiB,2185.9 MiB,9584.1 MiB,4096.0 MiB,3447.7 MiB,648.2 MiB,13019.5 MiB
6,g++-5 5.5.0,nbody_2.c 50000000,3,1695322704,2976683,nbody_2_g++-5,0:03.68,6496,1996,1824,93.8,0.0,1,1,0:03,0,12,556,0,237,0,1996,331,2,281,48,0,13.3,2.2,0.0,84.4,0.0,0.0,0.0,0.0,15794.9 MiB,4024.7 MiB,2186.1 MiB,9584.1 MiB,4096.0 MiB,3447.7 MiB,648.2 MiB,13019.2 MiB
6,g++-5 5.5.0,nbody_2.c 50000000,4,1695322705,2976683,nbody_2_g++-5,0:04.86,6496,1996,1824,100.0,0.0,1,1,0:04,0,12,556,0,237,0,1996,331,2,281,48,0,12.7,2.2,0.0,85.1,0.0,0.0,0.0,0.0,15794.9 MiB,4024.7 MiB,2186.1 MiB,9584.1 MiB,4096.0 MiB,3447.7 MiB,648.2 MiB,13019.2 MiB
6,g++-5 5.5.0,nbody_2.c 50000000,5,1695322706,2976683,nbody_2_g++-5,0:06.03,6496,1996,1824,100.0,0.0,1,1,0:06,0,12,556,0,237,0,1996,331,2,281,48,0,12.8,1.5,0.0,85.7,0.0,0.0,0.0,0.0,15794.9 MiB,4024.2 MiB,2186.6 MiB,9584.1 MiB,4096.0 MiB,3447.7 MiB,648.2 MiB,13018.7 MiB
6,g++-5 5.5.0,nbody_2.c 50000000,6,1695322707,2976683,nbody_2_g++-5,0:07.21,6496,1996,1824,100.0,0.0,1,1,0:07,0,12,556,0,237,0,1996,331,2,281,48,0,12.1,1.5,0.0,86.4,0.0,0.0,0.0,0.0,15794.9 MiB,4023.2 MiB,2187.6 MiB,9584.1 MiB,4096.0 MiB,3447.7 MiB,648.2 MiB,13017.8 MiB
6,g++-5 5.5.0,nbody_2.c 50000000,7,1695322708,2976683,nbody_2_g++-5,0:08.38,6496,1996,1824,100.0,0.0,1,1,0:08,0,12,556,0,237,0,1996,331,2,281,48,0,12.8,0.8,0.0,86.5,0.0,0.0,0.0,0.0,15794.9 MiB,4023.0 MiB,2187.8 MiB,9584.1 MiB,4096.0 MiB,3447.7 MiB,648.2 MiB,13017.5 MiB
6,g++-5 5.5.0,nbody_2.c 50000000,8,1695322710,2976683,nbody_2_g++-5,0:09.56,6496,1996,1824,100.0,0.0,1,5,0:09,0,12,556,0,237,0,1996,331,2,281,48,0,13.4,0.7,0.0,85.8,0.0,0.0,0.0,0.0,15794.9 MiB,4023.0 MiB,2187.8 MiB,9584.1 MiB,4096.0 MiB,3447.7 MiB,648.2 MiB,13017.5 MiB
6,g++-5 5.5.0,nbody_2.c 50000000,9,1695322711,2976683,nbody_2_g++-5,0:10.73,6496,1996,1824,100.0,0.0,1,5,0:10,0,12,556,0,237,0,1996,331,2,281,48,0,12.9,0.8,0.0,86.4,0.0,0.0,0.0,0.0,15794.9 MiB,4022.7 MiB,2188.1 MiB,9584.1 MiB,4096.0 MiB,3447.7 MiB,648.2 MiB,13017.3 MiB
6,g++-5 5.5.0,nbody_2.c 50000000,10,1695322712,2976683,nbody_2_g++-5,0:11.91,6496,1996,1824,100.0,0.0,1,1,0:11,0,12,556,0,237,0,1996,331,2,281,48,0,12.9,0.8,0.0,86.4,0.0,0.0,0.0,0.0,15794.9 MiB,4022.5 MiB,2188.3 MiB,9584.1 MiB,4096.0 MiB,3447.7 MiB,648.2 MiB,13017.0 MiB
6,g++-5 5.5.0,nbody_2.c 50000000,11,1695322713,2976683,nbody_2_g++-5,0:13.08,6496,1996,1824,93.8,0.0,1,5,0:13,0,12,556,0,237,0,1996,331,2,281,48,0,12.3,0.8,0.0,86.9,0.0,0.0,0.0,0.0,15794.9 MiB,4022.0 MiB,2188.8 MiB,9584.1 MiB,4096.0 MiB,3447.7 MiB,648.2 MiB,13016.5 MiB
6,g++-5 5.5.0,nbody_2.c 50000000,12,1695322714,2976683,nbody_2_g++-5,0:14.25,6496,1996,1824,100.0,0.0,1,5,0:14,0,12,556,0,237,0,1996,331,2,281,48,0,13.5,0.8,0.0,85.7,0.0,0.0,0.0,0.0,15794.9 MiB,4021.7 MiB,2189.0 MiB,9584.1 MiB,4096.0 MiB,3447.7 MiB,648.2 MiB,13016.3 MiB
6,g++-5 5.5.0,nbody_2.c 50000000,13,1695322715,2976683,nbody_2_g++-5,0:15.43,6496,1996,1824,100.0,0.0,1,5,0:15,0,12,556,0,237,0,1996,331,2,281,48,0,12.8,1.5,0.0,85.7,0.0,0.0,0.0,0.0,15794.9 MiB,4021.7 MiB,2189.0 MiB,9584.1 MiB,4096.0 MiB,3447.7 MiB,648.2 MiB,13016.3 MiB
6,g++-5 5.5.0,nbody_2.c 50000000,14,1695322717,2976683,nbody_2_g++-5,0:16.60,6496,1996,1824,93.8,0.0,1,5,0:16,0,12,556,0,237,0,1996,331,2,281,48,0,12.9,0.8,0.0,86.4,0.0,0.0,0.0,0.0,15794.9 MiB,4022.7 MiB,2188.1 MiB,9584.1 MiB,4096.0 MiB,3447.7 MiB,648.2 MiB,13017.3 MiB
6,g++-5 5.5.0,nbody_2.c 50000000,15,1695322718,2976683,nbody_2_g++-5,0:17.78,6496,1996,1824,100.0,0.0,1,5,0:17,0,12,556,0,237,0,1996,331,2,281,48,0,12.9,0.8,0.0,86.4,0.0,0.0,0.0,0.0,15794.9 MiB,4023.0 MiB,2187.8 MiB,9584.1 MiB,4096.0 MiB,3447.7 MiB,648.2 MiB,13017.5 MiB
6,g++-5 5.5.0,nbody_2.c 50000000,16,1695322719,2976683,nbody_2_g++-5,0:18.96,6496,1996,1824,100.0,0.0,1,5,0:18,0,12,556,0,237,0,1996,331,2,281,48,0,13.5,1.5,0.0,85.0,0.0,0.0,0.0,0.0,15794.9 MiB,4022.7 MiB,2188.0 MiB,9584.1 MiB,4096.0 MiB,3447.7 MiB,648.2 MiB,13017.3 MiB
6,g++-5 5.5.0,nbody_2.c 50000000,17,1695322720,2976683,nbody_2_g++-5,0:20.13,6496,1996,1824,100.0,0.0,1,1,0:20,0,12,556,0,237,0,1996,331,3,280,48,0,12.9,1.5,0.0,85.6,0.0,0.0,0.0,0.0,15794.9 MiB,4022.5 MiB,2188.3 MiB,9584.1 MiB,4096.0 MiB,3447.7 MiB,648.2 MiB,13017.0 MiB
6,g++-5 5.5.0,nbody_2.c 50000000,18,1695322721,2976683,nbody_2_g++-5,0:21.30,6496,1996,1824,100.0,0.0,1,1,0:21,0,12,556,0,237,0,1996,331,2,281,48,0,12.9,0.8,0.0,86.4,0.0,0.0,0.0,0.0,15794.9 MiB,4022.5 MiB,2188.3 MiB,9584.1 MiB,4096.0 MiB,3447.7 MiB,648.2 MiB,13017.1 MiB
6,g++-5 5.5.0,nbody_2.c 50000000,19,1695322722,2976683,nbody_2_g++-5,0:22.48,6496,1996,1824,100.0,0.0,1,1,0:22,0,12,556,0,237,0,1996,331,2,281,48,0,12.1,1.5,0.0,86.4,0.0,0.0,0.0,0.0,15794.9 MiB,4022.0 MiB,2188.8 MiB,9584.1 MiB,4096.0 MiB,3447.7 MiB,648.2 MiB,13016.6 MiB
6,g++-5 5.5.0,nbody_2.c 50000000,20,1695322724,2976683,nbody_2_g++-5,0:23.65,6496,1996,1824,100.0,0.0,1,5,0:23,0,12,556,0,237,0,1996,331,2,281,48,0,13.0,0.8,0.0,86.3,0.0,0.0,0.0,0.0,15794.9 MiB,4022.0 MiB,2188.8 MiB,9584.1 MiB,4096.0 MiB,3447.7 MiB,648.2 MiB,13016.6 MiB
6,g++-5 5.5.0,nbody_2.c 50000000,21,1695322725,2976683,nbody_2_g++-5,0:24.82,6496,1996,1824,100.0,0.0,1,1,0:24,0,12,556,0,237,0,1996,331,2,281,48,0,13.0,1.5,0.0,85.5,0.0,0.0,0.0,0.0,15794.9 MiB,4022.0 MiB,2188.8 MiB,9584.1 MiB,4096.0 MiB,3447.7 MiB,648.2 MiB,13016.6 MiB
6,g++-5 5.5.0,nbody_2.c 50000000,22,1695322726,2976683,nbody_2_g++-5,0:25.99,6496,1996,1824,100.0,0.0,1,1,0:25,0,12,556,0,237,0,1996,331,2,281,48,0,13.0,0.0,0.0,87.0,0.0,0.0,0.0,0.0,15794.9 MiB,4021.5 MiB,2189.3 MiB,9584.1 MiB,4096.0 MiB,3447.7 MiB,648.2 MiB,13016.1 MiB
6,g++-5 5.5.0,nbody_2.c 50000000,23,1695322727,2976683,nbody_2_g++-5,0:27.17,6496,1996,1824,100.0,0.0,1,1,0:27,0,12,556,0,237,0,1996,331,2,281,48,0,12.1,1.5,0.0,86.4,0.0,0.0,0.0,0.0,15794.9 MiB,4021.5 MiB,2189.3 MiB,9584.1 MiB,4096.0 MiB,3447.7 MiB,648.2 MiB,13016.1 MiB
6,g++-5 5.5.0,nbody_2.c 50000000,24,1695322728,2976683,nbody_2_g++-5,0:28.34,6496,1996,1824,100.0,0.0,1,1,0:28,0,12,556,0,237,0,1996,331,2,281,48,0,13.0,0.8,0.0,86.3,0.0,0.0,0.0,0.0,15794.9 MiB,4021.7 MiB,2189.0 MiB,9584.1 MiB,4096.0 MiB,3447.7 MiB,648.2 MiB,13016.3 MiB
6,g++-5 5.5.0,nbody_2.c 50000000,25,1695322730,2976683,nbody_2_g++-5,0:29.51,6496,1996,1824,100.0,0.0,1,1,0:29,0,12,556,0,237,0,1996,331,2,281,48,0,12.1,1.5,0.0,86.4,0.0,0.0,0.0,0.0,15794.9 MiB,4021.7 MiB,2189.0 MiB,9584.1 MiB,4096.0 MiB,3447.7 MiB,648.2 MiB,13016.3 MiB
6,g++-5 5.5.0,nbody_2.c 50000000,26,1695322731,2976683,nbody_2_g++-5,0:30.69,6496,1996,1824,100.0,0.0,1,1,0:30,0,12,556,0,237,0,1996,331,2,281,48,0,12.1,1.5,0.0,86.4,0.0,0.0,0.0,0.0,15794.9 MiB,4021.5 MiB,2189.2 MiB,9584.1 MiB,4096.0 MiB,3447.7 MiB,648.2 MiB,13016.1 MiB
6,g++-5 5.5.0,nbody_2.c 50000000,27,1695322732,2976683,nbody_2_g++-5,0:31.86,6496,1996,1824,100.0,0.0,1,1,0:31,0,12,556,0,237,0,1996,331,2,281,48,0,12.9,0.8,0.0,86.4,0.0,0.0,0.0,0.0,15794.9 MiB,4021.2 MiB,2189.5 MiB,9584.1 MiB,4096.0 MiB,3447.7 MiB,648.2 MiB,13015.9 MiB
6,g++-5 5.5.0,nbody_2.c 50000000,28,1695322733,2976683,nbody_2_g++-5,0:33.04,6496,1996,1824,100.0,0.0,1,1,0:33,0,12,556,0,237,0,1996,331,2,281,48,0,13.4,0.7,0.0,85.8,0.0,0.0,0.0,0.0,15794.9 MiB,4021.5 MiB,2189.2 MiB,9584.1 MiB,4096.0 MiB,3447.7 MiB,648.2 MiB,13016.1 MiB
6,g++-5 5.5.0,nbody_2.c 50000000,29,1695322734,2976683,nbody_2_g++-5,0:34.21,6496,1996,1824,100.0,0.0,1,1,0:34,0,12,556,0,237,0,1996,331,2,281,48,0,12.7,1.5,0.0,85.8,0.0,0.0,0.0,0.0,15794.9 MiB,4021.0 MiB,2189.7 MiB,9584.1 MiB,4096.0 MiB,3447.7 MiB,648.2 MiB,13015.6 MiB
6,g++-5 5.5.0,nbody_2.c 50000000,30,1695322735,2976683,nbody_2_g++-5,0:35.39,6496,1996,1824,100.0,0.0,1,1,0:35,0,12,556,0,237,0,1996,331,2,281,48,0,12.1,0.8,0.0,86.4,0.8,0.0,0.0,0.0,15794.9 MiB,4021.0 MiB,2189.7 MiB,9584.1 MiB,4096.0 MiB,3447.7 MiB,648.2 MiB,13015.6 MiB
6,g++-5 5.5.0,nbody_2.c 50000000,31,1695322737,2976683,nbody_2_g++-5,0:36.56,6496,1996,1824,93.8,0.0,1,1,0:36,0,12,556,0,237,0,1996,331,2,281,48,0,12.8,0.8,0.0,86.5,0.0,0.0,0.0,0.0,15794.9 MiB,4020.0 MiB,2190.7 MiB,9584.1 MiB,4096.0 MiB,3447.7 MiB,648.2 MiB,13014.6 MiB
6,g++-5 5.5.0,nbody_2.c 50000000,32,1695322738,2976683,nbody_2_g++-5,0:37.74,6496,1996,1824,100.0,0.0,1,1,0:37,0,12,556,0,237,0,1996,331,2,281,48,0,12.1,1.5,0.0,86.4,0.0,0.0,0.0,0.0,15794.9 MiB,4020.0 MiB,2190.7 MiB,9584.1 MiB,4096.0 MiB,3447.7 MiB,648.2 MiB,13014.6 MiB
6,g++-5 5.5.0,nbody_2.c 50000000,33,1695322739,2976683,nbody_2_g++-5,0:38.91,6496,1996,1824,93.8,0.0,1,1,0:38,0,12,556,0,237,0,1996,331,2,281,48,0,13.6,0.8,0.0,85.6,0.0,0.0,0.0,0.0,15794.9 MiB,4020.0 MiB,2190.7 MiB,9584.2 MiB,4096.0 MiB,3447.7 MiB,648.2 MiB,13014.6 MiB
6,g++-5 5.5.0,nbody_2.c 50000000,34,1695322740,2976683,nbody_2_g++-5,0:40.09,6496,1996,1824,100.0,0.0,1,1,0:40,0,12,556,0,237,0,1996,331,2,281,48,0,13.5,0.8,0.0,85.7,0.0,0.0,0.0,0.0,15794.9 MiB,4020.0 MiB,2190.7 MiB,9584.2 MiB,4096.0 MiB,3447.7 MiB,648.2 MiB,13014.6 MiB
6,g++-5 5.5.0,nbody_2.c 50000000,35,1695322741,2976683,nbody_2_g++-5,0:41.26,6496,1996,1824,100.0,0.0,1,1,0:41,0,12,556,0,237,0,1996,331,2,281,48,0,13.5,1.5,0.0,85.0,0.0,0.0,0.0,0.0,15794.9 MiB,4019.5 MiB,2191.2 MiB,9584.2 MiB,4096.0 MiB,3447.7 MiB,648.2 MiB,13014.1 MiB
6,g++-5 5.5.0,nbody_2.c 50000000,36,1695322742,2976683,nbody_2_g++-5,0:42.44,6496,1996,1824,100.0,0.0,1,1,0:42,0,12,556,0,237,0,1996,331,2,281,48,0,13.5,0.8,0.0,85.7,0.0,0.0,0.0,0.0,15794.9 MiB,4019.5 MiB,2191.2 MiB,9584.2 MiB,4096.0 MiB,3447.7 MiB,648.2 MiB,13014.1 MiB
6,g++-5 5.5.0,nbody_2.c 50000000,37,1695322744,2976683,nbody_2_g++-5,0:43.61,6496,1996,1824,100.0,0.0,1,1,0:43,0,12,556,0,237,0,1996,331,2,281,48,0,12.1,1.5,0.0,86.4,0.0,0.0,0.0,0.0,15794.9 MiB,4019.0 MiB,2191.7 MiB,9584.2 MiB,4096.0 MiB,3447.7 MiB,648.2 MiB,13013.7 MiB
6,g++-5 5.5.0,nbody_2.c 50000000,38,1695322745,2976683,nbody_2_g++-5,0:44.79,6496,1996,1824,100.0,0.0,1,1,0:44,0,12,556,0,237,0,1996,331,3,280,48,0,12.8,1.5,0.0,85.7,0.0,0.0,0.0,0.0,15794.9 MiB,4018.8 MiB,2191.9 MiB,9584.2 MiB,4096.0 MiB,3447.7 MiB,648.2 MiB,13013.4 MiB
6,g++-5 5.5.0,nbody_2.c 50000000,39,1695322746,2976683,nbody_2_g++-5,0:45.96,6496,1996,1824,100.0,0.0,1,1,0:45,0,12,556,0,237,0,1996,331,2,281,48,0,12.1,0.8,0.0,87.1,0.0,0.0,0.0,0.0,15794.9 MiB,4018.3 MiB,2192.4 MiB,9584.2 MiB,4096.0 MiB,3447.7 MiB,648.2 MiB,13012.9 MiB
6,g++-5 5.5.0,nbody_2.c 50000000,40,1695322747,2976683,nbody_2_g++-5,0:47.13,6496,1996,1824,93.8,0.0,1,1,0:47,0,12,556,0,237,0,1996,331,2,281,48,0,12.7,1.5,0.0,85.8,0.0,0.0,0.0,0.0,15794.9 MiB,4019.8 MiB,2190.9 MiB,9584.2 MiB,4096.0 MiB,3447.7 MiB,648.2 MiB,13014.4 MiB
6,g++-5 5.5.0,nbody_2.c 50000000,41,1695322748,2976683,nbody_2_g++-5,0:48.31,6496,1996,1824,100.0,0.0,1,1,0:48,0,12,556,0,237,0,1996,331,3,280,48,0,12.8,0.8,0.0,86.5,0.0,0.0,0.0,0.0,15794.9 MiB,4020.3 MiB,2190.4 MiB,9584.2 MiB,4096.0 MiB,3447.7 MiB,648.2 MiB,13014.9 MiB
6,g++-5 5.5.0,nbody_2.c 50000000,42,1695322749,2976683,nbody_2_g++-5,0:49.49,6496,1996,1824,100.0,0.0,1,1,0:49,0,12,556,0,237,0,1996,331,2,281,48,0,13.5,0.8,0.0,85.7,0.0,0.0,0.0,0.0,15794.9 MiB,4020.3 MiB,2190.4 MiB,9584.2 MiB,4096.0 MiB,3447.7 MiB,648.2 MiB,13014.9 MiB
6,g++-5 5.5.0,nbody_2.c 50000000,43,1695322751,2976683,nbody_2_g++-5,0:50.66,6496,1996,1824,100.0,0.0,1,1,0:50,0,12,556,0,237,0,1996,331,2,281,48,0,12.9,0.8,0.0,86.4,0.0,0.0,0.0,0.0,15794.9 MiB,4020.0 MiB,2190.7 MiB,9584.2 MiB,4096.0 MiB,3447.7 MiB,648.2 MiB,13014.7 MiB
6,g++-5 5.5.0,nbody_2.c 50000000,44,1695322752,2976683,nbody_2_g++-5,0:51.83,6496,1996,1824,100.0,0.0,1,1,0:51,0,12,556,0,237,0,1996,331,2,281,48,0,13.4,0.7,0.0,85.8,0.0,0.0,0.0,0.0,15794.9 MiB,4019.5 MiB,2191.2 MiB,9584.2 MiB,4096.0 MiB,3447.7 MiB,648.2 MiB,13014.2 MiB
6,g++-5 5.5.0,nbody_2.c 50000000,45,1695322753,2976683,nbody_2_g++-5,0:53.01,6496,1996,1824,100.0,0.0,1,5,0:53,0,12,556,0,237,0,1996,331,2,281,48,0,13.5,0.8,0.0,85.7,0.0,0.0,0.0,0.0,15794.9 MiB,4019.8 MiB,2190.9 MiB,9584.2 MiB,4096.0 MiB,3447.7 MiB,648.2 MiB,13014.4 MiB
6,g++-5 5.5.0,nbody_2.c 50000000,46,1695322754,2976683,nbody_2_g++-5,0:54.19,6496,1996,1824,100.0,0.0,1,5,0:54,0,12,556,0,237,0,1996,331,2,281,48,0,12.8,1.5,0.0,85.7,0.0,0.0,0.0,0.0,15794.9 MiB,4020.0 MiB,2190.7 MiB,9584.2 MiB,4096.0 MiB,3447.7 MiB,648.2 MiB,13014.7 MiB
6,g++-5 5.5.0,nbody_2.c 50000000,47,1695322755,2976683,nbody_2_g++-5,0:55.36,6496,1996,1824,100.0,0.0,1,5,0:55,0,12,556,0,237,0,1996,331,2,281,48,0,13.4,1.5,0.0,85.1,0.0,0.0,0.0,0.0,15794.9 MiB,4021.3 MiB,2189.4 MiB,9584.2 MiB,4096.0 MiB,3447.7 MiB,648.2 MiB,13015.9 MiB
6,g++-5 5.5.0,nbody_2.c 50000000,48,1695322757,2976683,nbody_2_g++-5,0:56.53,6496,1996,1824,100.0,0.0,1,5,0:56,0,12,556,0,237,0,1996,331,2,281,48,0,12.8,1.5,0.0,85.7,0.0,0.0,0.0,0.0,15794.9 MiB,4021.0 MiB,2189.7 MiB,9584.2 MiB,4096.0 MiB,3447.7 MiB,648.2 MiB,13015.7 MiB
6,g++-5 5.5.0,nbody_2.c 50000000,49,1695322758,2976683,nbody_2_g++-5,0:57.71,6496,1996,1824,100.0,0.0,1,5,0:57,0,12,556,0,237,0,1996,331,2,281,48,0,12.1,0.8,0.0,87.1,0.0,0.0,0.0,0.0,15794.9 MiB,4021.5 MiB,2189.2 MiB,9584.2 MiB,4096.0 MiB,3447.7 MiB,648.2 MiB,13016.1 MiB
6,g++-5 5.5.0,nbody_2.c 50000000,50,1695322759,2976683,nbody_2_g++-5,0:58.88,6496,1996,1824,93.8,0.0,1,5,0:58,0,12,556,0,237,0,1996,331,2,281,48,0,12.1,0.8,0.0,86.4,0.8,0.0,0.0,0.0,15794.9 MiB,4021.0 MiB,2189.7 MiB,9584.2 MiB,4096.0 MiB,3447.7 MiB,648.2 MiB,13015.7 MiB
6,g++-5 5.5.0,nbody_2.c 50000000,51,1695322760,2976683,nbody_2_g++-5,1:00.06,6496,1996,1824,100.0,0.0,1,5,1:00,0,12,556,0,237,0,1996,331,2,281,48,0,14.0,2.2,0.0,83.8,0.0,0.0,0.0,0.0,15794.9 MiB,4020.8 MiB,2189.9 MiB,9584.2 MiB,4096.0 MiB,3447.7 MiB,648.2 MiB,13015.4 MiB
6,g++-5 5.5.0,nbody_2.c 50000000,52,1695322761,2976683,nbody_2_g++-5,1:01.24,6496,1996,1824,100.0,0.0,1,5,1:01,0,12,556,0,237,0,1996,331,2,281,48,0,14.2,0.7,0.0,85.1,0.0,0.0,0.0,0.0,15794.9 MiB,4021.3 MiB,2189.4 MiB,9584.2 MiB,4096.0 MiB,3447.7 MiB,648.2 MiB,13015.9 MiB
6,g++-5 5.5.0,nbody_2.c 50000000,53,1695322762,2976683,nbody_2_g++-5,1:02.42,6496,1996,1824,100.0,0.0,1,5,1:02,0,12,556,0,237,0,1996,331,2,281,48,0,13.4,1.5,0.0,85.1,0.0,0.0,0.0,0.0,15794.9 MiB,4021.3 MiB,2189.4 MiB,9584.2 MiB,4096.0 MiB,3447.7 MiB,648.2 MiB,13015.9 MiB
6,g++-5 5.5.0,nbody_2.c 50000000,54,1695322764,2976683,nbody_2_g++-5,1:03.59,6496,1996,1824,93.8,0.0,1,5,1:03,0,12,556,0,237,0,1996,331,2,281,48,0,13.5,0.8,0.0,85.7,0.0,0.0,0.0,0.0,15794.9 MiB,4021.0 MiB,2189.6 MiB,9584.2 MiB,4096.0 MiB,3447.7 MiB,648.2 MiB,13015.7 MiB
6,g++-5 5.5.0,nbody_2.c 50000000,55,1695322765,2976683,nbody_2_g++-5,1:04.77,6496,1996,1824,100.0,0.0,1,5,1:04,0,12,556,0,237,0,1996,331,2,281,48,0,12.8,0.8,0.0,86.5,0.0,0.0,0.0,0.0,15794.9 MiB,4021.0 MiB,2189.6 MiB,9584.2 MiB,4096.0 MiB,3447.7 MiB,648.2 MiB,13015.7 MiB
6,g++-5 5.5.0,nbody_2.c 50000000,56,1695322766,2976683,nbody_2_g++-5,1:05.95,6496,1996,1824,100.0,0.0,1,5,1:05,0,12,556,0,237,0,1996,331,2,281,48,0,13.5,0.8,0.0,85.7,0.0,0.0,0.0,0.0,15794.9 MiB,4020.5 MiB,2190.1 MiB,9584.2 MiB,4096.0 MiB,3447.7 MiB,648.2 MiB,13015.2 MiB
6,g++-5 5.5.0,nbody_2.c 50000000,57,1695322767,2976683,nbody_2_g++-5,1:07.12,6496,1996,1824,100.0,0.0,1,5,1:07,0,12,556,0,237,0,1996,331,2,281,48,0,13.3,1.5,0.0,85.2,0.0,0.0,0.0,0.0,15794.9 MiB,4020.8 MiB,2189.9 MiB,9584.2 MiB,4096.0 MiB,3447.7 MiB,648.2 MiB,13015.5 MiB
6,g++-5 5.5.0,nbody_2.c 50000000,58,1695322768,2976683,nbody_2_g++-5,1:08.30,6496,1996,1824,100.0,0.0,1,5,1:08,0,12,556,0,237,0,1996,331,2,281,48,0,13.3,1.5,0.0,85.2,0.0,0.0,0.0,0.0,15794.9 MiB,4020.8 MiB,2189.9 MiB,9584.2 MiB,4096.0 MiB,3447.7 MiB,648.2 MiB,13015.5 MiB
6,g++-5 5.5.0,nbody_2.c 50000000,59,1695322769,2976683,nbody_2_g++-5,1:09.47,6496,1996,1824,100.0,0.0,1,1,1:09,0,12,556,0,237,0,1996,331,2,281,48,0,13.5,0.8,0.0,85.0,0.8,0.0,0.0,0.0,15794.9 MiB,4020.8 MiB,2189.9 MiB,9584.2 MiB,4096.0 MiB,3447.7 MiB,648.2 MiB,13015.5 MiB
6,g++-5 5.5.0,nbody_2.c 50000000,60,1695322771,2976683,nbody_2_g++-5,1:10.65,6496,1996,1824,100.0,0.0,1,1,1:10,0,12,556,0,237,0,1996,331,2,281,48,0,12.9,0.8,0.0,86.4,0.0,0.0,0.0,0.0,15794.9 MiB,4020.0 MiB,2190.6 MiB,9584.2 MiB,4096.0 MiB,3447.7 MiB,648.2 MiB,13014.7 MiB
6,g++-5 5.5.0,nbody_2.c 50000000,61,1695322772,2976683,nbody_2_g++-5,1:11.82,6496,1996,1824,93.8,0.0,1,1,1:11,0,12,556,0,237,0,1996,331,2,281,48,0,13.5,0.8,0.0,85.7,0.0,0.0,0.0,0.0,15794.9 MiB,4021.0 MiB,2189.6 MiB,9584.2 MiB,4096.0 MiB,3447.7 MiB,648.2 MiB,13015.7 MiB
6,g++-5 5.5.0,nbody_2.c 50000000,62,1695322773,2976683,nbody_2_g++-5,1:13.00,6496,1996,1824,100.0,0.0,1,1,1:13,0,12,556,0,237,0,1996,331,2,281,48,0,13.5,0.8,0.0,85.7,0.0,0.0,0.0,0.0,15794.9 MiB,4021.0 MiB,2189.6 MiB,9584.2 MiB,4096.0 MiB,3447.7 MiB,648.2 MiB,13015.7 MiB
6,g++-5 5.5.0,nbody_2.c 50000000,63,1695322774,2976683,nbody_2_g++-5,1:14.17,6496,1996,1824,100.0,0.0,1,1,1:14,0,12,556,0,237,0,1996,331,2,281,48,0,13.3,1.5,0.0,85.2,0.0,0.0,0.0,0.0,15794.9 MiB,4020.8 MiB,2189.9 MiB,9584.2 MiB,4096.0 MiB,3447.7 MiB,648.2 MiB,13015.5 MiB
6,g++-5 5.5.0,nbody_2.c 50000000,64,1695322775,2976683,nbody_2_g++-5,1:15.35,6496,1996,1824,100.0,0.0,1,5,1:15,0,12,556,0,237,0,1996,331,2,281,48,0,12.8,1.5,0.0,85.7,0.0,0.0,0.0,0.0,15794.9 MiB,4020.5 MiB,2190.1 MiB,9584.2 MiB,4096.0 MiB,3447.7 MiB,648.2 MiB,13015.2 MiB
6,g++-5 5.5.0,nbody_2.c 50000000,65,1695322777,2976683,nbody_2_g++-5,1:16.52,6496,1996,1824,93.8,0.0,1,5,1:16,0,12,556,0,237,0,1996,331,2,281,48,0,12.9,0.8,0.0,86.4,0.0,0.0,0.0,0.0,15794.9 MiB,4021.3 MiB,2189.4 MiB,9584.2 MiB,4096.0 MiB,3447.7 MiB,648.2 MiB,13016.0 MiB
6,g++-5 5.5.0,nbody_2.c 50000000,66,1695322778,2976683,nbody_2_g++-5,1:17.70,6496,1996,1824,100.0,0.0,1,5,1:17,0,12,556,0,237,0,1996,331,2,281,48,0,12.3,0.8,0.0,86.9,0.0,0.0,0.0,0.0,15794.9 MiB,4021.3 MiB,2189.4 MiB,9584.2 MiB,4096.0 MiB,3447.7 MiB,648.2 MiB,13016.0 MiB
6,g++-5 5.5.0,nbody_2.c 50000000,67,1695322779,2976683,nbody_2_g++-5,1:18.87,6496,1996,1824,93.8,0.0,1,5,1:18,0,12,556,0,237,0,1996,331,2,281,48,0,13.4,1.5,0.0,85.1,0.0,0.0,0.0,0.0,15794.9 MiB,4021.3 MiB,2189.4 MiB,9584.2 MiB,4096.0 MiB,3447.7 MiB,648.2 MiB,13016.0 MiB
6,g++-5 5.5.0,nbody_2.c 50000000,68,1695322780,2976683,nbody_2_g++-5,1:20.05,6496,1996,1824,100.0,0.0,1,1,1:20,0,12,556,0,237,0,1996,331,2,281,48,0,13.4,0.7,0.0,85.8,0.0,0.0,0.0,0.0,15794.9 MiB,4021.5 MiB,2189.1 MiB,9584.2 MiB,4096.0 MiB,3447.7 MiB,648.2 MiB,13016.2 MiB
6,g++-5 5.5.0,nbody_2.c 50000000,69,1695322781,2976683,nbody_2_g++-5,1:21.22,6496,1996,1824,100.0,0.0,1,1,1:21,0,12,556,0,237,0,1996,331,2,281,48,0,12.9,0.8,0.0,86.4,0.0,0.0,0.0,0.0,15794.9 MiB,4021.5 MiB,2189.1 MiB,9584.2 MiB,4096.0 MiB,3447.7 MiB,648.2 MiB,13016.2 MiB
6,g++-5 5.5.0,nbody_2.c 50000000,70,1695322782,2976683,nbody_2_g++-5,1:22.40,6496,1996,1824,100.0,0.0,1,1,1:22,0,12,556,0,237,0,1996,331,2,281,48,0,12.9,0.8,0.0,86.4,0.0,0.0,0.0,0.0,15794.9 MiB,4021.5 MiB,2189.1 MiB,9584.2 MiB,4096.0 MiB,3447.7 MiB,648.2 MiB,13016.2 MiB
6,g++-5 5.5.0,nbody_2.c 50000000,71,1695322784,2976683,nbody_2_g++-5,1:23.57,6496,1996,1824,100.0,0.0,1,1,1:23,0,12,556,0,237,0,1996,331,2,281,48,0,12.8,0.8,0.0,86.5,0.0,0.0,0.0,0.0,15794.9 MiB,4021.5 MiB,2189.1 MiB,9584.2 MiB,4096.0 MiB,3447.7 MiB,648.2 MiB,13016.2 MiB
6,g++-5 5.5.0,nbody_2.c 50000000,72,1695322785,2976683,nbody_2_g++-5,1:24.74,6496,1996,1824,93.8,0.0,1,1,1:24,0,12,556,0,237,0,1996,331,2,281,48,0,13.0,0.8,0.0,86.3,0.0,0.0,0.0,0.0,15794.9 MiB,4020.8 MiB,2189.8 MiB,9584.2 MiB,4096.0 MiB,3447.7 MiB,648.2 MiB,13015.5 MiB
7,g++-5 5.5.0,nbody_2.c 50000000,0,1695322786,2977132,nbody_2_g++-5,0:00.16,6496,1924,1752,93.8,0.0,1,1,0:00,0,12,556,0,237,0,1924,331,2,281,48,0,13.0,0.8,0.0,86.3,0.0,0.0,0.0,0.0,15794.9 MiB,4020.5 MiB,2183.3 MiB,9591.1 MiB,4096.0 MiB,3447.7 MiB,648.2 MiB,13015.2 MiB
7,g++-5 5.5.0,nbody_2.c 50000000,1,1695322787,2977132,nbody_2_g++-5,0:01.33,6496,1924,1752,93.8,0.0,1,1,0:01,0,12,556,0,237,0,1924,331,2,281,48,0,13.0,0.8,0.0,86.3,0.0,0.0,0.0,0.0,15794.9 MiB,4020.3 MiB,2183.3 MiB,9591.2 MiB,4096.0 MiB,3447.7 MiB,648.2 MiB,13015.0 MiB
7,g++-5 5.5.0,nbody_2.c 50000000,2,1695322788,2977132,nbody_2_g++-5,0:02.51,6496,1924,1752,100.0,0.0,1,1,0:02,0,12,556,0,237,0,1924,331,2,281,48,0,13.5,1.5,0.0,85.0,0.0,0.0,0.0,0.0,15794.9 MiB,4026.9 MiB,2183.7 MiB,9584.2 MiB,4096.0 MiB,3447.7 MiB,648.2 MiB,13021.6 MiB
7,g++-5 5.5.0,nbody_2.c 50000000,3,1695322789,2977132,nbody_2_g++-5,0:03.68,6496,1924,1752,100.0,0.0,1,1,0:03,0,12,556,0,237,0,1924,331,2,281,48,0,12.3,0.8,0.0,86.9,0.0,0.0,0.0,0.0,15794.9 MiB,4026.9 MiB,2183.7 MiB,9584.2 MiB,4096.0 MiB,3447.7 MiB,648.2 MiB,13021.7 MiB
7,g++-5 5.5.0,nbody_2.c 50000000,4,1695322791,2977132,nbody_2_g++-5,0:04.85,6496,1924,1752,93.8,0.0,1,1,0:04,0,12,556,0,237,0,1924,331,2,281,48,0,13.0,0.8,0.0,86.3,0.0,0.0,0.0,0.0,15794.9 MiB,4026.9 MiB,2183.7 MiB,9584.2 MiB,4096.0 MiB,3447.7 MiB,648.2 MiB,13021.7 MiB
7,g++-5 5.5.0,nbody_2.c 50000000,5,1695322792,2977132,nbody_2_g++-5,0:06.03,6496,1924,1752,100.0,0.0,1,1,0:06,0,12,556,0,237,0,1924,331,2,281,48,0,12.2,0.8,0.0,87.0,0.0,0.0,0.0,0.0,15794.9 MiB,4026.9 MiB,2183.7 MiB,9584.3 MiB,4096.0 MiB,3447.7 MiB,648.2 MiB,13021.7 MiB
7,g++-5 5.5.0,nbody_2.c 50000000,6,1695322793,2977132,nbody_2_g++-5,0:07.21,6496,1924,1752,100.0,0.0,1,1,0:07,0,12,556,0,237,0,1924,331,2,281,48,0,12.7,1.5,0.0,85.8,0.0,0.0,0.0,0.0,15794.9 MiB,4026.2 MiB,2184.4 MiB,9584.3 MiB,4096.0 MiB,3447.7 MiB,648.2 MiB,13020.9 MiB
7,g++-5 5.5.0,nbody_2.c 50000000,7,1695322794,2977132,nbody_2_g++-5,0:08.38,6496,1924,1752,100.0,0.0,1,1,0:08,0,12,556,0,237,0,1924,328,2,278,48,0,12.8,1.5,0.0,85.7,0.0,0.0,0.0,0.0,15794.9 MiB,4025.7 MiB,2184.9 MiB,9584.3 MiB,4096.0 MiB,3447.7 MiB,648.2 MiB,13020.4 MiB
7,g++-5 5.5.0,nbody_2.c 50000000,8,1695322795,2977132,nbody_2_g++-5,0:09.56,6496,1924,1752,100.0,0.0,1,1,0:09,0,12,556,0,237,0,1924,328,2,278,48,0,13.4,1.5,0.0,85.1,0.0,0.0,0.0,0.0,15794.9 MiB,4025.7 MiB,2184.9 MiB,9584.3 MiB,4096.0 MiB,3447.7 MiB,648.2 MiB,13020.4 MiB
7,g++-5 5.5.0,nbody_2.c 50000000,9,1695322797,2977132,nbody_2_g++-5,0:10.73,6496,1924,1752,100.0,0.0,1,1,0:10,0,12,556,0,237,0,1924,328,2,278,48,0,13.4,1.5,0.0,85.1,0.0,0.0,0.0,0.0,15794.9 MiB,4025.5 MiB,2185.1 MiB,9584.3 MiB,4096.0 MiB,3447.7 MiB,648.2 MiB,13020.2 MiB
7,g++-5 5.5.0,nbody_2.c 50000000,10,1695322798,2977132,nbody_2_g++-5,0:11.91,6496,1924,1752,100.0,0.0,1,1,0:11,0,12,556,0,237,0,1924,328,2,278,48,0,12.9,0.8,0.0,86.4,0.0,0.0,0.0,0.0,15794.9 MiB,4025.0 MiB,2185.6 MiB,9584.3 MiB,4096.0 MiB,3447.7 MiB,648.2 MiB,13019.7 MiB
7,g++-5 5.5.0,nbody_2.c 50000000,11,1695322799,2977132,nbody_2_g++-5,0:13.08,6496,1924,1752,93.8,0.0,1,1,0:13,0,12,556,0,237,0,1924,328,2,278,48,0,13.5,1.5,0.0,85.0,0.0,0.0,0.0,0.0,15794.9 MiB,4024.7 MiB,2185.8 MiB,9584.3 MiB,4096.0 MiB,3447.7 MiB,648.2 MiB,13019.5 MiB
7,g++-5 5.5.0,nbody_2.c 50000000,12,1695322800,2977132,nbody_2_g++-5,0:14.26,6496,1924,1752,100.0,0.0,1,1,0:14,0,12,556,0,237,0,1924,328,2,278,48,0,13.5,0.8,0.0,85.7,0.0,0.0,0.0,0.0,15794.9 MiB,4024.7 MiB,2185.8 MiB,9584.3 MiB,4096.0 MiB,3447.7 MiB,648.2 MiB,13019.5 MiB
7,g++-5 5.5.0,nbody_2.c 50000000,13,1695322801,2977132,nbody_2_g++-5,0:15.43,6496,1924,1752,93.8,0.0,1,1,0:15,0,12,556,0,237,0,1924,328,2,278,48,0,12.9,0.8,0.0,86.4,0.0,0.0,0.0,0.0,15794.9 MiB,4024.7 MiB,2185.9 MiB,9584.3 MiB,4096.0 MiB,3447.7 MiB,648.2 MiB,13019.5 MiB
7,g++-5 5.5.0,nbody_2.c 50000000,14,1695322802,2977132,nbody_2_g++-5,0:16.61,6496,1924,1752,100.0,0.0,1,1,0:16,0,12,556,0,237,0,1924,328,2,278,48,0,12.8,1.5,0.0,85.7,0.0,0.0,0.0,0.0,15794.9 MiB,4024.7 MiB,2185.9 MiB,9584.3 MiB,4096.0 MiB,3447.7 MiB,648.2 MiB,13019.5 MiB
7,g++-5 5.5.0,nbody_2.c 50000000,15,1695322804,2977132,nbody_2_g++-5,0:17.78,6496,1924,1752,100.0,0.0,1,5,0:17,0,12,556,0,237,0,1924,328,2,278,48,0,13.5,0.8,0.0,85.7,0.0,0.0,0.0,0.0,15794.9 MiB,4024.2 MiB,2186.4 MiB,9584.3 MiB,4096.0 MiB,3447.7 MiB,648.2 MiB,13019.0 MiB
7,g++-5 5.5.0,nbody_2.c 50000000,16,1695322805,2977132,nbody_2_g++-5,0:18.96,6496,1924,1752,100.0,0.0,1,5,0:18,0,12,556,0,237,0,1924,328,2,278,48,0,12.8,1.5,0.0,85.7,0.0,0.0,0.0,0.0,15794.9 MiB,4024.0 MiB,2186.6 MiB,9584.3 MiB,4096.0 MiB,3447.7 MiB,648.2 MiB,13018.7 MiB
7,g++-5 5.5.0,nbody_2.c 50000000,17,1695322806,2977132,nbody_2_g++-5,0:20.14,6496,1924,1752,100.0,0.0,1,5,0:20,0,12,556,0,237,0,1924,328,2,278,48,0,13.4,0.7,0.0,85.8,0.0,0.0,0.0,0.0,15794.9 MiB,4024.0 MiB,2186.6 MiB,9584.3 MiB,4096.0 MiB,3447.7 MiB,648.2 MiB,13018.7 MiB
7,g++-5 5.5.0,nbody_2.c 50000000,18,1695322807,2977132,nbody_2_g++-5,0:21.32,6496,1924,1752,100.0,0.0,1,5,0:21,0,12,556,0,237,0,1924,328,2,278,48,0,12.9,1.4,0.0,85.6,0.0,0.0,0.0,0.0,15794.9 MiB,4024.5 MiB,2186.1 MiB,9584.3 MiB,4096.0 MiB,3447.7 MiB,648.2 MiB,13019.2 MiB
7,g++-5 5.5.0,nbody_2.c 50000000,19,1695322808,2977132,nbody_2_g++-5,0:22.50,6496,1924,1752,100.0,0.0,1,5,0:22,0,12,556,0,237,0,1924,328,3,277,48,0,12.1,1.5,0.0,86.4,0.0,0.0,0.0,0.0,15794.9 MiB,4024.0 MiB,2186.6 MiB,9584.3 MiB,4096.0 MiB,3447.7 MiB,648.2 MiB,13018.7 MiB
7,g++-5 5.5.0,nbody_2.c 50000000,20,1695322809,2977132,nbody_2_g++-5,0:23.67,6496,1924,1752,93.8,0.0,1,5,0:23,0,12,556,0,237,0,1924,328,2,278,48,0,13.5,0.8,0.0,85.7,0.0,0.0,0.0,0.0,15794.9 MiB,4023.7 MiB,2186.8 MiB,9584.3 MiB,4096.0 MiB,3447.7 MiB,648.2 MiB,13018.5 MiB
7,g++-5 5.5.0,nbody_2.c 50000000,21,1695322811,2977132,nbody_2_g++-5,0:24.85,6496,1924,1752,100.0,0.0,1,5,0:24,0,12,556,0,237,0,1924,328,2,278,48,0,12.8,1.5,0.0,85.7,0.0,0.0,0.0,0.0,15794.9 MiB,4023.7 MiB,2186.8 MiB,9584.3 MiB,4096.0 MiB,3447.7 MiB,648.2 MiB,13018.5 MiB
7,g++-5 5.5.0,nbody_2.c 50000000,22,1695322812,2977132,nbody_2_g++-5,0:26.02,6496,1924,1752,100.0,0.0,1,5,0:26,0,12,556,0,237,0,1924,328,2,278,48,0,13.5,1.5,0.0,83.5,1.5,0.0,0.0,0.0,15794.9 MiB,4025.3 MiB,2184.5 MiB,9585.0 MiB,4096.0 MiB,3447.7 MiB,648.2 MiB,13020.8 MiB
7,g++-5 5.5.0,nbody_2.c 50000000,23,1695322813,2977132,nbody_2_g++-5,0:27.20,6496,1924,1752,100.0,0.0,1,5,0:27,0,12,556,0,237,0,1924,328,2,278,48,0,12.8,1.5,0.0,85.7,0.0,0.0,0.0,0.0,15794.9 MiB,4024.0 MiB,2185.7 MiB,9585.1 MiB,4096.0 MiB,3447.7 MiB,648.2 MiB,13019.6 MiB
7,g++-5 5.5.0,nbody_2.c 50000000,24,1695322814,2977132,nbody_2_g++-5,0:28.37,6496,1924,1752,93.8,0.0,1,1,0:28,0,12,556,0,237,0,1924,328,2,278,48,0,12.1,1.5,0.0,86.4,0.0,0.0,0.0,0.0,15794.9 MiB,4023.8 MiB,2186.0 MiB,9585.1 MiB,4096.0 MiB,3447.7 MiB,648.2 MiB,13019.3 MiB
7,g++-5 5.5.0,nbody_2.c 50000000,25,1695322815,2977132,nbody_2_g++-5,0:29.55,6496,1924,1752,100.0,0.0,1,1,0:29,0,12,556,0,237,0,1924,328,2,278,48,0,14.1,1.5,0.0,84.4,0.0,0.0,0.0,0.0,15794.9 MiB,4023.5 MiB,2186.2 MiB,9585.1 MiB,4096.0 MiB,3447.7 MiB,648.2 MiB,13019.1 MiB
7,g++-5 5.5.0,nbody_2.c 50000000,26,1695322816,2977132,nbody_2_g++-5,0:30.72,6496,1924,1752,100.0,0.0,1,1,0:30,0,12,556,0,237,0,1924,328,2,278,48,0,12.1,1.5,0.0,86.4,0.0,0.0,0.0,0.0,15794.9 MiB,4023.5 MiB,2186.2 MiB,9585.1 MiB,4096.0 MiB,3447.7 MiB,648.2 MiB,13019.1 MiB
7,g++-5 5.5.0,nbody_2.c 50000000,27,1695322818,2977132,nbody_2_g++-5,0:31.90,6496,1924,1752,100.0,0.0,1,1,0:31,0,12,556,0,237,0,1924,328,2,278,48,0,12.8,0.8,0.0,86.5,0.0,0.0,0.0,0.0,15794.9 MiB,4023.5 MiB,2186.2 MiB,9585.1 MiB,4096.0 MiB,3447.7 MiB,648.2 MiB,13019.1 MiB
7,g++-5 5.5.0,nbody_2.c 50000000,28,1695322819,2977132,nbody_2_g++-5,0:33.07,6496,1924,1752,93.8,0.0,1,5,0:33,0,12,556,0,237,0,1924,328,2,278,48,0,12.8,0.8,0.0,86.5,0.0,0.0,0.0,0.0,15794.9 MiB,4023.5 MiB,2186.2 MiB,9585.1 MiB,4096.0 MiB,3447.7 MiB,648.2 MiB,13019.1 MiB
7,g++-5 5.5.0,nbody_2.c 50000000,29,1695322820,2977132,nbody_2_g++-5,0:34.25,6496,1924,1752,100.0,0.0,1,5,0:34,0,12,556,0,237,0,1924,328,2,278,48,0,13.6,0.8,0.0,85.6,0.0,0.0,0.0,0.0,15794.9 MiB,4023.5 MiB,2186.2 MiB,9585.1 MiB,4096.0 MiB,3447.7 MiB,648.2 MiB,13019.1 MiB
7,g++-5 5.5.0,nbody_2.c 50000000,30,1695322821,2977132,nbody_2_g++-5,0:35.42,6496,1924,1752,100.0,0.0,1,5,0:35,0,12,556,0,237,0,1924,328,2,278,48,0,12.9,1.5,0.0,85.6,0.0,0.0,0.0,0.0,15794.9 MiB,4024.5 MiB,2185.2 MiB,9585.1 MiB,4096.0 MiB,3447.7 MiB,648.2 MiB,13020.1 MiB
7,g++-5 5.5.0,nbody_2.c 50000000,31,1695322822,2977132,nbody_2_g++-5,0:36.59,6496,1924,1752,93.8,0.0,1,5,0:36,0,12,556,0,237,0,1924,328,2,278,48,0,13.0,0.8,0.0,86.3,0.0,0.0,0.0,0.0,15794.9 MiB,4024.7 MiB,2185.0 MiB,9585.1 MiB,4096.0 MiB,3447.7 MiB,648.2 MiB,13020.3 MiB
7,g++-5 5.5.0,nbody_2.c 50000000,32,1695322824,2977132,nbody_2_g++-5,0:37.77,6496,1924,1752,100.0,0.0,1,5,0:37,0,12,556,0,237,0,1924,328,2,278,48,0,13.5,1.5,0.0,85.0,0.0,0.0,0.0,0.0,15794.9 MiB,4025.2 MiB,2184.5 MiB,9585.2 MiB,4096.0 MiB,3447.7 MiB,648.2 MiB,13020.9 MiB
7,g++-5 5.5.0,nbody_2.c 50000000,33,1695322825,2977132,nbody_2_g++-5,0:38.94,6496,1924,1752,100.0,0.0,1,5,0:38,0,12,556,0,237,0,1924,328,2,278,48,0,12.1,1.5,0.0,86.4,0.0,0.0,0.0,0.0,15794.9 MiB,4025.2 MiB,2184.5 MiB,9585.2 MiB,4096.0 MiB,3447.7 MiB,648.2 MiB,13020.9 MiB
7,g++-5 5.5.0,nbody_2.c 50000000,34,1695322826,2977132,nbody_2_g++-5,0:40.12,6496,1924,1752,100.0,0.0,1,5,0:40,0,12,556,0,237,0,1924,328,2,278,48,0,12.8,1.5,0.0,85.7,0.0,0.0,0.0,0.0,15794.9 MiB,4025.2 MiB,2184.5 MiB,9585.2 MiB,4096.0 MiB,3447.7 MiB,648.2 MiB,13020.9 MiB
7,g++-5 5.5.0,nbody_2.c 50000000,35,1695322827,2977132,nbody_2_g++-5,0:41.29,6496,1924,1752,100.0,0.0,1,5,0:41,0,12,556,0,237,0,1924,328,2,278,48,0,12.7,1.5,0.0,85.8,0.0,0.0,0.0,0.0,15794.9 MiB,4025.2 MiB,2184.5 MiB,9585.2 MiB,4096.0 MiB,3447.7 MiB,648.2 MiB,13020.9 MiB
7,g++-5 5.5.0,nbody_2.c 50000000,36,1695322828,2977132,nbody_2_g++-5,0:42.46,6496,1924,1752,93.8,0.0,1,1,0:42,0,12,556,0,237,0,1924,328,2,278,48,0,12.9,0.8,0.0,85.6,0.8,0.0,0.0,0.0,15794.9 MiB,4025.2 MiB,2184.5 MiB,9585.2 MiB,4096.0 MiB,3447.7 MiB,648.2 MiB,13020.9 MiB
7,g++-5 5.5.0,nbody_2.c 50000000,37,1695322829,2977132,nbody_2_g++-5,0:43.64,6496,1924,1752,100.0,0.0,1,1,0:43,0,12,556,0,237,0,1924,328,2,278,48,0,14.0,2.2,0.0,83.8,0.0,0.0,0.0,0.0,15794.9 MiB,4025.2 MiB,2184.5 MiB,9585.2 MiB,4096.0 MiB,3447.7 MiB,648.2 MiB,13020.9 MiB
7,g++-5 5.5.0,nbody_2.c 50000000,38,1695322831,2977132,nbody_2_g++-5,0:44.82,6496,1924,1752,100.0,0.0,1,1,0:44,0,12,556,0,237,0,1924,328,2,278,48,0,13.4,0.7,0.0,85.8,0.0,0.0,0.0,0.0,15794.9 MiB,4025.2 MiB,2184.5 MiB,9585.2 MiB,4096.0 MiB,3447.7 MiB,648.2 MiB,13020.9 MiB
7,g++-5 5.5.0,nbody_2.c 50000000,39,1695322832,2977132,nbody_2_g++-5,0:45.99,6496,1924,1752,100.0,0.0,1,1,0:45,0,12,556,0,237,0,1924,328,3,277,48,0,12.7,1.5,0.0,85.8,0.0,0.0,0.0,0.0,15794.9 MiB,4024.5 MiB,2185.2 MiB,9585.2 MiB,4096.0 MiB,3447.7 MiB,648.2 MiB,13020.1 MiB
7,g++-5 5.5.0,nbody_2.c 50000000,40,1695322833,2977132,nbody_2_g++-5,0:47.17,6496,1924,1752,100.0,0.0,1,1,0:47,0,12,556,0,237,0,1924,328,2,278,48,0,13.4,0.7,0.0,85.8,0.0,0.0,0.0,0.0,15794.9 MiB,4024.5 MiB,2185.2 MiB,9585.2 MiB,4096.0 MiB,3447.7 MiB,648.2 MiB,13020.1 MiB
7,g++-5 5.5.0,nbody_2.c 50000000,41,1695322834,2977132,nbody_2_g++-5,0:48.34,6496,1924,1752,100.0,0.0,1,1,0:48,0,12,556,0,237,0,1924,328,2,278,48,0,12.8,0.8,0.0,86.5,0.0,0.0,0.0,0.0,15794.9 MiB,4024.2 MiB,2185.4 MiB,9585.2 MiB,4096.0 MiB,3447.7 MiB,648.2 MiB,13019.9 MiB
7,g++-5 5.5.0,nbody_2.c 50000000,42,1695322835,2977132,nbody_2_g++-5,0:49.52,6496,1924,1752,100.0,0.0,1,1,0:49,0,12,556,0,237,0,1924,328,2,278,48,0,12.9,0.8,0.0,86.4,0.0,0.0,0.0,0.0,15794.9 MiB,4024.2 MiB,2185.4 MiB,9585.2 MiB,4096.0 MiB,3447.7 MiB,648.2 MiB,13019.9 MiB
7,g++-5 5.5.0,nbody_2.c 50000000,43,1695322836,2977132,nbody_2_g++-5,0:50.69,6496,1924,1752,93.8,0.0,1,1,0:50,0,12,556,0,237,0,1924,328,2,278,48,0,12.1,0.8,0.0,87.1,0.0,0.0,0.0,0.0,15794.9 MiB,4025.2 MiB,2184.4 MiB,9585.2 MiB,4096.0 MiB,3447.7 MiB,648.2 MiB,13020.9 MiB
7,g++-5 5.5.0,nbody_2.c 50000000,44,1695322838,2977132,nbody_2_g++-5,0:51.87,6496,1924,1752,100.0,0.0,1,1,0:51,0,12,556,0,237,0,1924,328,2,278,48,0,13.5,0.8,0.0,85.7,0.0,0.0,0.0,0.0,15794.9 MiB,4025.5 MiB,2184.2 MiB,9585.2 MiB,4096.0 MiB,3447.7 MiB,648.2 MiB,13021.1 MiB
7,g++-5 5.5.0,nbody_2.c 50000000,45,1695322839,2977132,nbody_2_g++-5,0:53.04,6496,1924,1752,100.0,0.0,1,1,0:53,0,12,556,0,237,0,1924,328,2,278,48,0,12.2,0.8,0.0,87.0,0.0,0.0,0.0,0.0,15794.9 MiB,4025.5 MiB,2184.2 MiB,9585.2 MiB,4096.0 MiB,3447.7 MiB,648.2 MiB,13021.1 MiB
7,g++-5 5.5.0,nbody_2.c 50000000,46,1695322840,2977132,nbody_2_g++-5,0:54.21,6496,1924,1752,93.8,0.0,1,1,0:54,0,12,556,0,237,0,1924,328,2,278,48,0,12.1,1.5,0.0,86.4,0.0,0.0,0.0,0.0,15794.9 MiB,4025.5 MiB,2184.2 MiB,9585.2 MiB,4096.0 MiB,3447.7 MiB,648.2 MiB,13021.1 MiB
7,g++-5 5.5.0,nbody_2.c 50000000,47,1695322841,2977132,nbody_2_g++-5,0:55.39,6496,1924,1752,100.0,0.0,1,1,0:55,0,12,556,0,237,0,1924,328,2,278,48,0,12.9,0.8,0.0,86.4,0.0,0.0,0.0,0.0,15794.9 MiB,4025.5 MiB,2184.2 MiB,9585.2 MiB,4096.0 MiB,3447.7 MiB,648.2 MiB,13021.1 MiB
7,g++-5 5.5.0,nbody_2.c 50000000,48,1695322842,2977132,nbody_2_g++-5,0:56.57,6496,1924,1752,100.0,0.0,1,1,0:56,0,12,556,0,237,0,1924,328,2,278,48,0,13.5,0.8,0.0,85.7,0.0,0.0,0.0,0.0,15794.9 MiB,4024.5 MiB,2185.2 MiB,9585.2 MiB,4096.0 MiB,3447.7 MiB,648.2 MiB,13020.2 MiB
7,g++-5 5.5.0,nbody_2.c 50000000,49,1695322844,2977132,nbody_2_g++-5,0:57.74,6496,1924,1752,100.0,0.0,1,5,0:57,0,12,556,0,237,0,1924,328,2,278,48,0,13.5,0.8,0.0,85.7,0.0,0.0,0.0,0.0,15794.9 MiB,4024.0 MiB,2185.7 MiB,9585.2 MiB,4096.0 MiB,3447.7 MiB,648.2 MiB,13019.7 MiB
7,g++-5 5.5.0,nbody_2.c 50000000,50,1695322845,2977132,nbody_2_g++-5,0:58.91,6496,1924,1752,93.8,0.0,1,5,0:58,0,12,556,0,237,0,1924,328,2,278,48,0,12.9,0.8,0.0,86.4,0.0,0.0,0.0,0.0,15794.9 MiB,4023.0 MiB,2186.6 MiB,9585.2 MiB,4096.0 MiB,3447.7 MiB,648.2 MiB,13018.7 MiB
7,g++-5 5.5.0,nbody_2.c 50000000,51,1695322846,2977132,nbody_2_g++-5,1:00.09,6496,1924,1752,100.0,0.0,1,5,1:00,0,12,556,0,237,0,1924,328,2,278,48,0,13.6,0.0,0.0,86.4,0.0,0.0,0.0,0.0,15794.9 MiB,4023.0 MiB,2186.6 MiB,9585.2 MiB,4096.0 MiB,3447.7 MiB,648.2 MiB,13018.7 MiB
7,g++-5 5.5.0,nbody_2.c 50000000,52,1695322847,2977132,nbody_2_g++-5,1:01.26,6496,1924,1752,93.8,0.0,1,5,1:01,0,12,556,0,237,0,1924,328,2,278,48,0,13.0,0.0,0.0,87.0,0.0,0.0,0.0,0.0,15794.9 MiB,4022.8 MiB,2186.9 MiB,9585.2 MiB,4096.0 MiB,3447.7 MiB,648.2 MiB,13018.4 MiB
7,g++-5 5.5.0,nbody_2.c 50000000,53,1695322848,2977132,nbody_2_g++-5,1:02.44,6496,1924,1752,100.0,0.0,1,5,1:02,0,12,556,0,237,0,1924,328,2,278,48,0,12.1,0.8,0.0,87.1,0.0,0.0,0.0,0.0,15794.9 MiB,4023.1 MiB,2186.6 MiB,9585.2 MiB,4096.0 MiB,3447.7 MiB,648.2 MiB,13018.7 MiB
7,g++-5 5.5.0,nbody_2.c 50000000,54,1695322849,2977132,nbody_2_g++-5,1:03.61,6496,1924,1752,100.0,0.0,1,5,1:03,0,12,556,0,237,0,1924,328,2,278,48,0,12.7,1.5,0.0,85.8,0.0,0.0,0.0,0.0,15794.9 MiB,4023.1 MiB,2186.6 MiB,9585.2 MiB,4096.0 MiB,3447.7 MiB,648.2 MiB,13018.7 MiB
7,g++-5 5.5.0,nbody_2.c 50000000,55,1695322851,2977132,nbody_2_g++-5,1:04.79,6496,1924,1752,100.0,0.0,1,5,1:04,0,12,556,0,237,0,1924,328,2,278,48,0,12.1,1.5,0.0,86.4,0.0,0.0,0.0,0.0,15794.9 MiB,4023.1 MiB,2186.6 MiB,9585.2 MiB,4096.0 MiB,3447.7 MiB,648.2 MiB,13018.7 MiB
7,g++-5 5.5.0,nbody_2.c 50000000,56,1695322852,2977132,nbody_2_g++-5,1:05.96,6496,1924,1752,93.8,0.0,1,5,1:05,0,12,556,0,237,0,1924,328,2,278,48,0,12.9,0.0,0.0,87.1,0.0,0.0,0.0,0.0,15794.9 MiB,4023.6 MiB,2186.1 MiB,9585.2 MiB,4096.0 MiB,3447.7 MiB,648.2 MiB,13019.3 MiB
7,g++-5 5.5.0,nbody_2.c 50000000,57,1695322853,2977132,nbody_2_g++-5,1:07.14,6496,1924,1752,100.0,0.0,1,1,1:07,0,12,556,0,237,0,1924,328,2,278,48,0,12.1,1.5,0.0,86.4,0.0,0.0,0.0,0.0,15794.9 MiB,4023.1 MiB,2186.6 MiB,9585.2 MiB,4096.0 MiB,3447.7 MiB,648.2 MiB,13018.7 MiB
7,g++-5 5.5.0,nbody_2.c 50000000,58,1695322854,2977132,nbody_2_g++-5,1:08.31,6496,1924,1752,100.0,0.0,1,1,1:08,0,12,556,0,237,0,1924,328,2,278,48,0,12.8,1.5,0.0,85.7,0.0,0.0,0.0,0.0,15794.9 MiB,4023.1 MiB,2186.6 MiB,9585.2 MiB,4096.0 MiB,3447.7 MiB,648.2 MiB,13018.7 MiB
7,g++-5 5.5.0,nbody_2.c 50000000,59,1695322855,2977132,nbody_2_g++-5,1:09.49,6496,1924,1752,100.0,0.0,1,1,1:09,0,12,556,0,237,0,1924,328,2,278,48,0,12.8,1.5,0.0,85.7,0.0,0.0,0.0,0.0,15794.9 MiB,4023.1 MiB,2186.6 MiB,9585.2 MiB,4096.0 MiB,3447.7 MiB,648.2 MiB,13018.7 MiB
7,g++-5 5.5.0,nbody_2.c 50000000,60,1695322856,2977132,nbody_2_g++-5,1:10.66,6496,1924,1752,93.8,0.0,1,1,1:10,0,12,556,0,237,0,1924,328,2,278,48,0,12.9,0.0,0.0,87.1,0.0,0.0,0.0,0.0,15794.9 MiB,4022.6 MiB,2187.1 MiB,9585.2 MiB,4096.0 MiB,3447.7 MiB,648.2 MiB,13018.3 MiB
7,g++-5 5.5.0,nbody_2.c 50000000,61,1695322858,2977132,nbody_2_g++-5,1:11.84,6496,1924,1752,100.0,0.0,1,1,1:11,0,12,556,0,237,0,1924,328,2,278,48,0,12.1,1.5,0.0,86.4,0.0,0.0,0.0,0.0,15794.9 MiB,4022.6 MiB,2187.1 MiB,9585.2 MiB,4096.0 MiB,3447.7 MiB,648.2 MiB,13018.3 MiB
7,g++-5 5.5.0,nbody_2.c 50000000,62,1695322859,2977132,nbody_2_g++-5,1:13.01,6496,1924,1752,100.0,0.0,1,1,1:13,0,12,556,0,237,0,1924,328,2,278,48,0,13.5,0.8,0.0,85.7,0.0,0.0,0.0,0.0,15794.9 MiB,4022.6 MiB,2187.1 MiB,9585.2 MiB,4096.0 MiB,3447.7 MiB,648.2 MiB,13018.3 MiB
7,g++-5 5.5.0,nbody_2.c 50000000,63,1695322860,2977132,nbody_2_g++-5,1:14.19,6496,1924,1752,100.0,0.0,1,1,1:14,0,12,556,0,237,0,1924,328,2,278,48,0,12.2,1.5,0.0,86.3,0.0,0.0,0.0,0.0,15794.9 MiB,4022.3 MiB,2187.5 MiB,9585.1 MiB,4096.0 MiB,3447.7 MiB,648.2 MiB,13018.0 MiB
7,g++-5 5.5.0,nbody_2.c 50000000,64,1695322861,2977132,nbody_2_g++-5,1:15.36,6496,1924,1752,100.0,0.0,1,1,1:15,0,12,556,0,237,0,1924,328,2,278,48,0,12.8,0.8,0.0,86.5,0.0,0.0,0.0,0.0,15794.9 MiB,4022.3 MiB,2187.5 MiB,9585.1 MiB,4096.0 MiB,3447.7 MiB,648.2 MiB,13018.0 MiB
7,g++-5 5.5.0,nbody_2.c 50000000,65,1695322862,2977132,nbody_2_g++-5,1:16.53,6496,1924,1752,93.8,0.0,1,1,1:16,0,12,556,0,237,0,1924,328,2,278,48,0,13.0,0.0,0.0,87.0,0.0,0.0,0.0,0.0,15794.9 MiB,4022.3 MiB,2187.5 MiB,9585.1 MiB,4096.0 MiB,3447.7 MiB,648.2 MiB,13018.0 MiB
7,g++-5 5.5.0,nbody_2.c 50000000,66,1695322863,2977132,nbody_2_g++-5,1:17.71,6496,1924,1752,100.0,0.0,1,5,1:17,0,12,556,0,237,0,1924,328,2,278,48,0,12.9,0.8,0.0,86.4,0.0,0.0,0.0,0.0,15794.9 MiB,4022.3 MiB,2187.5 MiB,9585.1 MiB,4096.0 MiB,3447.7 MiB,648.2 MiB,13018.0 MiB
7,g++-5 5.5.0,nbody_2.c 50000000,67,1695322865,2977132,nbody_2_g++-5,1:18.89,6496,1924,1752,100.0,0.0,1,5,1:18,0,12,556,0,237,0,1924,328,2,278,48,0,13.5,1.5,0.0,85.0,0.0,0.0,0.0,0.0,15794.9 MiB,4022.3 MiB,2187.5 MiB,9585.1 MiB,4096.0 MiB,3447.7 MiB,648.2 MiB,13018.0 MiB
7,g++-5 5.5.0,nbody_2.c 50000000,68,1695322866,2977132,nbody_2_g++-5,1:20.06,6496,1924,1752,100.0,0.0,1,5,1:20,0,12,556,0,237,0,1924,328,2,278,48,0,12.9,0.8,0.0,86.4,0.0,0.0,0.0,0.0,15794.9 MiB,4022.1 MiB,2187.7 MiB,9585.1 MiB,4096.0 MiB,3447.7 MiB,648.2 MiB,13017.8 MiB
7,g++-5 5.5.0,nbody_2.c 50000000,69,1695322867,2977132,nbody_2_g++-5,1:21.23,6496,1924,1752,93.8,0.0,1,5,1:21,0,12,556,0,237,0,1924,328,2,278,48,0,12.2,0.8,0.0,87.0,0.0,0.0,0.0,0.0,15794.9 MiB,4022.8 MiB,2187.0 MiB,9585.1 MiB,4096.0 MiB,3447.7 MiB,648.2 MiB,13018.5 MiB
7,g++-5 5.5.0,nbody_2.c 50000000,70,1695322868,2977132,nbody_2_g++-5,1:22.41,6496,1924,1752,100.0,0.0,1,5,1:22,0,12,556,0,237,0,1924,328,2,278,48,0,13.5,0.8,0.0,85.7,0.0,0.0,0.0,0.0,15794.9 MiB,4022.8 MiB,2187.0 MiB,9585.1 MiB,4096.0 MiB,3447.7 MiB,648.2 MiB,13018.5 MiB
7,g++-5 5.5.0,nbody_2.c 50000000,71,1695322869,2977132,nbody_2_g++-5,1:23.59,6496,1924,1752,100.0,0.0,1,5,1:23,0,12,556,0,237,0,1924,328,2,278,48,0,12.8,1.5,0.0,85.7,0.0,0.0,0.0,0.0,15794.9 MiB,4022.6 MiB,2187.2 MiB,9585.1 MiB,4096.0 MiB,3447.7 MiB,648.2 MiB,13018.3 MiB
7,g++-5 5.5.0,nbody_2.c 50000000,72,1695322871,2977132,nbody_2_g++-5,1:24.76,6496,1924,1752,100.0,0.0,1,5,1:24,0,12,556,0,237,0,1924,328,2,278,48,0,12.9,0.8,0.0,86.4,0.0,0.0,0.0,0.0,15794.9 MiB,4022.6 MiB,2187.2 MiB,9585.1 MiB,4096.0 MiB,3447.7 MiB,648.2 MiB,13018.3 MiB
7,g++-5 5.5.0,nbody_2.c 50000000,73,1695322872,2977132,nbody_2_g++-5,1:25.93,6496,1924,1752,93.8,0.0,1,5,1:25,0,12,556,0,237,0,1924,328,2,278,48,0,12.8,2.3,0.0,85.0,0.0,0.0,0.0,0.0,15794.9 MiB,4022.6 MiB,2187.2 MiB,9585.1 MiB,4096.0 MiB,3447.7 MiB,648.2 MiB,13018.3 MiB
8,g++-5 5.5.0,nbody_2.c 50000000,0,1695322873,2977589,nbody_2_g++-5,0:00.16,6496,1912,1740,100.0,0.0,1,4,0:00,0,12,556,0,236,0,1912,328,2,278,48,0,13.6,0.8,0.0,85.6,0.0,0.0,0.0,0.0,15794.9 MiB,4015.7 MiB,2187.0 MiB,9592.1 MiB,4096.0 MiB,3447.7 MiB,648.2 MiB,13011.4 MiB
8,g++-5 5.5.0,nbody_2.c 50000000,1,1695322874,2977589,nbody_2_g++-5,0:01.34,6496,1912,1740,100.0,0.0,1,4,0:01,0,12,556,0,236,0,1912,328,2,278,48,0,12.2,0.8,0.0,87.0,0.0,0.0,0.0,0.0,15794.9 MiB,4015.7 MiB,2186.8 MiB,9592.3 MiB,4096.0 MiB,3447.7 MiB,648.2 MiB,13011.4 MiB
8,g++-5 5.5.0,nbody_2.c 50000000,2,1695322875,2977589,nbody_2_g++-5,0:02.51,6496,1912,1740,100.0,0.0,1,4,0:02,0,12,556,0,236,0,1912,328,2,278,48,0,12.1,0.8,0.0,87.1,0.0,0.0,0.0,0.0,15794.9 MiB,4022.6 MiB,2187.0 MiB,9585.3 MiB,4096.0 MiB,3447.7 MiB,648.2 MiB,13018.3 MiB
8,g++-5 5.5.0,nbody_2.c 50000000,3,1695322876,2977589,nbody_2_g++-5,0:03.69,6496,1912,1740,100.0,0.0,1,4,0:03,0,12,556,0,236,0,1912,328,2,278,48,0,12.8,1.5,0.0,85.7,0.0,0.0,0.0,0.0,15794.9 MiB,4023.1 MiB,2186.5 MiB,9585.3 MiB,4096.0 MiB,3447.7 MiB,648.2 MiB,13018.8 MiB
8,g++-5 5.5.0,nbody_2.c 50000000,4,1695322878,2977589,nbody_2_g++-5,0:04.86,6496,1912,1740,100.0,0.0,1,0,0:04,0,12,556,0,236,0,1912,328,2,278,48,0,12.8,1.5,0.0,85.7,0.0,0.0,0.0,0.0,15794.9 MiB,4022.4 MiB,2187.2 MiB,9585.3 MiB,4096.0 MiB,3447.7 MiB,648.2 MiB,13018.1 MiB
8,g++-5 5.5.0,nbody_2.c 50000000,5,1695322879,2977589,nbody_2_g++-5,0:06.04,6496,1912,1740,100.0,0.0,1,0,0:06,0,12,556,0,236,0,1912,328,2,278,48,0,13.4,0.7,0.0,85.8,0.0,0.0,0.0,0.0,15794.9 MiB,4022.4 MiB,2187.2 MiB,9585.3 MiB,4096.0 MiB,3447.7 MiB,648.2 MiB,13018.1 MiB
8,g++-5 5.5.0,nbody_2.c 50000000,6,1695322880,2977589,nbody_2_g++-5,0:07.22,6496,1912,1740,100.0,0.0,1,0,0:07,0,12,556,0,236,0,1912,328,2,278,48,0,12.9,1.5,0.0,85.6,0.0,0.0,0.0,0.0,15794.9 MiB,4022.4 MiB,2187.2 MiB,9585.3 MiB,4096.0 MiB,3447.7 MiB,648.2 MiB,13018.1 MiB
8,g++-5 5.5.0,nbody_2.c 50000000,7,1695322881,2977589,nbody_2_g++-5,0:08.39,6496,1912,1740,100.0,0.0,1,0,0:08,0,12,556,0,236,0,1912,328,2,278,48,0,12.9,0.8,0.0,86.4,0.0,0.0,0.0,0.0,15794.9 MiB,4022.4 MiB,2187.2 MiB,9585.3 MiB,4096.0 MiB,3447.7 MiB,648.2 MiB,13018.1 MiB
8,g++-5 5.5.0,nbody_2.c 50000000,8,1695322882,2977589,nbody_2_g++-5,0:09.56,6496,1912,1740,93.8,0.0,1,0,0:09,0,12,556,0,236,0,1912,328,2,278,48,0,12.8,0.8,0.0,86.5,0.0,0.0,0.0,0.0,15794.9 MiB,4022.6 MiB,2187.0 MiB,9585.3 MiB,4096.0 MiB,3447.7 MiB,648.2 MiB,13018.3 MiB
8,g++-5 5.5.0,nbody_2.c 50000000,9,1695322883,2977589,nbody_2_g++-5,0:10.74,6496,1912,1740,100.0,0.0,1,4,0:10,0,12,556,0,236,0,1912,328,2,278,48,0,14.2,0.7,0.0,85.1,0.0,0.0,0.0,0.0,15794.9 MiB,4022.6 MiB,2187.0 MiB,9585.3 MiB,4096.0 MiB,3447.7 MiB,648.2 MiB,13018.3 MiB
8,g++-5 5.5.0,nbody_2.c 50000000,10,1695322885,2977589,nbody_2_g++-5,0:11.92,6496,1912,1740,100.0,0.0,1,4,0:11,0,12,556,0,236,0,1912,328,2,278,48,0,13.4,1.5,0.0,85.1,0.0,0.0,0.0,0.0,15794.9 MiB,4022.4 MiB,2187.2 MiB,9585.3 MiB,4096.0 MiB,3447.7 MiB,648.2 MiB,13018.1 MiB
8,g++-5 5.5.0,nbody_2.c 50000000,11,1695322886,2977589,nbody_2_g++-5,0:13.10,6496,1912,1740,94.1,0.0,1,4,0:13,0,12,556,0,236,0,1912,328,2,278,48,0,13.5,1.4,0.0,84.4,0.7,0.0,0.0,0.0,15794.9 MiB,4022.4 MiB,2187.2 MiB,9585.3 MiB,4096.0 MiB,3447.7 MiB,648.2 MiB,13018.1 MiB
8,g++-5 5.5.0,nbody_2.c 50000000,12,1695322887,2977589,nbody_2_g++-5,0:14.28,6496,1912,1740,100.0,0.0,1,4,0:14,0,12,556,0,236,0,1912,328,2,278,48,0,12.2,1.5,0.0,86.3,0.0,0.0,0.0,0.0,15794.9 MiB,4022.6 MiB,2187.0 MiB,9585.3 MiB,4096.0 MiB,3447.7 MiB,648.2 MiB,13018.4 MiB
8,g++-5 5.5.0,nbody_2.c 50000000,13,1695322888,2977589,nbody_2_g++-5,0:15.45,6496,1912,1740,100.0,0.0,1,0,0:15,0,12,556,0,236,0,1912,328,2,278,48,0,13.4,1.5,0.0,85.1,0.0,0.0,0.0,0.0,15794.9 MiB,4022.6 MiB,2187.0 MiB,9585.3 MiB,4096.0 MiB,3447.7 MiB,648.2 MiB,13018.4 MiB
8,g++-5 5.5.0,nbody_2.c 50000000,14,1695322889,2977589,nbody_2_g++-5,0:16.63,6496,1912,1740,100.0,0.0,1,0,0:16,0,12,556,0,236,0,1912,328,2,278,48,0,12.8,1.5,0.0,85.7,0.0,0.0,0.0,0.0,15794.9 MiB,4022.6 MiB,2187.0 MiB,9585.3 MiB,4096.0 MiB,3447.7 MiB,648.2 MiB,13018.4 MiB
8,g++-5 5.5.0,nbody_2.c 50000000,15,1695322891,2977589,nbody_2_g++-5,0:17.80,6496,1912,1740,100.0,0.0,1,0,0:17,0,12,556,0,236,0,1912,328,2,278,48,0,14.3,0.0,0.0,85.7,0.0,0.0,0.0,0.0,15794.9 MiB,4022.6 MiB,2187.0 MiB,9585.3 MiB,4096.0 MiB,3447.7 MiB,648.2 MiB,13018.4 MiB
8,g++-5 5.5.0,nbody_2.c 50000000,16,1695322892,2977589,nbody_2_g++-5,0:18.97,6496,1912,1740,93.8,0.0,1,4,0:18,0,12,556,0,236,0,1912,328,2,278,48,0,12.8,1.5,0.0,85.7,0.0,0.0,0.0,0.0,15794.9 MiB,4023.1 MiB,2186.5 MiB,9585.3 MiB,4096.0 MiB,3447.7 MiB,648.2 MiB,13018.9 MiB
8,g++-5 5.5.0,nbody_2.c 50000000,17,1695322893,2977589,nbody_2_g++-5,0:20.15,6496,1912,1740,100.0,0.0,1,4,0:20,0,12,556,0,236,0,1912,328,2,278,48,0,12.1,0.8,0.0,87.1,0.0,0.0,0.0,0.0,15794.9 MiB,4022.6 MiB,2187.0 MiB,9585.3 MiB,4096.0 MiB,3447.7 MiB,648.2 MiB,13018.4 MiB
8,g++-5 5.5.0,nbody_2.c 50000000,18,1695322894,2977589,nbody_2_g++-5,0:21.33,6496,1912,1740,100.0,0.0,1,4,0:21,0,12,556,0,236,0,1912,328,2,278,48,0,12.3,0.8,0.0,86.9,0.0,0.0,0.0,0.0,15794.9 MiB,4023.6 MiB,2186.0 MiB,9585.3 MiB,4096.0 MiB,3447.7 MiB,648.2 MiB,13019.4 MiB
8,g++-5 5.5.0,nbody_2.c 50000000,19,1695322895,2977589,nbody_2_g++-5,0:22.50,6496,1912,1740,100.0,0.0,1,4,0:22,0,12,556,0,236,0,1912,328,2,278,48,0,12.9,0.8,0.0,86.4,0.0,0.0,0.0,0.0,15794.9 MiB,4023.6 MiB,2186.0 MiB,9585.3 MiB,4096.0 MiB,3447.7 MiB,648.2 MiB,13019.4 MiB
8,g++-5 5.5.0,nbody_2.c 50000000,20,1695322896,2977589,nbody_2_g++-5,0:23.68,6496,1912,1740,100.0,0.0,1,0,0:23,0,12,556,0,236,0,1912,328,2,278,48,0,13.5,0.8,0.0,85.7,0.0,0.0,0.0,0.0,15794.9 MiB,4025.4 MiB,2184.2 MiB,9585.3 MiB,4096.0 MiB,3447.7 MiB,648.2 MiB,13021.2 MiB
8,g++-5 5.5.0,nbody_2.c 50000000,21,1695322898,2977589,nbody_2_g++-5,0:24.85,6496,1912,1740,100.0,0.0,1,0,0:24,0,12,556,0,236,0,1912,328,2,278,48,0,12.9,0.8,0.0,86.4,0.0,0.0,0.0,0.0,15794.9 MiB,4025.3 MiB,2184.2 MiB,9585.3 MiB,4096.0 MiB,3447.7 MiB,648.2 MiB,13021.1 MiB
8,g++-5 5.5.0,nbody_2.c 50000000,22,1695322899,2977589,nbody_2_g++-5,0:26.03,6496,1912,1740,100.0,0.0,1,0,0:26,0,12,556,0,236,0,1912,328,2,278,48,0,12.8,1.5,0.0,85.7,0.0,0.0,0.0,0.0,15794.9 MiB,4024.8 MiB,2184.7 MiB,9585.3 MiB,4096.0 MiB,3447.7 MiB,648.2 MiB,13020.6 MiB
8,g++-5 5.5.0,nbody_2.c 50000000,23,1695322900,2977589,nbody_2_g++-5,0:27.20,6496,1912,1740,100.0,0.0,1,0,0:27,0,12,556,0,236,0,1912,328,2,278,48,0,13.4,0.7,0.0,85.8,0.0,0.0,0.0,0.0,15794.9 MiB,4024.1 MiB,2185.5 MiB,9585.3 MiB,4096.0 MiB,3447.7 MiB,648.2 MiB,13019.9 MiB
8,g++-5 5.5.0,nbody_2.c 50000000,24,1695322901,2977589,nbody_2_g++-5,0:28.38,6496,1912,1740,100.0,0.0,1,0,0:28,0,12,556,0,236,0,1912,328,2,278,48,0,14.3,0.8,0.0,85.0,0.0,0.0,0.0,0.0,15794.9 MiB,4024.1 MiB,2185.5 MiB,9585.3 MiB,4096.0 MiB,3447.7 MiB,648.2 MiB,13019.9 MiB
8,g++-5 5.5.0,nbody_2.c 50000000,25,1695322902,2977589,nbody_2_g++-5,0:29.55,6496,1912,1740,100.0,0.0,1,0,0:29,0,12,556,0,236,0,1912,328,2,278,48,0,12.9,0.8,0.0,86.4,0.0,0.0,0.0,0.0,15794.9 MiB,4023.8 MiB,2185.7 MiB,9585.3 MiB,4096.0 MiB,3447.7 MiB,648.2 MiB,13019.6 MiB
8,g++-5 5.5.0,nbody_2.c 50000000,26,1695322903,2977589,nbody_2_g++-5,0:30.73,6496,1912,1740,100.0,0.0,1,0,0:30,0,12,556,0,236,0,1912,328,2,278,48,0,12.2,0.8,0.0,87.0,0.0,0.0,0.0,0.0,15794.9 MiB,4024.1 MiB,2185.5 MiB,9585.3 MiB,4096.0 MiB,3447.7 MiB,648.2 MiB,13019.9 MiB
8,g++-5 5.5.0,nbody_2.c 50000000,27,1695322905,2977589,nbody_2_g++-5,0:31.90,6496,1912,1740,100.0,0.0,1,0,0:31,0,12,556,0,236,0,1912,328,2,278,48,0,12.8,1.5,0.0,85.7,0.0,0.0,0.0,0.0,15794.9 MiB,4023.8 MiB,2185.7 MiB,9585.3 MiB,4096.0 MiB,3447.7 MiB,648.2 MiB,13019.6 MiB
8,g++-5 5.5.0,nbody_2.c 50000000,28,1695322906,2977589,nbody_2_g++-5,0:33.08,6496,1912,1740,100.0,0.0,1,0,0:33,0,12,556,0,236,0,1912,328,2,278,48,0,12.8,0.8,0.0,86.5,0.0,0.0,0.0,0.0,15794.9 MiB,4023.8 MiB,2185.7 MiB,9585.3 MiB,4096.0 MiB,3447.7 MiB,648.2 MiB,13019.6 MiB
8,g++-5 5.5.0,nbody_2.c 50000000,29,1695322907,2977589,nbody_2_g++-5,0:34.25,6496,1912,1740,100.0,0.0,1,0,0:34,0,12,556,0,236,0,1912,328,2,278,48,0,12.8,1.5,0.0,85.7,0.0,0.0,0.0,0.0,15794.9 MiB,4023.8 MiB,2185.7 MiB,9585.3 MiB,4096.0 MiB,3447.7 MiB,648.2 MiB,13019.6 MiB
8,g++-5 5.5.0,nbody_2.c 50000000,30,1695322908,2977589,nbody_2_g++-5,0:35.43,6496,1912,1740,100.0,0.0,1,0,0:35,0,12,556,0,236,0,1912,328,2,278,48,0,13.3,2.2,0.0,84.4,0.0,0.0,0.0,0.0,15794.9 MiB,4024.1 MiB,2185.5 MiB,9585.3 MiB,4096.0 MiB,3447.7 MiB,648.2 MiB,13019.9 MiB
8,g++-5 5.5.0,nbody_2.c 50000000,31,1695322909,2977589,nbody_2_g++-5,0:36.60,6496,1912,1740,100.0,0.0,1,0,0:36,0,12,556,0,236,0,1912,328,2,278,48,0,12.8,1.5,0.0,85.7,0.0,0.0,0.0,0.0,15794.9 MiB,4024.1 MiB,2185.5 MiB,9585.3 MiB,4096.0 MiB,3447.7 MiB,648.2 MiB,13019.9 MiB
8,g++-5 5.5.0,nbody_2.c 50000000,32,1695322911,2977589,nbody_2_g++-5,0:37.77,6496,1912,1740,93.8,0.0,1,4,0:37,0,12,556,0,236,0,1912,328,2,278,48,0,13.5,0.8,0.0,85.7,0.0,0.0,0.0,0.0,15794.9 MiB,4023.8 MiB,2185.7 MiB,9585.3 MiB,4096.0 MiB,3447.7 MiB,648.2 MiB,13019.6 MiB
8,g++-5 5.5.0,nbody_2.c 50000000,33,1695322912,2977589,nbody_2_g++-5,0:38.95,6496,1912,1740,100.0,0.0,1,4,0:38,0,12,556,0,236,0,1912,328,2,278,48,0,13.5,1.5,0.0,85.0,0.0,0.0,0.0,0.0,15794.9 MiB,4023.8 MiB,2185.7 MiB,9585.3 MiB,4096.0 MiB,3447.7 MiB,648.2 MiB,13019.6 MiB
8,g++-5 5.5.0,nbody_2.c 50000000,34,1695322913,2977589,nbody_2_g++-5,0:40.12,6496,1912,1740,93.8,0.0,1,4,0:40,0,12,556,0,236,0,1912,328,2,278,48,0,12.2,0.8,0.0,87.0,0.0,0.0,0.0,0.0,15794.9 MiB,4023.8 MiB,2185.7 MiB,9585.3 MiB,4096.0 MiB,3447.7 MiB,648.2 MiB,13019.6 MiB
8,g++-5 5.5.0,nbody_2.c 50000000,35,1695322914,2977589,nbody_2_g++-5,0:41.30,6496,1912,1740,100.0,0.0,1,4,0:41,0,12,556,0,236,0,1912,328,2,278,48,0,14.1,1.5,0.0,84.4,0.0,0.0,0.0,0.0,15794.9 MiB,4024.1 MiB,2185.5 MiB,9585.3 MiB,4096.0 MiB,3447.7 MiB,648.2 MiB,13019.9 MiB
8,g++-5 5.5.0,nbody_2.c 50000000,36,1695322915,2977589,nbody_2_g++-5,0:42.47,6496,1912,1740,100.0,0.0,1,0,0:42,0,12,556,0,236,0,1912,328,2,278,48,0,13.5,0.8,0.0,85.7,0.0,0.0,0.0,0.0,15794.9 MiB,4024.1 MiB,2185.4 MiB,9585.3 MiB,4096.0 MiB,3447.7 MiB,648.2 MiB,13019.9 MiB
8,g++-5 5.5.0,nbody_2.c 50000000,37,1695322916,2977589,nbody_2_g++-5,0:43.65,6496,1912,1740,100.0,0.0,1,0,0:43,0,12,556,0,236,0,1912,328,2,278,48,0,12.8,1.5,0.0,85.0,0.0,0.0,0.8,0.0,15794.9 MiB,4024.3 MiB,2185.2 MiB,9585.3 MiB,4096.0 MiB,3447.7 MiB,648.2 MiB,13020.1 MiB
8,g++-5 5.5.0,nbody_2.c 50000000,38,1695322918,2977589,nbody_2_g++-5,0:44.83,6496,1912,1740,100.0,0.0,1,0,0:44,0,12,556,0,236,0,1912,328,2,278,48,0,12.8,1.5,0.0,85.7,0.0,0.0,0.0,0.0,15794.9 MiB,4024.1 MiB,2185.4 MiB,9585.3 MiB,4096.0 MiB,3447.7 MiB,648.2 MiB,13019.9 MiB
8,g++-5 5.5.0,nbody_2.c 50000000,39,1695322919,2977589,nbody_2_g++-5,0:46.00,6496,1912,1740,100.0,0.0,1,4,0:46,0,12,556,0,236,0,1912,328,2,278,48,0,13.0,0.0,0.0,87.0,0.0,0.0,0.0,0.0,15794.9 MiB,4024.3 MiB,2185.2 MiB,9585.3 MiB,4096.0 MiB,3447.7 MiB,648.2 MiB,13020.1 MiB
8,g++-5 5.5.0,nbody_2.c 50000000,40,1695322920,2977589,nbody_2_g++-5,0:47.17,6496,1912,1740,100.0,0.0,1,4,0:47,0,12,556,0,236,0,1912,328,2,278,48,0,13.0,0.8,0.0,85.5,0.8,0.0,0.0,0.0,15794.9 MiB,4024.6 MiB,2184.9 MiB,9585.3 MiB,4096.0 MiB,3447.7 MiB,648.2 MiB,13020.4 MiB
8,g++-5 5.5.0,nbody_2.c 50000000,41,1695322921,2977589,nbody_2_g++-5,0:48.34,6496,1912,1740,93.8,0.0,1,4,0:48,0,12,556,0,236,0,1912,328,2,278,48,0,13.0,0.8,0.0,86.3,0.0,0.0,0.0,0.0,15794.9 MiB,4024.8 MiB,2184.7 MiB,9585.3 MiB,4096.0 MiB,3447.7 MiB,648.2 MiB,13020.6 MiB
8,g++-5 5.5.0,nbody_2.c 50000000,42,1695322922,2977589,nbody_2_g++-5,0:49.52,6496,1912,1740,100.0,0.0,1,0,0:49,0,12,556,0,236,0,1912,328,2,278,48,0,12.2,0.8,0.0,87.0,0.0,0.0,0.0,0.0,15794.9 MiB,4024.8 MiB,2184.7 MiB,9585.3 MiB,4096.0 MiB,3447.7 MiB,648.2 MiB,13020.6 MiB
8,g++-5 5.5.0,nbody_2.c 50000000,43,1695322923,2977589,nbody_2_g++-5,0:50.69,6496,1912,1740,100.0,0.0,1,0,0:50,0,12,556,0,236,0,1912,328,2,278,48,0,12.1,2.3,0.0,85.6,0.0,0.0,0.0,0.0,15794.9 MiB,4024.8 MiB,2184.7 MiB,9585.4 MiB,4096.0 MiB,3447.7 MiB,648.2 MiB,13020.6 MiB
8,g++-5 5.5.0,nbody_2.c 50000000,44,1695322925,2977589,nbody_2_g++-5,0:51.87,6496,1912,1740,100.0,0.0,1,0,0:51,0,12,556,0,236,0,1912,328,2,278,48,0,13.5,0.8,0.0,85.7,0.0,0.0,0.0,0.0,15794.9 MiB,4024.3 MiB,2185.2 MiB,9585.4 MiB,4096.0 MiB,3447.7 MiB,648.2 MiB,13020.2 MiB
8,g++-5 5.5.0,nbody_2.c 50000000,45,1695322926,2977589,nbody_2_g++-5,0:53.04,6496,1912,1740,100.0,0.0,1,4,0:53,0,12,556,0,236,0,1912,327,2,277,48,0,13.4,1.5,0.0,85.1,0.0,0.0,0.0,0.0,15794.9 MiB,4024.3 MiB,2185.2 MiB,9585.4 MiB,4096.0 MiB,3447.7 MiB,648.2 MiB,13020.2 MiB
8,g++-5 5.5.0,nbody_2.c 50000000,46,1695322927,2977589,nbody_2_g++-5,0:54.21,6496,1912,1740,100.0,0.0,1,4,0:54,0,12,556,0,236,0,1912,327,2,277,48,0,13.5,0.8,0.0,85.7,0.0,0.0,0.0,0.0,15794.9 MiB,4024.3 MiB,2185.2 MiB,9585.4 MiB,4096.0 MiB,3447.7 MiB,648.2 MiB,13020.2 MiB
8,g++-5 5.5.0,nbody_2.c 50000000,47,1695322928,2977589,nbody_2_g++-5,0:55.39,6496,1912,1740,100.0,0.0,1,0,0:55,0,12,556,0,236,0,1912,327,2,277,48,0,12.8,1.5,0.0,85.7,0.0,0.0,0.0,0.0,15794.9 MiB,4023.8 MiB,2185.7 MiB,9585.4 MiB,4096.0 MiB,3447.7 MiB,648.2 MiB,13019.7 MiB
8,g++-5 5.5.0,nbody_2.c 50000000,48,1695322929,2977589,nbody_2_g++-5,0:56.57,6496,1912,1740,100.0,0.0,1,0,0:56,0,12,556,0,236,0,1912,327,2,277,48,0,12.8,0.8,0.0,86.5,0.0,0.0,0.0,0.0,15794.9 MiB,4023.8 MiB,2185.7 MiB,9585.4 MiB,4096.0 MiB,3447.7 MiB,648.2 MiB,13019.7 MiB
8,g++-5 5.5.0,nbody_2.c 50000000,49,1695322930,2977589,nbody_2_g++-5,0:57.74,6496,1912,1740,100.0,0.0,1,0,0:57,0,12,556,0,236,0,1912,327,2,277,48,0,12.8,1.5,0.0,85.7,0.0,0.0,0.0,0.0,15794.9 MiB,4023.1 MiB,2186.4 MiB,9585.4 MiB,4096.0 MiB,3447.7 MiB,648.2 MiB,13018.9 MiB
8,g++-5 5.5.0,nbody_2.c 50000000,50,1695322932,2977589,nbody_2_g++-5,0:58.91,6496,1912,1740,93.8,0.0,1,0,0:58,0,12,556,0,236,0,1912,327,2,277,48,0,13.6,0.0,0.0,86.4,0.0,0.0,0.0,0.0,15794.9 MiB,4023.1 MiB,2186.4 MiB,9585.4 MiB,4096.0 MiB,3447.7 MiB,648.2 MiB,13018.9 MiB
8,g++-5 5.5.0,nbody_2.c 50000000,51,1695322933,2977589,nbody_2_g++-5,1:00.09,6496,1912,1740,100.0,0.0,1,0,1:00,0,12,556,0,236,0,1912,327,2,277,48,0,13.4,0.7,0.0,85.8,0.0,0.0,0.0,0.0,15794.9 MiB,4022.9 MiB,2186.6 MiB,9585.4 MiB,4096.0 MiB,3447.7 MiB,648.2 MiB,13018.7 MiB
8,g++-5 5.5.0,nbody_2.c 50000000,52,1695322934,2977589,nbody_2_g++-5,1:01.26,6496,1912,1740,100.0,0.0,1,0,1:01,0,12,556,0,236,0,1912,327,2,277,48,0,12.9,0.8,0.0,86.4,0.0,0.0,0.0,0.0,15794.9 MiB,4022.9 MiB,2186.6 MiB,9585.4 MiB,4096.0 MiB,3447.7 MiB,648.2 MiB,13018.7 MiB
8,g++-5 5.5.0,nbody_2.c 50000000,53,1695322935,2977589,nbody_2_g++-5,1:02.44,6496,1912,1740,100.0,0.0,1,0,1:02,0,12,556,0,236,0,1912,327,2,277,48,0,12.9,1.5,0.0,85.6,0.0,0.0,0.0,0.0,15794.9 MiB,4022.9 MiB,2186.6 MiB,9585.4 MiB,4096.0 MiB,3447.7 MiB,648.2 MiB,13018.7 MiB
8,g++-5 5.5.0,nbody_2.c 50000000,54,1695322936,2977589,nbody_2_g++-5,1:03.61,6496,1912,1740,100.0,0.0,1,0,1:03,0,12,556,0,236,0,1912,327,3,276,48,0,12.1,1.5,0.0,86.4,0.0,0.0,0.0,0.0,15794.9 MiB,4022.9 MiB,2186.6 MiB,9585.4 MiB,4096.0 MiB,3447.7 MiB,648.2 MiB,13018.7 MiB
8,g++-5 5.5.0,nbody_2.c 50000000,55,1695322938,2977589,nbody_2_g++-5,1:04.78,6496,1912,1740,93.8,0.0,1,0,1:04,0,12,556,0,236,0,1912,327,2,277,48,0,12.8,1.5,0.0,85.7,0.0,0.0,0.0,0.0,15794.9 MiB,4022.9 MiB,2186.6 MiB,9585.4 MiB,4096.0 MiB,3447.7 MiB,648.2 MiB,13018.7 MiB
8,g++-5 5.5.0,nbody_2.c 50000000,56,1695322939,2977589,nbody_2_g++-5,1:05.96,6496,1912,1740,100.0,0.0,1,0,1:05,0,12,556,0,236,0,1912,327,2,277,48,0,13.0,0.8,0.0,86.3,0.0,0.0,0.0,0.0,15794.9 MiB,4022.6 MiB,2186.9 MiB,9585.4 MiB,4096.0 MiB,3447.7 MiB,648.2 MiB,13018.4 MiB
8,g++-5 5.5.0,nbody_2.c 50000000,57,1695322940,2977589,nbody_2_g++-5,1:07.14,6496,1912,1740,100.0,0.0,1,0,1:07,0,12,556,0,236,0,1912,327,2,277,48,0,12.9,0.8,0.0,86.4,0.0,0.0,0.0,0.0,15794.9 MiB,4022.4 MiB,2187.1 MiB,9585.4 MiB,4096.0 MiB,3447.7 MiB,648.2 MiB,13018.2 MiB
8,g++-5 5.5.0,nbody_2.c 50000000,58,1695322941,2977589,nbody_2_g++-5,1:08.31,6496,1912,1740,100.0,0.0,1,0,1:08,0,12,556,0,236,0,1912,327,2,277,48,0,12.9,0.8,0.0,86.4,0.0,0.0,0.0,0.0,15794.9 MiB,4022.4 MiB,2187.1 MiB,9585.4 MiB,4096.0 MiB,3447.7 MiB,648.2 MiB,13018.2 MiB
8,g++-5 5.5.0,nbody_2.c 50000000,59,1695322942,2977589,nbody_2_g++-5,1:09.48,6496,1912,1740,93.8,0.0,1,0,1:09,0,12,556,0,236,0,1912,327,2,277,48,0,12.0,1.5,0.0,85.7,0.0,0.0,0.8,0.0,15794.9 MiB,4022.6 MiB,2186.9 MiB,9585.4 MiB,4096.0 MiB,3447.7 MiB,648.2 MiB,13018.4 MiB
8,g++-5 5.5.0,nbody_2.c 50000000,60,1695322943,2977589,nbody_2_g++-5,1:10.66,6496,1912,1740,100.0,0.0,1,0,1:10,0,12,556,0,236,0,1912,327,2,277,48,0,13.5,0.8,0.0,85.7,0.0,0.0,0.0,0.0,15794.9 MiB,4022.6 MiB,2186.9 MiB,9585.4 MiB,4096.0 MiB,3447.7 MiB,648.2 MiB,13018.5 MiB
8,g++-5 5.5.0,nbody_2.c 50000000,61,1695322945,2977589,nbody_2_g++-5,1:11.83,6496,1912,1740,93.8,0.0,1,0,1:11,0,12,556,0,236,0,1912,327,2,277,48,0,12.8,1.5,0.0,85.7,0.0,0.0,0.0,0.0,15794.9 MiB,4022.6 MiB,2186.9 MiB,9585.4 MiB,4096.0 MiB,3447.7 MiB,648.2 MiB,13018.5 MiB
8,g++-5 5.5.0,nbody_2.c 50000000,62,1695322946,2977589,nbody_2_g++-5,1:13.01,6496,1912,1740,100.0,0.0,1,0,1:13,0,12,556,0,236,0,1912,327,2,277,48,0,12.8,1.5,0.0,85.7,0.0,0.0,0.0,0.0,15794.9 MiB,4022.4 MiB,2187.1 MiB,9585.4 MiB,4096.0 MiB,3447.7 MiB,648.2 MiB,13018.2 MiB
8,g++-5 5.5.0,nbody_2.c 50000000,63,1695322947,2977589,nbody_2_g++-5,1:14.18,6496,1912,1740,100.0,0.0,1,0,1:14,0,12,556,0,236,0,1912,327,2,277,48,0,13.3,1.5,0.0,85.2,0.0,0.0,0.0,0.0,15794.9 MiB,4022.4 MiB,2187.1 MiB,9585.4 MiB,4096.0 MiB,3447.7 MiB,648.2 MiB,13018.2 MiB
8,g++-5 5.5.0,nbody_2.c 50000000,64,1695322948,2977589,nbody_2_g++-5,1:15.36,6496,1912,1740,100.0,0.0,1,0,1:15,0,12,556,0,236,0,1912,327,2,277,48,0,12.8,1.5,0.0,85.7,0.0,0.0,0.0,0.0,15794.9 MiB,4022.4 MiB,2187.1 MiB,9585.4 MiB,4096.0 MiB,3447.7 MiB,648.2 MiB,13018.2 MiB
8,g++-5 5.5.0,nbody_2.c 50000000,65,1695322949,2977589,nbody_2_g++-5,1:16.53,6496,1912,1740,93.8,0.0,1,0,1:16,0,12,556,0,236,0,1912,327,2,277,48,0,12.1,1.5,0.0,86.4,0.0,0.0,0.0,0.0,15794.9 MiB,4022.4 MiB,2187.1 MiB,9585.4 MiB,4096.0 MiB,3447.7 MiB,648.2 MiB,13018.2 MiB
8,g++-5 5.5.0,nbody_2.c 50000000,66,1695322950,2977589,nbody_2_g++-5,1:17.71,6496,1912,1740,100.0,0.0,1,0,1:17,0,12,556,0,236,0,1912,327,2,277,48,0,13.4,1.5,0.0,85.1,0.0,0.0,0.0,0.0,15794.9 MiB,4022.4 MiB,2187.1 MiB,9585.4 MiB,4096.0 MiB,3447.7 MiB,648.2 MiB,13018.2 MiB
8,g++-5 5.5.0,nbody_2.c 50000000,67,1695322952,2977589,nbody_2_g++-5,1:18.88,6496,1912,1740,100.0,0.0,1,0,1:18,0,12,556,0,236,0,1912,327,2,277,48,0,13.5,0.0,0.0,86.5,0.0,0.0,0.0,0.0,15794.9 MiB,4022.1 MiB,2187.3 MiB,9585.4 MiB,4096.0 MiB,3447.7 MiB,648.2 MiB,13018.0 MiB
8,g++-5 5.5.0,nbody_2.c 50000000,68,1695322953,2977589,nbody_2_g++-5,1:20.06,6496,1912,1740,100.0,0.0,1,0,1:20,0,12,556,0,236,0,1912,327,2,277,48,0,12.1,1.5,0.0,86.4,0.0,0.0,0.0,0.0,15794.9 MiB,4022.1 MiB,2187.3 MiB,9585.4 MiB,4096.0 MiB,3447.7 MiB,648.2 MiB,13018.0 MiB
8,g++-5 5.5.0,nbody_2.c 50000000,69,1695322954,2977589,nbody_2_g++-5,1:21.23,6496,1912,1740,100.0,0.0,1,0,1:21,0,12,556,0,236,0,1912,327,2,277,48,0,13.5,1.5,0.0,85.0,0.0,0.0,0.0,0.0,15794.9 MiB,4022.1 MiB,2187.3 MiB,9585.4 MiB,4096.0 MiB,3447.7 MiB,648.2 MiB,13018.0 MiB
8,g++-5 5.5.0,nbody_2.c 50000000,70,1695322955,2977589,nbody_2_g++-5,1:22.41,6496,1912,1740,100.0,0.0,1,0,1:22,0,12,556,0,236,0,1912,327,2,277,48,0,12.8,0.8,0.0,86.5,0.0,0.0,0.0,0.0,15794.9 MiB,4021.9 MiB,2187.6 MiB,9585.4 MiB,4096.0 MiB,3447.7 MiB,648.2 MiB,13017.8 MiB
8,g++-5 5.5.0,nbody_2.c 50000000,71,1695322956,2977589,nbody_2_g++-5,1:23.58,6496,1912,1740,100.0,0.0,1,0,1:23,0,12,556,0,236,0,1912,327,2,277,48,0,13.5,0.8,0.0,85.7,0.0,0.0,0.0,0.0,15794.9 MiB,4021.9 MiB,2187.6 MiB,9585.4 MiB,4096.0 MiB,3447.7 MiB,648.2 MiB,13017.8 MiB
8,g++-5 5.5.0,nbody_2.c 50000000,72,1695322957,2977589,nbody_2_g++-5,1:24.76,6496,1912,1740,100.0,0.0,1,0,1:24,0,12,556,0,236,0,1912,327,2,277,48,0,12.2,0.8,0.0,87.0,0.0,0.0,0.0,0.0,15794.9 MiB,4021.6 MiB,2187.8 MiB,9585.4 MiB,4096.0 MiB,3447.7 MiB,648.2 MiB,13017.5 MiB
9,g++-5 5.5.0,nbody_2.c 50000000,0,1695322959,2978041,nbody_2_g++-5,0:00.16,6496,1956,1780,100.0,0.0,1,1,0:00,0,12,556,0,232,0,1956,327,2,277,48,0,13.6,0.8,0.0,85.6,0.0,0.0,0.0,0.0,15794.9 MiB,4015.5 MiB,2187.4 MiB,9592.0 MiB,4096.0 MiB,3447.7 MiB,648.2 MiB,13011.4 MiB
9,g++-5 5.5.0,nbody_2.c 50000000,1,1695322960,2978041,nbody_2_g++-5,0:01.33,6496,1956,1780,93.8,0.0,1,5,0:01,0,12,556,0,232,0,1956,327,2,277,48,0,12.9,0.8,0.0,85.6,0.8,0.0,0.0,0.0,15794.9 MiB,4014.5 MiB,2187.9 MiB,9592.4 MiB,4096.0 MiB,3447.7 MiB,648.2 MiB,13010.4 MiB
9,g++-5 5.5.0,nbody_2.c 50000000,2,1695322961,2978041,nbody_2_g++-5,0:02.51,6496,1956,1780,100.0,0.0,1,5,0:02,0,12,556,0,232,0,1956,327,2,277,48,0,13.0,0.0,0.0,87.0,0.0,0.0,0.0,0.0,15794.9 MiB,4013.8 MiB,2195.7 MiB,9585.4 MiB,4096.0 MiB,3447.7 MiB,648.2 MiB,13009.6 MiB
9,g++-5 5.5.0,nbody_2.c 50000000,3,1695322962,2978041,nbody_2_g++-5,0:03.68,6496,1956,1780,100.0,0.0,1,5,0:03,0,12,556,0,232,0,1956,327,2,277,48,0,13.1,0.0,0.0,86.9,0.0,0.0,0.0,0.0,15794.9 MiB,4014.3 MiB,2195.2 MiB,9585.4 MiB,4096.0 MiB,3447.7 MiB,648.2 MiB,13010.1 MiB
9,g++-5 5.5.0,nbody_2.c 50000000,4,1695322963,2978041,nbody_2_g++-5,0:04.86,6496,1956,1780,100.0,0.0,1,5,0:04,0,12,556,0,232,0,1956,328,2,278,48,0,12.8,0.8,0.0,86.5,0.0,0.0,0.0,0.0,15794.9 MiB,4015.0 MiB,2194.4 MiB,9585.4 MiB,4096.0 MiB,3447.7 MiB,648.2 MiB,13010.9 MiB
9,g++-5 5.5.0,nbody_2.c 50000000,5,1695322965,2978041,nbody_2_g++-5,0:06.03,6496,1956,1780,100.0,0.0,1,3,0:06,0,12,556,0,232,0,1956,328,2,278,48,0,13.0,0.8,0.0,86.3,0.0,0.0,0.0,0.0,15794.9 MiB,4015.7 MiB,2193.7 MiB,9585.4 MiB,4096.0 MiB,3447.7 MiB,648.2 MiB,13011.6 MiB
9,g++-5 5.5.0,nbody_2.c 50000000,6,1695322966,2978041,nbody_2_g++-5,0:07.20,6496,1956,1780,100.0,0.0,1,7,0:07,0,12,556,0,232,0,1956,327,2,277,48,0,12.9,0.8,0.0,86.4,0.0,0.0,0.0,0.0,15794.9 MiB,4015.7 MiB,2193.7 MiB,9585.4 MiB,4096.0 MiB,3447.7 MiB,648.2 MiB,13011.6 MiB
9,g++-5 5.5.0,nbody_2.c 50000000,7,1695322967,2978041,nbody_2_g++-5,0:08.38,6496,1956,1780,100.0,0.0,1,7,0:08,0,12,556,0,232,0,1956,327,2,277,48,0,12.1,0.8,0.0,87.1,0.0,0.0,0.0,0.0,15794.9 MiB,4015.5 MiB,2194.0 MiB,9585.4 MiB,4096.0 MiB,3447.7 MiB,648.2 MiB,13011.4 MiB
9,g++-5 5.5.0,nbody_2.c 50000000,8,1695322968,2978041,nbody_2_g++-5,0:09.56,6496,1956,1780,100.0,0.0,1,7,0:09,0,12,556,0,232,0,1956,327,2,277,48,0,12.9,0.8,0.0,86.4,0.0,0.0,0.0,0.0,15794.9 MiB,4015.5 MiB,2194.0 MiB,9585.4 MiB,4096.0 MiB,3447.7 MiB,648.2 MiB,13011.4 MiB
9,g++-5 5.5.0,nbody_2.c 50000000,9,1695322969,2978041,nbody_2_g++-5,0:10.73,6496,1956,1780,100.0,0.0,1,3,0:10,0,12,556,0,232,0,1956,327,2,277,48,0,12.9,1.5,0.0,85.6,0.0,0.0,0.0,0.0,15794.9 MiB,4015.7 MiB,2193.7 MiB,9585.4 MiB,4096.0 MiB,3447.7 MiB,648.2 MiB,13011.6 MiB
9,g++-5 5.5.0,nbody_2.c 50000000,10,1695322970,2978041,nbody_2_g++-5,0:11.90,6496,1956,1780,93.8,0.0,1,3,0:11,0,12,556,0,232,0,1956,327,2,277,48,0,12.2,0.8,0.0,87.0,0.0,0.0,0.0,0.0,15794.9 MiB,4016.2 MiB,2193.2 MiB,9585.4 MiB,4096.0 MiB,3447.7 MiB,648.2 MiB,13012.1 MiB
9,g++-5 5.5.0,nbody_2.c 50000000,11,1695322972,2978041,nbody_2_g++-5,0:13.08,6496,1956,1780,100.0,0.0,1,7,0:13,0,12,556,0,232,0,1956,327,2,277,48,0,12.8,0.8,0.0,86.5,0.0,0.0,0.0,0.0,15794.9 MiB,4016.2 MiB,2193.2 MiB,9585.4 MiB,4096.0 MiB,3447.7 MiB,648.2 MiB,13012.1 MiB
9,g++-5 5.5.0,nbody_2.c 50000000,12,1695322973,2978041,nbody_2_g++-5,0:14.25,6496,1956,1780,100.0,0.0,1,7,0:14,0,12,556,0,232,0,1956,327,2,277,48,0,13.0,0.8,0.0,86.3,0.0,0.0,0.0,0.0,15794.9 MiB,4016.2 MiB,2193.2 MiB,9585.4 MiB,4096.0 MiB,3447.7 MiB,648.2 MiB,13012.1 MiB
9,g++-5 5.5.0,nbody_2.c 50000000,13,1695322974,2978041,nbody_2_g++-5,0:15.43,6496,1956,1780,100.0,0.0,1,7,0:15,0,12,556,0,232,0,1956,327,2,277,48,0,14.3,0.0,0.0,85.7,0.0,0.0,0.0,0.0,15794.9 MiB,4015.7 MiB,2193.6 MiB,9585.5 MiB,4096.0 MiB,3447.7 MiB,648.2 MiB,13011.6 MiB
9,g++-5 5.5.0,nbody_2.c 50000000,14,1695322975,2978041,nbody_2_g++-5,0:16.60,6496,1956,1780,100.0,0.0,1,7,0:16,0,12,556,0,232,0,1956,327,2,277,48,0,12.8,2.3,0.0,85.0,0.0,0.0,0.0,0.0,15794.9 MiB,4015.7 MiB,2193.6 MiB,9585.5 MiB,4096.0 MiB,3447.7 MiB,648.2 MiB,13011.6 MiB
9,g++-5 5.5.0,nbody_2.c 50000000,15,1695322976,2978041,nbody_2_g++-5,0:17.77,6496,1956,1780,100.0,0.0,1,7,0:17,0,12,556,0,232,0,1956,327,2,277,48,0,12.3,0.8,0.0,86.9,0.0,0.0,0.0,0.0,15794.9 MiB,4015.7 MiB,2193.6 MiB,9585.5 MiB,4096.0 MiB,3447.7 MiB,648.2 MiB,13011.6 MiB
9,g++-5 5.5.0,nbody_2.c 50000000,16,1695322977,2978041,nbody_2_g++-5,0:18.95,6496,1956,1780,100.0,0.0,1,7,0:18,0,12,556,0,232,0,1956,327,2,277,48,0,12.8,1.5,0.0,85.7,0.0,0.0,0.0,0.0,15794.9 MiB,4015.7 MiB,2193.6 MiB,9585.5 MiB,4096.0 MiB,3447.7 MiB,648.2 MiB,13011.6 MiB
9,g++-5 5.5.0,nbody_2.c 50000000,17,1695322979,2978041,nbody_2_g++-5,0:20.12,6496,1956,1780,93.8,0.0,1,7,0:20,0,12,556,0,232,0,1956,327,2,277,48,0,12.9,0.8,0.0,86.4,0.0,0.0,0.0,0.0,15794.9 MiB,4015.0 MiB,2194.4 MiB,9585.5 MiB,4096.0 MiB,3447.7 MiB,648.2 MiB,13010.9 MiB
9,g++-5 5.5.0,nbody_2.c 50000000,18,1695322980,2978041,nbody_2_g++-5,0:21.30,6496,1956,1780,100.0,0.0,1,7,0:21,0,12,556,0,232,0,1956,327,2,277,48,0,14.3,0.8,0.0,85.0,0.0,0.0,0.0,0.0,15794.9 MiB,4015.0 MiB,2194.4 MiB,9585.5 MiB,4096.0 MiB,3447.7 MiB,648.2 MiB,13010.9 MiB
9,g++-5 5.5.0,nbody_2.c 50000000,19,1695322981,2978041,nbody_2_g++-5,0:22.47,6496,1956,1780,100.0,0.0,1,3,0:22,0,12,556,0,232,0,1956,327,2,277,48,0,12.8,1.5,0.0,85.7,0.0,0.0,0.0,0.0,15794.9 MiB,4015.0 MiB,2194.4 MiB,9585.5 MiB,4096.0 MiB,3447.7 MiB,648.2 MiB,13010.9 MiB
9,g++-5 5.5.0,nbody_2.c 50000000,20,1695322982,2978041,nbody_2_g++-5,0:23.65,6496,1956,1780,100.0,0.0,1,7,0:23,0,12,556,0,232,0,1956,327,2,277,48,0,13.0,1.5,0.0,85.5,0.0,0.0,0.0,0.0,15794.9 MiB,4014.8 MiB,2194.7 MiB,9585.4 MiB,4096.0 MiB,3447.7 MiB,648.2 MiB,13010.7 MiB
9,g++-5 5.5.0,nbody_2.c 50000000,21,1695322983,2978041,nbody_2_g++-5,0:24.82,6496,1956,1780,100.0,0.0,1,7,0:24,0,12,556,0,232,0,1956,327,2,277,48,0,12.9,0.8,0.0,86.4,0.0,0.0,0.0,0.0,15794.9 MiB,4014.0 MiB,2195.4 MiB,9585.4 MiB,4096.0 MiB,3447.7 MiB,648.2 MiB,13009.9 MiB
9,g++-5 5.5.0,nbody_2.c 50000000,22,1695322984,2978041,nbody_2_g++-5,0:25.99,6496,1956,1780,100.0,0.0,1,7,0:25,0,12,556,0,232,0,1956,327,2,277,48,0,13.0,0.8,0.0,86.3,0.0,0.0,0.0,0.0,15794.9 MiB,4014.5 MiB,2194.9 MiB,9585.4 MiB,4096.0 MiB,3447.7 MiB,648.2 MiB,13010.4 MiB
9,g++-5 5.5.0,nbody_2.c 50000000,23,1695322986,2978041,nbody_2_g++-5,0:27.17,6496,1956,1780,100.0,0.0,1,7,0:27,0,12,556,0,232,0,1956,327,2,277,48,0,13.5,0.8,0.0,85.7,0.0,0.0,0.0,0.0,15794.9 MiB,4015.3 MiB,2194.2 MiB,9585.4 MiB,4096.0 MiB,3447.7 MiB,648.2 MiB,13011.2 MiB
9,g++-5 5.5.0,nbody_2.c 50000000,24,1695322987,2978041,nbody_2_g++-5,0:28.34,6496,1956,1780,100.0,0.0,1,7,0:28,0,12,556,0,232,0,1956,327,2,277,48,0,13.6,0.8,0.0,85.6,0.0,0.0,0.0,0.0,15794.9 MiB,4015.5 MiB,2193.9 MiB,9585.4 MiB,4096.0 MiB,3447.7 MiB,648.2 MiB,13011.4 MiB
9,g++-5 5.5.0,nbody_2.c 50000000,25,1695322988,2978041,nbody_2_g++-5,0:29.51,6496,1956,1780,100.0,0.0,1,7,0:29,0,12,556,0,232,0,1956,327,2,277,48,0,12.2,1.5,0.0,86.3,0.0,0.0,0.0,0.0,15794.9 MiB,4015.5 MiB,2193.9 MiB,9585.4 MiB,4096.0 MiB,3447.7 MiB,648.2 MiB,13011.4 MiB
9,g++-5 5.5.0,nbody_2.c 50000000,26,1695322989,2978041,nbody_2_g++-5,0:30.69,6496,1956,1780,100.0,0.0,1,7,0:30,0,12,556,0,232,0,1956,327,2,277,48,0,13.6,0.0,0.0,86.4,0.0,0.0,0.0,0.0,15794.9 MiB,4014.0 MiB,2195.4 MiB,9585.4 MiB,4096.0 MiB,3447.7 MiB,648.2 MiB,13009.9 MiB
9,g++-5 5.5.0,nbody_2.c 50000000,27,1695322990,2978041,nbody_2_g++-5,0:31.86,6496,1956,1780,100.0,0.0,1,7,0:31,0,12,556,0,232,0,1956,327,2,277,48,0,13.5,1.5,0.0,85.0,0.0,0.0,0.0,0.0,15794.9 MiB,4013.8 MiB,2195.6 MiB,9585.4 MiB,4096.0 MiB,3447.7 MiB,648.2 MiB,13009.7 MiB
9,g++-5 5.5.0,nbody_2.c 50000000,28,1695322992,2978041,nbody_2_g++-5,0:33.03,6496,1956,1780,100.0,0.0,1,7,0:33,0,12,556,0,232,0,1956,327,2,277,48,0,13.0,0.8,0.0,86.3,0.0,0.0,0.0,0.0,15794.9 MiB,4014.0 MiB,2195.4 MiB,9585.4 MiB,4096.0 MiB,3447.7 MiB,648.2 MiB,13009.9 MiB
9,g++-5 5.5.0,nbody_2.c 50000000,29,1695322993,2978041,nbody_2_g++-5,0:34.21,6496,1956,1780,100.0,0.0,1,7,0:34,0,12,556,0,232,0,1956,327,2,277,48,0,13.0,0.0,0.0,87.0,0.0,0.0,0.0,0.0,15794.9 MiB,4015.3 MiB,2194.2 MiB,9585.4 MiB,4096.0 MiB,3447.7 MiB,648.2 MiB,13011.2 MiB
9,g++-5 5.5.0,nbody_2.c 50000000,30,1695322994,2978041,nbody_2_g++-5,0:35.38,6496,1956,1780,100.0,0.0,1,7,0:35,0,12,556,0,232,0,1956,327,2,277,48,0,13.1,0.8,0.0,86.2,0.0,0.0,0.0,0.0,15794.9 MiB,4015.5 MiB,2193.9 MiB,9585.4 MiB,4096.0 MiB,3447.7 MiB,648.2 MiB,13011.4 MiB
9,g++-5 5.5.0,nbody_2.c 50000000,31,1695322995,2978041,nbody_2_g++-5,0:36.55,6496,1956,1780,100.0,0.0,1,7,0:36,0,12,556,0,232,0,1956,327,2,277,48,0,13.0,0.8,0.0,86.3,0.0,0.0,0.0,0.0,15794.9 MiB,4016.2 MiB,2193.2 MiB,9585.4 MiB,4096.0 MiB,3447.7 MiB,648.2 MiB,13012.2 MiB
9,g++-5 5.5.0,nbody_2.c 50000000,32,1695322996,2978041,nbody_2_g++-5,0:37.73,6496,1956,1780,100.0,0.0,1,7,0:37,0,12,556,0,232,0,1956,327,3,276,48,0,13.4,0.7,0.0,85.8,0.0,0.0,0.0,0.0,15794.9 MiB,4016.2 MiB,2193.2 MiB,9585.4 MiB,4096.0 MiB,3447.7 MiB,648.2 MiB,13012.2 MiB
9,g++-5 5.5.0,nbody_2.c 50000000,33,1695322997,2978041,nbody_2_g++-5,0:38.90,6496,1956,1780,100.0,0.0,1,7,0:38,0,12,556,0,232,0,1956,327,2,277,48,0,12.9,1.5,0.0,85.6,0.0,0.0,0.0,0.0,15794.9 MiB,4016.2 MiB,2193.2 MiB,9585.4 MiB,4096.0 MiB,3447.7 MiB,648.2 MiB,13012.2 MiB
9,g++-5 5.5.0,nbody_2.c 50000000,34,1695322999,2978041,nbody_2_g++-5,0:40.07,6496,1956,1780,93.8,0.0,1,7,0:40,0,12,556,0,232,0,1956,327,2,277,48,0,12.8,1.5,0.0,85.7,0.0,0.0,0.0,0.0,15794.9 MiB,4015.8 MiB,2193.7 MiB,9585.4 MiB,4096.0 MiB,3447.7 MiB,648.2 MiB,13011.7 MiB
9,g++-5 5.5.0,nbody_2.c 50000000,35,1695323000,2978041,nbody_2_g++-5,0:41.25,6496,1956,1780,100.0,0.0,1,7,0:41,0,12,556,0,232,0,1956,327,2,277,48,0,12.9,0.8,0.0,86.4,0.0,0.0,0.0,0.0,15794.9 MiB,4016.0 MiB,2193.4 MiB,9585.4 MiB,4096.0 MiB,3447.7 MiB,648.2 MiB,13011.9 MiB
9,g++-5 5.5.0,nbody_2.c 50000000,36,1695323001,2978041,nbody_2_g++-5,0:42.42,6496,1956,1780,100.0,0.0,1,7,0:42,0,12,556,0,232,0,1956,327,2,277,48,0,13.8,0.0,0.0,86.2,0.0,0.0,0.0,0.0,15794.9 MiB,4015.8 MiB,2193.7 MiB,9585.5 MiB,4096.0 MiB,3447.7 MiB,648.2 MiB,13011.7 MiB
9,g++-5 5.5.0,nbody_2.c 50000000,37,1695323002,2978041,nbody_2_g++-5,0:43.60,6496,1956,1780,100.0,0.0,1,7,0:43,0,12,556,0,232,0,1956,327,2,277,48,0,13.6,0.8,0.0,85.6,0.0,0.0,0.0,0.0,15794.9 MiB,4015.8 MiB,2193.7 MiB,9585.5 MiB,4096.0 MiB,3447.7 MiB,648.2 MiB,13011.7 MiB
9,g++-5 5.5.0,nbody_2.c 50000000,38,1695323003,2978041,nbody_2_g++-5,0:44.77,6496,1956,1780,100.0,0.0,1,7,0:44,0,12,556,0,232,0,1956,327,2,277,48,0,12.3,0.8,0.0,86.9,0.0,0.0,0.0,0.0,15794.9 MiB,4015.3 MiB,2194.2 MiB,9585.5 MiB,4096.0 MiB,3447.7 MiB,648.2 MiB,13011.2 MiB
9,g++-5 5.5.0,nbody_2.c 50000000,39,1695323004,2978041,nbody_2_g++-5,0:45.94,6496,1956,1780,100.0,0.0,1,7,0:45,0,12,556,0,232,0,1956,327,2,277,48,0,13.7,0.8,0.0,85.5,0.0,0.0,0.0,0.0,15794.9 MiB,4015.0 MiB,2194.4 MiB,9585.5 MiB,4096.0 MiB,3447.7 MiB,648.2 MiB,13010.9 MiB
9,g++-5 5.5.0,nbody_2.c 50000000,40,1695323006,2978041,nbody_2_g++-5,0:47.12,6496,1956,1780,100.0,0.0,1,7,0:47,0,12,556,0,232,0,1956,327,2,277,48,0,13.5,0.8,0.0,85.7,0.0,0.0,0.0,0.0,15794.9 MiB,4013.8 MiB,2195.6 MiB,9585.5 MiB,4096.0 MiB,3447.7 MiB,648.2 MiB,13009.7 MiB
9,g++-5 5.5.0,nbody_2.c 50000000,41,1695323007,2978041,nbody_2_g++-5,0:48.29,6496,1956,1780,100.0,0.0,1,7,0:48,0,12,556,0,232,0,1956,327,2,277,48,0,13.4,0.7,0.0,85.8,0.0,0.0,0.0,0.0,15794.9 MiB,4013.8 MiB,2195.6 MiB,9585.5 MiB,4096.0 MiB,3447.7 MiB,648.2 MiB,13009.7 MiB
9,g++-5 5.5.0,nbody_2.c 50000000,42,1695323008,2978041,nbody_2_g++-5,0:49.47,6496,1956,1780,100.0,0.0,1,3,0:49,0,12,556,0,232,0,1956,327,2,277,48,0,12.8,0.8,0.0,86.5,0.0,0.0,0.0,0.0,15794.9 MiB,4014.0 MiB,2195.4 MiB,9585.5 MiB,4096.0 MiB,3447.7 MiB,648.2 MiB,13010.0 MiB
9,g++-5 5.5.0,nbody_2.c 50000000,43,1695323009,2978041,nbody_2_g++-5,0:50.65,6496,1956,1780,100.0,0.0,1,3,0:50,0,12,556,0,232,0,1956,327,2,277,48,0,13.5,0.8,0.0,85.7,0.0,0.0,0.0,0.0,15794.9 MiB,4013.5 MiB,2195.9 MiB,9585.5 MiB,4096.0 MiB,3447.7 MiB,648.2 MiB,13009.5 MiB
9,g++-5 5.5.0,nbody_2.c 50000000,44,1695323010,2978041,nbody_2_g++-5,0:51.82,6496,1956,1780,100.0,0.0,1,3,0:51,0,12,556,0,232,0,1956,327,2,277,48,0,13.0,0.0,0.0,87.0,0.0,0.0,0.0,0.0,15794.9 MiB,4013.1 MiB,2196.3 MiB,9585.5 MiB,4096.0 MiB,3447.7 MiB,648.2 MiB,13009.0 MiB
9,g++-5 5.5.0,nbody_2.c 50000000,45,1695323011,2978041,nbody_2_g++-5,0:52.99,6496,1956,1780,100.0,0.0,1,3,0:52,0,12,556,0,232,0,1956,327,2,277,48,0,12.8,1.5,0.0,85.7,0.0,0.0,0.0,0.0,15794.9 MiB,4013.1 MiB,2196.3 MiB,9585.5 MiB,4096.0 MiB,3447.7 MiB,648.2 MiB,13009.0 MiB
9,g++-5 5.5.0,nbody_2.c 50000000,46,1695323013,2978041,nbody_2_g++-5,0:54.17,6496,1956,1780,100.0,0.0,1,3,0:54,0,12,556,0,232,0,1956,327,2,277,48,0,13.5,0.8,0.0,85.7,0.0,0.0,0.0,0.0,15794.9 MiB,4012.3 MiB,2197.1 MiB,9585.5 MiB,4096.0 MiB,3447.7 MiB,648.2 MiB,13008.3 MiB
9,g++-5 5.5.0,nbody_2.c 50000000,47,1695323014,2978041,nbody_2_g++-5,0:55.34,6496,1956,1780,100.0,0.0,1,3,0:55,0,12,556,0,232,0,1956,327,2,277,48,0,12.2,0.8,0.0,87.0,0.0,0.0,0.0,0.0,15794.9 MiB,4012.1 MiB,2197.3 MiB,9585.5 MiB,4096.0 MiB,3447.7 MiB,648.2 MiB,13008.0 MiB
9,g++-5 5.5.0,nbody_2.c 50000000,48,1695323015,2978041,nbody_2_g++-5,0:56.52,6496,1956,1780,100.0,0.0,1,3,0:56,0,12,556,0,232,0,1956,327,2,277,48,0,12.9,0.8,0.0,86.4,0.0,0.0,0.0,0.0,15794.9 MiB,4012.1 MiB,2197.3 MiB,9585.5 MiB,4096.0 MiB,3447.7 MiB,648.2 MiB,13008.0 MiB
9,g++-5 5.5.0,nbody_2.c 50000000,49,1695323016,2978041,nbody_2_g++-5,0:57.69,6496,1956,1780,100.0,0.0,1,3,0:57,0,12,556,0,232,0,1956,327,2,277,48,0,12.1,0.8,0.0,87.1,0.0,0.0,0.0,0.0,15794.9 MiB,4012.1 MiB,2197.3 MiB,9585.5 MiB,4096.0 MiB,3447.7 MiB,648.2 MiB,13008.0 MiB
9,g++-5 5.5.0,nbody_2.c 50000000,50,1695323017,2978041,nbody_2_g++-5,0:58.87,6496,1956,1780,100.0,0.0,1,3,0:58,0,12,556,0,232,0,1956,327,2,277,48,0,13.4,0.7,0.0,85.8,0.0,0.0,0.0,0.0,15794.9 MiB,4013.8 MiB,2195.6 MiB,9585.5 MiB,4096.0 MiB,3447.7 MiB,648.2 MiB,13009.7 MiB
9,g++-5 5.5.0,nbody_2.c 50000000,51,1695323019,2978041,nbody_2_g++-5,1:00.04,6496,1956,1780,100.0,0.0,1,7,1:00,0,12,556,0,232,0,1956,327,2,277,48,0,13.4,0.7,0.0,85.8,0.0,0.0,0.0,0.0,15794.9 MiB,4013.3 MiB,2196.1 MiB,9585.5 MiB,4096.0 MiB,3447.7 MiB,648.2 MiB,13009.2 MiB
9,g++-5 5.5.0,nbody_2.c 50000000,52,1695323020,2978041,nbody_2_g++-5,1:01.22,6496,1956,1780,100.0,0.0,1,7,1:01,0,12,556,0,232,0,1956,327,2,277,48,0,12.9,0.8,0.0,86.4,0.0,0.0,0.0,0.0,15794.9 MiB,4013.6 MiB,2195.8 MiB,9585.5 MiB,4096.0 MiB,3447.7 MiB,648.2 MiB,13009.5 MiB
9,g++-5 5.5.0,nbody_2.c 50000000,53,1695323021,2978041,nbody_2_g++-5,1:02.39,6496,1956,1780,100.0,0.0,1,3,1:02,0,12,556,0,232,0,1956,327,2,277,48,0,13.4,0.7,0.0,85.8,0.0,0.0,0.0,0.0,15794.9 MiB,4013.3 MiB,2196.1 MiB,9585.5 MiB,4096.0 MiB,3447.7 MiB,648.2 MiB,13009.2 MiB
9,g++-5 5.5.0,nbody_2.c 50000000,54,1695323022,2978041,nbody_2_g++-5,1:03.56,6496,1956,1780,93.8,0.0,1,7,1:03,0,12,556,0,232,0,1956,327,2,277,48,0,12.9,0.8,0.0,86.4,0.0,0.0,0.0,0.0,15794.9 MiB,4013.3 MiB,2196.1 MiB,9585.5 MiB,4096.0 MiB,3447.7 MiB,648.2 MiB,13009.2 MiB
9,g++-5 5.5.0,nbody_2.c 50000000,55,1695323023,2978041,nbody_2_g++-5,1:04.74,6496,1956,1780,100.0,0.0,1,7,1:04,0,12,556,0,232,0,1956,327,2,277,48,0,13.5,0.8,0.0,85.7,0.0,0.0,0.0,0.0,15794.9 MiB,4014.0 MiB,2195.3 MiB,9585.5 MiB,4096.0 MiB,3447.7 MiB,648.2 MiB,13010.0 MiB
9,g++-5 5.5.0,nbody_2.c 50000000,56,1695323024,2978041,nbody_2_g++-5,1:05.91,6496,1956,1780,93.8,0.0,1,3,1:05,0,12,556,0,232,0,1956,327,2,277,48,0,12.8,0.8,0.0,86.5,0.0,0.0,0.0,0.0,15794.9 MiB,4014.3 MiB,2195.1 MiB,9585.5 MiB,4096.0 MiB,3447.7 MiB,648.2 MiB,13010.2 MiB
9,g++-5 5.5.0,nbody_2.c 50000000,57,1695323026,2978041,nbody_2_g++-5,1:07.09,6496,1956,1780,100.0,0.0,1,3,1:07,0,12,556,0,232,0,1956,327,2,277,48,0,12.9,0.8,0.0,86.4,0.0,0.0,0.0,0.0,15794.9 MiB,4014.5 MiB,2194.9 MiB,9585.5 MiB,4096.0 MiB,3447.7 MiB,648.2 MiB,13010.5 MiB
9,g++-5 5.5.0,nbody_2.c 50000000,58,1695323027,2978041,nbody_2_g++-5,1:08.26,6496,1956,1780,100.0,0.0,1,3,1:08,0,12,556,0,232,0,1956,327,2,277,48,0,13.5,0.8,0.0,85.7,0.0,0.0,0.0,0.0,15794.9 MiB,4015.3 MiB,2194.1 MiB,9585.5 MiB,4096.0 MiB,3447.7 MiB,648.2 MiB,13011.2 MiB
9,g++-5 5.5.0,nbody_2.c 50000000,59,1695323028,2978041,nbody_2_g++-5,1:09.44,6496,1956,1780,100.0,0.0,1,3,1:09,0,12,556,0,232,0,1956,327,2,277,48,0,13.5,0.8,0.0,85.7,0.0,0.0,0.0,0.0,15794.9 MiB,4015.0 MiB,2194.4 MiB,9585.5 MiB,4096.0 MiB,3447.7 MiB,648.2 MiB,13011.0 MiB
9,g++-5 5.5.0,nbody_2.c 50000000,60,1695323029,2978041,nbody_2_g++-5,1:10.62,6496,1956,1780,100.0,0.0,1,3,1:10,0,12,556,0,232,0,1956,327,2,277,48,0,12.8,0.8,0.0,85.7,0.8,0.0,0.0,0.0,15794.9 MiB,4015.0 MiB,2194.4 MiB,9585.5 MiB,4096.0 MiB,3447.7 MiB,648.2 MiB,13011.0 MiB
9,g++-5 5.5.0,nbody_2.c 50000000,61,1695323030,2978041,nbody_2_g++-5,1:11.79,6496,1956,1780,100.0,0.0,1,3,1:11,0,12,556,0,232,0,1956,327,2,277,48,0,12.9,0.8,0.0,86.4,0.0,0.0,0.0,0.0,15794.9 MiB,4014.8 MiB,2194.6 MiB,9585.5 MiB,4096.0 MiB,3447.7 MiB,648.2 MiB,13010.7 MiB
9,g++-5 5.5.0,nbody_2.c 50000000,62,1695323031,2978041,nbody_2_g++-5,1:12.96,6496,1956,1780,93.8,0.0,1,3,1:12,0,12,556,0,232,0,1956,327,2,277,48,0,14.7,1.5,0.0,83.8,0.0,0.0,0.0,0.0,15794.9 MiB,4014.8 MiB,2194.6 MiB,9585.5 MiB,4096.0 MiB,3447.7 MiB,648.2 MiB,13010.7 MiB
9,g++-5 5.5.0,nbody_2.c 50000000,63,1695323033,2978041,nbody_2_g++-5,1:14.14,6496,1956,1780,100.0,0.0,1,3,1:14,0,12,556,0,232,0,1956,327,2,277,48,0,13.6,0.8,0.0,85.6,0.0,0.0,0.0,0.0,15794.9 MiB,4014.5 MiB,2194.8 MiB,9585.5 MiB,4096.0 MiB,3447.7 MiB,648.2 MiB,13010.5 MiB
9,g++-5 5.5.0,nbody_2.c 50000000,64,1695323034,2978041,nbody_2_g++-5,1:15.31,6496,1956,1780,100.0,0.0,1,3,1:15,0,12,556,0,232,0,1956,327,2,277,48,0,13.5,1.5,0.0,85.0,0.0,0.0,0.0,0.0,15794.9 MiB,4014.5 MiB,2194.8 MiB,9585.5 MiB,4096.0 MiB,3447.7 MiB,648.2 MiB,13010.5 MiB
9,g++-5 5.5.0,nbody_2.c 50000000,65,1695323035,2978041,nbody_2_g++-5,1:16.49,6496,1956,1780,100.0,0.0,1,3,1:16,0,12,556,0,232,0,1956,327,2,277,48,0,12.9,1.5,0.0,85.6,0.0,0.0,0.0,0.0,15794.9 MiB,4014.5 MiB,2194.8 MiB,9585.5 MiB,4096.0 MiB,3447.7 MiB,648.2 MiB,13010.5 MiB
9,g++-5 5.5.0,nbody_2.c 50000000,66,1695323036,2978041,nbody_2_g++-5,1:17.66,6496,1956,1780,100.0,0.0,1,3,1:17,0,12,556,0,232,0,1956,327,2,277,48,0,12.8,1.5,0.0,85.7,0.0,0.0,0.0,0.0,15794.9 MiB,4014.3 MiB,2195.1 MiB,9585.5 MiB,4096.0 MiB,3447.7 MiB,648.2 MiB,13010.2 MiB
9,g++-5 5.5.0,nbody_2.c 50000000,67,1695323037,2978041,nbody_2_g++-5,1:18.84,6496,1956,1780,100.0,0.0,1,3,1:18,0,12,556,0,232,0,1956,327,2,277,48,0,12.8,1.5,0.0,85.7,0.0,0.0,0.0,0.0,15794.9 MiB,4014.3 MiB,2195.1 MiB,9585.5 MiB,4096.0 MiB,3447.7 MiB,648.2 MiB,13010.2 MiB
9,g++-5 5.5.0,nbody_2.c 50000000,68,1695323039,2978041,nbody_2_g++-5,1:20.01,6496,1956,1780,100.0,0.0,1,3,1:20,0,12,556,0,232,0,1956,327,2,277,48,0,12.8,0.8,0.0,86.5,0.0,0.0,0.0,0.0,15794.9 MiB,4014.0 MiB,2195.3 MiB,9585.5 MiB,4096.0 MiB,3447.7 MiB,648.2 MiB,13010.0 MiB
9,g++-5 5.5.0,nbody_2.c 50000000,69,1695323040,2978041,nbody_2_g++-5,1:21.19,6496,1956,1780,100.0,0.0,1,3,1:21,0,12,556,0,232,0,1956,327,2,277,48,0,12.8,1.5,0.0,85.7,0.0,0.0,0.0,0.0,15794.9 MiB,4014.0 MiB,2195.3 MiB,9585.6 MiB,4096.0 MiB,3447.7 MiB,648.2 MiB,13010.0 MiB
9,g++-5 5.5.0,nbody_2.c 50000000,70,1695323041,2978041,nbody_2_g++-5,1:22.36,6496,1956,1780,100.0,0.0,1,3,1:22,0,12,556,0,232,0,1956,327,2,277,48,0,12.9,0.8,0.0,85.6,0.8,0.0,0.0,0.0,15794.9 MiB,4013.3 MiB,2196.2 MiB,9585.3 MiB,4096.0 MiB,3447.7 MiB,648.2 MiB,13009.3 MiB
10,g++-5 5.5.0,nbody_2.c 50000000,0,1695323042,2978482,nbody_2_g++-5,0:00.16,6496,1892,1720,93.8,0.0,1,6,0:00,0,12,556,0,231,0,1892,327,2,277,48,0,14.4,0.8,0.0,84.8,0.0,0.0,0.0,0.0,15794.9 MiB,4005.7 MiB,2196.9 MiB,9592.3 MiB,4096.0 MiB,3447.7 MiB,648.2 MiB,13001.6 MiB
10,g++-5 5.5.0,nbody_2.c 50000000,1,1695323043,2978482,nbody_2_g++-5,0:01.34,6496,1892,1720,100.0,0.0,1,6,0:01,0,12,556,0,231,0,1892,327,2,277,48,0,12.1,1.5,0.0,86.4,0.0,0.0,0.0,0.0,15794.9 MiB,4005.7 MiB,2196.7 MiB,9592.5 MiB,4096.0 MiB,3447.7 MiB,648.2 MiB,13001.7 MiB
10,g++-5 5.5.0,nbody_2.c 50000000,2,1695323044,2978482,nbody_2_g++-5,0:02.51,6496,1892,1720,100.0,0.0,1,6,0:02,0,12,556,0,231,0,1892,327,2,277,48,0,13.7,0.0,0.0,86.3,0.0,0.0,0.0,0.0,15794.9 MiB,4008.6 MiB,2200.7 MiB,9585.5 MiB,4096.0 MiB,3447.7 MiB,648.2 MiB,13004.6 MiB
10,g++-5 5.5.0,nbody_2.c 50000000,3,1695323046,2978482,nbody_2_g++-5,0:03.69,6496,1892,1720,100.0,0.0,1,2,0:03,0,12,556,0,231,0,1892,327,2,277,48,0,12.8,0.8,0.0,86.5,0.0,0.0,0.0,0.0,15794.9 MiB,4008.6 MiB,2200.7 MiB,9585.5 MiB,4096.0 MiB,3447.7 MiB,648.2 MiB,13004.6 MiB
10,g++-5 5.5.0,nbody_2.c 50000000,4,1695323047,2978482,nbody_2_g++-5,0:04.86,6496,1892,1720,100.0,0.0,1,2,0:04,0,12,556,0,231,0,1892,327,2,277,48,0,12.8,1.5,0.0,85.7,0.0,0.0,0.0,0.0,15794.9 MiB,4008.6 MiB,2200.7 MiB,9585.5 MiB,4096.0 MiB,3447.7 MiB,648.2 MiB,13004.6 MiB
10,g++-5 5.5.0,nbody_2.c 50000000,5,1695323048,2978482,nbody_2_g++-5,0:06.03,6496,1892,1720,100.0,0.0,1,2,0:06,0,12,556,0,231,0,1892,327,2,277,48,0,12.9,0.8,0.0,86.4,0.0,0.0,0.0,0.0,15794.9 MiB,4008.4 MiB,2201.0 MiB,9585.5 MiB,4096.0 MiB,3447.7 MiB,648.2 MiB,13004.4 MiB
10,g++-5 5.5.0,nbody_2.c 50000000,6,1695323049,2978482,nbody_2_g++-5,0:07.20,6496,1892,1720,93.8,0.0,1,2,0:07,0,12,556,0,231,0,1892,327,2,277,48,0,13.0,0.8,0.0,86.3,0.0,0.0,0.0,0.0,15794.9 MiB,4008.9 MiB,2200.5 MiB,9585.5 MiB,4096.0 MiB,3447.7 MiB,648.2 MiB,13004.9 MiB
10,g++-5 5.5.0,nbody_2.c 50000000,7,1695323050,2978482,nbody_2_g++-5,0:08.38,6496,1892,1720,100.0,0.0,1,2,0:08,0,12,556,0,231,0,1892,327,2,277,48,0,12.9,0.8,0.0,86.4,0.0,0.0,0.0,0.0,15794.9 MiB,4009.1 MiB,2200.2 MiB,9585.5 MiB,4096.0 MiB,3447.7 MiB,648.2 MiB,13005.1 MiB
10,g++-5 5.5.0,nbody_2.c 50000000,8,1695323051,2978482,nbody_2_g++-5,0:09.56,6496,1892,1720,100.0,0.0,1,2,0:09,0,12,556,0,231,0,1892,327,2,277,48,0,12.7,1.5,0.0,85.8,0.0,0.0,0.0,0.0,15794.9 MiB,4009.1 MiB,2200.2 MiB,9585.5 MiB,4096.0 MiB,3447.7 MiB,648.2 MiB,13005.1 MiB
10,g++-5 5.5.0,nbody_2.c 50000000,9,1695323053,2978482,nbody_2_g++-5,0:10.74,6496,1892,1720,100.0,0.0,1,6,0:10,0,12,556,0,231,0,1892,327,2,277,48,0,12.1,1.5,0.0,86.4,0.0,0.0,0.0,0.0,15794.9 MiB,4008.4 MiB,2201.0 MiB,9585.5 MiB,4096.0 MiB,3447.7 MiB,648.2 MiB,13004.4 MiB
10,g++-5 5.5.0,nbody_2.c 50000000,10,1695323054,2978482,nbody_2_g++-5,0:11.91,6496,1892,1720,100.0,0.0,1,6,0:11,0,12,556,0,231,0,1892,327,2,277,48,0,14.1,0.7,0.0,85.2,0.0,0.0,0.0,0.0,15794.9 MiB,4008.4 MiB,2200.9 MiB,9585.5 MiB,4096.0 MiB,3447.7 MiB,648.2 MiB,13004.4 MiB
10,g++-5 5.5.0,nbody_2.c 50000000,11,1695323055,2978482,nbody_2_g++-5,0:13.08,6496,1892,1720,93.8,0.0,1,6,0:13,0,12,556,0,231,0,1892,327,2,277,48,0,12.9,0.8,0.0,86.4,0.0,0.0,0.0,0.0,15794.9 MiB,4008.4 MiB,2200.9 MiB,9585.5 MiB,4096.0 MiB,3447.7 MiB,648.2 MiB,13004.4 MiB
10,g++-5 5.5.0,nbody_2.c 50000000,12,1695323056,2978482,nbody_2_g++-5,0:14.26,6496,1892,1720,100.0,0.0,1,6,0:14,0,12,556,0,231,0,1892,327,2,277,48,0,14.2,1.5,0.0,84.3,0.0,0.0,0.0,0.0,15794.9 MiB,4007.9 MiB,2201.4 MiB,9585.5 MiB,4096.0 MiB,3447.7 MiB,648.2 MiB,13003.9 MiB
10,g++-5 5.5.0,nbody_2.c 50000000,13,1695323057,2978482,nbody_2_g++-5,0:15.44,6496,1892,1720,100.0,0.0,1,6,0:15,0,12,556,0,231,0,1892,327,2,277,48,0,13.3,1.5,0.0,85.2,0.0,0.0,0.0,0.0,15794.9 MiB,4007.2 MiB,2202.2 MiB,9585.5 MiB,4096.0 MiB,3447.7 MiB,648.2 MiB,13003.2 MiB
10,g++-5 5.5.0,nbody_2.c 50000000,14,1695323058,2978482,nbody_2_g++-5,0:16.61,6496,1892,1720,100.0,0.0,1,6,0:16,0,12,556,0,231,0,1892,327,2,277,48,0,12.8,1.5,0.0,85.7,0.0,0.0,0.0,0.0,15794.9 MiB,4007.2 MiB,2202.2 MiB,9585.5 MiB,4096.0 MiB,3447.7 MiB,648.2 MiB,13003.2 MiB
10,g++-5 5.5.0,nbody_2.c 50000000,15,1695323060,2978482,nbody_2_g++-5,0:17.78,6496,1892,1720,93.8,0.0,1,2,0:17,0,12,556,0,231,0,1892,327,2,277,48,0,12.8,1.5,0.0,85.7,0.0,0.0,0.0,0.0,15794.9 MiB,4007.2 MiB,2202.2 MiB,9585.5 MiB,4096.0 MiB,3447.7 MiB,648.2 MiB,13003.2 MiB
10,g++-5 5.5.0,nbody_2.c 50000000,16,1695323061,2978482,nbody_2_g++-5,0:18.96,6496,1892,1720,100.0,0.0,1,2,0:18,0,12,556,0,231,0,1892,328,2,278,48,0,14.1,1.5,0.0,84.4,0.0,0.0,0.0,0.0,15794.9 MiB,4007.2 MiB,2202.2 MiB,9585.5 MiB,4096.0 MiB,3447.7 MiB,648.2 MiB,13003.2 MiB
10,g++-5 5.5.0,nbody_2.c 50000000,17,1695323062,2978482,nbody_2_g++-5,0:20.14,6496,1892,1720,100.0,0.0,1,6,0:20,0,12,556,0,231,0,1892,328,2,278,48,0,12.9,0.8,0.0,86.4,0.0,0.0,0.0,0.0,15794.9 MiB,4007.2 MiB,2202.2 MiB,9585.5 MiB,4096.0 MiB,3447.7 MiB,648.2 MiB,13003.2 MiB
10,g++-5 5.5.0,nbody_2.c 50000000,18,1695323063,2978482,nbody_2_g++-5,0:21.31,6496,1892,1720,100.0,0.0,1,6,0:21,0,12,556,0,231,0,1892,328,2,278,48,0,13.4,1.5,0.0,85.1,0.0,0.0,0.0,0.0,15794.9 MiB,4007.2 MiB,2202.2 MiB,9585.5 MiB,4096.0 MiB,3447.7 MiB,648.2 MiB,13003.2 MiB
10,g++-5 5.5.0,nbody_2.c 50000000,19,1695323064,2978482,nbody_2_g++-5,0:22.49,6496,1892,1720,100.0,0.0,1,6,0:22,0,12,556,0,231,0,1892,327,2,277,48,0,12.8,1.5,0.0,85.7,0.0,0.0,0.0,0.0,15794.9 MiB,4006.7 MiB,2202.7 MiB,9585.5 MiB,4096.0 MiB,3447.7 MiB,648.2 MiB,13002.7 MiB
10,g++-5 5.5.0,nbody_2.c 50000000,20,1695323066,2978482,nbody_2_g++-5,0:23.66,6496,1892,1720,100.0,0.0,1,6,0:23,0,12,556,0,231,0,1892,327,2,277,48,0,13.5,0.8,0.0,85.7,0.0,0.0,0.0,0.0,15794.9 MiB,4007.4 MiB,2201.9 MiB,9585.5 MiB,4096.0 MiB,3447.7 MiB,648.2 MiB,13003.4 MiB
10,g++-5 5.5.0,nbody_2.c 50000000,21,1695323067,2978482,nbody_2_g++-5,0:24.84,6496,1892,1720,100.0,0.0,1,6,0:24,0,12,556,0,231,0,1892,327,2,277,48,0,12.9,0.8,0.0,86.4,0.0,0.0,0.0,0.0,15794.9 MiB,4007.2 MiB,2202.2 MiB,9585.5 MiB,4096.0 MiB,3447.7 MiB,648.2 MiB,13003.2 MiB
10,g++-5 5.5.0,nbody_2.c 50000000,22,1695323068,2978482,nbody_2_g++-5,0:26.01,6496,1892,1720,100.0,0.0,1,6,0:26,0,12,556,0,231,0,1892,327,2,277,48,0,12.9,0.8,0.0,85.6,0.8,0.0,0.0,0.0,15794.9 MiB,4006.7 MiB,2202.7 MiB,9585.5 MiB,4096.0 MiB,3447.7 MiB,648.2 MiB,13002.7 MiB
10,g++-5 5.5.0,nbody_2.c 50000000,23,1695323069,2978482,nbody_2_g++-5,0:27.19,6496,1892,1720,100.0,0.0,1,2,0:27,0,12,556,0,231,0,1892,327,2,277,48,0,12.9,0.8,0.0,86.4,0.0,0.0,0.0,0.0,15794.9 MiB,4006.2 MiB,2203.1 MiB,9585.6 MiB,4096.0 MiB,3447.7 MiB,648.2 MiB,13002.2 MiB
10,g++-5 5.5.0,nbody_2.c 50000000,24,1695323070,2978482,nbody_2_g++-5,0:28.36,6496,1892,1720,100.0,0.0,1,2,0:28,0,12,556,0,231,0,1892,327,2,277,48,0,13.5,0.8,0.0,85.7,0.0,0.0,0.0,0.0,15794.9 MiB,4005.9 MiB,2203.4 MiB,9585.6 MiB,4096.0 MiB,3447.7 MiB,648.2 MiB,13002.0 MiB
10,g++-5 5.5.0,nbody_2.c 50000000,25,1695323071,2978482,nbody_2_g++-5,0:29.53,6496,1892,1720,93.8,0.0,1,2,0:29,0,12,556,0,231,0,1892,327,2,277,48,0,12.9,0.8,0.0,86.4,0.0,0.0,0.0,0.0,15794.9 MiB,4005.4 MiB,2203.9 MiB,9585.6 MiB,4096.0 MiB,3447.7 MiB,648.2 MiB,13001.5 MiB
10,g++-5 5.5.0,nbody_2.c 50000000,26,1695323073,2978482,nbody_2_g++-5,0:30.71,6496,1892,1720,100.0,0.0,1,2,0:30,0,12,556,0,231,0,1892,327,2,277,48,0,12.1,1.5,0.0,86.4,0.0,0.0,0.0,0.0,15794.9 MiB,4005.4 MiB,2203.9 MiB,9585.6 MiB,4096.0 MiB,3447.7 MiB,648.2 MiB,13001.5 MiB
10,g++-5 5.5.0,nbody_2.c 50000000,27,1695323074,2978482,nbody_2_g++-5,0:31.89,6496,1892,1720,100.0,0.0,1,2,0:31,0,12,556,0,231,0,1892,327,2,277,48,0,12.9,0.8,0.0,85.6,0.8,0.0,0.0,0.0,15794.9 MiB,4005.7 MiB,2203.6 MiB,9585.6 MiB,4096.0 MiB,3447.7 MiB,648.2 MiB,13001.7 MiB
10,g++-5 5.5.0,nbody_2.c 50000000,28,1695323075,2978482,nbody_2_g++-5,0:33.06,6496,1892,1720,100.0,0.0,1,2,0:33,0,12,556,0,231,0,1892,327,2,277,48,0,12.7,1.5,0.0,85.8,0.0,0.0,0.0,0.0,15794.9 MiB,4005.7 MiB,2203.6 MiB,9585.6 MiB,4096.0 MiB,3447.7 MiB,648.2 MiB,13001.7 MiB
10,g++-5 5.5.0,nbody_2.c 50000000,29,1695323076,2978482,nbody_2_g++-5,0:34.24,6496,1892,1720,100.0,0.0,1,2,0:34,0,12,556,0,231,0,1892,327,2,277,48,0,13.5,0.8,0.0,85.7,0.0,0.0,0.0,0.0,15794.9 MiB,4005.9 MiB,2203.4 MiB,9585.6 MiB,4096.0 MiB,3447.7 MiB,648.2 MiB,13002.0 MiB
10,g++-5 5.5.0,nbody_2.c 50000000,30,1695323077,2978482,nbody_2_g++-5,0:35.41,6496,1892,1720,100.0,0.0,1,2,0:35,0,12,556,0,231,0,1892,327,2,277,48,0,13.5,0.8,0.0,85.0,0.8,0.0,0.0,0.0,15794.9 MiB,4005.2 MiB,2203.2 MiB,9586.4 MiB,4096.0 MiB,3447.7 MiB,648.2 MiB,13002.1 MiB
10,g++-5 5.5.0,nbody_2.c 50000000,31,1695323078,2978482,nbody_2_g++-5,0:36.59,6496,1892,1720,100.0,0.0,1,6,0:36,0,12,556,0,231,0,1892,327,2,277,48,0,12.9,0.8,0.0,86.4,0.0,0.0,0.0,0.0,15794.9 MiB,4004.2 MiB,2204.2 MiB,9586.4 MiB,4096.0 MiB,3447.7 MiB,648.2 MiB,13001.1 MiB
10,g++-5 5.5.0,nbody_2.c 50000000,32,1695323080,2978482,nbody_2_g++-5,0:37.76,6496,1892,1720,93.8,0.0,1,6,0:37,0,12,556,0,231,0,1892,327,2,277,48,0,12.9,0.8,0.0,86.4,0.0,0.0,0.0,0.0,15794.9 MiB,4004.0 MiB,2204.5 MiB,9586.4 MiB,4096.0 MiB,3447.7 MiB,648.2 MiB,13000.9 MiB
10,g++-5 5.5.0,nbody_2.c 50000000,33,1695323081,2978482,nbody_2_g++-5,0:38.94,6496,1892,1720,100.0,0.0,1,6,0:38,0,12,556,0,231,0,1892,327,2,277,48,0,12.7,1.5,0.0,85.8,0.0,0.0,0.0,0.0,15794.9 MiB,4004.2 MiB,2204.2 MiB,9586.4 MiB,4096.0 MiB,3447.7 MiB,648.2 MiB,13001.1 MiB
10,g++-5 5.5.0,nbody_2.c 50000000,34,1695323082,2978482,nbody_2_g++-5,0:40.12,6496,1892,1720,100.0,0.0,1,6,0:40,0,12,556,0,231,0,1892,327,2,277,48,0,13.5,1.4,0.0,85.1,0.0,0.0,0.0,0.0,15794.9 MiB,4004.5 MiB,2204.0 MiB,9586.4 MiB,4096.0 MiB,3447.7 MiB,648.2 MiB,13001.3 MiB
10,g++-5 5.5.0,nbody_2.c 50000000,35,1695323083,2978482,nbody_2_g++-5,0:41.30,6496,1892,1720,100.0,0.0,1,6,0:41,0,12,556,0,231,0,1892,327,2,277,48,0,14.3,0.0,0.0,85.7,0.0,0.0,0.0,0.0,15794.9 MiB,4003.5 MiB,2205.0 MiB,9586.4 MiB,4096.0 MiB,3447.7 MiB,648.2 MiB,13000.4 MiB
10,g++-5 5.5.0,nbody_2.c 50000000,36,1695323084,2978482,nbody_2_g++-5,0:42.47,6496,1892,1720,93.8,0.0,1,6,0:42,0,12,556,0,231,0,1892,327,2,277,48,0,12.9,0.8,0.0,86.4,0.0,0.0,0.0,0.0,15794.9 MiB,4003.5 MiB,2205.0 MiB,9586.4 MiB,4096.0 MiB,3447.7 MiB,648.2 MiB,13000.4 MiB
10,g++-5 5.5.0,nbody_2.c 50000000,37,1695323086,2978482,nbody_2_g++-5,0:43.65,6496,1892,1720,100.0,0.0,1,6,0:43,0,12,556,0,231,0,1892,327,2,277,48,0,13.0,0.8,0.0,86.3,0.0,0.0,0.0,0.0,15794.9 MiB,4004.2 MiB,2204.2 MiB,9586.4 MiB,4096.0 MiB,3447.7 MiB,648.2 MiB,13001.1 MiB
10,g++-5 5.5.0,nbody_2.c 50000000,38,1695323087,2978482,nbody_2_g++-5,0:44.83,6496,1892,1720,100.0,0.0,1,6,0:44,0,12,556,0,231,0,1892,327,2,277,48,0,13.5,0.8,0.0,85.7,0.0,0.0,0.0,0.0,15794.9 MiB,4004.5 MiB,2204.0 MiB,9586.4 MiB,4096.0 MiB,3447.7 MiB,648.2 MiB,13001.4 MiB
10,g++-5 5.5.0,nbody_2.c 50000000,39,1695323088,2978482,nbody_2_g++-5,0:46.00,6496,1892,1720,100.0,0.0,1,6,0:46,0,12,556,0,231,0,1892,327,2,277,48,0,13.5,0.8,0.0,85.7,0.0,0.0,0.0,0.0,15794.9 MiB,4004.2 MiB,2204.2 MiB,9586.4 MiB,4096.0 MiB,3447.7 MiB,648.2 MiB,13001.1 MiB
10,g++-5 5.5.0,nbody_2.c 50000000,40,1695323089,2978482,nbody_2_g++-5,0:47.18,6496,1892,1720,100.0,0.0,1,2,0:47,0,12,556,0,231,0,1892,327,2,277,48,0,14.3,0.8,0.0,85.0,0.0,0.0,0.0,0.0,15794.9 MiB,4004.5 MiB,2204.0 MiB,9586.4 MiB,4096.0 MiB,3447.7 MiB,648.2 MiB,13001.4 MiB
10,g++-5 5.5.0,nbody_2.c 50000000,41,1695323090,2978482,nbody_2_g++-5,0:48.35,6496,1892,1720,100.0,0.0,1,2,0:48,0,12,556,0,231,0,1892,327,2,277,48,0,13.6,0.0,0.0,86.4,0.0,0.0,0.0,0.0,15794.9 MiB,4004.5 MiB,2204.0 MiB,9586.4 MiB,4096.0 MiB,3447.7 MiB,648.2 MiB,13001.4 MiB
10,g++-5 5.5.0,nbody_2.c 50000000,42,1695323091,2978482,nbody_2_g++-5,0:49.52,6496,1892,1720,93.8,0.0,1,2,0:49,0,12,556,0,231,0,1892,327,2,277,48,0,12.1,1.5,0.0,86.4,0.0,0.0,0.0,0.0,15794.9 MiB,4004.7 MiB,2203.7 MiB,9586.4 MiB,4096.0 MiB,3447.7 MiB,648.2 MiB,13001.6 MiB
10,g++-5 5.5.0,nbody_2.c 50000000,43,1695323093,2978482,nbody_2_g++-5,0:50.70,6496,1892,1720,100.0,0.0,1,2,0:50,0,12,556,0,231,0,1892,327,2,277,48,0,15.0,0.0,0.0,85.0,0.0,0.0,0.0,0.0,15794.9 MiB,4004.5 MiB,2204.0 MiB,9586.4 MiB,4096.0 MiB,3447.7 MiB,648.2 MiB,13001.4 MiB
10,g++-5 5.5.0,nbody_2.c 50000000,44,1695323094,2978482,nbody_2_g++-5,0:51.88,6496,1892,1720,100.0,0.0,1,2,0:51,0,12,556,0,231,0,1892,327,2,277,48,0,13.2,1.5,0.0,84.6,0.0,0.0,0.7,0.0,15794.9 MiB,4004.7 MiB,2203.7 MiB,9586.4 MiB,4096.0 MiB,3447.7 MiB,648.2 MiB,13001.6 MiB
10,g++-5 5.5.0,nbody_2.c 50000000,45,1695323095,2978482,nbody_2_g++-5,0:53.05,6496,1892,1720,100.0,0.0,1,2,0:53,0,12,556,0,231,0,1892,327,2,277,48,0,13.6,0.8,0.0,85.6,0.0,0.0,0.0,0.0,15794.9 MiB,4004.7 MiB,2203.7 MiB,9586.4 MiB,4096.0 MiB,3447.7 MiB,648.2 MiB,13001.6 MiB
10,g++-5 5.5.0,nbody_2.c 50000000,46,1695323096,2978482,nbody_2_g++-5,0:54.22,6496,1892,1720,93.8,0.0,1,2,0:54,0,12,556,0,231,0,1892,327,2,277,48,0,12.9,0.8,0.0,86.4,0.0,0.0,0.0,0.0,15794.9 MiB,4005.0 MiB,2203.5 MiB,9586.4 MiB,4096.0 MiB,3447.7 MiB,648.2 MiB,13001.9 MiB
10,g++-5 5.5.0,nbody_2.c 50000000,47,1695323097,2978482,nbody_2_g++-5,0:55.40,6496,1892,1720,100.0,0.0,1,2,0:55,0,12,556,0,231,0,1892,327,2,277,48,0,13.5,0.8,0.0,85.7,0.0,0.0,0.0,0.0,15794.9 MiB,4005.7 MiB,2202.7 MiB,9586.4 MiB,4096.0 MiB,3447.7 MiB,648.2 MiB,13002.6 MiB
10,g++-5 5.5.0,nbody_2.c 50000000,48,1695323098,2978482,nbody_2_g++-5,0:56.57,6496,1892,1720,93.8,0.0,1,2,0:56,0,12,556,0,231,0,1892,327,2,277,48,0,12.9,0.8,0.0,86.4,0.0,0.0,0.0,0.0,15794.9 MiB,4005.7 MiB,2202.7 MiB,9586.4 MiB,4096.0 MiB,3447.7 MiB,648.2 MiB,13002.6 MiB
10,g++-5 5.5.0,nbody_2.c 50000000,49,1695323100,2978482,nbody_2_g++-5,0:57.75,6496,1892,1720,100.0,0.0,1,2,0:57,0,12,556,0,231,0,1892,327,2,277,48,0,12.2,1.5,0.0,86.3,0.0,0.0,0.0,0.0,15794.9 MiB,4005.7 MiB,2202.9 MiB,9586.2 MiB,4096.0 MiB,3447.7 MiB,648.2 MiB,13002.6 MiB
10,g++-5 5.5.0,nbody_2.c 50000000,50,1695323101,2978482,nbody_2_g++-5,0:58.93,6496,1892,1720,100.0,0.0,1,6,0:58,0,12,556,0,231,0,1892,327,2,277,48,0,12.8,1.5,0.0,85.7,0.0,0.0,0.0,0.0,15794.9 MiB,4005.9 MiB,2202.7 MiB,9586.3 MiB,4096.0 MiB,3447.7 MiB,648.2 MiB,13002.9 MiB
10,g++-5 5.5.0,nbody_2.c 50000000,51,1695323102,2978482,nbody_2_g++-5,1:00.10,6496,1892,1720,100.0,0.0,1,6,1:00,0,12,556,0,231,0,1892,327,2,277,48,0,13.3,2.2,0.0,84.4,0.0,0.0,0.0,0.0,15794.9 MiB,4005.7 MiB,2202.9 MiB,9586.3 MiB,4096.0 MiB,3447.7 MiB,648.2 MiB,13002.6 MiB
10,g++-5 5.5.0,nbody_2.c 50000000,52,1695323103,2978482,nbody_2_g++-5,1:01.28,6496,1892,1720,100.0,0.0,1,6,1:01,0,12,556,0,231,0,1892,327,2,277,48,0,12.9,0.8,0.0,86.4,0.0,0.0,0.0,0.0,15794.9 MiB,4005.0 MiB,2203.6 MiB,9586.3 MiB,4096.0 MiB,3447.7 MiB,648.2 MiB,13001.9 MiB
10,g++-5 5.5.0,nbody_2.c 50000000,53,1695323104,2978482,nbody_2_g++-5,1:02.45,6496,1892,1720,93.8,0.0,1,6,1:02,0,12,556,0,231,0,1892,327,2,277,48,0,12.1,1.5,0.0,86.4,0.0,0.0,0.0,0.0,15794.9 MiB,4004.7 MiB,2203.9 MiB,9586.3 MiB,4096.0 MiB,3447.7 MiB,648.2 MiB,13001.6 MiB
10,g++-5 5.5.0,nbody_2.c 50000000,54,1695323106,2978482,nbody_2_g++-5,1:03.63,6496,1892,1720,100.0,0.0,1,6,1:03,0,12,556,0,231,0,1892,327,2,277,48,0,13.4,0.7,0.0,85.8,0.0,0.0,0.0,0.0,15794.9 MiB,4004.5 MiB,2204.1 MiB,9586.3 MiB,4096.0 MiB,3447.7 MiB,648.2 MiB,13001.4 MiB
10,g++-5 5.5.0,nbody_2.c 50000000,55,1695323107,2978482,nbody_2_g++-5,1:04.80,6496,1892,1720,93.8,0.0,1,6,1:04,0,12,556,0,231,0,1892,327,2,277,48,0,12.7,1.5,0.0,85.8,0.0,0.0,0.0,0.0,15794.9 MiB,4004.2 MiB,2204.4 MiB,9586.3 MiB,4096.0 MiB,3447.7 MiB,648.2 MiB,13001.2 MiB
10,g++-5 5.5.0,nbody_2.c 50000000,56,1695323108,2978482,nbody_2_g++-5,1:05.98,6496,1892,1720,100.0,0.0,1,6,1:05,0,12,556,0,231,0,1892,328,2,278,48,0,14.3,0.8,0.0,85.0,0.0,0.0,0.0,0.0,15794.9 MiB,4005.0 MiB,2203.6 MiB,9586.3 MiB,4096.0 MiB,3447.7 MiB,648.2 MiB,13001.9 MiB
10,g++-5 5.5.0,nbody_2.c 50000000,57,1695323109,2978482,nbody_2_g++-5,1:07.16,6496,1892,1720,100.0,0.0,1,6,1:07,0,12,556,0,231,0,1892,328,2,278,48,0,12.9,0.8,0.0,86.4,0.0,0.0,0.0,0.0,15794.9 MiB,4005.2 MiB,2203.4 MiB,9586.3 MiB,4096.0 MiB,3447.7 MiB,648.2 MiB,13002.1 MiB
10,g++-5 5.5.0,nbody_2.c 50000000,58,1695323110,2978482,nbody_2_g++-5,1:08.33,6496,1892,1720,100.0,0.0,1,6,1:08,0,12,556,0,231,0,1892,328,2,278,48,0,12.9,0.8,0.0,86.4,0.0,0.0,0.0,0.0,15794.9 MiB,4004.2 MiB,2204.4 MiB,9586.3 MiB,4096.0 MiB,3447.7 MiB,648.2 MiB,13001.2 MiB
10,g++-5 5.5.0,nbody_2.c 50000000,59,1695323111,2978482,nbody_2_g++-5,1:09.50,6496,1892,1720,93.8,0.0,1,6,1:09,0,12,556,0,231,0,1892,328,2,278,48,0,12.8,0.8,0.0,86.5,0.0,0.0,0.0,0.0,15794.9 MiB,4004.5 MiB,2204.1 MiB,9586.3 MiB,4096.0 MiB,3447.7 MiB,648.2 MiB,13001.4 MiB
10,g++-5 5.5.0,nbody_2.c 50000000,60,1695323113,2978482,nbody_2_g++-5,1:10.68,6496,1892,1720,100.0,0.0,1,6,1:10,0,12,556,0,231,0,1892,328,2,278,48,0,14.1,1.5,0.0,84.4,0.0,0.0,0.0,0.0,15794.9 MiB,4004.2 MiB,2204.4 MiB,9586.3 MiB,4096.0 MiB,3447.7 MiB,648.2 MiB,13001.2 MiB
10,g++-5 5.5.0,nbody_2.c 50000000,61,1695323114,2978482,nbody_2_g++-5,1:11.86,6496,1892,1720,100.0,0.0,1,6,1:11,0,12,556,0,231,0,1892,328,2,278,48,0,12.8,1.5,0.0,85.7,0.0,0.0,0.0,0.0,15794.9 MiB,4004.2 MiB,2204.4 MiB,9586.3 MiB,4096.0 MiB,3447.7 MiB,648.2 MiB,13001.2 MiB
10,g++-5 5.5.0,nbody_2.c 50000000,62,1695323115,2978482,nbody_2_g++-5,1:13.03,6496,1892,1720,100.0,0.0,1,6,1:13,0,12,556,0,231,0,1892,328,2,278,48,0,13.7,0.0,0.0,86.3,0.0,0.0,0.0,0.0,15794.9 MiB,4004.5 MiB,2204.1 MiB,9586.3 MiB,4096.0 MiB,3447.7 MiB,648.2 MiB,13001.4 MiB
10,g++-5 5.5.0,nbody_2.c 50000000,63,1695323116,2978482,nbody_2_g++-5,1:14.20,6496,1892,1720,93.8,0.0,1,2,1:14,0,12,556,0,231,0,1892,328,2,278,48,0,12.1,1.5,0.0,85.6,0.8,0.0,0.0,0.0,15794.9 MiB,4003.3 MiB,2205.3 MiB,9586.3 MiB,4096.0 MiB,3447.7 MiB,648.2 MiB,13000.2 MiB
10,g++-5 5.5.0,nbody_2.c 50000000,64,1695323117,2978482,nbody_2_g++-5,1:15.38,6496,1892,1720,100.0,0.0,1,2,1:15,0,12,556,0,231,0,1892,328,2,278,48,0,12.7,1.5,0.0,85.8,0.0,0.0,0.0,0.0,15794.9 MiB,4002.8 MiB,2205.8 MiB,9586.3 MiB,4096.0 MiB,3447.7 MiB,648.2 MiB,12999.7 MiB
10,g++-5 5.5.0,nbody_2.c 50000000,65,1695323118,2978482,nbody_2_g++-5,1:16.55,6496,1892,1720,100.0,0.0,1,2,1:16,0,12,556,0,231,0,1892,328,2,278,48,0,12.9,0.8,0.0,86.4,0.0,0.0,0.0,0.0,15794.9 MiB,4002.6 MiB,2206.0 MiB,9586.3 MiB,4096.0 MiB,3447.7 MiB,648.2 MiB,12999.5 MiB
10,g++-5 5.5.0,nbody_2.c 50000000,66,1695323120,2978482,nbody_2_g++-5,1:17.73,6496,1892,1720,100.0,0.0,1,6,1:17,0,12,556,0,231,0,1892,328,2,278,48,0,13.5,0.8,0.0,85.7,0.0,0.0,0.0,0.0,15794.9 MiB,4002.6 MiB,2206.0 MiB,9586.3 MiB,4096.0 MiB,3447.7 MiB,648.2 MiB,12999.5 MiB
10,g++-5 5.5.0,nbody_2.c 50000000,67,1695323121,2978482,nbody_2_g++-5,1:18.90,6496,1892,1720,93.8,0.0,1,6,1:18,0,12,556,0,231,0,1892,328,2,278,48,0,12.9,0.8,0.0,86.4,0.0,0.0,0.0,0.0,15794.9 MiB,4001.8 MiB,2206.8 MiB,9586.3 MiB,4096.0 MiB,3447.7 MiB,648.2 MiB,12998.8 MiB
10,g++-5 5.5.0,nbody_2.c 50000000,68,1695323122,2978482,nbody_2_g++-5,1:20.08,6496,1892,1720,100.0,0.0,1,6,1:20,0,12,556,0,231,0,1892,328,2,278,48,0,14.3,0.8,0.0,85.0,0.0,0.0,0.0,0.0,15794.9 MiB,4002.1 MiB,2206.5 MiB,9586.3 MiB,4096.0 MiB,3447.7 MiB,648.2 MiB,12999.0 MiB
10,g++-5 5.5.0,nbody_2.c 50000000,69,1695323123,2978482,nbody_2_g++-5,1:21.25,6496,1892,1720,100.0,0.0,1,6,1:21,0,12,556,0,231,0,1892,328,2,278,48,0,13.5,0.8,0.0,85.7,0.0,0.0,0.0,0.0,15794.9 MiB,4002.3 MiB,2206.3 MiB,9586.3 MiB,4096.0 MiB,3447.7 MiB,648.2 MiB,12999.3 MiB
10,g++-5 5.5.0,nbody_2.c 50000000,70,1695323124,2978482,nbody_2_g++-5,1:22.43,6496,1892,1720,100.0,0.0,1,6,1:22,0,12,556,0,231,0,1892,328,2,278,48,0,12.7,1.5,0.0,85.8,0.0,0.0,0.0,0.0,15794.9 MiB,4002.6 MiB,2206.0 MiB,9586.3 MiB,4096.0 MiB,3447.7 MiB,648.2 MiB,12999.5 MiB
10,g++-5 5.5.0,nbody_2.c 50000000,71,1695323125,2978482,nbody_2_g++-5,1:23.60,6496,1892,1720,93.8,0.0,1,6,1:23,0,12,556,0,231,0,1892,328,2,278,48,0,12.9,0.8,0.0,86.4,0.0,0.0,0.0,0.0,15794.9 MiB,4002.6 MiB,2206.0 MiB,9586.3 MiB,4096.0 MiB,3447.7 MiB,648.2 MiB,12999.5 MiB
10,g++-5 5.5.0,nbody_2.c 50000000,72,1695323127,2978482,nbody_2_g++-5,1:24.78,6496,1892,1720,100.0,0.0,1,6,1:24,0,12,556,0,231,0,1892,328,2,278,48,0,13.4,1.5,0.0,85.1,0.0,0.0,0.0,0.0,15794.9 MiB,4003.3 MiB,2205.3 MiB,9586.3 MiB,4096.0 MiB,3447.7 MiB,648.2 MiB,13000.2 MiB
10,g++-5 5.5.0,nbody_2.c 50000000,73,1695323128,2978482,nbody_2_g++-5,1:25.95,6496,1892,1720,100.0,0.0,1,6,1:25,0,12,556,0,231,0,1892,328,2,278,48,0,13.4,1.5,0.0,85.1,0.0,0.0,0.0,0.0,15794.9 MiB,4003.3 MiB,2205.3 MiB,9586.3 MiB,4096.0 MiB,3447.7 MiB,648.2 MiB,13000.2 MiB
