test,version,appplication,no_measurement,timestamp,pid,command,time,virt,res,shr,percent_cpu,percent_mem,nTH,P,TIME,SWAP,CODE,DATA,nMaj,nMin,nDRT,USED,tasks_total,tasks_running,tasks_sleeping,tasks_stopped,tasks_zombie,cpu_us,cpu_sy,cpu_ni,cpu_id,cpu_wa,cpu_hi,cpu_si,cpu_st,mem_total,mem_free,mem_used,mem_buff_cache,swap_total,swap_free,swap_used,swap_avail,
1,Python 3.10.11,binarytrees.py 21,0,1694298955,1329248,python,0:00.12,61464,52984,6924,70.6,0.3,1,0,0:00,0,4,47536,0,13k,0,52984,310,2,278,30,0,15.2,3.8,0.0,81.1,0.0,0.0,0.0,0.0,15794.9 MiB,4644.8 MiB,2075.9 MiB,9074.1 MiB,4096.0 MiB,3680.7 MiB,415.2 MiB,13105.6 MiB
1,Python 3.10.11,binarytrees.py 21,1,1694298956,1329248,python,0:01.29,591008,573856,6924,100.0,3.5,1,0,0:01,0,4,577080,0,140k,0,573856,310,2,278,30,0,12.3,1.5,0.0,86.2,0.0,0.0,0.0,0.0,15794.9 MiB,4133.4 MiB,2587.1 MiB,9074.4 MiB,4096.0 MiB,3680.7 MiB,415.2 MiB,12594.3 MiB
1,Python 3.10.11,binarytrees.py 21,2,1694298957,1329248,python,0:02.47,689312,671008,6924,100.0,4.1,1,0,0:02,0,4,675384,0,163k,0,671008,310,2,278,30,0,12.3,0.8,0.0,86.9,0.0,0.0,0.0,0.0,15794.9 MiB,4041.7 MiB,2685.7 MiB,9067.5 MiB,4096.0 MiB,3680.7 MiB,415.2 MiB,12502.5 MiB
1,Python 3.10.11,binarytrees.py 21,3,1694298959,1329248,python,0:03.64,327840,315392,6924,100.0,2.0,1,0,0:03,0,4,313912,0,237k,0,315392,311,2,279,30,0,11.3,3.8,0.0,85.0,0.0,0.0,0.0,0.0,15794.9 MiB,4392.9 MiB,2334.5 MiB,9067.5 MiB,4096.0 MiB,3680.7 MiB,415.2 MiB,12853.7 MiB
1,Python 3.10.11,binarytrees.py 21,4,1694298960,1329248,python,0:04.28,502952,342316,6928,0.0,2.1,3,0,0:04,0,4,358208,0,245k,0,342316,319,9,280,30,0,97.1,2.9,0.0,0.0,0.0,0.0,0.0,0.0,15794.9 MiB,4239.2 MiB,2481.2 MiB,9074.5 MiB,4096.0 MiB,3680.7 MiB,415.2 MiB,12700.0 MiB
1,Python 3.10.11,binarytrees.py 21,5,1694298961,1329248,python,0:04.28,502952,342316,6928,0.0,2.1,3,0,0:04,0,4,358208,0,245k,0,342316,319,9,280,30,0,98.0,2.0,0.0,0.0,0.0,0.0,0.0,0.0,15794.9 MiB,4262.6 MiB,2464.6 MiB,9067.7 MiB,4096.0 MiB,3680.7 MiB,415.2 MiB,12723.5 MiB
1,Python 3.10.11,binarytrees.py 21,6,1694298962,1329248,python,0:04.28,502952,342316,6928,0.0,2.1,3,0,0:04,0,4,358208,0,245k,0,342316,319,9,280,30,0,98.6,1.4,0.0,0.0,0.0,0.0,0.0,0.0,15794.9 MiB,4261.7 MiB,2465.6 MiB,9067.5 MiB,4096.0 MiB,3680.7 MiB,415.2 MiB,12722.6 MiB
1,Python 3.10.11,binarytrees.py 21,7,1694298964,1329248,python,0:04.28,502952,342316,6928,0.0,2.1,3,0,0:04,0,4,358208,0,245k,0,342316,319,9,280,30,0,97.9,2.1,0.0,0.0,0.0,0.0,0.0,0.0,15794.9 MiB,4259.0 MiB,2468.3 MiB,9067.5 MiB,4096.0 MiB,3680.7 MiB,415.2 MiB,12719.9 MiB
1,Python 3.10.11,binarytrees.py 21,8,1694298965,1329248,python,0:04.28,502952,342316,6928,0.0,2.1,3,0,0:04,0,4,358208,0,245k,0,342316,319,9,280,30,0,98.6,1.4,0.0,0.0,0.0,0.0,0.0,0.0,15794.9 MiB,4254.8 MiB,2472.5 MiB,9067.5 MiB,4096.0 MiB,3680.7 MiB,415.2 MiB,12715.7 MiB
1,Python 3.10.11,binarytrees.py 21,9,1694298966,1329248,python,0:04.28,502952,342316,6928,0.0,2.1,3,0,0:04,0,4,358208,0,245k,0,342316,319,9,280,30,0,98.6,1.4,0.0,0.0,0.0,0.0,0.0,0.0,15794.9 MiB,4254.1 MiB,2473.2 MiB,9067.5 MiB,4096.0 MiB,3680.7 MiB,415.2 MiB,12714.9 MiB
1,Python 3.10.11,binarytrees.py 21,10,1694298967,1329248,python,0:04.28,502952,342316,6928,0.0,2.1,3,0,0:04,0,4,358208,0,245k,0,342316,319,9,280,30,0,98.6,1.4,0.0,0.0,0.0,0.0,0.0,0.0,15794.9 MiB,4252.9 MiB,2474.5 MiB,9067.5 MiB,4096.0 MiB,3680.7 MiB,415.2 MiB,12713.7 MiB
1,Python 3.10.11,binarytrees.py 21,11,1694298969,1329248,python,0:04.28,502952,342316,6928,0.0,2.1,3,0,0:04,0,4,358208,0,245k,0,342316,319,9,280,30,0,98.1,1.9,0.0,0.0,0.0,0.0,0.0,0.0,15794.9 MiB,4250.4 MiB,2476.9 MiB,9067.5 MiB,4096.0 MiB,3680.7 MiB,415.2 MiB,12711.3 MiB
1,Python 3.10.11,binarytrees.py 21,12,1694298970,1329248,python,0:04.28,502952,342316,6928,0.0,2.1,3,0,0:04,0,4,358208,0,245k,0,342316,319,9,280,30,0,98.8,1.2,0.0,0.0,0.0,0.0,0.0,0.0,15794.9 MiB,4248.7 MiB,2478.6 MiB,9067.6 MiB,4096.0 MiB,3680.7 MiB,415.2 MiB,12709.6 MiB
1,Python 3.10.11,binarytrees.py 21,13,1694298971,1329248,python,0:04.28,502952,342316,6928,0.0,2.1,3,0,0:04,0,4,358208,0,245k,0,342316,319,9,280,30,0,98.0,2.0,0.0,0.0,0.0,0.0,0.0,0.0,15794.9 MiB,4246.2 MiB,2481.1 MiB,9067.6 MiB,4096.0 MiB,3680.7 MiB,415.2 MiB,12707.1 MiB
1,Python 3.10.11,binarytrees.py 21,14,1694298973,1329248,python,0:04.28,502952,342316,6928,0.0,2.1,3,0,0:04,0,4,358208,0,245k,0,342316,319,9,280,30,0,97.6,2.4,0.0,0.0,0.0,0.0,0.0,0.0,15794.9 MiB,4245.5 MiB,2481.8 MiB,9067.6 MiB,4096.0 MiB,3680.7 MiB,415.2 MiB,12706.4 MiB
1,Python 3.10.11,binarytrees.py 21,15,1694298974,1329248,python,0:04.28,502952,342316,6928,0.0,2.1,3,0,0:04,0,4,358208,0,245k,0,342316,319,9,280,30,0,97.1,2.9,0.0,0.0,0.0,0.0,0.0,0.0,15794.9 MiB,4233.7 MiB,2493.6 MiB,9067.6 MiB,4096.0 MiB,3680.7 MiB,415.2 MiB,12694.6 MiB
1,Python 3.10.11,binarytrees.py 21,16,1694298975,1329248,python,0:04.28,502952,342316,6928,0.0,2.1,3,0,0:04,0,4,358208,0,245k,0,342316,319,9,280,30,0,97.6,2.4,0.0,0.0,0.0,0.0,0.0,0.0,15794.9 MiB,4242.5 MiB,2484.8 MiB,9067.6 MiB,4096.0 MiB,3680.7 MiB,415.2 MiB,12703.4 MiB
1,Python 3.10.11,binarytrees.py 21,17,1694298976,1329248,python,0:04.28,502952,342316,6928,0.0,2.1,3,0,0:04,0,4,358208,0,245k,0,342316,319,9,280,30,0,98.2,1.8,0.0,0.0,0.0,0.0,0.0,0.0,15794.9 MiB,4242.3 MiB,2485.0 MiB,9067.6 MiB,4096.0 MiB,3680.7 MiB,415.2 MiB,12703.2 MiB
1,Python 3.10.11,binarytrees.py 21,18,1694298978,1329248,python,0:04.28,502952,342316,6928,0.0,2.1,3,0,0:04,0,4,358208,0,245k,0,342316,319,10,279,30,0,98.1,1.9,0.0,0.0,0.0,0.0,0.0,0.0,15794.9 MiB,4239.1 MiB,2488.2 MiB,9067.6 MiB,4096.0 MiB,3680.7 MiB,415.2 MiB,12700.1 MiB
1,Python 3.10.11,binarytrees.py 21,19,1694298979,1329248,python,0:04.28,502952,342316,6928,0.0,2.1,3,0,0:04,0,4,358208,0,245k,0,342316,319,9,280,30,0,98.8,1.2,0.0,0.0,0.0,0.0,0.0,0.0,15794.9 MiB,4237.6 MiB,2489.7 MiB,9067.6 MiB,4096.0 MiB,3680.7 MiB,415.2 MiB,12698.5 MiB
1,Python 3.10.11,binarytrees.py 21,20,1694298980,1329248,python,0:04.28,502952,342316,6928,0.0,2.1,3,0,0:04,0,4,358208,0,245k,0,342316,319,9,280,30,0,97.6,2.4,0.0,0.0,0.0,0.0,0.0,0.0,15794.9 MiB,4230.8 MiB,2496.5 MiB,9067.6 MiB,4096.0 MiB,3680.7 MiB,415.2 MiB,12691.7 MiB
1,Python 3.10.11,binarytrees.py 21,21,1694298982,1329248,python,0:04.28,502952,342316,6928,0.0,2.1,3,0,0:04,0,4,358208,0,245k,0,342316,319,9,280,30,0,98.9,1.1,0.0,0.0,0.0,0.0,0.0,0.0,15794.9 MiB,4235.1 MiB,2492.2 MiB,9067.6 MiB,4096.0 MiB,3680.7 MiB,415.2 MiB,12696.0 MiB
1,Python 3.10.11,binarytrees.py 21,22,1694298983,1329248,python,0:04.28,502952,342316,6928,0.0,2.1,3,0,0:04,0,4,358208,0,245k,0,342316,319,9,280,30,0,97.1,2.9,0.0,0.0,0.0,0.0,0.0,0.0,15794.9 MiB,4233.9 MiB,2493.3 MiB,9067.6 MiB,4096.0 MiB,3680.7 MiB,415.2 MiB,12694.9 MiB
1,Python 3.10.11,binarytrees.py 21,23,1694298984,1329248,python,0:04.28,502952,342316,6928,0.0,2.1,3,0,0:04,0,4,358208,0,245k,0,342316,319,9,280,30,0,98.1,1.9,0.0,0.0,0.0,0.0,0.0,0.0,15794.9 MiB,4231.9 MiB,2495.4 MiB,9067.6 MiB,4096.0 MiB,3680.7 MiB,415.2 MiB,12692.8 MiB
1,Python 3.10.11,binarytrees.py 21,24,1694298986,1329248,python,0:04.28,502952,342316,6928,0.0,2.1,3,0,0:04,0,4,358208,0,245k,0,342316,319,9,280,30,0,98.1,1.9,0.0,0.0,0.0,0.0,0.0,0.0,15794.9 MiB,4230.8 MiB,2496.5 MiB,9067.6 MiB,4096.0 MiB,3680.7 MiB,415.2 MiB,12691.7 MiB
1,Python 3.10.11,binarytrees.py 21,25,1694298987,1329248,python,0:04.28,502952,342316,6928,0.0,2.1,3,0,0:04,0,4,358208,0,245k,0,342316,319,9,280,30,0,98.2,1.8,0.0,0.0,0.0,0.0,0.0,0.0,15794.9 MiB,4229.3 MiB,2497.9 MiB,9067.6 MiB,4096.0 MiB,3680.7 MiB,415.2 MiB,12690.3 MiB
1,Python 3.10.11,binarytrees.py 21,26,1694298988,1329248,python,0:04.28,502952,342316,6928,0.0,2.1,3,0,0:04,0,4,358208,0,245k,0,342316,319,9,280,30,0,98.3,1.7,0.0,0.0,0.0,0.0,0.0,0.0,15794.9 MiB,4227.8 MiB,2499.5 MiB,9067.6 MiB,4096.0 MiB,3680.7 MiB,415.2 MiB,12688.7 MiB
1,Python 3.10.11,binarytrees.py 21,27,1694298989,1329248,python,0:04.28,502952,342316,6928,0.0,2.1,3,0,0:04,0,4,358208,0,245k,0,342316,319,9,280,30,0,98.8,1.2,0.0,0.0,0.0,0.0,0.0,0.0,15794.9 MiB,4227.3 MiB,2499.9 MiB,9067.6 MiB,4096.0 MiB,3680.7 MiB,415.2 MiB,12688.2 MiB
1,Python 3.10.11,binarytrees.py 21,28,1694298991,1329248,python,0:04.28,502952,342316,6928,0.0,2.1,3,0,0:04,0,4,358208,0,245k,0,342316,319,9,280,30,0,97.7,2.3,0.0,0.0,0.0,0.0,0.0,0.0,15794.9 MiB,4226.8 MiB,2500.4 MiB,9067.6 MiB,4096.0 MiB,3680.7 MiB,415.2 MiB,12687.8 MiB
1,Python 3.10.11,binarytrees.py 21,29,1694298992,1329248,python,0:04.28,502952,342316,6928,0.0,2.1,3,0,0:04,0,4,358208,0,245k,0,342316,319,9,280,30,0,98.2,1.8,0.0,0.0,0.0,0.0,0.0,0.0,15794.9 MiB,4226.6 MiB,2500.7 MiB,9067.6 MiB,4096.0 MiB,3680.7 MiB,415.2 MiB,12687.5 MiB
1,Python 3.10.11,binarytrees.py 21,30,1694298993,1329248,python,0:04.28,502952,342316,6928,0.0,2.1,3,0,0:04,0,4,358208,0,245k,0,342316,319,9,280,30,0,97.6,2.4,0.0,0.0,0.0,0.0,0.0,0.0,15794.9 MiB,4226.6 MiB,2500.7 MiB,9067.6 MiB,4096.0 MiB,3680.7 MiB,415.2 MiB,12687.5 MiB
1,Python 3.10.11,binarytrees.py 21,31,1694298995,1329248,python,0:04.28,502952,342316,6928,0.0,2.1,3,0,0:04,0,4,358208,0,245k,0,342316,319,9,280,30,0,98.3,1.7,0.0,0.0,0.0,0.0,0.0,0.0,15794.9 MiB,4226.1 MiB,2501.2 MiB,9067.6 MiB,4096.0 MiB,3680.7 MiB,415.2 MiB,12687.0 MiB
1,Python 3.10.11,binarytrees.py 21,32,1694298996,1329248,python,0:04.28,502952,342316,6928,0.0,2.1,3,0,0:04,0,4,358208,0,245k,0,342316,319,9,280,30,0,98.8,1.2,0.0,0.0,0.0,0.0,0.0,0.0,15794.9 MiB,4226.1 MiB,2501.2 MiB,9067.6 MiB,4096.0 MiB,3680.7 MiB,415.2 MiB,12687.0 MiB
1,Python 3.10.11,binarytrees.py 21,33,1694298997,1329248,python,0:04.28,502952,342316,6928,0.0,2.1,3,0,0:04,0,4,358208,0,245k,0,342316,319,9,280,30,0,98.3,1.7,0.0,0.0,0.0,0.0,0.0,0.0,15794.9 MiB,4225.6 MiB,2501.7 MiB,9067.6 MiB,4096.0 MiB,3680.7 MiB,415.2 MiB,12686.5 MiB
1,Python 3.10.11,binarytrees.py 21,34,1694298999,1329248,python,0:04.28,502952,342316,6928,0.0,2.1,3,0,0:04,0,4,358208,0,245k,0,342316,319,9,280,30,0,98.9,1.1,0.0,0.0,0.0,0.0,0.0,0.0,15794.9 MiB,4225.1 MiB,2502.2 MiB,9067.6 MiB,4096.0 MiB,3680.7 MiB,415.2 MiB,12686.0 MiB
1,Python 3.10.11,binarytrees.py 21,35,1694299000,1329248,python,0:04.28,502952,342316,6928,0.0,2.1,3,0,0:04,0,4,358208,0,245k,0,342316,319,9,280,30,0,97.1,2.9,0.0,0.0,0.0,0.0,0.0,0.0,15794.9 MiB,4224.9 MiB,2502.4 MiB,9067.6 MiB,4096.0 MiB,3680.7 MiB,415.2 MiB,12685.8 MiB
1,Python 3.10.11,binarytrees.py 21,36,1694299001,1329248,python,0:04.28,502952,342316,6928,0.0,2.1,3,0,0:04,0,4,358208,0,245k,0,342316,319,9,280,30,0,97.7,2.3,0.0,0.0,0.0,0.0,0.0,0.0,15794.9 MiB,4224.6 MiB,2502.6 MiB,9067.6 MiB,4096.0 MiB,3680.7 MiB,415.2 MiB,12685.6 MiB
1,Python 3.10.11,binarytrees.py 21,37,1694299002,1329248,python,0:04.28,502952,342316,6928,0.0,2.1,3,0,0:04,0,4,358208,0,245k,0,342316,319,9,280,30,0,97.9,2.1,0.0,0.0,0.0,0.0,0.0,0.0,15794.9 MiB,4224.4 MiB,2502.9 MiB,9067.6 MiB,4096.0 MiB,3680.7 MiB,415.2 MiB,12685.3 MiB
1,Python 3.10.11,binarytrees.py 21,38,1694299004,1329248,python,0:04.28,502952,342316,6928,0.0,2.1,3,0,0:04,0,4,358208,0,245k,0,342316,319,9,280,30,0,98.3,1.7,0.0,0.0,0.0,0.0,0.0,0.0,15794.9 MiB,4224.4 MiB,2502.9 MiB,9067.6 MiB,4096.0 MiB,3680.7 MiB,415.2 MiB,12685.3 MiB
1,Python 3.10.11,binarytrees.py 21,39,1694299005,1329248,python,0:04.28,502952,342316,6928,0.0,2.1,3,0,0:04,0,4,358208,0,245k,0,342316,319,9,280,30,0,98.9,1.1,0.0,0.0,0.0,0.0,0.0,0.0,15794.9 MiB,4224.6 MiB,2502.6 MiB,9067.6 MiB,4096.0 MiB,3680.7 MiB,415.2 MiB,12685.6 MiB
1,Python 3.10.11,binarytrees.py 21,40,1694299006,1329248,python,0:04.28,502952,342316,6928,0.0,2.1,3,0,0:04,0,4,358208,0,245k,0,342316,319,9,280,30,0,97.7,2.3,0.0,0.0,0.0,0.0,0.0,0.0,15794.9 MiB,4225.8 MiB,2501.4 MiB,9067.6 MiB,4096.0 MiB,3680.7 MiB,415.2 MiB,12686.8 MiB
1,Python 3.10.11,binarytrees.py 21,41,1694299008,1329248,python,0:04.28,502952,342316,6928,0.0,2.1,3,0,0:04,0,4,358208,0,245k,0,342316,319,9,280,30,0,97.4,2.6,0.0,0.0,0.0,0.0,0.0,0.0,15794.9 MiB,4225.8 MiB,2501.4 MiB,9067.6 MiB,4096.0 MiB,3680.7 MiB,415.2 MiB,12686.8 MiB
1,Python 3.10.11,binarytrees.py 21,42,1694299009,1329248,python,0:04.28,502952,342316,6928,0.0,2.1,3,0,0:04,0,4,358208,0,245k,0,342316,319,9,280,30,0,98.4,1.6,0.0,0.0,0.0,0.0,0.0,0.0,15794.9 MiB,4225.6 MiB,2501.6 MiB,9067.6 MiB,4096.0 MiB,3680.7 MiB,415.2 MiB,12686.6 MiB
1,Python 3.10.11,binarytrees.py 21,43,1694299010,1329248,python,0:04.28,502952,342316,6928,0.0,2.1,3,0,0:04,0,4,358208,0,245k,0,342316,319,9,280,30,0,98.3,1.7,0.0,0.0,0.0,0.0,0.0,0.0,15794.9 MiB,4225.1 MiB,2502.1 MiB,9067.6 MiB,4096.0 MiB,3680.7 MiB,415.2 MiB,12686.1 MiB
1,Python 3.10.11,binarytrees.py 21,44,1694299012,1329248,python,0:04.28,502952,342316,6928,0.0,2.1,3,0,0:04,0,4,358208,0,245k,0,342316,319,9,280,30,0,98.4,1.6,0.0,0.0,0.0,0.0,0.0,0.0,15794.9 MiB,4224.1 MiB,2503.1 MiB,9067.6 MiB,4096.0 MiB,3680.7 MiB,415.2 MiB,12685.1 MiB
1,Python 3.10.11,binarytrees.py 21,45,1694299013,1329248,python,0:04.28,502952,342316,6928,0.0,2.1,3,0,0:04,0,4,358208,0,245k,0,342316,319,9,280,30,0,97.8,1.6,0.0,0.0,0.0,0.0,0.5,0.0,15794.9 MiB,4223.6 MiB,2503.6 MiB,9067.6 MiB,4096.0 MiB,3680.7 MiB,415.2 MiB,12684.6 MiB
1,Python 3.10.11,binarytrees.py 21,46,1694299014,1329248,python,0:04.28,502952,342316,6928,0.0,2.1,3,0,0:04,0,4,358208,0,245k,0,342316,319,9,280,30,0,97.4,2.6,0.0,0.0,0.0,0.0,0.0,0.0,15794.9 MiB,4224.6 MiB,2502.6 MiB,9067.6 MiB,4096.0 MiB,3680.7 MiB,415.2 MiB,12685.6 MiB
1,Python 3.10.11,binarytrees.py 21,47,1694299016,1329248,python,0:04.28,502952,342316,6928,0.0,2.1,3,0,0:04,0,4,358208,0,245k,0,342316,319,9,280,30,0,98.4,1.6,0.0,0.0,0.0,0.0,0.0,0.0,15794.9 MiB,4224.1 MiB,2503.1 MiB,9067.6 MiB,4096.0 MiB,3680.7 MiB,415.2 MiB,12685.1 MiB
1,Python 3.10.11,binarytrees.py 21,48,1694299017,1329248,python,0:04.28,502952,342316,6928,0.0,2.1,3,0,0:04,0,4,358208,0,245k,0,342316,319,9,280,30,0,98.5,1.5,0.0,0.0,0.0,0.0,0.0,0.0,15794.9 MiB,4224.1 MiB,2503.1 MiB,9067.7 MiB,4096.0 MiB,3680.7 MiB,415.2 MiB,12685.1 MiB
1,Python 3.10.11,binarytrees.py 21,49,1694299018,1329248,python,0:04.28,502952,342316,6928,0.0,2.1,3,0,0:04,0,4,358208,0,245k,0,342316,319,9,280,30,0,97.9,2.1,0.0,0.0,0.0,0.0,0.0,0.0,15794.9 MiB,4224.4 MiB,2502.8 MiB,9067.7 MiB,4096.0 MiB,3680.7 MiB,415.2 MiB,12685.4 MiB
1,Python 3.10.11,binarytrees.py 21,50,1694299020,1329248,python,0:04.28,502952,342316,6928,0.0,2.1,3,0,0:04,0,4,358208,0,245k,0,342316,319,9,280,30,0,97.7,2.3,0.0,0.0,0.0,0.0,0.0,0.0,15794.9 MiB,4224.4 MiB,2503.0 MiB,9067.5 MiB,4096.0 MiB,3680.7 MiB,415.2 MiB,12685.4 MiB
1,Python 3.10.11,binarytrees.py 21,51,1694299021,1329248,python,0:04.28,502952,342332,6928,0.0,2.1,3,5,0:04,0,4,358208,0,245k,0,342332,319,9,280,30,0,97.8,2.2,0.0,0.0,0.0,0.0,0.0,0.0,15794.9 MiB,4219.4 MiB,2501.1 MiB,9074.3 MiB,4096.0 MiB,3680.7 MiB,415.2 MiB,12680.4 MiB
1,Python 3.10.11,binarytrees.py 21,52,1694299022,1329248,python,0:04.28,502952,342332,6928,0.0,2.1,3,5,0:04,0,4,358208,0,245k,0,342332,319,9,280,30,0,96.6,3.4,0.0,0.0,0.0,0.0,0.0,0.0,15794.9 MiB,4079.9 MiB,2640.2 MiB,9074.7 MiB,4096.0 MiB,3680.7 MiB,415.2 MiB,12540.9 MiB
1,Python 3.10.11,binarytrees.py 21,53,1694299024,1329248,python,0:04.28,502952,342332,6928,0.0,2.1,3,5,0:04,0,4,358208,0,245k,0,342332,319,9,280,30,0,97.8,2.2,0.0,0.0,0.0,0.0,0.0,0.0,15794.9 MiB,4076.5 MiB,2650.7 MiB,9067.7 MiB,4096.0 MiB,3680.7 MiB,415.2 MiB,12537.5 MiB
1,Python 3.10.11,binarytrees.py 21,54,1694299025,1329248,python,0:04.28,502952,342332,6928,0.0,2.1,3,5,0:04,0,4,358208,0,245k,0,342332,319,9,280,30,0,97.8,2.2,0.0,0.0,0.0,0.0,0.0,0.0,15794.9 MiB,3940.4 MiB,2786.8 MiB,9067.7 MiB,4096.0 MiB,3680.7 MiB,415.2 MiB,12401.4 MiB
1,Python 3.10.11,binarytrees.py 21,55,1694299026,1329248,python,0:04.28,502952,342332,6928,0.0,2.1,3,5,0:04,0,4,358208,0,245k,0,342332,319,8,281,30,0,88.8,2.0,0.0,9.2,0.0,0.0,0.0,0.0,15794.9 MiB,4071.1 MiB,2649.2 MiB,9074.6 MiB,4096.0 MiB,3680.7 MiB,415.2 MiB,12532.1 MiB
1,Python 3.10.11,binarytrees.py 21,56,1694299028,1329248,python,0:04.28,502952,342332,6928,0.0,2.1,3,4,0:04,0,4,358208,0,245k,0,342332,319,6,283,30,0,63.8,3.4,0.0,32.9,0.0,0.0,0.0,0.0,15794.9 MiB,3979.3 MiB,2740.9 MiB,9074.7 MiB,4096.0 MiB,3680.7 MiB,415.2 MiB,12440.3 MiB
1,Python 3.10.11,binarytrees.py 21,57,1694299029,1329248,python,0:04.28,502952,342332,6928,0.0,2.1,3,7,0:04,0,4,358208,0,245k,0,342332,319,4,285,30,0,40.8,3.4,0.0,55.8,0.0,0.0,0.0,0.0,15794.9 MiB,4041.8 MiB,2678.3 MiB,9074.7 MiB,4096.0 MiB,3680.7 MiB,415.2 MiB,12502.8 MiB
1,Python 3.10.11,binarytrees.py 21,58,1694299030,1329248,python,0:04.28,502952,342332,6928,0.0,2.1,3,7,0:04,0,4,358208,0,245k,0,342332,319,2,287,30,0,12.6,1.5,0.0,85.9,0.0,0.0,0.0,0.0,15794.9 MiB,4113.2 MiB,2607.0 MiB,9074.7 MiB,4096.0 MiB,3680.7 MiB,415.2 MiB,12574.2 MiB
1,Python 3.10.11,binarytrees.py 21,59,1694299031,1329248,python,0:04.28,502952,342332,6928,0.0,2.1,3,7,0:04,0,4,358208,0,245k,0,342332,319,2,287,30,0,12.9,0.8,0.0,86.4,0.0,0.0,0.0,0.0,15794.9 MiB,4011.8 MiB,2708.4 MiB,9074.7 MiB,4096.0 MiB,3680.7 MiB,415.2 MiB,12472.8 MiB
1,Python 3.10.11,binarytrees.py 21,60,1694299032,1329248,python,0:04.28,502952,342332,6928,0.0,2.1,3,7,0:04,0,4,358208,0,245k,0,342332,319,2,287,30,0,12.9,0.8,0.0,86.4,0.0,0.0,0.0,0.0,15794.9 MiB,4157.9 MiB,2569.2 MiB,9067.7 MiB,4096.0 MiB,3680.7 MiB,415.2 MiB,12619.0 MiB
1,Python 3.10.11,binarytrees.py 21,61,1694299034,1329248,python,0:04.28,502952,342332,6928,0.0,2.1,3,7,0:04,0,4,358208,0,245k,0,342332,319,2,287,30,0,11.9,3.0,0.0,85.1,0.0,0.0,0.0,0.0,15794.9 MiB,4105.5 MiB,2621.6 MiB,9067.7 MiB,4096.0 MiB,3680.7 MiB,415.2 MiB,12566.6 MiB
1,Python 3.10.11,binarytrees.py 21,62,1694299035,1329248,python,0:04.28,502952,342332,6928,0.0,2.1,3,7,0:04,0,4,358208,0,245k,0,342332,319,2,287,30,0,12.0,3.0,0.0,85.0,0.0,0.0,0.0,0.0,15794.9 MiB,4073.3 MiB,2653.9 MiB,9067.7 MiB,4096.0 MiB,3680.7 MiB,415.2 MiB,12534.3 MiB
1,Python 3.10.11,binarytrees.py 21,63,1694299036,1329248,python,0:04.28,502952,342332,6928,0.0,2.1,3,7,0:04,0,4,358208,0,245k,0,342332,319,2,287,30,0,13.3,1.5,0.0,85.2,0.0,0.0,0.0,0.0,15794.9 MiB,4159.0 MiB,2568.1 MiB,9067.7 MiB,4096.0 MiB,3680.7 MiB,415.2 MiB,12620.0 MiB
1,Python 3.10.11,binarytrees.py 21,64,1694299037,1329248,python,0:04.28,502952,342332,6928,0.0,2.1,3,7,0:04,0,4,358208,0,245k,0,342332,319,2,287,30,0,12.0,2.3,0.0,85.7,0.0,0.0,0.0,0.0,15794.9 MiB,4085.8 MiB,2641.3 MiB,9067.7 MiB,4096.0 MiB,3680.7 MiB,415.2 MiB,12546.9 MiB
1,Python 3.10.11,binarytrees.py 21,65,1694299038,1329248,python,0:04.28,502952,342332,6928,0.0,2.1,3,7,0:04,0,4,358208,0,245k,0,342332,319,2,287,30,0,12.0,1.5,0.0,86.5,0.0,0.0,0.0,0.0,15794.9 MiB,4156.5 MiB,2570.6 MiB,9067.7 MiB,4096.0 MiB,3680.7 MiB,415.2 MiB,12617.5 MiB
1,Python 3.10.11,binarytrees.py 21,66,1694299039,1329248,python,0:04.28,502952,342332,6928,0.0,2.1,3,7,0:04,0,4,358208,0,245k,0,342332,319,2,287,30,0,13.5,0.8,0.0,85.7,0.0,0.0,0.0,0.0,15794.9 MiB,4157.7 MiB,2569.4 MiB,9067.8 MiB,4096.0 MiB,3680.7 MiB,415.2 MiB,12618.7 MiB
1,Python 3.10.11,binarytrees.py 21,67,1694299041,1329248,python,0:04.28,502952,342332,6928,0.0,2.1,3,7,0:04,0,4,358208,0,245k,0,342332,319,2,287,30,0,11.4,2.3,0.0,86.4,0.0,0.0,0.0,0.0,15794.9 MiB,4059.5 MiB,2667.6 MiB,9067.8 MiB,4096.0 MiB,3680.7 MiB,415.2 MiB,12520.5 MiB
1,Python 3.10.11,binarytrees.py 21,68,1694299042,1329248,python,0:04.28,502952,342332,6928,0.0,2.1,3,7,0:04,0,4,358208,0,245k,0,342332,319,2,287,30,0,12.7,2.2,0.0,85.1,0.0,0.0,0.0,0.0,15794.9 MiB,4154.7 MiB,2572.4 MiB,9067.8 MiB,4096.0 MiB,3680.7 MiB,415.2 MiB,12615.7 MiB
1,Python 3.10.11,binarytrees.py 21,69,1694299043,1329248,python,0:04.28,502952,342332,6928,0.0,2.1,3,7,0:04,0,4,358208,0,245k,0,342332,319,2,287,30,0,13.4,0.7,0.0,85.8,0.0,0.0,0.0,0.0,15794.9 MiB,4148.6 MiB,2578.5 MiB,9067.8 MiB,4096.0 MiB,3680.7 MiB,415.2 MiB,12609.6 MiB
1,Python 3.10.11,binarytrees.py 21,70,1694299044,1329248,python,0:04.28,502952,342332,6928,0.0,2.1,3,7,0:04,0,4,358208,0,245k,0,342332,319,2,287,30,0,11.9,2.2,0.0,85.8,0.0,0.0,0.0,0.0,15794.9 MiB,4038.1 MiB,2689.0 MiB,9067.8 MiB,4096.0 MiB,3680.7 MiB,415.2 MiB,12499.1 MiB
1,Python 3.10.11,binarytrees.py 21,71,1694299045,1329248,python,0:04.28,502952,342332,6928,0.0,2.1,3,7,0:04,0,4,358208,0,245k,0,342332,319,2,287,30,0,13.5,0.8,0.0,85.7,0.0,0.0,0.0,0.0,15794.9 MiB,4154.4 MiB,2572.7 MiB,9067.8 MiB,4096.0 MiB,3680.7 MiB,415.2 MiB,12615.4 MiB
1,Python 3.10.11,binarytrees.py 21,72,1694299047,1329248,python,0:04.28,502952,342332,6928,0.0,2.1,3,7,0:04,0,4,358208,0,245k,0,342332,319,2,287,30,0,12.0,2.3,0.0,85.7,0.0,0.0,0.0,0.0,15794.9 MiB,4129.2 MiB,2597.9 MiB,9067.8 MiB,4096.0 MiB,3680.7 MiB,415.2 MiB,12590.2 MiB
1,Python 3.10.11,binarytrees.py 21,73,1694299048,1329248,python,0:04.28,502952,342332,6928,0.0,2.1,3,7,0:04,0,4,358208,0,245k,0,342332,319,2,287,30,0,12.0,2.3,0.0,85.7,0.0,0.0,0.0,0.0,15794.9 MiB,4016.5 MiB,2710.6 MiB,9067.8 MiB,4096.0 MiB,3680.7 MiB,415.2 MiB,12477.5 MiB
1,Python 3.10.11,binarytrees.py 21,74,1694299049,1329248,python,0:04.28,502952,342332,6928,0.0,2.1,3,7,0:04,0,4,358208,0,245k,0,342332,319,2,287,30,0,12.8,1.5,0.0,85.7,0.0,0.0,0.0,0.0,15794.9 MiB,4150.6 MiB,2576.4 MiB,9067.8 MiB,4096.0 MiB,3680.7 MiB,415.2 MiB,12611.7 MiB
1,Python 3.10.11,binarytrees.py 21,75,1694299050,1329248,python,0:04.28,502952,342332,6928,0.0,2.1,3,7,0:04,0,4,358208,0,245k,0,342332,319,2,287,30,0,11.3,2.3,0.0,86.5,0.0,0.0,0.0,0.0,15794.9 MiB,4109.2 MiB,2617.8 MiB,9067.8 MiB,4096.0 MiB,3680.7 MiB,415.2 MiB,12570.3 MiB
1,Python 3.10.11,binarytrees.py 21,76,1694299051,1329248,python,0:04.28,502952,342332,6928,0.0,2.1,3,7,0:04,0,4,358208,0,245k,0,342332,319,2,287,30,0,12.0,2.3,0.0,85.7,0.0,0.0,0.0,0.0,15794.9 MiB,4073.2 MiB,2653.8 MiB,9067.8 MiB,4096.0 MiB,3680.7 MiB,415.2 MiB,12534.3 MiB
1,Python 3.10.11,binarytrees.py 21,77,1694299052,1329248,python,0:04.28,502952,342332,6928,0.0,2.1,3,7,0:04,0,4,358208,0,245k,0,342332,319,2,287,30,0,12.9,0.8,0.0,86.4,0.0,0.0,0.0,0.0,15794.9 MiB,4147.9 MiB,2579.2 MiB,9067.8 MiB,4096.0 MiB,3680.7 MiB,415.2 MiB,12608.9 MiB
1,Python 3.10.11,binarytrees.py 21,78,1694299054,1329248,python,0:04.28,502952,342332,6928,0.0,2.1,3,7,0:04,0,4,358208,0,245k,0,342332,319,2,287,30,0,12.7,2.2,0.0,85.1,0.0,0.0,0.0,0.0,15794.9 MiB,4085.1 MiB,2642.0 MiB,9067.8 MiB,4096.0 MiB,3680.7 MiB,415.2 MiB,12546.2 MiB
1,Python 3.10.11,binarytrees.py 21,79,1694299055,1329248,,,,,,,,,,,,,,,,,,310,1,279,30,0,0.8,0.8,0.0,98.5,0.0,0.0,0.0,0.0,15794.9 MiB,4685.1 MiB,2035.0 MiB,9074.8 MiB,4096.0 MiB,3680.7 MiB,415.2 MiB,13146.1 MiB
2,Python 3.10.11,binarytrees.py 21,0,1694299056,1329883,python,0:00.12,58392,49956,7060,75.0,0.3,1,4,0:00,0,4,44464,0,12k,0,49956,311,2,279,30,0,17.1,9.3,0.0,73.6,0.0,0.0,0.0,0.0,15794.9 MiB,4645.0 MiB,2075.1 MiB,9074.8 MiB,4096.0 MiB,3680.7 MiB,415.2 MiB,13106.1 MiB
2,Python 3.10.11,binarytrees.py 21,1,1694299057,1329883,python,0:01.29,589984,572940,7060,100.0,3.5,1,4,0:01,0,4,576056,0,139k,0,572940,311,2,279,30,0,12.1,2.3,0.0,85.6,0.0,0.0,0.0,0.0,15794.9 MiB,4133.6 MiB,2586.5 MiB,9074.8 MiB,4096.0 MiB,3680.7 MiB,415.2 MiB,12594.7 MiB
2,Python 3.10.11,binarytrees.py 21,2,1694299058,1329883,python,0:02.47,689312,671148,7060,100.0,4.1,1,4,0:02,0,4,675384,0,163k,0,671148,311,2,279,30,0,12.8,0.8,0.0,86.5,0.0,0.0,0.0,0.0,15794.9 MiB,4041.6 MiB,2685.4 MiB,9067.9 MiB,4096.0 MiB,3680.7 MiB,415.2 MiB,12502.7 MiB
2,Python 3.10.11,binarytrees.py 21,3,1694299059,1329883,python,0:03.64,171168,161356,7060,100.0,1.0,1,0,0:03,0,4,157240,0,199k,0,161356,311,3,278,30,0,11.4,2.3,0.0,86.4,0.0,0.0,0.0,0.0,15794.9 MiB,4548.5 MiB,2178.5 MiB,9067.9 MiB,4096.0 MiB,3680.7 MiB,415.2 MiB,13009.6 MiB
2,Python 3.10.11,binarytrees.py 21,4,1694299061,1329883,python,0:04.81,355488,342428,7060,100.0,2.1,1,0,0:04,0,4,341560,0,244k,0,342428,313,2,281,30,0,12.1,2.3,0.0,85.6,0.0,0.0,0.0,0.0,15794.9 MiB,4364.9 MiB,2362.1 MiB,9067.8 MiB,4096.0 MiB,3680.7 MiB,415.2 MiB,12826.0 MiB
2,Python 3.10.11,binarytrees.py 21,5,1694299062,1329883,python,0:04.83,502952,342456,7064,0.0,2.1,3,0,0:04,0,4,358208,0,245k,0,342456,319,9,280,30,0,97.3,2.7,0.0,0.0,0.0,0.0,0.0,0.0,15794.9 MiB,4266.7 MiB,2453.4 MiB,9074.8 MiB,4096.0 MiB,3680.7 MiB,415.2 MiB,12727.8 MiB
2,Python 3.10.11,binarytrees.py 21,6,1694299063,1329883,python,0:04.83,502952,342456,7064,0.0,2.1,3,0,0:04,0,4,358208,0,245k,0,342456,319,9,280,30,0,95.9,4.1,0.0,0.0,0.0,0.0,0.0,0.0,15794.9 MiB,4267.1 MiB,2459.8 MiB,9068.0 MiB,4096.0 MiB,3680.7 MiB,415.2 MiB,12728.2 MiB
2,Python 3.10.11,binarytrees.py 21,7,1694299064,1329883,python,0:04.83,502952,342456,7064,0.0,2.1,3,0,0:04,0,4,358208,0,245k,0,342456,319,9,280,30,0,98.0,2.0,0.0,0.0,0.0,0.0,0.0,0.0,15794.9 MiB,4256.4 MiB,2470.6 MiB,9067.8 MiB,4096.0 MiB,3680.7 MiB,415.2 MiB,12717.5 MiB
2,Python 3.10.11,binarytrees.py 21,8,1694299066,1329883,python,0:04.83,502952,342456,7064,0.0,2.1,3,0,0:04,0,4,358208,0,245k,0,342456,319,9,280,30,0,97.3,2.7,0.0,0.0,0.0,0.0,0.0,0.0,15794.9 MiB,4267.9 MiB,2459.2 MiB,9067.8 MiB,4096.0 MiB,3680.7 MiB,415.2 MiB,12728.9 MiB
2,Python 3.10.11,binarytrees.py 21,9,1694299067,1329883,python,0:04.83,502952,342456,7064,0.0,2.1,3,0,0:04,0,4,358208,0,245k,0,342456,319,9,280,30,0,96.7,3.3,0.0,0.0,0.0,0.0,0.0,0.0,15794.9 MiB,4264.4 MiB,2462.6 MiB,9067.9 MiB,4096.0 MiB,3680.7 MiB,415.2 MiB,12725.5 MiB
2,Python 3.10.11,binarytrees.py 21,10,1694299068,1329883,python,0:04.83,502952,342456,7064,0.0,2.1,3,0,0:04,0,4,358208,0,245k,0,342456,319,9,280,30,0,96.7,3.3,0.0,0.0,0.0,0.0,0.0,0.0,15794.9 MiB,4241.4 MiB,2485.6 MiB,9067.8 MiB,4096.0 MiB,3680.7 MiB,415.2 MiB,12702.5 MiB
2,Python 3.10.11,binarytrees.py 21,11,1694299070,1329883,python,0:04.83,502952,342456,7064,0.0,2.1,3,0,0:04,0,4,358208,0,245k,0,342456,319,9,280,30,0,97.3,2.7,0.0,0.0,0.0,0.0,0.0,0.0,15794.9 MiB,4260.1 MiB,2466.9 MiB,9067.8 MiB,4096.0 MiB,3680.7 MiB,415.2 MiB,12721.2 MiB
2,Python 3.10.11,binarytrees.py 21,12,1694299071,1329883,python,0:04.83,502952,342456,7064,0.0,2.1,3,0,0:04,0,4,358208,0,245k,0,342456,319,9,280,30,0,98.4,1.6,0.0,0.0,0.0,0.0,0.0,0.0,15794.9 MiB,4261.6 MiB,2465.4 MiB,9067.8 MiB,4096.0 MiB,3680.7 MiB,415.2 MiB,12722.7 MiB
2,Python 3.10.11,binarytrees.py 21,13,1694299072,1329883,python,0:04.83,502952,342456,7064,0.0,2.1,3,0,0:04,0,4,358208,0,245k,0,342456,319,9,280,30,0,98.5,1.5,0.0,0.0,0.0,0.0,0.0,0.0,15794.9 MiB,4260.1 MiB,2466.9 MiB,9067.8 MiB,4096.0 MiB,3680.7 MiB,415.2 MiB,12721.2 MiB
2,Python 3.10.11,binarytrees.py 21,14,1694299074,1329883,python,0:04.83,502952,342456,7064,0.0,2.1,3,0,0:04,0,4,358208,0,245k,0,342456,319,9,280,30,0,96.8,3.2,0.0,0.0,0.0,0.0,0.0,0.0,15794.9 MiB,4239.5 MiB,2487.6 MiB,9067.8 MiB,4096.0 MiB,3680.7 MiB,415.2 MiB,12700.6 MiB
2,Python 3.10.11,binarytrees.py 21,15,1694299075,1329883,python,0:04.83,502952,342456,7064,0.0,2.1,3,0,0:04,0,4,358208,0,245k,0,342456,319,9,280,30,0,98.3,1.7,0.0,0.0,0.0,0.0,0.0,0.0,15794.9 MiB,4257.6 MiB,2469.4 MiB,9067.8 MiB,4096.0 MiB,3680.7 MiB,415.2 MiB,12718.7 MiB
2,Python 3.10.11,binarytrees.py 21,16,1694299076,1329883,python,0:04.83,502952,342456,7064,0.0,2.1,3,0,0:04,0,4,358208,0,245k,0,342456,319,9,280,30,0,97.9,2.1,0.0,0.0,0.0,0.0,0.0,0.0,15794.9 MiB,4255.7 MiB,2471.3 MiB,9067.8 MiB,4096.0 MiB,3680.7 MiB,415.2 MiB,12716.8 MiB
2,Python 3.10.11,binarytrees.py 21,17,1694299078,1329883,python,0:04.83,502952,342456,7064,0.0,2.1,3,0,0:04,0,4,358208,0,245k,0,342456,319,9,280,30,0,97.4,2.6,0.0,0.0,0.0,0.0,0.0,0.0,15794.9 MiB,4255.3 MiB,2471.7 MiB,9067.8 MiB,4096.0 MiB,3680.7 MiB,415.2 MiB,12716.4 MiB
2,Python 3.10.11,binarytrees.py 21,18,1694299079,1329883,python,0:04.83,502952,342456,7064,0.0,2.1,3,0,0:04,0,4,358208,0,245k,0,342456,319,9,280,30,0,98.3,1.7,0.0,0.0,0.0,0.0,0.0,0.0,15794.9 MiB,4237.3 MiB,2489.8 MiB,9067.8 MiB,4096.0 MiB,3680.7 MiB,415.2 MiB,12698.4 MiB
2,Python 3.10.11,binarytrees.py 21,19,1694299080,1329883,python,0:04.83,502952,342456,7064,0.0,2.1,3,0,0:04,0,4,358208,0,245k,0,342456,319,9,280,30,0,96.8,3.2,0.0,0.0,0.0,0.0,0.0,0.0,15794.9 MiB,4253.5 MiB,2473.8 MiB,9067.6 MiB,4096.0 MiB,3680.7 MiB,415.2 MiB,12714.6 MiB
2,Python 3.10.11,binarytrees.py 21,20,1694299082,1329883,python,0:04.83,502952,342456,7064,0.0,2.1,3,0,0:04,0,4,358208,0,245k,0,342456,319,9,280,30,0,98.4,1.6,0.0,0.0,0.0,0.0,0.0,0.0,15794.9 MiB,4252.1 MiB,2475.2 MiB,9067.6 MiB,4096.0 MiB,3680.7 MiB,415.2 MiB,12713.2 MiB
2,Python 3.10.11,binarytrees.py 21,21,1694299083,1329883,python,0:04.83,502952,342456,7064,0.0,2.1,3,0,0:04,0,4,358208,0,245k,0,342456,319,9,280,30,0,98.4,1.6,0.0,0.0,0.0,0.0,0.0,0.0,15794.9 MiB,4250.8 MiB,2476.5 MiB,9067.6 MiB,4096.0 MiB,3680.7 MiB,415.2 MiB,12711.9 MiB
2,Python 3.10.11,binarytrees.py 21,22,1694299084,1329883,python,0:04.83,502952,342456,7064,0.0,2.1,3,0,0:04,0,4,358208,0,245k,0,342456,319,9,280,30,0,97.3,2.7,0.0,0.0,0.0,0.0,0.0,0.0,15794.9 MiB,4234.6 MiB,2492.7 MiB,9067.6 MiB,4096.0 MiB,3680.7 MiB,415.2 MiB,12695.7 MiB
2,Python 3.10.11,binarytrees.py 21,23,1694299086,1329883,python,0:04.83,502952,342456,7064,0.0,2.1,3,0,0:04,0,4,358208,0,245k,0,342456,319,9,280,30,0,99.0,1.0,0.0,0.0,0.0,0.0,0.0,0.0,15794.9 MiB,4248.6 MiB,2478.7 MiB,9067.6 MiB,4096.0 MiB,3680.7 MiB,415.2 MiB,12709.7 MiB
2,Python 3.10.11,binarytrees.py 21,24,1694299087,1329883,python,0:04.83,502952,342456,7064,0.0,2.1,3,0,0:04,0,4,358208,0,245k,0,342456,319,9,280,30,0,98.4,1.6,0.0,0.0,0.0,0.0,0.0,0.0,15794.9 MiB,4247.9 MiB,2479.4 MiB,9067.6 MiB,4096.0 MiB,3680.7 MiB,415.2 MiB,12709.0 MiB
2,Python 3.10.11,binarytrees.py 21,25,1694299088,1329883,python,0:04.83,502952,342456,7064,0.0,2.1,3,0,0:04,0,4,358208,0,245k,0,342456,319,9,280,30,0,98.4,1.6,0.0,0.0,0.0,0.0,0.0,0.0,15794.9 MiB,4246.1 MiB,2481.1 MiB,9067.6 MiB,4096.0 MiB,3680.7 MiB,415.2 MiB,12707.3 MiB
2,Python 3.10.11,binarytrees.py 21,26,1694299090,1329883,python,0:04.83,502952,342456,7064,0.0,2.1,3,0,0:04,0,4,358208,0,245k,0,342456,319,9,280,30,0,97.3,2.7,0.0,0.0,0.0,0.0,0.0,0.0,15794.9 MiB,4235.6 MiB,2491.6 MiB,9067.6 MiB,4096.0 MiB,3680.7 MiB,415.2 MiB,12696.8 MiB
2,Python 3.10.11,binarytrees.py 21,27,1694299091,1329883,python,0:04.83,502952,342456,7064,0.0,2.1,3,0,0:04,0,4,358208,0,245k,0,342456,319,9,280,30,0,97.8,2.2,0.0,0.0,0.0,0.0,0.0,0.0,15794.9 MiB,4245.4 MiB,2481.9 MiB,9067.6 MiB,4096.0 MiB,3680.7 MiB,415.2 MiB,12706.5 MiB
2,Python 3.10.11,binarytrees.py 21,28,1694299092,1329883,python,0:04.83,502952,342456,7064,0.0,2.1,3,0,0:04,0,4,358208,0,245k,0,342456,319,9,280,30,0,97.9,2.1,0.0,0.0,0.0,0.0,0.0,0.0,15794.9 MiB,4244.2 MiB,2483.1 MiB,9067.6 MiB,4096.0 MiB,3680.7 MiB,415.2 MiB,12705.3 MiB
2,Python 3.10.11,binarytrees.py 21,29,1694299094,1329883,python,0:04.83,502952,342456,7064,0.0,2.1,3,0,0:04,0,4,358208,0,245k,0,342456,319,9,280,30,0,98.4,1.6,0.0,0.0,0.0,0.0,0.0,0.0,15794.9 MiB,4243.4 MiB,2483.8 MiB,9067.6 MiB,4096.0 MiB,3680.7 MiB,415.2 MiB,12704.6 MiB
2,Python 3.10.11,binarytrees.py 21,30,1694299095,1329883,python,0:04.83,502952,342456,7064,0.0,2.1,3,0,0:04,0,4,358208,0,245k,0,342456,319,9,280,30,0,96.8,3.2,0.0,0.0,0.0,0.0,0.0,0.0,15794.9 MiB,4240.7 MiB,2485.0 MiB,9069.1 MiB,4096.0 MiB,3680.7 MiB,415.2 MiB,12703.4 MiB
2,Python 3.10.11,binarytrees.py 21,31,1694299096,1329883,python,0:04.83,502952,342456,7064,0.0,2.1,3,0,0:04,0,4,358208,0,245k,0,342456,319,9,280,30,0,97.8,2.2,0.0,0.0,0.0,0.0,0.0,0.0,15794.9 MiB,4239.8 MiB,2485.7 MiB,9069.4 MiB,4096.0 MiB,3680.7 MiB,415.2 MiB,12702.6 MiB
2,Python 3.10.11,binarytrees.py 21,32,1694299098,1329883,python,0:04.83,502952,342456,7064,0.0,2.1,3,0,0:04,0,4,358208,0,245k,0,342456,319,9,280,30,0,97.3,2.7,0.0,0.0,0.0,0.0,0.0,0.0,15794.9 MiB,4238.0 MiB,2487.5 MiB,9069.4 MiB,4096.0 MiB,3680.7 MiB,415.2 MiB,12700.9 MiB
2,Python 3.10.11,binarytrees.py 21,33,1694299099,1329883,python,0:04.83,502952,342456,7064,0.0,2.1,3,0,0:04,0,4,358208,0,245k,0,342456,319,9,280,30,0,97.8,2.2,0.0,0.0,0.0,0.0,0.0,0.0,15794.9 MiB,4237.7 MiB,2487.8 MiB,9069.4 MiB,4096.0 MiB,3680.7 MiB,415.2 MiB,12700.6 MiB
2,Python 3.10.11,binarytrees.py 21,34,1694299100,1329883,python,0:04.83,502952,342456,7064,0.0,2.1,3,0,0:04,0,4,358208,0,245k,0,342456,319,9,280,30,0,97.8,2.2,0.0,0.0,0.0,0.0,0.0,0.0,15794.9 MiB,4236.0 MiB,2489.5 MiB,9069.4 MiB,4096.0 MiB,3680.7 MiB,415.2 MiB,12698.9 MiB
2,Python 3.10.11,binarytrees.py 21,35,1694299102,1329883,python,0:04.83,502952,342456,7064,0.0,2.1,3,0,0:04,0,4,358208,0,245k,0,342456,319,9,280,30,0,97.2,2.8,0.0,0.0,0.0,0.0,0.0,0.0,15794.9 MiB,4233.4 MiB,2492.1 MiB,9069.4 MiB,4096.0 MiB,3680.7 MiB,415.2 MiB,12696.3 MiB
2,Python 3.10.11,binarytrees.py 21,36,1694299103,1329883,python,0:04.83,502952,342456,7064,0.0,2.1,3,0,0:04,0,4,358208,0,245k,0,342456,319,9,280,30,0,97.8,2.2,0.0,0.0,0.0,0.0,0.0,0.0,15794.9 MiB,4235.9 MiB,2489.5 MiB,9069.4 MiB,4096.0 MiB,3680.7 MiB,415.2 MiB,12698.9 MiB
2,Python 3.10.11,binarytrees.py 21,37,1694299104,1329883,python,0:04.83,502952,342456,7064,0.0,2.1,3,0,0:04,0,4,358208,0,245k,0,342456,319,9,280,30,0,97.8,2.2,0.0,0.0,0.0,0.0,0.0,0.0,15794.9 MiB,4234.4 MiB,2491.1 MiB,9069.4 MiB,4096.0 MiB,3680.7 MiB,415.2 MiB,12697.3 MiB
2,Python 3.10.11,binarytrees.py 21,38,1694299106,1329883,python,0:04.83,502952,342456,7064,0.0,2.1,3,0,0:04,0,4,358208,0,245k,0,342456,319,9,280,30,0,97.9,2.1,0.0,0.0,0.0,0.0,0.0,0.0,15794.9 MiB,4233.4 MiB,2492.1 MiB,9069.4 MiB,4096.0 MiB,3680.7 MiB,415.2 MiB,12696.3 MiB
2,Python 3.10.11,binarytrees.py 21,39,1694299107,1329883,python,0:04.83,502952,342456,7064,0.0,2.1,3,0,0:04,0,4,358208,0,245k,0,342456,319,9,280,30,0,97.8,2.2,0.0,0.0,0.0,0.0,0.0,0.0,15794.9 MiB,4232.1 MiB,2493.3 MiB,9069.4 MiB,4096.0 MiB,3680.7 MiB,415.2 MiB,12695.1 MiB
2,Python 3.10.11,binarytrees.py 21,40,1694299108,1329883,python,0:04.83,502952,342456,7064,0.0,2.1,3,0,0:04,0,4,358208,0,245k,0,342456,319,9,280,30,0,97.8,2.2,0.0,0.0,0.0,0.0,0.0,0.0,15794.9 MiB,4232.1 MiB,2493.3 MiB,9069.4 MiB,4096.0 MiB,3680.7 MiB,415.2 MiB,12695.1 MiB
2,Python 3.10.11,binarytrees.py 21,41,1694299110,1329883,python,0:04.83,502952,342456,7064,0.0,2.1,3,0,0:04,0,4,358208,0,245k,0,342456,319,9,280,30,0,97.8,2.2,0.0,0.0,0.0,0.0,0.0,0.0,15794.9 MiB,4231.7 MiB,2493.8 MiB,9069.4 MiB,4096.0 MiB,3680.7 MiB,415.2 MiB,12694.6 MiB
2,Python 3.10.11,binarytrees.py 21,42,1694299111,1329883,python,0:04.83,502952,342456,7064,0.0,2.1,3,0,0:04,0,4,358208,0,245k,0,342456,319,9,280,30,0,98.9,1.1,0.0,0.0,0.0,0.0,0.0,0.0,15794.9 MiB,4231.7 MiB,2493.8 MiB,9069.4 MiB,4096.0 MiB,3680.7 MiB,415.2 MiB,12694.6 MiB
2,Python 3.10.11,binarytrees.py 21,43,1694299112,1329883,python,0:04.83,502952,342456,7064,0.0,2.1,3,0,0:04,0,4,358208,0,245k,0,342456,319,9,280,30,0,98.0,2.0,0.0,0.0,0.0,0.0,0.0,0.0,15794.9 MiB,4231.7 MiB,2493.8 MiB,9069.4 MiB,4096.0 MiB,3680.7 MiB,415.2 MiB,12694.6 MiB
2,Python 3.10.11,binarytrees.py 21,44,1694299114,1329883,python,0:04.83,502952,342456,7064,0.0,2.1,3,0,0:04,0,4,358208,0,245k,0,342456,319,9,280,30,0,98.3,1.7,0.0,0.0,0.0,0.0,0.0,0.0,15794.9 MiB,4231.7 MiB,2493.8 MiB,9069.4 MiB,4096.0 MiB,3680.7 MiB,415.2 MiB,12694.6 MiB
2,Python 3.10.11,binarytrees.py 21,45,1694299115,1329883,python,0:04.83,502952,342456,7064,0.0,2.1,3,0,0:04,0,4,358208,0,245k,0,342456,319,9,280,30,0,98.3,1.7,0.0,0.0,0.0,0.0,0.0,0.0,15794.9 MiB,4231.7 MiB,2493.8 MiB,9069.4 MiB,4096.0 MiB,3680.7 MiB,415.2 MiB,12694.6 MiB
2,Python 3.10.11,binarytrees.py 21,46,1694299116,1329883,python,0:04.83,502952,342456,7064,0.0,2.1,3,0,0:04,0,4,358208,0,245k,0,342456,319,9,280,30,0,97.8,2.2,0.0,0.0,0.0,0.0,0.0,0.0,15794.9 MiB,4231.4 MiB,2494.0 MiB,9069.4 MiB,4096.0 MiB,3680.7 MiB,415.2 MiB,12694.3 MiB
2,Python 3.10.11,binarytrees.py 21,47,1694299117,1329883,python,0:04.83,502952,342456,7064,0.0,2.1,3,0,0:04,0,4,358208,0,245k,0,342456,319,9,280,30,0,98.3,1.7,0.0,0.0,0.0,0.0,0.0,0.0,15794.9 MiB,4230.9 MiB,2494.5 MiB,9069.4 MiB,4096.0 MiB,3680.7 MiB,415.2 MiB,12693.9 MiB
2,Python 3.10.11,binarytrees.py 21,48,1694299119,1329883,python,0:04.83,502952,342456,7064,0.0,2.1,3,0,0:04,0,4,358208,0,245k,0,342456,319,9,280,30,0,98.4,1.6,0.0,0.0,0.0,0.0,0.0,0.0,15794.9 MiB,4230.9 MiB,2494.5 MiB,9069.4 MiB,4096.0 MiB,3680.7 MiB,415.2 MiB,12693.9 MiB
2,Python 3.10.11,binarytrees.py 21,49,1694299120,1329883,python,0:04.83,502952,342456,7064,0.0,2.1,3,0,0:04,0,4,358208,0,245k,0,342456,319,9,280,30,0,98.9,1.1,0.0,0.0,0.0,0.0,0.0,0.0,15794.9 MiB,4230.7 MiB,2494.8 MiB,9069.4 MiB,4096.0 MiB,3680.7 MiB,415.2 MiB,12693.6 MiB
2,Python 3.10.11,binarytrees.py 21,50,1694299121,1329883,python,0:04.83,502952,342456,7064,0.0,2.1,3,0,0:04,0,4,358208,0,245k,0,342456,319,9,280,30,0,98.4,1.6,0.0,0.0,0.0,0.0,0.0,0.0,15794.9 MiB,4229.9 MiB,2495.5 MiB,9069.4 MiB,4096.0 MiB,3680.7 MiB,415.2 MiB,12692.9 MiB
2,Python 3.10.11,binarytrees.py 21,51,1694299123,1329883,python,0:04.83,502952,342456,7064,0.0,2.1,3,0,0:04,0,4,358208,0,245k,0,342456,319,9,280,30,0,97.8,2.2,0.0,0.0,0.0,0.0,0.0,0.0,15794.9 MiB,4229.9 MiB,2495.5 MiB,9069.4 MiB,4096.0 MiB,3680.7 MiB,415.2 MiB,12692.9 MiB
2,Python 3.10.11,binarytrees.py 21,52,1694299124,1329883,python,0:04.83,502952,342456,7064,0.0,2.1,3,0,0:04,0,4,358208,0,245k,0,342456,319,9,280,30,0,97.3,2.7,0.0,0.0,0.0,0.0,0.0,0.0,15794.9 MiB,4229.7 MiB,2495.8 MiB,9069.4 MiB,4096.0 MiB,3680.7 MiB,415.2 MiB,12692.6 MiB
2,Python 3.10.11,binarytrees.py 21,53,1694299125,1329883,python,0:04.83,502952,342456,7064,0.0,2.1,3,0,0:04,0,4,358208,0,245k,0,342456,319,9,280,30,0,97.7,2.3,0.0,0.0,0.0,0.0,0.0,0.0,15794.9 MiB,4229.4 MiB,2496.0 MiB,9069.4 MiB,4096.0 MiB,3680.7 MiB,415.2 MiB,12692.4 MiB
2,Python 3.10.11,binarytrees.py 21,54,1694299127,1329883,python,0:04.83,502952,342456,7064,0.0,2.1,3,0,0:04,0,4,358208,0,245k,0,342456,319,9,280,30,0,97.9,2.1,0.0,0.0,0.0,0.0,0.0,0.0,15794.9 MiB,4229.4 MiB,2496.0 MiB,9069.4 MiB,4096.0 MiB,3680.7 MiB,415.2 MiB,12692.4 MiB
2,Python 3.10.11,binarytrees.py 21,55,1694299128,1329883,python,0:04.83,502952,342456,7064,0.0,2.1,3,0,0:04,0,4,358208,0,245k,0,342456,319,9,280,30,0,97.8,2.2,0.0,0.0,0.0,0.0,0.0,0.0,15794.9 MiB,4228.7 MiB,2496.7 MiB,9069.4 MiB,4096.0 MiB,3680.7 MiB,415.2 MiB,12691.7 MiB
2,Python 3.10.11,binarytrees.py 21,56,1694299129,1329883,python,0:04.83,502952,342456,7064,0.0,2.1,3,0,0:04,0,4,358208,0,245k,0,342456,319,9,280,30,0,99.0,1.0,0.0,0.0,0.0,0.0,0.0,0.0,15794.9 MiB,4228.2 MiB,2497.2 MiB,9069.4 MiB,4096.0 MiB,3680.7 MiB,415.2 MiB,12691.2 MiB
2,Python 3.10.11,binarytrees.py 21,57,1694299131,1329883,python,0:04.83,502952,342456,7064,0.0,2.1,3,0,0:04,0,4,358208,0,245k,0,342456,319,9,280,30,0,97.6,2.4,0.0,0.0,0.0,0.0,0.0,0.0,15794.9 MiB,4228.2 MiB,2497.2 MiB,9069.4 MiB,4096.0 MiB,3680.7 MiB,415.2 MiB,12691.2 MiB
2,Python 3.10.11,binarytrees.py 21,58,1694299132,1329883,python,0:04.83,502952,342456,7064,0.0,2.1,3,0,0:04,0,4,358208,0,245k,0,342456,319,9,280,30,0,97.4,2.6,0.0,0.0,0.0,0.0,0.0,0.0,15794.9 MiB,4228.2 MiB,2497.2 MiB,9069.4 MiB,4096.0 MiB,3680.7 MiB,415.2 MiB,12691.2 MiB
2,Python 3.10.11,binarytrees.py 21,59,1694299133,1329883,python,0:04.83,502952,342456,7064,0.0,2.1,3,0,0:04,0,4,358208,0,245k,0,342456,319,9,280,30,0,97.3,2.7,0.0,0.0,0.0,0.0,0.0,0.0,15794.9 MiB,4228.2 MiB,2497.2 MiB,9069.4 MiB,4096.0 MiB,3680.7 MiB,415.2 MiB,12691.2 MiB
2,Python 3.10.11,binarytrees.py 21,60,1694299135,1329883,python,0:04.83,502952,342456,7064,0.0,2.1,3,0,0:04,0,4,358208,0,245k,0,342456,319,9,280,30,0,99.0,1.0,0.0,0.0,0.0,0.0,0.0,0.0,15794.9 MiB,4228.2 MiB,2497.2 MiB,9069.4 MiB,4096.0 MiB,3680.7 MiB,415.2 MiB,12691.2 MiB
2,Python 3.10.11,binarytrees.py 21,61,1694299136,1329883,python,0:04.83,502952,342456,7064,0.0,2.1,3,0,0:04,0,4,358208,0,245k,0,342456,319,9,280,30,0,97.8,2.2,0.0,0.0,0.0,0.0,0.0,0.0,15794.9 MiB,4228.0 MiB,2497.4 MiB,9069.5 MiB,4096.0 MiB,3680.7 MiB,415.2 MiB,12690.9 MiB
2,Python 3.10.11,binarytrees.py 21,62,1694299137,1329883,python,0:04.83,502952,342456,7064,0.0,2.1,3,0,0:04,0,4,358208,0,245k,0,342456,319,9,280,30,0,98.9,1.1,0.0,0.0,0.0,0.0,0.0,0.0,15794.9 MiB,4227.7 MiB,2497.7 MiB,9069.5 MiB,4096.0 MiB,3680.7 MiB,415.2 MiB,12690.7 MiB
2,Python 3.10.11,binarytrees.py 21,63,1694299139,1329883,python,0:04.83,502952,342456,7064,0.0,2.1,3,0,0:04,0,4,358208,0,245k,0,342456,319,9,280,30,0,97.9,2.1,0.0,0.0,0.0,0.0,0.0,0.0,15794.9 MiB,4227.7 MiB,2497.7 MiB,9069.5 MiB,4096.0 MiB,3680.7 MiB,415.2 MiB,12690.7 MiB
2,Python 3.10.11,binarytrees.py 21,64,1694299140,1329883,python,0:04.83,502952,342456,7064,0.0,2.1,3,0,0:04,0,4,358208,0,245k,0,342456,319,9,280,30,0,97.8,2.2,0.0,0.0,0.0,0.0,0.0,0.0,15794.9 MiB,4227.2 MiB,2498.2 MiB,9069.5 MiB,4096.0 MiB,3680.7 MiB,415.2 MiB,12690.2 MiB
2,Python 3.10.11,binarytrees.py 21,65,1694299141,1329883,python,0:04.83,502952,342456,7064,0.0,2.1,3,0,0:04,0,4,358208,0,245k,0,342456,319,9,280,30,0,97.8,2.2,0.0,0.0,0.0,0.0,0.0,0.0,15794.9 MiB,4227.0 MiB,2498.4 MiB,9069.5 MiB,4096.0 MiB,3680.7 MiB,415.2 MiB,12690.0 MiB
2,Python 3.10.11,binarytrees.py 21,66,1694299143,1329883,python,0:04.83,502952,342456,7064,0.0,2.1,3,0,0:04,0,4,358208,0,245k,0,342456,319,9,280,30,0,97.9,2.1,0.0,0.0,0.0,0.0,0.0,0.0,15794.9 MiB,4227.0 MiB,2498.4 MiB,9069.5 MiB,4096.0 MiB,3680.7 MiB,415.2 MiB,12690.0 MiB
2,Python 3.10.11,binarytrees.py 21,67,1694299144,1329883,python,0:04.83,502952,342456,7064,0.0,2.1,3,0,0:04,0,4,358208,0,245k,0,342456,319,9,280,30,0,97.8,2.2,0.0,0.0,0.0,0.0,0.0,0.0,15794.9 MiB,4227.0 MiB,2498.4 MiB,9069.5 MiB,4096.0 MiB,3680.7 MiB,415.2 MiB,12690.0 MiB
2,Python 3.10.11,binarytrees.py 21,68,1694299145,1329883,python,0:04.83,502952,342456,7064,0.0,2.1,3,0,0:04,0,4,358208,0,245k,0,342456,319,9,280,30,0,97.4,2.6,0.0,0.0,0.0,0.0,0.0,0.0,15794.9 MiB,4227.0 MiB,2498.4 MiB,9069.5 MiB,4096.0 MiB,3680.7 MiB,415.2 MiB,12690.0 MiB
2,Python 3.10.11,binarytrees.py 21,69,1694299147,1329883,python,0:04.83,502952,342472,7064,0.0,2.1,3,0,0:04,0,4,358208,0,245k,0,342472,319,9,280,30,0,96.9,3.1,0.0,0.0,0.0,0.0,0.0,0.0,15794.9 MiB,4184.9 MiB,2533.5 MiB,9076.5 MiB,4096.0 MiB,3680.7 MiB,415.2 MiB,12647.9 MiB
2,Python 3.10.11,binarytrees.py 21,70,1694299148,1329883,python,0:04.83,502952,342472,7064,0.0,2.1,3,0,0:04,0,4,358208,0,245k,0,342472,319,9,280,30,0,97.4,2.6,0.0,0.0,0.0,0.0,0.0,0.0,15794.9 MiB,4088.9 MiB,2636.1 MiB,9069.8 MiB,4096.0 MiB,3680.7 MiB,415.2 MiB,12551.9 MiB
2,Python 3.10.11,binarytrees.py 21,71,1694299149,1329883,python,0:04.83,502952,342472,7064,0.0,2.1,3,0,0:04,0,4,358208,0,245k,0,342472,319,9,280,30,0,96.4,3.6,0.0,0.0,0.0,0.0,0.0,0.0,15794.9 MiB,4044.1 MiB,2681.1 MiB,9069.7 MiB,4096.0 MiB,3680.7 MiB,415.2 MiB,12507.1 MiB
2,Python 3.10.11,binarytrees.py 21,72,1694299151,1329883,python,0:04.83,502952,342472,7064,0.0,2.1,3,0,0:04,0,4,358208,0,245k,0,342472,319,8,281,30,0,87.3,3.8,0.0,8.9,0.0,0.0,0.0,0.0,15794.9 MiB,3965.9 MiB,2752.3 MiB,9076.7 MiB,4096.0 MiB,3680.7 MiB,415.2 MiB,12428.9 MiB
2,Python 3.10.11,binarytrees.py 21,73,1694299152,1329883,python,0:04.83,502952,342472,7064,0.0,2.1,3,0,0:04,0,4,358208,0,245k,0,342472,319,6,283,30,0,87.0,2.1,0.0,11.0,0.0,0.0,0.0,0.0,15794.9 MiB,4074.4 MiB,2650.6 MiB,9069.8 MiB,4096.0 MiB,3680.7 MiB,415.2 MiB,12537.4 MiB
2,Python 3.10.11,binarytrees.py 21,74,1694299153,1329883,python,0:04.83,502952,342472,7064,0.0,2.1,3,0,0:04,0,4,358208,0,245k,0,342472,319,3,286,30,0,26.3,0.7,0.0,73.0,0.0,0.0,0.0,0.0,15794.9 MiB,4077.6 MiB,2640.6 MiB,9076.7 MiB,4096.0 MiB,3680.7 MiB,415.2 MiB,12540.6 MiB
2,Python 3.10.11,binarytrees.py 21,75,1694299154,1329883,python,0:04.83,502952,342472,7064,0.0,2.1,3,0,0:04,0,4,358208,0,245k,0,342472,319,2,287,30,0,12.8,0.8,0.0,86.5,0.0,0.0,0.0,0.0,15794.9 MiB,4146.5 MiB,2571.7 MiB,9076.7 MiB,4096.0 MiB,3680.7 MiB,415.2 MiB,12609.5 MiB
2,Python 3.10.11,binarytrees.py 21,76,1694299155,1329883,python,0:04.83,502952,342472,7064,0.0,2.1,3,0,0:04,0,4,358208,0,245k,0,342472,319,2,287,30,0,12.1,1.5,0.0,86.4,0.0,0.0,0.0,0.0,15794.9 MiB,4057.7 MiB,2667.5 MiB,9069.7 MiB,4096.0 MiB,3680.7 MiB,415.2 MiB,12520.7 MiB
2,Python 3.10.11,binarytrees.py 21,77,1694299157,1329883,python,0:04.83,502952,342472,7064,0.0,2.1,3,0,0:04,0,4,358208,0,245k,0,342472,319,2,287,30,0,12.8,0.8,0.0,86.5,0.0,0.0,0.0,0.0,15794.9 MiB,4144.1 MiB,2581.0 MiB,9069.7 MiB,4096.0 MiB,3680.7 MiB,415.2 MiB,12607.2 MiB
2,Python 3.10.11,binarytrees.py 21,78,1694299158,1329883,python,0:04.83,502952,342472,7064,0.0,2.1,3,0,0:04,0,4,358208,0,245k,0,342472,319,2,287,30,0,13.3,2.2,0.0,84.4,0.0,0.0,0.0,0.0,15794.9 MiB,4144.1 MiB,2581.1 MiB,9069.7 MiB,4096.0 MiB,3680.7 MiB,415.2 MiB,12607.1 MiB
2,Python 3.10.11,binarytrees.py 21,79,1694299159,1329883,python,0:04.83,502952,342472,7064,0.0,2.1,3,0,0:04,0,4,358208,0,245k,0,342472,319,2,287,30,0,12.8,1.5,0.0,85.7,0.0,0.0,0.0,0.0,15794.9 MiB,4039.5 MiB,2685.7 MiB,9069.7 MiB,4096.0 MiB,3680.7 MiB,415.2 MiB,12502.5 MiB
2,Python 3.10.11,binarytrees.py 21,80,1694299160,1329883,python,0:04.83,502952,342472,7064,0.0,2.1,3,0,0:04,0,4,358208,0,245k,0,342472,319,2,287,30,0,14.2,0.7,0.0,85.1,0.0,0.0,0.0,0.0,15794.9 MiB,4142.2 MiB,2583.0 MiB,9069.7 MiB,4096.0 MiB,3680.7 MiB,415.2 MiB,12605.2 MiB
2,Python 3.10.11,binarytrees.py 21,81,1694299161,1329883,python,0:04.83,502952,342472,7064,0.0,2.1,3,0,0:04,0,4,358208,0,245k,0,342472,319,2,287,30,0,12.8,1.5,0.0,85.7,0.0,0.0,0.0,0.0,15794.9 MiB,4134.2 MiB,2590.9 MiB,9069.7 MiB,4096.0 MiB,3680.7 MiB,415.2 MiB,12597.3 MiB
2,Python 3.10.11,binarytrees.py 21,82,1694299162,1329883,python,0:04.83,502952,342472,7064,0.0,2.1,3,0,0:04,0,4,358208,0,245k,0,342472,319,2,287,30,0,12.2,1.5,0.0,86.3,0.0,0.0,0.0,0.0,15794.9 MiB,4022.8 MiB,2702.4 MiB,9069.7 MiB,4096.0 MiB,3680.7 MiB,415.2 MiB,12485.8 MiB
2,Python 3.10.11,binarytrees.py 21,83,1694299164,1329883,python,0:04.83,502952,342472,7064,0.0,2.1,3,0,0:04,0,4,358208,0,245k,0,342472,319,2,287,30,0,12.8,1.5,0.0,85.7,0.0,0.0,0.0,0.0,15794.9 MiB,4149.6 MiB,2575.5 MiB,9069.7 MiB,4096.0 MiB,3680.7 MiB,415.2 MiB,12612.7 MiB
2,Python 3.10.11,binarytrees.py 21,84,1694299165,1329883,python,0:04.83,502952,342472,7064,0.0,2.1,3,0,0:04,0,4,358208,0,245k,0,342472,319,2,287,30,0,12.7,2.2,0.0,85.1,0.0,0.0,0.0,0.0,15794.9 MiB,4129.1 MiB,2596.1 MiB,9069.7 MiB,4096.0 MiB,3680.7 MiB,415.2 MiB,12592.1 MiB
2,Python 3.10.11,binarytrees.py 21,85,1694299166,1329883,python,0:04.83,502952,342472,7064,0.0,2.1,3,0,0:04,0,4,358208,0,245k,0,342472,319,2,287,30,0,12.0,2.3,0.0,85.7,0.0,0.0,0.0,0.0,15794.9 MiB,4022.5 MiB,2702.6 MiB,9069.7 MiB,4096.0 MiB,3680.7 MiB,415.2 MiB,12485.6 MiB
2,Python 3.10.11,binarytrees.py 21,86,1694299167,1329883,python,0:04.83,502952,342472,7064,0.0,2.1,3,0,0:04,0,4,358208,0,245k,0,342472,319,2,287,30,0,12.7,1.5,0.0,85.8,0.0,0.0,0.0,0.0,15794.9 MiB,4147.7 MiB,2577.4 MiB,9069.7 MiB,4096.0 MiB,3680.7 MiB,415.2 MiB,12610.8 MiB
2,Python 3.10.11,binarytrees.py 21,87,1694299168,1329883,python,0:04.83,502952,342472,7064,0.0,2.1,3,0,0:04,0,4,358208,0,245k,0,342472,319,2,287,30,0,12.1,1.5,0.0,86.4,0.0,0.0,0.0,0.0,15794.9 MiB,4116.5 MiB,2608.6 MiB,9069.7 MiB,4096.0 MiB,3680.7 MiB,415.2 MiB,12579.6 MiB
2,Python 3.10.11,binarytrees.py 21,88,1694299170,1329883,python,0:04.83,502952,342472,7064,0.0,2.1,3,0,0:04,0,4,358208,0,245k,0,342472,319,2,287,30,0,12.0,2.3,0.0,85.0,0.8,0.0,0.0,0.0,15794.9 MiB,4006.0 MiB,2719.1 MiB,9069.7 MiB,4096.0 MiB,3680.7 MiB,415.2 MiB,12469.1 MiB
2,Python 3.10.11,binarytrees.py 21,89,1694299171,1329883,python,0:04.83,502952,342472,7064,0.0,2.1,3,0,0:04,0,4,358208,0,245k,0,342472,319,2,287,30,0,12.2,0.8,0.0,87.0,0.0,0.0,0.0,0.0,15794.9 MiB,4146.5 MiB,2578.7 MiB,9069.7 MiB,4096.0 MiB,3680.7 MiB,415.2 MiB,12609.5 MiB
2,Python 3.10.11,binarytrees.py 21,90,1694299172,1329883,python,0:04.83,502952,342472,7064,0.0,2.1,3,0,0:04,0,4,358208,0,245k,0,342472,319,2,287,30,0,12.1,1.5,0.0,86.4,0.0,0.0,0.0,0.0,15794.9 MiB,4102.3 MiB,2622.9 MiB,9069.7 MiB,4096.0 MiB,3680.7 MiB,415.2 MiB,12565.3 MiB
2,Python 3.10.11,binarytrees.py 21,91,1694299173,1329883,python,0:04.83,502952,342472,7064,0.0,2.1,3,0,0:04,0,4,358208,0,245k,0,342472,319,2,287,30,0,11.4,2.3,0.0,86.4,0.0,0.0,0.0,0.0,15794.9 MiB,4061.1 MiB,2664.0 MiB,9069.7 MiB,4096.0 MiB,3680.7 MiB,415.2 MiB,12524.2 MiB
2,Python 3.10.11,binarytrees.py 21,92,1694299174,1329883,python,0:04.83,502952,342472,7064,0.0,2.1,3,0,0:04,0,4,358208,0,245k,0,342472,319,2,287,30,0,14.2,0.7,0.0,85.1,0.0,0.0,0.0,0.0,15794.9 MiB,4144.4 MiB,2580.7 MiB,9069.7 MiB,4096.0 MiB,3680.7 MiB,415.2 MiB,12607.5 MiB
2,Python 3.10.11,binarytrees.py 21,93,1694299175,1329883,python,0:04.83,502952,342472,7064,0.0,2.1,3,0,0:04,0,4,358208,0,245k,0,342472,319,2,287,30,0,12.0,2.3,0.0,85.0,0.8,0.0,0.0,0.0,15794.9 MiB,4088.5 MiB,2636.7 MiB,9069.7 MiB,4096.0 MiB,3680.7 MiB,415.2 MiB,12551.5 MiB
2,Python 3.10.11,binarytrees.py 21,94,1694299177,1329883,python,0:04.83,502952,342472,7064,0.0,2.1,3,0,0:04,0,4,358208,0,245k,0,342472,319,2,287,30,0,12.1,1.5,0.0,86.4,0.0,0.0,0.0,0.0,15794.9 MiB,4128.7 MiB,2596.4 MiB,9069.8 MiB,4096.0 MiB,3680.7 MiB,415.2 MiB,12591.8 MiB
2,Python 3.10.11,binarytrees.py 21,95,1694299178,1329883,python,0:04.83,502952,342472,7064,0.0,2.1,3,0,0:04,0,4,358208,0,245k,0,342472,319,2,287,30,0,12.9,0.8,0.0,86.4,0.0,0.0,0.0,0.0,15794.9 MiB,4141.4 MiB,2583.7 MiB,9069.8 MiB,4096.0 MiB,3680.7 MiB,415.2 MiB,12604.4 MiB
2,Python 3.10.11,binarytrees.py 21,96,1694299179,1329883,python,0:04.99,303272,145928,7064,106.7,0.9,3,0,0:04,0,4,158528,0,293k,0,145928,319,2,287,30,0,9.8,5.3,0.0,84.8,0.0,0.0,0.0,0.0,15794.9 MiB,4307.5 MiB,2410.6 MiB,9076.8 MiB,4096.0 MiB,3680.7 MiB,415.2 MiB,12770.6 MiB
3,Python 3.10.11,binarytrees.py 21,0,1694299180,1330542,python,0:00.11,58364,50088,6932,68.8,0.3,1,3,0:00,0,4,44436,0,12k,0,50088,311,2,279,30,0,16.8,8.4,0.0,74.8,0.0,0.0,0.0,0.0,15794.9 MiB,4651.3 MiB,2066.8 MiB,9076.8 MiB,4096.0 MiB,3680.7 MiB,415.2 MiB,13114.4 MiB
3,Python 3.10.11,binarytrees.py 21,1,1694299181,1330542,python,0:01.29,570540,554328,6932,100.0,3.4,1,3,0:01,0,4,556612,0,135k,0,554328,311,2,279,30,0,11.4,2.3,0.0,86.4,0.0,0.0,0.0,0.0,15794.9 MiB,4158.1 MiB,2560.0 MiB,9076.8 MiB,4096.0 MiB,3680.7 MiB,415.2 MiB,12621.2 MiB
3,Python 3.10.11,binarytrees.py 21,2,1694299182,1330542,python,0:02.47,689324,671016,6932,94.1,4.1,1,3,0:02,0,4,675396,0,163k,0,671016,311,2,279,30,0,12.9,1.4,0.0,85.7,0.0,0.0,0.0,0.0,15794.9 MiB,4048.1 MiB,2676.9 MiB,9069.8 MiB,4096.0 MiB,3680.7 MiB,415.2 MiB,12511.2 MiB
3,Python 3.10.11,binarytrees.py 21,3,1694299184,1330542,python,0:03.65,141484,131120,6932,100.0,0.8,1,3,0:03,0,4,127556,0,192k,0,131120,311,2,279,30,0,12.8,1.5,0.0,85.7,0.0,0.0,0.0,0.0,15794.9 MiB,4579.4 MiB,2145.6 MiB,9069.8 MiB,4096.0 MiB,3680.7 MiB,415.2 MiB,13042.5 MiB
3,Python 3.10.11,binarytrees.py 21,4,1694299185,1330542,python,0:04.83,355500,342056,6932,100.0,2.1,1,3,0:04,0,4,341572,0,243k,0,342056,311,2,279,30,0,13.4,1.5,0.0,85.1,0.0,0.0,0.0,0.0,15794.9 MiB,4370.0 MiB,2355.0 MiB,9069.8 MiB,4096.0 MiB,3680.7 MiB,415.2 MiB,12833.1 MiB
3,Python 3.10.11,binarytrees.py 21,5,1694299186,1330542,python,0:04.91,502964,342316,6936,0.0,2.1,3,7,0:04,0,4,358220,0,245k,0,342316,319,9,280,30,0,98.9,1.1,0.0,0.0,0.0,0.0,0.0,0.0,15794.9 MiB,4264.0 MiB,2454.1 MiB,9076.8 MiB,4096.0 MiB,3680.7 MiB,415.2 MiB,12727.1 MiB
3,Python 3.10.11,binarytrees.py 21,6,1694299187,1330542,python,0:04.91,502964,342316,6936,0.0,2.1,3,7,0:04,0,4,358220,0,245k,0,342316,319,9,280,30,0,97.3,2.7,0.0,0.0,0.0,0.0,0.0,0.0,15794.9 MiB,4240.3 MiB,2484.7 MiB,9069.8 MiB,4096.0 MiB,3680.7 MiB,415.2 MiB,12703.4 MiB
3,Python 3.10.11,binarytrees.py 21,7,1694299189,1330542,python,0:04.91,502964,342316,6936,0.0,2.1,3,7,0:04,0,4,358220,0,245k,0,342316,319,9,280,30,0,97.4,2.6,0.0,0.0,0.0,0.0,0.0,0.0,15794.9 MiB,4259.5 MiB,2465.5 MiB,9069.8 MiB,4096.0 MiB,3680.7 MiB,415.2 MiB,12722.6 MiB
3,Python 3.10.11,binarytrees.py 21,8,1694299190,1330542,python,0:04.91,502964,342316,6936,0.0,2.1,3,7,0:04,0,4,358220,0,245k,0,342316,319,9,280,30,0,97.4,2.6,0.0,0.0,0.0,0.0,0.0,0.0,15794.9 MiB,4259.3 MiB,2465.8 MiB,9069.8 MiB,4096.0 MiB,3680.7 MiB,415.2 MiB,12722.4 MiB
3,Python 3.10.11,binarytrees.py 21,9,1694299191,1330542,python,0:04.91,502964,342316,6936,0.0,2.1,3,7,0:04,0,4,358220,0,245k,0,342316,319,9,280,30,0,96.7,3.3,0.0,0.0,0.0,0.0,0.0,0.0,15794.9 MiB,4257.4 MiB,2467.7 MiB,9069.8 MiB,4096.0 MiB,3680.7 MiB,415.2 MiB,12720.5 MiB
3,Python 3.10.11,binarytrees.py 21,10,1694299193,1330542,python,0:04.91,502964,342316,6936,0.0,2.1,3,7,0:04,0,4,358220,0,245k,0,342316,319,9,280,30,0,96.7,3.3,0.0,0.0,0.0,0.0,0.0,0.0,15794.9 MiB,4245.5 MiB,2479.5 MiB,9069.8 MiB,4096.0 MiB,3680.7 MiB,415.2 MiB,12708.6 MiB
3,Python 3.10.11,binarytrees.py 21,11,1694299194,1330542,python,0:04.91,502964,342316,6936,0.0,2.1,3,7,0:04,0,4,358220,0,245k,0,342316,319,9,280,30,0,97.8,2.2,0.0,0.0,0.0,0.0,0.0,0.0,15794.9 MiB,4256.4 MiB,2468.7 MiB,9069.8 MiB,4096.0 MiB,3680.7 MiB,415.2 MiB,12719.5 MiB
3,Python 3.10.11,binarytrees.py 21,12,1694299195,1330542,python,0:04.91,502964,342316,6936,0.0,2.1,3,7,0:04,0,4,358220,0,245k,0,342316,319,9,280,30,0,98.3,1.7,0.0,0.0,0.0,0.0,0.0,0.0,15794.9 MiB,4254.6 MiB,2470.4 MiB,9069.8 MiB,4096.0 MiB,3680.7 MiB,415.2 MiB,12717.7 MiB
3,Python 3.10.11,binarytrees.py 21,13,1694299197,1330542,python,0:04.91,502964,342316,6936,0.0,2.1,3,7,0:04,0,4,358220,0,245k,0,342316,319,9,280,30,0,96.7,3.3,0.0,0.0,0.0,0.0,0.0,0.0,15794.9 MiB,4253.9 MiB,2471.2 MiB,9069.8 MiB,4096.0 MiB,3680.7 MiB,415.2 MiB,12717.0 MiB
3,Python 3.10.11,binarytrees.py 21,14,1694299198,1330542,python,0:04.91,502964,342316,6936,0.0,2.1,3,7,0:04,0,4,358220,0,245k,0,342316,319,9,280,30,0,96.7,3.3,0.0,0.0,0.0,0.0,0.0,0.0,15794.9 MiB,4244.5 MiB,2480.5 MiB,9069.8 MiB,4096.0 MiB,3680.7 MiB,415.2 MiB,12707.6 MiB
3,Python 3.10.11,binarytrees.py 21,15,1694299199,1330542,python,0:04.91,502964,342316,6936,0.0,2.1,3,7,0:04,0,4,358220,0,245k,0,342316,319,9,280,30,0,97.5,2.5,0.0,0.0,0.0,0.0,0.0,0.0,15794.9 MiB,4251.6 MiB,2473.4 MiB,9069.8 MiB,4096.0 MiB,3680.7 MiB,415.2 MiB,12714.7 MiB
3,Python 3.10.11,binarytrees.py 21,16,1694299201,1330542,python,0:04.91,502964,342316,6936,0.0,2.1,3,7,0:04,0,4,358220,0,245k,0,342316,319,9,280,30,0,98.4,1.6,0.0,0.0,0.0,0.0,0.0,0.0,15794.9 MiB,4250.1 MiB,2475.2 MiB,9069.6 MiB,4096.0 MiB,3680.7 MiB,415.2 MiB,12713.2 MiB
3,Python 3.10.11,binarytrees.py 21,17,1694299202,1330542,python,0:04.91,502964,342316,6936,0.0,2.1,3,7,0:04,0,4,358220,0,245k,0,342316,319,9,280,30,0,97.3,2.7,0.0,0.0,0.0,0.0,0.0,0.0,15794.9 MiB,4249.1 MiB,2476.2 MiB,9069.6 MiB,4096.0 MiB,3680.7 MiB,415.2 MiB,12712.2 MiB
3,Python 3.10.11,binarytrees.py 21,18,1694299203,1330542,python,0:04.91,502964,342316,6936,0.0,2.1,3,7,0:04,0,4,358220,0,245k,0,342316,319,9,280,30,0,97.2,2.8,0.0,0.0,0.0,0.0,0.0,0.0,15794.9 MiB,4242.8 MiB,2482.5 MiB,9069.6 MiB,4096.0 MiB,3680.7 MiB,415.2 MiB,12705.9 MiB
3,Python 3.10.11,binarytrees.py 21,19,1694299205,1330542,python,0:04.91,502964,342316,6936,0.0,2.1,3,7,0:04,0,4,358220,0,245k,0,342316,319,9,280,30,0,98.3,1.7,0.0,0.0,0.0,0.0,0.0,0.0,15794.9 MiB,4247.5 MiB,2477.8 MiB,9069.6 MiB,4096.0 MiB,3680.7 MiB,415.2 MiB,12710.6 MiB
3,Python 3.10.11,binarytrees.py 21,20,1694299206,1330542,python,0:04.91,502964,342316,6936,0.0,2.1,3,7,0:04,0,4,358220,0,245k,0,342316,319,9,280,30,0,98.3,1.7,0.0,0.0,0.0,0.0,0.0,0.0,15794.9 MiB,4246.3 MiB,2479.0 MiB,9069.6 MiB,4096.0 MiB,3680.7 MiB,415.2 MiB,12709.4 MiB
3,Python 3.10.11,binarytrees.py 21,21,1694299207,1330542,python,0:04.91,502964,342316,6936,0.0,2.1,3,7,0:04,0,4,358220,0,245k,0,342316,319,9,280,30,0,96.7,3.3,0.0,0.0,0.0,0.0,0.0,0.0,15794.9 MiB,4243.8 MiB,2481.5 MiB,9069.6 MiB,4096.0 MiB,3680.7 MiB,415.2 MiB,12706.9 MiB
3,Python 3.10.11,binarytrees.py 21,22,1694299209,1330542,python,0:04.91,502964,342316,6936,0.0,2.1,3,7,0:04,0,4,358220,0,245k,0,342316,319,9,280,30,0,97.8,2.2,0.0,0.0,0.0,0.0,0.0,0.0,15794.9 MiB,4236.4 MiB,2488.8 MiB,9069.6 MiB,4096.0 MiB,3680.7 MiB,415.2 MiB,12699.5 MiB
3,Python 3.10.11,binarytrees.py 21,23,1694299210,1330542,python,0:04.91,502964,342316,6936,0.0,2.1,3,7,0:04,0,4,358220,0,245k,0,342316,319,9,280,30,0,97.4,2.6,0.0,0.0,0.0,0.0,0.0,0.0,15794.9 MiB,4241.6 MiB,2483.6 MiB,9069.6 MiB,4096.0 MiB,3680.7 MiB,415.2 MiB,12704.7 MiB
3,Python 3.10.11,binarytrees.py 21,24,1694299211,1330542,python,0:04.91,502964,342316,6936,0.0,2.1,3,7,0:04,0,4,358220,0,245k,0,342316,319,9,280,30,0,97.8,2.2,0.0,0.0,0.0,0.0,0.0,0.0,15794.9 MiB,4240.9 MiB,2484.4 MiB,9069.6 MiB,4096.0 MiB,3680.7 MiB,415.2 MiB,12704.0 MiB
3,Python 3.10.11,binarytrees.py 21,25,1694299213,1330542,python,0:04.91,502964,342316,6936,0.0,2.1,3,7,0:04,0,4,358220,0,245k,0,342316,319,9,280,30,0,97.8,2.2,0.0,0.0,0.0,0.0,0.0,0.0,15794.9 MiB,4240.0 MiB,2485.2 MiB,9069.6 MiB,4096.0 MiB,3680.7 MiB,415.2 MiB,12703.1 MiB
3,Python 3.10.11,binarytrees.py 21,26,1694299214,1330542,python,0:04.91,502964,342316,6936,0.0,2.1,3,7,0:04,0,4,358220,0,245k,0,342316,319,9,280,30,0,97.4,2.6,0.0,0.0,0.0,0.0,0.0,0.0,15794.9 MiB,4237.9 MiB,2487.3 MiB,9069.6 MiB,4096.0 MiB,3680.7 MiB,415.2 MiB,12701.0 MiB
3,Python 3.10.11,binarytrees.py 21,27,1694299215,1330542,python,0:04.91,502964,342316,6936,0.0,2.1,3,7,0:04,0,4,358220,0,245k,0,342316,319,9,280,30,0,98.9,1.1,0.0,0.0,0.0,0.0,0.0,0.0,15794.9 MiB,4239.4 MiB,2485.9 MiB,9069.6 MiB,4096.0 MiB,3680.7 MiB,415.2 MiB,12702.5 MiB
3,Python 3.10.11,binarytrees.py 21,28,1694299216,1330542,python,0:04.91,502964,342316,6936,0.0,2.1,3,7,0:04,0,4,358220,0,245k,0,342316,319,9,280,30,0,97.8,2.2,0.0,0.0,0.0,0.0,0.0,0.0,15794.9 MiB,4237.4 MiB,2487.8 MiB,9069.6 MiB,4096.0 MiB,3680.7 MiB,415.2 MiB,12700.6 MiB
3,Python 3.10.11,binarytrees.py 21,29,1694299218,1330542,python,0:04.91,502964,342316,6936,0.0,2.1,3,7,0:04,0,4,358220,0,245k,0,342316,319,9,280,30,0,97.7,2.3,0.0,0.0,0.0,0.0,0.0,0.0,15794.9 MiB,4236.2 MiB,2489.0 MiB,9069.6 MiB,4096.0 MiB,3680.7 MiB,415.2 MiB,12699.4 MiB
3,Python 3.10.11,binarytrees.py 21,30,1694299219,1330542,python,0:04.91,502964,342316,6936,0.0,2.1,3,7,0:04,0,4,358220,0,245k,0,342316,319,9,280,30,0,96.7,3.3,0.0,0.0,0.0,0.0,0.0,0.0,15794.9 MiB,4228.1 MiB,2497.2 MiB,9069.6 MiB,4096.0 MiB,3680.7 MiB,415.2 MiB,12691.2 MiB
3,Python 3.10.11,binarytrees.py 21,31,1694299220,1330542,python,0:04.91,502964,342316,6936,0.0,2.1,3,7,0:04,0,4,358220,0,245k,0,342316,319,9,280,30,0,97.6,2.4,0.0,0.0,0.0,0.0,0.0,0.0,15794.9 MiB,4233.7 MiB,2491.5 MiB,9069.6 MiB,4096.0 MiB,3680.7 MiB,415.2 MiB,12696.9 MiB
3,Python 3.10.11,binarytrees.py 21,32,1694299222,1330542,python,0:04.91,502964,342316,6936,0.0,2.1,3,7,0:04,0,4,358220,0,245k,0,342316,319,9,280,30,0,98.4,1.6,0.0,0.0,0.0,0.0,0.0,0.0,15794.9 MiB,4232.5 MiB,2492.8 MiB,9069.6 MiB,4096.0 MiB,3680.7 MiB,415.2 MiB,12695.6 MiB
3,Python 3.10.11,binarytrees.py 21,33,1694299223,1330542,python,0:04.91,502964,342316,6936,0.0,2.1,3,7,0:04,0,4,358220,0,245k,0,342316,319,9,280,30,0,98.9,1.1,0.0,0.0,0.0,0.0,0.0,0.0,15794.9 MiB,4232.0 MiB,2493.3 MiB,9069.6 MiB,4096.0 MiB,3680.7 MiB,415.2 MiB,12695.1 MiB
3,Python 3.10.11,binarytrees.py 21,34,1694299224,1330542,python,0:04.91,502964,342316,6936,0.0,2.1,3,7,0:04,0,4,358220,0,245k,0,342316,319,9,280,30,0,96.5,3.5,0.0,0.0,0.0,0.0,0.0,0.0,15794.9 MiB,4230.4 MiB,2494.8 MiB,9069.6 MiB,4096.0 MiB,3680.7 MiB,415.2 MiB,12693.6 MiB
3,Python 3.10.11,binarytrees.py 21,35,1694299226,1330542,python,0:04.91,502964,342316,6936,0.0,2.1,3,7,0:04,0,4,358220,0,245k,0,342316,319,9,280,30,0,98.4,1.6,0.0,0.0,0.0,0.0,0.0,0.0,15794.9 MiB,4231.5 MiB,2493.7 MiB,9069.6 MiB,4096.0 MiB,3680.7 MiB,415.2 MiB,12694.7 MiB
3,Python 3.10.11,binarytrees.py 21,36,1694299227,1330542,python,0:04.91,502964,342316,6936,0.0,2.1,3,7,0:04,0,4,358220,0,245k,0,342316,319,9,280,30,0,98.3,1.7,0.0,0.0,0.0,0.0,0.0,0.0,15794.9 MiB,4231.3 MiB,2493.9 MiB,9069.6 MiB,4096.0 MiB,3680.7 MiB,415.2 MiB,12694.5 MiB
3,Python 3.10.11,binarytrees.py 21,37,1694299228,1330542,python,0:04.91,502964,342316,6936,0.0,2.1,3,7,0:04,0,4,358220,0,245k,0,342316,319,9,280,30,0,97.9,2.1,0.0,0.0,0.0,0.0,0.0,0.0,15794.9 MiB,4230.3 MiB,2494.9 MiB,9069.6 MiB,4096.0 MiB,3680.7 MiB,415.2 MiB,12693.5 MiB
3,Python 3.10.11,binarytrees.py 21,38,1694299230,1330542,python,0:04.91,502964,342316,6936,0.0,2.1,3,7,0:04,0,4,358220,0,245k,0,342316,319,9,280,30,0,97.3,2.7,0.0,0.0,0.0,0.0,0.0,0.0,15794.9 MiB,4228.9 MiB,2496.3 MiB,9069.6 MiB,4096.0 MiB,3680.7 MiB,415.2 MiB,12692.1 MiB
3,Python 3.10.11,binarytrees.py 21,39,1694299231,1330542,python,0:04.91,502964,342316,6936,0.0,2.1,3,7,0:04,0,4,358220,0,245k,0,342316,318,9,279,30,0,99.5,0.5,0.0,0.0,0.0,0.0,0.0,0.0,15794.9 MiB,4227.1 MiB,2498.1 MiB,9069.6 MiB,4096.0 MiB,3680.7 MiB,415.2 MiB,12690.3 MiB
3,Python 3.10.11,binarytrees.py 21,40,1694299232,1330542,python,0:04.91,502964,342316,6936,0.0,2.1,3,7,0:04,0,4,358220,0,245k,0,342316,318,9,279,30,0,98.4,1.6,0.0,0.0,0.0,0.0,0.0,0.0,15794.9 MiB,4227.1 MiB,2498.1 MiB,9069.6 MiB,4096.0 MiB,3680.7 MiB,415.2 MiB,12690.3 MiB
3,Python 3.10.11,binarytrees.py 21,41,1694299234,1330542,python,0:04.91,502964,342316,6936,0.0,2.1,3,7,0:04,0,4,358220,0,245k,0,342316,318,9,279,30,0,97.8,2.2,0.0,0.0,0.0,0.0,0.0,0.0,15794.9 MiB,4227.1 MiB,2498.1 MiB,9069.6 MiB,4096.0 MiB,3680.7 MiB,415.2 MiB,12690.3 MiB
3,Python 3.10.11,binarytrees.py 21,42,1694299235,1330542,python,0:04.91,502964,342316,6936,0.0,2.1,3,7,0:04,0,4,358220,0,245k,0,342316,318,9,279,30,0,98.3,1.1,0.0,0.0,0.0,0.0,0.6,0.0,15794.9 MiB,4226.6 MiB,2498.6 MiB,9069.7 MiB,4096.0 MiB,3680.7 MiB,415.2 MiB,12689.8 MiB
3,Python 3.10.11,binarytrees.py 21,43,1694299236,1330542,python,0:04.91,502964,342316,6936,0.0,2.1,3,7,0:04,0,4,358220,0,245k,0,342316,318,9,279,30,0,97.8,2.2,0.0,0.0,0.0,0.0,0.0,0.0,15794.9 MiB,4226.6 MiB,2498.6 MiB,9069.7 MiB,4096.0 MiB,3680.7 MiB,415.2 MiB,12689.8 MiB
3,Python 3.10.11,binarytrees.py 21,44,1694299238,1330542,python,0:04.91,502964,342316,6936,0.0,2.1,3,7,0:04,0,4,358220,0,245k,0,342316,318,9,279,30,0,97.8,2.2,0.0,0.0,0.0,0.0,0.0,0.0,15794.9 MiB,4226.4 MiB,2498.8 MiB,9069.7 MiB,4096.0 MiB,3680.7 MiB,415.2 MiB,12689.6 MiB
3,Python 3.10.11,binarytrees.py 21,45,1694299239,1330542,python,0:04.91,502964,342316,6936,0.0,2.1,3,7,0:04,0,4,358220,0,245k,0,342316,318,9,279,30,0,98.3,1.7,0.0,0.0,0.0,0.0,0.0,0.0,15794.9 MiB,4226.9 MiB,2498.3 MiB,9069.7 MiB,4096.0 MiB,3680.7 MiB,415.2 MiB,12690.1 MiB
3,Python 3.10.11,binarytrees.py 21,46,1694299240,1330542,python,0:04.91,502964,342316,6936,0.0,2.1,3,7,0:04,0,4,358220,0,245k,0,342316,318,9,279,30,0,98.0,2.0,0.0,0.0,0.0,0.0,0.0,0.0,15794.9 MiB,4226.6 MiB,2498.6 MiB,9069.7 MiB,4096.0 MiB,3680.7 MiB,415.2 MiB,12689.8 MiB
3,Python 3.10.11,binarytrees.py 21,47,1694299242,1330542,python,0:04.91,502964,342316,6936,0.0,2.1,3,7,0:04,0,4,358220,0,245k,0,342316,318,9,279,30,0,97.8,2.2,0.0,0.0,0.0,0.0,0.0,0.0,15794.9 MiB,4226.6 MiB,2498.6 MiB,9069.7 MiB,4096.0 MiB,3680.7 MiB,415.2 MiB,12689.8 MiB
3,Python 3.10.11,binarytrees.py 21,48,1694299243,1330542,python,0:04.91,502964,342316,6936,0.0,2.1,3,7,0:04,0,4,358220,0,245k,0,342316,318,9,279,30,0,97.9,2.1,0.0,0.0,0.0,0.0,0.0,0.0,15794.9 MiB,4226.1 MiB,2499.1 MiB,9069.7 MiB,4096.0 MiB,3680.7 MiB,415.2 MiB,12689.3 MiB
3,Python 3.10.11,binarytrees.py 21,49,1694299244,1330542,python,0:04.91,502964,342316,6936,0.0,2.1,3,7,0:04,0,4,358220,0,245k,0,342316,318,9,279,30,0,98.5,1.5,0.0,0.0,0.0,0.0,0.0,0.0,15794.9 MiB,4225.2 MiB,2500.0 MiB,9069.7 MiB,4096.0 MiB,3680.7 MiB,415.2 MiB,12688.4 MiB
3,Python 3.10.11,binarytrees.py 21,50,1694299246,1330542,python,0:04.91,502964,342316,6936,0.0,2.1,3,7,0:04,0,4,358220,0,245k,0,342316,318,9,279,30,0,98.3,1.7,0.0,0.0,0.0,0.0,0.0,0.0,15794.9 MiB,4224.9 MiB,2500.3 MiB,9069.7 MiB,4096.0 MiB,3680.7 MiB,415.2 MiB,12688.1 MiB
3,Python 3.10.11,binarytrees.py 21,51,1694299247,1330542,python,0:04.91,502964,342316,6936,0.0,2.1,3,7,0:04,0,4,358220,0,245k,0,342316,318,9,279,30,0,98.3,1.7,0.0,0.0,0.0,0.0,0.0,0.0,15794.9 MiB,4224.4 MiB,2500.8 MiB,9069.7 MiB,4096.0 MiB,3680.7 MiB,415.2 MiB,12687.6 MiB
3,Python 3.10.11,binarytrees.py 21,52,1694299248,1330542,python,0:04.91,502964,342316,6936,0.0,2.1,3,7,0:04,0,4,358220,0,245k,0,342316,318,9,279,30,0,97.8,2.2,0.0,0.0,0.0,0.0,0.0,0.0,15794.9 MiB,4223.7 MiB,2501.5 MiB,9069.7 MiB,4096.0 MiB,3680.7 MiB,415.2 MiB,12686.9 MiB
3,Python 3.10.11,binarytrees.py 21,53,1694299250,1330542,python,0:04.91,502964,342316,6936,0.0,2.1,3,7,0:04,0,4,358220,0,245k,0,342316,318,9,279,30,0,98.8,1.2,0.0,0.0,0.0,0.0,0.0,0.0,15794.9 MiB,4223.7 MiB,2501.5 MiB,9069.7 MiB,4096.0 MiB,3680.7 MiB,415.2 MiB,12686.9 MiB
3,Python 3.10.11,binarytrees.py 21,54,1694299251,1330542,python,0:04.91,502964,342316,6936,0.0,2.1,3,7,0:04,0,4,358220,0,245k,0,342316,318,9,279,30,0,96.7,3.3,0.0,0.0,0.0,0.0,0.0,0.0,15794.9 MiB,4222.9 MiB,2502.2 MiB,9069.7 MiB,4096.0 MiB,3680.7 MiB,415.2 MiB,12686.2 MiB
3,Python 3.10.11,binarytrees.py 21,55,1694299252,1330542,python,0:04.91,502964,342316,6936,0.0,2.1,3,7,0:04,0,4,358220,0,245k,0,342316,318,9,279,30,0,97.2,2.8,0.0,0.0,0.0,0.0,0.0,0.0,15794.9 MiB,4222.9 MiB,2502.2 MiB,9069.7 MiB,4096.0 MiB,3680.7 MiB,415.2 MiB,12686.2 MiB
3,Python 3.10.11,binarytrees.py 21,56,1694299254,1330542,python,0:04.91,502964,342316,6936,0.0,2.1,3,7,0:04,0,4,358220,0,245k,0,342316,318,9,279,30,0,97.4,2.6,0.0,0.0,0.0,0.0,0.0,0.0,15794.9 MiB,4223.4 MiB,2501.7 MiB,9069.7 MiB,4096.0 MiB,3680.7 MiB,415.2 MiB,12686.7 MiB
3,Python 3.10.11,binarytrees.py 21,57,1694299255,1330542,python,0:04.91,502964,342316,6936,0.0,2.1,3,7,0:04,0,4,358220,0,245k,0,342316,318,9,279,30,0,97.9,2.1,0.0,0.0,0.0,0.0,0.0,0.0,15794.9 MiB,4222.9 MiB,2502.2 MiB,9069.7 MiB,4096.0 MiB,3680.7 MiB,415.2 MiB,12686.2 MiB
3,Python 3.10.11,binarytrees.py 21,58,1694299256,1330542,python,0:04.91,502964,342316,6936,0.0,2.1,3,7,0:04,0,4,358220,0,245k,0,342316,318,9,279,30,0,98.9,1.1,0.0,0.0,0.0,0.0,0.0,0.0,15794.9 MiB,4222.9 MiB,2502.2 MiB,9069.7 MiB,4096.0 MiB,3680.7 MiB,415.2 MiB,12686.2 MiB
3,Python 3.10.11,binarytrees.py 21,59,1694299258,1330542,python,0:04.91,502964,342316,6936,0.0,2.1,3,7,0:04,0,4,358220,0,245k,0,342316,318,9,279,30,0,98.3,1.7,0.0,0.0,0.0,0.0,0.0,0.0,15794.9 MiB,4222.9 MiB,2502.2 MiB,9069.7 MiB,4096.0 MiB,3680.7 MiB,415.2 MiB,12686.2 MiB
3,Python 3.10.11,binarytrees.py 21,60,1694299259,1330542,python,0:04.91,502964,342316,6936,0.0,2.1,3,7,0:04,0,4,358220,0,245k,0,342316,318,9,279,30,0,97.2,2.8,0.0,0.0,0.0,0.0,0.0,0.0,15794.9 MiB,4222.7 MiB,2502.5 MiB,9069.7 MiB,4096.0 MiB,3680.7 MiB,415.2 MiB,12685.9 MiB
3,Python 3.10.11,binarytrees.py 21,61,1694299260,1330542,python,0:04.91,502964,342316,6936,0.0,2.1,3,7,0:04,0,4,358220,0,245k,0,342316,318,9,279,30,0,98.9,1.1,0.0,0.0,0.0,0.0,0.0,0.0,15794.9 MiB,4222.0 MiB,2503.2 MiB,9069.7 MiB,4096.0 MiB,3680.7 MiB,415.2 MiB,12685.2 MiB
3,Python 3.10.11,binarytrees.py 21,62,1694299262,1330542,python,0:04.91,502964,342316,6936,0.0,2.1,3,7,0:04,0,4,358220,0,245k,0,342316,318,9,279,30,0,98.3,1.7,0.0,0.0,0.0,0.0,0.0,0.0,15794.9 MiB,4221.0 MiB,2504.2 MiB,9069.7 MiB,4096.0 MiB,3680.7 MiB,415.2 MiB,12684.2 MiB
3,Python 3.10.11,binarytrees.py 21,63,1694299263,1330542,python,0:04.91,502964,342316,6936,0.0,2.1,3,7,0:04,0,4,358220,0,245k,0,342316,318,9,279,30,0,98.3,1.7,0.0,0.0,0.0,0.0,0.0,0.0,15794.9 MiB,4221.0 MiB,2504.2 MiB,9069.7 MiB,4096.0 MiB,3680.7 MiB,415.2 MiB,12684.2 MiB
3,Python 3.10.11,binarytrees.py 21,64,1694299264,1330542,python,0:04.91,502964,342316,6936,0.0,2.1,3,7,0:04,0,4,358220,0,245k,0,342316,317,9,278,30,0,98.9,1.1,0.0,0.0,0.0,0.0,0.0,0.0,15794.9 MiB,4221.0 MiB,2504.2 MiB,9069.7 MiB,4096.0 MiB,3680.7 MiB,415.2 MiB,12684.2 MiB
3,Python 3.10.11,binarytrees.py 21,65,1694299266,1330542,python,0:04.91,502964,342316,6936,0.0,2.1,3,7,0:04,0,4,358220,0,245k,0,342316,317,9,278,30,0,98.3,1.7,0.0,0.0,0.0,0.0,0.0,0.0,15794.9 MiB,4220.5 MiB,2504.7 MiB,9069.7 MiB,4096.0 MiB,3680.7 MiB,415.2 MiB,12683.7 MiB
3,Python 3.10.11,binarytrees.py 21,66,1694299267,1330542,python,0:04.91,502964,342316,6936,0.0,2.1,3,7,0:04,0,4,358220,0,245k,0,342316,317,9,278,30,0,98.9,1.1,0.0,0.0,0.0,0.0,0.0,0.0,15794.9 MiB,4220.5 MiB,2504.7 MiB,9069.7 MiB,4096.0 MiB,3680.7 MiB,415.2 MiB,12683.7 MiB
3,Python 3.10.11,binarytrees.py 21,67,1694299268,1330542,python,0:04.91,502964,342316,6936,0.0,2.1,3,7,0:04,0,4,358220,0,245k,0,342316,317,9,278,30,0,97.4,2.6,0.0,0.0,0.0,0.0,0.0,0.0,15794.9 MiB,4220.7 MiB,2504.4 MiB,9069.7 MiB,4096.0 MiB,3680.7 MiB,415.2 MiB,12684.0 MiB
3,Python 3.10.11,binarytrees.py 21,68,1694299270,1330542,python,0:04.91,502964,342316,6936,0.0,2.1,3,7,0:04,0,4,358220,0,245k,0,342316,317,9,278,30,0,98.3,1.7,0.0,0.0,0.0,0.0,0.0,0.0,15794.9 MiB,4220.7 MiB,2504.4 MiB,9069.7 MiB,4096.0 MiB,3680.7 MiB,415.2 MiB,12684.0 MiB
3,Python 3.10.11,binarytrees.py 21,69,1694299271,1330542,python,0:04.91,502964,342332,6936,0.0,2.1,3,7,0:04,0,4,358220,0,245k,0,342332,317,9,278,30,0,96.8,3.2,0.0,0.0,0.0,0.0,0.0,0.0,15794.9 MiB,4220.0 MiB,2498.3 MiB,9076.6 MiB,4096.0 MiB,3680.7 MiB,415.2 MiB,12683.3 MiB
3,Python 3.10.11,binarytrees.py 21,70,1694299272,1330542,python,0:04.91,502964,342332,6936,0.0,2.1,3,7,0:04,0,4,358220,0,245k,0,342332,317,9,278,30,0,95.7,4.3,0.0,0.0,0.0,0.0,0.0,0.0,15794.9 MiB,4086.6 MiB,2631.5 MiB,9076.7 MiB,4096.0 MiB,3680.7 MiB,415.2 MiB,12549.9 MiB
3,Python 3.10.11,binarytrees.py 21,71,1694299274,1330542,python,0:04.91,502964,342332,6936,0.0,2.1,3,7,0:04,0,4,358220,0,245k,0,342332,317,8,279,30,0,87.9,2.5,0.0,9.6,0.0,0.0,0.0,0.0,15794.9 MiB,4072.4 MiB,2645.6 MiB,9076.9 MiB,4096.0 MiB,3680.7 MiB,415.2 MiB,12535.6 MiB
3,Python 3.10.11,binarytrees.py 21,72,1694299275,1330542,python,0:04.92,502964,342332,6936,5.9,2.1,3,7,0:04,0,4,358220,0,245k,0,342332,317,7,280,30,0,79.5,2.5,0.0,18.0,0.0,0.0,0.0,0.0,15794.9 MiB,3966.6 MiB,2751.4 MiB,9076.9 MiB,4096.0 MiB,3680.7 MiB,415.2 MiB,12429.8 MiB
3,Python 3.10.11,binarytrees.py 21,73,1694299276,1330542,python,0:04.92,502964,342332,6936,0.0,2.1,3,7,0:04,0,4,358220,0,245k,0,342332,318,4,284,30,0,48.0,2.0,0.0,49.3,0.0,0.0,0.7,0.0,15794.9 MiB,4034.2 MiB,2683.7 MiB,9076.9 MiB,4096.0 MiB,3680.7 MiB,415.2 MiB,12497.5 MiB
3,Python 3.10.11,binarytrees.py 21,74,1694299277,1330542,python,0:04.92,502964,342332,6936,0.0,2.1,3,7,0:04,0,4,358220,0,245k,0,342332,318,3,285,30,0,24.7,2.7,0.0,72.6,0.0,0.0,0.0,0.0,15794.9 MiB,4060.3 MiB,2657.6 MiB,9076.9 MiB,4096.0 MiB,3680.7 MiB,415.2 MiB,12523.6 MiB
3,Python 3.10.11,binarytrees.py 21,75,1694299278,1330542,python,0:04.92,502964,342332,6936,0.0,2.1,3,7,0:04,0,4,358220,0,245k,0,342332,318,2,286,30,0,12.0,2.3,0.0,85.7,0.0,0.0,0.0,0.0,15794.9 MiB,4055.2 MiB,2662.8 MiB,9076.9 MiB,4096.0 MiB,3680.7 MiB,415.2 MiB,12518.4 MiB
3,Python 3.10.11,binarytrees.py 21,76,1694299280,1330542,python,0:04.92,502964,342332,6936,0.0,2.1,3,7,0:04,0,4,358220,0,245k,0,342332,318,2,286,30,0,12.1,1.5,0.0,86.4,0.0,0.0,0.0,0.0,15794.9 MiB,4166.3 MiB,2558.7 MiB,9069.9 MiB,4096.0 MiB,3680.7 MiB,415.2 MiB,12629.6 MiB
3,Python 3.10.11,binarytrees.py 21,77,1694299281,1330542,python,0:04.92,502964,342332,6936,0.0,2.1,3,7,0:04,0,4,358220,0,245k,0,342332,318,2,286,30,0,12.8,1.5,0.0,85.7,0.0,0.0,0.0,0.0,15794.9 MiB,4149.9 MiB,2575.0 MiB,9069.9 MiB,4096.0 MiB,3680.7 MiB,415.2 MiB,12613.2 MiB
3,Python 3.10.11,binarytrees.py 21,78,1694299282,1330542,python,0:04.92,502964,342332,6936,0.0,2.1,3,7,0:04,0,4,358220,0,245k,0,342332,318,2,286,30,0,12.0,2.3,0.0,85.7,0.0,0.0,0.0,0.0,15794.9 MiB,4036.0 MiB,2688.9 MiB,9069.9 MiB,4096.0 MiB,3680.7 MiB,415.2 MiB,12499.3 MiB
3,Python 3.10.11,binarytrees.py 21,79,1694299283,1330542,python,0:04.92,502964,342332,6936,0.0,2.1,3,7,0:04,0,4,358220,0,245k,0,342332,318,2,286,30,0,12.1,1.5,0.0,86.4,0.0,0.0,0.0,0.0,15794.9 MiB,4164.5 MiB,2560.4 MiB,9069.9 MiB,4096.0 MiB,3680.7 MiB,415.2 MiB,12627.8 MiB
3,Python 3.10.11,binarytrees.py 21,80,1694299284,1330542,python,0:04.92,502964,342332,6936,0.0,2.1,3,7,0:04,0,4,358220,0,245k,0,342332,318,2,286,30,0,12.8,1.5,0.0,85.7,0.0,0.0,0.0,0.0,15794.9 MiB,4125.8 MiB,2599.1 MiB,9069.9 MiB,4096.0 MiB,3680.7 MiB,415.2 MiB,12589.1 MiB
3,Python 3.10.11,binarytrees.py 21,81,1694299285,1330542,python,0:04.92,502964,342332,6936,0.0,2.1,3,7,0:04,0,4,358220,0,245k,0,342332,318,2,286,30,0,11.4,2.3,0.0,86.4,0.0,0.0,0.0,0.0,15794.9 MiB,4030.9 MiB,2694.0 MiB,9069.9 MiB,4096.0 MiB,3680.7 MiB,415.2 MiB,12494.2 MiB
3,Python 3.10.11,binarytrees.py 21,82,1694299287,1330542,python,0:04.92,502964,342332,6936,0.0,2.1,3,7,0:04,0,4,358220,0,245k,0,342332,318,2,286,30,0,13.3,1.5,0.0,85.2,0.0,0.0,0.0,0.0,15794.9 MiB,4163.2 MiB,2561.7 MiB,9069.9 MiB,4096.0 MiB,3680.7 MiB,415.2 MiB,12626.5 MiB
3,Python 3.10.11,binarytrees.py 21,83,1694299288,1330542,python,0:04.92,502964,342332,6936,0.0,2.1,3,7,0:04,0,4,358220,0,245k,0,342332,318,2,286,30,0,12.1,1.5,0.0,86.4,0.0,0.0,0.0,0.0,15794.9 MiB,4100.2 MiB,2624.7 MiB,9069.9 MiB,4096.0 MiB,3680.7 MiB,415.2 MiB,12563.5 MiB
3,Python 3.10.11,binarytrees.py 21,84,1694299289,1330542,python,0:04.92,502964,342332,6936,0.0,2.1,3,7,0:04,0,4,358220,0,245k,0,342332,318,2,286,30,0,11.9,3.0,0.0,85.1,0.0,0.0,0.0,0.0,15794.9 MiB,4163.5 MiB,2561.5 MiB,9069.9 MiB,4096.0 MiB,3680.7 MiB,415.2 MiB,12626.7 MiB
3,Python 3.10.11,binarytrees.py 21,85,1694299290,1330542,python,0:04.92,502964,342332,6936,0.0,2.1,3,7,0:04,0,4,358220,0,245k,0,342332,318,2,286,30,0,13.4,1.5,0.0,85.1,0.0,0.0,0.0,0.0,15794.9 MiB,4161.9 MiB,2563.0 MiB,9069.9 MiB,4096.0 MiB,3680.7 MiB,415.2 MiB,12625.2 MiB
3,Python 3.10.11,binarytrees.py 21,86,1694299291,1330542,python,0:04.92,502964,342332,6936,0.0,2.1,3,7,0:04,0,4,358220,0,245k,0,342332,318,2,286,30,0,12.0,1.5,0.0,86.5,0.0,0.0,0.0,0.0,15794.9 MiB,4075.9 MiB,2649.1 MiB,9070.0 MiB,4096.0 MiB,3680.7 MiB,415.2 MiB,12539.1 MiB
3,Python 3.10.11,binarytrees.py 21,87,1694299293,1330542,python,0:04.92,502964,342332,6936,0.0,2.1,3,7,0:04,0,4,358220,0,245k,0,342332,318,2,286,30,0,12.2,1.5,0.0,86.3,0.0,0.0,0.0,0.0,15794.9 MiB,4159.7 MiB,2565.2 MiB,9070.0 MiB,4096.0 MiB,3680.7 MiB,415.2 MiB,12623.0 MiB
3,Python 3.10.11,binarytrees.py 21,88,1694299294,1330542,python,0:04.92,502964,342332,6936,0.0,2.1,3,7,0:04,0,4,358220,0,245k,0,342332,318,2,286,30,0,12.8,0.8,0.0,86.5,0.0,0.0,0.0,0.0,15794.9 MiB,4157.6 MiB,2567.3 MiB,9070.0 MiB,4096.0 MiB,3680.7 MiB,415.2 MiB,12620.9 MiB
3,Python 3.10.11,binarytrees.py 21,89,1694299295,1330542,python,0:04.92,502964,342332,6936,0.0,2.1,3,7,0:04,0,4,358220,0,245k,0,342332,318,2,286,30,0,12.0,2.3,0.0,85.7,0.0,0.0,0.0,0.0,15794.9 MiB,4046.1 MiB,2678.8 MiB,9070.0 MiB,4096.0 MiB,3680.7 MiB,415.2 MiB,12509.4 MiB
3,Python 3.10.11,binarytrees.py 21,90,1694299296,1330542,python,0:04.92,502964,342332,6936,0.0,2.1,3,7,0:04,0,4,358220,0,245k,0,342332,318,2,286,30,0,12.8,0.8,0.0,86.5,0.0,0.0,0.0,0.0,15794.9 MiB,4157.9 MiB,2567.0 MiB,9070.0 MiB,4096.0 MiB,3680.7 MiB,415.2 MiB,12621.2 MiB
3,Python 3.10.11,binarytrees.py 21,91,1694299297,1330542,python,0:04.92,502964,342332,6936,0.0,2.1,3,7,0:04,0,4,358220,0,245k,0,342332,318,2,286,30,0,12.9,0.8,0.0,86.4,0.0,0.0,0.0,0.0,15794.9 MiB,4133.9 MiB,2591.0 MiB,9070.0 MiB,4096.0 MiB,3680.7 MiB,415.2 MiB,12597.2 MiB
3,Python 3.10.11,binarytrees.py 21,92,1694299298,1330542,python,0:04.92,502964,342332,6936,0.0,2.1,3,7,0:04,0,4,358220,0,245k,0,342332,318,2,286,30,0,12.0,2.3,0.0,85.7,0.0,0.0,0.0,0.0,15794.9 MiB,4022.0 MiB,2702.9 MiB,9070.0 MiB,4096.0 MiB,3680.7 MiB,415.2 MiB,12485.3 MiB
3,Python 3.10.11,binarytrees.py 21,93,1694299300,1330542,python,0:04.92,502964,342332,6936,0.0,2.1,3,7,0:04,0,4,358220,0,245k,0,342332,318,2,286,30,0,12.8,1.5,0.0,85.7,0.0,0.0,0.0,0.0,15794.9 MiB,4156.1 MiB,2568.8 MiB,9070.0 MiB,4096.0 MiB,3680.7 MiB,415.2 MiB,12619.4 MiB
3,Python 3.10.11,binarytrees.py 21,94,1694299301,1330542,python,0:04.92,502964,342332,6936,0.0,2.1,3,7,0:04,0,4,358220,0,245k,0,342332,318,2,286,30,0,12.8,1.5,0.0,85.0,0.8,0.0,0.0,0.0,15794.9 MiB,4105.1 MiB,2619.8 MiB,9070.0 MiB,4096.0 MiB,3680.7 MiB,415.2 MiB,12568.5 MiB
3,Python 3.10.11,binarytrees.py 21,95,1694299302,1330542,python,0:04.92,502964,342332,6936,0.0,2.1,3,7,0:04,0,4,358220,0,245k,0,342332,318,2,286,30,0,12.1,1.5,0.0,86.4,0.0,0.0,0.0,0.0,15794.9 MiB,4122.1 MiB,2602.8 MiB,9070.0 MiB,4096.0 MiB,3680.7 MiB,415.2 MiB,12585.4 MiB
4,Python 3.10.11,binarytrees.py 21,0,1694299303,1331193,python,0:00.11,55320,46864,6876,68.8,0.3,1,7,0:00,0,4,41392,0,11k,0,46864,310,2,278,30,0,14.1,9.4,0.0,76.6,0.0,0.0,0.0,0.0,15794.9 MiB,4652.2 MiB,2065.7 MiB,9077.0 MiB,4096.0 MiB,3680.7 MiB,415.2 MiB,13115.5 MiB
4,Python 3.10.11,binarytrees.py 21,1,1694299304,1331193,python,0:01.30,508952,493024,6876,100.0,3.0,1,7,0:01,0,4,495024,0,120k,0,493024,310,2,278,30,0,12.9,0.8,0.0,86.4,0.0,0.0,0.0,0.0,15794.9 MiB,4215.4 MiB,2502.5 MiB,9077.0 MiB,4096.0 MiB,3680.7 MiB,415.2 MiB,12678.7 MiB
4,Python 3.10.11,binarytrees.py 21,2,1694299305,1331193,python,0:02.47,689176,670960,6876,100.0,4.1,1,7,0:02,0,4,675248,0,163k,0,670960,310,2,278,30,0,12.8,1.5,0.0,85.7,0.0,0.0,0.0,0.0,15794.9 MiB,4046.1 MiB,2678.8 MiB,9070.0 MiB,4096.0 MiB,3680.7 MiB,415.2 MiB,12509.4 MiB
4,Python 3.10.11,binarytrees.py 21,3,1694299307,1331193,python,0:03.64,72728,64528,6876,100.0,0.4,1,7,0:03,0,4,58800,0,176k,0,64528,310,2,278,30,0,11.5,2.3,0.0,85.4,0.8,0.0,0.0,0.0,15794.9 MiB,4642.6 MiB,2082.3 MiB,9070.0 MiB,4096.0 MiB,3680.7 MiB,415.2 MiB,13105.9 MiB
4,Python 3.10.11,binarytrees.py 21,4,1694299308,1331193,python,0:04.82,355352,341992,6876,100.0,2.1,1,7,0:04,0,4,341424,0,243k,0,341992,310,2,278,30,0,13.4,1.5,0.0,85.1,0.0,0.0,0.0,0.0,15794.9 MiB,4368.2 MiB,2356.7 MiB,9070.0 MiB,4096.0 MiB,3680.7 MiB,415.2 MiB,12831.6 MiB
4,Python 3.10.11,binarytrees.py 21,5,1694299309,1331193,python,0:05.09,502816,342252,6880,0.0,2.1,3,4,0:05,0,4,358072,0,245k,0,342252,318,9,279,30,0,97.8,2.2,0.0,0.0,0.0,0.0,0.0,0.0,15794.9 MiB,4240.9 MiB,2477.0 MiB,9077.0 MiB,4096.0 MiB,3680.7 MiB,415.2 MiB,12704.3 MiB
4,Python 3.10.11,binarytrees.py 21,6,1694299310,1331193,python,0:05.09,502816,342252,6880,0.0,2.1,3,4,0:05,0,4,358072,0,245k,0,342252,318,9,279,30,0,97.9,2.1,0.0,0.0,0.0,0.0,0.0,0.0,15794.9 MiB,4253.0 MiB,2471.8 MiB,9070.0 MiB,4096.0 MiB,3680.7 MiB,415.2 MiB,12716.4 MiB
4,Python 3.10.11,binarytrees.py 21,7,1694299312,1331193,python,0:05.09,502816,342252,6880,0.0,2.1,3,4,0:05,0,4,358072,0,245k,0,342252,318,10,278,30,0,97.4,2.6,0.0,0.0,0.0,0.0,0.0,0.0,15794.9 MiB,4265.8 MiB,2459.0 MiB,9070.0 MiB,4096.0 MiB,3680.7 MiB,415.2 MiB,12729.2 MiB
4,Python 3.10.11,binarytrees.py 21,8,1694299313,1331193,python,0:05.09,502816,342252,6880,0.0,2.1,3,4,0:05,0,4,358072,0,245k,0,342252,318,9,279,30,0,98.5,1.5,0.0,0.0,0.0,0.0,0.0,0.0,15794.9 MiB,4264.0 MiB,2460.9 MiB,9070.0 MiB,4096.0 MiB,3680.7 MiB,415.2 MiB,12727.3 MiB
4,Python 3.10.11,binarytrees.py 21,9,1694299314,1331193,python,0:05.09,502816,342252,6880,0.0,2.1,3,4,0:05,0,4,358072,0,245k,0,342252,318,9,279,30,0,98.3,1.7,0.0,0.0,0.0,0.0,0.0,0.0,15794.9 MiB,4261.9 MiB,2463.0 MiB,9070.0 MiB,4096.0 MiB,3680.7 MiB,415.2 MiB,12725.2 MiB
4,Python 3.10.11,binarytrees.py 21,10,1694299316,1331193,python,0:05.09,502816,342252,6880,0.0,2.1,3,4,0:05,0,4,358072,0,245k,0,342252,318,9,279,30,0,97.3,2.7,0.0,0.0,0.0,0.0,0.0,0.0,15794.9 MiB,4246.4 MiB,2478.5 MiB,9070.0 MiB,4096.0 MiB,3680.7 MiB,415.2 MiB,12709.8 MiB
4,Python 3.10.11,binarytrees.py 21,11,1694299317,1331193,python,0:05.09,502816,342252,6880,0.0,2.1,3,4,0:05,0,4,358072,0,245k,0,342252,318,9,279,30,0,97.7,2.3,0.0,0.0,0.0,0.0,0.0,0.0,15794.9 MiB,4259.9 MiB,2464.9 MiB,9070.0 MiB,4096.0 MiB,3680.7 MiB,415.2 MiB,12723.3 MiB
4,Python 3.10.11,binarytrees.py 21,12,1694299318,1331193,python,0:05.09,502816,342252,6880,0.0,2.1,3,4,0:05,0,4,358072,0,245k,0,342252,318,9,279,30,0,98.4,1.6,0.0,0.0,0.0,0.0,0.0,0.0,15794.9 MiB,4257.7 MiB,2467.1 MiB,9070.0 MiB,4096.0 MiB,3680.7 MiB,415.2 MiB,12721.1 MiB
4,Python 3.10.11,binarytrees.py 21,13,1694299320,1331193,python,0:05.09,502816,342252,6880,0.0,2.1,3,4,0:05,0,4,358072,0,245k,0,342252,318,9,279,30,0,97.1,2.3,0.0,0.0,0.0,0.0,0.6,0.0,15794.9 MiB,4257.0 MiB,2467.9 MiB,9070.0 MiB,4096.0 MiB,3680.7 MiB,415.2 MiB,12720.3 MiB
4,Python 3.10.11,binarytrees.py 21,14,1694299321,1331193,python,0:05.09,502816,342252,6880,0.0,2.1,3,4,0:05,0,4,358072,0,245k,0,342252,318,9,279,30,0,96.8,3.2,0.0,0.0,0.0,0.0,0.0,0.0,15794.9 MiB,4246.2 MiB,2478.7 MiB,9070.0 MiB,4096.0 MiB,3680.7 MiB,415.2 MiB,12709.5 MiB
4,Python 3.10.11,binarytrees.py 21,15,1694299322,1331193,python,0:05.09,502816,342252,6880,0.0,2.1,3,4,0:05,0,4,358072,0,245k,0,342252,318,9,279,30,0,98.4,1.6,0.0,0.0,0.0,0.0,0.0,0.0,15794.9 MiB,4255.5 MiB,2469.3 MiB,9070.0 MiB,4096.0 MiB,3680.7 MiB,415.2 MiB,12718.9 MiB
4,Python 3.10.11,binarytrees.py 21,16,1694299324,1331193,python,0:05.09,502816,342252,6880,0.0,2.1,3,4,0:05,0,4,358072,0,245k,0,342252,318,9,279,30,0,98.3,1.7,0.0,0.0,0.0,0.0,0.0,0.0,15794.9 MiB,4253.9 MiB,2470.9 MiB,9070.0 MiB,4096.0 MiB,3680.7 MiB,415.2 MiB,12717.3 MiB
4,Python 3.10.11,binarytrees.py 21,17,1694299325,1331193,python,0:05.09,502816,342252,6880,0.0,2.1,3,4,0:05,0,4,358072,0,245k,0,342252,318,9,279,30,0,97.8,2.2,0.0,0.0,0.0,0.0,0.0,0.0,15794.9 MiB,4252.9 MiB,2471.9 MiB,9070.0 MiB,4096.0 MiB,3680.7 MiB,415.2 MiB,12716.3 MiB
4,Python 3.10.11,binarytrees.py 21,18,1694299326,1331193,python,0:05.09,502816,342252,6880,0.0,2.1,3,4,0:05,0,4,358072,0,245k,0,342252,318,9,279,30,0,96.7,3.3,0.0,0.0,0.0,0.0,0.0,0.0,15794.9 MiB,4239.3 MiB,2485.5 MiB,9070.0 MiB,4096.0 MiB,3680.7 MiB,415.2 MiB,12702.7 MiB
4,Python 3.10.11,binarytrees.py 21,19,1694299328,1331193,python,0:05.09,502816,342252,6880,0.0,2.1,3,4,0:05,0,4,358072,0,245k,0,342252,318,9,279,30,0,98.9,1.1,0.0,0.0,0.0,0.0,0.0,0.0,15794.9 MiB,4251.6 MiB,2473.2 MiB,9070.0 MiB,4096.0 MiB,3680.7 MiB,415.2 MiB,12715.0 MiB
4,Python 3.10.11,binarytrees.py 21,20,1694299329,1331193,python,0:05.09,502816,342252,6880,0.0,2.1,3,4,0:05,0,4,358072,0,245k,0,342252,318,9,279,30,0,98.4,1.6,0.0,0.0,0.0,0.0,0.0,0.0,15794.9 MiB,4250.6 MiB,2474.2 MiB,9070.0 MiB,4096.0 MiB,3680.7 MiB,415.2 MiB,12714.0 MiB
4,Python 3.10.11,binarytrees.py 21,21,1694299330,1331193,python,0:05.09,502816,342252,6880,0.0,2.1,3,4,0:05,0,4,358072,0,245k,0,342252,317,9,278,30,0,98.2,1.8,0.0,0.0,0.0,0.0,0.0,0.0,15794.9 MiB,4249.6 MiB,2475.2 MiB,9070.0 MiB,4096.0 MiB,3680.7 MiB,415.2 MiB,12713.0 MiB
4,Python 3.10.11,binarytrees.py 21,22,1694299332,1331193,python,0:05.09,502816,342252,6880,0.0,2.1,3,4,0:05,0,4,358072,0,245k,0,342252,315,9,276,30,0,97.9,1.5,0.0,0.5,0.0,0.0,0.0,0.0,15794.9 MiB,4249.1 MiB,2475.7 MiB,9070.0 MiB,4096.0 MiB,3680.7 MiB,415.2 MiB,12712.5 MiB
4,Python 3.10.11,binarytrees.py 21,23,1694299333,1331193,python,0:05.09,502816,342252,6880,0.0,2.1,3,4,0:05,0,4,358072,0,245k,0,342252,315,9,276,30,0,97.8,2.2,0.0,0.0,0.0,0.0,0.0,0.0,15794.9 MiB,4238.8 MiB,2486.0 MiB,9070.0 MiB,4096.0 MiB,3680.7 MiB,415.2 MiB,12702.2 MiB
4,Python 3.10.11,binarytrees.py 21,24,1694299334,1331193,python,0:05.09,502816,342252,6880,0.0,2.1,3,4,0:05,0,4,358072,0,245k,0,342252,315,9,276,30,0,98.5,1.5,0.0,0.0,0.0,0.0,0.0,0.0,15794.9 MiB,4246.7 MiB,2478.1 MiB,9070.0 MiB,4096.0 MiB,3680.7 MiB,415.2 MiB,12710.1 MiB
4,Python 3.10.11,binarytrees.py 21,25,1694299336,1331193,python,0:05.09,502816,342252,6880,0.0,2.1,3,4,0:05,0,4,358072,0,245k,0,342252,315,9,276,30,0,98.9,1.1,0.0,0.0,0.0,0.0,0.0,0.0,15794.9 MiB,4245.0 MiB,2479.8 MiB,9070.1 MiB,4096.0 MiB,3680.7 MiB,415.2 MiB,12708.4 MiB
4,Python 3.10.11,binarytrees.py 21,26,1694299337,1331193,python,0:05.09,502816,342252,6880,0.0,2.1,3,4,0:05,0,4,358072,0,245k,0,342252,315,9,276,30,0,97.8,2.2,0.0,0.0,0.0,0.0,0.0,0.0,15794.9 MiB,4244.8 MiB,2480.0 MiB,9070.1 MiB,4096.0 MiB,3680.7 MiB,415.2 MiB,12708.2 MiB
4,Python 3.10.11,binarytrees.py 21,27,1694299338,1331193,python,0:05.09,502816,342252,6880,0.0,2.1,3,4,0:05,0,4,358072,0,245k,0,342252,315,9,276,30,0,97.9,2.1,0.0,0.0,0.0,0.0,0.0,0.0,15794.9 MiB,4242.8 MiB,2482.0 MiB,9070.1 MiB,4096.0 MiB,3680.7 MiB,415.2 MiB,12706.2 MiB
4,Python 3.10.11,binarytrees.py 21,28,1694299340,1331193,python,0:05.09,502816,342252,6880,0.0,2.1,3,4,0:05,0,4,358072,0,245k,0,342252,315,9,276,30,0,97.8,2.2,0.0,0.0,0.0,0.0,0.0,0.0,15794.9 MiB,4234.6 MiB,2490.2 MiB,9070.1 MiB,4096.0 MiB,3680.7 MiB,415.2 MiB,12698.0 MiB
4,Python 3.10.11,binarytrees.py 21,29,1694299341,1331193,python,0:05.09,502816,342252,6880,0.0,2.1,3,4,0:05,0,4,358072,0,245k,0,342252,315,9,276,30,0,97.8,2.2,0.0,0.0,0.0,0.0,0.0,0.0,15794.9 MiB,4241.6 MiB,2483.2 MiB,9070.1 MiB,4096.0 MiB,3680.7 MiB,415.2 MiB,12705.0 MiB
4,Python 3.10.11,binarytrees.py 21,30,1694299342,1331193,python,0:05.09,502816,342252,6880,0.0,2.1,3,4,0:05,0,4,358072,0,245k,0,342252,315,9,276,30,0,97.8,2.2,0.0,0.0,0.0,0.0,0.0,0.0,15794.9 MiB,4239.6 MiB,2485.2 MiB,9070.1 MiB,4096.0 MiB,3680.7 MiB,415.2 MiB,12703.0 MiB
4,Python 3.10.11,binarytrees.py 21,31,1694299344,1331193,python,0:05.09,502816,342252,6880,0.0,2.1,3,4,0:05,0,4,358072,0,245k,0,342252,315,9,276,30,0,98.3,1.7,0.0,0.0,0.0,0.0,0.0,0.0,15794.9 MiB,4238.9 MiB,2485.9 MiB,9070.1 MiB,4096.0 MiB,3680.7 MiB,415.2 MiB,12702.3 MiB
4,Python 3.10.11,binarytrees.py 21,32,1694299345,1331193,python,0:05.09,502816,342252,6880,0.0,2.1,3,4,0:05,0,4,358072,0,245k,0,342252,315,9,276,30,0,98.3,1.7,0.0,0.0,0.0,0.0,0.0,0.0,15794.9 MiB,4237.3 MiB,2487.5 MiB,9070.1 MiB,4096.0 MiB,3680.7 MiB,415.2 MiB,12700.7 MiB
4,Python 3.10.11,binarytrees.py 21,33,1694299346,1331193,python,0:05.09,502816,342252,6880,0.0,2.1,3,4,0:05,0,4,358072,0,245k,0,342252,315,10,275,30,0,97.8,2.2,0.0,0.0,0.0,0.0,0.0,0.0,15794.9 MiB,4236.8 MiB,2488.0 MiB,9070.1 MiB,4096.0 MiB,3680.7 MiB,415.2 MiB,12700.2 MiB
4,Python 3.10.11,binarytrees.py 21,34,1694299348,1331193,python,0:05.09,502816,342252,6880,0.0,2.1,3,4,0:05,0,4,358072,0,245k,0,342252,315,9,276,30,0,97.3,2.7,0.0,0.0,0.0,0.0,0.0,0.0,15794.9 MiB,4235.2 MiB,2489.6 MiB,9070.1 MiB,4096.0 MiB,3680.7 MiB,415.2 MiB,12698.6 MiB
4,Python 3.10.11,binarytrees.py 21,35,1694299349,1331193,python,0:05.09,502816,342252,6880,0.0,2.1,3,4,0:05,0,4,358072,0,245k,0,342252,315,9,276,30,0,97.8,2.2,0.0,0.0,0.0,0.0,0.0,0.0,15794.9 MiB,4233.7 MiB,2491.1 MiB,9070.1 MiB,4096.0 MiB,3680.7 MiB,415.2 MiB,12697.1 MiB
4,Python 3.10.11,binarytrees.py 21,36,1694299350,1331193,python,0:05.09,502816,342252,6880,0.0,2.1,3,4,0:05,0,4,358072,0,245k,0,342252,315,9,276,30,0,98.9,1.1,0.0,0.0,0.0,0.0,0.0,0.0,15794.9 MiB,4232.2 MiB,2492.6 MiB,9070.1 MiB,4096.0 MiB,3680.7 MiB,415.2 MiB,12695.6 MiB
4,Python 3.10.11,binarytrees.py 21,37,1694299352,1331193,python,0:05.09,502816,342252,6880,0.0,2.1,3,4,0:05,0,4,358072,0,245k,0,342252,315,9,276,30,0,98.8,1.2,0.0,0.0,0.0,0.0,0.0,0.0,15794.9 MiB,4231.8 MiB,2493.0 MiB,9070.1 MiB,4096.0 MiB,3680.7 MiB,415.2 MiB,12695.2 MiB
4,Python 3.10.11,binarytrees.py 21,38,1694299353,1331193,python,0:05.09,502816,342252,6880,0.0,2.1,3,4,0:05,0,4,358072,0,245k,0,342252,315,9,276,30,0,98.9,1.1,0.0,0.0,0.0,0.0,0.0,0.0,15794.9 MiB,4229.7 MiB,2495.0 MiB,9070.1 MiB,4096.0 MiB,3680.7 MiB,415.2 MiB,12693.2 MiB
4,Python 3.10.11,binarytrees.py 21,39,1694299354,1331193,python,0:05.09,502816,342252,6880,0.0,2.1,3,4,0:05,0,4,358072,0,245k,0,342252,315,9,276,30,0,97.8,2.2,0.0,0.0,0.0,0.0,0.0,0.0,15794.9 MiB,4229.3 MiB,2495.5 MiB,9070.1 MiB,4096.0 MiB,3680.7 MiB,415.2 MiB,12692.7 MiB
4,Python 3.10.11,binarytrees.py 21,40,1694299356,1331193,python,0:05.09,502816,342252,6880,0.0,2.1,3,4,0:05,0,4,358072,0,245k,0,342252,315,9,276,30,0,98.3,1.7,0.0,0.0,0.0,0.0,0.0,0.0,15794.9 MiB,4228.5 MiB,2496.3 MiB,9070.1 MiB,4096.0 MiB,3680.7 MiB,415.2 MiB,12692.0 MiB
4,Python 3.10.11,binarytrees.py 21,41,1694299357,1331193,python,0:05.09,502816,342252,6880,0.0,2.1,3,4,0:05,0,4,358072,0,245k,0,342252,315,9,276,30,0,97.8,2.2,0.0,0.0,0.0,0.0,0.0,0.0,15794.9 MiB,4228.0 MiB,2496.7 MiB,9070.1 MiB,4096.0 MiB,3680.7 MiB,415.2 MiB,12691.5 MiB
4,Python 3.10.11,binarytrees.py 21,42,1694299358,1331193,python,0:05.09,502816,342252,6880,0.0,2.1,3,4,0:05,0,4,358072,0,245k,0,342252,315,9,276,30,0,97.9,2.1,0.0,0.0,0.0,0.0,0.0,0.0,15794.9 MiB,4227.5 MiB,2497.2 MiB,9070.1 MiB,4096.0 MiB,3680.7 MiB,415.2 MiB,12691.0 MiB
4,Python 3.10.11,binarytrees.py 21,43,1694299360,1331193,python,0:05.09,502816,342252,6880,0.0,2.1,3,4,0:05,0,4,358072,0,245k,0,342252,315,9,276,30,0,98.4,1.6,0.0,0.0,0.0,0.0,0.0,0.0,15794.9 MiB,4227.5 MiB,2497.2 MiB,9070.1 MiB,4096.0 MiB,3680.7 MiB,415.2 MiB,12691.0 MiB
4,Python 3.10.11,binarytrees.py 21,44,1694299361,1331193,python,0:05.09,502816,342252,6880,0.0,2.1,3,4,0:05,0,4,358072,0,245k,0,342252,315,9,276,30,0,97.6,2.4,0.0,0.0,0.0,0.0,0.0,0.0,15794.9 MiB,4227.5 MiB,2497.2 MiB,9070.1 MiB,4096.0 MiB,3680.7 MiB,415.2 MiB,12691.0 MiB
4,Python 3.10.11,binarytrees.py 21,45,1694299362,1331193,python,0:05.09,502816,342252,6880,0.0,2.1,3,4,0:05,0,4,358072,0,245k,0,342252,315,9,276,30,0,97.9,2.1,0.0,0.0,0.0,0.0,0.0,0.0,15794.9 MiB,4227.3 MiB,2497.5 MiB,9070.1 MiB,4096.0 MiB,3680.7 MiB,415.2 MiB,12690.7 MiB
4,Python 3.10.11,binarytrees.py 21,46,1694299363,1331193,python,0:05.09,502816,342252,6880,0.0,2.1,3,4,0:05,0,4,358072,0,245k,0,342252,315,9,276,30,0,98.3,1.7,0.0,0.0,0.0,0.0,0.0,0.0,15794.9 MiB,4227.0 MiB,2497.7 MiB,9070.1 MiB,4096.0 MiB,3680.7 MiB,415.2 MiB,12690.5 MiB
4,Python 3.10.11,binarytrees.py 21,47,1694299365,1331193,python,0:05.09,502816,342252,6880,0.0,2.1,3,4,0:05,0,4,358072,0,245k,0,342252,315,9,276,30,0,98.4,1.6,0.0,0.0,0.0,0.0,0.0,0.0,15794.9 MiB,4226.1 MiB,2498.7 MiB,9070.1 MiB,4096.0 MiB,3680.7 MiB,415.2 MiB,12689.5 MiB
4,Python 3.10.11,binarytrees.py 21,48,1694299366,1331193,python,0:05.09,502816,342252,6880,0.0,2.1,3,4,0:05,0,4,358072,0,245k,0,342252,315,9,276,30,0,98.3,1.7,0.0,0.0,0.0,0.0,0.0,0.0,15794.9 MiB,4226.6 MiB,2498.2 MiB,9070.1 MiB,4096.0 MiB,3680.7 MiB,415.2 MiB,12690.0 MiB
4,Python 3.10.11,binarytrees.py 21,49,1694299367,1331193,python,0:05.09,502816,342252,6880,0.0,2.1,3,4,0:05,0,4,358072,0,245k,0,342252,315,9,276,30,0,97.9,2.1,0.0,0.0,0.0,0.0,0.0,0.0,15794.9 MiB,4226.6 MiB,2498.2 MiB,9070.1 MiB,4096.0 MiB,3680.7 MiB,415.2 MiB,12690.0 MiB
4,Python 3.10.11,binarytrees.py 21,50,1694299369,1331193,python,0:05.09,502816,342252,6880,0.0,2.1,3,4,0:05,0,4,358072,0,245k,0,342252,315,9,276,30,0,97.8,2.2,0.0,0.0,0.0,0.0,0.0,0.0,15794.9 MiB,4225.6 MiB,2499.2 MiB,9070.1 MiB,4096.0 MiB,3680.7 MiB,415.2 MiB,12689.0 MiB
4,Python 3.10.11,binarytrees.py 21,51,1694299370,1331193,python,0:05.09,502816,342252,6880,0.0,2.1,3,4,0:05,0,4,358072,0,245k,0,342252,315,9,276,30,0,98.3,1.7,0.0,0.0,0.0,0.0,0.0,0.0,15794.9 MiB,4225.3 MiB,2499.4 MiB,9070.1 MiB,4096.0 MiB,3680.7 MiB,415.2 MiB,12688.8 MiB
4,Python 3.10.11,binarytrees.py 21,52,1694299371,1331193,python,0:05.09,502816,342252,6880,0.0,2.1,3,4,0:05,0,4,358072,0,245k,0,342252,315,9,276,30,0,98.8,1.2,0.0,0.0,0.0,0.0,0.0,0.0,15794.9 MiB,4225.6 MiB,2499.2 MiB,9070.1 MiB,4096.0 MiB,3680.7 MiB,415.2 MiB,12689.0 MiB
4,Python 3.10.11,binarytrees.py 21,53,1694299373,1331193,python,0:05.09,502816,342252,6880,0.0,2.1,3,4,0:05,0,4,358072,0,245k,0,342252,315,9,276,30,0,97.3,2.7,0.0,0.0,0.0,0.0,0.0,0.0,15794.9 MiB,4225.6 MiB,2499.2 MiB,9070.1 MiB,4096.0 MiB,3680.7 MiB,415.2 MiB,12689.0 MiB
4,Python 3.10.11,binarytrees.py 21,54,1694299374,1331193,python,0:05.09,502816,342252,6880,0.0,2.1,3,4,0:05,0,4,358072,0,245k,0,342252,315,9,276,30,0,98.4,1.6,0.0,0.0,0.0,0.0,0.0,0.0,15794.9 MiB,4225.6 MiB,2499.2 MiB,9070.1 MiB,4096.0 MiB,3680.7 MiB,415.2 MiB,12689.0 MiB
4,Python 3.10.11,binarytrees.py 21,55,1694299375,1331193,python,0:05.09,502816,342252,6880,0.0,2.1,3,4,0:05,0,4,358072,0,245k,0,342252,315,9,276,30,0,97.8,2.2,0.0,0.0,0.0,0.0,0.0,0.0,15794.9 MiB,4225.1 MiB,2499.7 MiB,9070.1 MiB,4096.0 MiB,3680.7 MiB,415.2 MiB,12688.5 MiB
4,Python 3.10.11,binarytrees.py 21,56,1694299377,1331193,python,0:05.09,502816,342252,6880,0.0,2.1,3,4,0:05,0,4,358072,0,245k,0,342252,315,9,276,30,0,97.2,2.8,0.0,0.0,0.0,0.0,0.0,0.0,15794.9 MiB,4225.1 MiB,2499.7 MiB,9070.1 MiB,4096.0 MiB,3680.7 MiB,415.2 MiB,12688.5 MiB
4,Python 3.10.11,binarytrees.py 21,57,1694299378,1331193,python,0:05.09,502816,342252,6880,0.0,2.1,3,4,0:05,0,4,358072,0,245k,0,342252,315,9,276,30,0,98.8,1.2,0.0,0.0,0.0,0.0,0.0,0.0,15794.9 MiB,4225.1 MiB,2499.7 MiB,9070.1 MiB,4096.0 MiB,3680.7 MiB,415.2 MiB,12688.5 MiB
4,Python 3.10.11,binarytrees.py 21,58,1694299379,1331193,python,0:05.09,502816,342252,6880,0.0,2.1,3,4,0:05,0,4,358072,0,245k,0,342252,315,9,276,30,0,97.8,2.2,0.0,0.0,0.0,0.0,0.0,0.0,15794.9 MiB,4224.8 MiB,2500.1 MiB,9069.9 MiB,4096.0 MiB,3680.7 MiB,415.2 MiB,12688.3 MiB
4,Python 3.10.11,binarytrees.py 21,59,1694299381,1331193,python,0:05.09,502816,342252,6880,0.0,2.1,3,4,0:05,0,4,358072,0,245k,0,342252,315,9,276,30,0,98.3,1.7,0.0,0.0,0.0,0.0,0.0,0.0,15794.9 MiB,4225.6 MiB,2499.3 MiB,9069.9 MiB,4096.0 MiB,3680.7 MiB,415.2 MiB,12689.0 MiB
4,Python 3.10.11,binarytrees.py 21,60,1694299382,1331193,python,0:05.09,502816,342252,6880,0.0,2.1,3,4,0:05,0,4,358072,0,245k,0,342252,315,9,276,30,0,98.3,1.7,0.0,0.0,0.0,0.0,0.0,0.0,15794.9 MiB,4225.3 MiB,2499.6 MiB,9070.0 MiB,4096.0 MiB,3680.7 MiB,415.2 MiB,12688.8 MiB
4,Python 3.10.11,binarytrees.py 21,61,1694299383,1331193,python,0:05.09,502816,342252,6880,0.0,2.1,3,4,0:05,0,4,358072,0,245k,0,342252,315,9,276,30,0,97.7,2.3,0.0,0.0,0.0,0.0,0.0,0.0,15794.9 MiB,4225.3 MiB,2499.6 MiB,9070.0 MiB,4096.0 MiB,3680.7 MiB,415.2 MiB,12688.8 MiB
4,Python 3.10.11,binarytrees.py 21,62,1694299385,1331193,python,0:05.09,502816,342252,6880,0.0,2.1,3,4,0:05,0,4,358072,0,245k,0,342252,315,9,276,30,0,98.5,1.5,0.0,0.0,0.0,0.0,0.0,0.0,15794.9 MiB,4225.6 MiB,2499.3 MiB,9070.0 MiB,4096.0 MiB,3680.7 MiB,415.2 MiB,12689.1 MiB
4,Python 3.10.11,binarytrees.py 21,63,1694299386,1331193,python,0:05.09,502816,342252,6880,0.0,2.1,3,4,0:05,0,4,358072,0,245k,0,342252,315,9,276,30,0,98.5,1.5,0.0,0.0,0.0,0.0,0.0,0.0,15794.9 MiB,4225.6 MiB,2499.3 MiB,9070.0 MiB,4096.0 MiB,3680.7 MiB,415.2 MiB,12689.1 MiB
4,Python 3.10.11,binarytrees.py 21,64,1694299387,1331193,python,0:05.09,502816,342252,6880,0.0,2.1,3,4,0:05,0,4,358072,0,245k,0,342252,315,9,276,30,0,98.3,1.7,0.0,0.0,0.0,0.0,0.0,0.0,15794.9 MiB,4225.8 MiB,2499.1 MiB,9070.0 MiB,4096.0 MiB,3680.7 MiB,415.2 MiB,12689.3 MiB
4,Python 3.10.11,binarytrees.py 21,65,1694299389,1331193,python,0:05.09,502816,342252,6880,0.0,2.1,3,4,0:05,0,4,358072,0,245k,0,342252,315,9,276,30,0,96.8,3.2,0.0,0.0,0.0,0.0,0.0,0.0,15794.9 MiB,4229.7 MiB,2494.4 MiB,9070.7 MiB,4096.0 MiB,3680.7 MiB,415.2 MiB,12694.0 MiB
4,Python 3.10.11,binarytrees.py 21,66,1694299390,1331193,python,0:05.09,502816,342252,6880,0.0,2.1,3,4,0:05,0,4,358072,0,245k,0,342252,315,9,276,30,0,97.7,2.3,0.0,0.0,0.0,0.0,0.0,0.0,15794.9 MiB,4228.8 MiB,2495.3 MiB,9070.8 MiB,4096.0 MiB,3680.7 MiB,415.2 MiB,12693.1 MiB
4,Python 3.10.11,binarytrees.py 21,67,1694299391,1331193,python,0:05.09,502816,342252,6880,0.0,2.1,3,4,0:05,0,4,358072,0,245k,0,342252,315,9,276,30,0,97.8,2.2,0.0,0.0,0.0,0.0,0.0,0.0,15794.9 MiB,4228.5 MiB,2495.5 MiB,9070.8 MiB,4096.0 MiB,3680.7 MiB,415.2 MiB,12692.9 MiB
4,Python 3.10.11,binarytrees.py 21,68,1694299393,1331193,python,0:05.09,502816,342252,6880,0.0,2.1,3,4,0:05,0,4,358072,0,245k,0,342252,315,9,276,30,0,98.3,1.7,0.0,0.0,0.0,0.0,0.0,0.0,15794.9 MiB,4227.5 MiB,2496.5 MiB,9070.8 MiB,4096.0 MiB,3680.7 MiB,415.2 MiB,12691.9 MiB
4,Python 3.10.11,binarytrees.py 21,69,1694299394,1331193,python,0:05.09,502816,342332,6944,0.0,2.1,3,4,0:05,0,4,358072,0,245k,0,342332,315,9,276,30,0,96.0,4.0,0.0,0.0,0.0,0.0,0.0,0.0,15794.9 MiB,4228.5 MiB,2488.7 MiB,9077.7 MiB,4096.0 MiB,3680.7 MiB,415.2 MiB,12692.9 MiB
4,Python 3.10.11,binarytrees.py 21,70,1694299395,1331193,python,0:05.09,502816,342332,6944,0.0,2.1,3,4,0:05,0,4,358072,0,245k,0,342332,315,9,276,30,0,97.2,2.8,0.0,0.0,0.0,0.0,0.0,0.0,15794.9 MiB,4092.9 MiB,2623.9 MiB,9078.0 MiB,4096.0 MiB,3680.7 MiB,415.2 MiB,12557.3 MiB
4,Python 3.10.11,binarytrees.py 21,71,1694299397,1331193,python,0:05.09,502816,342332,6944,0.0,2.1,3,4,0:05,0,4,358072,0,245k,0,342332,315,9,276,30,0,97.8,2.2,0.0,0.0,0.0,0.0,0.0,0.0,15794.9 MiB,4080.9 MiB,2642.9 MiB,9071.1 MiB,4096.0 MiB,3680.7 MiB,415.2 MiB,12545.2 MiB
4,Python 3.10.11,binarytrees.py 21,72,1694299398,1331193,python,0:05.09,502816,342332,6944,0.0,2.1,3,4,0:05,0,4,358072,0,245k,0,342332,315,7,278,30,0,74.5,3.3,0.0,22.2,0.0,0.0,0.0,0.0,15794.9 MiB,3938.6 MiB,2778.1 MiB,9078.1 MiB,4096.0 MiB,3680.7 MiB,415.2 MiB,12403.0 MiB
4,Python 3.10.11,binarytrees.py 21,73,1694299399,1331193,python,0:05.09,502816,342332,6944,0.0,2.1,3,3,0:05,0,4,358072,0,245k,0,342332,315,5,280,30,0,52.6,4.6,0.0,42.8,0.0,0.0,0.0,0.0,15794.9 MiB,4042.0 MiB,2674.8 MiB,9078.1 MiB,4096.0 MiB,3680.7 MiB,415.2 MiB,12506.4 MiB
4,Python 3.10.11,binarytrees.py 21,74,1694299400,1331193,python,0:05.09,502816,342332,6944,0.0,2.1,3,3,0:05,0,4,358072,0,245k,0,342332,315,2,283,30,0,13.1,1.5,0.0,85.4,0.0,0.0,0.0,0.0,15794.9 MiB,4157.6 MiB,2559.2 MiB,9078.1 MiB,4096.0 MiB,3680.7 MiB,415.2 MiB,12622.0 MiB
4,Python 3.10.11,binarytrees.py 21,75,1694299401,1331193,python,0:05.09,502816,342332,6944,0.0,2.1,3,3,0:05,0,4,358072,0,245k,0,342332,315,2,283,30,0,12.8,1.5,0.0,85.7,0.0,0.0,0.0,0.0,15794.9 MiB,4069.3 MiB,2647.5 MiB,9078.1 MiB,4096.0 MiB,3680.7 MiB,415.2 MiB,12533.7 MiB
4,Python 3.10.11,binarytrees.py 21,76,1694299403,1331193,python,0:05.09,502816,342332,6944,0.0,2.1,3,3,0:05,0,4,358072,0,245k,0,342332,315,2,283,30,0,12.7,2.2,0.0,85.1,0.0,0.0,0.0,0.0,15794.9 MiB,4162.0 MiB,2561.8 MiB,9071.1 MiB,4096.0 MiB,3680.7 MiB,415.2 MiB,12626.4 MiB
4,Python 3.10.11,binarytrees.py 21,77,1694299404,1331193,python,0:05.09,502816,342332,6944,0.0,2.1,3,3,0:05,0,4,358072,0,245k,0,342332,315,2,283,30,0,12.2,0.8,0.0,87.0,0.0,0.0,0.0,0.0,15794.9 MiB,4162.7 MiB,2561.0 MiB,9071.2 MiB,4096.0 MiB,3680.7 MiB,415.2 MiB,12627.1 MiB
4,Python 3.10.11,binarytrees.py 21,78,1694299405,1331193,python,0:05.09,502816,342332,6944,0.0,2.1,3,3,0:05,0,4,358072,0,245k,0,342332,315,2,283,30,0,12.0,2.3,0.0,85.7,0.0,0.0,0.0,0.0,15794.9 MiB,4053.1 MiB,2670.7 MiB,9071.1 MiB,4096.0 MiB,3680.7 MiB,415.2 MiB,12517.5 MiB
4,Python 3.10.11,binarytrees.py 21,79,1694299406,1331193,python,0:05.09,502816,342332,6944,0.0,2.1,3,3,0:05,0,4,358072,0,245k,0,342332,315,2,283,30,0,12.8,1.5,0.0,85.7,0.0,0.0,0.0,0.0,15794.9 MiB,4160.7 MiB,2563.1 MiB,9071.1 MiB,4096.0 MiB,3680.7 MiB,415.2 MiB,12625.1 MiB
4,Python 3.10.11,binarytrees.py 21,80,1694299407,1331193,python,0:05.09,502816,342332,6944,0.0,2.1,3,3,0:05,0,4,358072,0,245k,0,342332,315,2,283,30,0,12.8,1.5,0.0,85.7,0.0,0.0,0.0,0.0,15794.9 MiB,4140.0 MiB,2583.8 MiB,9071.1 MiB,4096.0 MiB,3680.7 MiB,415.2 MiB,12604.3 MiB
4,Python 3.10.11,binarytrees.py 21,81,1694299409,1331193,python,0:05.09,502816,342332,6944,0.0,2.1,3,3,0:05,0,4,358072,0,245k,0,342332,315,2,283,30,0,12.1,1.5,0.0,86.4,0.0,0.0,0.0,0.0,15794.9 MiB,4027.0 MiB,2696.8 MiB,9071.1 MiB,4096.0 MiB,3680.7 MiB,415.2 MiB,12491.4 MiB
4,Python 3.10.11,binarytrees.py 21,82,1694299410,1331193,python,0:05.09,502816,342332,6944,0.0,2.1,3,3,0:05,0,4,358072,0,245k,0,342332,315,2,283,30,0,12.9,0.8,0.0,86.4,0.0,0.0,0.0,0.0,15794.9 MiB,4158.1 MiB,2565.7 MiB,9071.1 MiB,4096.0 MiB,3680.7 MiB,415.2 MiB,12622.4 MiB
4,Python 3.10.11,binarytrees.py 21,83,1694299411,1331193,python,0:05.09,502816,342332,6944,0.0,2.1,3,3,0:05,0,4,358072,0,245k,0,342332,315,2,283,30,0,12.0,1.5,0.0,86.5,0.0,0.0,0.0,0.0,15794.9 MiB,4111.7 MiB,2612.1 MiB,9071.1 MiB,4096.0 MiB,3680.7 MiB,415.2 MiB,12576.0 MiB
4,Python 3.10.11,binarytrees.py 21,84,1694299412,1331193,python,0:05.09,502816,342332,6944,0.0,2.1,3,3,0:05,0,4,358072,0,245k,0,342332,315,2,283,30,0,13.4,1.5,0.0,85.1,0.0,0.0,0.0,0.0,15794.9 MiB,4060.4 MiB,2663.3 MiB,9071.1 MiB,4096.0 MiB,3680.7 MiB,415.2 MiB,12524.8 MiB
4,Python 3.10.11,binarytrees.py 21,85,1694299413,1331193,python,0:05.09,502816,342332,6944,0.0,2.1,3,3,0:05,0,4,358072,0,245k,0,342332,315,2,283,30,0,14.3,0.8,0.0,85.0,0.0,0.0,0.0,0.0,15794.9 MiB,4154.7 MiB,2569.1 MiB,9071.1 MiB,4096.0 MiB,3680.7 MiB,415.2 MiB,12619.1 MiB
4,Python 3.10.11,binarytrees.py 21,86,1694299414,1331193,python,0:05.09,502816,342332,6944,0.0,2.1,3,3,0:05,0,4,358072,0,245k,0,342332,315,2,283,30,0,12.0,2.3,0.0,85.7,0.0,0.0,0.0,0.0,15794.9 MiB,4094.2 MiB,2629.6 MiB,9071.1 MiB,4096.0 MiB,3680.7 MiB,415.2 MiB,12558.6 MiB
4,Python 3.10.11,binarytrees.py 21,87,1694299416,1331193,python,0:05.09,502816,342332,6944,0.0,2.1,3,3,0:05,0,4,358072,0,245k,0,342332,315,2,283,30,0,11.5,1.5,0.0,87.0,0.0,0.0,0.0,0.0,15794.9 MiB,4154.2 MiB,2569.6 MiB,9071.1 MiB,4096.0 MiB,3680.7 MiB,415.2 MiB,12618.6 MiB
4,Python 3.10.11,binarytrees.py 21,88,1694299417,1331193,python,0:05.09,502816,342332,6944,0.0,2.1,3,3,0:05,0,4,358072,0,245k,0,342332,315,3,282,30,0,12.8,1.5,0.0,85.7,0.0,0.0,0.0,0.0,15794.9 MiB,4152.6 MiB,2571.2 MiB,9071.1 MiB,4096.0 MiB,3680.7 MiB,415.2 MiB,12617.0 MiB
4,Python 3.10.11,binarytrees.py 21,89,1694299418,1331193,python,0:05.09,502816,342332,6944,0.0,2.1,3,3,0:05,0,4,358072,0,245k,0,342332,316,2,284,30,0,12.1,1.5,0.0,86.4,0.0,0.0,0.0,0.0,15794.9 MiB,4068.1 MiB,2655.6 MiB,9071.1 MiB,4096.0 MiB,3680.7 MiB,415.2 MiB,12532.5 MiB
4,Python 3.10.11,binarytrees.py 21,90,1694299419,1331193,python,0:05.09,502816,342332,6944,0.0,2.1,3,3,0:05,0,4,358072,0,245k,0,342332,316,2,284,30,0,10.6,3.0,0.0,86.4,0.0,0.0,0.0,0.0,15794.9 MiB,4151.1 MiB,2572.6 MiB,9071.1 MiB,4096.0 MiB,3680.7 MiB,415.2 MiB,12615.6 MiB
4,Python 3.10.11,binarytrees.py 21,91,1694299420,1331193,python,0:05.09,502816,342332,6944,0.0,2.1,3,3,0:05,0,4,358072,0,245k,0,342332,316,3,283,30,0,13.5,0.8,0.0,85.7,0.0,0.0,0.0,0.0,15794.9 MiB,4149.4 MiB,2574.4 MiB,9071.1 MiB,4096.0 MiB,3680.7 MiB,415.2 MiB,12613.8 MiB
4,Python 3.10.11,binarytrees.py 21,92,1694299421,1331193,python,0:05.09,502816,342332,6944,0.0,2.1,3,3,0:05,0,4,358072,0,245k,0,342332,316,2,284,30,0,11.3,3.0,0.0,85.7,0.0,0.0,0.0,0.0,15794.9 MiB,4044.7 MiB,2679.0 MiB,9071.1 MiB,4096.0 MiB,3680.7 MiB,415.2 MiB,12509.1 MiB
4,Python 3.10.11,binarytrees.py 21,93,1694299423,1331193,python,0:05.09,502816,342332,6944,0.0,2.1,3,3,0:05,0,4,358072,0,245k,0,342332,316,2,284,30,0,12.8,1.5,0.0,85.0,0.8,0.0,0.0,0.0,15794.9 MiB,4148.1 MiB,2575.6 MiB,9071.1 MiB,4096.0 MiB,3680.7 MiB,415.2 MiB,12612.5 MiB
4,Python 3.10.11,binarytrees.py 21,94,1694299424,1331193,python,0:05.09,502816,342332,6944,0.0,2.1,3,3,0:05,0,4,358072,0,245k,0,342332,316,2,284,30,0,11.4,2.3,0.0,86.4,0.0,0.0,0.0,0.0,15794.9 MiB,4127.9 MiB,2595.8 MiB,9071.1 MiB,4096.0 MiB,3680.7 MiB,415.2 MiB,12592.3 MiB
4,Python 3.10.11,binarytrees.py 21,95,1694299425,1331193,python,0:05.09,502816,342332,6944,0.0,2.1,3,3,0:05,0,4,358072,0,245k,0,342332,316,2,284,30,0,10.7,2.3,0.0,87.0,0.0,0.0,0.0,0.0,15794.9 MiB,4016.9 MiB,2706.8 MiB,9071.1 MiB,4096.0 MiB,3680.7 MiB,415.2 MiB,12481.3 MiB
5,Python 3.10.11,binarytrees.py 21,0,1694299426,1331845,python,0:00.11,48152,40948,7032,68.8,0.3,1,2,0:00,0,4,34224,0,9797,0,40948,308,2,276,30,0,19.4,8.2,0.0,72.4,0.0,0.0,0.0,0.0,15794.9 MiB,4651.4 MiB,2065.3 MiB,9078.1 MiB,4096.0 MiB,3680.7 MiB,415.2 MiB,13115.8 MiB
5,Python 3.10.11,binarytrees.py 21,1,1694299427,1331845,python,0:01.29,485400,478132,7032,100.0,3.0,1,2,0:01,0,4,471472,0,116k,0,478132,308,2,276,30,0,12.8,1.5,0.0,85.7,0.0,0.0,0.0,0.0,15794.9 MiB,4223.6 MiB,2493.1 MiB,9078.2 MiB,4096.0 MiB,3680.7 MiB,415.2 MiB,12688.1 MiB
5,Python 3.10.11,binarytrees.py 21,2,1694299429,1331845,python,0:02.46,679072,671116,7032,100.0,4.1,1,2,0:02,0,4,665144,0,163k,0,671116,308,2,276,30,0,12.9,0.8,0.0,85.6,0.8,0.0,0.0,0.0,15794.9 MiB,4035.6 MiB,2688.1 MiB,9071.2 MiB,4096.0 MiB,3680.7 MiB,415.2 MiB,12500.0 MiB
5,Python 3.10.11,binarytrees.py 21,3,1694299430,1331845,python,0:03.64,46240,38388,7032,100.0,0.2,1,2,0:03,0,4,32312,0,169k,0,38388,308,2,276,30,0,11.4,2.3,0.0,86.4,0.0,0.0,0.0,0.0,15794.9 MiB,4657.2 MiB,2066.5 MiB,9071.2 MiB,4096.0 MiB,3680.7 MiB,415.2 MiB,13121.7 MiB
5,Python 3.10.11,binarytrees.py 21,4,1694299431,1331845,python,0:04.81,350368,342252,7032,100.0,2.1,1,6,0:04,0,4,336440,0,243k,0,342252,308,2,276,30,0,13.3,1.5,0.0,85.2,0.0,0.0,0.0,0.0,15794.9 MiB,4360.0 MiB,2363.7 MiB,9071.2 MiB,4096.0 MiB,3680.7 MiB,415.2 MiB,12824.4 MiB
5,Python 3.10.11,binarytrees.py 21,5,1694299432,1331845,python,0:05.17,497832,342436,7036,0.0,2.1,3,6,0:05,0,4,353088,0,245k,0,342436,316,9,277,30,0,97.4,2.6,0.0,0.0,0.0,0.0,0.0,0.0,15794.9 MiB,4232.7 MiB,2484.0 MiB,9078.2 MiB,4096.0 MiB,3680.7 MiB,415.2 MiB,12697.2 MiB
5,Python 3.10.11,binarytrees.py 21,6,1694299433,1331845,python,0:05.17,497832,342436,7036,0.0,2.1,3,6,0:05,0,4,353088,0,245k,0,342436,316,9,277,30,0,97.3,2.7,0.0,0.0,0.0,0.0,0.0,0.0,15794.9 MiB,4258.6 MiB,2465.1 MiB,9071.2 MiB,4096.0 MiB,3680.7 MiB,415.2 MiB,12723.0 MiB
5,Python 3.10.11,binarytrees.py 21,7,1694299435,1331845,python,0:05.17,497832,342436,7036,0.0,2.1,3,6,0:05,0,4,353088,0,245k,0,342436,316,9,277,30,0,97.8,2.2,0.0,0.0,0.0,0.0,0.0,0.0,15794.9 MiB,4260.1 MiB,2463.6 MiB,9071.2 MiB,4096.0 MiB,3680.7 MiB,415.2 MiB,12724.5 MiB
5,Python 3.10.11,binarytrees.py 21,8,1694299436,1331845,python,0:05.17,497832,342436,7036,0.0,2.1,3,6,0:05,0,4,353088,0,245k,0,342436,316,9,277,30,0,97.8,2.2,0.0,0.0,0.0,0.0,0.0,0.0,15794.9 MiB,4257.2 MiB,2466.5 MiB,9071.2 MiB,4096.0 MiB,3680.7 MiB,415.2 MiB,12721.7 MiB
5,Python 3.10.11,binarytrees.py 21,9,1694299437,1331845,python,0:05.17,497832,342436,7036,0.0,2.1,3,6,0:05,0,4,353088,0,245k,0,342436,316,9,277,30,0,97.3,2.7,0.0,0.0,0.0,0.0,0.0,0.0,15794.9 MiB,4242.1 MiB,2481.6 MiB,9071.2 MiB,4096.0 MiB,3680.7 MiB,415.2 MiB,12706.6 MiB
5,Python 3.10.11,binarytrees.py 21,10,1694299439,1331845,python,0:05.17,497832,342436,7036,0.0,2.1,3,6,0:05,0,4,353088,0,245k,0,342436,316,9,277,30,0,97.3,2.7,0.0,0.0,0.0,0.0,0.0,0.0,15794.9 MiB,4254.4 MiB,2469.3 MiB,9071.2 MiB,4096.0 MiB,3680.7 MiB,415.2 MiB,12718.9 MiB
5,Python 3.10.11,binarytrees.py 21,11,1694299440,1331845,python,0:05.17,497832,342436,7036,0.0,2.1,3,6,0:05,0,4,353088,0,245k,0,342436,316,9,277,30,0,97.8,2.2,0.0,0.0,0.0,0.0,0.0,0.0,15794.9 MiB,4253.9 MiB,2469.8 MiB,9071.2 MiB,4096.0 MiB,3680.7 MiB,415.2 MiB,12718.4 MiB
5,Python 3.10.11,binarytrees.py 21,12,1694299441,1331845,python,0:05.17,497832,342436,7036,0.0,2.1,3,6,0:05,0,4,353088,0,245k,0,342436,316,9,277,30,0,97.1,2.9,0.0,0.0,0.0,0.0,0.0,0.0,15794.9 MiB,4235.0 MiB,2488.7 MiB,9071.2 MiB,4096.0 MiB,3680.7 MiB,415.2 MiB,12699.4 MiB
5,Python 3.10.11,binarytrees.py 21,13,1694299443,1331845,python,0:05.17,497832,342436,7036,0.0,2.1,3,6,0:05,0,4,353088,0,245k,0,342436,316,9,277,30,0,96.7,3.3,0.0,0.0,0.0,0.0,0.0,0.0,15794.9 MiB,4252.7 MiB,2471.1 MiB,9071.1 MiB,4096.0 MiB,3680.7 MiB,415.2 MiB,12717.1 MiB
5,Python 3.10.11,binarytrees.py 21,14,1694299444,1331845,python,0:05.17,497832,342436,7036,0.0,2.1,3,6,0:05,0,4,353088,0,245k,0,342436,316,9,277,30,0,98.4,1.6,0.0,0.0,0.0,0.0,0.0,0.0,15794.9 MiB,4251.4 MiB,2472.3 MiB,9071.1 MiB,4096.0 MiB,3680.7 MiB,415.2 MiB,12715.9 MiB
5,Python 3.10.11,binarytrees.py 21,15,1694299445,1331845,python,0:05.17,497832,342436,7036,0.0,2.1,3,6,0:05,0,4,353088,0,245k,0,342436,316,9,277,30,0,97.8,2.2,0.0,0.0,0.0,0.0,0.0,0.0,15794.9 MiB,4250.6 MiB,2473.1 MiB,9071.1 MiB,4096.0 MiB,3680.7 MiB,415.2 MiB,12715.1 MiB
5,Python 3.10.11,binarytrees.py 21,16,1694299447,1331845,python,0:05.17,497832,342436,7036,0.0,2.1,3,6,0:05,0,4,353088,0,245k,0,342436,316,9,277,30,0,96.7,3.3,0.0,0.0,0.0,0.0,0.0,0.0,15794.9 MiB,4233.0 MiB,2490.7 MiB,9071.1 MiB,4096.0 MiB,3680.7 MiB,415.2 MiB,12697.5 MiB
5,Python 3.10.11,binarytrees.py 21,17,1694299448,1331845,python,0:05.17,497832,342436,7036,0.0,2.1,3,6,0:05,0,4,353088,0,245k,0,342436,316,9,277,30,0,97.8,2.2,0.0,0.0,0.0,0.0,0.0,0.0,15794.9 MiB,4244.7 MiB,2479.0 MiB,9071.1 MiB,4096.0 MiB,3680.7 MiB,415.2 MiB,12709.2 MiB
5,Python 3.10.11,binarytrees.py 21,18,1694299449,1331845,python,0:05.17,497832,342436,7036,0.0,2.1,3,6,0:05,0,4,353088,0,245k,0,342436,316,9,277,30,0,98.8,1.2,0.0,0.0,0.0,0.0,0.0,0.0,15794.9 MiB,4247.5 MiB,2476.2 MiB,9071.1 MiB,4096.0 MiB,3680.7 MiB,415.2 MiB,12712.0 MiB
5,Python 3.10.11,binarytrees.py 21,19,1694299451,1331845,python,0:05.17,497832,342436,7036,0.0,2.1,3,6,0:05,0,4,353088,0,245k,0,342436,316,9,277,30,0,97.2,2.8,0.0,0.0,0.0,0.0,0.0,0.0,15794.9 MiB,4246.6 MiB,2477.1 MiB,9071.1 MiB,4096.0 MiB,3680.7 MiB,415.2 MiB,12711.1 MiB
5,Python 3.10.11,binarytrees.py 21,20,1694299452,1331845,python,0:05.17,497832,342436,7036,0.0,2.1,3,6,0:05,0,4,353088,0,245k,0,342436,316,9,277,30,0,96.8,3.2,0.0,0.0,0.0,0.0,0.0,0.0,15794.9 MiB,4239.9 MiB,2483.8 MiB,9071.1 MiB,4096.0 MiB,3680.7 MiB,415.2 MiB,12704.4 MiB
5,Python 3.10.11,binarytrees.py 21,21,1694299453,1331845,python,0:05.17,497832,342436,7036,0.0,2.1,3,6,0:05,0,4,353088,0,245k,0,342436,316,9,277,30,0,97.8,2.2,0.0,0.0,0.0,0.0,0.0,0.0,15794.9 MiB,4244.1 MiB,2479.6 MiB,9071.1 MiB,4096.0 MiB,3680.7 MiB,415.2 MiB,12708.6 MiB
5,Python 3.10.11,binarytrees.py 21,22,1694299455,1331845,python,0:05.17,497832,342436,7036,0.0,2.1,3,6,0:05,0,4,353088,0,245k,0,342436,316,9,277,30,0,97.8,2.2,0.0,0.0,0.0,0.0,0.0,0.0,15794.9 MiB,4243.4 MiB,2480.4 MiB,9071.2 MiB,4096.0 MiB,3680.7 MiB,415.2 MiB,12707.8 MiB
5,Python 3.10.11,binarytrees.py 21,23,1694299456,1331845,python,0:05.17,497832,342436,7036,0.0,2.1,3,6,0:05,0,4,353088,0,245k,0,342436,316,9,277,30,0,96.1,3.9,0.0,0.0,0.0,0.0,0.0,0.0,15794.9 MiB,4243.1 MiB,2480.7 MiB,9071.2 MiB,4096.0 MiB,3680.7 MiB,415.2 MiB,12707.5 MiB
5,Python 3.10.11,binarytrees.py 21,24,1694299457,1331845,python,0:05.17,497832,342436,7036,0.0,2.1,3,6,0:05,0,4,353088,0,245k,0,342436,316,9,277,30,0,97.4,2.1,0.0,0.0,0.0,0.0,0.5,0.0,15794.9 MiB,4233.3 MiB,2490.4 MiB,9071.2 MiB,4096.0 MiB,3680.7 MiB,415.2 MiB,12697.8 MiB
5,Python 3.10.11,binarytrees.py 21,25,1694299459,1331845,python,0:05.17,497832,342436,7036,0.0,2.1,3,6,0:05,0,4,353088,0,245k,0,342436,316,9,277,30,0,97.9,2.1,0.0,0.0,0.0,0.0,0.0,0.0,15794.9 MiB,4241.1 MiB,2482.6 MiB,9071.2 MiB,4096.0 MiB,3680.7 MiB,415.2 MiB,12705.6 MiB
5,Python 3.10.11,binarytrees.py 21,26,1694299460,1331845,python,0:05.17,497832,342436,7036,0.0,2.1,3,6,0:05,0,4,353088,0,245k,0,342436,316,9,277,30,0,97.3,2.7,0.0,0.0,0.0,0.0,0.0,0.0,15794.9 MiB,4240.2 MiB,2483.5 MiB,9071.2 MiB,4096.0 MiB,3680.7 MiB,415.2 MiB,12704.7 MiB
5,Python 3.10.11,binarytrees.py 21,27,1694299461,1331845,python,0:05.17,497832,342436,7036,0.0,2.1,3,6,0:05,0,4,353088,0,245k,0,342436,316,9,277,30,0,98.4,1.6,0.0,0.0,0.0,0.0,0.0,0.0,15794.9 MiB,4238.4 MiB,2485.3 MiB,9071.2 MiB,4096.0 MiB,3680.7 MiB,415.2 MiB,12703.0 MiB
5,Python 3.10.11,binarytrees.py 21,28,1694299463,1331845,python,0:05.17,497832,342436,7036,0.0,2.1,3,6,0:05,0,4,353088,0,245k,0,342436,316,9,277,30,0,98.4,1.6,0.0,0.0,0.0,0.0,0.0,0.0,15794.9 MiB,4229.7 MiB,2494.0 MiB,9071.2 MiB,4096.0 MiB,3680.7 MiB,415.2 MiB,12694.2 MiB
5,Python 3.10.11,binarytrees.py 21,29,1694299464,1331845,python,0:05.17,497832,342436,7036,0.0,2.1,3,6,0:05,0,4,353088,0,245k,0,342436,316,9,277,30,0,98.4,1.6,0.0,0.0,0.0,0.0,0.0,0.0,15794.9 MiB,4236.5 MiB,2487.2 MiB,9071.2 MiB,4096.0 MiB,3680.7 MiB,415.2 MiB,12701.0 MiB
5,Python 3.10.11,binarytrees.py 21,30,1694299465,1331845,python,0:05.17,497832,342436,7036,0.0,2.1,3,6,0:05,0,4,353088,0,245k,0,342436,316,9,277,30,0,98.3,1.7,0.0,0.0,0.0,0.0,0.0,0.0,15794.9 MiB,4234.3 MiB,2489.4 MiB,9071.2 MiB,4096.0 MiB,3680.7 MiB,415.2 MiB,12698.8 MiB
5,Python 3.10.11,binarytrees.py 21,31,1694299466,1331845,python,0:05.17,497832,342436,7036,0.0,2.1,3,6,0:05,0,4,353088,0,245k,0,342436,316,9,277,30,0,98.3,1.7,0.0,0.0,0.0,0.0,0.0,0.0,15794.9 MiB,4234.0 MiB,2489.7 MiB,9071.2 MiB,4096.0 MiB,3680.7 MiB,415.2 MiB,12698.6 MiB
5,Python 3.10.11,binarytrees.py 21,32,1694299468,1331845,python,0:05.17,497832,342436,7036,0.0,2.1,3,6,0:05,0,4,353088,0,245k,0,342436,316,9,277,30,0,98.3,1.7,0.0,0.0,0.0,0.0,0.0,0.0,15794.9 MiB,4233.2 MiB,2490.4 MiB,9071.2 MiB,4096.0 MiB,3680.7 MiB,415.2 MiB,12697.8 MiB
5,Python 3.10.11,binarytrees.py 21,33,1694299469,1331845,python,0:05.17,497832,342436,7036,0.0,2.1,3,6,0:05,0,4,353088,0,245k,0,342436,316,9,277,30,0,98.9,1.1,0.0,0.0,0.0,0.0,0.0,0.0,15794.9 MiB,4231.1 MiB,2492.6 MiB,9071.2 MiB,4096.0 MiB,3680.7 MiB,415.2 MiB,12695.6 MiB
5,Python 3.10.11,binarytrees.py 21,34,1694299470,1331845,python,0:05.17,497832,342436,7036,0.0,2.1,3,6,0:05,0,4,353088,0,245k,0,342436,316,9,277,30,0,97.8,2.2,0.0,0.0,0.0,0.0,0.0,0.0,15794.9 MiB,4231.1 MiB,2492.6 MiB,9071.2 MiB,4096.0 MiB,3680.7 MiB,415.2 MiB,12695.6 MiB
5,Python 3.10.11,binarytrees.py 21,35,1694299472,1331845,python,0:05.17,497832,342436,7036,0.0,2.1,3,6,0:05,0,4,353088,0,245k,0,342436,316,9,277,30,0,97.8,2.2,0.0,0.0,0.0,0.0,0.0,0.0,15794.9 MiB,4230.5 MiB,2493.2 MiB,9071.2 MiB,4096.0 MiB,3680.7 MiB,415.2 MiB,12695.0 MiB
5,Python 3.10.11,binarytrees.py 21,36,1694299473,1331845,python,0:05.17,497832,342436,7036,0.0,2.1,3,6,0:05,0,4,353088,0,245k,0,342436,316,9,277,30,0,97.2,2.8,0.0,0.0,0.0,0.0,0.0,0.0,15794.9 MiB,4228.7 MiB,2495.0 MiB,9071.2 MiB,4096.0 MiB,3680.7 MiB,415.2 MiB,12693.2 MiB
5,Python 3.10.11,binarytrees.py 21,37,1694299474,1331845,python,0:05.17,497832,342436,7036,0.0,2.1,3,6,0:05,0,4,353088,0,245k,0,342436,316,9,277,30,0,97.8,2.2,0.0,0.0,0.0,0.0,0.0,0.0,15794.9 MiB,4228.4 MiB,2495.3 MiB,9071.2 MiB,4096.0 MiB,3680.7 MiB,415.2 MiB,12692.9 MiB
5,Python 3.10.11,binarytrees.py 21,38,1694299476,1331845,python,0:05.17,497832,342436,7036,0.0,2.1,3,6,0:05,0,4,353088,0,245k,0,342436,316,9,277,30,0,97.3,2.7,0.0,0.0,0.0,0.0,0.0,0.0,15794.9 MiB,4227.9 MiB,2495.8 MiB,9071.2 MiB,4096.0 MiB,3680.7 MiB,415.2 MiB,12692.4 MiB
5,Python 3.10.11,binarytrees.py 21,39,1694299477,1331845,python,0:05.17,497832,342436,7036,0.0,2.1,3,6,0:05,0,4,353088,0,245k,0,342436,316,9,277,30,0,97.8,2.2,0.0,0.0,0.0,0.0,0.0,0.0,15794.9 MiB,4226.2 MiB,2497.5 MiB,9071.2 MiB,4096.0 MiB,3680.7 MiB,415.2 MiB,12690.7 MiB
5,Python 3.10.11,binarytrees.py 21,40,1694299478,1331845,python,0:05.17,497832,342436,7036,0.0,2.1,3,6,0:05,0,4,353088,0,245k,0,342436,316,9,277,30,0,97.7,2.3,0.0,0.0,0.0,0.0,0.0,0.0,15794.9 MiB,4225.7 MiB,2498.0 MiB,9071.2 MiB,4096.0 MiB,3680.7 MiB,415.2 MiB,12690.2 MiB
5,Python 3.10.11,binarytrees.py 21,41,1694299480,1331845,python,0:05.17,497832,342436,7036,0.0,2.1,3,6,0:05,0,4,353088,0,245k,0,342436,316,9,277,30,0,98.3,1.7,0.0,0.0,0.0,0.0,0.0,0.0,15794.9 MiB,4224.4 MiB,2499.2 MiB,9071.2 MiB,4096.0 MiB,3680.7 MiB,415.2 MiB,12689.0 MiB
5,Python 3.10.11,binarytrees.py 21,42,1694299481,1331845,python,0:05.17,497832,342436,7036,0.0,2.1,3,6,0:05,0,4,353088,0,245k,0,342436,316,9,277,30,0,97.8,2.2,0.0,0.0,0.0,0.0,0.0,0.0,15794.9 MiB,4224.4 MiB,2499.2 MiB,9071.2 MiB,4096.0 MiB,3680.7 MiB,415.2 MiB,12689.0 MiB
5,Python 3.10.11,binarytrees.py 21,43,1694299482,1331845,python,0:05.17,497832,342436,7036,0.0,2.1,3,6,0:05,0,4,353088,0,245k,0,342436,316,9,277,30,0,97.9,2.1,0.0,0.0,0.0,0.0,0.0,0.0,15794.9 MiB,4224.4 MiB,2499.2 MiB,9071.2 MiB,4096.0 MiB,3680.7 MiB,415.2 MiB,12689.0 MiB
5,Python 3.10.11,binarytrees.py 21,44,1694299484,1331845,python,0:05.17,497832,342436,7036,0.0,2.1,3,6,0:05,0,4,353088,0,245k,0,342436,316,9,277,30,0,99.0,1.0,0.0,0.0,0.0,0.0,0.0,0.0,15794.9 MiB,4224.4 MiB,2499.2 MiB,9071.2 MiB,4096.0 MiB,3680.7 MiB,415.2 MiB,12689.0 MiB
5,Python 3.10.11,binarytrees.py 21,45,1694299485,1331845,python,0:05.17,497832,342436,7036,0.0,2.1,3,6,0:05,0,4,353088,0,245k,0,342436,316,9,277,30,0,97.8,2.2,0.0,0.0,0.0,0.0,0.0,0.0,15794.9 MiB,4224.4 MiB,2499.2 MiB,9071.2 MiB,4096.0 MiB,3680.7 MiB,415.2 MiB,12689.0 MiB
5,Python 3.10.11,binarytrees.py 21,46,1694299486,1331845,python,0:05.17,497832,342436,7036,0.0,2.1,3,6,0:05,0,4,353088,0,245k,0,342436,316,9,277,30,0,97.6,2.4,0.0,0.0,0.0,0.0,0.0,0.0,15794.9 MiB,4223.7 MiB,2499.9 MiB,9071.2 MiB,4096.0 MiB,3680.7 MiB,415.2 MiB,12688.3 MiB
5,Python 3.10.11,binarytrees.py 21,47,1694299488,1331845,python,0:05.17,497832,342436,7036,0.0,2.1,3,6,0:05,0,4,353088,0,245k,0,342436,316,9,277,30,0,98.3,1.7,0.0,0.0,0.0,0.0,0.0,0.0,15794.9 MiB,4223.2 MiB,2500.4 MiB,9071.2 MiB,4096.0 MiB,3680.7 MiB,415.2 MiB,12687.8 MiB
5,Python 3.10.11,binarytrees.py 21,48,1694299489,1331845,python,0:05.17,497832,342436,7036,0.0,2.1,3,6,0:05,0,4,353088,0,245k,0,342436,316,9,277,30,0,98.9,1.1,0.0,0.0,0.0,0.0,0.0,0.0,15794.9 MiB,4223.2 MiB,2500.4 MiB,9071.2 MiB,4096.0 MiB,3680.7 MiB,415.2 MiB,12687.8 MiB
5,Python 3.10.11,binarytrees.py 21,49,1694299490,1331845,python,0:05.17,497832,342436,7036,0.0,2.1,3,6,0:05,0,4,353088,0,245k,0,342436,316,9,277,30,0,97.6,2.4,0.0,0.0,0.0,0.0,0.0,0.0,15794.9 MiB,4223.7 MiB,2499.9 MiB,9071.2 MiB,4096.0 MiB,3680.7 MiB,415.2 MiB,12688.3 MiB
5,Python 3.10.11,binarytrees.py 21,50,1694299492,1331845,python,0:05.17,497832,342436,7036,0.0,2.1,3,6,0:05,0,4,353088,0,245k,0,342436,316,9,277,30,0,97.8,2.2,0.0,0.0,0.0,0.0,0.0,0.0,15794.9 MiB,4223.7 MiB,2499.9 MiB,9071.2 MiB,4096.0 MiB,3680.7 MiB,415.2 MiB,12688.3 MiB
5,Python 3.10.11,binarytrees.py 21,51,1694299493,1331845,python,0:05.17,497832,342436,7036,0.0,2.1,3,6,0:05,0,4,353088,0,245k,0,342436,316,9,277,30,0,97.8,2.2,0.0,0.0,0.0,0.0,0.0,0.0,15794.9 MiB,4223.0 MiB,2500.7 MiB,9071.2 MiB,4096.0 MiB,3680.7 MiB,415.2 MiB,12687.5 MiB
5,Python 3.10.11,binarytrees.py 21,52,1694299494,1331845,python,0:05.17,497832,342436,7036,0.0,2.1,3,6,0:05,0,4,353088,0,245k,0,342436,316,9,277,30,0,98.8,1.2,0.0,0.0,0.0,0.0,0.0,0.0,15794.9 MiB,4222.7 MiB,2500.9 MiB,9071.2 MiB,4096.0 MiB,3680.7 MiB,415.2 MiB,12687.3 MiB
5,Python 3.10.11,binarytrees.py 21,53,1694299496,1331845,python,0:05.17,497832,342436,7036,0.0,2.1,3,6,0:05,0,4,353088,0,245k,0,342436,316,9,277,30,0,98.8,1.2,0.0,0.0,0.0,0.0,0.0,0.0,15794.9 MiB,4222.7 MiB,2500.9 MiB,9071.2 MiB,4096.0 MiB,3680.7 MiB,415.2 MiB,12687.3 MiB
5,Python 3.10.11,binarytrees.py 21,54,1694299497,1331845,python,0:05.17,497832,342436,7036,0.0,2.1,3,6,0:05,0,4,353088,0,245k,0,342436,316,9,277,30,0,98.0,2.0,0.0,0.0,0.0,0.0,0.0,0.0,15794.9 MiB,4222.7 MiB,2500.9 MiB,9071.2 MiB,4096.0 MiB,3680.7 MiB,415.2 MiB,12687.3 MiB
5,Python 3.10.11,binarytrees.py 21,55,1694299498,1331845,python,0:05.17,497832,342436,7036,0.0,2.1,3,6,0:05,0,4,353088,0,245k,0,342436,316,9,277,30,0,98.4,1.6,0.0,0.0,0.0,0.0,0.0,0.0,15794.9 MiB,4222.7 MiB,2500.9 MiB,9071.2 MiB,4096.0 MiB,3680.7 MiB,415.2 MiB,12687.3 MiB
5,Python 3.10.11,binarytrees.py 21,56,1694299500,1331845,python,0:05.17,497832,342436,7036,0.0,2.1,3,6,0:05,0,4,353088,0,245k,0,342436,316,9,277,30,0,97.8,2.2,0.0,0.0,0.0,0.0,0.0,0.0,15794.9 MiB,4222.5 MiB,2501.4 MiB,9071.0 MiB,4096.0 MiB,3680.7 MiB,415.2 MiB,12687.0 MiB
5,Python 3.10.11,binarytrees.py 21,57,1694299501,1331845,python,0:05.17,497832,342436,7036,0.0,2.1,3,6,0:05,0,4,353088,0,245k,0,342436,316,9,277,30,0,97.8,2.2,0.0,0.0,0.0,0.0,0.0,0.0,15794.9 MiB,4222.0 MiB,2501.8 MiB,9071.0 MiB,4096.0 MiB,3680.7 MiB,415.2 MiB,12686.6 MiB
5,Python 3.10.11,binarytrees.py 21,58,1694299502,1331845,python,0:05.17,497832,342436,7036,0.0,2.1,3,6,0:05,0,4,353088,0,245k,0,342436,316,9,277,30,0,98.5,1.5,0.0,0.0,0.0,0.0,0.0,0.0,15794.9 MiB,4222.2 MiB,2501.6 MiB,9071.0 MiB,4096.0 MiB,3680.7 MiB,415.2 MiB,12686.8 MiB
5,Python 3.10.11,binarytrees.py 21,59,1694299504,1331845,python,0:05.17,497832,342436,7036,0.0,2.1,3,6,0:05,0,4,353088,0,245k,0,342436,316,9,277,30,0,97.2,2.8,0.0,0.0,0.0,0.0,0.0,0.0,15794.9 MiB,4221.7 MiB,2502.1 MiB,9071.0 MiB,4096.0 MiB,3680.7 MiB,415.2 MiB,12686.3 MiB
5,Python 3.10.11,binarytrees.py 21,60,1694299505,1331845,python,0:05.17,497832,342436,7036,0.0,2.1,3,6,0:05,0,4,353088,0,245k,0,342436,316,9,277,30,0,98.3,1.7,0.0,0.0,0.0,0.0,0.0,0.0,15794.9 MiB,4221.7 MiB,2502.1 MiB,9071.0 MiB,4096.0 MiB,3680.7 MiB,415.2 MiB,12686.3 MiB
5,Python 3.10.11,binarytrees.py 21,61,1694299506,1331845,python,0:05.17,497832,342436,7036,0.0,2.1,3,6,0:05,0,4,353088,0,245k,0,342436,316,9,277,30,0,97.8,2.2,0.0,0.0,0.0,0.0,0.0,0.0,15794.9 MiB,4222.0 MiB,2501.8 MiB,9071.1 MiB,4096.0 MiB,3680.7 MiB,415.2 MiB,12686.6 MiB
5,Python 3.10.11,binarytrees.py 21,62,1694299507,1331845,python,0:05.17,497832,342436,7036,0.0,2.1,3,6,0:05,0,4,353088,0,245k,0,342436,316,9,277,30,0,98.9,1.1,0.0,0.0,0.0,0.0,0.0,0.0,15794.9 MiB,4221.7 MiB,2502.1 MiB,9071.1 MiB,4096.0 MiB,3680.7 MiB,415.2 MiB,12686.3 MiB
5,Python 3.10.11,binarytrees.py 21,63,1694299509,1331845,python,0:05.17,497832,342436,7036,0.0,2.1,3,6,0:05,0,4,353088,0,245k,0,342436,316,9,277,30,0,97.8,2.2,0.0,0.0,0.0,0.0,0.0,0.0,15794.9 MiB,4221.2 MiB,2502.6 MiB,9071.1 MiB,4096.0 MiB,3680.7 MiB,415.2 MiB,12685.8 MiB
5,Python 3.10.11,binarytrees.py 21,64,1694299510,1331845,python,0:05.17,497832,342436,7036,0.0,2.1,3,6,0:05,0,4,353088,0,245k,0,342436,316,9,277,30,0,98.5,1.5,0.0,0.0,0.0,0.0,0.0,0.0,15794.9 MiB,4221.2 MiB,2502.6 MiB,9071.1 MiB,4096.0 MiB,3680.7 MiB,415.2 MiB,12685.8 MiB
5,Python 3.10.11,binarytrees.py 21,65,1694299511,1331845,python,0:05.17,497832,342436,7036,0.0,2.1,3,6,0:05,0,4,353088,0,245k,0,342436,316,9,277,30,0,98.5,1.5,0.0,0.0,0.0,0.0,0.0,0.0,15794.9 MiB,4220.5 MiB,2503.3 MiB,9071.1 MiB,4096.0 MiB,3680.7 MiB,415.2 MiB,12685.1 MiB
5,Python 3.10.11,binarytrees.py 21,66,1694299513,1331845,python,0:05.17,497832,342436,7036,0.0,2.1,3,6,0:05,0,4,353088,0,245k,0,342436,316,9,277,30,0,96.6,3.4,0.0,0.0,0.0,0.0,0.0,0.0,15794.9 MiB,4220.0 MiB,2503.8 MiB,9071.1 MiB,4096.0 MiB,3680.7 MiB,415.2 MiB,12684.6 MiB
5,Python 3.10.11,binarytrees.py 21,67,1694299514,1331845,python,0:05.17,497832,342436,7036,0.0,2.1,3,6,0:05,0,4,353088,0,245k,0,342436,316,9,277,30,0,98.4,1.6,0.0,0.0,0.0,0.0,0.0,0.0,15794.9 MiB,4220.0 MiB,2503.8 MiB,9071.1 MiB,4096.0 MiB,3680.7 MiB,415.2 MiB,12684.6 MiB
5,Python 3.10.11,binarytrees.py 21,68,1694299515,1331845,python,0:05.17,497832,342436,7036,0.0,2.1,3,6,0:05,0,4,353088,0,245k,0,342436,316,9,277,30,0,98.9,1.1,0.0,0.0,0.0,0.0,0.0,0.0,15794.9 MiB,4219.3 MiB,2504.5 MiB,9071.1 MiB,4096.0 MiB,3680.7 MiB,415.2 MiB,12683.9 MiB
5,Python 3.10.11,binarytrees.py 21,69,1694299517,1331845,python,0:05.17,497832,342436,7036,0.0,2.1,3,6,0:05,0,4,353088,0,245k,0,342436,316,9,277,30,0,97.9,2.1,0.0,0.0,0.0,0.0,0.0,0.0,15794.9 MiB,4218.6 MiB,2505.2 MiB,9071.1 MiB,4096.0 MiB,3680.7 MiB,415.2 MiB,12683.2 MiB
5,Python 3.10.11,binarytrees.py 21,70,1694299518,1331845,python,0:05.17,497832,342452,7036,0.0,2.1,3,6,0:05,0,4,353088,0,245k,0,342452,316,9,277,30,0,97.1,2.9,0.0,0.0,0.0,0.0,0.0,0.0,15794.9 MiB,4107.5 MiB,2609.3 MiB,9078.1 MiB,4096.0 MiB,3680.7 MiB,415.2 MiB,12572.1 MiB
5,Python 3.10.11,binarytrees.py 21,71,1694299519,1331845,python,0:05.17,497832,342452,7036,0.0,2.1,3,6,0:05,0,4,353088,0,245k,0,342452,316,9,277,30,0,98.5,1.5,0.0,0.0,0.0,0.0,0.0,0.0,15794.9 MiB,4082.1 MiB,2641.5 MiB,9071.3 MiB,4096.0 MiB,3680.7 MiB,415.2 MiB,12546.7 MiB
5,Python 3.10.11,binarytrees.py 21,72,1694299521,1331845,python,0:05.17,497832,342452,7036,0.0,2.1,3,6,0:05,0,4,353088,0,245k,0,342452,316,8,278,30,0,87.3,3.2,0.0,9.6,0.0,0.0,0.0,0.0,15794.9 MiB,3974.6 MiB,2742.0 MiB,9078.3 MiB,4096.0 MiB,3680.7 MiB,415.2 MiB,12439.2 MiB
5,Python 3.10.11,binarytrees.py 21,73,1694299522,1331845,python,0:05.17,497832,342452,7036,0.0,2.1,3,2,0:05,0,4,353088,0,245k,0,342452,316,6,280,30,0,76.0,1.3,0.0,22.7,0.0,0.0,0.0,0.0,15794.9 MiB,4070.2 MiB,2646.4 MiB,9078.3 MiB,4096.0 MiB,3680.7 MiB,415.2 MiB,12534.8 MiB
5,Python 3.10.11,binarytrees.py 21,74,1694299523,1331845,python,0:05.17,497832,342452,7036,0.0,2.1,3,1,0:05,0,4,353088,0,245k,0,342452,316,4,282,30,0,38.3,2.1,0.0,59.6,0.0,0.0,0.0,0.0,15794.9 MiB,4088.7 MiB,2627.9 MiB,9078.3 MiB,4096.0 MiB,3680.7 MiB,415.2 MiB,12553.4 MiB
5,Python 3.10.11,binarytrees.py 21,75,1694299524,1331845,python,0:05.17,497832,342452,7036,0.0,2.1,3,1,0:05,0,4,353088,0,245k,0,342452,316,2,284,30,0,12.7,1.5,0.0,85.8,0.0,0.0,0.0,0.0,15794.9 MiB,4160.1 MiB,2556.4 MiB,9078.3 MiB,4096.0 MiB,3680.7 MiB,415.2 MiB,12624.8 MiB
5,Python 3.10.11,binarytrees.py 21,76,1694299526,1331845,python,0:05.17,497832,342452,7036,0.0,2.1,3,1,0:05,0,4,353088,0,245k,0,342452,316,2,284,30,0,12.7,1.5,0.0,85.8,0.0,0.0,0.0,0.0,15794.9 MiB,4161.1 MiB,2555.5 MiB,9078.3 MiB,4096.0 MiB,3680.7 MiB,415.2 MiB,12625.7 MiB
5,Python 3.10.11,binarytrees.py 21,77,1694299527,1331845,python,0:05.17,497832,342452,7036,0.0,2.1,3,1,0:05,0,4,353088,0,245k,0,342452,316,2,284,30,0,12.8,0.8,0.0,86.5,0.0,0.0,0.0,0.0,15794.9 MiB,4060.7 MiB,2662.9 MiB,9071.3 MiB,4096.0 MiB,3680.7 MiB,415.2 MiB,12525.3 MiB
5,Python 3.10.11,binarytrees.py 21,78,1694299528,1331845,python,0:05.17,497832,342452,7036,0.0,2.1,3,1,0:05,0,4,353088,0,245k,0,342452,316,2,284,30,0,12.8,1.5,0.0,85.7,0.0,0.0,0.0,0.0,15794.9 MiB,4164.9 MiB,2558.7 MiB,9071.3 MiB,4096.0 MiB,3680.7 MiB,415.2 MiB,12629.5 MiB
5,Python 3.10.11,binarytrees.py 21,79,1694299529,1331845,python,0:05.17,497832,342452,7036,0.0,2.1,3,1,0:05,0,4,353088,0,245k,0,342452,316,2,284,30,0,12.2,0.8,0.0,87.0,0.0,0.0,0.0,0.0,15794.9 MiB,4154.5 MiB,2569.1 MiB,9071.3 MiB,4096.0 MiB,3680.7 MiB,415.2 MiB,12619.1 MiB
5,Python 3.10.11,binarytrees.py 21,80,1694299530,1331845,python,0:05.17,497832,342452,7036,0.0,2.1,3,1,0:05,0,4,353088,0,245k,0,342452,316,2,284,30,0,12.0,2.3,0.0,85.7,0.0,0.0,0.0,0.0,15794.9 MiB,4039.8 MiB,2683.8 MiB,9071.3 MiB,4096.0 MiB,3680.7 MiB,415.2 MiB,12504.4 MiB
5,Python 3.10.11,binarytrees.py 21,81,1694299531,1331845,python,0:05.17,497832,342452,7036,0.0,2.1,3,1,0:05,0,4,353088,0,245k,0,342452,316,2,284,30,0,12.1,1.5,0.0,86.4,0.0,0.0,0.0,0.0,15794.9 MiB,4162.6 MiB,2561.0 MiB,9071.3 MiB,4096.0 MiB,3680.7 MiB,415.2 MiB,12627.2 MiB
5,Python 3.10.11,binarytrees.py 21,82,1694299533,1331845,python,0:05.17,497832,342452,7036,0.0,2.1,3,1,0:05,0,4,353088,0,245k,0,342452,316,2,284,30,0,12.8,1.5,0.0,85.7,0.0,0.0,0.0,0.0,15794.9 MiB,4128.4 MiB,2595.2 MiB,9071.3 MiB,4096.0 MiB,3680.7 MiB,415.2 MiB,12593.0 MiB
5,Python 3.10.11,binarytrees.py 21,83,1694299534,1331845,python,0:05.17,497832,342452,7036,0.0,2.1,3,1,0:05,0,4,353088,0,245k,0,342452,316,2,284,30,0,11.3,3.0,0.0,85.7,0.0,0.0,0.0,0.0,15794.9 MiB,4016.2 MiB,2707.4 MiB,9071.3 MiB,4096.0 MiB,3680.7 MiB,415.2 MiB,12480.8 MiB
5,Python 3.10.11,binarytrees.py 21,84,1694299535,1331845,python,0:05.17,497832,342452,7036,0.0,2.1,3,1,0:05,0,4,353088,0,245k,0,342452,316,2,284,30,0,13.5,0.8,0.0,85.7,0.0,0.0,0.0,0.0,15794.9 MiB,4151.8 MiB,2571.8 MiB,9071.3 MiB,4096.0 MiB,3680.7 MiB,415.2 MiB,12616.4 MiB
5,Python 3.10.11,binarytrees.py 21,85,1694299536,1331845,python,0:05.17,497832,342452,7036,0.0,2.1,3,1,0:05,0,4,353088,0,245k,0,342452,316,2,284,30,0,11.4,2.3,0.0,86.4,0.0,0.0,0.0,0.0,15794.9 MiB,4122.0 MiB,2601.6 MiB,9071.3 MiB,4096.0 MiB,3680.7 MiB,415.2 MiB,12586.6 MiB
5,Python 3.10.11,binarytrees.py 21,86,1694299537,1331845,python,0:05.17,497832,342452,7036,0.0,2.1,3,1,0:05,0,4,353088,0,245k,0,342452,316,2,284,30,0,12.8,1.5,0.0,85.7,0.0,0.0,0.0,0.0,15794.9 MiB,4037.2 MiB,2686.3 MiB,9071.3 MiB,4096.0 MiB,3680.7 MiB,415.2 MiB,12501.9 MiB
5,Python 3.10.11,binarytrees.py 21,87,1694299538,1331845,python,0:05.17,497832,342452,7036,0.0,2.1,3,1,0:05,0,4,353088,0,245k,0,342452,316,2,284,30,0,14.1,1.5,0.0,84.4,0.0,0.0,0.0,0.0,15794.9 MiB,4158.4 MiB,2565.1 MiB,9071.3 MiB,4096.0 MiB,3680.7 MiB,415.2 MiB,12623.1 MiB
5,Python 3.10.11,binarytrees.py 21,88,1694299540,1331845,python,0:05.17,497832,342452,7036,0.0,2.1,3,1,0:05,0,4,353088,0,245k,0,342452,316,2,284,30,0,11.3,2.3,0.0,86.5,0.0,0.0,0.0,0.0,15794.9 MiB,4105.3 MiB,2618.3 MiB,9071.3 MiB,4096.0 MiB,3680.7 MiB,415.2 MiB,12569.9 MiB
5,Python 3.10.11,binarytrees.py 21,89,1694299541,1331845,python,0:05.17,497832,342452,7036,0.0,2.1,3,1,0:05,0,4,353088,0,245k,0,342452,316,2,284,30,0,11.3,3.0,0.0,85.7,0.0,0.0,0.0,0.0,15794.9 MiB,4105.5 MiB,2618.0 MiB,9071.3 MiB,4096.0 MiB,3680.7 MiB,415.2 MiB,12570.2 MiB
5,Python 3.10.11,binarytrees.py 21,90,1694299542,1331845,python,0:05.17,497832,342452,7036,0.0,2.1,3,1,0:05,0,4,353088,0,245k,0,342452,316,2,284,30,0,12.2,0.8,0.0,87.0,0.0,0.0,0.0,0.0,15794.9 MiB,4155.3 MiB,2568.2 MiB,9071.3 MiB,4096.0 MiB,3680.7 MiB,415.2 MiB,12620.0 MiB
5,Python 3.10.11,binarytrees.py 21,91,1694299543,1331845,python,0:05.17,497832,342452,7036,0.0,2.1,3,1,0:05,0,4,353088,0,245k,0,342452,316,2,284,30,0,11.4,2.3,0.0,86.4,0.0,0.0,0.0,0.0,15794.9 MiB,4090.8 MiB,2632.8 MiB,9071.3 MiB,4096.0 MiB,3680.7 MiB,415.2 MiB,12555.4 MiB
5,Python 3.10.11,binarytrees.py 21,92,1694299544,1331845,python,0:05.17,497832,342452,7036,0.0,2.1,3,1,0:05,0,4,353088,0,245k,0,342452,316,2,284,30,0,11.4,2.3,0.0,86.4,0.0,0.0,0.0,0.0,15794.9 MiB,4154.6 MiB,2569.0 MiB,9071.3 MiB,4096.0 MiB,3680.7 MiB,415.2 MiB,12619.2 MiB
5,Python 3.10.11,binarytrees.py 21,93,1694299546,1331845,python,0:05.17,497832,342452,7036,0.0,2.1,3,1,0:05,0,4,353088,0,245k,0,342452,316,3,283,30,0,12.8,0.8,0.0,86.5,0.0,0.0,0.0,0.0,15794.9 MiB,4153.8 MiB,2569.8 MiB,9071.3 MiB,4096.0 MiB,3680.7 MiB,415.2 MiB,12618.4 MiB
5,Python 3.10.11,binarytrees.py 21,94,1694299547,1331845,python,0:05.17,497832,342452,7036,0.0,2.1,3,1,0:05,0,4,353088,0,245k,0,342452,316,2,284,30,0,12.1,1.5,0.0,86.4,0.0,0.0,0.0,0.0,15794.9 MiB,4075.5 MiB,2648.0 MiB,9071.3 MiB,4096.0 MiB,3680.7 MiB,415.2 MiB,12540.2 MiB
5,Python 3.10.11,binarytrees.py 21,95,1694299548,1331845,python,0:05.17,497832,342452,7036,0.0,2.1,3,1,0:05,0,4,353088,0,245k,0,342452,316,2,284,30,0,11.9,3.0,0.0,85.1,0.0,0.0,0.0,0.0,15794.9 MiB,4152.3 MiB,2571.2 MiB,9071.3 MiB,4096.0 MiB,3680.7 MiB,415.2 MiB,12617.0 MiB
5,Python 3.10.11,binarytrees.py 21,96,1694299549,1331845,python,0:05.17,497832,342452,7036,0.0,2.1,3,1,0:05,0,4,353088,0,245k,0,342452,316,2,284,30,0,12.9,0.8,0.0,86.4,0.0,0.0,0.0,0.0,15794.9 MiB,4177.7 MiB,2545.8 MiB,9071.4 MiB,4096.0 MiB,3680.7 MiB,415.2 MiB,12642.4 MiB
6,Python 3.10.11,binarytrees.py 21,0,1694299550,1332512,python,0:00.11,57368,50000,7112,68.8,0.3,1,7,0:00,0,4,43440,0,12k,0,50000,308,2,276,30,0,15.8,10.5,0.0,72.9,0.0,0.0,0.8,0.0,15794.9 MiB,4640.3 MiB,2076.2 MiB,9078.4 MiB,4096.0 MiB,3680.7 MiB,415.2 MiB,13104.9 MiB
6,Python 3.10.11,binarytrees.py 21,1,1694299551,1332512,python,0:01.29,538648,531536,7112,100.0,3.3,1,7,0:01,0,4,524720,0,129k,0,531536,308,2,276,30,0,12.8,1.5,0.0,85.7,0.0,0.0,0.0,0.0,15794.9 MiB,4170.2 MiB,2546.2 MiB,9078.4 MiB,4096.0 MiB,3680.7 MiB,415.2 MiB,12634.9 MiB
6,Python 3.10.11,binarytrees.py 21,2,1694299553,1332512,python,0:02.46,678936,671192,7112,100.0,4.1,1,7,0:02,0,4,665008,0,163k,0,671192,308,2,276,30,0,13.6,0.0,0.0,85.6,0.8,0.0,0.0,0.0,15794.9 MiB,4037.8 MiB,2685.6 MiB,9071.4 MiB,4096.0 MiB,3680.7 MiB,415.2 MiB,12502.5 MiB
6,Python 3.10.11,binarytrees.py 21,3,1694299554,1332512,python,0:03.64,109592,102076,7112,93.8,0.6,1,7,0:03,0,4,95664,0,185k,0,102076,308,2,276,30,0,11.3,2.3,0.0,86.5,0.0,0.0,0.0,0.0,15794.9 MiB,4597.7 MiB,2125.8 MiB,9071.4 MiB,4096.0 MiB,3680.7 MiB,415.2 MiB,13062.4 MiB
6,Python 3.10.11,binarytrees.py 21,4,1694299555,1332512,python,0:04.82,350232,342316,7112,100.0,2.1,1,7,0:04,0,4,336304,0,243k,0,342316,308,2,276,30,0,12.0,1.5,0.0,86.5,0.0,0.0,0.0,0.0,15794.9 MiB,4360.0 MiB,2363.5 MiB,9071.4 MiB,4096.0 MiB,3680.7 MiB,415.2 MiB,12824.7 MiB
6,Python 3.10.11,binarytrees.py 21,5,1694299556,1332512,python,0:05.00,497696,342504,7116,0.0,2.1,3,0,0:05,0,4,352952,0,245k,0,342504,316,9,277,30,0,97.8,2.2,0.0,0.0,0.0,0.0,0.0,0.0,15794.9 MiB,4263.8 MiB,2452.8 MiB,9078.3 MiB,4096.0 MiB,3680.7 MiB,415.2 MiB,12728.5 MiB
6,Python 3.10.11,binarytrees.py 21,6,1694299557,1332512,python,0:05.00,497696,342504,7116,0.0,2.1,3,0,0:05,0,4,352952,0,245k,0,342504,316,9,277,30,0,97.2,2.8,0.0,0.0,0.0,0.0,0.0,0.0,15794.9 MiB,4251.0 MiB,2472.5 MiB,9071.4 MiB,4096.0 MiB,3680.7 MiB,415.2 MiB,12715.7 MiB
6,Python 3.10.11,binarytrees.py 21,7,1694299559,1332512,python,0:05.00,497696,342504,7116,0.0,2.1,3,0,0:05,0,4,352952,0,245k,0,342504,316,9,277,30,0,98.4,1.6,0.0,0.0,0.0,0.0,0.0,0.0,15794.9 MiB,4268.8 MiB,2454.6 MiB,9071.4 MiB,4096.0 MiB,3680.7 MiB,415.2 MiB,12733.5 MiB
6,Python 3.10.11,binarytrees.py 21,8,1694299560,1332512,python,0:05.00,497696,342504,7116,0.0,2.1,3,0,0:05,0,4,352952,0,245k,0,342504,316,9,277,30,0,98.8,1.2,0.0,0.0,0.0,0.0,0.0,0.0,15794.9 MiB,4266.1 MiB,2457.3 MiB,9071.4 MiB,4096.0 MiB,3680.7 MiB,415.2 MiB,12730.8 MiB
6,Python 3.10.11,binarytrees.py 21,9,1694299561,1332512,python,0:05.00,497696,342504,7116,0.0,2.1,3,0,0:05,0,4,352952,0,245k,0,342504,316,9,277,30,0,97.3,2.7,0.0,0.0,0.0,0.0,0.0,0.0,15794.9 MiB,4238.7 MiB,2484.8 MiB,9071.4 MiB,4096.0 MiB,3680.7 MiB,415.2 MiB,12703.4 MiB
6,Python 3.10.11,binarytrees.py 21,10,1694299563,1332512,python,0:05.00,497696,342504,7116,0.0,2.1,3,0,0:05,0,4,352952,0,245k,0,342504,316,9,277,30,0,96.6,3.4,0.0,0.0,0.0,0.0,0.0,0.0,15794.9 MiB,4260.8 MiB,2462.7 MiB,9071.4 MiB,4096.0 MiB,3680.7 MiB,415.2 MiB,12725.5 MiB
6,Python 3.10.11,binarytrees.py 21,11,1694299564,1332512,python,0:05.00,497696,342504,7116,0.0,2.1,3,0,0:05,0,4,352952,0,245k,0,342504,316,9,277,30,0,97.3,2.7,0.0,0.0,0.0,0.0,0.0,0.0,15794.9 MiB,4263.1 MiB,2460.4 MiB,9071.4 MiB,4096.0 MiB,3680.7 MiB,415.2 MiB,12727.8 MiB
6,Python 3.10.11,binarytrees.py 21,12,1694299565,1332512,python,0:05.00,497696,342504,7116,0.0,2.1,3,0,0:05,0,4,352952,0,245k,0,342504,316,9,277,30,0,97.2,2.8,0.0,0.0,0.0,0.0,0.0,0.0,15794.9 MiB,4261.3 MiB,2462.2 MiB,9071.4 MiB,4096.0 MiB,3680.7 MiB,415.2 MiB,12726.0 MiB
6,Python 3.10.11,binarytrees.py 21,13,1694299567,1332512,python,0:05.00,497696,342504,7116,0.0,2.1,3,0,0:05,0,4,352952,0,245k,0,342504,316,9,277,30,0,97.3,2.7,0.0,0.0,0.0,0.0,0.0,0.0,15794.9 MiB,4245.6 MiB,2477.9 MiB,9071.4 MiB,4096.0 MiB,3680.7 MiB,415.2 MiB,12710.3 MiB
6,Python 3.10.11,binarytrees.py 21,14,1694299568,1332512,python,0:05.00,497696,342504,7116,0.0,2.1,3,0,0:05,0,4,352952,0,245k,0,342504,316,9,277,30,0,97.8,2.2,0.0,0.0,0.0,0.0,0.0,0.0,15794.9 MiB,4260.3 MiB,2463.2 MiB,9071.4 MiB,4096.0 MiB,3680.7 MiB,415.2 MiB,12725.0 MiB
6,Python 3.10.11,binarytrees.py 21,15,1694299569,1332512,python,0:05.00,497696,342504,7116,0.0,2.1,3,0,0:05,0,4,352952,0,245k,0,342504,316,9,277,30,0,98.3,1.7,0.0,0.0,0.0,0.0,0.0,0.0,15794.9 MiB,4259.1 MiB,2464.4 MiB,9071.4 MiB,4096.0 MiB,3680.7 MiB,415.2 MiB,12723.8 MiB
6,Python 3.10.11,binarytrees.py 21,16,1694299571,1332512,python,0:05.00,497696,342504,7116,0.0,2.1,3,0,0:05,0,4,352952,0,245k,0,342504,316,9,277,30,0,97.8,2.2,0.0,0.0,0.0,0.0,0.0,0.0,15794.9 MiB,4257.8 MiB,2465.7 MiB,9071.4 MiB,4096.0 MiB,3680.7 MiB,415.2 MiB,12722.5 MiB
6,Python 3.10.11,binarytrees.py 21,17,1694299572,1332512,python,0:05.00,497696,342504,7116,0.0,2.1,3,0,0:05,0,4,352952,0,245k,0,342504,316,9,277,30,0,97.4,2.6,0.0,0.0,0.0,0.0,0.0,0.0,15794.9 MiB,4237.7 MiB,2485.8 MiB,9071.4 MiB,4096.0 MiB,3680.7 MiB,415.2 MiB,12702.4 MiB
6,Python 3.10.11,binarytrees.py 21,18,1694299573,1332512,python,0:05.00,497696,342504,7116,0.0,2.1,3,0,0:05,0,4,352952,0,245k,0,342504,316,9,277,30,0,97.8,2.2,0.0,0.0,0.0,0.0,0.0,0.0,15794.9 MiB,4255.2 MiB,2468.3 MiB,9071.4 MiB,4096.0 MiB,3680.7 MiB,415.2 MiB,12719.9 MiB
6,Python 3.10.11,binarytrees.py 21,19,1694299575,1332512,python,0:05.00,497696,342504,7116,0.0,2.1,3,0,0:05,0,4,352952,0,245k,0,342504,316,9,277,30,0,98.0,2.0,0.0,0.0,0.0,0.0,0.0,0.0,15794.9 MiB,4254.9 MiB,2468.5 MiB,9071.4 MiB,4096.0 MiB,3680.7 MiB,415.2 MiB,12719.7 MiB
6,Python 3.10.11,binarytrees.py 21,20,1694299576,1332512,python,0:05.00,497696,342504,7116,0.0,2.1,3,0,0:05,0,4,352952,0,245k,0,342504,316,9,277,30,0,98.3,1.7,0.0,0.0,0.0,0.0,0.0,0.0,15794.9 MiB,4255.2 MiB,2468.3 MiB,9071.4 MiB,4096.0 MiB,3680.7 MiB,415.2 MiB,12719.9 MiB
6,Python 3.10.11,binarytrees.py 21,21,1694299577,1332512,python,0:05.00,497696,342504,7116,0.0,2.1,3,0,0:05,0,4,352952,0,245k,0,342504,316,9,277,30,0,97.9,2.1,0.0,0.0,0.0,0.0,0.0,0.0,15794.9 MiB,4253.9 MiB,2469.5 MiB,9071.4 MiB,4096.0 MiB,3680.7 MiB,415.2 MiB,12718.7 MiB
6,Python 3.10.11,binarytrees.py 21,22,1694299579,1332512,python,0:05.00,497696,342504,7116,0.0,2.1,3,0,0:05,0,4,352952,0,245k,0,342504,316,9,277,30,0,96.3,3.7,0.0,0.0,0.0,0.0,0.0,0.0,15794.9 MiB,4245.1 MiB,2478.4 MiB,9071.4 MiB,4096.0 MiB,3680.7 MiB,415.2 MiB,12709.8 MiB
6,Python 3.10.11,binarytrees.py 21,23,1694299580,1332512,python,0:05.00,497696,342504,7116,0.0,2.1,3,0,0:05,0,4,352952,0,245k,0,342504,316,9,277,30,0,98.3,1.7,0.0,0.0,0.0,0.0,0.0,0.0,15794.9 MiB,4252.4 MiB,2471.0 MiB,9071.4 MiB,4096.0 MiB,3680.7 MiB,415.2 MiB,12717.2 MiB
6,Python 3.10.11,binarytrees.py 21,24,1694299581,1332512,python,0:05.00,497696,342504,7116,0.0,2.1,3,0,0:05,0,4,352952,0,245k,0,342504,316,9,277,30,0,97.7,1.8,0.0,0.6,0.0,0.0,0.0,0.0,15794.9 MiB,4251.4 MiB,2472.0 MiB,9071.4 MiB,4096.0 MiB,3680.7 MiB,415.2 MiB,12716.2 MiB
6,Python 3.10.11,binarytrees.py 21,25,1694299583,1332512,python,0:05.00,497696,342504,7116,0.0,2.1,3,0,0:05,0,4,352952,0,245k,0,342504,316,9,277,30,0,97.2,2.8,0.0,0.0,0.0,0.0,0.0,0.0,15794.9 MiB,4242.3 MiB,2481.2 MiB,9071.4 MiB,4096.0 MiB,3680.7 MiB,415.2 MiB,12707.0 MiB
6,Python 3.10.11,binarytrees.py 21,26,1694299584,1332512,python,0:05.00,497696,342504,7116,0.0,2.1,3,0,0:05,0,4,352952,0,245k,0,342504,316,9,277,30,0,97.2,2.8,0.0,0.0,0.0,0.0,0.0,0.0,15794.9 MiB,4239.9 MiB,2483.5 MiB,9071.4 MiB,4096.0 MiB,3680.7 MiB,415.2 MiB,12704.7 MiB
6,Python 3.10.11,binarytrees.py 21,27,1694299585,1332512,python,0:05.00,497696,342504,7116,0.0,2.1,3,0,0:05,0,4,352952,0,245k,0,342504,316,9,277,30,0,98.9,1.1,0.0,0.0,0.0,0.0,0.0,0.0,15794.9 MiB,4240.2 MiB,2483.2 MiB,9071.4 MiB,4096.0 MiB,3680.7 MiB,415.2 MiB,12705.0 MiB
6,Python 3.10.11,binarytrees.py 21,28,1694299587,1332512,python,0:05.00,497696,342504,7116,0.0,2.1,3,0,0:05,0,4,352952,0,245k,0,342504,316,9,277,30,0,97.6,2.4,0.0,0.0,0.0,0.0,0.0,0.0,15794.9 MiB,4239.2 MiB,2484.3 MiB,9071.4 MiB,4096.0 MiB,3680.7 MiB,415.2 MiB,12703.9 MiB
6,Python 3.10.11,binarytrees.py 21,29,1694299588,1332512,python,0:05.00,497696,342504,7116,0.0,2.1,3,0,0:05,0,4,352952,0,245k,0,342504,316,9,277,30,0,97.6,2.4,0.0,0.0,0.0,0.0,0.0,0.0,15794.9 MiB,4237.5 MiB,2486.0 MiB,9071.4 MiB,4096.0 MiB,3680.7 MiB,415.2 MiB,12702.2 MiB
6,Python 3.10.11,binarytrees.py 21,30,1694299589,1332512,python,0:05.00,497696,342504,7116,0.0,2.1,3,0,0:05,0,4,352952,0,245k,0,342504,316,9,277,30,0,97.8,2.2,0.0,0.0,0.0,0.0,0.0,0.0,15794.9 MiB,4232.8 MiB,2490.7 MiB,9071.4 MiB,4096.0 MiB,3680.7 MiB,415.2 MiB,12697.6 MiB
6,Python 3.10.11,binarytrees.py 21,31,1694299591,1332512,python,0:05.00,497696,342504,7116,0.0,2.1,3,0,0:05,0,4,352952,0,245k,0,342504,316,9,277,30,0,98.2,1.8,0.0,0.0,0.0,0.0,0.0,0.0,15794.9 MiB,4236.7 MiB,2486.7 MiB,9071.4 MiB,4096.0 MiB,3680.7 MiB,415.2 MiB,12701.5 MiB
6,Python 3.10.11,binarytrees.py 21,32,1694299592,1332512,python,0:05.00,497696,342504,7116,0.0,2.1,3,0,0:05,0,4,352952,0,245k,0,342504,315,9,276,30,0,97.8,2.2,0.0,0.0,0.0,0.0,0.0,0.0,15794.9 MiB,4235.2 MiB,2488.2 MiB,9071.4 MiB,4096.0 MiB,3680.7 MiB,415.2 MiB,12700.0 MiB
6,Python 3.10.11,binarytrees.py 21,33,1694299593,1332512,python,0:05.00,497696,342504,7116,0.0,2.1,3,0,0:05,0,4,352952,0,245k,0,342504,315,9,276,30,0,97.8,2.2,0.0,0.0,0.0,0.0,0.0,0.0,15794.9 MiB,4234.7 MiB,2488.7 MiB,9071.4 MiB,4096.0 MiB,3680.7 MiB,415.2 MiB,12699.5 MiB
6,Python 3.10.11,binarytrees.py 21,34,1694299595,1332512,python,0:05.00,497696,342504,7116,0.0,2.1,3,0,0:05,0,4,352952,0,245k,0,342504,315,9,276,30,0,97.2,2.8,0.0,0.0,0.0,0.0,0.0,0.0,15794.9 MiB,4232.7 MiB,2490.7 MiB,9071.4 MiB,4096.0 MiB,3680.7 MiB,415.2 MiB,12697.5 MiB
6,Python 3.10.11,binarytrees.py 21,35,1694299596,1332512,python,0:05.00,497696,342504,7116,0.0,2.1,3,0,0:05,0,4,352952,0,245k,0,342504,315,9,276,30,0,97.8,2.2,0.0,0.0,0.0,0.0,0.0,0.0,15794.9 MiB,4232.3 MiB,2491.1 MiB,9071.4 MiB,4096.0 MiB,3680.7 MiB,415.2 MiB,12697.1 MiB
6,Python 3.10.11,binarytrees.py 21,36,1694299597,1332512,python,0:05.00,497696,342504,7116,0.0,2.1,3,0,0:05,0,4,352952,0,245k,0,342504,315,9,276,30,0,98.4,1.6,0.0,0.0,0.0,0.0,0.0,0.0,15794.9 MiB,4231.4 MiB,2492.1 MiB,9071.4 MiB,4096.0 MiB,3680.7 MiB,415.2 MiB,12696.1 MiB
6,Python 3.10.11,binarytrees.py 21,37,1694299598,1332512,python,0:05.00,497696,342504,7116,0.0,2.1,3,0,0:05,0,4,352952,0,245k,0,342504,315,9,276,30,0,98.5,1.5,0.0,0.0,0.0,0.0,0.0,0.0,15794.9 MiB,4230.6 MiB,2492.8 MiB,9071.5 MiB,4096.0 MiB,3680.7 MiB,415.2 MiB,12695.4 MiB
6,Python 3.10.11,binarytrees.py 21,38,1694299600,1332512,python,0:05.00,497696,342504,7116,0.0,2.1,3,0,0:05,0,4,352952,0,245k,0,342504,315,9,276,30,0,98.3,1.7,0.0,0.0,0.0,0.0,0.0,0.0,15794.9 MiB,4228.4 MiB,2495.0 MiB,9071.5 MiB,4096.0 MiB,3680.7 MiB,415.2 MiB,12693.2 MiB
6,Python 3.10.11,binarytrees.py 21,39,1694299601,1332512,python,0:05.00,497696,342504,7116,0.0,2.1,3,0,0:05,0,4,352952,0,245k,0,342504,315,9,276,30,0,97.8,2.2,0.0,0.0,0.0,0.0,0.0,0.0,15794.9 MiB,4228.9 MiB,2494.5 MiB,9071.5 MiB,4096.0 MiB,3680.7 MiB,415.2 MiB,12693.7 MiB
6,Python 3.10.11,binarytrees.py 21,40,1694299602,1332512,python,0:05.00,497696,342504,7116,0.0,2.1,3,0,0:05,0,4,352952,0,245k,0,342504,315,9,276,30,0,97.8,2.2,0.0,0.0,0.0,0.0,0.0,0.0,15794.9 MiB,4228.6 MiB,2494.8 MiB,9071.5 MiB,4096.0 MiB,3680.7 MiB,415.2 MiB,12693.4 MiB
6,Python 3.10.11,binarytrees.py 21,41,1694299604,1332512,python,0:05.00,497696,342504,7116,0.0,2.1,3,0,0:05,0,4,352952,0,245k,0,342504,315,9,276,30,0,98.3,1.7,0.0,0.0,0.0,0.0,0.0,0.0,15794.9 MiB,4228.1 MiB,2495.3 MiB,9071.5 MiB,4096.0 MiB,3680.7 MiB,415.2 MiB,12692.9 MiB
6,Python 3.10.11,binarytrees.py 21,42,1694299605,1332512,python,0:05.00,497696,342504,7116,0.0,2.1,3,0,0:05,0,4,352952,0,245k,0,342504,315,9,276,30,0,97.2,2.8,0.0,0.0,0.0,0.0,0.0,0.0,15794.9 MiB,4228.9 MiB,2494.5 MiB,9071.5 MiB,4096.0 MiB,3680.7 MiB,415.2 MiB,12693.7 MiB
6,Python 3.10.11,binarytrees.py 21,43,1694299606,1332512,python,0:05.00,497696,342504,7116,0.0,2.1,3,0,0:05,0,4,352952,0,245k,0,342504,315,9,276,30,0,97.9,2.1,0.0,0.0,0.0,0.0,0.0,0.0,15794.9 MiB,4228.4 MiB,2495.0 MiB,9071.5 MiB,4096.0 MiB,3680.7 MiB,415.2 MiB,12693.2 MiB
6,Python 3.10.11,binarytrees.py 21,44,1694299608,1332512,python,0:05.00,497696,342504,7116,0.0,2.1,3,0,0:05,0,4,352952,0,245k,0,342504,315,9,276,30,0,98.3,1.7,0.0,0.0,0.0,0.0,0.0,0.0,15794.9 MiB,4228.6 MiB,2494.8 MiB,9071.5 MiB,4096.0 MiB,3680.7 MiB,415.2 MiB,12693.5 MiB
6,Python 3.10.11,binarytrees.py 21,45,1694299609,1332512,python,0:05.00,497696,342504,7116,0.0,2.1,3,0,0:05,0,4,352952,0,245k,0,342504,315,9,276,30,0,97.9,2.1,0.0,0.0,0.0,0.0,0.0,0.0,15794.9 MiB,4228.4 MiB,2495.0 MiB,9071.5 MiB,4096.0 MiB,3680.7 MiB,415.2 MiB,12693.2 MiB
6,Python 3.10.11,binarytrees.py 21,46,1694299610,1332512,python,0:05.00,497696,342504,7116,0.0,2.1,3,0,0:05,0,4,352952,0,245k,0,342504,315,9,276,30,0,98.3,1.7,0.0,0.0,0.0,0.0,0.0,0.0,15794.9 MiB,4228.4 MiB,2495.0 MiB,9071.5 MiB,4096.0 MiB,3680.7 MiB,415.2 MiB,12693.2 MiB
6,Python 3.10.11,binarytrees.py 21,47,1694299612,1332512,python,0:05.00,497696,342504,7116,0.0,2.1,3,0,0:05,0,4,352952,0,245k,0,342504,315,9,276,30,0,98.4,1.6,0.0,0.0,0.0,0.0,0.0,0.0,15794.9 MiB,4228.4 MiB,2495.0 MiB,9071.5 MiB,4096.0 MiB,3680.7 MiB,415.2 MiB,12693.2 MiB
6,Python 3.10.11,binarytrees.py 21,48,1694299613,1332512,python,0:05.00,497696,342504,7116,0.0,2.1,3,0,0:05,0,4,352952,0,245k,0,342504,315,9,276,30,0,97.9,2.1,0.0,0.0,0.0,0.0,0.0,0.0,15794.9 MiB,4228.4 MiB,2495.0 MiB,9071.5 MiB,4096.0 MiB,3680.7 MiB,415.2 MiB,12693.2 MiB
6,Python 3.10.11,binarytrees.py 21,49,1694299614,1332512,python,0:05.00,497696,342504,7116,0.0,2.1,3,0,0:05,0,4,352952,0,245k,0,342504,315,9,276,30,0,98.4,1.6,0.0,0.0,0.0,0.0,0.0,0.0,15794.9 MiB,4228.2 MiB,2495.2 MiB,9071.5 MiB,4096.0 MiB,3680.7 MiB,415.2 MiB,12693.0 MiB
6,Python 3.10.11,binarytrees.py 21,50,1694299616,1332512,python,0:05.00,497696,342504,7116,0.0,2.1,3,0,0:05,0,4,352952,0,245k,0,342504,315,9,276,30,0,97.7,2.3,0.0,0.0,0.0,0.0,0.0,0.0,15794.9 MiB,4227.7 MiB,2495.7 MiB,9071.5 MiB,4096.0 MiB,3680.7 MiB,415.2 MiB,12692.5 MiB
6,Python 3.10.11,binarytrees.py 21,51,1694299617,1332512,python,0:05.00,497696,342504,7116,0.0,2.1,3,0,0:05,0,4,352952,0,245k,0,342504,315,9,276,30,0,98.3,1.7,0.0,0.0,0.0,0.0,0.0,0.0,15794.9 MiB,4227.7 MiB,2495.7 MiB,9071.5 MiB,4096.0 MiB,3680.7 MiB,415.2 MiB,12692.5 MiB
6,Python 3.10.11,binarytrees.py 21,52,1694299618,1332512,python,0:05.00,497696,342504,7116,0.0,2.1,3,0,0:05,0,4,352952,0,245k,0,342504,315,9,276,30,0,97.9,2.1,0.0,0.0,0.0,0.0,0.0,0.0,15794.9 MiB,4227.2 MiB,2496.2 MiB,9071.5 MiB,4096.0 MiB,3680.7 MiB,415.2 MiB,12692.0 MiB
6,Python 3.10.11,binarytrees.py 21,53,1694299620,1332512,python,0:05.00,497696,342504,7116,0.0,2.1,3,0,0:05,0,4,352952,0,245k,0,342504,315,9,276,30,0,97.8,2.2,0.0,0.0,0.0,0.0,0.0,0.0,15794.9 MiB,4227.2 MiB,2496.3 MiB,9071.4 MiB,4096.0 MiB,3680.7 MiB,415.2 MiB,12692.0 MiB
6,Python 3.10.11,binarytrees.py 21,54,1694299621,1332512,python,0:05.00,497696,342504,7116,0.0,2.1,3,0,0:05,0,4,352952,0,245k,0,342504,315,9,276,30,0,98.4,1.6,0.0,0.0,0.0,0.0,0.0,0.0,15794.9 MiB,4227.2 MiB,2496.4 MiB,9071.3 MiB,4096.0 MiB,3680.7 MiB,415.2 MiB,12692.0 MiB
6,Python 3.10.11,binarytrees.py 21,55,1694299622,1332512,python,0:05.00,497696,342504,7116,0.0,2.1,3,0,0:05,0,4,352952,0,245k,0,342504,315,9,276,30,0,97.7,2.3,0.0,0.0,0.0,0.0,0.0,0.0,15794.9 MiB,4227.7 MiB,2495.9 MiB,9071.3 MiB,4096.0 MiB,3680.7 MiB,415.2 MiB,12692.5 MiB
6,Python 3.10.11,binarytrees.py 21,56,1694299624,1332512,python,0:05.00,497696,342504,7116,0.0,2.1,3,0,0:05,0,4,352952,0,245k,0,342504,315,9,276,30,0,97.8,2.2,0.0,0.0,0.0,0.0,0.0,0.0,15794.9 MiB,4227.2 MiB,2496.4 MiB,9071.3 MiB,4096.0 MiB,3680.7 MiB,415.2 MiB,12692.0 MiB
6,Python 3.10.11,binarytrees.py 21,57,1694299625,1332512,python,0:05.00,497696,342504,7116,0.0,2.1,3,0,0:05,0,4,352952,0,245k,0,342504,315,9,276,30,0,98.4,1.6,0.0,0.0,0.0,0.0,0.0,0.0,15794.9 MiB,4226.9 MiB,2496.6 MiB,9071.3 MiB,4096.0 MiB,3680.7 MiB,415.2 MiB,12691.8 MiB
6,Python 3.10.11,binarytrees.py 21,58,1694299626,1332512,python,0:05.00,497696,342504,7116,0.0,2.1,3,0,0:05,0,4,352952,0,245k,0,342504,315,9,276,30,0,97.4,2.6,0.0,0.0,0.0,0.0,0.0,0.0,15794.9 MiB,4226.9 MiB,2496.6 MiB,9071.3 MiB,4096.0 MiB,3680.7 MiB,415.2 MiB,12691.8 MiB
6,Python 3.10.11,binarytrees.py 21,59,1694299628,1332512,python,0:05.00,497696,342504,7116,0.0,2.1,3,0,0:05,0,4,352952,0,245k,0,342504,315,9,276,30,0,97.8,2.2,0.0,0.0,0.0,0.0,0.0,0.0,15794.9 MiB,4226.7 MiB,2496.9 MiB,9071.3 MiB,4096.0 MiB,3680.7 MiB,415.2 MiB,12691.5 MiB
6,Python 3.10.11,binarytrees.py 21,60,1694299629,1332512,python,0:05.00,497696,342504,7116,0.0,2.1,3,0,0:05,0,4,352952,0,245k,0,342504,315,9,276,30,0,98.4,1.6,0.0,0.0,0.0,0.0,0.0,0.0,15794.9 MiB,4226.7 MiB,2496.9 MiB,9071.3 MiB,4096.0 MiB,3680.7 MiB,415.2 MiB,12691.5 MiB
6,Python 3.10.11,binarytrees.py 21,61,1694299630,1332512,python,0:05.00,497696,342504,7116,0.0,2.1,3,0,0:05,0,4,352952,0,245k,0,342504,315,9,276,30,0,98.5,1.5,0.0,0.0,0.0,0.0,0.0,0.0,15794.9 MiB,4226.4 MiB,2497.1 MiB,9071.3 MiB,4096.0 MiB,3680.7 MiB,415.2 MiB,12691.3 MiB
6,Python 3.10.11,binarytrees.py 21,62,1694299632,1332512,python,0:05.00,497696,342504,7116,0.0,2.1,3,0,0:05,0,4,352952,0,245k,0,342504,315,9,276,30,0,97.9,2.1,0.0,0.0,0.0,0.0,0.0,0.0,15794.9 MiB,4226.2 MiB,2497.3 MiB,9071.3 MiB,4096.0 MiB,3680.7 MiB,415.2 MiB,12691.1 MiB
6,Python 3.10.11,binarytrees.py 21,63,1694299633,1332512,python,0:05.00,497696,342504,7116,0.0,2.1,3,0,0:05,0,4,352952,0,245k,0,342504,315,9,276,30,0,98.4,1.6,0.0,0.0,0.0,0.0,0.0,0.0,15794.9 MiB,4225.9 MiB,2497.6 MiB,9071.3 MiB,4096.0 MiB,3680.7 MiB,415.2 MiB,12690.8 MiB
6,Python 3.10.11,binarytrees.py 21,64,1694299634,1332512,python,0:05.00,497696,342504,7116,0.0,2.1,3,0,0:05,0,4,352952,0,245k,0,342504,315,9,276,30,0,98.3,1.7,0.0,0.0,0.0,0.0,0.0,0.0,15794.9 MiB,4225.7 MiB,2497.8 MiB,9071.3 MiB,4096.0 MiB,3680.7 MiB,415.2 MiB,12690.6 MiB
6,Python 3.10.11,binarytrees.py 21,65,1694299636,1332512,python,0:05.00,497696,342504,7116,0.0,2.1,3,0,0:05,0,4,352952,0,245k,0,342504,315,9,276,30,0,96.9,3.1,0.0,0.0,0.0,0.0,0.0,0.0,15794.9 MiB,4226.2 MiB,2497.3 MiB,9071.3 MiB,4096.0 MiB,3680.7 MiB,415.2 MiB,12691.1 MiB
6,Python 3.10.11,binarytrees.py 21,66,1694299637,1332512,python,0:05.00,497696,342504,7116,0.0,2.1,3,0,0:05,0,4,352952,0,245k,0,342504,315,9,276,30,0,98.3,1.7,0.0,0.0,0.0,0.0,0.0,0.0,15794.9 MiB,4226.2 MiB,2497.3 MiB,9071.3 MiB,4096.0 MiB,3680.7 MiB,415.2 MiB,12691.1 MiB
6,Python 3.10.11,binarytrees.py 21,67,1694299638,1332512,python,0:05.00,497696,342504,7116,0.0,2.1,3,0,0:05,0,4,352952,0,245k,0,342504,315,9,276,30,0,98.4,1.6,0.0,0.0,0.0,0.0,0.0,0.0,15794.9 MiB,4226.2 MiB,2497.3 MiB,9071.3 MiB,4096.0 MiB,3680.7 MiB,415.2 MiB,12691.1 MiB
6,Python 3.10.11,binarytrees.py 21,68,1694299640,1332512,python,0:05.00,497696,342504,7116,0.0,2.1,3,0,0:05,0,4,352952,0,245k,0,342504,315,9,276,30,0,97.2,2.8,0.0,0.0,0.0,0.0,0.0,0.0,15794.9 MiB,4226.0 MiB,2497.6 MiB,9071.3 MiB,4096.0 MiB,3680.7 MiB,415.2 MiB,12690.8 MiB
6,Python 3.10.11,binarytrees.py 21,69,1694299641,1332512,python,0:05.00,497696,342504,7116,0.0,2.1,3,0,0:05,0,4,352952,0,245k,0,342504,315,9,276,30,0,98.3,1.7,0.0,0.0,0.0,0.0,0.0,0.0,15794.9 MiB,4225.7 MiB,2497.8 MiB,9071.3 MiB,4096.0 MiB,3680.7 MiB,415.2 MiB,12690.6 MiB
6,Python 3.10.11,binarytrees.py 21,70,1694299642,1332512,python,0:05.00,497696,342516,7116,0.0,2.1,3,2,0:05,0,4,352952,0,245k,0,342516,316,9,277,30,0,97.2,2.8,0.0,0.0,0.0,0.0,0.0,0.0,15794.9 MiB,4112.3 MiB,2604.3 MiB,9078.3 MiB,4096.0 MiB,3680.7 MiB,415.2 MiB,12577.1 MiB
6,Python 3.10.11,binarytrees.py 21,71,1694299644,1332512,python,0:05.00,497696,342516,7116,0.0,2.1,3,2,0:05,0,4,352952,0,245k,0,342516,316,9,277,30,0,97.4,2.6,0.0,0.0,0.0,0.0,0.0,0.0,15794.9 MiB,4075.3 MiB,2648.0 MiB,9071.5 MiB,4096.0 MiB,3680.7 MiB,415.2 MiB,12540.2 MiB
6,Python 3.10.11,binarytrees.py 21,72,1694299645,1332512,python,0:05.00,497696,342516,7116,0.0,2.1,3,2,0:05,0,4,352952,0,245k,0,342516,316,8,278,30,0,88.1,2.5,0.0,9.4,0.0,0.0,0.0,0.0,15794.9 MiB,3988.0 MiB,2728.4 MiB,9078.5 MiB,4096.0 MiB,3680.7 MiB,415.2 MiB,12452.8 MiB
6,Python 3.10.11,binarytrees.py 21,73,1694299646,1332512,python,0:05.00,497696,342516,7116,0.0,2.1,3,2,0:05,0,4,352952,0,245k,0,342516,316,7,279,30,0,74.7,3.2,0.0,21.5,0.0,0.0,0.6,0.0,15794.9 MiB,3973.7 MiB,2742.6 MiB,9078.5 MiB,4096.0 MiB,3680.7 MiB,415.2 MiB,12438.6 MiB
6,Python 3.10.11,binarytrees.py 21,74,1694299647,1332512,python,0:05.00,497696,342516,7116,0.0,2.1,3,2,0:05,0,4,352952,0,245k,0,342516,316,4,282,30,0,41.5,2.7,0.0,55.8,0.0,0.0,0.0,0.0,15794.9 MiB,4060.3 MiB,2656.0 MiB,9078.5 MiB,4096.0 MiB,3680.7 MiB,415.2 MiB,12525.2 MiB
6,Python 3.10.11,binarytrees.py 21,75,1694299649,1332512,python,0:05.00,497696,342516,7116,0.0,2.1,3,5,0:05,0,4,352952,0,245k,0,342516,316,2,284,30,0,12.0,1.5,0.0,86.5,0.0,0.0,0.0,0.0,15794.9 MiB,4100.5 MiB,2615.9 MiB,9078.5 MiB,4096.0 MiB,3680.7 MiB,415.2 MiB,12565.3 MiB
6,Python 3.10.11,binarytrees.py 21,76,1694299650,1332512,python,0:05.00,497696,342516,7116,0.0,2.1,3,5,0:05,0,4,352952,0,245k,0,342516,316,2,284,30,0,12.2,0.8,0.0,87.0,0.0,0.0,0.0,0.0,15794.9 MiB,4067.5 MiB,2648.8 MiB,9078.5 MiB,4096.0 MiB,3680.7 MiB,415.2 MiB,12532.4 MiB
6,Python 3.10.11,binarytrees.py 21,77,1694299651,1332512,python,0:05.00,497696,342516,7116,0.0,2.1,3,5,0:05,0,4,352952,0,245k,0,342516,316,2,284,30,0,12.2,1.5,0.0,86.3,0.0,0.0,0.0,0.0,15794.9 MiB,4158.9 MiB,2564.4 MiB,9071.5 MiB,4096.0 MiB,3680.7 MiB,415.2 MiB,12623.8 MiB
6,Python 3.10.11,binarytrees.py 21,78,1694299652,1332512,python,0:05.00,497696,342516,7116,0.0,2.1,3,5,0:05,0,4,352952,0,245k,0,342516,316,2,284,30,0,12.7,1.5,0.0,85.8,0.0,0.0,0.0,0.0,15794.9 MiB,4070.0 MiB,2653.4 MiB,9071.5 MiB,4096.0 MiB,3680.7 MiB,415.2 MiB,12534.8 MiB
6,Python 3.10.11,binarytrees.py 21,79,1694299653,1332512,python,0:05.00,497696,342516,7116,0.0,2.1,3,5,0:05,0,4,352952,0,245k,0,342516,316,2,284,30,0,12.9,0.8,0.0,86.4,0.0,0.0,0.0,0.0,15794.9 MiB,4155.4 MiB,2567.9 MiB,9071.5 MiB,4096.0 MiB,3680.7 MiB,415.2 MiB,12620.3 MiB
6,Python 3.10.11,binarytrees.py 21,80,1694299654,1332512,python,0:05.00,497696,342516,7116,0.0,2.1,3,5,0:05,0,4,352952,0,245k,0,342516,316,2,284,30,0,13.3,1.5,0.0,85.2,0.0,0.0,0.0,0.0,15794.9 MiB,4156.9 MiB,2566.4 MiB,9071.5 MiB,4096.0 MiB,3680.7 MiB,415.2 MiB,12621.8 MiB
6,Python 3.10.11,binarytrees.py 21,81,1694299656,1332512,python,0:05.00,497696,342516,7116,0.0,2.1,3,5,0:05,0,4,352952,0,245k,0,342516,316,2,284,30,0,12.1,1.5,0.0,86.4,0.0,0.0,0.0,0.0,15794.9 MiB,4051.0 MiB,2672.3 MiB,9071.5 MiB,4096.0 MiB,3680.7 MiB,415.2 MiB,12515.9 MiB
6,Python 3.10.11,binarytrees.py 21,82,1694299657,1332512,python,0:05.00,497696,342516,7116,0.0,2.1,3,5,0:05,0,4,352952,0,245k,0,342516,316,2,284,30,0,12.9,2.1,0.0,85.0,0.0,0.0,0.0,0.0,15794.9 MiB,4145.6 MiB,2577.8 MiB,9071.5 MiB,4096.0 MiB,3680.7 MiB,415.2 MiB,12610.4 MiB
6,Python 3.10.11,binarytrees.py 21,83,1694299658,1332512,python,0:05.00,497696,342516,7116,0.0,2.1,3,5,0:05,0,4,352952,0,245k,0,342516,316,2,284,30,0,12.9,1.5,0.0,85.6,0.0,0.0,0.0,0.0,15794.9 MiB,4130.5 MiB,2592.8 MiB,9071.5 MiB,4096.0 MiB,3680.7 MiB,415.2 MiB,12595.4 MiB
6,Python 3.10.11,binarytrees.py 21,84,1694299659,1332512,python,0:05.00,497696,342516,7116,0.0,2.1,3,5,0:05,0,4,352952,0,245k,0,342516,316,2,284,30,0,13.5,0.8,0.0,85.7,0.0,0.0,0.0,0.0,15794.9 MiB,4020.0 MiB,2703.3 MiB,9071.6 MiB,4096.0 MiB,3680.7 MiB,415.2 MiB,12484.9 MiB
6,Python 3.10.11,binarytrees.py 21,85,1694299660,1332512,python,0:05.00,497696,342516,7116,0.0,2.1,3,5,0:05,0,4,352952,0,245k,0,342516,316,2,284,30,0,14.2,0.7,0.0,85.1,0.0,0.0,0.0,0.0,15794.9 MiB,4143.7 MiB,2579.6 MiB,9071.6 MiB,4096.0 MiB,3680.7 MiB,415.2 MiB,12608.6 MiB
6,Python 3.10.11,binarytrees.py 21,86,1694299661,1332512,python,0:05.00,497696,342516,7116,0.0,2.1,3,5,0:05,0,4,352952,0,245k,0,342516,316,2,284,30,0,12.8,1.5,0.0,85.7,0.0,0.0,0.0,0.0,15794.9 MiB,4110.1 MiB,2613.2 MiB,9071.6 MiB,4096.0 MiB,3680.7 MiB,415.2 MiB,12575.0 MiB
6,Python 3.10.11,binarytrees.py 21,87,1694299663,1332512,python,0:05.00,497696,342516,7116,0.0,2.1,3,5,0:05,0,4,352952,0,245k,0,342516,316,2,284,30,0,11.3,3.0,0.0,85.7,0.0,0.0,0.0,0.0,15794.9 MiB,4018.3 MiB,2705.0 MiB,9071.6 MiB,4096.0 MiB,3680.7 MiB,415.2 MiB,12483.2 MiB
6,Python 3.10.11,binarytrees.py 21,88,1694299664,1332512,python,0:05.00,497696,342516,7116,0.0,2.1,3,5,0:05,0,4,352952,0,245k,0,342516,316,2,284,30,0,13.4,0.7,0.0,85.8,0.0,0.0,0.0,0.0,15794.9 MiB,4150.1 MiB,2573.2 MiB,9071.6 MiB,4096.0 MiB,3680.7 MiB,415.2 MiB,12615.0 MiB
6,Python 3.10.11,binarytrees.py 21,89,1694299665,1332512,python,0:05.00,497696,342516,7116,0.0,2.1,3,5,0:05,0,4,352952,0,245k,0,342516,316,2,284,30,0,12.0,2.3,0.0,85.7,0.0,0.0,0.0,0.0,15794.9 MiB,4088.9 MiB,2634.4 MiB,9071.6 MiB,4096.0 MiB,3680.7 MiB,415.2 MiB,12553.8 MiB
6,Python 3.10.11,binarytrees.py 21,90,1694299666,1332512,python,0:05.00,497696,342516,7116,0.0,2.1,3,5,0:05,0,4,352952,0,245k,0,342516,316,2,284,30,0,11.4,2.3,0.0,86.4,0.0,0.0,0.0,0.0,15794.9 MiB,4108.4 MiB,2614.9 MiB,9071.6 MiB,4096.0 MiB,3680.7 MiB,415.2 MiB,12573.6 MiB
6,Python 3.10.11,binarytrees.py 21,91,1694299667,1332512,python,0:05.00,497696,342516,7116,0.0,2.1,3,5,0:05,0,4,352952,0,245k,0,342516,316,2,284,30,0,12.1,0.8,0.0,87.1,0.0,0.0,0.0,0.0,15794.9 MiB,4148.0 MiB,2575.3 MiB,9071.6 MiB,4096.0 MiB,3680.7 MiB,415.2 MiB,12612.9 MiB
6,Python 3.10.11,binarytrees.py 21,92,1694299669,1332512,python,0:05.00,497696,342516,7116,0.0,2.1,3,5,0:05,0,4,352952,0,245k,0,342516,316,2,284,30,0,11.3,3.0,0.0,85.7,0.0,0.0,0.0,0.0,15794.9 MiB,4073.7 MiB,2649.6 MiB,9071.6 MiB,4096.0 MiB,3680.7 MiB,415.2 MiB,12538.6 MiB
6,Python 3.10.11,binarytrees.py 21,93,1694299670,1332512,python,0:05.00,497696,342516,7116,0.0,2.1,3,5,0:05,0,4,352952,0,245k,0,342516,316,2,284,30,0,12.7,1.5,0.0,85.8,0.0,0.0,0.0,0.0,15794.9 MiB,4147.6 MiB,2575.7 MiB,9071.6 MiB,4096.0 MiB,3680.7 MiB,415.2 MiB,12612.5 MiB
6,Python 3.10.11,binarytrees.py 21,94,1694299671,1332512,python,0:05.00,497696,342516,7116,0.0,2.1,3,5,0:05,0,4,352952,0,245k,0,342516,316,2,284,30,0,12.9,0.8,0.0,86.4,0.0,0.0,0.0,0.0,15794.9 MiB,4145.8 MiB,2577.5 MiB,9071.6 MiB,4096.0 MiB,3680.7 MiB,415.2 MiB,12610.7 MiB
6,Python 3.10.11,binarytrees.py 21,95,1694299672,1332512,python,0:05.00,497696,342516,7116,0.0,2.1,3,5,0:05,0,4,352952,0,245k,0,342516,316,2,284,30,0,10.6,3.0,0.0,86.4,0.0,0.0,0.0,0.0,15794.9 MiB,4050.5 MiB,2672.8 MiB,9071.6 MiB,4096.0 MiB,3680.7 MiB,415.2 MiB,12515.5 MiB
7,Python 3.10.11,binarytrees.py 21,0,1694299673,1333168,python,0:00.11,46104,37808,7060,68.8,0.2,1,3,0:00,0,4,32176,0,9001,0,37808,308,2,276,30,0,19.4,7.0,0.0,73.6,0.0,0.0,0.0,0.0,15794.9 MiB,4656.1 MiB,2059.5 MiB,9079.3 MiB,4096.0 MiB,3680.7 MiB,415.2 MiB,13121.8 MiB
7,Python 3.10.11,binarytrees.py 21,1,1694299674,1333168,python,0:01.29,484376,468920,7060,100.0,2.9,1,3,0:01,0,4,470448,0,114k,0,468920,308,2,276,30,0,12.2,0.8,0.0,87.0,0.0,0.0,0.0,0.0,15794.9 MiB,4233.6 MiB,2481.8 MiB,9079.5 MiB,4096.0 MiB,3680.7 MiB,415.2 MiB,12699.3 MiB
7,Python 3.10.11,binarytrees.py 21,2,1694299676,1333168,python,0:02.46,689176,671144,7060,100.0,4.1,1,3,0:02,0,4,675248,0,163k,0,671144,308,2,276,30,0,13.5,0.8,0.0,85.7,0.0,0.0,0.0,0.0,15794.9 MiB,4036.7 MiB,2685.7 MiB,9072.4 MiB,4096.0 MiB,3680.7 MiB,415.2 MiB,12502.5 MiB
7,Python 3.10.11,binarytrees.py 21,3,1694299677,1333168,python,0:03.63,51224,43068,7060,93.8,0.3,1,3,0:03,0,4,37296,0,170k,0,43068,308,2,276,30,0,11.4,2.3,0.0,86.4,0.0,0.0,0.0,0.0,15794.9 MiB,4653.9 MiB,2068.5 MiB,9072.4 MiB,4096.0 MiB,3680.7 MiB,415.2 MiB,13119.7 MiB
7,Python 3.10.11,binarytrees.py 21,4,1694299678,1333168,python,0:04.81,355352,342180,7060,100.0,2.1,1,3,0:04,0,4,341424,0,243k,0,342180,308,2,276,30,0,13.3,1.5,0.0,85.2,0.0,0.0,0.0,0.0,15794.9 MiB,4358.1 MiB,2364.3 MiB,9072.4 MiB,4096.0 MiB,3680.7 MiB,415.2 MiB,12823.9 MiB
7,Python 3.10.11,binarytrees.py 21,5,1694299679,1333168,python,0:05.14,502816,342444,7064,0.0,2.1,3,3,0:05,0,4,358072,0,245k,0,342444,316,9,277,30,0,96.4,3.6,0.0,0.0,0.0,0.0,0.0,0.0,15794.9 MiB,4230.4 MiB,2485.0 MiB,9079.4 MiB,4096.0 MiB,3680.7 MiB,415.2 MiB,12696.2 MiB
7,Python 3.10.11,binarytrees.py 21,6,1694299680,1333168,python,0:05.14,502816,342444,7064,0.0,2.1,3,3,0:05,0,4,358072,0,245k,0,342444,316,9,277,30,0,97.4,2.1,0.0,0.0,0.0,0.0,0.5,0.0,15794.9 MiB,4256.5 MiB,2466.0 MiB,9072.4 MiB,4096.0 MiB,3680.7 MiB,415.2 MiB,12722.3 MiB
7,Python 3.10.11,binarytrees.py 21,7,1694299682,1333168,python,0:05.14,502816,342444,7064,0.0,2.1,3,3,0:05,0,4,358072,0,245k,0,342444,316,9,277,30,0,97.8,1.7,0.0,0.0,0.0,0.0,0.6,0.0,15794.9 MiB,4257.7 MiB,2464.7 MiB,9072.4 MiB,4096.0 MiB,3680.7 MiB,415.2 MiB,12723.5 MiB
7,Python 3.10.11,binarytrees.py 21,8,1694299683,1333168,python,0:05.14,502816,342444,7064,0.0,2.1,3,3,0:05,0,4,358072,0,245k,0,342444,316,9,277,30,0,97.3,2.7,0.0,0.0,0.0,0.0,0.0,0.0,15794.9 MiB,4248.5 MiB,2473.9 MiB,9072.4 MiB,4096.0 MiB,3680.7 MiB,415.2 MiB,12714.3 MiB
7,Python 3.10.11,binarytrees.py 21,9,1694299684,1333168,python,0:05.14,502816,342444,7064,0.0,2.1,3,3,0:05,0,4,358072,0,245k,0,342444,316,9,277,30,0,97.9,2.1,0.0,0.0,0.0,0.0,0.0,0.0,15794.9 MiB,4245.6 MiB,2476.8 MiB,9072.5 MiB,4096.0 MiB,3680.7 MiB,415.2 MiB,12711.4 MiB
7,Python 3.10.11,binarytrees.py 21,10,1694299686,1333168,python,0:05.14,502816,342444,7064,0.0,2.1,3,3,0:05,0,4,358072,0,245k,0,342444,316,9,277,30,0,97.8,2.2,0.0,0.0,0.0,0.0,0.0,0.0,15794.9 MiB,4254.3 MiB,2468.1 MiB,9072.5 MiB,4096.0 MiB,3680.7 MiB,415.2 MiB,12720.1 MiB
7,Python 3.10.11,binarytrees.py 21,11,1694299687,1333168,python,0:05.14,502816,342444,7064,0.0,2.1,3,3,0:05,0,4,358072,0,245k,0,342444,316,9,277,30,0,97.4,2.6,0.0,0.0,0.0,0.0,0.0,0.0,15794.9 MiB,4252.9 MiB,2469.5 MiB,9072.5 MiB,4096.0 MiB,3680.7 MiB,415.2 MiB,12718.7 MiB
7,Python 3.10.11,binarytrees.py 21,12,1694299688,1333168,python,0:05.14,502816,342444,7064,0.0,2.1,3,3,0:05,0,4,358072,0,245k,0,342444,316,9,277,30,0,96.8,3.2,0.0,0.0,0.0,0.0,0.0,0.0,15794.9 MiB,4237.1 MiB,2485.3 MiB,9072.5 MiB,4096.0 MiB,3680.7 MiB,415.2 MiB,12702.9 MiB
7,Python 3.10.11,binarytrees.py 21,13,1694299690,1333168,python,0:05.14,502816,342444,7064,0.0,2.1,3,3,0:05,0,4,358072,0,245k,0,342444,316,9,277,30,0,97.8,2.2,0.0,0.0,0.0,0.0,0.0,0.0,15794.9 MiB,4248.1 MiB,2474.3 MiB,9072.5 MiB,4096.0 MiB,3680.7 MiB,415.2 MiB,12713.9 MiB
7,Python 3.10.11,binarytrees.py 21,14,1694299691,1333168,python,0:05.14,502816,342444,7064,0.0,2.1,3,3,0:05,0,4,358072,0,245k,0,342444,316,9,277,30,0,98.3,1.7,0.0,0.0,0.0,0.0,0.0,0.0,15794.9 MiB,4250.5 MiB,2471.9 MiB,9072.5 MiB,4096.0 MiB,3680.7 MiB,415.2 MiB,12716.3 MiB
7,Python 3.10.11,binarytrees.py 21,15,1694299692,1333168,python,0:05.14,502816,342444,7064,0.0,2.1,3,3,0:05,0,4,358072,0,245k,0,342444,316,9,277,30,0,97.9,2.1,0.0,0.0,0.0,0.0,0.0,0.0,15794.9 MiB,4249.1 MiB,2473.3 MiB,9072.5 MiB,4096.0 MiB,3680.7 MiB,415.2 MiB,12714.9 MiB
7,Python 3.10.11,binarytrees.py 21,16,1694299694,1333168,python,0:05.14,502816,342444,7064,0.0,2.1,3,3,0:05,0,4,358072,0,245k,0,342444,316,9,277,30,0,97.3,2.7,0.0,0.0,0.0,0.0,0.0,0.0,15794.9 MiB,4237.3 MiB,2485.1 MiB,9072.5 MiB,4096.0 MiB,3680.7 MiB,415.2 MiB,12703.1 MiB
7,Python 3.10.11,binarytrees.py 21,17,1694299695,1333168,python,0:05.14,502816,342444,7064,0.0,2.1,3,3,0:05,0,4,358072,0,245k,0,342444,316,9,277,30,0,98.4,1.6,0.0,0.0,0.0,0.0,0.0,0.0,15794.9 MiB,4247.3 MiB,2475.1 MiB,9072.5 MiB,4096.0 MiB,3680.7 MiB,415.2 MiB,12713.1 MiB
7,Python 3.10.11,binarytrees.py 21,18,1694299696,1333168,python,0:05.14,502816,342444,7064,0.0,2.1,3,3,0:05,0,4,358072,0,245k,0,342444,316,9,277,30,0,97.8,2.2,0.0,0.0,0.0,0.0,0.0,0.0,15794.9 MiB,4246.4 MiB,2476.0 MiB,9072.5 MiB,4096.0 MiB,3680.7 MiB,415.2 MiB,12712.2 MiB
7,Python 3.10.11,binarytrees.py 21,19,1694299698,1333168,python,0:05.14,502816,342444,7064,0.0,2.1,3,3,0:05,0,4,358072,0,245k,0,342444,316,9,277,30,0,97.8,2.2,0.0,0.0,0.0,0.0,0.0,0.0,15794.9 MiB,4244.8 MiB,2477.6 MiB,9072.5 MiB,4096.0 MiB,3680.7 MiB,415.2 MiB,12710.6 MiB
7,Python 3.10.11,binarytrees.py 21,20,1694299699,1333168,python,0:05.14,502816,342444,7064,0.0,2.1,3,3,0:05,0,4,358072,0,245k,0,342444,316,9,277,30,0,98.4,1.6,0.0,0.0,0.0,0.0,0.0,0.0,15794.9 MiB,4243.7 MiB,2478.7 MiB,9072.5 MiB,4096.0 MiB,3680.7 MiB,415.2 MiB,12709.5 MiB
7,Python 3.10.11,binarytrees.py 21,21,1694299700,1333168,python,0:05.14,502816,342444,7064,0.0,2.1,3,3,0:05,0,4,358072,0,245k,0,342444,316,9,277,30,0,97.1,2.3,0.0,0.6,0.0,0.0,0.0,0.0,15794.9 MiB,4242.0 MiB,2480.4 MiB,9072.5 MiB,4096.0 MiB,3680.7 MiB,415.2 MiB,12707.8 MiB
7,Python 3.10.11,binarytrees.py 21,22,1694299702,1333168,python,0:05.14,502816,342444,7064,0.0,2.1,3,3,0:05,0,4,358072,0,245k,0,342444,316,10,276,30,0,98.3,1.7,0.0,0.0,0.0,0.0,0.0,0.0,15794.9 MiB,4242.0 MiB,2480.4 MiB,9072.5 MiB,4096.0 MiB,3680.7 MiB,415.2 MiB,12707.8 MiB
7,Python 3.10.11,binarytrees.py 21,23,1694299703,1333168,python,0:05.14,502816,342444,7064,0.0,2.1,3,3,0:05,0,4,358072,0,245k,0,342444,316,9,277,30,0,97.2,2.8,0.0,0.0,0.0,0.0,0.0,0.0,15794.9 MiB,4225.5 MiB,2496.9 MiB,9072.5 MiB,4096.0 MiB,3680.7 MiB,415.2 MiB,12691.4 MiB
7,Python 3.10.11,binarytrees.py 21,24,1694299704,1333168,python,0:05.14,502816,342444,7064,0.0,2.1,3,3,0:05,0,4,358072,0,245k,0,342444,316,9,277,30,0,97.2,2.8,0.0,0.0,0.0,0.0,0.0,0.0,15794.9 MiB,4240.0 MiB,2482.3 MiB,9072.5 MiB,4096.0 MiB,3680.7 MiB,415.2 MiB,12705.9 MiB
7,Python 3.10.11,binarytrees.py 21,25,1694299706,1333168,python,0:05.14,502816,342444,7064,0.0,2.1,3,3,0:05,0,4,358072,0,245k,0,342444,316,9,277,30,0,97.8,2.2,0.0,0.0,0.0,0.0,0.0,0.0,15794.9 MiB,4239.1 MiB,2483.3 MiB,9072.5 MiB,4096.0 MiB,3680.7 MiB,415.2 MiB,12704.9 MiB
7,Python 3.10.11,binarytrees.py 21,26,1694299707,1333168,python,0:05.14,502816,342444,7064,0.0,2.1,3,3,0:05,0,4,358072,0,245k,0,342444,316,9,277,30,0,97.8,2.2,0.0,0.0,0.0,0.0,0.0,0.0,15794.9 MiB,4238.0 MiB,2484.4 MiB,9072.5 MiB,4096.0 MiB,3680.7 MiB,415.2 MiB,12703.8 MiB
7,Python 3.10.11,binarytrees.py 21,27,1694299708,1333168,python,0:05.14,502816,342444,7064,0.0,2.1,3,3,0:05,0,4,358072,0,245k,0,342444,316,9,277,30,0,97.8,2.2,0.0,0.0,0.0,0.0,0.0,0.0,15794.9 MiB,4237.0 MiB,2485.4 MiB,9072.5 MiB,4096.0 MiB,3680.7 MiB,415.2 MiB,12702.8 MiB
7,Python 3.10.11,binarytrees.py 21,28,1694299710,1333168,python,0:05.14,502816,342444,7064,0.0,2.1,3,3,0:05,0,4,358072,0,245k,0,342444,316,9,277,30,0,97.8,2.2,0.0,0.0,0.0,0.0,0.0,0.0,15794.9 MiB,4235.6 MiB,2486.7 MiB,9072.5 MiB,4096.0 MiB,3680.7 MiB,415.2 MiB,12701.5 MiB
7,Python 3.10.11,binarytrees.py 21,29,1694299711,1333168,python,0:05.14,502816,342444,7064,0.0,2.1,3,3,0:05,0,4,358072,0,245k,0,342444,316,9,277,30,0,97.3,2.7,0.0,0.0,0.0,0.0,0.0,0.0,15794.9 MiB,4234.9 MiB,2487.4 MiB,9072.5 MiB,4096.0 MiB,3680.7 MiB,415.2 MiB,12700.8 MiB
7,Python 3.10.11,binarytrees.py 21,30,1694299712,1333168,python,0:05.14,502816,342444,7064,0.0,2.1,3,3,0:05,0,4,358072,0,245k,0,342444,316,9,277,30,0,98.4,1.6,0.0,0.0,0.0,0.0,0.0,0.0,15794.9 MiB,4233.2 MiB,2489.2 MiB,9072.5 MiB,4096.0 MiB,3680.7 MiB,415.2 MiB,12699.0 MiB
7,Python 3.10.11,binarytrees.py 21,31,1694299714,1333168,python,0:05.14,502816,342444,7064,0.0,2.1,3,3,0:05,0,4,358072,0,245k,0,342444,316,9,277,30,0,97.6,2.4,0.0,0.0,0.0,0.0,0.0,0.0,15794.9 MiB,4232.4 MiB,2489.9 MiB,9072.5 MiB,4096.0 MiB,3680.7 MiB,415.2 MiB,12698.3 MiB
7,Python 3.10.11,binarytrees.py 21,32,1694299715,1333168,python,0:05.14,502816,342444,7064,0.0,2.1,3,3,0:05,0,4,358072,0,245k,0,342444,316,9,277,30,0,97.9,2.1,0.0,0.0,0.0,0.0,0.0,0.0,15794.9 MiB,4223.8 MiB,2498.5 MiB,9072.5 MiB,4096.0 MiB,3680.7 MiB,415.2 MiB,12689.7 MiB
7,Python 3.10.11,binarytrees.py 21,33,1694299716,1333168,python,0:05.14,502816,342444,7064,0.0,2.1,3,3,0:05,0,4,358072,0,245k,0,342444,316,9,277,30,0,97.4,2.6,0.0,0.0,0.0,0.0,0.0,0.0,15794.9 MiB,4230.2 MiB,2492.1 MiB,9072.5 MiB,4096.0 MiB,3680.7 MiB,415.2 MiB,12696.1 MiB
7,Python 3.10.11,binarytrees.py 21,34,1694299718,1333168,python,0:05.14,502816,342444,7064,0.0,2.1,3,3,0:05,0,4,358072,0,245k,0,342444,316,9,277,30,0,98.9,1.1,0.0,0.0,0.0,0.0,0.0,0.0,15794.9 MiB,4230.0 MiB,2492.4 MiB,9072.5 MiB,4096.0 MiB,3680.7 MiB,415.2 MiB,12695.8 MiB
7,Python 3.10.11,binarytrees.py 21,35,1694299719,1333168,python,0:05.14,502816,342444,7064,0.0,2.1,3,3,0:05,0,4,358072,0,245k,0,342444,315,9,276,30,0,97.7,2.3,0.0,0.0,0.0,0.0,0.0,0.0,15794.9 MiB,4228.4 MiB,2494.0 MiB,9072.5 MiB,4096.0 MiB,3680.7 MiB,415.2 MiB,12694.2 MiB
7,Python 3.10.11,binarytrees.py 21,36,1694299720,1333168,python,0:05.14,502816,342444,7064,0.0,2.1,3,3,0:05,0,4,358072,0,245k,0,342444,315,9,276,30,0,97.8,2.2,0.0,0.0,0.0,0.0,0.0,0.0,15794.9 MiB,4227.2 MiB,2495.2 MiB,9072.5 MiB,4096.0 MiB,3680.7 MiB,415.2 MiB,12693.0 MiB
7,Python 3.10.11,binarytrees.py 21,37,1694299721,1333168,python,0:05.14,502816,342444,7064,0.0,2.1,3,3,0:05,0,4,358072,0,245k,0,342444,315,9,276,30,0,98.4,1.6,0.0,0.0,0.0,0.0,0.0,0.0,15794.9 MiB,4225.6 MiB,2496.8 MiB,9072.5 MiB,4096.0 MiB,3680.7 MiB,415.2 MiB,12691.4 MiB
7,Python 3.10.11,binarytrees.py 21,38,1694299723,1333168,python,0:05.14,502816,342444,7064,0.0,2.1,3,3,0:05,0,4,358072,0,245k,0,342444,315,9,276,30,0,97.9,2.1,0.0,0.0,0.0,0.0,0.0,0.0,15794.9 MiB,4225.6 MiB,2496.8 MiB,9072.5 MiB,4096.0 MiB,3680.7 MiB,415.2 MiB,12691.4 MiB
7,Python 3.10.11,binarytrees.py 21,39,1694299724,1333168,python,0:05.14,502816,342444,7064,0.0,2.1,3,3,0:05,0,4,358072,0,245k,0,342444,315,9,276,30,0,98.4,1.6,0.0,0.0,0.0,0.0,0.0,0.0,15794.9 MiB,4224.6 MiB,2497.8 MiB,9072.5 MiB,4096.0 MiB,3680.7 MiB,415.2 MiB,12690.4 MiB
7,Python 3.10.11,binarytrees.py 21,40,1694299725,1333168,python,0:05.14,502816,342444,7064,0.0,2.1,3,3,0:05,0,4,358072,0,245k,0,342444,315,9,276,30,0,97.8,2.2,0.0,0.0,0.0,0.0,0.0,0.0,15794.9 MiB,4224.1 MiB,2498.3 MiB,9072.5 MiB,4096.0 MiB,3680.7 MiB,415.2 MiB,12689.9 MiB
7,Python 3.10.11,binarytrees.py 21,41,1694299727,1333168,python,0:05.14,502816,342444,7064,0.0,2.1,3,3,0:05,0,4,358072,0,245k,0,342444,315,9,276,30,0,97.8,2.2,0.0,0.0,0.0,0.0,0.0,0.0,15794.9 MiB,4223.3 MiB,2499.0 MiB,9072.5 MiB,4096.0 MiB,3680.7 MiB,415.2 MiB,12689.2 MiB
7,Python 3.10.11,binarytrees.py 21,42,1694299728,1333168,python,0:05.14,502816,342444,7064,0.0,2.1,3,3,0:05,0,4,358072,0,245k,0,342444,315,9,276,30,0,97.0,3.0,0.0,0.0,0.0,0.0,0.0,0.0,15794.9 MiB,4223.1 MiB,2499.2 MiB,9072.5 MiB,4096.0 MiB,3680.7 MiB,415.2 MiB,12689.0 MiB
7,Python 3.10.11,binarytrees.py 21,43,1694299729,1333168,python,0:05.14,502816,342444,7064,0.0,2.1,3,3,0:05,0,4,358072,0,245k,0,342444,315,9,276,30,0,98.3,1.7,0.0,0.0,0.0,0.0,0.0,0.0,15794.9 MiB,4222.9 MiB,2499.5 MiB,9072.5 MiB,4096.0 MiB,3680.7 MiB,415.2 MiB,12688.7 MiB
7,Python 3.10.11,binarytrees.py 21,44,1694299731,1333168,python,0:05.14,502816,342444,7064,0.0,2.1,3,3,0:05,0,4,358072,0,245k,0,342444,315,9,276,30,0,98.9,1.1,0.0,0.0,0.0,0.0,0.0,0.0,15794.9 MiB,4222.9 MiB,2499.5 MiB,9072.5 MiB,4096.0 MiB,3680.7 MiB,415.2 MiB,12688.7 MiB
7,Python 3.10.11,binarytrees.py 21,45,1694299732,1333168,python,0:05.14,502816,342444,7064,0.0,2.1,3,3,0:05,0,4,358072,0,245k,0,342444,315,9,276,30,0,97.8,2.2,0.0,0.0,0.0,0.0,0.0,0.0,15794.9 MiB,4222.9 MiB,2499.5 MiB,9072.5 MiB,4096.0 MiB,3680.7 MiB,415.2 MiB,12688.7 MiB
7,Python 3.10.11,binarytrees.py 21,46,1694299733,1333168,python,0:05.14,502816,342444,7064,0.0,2.1,3,3,0:05,0,4,358072,0,245k,0,342444,315,9,276,30,0,98.3,1.7,0.0,0.0,0.0,0.0,0.0,0.0,15794.9 MiB,4223.1 MiB,2499.2 MiB,9072.5 MiB,4096.0 MiB,3680.7 MiB,415.2 MiB,12689.0 MiB
7,Python 3.10.11,binarytrees.py 21,47,1694299735,1333168,python,0:05.14,502816,342444,7064,0.0,2.1,3,3,0:05,0,4,358072,0,245k,0,342444,315,9,276,30,0,97.8,2.2,0.0,0.0,0.0,0.0,0.0,0.0,15794.9 MiB,4222.9 MiB,2499.5 MiB,9072.5 MiB,4096.0 MiB,3680.7 MiB,415.2 MiB,12688.7 MiB
7,Python 3.10.11,binarytrees.py 21,48,1694299736,1333168,python,0:05.14,502816,342444,7064,0.0,2.1,3,3,0:05,0,4,358072,0,245k,0,342444,315,9,276,30,0,97.2,2.8,0.0,0.0,0.0,0.0,0.0,0.0,15794.9 MiB,4222.6 MiB,2499.7 MiB,9072.6 MiB,4096.0 MiB,3680.7 MiB,415.2 MiB,12688.5 MiB
7,Python 3.10.11,binarytrees.py 21,49,1694299737,1333168,python,0:05.14,502816,342444,7064,0.0,2.1,3,3,0:05,0,4,358072,0,245k,0,342444,315,9,276,30,0,98.3,1.7,0.0,0.0,0.0,0.0,0.0,0.0,15794.9 MiB,4221.9 MiB,2500.4 MiB,9072.6 MiB,4096.0 MiB,3680.7 MiB,415.2 MiB,12687.8 MiB
7,Python 3.10.11,binarytrees.py 21,50,1694299739,1333168,python,0:05.14,502816,342444,7064,0.0,2.1,3,3,0:05,0,4,358072,0,245k,0,342444,315,9,276,30,0,98.3,1.7,0.0,0.0,0.0,0.0,0.0,0.0,15794.9 MiB,4221.9 MiB,2500.4 MiB,9072.6 MiB,4096.0 MiB,3680.7 MiB,415.2 MiB,12687.8 MiB
7,Python 3.10.11,binarytrees.py 21,51,1694299740,1333168,python,0:05.14,502816,342444,7064,0.0,2.1,3,3,0:05,0,4,358072,0,245k,0,342444,315,10,275,30,0,97.7,2.3,0.0,0.0,0.0,0.0,0.0,0.0,15794.9 MiB,4221.9 MiB,2500.6 MiB,9072.4 MiB,4096.0 MiB,3680.7 MiB,415.2 MiB,12687.8 MiB
7,Python 3.10.11,binarytrees.py 21,52,1694299741,1333168,python,0:05.14,502816,342444,7064,0.0,2.1,3,3,0:05,0,4,358072,0,245k,0,342444,315,9,276,30,0,98.4,1.6,0.0,0.0,0.0,0.0,0.0,0.0,15794.9 MiB,4221.9 MiB,2500.6 MiB,9072.4 MiB,4096.0 MiB,3680.7 MiB,415.2 MiB,12687.8 MiB
7,Python 3.10.11,binarytrees.py 21,53,1694299743,1333168,python,0:05.14,502816,342444,7064,0.0,2.1,3,3,0:05,0,4,358072,0,245k,0,342444,315,9,276,30,0,98.3,1.7,0.0,0.0,0.0,0.0,0.0,0.0,15794.9 MiB,4221.9 MiB,2500.6 MiB,9072.4 MiB,4096.0 MiB,3680.7 MiB,415.2 MiB,12687.8 MiB
7,Python 3.10.11,binarytrees.py 21,54,1694299744,1333168,python,0:05.14,502816,342444,7064,0.0,2.1,3,3,0:05,0,4,358072,0,245k,0,342444,315,9,276,30,0,98.4,1.6,0.0,0.0,0.0,0.0,0.0,0.0,15794.9 MiB,4221.6 MiB,2500.8 MiB,9072.4 MiB,4096.0 MiB,3680.7 MiB,415.2 MiB,12687.5 MiB
7,Python 3.10.11,binarytrees.py 21,55,1694299745,1333168,python,0:05.14,502816,342444,7064,0.0,2.1,3,3,0:05,0,4,358072,0,245k,0,342444,315,9,276,30,0,97.2,2.8,0.0,0.0,0.0,0.0,0.0,0.0,15794.9 MiB,4221.6 MiB,2500.8 MiB,9072.4 MiB,4096.0 MiB,3680.7 MiB,415.2 MiB,12687.5 MiB
7,Python 3.10.11,binarytrees.py 21,56,1694299747,1333168,python,0:05.14,502816,342444,7064,0.0,2.1,3,3,0:05,0,4,358072,0,245k,0,342444,315,9,276,30,0,98.3,1.7,0.0,0.0,0.0,0.0,0.0,0.0,15794.9 MiB,4221.4 MiB,2501.1 MiB,9072.4 MiB,4096.0 MiB,3680.7 MiB,415.2 MiB,12687.3 MiB
7,Python 3.10.11,binarytrees.py 21,57,1694299748,1333168,python,0:05.14,502816,342444,7064,0.0,2.1,3,3,0:05,0,4,358072,0,245k,0,342444,315,9,276,30,0,97.8,2.2,0.0,0.0,0.0,0.0,0.0,0.0,15794.9 MiB,4221.4 MiB,2501.1 MiB,9072.4 MiB,4096.0 MiB,3680.7 MiB,415.2 MiB,12687.3 MiB
7,Python 3.10.11,binarytrees.py 21,58,1694299749,1333168,python,0:05.14,502816,342444,7064,0.0,2.1,3,3,0:05,0,4,358072,0,245k,0,342444,315,9,276,30,0,97.8,2.2,0.0,0.0,0.0,0.0,0.0,0.0,15794.9 MiB,4221.4 MiB,2501.1 MiB,9072.4 MiB,4096.0 MiB,3680.7 MiB,415.2 MiB,12687.3 MiB
7,Python 3.10.11,binarytrees.py 21,59,1694299751,1333168,python,0:05.14,502816,342444,7064,0.0,2.1,3,3,0:05,0,4,358072,0,245k,0,342444,315,9,276,30,0,97.9,2.1,0.0,0.0,0.0,0.0,0.0,0.0,15794.9 MiB,4221.4 MiB,2501.1 MiB,9072.4 MiB,4096.0 MiB,3680.7 MiB,415.2 MiB,12687.3 MiB
7,Python 3.10.11,binarytrees.py 21,60,1694299752,1333168,python,0:05.14,502816,342444,7064,0.0,2.1,3,3,0:05,0,4,358072,0,245k,0,342444,315,9,276,30,0,97.8,2.2,0.0,0.0,0.0,0.0,0.0,0.0,15794.9 MiB,4221.4 MiB,2501.1 MiB,9072.4 MiB,4096.0 MiB,3680.7 MiB,415.2 MiB,12687.3 MiB
7,Python 3.10.11,binarytrees.py 21,61,1694299753,1333168,python,0:05.14,502816,342444,7064,0.0,2.1,3,3,0:05,0,4,358072,0,245k,0,342444,315,9,276,30,0,98.4,1.6,0.0,0.0,0.0,0.0,0.0,0.0,15794.9 MiB,4221.4 MiB,2501.1 MiB,9072.4 MiB,4096.0 MiB,3680.7 MiB,415.2 MiB,12687.3 MiB
7,Python 3.10.11,binarytrees.py 21,62,1694299754,1333168,python,0:05.14,502816,342444,7064,0.0,2.1,3,3,0:05,0,4,358072,0,245k,0,342444,315,9,276,30,0,98.3,1.7,0.0,0.0,0.0,0.0,0.0,0.0,15794.9 MiB,4221.4 MiB,2501.1 MiB,9072.4 MiB,4096.0 MiB,3680.7 MiB,415.2 MiB,12687.3 MiB
7,Python 3.10.11,binarytrees.py 21,63,1694299756,1333168,python,0:05.14,502816,342444,7064,0.0,2.1,3,3,0:05,0,4,358072,0,245k,0,342444,315,9,276,30,0,98.3,1.7,0.0,0.0,0.0,0.0,0.0,0.0,15794.9 MiB,4221.4 MiB,2501.1 MiB,9072.4 MiB,4096.0 MiB,3680.7 MiB,415.2 MiB,12687.3 MiB
7,Python 3.10.11,binarytrees.py 21,64,1694299757,1333168,python,0:05.14,502816,342444,7064,0.0,2.1,3,3,0:05,0,4,358072,0,245k,0,342444,315,9,276,30,0,99.0,1.0,0.0,0.0,0.0,0.0,0.0,0.0,15794.9 MiB,4221.6 MiB,2500.8 MiB,9072.4 MiB,4096.0 MiB,3680.7 MiB,415.2 MiB,12687.6 MiB
7,Python 3.10.11,binarytrees.py 21,65,1694299758,1333168,python,0:05.14,502816,342444,7064,0.0,2.1,3,3,0:05,0,4,358072,0,245k,0,342444,315,9,276,30,0,98.5,1.5,0.0,0.0,0.0,0.0,0.0,0.0,15794.9 MiB,4221.6 MiB,2500.8 MiB,9072.5 MiB,4096.0 MiB,3680.7 MiB,415.2 MiB,12687.6 MiB
7,Python 3.10.11,binarytrees.py 21,66,1694299760,1333168,python,0:05.14,502816,342444,7064,0.0,2.1,3,3,0:05,0,4,358072,0,245k,0,342444,315,9,276,30,0,98.4,1.6,0.0,0.0,0.0,0.0,0.0,0.0,15794.9 MiB,4221.6 MiB,2500.8 MiB,9072.5 MiB,4096.0 MiB,3680.7 MiB,415.2 MiB,12687.6 MiB
7,Python 3.10.11,binarytrees.py 21,67,1694299761,1333168,python,0:05.14,502816,342444,7064,0.0,2.1,3,3,0:05,0,4,358072,0,245k,0,342444,315,9,276,30,0,97.7,2.3,0.0,0.0,0.0,0.0,0.0,0.0,15794.9 MiB,4221.6 MiB,2500.8 MiB,9072.5 MiB,4096.0 MiB,3680.7 MiB,415.2 MiB,12687.6 MiB
7,Python 3.10.11,binarytrees.py 21,68,1694299762,1333168,python,0:05.14,502816,342444,7064,0.0,2.1,3,3,0:05,0,4,358072,0,245k,0,342444,315,9,276,30,0,97.4,2.6,0.0,0.0,0.0,0.0,0.0,0.0,15794.9 MiB,4222.1 MiB,2500.3 MiB,9072.5 MiB,4096.0 MiB,3680.7 MiB,415.2 MiB,12688.1 MiB
7,Python 3.10.11,binarytrees.py 21,69,1694299764,1333168,python,0:05.14,502816,342444,7064,0.0,2.1,3,3,0:05,0,4,358072,0,245k,0,342444,315,9,276,30,0,98.3,1.7,0.0,0.0,0.0,0.0,0.0,0.0,15794.9 MiB,4222.1 MiB,2500.3 MiB,9072.5 MiB,4096.0 MiB,3680.7 MiB,415.2 MiB,12688.1 MiB
7,Python 3.10.11,binarytrees.py 21,70,1694299765,1333168,python,0:05.14,502816,342460,7064,0.0,2.1,3,3,0:05,0,4,358072,0,245k,0,342460,315,9,276,30,0,96.6,3.4,0.0,0.0,0.0,0.0,0.0,0.0,15794.9 MiB,4109.4 MiB,2606.0 MiB,9079.5 MiB,4096.0 MiB,3680.7 MiB,415.2 MiB,12575.4 MiB
7,Python 3.10.11,binarytrees.py 21,71,1694299766,1333168,python,0:05.14,502816,342460,7064,0.0,2.1,3,3,0:05,0,4,358072,0,245k,0,342460,315,9,276,30,0,96.8,3.2,0.0,0.0,0.0,0.0,0.0,0.0,15794.9 MiB,4079.1 MiB,2643.1 MiB,9072.6 MiB,4096.0 MiB,3680.7 MiB,415.2 MiB,12545.1 MiB
7,Python 3.10.11,binarytrees.py 21,72,1694299768,1333168,python,0:05.14,502816,342460,7064,0.0,2.1,3,3,0:05,0,4,358072,0,245k,0,342460,315,8,277,30,0,87.6,2.6,0.0,9.8,0.0,0.0,0.0,0.0,15794.9 MiB,4029.2 MiB,2685.9 MiB,9079.7 MiB,4096.0 MiB,3680.7 MiB,415.2 MiB,12495.2 MiB
7,Python 3.10.11,binarytrees.py 21,73,1694299769,1333168,python,0:05.14,502816,342460,7064,0.0,2.1,3,3,0:05,0,4,358072,0,245k,0,342460,315,7,278,30,0,76.8,1.3,0.0,21.9,0.0,0.0,0.0,0.0,15794.9 MiB,4001.9 MiB,2713.3 MiB,9079.7 MiB,4096.0 MiB,3680.7 MiB,415.2 MiB,12467.9 MiB
7,Python 3.10.11,binarytrees.py 21,74,1694299770,1333168,python,0:05.14,502816,342460,7064,0.0,2.1,3,7,0:05,0,4,358072,0,245k,0,342460,315,3,282,30,0,29.1,2.1,0.0,68.8,0.0,0.0,0.0,0.0,15794.9 MiB,4086.5 MiB,2628.6 MiB,9079.7 MiB,4096.0 MiB,3680.7 MiB,415.2 MiB,12552.5 MiB
7,Python 3.10.11,binarytrees.py 21,75,1694299771,1333168,python,0:05.14,502816,342460,7064,0.0,2.1,3,7,0:05,0,4,358072,0,245k,0,342460,315,2,283,30,0,12.8,0.8,0.0,86.5,0.0,0.0,0.0,0.0,15794.9 MiB,4148.3 MiB,2566.8 MiB,9079.7 MiB,4096.0 MiB,3680.7 MiB,415.2 MiB,12614.3 MiB
7,Python 3.10.11,binarytrees.py 21,76,1694299773,1333168,python,0:05.14,502816,342460,7064,0.0,2.1,3,7,0:05,0,4,358072,0,245k,0,342460,315,2,283,30,0,12.0,2.3,0.0,85.7,0.0,0.0,0.0,0.0,15794.9 MiB,4076.5 MiB,2638.7 MiB,9079.7 MiB,4096.0 MiB,3680.7 MiB,415.2 MiB,12542.4 MiB
7,Python 3.10.11,binarytrees.py 21,77,1694299774,1333168,python,0:05.14,502816,342460,7064,0.0,2.1,3,7,0:05,0,4,358072,0,245k,0,342460,315,2,283,30,0,12.9,0.8,0.0,86.4,0.0,0.0,0.0,0.0,15794.9 MiB,4154.4 MiB,2567.8 MiB,9072.7 MiB,4096.0 MiB,3680.7 MiB,415.2 MiB,12620.3 MiB
7,Python 3.10.11,binarytrees.py 21,78,1694299775,1333168,python,0:05.14,502816,342460,7064,0.0,2.1,3,7,0:05,0,4,358072,0,245k,0,342460,315,2,283,30,0,13.6,0.8,0.0,85.6,0.0,0.0,0.0,0.0,15794.9 MiB,4153.8 MiB,2568.3 MiB,9072.7 MiB,4096.0 MiB,3680.7 MiB,415.2 MiB,12619.8 MiB
7,Python 3.10.11,binarytrees.py 21,79,1694299776,1333168,python,0:05.14,502816,342460,7064,0.0,2.1,3,7,0:05,0,4,358072,0,245k,0,342460,315,2,283,30,0,12.9,1.4,0.0,85.7,0.0,0.0,0.0,0.0,15794.9 MiB,4056.0 MiB,2666.1 MiB,9072.7 MiB,4096.0 MiB,3680.7 MiB,415.2 MiB,12522.0 MiB
7,Python 3.10.11,binarytrees.py 21,80,1694299777,1333168,python,0:05.14,502816,342460,7064,0.0,2.1,3,7,0:05,0,4,358072,0,245k,0,342460,315,2,283,30,0,12.9,1.5,0.0,85.6,0.0,0.0,0.0,0.0,15794.9 MiB,4151.8 MiB,2570.3 MiB,9072.7 MiB,4096.0 MiB,3680.7 MiB,415.2 MiB,12617.8 MiB
7,Python 3.10.11,binarytrees.py 21,81,1694299778,1333168,python,0:05.14,502816,342460,7064,0.0,2.1,3,7,0:05,0,4,358072,0,245k,0,342460,315,3,282,30,0,12.8,1.5,0.0,85.7,0.0,0.0,0.0,0.0,15794.9 MiB,4148.6 MiB,2573.6 MiB,9072.7 MiB,4096.0 MiB,3680.7 MiB,415.2 MiB,12614.6 MiB
7,Python 3.10.11,binarytrees.py 21,82,1694299780,1333168,python,0:05.14,502816,342460,7064,0.0,2.1,3,7,0:05,0,4,358072,0,245k,0,342460,315,2,283,30,0,10.6,3.0,0.0,86.4,0.0,0.0,0.0,0.0,15794.9 MiB,4036.1 MiB,2686.0 MiB,9072.7 MiB,4096.0 MiB,3680.7 MiB,415.2 MiB,12502.1 MiB
7,Python 3.10.11,binarytrees.py 21,83,1694299781,1333168,python,0:05.14,502816,342460,7064,0.0,2.1,3,7,0:05,0,4,358072,0,245k,0,342460,315,2,283,30,0,12.0,2.3,0.0,85.7,0.0,0.0,0.0,0.0,15794.9 MiB,4151.5 MiB,2570.6 MiB,9072.7 MiB,4096.0 MiB,3680.7 MiB,415.2 MiB,12617.5 MiB
7,Python 3.10.11,binarytrees.py 21,84,1694299782,1333168,python,0:05.14,502816,342460,7064,0.0,2.1,3,7,0:05,0,4,358072,0,245k,0,342460,315,2,283,30,0,12.1,1.5,0.0,86.4,0.0,0.0,0.0,0.0,15794.9 MiB,4125.4 MiB,2596.7 MiB,9072.7 MiB,4096.0 MiB,3680.7 MiB,415.2 MiB,12591.5 MiB
7,Python 3.10.11,binarytrees.py 21,85,1694299783,1333168,python,0:05.14,502816,342460,7064,0.0,2.1,3,7,0:05,0,4,358072,0,245k,0,342460,315,3,282,30,0,13.4,1.5,0.0,85.1,0.0,0.0,0.0,0.0,15794.9 MiB,4012.2 MiB,2709.9 MiB,9072.8 MiB,4096.0 MiB,3680.7 MiB,415.2 MiB,12478.3 MiB
7,Python 3.10.11,binarytrees.py 21,86,1694299784,1333168,python,0:05.14,502816,342460,7064,0.0,2.1,3,7,0:05,0,4,358072,0,245k,0,342460,315,2,283,30,0,12.8,0.8,0.0,86.5,0.0,0.0,0.0,0.0,15794.9 MiB,4149.8 MiB,2572.4 MiB,9072.8 MiB,4096.0 MiB,3680.7 MiB,415.2 MiB,12615.8 MiB
7,Python 3.10.11,binarytrees.py 21,87,1694299786,1333168,python,0:05.14,502816,342460,7064,0.0,2.1,3,7,0:05,0,4,358072,0,245k,0,342460,315,2,283,30,0,10.6,3.0,0.0,86.4,0.0,0.0,0.0,0.0,15794.9 MiB,4102.1 MiB,2620.0 MiB,9072.8 MiB,4096.0 MiB,3680.7 MiB,415.2 MiB,12568.1 MiB
7,Python 3.10.11,binarytrees.py 21,88,1694299787,1333168,python,0:05.14,502816,342460,7064,0.0,2.1,3,7,0:05,0,4,358072,0,245k,0,342460,315,2,283,30,0,12.1,2.3,0.0,85.6,0.0,0.0,0.0,0.0,15794.9 MiB,4081.7 MiB,2640.4 MiB,9072.8 MiB,4096.0 MiB,3680.7 MiB,415.2 MiB,12547.7 MiB
7,Python 3.10.11,binarytrees.py 21,89,1694299788,1333168,python,0:05.14,502816,342460,7064,0.0,2.1,3,7,0:05,0,4,358072,0,245k,0,342460,315,2,283,30,0,12.9,1.5,0.0,85.6,0.0,0.0,0.0,0.0,15794.9 MiB,4148.2 MiB,2573.9 MiB,9072.8 MiB,4096.0 MiB,3680.7 MiB,415.2 MiB,12614.3 MiB
7,Python 3.10.11,binarytrees.py 21,90,1694299789,1333168,python,0:05.14,502816,342460,7064,0.0,2.1,3,7,0:05,0,4,358072,0,245k,0,342460,315,2,283,30,0,12.1,0.8,0.0,87.1,0.0,0.0,0.0,0.0,15794.9 MiB,4082.4 MiB,2639.7 MiB,9072.8 MiB,4096.0 MiB,3680.7 MiB,415.2 MiB,12548.4 MiB
7,Python 3.10.11,binarytrees.py 21,91,1694299790,1333168,python,0:05.14,502816,342460,7064,0.0,2.1,3,7,0:05,0,4,358072,0,245k,0,342460,315,2,283,30,0,12.1,1.5,0.0,86.4,0.0,0.0,0.0,0.0,15794.9 MiB,4146.4 MiB,2575.6 MiB,9072.8 MiB,4096.0 MiB,3680.7 MiB,415.2 MiB,12612.5 MiB
7,Python 3.10.11,binarytrees.py 21,92,1694299791,1333168,python,0:05.14,502816,342460,7064,0.0,2.1,3,7,0:05,0,4,358072,0,245k,0,342460,315,2,283,30,0,13.4,1.5,0.0,85.1,0.0,0.0,0.0,0.0,15794.9 MiB,4147.6 MiB,2574.5 MiB,9072.8 MiB,4096.0 MiB,3680.7 MiB,415.2 MiB,12613.7 MiB
7,Python 3.10.11,binarytrees.py 21,93,1694299793,1333168,python,0:05.14,502816,342460,7064,0.0,2.1,3,7,0:05,0,4,358072,0,245k,0,342460,315,2,283,30,0,11.3,2.3,0.0,86.5,0.0,0.0,0.0,0.0,15794.9 MiB,4058.8 MiB,2663.3 MiB,9072.8 MiB,4096.0 MiB,3680.7 MiB,415.2 MiB,12524.8 MiB
7,Python 3.10.11,binarytrees.py 21,94,1694299794,1333168,python,0:05.14,502816,342460,7064,0.0,2.1,3,7,0:05,0,4,358072,0,245k,0,342460,315,2,283,30,0,13.4,1.5,0.0,85.1,0.0,0.0,0.0,0.0,15794.9 MiB,4144.7 MiB,2577.4 MiB,9072.8 MiB,4096.0 MiB,3680.7 MiB,415.2 MiB,12610.7 MiB
7,Python 3.10.11,binarytrees.py 21,95,1694299795,1333168,python,0:05.14,502816,342460,7064,0.0,2.1,3,7,0:05,0,4,358072,0,245k,0,342460,315,2,283,30,0,13.4,2.2,0.0,84.3,0.0,0.0,0.0,0.0,15794.9 MiB,4145.1 MiB,2576.9 MiB,9072.8 MiB,4096.0 MiB,3680.7 MiB,415.2 MiB,12611.2 MiB
7,Python 3.10.11,binarytrees.py 21,96,1694299796,1333168,python,0:05.41,172064,17120,7260,93.8,0.1,2,7,0:05,0,4,27320,0,325k,0,17120,315,2,276,30,7,8.9,10.4,0.0,80.7,0.0,0.0,0.0,0.0,15794.9 MiB,4437.3 MiB,2277.8 MiB,9079.8 MiB,4096.0 MiB,3680.7 MiB,415.2 MiB,12903.8 MiB
8,Python 3.10.11,binarytrees.py 21,0,1694299797,1333824,python,0:00.12,58392,49992,6836,75.0,0.3,1,6,0:00,0,4,44464,0,12k,0,49992,307,2,275,30,0,17.9,9.7,0.0,72.4,0.0,0.0,0.0,0.0,15794.9 MiB,4645.0 MiB,2070.1 MiB,9079.8 MiB,4096.0 MiB,3680.7 MiB,415.2 MiB,13111.0 MiB
8,Python 3.10.11,binarytrees.py 21,1,1694299798,1333824,python,0:01.29,574488,557928,6836,93.8,3.4,1,2,0:01,0,4,560560,0,136k,0,557928,307,2,275,30,0,11.4,2.3,0.0,86.4,0.0,0.0,0.0,0.0,15794.9 MiB,4154.0 MiB,2561.1 MiB,9079.8 MiB,4096.0 MiB,3680.7 MiB,415.2 MiB,12620.1 MiB
8,Python 3.10.11,binarytrees.py 21,2,1694299800,1333824,python,0:02.47,689176,670920,6836,100.0,4.1,1,2,0:02,0,4,675248,0,163k,0,670920,307,2,275,30,0,13.5,0.8,0.0,85.7,0.0,0.0,0.0,0.0,15794.9 MiB,4048.2 MiB,2673.9 MiB,9072.8 MiB,4096.0 MiB,3680.7 MiB,415.2 MiB,12514.3 MiB
8,Python 3.10.11,binarytrees.py 21,3,1694299801,1333824,python,0:03.64,141336,131548,6836,100.0,0.8,1,2,0:03,0,4,127408,0,192k,0,131548,307,2,275,30,0,12.8,1.5,0.0,85.7,0.0,0.0,0.0,0.0,15794.9 MiB,4578.3 MiB,2143.9 MiB,9072.7 MiB,4096.0 MiB,3680.7 MiB,415.2 MiB,13044.4 MiB
8,Python 3.10.11,binarytrees.py 21,4,1694299802,1333824,python,0:04.81,355352,341956,6836,100.0,2.1,1,2,0:04,0,4,341424,0,243k,0,341956,307,2,275,30,0,13.5,1.5,0.0,85.0,0.0,0.0,0.0,0.0,15794.9 MiB,4370.3 MiB,2351.8 MiB,9072.7 MiB,4096.0 MiB,3680.7 MiB,415.2 MiB,12836.4 MiB
8,Python 3.10.11,binarytrees.py 21,5,1694299803,1333824,python,0:04.90,502816,342232,6840,0.0,2.1,3,2,0:04,0,4,358072,0,245k,0,342232,315,9,276,30,0,97.8,2.2,0.0,0.0,0.0,0.0,0.0,0.0,15794.9 MiB,4266.5 MiB,2448.6 MiB,9079.7 MiB,4096.0 MiB,3680.7 MiB,415.2 MiB,12732.6 MiB
8,Python 3.10.11,binarytrees.py 21,6,1694299805,1333824,python,0:04.90,502816,342232,6840,0.0,2.1,3,2,0:04,0,4,358072,0,245k,0,342232,315,9,276,30,0,97.3,2.7,0.0,0.0,0.0,0.0,0.0,0.0,15794.9 MiB,4248.1 MiB,2474.0 MiB,9072.7 MiB,4096.0 MiB,3680.7 MiB,415.2 MiB,12714.2 MiB
8,Python 3.10.11,binarytrees.py 21,7,1694299806,1333824,python,0:04.90,502816,342232,6840,0.0,2.1,3,2,0:04,0,4,358072,0,245k,0,342232,315,9,276,30,0,97.9,2.1,0.0,0.0,0.0,0.0,0.0,0.0,15794.9 MiB,4253.2 MiB,2468.9 MiB,9072.7 MiB,4096.0 MiB,3680.7 MiB,415.2 MiB,12719.3 MiB
8,Python 3.10.11,binarytrees.py 21,8,1694299807,1333824,python,0:04.90,502816,342232,6840,0.0,2.1,3,2,0:04,0,4,358072,0,245k,0,342232,315,9,276,30,0,98.0,2.0,0.0,0.0,0.0,0.0,0.0,0.0,15794.9 MiB,4262.8 MiB,2459.3 MiB,9072.7 MiB,4096.0 MiB,3680.7 MiB,415.2 MiB,12728.9 MiB
8,Python 3.10.11,binarytrees.py 21,9,1694299809,1333824,python,0:04.90,502816,342232,6840,0.0,2.1,3,2,0:04,0,4,358072,0,245k,0,342232,315,9,276,30,0,96.7,3.3,0.0,0.0,0.0,0.0,0.0,0.0,15794.9 MiB,4260.9 MiB,2461.2 MiB,9072.7 MiB,4096.0 MiB,3680.7 MiB,415.2 MiB,12727.0 MiB
8,Python 3.10.11,binarytrees.py 21,10,1694299810,1333824,python,0:04.90,502816,342232,6840,0.0,2.1,3,2,0:04,0,4,358072,0,245k,0,342232,315,9,276,30,0,97.3,2.7,0.0,0.0,0.0,0.0,0.0,0.0,15794.9 MiB,4242.9 MiB,2479.3 MiB,9072.7 MiB,4096.0 MiB,3680.7 MiB,415.2 MiB,12708.9 MiB
8,Python 3.10.11,binarytrees.py 21,11,1694299811,1333824,python,0:04.90,502816,342232,6840,0.0,2.1,3,2,0:04,0,4,358072,0,245k,0,342232,315,9,276,30,0,97.2,2.8,0.0,0.0,0.0,0.0,0.0,0.0,15794.9 MiB,4260.1 MiB,2462.0 MiB,9072.7 MiB,4096.0 MiB,3680.7 MiB,415.2 MiB,12726.2 MiB
8,Python 3.10.11,binarytrees.py 21,12,1694299813,1333824,python,0:04.90,502816,342232,6840,0.0,2.1,3,2,0:04,0,4,358072,0,245k,0,342232,315,9,276,30,0,97.9,2.1,0.0,0.0,0.0,0.0,0.0,0.0,15794.9 MiB,4258.9 MiB,2463.2 MiB,9072.8 MiB,4096.0 MiB,3680.7 MiB,415.2 MiB,12725.0 MiB
8,Python 3.10.11,binarytrees.py 21,13,1694299814,1333824,python,0:04.90,502816,342232,6840,0.0,2.1,3,2,0:04,0,4,358072,0,245k,0,342232,315,9,276,30,0,97.3,2.7,0.0,0.0,0.0,0.0,0.0,0.0,15794.9 MiB,4258.1 MiB,2464.0 MiB,9072.8 MiB,4096.0 MiB,3680.7 MiB,415.2 MiB,12724.2 MiB
8,Python 3.10.11,binarytrees.py 21,14,1694299815,1333824,python,0:04.90,502816,342232,6840,0.0,2.1,3,2,0:04,0,4,358072,0,245k,0,342232,315,9,276,30,0,96.9,3.1,0.0,0.0,0.0,0.0,0.0,0.0,15794.9 MiB,4245.6 MiB,2476.5 MiB,9072.8 MiB,4096.0 MiB,3680.7 MiB,415.2 MiB,12711.7 MiB
8,Python 3.10.11,binarytrees.py 21,15,1694299816,1333824,python,0:04.90,502816,342232,6840,0.0,2.1,3,2,0:04,0,4,358072,0,245k,0,342232,315,9,276,30,0,97.9,2.1,0.0,0.0,0.0,0.0,0.0,0.0,15794.9 MiB,4254.9 MiB,2467.1 MiB,9072.8 MiB,4096.0 MiB,3680.7 MiB,415.2 MiB,12721.1 MiB
8,Python 3.10.11,binarytrees.py 21,16,1694299818,1333824,python,0:04.90,502816,342232,6840,0.0,2.1,3,2,0:04,0,4,358072,0,245k,0,342232,315,9,276,30,0,97.2,2.8,0.0,0.0,0.0,0.0,0.0,0.0,15794.9 MiB,4246.9 MiB,2475.1 MiB,9072.8 MiB,4096.0 MiB,3680.7 MiB,415.2 MiB,12713.1 MiB
8,Python 3.10.11,binarytrees.py 21,17,1694299819,1333824,python,0:04.90,502816,342232,6840,0.0,2.1,3,2,0:04,0,4,358072,0,245k,0,342232,315,9,276,30,0,97.9,2.1,0.0,0.0,0.0,0.0,0.0,0.0,15794.9 MiB,4236.8 MiB,2485.3 MiB,9072.8 MiB,4096.0 MiB,3680.7 MiB,415.2 MiB,12702.9 MiB
8,Python 3.10.11,binarytrees.py 21,18,1694299820,1333824,python,0:04.90,502816,342232,6840,0.0,2.1,3,2,0:04,0,4,358072,0,245k,0,342232,315,9,276,30,0,98.9,1.1,0.0,0.0,0.0,0.0,0.0,0.0,15794.9 MiB,4244.6 MiB,2477.5 MiB,9072.8 MiB,4096.0 MiB,3680.7 MiB,415.2 MiB,12710.8 MiB
8,Python 3.10.11,binarytrees.py 21,19,1694299822,1333824,python,0:04.90,502816,342232,6840,0.0,2.1,3,2,0:04,0,4,358072,0,245k,0,342232,315,9,276,30,0,97.2,2.8,0.0,0.0,0.0,0.0,0.0,0.0,15794.9 MiB,4244.2 MiB,2477.9 MiB,9072.8 MiB,4096.0 MiB,3680.7 MiB,415.2 MiB,12710.3 MiB
8,Python 3.10.11,binarytrees.py 21,20,1694299823,1333824,python,0:04.90,502816,342232,6840,0.0,2.1,3,2,0:04,0,4,358072,0,245k,0,342232,315,9,276,30,0,97.6,2.4,0.0,0.0,0.0,0.0,0.0,0.0,15794.9 MiB,4243.1 MiB,2478.9 MiB,9072.8 MiB,4096.0 MiB,3680.7 MiB,415.2 MiB,12709.3 MiB
8,Python 3.10.11,binarytrees.py 21,21,1694299824,1333824,python,0:04.90,502816,342232,6840,0.0,2.1,3,2,0:04,0,4,358072,0,245k,0,342232,315,9,276,30,0,96.4,3.6,0.0,0.0,0.0,0.0,0.0,0.0,15794.9 MiB,4241.7 MiB,2480.4 MiB,9072.8 MiB,4096.0 MiB,3680.7 MiB,415.2 MiB,12707.8 MiB
8,Python 3.10.11,binarytrees.py 21,22,1694299826,1333824,python,0:04.90,502816,342232,6840,0.0,2.1,3,2,0:04,0,4,358072,0,245k,0,342232,315,9,276,30,0,98.3,1.7,0.0,0.0,0.0,0.0,0.0,0.0,15794.9 MiB,4237.2 MiB,2484.8 MiB,9072.8 MiB,4096.0 MiB,3680.7 MiB,415.2 MiB,12703.4 MiB
8,Python 3.10.11,binarytrees.py 21,23,1694299827,1333824,python,0:04.90,502816,342232,6840,0.0,2.1,3,2,0:04,0,4,358072,0,245k,0,342232,315,9,276,30,0,98.4,1.6,0.0,0.0,0.0,0.0,0.0,0.0,15794.9 MiB,4238.9 MiB,2483.2 MiB,9072.8 MiB,4096.0 MiB,3680.7 MiB,415.2 MiB,12705.1 MiB
8,Python 3.10.11,binarytrees.py 21,24,1694299828,1333824,python,0:04.90,502816,342232,6840,0.0,2.1,3,2,0:04,0,4,358072,0,245k,0,342232,315,9,276,30,0,97.4,2.6,0.0,0.0,0.0,0.0,0.0,0.0,15794.9 MiB,4237.5 MiB,2484.6 MiB,9072.8 MiB,4096.0 MiB,3680.7 MiB,415.2 MiB,12703.6 MiB
8,Python 3.10.11,binarytrees.py 21,25,1694299830,1333824,python,0:04.90,502816,342232,6840,0.0,2.1,3,2,0:04,0,4,358072,0,245k,0,342232,315,9,276,30,0,97.8,2.2,0.0,0.0,0.0,0.0,0.0,0.0,15794.9 MiB,4235.7 MiB,2486.4 MiB,9072.8 MiB,4096.0 MiB,3680.7 MiB,415.2 MiB,12701.8 MiB
8,Python 3.10.11,binarytrees.py 21,26,1694299831,1333824,python,0:04.90,502816,342232,6840,0.0,2.1,3,2,0:04,0,4,358072,0,245k,0,342232,315,9,276,30,0,98.3,1.7,0.0,0.0,0.0,0.0,0.0,0.0,15794.9 MiB,4233.8 MiB,2488.2 MiB,9072.8 MiB,4096.0 MiB,3680.7 MiB,415.2 MiB,12700.0 MiB
8,Python 3.10.11,binarytrees.py 21,27,1694299832,1333824,python,0:04.90,502816,342232,6840,0.0,2.1,3,2,0:04,0,4,358072,0,245k,0,342232,315,9,276,30,0,97.4,2.6,0.0,0.0,0.0,0.0,0.0,0.0,15794.9 MiB,4235.0 MiB,2487.0 MiB,9072.8 MiB,4096.0 MiB,3680.7 MiB,415.2 MiB,12701.2 MiB
8,Python 3.10.11,binarytrees.py 21,28,1694299834,1333824,python,0:04.90,502816,342232,6840,0.0,2.1,3,2,0:04,0,4,358072,0,245k,0,342232,315,9,276,30,0,98.3,1.7,0.0,0.0,0.0,0.0,0.0,0.0,15794.9 MiB,4233.8 MiB,2488.2 MiB,9072.8 MiB,4096.0 MiB,3680.7 MiB,415.2 MiB,12700.0 MiB
8,Python 3.10.11,binarytrees.py 21,29,1694299835,1333824,python,0:04.90,502816,342232,6840,0.0,2.1,3,2,0:04,0,4,358072,0,245k,0,342232,315,9,276,30,0,98.4,1.6,0.0,0.0,0.0,0.0,0.0,0.0,15794.9 MiB,4232.4 MiB,2489.7 MiB,9072.8 MiB,4096.0 MiB,3680.7 MiB,415.2 MiB,12698.6 MiB
8,Python 3.10.11,binarytrees.py 21,30,1694299836,1333824,python,0:04.90,502816,342232,6840,0.0,2.1,3,2,0:04,0,4,358072,0,245k,0,342232,315,9,276,30,0,98.3,1.7,0.0,0.0,0.0,0.0,0.0,0.0,15794.9 MiB,4229.1 MiB,2492.9 MiB,9072.8 MiB,4096.0 MiB,3680.7 MiB,415.2 MiB,12695.3 MiB
8,Python 3.10.11,binarytrees.py 21,31,1694299838,1333824,python,0:04.90,502816,342232,6840,0.0,2.1,3,2,0:04,0,4,358072,0,245k,0,342232,315,9,276,30,0,97.9,2.1,0.0,0.0,0.0,0.0,0.0,0.0,15794.9 MiB,4230.4 MiB,2491.6 MiB,9072.8 MiB,4096.0 MiB,3680.7 MiB,415.2 MiB,12696.6 MiB
8,Python 3.10.11,binarytrees.py 21,32,1694299839,1333824,python,0:04.90,502816,342232,6840,0.0,2.1,3,2,0:04,0,4,358072,0,245k,0,342232,315,9,276,30,0,98.9,1.1,0.0,0.0,0.0,0.0,0.0,0.0,15794.9 MiB,4228.5 MiB,2493.6 MiB,9072.8 MiB,4096.0 MiB,3680.7 MiB,415.2 MiB,12694.6 MiB
8,Python 3.10.11,binarytrees.py 21,33,1694299840,1333824,python,0:04.90,502816,342232,6840,0.0,2.1,3,2,0:04,0,4,358072,0,245k,0,342232,315,9,276,30,0,98.2,1.8,0.0,0.0,0.0,0.0,0.0,0.0,15794.9 MiB,4227.9 MiB,2494.1 MiB,9072.8 MiB,4096.0 MiB,3680.7 MiB,415.2 MiB,12694.1 MiB
8,Python 3.10.11,binarytrees.py 21,34,1694299842,1333824,python,0:04.90,502816,342232,6840,0.0,2.1,3,2,0:04,0,4,358072,0,245k,0,342232,315,9,276,30,0,97.7,2.3,0.0,0.0,0.0,0.0,0.0,0.0,15794.9 MiB,4226.9 MiB,2495.2 MiB,9072.8 MiB,4096.0 MiB,3680.7 MiB,415.2 MiB,12693.0 MiB
8,Python 3.10.11,binarytrees.py 21,35,1694299843,1333824,python,0:04.90,502816,342232,6840,0.0,2.1,3,2,0:04,0,4,358072,0,245k,0,342232,315,9,276,30,0,98.3,1.7,0.0,0.0,0.0,0.0,0.0,0.0,15794.9 MiB,4227.0 MiB,2495.1 MiB,9072.8 MiB,4096.0 MiB,3680.7 MiB,415.2 MiB,12693.1 MiB
8,Python 3.10.11,binarytrees.py 21,36,1694299844,1333824,python,0:04.90,502816,342232,6840,0.0,2.1,3,2,0:04,0,4,358072,0,245k,0,342232,315,9,276,30,0,97.8,2.2,0.0,0.0,0.0,0.0,0.0,0.0,15794.9 MiB,4226.1 MiB,2495.9 MiB,9072.8 MiB,4096.0 MiB,3680.7 MiB,415.2 MiB,12692.3 MiB
8,Python 3.10.11,binarytrees.py 21,37,1694299846,1333824,python,0:04.90,502816,342232,6840,0.0,2.1,3,2,0:04,0,4,358072,0,245k,0,342232,315,9,276,30,0,97.9,2.1,0.0,0.0,0.0,0.0,0.0,0.0,15794.9 MiB,4226.2 MiB,2495.8 MiB,9072.8 MiB,4096.0 MiB,3680.7 MiB,415.2 MiB,12692.4 MiB
8,Python 3.10.11,binarytrees.py 21,38,1694299847,1333824,python,0:04.90,502816,342232,6840,0.0,2.1,3,2,0:04,0,4,358072,0,245k,0,342232,315,9,276,30,0,98.9,1.1,0.0,0.0,0.0,0.0,0.0,0.0,15794.9 MiB,4225.3 MiB,2496.7 MiB,9072.8 MiB,4096.0 MiB,3680.7 MiB,415.2 MiB,12691.5 MiB
8,Python 3.10.11,binarytrees.py 21,39,1694299848,1333824,python,0:04.90,502816,342232,6840,0.0,2.1,3,2,0:04,0,4,358072,0,245k,0,342232,315,9,276,30,0,98.3,1.7,0.0,0.0,0.0,0.0,0.0,0.0,15794.9 MiB,4223.5 MiB,2498.5 MiB,9072.9 MiB,4096.0 MiB,3680.7 MiB,415.2 MiB,12689.7 MiB
8,Python 3.10.11,binarytrees.py 21,40,1694299850,1333824,python,0:04.90,502816,342232,6840,0.0,2.1,3,2,0:04,0,4,358072,0,245k,0,342232,315,9,276,30,0,97.8,2.2,0.0,0.0,0.0,0.0,0.0,0.0,15794.9 MiB,4223.3 MiB,2498.7 MiB,9072.9 MiB,4096.0 MiB,3680.7 MiB,415.2 MiB,12689.5 MiB
8,Python 3.10.11,binarytrees.py 21,41,1694299851,1333824,python,0:04.90,502816,342232,6840,0.0,2.1,3,2,0:04,0,4,358072,0,245k,0,342232,315,9,276,30,0,97.8,2.2,0.0,0.0,0.0,0.0,0.0,0.0,15794.9 MiB,4222.8 MiB,2499.2 MiB,9072.9 MiB,4096.0 MiB,3680.7 MiB,415.2 MiB,12689.0 MiB
8,Python 3.10.11,binarytrees.py 21,42,1694299852,1333824,python,0:04.90,502816,342232,6840,0.0,2.1,3,2,0:04,0,4,358072,0,245k,0,342232,315,9,276,30,0,98.3,1.7,0.0,0.0,0.0,0.0,0.0,0.0,15794.9 MiB,4222.6 MiB,2499.5 MiB,9072.9 MiB,4096.0 MiB,3680.7 MiB,415.2 MiB,12688.8 MiB
8,Python 3.10.11,binarytrees.py 21,43,1694299854,1333824,python,0:04.90,502816,342232,6840,0.0,2.1,3,2,0:04,0,4,358072,0,245k,0,342232,315,9,276,30,0,98.4,1.6,0.0,0.0,0.0,0.0,0.0,0.0,15794.9 MiB,4222.3 MiB,2499.7 MiB,9072.9 MiB,4096.0 MiB,3680.7 MiB,415.2 MiB,12688.5 MiB
8,Python 3.10.11,binarytrees.py 21,44,1694299855,1333824,python,0:04.90,502816,342232,6840,0.0,2.1,3,2,0:04,0,4,358072,0,245k,0,342232,315,9,276,30,0,97.7,2.3,0.0,0.0,0.0,0.0,0.0,0.0,15794.9 MiB,4221.8 MiB,2500.2 MiB,9072.9 MiB,4096.0 MiB,3680.7 MiB,415.2 MiB,12688.0 MiB
8,Python 3.10.11,binarytrees.py 21,45,1694299856,1333824,python,0:04.90,502816,342232,6840,0.0,2.1,3,2,0:04,0,4,358072,0,245k,0,342232,315,9,276,30,0,98.0,2.0,0.0,0.0,0.0,0.0,0.0,0.0,15794.9 MiB,4221.8 MiB,2500.2 MiB,9072.9 MiB,4096.0 MiB,3680.7 MiB,415.2 MiB,12688.0 MiB
8,Python 3.10.11,binarytrees.py 21,46,1694299858,1333824,python,0:04.90,502816,342232,6840,0.0,2.1,3,2,0:04,0,4,358072,0,245k,0,342232,315,9,276,30,0,97.8,2.2,0.0,0.0,0.0,0.0,0.0,0.0,15794.9 MiB,4221.6 MiB,2500.4 MiB,9072.9 MiB,4096.0 MiB,3680.7 MiB,415.2 MiB,12687.8 MiB
8,Python 3.10.11,binarytrees.py 21,47,1694299859,1333824,python,0:04.90,502816,342232,6840,0.0,2.1,3,2,0:04,0,4,358072,0,245k,0,342232,315,9,276,30,0,97.2,2.8,0.0,0.0,0.0,0.0,0.0,0.0,15794.9 MiB,4221.6 MiB,2500.4 MiB,9072.9 MiB,4096.0 MiB,3680.7 MiB,415.2 MiB,12687.8 MiB
8,Python 3.10.11,binarytrees.py 21,48,1694299860,1333824,python,0:04.90,502816,342232,6840,0.0,2.1,3,2,0:04,0,4,358072,0,245k,0,342232,315,9,276,30,0,98.9,1.1,0.0,0.0,0.0,0.0,0.0,0.0,15794.9 MiB,4221.1 MiB,2500.9 MiB,9072.9 MiB,4096.0 MiB,3680.7 MiB,415.2 MiB,12687.3 MiB
8,Python 3.10.11,binarytrees.py 21,49,1694299861,1333824,python,0:04.90,502816,342232,6840,0.0,2.1,3,2,0:04,0,4,358072,0,245k,0,342232,315,9,276,30,0,97.8,2.2,0.0,0.0,0.0,0.0,0.0,0.0,15794.9 MiB,4221.1 MiB,2501.1 MiB,9072.7 MiB,4096.0 MiB,3680.7 MiB,415.2 MiB,12687.3 MiB
8,Python 3.10.11,binarytrees.py 21,50,1694299863,1333824,python,0:04.90,502816,342232,6840,0.0,2.1,3,2,0:04,0,4,358072,0,245k,0,342232,315,9,276,30,0,97.9,2.1,0.0,0.0,0.0,0.0,0.0,0.0,15794.9 MiB,4221.1 MiB,2501.1 MiB,9072.7 MiB,4096.0 MiB,3680.7 MiB,415.2 MiB,12687.3 MiB
8,Python 3.10.11,binarytrees.py 21,51,1694299864,1333824,python,0:04.90,502816,342232,6840,0.0,2.1,3,2,0:04,0,4,358072,0,245k,0,342232,315,9,276,30,0,98.4,1.6,0.0,0.0,0.0,0.0,0.0,0.0,15794.9 MiB,4221.1 MiB,2501.1 MiB,9072.7 MiB,4096.0 MiB,3680.7 MiB,415.2 MiB,12687.3 MiB
8,Python 3.10.11,binarytrees.py 21,52,1694299865,1333824,python,0:04.90,502816,342232,6840,0.0,2.1,3,2,0:04,0,4,358072,0,245k,0,342232,315,9,276,30,0,97.8,2.2,0.0,0.0,0.0,0.0,0.0,0.0,15794.9 MiB,4220.8 MiB,2501.3 MiB,9072.7 MiB,4096.0 MiB,3680.7 MiB,415.2 MiB,12687.1 MiB
8,Python 3.10.11,binarytrees.py 21,53,1694299867,1333824,python,0:04.90,502816,342232,6840,0.0,2.1,3,2,0:04,0,4,358072,0,245k,0,342232,315,9,276,30,0,97.8,2.2,0.0,0.0,0.0,0.0,0.0,0.0,15794.9 MiB,4220.6 MiB,2501.6 MiB,9072.7 MiB,4096.0 MiB,3680.7 MiB,415.2 MiB,12686.8 MiB
8,Python 3.10.11,binarytrees.py 21,54,1694299868,1333824,python,0:04.90,502816,342232,6840,0.0,2.1,3,2,0:04,0,4,358072,0,245k,0,342232,315,9,276,30,0,98.9,1.1,0.0,0.0,0.0,0.0,0.0,0.0,15794.9 MiB,4220.1 MiB,2502.1 MiB,9072.7 MiB,4096.0 MiB,3680.7 MiB,415.2 MiB,12686.3 MiB
8,Python 3.10.11,binarytrees.py 21,55,1694299869,1333824,python,0:04.90,502816,342232,6840,0.0,2.1,3,2,0:04,0,4,358072,0,245k,0,342232,315,9,276,30,0,98.3,1.7,0.0,0.0,0.0,0.0,0.0,0.0,15794.9 MiB,4219.8 MiB,2502.3 MiB,9072.7 MiB,4096.0 MiB,3680.7 MiB,415.2 MiB,12686.1 MiB
8,Python 3.10.11,binarytrees.py 21,56,1694299871,1333824,python,0:04.90,502816,342232,6840,0.0,2.1,3,2,0:04,0,4,358072,0,245k,0,342232,315,9,276,30,0,98.3,1.7,0.0,0.0,0.0,0.0,0.0,0.0,15794.9 MiB,4219.6 MiB,2502.5 MiB,9072.7 MiB,4096.0 MiB,3680.7 MiB,415.2 MiB,12685.9 MiB
8,Python 3.10.11,binarytrees.py 21,57,1694299872,1333824,python,0:04.90,502816,342232,6840,0.0,2.1,3,2,0:04,0,4,358072,0,245k,0,342232,315,9,276,30,0,96.6,3.4,0.0,0.0,0.0,0.0,0.0,0.0,15794.9 MiB,4219.8 MiB,2502.3 MiB,9072.7 MiB,4096.0 MiB,3680.7 MiB,415.2 MiB,12686.1 MiB
8,Python 3.10.11,binarytrees.py 21,58,1694299873,1333824,python,0:04.90,502816,342232,6840,0.0,2.1,3,2,0:04,0,4,358072,0,245k,0,342232,315,9,276,30,0,97.7,2.3,0.0,0.0,0.0,0.0,0.0,0.0,15794.9 MiB,4219.8 MiB,2502.3 MiB,9072.7 MiB,4096.0 MiB,3680.7 MiB,415.2 MiB,12686.1 MiB
8,Python 3.10.11,binarytrees.py 21,59,1694299875,1333824,python,0:04.90,502816,342232,6840,0.0,2.1,3,2,0:04,0,4,358072,0,245k,0,342232,315,9,276,30,0,97.8,2.2,0.0,0.0,0.0,0.0,0.0,0.0,15794.9 MiB,4219.8 MiB,2502.3 MiB,9072.8 MiB,4096.0 MiB,3680.7 MiB,415.2 MiB,12686.1 MiB
8,Python 3.10.11,binarytrees.py 21,60,1694299876,1333824,python,0:04.90,502816,342232,6840,0.0,2.1,3,2,0:04,0,4,358072,0,245k,0,342232,315,9,276,30,0,97.8,2.2,0.0,0.0,0.0,0.0,0.0,0.0,15794.9 MiB,4219.6 MiB,2502.5 MiB,9072.8 MiB,4096.0 MiB,3680.7 MiB,415.2 MiB,12685.9 MiB
8,Python 3.10.11,binarytrees.py 21,61,1694299877,1333824,python,0:04.90,502816,342232,6840,0.0,2.1,3,2,0:04,0,4,358072,0,245k,0,342232,315,9,276,30,0,98.4,1.6,0.0,0.0,0.0,0.0,0.0,0.0,15794.9 MiB,4219.1 MiB,2503.0 MiB,9072.8 MiB,4096.0 MiB,3680.7 MiB,415.2 MiB,12685.4 MiB
8,Python 3.10.11,binarytrees.py 21,62,1694299879,1333824,python,0:04.90,502816,342232,6840,0.0,2.1,3,2,0:04,0,4,358072,0,245k,0,342232,315,9,276,30,0,98.9,1.1,0.0,0.0,0.0,0.0,0.0,0.0,15794.9 MiB,4219.1 MiB,2503.0 MiB,9072.8 MiB,4096.0 MiB,3680.7 MiB,415.2 MiB,12685.4 MiB
8,Python 3.10.11,binarytrees.py 21,63,1694299880,1333824,python,0:04.90,502816,342232,6840,0.0,2.1,3,2,0:04,0,4,358072,0,245k,0,342232,315,9,276,30,0,98.3,1.7,0.0,0.0,0.0,0.0,0.0,0.0,15794.9 MiB,4218.9 MiB,2503.2 MiB,9072.8 MiB,4096.0 MiB,3680.7 MiB,415.2 MiB,12685.1 MiB
8,Python 3.10.11,binarytrees.py 21,64,1694299881,1333824,python,0:04.90,502816,342232,6840,0.0,2.1,3,2,0:04,0,4,358072,0,245k,0,342232,315,9,276,30,0,98.9,1.1,0.0,0.0,0.0,0.0,0.0,0.0,15794.9 MiB,4218.9 MiB,2503.2 MiB,9072.8 MiB,4096.0 MiB,3680.7 MiB,415.2 MiB,12685.1 MiB
8,Python 3.10.11,binarytrees.py 21,65,1694299883,1333824,python,0:04.90,502816,342232,6840,0.0,2.1,3,2,0:04,0,4,358072,0,245k,0,342232,315,9,276,30,0,98.3,1.7,0.0,0.0,0.0,0.0,0.0,0.0,15794.9 MiB,4218.6 MiB,2503.5 MiB,9072.8 MiB,4096.0 MiB,3680.7 MiB,415.2 MiB,12684.9 MiB
8,Python 3.10.11,binarytrees.py 21,66,1694299884,1333824,python,0:04.90,502816,342232,6840,0.0,2.1,3,2,0:04,0,4,358072,0,245k,0,342232,315,9,276,30,0,98.9,1.1,0.0,0.0,0.0,0.0,0.0,0.0,15794.9 MiB,4218.4 MiB,2503.7 MiB,9072.8 MiB,4096.0 MiB,3680.7 MiB,415.2 MiB,12684.7 MiB
8,Python 3.10.11,binarytrees.py 21,67,1694299885,1333824,python,0:04.90,502816,342232,6840,0.0,2.1,3,2,0:04,0,4,358072,0,245k,0,342232,315,9,276,30,0,97.2,2.8,0.0,0.0,0.0,0.0,0.0,0.0,15794.9 MiB,4217.9 MiB,2504.2 MiB,9072.8 MiB,4096.0 MiB,3680.7 MiB,415.2 MiB,12684.2 MiB
8,Python 3.10.11,binarytrees.py 21,68,1694299887,1333824,python,0:04.90,502816,342232,6840,0.0,2.1,3,2,0:04,0,4,358072,0,245k,0,342232,315,9,276,30,0,98.3,1.7,0.0,0.0,0.0,0.0,0.0,0.0,15794.9 MiB,4217.6 MiB,2504.5 MiB,9072.8 MiB,4096.0 MiB,3680.7 MiB,415.2 MiB,12683.9 MiB
8,Python 3.10.11,binarytrees.py 21,69,1694299888,1333824,python,0:04.90,502816,342248,6840,0.0,2.1,3,2,0:04,0,4,358072,0,245k,0,342248,315,9,276,30,0,97.2,2.8,0.0,0.0,0.0,0.0,0.0,0.0,15794.9 MiB,4184.9 MiB,2530.3 MiB,9079.6 MiB,4096.0 MiB,3680.7 MiB,415.2 MiB,12651.2 MiB
8,Python 3.10.11,binarytrees.py 21,70,1694299889,1333824,python,0:04.90,502816,342248,6840,0.0,2.1,3,2,0:04,0,4,358072,0,245k,0,342248,315,9,276,30,0,97.8,2.2,0.0,0.0,0.0,0.0,0.0,0.0,15794.9 MiB,4071.5 MiB,2643.5 MiB,9080.0 MiB,4096.0 MiB,3680.7 MiB,415.2 MiB,12537.8 MiB
8,Python 3.10.11,binarytrees.py 21,71,1694299891,1333824,python,0:04.90,502816,342248,6840,0.0,2.1,3,2,0:04,0,4,358072,0,245k,0,342248,315,9,276,30,0,97.1,2.9,0.0,0.0,0.0,0.0,0.0,0.0,15794.9 MiB,4051.3 MiB,2670.6 MiB,9073.0 MiB,4096.0 MiB,3680.7 MiB,415.2 MiB,12517.6 MiB
8,Python 3.10.11,binarytrees.py 21,72,1694299892,1333824,python,0:04.90,502816,342248,6840,0.0,2.1,3,2,0:04,0,4,358072,0,245k,0,342248,315,8,277,30,0,87.8,2.6,0.0,9.6,0.0,0.0,0.0,0.0,15794.9 MiB,3926.3 MiB,2788.6 MiB,9080.0 MiB,4096.0 MiB,3680.7 MiB,415.2 MiB,12392.6 MiB
8,Python 3.10.11,binarytrees.py 21,73,1694299893,1333824,python,0:04.90,502816,342248,6840,0.0,2.1,3,2,0:04,0,4,358072,0,245k,0,342248,315,5,280,30,0,60.1,2.7,0.0,37.2,0.0,0.0,0.0,0.0,15794.9 MiB,4083.3 MiB,2631.6 MiB,9080.0 MiB,4096.0 MiB,3680.7 MiB,415.2 MiB,12549.6 MiB
8,Python 3.10.11,binarytrees.py 21,74,1694299894,1333824,python,0:04.90,502816,342248,6840,0.0,2.1,3,7,0:04,0,4,358072,0,245k,0,342248,315,3,282,30,0,23.5,2.2,0.0,74.3,0.0,0.0,0.0,0.0,15794.9 MiB,4156.6 MiB,2558.3 MiB,9080.0 MiB,4096.0 MiB,3680.7 MiB,415.2 MiB,12622.9 MiB
8,Python 3.10.11,binarytrees.py 21,75,1694299896,1333824,python,0:04.90,502816,342248,6840,0.0,2.1,3,7,0:04,0,4,358072,0,245k,0,342248,315,2,283,30,0,12.7,2.2,0.0,85.1,0.0,0.0,0.0,0.0,15794.9 MiB,4136.7 MiB,2578.2 MiB,9080.0 MiB,4096.0 MiB,3680.7 MiB,415.2 MiB,12603.0 MiB
8,Python 3.10.11,binarytrees.py 21,76,1694299897,1333824,python,0:04.90,502816,342248,6840,0.0,2.1,3,7,0:04,0,4,358072,0,245k,0,342248,315,2,283,30,0,12.0,2.3,0.0,85.7,0.0,0.0,0.0,0.0,15794.9 MiB,4030.1 MiB,2691.8 MiB,9073.0 MiB,4096.0 MiB,3680.7 MiB,415.2 MiB,12496.4 MiB
8,Python 3.10.11,binarytrees.py 21,77,1694299898,1333824,python,0:04.90,502816,342248,6840,0.0,2.1,3,7,0:04,0,4,358072,0,245k,0,342248,315,2,283,30,0,13.5,0.8,0.0,85.7,0.0,0.0,0.0,0.0,15794.9 MiB,4153.3 MiB,2568.6 MiB,9073.0 MiB,4096.0 MiB,3680.7 MiB,415.2 MiB,12619.6 MiB
8,Python 3.10.11,binarytrees.py 21,78,1694299899,1333824,python,0:04.90,502816,342248,6840,0.0,2.1,3,7,0:04,0,4,358072,0,245k,0,342248,315,2,283,30,0,12.1,1.5,0.0,86.4,0.0,0.0,0.0,0.0,15794.9 MiB,4115.8 MiB,2606.1 MiB,9073.0 MiB,4096.0 MiB,3680.7 MiB,415.2 MiB,12582.1 MiB
8,Python 3.10.11,binarytrees.py 21,79,1694299900,1333824,python,0:04.90,502816,342248,6840,0.0,2.1,3,7,0:04,0,4,358072,0,245k,0,342248,315,2,283,30,0,10.6,3.0,0.0,86.4,0.0,0.0,0.0,0.0,15794.9 MiB,4005.5 MiB,2716.4 MiB,9073.0 MiB,4096.0 MiB,3680.7 MiB,415.2 MiB,12471.8 MiB
8,Python 3.10.11,binarytrees.py 21,80,1694299901,1333824,python,0:04.90,502816,342248,6840,0.0,2.1,3,7,0:04,0,4,358072,0,245k,0,342248,315,2,283,30,0,13.5,0.8,0.0,85.7,0.0,0.0,0.0,0.0,15794.9 MiB,4151.5 MiB,2570.4 MiB,9073.0 MiB,4096.0 MiB,3680.7 MiB,415.2 MiB,12617.8 MiB
8,Python 3.10.11,binarytrees.py 21,81,1694299903,1333824,python,0:04.90,502816,342248,6840,0.0,2.1,3,7,0:04,0,4,358072,0,245k,0,342248,315,2,283,30,0,12.0,3.0,0.0,85.0,0.0,0.0,0.0,0.0,15794.9 MiB,4094.4 MiB,2627.5 MiB,9073.0 MiB,4096.0 MiB,3680.7 MiB,415.2 MiB,12560.7 MiB
8,Python 3.10.11,binarytrees.py 21,82,1694299904,1333824,python,0:04.90,502816,342248,6840,0.0,2.1,3,7,0:04,0,4,358072,0,245k,0,342248,315,2,283,30,0,12.7,1.5,0.0,85.8,0.0,0.0,0.0,0.0,15794.9 MiB,4093.7 MiB,2628.2 MiB,9073.0 MiB,4096.0 MiB,3680.7 MiB,415.2 MiB,12560.0 MiB
8,Python 3.10.11,binarytrees.py 21,83,1694299905,1333824,python,0:04.90,502816,342248,6840,0.0,2.1,3,7,0:04,0,4,358072,0,245k,0,342248,315,2,283,30,0,13.5,0.8,0.0,85.7,0.0,0.0,0.0,0.0,15794.9 MiB,4148.8 MiB,2573.1 MiB,9073.0 MiB,4096.0 MiB,3680.7 MiB,415.2 MiB,12615.1 MiB
8,Python 3.10.11,binarytrees.py 21,84,1694299906,1333824,python,0:04.90,502816,342248,6840,0.0,2.1,3,7,0:04,0,4,358072,0,245k,0,342248,315,2,283,30,0,12.1,1.5,0.0,86.4,0.0,0.0,0.0,0.0,15794.9 MiB,4073.5 MiB,2648.4 MiB,9073.0 MiB,4096.0 MiB,3680.7 MiB,415.2 MiB,12539.8 MiB
8,Python 3.10.11,binarytrees.py 21,85,1694299907,1333824,python,0:04.90,502816,342248,6840,0.0,2.1,3,7,0:04,0,4,358072,0,245k,0,342248,315,2,283,30,0,11.4,2.3,0.0,86.4,0.0,0.0,0.0,0.0,15794.9 MiB,4146.2 MiB,2575.6 MiB,9073.0 MiB,4096.0 MiB,3680.7 MiB,415.2 MiB,12612.6 MiB
8,Python 3.10.11,binarytrees.py 21,86,1694299908,1333824,python,0:04.90,502816,342248,6840,0.0,2.1,3,7,0:04,0,4,358072,0,245k,0,342248,315,2,283,30,0,13.6,0.0,0.0,86.4,0.0,0.0,0.0,0.0,15794.9 MiB,4145.8 MiB,2576.1 MiB,9073.0 MiB,4096.0 MiB,3680.7 MiB,415.2 MiB,12612.1 MiB
8,Python 3.10.11,binarytrees.py 21,87,1694299910,1333824,python,0:04.90,502816,342248,6840,0.0,2.1,3,7,0:04,0,4,358072,0,245k,0,342248,315,2,283,30,0,13.5,1.5,0.0,85.0,0.0,0.0,0.0,0.0,15794.9 MiB,4052.3 MiB,2669.6 MiB,9073.0 MiB,4096.0 MiB,3680.7 MiB,415.2 MiB,12518.6 MiB
8,Python 3.10.11,binarytrees.py 21,88,1694299911,1333824,python,0:04.90,502816,342248,6840,0.0,2.1,3,7,0:04,0,4,358072,0,245k,0,342248,315,2,283,30,0,12.7,1.5,0.0,85.8,0.0,0.0,0.0,0.0,15794.9 MiB,4144.0 MiB,2577.9 MiB,9073.0 MiB,4096.0 MiB,3680.7 MiB,415.2 MiB,12610.3 MiB
8,Python 3.10.11,binarytrees.py 21,89,1694299912,1333824,python,0:04.90,502816,342248,6840,0.0,2.1,3,7,0:04,0,4,358072,0,245k,0,342248,315,2,283,30,0,12.8,1.5,0.0,85.7,0.0,0.0,0.0,0.0,15794.9 MiB,4142.9 MiB,2579.0 MiB,9073.0 MiB,4096.0 MiB,3680.7 MiB,415.2 MiB,12609.2 MiB
8,Python 3.10.11,binarytrees.py 21,90,1694299913,1333824,python,0:04.90,502816,342248,6840,0.0,2.1,3,7,0:04,0,4,358072,0,245k,0,342248,315,2,283,30,0,12.0,1.5,0.0,86.5,0.0,0.0,0.0,0.0,15794.9 MiB,4031.1 MiB,2690.7 MiB,9073.0 MiB,4096.0 MiB,3680.7 MiB,415.2 MiB,12497.5 MiB
8,Python 3.10.11,binarytrees.py 21,91,1694299914,1333824,python,0:04.90,502816,342248,6840,0.0,2.1,3,7,0:04,0,4,358072,0,245k,0,342248,315,2,283,30,0,12.9,0.8,0.0,86.4,0.0,0.0,0.0,0.0,15794.9 MiB,4142.2 MiB,2579.7 MiB,9073.0 MiB,4096.0 MiB,3680.7 MiB,415.2 MiB,12608.5 MiB
8,Python 3.10.11,binarytrees.py 21,92,1694299916,1333824,python,0:04.90,502816,342248,6840,0.0,2.1,3,7,0:04,0,4,358072,0,245k,0,342248,315,2,283,30,0,12.9,0.8,0.0,86.4,0.0,0.0,0.0,0.0,15794.9 MiB,4124.6 MiB,2597.2 MiB,9073.0 MiB,4096.0 MiB,3680.7 MiB,415.2 MiB,12591.0 MiB
8,Python 3.10.11,binarytrees.py 21,93,1694299917,1333824,python,0:04.90,502816,342248,6840,0.0,2.1,3,7,0:04,0,4,358072,0,245k,0,342248,315,2,283,30,0,12.1,2.8,0.0,85.1,0.0,0.0,0.0,0.0,15794.9 MiB,4011.2 MiB,2710.7 MiB,9073.0 MiB,4096.0 MiB,3680.7 MiB,415.2 MiB,12477.5 MiB
8,Python 3.10.11,binarytrees.py 21,94,1694299918,1333824,python,0:04.90,502816,342248,6840,0.0,2.1,3,7,0:04,0,4,358072,0,245k,0,342248,315,2,283,30,0,12.9,0.8,0.0,86.4,0.0,0.0,0.0,0.0,15794.9 MiB,4139.4 MiB,2582.4 MiB,9073.0 MiB,4096.0 MiB,3680.7 MiB,415.2 MiB,12605.8 MiB
8,Python 3.10.11,binarytrees.py 21,95,1694299919,1333824,python,0:04.90,502816,342248,6840,0.0,2.1,3,7,0:04,0,4,358072,0,245k,0,342248,315,2,283,30,0,11.3,3.0,0.0,85.7,0.0,0.0,0.0,0.0,15794.9 MiB,4101.0 MiB,2620.8 MiB,9073.0 MiB,4096.0 MiB,3680.7 MiB,415.2 MiB,12567.4 MiB
8,Python 3.10.11,binarytrees.py 21,96,1694299920,1333824,,,,,,,,,,,,,,,,,,306,1,275,30,0,2.3,9.9,0.0,87.8,0.0,0.0,0.0,0.0,15794.9 MiB,4675.9 MiB,2039.1 MiB,9079.9 MiB,4096.0 MiB,3680.7 MiB,415.2 MiB,13142.2 MiB
9,Python 3.10.11,binarytrees.py 21,0,1694299921,1334481,python,0:00.12,58392,49728,6836,75.0,0.3,1,7,0:00,0,4,44464,0,12k,0,49728,307,2,275,30,0,18.5,6.9,0.0,74.6,0.0,0.0,0.0,0.0,15794.9 MiB,4639.7 MiB,2075.1 MiB,9080.1 MiB,4096.0 MiB,3680.7 MiB,415.2 MiB,13106.1 MiB
9,Python 3.10.11,binarytrees.py 21,1,1694299923,1334481,python,0:01.29,585752,569544,6836,100.0,3.5,1,7,0:01,0,4,571824,0,139k,0,569544,307,2,275,30,0,13.0,0.8,0.0,86.3,0.0,0.0,0.0,0.0,15794.9 MiB,4132.0 MiB,2582.8 MiB,9080.1 MiB,4096.0 MiB,3680.7 MiB,415.2 MiB,12598.4 MiB
9,Python 3.10.11,binarytrees.py 21,2,1694299924,1334481,python,0:02.46,689176,670920,6836,100.0,4.1,1,7,0:02,0,4,675248,0,163k,0,670920,307,2,275,30,0,12.1,1.5,0.0,86.4,0.0,0.0,0.0,0.0,15794.9 MiB,4037.5 MiB,2684.3 MiB,9073.1 MiB,4096.0 MiB,3680.7 MiB,415.2 MiB,12503.9 MiB
9,Python 3.10.11,binarytrees.py 21,3,1694299925,1334481,python,0:03.64,165912,155568,6836,100.0,1.0,1,7,0:03,0,4,151984,0,198k,0,155568,307,2,275,30,0,12.1,2.3,0.0,85.6,0.0,0.0,0.0,0.0,15794.9 MiB,4543.8 MiB,2178.0 MiB,9073.1 MiB,4096.0 MiB,3680.7 MiB,415.2 MiB,13010.1 MiB
9,Python 3.10.11,binarytrees.py 21,4,1694299926,1334481,python,0:04.82,355352,341952,6836,100.0,2.1,1,7,0:04,0,4,341424,0,243k,0,341952,307,2,275,30,0,12.9,0.8,0.0,86.4,0.0,0.0,0.0,0.0,15794.9 MiB,4359.2 MiB,2362.6 MiB,9073.1 MiB,4096.0 MiB,3680.7 MiB,415.2 MiB,12825.5 MiB
9,Python 3.10.11,binarytrees.py 21,5,1694299927,1334481,python,0:04.86,502816,342236,6840,0.0,2.1,3,0,0:04,0,4,358072,0,245k,0,342236,315,9,276,30,0,97.9,2.1,0.0,0.0,0.0,0.0,0.0,0.0,15794.9 MiB,4267.5 MiB,2447.4 MiB,9079.9 MiB,4096.0 MiB,3680.7 MiB,415.2 MiB,12733.9 MiB
9,Python 3.10.11,binarytrees.py 21,6,1694299929,1334481,python,0:04.86,502816,342236,6840,0.0,2.1,3,0,0:04,0,4,358072,0,245k,0,342236,315,9,276,30,0,97.3,2.7,0.0,0.0,0.0,0.0,0.0,0.0,15794.9 MiB,4245.7 MiB,2476.1 MiB,9073.1 MiB,4096.0 MiB,3680.7 MiB,415.2 MiB,12712.1 MiB
9,Python 3.10.11,binarytrees.py 21,7,1694299930,1334481,python,0:04.86,502816,342236,6840,0.0,2.1,3,0,0:04,0,4,358072,0,245k,0,342236,315,9,276,30,0,96.2,3.8,0.0,0.0,0.0,0.0,0.0,0.0,15794.9 MiB,4254.4 MiB,2467.4 MiB,9073.1 MiB,4096.0 MiB,3680.7 MiB,415.2 MiB,12720.7 MiB
9,Python 3.10.11,binarytrees.py 21,8,1694299931,1334481,python,0:04.86,502816,342236,6840,0.0,2.1,3,0,0:04,0,4,358072,0,245k,0,342236,315,9,276,30,0,98.9,1.1,0.0,0.0,0.0,0.0,0.0,0.0,15794.9 MiB,4257.2 MiB,2464.6 MiB,9073.1 MiB,4096.0 MiB,3680.7 MiB,415.2 MiB,12723.5 MiB
9,Python 3.10.11,binarytrees.py 21,9,1694299933,1334481,python,0:04.86,502816,342236,6840,0.0,2.1,3,0,0:04,0,4,358072,0,245k,0,342236,315,9,276,30,0,97.8,2.2,0.0,0.0,0.0,0.0,0.0,0.0,15794.9 MiB,4254.4 MiB,2467.3 MiB,9073.1 MiB,4096.0 MiB,3680.7 MiB,415.2 MiB,12720.8 MiB
9,Python 3.10.11,binarytrees.py 21,10,1694299934,1334481,python,0:04.86,502816,342236,6840,0.0,2.1,3,0,0:04,0,4,358072,0,245k,0,342236,315,9,276,30,0,97.2,2.8,0.0,0.0,0.0,0.0,0.0,0.0,15794.9 MiB,4238.6 MiB,2483.1 MiB,9073.1 MiB,4096.0 MiB,3680.7 MiB,415.2 MiB,12705.0 MiB
9,Python 3.10.11,binarytrees.py 21,11,1694299935,1334481,python,0:04.86,502816,342236,6840,0.0,2.1,3,0,0:04,0,4,358072,0,245k,0,342236,315,9,276,30,0,97.4,2.6,0.0,0.0,0.0,0.0,0.0,0.0,15794.9 MiB,4253.9 MiB,2467.8 MiB,9073.1 MiB,4096.0 MiB,3680.7 MiB,415.2 MiB,12720.3 MiB
9,Python 3.10.11,binarytrees.py 21,12,1694299937,1334481,python,0:04.86,502816,342236,6840,0.0,2.1,3,0,0:04,0,4,358072,0,245k,0,342236,315,9,276,30,0,98.3,1.7,0.0,0.0,0.0,0.0,0.0,0.0,15794.9 MiB,4252.2 MiB,2469.6 MiB,9073.1 MiB,4096.0 MiB,3680.7 MiB,415.2 MiB,12718.6 MiB
9,Python 3.10.11,binarytrees.py 21,13,1694299938,1334481,python,0:04.86,502816,342236,6840,0.0,2.1,3,0,0:04,0,4,358072,0,245k,0,342236,315,9,276,30,0,95.6,4.4,0.0,0.0,0.0,0.0,0.0,0.0,15794.9 MiB,4251.4 MiB,2470.3 MiB,9073.1 MiB,4096.0 MiB,3680.7 MiB,415.2 MiB,12717.8 MiB
9,Python 3.10.11,binarytrees.py 21,14,1694299939,1334481,python,0:04.86,502816,342236,6840,0.0,2.1,3,0,0:04,0,4,358072,0,245k,0,342236,315,9,276,30,0,97.2,2.8,0.0,0.0,0.0,0.0,0.0,0.0,15794.9 MiB,4240.1 MiB,2481.6 MiB,9073.1 MiB,4096.0 MiB,3680.7 MiB,415.2 MiB,12706.5 MiB
9,Python 3.10.11,binarytrees.py 21,15,1694299941,1334481,python,0:04.86,502816,342236,6840,0.0,2.1,3,0,0:04,0,4,358072,0,245k,0,342236,315,9,276,30,0,97.9,2.1,0.0,0.0,0.0,0.0,0.0,0.0,15794.9 MiB,4249.5 MiB,2472.3 MiB,9073.1 MiB,4096.0 MiB,3680.7 MiB,415.2 MiB,12715.9 MiB
9,Python 3.10.11,binarytrees.py 21,16,1694299942,1334481,python,0:04.86,502816,342236,6840,0.0,2.1,3,0,0:04,0,4,358072,0,245k,0,342236,315,9,276,30,0,98.4,1.6,0.0,0.0,0.0,0.0,0.0,0.0,15794.9 MiB,4248.0 MiB,2473.7 MiB,9073.1 MiB,4096.0 MiB,3680.7 MiB,415.2 MiB,12714.4 MiB
9,Python 3.10.11,binarytrees.py 21,17,1694299943,1334481,python,0:04.86,502816,342236,6840,0.0,2.1,3,0,0:04,0,4,358072,0,245k,0,342236,315,9,276,30,0,97.4,2.6,0.0,0.0,0.0,0.0,0.0,0.0,15794.9 MiB,4248.1 MiB,2473.6 MiB,9073.1 MiB,4096.0 MiB,3680.7 MiB,415.2 MiB,12714.5 MiB
9,Python 3.10.11,binarytrees.py 21,18,1694299945,1334481,python,0:04.86,502816,342236,6840,0.0,2.1,3,0,0:04,0,4,358072,0,245k,0,342236,315,9,276,30,0,97.9,2.1,0.0,0.0,0.0,0.0,0.0,0.0,15794.9 MiB,4235.0 MiB,2486.8 MiB,9073.1 MiB,4096.0 MiB,3680.7 MiB,415.2 MiB,12701.4 MiB
9,Python 3.10.11,binarytrees.py 21,19,1694299946,1334481,python,0:04.86,502816,342236,6840,0.0,2.1,3,0,0:04,0,4,358072,0,245k,0,342236,315,9,276,30,0,97.3,2.7,0.0,0.0,0.0,0.0,0.0,0.0,15794.9 MiB,4246.6 MiB,2475.1 MiB,9073.1 MiB,4096.0 MiB,3680.7 MiB,415.2 MiB,12713.0 MiB
9,Python 3.10.11,binarytrees.py 21,20,1694299947,1334481,python,0:04.86,502816,342236,6840,0.0,2.1,3,0,0:04,0,4,358072,0,245k,0,342236,315,9,276,30,0,97.8,2.2,0.0,0.0,0.0,0.0,0.0,0.0,15794.9 MiB,4245.8 MiB,2475.9 MiB,9073.2 MiB,4096.0 MiB,3680.7 MiB,415.2 MiB,12712.3 MiB
9,Python 3.10.11,binarytrees.py 21,21,1694299949,1334481,python,0:04.86,502816,342236,6840,0.0,2.1,3,0,0:04,0,4,358072,0,245k,0,342236,315,9,276,30,0,97.8,2.2,0.0,0.0,0.0,0.0,0.0,0.0,15794.9 MiB,4245.1 MiB,2476.7 MiB,9073.2 MiB,4096.0 MiB,3680.7 MiB,415.2 MiB,12711.5 MiB
9,Python 3.10.11,binarytrees.py 21,22,1694299950,1334481,python,0:04.86,502816,342236,6840,0.0,2.1,3,0,0:04,0,4,358072,0,245k,0,342236,315,9,276,30,0,97.8,2.2,0.0,0.0,0.0,0.0,0.0,0.0,15794.9 MiB,4244.6 MiB,2477.2 MiB,9073.2 MiB,4096.0 MiB,3680.7 MiB,415.2 MiB,12711.0 MiB
9,Python 3.10.11,binarytrees.py 21,23,1694299951,1334481,python,0:04.86,502816,342236,6840,0.0,2.1,3,0,0:04,0,4,358072,0,245k,0,342236,315,9,276,30,0,96.6,3.4,0.0,0.0,0.0,0.0,0.0,0.0,15794.9 MiB,4237.9 MiB,2483.8 MiB,9073.2 MiB,4096.0 MiB,3680.7 MiB,415.2 MiB,12704.4 MiB
9,Python 3.10.11,binarytrees.py 21,24,1694299952,1334481,python,0:04.86,502816,342236,6840,0.0,2.1,3,0,0:04,0,4,358072,0,245k,0,342236,314,9,275,30,0,97.8,2.2,0.0,0.0,0.0,0.0,0.0,0.0,15794.9 MiB,4241.9 MiB,2479.8 MiB,9073.2 MiB,4096.0 MiB,3680.7 MiB,415.2 MiB,12708.3 MiB
9,Python 3.10.11,binarytrees.py 21,25,1694299954,1334481,python,0:04.86,502816,342236,6840,0.0,2.1,3,0,0:04,0,4,358072,0,245k,0,342236,314,9,275,30,0,97.8,2.2,0.0,0.0,0.0,0.0,0.0,0.0,15794.9 MiB,4240.5 MiB,2481.2 MiB,9073.2 MiB,4096.0 MiB,3680.7 MiB,415.2 MiB,12706.9 MiB
9,Python 3.10.11,binarytrees.py 21,26,1694299955,1334481,python,0:04.86,502816,342236,6840,0.0,2.1,3,0,0:04,0,4,358072,0,245k,0,342236,314,9,275,30,0,98.3,1.7,0.0,0.0,0.0,0.0,0.0,0.0,15794.9 MiB,4240.0 MiB,2481.7 MiB,9073.2 MiB,4096.0 MiB,3680.7 MiB,415.2 MiB,12706.4 MiB
9,Python 3.10.11,binarytrees.py 21,27,1694299956,1334481,python,0:04.86,502816,342236,6840,0.0,2.1,3,0,0:04,0,4,358072,0,245k,0,342236,314,9,275,30,0,97.9,2.1,0.0,0.0,0.0,0.0,0.0,0.0,15794.9 MiB,4238.2 MiB,2483.4 MiB,9073.2 MiB,4096.0 MiB,3680.7 MiB,415.2 MiB,12704.7 MiB
9,Python 3.10.11,binarytrees.py 21,28,1694299958,1334481,python,0:04.86,502816,342236,6840,0.0,2.1,3,0,0:04,0,4,358072,0,245k,0,342236,314,9,275,30,0,97.6,2.4,0.0,0.0,0.0,0.0,0.0,0.0,15794.9 MiB,4232.0 MiB,2489.7 MiB,9073.2 MiB,4096.0 MiB,3680.7 MiB,415.2 MiB,12698.5 MiB
9,Python 3.10.11,binarytrees.py 21,29,1694299959,1334481,python,0:04.86,502816,342236,6840,0.0,2.1,3,0,0:04,0,4,358072,0,245k,0,342236,314,9,275,30,0,98.3,1.7,0.0,0.0,0.0,0.0,0.0,0.0,15794.9 MiB,4238.0 MiB,2483.7 MiB,9073.2 MiB,4096.0 MiB,3680.7 MiB,415.2 MiB,12704.4 MiB
9,Python 3.10.11,binarytrees.py 21,30,1694299960,1334481,python,0:04.86,502816,342236,6840,0.0,2.1,3,0,0:04,0,4,358072,0,245k,0,342236,314,9,275,30,0,98.3,1.7,0.0,0.0,0.0,0.0,0.0,0.0,15794.9 MiB,4236.5 MiB,2485.2 MiB,9073.2 MiB,4096.0 MiB,3680.7 MiB,415.2 MiB,12702.9 MiB
9,Python 3.10.11,binarytrees.py 21,31,1694299962,1334481,python,0:04.86,502816,342236,6840,0.0,2.1,3,0,0:04,0,4,358072,0,245k,0,342236,314,9,275,30,0,96.4,3.1,0.0,0.5,0.0,0.0,0.0,0.0,15794.9 MiB,4236.7 MiB,2484.2 MiB,9073.9 MiB,4096.0 MiB,3680.7 MiB,415.2 MiB,12703.9 MiB
9,Python 3.10.11,binarytrees.py 21,32,1694299963,1334481,python,0:04.86,502816,342236,6840,0.0,2.1,3,0,0:04,0,4,358072,0,245k,0,342236,314,9,275,30,0,97.8,2.2,0.0,0.0,0.0,0.0,0.0,0.0,15794.9 MiB,4234.9 MiB,2485.9 MiB,9074.0 MiB,4096.0 MiB,3680.7 MiB,415.2 MiB,12702.3 MiB
9,Python 3.10.11,binarytrees.py 21,33,1694299964,1334481,python,0:04.86,502816,342236,6840,0.0,2.1,3,0,0:04,0,4,358072,0,245k,0,342236,314,9,275,30,0,97.2,2.8,0.0,0.0,0.0,0.0,0.0,0.0,15794.9 MiB,4233.4 MiB,2487.4 MiB,9074.0 MiB,4096.0 MiB,3680.7 MiB,415.2 MiB,12700.8 MiB
9,Python 3.10.11,binarytrees.py 21,34,1694299966,1334481,python,0:04.86,502816,342236,6840,0.0,2.1,3,0,0:04,0,4,358072,0,245k,0,342236,314,9,275,30,0,97.8,2.2,0.0,0.0,0.0,0.0,0.0,0.0,15794.9 MiB,4232.0 MiB,2488.8 MiB,9074.0 MiB,4096.0 MiB,3680.7 MiB,415.2 MiB,12699.4 MiB
9,Python 3.10.11,binarytrees.py 21,35,1694299967,1334481,python,0:04.86,502816,342236,6840,0.0,2.1,3,0,0:04,0,4,358072,0,245k,0,342236,314,9,275,30,0,98.5,1.5,0.0,0.0,0.0,0.0,0.0,0.0,15794.9 MiB,4231.4 MiB,2489.4 MiB,9074.1 MiB,4096.0 MiB,3680.7 MiB,415.2 MiB,12698.8 MiB
9,Python 3.10.11,binarytrees.py 21,36,1694299968,1334481,python,0:04.86,502816,342236,6840,0.0,2.1,3,0,0:04,0,4,358072,0,245k,0,342236,314,9,275,30,0,98.0,2.0,0.0,0.0,0.0,0.0,0.0,0.0,15794.9 MiB,4229.6 MiB,2491.2 MiB,9074.1 MiB,4096.0 MiB,3680.7 MiB,415.2 MiB,12696.9 MiB
9,Python 3.10.11,binarytrees.py 21,37,1694299970,1334481,python,0:04.86,502816,342236,6840,0.0,2.1,3,0,0:04,0,4,358072,0,245k,0,342236,314,9,275,30,0,98.9,1.1,0.0,0.0,0.0,0.0,0.0,0.0,15794.9 MiB,4229.1 MiB,2491.7 MiB,9074.1 MiB,4096.0 MiB,3680.7 MiB,415.2 MiB,12696.4 MiB
9,Python 3.10.11,binarytrees.py 21,38,1694299971,1334481,python,0:04.86,502816,342236,6840,0.0,2.1,3,0,0:04,0,4,358072,0,245k,0,342236,314,9,275,30,0,97.3,2.7,0.0,0.0,0.0,0.0,0.0,0.0,15794.9 MiB,4227.4 MiB,2493.4 MiB,9074.1 MiB,4096.0 MiB,3680.7 MiB,415.2 MiB,12694.7 MiB
9,Python 3.10.11,binarytrees.py 21,39,1694299972,1334481,python,0:04.86,502816,342236,6840,0.0,2.1,3,0,0:04,0,4,358072,0,245k,0,342236,314,9,275,30,0,97.7,2.3,0.0,0.0,0.0,0.0,0.0,0.0,15794.9 MiB,4226.9 MiB,2493.9 MiB,9074.1 MiB,4096.0 MiB,3680.7 MiB,415.2 MiB,12694.2 MiB
9,Python 3.10.11,binarytrees.py 21,40,1694299974,1334481,python,0:04.86,502816,342236,6840,0.0,2.1,3,0,0:04,0,4,358072,0,245k,0,342236,314,9,275,30,0,97.9,2.1,0.0,0.0,0.0,0.0,0.0,0.0,15794.9 MiB,4226.6 MiB,2494.2 MiB,9074.1 MiB,4096.0 MiB,3680.7 MiB,415.2 MiB,12694.0 MiB
9,Python 3.10.11,binarytrees.py 21,41,1694299975,1334481,python,0:04.86,502816,342236,6840,0.0,2.1,3,0,0:04,0,4,358072,0,245k,0,342236,314,9,275,30,0,97.8,2.2,0.0,0.0,0.0,0.0,0.0,0.0,15794.9 MiB,4226.9 MiB,2493.9 MiB,9074.1 MiB,4096.0 MiB,3680.7 MiB,415.2 MiB,12694.2 MiB
9,Python 3.10.11,binarytrees.py 21,42,1694299976,1334481,python,0:04.86,502816,342236,6840,0.0,2.1,3,0,0:04,0,4,358072,0,245k,0,342236,314,9,275,30,0,98.3,1.7,0.0,0.0,0.0,0.0,0.0,0.0,15794.9 MiB,4226.6 MiB,2494.1 MiB,9074.1 MiB,4096.0 MiB,3680.7 MiB,415.2 MiB,12694.0 MiB
9,Python 3.10.11,binarytrees.py 21,43,1694299978,1334481,python,0:04.86,502816,342236,6840,0.0,2.1,3,0,0:04,0,4,358072,0,245k,0,342236,314,9,275,30,0,98.3,1.7,0.0,0.0,0.0,0.0,0.0,0.0,15794.9 MiB,4226.4 MiB,2494.4 MiB,9074.1 MiB,4096.0 MiB,3680.7 MiB,415.2 MiB,12693.8 MiB
9,Python 3.10.11,binarytrees.py 21,44,1694299979,1334481,python,0:04.86,502816,342236,6840,0.0,2.1,3,0,0:04,0,4,358072,0,245k,0,342236,314,9,275,30,0,97.7,2.3,0.0,0.0,0.0,0.0,0.0,0.0,15794.9 MiB,4226.2 MiB,2494.6 MiB,9074.1 MiB,4096.0 MiB,3680.7 MiB,415.2 MiB,12693.5 MiB
9,Python 3.10.11,binarytrees.py 21,45,1694299980,1334481,python,0:04.86,502816,342236,6840,0.0,2.1,3,0,0:04,0,4,358072,0,245k,0,342236,314,9,275,30,0,98.3,1.7,0.0,0.0,0.0,0.0,0.0,0.0,15794.9 MiB,4225.9 MiB,2495.1 MiB,9073.8 MiB,4096.0 MiB,3680.7 MiB,415.2 MiB,12693.3 MiB
9,Python 3.10.11,binarytrees.py 21,46,1694299982,1334481,python,0:04.86,502816,342236,6840,0.0,2.1,3,0,0:04,0,4,358072,0,245k,0,342236,314,9,275,30,0,98.8,1.2,0.0,0.0,0.0,0.0,0.0,0.0,15794.9 MiB,4225.9 MiB,2495.1 MiB,9073.8 MiB,4096.0 MiB,3680.7 MiB,415.2 MiB,12693.3 MiB
9,Python 3.10.11,binarytrees.py 21,47,1694299983,1334481,python,0:04.86,502816,342236,6840,0.0,2.1,3,0,0:04,0,4,358072,0,245k,0,342236,314,9,275,30,0,98.4,1.6,0.0,0.0,0.0,0.0,0.0,0.0,15794.9 MiB,4225.9 MiB,2495.1 MiB,9073.8 MiB,4096.0 MiB,3680.7 MiB,415.2 MiB,12693.3 MiB
9,Python 3.10.11,binarytrees.py 21,48,1694299984,1334481,python,0:04.86,502816,342236,6840,0.0,2.1,3,0,0:04,0,4,358072,0,245k,0,342236,314,9,275,30,0,98.3,1.7,0.0,0.0,0.0,0.0,0.0,0.0,15794.9 MiB,4225.7 MiB,2495.4 MiB,9073.8 MiB,4096.0 MiB,3680.7 MiB,415.2 MiB,12693.0 MiB
9,Python 3.10.11,binarytrees.py 21,49,1694299986,1334481,python,0:04.86,502816,342236,6840,0.0,2.1,3,0,0:04,0,4,358072,0,245k,0,342236,313,9,274,30,0,97.5,2.5,0.0,0.0,0.0,0.0,0.0,0.0,15794.9 MiB,4224.7 MiB,2496.4 MiB,9073.8 MiB,4096.0 MiB,3680.7 MiB,415.2 MiB,12692.0 MiB
9,Python 3.10.11,binarytrees.py 21,50,1694299987,1334481,python,0:04.86,502816,342236,6840,0.0,2.1,3,0,0:04,0,4,358072,0,245k,0,342236,313,9,274,30,0,97.8,2.2,0.0,0.0,0.0,0.0,0.0,0.0,15794.9 MiB,4224.4 MiB,2496.6 MiB,9073.8 MiB,4096.0 MiB,3680.7 MiB,415.2 MiB,12691.8 MiB
9,Python 3.10.11,binarytrees.py 21,51,1694299988,1334481,python,0:04.86,502816,342236,6840,0.0,2.1,3,0,0:04,0,4,358072,0,245k,0,342236,313,9,274,30,0,98.0,2.0,0.0,0.0,0.0,0.0,0.0,0.0,15794.9 MiB,4224.7 MiB,2496.3 MiB,9073.8 MiB,4096.0 MiB,3680.7 MiB,415.2 MiB,12692.0 MiB
9,Python 3.10.11,binarytrees.py 21,52,1694299990,1334481,python,0:04.86,502816,342236,6840,0.0,2.1,3,0,0:04,0,4,358072,0,245k,0,342236,313,10,273,30,0,98.3,1.7,0.0,0.0,0.0,0.0,0.0,0.0,15794.9 MiB,4224.4 MiB,2496.6 MiB,9073.8 MiB,4096.0 MiB,3680.7 MiB,415.2 MiB,12691.8 MiB
9,Python 3.10.11,binarytrees.py 21,53,1694299991,1334481,python,0:04.86,502816,342236,6840,0.0,2.1,3,0,0:04,0,4,358072,0,245k,0,342236,313,9,274,30,0,97.8,2.2,0.0,0.0,0.0,0.0,0.0,0.0,15794.9 MiB,4223.9 MiB,2497.1 MiB,9073.8 MiB,4096.0 MiB,3680.7 MiB,415.2 MiB,12691.3 MiB
9,Python 3.10.11,binarytrees.py 21,54,1694299992,1334481,python,0:04.86,502816,342236,6840,0.0,2.1,3,0,0:04,0,4,358072,0,245k,0,342236,313,9,274,30,0,98.9,1.1,0.0,0.0,0.0,0.0,0.0,0.0,15794.9 MiB,4223.5 MiB,2497.5 MiB,9073.8 MiB,4096.0 MiB,3680.7 MiB,415.2 MiB,12690.9 MiB
9,Python 3.10.11,binarytrees.py 21,55,1694299994,1334481,python,0:04.86,502816,342236,6840,0.0,2.1,3,0,0:04,0,4,358072,0,245k,0,342236,313,9,274,30,0,98.3,1.7,0.0,0.0,0.0,0.0,0.0,0.0,15794.9 MiB,4223.5 MiB,2497.6 MiB,9073.9 MiB,4096.0 MiB,3680.7 MiB,415.2 MiB,12690.8 MiB
9,Python 3.10.11,binarytrees.py 21,56,1694299995,1334481,python,0:04.86,502816,342236,6840,0.0,2.1,3,0,0:04,0,4,358072,0,245k,0,342236,313,9,274,30,0,97.2,2.8,0.0,0.0,0.0,0.0,0.0,0.0,15794.9 MiB,4223.5 MiB,2497.6 MiB,9073.9 MiB,4096.0 MiB,3680.7 MiB,415.2 MiB,12690.8 MiB
9,Python 3.10.11,binarytrees.py 21,57,1694299996,1334481,python,0:04.86,502816,342236,6840,0.0,2.1,3,0,0:04,0,4,358072,0,245k,0,342236,313,9,274,30,0,97.8,2.2,0.0,0.0,0.0,0.0,0.0,0.0,15794.9 MiB,4223.2 MiB,2497.8 MiB,9073.9 MiB,4096.0 MiB,3680.7 MiB,415.2 MiB,12690.6 MiB
9,Python 3.10.11,binarytrees.py 21,58,1694299998,1334481,python,0:04.86,502816,342236,6840,0.0,2.1,3,0,0:04,0,4,358072,0,245k,0,342236,313,9,274,30,0,97.8,2.2,0.0,0.0,0.0,0.0,0.0,0.0,15794.9 MiB,4222.5 MiB,2498.5 MiB,9073.9 MiB,4096.0 MiB,3680.7 MiB,415.2 MiB,12689.9 MiB
9,Python 3.10.11,binarytrees.py 21,59,1694299999,1334481,python,0:04.86,502816,342236,6840,0.0,2.1,3,0,0:04,0,4,358072,0,245k,0,342236,313,9,274,30,0,98.2,1.8,0.0,0.0,0.0,0.0,0.0,0.0,15794.9 MiB,4222.0 MiB,2499.0 MiB,9073.9 MiB,4096.0 MiB,3680.7 MiB,415.2 MiB,12689.4 MiB
9,Python 3.10.11,binarytrees.py 21,60,1694300000,1334481,python,0:04.86,502816,342236,6840,0.0,2.1,3,0,0:04,0,4,358072,0,245k,0,342236,313,9,274,30,0,98.8,1.2,0.0,0.0,0.0,0.0,0.0,0.0,15794.9 MiB,4221.7 MiB,2499.3 MiB,9073.9 MiB,4096.0 MiB,3680.7 MiB,415.2 MiB,12689.1 MiB
9,Python 3.10.11,binarytrees.py 21,61,1694300002,1334481,python,0:04.86,502816,342236,6840,0.0,2.1,3,0,0:04,0,4,358072,0,245k,0,342236,313,9,274,30,0,98.3,1.7,0.0,0.0,0.0,0.0,0.0,0.0,15794.9 MiB,4221.5 MiB,2499.5 MiB,9073.9 MiB,4096.0 MiB,3680.7 MiB,415.2 MiB,12688.9 MiB
9,Python 3.10.11,binarytrees.py 21,62,1694300003,1334481,python,0:04.86,502816,342236,6840,0.0,2.1,3,0,0:04,0,4,358072,0,245k,0,342236,313,9,274,30,0,98.2,1.8,0.0,0.0,0.0,0.0,0.0,0.0,15794.9 MiB,4221.5 MiB,2499.5 MiB,9073.9 MiB,4096.0 MiB,3680.7 MiB,415.2 MiB,12688.9 MiB
9,Python 3.10.11,binarytrees.py 21,63,1694300004,1334481,python,0:04.86,502816,342236,6840,0.0,2.1,3,0,0:04,0,4,358072,0,245k,0,342236,313,9,274,30,0,97.8,2.2,0.0,0.0,0.0,0.0,0.0,0.0,15794.9 MiB,4221.5 MiB,2499.5 MiB,9073.9 MiB,4096.0 MiB,3680.7 MiB,415.2 MiB,12688.9 MiB
9,Python 3.10.11,binarytrees.py 21,64,1694300005,1334481,python,0:04.86,502816,342236,6840,0.0,2.1,3,0,0:04,0,4,358072,0,245k,0,342236,313,9,274,30,0,97.8,2.2,0.0,0.0,0.0,0.0,0.0,0.0,15794.9 MiB,4220.7 MiB,2500.2 MiB,9073.9 MiB,4096.0 MiB,3680.7 MiB,415.2 MiB,12688.2 MiB
9,Python 3.10.11,binarytrees.py 21,65,1694300007,1334481,python,0:04.86,502816,342236,6840,0.0,2.1,3,0,0:04,0,4,358072,0,245k,0,342236,313,9,274,30,0,98.3,1.7,0.0,0.0,0.0,0.0,0.0,0.0,15794.9 MiB,4220.7 MiB,2500.2 MiB,9073.9 MiB,4096.0 MiB,3680.7 MiB,415.2 MiB,12688.2 MiB
9,Python 3.10.11,binarytrees.py 21,66,1694300008,1334481,python,0:04.86,502816,342236,6840,0.0,2.1,3,0,0:04,0,4,358072,0,245k,0,342236,313,9,274,30,0,97.8,2.2,0.0,0.0,0.0,0.0,0.0,0.0,15794.9 MiB,4221.0 MiB,2500.0 MiB,9073.9 MiB,4096.0 MiB,3680.7 MiB,415.2 MiB,12688.4 MiB
9,Python 3.10.11,binarytrees.py 21,67,1694300009,1334481,python,0:04.86,502816,342236,6840,0.0,2.1,3,0,0:04,0,4,358072,0,245k,0,342236,313,9,274,30,0,97.8,2.2,0.0,0.0,0.0,0.0,0.0,0.0,15794.9 MiB,4220.7 MiB,2500.2 MiB,9073.9 MiB,4096.0 MiB,3680.7 MiB,415.2 MiB,12688.2 MiB
9,Python 3.10.11,binarytrees.py 21,68,1694300011,1334481,python,0:04.86,502816,342236,6840,0.0,2.1,3,0,0:04,0,4,358072,0,245k,0,342236,313,9,274,30,0,98.9,1.1,0.0,0.0,0.0,0.0,0.0,0.0,15794.9 MiB,4220.7 MiB,2500.2 MiB,9073.9 MiB,4096.0 MiB,3680.7 MiB,415.2 MiB,12688.2 MiB
9,Python 3.10.11,binarytrees.py 21,69,1694300012,1334481,python,0:04.86,502816,342236,6840,0.0,2.1,3,0,0:04,0,4,358072,0,245k,0,342236,313,9,274,30,0,96.9,3.1,0.0,0.0,0.0,0.0,0.0,0.0,15794.9 MiB,4201.6 MiB,2512.5 MiB,9080.8 MiB,4096.0 MiB,3680.7 MiB,415.2 MiB,12669.0 MiB
9,Python 3.10.11,binarytrees.py 21,70,1694300013,1334481,python,0:04.86,502816,342236,6840,0.0,2.1,3,0,0:04,0,4,358072,0,245k,0,342236,313,9,274,30,0,98.3,1.7,0.0,0.0,0.0,0.0,0.0,0.0,15794.9 MiB,4076.8 MiB,2636.9 MiB,9081.1 MiB,4096.0 MiB,3680.7 MiB,415.2 MiB,12544.3 MiB
9,Python 3.10.11,binarytrees.py 21,71,1694300015,1334481,python,0:04.86,502816,342236,6840,0.0,2.1,3,0,0:04,0,4,358072,0,245k,0,342236,314,9,275,30,0,97.2,2.2,0.0,0.0,0.0,0.0,0.6,0.0,15794.9 MiB,4068.5 MiB,2652.2 MiB,9074.2 MiB,4096.0 MiB,3680.7 MiB,415.2 MiB,12535.9 MiB
9,Python 3.10.11,binarytrees.py 21,72,1694300016,1334481,python,0:04.86,502816,342236,6840,0.0,2.1,3,0,0:04,0,4,358072,0,245k,0,342236,314,8,276,30,0,86.0,4.5,0.0,9.6,0.0,0.0,0.0,0.0,15794.9 MiB,3938.5 MiB,2775.2 MiB,9081.2 MiB,4096.0 MiB,3680.7 MiB,415.2 MiB,12406.0 MiB
9,Python 3.10.11,binarytrees.py 21,73,1694300017,1334481,python,0:04.86,502816,342236,6840,0.0,2.1,3,4,0:04,0,4,358072,0,245k,0,342236,314,5,279,30,0,52.9,3.3,0.0,43.1,0.0,0.0,0.7,0.0,15794.9 MiB,4071.7 MiB,2642.1 MiB,9081.1 MiB,4096.0 MiB,3680.7 MiB,415.2 MiB,12539.1 MiB
9,Python 3.10.11,binarytrees.py 21,74,1694300018,1334481,python,0:04.86,502816,342236,6840,0.0,2.1,3,6,0:04,0,4,358072,0,245k,0,342236,314,2,282,30,0,13.9,1.5,0.0,84.7,0.0,0.0,0.0,0.0,15794.9 MiB,4147.0 MiB,2566.8 MiB,9081.1 MiB,4096.0 MiB,3680.7 MiB,415.2 MiB,12614.4 MiB
9,Python 3.10.11,binarytrees.py 21,75,1694300020,1334481,python,0:04.86,502816,342236,6840,0.0,2.1,3,6,0:04,0,4,358072,0,245k,0,342236,314,2,282,30,0,12.8,1.5,0.0,85.7,0.0,0.0,0.0,0.0,15794.9 MiB,4100.0 MiB,2620.8 MiB,9074.1 MiB,4096.0 MiB,3680.7 MiB,415.2 MiB,12567.5 MiB
9,Python 3.10.11,binarytrees.py 21,76,1694300021,1334481,python,0:04.86,502816,342236,6840,0.0,2.1,3,6,0:04,0,4,358072,0,245k,0,342236,315,2,283,30,0,12.1,2.3,0.0,85.6,0.0,0.0,0.0,0.0,15794.9 MiB,4008.8 MiB,2712.0 MiB,9074.1 MiB,4096.0 MiB,3680.7 MiB,415.2 MiB,12476.2 MiB
9,Python 3.10.11,binarytrees.py 21,77,1694300022,1334481,python,0:04.86,502816,342236,6840,0.0,2.1,3,6,0:04,0,4,358072,0,245k,0,342236,315,2,283,30,0,12.9,0.8,0.0,86.4,0.0,0.0,0.0,0.0,15794.9 MiB,4139.5 MiB,2581.3 MiB,9074.1 MiB,4096.0 MiB,3680.7 MiB,415.2 MiB,12607.0 MiB
9,Python 3.10.11,binarytrees.py 21,78,1694300023,1334481,python,0:04.86,502816,342236,6840,0.0,2.1,3,6,0:04,0,4,358072,0,245k,0,342236,315,2,283,30,0,11.4,2.3,0.0,86.4,0.0,0.0,0.0,0.0,15794.9 MiB,4071.0 MiB,2649.8 MiB,9074.1 MiB,4096.0 MiB,3680.7 MiB,415.2 MiB,12538.4 MiB
9,Python 3.10.11,binarytrees.py 21,79,1694300024,1334481,python,0:04.86,502816,342236,6840,0.0,2.1,3,6,0:04,0,4,358072,0,245k,0,342236,315,2,283,30,0,11.2,3.7,0.0,85.1,0.0,0.0,0.0,0.0,15794.9 MiB,4127.1 MiB,2593.7 MiB,9074.1 MiB,4096.0 MiB,3680.7 MiB,415.2 MiB,12594.5 MiB
9,Python 3.10.11,binarytrees.py 21,80,1694300026,1334481,python,0:04.86,502816,342236,6840,0.0,2.1,3,6,0:04,0,4,358072,0,245k,0,342236,315,2,283,30,0,14.2,0.0,0.0,85.1,0.7,0.0,0.0,0.0,15794.9 MiB,4138.4 MiB,2582.3 MiB,9074.1 MiB,4096.0 MiB,3680.7 MiB,415.2 MiB,12605.9 MiB
9,Python 3.10.11,binarytrees.py 21,81,1694300027,1334481,python,0:04.86,502816,342236,6840,0.0,2.1,3,6,0:04,0,4,358072,0,245k,0,342236,315,2,283,30,0,11.9,3.0,0.0,85.1,0.0,0.0,0.0,0.0,15794.9 MiB,4048.3 MiB,2672.4 MiB,9074.1 MiB,4096.0 MiB,3680.7 MiB,415.2 MiB,12515.8 MiB
9,Python 3.10.11,binarytrees.py 21,82,1694300028,1334481,python,0:04.86,502816,342236,6840,0.0,2.1,3,6,0:04,0,4,358072,0,245k,0,342236,315,2,283,30,0,11.5,1.5,0.0,87.0,0.0,0.0,0.0,0.0,15794.9 MiB,4136.4 MiB,2584.3 MiB,9074.1 MiB,4096.0 MiB,3680.7 MiB,415.2 MiB,12603.9 MiB
9,Python 3.10.11,binarytrees.py 21,83,1694300029,1334481,python,0:04.86,502816,342236,6840,0.0,2.1,3,6,0:04,0,4,358072,0,245k,0,342236,315,2,283,30,0,12.8,0.8,0.0,86.5,0.0,0.0,0.0,0.0,15794.9 MiB,4132.8 MiB,2588.0 MiB,9074.1 MiB,4096.0 MiB,3680.7 MiB,415.2 MiB,12600.2 MiB
9,Python 3.10.11,binarytrees.py 21,84,1694300030,1334481,python,0:04.86,502816,342236,6840,0.0,2.1,3,6,0:04,0,4,358072,0,245k,0,342236,315,2,283,30,0,12.6,3.0,0.0,84.4,0.0,0.0,0.0,0.0,15794.9 MiB,4020.0 MiB,2700.7 MiB,9074.1 MiB,4096.0 MiB,3680.7 MiB,415.2 MiB,12487.5 MiB
9,Python 3.10.11,binarytrees.py 21,85,1694300031,1334481,python,0:04.86,502816,342236,6840,0.0,2.1,3,6,0:04,0,4,358072,0,245k,0,342236,315,2,283,30,0,12.2,1.5,0.0,86.3,0.0,0.0,0.0,0.0,15794.9 MiB,4134.9 MiB,2585.8 MiB,9074.1 MiB,4096.0 MiB,3680.7 MiB,415.2 MiB,12602.4 MiB
9,Python 3.10.11,binarytrees.py 21,86,1694300033,1334481,python,0:04.86,502816,342236,6840,0.0,2.1,3,6,0:04,0,4,358072,0,245k,0,342236,315,2,283,30,0,10.6,3.0,0.0,86.4,0.0,0.0,0.0,0.0,15794.9 MiB,4108.4 MiB,2612.3 MiB,9074.1 MiB,4096.0 MiB,3680.7 MiB,415.2 MiB,12575.9 MiB
9,Python 3.10.11,binarytrees.py 21,87,1694300034,1334481,python,0:04.86,502816,342236,6840,0.0,2.1,3,6,0:04,0,4,358072,0,245k,0,342236,315,2,283,30,0,11.2,3.0,0.0,85.8,0.0,0.0,0.0,0.0,15794.9 MiB,4002.6 MiB,2718.1 MiB,9074.1 MiB,4096.0 MiB,3680.7 MiB,415.2 MiB,12470.1 MiB
9,Python 3.10.11,binarytrees.py 21,88,1694300035,1334481,python,0:04.86,502816,342236,6840,0.0,2.1,3,6,0:04,0,4,358072,0,245k,0,342236,315,2,283,30,0,13.4,0.7,0.0,85.8,0.0,0.0,0.0,0.0,15794.9 MiB,4140.8 MiB,2579.9 MiB,9074.1 MiB,4096.0 MiB,3680.7 MiB,415.2 MiB,12608.3 MiB
9,Python 3.10.11,binarytrees.py 21,89,1694300036,1334481,python,0:04.86,502816,342236,6840,0.0,2.1,3,6,0:04,0,4,358072,0,245k,0,342236,315,2,283,30,0,12.1,1.5,0.0,86.4,0.0,0.0,0.0,0.0,15794.9 MiB,4086.0 MiB,2634.7 MiB,9074.1 MiB,4096.0 MiB,3680.7 MiB,415.2 MiB,12553.5 MiB
9,Python 3.10.11,binarytrees.py 21,90,1694300037,1334481,python,0:04.86,502816,342236,6840,0.0,2.1,3,6,0:04,0,4,358072,0,245k,0,342236,315,2,283,30,0,10.6,3.0,0.0,86.4,0.0,0.0,0.0,0.0,15794.9 MiB,4118.7 MiB,2602.0 MiB,9074.2 MiB,4096.0 MiB,3680.7 MiB,415.2 MiB,12586.2 MiB
9,Python 3.10.11,binarytrees.py 21,91,1694300038,1334481,python,0:04.86,502816,342236,6840,0.0,2.1,3,6,0:04,0,4,358072,0,245k,0,342236,315,2,283,30,0,12.9,0.8,0.0,86.4,0.0,0.0,0.0,0.0,15794.9 MiB,4138.7 MiB,2582.0 MiB,9074.2 MiB,4096.0 MiB,3680.7 MiB,415.2 MiB,12606.2 MiB
9,Python 3.10.11,binarytrees.py 21,92,1694300040,1334481,python,0:04.86,502816,342236,6840,0.0,2.1,3,6,0:04,0,4,358072,0,245k,0,342236,315,2,283,30,0,11.5,2.3,0.0,86.3,0.0,0.0,0.0,0.0,15794.9 MiB,4059.7 MiB,2661.0 MiB,9074.2 MiB,4096.0 MiB,3680.7 MiB,415.2 MiB,12527.2 MiB
9,Python 3.10.11,binarytrees.py 21,93,1694300041,1334481,python,0:04.86,502816,342236,6840,0.0,2.1,3,6,0:04,0,4,358072,0,245k,0,342236,315,2,283,30,0,12.9,0.8,0.0,86.4,0.0,0.0,0.0,0.0,15794.9 MiB,4138.5 MiB,2582.2 MiB,9074.2 MiB,4096.0 MiB,3680.7 MiB,415.2 MiB,12606.0 MiB
9,Python 3.10.11,binarytrees.py 21,94,1694300042,1334481,python,0:04.86,502816,342236,6840,0.0,2.1,3,6,0:04,0,4,358072,0,245k,0,342236,315,2,283,30,0,12.7,2.2,0.0,85.1,0.0,0.0,0.0,0.0,15794.9 MiB,4136.9 MiB,2583.8 MiB,9074.2 MiB,4096.0 MiB,3680.7 MiB,415.2 MiB,12604.4 MiB
9,Python 3.10.11,binarytrees.py 21,95,1694300043,1334481,python,0:04.86,502816,342236,6840,0.0,2.1,3,6,0:04,0,4,358072,0,245k,0,342236,315,2,283,30,0,11.3,3.0,0.0,85.7,0.0,0.0,0.0,0.0,15794.9 MiB,4031.6 MiB,2689.1 MiB,9074.2 MiB,4096.0 MiB,3680.7 MiB,415.2 MiB,12499.1 MiB
10,Python 3.10.11,binarytrees.py 21,0,1694300044,1335139,python,0:00.12,49176,41144,6964,70.6,0.3,1,0,0:00,0,4,35248,0,9869,0,41144,307,2,275,30,0,18.3,6.9,0.0,74.8,0.0,0.0,0.0,0.0,15794.9 MiB,4649.1 MiB,2064.7 MiB,9081.0 MiB,4096.0 MiB,3680.7 MiB,415.2 MiB,13116.7 MiB
10,Python 3.10.11,binarytrees.py 21,1,1694300045,1335139,python,0:01.29,485400,477272,6964,93.8,3.0,1,4,0:01,0,4,471472,0,116k,0,477272,307,2,275,30,0,11.5,2.3,0.0,86.3,0.0,0.0,0.0,0.0,15794.9 MiB,4226.5 MiB,2487.1 MiB,9081.2 MiB,4096.0 MiB,3680.7 MiB,415.2 MiB,12694.1 MiB
10,Python 3.10.11,binarytrees.py 21,2,1694300047,1335139,python,0:02.46,678936,671048,6964,100.0,4.1,1,4,0:02,0,4,665008,0,163k,0,671048,307,2,275,30,0,13.5,1.5,0.0,85.0,0.0,0.0,0.0,0.0,15794.9 MiB,4041.5 MiB,2679.2 MiB,9074.2 MiB,4096.0 MiB,3680.7 MiB,415.2 MiB,12509.0 MiB
10,Python 3.10.11,binarytrees.py 21,3,1694300048,1335139,python,0:03.64,58392,50448,6964,100.0,0.3,1,4,0:03,0,4,44464,0,172k,0,50448,307,2,275,30,0,12.1,1.5,0.0,86.4,0.0,0.0,0.0,0.0,15794.9 MiB,4651.5 MiB,2069.1 MiB,9074.2 MiB,4096.0 MiB,3680.7 MiB,415.2 MiB,13119.1 MiB
10,Python 3.10.11,binarytrees.py 21,4,1694300049,1335139,python,0:04.81,350232,342168,6964,100.0,2.1,1,4,0:04,0,4,336304,0,243k,0,342168,307,2,275,30,0,13.4,0.7,0.0,85.8,0.0,0.0,0.0,0.0,15794.9 MiB,4362.9 MiB,2357.8 MiB,9074.2 MiB,4096.0 MiB,3680.7 MiB,415.2 MiB,12830.4 MiB
10,Python 3.10.11,binarytrees.py 21,5,1694300050,1335139,python,0:05.13,497696,342388,6972,0.0,2.1,3,4,0:05,0,4,352952,0,245k,0,342388,315,9,276,30,0,96.5,3.5,0.0,0.0,0.0,0.0,0.0,0.0,15794.9 MiB,4235.7 MiB,2478.0 MiB,9081.2 MiB,4096.0 MiB,3680.7 MiB,415.2 MiB,12703.2 MiB
10,Python 3.10.11,binarytrees.py 21,6,1694300052,1335139,python,0:05.13,497696,342388,6972,0.0,2.1,3,4,0:05,0,4,352952,0,245k,0,342388,315,9,276,30,0,97.3,2.7,0.0,0.0,0.0,0.0,0.0,0.0,15794.9 MiB,4257.9 MiB,2462.8 MiB,9074.2 MiB,4096.0 MiB,3680.7 MiB,415.2 MiB,12725.4 MiB
10,Python 3.10.11,binarytrees.py 21,7,1694300053,1335139,python,0:05.13,497696,342388,6972,0.0,2.1,3,4,0:05,0,4,352952,0,245k,0,342388,315,9,276,30,0,98.5,1.5,0.0,0.0,0.0,0.0,0.0,0.0,15794.9 MiB,4262.2 MiB,2458.4 MiB,9074.3 MiB,4096.0 MiB,3680.7 MiB,415.2 MiB,12729.8 MiB
10,Python 3.10.11,binarytrees.py 21,8,1694300054,1335139,python,0:05.13,497696,342388,6972,0.0,2.1,3,4,0:05,0,4,352952,0,245k,0,342388,315,9,276,30,0,97.4,2.6,0.0,0.0,0.0,0.0,0.0,0.0,15794.9 MiB,4260.4 MiB,2460.2 MiB,9074.3 MiB,4096.0 MiB,3680.7 MiB,415.2 MiB,12727.9 MiB
10,Python 3.10.11,binarytrees.py 21,9,1694300056,1335139,python,0:05.13,497696,342388,6972,0.0,2.1,3,4,0:05,0,4,352952,0,245k,0,342388,315,9,276,30,0,96.7,3.3,0.0,0.0,0.0,0.0,0.0,0.0,15794.9 MiB,4236.4 MiB,2484.2 MiB,9074.2 MiB,4096.0 MiB,3680.7 MiB,415.2 MiB,12704.0 MiB
10,Python 3.10.11,binarytrees.py 21,10,1694300057,1335139,python,0:05.13,497696,342388,6972,0.0,2.1,3,4,0:05,0,4,352952,0,245k,0,342388,315,9,276,30,0,97.8,2.2,0.0,0.0,0.0,0.0,0.0,0.0,15794.9 MiB,4255.1 MiB,2465.5 MiB,9074.2 MiB,4096.0 MiB,3680.7 MiB,415.2 MiB,12722.7 MiB
10,Python 3.10.11,binarytrees.py 21,11,1694300058,1335139,python,0:05.13,497696,342388,6972,0.0,2.1,3,4,0:05,0,4,352952,0,245k,0,342388,315,9,276,30,0,97.9,2.1,0.0,0.0,0.0,0.0,0.0,0.0,15794.9 MiB,4255.6 MiB,2465.0 MiB,9074.2 MiB,4096.0 MiB,3680.7 MiB,415.2 MiB,12723.2 MiB
10,Python 3.10.11,binarytrees.py 21,12,1694300060,1335139,python,0:05.13,497696,342388,6972,0.0,2.1,3,4,0:05,0,4,352952,0,245k,0,342388,315,9,276,30,0,97.8,2.2,0.0,0.0,0.0,0.0,0.0,0.0,15794.9 MiB,4254.6 MiB,2466.0 MiB,9074.2 MiB,4096.0 MiB,3680.7 MiB,415.2 MiB,12722.2 MiB
10,Python 3.10.11,binarytrees.py 21,13,1694300061,1335139,python,0:05.13,497696,342388,6972,0.0,2.1,3,4,0:05,0,4,352952,0,245k,0,342388,315,9,276,30,0,97.3,2.7,0.0,0.0,0.0,0.0,0.0,0.0,15794.9 MiB,4236.2 MiB,2484.4 MiB,9074.2 MiB,4096.0 MiB,3680.7 MiB,415.2 MiB,12703.8 MiB
10,Python 3.10.11,binarytrees.py 21,14,1694300062,1335139,python,0:05.13,497696,342388,6972,0.0,2.1,3,4,0:05,0,4,352952,0,245k,0,342388,315,9,276,30,0,97.4,2.6,0.0,0.0,0.0,0.0,0.0,0.0,15794.9 MiB,4251.4 MiB,2469.2 MiB,9074.2 MiB,4096.0 MiB,3680.7 MiB,415.2 MiB,12719.0 MiB
10,Python 3.10.11,binarytrees.py 21,15,1694300064,1335139,python,0:05.13,497696,342388,6972,0.0,2.1,3,4,0:05,0,4,352952,0,245k,0,342388,315,9,276,30,0,98.9,1.1,0.0,0.0,0.0,0.0,0.0,0.0,15794.9 MiB,4251.4 MiB,2469.2 MiB,9074.2 MiB,4096.0 MiB,3680.7 MiB,415.2 MiB,12719.0 MiB
10,Python 3.10.11,binarytrees.py 21,16,1694300065,1335139,python,0:05.13,497696,342388,6972,0.0,2.1,3,4,0:05,0,4,352952,0,245k,0,342388,315,9,276,30,0,97.8,2.2,0.0,0.0,0.0,0.0,0.0,0.0,15794.9 MiB,4249.4 MiB,2471.3 MiB,9074.2 MiB,4096.0 MiB,3680.7 MiB,415.2 MiB,12717.0 MiB
10,Python 3.10.11,binarytrees.py 21,17,1694300066,1335139,python,0:05.13,497696,342388,6972,0.0,2.1,3,4,0:05,0,4,352952,0,245k,0,342388,315,9,276,30,0,97.7,2.3,0.0,0.0,0.0,0.0,0.0,0.0,15794.9 MiB,4236.2 MiB,2484.4 MiB,9074.2 MiB,4096.0 MiB,3680.7 MiB,415.2 MiB,12703.8 MiB
10,Python 3.10.11,binarytrees.py 21,18,1694300068,1335139,python,0:05.13,497696,342388,6972,0.0,2.1,3,4,0:05,0,4,352952,0,245k,0,342388,315,9,276,30,0,98.3,1.7,0.0,0.0,0.0,0.0,0.0,0.0,15794.9 MiB,4248.3 MiB,2472.4 MiB,9074.2 MiB,4096.0 MiB,3680.7 MiB,415.2 MiB,12715.8 MiB
10,Python 3.10.11,binarytrees.py 21,19,1694300069,1335139,python,0:05.13,497696,342388,6972,0.0,2.1,3,4,0:05,0,4,352952,0,245k,0,342388,315,9,276,30,0,97.9,2.1,0.0,0.0,0.0,0.0,0.0,0.0,15794.9 MiB,4246.6 MiB,2474.0 MiB,9074.2 MiB,4096.0 MiB,3680.7 MiB,415.2 MiB,12714.2 MiB
10,Python 3.10.11,binarytrees.py 21,20,1694300070,1335139,python,0:05.13,497696,342388,6972,0.0,2.1,3,4,0:05,0,4,352952,0,245k,0,342388,315,9,276,30,0,96.6,3.4,0.0,0.0,0.0,0.0,0.0,0.0,15794.9 MiB,4244.3 MiB,2476.3 MiB,9074.2 MiB,4096.0 MiB,3680.7 MiB,415.2 MiB,12711.9 MiB
10,Python 3.10.11,binarytrees.py 21,21,1694300072,1335139,python,0:05.13,497696,342388,6972,0.0,2.1,3,4,0:05,0,4,352952,0,245k,0,342388,315,9,276,30,0,97.7,2.3,0.0,0.0,0.0,0.0,0.0,0.0,15794.9 MiB,4232.5 MiB,2488.1 MiB,9074.3 MiB,4096.0 MiB,3680.7 MiB,415.2 MiB,12700.1 MiB
10,Python 3.10.11,binarytrees.py 21,22,1694300073,1335139,python,0:05.13,497696,342388,6972,0.0,2.1,3,4,0:05,0,4,352952,0,245k,0,342388,315,9,276,30,0,97.6,2.4,0.0,0.0,0.0,0.0,0.0,0.0,15794.9 MiB,4243.6 MiB,2477.0 MiB,9074.3 MiB,4096.0 MiB,3680.7 MiB,415.2 MiB,12711.2 MiB
10,Python 3.10.11,binarytrees.py 21,23,1694300074,1335139,python,0:05.13,497696,342388,6972,0.0,2.1,3,4,0:05,0,4,352952,0,245k,0,342388,315,9,276,30,0,98.4,1.6,0.0,0.0,0.0,0.0,0.0,0.0,15794.9 MiB,4241.9 MiB,2478.7 MiB,9074.3 MiB,4096.0 MiB,3680.7 MiB,415.2 MiB,12709.5 MiB
10,Python 3.10.11,binarytrees.py 21,24,1694300076,1335139,python,0:05.13,497696,342388,6972,0.0,2.1,3,4,0:05,0,4,352952,0,245k,0,342388,315,9,276,30,0,98.4,1.6,0.0,0.0,0.0,0.0,0.0,0.0,15794.9 MiB,4241.4 MiB,2479.2 MiB,9074.3 MiB,4096.0 MiB,3680.7 MiB,415.2 MiB,12709.0 MiB
10,Python 3.10.11,binarytrees.py 21,25,1694300077,1335139,python,0:05.13,497696,342388,6972,0.0,2.1,3,4,0:05,0,4,352952,0,245k,0,342388,316,10,276,30,0,96.2,3.8,0.0,0.0,0.0,0.0,0.0,0.0,15794.9 MiB,4198.6 MiB,2522.0 MiB,9074.3 MiB,4096.0 MiB,3680.7 MiB,415.2 MiB,12666.2 MiB
10,Python 3.10.11,binarytrees.py 21,26,1694300078,1335139,python,0:05.13,497696,342388,6972,0.0,2.1,3,4,0:05,0,4,352952,0,245k,0,342388,318,10,278,30,0,97.5,2.5,0.0,0.0,0.0,0.0,0.0,0.0,15794.9 MiB,4175.4 MiB,2545.2 MiB,9074.3 MiB,4096.0 MiB,3680.7 MiB,415.2 MiB,12643.3 MiB
10,Python 3.10.11,binarytrees.py 21,27,1694300080,1335139,python,0:05.13,497696,342388,6972,0.0,2.1,3,4,0:05,0,4,352952,0,245k,0,342388,318,10,278,30,0,97.4,2.6,0.0,0.0,0.0,0.0,0.0,0.0,15794.9 MiB,4158.2 MiB,2562.3 MiB,9074.3 MiB,4096.0 MiB,3680.7 MiB,415.2 MiB,12625.9 MiB
10,Python 3.10.11,binarytrees.py 21,28,1694300081,1335139,python,0:05.13,497696,342388,6972,0.0,2.1,3,4,0:05,0,4,352952,0,245k,0,342388,318,10,278,30,0,94.9,5.1,0.0,0.0,0.0,0.0,0.0,0.0,15794.9 MiB,4177.0 MiB,2543.4 MiB,9074.5 MiB,4096.0 MiB,3680.7 MiB,415.2 MiB,12644.8 MiB
10,Python 3.10.11,binarytrees.py 21,29,1694300082,1335139,python,0:05.13,497696,342388,6972,0.0,2.1,3,4,0:05,0,4,352952,0,245k,0,342388,318,10,278,30,0,94.3,5.7,0.0,0.0,0.0,0.0,0.0,0.0,15794.9 MiB,4143.0 MiB,2577.5 MiB,9074.3 MiB,4096.0 MiB,3680.7 MiB,415.2 MiB,12610.7 MiB
10,Python 3.10.11,binarytrees.py 21,30,1694300083,1335139,python,0:05.13,497696,342388,6972,0.0,2.1,3,4,0:05,0,4,352952,0,245k,0,342388,318,10,278,30,0,96.6,3.4,0.0,0.0,0.0,0.0,0.0,0.0,15794.9 MiB,4114.5 MiB,2606.2 MiB,9074.2 MiB,4096.0 MiB,3680.7 MiB,415.2 MiB,12582.0 MiB
10,Python 3.10.11,binarytrees.py 21,31,1694300085,1335139,python,0:05.13,497696,342388,6972,0.0,2.1,3,4,0:05,0,4,352952,0,245k,0,342388,317,10,277,30,0,97.9,2.1,0.0,0.0,0.0,0.0,0.0,0.0,15794.9 MiB,4168.7 MiB,2551.7 MiB,9074.5 MiB,4096.0 MiB,3680.7 MiB,415.2 MiB,12636.5 MiB
10,Python 3.10.11,binarytrees.py 21,32,1694300086,1335139,python,0:05.13,497696,342388,6972,0.0,2.1,3,4,0:05,0,4,352952,0,245k,0,342388,317,10,277,30,0,97.9,2.1,0.0,0.0,0.0,0.0,0.0,0.0,15794.9 MiB,4166.5 MiB,2553.9 MiB,9074.5 MiB,4096.0 MiB,3680.7 MiB,415.2 MiB,12634.3 MiB
10,Python 3.10.11,binarytrees.py 21,33,1694300087,1335139,python,0:05.13,497696,342388,6972,0.0,2.1,3,4,0:05,0,4,352952,0,245k,0,342388,317,10,277,30,0,97.2,2.8,0.0,0.0,0.0,0.0,0.0,0.0,15794.9 MiB,4157.2 MiB,2563.2 MiB,9074.5 MiB,4096.0 MiB,3680.7 MiB,415.2 MiB,12625.0 MiB
10,Python 3.10.11,binarytrees.py 21,34,1694300089,1335139,python,0:05.13,497696,342388,6972,0.0,2.1,3,4,0:05,0,4,352952,0,245k,0,342388,317,10,277,30,0,97.9,2.1,0.0,0.0,0.0,0.0,0.0,0.0,15794.9 MiB,4111.0 MiB,2609.4 MiB,9074.5 MiB,4096.0 MiB,3680.7 MiB,415.2 MiB,12578.8 MiB
10,Python 3.10.11,binarytrees.py 21,35,1694300090,1335139,python,0:05.13,497696,342388,6972,0.0,2.1,3,4,0:05,0,4,352952,0,245k,0,342388,317,10,277,30,0,97.4,2.6,0.0,0.0,0.0,0.0,0.0,0.0,15794.9 MiB,4110.0 MiB,2610.3 MiB,9074.5 MiB,4096.0 MiB,3680.7 MiB,415.2 MiB,12577.9 MiB
10,Python 3.10.11,binarytrees.py 21,36,1694300091,1335139,python,0:05.13,497696,342388,6972,0.0,2.1,3,4,0:05,0,4,352952,0,245k,0,342388,317,10,277,30,0,98.5,1.5,0.0,0.0,0.0,0.0,0.0,0.0,15794.9 MiB,4109.8 MiB,2610.6 MiB,9074.5 MiB,4096.0 MiB,3680.7 MiB,415.2 MiB,12577.6 MiB
10,Python 3.10.11,binarytrees.py 21,37,1694300093,1335139,python,0:05.13,497696,342388,6972,0.0,2.1,3,4,0:05,0,4,352952,0,245k,0,342388,317,10,277,30,0,98.9,1.1,0.0,0.0,0.0,0.0,0.0,0.0,15794.9 MiB,4105.4 MiB,2615.0 MiB,9074.5 MiB,4096.0 MiB,3680.7 MiB,415.2 MiB,12573.2 MiB
10,Python 3.10.11,binarytrees.py 21,38,1694300094,1335139,python,0:05.13,497696,342388,6972,0.0,2.1,3,4,0:05,0,4,352952,0,245k,0,342388,317,10,277,30,0,97.3,2.7,0.0,0.0,0.0,0.0,0.0,0.0,15794.9 MiB,4105.1 MiB,2615.2 MiB,9074.5 MiB,4096.0 MiB,3680.7 MiB,415.2 MiB,12573.0 MiB
10,Python 3.10.11,binarytrees.py 21,39,1694300095,1335139,python,0:05.13,497696,342388,6972,0.0,2.1,3,4,0:05,0,4,352952,0,245k,0,342388,317,10,277,30,0,98.0,2.0,0.0,0.0,0.0,0.0,0.0,0.0,15794.9 MiB,4102.7 MiB,2617.7 MiB,9074.5 MiB,4096.0 MiB,3680.7 MiB,415.2 MiB,12570.5 MiB
10,Python 3.10.11,binarytrees.py 21,40,1694300097,1335139,python,0:05.13,497696,342388,6972,0.0,2.1,3,4,0:05,0,4,352952,0,245k,0,342388,317,10,277,30,0,97.9,2.1,0.0,0.0,0.0,0.0,0.0,0.0,15794.9 MiB,4102.4 MiB,2617.9 MiB,9074.5 MiB,4096.0 MiB,3680.7 MiB,415.2 MiB,12570.3 MiB
10,Python 3.10.11,binarytrees.py 21,41,1694300098,1335139,python,0:05.13,497696,342388,6972,0.0,2.1,3,4,0:05,0,4,352952,0,245k,0,342388,317,10,277,30,0,97.8,2.2,0.0,0.0,0.0,0.0,0.0,0.0,15794.9 MiB,4102.4 MiB,2617.9 MiB,9074.5 MiB,4096.0 MiB,3680.7 MiB,415.2 MiB,12570.3 MiB
10,Python 3.10.11,binarytrees.py 21,42,1694300099,1335139,python,0:05.13,497696,342388,6972,0.0,2.1,3,4,0:05,0,4,352952,0,245k,0,342388,317,10,277,30,0,96.9,3.1,0.0,0.0,0.0,0.0,0.0,0.0,15794.9 MiB,4102.4 MiB,2618.1 MiB,9074.3 MiB,4096.0 MiB,3680.7 MiB,415.2 MiB,12570.3 MiB
10,Python 3.10.11,binarytrees.py 21,43,1694300101,1335139,python,0:05.13,497696,342388,6972,0.0,2.1,3,4,0:05,0,4,352952,0,245k,0,342388,317,10,277,30,0,97.4,2.1,0.0,0.5,0.0,0.0,0.0,0.0,15794.9 MiB,4102.4 MiB,2618.1 MiB,9074.3 MiB,4096.0 MiB,3680.7 MiB,415.2 MiB,12570.3 MiB
10,Python 3.10.11,binarytrees.py 21,44,1694300102,1335139,python,0:05.13,497696,342388,6972,0.0,2.1,3,4,0:05,0,4,352952,0,245k,0,342388,317,10,277,30,0,97.8,2.2,0.0,0.0,0.0,0.0,0.0,0.0,15794.9 MiB,4101.9 MiB,2618.6 MiB,9074.3 MiB,4096.0 MiB,3680.7 MiB,415.2 MiB,12569.8 MiB
10,Python 3.10.11,binarytrees.py 21,45,1694300103,1335139,python,0:05.13,497696,342388,6972,0.0,2.1,3,4,0:05,0,4,352952,0,245k,0,342388,317,10,277,30,0,97.8,2.2,0.0,0.0,0.0,0.0,0.0,0.0,15794.9 MiB,4101.9 MiB,2618.6 MiB,9074.3 MiB,4096.0 MiB,3680.7 MiB,415.2 MiB,12569.8 MiB
10,Python 3.10.11,binarytrees.py 21,46,1694300105,1335139,python,0:05.13,497696,342388,6972,0.0,2.1,3,4,0:05,0,4,352952,0,245k,0,342388,317,10,277,30,0,97.3,2.7,0.0,0.0,0.0,0.0,0.0,0.0,15794.9 MiB,4101.9 MiB,2618.6 MiB,9074.3 MiB,4096.0 MiB,3680.7 MiB,415.2 MiB,12569.8 MiB
10,Python 3.10.11,binarytrees.py 21,47,1694300106,1335139,python,0:05.13,497696,342388,6972,0.0,2.1,3,4,0:05,0,4,352952,0,245k,0,342388,320,10,280,30,0,93.7,6.3,0.0,0.0,0.0,0.0,0.0,0.0,15794.9 MiB,4097.0 MiB,2622.3 MiB,9075.5 MiB,4096.0 MiB,3680.7 MiB,415.2 MiB,12565.8 MiB
10,Python 3.10.11,binarytrees.py 21,48,1694300107,1335139,python,0:05.13,497696,342388,6972,0.0,2.1,3,4,0:05,0,4,352952,0,245k,0,342388,318,9,279,30,0,86.4,13.2,0.0,0.4,0.0,0.0,0.0,0.0,15794.9 MiB,4094.1 MiB,2621.7 MiB,9079.1 MiB,4096.0 MiB,3680.7 MiB,415.2 MiB,12566.7 MiB
10,Python 3.10.11,binarytrees.py 21,49,1694300109,1335139,python,0:05.13,497696,342388,6972,0.0,2.1,3,4,0:05,0,4,352952,0,245k,0,342388,319,10,279,30,0,87.0,13.0,0.0,0.0,0.0,0.0,0.0,0.0,15794.9 MiB,4087.2 MiB,2625.7 MiB,9081.9 MiB,4096.0 MiB,3680.7 MiB,415.2 MiB,12562.7 MiB
10,Python 3.10.11,binarytrees.py 21,50,1694300110,1335139,python,0:05.13,497696,342388,6972,0.0,2.1,3,4,0:05,0,4,352952,0,245k,0,342388,317,10,277,30,0,90.8,9.2,0.0,0.0,0.0,0.0,0.0,0.0,15794.9 MiB,4082.4 MiB,2630.3 MiB,9082.2 MiB,4096.0 MiB,3680.7 MiB,415.2 MiB,12558.2 MiB
10,Python 3.10.11,binarytrees.py 21,51,1694300111,1335139,python,0:05.13,497696,342388,6972,0.0,2.1,3,4,0:05,0,4,352952,0,245k,0,342388,316,9,277,30,0,97.5,2.5,0.0,0.0,0.0,0.0,0.0,0.0,15794.9 MiB,4196.2 MiB,2516.2 MiB,9082.4 MiB,4096.0 MiB,3680.7 MiB,415.2 MiB,12672.2 MiB
10,Python 3.10.11,binarytrees.py 21,52,1694300113,1335139,python,0:05.13,497696,342388,6972,0.0,2.1,3,4,0:05,0,4,352952,0,245k,0,342388,316,9,277,30,0,96.7,3.3,0.0,0.0,0.0,0.0,0.0,0.0,15794.9 MiB,4196.2 MiB,2516.2 MiB,9082.4 MiB,4096.0 MiB,3680.7 MiB,415.2 MiB,12672.2 MiB
10,Python 3.10.11,binarytrees.py 21,53,1694300114,1335139,python,0:05.13,497696,342388,6972,0.0,2.1,3,4,0:05,0,4,352952,0,245k,0,342388,316,9,277,30,0,97.8,2.2,0.0,0.0,0.0,0.0,0.0,0.0,15794.9 MiB,4195.7 MiB,2516.7 MiB,9082.4 MiB,4096.0 MiB,3680.7 MiB,415.2 MiB,12671.7 MiB
10,Python 3.10.11,binarytrees.py 21,54,1694300115,1335139,python,0:05.13,497696,342388,6972,0.0,2.1,3,4,0:05,0,4,352952,0,245k,0,342388,316,9,277,30,0,97.9,2.1,0.0,0.0,0.0,0.0,0.0,0.0,15794.9 MiB,4195.2 MiB,2517.2 MiB,9082.4 MiB,4096.0 MiB,3680.7 MiB,415.2 MiB,12671.2 MiB
10,Python 3.10.11,binarytrees.py 21,55,1694300117,1335139,python,0:05.13,497696,342388,6972,0.0,2.1,3,4,0:05,0,4,352952,0,245k,0,342388,316,9,277,30,0,98.5,1.5,0.0,0.0,0.0,0.0,0.0,0.0,15794.9 MiB,4198.8 MiB,2513.7 MiB,9082.4 MiB,4096.0 MiB,3680.7 MiB,415.2 MiB,12674.7 MiB
10,Python 3.10.11,binarytrees.py 21,56,1694300118,1335139,python,0:05.13,497696,342388,6972,0.0,2.1,3,4,0:05,0,4,352952,0,245k,0,342388,316,9,277,30,0,98.4,1.6,0.0,0.0,0.0,0.0,0.0,0.0,15794.9 MiB,4198.5 MiB,2513.9 MiB,9082.4 MiB,4096.0 MiB,3680.7 MiB,415.2 MiB,12674.5 MiB
10,Python 3.10.11,binarytrees.py 21,57,1694300119,1335139,python,0:05.13,497696,342388,6972,0.0,2.1,3,4,0:05,0,4,352952,0,245k,0,342388,316,9,277,30,0,98.3,1.7,0.0,0.0,0.0,0.0,0.0,0.0,15794.9 MiB,4198.3 MiB,2514.2 MiB,9082.4 MiB,4096.0 MiB,3680.7 MiB,415.2 MiB,12674.2 MiB
10,Python 3.10.11,binarytrees.py 21,58,1694300121,1335139,python,0:05.13,497696,342388,6972,0.0,2.1,3,4,0:05,0,4,352952,0,245k,0,342388,316,9,277,30,0,97.8,2.2,0.0,0.0,0.0,0.0,0.0,0.0,15794.9 MiB,4198.3 MiB,2514.2 MiB,9082.4 MiB,4096.0 MiB,3680.7 MiB,415.2 MiB,12674.2 MiB
10,Python 3.10.11,binarytrees.py 21,59,1694300122,1335139,python,0:05.13,497696,342388,6972,0.0,2.1,3,4,0:05,0,4,352952,0,245k,0,342388,316,9,277,30,0,96.7,3.3,0.0,0.0,0.0,0.0,0.0,0.0,15794.9 MiB,4198.3 MiB,2514.2 MiB,9082.4 MiB,4096.0 MiB,3680.7 MiB,415.2 MiB,12674.2 MiB
10,Python 3.10.11,binarytrees.py 21,60,1694300123,1335139,python,0:05.13,497696,342388,6972,0.0,2.1,3,4,0:05,0,4,352952,0,245k,0,342388,316,9,277,30,0,97.7,2.3,0.0,0.0,0.0,0.0,0.0,0.0,15794.9 MiB,4198.3 MiB,2514.2 MiB,9082.4 MiB,4096.0 MiB,3680.7 MiB,415.2 MiB,12674.2 MiB
10,Python 3.10.11,binarytrees.py 21,61,1694300125,1335139,python,0:05.13,497696,342388,6972,0.0,2.1,3,4,0:05,0,4,352952,0,245k,0,342388,316,9,277,30,0,96.1,3.3,0.0,0.0,0.0,0.0,0.6,0.0,15794.9 MiB,4198.3 MiB,2514.2 MiB,9082.4 MiB,4096.0 MiB,3680.7 MiB,415.2 MiB,12674.2 MiB
10,Python 3.10.11,binarytrees.py 21,62,1694300126,1335139,python,0:05.13,497696,342388,6972,0.0,2.1,3,4,0:05,0,4,352952,0,245k,0,342388,317,10,277,30,0,94.5,5.5,0.0,0.0,0.0,0.0,0.0,0.0,15794.9 MiB,4189.2 MiB,2523.2 MiB,9082.4 MiB,4096.0 MiB,3680.7 MiB,415.2 MiB,12665.1 MiB
10,Python 3.10.11,binarytrees.py 21,63,1694300127,1335139,python,0:05.13,497696,342388,6972,0.0,2.1,3,4,0:05,0,4,352952,0,245k,0,342388,316,9,277,30,0,97.3,2.7,0.0,0.0,0.0,0.0,0.0,0.0,15794.9 MiB,4188.9 MiB,2523.5 MiB,9082.5 MiB,4096.0 MiB,3680.7 MiB,415.2 MiB,12664.9 MiB
10,Python 3.10.11,binarytrees.py 21,64,1694300129,1335139,python,0:05.13,497696,342388,6972,0.0,2.1,3,4,0:05,0,4,352952,0,245k,0,342388,316,9,277,30,0,97.9,2.1,0.0,0.0,0.0,0.0,0.0,0.0,15794.9 MiB,4188.9 MiB,2523.5 MiB,9082.5 MiB,4096.0 MiB,3680.7 MiB,415.2 MiB,12664.9 MiB
10,Python 3.10.11,binarytrees.py 21,65,1694300130,1335139,python,0:05.13,497696,342388,6972,0.0,2.1,3,4,0:05,0,4,352952,0,245k,0,342388,316,9,277,30,0,97.8,2.2,0.0,0.0,0.0,0.0,0.0,0.0,15794.9 MiB,4187.5 MiB,2524.9 MiB,9082.5 MiB,4096.0 MiB,3680.7 MiB,415.2 MiB,12663.5 MiB
10,Python 3.10.11,binarytrees.py 21,66,1694300131,1335139,python,0:05.13,497696,342388,6972,0.0,2.1,3,4,0:05,0,4,352952,0,245k,0,342388,316,9,277,30,0,98.8,1.2,0.0,0.0,0.0,0.0,0.0,0.0,15794.9 MiB,4186.8 MiB,2525.6 MiB,9082.5 MiB,4096.0 MiB,3680.7 MiB,415.2 MiB,12662.8 MiB
10,Python 3.10.11,binarytrees.py 21,67,1694300133,1335139,python,0:05.13,497696,342388,6972,0.0,2.1,3,4,0:05,0,4,352952,0,245k,0,342388,316,9,277,30,0,98.3,1.7,0.0,0.0,0.0,0.0,0.0,0.0,15794.9 MiB,4186.3 MiB,2526.1 MiB,9082.5 MiB,4096.0 MiB,3680.7 MiB,415.2 MiB,12662.3 MiB
10,Python 3.10.11,binarytrees.py 21,68,1694300134,1335139,python,0:05.13,497696,342388,6972,0.0,2.1,3,4,0:05,0,4,352952,0,245k,0,342388,316,9,277,30,0,97.3,2.7,0.0,0.0,0.0,0.0,0.0,0.0,15794.9 MiB,4186.0 MiB,2526.4 MiB,9082.5 MiB,4096.0 MiB,3680.7 MiB,415.2 MiB,12662.0 MiB
10,Python 3.10.11,binarytrees.py 21,69,1694300135,1335139,python,0:05.13,497696,342388,6972,0.0,2.1,3,4,0:05,0,4,352952,0,245k,0,342388,316,9,277,30,0,98.4,1.6,0.0,0.0,0.0,0.0,0.0,0.0,15794.9 MiB,4186.0 MiB,2526.4 MiB,9082.5 MiB,4096.0 MiB,3680.7 MiB,415.2 MiB,12662.0 MiB
10,Python 3.10.11,binarytrees.py 21,70,1694300137,1335139,python,0:05.13,497696,342388,6972,0.0,2.1,3,4,0:05,0,4,352952,0,245k,0,342388,316,9,277,30,0,98.9,1.1,0.0,0.0,0.0,0.0,0.0,0.0,15794.9 MiB,4185.8 MiB,2526.6 MiB,9082.5 MiB,4096.0 MiB,3680.7 MiB,415.2 MiB,12661.8 MiB
10,Python 3.10.11,binarytrees.py 21,71,1694300138,1335139,python,0:05.13,497696,342388,6972,0.0,2.1,3,4,0:05,0,4,352952,0,245k,0,342388,316,9,277,30,0,97.8,2.2,0.0,0.0,0.0,0.0,0.0,0.0,15794.9 MiB,4185.8 MiB,2526.6 MiB,9082.5 MiB,4096.0 MiB,3680.7 MiB,415.2 MiB,12661.8 MiB
10,Python 3.10.11,binarytrees.py 21,72,1694300139,1335139,python,0:05.13,497696,342388,6972,0.0,2.1,3,4,0:05,0,4,352952,0,245k,0,342388,316,9,277,30,0,98.4,1.6,0.0,0.0,0.0,0.0,0.0,0.0,15794.9 MiB,4185.8 MiB,2526.6 MiB,9082.5 MiB,4096.0 MiB,3680.7 MiB,415.2 MiB,12661.8 MiB
10,Python 3.10.11,binarytrees.py 21,73,1694300141,1335139,python,0:05.13,497696,342404,6972,0.0,2.1,3,4,0:05,0,4,352952,0,245k,0,342404,316,9,277,30,0,98.4,1.6,0.0,0.0,0.0,0.0,0.0,0.0,15794.9 MiB,4133.9 MiB,2571.5 MiB,9089.5 MiB,4096.0 MiB,3680.7 MiB,415.2 MiB,12609.9 MiB
10,Python 3.10.11,binarytrees.py 21,74,1694300142,1335139,python,0:05.13,497696,342404,6972,0.0,2.1,3,4,0:05,0,4,352952,0,245k,0,342404,316,9,277,30,0,98.4,1.6,0.0,0.0,0.0,0.0,0.0,0.0,15794.9 MiB,4046.3 MiB,2665.8 MiB,9082.8 MiB,4096.0 MiB,3680.7 MiB,415.2 MiB,12522.3 MiB
10,Python 3.10.11,binarytrees.py 21,75,1694300143,1335139,python,0:05.13,497696,342404,6972,0.0,2.1,3,4,0:05,0,4,352952,0,245k,0,342404,316,9,277,30,0,98.9,1.1,0.0,0.0,0.0,0.0,0.0,0.0,15794.9 MiB,4000.3 MiB,2711.9 MiB,9082.7 MiB,4096.0 MiB,3680.7 MiB,415.2 MiB,12476.3 MiB
10,Python 3.10.11,binarytrees.py 21,76,1694300145,1335139,python,0:05.13,497696,342404,6972,0.0,2.1,3,4,0:05,0,4,352952,0,245k,0,342404,316,8,278,30,0,86.6,3.8,0.0,9.6,0.0,0.0,0.0,0.0,15794.9 MiB,3989.3 MiB,2715.8 MiB,9089.7 MiB,4096.0 MiB,3680.7 MiB,415.2 MiB,12465.3 MiB
10,Python 3.10.11,binarytrees.py 21,77,1694300146,1335139,python,0:05.13,497696,342404,6972,0.0,2.1,3,4,0:05,0,4,352952,0,245k,0,342404,316,6,280,30,0,63.1,3.2,0.0,33.8,0.0,0.0,0.0,0.0,15794.9 MiB,4041.3 MiB,2663.8 MiB,9089.7 MiB,4096.0 MiB,3680.7 MiB,415.2 MiB,12517.3 MiB
10,Python 3.10.11,binarytrees.py 21,78,1694300147,1335139,python,0:05.13,497696,342404,6972,0.0,2.1,3,6,0:05,0,4,352952,0,245k,0,342404,316,3,283,30,0,24.1,2.2,0.0,73.7,0.0,0.0,0.0,0.0,15794.9 MiB,4092.3 MiB,2612.8 MiB,9089.7 MiB,4096.0 MiB,3680.7 MiB,415.2 MiB,12568.3 MiB
10,Python 3.10.11,binarytrees.py 21,79,1694300148,1335139,python,0:05.13,497696,342404,6972,0.0,2.1,3,6,0:05,0,4,352952,0,245k,0,342404,316,2,284,30,0,11.4,3.0,0.0,85.6,0.0,0.0,0.0,0.0,15794.9 MiB,4053.5 MiB,2651.7 MiB,9089.7 MiB,4096.0 MiB,3680.7 MiB,415.2 MiB,12529.5 MiB
10,Python 3.10.11,binarytrees.py 21,80,1694300149,1335139,python,0:05.13,497696,342404,6972,0.0,2.1,3,6,0:05,0,4,352952,0,245k,0,342404,316,2,284,30,0,11.4,2.3,0.0,86.4,0.0,0.0,0.0,0.0,15794.9 MiB,4133.4 MiB,2578.8 MiB,9082.8 MiB,4096.0 MiB,3680.7 MiB,415.2 MiB,12609.4 MiB
10,Python 3.10.11,binarytrees.py 21,81,1694300151,1335139,python,0:05.13,497696,342404,6972,0.0,2.1,3,6,0:05,0,4,352952,0,245k,0,342404,316,3,283,30,0,12.9,0.8,0.0,86.4,0.0,0.0,0.0,0.0,15794.9 MiB,4134.2 MiB,2577.9 MiB,9082.8 MiB,4096.0 MiB,3680.7 MiB,415.2 MiB,12610.3 MiB
10,Python 3.10.11,binarytrees.py 21,82,1694300152,1335139,python,0:05.13,497696,342404,6972,0.0,2.1,3,6,0:05,0,4,352952,0,245k,0,342404,316,2,284,30,0,10.5,3.0,0.0,86.5,0.0,0.0,0.0,0.0,15794.9 MiB,4033.8 MiB,2678.3 MiB,9082.8 MiB,4096.0 MiB,3680.7 MiB,415.2 MiB,12509.9 MiB
10,Python 3.10.11,binarytrees.py 21,83,1694300153,1335139,python,0:05.13,497696,342404,6972,0.0,2.1,3,6,0:05,0,4,352952,0,245k,0,342404,316,2,284,30,0,12.0,2.3,0.0,85.7,0.0,0.0,0.0,0.0,15794.9 MiB,4130.6 MiB,2581.5 MiB,9082.8 MiB,4096.0 MiB,3680.7 MiB,415.2 MiB,12606.6 MiB
10,Python 3.10.11,binarytrees.py 21,84,1694300154,1335139,python,0:05.13,497696,342404,6972,0.0,2.1,3,6,0:05,0,4,352952,0,245k,0,342404,317,2,285,30,0,13.5,2.3,0.0,84.2,0.0,0.0,0.0,0.0,15794.9 MiB,4117.7 MiB,2594.4 MiB,9082.8 MiB,4096.0 MiB,3680.7 MiB,415.2 MiB,12593.8 MiB
10,Python 3.10.11,binarytrees.py 21,85,1694300155,1335139,python,0:05.13,497696,342404,6972,0.0,2.1,3,6,0:05,0,4,352952,0,245k,0,342404,316,2,284,30,0,12.0,2.3,0.0,85.7,0.0,0.0,0.0,0.0,15794.9 MiB,4011.9 MiB,2700.2 MiB,9082.8 MiB,4096.0 MiB,3680.7 MiB,415.2 MiB,12488.0 MiB
10,Python 3.10.11,binarytrees.py 21,86,1694300156,1335139,python,0:05.13,497696,342404,6972,0.0,2.1,3,6,0:05,0,4,352952,0,245k,0,342404,316,2,284,30,0,12.8,1.5,0.0,85.7,0.0,0.0,0.0,0.0,15794.9 MiB,4129.1 MiB,2583.0 MiB,9082.8 MiB,4096.0 MiB,3680.7 MiB,415.2 MiB,12605.1 MiB
10,Python 3.10.11,binarytrees.py 21,87,1694300158,1335139,python,0:05.13,497696,342404,6972,0.0,2.1,3,6,0:05,0,4,352952,0,245k,0,342404,316,2,284,30,0,12.1,1.5,0.0,86.4,0.0,0.0,0.0,0.0,15794.9 MiB,4102.0 MiB,2610.1 MiB,9082.8 MiB,4096.0 MiB,3680.7 MiB,415.2 MiB,12578.0 MiB
10,Python 3.10.11,binarytrees.py 21,88,1694300159,1335139,python,0:05.13,497696,342404,6972,0.0,2.1,3,6,0:05,0,4,352952,0,245k,0,342404,316,2,284,30,0,11.4,2.3,0.0,86.4,0.0,0.0,0.0,0.0,15794.9 MiB,3991.0 MiB,2721.1 MiB,9082.8 MiB,4096.0 MiB,3680.7 MiB,415.2 MiB,12467.1 MiB
10,Python 3.10.11,binarytrees.py 21,89,1694300160,1335139,python,0:05.13,497696,342404,6972,0.0,2.1,3,6,0:05,0,4,352952,0,245k,0,342404,317,2,285,30,0,14.1,0.7,0.0,85.2,0.0,0.0,0.0,0.0,15794.9 MiB,4128.3 MiB,2583.8 MiB,9082.8 MiB,4096.0 MiB,3680.7 MiB,415.2 MiB,12604.3 MiB
10,Python 3.10.11,binarytrees.py 21,90,1694300161,1335139,python,0:05.13,497696,342404,6972,0.0,2.1,3,6,0:05,0,4,352952,0,245k,0,342404,317,2,285,30,0,12.2,0.8,0.0,87.0,0.0,0.0,0.0,0.0,15794.9 MiB,4082.6 MiB,2629.6 MiB,9082.7 MiB,4096.0 MiB,3680.7 MiB,415.2 MiB,12558.6 MiB
10,Python 3.10.11,binarytrees.py 21,91,1694300162,1335139,python,0:05.13,497696,342404,6972,0.0,2.1,3,6,0:05,0,4,352952,0,245k,0,342404,317,2,285,30,0,11.4,2.3,0.0,86.4,0.0,0.0,0.0,0.0,15794.9 MiB,4046.0 MiB,2666.1 MiB,9082.7 MiB,4096.0 MiB,3680.7 MiB,415.2 MiB,12522.1 MiB
10,Python 3.10.11,binarytrees.py 21,92,1694300163,1335139,python,0:05.13,497696,342404,6972,0.0,2.1,3,6,0:05,0,4,352952,0,245k,0,342404,317,2,285,30,0,13.5,0.8,0.0,85.7,0.0,0.0,0.0,0.0,15794.9 MiB,4124.9 MiB,2587.3 MiB,9082.7 MiB,4096.0 MiB,3680.7 MiB,415.2 MiB,12600.9 MiB
10,Python 3.10.11,binarytrees.py 21,93,1694300165,1335139,python,0:05.13,497696,342404,6972,0.0,2.1,3,6,0:05,0,4,352952,0,245k,0,342404,317,2,285,30,0,12.8,1.5,0.0,85.7,0.0,0.0,0.0,0.0,15794.9 MiB,4050.6 MiB,2661.6 MiB,9082.7 MiB,4096.0 MiB,3680.7 MiB,415.2 MiB,12526.6 MiB
10,Python 3.10.11,binarytrees.py 21,94,1694300166,1335139,python,0:05.13,497696,342404,6972,0.0,2.1,3,6,0:05,0,4,352952,0,245k,0,342404,317,2,285,30,0,11.9,3.0,0.0,85.1,0.0,0.0,0.0,0.0,15794.9 MiB,4118.6 MiB,2593.5 MiB,9082.7 MiB,4096.0 MiB,3680.7 MiB,415.2 MiB,12594.7 MiB
10,Python 3.10.11,binarytrees.py 21,95,1694300167,1335139,python,0:05.13,497696,342404,6972,0.0,2.1,3,6,0:05,0,4,352952,0,245k,0,342404,317,2,285,30,0,13.5,0.8,0.0,85.7,0.0,0.0,0.0,0.0,15794.9 MiB,4117.3 MiB,2594.8 MiB,9082.7 MiB,4096.0 MiB,3680.7 MiB,415.2 MiB,12593.4 MiB
10,Python 3.10.11,binarytrees.py 21,96,1694300168,1335139,python,0:05.13,497696,342404,6972,0.0,2.1,3,6,0:05,0,4,352952,0,245k,0,342404,317,2,285,30,0,11.3,2.3,0.0,86.5,0.0,0.0,0.0,0.0,15794.9 MiB,4038.0 MiB,2674.1 MiB,9082.7 MiB,4096.0 MiB,3680.7 MiB,415.2 MiB,12514.1 MiB
10,Python 3.10.11,binarytrees.py 21,97,1694300169,1335139,python,0:05.13,497696,342404,6972,0.0,2.1,3,6,0:05,0,4,352952,0,245k,0,342404,317,2,285,30,0,12.0,2.3,0.0,85.7,0.0,0.0,0.0,0.0,15794.9 MiB,4117.3 MiB,2594.8 MiB,9082.7 MiB,4096.0 MiB,3680.7 MiB,415.2 MiB,12593.4 MiB
10,Python 3.10.11,binarytrees.py 21,98,1694300171,1335139,python,0:05.13,497696,342404,6972,0.0,2.1,3,6,0:05,0,4,352952,0,245k,0,342404,317,2,285,30,0,12.7,1.5,0.0,85.8,0.0,0.0,0.0,0.0,15794.9 MiB,4116.3 MiB,2595.8 MiB,9082.7 MiB,4096.0 MiB,3680.7 MiB,415.2 MiB,12592.4 MiB
10,Python 3.10.11,binarytrees.py 21,99,1694300172,1335139,python,0:05.13,497696,342404,6972,0.0,2.1,3,6,0:05,0,4,352952,0,245k,0,342404,317,2,285,30,0,12.8,1.5,0.0,85.7,0.0,0.0,0.0,0.0,15794.9 MiB,4014.9 MiB,2697.2 MiB,9082.7 MiB,4096.0 MiB,3680.7 MiB,415.2 MiB,12491.0 MiB
