test,version,appplication,no_measurement,timestamp,pid,command,time,virt,res,shr,percent_cpu,percent_mem,nTH,P,TIME,SWAP,CODE,DATA,nMaj,nMin,nDRT,USED,tasks_total,tasks_running,tasks_sleeping,tasks_stopped,tasks_zombie,cpu_us,cpu_sy,cpu_ni,cpu_id,cpu_wa,cpu_hi,cpu_si,cpu_st,mem_total,mem_free,mem_used,mem_buff_cache,swap_total,swap_free,swap_used,swap_avail,
1,g++-4.8 4.8.5,nbody_2.c 50000000,0,1695316449,2961846,nbody_2_g++-4.8,0:00.16,6496,1952,1780,100.0,0.0,1,4,0:00,0,12,556,0,215,0,1952,331,2,281,48,0,13.1,1.5,0.0,85.4,0.0,0.0,0.0,0.0,15794.9 MiB,4051.1 MiB,2187.1 MiB,9556.7 MiB,4096.0 MiB,3447.7 MiB,648.2 MiB,13011.6 MiB
1,g++-4.8 4.8.5,nbody_2.c 50000000,1,1695316450,2961846,nbody_2_g++-4.8,0:01.33,6496,1952,1780,93.8,0.0,1,4,0:01,0,12,556,0,215,0,1952,331,2,281,48,0,13.6,0.8,0.0,85.6,0.0,0.0,0.0,0.0,15794.9 MiB,4050.1 MiB,2187.8 MiB,9556.9 MiB,4096.0 MiB,3447.7 MiB,648.2 MiB,13010.6 MiB
1,g++-4.8 4.8.5,nbody_2.c 50000000,2,1695316451,2961846,nbody_2_g++-4.8,0:02.51,6496,1952,1780,100.0,0.0,1,0,0:02,0,12,556,0,215,0,1952,331,2,281,48,0,12.9,1.5,0.0,85.6,0.0,0.0,0.0,0.0,15794.9 MiB,4055.1 MiB,2189.7 MiB,9550.1 MiB,4096.0 MiB,3447.7 MiB,648.2 MiB,13015.6 MiB
1,g++-4.8 4.8.5,nbody_2.c 50000000,3,1695316452,2961846,nbody_2_g++-4.8,0:03.68,6496,1952,1780,100.0,0.0,1,0,0:03,0,12,556,0,215,0,1952,331,2,281,48,0,13.0,0.8,0.0,86.3,0.0,0.0,0.0,0.0,15794.9 MiB,4053.9 MiB,2190.9 MiB,9550.1 MiB,4096.0 MiB,3447.7 MiB,648.2 MiB,13014.4 MiB
1,g++-4.8 4.8.5,nbody_2.c 50000000,4,1695316453,2961846,nbody_2_g++-4.8,0:04.85,6496,1952,1780,93.8,0.0,1,4,0:04,0,12,556,0,215,0,1952,331,2,281,48,0,12.2,1.5,0.0,86.3,0.0,0.0,0.0,0.0,15794.9 MiB,4053.9 MiB,2190.9 MiB,9550.1 MiB,4096.0 MiB,3447.7 MiB,648.2 MiB,13014.4 MiB
1,g++-4.8 4.8.5,nbody_2.c 50000000,5,1695316454,2961846,nbody_2_g++-4.8,0:06.03,6496,1952,1780,100.0,0.0,1,4,0:06,0,12,556,0,215,0,1952,331,2,281,48,0,12.8,1.5,0.0,85.7,0.0,0.0,0.0,0.0,15794.9 MiB,4053.6 MiB,2191.1 MiB,9550.1 MiB,4096.0 MiB,3447.7 MiB,648.2 MiB,13014.2 MiB
1,g++-4.8 4.8.5,nbody_2.c 50000000,6,1695316456,2961846,nbody_2_g++-4.8,0:07.20,6496,1952,1780,100.0,0.0,1,4,0:07,0,12,556,0,215,0,1952,331,2,281,48,0,12.9,1.5,0.0,85.6,0.0,0.0,0.0,0.0,15794.9 MiB,4053.6 MiB,2191.1 MiB,9550.1 MiB,4096.0 MiB,3447.7 MiB,648.2 MiB,13014.2 MiB
1,g++-4.8 4.8.5,nbody_2.c 50000000,7,1695316457,2961846,nbody_2_g++-4.8,0:08.37,6496,1952,1780,100.0,0.0,1,0,0:08,0,12,556,0,215,0,1952,331,2,281,48,0,13.0,0.8,0.0,86.3,0.0,0.0,0.0,0.0,15794.9 MiB,4053.4 MiB,2191.4 MiB,9550.1 MiB,4096.0 MiB,3447.7 MiB,648.2 MiB,13013.9 MiB
1,g++-4.8 4.8.5,nbody_2.c 50000000,8,1695316458,2961846,nbody_2_g++-4.8,0:09.55,6496,1952,1780,100.0,0.0,1,0,0:09,0,12,556,0,215,0,1952,331,3,280,48,0,13.0,0.8,0.0,86.3,0.0,0.0,0.0,0.0,15794.9 MiB,4052.7 MiB,2192.1 MiB,9550.1 MiB,4096.0 MiB,3447.7 MiB,648.2 MiB,13013.2 MiB
1,g++-4.8 4.8.5,nbody_2.c 50000000,9,1695316459,2961846,nbody_2_g++-4.8,0:10.72,6496,1952,1780,100.0,0.0,1,0,0:10,0,12,556,0,215,0,1952,331,2,281,48,0,13.7,0.0,0.0,86.3,0.0,0.0,0.0,0.0,15794.9 MiB,4052.4 MiB,2192.4 MiB,9550.1 MiB,4096.0 MiB,3447.7 MiB,648.2 MiB,13012.9 MiB
1,g++-4.8 4.8.5,nbody_2.c 50000000,10,1695316460,2961846,nbody_2_g++-4.8,0:11.89,6496,1952,1780,100.0,0.0,1,0,0:11,0,12,556,0,215,0,1952,331,2,281,48,0,13.0,0.8,0.0,86.3,0.0,0.0,0.0,0.0,15794.9 MiB,4051.9 MiB,2192.9 MiB,9550.1 MiB,4096.0 MiB,3447.7 MiB,648.2 MiB,13012.4 MiB
1,g++-4.8 4.8.5,nbody_2.c 50000000,11,1695316462,2961846,nbody_2_g++-4.8,0:13.06,6496,1952,1780,93.8,0.0,1,0,0:13,0,12,556,0,215,0,1952,331,2,281,48,0,13.6,0.8,0.0,85.6,0.0,0.0,0.0,0.0,15794.9 MiB,4050.9 MiB,2193.9 MiB,9550.1 MiB,4096.0 MiB,3447.7 MiB,648.2 MiB,13011.5 MiB
1,g++-4.8 4.8.5,nbody_2.c 50000000,12,1695316463,2961846,nbody_2_g++-4.8,0:14.25,6496,1952,1780,100.0,0.0,1,0,0:14,0,12,556,0,215,0,1952,331,2,281,48,0,13.0,1.4,0.0,85.5,0.0,0.0,0.0,0.0,15794.9 MiB,4050.4 MiB,2194.4 MiB,9550.1 MiB,4096.0 MiB,3447.7 MiB,648.2 MiB,13011.0 MiB
1,g++-4.8 4.8.5,nbody_2.c 50000000,13,1695316464,2961846,nbody_2_g++-4.8,0:15.42,6496,1952,1780,100.0,0.0,1,0,0:15,0,12,556,0,215,0,1952,331,2,281,48,0,13.0,1.5,0.0,85.5,0.0,0.0,0.0,0.0,15794.9 MiB,4050.2 MiB,2194.6 MiB,9550.1 MiB,4096.0 MiB,3447.7 MiB,648.2 MiB,13010.7 MiB
1,g++-4.8 4.8.5,nbody_2.c 50000000,14,1695316465,2961846,nbody_2_g++-4.8,0:16.59,6496,1952,1780,100.0,0.0,1,0,0:16,0,12,556,0,215,0,1952,331,2,281,48,0,12.2,0.8,0.0,87.0,0.0,0.0,0.0,0.0,15794.9 MiB,4050.2 MiB,2194.6 MiB,9550.1 MiB,4096.0 MiB,3447.7 MiB,648.2 MiB,13010.7 MiB
1,g++-4.8 4.8.5,nbody_2.c 50000000,15,1695316466,2961846,nbody_2_g++-4.8,0:17.77,6496,1952,1780,100.0,0.0,1,0,0:17,0,12,556,0,215,0,1952,331,2,281,48,0,12.9,0.8,0.0,86.4,0.0,0.0,0.0,0.0,15794.9 MiB,4050.4 MiB,2194.3 MiB,9550.1 MiB,4096.0 MiB,3447.7 MiB,648.2 MiB,13011.0 MiB
1,g++-4.8 4.8.5,nbody_2.c 50000000,16,1695316467,2961846,nbody_2_g++-4.8,0:18.94,6496,1952,1780,100.0,0.0,1,0,0:18,0,12,556,0,215,0,1952,331,2,281,48,0,12.9,0.8,0.0,86.4,0.0,0.0,0.0,0.0,15794.9 MiB,4050.4 MiB,2194.3 MiB,9550.1 MiB,4096.0 MiB,3447.7 MiB,648.2 MiB,13011.0 MiB
1,g++-4.8 4.8.5,nbody_2.c 50000000,17,1695316469,2961846,nbody_2_g++-4.8,0:20.11,6496,1952,1780,100.0,0.0,1,0,0:20,0,12,556,0,215,0,1952,331,2,281,48,0,13.0,0.8,0.0,86.3,0.0,0.0,0.0,0.0,15794.9 MiB,4049.5 MiB,2195.3 MiB,9550.1 MiB,4096.0 MiB,3447.7 MiB,648.2 MiB,13010.0 MiB
1,g++-4.8 4.8.5,nbody_2.c 50000000,18,1695316470,2961846,nbody_2_g++-4.8,0:21.28,6496,1952,1780,100.0,0.0,1,0,0:21,0,12,556,0,215,0,1952,330,2,280,48,0,13.5,1.5,0.0,85.0,0.0,0.0,0.0,0.0,15794.9 MiB,4049.2 MiB,2195.6 MiB,9550.1 MiB,4096.0 MiB,3447.7 MiB,648.2 MiB,13009.8 MiB
1,g++-4.8 4.8.5,nbody_2.c 50000000,19,1695316471,2961846,nbody_2_g++-4.8,0:22.46,6496,1952,1780,100.0,0.0,1,0,0:22,0,12,556,0,215,0,1952,331,2,281,48,0,12.2,1.5,0.0,86.3,0.0,0.0,0.0,0.0,15794.9 MiB,4049.2 MiB,2195.6 MiB,9550.1 MiB,4096.0 MiB,3447.7 MiB,648.2 MiB,13009.8 MiB
1,g++-4.8 4.8.5,nbody_2.c 50000000,20,1695316472,2961846,nbody_2_g++-4.8,0:23.63,6496,1952,1780,100.0,0.0,1,0,0:23,0,12,556,0,215,0,1952,331,2,281,48,0,13.0,0.8,0.0,86.3,0.0,0.0,0.0,0.0,15794.9 MiB,4049.2 MiB,2195.6 MiB,9550.1 MiB,4096.0 MiB,3447.7 MiB,648.2 MiB,13009.8 MiB
1,g++-4.8 4.8.5,nbody_2.c 50000000,21,1695316473,2961846,nbody_2_g++-4.8,0:24.80,6496,1952,1780,100.0,0.0,1,0,0:24,0,12,556,0,215,0,1952,331,2,281,48,0,13.0,0.8,0.0,86.3,0.0,0.0,0.0,0.0,15794.9 MiB,4049.0 MiB,2195.8 MiB,9550.1 MiB,4096.0 MiB,3447.7 MiB,648.2 MiB,13009.5 MiB
1,g++-4.8 4.8.5,nbody_2.c 50000000,22,1695316474,2961846,nbody_2_g++-4.8,0:25.97,6496,1952,1780,93.8,0.0,1,0,0:25,0,12,556,0,215,0,1952,331,2,281,48,0,13.5,1.5,0.0,85.0,0.0,0.0,0.0,0.0,15794.9 MiB,4049.2 MiB,2195.6 MiB,9550.1 MiB,4096.0 MiB,3447.7 MiB,648.2 MiB,13009.8 MiB
1,g++-4.8 4.8.5,nbody_2.c 50000000,23,1695316476,2961846,nbody_2_g++-4.8,0:27.15,6496,1952,1780,100.0,0.0,1,0,0:27,0,12,556,0,215,0,1952,331,2,281,48,0,12.8,1.5,0.0,85.7,0.0,0.0,0.0,0.0,15794.9 MiB,4049.7 MiB,2195.1 MiB,9550.1 MiB,4096.0 MiB,3447.7 MiB,648.2 MiB,13010.3 MiB
1,g++-4.8 4.8.5,nbody_2.c 50000000,24,1695316477,2961846,nbody_2_g++-4.8,0:28.32,6496,1952,1780,100.0,0.0,1,0,0:28,0,12,556,0,215,0,1952,331,2,281,48,0,12.9,1.5,0.0,85.6,0.0,0.0,0.0,0.0,15794.9 MiB,4049.2 MiB,2195.6 MiB,9550.1 MiB,4096.0 MiB,3447.7 MiB,648.2 MiB,13009.8 MiB
1,g++-4.8 4.8.5,nbody_2.c 50000000,25,1695316478,2961846,nbody_2_g++-4.8,0:29.50,6496,1952,1780,100.0,0.0,1,0,0:29,0,12,556,0,215,0,1952,331,2,281,48,0,12.4,2.2,0.0,84.7,0.7,0.0,0.0,0.0,15794.9 MiB,4048.5 MiB,2196.3 MiB,9550.1 MiB,4096.0 MiB,3447.7 MiB,648.2 MiB,13009.0 MiB
1,g++-4.8 4.8.5,nbody_2.c 50000000,26,1695316479,2961846,nbody_2_g++-4.8,0:30.67,6496,1952,1780,93.8,0.0,1,0,0:30,0,12,556,0,215,0,1952,331,2,281,48,0,14.3,0.8,0.0,85.0,0.0,0.0,0.0,0.0,15794.9 MiB,4048.5 MiB,2196.3 MiB,9550.1 MiB,4096.0 MiB,3447.7 MiB,648.2 MiB,13009.0 MiB
1,g++-4.8 4.8.5,nbody_2.c 50000000,27,1695316480,2961846,nbody_2_g++-4.8,0:31.85,6496,1952,1780,100.0,0.0,1,0,0:31,0,12,556,0,215,0,1952,331,2,281,48,0,13.6,0.8,0.0,85.6,0.0,0.0,0.0,0.0,15794.9 MiB,4048.5 MiB,2196.3 MiB,9550.1 MiB,4096.0 MiB,3447.7 MiB,648.2 MiB,13009.0 MiB
1,g++-4.8 4.8.5,nbody_2.c 50000000,28,1695316481,2961846,nbody_2_g++-4.8,0:33.02,6496,1952,1780,100.0,0.0,1,0,0:33,0,12,556,0,215,0,1952,331,2,281,48,0,13.0,0.8,0.0,86.3,0.0,0.0,0.0,0.0,15794.9 MiB,4049.2 MiB,2195.5 MiB,9550.1 MiB,4096.0 MiB,3447.7 MiB,648.2 MiB,13009.8 MiB
1,g++-4.8 4.8.5,nbody_2.c 50000000,29,1695316483,2961846,nbody_2_g++-4.8,0:34.19,6496,1952,1780,93.8,0.0,1,0,0:34,0,12,556,0,215,0,1952,331,2,281,48,0,13.0,0.8,0.0,86.3,0.0,0.0,0.0,0.0,15794.9 MiB,4049.2 MiB,2195.5 MiB,9550.1 MiB,4096.0 MiB,3447.7 MiB,648.2 MiB,13009.8 MiB
1,g++-4.8 4.8.5,nbody_2.c 50000000,30,1695316484,2961846,nbody_2_g++-4.8,0:35.36,6496,1952,1780,93.8,0.0,1,0,0:35,0,12,556,0,215,0,1952,331,2,281,48,0,13.5,0.8,0.0,85.0,0.8,0.0,0.0,0.0,15794.9 MiB,4049.2 MiB,2195.5 MiB,9550.1 MiB,4096.0 MiB,3447.7 MiB,648.2 MiB,13009.8 MiB
1,g++-4.8 4.8.5,nbody_2.c 50000000,31,1695316485,2961846,nbody_2_g++-4.8,0:36.54,6496,1952,1780,100.0,0.0,1,0,0:36,0,12,556,0,215,0,1952,331,2,281,48,0,13.0,0.8,0.0,86.3,0.0,0.0,0.0,0.0,15794.9 MiB,4049.2 MiB,2195.5 MiB,9550.1 MiB,4096.0 MiB,3447.7 MiB,648.2 MiB,13009.8 MiB
1,g++-4.8 4.8.5,nbody_2.c 50000000,32,1695316486,2961846,nbody_2_g++-4.8,0:37.71,6496,1952,1780,93.8,0.0,1,0,0:37,0,12,556,0,215,0,1952,331,2,281,48,0,13.0,0.8,0.0,86.3,0.0,0.0,0.0,0.0,15794.9 MiB,4049.0 MiB,2195.8 MiB,9550.1 MiB,4096.0 MiB,3447.7 MiB,648.2 MiB,13009.6 MiB
1,g++-4.8 4.8.5,nbody_2.c 50000000,33,1695316487,2961846,nbody_2_g++-4.8,0:38.88,6496,1952,1780,93.8,0.0,1,0,0:38,0,12,556,0,215,0,1952,331,2,281,48,0,12.2,0.8,0.0,87.0,0.0,0.0,0.0,0.0,15794.9 MiB,4049.2 MiB,2195.5 MiB,9550.1 MiB,4096.0 MiB,3447.7 MiB,648.2 MiB,13009.8 MiB
1,g++-4.8 4.8.5,nbody_2.c 50000000,34,1695316489,2961846,nbody_2_g++-4.8,0:40.06,6496,1952,1780,100.0,0.0,1,0,0:40,0,12,556,0,215,0,1952,331,2,281,48,0,13.5,1.5,0.0,85.0,0.0,0.0,0.0,0.0,15794.9 MiB,4048.7 MiB,2196.0 MiB,9550.1 MiB,4096.0 MiB,3447.7 MiB,648.2 MiB,13009.3 MiB
1,g++-4.8 4.8.5,nbody_2.c 50000000,35,1695316490,2961846,nbody_2_g++-4.8,0:41.23,6496,1952,1780,100.0,0.0,1,0,0:41,0,12,556,0,215,0,1952,331,2,281,48,0,12.9,0.8,0.0,86.4,0.0,0.0,0.0,0.0,15794.9 MiB,4048.7 MiB,2196.0 MiB,9550.1 MiB,4096.0 MiB,3447.7 MiB,648.2 MiB,13009.3 MiB
1,g++-4.8 4.8.5,nbody_2.c 50000000,36,1695316491,2961846,nbody_2_g++-4.8,0:42.40,6496,1952,1780,93.8,0.0,1,0,0:42,0,12,556,0,215,0,1952,331,2,281,48,0,13.0,0.8,0.0,86.3,0.0,0.0,0.0,0.0,15794.9 MiB,4048.7 MiB,2196.0 MiB,9550.1 MiB,4096.0 MiB,3447.7 MiB,648.2 MiB,13009.3 MiB
1,g++-4.8 4.8.5,nbody_2.c 50000000,37,1695316492,2961846,nbody_2_g++-4.8,0:43.58,6496,1952,1780,100.0,0.0,1,4,0:43,0,12,556,0,215,0,1952,331,2,281,48,0,13.5,0.8,0.0,85.7,0.0,0.0,0.0,0.0,15794.9 MiB,4048.7 MiB,2196.0 MiB,9550.1 MiB,4096.0 MiB,3447.7 MiB,648.2 MiB,13009.3 MiB
1,g++-4.8 4.8.5,nbody_2.c 50000000,38,1695316493,2961846,nbody_2_g++-4.8,0:44.75,6496,1952,1780,100.0,0.0,1,0,0:44,0,12,556,0,215,0,1952,331,2,281,48,0,12.9,0.8,0.0,85.6,0.0,0.0,0.8,0.0,15794.9 MiB,4048.7 MiB,2196.0 MiB,9550.1 MiB,4096.0 MiB,3447.7 MiB,648.2 MiB,13009.3 MiB
1,g++-4.8 4.8.5,nbody_2.c 50000000,39,1695316494,2961846,nbody_2_g++-4.8,0:45.92,6496,1952,1780,93.8,0.0,1,0,0:45,0,12,556,0,215,0,1952,331,2,281,48,0,13.0,0.8,0.0,86.3,0.0,0.0,0.0,0.0,15794.9 MiB,4048.7 MiB,2196.0 MiB,9550.1 MiB,4096.0 MiB,3447.7 MiB,648.2 MiB,13009.3 MiB
1,g++-4.8 4.8.5,nbody_2.c 50000000,40,1695316496,2961846,nbody_2_g++-4.8,0:47.10,6496,1952,1780,100.0,0.0,1,4,0:47,0,12,556,0,215,0,1952,331,2,281,48,0,12.9,0.8,0.0,86.4,0.0,0.0,0.0,0.0,15794.9 MiB,4048.7 MiB,2196.0 MiB,9550.1 MiB,4096.0 MiB,3447.7 MiB,648.2 MiB,13009.3 MiB
1,g++-4.8 4.8.5,nbody_2.c 50000000,41,1695316497,2961846,nbody_2_g++-4.8,0:48.27,6496,1952,1780,100.0,0.0,1,4,0:48,0,12,556,0,215,0,1952,331,2,281,48,0,13.1,0.0,0.0,86.9,0.0,0.0,0.0,0.0,15794.9 MiB,4047.8 MiB,2197.0 MiB,9550.1 MiB,4096.0 MiB,3447.7 MiB,648.2 MiB,13008.3 MiB
1,g++-4.8 4.8.5,nbody_2.c 50000000,42,1695316498,2961846,nbody_2_g++-4.8,0:49.44,6496,1952,1780,100.0,0.0,1,0,0:49,0,12,556,0,215,0,1952,331,2,281,48,0,13.4,2.2,0.0,84.3,0.0,0.0,0.0,0.0,15794.9 MiB,4047.5 MiB,2197.2 MiB,9550.1 MiB,4096.0 MiB,3447.7 MiB,648.2 MiB,13008.1 MiB
1,g++-4.8 4.8.5,nbody_2.c 50000000,43,1695316499,2961846,nbody_2_g++-4.8,0:50.61,6496,1952,1780,93.8,0.0,1,4,0:50,0,12,556,0,215,0,1952,331,2,281,48,0,12.9,0.8,0.0,86.4,0.0,0.0,0.0,0.0,15794.9 MiB,4047.5 MiB,2197.2 MiB,9550.1 MiB,4096.0 MiB,3447.7 MiB,648.2 MiB,13008.1 MiB
1,g++-4.8 4.8.5,nbody_2.c 50000000,44,1695316500,2961846,nbody_2_g++-4.8,0:51.79,6496,1952,1780,100.0,0.0,1,4,0:51,0,12,556,0,215,0,1952,331,2,281,48,0,13.4,0.7,0.0,85.8,0.0,0.0,0.0,0.0,15794.9 MiB,4047.5 MiB,2197.2 MiB,9550.1 MiB,4096.0 MiB,3447.7 MiB,648.2 MiB,13008.1 MiB
1,g++-4.8 4.8.5,nbody_2.c 50000000,45,1695316501,2961846,nbody_2_g++-4.8,0:52.96,6496,1952,1780,93.8,0.0,1,0,0:52,0,12,556,0,215,0,1952,331,2,281,48,0,13.0,0.8,0.0,86.3,0.0,0.0,0.0,0.0,15794.9 MiB,4047.0 MiB,2197.7 MiB,9550.1 MiB,4096.0 MiB,3447.7 MiB,648.2 MiB,13007.6 MiB
1,g++-4.8 4.8.5,nbody_2.c 50000000,46,1695316503,2961846,nbody_2_g++-4.8,0:54.14,6496,1952,1780,100.0,0.0,1,0,0:54,0,12,556,0,215,0,1952,331,2,281,48,0,12.3,0.8,0.0,86.9,0.0,0.0,0.0,0.0,15794.9 MiB,4047.0 MiB,2197.7 MiB,9550.1 MiB,4096.0 MiB,3447.7 MiB,648.2 MiB,13007.6 MiB
1,g++-4.8 4.8.5,nbody_2.c 50000000,47,1695316504,2961846,nbody_2_g++-4.8,0:55.31,6496,1952,1780,100.0,0.0,1,0,0:55,0,12,556,0,215,0,1952,331,2,281,48,0,12.3,0.8,0.0,86.9,0.0,0.0,0.0,0.0,15794.9 MiB,4047.5 MiB,2197.2 MiB,9550.1 MiB,4096.0 MiB,3447.7 MiB,648.2 MiB,13008.1 MiB
1,g++-4.8 4.8.5,nbody_2.c 50000000,48,1695316505,2961846,nbody_2_g++-4.8,0:56.48,6496,1952,1780,93.8,0.0,1,0,0:56,0,12,556,0,215,0,1952,331,2,281,48,0,12.3,1.5,0.0,86.2,0.0,0.0,0.0,0.0,15794.9 MiB,4048.2 MiB,2196.5 MiB,9550.1 MiB,4096.0 MiB,3447.7 MiB,648.2 MiB,13008.9 MiB
1,g++-4.8 4.8.5,nbody_2.c 50000000,49,1695316506,2961846,nbody_2_g++-4.8,0:57.66,6496,1952,1780,100.0,0.0,1,0,0:57,0,12,556,0,215,0,1952,331,2,281,48,0,12.2,1.5,0.0,86.3,0.0,0.0,0.0,0.0,15794.9 MiB,4047.8 MiB,2197.0 MiB,9550.1 MiB,4096.0 MiB,3447.7 MiB,648.2 MiB,13008.4 MiB
1,g++-4.8 4.8.5,nbody_2.c 50000000,50,1695316507,2961846,nbody_2_g++-4.8,0:58.83,6496,1952,1780,100.0,0.0,1,0,0:58,0,12,556,0,215,0,1952,331,2,281,48,0,13.0,0.8,0.0,86.3,0.0,0.0,0.0,0.0,15794.9 MiB,4048.0 MiB,2196.7 MiB,9550.1 MiB,4096.0 MiB,3447.7 MiB,648.2 MiB,13008.6 MiB
1,g++-4.8 4.8.5,nbody_2.c 50000000,51,1695316508,2961846,nbody_2_g++-4.8,1:00.00,6496,1952,1780,93.8,0.0,1,4,1:00,0,12,556,0,215,0,1952,331,2,281,48,0,13.6,0.8,0.0,85.6,0.0,0.0,0.0,0.0,15794.9 MiB,4048.0 MiB,2196.7 MiB,9550.1 MiB,4096.0 MiB,3447.7 MiB,648.2 MiB,13008.6 MiB
1,g++-4.8 4.8.5,nbody_2.c 50000000,52,1695316510,2961846,nbody_2_g++-4.8,1:01.18,6496,1952,1780,100.0,0.0,1,4,1:01,0,12,556,0,215,0,1952,331,2,281,48,0,13.5,0.8,0.0,85.7,0.0,0.0,0.0,0.0,15794.9 MiB,4047.5 MiB,2197.2 MiB,9550.2 MiB,4096.0 MiB,3447.7 MiB,648.2 MiB,13008.1 MiB
1,g++-4.8 4.8.5,nbody_2.c 50000000,53,1695316511,2961846,nbody_2_g++-4.8,1:02.35,6496,1952,1780,100.0,0.0,1,4,1:02,0,12,556,0,215,0,1952,331,2,281,48,0,13.0,0.8,0.0,86.3,0.0,0.0,0.0,0.0,15794.9 MiB,4047.0 MiB,2197.7 MiB,9550.2 MiB,4096.0 MiB,3447.7 MiB,648.2 MiB,13007.6 MiB
1,g++-4.8 4.8.5,nbody_2.c 50000000,54,1695316512,2961846,nbody_2_g++-4.8,1:03.52,6496,1952,1780,93.8,0.0,1,4,1:03,0,12,556,0,215,0,1952,331,2,281,48,0,13.6,0.8,0.0,85.6,0.0,0.0,0.0,0.0,15794.9 MiB,4047.3 MiB,2197.4 MiB,9550.2 MiB,4096.0 MiB,3447.7 MiB,648.2 MiB,13007.9 MiB
1,g++-4.8 4.8.5,nbody_2.c 50000000,55,1695316513,2961846,nbody_2_g++-4.8,1:04.69,6496,1952,1780,93.8,0.0,1,0,1:04,0,12,556,0,215,0,1952,331,2,281,48,0,12.2,0.8,0.0,87.0,0.0,0.0,0.0,0.0,15794.9 MiB,4047.5 MiB,2197.2 MiB,9550.2 MiB,4096.0 MiB,3447.7 MiB,648.2 MiB,13008.1 MiB
1,g++-4.8 4.8.5,nbody_2.c 50000000,56,1695316514,2961846,nbody_2_g++-4.8,1:05.87,6496,1952,1780,100.0,0.0,1,0,1:05,0,12,556,0,215,0,1952,331,2,281,48,0,12.9,0.8,0.0,86.4,0.0,0.0,0.0,0.0,15794.9 MiB,4047.8 MiB,2196.9 MiB,9550.2 MiB,4096.0 MiB,3447.7 MiB,648.2 MiB,13008.4 MiB
1,g++-4.8 4.8.5,nbody_2.c 50000000,57,1695316516,2961846,nbody_2_g++-4.8,1:07.04,6496,1952,1780,93.8,0.0,1,0,1:07,0,12,556,0,215,0,1952,331,2,281,48,0,13.0,0.8,0.0,86.3,0.0,0.0,0.0,0.0,15794.9 MiB,4047.8 MiB,2197.0 MiB,9550.2 MiB,4096.0 MiB,3447.7 MiB,648.2 MiB,13008.4 MiB
1,g++-4.8 4.8.5,nbody_2.c 50000000,58,1695316517,2961846,nbody_2_g++-4.8,1:08.21,6496,1952,1780,93.8,0.0,1,0,1:08,0,12,556,0,215,0,1952,331,2,281,48,0,12.9,0.8,0.0,86.4,0.0,0.0,0.0,0.0,15794.9 MiB,4047.3 MiB,2197.4 MiB,9550.2 MiB,4096.0 MiB,3447.7 MiB,648.2 MiB,13007.9 MiB
1,g++-4.8 4.8.5,nbody_2.c 50000000,59,1695316518,2961846,nbody_2_g++-4.8,1:09.39,6496,1952,1780,100.0,0.0,1,0,1:09,0,12,556,0,215,0,1952,331,2,281,48,0,12.9,0.8,0.0,85.6,0.8,0.0,0.0,0.0,15794.9 MiB,4046.6 MiB,2198.2 MiB,9550.2 MiB,4096.0 MiB,3447.7 MiB,648.2 MiB,13007.2 MiB
1,g++-4.8 4.8.5,nbody_2.c 50000000,60,1695316519,2961846,nbody_2_g++-4.8,1:10.56,6496,1952,1780,93.8,0.0,1,0,1:10,0,12,556,0,215,0,1952,331,2,281,48,0,12.3,0.8,0.0,86.9,0.0,0.0,0.0,0.0,15794.9 MiB,4046.3 MiB,2198.4 MiB,9550.2 MiB,4096.0 MiB,3447.7 MiB,648.2 MiB,13006.9 MiB
1,g++-4.8 4.8.5,nbody_2.c 50000000,61,1695316520,2961846,nbody_2_g++-4.8,1:11.73,6496,1952,1780,93.8,0.0,1,0,1:11,0,12,556,0,215,0,1952,331,2,281,48,0,13.0,0.8,0.0,86.3,0.0,0.0,0.0,0.0,15794.9 MiB,4046.6 MiB,2198.1 MiB,9550.2 MiB,4096.0 MiB,3447.7 MiB,648.2 MiB,13007.2 MiB
1,g++-4.8 4.8.5,nbody_2.c 50000000,62,1695316521,2961846,nbody_2_g++-4.8,1:12.91,6496,1952,1780,100.0,0.0,1,0,1:12,0,12,556,0,215,0,1952,331,2,281,48,0,12.9,0.8,0.0,86.4,0.0,0.0,0.0,0.0,15794.9 MiB,4047.1 MiB,2197.7 MiB,9550.2 MiB,4096.0 MiB,3447.7 MiB,648.2 MiB,13007.7 MiB
1,g++-4.8 4.8.5,nbody_2.c 50000000,63,1695316523,2961846,nbody_2_g++-4.8,1:14.08,6496,1952,1780,93.8,0.0,1,0,1:14,0,12,556,0,215,0,1952,331,2,281,48,0,13.0,0.8,0.0,86.3,0.0,0.0,0.0,0.0,15794.9 MiB,4047.5 MiB,2197.2 MiB,9550.2 MiB,4096.0 MiB,3447.7 MiB,648.2 MiB,13008.2 MiB
2,g++-4.8 4.8.5,nbody_2.c 50000000,0,1695316524,2962250,nbody_2_g++-4.8,0:00.16,6496,1944,1772,100.0,0.0,1,2,0:00,0,12,556,0,227,0,1944,331,2,281,48,0,13.6,0.8,0.0,85.6,0.0,0.0,0.0,0.0,15794.9 MiB,4047.3 MiB,2190.8 MiB,9556.8 MiB,4096.0 MiB,3447.7 MiB,648.2 MiB,13007.9 MiB
2,g++-4.8 4.8.5,nbody_2.c 50000000,1,1695316525,2962250,nbody_2_g++-4.8,0:01.34,6496,1944,1772,100.0,0.0,1,2,0:01,0,12,556,0,227,0,1944,331,2,281,48,0,12.9,0.8,0.0,86.4,0.0,0.0,0.0,0.0,15794.9 MiB,4046.3 MiB,2191.4 MiB,9557.2 MiB,4096.0 MiB,3447.7 MiB,648.2 MiB,13006.9 MiB
2,g++-4.8 4.8.5,nbody_2.c 50000000,2,1695316526,2962250,nbody_2_g++-4.8,0:02.51,6496,1944,1772,100.0,0.0,1,2,0:02,0,12,556,0,227,0,1944,331,2,281,48,0,12.9,0.8,0.0,86.4,0.0,0.0,0.0,0.0,15794.9 MiB,4049.8 MiB,2194.9 MiB,9550.2 MiB,4096.0 MiB,3447.7 MiB,648.2 MiB,13010.4 MiB
2,g++-4.8 4.8.5,nbody_2.c 50000000,3,1695316527,2962250,nbody_2_g++-4.8,0:03.68,6496,1944,1772,100.0,0.0,1,2,0:03,0,12,556,0,227,0,1944,331,2,281,48,0,13.4,1.5,0.0,85.1,0.0,0.0,0.0,0.0,15794.9 MiB,4049.8 MiB,2194.9 MiB,9550.2 MiB,4096.0 MiB,3447.7 MiB,648.2 MiB,13010.4 MiB
2,g++-4.8 4.8.5,nbody_2.c 50000000,4,1695316528,2962250,nbody_2_g++-4.8,0:04.86,6496,1944,1772,100.0,0.0,1,6,0:04,0,12,556,0,227,0,1944,331,3,280,48,0,13.6,0.8,0.0,85.6,0.0,0.0,0.0,0.0,15794.9 MiB,4049.8 MiB,2194.9 MiB,9550.2 MiB,4096.0 MiB,3447.7 MiB,648.2 MiB,13010.4 MiB
2,g++-4.8 4.8.5,nbody_2.c 50000000,5,1695316530,2962250,nbody_2_g++-4.8,0:06.03,6496,1944,1772,100.0,0.0,1,6,0:06,0,12,556,0,227,0,1944,332,2,282,48,0,12.9,1.5,0.0,85.6,0.0,0.0,0.0,0.0,15794.9 MiB,4049.8 MiB,2194.9 MiB,9550.2 MiB,4096.0 MiB,3447.7 MiB,648.2 MiB,13010.4 MiB
2,g++-4.8 4.8.5,nbody_2.c 50000000,6,1695316531,2962250,nbody_2_g++-4.8,0:07.20,6496,1944,1772,100.0,0.0,1,6,0:07,0,12,556,0,227,0,1944,332,2,282,48,0,12.8,1.5,0.0,85.0,0.0,0.0,0.8,0.0,15794.9 MiB,4049.5 MiB,2195.2 MiB,9550.2 MiB,4096.0 MiB,3447.7 MiB,648.2 MiB,13010.2 MiB
2,g++-4.8 4.8.5,nbody_2.c 50000000,7,1695316532,2962250,nbody_2_g++-4.8,0:08.38,6496,1944,1772,100.0,0.0,1,6,0:08,0,12,556,0,227,0,1944,332,2,282,48,0,12.8,1.5,0.0,85.7,0.0,0.0,0.0,0.0,15794.9 MiB,4049.5 MiB,2195.2 MiB,9550.2 MiB,4096.0 MiB,3447.7 MiB,648.2 MiB,13010.2 MiB
2,g++-4.8 4.8.5,nbody_2.c 50000000,8,1695316533,2962250,nbody_2_g++-4.8,0:09.55,6496,1944,1772,93.8,0.0,1,6,0:09,0,12,556,0,227,0,1944,331,2,281,48,0,12.8,1.5,0.0,85.7,0.0,0.0,0.0,0.0,15794.9 MiB,4049.5 MiB,2195.2 MiB,9550.2 MiB,4096.0 MiB,3447.7 MiB,648.2 MiB,13010.2 MiB
2,g++-4.8 4.8.5,nbody_2.c 50000000,9,1695316534,2962250,nbody_2_g++-4.8,0:10.72,6496,1944,1772,93.8,0.0,1,6,0:10,0,12,556,0,227,0,1944,331,2,281,48,0,13.5,0.8,0.0,85.7,0.0,0.0,0.0,0.0,15794.9 MiB,4048.8 MiB,2195.9 MiB,9550.2 MiB,4096.0 MiB,3447.7 MiB,648.2 MiB,13009.4 MiB
2,g++-4.8 4.8.5,nbody_2.c 50000000,10,1695316535,2962250,nbody_2_g++-4.8,0:11.90,6496,1944,1772,100.0,0.0,1,2,0:11,0,12,556,0,227,0,1944,331,2,281,48,0,12.8,1.5,0.0,85.7,0.0,0.0,0.0,0.0,15794.9 MiB,4049.6 MiB,2195.1 MiB,9550.2 MiB,4096.0 MiB,3447.7 MiB,648.2 MiB,13010.2 MiB
2,g++-4.8 4.8.5,nbody_2.c 50000000,11,1695316537,2962250,nbody_2_g++-4.8,0:13.07,6496,1944,1772,100.0,0.0,1,2,0:13,0,12,556,0,227,0,1944,332,2,282,48,0,12.8,1.5,0.0,85.7,0.0,0.0,0.0,0.0,15794.9 MiB,4051.0 MiB,2193.7 MiB,9550.2 MiB,4096.0 MiB,3447.7 MiB,648.2 MiB,13011.7 MiB
2,g++-4.8 4.8.5,nbody_2.c 50000000,12,1695316538,2962250,nbody_2_g++-4.8,0:14.24,6496,1944,1772,93.8,0.0,1,6,0:14,0,12,556,0,227,0,1944,332,2,282,48,0,13.5,1.5,0.0,85.0,0.0,0.0,0.0,0.0,15794.9 MiB,4051.0 MiB,2193.7 MiB,9550.2 MiB,4096.0 MiB,3447.7 MiB,648.2 MiB,13011.7 MiB
2,g++-4.8 4.8.5,nbody_2.c 50000000,13,1695316539,2962250,nbody_2_g++-4.8,0:15.42,6496,1944,1772,100.0,0.0,1,6,0:15,0,12,556,0,227,0,1944,332,2,282,48,0,13.1,0.0,0.0,86.9,0.0,0.0,0.0,0.0,15794.9 MiB,4050.5 MiB,2194.2 MiB,9550.2 MiB,4096.0 MiB,3447.7 MiB,648.2 MiB,13011.2 MiB
2,g++-4.8 4.8.5,nbody_2.c 50000000,14,1695316540,2962250,nbody_2_g++-4.8,0:16.59,6496,1944,1772,100.0,0.0,1,6,0:16,0,12,556,0,227,0,1944,331,2,281,48,0,13.1,0.0,0.0,86.9,0.0,0.0,0.0,0.0,15794.9 MiB,4051.0 MiB,2193.6 MiB,9550.2 MiB,4096.0 MiB,3447.7 MiB,648.2 MiB,13011.7 MiB
2,g++-4.8 4.8.5,nbody_2.c 50000000,15,1695316541,2962250,nbody_2_g++-4.8,0:17.77,6496,1944,1772,100.0,0.0,1,2,0:17,0,12,556,0,227,0,1944,331,2,281,48,0,13.4,1.5,0.0,85.1,0.0,0.0,0.0,0.0,15794.9 MiB,4050.8 MiB,2193.9 MiB,9550.2 MiB,4096.0 MiB,3447.7 MiB,648.2 MiB,13011.4 MiB
2,g++-4.8 4.8.5,nbody_2.c 50000000,16,1695316542,2962250,nbody_2_g++-4.8,0:18.94,6496,1944,1772,100.0,0.0,1,2,0:18,0,12,556,0,227,0,1944,331,2,281,48,0,12.8,1.5,0.0,85.7,0.0,0.0,0.0,0.0,15794.9 MiB,4050.8 MiB,2193.9 MiB,9550.2 MiB,4096.0 MiB,3447.7 MiB,648.2 MiB,13011.4 MiB
2,g++-4.8 4.8.5,nbody_2.c 50000000,17,1695316544,2962250,nbody_2_g++-4.8,0:20.11,6496,1944,1772,100.0,0.0,1,2,0:20,0,12,556,0,227,0,1944,332,2,282,48,0,12.3,0.8,0.0,86.9,0.0,0.0,0.0,0.0,15794.9 MiB,4050.8 MiB,2193.9 MiB,9550.2 MiB,4096.0 MiB,3447.7 MiB,648.2 MiB,13011.4 MiB
2,g++-4.8 4.8.5,nbody_2.c 50000000,18,1695316545,2962250,nbody_2_g++-4.8,0:21.29,6496,1944,1772,100.0,0.0,1,2,0:21,0,12,556,0,227,0,1944,332,2,282,48,0,13.6,0.8,0.0,85.6,0.0,0.0,0.0,0.0,15794.9 MiB,4050.8 MiB,2193.8 MiB,9550.3 MiB,4096.0 MiB,3447.7 MiB,648.2 MiB,13011.4 MiB
2,g++-4.8 4.8.5,nbody_2.c 50000000,19,1695316546,2962250,nbody_2_g++-4.8,0:22.46,6496,1944,1772,100.0,0.0,1,2,0:22,0,12,556,0,227,0,1944,332,2,282,48,0,12.8,2.3,0.0,84.2,0.8,0.0,0.0,0.0,15794.9 MiB,4052.2 MiB,2191.6 MiB,9551.0 MiB,4096.0 MiB,3447.7 MiB,648.2 MiB,13013.7 MiB
2,g++-4.8 4.8.5,nbody_2.c 50000000,20,1695316547,2962250,nbody_2_g++-4.8,0:23.63,6496,1944,1772,100.0,0.0,1,2,0:23,0,12,556,0,227,0,1944,331,2,281,48,0,13.6,0.8,0.0,85.6,0.0,0.0,0.0,0.0,15794.9 MiB,4051.5 MiB,2192.3 MiB,9551.0 MiB,4096.0 MiB,3447.7 MiB,648.2 MiB,13012.9 MiB
2,g++-4.8 4.8.5,nbody_2.c 50000000,21,1695316548,2962250,nbody_2_g++-4.8,0:24.81,6496,1944,1772,100.0,0.0,1,2,0:24,0,12,556,0,227,0,1944,331,2,281,48,0,12.9,0.8,0.0,86.4,0.0,0.0,0.0,0.0,15794.9 MiB,4051.3 MiB,2192.6 MiB,9551.0 MiB,4096.0 MiB,3447.7 MiB,648.2 MiB,13012.7 MiB
2,g++-4.8 4.8.5,nbody_2.c 50000000,22,1695316550,2962250,nbody_2_g++-4.8,0:25.98,6496,1944,1772,100.0,0.0,1,2,0:25,0,12,556,0,227,0,1944,332,2,282,48,0,12.9,1.5,0.0,85.6,0.0,0.0,0.0,0.0,15794.9 MiB,4051.0 MiB,2192.8 MiB,9551.0 MiB,4096.0 MiB,3447.7 MiB,648.2 MiB,13012.5 MiB
2,g++-4.8 4.8.5,nbody_2.c 50000000,23,1695316551,2962250,nbody_2_g++-4.8,0:27.15,6496,1944,1772,100.0,0.0,1,6,0:27,0,12,556,0,227,0,1944,332,2,282,48,0,13.0,0.8,0.0,86.3,0.0,0.0,0.0,0.0,15794.9 MiB,4051.0 MiB,2192.8 MiB,9551.0 MiB,4096.0 MiB,3447.7 MiB,648.2 MiB,13012.5 MiB
2,g++-4.8 4.8.5,nbody_2.c 50000000,24,1695316552,2962250,nbody_2_g++-4.8,0:28.32,6496,1944,1772,93.8,0.0,1,6,0:28,0,12,556,0,227,0,1944,331,2,281,48,0,12.9,1.5,0.0,85.6,0.0,0.0,0.0,0.0,15794.9 MiB,4051.0 MiB,2192.8 MiB,9551.0 MiB,4096.0 MiB,3447.7 MiB,648.2 MiB,13012.5 MiB
2,g++-4.8 4.8.5,nbody_2.c 50000000,25,1695316553,2962250,nbody_2_g++-4.8,0:29.50,6496,1944,1772,100.0,0.0,1,6,0:29,0,12,556,0,227,0,1944,331,2,281,48,0,12.8,1.5,0.0,85.0,0.8,0.0,0.0,0.0,15794.9 MiB,4050.3 MiB,2193.5 MiB,9551.0 MiB,4096.0 MiB,3447.7 MiB,648.2 MiB,13011.7 MiB
2,g++-4.8 4.8.5,nbody_2.c 50000000,26,1695316554,2962250,nbody_2_g++-4.8,0:30.67,6496,1944,1772,100.0,0.0,1,6,0:30,0,12,556,0,227,0,1944,331,2,281,48,0,13.0,0.8,0.0,86.3,0.0,0.0,0.0,0.0,15794.9 MiB,4051.0 MiB,2192.8 MiB,9551.0 MiB,4096.0 MiB,3447.7 MiB,648.2 MiB,13012.5 MiB
2,g++-4.8 4.8.5,nbody_2.c 50000000,27,1695316555,2962250,nbody_2_g++-4.8,0:31.85,6496,1944,1772,100.0,0.0,1,6,0:31,0,12,556,0,227,0,1944,332,2,282,48,0,13.6,0.8,0.0,85.6,0.0,0.0,0.0,0.0,15794.9 MiB,4051.0 MiB,2192.8 MiB,9551.0 MiB,4096.0 MiB,3447.7 MiB,648.2 MiB,13012.5 MiB
2,g++-4.8 4.8.5,nbody_2.c 50000000,28,1695316557,2962250,nbody_2_g++-4.8,0:33.02,6496,1944,1772,100.0,0.0,1,2,0:33,0,12,556,0,227,0,1944,332,2,282,48,0,12.9,0.8,0.0,86.4,0.0,0.0,0.0,0.0,15794.9 MiB,4050.8 MiB,2193.0 MiB,9551.0 MiB,4096.0 MiB,3447.7 MiB,648.2 MiB,13012.2 MiB
2,g++-4.8 4.8.5,nbody_2.c 50000000,29,1695316558,2962250,nbody_2_g++-4.8,0:34.19,6496,1944,1772,100.0,0.0,1,2,0:34,0,12,556,0,227,0,1944,331,2,281,48,0,13.6,0.8,0.0,85.6,0.0,0.0,0.0,0.0,15794.9 MiB,4050.5 MiB,2193.3 MiB,9551.0 MiB,4096.0 MiB,3447.7 MiB,648.2 MiB,13012.0 MiB
2,g++-4.8 4.8.5,nbody_2.c 50000000,30,1695316559,2962250,nbody_2_g++-4.8,0:35.36,6496,1944,1772,93.8,0.0,1,2,0:35,0,12,556,0,227,0,1944,331,2,281,48,0,12.9,1.5,0.0,85.6,0.0,0.0,0.0,0.0,15794.9 MiB,4051.3 MiB,2192.5 MiB,9551.1 MiB,4096.0 MiB,3447.7 MiB,648.2 MiB,13012.7 MiB
2,g++-4.8 4.8.5,nbody_2.c 50000000,31,1695316560,2962250,nbody_2_g++-4.8,0:36.54,6496,1944,1772,100.0,0.0,1,2,0:36,0,12,556,0,227,0,1944,331,2,281,48,0,13.6,0.8,0.0,85.6,0.0,0.0,0.0,0.0,15794.9 MiB,4051.5 MiB,2192.3 MiB,9551.1 MiB,4096.0 MiB,3447.7 MiB,648.2 MiB,13013.0 MiB
2,g++-4.8 4.8.5,nbody_2.c 50000000,32,1695316561,2962250,nbody_2_g++-4.8,0:37.71,6496,1944,1772,93.8,0.0,1,2,0:37,0,12,556,0,227,0,1944,331,2,281,48,0,12.9,0.8,0.0,86.4,0.0,0.0,0.0,0.0,15794.9 MiB,4051.8 MiB,2192.0 MiB,9551.1 MiB,4096.0 MiB,3447.7 MiB,648.2 MiB,13013.2 MiB
2,g++-4.8 4.8.5,nbody_2.c 50000000,33,1695316562,2962250,nbody_2_g++-4.8,0:38.88,6496,1944,1772,100.0,0.0,1,6,0:38,0,12,556,0,227,0,1944,332,2,282,48,0,12.2,0.8,0.0,87.0,0.0,0.0,0.0,0.0,15794.9 MiB,4051.5 MiB,2192.3 MiB,9551.0 MiB,4096.0 MiB,3447.7 MiB,648.2 MiB,13013.0 MiB
2,g++-4.8 4.8.5,nbody_2.c 50000000,34,1695316564,2962250,nbody_2_g++-4.8,0:40.06,6496,1944,1772,100.0,0.0,1,2,0:40,0,12,556,0,227,0,1944,332,2,282,48,0,13.0,0.8,0.0,86.3,0.0,0.0,0.0,0.0,15794.9 MiB,4051.3 MiB,2192.6 MiB,9551.0 MiB,4096.0 MiB,3447.7 MiB,648.2 MiB,13012.7 MiB
2,g++-4.8 4.8.5,nbody_2.c 50000000,35,1695316565,2962250,nbody_2_g++-4.8,0:41.23,6496,1944,1772,93.8,0.0,1,2,0:41,0,12,556,0,227,0,1944,332,2,282,48,0,13.0,0.8,0.0,86.3,0.0,0.0,0.0,0.0,15794.9 MiB,4050.8 MiB,2193.1 MiB,9551.0 MiB,4096.0 MiB,3447.7 MiB,648.2 MiB,13012.3 MiB
2,g++-4.8 4.8.5,nbody_2.c 50000000,36,1695316566,2962250,nbody_2_g++-4.8,0:42.40,6496,1944,1772,100.0,0.0,1,2,0:42,0,12,556,0,227,0,1944,331,2,281,48,0,13.6,0.8,0.0,85.6,0.0,0.0,0.0,0.0,15794.9 MiB,4051.8 MiB,2192.1 MiB,9551.0 MiB,4096.0 MiB,3447.7 MiB,648.2 MiB,13013.2 MiB
2,g++-4.8 4.8.5,nbody_2.c 50000000,37,1695316567,2962250,nbody_2_g++-4.8,0:43.58,6496,1944,1772,100.0,0.0,1,2,0:43,0,12,556,0,227,0,1944,331,2,281,48,0,13.0,0.8,0.0,86.3,0.0,0.0,0.0,0.0,15794.9 MiB,4051.8 MiB,2192.1 MiB,9551.0 MiB,4096.0 MiB,3447.7 MiB,648.2 MiB,13013.2 MiB
2,g++-4.8 4.8.5,nbody_2.c 50000000,38,1695316568,2962250,nbody_2_g++-4.8,0:44.75,6496,1944,1772,93.8,0.0,1,2,0:44,0,12,556,0,227,0,1944,331,2,281,48,0,12.2,0.8,0.0,87.0,0.0,0.0,0.0,0.0,15794.9 MiB,4052.3 MiB,2191.6 MiB,9551.0 MiB,4096.0 MiB,3447.7 MiB,648.2 MiB,13013.7 MiB
2,g++-4.8 4.8.5,nbody_2.c 50000000,39,1695316569,2962250,nbody_2_g++-4.8,0:45.93,6496,1944,1772,100.0,0.0,1,2,0:45,0,12,556,0,227,0,1944,332,2,282,48,0,12.9,0.8,0.0,86.4,0.0,0.0,0.0,0.0,15794.9 MiB,4051.8 MiB,2192.1 MiB,9551.0 MiB,4096.0 MiB,3447.7 MiB,648.2 MiB,13013.2 MiB
2,g++-4.8 4.8.5,nbody_2.c 50000000,40,1695316571,2962250,nbody_2_g++-4.8,0:47.10,6496,1944,1772,100.0,0.0,1,6,0:47,0,12,556,0,227,0,1944,332,2,282,48,0,12.1,1.5,0.0,86.4,0.0,0.0,0.0,0.0,15794.9 MiB,4051.5 MiB,2192.3 MiB,9551.0 MiB,4096.0 MiB,3447.7 MiB,648.2 MiB,13013.0 MiB
2,g++-4.8 4.8.5,nbody_2.c 50000000,41,1695316572,2962250,nbody_2_g++-4.8,0:48.27,6496,1944,1772,93.8,0.0,1,6,0:48,0,12,556,0,227,0,1944,331,2,281,48,0,13.0,0.8,0.0,86.3,0.0,0.0,0.0,0.0,15794.9 MiB,4051.5 MiB,2192.3 MiB,9551.0 MiB,4096.0 MiB,3447.7 MiB,648.2 MiB,13013.0 MiB
2,g++-4.8 4.8.5,nbody_2.c 50000000,42,1695316573,2962250,nbody_2_g++-4.8,0:49.44,6496,1944,1772,93.8,0.0,1,6,0:49,0,12,556,0,227,0,1944,331,2,281,48,0,13.5,0.8,0.0,85.7,0.0,0.0,0.0,0.0,15794.9 MiB,4051.5 MiB,2192.3 MiB,9551.0 MiB,4096.0 MiB,3447.7 MiB,648.2 MiB,13013.0 MiB
2,g++-4.8 4.8.5,nbody_2.c 50000000,43,1695316574,2962250,nbody_2_g++-4.8,0:50.62,6496,1944,1772,100.0,0.0,1,6,0:50,0,12,556,0,227,0,1944,331,2,281,48,0,12.0,1.5,0.0,85.7,0.0,0.0,0.8,0.0,15794.9 MiB,4051.3 MiB,2192.5 MiB,9551.0 MiB,4096.0 MiB,3447.7 MiB,648.2 MiB,13012.8 MiB
2,g++-4.8 4.8.5,nbody_2.c 50000000,44,1695316575,2962250,nbody_2_g++-4.8,0:51.79,6496,1944,1772,100.0,0.0,1,6,0:51,0,12,556,0,227,0,1944,332,2,282,48,0,12.9,1.5,0.0,85.6,0.0,0.0,0.0,0.0,15794.9 MiB,4051.3 MiB,2192.6 MiB,9551.0 MiB,4096.0 MiB,3447.7 MiB,648.2 MiB,13012.8 MiB
2,g++-4.8 4.8.5,nbody_2.c 50000000,45,1695316577,2962250,nbody_2_g++-4.8,0:52.96,6496,1944,1772,100.0,0.0,1,6,0:52,0,12,556,0,227,0,1944,332,2,282,48,0,13.0,0.8,0.0,86.3,0.0,0.0,0.0,0.0,15794.9 MiB,4051.3 MiB,2192.6 MiB,9551.0 MiB,4096.0 MiB,3447.7 MiB,648.2 MiB,13012.8 MiB
2,g++-4.8 4.8.5,nbody_2.c 50000000,46,1695316578,2962250,nbody_2_g++-4.8,0:54.14,6496,1944,1772,100.0,0.0,1,6,0:54,0,12,556,0,227,0,1944,331,2,281,48,0,12.9,1.5,0.0,85.6,0.0,0.0,0.0,0.0,15794.9 MiB,4050.8 MiB,2193.0 MiB,9551.0 MiB,4096.0 MiB,3447.7 MiB,648.2 MiB,13012.3 MiB
2,g++-4.8 4.8.5,nbody_2.c 50000000,47,1695316579,2962250,nbody_2_g++-4.8,0:55.31,6496,1944,1772,100.0,0.0,1,6,0:55,0,12,556,0,227,0,1944,331,2,281,48,0,13.0,0.8,0.0,86.3,0.0,0.0,0.0,0.0,15794.9 MiB,4051.5 MiB,2192.3 MiB,9551.0 MiB,4096.0 MiB,3447.7 MiB,648.2 MiB,13013.0 MiB
2,g++-4.8 4.8.5,nbody_2.c 50000000,48,1695316580,2962250,nbody_2_g++-4.8,0:56.48,6496,1944,1772,100.0,0.0,1,6,0:56,0,12,556,0,227,0,1944,331,2,281,48,0,12.3,0.8,0.0,86.9,0.0,0.0,0.0,0.0,15794.9 MiB,4051.5 MiB,2192.3 MiB,9551.0 MiB,4096.0 MiB,3447.7 MiB,648.2 MiB,13013.0 MiB
2,g++-4.8 4.8.5,nbody_2.c 50000000,49,1695316581,2962250,nbody_2_g++-4.8,0:57.66,6496,1944,1772,100.0,0.0,1,6,0:57,0,12,556,0,227,0,1944,331,2,281,48,0,13.6,0.8,0.0,85.6,0.0,0.0,0.0,0.0,15794.9 MiB,4051.8 MiB,2192.1 MiB,9551.0 MiB,4096.0 MiB,3447.7 MiB,648.2 MiB,13013.3 MiB
2,g++-4.8 4.8.5,nbody_2.c 50000000,50,1695316582,2962250,nbody_2_g++-4.8,0:58.83,6496,1944,1772,100.0,0.0,1,6,0:58,0,12,556,0,227,0,1944,331,2,281,48,0,13.6,0.8,0.0,85.6,0.0,0.0,0.0,0.0,15794.9 MiB,4051.8 MiB,2192.1 MiB,9551.0 MiB,4096.0 MiB,3447.7 MiB,648.2 MiB,13013.3 MiB
2,g++-4.8 4.8.5,nbody_2.c 50000000,51,1695316584,2962250,nbody_2_g++-4.8,1:00.01,6496,1944,1772,100.0,0.0,1,6,1:00,0,12,556,0,227,0,1944,331,2,281,48,0,13.4,1.5,0.0,85.1,0.0,0.0,0.0,0.0,15794.9 MiB,4051.5 MiB,2192.3 MiB,9551.0 MiB,4096.0 MiB,3447.7 MiB,648.2 MiB,13013.0 MiB
2,g++-4.8 4.8.5,nbody_2.c 50000000,52,1695316585,2962250,nbody_2_g++-4.8,1:01.18,6496,1944,1772,100.0,0.0,1,6,1:01,0,12,556,0,227,0,1944,331,2,281,48,0,12.9,0.8,0.0,86.4,0.0,0.0,0.0,0.0,15794.9 MiB,4051.0 MiB,2192.8 MiB,9551.0 MiB,4096.0 MiB,3447.7 MiB,648.2 MiB,13012.5 MiB
2,g++-4.8 4.8.5,nbody_2.c 50000000,53,1695316586,2962250,nbody_2_g++-4.8,1:02.35,6496,1944,1772,100.0,0.0,1,6,1:02,0,12,556,0,227,0,1944,332,2,282,48,0,12.8,1.5,0.0,85.7,0.0,0.0,0.0,0.0,15794.9 MiB,4051.0 MiB,2192.8 MiB,9551.0 MiB,4096.0 MiB,3447.7 MiB,648.2 MiB,13012.5 MiB
2,g++-4.8 4.8.5,nbody_2.c 50000000,54,1695316587,2962250,nbody_2_g++-4.8,1:03.53,6496,1944,1772,100.0,0.0,1,6,1:03,0,12,556,0,227,0,1944,332,2,282,48,0,12.8,1.5,0.0,85.7,0.0,0.0,0.0,0.0,15794.9 MiB,4050.8 MiB,2193.0 MiB,9551.0 MiB,4096.0 MiB,3447.7 MiB,648.2 MiB,13012.3 MiB
2,g++-4.8 4.8.5,nbody_2.c 50000000,55,1695316588,2962250,nbody_2_g++-4.8,1:04.70,6496,1944,1772,100.0,0.0,1,2,1:04,0,12,556,0,227,0,1944,332,2,282,48,0,12.9,1.5,0.0,85.6,0.0,0.0,0.0,0.0,15794.9 MiB,4050.8 MiB,2193.0 MiB,9551.0 MiB,4096.0 MiB,3447.7 MiB,648.2 MiB,13012.3 MiB
2,g++-4.8 4.8.5,nbody_2.c 50000000,56,1695316589,2962250,nbody_2_g++-4.8,1:05.87,6496,1944,1772,100.0,0.0,1,2,1:05,0,12,556,0,227,0,1944,331,2,281,48,0,13.5,1.5,0.0,85.0,0.0,0.0,0.0,0.0,15794.9 MiB,4051.8 MiB,2192.1 MiB,9551.0 MiB,4096.0 MiB,3447.7 MiB,648.2 MiB,13013.3 MiB
2,g++-4.8 4.8.5,nbody_2.c 50000000,57,1695316591,2962250,nbody_2_g++-4.8,1:07.05,6496,1944,1772,100.0,0.0,1,2,1:07,0,12,556,0,227,0,1944,331,2,281,48,0,12.9,0.8,0.0,86.4,0.0,0.0,0.0,0.0,15794.9 MiB,4051.5 MiB,2192.3 MiB,9551.0 MiB,4096.0 MiB,3447.7 MiB,648.2 MiB,13013.0 MiB
2,g++-4.8 4.8.5,nbody_2.c 50000000,58,1695316592,2962250,nbody_2_g++-4.8,1:08.22,6496,1944,1772,100.0,0.0,1,2,1:08,0,12,556,0,227,0,1944,332,2,282,48,0,13.5,0.8,0.0,85.7,0.0,0.0,0.0,0.0,15794.9 MiB,4051.6 MiB,2192.3 MiB,9551.0 MiB,4096.0 MiB,3447.7 MiB,648.2 MiB,13013.1 MiB
2,g++-4.8 4.8.5,nbody_2.c 50000000,59,1695316593,2962250,nbody_2_g++-4.8,1:09.39,6496,1944,1772,100.0,0.0,1,2,1:09,0,12,556,0,227,0,1944,332,2,282,48,0,12.8,0.8,0.0,85.7,0.8,0.0,0.0,0.0,15794.9 MiB,4051.8 MiB,2192.0 MiB,9551.0 MiB,4096.0 MiB,3447.7 MiB,648.2 MiB,13013.3 MiB
2,g++-4.8 4.8.5,nbody_2.c 50000000,60,1695316594,2962250,nbody_2_g++-4.8,1:10.57,6496,1944,1772,100.0,0.0,1,2,1:10,0,12,556,0,227,0,1944,332,2,282,48,0,12.8,1.5,0.0,85.7,0.0,0.0,0.0,0.0,15794.9 MiB,4052.0 MiB,2191.8 MiB,9551.0 MiB,4096.0 MiB,3447.7 MiB,648.2 MiB,13013.5 MiB
2,g++-4.8 4.8.5,nbody_2.c 50000000,61,1695316595,2962250,nbody_2_g++-4.8,1:11.75,6496,1944,1772,94.1,0.0,1,2,1:11,0,12,556,0,227,0,1944,331,2,281,48,0,13.5,1.4,0.0,85.1,0.0,0.0,0.0,0.0,15794.9 MiB,4051.8 MiB,2192.0 MiB,9551.0 MiB,4096.0 MiB,3447.7 MiB,648.2 MiB,13013.3 MiB
2,g++-4.8 4.8.5,nbody_2.c 50000000,62,1695316596,2962250,nbody_2_g++-4.8,1:12.93,6496,1944,1772,100.0,0.0,1,2,1:12,0,12,556,0,227,0,1944,331,2,281,48,0,13.1,1.5,0.0,85.4,0.0,0.0,0.0,0.0,15794.9 MiB,4053.0 MiB,2190.8 MiB,9551.0 MiB,4096.0 MiB,3447.7 MiB,648.2 MiB,13014.5 MiB
2,g++-4.8 4.8.5,nbody_2.c 50000000,63,1695316598,2962250,nbody_2_g++-4.8,1:14.11,6496,1944,1772,100.0,0.0,1,2,1:14,0,12,556,0,227,0,1944,332,2,282,48,0,13.0,0.8,0.0,86.3,0.0,0.0,0.0,0.0,15794.9 MiB,4052.0 MiB,2191.8 MiB,9551.0 MiB,4096.0 MiB,3447.7 MiB,648.2 MiB,13013.5 MiB
2,g++-4.8 4.8.5,nbody_2.c 50000000,64,1695316599,2962250,nbody_2_g++-4.8,1:15.28,6496,1944,1772,100.0,0.0,1,2,1:15,0,12,556,0,227,0,1944,332,2,282,48,0,12.8,1.5,0.0,85.0,0.8,0.0,0.0,0.0,15794.9 MiB,4052.3 MiB,2191.5 MiB,9551.1 MiB,4096.0 MiB,3447.7 MiB,648.2 MiB,13013.8 MiB
2,g++-4.8 4.8.5,nbody_2.c 50000000,65,1695316600,2962250,nbody_2_g++-4.8,1:16.45,6496,1944,1772,93.8,0.0,1,2,1:16,0,12,556,0,227,0,1944,332,2,282,48,0,13.0,0.8,0.0,86.3,0.0,0.0,0.0,0.0,15794.9 MiB,4051.8 MiB,2192.0 MiB,9551.1 MiB,4096.0 MiB,3447.7 MiB,648.2 MiB,13013.3 MiB
2,g++-4.8 4.8.5,nbody_2.c 50000000,66,1695316601,2962250,nbody_2_g++-4.8,1:17.63,6496,1944,1772,100.0,0.0,1,2,1:17,0,12,556,0,227,0,1944,331,2,281,48,0,13.5,0.8,0.0,85.7,0.0,0.0,0.0,0.0,15794.9 MiB,4051.8 MiB,2192.0 MiB,9551.1 MiB,4096.0 MiB,3447.7 MiB,648.2 MiB,13013.3 MiB
2,g++-4.8 4.8.5,nbody_2.c 50000000,67,1695316602,2962250,nbody_2_g++-4.8,1:18.80,6496,1944,1772,93.8,0.0,1,2,1:18,0,12,556,0,227,0,1944,331,2,281,48,0,12.9,0.8,0.0,86.4,0.0,0.0,0.0,0.0,15794.9 MiB,4051.3 MiB,2192.5 MiB,9551.1 MiB,4096.0 MiB,3447.7 MiB,648.2 MiB,13012.8 MiB
3,g++-4.8 4.8.5,nbody_2.c 50000000,0,1695316604,2962690,nbody_2_g++-4.8,0:00.16,6496,1896,1720,100.0,0.0,1,3,0:00,0,12,556,0,226,0,1896,332,2,282,48,0,13.1,0.8,0.0,86.2,0.0,0.0,0.0,0.0,15794.9 MiB,4050.3 MiB,2186.5 MiB,9558.1 MiB,4096.0 MiB,3447.7 MiB,648.2 MiB,13011.8 MiB
3,g++-4.8 4.8.5,nbody_2.c 50000000,1,1695316605,2962690,nbody_2_g++-4.8,0:01.34,6496,1896,1720,100.0,0.0,1,3,0:01,0,12,556,0,226,0,1896,332,2,282,48,0,12.9,1.5,0.0,84.8,0.8,0.0,0.0,0.0,15794.9 MiB,4050.6 MiB,2186.2 MiB,9558.1 MiB,4096.0 MiB,3447.7 MiB,648.2 MiB,13012.1 MiB
3,g++-4.8 4.8.5,nbody_2.c 50000000,2,1695316606,2962690,nbody_2_g++-4.8,0:02.51,6496,1896,1720,100.0,0.0,1,3,0:02,0,12,556,0,226,0,1896,331,2,281,48,0,13.0,0.0,0.0,87.0,0.0,0.0,0.0,0.0,15794.9 MiB,4057.7 MiB,2186.1 MiB,9551.1 MiB,4096.0 MiB,3447.7 MiB,648.2 MiB,13019.2 MiB
3,g++-4.8 4.8.5,nbody_2.c 50000000,3,1695316607,2962690,nbody_2_g++-4.8,0:03.68,6496,1896,1720,100.0,0.0,1,7,0:03,0,12,556,0,226,0,1896,331,2,281,48,0,13.0,0.8,0.0,86.3,0.0,0.0,0.0,0.0,15794.9 MiB,4057.7 MiB,2186.1 MiB,9551.1 MiB,4096.0 MiB,3447.7 MiB,648.2 MiB,13019.2 MiB
3,g++-4.8 4.8.5,nbody_2.c 50000000,4,1695316608,2962690,nbody_2_g++-4.8,0:04.86,6496,1896,1720,100.0,0.0,1,3,0:04,0,12,556,0,226,0,1896,331,2,281,48,0,13.6,0.8,0.0,85.6,0.0,0.0,0.0,0.0,15794.9 MiB,4057.4 MiB,2186.3 MiB,9551.1 MiB,4096.0 MiB,3447.7 MiB,648.2 MiB,13019.0 MiB
3,g++-4.8 4.8.5,nbody_2.c 50000000,5,1695316609,2962690,nbody_2_g++-4.8,0:06.03,6496,1896,1720,100.0,0.0,1,3,0:06,0,12,556,0,226,0,1896,331,2,281,48,0,13.0,0.8,0.0,86.3,0.0,0.0,0.0,0.0,15794.9 MiB,4057.7 MiB,2186.1 MiB,9551.1 MiB,4096.0 MiB,3447.7 MiB,648.2 MiB,13019.3 MiB
3,g++-4.8 4.8.5,nbody_2.c 50000000,6,1695316611,2962690,nbody_2_g++-4.8,0:07.20,6496,1896,1720,100.0,0.0,1,3,0:07,0,12,556,0,226,0,1896,331,2,281,48,0,12.9,0.8,0.0,86.4,0.0,0.0,0.0,0.0,15794.9 MiB,4057.5 MiB,2186.3 MiB,9551.1 MiB,4096.0 MiB,3447.7 MiB,648.2 MiB,13019.0 MiB
3,g++-4.8 4.8.5,nbody_2.c 50000000,7,1695316612,2962690,nbody_2_g++-4.8,0:08.37,6496,1896,1720,93.8,0.0,1,3,0:08,0,12,556,0,226,0,1896,331,2,281,48,0,13.2,0.0,0.0,86.8,0.0,0.0,0.0,0.0,15794.9 MiB,4057.5 MiB,2186.3 MiB,9551.1 MiB,4096.0 MiB,3447.7 MiB,648.2 MiB,13019.0 MiB
3,g++-4.8 4.8.5,nbody_2.c 50000000,8,1695316613,2962690,nbody_2_g++-4.8,0:09.55,6496,1896,1720,100.0,0.0,1,7,0:09,0,12,556,0,226,0,1896,331,2,281,48,0,13.0,0.0,0.0,87.0,0.0,0.0,0.0,0.0,15794.9 MiB,4057.5 MiB,2186.3 MiB,9551.1 MiB,4096.0 MiB,3447.7 MiB,648.2 MiB,13019.0 MiB
3,g++-4.8 4.8.5,nbody_2.c 50000000,9,1695316614,2962690,nbody_2_g++-4.8,0:10.72,6496,1896,1720,100.0,0.0,1,7,0:10,0,12,556,0,226,0,1896,331,2,281,48,0,12.2,1.5,0.0,86.3,0.0,0.0,0.0,0.0,15794.9 MiB,4057.5 MiB,2186.3 MiB,9551.1 MiB,4096.0 MiB,3447.7 MiB,648.2 MiB,13019.0 MiB
3,g++-4.8 4.8.5,nbody_2.c 50000000,10,1695316615,2962690,nbody_2_g++-4.8,0:11.89,6496,1896,1720,93.8,0.0,1,7,0:11,0,12,556,0,226,0,1896,331,2,281,48,0,13.8,0.0,0.0,86.2,0.0,0.0,0.0,0.0,15794.9 MiB,4057.5 MiB,2186.3 MiB,9551.1 MiB,4096.0 MiB,3447.7 MiB,648.2 MiB,13019.0 MiB
3,g++-4.8 4.8.5,nbody_2.c 50000000,11,1695316616,2962690,nbody_2_g++-4.8,0:13.07,6496,1896,1720,100.0,0.0,1,7,0:13,0,12,556,0,226,0,1896,331,2,281,48,0,12.9,0.8,0.0,86.4,0.0,0.0,0.0,0.0,15794.9 MiB,4058.0 MiB,2185.8 MiB,9551.1 MiB,4096.0 MiB,3447.7 MiB,648.2 MiB,13019.5 MiB
3,g++-4.8 4.8.5,nbody_2.c 50000000,12,1695316618,2962690,nbody_2_g++-4.8,0:14.24,6496,1896,1720,100.0,0.0,1,7,0:14,0,12,556,0,226,0,1896,331,2,281,48,0,12.2,1.5,0.0,86.3,0.0,0.0,0.0,0.0,15794.9 MiB,4057.7 MiB,2186.1 MiB,9551.1 MiB,4096.0 MiB,3447.7 MiB,648.2 MiB,13019.3 MiB
3,g++-4.8 4.8.5,nbody_2.c 50000000,13,1695316619,2962690,nbody_2_g++-4.8,0:15.42,6496,1896,1720,100.0,0.0,1,7,0:15,0,12,556,0,226,0,1896,331,2,281,48,0,13.5,1.5,0.0,85.0,0.0,0.0,0.0,0.0,15794.9 MiB,4058.0 MiB,2185.8 MiB,9551.1 MiB,4096.0 MiB,3447.7 MiB,648.2 MiB,13019.5 MiB
3,g++-4.8 4.8.5,nbody_2.c 50000000,14,1695316620,2962690,nbody_2_g++-4.8,0:16.59,6496,1896,1720,100.0,0.0,1,7,0:16,0,12,556,0,226,0,1896,331,2,281,48,0,13.0,0.8,0.0,86.3,0.0,0.0,0.0,0.0,15794.9 MiB,4057.5 MiB,2186.3 MiB,9551.1 MiB,4096.0 MiB,3447.7 MiB,648.2 MiB,13019.0 MiB
3,g++-4.8 4.8.5,nbody_2.c 50000000,15,1695316621,2962690,nbody_2_g++-4.8,0:17.76,6496,1896,1720,100.0,0.0,1,7,0:17,0,12,556,0,226,0,1896,331,2,281,48,0,13.5,0.8,0.0,85.7,0.0,0.0,0.0,0.0,15794.9 MiB,4057.2 MiB,2186.5 MiB,9551.1 MiB,4096.0 MiB,3447.7 MiB,648.2 MiB,13018.8 MiB
3,g++-4.8 4.8.5,nbody_2.c 50000000,16,1695316622,2962690,nbody_2_g++-4.8,0:18.94,6496,1896,1720,100.0,0.0,1,7,0:18,0,12,556,0,226,0,1896,331,2,281,48,0,12.2,1.5,0.0,86.3,0.0,0.0,0.0,0.0,15794.9 MiB,4057.2 MiB,2186.5 MiB,9551.1 MiB,4096.0 MiB,3447.7 MiB,648.2 MiB,13018.8 MiB
3,g++-4.8 4.8.5,nbody_2.c 50000000,17,1695316623,2962690,nbody_2_g++-4.8,0:20.11,6496,1896,1720,100.0,0.0,1,7,0:20,0,12,556,0,226,0,1896,331,2,281,48,0,12.2,1.5,0.0,86.3,0.0,0.0,0.0,0.0,15794.9 MiB,4058.2 MiB,2185.5 MiB,9551.1 MiB,4096.0 MiB,3447.7 MiB,648.2 MiB,13019.8 MiB
3,g++-4.8 4.8.5,nbody_2.c 50000000,18,1695316625,2962690,nbody_2_g++-4.8,0:21.28,6496,1896,1720,100.0,0.0,1,7,0:21,0,12,556,0,226,0,1896,331,2,281,48,0,13.5,1.5,0.0,85.0,0.0,0.0,0.0,0.0,15794.9 MiB,4058.2 MiB,2185.5 MiB,9551.1 MiB,4096.0 MiB,3447.7 MiB,648.2 MiB,13019.8 MiB
3,g++-4.8 4.8.5,nbody_2.c 50000000,19,1695316626,2962690,nbody_2_g++-4.8,0:22.46,6496,1896,1720,100.0,0.0,1,7,0:22,0,12,556,0,226,0,1896,331,2,281,48,0,12.2,0.8,0.0,86.3,0.8,0.0,0.0,0.0,15794.9 MiB,4058.2 MiB,2185.5 MiB,9551.1 MiB,4096.0 MiB,3447.7 MiB,648.2 MiB,13019.8 MiB
3,g++-4.8 4.8.5,nbody_2.c 50000000,20,1695316627,2962690,nbody_2_g++-4.8,0:23.63,6496,1896,1720,100.0,0.0,1,7,0:23,0,12,556,0,226,0,1896,331,2,281,48,0,12.9,0.8,0.0,85.6,0.0,0.0,0.8,0.0,15794.9 MiB,4059.2 MiB,2184.6 MiB,9551.1 MiB,4096.0 MiB,3447.7 MiB,648.2 MiB,13020.8 MiB
3,g++-4.8 4.8.5,nbody_2.c 50000000,21,1695316628,2962690,nbody_2_g++-4.8,0:24.80,6496,1896,1720,100.0,0.0,1,7,0:24,0,12,556,0,226,0,1896,331,2,281,48,0,13.0,0.8,0.0,86.3,0.0,0.0,0.0,0.0,15794.9 MiB,4059.7 MiB,2184.0 MiB,9551.1 MiB,4096.0 MiB,3447.7 MiB,648.2 MiB,13021.3 MiB
3,g++-4.8 4.8.5,nbody_2.c 50000000,22,1695316629,2962690,nbody_2_g++-4.8,0:25.98,6496,1896,1720,100.0,0.0,1,7,0:25,0,12,556,0,226,0,1896,331,2,281,48,0,12.9,0.8,0.0,86.4,0.0,0.0,0.0,0.0,15794.9 MiB,4060.0 MiB,2183.8 MiB,9551.1 MiB,4096.0 MiB,3447.7 MiB,648.2 MiB,13021.6 MiB
3,g++-4.8 4.8.5,nbody_2.c 50000000,23,1695316631,2962690,nbody_2_g++-4.8,0:27.15,6496,1896,1720,100.0,0.0,1,7,0:27,0,12,556,0,226,0,1896,331,2,281,48,0,12.8,1.5,0.0,85.7,0.0,0.0,0.0,0.0,15794.9 MiB,4059.8 MiB,2184.0 MiB,9551.1 MiB,4096.0 MiB,3447.7 MiB,648.2 MiB,13021.4 MiB
3,g++-4.8 4.8.5,nbody_2.c 50000000,24,1695316632,2962690,nbody_2_g++-4.8,0:28.32,6496,1896,1720,100.0,0.0,1,7,0:28,0,12,556,0,226,0,1896,331,2,281,48,0,14.2,0.7,0.0,85.1,0.0,0.0,0.0,0.0,15794.9 MiB,4059.5 MiB,2184.2 MiB,9551.1 MiB,4096.0 MiB,3447.7 MiB,648.2 MiB,13021.1 MiB
3,g++-4.8 4.8.5,nbody_2.c 50000000,25,1695316633,2962690,nbody_2_g++-4.8,0:29.49,6496,1896,1720,93.8,0.0,1,7,0:29,0,12,556,0,226,0,1896,331,2,281,48,0,13.0,0.8,0.0,86.3,0.0,0.0,0.0,0.0,15794.9 MiB,4059.8 MiB,2184.0 MiB,9551.1 MiB,4096.0 MiB,3447.7 MiB,648.2 MiB,13021.4 MiB
3,g++-4.8 4.8.5,nbody_2.c 50000000,26,1695316634,2962690,nbody_2_g++-4.8,0:30.67,6496,1896,1720,100.0,0.0,1,7,0:30,0,12,556,0,226,0,1896,331,2,281,48,0,12.9,1.5,0.0,85.6,0.0,0.0,0.0,0.0,15794.9 MiB,4059.8 MiB,2184.0 MiB,9551.1 MiB,4096.0 MiB,3447.7 MiB,648.2 MiB,13021.4 MiB
3,g++-4.8 4.8.5,nbody_2.c 50000000,27,1695316635,2962690,nbody_2_g++-4.8,0:31.84,6496,1896,1720,100.0,0.0,1,7,0:31,0,12,556,0,226,0,1896,331,2,281,48,0,13.0,0.8,0.0,86.3,0.0,0.0,0.0,0.0,15794.9 MiB,4059.3 MiB,2184.5 MiB,9551.1 MiB,4096.0 MiB,3447.7 MiB,648.2 MiB,13020.9 MiB
3,g++-4.8 4.8.5,nbody_2.c 50000000,28,1695316636,2962690,nbody_2_g++-4.8,0:33.01,6496,1896,1720,100.0,0.0,1,7,0:33,0,12,556,0,226,0,1896,331,2,281,48,0,13.0,0.8,0.0,86.3,0.0,0.0,0.0,0.0,15794.9 MiB,4059.1 MiB,2184.6 MiB,9551.1 MiB,4096.0 MiB,3447.7 MiB,648.2 MiB,13020.7 MiB
3,g++-4.8 4.8.5,nbody_2.c 50000000,29,1695316638,2962690,nbody_2_g++-4.8,0:34.19,6496,1896,1720,100.0,0.0,1,7,0:34,0,12,556,0,226,0,1896,331,2,281,48,0,12.9,0.8,0.0,86.4,0.0,0.0,0.0,0.0,15794.9 MiB,4059.6 MiB,2184.2 MiB,9551.1 MiB,4096.0 MiB,3447.7 MiB,648.2 MiB,13021.2 MiB
3,g++-4.8 4.8.5,nbody_2.c 50000000,30,1695316639,2962690,nbody_2_g++-4.8,0:35.36,6496,1896,1720,100.0,0.0,1,7,0:35,0,12,556,0,226,0,1896,331,2,281,48,0,13.6,0.8,0.0,85.6,0.0,0.0,0.0,0.0,15794.9 MiB,4060.6 MiB,2183.1 MiB,9551.1 MiB,4096.0 MiB,3447.7 MiB,648.2 MiB,13022.2 MiB
3,g++-4.8 4.8.5,nbody_2.c 50000000,31,1695316640,2962690,nbody_2_g++-4.8,0:36.53,6496,1896,1720,93.8,0.0,1,7,0:36,0,12,556,0,226,0,1896,331,2,281,48,0,13.5,0.8,0.0,85.7,0.0,0.0,0.0,0.0,15794.9 MiB,4060.4 MiB,2183.4 MiB,9551.1 MiB,4096.0 MiB,3447.7 MiB,648.2 MiB,13021.9 MiB
3,g++-4.8 4.8.5,nbody_2.c 50000000,32,1695316641,2962690,nbody_2_g++-4.8,0:37.71,6496,1896,1720,100.0,0.0,1,7,0:37,0,12,556,0,226,0,1896,331,2,281,48,0,12.9,1.5,0.0,84.8,0.8,0.0,0.0,0.0,15794.9 MiB,4060.9 MiB,2182.9 MiB,9551.1 MiB,4096.0 MiB,3447.7 MiB,648.2 MiB,13022.4 MiB
3,g++-4.8 4.8.5,nbody_2.c 50000000,33,1695316642,2962690,nbody_2_g++-4.8,0:38.88,6496,1896,1720,100.0,0.0,1,7,0:38,0,12,556,0,226,0,1896,331,2,281,48,0,13.5,0.8,0.0,85.7,0.0,0.0,0.0,0.0,15794.9 MiB,4060.6 MiB,2183.1 MiB,9551.1 MiB,4096.0 MiB,3447.7 MiB,648.2 MiB,13022.2 MiB
3,g++-4.8 4.8.5,nbody_2.c 50000000,34,1695316643,2962690,nbody_2_g++-4.8,0:40.06,6496,1896,1720,100.0,0.0,1,7,0:40,0,12,556,0,226,0,1896,331,2,281,48,0,13.3,0.7,0.0,85.9,0.0,0.0,0.0,0.0,15794.9 MiB,4059.9 MiB,2183.9 MiB,9551.1 MiB,4096.0 MiB,3447.7 MiB,648.2 MiB,13021.5 MiB
3,g++-4.8 4.8.5,nbody_2.c 50000000,35,1695316645,2962690,nbody_2_g++-4.8,0:41.23,6496,1896,1720,100.0,0.0,1,7,0:41,0,12,556,0,226,0,1896,331,2,281,48,0,12.8,1.5,0.0,85.7,0.0,0.0,0.0,0.0,15794.9 MiB,4059.9 MiB,2183.9 MiB,9551.1 MiB,4096.0 MiB,3447.7 MiB,648.2 MiB,13021.5 MiB
3,g++-4.8 4.8.5,nbody_2.c 50000000,36,1695316646,2962690,nbody_2_g++-4.8,0:42.41,6496,1896,1720,100.0,0.0,1,7,0:42,0,12,556,0,226,0,1896,331,2,281,48,0,13.3,1.5,0.0,85.2,0.0,0.0,0.0,0.0,15794.9 MiB,4060.4 MiB,2183.4 MiB,9551.1 MiB,4096.0 MiB,3447.7 MiB,648.2 MiB,13022.0 MiB
3,g++-4.8 4.8.5,nbody_2.c 50000000,37,1695316647,2962690,nbody_2_g++-4.8,0:43.58,6496,1896,1720,93.8,0.0,1,7,0:43,0,12,556,0,226,0,1896,331,2,281,48,0,12.0,1.5,0.0,85.7,0.8,0.0,0.0,0.0,15794.9 MiB,4060.6 MiB,2183.1 MiB,9551.1 MiB,4096.0 MiB,3447.7 MiB,648.2 MiB,13022.2 MiB
3,g++-4.8 4.8.5,nbody_2.c 50000000,38,1695316648,2962690,nbody_2_g++-4.8,0:44.76,6496,1896,1720,100.0,0.0,1,7,0:44,0,12,556,0,226,0,1896,331,2,281,48,0,12.8,1.5,0.0,85.7,0.0,0.0,0.0,0.0,15794.9 MiB,4060.4 MiB,2183.4 MiB,9551.1 MiB,4096.0 MiB,3447.7 MiB,648.2 MiB,13022.0 MiB
3,g++-4.8 4.8.5,nbody_2.c 50000000,39,1695316649,2962690,nbody_2_g++-4.8,0:45.93,6496,1896,1720,93.8,0.0,1,7,0:45,0,12,556,0,226,0,1896,331,2,281,48,0,12.9,1.5,0.0,85.6,0.0,0.0,0.0,0.0,15794.9 MiB,4060.4 MiB,2183.4 MiB,9551.1 MiB,4096.0 MiB,3447.7 MiB,648.2 MiB,13022.0 MiB
3,g++-4.8 4.8.5,nbody_2.c 50000000,40,1695316650,2962690,nbody_2_g++-4.8,0:47.11,6496,1896,1720,100.0,0.0,1,7,0:47,0,12,556,0,226,0,1896,331,2,281,48,0,13.4,1.5,0.0,85.1,0.0,0.0,0.0,0.0,15794.9 MiB,4060.6 MiB,2183.1 MiB,9551.1 MiB,4096.0 MiB,3447.7 MiB,648.2 MiB,13022.2 MiB
3,g++-4.8 4.8.5,nbody_2.c 50000000,41,1695316652,2962690,nbody_2_g++-4.8,0:48.29,6496,1896,1720,100.0,0.0,1,7,0:48,0,12,556,0,226,0,1896,331,2,281,48,0,13.5,0.8,0.0,85.7,0.0,0.0,0.0,0.0,15794.9 MiB,4060.4 MiB,2183.4 MiB,9551.1 MiB,4096.0 MiB,3447.7 MiB,648.2 MiB,13022.0 MiB
3,g++-4.8 4.8.5,nbody_2.c 50000000,42,1695316653,2962690,nbody_2_g++-4.8,0:49.46,6496,1896,1720,100.0,0.0,1,7,0:49,0,12,556,0,226,0,1896,331,2,281,48,0,13.5,0.8,0.0,85.0,0.8,0.0,0.0,0.0,15794.9 MiB,4060.9 MiB,2182.9 MiB,9551.1 MiB,4096.0 MiB,3447.7 MiB,648.2 MiB,13022.5 MiB
3,g++-4.8 4.8.5,nbody_2.c 50000000,43,1695316654,2962690,nbody_2_g++-4.8,0:50.64,6496,1896,1720,100.0,0.0,1,7,0:50,0,12,556,0,226,0,1896,331,2,281,48,0,12.9,0.8,0.0,86.4,0.0,0.0,0.0,0.0,15794.9 MiB,4060.9 MiB,2182.9 MiB,9551.1 MiB,4096.0 MiB,3447.7 MiB,648.2 MiB,13022.5 MiB
3,g++-4.8 4.8.5,nbody_2.c 50000000,44,1695316655,2962690,nbody_2_g++-4.8,0:51.81,6496,1896,1720,100.0,0.0,1,3,0:51,0,12,556,0,226,0,1896,331,2,281,48,0,12.9,0.8,0.0,86.4,0.0,0.0,0.0,0.0,15794.9 MiB,4060.9 MiB,2182.9 MiB,9551.1 MiB,4096.0 MiB,3447.7 MiB,648.2 MiB,13022.5 MiB
3,g++-4.8 4.8.5,nbody_2.c 50000000,45,1695316656,2962690,nbody_2_g++-4.8,0:52.99,6496,1896,1720,100.0,0.0,1,7,0:52,0,12,556,0,226,0,1896,331,2,281,48,0,14.1,1.5,0.0,84.4,0.0,0.0,0.0,0.0,15794.9 MiB,4061.6 MiB,2182.1 MiB,9551.1 MiB,4096.0 MiB,3447.7 MiB,648.2 MiB,13023.2 MiB
3,g++-4.8 4.8.5,nbody_2.c 50000000,46,1695316658,2962690,nbody_2_g++-4.8,0:54.16,6496,1896,1720,93.8,0.0,1,7,0:54,0,12,556,0,226,0,1896,331,2,281,48,0,12.8,1.5,0.0,85.7,0.0,0.0,0.0,0.0,15794.9 MiB,4062.4 MiB,2181.4 MiB,9551.2 MiB,4096.0 MiB,3447.7 MiB,648.2 MiB,13024.0 MiB
3,g++-4.8 4.8.5,nbody_2.c 50000000,47,1695316659,2962690,nbody_2_g++-4.8,0:55.34,6496,1896,1720,100.0,0.0,1,7,0:55,0,12,556,0,226,0,1896,331,2,281,48,0,12.7,1.5,0.0,85.8,0.0,0.0,0.0,0.0,15794.9 MiB,4062.4 MiB,2181.4 MiB,9551.2 MiB,4096.0 MiB,3447.7 MiB,648.2 MiB,13024.0 MiB
3,g++-4.8 4.8.5,nbody_2.c 50000000,48,1695316660,2962690,nbody_2_g++-4.8,0:56.51,6496,1896,1720,100.0,0.0,1,7,0:56,0,12,556,0,226,0,1896,331,2,281,48,0,12.9,0.8,0.0,86.4,0.0,0.0,0.0,0.0,15794.9 MiB,4062.1 MiB,2181.6 MiB,9551.2 MiB,4096.0 MiB,3447.7 MiB,648.2 MiB,13023.7 MiB
3,g++-4.8 4.8.5,nbody_2.c 50000000,49,1695316661,2962690,nbody_2_g++-4.8,0:57.69,6496,1896,1720,100.0,0.0,1,7,0:57,0,12,556,0,226,0,1896,331,3,280,48,0,12.8,0.8,0.0,86.5,0.0,0.0,0.0,0.0,15794.9 MiB,4062.1 MiB,2181.6 MiB,9551.2 MiB,4096.0 MiB,3447.7 MiB,648.2 MiB,13023.7 MiB
3,g++-4.8 4.8.5,nbody_2.c 50000000,50,1695316662,2962690,nbody_2_g++-4.8,0:58.86,6496,1896,1720,93.8,0.0,1,7,0:58,0,12,556,0,226,0,1896,331,2,281,48,0,12.8,0.8,0.0,86.5,0.0,0.0,0.0,0.0,15794.9 MiB,4062.1 MiB,2181.6 MiB,9551.2 MiB,4096.0 MiB,3447.7 MiB,648.2 MiB,13023.7 MiB
3,g++-4.8 4.8.5,nbody_2.c 50000000,51,1695316663,2962690,nbody_2_g++-4.8,1:00.04,6496,1896,1720,100.0,0.0,1,7,1:00,0,12,556,0,226,0,1896,331,2,281,48,0,12.9,1.5,0.0,85.6,0.0,0.0,0.0,0.0,15794.9 MiB,4061.9 MiB,2181.8 MiB,9551.2 MiB,4096.0 MiB,3447.7 MiB,648.2 MiB,13023.5 MiB
3,g++-4.8 4.8.5,nbody_2.c 50000000,52,1695316665,2962690,nbody_2_g++-4.8,1:01.21,6496,1896,1720,100.0,0.0,1,7,1:01,0,12,556,0,226,0,1896,331,2,281,48,0,14.2,0.7,0.0,85.1,0.0,0.0,0.0,0.0,15794.9 MiB,4062.4 MiB,2181.3 MiB,9551.2 MiB,4096.0 MiB,3447.7 MiB,648.2 MiB,13024.0 MiB
3,g++-4.8 4.8.5,nbody_2.c 50000000,53,1695316666,2962690,nbody_2_g++-4.8,1:02.39,6496,1896,1720,100.0,0.0,1,7,1:02,0,12,556,0,226,0,1896,331,2,281,48,0,12.0,1.5,0.0,86.5,0.0,0.0,0.0,0.0,15794.9 MiB,4062.6 MiB,2181.1 MiB,9551.2 MiB,4096.0 MiB,3447.7 MiB,648.2 MiB,13024.3 MiB
3,g++-4.8 4.8.5,nbody_2.c 50000000,54,1695316667,2962690,nbody_2_g++-4.8,1:03.56,6496,1896,1720,93.8,0.0,1,7,1:03,0,12,556,0,226,0,1896,331,2,281,48,0,13.3,1.5,0.0,85.2,0.0,0.0,0.0,0.0,15794.9 MiB,4062.1 MiB,2181.6 MiB,9551.2 MiB,4096.0 MiB,3447.7 MiB,648.2 MiB,13023.7 MiB
3,g++-4.8 4.8.5,nbody_2.c 50000000,55,1695316668,2962690,nbody_2_g++-4.8,1:04.74,6496,1896,1720,100.0,0.0,1,3,1:04,0,12,556,0,226,0,1896,331,2,281,48,0,13.4,1.5,0.0,85.1,0.0,0.0,0.0,0.0,15794.9 MiB,4062.1 MiB,2181.6 MiB,9551.2 MiB,4096.0 MiB,3447.7 MiB,648.2 MiB,13023.8 MiB
3,g++-4.8 4.8.5,nbody_2.c 50000000,56,1695316669,2962690,nbody_2_g++-4.8,1:05.91,6496,1896,1720,100.0,0.0,1,3,1:05,0,12,556,0,226,0,1896,331,2,281,48,0,12.1,1.5,0.0,86.4,0.0,0.0,0.0,0.0,15794.9 MiB,4061.9 MiB,2181.8 MiB,9551.2 MiB,4096.0 MiB,3447.7 MiB,648.2 MiB,13023.5 MiB
3,g++-4.8 4.8.5,nbody_2.c 50000000,57,1695316670,2962690,nbody_2_g++-4.8,1:07.08,6496,1896,1720,93.8,0.0,1,3,1:07,0,12,556,0,226,0,1896,331,2,281,48,0,12.3,0.8,0.0,86.9,0.0,0.0,0.0,0.0,15794.9 MiB,4062.1 MiB,2181.6 MiB,9551.2 MiB,4096.0 MiB,3447.7 MiB,648.2 MiB,13023.8 MiB
3,g++-4.8 4.8.5,nbody_2.c 50000000,58,1695316672,2962690,nbody_2_g++-4.8,1:08.26,6496,1896,1720,100.0,0.0,1,7,1:08,0,12,556,0,226,0,1896,331,2,281,48,0,12.8,1.5,0.0,85.7,0.0,0.0,0.0,0.0,15794.9 MiB,4062.1 MiB,2181.6 MiB,9551.2 MiB,4096.0 MiB,3447.7 MiB,648.2 MiB,13023.8 MiB
3,g++-4.8 4.8.5,nbody_2.c 50000000,59,1695316673,2962690,nbody_2_g++-4.8,1:09.44,6496,1896,1720,100.0,0.0,1,7,1:09,0,12,556,0,226,0,1896,331,2,281,48,0,13.4,0.7,0.0,85.8,0.0,0.0,0.0,0.0,15794.9 MiB,4062.4 MiB,2181.3 MiB,9551.2 MiB,4096.0 MiB,3447.7 MiB,648.2 MiB,13024.0 MiB
3,g++-4.8 4.8.5,nbody_2.c 50000000,60,1695316674,2962690,nbody_2_g++-4.8,1:10.61,6496,1896,1720,100.0,0.0,1,7,1:10,0,12,556,0,226,0,1896,331,2,281,48,0,12.1,0.8,0.0,87.1,0.0,0.0,0.0,0.0,15794.9 MiB,4062.4 MiB,2181.3 MiB,9551.2 MiB,4096.0 MiB,3447.7 MiB,648.2 MiB,13024.0 MiB
3,g++-4.8 4.8.5,nbody_2.c 50000000,61,1695316675,2962690,nbody_2_g++-4.8,1:11.78,6496,1896,1720,93.8,0.0,1,7,1:11,0,12,556,0,226,0,1896,331,2,281,48,0,12.7,1.5,0.0,85.8,0.0,0.0,0.0,0.0,15794.9 MiB,4062.4 MiB,2181.3 MiB,9551.2 MiB,4096.0 MiB,3447.7 MiB,648.2 MiB,13024.0 MiB
3,g++-4.8 4.8.5,nbody_2.c 50000000,62,1695316676,2962690,nbody_2_g++-4.8,1:12.96,6496,1896,1720,100.0,0.0,1,7,1:12,0,12,556,0,226,0,1896,331,2,281,48,0,12.8,1.5,0.0,85.7,0.0,0.0,0.0,0.0,15794.9 MiB,4062.1 MiB,2181.5 MiB,9551.2 MiB,4096.0 MiB,3447.7 MiB,648.2 MiB,13023.8 MiB
3,g++-4.8 4.8.5,nbody_2.c 50000000,63,1695316678,2962690,nbody_2_g++-4.8,1:14.13,6496,1896,1720,93.8,0.0,1,7,1:14,0,12,556,0,226,0,1896,331,2,281,48,0,12.8,1.5,0.0,85.7,0.0,0.0,0.0,0.0,15794.9 MiB,4061.6 MiB,2182.0 MiB,9551.2 MiB,4096.0 MiB,3447.7 MiB,648.2 MiB,13023.3 MiB
3,g++-4.8 4.8.5,nbody_2.c 50000000,64,1695316679,2962690,nbody_2_g++-4.8,1:15.31,6496,1896,1720,100.0,0.0,1,7,1:15,0,12,556,0,226,0,1896,331,2,281,48,0,13.4,2.2,0.0,84.3,0.0,0.0,0.0,0.0,15794.9 MiB,4061.9 MiB,2181.8 MiB,9551.2 MiB,4096.0 MiB,3447.7 MiB,648.2 MiB,13023.5 MiB
3,g++-4.8 4.8.5,nbody_2.c 50000000,65,1695316680,2962690,nbody_2_g++-4.8,1:16.49,6496,1896,1720,94.1,0.0,1,7,1:16,0,12,556,0,226,0,1896,331,2,281,48,0,13.5,1.4,0.0,85.1,0.0,0.0,0.0,0.0,15794.9 MiB,4062.1 MiB,2181.7 MiB,9551.0 MiB,4096.0 MiB,3447.7 MiB,648.2 MiB,13023.8 MiB
3,g++-4.8 4.8.5,nbody_2.c 50000000,66,1695316681,2962690,nbody_2_g++-4.8,1:17.67,6496,1896,1720,100.0,0.0,1,7,1:17,0,12,556,0,226,0,1896,331,2,281,48,0,13.5,0.8,0.0,85.7,0.0,0.0,0.0,0.0,15794.9 MiB,4061.9 MiB,2182.0 MiB,9551.0 MiB,4096.0 MiB,3447.7 MiB,648.2 MiB,13023.5 MiB
3,g++-4.8 4.8.5,nbody_2.c 50000000,67,1695316682,2962690,nbody_2_g++-4.8,1:18.84,6496,1896,1720,100.0,0.0,1,7,1:18,0,12,556,0,226,0,1896,331,2,281,48,0,12.2,0.8,0.0,87.0,0.0,0.0,0.0,0.0,15794.9 MiB,4061.9 MiB,2182.0 MiB,9551.0 MiB,4096.0 MiB,3447.7 MiB,648.2 MiB,13023.5 MiB
3,g++-4.8 4.8.5,nbody_2.c 50000000,68,1695316683,2962690,nbody_2_g++-4.8,1:20.02,6496,1896,1720,100.0,0.0,1,7,1:20,0,12,556,0,226,0,1896,331,2,281,48,0,12.8,0.8,0.0,86.5,0.0,0.0,0.0,0.0,15794.9 MiB,4062.1 MiB,2181.7 MiB,9551.0 MiB,4096.0 MiB,3447.7 MiB,648.2 MiB,13023.8 MiB
3,g++-4.8 4.8.5,nbody_2.c 50000000,69,1695316685,2962690,nbody_2_g++-4.8,1:21.20,6496,1896,1720,100.0,0.0,1,3,1:21,0,12,556,0,226,0,1896,331,2,281,48,0,12.9,0.8,0.0,86.4,0.0,0.0,0.0,0.0,15794.9 MiB,4062.1 MiB,2181.7 MiB,9551.0 MiB,4096.0 MiB,3447.7 MiB,648.2 MiB,13023.8 MiB
4,g++-4.8 4.8.5,nbody_2.c 50000000,0,1695316686,2963137,nbody_2_g++-4.8,0:00.16,6496,1900,1728,93.8,0.0,1,3,0:00,0,12,556,0,231,0,1900,331,2,281,48,0,13.2,1.6,0.0,85.3,0.0,0.0,0.0,0.0,15794.9 MiB,4060.9 MiB,2175.9 MiB,9558.0 MiB,4096.0 MiB,3447.7 MiB,648.2 MiB,13022.6 MiB
4,g++-4.8 4.8.5,nbody_2.c 50000000,1,1695316687,2963137,nbody_2_g++-4.8,0:01.34,6496,1900,1728,100.0,0.0,1,3,0:01,0,12,556,0,231,0,1900,331,2,281,48,0,14.1,1.5,0.0,84.4,0.0,0.0,0.0,0.0,15794.9 MiB,4061.1 MiB,2175.5 MiB,9558.2 MiB,4096.0 MiB,3447.7 MiB,648.2 MiB,13022.8 MiB
4,g++-4.8 4.8.5,nbody_2.c 50000000,2,1695316688,2963137,nbody_2_g++-4.8,0:02.51,6496,1900,1728,100.0,0.0,1,3,0:02,0,12,556,0,231,0,1900,331,2,281,48,0,12.9,0.8,0.0,86.4,0.0,0.0,0.0,0.0,15794.9 MiB,4062.4 MiB,2181.3 MiB,9551.2 MiB,4096.0 MiB,3447.7 MiB,648.2 MiB,13024.1 MiB
4,g++-4.8 4.8.5,nbody_2.c 50000000,3,1695316689,2963137,nbody_2_g++-4.8,0:03.68,6496,1900,1728,93.8,0.0,1,3,0:03,0,12,556,0,231,0,1900,331,2,281,48,0,12.8,0.8,0.0,86.5,0.0,0.0,0.0,0.0,15794.9 MiB,4061.9 MiB,2181.8 MiB,9551.2 MiB,4096.0 MiB,3447.7 MiB,648.2 MiB,13023.6 MiB
4,g++-4.8 4.8.5,nbody_2.c 50000000,4,1695316690,2963137,nbody_2_g++-4.8,0:04.86,6496,1900,1728,100.0,0.0,1,3,0:04,0,12,556,0,231,0,1900,331,2,281,48,0,12.8,1.5,0.0,85.7,0.0,0.0,0.0,0.0,15794.9 MiB,4061.9 MiB,2181.8 MiB,9551.2 MiB,4096.0 MiB,3447.7 MiB,648.2 MiB,13023.6 MiB
4,g++-4.8 4.8.5,nbody_2.c 50000000,5,1695316692,2963137,nbody_2_g++-4.8,0:06.04,6496,1900,1728,100.0,0.0,1,7,0:06,0,12,556,0,231,0,1900,331,2,281,48,0,12.8,0.8,0.0,86.5,0.0,0.0,0.0,0.0,15794.9 MiB,4061.9 MiB,2181.8 MiB,9551.2 MiB,4096.0 MiB,3447.7 MiB,648.2 MiB,13023.6 MiB
4,g++-4.8 4.8.5,nbody_2.c 50000000,6,1695316693,2963137,nbody_2_g++-4.8,0:07.21,6496,1900,1728,100.0,0.0,1,7,0:07,0,12,556,0,231,0,1900,331,2,281,48,0,13.5,0.8,0.0,85.0,0.8,0.0,0.0,0.0,15794.9 MiB,4061.9 MiB,2181.8 MiB,9551.2 MiB,4096.0 MiB,3447.7 MiB,648.2 MiB,13023.6 MiB
4,g++-4.8 4.8.5,nbody_2.c 50000000,7,1695316694,2963137,nbody_2_g++-4.8,0:08.39,6496,1900,1728,100.0,0.0,1,7,0:08,0,12,556,0,231,0,1900,331,2,281,48,0,12.9,0.8,0.0,86.4,0.0,0.0,0.0,0.0,15794.9 MiB,4061.9 MiB,2181.7 MiB,9551.2 MiB,4096.0 MiB,3447.7 MiB,648.2 MiB,13023.6 MiB
4,g++-4.8 4.8.5,nbody_2.c 50000000,8,1695316695,2963137,nbody_2_g++-4.8,0:09.56,6496,1900,1728,100.0,0.0,1,7,0:09,0,12,556,0,231,0,1900,331,2,281,48,0,12.9,0.8,0.0,86.4,0.0,0.0,0.0,0.0,15794.9 MiB,4061.6 MiB,2182.0 MiB,9551.2 MiB,4096.0 MiB,3447.7 MiB,648.2 MiB,13023.3 MiB
4,g++-4.8 4.8.5,nbody_2.c 50000000,9,1695316696,2963137,nbody_2_g++-4.8,0:10.74,6496,1900,1728,100.0,0.0,1,7,0:10,0,12,556,0,231,0,1900,331,2,281,48,0,12.8,0.8,0.0,86.5,0.0,0.0,0.0,0.0,15794.9 MiB,4061.6 MiB,2182.0 MiB,9551.2 MiB,4096.0 MiB,3447.7 MiB,648.2 MiB,13023.3 MiB
4,g++-4.8 4.8.5,nbody_2.c 50000000,10,1695316697,2963137,nbody_2_g++-4.8,0:11.91,6496,1900,1728,100.0,0.0,1,7,0:11,0,12,556,0,231,0,1900,331,2,281,48,0,13.5,0.8,0.0,85.7,0.0,0.0,0.0,0.0,15794.9 MiB,4061.6 MiB,2182.0 MiB,9551.2 MiB,4096.0 MiB,3447.7 MiB,648.2 MiB,13023.3 MiB
4,g++-4.8 4.8.5,nbody_2.c 50000000,11,1695316699,2963137,nbody_2_g++-4.8,0:13.08,6496,1900,1728,93.8,0.0,1,7,0:13,0,12,556,0,231,0,1900,331,2,281,48,0,12.8,0.8,0.0,86.5,0.0,0.0,0.0,0.0,15794.9 MiB,4061.6 MiB,2182.0 MiB,9551.2 MiB,4096.0 MiB,3447.7 MiB,648.2 MiB,13023.4 MiB
4,g++-4.8 4.8.5,nbody_2.c 50000000,12,1695316700,2963137,nbody_2_g++-4.8,0:14.26,6496,1900,1728,100.0,0.0,1,7,0:14,0,12,556,0,231,0,1900,331,2,281,48,0,12.9,1.5,0.0,85.6,0.0,0.0,0.0,0.0,15794.9 MiB,4061.4 MiB,2182.2 MiB,9551.2 MiB,4096.0 MiB,3447.7 MiB,648.2 MiB,13023.1 MiB
4,g++-4.8 4.8.5,nbody_2.c 50000000,13,1695316701,2963137,nbody_2_g++-4.8,0:15.44,6496,1900,1728,100.0,0.0,1,7,0:15,0,12,556,0,231,0,1900,331,2,281,48,0,14.2,0.7,0.0,85.1,0.0,0.0,0.0,0.0,15794.9 MiB,4061.4 MiB,2182.2 MiB,9551.2 MiB,4096.0 MiB,3447.7 MiB,648.2 MiB,13023.1 MiB
4,g++-4.8 4.8.5,nbody_2.c 50000000,14,1695316702,2963137,nbody_2_g++-4.8,0:16.61,6496,1900,1728,100.0,0.0,1,7,0:16,0,12,556,0,231,0,1900,331,2,281,48,0,12.1,1.5,0.0,86.4,0.0,0.0,0.0,0.0,15794.9 MiB,4060.9 MiB,2182.7 MiB,9551.2 MiB,4096.0 MiB,3447.7 MiB,648.2 MiB,13022.6 MiB
4,g++-4.8 4.8.5,nbody_2.c 50000000,15,1695316703,2963137,nbody_2_g++-4.8,0:17.78,6496,1900,1728,93.8,0.0,1,7,0:17,0,12,556,0,231,0,1900,331,2,281,48,0,12.9,0.8,0.0,86.4,0.0,0.0,0.0,0.0,15794.9 MiB,4060.9 MiB,2182.7 MiB,9551.2 MiB,4096.0 MiB,3447.7 MiB,648.2 MiB,13022.6 MiB
4,g++-4.8 4.8.5,nbody_2.c 50000000,16,1695316705,2963137,nbody_2_g++-4.8,0:18.96,6496,1900,1728,100.0,0.0,1,7,0:18,0,12,556,0,231,0,1900,331,2,281,48,0,12.9,0.8,0.0,86.4,0.0,0.0,0.0,0.0,15794.9 MiB,4061.4 MiB,2182.2 MiB,9551.3 MiB,4096.0 MiB,3447.7 MiB,648.2 MiB,13023.1 MiB
4,g++-4.8 4.8.5,nbody_2.c 50000000,17,1695316706,2963137,nbody_2_g++-4.8,0:20.14,6496,1900,1728,100.0,0.0,1,7,0:20,0,12,556,0,231,0,1900,331,2,281,48,0,13.3,1.5,0.0,85.2,0.0,0.0,0.0,0.0,15794.9 MiB,4061.4 MiB,2182.2 MiB,9551.3 MiB,4096.0 MiB,3447.7 MiB,648.2 MiB,13023.1 MiB
4,g++-4.8 4.8.5,nbody_2.c 50000000,18,1695316707,2963137,nbody_2_g++-4.8,0:21.31,6496,1900,1728,100.0,0.0,1,7,0:21,0,12,556,0,231,0,1900,331,2,281,48,0,13.4,1.5,0.0,85.1,0.0,0.0,0.0,0.0,15794.9 MiB,4061.2 MiB,2182.4 MiB,9551.3 MiB,4096.0 MiB,3447.7 MiB,648.2 MiB,13022.9 MiB
4,g++-4.8 4.8.5,nbody_2.c 50000000,19,1695316708,2963137,nbody_2_g++-4.8,0:22.48,6496,1900,1728,93.8,0.0,1,7,0:22,0,12,556,0,231,0,1900,331,2,281,48,0,12.8,1.5,0.0,85.0,0.0,0.0,0.8,0.0,15794.9 MiB,4061.2 MiB,2182.4 MiB,9551.3 MiB,4096.0 MiB,3447.7 MiB,648.2 MiB,13022.9 MiB
4,g++-4.8 4.8.5,nbody_2.c 50000000,20,1695316709,2963137,nbody_2_g++-4.8,0:23.66,6496,1900,1728,100.0,0.0,1,7,0:23,0,12,556,0,231,0,1900,331,2,281,48,0,12.9,0.8,0.0,86.4,0.0,0.0,0.0,0.0,15794.9 MiB,4061.2 MiB,2182.4 MiB,9551.3 MiB,4096.0 MiB,3447.7 MiB,648.2 MiB,13022.9 MiB
4,g++-4.8 4.8.5,nbody_2.c 50000000,21,1695316710,2963137,nbody_2_g++-4.8,0:24.84,6496,1900,1728,100.0,0.0,1,7,0:24,0,12,556,0,231,0,1900,331,2,281,48,0,12.8,1.5,0.0,85.7,0.0,0.0,0.0,0.0,15794.9 MiB,4061.4 MiB,2182.1 MiB,9551.3 MiB,4096.0 MiB,3447.7 MiB,648.2 MiB,13023.1 MiB
4,g++-4.8 4.8.5,nbody_2.c 50000000,22,1695316712,2963137,nbody_2_g++-4.8,0:26.01,6496,1900,1728,100.0,0.0,1,7,0:26,0,12,556,0,231,0,1900,331,2,281,48,0,13.4,0.7,0.0,85.8,0.0,0.0,0.0,0.0,15794.9 MiB,4061.2 MiB,2182.4 MiB,9551.3 MiB,4096.0 MiB,3447.7 MiB,648.2 MiB,13022.9 MiB
4,g++-4.8 4.8.5,nbody_2.c 50000000,23,1695316713,2963137,nbody_2_g++-4.8,0:27.19,6496,1900,1728,100.0,0.0,1,7,0:27,0,12,556,0,231,0,1900,331,2,281,48,0,13.3,0.7,0.0,85.2,0.7,0.0,0.0,0.0,15794.9 MiB,4060.9 MiB,2182.6 MiB,9551.3 MiB,4096.0 MiB,3447.7 MiB,648.2 MiB,13022.6 MiB
4,g++-4.8 4.8.5,nbody_2.c 50000000,24,1695316714,2963137,nbody_2_g++-4.8,0:28.36,6496,1900,1728,100.0,0.0,1,7,0:28,0,12,556,0,231,0,1900,331,2,281,48,0,12.8,1.5,0.0,85.0,0.0,0.0,0.8,0.0,15794.9 MiB,4060.7 MiB,2182.9 MiB,9551.3 MiB,4096.0 MiB,3447.7 MiB,648.2 MiB,13022.4 MiB
4,g++-4.8 4.8.5,nbody_2.c 50000000,25,1695316715,2963137,nbody_2_g++-4.8,0:29.54,6496,1900,1728,100.0,0.0,1,7,0:29,0,12,556,0,231,0,1900,331,2,281,48,0,12.8,1.5,0.0,85.0,0.0,0.0,0.8,0.0,15794.9 MiB,4060.9 MiB,2182.6 MiB,9551.3 MiB,4096.0 MiB,3447.7 MiB,648.2 MiB,13022.7 MiB
4,g++-4.8 4.8.5,nbody_2.c 50000000,26,1695316716,2963137,nbody_2_g++-4.8,0:30.71,6496,1900,1728,93.8,0.0,1,7,0:30,0,12,556,0,231,0,1900,331,2,281,48,0,13.4,0.7,0.0,85.8,0.0,0.0,0.0,0.0,15794.9 MiB,4062.1 MiB,2181.4 MiB,9551.3 MiB,4096.0 MiB,3447.7 MiB,648.2 MiB,13023.9 MiB
4,g++-4.8 4.8.5,nbody_2.c 50000000,27,1695316717,2963137,nbody_2_g++-4.8,0:31.89,6496,1900,1728,100.0,0.0,1,7,0:31,0,12,556,0,231,0,1900,331,2,281,48,0,12.8,1.5,0.0,85.7,0.0,0.0,0.0,0.0,15794.9 MiB,4062.9 MiB,2180.6 MiB,9551.3 MiB,4096.0 MiB,3447.7 MiB,648.2 MiB,13024.6 MiB
4,g++-4.8 4.8.5,nbody_2.c 50000000,28,1695316719,2963137,nbody_2_g++-4.8,0:33.06,6496,1900,1728,100.0,0.0,1,7,0:33,0,12,556,0,231,0,1900,331,2,281,48,0,12.8,0.8,0.0,86.5,0.0,0.0,0.0,0.0,15794.9 MiB,4062.9 MiB,2180.6 MiB,9551.3 MiB,4096.0 MiB,3447.7 MiB,648.2 MiB,13024.6 MiB
4,g++-4.8 4.8.5,nbody_2.c 50000000,29,1695316720,2963137,nbody_2_g++-4.8,0:34.24,6496,1900,1728,100.0,0.0,1,7,0:34,0,12,556,0,231,0,1900,331,2,281,48,0,12.1,1.5,0.0,86.4,0.0,0.0,0.0,0.0,15794.9 MiB,4062.9 MiB,2180.6 MiB,9551.3 MiB,4096.0 MiB,3447.7 MiB,648.2 MiB,13024.6 MiB
4,g++-4.8 4.8.5,nbody_2.c 50000000,30,1695316721,2963137,nbody_2_g++-4.8,0:35.41,6496,1900,1728,93.8,0.0,1,7,0:35,0,12,556,0,231,0,1900,331,2,281,48,0,13.4,1.5,0.0,85.1,0.0,0.0,0.0,0.0,15794.9 MiB,4063.1 MiB,2180.4 MiB,9551.3 MiB,4096.0 MiB,3447.7 MiB,648.2 MiB,13024.9 MiB
4,g++-4.8 4.8.5,nbody_2.c 50000000,31,1695316722,2963137,nbody_2_g++-4.8,0:36.59,6496,1900,1728,100.0,0.0,1,7,0:36,0,12,556,0,231,0,1900,331,2,281,48,0,13.6,0.8,0.0,85.6,0.0,0.0,0.0,0.0,15794.9 MiB,4063.4 MiB,2180.1 MiB,9551.3 MiB,4096.0 MiB,3447.7 MiB,648.2 MiB,13025.1 MiB
4,g++-4.8 4.8.5,nbody_2.c 50000000,32,1695316723,2963137,nbody_2_g++-4.8,0:37.76,6496,1900,1728,100.0,0.0,1,7,0:37,0,12,556,0,231,0,1900,331,2,281,48,0,12.7,1.5,0.0,85.8,0.0,0.0,0.0,0.0,15794.9 MiB,4063.4 MiB,2180.1 MiB,9551.3 MiB,4096.0 MiB,3447.7 MiB,648.2 MiB,13025.1 MiB
4,g++-4.8 4.8.5,nbody_2.c 50000000,33,1695316725,2963137,nbody_2_g++-4.8,0:38.94,6496,1900,1728,100.0,0.0,1,7,0:38,0,12,556,0,231,0,1900,331,2,281,48,0,12.9,0.8,0.0,86.4,0.0,0.0,0.0,0.0,15794.9 MiB,4063.4 MiB,2180.1 MiB,9551.3 MiB,4096.0 MiB,3447.7 MiB,648.2 MiB,13025.1 MiB
4,g++-4.8 4.8.5,nbody_2.c 50000000,34,1695316726,2963137,nbody_2_g++-4.8,0:40.11,6496,1900,1728,93.8,0.0,1,7,0:40,0,12,556,0,231,0,1900,331,2,281,48,0,12.7,1.5,0.0,85.8,0.0,0.0,0.0,0.0,15794.9 MiB,4063.4 MiB,2180.1 MiB,9551.4 MiB,4096.0 MiB,3447.7 MiB,648.2 MiB,13025.1 MiB
4,g++-4.8 4.8.5,nbody_2.c 50000000,35,1695316727,2963137,nbody_2_g++-4.8,0:41.29,6496,1900,1728,100.0,0.0,1,7,0:41,0,12,556,0,231,0,1900,331,2,281,48,0,12.8,1.5,0.0,85.7,0.0,0.0,0.0,0.0,15794.9 MiB,4063.4 MiB,2180.1 MiB,9551.4 MiB,4096.0 MiB,3447.7 MiB,648.2 MiB,13025.1 MiB
4,g++-4.8 4.8.5,nbody_2.c 50000000,36,1695316728,2963137,nbody_2_g++-4.8,0:42.46,6496,1900,1728,100.0,0.0,1,7,0:42,0,12,556,0,231,0,1900,331,2,281,48,0,12.7,1.5,0.0,85.8,0.0,0.0,0.0,0.0,15794.9 MiB,4063.1 MiB,2180.4 MiB,9551.4 MiB,4096.0 MiB,3447.7 MiB,648.2 MiB,13024.9 MiB
4,g++-4.8 4.8.5,nbody_2.c 50000000,37,1695316729,2963137,nbody_2_g++-4.8,0:43.63,6496,1900,1728,93.8,0.0,1,7,0:43,0,12,556,0,231,0,1900,331,2,281,48,0,13.0,0.8,0.0,86.3,0.0,0.0,0.0,0.0,15794.9 MiB,4063.4 MiB,2180.1 MiB,9551.4 MiB,4096.0 MiB,3447.7 MiB,648.2 MiB,13025.1 MiB
4,g++-4.8 4.8.5,nbody_2.c 50000000,38,1695316730,2963137,nbody_2_g++-4.8,0:44.81,6496,1900,1728,100.0,0.0,1,7,0:44,0,12,556,0,231,0,1900,331,2,281,48,0,12.8,1.5,0.0,85.7,0.0,0.0,0.0,0.0,15794.9 MiB,4063.4 MiB,2180.1 MiB,9551.4 MiB,4096.0 MiB,3447.7 MiB,648.2 MiB,13025.1 MiB
4,g++-4.8 4.8.5,nbody_2.c 50000000,39,1695316732,2963137,nbody_2_g++-4.8,0:45.99,6496,1900,1728,100.0,0.0,1,7,0:45,0,12,556,0,231,0,1900,329,2,279,48,0,13.5,0.8,0.0,85.7,0.0,0.0,0.0,0.0,15794.9 MiB,4063.6 MiB,2179.9 MiB,9551.4 MiB,4096.0 MiB,3447.7 MiB,648.2 MiB,13025.4 MiB
4,g++-4.8 4.8.5,nbody_2.c 50000000,40,1695316733,2963137,nbody_2_g++-4.8,0:47.16,6496,1900,1728,100.0,0.0,1,7,0:47,0,12,556,0,231,0,1900,329,2,279,48,0,12.8,1.5,0.0,85.7,0.0,0.0,0.0,0.0,15794.9 MiB,4063.4 MiB,2180.1 MiB,9551.4 MiB,4096.0 MiB,3447.7 MiB,648.2 MiB,13025.2 MiB
4,g++-4.8 4.8.5,nbody_2.c 50000000,41,1695316734,2963137,nbody_2_g++-4.8,0:48.33,6496,1900,1728,100.0,0.0,1,7,0:48,0,12,556,0,231,0,1900,329,2,279,48,0,12.9,0.8,0.0,86.4,0.0,0.0,0.0,0.0,15794.9 MiB,4063.4 MiB,2180.1 MiB,9551.4 MiB,4096.0 MiB,3447.7 MiB,648.2 MiB,13025.2 MiB
4,g++-4.8 4.8.5,nbody_2.c 50000000,42,1695316735,2963137,nbody_2_g++-4.8,0:49.51,6496,1900,1728,100.0,0.0,1,7,0:49,0,12,556,0,231,0,1900,329,2,279,48,0,12.8,1.5,0.0,85.7,0.0,0.0,0.0,0.0,15794.9 MiB,4063.4 MiB,2180.1 MiB,9551.4 MiB,4096.0 MiB,3447.7 MiB,648.2 MiB,13025.2 MiB
4,g++-4.8 4.8.5,nbody_2.c 50000000,43,1695316736,2963137,nbody_2_g++-4.8,0:50.69,6496,1900,1728,100.0,0.0,1,7,0:50,0,12,556,0,231,0,1900,329,2,279,48,0,13.4,1.5,0.0,85.1,0.0,0.0,0.0,0.0,15794.9 MiB,4063.4 MiB,2180.1 MiB,9551.4 MiB,4096.0 MiB,3447.7 MiB,648.2 MiB,13025.2 MiB
4,g++-4.8 4.8.5,nbody_2.c 50000000,44,1695316737,2963137,nbody_2_g++-4.8,0:51.86,6496,1900,1728,100.0,0.0,1,7,0:51,0,12,556,0,231,0,1900,329,2,279,48,0,12.9,0.8,0.0,86.4,0.0,0.0,0.0,0.0,15794.9 MiB,4063.4 MiB,2180.1 MiB,9551.4 MiB,4096.0 MiB,3447.7 MiB,648.2 MiB,13025.2 MiB
4,g++-4.8 4.8.5,nbody_2.c 50000000,45,1695316739,2963137,nbody_2_g++-4.8,0:53.03,6496,1900,1728,93.8,0.0,1,7,0:53,0,12,556,0,231,0,1900,329,2,279,48,0,12.1,1.5,0.0,86.4,0.0,0.0,0.0,0.0,15794.9 MiB,4063.4 MiB,2180.1 MiB,9551.4 MiB,4096.0 MiB,3447.7 MiB,648.2 MiB,13025.2 MiB
4,g++-4.8 4.8.5,nbody_2.c 50000000,46,1695316740,2963137,nbody_2_g++-4.8,0:54.21,6496,1900,1728,100.0,0.0,1,7,0:54,0,12,556,0,231,0,1900,329,2,279,48,0,12.9,0.8,0.0,86.4,0.0,0.0,0.0,0.0,15794.9 MiB,4063.1 MiB,2180.5 MiB,9551.2 MiB,4096.0 MiB,3447.7 MiB,648.2 MiB,13024.9 MiB
4,g++-4.8 4.8.5,nbody_2.c 50000000,47,1695316741,2963137,nbody_2_g++-4.8,0:55.39,6496,1900,1728,100.0,0.0,1,3,0:55,0,12,556,0,231,0,1900,329,2,279,48,0,12.8,0.8,0.0,86.5,0.0,0.0,0.0,0.0,15794.9 MiB,4062.9 MiB,2180.8 MiB,9551.2 MiB,4096.0 MiB,3447.7 MiB,648.2 MiB,13024.7 MiB
4,g++-4.8 4.8.5,nbody_2.c 50000000,48,1695316742,2963137,nbody_2_g++-4.8,0:56.56,6496,1900,1728,100.0,0.0,1,7,0:56,0,12,556,0,231,0,1900,329,3,278,48,0,12.9,0.8,0.0,86.4,0.0,0.0,0.0,0.0,15794.9 MiB,4063.1 MiB,2180.5 MiB,9551.2 MiB,4096.0 MiB,3447.7 MiB,648.2 MiB,13024.9 MiB
4,g++-4.8 4.8.5,nbody_2.c 50000000,49,1695316743,2963137,nbody_2_g++-4.8,0:57.73,6496,1900,1728,100.0,0.0,1,7,0:57,0,12,556,0,231,0,1900,329,2,279,48,0,13.5,0.8,0.0,85.7,0.0,0.0,0.0,0.0,15794.9 MiB,4063.6 MiB,2180.0 MiB,9551.2 MiB,4096.0 MiB,3447.7 MiB,648.2 MiB,13025.4 MiB
4,g++-4.8 4.8.5,nbody_2.c 50000000,50,1695316744,2963137,nbody_2_g++-4.8,0:58.91,6496,1900,1728,100.0,0.0,1,7,0:58,0,12,556,0,231,0,1900,329,2,279,48,0,13.4,1.5,0.0,85.1,0.0,0.0,0.0,0.0,15794.9 MiB,4063.6 MiB,2180.0 MiB,9551.2 MiB,4096.0 MiB,3447.7 MiB,648.2 MiB,13025.4 MiB
4,g++-4.8 4.8.5,nbody_2.c 50000000,51,1695316746,2963137,nbody_2_g++-4.8,1:00.09,6496,1900,1728,100.0,0.0,1,7,1:00,0,12,556,0,231,0,1900,329,2,279,48,0,13.3,1.5,0.0,85.2,0.0,0.0,0.0,0.0,15794.9 MiB,4063.6 MiB,2180.0 MiB,9551.2 MiB,4096.0 MiB,3447.7 MiB,648.2 MiB,13025.4 MiB
4,g++-4.8 4.8.5,nbody_2.c 50000000,52,1695316747,2963137,nbody_2_g++-4.8,1:01.26,6496,1900,1728,100.0,0.0,1,7,1:01,0,12,556,0,231,0,1900,329,2,279,48,0,12.8,1.5,0.0,85.7,0.0,0.0,0.0,0.0,15794.9 MiB,4064.4 MiB,2179.3 MiB,9551.2 MiB,4096.0 MiB,3447.7 MiB,648.2 MiB,13026.2 MiB
4,g++-4.8 4.8.5,nbody_2.c 50000000,53,1695316748,2963137,nbody_2_g++-4.8,1:02.43,6496,1900,1728,100.0,0.0,1,7,1:02,0,12,556,0,231,0,1900,329,2,279,48,0,12.8,1.5,0.0,85.7,0.0,0.0,0.0,0.0,15794.9 MiB,4064.6 MiB,2179.0 MiB,9551.2 MiB,4096.0 MiB,3447.7 MiB,648.2 MiB,13026.4 MiB
4,g++-4.8 4.8.5,nbody_2.c 50000000,54,1695316749,2963137,nbody_2_g++-4.8,1:03.61,6496,1900,1728,100.0,0.0,1,7,1:03,0,12,556,0,231,0,1900,329,2,279,48,0,12.9,0.8,0.0,86.4,0.0,0.0,0.0,0.0,15794.9 MiB,4063.6 MiB,2180.0 MiB,9551.2 MiB,4096.0 MiB,3447.7 MiB,648.2 MiB,13025.4 MiB
4,g++-4.8 4.8.5,nbody_2.c 50000000,55,1695316750,2963137,nbody_2_g++-4.8,1:04.78,6496,1900,1728,93.8,0.0,1,7,1:04,0,12,556,0,231,0,1900,329,2,279,48,0,12.8,0.8,0.0,86.5,0.0,0.0,0.0,0.0,15794.9 MiB,4063.6 MiB,2180.0 MiB,9551.2 MiB,4096.0 MiB,3447.7 MiB,648.2 MiB,13025.4 MiB
4,g++-4.8 4.8.5,nbody_2.c 50000000,56,1695316752,2963137,nbody_2_g++-4.8,1:05.96,6496,1900,1728,100.0,0.0,1,7,1:05,0,12,556,0,231,0,1900,329,2,279,48,0,13.5,0.8,0.0,85.7,0.0,0.0,0.0,0.0,15794.9 MiB,4063.6 MiB,2180.0 MiB,9551.2 MiB,4096.0 MiB,3447.7 MiB,648.2 MiB,13025.4 MiB
4,g++-4.8 4.8.5,nbody_2.c 50000000,57,1695316753,2963137,nbody_2_g++-4.8,1:07.13,6496,1900,1728,100.0,0.0,1,7,1:07,0,12,556,0,231,0,1900,329,2,279,48,0,13.5,0.8,0.0,85.7,0.0,0.0,0.0,0.0,15794.9 MiB,4063.4 MiB,2180.3 MiB,9551.2 MiB,4096.0 MiB,3447.7 MiB,648.2 MiB,13025.2 MiB
4,g++-4.8 4.8.5,nbody_2.c 50000000,58,1695316754,2963137,nbody_2_g++-4.8,1:08.31,6496,1900,1728,100.0,0.0,1,7,1:08,0,12,556,0,231,0,1900,329,2,279,48,0,12.9,0.8,0.0,86.4,0.0,0.0,0.0,0.0,15794.9 MiB,4063.9 MiB,2179.8 MiB,9551.2 MiB,4096.0 MiB,3447.7 MiB,648.2 MiB,13025.7 MiB
4,g++-4.8 4.8.5,nbody_2.c 50000000,59,1695316755,2963137,nbody_2_g++-4.8,1:09.48,6496,1900,1728,100.0,0.0,1,3,1:09,0,12,556,0,231,0,1900,329,2,279,48,0,13.4,1.5,0.0,85.1,0.0,0.0,0.0,0.0,15794.9 MiB,4064.4 MiB,2179.3 MiB,9551.2 MiB,4096.0 MiB,3447.7 MiB,648.2 MiB,13026.2 MiB
4,g++-4.8 4.8.5,nbody_2.c 50000000,60,1695316756,2963137,nbody_2_g++-4.8,1:10.65,6496,1900,1728,100.0,0.0,1,3,1:10,0,12,556,0,231,0,1900,329,2,279,48,0,13.5,0.8,0.0,85.7,0.0,0.0,0.0,0.0,15794.9 MiB,4065.1 MiB,2178.5 MiB,9551.2 MiB,4096.0 MiB,3447.7 MiB,648.2 MiB,13026.9 MiB
4,g++-4.8 4.8.5,nbody_2.c 50000000,61,1695316757,2963137,nbody_2_g++-4.8,1:11.83,6496,1900,1728,100.0,0.0,1,3,1:11,0,12,556,0,231,0,1900,329,2,279,48,0,12.8,0.8,0.0,86.5,0.0,0.0,0.0,0.0,15794.9 MiB,4064.9 MiB,2178.8 MiB,9551.2 MiB,4096.0 MiB,3447.7 MiB,648.2 MiB,13026.7 MiB
4,g++-4.8 4.8.5,nbody_2.c 50000000,62,1695316759,2963137,nbody_2_g++-4.8,1:13.01,6496,1900,1728,100.0,0.0,1,3,1:13,0,12,556,0,231,0,1900,329,2,279,48,0,13.3,1.5,0.0,85.2,0.0,0.0,0.0,0.0,15794.9 MiB,4065.1 MiB,2178.5 MiB,9551.2 MiB,4096.0 MiB,3447.7 MiB,648.2 MiB,13026.9 MiB
4,g++-4.8 4.8.5,nbody_2.c 50000000,63,1695316760,2963137,nbody_2_g++-4.8,1:14.19,6496,1900,1728,100.0,0.0,1,3,1:14,0,12,556,0,231,0,1900,329,2,279,48,0,13.1,1.5,0.0,85.4,0.0,0.0,0.0,0.0,15794.9 MiB,4065.1 MiB,2178.5 MiB,9551.2 MiB,4096.0 MiB,3447.7 MiB,648.2 MiB,13026.9 MiB
4,g++-4.8 4.8.5,nbody_2.c 50000000,64,1695316761,2963137,nbody_2_g++-4.8,1:15.36,6496,1900,1728,100.0,0.0,1,7,1:15,0,12,556,0,231,0,1900,329,2,279,48,0,12.9,0.8,0.0,86.4,0.0,0.0,0.0,0.0,15794.9 MiB,4064.1 MiB,2179.5 MiB,9551.2 MiB,4096.0 MiB,3447.7 MiB,648.2 MiB,13025.9 MiB
4,g++-4.8 4.8.5,nbody_2.c 50000000,65,1695316762,2963137,nbody_2_g++-4.8,1:16.54,6496,1900,1728,100.0,0.0,1,7,1:16,0,12,556,0,231,0,1900,329,2,279,48,0,12.8,0.8,0.0,86.5,0.0,0.0,0.0,0.0,15794.9 MiB,4064.4 MiB,2179.3 MiB,9551.2 MiB,4096.0 MiB,3447.7 MiB,648.2 MiB,13026.2 MiB
4,g++-4.8 4.8.5,nbody_2.c 50000000,66,1695316763,2963137,nbody_2_g++-4.8,1:17.71,6496,1900,1728,100.0,0.0,1,3,1:17,0,12,556,0,231,0,1900,329,2,279,48,0,12.0,1.5,0.0,86.5,0.0,0.0,0.0,0.0,15794.9 MiB,4064.1 MiB,2179.5 MiB,9551.2 MiB,4096.0 MiB,3447.7 MiB,648.2 MiB,13025.9 MiB
4,g++-4.8 4.8.5,nbody_2.c 50000000,67,1695316764,2963137,nbody_2_g++-4.8,1:18.89,6496,1900,1728,100.0,0.0,1,3,1:18,0,12,556,0,231,0,1900,329,2,279,48,0,12.8,0.8,0.0,86.5,0.0,0.0,0.0,0.0,15794.9 MiB,4064.1 MiB,2179.5 MiB,9551.2 MiB,4096.0 MiB,3447.7 MiB,648.2 MiB,13026.0 MiB
4,g++-4.8 4.8.5,nbody_2.c 50000000,68,1695316766,2963137,nbody_2_g++-4.8,1:20.06,6496,1900,1728,100.0,0.0,1,7,1:20,0,12,556,0,231,0,1900,329,2,279,48,0,12.8,1.5,0.0,85.7,0.0,0.0,0.0,0.0,15794.9 MiB,4064.4 MiB,2179.3 MiB,9551.2 MiB,4096.0 MiB,3447.7 MiB,648.2 MiB,13026.2 MiB
4,g++-4.8 4.8.5,nbody_2.c 50000000,69,1695316767,2963137,nbody_2_g++-4.8,1:21.23,6496,1900,1728,100.0,0.0,1,7,1:21,0,12,556,0,231,0,1900,329,2,279,48,0,12.1,1.5,0.0,86.4,0.0,0.0,0.0,0.0,15794.9 MiB,4064.4 MiB,2179.3 MiB,9551.2 MiB,4096.0 MiB,3447.7 MiB,648.2 MiB,13026.2 MiB
4,g++-4.8 4.8.5,nbody_2.c 50000000,70,1695316768,2963137,nbody_2_g++-4.8,1:22.41,6496,1900,1728,100.0,0.0,1,7,1:22,0,12,556,0,231,0,1900,329,2,279,48,0,13.7,0.0,0.0,86.3,0.0,0.0,0.0,0.0,15794.9 MiB,4065.1 MiB,2178.5 MiB,9551.2 MiB,4096.0 MiB,3447.7 MiB,648.2 MiB,13026.9 MiB
4,g++-4.8 4.8.5,nbody_2.c 50000000,71,1695316769,2963137,nbody_2_g++-4.8,1:23.58,6496,1900,1728,100.0,0.0,1,7,1:23,0,12,556,0,231,0,1900,329,2,279,48,0,13.5,0.8,0.0,85.7,0.0,0.0,0.0,0.0,15794.9 MiB,4065.1 MiB,2178.5 MiB,9551.2 MiB,4096.0 MiB,3447.7 MiB,648.2 MiB,13026.9 MiB
4,g++-4.8 4.8.5,nbody_2.c 50000000,72,1695316770,2963137,nbody_2_g++-4.8,1:24.76,6496,1900,1728,100.0,0.0,1,7,1:24,0,12,556,0,231,0,1900,329,2,279,48,0,12.8,1.5,0.0,85.7,0.0,0.0,0.0,0.0,15794.9 MiB,4064.6 MiB,2179.0 MiB,9551.2 MiB,4096.0 MiB,3447.7 MiB,648.2 MiB,13026.5 MiB
4,g++-4.8 4.8.5,nbody_2.c 50000000,73,1695316772,2963137,nbody_2_g++-4.8,1:25.93,6496,1900,1728,100.0,0.0,1,7,1:25,0,12,556,0,231,0,1900,329,2,279,48,0,12.7,1.5,0.0,85.8,0.0,0.0,0.0,0.0,15794.9 MiB,4065.1 MiB,2178.5 MiB,9551.2 MiB,4096.0 MiB,3447.7 MiB,648.2 MiB,13026.9 MiB
4,g++-4.8 4.8.5,nbody_2.c 50000000,74,1695316773,2963137,,,,,,,,,,,,,,,,,,328,1,279,48,0,5.9,1.5,0.0,92.6,0.0,0.0,0.0,0.0,15794.9 MiB,4058.0 MiB,2178.8 MiB,9558.1 MiB,4096.0 MiB,3447.7 MiB,648.2 MiB,13019.8 MiB
5,g++-4.8 4.8.5,nbody_2.c 50000000,0,1695316774,2963600,nbody_2_g++-4.8,0:00.16,6496,1956,1784,100.0,0.0,1,5,0:00,0,12,556,0,228,0,1956,329,2,279,48,0,13.1,1.5,0.0,85.4,0.0,0.0,0.0,0.0,15794.9 MiB,4058.2 MiB,2178.3 MiB,9558.4 MiB,4096.0 MiB,3447.7 MiB,648.2 MiB,13020.1 MiB
5,g++-4.8 4.8.5,nbody_2.c 50000000,1,1695316775,2963600,nbody_2_g++-4.8,0:01.33,6496,1956,1784,100.0,0.0,1,5,0:01,0,12,556,0,228,0,1956,329,2,279,48,0,13.0,0.8,0.0,86.3,0.0,0.0,0.0,0.0,15794.9 MiB,4058.7 MiB,2184.6 MiB,9551.5 MiB,4096.0 MiB,3447.7 MiB,648.2 MiB,13020.6 MiB
5,g++-4.8 4.8.5,nbody_2.c 50000000,2,1695316776,2963600,nbody_2_g++-4.8,0:02.51,6496,1956,1784,100.0,0.0,1,5,0:02,0,12,556,0,228,0,1956,329,2,279,48,0,12.8,1.5,0.0,85.7,0.0,0.0,0.0,0.0,15794.9 MiB,4058.7 MiB,2184.8 MiB,9551.4 MiB,4096.0 MiB,3447.7 MiB,648.2 MiB,13020.6 MiB
5,g++-4.8 4.8.5,nbody_2.c 50000000,3,1695316777,2963600,nbody_2_g++-4.8,0:03.68,6496,1956,1784,100.0,0.0,1,1,0:03,0,12,556,0,228,0,1956,329,2,279,48,0,13.4,1.5,0.0,83.6,1.5,0.0,0.0,0.0,15794.9 MiB,4060.4 MiB,2181.3 MiB,9553.1 MiB,4096.0 MiB,3447.7 MiB,648.2 MiB,13024.1 MiB
5,g++-4.8 4.8.5,nbody_2.c 50000000,4,1695316779,2963600,nbody_2_g++-4.8,0:04.86,6496,1956,1784,100.0,0.0,1,1,0:04,0,12,556,0,228,0,1956,329,2,279,48,0,13.4,1.5,0.0,85.1,0.0,0.0,0.0,0.0,15794.9 MiB,4060.5 MiB,2181.3 MiB,9553.1 MiB,4096.0 MiB,3447.7 MiB,648.2 MiB,13024.1 MiB
5,g++-4.8 4.8.5,nbody_2.c 50000000,5,1695316780,2963600,nbody_2_g++-4.8,0:06.03,6496,1956,1784,93.8,0.0,1,1,0:06,0,12,556,0,228,0,1956,329,2,279,48,0,12.2,0.8,0.0,87.0,0.0,0.0,0.0,0.0,15794.9 MiB,4059.7 MiB,2182.0 MiB,9553.1 MiB,4096.0 MiB,3447.7 MiB,648.2 MiB,13023.3 MiB
5,g++-4.8 4.8.5,nbody_2.c 50000000,6,1695316781,2963600,nbody_2_g++-4.8,0:07.21,6496,1956,1784,100.0,0.0,1,5,0:07,0,12,556,0,228,0,1956,328,2,278,48,0,12.8,1.5,0.0,85.7,0.0,0.0,0.0,0.0,15794.9 MiB,4060.0 MiB,2181.8 MiB,9553.2 MiB,4096.0 MiB,3447.7 MiB,648.2 MiB,13023.6 MiB
5,g++-4.8 4.8.5,nbody_2.c 50000000,7,1695316782,2963600,nbody_2_g++-4.8,0:08.38,6496,1956,1784,100.0,0.0,1,5,0:08,0,12,556,0,228,0,1956,329,2,279,48,0,12.8,0.8,0.0,86.5,0.0,0.0,0.0,0.0,15794.9 MiB,4059.7 MiB,2182.0 MiB,9553.2 MiB,4096.0 MiB,3447.7 MiB,648.2 MiB,13023.3 MiB
5,g++-4.8 4.8.5,nbody_2.c 50000000,8,1695316783,2963600,nbody_2_g++-4.8,0:09.56,6496,1956,1784,100.0,0.0,1,1,0:09,0,12,556,0,228,0,1956,329,2,279,48,0,12.9,0.8,0.0,86.4,0.0,0.0,0.0,0.0,15794.9 MiB,4059.7 MiB,2182.0 MiB,9553.2 MiB,4096.0 MiB,3447.7 MiB,648.2 MiB,13023.3 MiB
5,g++-4.8 4.8.5,nbody_2.c 50000000,9,1695316784,2963600,nbody_2_g++-4.8,0:10.73,6496,1956,1784,93.8,0.0,1,1,0:10,0,12,556,0,228,0,1956,329,2,279,48,0,12.9,0.8,0.0,86.4,0.0,0.0,0.0,0.0,15794.9 MiB,4059.7 MiB,2182.0 MiB,9553.2 MiB,4096.0 MiB,3447.7 MiB,648.2 MiB,13023.3 MiB
5,g++-4.8 4.8.5,nbody_2.c 50000000,10,1695316786,2963600,nbody_2_g++-4.8,0:11.91,6496,1956,1784,100.0,0.0,1,1,0:11,0,12,556,0,228,0,1956,329,2,279,48,0,13.4,1.5,0.0,85.1,0.0,0.0,0.0,0.0,15794.9 MiB,4059.7 MiB,2182.0 MiB,9553.2 MiB,4096.0 MiB,3447.7 MiB,648.2 MiB,13023.3 MiB
5,g++-4.8 4.8.5,nbody_2.c 50000000,11,1695316787,2963600,nbody_2_g++-4.8,0:13.08,6496,1956,1784,100.0,0.0,1,1,0:13,0,12,556,0,228,0,1956,329,2,279,48,0,13.5,0.8,0.0,85.7,0.0,0.0,0.0,0.0,15794.9 MiB,4059.2 MiB,2182.5 MiB,9553.2 MiB,4096.0 MiB,3447.7 MiB,648.2 MiB,13022.8 MiB
5,g++-4.8 4.8.5,nbody_2.c 50000000,12,1695316788,2963600,nbody_2_g++-4.8,0:14.26,6496,1956,1784,100.0,0.0,1,1,0:14,0,12,556,0,228,0,1956,329,2,279,48,0,12.8,1.5,0.0,85.7,0.0,0.0,0.0,0.0,15794.9 MiB,4059.2 MiB,2182.5 MiB,9553.2 MiB,4096.0 MiB,3447.7 MiB,648.2 MiB,13022.8 MiB
5,g++-4.8 4.8.5,nbody_2.c 50000000,13,1695316789,2963600,nbody_2_g++-4.8,0:15.43,6496,1956,1784,93.8,0.0,1,1,0:15,0,12,556,0,228,0,1956,329,2,279,48,0,12.9,0.8,0.0,86.4,0.0,0.0,0.0,0.0,15794.9 MiB,4059.2 MiB,2182.5 MiB,9553.2 MiB,4096.0 MiB,3447.7 MiB,648.2 MiB,13022.9 MiB
5,g++-4.8 4.8.5,nbody_2.c 50000000,14,1695316790,2963600,nbody_2_g++-4.8,0:16.61,6496,1956,1784,100.0,0.0,1,1,0:16,0,12,556,0,228,0,1956,329,2,279,48,0,13.4,1.5,0.0,85.1,0.0,0.0,0.0,0.0,15794.9 MiB,4059.2 MiB,2182.5 MiB,9553.2 MiB,4096.0 MiB,3447.7 MiB,648.2 MiB,13022.9 MiB
5,g++-4.8 4.8.5,nbody_2.c 50000000,15,1695316791,2963600,nbody_2_g++-4.8,0:17.78,6496,1956,1784,100.0,0.0,1,1,0:17,0,12,556,0,228,0,1956,329,2,279,48,0,12.0,1.5,0.0,86.5,0.0,0.0,0.0,0.0,15794.9 MiB,4059.0 MiB,2182.7 MiB,9553.2 MiB,4096.0 MiB,3447.7 MiB,648.2 MiB,13022.6 MiB
5,g++-4.8 4.8.5,nbody_2.c 50000000,16,1695316793,2963600,nbody_2_g++-4.8,0:18.96,6496,1956,1784,100.0,0.0,1,1,0:18,0,12,556,0,228,0,1956,329,2,279,48,0,12.9,0.8,0.0,86.4,0.0,0.0,0.0,0.0,15794.9 MiB,4058.7 MiB,2183.0 MiB,9553.2 MiB,4096.0 MiB,3447.7 MiB,648.2 MiB,13022.4 MiB
5,g++-4.8 4.8.5,nbody_2.c 50000000,17,1695316794,2963600,nbody_2_g++-4.8,0:20.13,6496,1956,1784,100.0,0.0,1,1,0:20,0,12,556,0,228,0,1956,329,2,279,48,0,14.3,0.0,0.0,85.7,0.0,0.0,0.0,0.0,15794.9 MiB,4058.7 MiB,2183.0 MiB,9553.2 MiB,4096.0 MiB,3447.7 MiB,648.2 MiB,13022.4 MiB
5,g++-4.8 4.8.5,nbody_2.c 50000000,18,1695316795,2963600,nbody_2_g++-4.8,0:21.30,6496,1956,1784,93.8,0.0,1,1,0:21,0,12,556,0,228,0,1956,329,2,279,48,0,12.9,0.8,0.0,86.4,0.0,0.0,0.0,0.0,15794.9 MiB,4058.2 MiB,2183.5 MiB,9553.2 MiB,4096.0 MiB,3447.7 MiB,648.2 MiB,13021.9 MiB
5,g++-4.8 4.8.5,nbody_2.c 50000000,19,1695316796,2963600,nbody_2_g++-4.8,0:22.48,6496,1956,1784,100.0,0.0,1,1,0:22,0,12,556,0,228,0,1956,329,2,279,48,0,13.5,0.8,0.0,85.7,0.0,0.0,0.0,0.0,15794.9 MiB,4057.8 MiB,2183.9 MiB,9553.2 MiB,4096.0 MiB,3447.7 MiB,648.2 MiB,13021.4 MiB
5,g++-4.8 4.8.5,nbody_2.c 50000000,20,1695316797,2963600,nbody_2_g++-4.8,0:23.66,6496,1956,1784,100.0,0.0,1,1,0:23,0,12,556,0,228,0,1956,329,2,279,48,0,13.5,0.8,0.0,85.7,0.0,0.0,0.0,0.0,15794.9 MiB,4057.8 MiB,2183.9 MiB,9553.2 MiB,4096.0 MiB,3447.7 MiB,648.2 MiB,13021.4 MiB
5,g++-4.8 4.8.5,nbody_2.c 50000000,21,1695316799,2963600,nbody_2_g++-4.8,0:24.83,6496,1956,1784,100.0,0.0,1,1,0:24,0,12,556,0,228,0,1956,329,2,279,48,0,13.5,1.5,0.0,85.0,0.0,0.0,0.0,0.0,15794.9 MiB,4057.5 MiB,2184.2 MiB,9553.2 MiB,4096.0 MiB,3447.7 MiB,648.2 MiB,13021.1 MiB
5,g++-4.8 4.8.5,nbody_2.c 50000000,22,1695316800,2963600,nbody_2_g++-4.8,0:26.00,6496,1956,1784,93.8,0.0,1,1,0:26,0,12,556,0,228,0,1956,329,2,279,48,0,12.8,1.5,0.0,85.7,0.0,0.0,0.0,0.0,15794.9 MiB,4058.2 MiB,2183.5 MiB,9553.2 MiB,4096.0 MiB,3447.7 MiB,648.2 MiB,13021.9 MiB
5,g++-4.8 4.8.5,nbody_2.c 50000000,23,1695316801,2963600,nbody_2_g++-4.8,0:27.18,6496,1956,1784,100.0,0.0,1,1,0:27,0,12,556,0,228,0,1956,329,2,279,48,0,12.1,1.5,0.0,86.4,0.0,0.0,0.0,0.0,15794.9 MiB,4057.5 MiB,2184.2 MiB,9553.2 MiB,4096.0 MiB,3447.7 MiB,648.2 MiB,13021.1 MiB
5,g++-4.8 4.8.5,nbody_2.c 50000000,24,1695316802,2963600,nbody_2_g++-4.8,0:28.35,6496,1956,1784,100.0,0.0,1,1,0:28,0,12,556,0,228,0,1956,329,2,279,48,0,13.5,0.8,0.0,85.7,0.0,0.0,0.0,0.0,15794.9 MiB,4057.0 MiB,2184.7 MiB,9553.2 MiB,4096.0 MiB,3447.7 MiB,648.2 MiB,13020.6 MiB
5,g++-4.8 4.8.5,nbody_2.c 50000000,25,1695316803,2963600,nbody_2_g++-4.8,0:29.53,6496,1956,1784,100.0,0.0,1,1,0:29,0,12,556,0,228,0,1956,329,2,279,48,0,13.5,0.8,0.0,85.7,0.0,0.0,0.0,0.0,15794.9 MiB,4057.3 MiB,2184.4 MiB,9553.2 MiB,4096.0 MiB,3447.7 MiB,648.2 MiB,13020.9 MiB
5,g++-4.8 4.8.5,nbody_2.c 50000000,26,1695316804,2963600,nbody_2_g++-4.8,0:30.70,6496,1956,1784,93.8,0.0,1,1,0:30,0,12,556,0,228,0,1956,329,2,279,48,0,13.4,1.5,0.0,85.1,0.0,0.0,0.0,0.0,15794.9 MiB,4057.3 MiB,2184.4 MiB,9553.2 MiB,4096.0 MiB,3447.7 MiB,648.2 MiB,13020.9 MiB
5,g++-4.8 4.8.5,nbody_2.c 50000000,27,1695316806,2963600,nbody_2_g++-4.8,0:31.88,6496,1956,1784,100.0,0.0,1,1,0:31,0,12,556,0,228,0,1956,329,2,279,48,0,12.2,0.8,0.0,87.0,0.0,0.0,0.0,0.0,15794.9 MiB,4058.0 MiB,2183.6 MiB,9553.2 MiB,4096.0 MiB,3447.7 MiB,648.2 MiB,13021.7 MiB
5,g++-4.8 4.8.5,nbody_2.c 50000000,28,1695316807,2963600,nbody_2_g++-4.8,0:33.05,6496,1956,1784,100.0,0.0,1,1,0:33,0,12,556,0,228,0,1956,329,2,279,48,0,12.8,1.5,0.0,85.7,0.0,0.0,0.0,0.0,15794.9 MiB,4058.5 MiB,2183.2 MiB,9553.2 MiB,4096.0 MiB,3447.7 MiB,648.2 MiB,13022.2 MiB
5,g++-4.8 4.8.5,nbody_2.c 50000000,29,1695316808,2963600,nbody_2_g++-4.8,0:34.23,6496,1956,1784,100.0,0.0,1,1,0:34,0,12,556,0,228,0,1956,329,2,279,48,0,12.8,0.8,0.0,86.5,0.0,0.0,0.0,0.0,15794.9 MiB,4058.0 MiB,2183.7 MiB,9553.2 MiB,4096.0 MiB,3447.7 MiB,648.2 MiB,13021.7 MiB
5,g++-4.8 4.8.5,nbody_2.c 50000000,30,1695316809,2963600,nbody_2_g++-4.8,0:35.40,6496,1956,1784,100.0,0.0,1,1,0:35,0,12,556,0,228,0,1956,329,2,279,48,0,13.5,0.8,0.0,85.7,0.0,0.0,0.0,0.0,15794.9 MiB,4058.0 MiB,2183.7 MiB,9553.2 MiB,4096.0 MiB,3447.7 MiB,648.2 MiB,13021.7 MiB
5,g++-4.8 4.8.5,nbody_2.c 50000000,31,1695316810,2963600,nbody_2_g++-4.8,0:36.58,6496,1956,1784,100.0,0.0,1,1,0:36,0,12,556,0,228,0,1956,329,2,279,48,0,13.5,0.8,0.0,85.7,0.0,0.0,0.0,0.0,15794.9 MiB,4058.0 MiB,2183.7 MiB,9553.2 MiB,4096.0 MiB,3447.7 MiB,648.2 MiB,13021.7 MiB
5,g++-4.8 4.8.5,nbody_2.c 50000000,32,1695316811,2963600,nbody_2_g++-4.8,0:37.75,6496,1956,1784,100.0,0.0,1,1,0:37,0,12,556,0,228,0,1956,329,2,279,48,0,12.9,0.8,0.0,86.4,0.0,0.0,0.0,0.0,15794.9 MiB,4058.0 MiB,2183.6 MiB,9553.2 MiB,4096.0 MiB,3447.7 MiB,648.2 MiB,13021.7 MiB
5,g++-4.8 4.8.5,nbody_2.c 50000000,33,1695316813,2963600,nbody_2_g++-4.8,0:38.93,6496,1956,1784,100.0,0.0,1,1,0:38,0,12,556,0,228,0,1956,329,2,279,48,0,12.1,0.8,0.0,87.1,0.0,0.0,0.0,0.0,15794.9 MiB,4058.0 MiB,2183.6 MiB,9553.2 MiB,4096.0 MiB,3447.7 MiB,648.2 MiB,13021.7 MiB
5,g++-4.8 4.8.5,nbody_2.c 50000000,34,1695316814,2963600,nbody_2_g++-4.8,0:40.10,6496,1956,1784,100.0,0.0,1,1,0:40,0,12,556,0,228,0,1956,329,2,279,48,0,12.9,0.8,0.0,86.4,0.0,0.0,0.0,0.0,15794.9 MiB,4058.0 MiB,2183.6 MiB,9553.2 MiB,4096.0 MiB,3447.7 MiB,648.2 MiB,13021.7 MiB
5,g++-4.8 4.8.5,nbody_2.c 50000000,35,1695316815,2963600,nbody_2_g++-4.8,0:41.27,6496,1956,1784,93.8,0.0,1,1,0:41,0,12,556,0,228,0,1956,329,2,279,48,0,12.8,1.5,0.0,85.7,0.0,0.0,0.0,0.0,15794.9 MiB,4057.1 MiB,2184.6 MiB,9553.2 MiB,4096.0 MiB,3447.7 MiB,648.2 MiB,13020.7 MiB
5,g++-4.8 4.8.5,nbody_2.c 50000000,36,1695316816,2963600,nbody_2_g++-4.8,0:42.45,6496,1956,1784,100.0,0.0,1,1,0:42,0,12,556,0,228,0,1956,329,2,279,48,0,12.9,0.8,0.0,86.4,0.0,0.0,0.0,0.0,15794.9 MiB,4057.1 MiB,2184.6 MiB,9553.2 MiB,4096.0 MiB,3447.7 MiB,648.2 MiB,13020.7 MiB
5,g++-4.8 4.8.5,nbody_2.c 50000000,37,1695316817,2963600,nbody_2_g++-4.8,0:43.63,6496,1956,1784,100.0,0.0,1,1,0:43,0,12,556,0,228,0,1956,329,2,279,48,0,12.8,1.5,0.0,85.7,0.0,0.0,0.0,0.0,15794.9 MiB,4057.1 MiB,2184.6 MiB,9553.2 MiB,4096.0 MiB,3447.7 MiB,648.2 MiB,13020.7 MiB
5,g++-4.8 4.8.5,nbody_2.c 50000000,38,1695316819,2963600,nbody_2_g++-4.8,0:44.80,6496,1956,1784,100.0,0.0,1,1,0:44,0,12,556,0,228,0,1956,329,2,279,48,0,12.9,0.8,0.0,86.4,0.0,0.0,0.0,0.0,15794.9 MiB,4057.3 MiB,2184.4 MiB,9553.2 MiB,4096.0 MiB,3447.7 MiB,648.2 MiB,13021.0 MiB
5,g++-4.8 4.8.5,nbody_2.c 50000000,39,1695316820,2963600,nbody_2_g++-4.8,0:45.97,6496,1956,1784,93.8,0.0,1,1,0:45,0,12,556,0,228,0,1956,329,2,279,48,0,12.2,0.8,0.0,87.0,0.0,0.0,0.0,0.0,15794.9 MiB,4056.6 MiB,2185.1 MiB,9553.2 MiB,4096.0 MiB,3447.7 MiB,648.2 MiB,13020.2 MiB
5,g++-4.8 4.8.5,nbody_2.c 50000000,40,1695316821,2963600,nbody_2_g++-4.8,0:47.15,6496,1956,1784,100.0,0.0,1,1,0:47,0,12,556,0,228,0,1956,329,2,279,48,0,13.5,0.8,0.0,85.7,0.0,0.0,0.0,0.0,15794.9 MiB,4056.3 MiB,2185.3 MiB,9553.2 MiB,4096.0 MiB,3447.7 MiB,648.2 MiB,13020.0 MiB
5,g++-4.8 4.8.5,nbody_2.c 50000000,41,1695316822,2963600,nbody_2_g++-4.8,0:48.33,6496,1956,1784,100.0,0.0,1,1,0:48,0,12,556,0,228,0,1956,329,2,279,48,0,13.5,0.8,0.0,85.7,0.0,0.0,0.0,0.0,15794.9 MiB,4056.6 MiB,2185.1 MiB,9553.2 MiB,4096.0 MiB,3447.7 MiB,648.2 MiB,13020.2 MiB
5,g++-4.8 4.8.5,nbody_2.c 50000000,42,1695316823,2963600,nbody_2_g++-4.8,0:49.50,6496,1956,1784,100.0,0.0,1,1,0:49,0,12,556,0,228,0,1956,329,2,279,48,0,13.6,0.0,0.0,86.4,0.0,0.0,0.0,0.0,15794.9 MiB,4056.6 MiB,2185.1 MiB,9553.2 MiB,4096.0 MiB,3447.7 MiB,648.2 MiB,13020.2 MiB
5,g++-4.8 4.8.5,nbody_2.c 50000000,43,1695316824,2963600,nbody_2_g++-4.8,0:50.67,6496,1956,1784,93.8,0.0,1,5,0:50,0,12,556,0,228,0,1956,329,2,279,48,0,13.0,0.8,0.0,86.3,0.0,0.0,0.0,0.0,15794.9 MiB,4056.6 MiB,2185.1 MiB,9553.2 MiB,4096.0 MiB,3447.7 MiB,648.2 MiB,13020.2 MiB
5,g++-4.8 4.8.5,nbody_2.c 50000000,44,1695316826,2963600,nbody_2_g++-4.8,0:51.85,6496,1956,1784,100.0,0.0,1,5,0:51,0,12,556,0,228,0,1956,329,2,279,48,0,13.4,1.5,0.0,85.1,0.0,0.0,0.0,0.0,15794.9 MiB,4056.6 MiB,2185.1 MiB,9553.2 MiB,4096.0 MiB,3447.7 MiB,648.2 MiB,13020.2 MiB
5,g++-4.8 4.8.5,nbody_2.c 50000000,45,1695316827,2963600,nbody_2_g++-4.8,0:53.02,6496,1956,1784,100.0,0.0,1,5,0:53,0,12,556,0,228,0,1956,329,2,279,48,0,12.7,0.7,0.0,85.8,0.0,0.0,0.7,0.0,15794.9 MiB,4057.1 MiB,2184.6 MiB,9553.2 MiB,4096.0 MiB,3447.7 MiB,648.2 MiB,13020.7 MiB
5,g++-4.8 4.8.5,nbody_2.c 50000000,46,1695316828,2963600,nbody_2_g++-4.8,0:54.19,6496,1956,1784,100.0,0.0,1,5,0:54,0,12,556,0,228,0,1956,329,2,279,48,0,13.3,1.5,0.0,85.2,0.0,0.0,0.0,0.0,15794.9 MiB,4056.8 MiB,2184.8 MiB,9553.2 MiB,4096.0 MiB,3447.7 MiB,648.2 MiB,13020.5 MiB
5,g++-4.8 4.8.5,nbody_2.c 50000000,47,1695316829,2963600,nbody_2_g++-4.8,0:55.37,6496,1956,1784,100.0,0.0,1,5,0:55,0,12,556,0,228,0,1956,329,2,279,48,0,14.3,0.0,0.0,85.7,0.0,0.0,0.0,0.0,15794.9 MiB,4056.8 MiB,2184.8 MiB,9553.2 MiB,4096.0 MiB,3447.7 MiB,648.2 MiB,13020.5 MiB
5,g++-4.8 4.8.5,nbody_2.c 50000000,48,1695316830,2963600,nbody_2_g++-4.8,0:56.54,6496,1956,1784,93.8,0.0,1,1,0:56,0,12,556,0,228,0,1956,329,2,279,48,0,12.1,1.5,0.0,86.4,0.0,0.0,0.0,0.0,15794.9 MiB,4056.6 MiB,2185.1 MiB,9553.2 MiB,4096.0 MiB,3447.7 MiB,648.2 MiB,13020.2 MiB
5,g++-4.8 4.8.5,nbody_2.c 50000000,49,1695316831,2963600,nbody_2_g++-4.8,0:57.72,6496,1956,1784,100.0,0.0,1,1,0:57,0,12,556,0,228,0,1956,329,2,279,48,0,12.8,1.5,0.0,85.7,0.0,0.0,0.0,0.0,15794.9 MiB,4056.3 MiB,2185.3 MiB,9553.2 MiB,4096.0 MiB,3447.7 MiB,648.2 MiB,13020.0 MiB
5,g++-4.8 4.8.5,nbody_2.c 50000000,50,1695316833,2963600,nbody_2_g++-4.8,0:58.89,6496,1956,1784,100.0,0.0,1,1,0:58,0,12,556,0,228,0,1956,329,2,279,48,0,12.8,1.5,0.0,85.7,0.0,0.0,0.0,0.0,15794.9 MiB,4056.3 MiB,2185.3 MiB,9553.2 MiB,4096.0 MiB,3447.7 MiB,648.2 MiB,13020.0 MiB
5,g++-4.8 4.8.5,nbody_2.c 50000000,51,1695316834,2963600,nbody_2_g++-4.8,1:00.07,6496,1956,1784,100.0,0.0,1,1,1:00,0,12,556,0,228,0,1956,329,2,279,48,0,12.9,0.8,0.0,86.4,0.0,0.0,0.0,0.0,15794.9 MiB,4056.1 MiB,2185.6 MiB,9553.2 MiB,4096.0 MiB,3447.7 MiB,648.2 MiB,13019.8 MiB
5,g++-4.8 4.8.5,nbody_2.c 50000000,52,1695316835,2963600,nbody_2_g++-4.8,1:01.24,6496,1956,1784,100.0,0.0,1,1,1:01,0,12,556,0,228,0,1956,329,2,279,48,0,12.8,1.5,0.0,85.7,0.0,0.0,0.0,0.0,15794.9 MiB,4056.3 MiB,2185.3 MiB,9553.2 MiB,4096.0 MiB,3447.7 MiB,648.2 MiB,13020.0 MiB
5,g++-4.8 4.8.5,nbody_2.c 50000000,53,1695316836,2963600,nbody_2_g++-4.8,1:02.41,6496,1956,1784,93.8,0.0,1,1,1:02,0,12,556,0,228,0,1956,329,2,279,48,0,12.9,0.8,0.0,86.4,0.0,0.0,0.0,0.0,15794.9 MiB,4057.3 MiB,2184.3 MiB,9553.2 MiB,4096.0 MiB,3447.7 MiB,648.2 MiB,13021.0 MiB
5,g++-4.8 4.8.5,nbody_2.c 50000000,54,1695316837,2963600,nbody_2_g++-4.8,1:03.59,6496,1956,1784,100.0,0.0,1,1,1:03,0,12,556,0,228,0,1956,329,2,279,48,0,13.0,0.0,0.0,87.0,0.0,0.0,0.0,0.0,15794.9 MiB,4057.1 MiB,2184.6 MiB,9553.2 MiB,4096.0 MiB,3447.7 MiB,648.2 MiB,13020.8 MiB
5,g++-4.8 4.8.5,nbody_2.c 50000000,55,1695316838,2963600,nbody_2_g++-4.8,1:04.77,6496,1956,1784,100.0,0.0,1,1,1:04,0,12,556,0,228,0,1956,329,2,279,48,0,12.8,0.8,0.0,86.5,0.0,0.0,0.0,0.0,15794.9 MiB,4056.8 MiB,2184.8 MiB,9553.2 MiB,4096.0 MiB,3447.7 MiB,648.2 MiB,13020.5 MiB
5,g++-4.8 4.8.5,nbody_2.c 50000000,56,1695316840,2963600,nbody_2_g++-4.8,1:05.94,6496,1956,1784,100.0,0.0,1,1,1:05,0,12,556,0,228,0,1956,329,2,279,48,0,12.9,1.5,0.0,85.6,0.0,0.0,0.0,0.0,15794.9 MiB,4057.8 MiB,2183.8 MiB,9553.2 MiB,4096.0 MiB,3447.7 MiB,648.2 MiB,13021.5 MiB
5,g++-4.8 4.8.5,nbody_2.c 50000000,57,1695316841,2963600,nbody_2_g++-4.8,1:07.11,6496,1956,1784,100.0,0.0,1,1,1:07,0,12,556,0,228,0,1956,329,2,279,48,0,13.0,0.8,0.0,86.3,0.0,0.0,0.0,0.0,15794.9 MiB,4057.8 MiB,2183.8 MiB,9553.2 MiB,4096.0 MiB,3447.7 MiB,648.2 MiB,13021.5 MiB
5,g++-4.8 4.8.5,nbody_2.c 50000000,58,1695316842,2963600,nbody_2_g++-4.8,1:08.29,6496,1956,1784,100.0,0.0,1,1,1:08,0,12,556,0,228,0,1956,329,2,279,48,0,12.9,0.8,0.0,86.4,0.0,0.0,0.0,0.0,15794.9 MiB,4057.6 MiB,2184.1 MiB,9553.2 MiB,4096.0 MiB,3447.7 MiB,648.2 MiB,13021.3 MiB
5,g++-4.8 4.8.5,nbody_2.c 50000000,59,1695316843,2963600,nbody_2_g++-4.8,1:09.46,6496,1956,1784,100.0,0.0,1,1,1:09,0,12,556,0,228,0,1956,329,2,279,48,0,12.8,1.5,0.0,85.7,0.0,0.0,0.0,0.0,15794.9 MiB,4057.6 MiB,2184.1 MiB,9553.2 MiB,4096.0 MiB,3447.7 MiB,648.2 MiB,13021.3 MiB
5,g++-4.8 4.8.5,nbody_2.c 50000000,60,1695316844,2963600,nbody_2_g++-4.8,1:10.64,6496,1956,1784,100.0,0.0,1,1,1:10,0,12,556,0,228,0,1956,329,2,279,48,0,12.9,0.8,0.0,86.4,0.0,0.0,0.0,0.0,15794.9 MiB,4057.1 MiB,2184.5 MiB,9553.2 MiB,4096.0 MiB,3447.7 MiB,648.2 MiB,13020.8 MiB
5,g++-4.8 4.8.5,nbody_2.c 50000000,61,1695316846,2963600,nbody_2_g++-4.8,1:11.81,6496,1956,1784,100.0,0.0,1,5,1:11,0,12,556,0,228,0,1956,329,2,279,48,0,12.8,1.5,0.0,85.7,0.0,0.0,0.0,0.0,15794.9 MiB,4057.1 MiB,2184.5 MiB,9553.2 MiB,4096.0 MiB,3447.7 MiB,648.2 MiB,13020.8 MiB
5,g++-4.8 4.8.5,nbody_2.c 50000000,62,1695316847,2963600,nbody_2_g++-4.8,1:12.98,6496,1956,1784,93.8,0.0,1,5,1:12,0,12,556,0,228,0,1956,329,2,279,48,0,13.5,0.8,0.0,85.7,0.0,0.0,0.0,0.0,15794.9 MiB,4057.6 MiB,2184.1 MiB,9553.2 MiB,4096.0 MiB,3447.7 MiB,648.2 MiB,13021.3 MiB
5,g++-4.8 4.8.5,nbody_2.c 50000000,63,1695316848,2963600,nbody_2_g++-4.8,1:14.16,6496,1956,1784,100.0,0.0,1,5,1:14,0,12,556,0,228,0,1956,329,2,279,48,0,12.8,1.5,0.0,85.7,0.0,0.0,0.0,0.0,15794.9 MiB,4057.8 MiB,2183.8 MiB,9553.3 MiB,4096.0 MiB,3447.7 MiB,648.2 MiB,13021.5 MiB
5,g++-4.8 4.8.5,nbody_2.c 50000000,64,1695316849,2963600,nbody_2_g++-4.8,1:15.34,6496,1956,1784,100.0,0.0,1,5,1:15,0,12,556,0,228,0,1956,329,2,279,48,0,12.8,1.5,0.0,85.7,0.0,0.0,0.0,0.0,15794.9 MiB,4057.1 MiB,2184.5 MiB,9553.3 MiB,4096.0 MiB,3447.7 MiB,648.2 MiB,13020.8 MiB
5,g++-4.8 4.8.5,nbody_2.c 50000000,65,1695316850,2963600,nbody_2_g++-4.8,1:16.51,6496,1956,1784,100.0,0.0,1,5,1:16,0,12,556,0,228,0,1956,329,2,279,48,0,12.9,0.8,0.0,86.4,0.0,0.0,0.0,0.0,15794.9 MiB,4057.1 MiB,2184.5 MiB,9553.3 MiB,4096.0 MiB,3447.7 MiB,648.2 MiB,13020.8 MiB
5,g++-4.8 4.8.5,nbody_2.c 50000000,66,1695316851,2963600,nbody_2_g++-4.8,1:17.68,6496,1956,1784,93.8,0.0,1,5,1:17,0,12,556,0,228,0,1956,329,2,279,48,0,12.9,0.8,0.0,86.4,0.0,0.0,0.0,0.0,15794.9 MiB,4057.1 MiB,2184.5 MiB,9553.3 MiB,4096.0 MiB,3447.7 MiB,648.2 MiB,13020.8 MiB
5,g++-4.8 4.8.5,nbody_2.c 50000000,67,1695316853,2963600,nbody_2_g++-4.8,1:18.86,6496,1956,1784,100.0,0.0,1,1,1:18,0,12,556,0,228,0,1956,329,2,279,48,0,13.4,1.5,0.0,85.1,0.0,0.0,0.0,0.0,15794.9 MiB,4057.1 MiB,2184.5 MiB,9553.3 MiB,4096.0 MiB,3447.7 MiB,648.2 MiB,13020.8 MiB
5,g++-4.8 4.8.5,nbody_2.c 50000000,68,1695316854,2963600,nbody_2_g++-4.8,1:20.04,6496,1956,1784,100.0,0.0,1,1,1:20,0,12,556,0,228,0,1956,329,2,279,48,0,13.4,1.5,0.0,85.1,0.0,0.0,0.0,0.0,15794.9 MiB,4056.6 MiB,2185.0 MiB,9553.3 MiB,4096.0 MiB,3447.7 MiB,648.2 MiB,13020.3 MiB
5,g++-4.8 4.8.5,nbody_2.c 50000000,69,1695316855,2963600,nbody_2_g++-4.8,1:21.21,6496,1956,1784,100.0,0.0,1,1,1:21,0,12,556,0,228,0,1956,329,2,279,48,0,12.9,0.8,0.0,86.4,0.0,0.0,0.0,0.0,15794.9 MiB,4057.8 MiB,2183.8 MiB,9553.3 MiB,4096.0 MiB,3447.7 MiB,648.2 MiB,13021.5 MiB
5,g++-4.8 4.8.5,nbody_2.c 50000000,70,1695316856,2963600,nbody_2_g++-4.8,1:22.38,6496,1956,1784,93.8,0.0,1,1,1:22,0,12,556,0,228,0,1956,329,2,279,48,0,14.4,1.5,0.0,84.1,0.0,0.0,0.0,0.0,15794.9 MiB,4056.3 MiB,2185.3 MiB,9553.3 MiB,4096.0 MiB,3447.7 MiB,648.2 MiB,13020.1 MiB
5,g++-4.8 4.8.5,nbody_2.c 50000000,71,1695316857,2963600,nbody_2_g++-4.8,1:23.57,6496,1956,1784,94.1,0.0,1,1,1:23,0,12,556,0,228,0,1956,329,2,279,48,0,12.1,2.1,0.0,85.7,0.0,0.0,0.0,0.0,15794.9 MiB,4055.6 MiB,2185.9 MiB,9553.4 MiB,4096.0 MiB,3447.7 MiB,648.2 MiB,13019.5 MiB
5,g++-4.8 4.8.5,nbody_2.c 50000000,72,1695316858,2963600,nbody_2_g++-4.8,1:24.75,6496,1956,1784,100.0,0.0,1,1,1:24,0,12,556,0,228,0,1956,329,2,279,48,0,14.0,1.5,0.0,84.6,0.0,0.0,0.0,0.0,15794.9 MiB,4055.6 MiB,2185.9 MiB,9553.4 MiB,4096.0 MiB,3447.7 MiB,648.2 MiB,13019.5 MiB
5,g++-4.8 4.8.5,nbody_2.c 50000000,73,1695316860,2963600,nbody_2_g++-4.8,1:25.92,6496,1956,1784,100.0,0.0,1,1,1:25,0,12,556,0,228,0,1956,329,2,279,48,0,13.4,1.5,0.0,85.1,0.0,0.0,0.0,0.0,15794.9 MiB,4055.1 MiB,2186.3 MiB,9553.4 MiB,4096.0 MiB,3447.7 MiB,648.2 MiB,13019.0 MiB
6,g++-4.8 4.8.5,nbody_2.c 50000000,0,1695316861,2964058,nbody_2_g++-4.8,0:00.16,6496,1908,1732,93.8,0.0,1,7,0:00,0,12,556,0,230,0,1908,329,2,279,48,0,13.6,1.5,0.0,84.8,0.0,0.0,0.0,0.0,15794.9 MiB,4048.2 MiB,2186.4 MiB,9560.2 MiB,4096.0 MiB,3447.7 MiB,648.2 MiB,13012.1 MiB
6,g++-4.8 4.8.5,nbody_2.c 50000000,1,1695316862,2964058,nbody_2_g++-4.8,0:01.34,6496,1908,1732,100.0,0.0,1,7,0:01,0,12,556,0,230,0,1908,329,2,279,48,0,12.9,0.8,0.0,86.4,0.0,0.0,0.0,0.0,15794.9 MiB,4055.8 MiB,2185.6 MiB,9553.4 MiB,4096.0 MiB,3447.7 MiB,648.2 MiB,13019.7 MiB
6,g++-4.8 4.8.5,nbody_2.c 50000000,2,1695316863,2964058,nbody_2_g++-4.8,0:02.51,6496,1908,1732,100.0,0.0,1,7,0:02,0,12,556,0,230,0,1908,329,2,279,48,0,12.9,0.8,0.0,86.4,0.0,0.0,0.0,0.0,15794.9 MiB,4055.4 MiB,2186.1 MiB,9553.4 MiB,4096.0 MiB,3447.7 MiB,648.2 MiB,13019.2 MiB
6,g++-4.8 4.8.5,nbody_2.c 50000000,3,1695316864,2964058,nbody_2_g++-4.8,0:03.69,6496,1908,1732,100.0,0.0,1,7,0:03,0,12,556,0,230,0,1908,329,2,279,48,0,13.5,0.8,0.0,85.7,0.0,0.0,0.0,0.0,15794.9 MiB,4055.4 MiB,2186.1 MiB,9553.4 MiB,4096.0 MiB,3447.7 MiB,648.2 MiB,13019.2 MiB
6,g++-4.8 4.8.5,nbody_2.c 50000000,4,1695316866,2964058,nbody_2_g++-4.8,0:04.87,6496,1908,1732,100.0,0.0,1,7,0:04,0,12,556,0,230,0,1908,329,2,279,48,0,12.8,1.5,0.0,85.7,0.0,0.0,0.0,0.0,15794.9 MiB,4054.9 MiB,2186.6 MiB,9553.4 MiB,4096.0 MiB,3447.7 MiB,648.2 MiB,13018.7 MiB
6,g++-4.8 4.8.5,nbody_2.c 50000000,5,1695316867,2964058,nbody_2_g++-4.8,0:06.04,6496,1908,1732,100.0,0.0,1,7,0:06,0,12,556,0,230,0,1908,329,2,279,48,0,13.5,1.5,0.0,85.0,0.0,0.0,0.0,0.0,15794.9 MiB,4055.1 MiB,2186.3 MiB,9553.4 MiB,4096.0 MiB,3447.7 MiB,648.2 MiB,13019.0 MiB
6,g++-4.8 4.8.5,nbody_2.c 50000000,6,1695316868,2964058,nbody_2_g++-4.8,0:07.21,6496,1908,1732,93.8,0.0,1,7,0:07,0,12,556,0,230,0,1908,329,2,279,48,0,12.1,1.5,0.0,86.4,0.0,0.0,0.0,0.0,15794.9 MiB,4055.4 MiB,2186.1 MiB,9553.4 MiB,4096.0 MiB,3447.7 MiB,648.2 MiB,13019.3 MiB
6,g++-4.8 4.8.5,nbody_2.c 50000000,7,1695316869,2964058,nbody_2_g++-4.8,0:08.39,6496,1908,1732,100.0,0.0,1,7,0:08,0,12,556,0,230,0,1908,329,2,279,48,0,13.4,1.5,0.0,85.1,0.0,0.0,0.0,0.0,15794.9 MiB,4056.1 MiB,2185.3 MiB,9553.4 MiB,4096.0 MiB,3447.7 MiB,648.2 MiB,13020.0 MiB
6,g++-4.8 4.8.5,nbody_2.c 50000000,8,1695316870,2964058,nbody_2_g++-4.8,0:09.57,6496,1908,1732,100.0,0.0,1,7,0:09,0,12,556,0,230,0,1908,329,2,279,48,0,12.8,1.5,0.0,85.7,0.0,0.0,0.0,0.0,15794.9 MiB,4055.4 MiB,2186.1 MiB,9553.4 MiB,4096.0 MiB,3447.7 MiB,648.2 MiB,13019.3 MiB
6,g++-4.8 4.8.5,nbody_2.c 50000000,9,1695316871,2964058,nbody_2_g++-4.8,0:10.74,6496,1908,1732,100.0,0.0,1,3,0:10,0,12,556,0,230,0,1908,329,2,279,48,0,12.8,1.5,0.0,85.7,0.0,0.0,0.0,0.0,15794.9 MiB,4055.2 MiB,2186.3 MiB,9553.4 MiB,4096.0 MiB,3447.7 MiB,648.2 MiB,13019.1 MiB
6,g++-4.8 4.8.5,nbody_2.c 50000000,10,1695316873,2964058,nbody_2_g++-4.8,0:11.91,6496,1908,1732,93.8,0.0,1,3,0:11,0,12,556,0,230,0,1908,329,2,279,48,0,13.4,1.5,0.0,85.1,0.0,0.0,0.0,0.0,15794.9 MiB,4054.4 MiB,2187.0 MiB,9553.4 MiB,4096.0 MiB,3447.7 MiB,648.2 MiB,13018.3 MiB
6,g++-4.8 4.8.5,nbody_2.c 50000000,11,1695316874,2964058,nbody_2_g++-4.8,0:13.09,6496,1908,1732,100.0,0.0,1,7,0:13,0,12,556,0,230,0,1908,329,2,279,48,0,12.9,0.8,0.0,86.4,0.0,0.0,0.0,0.0,15794.9 MiB,4054.2 MiB,2187.3 MiB,9553.4 MiB,4096.0 MiB,3447.7 MiB,648.2 MiB,13018.1 MiB
6,g++-4.8 4.8.5,nbody_2.c 50000000,12,1695316875,2964058,nbody_2_g++-4.8,0:14.26,6496,1908,1732,100.0,0.0,1,7,0:14,0,12,556,0,230,0,1908,329,2,279,48,0,12.8,0.8,0.0,86.5,0.0,0.0,0.0,0.0,15794.9 MiB,4053.9 MiB,2187.5 MiB,9553.4 MiB,4096.0 MiB,3447.7 MiB,648.2 MiB,13017.8 MiB
6,g++-4.8 4.8.5,nbody_2.c 50000000,13,1695316876,2964058,nbody_2_g++-4.8,0:15.44,6496,1908,1732,100.0,0.0,1,7,0:15,0,12,556,0,230,0,1908,329,2,279,48,0,12.9,1.5,0.0,85.6,0.0,0.0,0.0,0.0,15794.9 MiB,4053.7 MiB,2187.8 MiB,9553.4 MiB,4096.0 MiB,3447.7 MiB,648.2 MiB,13017.6 MiB
6,g++-4.8 4.8.5,nbody_2.c 50000000,14,1695316877,2964058,nbody_2_g++-4.8,0:16.61,6496,1908,1732,100.0,0.0,1,7,0:16,0,12,556,0,230,0,1908,329,2,279,48,0,12.8,0.8,0.0,86.5,0.0,0.0,0.0,0.0,15794.9 MiB,4053.9 MiB,2187.5 MiB,9553.4 MiB,4096.0 MiB,3447.7 MiB,648.2 MiB,13017.8 MiB
6,g++-4.8 4.8.5,nbody_2.c 50000000,15,1695316878,2964058,nbody_2_g++-4.8,0:17.78,6496,1908,1732,93.8,0.0,1,7,0:17,0,12,556,0,230,0,1908,329,2,279,48,0,12.1,1.5,0.0,86.4,0.0,0.0,0.0,0.0,15794.9 MiB,4054.4 MiB,2187.0 MiB,9553.4 MiB,4096.0 MiB,3447.7 MiB,648.2 MiB,13018.3 MiB
6,g++-4.8 4.8.5,nbody_2.c 50000000,16,1695316880,2964058,nbody_2_g++-4.8,0:18.96,6496,1908,1732,100.0,0.0,1,7,0:18,0,12,556,0,230,0,1908,329,2,279,48,0,12.8,1.5,0.0,85.7,0.0,0.0,0.0,0.0,15794.9 MiB,4054.7 MiB,2186.8 MiB,9553.4 MiB,4096.0 MiB,3447.7 MiB,648.2 MiB,13018.6 MiB
6,g++-4.8 4.8.5,nbody_2.c 50000000,17,1695316881,2964058,nbody_2_g++-4.8,0:20.13,6496,1908,1732,93.8,0.0,1,7,0:20,0,12,556,0,230,0,1908,329,2,279,48,0,12.8,0.8,0.0,86.5,0.0,0.0,0.0,0.0,15794.9 MiB,4054.9 MiB,2186.5 MiB,9553.4 MiB,4096.0 MiB,3447.7 MiB,648.2 MiB,13018.8 MiB
6,g++-4.8 4.8.5,nbody_2.c 50000000,18,1695316882,2964058,nbody_2_g++-4.8,0:21.31,6496,1908,1732,100.0,0.0,1,7,0:21,0,12,556,0,230,0,1908,329,2,279,48,0,12.9,0.8,0.0,86.4,0.0,0.0,0.0,0.0,15794.9 MiB,4054.4 MiB,2187.0 MiB,9553.4 MiB,4096.0 MiB,3447.7 MiB,648.2 MiB,13018.3 MiB
6,g++-4.8 4.8.5,nbody_2.c 50000000,19,1695316883,2964058,nbody_2_g++-4.8,0:22.48,6496,1908,1732,93.8,0.0,1,7,0:22,0,12,556,0,230,0,1908,329,2,279,48,0,12.8,2.3,0.0,85.0,0.0,0.0,0.0,0.0,15794.9 MiB,4054.9 MiB,2186.5 MiB,9553.4 MiB,4096.0 MiB,3447.7 MiB,648.2 MiB,13018.8 MiB
6,g++-4.8 4.8.5,nbody_2.c 50000000,20,1695316884,2964058,nbody_2_g++-4.8,0:23.66,6496,1908,1732,100.0,0.0,1,7,0:23,0,12,556,0,230,0,1908,329,2,279,48,0,12.8,0.8,0.0,86.5,0.0,0.0,0.0,0.0,15794.9 MiB,4054.4 MiB,2186.9 MiB,9553.5 MiB,4096.0 MiB,3447.7 MiB,648.2 MiB,13018.3 MiB
6,g++-4.8 4.8.5,nbody_2.c 50000000,21,1695316885,2964058,nbody_2_g++-4.8,0:24.84,6496,1908,1732,100.0,0.0,1,7,0:24,0,12,556,0,230,0,1908,329,2,279,48,0,13.3,1.5,0.0,85.2,0.0,0.0,0.0,0.0,15794.9 MiB,4054.2 MiB,2187.2 MiB,9553.5 MiB,4096.0 MiB,3447.7 MiB,648.2 MiB,13018.1 MiB
6,g++-4.8 4.8.5,nbody_2.c 50000000,22,1695316887,2964058,nbody_2_g++-4.8,0:26.01,6496,1908,1732,100.0,0.0,1,7,0:26,0,12,556,0,230,0,1908,329,2,279,48,0,12.9,0.8,0.0,86.4,0.0,0.0,0.0,0.0,15794.9 MiB,4053.9 MiB,2187.4 MiB,9553.5 MiB,4096.0 MiB,3447.7 MiB,648.2 MiB,13017.8 MiB
6,g++-4.8 4.8.5,nbody_2.c 50000000,23,1695316888,2964058,nbody_2_g++-4.8,0:27.18,6496,1908,1732,93.8,0.0,1,7,0:27,0,12,556,0,230,0,1908,329,2,279,48,0,12.9,0.8,0.0,86.4,0.0,0.0,0.0,0.0,15794.9 MiB,4053.9 MiB,2187.4 MiB,9553.5 MiB,4096.0 MiB,3447.7 MiB,648.2 MiB,13017.9 MiB
6,g++-4.8 4.8.5,nbody_2.c 50000000,24,1695316889,2964058,nbody_2_g++-4.8,0:28.36,6496,1908,1732,100.0,0.0,1,7,0:28,0,12,556,0,230,0,1908,329,2,279,48,0,14.1,1.5,0.0,84.4,0.0,0.0,0.0,0.0,15794.9 MiB,4054.4 MiB,2186.9 MiB,9553.5 MiB,4096.0 MiB,3447.7 MiB,648.2 MiB,13018.3 MiB
6,g++-4.8 4.8.5,nbody_2.c 50000000,25,1695316890,2964058,nbody_2_g++-4.8,0:29.54,6496,1908,1732,100.0,0.0,1,7,0:29,0,12,556,0,230,0,1908,329,2,279,48,0,13.5,0.8,0.0,85.7,0.0,0.0,0.0,0.0,15794.9 MiB,4054.2 MiB,2187.2 MiB,9553.5 MiB,4096.0 MiB,3447.7 MiB,648.2 MiB,13018.1 MiB
6,g++-4.8 4.8.5,nbody_2.c 50000000,26,1695316891,2964058,nbody_2_g++-4.8,0:30.71,6496,1908,1732,93.8,0.0,1,7,0:30,0,12,556,0,230,0,1908,329,2,279,48,0,14.0,2.2,0.0,83.8,0.0,0.0,0.0,0.0,15794.9 MiB,4054.7 MiB,2186.7 MiB,9553.5 MiB,4096.0 MiB,3447.7 MiB,648.2 MiB,13018.6 MiB
6,g++-4.8 4.8.5,nbody_2.c 50000000,27,1695316893,2964058,nbody_2_g++-4.8,0:31.89,6496,1908,1732,100.0,0.0,1,7,0:31,0,12,556,0,230,0,1908,329,2,279,48,0,13.5,0.8,0.0,85.7,0.0,0.0,0.0,0.0,15794.9 MiB,4054.7 MiB,2186.7 MiB,9553.5 MiB,4096.0 MiB,3447.7 MiB,648.2 MiB,13018.6 MiB
6,g++-4.8 4.8.5,nbody_2.c 50000000,28,1695316894,2964058,nbody_2_g++-4.8,0:33.06,6496,1908,1732,100.0,0.0,1,7,0:33,0,12,556,0,230,0,1908,329,2,279,48,0,12.9,0.0,0.0,87.1,0.0,0.0,0.0,0.0,15794.9 MiB,4054.4 MiB,2186.9 MiB,9553.5 MiB,4096.0 MiB,3447.7 MiB,648.2 MiB,13018.3 MiB
6,g++-4.8 4.8.5,nbody_2.c 50000000,29,1695316895,2964058,nbody_2_g++-4.8,0:34.24,6496,1908,1732,100.0,0.0,1,7,0:34,0,12,556,0,230,0,1908,329,2,279,48,0,12.9,0.8,0.0,86.4,0.0,0.0,0.0,0.0,15794.9 MiB,4054.7 MiB,2186.7 MiB,9553.5 MiB,4096.0 MiB,3447.7 MiB,648.2 MiB,13018.6 MiB
6,g++-4.8 4.8.5,nbody_2.c 50000000,30,1695316896,2964058,nbody_2_g++-4.8,0:35.41,6496,1908,1732,100.0,0.0,1,7,0:35,0,12,556,0,230,0,1908,329,2,279,48,0,12.9,0.8,0.0,86.4,0.0,0.0,0.0,0.0,15794.9 MiB,4055.2 MiB,2186.2 MiB,9553.5 MiB,4096.0 MiB,3447.7 MiB,648.2 MiB,13019.1 MiB
6,g++-4.8 4.8.5,nbody_2.c 50000000,31,1695316897,2964058,nbody_2_g++-4.8,0:36.58,6496,1908,1732,100.0,0.0,1,7,0:36,0,12,556,0,230,0,1908,329,2,279,48,0,12.8,0.8,0.0,86.5,0.0,0.0,0.0,0.0,15794.9 MiB,4055.7 MiB,2185.7 MiB,9553.5 MiB,4096.0 MiB,3447.7 MiB,648.2 MiB,13019.6 MiB
6,g++-4.8 4.8.5,nbody_2.c 50000000,32,1695316898,2964058,nbody_2_g++-4.8,0:37.76,6496,1908,1732,100.0,0.0,1,7,0:37,0,12,556,0,230,0,1908,329,2,279,48,0,12.8,1.5,0.0,85.7,0.0,0.0,0.0,0.0,15794.9 MiB,4055.7 MiB,2185.7 MiB,9553.5 MiB,4096.0 MiB,3447.7 MiB,648.2 MiB,13019.6 MiB
6,g++-4.8 4.8.5,nbody_2.c 50000000,33,1695316900,2964058,nbody_2_g++-4.8,0:38.94,6496,1908,1732,100.0,0.0,1,7,0:38,0,12,556,0,230,0,1908,329,2,279,48,0,13.4,1.5,0.0,85.1,0.0,0.0,0.0,0.0,15794.9 MiB,4056.2 MiB,2185.2 MiB,9553.5 MiB,4096.0 MiB,3447.7 MiB,648.2 MiB,13020.1 MiB
6,g++-4.8 4.8.5,nbody_2.c 50000000,34,1695316901,2964058,nbody_2_g++-4.8,0:40.11,6496,1908,1732,100.0,0.0,1,7,0:40,0,12,556,0,230,0,1908,329,2,279,48,0,12.9,0.8,0.0,86.4,0.0,0.0,0.0,0.0,15794.9 MiB,4055.2 MiB,2186.2 MiB,9553.5 MiB,4096.0 MiB,3447.7 MiB,648.2 MiB,13019.1 MiB
6,g++-4.8 4.8.5,nbody_2.c 50000000,35,1695316902,2964058,nbody_2_g++-4.8,0:41.28,6496,1908,1732,93.8,0.0,1,7,0:41,0,12,556,0,230,0,1908,329,2,279,48,0,12.8,0.8,0.0,85.7,0.8,0.0,0.0,0.0,15794.9 MiB,4055.2 MiB,2186.2 MiB,9553.5 MiB,4096.0 MiB,3447.7 MiB,648.2 MiB,13019.1 MiB
6,g++-4.8 4.8.5,nbody_2.c 50000000,36,1695316903,2964058,nbody_2_g++-4.8,0:42.46,6496,1908,1732,100.0,0.0,1,7,0:42,0,12,556,0,230,0,1908,329,2,279,48,0,13.5,0.8,0.0,85.7,0.0,0.0,0.0,0.0,15794.9 MiB,4055.2 MiB,2186.2 MiB,9553.5 MiB,4096.0 MiB,3447.7 MiB,648.2 MiB,13019.1 MiB
6,g++-4.8 4.8.5,nbody_2.c 50000000,37,1695316904,2964058,nbody_2_g++-4.8,0:43.63,6496,1908,1732,93.8,0.0,1,7,0:43,0,12,556,0,230,0,1908,329,2,279,48,0,13.5,0.8,0.0,85.7,0.0,0.0,0.0,0.0,15794.9 MiB,4053.9 MiB,2187.4 MiB,9553.5 MiB,4096.0 MiB,3447.7 MiB,648.2 MiB,13017.9 MiB
6,g++-4.8 4.8.5,nbody_2.c 50000000,38,1695316905,2964058,nbody_2_g++-4.8,0:44.81,6496,1908,1732,100.0,0.0,1,7,0:44,0,12,556,0,230,0,1908,329,2,279,48,0,12.9,0.8,0.0,86.4,0.0,0.0,0.0,0.0,15794.9 MiB,4053.9 MiB,2187.4 MiB,9553.5 MiB,4096.0 MiB,3447.7 MiB,648.2 MiB,13017.9 MiB
6,g++-4.8 4.8.5,nbody_2.c 50000000,39,1695316907,2964058,nbody_2_g++-4.8,0:45.98,6496,1908,1732,100.0,0.0,1,7,0:45,0,12,556,0,230,0,1908,329,2,279,48,0,13.5,0.8,0.0,85.7,0.0,0.0,0.0,0.0,15794.9 MiB,4054.4 MiB,2186.8 MiB,9553.6 MiB,4096.0 MiB,3447.7 MiB,648.2 MiB,13018.4 MiB
6,g++-4.8 4.8.5,nbody_2.c 50000000,40,1695316908,2964058,nbody_2_g++-4.8,0:47.16,6496,1908,1732,100.0,0.0,1,7,0:47,0,12,556,0,230,0,1908,329,2,279,48,0,13.5,0.8,0.0,85.7,0.0,0.0,0.0,0.0,15794.9 MiB,4054.4 MiB,2186.9 MiB,9553.5 MiB,4096.0 MiB,3447.7 MiB,648.2 MiB,13018.4 MiB
6,g++-4.8 4.8.5,nbody_2.c 50000000,41,1695316909,2964058,nbody_2_g++-4.8,0:48.33,6496,1908,1732,93.8,0.0,1,7,0:48,0,12,556,0,230,0,1908,329,2,279,48,0,13.0,0.0,0.0,87.0,0.0,0.0,0.0,0.0,15794.9 MiB,4054.4 MiB,2186.9 MiB,9553.5 MiB,4096.0 MiB,3447.7 MiB,648.2 MiB,13018.4 MiB
6,g++-4.8 4.8.5,nbody_2.c 50000000,42,1695316910,2964058,nbody_2_g++-4.8,0:49.51,6496,1908,1732,100.0,0.0,1,7,0:49,0,12,556,0,230,0,1908,329,2,279,48,0,12.8,1.5,0.0,85.7,0.0,0.0,0.0,0.0,15794.9 MiB,4054.9 MiB,2186.4 MiB,9553.5 MiB,4096.0 MiB,3447.7 MiB,648.2 MiB,13018.9 MiB
6,g++-4.8 4.8.5,nbody_2.c 50000000,43,1695316911,2964058,nbody_2_g++-4.8,0:50.68,6496,1908,1732,100.0,0.0,1,7,0:50,0,12,556,0,230,0,1908,329,2,279,48,0,12.8,1.5,0.0,85.7,0.0,0.0,0.0,0.0,15794.9 MiB,4054.9 MiB,2186.4 MiB,9553.5 MiB,4096.0 MiB,3447.7 MiB,648.2 MiB,13018.9 MiB
6,g++-4.8 4.8.5,nbody_2.c 50000000,44,1695316913,2964058,nbody_2_g++-4.8,0:51.85,6496,1908,1732,93.8,0.0,1,7,0:51,0,12,556,0,230,0,1908,329,2,279,48,0,12.2,1.5,0.0,86.3,0.0,0.0,0.0,0.0,15794.9 MiB,4055.4 MiB,2185.9 MiB,9553.6 MiB,4096.0 MiB,3447.7 MiB,648.2 MiB,13019.4 MiB
6,g++-4.8 4.8.5,nbody_2.c 50000000,45,1695316914,2964058,nbody_2_g++-4.8,0:53.03,6496,1908,1732,100.0,0.0,1,7,0:53,0,12,556,0,230,0,1908,329,2,279,48,0,14.2,0.7,0.0,85.1,0.0,0.0,0.0,0.0,15794.9 MiB,4055.9 MiB,2185.4 MiB,9553.6 MiB,4096.0 MiB,3447.7 MiB,648.2 MiB,13019.9 MiB
6,g++-4.8 4.8.5,nbody_2.c 50000000,46,1695316915,2964058,nbody_2_g++-4.8,0:54.20,6496,1908,1732,100.0,0.0,1,7,0:54,0,12,556,0,230,0,1908,329,2,279,48,0,13.4,1.5,0.0,85.1,0.0,0.0,0.0,0.0,15794.9 MiB,4055.7 MiB,2185.6 MiB,9553.6 MiB,4096.0 MiB,3447.7 MiB,648.2 MiB,13019.6 MiB
6,g++-4.8 4.8.5,nbody_2.c 50000000,47,1695316916,2964058,nbody_2_g++-4.8,0:55.38,6496,1908,1732,100.0,0.0,1,7,0:55,0,12,556,0,230,0,1908,329,2,279,48,0,12.9,0.8,0.0,86.4,0.0,0.0,0.0,0.0,15794.9 MiB,4055.7 MiB,2185.6 MiB,9553.6 MiB,4096.0 MiB,3447.7 MiB,648.2 MiB,13019.6 MiB
6,g++-4.8 4.8.5,nbody_2.c 50000000,48,1695316917,2964058,nbody_2_g++-4.8,0:56.55,6496,1908,1732,100.0,0.0,1,7,0:56,0,12,556,0,230,0,1908,329,2,279,48,0,13.3,1.5,0.0,85.2,0.0,0.0,0.0,0.0,15794.9 MiB,4055.4 MiB,2185.9 MiB,9553.6 MiB,4096.0 MiB,3447.7 MiB,648.2 MiB,13019.4 MiB
6,g++-4.8 4.8.5,nbody_2.c 50000000,49,1695316918,2964058,nbody_2_g++-4.8,0:57.73,6496,1908,1732,100.0,0.0,1,7,0:57,0,12,556,0,230,0,1908,329,2,279,48,0,14.2,0.7,0.0,85.1,0.0,0.0,0.0,0.0,15794.9 MiB,4055.7 MiB,2185.6 MiB,9553.6 MiB,4096.0 MiB,3447.7 MiB,648.2 MiB,13019.6 MiB
6,g++-4.8 4.8.5,nbody_2.c 50000000,50,1695316920,2964058,nbody_2_g++-4.8,0:58.91,6496,1908,1732,100.0,0.0,1,7,0:58,0,12,556,0,230,0,1908,329,2,279,48,0,13.0,0.0,0.0,87.0,0.0,0.0,0.0,0.0,15794.9 MiB,4055.9 MiB,2185.6 MiB,9553.4 MiB,4096.0 MiB,3447.7 MiB,648.2 MiB,13019.9 MiB
6,g++-4.8 4.8.5,nbody_2.c 50000000,51,1695316921,2964058,nbody_2_g++-4.8,1:00.08,6496,1908,1732,100.0,0.0,1,7,1:00,0,12,556,0,230,0,1908,329,2,279,48,0,13.6,0.8,0.0,85.6,0.0,0.0,0.0,0.0,15794.9 MiB,4054.9 MiB,2186.5 MiB,9553.4 MiB,4096.0 MiB,3447.7 MiB,648.2 MiB,13018.9 MiB
6,g++-4.8 4.8.5,nbody_2.c 50000000,52,1695316922,2964058,nbody_2_g++-4.8,1:01.25,6496,1908,1732,93.8,0.0,1,7,1:01,0,12,556,0,230,0,1908,329,2,279,48,0,12.9,0.8,0.0,86.4,0.0,0.0,0.0,0.0,15794.9 MiB,4055.2 MiB,2186.3 MiB,9553.4 MiB,4096.0 MiB,3447.7 MiB,648.2 MiB,13019.2 MiB
6,g++-4.8 4.8.5,nbody_2.c 50000000,53,1695316923,2964058,nbody_2_g++-4.8,1:02.43,6496,1908,1732,100.0,0.0,1,7,1:02,0,12,556,0,230,0,1908,329,2,279,48,0,12.8,1.5,0.0,85.7,0.0,0.0,0.0,0.0,15794.9 MiB,4055.4 MiB,2186.1 MiB,9553.4 MiB,4096.0 MiB,3447.7 MiB,648.2 MiB,13019.4 MiB
6,g++-4.8 4.8.5,nbody_2.c 50000000,54,1695316924,2964058,nbody_2_g++-4.8,1:03.61,6496,1908,1732,100.0,0.0,1,7,1:03,0,12,556,0,230,0,1908,329,2,279,48,0,12.8,1.5,0.0,85.7,0.0,0.0,0.0,0.0,15794.9 MiB,4054.9 MiB,2186.5 MiB,9553.4 MiB,4096.0 MiB,3447.7 MiB,648.2 MiB,13018.9 MiB
6,g++-4.8 4.8.5,nbody_2.c 50000000,55,1695316925,2964058,nbody_2_g++-4.8,1:04.78,6496,1908,1732,100.0,0.0,1,7,1:04,0,12,556,0,230,0,1908,329,2,279,48,0,13.4,0.7,0.0,85.8,0.0,0.0,0.0,0.0,15794.9 MiB,4054.7 MiB,2186.8 MiB,9553.4 MiB,4096.0 MiB,3447.7 MiB,648.2 MiB,13018.7 MiB
6,g++-4.8 4.8.5,nbody_2.c 50000000,56,1695316927,2964058,nbody_2_g++-4.8,1:05.95,6496,1908,1732,93.8,0.0,1,7,1:05,0,12,556,0,230,0,1908,329,2,279,48,0,13.5,0.8,0.0,85.7,0.0,0.0,0.0,0.0,15794.9 MiB,4055.4 MiB,2186.0 MiB,9553.4 MiB,4096.0 MiB,3447.7 MiB,648.2 MiB,13019.4 MiB
6,g++-4.8 4.8.5,nbody_2.c 50000000,57,1695316928,2964058,nbody_2_g++-4.8,1:07.13,6496,1908,1732,100.0,0.0,1,7,1:07,0,12,556,0,230,0,1908,329,2,279,48,0,12.8,1.5,0.0,85.7,0.0,0.0,0.0,0.0,15794.9 MiB,4054.9 MiB,2186.5 MiB,9553.4 MiB,4096.0 MiB,3447.7 MiB,648.2 MiB,13018.9 MiB
6,g++-4.8 4.8.5,nbody_2.c 50000000,58,1695316929,2964058,nbody_2_g++-4.8,1:08.31,6496,1908,1732,100.0,0.0,1,7,1:08,0,12,556,0,230,0,1908,329,2,279,48,0,13.6,0.0,0.0,86.4,0.0,0.0,0.0,0.0,15794.9 MiB,4054.9 MiB,2186.5 MiB,9553.4 MiB,4096.0 MiB,3447.7 MiB,648.2 MiB,13018.9 MiB
6,g++-4.8 4.8.5,nbody_2.c 50000000,59,1695316930,2964058,nbody_2_g++-4.8,1:09.48,6496,1908,1732,100.0,0.0,1,3,1:09,0,12,556,0,230,0,1908,329,2,279,48,0,13.5,0.8,0.0,85.7,0.0,0.0,0.0,0.0,15794.9 MiB,4054.9 MiB,2186.5 MiB,9553.4 MiB,4096.0 MiB,3447.7 MiB,648.2 MiB,13018.9 MiB
6,g++-4.8 4.8.5,nbody_2.c 50000000,60,1695316931,2964058,nbody_2_g++-4.8,1:10.65,6496,1908,1732,100.0,0.0,1,3,1:10,0,12,556,0,230,0,1908,329,2,279,48,0,12.8,1.5,0.0,85.7,0.0,0.0,0.0,0.0,15794.9 MiB,4055.4 MiB,2186.0 MiB,9553.4 MiB,4096.0 MiB,3447.7 MiB,648.2 MiB,13019.4 MiB
6,g++-4.8 4.8.5,nbody_2.c 50000000,61,1695316932,2964058,nbody_2_g++-4.8,1:11.83,6496,1908,1732,100.0,0.0,1,3,1:11,0,12,556,0,230,0,1908,329,2,279,48,0,13.2,1.5,0.0,84.6,0.0,0.0,0.7,0.0,15794.9 MiB,4055.4 MiB,2186.0 MiB,9553.4 MiB,4096.0 MiB,3447.7 MiB,648.2 MiB,13019.4 MiB
6,g++-4.8 4.8.5,nbody_2.c 50000000,62,1695316934,2964058,nbody_2_g++-4.8,1:13.00,6496,1908,1732,100.0,0.0,1,3,1:13,0,12,556,0,230,0,1908,329,2,279,48,0,12.8,1.5,0.0,85.7,0.0,0.0,0.0,0.0,15794.9 MiB,4055.4 MiB,2186.0 MiB,9553.4 MiB,4096.0 MiB,3447.7 MiB,648.2 MiB,13019.4 MiB
6,g++-4.8 4.8.5,nbody_2.c 50000000,63,1695316935,2964058,nbody_2_g++-4.8,1:14.18,6496,1908,1732,100.0,0.0,1,3,1:14,0,12,556,0,230,0,1908,329,2,279,48,0,12.8,1.5,0.0,85.7,0.0,0.0,0.0,0.0,15794.9 MiB,4055.4 MiB,2186.0 MiB,9553.4 MiB,4096.0 MiB,3447.7 MiB,648.2 MiB,13019.4 MiB
6,g++-4.8 4.8.5,nbody_2.c 50000000,64,1695316936,2964058,nbody_2_g++-4.8,1:15.35,6496,1908,1732,100.0,0.0,1,3,1:15,0,12,556,0,230,0,1908,329,2,279,48,0,12.8,0.8,0.0,86.5,0.0,0.0,0.0,0.0,15794.9 MiB,4055.4 MiB,2186.0 MiB,9553.4 MiB,4096.0 MiB,3447.7 MiB,648.2 MiB,13019.4 MiB
6,g++-4.8 4.8.5,nbody_2.c 50000000,65,1695316937,2964058,nbody_2_g++-4.8,1:16.53,6496,1908,1732,100.0,0.0,1,7,1:16,0,12,556,0,230,0,1908,329,2,279,48,0,12.8,0.8,0.0,86.5,0.0,0.0,0.0,0.0,15794.9 MiB,4055.9 MiB,2185.5 MiB,9553.4 MiB,4096.0 MiB,3447.7 MiB,648.2 MiB,13019.9 MiB
6,g++-4.8 4.8.5,nbody_2.c 50000000,66,1695316938,2964058,nbody_2_g++-4.8,1:17.70,6496,1908,1732,93.8,0.0,1,7,1:17,0,12,556,0,230,0,1908,329,2,279,48,0,13.4,1.5,0.0,85.1,0.0,0.0,0.0,0.0,15794.9 MiB,4055.9 MiB,2185.5 MiB,9553.4 MiB,4096.0 MiB,3447.7 MiB,648.2 MiB,13019.9 MiB
6,g++-4.8 4.8.5,nbody_2.c 50000000,67,1695316940,2964058,nbody_2_g++-4.8,1:18.87,6496,1908,1732,93.8,0.0,1,7,1:18,0,12,556,0,230,0,1908,329,2,279,48,0,13.5,0.8,0.0,85.7,0.0,0.0,0.0,0.0,15794.9 MiB,4055.9 MiB,2185.5 MiB,9553.4 MiB,4096.0 MiB,3447.7 MiB,648.2 MiB,13019.9 MiB
6,g++-4.8 4.8.5,nbody_2.c 50000000,68,1695316941,2964058,nbody_2_g++-4.8,1:20.05,6496,1908,1732,100.0,0.0,1,7,1:20,0,12,556,0,230,0,1908,329,2,279,48,0,12.9,0.8,0.0,86.4,0.0,0.0,0.0,0.0,15794.9 MiB,4055.9 MiB,2185.5 MiB,9553.4 MiB,4096.0 MiB,3447.7 MiB,648.2 MiB,13019.9 MiB
6,g++-4.8 4.8.5,nbody_2.c 50000000,69,1695316942,2964058,nbody_2_g++-4.8,1:21.23,6496,1908,1732,100.0,0.0,1,7,1:21,0,12,556,0,230,0,1908,329,2,279,48,0,12.8,1.5,0.0,85.7,0.0,0.0,0.0,0.0,15794.9 MiB,4055.9 MiB,2185.5 MiB,9553.4 MiB,4096.0 MiB,3447.7 MiB,648.2 MiB,13019.9 MiB
6,g++-4.8 4.8.5,nbody_2.c 50000000,70,1695316943,2964058,nbody_2_g++-4.8,1:22.40,6496,1908,1732,100.0,0.0,1,3,1:22,0,12,556,0,230,0,1908,329,2,279,48,0,12.2,0.8,0.0,87.0,0.0,0.0,0.0,0.0,15794.9 MiB,4055.9 MiB,2185.5 MiB,9553.4 MiB,4096.0 MiB,3447.7 MiB,648.2 MiB,13019.9 MiB
6,g++-4.8 4.8.5,nbody_2.c 50000000,71,1695316944,2964058,nbody_2_g++-4.8,1:23.57,6496,1908,1732,93.8,0.0,1,3,1:23,0,12,556,0,230,0,1908,329,2,279,48,0,12.1,0.8,0.0,87.1,0.0,0.0,0.0,0.0,15794.9 MiB,4055.7 MiB,2185.8 MiB,9553.4 MiB,4096.0 MiB,3447.7 MiB,648.2 MiB,13019.7 MiB
6,g++-4.8 4.8.5,nbody_2.c 50000000,72,1695316945,2964058,nbody_2_g++-4.8,1:24.75,6496,1908,1732,100.0,0.0,1,3,1:24,0,12,556,0,230,0,1908,328,2,278,48,0,12.2,0.8,0.0,87.0,0.0,0.0,0.0,0.0,15794.9 MiB,4056.4 MiB,2185.0 MiB,9553.4 MiB,4096.0 MiB,3447.7 MiB,648.2 MiB,13020.4 MiB
6,g++-4.8 4.8.5,nbody_2.c 50000000,73,1695316947,2964058,nbody_2_g++-4.8,1:25.93,6496,1908,1732,100.0,0.0,1,3,1:25,0,12,556,0,230,0,1908,328,2,278,48,0,13.5,0.8,0.0,85.7,0.0,0.0,0.0,0.0,15794.9 MiB,4056.2 MiB,2185.3 MiB,9553.4 MiB,4096.0 MiB,3447.7 MiB,648.2 MiB,13020.2 MiB
6,g++-4.8 4.8.5,nbody_2.c 50000000,74,1695316948,2964058,nbody_2_g++-4.8,1:27.10,6496,1908,1732,100.0,0.0,1,3,1:27,0,12,556,0,230,0,1908,328,2,278,48,0,12.8,0.8,0.0,86.5,0.0,0.0,0.0,0.0,15794.9 MiB,4055.9 MiB,2185.5 MiB,9553.4 MiB,4096.0 MiB,3447.7 MiB,648.2 MiB,13019.9 MiB
7,g++-4.8 4.8.5,nbody_2.c 50000000,0,1695316949,2964521,nbody_2_g++-4.8,0:00.16,6496,1956,1780,93.8,0.0,1,2,0:00,0,12,556,0,228,0,1956,328,2,278,48,0,13.6,1.5,0.0,84.8,0.0,0.0,0.0,0.0,15794.9 MiB,4048.8 MiB,2185.7 MiB,9560.4 MiB,4096.0 MiB,3447.7 MiB,648.2 MiB,13012.8 MiB
7,g++-4.8 4.8.5,nbody_2.c 50000000,1,1695316950,2964521,nbody_2_g++-4.8,0:01.34,6496,1956,1780,100.0,0.0,1,2,0:01,0,12,556,0,228,0,1956,328,2,278,48,0,14.1,1.5,0.0,84.4,0.0,0.0,0.0,0.0,15794.9 MiB,4049.3 MiB,2185.0 MiB,9560.5 MiB,4096.0 MiB,3447.7 MiB,648.2 MiB,13013.3 MiB
7,g++-4.8 4.8.5,nbody_2.c 50000000,2,1695316951,2964521,nbody_2_g++-4.8,0:02.51,6496,1956,1780,100.0,0.0,1,2,0:02,0,12,556,0,228,0,1956,328,2,278,48,0,12.8,0.8,0.0,86.5,0.0,0.0,0.0,0.0,15794.9 MiB,4056.2 MiB,2185.1 MiB,9553.5 MiB,4096.0 MiB,3447.7 MiB,648.2 MiB,13020.2 MiB
7,g++-4.8 4.8.5,nbody_2.c 50000000,3,1695316952,2964521,nbody_2_g++-4.8,0:03.69,6496,1956,1780,100.0,0.0,1,2,0:03,0,12,556,0,228,0,1956,328,2,278,48,0,12.9,0.8,0.0,86.4,0.0,0.0,0.0,0.0,15794.9 MiB,4056.2 MiB,2185.1 MiB,9553.5 MiB,4096.0 MiB,3447.7 MiB,648.2 MiB,13020.2 MiB
7,g++-4.8 4.8.5,nbody_2.c 50000000,4,1695316954,2964521,nbody_2_g++-4.8,0:04.86,6496,1956,1780,100.0,0.0,1,2,0:04,0,12,556,0,228,0,1956,328,2,278,48,0,13.4,0.7,0.0,85.8,0.0,0.0,0.0,0.0,15794.9 MiB,4055.4 MiB,2185.9 MiB,9553.5 MiB,4096.0 MiB,3447.7 MiB,648.2 MiB,13019.5 MiB
7,g++-4.8 4.8.5,nbody_2.c 50000000,5,1695316955,2964521,nbody_2_g++-4.8,0:06.03,6496,1956,1780,93.8,0.0,1,2,0:06,0,12,556,0,228,0,1956,328,2,278,48,0,12.2,0.8,0.0,86.3,0.8,0.0,0.0,0.0,15794.9 MiB,4055.2 MiB,2186.1 MiB,9553.5 MiB,4096.0 MiB,3447.7 MiB,648.2 MiB,13019.2 MiB
7,g++-4.8 4.8.5,nbody_2.c 50000000,6,1695316956,2964521,nbody_2_g++-4.8,0:07.21,6496,1956,1780,100.0,0.0,1,2,0:07,0,12,556,0,228,0,1956,328,2,278,48,0,12.9,0.8,0.0,86.4,0.0,0.0,0.0,0.0,15794.9 MiB,4056.4 MiB,2184.9 MiB,9553.6 MiB,4096.0 MiB,3447.7 MiB,648.2 MiB,13020.5 MiB
7,g++-4.8 4.8.5,nbody_2.c 50000000,7,1695316957,2964521,nbody_2_g++-4.8,0:08.38,6496,1956,1780,100.0,0.0,1,2,0:08,0,12,556,0,228,0,1956,328,2,278,48,0,12.9,0.8,0.0,86.4,0.0,0.0,0.0,0.0,15794.9 MiB,4056.9 MiB,2184.4 MiB,9553.6 MiB,4096.0 MiB,3447.7 MiB,648.2 MiB,13020.9 MiB
7,g++-4.8 4.8.5,nbody_2.c 50000000,8,1695316958,2964521,nbody_2_g++-4.8,0:09.56,6496,1956,1780,100.0,0.0,1,2,0:09,0,12,556,0,228,0,1956,328,2,278,48,0,12.8,1.5,0.0,85.7,0.0,0.0,0.0,0.0,15794.9 MiB,4056.9 MiB,2184.4 MiB,9553.6 MiB,4096.0 MiB,3447.7 MiB,648.2 MiB,13021.0 MiB
7,g++-4.8 4.8.5,nbody_2.c 50000000,9,1695316960,2964521,nbody_2_g++-4.8,0:10.74,6496,1956,1780,100.0,0.0,1,2,0:10,0,12,556,0,228,0,1956,328,2,278,48,0,12.9,1.4,0.0,85.7,0.0,0.0,0.0,0.0,15794.9 MiB,4056.9 MiB,2184.4 MiB,9553.6 MiB,4096.0 MiB,3447.7 MiB,648.2 MiB,13021.0 MiB
7,g++-4.8 4.8.5,nbody_2.c 50000000,10,1695316961,2964521,nbody_2_g++-4.8,0:11.92,6496,1956,1780,100.0,0.0,1,2,0:11,0,12,556,0,228,0,1956,328,2,278,48,0,13.6,0.0,0.0,86.4,0.0,0.0,0.0,0.0,15794.9 MiB,4057.7 MiB,2183.6 MiB,9553.6 MiB,4096.0 MiB,3447.7 MiB,648.2 MiB,13021.7 MiB
7,g++-4.8 4.8.5,nbody_2.c 50000000,11,1695316962,2964521,nbody_2_g++-4.8,0:13.10,6496,1956,1780,100.0,0.0,1,2,0:13,0,12,556,0,228,0,1956,328,2,278,48,0,13.5,0.8,0.0,85.7,0.0,0.0,0.0,0.0,15794.9 MiB,4057.2 MiB,2184.1 MiB,9553.6 MiB,4096.0 MiB,3447.7 MiB,648.2 MiB,13021.2 MiB
7,g++-4.8 4.8.5,nbody_2.c 50000000,12,1695316963,2964521,nbody_2_g++-4.8,0:14.27,6496,1956,1780,100.0,0.0,1,2,0:14,0,12,556,0,228,0,1956,328,2,278,48,0,12.9,0.8,0.0,86.4,0.0,0.0,0.0,0.0,15794.9 MiB,4057.2 MiB,2184.1 MiB,9553.6 MiB,4096.0 MiB,3447.7 MiB,648.2 MiB,13021.2 MiB
7,g++-4.8 4.8.5,nbody_2.c 50000000,13,1695316964,2964521,nbody_2_g++-4.8,0:15.44,6496,1956,1780,93.8,0.0,1,2,0:15,0,12,556,0,228,0,1956,328,2,278,48,0,12.9,1.5,0.0,85.6,0.0,0.0,0.0,0.0,15794.9 MiB,4056.2 MiB,2185.1 MiB,9553.6 MiB,4096.0 MiB,3447.7 MiB,648.2 MiB,13020.2 MiB
7,g++-4.8 4.8.5,nbody_2.c 50000000,14,1695316965,2964521,nbody_2_g++-4.8,0:16.62,6496,1956,1780,100.0,0.0,1,2,0:16,0,12,556,0,228,0,1956,328,2,278,48,0,12.8,1.5,0.0,85.7,0.0,0.0,0.0,0.0,15794.9 MiB,4055.7 MiB,2185.6 MiB,9553.6 MiB,4096.0 MiB,3447.7 MiB,648.2 MiB,13019.7 MiB
7,g++-4.8 4.8.5,nbody_2.c 50000000,15,1695316967,2964521,nbody_2_g++-4.8,0:17.80,6496,1956,1780,100.0,0.0,1,6,0:17,0,12,556,0,228,0,1956,328,2,278,48,0,12.9,0.8,0.0,86.4,0.0,0.0,0.0,0.0,15794.9 MiB,4055.0 MiB,2186.3 MiB,9553.6 MiB,4096.0 MiB,3447.7 MiB,648.2 MiB,13019.0 MiB
7,g++-4.8 4.8.5,nbody_2.c 50000000,16,1695316968,2964521,nbody_2_g++-4.8,0:18.97,6496,1956,1780,100.0,0.0,1,6,0:18,0,12,556,0,228,0,1956,328,2,278,48,0,12.9,0.8,0.0,86.4,0.0,0.0,0.0,0.0,15794.9 MiB,4054.7 MiB,2186.6 MiB,9553.6 MiB,4096.0 MiB,3447.7 MiB,648.2 MiB,13018.8 MiB
7,g++-4.8 4.8.5,nbody_2.c 50000000,17,1695316969,2964521,nbody_2_g++-4.8,0:20.14,6496,1956,1780,93.8,0.0,1,6,0:20,0,12,556,0,228,0,1956,328,2,278,48,0,12.7,1.5,0.0,85.8,0.0,0.0,0.0,0.0,15794.9 MiB,4054.7 MiB,2186.6 MiB,9553.6 MiB,4096.0 MiB,3447.7 MiB,648.2 MiB,13018.8 MiB
7,g++-4.8 4.8.5,nbody_2.c 50000000,18,1695316970,2964521,nbody_2_g++-4.8,0:21.32,6496,1956,1780,100.0,0.0,1,6,0:21,0,12,556,0,228,0,1956,328,2,278,48,0,12.9,0.8,0.0,86.4,0.0,0.0,0.0,0.0,15794.9 MiB,4054.7 MiB,2186.6 MiB,9553.6 MiB,4096.0 MiB,3447.7 MiB,648.2 MiB,13018.8 MiB
7,g++-4.8 4.8.5,nbody_2.c 50000000,19,1695316971,2964521,nbody_2_g++-4.8,0:22.49,6496,1956,1780,93.8,0.0,1,6,0:22,0,12,556,0,228,0,1956,328,2,278,48,0,12.1,1.5,0.0,86.4,0.0,0.0,0.0,0.0,15794.9 MiB,4054.2 MiB,2187.1 MiB,9553.6 MiB,4096.0 MiB,3447.7 MiB,648.2 MiB,13018.3 MiB
7,g++-4.8 4.8.5,nbody_2.c 50000000,20,1695316972,2964521,nbody_2_g++-4.8,0:23.67,6496,1956,1780,100.0,0.0,1,6,0:23,0,12,556,0,228,0,1956,328,2,278,48,0,13.5,0.8,0.0,85.7,0.0,0.0,0.0,0.0,15794.9 MiB,4054.2 MiB,2187.1 MiB,9553.6 MiB,4096.0 MiB,3447.7 MiB,648.2 MiB,13018.3 MiB
7,g++-4.8 4.8.5,nbody_2.c 50000000,21,1695316974,2964521,nbody_2_g++-4.8,0:24.84,6496,1956,1780,100.0,0.0,1,6,0:24,0,12,556,0,228,0,1956,328,2,278,48,0,12.7,1.5,0.0,85.8,0.0,0.0,0.0,0.0,15794.9 MiB,4054.2 MiB,2187.1 MiB,9553.6 MiB,4096.0 MiB,3447.7 MiB,648.2 MiB,13018.3 MiB
7,g++-4.8 4.8.5,nbody_2.c 50000000,22,1695316975,2964521,nbody_2_g++-4.8,0:26.02,6496,1956,1780,100.0,0.0,1,6,0:26,0,12,556,0,228,0,1956,328,2,278,48,0,12.1,0.8,0.0,87.1,0.0,0.0,0.0,0.0,15794.9 MiB,4054.5 MiB,2186.8 MiB,9553.6 MiB,4096.0 MiB,3447.7 MiB,648.2 MiB,13018.5 MiB
7,g++-4.8 4.8.5,nbody_2.c 50000000,23,1695316976,2964521,nbody_2_g++-4.8,0:27.19,6496,1956,1780,93.8,0.0,1,2,0:27,0,12,556,0,228,0,1956,328,2,278,48,0,12.9,0.8,0.0,86.4,0.0,0.0,0.0,0.0,15794.9 MiB,4054.7 MiB,2186.6 MiB,9553.6 MiB,4096.0 MiB,3447.7 MiB,648.2 MiB,13018.8 MiB
7,g++-4.8 4.8.5,nbody_2.c 50000000,24,1695316977,2964521,nbody_2_g++-4.8,0:28.37,6496,1956,1780,100.0,0.0,1,2,0:28,0,12,556,0,228,0,1956,328,2,278,48,0,13.4,1.5,0.0,85.1,0.0,0.0,0.0,0.0,15794.9 MiB,4054.2 MiB,2187.0 MiB,9553.6 MiB,4096.0 MiB,3447.7 MiB,648.2 MiB,13018.3 MiB
7,g++-4.8 4.8.5,nbody_2.c 50000000,25,1695316978,2964521,nbody_2_g++-4.8,0:29.54,6496,1956,1780,100.0,0.0,1,2,0:29,0,12,556,0,228,0,1956,328,2,278,48,0,12.2,0.8,0.0,87.0,0.0,0.0,0.0,0.0,15794.9 MiB,4054.2 MiB,2187.0 MiB,9553.6 MiB,4096.0 MiB,3447.7 MiB,648.2 MiB,13018.3 MiB
7,g++-4.8 4.8.5,nbody_2.c 50000000,26,1695316979,2964521,nbody_2_g++-4.8,0:30.71,6496,1956,1780,93.8,0.0,1,2,0:30,0,12,556,0,228,0,1956,328,2,278,48,0,12.2,0.8,0.0,87.0,0.0,0.0,0.0,0.0,15794.9 MiB,4054.7 MiB,2186.5 MiB,9553.6 MiB,4096.0 MiB,3447.7 MiB,648.2 MiB,13018.8 MiB
7,g++-4.8 4.8.5,nbody_2.c 50000000,27,1695316981,2964521,nbody_2_g++-4.8,0:31.89,6496,1956,1780,100.0,0.0,1,6,0:31,0,12,556,0,228,0,1956,328,2,278,48,0,13.0,0.8,0.0,86.3,0.0,0.0,0.0,0.0,15794.9 MiB,4054.0 MiB,2187.3 MiB,9553.6 MiB,4096.0 MiB,3447.7 MiB,648.2 MiB,13018.1 MiB
7,g++-4.8 4.8.5,nbody_2.c 50000000,28,1695316982,2964521,nbody_2_g++-4.8,0:33.06,6496,1956,1780,93.8,0.0,1,2,0:33,0,12,556,0,228,0,1956,328,2,278,48,0,12.9,0.8,0.0,86.4,0.0,0.0,0.0,0.0,15794.9 MiB,4053.8 MiB,2187.5 MiB,9553.6 MiB,4096.0 MiB,3447.7 MiB,648.2 MiB,13017.8 MiB
7,g++-4.8 4.8.5,nbody_2.c 50000000,29,1695316983,2964521,nbody_2_g++-4.8,0:34.24,6496,1956,1780,100.0,0.0,1,2,0:34,0,12,556,0,228,0,1956,328,2,278,48,0,12.1,1.5,0.0,86.4,0.0,0.0,0.0,0.0,15794.9 MiB,4053.8 MiB,2187.5 MiB,9553.6 MiB,4096.0 MiB,3447.7 MiB,648.2 MiB,13017.8 MiB
7,g++-4.8 4.8.5,nbody_2.c 50000000,30,1695316984,2964521,nbody_2_g++-4.8,0:35.41,6496,1956,1780,100.0,0.0,1,6,0:35,0,12,556,0,228,0,1956,328,2,278,48,0,12.9,0.8,0.0,86.4,0.0,0.0,0.0,0.0,15794.9 MiB,4053.8 MiB,2187.5 MiB,9553.6 MiB,4096.0 MiB,3447.7 MiB,648.2 MiB,13017.8 MiB
7,g++-4.8 4.8.5,nbody_2.c 50000000,31,1695316985,2964521,nbody_2_g++-4.8,0:36.59,6496,1956,1780,100.0,0.0,1,6,0:36,0,12,556,0,228,0,1956,328,2,278,48,0,13.0,0.8,0.0,86.3,0.0,0.0,0.0,0.0,15794.9 MiB,4054.5 MiB,2186.8 MiB,9553.6 MiB,4096.0 MiB,3447.7 MiB,648.2 MiB,13018.5 MiB
7,g++-4.8 4.8.5,nbody_2.c 50000000,32,1695316987,2964521,nbody_2_g++-4.8,0:37.76,6496,1956,1780,100.0,0.0,1,6,0:37,0,12,556,0,228,0,1956,328,2,278,48,0,13.5,1.5,0.0,85.0,0.0,0.0,0.0,0.0,15794.9 MiB,4056.0 MiB,2185.3 MiB,9553.6 MiB,4096.0 MiB,3447.7 MiB,648.2 MiB,13020.0 MiB
7,g++-4.8 4.8.5,nbody_2.c 50000000,33,1695316988,2964521,nbody_2_g++-4.8,0:38.94,6496,1956,1780,100.0,0.0,1,2,0:38,0,12,556,0,228,0,1956,328,2,278,48,0,13.5,0.8,0.0,85.7,0.0,0.0,0.0,0.0,15794.9 MiB,4055.7 MiB,2185.5 MiB,9553.6 MiB,4096.0 MiB,3447.7 MiB,648.2 MiB,13019.8 MiB
7,g++-4.8 4.8.5,nbody_2.c 50000000,34,1695316989,2964521,nbody_2_g++-4.8,0:40.11,6496,1956,1780,100.0,0.0,1,2,0:40,0,12,556,0,228,0,1956,328,2,278,48,0,12.9,0.8,0.0,86.4,0.0,0.0,0.0,0.0,15794.9 MiB,4055.7 MiB,2185.5 MiB,9553.6 MiB,4096.0 MiB,3447.7 MiB,648.2 MiB,13019.8 MiB
7,g++-4.8 4.8.5,nbody_2.c 50000000,35,1695316990,2964521,nbody_2_g++-4.8,0:41.29,6496,1956,1780,100.0,0.0,1,2,0:41,0,12,556,0,228,0,1956,328,2,278,48,0,13.6,0.8,0.0,85.6,0.0,0.0,0.0,0.0,15794.9 MiB,4055.5 MiB,2185.8 MiB,9553.6 MiB,4096.0 MiB,3447.7 MiB,648.2 MiB,13019.6 MiB
7,g++-4.8 4.8.5,nbody_2.c 50000000,36,1695316991,2964521,nbody_2_g++-4.8,0:42.46,6496,1956,1780,100.0,0.0,1,2,0:42,0,12,556,0,228,0,1956,328,2,278,48,0,12.8,1.5,0.0,85.7,0.0,0.0,0.0,0.0,15794.9 MiB,4055.7 MiB,2185.5 MiB,9553.6 MiB,4096.0 MiB,3447.7 MiB,648.2 MiB,13019.8 MiB
7,g++-4.8 4.8.5,nbody_2.c 50000000,37,1695316992,2964521,nbody_2_g++-4.8,0:43.63,6496,1956,1780,93.8,0.0,1,6,0:43,0,12,556,0,228,0,1956,328,2,278,48,0,12.9,0.8,0.0,86.4,0.0,0.0,0.0,0.0,15794.9 MiB,4056.0 MiB,2185.3 MiB,9553.6 MiB,4096.0 MiB,3447.7 MiB,648.2 MiB,13020.1 MiB
7,g++-4.8 4.8.5,nbody_2.c 50000000,38,1695316994,2964521,nbody_2_g++-4.8,0:44.81,6496,1956,1780,100.0,0.0,1,6,0:44,0,12,556,0,228,0,1956,328,2,278,48,0,12.9,1.5,0.0,85.6,0.0,0.0,0.0,0.0,15794.9 MiB,4055.7 MiB,2185.5 MiB,9553.6 MiB,4096.0 MiB,3447.7 MiB,648.2 MiB,13019.8 MiB
7,g++-4.8 4.8.5,nbody_2.c 50000000,39,1695316995,2964521,nbody_2_g++-4.8,0:45.98,6496,1956,1780,93.8,0.0,1,2,0:45,0,12,556,0,228,0,1956,328,2,278,48,0,13.0,0.8,0.0,85.5,0.8,0.0,0.0,0.0,15794.9 MiB,4055.7 MiB,2185.5 MiB,9553.6 MiB,4096.0 MiB,3447.7 MiB,648.2 MiB,13019.8 MiB
7,g++-4.8 4.8.5,nbody_2.c 50000000,40,1695316996,2964521,nbody_2_g++-4.8,0:47.15,6496,1956,1780,93.8,0.0,1,2,0:47,0,12,556,0,228,0,1956,328,2,278,48,0,13.0,0.8,0.0,86.3,0.0,0.0,0.0,0.0,15794.9 MiB,4055.5 MiB,2185.8 MiB,9553.6 MiB,4096.0 MiB,3447.7 MiB,648.2 MiB,13019.6 MiB
7,g++-4.8 4.8.5,nbody_2.c 50000000,41,1695316997,2964521,nbody_2_g++-4.8,0:48.32,6496,1956,1780,100.0,0.0,1,2,0:48,0,12,556,0,228,0,1956,328,2,278,48,0,13.0,0.8,0.0,86.3,0.0,0.0,0.0,0.0,15794.9 MiB,4056.2 MiB,2185.0 MiB,9553.6 MiB,4096.0 MiB,3447.7 MiB,648.2 MiB,13020.3 MiB
7,g++-4.8 4.8.5,nbody_2.c 50000000,42,1695316998,2964521,nbody_2_g++-4.8,0:49.50,6496,1956,1780,100.0,0.0,1,2,0:49,0,12,556,0,228,0,1956,328,2,278,48,0,13.0,0.8,0.0,86.3,0.0,0.0,0.0,0.0,15794.9 MiB,4055.7 MiB,2185.5 MiB,9553.6 MiB,4096.0 MiB,3447.7 MiB,648.2 MiB,13019.8 MiB
7,g++-4.8 4.8.5,nbody_2.c 50000000,43,1695316999,2964521,nbody_2_g++-4.8,0:50.67,6496,1956,1780,93.8,0.0,1,2,0:50,0,12,556,0,228,0,1956,328,2,278,48,0,12.2,1.5,0.0,86.3,0.0,0.0,0.0,0.0,15794.9 MiB,4055.7 MiB,2185.5 MiB,9553.6 MiB,4096.0 MiB,3447.7 MiB,648.2 MiB,13019.8 MiB
7,g++-4.8 4.8.5,nbody_2.c 50000000,44,1695317001,2964521,nbody_2_g++-4.8,0:51.85,6496,1956,1780,100.0,0.0,1,2,0:51,0,12,556,0,228,0,1956,328,2,278,48,0,12.6,1.5,0.0,85.9,0.0,0.0,0.0,0.0,15794.9 MiB,4055.5 MiB,2185.8 MiB,9553.6 MiB,4096.0 MiB,3447.7 MiB,648.2 MiB,13019.6 MiB
7,g++-4.8 4.8.5,nbody_2.c 50000000,45,1695317002,2964521,nbody_2_g++-4.8,0:53.03,6496,1956,1780,100.0,0.0,1,2,0:53,0,12,556,0,228,0,1956,328,2,278,48,0,12.9,0.8,0.0,86.4,0.0,0.0,0.0,0.0,15794.9 MiB,4055.5 MiB,2185.8 MiB,9553.6 MiB,4096.0 MiB,3447.7 MiB,648.2 MiB,13019.6 MiB
7,g++-4.8 4.8.5,nbody_2.c 50000000,46,1695317003,2964521,nbody_2_g++-4.8,0:54.20,6496,1956,1780,100.0,0.0,1,2,0:54,0,12,556,0,228,0,1956,328,2,278,48,0,12.2,0.8,0.0,87.0,0.0,0.0,0.0,0.0,15794.9 MiB,4055.5 MiB,2185.8 MiB,9553.6 MiB,4096.0 MiB,3447.7 MiB,648.2 MiB,13019.6 MiB
7,g++-4.8 4.8.5,nbody_2.c 50000000,47,1695317004,2964521,nbody_2_g++-4.8,0:55.38,6496,1956,1780,100.0,0.0,1,2,0:55,0,12,556,0,228,0,1956,328,2,278,48,0,12.8,1.5,0.0,85.7,0.0,0.0,0.0,0.0,15794.9 MiB,4055.7 MiB,2185.5 MiB,9553.6 MiB,4096.0 MiB,3447.7 MiB,648.2 MiB,13019.8 MiB
7,g++-4.8 4.8.5,nbody_2.c 50000000,48,1695317005,2964521,nbody_2_g++-4.8,0:56.55,6496,1956,1780,100.0,0.0,1,2,0:56,0,12,556,0,228,0,1956,328,2,278,48,0,12.7,1.5,0.0,85.8,0.0,0.0,0.0,0.0,15794.9 MiB,4055.7 MiB,2185.5 MiB,9553.6 MiB,4096.0 MiB,3447.7 MiB,648.2 MiB,13019.8 MiB
7,g++-4.8 4.8.5,nbody_2.c 50000000,49,1695317007,2964521,nbody_2_g++-4.8,0:57.73,6496,1956,1780,100.0,0.0,1,2,0:57,0,12,556,0,228,0,1956,328,2,278,48,0,13.4,0.7,0.0,85.8,0.0,0.0,0.0,0.0,15794.9 MiB,4054.7 MiB,2186.5 MiB,9553.6 MiB,4096.0 MiB,3447.7 MiB,648.2 MiB,13018.8 MiB
7,g++-4.8 4.8.5,nbody_2.c 50000000,50,1695317008,2964521,nbody_2_g++-4.8,0:58.91,6496,1956,1780,94.1,0.0,1,2,0:58,0,12,556,0,228,0,1956,328,2,278,48,0,12.8,1.4,0.0,85.8,0.0,0.0,0.0,0.0,15794.9 MiB,4054.5 MiB,2186.7 MiB,9553.6 MiB,4096.0 MiB,3447.7 MiB,648.2 MiB,13018.6 MiB
7,g++-4.8 4.8.5,nbody_2.c 50000000,51,1695317009,2964521,nbody_2_g++-4.8,1:00.09,6496,1956,1780,100.0,0.0,1,2,1:00,0,12,556,0,228,0,1956,328,3,277,48,0,12.2,0.8,0.0,87.0,0.0,0.0,0.0,0.0,15794.9 MiB,4054.5 MiB,2186.7 MiB,9553.6 MiB,4096.0 MiB,3447.7 MiB,648.2 MiB,13018.6 MiB
7,g++-4.8 4.8.5,nbody_2.c 50000000,52,1695317010,2964521,nbody_2_g++-4.8,1:01.26,6496,1956,1780,100.0,0.0,1,2,1:01,0,12,556,0,228,0,1956,328,2,278,48,0,14.1,0.7,0.0,85.2,0.0,0.0,0.0,0.0,15794.9 MiB,4055.0 MiB,2186.2 MiB,9553.6 MiB,4096.0 MiB,3447.7 MiB,648.2 MiB,13019.1 MiB
7,g++-4.8 4.8.5,nbody_2.c 50000000,53,1695317011,2964521,nbody_2_g++-4.8,1:02.44,6496,1956,1780,100.0,0.0,1,2,1:02,0,12,556,0,228,0,1956,328,2,278,48,0,12.8,1.5,0.0,85.7,0.0,0.0,0.0,0.0,15794.9 MiB,4054.5 MiB,2186.7 MiB,9553.6 MiB,4096.0 MiB,3447.7 MiB,648.2 MiB,13018.6 MiB
7,g++-4.8 4.8.5,nbody_2.c 50000000,54,1695317012,2964521,nbody_2_g++-4.8,1:03.61,6496,1956,1780,100.0,0.0,1,2,1:03,0,12,556,0,228,0,1956,328,2,278,48,0,13.6,0.0,0.0,86.4,0.0,0.0,0.0,0.0,15794.9 MiB,4054.5 MiB,2186.7 MiB,9553.6 MiB,4096.0 MiB,3447.7 MiB,648.2 MiB,13018.6 MiB
7,g++-4.8 4.8.5,nbody_2.c 50000000,55,1695317014,2964521,nbody_2_g++-4.8,1:04.79,6496,1956,1780,100.0,0.0,1,2,1:04,0,12,556,0,228,0,1956,328,2,278,48,0,12.8,0.8,0.0,85.7,0.8,0.0,0.0,0.0,15794.9 MiB,4054.3 MiB,2187.0 MiB,9553.6 MiB,4096.0 MiB,3447.7 MiB,648.2 MiB,13018.4 MiB
7,g++-4.8 4.8.5,nbody_2.c 50000000,56,1695317015,2964521,nbody_2_g++-4.8,1:05.96,6496,1956,1780,100.0,0.0,1,2,1:05,0,12,556,0,228,0,1956,328,2,278,48,0,13.4,1.5,0.0,85.1,0.0,0.0,0.0,0.0,15794.9 MiB,4054.3 MiB,2187.0 MiB,9553.6 MiB,4096.0 MiB,3447.7 MiB,648.2 MiB,13018.4 MiB
7,g++-4.8 4.8.5,nbody_2.c 50000000,57,1695317016,2964521,nbody_2_g++-4.8,1:07.14,6496,1956,1780,100.0,0.0,1,2,1:07,0,12,556,0,228,0,1956,328,2,278,48,0,12.3,1.5,0.0,86.2,0.0,0.0,0.0,0.0,15794.9 MiB,4054.0 MiB,2187.2 MiB,9553.6 MiB,4096.0 MiB,3447.7 MiB,648.2 MiB,13018.1 MiB
7,g++-4.8 4.8.5,nbody_2.c 50000000,58,1695317017,2964521,nbody_2_g++-4.8,1:08.31,6496,1956,1780,100.0,0.0,1,2,1:08,0,12,556,0,228,0,1956,328,2,278,48,0,12.7,1.5,0.0,85.8,0.0,0.0,0.0,0.0,15794.9 MiB,4054.7 MiB,2186.5 MiB,9553.6 MiB,4096.0 MiB,3447.7 MiB,648.2 MiB,13018.9 MiB
7,g++-4.8 4.8.5,nbody_2.c 50000000,59,1695317018,2964521,nbody_2_g++-4.8,1:09.48,6496,1956,1780,100.0,0.0,1,2,1:09,0,12,556,0,228,0,1956,328,2,278,48,0,12.8,1.5,0.0,85.7,0.0,0.0,0.0,0.0,15794.9 MiB,4054.7 MiB,2186.5 MiB,9553.6 MiB,4096.0 MiB,3447.7 MiB,648.2 MiB,13018.9 MiB
7,g++-4.8 4.8.5,nbody_2.c 50000000,60,1695317019,2964521,nbody_2_g++-4.8,1:10.66,6496,1956,1780,100.0,0.0,1,2,1:10,0,12,556,0,228,0,1956,328,2,278,48,0,12.9,0.8,0.0,86.4,0.0,0.0,0.0,0.0,15794.9 MiB,4054.3 MiB,2187.0 MiB,9553.7 MiB,4096.0 MiB,3447.7 MiB,648.2 MiB,13018.4 MiB
7,g++-4.8 4.8.5,nbody_2.c 50000000,61,1695317021,2964521,nbody_2_g++-4.8,1:11.83,6496,1956,1780,93.8,0.0,1,2,1:11,0,12,556,0,228,0,1956,328,2,278,48,0,12.8,0.8,0.0,86.5,0.0,0.0,0.0,0.0,15794.9 MiB,4054.5 MiB,2186.7 MiB,9553.7 MiB,4096.0 MiB,3447.7 MiB,648.2 MiB,13018.6 MiB
7,g++-4.8 4.8.5,nbody_2.c 50000000,62,1695317022,2964521,nbody_2_g++-4.8,1:13.01,6496,1956,1780,100.0,0.0,1,6,1:13,0,12,556,0,228,0,1956,328,2,278,48,0,12.9,0.8,0.0,86.4,0.0,0.0,0.0,0.0,15794.9 MiB,4054.5 MiB,2186.7 MiB,9553.7 MiB,4096.0 MiB,3447.7 MiB,648.2 MiB,13018.6 MiB
7,g++-4.8 4.8.5,nbody_2.c 50000000,63,1695317023,2964521,nbody_2_g++-4.8,1:14.18,6496,1956,1780,100.0,0.0,1,6,1:14,0,12,556,0,228,0,1956,328,2,278,48,0,13.0,0.8,0.0,86.3,0.0,0.0,0.0,0.0,15794.9 MiB,4054.5 MiB,2186.7 MiB,9553.7 MiB,4096.0 MiB,3447.7 MiB,648.2 MiB,13018.6 MiB
7,g++-4.8 4.8.5,nbody_2.c 50000000,64,1695317024,2964521,nbody_2_g++-4.8,1:15.36,6496,1956,1780,100.0,0.0,1,6,1:15,0,12,556,0,228,0,1956,328,2,278,48,0,12.2,0.8,0.0,87.0,0.0,0.0,0.0,0.0,15794.9 MiB,4054.5 MiB,2186.7 MiB,9553.7 MiB,4096.0 MiB,3447.7 MiB,648.2 MiB,13018.6 MiB
7,g++-4.8 4.8.5,nbody_2.c 50000000,65,1695317025,2964521,nbody_2_g++-4.8,1:16.53,6496,1956,1780,100.0,0.0,1,6,1:16,0,12,556,0,228,0,1956,328,2,278,48,0,12.9,0.8,0.0,86.4,0.0,0.0,0.0,0.0,15794.9 MiB,4054.3 MiB,2186.9 MiB,9553.7 MiB,4096.0 MiB,3447.7 MiB,648.2 MiB,13018.4 MiB
7,g++-4.8 4.8.5,nbody_2.c 50000000,66,1695317026,2964521,nbody_2_g++-4.8,1:17.71,6496,1956,1780,100.0,0.0,1,6,1:17,0,12,556,0,228,0,1956,328,2,278,48,0,13.5,0.8,0.0,85.7,0.0,0.0,0.0,0.0,15794.9 MiB,4054.3 MiB,2186.9 MiB,9553.7 MiB,4096.0 MiB,3447.7 MiB,648.2 MiB,13018.4 MiB
7,g++-4.8 4.8.5,nbody_2.c 50000000,67,1695317028,2964521,nbody_2_g++-4.8,1:18.88,6496,1956,1780,100.0,0.0,1,6,1:18,0,12,556,0,228,0,1956,328,2,278,48,0,12.9,0.8,0.0,86.4,0.0,0.0,0.0,0.0,15794.9 MiB,4054.3 MiB,2186.9 MiB,9553.7 MiB,4096.0 MiB,3447.7 MiB,648.2 MiB,13018.4 MiB
7,g++-4.8 4.8.5,nbody_2.c 50000000,68,1695317029,2964521,nbody_2_g++-4.8,1:20.05,6496,1956,1780,100.0,0.0,1,6,1:20,0,12,556,0,228,0,1956,328,2,278,48,0,12.8,1.5,0.0,85.7,0.0,0.0,0.0,0.0,15794.9 MiB,4054.3 MiB,2186.9 MiB,9553.7 MiB,4096.0 MiB,3447.7 MiB,648.2 MiB,13018.4 MiB
7,g++-4.8 4.8.5,nbody_2.c 50000000,69,1695317030,2964521,nbody_2_g++-4.8,1:21.23,6496,1956,1780,100.0,0.0,1,6,1:21,0,12,556,0,228,0,1956,328,2,278,48,0,13.3,1.5,0.0,85.2,0.0,0.0,0.0,0.0,15794.9 MiB,4054.3 MiB,2186.9 MiB,9553.7 MiB,4096.0 MiB,3447.7 MiB,648.2 MiB,13018.4 MiB
7,g++-4.8 4.8.5,nbody_2.c 50000000,70,1695317031,2964521,nbody_2_g++-4.8,1:22.41,6496,1956,1780,100.0,0.0,1,6,1:22,0,12,556,0,228,0,1956,328,2,278,48,0,13.3,2.2,0.0,84.4,0.0,0.0,0.0,0.0,15794.9 MiB,4054.3 MiB,2186.9 MiB,9553.7 MiB,4096.0 MiB,3447.7 MiB,648.2 MiB,13018.4 MiB
7,g++-4.8 4.8.5,nbody_2.c 50000000,71,1695317032,2964521,nbody_2_g++-4.8,1:23.58,6496,1956,1780,100.0,0.0,1,6,1:23,0,12,556,0,228,0,1956,328,2,278,48,0,13.0,0.8,0.0,86.3,0.0,0.0,0.0,0.0,15794.9 MiB,4054.3 MiB,2186.9 MiB,9553.7 MiB,4096.0 MiB,3447.7 MiB,648.2 MiB,13018.4 MiB
7,g++-4.8 4.8.5,nbody_2.c 50000000,72,1695317034,2964521,nbody_2_g++-4.8,1:24.75,6496,1956,1780,100.0,0.0,1,6,1:24,0,12,556,0,228,0,1956,328,2,278,48,0,13.0,0.8,0.0,86.3,0.0,0.0,0.0,0.0,15794.9 MiB,4054.3 MiB,2186.9 MiB,9553.7 MiB,4096.0 MiB,3447.7 MiB,648.2 MiB,13018.4 MiB
8,g++-4.8 4.8.5,nbody_2.c 50000000,0,1695317035,2964974,nbody_2_g++-4.8,0:00.16,6496,1916,1744,93.8,0.0,1,1,0:00,0,12,556,0,227,0,1916,328,2,278,48,0,12.9,1.5,0.0,85.6,0.0,0.0,0.0,0.0,15794.9 MiB,4052.0 MiB,2182.5 MiB,9560.3 MiB,4096.0 MiB,3447.7 MiB,648.2 MiB,13016.2 MiB
8,g++-4.8 4.8.5,nbody_2.c 50000000,1,1695317036,2964974,nbody_2_g++-4.8,0:01.34,6496,1916,1744,100.0,0.0,1,1,0:01,0,12,556,0,227,0,1916,328,2,278,48,0,13.5,0.0,0.0,86.5,0.0,0.0,0.0,0.0,15794.9 MiB,4051.8 MiB,2182.4 MiB,9560.7 MiB,4096.0 MiB,3447.7 MiB,648.2 MiB,13015.9 MiB
8,g++-4.8 4.8.5,nbody_2.c 50000000,2,1695317037,2964974,nbody_2_g++-4.8,0:02.51,6496,1916,1744,100.0,0.0,1,1,0:02,0,12,556,0,227,0,1916,328,2,278,48,0,12.9,1.5,0.0,85.6,0.0,0.0,0.0,0.0,15794.9 MiB,4055.5 MiB,2185.7 MiB,9553.7 MiB,4096.0 MiB,3447.7 MiB,648.2 MiB,13019.6 MiB
8,g++-4.8 4.8.5,nbody_2.c 50000000,3,1695317038,2964974,nbody_2_g++-4.8,0:03.69,6496,1916,1744,100.0,0.0,1,1,0:03,0,12,556,0,227,0,1916,328,2,278,48,0,14.1,1.5,0.0,83.7,0.0,0.0,0.7,0.0,15794.9 MiB,4055.5 MiB,2185.7 MiB,9553.7 MiB,4096.0 MiB,3447.7 MiB,648.2 MiB,13019.6 MiB
8,g++-4.8 4.8.5,nbody_2.c 50000000,4,1695317039,2964974,nbody_2_g++-4.8,0:04.86,6496,1916,1744,100.0,0.0,1,1,0:04,0,12,556,0,227,0,1916,328,2,278,48,0,13.4,0.7,0.0,85.8,0.0,0.0,0.0,0.0,15794.9 MiB,4055.7 MiB,2185.4 MiB,9553.7 MiB,4096.0 MiB,3447.7 MiB,648.2 MiB,13019.9 MiB
8,g++-4.8 4.8.5,nbody_2.c 50000000,5,1695317041,2964974,nbody_2_g++-4.8,0:06.03,6496,1916,1744,93.8,0.0,1,1,0:06,0,12,556,0,227,0,1916,328,2,278,48,0,12.8,0.8,0.0,85.7,0.8,0.0,0.0,0.0,15794.9 MiB,4055.7 MiB,2185.4 MiB,9553.7 MiB,4096.0 MiB,3447.7 MiB,648.2 MiB,13019.9 MiB
8,g++-4.8 4.8.5,nbody_2.c 50000000,6,1695317042,2964974,nbody_2_g++-4.8,0:07.21,6496,1916,1744,100.0,0.0,1,1,0:07,0,12,556,0,227,0,1916,328,2,278,48,0,12.9,0.8,0.0,86.4,0.0,0.0,0.0,0.0,15794.9 MiB,4056.2 MiB,2184.9 MiB,9553.7 MiB,4096.0 MiB,3447.7 MiB,648.2 MiB,13020.4 MiB
8,g++-4.8 4.8.5,nbody_2.c 50000000,7,1695317043,2964974,nbody_2_g++-4.8,0:08.39,6496,1916,1744,100.0,0.0,1,1,0:08,0,12,556,0,227,0,1916,328,2,278,48,0,13.4,1.5,0.0,84.3,0.7,0.0,0.0,0.0,15794.9 MiB,4054.8 MiB,2185.6 MiB,9554.5 MiB,4096.0 MiB,3447.7 MiB,648.2 MiB,13019.7 MiB
8,g++-4.8 4.8.5,nbody_2.c 50000000,8,1695317044,2964974,nbody_2_g++-4.8,0:09.56,6496,1916,1744,93.8,0.0,1,1,0:09,0,12,556,0,227,0,1916,328,2,278,48,0,14.2,0.7,0.0,85.1,0.0,0.0,0.0,0.0,15794.9 MiB,4054.3 MiB,2186.1 MiB,9554.5 MiB,4096.0 MiB,3447.7 MiB,648.2 MiB,13019.2 MiB
8,g++-4.8 4.8.5,nbody_2.c 50000000,9,1695317045,2964974,nbody_2_g++-4.8,0:10.74,6496,1916,1744,100.0,0.0,1,1,0:10,0,12,556,0,227,0,1916,328,2,278,48,0,12.9,1.5,0.0,85.6,0.0,0.0,0.0,0.0,15794.9 MiB,4054.5 MiB,2185.8 MiB,9554.5 MiB,4096.0 MiB,3447.7 MiB,648.2 MiB,13019.5 MiB
8,g++-4.8 4.8.5,nbody_2.c 50000000,10,1695317046,2964974,nbody_2_g++-4.8,0:11.91,6496,1916,1744,100.0,0.0,1,1,0:11,0,12,556,0,227,0,1916,328,2,278,48,0,13.5,0.8,0.0,85.7,0.0,0.0,0.0,0.0,15794.9 MiB,4055.3 MiB,2185.1 MiB,9554.5 MiB,4096.0 MiB,3447.7 MiB,648.2 MiB,13020.2 MiB
8,g++-4.8 4.8.5,nbody_2.c 50000000,11,1695317048,2964974,nbody_2_g++-4.8,0:13.09,6496,1916,1744,100.0,0.0,1,1,0:13,0,12,556,0,227,0,1916,328,2,278,48,0,12.8,2.3,0.0,85.0,0.0,0.0,0.0,0.0,15794.9 MiB,4056.2 MiB,2184.1 MiB,9554.5 MiB,4096.0 MiB,3447.7 MiB,648.2 MiB,13021.2 MiB
8,g++-4.8 4.8.5,nbody_2.c 50000000,12,1695317049,2964974,nbody_2_g++-4.8,0:14.26,6496,1916,1744,100.0,0.0,1,1,0:14,0,12,556,0,227,0,1916,328,2,278,48,0,13.5,0.8,0.0,85.0,0.8,0.0,0.0,0.0,15794.9 MiB,4056.0 MiB,2184.4 MiB,9554.5 MiB,4096.0 MiB,3447.7 MiB,648.2 MiB,13021.0 MiB
8,g++-4.8 4.8.5,nbody_2.c 50000000,13,1695317050,2964974,nbody_2_g++-4.8,0:15.44,6496,1916,1744,94.1,0.0,1,1,0:15,0,12,556,0,227,0,1916,328,2,278,48,0,13.6,0.7,0.0,85.7,0.0,0.0,0.0,0.0,15794.9 MiB,4055.8 MiB,2184.6 MiB,9554.5 MiB,4096.0 MiB,3447.7 MiB,648.2 MiB,13020.7 MiB
8,g++-4.8 4.8.5,nbody_2.c 50000000,14,1695317051,2964974,nbody_2_g++-4.8,0:16.62,6496,1916,1744,100.0,0.0,1,1,0:16,0,12,556,0,227,0,1916,328,2,278,48,0,13.5,0.8,0.0,85.7,0.0,0.0,0.0,0.0,15794.9 MiB,4055.8 MiB,2184.6 MiB,9554.5 MiB,4096.0 MiB,3447.7 MiB,648.2 MiB,13020.7 MiB
8,g++-4.8 4.8.5,nbody_2.c 50000000,15,1695317052,2964974,nbody_2_g++-4.8,0:17.80,6496,1916,1744,100.0,0.0,1,1,0:17,0,12,556,0,227,0,1916,328,2,278,48,0,13.0,0.8,0.0,86.3,0.0,0.0,0.0,0.0,15794.9 MiB,4055.5 MiB,2184.8 MiB,9554.5 MiB,4096.0 MiB,3447.7 MiB,648.2 MiB,13020.5 MiB
8,g++-4.8 4.8.5,nbody_2.c 50000000,16,1695317054,2964974,nbody_2_g++-4.8,0:18.97,6496,1916,1744,100.0,0.0,1,1,0:18,0,12,556,0,227,0,1916,328,2,278,48,0,12.8,1.5,0.0,85.7,0.0,0.0,0.0,0.0,15794.9 MiB,4055.5 MiB,2184.8 MiB,9554.5 MiB,4096.0 MiB,3447.7 MiB,648.2 MiB,13020.5 MiB
8,g++-4.8 4.8.5,nbody_2.c 50000000,17,1695317055,2964974,nbody_2_g++-4.8,0:20.14,6496,1916,1744,93.8,0.0,1,1,0:20,0,12,556,0,227,0,1916,328,2,278,48,0,12.9,0.8,0.0,86.4,0.0,0.0,0.0,0.0,15794.9 MiB,4055.5 MiB,2184.8 MiB,9554.5 MiB,4096.0 MiB,3447.7 MiB,648.2 MiB,13020.5 MiB
8,g++-4.8 4.8.5,nbody_2.c 50000000,18,1695317056,2964974,nbody_2_g++-4.8,0:21.32,6496,1916,1744,100.0,0.0,1,1,0:21,0,12,556,0,227,0,1916,328,2,278,48,0,12.2,0.8,0.0,87.0,0.0,0.0,0.0,0.0,15794.9 MiB,4055.5 MiB,2184.8 MiB,9554.5 MiB,4096.0 MiB,3447.7 MiB,648.2 MiB,13020.5 MiB
8,g++-4.8 4.8.5,nbody_2.c 50000000,19,1695317057,2964974,nbody_2_g++-4.8,0:22.50,6496,1916,1744,100.0,0.0,1,1,0:22,0,12,556,0,227,0,1916,328,2,278,48,0,12.8,1.5,0.0,85.7,0.0,0.0,0.0,0.0,15794.9 MiB,4055.0 MiB,2185.3 MiB,9554.5 MiB,4096.0 MiB,3447.7 MiB,648.2 MiB,13020.0 MiB
8,g++-4.8 4.8.5,nbody_2.c 50000000,20,1695317058,2964974,nbody_2_g++-4.8,0:23.67,6496,1916,1744,100.0,0.0,1,1,0:23,0,12,556,0,227,0,1916,328,2,278,48,0,12.9,0.8,0.0,86.4,0.0,0.0,0.0,0.0,15794.9 MiB,4055.0 MiB,2185.3 MiB,9554.5 MiB,4096.0 MiB,3447.7 MiB,648.2 MiB,13020.0 MiB
8,g++-4.8 4.8.5,nbody_2.c 50000000,21,1695317059,2964974,nbody_2_g++-4.8,0:24.84,6496,1916,1744,93.8,0.0,1,1,0:24,0,12,556,0,227,0,1916,328,2,278,48,0,12.1,1.5,0.0,86.4,0.0,0.0,0.0,0.0,15794.9 MiB,4054.8 MiB,2185.6 MiB,9554.5 MiB,4096.0 MiB,3447.7 MiB,648.2 MiB,13019.8 MiB
8,g++-4.8 4.8.5,nbody_2.c 50000000,22,1695317061,2964974,nbody_2_g++-4.8,0:26.02,6496,1916,1744,100.0,0.0,1,1,0:26,0,12,556,0,227,0,1916,328,2,278,48,0,12.9,0.8,0.0,86.4,0.0,0.0,0.0,0.0,15794.9 MiB,4055.0 MiB,2185.2 MiB,9554.6 MiB,4096.0 MiB,3447.7 MiB,648.2 MiB,13020.0 MiB
8,g++-4.8 4.8.5,nbody_2.c 50000000,23,1695317062,2964974,nbody_2_g++-4.8,0:27.19,6496,1916,1744,93.8,0.0,1,1,0:27,0,12,556,0,227,0,1916,328,2,278,48,0,12.8,1.5,0.0,85.7,0.0,0.0,0.0,0.0,15794.9 MiB,4055.3 MiB,2185.0 MiB,9554.6 MiB,4096.0 MiB,3447.7 MiB,648.2 MiB,13020.3 MiB
8,g++-4.8 4.8.5,nbody_2.c 50000000,24,1695317063,2964974,nbody_2_g++-4.8,0:28.37,6496,1916,1744,100.0,0.0,1,1,0:28,0,12,556,0,227,0,1916,328,2,278,48,0,12.8,0.8,0.0,86.5,0.0,0.0,0.0,0.0,15794.9 MiB,4055.5 MiB,2184.8 MiB,9554.6 MiB,4096.0 MiB,3447.7 MiB,648.2 MiB,13020.5 MiB
8,g++-4.8 4.8.5,nbody_2.c 50000000,25,1695317064,2964974,nbody_2_g++-4.8,0:29.54,6496,1916,1744,100.0,0.0,1,1,0:29,0,12,556,0,227,0,1916,328,2,278,48,0,13.3,1.5,0.0,84.4,0.0,0.0,0.7,0.0,15794.9 MiB,4055.3 MiB,2185.0 MiB,9554.6 MiB,4096.0 MiB,3447.7 MiB,648.2 MiB,13020.3 MiB
8,g++-4.8 4.8.5,nbody_2.c 50000000,26,1695317065,2964974,nbody_2_g++-4.8,0:30.72,6496,1916,1744,100.0,0.0,1,1,0:30,0,12,556,0,227,0,1916,328,2,278,48,0,12.8,1.5,0.0,85.7,0.0,0.0,0.0,0.0,15794.9 MiB,4054.3 MiB,2186.0 MiB,9554.6 MiB,4096.0 MiB,3447.7 MiB,648.2 MiB,13019.3 MiB
8,g++-4.8 4.8.5,nbody_2.c 50000000,27,1695317066,2964974,nbody_2_g++-4.8,0:31.89,6496,1916,1744,93.8,0.0,1,1,0:31,0,12,556,0,227,0,1916,328,2,278,48,0,12.9,0.8,0.0,86.4,0.0,0.0,0.0,0.0,15794.9 MiB,4054.0 MiB,2186.2 MiB,9554.6 MiB,4096.0 MiB,3447.7 MiB,648.2 MiB,13019.0 MiB
8,g++-4.8 4.8.5,nbody_2.c 50000000,28,1695317068,2964974,nbody_2_g++-4.8,0:33.07,6496,1916,1744,100.0,0.0,1,1,0:33,0,12,556,0,227,0,1916,328,2,278,48,0,13.3,2.2,0.0,84.4,0.0,0.0,0.0,0.0,15794.9 MiB,4054.0 MiB,2186.2 MiB,9554.6 MiB,4096.0 MiB,3447.7 MiB,648.2 MiB,13019.1 MiB
8,g++-4.8 4.8.5,nbody_2.c 50000000,29,1695317069,2964974,nbody_2_g++-4.8,0:34.24,6496,1916,1744,100.0,0.0,1,5,0:34,0,12,556,0,227,0,1916,328,2,278,48,0,14.1,1.5,0.0,84.4,0.0,0.0,0.0,0.0,15794.9 MiB,4052.8 MiB,2187.4 MiB,9554.6 MiB,4096.0 MiB,3447.7 MiB,648.2 MiB,13017.8 MiB
8,g++-4.8 4.8.5,nbody_2.c 50000000,30,1695317070,2964974,nbody_2_g++-4.8,0:35.42,6496,1916,1744,100.0,0.0,1,5,0:35,0,12,556,0,227,0,1916,328,2,278,48,0,12.8,0.8,0.0,86.5,0.0,0.0,0.0,0.0,15794.9 MiB,4053.1 MiB,2187.2 MiB,9554.6 MiB,4096.0 MiB,3447.7 MiB,648.2 MiB,13018.1 MiB
8,g++-4.8 4.8.5,nbody_2.c 50000000,31,1695317071,2964974,nbody_2_g++-4.8,0:36.59,6496,1916,1744,93.8,0.0,1,5,0:36,0,12,556,0,227,0,1916,328,2,278,48,0,13.5,0.8,0.0,85.7,0.0,0.0,0.0,0.0,15794.9 MiB,4052.8 MiB,2187.4 MiB,9554.6 MiB,4096.0 MiB,3447.7 MiB,648.2 MiB,13017.8 MiB
8,g++-4.8 4.8.5,nbody_2.c 50000000,32,1695317072,2964974,nbody_2_g++-4.8,0:37.77,6496,1916,1744,100.0,0.0,1,5,0:37,0,12,556,0,227,0,1916,328,2,278,48,0,13.4,1.5,0.0,85.1,0.0,0.0,0.0,0.0,15794.9 MiB,4053.1 MiB,2187.2 MiB,9554.6 MiB,4096.0 MiB,3447.7 MiB,648.2 MiB,13018.1 MiB
8,g++-4.8 4.8.5,nbody_2.c 50000000,33,1695317073,2964974,nbody_2_g++-4.8,0:38.94,6496,1916,1744,100.0,0.0,1,5,0:38,0,12,556,0,227,0,1916,328,2,278,48,0,12.9,0.8,0.0,86.4,0.0,0.0,0.0,0.0,15794.9 MiB,4053.1 MiB,2187.2 MiB,9554.6 MiB,4096.0 MiB,3447.7 MiB,648.2 MiB,13018.1 MiB
8,g++-4.8 4.8.5,nbody_2.c 50000000,34,1695317075,2964974,nbody_2_g++-4.8,0:40.12,6496,1916,1744,100.0,0.0,1,5,0:40,0,12,556,0,227,0,1916,328,2,278,48,0,12.2,0.8,0.0,87.0,0.0,0.0,0.0,0.0,15794.9 MiB,4053.1 MiB,2187.2 MiB,9554.6 MiB,4096.0 MiB,3447.7 MiB,648.2 MiB,13018.1 MiB
8,g++-4.8 4.8.5,nbody_2.c 50000000,35,1695317076,2964974,nbody_2_g++-4.8,0:41.29,6496,1916,1744,93.8,0.0,1,5,0:41,0,12,556,0,227,0,1916,328,2,278,48,0,12.1,1.5,0.0,86.4,0.0,0.0,0.0,0.0,15794.9 MiB,4052.1 MiB,2188.2 MiB,9554.6 MiB,4096.0 MiB,3447.7 MiB,648.2 MiB,13017.1 MiB
8,g++-4.8 4.8.5,nbody_2.c 50000000,36,1695317077,2964974,nbody_2_g++-4.8,0:42.47,6496,1916,1744,100.0,0.0,1,5,0:42,0,12,556,0,227,0,1916,328,2,278,48,0,12.8,1.5,0.0,85.7,0.0,0.0,0.0,0.0,15794.9 MiB,4054.0 MiB,2186.2 MiB,9554.6 MiB,4096.0 MiB,3447.7 MiB,648.2 MiB,13019.1 MiB
8,g++-4.8 4.8.5,nbody_2.c 50000000,37,1695317078,2964974,nbody_2_g++-4.8,0:43.64,6496,1916,1744,100.0,0.0,1,5,0:43,0,12,556,0,227,0,1916,328,2,278,48,0,12.7,1.5,0.0,85.8,0.0,0.0,0.0,0.0,15794.9 MiB,4053.8 MiB,2186.4 MiB,9554.6 MiB,4096.0 MiB,3447.7 MiB,648.2 MiB,13018.8 MiB
8,g++-4.8 4.8.5,nbody_2.c 50000000,38,1695317079,2964974,nbody_2_g++-4.8,0:44.82,6496,1916,1744,100.0,0.0,1,5,0:44,0,12,556,0,227,0,1916,328,2,278,48,0,12.7,1.5,0.0,85.8,0.0,0.0,0.0,0.0,15794.9 MiB,4053.8 MiB,2186.4 MiB,9554.6 MiB,4096.0 MiB,3447.7 MiB,648.2 MiB,13018.8 MiB
8,g++-4.8 4.8.5,nbody_2.c 50000000,39,1695317081,2964974,nbody_2_g++-4.8,0:45.99,6496,1916,1744,93.8,0.0,1,5,0:45,0,12,556,0,227,0,1916,328,2,278,48,0,12.1,1.5,0.0,86.4,0.0,0.0,0.0,0.0,15794.9 MiB,4053.5 MiB,2186.7 MiB,9554.6 MiB,4096.0 MiB,3447.7 MiB,648.2 MiB,13018.6 MiB
8,g++-4.8 4.8.5,nbody_2.c 50000000,40,1695317082,2964974,nbody_2_g++-4.8,0:47.17,6496,1916,1744,100.0,0.0,1,5,0:47,0,12,556,0,227,0,1916,328,2,278,48,0,13.5,0.8,0.0,85.7,0.0,0.0,0.0,0.0,15794.9 MiB,4053.1 MiB,2187.2 MiB,9554.6 MiB,4096.0 MiB,3447.7 MiB,648.2 MiB,13018.1 MiB
8,g++-4.8 4.8.5,nbody_2.c 50000000,41,1695317083,2964974,nbody_2_g++-4.8,0:48.34,6496,1916,1744,100.0,0.0,1,5,0:48,0,12,556,0,227,0,1916,328,2,278,48,0,13.5,1.5,0.0,85.0,0.0,0.0,0.0,0.0,15794.9 MiB,4053.1 MiB,2187.2 MiB,9554.6 MiB,4096.0 MiB,3447.7 MiB,648.2 MiB,13018.1 MiB
8,g++-4.8 4.8.5,nbody_2.c 50000000,42,1695317084,2964974,nbody_2_g++-4.8,0:49.52,6496,1916,1744,100.0,0.0,1,1,0:49,0,12,556,0,227,0,1916,328,2,278,48,0,13.0,0.8,0.0,86.3,0.0,0.0,0.0,0.0,15794.9 MiB,4053.1 MiB,2187.2 MiB,9554.6 MiB,4096.0 MiB,3447.7 MiB,648.2 MiB,13018.1 MiB
8,g++-4.8 4.8.5,nbody_2.c 50000000,43,1695317085,2964974,nbody_2_g++-4.8,0:50.69,6496,1916,1744,100.0,0.0,1,1,0:50,0,12,556,0,227,0,1916,328,2,278,48,0,12.2,0.8,0.0,87.0,0.0,0.0,0.0,0.0,15794.9 MiB,4053.1 MiB,2187.2 MiB,9554.6 MiB,4096.0 MiB,3447.7 MiB,648.2 MiB,13018.1 MiB
8,g++-4.8 4.8.5,nbody_2.c 50000000,44,1695317086,2964974,nbody_2_g++-4.8,0:51.86,6496,1916,1744,93.8,0.0,1,1,0:51,0,12,556,0,227,0,1916,328,2,278,48,0,12.8,0.8,0.0,86.5,0.0,0.0,0.0,0.0,15794.9 MiB,4053.1 MiB,2187.2 MiB,9554.6 MiB,4096.0 MiB,3447.7 MiB,648.2 MiB,13018.1 MiB
8,g++-4.8 4.8.5,nbody_2.c 50000000,45,1695317088,2964974,nbody_2_g++-4.8,0:53.04,6496,1916,1744,100.0,0.0,1,1,0:53,0,12,556,0,227,0,1916,328,2,278,48,0,12.8,0.8,0.0,86.5,0.0,0.0,0.0,0.0,15794.9 MiB,4053.3 MiB,2186.9 MiB,9554.6 MiB,4096.0 MiB,3447.7 MiB,648.2 MiB,13018.4 MiB
8,g++-4.8 4.8.5,nbody_2.c 50000000,46,1695317089,2964974,nbody_2_g++-4.8,0:54.21,6496,1916,1744,100.0,0.0,1,1,0:54,0,12,556,0,227,0,1916,328,2,278,48,0,12.8,0.8,0.0,85.7,0.8,0.0,0.0,0.0,15794.9 MiB,4053.1 MiB,2187.2 MiB,9554.6 MiB,4096.0 MiB,3447.7 MiB,648.2 MiB,13018.1 MiB
8,g++-4.8 4.8.5,nbody_2.c 50000000,47,1695317090,2964974,nbody_2_g++-4.8,0:55.39,6496,1916,1744,100.0,0.0,1,5,0:55,0,12,556,0,227,0,1916,328,2,278,48,0,14.2,0.7,0.0,85.1,0.0,0.0,0.0,0.0,15794.9 MiB,4052.8 MiB,2187.4 MiB,9554.7 MiB,4096.0 MiB,3447.7 MiB,648.2 MiB,13017.9 MiB
8,g++-4.8 4.8.5,nbody_2.c 50000000,48,1695317091,2964974,nbody_2_g++-4.8,0:56.56,6496,1916,1744,100.0,0.0,1,5,0:56,0,12,556,0,227,0,1916,328,2,278,48,0,13.4,0.7,0.0,85.8,0.0,0.0,0.0,0.0,15794.9 MiB,4052.8 MiB,2187.4 MiB,9554.7 MiB,4096.0 MiB,3447.7 MiB,648.2 MiB,13017.9 MiB
8,g++-4.8 4.8.5,nbody_2.c 50000000,49,1695317092,2964974,nbody_2_g++-4.8,0:57.73,6496,1916,1744,100.0,0.0,1,5,0:57,0,12,556,0,227,0,1916,327,2,277,48,0,12.2,0.8,0.0,87.0,0.0,0.0,0.0,0.0,15794.9 MiB,4052.8 MiB,2187.4 MiB,9554.7 MiB,4096.0 MiB,3447.7 MiB,648.2 MiB,13017.9 MiB
8,g++-4.8 4.8.5,nbody_2.c 50000000,50,1695317093,2964974,nbody_2_g++-4.8,0:58.91,6496,1916,1744,100.0,0.0,1,5,0:58,0,12,556,0,227,0,1916,327,2,277,48,0,12.9,0.8,0.0,86.4,0.0,0.0,0.0,0.0,15794.9 MiB,4053.1 MiB,2187.2 MiB,9554.7 MiB,4096.0 MiB,3447.7 MiB,648.2 MiB,13018.1 MiB
8,g++-4.8 4.8.5,nbody_2.c 50000000,51,1695317095,2964974,nbody_2_g++-4.8,1:00.09,6496,1916,1744,100.0,0.0,1,5,1:00,0,12,556,0,227,0,1916,327,2,277,48,0,13.4,0.7,0.0,85.8,0.0,0.0,0.0,0.0,15794.9 MiB,4052.8 MiB,2187.4 MiB,9554.7 MiB,4096.0 MiB,3447.7 MiB,648.2 MiB,13017.9 MiB
8,g++-4.8 4.8.5,nbody_2.c 50000000,52,1695317096,2964974,nbody_2_g++-4.8,1:01.26,6496,1916,1744,100.0,0.0,1,5,1:01,0,12,556,0,227,0,1916,327,2,277,48,0,12.9,0.8,0.0,86.4,0.0,0.0,0.0,0.0,15794.9 MiB,4052.8 MiB,2187.4 MiB,9554.7 MiB,4096.0 MiB,3447.7 MiB,648.2 MiB,13017.9 MiB
8,g++-4.8 4.8.5,nbody_2.c 50000000,53,1695317097,2964974,nbody_2_g++-4.8,1:02.43,6496,1916,1744,93.8,0.0,1,5,1:02,0,12,556,0,227,0,1916,327,2,277,48,0,13.0,0.8,0.0,86.3,0.0,0.0,0.0,0.0,15794.9 MiB,4052.6 MiB,2187.6 MiB,9554.7 MiB,4096.0 MiB,3447.7 MiB,648.2 MiB,13017.6 MiB
8,g++-4.8 4.8.5,nbody_2.c 50000000,54,1695317098,2964974,nbody_2_g++-4.8,1:03.61,6496,1916,1744,100.0,0.0,1,5,1:03,0,12,556,0,227,0,1916,327,2,277,48,0,13.4,1.5,0.0,85.1,0.0,0.0,0.0,0.0,15794.9 MiB,4053.6 MiB,2186.7 MiB,9554.7 MiB,4096.0 MiB,3447.7 MiB,648.2 MiB,13018.6 MiB
8,g++-4.8 4.8.5,nbody_2.c 50000000,55,1695317099,2964974,nbody_2_g++-4.8,1:04.78,6496,1916,1744,93.8,0.0,1,5,1:04,0,12,556,0,227,0,1916,327,2,277,48,0,12.8,1.5,0.0,85.7,0.0,0.0,0.0,0.0,15794.9 MiB,4053.6 MiB,2186.7 MiB,9554.7 MiB,4096.0 MiB,3447.7 MiB,648.2 MiB,13018.6 MiB
8,g++-4.8 4.8.5,nbody_2.c 50000000,56,1695317101,2964974,nbody_2_g++-4.8,1:05.96,6496,1916,1744,100.0,0.0,1,5,1:05,0,12,556,0,227,0,1916,327,2,277,48,0,12.0,1.5,0.0,86.5,0.0,0.0,0.0,0.0,15794.9 MiB,4052.8 MiB,2187.6 MiB,9554.5 MiB,4096.0 MiB,3447.7 MiB,648.2 MiB,13017.9 MiB
8,g++-4.8 4.8.5,nbody_2.c 50000000,57,1695317102,2964974,nbody_2_g++-4.8,1:07.13,6496,1916,1744,93.8,0.0,1,5,1:07,0,12,556,0,227,0,1916,327,2,277,48,0,14.8,0.7,0.0,84.4,0.0,0.0,0.0,0.0,15794.9 MiB,4053.6 MiB,2186.7 MiB,9554.6 MiB,4096.0 MiB,3447.7 MiB,648.2 MiB,13018.7 MiB
8,g++-4.8 4.8.5,nbody_2.c 50000000,58,1695317103,2964974,nbody_2_g++-4.8,1:08.31,6496,1916,1744,100.0,0.0,1,1,1:08,0,12,556,0,227,0,1916,327,2,277,48,0,13.5,0.8,0.0,85.7,0.0,0.0,0.0,0.0,15794.9 MiB,4053.6 MiB,2186.7 MiB,9554.6 MiB,4096.0 MiB,3447.7 MiB,648.2 MiB,13018.8 MiB
8,g++-4.8 4.8.5,nbody_2.c 50000000,59,1695317104,2964974,nbody_2_g++-4.8,1:09.49,6496,1916,1744,100.0,0.0,1,1,1:09,0,12,556,0,227,0,1916,327,2,277,48,0,13.5,0.8,0.0,85.7,0.0,0.0,0.0,0.0,15794.9 MiB,4054.0 MiB,2186.2 MiB,9554.6 MiB,4096.0 MiB,3447.7 MiB,648.2 MiB,13019.2 MiB
8,g++-4.8 4.8.5,nbody_2.c 50000000,60,1695317105,2964974,nbody_2_g++-4.8,1:10.66,6496,1916,1744,100.0,0.0,1,1,1:10,0,12,556,0,227,0,1916,327,2,277,48,0,13.5,0.8,0.0,85.7,0.0,0.0,0.0,0.0,15794.9 MiB,4054.0 MiB,2186.2 MiB,9554.6 MiB,4096.0 MiB,3447.7 MiB,648.2 MiB,13019.2 MiB
8,g++-4.8 4.8.5,nbody_2.c 50000000,61,1695317106,2964974,nbody_2_g++-4.8,1:11.83,6496,1916,1744,100.0,0.0,1,1,1:11,0,12,556,0,227,0,1916,327,2,277,48,0,12.8,1.5,0.0,85.7,0.0,0.0,0.0,0.0,15794.9 MiB,4054.8 MiB,2185.5 MiB,9554.6 MiB,4096.0 MiB,3447.7 MiB,648.2 MiB,13020.0 MiB
8,g++-4.8 4.8.5,nbody_2.c 50000000,62,1695317108,2964974,nbody_2_g++-4.8,1:13.01,6496,1916,1744,100.0,0.0,1,1,1:13,0,12,556,0,227,0,1916,327,2,277,48,0,12.9,0.8,0.0,86.4,0.0,0.0,0.0,0.0,15794.9 MiB,4054.8 MiB,2185.5 MiB,9554.6 MiB,4096.0 MiB,3447.7 MiB,648.2 MiB,13020.0 MiB
8,g++-4.8 4.8.5,nbody_2.c 50000000,63,1695317109,2964974,nbody_2_g++-4.8,1:14.18,6496,1916,1744,93.8,0.0,1,5,1:14,0,12,556,0,227,0,1916,327,2,277,48,0,12.8,0.8,0.0,86.5,0.0,0.0,0.0,0.0,15794.9 MiB,4054.8 MiB,2185.5 MiB,9554.6 MiB,4096.0 MiB,3447.7 MiB,648.2 MiB,13020.0 MiB
8,g++-4.8 4.8.5,nbody_2.c 50000000,64,1695317110,2964974,nbody_2_g++-4.8,1:15.36,6496,1916,1744,100.0,0.0,1,5,1:15,0,12,556,0,227,0,1916,327,2,277,48,0,13.6,0.0,0.0,86.4,0.0,0.0,0.0,0.0,15794.9 MiB,4054.8 MiB,2185.5 MiB,9554.6 MiB,4096.0 MiB,3447.7 MiB,648.2 MiB,13020.0 MiB
8,g++-4.8 4.8.5,nbody_2.c 50000000,65,1695317111,2964974,nbody_2_g++-4.8,1:16.53,6496,1916,1744,100.0,0.0,1,5,1:16,0,12,556,0,227,0,1916,327,2,277,48,0,13.0,0.8,0.0,86.3,0.0,0.0,0.0,0.0,15794.9 MiB,4055.0 MiB,2185.2 MiB,9554.6 MiB,4096.0 MiB,3447.7 MiB,648.2 MiB,13020.2 MiB
8,g++-4.8 4.8.5,nbody_2.c 50000000,66,1695317112,2964974,nbody_2_g++-4.8,1:17.71,6496,1916,1744,100.0,0.0,1,5,1:17,0,12,556,0,227,0,1916,327,2,277,48,0,12.0,1.5,0.0,86.5,0.0,0.0,0.0,0.0,15794.9 MiB,4054.8 MiB,2185.5 MiB,9554.6 MiB,4096.0 MiB,3447.7 MiB,648.2 MiB,13020.0 MiB
8,g++-4.8 4.8.5,nbody_2.c 50000000,67,1695317113,2964974,nbody_2_g++-4.8,1:18.88,6496,1916,1744,100.0,0.0,1,5,1:18,0,12,556,0,227,0,1916,327,2,277,48,0,13.5,0.8,0.0,85.7,0.0,0.0,0.0,0.0,15794.9 MiB,4053.3 MiB,2186.9 MiB,9554.6 MiB,4096.0 MiB,3447.7 MiB,648.2 MiB,13018.5 MiB
8,g++-4.8 4.8.5,nbody_2.c 50000000,68,1695317115,2964974,nbody_2_g++-4.8,1:20.05,6496,1916,1744,93.8,0.0,1,5,1:20,0,12,556,0,227,0,1916,327,2,277,48,0,13.6,0.0,0.0,86.4,0.0,0.0,0.0,0.0,15794.9 MiB,4053.6 MiB,2186.7 MiB,9554.6 MiB,4096.0 MiB,3447.7 MiB,648.2 MiB,13018.8 MiB
8,g++-4.8 4.8.5,nbody_2.c 50000000,69,1695317116,2964974,nbody_2_g++-4.8,1:21.23,6496,1916,1744,100.0,0.0,1,5,1:21,0,12,556,0,227,0,1916,327,2,277,48,0,12.8,1.5,0.0,85.7,0.0,0.0,0.0,0.0,15794.9 MiB,4053.8 MiB,2186.4 MiB,9554.6 MiB,4096.0 MiB,3447.7 MiB,648.2 MiB,13019.0 MiB
8,g++-4.8 4.8.5,nbody_2.c 50000000,70,1695317117,2964974,nbody_2_g++-4.8,1:22.40,6496,1916,1744,93.8,0.0,1,5,1:22,0,12,556,0,227,0,1916,327,2,277,48,0,12.7,1.5,0.0,85.1,0.7,0.0,0.0,0.0,15794.9 MiB,4053.6 MiB,2186.7 MiB,9554.6 MiB,4096.0 MiB,3447.7 MiB,648.2 MiB,13018.8 MiB
8,g++-4.8 4.8.5,nbody_2.c 50000000,71,1695317118,2964974,nbody_2_g++-4.8,1:23.58,6496,1916,1744,100.0,0.0,1,5,1:23,0,12,556,0,227,0,1916,327,2,277,48,0,12.9,0.8,0.0,86.4,0.0,0.0,0.0,0.0,15794.9 MiB,4054.3 MiB,2185.9 MiB,9554.6 MiB,4096.0 MiB,3447.7 MiB,648.2 MiB,13019.5 MiB
8,g++-4.8 4.8.5,nbody_2.c 50000000,72,1695317119,2964974,nbody_2_g++-4.8,1:24.75,6496,1916,1744,100.0,0.0,1,5,1:24,0,12,556,0,227,0,1916,327,2,277,48,0,13.5,0.8,0.0,85.7,0.0,0.0,0.0,0.0,15794.9 MiB,4054.3 MiB,2185.9 MiB,9554.6 MiB,4096.0 MiB,3447.7 MiB,648.2 MiB,13019.5 MiB
8,g++-4.8 4.8.5,nbody_2.c 50000000,73,1695317120,2964974,nbody_2_g++-4.8,1:25.93,6496,1916,1744,100.0,0.0,1,5,1:25,0,12,556,0,227,0,1916,327,2,277,48,0,12.8,0.8,0.0,86.5,0.0,0.0,0.0,0.0,15794.9 MiB,4055.1 MiB,2185.2 MiB,9554.6 MiB,4096.0 MiB,3447.7 MiB,648.2 MiB,13020.3 MiB
9,g++-4.8 4.8.5,nbody_2.c 50000000,0,1695317122,2965442,nbody_2_g++-4.8,0:00.16,6496,2000,1824,93.8,0.0,1,6,0:00,0,12,556,0,230,0,2000,328,2,278,48,0,13.6,0.8,0.0,85.6,0.0,0.0,0.0,0.0,15794.9 MiB,4052.1 MiB,2181.1 MiB,9561.6 MiB,4096.0 MiB,3447.7 MiB,648.2 MiB,13017.3 MiB
9,g++-4.8 4.8.5,nbody_2.c 50000000,1,1695317123,2965442,nbody_2_g++-4.8,0:01.34,6496,2000,1824,100.0,0.0,1,6,0:01,0,12,556,0,230,0,2000,328,2,278,48,0,12.8,1.5,0.0,85.7,0.0,0.0,0.0,0.0,15794.9 MiB,4052.4 MiB,2180.9 MiB,9561.6 MiB,4096.0 MiB,3447.7 MiB,648.2 MiB,13017.6 MiB
9,g++-4.8 4.8.5,nbody_2.c 50000000,2,1695317124,2965442,nbody_2_g++-4.8,0:02.51,6496,2000,1824,100.0,0.0,1,6,0:02,0,12,556,0,230,0,2000,328,2,278,48,0,12.8,1.5,0.0,85.7,0.0,0.0,0.0,0.0,15794.9 MiB,4055.3 MiB,2184.8 MiB,9554.8 MiB,4096.0 MiB,3447.7 MiB,648.2 MiB,13020.5 MiB
9,g++-4.8 4.8.5,nbody_2.c 50000000,3,1695317125,2965442,nbody_2_g++-4.8,0:03.69,6496,2000,1824,100.0,0.0,1,6,0:03,0,12,556,0,230,0,2000,328,2,278,48,0,12.7,1.5,0.0,85.8,0.0,0.0,0.0,0.0,15794.9 MiB,4055.3 MiB,2184.8 MiB,9554.8 MiB,4096.0 MiB,3447.7 MiB,648.2 MiB,13020.5 MiB
9,g++-4.8 4.8.5,nbody_2.c 50000000,4,1695317126,2965442,nbody_2_g++-4.8,0:04.86,6496,2000,1824,93.8,0.0,1,6,0:04,0,12,556,0,230,0,2000,328,2,278,48,0,12.3,0.8,0.0,86.9,0.0,0.0,0.0,0.0,15794.9 MiB,4055.3 MiB,2184.8 MiB,9554.8 MiB,4096.0 MiB,3447.7 MiB,648.2 MiB,13020.5 MiB
9,g++-4.8 4.8.5,nbody_2.c 50000000,5,1695317128,2965442,nbody_2_g++-4.8,0:06.04,6496,2000,1824,100.0,0.0,1,2,0:06,0,12,556,0,230,0,2000,328,2,278,48,0,13.4,1.5,0.0,85.1,0.0,0.0,0.0,0.0,15794.9 MiB,4055.3 MiB,2184.8 MiB,9554.8 MiB,4096.0 MiB,3447.7 MiB,648.2 MiB,13020.5 MiB
9,g++-4.8 4.8.5,nbody_2.c 50000000,6,1695317129,2965442,nbody_2_g++-4.8,0:07.21,6496,2000,1824,100.0,0.0,1,2,0:07,0,12,556,0,230,0,2000,328,2,278,48,0,13.5,0.8,0.0,85.7,0.0,0.0,0.0,0.0,15794.9 MiB,4055.1 MiB,2185.0 MiB,9554.8 MiB,4096.0 MiB,3447.7 MiB,648.2 MiB,13020.3 MiB
9,g++-4.8 4.8.5,nbody_2.c 50000000,7,1695317130,2965442,nbody_2_g++-4.8,0:08.39,6496,2000,1824,100.0,0.0,1,2,0:08,0,12,556,0,230,0,2000,328,2,278,48,0,13.4,1.5,0.0,85.1,0.0,0.0,0.0,0.0,15794.9 MiB,4054.8 MiB,2185.3 MiB,9554.8 MiB,4096.0 MiB,3447.7 MiB,648.2 MiB,13020.1 MiB
9,g++-4.8 4.8.5,nbody_2.c 50000000,8,1695317131,2965442,nbody_2_g++-4.8,0:09.56,6496,2000,1824,93.8,0.0,1,2,0:09,0,12,556,0,230,0,2000,328,2,278,48,0,13.5,0.8,0.0,85.7,0.0,0.0,0.0,0.0,15794.9 MiB,4054.8 MiB,2185.3 MiB,9554.8 MiB,4096.0 MiB,3447.7 MiB,648.2 MiB,13020.1 MiB
9,g++-4.8 4.8.5,nbody_2.c 50000000,9,1695317132,2965442,nbody_2_g++-4.8,0:10.74,6496,2000,1824,100.0,0.0,1,2,0:10,0,12,556,0,230,0,2000,328,2,278,48,0,13.5,0.8,0.0,85.7,0.0,0.0,0.0,0.0,15794.9 MiB,4054.6 MiB,2185.5 MiB,9554.8 MiB,4096.0 MiB,3447.7 MiB,648.2 MiB,13019.8 MiB
9,g++-4.8 4.8.5,nbody_2.c 50000000,10,1695317133,2965442,nbody_2_g++-4.8,0:11.91,6496,2000,1824,100.0,0.0,1,2,0:11,0,12,556,0,230,0,2000,328,2,278,48,0,13.5,0.8,0.0,85.7,0.0,0.0,0.0,0.0,15794.9 MiB,4055.3 MiB,2184.8 MiB,9554.8 MiB,4096.0 MiB,3447.7 MiB,648.2 MiB,13020.6 MiB
9,g++-4.8 4.8.5,nbody_2.c 50000000,11,1695317135,2965442,nbody_2_g++-4.8,0:13.08,6496,2000,1824,100.0,0.0,1,2,0:13,0,12,556,0,230,0,2000,328,2,278,48,0,13.0,0.8,0.0,86.3,0.0,0.0,0.0,0.0,15794.9 MiB,4054.8 MiB,2185.3 MiB,9554.8 MiB,4096.0 MiB,3447.7 MiB,648.2 MiB,13020.1 MiB
9,g++-4.8 4.8.5,nbody_2.c 50000000,12,1695317136,2965442,nbody_2_g++-4.8,0:14.26,6496,2000,1824,100.0,0.0,1,6,0:14,0,12,556,0,230,0,2000,328,2,278,48,0,12.2,0.8,0.0,87.0,0.0,0.0,0.0,0.0,15794.9 MiB,4054.3 MiB,2185.8 MiB,9554.8 MiB,4096.0 MiB,3447.7 MiB,648.2 MiB,13019.6 MiB
9,g++-4.8 4.8.5,nbody_2.c 50000000,13,1695317137,2965442,nbody_2_g++-4.8,0:15.43,6496,2000,1824,93.8,0.0,1,6,0:15,0,12,556,0,230,0,2000,328,2,278,48,0,13.5,0.8,0.0,85.7,0.0,0.0,0.0,0.0,15794.9 MiB,4055.3 MiB,2184.8 MiB,9554.8 MiB,4096.0 MiB,3447.7 MiB,648.2 MiB,13020.6 MiB
9,g++-4.8 4.8.5,nbody_2.c 50000000,14,1695317138,2965442,nbody_2_g++-4.8,0:16.61,6496,2000,1824,100.0,0.0,1,6,0:16,0,12,556,0,230,0,2000,328,2,278,48,0,12.8,1.5,0.0,85.7,0.0,0.0,0.0,0.0,15794.9 MiB,4055.6 MiB,2184.5 MiB,9554.8 MiB,4096.0 MiB,3447.7 MiB,648.2 MiB,13020.8 MiB
9,g++-4.8 4.8.5,nbody_2.c 50000000,15,1695317139,2965442,nbody_2_g++-4.8,0:17.78,6496,2000,1824,100.0,0.0,1,6,0:17,0,12,556,0,230,0,2000,328,2,278,48,0,12.8,0.8,0.0,86.5,0.0,0.0,0.0,0.0,15794.9 MiB,4055.1 MiB,2185.0 MiB,9554.8 MiB,4096.0 MiB,3447.7 MiB,648.2 MiB,13020.3 MiB
9,g++-4.8 4.8.5,nbody_2.c 50000000,16,1695317140,2965442,nbody_2_g++-4.8,0:18.96,6496,2000,1824,100.0,0.0,1,6,0:18,0,12,556,0,230,0,2000,328,2,278,48,0,13.5,0.8,0.0,85.7,0.0,0.0,0.0,0.0,15794.9 MiB,4054.8 MiB,2185.3 MiB,9554.8 MiB,4096.0 MiB,3447.7 MiB,648.2 MiB,13020.1 MiB
9,g++-4.8 4.8.5,nbody_2.c 50000000,17,1695317142,2965442,nbody_2_g++-4.8,0:20.13,6496,2000,1824,100.0,0.0,1,6,0:20,0,12,556,0,230,0,2000,328,2,278,48,0,13.4,1.5,0.0,85.1,0.0,0.0,0.0,0.0,15794.9 MiB,4055.3 MiB,2184.8 MiB,9554.8 MiB,4096.0 MiB,3447.7 MiB,648.2 MiB,13020.6 MiB
9,g++-4.8 4.8.5,nbody_2.c 50000000,18,1695317143,2965442,nbody_2_g++-4.8,0:21.30,6496,2000,1824,93.8,0.0,1,6,0:21,0,12,556,0,230,0,2000,328,2,278,48,0,12.8,1.5,0.0,85.7,0.0,0.0,0.0,0.0,15794.9 MiB,4055.3 MiB,2184.8 MiB,9554.8 MiB,4096.0 MiB,3447.7 MiB,648.2 MiB,13020.6 MiB
9,g++-4.8 4.8.5,nbody_2.c 50000000,19,1695317144,2965442,nbody_2_g++-4.8,0:22.48,6496,2000,1824,100.0,0.0,1,2,0:22,0,12,556,0,230,0,2000,328,2,278,48,0,12.0,1.5,0.0,86.5,0.0,0.0,0.0,0.0,15794.9 MiB,4055.3 MiB,2184.8 MiB,9554.8 MiB,4096.0 MiB,3447.7 MiB,648.2 MiB,13020.6 MiB
9,g++-4.8 4.8.5,nbody_2.c 50000000,20,1695317145,2965442,nbody_2_g++-4.8,0:23.66,6496,2000,1824,100.0,0.0,1,2,0:23,0,12,556,0,230,0,2000,329,2,279,48,0,14.3,1.5,0.0,84.2,0.0,0.0,0.0,0.0,15794.9 MiB,4052.9 MiB,2187.2 MiB,9554.8 MiB,4096.0 MiB,3447.7 MiB,648.2 MiB,13018.1 MiB
9,g++-4.8 4.8.5,nbody_2.c 50000000,21,1695317146,2965442,nbody_2_g++-4.8,0:24.83,6496,2000,1824,100.0,0.0,1,2,0:24,0,12,556,0,230,0,2000,328,2,278,48,0,12.9,0.8,0.0,86.4,0.0,0.0,0.0,0.0,15794.9 MiB,4052.9 MiB,2187.2 MiB,9554.8 MiB,4096.0 MiB,3447.7 MiB,648.2 MiB,13018.1 MiB
9,g++-4.8 4.8.5,nbody_2.c 50000000,22,1695317147,2965442,nbody_2_g++-4.8,0:26.00,6496,2000,1824,100.0,0.0,1,2,0:26,0,12,556,0,230,0,2000,328,2,278,48,0,13.0,0.8,0.0,86.3,0.0,0.0,0.0,0.0,15794.9 MiB,4052.9 MiB,2187.2 MiB,9554.8 MiB,4096.0 MiB,3447.7 MiB,648.2 MiB,13018.1 MiB
9,g++-4.8 4.8.5,nbody_2.c 50000000,23,1695317149,2965442,nbody_2_g++-4.8,0:27.18,6496,2000,1824,100.0,0.0,1,2,0:27,0,12,556,0,230,0,2000,328,2,278,48,0,13.3,1.5,0.0,84.4,0.0,0.0,0.7,0.0,15794.9 MiB,4052.9 MiB,2187.2 MiB,9554.8 MiB,4096.0 MiB,3447.7 MiB,648.2 MiB,13018.1 MiB
9,g++-4.8 4.8.5,nbody_2.c 50000000,24,1695317150,2965442,nbody_2_g++-4.8,0:28.36,6496,2000,1824,100.0,0.0,1,6,0:28,0,12,556,0,230,0,2000,328,2,278,48,0,13.4,0.7,0.0,85.8,0.0,0.0,0.0,0.0,15794.9 MiB,4052.9 MiB,2187.2 MiB,9554.8 MiB,4096.0 MiB,3447.7 MiB,648.2 MiB,13018.1 MiB
9,g++-4.8 4.8.5,nbody_2.c 50000000,25,1695317151,2965442,nbody_2_g++-4.8,0:29.53,6496,2000,1824,100.0,0.0,1,6,0:29,0,12,556,0,230,0,2000,328,2,278,48,0,12.8,1.5,0.0,85.7,0.0,0.0,0.0,0.0,15794.9 MiB,4052.9 MiB,2187.2 MiB,9554.8 MiB,4096.0 MiB,3447.7 MiB,648.2 MiB,13018.1 MiB
9,g++-4.8 4.8.5,nbody_2.c 50000000,26,1695317152,2965442,nbody_2_g++-4.8,0:30.70,6496,2000,1824,100.0,0.0,1,2,0:30,0,12,556,0,230,0,2000,328,2,278,48,0,12.9,0.8,0.0,86.4,0.0,0.0,0.0,0.0,15794.9 MiB,4052.9 MiB,2187.2 MiB,9554.8 MiB,4096.0 MiB,3447.7 MiB,648.2 MiB,13018.1 MiB
9,g++-4.8 4.8.5,nbody_2.c 50000000,27,1695317153,2965442,nbody_2_g++-4.8,0:31.88,6496,2000,1824,100.0,0.0,1,2,0:31,0,12,556,0,230,0,2000,328,2,278,48,0,12.8,1.5,0.0,85.7,0.0,0.0,0.0,0.0,15794.9 MiB,4052.6 MiB,2187.4 MiB,9554.8 MiB,4096.0 MiB,3447.7 MiB,648.2 MiB,13017.9 MiB
9,g++-4.8 4.8.5,nbody_2.c 50000000,28,1695317155,2965442,nbody_2_g++-4.8,0:33.05,6496,2000,1824,100.0,0.0,1,6,0:33,0,12,556,0,230,0,2000,328,2,278,48,0,12.1,1.5,0.0,86.4,0.0,0.0,0.0,0.0,15794.9 MiB,4052.4 MiB,2187.7 MiB,9554.8 MiB,4096.0 MiB,3447.7 MiB,648.2 MiB,13017.6 MiB
9,g++-4.8 4.8.5,nbody_2.c 50000000,29,1695317156,2965442,nbody_2_g++-4.8,0:34.23,6496,2000,1824,100.0,0.0,1,6,0:34,0,12,556,0,230,0,2000,328,2,278,48,0,13.4,1.5,0.0,85.1,0.0,0.0,0.0,0.0,15794.9 MiB,4052.4 MiB,2187.7 MiB,9554.8 MiB,4096.0 MiB,3447.7 MiB,648.2 MiB,13017.6 MiB
9,g++-4.8 4.8.5,nbody_2.c 50000000,30,1695317157,2965442,nbody_2_g++-4.8,0:35.40,6496,2000,1824,100.0,0.0,1,6,0:35,0,12,556,0,230,0,2000,328,2,278,48,0,12.7,1.5,0.0,85.1,0.7,0.0,0.0,0.0,15794.9 MiB,4052.1 MiB,2187.9 MiB,9554.8 MiB,4096.0 MiB,3447.7 MiB,648.2 MiB,13017.4 MiB
9,g++-4.8 4.8.5,nbody_2.c 50000000,31,1695317158,2965442,nbody_2_g++-4.8,0:36.58,6496,2000,1824,100.0,0.0,1,2,0:36,0,12,556,0,230,0,2000,328,2,278,48,0,12.8,1.5,0.0,85.7,0.0,0.0,0.0,0.0,15794.9 MiB,4052.1 MiB,2187.9 MiB,9554.8 MiB,4096.0 MiB,3447.7 MiB,648.2 MiB,13017.4 MiB
9,g++-4.8 4.8.5,nbody_2.c 50000000,32,1695317159,2965442,nbody_2_g++-4.8,0:37.75,6496,2000,1824,100.0,0.0,1,6,0:37,0,12,556,0,230,0,2000,328,2,278,48,0,12.9,0.8,0.0,86.4,0.0,0.0,0.0,0.0,15794.9 MiB,4052.1 MiB,2187.9 MiB,9554.8 MiB,4096.0 MiB,3447.7 MiB,648.2 MiB,13017.4 MiB
9,g++-4.8 4.8.5,nbody_2.c 50000000,33,1695317160,2965442,nbody_2_g++-4.8,0:38.93,6496,2000,1824,100.0,0.0,1,6,0:38,0,12,556,0,230,0,2000,328,2,278,48,0,14.2,0.7,0.0,85.1,0.0,0.0,0.0,0.0,15794.9 MiB,4052.4 MiB,2187.6 MiB,9554.9 MiB,4096.0 MiB,3447.7 MiB,648.2 MiB,13017.6 MiB
9,g++-4.8 4.8.5,nbody_2.c 50000000,34,1695317162,2965442,nbody_2_g++-4.8,0:40.10,6496,2000,1824,100.0,0.0,1,6,0:40,0,12,556,0,230,0,2000,328,2,278,48,0,12.8,0.8,0.0,86.5,0.0,0.0,0.0,0.0,15794.9 MiB,4052.4 MiB,2187.6 MiB,9554.9 MiB,4096.0 MiB,3447.7 MiB,648.2 MiB,13017.6 MiB
9,g++-4.8 4.8.5,nbody_2.c 50000000,35,1695317163,2965442,nbody_2_g++-4.8,0:41.27,6496,2000,1824,93.8,0.0,1,6,0:41,0,12,556,0,230,0,2000,328,2,278,48,0,12.8,1.5,0.0,85.0,0.0,0.0,0.8,0.0,15794.9 MiB,4051.6 MiB,2188.4 MiB,9554.8 MiB,4096.0 MiB,3447.7 MiB,648.2 MiB,13016.9 MiB
9,g++-4.8 4.8.5,nbody_2.c 50000000,36,1695317164,2965442,nbody_2_g++-4.8,0:42.45,6496,2000,1824,100.0,0.0,1,6,0:42,0,12,556,0,230,0,2000,328,2,278,48,0,13.5,0.8,0.0,85.7,0.0,0.0,0.0,0.0,15794.9 MiB,4051.6 MiB,2188.4 MiB,9554.8 MiB,4096.0 MiB,3447.7 MiB,648.2 MiB,13016.9 MiB
9,g++-4.8 4.8.5,nbody_2.c 50000000,37,1695317165,2965442,nbody_2_g++-4.8,0:43.63,6496,2000,1824,100.0,0.0,1,2,0:43,0,12,556,0,230,0,2000,328,2,278,48,0,13.5,0.8,0.0,85.7,0.0,0.0,0.0,0.0,15794.9 MiB,4051.6 MiB,2188.4 MiB,9554.8 MiB,4096.0 MiB,3447.7 MiB,648.2 MiB,13016.9 MiB
9,g++-4.8 4.8.5,nbody_2.c 50000000,38,1695317166,2965442,nbody_2_g++-4.8,0:44.80,6496,2000,1824,100.0,0.0,1,2,0:44,0,12,556,0,230,0,2000,328,2,278,48,0,12.8,1.5,0.0,85.7,0.0,0.0,0.0,0.0,15794.9 MiB,4052.4 MiB,2187.7 MiB,9554.8 MiB,4096.0 MiB,3447.7 MiB,648.2 MiB,13017.7 MiB
9,g++-4.8 4.8.5,nbody_2.c 50000000,39,1695317167,2965442,nbody_2_g++-4.8,0:45.97,6496,2000,1824,93.8,0.0,1,2,0:45,0,12,556,0,230,0,2000,328,2,278,48,0,12.1,0.8,0.0,87.1,0.0,0.0,0.0,0.0,15794.9 MiB,4052.1 MiB,2187.9 MiB,9554.8 MiB,4096.0 MiB,3447.7 MiB,648.2 MiB,13017.4 MiB
9,g++-4.8 4.8.5,nbody_2.c 50000000,40,1695317169,2965442,nbody_2_g++-4.8,0:47.15,6496,2000,1824,100.0,0.0,1,2,0:47,0,12,556,0,230,0,2000,328,2,278,48,0,13.4,1.5,0.0,85.1,0.0,0.0,0.0,0.0,15794.9 MiB,4051.2 MiB,2188.9 MiB,9554.8 MiB,4096.0 MiB,3447.7 MiB,648.2 MiB,13016.4 MiB
9,g++-4.8 4.8.5,nbody_2.c 50000000,41,1695317170,2965442,nbody_2_g++-4.8,0:48.33,6496,2000,1824,100.0,0.0,1,2,0:48,0,12,556,0,230,0,2000,328,2,278,48,0,12.8,1.5,0.0,85.7,0.0,0.0,0.0,0.0,15794.9 MiB,4050.2 MiB,2189.9 MiB,9554.8 MiB,4096.0 MiB,3447.7 MiB,648.2 MiB,13015.4 MiB
9,g++-4.8 4.8.5,nbody_2.c 50000000,42,1695317171,2965442,nbody_2_g++-4.8,0:49.50,6496,2000,1824,100.0,0.0,1,6,0:49,0,12,556,0,230,0,2000,328,2,278,48,0,12.8,0.8,0.0,86.5,0.0,0.0,0.0,0.0,15794.9 MiB,4050.2 MiB,2189.9 MiB,9554.8 MiB,4096.0 MiB,3447.7 MiB,648.2 MiB,13015.4 MiB
9,g++-4.8 4.8.5,nbody_2.c 50000000,43,1695317172,2965442,nbody_2_g++-4.8,0:50.67,6496,2000,1824,100.0,0.0,1,6,0:50,0,12,556,0,230,0,2000,328,2,278,48,0,13.6,0.0,0.0,86.4,0.0,0.0,0.0,0.0,15794.9 MiB,4050.2 MiB,2189.9 MiB,9554.8 MiB,4096.0 MiB,3447.7 MiB,648.2 MiB,13015.4 MiB
9,g++-4.8 4.8.5,nbody_2.c 50000000,44,1695317173,2965442,nbody_2_g++-4.8,0:51.85,6496,2000,1824,100.0,0.0,1,6,0:51,0,12,556,0,230,0,2000,328,2,278,48,0,12.8,1.5,0.0,85.7,0.0,0.0,0.0,0.0,15794.9 MiB,4049.9 MiB,2190.1 MiB,9554.8 MiB,4096.0 MiB,3447.7 MiB,648.2 MiB,13015.2 MiB
9,g++-4.8 4.8.5,nbody_2.c 50000000,45,1695317175,2965442,nbody_2_g++-4.8,0:53.02,6496,2000,1824,100.0,0.0,1,6,0:53,0,12,556,0,230,0,2000,328,2,278,48,0,13.0,0.8,0.0,86.3,0.0,0.0,0.0,0.0,15794.9 MiB,4049.9 MiB,2190.1 MiB,9554.8 MiB,4096.0 MiB,3447.7 MiB,648.2 MiB,13015.2 MiB
9,g++-4.8 4.8.5,nbody_2.c 50000000,46,1695317176,2965442,nbody_2_g++-4.8,0:54.19,6496,2000,1824,100.0,0.0,1,6,0:54,0,12,556,0,230,0,2000,328,2,278,48,0,13.0,0.0,0.0,87.0,0.0,0.0,0.0,0.0,15794.9 MiB,4049.9 MiB,2190.1 MiB,9554.8 MiB,4096.0 MiB,3447.7 MiB,648.2 MiB,13015.2 MiB
9,g++-4.8 4.8.5,nbody_2.c 50000000,47,1695317177,2965442,nbody_2_g++-4.8,0:55.37,6496,2000,1824,100.0,0.0,1,6,0:55,0,12,556,0,230,0,2000,328,2,278,48,0,12.9,0.8,0.0,86.4,0.0,0.0,0.0,0.0,15794.9 MiB,4049.4 MiB,2190.6 MiB,9554.8 MiB,4096.0 MiB,3447.7 MiB,648.2 MiB,13014.7 MiB
9,g++-4.8 4.8.5,nbody_2.c 50000000,48,1695317178,2965442,nbody_2_g++-4.8,0:56.54,6496,2000,1824,93.8,0.0,1,6,0:56,0,12,556,0,230,0,2000,328,2,278,48,0,12.9,1.5,0.0,85.6,0.0,0.0,0.0,0.0,15794.9 MiB,4049.2 MiB,2190.9 MiB,9554.8 MiB,4096.0 MiB,3447.7 MiB,648.2 MiB,13014.5 MiB
9,g++-4.8 4.8.5,nbody_2.c 50000000,49,1695317179,2965442,nbody_2_g++-4.8,0:57.72,6496,2000,1824,100.0,0.0,1,2,0:57,0,12,556,0,230,0,2000,328,2,278,48,0,13.5,0.8,0.0,85.7,0.0,0.0,0.0,0.0,15794.9 MiB,4049.2 MiB,2190.9 MiB,9554.8 MiB,4096.0 MiB,3447.7 MiB,648.2 MiB,13014.5 MiB
9,g++-4.8 4.8.5,nbody_2.c 50000000,50,1695317180,2965442,nbody_2_g++-4.8,0:58.89,6496,2000,1824,100.0,0.0,1,2,0:58,0,12,556,0,230,0,2000,328,2,278,48,0,12.2,1.5,0.0,86.3,0.0,0.0,0.0,0.0,15794.9 MiB,4048.9 MiB,2191.1 MiB,9554.8 MiB,4096.0 MiB,3447.7 MiB,648.2 MiB,13014.2 MiB
9,g++-4.8 4.8.5,nbody_2.c 50000000,51,1695317182,2965442,nbody_2_g++-4.8,1:00.07,6496,2000,1824,100.0,0.0,1,2,1:00,0,12,556,0,230,0,2000,328,2,278,48,0,13.5,0.8,0.0,85.7,0.0,0.0,0.0,0.0,15794.9 MiB,4048.9 MiB,2191.1 MiB,9554.8 MiB,4096.0 MiB,3447.7 MiB,648.2 MiB,13014.2 MiB
9,g++-4.8 4.8.5,nbody_2.c 50000000,52,1695317183,2965442,nbody_2_g++-4.8,1:01.24,6496,2000,1824,100.0,0.0,1,2,1:01,0,12,556,0,230,0,2000,328,2,278,48,0,13.5,0.8,0.0,85.7,0.0,0.0,0.0,0.0,15794.9 MiB,4049.2 MiB,2190.8 MiB,9554.8 MiB,4096.0 MiB,3447.7 MiB,648.2 MiB,13014.5 MiB
9,g++-4.8 4.8.5,nbody_2.c 50000000,53,1695317184,2965442,nbody_2_g++-4.8,1:02.41,6496,2000,1824,93.8,0.0,1,2,1:02,0,12,556,0,230,0,2000,328,2,278,48,0,14.1,1.5,0.0,84.4,0.0,0.0,0.0,0.0,15794.9 MiB,4049.2 MiB,2190.8 MiB,9554.8 MiB,4096.0 MiB,3447.7 MiB,648.2 MiB,13014.5 MiB
9,g++-4.8 4.8.5,nbody_2.c 50000000,54,1695317185,2965442,nbody_2_g++-4.8,1:03.59,6496,2000,1824,100.0,0.0,1,2,1:03,0,12,556,0,230,0,2000,328,2,278,48,0,12.8,1.5,0.0,85.7,0.0,0.0,0.0,0.0,15794.9 MiB,4050.2 MiB,2189.9 MiB,9554.8 MiB,4096.0 MiB,3447.7 MiB,648.2 MiB,13015.5 MiB
9,g++-4.8 4.8.5,nbody_2.c 50000000,55,1695317186,2965442,nbody_2_g++-4.8,1:04.76,6496,2000,1824,100.0,0.0,1,2,1:04,0,12,556,0,230,0,2000,328,2,278,48,0,13.5,0.8,0.0,85.7,0.0,0.0,0.0,0.0,15794.9 MiB,4050.2 MiB,2189.9 MiB,9554.8 MiB,4096.0 MiB,3447.7 MiB,648.2 MiB,13015.5 MiB
9,g++-4.8 4.8.5,nbody_2.c 50000000,56,1695317187,2965442,nbody_2_g++-4.8,1:05.94,6496,2000,1824,100.0,0.0,1,2,1:05,0,12,556,0,230,0,2000,328,3,277,48,0,12.9,0.8,0.0,86.4,0.0,0.0,0.0,0.0,15794.9 MiB,4049.9 MiB,2190.1 MiB,9554.8 MiB,4096.0 MiB,3447.7 MiB,648.2 MiB,13015.2 MiB
9,g++-4.8 4.8.5,nbody_2.c 50000000,57,1695317189,2965442,nbody_2_g++-4.8,1:07.11,6496,2000,1824,93.8,0.0,1,2,1:07,0,12,556,0,230,0,2000,328,2,278,48,0,13.5,0.8,0.0,85.7,0.0,0.0,0.0,0.0,15794.9 MiB,4049.4 MiB,2190.6 MiB,9554.8 MiB,4096.0 MiB,3447.7 MiB,648.2 MiB,13014.7 MiB
9,g++-4.8 4.8.5,nbody_2.c 50000000,58,1695317190,2965442,nbody_2_g++-4.8,1:08.29,6496,2000,1824,100.0,0.0,1,2,1:08,0,12,556,0,230,0,2000,328,2,278,48,0,12.8,1.5,0.0,85.7,0.0,0.0,0.0,0.0,15794.9 MiB,4049.4 MiB,2190.6 MiB,9554.8 MiB,4096.0 MiB,3447.7 MiB,648.2 MiB,13014.7 MiB
9,g++-4.8 4.8.5,nbody_2.c 50000000,59,1695317191,2965442,nbody_2_g++-4.8,1:09.46,6496,2000,1824,100.0,0.0,1,2,1:09,0,12,556,0,230,0,2000,328,2,278,48,0,12.8,1.5,0.0,85.7,0.0,0.0,0.0,0.0,15794.9 MiB,4049.9 MiB,2190.1 MiB,9554.8 MiB,4096.0 MiB,3447.7 MiB,648.2 MiB,13015.2 MiB
9,g++-4.8 4.8.5,nbody_2.c 50000000,60,1695317192,2965442,nbody_2_g++-4.8,1:10.64,6496,2000,1824,100.0,0.0,1,2,1:10,0,12,556,0,230,0,2000,328,2,278,48,0,13.5,1.5,0.0,85.0,0.0,0.0,0.0,0.0,15794.9 MiB,4049.9 MiB,2190.1 MiB,9554.9 MiB,4096.0 MiB,3447.7 MiB,648.2 MiB,13015.2 MiB
9,g++-4.8 4.8.5,nbody_2.c 50000000,61,1695317193,2965442,nbody_2_g++-4.8,1:11.81,6496,2000,1824,100.0,0.0,1,2,1:11,0,12,556,0,230,0,2000,328,2,278,48,0,12.9,0.8,0.0,86.4,0.0,0.0,0.0,0.0,15794.9 MiB,4049.4 MiB,2190.6 MiB,9554.9 MiB,4096.0 MiB,3447.7 MiB,648.2 MiB,13014.8 MiB
9,g++-4.8 4.8.5,nbody_2.c 50000000,62,1695317194,2965442,nbody_2_g++-4.8,1:12.98,6496,2000,1824,100.0,0.0,1,6,1:12,0,12,556,0,230,0,2000,328,3,277,48,0,12.9,0.8,0.0,86.4,0.0,0.0,0.0,0.0,15794.9 MiB,4049.4 MiB,2190.6 MiB,9554.9 MiB,4096.0 MiB,3447.7 MiB,648.2 MiB,13014.8 MiB
9,g++-4.8 4.8.5,nbody_2.c 50000000,63,1695317196,2965442,nbody_2_g++-4.8,1:14.16,6496,2000,1824,100.0,0.0,1,6,1:14,0,12,556,0,230,0,2000,328,2,278,48,0,12.9,0.8,0.0,86.4,0.0,0.0,0.0,0.0,15794.9 MiB,4049.4 MiB,2190.6 MiB,9554.9 MiB,4096.0 MiB,3447.7 MiB,648.2 MiB,13014.8 MiB
9,g++-4.8 4.8.5,nbody_2.c 50000000,64,1695317197,2965442,nbody_2_g++-4.8,1:15.33,6496,2000,1824,93.8,0.0,1,6,1:15,0,12,556,0,230,0,2000,328,2,278,48,0,12.1,0.8,0.0,87.1,0.0,0.0,0.0,0.0,15794.9 MiB,4049.7 MiB,2190.3 MiB,9554.9 MiB,4096.0 MiB,3447.7 MiB,648.2 MiB,13015.0 MiB
9,g++-4.8 4.8.5,nbody_2.c 50000000,65,1695317198,2965442,nbody_2_g++-4.8,1:16.51,6496,2000,1824,100.0,0.0,1,6,1:16,0,12,556,0,230,0,2000,328,2,278,48,0,12.9,0.8,0.0,86.4,0.0,0.0,0.0,0.0,15794.9 MiB,4049.2 MiB,2190.8 MiB,9554.9 MiB,4096.0 MiB,3447.7 MiB,648.2 MiB,13014.5 MiB
9,g++-4.8 4.8.5,nbody_2.c 50000000,66,1695317199,2965442,nbody_2_g++-4.8,1:17.68,6496,2000,1824,100.0,0.0,1,6,1:17,0,12,556,0,230,0,2000,328,2,278,48,0,13.6,0.0,0.0,86.4,0.0,0.0,0.0,0.0,15794.9 MiB,4049.2 MiB,2190.8 MiB,9554.9 MiB,4096.0 MiB,3447.7 MiB,648.2 MiB,13014.5 MiB
9,g++-4.8 4.8.5,nbody_2.c 50000000,67,1695317200,2965442,nbody_2_g++-4.8,1:18.86,6496,2000,1824,100.0,0.0,1,6,1:18,0,12,556,0,230,0,2000,328,2,278,48,0,12.9,0.8,0.0,86.4,0.0,0.0,0.0,0.0,15794.9 MiB,4049.2 MiB,2190.8 MiB,9554.9 MiB,4096.0 MiB,3447.7 MiB,648.2 MiB,13014.5 MiB
9,g++-4.8 4.8.5,nbody_2.c 50000000,68,1695317202,2965442,nbody_2_g++-4.8,1:20.03,6496,2000,1824,93.8,0.0,1,6,1:20,0,12,556,0,230,0,2000,328,2,278,48,0,12.9,0.0,0.0,87.1,0.0,0.0,0.0,0.0,15794.9 MiB,4048.9 MiB,2191.1 MiB,9554.9 MiB,4096.0 MiB,3447.7 MiB,648.2 MiB,13014.3 MiB
9,g++-4.8 4.8.5,nbody_2.c 50000000,69,1695317203,2965442,nbody_2_g++-4.8,1:21.21,6496,2000,1824,100.0,0.0,1,6,1:21,0,12,556,0,230,0,2000,328,2,278,48,0,13.5,0.0,0.0,85.7,0.8,0.0,0.0,0.0,15794.9 MiB,4048.9 MiB,2191.1 MiB,9554.9 MiB,4096.0 MiB,3447.7 MiB,648.2 MiB,13014.3 MiB
9,g++-4.8 4.8.5,nbody_2.c 50000000,70,1695317204,2965442,nbody_2_g++-4.8,1:22.38,6496,2000,1824,100.0,0.0,1,6,1:22,0,12,556,0,230,0,2000,328,2,278,48,0,12.9,0.8,0.0,86.4,0.0,0.0,0.0,0.0,15794.9 MiB,4048.7 MiB,2191.3 MiB,9554.9 MiB,4096.0 MiB,3447.7 MiB,648.2 MiB,13014.0 MiB
9,g++-4.8 4.8.5,nbody_2.c 50000000,71,1695317205,2965442,nbody_2_g++-4.8,1:23.56,6496,2000,1824,100.0,0.0,1,6,1:23,0,12,556,0,230,0,2000,328,2,278,48,0,12.8,1.5,0.0,85.7,0.0,0.0,0.0,0.0,15794.9 MiB,4047.7 MiB,2192.3 MiB,9554.9 MiB,4096.0 MiB,3447.7 MiB,648.2 MiB,13013.0 MiB
9,g++-4.8 4.8.5,nbody_2.c 50000000,72,1695317206,2965442,nbody_2_g++-4.8,1:24.73,6496,2000,1824,100.0,0.0,1,6,1:24,0,12,556,0,230,0,2000,328,2,278,48,0,12.8,0.8,0.0,86.5,0.0,0.0,0.0,0.0,15794.9 MiB,4047.7 MiB,2192.3 MiB,9554.9 MiB,4096.0 MiB,3447.7 MiB,648.2 MiB,13013.0 MiB
9,g++-4.8 4.8.5,nbody_2.c 50000000,73,1695317207,2965442,nbody_2_g++-4.8,1:25.91,6496,2000,1824,100.0,0.0,1,6,1:25,0,12,556,0,230,0,2000,328,2,278,48,0,13.5,0.8,0.0,85.7,0.0,0.0,0.0,0.0,15794.9 MiB,4047.5 MiB,2192.5 MiB,9554.9 MiB,4096.0 MiB,3447.7 MiB,648.2 MiB,13012.8 MiB
10,g++-4.8 4.8.5,nbody_2.c 50000000,0,1695317209,2965904,nbody_2_g++-4.8,0:00.16,6496,1996,1824,100.0,0.0,1,4,0:00,0,12,556,0,231,0,1996,328,2,278,48,0,13.1,0.8,0.0,86.2,0.0,0.0,0.0,0.0,15794.9 MiB,4047.0 MiB,2186.2 MiB,9561.7 MiB,4096.0 MiB,3447.7 MiB,648.2 MiB,13012.3 MiB
10,g++-4.8 4.8.5,nbody_2.c 50000000,1,1695317210,2965904,nbody_2_g++-4.8,0:01.33,6496,1996,1824,100.0,0.0,1,4,0:01,0,12,556,0,231,0,1996,328,2,278,48,0,12.1,1.5,0.0,86.4,0.0,0.0,0.0,0.0,15794.9 MiB,4047.0 MiB,2186.2 MiB,9561.7 MiB,4096.0 MiB,3447.7 MiB,648.2 MiB,13012.3 MiB
10,g++-4.8 4.8.5,nbody_2.c 50000000,2,1695317211,2965904,nbody_2_g++-4.8,0:02.50,6496,1996,1824,100.0,0.0,1,0,0:02,0,12,556,0,231,0,1996,328,2,278,48,0,12.9,0.8,0.0,86.4,0.0,0.0,0.0,0.0,15794.9 MiB,4052.9 MiB,2187.1 MiB,9554.9 MiB,4096.0 MiB,3447.7 MiB,648.2 MiB,13018.2 MiB
10,g++-4.8 4.8.5,nbody_2.c 50000000,3,1695317212,2965904,nbody_2_g++-4.8,0:03.68,6496,1996,1824,100.0,0.0,1,0,0:03,0,12,556,0,231,0,1996,328,2,278,48,0,12.3,0.8,0.0,86.9,0.0,0.0,0.0,0.0,15794.9 MiB,4052.6 MiB,2187.3 MiB,9554.9 MiB,4096.0 MiB,3447.7 MiB,648.2 MiB,13018.0 MiB
10,g++-4.8 4.8.5,nbody_2.c 50000000,4,1695317213,2965904,nbody_2_g++-4.8,0:04.85,6496,1996,1824,93.8,0.0,1,0,0:04,0,12,556,0,231,0,1996,328,2,278,48,0,12.8,0.8,0.0,86.5,0.0,0.0,0.0,0.0,15794.9 MiB,4052.6 MiB,2187.3 MiB,9554.9 MiB,4096.0 MiB,3447.7 MiB,648.2 MiB,13018.0 MiB
10,g++-4.8 4.8.5,nbody_2.c 50000000,5,1695317214,2965904,nbody_2_g++-4.8,0:06.03,6496,1996,1824,100.0,0.0,1,0,0:06,0,12,556,0,231,0,1996,328,2,278,48,0,12.9,1.5,0.0,85.6,0.0,0.0,0.0,0.0,15794.9 MiB,4052.6 MiB,2187.3 MiB,9554.9 MiB,4096.0 MiB,3447.7 MiB,648.2 MiB,13018.0 MiB
10,g++-4.8 4.8.5,nbody_2.c 50000000,6,1695317216,2965904,nbody_2_g++-4.8,0:07.20,6496,1996,1824,100.0,0.0,1,0,0:07,0,12,556,0,231,0,1996,328,2,278,48,0,12.2,0.8,0.0,87.0,0.0,0.0,0.0,0.0,15794.9 MiB,4053.4 MiB,2186.6 MiB,9554.9 MiB,4096.0 MiB,3447.7 MiB,648.2 MiB,13018.7 MiB
10,g++-4.8 4.8.5,nbody_2.c 50000000,7,1695317217,2965904,nbody_2_g++-4.8,0:08.38,6496,1996,1824,100.0,0.0,1,0,0:08,0,12,556,0,231,0,1996,328,2,278,48,0,12.8,0.8,0.0,86.5,0.0,0.0,0.0,0.0,15794.9 MiB,4053.1 MiB,2186.8 MiB,9554.9 MiB,4096.0 MiB,3447.7 MiB,648.2 MiB,13018.5 MiB
10,g++-4.8 4.8.5,nbody_2.c 50000000,8,1695317218,2965904,nbody_2_g++-4.8,0:09.55,6496,1996,1824,100.0,0.0,1,4,0:09,0,12,556,0,231,0,1996,328,2,278,48,0,13.4,1.5,0.0,85.1,0.0,0.0,0.0,0.0,15794.9 MiB,4053.6 MiB,2186.3 MiB,9554.9 MiB,4096.0 MiB,3447.7 MiB,648.2 MiB,13019.0 MiB
10,g++-4.8 4.8.5,nbody_2.c 50000000,9,1695317219,2965904,nbody_2_g++-4.8,0:10.73,6496,1996,1824,100.0,0.0,1,4,0:10,0,12,556,0,231,0,1996,328,2,278,48,0,13.4,1.5,0.0,85.1,0.0,0.0,0.0,0.0,15794.9 MiB,4053.9 MiB,2186.1 MiB,9554.9 MiB,4096.0 MiB,3447.7 MiB,648.2 MiB,13019.2 MiB
10,g++-4.8 4.8.5,nbody_2.c 50000000,10,1695317220,2965904,nbody_2_g++-4.8,0:11.90,6496,1996,1824,100.0,0.0,1,4,0:11,0,12,556,0,231,0,1996,328,2,278,48,0,13.6,0.8,0.0,85.6,0.0,0.0,0.0,0.0,15794.9 MiB,4053.6 MiB,2186.3 MiB,9554.9 MiB,4096.0 MiB,3447.7 MiB,648.2 MiB,13019.0 MiB
10,g++-4.8 4.8.5,nbody_2.c 50000000,11,1695317221,2965904,nbody_2_g++-4.8,0:13.08,6496,1996,1824,100.0,0.0,1,0,0:13,0,12,556,0,231,0,1996,328,2,278,48,0,12.9,0.8,0.0,86.4,0.0,0.0,0.0,0.0,15794.9 MiB,4053.4 MiB,2186.6 MiB,9554.9 MiB,4096.0 MiB,3447.7 MiB,648.2 MiB,13018.8 MiB
10,g++-4.8 4.8.5,nbody_2.c 50000000,12,1695317223,2965904,nbody_2_g++-4.8,0:14.25,6496,1996,1824,100.0,0.0,1,0,0:14,0,12,556,0,231,0,1996,328,2,278,48,0,12.7,1.5,0.0,85.8,0.0,0.0,0.0,0.0,15794.9 MiB,4053.1 MiB,2186.8 MiB,9554.9 MiB,4096.0 MiB,3447.7 MiB,648.2 MiB,13018.5 MiB
10,g++-4.8 4.8.5,nbody_2.c 50000000,13,1695317224,2965904,nbody_2_g++-4.8,0:15.42,6496,1996,1824,100.0,0.0,1,0,0:15,0,12,556,0,231,0,1996,328,2,278,48,0,13.5,0.8,0.0,85.7,0.0,0.0,0.0,0.0,15794.9 MiB,4053.1 MiB,2186.8 MiB,9554.9 MiB,4096.0 MiB,3447.7 MiB,648.2 MiB,13018.5 MiB
10,g++-4.8 4.8.5,nbody_2.c 50000000,14,1695317225,2965904,nbody_2_g++-4.8,0:16.60,6496,1996,1824,100.0,0.0,1,0,0:16,0,12,556,0,231,0,1996,328,2,278,48,0,12.2,0.8,0.0,87.0,0.0,0.0,0.0,0.0,15794.9 MiB,4053.1 MiB,2186.8 MiB,9554.9 MiB,4096.0 MiB,3447.7 MiB,648.2 MiB,13018.5 MiB
10,g++-4.8 4.8.5,nbody_2.c 50000000,15,1695317226,2965904,nbody_2_g++-4.8,0:17.78,6496,1996,1824,100.0,0.0,1,0,0:17,0,12,556,0,231,0,1996,328,2,278,48,0,13.4,0.7,0.0,85.8,0.0,0.0,0.0,0.0,15794.9 MiB,4054.6 MiB,2185.3 MiB,9554.9 MiB,4096.0 MiB,3447.7 MiB,648.2 MiB,13020.0 MiB
10,g++-4.8 4.8.5,nbody_2.c 50000000,16,1695317227,2965904,nbody_2_g++-4.8,0:18.95,6496,1996,1824,100.0,0.0,1,4,0:18,0,12,556,0,231,0,1996,328,2,278,48,0,12.1,1.5,0.0,86.4,0.0,0.0,0.0,0.0,15794.9 MiB,4053.9 MiB,2186.1 MiB,9554.9 MiB,4096.0 MiB,3447.7 MiB,648.2 MiB,13019.2 MiB
10,g++-4.8 4.8.5,nbody_2.c 50000000,17,1695317229,2965904,nbody_2_g++-4.8,0:20.12,6496,1996,1824,100.0,0.0,1,4,0:20,0,12,556,0,231,0,1996,328,2,278,48,0,14.3,0.8,0.0,85.0,0.0,0.0,0.0,0.0,15794.9 MiB,4053.4 MiB,2186.6 MiB,9554.9 MiB,4096.0 MiB,3447.7 MiB,648.2 MiB,13018.8 MiB
10,g++-4.8 4.8.5,nbody_2.c 50000000,18,1695317230,2965904,nbody_2_g++-4.8,0:21.30,6496,1996,1824,100.0,0.0,1,4,0:21,0,12,556,0,231,0,1996,328,2,278,48,0,13.6,0.8,0.0,85.6,0.0,0.0,0.0,0.0,15794.9 MiB,4053.4 MiB,2186.6 MiB,9554.9 MiB,4096.0 MiB,3447.7 MiB,648.2 MiB,13018.8 MiB
10,g++-4.8 4.8.5,nbody_2.c 50000000,19,1695317231,2965904,nbody_2_g++-4.8,0:22.47,6496,1996,1824,93.8,0.0,1,0,0:22,0,12,556,0,231,0,1996,328,2,278,48,0,13.0,0.0,0.0,87.0,0.0,0.0,0.0,0.0,15794.9 MiB,4053.4 MiB,2186.6 MiB,9554.9 MiB,4096.0 MiB,3447.7 MiB,648.2 MiB,13018.8 MiB
10,g++-4.8 4.8.5,nbody_2.c 50000000,20,1695317232,2965904,nbody_2_g++-4.8,0:23.65,6496,1996,1824,100.0,0.0,1,0,0:23,0,12,556,0,231,0,1996,328,2,278,48,0,12.2,0.8,0.0,87.0,0.0,0.0,0.0,0.0,15794.9 MiB,4053.4 MiB,2186.6 MiB,9554.9 MiB,4096.0 MiB,3447.7 MiB,648.2 MiB,13018.8 MiB
10,g++-4.8 4.8.5,nbody_2.c 50000000,21,1695317233,2965904,nbody_2_g++-4.8,0:24.82,6496,1996,1824,100.0,0.0,1,0,0:24,0,12,556,0,231,0,1996,328,2,278,48,0,12.3,0.8,0.0,86.9,0.0,0.0,0.0,0.0,15794.9 MiB,4053.9 MiB,2186.1 MiB,9554.9 MiB,4096.0 MiB,3447.7 MiB,648.2 MiB,13019.3 MiB
10,g++-4.8 4.8.5,nbody_2.c 50000000,22,1695317234,2965904,nbody_2_g++-4.8,0:26.00,6496,1996,1824,100.0,0.0,1,0,0:26,0,12,556,0,231,0,1996,328,2,278,48,0,12.9,0.8,0.0,86.4,0.0,0.0,0.0,0.0,15794.9 MiB,4053.9 MiB,2186.1 MiB,9554.9 MiB,4096.0 MiB,3447.7 MiB,648.2 MiB,13019.3 MiB
10,g++-4.8 4.8.5,nbody_2.c 50000000,23,1695317236,2965904,nbody_2_g++-4.8,0:27.17,6496,1996,1824,100.0,0.0,1,0,0:27,0,12,556,0,231,0,1996,328,2,278,48,0,13.0,0.8,0.0,86.3,0.0,0.0,0.0,0.0,15794.9 MiB,4054.6 MiB,2185.3 MiB,9554.9 MiB,4096.0 MiB,3447.7 MiB,648.2 MiB,13020.0 MiB
10,g++-4.8 4.8.5,nbody_2.c 50000000,24,1695317237,2965904,nbody_2_g++-4.8,0:28.34,6496,1996,1824,93.8,0.0,1,0,0:28,0,12,556,0,231,0,1996,328,2,278,48,0,12.8,1.5,0.0,85.7,0.0,0.0,0.0,0.0,15794.9 MiB,4054.6 MiB,2185.3 MiB,9554.9 MiB,4096.0 MiB,3447.7 MiB,648.2 MiB,13020.0 MiB
10,g++-4.8 4.8.5,nbody_2.c 50000000,25,1695317238,2965904,nbody_2_g++-4.8,0:29.52,6496,1996,1824,100.0,0.0,1,0,0:29,0,12,556,0,231,0,1996,328,2,278,48,0,13.5,0.8,0.0,85.7,0.0,0.0,0.0,0.0,15794.9 MiB,4055.1 MiB,2184.8 MiB,9555.0 MiB,4096.0 MiB,3447.7 MiB,648.2 MiB,13020.5 MiB
10,g++-4.8 4.8.5,nbody_2.c 50000000,26,1695317239,2965904,nbody_2_g++-4.8,0:30.69,6496,1996,1824,100.0,0.0,1,0,0:30,0,12,556,0,231,0,1996,328,2,278,48,0,12.8,1.5,0.0,85.7,0.0,0.0,0.0,0.0,15794.9 MiB,4054.4 MiB,2185.5 MiB,9555.0 MiB,4096.0 MiB,3447.7 MiB,648.2 MiB,13019.8 MiB
10,g++-4.8 4.8.5,nbody_2.c 50000000,27,1695317240,2965904,nbody_2_g++-4.8,0:31.87,6496,1996,1824,100.0,0.0,1,4,0:31,0,12,556,0,231,0,1996,328,2,278,48,0,12.8,0.8,0.0,86.5,0.0,0.0,0.0,0.0,15794.9 MiB,4054.6 MiB,2185.3 MiB,9555.0 MiB,4096.0 MiB,3447.7 MiB,648.2 MiB,13020.0 MiB
10,g++-4.8 4.8.5,nbody_2.c 50000000,28,1695317241,2965904,nbody_2_g++-4.8,0:33.04,6496,1996,1824,100.0,0.0,1,0,0:33,0,12,556,0,231,0,1996,328,2,278,48,0,13.5,0.8,0.0,85.7,0.0,0.0,0.0,0.0,15794.9 MiB,4054.1 MiB,2185.7 MiB,9555.0 MiB,4096.0 MiB,3447.7 MiB,648.2 MiB,13019.5 MiB
10,g++-4.8 4.8.5,nbody_2.c 50000000,29,1695317243,2965904,nbody_2_g++-4.8,0:34.22,6496,1996,1824,100.0,0.0,1,0,0:34,0,12,556,0,231,0,1996,328,2,278,48,0,13.4,0.7,0.0,85.8,0.0,0.0,0.0,0.0,15794.9 MiB,4054.4 MiB,2185.5 MiB,9555.0 MiB,4096.0 MiB,3447.7 MiB,648.2 MiB,13019.8 MiB
10,g++-4.8 4.8.5,nbody_2.c 50000000,30,1695317244,2965904,nbody_2_g++-4.8,0:35.39,6496,1996,1824,100.0,0.0,1,0,0:35,0,12,556,0,231,0,1996,328,2,278,48,0,13.0,0.8,0.0,86.3,0.0,0.0,0.0,0.0,15794.9 MiB,4054.1 MiB,2185.7 MiB,9555.0 MiB,4096.0 MiB,3447.7 MiB,648.2 MiB,13019.5 MiB
10,g++-4.8 4.8.5,nbody_2.c 50000000,31,1695317245,2965904,nbody_2_g++-4.8,0:36.57,6496,1996,1824,100.0,0.0,1,0,0:36,0,12,556,0,231,0,1996,328,2,278,48,0,13.5,0.8,0.0,85.7,0.0,0.0,0.0,0.0,15794.9 MiB,4054.9 MiB,2185.0 MiB,9555.0 MiB,4096.0 MiB,3447.7 MiB,648.2 MiB,13020.3 MiB
10,g++-4.8 4.8.5,nbody_2.c 50000000,32,1695317246,2965904,nbody_2_g++-4.8,0:37.74,6496,1996,1824,100.0,0.0,1,0,0:37,0,12,556,0,231,0,1996,328,2,278,48,0,13.0,0.8,0.0,86.3,0.0,0.0,0.0,0.0,15794.9 MiB,4054.9 MiB,2185.0 MiB,9555.0 MiB,4096.0 MiB,3447.7 MiB,648.2 MiB,13020.3 MiB
10,g++-4.8 4.8.5,nbody_2.c 50000000,33,1695317247,2965904,nbody_2_g++-4.8,0:38.91,6496,1996,1824,100.0,0.0,1,0,0:38,0,12,556,0,231,0,1996,328,3,277,48,0,13.4,1.5,0.0,85.1,0.0,0.0,0.0,0.0,15794.9 MiB,4054.9 MiB,2185.0 MiB,9555.0 MiB,4096.0 MiB,3447.7 MiB,648.2 MiB,13020.3 MiB
10,g++-4.8 4.8.5,nbody_2.c 50000000,34,1695317249,2965904,nbody_2_g++-4.8,0:40.09,6496,1996,1824,100.0,0.0,1,0,0:40,0,12,556,0,231,0,1996,328,2,278,48,0,13.0,0.8,0.0,86.3,0.0,0.0,0.0,0.0,15794.9 MiB,4054.9 MiB,2185.0 MiB,9555.0 MiB,4096.0 MiB,3447.7 MiB,648.2 MiB,13020.3 MiB
10,g++-4.8 4.8.5,nbody_2.c 50000000,35,1695317250,2965904,nbody_2_g++-4.8,0:41.26,6496,1996,1824,93.8,0.0,1,0,0:41,0,12,556,0,231,0,1996,328,2,278,48,0,13.7,0.0,0.0,86.3,0.0,0.0,0.0,0.0,15794.9 MiB,4054.6 MiB,2185.2 MiB,9555.0 MiB,4096.0 MiB,3447.7 MiB,648.2 MiB,13020.0 MiB
10,g++-4.8 4.8.5,nbody_2.c 50000000,36,1695317251,2965904,nbody_2_g++-4.8,0:42.44,6496,1996,1824,100.0,0.0,1,4,0:42,0,12,556,0,231,0,1996,328,2,278,48,0,13.0,0.8,0.0,86.3,0.0,0.0,0.0,0.0,15794.9 MiB,4054.1 MiB,2185.7 MiB,9555.0 MiB,4096.0 MiB,3447.7 MiB,648.2 MiB,13019.5 MiB
10,g++-4.8 4.8.5,nbody_2.c 50000000,37,1695317252,2965904,nbody_2_g++-4.8,0:43.61,6496,1996,1824,100.0,0.0,1,4,0:43,0,12,556,0,231,0,1996,328,2,278,48,0,12.8,1.5,0.0,85.7,0.0,0.0,0.0,0.0,15794.9 MiB,4054.1 MiB,2185.7 MiB,9555.0 MiB,4096.0 MiB,3447.7 MiB,648.2 MiB,13019.5 MiB
10,g++-4.8 4.8.5,nbody_2.c 50000000,38,1695317253,2965904,nbody_2_g++-4.8,0:44.79,6496,1996,1824,100.0,0.0,1,4,0:44,0,12,556,0,231,0,1996,328,2,278,48,0,12.1,0.8,0.0,87.1,0.0,0.0,0.0,0.0,15794.9 MiB,4054.6 MiB,2185.2 MiB,9555.0 MiB,4096.0 MiB,3447.7 MiB,648.2 MiB,13020.0 MiB
10,g++-4.8 4.8.5,nbody_2.c 50000000,39,1695317254,2965904,nbody_2_g++-4.8,0:45.96,6496,1996,1824,100.0,0.0,1,4,0:45,0,12,556,0,231,0,1996,328,2,278,48,0,13.5,0.8,0.0,85.7,0.0,0.0,0.0,0.0,15794.9 MiB,4054.9 MiB,2185.0 MiB,9555.0 MiB,4096.0 MiB,3447.7 MiB,648.2 MiB,13020.3 MiB
10,g++-4.8 4.8.5,nbody_2.c 50000000,40,1695317256,2965904,nbody_2_g++-4.8,0:47.14,6496,1996,1824,100.0,0.0,1,4,0:47,0,12,556,0,231,0,1996,328,2,278,48,0,13.4,0.7,0.0,85.8,0.0,0.0,0.0,0.0,15794.9 MiB,4054.9 MiB,2185.0 MiB,9555.0 MiB,4096.0 MiB,3447.7 MiB,648.2 MiB,13020.3 MiB
10,g++-4.8 4.8.5,nbody_2.c 50000000,41,1695317257,2965904,nbody_2_g++-4.8,0:48.31,6496,1996,1824,100.0,0.0,1,0,0:48,0,12,556,0,231,0,1996,328,2,278,48,0,12.9,0.8,0.0,86.4,0.0,0.0,0.0,0.0,15794.9 MiB,4056.9 MiB,2183.0 MiB,9555.0 MiB,4096.0 MiB,3447.7 MiB,648.2 MiB,13022.3 MiB
10,g++-4.8 4.8.5,nbody_2.c 50000000,42,1695317258,2965904,nbody_2_g++-4.8,0:49.49,6496,1996,1824,100.0,0.0,1,4,0:49,0,12,556,0,231,0,1996,328,2,278,48,0,12.2,0.8,0.0,87.0,0.0,0.0,0.0,0.0,15794.9 MiB,4056.6 MiB,2183.2 MiB,9555.0 MiB,4096.0 MiB,3447.7 MiB,648.2 MiB,13022.0 MiB
10,g++-4.8 4.8.5,nbody_2.c 50000000,43,1695317259,2965904,nbody_2_g++-4.8,0:50.66,6496,1996,1824,93.8,0.0,1,4,0:50,0,12,556,0,231,0,1996,328,2,278,48,0,12.8,1.5,0.0,85.7,0.0,0.0,0.0,0.0,15794.9 MiB,4056.9 MiB,2183.0 MiB,9555.0 MiB,4096.0 MiB,3447.7 MiB,648.2 MiB,13022.3 MiB
10,g++-4.8 4.8.5,nbody_2.c 50000000,44,1695317260,2965904,nbody_2_g++-4.8,0:51.84,6496,1996,1824,100.0,0.0,1,0,0:51,0,12,556,0,231,0,1996,328,2,278,48,0,12.8,1.5,0.0,85.7,0.0,0.0,0.0,0.0,15794.9 MiB,4056.9 MiB,2183.0 MiB,9555.0 MiB,4096.0 MiB,3447.7 MiB,648.2 MiB,13022.3 MiB
10,g++-4.8 4.8.5,nbody_2.c 50000000,45,1695317261,2965904,nbody_2_g++-4.8,0:53.01,6496,1996,1824,100.0,0.0,1,0,0:53,0,12,556,0,231,0,1996,328,2,278,48,0,12.2,0.8,0.0,87.0,0.0,0.0,0.0,0.0,15794.9 MiB,4056.4 MiB,2183.5 MiB,9555.0 MiB,4096.0 MiB,3447.7 MiB,648.2 MiB,13021.8 MiB
10,g++-4.8 4.8.5,nbody_2.c 50000000,46,1695317263,2965904,nbody_2_g++-4.8,0:54.19,6496,1996,1824,100.0,0.0,1,0,0:54,0,12,556,0,231,0,1996,328,2,278,48,0,13.5,0.8,0.0,85.7,0.0,0.0,0.0,0.0,15794.9 MiB,4056.6 MiB,2183.2 MiB,9555.0 MiB,4096.0 MiB,3447.7 MiB,648.2 MiB,13022.0 MiB
10,g++-4.8 4.8.5,nbody_2.c 50000000,47,1695317264,2965904,nbody_2_g++-4.8,0:55.36,6496,1996,1824,100.0,0.0,1,0,0:55,0,12,556,0,231,0,1996,328,2,278,48,0,12.9,0.8,0.0,86.4,0.0,0.0,0.0,0.0,15794.9 MiB,4056.4 MiB,2183.5 MiB,9555.0 MiB,4096.0 MiB,3447.7 MiB,648.2 MiB,13021.8 MiB
10,g++-4.8 4.8.5,nbody_2.c 50000000,48,1695317265,2965904,nbody_2_g++-4.8,0:56.53,6496,1996,1824,100.0,0.0,1,0,0:56,0,12,556,0,231,0,1996,328,2,278,48,0,13.6,0.0,0.0,86.4,0.0,0.0,0.0,0.0,15794.9 MiB,4056.1 MiB,2183.7 MiB,9555.0 MiB,4096.0 MiB,3447.7 MiB,648.2 MiB,13021.5 MiB
10,g++-4.8 4.8.5,nbody_2.c 50000000,49,1695317266,2965904,nbody_2_g++-4.8,0:57.71,6496,1996,1824,100.0,0.0,1,4,0:57,0,12,556,0,231,0,1996,328,2,278,48,0,12.8,1.5,0.0,85.7,0.0,0.0,0.0,0.0,15794.9 MiB,4055.9 MiB,2184.0 MiB,9555.0 MiB,4096.0 MiB,3447.7 MiB,648.2 MiB,13021.3 MiB
10,g++-4.8 4.8.5,nbody_2.c 50000000,50,1695317267,2965904,nbody_2_g++-4.8,0:58.88,6496,1996,1824,100.0,0.0,1,4,0:58,0,12,556,0,231,0,1996,328,2,278,48,0,12.9,0.0,0.0,87.1,0.0,0.0,0.0,0.0,15794.9 MiB,4055.9 MiB,2184.0 MiB,9555.0 MiB,4096.0 MiB,3447.7 MiB,648.2 MiB,13021.3 MiB
10,g++-4.8 4.8.5,nbody_2.c 50000000,51,1695317268,2965904,nbody_2_g++-4.8,1:00.06,6496,1996,1824,100.0,0.0,1,4,1:00,0,12,556,0,231,0,1996,328,2,278,48,0,12.8,1.5,0.0,85.7,0.0,0.0,0.0,0.0,15794.9 MiB,4055.9 MiB,2184.0 MiB,9555.0 MiB,4096.0 MiB,3447.7 MiB,648.2 MiB,13021.3 MiB
10,g++-4.8 4.8.5,nbody_2.c 50000000,52,1695317270,2965904,nbody_2_g++-4.8,1:01.23,6496,1996,1824,100.0,0.0,1,4,1:01,0,12,556,0,231,0,1996,328,2,278,48,0,13.5,0.8,0.0,85.7,0.0,0.0,0.0,0.0,15794.9 MiB,4056.4 MiB,2183.5 MiB,9555.0 MiB,4096.0 MiB,3447.7 MiB,648.2 MiB,13021.8 MiB
10,g++-4.8 4.8.5,nbody_2.c 50000000,53,1695317271,2965904,nbody_2_g++-4.8,1:02.41,6496,1996,1824,100.0,0.0,1,4,1:02,0,12,556,0,231,0,1996,328,2,278,48,0,12.8,1.5,0.0,85.0,0.8,0.0,0.0,0.0,15794.9 MiB,4056.1 MiB,2183.7 MiB,9555.0 MiB,4096.0 MiB,3447.7 MiB,648.2 MiB,13021.6 MiB
10,g++-4.8 4.8.5,nbody_2.c 50000000,54,1695317272,2965904,nbody_2_g++-4.8,1:03.58,6496,1996,1824,100.0,0.0,1,0,1:03,0,12,556,0,231,0,1996,328,2,278,48,0,12.9,0.8,0.0,86.4,0.0,0.0,0.0,0.0,15794.9 MiB,4055.6 MiB,2184.2 MiB,9555.0 MiB,4096.0 MiB,3447.7 MiB,648.2 MiB,13021.1 MiB
10,g++-4.8 4.8.5,nbody_2.c 50000000,55,1695317273,2965904,nbody_2_g++-4.8,1:04.75,6496,1996,1824,93.8,0.0,1,0,1:04,0,12,556,0,231,0,1996,328,2,278,48,0,12.9,0.8,0.0,86.4,0.0,0.0,0.0,0.0,15794.9 MiB,4055.6 MiB,2184.2 MiB,9555.0 MiB,4096.0 MiB,3447.7 MiB,648.2 MiB,13021.1 MiB
10,g++-4.8 4.8.5,nbody_2.c 50000000,56,1695317274,2965904,nbody_2_g++-4.8,1:05.93,6496,1996,1824,100.0,0.0,1,0,1:05,0,12,556,0,231,0,1996,328,2,278,48,0,13.6,0.0,0.0,86.4,0.0,0.0,0.0,0.0,15794.9 MiB,4055.6 MiB,2184.2 MiB,9555.0 MiB,4096.0 MiB,3447.7 MiB,648.2 MiB,13021.1 MiB
10,g++-4.8 4.8.5,nbody_2.c 50000000,57,1695317276,2965904,nbody_2_g++-4.8,1:07.10,6496,1996,1824,100.0,0.0,1,0,1:07,0,12,556,0,231,0,1996,328,2,278,48,0,13.0,0.8,0.0,86.3,0.0,0.0,0.0,0.0,15794.9 MiB,4055.6 MiB,2184.2 MiB,9555.0 MiB,4096.0 MiB,3447.7 MiB,648.2 MiB,13021.1 MiB
10,g++-4.8 4.8.5,nbody_2.c 50000000,58,1695317277,2965904,nbody_2_g++-4.8,1:08.28,6496,1996,1824,100.0,0.0,1,0,1:08,0,12,556,0,231,0,1996,328,2,278,48,0,13.4,1.5,0.0,85.1,0.0,0.0,0.0,0.0,15794.9 MiB,4055.9 MiB,2184.0 MiB,9555.0 MiB,4096.0 MiB,3447.7 MiB,648.2 MiB,13021.3 MiB
10,g++-4.8 4.8.5,nbody_2.c 50000000,59,1695317278,2965904,nbody_2_g++-4.8,1:09.45,6496,1996,1824,100.0,0.0,1,0,1:09,0,12,556,0,231,0,1996,328,2,278,48,0,13.4,1.5,0.0,85.1,0.0,0.0,0.0,0.0,15794.9 MiB,4055.4 MiB,2184.4 MiB,9555.0 MiB,4096.0 MiB,3447.7 MiB,648.2 MiB,13020.8 MiB
10,g++-4.8 4.8.5,nbody_2.c 50000000,60,1695317279,2965904,nbody_2_g++-4.8,1:10.62,6496,1996,1824,93.8,0.0,1,0,1:10,0,12,556,0,231,0,1996,328,2,278,48,0,13.0,0.8,0.0,86.3,0.0,0.0,0.0,0.0,15794.9 MiB,4055.9 MiB,2184.0 MiB,9555.0 MiB,4096.0 MiB,3447.7 MiB,648.2 MiB,13021.3 MiB
10,g++-4.8 4.8.5,nbody_2.c 50000000,61,1695317280,2965904,nbody_2_g++-4.8,1:11.80,6496,1996,1824,100.0,0.0,1,0,1:11,0,12,556,0,231,0,1996,328,2,278,48,0,13.5,0.8,0.0,85.7,0.0,0.0,0.0,0.0,15794.9 MiB,4055.6 MiB,2184.4 MiB,9554.8 MiB,4096.0 MiB,3447.7 MiB,648.2 MiB,13021.1 MiB
10,g++-4.8 4.8.5,nbody_2.c 50000000,62,1695317281,2965904,nbody_2_g++-4.8,1:12.98,6496,1996,1824,100.0,0.0,1,0,1:12,0,12,556,0,231,0,1996,328,2,278,48,0,12.9,0.8,0.0,86.4,0.0,0.0,0.0,0.0,15794.9 MiB,4055.9 MiB,2184.1 MiB,9554.9 MiB,4096.0 MiB,3447.7 MiB,648.2 MiB,13021.3 MiB
10,g++-4.8 4.8.5,nbody_2.c 50000000,63,1695317283,2965904,nbody_2_g++-4.8,1:14.15,6496,1996,1824,100.0,0.0,1,0,1:14,0,12,556,0,231,0,1996,328,2,278,48,0,14.1,1.5,0.0,84.4,0.0,0.0,0.0,0.0,15794.9 MiB,4055.4 MiB,2184.6 MiB,9554.9 MiB,4096.0 MiB,3447.7 MiB,648.2 MiB,13020.8 MiB
10,g++-4.8 4.8.5,nbody_2.c 50000000,64,1695317284,2965904,nbody_2_g++-4.8,1:15.33,6496,1996,1824,100.0,0.0,1,0,1:15,0,12,556,0,231,0,1996,328,2,278,48,0,13.5,0.8,0.0,85.7,0.0,0.0,0.0,0.0,15794.9 MiB,4055.4 MiB,2184.6 MiB,9554.9 MiB,4096.0 MiB,3447.7 MiB,648.2 MiB,13020.8 MiB
10,g++-4.8 4.8.5,nbody_2.c 50000000,65,1695317285,2965904,nbody_2_g++-4.8,1:16.50,6496,1996,1824,100.0,0.0,1,4,1:16,0,12,556,0,231,0,1996,328,2,278,48,0,12.1,1.5,0.0,86.4,0.0,0.0,0.0,0.0,15794.9 MiB,4055.4 MiB,2184.6 MiB,9554.9 MiB,4096.0 MiB,3447.7 MiB,648.2 MiB,13020.8 MiB
10,g++-4.8 4.8.5,nbody_2.c 50000000,66,1695317286,2965904,nbody_2_g++-4.8,1:17.68,6496,1996,1824,100.0,0.0,1,4,1:17,0,12,556,0,231,0,1996,328,2,278,48,0,12.9,0.8,0.0,86.4,0.0,0.0,0.0,0.0,15794.9 MiB,4056.9 MiB,2183.1 MiB,9554.9 MiB,4096.0 MiB,3447.7 MiB,648.2 MiB,13022.4 MiB
10,g++-4.8 4.8.5,nbody_2.c 50000000,67,1695317287,2965904,nbody_2_g++-4.8,1:18.85,6496,1996,1824,100.0,0.0,1,4,1:18,0,12,556,0,231,0,1996,328,2,278,48,0,12.7,1.5,0.0,85.8,0.0,0.0,0.0,0.0,15794.9 MiB,4057.6 MiB,2182.4 MiB,9554.9 MiB,4096.0 MiB,3447.7 MiB,648.2 MiB,13023.1 MiB
10,g++-4.8 4.8.5,nbody_2.c 50000000,68,1695317288,2965904,nbody_2_g++-4.8,1:20.02,6496,1996,1824,93.8,0.0,1,4,1:20,0,12,556,0,231,0,1996,328,2,278,48,0,12.8,1.5,0.0,85.7,0.0,0.0,0.0,0.0,15794.9 MiB,4057.9 MiB,2182.2 MiB,9554.9 MiB,4096.0 MiB,3447.7 MiB,648.2 MiB,13023.3 MiB
10,g++-4.8 4.8.5,nbody_2.c 50000000,69,1695317290,2965904,nbody_2_g++-4.8,1:21.20,6496,1996,1824,100.0,0.0,1,4,1:21,0,12,556,0,231,0,1996,328,2,278,48,0,12.8,0.8,0.0,86.5,0.0,0.0,0.0,0.0,15794.9 MiB,4057.1 MiB,2182.9 MiB,9554.9 MiB,4096.0 MiB,3447.7 MiB,648.2 MiB,13022.6 MiB
10,g++-4.8 4.8.5,nbody_2.c 50000000,70,1695317291,2965904,nbody_2_g++-4.8,1:22.37,6496,1996,1824,93.8,0.0,1,4,1:22,0,12,556,0,231,0,1996,328,2,278,48,0,12.2,0.8,0.0,87.0,0.0,0.0,0.0,0.0,15794.9 MiB,4057.1 MiB,2182.9 MiB,9554.9 MiB,4096.0 MiB,3447.7 MiB,648.2 MiB,13022.6 MiB
10,g++-4.8 4.8.5,nbody_2.c 50000000,71,1695317292,2965904,nbody_2_g++-4.8,1:23.55,6496,1996,1824,100.0,0.0,1,4,1:23,0,12,556,0,231,0,1996,328,2,278,48,0,12.8,0.8,0.0,86.5,0.0,0.0,0.0,0.0,15794.9 MiB,4056.9 MiB,2183.1 MiB,9554.9 MiB,4096.0 MiB,3447.7 MiB,648.2 MiB,13022.3 MiB
