test,version,appplication,no_measurement,timestamp,pid,command,time,virt,res,shr,percent_cpu,percent_mem,nTH,P,TIME,SWAP,CODE,DATA,nMaj,nMin,nDRT,USED,tasks_total,tasks_running,tasks_sleeping,tasks_stopped,tasks_zombie,cpu_us,cpu_sy,cpu_ni,cpu_id,cpu_wa,cpu_hi,cpu_si,cpu_st,mem_total,mem_free,mem_used,mem_buff_cache,swap_total,swap_free,swap_used,swap_avail,
1,Python 3.6.15,binarytrees_compatible_all.py 21,0,1694215051,1160080,python,0:00.11,31616,24952,5368,68.8,0.2,1,4,0:00,0,4,19816,0,6047,0,24952,311,2,279,30,0,17.3,9.0,0.0,73.7,0.0,0.0,0.0,0.0,15794.9 MiB,3727.4 MiB,2042.2 MiB,10025.3 MiB,4096.0 MiB,3681.0 MiB,415.0 MiB,13104.6 MiB
1,Python 3.6.15,binarytrees_compatible_all.py 21,1,1694215052,1160080,python,0:01.29,31616,24952,5368,100.0,0.2,1,4,0:01,0,4,19816,0,6047,0,24952,312,2,280,30,0,13.4,1.5,0.0,85.1,0.0,0.0,0.0,0.0,15794.9 MiB,3726.4 MiB,2042.8 MiB,10025.7 MiB,4096.0 MiB,3681.0 MiB,415.0 MiB,13103.7 MiB
1,Python 3.6.15,binarytrees_compatible_all.py 21,2,1694215054,1160080,python,0:02.46,31616,24952,5368,100.0,0.2,1,4,0:02,0,4,19816,0,6047,0,24952,312,2,280,30,0,12.3,1.5,0.0,86.2,0.0,0.0,0.0,0.0,15794.9 MiB,3728.4 MiB,2047.8 MiB,10018.7 MiB,4096.0 MiB,3681.0 MiB,415.0 MiB,13105.7 MiB
1,Python 3.6.15,binarytrees_compatible_all.py 21,3,1694215055,1160080,python,0:03.63,31616,24952,5368,100.0,0.2,1,4,0:03,0,4,19816,0,6047,0,24952,312,2,280,30,0,13.1,0.8,0.0,86.2,0.0,0.0,0.0,0.0,15794.9 MiB,3728.4 MiB,2047.8 MiB,10018.7 MiB,4096.0 MiB,3681.0 MiB,415.0 MiB,13105.7 MiB
1,Python 3.6.15,binarytrees_compatible_all.py 21,4,1694215056,1160080,python,0:04.80,31616,24952,5368,93.8,0.2,1,4,0:04,0,4,19816,0,6047,0,24952,312,2,280,30,0,12.9,1.5,0.0,85.6,0.0,0.0,0.0,0.0,15794.9 MiB,3728.2 MiB,2048.0 MiB,10018.7 MiB,4096.0 MiB,3681.0 MiB,415.0 MiB,13105.4 MiB
1,Python 3.6.15,binarytrees_compatible_all.py 21,5,1694215057,1160080,python,0:05.98,31616,24952,5368,100.0,0.2,1,4,0:05,0,4,19816,0,6047,0,24952,312,2,280,30,0,12.3,1.5,0.0,86.2,0.0,0.0,0.0,0.0,15794.9 MiB,3729.4 MiB,2046.8 MiB,10018.7 MiB,4096.0 MiB,3681.0 MiB,415.0 MiB,13106.7 MiB
1,Python 3.6.15,binarytrees_compatible_all.py 21,6,1694215058,1160080,python,0:07.15,31616,24952,5368,100.0,0.2,1,0,0:07,0,4,19816,0,6047,0,24952,312,2,280,30,0,13.0,0.8,0.0,86.3,0.0,0.0,0.0,0.0,15794.9 MiB,3729.4 MiB,2046.8 MiB,10018.7 MiB,4096.0 MiB,3681.0 MiB,415.0 MiB,13106.7 MiB
1,Python 3.6.15,binarytrees_compatible_all.py 21,7,1694215059,1160080,python,0:08.32,31616,24952,5368,100.0,0.2,1,0,0:08,0,4,19816,0,6047,0,24952,312,2,280,30,0,13.6,0.8,0.0,85.6,0.0,0.0,0.0,0.0,15794.9 MiB,3728.6 MiB,2047.5 MiB,10018.7 MiB,4096.0 MiB,3681.0 MiB,415.0 MiB,13105.9 MiB
1,Python 3.6.15,binarytrees_compatible_all.py 21,8,1694215061,1160080,python,0:09.49,31616,24952,5368,100.0,0.2,1,0,0:09,0,4,19816,0,6047,0,24952,312,2,280,30,0,12.5,0.0,0.0,87.5,0.0,0.0,0.0,0.0,15794.9 MiB,3728.4 MiB,2047.8 MiB,10018.7 MiB,4096.0 MiB,3681.0 MiB,415.0 MiB,13105.7 MiB
1,Python 3.6.15,binarytrees_compatible_all.py 21,9,1694215062,1160080,python,0:10.66,31616,24952,5368,100.0,0.2,1,0,0:10,0,4,19816,0,6047,0,24952,312,2,280,30,0,12.9,1.5,0.0,85.6,0.0,0.0,0.0,0.0,15794.9 MiB,3728.4 MiB,2047.8 MiB,10018.7 MiB,4096.0 MiB,3681.0 MiB,415.0 MiB,13105.7 MiB
1,Python 3.6.15,binarytrees_compatible_all.py 21,10,1694215063,1160080,python,0:11.83,31616,24952,5368,93.8,0.2,1,0,0:11,0,4,19816,0,6047,0,24952,312,2,280,30,0,13.0,0.8,0.0,86.3,0.0,0.0,0.0,0.0,15794.9 MiB,3732.1 MiB,2044.1 MiB,10018.7 MiB,4096.0 MiB,3681.0 MiB,415.0 MiB,13109.4 MiB
1,Python 3.6.15,binarytrees_compatible_all.py 21,11,1694215064,1160080,python,0:13.00,31616,24952,5368,93.8,0.2,1,0,0:13,0,4,19816,0,6047,0,24952,312,2,280,30,0,13.1,0.8,0.0,86.2,0.0,0.0,0.0,0.0,15794.9 MiB,3732.1 MiB,2044.1 MiB,10018.7 MiB,4096.0 MiB,3681.0 MiB,415.0 MiB,13109.4 MiB
1,Python 3.6.15,binarytrees_compatible_all.py 21,12,1694215065,1160080,python,0:14.18,31616,24952,5368,100.0,0.2,1,0,0:14,0,4,19816,0,6047,0,24952,312,2,280,30,0,13.0,0.8,0.0,86.3,0.0,0.0,0.0,0.0,15794.9 MiB,3731.1 MiB,2045.1 MiB,10018.7 MiB,4096.0 MiB,3681.0 MiB,415.0 MiB,13108.4 MiB
1,Python 3.6.15,binarytrees_compatible_all.py 21,13,1694215066,1160080,python,0:15.35,31616,24952,5368,100.0,0.2,1,0,0:15,0,4,19816,0,6047,0,24952,312,2,280,30,0,13.6,0.8,0.0,85.6,0.0,0.0,0.0,0.0,15794.9 MiB,3731.8 MiB,2044.3 MiB,10018.7 MiB,4096.0 MiB,3681.0 MiB,415.0 MiB,13109.1 MiB
1,Python 3.6.15,binarytrees_compatible_all.py 21,14,1694215068,1160080,python,0:16.52,31616,24952,5368,100.0,0.2,1,0,0:16,0,4,19816,0,6047,0,24952,312,2,280,30,0,13.1,0.0,0.0,86.2,0.8,0.0,0.0,0.0,15794.9 MiB,3731.6 MiB,2044.6 MiB,10018.7 MiB,4096.0 MiB,3681.0 MiB,415.0 MiB,13108.9 MiB
1,Python 3.6.15,binarytrees_compatible_all.py 21,15,1694215069,1160080,python,0:17.69,31616,24952,5368,93.8,0.2,1,0,0:17,0,4,19816,0,6047,0,24952,312,2,280,30,0,12.9,1.5,0.0,85.6,0.0,0.0,0.0,0.0,15794.9 MiB,3731.6 MiB,2044.5 MiB,10018.7 MiB,4096.0 MiB,3681.0 MiB,415.0 MiB,13108.9 MiB
1,Python 3.6.15,binarytrees_compatible_all.py 21,16,1694215070,1160080,python,0:18.86,19408,12536,5368,93.8,0.1,1,0,0:18,0,4,7608,0,7070,0,12536,312,2,280,30,0,12.1,1.5,0.0,86.4,0.0,0.0,0.0,0.0,15794.9 MiB,3752.3 MiB,2023.8 MiB,10018.7 MiB,4096.0 MiB,3681.0 MiB,415.0 MiB,13129.6 MiB
1,Python 3.6.15,binarytrees_compatible_all.py 21,17,1694215071,1160080,python,0:20.03,19408,12536,5368,93.8,0.1,1,0,0:20,0,4,7608,0,7070,0,12536,312,2,280,30,0,13.0,0.8,0.0,86.3,0.0,0.0,0.0,0.0,15794.9 MiB,3751.4 MiB,2024.8 MiB,10018.7 MiB,4096.0 MiB,3681.0 MiB,415.0 MiB,13128.7 MiB
1,Python 3.6.15,binarytrees_compatible_all.py 21,18,1694215072,1160080,python,0:21.20,19408,12536,5368,93.8,0.1,1,0,0:21,0,4,7608,0,7070,0,12536,312,2,280,30,0,12.3,1.5,0.0,86.2,0.0,0.0,0.0,0.0,15794.9 MiB,3751.8 MiB,2024.3 MiB,10018.7 MiB,4096.0 MiB,3681.0 MiB,415.0 MiB,13129.2 MiB
1,Python 3.6.15,binarytrees_compatible_all.py 21,19,1694215073,1160080,python,0:22.38,19408,12536,5368,100.0,0.1,1,0,0:22,0,4,7608,0,7070,0,12536,312,2,280,30,0,12.8,1.5,0.0,85.0,0.8,0.0,0.0,0.0,15794.9 MiB,3751.6 MiB,2024.5 MiB,10018.7 MiB,4096.0 MiB,3681.0 MiB,415.0 MiB,13128.9 MiB
1,Python 3.6.15,binarytrees_compatible_all.py 21,20,1694215075,1160080,python,0:23.55,19408,12536,5368,100.0,0.1,1,0,0:23,0,4,7608,0,7070,0,12536,312,2,280,30,0,12.3,0.8,0.0,86.9,0.0,0.0,0.0,0.0,15794.9 MiB,3751.6 MiB,2024.5 MiB,10018.7 MiB,4096.0 MiB,3681.0 MiB,415.0 MiB,13128.9 MiB
1,Python 3.6.15,binarytrees_compatible_all.py 21,21,1694215076,1160080,python,0:24.72,19408,12536,5368,100.0,0.1,1,0,0:24,0,4,7608,0,7070,0,12536,312,2,280,30,0,13.0,1.5,0.0,85.5,0.0,0.0,0.0,0.0,15794.9 MiB,3750.6 MiB,2025.5 MiB,10018.7 MiB,4096.0 MiB,3681.0 MiB,415.0 MiB,13127.9 MiB
1,Python 3.6.15,binarytrees_compatible_all.py 21,22,1694215077,1160080,python,0:25.90,19408,12536,5368,100.0,0.1,1,0,0:25,0,4,7608,0,7070,0,12536,312,2,280,30,0,13.4,1.5,0.0,85.1,0.0,0.0,0.0,0.0,15794.9 MiB,3750.6 MiB,2025.5 MiB,10018.7 MiB,4096.0 MiB,3681.0 MiB,415.0 MiB,13127.9 MiB
1,Python 3.6.15,binarytrees_compatible_all.py 21,23,1694215078,1160080,python,0:27.07,19408,12536,5368,100.0,0.1,1,0,0:27,0,4,7608,0,7070,0,12536,312,2,280,30,0,12.8,1.5,0.0,85.7,0.0,0.0,0.0,0.0,15794.9 MiB,3750.6 MiB,2025.5 MiB,10018.7 MiB,4096.0 MiB,3681.0 MiB,415.0 MiB,13127.9 MiB
1,Python 3.6.15,binarytrees_compatible_all.py 21,24,1694215079,1160080,python,0:28.24,19408,12536,5368,93.8,0.1,1,0,0:28,0,4,7608,0,7070,0,12536,312,2,280,30,0,14.3,0.8,0.0,85.0,0.0,0.0,0.0,0.0,15794.9 MiB,3750.6 MiB,2025.5 MiB,10018.7 MiB,4096.0 MiB,3681.0 MiB,415.0 MiB,13127.9 MiB
1,Python 3.6.15,binarytrees_compatible_all.py 21,25,1694215081,1160080,python,0:29.42,19408,12536,5368,100.0,0.1,1,0,0:29,0,4,7608,0,7070,0,12536,312,2,280,30,0,13.0,0.8,0.0,86.3,0.0,0.0,0.0,0.0,15794.9 MiB,3750.6 MiB,2025.5 MiB,10018.7 MiB,4096.0 MiB,3681.0 MiB,415.0 MiB,13127.9 MiB
1,Python 3.6.15,binarytrees_compatible_all.py 21,26,1694215082,1160080,python,0:30.59,19408,12536,5368,100.0,0.1,1,0,0:30,0,4,7608,0,7070,0,12536,312,2,280,30,0,13.6,0.8,0.0,85.6,0.0,0.0,0.0,0.0,15794.9 MiB,3750.9 MiB,2025.3 MiB,10018.7 MiB,4096.0 MiB,3681.0 MiB,415.0 MiB,13128.2 MiB
1,Python 3.6.15,binarytrees_compatible_all.py 21,27,1694215083,1160080,python,0:31.76,19408,12536,5368,100.0,0.1,1,0,0:31,0,4,7608,0,7070,0,12536,312,2,280,30,0,13.1,0.0,0.0,86.9,0.0,0.0,0.0,0.0,15794.9 MiB,3750.4 MiB,2025.8 MiB,10018.7 MiB,4096.0 MiB,3681.0 MiB,415.0 MiB,13127.7 MiB
1,Python 3.6.15,binarytrees_compatible_all.py 21,28,1694215084,1160080,python,0:32.93,19408,12536,5368,93.8,0.1,1,0,0:32,0,4,7608,0,7070,0,12536,312,2,280,30,0,13.0,0.8,0.0,86.3,0.0,0.0,0.0,0.0,15794.9 MiB,3750.4 MiB,2025.8 MiB,10018.7 MiB,4096.0 MiB,3681.0 MiB,415.0 MiB,13127.7 MiB
1,Python 3.6.15,binarytrees_compatible_all.py 21,29,1694215085,1160080,python,0:34.10,19408,12536,5368,100.0,0.1,1,0,0:34,0,4,7608,0,7070,0,12536,312,2,280,30,0,12.9,1.5,0.0,85.6,0.0,0.0,0.0,0.0,15794.9 MiB,3750.1 MiB,2026.0 MiB,10018.7 MiB,4096.0 MiB,3681.0 MiB,415.0 MiB,13127.5 MiB
1,Python 3.6.15,binarytrees_compatible_all.py 21,30,1694215086,1160080,python,0:35.28,19408,12536,5368,100.0,0.1,1,0,0:35,0,4,7608,0,7070,0,12536,312,2,280,30,0,13.1,0.8,0.0,86.2,0.0,0.0,0.0,0.0,15794.9 MiB,3752.4 MiB,2023.8 MiB,10018.7 MiB,4096.0 MiB,3681.0 MiB,415.0 MiB,13129.7 MiB
1,Python 3.6.15,binarytrees_compatible_all.py 21,31,1694215088,1160080,python,0:36.45,19408,12536,5368,100.0,0.1,1,0,0:36,0,4,7608,0,7070,0,12536,312,2,280,30,0,13.5,1.5,0.0,85.0,0.0,0.0,0.0,0.0,15794.9 MiB,3752.1 MiB,2024.0 MiB,10018.8 MiB,4096.0 MiB,3681.0 MiB,415.0 MiB,13129.4 MiB
1,Python 3.6.15,binarytrees_compatible_all.py 21,32,1694215089,1160080,python,0:37.62,19408,12536,5368,100.0,0.1,1,0,0:37,0,4,7608,0,7070,0,12536,312,2,280,30,0,12.2,0.8,0.0,87.0,0.0,0.0,0.0,0.0,15794.9 MiB,3752.4 MiB,2023.8 MiB,10018.8 MiB,4096.0 MiB,3681.0 MiB,415.0 MiB,13129.7 MiB
1,Python 3.6.15,binarytrees_compatible_all.py 21,33,1694215090,1160080,python,0:38.79,19408,12536,5368,100.0,0.1,1,0,0:38,0,4,7608,0,7070,0,12536,312,2,280,30,0,12.3,0.8,0.0,86.9,0.0,0.0,0.0,0.0,15794.9 MiB,3752.1 MiB,2024.0 MiB,10018.8 MiB,4096.0 MiB,3681.0 MiB,415.0 MiB,13129.4 MiB
1,Python 3.6.15,binarytrees_compatible_all.py 21,34,1694215091,1160080,python,0:39.97,19408,12536,5368,100.0,0.1,1,0,0:39,0,4,7608,0,7070,0,12536,312,2,280,30,0,12.3,1.5,0.0,86.2,0.0,0.0,0.0,0.0,15794.9 MiB,3752.4 MiB,2023.8 MiB,10018.8 MiB,4096.0 MiB,3681.0 MiB,415.0 MiB,13129.7 MiB
1,Python 3.6.15,binarytrees_compatible_all.py 21,35,1694215092,1160080,python,0:41.14,19664,12800,5368,100.0,0.1,1,0,0:41,0,4,7864,0,7122,0,12800,312,2,280,30,0,13.0,0.8,0.0,86.3,0.0,0.0,0.0,0.0,15794.9 MiB,3752.1 MiB,2024.0 MiB,10018.8 MiB,4096.0 MiB,3681.0 MiB,415.0 MiB,13129.5 MiB
1,Python 3.6.15,binarytrees_compatible_all.py 21,36,1694215093,1160080,python,0:42.31,19920,13064,5368,100.0,0.1,1,0,0:42,0,4,8120,0,7178,0,13064,312,2,280,30,0,12.3,0.8,0.0,86.9,0.0,0.0,0.0,0.0,15794.9 MiB,3752.4 MiB,2023.8 MiB,10018.8 MiB,4096.0 MiB,3681.0 MiB,415.0 MiB,13129.7 MiB
1,Python 3.6.15,binarytrees_compatible_all.py 21,37,1694215095,1160080,python,0:43.48,20176,13328,5368,93.8,0.1,1,0,0:43,0,4,8376,0,7235,0,13328,312,2,280,30,0,13.1,0.8,0.0,86.2,0.0,0.0,0.0,0.0,15794.9 MiB,3752.4 MiB,2023.7 MiB,10018.8 MiB,4096.0 MiB,3681.0 MiB,415.0 MiB,13129.7 MiB
1,Python 3.6.15,binarytrees_compatible_all.py 21,38,1694215096,1160080,python,0:44.65,20432,13328,5368,100.0,0.1,1,0,0:44,0,4,8632,0,7293,0,13328,312,2,280,30,0,13.0,0.8,0.0,86.3,0.0,0.0,0.0,0.0,15794.9 MiB,3752.1 MiB,2024.0 MiB,10018.8 MiB,4096.0 MiB,3681.0 MiB,415.0 MiB,13129.5 MiB
1,Python 3.6.15,binarytrees_compatible_all.py 21,39,1694215097,1160080,python,0:45.83,20688,13592,5368,100.0,0.1,1,0,0:45,0,4,8888,0,7351,0,13592,312,2,280,30,0,12.4,0.8,0.0,86.8,0.0,0.0,0.0,0.0,15794.9 MiB,3751.9 MiB,2024.2 MiB,10018.8 MiB,4096.0 MiB,3681.0 MiB,415.0 MiB,13129.2 MiB
1,Python 3.6.15,binarytrees_compatible_all.py 21,40,1694215098,1160080,python,0:47.00,20944,13856,5368,100.0,0.1,1,0,0:47,0,4,9144,0,7408,0,13856,312,2,280,30,0,12.9,0.8,0.0,86.4,0.0,0.0,0.0,0.0,15794.9 MiB,3751.6 MiB,2024.5 MiB,10018.8 MiB,4096.0 MiB,3681.0 MiB,415.0 MiB,13129.0 MiB
1,Python 3.6.15,binarytrees_compatible_all.py 21,41,1694215099,1160080,python,0:48.17,20944,14120,5368,100.0,0.1,1,0,0:48,0,4,9144,0,7461,0,14120,312,2,280,30,0,12.9,0.8,0.0,86.4,0.0,0.0,0.0,0.0,15794.9 MiB,3751.9 MiB,2024.2 MiB,10018.8 MiB,4096.0 MiB,3681.0 MiB,415.0 MiB,13129.2 MiB
1,Python 3.6.15,binarytrees_compatible_all.py 21,42,1694215100,1160080,python,0:49.35,21200,14384,5368,100.0,0.1,1,0,0:49,0,4,9400,0,7509,0,14384,312,2,280,30,0,12.1,1.5,0.0,86.4,0.0,0.0,0.0,0.0,15794.9 MiB,3751.6 MiB,2024.5 MiB,10018.8 MiB,4096.0 MiB,3681.0 MiB,415.0 MiB,13129.0 MiB
1,Python 3.6.15,binarytrees_compatible_all.py 21,43,1694215102,1160080,python,0:50.52,21456,14384,5368,100.0,0.1,1,0,0:50,0,4,9656,0,7563,0,14384,312,2,280,30,0,13.1,0.8,0.0,86.2,0.0,0.0,0.0,0.0,15794.9 MiB,3751.4 MiB,2024.7 MiB,10018.8 MiB,4096.0 MiB,3681.0 MiB,415.0 MiB,13128.8 MiB
1,Python 3.6.15,binarytrees_compatible_all.py 21,44,1694215103,1160080,python,0:51.69,21712,14648,5368,100.0,0.1,1,0,0:51,0,4,9912,0,7622,0,14648,312,2,280,30,0,12.9,1.5,0.0,85.6,0.0,0.0,0.0,0.0,15794.9 MiB,3751.1 MiB,2024.9 MiB,10018.8 MiB,4096.0 MiB,3681.0 MiB,415.0 MiB,13128.5 MiB
1,Python 3.6.15,binarytrees_compatible_all.py 21,45,1694215104,1160080,python,0:52.86,21968,14912,5368,100.0,0.1,1,0,0:52,0,4,10168,0,7680,0,14912,312,2,280,30,0,12.9,1.5,0.0,85.6,0.0,0.0,0.0,0.0,15794.9 MiB,3750.6 MiB,2025.4 MiB,10018.8 MiB,4096.0 MiB,3681.0 MiB,415.0 MiB,13128.0 MiB
1,Python 3.6.15,binarytrees_compatible_all.py 21,46,1694215105,1160080,python,0:54.03,22224,15176,5368,93.8,0.1,1,0,0:54,0,4,10424,0,7738,0,15176,312,2,280,30,0,13.0,0.8,0.0,86.3,0.0,0.0,0.0,0.0,15794.9 MiB,3750.4 MiB,2025.7 MiB,10018.8 MiB,4096.0 MiB,3681.0 MiB,415.0 MiB,13127.8 MiB
1,Python 3.6.15,binarytrees_compatible_all.py 21,47,1694215106,1160080,python,0:55.21,22480,15440,5368,100.0,0.1,1,0,0:55,0,4,10680,0,7791,0,15440,312,2,280,30,0,12.8,1.5,0.0,85.7,0.0,0.0,0.0,0.0,15794.9 MiB,3750.4 MiB,2025.7 MiB,10018.8 MiB,4096.0 MiB,3681.0 MiB,415.0 MiB,13127.8 MiB
1,Python 3.6.15,binarytrees_compatible_all.py 21,48,1694215108,1160080,python,0:56.39,22480,15704,5368,100.0,0.1,1,0,0:56,0,4,10680,0,7840,0,15704,312,2,280,30,0,13.4,1.4,0.0,84.5,0.7,0.0,0.0,0.0,15794.9 MiB,3750.1 MiB,2025.9 MiB,10018.8 MiB,4096.0 MiB,3681.0 MiB,415.0 MiB,13127.5 MiB
1,Python 3.6.15,binarytrees_compatible_all.py 21,49,1694215109,1160080,python,0:57.58,22736,15704,5368,94.1,0.1,1,0,0:57,0,4,10936,0,7888,0,15704,312,2,280,30,0,13.6,1.4,0.0,85.0,0.0,0.0,0.0,0.0,15794.9 MiB,3750.4 MiB,2025.7 MiB,10018.8 MiB,4096.0 MiB,3681.0 MiB,415.0 MiB,13127.8 MiB
1,Python 3.6.15,binarytrees_compatible_all.py 21,50,1694215110,1160080,python,0:58.76,22992,15968,5368,100.0,0.1,1,0,0:58,0,4,11192,0,7937,0,15968,312,2,280,30,0,12.1,1.5,0.0,86.4,0.0,0.0,0.0,0.0,15794.9 MiB,3750.1 MiB,2025.9 MiB,10018.8 MiB,4096.0 MiB,3681.0 MiB,415.0 MiB,13127.5 MiB
1,Python 3.6.15,binarytrees_compatible_all.py 21,51,1694215111,1160080,python,0:59.93,23248,16232,5368,100.0,0.1,1,0,0:59,0,4,11448,0,7986,0,16232,312,2,280,30,0,13.5,0.8,0.0,85.7,0.0,0.0,0.0,0.0,15794.9 MiB,3750.1 MiB,2025.9 MiB,10018.8 MiB,4096.0 MiB,3681.0 MiB,415.0 MiB,13127.5 MiB
1,Python 3.6.15,binarytrees_compatible_all.py 21,52,1694215112,1160080,python,1:01.11,23248,16496,5368,100.0,0.1,1,0,1:01,0,4,11448,0,8034,0,16496,312,2,280,30,0,13.6,0.0,0.0,86.4,0.0,0.0,0.0,0.0,15794.9 MiB,3750.1 MiB,2025.9 MiB,10018.8 MiB,4096.0 MiB,3681.0 MiB,415.0 MiB,13127.5 MiB
1,Python 3.6.15,binarytrees_compatible_all.py 21,53,1694215113,1160080,python,1:02.28,23504,16496,5368,93.8,0.1,1,0,1:02,0,4,11704,0,8082,0,16496,312,2,280,30,0,12.9,0.8,0.0,86.4,0.0,0.0,0.0,0.0,15794.9 MiB,3749.9 MiB,2026.2 MiB,10018.8 MiB,4096.0 MiB,3681.0 MiB,415.0 MiB,13127.3 MiB
1,Python 3.6.15,binarytrees_compatible_all.py 21,54,1694215115,1160080,python,1:03.46,19664,12944,5368,100.0,0.1,1,0,1:03,0,4,7864,0,8110,0,12944,312,2,280,30,0,13.5,0.8,0.0,85.7,0.0,0.0,0.0,0.0,15794.9 MiB,3749.4 MiB,2026.6 MiB,10018.8 MiB,4096.0 MiB,3681.0 MiB,415.0 MiB,13126.8 MiB
1,Python 3.6.15,binarytrees_compatible_all.py 21,55,1694215116,1160080,python,1:04.63,19920,12992,5368,100.0,0.1,1,0,1:04,0,4,8120,0,8113,0,12992,312,2,280,30,0,12.2,0.8,0.0,86.3,0.0,0.0,0.8,0.0,15794.9 MiB,3749.2 MiB,2026.9 MiB,10018.8 MiB,4096.0 MiB,3681.0 MiB,415.0 MiB,13126.6 MiB
1,Python 3.6.15,binarytrees_compatible_all.py 21,56,1694215117,1160080,python,1:05.81,19920,12992,5368,100.0,0.1,1,0,1:05,0,4,8120,0,8125,0,12992,312,2,280,30,0,12.7,1.5,0.0,85.8,0.0,0.0,0.0,0.0,15794.9 MiB,3749.4 MiB,2026.6 MiB,10018.8 MiB,4096.0 MiB,3681.0 MiB,415.0 MiB,13126.8 MiB
1,Python 3.6.15,binarytrees_compatible_all.py 21,57,1694215118,1160080,python,1:06.99,19920,12992,5368,100.0,0.1,1,0,1:06,0,4,8120,0,8137,0,12992,312,2,280,30,0,13.4,0.7,0.0,85.8,0.0,0.0,0.0,0.0,15794.9 MiB,3749.2 MiB,2026.9 MiB,10018.8 MiB,4096.0 MiB,3681.0 MiB,415.0 MiB,13126.6 MiB
1,Python 3.6.15,binarytrees_compatible_all.py 21,58,1694215119,1160080,python,1:08.16,19920,12992,5368,100.0,0.1,1,0,1:08,0,4,8120,0,8149,0,12992,312,3,279,30,0,12.9,0.8,0.0,86.4,0.0,0.0,0.0,0.0,15794.9 MiB,3748.7 MiB,2027.4 MiB,10018.8 MiB,4096.0 MiB,3681.0 MiB,415.0 MiB,13126.1 MiB
1,Python 3.6.15,binarytrees_compatible_all.py 21,59,1694215120,1160080,python,1:09.33,19920,12992,5368,100.0,0.1,1,0,1:09,0,4,8120,0,8161,0,12992,312,2,280,30,0,13.4,1.5,0.0,85.1,0.0,0.0,0.0,0.0,15794.9 MiB,3748.4 MiB,2027.6 MiB,10018.8 MiB,4096.0 MiB,3681.0 MiB,415.0 MiB,13125.8 MiB
1,Python 3.6.15,binarytrees_compatible_all.py 21,60,1694215122,1160080,python,1:10.51,19920,12992,5368,100.0,0.1,1,0,1:10,0,4,8120,0,8173,0,12992,312,2,280,30,0,13.5,0.8,0.0,85.7,0.0,0.0,0.0,0.0,15794.9 MiB,3748.4 MiB,2027.6 MiB,10018.8 MiB,4096.0 MiB,3681.0 MiB,415.0 MiB,13125.8 MiB
1,Python 3.6.15,binarytrees_compatible_all.py 21,61,1694215123,1160080,python,1:11.68,20176,13248,5368,100.0,0.1,1,0,1:11,0,4,8376,0,8186,0,13248,312,2,280,30,0,12.9,0.8,0.0,86.4,0.0,0.0,0.0,0.0,15794.9 MiB,3748.4 MiB,2027.6 MiB,10018.8 MiB,4096.0 MiB,3681.0 MiB,415.0 MiB,13125.8 MiB
1,Python 3.6.15,binarytrees_compatible_all.py 21,62,1694215124,1160080,python,1:12.86,20176,13248,5368,100.0,0.1,1,0,1:12,0,4,8376,0,8198,0,13248,312,2,280,30,0,12.9,1.5,0.0,85.6,0.0,0.0,0.0,0.0,15794.9 MiB,3748.2 MiB,2027.9 MiB,10018.8 MiB,4096.0 MiB,3681.0 MiB,415.0 MiB,13125.6 MiB
1,Python 3.6.15,binarytrees_compatible_all.py 21,63,1694215125,1160080,python,1:14.03,20176,13248,5368,100.0,0.1,1,0,1:14,0,4,8376,0,8210,0,13248,312,2,280,30,0,13.5,0.8,0.0,85.7,0.0,0.0,0.0,0.0,15794.9 MiB,3748.2 MiB,2027.9 MiB,10018.8 MiB,4096.0 MiB,3681.0 MiB,415.0 MiB,13125.6 MiB
1,Python 3.6.15,binarytrees_compatible_all.py 21,64,1694215126,1160080,python,1:15.20,20176,13248,5368,93.8,0.1,1,0,1:15,0,4,8376,0,8222,0,13248,312,2,280,30,0,12.8,1.5,0.0,85.7,0.0,0.0,0.0,0.0,15794.9 MiB,3747.9 MiB,2028.1 MiB,10018.9 MiB,4096.0 MiB,3681.0 MiB,415.0 MiB,13125.4 MiB
1,Python 3.6.15,binarytrees_compatible_all.py 21,65,1694215128,1160080,python,1:16.38,20176,13248,5368,100.0,0.1,1,0,1:16,0,4,8376,0,8234,0,13248,312,2,280,30,0,12.1,0.8,0.0,87.1,0.0,0.0,0.0,0.0,15794.9 MiB,3748.2 MiB,2027.8 MiB,10018.9 MiB,4096.0 MiB,3681.0 MiB,415.0 MiB,13125.6 MiB
1,Python 3.6.15,binarytrees_compatible_all.py 21,66,1694215129,1160080,python,1:17.56,20432,13504,5368,100.0,0.1,1,0,1:17,0,4,8632,0,8247,0,13504,312,2,280,30,0,13.4,0.7,0.0,85.8,0.0,0.0,0.0,0.0,15794.9 MiB,3747.9 MiB,2028.1 MiB,10018.9 MiB,4096.0 MiB,3681.0 MiB,415.0 MiB,13125.4 MiB
1,Python 3.6.15,binarytrees_compatible_all.py 21,67,1694215130,1160080,python,1:18.74,20432,13504,5368,94.1,0.1,1,4,1:18,0,4,8632,0,8259,0,13504,312,2,280,30,0,13.5,2.1,0.0,84.4,0.0,0.0,0.0,0.0,15794.9 MiB,3747.4 MiB,2028.6 MiB,10018.9 MiB,4096.0 MiB,3681.0 MiB,415.0 MiB,13124.9 MiB
1,Python 3.6.15,binarytrees_compatible_all.py 21,68,1694215131,1160080,python,1:19.92,20432,13504,5368,100.0,0.1,1,4,1:19,0,4,8632,0,8271,0,13504,312,2,280,30,0,12.9,1.5,0.0,85.6,0.0,0.0,0.0,0.0,15794.9 MiB,3746.7 MiB,2029.3 MiB,10018.9 MiB,4096.0 MiB,3681.0 MiB,415.0 MiB,13124.2 MiB
1,Python 3.6.15,binarytrees_compatible_all.py 21,69,1694215132,1160080,python,1:21.09,20432,13504,5368,100.0,0.1,1,0,1:21,0,4,8632,0,8284,0,13504,312,2,280,30,0,13.5,0.8,0.0,85.7,0.0,0.0,0.0,0.0,15794.9 MiB,3746.7 MiB,2029.3 MiB,10018.9 MiB,4096.0 MiB,3681.0 MiB,415.0 MiB,13124.2 MiB
1,Python 3.6.15,binarytrees_compatible_all.py 21,70,1694215133,1160080,python,1:22.26,20432,13504,5368,93.8,0.1,1,0,1:22,0,4,8632,0,8296,0,13504,312,2,280,30,0,13.4,1.5,0.0,85.1,0.0,0.0,0.0,0.0,15794.9 MiB,3747.0 MiB,2029.0 MiB,10018.9 MiB,4096.0 MiB,3681.0 MiB,415.0 MiB,13124.4 MiB
1,Python 3.6.15,binarytrees_compatible_all.py 21,71,1694215135,1160080,python,1:23.44,20688,13760,5368,100.0,0.1,1,0,1:23,0,4,8888,0,8309,0,13760,312,2,280,30,0,12.7,1.5,0.0,85.8,0.0,0.0,0.0,0.0,15794.9 MiB,3747.2 MiB,2028.8 MiB,10018.9 MiB,4096.0 MiB,3681.0 MiB,415.0 MiB,13124.7 MiB
1,Python 3.6.15,binarytrees_compatible_all.py 21,72,1694215136,1160080,python,1:24.62,20688,13760,5368,100.0,0.1,1,0,1:24,0,4,8888,0,8321,0,13760,312,2,280,30,0,13.4,1.5,0.0,85.1,0.0,0.0,0.0,0.0,15794.9 MiB,3747.0 MiB,2029.0 MiB,10018.9 MiB,4096.0 MiB,3681.0 MiB,415.0 MiB,13124.4 MiB
1,Python 3.6.15,binarytrees_compatible_all.py 21,73,1694215137,1160080,python,1:25.79,20688,13760,5368,100.0,0.1,1,0,1:25,0,4,8888,0,8333,0,13760,312,2,280,30,0,13.5,0.8,0.0,85.7,0.0,0.0,0.0,0.0,15794.9 MiB,3747.0 MiB,2029.0 MiB,10018.9 MiB,4096.0 MiB,3681.0 MiB,415.0 MiB,13124.4 MiB
1,Python 3.6.15,binarytrees_compatible_all.py 21,74,1694215138,1160080,python,1:26.97,20688,13760,5368,100.0,0.1,1,0,1:26,0,4,8888,0,8345,0,13760,312,2,280,30,0,12.9,0.8,0.0,86.4,0.0,0.0,0.0,0.0,15794.9 MiB,3746.7 MiB,2029.3 MiB,10018.9 MiB,4096.0 MiB,3681.0 MiB,415.0 MiB,13124.2 MiB
1,Python 3.6.15,binarytrees_compatible_all.py 21,75,1694215139,1160080,python,1:28.14,20944,14016,5368,100.0,0.1,1,4,1:28,0,4,9144,0,8931,0,14016,312,2,280,30,0,12.9,0.8,0.0,86.4,0.0,0.0,0.0,0.0,15794.9 MiB,3746.7 MiB,2029.3 MiB,10018.9 MiB,4096.0 MiB,3681.0 MiB,415.0 MiB,13124.2 MiB
1,Python 3.6.15,binarytrees_compatible_all.py 21,76,1694215140,1160080,python,1:29.32,20944,14016,5368,100.0,0.1,1,4,1:29,0,4,9144,0,8931,0,14016,312,2,280,30,0,12.9,0.8,0.0,86.4,0.0,0.0,0.0,0.0,15794.9 MiB,3746.7 MiB,2029.5 MiB,10018.7 MiB,4096.0 MiB,3681.0 MiB,415.0 MiB,13124.2 MiB
1,Python 3.6.15,binarytrees_compatible_all.py 21,77,1694215142,1160080,python,1:30.49,20944,14016,5368,100.0,0.1,1,0,1:30,0,4,9144,0,8931,0,14016,312,2,280,30,0,12.9,0.8,0.0,86.4,0.0,0.0,0.0,0.0,15794.9 MiB,3746.7 MiB,2029.5 MiB,10018.7 MiB,4096.0 MiB,3681.0 MiB,415.0 MiB,13124.2 MiB
1,Python 3.6.15,binarytrees_compatible_all.py 21,78,1694215143,1160080,python,1:31.67,20944,14016,5368,100.0,0.1,1,0,1:31,0,4,9144,0,8931,0,14016,312,2,280,30,0,12.8,0.8,0.0,86.5,0.0,0.0,0.0,0.0,15794.9 MiB,3746.7 MiB,2029.5 MiB,10018.7 MiB,4096.0 MiB,3681.0 MiB,415.0 MiB,13124.2 MiB
1,Python 3.6.15,binarytrees_compatible_all.py 21,79,1694215144,1160080,python,1:32.84,20944,14016,5368,100.0,0.1,1,0,1:32,0,4,9144,0,8931,0,14016,312,2,280,30,0,12.7,1.5,0.0,85.8,0.0,0.0,0.0,0.0,15794.9 MiB,3746.5 MiB,2029.7 MiB,10018.7 MiB,4096.0 MiB,3681.0 MiB,415.0 MiB,13123.9 MiB
1,Python 3.6.15,binarytrees_compatible_all.py 21,80,1694215145,1160080,python,1:34.02,20944,14016,5368,100.0,0.1,1,0,1:34,0,4,9144,0,8931,0,14016,312,2,280,30,0,13.5,0.8,0.0,85.7,0.0,0.0,0.0,0.0,15794.9 MiB,3746.2 MiB,2029.9 MiB,10018.7 MiB,4096.0 MiB,3681.0 MiB,415.0 MiB,13123.7 MiB
1,Python 3.6.15,binarytrees_compatible_all.py 21,81,1694215146,1160080,python,1:35.19,20944,14016,5368,100.0,0.1,1,0,1:35,0,4,9144,0,8931,0,14016,312,2,280,30,0,14.3,0.8,0.0,85.0,0.0,0.0,0.0,0.0,15794.9 MiB,3746.2 MiB,2029.9 MiB,10018.7 MiB,4096.0 MiB,3681.0 MiB,415.0 MiB,13123.7 MiB
1,Python 3.6.15,binarytrees_compatible_all.py 21,82,1694215147,1160080,python,1:36.37,20944,14016,5368,100.0,0.1,1,0,1:36,0,4,9144,0,8931,0,14016,312,2,280,30,0,13.5,0.8,0.0,85.7,0.0,0.0,0.0,0.0,15794.9 MiB,3746.2 MiB,2029.9 MiB,10018.7 MiB,4096.0 MiB,3681.0 MiB,415.0 MiB,13123.7 MiB
1,Python 3.6.15,binarytrees_compatible_all.py 21,83,1694215149,1160080,python,1:37.54,20944,14016,5368,100.0,0.1,1,4,1:37,0,4,9144,0,8931,0,14016,312,2,280,30,0,12.8,1.5,0.0,84.2,1.5,0.0,0.0,0.0,15794.9 MiB,3746.0 MiB,2030.2 MiB,10018.7 MiB,4096.0 MiB,3681.0 MiB,415.0 MiB,13123.5 MiB
1,Python 3.6.15,binarytrees_compatible_all.py 21,84,1694215150,1160080,python,1:38.72,20944,14016,5368,100.0,0.1,1,4,1:38,0,4,9144,0,8931,0,14016,312,2,280,30,0,12.9,0.8,0.0,86.4,0.0,0.0,0.0,0.0,15794.9 MiB,3746.0 MiB,2030.2 MiB,10018.7 MiB,4096.0 MiB,3681.0 MiB,415.0 MiB,13123.5 MiB
1,Python 3.6.15,binarytrees_compatible_all.py 21,85,1694215151,1160080,python,1:39.89,20944,14016,5368,93.8,0.1,1,4,1:39,0,4,9144,0,8931,0,14016,312,2,280,30,0,12.9,0.8,0.0,86.4,0.0,0.0,0.0,0.0,15794.9 MiB,3746.0 MiB,2030.2 MiB,10018.7 MiB,4096.0 MiB,3681.0 MiB,415.0 MiB,13123.5 MiB
1,Python 3.6.15,binarytrees_compatible_all.py 21,86,1694215152,1160080,python,1:41.07,20944,14016,5368,100.0,0.1,1,4,1:41,0,4,9144,0,8931,0,14016,312,2,280,30,0,14.3,0.0,0.0,85.7,0.0,0.0,0.0,0.0,15794.9 MiB,3746.0 MiB,2030.2 MiB,10018.7 MiB,4096.0 MiB,3681.0 MiB,415.0 MiB,13123.5 MiB
1,Python 3.6.15,binarytrees_compatible_all.py 21,87,1694215153,1160080,python,1:42.24,20944,14016,5368,100.0,0.1,1,0,1:42,0,4,9144,0,8931,0,14016,312,2,280,30,0,13.4,1.5,0.0,85.1,0.0,0.0,0.0,0.0,15794.9 MiB,3746.0 MiB,2030.2 MiB,10018.7 MiB,4096.0 MiB,3681.0 MiB,415.0 MiB,13123.5 MiB
1,Python 3.6.15,binarytrees_compatible_all.py 21,88,1694215155,1160080,python,1:43.41,20944,14016,5368,93.8,0.1,1,0,1:43,0,4,9144,0,8931,0,14016,312,2,280,30,0,12.9,0.0,0.0,86.4,0.8,0.0,0.0,0.0,15794.9 MiB,3746.0 MiB,2030.2 MiB,10018.7 MiB,4096.0 MiB,3681.0 MiB,415.0 MiB,13123.5 MiB
1,Python 3.6.15,binarytrees_compatible_all.py 21,89,1694215156,1160080,python,1:44.59,20944,14016,5368,100.0,0.1,1,0,1:44,0,4,9144,0,8931,0,14016,312,2,280,30,0,13.0,0.0,0.0,87.0,0.0,0.0,0.0,0.0,15794.9 MiB,3746.0 MiB,2030.2 MiB,10018.7 MiB,4096.0 MiB,3681.0 MiB,415.0 MiB,13123.5 MiB
1,Python 3.6.15,binarytrees_compatible_all.py 21,90,1694215157,1160080,python,1:45.77,21200,14272,5368,100.0,0.1,1,0,1:45,0,4,9400,0,9002,0,14272,312,2,280,30,0,12.0,1.5,0.0,86.5,0.0,0.0,0.0,0.0,15794.9 MiB,3745.7 MiB,2030.4 MiB,10018.7 MiB,4096.0 MiB,3681.0 MiB,415.0 MiB,13123.2 MiB
1,Python 3.6.15,binarytrees_compatible_all.py 21,91,1694215158,1160080,python,1:46.94,21200,14272,5368,100.0,0.1,1,0,1:46,0,4,9400,0,9005,0,14272,312,2,280,30,0,13.4,0.7,0.0,85.8,0.0,0.0,0.0,0.0,15794.9 MiB,3745.5 MiB,2030.7 MiB,10018.7 MiB,4096.0 MiB,3681.0 MiB,415.0 MiB,13123.0 MiB
1,Python 3.6.15,binarytrees_compatible_all.py 21,92,1694215159,1160080,python,1:48.12,21200,14272,5368,100.0,0.1,1,0,1:48,0,4,9400,0,9008,0,14272,312,2,280,30,0,12.9,0.8,0.0,86.4,0.0,0.0,0.0,0.0,15794.9 MiB,3745.5 MiB,2030.7 MiB,10018.7 MiB,4096.0 MiB,3681.0 MiB,415.0 MiB,13123.0 MiB
1,Python 3.6.15,binarytrees_compatible_all.py 21,93,1694215160,1160080,python,1:49.29,21200,14272,5368,100.0,0.1,1,0,1:49,0,4,9400,0,9011,0,14272,312,2,280,30,0,13.6,0.0,0.0,85.6,0.8,0.0,0.0,0.0,15794.9 MiB,3745.0 MiB,2031.1 MiB,10018.7 MiB,4096.0 MiB,3681.0 MiB,415.0 MiB,13122.5 MiB
1,Python 3.6.15,binarytrees_compatible_all.py 21,94,1694215162,1160080,python,1:50.47,21200,14272,5368,100.0,0.1,1,0,1:50,0,4,9400,0,9014,0,14272,312,2,280,30,0,12.9,0.8,0.0,86.4,0.0,0.0,0.0,0.0,15794.9 MiB,3744.7 MiB,2031.4 MiB,10018.7 MiB,4096.0 MiB,3681.0 MiB,415.0 MiB,13122.3 MiB
1,Python 3.6.15,binarytrees_compatible_all.py 21,95,1694215163,1160080,python,1:51.64,21200,14272,5368,100.0,0.1,1,0,1:51,0,4,9400,0,9017,0,14272,312,2,280,30,0,13.4,0.7,0.0,85.8,0.0,0.0,0.0,0.0,15794.9 MiB,3744.5 MiB,2031.6 MiB,10018.7 MiB,4096.0 MiB,3681.0 MiB,415.0 MiB,13122.0 MiB
1,Python 3.6.15,binarytrees_compatible_all.py 21,96,1694215164,1160080,python,1:52.82,21200,14272,5368,100.0,0.1,1,0,1:52,0,4,9400,0,9020,0,14272,312,2,280,30,0,13.4,1.5,0.0,85.1,0.0,0.0,0.0,0.0,15794.9 MiB,3744.2 MiB,2031.9 MiB,10018.7 MiB,4096.0 MiB,3681.0 MiB,415.0 MiB,13121.8 MiB
1,Python 3.6.15,binarytrees_compatible_all.py 21,97,1694215165,1160080,python,1:53.99,25552,18624,5368,93.8,0.1,1,0,1:53,0,4,13752,0,16k,0,18624,312,2,280,30,0,12.7,1.5,0.0,85.8,0.0,0.0,0.0,0.0,15794.9 MiB,3742.8 MiB,2033.4 MiB,10018.7 MiB,4096.0 MiB,3681.0 MiB,415.0 MiB,13120.3 MiB
1,Python 3.6.15,binarytrees_compatible_all.py 21,98,1694215166,1160080,python,1:55.17,25552,18624,5368,100.0,0.1,1,0,1:55,0,4,13752,0,16k,0,18624,312,2,280,30,0,12.9,0.8,0.0,86.4,0.0,0.0,0.0,0.0,15794.9 MiB,3743.0 MiB,2033.1 MiB,10018.7 MiB,4096.0 MiB,3681.0 MiB,415.0 MiB,13120.5 MiB
1,Python 3.6.15,binarytrees_compatible_all.py 21,99,1694215167,1160080,python,1:56.34,25552,18624,5368,100.0,0.1,1,0,1:56,0,4,13752,0,16k,0,18624,312,2,280,30,0,12.9,1.5,0.0,85.6,0.0,0.0,0.0,0.0,15794.9 MiB,3743.0 MiB,2033.1 MiB,10018.7 MiB,4096.0 MiB,3681.0 MiB,415.0 MiB,13120.5 MiB
1,Python 3.6.15,binarytrees_compatible_all.py 21,100,1694215169,1160080,python,1:57.52,25552,18624,5368,100.0,0.1,1,0,1:57,0,4,13752,0,16k,0,18624,312,2,280,30,0,13.5,0.8,0.0,85.7,0.0,0.0,0.0,0.0,15794.9 MiB,3743.0 MiB,2033.1 MiB,10018.8 MiB,4096.0 MiB,3681.0 MiB,415.0 MiB,13120.6 MiB
1,Python 3.6.15,binarytrees_compatible_all.py 21,101,1694215170,1160080,python,1:58.70,25552,18624,5368,100.0,0.1,1,0,1:58,0,4,13752,0,16k,0,18624,312,2,280,30,0,12.9,0.8,0.0,86.4,0.0,0.0,0.0,0.0,15794.9 MiB,3743.5 MiB,2032.6 MiB,10018.8 MiB,4096.0 MiB,3681.0 MiB,415.0 MiB,13121.0 MiB
1,Python 3.6.15,binarytrees_compatible_all.py 21,102,1694215171,1160080,python,1:59.87,25552,18624,5368,100.0,0.1,1,0,1:59,0,4,13752,0,16k,0,18624,312,2,280,30,0,12.7,1.5,0.0,85.8,0.0,0.0,0.0,0.0,15794.9 MiB,3743.5 MiB,2032.6 MiB,10018.8 MiB,4096.0 MiB,3681.0 MiB,415.0 MiB,13121.0 MiB
1,Python 3.6.15,binarytrees_compatible_all.py 21,103,1694215172,1160080,python,2:01.05,25552,18624,5368,100.0,0.1,1,0,2:01,0,4,13752,0,16k,0,18624,312,2,280,30,0,12.8,0.8,0.0,86.5,0.0,0.0,0.0,0.0,15794.9 MiB,3743.5 MiB,2032.6 MiB,10018.8 MiB,4096.0 MiB,3681.0 MiB,415.0 MiB,13121.1 MiB
1,Python 3.6.15,binarytrees_compatible_all.py 21,104,1694215173,1160080,python,2:02.22,25552,18624,5368,100.0,0.1,1,0,2:02,0,4,13752,0,16k,0,18624,312,2,280,30,0,12.8,0.8,0.0,86.5,0.0,0.0,0.0,0.0,15794.9 MiB,3743.5 MiB,2032.6 MiB,10018.8 MiB,4096.0 MiB,3681.0 MiB,415.0 MiB,13121.1 MiB
1,Python 3.6.15,binarytrees_compatible_all.py 21,105,1694215175,1160080,python,2:03.40,25552,18624,5368,100.0,0.1,1,0,2:03,0,4,13752,0,16k,0,18624,312,2,280,30,0,12.9,0.8,0.0,86.4,0.0,0.0,0.0,0.0,15794.9 MiB,3743.3 MiB,2032.8 MiB,10018.8 MiB,4096.0 MiB,3681.0 MiB,415.0 MiB,13120.8 MiB
1,Python 3.6.15,binarytrees_compatible_all.py 21,106,1694215176,1160080,python,2:04.57,25552,18624,5368,93.8,0.1,1,0,2:04,0,4,13752,0,16k,0,18624,312,2,280,30,0,13.4,1.5,0.0,85.1,0.0,0.0,0.0,0.0,15794.9 MiB,3743.3 MiB,2032.8 MiB,10018.8 MiB,4096.0 MiB,3681.0 MiB,415.0 MiB,13120.8 MiB
1,Python 3.6.15,binarytrees_compatible_all.py 21,107,1694215177,1160080,python,2:05.75,25552,18624,5368,100.0,0.1,1,0,2:05,0,4,13752,0,16k,0,18624,312,2,280,30,0,14.7,1.5,0.0,83.8,0.0,0.0,0.0,0.0,15794.9 MiB,3744.5 MiB,2031.6 MiB,10018.8 MiB,4096.0 MiB,3681.0 MiB,415.0 MiB,13122.0 MiB
1,Python 3.6.15,binarytrees_compatible_all.py 21,108,1694215178,1160080,python,2:06.92,25552,18624,5368,100.0,0.1,1,0,2:06,0,4,13752,0,16k,0,18624,312,2,280,30,0,12.9,0.8,0.0,86.4,0.0,0.0,0.0,0.0,15794.9 MiB,3744.5 MiB,2031.6 MiB,10018.8 MiB,4096.0 MiB,3681.0 MiB,415.0 MiB,13122.0 MiB
1,Python 3.6.15,binarytrees_compatible_all.py 21,109,1694215179,1160080,python,2:08.11,25552,18624,5368,100.0,0.1,1,4,2:08,0,4,13752,0,16k,0,18624,312,2,280,30,0,13.5,1.4,0.0,85.1,0.0,0.0,0.0,0.0,15794.9 MiB,3744.0 MiB,2032.1 MiB,10018.8 MiB,4096.0 MiB,3681.0 MiB,415.0 MiB,13121.6 MiB
1,Python 3.6.15,binarytrees_compatible_all.py 21,110,1694215180,1160080,python,2:09.29,25552,18624,5368,100.0,0.1,1,4,2:09,0,4,13752,0,16k,0,18624,312,2,280,30,0,12.8,0.8,0.0,86.5,0.0,0.0,0.0,0.0,15794.9 MiB,3743.8 MiB,2032.3 MiB,10018.8 MiB,4096.0 MiB,3681.0 MiB,415.0 MiB,13121.3 MiB
1,Python 3.6.15,binarytrees_compatible_all.py 21,111,1694215182,1160080,python,2:10.46,25552,18624,5368,100.0,0.1,1,4,2:10,0,4,13752,0,16k,0,18624,312,2,280,30,0,14.3,0.0,0.0,85.7,0.0,0.0,0.0,0.0,15794.9 MiB,3743.5 MiB,2032.6 MiB,10018.8 MiB,4096.0 MiB,3681.0 MiB,415.0 MiB,13121.1 MiB
1,Python 3.6.15,binarytrees_compatible_all.py 21,112,1694215183,1160080,python,2:11.64,25552,18624,5368,100.0,0.1,1,4,2:11,0,4,13752,0,16k,0,18624,312,2,280,30,0,13.4,1.5,0.0,84.3,0.7,0.0,0.0,0.0,15794.9 MiB,3743.5 MiB,2032.6 MiB,10018.8 MiB,4096.0 MiB,3681.0 MiB,415.0 MiB,13121.1 MiB
1,Python 3.6.15,binarytrees_compatible_all.py 21,113,1694215184,1160080,python,2:12.82,25552,18624,5368,100.0,0.1,1,4,2:12,0,4,13752,0,16k,0,18624,312,2,280,30,0,12.8,1.4,0.0,85.8,0.0,0.0,0.0,0.0,15794.9 MiB,3743.5 MiB,2032.6 MiB,10018.8 MiB,4096.0 MiB,3681.0 MiB,415.0 MiB,13121.1 MiB
1,Python 3.6.15,binarytrees_compatible_all.py 21,114,1694215185,1160080,python,2:14.00,25552,18624,5368,100.0,0.1,1,4,2:14,0,4,13752,0,16k,0,18624,312,2,280,30,0,12.9,0.8,0.0,86.4,0.0,0.0,0.0,0.0,15794.9 MiB,3743.5 MiB,2032.6 MiB,10018.8 MiB,4096.0 MiB,3681.0 MiB,415.0 MiB,13121.1 MiB
1,Python 3.6.15,binarytrees_compatible_all.py 21,115,1694215186,1160080,python,2:15.17,25552,18624,5368,93.8,0.1,1,0,2:15,0,4,13752,0,16k,0,18624,312,2,280,30,0,12.9,0.8,0.0,86.4,0.0,0.0,0.0,0.0,15794.9 MiB,3743.5 MiB,2032.6 MiB,10018.8 MiB,4096.0 MiB,3681.0 MiB,415.0 MiB,13121.1 MiB
1,Python 3.6.15,binarytrees_compatible_all.py 21,116,1694215187,1160080,python,2:16.35,25552,18624,5368,100.0,0.1,1,0,2:16,0,4,13752,0,16k,0,18624,312,2,280,30,0,13.3,1.5,0.0,85.2,0.0,0.0,0.0,0.0,15794.9 MiB,3744.0 MiB,2032.1 MiB,10018.8 MiB,4096.0 MiB,3681.0 MiB,415.0 MiB,13121.6 MiB
1,Python 3.6.15,binarytrees_compatible_all.py 21,117,1694215189,1160080,python,2:17.53,25552,18624,5368,100.0,0.1,1,0,2:17,0,4,13752,0,16k,0,18624,312,2,280,30,0,12.0,1.5,0.0,85.7,0.8,0.0,0.0,0.0,15794.9 MiB,3744.0 MiB,2032.1 MiB,10018.8 MiB,4096.0 MiB,3681.0 MiB,415.0 MiB,13121.6 MiB
1,Python 3.6.15,binarytrees_compatible_all.py 21,118,1694215190,1160080,python,2:18.70,25552,18624,5368,93.8,0.1,1,4,2:18,0,4,13752,0,16k,0,18624,312,2,280,30,0,12.8,1.5,0.0,85.7,0.0,0.0,0.0,0.0,15794.9 MiB,3744.0 MiB,2032.1 MiB,10018.8 MiB,4096.0 MiB,3681.0 MiB,415.0 MiB,13121.6 MiB
1,Python 3.6.15,binarytrees_compatible_all.py 21,119,1694215191,1160080,python,2:19.88,33232,26396,5368,100.0,0.2,1,0,2:19,0,4,21432,0,45k,0,26396,312,2,280,30,0,12.7,1.5,0.0,85.8,0.0,0.0,0.0,0.0,15794.9 MiB,3729.8 MiB,2046.3 MiB,10018.8 MiB,4096.0 MiB,3681.0 MiB,415.0 MiB,13107.4 MiB
1,Python 3.6.15,binarytrees_compatible_all.py 21,120,1694215192,1160080,python,2:21.06,37584,30748,5368,100.0,0.2,1,0,2:21,0,4,25784,0,93k,0,30748,312,2,280,30,0,12.8,2.3,0.0,83.5,1.5,0.0,0.0,0.0,15794.9 MiB,3725.8 MiB,2049.5 MiB,10019.6 MiB,4096.0 MiB,3681.0 MiB,415.0 MiB,13104.2 MiB
1,Python 3.6.15,binarytrees_compatible_all.py 21,121,1694215193,1160080,python,2:22.22,40400,33564,5368,93.8,0.2,1,0,2:22,0,4,28600,0,127k,0,33564,312,2,280,30,0,12.0,2.3,0.0,85.7,0.0,0.0,0.0,0.0,15794.9 MiB,3725.1 MiB,2050.2 MiB,10019.6 MiB,4096.0 MiB,3681.0 MiB,415.0 MiB,13103.5 MiB
1,Python 3.6.15,binarytrees_compatible_all.py 21,122,1694215195,1160080,python,2:23.40,43216,36380,5368,93.8,0.2,1,0,2:23,0,4,31416,0,146k,0,36380,312,2,280,30,0,13.4,0.7,0.0,85.8,0.0,0.0,0.0,0.0,15794.9 MiB,3724.8 MiB,2050.4 MiB,10019.6 MiB,4096.0 MiB,3681.0 MiB,415.0 MiB,13103.2 MiB
1,Python 3.6.15,binarytrees_compatible_all.py 21,123,1694215196,1160080,python,2:24.58,44496,37568,5368,93.8,0.2,1,0,2:24,0,4,32696,0,151k,0,37568,312,2,280,30,0,12.1,1.5,0.0,86.4,0.0,0.0,0.0,0.0,15794.9 MiB,3724.6 MiB,2050.7 MiB,10019.6 MiB,4096.0 MiB,3681.0 MiB,415.0 MiB,13103.0 MiB
1,Python 3.6.15,binarytrees_compatible_all.py 21,124,1694215197,1160080,python,2:25.76,44496,37568,5368,100.0,0.2,1,0,2:25,0,4,32696,0,151k,0,37568,312,2,280,30,0,13.5,1.5,0.0,85.0,0.0,0.0,0.0,0.0,15794.9 MiB,3724.3 MiB,2050.9 MiB,10019.6 MiB,4096.0 MiB,3681.0 MiB,415.0 MiB,13102.7 MiB
1,Python 3.6.15,binarytrees_compatible_all.py 21,125,1694215198,1160080,python,2:26.93,44496,37568,5368,100.0,0.2,1,0,2:26,0,4,32696,0,151k,0,37568,312,2,280,30,0,13.5,0.8,0.0,85.7,0.0,0.0,0.0,0.0,15794.9 MiB,3724.1 MiB,2051.2 MiB,10019.6 MiB,4096.0 MiB,3681.0 MiB,415.0 MiB,13102.5 MiB
1,Python 3.6.15,binarytrees_compatible_all.py 21,126,1694215199,1160080,python,2:28.11,44496,37568,5368,100.0,0.2,1,0,2:28,0,4,32696,0,151k,0,37568,312,2,280,30,0,12.9,0.8,0.0,86.4,0.0,0.0,0.0,0.0,15794.9 MiB,3724.1 MiB,2051.2 MiB,10019.6 MiB,4096.0 MiB,3681.0 MiB,415.0 MiB,13102.5 MiB
1,Python 3.6.15,binarytrees_compatible_all.py 21,127,1694215200,1160080,python,2:29.28,44496,37568,5368,100.0,0.2,1,0,2:29,0,4,32696,0,151k,0,37568,312,2,280,30,0,12.7,1.5,0.0,85.8,0.0,0.0,0.0,0.0,15794.9 MiB,3723.8 MiB,2051.4 MiB,10019.6 MiB,4096.0 MiB,3681.0 MiB,415.0 MiB,13102.2 MiB
1,Python 3.6.15,binarytrees_compatible_all.py 21,128,1694215202,1160080,python,2:30.46,44496,37568,5368,100.0,0.2,1,0,2:30,0,4,32696,0,151k,0,37568,312,2,280,30,0,12.1,1.5,0.0,86.4,0.0,0.0,0.0,0.0,15794.9 MiB,3723.8 MiB,2051.4 MiB,10019.6 MiB,4096.0 MiB,3681.0 MiB,415.0 MiB,13102.2 MiB
1,Python 3.6.15,binarytrees_compatible_all.py 21,129,1694215203,1160080,python,2:31.63,44496,37568,5368,100.0,0.2,1,0,2:31,0,4,32696,0,151k,0,37568,312,2,280,30,0,13.3,1.5,0.0,85.2,0.0,0.0,0.0,0.0,15794.9 MiB,3723.8 MiB,2051.4 MiB,10019.6 MiB,4096.0 MiB,3681.0 MiB,415.0 MiB,13102.2 MiB
1,Python 3.6.15,binarytrees_compatible_all.py 21,130,1694215204,1160080,python,2:32.82,44496,37568,5368,100.0,0.2,1,0,2:32,0,4,32696,0,151k,0,37568,312,2,280,30,0,13.4,2.1,0.0,84.5,0.0,0.0,0.0,0.0,15794.9 MiB,3724.1 MiB,2051.2 MiB,10019.6 MiB,4096.0 MiB,3681.0 MiB,415.0 MiB,13102.5 MiB
1,Python 3.6.15,binarytrees_compatible_all.py 21,131,1694215205,1160080,python,2:34.00,44496,37568,5368,100.0,0.2,1,0,2:34,0,4,32696,0,151k,0,37568,312,2,280,30,0,12.7,1.5,0.0,85.8,0.0,0.0,0.0,0.0,15794.9 MiB,3723.8 MiB,2051.4 MiB,10019.6 MiB,4096.0 MiB,3681.0 MiB,415.0 MiB,13102.2 MiB
1,Python 3.6.15,binarytrees_compatible_all.py 21,132,1694215206,1160080,python,2:35.17,44496,37568,5368,100.0,0.2,1,0,2:35,0,4,32696,0,151k,0,37568,312,2,280,30,0,13.4,1.5,0.0,85.1,0.0,0.0,0.0,0.0,15794.9 MiB,3724.1 MiB,2051.2 MiB,10019.6 MiB,4096.0 MiB,3681.0 MiB,415.0 MiB,13102.5 MiB
1,Python 3.6.15,binarytrees_compatible_all.py 21,133,1694215207,1160080,python,2:36.34,44496,37568,5368,93.8,0.2,1,0,2:36,0,4,32696,0,151k,0,37568,312,2,280,30,0,13.5,0.8,0.0,85.7,0.0,0.0,0.0,0.0,15794.9 MiB,3723.8 MiB,2051.4 MiB,10019.6 MiB,4096.0 MiB,3681.0 MiB,415.0 MiB,13102.2 MiB
1,Python 3.6.15,binarytrees_compatible_all.py 21,134,1694215209,1160080,python,2:37.52,44496,37568,5368,100.0,0.2,1,0,2:37,0,4,32696,0,151k,0,37568,312,2,280,30,0,12.2,0.8,0.0,87.0,0.0,0.0,0.0,0.0,15794.9 MiB,3724.1 MiB,2051.2 MiB,10019.6 MiB,4096.0 MiB,3681.0 MiB,415.0 MiB,13102.5 MiB
1,Python 3.6.15,binarytrees_compatible_all.py 21,135,1694215210,1160080,python,2:38.69,44496,37568,5368,93.8,0.2,1,0,2:38,0,4,32696,0,151k,0,37568,312,2,280,30,0,12.1,0.8,0.0,87.1,0.0,0.0,0.0,0.0,15794.9 MiB,3723.6 MiB,2051.6 MiB,10019.6 MiB,4096.0 MiB,3681.0 MiB,415.0 MiB,13102.0 MiB
1,Python 3.6.15,binarytrees_compatible_all.py 21,136,1694215211,1160080,python,2:39.87,44496,37568,5368,100.0,0.2,1,0,2:39,0,4,32696,0,151k,0,37568,312,2,280,30,0,13.9,1.5,0.0,84.7,0.0,0.0,0.0,0.0,15794.9 MiB,3723.8 MiB,2051.4 MiB,10019.6 MiB,4096.0 MiB,3681.0 MiB,415.0 MiB,13102.3 MiB
1,Python 3.6.15,binarytrees_compatible_all.py 21,137,1694215212,1160080,python,2:41.05,44496,37568,5368,100.0,0.2,1,0,2:41,0,4,32696,0,151k,0,37568,312,2,280,30,0,13.5,0.8,0.0,85.7,0.0,0.0,0.0,0.0,15794.9 MiB,3723.3 MiB,2051.9 MiB,10019.6 MiB,4096.0 MiB,3681.0 MiB,415.0 MiB,13101.8 MiB
1,Python 3.6.15,binarytrees_compatible_all.py 21,138,1694215213,1160080,python,2:42.22,44496,37568,5368,93.8,0.2,1,0,2:42,0,4,32696,0,151k,0,37568,312,2,280,30,0,12.7,1.5,0.0,85.8,0.0,0.0,0.0,0.0,15794.9 MiB,3722.4 MiB,2052.9 MiB,10019.6 MiB,4096.0 MiB,3681.0 MiB,415.0 MiB,13100.8 MiB
1,Python 3.6.15,binarytrees_compatible_all.py 21,139,1694215215,1160080,python,2:43.40,44496,37568,5368,100.0,0.2,1,0,2:43,0,4,32696,0,151k,0,37568,312,2,280,30,0,12.8,0.8,0.0,86.5,0.0,0.0,0.0,0.0,15794.9 MiB,3722.1 MiB,2053.1 MiB,10019.6 MiB,4096.0 MiB,3681.0 MiB,415.0 MiB,13100.5 MiB
1,Python 3.6.15,binarytrees_compatible_all.py 21,140,1694215216,1160080,python,2:44.57,44496,37568,5368,100.0,0.2,1,0,2:44,0,4,32696,0,151k,0,37568,312,2,280,30,0,13.5,0.8,0.0,85.7,0.0,0.0,0.0,0.0,15794.9 MiB,3722.1 MiB,2053.1 MiB,10019.6 MiB,4096.0 MiB,3681.0 MiB,415.0 MiB,13100.5 MiB
1,Python 3.6.15,binarytrees_compatible_all.py 21,141,1694215217,1160080,python,2:45.75,44496,37568,5368,100.0,0.2,1,4,2:45,0,4,32696,0,151k,0,37568,312,2,280,30,0,13.5,0.8,0.0,85.7,0.0,0.0,0.0,0.0,15794.9 MiB,3722.1 MiB,2053.1 MiB,10019.6 MiB,4096.0 MiB,3681.0 MiB,415.0 MiB,13100.5 MiB
1,Python 3.6.15,binarytrees_compatible_all.py 21,142,1694215218,1160080,python,2:46.93,90064,83148,5368,100.0,0.5,1,4,2:46,0,4,78264,0,192k,0,83148,312,2,280,30,0,12.9,0.8,0.0,86.4,0.0,0.0,0.0,0.0,15794.9 MiB,3685.7 MiB,2089.5 MiB,10019.7 MiB,4096.0 MiB,3681.0 MiB,415.0 MiB,13064.1 MiB
1,Python 3.6.15,binarytrees_compatible_all.py 21,143,1694215219,1160080,python,2:48.10,111824,104972,5368,100.0,0.6,1,4,2:48,0,4,100024,0,256k,0,104972,312,2,280,30,0,11.4,2.3,0.0,86.4,0.0,0.0,0.0,0.0,15794.9 MiB,3664.3 MiB,2110.9 MiB,10019.7 MiB,4096.0 MiB,3681.0 MiB,415.0 MiB,13042.7 MiB
1,Python 3.6.15,binarytrees_compatible_all.py 21,144,1694215220,1160080,python,2:49.28,73424,66672,5368,100.0,0.4,1,0,2:49,0,4,61624,0,317k,0,66672,312,2,280,30,0,12.0,2.3,0.0,85.7,0.0,0.0,0.0,0.0,15794.9 MiB,3689.0 MiB,2086.2 MiB,10019.7 MiB,4096.0 MiB,3681.0 MiB,415.0 MiB,13067.5 MiB
1,Python 3.6.15,binarytrees_compatible_all.py 21,145,1694215222,1160080,python,2:50.45,71888,65136,5368,100.0,0.4,1,0,2:50,0,4,60088,0,374k,0,65136,312,2,280,30,0,12.7,1.5,0.0,85.1,0.7,0.0,0.0,0.0,15794.9 MiB,3684.9 MiB,2090.3 MiB,10019.7 MiB,4096.0 MiB,3681.0 MiB,415.0 MiB,13063.3 MiB
1,Python 3.6.15,binarytrees_compatible_all.py 21,146,1694215223,1160080,python,2:51.62,84688,77716,5368,93.8,0.5,1,0,2:51,0,4,72888,0,433k,0,77716,312,2,280,30,0,12.0,1.5,0.0,86.5,0.0,0.0,0.0,0.0,15794.9 MiB,3682.1 MiB,2093.1 MiB,10019.7 MiB,4096.0 MiB,3681.0 MiB,415.0 MiB,13060.5 MiB
1,Python 3.6.15,binarytrees_compatible_all.py 21,147,1694215224,1160080,python,2:52.80,107472,100732,5368,100.0,0.6,1,0,2:52,0,4,95672,0,495k,0,100732,312,2,280,30,0,12.7,1.5,0.0,85.8,0.0,0.0,0.0,0.0,15794.9 MiB,3662.3 MiB,2112.9 MiB,10019.7 MiB,4096.0 MiB,3681.0 MiB,415.0 MiB,13040.8 MiB
1,Python 3.6.15,binarytrees_compatible_all.py 21,148,1694215225,1160080,python,2:53.97,73936,67184,5368,93.8,0.4,1,0,2:53,0,4,62136,0,553k,0,67184,312,2,280,30,0,12.0,1.5,0.0,86.5,0.0,0.0,0.0,0.0,15794.9 MiB,3682.6 MiB,2092.6 MiB,10019.7 MiB,4096.0 MiB,3681.0 MiB,415.0 MiB,13061.1 MiB
1,Python 3.6.15,binarytrees_compatible_all.py 21,149,1694215226,1160080,python,2:55.15,76752,70000,5368,100.0,0.4,1,0,2:55,0,4,64952,0,608k,0,70000,312,2,280,30,0,12.1,1.5,0.0,86.4,0.0,0.0,0.0,0.0,15794.9 MiB,3680.1 MiB,2095.1 MiB,10019.7 MiB,4096.0 MiB,3681.0 MiB,415.0 MiB,13058.5 MiB
1,Python 3.6.15,binarytrees_compatible_all.py 21,150,1694215227,1160080,python,2:56.33,87248,80340,5368,100.0,0.5,1,0,2:56,0,4,75448,0,664k,0,80340,312,2,280,30,0,11.9,2.2,0.0,85.1,0.7,0.0,0.0,0.0,15794.9 MiB,3681.5 MiB,2093.7 MiB,10019.7 MiB,4096.0 MiB,3681.0 MiB,415.0 MiB,13060.0 MiB
1,Python 3.6.15,binarytrees_compatible_all.py 21,151,1694215229,1160080,python,2:57.50,113104,106124,5368,100.0,0.7,1,0,2:57,0,4,101304,0,722k,0,106124,312,2,280,30,0,12.8,0.8,0.0,86.5,0.0,0.0,0.0,0.0,15794.9 MiB,3656.9 MiB,2118.3 MiB,10019.7 MiB,4096.0 MiB,3681.0 MiB,415.0 MiB,13035.4 MiB
1,Python 3.6.15,binarytrees_compatible_all.py 21,152,1694215230,1160080,python,2:58.68,78800,72048,5368,100.0,0.4,1,0,2:58,0,4,67000,0,776k,0,72048,312,2,280,30,0,11.9,2.2,0.0,85.8,0.0,0.0,0.0,0.0,15794.9 MiB,3678.1 MiB,2097.1 MiB,10019.7 MiB,4096.0 MiB,3681.0 MiB,415.0 MiB,13056.5 MiB
1,Python 3.6.15,binarytrees_compatible_all.py 21,153,1694215231,1160080,python,2:59.85,77264,70512,5368,100.0,0.4,1,0,2:59,0,4,65464,0,827k,0,70512,312,2,280,30,0,12.8,1.5,0.0,85.7,0.0,0.0,0.0,0.0,15794.9 MiB,3679.3 MiB,2095.9 MiB,10019.7 MiB,4096.0 MiB,3681.0 MiB,415.0 MiB,13057.8 MiB
1,Python 3.6.15,binarytrees_compatible_all.py 21,154,1694215232,1160080,python,3:01.03,98256,91276,5368,100.0,0.6,1,0,3:01,0,4,86456,0,882k,0,91276,312,2,280,30,0,13.5,0.8,0.0,85.7,0.0,0.0,0.0,0.0,15794.9 MiB,3671.2 MiB,2104.0 MiB,10019.7 MiB,4096.0 MiB,3681.0 MiB,415.0 MiB,13049.6 MiB
1,Python 3.6.15,binarytrees_compatible_all.py 21,155,1694215233,1160080,python,3:02.20,90832,84080,5368,100.0,0.5,1,0,3:02,0,4,79032,0,937k,0,84080,312,2,280,30,0,11.5,2.3,0.0,86.3,0.0,0.0,0.0,0.0,15794.9 MiB,3650.4 MiB,2124.8 MiB,10019.7 MiB,4096.0 MiB,3681.0 MiB,415.0 MiB,13028.8 MiB
1,Python 3.6.15,binarytrees_compatible_all.py 21,156,1694215234,1160080,python,3:03.37,79312,72560,5368,100.0,0.4,1,0,3:03,0,4,67512,0,985k,0,72560,312,2,280,30,0,12.0,2.3,0.0,85.7,0.0,0.0,0.0,0.0,15794.9 MiB,3677.8 MiB,2097.4 MiB,10019.7 MiB,4096.0 MiB,3681.0 MiB,415.0 MiB,13056.3 MiB
1,Python 3.6.15,binarytrees_compatible_all.py 21,157,1694215236,1160080,python,3:04.55,85712,78804,5368,100.0,0.5,1,0,3:04,0,4,73912,0,1.0m,0,78804,312,2,280,30,0,11.4,2.3,0.0,86.4,0.0,0.0,0.0,0.0,15794.9 MiB,3675.0 MiB,2100.2 MiB,10019.7 MiB,4096.0 MiB,3681.0 MiB,415.0 MiB,13053.5 MiB
1,Python 3.6.15,binarytrees_compatible_all.py 21,158,1694215237,1160080,python,3:05.73,114896,107892,5368,100.0,0.7,1,0,3:05,0,4,103096,0,1.1m,0,107892,312,2,280,30,0,11.9,3.7,0.0,84.4,0.0,0.0,0.0,0.0,15794.9 MiB,3655.7 MiB,2119.5 MiB,10019.7 MiB,4096.0 MiB,3681.0 MiB,415.0 MiB,13034.2 MiB
1,Python 3.6.15,binarytrees_compatible_all.py 21,159,1694215238,1160080,python,3:06.90,81360,74608,5368,100.0,0.5,1,0,3:06,0,4,69560,0,1.1m,0,74608,312,2,280,30,0,12.8,1.5,0.0,85.7,0.0,0.0,0.0,0.0,15794.9 MiB,3676.8 MiB,2098.4 MiB,10019.7 MiB,4096.0 MiB,3681.0 MiB,415.0 MiB,13055.2 MiB
1,Python 3.6.15,binarytrees_compatible_all.py 21,160,1694215239,1160080,python,3:08.07,84176,77424,5368,93.8,0.5,1,0,3:08,0,4,72376,0,1.2m,0,77424,312,2,280,30,0,12.0,2.3,0.0,85.7,0.0,0.0,0.0,0.0,15794.9 MiB,3673.7 MiB,2101.5 MiB,10019.7 MiB,4096.0 MiB,3681.0 MiB,415.0 MiB,13052.2 MiB
1,Python 3.6.15,binarytrees_compatible_all.py 21,161,1694215240,1160080,python,3:09.25,109776,102812,5368,100.0,0.6,1,4,3:09,0,4,97976,0,1.2m,0,102812,312,2,280,30,0,12.1,1.5,0.0,86.4,0.0,0.0,0.0,0.0,15794.9 MiB,3659.9 MiB,2115.3 MiB,10019.7 MiB,4096.0 MiB,3681.0 MiB,415.0 MiB,13038.3 MiB
1,Python 3.6.15,binarytrees_compatible_all.py 21,162,1694215242,1160080,python,3:10.42,83408,76656,5368,93.8,0.5,1,4,3:10,0,4,71608,0,1.2m,0,76656,312,2,280,30,0,12.8,0.8,0.0,86.5,0.0,0.0,0.0,0.0,15794.9 MiB,3673.5 MiB,2101.7 MiB,10019.7 MiB,4096.0 MiB,3681.0 MiB,415.0 MiB,13052.0 MiB
1,Python 3.6.15,binarytrees_compatible_all.py 21,163,1694215243,1160080,python,3:11.60,86224,79472,5368,100.0,0.5,1,0,3:11,0,4,74424,0,1.3m,0,79472,312,2,280,30,0,12.7,2.2,0.0,85.1,0.0,0.0,0.0,0.0,15794.9 MiB,3670.7 MiB,2104.5 MiB,10019.7 MiB,4096.0 MiB,3681.0 MiB,415.0 MiB,13049.2 MiB
1,Python 3.6.15,binarytrees_compatible_all.py 21,164,1694215244,1160080,python,3:12.78,110288,103276,5368,100.0,0.6,1,0,3:12,0,4,98488,0,1.3m,0,103276,312,2,280,30,0,12.9,0.8,0.0,86.4,0.0,0.0,0.0,0.0,15794.9 MiB,3658.9 MiB,2116.3 MiB,10019.7 MiB,4096.0 MiB,3681.0 MiB,415.0 MiB,13037.4 MiB
1,Python 3.6.15,binarytrees_compatible_all.py 21,165,1694215245,1160080,python,3:13.95,85456,78704,5368,93.8,0.5,1,0,3:13,0,4,73656,0,1.4m,0,78704,312,2,280,30,0,11.5,1.5,0.0,87.0,0.0,0.0,0.0,0.0,15794.9 MiB,3671.2 MiB,2104.0 MiB,10019.7 MiB,4096.0 MiB,3681.0 MiB,415.0 MiB,13049.7 MiB
1,Python 3.6.15,binarytrees_compatible_all.py 21,166,1694215246,1160080,python,3:15.12,208592,201420,5368,93.8,1.2,1,0,3:15,0,4,196792,0,1.4m,0,201420,312,2,280,30,0,11.9,2.2,0.0,85.8,0.0,0.0,0.0,0.0,15794.9 MiB,3562.7 MiB,2212.5 MiB,10019.7 MiB,4096.0 MiB,3681.0 MiB,415.0 MiB,12941.1 MiB
1,Python 3.6.15,binarytrees_compatible_all.py 21,167,1694215247,1160080,python,3:16.30,222672,216000,5368,93.8,1.3,1,0,3:16,0,4,210872,0,1.5m,0,216000,312,2,280,30,0,13.5,0.8,0.0,85.7,0.0,0.0,0.0,0.0,15794.9 MiB,3536.8 MiB,2238.3 MiB,10019.7 MiB,4096.0 MiB,3681.0 MiB,415.0 MiB,12915.3 MiB
1,Python 3.6.15,binarytrees_compatible_all.py 21,168,1694215249,1160080,python,3:17.48,300496,293676,5368,100.0,1.8,1,0,3:17,0,4,288696,0,1.6m,0,293676,312,2,280,30,0,11.9,3.0,0.0,85.1,0.0,0.0,0.0,0.0,15794.9 MiB,3475.6 MiB,2299.6 MiB,10019.7 MiB,4096.0 MiB,3681.0 MiB,415.0 MiB,12854.0 MiB
1,Python 3.6.15,binarytrees_compatible_all.py 21,169,1694215250,1160080,python,3:18.65,421072,414252,5368,100.0,2.6,1,0,3:18,0,4,409272,0,1.6m,0,414252,312,2,280,30,0,11.1,3.7,0.0,85.2,0.0,0.0,0.0,0.0,15794.9 MiB,3357.4 MiB,2417.7 MiB,10019.7 MiB,4096.0 MiB,3681.0 MiB,415.0 MiB,12735.9 MiB
1,Python 3.6.15,binarytrees_compatible_all.py 21,170,1694215251,1160080,python,3:19.83,223184,216512,5368,100.0,1.3,1,0,3:19,0,4,211384,0,1.7m,0,216512,312,2,280,30,0,12.7,1.5,0.0,85.8,0.0,0.0,0.0,0.0,15794.9 MiB,3538.6 MiB,2236.6 MiB,10019.7 MiB,4096.0 MiB,3681.0 MiB,415.0 MiB,12917.1 MiB
1,Python 3.6.15,binarytrees_compatible_all.py 21,171,1694215252,1160080,python,3:21.00,275920,268844,5368,93.8,1.7,1,0,3:21,0,4,264120,0,1.7m,0,268844,312,2,280,30,0,11.9,2.2,0.0,85.8,0.0,0.0,0.0,0.0,15794.9 MiB,3499.4 MiB,2275.7 MiB,10019.7 MiB,4096.0 MiB,3681.0 MiB,415.0 MiB,12877.9 MiB
1,Python 3.6.15,binarytrees_compatible_all.py 21,172,1694215253,1160080,python,3:22.18,397264,390476,5368,100.0,2.4,1,0,3:22,0,4,385464,0,1.8m,0,390476,312,2,280,30,0,11.4,2.3,0.0,86.4,0.0,0.0,0.0,0.0,15794.9 MiB,3380.3 MiB,2394.8 MiB,10019.7 MiB,4096.0 MiB,3681.0 MiB,415.0 MiB,12758.8 MiB
1,Python 3.6.15,binarytrees_compatible_all.py 21,173,1694215254,1160080,python,3:23.36,223696,217024,5368,100.0,1.3,1,0,3:23,0,4,211896,0,1.9m,0,217024,312,2,280,30,0,12.0,2.3,0.0,85.7,0.0,0.0,0.0,0.0,15794.9 MiB,3537.6 MiB,2237.6 MiB,10019.7 MiB,4096.0 MiB,3681.0 MiB,415.0 MiB,12916.1 MiB
1,Python 3.6.15,binarytrees_compatible_all.py 21,174,1694215256,1160080,python,3:24.53,253392,246388,5368,100.0,1.5,1,0,3:24,0,4,241592,0,1.9m,0,246388,312,2,280,30,0,13.5,0.8,0.0,85.7,0.0,0.0,0.0,0.0,15794.9 MiB,3520.8 MiB,2254.3 MiB,10019.7 MiB,4096.0 MiB,3681.0 MiB,415.0 MiB,12899.3 MiB
1,Python 3.6.15,binarytrees_compatible_all.py 21,175,1694215257,1160080,python,3:25.71,374480,367756,5368,100.0,2.3,1,0,3:25,0,4,362680,0,2.0m,0,367756,312,2,280,30,0,12.0,1.5,0.0,86.5,0.0,0.0,0.0,0.0,15794.9 MiB,3401.7 MiB,2373.4 MiB,10019.7 MiB,4096.0 MiB,3681.0 MiB,415.0 MiB,12780.2 MiB
1,Python 3.6.15,binarytrees_compatible_all.py 21,176,1694215258,1160080,python,3:26.88,224208,217536,5368,93.8,1.3,1,0,3:26,0,4,212408,0,2.1m,0,217536,312,2,280,30,0,12.0,1.5,0.0,86.5,0.0,0.0,0.0,0.0,15794.9 MiB,3536.3 MiB,2238.8 MiB,10019.7 MiB,4096.0 MiB,3681.0 MiB,415.0 MiB,12914.9 MiB
1,Python 3.6.15,binarytrees_compatible_all.py 21,177,1694215259,1160080,python,3:28.06,230864,223932,5368,100.0,1.4,1,0,3:28,0,4,219064,0,2.1m,0,223932,312,2,280,30,0,12.8,0.8,0.0,86.5,0.0,0.0,0.0,0.0,15794.9 MiB,3538.1 MiB,2237.0 MiB,10019.7 MiB,4096.0 MiB,3681.0 MiB,415.0 MiB,12916.6 MiB
1,Python 3.6.15,binarytrees_compatible_all.py 21,178,1694215260,1160080,python,3:29.23,351440,344508,5368,100.0,2.1,1,0,3:29,0,4,339640,0,2.2m,0,344508,312,2,280,30,0,11.4,2.3,0.0,86.4,0.0,0.0,0.0,0.0,15794.9 MiB,3424.1 MiB,2351.0 MiB,10019.7 MiB,4096.0 MiB,3681.0 MiB,415.0 MiB,12802.6 MiB
1,Python 3.6.15,binarytrees_compatible_all.py 21,179,1694215262,1160080,python,3:30.40,224720,218048,5368,93.8,1.3,1,0,3:30,0,4,212920,0,2.3m,0,218048,312,2,280,30,0,12.8,1.5,0.0,85.7,0.0,0.0,0.0,0.0,15794.9 MiB,3535.4 MiB,2239.7 MiB,10019.7 MiB,4096.0 MiB,3681.0 MiB,415.0 MiB,12913.9 MiB
1,Python 3.6.15,binarytrees_compatible_all.py 21,180,1694215263,1160080,python,3:31.58,222672,216000,5368,93.8,1.3,1,0,3:31,0,4,210872,0,2.3m,0,216000,312,2,280,30,0,12.2,1.5,0.0,86.3,0.0,0.0,0.0,0.0,15794.9 MiB,3537.6 MiB,2237.5 MiB,10019.7 MiB,4096.0 MiB,3681.0 MiB,415.0 MiB,12916.1 MiB
1,Python 3.6.15,binarytrees_compatible_all.py 21,181,1694215264,1160080,python,3:32.75,325584,318884,5368,93.8,2.0,1,0,3:32,0,4,313784,0,2.4m,0,318884,312,2,280,30,0,11.4,2.3,0.0,86.4,0.0,0.0,0.0,0.0,15794.9 MiB,3449.2 MiB,2325.9 MiB,10019.7 MiB,4096.0 MiB,3681.0 MiB,415.0 MiB,12827.8 MiB
1,Python 3.6.15,binarytrees_compatible_all.py 21,182,1694215265,1160080,python,3:33.93,272848,266176,5368,100.0,1.6,1,0,3:33,0,4,261048,0,2.4m,0,266176,312,2,280,30,0,11.4,2.3,0.0,86.4,0.0,0.0,0.0,0.0,15794.9 MiB,3471.9 MiB,2303.3 MiB,10019.7 MiB,4096.0 MiB,3681.0 MiB,415.0 MiB,12850.4 MiB
1,Python 3.6.15,binarytrees_compatible_all.py 21,183,1694215266,1160080,python,3:35.10,223184,216512,5368,100.0,1.3,1,0,3:35,0,4,211384,0,2.5m,0,216512,312,2,280,30,0,13.0,0.8,0.0,86.3,0.0,0.0,0.0,0.0,15794.9 MiB,3536.6 MiB,2238.5 MiB,10019.7 MiB,4096.0 MiB,3681.0 MiB,415.0 MiB,12915.1 MiB
1,Python 3.6.15,binarytrees_compatible_all.py 21,184,1694215267,1160080,python,3:36.28,302288,295372,5368,100.0,1.8,1,0,3:36,0,4,290488,0,2.6m,0,295372,312,3,279,30,0,11.3,3.0,0.0,85.7,0.0,0.0,0.0,0.0,15794.9 MiB,3471.9 MiB,2303.3 MiB,10019.7 MiB,4096.0 MiB,3681.0 MiB,415.0 MiB,12850.4 MiB
1,Python 3.6.15,binarytrees_compatible_all.py 21,185,1694215269,1160080,python,3:37.46,403664,396992,5368,100.0,2.5,1,0,3:37,0,4,391864,0,2.6m,0,396992,312,2,280,30,0,12.7,1.5,0.0,84.3,1.5,0.0,0.0,0.0,15794.9 MiB,3352.3 MiB,2422.8 MiB,10019.7 MiB,4096.0 MiB,3681.0 MiB,415.0 MiB,12730.8 MiB
1,Python 3.6.15,binarytrees_compatible_all.py 21,186,1694215270,1160080,python,3:38.63,223696,217024,5368,100.0,1.3,1,4,3:38,0,4,211896,0,2.7m,0,217024,312,2,280,30,0,13.4,1.5,0.0,85.1,0.0,0.0,0.0,0.0,15794.9 MiB,3534.6 MiB,2240.5 MiB,10019.7 MiB,4096.0 MiB,3681.0 MiB,415.0 MiB,12913.2 MiB
1,Python 3.6.15,binarytrees_compatible_all.py 21,187,1694215271,1160080,python,3:39.81,278480,271596,5368,100.0,1.7,1,4,3:39,0,4,266680,0,2.7m,0,271596,312,2,280,30,0,12.1,1.5,0.0,86.4,0.0,0.0,0.0,0.0,15794.9 MiB,3493.0 MiB,2282.1 MiB,10019.7 MiB,4096.0 MiB,3681.0 MiB,415.0 MiB,12871.6 MiB
1,Python 3.6.15,binarytrees_compatible_all.py 21,188,1694215272,1160080,python,3:40.99,401104,394156,5368,100.0,2.4,1,4,3:40,0,4,389304,0,2.8m,0,394156,312,2,280,30,0,12.0,2.3,0.0,85.7,0.0,0.0,0.0,0.0,15794.9 MiB,3374.2 MiB,2400.9 MiB,10019.8 MiB,4096.0 MiB,3681.0 MiB,415.0 MiB,12752.7 MiB
1,Python 3.6.15,binarytrees_compatible_all.py 21,189,1694215273,1160080,python,3:42.15,224208,217536,5368,100.0,1.3,1,4,3:42,0,4,212408,0,2.9m,0,217536,312,2,280,30,0,13.3,1.5,0.0,85.2,0.0,0.0,0.0,0.0,15794.9 MiB,3534.9 MiB,2240.2 MiB,10019.8 MiB,4096.0 MiB,3681.0 MiB,415.0 MiB,12913.4 MiB
1,Python 3.6.15,binarytrees_compatible_all.py 21,190,1694215274,1160080,python,3:43.33,0,0,0,100.0,0.0,1,0,3:43,0,0,0,0,2.9m,0,0,312,2,280,30,0,11.4,1.5,0.0,86.4,0.8,0.0,0.0,0.0,15794.9 MiB,3715.3 MiB,2059.8 MiB,10019.8 MiB,4096.0 MiB,3681.0 MiB,415.0 MiB,13093.9 MiB
2,Python 3.6.15,binarytrees_compatible_all.py 21,0,1694215276,1161304,python,0:00.11,31616,25028,5452,68.8,0.2,1,4,0:00,0,4,19816,1,6057,0,25028,312,2,280,30,0,19.4,7.5,0.0,73.1,0.0,0.0,0.0,0.0,15794.9 MiB,3723.2 MiB,2044.8 MiB,10027.0 MiB,4096.0 MiB,3681.0 MiB,415.0 MiB,13101.7 MiB
2,Python 3.6.15,binarytrees_compatible_all.py 21,1,1694215277,1161304,python,0:01.29,31616,25028,5452,100.0,0.2,1,4,0:01,0,4,19816,1,6057,0,25028,312,2,280,30,0,12.8,1.5,0.0,85.7,0.0,0.0,0.0,0.0,15794.9 MiB,3724.4 MiB,2043.5 MiB,10027.0 MiB,4096.0 MiB,3681.0 MiB,415.0 MiB,13102.9 MiB
2,Python 3.6.15,binarytrees_compatible_all.py 21,2,1694215278,1161304,python,0:02.46,31616,25028,5452,100.0,0.2,1,4,0:02,0,4,19816,1,6057,0,25028,312,2,280,30,0,12.3,0.8,0.0,86.9,0.0,0.0,0.0,0.0,15794.9 MiB,3722.9 MiB,2045.0 MiB,10027.0 MiB,4096.0 MiB,3681.0 MiB,415.0 MiB,13101.5 MiB
2,Python 3.6.15,binarytrees_compatible_all.py 21,3,1694215279,1161304,python,0:03.64,31616,25028,5452,100.0,0.2,1,4,0:03,0,4,19816,1,6057,0,25028,312,2,280,30,0,12.8,1.4,0.0,85.8,0.0,0.0,0.0,0.0,15794.9 MiB,3730.1 MiB,2044.9 MiB,10020.0 MiB,4096.0 MiB,3681.0 MiB,415.0 MiB,13108.6 MiB
2,Python 3.6.15,binarytrees_compatible_all.py 21,4,1694215280,1161304,python,0:04.82,31616,25028,5452,100.0,0.2,1,4,0:04,0,4,19816,1,6057,0,25028,312,2,280,30,0,13.5,0.8,0.0,85.7,0.0,0.0,0.0,0.0,15794.9 MiB,3730.5 MiB,2044.3 MiB,10020.0 MiB,4096.0 MiB,3681.0 MiB,415.0 MiB,13109.1 MiB
2,Python 3.6.15,binarytrees_compatible_all.py 21,5,1694215282,1161304,python,0:06.00,31616,25028,5452,100.0,0.2,1,4,0:06,0,4,19816,1,6057,0,25028,312,2,280,30,0,12.8,0.8,0.0,86.5,0.0,0.0,0.0,0.0,15794.9 MiB,3730.5 MiB,2044.3 MiB,10020.0 MiB,4096.0 MiB,3681.0 MiB,415.0 MiB,13109.1 MiB
2,Python 3.6.15,binarytrees_compatible_all.py 21,6,1694215283,1161304,python,0:07.17,31616,25028,5452,100.0,0.2,1,0,0:07,0,4,19816,1,6057,0,25028,312,2,280,30,0,12.2,0.8,0.0,87.0,0.0,0.0,0.0,0.0,15794.9 MiB,3730.5 MiB,2044.3 MiB,10020.0 MiB,4096.0 MiB,3681.0 MiB,415.0 MiB,13109.1 MiB
2,Python 3.6.15,binarytrees_compatible_all.py 21,7,1694215284,1161304,python,0:08.34,31616,25028,5452,93.8,0.2,1,0,0:08,0,4,19816,1,6057,0,25028,312,2,280,30,0,12.1,1.5,0.0,86.4,0.0,0.0,0.0,0.0,15794.9 MiB,3730.1 MiB,2044.8 MiB,10020.0 MiB,4096.0 MiB,3681.0 MiB,415.0 MiB,13108.6 MiB
2,Python 3.6.15,binarytrees_compatible_all.py 21,8,1694215285,1161304,python,0:09.52,31616,25028,5452,100.0,0.2,1,0,0:09,0,4,19816,1,6057,0,25028,312,2,280,30,0,12.7,2.2,0.0,84.3,0.7,0.0,0.0,0.0,15794.9 MiB,3730.3 MiB,2044.6 MiB,10020.0 MiB,4096.0 MiB,3681.0 MiB,415.0 MiB,13108.9 MiB
2,Python 3.6.15,binarytrees_compatible_all.py 21,9,1694215286,1161304,python,0:10.69,31616,25028,5452,93.8,0.2,1,0,0:10,0,4,19816,1,6057,0,25028,312,2,280,30,0,12.9,0.8,0.0,86.4,0.0,0.0,0.0,0.0,15794.9 MiB,3730.3 MiB,2044.6 MiB,10020.0 MiB,4096.0 MiB,3681.0 MiB,415.0 MiB,13108.9 MiB
2,Python 3.6.15,binarytrees_compatible_all.py 21,10,1694215287,1161304,python,0:11.87,31616,25028,5452,100.0,0.2,1,0,0:11,0,4,19816,1,6057,0,25028,312,2,280,30,0,12.8,1.5,0.0,85.7,0.0,0.0,0.0,0.0,15794.9 MiB,3730.3 MiB,2044.6 MiB,10020.0 MiB,4096.0 MiB,3681.0 MiB,415.0 MiB,13108.9 MiB
2,Python 3.6.15,binarytrees_compatible_all.py 21,11,1694215289,1161304,python,0:13.04,31616,25028,5452,100.0,0.2,1,0,0:13,0,4,19816,1,6057,0,25028,312,2,280,30,0,13.3,1.5,0.0,85.2,0.0,0.0,0.0,0.0,15794.9 MiB,3730.3 MiB,2044.5 MiB,10020.1 MiB,4096.0 MiB,3681.0 MiB,415.0 MiB,13108.9 MiB
2,Python 3.6.15,binarytrees_compatible_all.py 21,12,1694215290,1161304,python,0:14.22,31616,25028,5452,100.0,0.2,1,0,0:14,0,4,19816,1,6057,0,25028,312,2,280,30,0,13.0,0.0,0.0,87.0,0.0,0.0,0.0,0.0,15794.9 MiB,3730.5 MiB,2044.3 MiB,10020.1 MiB,4096.0 MiB,3681.0 MiB,415.0 MiB,13109.1 MiB
2,Python 3.6.15,binarytrees_compatible_all.py 21,13,1694215291,1161304,python,0:15.39,31616,25028,5452,93.8,0.2,1,0,0:15,0,4,19816,1,6057,0,25028,312,2,280,30,0,12.8,1.5,0.0,85.7,0.0,0.0,0.0,0.0,15794.9 MiB,3730.5 MiB,2044.3 MiB,10020.0 MiB,4096.0 MiB,3681.0 MiB,415.0 MiB,13109.1 MiB
2,Python 3.6.15,binarytrees_compatible_all.py 21,14,1694215292,1161304,python,0:16.57,31616,25028,5452,100.0,0.2,1,0,0:16,0,4,19816,1,6057,0,25028,312,2,280,30,0,12.8,1.5,0.0,85.7,0.0,0.0,0.0,0.0,15794.9 MiB,3730.5 MiB,2044.3 MiB,10020.0 MiB,4096.0 MiB,3681.0 MiB,415.0 MiB,13109.1 MiB
2,Python 3.6.15,binarytrees_compatible_all.py 21,15,1694215293,1161304,python,0:17.74,31616,25028,5452,100.0,0.2,1,0,0:17,0,4,19816,1,6057,0,25028,312,2,280,30,0,13.6,0.0,0.0,86.4,0.0,0.0,0.0,0.0,15794.9 MiB,3731.3 MiB,2043.6 MiB,10020.0 MiB,4096.0 MiB,3681.0 MiB,415.0 MiB,13109.9 MiB
2,Python 3.6.15,binarytrees_compatible_all.py 21,16,1694215294,1161304,python,0:18.92,31616,25028,5452,100.0,0.2,1,0,0:18,0,4,19816,1,6057,0,25028,312,2,280,30,0,12.1,1.5,0.0,86.4,0.0,0.0,0.0,0.0,15794.9 MiB,3731.3 MiB,2043.6 MiB,10020.0 MiB,4096.0 MiB,3681.0 MiB,415.0 MiB,13109.9 MiB
2,Python 3.6.15,binarytrees_compatible_all.py 21,17,1694215296,1161304,python,0:20.09,31616,25028,5452,93.8,0.2,1,0,0:20,0,4,19816,1,6057,0,25028,312,2,280,30,0,12.9,0.8,0.0,86.4,0.0,0.0,0.0,0.0,15794.9 MiB,3731.5 MiB,2043.3 MiB,10020.0 MiB,4096.0 MiB,3681.0 MiB,415.0 MiB,13110.1 MiB
2,Python 3.6.15,binarytrees_compatible_all.py 21,18,1694215297,1161304,python,0:21.27,31616,25028,5452,100.0,0.2,1,0,0:21,0,4,19816,1,6057,0,25028,312,2,280,30,0,13.4,1.5,0.0,85.1,0.0,0.0,0.0,0.0,15794.9 MiB,3732.0 MiB,2042.8 MiB,10020.0 MiB,4096.0 MiB,3681.0 MiB,415.0 MiB,13110.6 MiB
2,Python 3.6.15,binarytrees_compatible_all.py 21,19,1694215298,1161304,python,0:22.44,31616,25028,5452,100.0,0.2,1,0,0:22,0,4,19816,1,6057,0,25028,312,2,280,30,0,12.8,1.5,0.0,85.7,0.0,0.0,0.0,0.0,15794.9 MiB,3731.8 MiB,2043.1 MiB,10020.0 MiB,4096.0 MiB,3681.0 MiB,415.0 MiB,13110.4 MiB
2,Python 3.6.15,binarytrees_compatible_all.py 21,20,1694215299,1161304,python,0:23.62,19408,12616,5452,100.0,0.1,1,0,0:23,0,4,7608,1,7080,0,12616,312,2,280,30,0,12.9,0.8,0.0,86.4,0.0,0.0,0.0,0.0,15794.9 MiB,3752.8 MiB,2022.1 MiB,10020.0 MiB,4096.0 MiB,3681.0 MiB,415.0 MiB,13131.4 MiB
2,Python 3.6.15,binarytrees_compatible_all.py 21,21,1694215300,1161304,python,0:24.79,19408,12616,5452,93.8,0.1,1,0,0:24,0,4,7608,1,7080,0,12616,312,2,280,30,0,12.1,1.5,0.0,86.4,0.0,0.0,0.0,0.0,15794.9 MiB,3752.5 MiB,2022.3 MiB,10020.1 MiB,4096.0 MiB,3681.0 MiB,415.0 MiB,13131.1 MiB
2,Python 3.6.15,binarytrees_compatible_all.py 21,22,1694215301,1161304,python,0:25.97,19408,12616,5452,100.0,0.1,1,0,0:25,0,4,7608,1,7080,0,12616,312,2,280,30,0,13.5,0.8,0.0,85.7,0.0,0.0,0.0,0.0,15794.9 MiB,3752.5 MiB,2022.3 MiB,10020.1 MiB,4096.0 MiB,3681.0 MiB,415.0 MiB,13131.1 MiB
2,Python 3.6.15,binarytrees_compatible_all.py 21,23,1694215303,1161304,python,0:27.14,19408,12616,5452,100.0,0.1,1,0,0:27,0,4,7608,1,7080,0,12616,312,2,280,30,0,12.8,0.8,0.0,86.5,0.0,0.0,0.0,0.0,15794.9 MiB,3752.5 MiB,2022.3 MiB,10020.1 MiB,4096.0 MiB,3681.0 MiB,415.0 MiB,13131.1 MiB
2,Python 3.6.15,binarytrees_compatible_all.py 21,24,1694215304,1161304,python,0:28.32,19408,12616,5452,100.0,0.1,1,4,0:28,0,4,7608,1,7080,0,12616,312,2,280,30,0,12.9,0.8,0.0,86.4,0.0,0.0,0.0,0.0,15794.9 MiB,3751.8 MiB,2023.0 MiB,10020.1 MiB,4096.0 MiB,3681.0 MiB,415.0 MiB,13130.4 MiB
2,Python 3.6.15,binarytrees_compatible_all.py 21,25,1694215305,1161304,python,0:29.49,19408,12616,5452,93.8,0.1,1,4,0:29,0,4,7608,1,7080,0,12616,312,2,280,30,0,12.8,1.5,0.0,85.7,0.0,0.0,0.0,0.0,15794.9 MiB,3751.8 MiB,2023.0 MiB,10020.1 MiB,4096.0 MiB,3681.0 MiB,415.0 MiB,13130.4 MiB
2,Python 3.6.15,binarytrees_compatible_all.py 21,26,1694215306,1161304,python,0:30.67,19408,12616,5452,100.0,0.1,1,4,0:30,0,4,7608,1,7080,0,12616,312,2,280,30,0,12.9,0.8,0.0,86.4,0.0,0.0,0.0,0.0,15794.9 MiB,3751.8 MiB,2023.0 MiB,10020.1 MiB,4096.0 MiB,3681.0 MiB,415.0 MiB,13130.4 MiB
2,Python 3.6.15,binarytrees_compatible_all.py 21,27,1694215307,1161304,python,0:31.84,19408,12616,5452,100.0,0.1,1,0,0:31,0,4,7608,1,7080,0,12616,312,2,280,30,0,12.9,0.8,0.0,86.4,0.0,0.0,0.0,0.0,15794.9 MiB,3752.0 MiB,2022.8 MiB,10020.1 MiB,4096.0 MiB,3681.0 MiB,415.0 MiB,13130.6 MiB
2,Python 3.6.15,binarytrees_compatible_all.py 21,28,1694215309,1161304,python,0:33.02,19408,12616,5452,100.0,0.1,1,4,0:33,0,4,7608,1,7080,0,12616,312,2,280,30,0,12.1,1.5,0.0,86.4,0.0,0.0,0.0,0.0,15794.9 MiB,3752.3 MiB,2022.5 MiB,10020.1 MiB,4096.0 MiB,3681.0 MiB,415.0 MiB,13130.9 MiB
2,Python 3.6.15,binarytrees_compatible_all.py 21,29,1694215310,1161304,python,0:34.19,19408,12616,5452,100.0,0.1,1,4,0:34,0,4,7608,1,7080,0,12616,312,2,280,30,0,13.5,0.8,0.0,85.7,0.0,0.0,0.0,0.0,15794.9 MiB,3752.3 MiB,2022.5 MiB,10020.1 MiB,4096.0 MiB,3681.0 MiB,415.0 MiB,13130.9 MiB
2,Python 3.6.15,binarytrees_compatible_all.py 21,30,1694215311,1161304,python,0:35.36,19408,12616,5452,93.8,0.1,1,4,0:35,0,4,7608,1,7080,0,12616,312,2,280,30,0,12.1,1.5,0.0,86.4,0.0,0.0,0.0,0.0,15794.9 MiB,3752.3 MiB,2022.5 MiB,10020.1 MiB,4096.0 MiB,3681.0 MiB,415.0 MiB,13130.9 MiB
2,Python 3.6.15,binarytrees_compatible_all.py 21,31,1694215312,1161304,python,0:36.54,19408,12616,5452,100.0,0.1,1,4,0:36,0,4,7608,1,7080,0,12616,312,2,280,30,0,12.8,1.5,0.0,85.7,0.0,0.0,0.0,0.0,15794.9 MiB,3752.3 MiB,2022.5 MiB,10020.1 MiB,4096.0 MiB,3681.0 MiB,415.0 MiB,13130.9 MiB
2,Python 3.6.15,binarytrees_compatible_all.py 21,32,1694215313,1161304,python,0:37.71,19408,12616,5452,100.0,0.1,1,0,0:37,0,4,7608,1,7080,0,12616,312,2,280,30,0,13.0,0.8,0.0,85.5,0.8,0.0,0.0,0.0,15794.9 MiB,3752.3 MiB,2022.5 MiB,10020.1 MiB,4096.0 MiB,3681.0 MiB,415.0 MiB,13130.9 MiB
2,Python 3.6.15,binarytrees_compatible_all.py 21,33,1694215314,1161304,python,0:38.89,19408,12616,5452,100.0,0.1,1,0,0:38,0,4,7608,1,7080,0,12616,312,2,280,30,0,12.8,2.3,0.0,85.0,0.0,0.0,0.0,0.0,15794.9 MiB,3751.5 MiB,2023.2 MiB,10020.1 MiB,4096.0 MiB,3681.0 MiB,415.0 MiB,13130.2 MiB
2,Python 3.6.15,binarytrees_compatible_all.py 21,34,1694215316,1161304,python,0:40.06,19408,12616,5452,93.8,0.1,1,4,0:40,0,4,7608,1,7080,0,12616,312,2,280,30,0,12.1,0.8,0.0,87.1,0.0,0.0,0.0,0.0,15794.9 MiB,3751.8 MiB,2023.0 MiB,10020.1 MiB,4096.0 MiB,3681.0 MiB,415.0 MiB,13130.4 MiB
2,Python 3.6.15,binarytrees_compatible_all.py 21,35,1694215317,1161304,python,0:41.24,19408,12616,5452,100.0,0.1,1,4,0:41,0,4,7608,1,7080,0,12616,312,2,280,30,0,12.9,0.8,0.0,86.4,0.0,0.0,0.0,0.0,15794.9 MiB,3751.8 MiB,2023.0 MiB,10020.1 MiB,4096.0 MiB,3681.0 MiB,415.0 MiB,13130.4 MiB
2,Python 3.6.15,binarytrees_compatible_all.py 21,36,1694215318,1161304,python,0:42.41,19408,12616,5452,100.0,0.1,1,0,0:42,0,4,7608,1,7080,0,12616,312,2,280,30,0,12.8,1.5,0.0,85.7,0.0,0.0,0.0,0.0,15794.9 MiB,3751.8 MiB,2023.0 MiB,10020.1 MiB,4096.0 MiB,3681.0 MiB,415.0 MiB,13130.4 MiB
2,Python 3.6.15,binarytrees_compatible_all.py 21,37,1694215319,1161304,python,0:43.59,19408,12616,5452,100.0,0.1,1,0,0:43,0,4,7608,1,7080,0,12616,312,2,280,30,0,14.7,1.5,0.0,83.8,0.0,0.0,0.0,0.0,15794.9 MiB,3751.8 MiB,2023.0 MiB,10020.1 MiB,4096.0 MiB,3681.0 MiB,415.0 MiB,13130.4 MiB
2,Python 3.6.15,binarytrees_compatible_all.py 21,38,1694215320,1161304,python,0:44.76,19408,12616,5452,100.0,0.1,1,0,0:44,0,4,7608,1,7080,0,12616,312,2,280,30,0,13.5,0.8,0.0,85.7,0.0,0.0,0.0,0.0,15794.9 MiB,3751.8 MiB,2023.0 MiB,10020.1 MiB,4096.0 MiB,3681.0 MiB,415.0 MiB,13130.4 MiB
2,Python 3.6.15,binarytrees_compatible_all.py 21,39,1694215321,1161304,python,0:45.93,19408,12616,5452,93.8,0.1,1,0,0:45,0,4,7608,1,7080,0,12616,312,2,280,30,0,12.9,1.5,0.0,84.8,0.8,0.0,0.0,0.0,15794.9 MiB,3751.8 MiB,2023.0 MiB,10020.1 MiB,4096.0 MiB,3681.0 MiB,415.0 MiB,13130.4 MiB
2,Python 3.6.15,binarytrees_compatible_all.py 21,40,1694215323,1161304,python,0:47.11,19408,12616,5452,100.0,0.1,1,0,0:47,0,4,7608,1,7080,0,12616,312,2,280,30,0,12.9,0.8,0.0,86.4,0.0,0.0,0.0,0.0,15794.9 MiB,3751.8 MiB,2023.0 MiB,10020.1 MiB,4096.0 MiB,3681.0 MiB,415.0 MiB,13130.5 MiB
2,Python 3.6.15,binarytrees_compatible_all.py 21,41,1694215324,1161304,python,0:48.29,19664,12880,5452,100.0,0.1,1,0,0:48,0,4,7864,1,7125,0,12880,312,2,280,30,0,12.8,1.5,0.0,85.7,0.0,0.0,0.0,0.0,15794.9 MiB,3751.8 MiB,2023.0 MiB,10020.1 MiB,4096.0 MiB,3681.0 MiB,415.0 MiB,13130.5 MiB
2,Python 3.6.15,binarytrees_compatible_all.py 21,42,1694215325,1161304,python,0:49.46,19920,12880,5452,100.0,0.1,1,0,0:49,0,4,8120,1,7174,0,12880,312,2,280,30,0,12.8,1.5,0.0,85.7,0.0,0.0,0.0,0.0,15794.9 MiB,3751.5 MiB,2023.3 MiB,10020.1 MiB,4096.0 MiB,3681.0 MiB,415.0 MiB,13130.2 MiB
2,Python 3.6.15,binarytrees_compatible_all.py 21,43,1694215326,1161304,python,0:50.63,19920,13144,5452,93.8,0.1,1,0,0:50,0,4,8120,1,7224,0,13144,312,2,280,30,0,12.2,0.8,0.0,87.0,0.0,0.0,0.0,0.0,15794.9 MiB,3752.0 MiB,2022.8 MiB,10020.1 MiB,4096.0 MiB,3681.0 MiB,415.0 MiB,13130.7 MiB
2,Python 3.6.15,binarytrees_compatible_all.py 21,44,1694215327,1161304,python,0:51.81,20176,13408,5452,100.0,0.1,1,0,0:51,0,4,8376,1,7272,0,13408,312,2,280,30,0,13.3,1.5,0.0,83.7,1.5,0.0,0.0,0.0,15794.9 MiB,3753.0 MiB,2021.8 MiB,10020.1 MiB,4096.0 MiB,3681.0 MiB,415.0 MiB,13131.7 MiB
2,Python 3.6.15,binarytrees_compatible_all.py 21,45,1694215329,1161304,python,0:52.99,20432,13672,5452,100.0,0.1,1,0,0:52,0,4,8632,1,7321,0,13672,312,2,280,30,0,13.5,0.8,0.0,85.7,0.0,0.0,0.0,0.0,15794.9 MiB,3752.0 MiB,2022.7 MiB,10020.1 MiB,4096.0 MiB,3681.0 MiB,415.0 MiB,13130.7 MiB
2,Python 3.6.15,binarytrees_compatible_all.py 21,46,1694215330,1161304,python,0:54.16,20688,13672,5452,100.0,0.1,1,0,0:54,0,4,8888,1,7370,0,13672,312,2,280,30,0,14.3,0.8,0.0,85.0,0.0,0.0,0.0,0.0,15794.9 MiB,3752.8 MiB,2022.0 MiB,10020.1 MiB,4096.0 MiB,3681.0 MiB,415.0 MiB,13131.5 MiB
2,Python 3.6.15,binarytrees_compatible_all.py 21,47,1694215331,1161304,python,0:55.33,20944,13936,5452,93.8,0.1,1,0,0:55,0,4,9144,1,7419,0,13936,312,2,280,30,0,12.1,1.5,0.0,86.4,0.0,0.0,0.0,0.0,15794.9 MiB,3752.5 MiB,2022.3 MiB,10020.1 MiB,4096.0 MiB,3681.0 MiB,415.0 MiB,13131.2 MiB
2,Python 3.6.15,binarytrees_compatible_all.py 21,48,1694215332,1161304,python,0:56.51,20944,14200,5452,100.0,0.1,1,0,0:56,0,4,9144,1,7468,0,14200,312,2,280,30,0,12.1,1.5,0.0,86.4,0.0,0.0,0.0,0.0,15794.9 MiB,3752.3 MiB,2022.5 MiB,10020.1 MiB,4096.0 MiB,3681.0 MiB,415.0 MiB,13131.0 MiB
2,Python 3.6.15,binarytrees_compatible_all.py 21,49,1694215333,1161304,python,0:57.69,21200,14464,5452,100.0,0.1,1,0,0:57,0,4,9400,1,7517,0,14464,311,2,279,30,0,12.9,0.8,0.0,86.4,0.0,0.0,0.0,0.0,15794.9 MiB,3751.6 MiB,2023.2 MiB,10020.1 MiB,4096.0 MiB,3681.0 MiB,415.0 MiB,13130.2 MiB
2,Python 3.6.15,binarytrees_compatible_all.py 21,50,1694215334,1161304,python,0:58.86,21456,14464,5452,100.0,0.1,1,0,0:58,0,4,9656,1,7567,0,14464,311,2,279,30,0,12.9,0.8,0.0,86.4,0.0,0.0,0.0,0.0,15794.9 MiB,3751.8 MiB,2023.0 MiB,10020.1 MiB,4096.0 MiB,3681.0 MiB,415.0 MiB,13130.5 MiB
2,Python 3.6.15,binarytrees_compatible_all.py 21,51,1694215336,1161304,python,1:00.03,21712,14728,5452,100.0,0.1,1,4,1:00,0,4,9912,1,7616,0,14728,311,2,279,30,0,14.2,0.7,0.0,85.1,0.0,0.0,0.0,0.0,15794.9 MiB,3751.8 MiB,2023.0 MiB,10020.1 MiB,4096.0 MiB,3681.0 MiB,415.0 MiB,13130.5 MiB
2,Python 3.6.15,binarytrees_compatible_all.py 21,52,1694215337,1161304,python,1:01.21,21712,14992,5452,100.0,0.1,1,4,1:01,0,4,9912,1,7665,0,14992,311,2,279,30,0,13.0,0.8,0.0,86.3,0.0,0.0,0.0,0.0,15794.9 MiB,3751.6 MiB,2023.2 MiB,10020.1 MiB,4096.0 MiB,3681.0 MiB,415.0 MiB,13130.2 MiB
2,Python 3.6.15,binarytrees_compatible_all.py 21,53,1694215338,1161304,python,1:02.38,21968,15256,5452,93.8,0.1,1,4,1:02,0,4,10168,1,7714,0,15256,311,2,279,30,0,12.9,0.8,0.0,86.4,0.0,0.0,0.0,0.0,15794.9 MiB,3751.6 MiB,2023.2 MiB,10020.1 MiB,4096.0 MiB,3681.0 MiB,415.0 MiB,13130.2 MiB
2,Python 3.6.15,binarytrees_compatible_all.py 21,54,1694215339,1161304,python,1:03.56,22224,15256,5452,100.0,0.1,1,4,1:03,0,4,10424,1,7763,0,15256,311,2,279,30,0,12.9,0.8,0.0,86.4,0.0,0.0,0.0,0.0,15794.9 MiB,3752.0 MiB,2022.7 MiB,10020.1 MiB,4096.0 MiB,3681.0 MiB,415.0 MiB,13130.7 MiB
2,Python 3.6.15,binarytrees_compatible_all.py 21,55,1694215340,1161304,python,1:04.73,22480,15520,5452,100.0,0.1,1,0,1:04,0,4,10680,1,7812,0,15520,311,2,279,30,0,13.5,0.8,0.0,85.7,0.0,0.0,0.0,0.0,15794.9 MiB,3752.3 MiB,2022.5 MiB,10020.1 MiB,4096.0 MiB,3681.0 MiB,415.0 MiB,13131.0 MiB
2,Python 3.6.15,binarytrees_compatible_all.py 21,56,1694215341,1161304,python,1:05.91,22480,15784,5452,100.0,0.1,1,0,1:05,0,4,10680,1,7861,0,15784,311,2,279,30,0,12.7,1.5,0.0,85.8,0.0,0.0,0.0,0.0,15794.9 MiB,3752.0 MiB,2022.7 MiB,10020.1 MiB,4096.0 MiB,3681.0 MiB,415.0 MiB,13130.7 MiB
2,Python 3.6.15,binarytrees_compatible_all.py 21,57,1694215343,1161304,python,1:07.08,22736,16048,5452,100.0,0.1,1,0,1:07,0,4,10936,1,7910,0,16048,311,2,279,30,0,13.5,0.8,0.0,85.7,0.0,0.0,0.0,0.0,15794.9 MiB,3751.8 MiB,2023.0 MiB,10020.1 MiB,4096.0 MiB,3681.0 MiB,415.0 MiB,13130.5 MiB
2,Python 3.6.15,binarytrees_compatible_all.py 21,58,1694215344,1161304,python,1:08.26,22992,16048,5452,100.0,0.1,1,0,1:08,0,4,11192,1,7959,0,16048,311,2,279,30,0,13.4,1.5,0.0,85.1,0.0,0.0,0.0,0.0,15794.9 MiB,3751.3 MiB,2023.4 MiB,10020.1 MiB,4096.0 MiB,3681.0 MiB,415.0 MiB,13130.0 MiB
2,Python 3.6.15,binarytrees_compatible_all.py 21,59,1694215345,1161304,python,1:09.43,23248,16312,5452,100.0,0.1,1,0,1:09,0,4,11448,1,8008,0,16312,311,2,279,30,0,12.8,0.8,0.0,86.5,0.0,0.0,0.0,0.0,15794.9 MiB,3751.6 MiB,2023.2 MiB,10020.1 MiB,4096.0 MiB,3681.0 MiB,415.0 MiB,13130.3 MiB
2,Python 3.6.15,binarytrees_compatible_all.py 21,60,1694215346,1161304,python,1:10.60,23504,16576,5452,93.8,0.1,1,0,1:10,0,4,11704,1,8057,0,16576,311,2,279,30,0,12.9,0.8,0.0,86.4,0.0,0.0,0.0,0.0,15794.9 MiB,3751.3 MiB,2023.4 MiB,10020.1 MiB,4096.0 MiB,3681.0 MiB,415.0 MiB,13130.0 MiB
2,Python 3.6.15,binarytrees_compatible_all.py 21,61,1694215347,1161304,python,1:11.78,23504,16840,5452,100.0,0.1,1,0,1:11,0,4,11704,1,8107,0,16840,311,2,279,30,0,12.2,0.8,0.0,87.0,0.0,0.0,0.0,0.0,15794.9 MiB,3750.8 MiB,2023.9 MiB,10020.1 MiB,4096.0 MiB,3681.0 MiB,415.0 MiB,13129.5 MiB
2,Python 3.6.15,binarytrees_compatible_all.py 21,62,1694215348,1161304,python,1:12.96,19664,13024,5452,100.0,0.1,1,0,1:12,0,4,7864,1,8120,0,13024,311,2,279,30,0,12.2,0.8,0.0,87.0,0.0,0.0,0.0,0.0,15794.9 MiB,3750.8 MiB,2023.9 MiB,10020.1 MiB,4096.0 MiB,3681.0 MiB,415.0 MiB,13129.5 MiB
2,Python 3.6.15,binarytrees_compatible_all.py 21,63,1694215350,1161304,python,1:14.13,19920,13072,5452,100.0,0.1,1,4,1:14,0,4,8120,1,8126,0,13072,311,2,279,30,0,13.6,0.0,0.0,86.4,0.0,0.0,0.0,0.0,15794.9 MiB,3750.8 MiB,2023.9 MiB,10020.1 MiB,4096.0 MiB,3681.0 MiB,415.0 MiB,13129.5 MiB
2,Python 3.6.15,binarytrees_compatible_all.py 21,64,1694215351,1161304,python,1:15.31,19920,13072,5452,100.0,0.1,1,4,1:15,0,4,8120,1,8139,0,13072,311,2,279,30,0,13.4,1.5,0.0,85.1,0.0,0.0,0.0,0.0,15794.9 MiB,3751.6 MiB,2023.2 MiB,10020.1 MiB,4096.0 MiB,3681.0 MiB,415.0 MiB,13130.3 MiB
2,Python 3.6.15,binarytrees_compatible_all.py 21,65,1694215352,1161304,python,1:16.48,19920,13072,5452,100.0,0.1,1,4,1:16,0,4,8120,1,8151,0,13072,311,2,279,30,0,12.8,0.8,0.0,85.7,0.8,0.0,0.0,0.0,15794.9 MiB,3751.8 MiB,2022.9 MiB,10020.1 MiB,4096.0 MiB,3681.0 MiB,415.0 MiB,13130.5 MiB
2,Python 3.6.15,binarytrees_compatible_all.py 21,66,1694215353,1161304,python,1:17.66,19920,13072,5452,100.0,0.1,1,0,1:17,0,4,8120,1,8163,0,13072,311,2,279,30,0,12.9,0.8,0.0,86.4,0.0,0.0,0.0,0.0,15794.9 MiB,3752.5 MiB,2022.2 MiB,10020.1 MiB,4096.0 MiB,3681.0 MiB,415.0 MiB,13131.3 MiB
2,Python 3.6.15,binarytrees_compatible_all.py 21,67,1694215354,1161304,python,1:18.83,19920,13072,5452,93.8,0.1,1,0,1:18,0,4,8120,1,8175,0,13072,311,2,279,30,0,12.1,1.5,0.0,86.4,0.0,0.0,0.0,0.0,15794.9 MiB,3752.5 MiB,2022.2 MiB,10020.1 MiB,4096.0 MiB,3681.0 MiB,415.0 MiB,13131.3 MiB
2,Python 3.6.15,binarytrees_compatible_all.py 21,68,1694215356,1161304,python,1:20.01,20176,13328,5452,100.0,0.1,1,0,1:20,0,4,8376,1,8188,0,13328,311,2,279,30,0,12.8,0.8,0.0,86.5,0.0,0.0,0.0,0.0,15794.9 MiB,3752.1 MiB,2022.7 MiB,10020.1 MiB,4096.0 MiB,3681.0 MiB,415.0 MiB,13130.8 MiB
2,Python 3.6.15,binarytrees_compatible_all.py 21,69,1694215357,1161304,python,1:21.18,20176,13328,5452,100.0,0.1,1,0,1:21,0,4,8376,1,8200,0,13328,311,2,279,30,0,12.8,1.5,0.0,85.7,0.0,0.0,0.0,0.0,15794.9 MiB,3752.8 MiB,2021.9 MiB,10020.1 MiB,4096.0 MiB,3681.0 MiB,415.0 MiB,13131.5 MiB
2,Python 3.6.15,binarytrees_compatible_all.py 21,70,1694215358,1161304,python,1:22.36,20176,13328,5452,100.0,0.1,1,0,1:22,0,4,8376,1,8212,0,13328,311,2,279,30,0,12.8,1.5,0.0,85.7,0.0,0.0,0.0,0.0,15794.9 MiB,3752.8 MiB,2021.9 MiB,10020.1 MiB,4096.0 MiB,3681.0 MiB,415.0 MiB,13131.5 MiB
2,Python 3.6.15,binarytrees_compatible_all.py 21,71,1694215359,1161304,python,1:23.53,20176,13328,5452,93.8,0.1,1,0,1:23,0,4,8376,1,8224,0,13328,311,2,279,30,0,12.1,1.5,0.0,86.4,0.0,0.0,0.0,0.0,15794.9 MiB,3752.5 MiB,2022.2 MiB,10020.1 MiB,4096.0 MiB,3681.0 MiB,415.0 MiB,13131.3 MiB
2,Python 3.6.15,binarytrees_compatible_all.py 21,72,1694215360,1161304,python,1:24.71,20176,13328,5452,100.0,0.1,1,0,1:24,0,4,8376,1,8237,0,13328,311,2,279,30,0,12.7,1.5,0.0,85.8,0.0,0.0,0.0,0.0,15794.9 MiB,3752.8 MiB,2021.9 MiB,10020.1 MiB,4096.0 MiB,3681.0 MiB,415.0 MiB,13131.5 MiB
2,Python 3.6.15,binarytrees_compatible_all.py 21,73,1694215361,1161304,python,1:25.88,20176,13328,5452,100.0,0.1,1,0,1:25,0,4,8376,1,8249,0,13328,310,2,278,30,0,12.8,1.5,0.0,85.7,0.0,0.0,0.0,0.0,15794.9 MiB,3752.5 MiB,2022.2 MiB,10020.1 MiB,4096.0 MiB,3681.0 MiB,415.0 MiB,13131.3 MiB
2,Python 3.6.15,binarytrees_compatible_all.py 21,74,1694215363,1161304,python,1:27.06,20432,13584,5452,100.0,0.1,1,4,1:27,0,4,8632,1,8262,0,13584,310,2,278,30,0,12.7,1.5,0.0,85.8,0.0,0.0,0.0,0.0,15794.9 MiB,3752.5 MiB,2022.2 MiB,10020.1 MiB,4096.0 MiB,3681.0 MiB,415.0 MiB,13131.3 MiB
2,Python 3.6.15,binarytrees_compatible_all.py 21,75,1694215364,1161304,python,1:28.23,20432,13584,5452,93.8,0.1,1,4,1:28,0,4,8632,1,8274,0,13584,310,2,278,30,0,12.8,0.8,0.0,85.7,0.8,0.0,0.0,0.0,15794.9 MiB,3752.1 MiB,2022.7 MiB,10020.2 MiB,4096.0 MiB,3681.0 MiB,415.0 MiB,13130.8 MiB
2,Python 3.6.15,binarytrees_compatible_all.py 21,76,1694215365,1161304,python,1:29.41,20432,13584,5452,100.0,0.1,1,4,1:29,0,4,8632,1,8286,0,13584,310,2,278,30,0,13.3,2.2,0.0,84.4,0.0,0.0,0.0,0.0,15794.9 MiB,3752.1 MiB,2022.7 MiB,10020.2 MiB,4096.0 MiB,3681.0 MiB,415.0 MiB,13130.8 MiB
2,Python 3.6.15,binarytrees_compatible_all.py 21,77,1694215366,1161304,python,1:30.58,20432,13584,5452,100.0,0.1,1,4,1:30,0,4,8632,1,8298,0,13584,310,2,278,30,0,13.5,1.5,0.0,85.0,0.0,0.0,0.0,0.0,15794.9 MiB,3751.8 MiB,2022.9 MiB,10020.2 MiB,4096.0 MiB,3681.0 MiB,415.0 MiB,13130.6 MiB
2,Python 3.6.15,binarytrees_compatible_all.py 21,78,1694215367,1161304,python,1:31.76,20432,13584,5452,100.0,0.1,1,0,1:31,0,4,8632,1,8310,0,13584,310,2,278,30,0,13.0,0.0,0.0,87.0,0.0,0.0,0.0,0.0,15794.9 MiB,3751.8 MiB,2022.9 MiB,10020.2 MiB,4096.0 MiB,3681.0 MiB,415.0 MiB,13130.6 MiB
2,Python 3.6.15,binarytrees_compatible_all.py 21,79,1694215368,1161304,python,1:32.93,20688,13840,5452,93.8,0.1,1,0,1:32,0,4,8888,1,8323,0,13840,310,2,278,30,0,12.9,0.8,0.0,86.4,0.0,0.0,0.0,0.0,15794.9 MiB,3751.6 MiB,2023.2 MiB,10020.2 MiB,4096.0 MiB,3681.0 MiB,415.0 MiB,13130.3 MiB
2,Python 3.6.15,binarytrees_compatible_all.py 21,80,1694215370,1161304,python,1:34.11,20688,13840,5452,100.0,0.1,1,0,1:34,0,4,8888,1,8336,0,13840,310,2,278,30,0,12.7,1.5,0.0,85.1,0.7,0.0,0.0,0.0,15794.9 MiB,3751.6 MiB,2023.1 MiB,10020.2 MiB,4096.0 MiB,3681.0 MiB,415.0 MiB,13130.3 MiB
2,Python 3.6.15,binarytrees_compatible_all.py 21,81,1694215371,1161304,python,1:35.28,20688,13840,5452,100.0,0.1,1,0,1:35,0,4,8888,1,8348,0,13840,310,2,278,30,0,13.4,1.5,0.0,85.1,0.0,0.0,0.0,0.0,15794.9 MiB,3751.3 MiB,2023.4 MiB,10020.2 MiB,4096.0 MiB,3681.0 MiB,415.0 MiB,13130.1 MiB
2,Python 3.6.15,binarytrees_compatible_all.py 21,82,1694215372,1161304,python,1:36.46,20688,13840,5452,100.0,0.1,1,0,1:36,0,4,8888,1,8360,0,13840,310,2,278,30,0,12.1,1.5,0.0,86.4,0.0,0.0,0.0,0.0,15794.9 MiB,3749.6 MiB,2025.1 MiB,10020.2 MiB,4096.0 MiB,3681.0 MiB,415.0 MiB,13128.4 MiB
2,Python 3.6.15,binarytrees_compatible_all.py 21,83,1694215373,1161304,python,1:37.64,20944,14096,5452,100.0,0.1,1,0,1:37,0,4,9144,1,8941,0,14096,310,2,278,30,0,13.4,2.2,0.0,84.3,0.0,0.0,0.0,0.0,15794.9 MiB,3749.6 MiB,2025.1 MiB,10020.2 MiB,4096.0 MiB,3681.0 MiB,415.0 MiB,13128.4 MiB
2,Python 3.6.15,binarytrees_compatible_all.py 21,84,1694215374,1161304,python,1:38.81,20944,14096,5452,100.0,0.1,1,0,1:38,0,4,9144,1,8941,0,14096,310,2,278,30,0,12.9,0.8,0.0,86.4,0.0,0.0,0.0,0.0,15794.9 MiB,3749.6 MiB,2025.1 MiB,10020.2 MiB,4096.0 MiB,3681.0 MiB,415.0 MiB,13128.4 MiB
2,Python 3.6.15,binarytrees_compatible_all.py 21,85,1694215376,1161304,python,1:39.98,20944,14096,5452,93.8,0.1,1,0,1:39,0,4,9144,1,8941,0,14096,310,2,278,30,0,12.2,1.5,0.0,85.5,0.8,0.0,0.0,0.0,15794.9 MiB,3749.8 MiB,2024.8 MiB,10020.2 MiB,4096.0 MiB,3681.0 MiB,415.0 MiB,13128.6 MiB
2,Python 3.6.15,binarytrees_compatible_all.py 21,86,1694215377,1161304,python,1:41.16,20944,14096,5452,100.0,0.1,1,0,1:41,0,4,9144,1,8941,0,14096,310,2,278,30,0,12.8,1.5,0.0,85.7,0.0,0.0,0.0,0.0,15794.9 MiB,3749.8 MiB,2024.8 MiB,10020.2 MiB,4096.0 MiB,3681.0 MiB,415.0 MiB,13128.6 MiB
2,Python 3.6.15,binarytrees_compatible_all.py 21,87,1694215378,1161304,python,1:42.34,20944,14096,5452,100.0,0.1,1,0,1:42,0,4,9144,1,8941,0,14096,309,2,277,30,0,12.8,1.5,0.0,85.7,0.0,0.0,0.0,0.0,15794.9 MiB,3750.6 MiB,2024.1 MiB,10020.2 MiB,4096.0 MiB,3681.0 MiB,415.0 MiB,13129.4 MiB
2,Python 3.6.15,binarytrees_compatible_all.py 21,88,1694215379,1161304,python,1:43.51,20944,14096,5452,100.0,0.1,1,0,1:43,0,4,9144,1,8941,0,14096,309,2,277,30,0,12.8,0.8,0.0,86.5,0.0,0.0,0.0,0.0,15794.9 MiB,3750.6 MiB,2024.1 MiB,10020.2 MiB,4096.0 MiB,3681.0 MiB,415.0 MiB,13129.4 MiB
2,Python 3.6.15,binarytrees_compatible_all.py 21,89,1694215380,1161304,python,1:44.68,20944,14096,5452,100.0,0.1,1,0,1:44,0,4,9144,1,8941,0,14096,309,2,277,30,0,13.5,1.5,0.0,85.0,0.0,0.0,0.0,0.0,15794.9 MiB,3750.1 MiB,2024.8 MiB,10020.0 MiB,4096.0 MiB,3681.0 MiB,415.0 MiB,13128.9 MiB
2,Python 3.6.15,binarytrees_compatible_all.py 21,90,1694215381,1161304,python,1:45.86,20944,14096,5452,100.0,0.1,1,0,1:45,0,4,9144,1,8941,0,14096,309,2,277,30,0,12.8,0.8,0.0,85.7,0.8,0.0,0.0,0.0,15794.9 MiB,3750.1 MiB,2024.8 MiB,10020.0 MiB,4096.0 MiB,3681.0 MiB,415.0 MiB,13128.9 MiB
2,Python 3.6.15,binarytrees_compatible_all.py 21,91,1694215383,1161304,python,1:47.03,20944,14096,5452,93.8,0.1,1,0,1:47,0,4,9144,1,8941,0,14096,309,2,277,30,0,12.9,0.8,0.0,86.4,0.0,0.0,0.0,0.0,15794.9 MiB,3751.1 MiB,2023.8 MiB,10020.0 MiB,4096.0 MiB,3681.0 MiB,415.0 MiB,13129.9 MiB
2,Python 3.6.15,binarytrees_compatible_all.py 21,92,1694215384,1161304,python,1:48.21,20944,14096,5452,100.0,0.1,1,0,1:48,0,4,9144,1,8941,0,14096,309,2,277,30,0,12.8,1.5,0.0,85.7,0.0,0.0,0.0,0.0,15794.9 MiB,3751.1 MiB,2023.8 MiB,10020.0 MiB,4096.0 MiB,3681.0 MiB,415.0 MiB,13129.9 MiB
2,Python 3.6.15,binarytrees_compatible_all.py 21,93,1694215385,1161304,python,1:49.38,20944,14096,5452,100.0,0.1,1,0,1:49,0,4,9144,1,8941,0,14096,309,2,277,30,0,13.5,0.8,0.0,85.7,0.0,0.0,0.0,0.0,15794.9 MiB,3750.1 MiB,2024.8 MiB,10020.0 MiB,4096.0 MiB,3681.0 MiB,415.0 MiB,13128.9 MiB
2,Python 3.6.15,binarytrees_compatible_all.py 21,94,1694215386,1161304,python,1:50.56,20944,14096,5452,100.0,0.1,1,0,1:50,0,4,9144,1,8941,0,14096,309,2,277,30,0,14.3,0.8,0.0,85.0,0.0,0.0,0.0,0.0,15794.9 MiB,3750.1 MiB,2024.8 MiB,10020.0 MiB,4096.0 MiB,3681.0 MiB,415.0 MiB,13128.9 MiB
2,Python 3.6.15,binarytrees_compatible_all.py 21,95,1694215387,1161304,python,1:51.73,20944,14096,5452,93.8,0.1,1,0,1:51,0,4,9144,1,8941,0,14096,309,2,277,30,0,12.2,0.8,0.0,87.0,0.0,0.0,0.0,0.0,15794.9 MiB,3751.3 MiB,2023.5 MiB,10020.0 MiB,4096.0 MiB,3681.0 MiB,415.0 MiB,13130.1 MiB
2,Python 3.6.15,binarytrees_compatible_all.py 21,96,1694215388,1161304,python,1:52.91,20944,14096,5452,100.0,0.1,1,0,1:52,0,4,9144,1,8941,0,14096,309,2,277,30,0,13.5,1.5,0.0,85.0,0.0,0.0,0.0,0.0,15794.9 MiB,3751.3 MiB,2023.5 MiB,10020.0 MiB,4096.0 MiB,3681.0 MiB,415.0 MiB,13130.1 MiB
2,Python 3.6.15,binarytrees_compatible_all.py 21,97,1694215390,1161304,python,1:54.08,20944,14096,5452,100.0,0.1,1,4,1:54,0,4,9144,1,8941,0,14096,309,2,277,30,0,14.3,0.8,0.0,85.0,0.0,0.0,0.0,0.0,15794.9 MiB,3751.3 MiB,2023.5 MiB,10020.0 MiB,4096.0 MiB,3681.0 MiB,415.0 MiB,13130.1 MiB
2,Python 3.6.15,binarytrees_compatible_all.py 21,98,1694215391,1161304,python,1:55.26,21200,14352,5452,100.0,0.1,1,4,1:55,0,4,9400,1,9013,0,14352,309,2,277,30,0,12.2,0.8,0.0,87.0,0.0,0.0,0.0,0.0,15794.9 MiB,3751.3 MiB,2023.5 MiB,10020.0 MiB,4096.0 MiB,3681.0 MiB,415.0 MiB,13130.1 MiB
2,Python 3.6.15,binarytrees_compatible_all.py 21,99,1694215392,1161304,python,1:56.43,21200,14352,5452,100.0,0.1,1,4,1:56,0,4,9400,1,9016,0,14352,309,2,277,30,0,13.5,0.8,0.0,85.7,0.0,0.0,0.0,0.0,15794.9 MiB,3751.3 MiB,2023.5 MiB,10020.0 MiB,4096.0 MiB,3681.0 MiB,415.0 MiB,13130.1 MiB
2,Python 3.6.15,binarytrees_compatible_all.py 21,100,1694215393,1161304,python,1:57.60,21200,14352,5452,93.8,0.1,1,4,1:57,0,4,9400,1,9019,0,14352,309,2,277,30,0,13.0,0.0,0.0,87.0,0.0,0.0,0.0,0.0,15794.9 MiB,3751.3 MiB,2023.5 MiB,10020.0 MiB,4096.0 MiB,3681.0 MiB,415.0 MiB,13130.1 MiB
2,Python 3.6.15,binarytrees_compatible_all.py 21,101,1694215394,1161304,python,1:58.78,21200,14352,5452,100.0,0.1,1,4,1:58,0,4,9400,1,9022,0,14352,309,2,277,30,0,12.9,0.8,0.0,86.4,0.0,0.0,0.0,0.0,15794.9 MiB,3751.3 MiB,2023.5 MiB,10020.0 MiB,4096.0 MiB,3681.0 MiB,415.0 MiB,13130.1 MiB
2,Python 3.6.15,binarytrees_compatible_all.py 21,102,1694215395,1161304,python,1:59.96,21200,14352,5452,100.0,0.1,1,0,1:59,0,4,9400,1,9025,0,14352,309,2,277,30,0,14.2,1.5,0.0,84.3,0.0,0.0,0.0,0.0,15794.9 MiB,3750.8 MiB,2024.0 MiB,10020.0 MiB,4096.0 MiB,3681.0 MiB,415.0 MiB,13129.7 MiB
2,Python 3.6.15,binarytrees_compatible_all.py 21,103,1694215397,1161304,python,2:01.13,21200,14352,5452,100.0,0.1,1,0,2:01,0,4,9400,1,9028,0,14352,309,2,277,30,0,13.4,1.5,0.0,85.1,0.0,0.0,0.0,0.0,15794.9 MiB,3750.8 MiB,2024.0 MiB,10020.0 MiB,4096.0 MiB,3681.0 MiB,415.0 MiB,13129.7 MiB
2,Python 3.6.15,binarytrees_compatible_all.py 21,104,1694215398,1161304,python,2:02.31,22736,15776,5452,100.0,0.1,1,0,2:02,0,4,10936,1,9612,0,15776,309,2,277,30,0,12.9,0.8,0.0,86.4,0.0,0.0,0.0,0.0,15794.9 MiB,3750.8 MiB,2024.0 MiB,10020.0 MiB,4096.0 MiB,3681.0 MiB,415.0 MiB,13129.7 MiB
2,Python 3.6.15,binarytrees_compatible_all.py 21,105,1694215399,1161304,python,2:03.48,25552,18704,5452,100.0,0.1,1,0,2:03,0,4,13752,1,16k,0,18704,309,2,277,30,0,12.8,0.8,0.0,86.5,0.0,0.0,0.0,0.0,15794.9 MiB,3748.6 MiB,2026.2 MiB,10020.0 MiB,4096.0 MiB,3681.0 MiB,415.0 MiB,13127.4 MiB
2,Python 3.6.15,binarytrees_compatible_all.py 21,106,1694215400,1161304,python,2:04.66,25552,18704,5452,100.0,0.1,1,0,2:04,0,4,13752,1,16k,0,18704,309,2,277,30,0,12.8,0.8,0.0,86.5,0.0,0.0,0.0,0.0,15794.9 MiB,3748.9 MiB,2026.0 MiB,10020.0 MiB,4096.0 MiB,3681.0 MiB,415.0 MiB,13127.7 MiB
2,Python 3.6.15,binarytrees_compatible_all.py 21,107,1694215401,1161304,python,2:05.83,25552,18704,5452,100.0,0.1,1,0,2:05,0,4,13752,1,16k,0,18704,309,2,277,30,0,12.7,2.2,0.0,85.1,0.0,0.0,0.0,0.0,15794.9 MiB,3748.6 MiB,2026.2 MiB,10020.0 MiB,4096.0 MiB,3681.0 MiB,415.0 MiB,13127.4 MiB
2,Python 3.6.15,binarytrees_compatible_all.py 21,108,1694215403,1161304,python,2:07.01,25552,18704,5452,100.0,0.1,1,4,2:07,0,4,13752,1,16k,0,18704,309,2,277,30,0,13.4,1.5,0.0,85.1,0.0,0.0,0.0,0.0,15794.9 MiB,3748.1 MiB,2026.7 MiB,10020.1 MiB,4096.0 MiB,3681.0 MiB,415.0 MiB,13127.0 MiB
2,Python 3.6.15,binarytrees_compatible_all.py 21,109,1694215404,1161304,python,2:08.18,25552,18704,5452,100.0,0.1,1,4,2:08,0,4,13752,1,16k,0,18704,309,2,277,30,0,13.6,1.5,0.0,84.1,0.8,0.0,0.0,0.0,15794.9 MiB,3748.1 MiB,2026.7 MiB,10020.1 MiB,4096.0 MiB,3681.0 MiB,415.0 MiB,13127.0 MiB
2,Python 3.6.15,binarytrees_compatible_all.py 21,110,1694215405,1161304,python,2:09.36,25552,18704,5452,100.0,0.1,1,4,2:09,0,4,13752,1,16k,0,18704,309,2,277,30,0,14.1,1.5,0.0,84.4,0.0,0.0,0.0,0.0,15794.9 MiB,3748.1 MiB,2026.7 MiB,10020.1 MiB,4096.0 MiB,3681.0 MiB,415.0 MiB,13127.0 MiB
2,Python 3.6.15,binarytrees_compatible_all.py 21,111,1694215406,1161304,python,2:10.53,25552,18704,5452,100.0,0.1,1,4,2:10,0,4,13752,1,16k,0,18704,309,2,277,30,0,13.5,0.8,0.0,85.7,0.0,0.0,0.0,0.0,15794.9 MiB,3747.6 MiB,2027.2 MiB,10020.1 MiB,4096.0 MiB,3681.0 MiB,415.0 MiB,13126.5 MiB
2,Python 3.6.15,binarytrees_compatible_all.py 21,112,1694215407,1161304,python,2:11.70,25552,18704,5452,93.8,0.1,1,4,2:11,0,4,13752,1,16k,0,18704,309,2,277,30,0,12.2,0.8,0.0,87.0,0.0,0.0,0.0,0.0,15794.9 MiB,3747.4 MiB,2027.4 MiB,10020.1 MiB,4096.0 MiB,3681.0 MiB,415.0 MiB,13126.2 MiB
2,Python 3.6.15,binarytrees_compatible_all.py 21,113,1694215408,1161304,python,2:12.88,25552,18704,5452,100.0,0.1,1,4,2:12,0,4,13752,1,16k,0,18704,309,2,277,30,0,12.9,0.8,0.0,86.4,0.0,0.0,0.0,0.0,15794.9 MiB,3747.4 MiB,2027.4 MiB,10020.1 MiB,4096.0 MiB,3681.0 MiB,415.0 MiB,13126.2 MiB
2,Python 3.6.15,binarytrees_compatible_all.py 21,114,1694215410,1161304,python,2:14.05,25552,18704,5452,100.0,0.1,1,4,2:14,0,4,13752,1,16k,0,18704,309,2,277,30,0,13.4,1.5,0.0,84.3,0.7,0.0,0.0,0.0,15794.9 MiB,3747.1 MiB,2027.7 MiB,10020.1 MiB,4096.0 MiB,3681.0 MiB,415.0 MiB,13126.0 MiB
2,Python 3.6.15,binarytrees_compatible_all.py 21,115,1694215411,1161304,python,2:15.23,25552,18704,5452,100.0,0.1,1,4,2:15,0,4,13752,1,16k,0,18704,309,2,277,30,0,13.3,1.5,0.0,85.2,0.0,0.0,0.0,0.0,15794.9 MiB,3746.9 MiB,2027.9 MiB,10020.1 MiB,4096.0 MiB,3681.0 MiB,415.0 MiB,13125.7 MiB
2,Python 3.6.15,binarytrees_compatible_all.py 21,116,1694215412,1161304,python,2:16.41,25552,18704,5452,100.0,0.1,1,4,2:16,0,4,13752,1,16k,0,18704,309,2,277,30,0,13.4,0.7,0.0,85.8,0.0,0.0,0.0,0.0,15794.9 MiB,3746.9 MiB,2027.9 MiB,10020.1 MiB,4096.0 MiB,3681.0 MiB,415.0 MiB,13125.8 MiB
2,Python 3.6.15,binarytrees_compatible_all.py 21,117,1694215413,1161304,python,2:17.58,25552,18704,5452,100.0,0.1,1,4,2:17,0,4,13752,1,16k,0,18704,309,2,277,30,0,12.8,0.8,0.0,86.5,0.0,0.0,0.0,0.0,15794.9 MiB,3746.7 MiB,2028.1 MiB,10020.1 MiB,4096.0 MiB,3681.0 MiB,415.0 MiB,13125.5 MiB
2,Python 3.6.15,binarytrees_compatible_all.py 21,118,1694215414,1161304,python,2:18.75,25552,18704,5452,93.8,0.1,1,4,2:18,0,4,13752,1,16k,0,18704,309,2,277,30,0,12.8,1.5,0.0,85.7,0.0,0.0,0.0,0.0,15794.9 MiB,3746.7 MiB,2028.1 MiB,10020.1 MiB,4096.0 MiB,3681.0 MiB,415.0 MiB,13125.5 MiB
2,Python 3.6.15,binarytrees_compatible_all.py 21,119,1694215415,1161304,python,2:19.93,25552,18704,5452,100.0,0.1,1,0,2:19,0,4,13752,1,16k,0,18704,309,2,277,30,0,12.8,1.5,0.0,85.0,0.8,0.0,0.0,0.0,15794.9 MiB,3746.4 MiB,2028.4 MiB,10020.1 MiB,4096.0 MiB,3681.0 MiB,415.0 MiB,13125.3 MiB
2,Python 3.6.15,binarytrees_compatible_all.py 21,120,1694215417,1161304,python,2:21.11,25552,18704,5452,100.0,0.1,1,4,2:21,0,4,13752,1,16k,0,18704,309,2,277,30,0,12.7,1.5,0.0,85.8,0.0,0.0,0.0,0.0,15794.9 MiB,3747.4 MiB,2027.4 MiB,10020.1 MiB,4096.0 MiB,3681.0 MiB,415.0 MiB,13126.2 MiB
2,Python 3.6.15,binarytrees_compatible_all.py 21,121,1694215418,1161304,python,2:22.28,25552,18704,5452,100.0,0.1,1,0,2:22,0,4,13752,1,16k,0,18704,309,2,277,30,0,13.5,1.5,0.0,85.0,0.0,0.0,0.0,0.0,15794.9 MiB,3747.4 MiB,2027.4 MiB,10020.1 MiB,4096.0 MiB,3681.0 MiB,415.0 MiB,13126.3 MiB
2,Python 3.6.15,binarytrees_compatible_all.py 21,122,1694215419,1161304,python,2:23.45,25552,18704,5452,93.8,0.1,1,0,2:23,0,4,13752,1,16k,0,18704,309,2,277,30,0,12.1,1.5,0.0,86.4,0.0,0.0,0.0,0.0,15794.9 MiB,3747.4 MiB,2027.4 MiB,10020.1 MiB,4096.0 MiB,3681.0 MiB,415.0 MiB,13126.3 MiB
2,Python 3.6.15,binarytrees_compatible_all.py 21,123,1694215420,1161304,python,2:24.63,25552,18704,5452,100.0,0.1,1,0,2:24,0,4,13752,1,16k,0,18704,309,2,277,30,0,12.2,0.8,0.0,87.0,0.0,0.0,0.0,0.0,15794.9 MiB,3747.1 MiB,2027.6 MiB,10020.1 MiB,4096.0 MiB,3681.0 MiB,415.0 MiB,13126.0 MiB
2,Python 3.6.15,binarytrees_compatible_all.py 21,124,1694215421,1161304,python,2:25.81,25552,18704,5452,100.0,0.1,1,0,2:25,0,4,13752,1,16k,0,18704,309,2,277,30,0,12.8,0.8,0.0,86.5,0.0,0.0,0.0,0.0,15794.9 MiB,3746.9 MiB,2027.9 MiB,10020.1 MiB,4096.0 MiB,3681.0 MiB,415.0 MiB,13125.8 MiB
2,Python 3.6.15,binarytrees_compatible_all.py 21,125,1694215423,1161304,python,2:26.98,25552,18704,5452,100.0,0.1,1,0,2:26,0,4,13752,1,16k,0,18704,309,2,277,30,0,12.8,0.8,0.0,86.5,0.0,0.0,0.0,0.0,15794.9 MiB,3746.7 MiB,2028.1 MiB,10020.1 MiB,4096.0 MiB,3681.0 MiB,415.0 MiB,13125.5 MiB
2,Python 3.6.15,binarytrees_compatible_all.py 21,126,1694215424,1161304,python,2:28.16,25552,18704,5452,100.0,0.1,1,0,2:28,0,4,13752,1,16k,0,18704,309,2,277,30,0,12.9,0.8,0.0,86.4,0.0,0.0,0.0,0.0,15794.9 MiB,3746.7 MiB,2028.1 MiB,10020.1 MiB,4096.0 MiB,3681.0 MiB,415.0 MiB,13125.5 MiB
2,Python 3.6.15,binarytrees_compatible_all.py 21,127,1694215425,1161304,python,2:29.33,39376,32448,5452,93.8,0.2,1,0,2:29,0,4,27576,1,68k,0,32448,309,2,277,30,0,12.9,0.8,0.0,85.6,0.0,0.0,0.8,0.0,15794.9 MiB,3728.7 MiB,2046.1 MiB,10020.1 MiB,4096.0 MiB,3681.0 MiB,415.0 MiB,13107.6 MiB
2,Python 3.6.15,binarytrees_compatible_all.py 21,128,1694215426,1161304,python,2:30.50,39120,32364,5452,100.0,0.2,1,0,2:30,0,4,27320,1,109k,0,32364,309,2,277,30,0,12.2,0.8,0.0,87.0,0.0,0.0,0.0,0.0,15794.9 MiB,3728.7 MiB,2046.1 MiB,10020.1 MiB,4096.0 MiB,3681.0 MiB,415.0 MiB,13107.6 MiB
2,Python 3.6.15,binarytrees_compatible_all.py 21,129,1694215427,1161304,python,2:31.68,41936,35180,5452,100.0,0.2,1,0,2:31,0,4,30136,1,136k,0,35180,309,2,277,30,0,13.4,3.0,0.0,81.3,2.2,0.0,0.0,0.0,15794.9 MiB,3730.2 MiB,2043.1 MiB,10021.6 MiB,4096.0 MiB,3681.0 MiB,415.0 MiB,13110.6 MiB
2,Python 3.6.15,binarytrees_compatible_all.py 21,130,1694215428,1161304,python,2:32.86,44496,37692,5452,100.0,0.2,1,0,2:32,0,4,32696,1,147k,0,37692,309,2,277,30,0,12.8,0.8,0.0,86.5,0.0,0.0,0.0,0.0,15794.9 MiB,3729.4 MiB,2043.6 MiB,10021.8 MiB,4096.0 MiB,3681.0 MiB,415.0 MiB,13110.0 MiB
2,Python 3.6.15,binarytrees_compatible_all.py 21,131,1694215430,1161304,python,2:34.03,44496,37648,5452,93.8,0.2,1,0,2:34,0,4,32696,1,149k,0,37648,309,2,277,30,0,12.9,0.8,0.0,86.4,0.0,0.0,0.0,0.0,15794.9 MiB,3729.9 MiB,2043.2 MiB,10021.8 MiB,4096.0 MiB,3681.0 MiB,415.0 MiB,13110.5 MiB
2,Python 3.6.15,binarytrees_compatible_all.py 21,132,1694215431,1161304,python,2:35.21,44496,37648,5452,100.0,0.2,1,0,2:35,0,4,32696,1,149k,0,37648,309,2,277,30,0,12.8,0.8,0.0,86.5,0.0,0.0,0.0,0.0,15794.9 MiB,3729.9 MiB,2043.2 MiB,10021.8 MiB,4096.0 MiB,3681.0 MiB,415.0 MiB,13110.5 MiB
2,Python 3.6.15,binarytrees_compatible_all.py 21,133,1694215432,1161304,python,2:36.38,44496,37648,5452,100.0,0.2,1,0,2:36,0,4,32696,1,149k,0,37648,309,2,277,30,0,12.2,1.5,0.0,86.3,0.0,0.0,0.0,0.0,15794.9 MiB,3730.2 MiB,2042.9 MiB,10021.8 MiB,4096.0 MiB,3681.0 MiB,415.0 MiB,13110.7 MiB
2,Python 3.6.15,binarytrees_compatible_all.py 21,134,1694215433,1161304,python,2:37.56,44496,37648,5452,100.0,0.2,1,0,2:37,0,4,32696,1,149k,0,37648,309,2,277,30,0,12.9,0.8,0.0,86.4,0.0,0.0,0.0,0.0,15794.9 MiB,3729.7 MiB,2043.4 MiB,10021.8 MiB,4096.0 MiB,3681.0 MiB,415.0 MiB,13110.3 MiB
2,Python 3.6.15,binarytrees_compatible_all.py 21,135,1694215434,1161304,python,2:38.73,44496,37648,5452,100.0,0.2,1,0,2:38,0,4,32696,1,149k,0,37648,309,2,277,30,0,13.0,0.0,0.0,87.0,0.0,0.0,0.0,0.0,15794.9 MiB,3729.7 MiB,2043.4 MiB,10021.8 MiB,4096.0 MiB,3681.0 MiB,415.0 MiB,13110.3 MiB
2,Python 3.6.15,binarytrees_compatible_all.py 21,136,1694215435,1161304,python,2:39.91,44496,37648,5452,100.0,0.2,1,0,2:39,0,4,32696,1,149k,0,37648,309,2,277,30,0,12.2,0.8,0.0,87.0,0.0,0.0,0.0,0.0,15794.9 MiB,3729.9 MiB,2043.1 MiB,10021.8 MiB,4096.0 MiB,3681.0 MiB,415.0 MiB,13110.5 MiB
2,Python 3.6.15,binarytrees_compatible_all.py 21,137,1694215437,1161304,python,2:41.08,44496,37648,5452,100.0,0.2,1,0,2:41,0,4,32696,1,149k,0,37648,309,2,277,30,0,13.6,0.0,0.0,86.4,0.0,0.0,0.0,0.0,15794.9 MiB,3729.7 MiB,2043.4 MiB,10021.8 MiB,4096.0 MiB,3681.0 MiB,415.0 MiB,13110.3 MiB
2,Python 3.6.15,binarytrees_compatible_all.py 21,138,1694215438,1161304,python,2:42.25,44496,37648,5452,100.0,0.2,1,0,2:42,0,4,32696,1,149k,0,37648,309,2,277,30,0,12.9,0.8,0.0,86.4,0.0,0.0,0.0,0.0,15794.9 MiB,3729.2 MiB,2043.9 MiB,10021.8 MiB,4096.0 MiB,3681.0 MiB,415.0 MiB,13109.8 MiB
2,Python 3.6.15,binarytrees_compatible_all.py 21,139,1694215439,1161304,python,2:43.43,44496,37648,5452,100.0,0.2,1,0,2:43,0,4,32696,1,149k,0,37648,309,2,277,30,0,12.1,1.5,0.0,86.4,0.0,0.0,0.0,0.0,15794.9 MiB,3729.7 MiB,2043.4 MiB,10021.8 MiB,4096.0 MiB,3681.0 MiB,415.0 MiB,13110.3 MiB
2,Python 3.6.15,binarytrees_compatible_all.py 21,140,1694215440,1161304,python,2:44.61,44496,37648,5452,100.0,0.2,1,0,2:44,0,4,32696,1,149k,0,37648,309,2,277,30,0,13.4,1.5,0.0,85.1,0.0,0.0,0.0,0.0,15794.9 MiB,3729.7 MiB,2043.4 MiB,10021.8 MiB,4096.0 MiB,3681.0 MiB,415.0 MiB,13110.3 MiB
2,Python 3.6.15,binarytrees_compatible_all.py 21,141,1694215441,1161304,python,2:45.78,44496,37648,5452,100.0,0.2,1,0,2:45,0,4,32696,1,149k,0,37648,309,2,277,30,0,13.5,0.8,0.0,85.7,0.0,0.0,0.0,0.0,15794.9 MiB,3729.2 MiB,2043.9 MiB,10021.8 MiB,4096.0 MiB,3681.0 MiB,415.0 MiB,13109.8 MiB
2,Python 3.6.15,binarytrees_compatible_all.py 21,142,1694215442,1161304,python,2:46.96,44496,37648,5452,100.0,0.2,1,0,2:46,0,4,32696,1,149k,0,37648,309,2,277,30,0,12.9,0.8,0.0,86.4,0.0,0.0,0.0,0.0,15794.9 MiB,3729.4 MiB,2043.6 MiB,10021.8 MiB,4096.0 MiB,3681.0 MiB,415.0 MiB,13110.0 MiB
2,Python 3.6.15,binarytrees_compatible_all.py 21,143,1694215444,1161304,python,2:48.13,44496,37648,5452,100.0,0.2,1,0,2:48,0,4,32696,1,149k,0,37648,309,2,277,30,0,13.5,0.8,0.0,85.7,0.0,0.0,0.0,0.0,15794.9 MiB,3729.2 MiB,2043.8 MiB,10021.8 MiB,4096.0 MiB,3681.0 MiB,415.0 MiB,13109.8 MiB
2,Python 3.6.15,binarytrees_compatible_all.py 21,144,1694215445,1161304,python,2:49.31,44496,37648,5452,100.0,0.2,1,0,2:49,0,4,32696,1,149k,0,37648,309,2,277,30,0,12.9,0.8,0.0,86.4,0.0,0.0,0.0,0.0,15794.9 MiB,3728.9 MiB,2044.1 MiB,10021.8 MiB,4096.0 MiB,3681.0 MiB,415.0 MiB,13109.6 MiB
2,Python 3.6.15,binarytrees_compatible_all.py 21,145,1694215446,1161304,python,2:50.48,44496,37648,5452,100.0,0.2,1,0,2:50,0,4,32696,1,149k,0,37648,309,2,277,30,0,13.5,0.8,0.0,85.7,0.0,0.0,0.0,0.0,15794.9 MiB,3728.7 MiB,2044.3 MiB,10021.8 MiB,4096.0 MiB,3681.0 MiB,415.0 MiB,13109.3 MiB
2,Python 3.6.15,binarytrees_compatible_all.py 21,146,1694215447,1161304,python,2:51.65,44496,37648,5452,93.8,0.2,1,0,2:51,0,4,32696,1,149k,0,37648,309,2,277,30,0,13.0,0.8,0.0,86.3,0.0,0.0,0.0,0.0,15794.9 MiB,3729.2 MiB,2043.8 MiB,10021.8 MiB,4096.0 MiB,3681.0 MiB,415.0 MiB,13109.8 MiB
2,Python 3.6.15,binarytrees_compatible_all.py 21,147,1694215448,1161304,python,2:52.83,44496,37648,5452,100.0,0.2,1,0,2:52,0,4,32696,1,149k,0,37648,309,2,277,30,0,12.1,0.8,0.0,87.1,0.0,0.0,0.0,0.0,15794.9 MiB,3729.2 MiB,2043.8 MiB,10021.8 MiB,4096.0 MiB,3681.0 MiB,415.0 MiB,13109.8 MiB
2,Python 3.6.15,binarytrees_compatible_all.py 21,148,1694215450,1161304,python,2:54.01,44496,37648,5452,100.0,0.2,1,0,2:54,0,4,32696,1,149k,0,37648,309,2,277,30,0,13.5,0.8,0.0,85.0,0.8,0.0,0.0,0.0,15794.9 MiB,3728.7 MiB,2044.3 MiB,10021.8 MiB,4096.0 MiB,3681.0 MiB,415.0 MiB,13109.3 MiB
2,Python 3.6.15,binarytrees_compatible_all.py 21,149,1694215451,1161304,python,2:55.18,59344,52348,5452,100.0,0.3,1,0,2:55,0,4,47544,1,158k,0,52348,309,2,277,30,0,11.9,2.2,0.0,85.8,0.0,0.0,0.0,0.0,15794.9 MiB,3717.4 MiB,2055.6 MiB,10021.8 MiB,4096.0 MiB,3681.0 MiB,415.0 MiB,13098.0 MiB
2,Python 3.6.15,binarytrees_compatible_all.py 21,150,1694215452,1161304,python,2:56.35,72400,65732,5452,93.8,0.4,1,4,2:56,0,4,60600,1,220k,0,65732,309,2,277,30,0,12.7,1.5,0.0,85.8,0.0,0.0,0.0,0.0,15794.9 MiB,3693.4 MiB,2079.6 MiB,10021.8 MiB,4096.0 MiB,3681.0 MiB,415.0 MiB,13074.1 MiB
2,Python 3.6.15,binarytrees_compatible_all.py 21,151,1694215453,1161304,python,2:57.53,70864,64196,5452,100.0,0.4,1,4,2:57,0,4,59064,1,279k,0,64196,309,2,277,30,0,12.1,1.5,0.0,86.4,0.0,0.0,0.0,0.0,15794.9 MiB,3694.5 MiB,2078.6 MiB,10021.8 MiB,4096.0 MiB,3681.0 MiB,415.0 MiB,13075.1 MiB
2,Python 3.6.15,binarytrees_compatible_all.py 21,152,1694215454,1161304,python,2:58.70,92624,85752,5452,100.0,0.5,1,0,2:58,0,4,80824,1,342k,0,85752,309,2,277,30,0,11.9,3.0,0.0,85.1,0.0,0.0,0.0,0.0,15794.9 MiB,3685.6 MiB,2087.4 MiB,10021.8 MiB,4096.0 MiB,3681.0 MiB,415.0 MiB,13066.3 MiB
2,Python 3.6.15,binarytrees_compatible_all.py 21,153,1694215455,1161304,python,2:59.87,116944,110088,5452,100.0,0.7,1,0,2:59,0,4,105144,1,405k,0,110088,309,2,277,30,0,12.9,0.8,0.0,85.6,0.8,0.0,0.0,0.0,15794.9 MiB,3661.5 MiB,2111.5 MiB,10021.8 MiB,4096.0 MiB,3681.0 MiB,415.0 MiB,13042.2 MiB
2,Python 3.6.15,binarytrees_compatible_all.py 21,154,1694215457,1161304,python,3:01.05,72912,66244,5452,100.0,0.4,1,0,3:01,0,4,61112,1,462k,0,66244,309,2,277,30,0,11.4,2.3,0.0,86.4,0.0,0.0,0.0,0.0,15794.9 MiB,3692.4 MiB,2080.6 MiB,10021.8 MiB,4096.0 MiB,3681.0 MiB,415.0 MiB,13073.1 MiB
2,Python 3.6.15,binarytrees_compatible_all.py 21,155,1694215458,1161304,python,3:02.23,75728,69060,5452,100.0,0.4,1,0,3:02,0,4,63928,1,518k,0,69060,309,2,277,30,0,12.8,1.5,0.0,85.7,0.0,0.0,0.0,0.0,15794.9 MiB,3689.6 MiB,2083.4 MiB,10021.8 MiB,4096.0 MiB,3681.0 MiB,415.0 MiB,13070.3 MiB
2,Python 3.6.15,binarytrees_compatible_all.py 21,156,1694215459,1161304,python,3:03.41,99024,92336,5452,100.0,0.6,1,0,3:03,0,4,87224,1,578k,0,92336,309,2,277,30,0,12.7,1.5,0.0,85.1,0.7,0.0,0.0,0.0,15794.9 MiB,3679.5 MiB,2093.5 MiB,10021.8 MiB,4096.0 MiB,3681.0 MiB,415.0 MiB,13060.1 MiB
2,Python 3.6.15,binarytrees_compatible_all.py 21,157,1694215460,1161304,python,3:04.57,93648,86980,5452,100.0,0.5,1,0,3:04,0,4,81848,1,637k,0,86980,309,2,277,30,0,11.3,3.0,0.0,85.7,0.0,0.0,0.0,0.0,15794.9 MiB,3655.9 MiB,2117.1 MiB,10021.8 MiB,4096.0 MiB,3681.0 MiB,415.0 MiB,13036.5 MiB
2,Python 3.6.15,binarytrees_compatible_all.py 21,158,1694215461,1161304,python,3:05.75,77776,71108,5452,100.0,0.4,1,0,3:05,0,4,65976,1,690k,0,71108,309,2,277,30,0,10.7,3.1,0.0,86.3,0.0,0.0,0.0,0.0,15794.9 MiB,3687.9 MiB,2085.2 MiB,10021.9 MiB,4096.0 MiB,3681.0 MiB,415.0 MiB,13068.5 MiB
2,Python 3.6.15,binarytrees_compatible_all.py 21,159,1694215462,1161304,python,3:06.93,83920,76960,5452,100.0,0.5,1,0,3:06,0,4,72120,1,744k,0,76960,309,2,277,30,0,12.9,0.8,0.0,86.4,0.0,0.0,0.0,0.0,15794.9 MiB,3689.1 MiB,2083.9 MiB,10021.9 MiB,4096.0 MiB,3681.0 MiB,415.0 MiB,13069.7 MiB
2,Python 3.6.15,binarytrees_compatible_all.py 21,160,1694215464,1161304,python,3:08.10,112080,105120,5452,100.0,0.6,1,0,3:08,0,4,100280,1,802k,0,105120,309,2,277,30,0,12.1,1.5,0.0,86.4,0.0,0.0,0.0,0.0,15794.9 MiB,3666.5 MiB,2106.5 MiB,10021.9 MiB,4096.0 MiB,3681.0 MiB,415.0 MiB,13047.1 MiB
2,Python 3.6.15,binarytrees_compatible_all.py 21,161,1694215465,1161304,python,3:09.27,79824,73156,5452,93.8,0.5,1,0,3:09,0,4,68024,1,855k,0,73156,309,2,277,30,0,12.1,1.5,0.0,86.4,0.0,0.0,0.0,0.0,15794.9 MiB,3685.8 MiB,2087.2 MiB,10021.9 MiB,4096.0 MiB,3681.0 MiB,415.0 MiB,13066.5 MiB
2,Python 3.6.15,binarytrees_compatible_all.py 21,162,1694215466,1161304,python,3:10.45,78288,71620,5452,100.0,0.4,1,0,3:10,0,4,66488,1,904k,0,71620,309,2,277,30,0,13.3,1.5,0.0,85.2,0.0,0.0,0.0,0.0,15794.9 MiB,3687.4 MiB,2085.6 MiB,10021.9 MiB,4096.0 MiB,3681.0 MiB,415.0 MiB,13068.0 MiB
2,Python 3.6.15,binarytrees_compatible_all.py 21,163,1694215467,1161304,python,3:11.62,104144,97136,5452,100.0,0.6,1,0,3:11,0,4,92344,1,959k,0,97136,309,2,277,30,0,12.7,1.5,0.0,85.8,0.0,0.0,0.0,0.0,15794.9 MiB,3674.1 MiB,2098.9 MiB,10021.9 MiB,4096.0 MiB,3681.0 MiB,415.0 MiB,13054.7 MiB
2,Python 3.6.15,binarytrees_compatible_all.py 21,164,1694215468,1161304,python,3:12.80,81872,75204,5452,94.1,0.5,1,0,3:12,0,4,70072,1,1.0m,0,75204,309,2,277,30,0,12.8,2.1,0.0,84.4,0.0,0.0,0.7,0.0,15794.9 MiB,3683.1 MiB,2089.9 MiB,10021.9 MiB,4096.0 MiB,3681.0 MiB,415.0 MiB,13063.7 MiB
2,Python 3.6.15,binarytrees_compatible_all.py 21,165,1694215470,1161304,python,3:13.98,80336,73668,5452,100.0,0.5,1,0,3:13,0,4,68536,1,1.0m,0,73668,309,2,277,30,0,12.1,0.8,0.0,87.1,0.0,0.0,0.0,0.0,15794.9 MiB,3685.9 MiB,2087.1 MiB,10021.9 MiB,4096.0 MiB,3681.0 MiB,415.0 MiB,13066.6 MiB
2,Python 3.6.15,binarytrees_compatible_all.py 21,166,1694215471,1161304,python,3:15.16,98512,91792,5452,100.0,0.6,1,0,3:15,0,4,86712,1,1.1m,0,91792,309,2,277,30,0,12.1,1.5,0.0,86.4,0.0,0.0,0.0,0.0,15794.9 MiB,3671.4 MiB,2101.6 MiB,10021.9 MiB,4096.0 MiB,3681.0 MiB,415.0 MiB,13052.0 MiB
2,Python 3.6.15,binarytrees_compatible_all.py 21,167,1694215472,1161304,python,3:16.35,83920,77252,5452,100.0,0.5,1,0,3:16,0,4,72120,1,1.1m,0,77252,309,2,277,30,0,12.2,2.2,0.0,85.6,0.0,0.0,0.0,0.0,15794.9 MiB,3666.6 MiB,2106.4 MiB,10021.9 MiB,4096.0 MiB,3681.0 MiB,415.0 MiB,13047.2 MiB
2,Python 3.6.15,binarytrees_compatible_all.py 21,168,1694215473,1161304,python,3:17.52,82384,75716,5452,100.0,0.5,1,0,3:17,0,4,70584,1,1.2m,0,75716,309,2,277,30,0,12.0,2.3,0.0,85.7,0.0,0.0,0.0,0.0,15794.9 MiB,3675.2 MiB,2097.8 MiB,10021.9 MiB,4096.0 MiB,3681.0 MiB,415.0 MiB,13055.8 MiB
2,Python 3.6.15,binarytrees_compatible_all.py 21,169,1694215474,1161304,python,3:18.70,98256,91464,5452,100.0,0.6,1,0,3:18,0,4,86456,1,1.2m,0,91464,309,2,277,30,0,12.1,1.5,0.0,86.4,0.0,0.0,0.0,0.0,15794.9 MiB,3672.6 MiB,2100.4 MiB,10021.9 MiB,4096.0 MiB,3681.0 MiB,415.0 MiB,13053.3 MiB
2,Python 3.6.15,binarytrees_compatible_all.py 21,170,1694215475,1161304,python,3:19.88,85968,79300,5452,100.0,0.5,1,0,3:19,0,4,74168,1,1.3m,0,79300,309,2,277,30,0,12.9,2.1,0.0,85.0,0.0,0.0,0.0,0.0,15794.9 MiB,3669.8 MiB,2103.1 MiB,10021.9 MiB,4096.0 MiB,3681.0 MiB,415.0 MiB,13050.5 MiB
2,Python 3.6.15,binarytrees_compatible_all.py 21,171,1694215477,1161304,python,3:21.06,84432,77764,5452,100.0,0.5,1,0,3:21,0,4,72632,1,1.3m,0,77764,309,2,277,30,0,12.8,1.5,0.0,85.7,0.0,0.0,0.0,0.0,15794.9 MiB,3674.1 MiB,2098.8 MiB,10021.9 MiB,4096.0 MiB,3681.0 MiB,415.0 MiB,13054.8 MiB
2,Python 3.6.15,binarytrees_compatible_all.py 21,172,1694215478,1161304,python,3:22.23,104400,97472,5452,93.8,0.6,1,0,3:22,0,4,92600,1,1.4m,0,97472,309,2,277,30,0,13.4,0.7,0.0,85.8,0.0,0.0,0.0,0.0,15794.9 MiB,3666.2 MiB,2106.8 MiB,10021.9 MiB,4096.0 MiB,3681.0 MiB,415.0 MiB,13046.9 MiB
2,Python 3.6.15,binarytrees_compatible_all.py 21,173,1694215479,1161304,python,3:23.41,88016,81348,5452,100.0,0.5,1,0,3:23,0,4,76216,1,1.4m,0,81348,309,2,277,30,0,12.0,2.3,0.0,85.7,0.0,0.0,0.0,0.0,15794.9 MiB,3670.1 MiB,2102.9 MiB,10021.9 MiB,4096.0 MiB,3681.0 MiB,415.0 MiB,13050.8 MiB
2,Python 3.6.15,binarytrees_compatible_all.py 21,174,1694215480,1161304,python,3:24.59,338128,331388,5452,100.0,2.0,1,0,3:24,0,4,326328,1,1.5m,0,331388,309,2,277,30,0,10.6,3.0,0.0,86.4,0.0,0.0,0.0,0.0,15794.9 MiB,3437.6 MiB,2335.4 MiB,10021.9 MiB,4096.0 MiB,3681.0 MiB,415.0 MiB,12818.3 MiB
2,Python 3.6.15,binarytrees_compatible_all.py 21,175,1694215481,1161304,python,3:25.76,220624,214032,5452,100.0,1.3,1,0,3:25,0,4,208824,1,1.5m,0,214032,309,2,277,30,0,11.3,2.3,0.0,86.5,0.0,0.0,0.0,0.0,15794.9 MiB,3532.7 MiB,2240.3 MiB,10021.9 MiB,4096.0 MiB,3681.0 MiB,415.0 MiB,12913.4 MiB
2,Python 3.6.15,binarytrees_compatible_all.py 21,176,1694215482,1161304,python,3:26.93,222928,216336,5452,100.0,1.3,1,0,3:26,0,4,211128,1,1.6m,0,216336,309,2,277,30,0,12.9,0.8,0.0,86.4,0.0,0.0,0.0,0.0,15794.9 MiB,3538.0 MiB,2235.0 MiB,10021.9 MiB,4096.0 MiB,3681.0 MiB,415.0 MiB,12918.7 MiB
2,Python 3.6.15,binarytrees_compatible_all.py 21,177,1694215484,1161304,python,3:28.10,313296,306420,5452,93.8,1.9,1,0,3:28,0,4,301496,1,1.7m,0,306420,309,2,277,30,0,12.2,1.5,0.0,86.3,0.0,0.0,0.0,0.0,15794.9 MiB,3461.2 MiB,2311.7 MiB,10021.9 MiB,4096.0 MiB,3681.0 MiB,415.0 MiB,12841.9 MiB
2,Python 3.6.15,binarytrees_compatible_all.py 21,178,1694215485,1161304,python,3:29.28,350672,344080,5452,100.0,2.1,1,0,3:29,0,4,338872,1,1.7m,0,344080,309,2,277,30,0,11.4,2.3,0.0,86.4,0.0,0.0,0.0,0.0,15794.9 MiB,3395.1 MiB,2377.9 MiB,10021.9 MiB,4096.0 MiB,3681.0 MiB,415.0 MiB,12775.8 MiB
2,Python 3.6.15,binarytrees_compatible_all.py 21,179,1694215486,1161304,python,3:30.47,223440,216848,5452,100.0,1.3,1,0,3:30,0,4,211640,1,1.8m,0,216848,309,2,277,30,0,13.7,0.7,0.0,85.6,0.0,0.0,0.0,0.0,15794.9 MiB,3536.3 MiB,2236.7 MiB,10021.9 MiB,4096.0 MiB,3681.0 MiB,415.0 MiB,12917.0 MiB
2,Python 3.6.15,binarytrees_compatible_all.py 21,180,1694215487,1161304,python,3:31.65,289744,282908,5452,100.0,1.7,1,0,3:31,0,4,277944,1,1.8m,0,282908,309,2,277,30,0,11.9,2.2,0.0,85.8,0.0,0.0,0.0,0.0,15794.9 MiB,3484.1 MiB,2288.8 MiB,10021.9 MiB,4096.0 MiB,3681.0 MiB,415.0 MiB,12864.8 MiB
2,Python 3.6.15,binarytrees_compatible_all.py 21,181,1694215488,1161304,python,3:32.82,410320,403484,5452,100.0,2.5,1,4,3:32,0,4,398520,1,1.9m,0,403484,309,2,277,30,0,11.3,2.3,0.0,86.5,0.0,0.0,0.0,0.0,15794.9 MiB,3375.6 MiB,2397.4 MiB,10021.9 MiB,4096.0 MiB,3681.0 MiB,415.0 MiB,12755.8 MiB
2,Python 3.6.15,binarytrees_compatible_all.py 21,182,1694215490,1161304,python,3:33.99,223952,217360,5452,100.0,1.3,1,0,3:33,0,4,212152,1,2.0m,0,217360,309,2,277,30,0,12.0,1.5,0.0,86.5,0.0,0.0,0.0,0.0,15794.9 MiB,3536.3 MiB,2236.7 MiB,10021.9 MiB,4096.0 MiB,3681.0 MiB,415.0 MiB,12917.0 MiB
2,Python 3.6.15,binarytrees_compatible_all.py 21,183,1694215491,1161304,python,3:35.17,264912,258076,5452,100.0,1.6,1,0,3:35,0,4,253112,1,2.0m,0,258076,309,2,277,30,0,12.9,2.3,0.0,84.1,0.8,0.0,0.0,0.0,15794.9 MiB,3508.2 MiB,2264.7 MiB,10021.9 MiB,4096.0 MiB,3681.0 MiB,415.0 MiB,12888.9 MiB
2,Python 3.6.15,binarytrees_compatible_all.py 21,184,1694215492,1161304,python,3:36.34,383696,376804,5452,100.0,2.3,1,0,3:36,0,4,371896,1,2.1m,0,376804,309,2,277,30,0,11.9,2.2,0.0,85.8,0.0,0.0,0.0,0.0,15794.9 MiB,3391.8 MiB,2381.1 MiB,10021.9 MiB,4096.0 MiB,3681.0 MiB,415.0 MiB,12772.5 MiB
2,Python 3.6.15,binarytrees_compatible_all.py 21,185,1694215493,1161304,python,3:37.51,224464,217872,5452,93.8,1.3,1,0,3:37,0,4,212664,1,2.2m,0,217872,309,2,277,30,0,12.7,1.5,0.0,85.8,0.0,0.0,0.0,0.0,15794.9 MiB,3536.0 MiB,2236.9 MiB,10021.9 MiB,4096.0 MiB,3681.0 MiB,415.0 MiB,12916.7 MiB
2,Python 3.6.15,binarytrees_compatible_all.py 21,186,1694215494,1161304,python,3:38.69,240592,233772,5452,93.8,1.4,1,0,3:38,0,4,228792,1,2.2m,0,233772,309,2,277,30,0,12.2,0.8,0.0,87.0,0.0,0.0,0.0,0.0,15794.9 MiB,3531.9 MiB,2241.1 MiB,10021.9 MiB,4096.0 MiB,3681.0 MiB,415.0 MiB,12912.6 MiB
2,Python 3.6.15,binarytrees_compatible_all.py 21,187,1694215495,1161304,python,3:39.87,359120,352500,5452,100.0,2.2,1,0,3:39,0,4,347320,1,2.3m,0,352500,309,2,277,30,0,12.0,2.3,0.0,85.7,0.0,0.0,0.0,0.0,15794.9 MiB,3416.4 MiB,2356.5 MiB,10021.9 MiB,4096.0 MiB,3681.0 MiB,415.0 MiB,12797.2 MiB
2,Python 3.6.15,binarytrees_compatible_all.py 21,188,1694215497,1161304,python,3:41.05,224976,218384,5452,100.0,1.4,1,0,3:41,0,4,213176,1,2.3m,0,218384,309,2,277,30,0,12.8,1.5,0.0,85.7,0.0,0.0,0.0,0.0,15794.9 MiB,3537.5 MiB,2235.4 MiB,10021.9 MiB,4096.0 MiB,3681.0 MiB,415.0 MiB,12918.2 MiB
2,Python 3.6.15,binarytrees_compatible_all.py 21,189,1694215498,1161304,python,3:42.22,222928,216336,5452,94.1,1.3,1,0,3:42,0,4,211128,1,2.4m,0,216336,309,2,277,30,0,14.2,1.4,0.0,84.4,0.0,0.0,0.0,0.0,15794.9 MiB,3539.7 MiB,2233.2 MiB,10021.9 MiB,4096.0 MiB,3681.0 MiB,415.0 MiB,12920.5 MiB
2,Python 3.6.15,binarytrees_compatible_all.py 21,190,1694215499,1161304,python,3:43.41,334032,327140,5452,100.0,2.0,1,0,3:43,0,4,322232,1,2.5m,0,327140,309,2,277,30,0,11.2,3.0,0.0,85.8,0.0,0.0,0.0,0.0,15794.9 MiB,3443.3 MiB,2329.7 MiB,10021.9 MiB,4096.0 MiB,3681.0 MiB,415.0 MiB,12824.0 MiB
2,Python 3.6.15,binarytrees_compatible_all.py 21,191,1694215500,1161304,python,3:44.57,272592,266000,5452,93.8,1.6,1,4,3:44,0,4,260792,1,2.5m,0,266000,309,2,277,30,0,11.2,3.7,0.0,85.1,0.0,0.0,0.0,0.0,15794.9 MiB,3477.8 MiB,2295.1 MiB,10021.9 MiB,4096.0 MiB,3681.0 MiB,415.0 MiB,12858.5 MiB
2,Python 3.6.15,binarytrees_compatible_all.py 21,192,1694215501,1161304,python,3:45.75,223440,216848,5452,100.0,1.3,1,4,3:45,0,4,211640,1,2.6m,0,216848,309,2,277,30,0,13.4,0.7,0.0,85.8,0.0,0.0,0.0,0.0,15794.9 MiB,3539.8 MiB,2233.1 MiB,10022.0 MiB,4096.0 MiB,3681.0 MiB,415.0 MiB,12920.5 MiB
2,Python 3.6.15,binarytrees_compatible_all.py 21,193,1694215502,1161304,python,3:46.93,295632,288844,5452,100.0,1.8,1,0,3:46,0,4,283832,1,2.6m,0,288844,309,2,277,30,0,12.0,1.5,0.0,86.5,0.0,0.0,0.0,0.0,15794.9 MiB,3490.5 MiB,2282.4 MiB,10022.0 MiB,4096.0 MiB,3681.0 MiB,415.0 MiB,12871.3 MiB
2,Python 3.6.15,binarytrees_compatible_all.py 21,194,1694215504,1161304,python,3:48.10,417744,410876,5452,93.8,2.5,1,4,3:48,0,4,405944,1,2.7m,0,410876,309,2,277,30,0,12.1,1.5,0.0,86.4,0.0,0.0,0.0,0.0,15794.9 MiB,3370.4 MiB,2402.5 MiB,10022.0 MiB,4096.0 MiB,3681.0 MiB,415.0 MiB,12751.2 MiB
2,Python 3.6.15,binarytrees_compatible_all.py 21,195,1694215505,1161304,python,3:49.28,223952,217360,5452,100.0,1.3,1,0,3:49,0,4,212152,1,2.8m,0,217360,309,2,277,30,0,12.7,1.5,0.0,85.1,0.0,0.0,0.7,0.0,15794.9 MiB,3547.6 MiB,2225.3 MiB,10022.0 MiB,4096.0 MiB,3681.0 MiB,415.0 MiB,12928.4 MiB
2,Python 3.6.15,binarytrees_compatible_all.py 21,196,1694215506,1161304,python,3:50.45,270800,264012,5452,93.8,1.6,1,0,3:50,0,4,259000,1,2.8m,0,264012,309,2,277,30,0,11.3,2.3,0.0,86.5,0.0,0.0,0.0,0.0,15794.9 MiB,3514.2 MiB,2258.7 MiB,10022.0 MiB,4096.0 MiB,3681.0 MiB,415.0 MiB,12894.9 MiB
2,Python 3.6.15,binarytrees_compatible_all.py 21,197,1694215507,1161304,python,3:51.63,391632,384724,5452,93.8,2.4,1,0,3:51,0,4,379832,1,2.9m,0,384724,309,2,277,30,0,11.9,3.7,0.0,84.4,0.0,0.0,0.0,0.0,15794.9 MiB,3396.3 MiB,2376.6 MiB,10022.0 MiB,4096.0 MiB,3681.0 MiB,415.0 MiB,12777.0 MiB
3,Python 3.6.15,binarytrees_compatible_all.py 21,0,1694215508,1162594,python,0:00.11,31616,25024,5444,68.8,0.2,1,6,0:00,0,4,19816,0,6056,0,25024,310,2,278,30,0,14.7,5.4,0.0,79.8,0.0,0.0,0.0,0.0,15794.9 MiB,3723.1 MiB,2042.8 MiB,10029.0 MiB,4096.0 MiB,3681.0 MiB,415.0 MiB,13103.9 MiB
3,Python 3.6.15,binarytrees_compatible_all.py 21,1,1694215510,1162594,python,0:01.29,31616,25024,5444,100.0,0.2,1,6,0:01,0,4,19816,0,6056,0,25024,310,2,278,30,0,13.5,0.8,0.0,85.7,0.0,0.0,0.0,0.0,15794.9 MiB,3723.1 MiB,2042.6 MiB,10029.2 MiB,4096.0 MiB,3681.0 MiB,415.0 MiB,13103.9 MiB
3,Python 3.6.15,binarytrees_compatible_all.py 21,2,1694215511,1162594,python,0:02.46,31616,25024,5444,93.8,0.2,1,6,0:02,0,4,19816,0,6056,0,25024,310,2,278,30,0,13.5,0.8,0.0,85.0,0.8,0.0,0.0,0.0,15794.9 MiB,3730.2 MiB,2042.5 MiB,10022.2 MiB,4096.0 MiB,3681.0 MiB,415.0 MiB,13111.0 MiB
3,Python 3.6.15,binarytrees_compatible_all.py 21,3,1694215512,1162594,python,0:03.64,31616,25024,5444,100.0,0.2,1,2,0:03,0,4,19816,0,6056,0,25024,310,2,278,30,0,13.5,0.0,0.0,86.5,0.0,0.0,0.0,0.0,15794.9 MiB,3730.2 MiB,2042.4 MiB,10022.2 MiB,4096.0 MiB,3681.0 MiB,415.0 MiB,13111.0 MiB
3,Python 3.6.15,binarytrees_compatible_all.py 21,4,1694215513,1162594,python,0:04.81,31616,25024,5444,100.0,0.2,1,2,0:04,0,4,19816,0,6056,0,25024,310,2,278,30,0,12.8,1.5,0.0,85.7,0.0,0.0,0.0,0.0,15794.9 MiB,3730.7 MiB,2042.0 MiB,10022.2 MiB,4096.0 MiB,3681.0 MiB,415.0 MiB,13111.5 MiB
3,Python 3.6.15,binarytrees_compatible_all.py 21,5,1694215514,1162594,python,0:05.99,31616,25024,5444,100.0,0.2,1,2,0:05,0,4,19816,0,6056,0,25024,310,2,278,30,0,12.9,0.8,0.0,86.4,0.0,0.0,0.0,0.0,15794.9 MiB,3729.8 MiB,2042.9 MiB,10022.2 MiB,4096.0 MiB,3681.0 MiB,415.0 MiB,13110.5 MiB
3,Python 3.6.15,binarytrees_compatible_all.py 21,6,1694215515,1162594,python,0:07.16,31616,25024,5444,93.8,0.2,1,2,0:07,0,4,19816,0,6056,0,25024,310,2,278,30,0,13.6,0.0,0.0,86.4,0.0,0.0,0.0,0.0,15794.9 MiB,3729.0 MiB,2043.7 MiB,10022.2 MiB,4096.0 MiB,3681.0 MiB,415.0 MiB,13109.8 MiB
3,Python 3.6.15,binarytrees_compatible_all.py 21,7,1694215517,1162594,python,0:08.34,31616,25024,5444,100.0,0.2,1,2,0:08,0,4,19816,0,6056,0,25024,310,2,278,30,0,12.8,1.5,0.0,85.0,0.8,0.0,0.0,0.0,15794.9 MiB,3729.0 MiB,2043.7 MiB,10022.2 MiB,4096.0 MiB,3681.0 MiB,415.0 MiB,13109.8 MiB
3,Python 3.6.15,binarytrees_compatible_all.py 21,8,1694215518,1162594,python,0:09.52,31616,25024,5444,100.0,0.2,1,2,0:09,0,4,19816,0,6056,0,25024,310,2,278,30,0,13.4,1.4,0.0,85.2,0.0,0.0,0.0,0.0,15794.9 MiB,3728.8 MiB,2043.9 MiB,10022.2 MiB,4096.0 MiB,3681.0 MiB,415.0 MiB,13109.5 MiB
3,Python 3.6.15,binarytrees_compatible_all.py 21,9,1694215519,1162594,python,0:10.70,31616,25024,5444,100.0,0.2,1,6,0:10,0,4,19816,0,6056,0,25024,310,2,278,30,0,12.9,0.8,0.0,86.4,0.0,0.0,0.0,0.0,15794.9 MiB,3728.5 MiB,2044.2 MiB,10022.2 MiB,4096.0 MiB,3681.0 MiB,415.0 MiB,13109.3 MiB
3,Python 3.6.15,binarytrees_compatible_all.py 21,10,1694215520,1162594,python,0:11.87,31616,25024,5444,93.8,0.2,1,6,0:11,0,4,19816,0,6056,0,25024,310,2,278,30,0,14.2,1.5,0.0,84.3,0.0,0.0,0.0,0.0,15794.9 MiB,3728.5 MiB,2044.2 MiB,10022.2 MiB,4096.0 MiB,3681.0 MiB,415.0 MiB,13109.3 MiB
3,Python 3.6.15,binarytrees_compatible_all.py 21,11,1694215521,1162594,python,0:13.05,31616,25024,5444,100.0,0.2,1,6,0:13,0,4,19816,0,6056,0,25024,311,2,279,30,0,14.4,0.8,0.0,84.8,0.0,0.0,0.0,0.0,15794.9 MiB,3728.0 MiB,2044.6 MiB,10022.2 MiB,4096.0 MiB,3681.0 MiB,415.0 MiB,13108.8 MiB
3,Python 3.6.15,binarytrees_compatible_all.py 21,12,1694215522,1162594,python,0:14.22,31616,25024,5444,93.8,0.2,1,6,0:14,0,4,19816,0,6056,0,25024,310,2,278,30,0,12.9,0.8,0.0,86.4,0.0,0.0,0.0,0.0,15794.9 MiB,3728.0 MiB,2044.6 MiB,10022.2 MiB,4096.0 MiB,3681.0 MiB,415.0 MiB,13108.8 MiB
3,Python 3.6.15,binarytrees_compatible_all.py 21,13,1694215524,1162594,python,0:15.41,31616,25024,5444,100.0,0.2,1,6,0:15,0,4,19816,0,6056,0,25024,310,2,278,30,0,12.9,1.4,0.0,85.7,0.0,0.0,0.0,0.0,15794.9 MiB,3727.8 MiB,2044.9 MiB,10022.2 MiB,4096.0 MiB,3681.0 MiB,415.0 MiB,13108.6 MiB
3,Python 3.6.15,binarytrees_compatible_all.py 21,14,1694215525,1162594,python,0:16.59,31616,25024,5444,100.0,0.2,1,6,0:16,0,4,19816,0,6056,0,25024,310,2,278,30,0,13.3,1.5,0.0,85.2,0.0,0.0,0.0,0.0,15794.9 MiB,3727.8 MiB,2044.9 MiB,10022.2 MiB,4096.0 MiB,3681.0 MiB,415.0 MiB,13108.6 MiB
3,Python 3.6.15,binarytrees_compatible_all.py 21,15,1694215526,1162594,python,0:17.76,31616,25024,5444,93.8,0.2,1,6,0:17,0,4,19816,0,6056,0,25024,310,2,278,30,0,12.7,1.5,0.0,85.8,0.0,0.0,0.0,0.0,15794.9 MiB,3727.8 MiB,2044.9 MiB,10022.2 MiB,4096.0 MiB,3681.0 MiB,415.0 MiB,13108.6 MiB
3,Python 3.6.15,binarytrees_compatible_all.py 21,16,1694215527,1162594,python,0:18.94,31616,25024,5444,100.0,0.2,1,6,0:18,0,4,19816,0,6056,0,25024,310,2,278,30,0,12.7,2.2,0.0,84.3,0.7,0.0,0.0,0.0,15794.9 MiB,3727.1 MiB,2045.6 MiB,10022.2 MiB,4096.0 MiB,3681.0 MiB,415.0 MiB,13107.9 MiB
3,Python 3.6.15,binarytrees_compatible_all.py 21,17,1694215528,1162594,python,0:20.11,31616,25024,5444,100.0,0.2,1,6,0:20,0,4,19816,0,6056,0,25024,310,2,278,30,0,12.7,1.5,0.0,85.8,0.0,0.0,0.0,0.0,15794.9 MiB,3727.1 MiB,2045.6 MiB,10022.2 MiB,4096.0 MiB,3681.0 MiB,415.0 MiB,13107.9 MiB
3,Python 3.6.15,binarytrees_compatible_all.py 21,18,1694215530,1162594,python,0:21.29,31616,25024,5444,100.0,0.2,1,2,0:21,0,4,19816,0,6056,0,25024,310,2,278,30,0,13.4,1.5,0.0,85.1,0.0,0.0,0.0,0.0,15794.9 MiB,3727.1 MiB,2045.5 MiB,10022.3 MiB,4096.0 MiB,3681.0 MiB,415.0 MiB,13107.9 MiB
3,Python 3.6.15,binarytrees_compatible_all.py 21,19,1694215531,1162594,python,0:22.46,31616,25024,5444,93.8,0.2,1,2,0:22,0,4,19816,0,6056,0,25024,310,2,278,30,0,12.8,1.5,0.0,85.7,0.0,0.0,0.0,0.0,15794.9 MiB,3727.1 MiB,2045.6 MiB,10022.2 MiB,4096.0 MiB,3681.0 MiB,415.0 MiB,13107.9 MiB
3,Python 3.6.15,binarytrees_compatible_all.py 21,20,1694215532,1162594,python,0:23.64,19408,12612,5444,100.0,0.1,1,2,0:23,0,4,7608,0,7079,0,12612,310,2,278,30,0,13.4,1.5,0.0,85.1,0.0,0.0,0.0,0.0,15794.9 MiB,3742.6 MiB,2030.1 MiB,10022.2 MiB,4096.0 MiB,3681.0 MiB,415.0 MiB,13123.4 MiB
3,Python 3.6.15,binarytrees_compatible_all.py 21,21,1694215533,1162594,python,0:24.81,19408,12612,5444,100.0,0.1,1,6,0:24,0,4,7608,0,7079,0,12612,310,2,278,30,0,12.9,0.8,0.0,86.4,0.0,0.0,0.0,0.0,15794.9 MiB,3742.6 MiB,2030.1 MiB,10022.2 MiB,4096.0 MiB,3681.0 MiB,415.0 MiB,13123.4 MiB
3,Python 3.6.15,binarytrees_compatible_all.py 21,22,1694215534,1162594,python,0:25.99,19408,12612,5444,100.0,0.1,1,6,0:25,0,4,7608,0,7079,0,12612,310,2,278,30,0,13.4,1.5,0.0,85.1,0.0,0.0,0.0,0.0,15794.9 MiB,3742.6 MiB,2030.1 MiB,10022.2 MiB,4096.0 MiB,3681.0 MiB,415.0 MiB,13123.4 MiB
3,Python 3.6.15,binarytrees_compatible_all.py 21,23,1694215535,1162594,python,0:27.16,19408,12612,5444,100.0,0.1,1,6,0:27,0,4,7608,0,7079,0,12612,310,2,278,30,0,12.8,1.5,0.0,85.7,0.0,0.0,0.0,0.0,15794.9 MiB,3742.6 MiB,2030.1 MiB,10022.2 MiB,4096.0 MiB,3681.0 MiB,415.0 MiB,13123.4 MiB
3,Python 3.6.15,binarytrees_compatible_all.py 21,24,1694215537,1162594,python,0:28.34,19408,12612,5444,100.0,0.1,1,6,0:28,0,4,7608,0,7079,0,12612,310,2,278,30,0,12.9,0.8,0.0,86.4,0.0,0.0,0.0,0.0,15794.9 MiB,3742.3 MiB,2030.3 MiB,10022.2 MiB,4096.0 MiB,3681.0 MiB,415.0 MiB,13123.1 MiB
3,Python 3.6.15,binarytrees_compatible_all.py 21,25,1694215538,1162594,python,0:29.51,19408,12612,5444,100.0,0.1,1,6,0:29,0,4,7608,0,7079,0,12612,310,2,278,30,0,13.4,1.5,0.0,85.1,0.0,0.0,0.0,0.0,15794.9 MiB,3742.1 MiB,2030.6 MiB,10022.2 MiB,4096.0 MiB,3681.0 MiB,415.0 MiB,13122.9 MiB
3,Python 3.6.15,binarytrees_compatible_all.py 21,26,1694215539,1162594,python,0:30.68,19408,12612,5444,93.8,0.1,1,6,0:30,0,4,7608,0,7079,0,12612,310,2,278,30,0,12.8,0.8,0.0,86.5,0.0,0.0,0.0,0.0,15794.9 MiB,3742.1 MiB,2030.6 MiB,10022.2 MiB,4096.0 MiB,3681.0 MiB,415.0 MiB,13122.9 MiB
3,Python 3.6.15,binarytrees_compatible_all.py 21,27,1694215540,1162594,python,0:31.86,19408,12612,5444,100.0,0.1,1,6,0:31,0,4,7608,0,7079,0,12612,310,2,278,30,0,12.9,1.5,0.0,85.6,0.0,0.0,0.0,0.0,15794.9 MiB,3742.1 MiB,2030.6 MiB,10022.2 MiB,4096.0 MiB,3681.0 MiB,415.0 MiB,13122.9 MiB
3,Python 3.6.15,binarytrees_compatible_all.py 21,28,1694215541,1162594,python,0:33.04,19408,12612,5444,100.0,0.1,1,6,0:33,0,4,7608,0,7079,0,12612,310,2,278,30,0,12.7,1.5,0.0,85.8,0.0,0.0,0.0,0.0,15794.9 MiB,3741.8 MiB,2030.8 MiB,10022.2 MiB,4096.0 MiB,3681.0 MiB,415.0 MiB,13122.6 MiB
3,Python 3.6.15,binarytrees_compatible_all.py 21,29,1694215542,1162594,python,0:34.21,19408,12612,5444,100.0,0.1,1,6,0:34,0,4,7608,0,7079,0,12612,310,2,278,30,0,13.6,0.8,0.0,85.6,0.0,0.0,0.0,0.0,15794.9 MiB,3741.8 MiB,2030.8 MiB,10022.2 MiB,4096.0 MiB,3681.0 MiB,415.0 MiB,13122.6 MiB
3,Python 3.6.15,binarytrees_compatible_all.py 21,30,1694215544,1162594,python,0:35.38,19408,12612,5444,93.8,0.1,1,2,0:35,0,4,7608,0,7079,0,12612,310,2,278,30,0,12.7,1.5,0.0,85.8,0.0,0.0,0.0,0.0,15794.9 MiB,3741.8 MiB,2030.8 MiB,10022.2 MiB,4096.0 MiB,3681.0 MiB,415.0 MiB,13122.7 MiB
3,Python 3.6.15,binarytrees_compatible_all.py 21,31,1694215545,1162594,python,0:36.56,19408,12612,5444,100.0,0.1,1,2,0:36,0,4,7608,0,7079,0,12612,310,2,278,30,0,12.2,0.8,0.0,87.0,0.0,0.0,0.0,0.0,15794.9 MiB,3741.8 MiB,2030.8 MiB,10022.2 MiB,4096.0 MiB,3681.0 MiB,415.0 MiB,13122.7 MiB
3,Python 3.6.15,binarytrees_compatible_all.py 21,32,1694215546,1162594,python,0:37.74,19408,12612,5444,100.0,0.1,1,2,0:37,0,4,7608,0,7079,0,12612,310,2,278,30,0,12.1,0.8,0.0,87.1,0.0,0.0,0.0,0.0,15794.9 MiB,3741.8 MiB,2030.8 MiB,10022.2 MiB,4096.0 MiB,3681.0 MiB,415.0 MiB,13122.7 MiB
3,Python 3.6.15,binarytrees_compatible_all.py 21,33,1694215547,1162594,python,0:38.91,19408,12612,5444,100.0,0.1,1,2,0:38,0,4,7608,0,7079,0,12612,310,2,278,30,0,13.5,0.8,0.0,85.7,0.0,0.0,0.0,0.0,15794.9 MiB,3741.8 MiB,2030.8 MiB,10022.2 MiB,4096.0 MiB,3681.0 MiB,415.0 MiB,13122.7 MiB
3,Python 3.6.15,binarytrees_compatible_all.py 21,34,1694215548,1162594,python,0:40.08,19408,12612,5444,93.8,0.1,1,6,0:40,0,4,7608,0,7079,0,12612,310,2,278,30,0,12.8,1.5,0.0,85.7,0.0,0.0,0.0,0.0,15794.9 MiB,3742.1 MiB,2030.6 MiB,10022.2 MiB,4096.0 MiB,3681.0 MiB,415.0 MiB,13122.9 MiB
3,Python 3.6.15,binarytrees_compatible_all.py 21,35,1694215549,1162594,python,0:41.26,19408,12612,5444,100.0,0.1,1,6,0:41,0,4,7608,0,7079,0,12612,310,2,278,30,0,12.1,2.3,0.0,85.6,0.0,0.0,0.0,0.0,15794.9 MiB,3741.8 MiB,2030.8 MiB,10022.2 MiB,4096.0 MiB,3681.0 MiB,415.0 MiB,13122.7 MiB
3,Python 3.6.15,binarytrees_compatible_all.py 21,36,1694215551,1162594,python,0:42.44,19408,12612,5444,100.0,0.1,1,6,0:42,0,4,7608,0,7079,0,12612,310,2,278,30,0,13.4,1.5,0.0,85.1,0.0,0.0,0.0,0.0,15794.9 MiB,3741.8 MiB,2030.8 MiB,10022.2 MiB,4096.0 MiB,3681.0 MiB,415.0 MiB,13122.7 MiB
3,Python 3.6.15,binarytrees_compatible_all.py 21,37,1694215552,1162594,python,0:43.61,19408,12612,5444,100.0,0.1,1,6,0:43,0,4,7608,0,7079,0,12612,310,2,278,30,0,12.7,1.5,0.0,85.8,0.0,0.0,0.0,0.0,15794.9 MiB,3741.3 MiB,2031.3 MiB,10022.3 MiB,4096.0 MiB,3681.0 MiB,415.0 MiB,13122.2 MiB
3,Python 3.6.15,binarytrees_compatible_all.py 21,38,1694215553,1162594,python,0:44.78,19408,12612,5444,100.0,0.1,1,6,0:44,0,4,7608,0,7079,0,12612,310,2,278,30,0,12.9,0.8,0.0,86.4,0.0,0.0,0.0,0.0,15794.9 MiB,3741.3 MiB,2031.3 MiB,10022.3 MiB,4096.0 MiB,3681.0 MiB,415.0 MiB,13122.2 MiB
3,Python 3.6.15,binarytrees_compatible_all.py 21,39,1694215554,1162594,python,0:45.96,19408,12612,5444,100.0,0.1,1,2,0:45,0,4,7608,0,7079,0,12612,310,2,278,30,0,13.4,1.5,0.0,85.1,0.0,0.0,0.0,0.0,15794.9 MiB,3741.3 MiB,2031.3 MiB,10022.3 MiB,4096.0 MiB,3681.0 MiB,415.0 MiB,13122.2 MiB
3,Python 3.6.15,binarytrees_compatible_all.py 21,40,1694215555,1162594,python,0:47.13,19408,12612,5444,100.0,0.1,1,2,0:47,0,4,7608,0,7079,0,12612,310,2,278,30,0,13.5,0.8,0.0,85.7,0.0,0.0,0.0,0.0,15794.9 MiB,3741.6 MiB,2031.0 MiB,10022.3 MiB,4096.0 MiB,3681.0 MiB,415.0 MiB,13122.4 MiB
3,Python 3.6.15,binarytrees_compatible_all.py 21,41,1694215557,1162594,python,0:48.31,19664,12876,5444,100.0,0.1,1,2,0:48,0,4,7864,0,7120,0,12876,310,2,278,30,0,12.9,1.5,0.0,85.6,0.0,0.0,0.0,0.0,15794.9 MiB,3741.3 MiB,2031.3 MiB,10022.3 MiB,4096.0 MiB,3681.0 MiB,415.0 MiB,13122.2 MiB
3,Python 3.6.15,binarytrees_compatible_all.py 21,42,1694215558,1162594,python,0:49.48,19920,12876,5444,100.0,0.1,1,2,0:49,0,4,8120,0,7169,0,12876,310,2,278,30,0,12.9,0.8,0.0,86.4,0.0,0.0,0.0,0.0,15794.9 MiB,3741.3 MiB,2031.3 MiB,10022.3 MiB,4096.0 MiB,3681.0 MiB,415.0 MiB,13122.2 MiB
3,Python 3.6.15,binarytrees_compatible_all.py 21,43,1694215559,1162594,python,0:50.66,19920,13140,5444,100.0,0.1,1,2,0:50,0,4,8120,0,7218,0,13140,310,2,278,30,0,12.9,0.8,0.0,86.4,0.0,0.0,0.0,0.0,15794.9 MiB,3741.1 MiB,2031.5 MiB,10022.3 MiB,4096.0 MiB,3681.0 MiB,415.0 MiB,13122.0 MiB
3,Python 3.6.15,binarytrees_compatible_all.py 21,44,1694215560,1162594,python,0:51.84,20176,13404,5444,100.0,0.1,1,2,0:51,0,4,8376,0,7268,0,13404,310,2,278,30,0,12.2,0.8,0.0,87.0,0.0,0.0,0.0,0.0,15794.9 MiB,3741.6 MiB,2031.0 MiB,10022.3 MiB,4096.0 MiB,3681.0 MiB,415.0 MiB,13122.4 MiB
3,Python 3.6.15,binarytrees_compatible_all.py 21,45,1694215561,1162594,python,0:53.01,20432,13668,5444,100.0,0.1,1,2,0:53,0,4,8632,0,7317,0,13668,310,2,278,30,0,12.8,1.5,0.0,85.0,0.8,0.0,0.0,0.0,15794.9 MiB,3741.6 MiB,2031.0 MiB,10022.3 MiB,4096.0 MiB,3681.0 MiB,415.0 MiB,13122.4 MiB
3,Python 3.6.15,binarytrees_compatible_all.py 21,46,1694215562,1162594,python,0:54.19,20688,13668,5444,100.0,0.1,1,6,0:54,0,4,8888,0,7366,0,13668,310,2,278,30,0,12.9,0.8,0.0,86.4,0.0,0.0,0.0,0.0,15794.9 MiB,3741.3 MiB,2031.2 MiB,10022.3 MiB,4096.0 MiB,3681.0 MiB,415.0 MiB,13122.2 MiB
3,Python 3.6.15,binarytrees_compatible_all.py 21,47,1694215564,1162594,python,0:55.36,20688,13932,5444,100.0,0.1,1,6,0:55,0,4,8888,0,7415,0,13932,310,2,278,30,0,13.0,0.8,0.0,86.3,0.0,0.0,0.0,0.0,15794.9 MiB,3741.3 MiB,2031.2 MiB,10022.3 MiB,4096.0 MiB,3681.0 MiB,415.0 MiB,13122.2 MiB
3,Python 3.6.15,binarytrees_compatible_all.py 21,48,1694215565,1162594,python,0:56.54,20944,14196,5444,100.0,0.1,1,6,0:56,0,4,9144,0,7465,0,14196,310,2,278,30,0,13.5,0.8,0.0,85.7,0.0,0.0,0.0,0.0,15794.9 MiB,3741.3 MiB,2031.2 MiB,10022.3 MiB,4096.0 MiB,3681.0 MiB,415.0 MiB,13122.2 MiB
3,Python 3.6.15,binarytrees_compatible_all.py 21,49,1694215566,1162594,python,0:57.71,21200,14460,5444,100.0,0.1,1,6,0:57,0,4,9400,0,7514,0,14460,310,2,278,30,0,13.6,0.0,0.0,86.4,0.0,0.0,0.0,0.0,15794.9 MiB,3741.3 MiB,2031.2 MiB,10022.3 MiB,4096.0 MiB,3681.0 MiB,415.0 MiB,13122.2 MiB
3,Python 3.6.15,binarytrees_compatible_all.py 21,50,1694215567,1162594,python,0:58.88,21456,14460,5444,93.8,0.1,1,6,0:58,0,4,9656,0,7563,0,14460,310,3,277,30,0,12.9,0.8,0.0,86.4,0.0,0.0,0.0,0.0,15794.9 MiB,3741.1 MiB,2031.5 MiB,10022.3 MiB,4096.0 MiB,3681.0 MiB,415.0 MiB,13122.0 MiB
3,Python 3.6.15,binarytrees_compatible_all.py 21,51,1694215568,1162594,python,1:00.06,21712,14724,5444,100.0,0.1,1,6,1:00,0,4,9912,0,7612,0,14724,310,2,278,30,0,12.7,1.5,0.0,85.8,0.0,0.0,0.0,0.0,15794.9 MiB,3741.1 MiB,2031.5 MiB,10022.3 MiB,4096.0 MiB,3681.0 MiB,415.0 MiB,13122.0 MiB
3,Python 3.6.15,binarytrees_compatible_all.py 21,52,1694215569,1162594,python,1:01.24,21712,14988,5444,100.0,0.1,1,6,1:01,0,4,9912,0,7661,0,14988,310,2,278,30,0,13.6,0.0,0.0,86.4,0.0,0.0,0.0,0.0,15794.9 MiB,3740.8 MiB,2031.7 MiB,10022.3 MiB,4096.0 MiB,3681.0 MiB,415.0 MiB,13121.7 MiB
3,Python 3.6.15,binarytrees_compatible_all.py 21,53,1694215571,1162594,python,1:02.41,21968,15252,5444,100.0,0.1,1,6,1:02,0,4,10168,0,7711,0,15252,310,2,278,30,0,12.9,0.8,0.0,86.4,0.0,0.0,0.0,0.0,15794.9 MiB,3740.8 MiB,2031.7 MiB,10022.3 MiB,4096.0 MiB,3681.0 MiB,415.0 MiB,13121.7 MiB
3,Python 3.6.15,binarytrees_compatible_all.py 21,54,1694215572,1162594,python,1:03.58,22224,15252,5444,93.8,0.1,1,6,1:03,0,4,10424,0,7760,0,15252,310,2,278,30,0,12.9,1.5,0.0,85.6,0.0,0.0,0.0,0.0,15794.9 MiB,3740.6 MiB,2032.0 MiB,10022.3 MiB,4096.0 MiB,3681.0 MiB,415.0 MiB,13121.5 MiB
3,Python 3.6.15,binarytrees_compatible_all.py 21,55,1694215573,1162594,python,1:04.76,22480,15516,5444,100.0,0.1,1,6,1:04,0,4,10680,0,7809,0,15516,310,2,278,30,0,12.8,1.5,0.0,85.7,0.0,0.0,0.0,0.0,15794.9 MiB,3740.3 MiB,2032.2 MiB,10022.3 MiB,4096.0 MiB,3681.0 MiB,415.0 MiB,13121.2 MiB
3,Python 3.6.15,binarytrees_compatible_all.py 21,56,1694215574,1162594,python,1:05.94,22480,15780,5444,100.0,0.1,1,6,1:05,0,4,10680,0,7858,0,15780,310,2,278,30,0,12.8,1.5,0.0,85.7,0.0,0.0,0.0,0.0,15794.9 MiB,3740.3 MiB,2032.2 MiB,10022.3 MiB,4096.0 MiB,3681.0 MiB,415.0 MiB,13121.2 MiB
3,Python 3.6.15,binarytrees_compatible_all.py 21,57,1694215575,1162594,python,1:07.11,22736,16044,5444,100.0,0.1,1,6,1:07,0,4,10936,0,7907,0,16044,310,2,278,30,0,12.1,1.5,0.0,86.4,0.0,0.0,0.0,0.0,15794.9 MiB,3740.1 MiB,2032.5 MiB,10022.3 MiB,4096.0 MiB,3681.0 MiB,415.0 MiB,13121.0 MiB
3,Python 3.6.15,binarytrees_compatible_all.py 21,58,1694215577,1162594,python,1:08.28,22992,16044,5444,93.8,0.1,1,6,1:08,0,4,11192,0,7957,0,16044,310,2,278,30,0,14.1,1.5,0.0,84.4,0.0,0.0,0.0,0.0,15794.9 MiB,3739.9 MiB,2032.7 MiB,10022.3 MiB,4096.0 MiB,3681.0 MiB,415.0 MiB,13120.8 MiB
3,Python 3.6.15,binarytrees_compatible_all.py 21,59,1694215578,1162594,python,1:09.46,23248,16308,5444,100.0,0.1,1,6,1:09,0,4,11448,0,8006,0,16308,310,2,278,30,0,13.6,0.0,0.0,86.4,0.0,0.0,0.0,0.0,15794.9 MiB,3739.6 MiB,2032.9 MiB,10022.3 MiB,4096.0 MiB,3681.0 MiB,415.0 MiB,13120.5 MiB
3,Python 3.6.15,binarytrees_compatible_all.py 21,60,1694215579,1162594,python,1:10.63,23248,16572,5444,100.0,0.1,1,6,1:10,0,4,11448,0,8055,0,16572,310,2,278,30,0,12.8,1.5,0.0,85.7,0.0,0.0,0.0,0.0,15794.9 MiB,3739.4 MiB,2033.2 MiB,10022.3 MiB,4096.0 MiB,3681.0 MiB,415.0 MiB,13120.3 MiB
3,Python 3.6.15,binarytrees_compatible_all.py 21,61,1694215580,1162594,python,1:11.80,23504,16836,5444,100.0,0.1,1,6,1:11,0,4,11704,0,8104,0,16836,310,2,278,30,0,12.8,0.8,0.0,86.5,0.0,0.0,0.0,0.0,15794.9 MiB,3739.6 MiB,2032.9 MiB,10022.3 MiB,4096.0 MiB,3681.0 MiB,415.0 MiB,13120.5 MiB
3,Python 3.6.15,binarytrees_compatible_all.py 21,62,1694215581,1162594,python,1:12.98,19664,13020,5444,100.0,0.1,1,6,1:12,0,4,7864,0,8119,0,13020,310,2,278,30,0,12.9,0.8,0.0,86.4,0.0,0.0,0.0,0.0,15794.9 MiB,3740.1 MiB,2032.5 MiB,10022.3 MiB,4096.0 MiB,3681.0 MiB,415.0 MiB,13121.0 MiB
3,Python 3.6.15,binarytrees_compatible_all.py 21,63,1694215582,1162594,python,1:14.15,19920,13068,5444,100.0,0.1,1,6,1:14,0,4,8120,0,8125,0,13068,310,2,278,30,0,12.7,2.2,0.0,85.1,0.0,0.0,0.0,0.0,15794.9 MiB,3740.1 MiB,2032.5 MiB,10022.3 MiB,4096.0 MiB,3681.0 MiB,415.0 MiB,13121.0 MiB
3,Python 3.6.15,binarytrees_compatible_all.py 21,64,1694215584,1162594,python,1:15.33,19920,13068,5444,100.0,0.1,1,6,1:15,0,4,8120,0,8137,0,13068,310,2,278,30,0,12.9,0.8,0.0,86.4,0.0,0.0,0.0,0.0,15794.9 MiB,3740.1 MiB,2032.5 MiB,10022.3 MiB,4096.0 MiB,3681.0 MiB,415.0 MiB,13121.0 MiB
3,Python 3.6.15,binarytrees_compatible_all.py 21,65,1694215585,1162594,python,1:16.50,19920,13068,5444,100.0,0.1,1,6,1:16,0,4,8120,0,8149,0,13068,310,2,278,30,0,13.4,1.5,0.0,85.1,0.0,0.0,0.0,0.0,15794.9 MiB,3740.3 MiB,2032.2 MiB,10022.3 MiB,4096.0 MiB,3681.0 MiB,415.0 MiB,13121.2 MiB
3,Python 3.6.15,binarytrees_compatible_all.py 21,66,1694215586,1162594,python,1:17.68,19920,13068,5444,100.0,0.1,1,6,1:17,0,4,8120,0,8162,0,13068,310,2,278,30,0,13.5,0.8,0.0,85.7,0.0,0.0,0.0,0.0,15794.9 MiB,3740.6 MiB,2032.0 MiB,10022.3 MiB,4096.0 MiB,3681.0 MiB,415.0 MiB,13121.5 MiB
3,Python 3.6.15,binarytrees_compatible_all.py 21,67,1694215587,1162594,python,1:18.85,19920,13068,5444,100.0,0.1,1,6,1:18,0,4,8120,0,8174,0,13068,310,2,278,30,0,12.9,0.8,0.0,86.4,0.0,0.0,0.0,0.0,15794.9 MiB,3740.6 MiB,2031.9 MiB,10022.3 MiB,4096.0 MiB,3681.0 MiB,415.0 MiB,13121.5 MiB
3,Python 3.6.15,binarytrees_compatible_all.py 21,68,1694215588,1162594,python,1:20.03,20176,13324,5444,100.0,0.1,1,6,1:20,0,4,8376,0,8187,0,13324,310,2,278,30,0,12.1,1.5,0.0,86.4,0.0,0.0,0.0,0.0,15794.9 MiB,3740.8 MiB,2031.7 MiB,10022.3 MiB,4096.0 MiB,3681.0 MiB,415.0 MiB,13121.8 MiB
3,Python 3.6.15,binarytrees_compatible_all.py 21,69,1694215589,1162594,python,1:21.20,20176,13324,5444,100.0,0.1,1,6,1:21,0,4,8376,0,8199,0,13324,310,2,278,30,0,12.7,1.5,0.0,85.8,0.0,0.0,0.0,0.0,15794.9 MiB,3740.6 MiB,2031.9 MiB,10022.3 MiB,4096.0 MiB,3681.0 MiB,415.0 MiB,13121.5 MiB
3,Python 3.6.15,binarytrees_compatible_all.py 21,70,1694215591,1162594,python,1:22.37,20176,13324,5444,93.8,0.1,1,6,1:22,0,4,8376,0,8211,0,13324,310,2,278,30,0,12.9,0.8,0.0,86.4,0.0,0.0,0.0,0.0,15794.9 MiB,3740.8 MiB,2031.7 MiB,10022.3 MiB,4096.0 MiB,3681.0 MiB,415.0 MiB,13121.8 MiB
3,Python 3.6.15,binarytrees_compatible_all.py 21,71,1694215592,1162594,python,1:23.55,20176,13324,5444,100.0,0.1,1,6,1:23,0,4,8376,0,8223,0,13324,310,2,278,30,0,13.5,0.8,0.0,85.7,0.0,0.0,0.0,0.0,15794.9 MiB,3741.1 MiB,2031.4 MiB,10022.3 MiB,4096.0 MiB,3681.0 MiB,415.0 MiB,13122.0 MiB
3,Python 3.6.15,binarytrees_compatible_all.py 21,72,1694215593,1162594,python,1:24.72,20176,13324,5444,93.8,0.1,1,6,1:24,0,4,8376,0,8236,0,13324,310,2,278,30,0,13.5,0.8,0.0,85.7,0.0,0.0,0.0,0.0,15794.9 MiB,3741.1 MiB,2031.4 MiB,10022.3 MiB,4096.0 MiB,3681.0 MiB,415.0 MiB,13122.0 MiB
3,Python 3.6.15,binarytrees_compatible_all.py 21,73,1694215594,1162594,python,1:25.90,20176,13324,5444,100.0,0.1,1,6,1:25,0,4,8376,0,8248,0,13324,310,2,278,30,0,13.5,0.8,0.0,85.7,0.0,0.0,0.0,0.0,15794.9 MiB,3741.1 MiB,2031.4 MiB,10022.3 MiB,4096.0 MiB,3681.0 MiB,415.0 MiB,13122.0 MiB
3,Python 3.6.15,binarytrees_compatible_all.py 21,74,1694215595,1162594,python,1:27.07,20432,13580,5444,93.8,0.1,1,6,1:27,0,4,8632,0,8261,0,13580,310,2,278,30,0,12.9,0.8,0.0,86.4,0.0,0.0,0.0,0.0,15794.9 MiB,3741.1 MiB,2031.4 MiB,10022.3 MiB,4096.0 MiB,3681.0 MiB,415.0 MiB,13122.0 MiB
3,Python 3.6.15,binarytrees_compatible_all.py 21,75,1694215596,1162594,python,1:28.25,20432,13580,5444,100.0,0.1,1,6,1:28,0,4,8632,0,8273,0,13580,310,2,278,30,0,13.3,1.5,0.0,84.4,0.7,0.0,0.0,0.0,15794.9 MiB,3741.1 MiB,2031.4 MiB,10022.3 MiB,4096.0 MiB,3681.0 MiB,415.0 MiB,13122.0 MiB
3,Python 3.6.15,binarytrees_compatible_all.py 21,76,1694215598,1162594,python,1:29.43,20432,13580,5444,100.0,0.1,1,6,1:29,0,4,8632,0,8285,0,13580,310,2,278,30,0,14.2,0.7,0.0,85.1,0.0,0.0,0.0,0.0,15794.9 MiB,3741.1 MiB,2031.4 MiB,10022.3 MiB,4096.0 MiB,3681.0 MiB,415.0 MiB,13122.0 MiB
3,Python 3.6.15,binarytrees_compatible_all.py 21,77,1694215599,1162594,python,1:30.60,20432,13580,5444,100.0,0.1,1,6,1:30,0,4,8632,0,8297,0,13580,310,2,278,30,0,12.8,0.8,0.0,86.5,0.0,0.0,0.0,0.0,15794.9 MiB,3741.1 MiB,2031.4 MiB,10022.3 MiB,4096.0 MiB,3681.0 MiB,415.0 MiB,13122.0 MiB
3,Python 3.6.15,binarytrees_compatible_all.py 21,78,1694215600,1162594,python,1:31.77,20432,13580,5444,93.8,0.1,1,6,1:31,0,4,8632,0,8310,0,13580,310,2,278,30,0,12.8,1.5,0.0,85.7,0.0,0.0,0.0,0.0,15794.9 MiB,3740.8 MiB,2031.7 MiB,10022.3 MiB,4096.0 MiB,3681.0 MiB,415.0 MiB,13121.8 MiB
3,Python 3.6.15,binarytrees_compatible_all.py 21,79,1694215601,1162594,python,1:32.95,20688,13836,5444,100.0,0.1,1,6,1:32,0,4,8888,0,8323,0,13836,310,2,278,30,0,12.9,1.5,0.0,85.6,0.0,0.0,0.0,0.0,15794.9 MiB,3740.8 MiB,2031.7 MiB,10022.3 MiB,4096.0 MiB,3681.0 MiB,415.0 MiB,13121.8 MiB
3,Python 3.6.15,binarytrees_compatible_all.py 21,80,1694215602,1162594,python,1:34.12,20688,13836,5444,100.0,0.1,1,6,1:34,0,4,8888,0,8335,0,13836,310,2,278,30,0,12.9,0.8,0.0,86.4,0.0,0.0,0.0,0.0,15794.9 MiB,3740.8 MiB,2031.7 MiB,10022.3 MiB,4096.0 MiB,3681.0 MiB,415.0 MiB,13121.8 MiB
3,Python 3.6.15,binarytrees_compatible_all.py 21,81,1694215604,1162594,python,1:35.30,20688,13836,5444,100.0,0.1,1,6,1:35,0,4,8888,0,8347,0,13836,310,2,278,30,0,12.9,0.8,0.0,86.4,0.0,0.0,0.0,0.0,15794.9 MiB,3740.4 MiB,2032.2 MiB,10022.3 MiB,4096.0 MiB,3681.0 MiB,415.0 MiB,13121.3 MiB
3,Python 3.6.15,binarytrees_compatible_all.py 21,82,1694215605,1162594,python,1:36.47,20688,13836,5444,100.0,0.1,1,6,1:36,0,4,8888,0,8359,0,13836,310,2,278,30,0,12.8,1.5,0.0,85.7,0.0,0.0,0.0,0.0,15794.9 MiB,3740.4 MiB,2032.2 MiB,10022.3 MiB,4096.0 MiB,3681.0 MiB,415.0 MiB,13121.3 MiB
3,Python 3.6.15,binarytrees_compatible_all.py 21,83,1694215606,1162594,python,1:37.65,20944,14092,5444,100.0,0.1,1,6,1:37,0,4,9144,0,8940,0,14092,310,2,278,30,0,13.5,0.8,0.0,85.7,0.0,0.0,0.0,0.0,15794.9 MiB,3740.1 MiB,2032.4 MiB,10022.3 MiB,4096.0 MiB,3681.0 MiB,415.0 MiB,13121.0 MiB
3,Python 3.6.15,binarytrees_compatible_all.py 21,84,1694215607,1162594,python,1:38.82,20944,14092,5444,100.0,0.1,1,6,1:38,0,4,9144,0,8940,0,14092,310,2,278,30,0,13.5,0.8,0.0,85.7,0.0,0.0,0.0,0.0,15794.9 MiB,3740.1 MiB,2032.4 MiB,10022.4 MiB,4096.0 MiB,3681.0 MiB,415.0 MiB,13121.1 MiB
3,Python 3.6.15,binarytrees_compatible_all.py 21,85,1694215608,1162594,python,1:40.00,20944,14092,5444,100.0,0.1,1,6,1:40,0,4,9144,0,8940,0,14092,310,2,278,30,0,13.4,1.5,0.0,85.1,0.0,0.0,0.0,0.0,15794.9 MiB,3740.1 MiB,2032.4 MiB,10022.4 MiB,4096.0 MiB,3681.0 MiB,415.0 MiB,13121.1 MiB
3,Python 3.6.15,binarytrees_compatible_all.py 21,86,1694215609,1162594,python,1:41.17,20944,14092,5444,100.0,0.1,1,6,1:41,0,4,9144,0,8940,0,14092,310,2,278,30,0,12.7,1.5,0.0,85.8,0.0,0.0,0.0,0.0,15794.9 MiB,3739.9 MiB,2032.7 MiB,10022.4 MiB,4096.0 MiB,3681.0 MiB,415.0 MiB,13120.8 MiB
3,Python 3.6.15,binarytrees_compatible_all.py 21,87,1694215611,1162594,python,1:42.35,20944,14092,5444,100.0,0.1,1,6,1:42,0,4,9144,0,8940,0,14092,310,2,278,30,0,12.9,0.8,0.0,86.4,0.0,0.0,0.0,0.0,15794.9 MiB,3740.1 MiB,2032.4 MiB,10022.4 MiB,4096.0 MiB,3681.0 MiB,415.0 MiB,13121.1 MiB
3,Python 3.6.15,binarytrees_compatible_all.py 21,88,1694215612,1162594,python,1:43.52,20944,14092,5444,100.0,0.1,1,6,1:43,0,4,9144,0,8940,0,14092,310,2,278,30,0,12.1,1.5,0.0,86.4,0.0,0.0,0.0,0.0,15794.9 MiB,3740.1 MiB,2032.4 MiB,10022.4 MiB,4096.0 MiB,3681.0 MiB,415.0 MiB,13121.1 MiB
3,Python 3.6.15,binarytrees_compatible_all.py 21,89,1694215613,1162594,python,1:44.70,20944,14092,5444,100.0,0.1,1,6,1:44,0,4,9144,0,8940,0,14092,310,2,278,30,0,14.2,0.7,0.0,85.1,0.0,0.0,0.0,0.0,15794.9 MiB,3740.1 MiB,2032.4 MiB,10022.4 MiB,4096.0 MiB,3681.0 MiB,415.0 MiB,13121.1 MiB
3,Python 3.6.15,binarytrees_compatible_all.py 21,90,1694215614,1162594,python,1:45.87,20944,14092,5444,100.0,0.1,1,6,1:45,0,4,9144,0,8940,0,14092,310,2,278,30,0,12.9,0.8,0.0,86.4,0.0,0.0,0.0,0.0,15794.9 MiB,3740.1 MiB,2032.4 MiB,10022.4 MiB,4096.0 MiB,3681.0 MiB,415.0 MiB,13121.1 MiB
3,Python 3.6.15,binarytrees_compatible_all.py 21,91,1694215615,1162594,python,1:47.05,20944,14092,5444,100.0,0.1,1,6,1:47,0,4,9144,0,8940,0,14092,310,2,278,30,0,12.8,1.5,0.0,85.7,0.0,0.0,0.0,0.0,15794.9 MiB,3740.1 MiB,2032.4 MiB,10022.4 MiB,4096.0 MiB,3681.0 MiB,415.0 MiB,13121.1 MiB
3,Python 3.6.15,binarytrees_compatible_all.py 21,92,1694215616,1162594,python,1:48.22,20944,14092,5444,93.8,0.1,1,6,1:48,0,4,9144,0,8940,0,14092,310,2,278,30,0,13.4,1.5,0.0,85.1,0.0,0.0,0.0,0.0,15794.9 MiB,3740.1 MiB,2032.4 MiB,10022.4 MiB,4096.0 MiB,3681.0 MiB,415.0 MiB,13121.1 MiB
3,Python 3.6.15,binarytrees_compatible_all.py 21,93,1694215618,1162594,python,1:49.41,20944,14092,5444,100.0,0.1,1,6,1:49,0,4,9144,0,8940,0,14092,310,2,278,30,0,13.5,1.4,0.0,85.1,0.0,0.0,0.0,0.0,15794.9 MiB,3739.9 MiB,2032.6 MiB,10022.4 MiB,4096.0 MiB,3681.0 MiB,415.0 MiB,13120.8 MiB
3,Python 3.6.15,binarytrees_compatible_all.py 21,94,1694215619,1162594,python,1:50.59,20944,14092,5444,100.0,0.1,1,6,1:50,0,4,9144,0,8940,0,14092,310,2,278,30,0,12.9,0.8,0.0,86.4,0.0,0.0,0.0,0.0,15794.9 MiB,3739.9 MiB,2032.6 MiB,10022.4 MiB,4096.0 MiB,3681.0 MiB,415.0 MiB,13120.8 MiB
3,Python 3.6.15,binarytrees_compatible_all.py 21,95,1694215620,1162594,python,1:51.76,20944,14092,5444,100.0,0.1,1,6,1:51,0,4,9144,0,8940,0,14092,310,2,278,30,0,12.9,0.8,0.0,86.4,0.0,0.0,0.0,0.0,15794.9 MiB,3739.9 MiB,2032.8 MiB,10022.2 MiB,4096.0 MiB,3681.0 MiB,415.0 MiB,13120.8 MiB
3,Python 3.6.15,binarytrees_compatible_all.py 21,96,1694215621,1162594,python,1:52.93,20944,14092,5444,93.8,0.1,1,6,1:52,0,4,9144,0,8940,0,14092,310,2,278,30,0,13.4,2.2,0.0,83.6,0.7,0.0,0.0,0.0,15794.9 MiB,3740.1 MiB,2032.6 MiB,10022.2 MiB,4096.0 MiB,3681.0 MiB,415.0 MiB,13121.1 MiB
3,Python 3.6.15,binarytrees_compatible_all.py 21,97,1694215622,1162594,python,1:54.11,20944,14348,5444,100.0,0.1,1,6,1:54,0,4,9144,0,8947,0,14348,310,2,278,30,0,12.8,1.5,0.0,85.7,0.0,0.0,0.0,0.0,15794.9 MiB,3739.9 MiB,2032.8 MiB,10022.2 MiB,4096.0 MiB,3681.0 MiB,415.0 MiB,13120.8 MiB
3,Python 3.6.15,binarytrees_compatible_all.py 21,98,1694215624,1162594,python,1:55.28,21200,14348,5444,100.0,0.1,1,6,1:55,0,4,9400,0,9013,0,14348,310,2,278,30,0,13.4,0.7,0.0,85.8,0.0,0.0,0.0,0.0,15794.9 MiB,3739.9 MiB,2032.8 MiB,10022.2 MiB,4096.0 MiB,3681.0 MiB,415.0 MiB,13120.8 MiB
3,Python 3.6.15,binarytrees_compatible_all.py 21,99,1694215625,1162594,python,1:56.46,21200,14348,5444,100.0,0.1,1,6,1:56,0,4,9400,0,9016,0,14348,310,2,278,30,0,12.9,0.8,0.0,86.4,0.0,0.0,0.0,0.0,15794.9 MiB,3739.9 MiB,2032.8 MiB,10022.2 MiB,4096.0 MiB,3681.0 MiB,415.0 MiB,13120.8 MiB
3,Python 3.6.15,binarytrees_compatible_all.py 21,100,1694215626,1162594,python,1:57.63,21200,14348,5444,93.8,0.1,1,6,1:57,0,4,9400,0,9019,0,14348,310,2,278,30,0,12.8,0.8,0.0,86.5,0.0,0.0,0.0,0.0,15794.9 MiB,3739.9 MiB,2032.8 MiB,10022.2 MiB,4096.0 MiB,3681.0 MiB,415.0 MiB,13120.8 MiB
3,Python 3.6.15,binarytrees_compatible_all.py 21,101,1694215627,1162594,python,1:58.81,21200,14348,5444,100.0,0.1,1,6,1:58,0,4,9400,0,9022,0,14348,310,2,278,30,0,12.9,0.8,0.0,86.4,0.0,0.0,0.0,0.0,15794.9 MiB,3742.1 MiB,2030.6 MiB,10022.2 MiB,4096.0 MiB,3681.0 MiB,415.0 MiB,13123.1 MiB
3,Python 3.6.15,binarytrees_compatible_all.py 21,102,1694215628,1162594,python,1:59.98,21200,14348,5444,93.8,0.1,1,6,1:59,0,4,9400,0,9025,0,14348,310,2,278,30,0,12.8,0.8,0.0,86.5,0.0,0.0,0.0,0.0,15794.9 MiB,3742.1 MiB,2030.6 MiB,10022.2 MiB,4096.0 MiB,3681.0 MiB,415.0 MiB,13123.1 MiB
3,Python 3.6.15,binarytrees_compatible_all.py 21,103,1694215629,1162594,python,2:01.16,21200,14348,5444,100.0,0.1,1,6,2:01,0,4,9400,0,9028,0,14348,310,2,278,30,0,13.4,0.7,0.0,85.8,0.0,0.0,0.0,0.0,15794.9 MiB,3742.1 MiB,2030.6 MiB,10022.2 MiB,4096.0 MiB,3681.0 MiB,415.0 MiB,13123.1 MiB
3,Python 3.6.15,binarytrees_compatible_all.py 21,104,1694215631,1162594,python,2:02.33,25552,18668,5444,100.0,0.1,1,6,2:02,0,4,13752,0,15k,0,18668,310,2,278,30,0,12.8,2.3,0.0,85.0,0.0,0.0,0.0,0.0,15794.9 MiB,3740.1 MiB,2032.5 MiB,10022.2 MiB,4096.0 MiB,3681.0 MiB,415.0 MiB,13121.1 MiB
3,Python 3.6.15,binarytrees_compatible_all.py 21,105,1694215632,1162594,python,2:03.51,25552,18700,5444,100.0,0.1,1,6,2:03,0,4,13752,0,16k,0,18700,310,2,278,30,0,12.9,0.8,0.0,86.4,0.0,0.0,0.0,0.0,15794.9 MiB,3739.9 MiB,2032.8 MiB,10022.2 MiB,4096.0 MiB,3681.0 MiB,415.0 MiB,13120.9 MiB
3,Python 3.6.15,binarytrees_compatible_all.py 21,106,1694215633,1162594,python,2:04.68,25552,18700,5444,93.8,0.1,1,6,2:04,0,4,13752,0,16k,0,18700,310,2,278,30,0,13.4,0.7,0.0,85.8,0.0,0.0,0.0,0.0,15794.9 MiB,3739.9 MiB,2032.8 MiB,10022.2 MiB,4096.0 MiB,3681.0 MiB,415.0 MiB,13120.9 MiB
3,Python 3.6.15,binarytrees_compatible_all.py 21,107,1694215634,1162594,python,2:05.87,25552,18700,5444,100.0,0.1,1,6,2:05,0,4,13752,0,16k,0,18700,310,2,278,30,0,12.9,1.4,0.0,85.7,0.0,0.0,0.0,0.0,15794.9 MiB,3739.6 MiB,2033.0 MiB,10022.2 MiB,4096.0 MiB,3681.0 MiB,415.0 MiB,13120.6 MiB
3,Python 3.6.15,binarytrees_compatible_all.py 21,108,1694215635,1162594,python,2:07.05,25552,18700,5444,100.0,0.1,1,6,2:07,0,4,13752,0,16k,0,18700,310,2,278,30,0,12.9,0.8,0.0,86.4,0.0,0.0,0.0,0.0,15794.9 MiB,3739.6 MiB,2033.0 MiB,10022.2 MiB,4096.0 MiB,3681.0 MiB,415.0 MiB,13120.6 MiB
3,Python 3.6.15,binarytrees_compatible_all.py 21,109,1694215636,1162594,python,2:08.22,25552,18700,5444,100.0,0.1,1,2,2:08,0,4,13752,0,16k,0,18700,310,2,278,30,0,13.3,1.5,0.0,84.4,0.7,0.0,0.0,0.0,15794.9 MiB,3739.1 MiB,2033.5 MiB,10022.2 MiB,4096.0 MiB,3681.0 MiB,415.0 MiB,13120.1 MiB
3,Python 3.6.15,binarytrees_compatible_all.py 21,110,1694215638,1162594,python,2:09.39,25552,18700,5444,93.8,0.1,1,2,2:09,0,4,13752,0,16k,0,18700,310,2,278,30,0,12.9,0.8,0.0,86.4,0.0,0.0,0.0,0.0,15794.9 MiB,3738.6 MiB,2034.0 MiB,10022.2 MiB,4096.0 MiB,3681.0 MiB,415.0 MiB,13119.6 MiB
3,Python 3.6.15,binarytrees_compatible_all.py 21,111,1694215639,1162594,python,2:10.57,25552,18700,5444,100.0,0.1,1,2,2:10,0,4,13752,0,16k,0,18700,310,2,278,30,0,12.8,0.8,0.0,86.5,0.0,0.0,0.0,0.0,15794.9 MiB,3738.6 MiB,2034.0 MiB,10022.2 MiB,4096.0 MiB,3681.0 MiB,415.0 MiB,13119.6 MiB
3,Python 3.6.15,binarytrees_compatible_all.py 21,112,1694215640,1162594,python,2:11.75,25552,18700,5444,100.0,0.1,1,2,2:11,0,4,13752,0,16k,0,18700,310,2,278,30,0,12.9,0.8,0.0,86.4,0.0,0.0,0.0,0.0,15794.9 MiB,3738.6 MiB,2034.0 MiB,10022.2 MiB,4096.0 MiB,3681.0 MiB,415.0 MiB,13119.7 MiB
3,Python 3.6.15,binarytrees_compatible_all.py 21,113,1694215641,1162594,python,2:12.92,25552,18700,5444,100.0,0.1,1,2,2:12,0,4,13752,0,16k,0,18700,310,2,278,30,0,13.4,0.7,0.0,85.8,0.0,0.0,0.0,0.0,15794.9 MiB,3738.4 MiB,2034.2 MiB,10022.2 MiB,4096.0 MiB,3681.0 MiB,415.0 MiB,13119.4 MiB
3,Python 3.6.15,binarytrees_compatible_all.py 21,114,1694215642,1162594,python,2:14.10,25552,18700,5444,100.0,0.1,1,2,2:14,0,4,13752,0,16k,0,18700,310,2,278,30,0,12.8,1.5,0.0,85.7,0.0,0.0,0.0,0.0,15794.9 MiB,3738.4 MiB,2034.2 MiB,10022.2 MiB,4096.0 MiB,3681.0 MiB,415.0 MiB,13119.4 MiB
3,Python 3.6.15,binarytrees_compatible_all.py 21,115,1694215644,1162594,python,2:15.27,25552,18700,5444,100.0,0.1,1,2,2:15,0,4,13752,0,16k,0,18700,310,2,278,30,0,12.8,1.5,0.0,85.7,0.0,0.0,0.0,0.0,15794.9 MiB,3738.4 MiB,2034.2 MiB,10022.2 MiB,4096.0 MiB,3681.0 MiB,415.0 MiB,13119.4 MiB
3,Python 3.6.15,binarytrees_compatible_all.py 21,116,1694215645,1162594,python,2:16.45,25552,18700,5444,100.0,0.1,1,2,2:16,0,4,13752,0,16k,0,18700,310,2,278,30,0,12.9,0.8,0.0,86.4,0.0,0.0,0.0,0.0,15794.9 MiB,3738.4 MiB,2034.2 MiB,10022.2 MiB,4096.0 MiB,3681.0 MiB,415.0 MiB,13119.4 MiB
3,Python 3.6.15,binarytrees_compatible_all.py 21,117,1694215646,1162594,python,2:17.62,25552,18700,5444,93.8,0.1,1,2,2:17,0,4,13752,0,16k,0,18700,310,2,278,30,0,12.8,0.8,0.0,86.5,0.0,0.0,0.0,0.0,15794.9 MiB,3738.4 MiB,2034.2 MiB,10022.2 MiB,4096.0 MiB,3681.0 MiB,415.0 MiB,13119.4 MiB
3,Python 3.6.15,binarytrees_compatible_all.py 21,118,1694215647,1162594,python,2:18.80,25552,18700,5444,100.0,0.1,1,2,2:18,0,4,13752,0,16k,0,18700,310,2,278,30,0,13.5,0.8,0.0,85.7,0.0,0.0,0.0,0.0,15794.9 MiB,3738.1 MiB,2034.5 MiB,10022.2 MiB,4096.0 MiB,3681.0 MiB,415.0 MiB,13119.2 MiB
3,Python 3.6.15,binarytrees_compatible_all.py 21,119,1694215648,1162594,python,2:19.97,25552,18700,5444,100.0,0.1,1,2,2:19,0,4,13752,0,16k,0,18700,310,2,278,30,0,12.8,1.5,0.0,85.7,0.0,0.0,0.0,0.0,15794.9 MiB,3738.1 MiB,2034.5 MiB,10022.3 MiB,4096.0 MiB,3681.0 MiB,415.0 MiB,13119.2 MiB
3,Python 3.6.15,binarytrees_compatible_all.py 21,120,1694215649,1162594,python,2:21.15,25552,18700,5444,100.0,0.1,1,2,2:21,0,4,13752,0,16k,0,18700,310,2,278,30,0,12.8,1.5,0.0,85.7,0.0,0.0,0.0,0.0,15794.9 MiB,3738.1 MiB,2034.5 MiB,10022.3 MiB,4096.0 MiB,3681.0 MiB,415.0 MiB,13119.2 MiB
3,Python 3.6.15,binarytrees_compatible_all.py 21,121,1694215651,1162594,python,2:22.32,25552,18700,5444,100.0,0.1,1,2,2:22,0,4,13752,0,16k,0,18700,310,2,278,30,0,12.9,0.8,0.0,86.4,0.0,0.0,0.0,0.0,15794.9 MiB,3738.1 MiB,2034.5 MiB,10022.3 MiB,4096.0 MiB,3681.0 MiB,415.0 MiB,13119.2 MiB
3,Python 3.6.15,binarytrees_compatible_all.py 21,122,1694215652,1162594,python,2:23.50,25552,18700,5444,100.0,0.1,1,2,2:23,0,4,13752,0,16k,0,18700,310,2,278,30,0,12.8,1.5,0.0,85.7,0.0,0.0,0.0,0.0,15794.9 MiB,3738.1 MiB,2034.5 MiB,10022.3 MiB,4096.0 MiB,3681.0 MiB,415.0 MiB,13119.2 MiB
3,Python 3.6.15,binarytrees_compatible_all.py 21,123,1694215653,1162594,python,2:24.68,25552,18700,5444,100.0,0.1,1,2,2:24,0,4,13752,0,16k,0,18700,310,2,278,30,0,13.2,1.5,0.0,84.6,0.7,0.0,0.0,0.0,15794.9 MiB,3738.1 MiB,2034.4 MiB,10022.3 MiB,4096.0 MiB,3681.0 MiB,415.0 MiB,13119.2 MiB
3,Python 3.6.15,binarytrees_compatible_all.py 21,124,1694215654,1162594,python,2:25.85,25552,18700,5444,100.0,0.1,1,2,2:25,0,4,13752,0,16k,0,18700,310,2,278,30,0,12.7,1.5,0.0,85.8,0.0,0.0,0.0,0.0,15794.9 MiB,3737.9 MiB,2034.7 MiB,10022.3 MiB,4096.0 MiB,3681.0 MiB,415.0 MiB,13119.0 MiB
3,Python 3.6.15,binarytrees_compatible_all.py 21,125,1694215655,1162594,python,2:27.04,25552,18700,5444,100.0,0.1,1,2,2:27,0,4,13752,0,16k,0,18700,310,2,278,30,0,12.8,2.1,0.0,85.1,0.0,0.0,0.0,0.0,15794.9 MiB,3737.6 MiB,2034.9 MiB,10022.3 MiB,4096.0 MiB,3681.0 MiB,415.0 MiB,13118.7 MiB
3,Python 3.6.15,binarytrees_compatible_all.py 21,126,1694215656,1162594,python,2:28.21,41168,34412,5444,100.0,0.2,1,2,2:28,0,4,29368,0,32k,0,34412,310,2,278,30,0,12.1,1.5,0.0,86.4,0.0,0.0,0.0,0.0,15794.9 MiB,3731.1 MiB,2041.5 MiB,10022.3 MiB,4096.0 MiB,3681.0 MiB,415.0 MiB,13112.2 MiB
3,Python 3.6.15,binarytrees_compatible_all.py 21,127,1694215658,1162594,python,2:29.39,35280,28520,5444,100.0,0.2,1,2,2:29,0,4,23480,0,82k,0,28520,310,2,278,30,0,13.5,0.8,0.0,85.7,0.0,0.0,0.0,0.0,15794.9 MiB,3727.6 MiB,2045.0 MiB,10022.3 MiB,4096.0 MiB,3681.0 MiB,415.0 MiB,13108.6 MiB
3,Python 3.6.15,binarytrees_compatible_all.py 21,128,1694215659,1162594,python,2:30.56,43216,36200,5444,93.8,0.2,1,2,2:30,0,4,31416,0,120k,0,36200,310,2,278,30,0,12.8,0.8,0.0,86.5,0.0,0.0,0.0,0.0,15794.9 MiB,3727.6 MiB,2045.0 MiB,10022.3 MiB,4096.0 MiB,3681.0 MiB,415.0 MiB,13108.6 MiB
3,Python 3.6.15,binarytrees_compatible_all.py 21,129,1694215660,1162594,python,2:31.73,40912,34152,5444,100.0,0.2,1,2,2:31,0,4,29112,0,143k,0,34152,310,2,278,30,0,12.9,0.8,0.0,86.4,0.0,0.0,0.0,0.0,15794.9 MiB,3727.6 MiB,2045.0 MiB,10022.3 MiB,4096.0 MiB,3681.0 MiB,415.0 MiB,13108.6 MiB
3,Python 3.6.15,binarytrees_compatible_all.py 21,130,1694215661,1162594,python,2:32.92,43728,37132,5444,100.0,0.2,1,2,2:32,0,4,31928,0,151k,0,37132,310,2,278,30,0,12.0,1.5,0.0,86.5,0.0,0.0,0.0,0.0,15794.9 MiB,3727.1 MiB,2045.5 MiB,10022.3 MiB,4096.0 MiB,3681.0 MiB,415.0 MiB,13108.2 MiB
3,Python 3.6.15,binarytrees_compatible_all.py 21,131,1694215662,1162594,python,2:34.09,44496,37644,5444,100.0,0.2,1,2,2:34,0,4,32696,0,151k,0,37644,310,2,278,30,0,14.1,0.7,0.0,85.2,0.0,0.0,0.0,0.0,15794.9 MiB,3726.6 MiB,2046.0 MiB,10022.3 MiB,4096.0 MiB,3681.0 MiB,415.0 MiB,13107.7 MiB
3,Python 3.6.15,binarytrees_compatible_all.py 21,132,1694215664,1162594,python,2:35.26,44496,37644,5444,100.0,0.2,1,2,2:35,0,4,32696,0,151k,0,37644,310,2,278,30,0,12.8,1.5,0.0,85.7,0.0,0.0,0.0,0.0,15794.9 MiB,3726.8 MiB,2045.7 MiB,10022.3 MiB,4096.0 MiB,3681.0 MiB,415.0 MiB,13107.9 MiB
3,Python 3.6.15,binarytrees_compatible_all.py 21,133,1694215665,1162594,python,2:36.44,44496,37644,5444,100.0,0.2,1,2,2:36,0,4,32696,0,151k,0,37644,310,2,278,30,0,12.8,1.5,0.0,85.7,0.0,0.0,0.0,0.0,15794.9 MiB,3726.8 MiB,2045.7 MiB,10022.3 MiB,4096.0 MiB,3681.0 MiB,415.0 MiB,13107.9 MiB
3,Python 3.6.15,binarytrees_compatible_all.py 21,134,1694215666,1162594,python,2:37.61,44496,37644,5444,93.8,0.2,1,2,2:37,0,4,32696,0,151k,0,37644,310,2,278,30,0,12.9,0.8,0.0,86.4,0.0,0.0,0.0,0.0,15794.9 MiB,3726.8 MiB,2045.7 MiB,10022.3 MiB,4096.0 MiB,3681.0 MiB,415.0 MiB,13107.9 MiB
3,Python 3.6.15,binarytrees_compatible_all.py 21,135,1694215667,1162594,python,2:38.79,44496,37644,5444,100.0,0.2,1,2,2:38,0,4,32696,0,151k,0,37644,310,2,278,30,0,12.1,1.5,0.0,86.4,0.0,0.0,0.0,0.0,15794.9 MiB,3726.8 MiB,2045.7 MiB,10022.3 MiB,4096.0 MiB,3681.0 MiB,415.0 MiB,13107.9 MiB
3,Python 3.6.15,binarytrees_compatible_all.py 21,136,1694215668,1162594,python,2:39.96,44496,37644,5444,100.0,0.2,1,2,2:39,0,4,32696,0,151k,0,37644,310,2,278,30,0,14.1,0.7,0.0,85.2,0.0,0.0,0.0,0.0,15794.9 MiB,3727.1 MiB,2045.5 MiB,10022.3 MiB,4096.0 MiB,3681.0 MiB,415.0 MiB,13108.2 MiB
3,Python 3.6.15,binarytrees_compatible_all.py 21,137,1694215669,1162594,python,2:41.14,44496,37644,5444,100.0,0.2,1,2,2:41,0,4,32696,0,151k,0,37644,310,2,278,30,0,14.3,0.0,0.0,85.7,0.0,0.0,0.0,0.0,15794.9 MiB,3727.1 MiB,2045.5 MiB,10022.3 MiB,4096.0 MiB,3681.0 MiB,415.0 MiB,13108.2 MiB
3,Python 3.6.15,binarytrees_compatible_all.py 21,138,1694215671,1162594,python,2:42.31,44496,37644,5444,93.8,0.2,1,2,2:42,0,4,32696,0,151k,0,37644,310,2,278,30,0,12.9,0.8,0.0,86.4,0.0,0.0,0.0,0.0,15794.9 MiB,3726.8 MiB,2045.7 MiB,10022.3 MiB,4096.0 MiB,3681.0 MiB,415.0 MiB,13107.9 MiB
3,Python 3.6.15,binarytrees_compatible_all.py 21,139,1694215672,1162594,python,2:43.49,44496,37644,5444,100.0,0.2,1,2,2:43,0,4,32696,0,151k,0,37644,310,2,278,30,0,13.4,0.7,0.0,85.8,0.0,0.0,0.0,0.0,15794.9 MiB,3726.8 MiB,2045.7 MiB,10022.3 MiB,4096.0 MiB,3681.0 MiB,415.0 MiB,13107.9 MiB
3,Python 3.6.15,binarytrees_compatible_all.py 21,140,1694215673,1162594,python,2:44.66,44496,37644,5444,93.8,0.2,1,2,2:44,0,4,32696,0,151k,0,37644,310,2,278,30,0,12.8,0.8,0.0,86.5,0.0,0.0,0.0,0.0,15794.9 MiB,3726.8 MiB,2045.7 MiB,10022.3 MiB,4096.0 MiB,3681.0 MiB,415.0 MiB,13107.9 MiB
3,Python 3.6.15,binarytrees_compatible_all.py 21,141,1694215674,1162594,python,2:45.84,44496,37644,5444,100.0,0.2,1,2,2:45,0,4,32696,0,151k,0,37644,310,2,278,30,0,13.4,2.2,0.0,84.3,0.0,0.0,0.0,0.0,15794.9 MiB,3726.8 MiB,2045.7 MiB,10022.3 MiB,4096.0 MiB,3681.0 MiB,415.0 MiB,13107.9 MiB
3,Python 3.6.15,binarytrees_compatible_all.py 21,142,1694215675,1162594,python,2:47.02,44496,37644,5444,100.0,0.2,1,2,2:47,0,4,32696,0,151k,0,37644,310,2,278,30,0,13.5,0.8,0.0,85.7,0.0,0.0,0.0,0.0,15794.9 MiB,3726.6 MiB,2046.0 MiB,10022.3 MiB,4096.0 MiB,3681.0 MiB,415.0 MiB,13107.7 MiB
3,Python 3.6.15,binarytrees_compatible_all.py 21,143,1694215676,1162594,python,2:48.19,44496,37644,5444,100.0,0.2,1,2,2:48,0,4,32696,0,151k,0,37644,310,2,278,30,0,12.9,0.8,0.0,86.4,0.0,0.0,0.0,0.0,15794.9 MiB,3726.6 MiB,2045.9 MiB,10022.3 MiB,4096.0 MiB,3681.0 MiB,415.0 MiB,13107.7 MiB
3,Python 3.6.15,binarytrees_compatible_all.py 21,144,1694215678,1162594,python,2:49.36,44496,37644,5444,93.8,0.2,1,2,2:49,0,4,32696,0,151k,0,37644,310,2,278,30,0,12.7,1.5,0.0,84.3,1.5,0.0,0.0,0.0,15794.9 MiB,3726.6 MiB,2045.9 MiB,10022.3 MiB,4096.0 MiB,3681.0 MiB,415.0 MiB,13107.7 MiB
3,Python 3.6.15,binarytrees_compatible_all.py 21,145,1694215679,1162594,python,2:50.54,44496,37644,5444,100.0,0.2,1,2,2:50,0,4,32696,0,151k,0,37644,310,2,278,30,0,13.5,0.8,0.0,85.7,0.0,0.0,0.0,0.0,15794.9 MiB,3726.6 MiB,2045.9 MiB,10022.4 MiB,4096.0 MiB,3681.0 MiB,415.0 MiB,13107.7 MiB
3,Python 3.6.15,binarytrees_compatible_all.py 21,146,1694215680,1162594,python,2:51.71,44496,37644,5444,100.0,0.2,1,2,2:51,0,4,32696,0,151k,0,37644,310,2,278,30,0,12.8,1.5,0.0,85.7,0.0,0.0,0.0,0.0,15794.9 MiB,3726.6 MiB,2045.9 MiB,10022.4 MiB,4096.0 MiB,3681.0 MiB,415.0 MiB,13107.7 MiB
3,Python 3.6.15,binarytrees_compatible_all.py 21,147,1694215681,1162594,python,2:52.89,44496,37644,5444,100.0,0.2,1,2,2:52,0,4,32696,0,151k,0,37644,310,2,278,30,0,12.8,1.5,0.0,85.7,0.0,0.0,0.0,0.0,15794.9 MiB,3726.6 MiB,2045.9 MiB,10022.4 MiB,4096.0 MiB,3681.0 MiB,415.0 MiB,13107.7 MiB
3,Python 3.6.15,binarytrees_compatible_all.py 21,148,1694215682,1162594,python,2:54.06,44496,37644,5444,93.8,0.2,1,2,2:54,0,4,32696,0,151k,0,37644,310,2,278,30,0,12.0,1.5,0.0,86.5,0.0,0.0,0.0,0.0,15794.9 MiB,3726.3 MiB,2046.2 MiB,10022.4 MiB,4096.0 MiB,3681.0 MiB,415.0 MiB,13107.5 MiB
3,Python 3.6.15,binarytrees_compatible_all.py 21,149,1694215683,1162594,python,2:55.24,69840,63164,5444,100.0,0.4,1,2,2:55,0,4,58040,0,187k,0,63164,310,2,278,30,0,13.4,1.5,0.0,85.1,0.0,0.0,0.0,0.0,15794.9 MiB,3692.6 MiB,2079.9 MiB,10022.4 MiB,4096.0 MiB,3681.0 MiB,415.0 MiB,13073.8 MiB
3,Python 3.6.15,binarytrees_compatible_all.py 21,150,1694215685,1162594,python,2:56.42,83152,76272,5444,100.0,0.5,1,2,2:56,0,4,71352,0,249k,0,76272,310,2,278,30,0,12.0,2.3,0.0,85.7,0.0,0.0,0.0,0.0,15794.9 MiB,3689.1 MiB,2083.4 MiB,10022.4 MiB,4096.0 MiB,3681.0 MiB,415.0 MiB,13070.2 MiB
3,Python 3.6.15,binarytrees_compatible_all.py 21,151,1694215686,1162594,python,2:57.59,110288,103512,5444,100.0,0.6,1,2,2:57,0,4,98488,0,314k,0,103512,310,2,278,30,0,11.4,2.3,0.0,86.4,0.0,0.0,0.0,0.0,15794.9 MiB,3664.3 MiB,2108.2 MiB,10022.4 MiB,4096.0 MiB,3681.0 MiB,415.0 MiB,13045.5 MiB
3,Python 3.6.15,binarytrees_compatible_all.py 21,152,1694215687,1162594,python,2:58.77,71888,65212,5444,100.0,0.4,1,2,2:58,0,4,60088,0,374k,0,65212,310,2,278,30,0,12.1,2.3,0.0,84.1,1.5,0.0,0.0,0.0,15794.9 MiB,3696.7 MiB,2074.9 MiB,10023.2 MiB,4096.0 MiB,3681.0 MiB,415.0 MiB,13078.7 MiB
3,Python 3.6.15,binarytrees_compatible_all.py 21,153,1694215688,1162594,python,2:59.94,74704,68028,5444,93.8,0.4,1,2,2:59,0,4,62904,0,431k,0,68028,310,2,278,30,0,12.1,1.5,0.0,86.4,0.0,0.0,0.0,0.0,15794.9 MiB,3693.7 MiB,2077.9 MiB,10023.2 MiB,4096.0 MiB,3681.0 MiB,415.0 MiB,13075.7 MiB
3,Python 3.6.15,binarytrees_compatible_all.py 21,154,1694215689,1162594,python,3:01.12,93904,87080,5444,100.0,0.5,1,2,3:01,0,4,82104,0,492k,0,87080,310,2,278,30,0,12.2,1.5,0.0,86.3,0.0,0.0,0.0,0.0,15794.9 MiB,3686.5 MiB,2085.2 MiB,10023.2 MiB,4096.0 MiB,3681.0 MiB,415.0 MiB,13068.5 MiB
3,Python 3.6.15,binarytrees_compatible_all.py 21,155,1694215691,1162594,python,3:02.29,109008,102332,5444,100.0,0.6,1,2,3:02,0,4,97208,0,553k,0,102332,310,2,278,30,0,12.8,1.5,0.0,85.7,0.0,0.0,0.0,0.0,15794.9 MiB,3658.4 MiB,2113.2 MiB,10023.2 MiB,4096.0 MiB,3681.0 MiB,415.0 MiB,13040.4 MiB
3,Python 3.6.15,binarytrees_compatible_all.py 21,156,1694215692,1162594,python,3:03.46,76752,70076,5444,100.0,0.4,1,2,3:03,0,4,64952,0,608k,0,70076,310,2,278,30,0,12.0,2.3,0.0,85.7,0.0,0.0,0.0,0.0,15794.9 MiB,3690.2 MiB,2081.4 MiB,10023.2 MiB,4096.0 MiB,3681.0 MiB,415.0 MiB,13072.2 MiB
3,Python 3.6.15,binarytrees_compatible_all.py 21,157,1694215693,1162594,python,3:04.64,85200,78304,5444,100.0,0.5,1,2,3:04,0,4,73400,0,663k,0,78304,310,2,278,30,0,12.1,1.5,0.0,86.4,0.0,0.0,0.0,0.0,15794.9 MiB,3691.5 MiB,2080.2 MiB,10023.2 MiB,4096.0 MiB,3681.0 MiB,415.0 MiB,13073.5 MiB
3,Python 3.6.15,binarytrees_compatible_all.py 21,158,1694215694,1162594,python,3:05.82,113360,106464,5444,100.0,0.7,1,2,3:05,0,4,101560,0,722k,0,106464,310,2,278,30,0,12.8,1.5,0.0,85.7,0.0,0.0,0.0,0.0,15794.9 MiB,3666.3 MiB,2105.3 MiB,10023.2 MiB,4096.0 MiB,3681.0 MiB,415.0 MiB,13048.3 MiB
3,Python 3.6.15,binarytrees_compatible_all.py 21,159,1694215695,1162594,python,3:06.99,78800,72124,5444,93.8,0.4,1,2,3:06,0,4,67000,0,776k,0,72124,310,2,278,30,0,11.2,3.0,0.0,85.8,0.0,0.0,0.0,0.0,15794.9 MiB,3688.2 MiB,2083.5 MiB,10023.2 MiB,4096.0 MiB,3681.0 MiB,415.0 MiB,13070.2 MiB
3,Python 3.6.15,binarytrees_compatible_all.py 21,160,1694215696,1162594,python,3:08.17,81104,74280,5444,100.0,0.5,1,2,3:08,0,4,69304,0,828k,0,74280,310,2,278,30,0,12.8,1.5,0.0,85.7,0.0,0.0,0.0,0.0,15794.9 MiB,3689.2 MiB,2082.4 MiB,10023.2 MiB,4096.0 MiB,3681.0 MiB,415.0 MiB,13071.2 MiB
3,Python 3.6.15,binarytrees_compatible_all.py 21,161,1694215698,1162594,python,3:09.34,112848,105872,5444,93.8,0.7,1,2,3:09,0,4,101048,0,885k,0,105872,310,2,278,30,0,12.1,1.5,0.0,86.4,0.0,0.0,0.0,0.0,15794.9 MiB,3666.5 MiB,2105.1 MiB,10023.2 MiB,4096.0 MiB,3681.0 MiB,415.0 MiB,13048.6 MiB
3,Python 3.6.15,binarytrees_compatible_all.py 21,162,1694215699,1162594,python,3:10.51,80848,74172,5444,100.0,0.5,1,6,3:10,0,4,69048,0,937k,0,74172,310,2,278,30,0,11.3,3.0,0.0,85.7,0.0,0.0,0.0,0.0,15794.9 MiB,3682.8 MiB,2088.8 MiB,10023.3 MiB,4096.0 MiB,3681.0 MiB,415.0 MiB,13064.8 MiB
3,Python 3.6.15,binarytrees_compatible_all.py 21,163,1694215700,1162594,python,3:11.69,81872,75008,5444,100.0,0.5,1,6,3:11,0,4,70072,0,985k,0,75008,310,2,278,30,0,11.9,3.0,0.0,85.2,0.0,0.0,0.0,0.0,15794.9 MiB,3684.4 MiB,2087.2 MiB,10023.3 MiB,4096.0 MiB,3681.0 MiB,415.0 MiB,13066.5 MiB
3,Python 3.6.15,binarytrees_compatible_all.py 21,164,1694215701,1162594,python,3:12.87,115408,108448,5444,100.0,0.7,1,6,3:12,0,4,103608,0,1.0m,0,108448,310,2,278,30,0,11.9,2.2,0.0,85.8,0.0,0.0,0.0,0.0,15794.9 MiB,3661.6 MiB,2110.0 MiB,10023.3 MiB,4096.0 MiB,3681.0 MiB,415.0 MiB,13043.6 MiB
3,Python 3.6.15,binarytrees_compatible_all.py 21,165,1694215702,1162594,python,3:14.04,82896,76220,5444,100.0,0.5,1,6,3:14,0,4,71096,0,1.1m,0,76220,310,2,278,30,0,11.9,3.0,0.0,85.1,0.0,0.0,0.0,0.0,15794.9 MiB,3680.7 MiB,2091.0 MiB,10023.3 MiB,4096.0 MiB,3681.0 MiB,415.0 MiB,13062.7 MiB
3,Python 3.6.15,binarytrees_compatible_all.py 21,166,1694215703,1162594,python,3:15.22,89040,82072,5444,100.0,0.5,1,6,3:15,0,4,77240,0,1.1m,0,82072,310,2,278,30,0,12.7,2.2,0.0,85.1,0.0,0.0,0.0,0.0,15794.9 MiB,3682.0 MiB,2089.6 MiB,10023.3 MiB,4096.0 MiB,3681.0 MiB,415.0 MiB,13064.1 MiB
3,Python 3.6.15,binarytrees_compatible_all.py 21,167,1694215705,1162594,python,3:16.39,100048,93372,5444,93.8,0.6,1,6,3:16,0,4,88248,0,1.2m,0,93372,310,2,278,30,0,12.8,1.5,0.0,85.0,0.8,0.0,0.0,0.0,15794.9 MiB,3653.2 MiB,2118.4 MiB,10023.3 MiB,4096.0 MiB,3681.0 MiB,415.0 MiB,13035.3 MiB
3,Python 3.6.15,binarytrees_compatible_all.py 21,168,1694215706,1162594,python,3:17.57,84944,78268,5444,100.0,0.5,1,6,3:17,0,4,73144,0,1.2m,0,78268,310,2,278,30,0,12.0,2.3,0.0,85.7,0.0,0.0,0.0,0.0,15794.9 MiB,3680.1 MiB,2091.5 MiB,10023.3 MiB,4096.0 MiB,3681.0 MiB,415.0 MiB,13062.1 MiB
3,Python 3.6.15,binarytrees_compatible_all.py 21,169,1694215707,1162594,python,3:18.75,98512,91776,5444,100.0,0.6,1,6,3:18,0,4,86712,0,1.3m,0,91776,310,2,278,30,0,12.8,1.5,0.0,85.7,0.0,0.0,0.0,0.0,15794.9 MiB,3678.8 MiB,2092.8 MiB,10023.3 MiB,4096.0 MiB,3681.0 MiB,415.0 MiB,13060.9 MiB
3,Python 3.6.15,binarytrees_compatible_all.py 21,170,1694215708,1162594,python,3:19.92,84176,77500,5444,100.0,0.5,1,6,3:19,0,4,72376,0,1.3m,0,77500,310,2,278,30,0,12.8,1.5,0.0,85.7,0.0,0.0,0.0,0.0,15794.9 MiB,3680.9 MiB,2090.7 MiB,10023.3 MiB,4096.0 MiB,3681.0 MiB,415.0 MiB,13062.9 MiB
3,Python 3.6.15,binarytrees_compatible_all.py 21,171,1694215709,1162594,python,3:21.09,86992,80316,5444,100.0,0.5,1,2,3:21,0,4,75192,0,1.3m,0,80316,310,2,278,30,0,12.1,1.5,0.0,86.4,0.0,0.0,0.0,0.0,15794.9 MiB,3675.9 MiB,2095.7 MiB,10023.3 MiB,4096.0 MiB,3681.0 MiB,415.0 MiB,13057.9 MiB
3,Python 3.6.15,binarytrees_compatible_all.py 21,172,1694215711,1162594,python,3:22.26,112592,105704,5444,93.8,0.7,1,2,3:22,0,4,100792,0,1.4m,0,105704,310,2,278,30,0,12.1,1.5,0.0,85.6,0.8,0.0,0.0,0.0,15794.9 MiB,3662.6 MiB,2109.0 MiB,10023.3 MiB,4096.0 MiB,3681.0 MiB,415.0 MiB,13044.7 MiB
3,Python 3.6.15,binarytrees_compatible_all.py 21,173,1694215712,1162594,python,3:23.45,220368,213376,5444,100.0,1.3,1,6,3:23,0,4,208568,0,1.4m,0,213376,310,2,278,30,0,13.5,0.8,0.0,85.7,0.0,0.0,0.0,0.0,15794.9 MiB,3554.8 MiB,2216.8 MiB,10023.3 MiB,4096.0 MiB,3681.0 MiB,415.0 MiB,12936.9 MiB
3,Python 3.6.15,binarytrees_compatible_all.py 21,174,1694215713,1162594,python,3:24.62,249552,242472,5444,100.0,1.5,1,6,3:24,0,4,237752,0,1.5m,0,242472,310,2,278,30,0,11.4,2.3,0.0,86.4,0.0,0.0,0.0,0.0,15794.9 MiB,3529.2 MiB,2242.4 MiB,10023.3 MiB,4096.0 MiB,3681.0 MiB,415.0 MiB,12911.3 MiB
3,Python 3.6.15,binarytrees_compatible_all.py 21,175,1694215714,1162594,python,3:25.79,373968,367144,5444,93.8,2.3,1,6,3:25,0,4,362168,0,1.6m,0,367144,310,2,278,30,0,11.4,1.5,0.0,87.1,0.0,0.0,0.0,0.0,15794.9 MiB,3407.6 MiB,2363.9 MiB,10023.3 MiB,4096.0 MiB,3681.0 MiB,415.0 MiB,12789.7 MiB
3,Python 3.6.15,binarytrees_compatible_all.py 21,176,1694215715,1162594,python,3:26.97,220880,214284,5444,100.0,1.3,1,6,3:26,0,4,209080,0,1.6m,0,214284,310,2,278,30,0,12.0,1.5,0.0,86.5,0.0,0.0,0.0,0.0,15794.9 MiB,3544.6 MiB,2227.0 MiB,10023.3 MiB,4096.0 MiB,3681.0 MiB,415.0 MiB,12926.6 MiB
3,Python 3.6.15,binarytrees_compatible_all.py 21,177,1694215716,1162594,python,3:28.14,235728,228992,5444,93.8,1.4,1,6,3:28,0,4,223928,0,1.7m,0,228992,310,2,278,30,0,12.8,1.5,0.0,85.7,0.0,0.0,0.0,0.0,15794.9 MiB,3542.3 MiB,2229.3 MiB,10023.3 MiB,4096.0 MiB,3681.0 MiB,415.0 MiB,12924.3 MiB
3,Python 3.6.15,binarytrees_compatible_all.py 21,178,1694215718,1162594,python,3:29.32,360144,353136,5444,100.0,2.2,1,6,3:29,0,4,348344,0,1.8m,0,353136,310,2,278,30,0,11.8,4.4,0.0,83.8,0.0,0.0,0.0,0.0,15794.9 MiB,3420.2 MiB,2351.4 MiB,10023.3 MiB,4096.0 MiB,3681.0 MiB,415.0 MiB,12802.3 MiB
3,Python 3.6.15,binarytrees_compatible_all.py 21,179,1694215719,1162594,python,3:30.49,221392,214796,5444,93.8,1.3,1,6,3:30,0,4,209592,0,1.8m,0,214796,310,2,278,30,0,12.7,2.2,0.0,85.1,0.0,0.0,0.0,0.0,15794.9 MiB,3543.8 MiB,2227.8 MiB,10023.3 MiB,4096.0 MiB,3681.0 MiB,415.0 MiB,12925.9 MiB
3,Python 3.6.15,binarytrees_compatible_all.py 21,180,1694215720,1162594,python,3:31.67,223696,217100,5444,100.0,1.3,1,2,3:31,0,4,211896,0,1.9m,0,217100,310,2,278,30,0,12.8,0.8,0.0,86.5,0.0,0.0,0.0,0.0,15794.9 MiB,3541.8 MiB,2229.8 MiB,10023.3 MiB,4096.0 MiB,3681.0 MiB,415.0 MiB,12923.9 MiB
3,Python 3.6.15,binarytrees_compatible_all.py 21,181,1694215721,1162594,python,3:32.84,348112,341240,5444,93.8,2.1,1,2,3:32,0,4,336312,0,2.0m,0,341240,310,2,278,30,0,11.4,2.3,0.0,85.6,0.8,0.0,0.0,0.0,15794.9 MiB,3432.0 MiB,2339.5 MiB,10023.3 MiB,4096.0 MiB,3681.0 MiB,415.0 MiB,12814.1 MiB
3,Python 3.6.15,binarytrees_compatible_all.py 21,182,1694215722,1162594,python,3:34.02,221904,215308,5444,100.0,1.3,1,2,3:34,0,4,210104,0,2.0m,0,215308,310,2,278,30,0,10.5,3.0,0.0,86.5,0.0,0.0,0.0,0.0,15794.9 MiB,3542.8 MiB,2228.7 MiB,10023.3 MiB,4096.0 MiB,3681.0 MiB,415.0 MiB,12924.9 MiB
3,Python 3.6.15,binarytrees_compatible_all.py 21,183,1694215723,1162594,python,3:35.20,224208,217612,5444,100.0,1.3,1,2,3:35,0,4,212408,0,2.1m,0,217612,310,2,278,30,0,13.0,0.0,0.0,87.0,0.0,0.0,0.0,0.0,15794.9 MiB,3540.8 MiB,2230.8 MiB,10023.3 MiB,4096.0 MiB,3681.0 MiB,415.0 MiB,12922.9 MiB
3,Python 3.6.15,binarytrees_compatible_all.py 21,184,1694215725,1162594,python,3:36.37,333008,326176,5444,100.0,2.0,1,2,3:36,0,4,321208,0,2.1m,0,326176,310,2,278,30,0,11.9,3.0,0.0,85.1,0.0,0.0,0.0,0.0,15794.9 MiB,3446.3 MiB,2325.3 MiB,10023.3 MiB,4096.0 MiB,3681.0 MiB,415.0 MiB,12828.4 MiB
3,Python 3.6.15,binarytrees_compatible_all.py 21,185,1694215726,1162594,python,3:37.55,222416,215820,5444,100.0,1.3,1,2,3:37,0,4,210616,0,2.2m,0,215820,310,2,278,30,0,12.1,1.5,0.0,86.4,0.0,0.0,0.0,0.0,15794.9 MiB,3525.1 MiB,2246.5 MiB,10023.3 MiB,4096.0 MiB,3681.0 MiB,415.0 MiB,12907.1 MiB
3,Python 3.6.15,binarytrees_compatible_all.py 21,186,1694215727,1162594,python,3:38.72,224720,218124,5444,93.8,1.3,1,2,3:38,0,4,212920,0,2.3m,0,218124,310,2,278,30,0,12.7,1.5,0.0,85.8,0.0,0.0,0.0,0.0,15794.9 MiB,3540.0 MiB,2231.5 MiB,10023.3 MiB,4096.0 MiB,3681.0 MiB,415.0 MiB,12922.1 MiB
3,Python 3.6.15,binarytrees_compatible_all.py 21,187,1694215728,1162594,python,3:39.89,320976,314016,5444,100.0,1.9,1,2,3:39,0,4,309176,0,2.3m,0,314016,310,2,278,30,0,12.0,2.3,0.0,85.7,0.0,0.0,0.0,0.0,15794.9 MiB,3457.9 MiB,2313.7 MiB,10023.3 MiB,4096.0 MiB,3681.0 MiB,415.0 MiB,12839.5 MiB
3,Python 3.6.15,binarytrees_compatible_all.py 21,188,1694215729,1162594,python,3:41.07,289232,282636,5444,100.0,1.7,1,2,3:41,0,4,277432,0,2.4m,0,282636,310,2,278,30,0,11.2,3.0,0.0,85.8,0.0,0.0,0.0,0.0,15794.9 MiB,3459.1 MiB,2312.5 MiB,10023.3 MiB,4096.0 MiB,3681.0 MiB,415.0 MiB,12841.2 MiB
3,Python 3.6.15,binarytrees_compatible_all.py 21,189,1694215730,1162594,python,3:42.25,225232,218636,5444,100.0,1.4,1,2,3:42,0,4,213432,0,2.4m,0,218636,310,2,278,30,0,12.8,1.5,0.0,85.7,0.0,0.0,0.0,0.0,15794.9 MiB,3539.1 MiB,2232.5 MiB,10023.3 MiB,4096.0 MiB,3681.0 MiB,415.0 MiB,12921.2 MiB
3,Python 3.6.15,binarytrees_compatible_all.py 21,190,1694215732,1162594,python,3:43.42,308944,302120,5444,93.8,1.9,1,2,3:43,0,4,297144,0,2.5m,0,302120,310,2,278,30,0,12.1,1.5,0.0,86.4,0.0,0.0,0.0,0.0,15794.9 MiB,3469.4 MiB,2302.1 MiB,10023.3 MiB,4096.0 MiB,3681.0 MiB,415.0 MiB,12851.5 MiB
3,Python 3.6.15,binarytrees_compatible_all.py 21,191,1694215733,1162594,python,3:44.59,355792,349196,5444,100.0,2.2,1,2,3:44,0,4,343992,0,2.6m,0,349196,310,2,278,30,0,11.2,3.7,0.0,85.1,0.0,0.0,0.0,0.0,15794.9 MiB,3394.6 MiB,2377.0 MiB,10023.3 MiB,4096.0 MiB,3681.0 MiB,415.0 MiB,12776.6 MiB
3,Python 3.6.15,binarytrees_compatible_all.py 21,192,1694215734,1162594,python,3:45.77,225744,219148,5444,100.0,1.4,1,2,3:45,0,4,213944,0,2.6m,0,219148,310,2,278,30,0,13.4,0.7,0.0,85.8,0.0,0.0,0.0,0.0,15794.9 MiB,3538.8 MiB,2232.8 MiB,10023.3 MiB,4096.0 MiB,3681.0 MiB,415.0 MiB,12920.9 MiB
3,Python 3.6.15,binarytrees_compatible_all.py 21,193,1694215735,1162594,python,3:46.94,298192,291280,5444,93.8,1.8,1,2,3:46,0,4,286392,0,2.7m,0,291280,310,2,278,30,0,11.9,3.0,0.0,85.1,0.0,0.0,0.0,0.0,15794.9 MiB,3479.5 MiB,2292.0 MiB,10023.3 MiB,4096.0 MiB,3681.0 MiB,415.0 MiB,12861.6 MiB
3,Python 3.6.15,binarytrees_compatible_all.py 21,194,1694215736,1162594,python,3:48.11,417488,410892,5444,93.8,2.5,1,2,3:48,0,4,405688,0,2.8m,0,410892,310,2,278,30,0,11.9,3.0,0.0,85.1,0.0,0.0,0.0,0.0,15794.9 MiB,3358.4 MiB,2413.1 MiB,10023.3 MiB,4096.0 MiB,3681.0 MiB,415.0 MiB,12740.6 MiB
3,Python 3.6.15,binarytrees_compatible_all.py 21,195,1694215738,1162594,python,3:49.29,226256,219660,5444,100.0,1.4,1,2,3:49,0,4,214456,0,2.8m,0,219660,310,2,278,30,0,12.1,1.5,0.0,86.4,0.0,0.0,0.0,0.0,15794.9 MiB,3537.6 MiB,2233.9 MiB,10023.3 MiB,4096.0 MiB,3681.0 MiB,415.0 MiB,12919.7 MiB
3,Python 3.6.15,binarytrees_compatible_all.py 21,196,1694215739,1162594,python,3:50.47,287440,280704,5444,100.0,1.7,1,2,3:50,0,4,275640,0,2.9m,0,280704,310,2,278,30,0,12.0,2.3,0.0,85.7,0.0,0.0,0.0,0.0,15794.9 MiB,3489.6 MiB,2281.9 MiB,10023.3 MiB,4096.0 MiB,3681.0 MiB,415.0 MiB,12871.7 MiB
4,Python 3.6.15,binarytrees_compatible_all.py 21,0,1694215740,1163867,python,0:00.11,31616,24764,5176,68.8,0.2,1,2,0:00,0,4,19816,0,6053,0,24764,310,2,278,30,0,19.3,8.9,0.0,71.9,0.0,0.0,0.0,0.0,15794.9 MiB,3736.0 MiB,2028.6 MiB,10030.3 MiB,4096.0 MiB,3681.0 MiB,415.0 MiB,13118.1 MiB
4,Python 3.6.15,binarytrees_compatible_all.py 21,1,1694215741,1163867,python,0:01.29,31616,24764,5176,100.0,0.2,1,2,0:01,0,4,19816,0,6053,0,24764,310,2,278,30,0,12.8,1.5,0.0,85.7,0.0,0.0,0.0,0.0,15794.9 MiB,3735.9 MiB,2028.4 MiB,10030.5 MiB,4096.0 MiB,3681.0 MiB,415.0 MiB,13118.1 MiB
4,Python 3.6.15,binarytrees_compatible_all.py 21,2,1694215742,1163867,python,0:02.46,31616,24764,5176,100.0,0.2,1,2,0:02,0,4,19816,0,6053,0,24764,310,2,278,30,0,12.2,0.8,0.0,87.0,0.0,0.0,0.0,0.0,15794.9 MiB,3742.6 MiB,2028.6 MiB,10023.7 MiB,4096.0 MiB,3681.0 MiB,415.0 MiB,13124.7 MiB
4,Python 3.6.15,binarytrees_compatible_all.py 21,3,1694215743,1163867,python,0:03.64,31616,24764,5176,100.0,0.2,1,2,0:03,0,4,19816,0,6053,0,24764,310,2,278,30,0,12.8,1.5,0.0,85.7,0.0,0.0,0.0,0.0,15794.9 MiB,3742.6 MiB,2028.7 MiB,10023.5 MiB,4096.0 MiB,3681.0 MiB,415.0 MiB,13124.7 MiB
4,Python 3.6.15,binarytrees_compatible_all.py 21,4,1694215745,1163867,python,0:04.81,31616,24764,5176,100.0,0.2,1,2,0:04,0,4,19816,0,6053,0,24764,310,2,278,30,0,13.4,1.5,0.0,84.3,0.7,0.0,0.0,0.0,15794.9 MiB,3742.4 MiB,2029.0 MiB,10023.6 MiB,4096.0 MiB,3681.0 MiB,415.0 MiB,13124.5 MiB
4,Python 3.6.15,binarytrees_compatible_all.py 21,5,1694215746,1163867,python,0:05.98,31616,24764,5176,93.8,0.2,1,6,0:05,0,4,19816,0,6053,0,24764,310,2,278,30,0,13.0,0.0,0.0,87.0,0.0,0.0,0.0,0.0,15794.9 MiB,3742.1 MiB,2029.2 MiB,10023.6 MiB,4096.0 MiB,3681.0 MiB,415.0 MiB,13124.2 MiB
4,Python 3.6.15,binarytrees_compatible_all.py 21,6,1694215747,1163867,python,0:07.16,31616,24764,5176,100.0,0.2,1,6,0:07,0,4,19816,0,6053,0,24764,310,2,278,30,0,12.8,1.5,0.0,85.7,0.0,0.0,0.0,0.0,15794.9 MiB,3742.1 MiB,2029.2 MiB,10023.6 MiB,4096.0 MiB,3681.0 MiB,415.0 MiB,13124.2 MiB
4,Python 3.6.15,binarytrees_compatible_all.py 21,7,1694215748,1163867,python,0:08.34,31616,24764,5176,100.0,0.2,1,6,0:08,0,4,19816,0,6053,0,24764,310,2,278,30,0,12.2,1.5,0.0,86.3,0.0,0.0,0.0,0.0,15794.9 MiB,3741.9 MiB,2029.5 MiB,10023.6 MiB,4096.0 MiB,3681.0 MiB,415.0 MiB,13124.0 MiB
4,Python 3.6.15,binarytrees_compatible_all.py 21,8,1694215749,1163867,python,0:09.51,31616,24764,5176,100.0,0.2,1,6,0:09,0,4,19816,0,6053,0,24764,310,2,278,30,0,12.8,1.5,0.0,85.7,0.0,0.0,0.0,0.0,15794.9 MiB,3741.1 MiB,2030.2 MiB,10023.6 MiB,4096.0 MiB,3681.0 MiB,415.0 MiB,13123.3 MiB
4,Python 3.6.15,binarytrees_compatible_all.py 21,9,1694215750,1163867,python,0:10.69,31616,24764,5176,100.0,0.2,1,6,0:10,0,4,19816,0,6053,0,24764,310,2,278,30,0,13.6,0.8,0.0,85.6,0.0,0.0,0.0,0.0,15794.9 MiB,3741.1 MiB,2030.2 MiB,10023.5 MiB,4096.0 MiB,3681.0 MiB,415.0 MiB,13123.3 MiB
4,Python 3.6.15,binarytrees_compatible_all.py 21,10,1694215752,1163867,python,0:11.86,31616,24764,5176,100.0,0.2,1,6,0:11,0,4,19816,0,6053,0,24764,310,2,278,30,0,12.9,0.8,0.0,86.4,0.0,0.0,0.0,0.0,15794.9 MiB,3740.4 MiB,2030.9 MiB,10023.6 MiB,4096.0 MiB,3681.0 MiB,415.0 MiB,13122.5 MiB
4,Python 3.6.15,binarytrees_compatible_all.py 21,11,1694215753,1163867,python,0:13.04,31616,24764,5176,100.0,0.2,1,6,0:13,0,4,19816,0,6053,0,24764,310,2,278,30,0,12.9,0.8,0.0,86.4,0.0,0.0,0.0,0.0,15794.9 MiB,3739.9 MiB,2031.4 MiB,10023.6 MiB,4096.0 MiB,3681.0 MiB,415.0 MiB,13122.1 MiB
4,Python 3.6.15,binarytrees_compatible_all.py 21,12,1694215754,1163867,python,0:14.21,31616,24764,5176,100.0,0.2,1,6,0:14,0,4,19816,0,6053,0,24764,310,2,278,30,0,13.4,1.5,0.0,85.1,0.0,0.0,0.0,0.0,15794.9 MiB,3739.2 MiB,2032.1 MiB,10023.6 MiB,4096.0 MiB,3681.0 MiB,415.0 MiB,13121.3 MiB
4,Python 3.6.15,binarytrees_compatible_all.py 21,13,1694215755,1163867,python,0:15.39,31616,24764,5176,100.0,0.2,1,6,0:15,0,4,19816,0,6053,0,24764,310,2,278,30,0,13.6,0.8,0.0,85.6,0.0,0.0,0.0,0.0,15794.9 MiB,3738.9 MiB,2032.3 MiB,10023.6 MiB,4096.0 MiB,3681.0 MiB,415.0 MiB,13121.1 MiB
4,Python 3.6.15,binarytrees_compatible_all.py 21,14,1694215756,1163867,python,0:16.56,31616,24764,5176,100.0,0.2,1,6,0:16,0,4,19816,0,6053,0,24764,310,2,278,30,0,12.9,0.8,0.0,86.4,0.0,0.0,0.0,0.0,15794.9 MiB,3738.9 MiB,2032.3 MiB,10023.6 MiB,4096.0 MiB,3681.0 MiB,415.0 MiB,13121.1 MiB
4,Python 3.6.15,binarytrees_compatible_all.py 21,15,1694215758,1163867,python,0:17.74,31616,24764,5176,100.0,0.2,1,6,0:17,0,4,19816,0,6053,0,24764,310,2,278,30,0,12.9,0.8,0.0,86.4,0.0,0.0,0.0,0.0,15794.9 MiB,3738.7 MiB,2032.6 MiB,10023.6 MiB,4096.0 MiB,3681.0 MiB,415.0 MiB,13120.8 MiB
4,Python 3.6.15,binarytrees_compatible_all.py 21,16,1694215759,1163867,python,0:18.91,31616,24764,5176,100.0,0.2,1,6,0:18,0,4,19816,0,6053,0,24764,310,2,278,30,0,12.8,1.5,0.0,85.7,0.0,0.0,0.0,0.0,15794.9 MiB,3738.7 MiB,2032.6 MiB,10023.6 MiB,4096.0 MiB,3681.0 MiB,415.0 MiB,13120.8 MiB
4,Python 3.6.15,binarytrees_compatible_all.py 21,17,1694215760,1163867,python,0:20.08,31616,24764,5176,93.8,0.2,1,2,0:20,0,4,19816,0,6053,0,24764,310,2,278,30,0,12.9,0.8,0.0,86.4,0.0,0.0,0.0,0.0,15794.9 MiB,3738.7 MiB,2032.6 MiB,10023.6 MiB,4096.0 MiB,3681.0 MiB,415.0 MiB,13120.8 MiB
4,Python 3.6.15,binarytrees_compatible_all.py 21,18,1694215761,1163867,python,0:21.26,31616,24764,5176,100.0,0.2,1,2,0:21,0,4,19816,0,6053,0,24764,310,2,278,30,0,12.1,1.5,0.0,86.4,0.0,0.0,0.0,0.0,15794.9 MiB,3738.7 MiB,2032.6 MiB,10023.6 MiB,4096.0 MiB,3681.0 MiB,415.0 MiB,13120.8 MiB
4,Python 3.6.15,binarytrees_compatible_all.py 21,19,1694215762,1163867,python,0:22.44,31616,24764,5176,100.0,0.2,1,6,0:22,0,4,19816,0,6053,0,24764,310,2,278,30,0,13.5,1.5,0.0,85.0,0.0,0.0,0.0,0.0,15794.9 MiB,3738.7 MiB,2032.5 MiB,10023.7 MiB,4096.0 MiB,3681.0 MiB,415.0 MiB,13120.8 MiB
4,Python 3.6.15,binarytrees_compatible_all.py 21,20,1694215763,1163867,python,0:23.61,19408,12344,5176,100.0,0.1,1,6,0:23,0,4,7608,0,7076,0,12344,310,2,278,30,0,12.1,1.5,0.0,86.4,0.0,0.0,0.0,0.0,15794.9 MiB,3754.2 MiB,2017.1 MiB,10023.7 MiB,4096.0 MiB,3681.0 MiB,415.0 MiB,13136.3 MiB
4,Python 3.6.15,binarytrees_compatible_all.py 21,21,1694215765,1163867,python,0:24.78,19408,12344,5176,100.0,0.1,1,6,0:24,0,4,7608,0,7076,0,12344,310,2,278,30,0,13.4,0.7,0.0,85.8,0.0,0.0,0.0,0.0,15794.9 MiB,3753.9 MiB,2017.3 MiB,10023.7 MiB,4096.0 MiB,3681.0 MiB,415.0 MiB,13136.1 MiB
4,Python 3.6.15,binarytrees_compatible_all.py 21,22,1694215766,1163867,python,0:25.96,19408,12344,5176,100.0,0.1,1,6,0:25,0,4,7608,0,7076,0,12344,310,2,278,30,0,12.8,0.8,0.0,86.5,0.0,0.0,0.0,0.0,15794.9 MiB,3753.9 MiB,2017.3 MiB,10023.7 MiB,4096.0 MiB,3681.0 MiB,415.0 MiB,13136.1 MiB
4,Python 3.6.15,binarytrees_compatible_all.py 21,23,1694215767,1163867,python,0:27.13,19408,12344,5176,93.8,0.1,1,6,0:27,0,4,7608,0,7076,0,12344,310,2,278,30,0,12.9,0.8,0.0,86.4,0.0,0.0,0.0,0.0,15794.9 MiB,3753.7 MiB,2017.5 MiB,10023.7 MiB,4096.0 MiB,3681.0 MiB,415.0 MiB,13135.9 MiB
4,Python 3.6.15,binarytrees_compatible_all.py 21,24,1694215768,1163867,python,0:28.31,19408,12344,5176,100.0,0.1,1,6,0:28,0,4,7608,0,7076,0,12344,310,2,278,30,0,12.9,0.8,0.0,86.4,0.0,0.0,0.0,0.0,15794.9 MiB,3753.7 MiB,2017.5 MiB,10023.7 MiB,4096.0 MiB,3681.0 MiB,415.0 MiB,13135.9 MiB
4,Python 3.6.15,binarytrees_compatible_all.py 21,25,1694215769,1163867,python,0:29.48,19408,12344,5176,100.0,0.1,1,6,0:29,0,4,7608,0,7076,0,12344,310,2,278,30,0,12.9,1.5,0.0,85.6,0.0,0.0,0.0,0.0,15794.9 MiB,3753.4 MiB,2017.8 MiB,10023.7 MiB,4096.0 MiB,3681.0 MiB,415.0 MiB,13135.6 MiB
4,Python 3.6.15,binarytrees_compatible_all.py 21,26,1694215770,1163867,python,0:30.65,19408,12344,5176,93.8,0.1,1,6,0:30,0,4,7608,0,7076,0,12344,310,2,278,30,0,12.8,1.5,0.0,85.7,0.0,0.0,0.0,0.0,15794.9 MiB,3753.4 MiB,2017.8 MiB,10023.7 MiB,4096.0 MiB,3681.0 MiB,415.0 MiB,13135.6 MiB
4,Python 3.6.15,binarytrees_compatible_all.py 21,27,1694215772,1163867,python,0:31.83,19408,12344,5176,100.0,0.1,1,6,0:31,0,4,7608,0,7076,0,12344,310,2,278,30,0,12.8,1.5,0.0,85.7,0.0,0.0,0.0,0.0,15794.9 MiB,3753.2 MiB,2018.0 MiB,10023.7 MiB,4096.0 MiB,3681.0 MiB,415.0 MiB,13135.4 MiB
4,Python 3.6.15,binarytrees_compatible_all.py 21,28,1694215773,1163867,python,0:33.01,19408,12344,5176,100.0,0.1,1,6,0:33,0,4,7608,0,7076,0,12344,310,2,278,30,0,12.9,0.8,0.0,86.4,0.0,0.0,0.0,0.0,15794.9 MiB,3752.9 MiB,2018.3 MiB,10023.7 MiB,4096.0 MiB,3681.0 MiB,415.0 MiB,13135.1 MiB
4,Python 3.6.15,binarytrees_compatible_all.py 21,29,1694215774,1163867,python,0:34.18,19408,12344,5176,100.0,0.1,1,6,0:34,0,4,7608,0,7076,0,12344,310,2,278,30,0,12.1,1.5,0.0,86.4,0.0,0.0,0.0,0.0,15794.9 MiB,3752.9 MiB,2018.2 MiB,10023.7 MiB,4096.0 MiB,3681.0 MiB,415.0 MiB,13135.1 MiB
4,Python 3.6.15,binarytrees_compatible_all.py 21,30,1694215775,1163867,python,0:35.35,19408,12344,5176,100.0,0.1,1,6,0:35,0,4,7608,0,7076,0,12344,310,2,278,30,0,13.4,1.5,0.0,85.1,0.0,0.0,0.0,0.0,15794.9 MiB,3752.9 MiB,2018.2 MiB,10023.7 MiB,4096.0 MiB,3681.0 MiB,415.0 MiB,13135.1 MiB
4,Python 3.6.15,binarytrees_compatible_all.py 21,31,1694215776,1163867,python,0:36.53,19408,12344,5176,100.0,0.1,1,6,0:36,0,4,7608,0,7076,0,12344,310,2,278,30,0,12.8,2.3,0.0,85.0,0.0,0.0,0.0,0.0,15794.9 MiB,3752.9 MiB,2018.2 MiB,10023.7 MiB,4096.0 MiB,3681.0 MiB,415.0 MiB,13135.1 MiB
4,Python 3.6.15,binarytrees_compatible_all.py 21,32,1694215777,1163867,python,0:37.70,19408,12344,5176,93.8,0.1,1,6,0:37,0,4,7608,0,7076,0,12344,310,2,278,30,0,12.9,0.8,0.0,85.6,0.0,0.0,0.8,0.0,15794.9 MiB,3752.7 MiB,2018.5 MiB,10023.7 MiB,4096.0 MiB,3681.0 MiB,415.0 MiB,13134.9 MiB
4,Python 3.6.15,binarytrees_compatible_all.py 21,33,1694215779,1163867,python,0:38.88,19408,12344,5176,100.0,0.1,1,6,0:38,0,4,7608,0,7076,0,12344,310,2,278,30,0,12.1,1.5,0.0,86.4,0.0,0.0,0.0,0.0,15794.9 MiB,3752.7 MiB,2018.5 MiB,10023.7 MiB,4096.0 MiB,3681.0 MiB,415.0 MiB,13134.9 MiB
4,Python 3.6.15,binarytrees_compatible_all.py 21,34,1694215780,1163867,python,0:40.05,19408,12344,5176,93.8,0.1,1,6,0:40,0,4,7608,0,7076,0,12344,310,3,277,30,0,13.0,0.8,0.0,86.3,0.0,0.0,0.0,0.0,15794.9 MiB,3752.7 MiB,2018.5 MiB,10023.7 MiB,4096.0 MiB,3681.0 MiB,415.0 MiB,13134.9 MiB
4,Python 3.6.15,binarytrees_compatible_all.py 21,35,1694215781,1163867,python,0:41.23,19408,12344,5176,100.0,0.1,1,6,0:41,0,4,7608,0,7076,0,12344,310,2,278,30,0,13.5,0.8,0.0,85.7,0.0,0.0,0.0,0.0,15794.9 MiB,3752.0 MiB,2019.2 MiB,10023.7 MiB,4096.0 MiB,3681.0 MiB,415.0 MiB,13134.2 MiB
4,Python 3.6.15,binarytrees_compatible_all.py 21,36,1694215782,1163867,python,0:42.41,19408,12344,5176,100.0,0.1,1,2,0:42,0,4,7608,0,7076,0,12344,310,2,278,30,0,12.9,1.4,0.0,85.7,0.0,0.0,0.0,0.0,15794.9 MiB,3752.0 MiB,2019.2 MiB,10023.7 MiB,4096.0 MiB,3681.0 MiB,415.0 MiB,13134.2 MiB
4,Python 3.6.15,binarytrees_compatible_all.py 21,37,1694215783,1163867,python,0:43.59,19408,12344,5176,100.0,0.1,1,2,0:43,0,4,7608,0,7076,0,12344,310,2,278,30,0,12.2,0.8,0.0,87.0,0.0,0.0,0.0,0.0,15794.9 MiB,3751.5 MiB,2019.7 MiB,10023.7 MiB,4096.0 MiB,3681.0 MiB,415.0 MiB,13133.7 MiB
4,Python 3.6.15,binarytrees_compatible_all.py 21,38,1694215785,1163867,python,0:44.77,19408,12344,5176,100.0,0.1,1,2,0:44,0,4,7608,0,7076,0,12344,310,2,278,30,0,13.5,0.8,0.0,85.7,0.0,0.0,0.0,0.0,15794.9 MiB,3751.5 MiB,2019.7 MiB,10023.7 MiB,4096.0 MiB,3681.0 MiB,415.0 MiB,13133.7 MiB
4,Python 3.6.15,binarytrees_compatible_all.py 21,39,1694215786,1163867,python,0:45.94,19408,12344,5176,100.0,0.1,1,2,0:45,0,4,7608,0,7076,0,12344,310,2,278,30,0,13.5,0.8,0.0,85.7,0.0,0.0,0.0,0.0,15794.9 MiB,3751.5 MiB,2019.7 MiB,10023.7 MiB,4096.0 MiB,3681.0 MiB,415.0 MiB,13133.7 MiB
4,Python 3.6.15,binarytrees_compatible_all.py 21,40,1694215787,1163867,python,0:47.11,19408,12344,5176,93.8,0.1,1,2,0:47,0,4,7608,0,7076,0,12344,310,2,278,30,0,12.9,0.8,0.0,86.4,0.0,0.0,0.0,0.0,15794.9 MiB,3751.0 MiB,2020.2 MiB,10023.7 MiB,4096.0 MiB,3681.0 MiB,415.0 MiB,13133.2 MiB
4,Python 3.6.15,binarytrees_compatible_all.py 21,41,1694215788,1163867,python,0:48.29,19664,12344,5176,100.0,0.1,1,2,0:48,0,4,7864,0,7104,0,12344,310,2,278,30,0,12.9,0.8,0.0,86.4,0.0,0.0,0.0,0.0,15794.9 MiB,3750.7 MiB,2020.4 MiB,10023.7 MiB,4096.0 MiB,3681.0 MiB,415.0 MiB,13133.0 MiB
4,Python 3.6.15,binarytrees_compatible_all.py 21,42,1694215789,1163867,python,0:49.47,19664,12608,5176,100.0,0.1,1,2,0:49,0,4,7864,0,7153,0,12608,310,2,278,30,0,12.9,0.8,0.0,86.4,0.0,0.0,0.0,0.0,15794.9 MiB,3750.7 MiB,2020.4 MiB,10023.7 MiB,4096.0 MiB,3681.0 MiB,415.0 MiB,13133.0 MiB
4,Python 3.6.15,binarytrees_compatible_all.py 21,43,1694215790,1163867,python,0:50.63,19920,12872,5176,93.8,0.1,1,2,0:50,0,4,8120,0,7202,0,12872,310,2,278,30,0,12.9,0.8,0.0,86.4,0.0,0.0,0.0,0.0,15794.9 MiB,3750.7 MiB,2020.4 MiB,10023.7 MiB,4096.0 MiB,3681.0 MiB,415.0 MiB,13133.0 MiB
4,Python 3.6.15,binarytrees_compatible_all.py 21,44,1694215792,1163867,python,0:51.81,20176,13136,5176,100.0,0.1,1,2,0:51,0,4,8376,0,7250,0,13136,310,2,278,30,0,12.3,0.8,0.0,86.9,0.0,0.0,0.0,0.0,15794.9 MiB,3750.7 MiB,2020.4 MiB,10023.7 MiB,4096.0 MiB,3681.0 MiB,415.0 MiB,13133.0 MiB
4,Python 3.6.15,binarytrees_compatible_all.py 21,45,1694215793,1163867,python,0:52.99,20432,13136,5176,100.0,0.1,1,2,0:52,0,4,8632,0,7299,0,13136,310,2,278,30,0,14.1,1.4,0.0,84.5,0.0,0.0,0.0,0.0,15794.9 MiB,3750.7 MiB,2020.4 MiB,10023.7 MiB,4096.0 MiB,3681.0 MiB,415.0 MiB,13133.0 MiB
4,Python 3.6.15,binarytrees_compatible_all.py 21,46,1694215794,1163867,python,0:54.17,20432,13400,5176,100.0,0.1,1,2,0:54,0,4,8632,0,7348,0,13400,310,2,278,30,0,12.8,1.5,0.0,85.7,0.0,0.0,0.0,0.0,15794.9 MiB,3750.7 MiB,2020.4 MiB,10023.7 MiB,4096.0 MiB,3681.0 MiB,415.0 MiB,13133.0 MiB
4,Python 3.6.15,binarytrees_compatible_all.py 21,47,1694215795,1163867,python,0:55.35,20688,13664,5176,100.0,0.1,1,2,0:55,0,4,8888,0,7397,0,13664,310,3,277,30,0,13.0,0.0,0.0,87.0,0.0,0.0,0.0,0.0,15794.9 MiB,3749.5 MiB,2021.6 MiB,10023.7 MiB,4096.0 MiB,3681.0 MiB,415.0 MiB,13131.8 MiB
4,Python 3.6.15,binarytrees_compatible_all.py 21,48,1694215796,1163867,python,0:56.52,20944,13928,5176,100.0,0.1,1,2,0:56,0,4,9144,0,7446,0,13928,310,2,278,30,0,12.8,0.8,0.0,85.7,0.8,0.0,0.0,0.0,15794.9 MiB,3749.5 MiB,2021.6 MiB,10023.7 MiB,4096.0 MiB,3681.0 MiB,415.0 MiB,13131.8 MiB
4,Python 3.6.15,binarytrees_compatible_all.py 21,49,1694215797,1163867,python,0:57.69,21200,13928,5176,93.8,0.1,1,2,0:57,0,4,9400,0,7495,0,13928,310,2,278,30,0,13.5,0.8,0.0,85.7,0.0,0.0,0.0,0.0,15794.9 MiB,3749.5 MiB,2021.6 MiB,10023.7 MiB,4096.0 MiB,3681.0 MiB,415.0 MiB,13131.8 MiB
4,Python 3.6.15,binarytrees_compatible_all.py 21,50,1694215799,1163867,python,0:58.87,21456,14192,5176,100.0,0.1,1,2,0:58,0,4,9656,0,7544,0,14192,310,2,278,30,0,12.2,1.5,0.0,86.3,0.0,0.0,0.0,0.0,15794.9 MiB,3749.5 MiB,2021.6 MiB,10023.7 MiB,4096.0 MiB,3681.0 MiB,415.0 MiB,13131.8 MiB
4,Python 3.6.15,binarytrees_compatible_all.py 21,51,1694215800,1163867,python,1:00.04,21456,14456,5176,100.0,0.1,1,2,1:00,0,4,9656,0,7593,0,14456,310,2,278,30,0,13.5,0.0,0.0,86.5,0.0,0.0,0.0,0.0,15794.9 MiB,3749.5 MiB,2021.8 MiB,10023.5 MiB,4096.0 MiB,3681.0 MiB,415.0 MiB,13131.8 MiB
4,Python 3.6.15,binarytrees_compatible_all.py 21,52,1694215801,1163867,python,1:01.22,21712,14720,5176,100.0,0.1,1,2,1:01,0,4,9912,0,7642,0,14720,310,2,278,30,0,12.2,0.8,0.0,87.0,0.0,0.0,0.0,0.0,15794.9 MiB,3749.5 MiB,2021.8 MiB,10023.5 MiB,4096.0 MiB,3681.0 MiB,415.0 MiB,13131.8 MiB
4,Python 3.6.15,binarytrees_compatible_all.py 21,53,1694215802,1163867,python,1:02.39,21968,14720,5176,100.0,0.1,1,2,1:02,0,4,10168,0,7691,0,14720,310,2,278,30,0,12.1,1.5,0.0,86.4,0.0,0.0,0.0,0.0,15794.9 MiB,3749.5 MiB,2021.8 MiB,10023.6 MiB,4096.0 MiB,3681.0 MiB,415.0 MiB,13131.8 MiB
4,Python 3.6.15,binarytrees_compatible_all.py 21,54,1694215803,1163867,python,1:03.57,22224,14984,5176,100.0,0.1,1,6,1:03,0,4,10424,0,7740,0,14984,310,2,278,30,0,13.5,0.8,0.0,85.7,0.0,0.0,0.0,0.0,15794.9 MiB,3749.5 MiB,2021.8 MiB,10023.6 MiB,4096.0 MiB,3681.0 MiB,415.0 MiB,13131.8 MiB
4,Python 3.6.15,binarytrees_compatible_all.py 21,55,1694215805,1163867,python,1:04.74,22224,15248,5176,100.0,0.1,1,2,1:04,0,4,10424,0,7788,0,15248,310,2,278,30,0,12.9,0.8,0.0,86.4,0.0,0.0,0.0,0.0,15794.9 MiB,3749.5 MiB,2021.8 MiB,10023.6 MiB,4096.0 MiB,3681.0 MiB,415.0 MiB,13131.8 MiB
4,Python 3.6.15,binarytrees_compatible_all.py 21,56,1694215806,1163867,python,1:05.92,22480,15512,5176,100.0,0.1,1,6,1:05,0,4,10680,0,7837,0,15512,310,2,278,30,0,12.8,0.8,0.0,86.5,0.0,0.0,0.0,0.0,15794.9 MiB,3749.5 MiB,2021.8 MiB,10023.6 MiB,4096.0 MiB,3681.0 MiB,415.0 MiB,13131.8 MiB
4,Python 3.6.15,binarytrees_compatible_all.py 21,57,1694215807,1163867,python,1:07.09,22736,15512,5176,100.0,0.1,1,6,1:07,0,4,10936,0,7886,0,15512,310,2,278,30,0,13.5,1.5,0.0,85.0,0.0,0.0,0.0,0.0,15794.9 MiB,3749.5 MiB,2021.8 MiB,10023.6 MiB,4096.0 MiB,3681.0 MiB,415.0 MiB,13131.8 MiB
4,Python 3.6.15,binarytrees_compatible_all.py 21,58,1694215808,1163867,python,1:08.27,22992,15776,5176,100.0,0.1,1,6,1:08,0,4,11192,0,7935,0,15776,310,2,278,30,0,12.8,0.8,0.0,86.5,0.0,0.0,0.0,0.0,15794.9 MiB,3749.5 MiB,2021.8 MiB,10023.6 MiB,4096.0 MiB,3681.0 MiB,415.0 MiB,13131.8 MiB
4,Python 3.6.15,binarytrees_compatible_all.py 21,59,1694215809,1163867,python,1:09.44,22992,16040,5176,100.0,0.1,1,6,1:09,0,4,11192,0,7984,0,16040,310,2,278,30,0,12.1,0.8,0.0,87.1,0.0,0.0,0.0,0.0,15794.9 MiB,3749.5 MiB,2021.8 MiB,10023.6 MiB,4096.0 MiB,3681.0 MiB,415.0 MiB,13131.8 MiB
4,Python 3.6.15,binarytrees_compatible_all.py 21,60,1694215810,1163867,python,1:10.62,23248,16040,5176,100.0,0.1,1,6,1:10,0,4,11448,0,8032,0,16040,310,2,278,30,0,12.1,1.5,0.0,86.4,0.0,0.0,0.0,0.0,15794.9 MiB,3749.3 MiB,2022.0 MiB,10023.6 MiB,4096.0 MiB,3681.0 MiB,415.0 MiB,13131.6 MiB
4,Python 3.6.15,binarytrees_compatible_all.py 21,61,1694215812,1163867,python,1:11.79,23504,16304,5176,100.0,0.1,1,6,1:11,0,4,11704,0,8081,0,16304,310,2,278,30,0,13.4,0.7,0.0,85.8,0.0,0.0,0.0,0.0,15794.9 MiB,3749.3 MiB,2022.0 MiB,10023.6 MiB,4096.0 MiB,3681.0 MiB,415.0 MiB,13131.6 MiB
4,Python 3.6.15,binarytrees_compatible_all.py 21,62,1694215813,1163867,python,1:12.97,19664,12752,5176,100.0,0.1,1,6,1:12,0,4,7864,0,8116,0,12752,310,2,278,30,0,12.1,1.5,0.0,85.6,0.8,0.0,0.0,0.0,15794.9 MiB,3749.3 MiB,2022.0 MiB,10023.6 MiB,4096.0 MiB,3681.0 MiB,415.0 MiB,13131.6 MiB
4,Python 3.6.15,binarytrees_compatible_all.py 21,63,1694215814,1163867,python,1:14.14,19664,12752,5176,100.0,0.1,1,6,1:14,0,4,7864,0,8116,0,12752,310,2,278,30,0,13.0,0.8,0.0,86.3,0.0,0.0,0.0,0.0,15794.9 MiB,3749.0 MiB,2022.3 MiB,10023.6 MiB,4096.0 MiB,3681.0 MiB,415.0 MiB,13131.3 MiB
4,Python 3.6.15,binarytrees_compatible_all.py 21,64,1694215815,1163867,python,1:15.32,19920,12800,5176,100.0,0.1,1,6,1:15,0,4,8120,0,8129,0,12800,310,2,278,30,0,13.5,0.8,0.0,85.7,0.0,0.0,0.0,0.0,15794.9 MiB,3749.0 MiB,2022.3 MiB,10023.6 MiB,4096.0 MiB,3681.0 MiB,415.0 MiB,13131.3 MiB
4,Python 3.6.15,binarytrees_compatible_all.py 21,65,1694215816,1163867,python,1:16.49,19920,12800,5176,100.0,0.1,1,6,1:16,0,4,8120,0,8141,0,12800,310,2,278,30,0,12.2,0.8,0.0,87.0,0.0,0.0,0.0,0.0,15794.9 MiB,3749.0 MiB,2022.3 MiB,10023.6 MiB,4096.0 MiB,3681.0 MiB,415.0 MiB,13131.3 MiB
4,Python 3.6.15,binarytrees_compatible_all.py 21,66,1694215817,1163867,python,1:17.66,19920,12800,5176,93.8,0.1,1,6,1:17,0,4,8120,0,8153,0,12800,310,2,278,30,0,12.9,0.8,0.0,86.4,0.0,0.0,0.0,0.0,15794.9 MiB,3749.0 MiB,2022.3 MiB,10023.6 MiB,4096.0 MiB,3681.0 MiB,415.0 MiB,13131.3 MiB
4,Python 3.6.15,binarytrees_compatible_all.py 21,67,1694215819,1163867,python,1:18.84,19920,12800,5176,100.0,0.1,1,6,1:18,0,4,8120,0,8166,0,12800,310,2,278,30,0,13.5,0.8,0.0,85.0,0.8,0.0,0.0,0.0,15794.9 MiB,3749.0 MiB,2022.3 MiB,10023.6 MiB,4096.0 MiB,3681.0 MiB,415.0 MiB,13131.3 MiB
4,Python 3.6.15,binarytrees_compatible_all.py 21,68,1694215820,1163867,python,1:20.01,19920,12800,5176,93.8,0.1,1,2,1:20,0,4,8120,0,8178,0,12800,309,2,277,30,0,12.9,0.8,0.0,86.4,0.0,0.0,0.0,0.0,15794.9 MiB,3749.0 MiB,2022.3 MiB,10023.6 MiB,4096.0 MiB,3681.0 MiB,415.0 MiB,13131.3 MiB
4,Python 3.6.15,binarytrees_compatible_all.py 21,69,1694215821,1163867,python,1:21.19,20176,13056,5176,100.0,0.1,1,2,1:21,0,4,8376,0,8191,0,13056,309,2,277,30,0,12.3,0.8,0.0,86.9,0.0,0.0,0.0,0.0,15794.9 MiB,3749.0 MiB,2022.3 MiB,10023.6 MiB,4096.0 MiB,3681.0 MiB,415.0 MiB,13131.3 MiB
4,Python 3.6.15,binarytrees_compatible_all.py 21,70,1694215822,1163867,python,1:22.36,20176,13056,5176,100.0,0.1,1,2,1:22,0,4,8376,0,8203,0,13056,309,2,277,30,0,13.5,0.8,0.0,85.7,0.0,0.0,0.0,0.0,15794.9 MiB,3749.0 MiB,2022.3 MiB,10023.6 MiB,4096.0 MiB,3681.0 MiB,415.0 MiB,13131.3 MiB
4,Python 3.6.15,binarytrees_compatible_all.py 21,71,1694215823,1163867,python,1:23.54,20176,13056,5176,100.0,0.1,1,2,1:23,0,4,8376,0,8215,0,13056,309,2,277,30,0,12.9,0.8,0.0,86.4,0.0,0.0,0.0,0.0,15794.9 MiB,3749.3 MiB,2022.0 MiB,10023.6 MiB,4096.0 MiB,3681.0 MiB,415.0 MiB,13131.6 MiB
4,Python 3.6.15,binarytrees_compatible_all.py 21,72,1694215824,1163867,python,1:24.71,20176,13056,5176,100.0,0.1,1,2,1:24,0,4,8376,0,8227,0,13056,309,2,277,30,0,12.8,1.5,0.0,85.0,0.8,0.0,0.0,0.0,15794.9 MiB,3749.3 MiB,2022.0 MiB,10023.6 MiB,4096.0 MiB,3681.0 MiB,415.0 MiB,13131.6 MiB
4,Python 3.6.15,binarytrees_compatible_all.py 21,73,1694215826,1163867,python,1:25.89,20176,13056,5176,100.0,0.1,1,2,1:25,0,4,8376,0,8239,0,13056,309,2,277,30,0,13.5,0.8,0.0,85.7,0.0,0.0,0.0,0.0,15794.9 MiB,3749.3 MiB,2022.0 MiB,10023.6 MiB,4096.0 MiB,3681.0 MiB,415.0 MiB,13131.6 MiB
4,Python 3.6.15,binarytrees_compatible_all.py 21,74,1694215827,1163867,python,1:27.06,20432,13312,5176,100.0,0.1,1,2,1:27,0,4,8632,0,8252,0,13312,309,2,277,30,0,12.8,1.5,0.0,85.7,0.0,0.0,0.0,0.0,15794.9 MiB,3749.8 MiB,2021.5 MiB,10023.6 MiB,4096.0 MiB,3681.0 MiB,415.0 MiB,13132.1 MiB
4,Python 3.6.15,binarytrees_compatible_all.py 21,75,1694215828,1163867,python,1:28.24,20432,13312,5176,100.0,0.1,1,2,1:28,0,4,8632,0,8264,0,13312,309,2,277,30,0,13.4,0.7,0.0,85.8,0.0,0.0,0.0,0.0,15794.9 MiB,3748.8 MiB,2022.5 MiB,10023.6 MiB,4096.0 MiB,3681.0 MiB,415.0 MiB,13131.1 MiB
4,Python 3.6.15,binarytrees_compatible_all.py 21,76,1694215829,1163867,python,1:29.41,20432,13312,5176,100.0,0.1,1,2,1:29,0,4,8632,0,8277,0,13312,309,2,277,30,0,12.1,1.5,0.0,86.4,0.0,0.0,0.0,0.0,15794.9 MiB,3748.8 MiB,2022.5 MiB,10023.6 MiB,4096.0 MiB,3681.0 MiB,415.0 MiB,13131.1 MiB
4,Python 3.6.15,binarytrees_compatible_all.py 21,77,1694215830,1163867,python,1:30.59,20432,13312,5176,100.0,0.1,1,2,1:30,0,4,8632,0,8289,0,13312,309,2,277,30,0,13.4,1.5,0.0,85.1,0.0,0.0,0.0,0.0,15794.9 MiB,3748.3 MiB,2023.0 MiB,10023.6 MiB,4096.0 MiB,3681.0 MiB,415.0 MiB,13130.6 MiB
4,Python 3.6.15,binarytrees_compatible_all.py 21,78,1694215832,1163867,python,1:31.76,20432,13312,5176,100.0,0.1,1,2,1:31,0,4,8632,0,8301,0,13312,309,2,277,30,0,12.8,1.5,0.0,85.7,0.0,0.0,0.0,0.0,15794.9 MiB,3748.0 MiB,2023.2 MiB,10023.6 MiB,4096.0 MiB,3681.0 MiB,415.0 MiB,13130.4 MiB
4,Python 3.6.15,binarytrees_compatible_all.py 21,79,1694215833,1163867,python,1:32.93,20688,13568,5176,93.8,0.1,1,2,1:32,0,4,8888,0,8314,0,13568,309,2,277,30,0,13.4,1.5,0.0,85.1,0.0,0.0,0.0,0.0,15794.9 MiB,3747.5 MiB,2023.7 MiB,10023.6 MiB,4096.0 MiB,3681.0 MiB,415.0 MiB,13129.9 MiB
4,Python 3.6.15,binarytrees_compatible_all.py 21,80,1694215834,1163867,python,1:34.11,20688,13568,5176,100.0,0.1,1,2,1:34,0,4,8888,0,8326,0,13568,309,2,277,30,0,13.4,1.5,0.0,85.1,0.0,0.0,0.0,0.0,15794.9 MiB,3747.1 MiB,2024.2 MiB,10023.6 MiB,4096.0 MiB,3681.0 MiB,415.0 MiB,13129.4 MiB
4,Python 3.6.15,binarytrees_compatible_all.py 21,81,1694215835,1163867,python,1:35.29,20688,13568,5176,100.0,0.1,1,2,1:35,0,4,8888,0,8338,0,13568,309,2,277,30,0,13.4,1.5,0.0,85.1,0.0,0.0,0.0,0.0,15794.9 MiB,3747.3 MiB,2023.9 MiB,10023.6 MiB,4096.0 MiB,3681.0 MiB,415.0 MiB,13129.6 MiB
4,Python 3.6.15,binarytrees_compatible_all.py 21,82,1694215836,1163867,python,1:36.46,20688,13568,5176,100.0,0.1,1,2,1:36,0,4,8888,0,8350,0,13568,309,2,277,30,0,12.9,1.5,0.0,85.6,0.0,0.0,0.0,0.0,15794.9 MiB,3747.3 MiB,2023.9 MiB,10023.6 MiB,4096.0 MiB,3681.0 MiB,415.0 MiB,13129.6 MiB
4,Python 3.6.15,binarytrees_compatible_all.py 21,83,1694215837,1163867,python,1:37.64,20944,13824,5176,100.0,0.1,1,2,1:37,0,4,9144,0,8937,0,13824,309,2,277,30,0,14.3,0.8,0.0,85.0,0.0,0.0,0.0,0.0,15794.9 MiB,3746.8 MiB,2024.4 MiB,10023.6 MiB,4096.0 MiB,3681.0 MiB,415.0 MiB,13129.2 MiB
4,Python 3.6.15,binarytrees_compatible_all.py 21,84,1694215839,1163867,python,1:38.82,20944,13824,5176,100.0,0.1,1,2,1:38,0,4,9144,0,8937,0,13824,309,2,277,30,0,13.4,1.5,0.0,85.1,0.0,0.0,0.0,0.0,15794.9 MiB,3746.8 MiB,2024.4 MiB,10023.6 MiB,4096.0 MiB,3681.0 MiB,415.0 MiB,13129.2 MiB
4,Python 3.6.15,binarytrees_compatible_all.py 21,85,1694215840,1163867,python,1:39.99,20944,13824,5176,100.0,0.1,1,6,1:39,0,4,9144,0,8937,0,13824,309,2,277,30,0,12.9,0.8,0.0,86.4,0.0,0.0,0.0,0.0,15794.9 MiB,3746.8 MiB,2024.4 MiB,10023.6 MiB,4096.0 MiB,3681.0 MiB,415.0 MiB,13129.2 MiB
4,Python 3.6.15,binarytrees_compatible_all.py 21,86,1694215841,1163867,python,1:41.16,20944,13824,5176,93.8,0.1,1,6,1:41,0,4,9144,0,8937,0,13824,309,2,277,30,0,12.9,0.8,0.0,86.4,0.0,0.0,0.0,0.0,15794.9 MiB,3746.8 MiB,2024.4 MiB,10023.6 MiB,4096.0 MiB,3681.0 MiB,415.0 MiB,13129.2 MiB
4,Python 3.6.15,binarytrees_compatible_all.py 21,87,1694215842,1163867,python,1:42.34,20944,13824,5176,100.0,0.1,1,6,1:42,0,4,9144,0,8937,0,13824,309,2,277,30,0,12.8,1.5,0.0,85.7,0.0,0.0,0.0,0.0,15794.9 MiB,3746.8 MiB,2024.4 MiB,10023.7 MiB,4096.0 MiB,3681.0 MiB,415.0 MiB,13129.2 MiB
4,Python 3.6.15,binarytrees_compatible_all.py 21,88,1694215843,1163867,python,1:43.51,20944,13824,5176,93.8,0.1,1,6,1:43,0,4,9144,0,8937,0,13824,309,2,277,30,0,12.9,0.8,0.0,86.4,0.0,0.0,0.0,0.0,15794.9 MiB,3746.6 MiB,2024.6 MiB,10023.7 MiB,4096.0 MiB,3681.0 MiB,415.0 MiB,13129.0 MiB
4,Python 3.6.15,binarytrees_compatible_all.py 21,89,1694215844,1163867,python,1:44.69,20944,13824,5176,100.0,0.1,1,6,1:44,0,4,9144,0,8937,0,13824,309,2,277,30,0,12.7,1.5,0.0,85.8,0.0,0.0,0.0,0.0,15794.9 MiB,3746.1 MiB,2025.1 MiB,10023.7 MiB,4096.0 MiB,3681.0 MiB,415.0 MiB,13128.5 MiB
4,Python 3.6.15,binarytrees_compatible_all.py 21,90,1694215846,1163867,python,1:45.86,20944,13824,5176,93.8,0.1,1,6,1:45,0,4,9144,0,8937,0,13824,309,2,277,30,0,12.9,0.8,0.0,86.4,0.0,0.0,0.0,0.0,15794.9 MiB,3746.4 MiB,2024.9 MiB,10023.7 MiB,4096.0 MiB,3681.0 MiB,415.0 MiB,13128.7 MiB
4,Python 3.6.15,binarytrees_compatible_all.py 21,91,1694215847,1163867,python,1:47.04,20944,13824,5176,100.0,0.1,1,6,1:47,0,4,9144,0,8937,0,13824,309,2,277,30,0,12.2,0.8,0.0,87.0,0.0,0.0,0.0,0.0,15794.9 MiB,3746.1 MiB,2025.1 MiB,10023.7 MiB,4096.0 MiB,3681.0 MiB,415.0 MiB,13128.5 MiB
4,Python 3.6.15,binarytrees_compatible_all.py 21,92,1694215848,1163867,python,1:48.22,20944,13824,5176,100.0,0.1,1,6,1:48,0,4,9144,0,8937,0,13824,309,2,277,30,0,13.4,0.7,0.0,85.8,0.0,0.0,0.0,0.0,15794.9 MiB,3746.1 MiB,2025.1 MiB,10023.7 MiB,4096.0 MiB,3681.0 MiB,415.0 MiB,13128.5 MiB
4,Python 3.6.15,binarytrees_compatible_all.py 21,93,1694215849,1163867,python,1:49.39,20944,13824,5176,100.0,0.1,1,6,1:49,0,4,9144,0,8937,0,13824,309,2,277,30,0,12.9,0.8,0.0,86.4,0.0,0.0,0.0,0.0,15794.9 MiB,3746.1 MiB,2025.1 MiB,10023.7 MiB,4096.0 MiB,3681.0 MiB,415.0 MiB,13128.5 MiB
4,Python 3.6.15,binarytrees_compatible_all.py 21,94,1694215850,1163867,python,1:50.56,20944,13824,5176,93.8,0.1,1,6,1:50,0,4,9144,0,8937,0,13824,309,2,277,30,0,13.4,1.5,0.0,85.1,0.0,0.0,0.0,0.0,15794.9 MiB,3746.6 MiB,2024.6 MiB,10023.7 MiB,4096.0 MiB,3681.0 MiB,415.0 MiB,13129.0 MiB
4,Python 3.6.15,binarytrees_compatible_all.py 21,95,1694215852,1163867,python,1:51.74,20944,13824,5176,100.0,0.1,1,6,1:51,0,4,9144,0,8937,0,13824,309,2,277,30,0,13.5,1.5,0.0,85.0,0.0,0.0,0.0,0.0,15794.9 MiB,3747.4 MiB,2023.8 MiB,10023.7 MiB,4096.0 MiB,3681.0 MiB,415.0 MiB,13129.8 MiB
4,Python 3.6.15,binarytrees_compatible_all.py 21,96,1694215853,1163867,python,1:52.92,20944,13824,5176,100.0,0.1,1,6,1:52,0,4,9144,0,8937,0,13824,309,2,277,30,0,13.4,0.7,0.0,85.8,0.0,0.0,0.0,0.0,15794.9 MiB,3747.4 MiB,2023.8 MiB,10023.7 MiB,4096.0 MiB,3681.0 MiB,415.0 MiB,13129.8 MiB
4,Python 3.6.15,binarytrees_compatible_all.py 21,97,1694215854,1163867,python,1:54.09,20944,13824,5176,100.0,0.1,1,2,1:54,0,4,9144,0,8937,0,13824,309,2,277,30,0,13.4,0.7,0.0,85.8,0.0,0.0,0.0,0.0,15794.9 MiB,3747.6 MiB,2023.6 MiB,10023.7 MiB,4096.0 MiB,3681.0 MiB,415.0 MiB,13130.0 MiB
4,Python 3.6.15,binarytrees_compatible_all.py 21,98,1694215855,1163867,python,1:55.26,21200,14080,5176,93.8,0.1,1,2,1:55,0,4,9400,0,9008,0,14080,309,2,277,30,0,13.0,0.0,0.0,87.0,0.0,0.0,0.0,0.0,15794.9 MiB,3747.6 MiB,2023.6 MiB,10023.7 MiB,4096.0 MiB,3681.0 MiB,415.0 MiB,13130.0 MiB
4,Python 3.6.15,binarytrees_compatible_all.py 21,99,1694215856,1163867,python,1:56.44,21200,14080,5176,100.0,0.1,1,2,1:56,0,4,9400,0,9011,0,14080,309,2,277,30,0,12.9,0.8,0.0,86.4,0.0,0.0,0.0,0.0,15794.9 MiB,3747.6 MiB,2023.6 MiB,10023.7 MiB,4096.0 MiB,3681.0 MiB,415.0 MiB,13130.0 MiB
4,Python 3.6.15,binarytrees_compatible_all.py 21,100,1694215857,1163867,python,1:57.62,21200,14080,5176,100.0,0.1,1,2,1:57,0,4,9400,0,9014,0,14080,309,2,277,30,0,13.5,0.8,0.0,85.7,0.0,0.0,0.0,0.0,15794.9 MiB,3747.4 MiB,2023.8 MiB,10023.7 MiB,4096.0 MiB,3681.0 MiB,415.0 MiB,13129.8 MiB
4,Python 3.6.15,binarytrees_compatible_all.py 21,101,1694215859,1163867,python,1:58.79,21200,14080,5176,100.0,0.1,1,2,1:58,0,4,9400,0,9017,0,14080,309,2,277,30,0,12.9,1.5,0.0,85.6,0.0,0.0,0.0,0.0,15794.9 MiB,3746.9 MiB,2024.3 MiB,10023.7 MiB,4096.0 MiB,3681.0 MiB,415.0 MiB,13129.3 MiB
4,Python 3.6.15,binarytrees_compatible_all.py 21,102,1694215860,1163867,python,1:59.96,21200,14080,5176,93.8,0.1,1,2,1:59,0,4,9400,0,9020,0,14080,309,2,277,30,0,12.7,1.5,0.0,85.8,0.0,0.0,0.0,0.0,15794.9 MiB,3746.6 MiB,2024.6 MiB,10023.6 MiB,4096.0 MiB,3681.0 MiB,415.0 MiB,13129.0 MiB
4,Python 3.6.15,binarytrees_compatible_all.py 21,103,1694215861,1163867,python,2:01.14,21200,14080,5176,100.0,0.1,1,2,2:01,0,4,9400,0,9023,0,14080,309,2,277,30,0,13.4,0.7,0.0,85.8,0.0,0.0,0.0,0.0,15794.9 MiB,3746.6 MiB,2024.6 MiB,10023.6 MiB,4096.0 MiB,3681.0 MiB,415.0 MiB,13129.0 MiB
4,Python 3.6.15,binarytrees_compatible_all.py 21,104,1694215862,1163867,python,2:02.32,21200,14080,5176,100.0,0.1,1,2,2:02,0,4,9400,0,9026,0,14080,309,2,277,30,0,12.8,1.5,0.0,85.7,0.0,0.0,0.0,0.0,15794.9 MiB,3746.6 MiB,2024.6 MiB,10023.6 MiB,4096.0 MiB,3681.0 MiB,415.0 MiB,13129.0 MiB
4,Python 3.6.15,binarytrees_compatible_all.py 21,105,1694215863,1163867,python,2:03.49,25552,18432,5176,100.0,0.1,1,2,2:03,0,4,13752,0,16k,0,18432,309,2,277,30,0,12.9,0.8,0.0,86.4,0.0,0.0,0.0,0.0,15794.9 MiB,3742.7 MiB,2028.5 MiB,10023.6 MiB,4096.0 MiB,3681.0 MiB,415.0 MiB,13125.1 MiB
4,Python 3.6.15,binarytrees_compatible_all.py 21,106,1694215864,1163867,python,2:04.67,25552,18432,5176,100.0,0.1,1,2,2:04,0,4,13752,0,16k,0,18432,309,2,277,30,0,12.7,1.5,0.0,85.8,0.0,0.0,0.0,0.0,15794.9 MiB,3742.7 MiB,2028.5 MiB,10023.6 MiB,4096.0 MiB,3681.0 MiB,415.0 MiB,13125.1 MiB
4,Python 3.6.15,binarytrees_compatible_all.py 21,107,1694215866,1163867,python,2:05.84,25552,18432,5176,100.0,0.1,1,2,2:05,0,4,13752,0,16k,0,18432,309,2,277,30,0,12.9,1.5,0.0,85.6,0.0,0.0,0.0,0.0,15794.9 MiB,3742.7 MiB,2028.5 MiB,10023.7 MiB,4096.0 MiB,3681.0 MiB,415.0 MiB,13125.1 MiB
4,Python 3.6.15,binarytrees_compatible_all.py 21,108,1694215867,1163867,python,2:07.01,25552,18432,5176,100.0,0.1,1,2,2:07,0,4,13752,0,16k,0,18432,309,2,277,30,0,12.1,0.8,0.0,87.1,0.0,0.0,0.0,0.0,15794.9 MiB,3742.7 MiB,2028.5 MiB,10023.7 MiB,4096.0 MiB,3681.0 MiB,415.0 MiB,13125.1 MiB
4,Python 3.6.15,binarytrees_compatible_all.py 21,109,1694215868,1163867,python,2:08.19,25552,18432,5176,100.0,0.1,1,2,2:08,0,4,13752,0,16k,0,18432,309,2,277,30,0,12.9,0.8,0.0,86.4,0.0,0.0,0.0,0.0,15794.9 MiB,3742.9 MiB,2028.3 MiB,10023.7 MiB,4096.0 MiB,3681.0 MiB,415.0 MiB,13125.4 MiB
4,Python 3.6.15,binarytrees_compatible_all.py 21,110,1694215869,1163867,python,2:09.36,25552,18432,5176,100.0,0.1,1,2,2:09,0,4,13752,0,16k,0,18432,309,2,277,30,0,13.3,1.5,0.0,85.2,0.0,0.0,0.0,0.0,15794.9 MiB,3742.4 MiB,2028.8 MiB,10023.7 MiB,4096.0 MiB,3681.0 MiB,415.0 MiB,13124.9 MiB
4,Python 3.6.15,binarytrees_compatible_all.py 21,111,1694215870,1163867,python,2:10.54,25552,18432,5176,100.0,0.1,1,2,2:10,0,4,13752,0,16k,0,18432,309,2,277,30,0,12.8,1.5,0.0,85.7,0.0,0.0,0.0,0.0,15794.9 MiB,3742.4 MiB,2028.8 MiB,10023.7 MiB,4096.0 MiB,3681.0 MiB,415.0 MiB,13124.9 MiB
4,Python 3.6.15,binarytrees_compatible_all.py 21,112,1694215871,1163867,python,2:11.71,25552,18432,5176,93.8,0.1,1,2,2:11,0,4,13752,0,16k,0,18432,309,2,277,30,0,12.2,0.8,0.0,86.3,0.8,0.0,0.0,0.0,15794.9 MiB,3742.4 MiB,2028.8 MiB,10023.7 MiB,4096.0 MiB,3681.0 MiB,415.0 MiB,13124.9 MiB
4,Python 3.6.15,binarytrees_compatible_all.py 21,113,1694215873,1163867,python,2:12.89,25552,18432,5176,100.0,0.1,1,2,2:12,0,4,13752,0,16k,0,18432,309,2,277,30,0,12.2,1.5,0.0,86.3,0.0,0.0,0.0,0.0,15794.9 MiB,3742.2 MiB,2029.0 MiB,10023.7 MiB,4096.0 MiB,3681.0 MiB,415.0 MiB,13124.7 MiB
4,Python 3.6.15,binarytrees_compatible_all.py 21,114,1694215874,1163867,python,2:14.06,25552,18432,5176,93.8,0.1,1,2,2:14,0,4,13752,0,16k,0,18432,309,2,277,30,0,13.5,0.8,0.0,85.7,0.0,0.0,0.0,0.0,15794.9 MiB,3742.0 MiB,2029.2 MiB,10023.7 MiB,4096.0 MiB,3681.0 MiB,415.0 MiB,13124.4 MiB
4,Python 3.6.15,binarytrees_compatible_all.py 21,115,1694215875,1163867,python,2:15.24,25552,18432,5176,100.0,0.1,1,2,2:15,0,4,13752,0,16k,0,18432,309,2,277,30,0,12.9,0.8,0.0,86.4,0.0,0.0,0.0,0.0,15794.9 MiB,3741.7 MiB,2029.5 MiB,10023.7 MiB,4096.0 MiB,3681.0 MiB,415.0 MiB,13124.2 MiB
4,Python 3.6.15,binarytrees_compatible_all.py 21,116,1694215876,1163867,python,2:16.42,25552,18432,5176,100.0,0.1,1,2,2:16,0,4,13752,0,16k,0,18432,309,2,277,30,0,13.5,0.8,0.0,85.7,0.0,0.0,0.0,0.0,15794.9 MiB,3741.7 MiB,2029.5 MiB,10023.7 MiB,4096.0 MiB,3681.0 MiB,415.0 MiB,13124.2 MiB
4,Python 3.6.15,binarytrees_compatible_all.py 21,117,1694215877,1163867,python,2:17.59,25552,18432,5176,100.0,0.1,1,2,2:17,0,4,13752,0,16k,0,18432,309,2,277,30,0,12.8,1.5,0.0,85.7,0.0,0.0,0.0,0.0,15794.9 MiB,3741.7 MiB,2029.5 MiB,10023.7 MiB,4096.0 MiB,3681.0 MiB,415.0 MiB,13124.2 MiB
4,Python 3.6.15,binarytrees_compatible_all.py 21,118,1694215879,1163867,python,2:18.76,25552,18432,5176,93.8,0.1,1,2,2:18,0,4,13752,0,16k,0,18432,309,3,276,30,0,12.9,0.8,0.0,86.4,0.0,0.0,0.0,0.0,15794.9 MiB,3741.7 MiB,2029.5 MiB,10023.7 MiB,4096.0 MiB,3681.0 MiB,415.0 MiB,13124.2 MiB
4,Python 3.6.15,binarytrees_compatible_all.py 21,119,1694215880,1163867,python,2:19.94,25552,18432,5176,100.0,0.1,1,2,2:19,0,4,13752,0,16k,0,18432,309,2,277,30,0,12.9,0.8,0.0,86.4,0.0,0.0,0.0,0.0,15794.9 MiB,3741.7 MiB,2029.5 MiB,10023.7 MiB,4096.0 MiB,3681.0 MiB,415.0 MiB,13124.2 MiB
4,Python 3.6.15,binarytrees_compatible_all.py 21,120,1694215881,1163867,python,2:21.12,25552,18432,5176,100.0,0.1,1,2,2:21,0,4,13752,0,16k,0,18432,309,2,277,30,0,12.7,1.5,0.0,85.8,0.0,0.0,0.0,0.0,15794.9 MiB,3741.5 MiB,2029.7 MiB,10023.7 MiB,4096.0 MiB,3681.0 MiB,415.0 MiB,13123.9 MiB
4,Python 3.6.15,binarytrees_compatible_all.py 21,121,1694215882,1163867,python,2:22.29,25552,18432,5176,100.0,0.1,1,6,2:22,0,4,13752,0,16k,0,18432,309,2,277,30,0,12.8,0.8,0.0,86.5,0.0,0.0,0.0,0.0,15794.9 MiB,3741.5 MiB,2029.7 MiB,10023.7 MiB,4096.0 MiB,3681.0 MiB,415.0 MiB,13123.9 MiB
4,Python 3.6.15,binarytrees_compatible_all.py 21,122,1694215883,1163867,python,2:23.46,25552,18432,5176,93.8,0.1,1,6,2:23,0,4,13752,0,16k,0,18432,309,2,277,30,0,12.8,1.5,0.0,85.7,0.0,0.0,0.0,0.0,15794.9 MiB,3741.5 MiB,2029.7 MiB,10023.7 MiB,4096.0 MiB,3681.0 MiB,415.0 MiB,13123.9 MiB
4,Python 3.6.15,binarytrees_compatible_all.py 21,123,1694215884,1163867,python,2:24.64,25552,18432,5176,100.0,0.1,1,2,2:24,0,4,13752,0,16k,0,18432,309,2,277,30,0,12.7,1.5,0.0,85.8,0.0,0.0,0.0,0.0,15794.9 MiB,3741.5 MiB,2029.7 MiB,10023.7 MiB,4096.0 MiB,3681.0 MiB,415.0 MiB,13123.9 MiB
4,Python 3.6.15,binarytrees_compatible_all.py 21,124,1694215886,1163867,python,2:25.82,25552,18432,5176,100.0,0.1,1,2,2:25,0,4,13752,0,16k,0,18432,309,2,277,30,0,12.7,1.5,0.0,85.8,0.0,0.0,0.0,0.0,15794.9 MiB,3742.0 MiB,2029.2 MiB,10023.7 MiB,4096.0 MiB,3681.0 MiB,415.0 MiB,13124.4 MiB
4,Python 3.6.15,binarytrees_compatible_all.py 21,125,1694215887,1163867,python,2:26.99,25552,18432,5176,100.0,0.1,1,2,2:26,0,4,13752,0,16k,0,18432,309,2,277,30,0,12.9,0.8,0.0,86.4,0.0,0.0,0.0,0.0,15794.9 MiB,3741.7 MiB,2029.5 MiB,10023.7 MiB,4096.0 MiB,3681.0 MiB,415.0 MiB,13124.2 MiB
4,Python 3.6.15,binarytrees_compatible_all.py 21,126,1694215888,1163867,python,2:28.17,25552,18432,5176,100.0,0.1,1,2,2:28,0,4,13752,0,16k,0,18432,309,2,277,30,0,13.4,1.5,0.0,85.1,0.0,0.0,0.0,0.0,15794.9 MiB,3741.5 MiB,2029.7 MiB,10023.7 MiB,4096.0 MiB,3681.0 MiB,415.0 MiB,13123.9 MiB
4,Python 3.6.15,binarytrees_compatible_all.py 21,127,1694215889,1163867,python,2:29.34,35024,27996,5176,100.0,0.2,1,2,2:29,0,4,23224,0,43k,0,27996,309,2,277,30,0,12.8,1.5,0.0,85.7,0.0,0.0,0.0,0.0,15794.9 MiB,3724.0 MiB,2047.2 MiB,10023.7 MiB,4096.0 MiB,3681.0 MiB,415.0 MiB,13106.5 MiB
4,Python 3.6.15,binarytrees_compatible_all.py 21,128,1694215890,1163867,python,2:30.52,40656,33512,5176,100.0,0.2,1,2,2:30,0,4,28856,0,91k,0,33512,309,2,277,30,0,13.5,0.8,0.0,85.7,0.0,0.0,0.0,0.0,15794.9 MiB,3723.8 MiB,2047.4 MiB,10023.7 MiB,4096.0 MiB,3681.0 MiB,415.0 MiB,13106.2 MiB
4,Python 3.6.15,binarytrees_compatible_all.py 21,129,1694215891,1163867,python,2:31.69,38608,31580,5176,100.0,0.2,1,2,2:31,0,4,26808,0,124k,0,31580,309,2,277,30,0,12.8,0.8,0.0,86.5,0.0,0.0,0.0,0.0,15794.9 MiB,3724.0 MiB,2047.2 MiB,10023.7 MiB,4096.0 MiB,3681.0 MiB,415.0 MiB,13106.5 MiB
4,Python 3.6.15,binarytrees_compatible_all.py 21,130,1694215893,1163867,python,2:32.87,41424,34396,5176,100.0,0.2,1,2,2:32,0,4,29624,0,143k,0,34396,309,2,277,30,0,13.3,1.5,0.0,85.2,0.0,0.0,0.0,0.0,15794.9 MiB,3724.2 MiB,2046.9 MiB,10023.7 MiB,4096.0 MiB,3681.0 MiB,415.0 MiB,13106.7 MiB
4,Python 3.6.15,binarytrees_compatible_all.py 21,131,1694215894,1163867,python,2:34.05,44496,37376,5176,100.0,0.2,1,2,2:34,0,4,32696,0,149k,0,37376,309,2,277,30,0,13.5,0.8,0.0,85.7,0.0,0.0,0.0,0.0,15794.9 MiB,3723.8 MiB,2047.4 MiB,10023.7 MiB,4096.0 MiB,3681.0 MiB,415.0 MiB,13106.3 MiB
4,Python 3.6.15,binarytrees_compatible_all.py 21,132,1694215895,1163867,python,2:35.22,44496,37376,5176,100.0,0.2,1,2,2:35,0,4,32696,0,149k,0,37376,309,2,277,30,0,12.8,1.5,0.0,85.7,0.0,0.0,0.0,0.0,15794.9 MiB,3723.5 MiB,2047.6 MiB,10023.7 MiB,4096.0 MiB,3681.0 MiB,415.0 MiB,13106.0 MiB
4,Python 3.6.15,binarytrees_compatible_all.py 21,133,1694215896,1163867,python,2:36.39,44496,37376,5176,100.0,0.2,1,2,2:36,0,4,32696,0,149k,0,37376,309,2,277,30,0,12.9,0.0,0.0,87.1,0.0,0.0,0.0,0.0,15794.9 MiB,3723.0 MiB,2048.1 MiB,10023.7 MiB,4096.0 MiB,3681.0 MiB,415.0 MiB,13105.5 MiB
4,Python 3.6.15,binarytrees_compatible_all.py 21,134,1694215897,1163867,python,2:37.57,44496,37376,5176,100.0,0.2,1,2,2:37,0,4,32696,0,149k,0,37376,309,2,277,30,0,13.2,2.9,0.0,83.8,0.0,0.0,0.0,0.0,15794.9 MiB,3724.5 MiB,2046.6 MiB,10023.7 MiB,4096.0 MiB,3681.0 MiB,415.0 MiB,13107.0 MiB
4,Python 3.6.15,binarytrees_compatible_all.py 21,135,1694215899,1163867,python,2:38.75,44496,37376,5176,100.0,0.2,1,2,2:38,0,4,32696,0,149k,0,37376,309,2,277,30,0,13.4,1.5,0.0,85.1,0.0,0.0,0.0,0.0,15794.9 MiB,3724.0 MiB,2047.1 MiB,10023.7 MiB,4096.0 MiB,3681.0 MiB,415.0 MiB,13106.5 MiB
4,Python 3.6.15,binarytrees_compatible_all.py 21,136,1694215900,1163867,python,2:39.92,44496,37376,5176,100.0,0.2,1,2,2:39,0,4,32696,0,149k,0,37376,309,2,277,30,0,13.5,0.8,0.0,85.7,0.0,0.0,0.0,0.0,15794.9 MiB,3722.8 MiB,2048.4 MiB,10023.7 MiB,4096.0 MiB,3681.0 MiB,415.0 MiB,13105.3 MiB
4,Python 3.6.15,binarytrees_compatible_all.py 21,137,1694215901,1163867,python,2:41.09,44496,37376,5176,100.0,0.2,1,2,2:41,0,4,32696,0,149k,0,37376,309,2,277,30,0,12.9,0.8,0.0,86.4,0.0,0.0,0.0,0.0,15794.9 MiB,3722.3 MiB,2048.8 MiB,10023.7 MiB,4096.0 MiB,3681.0 MiB,415.0 MiB,13104.8 MiB
4,Python 3.6.15,binarytrees_compatible_all.py 21,138,1694215902,1163867,python,2:42.27,44496,37376,5176,100.0,0.2,1,2,2:42,0,4,32696,0,149k,0,37376,309,2,277,30,0,12.8,1.5,0.0,85.7,0.0,0.0,0.0,0.0,15794.9 MiB,3723.0 MiB,2048.1 MiB,10023.7 MiB,4096.0 MiB,3681.0 MiB,415.0 MiB,13105.5 MiB
4,Python 3.6.15,binarytrees_compatible_all.py 21,139,1694215903,1163867,python,2:43.45,44496,37376,5176,100.0,0.2,1,2,2:43,0,4,32696,0,149k,0,37376,309,2,277,30,0,13.3,1.5,0.0,85.2,0.0,0.0,0.0,0.0,15794.9 MiB,3722.8 MiB,2048.3 MiB,10023.7 MiB,4096.0 MiB,3681.0 MiB,415.0 MiB,13105.3 MiB
4,Python 3.6.15,binarytrees_compatible_all.py 21,140,1694215904,1163867,python,2:44.62,44496,37376,5176,100.0,0.2,1,2,2:44,0,4,32696,0,149k,0,37376,309,2,277,30,0,12.8,1.5,0.0,85.7,0.0,0.0,0.0,0.0,15794.9 MiB,3722.8 MiB,2048.3 MiB,10023.7 MiB,4096.0 MiB,3681.0 MiB,415.0 MiB,13105.3 MiB
4,Python 3.6.15,binarytrees_compatible_all.py 21,141,1694215906,1163867,python,2:45.79,44496,37376,5176,100.0,0.2,1,2,2:45,0,4,32696,0,149k,0,37376,309,2,277,30,0,12.9,0.8,0.0,86.4,0.0,0.0,0.0,0.0,15794.9 MiB,3722.8 MiB,2048.3 MiB,10023.7 MiB,4096.0 MiB,3681.0 MiB,415.0 MiB,13105.3 MiB
4,Python 3.6.15,binarytrees_compatible_all.py 21,142,1694215907,1163867,python,2:46.97,44496,37376,5176,100.0,0.2,1,2,2:46,0,4,32696,0,149k,0,37376,309,2,277,30,0,12.8,1.5,0.0,85.7,0.0,0.0,0.0,0.0,15794.9 MiB,3722.8 MiB,2048.3 MiB,10023.7 MiB,4096.0 MiB,3681.0 MiB,415.0 MiB,13105.3 MiB
4,Python 3.6.15,binarytrees_compatible_all.py 21,143,1694215908,1163867,python,2:48.15,44496,37376,5176,100.0,0.2,1,2,2:48,0,4,32696,0,149k,0,37376,309,2,277,30,0,14.2,0.7,0.0,85.1,0.0,0.0,0.0,0.0,15794.9 MiB,3722.8 MiB,2048.3 MiB,10023.8 MiB,4096.0 MiB,3681.0 MiB,415.0 MiB,13105.3 MiB
4,Python 3.6.15,binarytrees_compatible_all.py 21,144,1694215909,1163867,python,2:49.32,44496,37376,5176,100.0,0.2,1,2,2:49,0,4,32696,0,149k,0,37376,309,2,277,30,0,13.3,2.2,0.0,84.4,0.0,0.0,0.0,0.0,15794.9 MiB,3722.8 MiB,2048.3 MiB,10023.8 MiB,4096.0 MiB,3681.0 MiB,415.0 MiB,13105.3 MiB
4,Python 3.6.15,binarytrees_compatible_all.py 21,145,1694215910,1163867,python,2:50.49,44496,37376,5176,100.0,0.2,1,2,2:50,0,4,32696,0,149k,0,37376,309,2,277,30,0,12.8,1.5,0.0,85.7,0.0,0.0,0.0,0.0,15794.9 MiB,3722.8 MiB,2048.3 MiB,10023.8 MiB,4096.0 MiB,3681.0 MiB,415.0 MiB,13105.3 MiB
4,Python 3.6.15,binarytrees_compatible_all.py 21,146,1694215911,1163867,python,2:51.67,44496,37376,5176,100.0,0.2,1,2,2:51,0,4,32696,0,149k,0,37376,309,2,277,30,0,14.0,1.5,0.0,84.6,0.0,0.0,0.0,0.0,15794.9 MiB,3723.0 MiB,2048.1 MiB,10023.8 MiB,4096.0 MiB,3681.0 MiB,415.0 MiB,13105.6 MiB
4,Python 3.6.15,binarytrees_compatible_all.py 21,147,1694215913,1163867,python,2:52.85,44496,37376,5176,100.0,0.2,1,2,2:52,0,4,32696,0,149k,0,37376,309,2,277,30,0,13.5,0.8,0.0,85.7,0.0,0.0,0.0,0.0,15794.9 MiB,3723.3 MiB,2047.8 MiB,10023.8 MiB,4096.0 MiB,3681.0 MiB,415.0 MiB,13105.8 MiB
4,Python 3.6.15,binarytrees_compatible_all.py 21,148,1694215914,1163867,python,2:54.02,44496,37376,5176,100.0,0.2,1,2,2:54,0,4,32696,0,149k,0,37376,309,2,277,30,0,12.8,1.5,0.0,85.7,0.0,0.0,0.0,0.0,15794.9 MiB,3722.5 MiB,2048.6 MiB,10023.8 MiB,4096.0 MiB,3681.0 MiB,415.0 MiB,13105.1 MiB
4,Python 3.6.15,binarytrees_compatible_all.py 21,149,1694215915,1163867,python,2:55.19,44496,37376,5176,100.0,0.2,1,2,2:55,0,4,32696,0,149k,0,37376,309,2,277,30,0,12.9,0.8,0.0,86.4,0.0,0.0,0.0,0.0,15794.9 MiB,3722.3 MiB,2048.8 MiB,10023.8 MiB,4096.0 MiB,3681.0 MiB,415.0 MiB,13104.8 MiB
4,Python 3.6.15,binarytrees_compatible_all.py 21,150,1694215916,1163867,python,2:56.37,114896,107776,5176,100.0,0.7,1,2,2:56,0,4,103096,0,195k,0,107776,309,2,277,30,0,13.3,2.2,0.0,84.4,0.0,0.0,0.0,0.0,15794.9 MiB,3656.8 MiB,2114.3 MiB,10023.8 MiB,4096.0 MiB,3681.0 MiB,415.0 MiB,13039.4 MiB
4,Python 3.6.15,binarytrees_compatible_all.py 21,151,1694215917,1163867,python,2:57.54,70608,63668,5176,100.0,0.4,1,2,2:57,0,4,58808,0,256k,0,63668,309,2,277,30,0,12.2,1.5,0.0,85.5,0.8,0.0,0.0,0.0,15794.9 MiB,3687.8 MiB,2083.3 MiB,10023.8 MiB,4096.0 MiB,3681.0 MiB,415.0 MiB,13070.4 MiB
4,Python 3.6.15,binarytrees_compatible_all.py 21,152,1694215918,1163867,python,2:58.71,73424,66484,5176,93.8,0.4,1,2,2:58,0,4,61624,0,314k,0,66484,309,2,277,30,0,12.9,0.8,0.0,86.4,0.0,0.0,0.0,0.0,15794.9 MiB,3684.5 MiB,2086.6 MiB,10023.8 MiB,4096.0 MiB,3681.0 MiB,415.0 MiB,13067.1 MiB
4,Python 3.6.15,binarytrees_compatible_all.py 21,153,1694215920,1163867,python,2:59.89,86736,79728,5176,100.0,0.5,1,2,2:59,0,4,74936,0,375k,0,79728,309,2,277,30,0,12.2,0.8,0.0,87.0,0.0,0.0,0.0,0.0,15794.9 MiB,3683.6 MiB,2087.4 MiB,10023.8 MiB,4096.0 MiB,3681.0 MiB,415.0 MiB,13066.2 MiB
4,Python 3.6.15,binarytrees_compatible_all.py 21,154,1694215921,1163867,python,3:01.08,109520,102344,5176,100.0,0.6,1,2,3:01,0,4,97720,0,437k,0,102344,309,2,277,30,0,11.4,2.9,0.0,85.7,0.0,0.0,0.0,0.0,15794.9 MiB,3661.7 MiB,2109.3 MiB,10023.8 MiB,4096.0 MiB,3681.0 MiB,415.0 MiB,13044.3 MiB
4,Python 3.6.15,binarytrees_compatible_all.py 21,155,1694215922,1163867,python,3:02.25,75472,68532,5176,100.0,0.4,1,2,3:02,0,4,63672,0,496k,0,68532,309,2,277,30,0,12.8,1.5,0.0,85.7,0.0,0.0,0.0,0.0,15794.9 MiB,3682.7 MiB,2088.4 MiB,10023.8 MiB,4096.0 MiB,3681.0 MiB,415.0 MiB,13065.3 MiB
4,Python 3.6.15,binarytrees_compatible_all.py 21,156,1694215923,1163867,python,3:03.43,73936,66996,5176,100.0,0.4,1,2,3:03,0,4,62136,0,550k,0,66996,309,2,277,30,0,11.3,2.3,0.0,86.5,0.0,0.0,0.0,0.0,15794.9 MiB,3684.3 MiB,2086.8 MiB,10023.8 MiB,4096.0 MiB,3681.0 MiB,415.0 MiB,13066.8 MiB
4,Python 3.6.15,binarytrees_compatible_all.py 21,157,1694215924,1163867,python,3:04.60,90832,83800,5176,93.8,0.5,1,2,3:04,0,4,79032,0,608k,0,83800,309,2,277,30,0,12.0,2.3,0.0,85.7,0.0,0.0,0.0,0.0,15794.9 MiB,3679.7 MiB,2091.4 MiB,10023.8 MiB,4096.0 MiB,3681.0 MiB,415.0 MiB,13062.3 MiB
4,Python 3.6.15,binarytrees_compatible_all.py 21,158,1694215926,1163867,python,3:05.78,115920,108664,5176,100.0,0.7,1,2,3:05,0,4,104120,0,668k,0,108664,309,2,277,30,0,12.0,1.5,0.0,86.5,0.0,0.0,0.0,0.0,15794.9 MiB,3656.3 MiB,2114.7 MiB,10023.8 MiB,4096.0 MiB,3681.0 MiB,415.0 MiB,13038.9 MiB
4,Python 3.6.15,binarytrees_compatible_all.py 21,159,1694215927,1163867,python,3:06.95,75984,69044,5176,93.8,0.4,1,2,3:06,0,4,64184,0,721k,0,69044,309,2,277,30,0,12.0,2.3,0.0,85.7,0.0,0.0,0.0,0.0,15794.9 MiB,3684.7 MiB,2086.4 MiB,10023.8 MiB,4096.0 MiB,3681.0 MiB,415.0 MiB,13067.3 MiB
4,Python 3.6.15,binarytrees_compatible_all.py 21,160,1694215928,1163867,python,3:08.12,78800,71860,5176,100.0,0.4,1,2,3:08,0,4,67000,0,774k,0,71860,309,2,277,30,0,13.5,1.5,0.0,85.0,0.0,0.0,0.0,0.0,15794.9 MiB,3682.1 MiB,2088.9 MiB,10023.8 MiB,4096.0 MiB,3681.0 MiB,415.0 MiB,13064.7 MiB
4,Python 3.6.15,binarytrees_compatible_all.py 21,161,1694215929,1163867,python,3:09.30,103376,96192,5176,93.8,0.6,1,2,3:09,0,4,91576,0,831k,0,96192,309,2,277,30,0,12.0,1.5,0.0,86.5,0.0,0.0,0.0,0.0,15794.9 MiB,3670.4 MiB,2100.7 MiB,10023.8 MiB,4096.0 MiB,3681.0 MiB,415.0 MiB,13053.0 MiB
4,Python 3.6.15,binarytrees_compatible_all.py 21,162,1694215930,1163867,python,3:10.47,78032,71092,5176,93.8,0.4,1,2,3:10,0,4,66232,0,884k,0,71092,309,2,277,30,0,12.1,1.5,0.0,86.4,0.0,0.0,0.0,0.0,15794.9 MiB,3667.7 MiB,2103.4 MiB,10023.8 MiB,4096.0 MiB,3681.0 MiB,415.0 MiB,13050.3 MiB
4,Python 3.6.15,binarytrees_compatible_all.py 21,163,1694215931,1163867,python,3:11.65,80848,73908,5176,93.8,0.5,1,2,3:11,0,4,69048,0,934k,0,73908,309,2,277,30,0,11.3,3.0,0.0,85.7,0.0,0.0,0.0,0.0,15794.9 MiB,3679.7 MiB,2091.3 MiB,10023.8 MiB,4096.0 MiB,3681.0 MiB,415.0 MiB,13062.3 MiB
4,Python 3.6.15,binarytrees_compatible_all.py 21,164,1694215933,1163867,python,3:12.83,91088,83984,5176,100.0,0.5,1,2,3:12,0,4,79288,0,985k,0,83984,309,2,277,30,0,12.9,0.8,0.0,86.4,0.0,0.0,0.0,0.0,15794.9 MiB,3680.9 MiB,2090.2 MiB,10023.8 MiB,4096.0 MiB,3681.0 MiB,415.0 MiB,13063.5 MiB
4,Python 3.6.15,binarytrees_compatible_all.py 21,165,1694215934,1163867,python,3:14.00,115152,107956,5176,100.0,0.7,1,2,3:14,0,4,103352,0,1.0m,0,107956,309,2,277,30,0,13.5,0.8,0.0,85.7,0.0,0.0,0.0,0.0,15794.9 MiB,3652.6 MiB,2118.4 MiB,10023.8 MiB,4096.0 MiB,3681.0 MiB,415.0 MiB,13035.2 MiB
4,Python 3.6.15,binarytrees_compatible_all.py 21,166,1694215935,1163867,python,3:15.17,82896,75956,5176,93.8,0.5,1,2,3:15,0,4,71096,0,1.1m,0,75956,309,2,277,30,0,12.0,1.5,0.0,86.5,0.0,0.0,0.0,0.0,15794.9 MiB,3677.3 MiB,2093.7 MiB,10023.8 MiB,4096.0 MiB,3681.0 MiB,415.0 MiB,13060.0 MiB
4,Python 3.6.15,binarytrees_compatible_all.py 21,167,1694215936,1163867,python,3:16.36,90320,83392,5176,100.0,0.5,1,2,3:16,0,4,78520,0,1.1m,0,83392,309,2,277,30,0,12.1,1.5,0.0,86.4,0.0,0.0,0.0,0.0,15794.9 MiB,3678.9 MiB,2092.2 MiB,10023.8 MiB,4096.0 MiB,3681.0 MiB,415.0 MiB,13061.5 MiB
4,Python 3.6.15,binarytrees_compatible_all.py 21,168,1694215937,1163867,python,3:17.52,118224,111284,5176,93.8,0.7,1,2,3:17,0,4,106424,0,1.2m,0,111284,309,2,277,30,0,12.8,1.5,0.0,85.7,0.0,0.0,0.0,0.0,15794.9 MiB,3652.9 MiB,2118.2 MiB,10023.8 MiB,4096.0 MiB,3681.0 MiB,415.0 MiB,13035.5 MiB
4,Python 3.6.15,binarytrees_compatible_all.py 21,169,1694215938,1163867,python,3:18.70,84944,78004,5176,100.0,0.5,1,2,3:18,0,4,73144,0,1.2m,0,78004,309,2,277,30,0,13.5,1.5,0.0,85.0,0.0,0.0,0.0,0.0,15794.9 MiB,3675.1 MiB,2096.0 MiB,10023.8 MiB,4096.0 MiB,3681.0 MiB,415.0 MiB,13057.7 MiB
4,Python 3.6.15,binarytrees_compatible_all.py 21,170,1694215940,1163867,python,3:19.87,89040,81744,5176,93.8,0.5,1,2,3:19,0,4,77240,0,1.2m,0,81744,309,2,277,30,0,12.9,0.8,0.0,86.4,0.0,0.0,0.0,0.0,15794.9 MiB,3676.6 MiB,2094.5 MiB,10023.8 MiB,4096.0 MiB,3681.0 MiB,415.0 MiB,13059.2 MiB
4,Python 3.6.15,binarytrees_compatible_all.py 21,171,1694215941,1163867,python,3:21.05,111568,104628,5176,93.8,0.6,1,2,3:21,0,4,99768,0,1.3m,0,104628,309,2,277,30,0,13.3,2.2,0.0,84.4,0.0,0.0,0.0,0.0,15794.9 MiB,3650.4 MiB,2120.6 MiB,10023.8 MiB,4096.0 MiB,3681.0 MiB,415.0 MiB,13033.0 MiB
4,Python 3.6.15,binarytrees_compatible_all.py 21,172,1694215942,1163867,python,3:22.22,86992,80052,5176,93.8,0.5,1,2,3:22,0,4,75192,0,1.3m,0,80052,309,2,277,30,0,12.9,0.8,0.0,86.4,0.0,0.0,0.0,0.0,15794.9 MiB,3677.0 MiB,2094.0 MiB,10023.8 MiB,4096.0 MiB,3681.0 MiB,415.0 MiB,13059.6 MiB
4,Python 3.6.15,binarytrees_compatible_all.py 21,173,1694215943,1163867,python,3:23.40,91856,84848,5176,93.8,0.5,1,2,3:23,0,4,80056,0,1.4m,0,84848,309,2,277,30,0,12.9,0.8,0.0,86.4,0.0,0.0,0.0,0.0,15794.9 MiB,3678.0 MiB,2093.0 MiB,10023.8 MiB,4096.0 MiB,3681.0 MiB,415.0 MiB,13060.6 MiB
4,Python 3.6.15,binarytrees_compatible_all.py 21,174,1694215944,1163867,python,3:24.58,220368,213108,5176,100.0,1.3,1,2,3:24,0,4,208568,0,1.4m,0,213108,309,2,277,30,0,12.1,1.5,0.0,86.4,0.0,0.0,0.0,0.0,15794.9 MiB,3554.9 MiB,2216.1 MiB,10023.8 MiB,4096.0 MiB,3681.0 MiB,415.0 MiB,12937.6 MiB
4,Python 3.6.15,binarytrees_compatible_all.py 21,175,1694215946,1163867,python,3:25.75,222672,215808,5176,100.0,1.3,1,2,3:25,0,4,210872,0,1.5m,0,215808,309,2,277,30,0,12.8,1.5,0.0,85.7,0.0,0.0,0.0,0.0,15794.9 MiB,3542.9 MiB,2228.1 MiB,10023.8 MiB,4096.0 MiB,3681.0 MiB,415.0 MiB,12925.5 MiB
4,Python 3.6.15,binarytrees_compatible_all.py 21,176,1694215947,1163867,python,3:26.92,342992,335988,5176,100.0,2.1,1,2,3:26,0,4,331192,0,1.6m,0,335988,309,2,277,30,0,11.3,3.0,0.0,85.7,0.0,0.0,0.0,0.0,15794.9 MiB,3437.6 MiB,2333.5 MiB,10023.9 MiB,4096.0 MiB,3681.0 MiB,415.0 MiB,12820.2 MiB
4,Python 3.6.15,binarytrees_compatible_all.py 21,177,1694215948,1163867,python,3:28.10,220880,214016,5176,93.8,1.3,1,2,3:28,0,4,209080,0,1.6m,0,214016,309,2,277,30,0,11.5,1.5,0.0,87.0,0.0,0.0,0.0,0.0,15794.9 MiB,3544.5 MiB,2226.6 MiB,10023.9 MiB,4096.0 MiB,3681.0 MiB,415.0 MiB,12927.1 MiB
4,Python 3.6.15,binarytrees_compatible_all.py 21,178,1694215949,1163867,python,3:29.27,223184,216320,5176,100.0,1.3,1,2,3:29,0,4,211384,0,1.7m,0,216320,309,2,277,30,0,12.9,0.8,0.0,86.4,0.0,0.0,0.0,0.0,15794.9 MiB,3542.2 MiB,2228.8 MiB,10023.9 MiB,4096.0 MiB,3681.0 MiB,415.0 MiB,12924.8 MiB
4,Python 3.6.15,binarytrees_compatible_all.py 21,179,1694215950,1163867,python,3:30.44,322512,315380,5176,93.8,1.9,1,2,3:30,0,4,310712,0,1.8m,0,315380,309,2,277,30,0,12.0,2.3,0.0,85.7,0.0,0.0,0.0,0.0,15794.9 MiB,3457.0 MiB,2314.0 MiB,10023.9 MiB,4096.0 MiB,3681.0 MiB,415.0 MiB,12839.6 MiB
4,Python 3.6.15,binarytrees_compatible_all.py 21,180,1694215951,1163867,python,3:31.63,301776,294912,5176,100.0,1.8,1,2,3:31,0,4,289976,0,1.8m,0,294912,309,2,277,30,0,11.3,3.0,0.0,85.7,0.0,0.0,0.0,0.0,15794.9 MiB,3447.2 MiB,2323.8 MiB,10023.9 MiB,4096.0 MiB,3681.0 MiB,415.0 MiB,12829.8 MiB
4,Python 3.6.15,binarytrees_compatible_all.py 21,181,1694215953,1163867,python,3:32.79,223696,216832,5176,100.0,1.3,1,2,3:32,0,4,211896,0,1.9m,0,216832,309,2,277,30,0,13.5,1.5,0.0,84.2,0.8,0.0,0.0,0.0,15794.9 MiB,3541.7 MiB,2228.4 MiB,10024.7 MiB,4096.0 MiB,3681.0 MiB,415.0 MiB,12925.2 MiB
4,Python 3.6.15,binarytrees_compatible_all.py 21,182,1694215954,1163867,python,3:33.97,299728,292660,5176,100.0,1.8,1,2,3:33,0,4,287928,0,1.9m,0,292660,309,2,277,30,0,11.7,3.6,0.0,83.2,1.5,0.0,0.0,0.0,15794.9 MiB,3479.2 MiB,2291.0 MiB,10024.7 MiB,4096.0 MiB,3681.0 MiB,415.0 MiB,12862.7 MiB
4,Python 3.6.15,binarytrees_compatible_all.py 21,183,1694215955,1163867,python,3:35.15,418000,410860,5176,100.0,2.5,1,2,3:35,0,4,406200,0,2.0m,0,410860,309,2,277,30,0,11.3,3.0,0.0,85.7,0.0,0.0,0.0,0.0,15794.9 MiB,3363.2 MiB,2406.9 MiB,10024.8 MiB,4096.0 MiB,3681.0 MiB,415.0 MiB,12746.8 MiB
4,Python 3.6.15,binarytrees_compatible_all.py 21,184,1694215956,1163867,python,3:36.32,224208,217344,5176,100.0,1.3,1,6,3:36,0,4,212408,0,2.1m,0,217344,309,2,277,30,0,12.8,0.8,0.0,86.5,0.0,0.0,0.0,0.0,15794.9 MiB,3536.5 MiB,2233.6 MiB,10024.8 MiB,4096.0 MiB,3681.0 MiB,415.0 MiB,12920.0 MiB
4,Python 3.6.15,binarytrees_compatible_all.py 21,185,1694215957,1163867,python,3:37.50,274896,267828,5176,93.8,1.7,1,6,3:37,0,4,263096,0,2.1m,0,267828,309,2,277,30,0,12.7,2.2,0.0,85.1,0.0,0.0,0.0,0.0,15794.9 MiB,3500.6 MiB,2269.5 MiB,10024.8 MiB,4096.0 MiB,3681.0 MiB,415.0 MiB,12884.1 MiB
4,Python 3.6.15,binarytrees_compatible_all.py 21,186,1694215958,1163867,python,3:38.68,393424,386292,5176,100.0,2.4,1,2,3:38,0,4,381624,0,2.2m,0,386292,309,2,277,30,0,11.3,2.3,0.0,86.5,0.0,0.0,0.0,0.0,15794.9 MiB,3383.7 MiB,2386.4 MiB,10024.8 MiB,4096.0 MiB,3681.0 MiB,415.0 MiB,12767.2 MiB
4,Python 3.6.15,binarytrees_compatible_all.py 21,187,1694215960,1163867,python,3:39.85,224720,217856,5176,93.8,1.3,1,2,3:39,0,4,212920,0,2.3m,0,217856,309,2,277,30,0,12.8,0.8,0.0,85.7,0.8,0.0,0.0,0.0,15794.9 MiB,3536.7 MiB,2233.4 MiB,10024.8 MiB,4096.0 MiB,3681.0 MiB,415.0 MiB,12920.3 MiB
4,Python 3.6.15,binarytrees_compatible_all.py 21,188,1694215961,1163867,python,3:41.03,252880,245636,5176,100.0,1.5,1,6,3:41,0,4,241080,0,2.3m,0,245636,309,2,277,30,0,12.2,1.5,0.0,86.3,0.0,0.0,0.0,0.0,15794.9 MiB,3521.2 MiB,2248.9 MiB,10024.8 MiB,4096.0 MiB,3681.0 MiB,415.0 MiB,12904.8 MiB
4,Python 3.6.15,binarytrees_compatible_all.py 21,189,1694215962,1163867,python,3:42.21,372176,365156,5176,100.0,2.3,1,2,3:42,0,4,360376,0,2.4m,0,365156,309,2,277,30,0,11.4,2.3,0.0,86.4,0.0,0.0,0.0,0.0,15794.9 MiB,3413.5 MiB,2356.7 MiB,10024.8 MiB,4096.0 MiB,3681.0 MiB,415.0 MiB,12797.0 MiB
4,Python 3.6.15,binarytrees_compatible_all.py 21,190,1694215963,1163867,python,3:43.37,225232,218368,5176,100.0,1.4,1,2,3:43,0,4,213432,0,2.4m,0,218368,309,2,277,30,0,13.6,1.5,0.0,84.8,0.0,0.0,0.0,0.0,15794.9 MiB,3544.8 MiB,2225.3 MiB,10024.8 MiB,4096.0 MiB,3681.0 MiB,415.0 MiB,12928.4 MiB
4,Python 3.6.15,binarytrees_compatible_all.py 21,191,1694215964,1163867,python,3:44.57,230352,223180,5176,100.0,1.4,1,2,3:44,0,4,218552,0,2.5m,0,223180,309,2,277,30,0,12.9,1.4,0.0,85.7,0.0,0.0,0.0,0.0,15794.9 MiB,3545.9 MiB,2224.2 MiB,10024.8 MiB,4096.0 MiB,3681.0 MiB,415.0 MiB,12929.4 MiB
4,Python 3.6.15,binarytrees_compatible_all.py 21,192,1694215966,1163867,python,3:45.74,352208,345076,5176,100.0,2.1,1,2,3:45,0,4,340408,0,2.6m,0,345076,309,2,277,30,0,11.3,3.0,0.0,85.0,0.8,0.0,0.0,0.0,15794.9 MiB,3431.4 MiB,2338.7 MiB,10024.8 MiB,4096.0 MiB,3681.0 MiB,415.0 MiB,12815.0 MiB
4,Python 3.6.15,binarytrees_compatible_all.py 21,193,1694215967,1163867,python,3:46.92,225744,218880,5176,100.0,1.4,1,2,3:46,0,4,213944,0,2.6m,0,218880,309,2,277,30,0,11.9,3.0,0.0,85.1,0.0,0.0,0.0,0.0,15794.9 MiB,3542.8 MiB,2227.3 MiB,10024.8 MiB,4096.0 MiB,3681.0 MiB,415.0 MiB,12926.4 MiB
4,Python 3.6.15,binarytrees_compatible_all.py 21,194,1694215968,1163867,python,3:48.09,223696,216832,5176,100.0,1.3,1,2,3:48,0,4,211896,0,2.7m,0,216832,309,2,277,30,0,13.4,1.5,0.0,85.1,0.0,0.0,0.0,0.0,15794.9 MiB,3544.9 MiB,2225.2 MiB,10024.8 MiB,4096.0 MiB,3681.0 MiB,415.0 MiB,12928.4 MiB
4,Python 3.6.15,binarytrees_compatible_all.py 21,195,1694215969,1163867,python,3:49.26,330192,322884,5176,93.8,2.0,1,2,3:49,0,4,318392,0,2.7m,0,322884,309,2,277,30,0,11.3,2.3,0.0,86.5,0.0,0.0,0.0,0.0,15794.9 MiB,3452.9 MiB,2317.2 MiB,10024.8 MiB,4096.0 MiB,3681.0 MiB,415.0 MiB,12836.4 MiB
4,Python 3.6.15,binarytrees_compatible_all.py 21,196,1694215970,1163867,python,3:50.44,255952,249088,5176,100.0,1.5,1,2,3:50,0,4,244152,0,2.8m,0,249088,309,2,277,30,0,12.1,1.5,0.0,86.4,0.0,0.0,0.0,0.0,15794.9 MiB,3496.9 MiB,2273.2 MiB,10024.8 MiB,4096.0 MiB,3681.0 MiB,415.0 MiB,12880.5 MiB
4,Python 3.6.15,binarytrees_compatible_all.py 21,197,1694215971,1163867,python,3:51.62,224208,217344,5176,100.0,1.3,1,2,3:51,0,4,212408,0,2.9m,0,217344,309,2,277,30,0,12.1,0.8,0.0,87.1,0.0,0.0,0.0,0.0,15794.9 MiB,3544.7 MiB,2225.4 MiB,10024.8 MiB,4096.0 MiB,3681.0 MiB,415.0 MiB,12928.2 MiB
4,Python 3.6.15,binarytrees_compatible_all.py 21,198,1694215973,1163867,,,,,,,,,,,,,,,,,,308,1,277,30,0,5.1,2.2,0.0,92.7,0.0,0.0,0.0,0.0,15794.9 MiB,3745.2 MiB,2017.9 MiB,10031.8 MiB,4096.0 MiB,3681.0 MiB,415.0 MiB,13128.8 MiB
5,Python 3.6.15,binarytrees_compatible_all.py 21,0,1694215974,1165139,python,0:00.12,31616,25000,5412,75.0,0.2,1,3,0:00,0,4,19816,2,6056,0,25000,309,2,277,30,0,19.9,8.1,0.0,72.1,0.0,0.0,0.0,0.0,15794.9 MiB,3727.8 MiB,2035.1 MiB,10032.0 MiB,4096.0 MiB,3681.0 MiB,415.0 MiB,13111.3 MiB
5,Python 3.6.15,binarytrees_compatible_all.py 21,1,1694215975,1165139,python,0:01.29,31616,25000,5412,93.8,0.2,1,3,0:01,0,4,19816,2,6056,0,25000,309,2,277,30,0,13.0,1.5,0.0,85.5,0.0,0.0,0.0,0.0,15794.9 MiB,3727.3 MiB,2035.6 MiB,10032.0 MiB,4096.0 MiB,3681.0 MiB,415.0 MiB,13110.8 MiB
5,Python 3.6.15,binarytrees_compatible_all.py 21,2,1694215976,1165139,python,0:02.47,31616,25000,5412,100.0,0.2,1,3,0:02,0,4,19816,2,6056,0,25000,309,2,277,30,0,12.8,1.5,0.0,85.7,0.0,0.0,0.0,0.0,15794.9 MiB,3734.9 MiB,2034.9 MiB,10025.1 MiB,4096.0 MiB,3681.0 MiB,415.0 MiB,13118.5 MiB
5,Python 3.6.15,binarytrees_compatible_all.py 21,3,1694215977,1165139,python,0:03.64,31616,25000,5412,93.8,0.2,1,3,0:03,0,4,19816,2,6056,0,25000,309,2,277,30,0,13.4,1.5,0.0,85.1,0.0,0.0,0.0,0.0,15794.9 MiB,3733.9 MiB,2036.0 MiB,10025.0 MiB,4096.0 MiB,3681.0 MiB,415.0 MiB,13117.5 MiB
5,Python 3.6.15,binarytrees_compatible_all.py 21,4,1694215978,1165139,python,0:04.82,31616,25000,5412,100.0,0.2,1,3,0:04,0,4,19816,2,6056,0,25000,309,2,277,30,0,12.9,1.5,0.0,85.6,0.0,0.0,0.0,0.0,15794.9 MiB,3733.4 MiB,2036.5 MiB,10025.0 MiB,4096.0 MiB,3681.0 MiB,415.0 MiB,13117.0 MiB
5,Python 3.6.15,binarytrees_compatible_all.py 21,5,1694215980,1165139,python,0:05.99,31616,25000,5412,93.8,0.2,1,3,0:05,0,4,19816,2,6056,0,25000,309,2,277,30,0,13.5,0.8,0.0,85.7,0.0,0.0,0.0,0.0,15794.9 MiB,3733.2 MiB,2036.7 MiB,10025.0 MiB,4096.0 MiB,3681.0 MiB,415.0 MiB,13116.7 MiB
5,Python 3.6.15,binarytrees_compatible_all.py 21,6,1694215981,1165139,python,0:07.17,31616,25000,5412,100.0,0.2,1,3,0:07,0,4,19816,2,6056,0,25000,309,2,277,30,0,12.1,1.5,0.0,86.4,0.0,0.0,0.0,0.0,15794.9 MiB,3733.2 MiB,2036.7 MiB,10025.0 MiB,4096.0 MiB,3681.0 MiB,415.0 MiB,13116.7 MiB
5,Python 3.6.15,binarytrees_compatible_all.py 21,7,1694215982,1165139,python,0:08.34,31616,25000,5412,100.0,0.2,1,3,0:08,0,4,19816,2,6056,0,25000,309,2,277,30,0,13.5,0.8,0.0,85.7,0.0,0.0,0.0,0.0,15794.9 MiB,3732.9 MiB,2037.0 MiB,10025.0 MiB,4096.0 MiB,3681.0 MiB,415.0 MiB,13116.5 MiB
5,Python 3.6.15,binarytrees_compatible_all.py 21,8,1694215983,1165139,python,0:09.52,31616,25000,5412,100.0,0.2,1,7,0:09,0,4,19816,2,6056,0,25000,310,2,278,30,0,13.6,1.5,0.0,84.8,0.0,0.0,0.0,0.0,15794.9 MiB,3732.9 MiB,2037.0 MiB,10025.0 MiB,4096.0 MiB,3681.0 MiB,415.0 MiB,13116.5 MiB
5,Python 3.6.15,binarytrees_compatible_all.py 21,9,1694215984,1165139,python,0:10.69,31616,25000,5412,100.0,0.2,1,7,0:10,0,4,19816,2,6056,0,25000,310,2,278,30,0,12.8,1.5,0.0,85.7,0.0,0.0,0.0,0.0,15794.9 MiB,3732.7 MiB,2037.2 MiB,10025.0 MiB,4096.0 MiB,3681.0 MiB,415.0 MiB,13116.3 MiB
5,Python 3.6.15,binarytrees_compatible_all.py 21,10,1694215986,1165139,python,0:11.86,31616,25000,5412,100.0,0.2,1,7,0:11,0,4,19816,2,6056,0,25000,310,2,278,30,0,12.1,1.5,0.0,86.4,0.0,0.0,0.0,0.0,15794.9 MiB,3732.7 MiB,2037.2 MiB,10025.0 MiB,4096.0 MiB,3681.0 MiB,415.0 MiB,13116.3 MiB
5,Python 3.6.15,binarytrees_compatible_all.py 21,11,1694215987,1165139,python,0:13.04,31616,25000,5412,100.0,0.2,1,7,0:13,0,4,19816,2,6056,0,25000,310,2,278,30,0,12.2,0.8,0.0,87.0,0.0,0.0,0.0,0.0,15794.9 MiB,3732.9 MiB,2036.9 MiB,10025.0 MiB,4096.0 MiB,3681.0 MiB,415.0 MiB,13116.5 MiB
5,Python 3.6.15,binarytrees_compatible_all.py 21,12,1694215988,1165139,python,0:14.22,31616,25000,5412,100.0,0.2,1,7,0:14,0,4,19816,2,6056,0,25000,310,2,278,30,0,13.3,2.2,0.0,84.4,0.0,0.0,0.0,0.0,15794.9 MiB,3731.7 MiB,2038.2 MiB,10025.0 MiB,4096.0 MiB,3681.0 MiB,415.0 MiB,13115.3 MiB
5,Python 3.6.15,binarytrees_compatible_all.py 21,13,1694215989,1165139,python,0:15.39,31616,25000,5412,100.0,0.2,1,7,0:15,0,4,19816,2,6056,0,25000,310,2,278,30,0,12.8,1.5,0.0,85.7,0.0,0.0,0.0,0.0,15794.9 MiB,3731.2 MiB,2038.7 MiB,10025.0 MiB,4096.0 MiB,3681.0 MiB,415.0 MiB,13114.8 MiB
5,Python 3.6.15,binarytrees_compatible_all.py 21,14,1694215990,1165139,python,0:16.56,31616,25000,5412,93.8,0.2,1,7,0:16,0,4,19816,2,6056,0,25000,310,2,278,30,0,12.8,2.3,0.0,85.0,0.0,0.0,0.0,0.0,15794.9 MiB,3731.4 MiB,2038.4 MiB,10025.0 MiB,4096.0 MiB,3681.0 MiB,415.0 MiB,13115.0 MiB
5,Python 3.6.15,binarytrees_compatible_all.py 21,15,1694215991,1165139,python,0:17.74,31616,25000,5412,100.0,0.2,1,7,0:17,0,4,19816,2,6056,0,25000,310,2,278,30,0,13.5,0.8,0.0,85.7,0.0,0.0,0.0,0.0,15794.9 MiB,3731.0 MiB,2038.9 MiB,10025.0 MiB,4096.0 MiB,3681.0 MiB,415.0 MiB,13114.6 MiB
5,Python 3.6.15,binarytrees_compatible_all.py 21,16,1694215993,1165139,python,0:18.92,31616,25000,5412,100.0,0.2,1,7,0:18,0,4,19816,2,6056,0,25000,310,2,278,30,0,13.4,0.7,0.0,85.8,0.0,0.0,0.0,0.0,15794.9 MiB,3730.2 MiB,2039.6 MiB,10025.0 MiB,4096.0 MiB,3681.0 MiB,415.0 MiB,13113.8 MiB
5,Python 3.6.15,binarytrees_compatible_all.py 21,17,1694215994,1165139,python,0:20.09,31616,25000,5412,100.0,0.2,1,7,0:20,0,4,19816,2,6056,0,25000,310,2,278,30,0,12.9,0.8,0.0,86.4,0.0,0.0,0.0,0.0,15794.9 MiB,3730.5 MiB,2039.4 MiB,10025.0 MiB,4096.0 MiB,3681.0 MiB,415.0 MiB,13114.1 MiB
5,Python 3.6.15,binarytrees_compatible_all.py 21,18,1694215995,1165139,python,0:21.26,31616,25000,5412,93.8,0.2,1,7,0:21,0,4,19816,2,6056,0,25000,310,2,278,30,0,12.8,1.5,0.0,85.7,0.0,0.0,0.0,0.0,15794.9 MiB,3730.5 MiB,2039.4 MiB,10025.0 MiB,4096.0 MiB,3681.0 MiB,415.0 MiB,13114.1 MiB
5,Python 3.6.15,binarytrees_compatible_all.py 21,19,1694215996,1165139,python,0:22.44,31616,25000,5412,100.0,0.2,1,7,0:22,0,4,19816,2,6056,0,25000,310,2,278,30,0,13.6,0.0,0.0,86.4,0.0,0.0,0.0,0.0,15794.9 MiB,3730.7 MiB,2039.1 MiB,10025.0 MiB,4096.0 MiB,3681.0 MiB,415.0 MiB,13114.3 MiB
5,Python 3.6.15,binarytrees_compatible_all.py 21,20,1694215997,1165139,python,0:23.62,19408,12580,5412,100.0,0.1,1,7,0:23,0,4,7608,2,7079,0,12580,310,2,278,30,0,13.5,1.5,0.0,85.0,0.0,0.0,0.0,0.0,15794.9 MiB,3746.0 MiB,2023.9 MiB,10025.0 MiB,4096.0 MiB,3681.0 MiB,415.0 MiB,13129.6 MiB
5,Python 3.6.15,binarytrees_compatible_all.py 21,21,1694215998,1165139,python,0:24.79,19408,12580,5412,100.0,0.1,1,7,0:24,0,4,7608,2,7079,0,12580,310,2,278,30,0,13.5,0.8,0.0,85.7,0.0,0.0,0.0,0.0,15794.9 MiB,3746.0 MiB,2023.9 MiB,10025.0 MiB,4096.0 MiB,3681.0 MiB,415.0 MiB,13129.6 MiB
5,Python 3.6.15,binarytrees_compatible_all.py 21,22,1694216000,1165139,python,0:25.96,19408,12580,5412,93.8,0.1,1,7,0:25,0,4,7608,2,7079,0,12580,310,2,278,30,0,12.9,0.8,0.0,86.4,0.0,0.0,0.0,0.0,15794.9 MiB,3746.0 MiB,2023.9 MiB,10025.0 MiB,4096.0 MiB,3681.0 MiB,415.0 MiB,13129.6 MiB
5,Python 3.6.15,binarytrees_compatible_all.py 21,23,1694216001,1165139,python,0:27.14,19408,12580,5412,100.0,0.1,1,7,0:27,0,4,7608,2,7079,0,12580,310,2,278,30,0,13.4,1.5,0.0,85.1,0.0,0.0,0.0,0.0,15794.9 MiB,3746.0 MiB,2023.9 MiB,10025.0 MiB,4096.0 MiB,3681.0 MiB,415.0 MiB,13129.6 MiB
5,Python 3.6.15,binarytrees_compatible_all.py 21,24,1694216002,1165139,python,0:28.31,19408,12580,5412,100.0,0.1,1,7,0:28,0,4,7608,2,7079,0,12580,310,2,278,30,0,13.5,0.8,0.0,85.7,0.0,0.0,0.0,0.0,15794.9 MiB,3746.0 MiB,2023.9 MiB,10025.0 MiB,4096.0 MiB,3681.0 MiB,415.0 MiB,13129.6 MiB
5,Python 3.6.15,binarytrees_compatible_all.py 21,25,1694216003,1165139,python,0:29.49,19408,12580,5412,100.0,0.1,1,7,0:29,0,4,7608,2,7079,0,12580,310,2,278,30,0,13.0,0.0,0.0,87.0,0.0,0.0,0.0,0.0,15794.9 MiB,3746.7 MiB,2023.1 MiB,10025.0 MiB,4096.0 MiB,3681.0 MiB,415.0 MiB,13130.3 MiB
5,Python 3.6.15,binarytrees_compatible_all.py 21,26,1694216004,1165139,python,0:30.66,19408,12580,5412,100.0,0.1,1,7,0:30,0,4,7608,2,7079,0,12580,310,2,278,30,0,12.9,0.8,0.0,86.4,0.0,0.0,0.0,0.0,15794.9 MiB,3746.7 MiB,2023.1 MiB,10025.0 MiB,4096.0 MiB,3681.0 MiB,415.0 MiB,13130.3 MiB
5,Python 3.6.15,binarytrees_compatible_all.py 21,27,1694216005,1165139,python,0:31.84,19408,12580,5412,93.8,0.1,1,7,0:31,0,4,7608,2,7079,0,12580,310,2,278,30,0,13.4,1.5,0.0,85.1,0.0,0.0,0.0,0.0,15794.9 MiB,3745.7 MiB,2024.1 MiB,10025.0 MiB,4096.0 MiB,3681.0 MiB,415.0 MiB,13129.3 MiB
5,Python 3.6.15,binarytrees_compatible_all.py 21,28,1694216007,1165139,python,0:33.02,19408,12580,5412,100.0,0.1,1,3,0:33,0,4,7608,2,7079,0,12580,310,2,278,30,0,13.4,1.5,0.0,85.1,0.0,0.0,0.0,0.0,15794.9 MiB,3745.7 MiB,2024.1 MiB,10025.0 MiB,4096.0 MiB,3681.0 MiB,415.0 MiB,13129.4 MiB
5,Python 3.6.15,binarytrees_compatible_all.py 21,29,1694216008,1165139,python,0:34.19,19408,12580,5412,100.0,0.1,1,3,0:34,0,4,7608,2,7079,0,12580,310,2,278,30,0,13.5,0.8,0.0,85.7,0.0,0.0,0.0,0.0,15794.9 MiB,3745.5 MiB,2024.3 MiB,10025.0 MiB,4096.0 MiB,3681.0 MiB,415.0 MiB,13129.1 MiB
5,Python 3.6.15,binarytrees_compatible_all.py 21,30,1694216009,1165139,python,0:35.37,19408,12580,5412,100.0,0.1,1,3,0:35,0,4,7608,2,7079,0,12580,310,2,278,30,0,12.1,1.5,0.0,86.4,0.0,0.0,0.0,0.0,15794.9 MiB,3745.2 MiB,2024.6 MiB,10025.0 MiB,4096.0 MiB,3681.0 MiB,415.0 MiB,13128.9 MiB
5,Python 3.6.15,binarytrees_compatible_all.py 21,31,1694216010,1165139,python,0:36.54,19408,12580,5412,100.0,0.1,1,3,0:36,0,4,7608,2,7079,0,12580,310,2,278,30,0,13.4,1.5,0.0,85.1,0.0,0.0,0.0,0.0,15794.9 MiB,3744.7 MiB,2025.1 MiB,10025.0 MiB,4096.0 MiB,3681.0 MiB,415.0 MiB,13128.4 MiB
5,Python 3.6.15,binarytrees_compatible_all.py 21,32,1694216011,1165139,python,0:37.71,19408,12580,5412,93.8,0.1,1,3,0:37,0,4,7608,2,7079,0,12580,310,2,278,30,0,12.9,0.8,0.0,86.4,0.0,0.0,0.0,0.0,15794.9 MiB,3744.5 MiB,2025.3 MiB,10025.0 MiB,4096.0 MiB,3681.0 MiB,415.0 MiB,13128.1 MiB
5,Python 3.6.15,binarytrees_compatible_all.py 21,33,1694216013,1165139,python,0:38.89,19408,12580,5412,100.0,0.1,1,7,0:38,0,4,7608,2,7079,0,12580,310,2,278,30,0,13.0,0.0,0.0,86.3,0.8,0.0,0.0,0.0,15794.9 MiB,3744.3 MiB,2025.6 MiB,10025.1 MiB,4096.0 MiB,3681.0 MiB,415.0 MiB,13127.9 MiB
5,Python 3.6.15,binarytrees_compatible_all.py 21,34,1694216014,1165139,python,0:40.07,19408,12580,5412,100.0,0.1,1,7,0:40,0,4,7608,2,7079,0,12580,310,2,278,30,0,12.8,1.5,0.0,85.7,0.0,0.0,0.0,0.0,15794.9 MiB,3744.0 MiB,2025.8 MiB,10025.1 MiB,4096.0 MiB,3681.0 MiB,415.0 MiB,13127.6 MiB
5,Python 3.6.15,binarytrees_compatible_all.py 21,35,1694216015,1165139,python,0:41.24,19408,12580,5412,100.0,0.1,1,7,0:41,0,4,7608,2,7079,0,12580,310,2,278,30,0,12.8,1.5,0.0,85.7,0.0,0.0,0.0,0.0,15794.9 MiB,3744.0 MiB,2025.8 MiB,10025.1 MiB,4096.0 MiB,3681.0 MiB,415.0 MiB,13127.6 MiB
5,Python 3.6.15,binarytrees_compatible_all.py 21,36,1694216016,1165139,python,0:42.41,19408,12580,5412,100.0,0.1,1,7,0:42,0,4,7608,2,7079,0,12580,310,2,278,30,0,12.1,1.5,0.0,86.4,0.0,0.0,0.0,0.0,15794.9 MiB,3744.0 MiB,2025.8 MiB,10025.1 MiB,4096.0 MiB,3681.0 MiB,415.0 MiB,13127.7 MiB
5,Python 3.6.15,binarytrees_compatible_all.py 21,37,1694216017,1165139,python,0:43.59,19408,12580,5412,100.0,0.1,1,7,0:43,0,4,7608,2,7079,0,12580,310,2,278,30,0,14.1,1.5,0.0,84.4,0.0,0.0,0.0,0.0,15794.9 MiB,3744.0 MiB,2025.8 MiB,10025.1 MiB,4096.0 MiB,3681.0 MiB,415.0 MiB,13127.7 MiB
5,Python 3.6.15,binarytrees_compatible_all.py 21,38,1694216018,1165139,python,0:44.77,19408,12580,5412,100.0,0.1,1,7,0:44,0,4,7608,2,7079,0,12580,310,2,278,30,0,13.4,1.5,0.0,85.1,0.0,0.0,0.0,0.0,15794.9 MiB,3743.8 MiB,2026.0 MiB,10025.1 MiB,4096.0 MiB,3681.0 MiB,415.0 MiB,13127.4 MiB
5,Python 3.6.15,binarytrees_compatible_all.py 21,39,1694216020,1165139,python,0:45.94,19408,12580,5412,100.0,0.1,1,3,0:45,0,4,7608,2,7079,0,12580,310,2,278,30,0,12.9,1.5,0.0,85.6,0.0,0.0,0.0,0.0,15794.9 MiB,3743.8 MiB,2026.0 MiB,10025.1 MiB,4096.0 MiB,3681.0 MiB,415.0 MiB,13127.4 MiB
5,Python 3.6.15,binarytrees_compatible_all.py 21,40,1694216021,1165139,python,0:47.11,19408,12580,5412,100.0,0.1,1,3,0:47,0,4,7608,2,7079,0,12580,310,2,278,30,0,13.5,0.8,0.0,85.7,0.0,0.0,0.0,0.0,15794.9 MiB,3743.8 MiB,2026.0 MiB,10025.1 MiB,4096.0 MiB,3681.0 MiB,415.0 MiB,13127.4 MiB
5,Python 3.6.15,binarytrees_compatible_all.py 21,41,1694216022,1165139,python,0:48.29,19664,12844,5412,100.0,0.1,1,3,0:48,0,4,7864,2,7118,0,12844,310,2,278,30,0,12.9,0.8,0.0,86.4,0.0,0.0,0.0,0.0,15794.9 MiB,3743.8 MiB,2026.0 MiB,10025.1 MiB,4096.0 MiB,3681.0 MiB,415.0 MiB,13127.4 MiB
5,Python 3.6.15,binarytrees_compatible_all.py 21,42,1694216023,1165139,python,0:49.46,19920,12844,5412,93.8,0.1,1,3,0:49,0,4,8120,2,7167,0,12844,310,2,278,30,0,12.8,1.5,0.0,85.0,0.8,0.0,0.0,0.0,15794.9 MiB,3743.5 MiB,2026.3 MiB,10025.1 MiB,4096.0 MiB,3681.0 MiB,415.0 MiB,13127.2 MiB
5,Python 3.6.15,binarytrees_compatible_all.py 21,43,1694216024,1165139,python,0:50.64,19920,13108,5412,100.0,0.1,1,3,0:50,0,4,8120,2,7216,0,13108,310,2,278,30,0,12.8,1.5,0.0,85.7,0.0,0.0,0.0,0.0,15794.9 MiB,3743.5 MiB,2026.3 MiB,10025.1 MiB,4096.0 MiB,3681.0 MiB,415.0 MiB,13127.2 MiB
5,Python 3.6.15,binarytrees_compatible_all.py 21,44,1694216025,1165139,python,0:51.81,20176,13372,5412,100.0,0.1,1,3,0:51,0,4,8376,2,7265,0,13372,310,2,278,30,0,13.6,0.0,0.0,86.4,0.0,0.0,0.0,0.0,15794.9 MiB,3743.3 MiB,2026.5 MiB,10025.1 MiB,4096.0 MiB,3681.0 MiB,415.0 MiB,13127.0 MiB
5,Python 3.6.15,binarytrees_compatible_all.py 21,45,1694216027,1165139,python,0:53.00,20432,13636,5412,100.0,0.1,1,3,0:53,0,4,8632,2,7314,0,13636,310,2,278,30,0,13.7,1.4,0.0,84.9,0.0,0.0,0.0,0.0,15794.9 MiB,3743.5 MiB,2026.3 MiB,10025.1 MiB,4096.0 MiB,3681.0 MiB,415.0 MiB,13127.2 MiB
5,Python 3.6.15,binarytrees_compatible_all.py 21,46,1694216028,1165139,python,0:54.17,20688,13636,5412,100.0,0.1,1,3,0:54,0,4,8888,2,7363,0,13636,310,2,278,30,0,12.9,0.8,0.0,86.4,0.0,0.0,0.0,0.0,15794.9 MiB,3743.3 MiB,2026.5 MiB,10025.1 MiB,4096.0 MiB,3681.0 MiB,415.0 MiB,13127.0 MiB
5,Python 3.6.15,binarytrees_compatible_all.py 21,47,1694216029,1165139,python,0:55.35,20688,13900,5412,100.0,0.1,1,3,0:55,0,4,8888,2,7412,0,13900,310,2,278,30,0,12.1,0.8,0.0,87.1,0.0,0.0,0.0,0.0,15794.9 MiB,3742.5 MiB,2027.2 MiB,10025.1 MiB,4096.0 MiB,3681.0 MiB,415.0 MiB,13126.2 MiB
5,Python 3.6.15,binarytrees_compatible_all.py 21,48,1694216030,1165139,python,0:56.53,20944,14164,5412,100.0,0.1,1,3,0:56,0,4,9144,2,7461,0,14164,310,2,278,30,0,12.9,0.8,0.0,86.4,0.0,0.0,0.0,0.0,15794.9 MiB,3742.8 MiB,2027.0 MiB,10025.1 MiB,4096.0 MiB,3681.0 MiB,415.0 MiB,13126.5 MiB
5,Python 3.6.15,binarytrees_compatible_all.py 21,49,1694216031,1165139,python,0:57.70,21200,14428,5412,100.0,0.1,1,3,0:57,0,4,9400,2,7510,0,14428,310,2,278,30,0,13.5,0.8,0.0,85.7,0.0,0.0,0.0,0.0,15794.9 MiB,3742.5 MiB,2027.2 MiB,10025.1 MiB,4096.0 MiB,3681.0 MiB,415.0 MiB,13126.2 MiB
5,Python 3.6.15,binarytrees_compatible_all.py 21,50,1694216033,1165139,python,0:58.87,21456,14428,5412,100.0,0.1,1,3,0:58,0,4,9656,2,7559,0,14428,310,2,278,30,0,13.5,0.8,0.0,85.7,0.0,0.0,0.0,0.0,15794.9 MiB,3743.0 MiB,2026.7 MiB,10025.1 MiB,4096.0 MiB,3681.0 MiB,415.0 MiB,13126.7 MiB
5,Python 3.6.15,binarytrees_compatible_all.py 21,51,1694216034,1165139,python,1:00.05,21712,14692,5412,100.0,0.1,1,3,1:00,0,4,9912,2,7608,0,14692,310,2,278,30,0,12.9,1.5,0.0,85.6,0.0,0.0,0.0,0.0,15794.9 MiB,3742.8 MiB,2027.0 MiB,10025.1 MiB,4096.0 MiB,3681.0 MiB,415.0 MiB,13126.5 MiB
5,Python 3.6.15,binarytrees_compatible_all.py 21,52,1694216035,1165139,python,1:01.22,21712,14956,5412,100.0,0.1,1,3,1:01,0,4,9912,2,7657,0,14956,310,2,278,30,0,13.4,1.5,0.0,85.1,0.0,0.0,0.0,0.0,15794.9 MiB,3742.8 MiB,2027.0 MiB,10025.1 MiB,4096.0 MiB,3681.0 MiB,415.0 MiB,13126.5 MiB
5,Python 3.6.15,binarytrees_compatible_all.py 21,53,1694216036,1165139,python,1:02.40,21968,15220,5412,100.0,0.1,1,3,1:02,0,4,10168,2,7706,0,15220,310,2,278,30,0,12.9,0.8,0.0,86.4,0.0,0.0,0.0,0.0,15794.9 MiB,3742.5 MiB,2027.2 MiB,10025.1 MiB,4096.0 MiB,3681.0 MiB,415.0 MiB,13126.2 MiB
5,Python 3.6.15,binarytrees_compatible_all.py 21,54,1694216037,1165139,python,1:03.57,22224,15220,5412,100.0,0.1,1,3,1:03,0,4,10424,2,7755,0,15220,310,2,278,30,0,12.9,0.8,0.0,86.4,0.0,0.0,0.0,0.0,15794.9 MiB,3742.5 MiB,2027.2 MiB,10025.1 MiB,4096.0 MiB,3681.0 MiB,415.0 MiB,13126.2 MiB
5,Python 3.6.15,binarytrees_compatible_all.py 21,55,1694216038,1165139,python,1:04.75,22480,15484,5412,100.0,0.1,1,3,1:04,0,4,10680,2,7804,0,15484,310,2,278,30,0,12.8,1.5,0.0,85.7,0.0,0.0,0.0,0.0,15794.9 MiB,3742.5 MiB,2027.2 MiB,10025.1 MiB,4096.0 MiB,3681.0 MiB,415.0 MiB,13126.2 MiB
5,Python 3.6.15,binarytrees_compatible_all.py 21,56,1694216040,1165139,python,1:05.92,22480,15748,5412,100.0,0.1,1,7,1:05,0,4,10680,2,7853,0,15748,310,2,278,30,0,13.6,0.0,0.0,86.4,0.0,0.0,0.0,0.0,15794.9 MiB,3742.3 MiB,2027.6 MiB,10024.9 MiB,4096.0 MiB,3681.0 MiB,415.0 MiB,13126.0 MiB
5,Python 3.6.15,binarytrees_compatible_all.py 21,57,1694216041,1165139,python,1:07.10,22736,15748,5412,100.0,0.1,1,7,1:07,0,4,10936,2,7902,0,15748,310,2,278,30,0,12.7,1.5,0.0,85.8,0.0,0.0,0.0,0.0,15794.9 MiB,3741.8 MiB,2028.1 MiB,10024.9 MiB,4096.0 MiB,3681.0 MiB,415.0 MiB,13125.5 MiB
5,Python 3.6.15,binarytrees_compatible_all.py 21,58,1694216042,1165139,python,1:08.27,22992,16012,5412,100.0,0.1,1,7,1:08,0,4,11192,2,7951,0,16012,310,2,278,30,0,13.5,1.5,0.0,85.0,0.0,0.0,0.0,0.0,15794.9 MiB,3741.6 MiB,2028.4 MiB,10024.9 MiB,4096.0 MiB,3681.0 MiB,415.0 MiB,13125.3 MiB
5,Python 3.6.15,binarytrees_compatible_all.py 21,59,1694216043,1165139,python,1:09.44,23248,16276,5412,93.8,0.1,1,7,1:09,0,4,11448,2,8000,0,16276,310,2,278,30,0,12.2,0.8,0.0,87.0,0.0,0.0,0.0,0.0,15794.9 MiB,3741.6 MiB,2028.4 MiB,10024.9 MiB,4096.0 MiB,3681.0 MiB,415.0 MiB,13125.3 MiB
5,Python 3.6.15,binarytrees_compatible_all.py 21,60,1694216044,1165139,python,1:10.62,23248,16540,5412,100.0,0.1,1,7,1:10,0,4,11448,2,8049,0,16540,310,2,278,30,0,13.4,1.5,0.0,85.1,0.0,0.0,0.0,0.0,15794.9 MiB,3741.6 MiB,2028.4 MiB,10024.9 MiB,4096.0 MiB,3681.0 MiB,415.0 MiB,13125.3 MiB
5,Python 3.6.15,binarytrees_compatible_all.py 21,61,1694216045,1165139,python,1:11.80,23504,16540,5412,100.0,0.1,1,7,1:11,0,4,11704,2,8098,0,16540,310,2,278,30,0,13.3,1.5,0.0,85.2,0.0,0.0,0.0,0.0,15794.9 MiB,3741.6 MiB,2028.4 MiB,10024.9 MiB,4096.0 MiB,3681.0 MiB,415.0 MiB,13125.3 MiB
5,Python 3.6.15,binarytrees_compatible_all.py 21,62,1694216047,1165139,python,1:12.97,19664,12988,5412,100.0,0.1,1,7,1:12,0,4,7864,2,8119,0,12988,310,2,278,30,0,13.5,0.8,0.0,85.7,0.0,0.0,0.0,0.0,15794.9 MiB,3741.3 MiB,2028.6 MiB,10025.0 MiB,4096.0 MiB,3681.0 MiB,415.0 MiB,13125.0 MiB
5,Python 3.6.15,binarytrees_compatible_all.py 21,63,1694216048,1165139,python,1:14.14,19920,13036,5412,93.8,0.1,1,7,1:14,0,4,8120,2,8124,0,13036,310,2,278,30,0,13.4,1.5,0.0,85.1,0.0,0.0,0.0,0.0,15794.9 MiB,3741.6 MiB,2028.4 MiB,10025.0 MiB,4096.0 MiB,3681.0 MiB,415.0 MiB,13125.3 MiB
5,Python 3.6.15,binarytrees_compatible_all.py 21,64,1694216049,1165139,python,1:15.32,19920,13036,5412,100.0,0.1,1,7,1:15,0,4,8120,2,8136,0,13036,310,2,278,30,0,13.5,1.5,0.0,85.0,0.0,0.0,0.0,0.0,15794.9 MiB,3741.1 MiB,2028.8 MiB,10025.0 MiB,4096.0 MiB,3681.0 MiB,415.0 MiB,13124.8 MiB
5,Python 3.6.15,binarytrees_compatible_all.py 21,65,1694216050,1165139,python,1:16.49,19920,13036,5412,100.0,0.1,1,7,1:16,0,4,8120,2,8148,0,13036,310,2,278,30,0,12.1,1.5,0.0,86.4,0.0,0.0,0.0,0.0,15794.9 MiB,3740.6 MiB,2029.3 MiB,10025.0 MiB,4096.0 MiB,3681.0 MiB,415.0 MiB,13124.3 MiB
5,Python 3.6.15,binarytrees_compatible_all.py 21,66,1694216051,1165139,python,1:17.67,19920,13036,5412,100.0,0.1,1,7,1:17,0,4,8120,2,8160,0,13036,310,2,278,30,0,14.2,1.5,0.0,84.3,0.0,0.0,0.0,0.0,15794.9 MiB,3740.8 MiB,2029.1 MiB,10025.0 MiB,4096.0 MiB,3681.0 MiB,415.0 MiB,13124.6 MiB
5,Python 3.6.15,binarytrees_compatible_all.py 21,67,1694216052,1165139,python,1:18.84,19920,13036,5412,100.0,0.1,1,3,1:18,0,4,8120,2,8172,0,13036,310,2,278,30,0,12.8,1.5,0.0,85.7,0.0,0.0,0.0,0.0,15794.9 MiB,3740.6 MiB,2029.3 MiB,10025.0 MiB,4096.0 MiB,3681.0 MiB,415.0 MiB,13124.3 MiB
5,Python 3.6.15,binarytrees_compatible_all.py 21,68,1694216054,1165139,python,1:20.02,19920,13036,5412,100.0,0.1,1,3,1:20,0,4,8120,2,8184,0,13036,310,2,278,30,0,12.9,0.8,0.0,86.4,0.0,0.0,0.0,0.0,15794.9 MiB,3740.3 MiB,2029.6 MiB,10025.0 MiB,4096.0 MiB,3681.0 MiB,415.0 MiB,13124.1 MiB
5,Python 3.6.15,binarytrees_compatible_all.py 21,69,1694216055,1165139,python,1:21.19,20176,13292,5412,100.0,0.1,1,3,1:21,0,4,8376,2,8197,0,13292,310,2,278,30,0,14.1,1.5,0.0,84.4,0.0,0.0,0.0,0.0,15794.9 MiB,3739.8 MiB,2030.1 MiB,10025.0 MiB,4096.0 MiB,3681.0 MiB,415.0 MiB,13123.6 MiB
5,Python 3.6.15,binarytrees_compatible_all.py 21,70,1694216056,1165139,python,1:22.37,20176,13292,5412,100.0,0.1,1,3,1:22,0,4,8376,2,8209,0,13292,310,2,278,30,0,13.5,1.5,0.0,85.0,0.0,0.0,0.0,0.0,15794.9 MiB,3739.8 MiB,2030.1 MiB,10025.0 MiB,4096.0 MiB,3681.0 MiB,415.0 MiB,13123.6 MiB
5,Python 3.6.15,binarytrees_compatible_all.py 21,71,1694216057,1165139,python,1:23.54,20176,13292,5412,100.0,0.1,1,3,1:23,0,4,8376,2,8222,0,13292,310,2,278,30,0,12.9,0.8,0.0,86.4,0.0,0.0,0.0,0.0,15794.9 MiB,3739.8 MiB,2030.1 MiB,10025.0 MiB,4096.0 MiB,3681.0 MiB,415.0 MiB,13123.6 MiB
5,Python 3.6.15,binarytrees_compatible_all.py 21,72,1694216058,1165139,python,1:24.72,20176,13292,5412,100.0,0.1,1,3,1:24,0,4,8376,2,8234,0,13292,310,2,278,30,0,12.8,0.8,0.0,86.5,0.0,0.0,0.0,0.0,15794.9 MiB,3739.6 MiB,2030.3 MiB,10025.0 MiB,4096.0 MiB,3681.0 MiB,415.0 MiB,13123.3 MiB
5,Python 3.6.15,binarytrees_compatible_all.py 21,73,1694216060,1165139,python,1:25.89,20176,13292,5412,100.0,0.1,1,3,1:25,0,4,8376,2,8246,0,13292,310,2,278,30,0,13.5,0.8,0.0,85.7,0.0,0.0,0.0,0.0,15794.9 MiB,3739.3 MiB,2030.5 MiB,10025.0 MiB,4096.0 MiB,3681.0 MiB,415.0 MiB,13123.1 MiB
5,Python 3.6.15,binarytrees_compatible_all.py 21,74,1694216061,1165139,python,1:27.06,20432,13548,5412,93.8,0.1,1,3,1:27,0,4,8632,2,8259,0,13548,310,2,278,30,0,12.9,0.8,0.0,86.4,0.0,0.0,0.0,0.0,15794.9 MiB,3739.1 MiB,2030.8 MiB,10025.0 MiB,4096.0 MiB,3681.0 MiB,415.0 MiB,13122.9 MiB
5,Python 3.6.15,binarytrees_compatible_all.py 21,75,1694216062,1165139,python,1:28.24,20432,13548,5412,100.0,0.1,1,3,1:28,0,4,8632,2,8271,0,13548,310,2,278,30,0,12.8,0.8,0.0,86.5,0.0,0.0,0.0,0.0,15794.9 MiB,3739.3 MiB,2030.5 MiB,10025.0 MiB,4096.0 MiB,3681.0 MiB,415.0 MiB,13123.1 MiB
5,Python 3.6.15,binarytrees_compatible_all.py 21,76,1694216063,1165139,python,1:29.42,20432,13548,5412,100.0,0.1,1,3,1:29,0,4,8632,2,8283,0,13548,310,2,278,30,0,13.4,0.7,0.0,85.8,0.0,0.0,0.0,0.0,15794.9 MiB,3739.3 MiB,2030.5 MiB,10025.0 MiB,4096.0 MiB,3681.0 MiB,415.0 MiB,13123.1 MiB
5,Python 3.6.15,binarytrees_compatible_all.py 21,77,1694216064,1165139,python,1:30.59,20432,13548,5412,100.0,0.1,1,3,1:30,0,4,8632,2,8295,0,13548,310,2,278,30,0,13.5,1.5,0.0,85.0,0.0,0.0,0.0,0.0,15794.9 MiB,3739.6 MiB,2030.3 MiB,10025.0 MiB,4096.0 MiB,3681.0 MiB,415.0 MiB,13123.4 MiB
5,Python 3.6.15,binarytrees_compatible_all.py 21,78,1694216065,1165139,python,1:31.76,20432,13548,5412,93.8,0.1,1,3,1:31,0,4,8632,2,8308,0,13548,310,2,278,30,0,12.9,0.8,0.0,86.4,0.0,0.0,0.0,0.0,15794.9 MiB,3739.6 MiB,2030.3 MiB,10025.0 MiB,4096.0 MiB,3681.0 MiB,415.0 MiB,13123.4 MiB
5,Python 3.6.15,binarytrees_compatible_all.py 21,79,1694216067,1165139,python,1:32.94,20688,13804,5412,100.0,0.1,1,3,1:32,0,4,8888,2,8321,0,13804,310,2,278,30,0,12.9,0.8,0.0,86.4,0.0,0.0,0.0,0.0,15794.9 MiB,3739.6 MiB,2030.3 MiB,10025.0 MiB,4096.0 MiB,3681.0 MiB,415.0 MiB,13123.4 MiB
5,Python 3.6.15,binarytrees_compatible_all.py 21,80,1694216068,1165139,python,1:34.12,20688,13804,5412,100.0,0.1,1,3,1:34,0,4,8888,2,8333,0,13804,310,2,278,30,0,13.5,0.8,0.0,85.7,0.0,0.0,0.0,0.0,15794.9 MiB,3739.3 MiB,2030.5 MiB,10025.0 MiB,4096.0 MiB,3681.0 MiB,415.0 MiB,13123.1 MiB
5,Python 3.6.15,binarytrees_compatible_all.py 21,81,1694216069,1165139,python,1:35.29,20688,13804,5412,100.0,0.1,1,3,1:35,0,4,8888,2,8345,0,13804,310,2,278,30,0,12.2,0.8,0.0,87.0,0.0,0.0,0.0,0.0,15794.9 MiB,3739.3 MiB,2030.5 MiB,10025.0 MiB,4096.0 MiB,3681.0 MiB,415.0 MiB,13123.1 MiB
5,Python 3.6.15,binarytrees_compatible_all.py 21,82,1694216070,1165139,python,1:36.46,20688,13804,5412,93.8,0.1,1,3,1:36,0,4,8888,2,8357,0,13804,310,2,278,30,0,13.5,1.5,0.0,85.0,0.0,0.0,0.0,0.0,15794.9 MiB,3739.3 MiB,2030.5 MiB,10025.0 MiB,4096.0 MiB,3681.0 MiB,415.0 MiB,13123.1 MiB
5,Python 3.6.15,binarytrees_compatible_all.py 21,83,1694216071,1165139,python,1:37.64,20944,14060,5412,100.0,0.1,1,3,1:37,0,4,9144,2,8940,0,14060,310,2,278,30,0,12.9,0.8,0.0,86.4,0.0,0.0,0.0,0.0,15794.9 MiB,3739.3 MiB,2030.5 MiB,10025.0 MiB,4096.0 MiB,3681.0 MiB,415.0 MiB,13123.1 MiB
5,Python 3.6.15,binarytrees_compatible_all.py 21,84,1694216072,1165139,python,1:38.81,20944,14060,5412,100.0,0.1,1,3,1:38,0,4,9144,2,8940,0,14060,310,2,278,30,0,13.6,0.0,0.0,86.4,0.0,0.0,0.0,0.0,15794.9 MiB,3739.1 MiB,2030.8 MiB,10025.0 MiB,4096.0 MiB,3681.0 MiB,415.0 MiB,13122.9 MiB
5,Python 3.6.15,binarytrees_compatible_all.py 21,85,1694216074,1165139,python,1:39.99,20944,14060,5412,100.0,0.1,1,3,1:39,0,4,9144,2,8940,0,14060,310,2,278,30,0,12.9,0.8,0.0,86.4,0.0,0.0,0.0,0.0,15794.9 MiB,3739.1 MiB,2030.8 MiB,10025.0 MiB,4096.0 MiB,3681.0 MiB,415.0 MiB,13122.9 MiB
5,Python 3.6.15,binarytrees_compatible_all.py 21,86,1694216075,1165139,python,1:41.16,20944,14060,5412,100.0,0.1,1,3,1:41,0,4,9144,2,8940,0,14060,310,2,278,30,0,12.8,1.5,0.0,85.7,0.0,0.0,0.0,0.0,15794.9 MiB,3739.1 MiB,2030.8 MiB,10025.0 MiB,4096.0 MiB,3681.0 MiB,415.0 MiB,13122.9 MiB
5,Python 3.6.15,binarytrees_compatible_all.py 21,87,1694216076,1165139,python,1:42.34,20944,14060,5412,100.0,0.1,1,3,1:42,0,4,9144,2,8940,0,14060,310,2,278,30,0,12.9,0.8,0.0,86.4,0.0,0.0,0.0,0.0,15794.9 MiB,3739.1 MiB,2030.8 MiB,10025.0 MiB,4096.0 MiB,3681.0 MiB,415.0 MiB,13122.9 MiB
5,Python 3.6.15,binarytrees_compatible_all.py 21,88,1694216077,1165139,python,1:43.51,20944,14060,5412,100.0,0.1,1,3,1:43,0,4,9144,2,8940,0,14060,310,2,278,30,0,13.4,0.7,0.0,85.8,0.0,0.0,0.0,0.0,15794.9 MiB,3739.3 MiB,2030.5 MiB,10025.0 MiB,4096.0 MiB,3681.0 MiB,415.0 MiB,13123.1 MiB
5,Python 3.6.15,binarytrees_compatible_all.py 21,89,1694216078,1165139,python,1:44.69,20944,14060,5412,100.0,0.1,1,3,1:44,0,4,9144,2,8940,0,14060,310,2,278,30,0,12.2,0.8,0.0,87.0,0.0,0.0,0.0,0.0,15794.9 MiB,3739.3 MiB,2030.5 MiB,10025.0 MiB,4096.0 MiB,3681.0 MiB,415.0 MiB,13123.1 MiB
5,Python 3.6.15,binarytrees_compatible_all.py 21,90,1694216080,1165139,python,1:45.86,20944,14060,5412,93.8,0.1,1,3,1:45,0,4,9144,2,8940,0,14060,310,2,278,30,0,12.9,0.8,0.0,86.4,0.0,0.0,0.0,0.0,15794.9 MiB,3739.6 MiB,2030.3 MiB,10025.0 MiB,4096.0 MiB,3681.0 MiB,415.0 MiB,13123.4 MiB
5,Python 3.6.15,binarytrees_compatible_all.py 21,91,1694216081,1165139,python,1:47.04,20944,14060,5412,100.0,0.1,1,3,1:47,0,4,9144,2,8940,0,14060,310,2,278,30,0,12.9,0.8,0.0,86.4,0.0,0.0,0.0,0.0,15794.9 MiB,3739.6 MiB,2030.3 MiB,10025.0 MiB,4096.0 MiB,3681.0 MiB,415.0 MiB,13123.4 MiB
5,Python 3.6.15,binarytrees_compatible_all.py 21,92,1694216082,1165139,python,1:48.21,20944,14060,5412,100.0,0.1,1,3,1:48,0,4,9144,2,8940,0,14060,310,2,278,30,0,14.2,0.7,0.0,85.1,0.0,0.0,0.0,0.0,15794.9 MiB,3739.6 MiB,2030.2 MiB,10025.0 MiB,4096.0 MiB,3681.0 MiB,415.0 MiB,13123.4 MiB
5,Python 3.6.15,binarytrees_compatible_all.py 21,93,1694216083,1165139,python,1:49.39,20944,14060,5412,100.0,0.1,1,3,1:49,0,4,9144,2,8940,0,14060,310,2,278,30,0,12.9,0.8,0.0,86.4,0.0,0.0,0.0,0.0,15794.9 MiB,3739.6 MiB,2030.2 MiB,10025.0 MiB,4096.0 MiB,3681.0 MiB,415.0 MiB,13123.4 MiB
5,Python 3.6.15,binarytrees_compatible_all.py 21,94,1694216084,1165139,python,1:50.56,20944,14060,5412,93.8,0.1,1,3,1:50,0,4,9144,2,8940,0,14060,310,2,278,30,0,12.7,1.5,0.0,85.8,0.0,0.0,0.0,0.0,15794.9 MiB,3739.1 MiB,2030.7 MiB,10025.0 MiB,4096.0 MiB,3681.0 MiB,415.0 MiB,13122.9 MiB
5,Python 3.6.15,binarytrees_compatible_all.py 21,95,1694216085,1165139,python,1:51.74,20944,14060,5412,100.0,0.1,1,3,1:51,0,4,9144,2,8940,0,14060,310,2,278,30,0,12.8,1.5,0.0,85.7,0.0,0.0,0.0,0.0,15794.9 MiB,3739.1 MiB,2030.7 MiB,10025.0 MiB,4096.0 MiB,3681.0 MiB,415.0 MiB,13122.9 MiB
5,Python 3.6.15,binarytrees_compatible_all.py 21,96,1694216087,1165139,python,1:52.91,20944,14060,5412,100.0,0.1,1,3,1:52,0,4,9144,2,8940,0,14060,310,2,278,30,0,12.8,1.5,0.0,85.0,0.8,0.0,0.0,0.0,15794.9 MiB,3739.1 MiB,2030.7 MiB,10025.0 MiB,4096.0 MiB,3681.0 MiB,415.0 MiB,13122.9 MiB
5,Python 3.6.15,binarytrees_compatible_all.py 21,97,1694216088,1165139,python,1:54.09,20944,14060,5412,100.0,0.1,1,7,1:54,0,4,9144,2,8940,0,14060,310,2,278,30,0,12.9,0.8,0.0,86.4,0.0,0.0,0.0,0.0,15794.9 MiB,3738.9 MiB,2031.0 MiB,10025.0 MiB,4096.0 MiB,3681.0 MiB,415.0 MiB,13122.7 MiB
5,Python 3.6.15,binarytrees_compatible_all.py 21,98,1694216089,1165139,python,1:55.26,21200,14316,5412,93.8,0.1,1,7,1:55,0,4,9400,2,9012,0,14316,310,2,278,30,0,12.8,1.5,0.0,85.7,0.0,0.0,0.0,0.0,15794.9 MiB,3737.6 MiB,2032.2 MiB,10025.0 MiB,4096.0 MiB,3681.0 MiB,415.0 MiB,13121.4 MiB
5,Python 3.6.15,binarytrees_compatible_all.py 21,99,1694216090,1165139,python,1:56.44,21200,14316,5412,100.0,0.1,1,7,1:56,0,4,9400,2,9015,0,14316,310,2,278,30,0,13.4,0.7,0.0,85.8,0.0,0.0,0.0,0.0,15794.9 MiB,3737.6 MiB,2032.2 MiB,10025.0 MiB,4096.0 MiB,3681.0 MiB,415.0 MiB,13121.4 MiB
5,Python 3.6.15,binarytrees_compatible_all.py 21,100,1694216091,1165139,python,1:57.61,21200,14316,5412,100.0,0.1,1,7,1:57,0,4,9400,2,9018,0,14316,310,2,278,30,0,12.9,0.8,0.0,86.4,0.0,0.0,0.0,0.0,15794.9 MiB,3737.4 MiB,2032.5 MiB,10025.0 MiB,4096.0 MiB,3681.0 MiB,415.0 MiB,13121.2 MiB
5,Python 3.6.15,binarytrees_compatible_all.py 21,101,1694216092,1165139,python,1:58.79,21200,14316,5412,100.0,0.1,1,7,1:58,0,4,9400,2,9021,0,14316,310,2,278,30,0,12.8,1.5,0.0,85.7,0.0,0.0,0.0,0.0,15794.9 MiB,3737.4 MiB,2032.4 MiB,10025.0 MiB,4096.0 MiB,3681.0 MiB,415.0 MiB,13121.2 MiB
5,Python 3.6.15,binarytrees_compatible_all.py 21,102,1694216094,1165139,python,1:59.97,21200,14316,5412,100.0,0.1,1,7,1:59,0,4,9400,2,9024,0,14316,310,2,278,30,0,12.8,2.8,0.0,84.4,0.0,0.0,0.0,0.0,15794.9 MiB,3736.9 MiB,2032.9 MiB,10025.1 MiB,4096.0 MiB,3681.0 MiB,415.0 MiB,13120.7 MiB
5,Python 3.6.15,binarytrees_compatible_all.py 21,103,1694216095,1165139,python,2:01.15,21200,14316,5412,100.0,0.1,1,7,2:01,0,4,9400,2,9027,0,14316,310,2,278,30,0,13.5,0.8,0.0,85.7,0.0,0.0,0.0,0.0,15794.9 MiB,3736.9 MiB,2032.9 MiB,10025.1 MiB,4096.0 MiB,3681.0 MiB,415.0 MiB,13120.7 MiB
5,Python 3.6.15,binarytrees_compatible_all.py 21,104,1694216096,1165139,python,2:02.33,21200,14316,5412,100.0,0.1,1,7,2:02,0,4,9400,2,9030,0,14316,310,2,278,30,0,12.9,1.4,0.0,85.7,0.0,0.0,0.0,0.0,15794.9 MiB,3736.4 MiB,2033.4 MiB,10025.1 MiB,4096.0 MiB,3681.0 MiB,415.0 MiB,13120.2 MiB
5,Python 3.6.15,binarytrees_compatible_all.py 21,105,1694216097,1165139,python,2:03.51,25552,18668,5412,100.0,0.1,1,7,2:03,0,4,13752,2,16k,0,18668,310,2,278,30,0,12.1,1.5,0.0,86.4,0.0,0.0,0.0,0.0,15794.9 MiB,3736.4 MiB,2033.4 MiB,10025.1 MiB,4096.0 MiB,3681.0 MiB,415.0 MiB,13120.2 MiB
5,Python 3.6.15,binarytrees_compatible_all.py 21,106,1694216098,1165139,python,2:04.69,25552,18668,5412,100.0,0.1,1,7,2:04,0,4,13752,2,16k,0,18668,310,2,278,30,0,12.9,0.8,0.0,86.4,0.0,0.0,0.0,0.0,15794.9 MiB,3736.1 MiB,2033.7 MiB,10025.1 MiB,4096.0 MiB,3681.0 MiB,415.0 MiB,13120.0 MiB
5,Python 3.6.15,binarytrees_compatible_all.py 21,107,1694216100,1165139,python,2:05.86,25552,18668,5412,93.8,0.1,1,7,2:05,0,4,13752,2,16k,0,18668,310,2,278,30,0,12.1,1.5,0.0,86.4,0.0,0.0,0.0,0.0,15794.9 MiB,3736.1 MiB,2033.7 MiB,10025.1 MiB,4096.0 MiB,3681.0 MiB,415.0 MiB,13120.0 MiB
5,Python 3.6.15,binarytrees_compatible_all.py 21,108,1694216101,1165139,python,2:07.04,25552,18668,5412,100.0,0.1,1,7,2:07,0,4,13752,2,16k,0,18668,310,2,278,30,0,13.3,2.2,0.0,84.4,0.0,0.0,0.0,0.0,15794.9 MiB,3735.7 MiB,2034.2 MiB,10025.1 MiB,4096.0 MiB,3681.0 MiB,415.0 MiB,13119.5 MiB
5,Python 3.6.15,binarytrees_compatible_all.py 21,109,1694216102,1165139,python,2:08.21,25552,18668,5412,100.0,0.1,1,7,2:08,0,4,13752,2,16k,0,18668,310,2,278,30,0,12.9,0.8,0.0,86.4,0.0,0.0,0.0,0.0,15794.9 MiB,3735.9 MiB,2033.9 MiB,10025.1 MiB,4096.0 MiB,3681.0 MiB,415.0 MiB,13119.8 MiB
5,Python 3.6.15,binarytrees_compatible_all.py 21,110,1694216103,1165139,python,2:09.39,25552,18668,5412,100.0,0.1,1,7,2:09,0,4,13752,2,16k,0,18668,310,2,278,30,0,12.1,0.8,0.0,87.1,0.0,0.0,0.0,0.0,15794.9 MiB,3735.9 MiB,2033.9 MiB,10025.1 MiB,4096.0 MiB,3681.0 MiB,415.0 MiB,13119.8 MiB
5,Python 3.6.15,binarytrees_compatible_all.py 21,111,1694216104,1165139,python,2:10.56,25552,18668,5412,93.8,0.1,1,7,2:10,0,4,13752,2,16k,0,18668,310,2,278,30,0,12.0,1.5,0.0,86.5,0.0,0.0,0.0,0.0,15794.9 MiB,3735.7 MiB,2034.0 MiB,10025.2 MiB,4096.0 MiB,3681.0 MiB,415.0 MiB,13119.6 MiB
5,Python 3.6.15,binarytrees_compatible_all.py 21,112,1694216105,1165139,python,2:11.74,25552,18668,5412,100.0,0.1,1,7,2:11,0,4,13752,2,16k,0,18668,310,2,278,30,0,12.8,0.8,0.0,86.5,0.0,0.0,0.0,0.0,15794.9 MiB,3735.9 MiB,2033.8 MiB,10025.2 MiB,4096.0 MiB,3681.0 MiB,415.0 MiB,13119.8 MiB
5,Python 3.6.15,binarytrees_compatible_all.py 21,113,1694216107,1165139,python,2:12.91,25552,18668,5412,93.8,0.1,1,7,2:12,0,4,13752,2,16k,0,18668,310,2,278,30,0,12.9,0.8,0.0,86.4,0.0,0.0,0.0,0.0,15794.9 MiB,3737.1 MiB,2032.5 MiB,10025.2 MiB,4096.0 MiB,3681.0 MiB,415.0 MiB,13121.1 MiB
5,Python 3.6.15,binarytrees_compatible_all.py 21,114,1694216108,1165139,python,2:14.09,25552,18668,5412,100.0,0.1,1,7,2:14,0,4,13752,2,16k,0,18668,310,2,278,30,0,14.2,1.5,0.0,84.3,0.0,0.0,0.0,0.0,15794.9 MiB,3736.9 MiB,2032.8 MiB,10025.2 MiB,4096.0 MiB,3681.0 MiB,415.0 MiB,13120.9 MiB
5,Python 3.6.15,binarytrees_compatible_all.py 21,115,1694216109,1165139,python,2:15.26,25552,18668,5412,100.0,0.1,1,7,2:15,0,4,13752,2,16k,0,18668,310,2,278,30,0,13.5,0.8,0.0,85.7,0.0,0.0,0.0,0.0,15794.9 MiB,3737.1 MiB,2032.5 MiB,10025.2 MiB,4096.0 MiB,3681.0 MiB,415.0 MiB,13121.1 MiB
5,Python 3.6.15,binarytrees_compatible_all.py 21,116,1694216110,1165139,python,2:16.44,25552,18668,5412,100.0,0.1,1,7,2:16,0,4,13752,2,16k,0,18668,310,2,278,30,0,13.5,0.8,0.0,85.7,0.0,0.0,0.0,0.0,15794.9 MiB,3737.1 MiB,2032.5 MiB,10025.2 MiB,4096.0 MiB,3681.0 MiB,415.0 MiB,13121.1 MiB
5,Python 3.6.15,binarytrees_compatible_all.py 21,117,1694216111,1165139,python,2:17.61,25552,18668,5412,93.8,0.1,1,7,2:17,0,4,13752,2,16k,0,18668,310,2,278,30,0,12.7,1.5,0.0,85.8,0.0,0.0,0.0,0.0,15794.9 MiB,3737.4 MiB,2032.3 MiB,10025.2 MiB,4096.0 MiB,3681.0 MiB,415.0 MiB,13121.4 MiB
5,Python 3.6.15,binarytrees_compatible_all.py 21,118,1694216112,1165139,python,2:18.79,25552,18668,5412,100.0,0.1,1,7,2:18,0,4,13752,2,16k,0,18668,310,2,278,30,0,12.1,1.5,0.0,86.4,0.0,0.0,0.0,0.0,15794.9 MiB,3736.9 MiB,2032.8 MiB,10025.2 MiB,4096.0 MiB,3681.0 MiB,415.0 MiB,13120.9 MiB
5,Python 3.6.15,binarytrees_compatible_all.py 21,119,1694216114,1165139,python,2:19.96,25552,18668,5412,100.0,0.1,1,7,2:19,0,4,13752,2,16k,0,18668,310,2,278,30,0,13.4,1.5,0.0,85.1,0.0,0.0,0.0,0.0,15794.9 MiB,3736.6 MiB,2033.0 MiB,10025.2 MiB,4096.0 MiB,3681.0 MiB,415.0 MiB,13120.7 MiB
5,Python 3.6.15,binarytrees_compatible_all.py 21,120,1694216115,1165139,python,2:21.14,25552,18668,5412,100.0,0.1,1,7,2:21,0,4,13752,2,16k,0,18668,310,2,278,30,0,13.5,1.5,0.0,85.0,0.0,0.0,0.0,0.0,15794.9 MiB,3736.4 MiB,2033.2 MiB,10025.2 MiB,4096.0 MiB,3681.0 MiB,415.0 MiB,13120.4 MiB
5,Python 3.6.15,binarytrees_compatible_all.py 21,121,1694216116,1165139,python,2:22.32,25552,18668,5412,100.0,0.1,1,7,2:22,0,4,13752,2,16k,0,18668,310,2,278,30,0,12.8,1.5,0.0,85.7,0.0,0.0,0.0,0.0,15794.9 MiB,3736.7 MiB,2033.0 MiB,10025.2 MiB,4096.0 MiB,3681.0 MiB,415.0 MiB,13120.7 MiB
5,Python 3.6.15,binarytrees_compatible_all.py 21,122,1694216117,1165139,python,2:23.49,25552,18668,5412,100.0,0.1,1,7,2:23,0,4,13752,2,16k,0,18668,310,2,278,30,0,12.9,0.8,0.0,86.4,0.0,0.0,0.0,0.0,15794.9 MiB,3736.2 MiB,2033.4 MiB,10025.2 MiB,4096.0 MiB,3681.0 MiB,415.0 MiB,13120.2 MiB
5,Python 3.6.15,binarytrees_compatible_all.py 21,123,1694216118,1165139,python,2:24.66,25552,18668,5412,93.8,0.1,1,3,2:24,0,4,13752,2,16k,0,18668,310,2,278,30,0,12.9,0.8,0.0,86.4,0.0,0.0,0.0,0.0,15794.9 MiB,3736.2 MiB,2033.4 MiB,10025.2 MiB,4096.0 MiB,3681.0 MiB,415.0 MiB,13120.2 MiB
5,Python 3.6.15,binarytrees_compatible_all.py 21,124,1694216119,1165139,python,2:25.84,25552,18668,5412,100.0,0.1,1,3,2:25,0,4,13752,2,16k,0,18668,310,2,278,30,0,13.5,0.0,0.0,85.7,0.8,0.0,0.0,0.0,15794.9 MiB,3735.9 MiB,2033.7 MiB,10025.2 MiB,4096.0 MiB,3681.0 MiB,415.0 MiB,13120.0 MiB
5,Python 3.6.15,binarytrees_compatible_all.py 21,125,1694216121,1165139,python,2:27.02,25552,18668,5412,100.0,0.1,1,3,2:27,0,4,13752,2,16k,0,18668,310,2,278,30,0,14.9,0.7,0.0,84.3,0.0,0.0,0.0,0.0,15794.9 MiB,3735.9 MiB,2033.7 MiB,10025.2 MiB,4096.0 MiB,3681.0 MiB,415.0 MiB,13120.0 MiB
5,Python 3.6.15,binarytrees_compatible_all.py 21,126,1694216122,1165139,python,2:28.19,25552,18668,5412,100.0,0.1,1,3,2:28,0,4,13752,2,16k,0,18668,310,2,278,30,0,13.4,0.7,0.0,85.8,0.0,0.0,0.0,0.0,15794.9 MiB,3737.4 MiB,2032.2 MiB,10025.2 MiB,4096.0 MiB,3681.0 MiB,415.0 MiB,13121.4 MiB
5,Python 3.6.15,binarytrees_compatible_all.py 21,127,1694216123,1165139,python,2:29.37,44240,37428,5412,100.0,0.2,1,3,2:29,0,4,32440,2,69k,0,37428,310,2,278,30,0,12.6,2.2,0.0,85.2,0.0,0.0,0.0,0.0,15794.9 MiB,3727.1 MiB,2042.5 MiB,10025.2 MiB,4096.0 MiB,3681.0 MiB,415.0 MiB,13111.1 MiB
5,Python 3.6.15,binarytrees_compatible_all.py 21,128,1694216124,1165139,python,2:30.54,39120,32328,5412,93.8,0.2,1,3,2:30,0,4,27320,2,109k,0,32328,310,2,278,30,0,12.7,1.5,0.0,85.8,0.0,0.0,0.0,0.0,15794.9 MiB,3727.1 MiB,2042.5 MiB,10025.2 MiB,4096.0 MiB,3681.0 MiB,415.0 MiB,13111.1 MiB
5,Python 3.6.15,binarytrees_compatible_all.py 21,129,1694216125,1165139,python,2:31.72,41936,35144,5412,100.0,0.2,1,3,2:31,0,4,30136,2,136k,0,35144,310,2,278,30,0,12.8,1.5,0.0,85.7,0.0,0.0,0.0,0.0,15794.9 MiB,3727.1 MiB,2042.5 MiB,10025.3 MiB,4096.0 MiB,3681.0 MiB,415.0 MiB,13111.1 MiB
5,Python 3.6.15,binarytrees_compatible_all.py 21,130,1694216127,1165139,python,2:32.90,44496,37656,5412,100.0,0.2,1,3,2:32,0,4,32696,2,147k,0,37656,310,2,278,30,0,12.8,0.8,0.0,86.5,0.0,0.0,0.0,0.0,15794.9 MiB,3727.4 MiB,2042.2 MiB,10025.3 MiB,4096.0 MiB,3681.0 MiB,415.0 MiB,13111.4 MiB
5,Python 3.6.15,binarytrees_compatible_all.py 21,131,1694216128,1165139,python,2:34.07,44496,37612,5412,93.8,0.2,1,3,2:34,0,4,32696,2,149k,0,37612,310,2,278,30,0,14.2,0.7,0.0,85.1,0.0,0.0,0.0,0.0,15794.9 MiB,3727.1 MiB,2042.5 MiB,10025.3 MiB,4096.0 MiB,3681.0 MiB,415.0 MiB,13111.2 MiB
5,Python 3.6.15,binarytrees_compatible_all.py 21,132,1694216129,1165139,python,2:35.25,44496,37612,5412,100.0,0.2,1,3,2:35,0,4,32696,2,149k,0,37612,310,2,278,30,0,12.9,0.8,0.0,86.4,0.0,0.0,0.0,0.0,15794.9 MiB,3727.4 MiB,2042.2 MiB,10025.3 MiB,4096.0 MiB,3681.0 MiB,415.0 MiB,13111.4 MiB
5,Python 3.6.15,binarytrees_compatible_all.py 21,133,1694216130,1165139,python,2:36.42,44496,37612,5412,93.8,0.2,1,3,2:36,0,4,32696,2,149k,0,37612,310,2,278,30,0,12.2,1.5,0.0,86.3,0.0,0.0,0.0,0.0,15794.9 MiB,3727.6 MiB,2042.0 MiB,10025.3 MiB,4096.0 MiB,3681.0 MiB,415.0 MiB,13111.6 MiB
5,Python 3.6.15,binarytrees_compatible_all.py 21,134,1694216131,1165139,python,2:37.60,44496,37612,5412,100.0,0.2,1,3,2:37,0,4,32696,2,149k,0,37612,310,2,278,30,0,12.8,1.5,0.0,85.7,0.0,0.0,0.0,0.0,15794.9 MiB,3727.6 MiB,2042.0 MiB,10025.3 MiB,4096.0 MiB,3681.0 MiB,415.0 MiB,13111.6 MiB
5,Python 3.6.15,binarytrees_compatible_all.py 21,135,1694216132,1165139,python,2:38.78,44496,37612,5412,100.0,0.2,1,3,2:38,0,4,32696,2,149k,0,37612,310,2,278,30,0,13.5,0.8,0.0,85.7,0.0,0.0,0.0,0.0,15794.9 MiB,3727.4 MiB,2042.2 MiB,10025.3 MiB,4096.0 MiB,3681.0 MiB,415.0 MiB,13111.4 MiB
5,Python 3.6.15,binarytrees_compatible_all.py 21,136,1694216134,1165139,python,2:39.95,44496,37612,5412,100.0,0.2,1,3,2:39,0,4,32696,2,149k,0,37612,310,2,278,30,0,13.5,0.8,0.0,85.7,0.0,0.0,0.0,0.0,15794.9 MiB,3727.1 MiB,2042.5 MiB,10025.3 MiB,4096.0 MiB,3681.0 MiB,415.0 MiB,13111.2 MiB
5,Python 3.6.15,binarytrees_compatible_all.py 21,137,1694216135,1165139,python,2:41.13,44496,37612,5412,100.0,0.2,1,3,2:41,0,4,32696,2,149k,0,37612,310,2,278,30,0,13.5,0.8,0.0,85.7,0.0,0.0,0.0,0.0,15794.9 MiB,3727.1 MiB,2042.5 MiB,10025.3 MiB,4096.0 MiB,3681.0 MiB,415.0 MiB,13111.2 MiB
5,Python 3.6.15,binarytrees_compatible_all.py 21,138,1694216136,1165139,python,2:42.30,44496,37612,5412,100.0,0.2,1,3,2:42,0,4,32696,2,149k,0,37612,310,2,278,30,0,12.8,0.8,0.0,86.5,0.0,0.0,0.0,0.0,15794.9 MiB,3726.9 MiB,2042.7 MiB,10025.3 MiB,4096.0 MiB,3681.0 MiB,415.0 MiB,13110.9 MiB
5,Python 3.6.15,binarytrees_compatible_all.py 21,139,1694216137,1165139,python,2:43.48,44496,37612,5412,100.0,0.2,1,3,2:43,0,4,32696,2,149k,0,37612,310,2,278,30,0,12.9,0.8,0.0,86.4,0.0,0.0,0.0,0.0,15794.9 MiB,3728.1 MiB,2041.5 MiB,10025.3 MiB,4096.0 MiB,3681.0 MiB,415.0 MiB,13112.2 MiB
5,Python 3.6.15,binarytrees_compatible_all.py 21,140,1694216138,1165139,python,2:44.65,44496,37612,5412,100.0,0.2,1,3,2:44,0,4,32696,2,149k,0,37612,310,2,278,30,0,13.5,0.8,0.0,85.7,0.0,0.0,0.0,0.0,15794.9 MiB,3728.4 MiB,2041.2 MiB,10025.3 MiB,4096.0 MiB,3681.0 MiB,415.0 MiB,13112.4 MiB
5,Python 3.6.15,binarytrees_compatible_all.py 21,141,1694216139,1165139,python,2:45.83,44496,37612,5412,100.0,0.2,1,3,2:45,0,4,32696,2,149k,0,37612,310,2,278,30,0,13.3,1.5,0.0,85.2,0.0,0.0,0.0,0.0,15794.9 MiB,3728.6 MiB,2041.0 MiB,10025.3 MiB,4096.0 MiB,3681.0 MiB,415.0 MiB,13112.7 MiB
5,Python 3.6.15,binarytrees_compatible_all.py 21,142,1694216141,1165139,python,2:47.00,44496,37612,5412,100.0,0.2,1,3,2:47,0,4,32696,2,149k,0,37612,310,2,278,30,0,12.8,0.8,0.0,86.5,0.0,0.0,0.0,0.0,15794.9 MiB,3728.6 MiB,2041.0 MiB,10025.3 MiB,4096.0 MiB,3681.0 MiB,415.0 MiB,13112.7 MiB
5,Python 3.6.15,binarytrees_compatible_all.py 21,143,1694216142,1165139,python,2:48.17,44496,37612,5412,93.8,0.2,1,3,2:48,0,4,32696,2,149k,0,37612,310,2,278,30,0,13.5,0.8,0.0,85.7,0.0,0.0,0.0,0.0,15794.9 MiB,3729.3 MiB,2040.2 MiB,10025.3 MiB,4096.0 MiB,3681.0 MiB,415.0 MiB,13113.4 MiB
5,Python 3.6.15,binarytrees_compatible_all.py 21,144,1694216143,1165139,python,2:49.35,44496,37612,5412,100.0,0.2,1,3,2:49,0,4,32696,2,149k,0,37612,310,2,278,30,0,12.9,0.8,0.0,86.4,0.0,0.0,0.0,0.0,15794.9 MiB,3729.1 MiB,2040.5 MiB,10025.3 MiB,4096.0 MiB,3681.0 MiB,415.0 MiB,13113.2 MiB
5,Python 3.6.15,binarytrees_compatible_all.py 21,145,1694216144,1165139,python,2:50.53,44496,37612,5412,100.0,0.2,1,3,2:50,0,4,32696,2,149k,0,37612,310,2,278,30,0,12.2,1.5,0.0,86.3,0.0,0.0,0.0,0.0,15794.9 MiB,3729.1 MiB,2040.5 MiB,10025.3 MiB,4096.0 MiB,3681.0 MiB,415.0 MiB,13113.2 MiB
5,Python 3.6.15,binarytrees_compatible_all.py 21,146,1694216145,1165139,python,2:51.70,44496,37612,5412,100.0,0.2,1,3,2:51,0,4,32696,2,149k,0,37612,310,2,278,30,0,12.8,1.5,0.0,85.7,0.0,0.0,0.0,0.0,15794.9 MiB,3729.1 MiB,2040.5 MiB,10025.3 MiB,4096.0 MiB,3681.0 MiB,415.0 MiB,13113.2 MiB
5,Python 3.6.15,binarytrees_compatible_all.py 21,147,1694216147,1165139,python,2:52.87,44496,37612,5412,93.8,0.2,1,3,2:52,0,4,32696,2,149k,0,37612,310,2,278,30,0,12.8,1.5,0.0,85.7,0.0,0.0,0.0,0.0,15794.9 MiB,3729.6 MiB,2040.0 MiB,10025.3 MiB,4096.0 MiB,3681.0 MiB,415.0 MiB,13113.7 MiB
5,Python 3.6.15,binarytrees_compatible_all.py 21,148,1694216148,1165139,python,2:54.05,44496,37612,5412,100.0,0.2,1,3,2:54,0,4,32696,2,149k,0,37612,310,2,278,30,0,12.1,1.5,0.0,86.4,0.0,0.0,0.0,0.0,15794.9 MiB,3730.1 MiB,2039.5 MiB,10025.3 MiB,4096.0 MiB,3681.0 MiB,415.0 MiB,13114.2 MiB
5,Python 3.6.15,binarytrees_compatible_all.py 21,149,1694216149,1165139,python,2:55.22,70864,63928,5412,93.8,0.4,1,3,2:55,0,4,59064,2,161k,0,63928,310,2,278,30,0,12.0,2.3,0.0,85.7,0.0,0.0,0.0,0.0,15794.9 MiB,3706.0 MiB,2063.6 MiB,10025.3 MiB,4096.0 MiB,3681.0 MiB,415.0 MiB,13090.1 MiB
5,Python 3.6.15,binarytrees_compatible_all.py 21,150,1694216150,1165139,python,2:56.40,95440,88660,5412,100.0,0.5,1,3,2:56,0,4,83640,2,226k,0,88660,310,2,278,30,0,12.8,1.5,0.0,85.7,0.0,0.0,0.0,0.0,15794.9 MiB,3683.8 MiB,2085.7 MiB,10025.3 MiB,4096.0 MiB,3681.0 MiB,415.0 MiB,13067.9 MiB
5,Python 3.6.15,binarytrees_compatible_all.py 21,151,1694216151,1165139,python,2:57.57,114896,108192,5412,100.0,0.7,1,3,2:57,0,4,103096,2,291k,0,108192,310,2,278,30,0,12.0,2.3,0.0,85.7,0.0,0.0,0.0,0.0,15794.9 MiB,3659.2 MiB,2110.3 MiB,10025.3 MiB,4096.0 MiB,3681.0 MiB,415.0 MiB,13043.3 MiB
5,Python 3.6.15,binarytrees_compatible_all.py 21,152,1694216152,1165139,python,2:58.75,71632,64928,5412,100.0,0.4,1,3,2:58,0,4,59832,2,349k,0,64928,310,2,278,30,0,11.4,2.3,0.0,86.4,0.0,0.0,0.0,0.0,15794.9 MiB,3695.1 MiB,2074.5 MiB,10025.3 MiB,4096.0 MiB,3681.0 MiB,415.0 MiB,13079.2 MiB
5,Python 3.6.15,binarytrees_compatible_all.py 21,153,1694216154,1165139,python,2:59.92,77264,70380,5412,93.8,0.4,1,3,2:59,0,4,65464,2,407k,0,70380,310,2,278,30,0,11.3,3.0,0.0,85.7,0.0,0.0,0.0,0.0,15794.9 MiB,3693.0 MiB,2076.5 MiB,10025.3 MiB,4096.0 MiB,3681.0 MiB,415.0 MiB,13077.1 MiB
5,Python 3.6.15,binarytrees_compatible_all.py 21,154,1694216155,1165139,python,3:01.10,102608,95772,5412,100.0,0.6,1,7,3:01,0,4,90808,2,469k,0,95772,310,2,278,30,0,12.8,1.5,0.0,85.7,0.0,0.0,0.0,0.0,15794.9 MiB,3678.4 MiB,2091.1 MiB,10025.3 MiB,4096.0 MiB,3681.0 MiB,415.0 MiB,13062.5 MiB
5,Python 3.6.15,binarytrees_compatible_all.py 21,155,1694216156,1165139,python,3:02.27,83920,77216,5412,100.0,0.5,1,7,3:02,0,4,72120,2,529k,0,77216,310,2,278,30,0,12.7,2.2,0.0,85.1,0.0,0.0,0.0,0.0,15794.9 MiB,3667.1 MiB,2102.4 MiB,10025.3 MiB,4096.0 MiB,3681.0 MiB,415.0 MiB,13051.2 MiB
5,Python 3.6.15,binarytrees_compatible_all.py 21,156,1694216157,1165139,python,3:03.45,76496,69792,5412,100.0,0.4,1,7,3:03,0,4,64696,2,583k,0,69792,310,2,278,30,0,13.5,0.8,0.0,85.7,0.0,0.0,0.0,0.0,15794.9 MiB,3691.2 MiB,2078.3 MiB,10025.3 MiB,4096.0 MiB,3681.0 MiB,415.0 MiB,13075.4 MiB
5,Python 3.6.15,binarytrees_compatible_all.py 21,157,1694216158,1165139,python,3:04.62,84432,77492,5412,93.8,0.5,1,7,3:04,0,4,72632,2,639k,0,77492,310,2,278,30,0,10.6,3.0,0.0,86.4,0.0,0.0,0.0,0.0,15794.9 MiB,3692.8 MiB,2076.8 MiB,10025.3 MiB,4096.0 MiB,3681.0 MiB,415.0 MiB,13076.9 MiB
5,Python 3.6.15,binarytrees_compatible_all.py 21,158,1694216159,1165139,python,3:05.80,110800,104068,5412,100.0,0.6,1,7,3:05,0,4,99000,2,698k,0,104068,310,2,278,30,0,14.1,2.2,0.0,83.7,0.0,0.0,0.0,0.0,15794.9 MiB,3669.8 MiB,2099.8 MiB,10025.3 MiB,4096.0 MiB,3681.0 MiB,415.0 MiB,13053.9 MiB
5,Python 3.6.15,binarytrees_compatible_all.py 21,159,1694216161,1165139,python,3:06.98,78544,71840,5412,100.0,0.4,1,7,3:06,0,4,66744,2,753k,0,71840,310,2,278,30,0,13.0,0.8,0.0,86.3,0.0,0.0,0.0,0.0,15794.9 MiB,3689.2 MiB,2080.3 MiB,10025.3 MiB,4096.0 MiB,3681.0 MiB,415.0 MiB,13073.3 MiB
5,Python 3.6.15,binarytrees_compatible_all.py 21,160,1694216162,1165139,python,3:08.15,77008,70304,5412,93.8,0.4,1,7,3:08,0,4,65208,2,804k,0,70304,310,2,278,30,0,12.8,1.5,0.0,85.7,0.0,0.0,0.0,0.0,15794.9 MiB,3691.0 MiB,2078.5 MiB,10025.3 MiB,4096.0 MiB,3681.0 MiB,415.0 MiB,13075.1 MiB
5,Python 3.6.15,binarytrees_compatible_all.py 21,161,1694216163,1165139,python,3:09.32,99024,92124,5412,93.8,0.6,1,7,3:09,0,4,87224,2,859k,0,92124,310,2,278,30,0,12.9,0.8,0.0,86.4,0.0,0.0,0.0,0.0,15794.9 MiB,3680.9 MiB,2088.7 MiB,10025.3 MiB,4096.0 MiB,3681.0 MiB,415.0 MiB,13065.0 MiB
5,Python 3.6.15,binarytrees_compatible_all.py 21,162,1694216164,1165139,python,3:10.50,80592,73888,5412,93.8,0.5,1,7,3:10,0,4,68792,2,914k,0,73888,310,2,278,30,0,12.9,0.8,0.0,86.4,0.0,0.0,0.0,0.0,15794.9 MiB,3676.3 MiB,2093.2 MiB,10025.3 MiB,4096.0 MiB,3681.0 MiB,415.0 MiB,13060.4 MiB
5,Python 3.6.15,binarytrees_compatible_all.py 21,163,1694216165,1165139,python,3:11.68,79056,72352,5412,100.0,0.4,1,7,3:11,0,4,67256,2,963k,0,72352,310,3,277,30,0,11.1,3.7,0.0,85.2,0.0,0.0,0.0,0.0,15794.9 MiB,3688.2 MiB,2081.3 MiB,10025.3 MiB,4096.0 MiB,3681.0 MiB,415.0 MiB,13072.3 MiB
5,Python 3.6.15,binarytrees_compatible_all.py 21,164,1694216166,1165139,python,3:12.85,93904,87044,5412,100.0,0.5,1,7,3:12,0,4,82104,2,1.0m,0,87044,310,2,278,30,0,12.8,1.5,0.0,85.0,0.8,0.0,0.0,0.0,15794.9 MiB,3686.3 MiB,2083.2 MiB,10025.3 MiB,4096.0 MiB,3681.0 MiB,415.0 MiB,13070.4 MiB
5,Python 3.6.15,binarytrees_compatible_all.py 21,165,1694216168,1165139,python,3:14.03,112848,106144,5412,100.0,0.7,1,7,3:14,0,4,101048,2,1.0m,0,106144,310,2,278,30,0,12.1,1.5,0.0,86.4,0.0,0.0,0.0,0.0,15794.9 MiB,3659.5 MiB,2110.1 MiB,10025.3 MiB,4096.0 MiB,3681.0 MiB,415.0 MiB,13043.6 MiB
5,Python 3.6.15,binarytrees_compatible_all.py 21,166,1694216169,1165139,python,3:15.20,81104,74400,5412,93.8,0.5,1,7,3:15,0,4,69304,2,1.1m,0,74400,310,2,278,30,0,11.3,3.0,0.0,85.7,0.0,0.0,0.0,0.0,15794.9 MiB,3686.7 MiB,2082.8 MiB,10025.3 MiB,4096.0 MiB,3681.0 MiB,415.0 MiB,13070.8 MiB
5,Python 3.6.15,binarytrees_compatible_all.py 21,167,1694216170,1165139,python,3:16.38,87504,80644,5412,100.0,0.5,1,7,3:16,0,4,75704,2,1.1m,0,80644,310,2,278,30,0,12.1,1.5,0.0,86.4,0.0,0.0,0.0,0.0,15794.9 MiB,3684.1 MiB,2085.4 MiB,10025.4 MiB,4096.0 MiB,3681.0 MiB,415.0 MiB,13068.3 MiB
5,Python 3.6.15,binarytrees_compatible_all.py 21,168,1694216171,1165139,python,3:17.55,118224,111264,5412,100.0,0.7,1,7,3:17,0,4,106424,2,1.2m,0,111264,310,2,278,30,0,12.1,1.5,0.0,86.4,0.0,0.0,0.0,0.0,15794.9 MiB,3660.9 MiB,2108.6 MiB,10025.4 MiB,4096.0 MiB,3681.0 MiB,415.0 MiB,13045.1 MiB
5,Python 3.6.15,binarytrees_compatible_all.py 21,169,1694216172,1165139,python,3:18.73,83152,76448,5412,100.0,0.5,1,7,3:18,0,4,71352,2,1.2m,0,76448,310,2,278,30,0,11.9,2.2,0.0,85.8,0.0,0.0,0.0,0.0,15794.9 MiB,3684.8 MiB,2084.7 MiB,10025.4 MiB,4096.0 MiB,3681.0 MiB,415.0 MiB,13069.0 MiB
5,Python 3.6.15,binarytrees_compatible_all.py 21,170,1694216174,1165139,python,3:19.91,88016,81108,5412,100.0,0.5,1,7,3:19,0,4,76216,2,1.3m,0,81108,310,2,278,30,0,12.9,1.5,0.0,85.6,0.0,0.0,0.0,0.0,15794.9 MiB,3681.1 MiB,2088.4 MiB,10025.4 MiB,4096.0 MiB,3681.0 MiB,415.0 MiB,13065.3 MiB
5,Python 3.6.15,binarytrees_compatible_all.py 21,171,1694216175,1165139,python,3:21.08,116432,109728,5412,100.0,0.7,1,7,3:21,0,4,104632,2,1.3m,0,109728,310,2,278,30,0,11.9,2.2,0.0,85.8,0.0,0.0,0.0,0.0,15794.9 MiB,3659.7 MiB,2109.8 MiB,10025.4 MiB,4096.0 MiB,3681.0 MiB,415.0 MiB,13043.9 MiB
5,Python 3.6.15,binarytrees_compatible_all.py 21,172,1694216176,1165139,python,3:22.25,85200,78496,5412,93.8,0.5,1,7,3:22,0,4,73400,2,1.4m,0,78496,310,2,278,30,0,12.1,1.5,0.0,86.4,0.0,0.0,0.0,0.0,15794.9 MiB,3681.6 MiB,2087.9 MiB,10025.4 MiB,4096.0 MiB,3681.0 MiB,415.0 MiB,13065.8 MiB
5,Python 3.6.15,binarytrees_compatible_all.py 21,173,1694216177,1165139,python,3:23.42,31184,24320,5412,100.0,0.2,1,7,3:23,0,4,19384,2,1.4m,0,24320,310,2,278,30,0,11.2,3.0,0.0,85.8,0.0,0.0,0.0,0.0,15794.9 MiB,3744.1 MiB,2025.4 MiB,10025.4 MiB,4096.0 MiB,3681.0 MiB,415.0 MiB,13128.3 MiB
5,Python 3.6.15,binarytrees_compatible_all.py 21,174,1694216178,1165139,python,3:24.60,386512,379664,5412,100.0,2.3,1,7,3:24,0,4,374712,2,1.5m,0,379664,310,2,278,30,0,10.5,3.8,0.0,85.7,0.0,0.0,0.0,0.0,15794.9 MiB,3399.3 MiB,2370.1 MiB,10025.4 MiB,4096.0 MiB,3681.0 MiB,415.0 MiB,12783.5 MiB
5,Python 3.6.15,binarytrees_compatible_all.py 21,175,1694216179,1165139,python,3:25.79,220624,213996,5412,94.1,1.3,1,7,3:25,0,4,208824,2,1.5m,0,213996,310,2,278,30,0,12.8,2.1,0.0,85.1,0.0,0.0,0.0,0.0,15794.9 MiB,3549.0 MiB,2220.5 MiB,10025.4 MiB,4096.0 MiB,3681.0 MiB,415.0 MiB,12933.1 MiB
5,Python 3.6.15,binarytrees_compatible_all.py 21,176,1694216181,1165139,python,3:26.96,246992,240056,5412,100.0,1.5,1,7,3:26,0,4,235192,2,1.6m,0,240056,310,2,278,30,0,12.7,1.5,0.0,85.8,0.0,0.0,0.0,0.0,15794.9 MiB,3535.7 MiB,2233.8 MiB,10025.4 MiB,4096.0 MiB,3681.0 MiB,415.0 MiB,12919.8 MiB
5,Python 3.6.15,binarytrees_compatible_all.py 21,177,1694216182,1165139,python,3:28.14,369872,362880,5412,100.0,2.2,1,7,3:28,0,4,358072,2,1.7m,0,362880,310,2,278,30,0,12.0,2.3,0.0,85.7,0.0,0.0,0.0,0.0,15794.9 MiB,3414.6 MiB,2354.9 MiB,10025.4 MiB,4096.0 MiB,3681.0 MiB,415.0 MiB,12798.8 MiB
5,Python 3.6.15,binarytrees_compatible_all.py 21,178,1694216183,1165139,python,3:29.32,221136,214508,5412,100.0,1.3,1,7,3:29,0,4,209336,2,1.7m,0,214508,310,2,278,30,0,13.4,1.5,0.0,85.1,0.0,0.0,0.0,0.0,15794.9 MiB,3547.6 MiB,2221.9 MiB,10025.4 MiB,4096.0 MiB,3681.0 MiB,415.0 MiB,12931.7 MiB
5,Python 3.6.15,binarytrees_compatible_all.py 21,179,1694216184,1165139,python,3:30.49,230352,223408,5412,100.0,1.4,1,7,3:30,0,4,218552,2,1.8m,0,223408,310,2,278,30,0,12.8,1.5,0.0,85.7,0.0,0.0,0.0,0.0,15794.9 MiB,3545.3 MiB,2224.2 MiB,10025.4 MiB,4096.0 MiB,3681.0 MiB,415.0 MiB,12929.5 MiB
5,Python 3.6.15,binarytrees_compatible_all.py 21,180,1694216185,1165139,python,3:31.66,351440,344648,5412,93.8,2.1,1,7,3:31,0,4,339640,2,1.9m,0,344648,310,2,278,30,0,12.7,1.5,0.0,85.8,0.0,0.0,0.0,0.0,15794.9 MiB,3432.8 MiB,2336.7 MiB,10025.4 MiB,4096.0 MiB,3681.0 MiB,415.0 MiB,12817.0 MiB
5,Python 3.6.15,binarytrees_compatible_all.py 21,181,1694216186,1165139,python,3:32.84,221648,215020,5412,100.0,1.3,1,7,3:32,0,4,209848,2,1.9m,0,215020,310,2,278,30,0,12.8,0.8,0.0,86.5,0.0,0.0,0.0,0.0,15794.9 MiB,3546.6 MiB,2222.9 MiB,10025.4 MiB,4096.0 MiB,3681.0 MiB,415.0 MiB,12930.7 MiB
5,Python 3.6.15,binarytrees_compatible_all.py 21,182,1694216188,1165139,python,3:34.02,223952,217324,5412,100.0,1.3,1,7,3:34,0,4,212152,2,2.0m,0,217324,310,2,278,30,0,12.9,0.8,0.0,86.4,0.0,0.0,0.0,0.0,15794.9 MiB,3544.3 MiB,2225.1 MiB,10025.4 MiB,4096.0 MiB,3681.0 MiB,415.0 MiB,12928.5 MiB
5,Python 3.6.15,binarytrees_compatible_all.py 21,183,1694216189,1165139,python,3:35.19,335568,328792,5412,93.8,2.0,1,7,3:35,0,4,323768,2,2.0m,0,328792,310,2,278,30,0,10.6,3.8,0.0,85.6,0.0,0.0,0.0,0.0,15794.9 MiB,3447.6 MiB,2321.9 MiB,10025.4 MiB,4096.0 MiB,3681.0 MiB,415.0 MiB,12831.8 MiB
5,Python 3.6.15,binarytrees_compatible_all.py 21,184,1694216190,1165139,python,3:36.36,222160,215532,5412,93.8,1.3,1,7,3:36,0,4,210360,2,2.1m,0,215532,310,2,278,30,0,10.4,4.5,0.0,85.1,0.0,0.0,0.0,0.0,15794.9 MiB,3534.6 MiB,2234.8 MiB,10025.4 MiB,4096.0 MiB,3681.0 MiB,415.0 MiB,12918.8 MiB
5,Python 3.6.15,binarytrees_compatible_all.py 21,185,1694216191,1165139,python,3:37.54,224464,217836,5412,100.0,1.3,1,7,3:37,0,4,212664,2,2.2m,0,217836,310,2,278,30,0,12.8,0.8,0.0,86.5,0.0,0.0,0.0,0.0,15794.9 MiB,3543.8 MiB,2225.7 MiB,10025.4 MiB,4096.0 MiB,3681.0 MiB,415.0 MiB,12928.0 MiB
5,Python 3.6.15,binarytrees_compatible_all.py 21,186,1694216192,1165139,python,3:38.71,318672,311880,5412,100.0,1.9,1,7,3:38,0,4,306872,2,2.2m,0,311880,310,2,278,30,0,11.4,2.3,0.0,86.4,0.0,0.0,0.0,0.0,15794.9 MiB,3463.6 MiB,2305.9 MiB,10025.4 MiB,4096.0 MiB,3681.0 MiB,415.0 MiB,12847.8 MiB
5,Python 3.6.15,binarytrees_compatible_all.py 21,187,1694216194,1165139,python,3:39.89,311504,304876,5412,100.0,1.9,1,7,3:39,0,4,299704,2,2.3m,0,304876,310,2,278,30,0,12.7,2.2,0.0,85.1,0.0,0.0,0.0,0.0,15794.9 MiB,3440.5 MiB,2329.0 MiB,10025.4 MiB,4096.0 MiB,3681.0 MiB,415.0 MiB,12824.7 MiB
5,Python 3.6.15,binarytrees_compatible_all.py 21,188,1694216195,1165139,python,3:41.06,224976,218348,5412,100.0,1.3,1,7,3:41,0,4,213176,2,2.3m,0,218348,310,2,278,30,0,13.5,0.8,0.0,85.0,0.8,0.0,0.0,0.0,15794.9 MiB,3542.3 MiB,2227.2 MiB,10025.4 MiB,4096.0 MiB,3681.0 MiB,415.0 MiB,12926.5 MiB
5,Python 3.6.15,binarytrees_compatible_all.py 21,189,1694216196,1165139,python,3:42.24,301008,294176,5412,93.8,1.8,1,3,3:42,0,4,289208,2,2.4m,0,294176,310,2,278,30,0,9.8,4.5,0.0,85.7,0.0,0.0,0.0,0.0,15794.9 MiB,3471.9 MiB,2297.5 MiB,10025.4 MiB,4096.0 MiB,3681.0 MiB,415.0 MiB,12856.1 MiB
5,Python 3.6.15,binarytrees_compatible_all.py 21,190,1694216197,1165139,python,3:43.42,404432,397804,5412,100.0,2.5,1,3,3:43,0,4,392632,2,2.5m,0,397804,310,2,278,30,0,12.0,2.3,0.0,85.7,0.0,0.0,0.0,0.0,15794.9 MiB,3352.3 MiB,2417.1 MiB,10025.4 MiB,4096.0 MiB,3681.0 MiB,415.0 MiB,12736.5 MiB
5,Python 3.6.15,binarytrees_compatible_all.py 21,191,1694216198,1165139,python,3:44.59,225488,218860,5412,100.0,1.4,1,3,3:44,0,4,213688,2,2.5m,0,218860,310,2,278,30,0,13.4,0.7,0.0,85.8,0.0,0.0,0.0,0.0,15794.9 MiB,3533.9 MiB,2235.5 MiB,10025.4 MiB,4096.0 MiB,3681.0 MiB,415.0 MiB,12918.1 MiB
5,Python 3.6.15,binarytrees_compatible_all.py 21,192,1694216199,1165139,python,3:45.77,286928,280168,5412,100.0,1.7,1,3,3:45,0,4,275128,2,2.6m,0,280168,310,2,278,30,0,11.9,3.0,0.0,85.1,0.0,0.0,0.0,0.0,15794.9 MiB,3486.0 MiB,2283.5 MiB,10025.4 MiB,4096.0 MiB,3681.0 MiB,415.0 MiB,12870.2 MiB
5,Python 3.6.15,binarytrees_compatible_all.py 21,193,1694216201,1165139,python,3:46.94,406736,399952,5412,93.8,2.5,1,3,3:46,0,4,394936,2,2.7m,0,399952,310,2,278,30,0,12.9,0.8,0.0,86.4,0.0,0.0,0.0,0.0,15794.9 MiB,3368.6 MiB,2400.8 MiB,10025.4 MiB,4096.0 MiB,3681.0 MiB,415.0 MiB,12752.8 MiB
5,Python 3.6.15,binarytrees_compatible_all.py 21,194,1694216202,1165139,python,3:48.12,226000,219372,5412,100.0,1.4,1,3,3:48,0,4,214200,2,2.7m,0,219372,310,2,278,30,0,12.9,0.8,0.0,86.4,0.0,0.0,0.0,0.0,15794.9 MiB,3533.4 MiB,2236.0 MiB,10025.4 MiB,4096.0 MiB,3681.0 MiB,415.0 MiB,12917.6 MiB
5,Python 3.6.15,binarytrees_compatible_all.py 21,195,1694216203,1165139,python,3:49.29,271568,264576,5412,100.0,1.6,1,3,3:49,0,4,259768,2,2.8m,0,264576,310,2,278,30,0,12.2,1.5,0.0,86.3,0.0,0.0,0.0,0.0,15794.9 MiB,3501.0 MiB,2268.4 MiB,10025.4 MiB,4096.0 MiB,3681.0 MiB,415.0 MiB,12885.2 MiB
5,Python 3.6.15,binarytrees_compatible_all.py 21,196,1694216204,1165139,python,3:50.46,395216,388320,5412,93.8,2.4,1,3,3:50,0,4,383416,2,2.9m,0,388320,310,2,278,30,0,12.1,0.8,0.0,87.1,0.0,0.0,0.0,0.0,15794.9 MiB,3380.4 MiB,2389.0 MiB,10025.4 MiB,4096.0 MiB,3681.0 MiB,415.0 MiB,12764.6 MiB
5,Python 3.6.15,binarytrees_compatible_all.py 21,197,1694216205,1165139,python,3:51.63,226512,219884,5412,93.8,1.4,1,3,3:51,0,4,214712,2,2.9m,0,219884,310,2,278,30,0,12.9,0.8,0.0,85.6,0.8,0.0,0.0,0.0,15794.9 MiB,3533.9 MiB,2235.5 MiB,10025.4 MiB,4096.0 MiB,3681.0 MiB,415.0 MiB,12918.1 MiB
6,Python 3.6.15,binarytrees_compatible_all.py 21,0,1694216206,1166424,python,0:00.11,31616,24796,5212,68.8,0.2,1,7,0:00,0,4,19816,0,6060,0,24796,310,2,278,30,0,18.5,5.4,0.0,76.2,0.0,0.0,0.0,0.0,15794.9 MiB,3731.3 MiB,2030.9 MiB,10032.6 MiB,4096.0 MiB,3681.0 MiB,415.0 MiB,13115.6 MiB
6,Python 3.6.15,binarytrees_compatible_all.py 21,1,1694216208,1166424,python,0:01.29,31616,24796,5212,100.0,0.2,1,7,0:01,0,4,19816,0,6060,0,24796,310,2,278,30,0,13.4,1.5,0.0,85.1,0.0,0.0,0.0,0.0,15794.9 MiB,3731.3 MiB,2030.9 MiB,10032.6 MiB,4096.0 MiB,3681.0 MiB,415.0 MiB,13115.6 MiB
6,Python 3.6.15,binarytrees_compatible_all.py 21,2,1694216209,1166424,python,0:02.46,31616,24796,5212,93.8,0.2,1,7,0:02,0,4,19816,0,6060,0,24796,310,2,278,30,0,13.6,0.0,0.0,86.4,0.0,0.0,0.0,0.0,15794.9 MiB,3738.2 MiB,2030.9 MiB,10025.7 MiB,4096.0 MiB,3681.0 MiB,415.0 MiB,13122.5 MiB
6,Python 3.6.15,binarytrees_compatible_all.py 21,3,1694216210,1166424,python,0:03.64,31616,24796,5212,100.0,0.2,1,7,0:03,0,4,19816,0,6060,0,24796,310,2,278,30,0,13.0,0.8,0.0,86.3,0.0,0.0,0.0,0.0,15794.9 MiB,3738.0 MiB,2031.2 MiB,10025.7 MiB,4096.0 MiB,3681.0 MiB,415.0 MiB,13122.2 MiB
6,Python 3.6.15,binarytrees_compatible_all.py 21,4,1694216211,1166424,python,0:04.81,31616,24796,5212,100.0,0.2,1,7,0:04,0,4,19816,0,6060,0,24796,310,2,278,30,0,13.6,0.8,0.0,85.6,0.0,0.0,0.0,0.0,15794.9 MiB,3738.0 MiB,2031.1 MiB,10025.8 MiB,4096.0 MiB,3681.0 MiB,415.0 MiB,13122.2 MiB
6,Python 3.6.15,binarytrees_compatible_all.py 21,5,1694216212,1166424,python,0:05.99,31616,24796,5212,100.0,0.2,1,7,0:05,0,4,19816,0,6060,0,24796,310,2,278,30,0,12.8,1.5,0.0,85.7,0.0,0.0,0.0,0.0,15794.9 MiB,3738.2 MiB,2030.9 MiB,10025.7 MiB,4096.0 MiB,3681.0 MiB,415.0 MiB,13122.5 MiB
6,Python 3.6.15,binarytrees_compatible_all.py 21,6,1694216214,1166424,python,0:07.16,31616,24796,5212,93.8,0.2,1,7,0:07,0,4,19816,0,6060,0,24796,310,2,278,30,0,12.8,2.3,0.0,85.0,0.0,0.0,0.0,0.0,15794.9 MiB,3738.2 MiB,2030.9 MiB,10025.7 MiB,4096.0 MiB,3681.0 MiB,415.0 MiB,13122.5 MiB
6,Python 3.6.15,binarytrees_compatible_all.py 21,7,1694216215,1166424,python,0:08.34,31616,24796,5212,100.0,0.2,1,7,0:08,0,4,19816,0,6060,0,24796,310,2,278,30,0,12.1,1.5,0.0,86.4,0.0,0.0,0.0,0.0,15794.9 MiB,3738.5 MiB,2030.7 MiB,10025.7 MiB,4096.0 MiB,3681.0 MiB,415.0 MiB,13122.7 MiB
6,Python 3.6.15,binarytrees_compatible_all.py 21,8,1694216216,1166424,python,0:09.51,31616,24796,5212,100.0,0.2,1,7,0:09,0,4,19816,0,6060,0,24796,310,2,278,30,0,12.1,2.3,0.0,84.1,1.5,0.0,0.0,0.0,15794.9 MiB,3738.5 MiB,2029.8 MiB,10026.6 MiB,4096.0 MiB,3681.0 MiB,415.0 MiB,13123.6 MiB
6,Python 3.6.15,binarytrees_compatible_all.py 21,9,1694216217,1166424,python,0:10.69,31616,24796,5212,100.0,0.2,1,7,0:10,0,4,19816,0,6060,0,24796,310,2,278,30,0,13.6,0.8,0.0,85.6,0.0,0.0,0.0,0.0,15794.9 MiB,3738.5 MiB,2029.8 MiB,10026.6 MiB,4096.0 MiB,3681.0 MiB,415.0 MiB,13123.6 MiB
6,Python 3.6.15,binarytrees_compatible_all.py 21,10,1694216218,1166424,python,0:11.86,31616,24796,5212,93.8,0.2,1,7,0:11,0,4,19816,0,6060,0,24796,310,2,278,30,0,13.0,0.8,0.0,86.3,0.0,0.0,0.0,0.0,15794.9 MiB,3738.2 MiB,2030.0 MiB,10026.6 MiB,4096.0 MiB,3681.0 MiB,415.0 MiB,13123.4 MiB
6,Python 3.6.15,binarytrees_compatible_all.py 21,11,1694216219,1166424,python,0:13.04,31616,24796,5212,100.0,0.2,1,7,0:13,0,4,19816,0,6060,0,24796,310,2,278,30,0,12.2,1.5,0.0,86.3,0.0,0.0,0.0,0.0,15794.9 MiB,3738.2 MiB,2030.0 MiB,10026.6 MiB,4096.0 MiB,3681.0 MiB,415.0 MiB,13123.4 MiB
6,Python 3.6.15,binarytrees_compatible_all.py 21,12,1694216221,1166424,python,0:14.21,31616,24796,5212,100.0,0.2,1,7,0:14,0,4,19816,0,6060,0,24796,310,2,278,30,0,13.4,1.5,0.0,85.1,0.0,0.0,0.0,0.0,15794.9 MiB,3738.2 MiB,2030.0 MiB,10026.6 MiB,4096.0 MiB,3681.0 MiB,415.0 MiB,13123.4 MiB
6,Python 3.6.15,binarytrees_compatible_all.py 21,13,1694216222,1166424,python,0:15.39,31616,24796,5212,100.0,0.2,1,7,0:15,0,4,19816,0,6060,0,24796,310,2,278,30,0,13.4,1.5,0.0,85.1,0.0,0.0,0.0,0.0,15794.9 MiB,3738.2 MiB,2030.1 MiB,10026.5 MiB,4096.0 MiB,3681.0 MiB,415.0 MiB,13123.4 MiB
6,Python 3.6.15,binarytrees_compatible_all.py 21,14,1694216223,1166424,python,0:16.56,31616,24796,5212,93.8,0.2,1,7,0:16,0,4,19816,0,6060,0,24796,310,2,278,30,0,12.2,0.8,0.0,87.0,0.0,0.0,0.0,0.0,15794.9 MiB,3738.2 MiB,2030.1 MiB,10026.5 MiB,4096.0 MiB,3681.0 MiB,415.0 MiB,13123.4 MiB
6,Python 3.6.15,binarytrees_compatible_all.py 21,15,1694216224,1166424,python,0:17.74,31616,24796,5212,100.0,0.2,1,7,0:17,0,4,19816,0,6060,0,24796,310,2,278,30,0,12.8,0.8,0.0,86.5,0.0,0.0,0.0,0.0,15794.9 MiB,3738.0 MiB,2030.3 MiB,10026.5 MiB,4096.0 MiB,3681.0 MiB,415.0 MiB,13123.1 MiB
6,Python 3.6.15,binarytrees_compatible_all.py 21,16,1694216225,1166424,python,0:18.92,31616,24796,5212,94.1,0.2,1,7,0:18,0,4,19816,0,6060,0,24796,310,2,278,30,0,12.9,2.1,0.0,85.0,0.0,0.0,0.0,0.0,15794.9 MiB,3738.0 MiB,2030.3 MiB,10026.5 MiB,4096.0 MiB,3681.0 MiB,415.0 MiB,13123.1 MiB
6,Python 3.6.15,binarytrees_compatible_all.py 21,17,1694216226,1166424,python,0:20.10,31616,24796,5212,100.0,0.2,1,7,0:20,0,4,19816,0,6060,0,24796,310,2,278,30,0,13.6,0.0,0.0,86.4,0.0,0.0,0.0,0.0,15794.9 MiB,3738.5 MiB,2029.8 MiB,10026.5 MiB,4096.0 MiB,3681.0 MiB,415.0 MiB,13123.6 MiB
6,Python 3.6.15,binarytrees_compatible_all.py 21,18,1694216228,1166424,python,0:21.27,31616,24796,5212,93.8,0.2,1,7,0:21,0,4,19816,0,6060,0,24796,310,2,278,30,0,12.9,0.8,0.0,85.6,0.8,0.0,0.0,0.0,15794.9 MiB,3739.2 MiB,2029.1 MiB,10026.5 MiB,4096.0 MiB,3681.0 MiB,415.0 MiB,13124.4 MiB
6,Python 3.6.15,binarytrees_compatible_all.py 21,19,1694216229,1166424,python,0:22.45,31616,24796,5212,100.0,0.2,1,7,0:22,0,4,19816,0,6060,0,24796,310,2,278,30,0,14.2,0.7,0.0,85.1,0.0,0.0,0.0,0.0,15794.9 MiB,3739.2 MiB,2029.1 MiB,10026.6 MiB,4096.0 MiB,3681.0 MiB,415.0 MiB,13124.4 MiB
6,Python 3.6.15,binarytrees_compatible_all.py 21,20,1694216230,1166424,python,0:23.62,19408,12376,5212,100.0,0.1,1,7,0:23,0,4,7608,0,7083,0,12376,310,2,278,30,0,13.5,0.8,0.0,85.7,0.0,0.0,0.0,0.0,15794.9 MiB,3746.9 MiB,2021.5 MiB,10026.6 MiB,4096.0 MiB,3681.0 MiB,415.0 MiB,13132.0 MiB
6,Python 3.6.15,binarytrees_compatible_all.py 21,21,1694216231,1166424,python,0:24.79,19408,12376,5212,93.8,0.1,1,7,0:24,0,4,7608,0,7083,0,12376,310,2,278,30,0,12.2,0.8,0.0,87.0,0.0,0.0,0.0,0.0,15794.9 MiB,3746.9 MiB,2021.4 MiB,10026.6 MiB,4096.0 MiB,3681.0 MiB,415.0 MiB,13132.0 MiB
6,Python 3.6.15,binarytrees_compatible_all.py 21,22,1694216232,1166424,python,0:25.97,19408,12376,5212,100.0,0.1,1,7,0:25,0,4,7608,0,7083,0,12376,310,2,278,30,0,14.4,0.0,0.0,85.6,0.0,0.0,0.0,0.0,15794.9 MiB,3746.9 MiB,2021.4 MiB,10026.6 MiB,4096.0 MiB,3681.0 MiB,415.0 MiB,13132.0 MiB
6,Python 3.6.15,binarytrees_compatible_all.py 21,23,1694216233,1166424,python,0:27.15,19408,12376,5212,100.0,0.1,1,7,0:27,0,4,7608,0,7083,0,12376,310,2,278,30,0,13.6,0.7,0.0,85.0,0.7,0.0,0.0,0.0,15794.9 MiB,3746.9 MiB,2021.4 MiB,10026.6 MiB,4096.0 MiB,3681.0 MiB,415.0 MiB,13132.0 MiB
6,Python 3.6.15,binarytrees_compatible_all.py 21,24,1694216235,1166424,python,0:28.33,19408,12376,5212,100.0,0.1,1,7,0:28,0,4,7608,0,7083,0,12376,310,2,278,30,0,12.0,1.5,0.0,86.5,0.0,0.0,0.0,0.0,15794.9 MiB,3746.9 MiB,2021.4 MiB,10026.6 MiB,4096.0 MiB,3681.0 MiB,415.0 MiB,13132.0 MiB
6,Python 3.6.15,binarytrees_compatible_all.py 21,25,1694216236,1166424,python,0:29.50,19408,12376,5212,93.8,0.1,1,7,0:29,0,4,7608,0,7083,0,12376,310,2,278,30,0,12.7,1.5,0.0,85.8,0.0,0.0,0.0,0.0,15794.9 MiB,3746.6 MiB,2021.7 MiB,10026.6 MiB,4096.0 MiB,3681.0 MiB,415.0 MiB,13131.8 MiB
6,Python 3.6.15,binarytrees_compatible_all.py 21,26,1694216237,1166424,python,0:30.68,19408,12376,5212,100.0,0.1,1,7,0:30,0,4,7608,0,7083,0,12376,310,2,278,30,0,13.5,0.8,0.0,85.7,0.0,0.0,0.0,0.0,15794.9 MiB,3745.9 MiB,2022.4 MiB,10026.6 MiB,4096.0 MiB,3681.0 MiB,415.0 MiB,13131.0 MiB
6,Python 3.6.15,binarytrees_compatible_all.py 21,27,1694216238,1166424,python,0:31.85,19408,12376,5212,93.8,0.1,1,7,0:31,0,4,7608,0,7083,0,12376,310,2,278,30,0,12.8,1.5,0.0,85.7,0.0,0.0,0.0,0.0,15794.9 MiB,3745.9 MiB,2022.4 MiB,10026.6 MiB,4096.0 MiB,3681.0 MiB,415.0 MiB,13131.0 MiB
6,Python 3.6.15,binarytrees_compatible_all.py 21,28,1694216239,1166424,python,0:33.03,19408,12376,5212,100.0,0.1,1,7,0:33,0,4,7608,0,7083,0,12376,310,2,278,30,0,13.5,1.5,0.0,85.0,0.0,0.0,0.0,0.0,15794.9 MiB,3746.1 MiB,2022.2 MiB,10026.6 MiB,4096.0 MiB,3681.0 MiB,415.0 MiB,13131.3 MiB
6,Python 3.6.15,binarytrees_compatible_all.py 21,29,1694216241,1166424,python,0:34.20,19408,12376,5212,100.0,0.1,1,7,0:34,0,4,7608,0,7083,0,12376,310,2,278,30,0,13.6,0.8,0.0,85.6,0.0,0.0,0.0,0.0,15794.9 MiB,3746.1 MiB,2022.2 MiB,10026.6 MiB,4096.0 MiB,3681.0 MiB,415.0 MiB,13131.3 MiB
6,Python 3.6.15,binarytrees_compatible_all.py 21,30,1694216242,1166424,python,0:35.38,19408,12376,5212,100.0,0.1,1,7,0:35,0,4,7608,0,7083,0,12376,310,2,278,30,0,12.9,0.8,0.0,86.4,0.0,0.0,0.0,0.0,15794.9 MiB,3746.1 MiB,2022.2 MiB,10026.6 MiB,4096.0 MiB,3681.0 MiB,415.0 MiB,13131.3 MiB
6,Python 3.6.15,binarytrees_compatible_all.py 21,31,1694216243,1166424,python,0:36.55,19408,12376,5212,93.8,0.1,1,7,0:36,0,4,7608,0,7083,0,12376,310,2,278,30,0,13.4,1.5,0.0,85.1,0.0,0.0,0.0,0.0,15794.9 MiB,3745.6 MiB,2022.7 MiB,10026.6 MiB,4096.0 MiB,3681.0 MiB,415.0 MiB,13130.8 MiB
6,Python 3.6.15,binarytrees_compatible_all.py 21,32,1694216244,1166424,python,0:37.73,19408,12376,5212,100.0,0.1,1,7,0:37,0,4,7608,0,7083,0,12376,310,2,278,30,0,13.5,0.8,0.0,85.7,0.0,0.0,0.0,0.0,15794.9 MiB,3745.9 MiB,2022.4 MiB,10026.6 MiB,4096.0 MiB,3681.0 MiB,415.0 MiB,13131.1 MiB
6,Python 3.6.15,binarytrees_compatible_all.py 21,33,1694216245,1166424,python,0:38.90,19408,12376,5212,100.0,0.1,1,7,0:38,0,4,7608,0,7083,0,12376,310,2,278,30,0,13.6,0.0,0.0,86.4,0.0,0.0,0.0,0.0,15794.9 MiB,3745.9 MiB,2022.4 MiB,10026.6 MiB,4096.0 MiB,3681.0 MiB,415.0 MiB,13131.1 MiB
6,Python 3.6.15,binarytrees_compatible_all.py 21,34,1694216246,1166424,python,0:40.08,19408,12376,5212,100.0,0.1,1,7,0:40,0,4,7608,0,7083,0,12376,310,2,278,30,0,13.4,0.7,0.0,85.8,0.0,0.0,0.0,0.0,15794.9 MiB,3746.1 MiB,2022.2 MiB,10026.6 MiB,4096.0 MiB,3681.0 MiB,415.0 MiB,13131.3 MiB
6,Python 3.6.15,binarytrees_compatible_all.py 21,35,1694216248,1166424,python,0:41.25,19408,12376,5212,93.8,0.1,1,7,0:41,0,4,7608,0,7083,0,12376,310,2,278,30,0,12.9,0.8,0.0,86.4,0.0,0.0,0.0,0.0,15794.9 MiB,3745.9 MiB,2022.4 MiB,10026.6 MiB,4096.0 MiB,3681.0 MiB,415.0 MiB,13131.1 MiB
6,Python 3.6.15,binarytrees_compatible_all.py 21,36,1694216249,1166424,python,0:42.43,19408,12376,5212,100.0,0.1,1,7,0:42,0,4,7608,0,7083,0,12376,310,2,278,30,0,12.9,0.8,0.0,86.4,0.0,0.0,0.0,0.0,15794.9 MiB,3745.9 MiB,2022.4 MiB,10026.6 MiB,4096.0 MiB,3681.0 MiB,415.0 MiB,13131.1 MiB
6,Python 3.6.15,binarytrees_compatible_all.py 21,37,1694216250,1166424,python,0:43.60,19408,12376,5212,100.0,0.1,1,7,0:43,0,4,7608,0,7083,0,12376,310,2,278,30,0,12.8,1.5,0.0,85.7,0.0,0.0,0.0,0.0,15794.9 MiB,3745.9 MiB,2022.4 MiB,10026.6 MiB,4096.0 MiB,3681.0 MiB,415.0 MiB,13131.1 MiB
6,Python 3.6.15,binarytrees_compatible_all.py 21,38,1694216251,1166424,python,0:44.78,19408,12376,5212,100.0,0.1,1,7,0:44,0,4,7608,0,7083,0,12376,310,2,278,30,0,13.0,0.0,0.0,87.0,0.0,0.0,0.0,0.0,15794.9 MiB,3745.6 MiB,2022.6 MiB,10026.6 MiB,4096.0 MiB,3681.0 MiB,415.0 MiB,13130.8 MiB
6,Python 3.6.15,binarytrees_compatible_all.py 21,39,1694216252,1166424,python,0:45.95,19408,12376,5212,100.0,0.1,1,7,0:45,0,4,7608,0,7083,0,12376,310,2,278,30,0,13.3,1.5,0.0,85.2,0.0,0.0,0.0,0.0,15794.9 MiB,3745.9 MiB,2022.4 MiB,10026.6 MiB,4096.0 MiB,3681.0 MiB,415.0 MiB,13131.1 MiB
6,Python 3.6.15,binarytrees_compatible_all.py 21,40,1694216253,1166424,python,0:47.13,19408,12376,5212,100.0,0.1,1,7,0:47,0,4,7608,0,7083,0,12376,310,2,278,30,0,13.5,0.8,0.0,85.7,0.0,0.0,0.0,0.0,15794.9 MiB,3745.9 MiB,2022.4 MiB,10026.6 MiB,4096.0 MiB,3681.0 MiB,415.0 MiB,13131.1 MiB
6,Python 3.6.15,binarytrees_compatible_all.py 21,41,1694216255,1166424,python,0:48.30,19408,12376,5212,100.0,0.1,1,7,0:48,0,4,7608,0,7095,0,12376,310,2,278,30,0,12.7,1.5,0.0,84.3,1.5,0.0,0.0,0.0,15794.9 MiB,3745.9 MiB,2022.4 MiB,10026.6 MiB,4096.0 MiB,3681.0 MiB,415.0 MiB,13131.1 MiB
6,Python 3.6.15,binarytrees_compatible_all.py 21,42,1694216256,1166424,python,0:49.48,19664,12640,5212,100.0,0.1,1,7,0:49,0,4,7864,0,7143,0,12640,310,2,278,30,0,12.9,0.8,0.0,86.4,0.0,0.0,0.0,0.0,15794.9 MiB,3745.6 MiB,2022.6 MiB,10026.6 MiB,4096.0 MiB,3681.0 MiB,415.0 MiB,13130.8 MiB
6,Python 3.6.15,binarytrees_compatible_all.py 21,43,1694216257,1166424,python,0:50.65,19920,12904,5212,93.8,0.1,1,7,0:50,0,4,8120,0,7191,0,12904,310,2,278,30,0,12.8,1.5,0.0,85.7,0.0,0.0,0.0,0.0,15794.9 MiB,3747.8 MiB,2020.4 MiB,10026.6 MiB,4096.0 MiB,3681.0 MiB,415.0 MiB,13133.1 MiB
6,Python 3.6.15,binarytrees_compatible_all.py 21,44,1694216258,1166424,python,0:51.83,20176,12904,5212,100.0,0.1,1,7,0:51,0,4,8376,0,7240,0,12904,310,2,278,30,0,12.2,0.8,0.0,87.0,0.0,0.0,0.0,0.0,15794.9 MiB,3747.8 MiB,2020.4 MiB,10026.6 MiB,4096.0 MiB,3681.0 MiB,415.0 MiB,13133.1 MiB
6,Python 3.6.15,binarytrees_compatible_all.py 21,45,1694216259,1166424,python,0:53.00,20176,13168,5212,100.0,0.1,1,7,0:53,0,4,8376,0,7288,0,13168,310,2,278,30,0,12.9,1.5,0.0,85.6,0.0,0.0,0.0,0.0,15794.9 MiB,3750.2 MiB,2018.1 MiB,10026.6 MiB,4096.0 MiB,3681.0 MiB,415.0 MiB,13135.4 MiB
6,Python 3.6.15,binarytrees_compatible_all.py 21,46,1694216261,1166424,python,0:54.18,20432,13432,5212,100.0,0.1,1,7,0:54,0,4,8632,0,7336,0,13432,310,2,278,30,0,12.9,0.8,0.0,85.6,0.8,0.0,0.0,0.0,15794.9 MiB,3750.1 MiB,2018.2 MiB,10026.6 MiB,4096.0 MiB,3681.0 MiB,415.0 MiB,13135.3 MiB
6,Python 3.6.15,binarytrees_compatible_all.py 21,47,1694216262,1166424,python,0:55.35,20688,13696,5212,93.8,0.1,1,7,0:55,0,4,8888,0,7385,0,13696,310,2,278,30,0,12.8,1.5,0.0,85.7,0.0,0.0,0.0,0.0,15794.9 MiB,3749.6 MiB,2018.7 MiB,10026.6 MiB,4096.0 MiB,3681.0 MiB,415.0 MiB,13134.8 MiB
6,Python 3.6.15,binarytrees_compatible_all.py 21,48,1694216263,1166424,python,0:56.53,20944,13696,5212,100.0,0.1,1,7,0:56,0,4,9144,0,7433,0,13696,310,2,278,30,0,13.5,0.8,0.0,85.7,0.0,0.0,0.0,0.0,15794.9 MiB,3749.1 MiB,2019.1 MiB,10026.6 MiB,4096.0 MiB,3681.0 MiB,415.0 MiB,13134.3 MiB
6,Python 3.6.15,binarytrees_compatible_all.py 21,49,1694216264,1166424,python,0:57.70,20944,13960,5212,100.0,0.1,1,7,0:57,0,4,9144,0,7481,0,13960,310,2,278,30,0,12.8,0.8,0.0,86.5,0.0,0.0,0.0,0.0,15794.9 MiB,3749.3 MiB,2018.9 MiB,10026.6 MiB,4096.0 MiB,3681.0 MiB,415.0 MiB,13134.6 MiB
6,Python 3.6.15,binarytrees_compatible_all.py 21,50,1694216265,1166424,python,0:58.88,21200,14224,5212,100.0,0.1,1,7,0:58,0,4,9400,0,7530,0,14224,310,2,278,30,0,12.1,1.5,0.0,86.4,0.0,0.0,0.0,0.0,15794.9 MiB,3749.1 MiB,2019.1 MiB,10026.6 MiB,4096.0 MiB,3681.0 MiB,415.0 MiB,13134.3 MiB
6,Python 3.6.15,binarytrees_compatible_all.py 21,51,1694216266,1166424,python,1:00.05,21456,14488,5212,100.0,0.1,1,7,1:00,0,4,9656,0,7578,0,14488,310,2,278,30,0,12.8,1.5,0.0,85.0,0.8,0.0,0.0,0.0,15794.9 MiB,3749.3 MiB,2018.9 MiB,10026.7 MiB,4096.0 MiB,3681.0 MiB,415.0 MiB,13134.6 MiB
6,Python 3.6.15,binarytrees_compatible_all.py 21,52,1694216268,1166424,python,1:01.22,21712,14488,5212,93.8,0.1,1,7,1:01,0,4,9912,0,7626,0,14488,310,2,278,30,0,12.9,0.8,0.0,86.4,0.0,0.0,0.0,0.0,15794.9 MiB,3749.3 MiB,2018.9 MiB,10026.7 MiB,4096.0 MiB,3681.0 MiB,415.0 MiB,13134.6 MiB
6,Python 3.6.15,binarytrees_compatible_all.py 21,53,1694216269,1166424,python,1:02.40,21712,14752,5212,100.0,0.1,1,7,1:02,0,4,9912,0,7675,0,14752,310,2,278,30,0,13.3,0.7,0.0,85.9,0.0,0.0,0.0,0.0,15794.9 MiB,3749.3 MiB,2018.9 MiB,10026.7 MiB,4096.0 MiB,3681.0 MiB,415.0 MiB,13134.6 MiB
6,Python 3.6.15,binarytrees_compatible_all.py 21,54,1694216270,1166424,python,1:03.58,21968,15016,5212,100.0,0.1,1,7,1:03,0,4,10168,0,7723,0,15016,310,2,278,30,0,13.4,0.7,0.0,85.8,0.0,0.0,0.0,0.0,15794.9 MiB,3749.1 MiB,2019.1 MiB,10026.7 MiB,4096.0 MiB,3681.0 MiB,415.0 MiB,13134.4 MiB
6,Python 3.6.15,binarytrees_compatible_all.py 21,55,1694216271,1166424,python,1:04.75,22224,15016,5212,100.0,0.1,1,7,1:04,0,4,10424,0,7772,0,15016,310,2,278,30,0,13.5,0.8,0.0,85.7,0.0,0.0,0.0,0.0,15794.9 MiB,3749.1 MiB,2019.1 MiB,10026.7 MiB,4096.0 MiB,3681.0 MiB,415.0 MiB,13134.4 MiB
6,Python 3.6.15,binarytrees_compatible_all.py 21,56,1694216272,1166424,python,1:05.93,22480,15280,5212,100.0,0.1,1,7,1:05,0,4,10680,0,7820,0,15280,310,3,277,30,0,12.2,0.8,0.0,87.0,0.0,0.0,0.0,0.0,15794.9 MiB,3749.1 MiB,2019.1 MiB,10026.7 MiB,4096.0 MiB,3681.0 MiB,415.0 MiB,13134.4 MiB
6,Python 3.6.15,binarytrees_compatible_all.py 21,57,1694216273,1166424,python,1:07.10,22736,15544,5212,100.0,0.1,1,7,1:07,0,4,10936,0,7868,0,15544,310,2,278,30,0,12.8,1.5,0.0,85.7,0.0,0.0,0.0,0.0,15794.9 MiB,3749.1 MiB,2019.1 MiB,10026.7 MiB,4096.0 MiB,3681.0 MiB,415.0 MiB,13134.4 MiB
6,Python 3.6.15,binarytrees_compatible_all.py 21,58,1694216275,1166424,python,1:08.28,22736,15808,5212,100.0,0.1,1,7,1:08,0,4,10936,0,7917,0,15808,310,2,278,30,0,12.9,0.8,0.0,86.4,0.0,0.0,0.0,0.0,15794.9 MiB,3749.1 MiB,2019.1 MiB,10026.7 MiB,4096.0 MiB,3681.0 MiB,415.0 MiB,13134.4 MiB
6,Python 3.6.15,binarytrees_compatible_all.py 21,59,1694216276,1166424,python,1:09.45,22992,15808,5212,100.0,0.1,1,7,1:09,0,4,11192,0,7965,0,15808,310,2,278,30,0,12.8,0.8,0.0,86.5,0.0,0.0,0.0,0.0,15794.9 MiB,3748.9 MiB,2019.3 MiB,10026.7 MiB,4096.0 MiB,3681.0 MiB,415.0 MiB,13134.1 MiB
6,Python 3.6.15,binarytrees_compatible_all.py 21,60,1694216277,1166424,python,1:10.63,23248,16072,5212,100.0,0.1,1,7,1:10,0,4,11448,0,8013,0,16072,310,2,278,30,0,12.9,0.8,0.0,86.4,0.0,0.0,0.0,0.0,15794.9 MiB,3748.9 MiB,2019.3 MiB,10026.7 MiB,4096.0 MiB,3681.0 MiB,415.0 MiB,13134.1 MiB
6,Python 3.6.15,binarytrees_compatible_all.py 21,61,1694216278,1166424,python,1:11.81,23504,16336,5212,100.0,0.1,1,3,1:11,0,4,11704,0,8062,0,16336,310,2,278,30,0,12.8,2.1,0.0,85.1,0.0,0.0,0.0,0.0,15794.9 MiB,3748.9 MiB,2019.3 MiB,10026.7 MiB,4096.0 MiB,3681.0 MiB,415.0 MiB,13134.1 MiB
6,Python 3.6.15,binarytrees_compatible_all.py 21,62,1694216279,1166424,python,1:12.99,23504,16600,5212,100.0,0.1,1,3,1:12,0,4,11704,0,8110,0,16600,310,3,277,30,0,12.8,1.5,0.0,85.7,0.0,0.0,0.0,0.0,15794.9 MiB,3748.9 MiB,2019.3 MiB,10026.7 MiB,4096.0 MiB,3681.0 MiB,415.0 MiB,13134.1 MiB
6,Python 3.6.15,binarytrees_compatible_all.py 21,63,1694216281,1166424,python,1:14.16,19664,12784,5212,93.8,0.1,1,3,1:14,0,4,7864,0,8123,0,12784,310,2,278,30,0,12.9,0.8,0.0,86.4,0.0,0.0,0.0,0.0,15794.9 MiB,3750.6 MiB,2017.8 MiB,10026.5 MiB,4096.0 MiB,3681.0 MiB,415.0 MiB,13135.9 MiB
6,Python 3.6.15,binarytrees_compatible_all.py 21,64,1694216282,1166424,python,1:15.34,19920,12832,5212,100.0,0.1,1,3,1:15,0,4,8120,0,8129,0,12832,310,2,278,30,0,13.4,1.5,0.0,85.1,0.0,0.0,0.0,0.0,15794.9 MiB,3750.6 MiB,2017.8 MiB,10026.5 MiB,4096.0 MiB,3681.0 MiB,415.0 MiB,13135.9 MiB
6,Python 3.6.15,binarytrees_compatible_all.py 21,65,1694216283,1166424,python,1:16.51,19920,12832,5212,100.0,0.1,1,7,1:16,0,4,8120,0,8141,0,12832,310,2,278,30,0,13.4,1.5,0.0,85.1,0.0,0.0,0.0,0.0,15794.9 MiB,3750.1 MiB,2018.3 MiB,10026.5 MiB,4096.0 MiB,3681.0 MiB,415.0 MiB,13135.4 MiB
6,Python 3.6.15,binarytrees_compatible_all.py 21,66,1694216284,1166424,python,1:17.69,19920,12832,5212,100.0,0.1,1,7,1:17,0,4,8120,0,8153,0,12832,310,2,278,30,0,12.9,1.5,0.0,85.6,0.0,0.0,0.0,0.0,15794.9 MiB,3750.6 MiB,2017.8 MiB,10026.5 MiB,4096.0 MiB,3681.0 MiB,415.0 MiB,13135.9 MiB
6,Python 3.6.15,binarytrees_compatible_all.py 21,67,1694216285,1166424,python,1:18.86,19920,12832,5212,100.0,0.1,1,7,1:18,0,4,8120,0,8165,0,12832,310,2,278,30,0,12.8,1.5,0.0,85.7,0.0,0.0,0.0,0.0,15794.9 MiB,3750.6 MiB,2017.8 MiB,10026.5 MiB,4096.0 MiB,3681.0 MiB,415.0 MiB,13135.9 MiB
6,Python 3.6.15,binarytrees_compatible_all.py 21,68,1694216286,1166424,python,1:20.04,19920,12832,5212,100.0,0.1,1,7,1:20,0,4,8120,0,8177,0,12832,310,2,278,30,0,14.2,0.7,0.0,85.1,0.0,0.0,0.0,0.0,15794.9 MiB,3751.3 MiB,2017.0 MiB,10026.5 MiB,4096.0 MiB,3681.0 MiB,415.0 MiB,13136.6 MiB
6,Python 3.6.15,binarytrees_compatible_all.py 21,69,1694216288,1166424,python,1:21.21,20176,13088,5212,100.0,0.1,1,7,1:21,0,4,8376,0,8190,0,13088,310,2,278,30,0,12.9,0.8,0.0,86.4,0.0,0.0,0.0,0.0,15794.9 MiB,3752.3 MiB,2016.0 MiB,10026.5 MiB,4096.0 MiB,3681.0 MiB,415.0 MiB,13137.6 MiB
6,Python 3.6.15,binarytrees_compatible_all.py 21,70,1694216289,1166424,python,1:22.39,20176,13088,5212,100.0,0.1,1,7,1:22,0,4,8376,0,8202,0,13088,310,2,278,30,0,12.8,1.5,0.0,85.7,0.0,0.0,0.0,0.0,15794.9 MiB,3752.3 MiB,2016.0 MiB,10026.5 MiB,4096.0 MiB,3681.0 MiB,415.0 MiB,13137.6 MiB
6,Python 3.6.15,binarytrees_compatible_all.py 21,71,1694216290,1166424,python,1:23.56,20176,13088,5212,93.8,0.1,1,7,1:23,0,4,8376,0,8214,0,13088,310,2,278,30,0,12.7,1.5,0.0,85.8,0.0,0.0,0.0,0.0,15794.9 MiB,3752.3 MiB,2016.0 MiB,10026.5 MiB,4096.0 MiB,3681.0 MiB,415.0 MiB,13137.6 MiB
6,Python 3.6.15,binarytrees_compatible_all.py 21,72,1694216291,1166424,python,1:24.74,20176,13088,5212,100.0,0.1,1,7,1:24,0,4,8376,0,8226,0,13088,310,2,278,30,0,13.4,1.5,0.0,85.1,0.0,0.0,0.0,0.0,15794.9 MiB,3751.8 MiB,2016.5 MiB,10026.5 MiB,4096.0 MiB,3681.0 MiB,415.0 MiB,13137.1 MiB
6,Python 3.6.15,binarytrees_compatible_all.py 21,73,1694216292,1166424,python,1:25.91,20176,13088,5212,100.0,0.1,1,7,1:25,0,4,8376,0,8238,0,13088,310,2,278,30,0,13.5,0.8,0.0,85.7,0.0,0.0,0.0,0.0,15794.9 MiB,3751.3 MiB,2017.0 MiB,10026.5 MiB,4096.0 MiB,3681.0 MiB,415.0 MiB,13136.6 MiB
6,Python 3.6.15,binarytrees_compatible_all.py 21,74,1694216293,1166424,python,1:27.09,20176,13088,5212,100.0,0.1,1,7,1:27,0,4,8376,0,8250,0,13088,310,2,278,30,0,12.8,0.8,0.0,86.5,0.0,0.0,0.0,0.0,15794.9 MiB,3751.3 MiB,2017.0 MiB,10026.5 MiB,4096.0 MiB,3681.0 MiB,415.0 MiB,13136.6 MiB
6,Python 3.6.15,binarytrees_compatible_all.py 21,75,1694216295,1166424,python,1:28.26,20432,13344,5212,93.8,0.1,1,7,1:28,0,4,8632,0,8263,0,13344,310,2,278,30,0,12.9,0.8,0.0,86.4,0.0,0.0,0.0,0.0,15794.9 MiB,3751.3 MiB,2017.0 MiB,10026.5 MiB,4096.0 MiB,3681.0 MiB,415.0 MiB,13136.6 MiB
6,Python 3.6.15,binarytrees_compatible_all.py 21,76,1694216296,1166424,python,1:29.44,20432,13344,5212,100.0,0.1,1,7,1:29,0,4,8632,0,8275,0,13344,309,2,277,30,0,13.5,0.0,0.0,86.5,0.0,0.0,0.0,0.0,15794.9 MiB,3751.3 MiB,2017.0 MiB,10026.5 MiB,4096.0 MiB,3681.0 MiB,415.0 MiB,13136.6 MiB
6,Python 3.6.15,binarytrees_compatible_all.py 21,77,1694216297,1166424,python,1:30.61,20432,13344,5212,100.0,0.1,1,7,1:30,0,4,8632,0,8287,0,13344,309,2,277,30,0,12.2,0.8,0.0,87.0,0.0,0.0,0.0,0.0,15794.9 MiB,3751.3 MiB,2017.0 MiB,10026.5 MiB,4096.0 MiB,3681.0 MiB,415.0 MiB,13136.6 MiB
6,Python 3.6.15,binarytrees_compatible_all.py 21,78,1694216298,1166424,python,1:31.79,20432,13344,5212,100.0,0.1,1,7,1:31,0,4,8632,0,8299,0,13344,309,2,277,30,0,12.9,0.8,0.0,86.4,0.0,0.0,0.0,0.0,15794.9 MiB,3751.6 MiB,2016.8 MiB,10026.5 MiB,4096.0 MiB,3681.0 MiB,415.0 MiB,13136.9 MiB
6,Python 3.6.15,binarytrees_compatible_all.py 21,79,1694216299,1166424,python,1:32.96,20432,13344,5212,93.8,0.1,1,7,1:32,0,4,8632,0,8311,0,13344,309,2,277,30,0,12.7,2.2,0.0,85.1,0.0,0.0,0.0,0.0,15794.9 MiB,3751.3 MiB,2017.0 MiB,10026.5 MiB,4096.0 MiB,3681.0 MiB,415.0 MiB,13136.6 MiB
6,Python 3.6.15,binarytrees_compatible_all.py 21,80,1694216300,1166424,python,1:34.14,20688,13600,5212,100.0,0.1,1,3,1:34,0,4,8888,0,8324,0,13600,309,2,277,30,0,12.8,1.5,0.0,85.7,0.0,0.0,0.0,0.0,15794.9 MiB,3751.3 MiB,2017.0 MiB,10026.5 MiB,4096.0 MiB,3681.0 MiB,415.0 MiB,13136.7 MiB
6,Python 3.6.15,binarytrees_compatible_all.py 21,81,1694216302,1166424,python,1:35.31,20688,13600,5212,100.0,0.1,1,3,1:35,0,4,8888,0,8336,0,13600,309,2,277,30,0,13.0,0.0,0.0,86.3,0.8,0.0,0.0,0.0,15794.9 MiB,3751.6 MiB,2016.7 MiB,10026.5 MiB,4096.0 MiB,3681.0 MiB,415.0 MiB,13136.9 MiB
6,Python 3.6.15,binarytrees_compatible_all.py 21,82,1694216303,1166424,python,1:36.49,20688,13600,5212,100.0,0.1,1,3,1:36,0,4,8888,0,8348,0,13600,309,3,276,30,0,12.9,0.0,0.0,87.1,0.0,0.0,0.0,0.0,15794.9 MiB,3751.3 MiB,2017.0 MiB,10026.5 MiB,4096.0 MiB,3681.0 MiB,415.0 MiB,13136.7 MiB
6,Python 3.6.15,binarytrees_compatible_all.py 21,83,1694216304,1166424,python,1:37.66,20688,13600,5212,100.0,0.1,1,3,1:37,0,4,8888,0,8359,0,13600,309,2,277,30,0,13.4,1.5,0.0,85.1,0.0,0.0,0.0,0.0,15794.9 MiB,3751.8 MiB,2016.5 MiB,10026.5 MiB,4096.0 MiB,3681.0 MiB,415.0 MiB,13137.2 MiB
6,Python 3.6.15,binarytrees_compatible_all.py 21,84,1694216305,1166424,python,1:38.83,20944,13856,5212,93.8,0.1,1,3,1:38,0,4,9144,0,8944,0,13856,309,2,277,30,0,13.4,1.5,0.0,85.1,0.0,0.0,0.0,0.0,15794.9 MiB,3752.1 MiB,2016.2 MiB,10026.5 MiB,4096.0 MiB,3681.0 MiB,415.0 MiB,13137.4 MiB
6,Python 3.6.15,binarytrees_compatible_all.py 21,85,1694216306,1166424,python,1:40.01,20944,13856,5212,100.0,0.1,1,3,1:40,0,4,9144,0,8944,0,13856,309,2,277,30,0,13.0,0.8,0.0,86.3,0.0,0.0,0.0,0.0,15794.9 MiB,3752.1 MiB,2016.2 MiB,10026.5 MiB,4096.0 MiB,3681.0 MiB,415.0 MiB,13137.4 MiB
6,Python 3.6.15,binarytrees_compatible_all.py 21,86,1694216308,1166424,python,1:41.19,20944,13856,5212,100.0,0.1,1,3,1:41,0,4,9144,0,8944,0,13856,309,2,277,30,0,13.4,1.5,0.0,84.3,0.7,0.0,0.0,0.0,15794.9 MiB,3751.8 MiB,2016.5 MiB,10026.5 MiB,4096.0 MiB,3681.0 MiB,415.0 MiB,13137.2 MiB
6,Python 3.6.15,binarytrees_compatible_all.py 21,87,1694216309,1166424,python,1:42.36,20944,13856,5212,100.0,0.1,1,3,1:42,0,4,9144,0,8944,0,13856,309,2,277,30,0,13.4,0.7,0.0,85.8,0.0,0.0,0.0,0.0,15794.9 MiB,3751.8 MiB,2016.5 MiB,10026.5 MiB,4096.0 MiB,3681.0 MiB,415.0 MiB,13137.2 MiB
6,Python 3.6.15,binarytrees_compatible_all.py 21,88,1694216310,1166424,python,1:43.53,20944,13856,5212,93.8,0.1,1,3,1:43,0,4,9144,0,8944,0,13856,309,2,277,30,0,12.8,1.5,0.0,85.7,0.0,0.0,0.0,0.0,15794.9 MiB,3751.8 MiB,2016.5 MiB,10026.5 MiB,4096.0 MiB,3681.0 MiB,415.0 MiB,13137.2 MiB
6,Python 3.6.15,binarytrees_compatible_all.py 21,89,1694216311,1166424,python,1:44.71,20944,13856,5212,100.0,0.1,1,3,1:44,0,4,9144,0,8944,0,13856,309,2,277,30,0,12.9,0.8,0.0,86.4,0.0,0.0,0.0,0.0,15794.9 MiB,3752.3 MiB,2016.0 MiB,10026.5 MiB,4096.0 MiB,3681.0 MiB,415.0 MiB,13137.7 MiB
6,Python 3.6.15,binarytrees_compatible_all.py 21,90,1694216312,1166424,python,1:45.88,20944,13856,5212,100.0,0.1,1,3,1:45,0,4,9144,0,8944,0,13856,309,2,277,30,0,12.7,1.5,0.0,85.8,0.0,0.0,0.0,0.0,15794.9 MiB,3752.3 MiB,2016.0 MiB,10026.6 MiB,4096.0 MiB,3681.0 MiB,415.0 MiB,13137.7 MiB
6,Python 3.6.15,binarytrees_compatible_all.py 21,91,1694216313,1166424,python,1:47.06,20944,13856,5212,100.0,0.1,1,3,1:47,0,4,9144,0,8944,0,13856,309,2,277,30,0,12.9,1.5,0.0,85.6,0.0,0.0,0.0,0.0,15794.9 MiB,3752.1 MiB,2016.2 MiB,10026.6 MiB,4096.0 MiB,3681.0 MiB,415.0 MiB,13137.4 MiB
6,Python 3.6.15,binarytrees_compatible_all.py 21,92,1694216315,1166424,python,1:48.23,20944,13856,5212,93.8,0.1,1,3,1:48,0,4,9144,0,8944,0,13856,309,2,277,30,0,12.9,0.8,0.0,86.4,0.0,0.0,0.0,0.0,15794.9 MiB,3752.3 MiB,2016.0 MiB,10026.6 MiB,4096.0 MiB,3681.0 MiB,415.0 MiB,13137.7 MiB
6,Python 3.6.15,binarytrees_compatible_all.py 21,93,1694216316,1166424,python,1:49.41,20944,13856,5212,100.0,0.1,1,3,1:49,0,4,9144,0,8944,0,13856,309,2,277,30,0,13.0,0.0,0.0,87.0,0.0,0.0,0.0,0.0,15794.9 MiB,3752.3 MiB,2016.0 MiB,10026.6 MiB,4096.0 MiB,3681.0 MiB,415.0 MiB,13137.7 MiB
6,Python 3.6.15,binarytrees_compatible_all.py 21,94,1694216317,1166424,python,1:50.58,20944,13856,5212,93.8,0.1,1,3,1:50,0,4,9144,0,8944,0,13856,309,2,277,30,0,13.0,0.8,0.0,86.3,0.0,0.0,0.0,0.0,15794.9 MiB,3754.3 MiB,2014.0 MiB,10026.6 MiB,4096.0 MiB,3681.0 MiB,415.0 MiB,13139.6 MiB
6,Python 3.6.15,binarytrees_compatible_all.py 21,95,1694216318,1166424,python,1:51.76,20944,13856,5212,100.0,0.1,1,3,1:51,0,4,9144,0,8944,0,13856,309,2,277,30,0,13.5,0.8,0.0,85.7,0.0,0.0,0.0,0.0,15794.9 MiB,3754.1 MiB,2014.2 MiB,10026.6 MiB,4096.0 MiB,3681.0 MiB,415.0 MiB,13139.4 MiB
6,Python 3.6.15,binarytrees_compatible_all.py 21,96,1694216319,1166424,python,1:52.94,20944,13856,5212,100.0,0.1,1,7,1:52,0,4,9144,0,8944,0,13856,309,2,277,30,0,13.4,1.5,0.0,85.1,0.0,0.0,0.0,0.0,15794.9 MiB,3753.3 MiB,2015.0 MiB,10026.6 MiB,4096.0 MiB,3681.0 MiB,415.0 MiB,13138.7 MiB
6,Python 3.6.15,binarytrees_compatible_all.py 21,97,1694216320,1166424,python,1:54.11,20944,13856,5212,100.0,0.1,1,7,1:54,0,4,9144,0,8944,0,13856,309,2,277,30,0,12.9,1.5,0.0,85.6,0.0,0.0,0.0,0.0,15794.9 MiB,3753.1 MiB,2015.2 MiB,10026.6 MiB,4096.0 MiB,3681.0 MiB,415.0 MiB,13138.4 MiB
6,Python 3.6.15,binarytrees_compatible_all.py 21,98,1694216322,1166424,python,1:55.28,20944,13856,5212,93.8,0.1,1,7,1:55,0,4,9144,0,8944,0,13856,309,2,277,30,0,12.9,0.8,0.0,86.4,0.0,0.0,0.0,0.0,15794.9 MiB,3753.1 MiB,2015.2 MiB,10026.6 MiB,4096.0 MiB,3681.0 MiB,415.0 MiB,13138.4 MiB
6,Python 3.6.15,binarytrees_compatible_all.py 21,99,1694216323,1166424,python,1:56.46,21200,14112,5212,100.0,0.1,1,7,1:56,0,4,9400,0,9015,0,14112,309,2,277,30,0,12.8,1.5,0.0,85.7,0.0,0.0,0.0,0.0,15794.9 MiB,3753.1 MiB,2015.2 MiB,10026.6 MiB,4096.0 MiB,3681.0 MiB,415.0 MiB,13138.4 MiB
6,Python 3.6.15,binarytrees_compatible_all.py 21,100,1694216324,1166424,python,1:57.63,21200,14112,5212,93.8,0.1,1,7,1:57,0,4,9400,0,9018,0,14112,309,2,277,30,0,12.9,0.8,0.0,85.6,0.8,0.0,0.0,0.0,15794.9 MiB,3753.1 MiB,2015.2 MiB,10026.6 MiB,4096.0 MiB,3681.0 MiB,415.0 MiB,13138.4 MiB
6,Python 3.6.15,binarytrees_compatible_all.py 21,101,1694216325,1166424,python,1:58.81,21200,14112,5212,100.0,0.1,1,7,1:58,0,4,9400,0,9021,0,14112,309,2,277,30,0,13.0,0.0,0.0,87.0,0.0,0.0,0.0,0.0,15794.9 MiB,3753.1 MiB,2015.2 MiB,10026.6 MiB,4096.0 MiB,3681.0 MiB,415.0 MiB,13138.4 MiB
6,Python 3.6.15,binarytrees_compatible_all.py 21,102,1694216326,1166424,python,1:59.98,21200,14112,5212,93.8,0.1,1,7,1:59,0,4,9400,0,9024,0,14112,309,2,277,30,0,12.8,0.8,0.0,86.5,0.0,0.0,0.0,0.0,15794.9 MiB,3752.8 MiB,2015.4 MiB,10026.6 MiB,4096.0 MiB,3681.0 MiB,415.0 MiB,13138.2 MiB
6,Python 3.6.15,binarytrees_compatible_all.py 21,103,1694216328,1166424,python,2:01.16,21200,14112,5212,100.0,0.1,1,7,2:01,0,4,9400,0,9027,0,14112,309,2,277,30,0,12.6,0.7,0.0,86.7,0.0,0.0,0.0,0.0,15794.9 MiB,3753.1 MiB,2015.2 MiB,10026.6 MiB,4096.0 MiB,3681.0 MiB,415.0 MiB,13138.4 MiB
6,Python 3.6.15,binarytrees_compatible_all.py 21,104,1694216329,1166424,python,2:02.34,21200,14112,5212,100.0,0.1,1,7,2:02,0,4,9400,0,9030,0,14112,309,2,277,30,0,12.8,1.5,0.0,85.7,0.0,0.0,0.0,0.0,15794.9 MiB,3753.1 MiB,2015.2 MiB,10026.6 MiB,4096.0 MiB,3681.0 MiB,415.0 MiB,13138.5 MiB
6,Python 3.6.15,binarytrees_compatible_all.py 21,105,1694216330,1166424,python,2:03.52,21200,14112,5212,100.0,0.1,1,7,2:03,0,4,9400,0,9033,0,14112,309,2,277,30,0,12.9,0.8,0.0,86.4,0.0,0.0,0.0,0.0,15794.9 MiB,3752.8 MiB,2015.4 MiB,10026.6 MiB,4096.0 MiB,3681.0 MiB,415.0 MiB,13138.2 MiB
6,Python 3.6.15,binarytrees_compatible_all.py 21,106,1694216331,1166424,python,2:04.69,25552,18464,5212,100.0,0.1,1,7,2:04,0,4,13752,0,16k,0,18464,309,2,277,30,0,12.1,1.5,0.0,86.4,0.0,0.0,0.0,0.0,15794.9 MiB,3748.4 MiB,2019.9 MiB,10026.6 MiB,4096.0 MiB,3681.0 MiB,415.0 MiB,13133.8 MiB
6,Python 3.6.15,binarytrees_compatible_all.py 21,107,1694216332,1166424,python,2:05.86,25552,18464,5212,93.8,0.1,1,7,2:05,0,4,13752,0,16k,0,18464,309,2,277,30,0,12.1,0.8,0.0,87.1,0.0,0.0,0.0,0.0,15794.9 MiB,3748.4 MiB,2019.9 MiB,10026.6 MiB,4096.0 MiB,3681.0 MiB,415.0 MiB,13133.8 MiB
6,Python 3.6.15,binarytrees_compatible_all.py 21,108,1694216333,1166424,python,2:07.04,25552,18464,5212,100.0,0.1,1,7,2:07,0,4,13752,0,16k,0,18464,309,2,277,30,0,12.0,1.5,0.0,86.5,0.0,0.0,0.0,0.0,15794.9 MiB,3748.4 MiB,2019.9 MiB,10026.6 MiB,4096.0 MiB,3681.0 MiB,415.0 MiB,13133.8 MiB
6,Python 3.6.15,binarytrees_compatible_all.py 21,109,1694216335,1166424,python,2:08.21,25552,18464,5212,100.0,0.1,1,7,2:08,0,4,13752,0,16k,0,18464,309,2,277,30,0,14.2,0.7,0.0,85.1,0.0,0.0,0.0,0.0,15794.9 MiB,3748.2 MiB,2020.1 MiB,10026.6 MiB,4096.0 MiB,3681.0 MiB,415.0 MiB,13133.5 MiB
6,Python 3.6.15,binarytrees_compatible_all.py 21,110,1694216336,1166424,python,2:09.39,25552,18464,5212,100.0,0.1,1,7,2:09,0,4,13752,0,16k,0,18464,309,2,277,30,0,13.4,1.5,0.0,85.1,0.0,0.0,0.0,0.0,15794.9 MiB,3748.4 MiB,2019.9 MiB,10026.6 MiB,4096.0 MiB,3681.0 MiB,415.0 MiB,13133.8 MiB
6,Python 3.6.15,binarytrees_compatible_all.py 21,111,1694216337,1166424,python,2:10.57,25552,18464,5212,100.0,0.1,1,7,2:10,0,4,13752,0,16k,0,18464,309,2,277,30,0,13.4,1.5,0.0,85.1,0.0,0.0,0.0,0.0,15794.9 MiB,3748.4 MiB,2019.9 MiB,10026.6 MiB,4096.0 MiB,3681.0 MiB,415.0 MiB,13133.8 MiB
6,Python 3.6.15,binarytrees_compatible_all.py 21,112,1694216338,1166424,python,2:11.74,25552,18464,5212,100.0,0.1,1,7,2:11,0,4,13752,0,16k,0,18464,309,2,277,30,0,12.8,0.8,0.0,86.5,0.0,0.0,0.0,0.0,15794.9 MiB,3748.4 MiB,2019.9 MiB,10026.6 MiB,4096.0 MiB,3681.0 MiB,415.0 MiB,13133.8 MiB
6,Python 3.6.15,binarytrees_compatible_all.py 21,113,1694216339,1166424,python,2:12.93,25552,18464,5212,100.0,0.1,1,7,2:12,0,4,13752,0,16k,0,18464,309,2,277,30,0,13.7,0.0,0.0,86.3,0.0,0.0,0.0,0.0,15794.9 MiB,3748.4 MiB,2019.9 MiB,10026.6 MiB,4096.0 MiB,3681.0 MiB,415.0 MiB,13133.8 MiB
6,Python 3.6.15,binarytrees_compatible_all.py 21,114,1694216340,1166424,python,2:14.10,25552,18464,5212,100.0,0.1,1,7,2:14,0,4,13752,0,16k,0,18464,309,2,277,30,0,12.9,0.8,0.0,86.4,0.0,0.0,0.0,0.0,15794.9 MiB,3748.4 MiB,2019.9 MiB,10026.6 MiB,4096.0 MiB,3681.0 MiB,415.0 MiB,13133.8 MiB
6,Python 3.6.15,binarytrees_compatible_all.py 21,115,1694216342,1166424,python,2:15.28,25552,18464,5212,100.0,0.1,1,3,2:15,0,4,13752,0,16k,0,18464,309,2,277,30,0,13.4,0.7,0.0,85.8,0.0,0.0,0.0,0.0,15794.9 MiB,3748.2 MiB,2020.1 MiB,10026.6 MiB,4096.0 MiB,3681.0 MiB,415.0 MiB,13133.6 MiB
6,Python 3.6.15,binarytrees_compatible_all.py 21,116,1694216343,1166424,python,2:16.45,25552,18464,5212,100.0,0.1,1,3,2:16,0,4,13752,0,16k,0,18464,309,2,277,30,0,13.5,0.8,0.0,85.7,0.0,0.0,0.0,0.0,15794.9 MiB,3748.2 MiB,2020.1 MiB,10026.6 MiB,4096.0 MiB,3681.0 MiB,415.0 MiB,13133.6 MiB
6,Python 3.6.15,binarytrees_compatible_all.py 21,117,1694216344,1166424,python,2:17.62,25552,18464,5212,93.8,0.1,1,3,2:17,0,4,13752,0,16k,0,18464,309,2,277,30,0,12.7,1.5,0.0,85.8,0.0,0.0,0.0,0.0,15794.9 MiB,3748.2 MiB,2020.1 MiB,10026.6 MiB,4096.0 MiB,3681.0 MiB,415.0 MiB,13133.6 MiB
6,Python 3.6.15,binarytrees_compatible_all.py 21,118,1694216345,1166424,python,2:18.80,25552,18464,5212,100.0,0.1,1,3,2:18,0,4,13752,0,16k,0,18464,309,2,277,30,0,12.2,0.8,0.0,87.0,0.0,0.0,0.0,0.0,15794.9 MiB,3747.9 MiB,2020.3 MiB,10026.6 MiB,4096.0 MiB,3681.0 MiB,415.0 MiB,13133.3 MiB
6,Python 3.6.15,binarytrees_compatible_all.py 21,119,1694216346,1166424,python,2:19.98,25552,18464,5212,100.0,0.1,1,3,2:19,0,4,13752,0,16k,0,18464,309,2,277,30,0,12.8,0.8,0.0,85.0,1.5,0.0,0.0,0.0,15794.9 MiB,3747.9 MiB,2020.3 MiB,10026.6 MiB,4096.0 MiB,3681.0 MiB,415.0 MiB,13133.3 MiB
6,Python 3.6.15,binarytrees_compatible_all.py 21,120,1694216348,1166424,python,2:21.15,25552,18464,5212,100.0,0.1,1,3,2:21,0,4,13752,0,16k,0,18464,309,2,277,30,0,13.5,0.8,0.0,85.7,0.0,0.0,0.0,0.0,15794.9 MiB,3749.1 MiB,2019.1 MiB,10026.6 MiB,4096.0 MiB,3681.0 MiB,415.0 MiB,13134.5 MiB
6,Python 3.6.15,binarytrees_compatible_all.py 21,121,1694216349,1166424,python,2:22.32,25552,18464,5212,93.8,0.1,1,3,2:22,0,4,13752,0,16k,0,18464,309,2,277,30,0,12.8,0.8,0.0,86.5,0.0,0.0,0.0,0.0,15794.9 MiB,3748.4 MiB,2019.8 MiB,10026.6 MiB,4096.0 MiB,3681.0 MiB,415.0 MiB,13133.8 MiB
6,Python 3.6.15,binarytrees_compatible_all.py 21,122,1694216350,1166424,python,2:23.50,25552,18464,5212,100.0,0.1,1,3,2:23,0,4,13752,0,16k,0,18464,309,2,277,30,0,12.9,0.8,0.0,86.4,0.0,0.0,0.0,0.0,15794.9 MiB,3748.4 MiB,2019.8 MiB,10026.6 MiB,4096.0 MiB,3681.0 MiB,415.0 MiB,13133.8 MiB
6,Python 3.6.15,binarytrees_compatible_all.py 21,123,1694216351,1166424,python,2:24.68,25552,18464,5212,100.0,0.1,1,3,2:24,0,4,13752,0,16k,0,18464,309,2,277,30,0,13.0,0.0,0.0,87.0,0.0,0.0,0.0,0.0,15794.9 MiB,3748.6 MiB,2019.6 MiB,10026.6 MiB,4096.0 MiB,3681.0 MiB,415.0 MiB,13134.1 MiB
6,Python 3.6.15,binarytrees_compatible_all.py 21,124,1694216352,1166424,python,2:25.85,25552,18464,5212,100.0,0.1,1,3,2:25,0,4,13752,0,16k,0,18464,309,2,277,30,0,12.8,1.5,0.0,85.7,0.0,0.0,0.0,0.0,15794.9 MiB,3748.6 MiB,2019.6 MiB,10026.6 MiB,4096.0 MiB,3681.0 MiB,415.0 MiB,13134.1 MiB
6,Python 3.6.15,binarytrees_compatible_all.py 21,125,1694216353,1166424,python,2:27.03,25552,18464,5212,100.0,0.1,1,3,2:27,0,4,13752,0,16k,0,18464,309,2,277,30,0,13.5,0.8,0.0,85.7,0.0,0.0,0.0,0.0,15794.9 MiB,3748.2 MiB,2020.1 MiB,10026.6 MiB,4096.0 MiB,3681.0 MiB,415.0 MiB,13133.6 MiB
6,Python 3.6.15,binarytrees_compatible_all.py 21,126,1694216355,1166424,python,2:28.20,25552,18464,5212,100.0,0.1,1,3,2:28,0,4,13752,0,16k,0,18464,309,2,277,30,0,12.9,0.8,0.0,86.4,0.0,0.0,0.0,0.0,15794.9 MiB,3748.7 MiB,2019.6 MiB,10026.7 MiB,4096.0 MiB,3681.0 MiB,415.0 MiB,13134.1 MiB
6,Python 3.6.15,binarytrees_compatible_all.py 21,127,1694216356,1166424,python,2:29.38,25552,18464,5212,100.0,0.1,1,3,2:29,0,4,13752,0,16k,0,18464,309,2,277,30,0,12.8,1.5,0.0,85.7,0.0,0.0,0.0,0.0,15794.9 MiB,3748.7 MiB,2019.6 MiB,10026.7 MiB,4096.0 MiB,3681.0 MiB,415.0 MiB,13134.1 MiB
6,Python 3.6.15,binarytrees_compatible_all.py 21,128,1694216357,1166424,python,2:30.56,33744,26528,5212,100.0,0.2,1,3,2:30,0,4,21944,0,24k,0,26528,309,2,277,30,0,10.6,3.0,0.0,86.4,0.0,0.0,0.0,0.0,15794.9 MiB,3741.9 MiB,2026.4 MiB,10026.7 MiB,4096.0 MiB,3681.0 MiB,415.0 MiB,13127.3 MiB
6,Python 3.6.15,binarytrees_compatible_all.py 21,129,1694216358,1166424,python,2:31.73,36816,29820,5212,100.0,0.2,1,3,2:31,0,4,25016,0,76k,0,29820,309,2,277,30,0,12.0,2.3,0.0,85.7,0.0,0.0,0.0,0.0,15794.9 MiB,3738.6 MiB,2029.6 MiB,10026.7 MiB,4096.0 MiB,3681.0 MiB,415.0 MiB,13124.0 MiB
6,Python 3.6.15,binarytrees_compatible_all.py 21,130,1694216359,1166424,python,2:32.91,42192,35072,5212,100.0,0.2,1,3,2:32,0,4,30392,0,114k,0,35072,309,2,277,30,0,12.9,0.8,0.0,86.4,0.0,0.0,0.0,0.0,15794.9 MiB,3738.8 MiB,2029.4 MiB,10026.7 MiB,4096.0 MiB,3681.0 MiB,415.0 MiB,13124.2 MiB
6,Python 3.6.15,binarytrees_compatible_all.py 21,131,1694216360,1166424,python,2:34.08,40400,33404,5212,100.0,0.2,1,3,2:34,0,4,28600,0,138k,0,33404,309,2,277,30,0,12.9,0.8,0.0,86.4,0.0,0.0,0.0,0.0,15794.9 MiB,3739.1 MiB,2029.1 MiB,10026.7 MiB,4096.0 MiB,3681.0 MiB,415.0 MiB,13124.5 MiB
6,Python 3.6.15,binarytrees_compatible_all.py 21,132,1694216362,1166424,python,2:35.26,43216,36384,5212,100.0,0.2,1,3,2:35,0,4,31416,0,148k,0,36384,309,2,277,30,0,13.3,1.5,0.0,85.2,0.0,0.0,0.0,0.0,15794.9 MiB,3738.8 MiB,2029.4 MiB,10026.7 MiB,4096.0 MiB,3681.0 MiB,415.0 MiB,13124.3 MiB
6,Python 3.6.15,binarytrees_compatible_all.py 21,133,1694216363,1166424,python,2:36.43,44496,37408,5212,93.8,0.2,1,3,2:36,0,4,32696,0,149k,0,37408,309,2,277,30,0,13.5,0.8,0.0,85.7,0.0,0.0,0.0,0.0,15794.9 MiB,3738.6 MiB,2029.6 MiB,10026.7 MiB,4096.0 MiB,3681.0 MiB,415.0 MiB,13124.0 MiB
6,Python 3.6.15,binarytrees_compatible_all.py 21,134,1694216364,1166424,python,2:37.61,44496,37408,5212,100.0,0.2,1,3,2:37,0,4,32696,0,149k,0,37408,309,2,277,30,0,12.8,0.8,0.0,86.5,0.0,0.0,0.0,0.0,15794.9 MiB,3738.6 MiB,2029.6 MiB,10026.7 MiB,4096.0 MiB,3681.0 MiB,415.0 MiB,13124.0 MiB
6,Python 3.6.15,binarytrees_compatible_all.py 21,135,1694216365,1166424,python,2:38.78,44496,37408,5212,93.8,0.2,1,3,2:38,0,4,32696,0,149k,0,37408,309,2,277,30,0,13.5,0.8,0.0,85.7,0.0,0.0,0.0,0.0,15794.9 MiB,3738.8 MiB,2029.4 MiB,10026.7 MiB,4096.0 MiB,3681.0 MiB,415.0 MiB,13124.3 MiB
6,Python 3.6.15,binarytrees_compatible_all.py 21,136,1694216366,1166424,python,2:39.96,44496,37408,5212,100.0,0.2,1,3,2:39,0,4,32696,0,149k,0,37408,309,2,277,30,0,12.8,1.5,0.0,85.7,0.0,0.0,0.0,0.0,15794.9 MiB,3738.6 MiB,2029.6 MiB,10026.7 MiB,4096.0 MiB,3681.0 MiB,415.0 MiB,13124.0 MiB
6,Python 3.6.15,binarytrees_compatible_all.py 21,137,1694216367,1166424,python,2:41.14,44496,37408,5212,100.0,0.2,1,3,2:41,0,4,32696,0,149k,0,37408,309,2,277,30,0,13.4,1.5,0.0,85.1,0.0,0.0,0.0,0.0,15794.9 MiB,3738.3 MiB,2029.9 MiB,10026.7 MiB,4096.0 MiB,3681.0 MiB,415.0 MiB,13123.8 MiB
6,Python 3.6.15,binarytrees_compatible_all.py 21,138,1694216369,1166424,python,2:42.31,44496,37408,5212,100.0,0.2,1,3,2:42,0,4,32696,0,149k,0,37408,309,2,277,30,0,12.2,0.8,0.0,87.0,0.0,0.0,0.0,0.0,15794.9 MiB,3738.1 MiB,2030.1 MiB,10026.7 MiB,4096.0 MiB,3681.0 MiB,415.0 MiB,13123.5 MiB
6,Python 3.6.15,binarytrees_compatible_all.py 21,139,1694216370,1166424,python,2:43.48,44496,37408,5212,93.8,0.2,1,7,2:43,0,4,32696,0,149k,0,37408,309,2,277,30,0,12.0,1.5,0.0,86.5,0.0,0.0,0.0,0.0,15794.9 MiB,3737.6 MiB,2030.6 MiB,10026.7 MiB,4096.0 MiB,3681.0 MiB,415.0 MiB,13123.0 MiB
6,Python 3.6.15,binarytrees_compatible_all.py 21,140,1694216371,1166424,python,2:44.66,44496,37408,5212,100.0,0.2,1,7,2:44,0,4,32696,0,149k,0,37408,309,2,277,30,0,12.8,0.8,0.0,86.5,0.0,0.0,0.0,0.0,15794.9 MiB,3736.8 MiB,2031.3 MiB,10026.7 MiB,4096.0 MiB,3681.0 MiB,415.0 MiB,13122.3 MiB
6,Python 3.6.15,binarytrees_compatible_all.py 21,141,1694216372,1166424,python,2:45.84,44496,37408,5212,100.0,0.2,1,7,2:45,0,4,32696,0,149k,0,37408,309,2,277,30,0,12.9,1.5,0.0,85.6,0.0,0.0,0.0,0.0,15794.9 MiB,3736.1 MiB,2032.1 MiB,10026.7 MiB,4096.0 MiB,3681.0 MiB,415.0 MiB,13121.6 MiB
6,Python 3.6.15,binarytrees_compatible_all.py 21,142,1694216373,1166424,python,2:47.01,44496,37408,5212,100.0,0.2,1,3,2:47,0,4,32696,0,149k,0,37408,309,2,277,30,0,12.1,1.5,0.0,86.4,0.0,0.0,0.0,0.0,15794.9 MiB,3736.1 MiB,2032.1 MiB,10026.7 MiB,4096.0 MiB,3681.0 MiB,415.0 MiB,13121.6 MiB
6,Python 3.6.15,binarytrees_compatible_all.py 21,143,1694216375,1166424,python,2:48.19,44496,37408,5212,94.1,0.2,1,3,2:48,0,4,32696,0,149k,0,37408,309,2,277,30,0,12.7,2.1,0.0,85.2,0.0,0.0,0.0,0.0,15794.9 MiB,3735.4 MiB,2032.8 MiB,10026.7 MiB,4096.0 MiB,3681.0 MiB,415.0 MiB,13120.8 MiB
6,Python 3.6.15,binarytrees_compatible_all.py 21,144,1694216376,1166424,python,2:49.37,44496,37408,5212,100.0,0.2,1,3,2:49,0,4,32696,0,149k,0,37408,309,2,277,30,0,12.8,0.8,0.0,85.7,0.8,0.0,0.0,0.0,15794.9 MiB,3735.1 MiB,2033.1 MiB,10026.7 MiB,4096.0 MiB,3681.0 MiB,415.0 MiB,13120.6 MiB
6,Python 3.6.15,binarytrees_compatible_all.py 21,145,1694216377,1166424,python,2:50.55,44496,37408,5212,100.0,0.2,1,3,2:50,0,4,32696,0,149k,0,37408,309,2,277,30,0,12.8,1.5,0.0,85.7,0.0,0.0,0.0,0.0,15794.9 MiB,3736.8 MiB,2031.3 MiB,10026.7 MiB,4096.0 MiB,3681.0 MiB,415.0 MiB,13122.3 MiB
6,Python 3.6.15,binarytrees_compatible_all.py 21,146,1694216378,1166424,python,2:51.72,44496,37408,5212,100.0,0.2,1,3,2:51,0,4,32696,0,149k,0,37408,309,2,277,30,0,12.9,0.8,0.0,86.4,0.0,0.0,0.0,0.0,15794.9 MiB,3736.4 MiB,2031.8 MiB,10026.7 MiB,4096.0 MiB,3681.0 MiB,415.0 MiB,13121.8 MiB
6,Python 3.6.15,binarytrees_compatible_all.py 21,147,1694216379,1166424,python,2:52.89,44496,37408,5212,100.0,0.2,1,3,2:52,0,4,32696,0,149k,0,37408,309,2,277,30,0,12.9,1.5,0.0,85.6,0.0,0.0,0.0,0.0,15794.9 MiB,3735.9 MiB,2032.3 MiB,10026.7 MiB,4096.0 MiB,3681.0 MiB,415.0 MiB,13121.3 MiB
6,Python 3.6.15,binarytrees_compatible_all.py 21,148,1694216380,1166424,python,2:54.07,44496,37408,5212,100.0,0.2,1,3,2:54,0,4,32696,0,149k,0,37408,309,2,277,30,0,13.5,1.5,0.0,85.0,0.0,0.0,0.0,0.0,15794.9 MiB,3735.9 MiB,2032.3 MiB,10026.7 MiB,4096.0 MiB,3681.0 MiB,415.0 MiB,13121.3 MiB
6,Python 3.6.15,binarytrees_compatible_all.py 21,149,1694216382,1166424,python,2:55.24,44496,37408,5212,100.0,0.2,1,3,2:55,0,4,32696,0,149k,0,37408,309,2,277,30,0,12.8,0.8,0.0,86.5,0.0,0.0,0.0,0.0,15794.9 MiB,3735.9 MiB,2032.3 MiB,10026.7 MiB,4096.0 MiB,3681.0 MiB,415.0 MiB,13121.3 MiB
6,Python 3.6.15,binarytrees_compatible_all.py 21,150,1694216383,1166424,python,2:56.42,44496,37408,5212,100.0,0.2,1,3,2:56,0,4,32696,0,149k,0,37408,309,3,276,30,0,12.8,1.5,0.0,85.7,0.0,0.0,0.0,0.0,15794.9 MiB,3735.9 MiB,2032.3 MiB,10026.7 MiB,4096.0 MiB,3681.0 MiB,415.0 MiB,13121.3 MiB
6,Python 3.6.15,binarytrees_compatible_all.py 21,151,1694216384,1166424,python,2:57.59,32976,25972,5212,100.0,0.2,1,3,2:57,0,4,21176,0,152k,0,25972,309,2,277,30,0,12.1,0.8,0.0,87.1,0.0,0.0,0.0,0.0,15794.9 MiB,3750.1 MiB,2018.1 MiB,10026.7 MiB,4096.0 MiB,3681.0 MiB,415.0 MiB,13135.6 MiB
6,Python 3.6.15,binarytrees_compatible_all.py 21,152,1694216385,1166424,python,2:58.77,106960,99880,5212,100.0,0.6,1,3,2:58,0,4,95160,0,217k,0,99880,309,2,277,30,0,12.0,2.3,0.0,85.7,0.0,0.0,0.0,0.0,15794.9 MiB,3678.5 MiB,2089.6 MiB,10026.7 MiB,4096.0 MiB,3681.0 MiB,415.0 MiB,13064.0 MiB
6,Python 3.6.15,binarytrees_compatible_all.py 21,153,1694216386,1166424,python,2:59.95,93136,86228,5212,100.0,0.5,1,3,2:59,0,4,81336,0,279k,0,86228,309,2,277,30,0,12.8,1.5,0.0,85.0,0.8,0.0,0.0,0.0,15794.9 MiB,3662.8 MiB,2105.4 MiB,10026.7 MiB,4096.0 MiB,3681.0 MiB,415.0 MiB,13048.3 MiB
6,Python 3.6.15,binarytrees_compatible_all.py 21,154,1694216387,1166424,python,3:01.12,73680,66772,5212,93.8,0.4,1,3,3:01,0,4,61880,0,337k,0,66772,309,2,277,30,0,12.0,1.5,0.0,86.5,0.0,0.0,0.0,0.0,15794.9 MiB,3698.8 MiB,2069.3 MiB,10026.7 MiB,4096.0 MiB,3681.0 MiB,415.0 MiB,13084.3 MiB
6,Python 3.6.15,binarytrees_compatible_all.py 21,155,1694216389,1166424,python,3:02.29,72144,65236,5212,93.8,0.4,1,3,3:02,0,4,60344,0,394k,0,65236,309,2,277,30,0,12.1,1.5,0.0,86.4,0.0,0.0,0.0,0.0,15794.9 MiB,3700.4 MiB,2067.8 MiB,10026.7 MiB,4096.0 MiB,3681.0 MiB,415.0 MiB,13085.9 MiB
6,Python 3.6.15,binarytrees_compatible_all.py 21,156,1694216390,1166424,python,3:03.47,83664,76496,5212,93.8,0.5,1,3,3:03,0,4,71864,0,453k,0,76496,309,2,277,30,0,12.1,2.1,0.0,85.7,0.0,0.0,0.0,0.0,15794.9 MiB,3697.6 MiB,2070.6 MiB,10026.7 MiB,4096.0 MiB,3681.0 MiB,415.0 MiB,13083.1 MiB
6,Python 3.6.15,binarytrees_compatible_all.py 21,157,1694216391,1166424,python,3:04.66,104912,97664,5212,100.0,0.6,1,3,3:04,0,4,93112,0,514k,0,97664,309,2,277,30,0,12.1,1.5,0.0,86.4,0.0,0.0,0.0,0.0,15794.9 MiB,3680.5 MiB,2087.6 MiB,10026.7 MiB,4096.0 MiB,3681.0 MiB,415.0 MiB,13066.0 MiB
6,Python 3.6.15,binarytrees_compatible_all.py 21,158,1694216392,1166424,python,3:05.83,90320,83412,5212,100.0,0.5,1,3,3:05,0,4,78520,0,572k,0,83412,309,2,277,30,0,11.5,1.5,0.0,87.0,0.0,0.0,0.0,0.0,15794.9 MiB,3666.3 MiB,2101.8 MiB,10026.7 MiB,4096.0 MiB,3681.0 MiB,415.0 MiB,13051.9 MiB
6,Python 3.6.15,binarytrees_compatible_all.py 21,159,1694216393,1166424,python,3:07.00,77008,70100,5212,100.0,0.4,1,3,3:07,0,4,65208,0,627k,0,70100,309,2,277,30,0,11.9,2.2,0.0,85.8,0.0,0.0,0.0,0.0,15794.9 MiB,3695.3 MiB,2072.8 MiB,10026.7 MiB,4096.0 MiB,3681.0 MiB,415.0 MiB,13080.8 MiB
6,Python 3.6.15,binarytrees_compatible_all.py 21,160,1694216395,1166424,python,3:08.19,75472,68564,5212,100.0,0.4,1,3,3:08,0,4,63672,0,679k,0,68564,309,2,277,30,0,11.3,3.0,0.0,85.7,0.0,0.0,0.0,0.0,15794.9 MiB,3696.6 MiB,2071.6 MiB,10026.7 MiB,4096.0 MiB,3681.0 MiB,415.0 MiB,13082.1 MiB
6,Python 3.6.15,binarytrees_compatible_all.py 21,161,1694216396,1166424,python,3:09.36,91856,84576,5212,100.0,0.5,1,3,3:09,0,4,80056,0,735k,0,84576,309,2,277,30,0,11.4,1.5,0.0,87.1,0.0,0.0,0.0,0.0,15794.9 MiB,3692.6 MiB,2075.6 MiB,10026.7 MiB,4096.0 MiB,3681.0 MiB,415.0 MiB,13078.1 MiB
6,Python 3.6.15,binarytrees_compatible_all.py 21,162,1694216397,1166424,python,3:10.53,111312,104424,5212,100.0,0.6,1,3,3:10,0,4,99512,0,792k,0,104424,309,2,277,30,0,12.1,1.5,0.0,86.4,0.0,0.0,0.0,0.0,15794.9 MiB,3673.1 MiB,2095.0 MiB,10026.7 MiB,4096.0 MiB,3681.0 MiB,415.0 MiB,13058.6 MiB
6,Python 3.6.15,binarytrees_compatible_all.py 21,163,1694216398,1166424,python,3:11.71,77520,70612,5212,100.0,0.4,1,3,3:11,0,4,65720,0,844k,0,70612,309,2,277,30,0,12.1,1.5,0.0,86.4,0.0,0.0,0.0,0.0,15794.9 MiB,3694.3 MiB,2073.8 MiB,10026.7 MiB,4096.0 MiB,3681.0 MiB,415.0 MiB,13079.8 MiB
6,Python 3.6.15,binarytrees_compatible_all.py 21,164,1694216399,1166424,python,3:12.88,80336,73428,5212,93.8,0.5,1,3,3:12,0,4,68536,0,895k,0,73428,309,2,277,30,0,11.4,2.3,0.0,86.4,0.0,0.0,0.0,0.0,15794.9 MiB,3691.5 MiB,2076.6 MiB,10026.7 MiB,4096.0 MiB,3681.0 MiB,415.0 MiB,13077.0 MiB
6,Python 3.6.15,binarytrees_compatible_all.py 21,165,1694216400,1166424,python,3:14.05,81872,74792,5212,93.8,0.5,1,3,3:14,0,4,70072,0,944k,0,74792,309,2,277,30,0,12.8,1.5,0.0,85.7,0.0,0.0,0.0,0.0,15794.9 MiB,3692.6 MiB,2075.6 MiB,10026.7 MiB,4096.0 MiB,3681.0 MiB,415.0 MiB,13078.1 MiB
6,Python 3.6.15,binarytrees_compatible_all.py 21,166,1694216402,1166424,python,3:15.23,106192,99256,5212,100.0,0.6,1,3,3:15,0,4,94392,0,998k,0,99256,309,2,277,30,0,13.5,0.8,0.0,85.7,0.0,0.0,0.0,0.0,15794.9 MiB,3677.3 MiB,2090.8 MiB,10026.7 MiB,4096.0 MiB,3681.0 MiB,415.0 MiB,13062.8 MiB
6,Python 3.6.15,binarytrees_compatible_all.py 21,167,1694216403,1166424,python,3:16.41,82384,75476,5212,100.0,0.5,1,3,3:16,0,4,70584,0,1.0m,0,75476,309,2,277,30,0,13.3,1.5,0.0,85.2,0.0,0.0,0.0,0.0,15794.9 MiB,3688.7 MiB,2079.4 MiB,10026.7 MiB,4096.0 MiB,3681.0 MiB,415.0 MiB,13074.3 MiB
6,Python 3.6.15,binarytrees_compatible_all.py 21,168,1694216404,1166424,python,3:17.59,80848,73940,5212,100.0,0.5,1,3,3:17,0,4,69048,0,1.1m,0,73940,309,2,277,30,0,12.1,1.5,0.0,86.4,0.0,0.0,0.0,0.0,15794.9 MiB,3690.2 MiB,2077.9 MiB,10026.7 MiB,4096.0 MiB,3681.0 MiB,415.0 MiB,13075.8 MiB
6,Python 3.6.15,binarytrees_compatible_all.py 21,169,1694216405,1166424,python,3:18.76,85456,78336,5212,100.0,0.5,1,3,3:18,0,4,73656,0,1.1m,0,78336,309,2,277,30,0,12.1,1.5,0.0,86.4,0.0,0.0,0.0,0.0,15794.9 MiB,3687.5 MiB,2080.7 MiB,10026.7 MiB,4096.0 MiB,3681.0 MiB,415.0 MiB,13073.0 MiB
6,Python 3.6.15,binarytrees_compatible_all.py 21,170,1694216406,1166424,python,3:19.94,110800,103728,5212,100.0,0.6,1,3,3:19,0,4,99000,0,1.2m,0,103728,309,2,277,30,0,12.8,1.5,0.0,85.7,0.0,0.0,0.0,0.0,15794.9 MiB,3672.9 MiB,2095.3 MiB,10026.7 MiB,4096.0 MiB,3681.0 MiB,415.0 MiB,13058.4 MiB
6,Python 3.6.15,binarytrees_compatible_all.py 21,171,1694216407,1166424,python,3:21.11,82896,75988,5212,100.0,0.5,1,7,3:21,0,4,71096,0,1.2m,0,75988,309,2,277,30,0,13.4,1.5,0.0,85.1,0.0,0.0,0.0,0.0,15794.9 MiB,3682.3 MiB,2085.8 MiB,10026.7 MiB,4096.0 MiB,3681.0 MiB,415.0 MiB,13067.8 MiB
6,Python 3.6.15,binarytrees_compatible_all.py 21,172,1694216409,1166424,python,3:22.29,85712,78804,5212,100.0,0.5,1,7,3:22,0,4,73912,0,1.3m,0,78804,309,2,277,30,0,12.0,2.3,0.0,85.7,0.0,0.0,0.0,0.0,15794.9 MiB,3679.3 MiB,2088.9 MiB,10026.7 MiB,4096.0 MiB,3681.0 MiB,415.0 MiB,13064.8 MiB
6,Python 3.6.15,binarytrees_compatible_all.py 21,173,1694216410,1166424,python,3:23.46,96464,89408,5212,100.0,0.6,1,7,3:23,0,4,84664,0,1.3m,0,89408,309,2,277,30,0,12.0,2.3,0.0,85.7,0.0,0.0,0.0,0.0,15794.9 MiB,3680.8 MiB,2087.3 MiB,10026.8 MiB,4096.0 MiB,3681.0 MiB,415.0 MiB,13066.3 MiB
6,Python 3.6.15,binarytrees_compatible_all.py 21,174,1694216411,1166424,python,3:24.64,105680,98772,5212,100.0,0.6,1,7,3:24,0,4,93880,0,1.3m,0,98772,309,3,276,30,0,12.1,1.5,0.0,86.4,0.0,0.0,0.0,0.0,15794.9 MiB,3655.4 MiB,2112.7 MiB,10026.8 MiB,4096.0 MiB,3681.0 MiB,415.0 MiB,13040.9 MiB
6,Python 3.6.15,binarytrees_compatible_all.py 21,175,1694216412,1166424,python,3:25.81,87760,80852,5212,100.0,0.5,1,7,3:25,0,4,75960,0,1.4m,0,80852,309,2,277,30,0,11.3,2.3,0.0,86.5,0.0,0.0,0.0,0.0,15794.9 MiB,3677.3 MiB,2090.9 MiB,10026.8 MiB,4096.0 MiB,3681.0 MiB,415.0 MiB,13062.8 MiB
6,Python 3.6.15,binarytrees_compatible_all.py 21,176,1694216413,1166424,python,3:26.98,220368,213140,5212,100.0,1.3,1,7,3:26,0,4,208568,0,1.4m,0,213140,309,2,277,30,0,13.4,1.5,0.0,85.1,0.0,0.0,0.0,0.0,15794.9 MiB,3556.2 MiB,2211.9 MiB,10026.8 MiB,4096.0 MiB,3681.0 MiB,415.0 MiB,12941.8 MiB
6,Python 3.6.15,binarytrees_compatible_all.py 21,177,1694216415,1166424,python,3:28.16,269776,262828,5212,100.0,1.6,1,7,3:28,0,4,257976,0,1.5m,0,262828,309,2,277,30,0,12.8,1.5,0.0,85.7,0.0,0.0,0.0,0.0,15794.9 MiB,3510.7 MiB,2257.4 MiB,10026.8 MiB,4096.0 MiB,3681.0 MiB,415.0 MiB,12896.2 MiB
6,Python 3.6.15,binarytrees_compatible_all.py 21,178,1694216416,1166424,python,3:29.34,386512,379580,5212,100.0,2.3,1,7,3:29,0,4,374712,0,1.6m,0,379580,309,2,277,30,0,11.5,2.3,0.0,86.3,0.0,0.0,0.0,0.0,15794.9 MiB,3396.3 MiB,2371.8 MiB,10026.8 MiB,4096.0 MiB,3681.0 MiB,415.0 MiB,12781.8 MiB
6,Python 3.6.15,binarytrees_compatible_all.py 21,179,1694216417,1166424,python,3:30.50,220880,214048,5212,93.8,1.3,1,7,3:30,0,4,209080,0,1.6m,0,214048,309,2,277,30,0,14.1,1.5,0.0,84.4,0.0,0.0,0.0,0.0,15794.9 MiB,3546.2 MiB,2221.9 MiB,10026.8 MiB,4096.0 MiB,3681.0 MiB,415.0 MiB,12931.8 MiB
6,Python 3.6.15,binarytrees_compatible_all.py 21,180,1694216418,1166424,python,3:31.69,233168,226116,5212,100.0,1.4,1,7,3:31,0,4,221368,0,1.7m,0,226116,309,2,277,30,0,13.6,0.0,0.0,86.4,0.0,0.0,0.0,0.0,15794.9 MiB,3543.9 MiB,2224.2 MiB,10026.8 MiB,4096.0 MiB,3681.0 MiB,415.0 MiB,12929.5 MiB
6,Python 3.6.15,binarytrees_compatible_all.py 21,181,1694216419,1166424,python,3:32.85,349136,342076,5212,93.8,2.1,1,7,3:32,0,4,337336,0,1.8m,0,342076,309,2,277,30,0,12.0,2.3,0.0,85.7,0.0,0.0,0.0,0.0,15794.9 MiB,3432.7 MiB,2335.4 MiB,10026.8 MiB,4096.0 MiB,3681.0 MiB,415.0 MiB,12818.3 MiB
6,Python 3.6.15,binarytrees_compatible_all.py 21,182,1694216420,1166424,python,3:34.03,221392,214560,5212,100.0,1.3,1,7,3:34,0,4,209592,0,1.8m,0,214560,309,2,277,30,0,11.3,3.0,0.0,85.0,0.8,0.0,0.0,0.0,15794.9 MiB,3545.6 MiB,2222.4 MiB,10026.8 MiB,4096.0 MiB,3681.0 MiB,415.0 MiB,12931.2 MiB
6,Python 3.6.15,binarytrees_compatible_all.py 21,183,1694216422,1166424,python,3:35.20,223696,216864,5212,100.0,1.3,1,7,3:35,0,4,211896,0,1.9m,0,216864,309,2,277,30,0,13.5,0.8,0.0,85.7,0.0,0.0,0.0,0.0,15794.9 MiB,3543.4 MiB,2224.6 MiB,10026.8 MiB,4096.0 MiB,3681.0 MiB,415.0 MiB,12929.0 MiB
6,Python 3.6.15,binarytrees_compatible_all.py 21,184,1694216423,1166424,python,3:36.38,311504,304308,5212,100.0,1.9,1,7,3:36,0,4,299704,0,1.9m,0,304308,309,2,277,30,0,12.0,2.3,0.0,85.7,0.0,0.0,0.0,0.0,15794.9 MiB,3470.3 MiB,2297.7 MiB,10026.8 MiB,4096.0 MiB,3681.0 MiB,415.0 MiB,12855.9 MiB
6,Python 3.6.15,binarytrees_compatible_all.py 21,185,1694216424,1166424,python,3:37.56,392656,385824,5212,100.0,2.4,1,7,3:37,0,4,380856,0,2.0m,0,385824,309,2,277,30,0,11.4,3.6,0.0,85.0,0.0,0.0,0.0,0.0,15794.9 MiB,3359.9 MiB,2408.2 MiB,10026.8 MiB,4096.0 MiB,3681.0 MiB,415.0 MiB,12745.4 MiB
6,Python 3.6.15,binarytrees_compatible_all.py 21,186,1694216425,1166424,python,3:38.74,224208,217376,5212,100.0,1.3,1,7,3:38,0,4,212408,0,2.1m,0,217376,309,2,277,30,0,12.9,1.5,0.0,85.6,0.0,0.0,0.0,0.0,15794.9 MiB,3542.9 MiB,2225.1 MiB,10026.8 MiB,4096.0 MiB,3681.0 MiB,415.0 MiB,12928.5 MiB
6,Python 3.6.15,binarytrees_compatible_all.py 21,187,1694216426,1166424,python,3:39.92,274640,267596,5212,100.0,1.7,1,7,3:39,0,4,262840,0,2.1m,0,267596,309,2,277,30,0,12.8,1.5,0.0,85.7,0.0,0.0,0.0,0.0,15794.9 MiB,3505.8 MiB,2262.3 MiB,10026.8 MiB,4096.0 MiB,3681.0 MiB,415.0 MiB,12891.4 MiB
6,Python 3.6.15,binarytrees_compatible_all.py 21,188,1694216427,1166424,python,3:41.09,387280,380252,5212,100.0,2.4,1,7,3:41,0,4,375480,0,2.2m,0,380252,309,2,277,30,0,11.9,3.7,0.0,84.4,0.0,0.0,0.0,0.0,15794.9 MiB,3395.3 MiB,2372.8 MiB,10026.8 MiB,4096.0 MiB,3681.0 MiB,415.0 MiB,12780.9 MiB
6,Python 3.6.15,binarytrees_compatible_all.py 21,189,1694216429,1166424,python,3:42.27,224720,217888,5212,100.0,1.3,1,7,3:42,0,4,212920,0,2.3m,0,217888,309,2,277,30,0,12.1,1.5,0.0,86.4,0.0,0.0,0.0,0.0,15794.9 MiB,3541.9 MiB,2226.1 MiB,10026.8 MiB,4096.0 MiB,3681.0 MiB,415.0 MiB,12927.5 MiB
6,Python 3.6.15,binarytrees_compatible_all.py 21,190,1694216430,1166424,python,3:43.44,234448,227452,5212,100.0,1.4,1,7,3:43,0,4,222648,0,2.3m,0,227452,309,2,277,30,0,12.1,1.5,0.0,86.4,0.0,0.0,0.0,0.0,15794.9 MiB,3543.7 MiB,2224.4 MiB,10026.8 MiB,4096.0 MiB,3681.0 MiB,415.0 MiB,12929.3 MiB
6,Python 3.6.15,binarytrees_compatible_all.py 21,191,1694216431,1166424,python,3:44.62,350160,343012,5212,100.0,2.1,1,7,3:44,0,4,338360,0,2.4m,0,343012,309,2,277,30,0,10.8,2.3,0.0,86.9,0.0,0.0,0.0,0.0,15794.9 MiB,3431.5 MiB,2336.6 MiB,10026.8 MiB,4096.0 MiB,3681.0 MiB,415.0 MiB,12817.1 MiB
6,Python 3.6.15,binarytrees_compatible_all.py 21,192,1694216432,1166424,python,3:45.80,225232,218400,5212,100.0,1.4,1,7,3:45,0,4,213432,0,2.4m,0,218400,309,2,277,30,0,11.9,3.0,0.0,85.1,0.0,0.0,0.0,0.0,15794.9 MiB,3541.7 MiB,2226.4 MiB,10026.8 MiB,4096.0 MiB,3681.0 MiB,415.0 MiB,12927.3 MiB
6,Python 3.6.15,binarytrees_compatible_all.py 21,193,1694216433,1166424,python,3:46.97,223184,216352,5212,100.0,1.3,1,7,3:46,0,4,211384,0,2.5m,0,216352,309,2,277,30,0,12.8,1.5,0.0,85.7,0.0,0.0,0.0,0.0,15794.9 MiB,3543.2 MiB,2224.9 MiB,10026.8 MiB,4096.0 MiB,3681.0 MiB,415.0 MiB,12928.8 MiB
6,Python 3.6.15,binarytrees_compatible_all.py 21,194,1694216435,1166424,python,3:48.14,313808,306564,5212,100.0,1.9,1,7,3:48,0,4,302008,0,2.6m,0,306564,309,2,277,30,0,12.1,1.5,0.0,86.4,0.0,0.0,0.0,0.0,15794.9 MiB,3467.1 MiB,2300.9 MiB,10026.8 MiB,4096.0 MiB,3681.0 MiB,415.0 MiB,12852.7 MiB
6,Python 3.6.15,binarytrees_compatible_all.py 21,195,1694216436,1166424,python,3:49.32,363216,356384,5212,100.0,2.2,1,7,3:49,0,4,351416,0,2.6m,0,356384,309,2,277,30,0,11.4,2.3,0.0,86.4,0.0,0.0,0.0,0.0,15794.9 MiB,3389.6 MiB,2378.5 MiB,10026.8 MiB,4096.0 MiB,3681.0 MiB,415.0 MiB,12775.2 MiB
6,Python 3.6.15,binarytrees_compatible_all.py 21,196,1694216437,1166424,python,3:50.49,223696,216864,5212,100.0,1.3,1,7,3:50,0,4,211896,0,2.7m,0,216864,309,2,277,30,0,12.7,1.5,0.0,85.8,0.0,0.0,0.0,0.0,15794.9 MiB,3542.7 MiB,2225.4 MiB,10026.8 MiB,4096.0 MiB,3681.0 MiB,415.0 MiB,12928.3 MiB
6,Python 3.6.15,binarytrees_compatible_all.py 21,197,1694216438,1166424,python,3:51.67,277456,270380,5212,100.0,1.7,1,3,3:51,0,4,265656,0,2.7m,0,270380,309,2,277,30,0,13.4,2.2,0.0,84.3,0.0,0.0,0.0,0.0,15794.9 MiB,3501.8 MiB,2266.2 MiB,10026.8 MiB,4096.0 MiB,3681.0 MiB,415.0 MiB,12887.4 MiB
6,Python 3.6.15,binarytrees_compatible_all.py 21,198,1694216439,1166424,python,3:52.84,394448,387132,5212,100.0,2.4,1,3,3:52,0,4,382648,0,2.8m,0,387132,309,2,277,30,0,13.4,0.7,0.0,85.8,0.0,0.0,0.0,0.0,15794.9 MiB,3387.4 MiB,2380.6 MiB,10026.8 MiB,4096.0 MiB,3681.0 MiB,415.0 MiB,12773.0 MiB
6,Python 3.6.15,binarytrees_compatible_all.py 21,199,1694216440,1166424,python,3:54.01,224208,217376,5212,100.0,1.3,1,3,3:54,0,4,212408,0,2.9m,0,217376,309,2,277,30,0,13.3,2.2,0.0,84.4,0.0,0.0,0.0,0.0,15794.9 MiB,3541.9 MiB,2226.1 MiB,10026.8 MiB,4096.0 MiB,3681.0 MiB,415.0 MiB,12927.6 MiB
6,Python 3.6.15,binarytrees_compatible_all.py 21,200,1694216442,1166424,python,3:55.19,106960,100128,5212,100.0,0.6,1,3,3:55,0,4,95160,0,2.9m,0,100128,309,2,277,30,0,12.1,1.5,0.0,86.4,0.0,0.0,0.0,0.0,15794.9 MiB,3639.3 MiB,2128.8 MiB,10026.8 MiB,4096.0 MiB,3681.0 MiB,415.0 MiB,13024.9 MiB
7,Python 3.6.15,binarytrees_compatible_all.py 21,0,1694216443,1167709,python,0:00.11,31616,24980,5400,68.8,0.2,1,5,0:00,0,4,19816,0,6053,0,24980,310,2,278,30,0,21.7,7.2,0.0,71.0,0.0,0.0,0.0,0.0,15794.9 MiB,3732.0 MiB,2028.8 MiB,10034.1 MiB,4096.0 MiB,3681.0 MiB,415.0 MiB,13117.6 MiB
7,Python 3.6.15,binarytrees_compatible_all.py 21,1,1694216444,1167709,python,0:01.28,31616,24980,5400,93.8,0.2,1,5,0:01,0,4,19816,0,6053,0,24980,310,2,278,30,0,13.5,0.8,0.0,85.7,0.0,0.0,0.0,0.0,15794.9 MiB,3731.7 MiB,2029.1 MiB,10034.1 MiB,4096.0 MiB,3681.0 MiB,415.0 MiB,13117.3 MiB
7,Python 3.6.15,binarytrees_compatible_all.py 21,2,1694216445,1167709,python,0:02.46,31616,24980,5400,100.0,0.2,1,5,0:02,0,4,19816,0,6053,0,24980,310,2,278,30,0,13.5,1.5,0.0,85.0,0.0,0.0,0.0,0.0,15794.9 MiB,3739.3 MiB,2028.5 MiB,10027.0 MiB,4096.0 MiB,3681.0 MiB,415.0 MiB,13124.9 MiB
7,Python 3.6.15,binarytrees_compatible_all.py 21,3,1694216446,1167709,python,0:03.63,31616,24980,5400,93.8,0.2,1,5,0:03,0,4,19816,0,6053,0,24980,310,2,278,30,0,12.9,0.8,0.0,86.4,0.0,0.0,0.0,0.0,15794.9 MiB,3739.3 MiB,2028.5 MiB,10027.0 MiB,4096.0 MiB,3681.0 MiB,415.0 MiB,13125.0 MiB
7,Python 3.6.15,binarytrees_compatible_all.py 21,4,1694216447,1167709,python,0:04.81,31616,24980,5400,100.0,0.2,1,5,0:04,0,4,19816,0,6053,0,24980,310,2,278,30,0,13.4,1.5,0.0,85.1,0.0,0.0,0.0,0.0,15794.9 MiB,3739.6 MiB,2028.2 MiB,10027.0 MiB,4096.0 MiB,3681.0 MiB,415.0 MiB,13125.2 MiB
7,Python 3.6.15,binarytrees_compatible_all.py 21,5,1694216449,1167709,python,0:05.98,31616,24980,5400,100.0,0.2,1,5,0:05,0,4,19816,0,6053,0,24980,310,2,278,30,0,12.9,0.8,0.0,86.4,0.0,0.0,0.0,0.0,15794.9 MiB,3739.3 MiB,2028.5 MiB,10027.0 MiB,4096.0 MiB,3681.0 MiB,415.0 MiB,13125.0 MiB
7,Python 3.6.15,binarytrees_compatible_all.py 21,6,1694216450,1167709,python,0:07.16,31616,24980,5400,100.0,0.2,1,5,0:07,0,4,19816,0,6053,0,24980,310,2,278,30,0,12.9,0.8,0.0,86.4,0.0,0.0,0.0,0.0,15794.9 MiB,3739.3 MiB,2028.5 MiB,10027.0 MiB,4096.0 MiB,3681.0 MiB,415.0 MiB,13125.0 MiB
7,Python 3.6.15,binarytrees_compatible_all.py 21,7,1694216451,1167709,python,0:08.33,31616,24980,5400,100.0,0.2,1,5,0:08,0,4,19816,0,6053,0,24980,310,2,278,30,0,13.6,0.0,0.0,86.4,0.0,0.0,0.0,0.0,15794.9 MiB,3738.4 MiB,2029.5 MiB,10027.0 MiB,4096.0 MiB,3681.0 MiB,415.0 MiB,13124.0 MiB
7,Python 3.6.15,binarytrees_compatible_all.py 21,8,1694216452,1167709,python,0:09.51,31616,24980,5400,100.0,0.2,1,5,0:09,0,4,19816,0,6053,0,24980,310,2,278,30,0,13.5,0.8,0.0,85.7,0.0,0.0,0.0,0.0,15794.9 MiB,3738.4 MiB,2029.5 MiB,10027.0 MiB,4096.0 MiB,3681.0 MiB,415.0 MiB,13124.0 MiB
7,Python 3.6.15,binarytrees_compatible_all.py 21,9,1694216453,1167709,python,0:10.68,31616,24980,5400,100.0,0.2,1,5,0:10,0,4,19816,0,6053,0,24980,310,2,278,30,0,13.0,0.8,0.0,86.3,0.0,0.0,0.0,0.0,15794.9 MiB,3738.1 MiB,2029.7 MiB,10027.0 MiB,4096.0 MiB,3681.0 MiB,415.0 MiB,13123.8 MiB
7,Python 3.6.15,binarytrees_compatible_all.py 21,10,1694216454,1167709,python,0:11.86,31616,24980,5400,100.0,0.2,1,5,0:11,0,4,19816,0,6053,0,24980,310,2,278,30,0,12.2,0.8,0.0,87.0,0.0,0.0,0.0,0.0,15794.9 MiB,3738.1 MiB,2029.7 MiB,10027.0 MiB,4096.0 MiB,3681.0 MiB,415.0 MiB,13123.8 MiB
7,Python 3.6.15,binarytrees_compatible_all.py 21,11,1694216456,1167709,python,0:13.03,31616,24980,5400,93.8,0.2,1,5,0:13,0,4,19816,0,6053,0,24980,310,2,278,30,0,13.4,1.5,0.0,85.1,0.0,0.0,0.0,0.0,15794.9 MiB,3738.9 MiB,2029.0 MiB,10027.1 MiB,4096.0 MiB,3681.0 MiB,415.0 MiB,13124.5 MiB
7,Python 3.6.15,binarytrees_compatible_all.py 21,12,1694216457,1167709,python,0:14.21,31616,24980,5400,100.0,0.2,1,5,0:14,0,4,19816,0,6053,0,24980,310,2,278,30,0,13.5,0.8,0.0,85.7,0.0,0.0,0.0,0.0,15794.9 MiB,3738.9 MiB,2029.0 MiB,10027.1 MiB,4096.0 MiB,3681.0 MiB,415.0 MiB,13124.5 MiB
7,Python 3.6.15,binarytrees_compatible_all.py 21,13,1694216458,1167709,python,0:15.38,31616,24980,5400,100.0,0.2,1,1,0:15,0,4,19816,0,6053,0,24980,310,2,278,30,0,12.9,0.8,0.0,86.4,0.0,0.0,0.0,0.0,15794.9 MiB,3738.6 MiB,2029.2 MiB,10027.1 MiB,4096.0 MiB,3681.0 MiB,415.0 MiB,13124.3 MiB
7,Python 3.6.15,binarytrees_compatible_all.py 21,14,1694216459,1167709,python,0:16.55,31616,24980,5400,100.0,0.2,1,5,0:16,0,4,19816,0,6053,0,24980,310,2,278,30,0,12.9,0.8,0.0,86.4,0.0,0.0,0.0,0.0,15794.9 MiB,3738.6 MiB,2029.2 MiB,10027.1 MiB,4096.0 MiB,3681.0 MiB,415.0 MiB,13124.3 MiB
7,Python 3.6.15,binarytrees_compatible_all.py 21,15,1694216460,1167709,python,0:17.73,31616,24980,5400,100.0,0.2,1,5,0:17,0,4,19816,0,6053,0,24980,310,2,278,30,0,12.8,1.5,0.0,85.7,0.0,0.0,0.0,0.0,15794.9 MiB,3738.6 MiB,2029.2 MiB,10027.1 MiB,4096.0 MiB,3681.0 MiB,415.0 MiB,13124.3 MiB
7,Python 3.6.15,binarytrees_compatible_all.py 21,16,1694216462,1167709,python,0:18.91,31616,24980,5400,100.0,0.2,1,5,0:18,0,4,19816,0,6053,0,24980,310,2,278,30,0,13.4,1.5,0.0,84.3,0.7,0.0,0.0,0.0,15794.9 MiB,3738.4 MiB,2029.4 MiB,10027.1 MiB,4096.0 MiB,3681.0 MiB,415.0 MiB,13124.0 MiB
7,Python 3.6.15,binarytrees_compatible_all.py 21,17,1694216463,1167709,python,0:20.08,31616,24980,5400,100.0,0.2,1,1,0:20,0,4,19816,0,6053,0,24980,310,2,278,30,0,12.8,1.5,0.0,85.7,0.0,0.0,0.0,0.0,15794.9 MiB,3738.4 MiB,2029.4 MiB,10027.1 MiB,4096.0 MiB,3681.0 MiB,415.0 MiB,13124.0 MiB
7,Python 3.6.15,binarytrees_compatible_all.py 21,18,1694216464,1167709,python,0:21.25,31616,24980,5400,100.0,0.2,1,5,0:21,0,4,19816,0,6053,0,24980,310,2,278,30,0,12.8,1.5,0.0,85.7,0.0,0.0,0.0,0.0,15794.9 MiB,3737.9 MiB,2029.9 MiB,10027.1 MiB,4096.0 MiB,3681.0 MiB,415.0 MiB,13123.5 MiB
7,Python 3.6.15,binarytrees_compatible_all.py 21,19,1694216465,1167709,python,0:22.43,31616,24980,5400,100.0,0.2,1,5,0:22,0,4,19816,0,6053,0,24980,310,2,278,30,0,13.5,0.8,0.0,85.7,0.0,0.0,0.0,0.0,15794.9 MiB,3737.9 MiB,2029.9 MiB,10027.1 MiB,4096.0 MiB,3681.0 MiB,415.0 MiB,13123.5 MiB
7,Python 3.6.15,binarytrees_compatible_all.py 21,20,1694216466,1167709,python,0:23.61,19408,12568,5400,100.0,0.1,1,1,0:23,0,4,7608,0,7076,0,12568,310,2,278,30,0,13.6,0.0,0.0,86.4,0.0,0.0,0.0,0.0,15794.9 MiB,3752.4 MiB,2015.4 MiB,10027.1 MiB,4096.0 MiB,3681.0 MiB,415.0 MiB,13138.1 MiB
7,Python 3.6.15,binarytrees_compatible_all.py 21,21,1694216467,1167709,python,0:24.78,19408,12568,5400,93.8,0.1,1,1,0:24,0,4,7608,0,7076,0,12568,310,3,277,30,0,12.1,2.3,0.0,84.8,0.8,0.0,0.0,0.0,15794.9 MiB,3752.1 MiB,2015.6 MiB,10027.1 MiB,4096.0 MiB,3681.0 MiB,415.0 MiB,13137.8 MiB
7,Python 3.6.15,binarytrees_compatible_all.py 21,22,1694216469,1167709,python,0:25.96,19408,12568,5400,100.0,0.1,1,1,0:25,0,4,7608,0,7076,0,12568,310,2,278,30,0,14.1,1.5,0.0,84.4,0.0,0.0,0.0,0.0,15794.9 MiB,3752.1 MiB,2015.6 MiB,10027.1 MiB,4096.0 MiB,3681.0 MiB,415.0 MiB,13137.8 MiB
7,Python 3.6.15,binarytrees_compatible_all.py 21,23,1694216470,1167709,python,0:27.14,19408,12568,5400,100.0,0.1,1,1,0:27,0,4,7608,0,7076,0,12568,310,2,278,30,0,12.8,1.5,0.0,85.7,0.0,0.0,0.0,0.0,15794.9 MiB,3752.1 MiB,2015.6 MiB,10027.1 MiB,4096.0 MiB,3681.0 MiB,415.0 MiB,13137.8 MiB
7,Python 3.6.15,binarytrees_compatible_all.py 21,24,1694216471,1167709,python,0:28.31,19408,12568,5400,93.8,0.1,1,1,0:28,0,4,7608,0,7076,0,12568,310,2,278,30,0,13.3,1.5,0.0,85.2,0.0,0.0,0.0,0.0,15794.9 MiB,3751.4 MiB,2016.4 MiB,10027.1 MiB,4096.0 MiB,3681.0 MiB,415.0 MiB,13137.1 MiB
7,Python 3.6.15,binarytrees_compatible_all.py 21,25,1694216472,1167709,python,0:29.49,19408,12568,5400,100.0,0.1,1,1,0:29,0,4,7608,0,7076,0,12568,310,2,278,30,0,12.8,0.8,0.0,86.5,0.0,0.0,0.0,0.0,15794.9 MiB,3751.4 MiB,2016.4 MiB,10027.1 MiB,4096.0 MiB,3681.0 MiB,415.0 MiB,13137.1 MiB
7,Python 3.6.15,binarytrees_compatible_all.py 21,26,1694216473,1167709,python,0:30.66,19408,12568,5400,100.0,0.1,1,1,0:30,0,4,7608,0,7076,0,12568,310,2,278,30,0,12.1,1.5,0.0,86.4,0.0,0.0,0.0,0.0,15794.9 MiB,3751.4 MiB,2016.4 MiB,10027.1 MiB,4096.0 MiB,3681.0 MiB,415.0 MiB,13137.1 MiB
7,Python 3.6.15,binarytrees_compatible_all.py 21,27,1694216474,1167709,python,0:31.84,19408,12568,5400,100.0,0.1,1,1,0:31,0,4,7608,0,7076,0,12568,310,2,278,30,0,12.8,1.5,0.0,85.7,0.0,0.0,0.0,0.0,15794.9 MiB,3751.7 MiB,2016.1 MiB,10027.1 MiB,4096.0 MiB,3681.0 MiB,415.0 MiB,13137.3 MiB
7,Python 3.6.15,binarytrees_compatible_all.py 21,28,1694216476,1167709,python,0:33.01,19408,12568,5400,100.0,0.1,1,1,0:33,0,4,7608,0,7076,0,12568,310,2,278,30,0,12.9,0.8,0.0,86.4,0.0,0.0,0.0,0.0,15794.9 MiB,3751.7 MiB,2016.1 MiB,10027.1 MiB,4096.0 MiB,3681.0 MiB,415.0 MiB,13137.3 MiB
7,Python 3.6.15,binarytrees_compatible_all.py 21,29,1694216477,1167709,python,0:34.18,19408,12568,5400,93.8,0.1,1,1,0:34,0,4,7608,0,7076,0,12568,310,2,278,30,0,12.8,1.5,0.0,85.7,0.0,0.0,0.0,0.0,15794.9 MiB,3751.2 MiB,2016.6 MiB,10027.1 MiB,4096.0 MiB,3681.0 MiB,415.0 MiB,13136.8 MiB
7,Python 3.6.15,binarytrees_compatible_all.py 21,30,1694216478,1167709,python,0:35.36,19408,12568,5400,100.0,0.1,1,1,0:35,0,4,7608,0,7076,0,12568,310,2,278,30,0,12.7,1.5,0.0,85.8,0.0,0.0,0.0,0.0,15794.9 MiB,3751.2 MiB,2016.6 MiB,10027.1 MiB,4096.0 MiB,3681.0 MiB,415.0 MiB,13136.8 MiB
7,Python 3.6.15,binarytrees_compatible_all.py 21,31,1694216479,1167709,python,0:36.54,19408,12568,5400,100.0,0.1,1,1,0:36,0,4,7608,0,7076,0,12568,310,2,278,30,0,12.9,0.8,0.0,86.4,0.0,0.0,0.0,0.0,15794.9 MiB,3751.2 MiB,2016.6 MiB,10027.1 MiB,4096.0 MiB,3681.0 MiB,415.0 MiB,13136.9 MiB
7,Python 3.6.15,binarytrees_compatible_all.py 21,32,1694216480,1167709,python,0:37.72,19408,12568,5400,94.1,0.1,1,1,0:37,0,4,7608,0,7076,0,12568,310,2,278,30,0,12.8,2.1,0.0,85.1,0.0,0.0,0.0,0.0,15794.9 MiB,3750.7 MiB,2017.1 MiB,10027.1 MiB,4096.0 MiB,3681.0 MiB,415.0 MiB,13136.4 MiB
7,Python 3.6.15,binarytrees_compatible_all.py 21,33,1694216482,1167709,python,0:38.90,19408,12568,5400,100.0,0.1,1,1,0:38,0,4,7608,0,7076,0,12568,310,3,277,30,0,12.8,1.5,0.0,85.7,0.0,0.0,0.0,0.0,15794.9 MiB,3750.7 MiB,2017.1 MiB,10027.1 MiB,4096.0 MiB,3681.0 MiB,415.0 MiB,13136.4 MiB
7,Python 3.6.15,binarytrees_compatible_all.py 21,34,1694216483,1167709,python,0:40.07,19408,12568,5400,93.8,0.1,1,5,0:40,0,4,7608,0,7076,0,12568,310,2,278,30,0,13.4,2.2,0.0,81.3,3.0,0.0,0.0,0.0,15794.9 MiB,3747.2 MiB,2018.8 MiB,10028.9 MiB,4096.0 MiB,3681.0 MiB,415.0 MiB,13134.7 MiB
7,Python 3.6.15,binarytrees_compatible_all.py 21,35,1694216484,1167709,python,0:41.25,19408,12568,5400,100.0,0.1,1,5,0:41,0,4,7608,0,7076,0,12568,310,2,278,30,0,12.1,1.5,0.0,86.4,0.0,0.0,0.0,0.0,15794.9 MiB,3745.8 MiB,2020.2 MiB,10028.9 MiB,4096.0 MiB,3681.0 MiB,415.0 MiB,13133.2 MiB
7,Python 3.6.15,binarytrees_compatible_all.py 21,36,1694216485,1167709,python,0:42.42,19408,12568,5400,100.0,0.1,1,5,0:42,0,4,7608,0,7076,0,12568,310,2,278,30,0,13.4,1.5,0.0,85.1,0.0,0.0,0.0,0.0,15794.9 MiB,3746.0 MiB,2020.0 MiB,10028.9 MiB,4096.0 MiB,3681.0 MiB,415.0 MiB,13133.5 MiB
7,Python 3.6.15,binarytrees_compatible_all.py 21,37,1694216486,1167709,python,0:43.60,19408,12568,5400,100.0,0.1,1,5,0:43,0,4,7608,0,7076,0,12568,310,2,278,30,0,12.2,0.8,0.0,87.0,0.0,0.0,0.0,0.0,15794.9 MiB,3746.0 MiB,2020.0 MiB,10028.9 MiB,4096.0 MiB,3681.0 MiB,415.0 MiB,13133.5 MiB
7,Python 3.6.15,binarytrees_compatible_all.py 21,38,1694216487,1167709,python,0:44.77,19408,12568,5400,93.8,0.1,1,5,0:44,0,4,7608,0,7076,0,12568,310,2,278,30,0,12.9,0.8,0.0,86.4,0.0,0.0,0.0,0.0,15794.9 MiB,3746.0 MiB,2020.0 MiB,10028.9 MiB,4096.0 MiB,3681.0 MiB,415.0 MiB,13133.5 MiB
7,Python 3.6.15,binarytrees_compatible_all.py 21,39,1694216489,1167709,python,0:45.95,19408,12568,5400,100.0,0.1,1,5,0:45,0,4,7608,0,7076,0,12568,310,2,278,30,0,13.4,1.5,0.0,84.3,0.7,0.0,0.0,0.0,15794.9 MiB,3745.5 MiB,2020.5 MiB,10028.9 MiB,4096.0 MiB,3681.0 MiB,415.0 MiB,13133.0 MiB
7,Python 3.6.15,binarytrees_compatible_all.py 21,40,1694216490,1167709,python,0:47.12,19408,12568,5400,100.0,0.1,1,1,0:47,0,4,7608,0,7076,0,12568,310,2,278,30,0,13.4,1.5,0.0,85.1,0.0,0.0,0.0,0.0,15794.9 MiB,3745.3 MiB,2020.7 MiB,10028.9 MiB,4096.0 MiB,3681.0 MiB,415.0 MiB,13132.7 MiB
7,Python 3.6.15,binarytrees_compatible_all.py 21,41,1694216491,1167709,python,0:48.29,19664,12568,5400,93.8,0.1,1,1,0:48,0,4,7864,0,7101,0,12568,310,3,277,30,0,12.8,1.5,0.0,85.7,0.0,0.0,0.0,0.0,15794.9 MiB,3745.5 MiB,2020.5 MiB,10028.9 MiB,4096.0 MiB,3681.0 MiB,415.0 MiB,13133.0 MiB
7,Python 3.6.15,binarytrees_compatible_all.py 21,42,1694216492,1167709,python,0:49.48,19664,12832,5400,100.0,0.1,1,1,0:49,0,4,7864,0,7150,0,12832,310,2,278,30,0,12.9,1.4,0.0,85.7,0.0,0.0,0.0,0.0,15794.9 MiB,3745.5 MiB,2020.5 MiB,10028.9 MiB,4096.0 MiB,3681.0 MiB,415.0 MiB,13133.0 MiB
7,Python 3.6.15,binarytrees_compatible_all.py 21,43,1694216493,1167709,python,0:50.66,19920,13096,5400,100.0,0.1,1,1,0:50,0,4,8120,0,7198,0,13096,310,2,278,30,0,13.5,0.8,0.0,85.7,0.0,0.0,0.0,0.0,15794.9 MiB,3745.5 MiB,2020.5 MiB,10028.9 MiB,4096.0 MiB,3681.0 MiB,415.0 MiB,13133.0 MiB
7,Python 3.6.15,binarytrees_compatible_all.py 21,44,1694216494,1167709,python,0:51.83,20176,13360,5400,100.0,0.1,1,1,0:51,0,4,8376,0,7247,0,13360,310,2,278,30,0,12.8,1.5,0.0,85.0,0.8,0.0,0.0,0.0,15794.9 MiB,3745.3 MiB,2020.7 MiB,10028.9 MiB,4096.0 MiB,3681.0 MiB,415.0 MiB,13132.7 MiB
7,Python 3.6.15,binarytrees_compatible_all.py 21,45,1694216496,1167709,python,0:53.01,20432,13360,5400,100.0,0.1,1,1,0:53,0,4,8632,0,7296,0,13360,310,2,278,30,0,12.0,1.5,0.0,86.5,0.0,0.0,0.0,0.0,15794.9 MiB,3745.3 MiB,2020.7 MiB,10028.9 MiB,4096.0 MiB,3681.0 MiB,415.0 MiB,13132.8 MiB
7,Python 3.6.15,binarytrees_compatible_all.py 21,46,1694216497,1167709,python,0:54.18,20432,13624,5400,100.0,0.1,1,5,0:54,0,4,8632,0,7344,0,13624,310,2,278,30,0,13.5,1.5,0.0,85.0,0.0,0.0,0.0,0.0,15794.9 MiB,3745.0 MiB,2021.0 MiB,10028.9 MiB,4096.0 MiB,3681.0 MiB,415.0 MiB,13132.5 MiB
7,Python 3.6.15,binarytrees_compatible_all.py 21,47,1694216498,1167709,python,0:55.37,20688,13888,5400,100.0,0.1,1,5,0:55,0,4,8888,0,7393,0,13888,310,2,278,30,0,12.9,1.4,0.0,85.7,0.0,0.0,0.0,0.0,15794.9 MiB,3744.5 MiB,2021.4 MiB,10028.9 MiB,4096.0 MiB,3681.0 MiB,415.0 MiB,13132.0 MiB
7,Python 3.6.15,binarytrees_compatible_all.py 21,48,1694216499,1167709,python,0:56.54,20944,14152,5400,93.8,0.1,1,5,0:56,0,4,9144,0,7442,0,14152,310,2,278,30,0,12.9,0.8,0.0,86.4,0.0,0.0,0.0,0.0,15794.9 MiB,3743.3 MiB,2022.7 MiB,10028.9 MiB,4096.0 MiB,3681.0 MiB,415.0 MiB,13130.8 MiB
7,Python 3.6.15,binarytrees_compatible_all.py 21,49,1694216500,1167709,python,0:57.72,21200,14152,5400,100.0,0.1,1,5,0:57,0,4,9400,0,7491,0,14152,310,2,278,30,0,13.3,1.5,0.0,85.2,0.0,0.0,0.0,0.0,15794.9 MiB,3743.0 MiB,2022.9 MiB,10028.9 MiB,4096.0 MiB,3681.0 MiB,415.0 MiB,13130.5 MiB
7,Python 3.6.15,binarytrees_compatible_all.py 21,50,1694216502,1167709,python,0:58.89,21200,14416,5400,100.0,0.1,1,1,0:58,0,4,9400,0,7540,0,14416,310,2,278,30,0,13.5,0.8,0.0,85.7,0.0,0.0,0.0,0.0,15794.9 MiB,3743.0 MiB,2022.9 MiB,10028.9 MiB,4096.0 MiB,3681.0 MiB,415.0 MiB,13130.5 MiB
7,Python 3.6.15,binarytrees_compatible_all.py 21,51,1694216503,1167709,python,1:00.07,21456,14680,5400,100.0,0.1,1,5,1:00,0,4,9656,0,7588,0,14680,310,2,278,30,0,13.4,0.7,0.0,85.8,0.0,0.0,0.0,0.0,15794.9 MiB,3743.0 MiB,2022.9 MiB,10028.9 MiB,4096.0 MiB,3681.0 MiB,415.0 MiB,13130.5 MiB
7,Python 3.6.15,binarytrees_compatible_all.py 21,52,1694216504,1167709,python,1:01.25,21712,14944,5400,100.0,0.1,1,5,1:01,0,4,9912,0,7637,0,14944,310,2,278,30,0,12.9,1.5,0.0,85.6,0.0,0.0,0.0,0.0,15794.9 MiB,3743.0 MiB,2022.9 MiB,10028.9 MiB,4096.0 MiB,3681.0 MiB,415.0 MiB,13130.5 MiB
7,Python 3.6.15,binarytrees_compatible_all.py 21,53,1694216505,1167709,python,1:02.42,21968,14944,5400,100.0,0.1,1,5,1:02,0,4,10168,0,7686,0,14944,310,2,278,30,0,12.9,0.8,0.0,86.4,0.0,0.0,0.0,0.0,15794.9 MiB,3743.0 MiB,2022.9 MiB,10028.9 MiB,4096.0 MiB,3681.0 MiB,415.0 MiB,13130.5 MiB
7,Python 3.6.15,binarytrees_compatible_all.py 21,54,1694216506,1167709,python,1:03.59,22224,15208,5400,100.0,0.1,1,5,1:03,0,4,10424,0,7734,0,15208,310,2,278,30,0,13.5,0.8,0.0,85.7,0.0,0.0,0.0,0.0,15794.9 MiB,3743.0 MiB,2022.9 MiB,10028.9 MiB,4096.0 MiB,3681.0 MiB,415.0 MiB,13130.6 MiB
7,Python 3.6.15,binarytrees_compatible_all.py 21,55,1694216507,1167709,python,1:04.78,22224,15472,5400,100.0,0.1,1,5,1:04,0,4,10424,0,7783,0,15472,310,2,278,30,0,13.4,1.4,0.0,85.2,0.0,0.0,0.0,0.0,15794.9 MiB,3742.6 MiB,2023.4 MiB,10028.9 MiB,4096.0 MiB,3681.0 MiB,415.0 MiB,13130.1 MiB
7,Python 3.6.15,binarytrees_compatible_all.py 21,56,1694216509,1167709,python,1:05.95,22480,15472,5400,93.8,0.1,1,5,1:05,0,4,10680,0,7832,0,15472,310,3,277,30,0,12.1,1.5,0.0,86.4,0.0,0.0,0.0,0.0,15794.9 MiB,3742.3 MiB,2023.6 MiB,10028.9 MiB,4096.0 MiB,3681.0 MiB,415.0 MiB,13129.8 MiB
7,Python 3.6.15,binarytrees_compatible_all.py 21,57,1694216510,1167709,python,1:07.13,22736,15736,5400,100.0,0.1,1,1,1:07,0,4,10936,0,7880,0,15736,310,2,278,30,0,12.9,0.8,0.0,86.4,0.0,0.0,0.0,0.0,15794.9 MiB,3742.3 MiB,2023.6 MiB,10028.9 MiB,4096.0 MiB,3681.0 MiB,415.0 MiB,13129.8 MiB
7,Python 3.6.15,binarytrees_compatible_all.py 21,58,1694216511,1167709,python,1:08.31,22992,16000,5400,100.0,0.1,1,1,1:08,0,4,11192,0,7929,0,16000,310,2,278,30,0,13.5,0.8,0.0,85.7,0.0,0.0,0.0,0.0,15794.9 MiB,3741.8 MiB,2024.1 MiB,10028.9 MiB,4096.0 MiB,3681.0 MiB,415.0 MiB,13129.3 MiB
7,Python 3.6.15,binarytrees_compatible_all.py 21,59,1694216512,1167709,python,1:09.48,22992,16264,5400,100.0,0.1,1,1,1:09,0,4,11192,0,7978,0,16264,310,2,278,30,0,12.1,1.5,0.0,86.4,0.0,0.0,0.0,0.0,15794.9 MiB,3741.8 MiB,2024.1 MiB,10028.9 MiB,4096.0 MiB,3681.0 MiB,415.0 MiB,13129.3 MiB
7,Python 3.6.15,binarytrees_compatible_all.py 21,60,1694216513,1167709,python,1:10.66,23248,16264,5400,100.0,0.1,1,1,1:10,0,4,11448,0,8026,0,16264,310,2,278,30,0,13.3,2.8,0.0,83.9,0.0,0.0,0.0,0.0,15794.9 MiB,3741.1 MiB,2024.9 MiB,10028.9 MiB,4096.0 MiB,3681.0 MiB,415.0 MiB,13128.6 MiB
7,Python 3.6.15,binarytrees_compatible_all.py 21,61,1694216514,1167709,python,1:11.84,23504,16528,5400,100.0,0.1,1,1,1:11,0,4,11704,0,8075,0,16528,310,2,278,30,0,12.8,1.5,0.0,85.7,0.0,0.0,0.0,0.0,15794.9 MiB,3741.1 MiB,2024.9 MiB,10028.9 MiB,4096.0 MiB,3681.0 MiB,415.0 MiB,13128.6 MiB
7,Python 3.6.15,binarytrees_compatible_all.py 21,62,1694216516,1167709,python,1:13.01,19664,12976,5400,93.8,0.1,1,5,1:13,0,4,7864,0,8116,0,12976,310,2,278,30,0,13.5,0.8,0.0,85.7,0.0,0.0,0.0,0.0,15794.9 MiB,3740.8 MiB,2025.1 MiB,10028.9 MiB,4096.0 MiB,3681.0 MiB,415.0 MiB,13128.4 MiB
7,Python 3.6.15,binarytrees_compatible_all.py 21,63,1694216517,1167709,python,1:14.19,19664,12976,5400,100.0,0.1,1,5,1:14,0,4,7864,0,8116,0,12976,310,2,278,30,0,12.9,0.8,0.0,86.4,0.0,0.0,0.0,0.0,15794.9 MiB,3741.3 MiB,2024.6 MiB,10028.9 MiB,4096.0 MiB,3681.0 MiB,415.0 MiB,13128.9 MiB
7,Python 3.6.15,binarytrees_compatible_all.py 21,64,1694216518,1167709,python,1:15.36,19920,13024,5400,100.0,0.1,1,5,1:15,0,4,8120,0,8127,0,13024,310,2,278,30,0,12.8,1.5,0.0,85.7,0.0,0.0,0.0,0.0,15794.9 MiB,3741.3 MiB,2024.6 MiB,10028.9 MiB,4096.0 MiB,3681.0 MiB,415.0 MiB,13128.9 MiB
7,Python 3.6.15,binarytrees_compatible_all.py 21,65,1694216519,1167709,python,1:16.54,19920,13024,5400,100.0,0.1,1,5,1:16,0,4,8120,0,8140,0,13024,310,2,278,30,0,12.9,0.8,0.0,86.4,0.0,0.0,0.0,0.0,15794.9 MiB,3741.1 MiB,2024.8 MiB,10029.0 MiB,4096.0 MiB,3681.0 MiB,415.0 MiB,13128.6 MiB
7,Python 3.6.15,binarytrees_compatible_all.py 21,66,1694216520,1167709,python,1:17.71,19920,13024,5400,93.8,0.1,1,1,1:17,0,4,8120,0,8152,0,13024,310,2,278,30,0,12.8,1.5,0.0,85.7,0.0,0.0,0.0,0.0,15794.9 MiB,3740.8 MiB,2025.2 MiB,10028.8 MiB,4096.0 MiB,3681.0 MiB,415.0 MiB,13128.4 MiB
7,Python 3.6.15,binarytrees_compatible_all.py 21,67,1694216522,1167709,python,1:18.89,19920,13024,5400,100.0,0.1,1,1,1:18,0,4,8120,0,8164,0,13024,310,2,278,30,0,13.5,0.8,0.0,85.7,0.0,0.0,0.0,0.0,15794.9 MiB,3740.3 MiB,2025.7 MiB,10028.8 MiB,4096.0 MiB,3681.0 MiB,415.0 MiB,13127.9 MiB
7,Python 3.6.15,binarytrees_compatible_all.py 21,68,1694216523,1167709,python,1:20.06,19920,13024,5400,100.0,0.1,1,1,1:20,0,4,8120,0,8176,0,13024,310,2,278,30,0,13.6,0.0,0.0,86.4,0.0,0.0,0.0,0.0,15794.9 MiB,3739.9 MiB,2026.2 MiB,10028.8 MiB,4096.0 MiB,3681.0 MiB,415.0 MiB,13127.4 MiB
7,Python 3.6.15,binarytrees_compatible_all.py 21,69,1694216524,1167709,python,1:21.24,20176,13280,5400,100.0,0.1,1,1,1:21,0,4,8376,0,8189,0,13280,310,2,278,30,0,12.1,1.5,0.0,86.4,0.0,0.0,0.0,0.0,15794.9 MiB,3739.9 MiB,2026.2 MiB,10028.8 MiB,4096.0 MiB,3681.0 MiB,415.0 MiB,13127.4 MiB
7,Python 3.6.15,binarytrees_compatible_all.py 21,70,1694216525,1167709,python,1:22.41,20176,13280,5400,100.0,0.1,1,1,1:22,0,4,8376,0,8201,0,13280,310,2,278,30,0,12.8,1.5,0.0,85.7,0.0,0.0,0.0,0.0,15794.9 MiB,3739.1 MiB,2026.9 MiB,10028.8 MiB,4096.0 MiB,3681.0 MiB,415.0 MiB,13126.7 MiB
7,Python 3.6.15,binarytrees_compatible_all.py 21,71,1694216526,1167709,python,1:23.58,20176,13280,5400,100.0,0.1,1,1,1:23,0,4,8376,0,8213,0,13280,310,2,278,30,0,12.9,0.8,0.0,86.4,0.0,0.0,0.0,0.0,15794.9 MiB,3739.1 MiB,2026.9 MiB,10028.8 MiB,4096.0 MiB,3681.0 MiB,415.0 MiB,13126.7 MiB
7,Python 3.6.15,binarytrees_compatible_all.py 21,72,1694216527,1167709,python,1:24.76,20176,13280,5400,100.0,0.1,1,5,1:24,0,4,8376,0,8225,0,13280,310,2,278,30,0,12.8,0.8,0.0,86.5,0.0,0.0,0.0,0.0,15794.9 MiB,3741.1 MiB,2024.9 MiB,10028.8 MiB,4096.0 MiB,3681.0 MiB,415.0 MiB,13128.6 MiB
7,Python 3.6.15,binarytrees_compatible_all.py 21,73,1694216529,1167709,python,1:25.94,20176,13280,5400,100.0,0.1,1,5,1:25,0,4,8376,0,8237,0,13280,310,2,278,30,0,12.9,0.8,0.0,85.6,0.8,0.0,0.0,0.0,15794.9 MiB,3740.3 MiB,2025.7 MiB,10028.8 MiB,4096.0 MiB,3681.0 MiB,415.0 MiB,13127.9 MiB
7,Python 3.6.15,binarytrees_compatible_all.py 21,74,1694216530,1167709,python,1:27.11,20432,13536,5400,93.8,0.1,1,1,1:27,0,4,8632,0,8250,0,13536,310,2,278,30,0,13.6,0.8,0.0,85.6,0.0,0.0,0.0,0.0,15794.9 MiB,3739.9 MiB,2026.2 MiB,10028.8 MiB,4096.0 MiB,3681.0 MiB,415.0 MiB,13127.4 MiB
7,Python 3.6.15,binarytrees_compatible_all.py 21,75,1694216531,1167709,python,1:28.29,20432,13536,5400,100.0,0.1,1,1,1:28,0,4,8632,0,8262,0,13536,310,2,278,30,0,14.2,0.7,0.0,85.1,0.0,0.0,0.0,0.0,15794.9 MiB,3739.9 MiB,2026.2 MiB,10028.8 MiB,4096.0 MiB,3681.0 MiB,415.0 MiB,13127.4 MiB
7,Python 3.6.15,binarytrees_compatible_all.py 21,76,1694216532,1167709,python,1:29.46,20432,13536,5400,100.0,0.1,1,5,1:29,0,4,8632,0,8274,0,13536,310,2,278,30,0,13.0,0.8,0.0,86.3,0.0,0.0,0.0,0.0,15794.9 MiB,3739.9 MiB,2026.2 MiB,10028.8 MiB,4096.0 MiB,3681.0 MiB,415.0 MiB,13127.4 MiB
7,Python 3.6.15,binarytrees_compatible_all.py 21,77,1694216533,1167709,python,1:30.65,20432,13536,5400,94.1,0.1,1,1,1:30,0,4,8632,0,8286,0,13536,310,2,278,30,0,12.2,1.4,0.0,86.3,0.0,0.0,0.0,0.0,15794.9 MiB,3739.1 MiB,2026.9 MiB,10028.8 MiB,4096.0 MiB,3681.0 MiB,415.0 MiB,13126.7 MiB
7,Python 3.6.15,binarytrees_compatible_all.py 21,78,1694216534,1167709,python,1:31.82,20432,13536,5400,100.0,0.1,1,1,1:31,0,4,8632,0,8298,0,13536,310,2,278,30,0,13.4,1.5,0.0,84.3,0.7,0.0,0.0,0.0,15794.9 MiB,3739.4 MiB,2026.7 MiB,10028.8 MiB,4096.0 MiB,3681.0 MiB,415.0 MiB,13126.9 MiB
7,Python 3.6.15,binarytrees_compatible_all.py 21,79,1694216536,1167709,python,1:33.00,20432,13536,5400,100.0,0.1,1,1,1:33,0,4,8632,0,8310,0,13536,310,2,278,30,0,12.8,0.8,0.0,86.5,0.0,0.0,0.0,0.0,15794.9 MiB,3738.6 MiB,2027.4 MiB,10028.9 MiB,4096.0 MiB,3681.0 MiB,415.0 MiB,13126.2 MiB
7,Python 3.6.15,binarytrees_compatible_all.py 21,80,1694216537,1167709,python,1:34.17,20688,13792,5400,100.0,0.1,1,1,1:34,0,4,8888,0,8323,0,13792,310,2,278,30,0,13.5,0.8,0.0,85.7,0.0,0.0,0.0,0.0,15794.9 MiB,3738.6 MiB,2027.4 MiB,10028.9 MiB,4096.0 MiB,3681.0 MiB,415.0 MiB,13126.2 MiB
7,Python 3.6.15,binarytrees_compatible_all.py 21,81,1694216538,1167709,python,1:35.34,20688,13792,5400,100.0,0.1,1,1,1:35,0,4,8888,0,8335,0,13792,310,2,278,30,0,12.9,0.8,0.0,86.4,0.0,0.0,0.0,0.0,15794.9 MiB,3738.9 MiB,2027.1 MiB,10028.9 MiB,4096.0 MiB,3681.0 MiB,415.0 MiB,13126.4 MiB
7,Python 3.6.15,binarytrees_compatible_all.py 21,82,1694216539,1167709,python,1:36.52,20688,13792,5400,100.0,0.1,1,5,1:36,0,4,8888,0,8347,0,13792,310,2,278,30,0,12.2,0.8,0.0,87.0,0.0,0.0,0.0,0.0,15794.9 MiB,3738.9 MiB,2027.1 MiB,10028.9 MiB,4096.0 MiB,3681.0 MiB,415.0 MiB,13126.4 MiB
7,Python 3.6.15,binarytrees_compatible_all.py 21,83,1694216540,1167709,python,1:37.70,20688,13792,5400,100.0,0.1,1,5,1:37,0,4,8888,0,8360,0,13792,310,2,278,30,0,12.8,1.5,0.0,85.7,0.0,0.0,0.0,0.0,15794.9 MiB,3738.4 MiB,2027.6 MiB,10028.9 MiB,4096.0 MiB,3681.0 MiB,415.0 MiB,13126.0 MiB
7,Python 3.6.15,binarytrees_compatible_all.py 21,84,1694216541,1167709,python,1:38.87,20944,14048,5400,100.0,0.1,1,1,1:38,0,4,9144,0,8937,0,14048,310,2,278,30,0,13.5,0.8,0.0,85.7,0.0,0.0,0.0,0.0,15794.9 MiB,3738.4 MiB,2027.6 MiB,10028.9 MiB,4096.0 MiB,3681.0 MiB,415.0 MiB,13126.0 MiB
7,Python 3.6.15,binarytrees_compatible_all.py 21,85,1694216543,1167709,python,1:40.04,20944,14048,5400,93.8,0.1,1,1,1:40,0,4,9144,0,8937,0,14048,310,2,278,30,0,12.9,0.8,0.0,86.4,0.0,0.0,0.0,0.0,15794.9 MiB,3738.6 MiB,2027.4 MiB,10028.9 MiB,4096.0 MiB,3681.0 MiB,415.0 MiB,13126.2 MiB
7,Python 3.6.15,binarytrees_compatible_all.py 21,86,1694216544,1167709,python,1:41.22,20944,14048,5400,100.0,0.1,1,5,1:41,0,4,9144,0,8937,0,14048,310,2,278,30,0,12.9,0.8,0.0,86.4,0.0,0.0,0.0,0.0,15794.9 MiB,3738.6 MiB,2027.4 MiB,10028.9 MiB,4096.0 MiB,3681.0 MiB,415.0 MiB,13126.2 MiB
7,Python 3.6.15,binarytrees_compatible_all.py 21,87,1694216545,1167709,python,1:42.39,20944,14048,5400,100.0,0.1,1,5,1:42,0,4,9144,0,8937,0,14048,310,2,278,30,0,12.8,1.5,0.0,85.7,0.0,0.0,0.0,0.0,15794.9 MiB,3738.6 MiB,2027.4 MiB,10028.9 MiB,4096.0 MiB,3681.0 MiB,415.0 MiB,13126.2 MiB
7,Python 3.6.15,binarytrees_compatible_all.py 21,88,1694216546,1167709,python,1:43.57,20944,14048,5400,100.0,0.1,1,5,1:43,0,4,9144,0,8937,0,14048,310,2,278,30,0,13.6,0.0,0.0,86.4,0.0,0.0,0.0,0.0,15794.9 MiB,3738.9 MiB,2027.1 MiB,10028.9 MiB,4096.0 MiB,3681.0 MiB,415.0 MiB,13126.5 MiB
7,Python 3.6.15,binarytrees_compatible_all.py 21,89,1694216547,1167709,python,1:44.74,20944,14048,5400,93.8,0.1,1,5,1:44,0,4,9144,0,8937,0,14048,310,2,278,30,0,12.9,1.5,0.0,85.6,0.0,0.0,0.0,0.0,15794.9 MiB,3739.1 MiB,2026.9 MiB,10028.9 MiB,4096.0 MiB,3681.0 MiB,415.0 MiB,13126.7 MiB
7,Python 3.6.15,binarytrees_compatible_all.py 21,90,1694216549,1167709,python,1:45.92,20944,14048,5400,100.0,0.1,1,5,1:45,0,4,9144,0,8937,0,14048,310,2,278,30,0,12.2,0.8,0.0,87.0,0.0,0.0,0.0,0.0,15794.9 MiB,3738.6 MiB,2027.3 MiB,10028.9 MiB,4096.0 MiB,3681.0 MiB,415.0 MiB,13126.2 MiB
7,Python 3.6.15,binarytrees_compatible_all.py 21,91,1694216550,1167709,python,1:47.09,20944,14048,5400,93.8,0.1,1,1,1:47,0,4,9144,0,8937,0,14048,310,2,278,30,0,12.7,1.5,0.0,85.8,0.0,0.0,0.0,0.0,15794.9 MiB,3738.6 MiB,2027.3 MiB,10028.9 MiB,4096.0 MiB,3681.0 MiB,415.0 MiB,13126.2 MiB
7,Python 3.6.15,binarytrees_compatible_all.py 21,92,1694216551,1167709,python,1:48.27,20944,14048,5400,100.0,0.1,1,1,1:48,0,4,9144,0,8937,0,14048,310,2,278,30,0,14.2,0.7,0.0,85.1,0.0,0.0,0.0,0.0,15794.9 MiB,3738.4 MiB,2027.6 MiB,10028.9 MiB,4096.0 MiB,3681.0 MiB,415.0 MiB,13126.0 MiB
7,Python 3.6.15,binarytrees_compatible_all.py 21,93,1694216552,1167709,python,1:49.44,20944,14048,5400,93.8,0.1,1,1,1:49,0,4,9144,0,8937,0,14048,310,2,278,30,0,12.2,0.8,0.0,87.0,0.0,0.0,0.0,0.0,15794.9 MiB,3738.1 MiB,2027.8 MiB,10028.9 MiB,4096.0 MiB,3681.0 MiB,415.0 MiB,13125.7 MiB
7,Python 3.6.15,binarytrees_compatible_all.py 21,94,1694216553,1167709,python,1:50.62,20944,14048,5400,100.0,0.1,1,1,1:50,0,4,9144,0,8937,0,14048,310,2,278,30,0,12.8,1.5,0.0,85.7,0.0,0.0,0.0,0.0,15794.9 MiB,3737.9 MiB,2028.1 MiB,10028.9 MiB,4096.0 MiB,3681.0 MiB,415.0 MiB,13125.5 MiB
7,Python 3.6.15,binarytrees_compatible_all.py 21,95,1694216554,1167709,python,1:51.79,20944,14048,5400,100.0,0.1,1,1,1:51,0,4,9144,0,8937,0,14048,310,2,278,30,0,12.8,1.5,0.0,85.7,0.0,0.0,0.0,0.0,15794.9 MiB,3737.9 MiB,2028.1 MiB,10028.9 MiB,4096.0 MiB,3681.0 MiB,415.0 MiB,13125.5 MiB
7,Python 3.6.15,binarytrees_compatible_all.py 21,96,1694216556,1167709,python,1:52.97,20944,14048,5400,100.0,0.1,1,5,1:52,0,4,9144,0,8937,0,14048,310,2,278,30,0,12.6,1.5,0.0,85.2,0.7,0.0,0.0,0.0,15794.9 MiB,3737.9 MiB,2028.1 MiB,10028.9 MiB,4096.0 MiB,3681.0 MiB,415.0 MiB,13125.5 MiB
7,Python 3.6.15,binarytrees_compatible_all.py 21,97,1694216557,1167709,python,1:54.15,20944,14048,5400,100.0,0.1,1,5,1:54,0,4,9144,0,8937,0,14048,310,2,278,30,0,12.2,0.8,0.0,87.0,0.0,0.0,0.0,0.0,15794.9 MiB,3738.2 MiB,2027.8 MiB,10028.9 MiB,4096.0 MiB,3681.0 MiB,415.0 MiB,13125.8 MiB
7,Python 3.6.15,binarytrees_compatible_all.py 21,98,1694216558,1167709,python,1:55.32,20944,14304,5400,93.8,0.1,1,5,1:55,0,4,9144,0,8965,0,14304,310,2,278,30,0,13.3,1.5,0.0,85.2,0.0,0.0,0.0,0.0,15794.9 MiB,3738.4 MiB,2027.6 MiB,10028.9 MiB,4096.0 MiB,3681.0 MiB,415.0 MiB,13126.0 MiB
7,Python 3.6.15,binarytrees_compatible_all.py 21,99,1694216559,1167709,python,1:56.49,21200,14304,5400,100.0,0.1,1,5,1:56,0,4,9400,0,9010,0,14304,310,2,278,30,0,12.7,1.5,0.0,85.8,0.0,0.0,0.0,0.0,15794.9 MiB,3738.4 MiB,2027.6 MiB,10028.9 MiB,4096.0 MiB,3681.0 MiB,415.0 MiB,13126.0 MiB
7,Python 3.6.15,binarytrees_compatible_all.py 21,100,1694216560,1167709,python,1:57.67,21200,14304,5400,100.0,0.1,1,5,1:57,0,4,9400,0,9013,0,14304,310,2,278,30,0,12.8,1.5,0.0,85.7,0.0,0.0,0.0,0.0,15794.9 MiB,3738.1 MiB,2027.8 MiB,10028.9 MiB,4096.0 MiB,3681.0 MiB,415.0 MiB,13125.8 MiB
7,Python 3.6.15,binarytrees_compatible_all.py 21,101,1694216561,1167709,python,1:58.84,21200,14304,5400,93.8,0.1,1,5,1:58,0,4,9400,0,9016,0,14304,310,2,278,30,0,12.3,0.8,0.0,86.2,0.8,0.0,0.0,0.0,15794.9 MiB,3738.1 MiB,2027.8 MiB,10028.9 MiB,4096.0 MiB,3681.0 MiB,415.0 MiB,13125.8 MiB
7,Python 3.6.15,binarytrees_compatible_all.py 21,102,1694216563,1167709,python,2:00.02,21200,14304,5400,100.0,0.1,1,1,2:00,0,4,9400,0,9019,0,14304,310,2,278,30,0,12.1,1.5,0.0,86.4,0.0,0.0,0.0,0.0,15794.9 MiB,3738.1 MiB,2027.8 MiB,10028.9 MiB,4096.0 MiB,3681.0 MiB,415.0 MiB,13125.8 MiB
7,Python 3.6.15,binarytrees_compatible_all.py 21,103,1694216564,1167709,python,2:01.19,21200,14304,5400,100.0,0.1,1,1,2:01,0,4,9400,0,9022,0,14304,310,2,278,30,0,13.6,0.0,0.0,86.4,0.0,0.0,0.0,0.0,15794.9 MiB,3738.1 MiB,2027.8 MiB,10028.9 MiB,4096.0 MiB,3681.0 MiB,415.0 MiB,13125.8 MiB
7,Python 3.6.15,binarytrees_compatible_all.py 21,104,1694216565,1167709,python,2:02.37,21200,14304,5400,100.0,0.1,1,1,2:02,0,4,9400,0,9025,0,14304,310,2,278,30,0,12.9,0.8,0.0,86.4,0.0,0.0,0.0,0.0,15794.9 MiB,3738.1 MiB,2027.8 MiB,10028.9 MiB,4096.0 MiB,3681.0 MiB,415.0 MiB,13125.8 MiB
7,Python 3.6.15,binarytrees_compatible_all.py 21,105,1694216566,1167709,python,2:03.54,25552,18676,5400,100.0,0.1,1,1,2:03,0,4,13752,0,16k,0,18676,310,2,278,30,0,12.0,1.5,0.0,86.5,0.0,0.0,0.0,0.0,15794.9 MiB,3734.2 MiB,2031.7 MiB,10028.9 MiB,4096.0 MiB,3681.0 MiB,415.0 MiB,13121.9 MiB
7,Python 3.6.15,binarytrees_compatible_all.py 21,106,1694216567,1167709,python,2:04.73,25552,18656,5400,100.0,0.1,1,1,2:04,0,4,13752,0,16k,0,18656,310,2,278,30,0,12.9,1.4,0.0,85.7,0.0,0.0,0.0,0.0,15794.9 MiB,3734.0 MiB,2032.0 MiB,10028.9 MiB,4096.0 MiB,3681.0 MiB,415.0 MiB,13121.6 MiB
7,Python 3.6.15,binarytrees_compatible_all.py 21,107,1694216569,1167709,python,2:05.90,25552,18656,5400,100.0,0.1,1,1,2:05,0,4,13752,0,16k,0,18656,310,2,278,30,0,12.8,1.5,0.0,85.7,0.0,0.0,0.0,0.0,15794.9 MiB,3734.0 MiB,2032.0 MiB,10028.9 MiB,4096.0 MiB,3681.0 MiB,415.0 MiB,13121.6 MiB
7,Python 3.6.15,binarytrees_compatible_all.py 21,108,1694216570,1167709,python,2:07.08,25552,18656,5400,100.0,0.1,1,1,2:07,0,4,13752,0,16k,0,18656,310,2,278,30,0,13.5,0.8,0.0,85.7,0.0,0.0,0.0,0.0,15794.9 MiB,3734.0 MiB,2032.0 MiB,10028.9 MiB,4096.0 MiB,3681.0 MiB,415.0 MiB,13121.6 MiB
7,Python 3.6.15,binarytrees_compatible_all.py 21,109,1694216571,1167709,python,2:08.25,25552,18656,5400,93.8,0.1,1,1,2:08,0,4,13752,0,16k,0,18656,310,2,278,30,0,13.5,0.8,0.0,85.7,0.0,0.0,0.0,0.0,15794.9 MiB,3733.7 MiB,2032.2 MiB,10028.9 MiB,4096.0 MiB,3681.0 MiB,415.0 MiB,13121.4 MiB
7,Python 3.6.15,binarytrees_compatible_all.py 21,110,1694216572,1167709,python,2:09.43,25552,18656,5400,100.0,0.1,1,1,2:09,0,4,13752,0,16k,0,18656,310,2,278,30,0,13.5,0.8,0.0,85.7,0.0,0.0,0.0,0.0,15794.9 MiB,3733.5 MiB,2032.4 MiB,10028.9 MiB,4096.0 MiB,3681.0 MiB,415.0 MiB,13121.2 MiB
7,Python 3.6.15,binarytrees_compatible_all.py 21,111,1694216573,1167709,python,2:10.60,25552,18656,5400,100.0,0.1,1,1,2:10,0,4,13752,0,16k,0,18656,310,2,278,30,0,13.4,1.5,0.0,85.1,0.0,0.0,0.0,0.0,15794.9 MiB,3733.5 MiB,2032.4 MiB,10028.9 MiB,4096.0 MiB,3681.0 MiB,415.0 MiB,13121.2 MiB
7,Python 3.6.15,binarytrees_compatible_all.py 21,112,1694216574,1167709,python,2:11.78,25552,18656,5400,100.0,0.1,1,1,2:11,0,4,13752,0,16k,0,18656,310,2,278,30,0,14.8,0.7,0.0,84.4,0.0,0.0,0.0,0.0,15794.9 MiB,3733.5 MiB,2032.4 MiB,10028.9 MiB,4096.0 MiB,3681.0 MiB,415.0 MiB,13121.2 MiB
7,Python 3.6.15,binarytrees_compatible_all.py 21,113,1694216576,1167709,python,2:12.95,25552,18656,5400,100.0,0.1,1,1,2:12,0,4,13752,0,16k,0,18656,310,2,278,30,0,13.5,0.8,0.0,85.7,0.0,0.0,0.0,0.0,15794.9 MiB,3733.5 MiB,2032.4 MiB,10028.9 MiB,4096.0 MiB,3681.0 MiB,415.0 MiB,13121.2 MiB
7,Python 3.6.15,binarytrees_compatible_all.py 21,114,1694216577,1167709,python,2:14.13,25552,18656,5400,100.0,0.1,1,5,2:14,0,4,13752,0,16k,0,18656,310,2,278,30,0,13.5,0.8,0.0,85.7,0.0,0.0,0.0,0.0,15794.9 MiB,3733.5 MiB,2032.4 MiB,10028.9 MiB,4096.0 MiB,3681.0 MiB,415.0 MiB,13121.2 MiB
7,Python 3.6.15,binarytrees_compatible_all.py 21,115,1694216578,1167709,python,2:15.30,25552,18656,5400,93.8,0.1,1,5,2:15,0,4,13752,0,16k,0,18656,310,2,278,30,0,13.4,1.5,0.0,85.1,0.0,0.0,0.0,0.0,15794.9 MiB,3733.5 MiB,2032.4 MiB,10028.9 MiB,4096.0 MiB,3681.0 MiB,415.0 MiB,13121.2 MiB
7,Python 3.6.15,binarytrees_compatible_all.py 21,116,1694216579,1167709,python,2:16.48,25552,18656,5400,100.0,0.1,1,5,2:16,0,4,13752,0,16k,0,18656,310,2,278,30,0,12.8,0.8,0.0,86.5,0.0,0.0,0.0,0.0,15794.9 MiB,3733.5 MiB,2032.4 MiB,10029.0 MiB,4096.0 MiB,3681.0 MiB,415.0 MiB,13121.2 MiB
7,Python 3.6.15,binarytrees_compatible_all.py 21,117,1694216580,1167709,python,2:17.66,25552,18656,5400,100.0,0.1,1,5,2:17,0,4,13752,0,16k,0,18656,310,2,278,30,0,12.1,1.5,0.0,86.4,0.0,0.0,0.0,0.0,15794.9 MiB,3733.2 MiB,2032.7 MiB,10028.9 MiB,4096.0 MiB,3681.0 MiB,415.0 MiB,13120.9 MiB
7,Python 3.6.15,binarytrees_compatible_all.py 21,118,1694216581,1167709,python,2:18.83,25552,18656,5400,93.8,0.1,1,5,2:18,0,4,13752,0,16k,0,18656,310,2,278,30,0,12.9,0.8,0.0,86.4,0.0,0.0,0.0,0.0,15794.9 MiB,3733.2 MiB,2032.7 MiB,10028.9 MiB,4096.0 MiB,3681.0 MiB,415.0 MiB,13120.9 MiB
7,Python 3.6.15,binarytrees_compatible_all.py 21,119,1694216583,1167709,python,2:20.01,25552,18656,5400,100.0,0.1,1,5,2:20,0,4,13752,0,16k,0,18656,310,2,278,30,0,13.3,1.5,0.0,85.2,0.0,0.0,0.0,0.0,15794.9 MiB,3732.8 MiB,2033.2 MiB,10028.9 MiB,4096.0 MiB,3681.0 MiB,415.0 MiB,13120.4 MiB
7,Python 3.6.15,binarytrees_compatible_all.py 21,120,1694216584,1167709,python,2:21.18,25552,18656,5400,100.0,0.1,1,5,2:21,0,4,13752,0,16k,0,18656,310,2,278,30,0,12.8,1.5,0.0,85.0,0.8,0.0,0.0,0.0,15794.9 MiB,3732.8 MiB,2033.2 MiB,10028.9 MiB,4096.0 MiB,3681.0 MiB,415.0 MiB,13120.4 MiB
7,Python 3.6.15,binarytrees_compatible_all.py 21,121,1694216585,1167709,python,2:22.36,25552,18656,5400,100.0,0.1,1,5,2:22,0,4,13752,0,16k,0,18656,310,2,278,30,0,12.7,1.5,0.0,85.8,0.0,0.0,0.0,0.0,15794.9 MiB,3732.8 MiB,2033.2 MiB,10028.9 MiB,4096.0 MiB,3681.0 MiB,415.0 MiB,13120.5 MiB
7,Python 3.6.15,binarytrees_compatible_all.py 21,122,1694216586,1167709,python,2:23.54,25552,18656,5400,100.0,0.1,1,5,2:23,0,4,13752,0,16k,0,18656,310,3,277,30,0,12.8,0.8,0.0,86.5,0.0,0.0,0.0,0.0,15794.9 MiB,3732.8 MiB,2033.2 MiB,10028.9 MiB,4096.0 MiB,3681.0 MiB,415.0 MiB,13120.5 MiB
7,Python 3.6.15,binarytrees_compatible_all.py 21,123,1694216587,1167709,python,2:24.71,25552,18656,5400,100.0,0.1,1,1,2:24,0,4,13752,0,16k,0,18656,310,2,278,30,0,14.2,0.7,0.0,85.1,0.0,0.0,0.0,0.0,15794.9 MiB,3734.2 MiB,2031.7 MiB,10028.9 MiB,4096.0 MiB,3681.0 MiB,415.0 MiB,13121.9 MiB
7,Python 3.6.15,binarytrees_compatible_all.py 21,124,1694216589,1167709,python,2:25.88,25552,18656,5400,93.8,0.1,1,1,2:25,0,4,13752,0,16k,0,18656,310,2,278,30,0,12.8,1.5,0.0,85.7,0.0,0.0,0.0,0.0,15794.9 MiB,3734.5 MiB,2031.5 MiB,10028.9 MiB,4096.0 MiB,3681.0 MiB,415.0 MiB,13122.2 MiB
7,Python 3.6.15,binarytrees_compatible_all.py 21,125,1694216590,1167709,python,2:27.06,25552,18656,5400,100.0,0.1,1,5,2:27,0,4,13752,0,16k,0,18656,310,2,278,30,0,14.2,0.7,0.0,84.3,0.7,0.0,0.0,0.0,15794.9 MiB,3734.2 MiB,2031.7 MiB,10028.9 MiB,4096.0 MiB,3681.0 MiB,415.0 MiB,13121.9 MiB
7,Python 3.6.15,binarytrees_compatible_all.py 21,126,1694216591,1167709,python,2:28.24,25552,18656,5400,100.0,0.1,1,5,2:28,0,4,13752,0,16k,0,18656,310,2,278,30,0,13.6,0.8,0.0,85.6,0.0,0.0,0.0,0.0,15794.9 MiB,3734.2 MiB,2031.7 MiB,10028.9 MiB,4096.0 MiB,3681.0 MiB,415.0 MiB,13121.9 MiB
7,Python 3.6.15,binarytrees_compatible_all.py 21,127,1694216592,1167709,python,2:29.42,21968,15328,5400,100.0,0.1,1,5,2:29,0,4,10168,0,16k,0,15328,310,2,278,30,0,12.9,0.7,0.0,86.3,0.0,0.0,0.0,0.0,15794.9 MiB,3733.5 MiB,2032.4 MiB,10028.9 MiB,4096.0 MiB,3681.0 MiB,415.0 MiB,13121.2 MiB
7,Python 3.6.15,binarytrees_compatible_all.py 21,128,1694216593,1167709,python,2:30.60,37840,31136,5400,100.0,0.2,1,5,2:30,0,4,26040,0,70k,0,31136,310,2,278,30,0,12.8,0.8,0.0,86.5,0.0,0.0,0.0,0.0,15794.9 MiB,3720.0 MiB,2045.9 MiB,10028.9 MiB,4096.0 MiB,3681.0 MiB,415.0 MiB,13107.7 MiB
7,Python 3.6.15,binarytrees_compatible_all.py 21,129,1694216594,1167709,python,2:31.77,37328,30524,5400,100.0,0.2,1,5,2:31,0,4,25528,0,110k,0,30524,310,2,278,30,0,11.5,1.5,0.0,87.0,0.0,0.0,0.0,0.0,15794.9 MiB,3719.2 MiB,2046.7 MiB,10028.9 MiB,4096.0 MiB,3681.0 MiB,415.0 MiB,13106.9 MiB
7,Python 3.6.15,binarytrees_compatible_all.py 21,130,1694216596,1167709,python,2:32.95,42704,35920,5400,100.0,0.2,1,5,2:32,0,4,30904,0,136k,0,35920,310,2,278,30,0,12.9,0.8,0.0,86.4,0.0,0.0,0.0,0.0,15794.9 MiB,3719.2 MiB,2046.7 MiB,10028.9 MiB,4096.0 MiB,3681.0 MiB,415.0 MiB,13106.9 MiB
7,Python 3.6.15,binarytrees_compatible_all.py 21,131,1694216597,1167709,python,2:34.12,42960,36320,5400,100.0,0.2,1,5,2:34,0,4,31160,0,147k,0,36320,310,2,278,30,0,12.8,1.5,0.0,85.7,0.0,0.0,0.0,0.0,15794.9 MiB,3719.2 MiB,2046.7 MiB,10028.9 MiB,4096.0 MiB,3681.0 MiB,415.0 MiB,13106.9 MiB
7,Python 3.6.15,binarytrees_compatible_all.py 21,132,1694216598,1167709,python,2:35.31,44496,37600,5400,100.0,0.2,1,5,2:35,0,4,32696,0,149k,0,37600,310,2,278,30,0,13.7,0.7,0.0,85.6,0.0,0.0,0.0,0.0,15794.9 MiB,3719.2 MiB,2046.7 MiB,10028.9 MiB,4096.0 MiB,3681.0 MiB,415.0 MiB,13107.0 MiB
7,Python 3.6.15,binarytrees_compatible_all.py 21,133,1694216599,1167709,python,2:36.49,44496,37600,5400,100.0,0.2,1,1,2:36,0,4,32696,0,149k,0,37600,310,2,278,30,0,12.9,0.8,0.0,86.4,0.0,0.0,0.0,0.0,15794.9 MiB,3719.2 MiB,2046.7 MiB,10028.9 MiB,4096.0 MiB,3681.0 MiB,415.0 MiB,13107.0 MiB
7,Python 3.6.15,binarytrees_compatible_all.py 21,134,1694216600,1167709,python,2:37.66,44496,37600,5400,100.0,0.2,1,1,2:37,0,4,32696,0,149k,0,37600,310,2,278,30,0,12.8,0.8,0.0,86.5,0.0,0.0,0.0,0.0,15794.9 MiB,3719.2 MiB,2046.7 MiB,10029.0 MiB,4096.0 MiB,3681.0 MiB,415.0 MiB,13107.0 MiB
7,Python 3.6.15,binarytrees_compatible_all.py 21,135,1694216601,1167709,python,2:38.84,44496,37600,5400,100.0,0.2,1,1,2:38,0,4,32696,0,149k,0,37600,310,2,278,30,0,13.0,0.8,0.0,86.3,0.0,0.0,0.0,0.0,15794.9 MiB,3719.7 MiB,2046.2 MiB,10029.0 MiB,4096.0 MiB,3681.0 MiB,415.0 MiB,13107.5 MiB
7,Python 3.6.15,binarytrees_compatible_all.py 21,136,1694216603,1167709,python,2:40.01,44496,37600,5400,100.0,0.2,1,1,2:40,0,4,32696,0,149k,0,37600,310,2,278,30,0,12.8,1.5,0.0,85.7,0.0,0.0,0.0,0.0,15794.9 MiB,3719.0 MiB,2046.9 MiB,10029.0 MiB,4096.0 MiB,3681.0 MiB,415.0 MiB,13106.7 MiB
7,Python 3.6.15,binarytrees_compatible_all.py 21,137,1694216604,1167709,python,2:41.19,44496,37600,5400,100.0,0.2,1,1,2:41,0,4,32696,0,149k,0,37600,310,2,278,30,0,12.7,1.5,0.0,85.8,0.0,0.0,0.0,0.0,15794.9 MiB,3718.7 MiB,2047.2 MiB,10029.0 MiB,4096.0 MiB,3681.0 MiB,415.0 MiB,13106.5 MiB
7,Python 3.6.15,binarytrees_compatible_all.py 21,138,1694216605,1167709,python,2:42.36,44496,37600,5400,100.0,0.2,1,1,2:42,0,4,32696,0,149k,0,37600,310,2,278,30,0,12.7,2.2,0.0,85.1,0.0,0.0,0.0,0.0,15794.9 MiB,3718.5 MiB,2047.4 MiB,10029.0 MiB,4096.0 MiB,3681.0 MiB,415.0 MiB,13106.2 MiB
7,Python 3.6.15,binarytrees_compatible_all.py 21,139,1694216606,1167709,python,2:43.54,44496,37600,5400,100.0,0.2,1,1,2:43,0,4,32696,0,149k,0,37600,310,2,278,30,0,12.1,1.5,0.0,86.4,0.0,0.0,0.0,0.0,15794.9 MiB,3718.5 MiB,2047.4 MiB,10029.0 MiB,4096.0 MiB,3681.0 MiB,415.0 MiB,13106.2 MiB
7,Python 3.6.15,binarytrees_compatible_all.py 21,140,1694216607,1167709,python,2:44.71,44496,37600,5400,93.8,0.2,1,1,2:44,0,4,32696,0,149k,0,37600,310,2,278,30,0,12.2,0.8,0.0,87.0,0.0,0.0,0.0,0.0,15794.9 MiB,3718.5 MiB,2047.4 MiB,10029.0 MiB,4096.0 MiB,3681.0 MiB,415.0 MiB,13106.2 MiB
7,Python 3.6.15,binarytrees_compatible_all.py 21,141,1694216609,1167709,python,2:45.89,44496,37600,5400,100.0,0.2,1,5,2:45,0,4,32696,0,149k,0,37600,310,2,278,30,0,13.4,0.7,0.0,85.8,0.0,0.0,0.0,0.0,15794.9 MiB,3718.2 MiB,2047.6 MiB,10029.0 MiB,4096.0 MiB,3681.0 MiB,415.0 MiB,13106.0 MiB
7,Python 3.6.15,binarytrees_compatible_all.py 21,142,1694216610,1167709,python,2:47.06,44496,37600,5400,100.0,0.2,1,1,2:47,0,4,32696,0,149k,0,37600,310,2,278,30,0,12.9,0.8,0.0,86.4,0.0,0.0,0.0,0.0,15794.9 MiB,3718.0 MiB,2047.9 MiB,10029.0 MiB,4096.0 MiB,3681.0 MiB,415.0 MiB,13105.8 MiB
7,Python 3.6.15,binarytrees_compatible_all.py 21,143,1694216611,1167709,python,2:48.24,44496,37600,5400,100.0,0.2,1,5,2:48,0,4,32696,0,149k,0,37600,310,2,278,30,0,13.5,0.0,0.0,86.5,0.0,0.0,0.0,0.0,15794.9 MiB,3718.0 MiB,2047.9 MiB,10029.0 MiB,4096.0 MiB,3681.0 MiB,415.0 MiB,13105.8 MiB
7,Python 3.6.15,binarytrees_compatible_all.py 21,144,1694216612,1167709,python,2:49.42,44496,37600,5400,100.0,0.2,1,5,2:49,0,4,32696,0,149k,0,37600,310,2,278,30,0,13.4,1.5,0.0,85.1,0.0,0.0,0.0,0.0,15794.9 MiB,3717.8 MiB,2048.1 MiB,10029.0 MiB,4096.0 MiB,3681.0 MiB,415.0 MiB,13105.5 MiB
7,Python 3.6.15,binarytrees_compatible_all.py 21,145,1694216613,1167709,python,2:50.59,44496,37600,5400,100.0,0.2,1,5,2:50,0,4,32696,0,149k,0,37600,310,2,278,30,0,12.9,0.8,0.0,86.4,0.0,0.0,0.0,0.0,15794.9 MiB,3717.8 MiB,2048.1 MiB,10029.0 MiB,4096.0 MiB,3681.0 MiB,415.0 MiB,13105.5 MiB
7,Python 3.6.15,binarytrees_compatible_all.py 21,146,1694216614,1167709,python,2:51.76,44496,37600,5400,93.8,0.2,1,5,2:51,0,4,32696,0,149k,0,37600,310,2,278,30,0,13.6,0.0,0.0,86.4,0.0,0.0,0.0,0.0,15794.9 MiB,3717.8 MiB,2048.1 MiB,10029.0 MiB,4096.0 MiB,3681.0 MiB,415.0 MiB,13105.5 MiB
7,Python 3.6.15,binarytrees_compatible_all.py 21,147,1694216616,1167709,python,2:52.94,44496,37600,5400,93.8,0.2,1,5,2:52,0,4,32696,0,149k,0,37600,310,2,278,30,0,12.9,2.2,0.0,84.9,0.0,0.0,0.0,0.0,15794.9 MiB,3717.3 MiB,2048.6 MiB,10029.0 MiB,4096.0 MiB,3681.0 MiB,415.0 MiB,13105.0 MiB
7,Python 3.6.15,binarytrees_compatible_all.py 21,148,1694216617,1167709,python,2:54.12,44496,37600,5400,100.0,0.2,1,1,2:54,0,4,32696,0,149k,0,37600,310,2,278,30,0,12.9,0.8,0.0,86.4,0.0,0.0,0.0,0.0,15794.9 MiB,3717.8 MiB,2048.1 MiB,10029.0 MiB,4096.0 MiB,3681.0 MiB,415.0 MiB,13105.5 MiB
7,Python 3.6.15,binarytrees_compatible_all.py 21,149,1694216618,1167709,python,2:55.30,44496,37600,5400,100.0,0.2,1,1,2:55,0,4,32696,0,149k,0,37600,310,2,278,30,0,13.0,0.8,0.0,86.3,0.0,0.0,0.0,0.0,15794.9 MiB,3717.0 MiB,2048.9 MiB,10029.0 MiB,4096.0 MiB,3681.0 MiB,415.0 MiB,13104.8 MiB
7,Python 3.6.15,binarytrees_compatible_all.py 21,150,1694216619,1167709,python,2:56.46,25296,18508,5400,100.0,0.1,1,1,2:56,0,4,13496,0,150k,0,18508,310,2,278,30,0,12.8,1.5,0.0,85.7,0.0,0.0,0.0,0.0,15794.9 MiB,3732.3 MiB,2033.6 MiB,10029.0 MiB,4096.0 MiB,3681.0 MiB,415.0 MiB,13120.1 MiB
7,Python 3.6.15,binarytrees_compatible_all.py 21,151,1694216620,1167709,python,2:57.64,103888,96904,5400,100.0,0.6,1,1,2:57,0,4,92088,0,216k,0,96904,310,2,278,30,0,12.1,0.8,0.0,87.1,0.0,0.0,0.0,0.0,15794.9 MiB,3664.1 MiB,2101.8 MiB,10029.0 MiB,4096.0 MiB,3681.0 MiB,415.0 MiB,13051.9 MiB
7,Python 3.6.15,binarytrees_compatible_all.py 21,152,1694216621,1167709,python,2:58.81,99024,92308,5400,100.0,0.6,1,1,2:58,0,4,87224,0,279k,0,92052,310,2,278,30,0,11.4,2.3,0.0,86.4,0.0,0.0,0.0,0.0,15794.9 MiB,3644.9 MiB,2120.9 MiB,10029.0 MiB,4096.0 MiB,3681.0 MiB,415.0 MiB,13032.7 MiB
7,Python 3.6.15,binarytrees_compatible_all.py 21,153,1694216623,1167709,python,2:59.99,73680,66964,5400,100.0,0.4,1,1,2:59,0,4,61880,0,337k,0,66964,310,2,278,30,0,11.4,2.3,0.0,86.4,0.0,0.0,0.0,0.0,15794.9 MiB,3681.7 MiB,2084.2 MiB,10029.0 MiB,4096.0 MiB,3681.0 MiB,415.0 MiB,13069.5 MiB
7,Python 3.6.15,binarytrees_compatible_all.py 21,154,1694216624,1167709,python,3:01.17,72144,65428,5400,100.0,0.4,1,1,3:01,0,4,60344,0,394k,0,65428,310,2,278,30,0,11.4,1.5,0.0,87.1,0.0,0.0,0.0,0.0,15794.9 MiB,3683.2 MiB,2082.6 MiB,10029.0 MiB,4096.0 MiB,3681.0 MiB,415.0 MiB,13071.0 MiB
7,Python 3.6.15,binarytrees_compatible_all.py 21,155,1694216625,1167709,python,3:02.34,92624,85664,5400,100.0,0.5,1,1,3:02,0,4,80824,0,455k,0,85664,310,2,278,30,0,12.0,2.3,0.0,85.7,0.0,0.0,0.0,0.0,15794.9 MiB,3675.2 MiB,2090.7 MiB,10029.0 MiB,4096.0 MiB,3681.0 MiB,415.0 MiB,13063.0 MiB
7,Python 3.6.15,binarytrees_compatible_all.py 21,156,1694216626,1167709,python,3:03.53,113872,107096,5400,100.0,0.7,1,5,3:03,0,4,102072,0,516k,0,107096,310,2,278,30,0,12.4,2.8,0.0,84.8,0.0,0.0,0.0,0.0,15794.9 MiB,3648.1 MiB,2117.7 MiB,10029.0 MiB,4096.0 MiB,3681.0 MiB,415.0 MiB,13035.9 MiB
7,Python 3.6.15,binarytrees_compatible_all.py 21,157,1694216627,1167709,python,3:04.71,74192,67476,5400,100.0,0.4,1,5,3:04,0,4,62392,0,572k,0,67476,310,2,278,30,0,14.2,0.7,0.0,85.1,0.0,0.0,0.0,0.0,15794.9 MiB,3673.1 MiB,2092.8 MiB,10029.0 MiB,4096.0 MiB,3681.0 MiB,415.0 MiB,13060.9 MiB
7,Python 3.6.15,binarytrees_compatible_all.py 21,158,1694216629,1167709,python,3:05.89,77008,70292,5400,100.0,0.4,1,5,3:05,0,4,65208,0,627k,0,70292,310,2,278,30,0,13.3,1.5,0.0,85.2,0.0,0.0,0.0,0.0,15794.9 MiB,3671.0 MiB,2094.8 MiB,10029.0 MiB,4096.0 MiB,3681.0 MiB,415.0 MiB,13058.8 MiB
7,Python 3.6.15,binarytrees_compatible_all.py 21,159,1694216630,1167709,python,3:07.06,89552,82744,5400,100.0,0.5,1,1,3:07,0,4,77752,0,683k,0,82744,310,2,278,30,0,12.8,1.5,0.0,85.0,0.8,0.0,0.0,0.0,15794.9 MiB,3679.1 MiB,2086.7 MiB,10029.0 MiB,4096.0 MiB,3681.0 MiB,415.0 MiB,13066.9 MiB
7,Python 3.6.15,binarytrees_compatible_all.py 21,160,1694216631,1167709,python,3:08.23,111824,104832,5400,93.8,0.6,1,1,3:08,0,4,100024,0,740k,0,104832,310,2,278,30,0,12.1,1.5,0.0,86.4,0.0,0.0,0.0,0.0,15794.9 MiB,3657.2 MiB,2108.6 MiB,10029.0 MiB,4096.0 MiB,3681.0 MiB,415.0 MiB,13045.0 MiB
7,Python 3.6.15,binarytrees_compatible_all.py 21,161,1694216632,1167709,python,3:09.41,79056,72340,5400,100.0,0.4,1,1,3:09,0,4,67256,0,794k,0,72340,310,2,278,30,0,12.0,1.5,0.0,86.5,0.0,0.0,0.0,0.0,15794.9 MiB,3676.9 MiB,2089.0 MiB,10029.0 MiB,4096.0 MiB,3681.0 MiB,415.0 MiB,13064.7 MiB
7,Python 3.6.15,binarytrees_compatible_all.py 21,162,1694216633,1167709,python,3:10.58,77520,70804,5400,93.8,0.4,1,1,3:10,0,4,65720,0,844k,0,70804,310,2,278,30,0,12.1,1.5,0.0,86.4,0.0,0.0,0.0,0.0,15794.9 MiB,3678.2 MiB,2087.7 MiB,10029.0 MiB,4096.0 MiB,3681.0 MiB,415.0 MiB,13066.0 MiB
7,Python 3.6.15,binarytrees_compatible_all.py 21,163,1694216634,1167709,python,3:11.75,87760,81008,5400,93.8,0.5,1,1,3:11,0,4,75960,0,896k,0,81008,310,2,278,30,0,13.4,1.5,0.0,85.1,0.0,0.0,0.0,0.0,15794.9 MiB,3675.9 MiB,2090.0 MiB,10029.0 MiB,4096.0 MiB,3681.0 MiB,415.0 MiB,13063.7 MiB
7,Python 3.6.15,binarytrees_compatible_all.py 21,164,1694216636,1167709,python,3:12.93,113104,106136,5400,100.0,0.7,1,1,3:12,0,4,101304,0,952k,0,106136,310,2,278,30,0,12.6,2.2,0.0,83.7,1.5,0.0,0.0,0.0,15794.9 MiB,3656.0 MiB,2109.8 MiB,10029.0 MiB,4096.0 MiB,3681.0 MiB,415.0 MiB,13043.8 MiB
7,Python 3.6.15,binarytrees_compatible_all.py 21,165,1694216637,1167709,python,3:14.11,79568,72852,5400,100.0,0.5,1,1,3:14,0,4,67768,0,1.0m,0,72852,310,2,278,30,0,12.7,1.5,0.0,85.8,0.0,0.0,0.0,0.0,15794.9 MiB,3676.9 MiB,2089.0 MiB,10029.0 MiB,4096.0 MiB,3681.0 MiB,415.0 MiB,13064.7 MiB
7,Python 3.6.15,binarytrees_compatible_all.py 21,166,1694216638,1167709,python,3:15.28,82384,75668,5400,100.0,0.5,1,1,3:15,0,4,70584,0,1.0m,0,75668,310,2,278,30,0,12.7,1.5,0.0,85.8,0.0,0.0,0.0,0.0,15794.9 MiB,3674.3 MiB,2091.5 MiB,10029.0 MiB,4096.0 MiB,3681.0 MiB,415.0 MiB,13062.1 MiB
7,Python 3.6.15,binarytrees_compatible_all.py 21,167,1694216639,1167709,python,3:16.45,98256,91552,5400,93.8,0.6,1,5,3:16,0,4,86456,0,1.1m,0,91552,310,2,278,30,0,12.0,2.3,0.0,85.7,0.0,0.0,0.0,0.0,15794.9 MiB,3669.5 MiB,2096.3 MiB,10029.0 MiB,4096.0 MiB,3681.0 MiB,415.0 MiB,13057.4 MiB
7,Python 3.6.15,binarytrees_compatible_all.py 21,168,1694216640,1167709,python,3:17.63,85200,78228,5400,100.0,0.5,1,5,3:17,0,4,73400,0,1.1m,0,78228,310,2,278,30,0,12.1,1.5,0.0,86.4,0.0,0.0,0.0,0.0,15794.9 MiB,3653.6 MiB,2112.3 MiB,10029.0 MiB,4096.0 MiB,3681.0 MiB,415.0 MiB,13041.4 MiB
7,Python 3.6.15,binarytrees_compatible_all.py 21,169,1694216641,1167709,python,3:18.81,84432,77716,5400,100.0,0.5,1,1,3:18,0,4,72632,0,1.2m,0,77716,310,2,278,30,0,12.0,2.3,0.0,85.0,0.8,0.0,0.0,0.0,15794.9 MiB,3664.1 MiB,2101.7 MiB,10029.0 MiB,4096.0 MiB,3681.0 MiB,415.0 MiB,13051.9 MiB
7,Python 3.6.15,binarytrees_compatible_all.py 21,170,1694216643,1167709,python,3:19.98,85200,78288,5400,93.8,0.5,1,5,3:19,0,4,73400,0,1.2m,0,78288,310,2,278,30,0,12.8,1.5,0.0,85.7,0.0,0.0,0.0,0.0,15794.9 MiB,3665.0 MiB,2100.8 MiB,10029.0 MiB,4096.0 MiB,3681.0 MiB,415.0 MiB,13052.8 MiB
7,Python 3.6.15,binarytrees_compatible_all.py 21,171,1694216644,1167709,python,3:21.16,115152,108296,5400,100.0,0.7,1,5,3:21,0,4,103352,0,1.3m,0,108296,310,2,278,30,0,11.4,2.3,0.0,86.4,0.0,0.0,0.0,0.0,15794.9 MiB,3645.4 MiB,2120.4 MiB,10029.0 MiB,4096.0 MiB,3681.0 MiB,415.0 MiB,13033.3 MiB
7,Python 3.6.15,binarytrees_compatible_all.py 21,172,1694216645,1167709,python,3:22.34,86480,79764,5400,94.1,0.5,1,1,3:22,0,4,74680,0,1.3m,0,79764,310,2,278,30,0,12.1,2.1,0.0,85.8,0.0,0.0,0.0,0.0,15794.9 MiB,3661.4 MiB,2104.4 MiB,10029.0 MiB,4096.0 MiB,3681.0 MiB,415.0 MiB,13049.3 MiB
7,Python 3.6.15,binarytrees_compatible_all.py 21,173,1694216646,1167709,python,3:23.52,84944,78228,5400,100.0,0.5,1,1,3:23,0,4,73144,0,1.3m,0,78228,310,2,278,30,0,12.8,1.5,0.0,85.7,0.0,0.0,0.0,0.0,15794.9 MiB,3662.7 MiB,2103.1 MiB,10029.0 MiB,4096.0 MiB,3681.0 MiB,415.0 MiB,13050.5 MiB
7,Python 3.6.15,binarytrees_compatible_all.py 21,174,1694216647,1167709,python,3:24.69,112080,105064,5400,100.0,0.6,1,1,3:24,0,4,100280,0,1.4m,0,105064,310,2,278,30,0,13.3,2.2,0.0,84.4,0.0,0.0,0.0,0.0,15794.9 MiB,3649.4 MiB,2116.4 MiB,10029.1 MiB,4096.0 MiB,3681.0 MiB,415.0 MiB,13037.2 MiB
7,Python 3.6.15,binarytrees_compatible_all.py 21,175,1694216649,1167709,python,3:25.87,220368,213332,5400,100.0,1.3,1,1,3:25,0,4,208568,0,1.4m,0,213332,310,2,278,30,0,13.5,0.8,0.0,85.7,0.0,0.0,0.0,0.0,15794.9 MiB,3540.1 MiB,2225.7 MiB,10029.1 MiB,4096.0 MiB,3681.0 MiB,415.0 MiB,12927.9 MiB
7,Python 3.6.15,binarytrees_compatible_all.py 21,176,1694216650,1167709,python,3:27.05,331216,324532,5400,100.0,2.0,1,1,3:27,0,4,319416,0,1.5m,0,324532,310,2,278,30,0,12.1,2.3,0.0,85.6,0.0,0.0,0.0,0.0,15794.9 MiB,3435.0 MiB,2330.8 MiB,10029.1 MiB,4096.0 MiB,3681.0 MiB,415.0 MiB,12822.9 MiB
7,Python 3.6.15,binarytrees_compatible_all.py 21,177,1694216651,1167709,python,3:28.22,257232,250592,5400,93.8,1.5,1,1,3:28,0,4,245432,0,1.6m,0,250592,310,2,278,30,0,9.8,3.8,0.0,86.4,0.0,0.0,0.0,0.0,15794.9 MiB,3478.8 MiB,2287.0 MiB,10029.1 MiB,4096.0 MiB,3681.0 MiB,415.0 MiB,12866.6 MiB
7,Python 3.6.15,binarytrees_compatible_all.py 21,178,1694216652,1167709,python,3:29.39,220880,214240,5400,100.0,1.3,1,1,3:29,0,4,209080,0,1.6m,0,214240,310,2,278,30,0,13.5,0.8,0.0,85.7,0.0,0.0,0.0,0.0,15794.9 MiB,3531.1 MiB,2234.7 MiB,10029.1 MiB,4096.0 MiB,3681.0 MiB,415.0 MiB,12918.9 MiB
7,Python 3.6.15,binarytrees_compatible_all.py 21,179,1694216653,1167709,python,3:30.57,299216,292308,5400,100.0,1.8,1,1,3:30,0,4,287416,0,1.7m,0,292308,310,2,278,30,0,12.1,1.5,0.0,86.4,0.0,0.0,0.0,0.0,15794.9 MiB,3467.3 MiB,2298.5 MiB,10029.1 MiB,4096.0 MiB,3681.0 MiB,415.0 MiB,12855.1 MiB
7,Python 3.6.15,binarytrees_compatible_all.py 21,180,1694216654,1167709,python,3:31.74,418512,411436,5400,100.0,2.5,1,1,3:31,0,4,406712,0,1.8m,0,411436,310,2,278,30,0,12.1,1.5,0.0,86.4,0.0,0.0,0.0,0.0,15794.9 MiB,3350.6 MiB,2415.2 MiB,10029.1 MiB,4096.0 MiB,3681.0 MiB,415.0 MiB,12738.5 MiB
7,Python 3.6.15,binarytrees_compatible_all.py 21,181,1694216656,1167709,python,3:32.92,221392,214752,5400,100.0,1.3,1,1,3:32,0,4,209592,0,1.8m,0,214752,310,2,278,30,0,13.6,0.8,0.0,85.6,0.0,0.0,0.0,0.0,15794.9 MiB,3531.5 MiB,2234.3 MiB,10029.1 MiB,4096.0 MiB,3681.0 MiB,415.0 MiB,12919.3 MiB
7,Python 3.6.15,binarytrees_compatible_all.py 21,182,1694216657,1167709,python,3:34.09,265424,258500,5400,100.0,1.6,1,1,3:34,0,4,253624,0,1.9m,0,258500,310,2,278,30,0,12.0,1.5,0.0,86.5,0.0,0.0,0.0,0.0,15794.9 MiB,3500.7 MiB,2265.1 MiB,10029.1 MiB,4096.0 MiB,3681.0 MiB,415.0 MiB,12888.6 MiB
7,Python 3.6.15,binarytrees_compatible_all.py 21,183,1694216658,1167709,python,3:35.27,386256,379212,5400,100.0,2.3,1,1,3:35,0,4,374456,0,2.0m,0,379212,310,2,278,30,0,12.0,2.3,0.0,85.7,0.0,0.0,0.0,0.0,15794.9 MiB,3382.4 MiB,2383.4 MiB,10029.1 MiB,4096.0 MiB,3681.0 MiB,415.0 MiB,12770.2 MiB
7,Python 3.6.15,binarytrees_compatible_all.py 21,184,1694216659,1167709,python,3:36.44,221904,215264,5400,100.0,1.3,1,1,3:36,0,4,210104,0,2.0m,0,215264,310,2,278,30,0,12.9,0.8,0.0,86.4,0.0,0.0,0.0,0.0,15794.9 MiB,3531.1 MiB,2234.7 MiB,10029.1 MiB,4096.0 MiB,3681.0 MiB,415.0 MiB,12918.9 MiB
7,Python 3.6.15,binarytrees_compatible_all.py 21,185,1694216660,1167709,python,3:37.62,237264,230236,5400,100.0,1.4,1,1,3:37,0,4,225464,0,2.1m,0,230236,310,2,278,30,0,12.8,1.5,0.0,85.7,0.0,0.0,0.0,0.0,15794.9 MiB,3528.3 MiB,2237.5 MiB,10029.1 MiB,4096.0 MiB,3681.0 MiB,415.0 MiB,12916.1 MiB
7,Python 3.6.15,binarytrees_compatible_all.py 21,186,1694216661,1167709,python,3:38.79,356304,349628,5400,100.0,2.2,1,1,3:38,0,4,344504,0,2.1m,0,349628,310,2,278,30,0,11.2,3.0,0.0,85.8,0.0,0.0,0.0,0.0,15794.9 MiB,3411.9 MiB,2353.9 MiB,10029.1 MiB,4096.0 MiB,3681.0 MiB,415.0 MiB,12799.8 MiB
7,Python 3.6.15,binarytrees_compatible_all.py 21,187,1694216663,1167709,python,3:39.97,222416,215776,5400,100.0,1.3,1,1,3:39,0,4,210616,0,2.2m,0,215776,310,2,278,30,0,10.6,3.0,0.0,86.4,0.0,0.0,0.0,0.0,15794.9 MiB,3530.8 MiB,2235.0 MiB,10029.1 MiB,4096.0 MiB,3681.0 MiB,415.0 MiB,12918.7 MiB
7,Python 3.6.15,binarytrees_compatible_all.py 21,188,1694216664,1167709,python,3:41.14,224720,218080,5400,100.0,1.3,1,1,3:41,0,4,212920,0,2.3m,0,218080,310,2,278,30,0,12.8,1.5,0.0,85.7,0.0,0.0,0.0,0.0,15794.9 MiB,3528.4 MiB,2237.4 MiB,10029.1 MiB,4096.0 MiB,3681.0 MiB,415.0 MiB,12916.2 MiB
7,Python 3.6.15,binarytrees_compatible_all.py 21,189,1694216665,1167709,python,3:42.32,325072,318196,5400,93.8,2.0,1,1,3:42,0,4,313272,0,2.3m,0,318196,310,2,278,30,0,11.3,2.3,0.0,86.5,0.0,0.0,0.0,0.0,15794.9 MiB,3442.7 MiB,2323.1 MiB,10029.1 MiB,4096.0 MiB,3681.0 MiB,415.0 MiB,12830.5 MiB
7,Python 3.6.15,binarytrees_compatible_all.py 21,190,1694216666,1167709,python,3:43.50,298960,292064,5400,100.0,1.8,1,1,3:43,0,4,287160,0,2.4m,0,292064,310,2,278,30,0,11.3,3.0,0.0,85.7,0.0,0.0,0.0,0.0,15794.9 MiB,3438.4 MiB,2327.4 MiB,10029.1 MiB,4096.0 MiB,3681.0 MiB,415.0 MiB,12826.3 MiB
7,Python 3.6.15,binarytrees_compatible_all.py 21,191,1694216667,1167709,python,3:44.67,225232,218592,5400,100.0,1.4,1,1,3:44,0,4,213432,0,2.4m,0,218592,310,2,278,30,0,12.8,1.5,0.0,85.7,0.0,0.0,0.0,0.0,15794.9 MiB,3528.3 MiB,2237.5 MiB,10029.1 MiB,4096.0 MiB,3681.0 MiB,415.0 MiB,12916.1 MiB
7,Python 3.6.15,binarytrees_compatible_all.py 21,192,1694216668,1167709,python,3:45.84,294096,287292,5400,100.0,1.8,1,1,3:45,0,4,282296,0,2.5m,0,287292,310,2,278,30,0,12.1,1.5,0.0,86.4,0.0,0.0,0.0,0.0,15794.9 MiB,3472.9 MiB,2292.8 MiB,10029.1 MiB,4096.0 MiB,3681.0 MiB,415.0 MiB,12860.8 MiB
7,Python 3.6.15,binarytrees_compatible_all.py 21,193,1694216670,1167709,python,3:47.02,410320,403380,5400,100.0,2.5,1,1,3:47,0,4,398520,0,2.6m,0,403380,310,2,278,30,0,13.4,1.5,0.0,85.1,0.0,0.0,0.0,0.0,15794.9 MiB,3357.8 MiB,2408.0 MiB,10029.1 MiB,4096.0 MiB,3681.0 MiB,415.0 MiB,12745.6 MiB
7,Python 3.6.15,binarytrees_compatible_all.py 21,194,1694216671,1167709,python,3:48.19,225744,219104,5400,100.0,1.4,1,1,3:48,0,4,213944,0,2.6m,0,219104,310,2,278,30,0,12.1,1.5,0.0,86.4,0.0,0.0,0.0,0.0,15794.9 MiB,3527.8 MiB,2238.0 MiB,10029.1 MiB,4096.0 MiB,3681.0 MiB,415.0 MiB,12915.6 MiB
7,Python 3.6.15,binarytrees_compatible_all.py 21,195,1694216672,1167709,python,3:49.37,259792,252956,5400,100.0,1.6,1,1,3:49,0,4,247992,0,2.7m,0,252956,310,2,278,30,0,12.8,1.5,0.0,85.7,0.0,0.0,0.0,0.0,15794.9 MiB,3506.4 MiB,2259.3 MiB,10029.1 MiB,4096.0 MiB,3681.0 MiB,415.0 MiB,12894.3 MiB
7,Python 3.6.15,binarytrees_compatible_all.py 21,196,1694216673,1167709,python,3:50.54,378320,371420,5400,100.0,2.3,1,1,3:50,0,4,366520,0,2.8m,0,371420,310,2,278,30,0,10.6,3.0,0.0,86.4,0.0,0.0,0.0,0.0,15794.9 MiB,3391.0 MiB,2374.8 MiB,10029.1 MiB,4096.0 MiB,3681.0 MiB,415.0 MiB,12778.9 MiB
7,Python 3.6.15,binarytrees_compatible_all.py 21,197,1694216674,1167709,python,3:51.72,226256,219616,5400,100.0,1.4,1,1,3:51,0,4,214456,0,2.8m,0,219616,310,2,278,30,0,12.0,2.3,0.0,85.7,0.0,0.0,0.0,0.0,15794.9 MiB,3527.5 MiB,2238.2 MiB,10029.1 MiB,4096.0 MiB,3681.0 MiB,415.0 MiB,12915.4 MiB
7,Python 3.6.15,binarytrees_compatible_all.py 21,198,1694216676,1167709,python,3:52.89,232144,225220,5400,100.0,1.4,1,5,3:52,0,4,220344,0,2.9m,0,225220,310,2,278,30,0,12.8,1.5,0.0,85.0,0.8,0.0,0.0,0.0,15794.9 MiB,3529.5 MiB,2236.2 MiB,10029.1 MiB,4096.0 MiB,3681.0 MiB,415.0 MiB,12917.4 MiB
8,Python 3.6.15,binarytrees_compatible_all.py 21,0,1694216677,1169009,python,0:00.12,31616,25000,5412,75.0,0.2,1,5,0:00,0,4,19816,0,6058,0,25000,310,2,278,30,0,16.8,6.9,0.0,76.3,0.0,0.0,0.0,0.0,15794.9 MiB,3720.1 MiB,2038.8 MiB,10036.0 MiB,4096.0 MiB,3681.0 MiB,415.0 MiB,13108.0 MiB
8,Python 3.6.15,binarytrees_compatible_all.py 21,1,1694216678,1169009,python,0:01.30,31616,25000,5412,100.0,0.2,1,5,0:01,0,4,19816,0,6058,0,25000,310,2,278,30,0,13.6,0.8,0.0,85.6,0.0,0.0,0.0,0.0,15794.9 MiB,3720.3 MiB,2038.3 MiB,10036.3 MiB,4096.0 MiB,3681.0 MiB,415.0 MiB,13108.2 MiB
8,Python 3.6.15,binarytrees_compatible_all.py 21,2,1694216679,1169009,python,0:02.47,31616,25000,5412,100.0,0.2,1,5,0:02,0,4,19816,0,6058,0,25000,310,2,278,30,0,12.9,0.8,0.0,86.4,0.0,0.0,0.0,0.0,15794.9 MiB,3728.2 MiB,2037.4 MiB,10029.3 MiB,4096.0 MiB,3681.0 MiB,415.0 MiB,13116.1 MiB
8,Python 3.6.15,binarytrees_compatible_all.py 21,3,1694216680,1169009,python,0:03.65,31616,25000,5412,100.0,0.2,1,5,0:03,0,4,19816,0,6058,0,25000,310,2,278,30,0,12.8,1.5,0.0,85.7,0.0,0.0,0.0,0.0,15794.9 MiB,3727.7 MiB,2037.9 MiB,10029.3 MiB,4096.0 MiB,3681.0 MiB,415.0 MiB,13115.6 MiB
8,Python 3.6.15,binarytrees_compatible_all.py 21,4,1694216681,1169009,python,0:04.82,31616,25000,5412,100.0,0.2,1,5,0:04,0,4,19816,0,6058,0,25000,310,2,278,30,0,12.8,1.5,0.0,85.7,0.0,0.0,0.0,0.0,15794.9 MiB,3728.2 MiB,2037.4 MiB,10029.3 MiB,4096.0 MiB,3681.0 MiB,415.0 MiB,13116.1 MiB
8,Python 3.6.15,binarytrees_compatible_all.py 21,5,1694216683,1169009,python,0:06.00,31616,25000,5412,100.0,0.2,1,5,0:06,0,4,19816,0,6058,0,25000,310,2,278,30,0,12.8,1.5,0.0,85.7,0.0,0.0,0.0,0.0,15794.9 MiB,3728.2 MiB,2037.4 MiB,10029.3 MiB,4096.0 MiB,3681.0 MiB,415.0 MiB,13116.1 MiB
8,Python 3.6.15,binarytrees_compatible_all.py 21,6,1694216684,1169009,python,0:07.17,31616,25000,5412,100.0,0.2,1,5,0:07,0,4,19816,0,6058,0,25000,310,2,278,30,0,12.2,0.8,0.0,87.0,0.0,0.0,0.0,0.0,15794.9 MiB,3727.9 MiB,2037.6 MiB,10029.3 MiB,4096.0 MiB,3681.0 MiB,415.0 MiB,13115.8 MiB
8,Python 3.6.15,binarytrees_compatible_all.py 21,7,1694216685,1169009,python,0:08.35,31616,25000,5412,100.0,0.2,1,5,0:08,0,4,19816,0,6058,0,25000,310,2,278,30,0,13.5,1.5,0.0,85.0,0.0,0.0,0.0,0.0,15794.9 MiB,3727.4 MiB,2038.1 MiB,10029.3 MiB,4096.0 MiB,3681.0 MiB,415.0 MiB,13115.4 MiB
8,Python 3.6.15,binarytrees_compatible_all.py 21,8,1694216686,1169009,python,0:09.52,31616,25000,5412,93.8,0.2,1,5,0:09,0,4,19816,0,6058,0,25000,310,2,278,30,0,13.4,1.5,0.0,85.1,0.0,0.0,0.0,0.0,15794.9 MiB,3727.4 MiB,2038.1 MiB,10029.3 MiB,4096.0 MiB,3681.0 MiB,415.0 MiB,13115.4 MiB
8,Python 3.6.15,binarytrees_compatible_all.py 21,9,1694216687,1169009,python,0:10.70,31616,25000,5412,100.0,0.2,1,5,0:10,0,4,19816,0,6058,0,25000,310,2,278,30,0,12.8,1.5,0.0,85.7,0.0,0.0,0.0,0.0,15794.9 MiB,3727.4 MiB,2038.1 MiB,10029.3 MiB,4096.0 MiB,3681.0 MiB,415.0 MiB,13115.4 MiB
8,Python 3.6.15,binarytrees_compatible_all.py 21,10,1694216688,1169009,python,0:11.87,31616,25000,5412,100.0,0.2,1,5,0:11,0,4,19816,0,6058,0,25000,310,2,278,30,0,13.5,0.0,0.0,86.5,0.0,0.0,0.0,0.0,15794.9 MiB,3727.4 MiB,2038.1 MiB,10029.3 MiB,4096.0 MiB,3681.0 MiB,415.0 MiB,13115.4 MiB
8,Python 3.6.15,binarytrees_compatible_all.py 21,11,1694216690,1169009,python,0:13.04,31616,25000,5412,93.8,0.2,1,5,0:13,0,4,19816,0,6058,0,25000,310,2,278,30,0,12.2,0.8,0.0,87.0,0.0,0.0,0.0,0.0,15794.9 MiB,3726.2 MiB,2039.3 MiB,10029.3 MiB,4096.0 MiB,3681.0 MiB,415.0 MiB,13114.1 MiB
8,Python 3.6.15,binarytrees_compatible_all.py 21,12,1694216691,1169009,python,0:14.22,31616,25000,5412,100.0,0.2,1,5,0:14,0,4,19816,0,6058,0,25000,310,2,278,30,0,13.4,1.5,0.0,85.1,0.0,0.0,0.0,0.0,15794.9 MiB,3726.2 MiB,2039.3 MiB,10029.3 MiB,4096.0 MiB,3681.0 MiB,415.0 MiB,13114.1 MiB
8,Python 3.6.15,binarytrees_compatible_all.py 21,13,1694216692,1169009,python,0:15.40,31616,25000,5412,100.0,0.2,1,5,0:15,0,4,19816,0,6058,0,25000,310,2,278,30,0,12.9,1.5,0.0,85.6,0.0,0.0,0.0,0.0,15794.9 MiB,3725.7 MiB,2039.8 MiB,10029.4 MiB,4096.0 MiB,3681.0 MiB,415.0 MiB,13113.6 MiB
8,Python 3.6.15,binarytrees_compatible_all.py 21,14,1694216693,1169009,python,0:16.57,31616,25000,5412,100.0,0.2,1,1,0:16,0,4,19816,0,6058,0,25000,310,2,278,30,0,12.9,0.8,0.0,86.4,0.0,0.0,0.0,0.0,15794.9 MiB,3725.7 MiB,2039.8 MiB,10029.4 MiB,4096.0 MiB,3681.0 MiB,415.0 MiB,13113.7 MiB
8,Python 3.6.15,binarytrees_compatible_all.py 21,15,1694216694,1169009,python,0:17.74,31616,25000,5412,93.8,0.2,1,1,0:17,0,4,19816,0,6058,0,25000,310,2,278,30,0,12.9,0.8,0.0,86.4,0.0,0.0,0.0,0.0,15794.9 MiB,3725.7 MiB,2039.8 MiB,10029.4 MiB,4096.0 MiB,3681.0 MiB,415.0 MiB,13113.7 MiB
8,Python 3.6.15,binarytrees_compatible_all.py 21,16,1694216696,1169009,python,0:18.92,31616,25000,5412,100.0,0.2,1,1,0:18,0,4,19816,0,6058,0,25000,310,2,278,30,0,13.5,0.8,0.0,85.7,0.0,0.0,0.0,0.0,15794.9 MiB,3725.7 MiB,2039.8 MiB,10029.4 MiB,4096.0 MiB,3681.0 MiB,415.0 MiB,13113.7 MiB
8,Python 3.6.15,binarytrees_compatible_all.py 21,17,1694216697,1169009,python,0:20.09,31616,25000,5412,93.8,0.2,1,1,0:20,0,4,19816,0,6058,0,25000,310,2,278,30,0,12.8,1.5,0.0,85.7,0.0,0.0,0.0,0.0,15794.9 MiB,3725.2 MiB,2040.3 MiB,10029.4 MiB,4096.0 MiB,3681.0 MiB,415.0 MiB,13113.2 MiB
8,Python 3.6.15,binarytrees_compatible_all.py 21,18,1694216698,1169009,python,0:21.27,31616,25000,5412,100.0,0.2,1,1,0:21,0,4,19816,0,6058,0,25000,310,2,278,30,0,12.7,1.5,0.0,85.8,0.0,0.0,0.0,0.0,15794.9 MiB,3725.2 MiB,2040.3 MiB,10029.4 MiB,4096.0 MiB,3681.0 MiB,415.0 MiB,13113.2 MiB
8,Python 3.6.15,binarytrees_compatible_all.py 21,19,1694216699,1169009,python,0:22.44,31616,25000,5412,100.0,0.2,1,5,0:22,0,4,19816,0,6058,0,25000,310,2,278,30,0,12.9,0.8,0.0,86.4,0.0,0.0,0.0,0.0,15794.9 MiB,3725.2 MiB,2040.3 MiB,10029.4 MiB,4096.0 MiB,3681.0 MiB,415.0 MiB,13113.2 MiB
8,Python 3.6.15,binarytrees_compatible_all.py 21,20,1694216700,1169009,python,0:23.61,19408,12580,5412,100.0,0.1,1,5,0:23,0,4,7608,0,7081,0,12580,310,2,278,30,0,12.9,0.8,0.0,86.4,0.0,0.0,0.0,0.0,15794.9 MiB,3732.6 MiB,2032.9 MiB,10029.4 MiB,4096.0 MiB,3681.0 MiB,415.0 MiB,13120.6 MiB
8,Python 3.6.15,binarytrees_compatible_all.py 21,21,1694216701,1169009,python,0:24.79,19408,12580,5412,100.0,0.1,1,5,0:24,0,4,7608,0,7081,0,12580,310,2,278,30,0,12.1,1.5,0.0,86.4,0.0,0.0,0.0,0.0,15794.9 MiB,3732.6 MiB,2032.9 MiB,10029.4 MiB,4096.0 MiB,3681.0 MiB,415.0 MiB,13120.6 MiB
8,Python 3.6.15,binarytrees_compatible_all.py 21,22,1694216703,1169009,python,0:25.96,19408,12580,5412,100.0,0.1,1,1,0:25,0,4,7608,0,7081,0,12580,310,2,278,30,0,13.5,0.8,0.0,85.7,0.0,0.0,0.0,0.0,15794.9 MiB,3732.6 MiB,2032.9 MiB,10029.4 MiB,4096.0 MiB,3681.0 MiB,415.0 MiB,13120.6 MiB
8,Python 3.6.15,binarytrees_compatible_all.py 21,23,1694216704,1169009,python,0:27.14,19408,12580,5412,100.0,0.1,1,1,0:27,0,4,7608,0,7081,0,12580,310,2,278,30,0,13.6,0.0,0.0,86.4,0.0,0.0,0.0,0.0,15794.9 MiB,3732.6 MiB,2032.9 MiB,10029.4 MiB,4096.0 MiB,3681.0 MiB,415.0 MiB,13120.6 MiB
8,Python 3.6.15,binarytrees_compatible_all.py 21,24,1694216705,1169009,python,0:28.31,19408,12580,5412,93.8,0.1,1,1,0:28,0,4,7608,0,7081,0,12580,310,2,278,30,0,12.8,1.5,0.0,85.7,0.0,0.0,0.0,0.0,15794.9 MiB,3732.4 MiB,2033.1 MiB,10029.4 MiB,4096.0 MiB,3681.0 MiB,415.0 MiB,13120.3 MiB
8,Python 3.6.15,binarytrees_compatible_all.py 21,25,1694216706,1169009,python,0:29.49,19408,12580,5412,100.0,0.1,1,1,0:29,0,4,7608,0,7081,0,12580,310,2,278,30,0,13.3,2.2,0.0,84.4,0.0,0.0,0.0,0.0,15794.9 MiB,3732.6 MiB,2032.9 MiB,10029.4 MiB,4096.0 MiB,3681.0 MiB,415.0 MiB,13120.6 MiB
8,Python 3.6.15,binarytrees_compatible_all.py 21,26,1694216707,1169009,python,0:30.66,19408,12580,5412,93.8,0.1,1,1,0:30,0,4,7608,0,7081,0,12580,310,2,278,30,0,12.8,1.5,0.0,85.7,0.0,0.0,0.0,0.0,15794.9 MiB,3732.6 MiB,2032.9 MiB,10029.4 MiB,4096.0 MiB,3681.0 MiB,415.0 MiB,13120.6 MiB
8,Python 3.6.15,binarytrees_compatible_all.py 21,27,1694216708,1169009,python,0:31.84,19408,12580,5412,100.0,0.1,1,1,0:31,0,4,7608,0,7081,0,12580,310,2,278,30,0,13.6,0.8,0.0,85.6,0.0,0.0,0.0,0.0,15794.9 MiB,3732.6 MiB,2032.9 MiB,10029.4 MiB,4096.0 MiB,3681.0 MiB,415.0 MiB,13120.6 MiB
8,Python 3.6.15,binarytrees_compatible_all.py 21,28,1694216710,1169009,python,0:33.01,19408,12580,5412,93.8,0.1,1,1,0:33,0,4,7608,0,7081,0,12580,310,2,278,30,0,13.5,1.5,0.0,84.2,0.8,0.0,0.0,0.0,15794.9 MiB,3732.6 MiB,2032.9 MiB,10029.4 MiB,4096.0 MiB,3681.0 MiB,415.0 MiB,13120.6 MiB
8,Python 3.6.15,binarytrees_compatible_all.py 21,29,1694216711,1169009,python,0:34.19,19408,12580,5412,100.0,0.1,1,1,0:34,0,4,7608,0,7081,0,12580,310,2,278,30,0,12.8,1.5,0.0,85.7,0.0,0.0,0.0,0.0,15794.9 MiB,3732.6 MiB,2032.9 MiB,10029.4 MiB,4096.0 MiB,3681.0 MiB,415.0 MiB,13120.6 MiB
8,Python 3.6.15,binarytrees_compatible_all.py 21,30,1694216712,1169009,python,0:35.36,19408,12580,5412,100.0,0.1,1,1,0:35,0,4,7608,0,7081,0,12580,310,2,278,30,0,12.8,1.5,0.0,85.7,0.0,0.0,0.0,0.0,15794.9 MiB,3732.4 MiB,2033.1 MiB,10029.4 MiB,4096.0 MiB,3681.0 MiB,415.0 MiB,13120.3 MiB
8,Python 3.6.15,binarytrees_compatible_all.py 21,31,1694216713,1169009,python,0:36.54,19408,12580,5412,100.0,0.1,1,1,0:36,0,4,7608,0,7081,0,12580,310,2,278,30,0,12.9,0.8,0.0,86.4,0.0,0.0,0.0,0.0,15794.9 MiB,3732.6 MiB,2032.9 MiB,10029.4 MiB,4096.0 MiB,3681.0 MiB,415.0 MiB,13120.6 MiB
8,Python 3.6.15,binarytrees_compatible_all.py 21,32,1694216714,1169009,python,0:37.71,19408,12580,5412,93.8,0.1,1,1,0:37,0,4,7608,0,7081,0,12580,310,2,278,30,0,12.1,1.5,0.0,86.4,0.0,0.0,0.0,0.0,15794.9 MiB,3732.4 MiB,2033.1 MiB,10029.4 MiB,4096.0 MiB,3681.0 MiB,415.0 MiB,13120.3 MiB
8,Python 3.6.15,binarytrees_compatible_all.py 21,33,1694216715,1169009,python,0:38.89,19408,12580,5412,100.0,0.1,1,1,0:38,0,4,7608,0,7081,0,12580,310,2,278,30,0,13.5,0.8,0.0,85.0,0.8,0.0,0.0,0.0,15794.9 MiB,3732.4 MiB,2033.1 MiB,10029.4 MiB,4096.0 MiB,3681.0 MiB,415.0 MiB,13120.3 MiB
8,Python 3.6.15,binarytrees_compatible_all.py 21,34,1694216717,1169009,python,0:40.06,19408,12580,5412,100.0,0.1,1,1,0:40,0,4,7608,0,7081,0,12580,310,2,278,30,0,12.1,1.5,0.0,86.4,0.0,0.0,0.0,0.0,15794.9 MiB,3731.2 MiB,2034.3 MiB,10029.4 MiB,4096.0 MiB,3681.0 MiB,415.0 MiB,13119.2 MiB
8,Python 3.6.15,binarytrees_compatible_all.py 21,35,1694216718,1169009,python,0:41.24,19408,12580,5412,100.0,0.1,1,5,0:41,0,4,7608,0,7081,0,12580,310,2,278,30,0,13.3,2.2,0.0,84.4,0.0,0.0,0.0,0.0,15794.9 MiB,3731.2 MiB,2034.3 MiB,10029.4 MiB,4096.0 MiB,3681.0 MiB,415.0 MiB,13119.2 MiB
8,Python 3.6.15,binarytrees_compatible_all.py 21,36,1694216719,1169009,python,0:42.41,19408,12580,5412,100.0,0.1,1,5,0:42,0,4,7608,0,7081,0,12580,310,2,278,30,0,13.4,1.5,0.0,85.1,0.0,0.0,0.0,0.0,15794.9 MiB,3731.2 MiB,2034.3 MiB,10029.4 MiB,4096.0 MiB,3681.0 MiB,415.0 MiB,13119.2 MiB
8,Python 3.6.15,binarytrees_compatible_all.py 21,37,1694216720,1169009,python,0:43.58,19408,12580,5412,100.0,0.1,1,5,0:43,0,4,7608,0,7081,0,12580,310,2,278,30,0,12.8,1.5,0.0,85.7,0.0,0.0,0.0,0.0,15794.9 MiB,3731.2 MiB,2034.3 MiB,10029.4 MiB,4096.0 MiB,3681.0 MiB,415.0 MiB,13119.2 MiB
8,Python 3.6.15,binarytrees_compatible_all.py 21,38,1694216721,1169009,python,0:44.76,19408,12580,5412,100.0,0.1,1,5,0:44,0,4,7608,0,7081,0,12580,310,2,278,30,0,12.9,1.5,0.0,85.6,0.0,0.0,0.0,0.0,15794.9 MiB,3731.2 MiB,2034.3 MiB,10029.4 MiB,4096.0 MiB,3681.0 MiB,415.0 MiB,13119.2 MiB
8,Python 3.6.15,binarytrees_compatible_all.py 21,39,1694216723,1169009,python,0:45.93,19408,12580,5412,100.0,0.1,1,1,0:45,0,4,7608,0,7081,0,12580,310,2,278,30,0,13.5,0.8,0.0,85.7,0.0,0.0,0.0,0.0,15794.9 MiB,3731.2 MiB,2034.3 MiB,10029.4 MiB,4096.0 MiB,3681.0 MiB,415.0 MiB,13119.2 MiB
8,Python 3.6.15,binarytrees_compatible_all.py 21,40,1694216724,1169009,python,0:47.11,19408,12580,5412,100.0,0.1,1,5,0:47,0,4,7608,0,7081,0,12580,310,2,278,30,0,12.8,1.5,0.0,85.7,0.0,0.0,0.0,0.0,15794.9 MiB,3731.2 MiB,2034.3 MiB,10029.4 MiB,4096.0 MiB,3681.0 MiB,415.0 MiB,13119.2 MiB
8,Python 3.6.15,binarytrees_compatible_all.py 21,41,1694216725,1169009,python,0:48.28,19664,12844,5412,100.0,0.1,1,5,0:48,0,4,7864,0,7119,0,12844,310,2,278,30,0,12.9,0.8,0.0,86.4,0.0,0.0,0.0,0.0,15794.9 MiB,3731.2 MiB,2034.3 MiB,10029.4 MiB,4096.0 MiB,3681.0 MiB,415.0 MiB,13119.2 MiB
8,Python 3.6.15,binarytrees_compatible_all.py 21,42,1694216726,1169009,python,0:49.46,19920,12844,5412,100.0,0.1,1,1,0:49,0,4,8120,0,7168,0,12844,310,2,278,30,0,13.4,0.7,0.0,85.8,0.0,0.0,0.0,0.0,15794.9 MiB,3730.9 MiB,2034.5 MiB,10029.4 MiB,4096.0 MiB,3681.0 MiB,415.0 MiB,13118.9 MiB
8,Python 3.6.15,binarytrees_compatible_all.py 21,43,1694216727,1169009,python,0:50.63,19920,13108,5412,100.0,0.1,1,1,0:50,0,4,8120,0,7217,0,13108,310,2,278,30,0,13.5,0.8,0.0,85.7,0.0,0.0,0.0,0.0,15794.9 MiB,3730.9 MiB,2034.5 MiB,10029.4 MiB,4096.0 MiB,3681.0 MiB,415.0 MiB,13118.9 MiB
8,Python 3.6.15,binarytrees_compatible_all.py 21,44,1694216728,1169009,python,0:51.81,20176,13372,5412,100.0,0.1,1,1,0:51,0,4,8376,0,7266,0,13372,310,2,278,30,0,12.9,1.5,0.0,85.6,0.0,0.0,0.0,0.0,15794.9 MiB,3730.9 MiB,2034.5 MiB,10029.4 MiB,4096.0 MiB,3681.0 MiB,415.0 MiB,13118.9 MiB
8,Python 3.6.15,binarytrees_compatible_all.py 21,45,1694216730,1169009,python,0:52.98,20432,13636,5412,100.0,0.1,1,5,0:52,0,4,8632,0,7315,0,13636,310,2,278,30,0,12.9,0.8,0.0,86.4,0.0,0.0,0.0,0.0,15794.9 MiB,3730.7 MiB,2034.8 MiB,10029.4 MiB,4096.0 MiB,3681.0 MiB,415.0 MiB,13118.7 MiB
8,Python 3.6.15,binarytrees_compatible_all.py 21,46,1694216731,1169009,python,0:54.16,20688,13636,5412,100.0,0.1,1,5,0:54,0,4,8888,0,7364,0,13636,310,2,278,30,0,13.4,1.5,0.0,85.1,0.0,0.0,0.0,0.0,15794.9 MiB,3730.7 MiB,2034.8 MiB,10029.4 MiB,4096.0 MiB,3681.0 MiB,415.0 MiB,13118.7 MiB
8,Python 3.6.15,binarytrees_compatible_all.py 21,47,1694216732,1169009,python,0:55.33,20688,13900,5412,100.0,0.1,1,5,0:55,0,4,8888,0,7414,0,13900,310,2,278,30,0,13.5,0.8,0.0,85.7,0.0,0.0,0.0,0.0,15794.9 MiB,3730.2 MiB,2035.2 MiB,10029.4 MiB,4096.0 MiB,3681.0 MiB,415.0 MiB,13118.2 MiB
8,Python 3.6.15,binarytrees_compatible_all.py 21,48,1694216733,1169009,python,0:56.51,20944,14164,5412,100.0,0.1,1,5,0:56,0,4,9144,0,7463,0,14164,310,2,278,30,0,13.4,0.7,0.0,85.8,0.0,0.0,0.0,0.0,15794.9 MiB,3730.2 MiB,2035.2 MiB,10029.4 MiB,4096.0 MiB,3681.0 MiB,415.0 MiB,13118.2 MiB
8,Python 3.6.15,binarytrees_compatible_all.py 21,49,1694216734,1169009,python,0:57.68,21200,14428,5412,100.0,0.1,1,5,0:57,0,4,9400,0,7512,0,14428,310,2,278,30,0,13.0,0.0,0.0,87.0,0.0,0.0,0.0,0.0,15794.9 MiB,3730.2 MiB,2035.2 MiB,10029.4 MiB,4096.0 MiB,3681.0 MiB,415.0 MiB,13118.2 MiB
8,Python 3.6.15,binarytrees_compatible_all.py 21,50,1694216735,1169009,python,0:58.86,21456,14428,5412,100.0,0.1,1,1,0:58,0,4,9656,0,7561,0,14428,310,2,278,30,0,14.0,2.2,0.0,83.8,0.0,0.0,0.0,0.0,15794.9 MiB,3730.0 MiB,2035.5 MiB,10029.4 MiB,4096.0 MiB,3681.0 MiB,415.0 MiB,13118.0 MiB
8,Python 3.6.15,binarytrees_compatible_all.py 21,51,1694216737,1169009,python,1:00.03,21712,14692,5412,100.0,0.1,1,1,1:00,0,4,9912,0,7610,0,14692,310,2,278,30,0,12.7,1.5,0.0,85.8,0.0,0.0,0.0,0.0,15794.9 MiB,3730.0 MiB,2035.5 MiB,10029.4 MiB,4096.0 MiB,3681.0 MiB,415.0 MiB,13118.0 MiB
8,Python 3.6.15,binarytrees_compatible_all.py 21,52,1694216738,1169009,python,1:01.21,21712,14956,5412,100.0,0.1,1,5,1:01,0,4,9912,0,7659,0,14956,310,2,278,30,0,12.8,1.5,0.0,85.7,0.0,0.0,0.0,0.0,15794.9 MiB,3730.0 MiB,2035.5 MiB,10029.4 MiB,4096.0 MiB,3681.0 MiB,415.0 MiB,13118.0 MiB
8,Python 3.6.15,binarytrees_compatible_all.py 21,53,1694216739,1169009,python,1:02.38,21968,15220,5412,100.0,0.1,1,5,1:02,0,4,10168,0,7708,0,15220,310,2,278,30,0,12.8,0.8,0.0,86.5,0.0,0.0,0.0,0.0,15794.9 MiB,3730.0 MiB,2035.5 MiB,10029.4 MiB,4096.0 MiB,3681.0 MiB,415.0 MiB,13118.0 MiB
8,Python 3.6.15,binarytrees_compatible_all.py 21,54,1694216740,1169009,python,1:03.56,22224,15220,5412,100.0,0.1,1,5,1:03,0,4,10424,0,7758,0,15220,310,2,278,30,0,13.5,0.8,0.0,85.7,0.0,0.0,0.0,0.0,15794.9 MiB,3730.0 MiB,2035.5 MiB,10029.4 MiB,4096.0 MiB,3681.0 MiB,415.0 MiB,13118.0 MiB
8,Python 3.6.15,binarytrees_compatible_all.py 21,55,1694216741,1169009,python,1:04.73,22480,15484,5412,100.0,0.1,1,5,1:04,0,4,10680,0,7807,0,15484,310,2,278,30,0,12.8,0.8,0.0,86.5,0.0,0.0,0.0,0.0,15794.9 MiB,3730.0 MiB,2035.5 MiB,10029.4 MiB,4096.0 MiB,3681.0 MiB,415.0 MiB,13118.0 MiB
8,Python 3.6.15,binarytrees_compatible_all.py 21,56,1694216742,1169009,python,1:05.91,22480,15748,5412,100.0,0.1,1,5,1:05,0,4,10680,0,7856,0,15748,310,2,278,30,0,12.2,1.5,0.0,86.3,0.0,0.0,0.0,0.0,15794.9 MiB,3730.0 MiB,2035.5 MiB,10029.4 MiB,4096.0 MiB,3681.0 MiB,415.0 MiB,13118.0 MiB
8,Python 3.6.15,binarytrees_compatible_all.py 21,57,1694216744,1169009,python,1:07.08,22736,15748,5412,100.0,0.1,1,5,1:07,0,4,10936,0,7905,0,15748,310,2,278,30,0,13.5,0.8,0.0,85.7,0.0,0.0,0.0,0.0,15794.9 MiB,3730.0 MiB,2035.5 MiB,10029.4 MiB,4096.0 MiB,3681.0 MiB,415.0 MiB,13118.0 MiB
8,Python 3.6.15,binarytrees_compatible_all.py 21,58,1694216745,1169009,python,1:08.27,22992,16012,5412,100.0,0.1,1,5,1:08,0,4,11192,0,7954,0,16012,310,2,278,30,0,13.5,1.4,0.0,85.1,0.0,0.0,0.0,0.0,15794.9 MiB,3730.0 MiB,2035.5 MiB,10029.4 MiB,4096.0 MiB,3681.0 MiB,415.0 MiB,13118.0 MiB
8,Python 3.6.15,binarytrees_compatible_all.py 21,59,1694216746,1169009,python,1:09.44,23248,16276,5412,100.0,0.1,1,5,1:09,0,4,11448,0,8004,0,16276,310,2,278,30,0,12.9,0.8,0.0,86.4,0.0,0.0,0.0,0.0,15794.9 MiB,3730.0 MiB,2035.5 MiB,10029.4 MiB,4096.0 MiB,3681.0 MiB,415.0 MiB,13118.0 MiB
8,Python 3.6.15,binarytrees_compatible_all.py 21,60,1694216747,1169009,python,1:10.62,23248,16540,5412,100.0,0.1,1,5,1:10,0,4,11448,0,8053,0,16540,310,2,278,30,0,14.3,0.8,0.0,84.2,0.8,0.0,0.0,0.0,15794.9 MiB,3730.0 MiB,2034.7 MiB,10030.2 MiB,4096.0 MiB,3681.0 MiB,415.0 MiB,13118.8 MiB
8,Python 3.6.15,binarytrees_compatible_all.py 21,61,1694216748,1169009,python,1:11.79,23504,16540,5412,100.0,0.1,1,1,1:11,0,4,11704,0,8101,0,16540,310,2,278,30,0,13.4,0.7,0.0,85.8,0.0,0.0,0.0,0.0,15794.9 MiB,3729.2 MiB,2035.3 MiB,10030.3 MiB,4096.0 MiB,3681.0 MiB,415.0 MiB,13118.2 MiB
8,Python 3.6.15,binarytrees_compatible_all.py 21,62,1694216750,1169009,python,1:12.97,19664,12988,5412,100.0,0.1,1,1,1:12,0,4,7864,0,8121,0,12988,310,2,278,30,0,13.3,1.5,0.0,85.2,0.0,0.0,0.0,0.0,15794.9 MiB,3731.9 MiB,2032.6 MiB,10030.3 MiB,4096.0 MiB,3681.0 MiB,415.0 MiB,13120.9 MiB
8,Python 3.6.15,binarytrees_compatible_all.py 21,63,1694216751,1169009,python,1:14.15,19920,13036,5412,100.0,0.1,1,1,1:14,0,4,8120,0,8126,0,13036,310,2,278,30,0,13.6,0.0,0.0,86.4,0.0,0.0,0.0,0.0,15794.9 MiB,3731.7 MiB,2032.8 MiB,10030.3 MiB,4096.0 MiB,3681.0 MiB,415.0 MiB,13120.6 MiB
8,Python 3.6.15,binarytrees_compatible_all.py 21,64,1694216752,1169009,python,1:15.32,19920,13036,5412,100.0,0.1,1,1,1:15,0,4,8120,0,8138,0,13036,310,2,278,30,0,12.9,0.8,0.0,86.4,0.0,0.0,0.0,0.0,15794.9 MiB,3732.4 MiB,2032.1 MiB,10030.3 MiB,4096.0 MiB,3681.0 MiB,415.0 MiB,13121.4 MiB
8,Python 3.6.15,binarytrees_compatible_all.py 21,65,1694216753,1169009,python,1:16.49,19920,13036,5412,93.8,0.1,1,1,1:16,0,4,8120,0,8150,0,13036,310,2,278,30,0,13.3,2.2,0.0,84.4,0.0,0.0,0.0,0.0,15794.9 MiB,3732.4 MiB,2032.1 MiB,10030.3 MiB,4096.0 MiB,3681.0 MiB,415.0 MiB,13121.4 MiB
8,Python 3.6.15,binarytrees_compatible_all.py 21,66,1694216754,1169009,python,1:17.67,19920,13036,5412,100.0,0.1,1,5,1:17,0,4,8120,0,8162,0,13036,309,2,277,30,0,12.8,1.5,0.0,85.7,0.0,0.0,0.0,0.0,15794.9 MiB,3732.2 MiB,2032.3 MiB,10030.4 MiB,4096.0 MiB,3681.0 MiB,415.0 MiB,13121.1 MiB
8,Python 3.6.15,binarytrees_compatible_all.py 21,67,1694216755,1169009,python,1:18.84,19920,13036,5412,100.0,0.1,1,5,1:18,0,4,8120,0,8174,0,13036,309,2,277,30,0,12.9,0.8,0.0,86.4,0.0,0.0,0.0,0.0,15794.9 MiB,3732.0 MiB,2032.6 MiB,10030.4 MiB,4096.0 MiB,3681.0 MiB,415.0 MiB,13120.9 MiB
8,Python 3.6.15,binarytrees_compatible_all.py 21,68,1694216757,1169009,python,1:20.02,19920,13036,5412,100.0,0.1,1,5,1:20,0,4,8120,0,8186,0,13036,309,2,277,30,0,12.9,0.0,0.0,87.1,0.0,0.0,0.0,0.0,15794.9 MiB,3731.2 MiB,2033.3 MiB,10030.4 MiB,4096.0 MiB,3681.0 MiB,415.0 MiB,13120.2 MiB
8,Python 3.6.15,binarytrees_compatible_all.py 21,69,1694216758,1169009,python,1:21.19,20176,13292,5412,100.0,0.1,1,5,1:21,0,4,8376,0,8200,0,13292,309,2,277,30,0,12.8,1.5,0.0,85.0,0.8,0.0,0.0,0.0,15794.9 MiB,3732.2 MiB,2032.3 MiB,10030.4 MiB,4096.0 MiB,3681.0 MiB,415.0 MiB,13121.2 MiB
8,Python 3.6.15,binarytrees_compatible_all.py 21,70,1694216759,1169009,python,1:22.37,20176,13292,5412,100.0,0.1,1,5,1:22,0,4,8376,0,8212,0,13292,309,2,277,30,0,13.4,0.7,0.0,85.8,0.0,0.0,0.0,0.0,15794.9 MiB,3732.2 MiB,2032.3 MiB,10030.4 MiB,4096.0 MiB,3681.0 MiB,415.0 MiB,13121.2 MiB
8,Python 3.6.15,binarytrees_compatible_all.py 21,71,1694216760,1169009,python,1:23.54,20176,13292,5412,100.0,0.1,1,5,1:23,0,4,8376,0,8224,0,13292,309,2,277,30,0,12.8,1.5,0.0,85.7,0.0,0.0,0.0,0.0,15794.9 MiB,3732.2 MiB,2032.4 MiB,10030.2 MiB,4096.0 MiB,3681.0 MiB,415.0 MiB,13121.2 MiB
8,Python 3.6.15,binarytrees_compatible_all.py 21,72,1694216761,1169009,python,1:24.72,20176,13292,5412,100.0,0.1,1,5,1:24,0,4,8376,0,8236,0,13292,309,2,277,30,0,12.2,0.8,0.0,87.0,0.0,0.0,0.0,0.0,15794.9 MiB,3732.2 MiB,2032.5 MiB,10030.2 MiB,4096.0 MiB,3681.0 MiB,415.0 MiB,13121.2 MiB
8,Python 3.6.15,binarytrees_compatible_all.py 21,73,1694216762,1169009,python,1:25.89,20176,13292,5412,100.0,0.1,1,5,1:25,0,4,8376,0,8248,0,13292,309,2,277,30,0,12.9,0.8,0.0,86.4,0.0,0.0,0.0,0.0,15794.9 MiB,3732.0 MiB,2032.7 MiB,10030.2 MiB,4096.0 MiB,3681.0 MiB,415.0 MiB,13120.9 MiB
8,Python 3.6.15,binarytrees_compatible_all.py 21,74,1694216764,1169009,python,1:27.06,20432,13548,5412,93.8,0.1,1,5,1:27,0,4,8632,0,8261,0,13548,309,2,277,30,0,12.9,0.8,0.0,86.4,0.0,0.0,0.0,0.0,15794.9 MiB,3731.5 MiB,2033.2 MiB,10030.2 MiB,4096.0 MiB,3681.0 MiB,415.0 MiB,13120.4 MiB
8,Python 3.6.15,binarytrees_compatible_all.py 21,75,1694216765,1169009,python,1:28.24,20432,13548,5412,100.0,0.1,1,5,1:28,0,4,8632,0,8273,0,13548,309,2,277,30,0,12.8,1.5,0.0,85.7,0.0,0.0,0.0,0.0,15794.9 MiB,3731.5 MiB,2033.2 MiB,10030.2 MiB,4096.0 MiB,3681.0 MiB,415.0 MiB,13120.4 MiB
8,Python 3.6.15,binarytrees_compatible_all.py 21,76,1694216766,1169009,python,1:29.42,20432,13548,5412,100.0,0.1,1,5,1:29,0,4,8632,0,8285,0,13548,309,2,277,30,0,13.5,0.8,0.0,85.7,0.0,0.0,0.0,0.0,15794.9 MiB,3731.5 MiB,2033.2 MiB,10030.2 MiB,4096.0 MiB,3681.0 MiB,415.0 MiB,13120.4 MiB
8,Python 3.6.15,binarytrees_compatible_all.py 21,77,1694216767,1169009,python,1:30.59,20432,13548,5412,100.0,0.1,1,1,1:30,0,4,8632,0,8298,0,13548,309,2,277,30,0,12.8,1.5,0.0,85.7,0.0,0.0,0.0,0.0,15794.9 MiB,3731.5 MiB,2033.2 MiB,10030.2 MiB,4096.0 MiB,3681.0 MiB,415.0 MiB,13120.4 MiB
8,Python 3.6.15,binarytrees_compatible_all.py 21,78,1694216768,1169009,python,1:31.76,20432,13548,5412,93.8,0.1,1,1,1:31,0,4,8632,0,8310,0,13548,309,2,277,30,0,12.2,0.8,0.0,87.0,0.0,0.0,0.0,0.0,15794.9 MiB,3732.0 MiB,2032.7 MiB,10030.2 MiB,4096.0 MiB,3681.0 MiB,415.0 MiB,13120.9 MiB
8,Python 3.6.15,binarytrees_compatible_all.py 21,79,1694216770,1169009,python,1:32.94,20688,13804,5412,100.0,0.1,1,1,1:32,0,4,8888,0,8323,0,13804,309,2,277,30,0,13.5,0.8,0.0,85.0,0.8,0.0,0.0,0.0,15794.9 MiB,3731.7 MiB,2033.0 MiB,10030.2 MiB,4096.0 MiB,3681.0 MiB,415.0 MiB,13120.7 MiB
8,Python 3.6.15,binarytrees_compatible_all.py 21,80,1694216771,1169009,python,1:34.12,20688,13804,5412,100.0,0.1,1,5,1:34,0,4,8888,0,8335,0,13804,309,2,277,30,0,13.4,0.7,0.0,85.8,0.0,0.0,0.0,0.0,15794.9 MiB,3731.7 MiB,2033.0 MiB,10030.2 MiB,4096.0 MiB,3681.0 MiB,415.0 MiB,13120.7 MiB
8,Python 3.6.15,binarytrees_compatible_all.py 21,81,1694216772,1169009,python,1:35.29,20688,13804,5412,100.0,0.1,1,5,1:35,0,4,8888,0,8347,0,13804,309,2,277,30,0,12.9,1.5,0.0,85.6,0.0,0.0,0.0,0.0,15794.9 MiB,3731.5 MiB,2033.2 MiB,10030.2 MiB,4096.0 MiB,3681.0 MiB,415.0 MiB,13120.4 MiB
8,Python 3.6.15,binarytrees_compatible_all.py 21,82,1694216773,1169009,python,1:36.46,20688,13804,5412,93.8,0.1,1,5,1:36,0,4,8888,0,8359,0,13804,309,2,277,30,0,12.1,1.5,0.0,86.4,0.0,0.0,0.0,0.0,15794.9 MiB,3731.5 MiB,2033.2 MiB,10030.2 MiB,4096.0 MiB,3681.0 MiB,415.0 MiB,13120.4 MiB
8,Python 3.6.15,binarytrees_compatible_all.py 21,83,1694216774,1169009,python,1:37.64,20944,14060,5412,100.0,0.1,1,5,1:37,0,4,9144,0,8942,0,14060,309,2,277,30,0,13.5,0.8,0.0,85.7,0.0,0.0,0.0,0.0,15794.9 MiB,3731.0 MiB,2033.7 MiB,10030.2 MiB,4096.0 MiB,3681.0 MiB,415.0 MiB,13119.9 MiB
8,Python 3.6.15,binarytrees_compatible_all.py 21,84,1694216775,1169009,python,1:38.81,20944,14060,5412,93.8,0.1,1,5,1:38,0,4,9144,0,8942,0,14060,309,2,277,30,0,12.9,0.8,0.0,86.4,0.0,0.0,0.0,0.0,15794.9 MiB,3731.0 MiB,2033.7 MiB,10030.2 MiB,4096.0 MiB,3681.0 MiB,415.0 MiB,13120.0 MiB
8,Python 3.6.15,binarytrees_compatible_all.py 21,85,1694216777,1169009,python,1:39.99,20944,14060,5412,100.0,0.1,1,5,1:39,0,4,9144,0,8942,0,14060,309,2,277,30,0,12.7,1.5,0.0,85.8,0.0,0.0,0.0,0.0,15794.9 MiB,3730.2 MiB,2034.4 MiB,10030.2 MiB,4096.0 MiB,3681.0 MiB,415.0 MiB,13119.2 MiB
8,Python 3.6.15,binarytrees_compatible_all.py 21,86,1694216778,1169009,python,1:41.16,20944,14060,5412,100.0,0.1,1,1,1:41,0,4,9144,0,8942,0,14060,309,2,277,30,0,12.8,0.8,0.0,86.5,0.0,0.0,0.0,0.0,15794.9 MiB,3730.5 MiB,2034.2 MiB,10030.2 MiB,4096.0 MiB,3681.0 MiB,415.0 MiB,13119.5 MiB
8,Python 3.6.15,binarytrees_compatible_all.py 21,87,1694216779,1169009,python,1:42.35,20944,14060,5412,100.0,0.1,1,1,1:42,0,4,9144,0,8942,0,14060,309,2,277,30,0,14.2,0.7,0.0,85.1,0.0,0.0,0.0,0.0,15794.9 MiB,3729.7 MiB,2034.9 MiB,10030.2 MiB,4096.0 MiB,3681.0 MiB,415.0 MiB,13118.7 MiB
8,Python 3.6.15,binarytrees_compatible_all.py 21,88,1694216780,1169009,python,1:43.52,20944,14060,5412,93.8,0.1,1,1,1:43,0,4,9144,0,8942,0,14060,309,2,277,30,0,12.9,0.8,0.0,86.4,0.0,0.0,0.0,0.0,15794.9 MiB,3729.7 MiB,2034.9 MiB,10030.2 MiB,4096.0 MiB,3681.0 MiB,415.0 MiB,13118.7 MiB
8,Python 3.6.15,binarytrees_compatible_all.py 21,89,1694216781,1169009,python,1:44.70,20944,14060,5412,100.0,0.1,1,1,1:44,0,4,9144,0,8942,0,14060,309,2,277,30,0,12.8,0.8,0.0,86.5,0.0,0.0,0.0,0.0,15794.9 MiB,3729.7 MiB,2034.9 MiB,10030.2 MiB,4096.0 MiB,3681.0 MiB,415.0 MiB,13118.7 MiB
8,Python 3.6.15,binarytrees_compatible_all.py 21,90,1694216782,1169009,python,1:45.87,20944,14060,5412,100.0,0.1,1,1,1:45,0,4,9144,0,8942,0,14060,309,2,277,30,0,13.4,1.5,0.0,85.1,0.0,0.0,0.0,0.0,15794.9 MiB,3730.0 MiB,2034.7 MiB,10030.2 MiB,4096.0 MiB,3681.0 MiB,415.0 MiB,13119.0 MiB
8,Python 3.6.15,binarytrees_compatible_all.py 21,91,1694216784,1169009,python,1:47.05,20944,14060,5412,100.0,0.1,1,1,1:47,0,4,9144,0,8942,0,14060,309,2,277,30,0,13.4,0.7,0.0,85.8,0.0,0.0,0.0,0.0,15794.9 MiB,3730.2 MiB,2034.4 MiB,10030.2 MiB,4096.0 MiB,3681.0 MiB,415.0 MiB,13119.2 MiB
8,Python 3.6.15,binarytrees_compatible_all.py 21,92,1694216785,1169009,python,1:48.23,20944,14060,5412,100.0,0.1,1,1,1:48,0,4,9144,0,8942,0,14060,309,2,277,30,0,13.5,0.0,0.0,86.5,0.0,0.0,0.0,0.0,15794.9 MiB,3730.2 MiB,2034.4 MiB,10030.2 MiB,4096.0 MiB,3681.0 MiB,415.0 MiB,13119.2 MiB
8,Python 3.6.15,binarytrees_compatible_all.py 21,93,1694216786,1169009,python,1:49.40,20944,14060,5412,100.0,0.1,1,1,1:49,0,4,9144,0,8942,0,14060,309,2,277,30,0,12.8,1.5,0.0,85.7,0.0,0.0,0.0,0.0,15794.9 MiB,3730.0 MiB,2034.6 MiB,10030.2 MiB,4096.0 MiB,3681.0 MiB,415.0 MiB,13119.0 MiB
8,Python 3.6.15,binarytrees_compatible_all.py 21,94,1694216787,1169009,python,1:50.57,20944,14060,5412,93.8,0.1,1,1,1:50,0,4,9144,0,8942,0,14060,309,2,277,30,0,12.9,0.8,0.0,86.4,0.0,0.0,0.0,0.0,15794.9 MiB,3730.0 MiB,2034.6 MiB,10030.2 MiB,4096.0 MiB,3681.0 MiB,415.0 MiB,13119.0 MiB
8,Python 3.6.15,binarytrees_compatible_all.py 21,95,1694216788,1169009,python,1:51.75,20944,14060,5412,100.0,0.1,1,1,1:51,0,4,9144,0,8942,0,14060,309,2,277,30,0,12.9,0.8,0.0,86.4,0.0,0.0,0.0,0.0,15794.9 MiB,3730.0 MiB,2034.6 MiB,10030.2 MiB,4096.0 MiB,3681.0 MiB,415.0 MiB,13119.0 MiB
8,Python 3.6.15,binarytrees_compatible_all.py 21,96,1694216790,1169009,python,1:52.92,20944,14060,5412,93.8,0.1,1,1,1:52,0,4,9144,0,8942,0,14060,309,2,277,30,0,12.2,0.8,0.0,87.0,0.0,0.0,0.0,0.0,15794.9 MiB,3730.0 MiB,2034.6 MiB,10030.2 MiB,4096.0 MiB,3681.0 MiB,415.0 MiB,13119.0 MiB
8,Python 3.6.15,binarytrees_compatible_all.py 21,97,1694216791,1169009,python,1:54.10,20944,14060,5412,100.0,0.1,1,1,1:54,0,4,9144,0,8942,0,14060,309,2,277,30,0,12.9,0.8,0.0,86.4,0.0,0.0,0.0,0.0,15794.9 MiB,3730.0 MiB,2034.6 MiB,10030.2 MiB,4096.0 MiB,3681.0 MiB,415.0 MiB,13119.0 MiB
8,Python 3.6.15,binarytrees_compatible_all.py 21,98,1694216792,1169009,python,1:55.27,21200,14316,5412,100.0,0.1,1,1,1:55,0,4,9400,0,9014,0,14316,309,2,277,30,0,13.5,0.8,0.0,85.7,0.0,0.0,0.0,0.0,15794.9 MiB,3730.0 MiB,2034.6 MiB,10030.2 MiB,4096.0 MiB,3681.0 MiB,415.0 MiB,13119.0 MiB
8,Python 3.6.15,binarytrees_compatible_all.py 21,99,1694216793,1169009,python,1:56.45,21200,14316,5412,100.0,0.1,1,5,1:56,0,4,9400,0,9017,0,14316,309,2,277,30,0,13.0,0.0,0.0,87.0,0.0,0.0,0.0,0.0,15794.9 MiB,3730.0 MiB,2034.6 MiB,10030.2 MiB,4096.0 MiB,3681.0 MiB,415.0 MiB,13119.0 MiB
8,Python 3.6.15,binarytrees_compatible_all.py 21,100,1694216794,1169009,python,1:57.62,21200,14316,5412,93.8,0.1,1,5,1:57,0,4,9400,0,9020,0,14316,309,2,277,30,0,12.9,1.5,0.0,85.6,0.0,0.0,0.0,0.0,15794.9 MiB,3730.0 MiB,2034.6 MiB,10030.2 MiB,4096.0 MiB,3681.0 MiB,415.0 MiB,13119.0 MiB
8,Python 3.6.15,binarytrees_compatible_all.py 21,101,1694216795,1169009,python,1:58.80,21200,14316,5412,100.0,0.1,1,5,1:58,0,4,9400,0,9023,0,14316,309,2,277,30,0,13.4,1.5,0.0,85.1,0.0,0.0,0.0,0.0,15794.9 MiB,3730.0 MiB,2034.6 MiB,10030.2 MiB,4096.0 MiB,3681.0 MiB,415.0 MiB,13119.0 MiB
8,Python 3.6.15,binarytrees_compatible_all.py 21,102,1694216797,1169009,python,1:59.97,21200,14316,5412,100.0,0.1,1,5,1:59,0,4,9400,0,9026,0,14316,309,2,277,30,0,12.8,1.5,0.0,85.7,0.0,0.0,0.0,0.0,15794.9 MiB,3729.7 MiB,2034.9 MiB,10030.2 MiB,4096.0 MiB,3681.0 MiB,415.0 MiB,13118.8 MiB
8,Python 3.6.15,binarytrees_compatible_all.py 21,103,1694216798,1169009,python,2:01.15,21200,14316,5412,100.0,0.1,1,5,2:01,0,4,9400,0,9029,0,14316,309,2,277,30,0,12.9,0.8,0.0,86.4,0.0,0.0,0.0,0.0,15794.9 MiB,3729.5 MiB,2035.1 MiB,10030.2 MiB,4096.0 MiB,3681.0 MiB,415.0 MiB,13118.5 MiB
8,Python 3.6.15,binarytrees_compatible_all.py 21,104,1694216799,1169009,python,2:02.32,21200,14316,5412,93.8,0.1,1,5,2:02,0,4,9400,0,9032,0,14316,309,2,277,30,0,12.8,1.5,0.0,85.7,0.0,0.0,0.0,0.0,15794.9 MiB,3729.3 MiB,2035.4 MiB,10030.2 MiB,4096.0 MiB,3681.0 MiB,415.0 MiB,13118.3 MiB
8,Python 3.6.15,binarytrees_compatible_all.py 21,105,1694216800,1169009,python,2:03.50,25552,18668,5412,100.0,0.1,1,5,2:03,0,4,13752,0,16k,0,18668,309,2,277,30,0,13.5,0.8,0.0,85.7,0.0,0.0,0.0,0.0,15794.9 MiB,3726.1 MiB,2038.6 MiB,10030.3 MiB,4096.0 MiB,3681.0 MiB,415.0 MiB,13115.1 MiB
8,Python 3.6.15,binarytrees_compatible_all.py 21,106,1694216801,1169009,python,2:04.67,25552,18668,5412,100.0,0.1,1,5,2:04,0,4,13752,0,16k,0,18668,309,2,277,30,0,13.6,0.8,0.0,85.6,0.0,0.0,0.0,0.0,15794.9 MiB,3725.8 MiB,2038.8 MiB,10030.3 MiB,4096.0 MiB,3681.0 MiB,415.0 MiB,13114.8 MiB
8,Python 3.6.15,binarytrees_compatible_all.py 21,107,1694216802,1169009,python,2:05.85,25552,18668,5412,100.0,0.1,1,5,2:05,0,4,13752,0,16k,0,18668,309,2,277,30,0,12.7,1.5,0.0,85.8,0.0,0.0,0.0,0.0,15794.9 MiB,3725.8 MiB,2038.8 MiB,10030.3 MiB,4096.0 MiB,3681.0 MiB,415.0 MiB,13114.8 MiB
8,Python 3.6.15,binarytrees_compatible_all.py 21,108,1694216804,1169009,python,2:07.02,25552,18668,5412,93.8,0.1,1,5,2:07,0,4,13752,0,16k,0,18668,309,2,277,30,0,12.1,0.8,0.0,87.1,0.0,0.0,0.0,0.0,15794.9 MiB,3725.8 MiB,2038.8 MiB,10030.3 MiB,4096.0 MiB,3681.0 MiB,415.0 MiB,13114.8 MiB
8,Python 3.6.15,binarytrees_compatible_all.py 21,109,1694216805,1169009,python,2:08.20,25552,18668,5412,100.0,0.1,1,5,2:08,0,4,13752,0,16k,0,18668,309,2,277,30,0,13.5,0.8,0.0,85.7,0.0,0.0,0.0,0.0,15794.9 MiB,3726.1 MiB,2038.6 MiB,10030.3 MiB,4096.0 MiB,3681.0 MiB,415.0 MiB,13115.1 MiB
8,Python 3.6.15,binarytrees_compatible_all.py 21,110,1694216806,1169009,python,2:09.37,25552,18668,5412,100.0,0.1,1,1,2:09,0,4,13752,0,16k,0,18668,309,2,277,30,0,13.6,0.0,0.0,86.4,0.0,0.0,0.0,0.0,15794.9 MiB,3726.1 MiB,2038.6 MiB,10030.3 MiB,4096.0 MiB,3681.0 MiB,415.0 MiB,13115.1 MiB
8,Python 3.6.15,binarytrees_compatible_all.py 21,111,1694216807,1169009,python,2:10.55,25552,18668,5412,100.0,0.1,1,1,2:10,0,4,13752,0,16k,0,18668,309,2,277,30,0,13.4,1.5,0.0,85.1,0.0,0.0,0.0,0.0,15794.9 MiB,3725.6 MiB,2039.0 MiB,10030.3 MiB,4096.0 MiB,3681.0 MiB,415.0 MiB,13114.6 MiB
8,Python 3.6.15,binarytrees_compatible_all.py 21,112,1694216808,1169009,python,2:11.72,25552,18668,5412,93.8,0.1,1,1,2:11,0,4,13752,0,16k,0,18668,309,2,277,30,0,12.8,1.5,0.0,85.7,0.0,0.0,0.0,0.0,15794.9 MiB,3725.1 MiB,2039.5 MiB,10030.3 MiB,4096.0 MiB,3681.0 MiB,415.0 MiB,13114.1 MiB
8,Python 3.6.15,binarytrees_compatible_all.py 21,113,1694216809,1169009,python,2:12.90,25552,18668,5412,100.0,0.1,1,1,2:12,0,4,13752,0,16k,0,18668,309,2,277,30,0,12.1,1.5,0.0,86.4,0.0,0.0,0.0,0.0,15794.9 MiB,3725.1 MiB,2039.5 MiB,10030.3 MiB,4096.0 MiB,3681.0 MiB,415.0 MiB,13114.1 MiB
8,Python 3.6.15,binarytrees_compatible_all.py 21,114,1694216811,1169009,python,2:14.07,25552,18668,5412,100.0,0.1,1,5,2:14,0,4,13752,0,16k,0,18668,309,2,277,30,0,13.5,0.8,0.0,85.0,0.8,0.0,0.0,0.0,15794.9 MiB,3725.3 MiB,2039.3 MiB,10030.3 MiB,4096.0 MiB,3681.0 MiB,415.0 MiB,13114.4 MiB
8,Python 3.6.15,binarytrees_compatible_all.py 21,115,1694216812,1169009,python,2:15.25,25552,18668,5412,100.0,0.1,1,5,2:15,0,4,13752,0,16k,0,18668,309,2,277,30,0,13.5,0.8,0.0,85.7,0.0,0.0,0.0,0.0,15794.9 MiB,3725.1 MiB,2039.5 MiB,10030.3 MiB,4096.0 MiB,3681.0 MiB,415.0 MiB,13114.1 MiB
8,Python 3.6.15,binarytrees_compatible_all.py 21,116,1694216813,1169009,python,2:16.42,25552,18668,5412,100.0,0.1,1,5,2:16,0,4,13752,0,16k,0,18668,309,2,277,30,0,12.8,1.5,0.0,85.7,0.0,0.0,0.0,0.0,15794.9 MiB,3725.1 MiB,2039.5 MiB,10030.3 MiB,4096.0 MiB,3681.0 MiB,415.0 MiB,13114.1 MiB
8,Python 3.6.15,binarytrees_compatible_all.py 21,117,1694216814,1169009,python,2:17.60,25552,18668,5412,100.0,0.1,1,5,2:17,0,4,13752,0,16k,0,18668,309,2,277,30,0,13.5,0.8,0.0,85.7,0.0,0.0,0.0,0.0,15794.9 MiB,3725.3 MiB,2039.3 MiB,10030.3 MiB,4096.0 MiB,3681.0 MiB,415.0 MiB,13114.4 MiB
8,Python 3.6.15,binarytrees_compatible_all.py 21,118,1694216815,1169009,python,2:18.77,25552,18668,5412,100.0,0.1,1,5,2:18,0,4,13752,0,16k,0,18668,309,2,277,30,0,12.8,1.5,0.0,85.7,0.0,0.0,0.0,0.0,15794.9 MiB,3725.3 MiB,2039.3 MiB,10030.3 MiB,4096.0 MiB,3681.0 MiB,415.0 MiB,13114.4 MiB
8,Python 3.6.15,binarytrees_compatible_all.py 21,119,1694216817,1169009,python,2:19.95,25552,18668,5412,100.0,0.1,1,5,2:19,0,4,13752,0,16k,0,18668,309,2,277,30,0,14.1,1.5,0.0,83.7,0.7,0.0,0.0,0.0,15794.9 MiB,3725.8 MiB,2038.8 MiB,10030.3 MiB,4096.0 MiB,3681.0 MiB,415.0 MiB,13114.9 MiB
8,Python 3.6.15,binarytrees_compatible_all.py 21,120,1694216818,1169009,python,2:21.12,25552,18668,5412,100.0,0.1,1,5,2:21,0,4,13752,0,16k,0,18668,309,2,277,30,0,12.8,1.5,0.0,85.7,0.0,0.0,0.0,0.0,15794.9 MiB,3725.6 MiB,2039.0 MiB,10030.3 MiB,4096.0 MiB,3681.0 MiB,415.0 MiB,13114.6 MiB
8,Python 3.6.15,binarytrees_compatible_all.py 21,121,1694216819,1169009,python,2:22.30,25552,18668,5412,100.0,0.1,1,5,2:22,0,4,13752,0,16k,0,18668,309,2,277,30,0,12.2,0.8,0.0,87.0,0.0,0.0,0.0,0.0,15794.9 MiB,3725.8 MiB,2038.8 MiB,10030.3 MiB,4096.0 MiB,3681.0 MiB,415.0 MiB,13114.9 MiB
8,Python 3.6.15,binarytrees_compatible_all.py 21,122,1694216820,1169009,python,2:23.47,25552,18668,5412,93.8,0.1,1,5,2:23,0,4,13752,0,16k,0,18668,309,2,277,30,0,12.9,0.8,0.0,86.4,0.0,0.0,0.0,0.0,15794.9 MiB,3725.3 MiB,2039.3 MiB,10030.3 MiB,4096.0 MiB,3681.0 MiB,415.0 MiB,13114.4 MiB
8,Python 3.6.15,binarytrees_compatible_all.py 21,123,1694216821,1169009,python,2:24.65,25552,18668,5412,100.0,0.1,1,5,2:24,0,4,13752,0,16k,0,18668,309,2,277,30,0,13.5,0.8,0.0,85.7,0.0,0.0,0.0,0.0,15794.9 MiB,3725.1 MiB,2039.5 MiB,10030.3 MiB,4096.0 MiB,3681.0 MiB,415.0 MiB,13114.1 MiB
8,Python 3.6.15,binarytrees_compatible_all.py 21,124,1694216822,1169009,python,2:25.82,25552,18668,5412,100.0,0.1,1,5,2:25,0,4,13752,0,16k,0,18668,309,2,277,30,0,13.4,0.7,0.0,85.8,0.0,0.0,0.0,0.0,15794.9 MiB,3725.1 MiB,2039.5 MiB,10030.3 MiB,4096.0 MiB,3681.0 MiB,415.0 MiB,13114.1 MiB
8,Python 3.6.15,binarytrees_compatible_all.py 21,125,1694216824,1169009,python,2:27.00,25552,18668,5412,100.0,0.1,1,5,2:27,0,4,13752,0,16k,0,18668,309,2,277,30,0,13.5,0.8,0.0,85.0,0.0,0.0,0.8,0.0,15794.9 MiB,3725.1 MiB,2039.5 MiB,10030.3 MiB,4096.0 MiB,3681.0 MiB,415.0 MiB,13114.1 MiB
8,Python 3.6.15,binarytrees_compatible_all.py 21,126,1694216825,1169009,python,2:28.18,25552,18668,5412,100.0,0.1,1,5,2:28,0,4,13752,0,16k,0,18668,309,2,277,30,0,12.9,0.8,0.0,86.4,0.0,0.0,0.0,0.0,15794.9 MiB,3725.1 MiB,2039.5 MiB,10030.3 MiB,4096.0 MiB,3681.0 MiB,415.0 MiB,13114.1 MiB
8,Python 3.6.15,binarytrees_compatible_all.py 21,127,1694216826,1169009,python,2:29.35,35792,29000,5412,100.0,0.2,1,1,2:29,0,4,23992,0,63k,0,29000,309,2,277,30,0,12.1,1.5,0.0,86.4,0.0,0.0,0.0,0.0,15794.9 MiB,3714.5 MiB,2050.1 MiB,10030.3 MiB,4096.0 MiB,3681.0 MiB,415.0 MiB,13103.6 MiB
8,Python 3.6.15,binarytrees_compatible_all.py 21,128,1694216827,1169009,python,2:30.52,38608,31816,5412,100.0,0.2,1,1,2:30,0,4,26808,0,107k,0,31816,309,2,277,30,0,14.2,0.7,0.0,85.1,0.0,0.0,0.0,0.0,15794.9 MiB,3716.2 MiB,2048.4 MiB,10030.3 MiB,4096.0 MiB,3681.0 MiB,415.0 MiB,13105.3 MiB
8,Python 3.6.15,binarytrees_compatible_all.py 21,129,1694216828,1169009,python,2:31.70,41168,34420,5412,100.0,0.2,1,1,2:31,0,4,29368,0,135k,0,34420,309,2,277,30,0,13.4,0.7,0.0,85.8,0.0,0.0,0.0,0.0,15794.9 MiB,3715.7 MiB,2048.8 MiB,10030.3 MiB,4096.0 MiB,3681.0 MiB,415.0 MiB,13104.8 MiB
8,Python 3.6.15,binarytrees_compatible_all.py 21,130,1694216829,1169009,python,2:32.88,44240,37448,5412,100.0,0.2,1,1,2:32,0,4,32440,0,149k,0,37448,309,2,277,30,0,12.8,1.5,0.0,85.7,0.0,0.0,0.0,0.0,15794.9 MiB,3715.5 MiB,2049.1 MiB,10030.3 MiB,4096.0 MiB,3681.0 MiB,415.0 MiB,13104.6 MiB
8,Python 3.6.15,binarytrees_compatible_all.py 21,131,1694216831,1169009,python,2:34.04,44496,37612,5412,93.8,0.2,1,1,2:34,0,4,32696,0,151k,0,37612,309,3,276,30,0,12.2,0.8,0.0,87.0,0.0,0.0,0.0,0.0,15794.9 MiB,3715.0 MiB,2049.6 MiB,10030.3 MiB,4096.0 MiB,3681.0 MiB,415.0 MiB,13104.1 MiB
8,Python 3.6.15,binarytrees_compatible_all.py 21,132,1694216832,1169009,python,2:35.22,44496,37612,5412,100.0,0.2,1,1,2:35,0,4,32696,0,151k,0,37612,309,2,277,30,0,12.8,1.5,0.0,85.7,0.0,0.0,0.0,0.0,15794.9 MiB,3715.0 MiB,2049.6 MiB,10030.3 MiB,4096.0 MiB,3681.0 MiB,415.0 MiB,13104.1 MiB
8,Python 3.6.15,binarytrees_compatible_all.py 21,133,1694216833,1169009,python,2:36.40,44496,37612,5412,100.0,0.2,1,5,2:36,0,4,32696,0,151k,0,37612,309,2,277,30,0,12.9,0.8,0.0,86.4,0.0,0.0,0.0,0.0,15794.9 MiB,3714.7 MiB,2049.8 MiB,10030.3 MiB,4096.0 MiB,3681.0 MiB,415.0 MiB,13103.8 MiB
8,Python 3.6.15,binarytrees_compatible_all.py 21,134,1694216834,1169009,python,2:37.57,44496,37612,5412,100.0,0.2,1,5,2:37,0,4,32696,0,151k,0,37612,309,2,277,30,0,12.8,1.5,0.0,85.7,0.0,0.0,0.0,0.0,15794.9 MiB,3714.7 MiB,2049.8 MiB,10030.3 MiB,4096.0 MiB,3681.0 MiB,415.0 MiB,13103.8 MiB
8,Python 3.6.15,binarytrees_compatible_all.py 21,135,1694216835,1169009,python,2:38.74,44496,37612,5412,93.8,0.2,1,5,2:38,0,4,32696,0,151k,0,37612,309,3,276,30,0,12.8,1.5,0.0,85.7,0.0,0.0,0.0,0.0,15794.9 MiB,3714.5 MiB,2050.1 MiB,10030.3 MiB,4096.0 MiB,3681.0 MiB,415.0 MiB,13103.6 MiB
8,Python 3.6.15,binarytrees_compatible_all.py 21,136,1694216837,1169009,python,2:39.92,44496,37612,5412,100.0,0.2,1,5,2:39,0,4,32696,0,151k,0,37612,309,2,277,30,0,12.0,1.5,0.0,86.5,0.0,0.0,0.0,0.0,15794.9 MiB,3714.5 MiB,2050.1 MiB,10030.3 MiB,4096.0 MiB,3681.0 MiB,415.0 MiB,13103.6 MiB
8,Python 3.6.15,binarytrees_compatible_all.py 21,137,1694216838,1169009,python,2:41.09,44496,37612,5412,100.0,0.2,1,1,2:41,0,4,32696,0,151k,0,37612,309,2,277,30,0,13.5,0.8,0.0,85.7,0.0,0.0,0.0,0.0,15794.9 MiB,3714.5 MiB,2050.1 MiB,10030.3 MiB,4096.0 MiB,3681.0 MiB,415.0 MiB,13103.6 MiB
8,Python 3.6.15,binarytrees_compatible_all.py 21,138,1694216839,1169009,python,2:42.27,44496,37612,5412,100.0,0.2,1,5,2:42,0,4,32696,0,151k,0,37612,309,2,277,30,0,12.9,0.8,0.0,86.4,0.0,0.0,0.0,0.0,15794.9 MiB,3714.5 MiB,2050.1 MiB,10030.3 MiB,4096.0 MiB,3681.0 MiB,415.0 MiB,13103.6 MiB
8,Python 3.6.15,binarytrees_compatible_all.py 21,139,1694216840,1169009,python,2:43.44,44496,37612,5412,93.8,0.2,1,5,2:43,0,4,32696,0,151k,0,37612,309,2,277,30,0,12.7,1.5,0.0,85.8,0.0,0.0,0.0,0.0,15794.9 MiB,3714.5 MiB,2050.1 MiB,10030.3 MiB,4096.0 MiB,3681.0 MiB,415.0 MiB,13103.6 MiB
8,Python 3.6.15,binarytrees_compatible_all.py 21,140,1694216841,1169009,python,2:44.62,44496,37612,5412,100.0,0.2,1,5,2:44,0,4,32696,0,151k,0,37612,309,2,277,30,0,12.8,1.5,0.0,85.7,0.0,0.0,0.0,0.0,15794.9 MiB,3714.3 MiB,2050.3 MiB,10030.3 MiB,4096.0 MiB,3681.0 MiB,415.0 MiB,13103.3 MiB
8,Python 3.6.15,binarytrees_compatible_all.py 21,141,1694216842,1169009,python,2:45.79,44496,37612,5412,100.0,0.2,1,5,2:45,0,4,32696,0,151k,0,37612,309,2,277,30,0,12.7,1.5,0.0,85.8,0.0,0.0,0.0,0.0,15794.9 MiB,3714.3 MiB,2050.3 MiB,10030.3 MiB,4096.0 MiB,3681.0 MiB,415.0 MiB,13103.3 MiB
8,Python 3.6.15,binarytrees_compatible_all.py 21,142,1694216844,1169009,python,2:46.98,44496,37612,5412,100.0,0.2,1,5,2:46,0,4,32696,0,151k,0,37612,309,2,277,30,0,13.6,0.7,0.0,85.7,0.0,0.0,0.0,0.0,15794.9 MiB,3713.5 MiB,2051.0 MiB,10030.3 MiB,4096.0 MiB,3681.0 MiB,415.0 MiB,13102.6 MiB
8,Python 3.6.15,binarytrees_compatible_all.py 21,143,1694216845,1169009,python,2:48.15,44496,37612,5412,93.8,0.2,1,5,2:48,0,4,32696,0,151k,0,37612,309,2,277,30,0,13.6,0.8,0.0,85.6,0.0,0.0,0.0,0.0,15794.9 MiB,3713.5 MiB,2051.0 MiB,10030.3 MiB,4096.0 MiB,3681.0 MiB,415.0 MiB,13102.6 MiB
8,Python 3.6.15,binarytrees_compatible_all.py 21,144,1694216846,1169009,python,2:49.33,44496,37612,5412,100.0,0.2,1,5,2:49,0,4,32696,0,151k,0,37612,309,2,277,30,0,13.4,0.7,0.0,85.8,0.0,0.0,0.0,0.0,15794.9 MiB,3713.5 MiB,2051.0 MiB,10030.3 MiB,4096.0 MiB,3681.0 MiB,415.0 MiB,13102.6 MiB
8,Python 3.6.15,binarytrees_compatible_all.py 21,145,1694216847,1169009,python,2:50.51,44496,37612,5412,100.0,0.2,1,5,2:50,0,4,32696,0,151k,0,37612,309,2,277,30,0,13.4,0.7,0.0,85.8,0.0,0.0,0.0,0.0,15794.9 MiB,3713.0 MiB,2051.5 MiB,10030.3 MiB,4096.0 MiB,3681.0 MiB,415.0 MiB,13102.1 MiB
8,Python 3.6.15,binarytrees_compatible_all.py 21,146,1694216848,1169009,python,2:51.68,44496,37612,5412,100.0,0.2,1,5,2:51,0,4,32696,0,151k,0,37612,309,2,277,30,0,12.9,0.8,0.0,86.4,0.0,0.0,0.0,0.0,15794.9 MiB,3713.0 MiB,2051.5 MiB,10030.3 MiB,4096.0 MiB,3681.0 MiB,415.0 MiB,13102.1 MiB
8,Python 3.6.15,binarytrees_compatible_all.py 21,147,1694216849,1169009,python,2:52.85,44496,37612,5412,93.8,0.2,1,5,2:52,0,4,32696,0,151k,0,37612,309,2,277,30,0,12.7,1.5,0.0,85.8,0.0,0.0,0.0,0.0,15794.9 MiB,3712.8 MiB,2051.8 MiB,10030.3 MiB,4096.0 MiB,3681.0 MiB,415.0 MiB,13101.9 MiB
8,Python 3.6.15,binarytrees_compatible_all.py 21,148,1694216851,1169009,python,2:54.03,44496,37612,5412,100.0,0.2,1,1,2:54,0,4,32696,0,151k,0,37612,309,2,277,30,0,12.0,1.5,0.0,86.5,0.0,0.0,0.0,0.0,15794.9 MiB,3712.8 MiB,2051.8 MiB,10030.3 MiB,4096.0 MiB,3681.0 MiB,415.0 MiB,13101.9 MiB
8,Python 3.6.15,binarytrees_compatible_all.py 21,149,1694216852,1169009,python,2:55.21,32208,25384,5412,100.0,0.2,1,1,2:55,0,4,20408,0,154k,0,25384,309,2,277,30,0,12.6,2.2,0.0,85.2,0.0,0.0,0.0,0.0,15794.9 MiB,3727.8 MiB,2036.8 MiB,10030.3 MiB,4096.0 MiB,3681.0 MiB,415.0 MiB,13116.9 MiB
8,Python 3.6.15,binarytrees_compatible_all.py 21,150,1694216853,1169009,python,2:56.38,115408,108528,5412,100.0,0.7,1,1,2:56,0,4,103608,0,222k,0,108528,309,2,277,30,0,13.4,1.5,0.0,85.1,0.0,0.0,0.0,0.0,15794.9 MiB,3647.8 MiB,2116.7 MiB,10030.3 MiB,4096.0 MiB,3681.0 MiB,415.0 MiB,13036.9 MiB
8,Python 3.6.15,binarytrees_compatible_all.py 21,151,1694216854,1169009,python,2:57.56,70864,64156,5412,100.0,0.4,1,1,2:57,0,4,59064,0,281k,0,64156,309,2,277,30,0,12.8,1.5,0.0,85.7,0.0,0.0,0.0,0.0,15794.9 MiB,3679.5 MiB,2085.0 MiB,10030.3 MiB,4096.0 MiB,3681.0 MiB,415.0 MiB,13068.6 MiB
8,Python 3.6.15,binarytrees_compatible_all.py 21,152,1694216855,1169009,python,2:58.73,73680,66972,5412,100.0,0.4,1,1,2:58,0,4,61880,0,340k,0,66972,309,2,277,30,0,11.4,2.3,0.0,86.4,0.0,0.0,0.0,0.0,15794.9 MiB,3676.7 MiB,2087.8 MiB,10030.3 MiB,4096.0 MiB,3681.0 MiB,415.0 MiB,13065.8 MiB
8,Python 3.6.15,binarytrees_compatible_all.py 21,153,1694216857,1169009,python,2:59.91,88784,81800,5412,93.8,0.5,1,1,2:59,0,4,76984,0,401k,0,81800,309,2,277,30,0,12.1,1.5,0.0,85.6,0.8,0.0,0.0,0.0,15794.9 MiB,3674.4 MiB,2090.1 MiB,10030.4 MiB,4096.0 MiB,3681.0 MiB,415.0 MiB,13063.5 MiB
8,Python 3.6.15,binarytrees_compatible_all.py 21,154,1694216858,1169009,python,3:01.09,112592,105736,5412,100.0,0.7,1,5,3:01,0,4,100792,0,463k,0,105736,309,2,277,30,0,12.0,2.3,0.0,85.7,0.0,0.0,0.0,0.0,15794.9 MiB,3648.6 MiB,2116.0 MiB,10030.4 MiB,4096.0 MiB,3681.0 MiB,415.0 MiB,13037.7 MiB
8,Python 3.6.15,binarytrees_compatible_all.py 21,155,1694216859,1169009,python,3:02.26,75728,69020,5412,100.0,0.4,1,5,3:02,0,4,63928,0,520k,0,69020,309,2,277,30,0,11.3,3.0,0.0,85.7,0.0,0.0,0.0,0.0,15794.9 MiB,3671.5 MiB,2093.0 MiB,10030.4 MiB,4096.0 MiB,3681.0 MiB,415.0 MiB,13060.6 MiB
8,Python 3.6.15,binarytrees_compatible_all.py 21,156,1694216860,1169009,python,3:03.44,74192,67484,5412,100.0,0.4,1,5,3:03,0,4,62392,0,575k,0,67484,309,2,277,30,0,12.6,2.2,0.0,85.2,0.0,0.0,0.0,0.0,15794.9 MiB,3673.0 MiB,2091.5 MiB,10030.4 MiB,4096.0 MiB,3681.0 MiB,415.0 MiB,13062.2 MiB
8,Python 3.6.15,binarytrees_compatible_all.py 21,157,1694216861,1169009,python,3:04.62,96976,90096,5412,100.0,0.6,1,5,3:04,0,4,85176,0,634k,0,90096,309,2,277,30,0,12.1,1.5,0.0,86.4,0.0,0.0,0.0,0.0,15794.9 MiB,3662.8 MiB,2101.7 MiB,10030.4 MiB,4096.0 MiB,3681.0 MiB,415.0 MiB,13052.0 MiB
8,Python 3.6.15,binarytrees_compatible_all.py 21,158,1694216862,1169009,python,3:05.80,98256,91292,5412,100.0,0.6,1,5,3:05,0,4,86456,0,693k,0,91292,309,2,277,30,0,12.9,1.4,0.0,85.6,0.0,0.0,0.0,0.0,15794.9 MiB,3641.4 MiB,2123.1 MiB,10030.4 MiB,4096.0 MiB,3681.0 MiB,415.0 MiB,13030.6 MiB
8,Python 3.6.15,binarytrees_compatible_all.py 21,159,1694216864,1169009,python,3:06.97,76240,69532,5412,93.8,0.4,1,5,3:06,0,4,64440,0,745k,0,69532,309,2,277,30,0,12.0,2.3,0.0,85.7,0.0,0.0,0.0,0.0,15794.9 MiB,3674.7 MiB,2089.8 MiB,10030.4 MiB,4096.0 MiB,3681.0 MiB,415.0 MiB,13063.8 MiB
8,Python 3.6.15,binarytrees_compatible_all.py 21,160,1694216865,1169009,python,3:08.15,87760,80792,5412,100.0,0.5,1,5,3:08,0,4,75960,0,799k,0,80792,309,2,277,30,0,12.1,1.5,0.0,86.4,0.0,0.0,0.0,0.0,15794.9 MiB,3671.9 MiB,2092.6 MiB,10030.4 MiB,4096.0 MiB,3681.0 MiB,415.0 MiB,13061.1 MiB
8,Python 3.6.15,binarytrees_compatible_all.py 21,161,1694216866,1169009,python,3:09.32,116176,109352,5412,100.0,0.7,1,5,3:09,0,4,104376,0,856k,0,109352,309,2,277,30,0,12.8,1.5,0.0,85.7,0.0,0.0,0.0,0.0,15794.9 MiB,3647.1 MiB,2117.4 MiB,10030.4 MiB,4096.0 MiB,3681.0 MiB,415.0 MiB,13036.2 MiB
8,Python 3.6.15,binarytrees_compatible_all.py 21,162,1694216867,1169009,python,3:10.51,78288,71580,5412,100.0,0.4,1,5,3:10,0,4,66488,0,907k,0,71580,309,2,277,30,0,12.2,2.2,0.0,85.6,0.0,0.0,0.0,0.0,15794.9 MiB,3672.2 MiB,2092.3 MiB,10030.4 MiB,4096.0 MiB,3681.0 MiB,415.0 MiB,13061.3 MiB
8,Python 3.6.15,binarytrees_compatible_all.py 21,163,1694216868,1169009,python,3:11.69,81360,74656,5412,100.0,0.5,1,5,3:11,0,4,69560,0,956k,0,74656,309,2,277,30,0,12.8,1.5,0.0,85.7,0.0,0.0,0.0,0.0,15794.9 MiB,3669.4 MiB,2095.1 MiB,10030.4 MiB,4096.0 MiB,3681.0 MiB,415.0 MiB,13058.5 MiB
8,Python 3.6.15,binarytrees_compatible_all.py 21,164,1694216869,1169009,python,3:12.85,111056,104272,5412,93.8,0.6,1,5,3:12,0,4,99256,0,1.0m,0,104272,309,2,277,30,0,13.5,0.8,0.0,85.7,0.0,0.0,0.0,0.0,15794.9 MiB,3652.0 MiB,2112.5 MiB,10030.4 MiB,4096.0 MiB,3681.0 MiB,415.0 MiB,13041.2 MiB
8,Python 3.6.15,binarytrees_compatible_all.py 21,165,1694216871,1169009,python,3:14.03,80336,73628,5412,100.0,0.5,1,5,3:14,0,4,68536,0,1.0m,0,73628,309,2,277,30,0,11.3,3.0,0.0,85.7,0.0,0.0,0.0,0.0,15794.9 MiB,3669.9 MiB,2094.6 MiB,10030.4 MiB,4096.0 MiB,3681.0 MiB,415.0 MiB,13059.0 MiB
8,Python 3.6.15,binarytrees_compatible_all.py 21,166,1694216872,1169009,python,3:15.20,83152,76444,5412,93.8,0.5,1,1,3:15,0,4,71352,0,1.1m,0,76444,309,2,277,30,0,12.8,1.5,0.0,85.7,0.0,0.0,0.0,0.0,15794.9 MiB,3660.2 MiB,2104.3 MiB,10030.4 MiB,4096.0 MiB,3681.0 MiB,415.0 MiB,13049.4 MiB
8,Python 3.6.15,binarytrees_compatible_all.py 21,167,1694216873,1169009,python,3:16.38,108752,101832,5412,100.0,0.6,1,5,3:16,0,4,96952,0,1.1m,0,101832,309,2,277,30,0,12.8,1.5,0.0,85.7,0.0,0.0,0.0,0.0,15794.9 MiB,3647.4 MiB,2117.1 MiB,10030.4 MiB,4096.0 MiB,3681.0 MiB,415.0 MiB,13036.5 MiB
8,Python 3.6.15,binarytrees_compatible_all.py 21,168,1694216874,1169009,python,3:17.56,82384,75676,5412,100.0,0.5,1,5,3:17,0,4,70584,0,1.2m,0,75676,309,2,277,30,0,12.8,1.5,0.0,85.7,0.0,0.0,0.0,0.0,15794.9 MiB,3661.2 MiB,2103.2 MiB,10030.4 MiB,4096.0 MiB,3681.0 MiB,415.0 MiB,13050.4 MiB
8,Python 3.6.15,binarytrees_compatible_all.py 21,169,1694216875,1169009,python,3:18.73,85200,78492,5412,100.0,0.5,1,5,3:18,0,4,73400,0,1.2m,0,78492,309,2,277,30,0,12.9,0.8,0.0,86.4,0.0,0.0,0.0,0.0,15794.9 MiB,3658.0 MiB,2106.5 MiB,10030.4 MiB,4096.0 MiB,3681.0 MiB,415.0 MiB,13047.1 MiB
8,Python 3.6.15,binarytrees_compatible_all.py 21,170,1694216877,1169009,python,3:19.91,112848,105992,5412,100.0,0.7,1,5,3:19,0,4,101048,0,1.3m,0,105992,309,2,277,30,0,12.1,1.5,0.0,86.4,0.0,0.0,0.0,0.0,15794.9 MiB,3643.7 MiB,2120.8 MiB,10030.4 MiB,4096.0 MiB,3681.0 MiB,415.0 MiB,13032.8 MiB
8,Python 3.6.15,binarytrees_compatible_all.py 21,171,1694216878,1169009,python,3:21.09,84432,77724,5412,100.0,0.5,1,5,3:21,0,4,72632,0,1.3m,0,77724,309,2,277,30,0,11.9,2.2,0.0,85.8,0.0,0.0,0.0,0.0,15794.9 MiB,3659.2 MiB,2105.3 MiB,10030.4 MiB,4096.0 MiB,3681.0 MiB,415.0 MiB,13048.4 MiB
8,Python 3.6.15,binarytrees_compatible_all.py 21,172,1694216879,1169009,python,3:22.26,87248,80540,5412,100.0,0.5,1,5,3:22,0,4,75448,0,1.4m,0,80540,309,2,277,30,0,13.6,0.0,0.0,86.4,0.0,0.0,0.0,0.0,15794.9 MiB,3656.9 MiB,2107.6 MiB,10030.4 MiB,4096.0 MiB,3681.0 MiB,415.0 MiB,13046.1 MiB
8,Python 3.6.15,binarytrees_compatible_all.py 21,173,1694216880,1169009,python,3:23.43,117200,110492,5412,100.0,0.7,1,5,3:23,0,4,105400,0,1.4m,0,110492,309,2,277,30,0,12.1,1.5,0.0,86.4,0.0,0.0,0.0,0.0,15794.9 MiB,3636.5 MiB,2127.9 MiB,10030.4 MiB,4096.0 MiB,3681.0 MiB,415.0 MiB,13025.7 MiB
8,Python 3.6.15,binarytrees_compatible_all.py 21,174,1694216881,1169009,python,3:24.62,320720,313928,5412,100.0,1.9,1,5,3:24,0,4,308920,0,1.5m,0,313928,309,2,277,30,0,11.4,3.6,0.0,85.0,0.0,0.0,0.0,0.0,15794.9 MiB,3440.4 MiB,2324.1 MiB,10030.4 MiB,4096.0 MiB,3681.0 MiB,415.0 MiB,12829.6 MiB
8,Python 3.6.15,binarytrees_compatible_all.py 21,175,1694216882,1169009,python,3:25.80,314064,307436,5412,100.0,1.9,1,5,3:25,0,4,302264,0,1.5m,0,307436,309,2,277,30,0,12.0,2.3,0.0,85.7,0.0,0.0,0.0,0.0,15794.9 MiB,3418.1 MiB,2346.4 MiB,10030.4 MiB,4096.0 MiB,3681.0 MiB,415.0 MiB,12807.3 MiB
8,Python 3.6.15,binarytrees_compatible_all.py 21,176,1694216884,1169009,python,3:26.97,222928,216300,5412,100.0,1.3,1,5,3:26,0,4,211128,0,1.6m,0,216300,309,2,277,30,0,12.9,0.8,0.0,86.4,0.0,0.0,0.0,0.0,15794.9 MiB,3524.3 MiB,2240.1 MiB,10030.4 MiB,4096.0 MiB,3681.0 MiB,415.0 MiB,12913.5 MiB
8,Python 3.6.15,binarytrees_compatible_all.py 21,177,1694216885,1169009,python,3:28.15,297168,290280,5412,100.0,1.8,1,5,3:28,0,4,285368,0,1.7m,0,290280,309,2,277,30,0,12.0,1.5,0.0,86.5,0.0,0.0,0.0,0.0,15794.9 MiB,3463.8 MiB,2300.7 MiB,10030.4 MiB,4096.0 MiB,3681.0 MiB,415.0 MiB,12853.0 MiB
8,Python 3.6.15,binarytrees_compatible_all.py 21,178,1694216886,1169009,python,3:29.32,415952,409008,5412,100.0,2.5,1,5,3:29,0,4,404152,0,1.7m,0,409008,309,2,277,30,0,11.9,2.2,0.0,85.8,0.0,0.0,0.0,0.0,15794.9 MiB,3347.9 MiB,2416.6 MiB,10030.4 MiB,4096.0 MiB,3681.0 MiB,415.0 MiB,12737.1 MiB
8,Python 3.6.15,binarytrees_compatible_all.py 21,179,1694216887,1169009,python,3:30.49,223440,216812,5412,93.8,1.3,1,5,3:30,0,4,211640,0,1.8m,0,216812,309,2,277,30,0,12.9,0.8,0.0,86.4,0.0,0.0,0.0,0.0,15794.9 MiB,3525.3 MiB,2239.2 MiB,10030.4 MiB,4096.0 MiB,3681.0 MiB,415.0 MiB,12914.5 MiB
8,Python 3.6.15,binarytrees_compatible_all.py 21,180,1694216888,1169009,python,3:31.67,270032,263072,5412,100.0,1.6,1,5,3:31,0,4,258232,0,1.8m,0,263072,309,2,277,30,0,12.7,3.0,0.0,84.3,0.0,0.0,0.0,0.0,15794.9 MiB,3491.6 MiB,2272.9 MiB,10030.4 MiB,4096.0 MiB,3681.0 MiB,415.0 MiB,12880.8 MiB
8,Python 3.6.15,binarytrees_compatible_all.py 21,181,1694216889,1169009,python,3:32.85,389328,382328,5412,100.0,2.4,1,5,3:32,0,4,377528,0,1.9m,0,382328,309,2,277,30,0,12.0,2.3,0.0,85.7,0.0,0.0,0.0,0.0,15794.9 MiB,3375.2 MiB,2389.3 MiB,10030.4 MiB,4096.0 MiB,3681.0 MiB,415.0 MiB,12764.4 MiB
8,Python 3.6.15,binarytrees_compatible_all.py 21,182,1694216891,1169009,python,3:34.02,223952,217324,5412,100.0,1.3,1,5,3:34,0,4,212152,0,2.0m,0,217324,309,2,277,30,0,12.1,1.5,0.0,86.4,0.0,0.0,0.0,0.0,15794.9 MiB,3524.3 MiB,2240.1 MiB,10030.4 MiB,4096.0 MiB,3681.0 MiB,415.0 MiB,12913.5 MiB
8,Python 3.6.15,binarytrees_compatible_all.py 21,183,1694216892,1169009,python,3:35.19,245200,238240,5412,93.8,1.5,1,5,3:35,0,4,233400,0,2.0m,0,238240,309,2,277,30,0,12.8,1.5,0.0,85.7,0.0,0.0,0.0,0.0,15794.9 MiB,3515.2 MiB,2249.2 MiB,10030.4 MiB,4096.0 MiB,3681.0 MiB,415.0 MiB,12904.4 MiB
8,Python 3.6.15,binarytrees_compatible_all.py 21,184,1694216893,1169009,python,3:36.37,363728,356704,5412,100.0,2.2,1,5,3:36,0,4,351928,0,2.1m,0,356704,309,2,277,30,0,11.9,2.2,0.0,85.8,0.0,0.0,0.0,0.0,15794.9 MiB,3399.8 MiB,2364.6 MiB,10030.4 MiB,4096.0 MiB,3681.0 MiB,415.0 MiB,12789.0 MiB
8,Python 3.6.15,binarytrees_compatible_all.py 21,185,1694216894,1169009,python,3:37.55,224464,217836,5412,100.0,1.3,1,1,3:37,0,4,212664,0,2.2m,0,217836,309,2,277,30,0,11.4,2.3,0.0,86.4,0.0,0.0,0.0,0.0,15794.9 MiB,3532.2 MiB,2232.3 MiB,10030.4 MiB,4096.0 MiB,3681.0 MiB,415.0 MiB,12921.4 MiB
8,Python 3.6.15,binarytrees_compatible_all.py 21,186,1694216895,1169009,python,3:38.72,222416,215788,5412,100.0,1.3,1,1,3:38,0,4,210616,0,2.2m,0,215788,309,2,277,30,0,12.8,1.5,0.0,85.7,0.0,0.0,0.0,0.0,15794.9 MiB,3534.0 MiB,2230.5 MiB,10030.4 MiB,4096.0 MiB,3681.0 MiB,415.0 MiB,12923.2 MiB
8,Python 3.6.15,binarytrees_compatible_all.py 21,187,1694216896,1169009,python,3:39.90,335568,328704,5412,100.0,2.0,1,1,3:39,0,4,323768,0,2.3m,0,328704,309,2,277,30,0,11.9,2.2,0.0,85.8,0.0,0.0,0.0,0.0,15794.9 MiB,3426.9 MiB,2337.6 MiB,10030.4 MiB,4096.0 MiB,3681.0 MiB,415.0 MiB,12816.1 MiB
8,Python 3.6.15,binarytrees_compatible_all.py 21,188,1694216898,1169009,python,3:41.07,232912,226284,5412,100.0,1.4,1,1,3:41,0,4,221112,0,2.3m,0,226284,309,2,277,30,0,9.9,3.1,0.0,86.3,0.8,0.0,0.0,0.0,15794.9 MiB,3499.2 MiB,2265.2 MiB,10030.4 MiB,4096.0 MiB,3681.0 MiB,415.0 MiB,12888.4 MiB
8,Python 3.6.15,binarytrees_compatible_all.py 21,189,1694216899,1169009,python,3:42.24,222928,216300,5412,100.0,1.3,1,1,3:42,0,4,211128,0,2.4m,0,216300,309,2,277,30,0,13.6,0.0,0.0,86.4,0.0,0.0,0.0,0.0,15794.9 MiB,3524.6 MiB,2239.8 MiB,10030.4 MiB,4096.0 MiB,3681.0 MiB,415.0 MiB,12913.8 MiB
8,Python 3.6.15,binarytrees_compatible_all.py 21,190,1694216900,1169009,python,3:43.42,308176,301232,5412,100.0,1.9,1,1,3:43,0,4,296376,0,2.5m,0,301232,309,2,277,30,0,12.1,1.5,0.0,86.4,0.0,0.0,0.0,0.0,15794.9 MiB,3453.7 MiB,2310.7 MiB,10030.4 MiB,4096.0 MiB,3681.0 MiB,415.0 MiB,12842.9 MiB
8,Python 3.6.15,binarytrees_compatible_all.py 21,191,1694216901,1169009,python,3:44.59,390608,383980,5412,100.0,2.4,1,1,3:44,0,4,378808,0,2.5m,0,383980,309,2,277,30,0,10.7,2.3,0.0,87.0,0.0,0.0,0.0,0.0,15794.9 MiB,3343.8 MiB,2420.6 MiB,10030.4 MiB,4096.0 MiB,3681.0 MiB,415.0 MiB,12733.0 MiB
8,Python 3.6.15,binarytrees_compatible_all.py 21,192,1694216902,1169009,python,3:45.77,223440,216812,5412,100.0,1.3,1,1,3:45,0,4,211640,0,2.6m,0,216812,309,2,277,30,0,13.5,0.8,0.0,85.7,0.0,0.0,0.0,0.0,15794.9 MiB,3524.1 MiB,2240.3 MiB,10030.4 MiB,4096.0 MiB,3681.0 MiB,415.0 MiB,12913.3 MiB
8,Python 3.6.15,binarytrees_compatible_all.py 21,193,1694216904,1169009,python,3:46.94,278736,271912,5412,93.8,1.7,1,1,3:46,0,4,266936,0,2.6m,0,271912,309,2,277,30,0,11.4,2.3,0.0,85.6,0.8,0.0,0.0,0.0,15794.9 MiB,3482.3 MiB,2282.2 MiB,10030.4 MiB,4096.0 MiB,3681.0 MiB,415.0 MiB,12871.5 MiB
8,Python 3.6.15,binarytrees_compatible_all.py 21,194,1694216905,1169009,python,3:48.12,397520,390512,5412,100.0,2.4,1,1,3:48,0,4,385720,0,2.7m,0,390512,309,2,277,30,0,12.0,2.3,0.0,85.7,0.0,0.0,0.0,0.0,15794.9 MiB,3366.6 MiB,2397.8 MiB,10030.4 MiB,4096.0 MiB,3681.0 MiB,415.0 MiB,12755.8 MiB
8,Python 3.6.15,binarytrees_compatible_all.py 21,195,1694216906,1169009,python,3:49.29,223952,217324,5412,100.0,1.3,1,1,3:49,0,4,212152,0,2.8m,0,217324,309,2,277,30,0,13.4,1.5,0.0,85.1,0.0,0.0,0.0,0.0,15794.9 MiB,3522.9 MiB,2241.6 MiB,10030.4 MiB,4096.0 MiB,3681.0 MiB,415.0 MiB,12912.1 MiB
8,Python 3.6.15,binarytrees_compatible_all.py 21,196,1694216907,1169009,python,3:50.47,251344,244440,5412,100.0,1.5,1,1,3:50,0,4,239544,0,2.8m,0,244440,309,2,277,30,0,12.1,1.5,0.0,86.4,0.0,0.0,0.0,0.0,15794.9 MiB,3507.8 MiB,2256.6 MiB,10030.4 MiB,4096.0 MiB,3681.0 MiB,415.0 MiB,12897.1 MiB
8,Python 3.6.15,binarytrees_compatible_all.py 21,197,1694216908,1169009,python,3:51.64,370640,363832,5412,93.8,2.2,1,1,3:51,0,4,358840,0,2.9m,0,363832,309,2,277,30,0,10.6,3.0,0.0,86.4,0.0,0.0,0.0,0.0,15794.9 MiB,3391.2 MiB,2373.2 MiB,10030.5 MiB,4096.0 MiB,3681.0 MiB,415.0 MiB,12780.4 MiB
9,Python 3.6.15,binarytrees_compatible_all.py 21,0,1694216909,1170294,python,0:00.12,31616,24952,5368,75.0,0.2,1,3,0:00,0,4,19816,0,6049,0,24952,310,2,278,30,0,18.3,6.9,0.0,74.8,0.0,0.0,0.0,0.0,15794.9 MiB,3708.6 MiB,2048.8 MiB,10037.5 MiB,4096.0 MiB,3681.0 MiB,415.0 MiB,13097.8 MiB
9,Python 3.6.15,binarytrees_compatible_all.py 21,1,1694216911,1170294,python,0:01.29,31616,24952,5368,93.8,0.2,1,3,0:01,0,4,19816,0,6049,0,24952,310,2,278,30,0,13.4,1.5,0.0,85.1,0.0,0.0,0.0,0.0,15794.9 MiB,3708.2 MiB,2049.0 MiB,10037.7 MiB,4096.0 MiB,3681.0 MiB,415.0 MiB,13097.4 MiB
9,Python 3.6.15,binarytrees_compatible_all.py 21,2,1694216912,1170294,python,0:02.47,31616,24952,5368,100.0,0.2,1,3,0:02,0,4,19816,0,6049,0,24952,310,2,278,30,0,12.9,0.8,0.0,86.4,0.0,0.0,0.0,0.0,15794.9 MiB,3715.8 MiB,2048.4 MiB,10030.7 MiB,4096.0 MiB,3681.0 MiB,415.0 MiB,13105.1 MiB
9,Python 3.6.15,binarytrees_compatible_all.py 21,3,1694216913,1170294,python,0:03.64,31616,24952,5368,100.0,0.2,1,3,0:03,0,4,19816,0,6049,0,24952,310,2,278,30,0,12.8,0.8,0.0,85.7,0.0,0.0,0.8,0.0,15794.9 MiB,3715.6 MiB,2048.6 MiB,10030.7 MiB,4096.0 MiB,3681.0 MiB,415.0 MiB,13104.8 MiB
9,Python 3.6.15,binarytrees_compatible_all.py 21,4,1694216914,1170294,python,0:04.82,31616,24952,5368,94.1,0.2,1,3,0:04,0,4,19816,0,6049,0,24952,310,2,278,30,0,14.8,0.7,0.0,84.5,0.0,0.0,0.0,0.0,15794.9 MiB,3715.6 MiB,2048.6 MiB,10030.7 MiB,4096.0 MiB,3681.0 MiB,415.0 MiB,13104.8 MiB
9,Python 3.6.15,binarytrees_compatible_all.py 21,5,1694216915,1170294,python,0:06.00,31616,24952,5368,100.0,0.2,1,3,0:06,0,4,19816,0,6049,0,24952,310,2,278,30,0,12.8,1.5,0.0,85.7,0.0,0.0,0.0,0.0,15794.9 MiB,3715.6 MiB,2048.6 MiB,10030.7 MiB,4096.0 MiB,3681.0 MiB,415.0 MiB,13104.8 MiB
9,Python 3.6.15,binarytrees_compatible_all.py 21,6,1694216916,1170294,python,0:07.18,31616,24952,5368,100.0,0.2,1,3,0:07,0,4,19816,0,6049,0,24952,310,2,278,30,0,13.4,1.5,0.0,85.1,0.0,0.0,0.0,0.0,15794.9 MiB,3715.6 MiB,2048.6 MiB,10030.7 MiB,4096.0 MiB,3681.0 MiB,415.0 MiB,13104.8 MiB
9,Python 3.6.15,binarytrees_compatible_all.py 21,7,1694216918,1170294,python,0:08.35,31616,24952,5368,93.8,0.2,1,3,0:08,0,4,19816,0,6049,0,24952,310,2,278,30,0,12.2,1.5,0.0,86.3,0.0,0.0,0.0,0.0,15794.9 MiB,3716.3 MiB,2047.9 MiB,10030.7 MiB,4096.0 MiB,3681.0 MiB,415.0 MiB,13105.6 MiB
9,Python 3.6.15,binarytrees_compatible_all.py 21,8,1694216919,1170294,python,0:09.53,31616,24952,5368,100.0,0.2,1,3,0:09,0,4,19816,0,6049,0,24952,310,2,278,30,0,12.8,1.5,0.0,85.7,0.0,0.0,0.0,0.0,15794.9 MiB,3716.5 MiB,2047.6 MiB,10030.7 MiB,4096.0 MiB,3681.0 MiB,415.0 MiB,13105.8 MiB
9,Python 3.6.15,binarytrees_compatible_all.py 21,9,1694216920,1170294,python,0:10.70,31616,24952,5368,93.8,0.2,1,3,0:10,0,4,19816,0,6049,0,24952,310,2,278,30,0,11.9,2.2,0.0,85.1,0.7,0.0,0.0,0.0,15794.9 MiB,3716.8 MiB,2047.4 MiB,10030.7 MiB,4096.0 MiB,3681.0 MiB,415.0 MiB,13106.1 MiB
9,Python 3.6.15,binarytrees_compatible_all.py 21,10,1694216921,1170294,python,0:11.88,31616,24952,5368,100.0,0.2,1,3,0:11,0,4,19816,0,6049,0,24952,310,2,278,30,0,12.8,1.5,0.0,85.7,0.0,0.0,0.0,0.0,15794.9 MiB,3716.8 MiB,2047.4 MiB,10030.7 MiB,4096.0 MiB,3681.0 MiB,415.0 MiB,13106.1 MiB
9,Python 3.6.15,binarytrees_compatible_all.py 21,11,1694216922,1170294,python,0:13.05,31616,24952,5368,93.8,0.2,1,3,0:13,0,4,19816,0,6049,0,24952,310,2,278,30,0,12.9,0.8,0.0,86.4,0.0,0.0,0.0,0.0,15794.9 MiB,3717.0 MiB,2047.1 MiB,10030.7 MiB,4096.0 MiB,3681.0 MiB,415.0 MiB,13106.3 MiB
9,Python 3.6.15,binarytrees_compatible_all.py 21,12,1694216924,1170294,python,0:14.23,31616,24952,5368,100.0,0.2,1,3,0:14,0,4,19816,0,6049,0,24952,310,2,278,30,0,13.4,1.5,0.0,85.1,0.0,0.0,0.0,0.0,15794.9 MiB,3717.0 MiB,2047.1 MiB,10030.7 MiB,4096.0 MiB,3681.0 MiB,415.0 MiB,13106.3 MiB
9,Python 3.6.15,binarytrees_compatible_all.py 21,13,1694216925,1170294,python,0:15.40,31616,24952,5368,100.0,0.2,1,3,0:15,0,4,19816,0,6049,0,24952,310,2,278,30,0,13.5,1.5,0.0,85.0,0.0,0.0,0.0,0.0,15794.9 MiB,3716.8 MiB,2047.4 MiB,10030.7 MiB,4096.0 MiB,3681.0 MiB,415.0 MiB,13106.1 MiB
9,Python 3.6.15,binarytrees_compatible_all.py 21,14,1694216926,1170294,python,0:16.58,31616,24952,5368,100.0,0.2,1,3,0:16,0,4,19816,0,6049,0,24952,310,2,278,30,0,12.2,0.8,0.0,87.0,0.0,0.0,0.0,0.0,15794.9 MiB,3717.5 MiB,2046.6 MiB,10030.7 MiB,4096.0 MiB,3681.0 MiB,415.0 MiB,13106.8 MiB
9,Python 3.6.15,binarytrees_compatible_all.py 21,15,1694216927,1170294,python,0:17.75,31616,24952,5368,93.8,0.2,1,3,0:17,0,4,19816,0,6049,0,24952,310,2,278,30,0,12.9,0.8,0.0,86.4,0.0,0.0,0.0,0.0,15794.9 MiB,3717.3 MiB,2046.9 MiB,10030.7 MiB,4096.0 MiB,3681.0 MiB,415.0 MiB,13106.6 MiB
9,Python 3.6.15,binarytrees_compatible_all.py 21,16,1694216928,1170294,python,0:18.93,31616,24952,5368,100.0,0.2,1,3,0:18,0,4,19816,0,6049,0,24952,310,2,278,30,0,13.4,1.5,0.0,85.1,0.0,0.0,0.0,0.0,15794.9 MiB,3717.5 MiB,2046.6 MiB,10030.7 MiB,4096.0 MiB,3681.0 MiB,415.0 MiB,13106.8 MiB
9,Python 3.6.15,binarytrees_compatible_all.py 21,17,1694216929,1170294,python,0:20.10,31616,24952,5368,100.0,0.2,1,3,0:20,0,4,19816,0,6049,0,24952,310,2,278,30,0,13.5,0.8,0.0,85.7,0.0,0.0,0.0,0.0,15794.9 MiB,3717.5 MiB,2046.6 MiB,10030.7 MiB,4096.0 MiB,3681.0 MiB,415.0 MiB,13106.8 MiB
9,Python 3.6.15,binarytrees_compatible_all.py 21,18,1694216931,1170294,python,0:21.28,31616,24952,5368,100.0,0.2,1,3,0:21,0,4,19816,0,6049,0,24952,310,2,278,30,0,12.9,0.8,0.0,86.4,0.0,0.0,0.0,0.0,15794.9 MiB,3717.8 MiB,2046.4 MiB,10030.7 MiB,4096.0 MiB,3681.0 MiB,415.0 MiB,13107.1 MiB
9,Python 3.6.15,binarytrees_compatible_all.py 21,19,1694216932,1170294,python,0:22.45,31616,24952,5368,100.0,0.2,1,3,0:22,0,4,19816,0,6049,0,24952,310,2,278,30,0,14.2,1.5,0.0,83.6,0.7,0.0,0.0,0.0,15794.9 MiB,3717.5 MiB,2046.6 MiB,10030.7 MiB,4096.0 MiB,3681.0 MiB,415.0 MiB,13106.8 MiB
9,Python 3.6.15,binarytrees_compatible_all.py 21,20,1694216933,1170294,python,0:23.63,19408,12536,5368,100.0,0.1,1,3,0:23,0,4,7608,0,7072,0,12536,310,2,278,30,0,13.5,0.0,0.0,86.5,0.0,0.0,0.0,0.0,15794.9 MiB,3730.6 MiB,2033.6 MiB,10030.7 MiB,4096.0 MiB,3681.0 MiB,415.0 MiB,13119.9 MiB
9,Python 3.6.15,binarytrees_compatible_all.py 21,21,1694216934,1170294,python,0:24.80,19408,12536,5368,100.0,0.1,1,3,0:24,0,4,7608,0,7072,0,12536,310,2,278,30,0,12.8,1.5,0.0,85.7,0.0,0.0,0.0,0.0,15794.9 MiB,3730.3 MiB,2033.8 MiB,10030.7 MiB,4096.0 MiB,3681.0 MiB,415.0 MiB,13119.6 MiB
9,Python 3.6.15,binarytrees_compatible_all.py 21,22,1694216935,1170294,python,0:25.98,19408,12536,5368,100.0,0.1,1,3,0:25,0,4,7608,0,7072,0,12536,310,2,278,30,0,12.2,0.8,0.0,87.0,0.0,0.0,0.0,0.0,15794.9 MiB,3729.8 MiB,2034.3 MiB,10030.7 MiB,4096.0 MiB,3681.0 MiB,415.0 MiB,13119.1 MiB
9,Python 3.6.15,binarytrees_compatible_all.py 21,23,1694216936,1170294,python,0:27.15,19408,12536,5368,100.0,0.1,1,3,0:27,0,4,7608,0,7072,0,12536,310,2,278,30,0,12.8,1.5,0.0,85.7,0.0,0.0,0.0,0.0,15794.9 MiB,3729.8 MiB,2034.3 MiB,10030.7 MiB,4096.0 MiB,3681.0 MiB,415.0 MiB,13119.2 MiB
9,Python 3.6.15,binarytrees_compatible_all.py 21,24,1694216938,1170294,python,0:28.32,19408,12536,5368,93.8,0.1,1,3,0:28,0,4,7608,0,7072,0,12536,310,2,278,30,0,12.9,0.8,0.0,86.4,0.0,0.0,0.0,0.0,15794.9 MiB,3729.8 MiB,2034.3 MiB,10030.7 MiB,4096.0 MiB,3681.0 MiB,415.0 MiB,13119.2 MiB
9,Python 3.6.15,binarytrees_compatible_all.py 21,25,1694216939,1170294,python,0:29.50,19408,12536,5368,100.0,0.1,1,3,0:29,0,4,7608,0,7072,0,12536,310,2,278,30,0,12.9,0.8,0.0,86.4,0.0,0.0,0.0,0.0,15794.9 MiB,3729.8 MiB,2034.3 MiB,10030.7 MiB,4096.0 MiB,3681.0 MiB,415.0 MiB,13119.2 MiB
9,Python 3.6.15,binarytrees_compatible_all.py 21,26,1694216940,1170294,python,0:30.68,19408,12536,5368,100.0,0.1,1,7,0:30,0,4,7608,0,7072,0,12536,310,2,278,30,0,13.3,1.5,0.0,84.4,0.0,0.0,0.7,0.0,15794.9 MiB,3729.8 MiB,2034.3 MiB,10030.7 MiB,4096.0 MiB,3681.0 MiB,415.0 MiB,13119.2 MiB
9,Python 3.6.15,binarytrees_compatible_all.py 21,27,1694216941,1170294,python,0:31.85,19408,12536,5368,100.0,0.1,1,7,0:31,0,4,7608,0,7072,0,12536,310,2,278,30,0,12.1,1.5,0.0,86.4,0.0,0.0,0.0,0.0,15794.9 MiB,3729.8 MiB,2034.3 MiB,10030.7 MiB,4096.0 MiB,3681.0 MiB,415.0 MiB,13119.2 MiB
9,Python 3.6.15,binarytrees_compatible_all.py 21,28,1694216942,1170294,python,0:33.02,19408,12536,5368,93.8,0.1,1,7,0:33,0,4,7608,0,7072,0,12536,310,2,278,30,0,12.9,0.8,0.0,85.6,0.8,0.0,0.0,0.0,15794.9 MiB,3729.8 MiB,2034.3 MiB,10030.7 MiB,4096.0 MiB,3681.0 MiB,415.0 MiB,13119.2 MiB
9,Python 3.6.15,binarytrees_compatible_all.py 21,29,1694216944,1170294,python,0:34.20,19408,12536,5368,100.0,0.1,1,7,0:34,0,4,7608,0,7072,0,12536,310,2,278,30,0,12.1,1.5,0.0,86.4,0.0,0.0,0.0,0.0,15794.9 MiB,3729.4 MiB,2034.8 MiB,10030.7 MiB,4096.0 MiB,3681.0 MiB,415.0 MiB,13118.7 MiB
9,Python 3.6.15,binarytrees_compatible_all.py 21,30,1694216945,1170294,python,0:35.38,19408,12536,5368,100.0,0.1,1,7,0:35,0,4,7608,0,7072,0,12536,310,2,278,30,0,13.5,0.8,0.0,85.7,0.0,0.0,0.0,0.0,15794.9 MiB,3728.9 MiB,2035.3 MiB,10030.7 MiB,4096.0 MiB,3681.0 MiB,415.0 MiB,13118.2 MiB
9,Python 3.6.15,binarytrees_compatible_all.py 21,31,1694216946,1170294,python,0:36.55,19408,12536,5368,100.0,0.1,1,7,0:36,0,4,7608,0,7072,0,12536,310,2,278,30,0,12.9,0.8,0.0,86.4,0.0,0.0,0.0,0.0,15794.9 MiB,3729.1 MiB,2035.0 MiB,10030.7 MiB,4096.0 MiB,3681.0 MiB,415.0 MiB,13118.4 MiB
9,Python 3.6.15,binarytrees_compatible_all.py 21,32,1694216947,1170294,python,0:37.72,19408,12536,5368,100.0,0.1,1,7,0:37,0,4,7608,0,7072,0,12536,310,2,278,30,0,12.8,2.3,0.0,85.0,0.0,0.0,0.0,0.0,15794.9 MiB,3729.9 MiB,2034.3 MiB,10030.7 MiB,4096.0 MiB,3681.0 MiB,415.0 MiB,13119.2 MiB
9,Python 3.6.15,binarytrees_compatible_all.py 21,33,1694216948,1170294,python,0:38.89,19408,12536,5368,93.8,0.1,1,7,0:38,0,4,7608,0,7072,0,12536,310,2,278,30,0,13.0,0.8,0.0,86.3,0.0,0.0,0.0,0.0,15794.9 MiB,3729.6 MiB,2034.5 MiB,10030.7 MiB,4096.0 MiB,3681.0 MiB,415.0 MiB,13118.9 MiB
9,Python 3.6.15,binarytrees_compatible_all.py 21,34,1694216949,1170294,python,0:40.07,19408,12536,5368,100.0,0.1,1,7,0:40,0,4,7608,0,7072,0,12536,310,2,278,30,0,12.8,0.8,0.0,86.5,0.0,0.0,0.0,0.0,15794.9 MiB,3729.4 MiB,2034.7 MiB,10030.8 MiB,4096.0 MiB,3681.0 MiB,415.0 MiB,13118.7 MiB
9,Python 3.6.15,binarytrees_compatible_all.py 21,35,1694216951,1170294,python,0:41.25,19408,12536,5368,100.0,0.1,1,7,0:41,0,4,7608,0,7072,0,12536,310,2,278,30,0,12.8,1.5,0.0,85.7,0.0,0.0,0.0,0.0,15794.9 MiB,3729.1 MiB,2034.9 MiB,10030.8 MiB,4096.0 MiB,3681.0 MiB,415.0 MiB,13118.4 MiB
9,Python 3.6.15,binarytrees_compatible_all.py 21,36,1694216952,1170294,python,0:42.42,19408,12536,5368,100.0,0.1,1,7,0:42,0,4,7608,0,7072,0,12536,310,2,278,30,0,13.6,0.0,0.0,86.4,0.0,0.0,0.0,0.0,15794.9 MiB,3728.9 MiB,2035.2 MiB,10030.8 MiB,4096.0 MiB,3681.0 MiB,415.0 MiB,13118.2 MiB
9,Python 3.6.15,binarytrees_compatible_all.py 21,37,1694216953,1170294,python,0:43.59,19408,12536,5368,93.8,0.1,1,7,0:43,0,4,7608,0,7072,0,12536,310,2,278,30,0,13.5,0.8,0.0,85.7,0.0,0.0,0.0,0.0,15794.9 MiB,3729.1 MiB,2034.9 MiB,10030.8 MiB,4096.0 MiB,3681.0 MiB,415.0 MiB,13118.4 MiB
9,Python 3.6.15,binarytrees_compatible_all.py 21,38,1694216954,1170294,python,0:44.77,19408,12536,5368,100.0,0.1,1,7,0:44,0,4,7608,0,7072,0,12536,310,2,278,30,0,13.5,1.5,0.0,85.0,0.0,0.0,0.0,0.0,15794.9 MiB,3729.6 MiB,2034.4 MiB,10030.8 MiB,4096.0 MiB,3681.0 MiB,415.0 MiB,13118.9 MiB
9,Python 3.6.15,binarytrees_compatible_all.py 21,39,1694216955,1170294,python,0:45.95,19408,12536,5368,100.0,0.1,1,7,0:45,0,4,7608,0,7072,0,12536,310,2,278,30,0,13.4,1.5,0.0,85.1,0.0,0.0,0.0,0.0,15794.9 MiB,3729.6 MiB,2034.4 MiB,10030.8 MiB,4096.0 MiB,3681.0 MiB,415.0 MiB,13118.9 MiB
9,Python 3.6.15,binarytrees_compatible_all.py 21,40,1694216956,1170294,python,0:47.12,19408,12536,5368,100.0,0.1,1,7,0:47,0,4,7608,0,7072,0,12536,310,2,278,30,0,12.8,1.5,0.0,85.7,0.0,0.0,0.0,0.0,15794.9 MiB,3729.6 MiB,2034.4 MiB,10030.8 MiB,4096.0 MiB,3681.0 MiB,415.0 MiB,13118.9 MiB
9,Python 3.6.15,binarytrees_compatible_all.py 21,41,1694216958,1170294,python,0:48.29,19664,12536,5368,93.8,0.1,1,3,0:48,0,4,7864,0,7093,0,12536,310,2,278,30,0,13.5,0.8,0.0,85.7,0.0,0.0,0.0,0.0,15794.9 MiB,3729.6 MiB,2034.4 MiB,10030.8 MiB,4096.0 MiB,3681.0 MiB,415.0 MiB,13119.0 MiB
9,Python 3.6.15,binarytrees_compatible_all.py 21,42,1694216959,1170294,python,0:49.47,19664,12800,5368,100.0,0.1,1,3,0:49,0,4,7864,0,7141,0,12800,310,2,278,30,0,13.4,1.5,0.0,85.1,0.0,0.0,0.0,0.0,15794.9 MiB,3729.6 MiB,2034.4 MiB,10030.8 MiB,4096.0 MiB,3681.0 MiB,415.0 MiB,13119.0 MiB
9,Python 3.6.15,binarytrees_compatible_all.py 21,43,1694216960,1170294,python,0:50.65,19920,13064,5368,100.0,0.1,1,3,0:50,0,4,8120,0,7190,0,13064,310,2,278,30,0,13.4,0.7,0.0,85.8,0.0,0.0,0.0,0.0,15794.9 MiB,3729.6 MiB,2034.4 MiB,10030.8 MiB,4096.0 MiB,3681.0 MiB,415.0 MiB,13119.0 MiB
9,Python 3.6.15,binarytrees_compatible_all.py 21,44,1694216961,1170294,python,0:51.82,20176,13328,5368,100.0,0.1,1,3,0:51,0,4,8376,0,7239,0,13328,310,2,278,30,0,13.1,0.0,0.0,86.9,0.0,0.0,0.0,0.0,15794.9 MiB,3729.4 MiB,2034.7 MiB,10030.8 MiB,4096.0 MiB,3681.0 MiB,415.0 MiB,13118.7 MiB
9,Python 3.6.15,binarytrees_compatible_all.py 21,45,1694216962,1170294,python,0:52.99,20432,13328,5368,93.8,0.1,1,3,0:52,0,4,8632,0,7288,0,13328,310,2,278,30,0,12.9,0.8,0.0,86.4,0.0,0.0,0.0,0.0,15794.9 MiB,3728.6 MiB,2035.4 MiB,10030.8 MiB,4096.0 MiB,3681.0 MiB,415.0 MiB,13118.0 MiB
9,Python 3.6.15,binarytrees_compatible_all.py 21,46,1694216963,1170294,python,0:54.17,20432,13592,5368,100.0,0.1,1,3,0:54,0,4,8632,0,7336,0,13592,310,2,278,30,0,13.4,0.7,0.0,85.8,0.0,0.0,0.0,0.0,15794.9 MiB,3729.1 MiB,2034.9 MiB,10030.8 MiB,4096.0 MiB,3681.0 MiB,415.0 MiB,13118.5 MiB
9,Python 3.6.15,binarytrees_compatible_all.py 21,47,1694216965,1170294,python,0:55.35,20688,13856,5368,100.0,0.1,1,3,0:55,0,4,8888,0,7385,0,13856,310,2,278,30,0,12.8,1.5,0.0,85.7,0.0,0.0,0.0,0.0,15794.9 MiB,3728.6 MiB,2035.4 MiB,10030.8 MiB,4096.0 MiB,3681.0 MiB,415.0 MiB,13118.0 MiB
9,Python 3.6.15,binarytrees_compatible_all.py 21,48,1694216966,1170294,python,0:56.52,20944,13856,5368,100.0,0.1,1,3,0:56,0,4,9144,0,7434,0,13856,310,2,278,30,0,12.9,0.8,0.0,86.4,0.0,0.0,0.0,0.0,15794.9 MiB,3728.6 MiB,2035.4 MiB,10030.8 MiB,4096.0 MiB,3681.0 MiB,415.0 MiB,13118.0 MiB
9,Python 3.6.15,binarytrees_compatible_all.py 21,49,1694216967,1170294,python,0:57.70,21200,14120,5368,94.1,0.1,1,3,0:57,0,4,9400,0,7483,0,14120,310,2,278,30,0,12.1,2.1,0.0,85.7,0.0,0.0,0.0,0.0,15794.9 MiB,3728.6 MiB,2035.4 MiB,10030.8 MiB,4096.0 MiB,3681.0 MiB,415.0 MiB,13118.0 MiB
9,Python 3.6.15,binarytrees_compatible_all.py 21,50,1694216968,1170294,python,0:58.88,21200,14384,5368,100.0,0.1,1,3,0:58,0,4,9400,0,7532,0,14384,310,2,278,30,0,13.5,0.8,0.0,85.7,0.0,0.0,0.0,0.0,15794.9 MiB,3728.4 MiB,2035.6 MiB,10030.8 MiB,4096.0 MiB,3681.0 MiB,415.0 MiB,13117.8 MiB
9,Python 3.6.15,binarytrees_compatible_all.py 21,51,1694216969,1170294,python,1:00.06,21456,14648,5368,100.0,0.1,1,3,1:00,0,4,9656,0,7581,0,14648,310,2,278,30,0,13.5,0.8,0.0,85.7,0.0,0.0,0.0,0.0,15794.9 MiB,3728.1 MiB,2035.9 MiB,10030.8 MiB,4096.0 MiB,3681.0 MiB,415.0 MiB,13117.5 MiB
9,Python 3.6.15,binarytrees_compatible_all.py 21,52,1694216971,1170294,python,1:01.23,21712,14648,5368,100.0,0.1,1,3,1:01,0,4,9912,0,7629,0,14648,310,2,278,30,0,12.9,0.8,0.0,86.4,0.0,0.0,0.0,0.0,15794.9 MiB,3727.7 MiB,2036.4 MiB,10030.8 MiB,4096.0 MiB,3681.0 MiB,415.0 MiB,13117.0 MiB
9,Python 3.6.15,binarytrees_compatible_all.py 21,53,1694216972,1170294,python,1:02.41,21968,14912,5368,100.0,0.1,1,3,1:02,0,4,10168,0,7678,0,14912,310,2,278,30,0,12.9,0.8,0.0,86.4,0.0,0.0,0.0,0.0,15794.9 MiB,3727.7 MiB,2036.4 MiB,10030.8 MiB,4096.0 MiB,3681.0 MiB,415.0 MiB,13117.0 MiB
9,Python 3.6.15,binarytrees_compatible_all.py 21,54,1694216973,1170294,python,1:03.58,21968,15176,5368,100.0,0.1,1,3,1:03,0,4,10168,0,7727,0,15176,310,2,278,30,0,13.4,1.5,0.0,85.1,0.0,0.0,0.0,0.0,15794.9 MiB,3727.2 MiB,2036.8 MiB,10030.9 MiB,4096.0 MiB,3681.0 MiB,415.0 MiB,13116.6 MiB
9,Python 3.6.15,binarytrees_compatible_all.py 21,55,1694216974,1170294,python,1:04.75,22224,15440,5368,93.8,0.1,1,3,1:04,0,4,10424,0,7776,0,15440,310,2,278,30,0,12.8,1.5,0.0,85.7,0.0,0.0,0.0,0.0,15794.9 MiB,3726.9 MiB,2037.1 MiB,10030.9 MiB,4096.0 MiB,3681.0 MiB,415.0 MiB,13116.3 MiB
9,Python 3.6.15,binarytrees_compatible_all.py 21,56,1694216975,1170294,python,1:05.93,22480,15440,5368,100.0,0.1,1,3,1:05,0,4,10680,0,7824,0,15440,310,2,278,30,0,12.9,0.8,0.0,86.4,0.0,0.0,0.0,0.0,15794.9 MiB,3726.4 MiB,2037.6 MiB,10030.9 MiB,4096.0 MiB,3681.0 MiB,415.0 MiB,13115.8 MiB
9,Python 3.6.15,binarytrees_compatible_all.py 21,57,1694216976,1170294,python,1:07.11,22736,15704,5368,100.0,0.1,1,3,1:07,0,4,10936,0,7873,0,15704,310,2,278,30,0,14.2,1.5,0.0,84.3,0.0,0.0,0.0,0.0,15794.9 MiB,3725.9 MiB,2038.1 MiB,10030.9 MiB,4096.0 MiB,3681.0 MiB,415.0 MiB,13115.3 MiB
9,Python 3.6.15,binarytrees_compatible_all.py 21,58,1694216978,1170294,python,1:08.28,22992,15968,5368,100.0,0.1,1,3,1:08,0,4,11192,0,7922,0,15968,310,2,278,30,0,12.9,0.8,0.0,85.6,0.8,0.0,0.0,0.0,15794.9 MiB,3726.4 MiB,2037.6 MiB,10030.9 MiB,4096.0 MiB,3681.0 MiB,415.0 MiB,13115.8 MiB
9,Python 3.6.15,binarytrees_compatible_all.py 21,59,1694216979,1170294,python,1:09.45,22992,16232,5368,93.8,0.1,1,3,1:09,0,4,11192,0,7971,0,16232,310,2,278,30,0,12.8,1.5,0.0,85.7,0.0,0.0,0.0,0.0,15794.9 MiB,3726.2 MiB,2037.8 MiB,10030.9 MiB,4096.0 MiB,3681.0 MiB,415.0 MiB,13115.6 MiB
9,Python 3.6.15,binarytrees_compatible_all.py 21,60,1694216980,1170294,python,1:10.64,23248,16232,5368,100.0,0.1,1,3,1:10,0,4,11448,0,8019,0,16232,310,2,278,30,0,12.8,1.4,0.0,85.8,0.0,0.0,0.0,0.0,15794.9 MiB,3726.7 MiB,2037.3 MiB,10030.9 MiB,4096.0 MiB,3681.0 MiB,415.0 MiB,13116.1 MiB
9,Python 3.6.15,binarytrees_compatible_all.py 21,61,1694216981,1170294,python,1:11.82,23504,16496,5368,100.0,0.1,1,3,1:11,0,4,11704,0,8068,0,16496,310,2,278,30,0,14.2,1.5,0.0,84.3,0.0,0.0,0.0,0.0,15794.9 MiB,3726.7 MiB,2037.3 MiB,10030.9 MiB,4096.0 MiB,3681.0 MiB,415.0 MiB,13116.1 MiB
9,Python 3.6.15,binarytrees_compatible_all.py 21,62,1694216982,1170294,python,1:12.99,19664,12944,5368,100.0,0.1,1,3,1:12,0,4,7864,0,8112,0,12944,310,2,278,30,0,14.2,0.7,0.0,85.1,0.0,0.0,0.0,0.0,15794.9 MiB,3726.7 MiB,2037.3 MiB,10030.9 MiB,4096.0 MiB,3681.0 MiB,415.0 MiB,13116.1 MiB
9,Python 3.6.15,binarytrees_compatible_all.py 21,63,1694216983,1170294,python,1:14.17,19664,12944,5368,100.0,0.1,1,3,1:14,0,4,7864,0,8112,0,12944,310,2,278,30,0,13.0,0.8,0.0,85.5,0.8,0.0,0.0,0.0,15794.9 MiB,3726.7 MiB,2037.3 MiB,10030.9 MiB,4096.0 MiB,3681.0 MiB,415.0 MiB,13116.1 MiB
9,Python 3.6.15,binarytrees_compatible_all.py 21,64,1694216985,1170294,python,1:15.34,19920,12992,5368,100.0,0.1,1,3,1:15,0,4,8120,0,8123,0,12992,310,2,278,30,0,12.1,1.5,0.0,86.4,0.0,0.0,0.0,0.0,15794.9 MiB,3726.4 MiB,2037.5 MiB,10030.9 MiB,4096.0 MiB,3681.0 MiB,415.0 MiB,13115.9 MiB
9,Python 3.6.15,binarytrees_compatible_all.py 21,65,1694216986,1170294,python,1:16.52,19920,12992,5368,100.0,0.1,1,3,1:16,0,4,8120,0,8135,0,12992,310,2,278,30,0,12.7,1.5,0.0,85.8,0.0,0.0,0.0,0.0,15794.9 MiB,3726.4 MiB,2037.5 MiB,10030.9 MiB,4096.0 MiB,3681.0 MiB,415.0 MiB,13115.9 MiB
9,Python 3.6.15,binarytrees_compatible_all.py 21,66,1694216987,1170294,python,1:17.69,19920,12992,5368,100.0,0.1,1,3,1:17,0,4,8120,0,8147,0,12992,310,2,278,30,0,13.5,0.8,0.0,85.7,0.0,0.0,0.0,0.0,15794.9 MiB,3726.4 MiB,2037.5 MiB,10030.9 MiB,4096.0 MiB,3681.0 MiB,415.0 MiB,13115.9 MiB
9,Python 3.6.15,binarytrees_compatible_all.py 21,67,1694216988,1170294,python,1:18.86,19920,12992,5368,100.0,0.1,1,3,1:18,0,4,8120,0,8159,0,12992,310,2,278,30,0,12.7,1.5,0.0,85.8,0.0,0.0,0.0,0.0,15794.9 MiB,3726.4 MiB,2037.5 MiB,10030.9 MiB,4096.0 MiB,3681.0 MiB,415.0 MiB,13115.9 MiB
9,Python 3.6.15,binarytrees_compatible_all.py 21,68,1694216989,1170294,python,1:20.04,19920,12992,5368,100.0,0.1,1,3,1:20,0,4,8120,0,8171,0,12992,310,2,278,30,0,13.0,0.0,0.0,87.0,0.0,0.0,0.0,0.0,15794.9 MiB,3726.7 MiB,2037.3 MiB,10030.9 MiB,4096.0 MiB,3681.0 MiB,415.0 MiB,13116.1 MiB
9,Python 3.6.15,binarytrees_compatible_all.py 21,69,1694216991,1170294,python,1:21.22,20176,13248,5368,100.0,0.1,1,3,1:21,0,4,8376,0,8184,0,13248,310,2,278,30,0,12.8,1.5,0.0,85.7,0.0,0.0,0.0,0.0,15794.9 MiB,3726.9 MiB,2037.0 MiB,10030.9 MiB,4096.0 MiB,3681.0 MiB,415.0 MiB,13116.4 MiB
9,Python 3.6.15,binarytrees_compatible_all.py 21,70,1694216992,1170294,python,1:22.39,20176,13248,5368,100.0,0.1,1,3,1:22,0,4,8376,0,8196,0,13248,310,2,278,30,0,13.4,0.7,0.0,85.8,0.0,0.0,0.0,0.0,15794.9 MiB,3727.7 MiB,2036.3 MiB,10030.9 MiB,4096.0 MiB,3681.0 MiB,415.0 MiB,13117.1 MiB
9,Python 3.6.15,binarytrees_compatible_all.py 21,71,1694216993,1170294,python,1:23.57,20176,13248,5368,100.0,0.1,1,3,1:23,0,4,8376,0,8208,0,13248,310,2,278,30,0,13.3,1.5,0.0,85.2,0.0,0.0,0.0,0.0,15794.9 MiB,3727.9 MiB,2036.0 MiB,10030.9 MiB,4096.0 MiB,3681.0 MiB,415.0 MiB,13117.4 MiB
9,Python 3.6.15,binarytrees_compatible_all.py 21,72,1694216994,1170294,python,1:24.74,20176,13248,5368,100.0,0.1,1,3,1:24,0,4,8376,0,8220,0,13248,310,2,278,30,0,12.0,1.5,0.0,86.5,0.0,0.0,0.0,0.0,15794.9 MiB,3727.9 MiB,2036.0 MiB,10030.9 MiB,4096.0 MiB,3681.0 MiB,415.0 MiB,13117.4 MiB
9,Python 3.6.15,binarytrees_compatible_all.py 21,73,1694216995,1170294,python,1:25.92,20176,13248,5368,100.0,0.1,1,3,1:25,0,4,8376,0,8232,0,13248,310,2,278,30,0,12.9,0.8,0.0,86.4,0.0,0.0,0.0,0.0,15794.9 MiB,3727.9 MiB,2036.0 MiB,10030.9 MiB,4096.0 MiB,3681.0 MiB,415.0 MiB,13117.4 MiB
9,Python 3.6.15,binarytrees_compatible_all.py 21,74,1694216996,1170294,python,1:27.09,20432,13504,5368,100.0,0.1,1,3,1:27,0,4,8632,0,8245,0,13504,310,2,278,30,0,12.7,1.5,0.0,85.8,0.0,0.0,0.0,0.0,15794.9 MiB,3727.9 MiB,2036.0 MiB,10030.9 MiB,4096.0 MiB,3681.0 MiB,415.0 MiB,13117.4 MiB
9,Python 3.6.15,binarytrees_compatible_all.py 21,75,1694216998,1170294,python,1:28.26,20432,13504,5368,93.8,0.1,1,3,1:28,0,4,8632,0,8257,0,13504,310,2,278,30,0,12.8,1.5,0.0,85.7,0.0,0.0,0.0,0.0,15794.9 MiB,3727.7 MiB,2036.3 MiB,10030.9 MiB,4096.0 MiB,3681.0 MiB,415.0 MiB,13117.1 MiB
9,Python 3.6.15,binarytrees_compatible_all.py 21,76,1694216999,1170294,python,1:29.44,20432,13504,5368,100.0,0.1,1,3,1:29,0,4,8632,0,8269,0,13504,310,2,278,30,0,13.6,0.0,0.0,86.4,0.0,0.0,0.0,0.0,15794.9 MiB,3727.9 MiB,2036.0 MiB,10030.9 MiB,4096.0 MiB,3681.0 MiB,415.0 MiB,13117.4 MiB
9,Python 3.6.15,binarytrees_compatible_all.py 21,77,1694217000,1170294,python,1:30.62,20432,13504,5368,100.0,0.1,1,3,1:30,0,4,8632,0,8281,0,13504,310,2,278,30,0,13.0,0.0,0.0,87.0,0.0,0.0,0.0,0.0,15794.9 MiB,3727.9 MiB,2036.2 MiB,10030.7 MiB,4096.0 MiB,3681.0 MiB,415.0 MiB,13117.4 MiB
9,Python 3.6.15,binarytrees_compatible_all.py 21,78,1694217001,1170294,python,1:31.79,20432,13504,5368,100.0,0.1,1,3,1:31,0,4,8632,0,8293,0,13504,310,2,278,30,0,12.9,0.8,0.0,86.4,0.0,0.0,0.0,0.0,15794.9 MiB,3728.4 MiB,2035.7 MiB,10030.8 MiB,4096.0 MiB,3681.0 MiB,415.0 MiB,13117.9 MiB
9,Python 3.6.15,binarytrees_compatible_all.py 21,79,1694217002,1170294,python,1:32.96,20432,13504,5368,100.0,0.1,1,3,1:32,0,4,8632,0,8306,0,13504,310,2,278,30,0,12.9,0.8,0.0,86.4,0.0,0.0,0.0,0.0,15794.9 MiB,3728.2 MiB,2036.0 MiB,10030.8 MiB,4096.0 MiB,3681.0 MiB,415.0 MiB,13117.6 MiB
9,Python 3.6.15,binarytrees_compatible_all.py 21,80,1694217003,1170294,python,1:34.14,20688,13760,5368,100.0,0.1,1,3,1:34,0,4,8888,0,8319,0,13760,310,2,278,30,0,13.5,0.8,0.0,85.7,0.0,0.0,0.0,0.0,15794.9 MiB,3727.9 MiB,2036.2 MiB,10030.8 MiB,4096.0 MiB,3681.0 MiB,415.0 MiB,13117.4 MiB
9,Python 3.6.15,binarytrees_compatible_all.py 21,81,1694217005,1170294,python,1:35.32,20688,13760,5368,100.0,0.1,1,3,1:35,0,4,8888,0,8331,0,13760,310,2,278,30,0,13.5,0.8,0.0,85.7,0.0,0.0,0.0,0.0,15794.9 MiB,3727.7 MiB,2036.4 MiB,10030.8 MiB,4096.0 MiB,3681.0 MiB,415.0 MiB,13117.1 MiB
9,Python 3.6.15,binarytrees_compatible_all.py 21,82,1694217006,1170294,python,1:36.49,20688,13760,5368,100.0,0.1,1,3,1:36,0,4,8888,0,8343,0,13760,310,2,278,30,0,12.2,0.8,0.0,87.0,0.0,0.0,0.0,0.0,15794.9 MiB,3727.9 MiB,2036.2 MiB,10030.8 MiB,4096.0 MiB,3681.0 MiB,415.0 MiB,13117.4 MiB
9,Python 3.6.15,binarytrees_compatible_all.py 21,83,1694217007,1170294,python,1:37.66,20688,13760,5368,100.0,0.1,1,3,1:37,0,4,8888,0,8355,0,13760,310,2,278,30,0,13.3,1.5,0.0,85.2,0.0,0.0,0.0,0.0,15794.9 MiB,3730.1 MiB,2034.0 MiB,10030.8 MiB,4096.0 MiB,3681.0 MiB,415.0 MiB,13119.6 MiB
9,Python 3.6.15,binarytrees_compatible_all.py 21,84,1694217008,1170294,python,1:38.84,20944,14016,5368,100.0,0.1,1,3,1:38,0,4,9144,0,8933,0,14016,310,2,278,30,0,12.9,0.8,0.0,86.4,0.0,0.0,0.0,0.0,15794.9 MiB,3730.1 MiB,2034.0 MiB,10030.8 MiB,4096.0 MiB,3681.0 MiB,415.0 MiB,13119.6 MiB
9,Python 3.6.15,binarytrees_compatible_all.py 21,85,1694217009,1170294,python,1:40.01,20944,14016,5368,93.8,0.1,1,3,1:40,0,4,9144,0,8933,0,14016,310,2,278,30,0,12.8,0.8,0.0,86.5,0.0,0.0,0.0,0.0,15794.9 MiB,3729.9 MiB,2034.2 MiB,10030.8 MiB,4096.0 MiB,3681.0 MiB,415.0 MiB,13119.4 MiB
9,Python 3.6.15,binarytrees_compatible_all.py 21,86,1694217010,1170294,python,1:41.19,20944,14016,5368,100.0,0.1,1,3,1:41,0,4,9144,0,8933,0,14016,310,2,278,30,0,12.8,1.5,0.0,85.7,0.0,0.0,0.0,0.0,15794.9 MiB,3729.9 MiB,2034.2 MiB,10030.8 MiB,4096.0 MiB,3681.0 MiB,415.0 MiB,13119.4 MiB
9,Python 3.6.15,binarytrees_compatible_all.py 21,87,1694217012,1170294,python,1:42.36,20944,14016,5368,100.0,0.1,1,3,1:42,0,4,9144,0,8933,0,14016,310,2,278,30,0,12.9,0.8,0.0,86.4,0.0,0.0,0.0,0.0,15794.9 MiB,3729.9 MiB,2034.2 MiB,10030.8 MiB,4096.0 MiB,3681.0 MiB,415.0 MiB,13119.4 MiB
9,Python 3.6.15,binarytrees_compatible_all.py 21,88,1694217013,1170294,python,1:43.54,20944,14016,5368,100.0,0.1,1,3,1:43,0,4,9144,0,8933,0,14016,310,2,278,30,0,12.9,1.5,0.0,85.6,0.0,0.0,0.0,0.0,15794.9 MiB,3730.1 MiB,2033.9 MiB,10030.8 MiB,4096.0 MiB,3681.0 MiB,415.0 MiB,13119.6 MiB
9,Python 3.6.15,binarytrees_compatible_all.py 21,89,1694217014,1170294,python,1:44.71,20944,14016,5368,93.8,0.1,1,3,1:44,0,4,9144,0,8933,0,14016,310,2,278,30,0,13.0,1.5,0.0,84.0,1.5,0.0,0.0,0.0,15794.9 MiB,3728.2 MiB,2035.0 MiB,10031.7 MiB,4096.0 MiB,3681.0 MiB,415.0 MiB,13118.5 MiB
9,Python 3.6.15,binarytrees_compatible_all.py 21,90,1694217015,1170294,python,1:45.89,20944,14016,5368,100.0,0.1,1,3,1:45,0,4,9144,0,8933,0,14016,310,2,278,30,0,12.9,0.8,0.0,86.4,0.0,0.0,0.0,0.0,15794.9 MiB,3728.4 MiB,2034.8 MiB,10031.7 MiB,4096.0 MiB,3681.0 MiB,415.0 MiB,13118.8 MiB
9,Python 3.6.15,binarytrees_compatible_all.py 21,91,1694217016,1170294,python,1:47.06,20944,14016,5368,100.0,0.1,1,3,1:47,0,4,9144,0,8933,0,14016,310,2,278,30,0,12.8,0.8,0.0,86.5,0.0,0.0,0.0,0.0,15794.9 MiB,3728.4 MiB,2034.8 MiB,10031.7 MiB,4096.0 MiB,3681.0 MiB,415.0 MiB,13118.8 MiB
9,Python 3.6.15,binarytrees_compatible_all.py 21,92,1694217018,1170294,python,1:48.24,20944,14016,5368,100.0,0.1,1,3,1:48,0,4,9144,0,8933,0,14016,310,2,278,30,0,12.2,0.8,0.0,87.0,0.0,0.0,0.0,0.0,15794.9 MiB,3729.1 MiB,2034.1 MiB,10031.7 MiB,4096.0 MiB,3681.0 MiB,415.0 MiB,13119.5 MiB
9,Python 3.6.15,binarytrees_compatible_all.py 21,93,1694217019,1170294,python,1:49.41,20944,14016,5368,100.0,0.1,1,3,1:49,0,4,9144,0,8933,0,14016,310,2,278,30,0,12.9,0.8,0.0,86.4,0.0,0.0,0.0,0.0,15794.9 MiB,3728.7 MiB,2034.5 MiB,10031.7 MiB,4096.0 MiB,3681.0 MiB,415.0 MiB,13119.1 MiB
9,Python 3.6.15,binarytrees_compatible_all.py 21,94,1694217020,1170294,python,1:50.59,20944,14016,5368,100.0,0.1,1,3,1:50,0,4,9144,0,8933,0,14016,310,2,278,30,0,12.7,2.2,0.0,85.1,0.0,0.0,0.0,0.0,15794.9 MiB,3729.1 MiB,2034.0 MiB,10031.7 MiB,4096.0 MiB,3681.0 MiB,415.0 MiB,13119.5 MiB
9,Python 3.6.15,binarytrees_compatible_all.py 21,95,1694217021,1170294,python,1:51.76,20944,14016,5368,100.0,0.1,1,3,1:51,0,4,9144,0,8933,0,14016,310,2,278,30,0,12.8,0.8,0.0,86.5,0.0,0.0,0.0,0.0,15794.9 MiB,3729.4 MiB,2033.8 MiB,10031.7 MiB,4096.0 MiB,3681.0 MiB,415.0 MiB,13119.8 MiB
9,Python 3.6.15,binarytrees_compatible_all.py 21,96,1694217022,1170294,python,1:52.93,20944,14016,5368,100.0,0.1,1,3,1:52,0,4,9144,0,8933,0,14016,310,2,278,30,0,13.3,2.2,0.0,84.4,0.0,0.0,0.0,0.0,15794.9 MiB,3729.6 MiB,2033.5 MiB,10031.7 MiB,4096.0 MiB,3681.0 MiB,415.0 MiB,13120.0 MiB
9,Python 3.6.15,binarytrees_compatible_all.py 21,97,1694217023,1170294,python,1:54.11,20944,14016,5368,100.0,0.1,1,3,1:54,0,4,9144,0,8933,0,14016,310,2,278,30,0,13.5,0.8,0.0,85.7,0.0,0.0,0.0,0.0,15794.9 MiB,3729.6 MiB,2033.5 MiB,10031.7 MiB,4096.0 MiB,3681.0 MiB,415.0 MiB,13120.0 MiB
9,Python 3.6.15,binarytrees_compatible_all.py 21,98,1694217025,1170294,python,1:55.28,21200,14272,5368,100.0,0.1,1,3,1:55,0,4,9400,0,8946,0,14272,310,2,278,30,0,12.9,0.8,0.0,86.4,0.0,0.0,0.0,0.0,15794.9 MiB,3729.6 MiB,2033.5 MiB,10031.7 MiB,4096.0 MiB,3681.0 MiB,415.0 MiB,13120.0 MiB
9,Python 3.6.15,binarytrees_compatible_all.py 21,99,1694217026,1170294,python,1:56.46,21200,14272,5368,100.0,0.1,1,3,1:56,0,4,9400,0,9006,0,14272,310,2,278,30,0,12.1,1.5,0.0,86.4,0.0,0.0,0.0,0.0,15794.9 MiB,3729.9 MiB,2033.3 MiB,10031.7 MiB,4096.0 MiB,3681.0 MiB,415.0 MiB,13120.3 MiB
9,Python 3.6.15,binarytrees_compatible_all.py 21,100,1694217027,1170294,python,1:57.63,21200,14272,5368,100.0,0.1,1,3,1:57,0,4,9400,0,9009,0,14272,310,2,278,30,0,13.5,0.8,0.0,85.7,0.0,0.0,0.0,0.0,15794.9 MiB,3729.9 MiB,2033.3 MiB,10031.7 MiB,4096.0 MiB,3681.0 MiB,415.0 MiB,13120.3 MiB
9,Python 3.6.15,binarytrees_compatible_all.py 21,101,1694217028,1170294,python,1:58.81,21200,14272,5368,100.0,0.1,1,3,1:58,0,4,9400,0,9012,0,14272,310,2,278,30,0,13.0,0.8,0.0,86.3,0.0,0.0,0.0,0.0,15794.9 MiB,3729.9 MiB,2033.3 MiB,10031.7 MiB,4096.0 MiB,3681.0 MiB,415.0 MiB,13120.3 MiB
9,Python 3.6.15,binarytrees_compatible_all.py 21,102,1694217029,1170294,python,1:59.98,21200,14272,5368,100.0,0.1,1,7,1:59,0,4,9400,0,9015,0,14272,310,2,278,30,0,12.8,1.5,0.0,85.7,0.0,0.0,0.0,0.0,15794.9 MiB,3729.6 MiB,2033.5 MiB,10031.7 MiB,4096.0 MiB,3681.0 MiB,415.0 MiB,13120.1 MiB
9,Python 3.6.15,binarytrees_compatible_all.py 21,103,1694217030,1170294,python,2:01.16,21200,14272,5368,100.0,0.1,1,7,2:01,0,4,9400,0,9018,0,14272,310,2,278,30,0,12.8,0.8,0.0,85.7,0.8,0.0,0.0,0.0,15794.9 MiB,3729.6 MiB,2033.5 MiB,10031.7 MiB,4096.0 MiB,3681.0 MiB,415.0 MiB,13120.1 MiB
9,Python 3.6.15,binarytrees_compatible_all.py 21,104,1694217032,1170294,python,2:02.33,21200,14272,5368,100.0,0.1,1,7,2:02,0,4,9400,0,9021,0,14272,310,2,278,30,0,13.5,0.8,0.0,85.7,0.0,0.0,0.0,0.0,15794.9 MiB,3729.7 MiB,2033.5 MiB,10031.7 MiB,4096.0 MiB,3681.0 MiB,415.0 MiB,13120.1 MiB
9,Python 3.6.15,binarytrees_compatible_all.py 21,105,1694217033,1170294,python,2:03.51,23760,17028,5368,100.0,0.1,1,7,2:03,0,4,11960,0,14k,0,17028,310,2,278,30,0,13.5,0.8,0.0,85.7,0.0,0.0,0.0,0.0,15794.9 MiB,3726.5 MiB,2036.7 MiB,10031.7 MiB,4096.0 MiB,3681.0 MiB,415.0 MiB,13116.9 MiB
9,Python 3.6.15,binarytrees_compatible_all.py 21,106,1694217034,1170294,python,2:04.68,25552,18624,5368,100.0,0.1,1,7,2:04,0,4,13752,0,16k,0,18624,310,2,278,30,0,12.8,1.5,0.0,85.7,0.0,0.0,0.0,0.0,15794.9 MiB,3726.2 MiB,2036.9 MiB,10031.7 MiB,4096.0 MiB,3681.0 MiB,415.0 MiB,13116.7 MiB
9,Python 3.6.15,binarytrees_compatible_all.py 21,107,1694217035,1170294,python,2:05.85,25552,18624,5368,100.0,0.1,1,7,2:05,0,4,13752,0,16k,0,18624,310,2,278,30,0,12.9,1.5,0.0,85.6,0.0,0.0,0.0,0.0,15794.9 MiB,3726.2 MiB,2036.9 MiB,10031.7 MiB,4096.0 MiB,3681.0 MiB,415.0 MiB,13116.7 MiB
9,Python 3.6.15,binarytrees_compatible_all.py 21,108,1694217036,1170294,python,2:07.03,25552,18624,5368,100.0,0.1,1,7,2:07,0,4,13752,0,16k,0,18624,310,2,278,30,0,12.8,0.8,0.0,86.5,0.0,0.0,0.0,0.0,15794.9 MiB,3725.5 MiB,2037.6 MiB,10031.8 MiB,4096.0 MiB,3681.0 MiB,415.0 MiB,13115.9 MiB
9,Python 3.6.15,binarytrees_compatible_all.py 21,109,1694217038,1170294,python,2:08.20,25552,18624,5368,93.8,0.1,1,7,2:08,0,4,13752,0,16k,0,18624,310,2,278,30,0,14.1,1.5,0.0,84.4,0.0,0.0,0.0,0.0,15794.9 MiB,3726.9 MiB,2036.2 MiB,10031.8 MiB,4096.0 MiB,3681.0 MiB,415.0 MiB,13117.4 MiB
9,Python 3.6.15,binarytrees_compatible_all.py 21,110,1694217039,1170294,python,2:09.38,25552,18624,5368,100.0,0.1,1,7,2:09,0,4,13752,0,16k,0,18624,310,2,278,30,0,12.8,1.5,0.0,85.7,0.0,0.0,0.0,0.0,15794.9 MiB,3726.9 MiB,2036.2 MiB,10031.8 MiB,4096.0 MiB,3681.0 MiB,415.0 MiB,13117.4 MiB
9,Python 3.6.15,binarytrees_compatible_all.py 21,111,1694217040,1170294,python,2:10.55,25552,18624,5368,100.0,0.1,1,7,2:10,0,4,13752,0,16k,0,18624,310,2,278,30,0,13.5,0.8,0.0,85.7,0.0,0.0,0.0,0.0,15794.9 MiB,3726.5 MiB,2036.7 MiB,10031.8 MiB,4096.0 MiB,3681.0 MiB,415.0 MiB,13116.9 MiB
9,Python 3.6.15,binarytrees_compatible_all.py 21,112,1694217041,1170294,python,2:11.73,25552,18624,5368,100.0,0.1,1,7,2:11,0,4,13752,0,16k,0,18624,310,2,278,30,0,13.0,0.0,0.0,86.3,0.8,0.0,0.0,0.0,15794.9 MiB,3726.5 MiB,2036.6 MiB,10031.8 MiB,4096.0 MiB,3681.0 MiB,415.0 MiB,13116.9 MiB
9,Python 3.6.15,binarytrees_compatible_all.py 21,113,1694217042,1170294,python,2:12.90,25552,18624,5368,93.8,0.1,1,7,2:12,0,4,13752,0,16k,0,18624,310,2,278,30,0,12.8,1.5,0.0,85.7,0.0,0.0,0.0,0.0,15794.9 MiB,3726.7 MiB,2036.4 MiB,10031.8 MiB,4096.0 MiB,3681.0 MiB,415.0 MiB,13117.2 MiB
9,Python 3.6.15,binarytrees_compatible_all.py 21,114,1694217043,1170294,python,2:14.08,25552,18624,5368,100.0,0.1,1,7,2:14,0,4,13752,0,16k,0,18624,310,2,278,30,0,12.8,0.8,0.0,86.5,0.0,0.0,0.0,0.0,15794.9 MiB,3726.5 MiB,2036.6 MiB,10031.8 MiB,4096.0 MiB,3681.0 MiB,415.0 MiB,13116.9 MiB
9,Python 3.6.15,binarytrees_compatible_all.py 21,115,1694217045,1170294,python,2:15.25,25552,18624,5368,100.0,0.1,1,7,2:15,0,4,13752,0,16k,0,18624,310,2,278,30,0,12.9,0.8,0.0,86.4,0.0,0.0,0.0,0.0,15794.9 MiB,3726.2 MiB,2036.9 MiB,10031.8 MiB,4096.0 MiB,3681.0 MiB,415.0 MiB,13116.7 MiB
9,Python 3.6.15,binarytrees_compatible_all.py 21,116,1694217046,1170294,python,2:16.43,25552,18624,5368,100.0,0.1,1,7,2:16,0,4,13752,0,16k,0,18624,310,2,278,30,0,13.4,1.5,0.0,85.1,0.0,0.0,0.0,0.0,15794.9 MiB,3726.2 MiB,2036.9 MiB,10031.8 MiB,4096.0 MiB,3681.0 MiB,415.0 MiB,13116.7 MiB
9,Python 3.6.15,binarytrees_compatible_all.py 21,117,1694217047,1170294,python,2:17.61,25552,18624,5368,100.0,0.1,1,7,2:17,0,4,13752,0,16k,0,18624,310,2,278,30,0,12.8,1.5,0.0,85.7,0.0,0.0,0.0,0.0,15794.9 MiB,3726.5 MiB,2036.6 MiB,10031.8 MiB,4096.0 MiB,3681.0 MiB,415.0 MiB,13117.0 MiB
9,Python 3.6.15,binarytrees_compatible_all.py 21,118,1694217048,1170294,python,2:18.78,25552,18624,5368,100.0,0.1,1,7,2:18,0,4,13752,0,16k,0,18624,310,2,278,30,0,12.8,1.5,0.0,85.7,0.0,0.0,0.0,0.0,15794.9 MiB,3726.2 MiB,2036.9 MiB,10031.8 MiB,4096.0 MiB,3681.0 MiB,415.0 MiB,13116.7 MiB
9,Python 3.6.15,binarytrees_compatible_all.py 21,119,1694217049,1170294,python,2:19.95,25552,18624,5368,100.0,0.1,1,7,2:19,0,4,13752,0,16k,0,18624,310,2,278,30,0,12.1,1.5,0.0,86.4,0.0,0.0,0.0,0.0,15794.9 MiB,3726.2 MiB,2036.9 MiB,10031.8 MiB,4096.0 MiB,3681.0 MiB,415.0 MiB,13116.7 MiB
9,Python 3.6.15,binarytrees_compatible_all.py 21,120,1694217050,1170294,python,2:21.13,25552,18624,5368,100.0,0.1,1,7,2:21,0,4,13752,0,16k,0,18624,310,2,278,30,0,12.8,1.5,0.0,85.7,0.0,0.0,0.0,0.0,15794.9 MiB,3726.2 MiB,2036.9 MiB,10031.8 MiB,4096.0 MiB,3681.0 MiB,415.0 MiB,13116.7 MiB
9,Python 3.6.15,binarytrees_compatible_all.py 21,121,1694217052,1170294,python,2:22.31,25552,18624,5368,100.0,0.1,1,7,2:22,0,4,13752,0,16k,0,18624,310,2,278,30,0,12.8,1.5,0.0,85.7,0.0,0.0,0.0,0.0,15794.9 MiB,3726.2 MiB,2036.9 MiB,10031.8 MiB,4096.0 MiB,3681.0 MiB,415.0 MiB,13116.7 MiB
9,Python 3.6.15,binarytrees_compatible_all.py 21,122,1694217053,1170294,python,2:23.48,25552,18624,5368,100.0,0.1,1,7,2:23,0,4,13752,0,16k,0,18624,310,2,278,30,0,13.4,1.5,0.0,85.1,0.0,0.0,0.0,0.0,15794.9 MiB,3726.2 MiB,2036.9 MiB,10031.8 MiB,4096.0 MiB,3681.0 MiB,415.0 MiB,13116.7 MiB
9,Python 3.6.15,binarytrees_compatible_all.py 21,123,1694217054,1170294,python,2:24.66,25552,18624,5368,100.0,0.1,1,7,2:24,0,4,13752,0,16k,0,18624,310,2,278,30,0,13.5,0.8,0.0,85.7,0.0,0.0,0.0,0.0,15794.9 MiB,3726.7 MiB,2036.4 MiB,10031.8 MiB,4096.0 MiB,3681.0 MiB,415.0 MiB,13117.2 MiB
9,Python 3.6.15,binarytrees_compatible_all.py 21,124,1694217055,1170294,python,2:25.84,25552,18624,5368,94.1,0.1,1,7,2:25,0,4,13752,0,16k,0,18624,310,2,278,30,0,13.5,1.4,0.0,85.1,0.0,0.0,0.0,0.0,15794.9 MiB,3726.9 MiB,2036.1 MiB,10031.8 MiB,4096.0 MiB,3681.0 MiB,415.0 MiB,13117.5 MiB
9,Python 3.6.15,binarytrees_compatible_all.py 21,125,1694217056,1170294,python,2:27.03,25552,18624,5368,100.0,0.1,1,7,2:27,0,4,13752,0,16k,0,18624,310,2,278,30,0,14.2,0.7,0.0,85.1,0.0,0.0,0.0,0.0,15794.9 MiB,3726.9 MiB,2036.1 MiB,10031.8 MiB,4096.0 MiB,3681.0 MiB,415.0 MiB,13117.5 MiB
9,Python 3.6.15,binarytrees_compatible_all.py 21,126,1694217058,1170294,python,2:28.22,25552,18624,5368,100.0,0.1,1,7,2:28,0,4,13752,0,16k,0,18624,310,2,278,30,0,12.8,2.1,0.0,85.1,0.0,0.0,0.0,0.0,15794.9 MiB,3726.7 MiB,2036.4 MiB,10031.8 MiB,4096.0 MiB,3681.0 MiB,415.0 MiB,13117.2 MiB
9,Python 3.6.15,binarytrees_compatible_all.py 21,127,1694217059,1170294,python,2:29.39,25552,18624,5368,100.0,0.1,1,7,2:29,0,4,13752,0,16k,0,18624,310,2,278,30,0,12.0,1.5,0.0,85.7,0.8,0.0,0.0,0.0,15794.9 MiB,3726.7 MiB,2036.4 MiB,10031.8 MiB,4096.0 MiB,3681.0 MiB,415.0 MiB,13117.2 MiB
9,Python 3.6.15,binarytrees_compatible_all.py 21,128,1694217060,1170294,python,2:30.57,34512,27420,5368,100.0,0.2,1,3,2:30,0,4,22712,0,65k,0,27420,310,2,278,30,0,12.7,2.2,0.0,85.1,0.0,0.0,0.0,0.0,15794.9 MiB,3712.5 MiB,2050.7 MiB,10031.8 MiB,4096.0 MiB,3681.0 MiB,415.0 MiB,13103.0 MiB
9,Python 3.6.15,binarytrees_compatible_all.py 21,129,1694217061,1170294,python,2:31.75,42704,35984,5368,100.0,0.2,1,3,2:31,0,4,30904,0,107k,0,35984,310,2,278,30,0,12.0,2.3,0.0,85.7,0.0,0.0,0.0,0.0,15794.9 MiB,3711.7 MiB,2051.4 MiB,10031.8 MiB,4096.0 MiB,3681.0 MiB,415.0 MiB,13102.2 MiB
9,Python 3.6.15,binarytrees_compatible_all.py 21,130,1694217062,1170294,python,2:32.92,41680,34844,5368,100.0,0.2,1,3,2:32,0,4,29880,0,134k,0,34844,310,2,278,30,0,12.9,0.8,0.0,86.4,0.0,0.0,0.0,0.0,15794.9 MiB,3711.7 MiB,2051.4 MiB,10031.8 MiB,4096.0 MiB,3681.0 MiB,415.0 MiB,13102.2 MiB
9,Python 3.6.15,binarytrees_compatible_all.py 21,131,1694217063,1170294,python,2:34.10,44496,37456,5368,100.0,0.2,1,3,2:34,0,4,32696,0,147k,0,37456,310,2,278,30,0,12.2,0.8,0.0,87.0,0.0,0.0,0.0,0.0,15794.9 MiB,3710.7 MiB,2052.4 MiB,10031.8 MiB,4096.0 MiB,3681.0 MiB,415.0 MiB,13101.2 MiB
9,Python 3.6.15,binarytrees_compatible_all.py 21,132,1694217065,1170294,python,2:35.27,44496,37568,5368,100.0,0.2,1,3,2:35,0,4,32696,0,149k,0,37568,310,2,278,30,0,13.6,0.8,0.0,84.8,0.8,0.0,0.0,0.0,15794.9 MiB,3710.5 MiB,2052.6 MiB,10031.8 MiB,4096.0 MiB,3681.0 MiB,415.0 MiB,13101.0 MiB
9,Python 3.6.15,binarytrees_compatible_all.py 21,133,1694217066,1170294,python,2:36.45,44496,37568,5368,100.0,0.2,1,3,2:36,0,4,32696,0,149k,0,37568,310,2,278,30,0,12.9,0.8,0.0,86.4,0.0,0.0,0.0,0.0,15794.9 MiB,3710.2 MiB,2052.9 MiB,10031.8 MiB,4096.0 MiB,3681.0 MiB,415.0 MiB,13100.8 MiB
9,Python 3.6.15,binarytrees_compatible_all.py 21,134,1694217067,1170294,python,2:37.62,44496,37568,5368,93.8,0.2,1,3,2:37,0,4,32696,0,149k,0,37568,310,2,278,30,0,12.8,0.8,0.0,86.5,0.0,0.0,0.0,0.0,15794.9 MiB,3711.2 MiB,2051.9 MiB,10031.8 MiB,4096.0 MiB,3681.0 MiB,415.0 MiB,13101.8 MiB
9,Python 3.6.15,binarytrees_compatible_all.py 21,135,1694217068,1170294,python,2:38.80,44496,37568,5368,100.0,0.2,1,3,2:38,0,4,32696,0,149k,0,37568,310,2,278,30,0,12.8,1.5,0.0,85.7,0.0,0.0,0.0,0.0,15794.9 MiB,3711.2 MiB,2051.9 MiB,10031.8 MiB,4096.0 MiB,3681.0 MiB,415.0 MiB,13101.8 MiB
9,Python 3.6.15,binarytrees_compatible_all.py 21,136,1694217069,1170294,python,2:39.97,44496,37568,5368,100.0,0.2,1,3,2:39,0,4,32696,0,149k,0,37568,310,2,278,30,0,13.5,0.8,0.0,85.7,0.0,0.0,0.0,0.0,15794.9 MiB,3710.7 MiB,2052.4 MiB,10031.8 MiB,4096.0 MiB,3681.0 MiB,415.0 MiB,13101.3 MiB
9,Python 3.6.15,binarytrees_compatible_all.py 21,137,1694217070,1170294,python,2:41.15,44496,37568,5368,100.0,0.2,1,3,2:41,0,4,32696,0,149k,0,37568,310,2,278,30,0,13.5,0.8,0.0,85.0,0.8,0.0,0.0,0.0,15794.9 MiB,3710.7 MiB,2052.4 MiB,10031.8 MiB,4096.0 MiB,3681.0 MiB,415.0 MiB,13101.3 MiB
9,Python 3.6.15,binarytrees_compatible_all.py 21,138,1694217072,1170294,python,2:42.33,44496,37568,5368,100.0,0.2,1,3,2:42,0,4,32696,0,149k,0,37568,310,2,278,30,0,12.9,0.8,0.0,86.4,0.0,0.0,0.0,0.0,15794.9 MiB,3710.7 MiB,2052.4 MiB,10031.8 MiB,4096.0 MiB,3681.0 MiB,415.0 MiB,13101.3 MiB
9,Python 3.6.15,binarytrees_compatible_all.py 21,139,1694217073,1170294,python,2:43.50,44496,37568,5368,100.0,0.2,1,3,2:43,0,4,32696,0,149k,0,37568,310,2,278,30,0,12.9,0.8,0.0,86.4,0.0,0.0,0.0,0.0,15794.9 MiB,3710.7 MiB,2052.4 MiB,10031.8 MiB,4096.0 MiB,3681.0 MiB,415.0 MiB,13101.3 MiB
9,Python 3.6.15,binarytrees_compatible_all.py 21,140,1694217074,1170294,python,2:44.67,44496,37568,5368,93.8,0.2,1,3,2:44,0,4,32696,0,149k,0,37568,310,2,278,30,0,12.8,1.5,0.0,85.7,0.0,0.0,0.0,0.0,15794.9 MiB,3710.5 MiB,2052.6 MiB,10031.8 MiB,4096.0 MiB,3681.0 MiB,415.0 MiB,13101.0 MiB
9,Python 3.6.15,binarytrees_compatible_all.py 21,141,1694217075,1170294,python,2:45.85,44496,37568,5368,100.0,0.2,1,3,2:45,0,4,32696,0,149k,0,37568,310,2,278,30,0,13.5,0.8,0.0,85.7,0.0,0.0,0.0,0.0,15794.9 MiB,3710.7 MiB,2052.4 MiB,10031.8 MiB,4096.0 MiB,3681.0 MiB,415.0 MiB,13101.3 MiB
9,Python 3.6.15,binarytrees_compatible_all.py 21,142,1694217076,1170294,python,2:47.02,44496,37568,5368,93.8,0.2,1,3,2:47,0,4,32696,0,149k,0,37568,310,2,278,30,0,13.5,0.8,0.0,85.7,0.0,0.0,0.0,0.0,15794.9 MiB,3710.7 MiB,2052.3 MiB,10031.8 MiB,4096.0 MiB,3681.0 MiB,415.0 MiB,13101.3 MiB
9,Python 3.6.15,binarytrees_compatible_all.py 21,143,1694217078,1170294,python,2:48.20,44496,37568,5368,100.0,0.2,1,7,2:48,0,4,32696,0,149k,0,37568,310,2,278,30,0,12.0,1.5,0.0,86.5,0.0,0.0,0.0,0.0,15794.9 MiB,3710.7 MiB,2052.3 MiB,10031.8 MiB,4096.0 MiB,3681.0 MiB,415.0 MiB,13101.3 MiB
9,Python 3.6.15,binarytrees_compatible_all.py 21,144,1694217079,1170294,python,2:49.37,44496,37568,5368,93.8,0.2,1,7,2:49,0,4,32696,0,149k,0,37568,310,2,278,30,0,12.9,0.8,0.0,86.4,0.0,0.0,0.0,0.0,15794.9 MiB,3710.7 MiB,2052.3 MiB,10031.8 MiB,4096.0 MiB,3681.0 MiB,415.0 MiB,13101.3 MiB
9,Python 3.6.15,binarytrees_compatible_all.py 21,145,1694217080,1170294,python,2:50.55,44496,37568,5368,100.0,0.2,1,7,2:50,0,4,32696,0,149k,0,37568,310,2,278,30,0,12.8,1.5,0.0,85.7,0.0,0.0,0.0,0.0,15794.9 MiB,3710.7 MiB,2052.3 MiB,10031.8 MiB,4096.0 MiB,3681.0 MiB,415.0 MiB,13101.3 MiB
9,Python 3.6.15,binarytrees_compatible_all.py 21,146,1694217081,1170294,python,2:51.73,44496,37568,5368,100.0,0.2,1,7,2:51,0,4,32696,0,149k,0,37568,310,2,278,30,0,12.7,1.5,0.0,85.8,0.0,0.0,0.0,0.0,15794.9 MiB,3710.5 MiB,2052.6 MiB,10031.8 MiB,4096.0 MiB,3681.0 MiB,415.0 MiB,13101.1 MiB
9,Python 3.6.15,binarytrees_compatible_all.py 21,147,1694217082,1170294,python,2:52.90,44496,37568,5368,93.8,0.2,1,7,2:52,0,4,32696,0,149k,0,37568,310,2,278,30,0,12.8,1.5,0.0,85.7,0.0,0.0,0.0,0.0,15794.9 MiB,3710.0 MiB,2053.1 MiB,10031.8 MiB,4096.0 MiB,3681.0 MiB,415.0 MiB,13100.6 MiB
9,Python 3.6.15,binarytrees_compatible_all.py 21,148,1694217083,1170294,python,2:54.08,44496,37568,5368,100.0,0.2,1,7,2:54,0,4,32696,0,149k,0,37568,310,2,278,30,0,13.4,1.5,0.0,85.1,0.0,0.0,0.0,0.0,15794.9 MiB,3710.0 MiB,2053.1 MiB,10031.8 MiB,4096.0 MiB,3681.0 MiB,415.0 MiB,13100.6 MiB
9,Python 3.6.15,binarytrees_compatible_all.py 21,149,1694217085,1170294,python,2:55.25,44496,37568,5368,100.0,0.2,1,7,2:55,0,4,32696,0,149k,0,37568,310,2,278,30,0,14.2,0.0,0.0,85.8,0.0,0.0,0.0,0.0,15794.9 MiB,3710.0 MiB,2053.1 MiB,10031.8 MiB,4096.0 MiB,3681.0 MiB,415.0 MiB,13100.6 MiB
9,Python 3.6.15,binarytrees_compatible_all.py 21,150,1694217086,1170294,python,2:56.43,44496,37568,5368,100.0,0.2,1,7,2:56,0,4,32696,0,149k,0,37568,310,2,278,30,0,12.2,1.5,0.0,86.3,0.0,0.0,0.0,0.0,15794.9 MiB,3709.2 MiB,2053.8 MiB,10031.8 MiB,4096.0 MiB,3681.0 MiB,415.0 MiB,13099.8 MiB
9,Python 3.6.15,binarytrees_compatible_all.py 21,151,1694217087,1170294,python,2:57.60,70096,63348,5368,100.0,0.4,1,7,2:57,0,4,58296,0,208k,0,63348,310,2,278,30,0,11.4,2.3,0.0,86.4,0.0,0.0,0.0,0.0,15794.9 MiB,3683.2 MiB,2079.9 MiB,10031.8 MiB,4096.0 MiB,3681.0 MiB,415.0 MiB,13073.8 MiB
9,Python 3.6.15,binarytrees_compatible_all.py 21,152,1694217088,1170294,python,2:58.77,87248,80416,5368,100.0,0.5,1,7,2:58,0,4,75448,0,271k,0,80416,310,2,278,30,0,12.1,1.5,0.0,86.4,0.0,0.0,0.0,0.0,15794.9 MiB,3678.0 MiB,2085.1 MiB,10031.8 MiB,4096.0 MiB,3681.0 MiB,415.0 MiB,13068.6 MiB
9,Python 3.6.15,binarytrees_compatible_all.py 21,153,1694217089,1170294,python,2:59.95,108240,101320,5368,100.0,0.6,1,7,2:59,0,4,96440,0,334k,0,101320,310,2,278,30,0,12.0,2.3,0.0,85.7,0.0,0.0,0.0,0.0,15794.9 MiB,3657.3 MiB,2105.7 MiB,10031.8 MiB,4096.0 MiB,3681.0 MiB,415.0 MiB,13047.9 MiB
9,Python 3.6.15,binarytrees_compatible_all.py 21,154,1694217090,1170294,python,3:01.12,72144,65396,5368,93.8,0.4,1,7,3:01,0,4,60344,0,394k,0,65396,310,2,278,30,0,11.4,2.3,0.0,86.4,0.0,0.0,0.0,0.0,15794.9 MiB,3675.5 MiB,2087.5 MiB,10031.8 MiB,4096.0 MiB,3681.0 MiB,415.0 MiB,13066.1 MiB
9,Python 3.6.15,binarytrees_compatible_all.py 21,155,1694217092,1170294,python,3:02.30,74960,68212,5368,100.0,0.4,1,7,3:02,0,4,63160,0,451k,0,68212,310,2,278,30,0,11.9,2.2,0.0,85.8,0.0,0.0,0.0,0.0,15794.9 MiB,3677.8 MiB,2085.2 MiB,10031.8 MiB,4096.0 MiB,3681.0 MiB,415.0 MiB,13068.4 MiB
9,Python 3.6.15,binarytrees_compatible_all.py 21,156,1694217093,1170294,python,3:03.47,79824,73008,5368,100.0,0.5,1,7,3:03,0,4,68024,0,508k,0,73008,310,2,278,30,0,12.0,1.5,0.0,86.5,0.0,0.0,0.0,0.0,15794.9 MiB,3679.4 MiB,2083.7 MiB,10031.8 MiB,4096.0 MiB,3681.0 MiB,415.0 MiB,13070.0 MiB
9,Python 3.6.15,binarytrees_compatible_all.py 21,157,1694217094,1170294,python,3:04.65,103632,96680,5368,100.0,0.6,1,7,3:04,0,4,91832,0,568k,0,96680,310,2,278,30,0,12.8,1.5,0.0,85.7,0.0,0.0,0.0,0.0,15794.9 MiB,3662.0 MiB,2101.0 MiB,10031.8 MiB,4096.0 MiB,3681.0 MiB,415.0 MiB,13052.6 MiB
9,Python 3.6.15,binarytrees_compatible_all.py 21,158,1694217095,1170294,python,3:05.83,83664,76916,5368,100.0,0.5,1,7,3:05,0,4,71864,0,627k,0,76916,310,2,278,30,0,12.8,1.5,0.0,85.7,0.0,0.0,0.0,0.0,15794.9 MiB,3653.2 MiB,2109.8 MiB,10031.8 MiB,4096.0 MiB,3681.0 MiB,415.0 MiB,13043.8 MiB
9,Python 3.6.15,binarytrees_compatible_all.py 21,159,1694217096,1170294,python,3:06.99,75472,68724,5368,93.8,0.4,1,7,3:06,0,4,63672,0,679k,0,68724,310,2,278,30,0,11.3,2.3,0.0,86.5,0.0,0.0,0.0,0.0,15794.9 MiB,3677.3 MiB,2085.7 MiB,10031.8 MiB,4096.0 MiB,3681.0 MiB,415.0 MiB,13067.9 MiB
9,Python 3.6.15,binarytrees_compatible_all.py 21,160,1694217097,1170294,python,3:08.17,80080,73120,5368,100.0,0.5,1,7,3:08,0,4,68280,0,733k,0,73120,310,2,278,30,0,12.8,1.5,0.0,85.7,0.0,0.0,0.0,0.0,15794.9 MiB,3675.8 MiB,2087.3 MiB,10031.8 MiB,4096.0 MiB,3681.0 MiB,415.0 MiB,13066.4 MiB
9,Python 3.6.15,binarytrees_compatible_all.py 21,161,1694217099,1170294,python,3:09.35,104912,97984,5368,100.0,0.6,1,7,3:09,0,4,93112,0,790k,0,97984,310,2,278,30,0,12.1,1.5,0.0,86.4,0.0,0.0,0.0,0.0,15794.9 MiB,3661.3 MiB,2101.8 MiB,10031.8 MiB,4096.0 MiB,3681.0 MiB,415.0 MiB,13051.9 MiB
9,Python 3.6.15,binarytrees_compatible_all.py 21,162,1694217100,1170294,python,3:10.53,77520,70772,5368,100.0,0.4,1,7,3:10,0,4,65720,0,844k,0,70772,310,2,278,30,0,12.8,1.5,0.0,85.7,0.0,0.0,0.0,0.0,15794.9 MiB,3668.7 MiB,2094.4 MiB,10031.8 MiB,4096.0 MiB,3681.0 MiB,415.0 MiB,13059.3 MiB
9,Python 3.6.15,binarytrees_compatible_all.py 21,163,1694217101,1170294,python,3:11.70,80336,73588,5368,100.0,0.5,1,7,3:11,0,4,68536,0,895k,0,73588,310,2,278,30,0,13.0,0.8,0.0,86.3,0.0,0.0,0.0,0.0,15794.9 MiB,3673.2 MiB,2089.8 MiB,10031.8 MiB,4096.0 MiB,3681.0 MiB,415.0 MiB,13063.9 MiB
9,Python 3.6.15,binarytrees_compatible_all.py 21,164,1694217102,1170294,python,3:12.87,86992,80232,5368,100.0,0.5,1,7,3:12,0,4,75192,0,946k,0,80232,310,2,278,30,0,14.2,0.7,0.0,85.1,0.0,0.0,0.0,0.0,15794.9 MiB,3675.3 MiB,2087.8 MiB,10031.9 MiB,4096.0 MiB,3681.0 MiB,415.0 MiB,13065.9 MiB
9,Python 3.6.15,binarytrees_compatible_all.py 21,165,1694217103,1170294,python,3:14.05,114640,107864,5368,100.0,0.7,1,7,3:14,0,4,102840,0,1.0m,0,107864,310,2,278,30,0,12.8,0.8,0.0,86.5,0.0,0.0,0.0,0.0,15794.9 MiB,3652.2 MiB,2110.9 MiB,10031.9 MiB,4096.0 MiB,3681.0 MiB,415.0 MiB,13042.8 MiB
9,Python 3.6.15,binarytrees_compatible_all.py 21,166,1694217105,1170294,python,3:15.23,82384,75636,5368,100.0,0.5,1,7,3:15,0,4,70584,0,1.0m,0,75636,310,2,278,30,0,11.3,2.3,0.0,86.5,0.0,0.0,0.0,0.0,15794.9 MiB,3671.0 MiB,2092.1 MiB,10031.9 MiB,4096.0 MiB,3681.0 MiB,415.0 MiB,13061.6 MiB
9,Python 3.6.15,binarytrees_compatible_all.py 21,167,1694217106,1170294,python,3:16.40,80848,74100,5368,100.0,0.5,1,7,3:16,0,4,69048,0,1.1m,0,74100,310,2,278,30,0,12.0,2.3,0.0,85.7,0.0,0.0,0.0,0.0,15794.9 MiB,3672.5 MiB,2090.5 MiB,10031.9 MiB,4096.0 MiB,3681.0 MiB,415.0 MiB,13063.1 MiB
9,Python 3.6.15,binarytrees_compatible_all.py 21,168,1694217107,1170294,python,3:17.58,100560,93808,5368,100.0,0.6,1,7,3:17,0,4,88760,0,1.1m,0,93808,310,2,278,30,0,12.1,1.5,0.0,86.4,0.0,0.0,0.0,0.0,15794.9 MiB,3665.4 MiB,2097.6 MiB,10031.9 MiB,4096.0 MiB,3681.0 MiB,415.0 MiB,13056.1 MiB
9,Python 3.6.15,binarytrees_compatible_all.py 21,169,1694217108,1170294,python,3:18.75,84432,77684,5368,100.0,0.5,1,7,3:18,0,4,72632,0,1.2m,0,77684,310,2,278,30,0,12.7,2.2,0.0,85.1,0.0,0.0,0.0,0.0,15794.9 MiB,3661.6 MiB,2101.4 MiB,10031.9 MiB,4096.0 MiB,3681.0 MiB,415.0 MiB,13052.2 MiB
9,Python 3.6.15,binarytrees_compatible_all.py 21,170,1694217109,1170294,python,3:19.92,82896,76148,5368,100.0,0.5,1,7,3:19,0,4,71096,0,1.2m,0,76148,310,2,278,30,0,12.1,1.5,0.0,86.4,0.0,0.0,0.0,0.0,15794.9 MiB,3670.5 MiB,2092.5 MiB,10031.9 MiB,4096.0 MiB,3681.0 MiB,415.0 MiB,13061.1 MiB
9,Python 3.6.15,binarytrees_compatible_all.py 21,171,1694217110,1170294,python,3:21.10,93136,86352,5368,100.0,0.5,1,7,3:21,0,4,81336,0,1.3m,0,86352,310,2,278,30,0,12.2,0.8,0.0,87.0,0.0,0.0,0.0,0.0,15794.9 MiB,3667.9 MiB,2095.1 MiB,10031.9 MiB,4096.0 MiB,3681.0 MiB,415.0 MiB,13058.6 MiB
9,Python 3.6.15,binarytrees_compatible_all.py 21,172,1694217112,1170294,python,3:22.27,102608,95860,5368,100.0,0.6,1,7,3:22,0,4,90808,0,1.3m,0,95860,310,2,278,30,0,11.4,2.3,0.0,86.4,0.0,0.0,0.0,0.0,15794.9 MiB,3642.8 MiB,2120.2 MiB,10031.9 MiB,4096.0 MiB,3681.0 MiB,415.0 MiB,13033.5 MiB
9,Python 3.6.15,binarytrees_compatible_all.py 21,173,1694217113,1170294,python,3:23.45,84944,78196,5368,100.0,0.5,1,7,3:23,0,4,73144,0,1.3m,0,78196,310,2,278,30,0,11.4,2.3,0.0,86.4,0.0,0.0,0.0,0.0,15794.9 MiB,3667.9 MiB,2095.1 MiB,10031.9 MiB,4096.0 MiB,3681.0 MiB,415.0 MiB,13058.6 MiB
9,Python 3.6.15,binarytrees_compatible_all.py 21,174,1694217114,1170294,python,3:24.62,91344,84176,5368,100.0,0.5,1,7,3:24,0,4,79544,0,1.4m,0,84176,310,2,278,30,0,12.8,1.5,0.0,85.7,0.0,0.0,0.0,0.0,15794.9 MiB,3665.4 MiB,2097.6 MiB,10031.9 MiB,4096.0 MiB,3681.0 MiB,415.0 MiB,13056.1 MiB
9,Python 3.6.15,binarytrees_compatible_all.py 21,175,1694217115,1170294,python,3:25.80,220368,213300,5368,100.0,1.3,1,7,3:25,0,4,208568,0,1.4m,0,213300,310,2,278,30,0,13.5,0.8,0.0,85.7,0.0,0.0,0.0,0.0,15794.9 MiB,3544.9 MiB,2218.1 MiB,10031.9 MiB,4096.0 MiB,3681.0 MiB,415.0 MiB,12935.5 MiB
9,Python 3.6.15,binarytrees_compatible_all.py 21,176,1694217116,1170294,python,3:26.97,312528,305756,5368,93.8,1.9,1,7,3:26,0,4,300728,0,1.5m,0,305756,310,2,278,30,0,11.3,3.0,0.0,85.7,0.0,0.0,0.0,0.0,15794.9 MiB,3457.5 MiB,2305.5 MiB,10031.9 MiB,4096.0 MiB,3681.0 MiB,415.0 MiB,12848.2 MiB
9,Python 3.6.15,binarytrees_compatible_all.py 21,177,1694217117,1170294,python,3:28.14,357328,350656,5368,93.8,2.2,1,7,3:28,0,4,345528,0,1.6m,0,350656,310,2,278,30,0,11.4,2.3,0.0,86.4,0.0,0.0,0.0,0.0,15794.9 MiB,3384.8 MiB,2378.2 MiB,10031.9 MiB,4096.0 MiB,3681.0 MiB,415.0 MiB,12775.5 MiB
9,Python 3.6.15,binarytrees_compatible_all.py 21,178,1694217119,1170294,python,3:29.32,220880,214208,5368,100.0,1.3,1,7,3:29,0,4,209080,0,1.6m,0,214208,310,2,278,30,0,12.9,0.8,0.0,86.4,0.0,0.0,0.0,0.0,15794.9 MiB,3534.9 MiB,2228.1 MiB,10031.9 MiB,4096.0 MiB,3681.0 MiB,415.0 MiB,12925.5 MiB
9,Python 3.6.15,binarytrees_compatible_all.py 21,179,1694217120,1170294,python,3:30.50,281552,274588,5368,100.0,1.7,1,7,3:30,0,4,269752,0,1.7m,0,274588,310,2,278,30,0,13.4,2.2,0.0,84.3,0.0,0.0,0.0,0.0,15794.9 MiB,3479.9 MiB,2283.1 MiB,10031.9 MiB,4096.0 MiB,3681.0 MiB,415.0 MiB,12870.6 MiB
9,Python 3.6.15,binarytrees_compatible_all.py 21,180,1694217121,1170294,python,3:31.68,399056,392132,5368,100.0,2.4,1,7,3:31,0,4,387256,0,1.8m,0,392132,310,2,278,30,0,11.3,3.0,0.0,85.7,0.0,0.0,0.0,0.0,15794.9 MiB,3365.2 MiB,2397.8 MiB,10031.9 MiB,4096.0 MiB,3681.0 MiB,415.0 MiB,12755.9 MiB
9,Python 3.6.15,binarytrees_compatible_all.py 21,181,1694217122,1170294,python,3:32.84,221392,214720,5368,93.8,1.3,1,7,3:32,0,4,209592,0,1.8m,0,214720,310,2,278,30,0,12.8,0.8,0.0,86.5,0.0,0.0,0.0,0.0,15794.9 MiB,3526.7 MiB,2236.2 MiB,10031.9 MiB,4096.0 MiB,3681.0 MiB,415.0 MiB,12917.4 MiB
9,Python 3.6.15,binarytrees_compatible_all.py 21,182,1694217123,1170294,python,3:34.03,250576,243420,5368,100.0,1.5,1,7,3:34,0,4,238776,0,1.9m,0,243420,310,2,278,30,0,12.2,1.5,0.0,86.3,0.0,0.0,0.0,0.0,15794.9 MiB,3509.9 MiB,2253.0 MiB,10031.9 MiB,4096.0 MiB,3681.0 MiB,415.0 MiB,12900.6 MiB
9,Python 3.6.15,binarytrees_compatible_all.py 21,183,1694217125,1170294,python,3:35.20,369360,362284,5368,100.0,2.2,1,3,3:35,0,4,357560,0,2.0m,0,362284,310,2,278,30,0,11.9,2.2,0.0,85.8,0.0,0.0,0.0,0.0,15794.9 MiB,3402.9 MiB,2360.1 MiB,10031.9 MiB,4096.0 MiB,3681.0 MiB,415.0 MiB,12793.6 MiB
9,Python 3.6.15,binarytrees_compatible_all.py 21,184,1694217126,1170294,python,3:36.38,221904,215232,5368,100.0,1.3,1,3,3:36,0,4,210104,0,2.0m,0,215232,310,2,278,30,0,11.3,3.0,0.0,85.7,0.0,0.0,0.0,0.0,15794.9 MiB,3534.6 MiB,2228.4 MiB,10031.9 MiB,4096.0 MiB,3681.0 MiB,415.0 MiB,12925.3 MiB
9,Python 3.6.15,binarytrees_compatible_all.py 21,185,1694217127,1170294,python,3:37.55,224208,217536,5368,100.0,1.3,1,3,3:37,0,4,212408,0,2.1m,0,217536,310,2,278,30,0,13.5,0.0,0.0,86.5,0.0,0.0,0.0,0.0,15794.9 MiB,3534.8 MiB,2228.2 MiB,10031.9 MiB,4096.0 MiB,3681.0 MiB,415.0 MiB,12925.5 MiB
9,Python 3.6.15,binarytrees_compatible_all.py 21,186,1694217128,1170294,python,3:38.72,341200,334020,5368,93.8,2.1,1,3,3:38,0,4,329400,0,2.1m,0,334020,310,2,278,30,0,11.5,1.5,0.0,87.0,0.0,0.0,0.0,0.0,15794.9 MiB,3430.9 MiB,2332.0 MiB,10031.9 MiB,4096.0 MiB,3681.0 MiB,415.0 MiB,12821.6 MiB
9,Python 3.6.15,binarytrees_compatible_all.py 21,187,1694217129,1170294,python,3:39.90,222416,215744,5368,100.0,1.3,1,3,3:39,0,4,210616,0,2.2m,0,215744,310,2,278,30,0,10.5,3.0,0.0,86.5,0.0,0.0,0.0,0.0,15794.9 MiB,3521.6 MiB,2241.3 MiB,10031.9 MiB,4096.0 MiB,3681.0 MiB,415.0 MiB,12912.3 MiB
9,Python 3.6.15,binarytrees_compatible_all.py 21,188,1694217130,1170294,python,3:41.08,224720,218048,5368,100.0,1.3,1,3,3:41,0,4,212920,0,2.3m,0,218048,310,2,278,30,0,12.8,1.5,0.0,85.7,0.0,0.0,0.0,0.0,15794.9 MiB,3532.3 MiB,2230.6 MiB,10031.9 MiB,4096.0 MiB,3681.0 MiB,415.0 MiB,12923.0 MiB
9,Python 3.6.15,binarytrees_compatible_all.py 21,189,1694217132,1170294,python,3:42.25,310736,303908,5368,100.0,1.9,1,3,3:42,0,4,298936,0,2.3m,0,303908,310,3,277,30,0,12.0,2.3,0.0,85.7,0.0,0.0,0.0,0.0,15794.9 MiB,3459.7 MiB,2303.2 MiB,10031.9 MiB,4096.0 MiB,3681.0 MiB,415.0 MiB,12850.4 MiB
9,Python 3.6.15,binarytrees_compatible_all.py 21,190,1694217133,1170294,python,3:43.42,381904,375232,5368,93.8,2.3,1,3,3:43,0,4,370104,0,2.4m,0,375232,310,2,278,30,0,11.4,2.3,0.0,86.4,0.0,0.0,0.0,0.0,15794.9 MiB,3360.2 MiB,2402.8 MiB,10031.9 MiB,4096.0 MiB,3681.0 MiB,415.0 MiB,12750.9 MiB
9,Python 3.6.15,binarytrees_compatible_all.py 21,191,1694217134,1170294,python,3:44.61,225232,218560,5368,100.0,1.4,1,3,3:44,0,4,213432,0,2.4m,0,218560,310,2,278,30,0,12.9,1.4,0.0,85.7,0.0,0.0,0.0,0.0,15794.9 MiB,3530.1 MiB,2232.9 MiB,10031.9 MiB,4096.0 MiB,3681.0 MiB,415.0 MiB,12920.8 MiB
9,Python 3.6.15,binarytrees_compatible_all.py 21,192,1694217135,1170294,python,3:45.79,283600,276700,5368,100.0,1.7,1,3,3:45,0,4,271800,0,2.5m,0,276700,310,2,278,30,0,11.5,1.5,0.0,87.0,0.0,0.0,0.0,0.0,15794.9 MiB,3484.3 MiB,2278.6 MiB,10031.9 MiB,4096.0 MiB,3681.0 MiB,415.0 MiB,12875.0 MiB
9,Python 3.6.15,binarytrees_compatible_all.py 21,193,1694217136,1170294,python,3:46.96,400848,393844,5368,93.8,2.4,1,3,3:46,0,4,389048,0,2.6m,0,393844,310,2,278,30,0,12.1,1.5,0.0,86.4,0.0,0.0,0.0,0.0,15794.9 MiB,3369.9 MiB,2393.0 MiB,10031.9 MiB,4096.0 MiB,3681.0 MiB,415.0 MiB,12760.6 MiB
9,Python 3.6.15,binarytrees_compatible_all.py 21,194,1694217137,1170294,python,3:48.14,225744,219072,5368,100.0,1.4,1,3,3:48,0,4,213944,0,2.6m,0,219072,310,2,278,30,0,13.5,0.8,0.0,85.7,0.0,0.0,0.0,0.0,15794.9 MiB,3529.1 MiB,2233.8 MiB,10031.9 MiB,4096.0 MiB,3681.0 MiB,415.0 MiB,12919.8 MiB
9,Python 3.6.15,binarytrees_compatible_all.py 21,195,1694217139,1170294,python,3:49.31,253904,246852,5368,93.8,1.5,1,7,3:49,0,4,242104,0,2.7m,0,246852,310,2,278,30,0,12.7,1.5,0.0,85.8,0.0,0.0,0.0,0.0,15794.9 MiB,3506.0 MiB,2256.9 MiB,10031.9 MiB,4096.0 MiB,3681.0 MiB,415.0 MiB,12896.7 MiB
9,Python 3.6.15,binarytrees_compatible_all.py 21,196,1694217140,1170294,python,3:50.49,371664,364788,5368,100.0,2.3,1,7,3:50,0,4,359864,0,2.8m,0,364788,310,2,278,30,0,9.9,3.1,0.0,87.0,0.0,0.0,0.0,0.0,15794.9 MiB,3390.3 MiB,2372.6 MiB,10031.9 MiB,4096.0 MiB,3681.0 MiB,415.0 MiB,12781.1 MiB
9,Python 3.6.15,binarytrees_compatible_all.py 21,197,1694217141,1170294,python,3:51.67,226256,219584,5368,100.0,1.4,1,7,3:51,0,4,214456,0,2.8m,0,219584,310,2,278,30,0,12.8,1.5,0.0,85.7,0.0,0.0,0.0,0.0,15794.9 MiB,3520.2 MiB,2242.7 MiB,10031.9 MiB,4096.0 MiB,3681.0 MiB,415.0 MiB,12910.9 MiB
9,Python 3.6.15,binarytrees_compatible_all.py 21,198,1694217142,1170294,python,3:52.84,225744,218852,5368,100.0,1.4,1,7,3:52,0,4,213944,0,2.9m,0,218852,310,2,278,30,0,14.2,0.7,0.0,85.1,0.0,0.0,0.0,0.0,15794.9 MiB,3520.7 MiB,2242.2 MiB,10032.0 MiB,4096.0 MiB,3681.0 MiB,415.0 MiB,12911.5 MiB
10,Python 3.6.15,binarytrees_compatible_all.py 21,0,1694217143,1171564,python,0:00.12,31616,24856,5268,75.0,0.2,1,5,0:00,0,4,19816,0,6056,0,24856,310,2,278,30,0,20.0,6.7,0.0,73.3,0.0,0.0,0.0,0.0,15794.9 MiB,3707.8 MiB,2048.1 MiB,10039.0 MiB,4096.0 MiB,3681.0 MiB,415.0 MiB,13098.5 MiB
10,Python 3.6.15,binarytrees_compatible_all.py 21,1,1694217145,1171564,python,0:01.29,31616,24856,5268,100.0,0.2,1,5,0:01,0,4,19816,0,6056,0,24856,310,2,278,30,0,13.5,0.8,0.0,85.7,0.0,0.0,0.0,0.0,15794.9 MiB,3708.3 MiB,2047.4 MiB,10039.1 MiB,4096.0 MiB,3681.0 MiB,415.0 MiB,13099.0 MiB
10,Python 3.6.15,binarytrees_compatible_all.py 21,2,1694217146,1171564,python,0:02.47,31616,24856,5268,100.0,0.2,1,5,0:02,0,4,19816,0,6056,0,24856,310,2,278,30,0,13.5,0.8,0.0,85.7,0.0,0.0,0.0,0.0,15794.9 MiB,3715.2 MiB,2047.5 MiB,10032.1 MiB,4096.0 MiB,3681.0 MiB,415.0 MiB,13105.9 MiB
10,Python 3.6.15,binarytrees_compatible_all.py 21,3,1694217147,1171564,python,0:03.64,31616,24856,5268,93.8,0.2,1,1,0:03,0,4,19816,0,6056,0,24856,310,2,278,30,0,12.8,1.5,0.0,85.7,0.0,0.0,0.0,0.0,15794.9 MiB,3715.4 MiB,2047.3 MiB,10032.1 MiB,4096.0 MiB,3681.0 MiB,415.0 MiB,13106.2 MiB
10,Python 3.6.15,binarytrees_compatible_all.py 21,4,1694217148,1171564,python,0:04.82,31616,24856,5268,100.0,0.2,1,1,0:04,0,4,19816,0,6056,0,24856,310,2,278,30,0,12.8,1.5,0.0,85.7,0.0,0.0,0.0,0.0,15794.9 MiB,3714.7 MiB,2048.0 MiB,10032.2 MiB,4096.0 MiB,3681.0 MiB,415.0 MiB,13105.4 MiB
10,Python 3.6.15,binarytrees_compatible_all.py 21,5,1694217149,1171564,python,0:05.99,31616,24856,5268,100.0,0.2,1,1,0:05,0,4,19816,0,6056,0,24856,310,2,278,30,0,13.5,0.8,0.0,85.7,0.0,0.0,0.0,0.0,15794.9 MiB,3714.4 MiB,2048.3 MiB,10032.2 MiB,4096.0 MiB,3681.0 MiB,415.0 MiB,13105.2 MiB
10,Python 3.6.15,binarytrees_compatible_all.py 21,6,1694217150,1171564,python,0:07.17,31616,24856,5268,100.0,0.2,1,1,0:07,0,4,19816,0,6056,0,24856,310,2,278,30,0,13.4,1.5,0.0,85.1,0.0,0.0,0.0,0.0,15794.9 MiB,3714.7 MiB,2048.0 MiB,10032.2 MiB,4096.0 MiB,3681.0 MiB,415.0 MiB,13105.4 MiB
10,Python 3.6.15,binarytrees_compatible_all.py 21,7,1694217152,1171564,python,0:08.34,31616,24856,5268,93.8,0.2,1,5,0:08,0,4,19816,0,6056,0,24856,310,2,278,30,0,12.8,1.5,0.0,85.7,0.0,0.0,0.0,0.0,15794.9 MiB,3714.7 MiB,2048.0 MiB,10032.2 MiB,4096.0 MiB,3681.0 MiB,415.0 MiB,13105.4 MiB
10,Python 3.6.15,binarytrees_compatible_all.py 21,8,1694217153,1171564,python,0:09.52,31616,24856,5268,100.0,0.2,1,5,0:09,0,4,19816,0,6056,0,24856,310,2,278,30,0,13.6,0.8,0.0,85.6,0.0,0.0,0.0,0.0,15794.9 MiB,3715.4 MiB,2047.2 MiB,10032.2 MiB,4096.0 MiB,3681.0 MiB,415.0 MiB,13106.2 MiB
10,Python 3.6.15,binarytrees_compatible_all.py 21,9,1694217154,1171564,python,0:10.69,31616,24856,5268,100.0,0.2,1,1,0:10,0,4,19816,0,6056,0,24856,310,2,278,30,0,13.5,0.8,0.0,85.7,0.0,0.0,0.0,0.0,15794.9 MiB,3716.2 MiB,2046.5 MiB,10032.2 MiB,4096.0 MiB,3681.0 MiB,415.0 MiB,13106.9 MiB
10,Python 3.6.15,binarytrees_compatible_all.py 21,10,1694217155,1171564,python,0:11.87,31616,24856,5268,100.0,0.2,1,1,0:11,0,4,19816,0,6056,0,24856,310,2,278,30,0,12.8,1.5,0.0,85.7,0.0,0.0,0.0,0.0,15794.9 MiB,3715.9 MiB,2046.8 MiB,10032.2 MiB,4096.0 MiB,3681.0 MiB,415.0 MiB,13106.7 MiB
10,Python 3.6.15,binarytrees_compatible_all.py 21,11,1694217156,1171564,python,0:13.04,31616,24856,5268,93.8,0.2,1,5,0:13,0,4,19816,0,6056,0,24856,310,2,278,30,0,13.3,2.2,0.0,84.4,0.0,0.0,0.0,0.0,15794.9 MiB,3715.7 MiB,2047.0 MiB,10032.2 MiB,4096.0 MiB,3681.0 MiB,415.0 MiB,13106.4 MiB
10,Python 3.6.15,binarytrees_compatible_all.py 21,12,1694217157,1171564,python,0:14.22,31616,24856,5268,100.0,0.2,1,5,0:14,0,4,19816,0,6056,0,24856,310,2,278,30,0,14.1,1.5,0.0,84.4,0.0,0.0,0.0,0.0,15794.9 MiB,3717.4 MiB,2045.3 MiB,10032.2 MiB,4096.0 MiB,3681.0 MiB,415.0 MiB,13108.2 MiB
10,Python 3.6.15,binarytrees_compatible_all.py 21,13,1694217159,1171564,python,0:15.39,31616,24856,5268,93.8,0.2,1,5,0:15,0,4,19816,0,6056,0,24856,310,2,278,30,0,13.4,0.7,0.0,85.1,0.7,0.0,0.0,0.0,15794.9 MiB,3717.7 MiB,2045.0 MiB,10032.2 MiB,4096.0 MiB,3681.0 MiB,415.0 MiB,13108.4 MiB
10,Python 3.6.15,binarytrees_compatible_all.py 21,14,1694217160,1171564,python,0:16.57,31616,24856,5268,100.0,0.2,1,5,0:16,0,4,19816,0,6056,0,24856,310,2,278,30,0,13.5,0.8,0.0,85.7,0.0,0.0,0.0,0.0,15794.9 MiB,3717.7 MiB,2045.0 MiB,10032.2 MiB,4096.0 MiB,3681.0 MiB,415.0 MiB,13108.4 MiB
10,Python 3.6.15,binarytrees_compatible_all.py 21,15,1694217161,1171564,python,0:17.75,31616,24856,5268,100.0,0.2,1,5,0:17,0,4,19816,0,6056,0,24856,310,2,278,30,0,12.9,0.8,0.0,86.4,0.0,0.0,0.0,0.0,15794.9 MiB,3717.2 MiB,2045.5 MiB,10032.2 MiB,4096.0 MiB,3681.0 MiB,415.0 MiB,13108.0 MiB
10,Python 3.6.15,binarytrees_compatible_all.py 21,16,1694217162,1171564,python,0:18.92,31616,24856,5268,100.0,0.2,1,5,0:18,0,4,19816,0,6056,0,24856,310,2,278,30,0,12.2,0.8,0.0,87.0,0.0,0.0,0.0,0.0,15794.9 MiB,3717.2 MiB,2045.5 MiB,10032.2 MiB,4096.0 MiB,3681.0 MiB,415.0 MiB,13108.0 MiB
10,Python 3.6.15,binarytrees_compatible_all.py 21,17,1694217163,1171564,python,0:20.09,31616,24856,5268,93.8,0.2,1,5,0:20,0,4,19816,0,6056,0,24856,310,2,278,30,0,12.8,1.5,0.0,85.7,0.0,0.0,0.0,0.0,15794.9 MiB,3717.2 MiB,2045.5 MiB,10032.2 MiB,4096.0 MiB,3681.0 MiB,415.0 MiB,13108.0 MiB
10,Python 3.6.15,binarytrees_compatible_all.py 21,18,1694217164,1171564,python,0:21.28,31616,24856,5268,100.0,0.2,1,5,0:21,0,4,19816,0,6056,0,24856,310,2,278,30,0,13.6,0.7,0.0,85.0,0.7,0.0,0.0,0.0,15794.9 MiB,3716.9 MiB,2045.8 MiB,10032.2 MiB,4096.0 MiB,3681.0 MiB,415.0 MiB,13107.7 MiB
10,Python 3.6.15,binarytrees_compatible_all.py 21,19,1694217166,1171564,python,0:22.45,31616,24856,5268,93.8,0.2,1,5,0:22,0,4,19816,0,6056,0,24856,310,2,278,30,0,13.6,0.0,0.0,86.4,0.0,0.0,0.0,0.0,15794.9 MiB,3717.4 MiB,2045.2 MiB,10032.2 MiB,4096.0 MiB,3681.0 MiB,415.0 MiB,13108.2 MiB
10,Python 3.6.15,binarytrees_compatible_all.py 21,20,1694217167,1171564,python,0:23.62,19408,12436,5268,100.0,0.1,1,5,0:23,0,4,7608,0,7079,0,12436,310,2,278,30,0,14.1,1.5,0.0,83.7,0.0,0.0,0.7,0.0,15794.9 MiB,3730.5 MiB,2032.2 MiB,10032.2 MiB,4096.0 MiB,3681.0 MiB,415.0 MiB,13121.3 MiB
10,Python 3.6.15,binarytrees_compatible_all.py 21,21,1694217168,1171564,python,0:24.80,19408,12436,5268,100.0,0.1,1,5,0:24,0,4,7608,0,7079,0,12436,310,2,278,30,0,13.4,0.7,0.0,85.8,0.0,0.0,0.0,0.0,15794.9 MiB,3730.5 MiB,2032.2 MiB,10032.2 MiB,4096.0 MiB,3681.0 MiB,415.0 MiB,13121.3 MiB
10,Python 3.6.15,binarytrees_compatible_all.py 21,22,1694217169,1171564,python,0:25.98,19408,12436,5268,100.0,0.1,1,5,0:25,0,4,7608,0,7079,0,12436,310,2,278,30,0,12.9,0.8,0.0,86.4,0.0,0.0,0.0,0.0,15794.9 MiB,3730.5 MiB,2032.2 MiB,10032.2 MiB,4096.0 MiB,3681.0 MiB,415.0 MiB,13121.3 MiB
10,Python 3.6.15,binarytrees_compatible_all.py 21,23,1694217170,1171564,python,0:27.16,19408,12436,5268,100.0,0.1,1,5,0:27,0,4,7608,0,7079,0,12436,310,2,278,30,0,12.9,0.7,0.0,86.3,0.0,0.0,0.0,0.0,15794.9 MiB,3730.5 MiB,2032.2 MiB,10032.2 MiB,4096.0 MiB,3681.0 MiB,415.0 MiB,13121.3 MiB
10,Python 3.6.15,binarytrees_compatible_all.py 21,24,1694217172,1171564,python,0:28.34,19408,12436,5268,100.0,0.1,1,1,0:28,0,4,7608,0,7079,0,12436,310,2,278,30,0,12.1,1.5,0.0,86.4,0.0,0.0,0.0,0.0,15794.9 MiB,3730.5 MiB,2032.2 MiB,10032.2 MiB,4096.0 MiB,3681.0 MiB,415.0 MiB,13121.3 MiB
10,Python 3.6.15,binarytrees_compatible_all.py 21,25,1694217173,1171564,python,0:29.52,19408,12436,5268,94.1,0.1,1,1,0:29,0,4,7608,0,7079,0,12436,310,2,278,30,0,12.8,2.1,0.0,85.1,0.0,0.0,0.0,0.0,15794.9 MiB,3729.2 MiB,2033.4 MiB,10032.2 MiB,4096.0 MiB,3681.0 MiB,415.0 MiB,13120.0 MiB
10,Python 3.6.15,binarytrees_compatible_all.py 21,26,1694217174,1171564,python,0:30.70,19408,12436,5268,100.0,0.1,1,1,0:30,0,4,7608,0,7079,0,12436,310,2,278,30,0,12.9,0.8,0.0,86.4,0.0,0.0,0.0,0.0,15794.9 MiB,3729.2 MiB,2033.4 MiB,10032.2 MiB,4096.0 MiB,3681.0 MiB,415.0 MiB,13120.0 MiB
10,Python 3.6.15,binarytrees_compatible_all.py 21,27,1694217175,1171564,python,0:31.87,19408,12436,5268,100.0,0.1,1,5,0:31,0,4,7608,0,7079,0,12436,310,2,278,30,0,12.9,0.8,0.0,86.4,0.0,0.0,0.0,0.0,15794.9 MiB,3729.7 MiB,2032.9 MiB,10032.2 MiB,4096.0 MiB,3681.0 MiB,415.0 MiB,13120.5 MiB
10,Python 3.6.15,binarytrees_compatible_all.py 21,28,1694217176,1171564,python,0:33.05,19408,12436,5268,100.0,0.1,1,1,0:33,0,4,7608,0,7079,0,12436,310,2,278,30,0,12.9,0.8,0.0,86.4,0.0,0.0,0.0,0.0,15794.9 MiB,3729.7 MiB,2032.9 MiB,10032.2 MiB,4096.0 MiB,3681.0 MiB,415.0 MiB,13120.5 MiB
10,Python 3.6.15,binarytrees_compatible_all.py 21,29,1694217177,1171564,python,0:34.22,19408,12436,5268,100.0,0.1,1,1,0:34,0,4,7608,0,7079,0,12436,310,2,278,30,0,13.5,0.8,0.0,85.7,0.0,0.0,0.0,0.0,15794.9 MiB,3729.7 MiB,2032.9 MiB,10032.2 MiB,4096.0 MiB,3681.0 MiB,415.0 MiB,13120.6 MiB
10,Python 3.6.15,binarytrees_compatible_all.py 21,30,1694217179,1171564,python,0:35.40,19408,12436,5268,100.0,0.1,1,1,0:35,0,4,7608,0,7079,0,12436,310,2,278,30,0,12.8,1.5,0.0,85.7,0.0,0.0,0.0,0.0,15794.9 MiB,3729.7 MiB,2032.9 MiB,10032.2 MiB,4096.0 MiB,3681.0 MiB,415.0 MiB,13120.6 MiB
10,Python 3.6.15,binarytrees_compatible_all.py 21,31,1694217180,1171564,python,0:36.58,19408,12436,5268,100.0,0.1,1,1,0:36,0,4,7608,0,7079,0,12436,310,2,278,30,0,12.9,0.8,0.0,86.4,0.0,0.0,0.0,0.0,15794.9 MiB,3729.7 MiB,2032.9 MiB,10032.2 MiB,4096.0 MiB,3681.0 MiB,415.0 MiB,13120.6 MiB
10,Python 3.6.15,binarytrees_compatible_all.py 21,32,1694217181,1171564,python,0:37.75,19408,12436,5268,100.0,0.1,1,1,0:37,0,4,7608,0,7079,0,12436,310,2,278,30,0,12.8,1.5,0.0,85.7,0.0,0.0,0.0,0.0,15794.9 MiB,3729.2 MiB,2033.4 MiB,10032.2 MiB,4096.0 MiB,3681.0 MiB,415.0 MiB,13120.1 MiB
10,Python 3.6.15,binarytrees_compatible_all.py 21,33,1694217182,1171564,python,0:38.92,19408,12436,5268,100.0,0.1,1,1,0:38,0,4,7608,0,7079,0,12436,310,2,278,30,0,13.5,0.8,0.0,85.7,0.0,0.0,0.0,0.0,15794.9 MiB,3729.2 MiB,2033.4 MiB,10032.3 MiB,4096.0 MiB,3681.0 MiB,415.0 MiB,13120.1 MiB
10,Python 3.6.15,binarytrees_compatible_all.py 21,34,1694217183,1171564,python,0:40.10,19408,12436,5268,100.0,0.1,1,1,0:40,0,4,7608,0,7079,0,12436,310,2,278,30,0,13.6,0.0,0.0,86.4,0.0,0.0,0.0,0.0,15794.9 MiB,3729.0 MiB,2033.6 MiB,10032.3 MiB,4096.0 MiB,3681.0 MiB,415.0 MiB,13119.9 MiB
10,Python 3.6.15,binarytrees_compatible_all.py 21,35,1694217185,1171564,python,0:41.27,19408,12436,5268,93.8,0.1,1,1,0:41,0,4,7608,0,7079,0,12436,310,2,278,30,0,12.1,1.5,0.0,86.4,0.0,0.0,0.0,0.0,15794.9 MiB,3729.0 MiB,2033.6 MiB,10032.3 MiB,4096.0 MiB,3681.0 MiB,415.0 MiB,13119.9 MiB
10,Python 3.6.15,binarytrees_compatible_all.py 21,36,1694217186,1171564,python,0:42.45,19408,12436,5268,100.0,0.1,1,5,0:42,0,4,7608,0,7079,0,12436,310,2,278,30,0,12.9,0.8,0.0,86.4,0.0,0.0,0.0,0.0,15794.9 MiB,3728.7 MiB,2033.8 MiB,10032.3 MiB,4096.0 MiB,3681.0 MiB,415.0 MiB,13119.6 MiB
10,Python 3.6.15,binarytrees_compatible_all.py 21,37,1694217187,1171564,python,0:43.62,19408,12436,5268,100.0,0.1,1,5,0:43,0,4,7608,0,7079,0,12436,310,2,278,30,0,13.5,0.8,0.0,85.7,0.0,0.0,0.0,0.0,15794.9 MiB,3731.2 MiB,2031.4 MiB,10032.3 MiB,4096.0 MiB,3681.0 MiB,415.0 MiB,13122.1 MiB
10,Python 3.6.15,binarytrees_compatible_all.py 21,38,1694217188,1171564,python,0:44.80,19408,12436,5268,100.0,0.1,1,5,0:44,0,4,7608,0,7079,0,12436,310,2,278,30,0,13.5,0.8,0.0,85.7,0.0,0.0,0.0,0.0,15794.9 MiB,3731.2 MiB,2031.4 MiB,10032.3 MiB,4096.0 MiB,3681.0 MiB,415.0 MiB,13122.1 MiB
10,Python 3.6.15,binarytrees_compatible_all.py 21,39,1694217189,1171564,python,0:45.97,19408,12436,5268,93.8,0.1,1,5,0:45,0,4,7608,0,7079,0,12436,310,2,278,30,0,12.9,0.8,0.0,86.4,0.0,0.0,0.0,0.0,15794.9 MiB,3731.2 MiB,2031.4 MiB,10032.3 MiB,4096.0 MiB,3681.0 MiB,415.0 MiB,13122.1 MiB
10,Python 3.6.15,binarytrees_compatible_all.py 21,40,1694217190,1171564,python,0:47.15,19408,12436,5268,100.0,0.1,1,5,0:47,0,4,7608,0,7079,0,12436,310,2,278,30,0,13.5,0.8,0.0,85.7,0.0,0.0,0.0,0.0,15794.9 MiB,3731.2 MiB,2031.4 MiB,10032.3 MiB,4096.0 MiB,3681.0 MiB,415.0 MiB,13122.1 MiB
10,Python 3.6.15,binarytrees_compatible_all.py 21,41,1694217192,1171564,python,0:48.32,19664,12436,5268,100.0,0.1,1,5,0:48,0,4,7864,0,7109,0,12436,310,2,278,30,0,13.5,0.8,0.0,85.7,0.0,0.0,0.0,0.0,15794.9 MiB,3731.2 MiB,2031.4 MiB,10032.3 MiB,4096.0 MiB,3681.0 MiB,415.0 MiB,13122.1 MiB
10,Python 3.6.15,binarytrees_compatible_all.py 21,42,1694217193,1171564,python,0:49.49,19664,12700,5268,93.8,0.1,1,5,0:49,0,4,7864,0,7159,0,12700,310,3,277,30,0,12.2,0.8,0.0,87.0,0.0,0.0,0.0,0.0,15794.9 MiB,3731.2 MiB,2031.4 MiB,10032.3 MiB,4096.0 MiB,3681.0 MiB,415.0 MiB,13122.1 MiB
10,Python 3.6.15,binarytrees_compatible_all.py 21,43,1694217194,1171564,python,0:50.67,19920,12964,5268,100.0,0.1,1,5,0:50,0,4,8120,0,7207,0,12964,310,2,278,30,0,13.4,0.7,0.0,85.8,0.0,0.0,0.0,0.0,15794.9 MiB,3731.5 MiB,2031.1 MiB,10032.3 MiB,4096.0 MiB,3681.0 MiB,415.0 MiB,13122.3 MiB
10,Python 3.6.15,binarytrees_compatible_all.py 21,44,1694217195,1171564,python,0:51.84,20176,13228,5268,100.0,0.1,1,5,0:51,0,4,8376,0,7256,0,13228,310,2,278,30,0,13.5,0.8,0.0,85.7,0.0,0.0,0.0,0.0,15794.9 MiB,3731.2 MiB,2031.4 MiB,10032.3 MiB,4096.0 MiB,3681.0 MiB,415.0 MiB,13122.1 MiB
10,Python 3.6.15,binarytrees_compatible_all.py 21,45,1694217196,1171564,python,0:53.02,20432,13228,5268,100.0,0.1,1,5,0:53,0,4,8632,0,7305,0,13228,310,2,278,30,0,13.5,1.5,0.0,85.0,0.0,0.0,0.0,0.0,15794.9 MiB,3731.2 MiB,2031.4 MiB,10032.3 MiB,4096.0 MiB,3681.0 MiB,415.0 MiB,13122.1 MiB
10,Python 3.6.15,binarytrees_compatible_all.py 21,46,1694217197,1171564,python,0:54.19,20688,13492,5268,100.0,0.1,1,5,0:54,0,4,8888,0,7354,0,13492,310,2,278,30,0,13.0,0.0,0.0,87.0,0.0,0.0,0.0,0.0,15794.9 MiB,3731.0 MiB,2031.6 MiB,10032.3 MiB,4096.0 MiB,3681.0 MiB,415.0 MiB,13121.8 MiB
10,Python 3.6.15,binarytrees_compatible_all.py 21,47,1694217199,1171564,python,0:55.37,20688,13756,5268,100.0,0.1,1,5,0:55,0,4,8888,0,7403,0,13756,310,2,278,30,0,12.7,1.5,0.0,85.8,0.0,0.0,0.0,0.0,15794.9 MiB,3730.7 MiB,2031.9 MiB,10032.3 MiB,4096.0 MiB,3681.0 MiB,415.0 MiB,13121.6 MiB
10,Python 3.6.15,binarytrees_compatible_all.py 21,48,1694217200,1171564,python,0:56.54,20944,14020,5268,100.0,0.1,1,5,0:56,0,4,9144,0,7452,0,14020,310,2,278,30,0,12.7,1.5,0.0,85.8,0.0,0.0,0.0,0.0,15794.9 MiB,3730.5 MiB,2032.1 MiB,10032.3 MiB,4096.0 MiB,3681.0 MiB,415.0 MiB,13121.3 MiB
10,Python 3.6.15,binarytrees_compatible_all.py 21,49,1694217201,1171564,python,0:57.72,21200,14020,5268,100.0,0.1,1,1,0:57,0,4,9400,0,7501,0,14020,310,2,278,30,0,12.9,0.8,0.0,86.4,0.0,0.0,0.0,0.0,15794.9 MiB,3730.5 MiB,2032.1 MiB,10032.3 MiB,4096.0 MiB,3681.0 MiB,415.0 MiB,13121.3 MiB
10,Python 3.6.15,binarytrees_compatible_all.py 21,50,1694217202,1171564,python,0:58.89,21456,14284,5268,100.0,0.1,1,1,0:58,0,4,9656,0,7550,0,14284,310,2,278,30,0,12.9,0.8,0.0,86.4,0.0,0.0,0.0,0.0,15794.9 MiB,3730.2 MiB,2032.4 MiB,10032.3 MiB,4096.0 MiB,3681.0 MiB,415.0 MiB,13121.1 MiB
10,Python 3.6.15,binarytrees_compatible_all.py 21,51,1694217203,1171564,python,1:00.07,21456,14548,5268,100.0,0.1,1,1,1:00,0,4,9656,0,7599,0,14548,310,2,278,30,0,13.5,0.8,0.0,85.0,0.8,0.0,0.0,0.0,15794.9 MiB,3730.2 MiB,2032.3 MiB,10032.3 MiB,4096.0 MiB,3681.0 MiB,415.0 MiB,13121.1 MiB
10,Python 3.6.15,binarytrees_compatible_all.py 21,52,1694217204,1171564,python,1:01.24,21712,14812,5268,100.0,0.1,1,1,1:01,0,4,9912,0,7647,0,14812,310,2,278,30,0,13.6,0.0,0.0,86.4,0.0,0.0,0.0,0.0,15794.9 MiB,3730.2 MiB,2032.3 MiB,10032.3 MiB,4096.0 MiB,3681.0 MiB,415.0 MiB,13121.1 MiB
10,Python 3.6.15,binarytrees_compatible_all.py 21,53,1694217206,1171564,python,1:02.41,21968,14812,5268,93.8,0.1,1,1,1:02,0,4,10168,0,7696,0,14812,310,2,278,30,0,12.9,0.8,0.0,86.4,0.0,0.0,0.0,0.0,15794.9 MiB,3730.2 MiB,2032.3 MiB,10032.3 MiB,4096.0 MiB,3681.0 MiB,415.0 MiB,13121.1 MiB
10,Python 3.6.15,binarytrees_compatible_all.py 21,54,1694217207,1171564,python,1:03.60,22224,15076,5268,100.0,0.1,1,1,1:03,0,4,10424,0,7745,0,15076,310,2,278,30,0,12.7,1.5,0.0,85.8,0.0,0.0,0.0,0.0,15794.9 MiB,3730.2 MiB,2032.3 MiB,10032.3 MiB,4096.0 MiB,3681.0 MiB,415.0 MiB,13121.1 MiB
10,Python 3.6.15,binarytrees_compatible_all.py 21,55,1694217208,1171564,python,1:04.77,22224,15340,5268,100.0,0.1,1,1,1:04,0,4,10424,0,7794,0,15340,310,2,278,30,0,13.4,1.5,0.0,85.1,0.0,0.0,0.0,0.0,15794.9 MiB,3730.5 MiB,2032.1 MiB,10032.3 MiB,4096.0 MiB,3681.0 MiB,415.0 MiB,13121.4 MiB
10,Python 3.6.15,binarytrees_compatible_all.py 21,56,1694217209,1171564,python,1:05.94,22480,15604,5268,100.0,0.1,1,1,1:05,0,4,10680,0,7843,0,15604,310,2,278,30,0,12.9,0.8,0.0,86.4,0.0,0.0,0.0,0.0,15794.9 MiB,3730.5 MiB,2032.1 MiB,10032.3 MiB,4096.0 MiB,3681.0 MiB,415.0 MiB,13121.4 MiB
10,Python 3.6.15,binarytrees_compatible_all.py 21,57,1694217210,1171564,python,1:07.12,22736,15604,5268,100.0,0.1,1,1,1:07,0,4,10936,0,7892,0,15604,310,2,278,30,0,12.9,1.5,0.0,85.6,0.0,0.0,0.0,0.0,15794.9 MiB,3730.2 MiB,2032.3 MiB,10032.3 MiB,4096.0 MiB,3681.0 MiB,415.0 MiB,13121.1 MiB
10,Python 3.6.15,binarytrees_compatible_all.py 21,58,1694217212,1171564,python,1:08.29,22992,15868,5268,100.0,0.1,1,1,1:08,0,4,11192,0,7941,0,15868,310,2,278,30,0,13.5,0.8,0.0,85.7,0.0,0.0,0.0,0.0,15794.9 MiB,3730.2 MiB,2032.3 MiB,10032.3 MiB,4096.0 MiB,3681.0 MiB,415.0 MiB,13121.1 MiB
10,Python 3.6.15,binarytrees_compatible_all.py 21,59,1694217213,1171564,python,1:09.46,22992,16132,5268,93.8,0.1,1,1,1:09,0,4,11192,0,7990,0,16132,309,2,277,30,0,12.9,0.8,0.0,86.4,0.0,0.0,0.0,0.0,15794.9 MiB,3730.0 MiB,2032.6 MiB,10032.3 MiB,4096.0 MiB,3681.0 MiB,415.0 MiB,13120.9 MiB
10,Python 3.6.15,binarytrees_compatible_all.py 21,60,1694217214,1171564,python,1:10.64,23248,16396,5268,100.0,0.1,1,5,1:10,0,4,11448,0,8039,0,16396,309,2,277,30,0,12.9,0.8,0.0,86.4,0.0,0.0,0.0,0.0,15794.9 MiB,3729.7 MiB,2032.8 MiB,10032.3 MiB,4096.0 MiB,3681.0 MiB,415.0 MiB,13120.6 MiB
10,Python 3.6.15,binarytrees_compatible_all.py 21,61,1694217215,1171564,python,1:11.82,23504,16396,5268,100.0,0.1,1,5,1:11,0,4,11704,0,8088,0,16396,309,2,277,30,0,12.9,0.8,0.0,86.4,0.0,0.0,0.0,0.0,15794.9 MiB,3729.7 MiB,2032.8 MiB,10032.3 MiB,4096.0 MiB,3681.0 MiB,415.0 MiB,13120.7 MiB
10,Python 3.6.15,binarytrees_compatible_all.py 21,62,1694217216,1171564,python,1:12.99,19664,12844,5268,100.0,0.1,1,5,1:12,0,4,7864,0,8119,0,12844,309,2,277,30,0,12.9,0.8,0.0,86.4,0.0,0.0,0.0,0.0,15794.9 MiB,3730.0 MiB,2032.6 MiB,10032.3 MiB,4096.0 MiB,3681.0 MiB,415.0 MiB,13120.9 MiB
10,Python 3.6.15,binarytrees_compatible_all.py 21,63,1694217217,1171564,python,1:14.17,19920,12892,5268,100.0,0.1,1,5,1:14,0,4,8120,0,8121,0,12892,309,2,277,30,0,13.5,1.5,0.0,85.0,0.0,0.0,0.0,0.0,15794.9 MiB,3730.0 MiB,2032.6 MiB,10032.3 MiB,4096.0 MiB,3681.0 MiB,415.0 MiB,13120.9 MiB
10,Python 3.6.15,binarytrees_compatible_all.py 21,64,1694217219,1171564,python,1:15.34,19920,12892,5268,100.0,0.1,1,1,1:15,0,4,8120,0,8133,0,12892,309,2,277,30,0,12.1,1.5,0.0,86.4,0.0,0.0,0.0,0.0,15794.9 MiB,3729.7 MiB,2032.8 MiB,10032.3 MiB,4096.0 MiB,3681.0 MiB,415.0 MiB,13120.7 MiB
10,Python 3.6.15,binarytrees_compatible_all.py 21,65,1694217220,1171564,python,1:16.52,19920,12892,5268,100.0,0.1,1,1,1:16,0,4,8120,0,8145,0,12892,309,2,277,30,0,12.8,1.5,0.0,85.7,0.0,0.0,0.0,0.0,15794.9 MiB,3730.0 MiB,2032.6 MiB,10032.3 MiB,4096.0 MiB,3681.0 MiB,415.0 MiB,13120.9 MiB
10,Python 3.6.15,binarytrees_compatible_all.py 21,66,1694217221,1171564,python,1:17.69,19920,12892,5268,100.0,0.1,1,1,1:17,0,4,8120,0,8157,0,12892,309,2,277,30,0,13.5,0.8,0.0,85.7,0.0,0.0,0.0,0.0,15794.9 MiB,3729.7 MiB,2032.8 MiB,10032.3 MiB,4096.0 MiB,3681.0 MiB,415.0 MiB,13120.7 MiB
10,Python 3.6.15,binarytrees_compatible_all.py 21,67,1694217222,1171564,python,1:18.88,19920,12892,5268,100.0,0.1,1,5,1:18,0,4,8120,0,8169,0,12892,309,2,277,30,0,13.5,1.4,0.0,85.1,0.0,0.0,0.0,0.0,15794.9 MiB,3730.0 MiB,2032.5 MiB,10032.3 MiB,4096.0 MiB,3681.0 MiB,415.0 MiB,13120.9 MiB
10,Python 3.6.15,binarytrees_compatible_all.py 21,68,1694217223,1171564,python,1:20.05,19920,12892,5268,93.8,0.1,1,5,1:20,0,4,8120,0,8182,0,12892,309,2,277,30,0,12.9,0.8,0.0,86.4,0.0,0.0,0.0,0.0,15794.9 MiB,3730.2 MiB,2032.3 MiB,10032.3 MiB,4096.0 MiB,3681.0 MiB,415.0 MiB,13121.2 MiB
10,Python 3.6.15,binarytrees_compatible_all.py 21,69,1694217224,1171564,python,1:21.23,20176,13148,5268,100.0,0.1,1,5,1:21,0,4,8376,0,8195,0,13148,309,2,277,30,0,13.5,0.8,0.0,85.7,0.0,0.0,0.0,0.0,15794.9 MiB,3730.7 MiB,2031.8 MiB,10032.3 MiB,4096.0 MiB,3681.0 MiB,415.0 MiB,13121.7 MiB
10,Python 3.6.15,binarytrees_compatible_all.py 21,70,1694217226,1171564,python,1:22.40,20176,13148,5268,100.0,0.1,1,1,1:22,0,4,8376,0,8207,0,13148,309,2,277,30,0,13.5,0.0,0.0,86.5,0.0,0.0,0.0,0.0,15794.9 MiB,3730.2 MiB,2032.3 MiB,10032.3 MiB,4096.0 MiB,3681.0 MiB,415.0 MiB,13121.2 MiB
10,Python 3.6.15,binarytrees_compatible_all.py 21,71,1694217227,1171564,python,1:23.57,20176,13148,5268,93.8,0.1,1,1,1:23,0,4,8376,0,8219,0,13148,309,2,277,30,0,12.9,0.8,0.0,86.4,0.0,0.0,0.0,0.0,15794.9 MiB,3729.7 MiB,2032.8 MiB,10032.3 MiB,4096.0 MiB,3681.0 MiB,415.0 MiB,13120.7 MiB
10,Python 3.6.15,binarytrees_compatible_all.py 21,72,1694217228,1171564,python,1:24.75,20176,13148,5268,100.0,0.1,1,1,1:24,0,4,8376,0,8231,0,13148,309,2,277,30,0,12.9,0.8,0.0,86.4,0.0,0.0,0.0,0.0,15794.9 MiB,3730.0 MiB,2032.5 MiB,10032.3 MiB,4096.0 MiB,3681.0 MiB,415.0 MiB,13120.9 MiB
10,Python 3.6.15,binarytrees_compatible_all.py 21,73,1694217229,1171564,python,1:25.93,20176,13148,5268,100.0,0.1,1,1,1:25,0,4,8376,0,8243,0,13148,309,2,277,30,0,13.5,1.5,0.0,85.0,0.0,0.0,0.0,0.0,15794.9 MiB,3730.2 MiB,2032.3 MiB,10032.3 MiB,4096.0 MiB,3681.0 MiB,415.0 MiB,13121.2 MiB
10,Python 3.6.15,binarytrees_compatible_all.py 21,74,1694217230,1171564,python,1:27.10,20432,13404,5268,100.0,0.1,1,1,1:27,0,4,8632,0,8256,0,13404,309,2,277,30,0,12.8,0.8,0.0,86.5,0.0,0.0,0.0,0.0,15794.9 MiB,3730.7 MiB,2031.8 MiB,10032.4 MiB,4096.0 MiB,3681.0 MiB,415.0 MiB,13121.7 MiB
10,Python 3.6.15,binarytrees_compatible_all.py 21,75,1694217232,1171564,python,1:28.27,20432,13404,5268,93.8,0.1,1,3,1:28,0,4,8632,0,8268,0,13404,309,2,277,30,0,12.1,1.5,0.0,86.4,0.0,0.0,0.0,0.0,15794.9 MiB,3730.2 MiB,2032.3 MiB,10032.4 MiB,4096.0 MiB,3681.0 MiB,415.0 MiB,13121.2 MiB
10,Python 3.6.15,binarytrees_compatible_all.py 21,76,1694217233,1171564,python,1:29.45,20432,13404,5268,100.0,0.1,1,3,1:29,0,4,8632,0,8280,0,13404,309,2,277,30,0,12.8,0.8,0.0,86.5,0.0,0.0,0.0,0.0,15794.9 MiB,3730.7 MiB,2031.8 MiB,10032.4 MiB,4096.0 MiB,3681.0 MiB,415.0 MiB,13121.7 MiB
10,Python 3.6.15,binarytrees_compatible_all.py 21,77,1694217234,1171564,python,1:30.63,20432,13404,5268,100.0,0.1,1,3,1:30,0,4,8632,0,8293,0,13404,309,2,277,30,0,12.9,0.8,0.0,86.4,0.0,0.0,0.0,0.0,15794.9 MiB,3730.5 MiB,2032.0 MiB,10032.4 MiB,4096.0 MiB,3681.0 MiB,415.0 MiB,13121.4 MiB
10,Python 3.6.15,binarytrees_compatible_all.py 21,78,1694217235,1171564,python,1:31.80,20432,13404,5268,100.0,0.1,1,3,1:31,0,4,8632,0,8305,0,13404,309,2,277,30,0,13.4,1.5,0.0,85.1,0.0,0.0,0.0,0.0,15794.9 MiB,3730.2 MiB,2032.3 MiB,10032.4 MiB,4096.0 MiB,3681.0 MiB,415.0 MiB,13121.2 MiB
10,Python 3.6.15,binarytrees_compatible_all.py 21,79,1694217236,1171564,python,1:32.98,20688,13660,5268,100.0,0.1,1,3,1:32,0,4,8888,0,8318,0,13660,309,2,277,30,0,12.9,0.8,0.0,86.4,0.0,0.0,0.0,0.0,15794.9 MiB,3730.2 MiB,2032.3 MiB,10032.4 MiB,4096.0 MiB,3681.0 MiB,415.0 MiB,13121.2 MiB
10,Python 3.6.15,binarytrees_compatible_all.py 21,80,1694217237,1171564,python,1:34.15,20688,13660,5268,100.0,0.1,1,3,1:34,0,4,8888,0,8330,0,13660,309,2,277,30,0,12.9,0.8,0.0,86.4,0.0,0.0,0.0,0.0,15794.9 MiB,3730.5 MiB,2032.0 MiB,10032.4 MiB,4096.0 MiB,3681.0 MiB,415.0 MiB,13121.4 MiB
10,Python 3.6.15,binarytrees_compatible_all.py 21,81,1694217239,1171564,python,1:35.33,20688,13660,5268,100.0,0.1,1,3,1:35,0,4,8888,0,8342,0,13660,309,2,277,30,0,13.4,1.5,0.0,85.1,0.0,0.0,0.0,0.0,15794.9 MiB,3730.7 MiB,2031.8 MiB,10032.4 MiB,4096.0 MiB,3681.0 MiB,415.0 MiB,13121.7 MiB
10,Python 3.6.15,binarytrees_compatible_all.py 21,82,1694217240,1171564,python,1:36.50,20688,13660,5268,100.0,0.1,1,3,1:36,0,4,8888,0,8354,0,13660,310,2,278,30,0,13.4,1.5,0.0,85.1,0.0,0.0,0.0,0.0,15794.9 MiB,3730.7 MiB,2031.9 MiB,10032.2 MiB,4096.0 MiB,3681.0 MiB,415.0 MiB,13121.7 MiB
10,Python 3.6.15,binarytrees_compatible_all.py 21,83,1694217241,1171564,python,1:37.68,20944,13916,5268,100.0,0.1,1,3,1:37,0,4,9144,0,8940,0,13916,310,2,278,30,0,13.4,1.5,0.0,85.1,0.0,0.0,0.0,0.0,15794.9 MiB,3730.7 MiB,2031.9 MiB,10032.2 MiB,4096.0 MiB,3681.0 MiB,415.0 MiB,13121.7 MiB
10,Python 3.6.15,binarytrees_compatible_all.py 21,84,1694217242,1171564,python,1:38.85,20944,13916,5268,93.8,0.1,1,3,1:38,0,4,9144,0,8940,0,13916,310,2,278,30,0,12.2,0.8,0.0,87.0,0.0,0.0,0.0,0.0,15794.9 MiB,3730.5 MiB,2032.2 MiB,10032.2 MiB,4096.0 MiB,3681.0 MiB,415.0 MiB,13121.5 MiB
10,Python 3.6.15,binarytrees_compatible_all.py 21,85,1694217243,1171564,python,1:40.03,20944,13916,5268,100.0,0.1,1,3,1:40,0,4,9144,0,8940,0,13916,310,2,278,30,0,12.9,0.8,0.0,86.4,0.0,0.0,0.0,0.0,15794.9 MiB,3730.5 MiB,2032.2 MiB,10032.2 MiB,4096.0 MiB,3681.0 MiB,415.0 MiB,13121.5 MiB
10,Python 3.6.15,binarytrees_compatible_all.py 21,86,1694217244,1171564,python,1:41.20,20944,13916,5268,100.0,0.1,1,3,1:41,0,4,9144,0,8940,0,13916,310,2,278,30,0,13.5,0.8,0.0,85.7,0.0,0.0,0.0,0.0,15794.9 MiB,3730.2 MiB,2032.4 MiB,10032.2 MiB,4096.0 MiB,3681.0 MiB,415.0 MiB,13121.2 MiB
10,Python 3.6.15,binarytrees_compatible_all.py 21,87,1694217246,1171564,python,1:42.38,20944,13916,5268,100.0,0.1,1,3,1:42,0,4,9144,0,8940,0,13916,310,2,278,30,0,12.9,0.8,0.0,86.4,0.0,0.0,0.0,0.0,15794.9 MiB,3730.0 MiB,2032.7 MiB,10032.2 MiB,4096.0 MiB,3681.0 MiB,415.0 MiB,13121.0 MiB
10,Python 3.6.15,binarytrees_compatible_all.py 21,88,1694217247,1171564,python,1:43.55,20944,13916,5268,93.8,0.1,1,3,1:43,0,4,9144,0,8940,0,13916,310,2,278,30,0,12.9,0.8,0.0,86.4,0.0,0.0,0.0,0.0,15794.9 MiB,3731.2 MiB,2031.4 MiB,10032.2 MiB,4096.0 MiB,3681.0 MiB,415.0 MiB,13122.2 MiB
10,Python 3.6.15,binarytrees_compatible_all.py 21,89,1694217248,1171564,python,1:44.73,20944,13916,5268,100.0,0.1,1,3,1:44,0,4,9144,0,8940,0,13916,310,2,278,30,0,14.2,0.7,0.0,85.1,0.0,0.0,0.0,0.0,15794.9 MiB,3731.0 MiB,2031.7 MiB,10032.2 MiB,4096.0 MiB,3681.0 MiB,415.0 MiB,13122.0 MiB
10,Python 3.6.15,binarytrees_compatible_all.py 21,90,1694217249,1171564,python,1:45.90,20944,13916,5268,100.0,0.1,1,3,1:45,0,4,9144,0,8940,0,13916,310,2,278,30,0,13.5,1.5,0.0,83.5,1.5,0.0,0.0,0.0,15794.9 MiB,3730.0 MiB,2031.8 MiB,10033.1 MiB,4096.0 MiB,3681.0 MiB,415.0 MiB,13121.8 MiB
10,Python 3.6.15,binarytrees_compatible_all.py 21,91,1694217250,1171564,python,1:47.08,20944,13916,5268,100.0,0.1,1,3,1:47,0,4,9144,0,8940,0,13916,310,2,278,30,0,13.5,0.8,0.0,85.7,0.0,0.0,0.0,0.0,15794.9 MiB,3730.2 MiB,2031.5 MiB,10033.1 MiB,4096.0 MiB,3681.0 MiB,415.0 MiB,13122.1 MiB
10,Python 3.6.15,binarytrees_compatible_all.py 21,92,1694217251,1171564,python,1:48.26,20944,13916,5268,100.0,0.1,1,3,1:48,0,4,9144,0,8940,0,13916,310,2,278,30,0,12.7,1.5,0.0,85.8,0.0,0.0,0.0,0.0,15794.9 MiB,3730.2 MiB,2031.5 MiB,10033.1 MiB,4096.0 MiB,3681.0 MiB,415.0 MiB,13122.1 MiB
10,Python 3.6.15,binarytrees_compatible_all.py 21,93,1694217253,1171564,python,1:49.43,20944,13916,5268,100.0,0.1,1,3,1:49,0,4,9144,0,8940,0,13916,310,2,278,30,0,13.4,0.7,0.0,85.8,0.0,0.0,0.0,0.0,15794.9 MiB,3730.2 MiB,2031.5 MiB,10033.1 MiB,4096.0 MiB,3681.0 MiB,415.0 MiB,13122.1 MiB
10,Python 3.6.15,binarytrees_compatible_all.py 21,94,1694217254,1171564,python,1:50.60,20944,13916,5268,93.8,0.1,1,3,1:50,0,4,9144,0,8940,0,13916,310,2,278,30,0,12.8,1.5,0.0,85.7,0.0,0.0,0.0,0.0,15794.9 MiB,3730.2 MiB,2031.5 MiB,10033.1 MiB,4096.0 MiB,3681.0 MiB,415.0 MiB,13122.1 MiB
10,Python 3.6.15,binarytrees_compatible_all.py 21,95,1694217255,1171564,python,1:51.78,20944,13916,5268,100.0,0.1,1,3,1:51,0,4,9144,0,8940,0,13916,310,2,278,30,0,13.4,1.5,0.0,85.1,0.0,0.0,0.0,0.0,15794.9 MiB,3730.2 MiB,2031.5 MiB,10033.1 MiB,4096.0 MiB,3681.0 MiB,415.0 MiB,13122.1 MiB
10,Python 3.6.15,binarytrees_compatible_all.py 21,96,1694217256,1171564,python,1:52.96,20944,13916,5268,100.0,0.1,1,3,1:52,0,4,9144,0,8940,0,13916,310,2,278,30,0,12.9,0.8,0.0,86.4,0.0,0.0,0.0,0.0,15794.9 MiB,3730.2 MiB,2031.5 MiB,10033.1 MiB,4096.0 MiB,3681.0 MiB,415.0 MiB,13122.1 MiB
10,Python 3.6.15,binarytrees_compatible_all.py 21,97,1694217257,1171564,python,1:54.13,20944,13916,5268,100.0,0.1,1,7,1:54,0,4,9144,0,8940,0,13916,310,2,278,30,0,12.8,1.5,0.0,85.7,0.0,0.0,0.0,0.0,15794.9 MiB,3730.2 MiB,2031.5 MiB,10033.1 MiB,4096.0 MiB,3681.0 MiB,415.0 MiB,13122.1 MiB
10,Python 3.6.15,binarytrees_compatible_all.py 21,98,1694217259,1171564,python,1:55.30,21200,14172,5268,93.8,0.1,1,7,1:55,0,4,9400,0,9011,0,14172,310,2,278,30,0,12.2,0.8,0.0,87.0,0.0,0.0,0.0,0.0,15794.9 MiB,3730.2 MiB,2031.5 MiB,10033.1 MiB,4096.0 MiB,3681.0 MiB,415.0 MiB,13122.1 MiB
10,Python 3.6.15,binarytrees_compatible_all.py 21,99,1694217260,1171564,python,1:56.49,21200,14172,5268,94.1,0.1,1,7,1:56,0,4,9400,0,9014,0,14172,310,2,278,30,0,13.5,1.4,0.0,85.1,0.0,0.0,0.0,0.0,15794.9 MiB,3730.2 MiB,2031.5 MiB,10033.1 MiB,4096.0 MiB,3681.0 MiB,415.0 MiB,13122.1 MiB
10,Python 3.6.15,binarytrees_compatible_all.py 21,100,1694217261,1171564,python,1:57.67,21200,14172,5268,100.0,0.1,1,7,1:57,0,4,9400,0,9017,0,14172,310,2,278,30,0,13.4,1.5,0.0,85.1,0.0,0.0,0.0,0.0,15794.9 MiB,3730.5 MiB,2031.3 MiB,10033.1 MiB,4096.0 MiB,3681.0 MiB,415.0 MiB,13122.4 MiB
10,Python 3.6.15,binarytrees_compatible_all.py 21,101,1694217262,1171564,python,1:58.84,21200,14172,5268,100.0,0.1,1,7,1:58,0,4,9400,0,9020,0,14172,310,2,278,30,0,12.8,1.5,0.0,85.7,0.0,0.0,0.0,0.0,15794.9 MiB,3730.7 MiB,2031.0 MiB,10033.1 MiB,4096.0 MiB,3681.0 MiB,415.0 MiB,13122.6 MiB
10,Python 3.6.15,binarytrees_compatible_all.py 21,102,1694217263,1171564,python,2:00.01,21200,14172,5268,93.8,0.1,1,7,2:00,0,4,9400,0,9023,0,14172,310,2,278,30,0,12.8,0.8,0.0,86.5,0.0,0.0,0.0,0.0,15794.9 MiB,3730.7 MiB,2031.0 MiB,10033.1 MiB,4096.0 MiB,3681.0 MiB,415.0 MiB,13122.6 MiB
10,Python 3.6.15,binarytrees_compatible_all.py 21,103,1694217264,1171564,python,2:01.19,21200,14172,5268,100.0,0.1,1,7,2:01,0,4,9400,0,9026,0,14172,310,2,278,30,0,13.4,1.5,0.0,85.1,0.0,0.0,0.0,0.0,15794.9 MiB,3730.7 MiB,2031.0 MiB,10033.1 MiB,4096.0 MiB,3681.0 MiB,415.0 MiB,13122.6 MiB
10,Python 3.6.15,binarytrees_compatible_all.py 21,104,1694217266,1171564,python,2:02.37,21200,14172,5268,100.0,0.1,1,7,2:02,0,4,9400,0,9029,0,14172,310,2,278,30,0,12.8,1.5,0.0,85.7,0.0,0.0,0.0,0.0,15794.9 MiB,3730.7 MiB,2031.0 MiB,10033.1 MiB,4096.0 MiB,3681.0 MiB,415.0 MiB,13122.6 MiB
10,Python 3.6.15,binarytrees_compatible_all.py 21,105,1694217267,1171564,python,2:03.53,25552,18524,5268,100.0,0.1,1,7,2:03,0,4,13752,0,16k,0,18524,310,2,278,30,0,12.2,0.8,0.0,87.0,0.0,0.0,0.0,0.0,15794.9 MiB,3730.5 MiB,2031.3 MiB,10033.1 MiB,4096.0 MiB,3681.0 MiB,415.0 MiB,13122.4 MiB
10,Python 3.6.15,binarytrees_compatible_all.py 21,106,1694217268,1171564,python,2:04.71,25552,18524,5268,100.0,0.1,1,7,2:04,0,4,13752,0,16k,0,18524,310,2,278,30,0,12.9,0.8,0.0,86.4,0.0,0.0,0.0,0.0,15794.9 MiB,3730.5 MiB,2031.3 MiB,10033.1 MiB,4096.0 MiB,3681.0 MiB,415.0 MiB,13122.4 MiB
10,Python 3.6.15,binarytrees_compatible_all.py 21,107,1694217269,1171564,python,2:05.89,25552,18524,5268,100.0,0.1,1,7,2:05,0,4,13752,0,16k,0,18524,310,2,278,30,0,13.6,0.0,0.0,86.4,0.0,0.0,0.0,0.0,15794.9 MiB,3729.8 MiB,2032.0 MiB,10033.1 MiB,4096.0 MiB,3681.0 MiB,415.0 MiB,13121.6 MiB
10,Python 3.6.15,binarytrees_compatible_all.py 21,108,1694217270,1171564,python,2:07.06,25552,18524,5268,100.0,0.1,1,7,2:07,0,4,13752,0,16k,0,18524,310,2,278,30,0,12.8,0.8,0.0,86.5,0.0,0.0,0.0,0.0,15794.9 MiB,3729.8 MiB,2032.0 MiB,10033.1 MiB,4096.0 MiB,3681.0 MiB,415.0 MiB,13121.6 MiB
10,Python 3.6.15,binarytrees_compatible_all.py 21,109,1694217271,1171564,python,2:08.24,25552,18524,5268,100.0,0.1,1,3,2:08,0,4,13752,0,16k,0,18524,310,2,278,30,0,13.5,0.8,0.0,85.7,0.0,0.0,0.0,0.0,15794.9 MiB,3729.5 MiB,2032.2 MiB,10033.1 MiB,4096.0 MiB,3681.0 MiB,415.0 MiB,13121.4 MiB
10,Python 3.6.15,binarytrees_compatible_all.py 21,110,1694217273,1171564,python,2:09.41,25552,18524,5268,100.0,0.1,1,3,2:09,0,4,13752,0,16k,0,18524,310,2,278,30,0,12.7,1.5,0.0,85.1,0.7,0.0,0.0,0.0,15794.9 MiB,3729.5 MiB,2032.2 MiB,10033.1 MiB,4096.0 MiB,3681.0 MiB,415.0 MiB,13121.4 MiB
10,Python 3.6.15,binarytrees_compatible_all.py 21,111,1694217274,1171564,python,2:10.59,25552,18524,5268,100.0,0.1,1,3,2:10,0,4,13752,0,16k,0,18524,310,2,278,30,0,12.8,0.8,0.0,86.5,0.0,0.0,0.0,0.0,15794.9 MiB,3729.0 MiB,2032.7 MiB,10033.1 MiB,4096.0 MiB,3681.0 MiB,415.0 MiB,13120.9 MiB
10,Python 3.6.15,binarytrees_compatible_all.py 21,112,1694217275,1171564,python,2:11.76,25552,18524,5268,93.8,0.1,1,3,2:11,0,4,13752,0,16k,0,18524,310,2,278,30,0,12.8,0.8,0.0,86.5,0.0,0.0,0.0,0.0,15794.9 MiB,3729.0 MiB,2032.7 MiB,10033.1 MiB,4096.0 MiB,3681.0 MiB,415.0 MiB,13120.9 MiB
10,Python 3.6.15,binarytrees_compatible_all.py 21,113,1694217276,1171564,python,2:12.95,25552,18524,5268,94.1,0.1,1,3,2:12,0,4,13752,0,16k,0,18524,312,3,279,30,0,25.2,2.1,0.0,72.7,0.0,0.0,0.0,0.0,15794.9 MiB,3689.9 MiB,2071.8 MiB,10033.1 MiB,4096.0 MiB,3681.0 MiB,415.0 MiB,13081.8 MiB
10,Python 3.6.15,binarytrees_compatible_all.py 21,114,1694217277,1171564,python,2:14.14,25552,18524,5268,94.1,0.1,1,3,2:14,0,4,13752,0,16k,0,18524,314,3,281,30,0,24.8,2.9,0.0,72.3,0.0,0.0,0.0,0.0,15794.9 MiB,3645.9 MiB,2115.9 MiB,10033.1 MiB,4096.0 MiB,3681.0 MiB,415.0 MiB,13037.8 MiB
10,Python 3.6.15,binarytrees_compatible_all.py 21,115,1694217279,1171564,python,2:15.32,25552,18524,5268,100.0,0.1,1,7,2:15,0,4,13752,0,16k,0,18524,314,3,281,30,0,25.7,1.5,0.0,72.8,0.0,0.0,0.0,0.0,15794.9 MiB,3664.6 MiB,2096.9 MiB,10033.4 MiB,4096.0 MiB,3681.0 MiB,415.0 MiB,13056.8 MiB
10,Python 3.6.15,binarytrees_compatible_all.py 21,116,1694217280,1171564,python,2:16.50,25552,18524,5268,100.0,0.1,1,7,2:16,0,4,13752,0,16k,0,18524,313,3,280,30,0,32.4,11.5,0.0,56.1,0.0,0.0,0.0,0.0,15794.9 MiB,3677.2 MiB,2084.3 MiB,10033.4 MiB,4096.0 MiB,3681.0 MiB,415.0 MiB,13069.4 MiB
10,Python 3.6.15,binarytrees_compatible_all.py 21,117,1694217281,1171564,python,2:17.69,25552,18524,5268,94.1,0.1,1,7,2:17,0,4,13752,0,16k,0,18524,313,3,280,30,0,25.5,1.5,0.0,73.0,0.0,0.0,0.0,0.0,15794.9 MiB,3662.9 MiB,2098.3 MiB,10033.6 MiB,4096.0 MiB,3681.0 MiB,415.0 MiB,13055.3 MiB
10,Python 3.6.15,binarytrees_compatible_all.py 21,118,1694217282,1171564,python,2:18.87,25552,18524,5268,100.0,0.1,1,7,2:18,0,4,13752,0,16k,0,18524,313,3,280,30,0,25.4,2.2,0.0,72.5,0.0,0.0,0.0,0.0,15794.9 MiB,3618.1 MiB,2143.3 MiB,10033.5 MiB,4096.0 MiB,3681.0 MiB,415.0 MiB,13010.4 MiB
10,Python 3.6.15,binarytrees_compatible_all.py 21,119,1694217283,1171564,python,2:20.05,25552,18524,5268,100.0,0.1,1,7,2:20,0,4,13752,0,16k,0,18524,313,3,280,30,0,24.8,1.5,0.0,73.7,0.0,0.0,0.0,0.0,15794.9 MiB,3615.4 MiB,2146.0 MiB,10033.5 MiB,4096.0 MiB,3681.0 MiB,415.0 MiB,13007.7 MiB
10,Python 3.6.15,binarytrees_compatible_all.py 21,120,1694217284,1171564,python,2:21.23,25552,18524,5268,100.0,0.1,1,7,2:21,0,4,13752,0,16k,0,18524,313,3,280,30,0,24.4,2.2,0.0,73.3,0.0,0.0,0.0,0.0,15794.9 MiB,3614.7 MiB,2146.7 MiB,10033.5 MiB,4096.0 MiB,3681.0 MiB,415.0 MiB,13006.9 MiB
10,Python 3.6.15,binarytrees_compatible_all.py 21,121,1694217286,1171564,python,2:22.41,25552,18524,5268,100.0,0.1,1,7,2:22,0,4,13752,0,16k,0,18524,313,3,280,30,0,25.7,1.5,0.0,72.8,0.0,0.0,0.0,0.0,15794.9 MiB,3614.2 MiB,2147.2 MiB,10033.5 MiB,4096.0 MiB,3681.0 MiB,415.0 MiB,13006.5 MiB
10,Python 3.6.15,binarytrees_compatible_all.py 21,122,1694217287,1171564,python,2:23.59,25552,18524,5268,100.0,0.1,1,7,2:23,0,4,13752,0,16k,0,18524,313,3,280,30,0,25.7,1.5,0.0,72.1,0.7,0.0,0.0,0.0,15794.9 MiB,3614.2 MiB,2147.2 MiB,10033.5 MiB,4096.0 MiB,3681.0 MiB,415.0 MiB,13006.5 MiB
10,Python 3.6.15,binarytrees_compatible_all.py 21,123,1694217288,1171564,python,2:24.77,25552,18524,5268,100.0,0.1,1,7,2:24,0,4,13752,0,16k,0,18524,313,3,280,30,0,25.5,2.2,0.0,72.3,0.0,0.0,0.0,0.0,15794.9 MiB,3614.2 MiB,2147.2 MiB,10033.5 MiB,4096.0 MiB,3681.0 MiB,415.0 MiB,13006.5 MiB
10,Python 3.6.15,binarytrees_compatible_all.py 21,124,1694217289,1171564,python,2:25.96,25552,18524,5268,100.0,0.1,1,7,2:25,0,4,13752,0,16k,0,18524,316,3,283,30,0,32.2,7.5,0.0,56.2,4.1,0.0,0.0,0.0,15794.9 MiB,3611.5 MiB,2148.2 MiB,10035.2 MiB,4096.0 MiB,3681.0 MiB,415.0 MiB,13005.5 MiB
10,Python 3.6.15,binarytrees_compatible_all.py 21,125,1694217290,1171564,python,2:27.14,25552,18524,5268,100.0,0.1,1,7,2:27,0,4,13752,0,16k,0,18524,314,3,281,30,0,50.7,9.0,0.0,40.3,0.0,0.0,0.0,0.0,15794.9 MiB,3601.0 MiB,2155.3 MiB,10038.6 MiB,4096.0 MiB,3681.0 MiB,415.0 MiB,12998.2 MiB
10,Python 3.6.15,binarytrees_compatible_all.py 21,126,1694217292,1171564,python,2:28.32,25552,18524,5268,100.0,0.1,1,7,2:28,0,4,13752,0,16k,0,18524,312,2,280,30,0,13.4,0.0,0.0,86.6,0.0,0.0,0.0,0.0,15794.9 MiB,3713.2 MiB,2042.7 MiB,10038.9 MiB,4096.0 MiB,3681.0 MiB,415.0 MiB,13110.9 MiB
10,Python 3.6.15,binarytrees_compatible_all.py 21,127,1694217293,1171564,python,2:29.50,25552,18524,5268,100.0,0.1,1,7,2:29,0,4,13752,0,16k,0,18524,312,2,280,30,0,13.6,0.0,0.0,86.4,0.0,0.0,0.0,0.0,15794.9 MiB,3713.2 MiB,2042.7 MiB,10038.9 MiB,4096.0 MiB,3681.0 MiB,415.0 MiB,13110.9 MiB
10,Python 3.6.15,binarytrees_compatible_all.py 21,128,1694217294,1171564,python,2:30.68,25552,18524,5268,100.0,0.1,1,7,2:30,0,4,13752,0,16k,0,18524,312,2,280,30,0,14.0,1.5,0.0,84.6,0.0,0.0,0.0,0.0,15794.9 MiB,3713.2 MiB,2042.7 MiB,10038.9 MiB,4096.0 MiB,3681.0 MiB,415.0 MiB,13110.9 MiB
10,Python 3.6.15,binarytrees_compatible_all.py 21,129,1694217295,1171564,python,2:31.85,25552,18524,5268,93.8,0.1,1,7,2:31,0,4,13752,0,16k,0,18524,312,2,280,30,0,12.8,0.8,0.0,86.5,0.0,0.0,0.0,0.0,15794.9 MiB,3713.2 MiB,2042.7 MiB,10038.9 MiB,4096.0 MiB,3681.0 MiB,415.0 MiB,13110.9 MiB
10,Python 3.6.15,binarytrees_compatible_all.py 21,130,1694217296,1171564,python,2:33.03,34256,27320,5268,100.0,0.2,1,7,2:33,0,4,22456,0,27k,0,27320,312,2,280,30,0,12.7,3.0,0.0,84.3,0.0,0.0,0.0,0.0,15794.9 MiB,3700.2 MiB,2055.7 MiB,10039.0 MiB,4096.0 MiB,3681.0 MiB,415.0 MiB,13098.0 MiB
10,Python 3.6.15,binarytrees_compatible_all.py 21,131,1694217297,1171564,python,2:34.21,35024,28088,5268,100.0,0.2,1,7,2:34,0,4,23224,0,78k,0,28088,312,2,280,30,0,12.9,1.5,0.0,85.6,0.0,0.0,0.0,0.0,15794.9 MiB,3699.0 MiB,2056.9 MiB,10039.0 MiB,4096.0 MiB,3681.0 MiB,415.0 MiB,13096.7 MiB
10,Python 3.6.15,binarytrees_compatible_all.py 21,132,1694217299,1171564,python,2:35.39,43728,36652,5268,100.0,0.2,1,7,2:35,0,4,31928,0,116k,0,36652,312,2,280,30,0,13.5,0.8,0.0,85.7,0.0,0.0,0.0,0.0,15794.9 MiB,3698.7 MiB,2057.1 MiB,10039.0 MiB,4096.0 MiB,3681.0 MiB,415.0 MiB,13096.5 MiB
10,Python 3.6.15,binarytrees_compatible_all.py 21,133,1694217300,1171564,python,2:36.56,42448,35512,5268,100.0,0.2,1,7,2:36,0,4,30648,0,139k,0,35512,313,3,280,30,0,12.9,1.5,0.0,85.6,0.0,0.0,0.0,0.0,15794.9 MiB,3697.0 MiB,2058.9 MiB,10039.0 MiB,4096.0 MiB,3681.0 MiB,415.0 MiB,13094.7 MiB
10,Python 3.6.15,binarytrees_compatible_all.py 21,134,1694217301,1171564,python,2:37.74,43216,36444,5268,100.0,0.2,1,7,2:37,0,4,31416,0,148k,0,36444,312,2,280,30,0,12.8,1.4,0.0,85.8,0.0,0.0,0.0,0.0,15794.9 MiB,3699.8 MiB,2056.1 MiB,10039.0 MiB,4096.0 MiB,3681.0 MiB,415.0 MiB,13097.5 MiB
10,Python 3.6.15,binarytrees_compatible_all.py 21,135,1694217302,1171564,python,2:38.92,44496,37468,5268,100.0,0.2,1,7,2:38,0,4,32696,0,149k,0,37468,312,2,280,30,0,12.9,0.8,0.0,86.4,0.0,0.0,0.0,0.0,15794.9 MiB,3698.6 MiB,2057.3 MiB,10039.0 MiB,4096.0 MiB,3681.0 MiB,415.0 MiB,13096.3 MiB
10,Python 3.6.15,binarytrees_compatible_all.py 21,136,1694217303,1171564,python,2:40.10,44496,37468,5268,100.0,0.2,1,7,2:40,0,4,32696,0,149k,0,37468,312,2,280,30,0,12.9,0.8,0.0,86.4,0.0,0.0,0.0,0.0,15794.9 MiB,3698.6 MiB,2057.3 MiB,10039.0 MiB,4096.0 MiB,3681.0 MiB,415.0 MiB,13096.3 MiB
10,Python 3.6.15,binarytrees_compatible_all.py 21,137,1694217305,1171564,python,2:41.27,44496,37468,5268,100.0,0.2,1,3,2:41,0,4,32696,0,149k,0,37468,312,2,280,30,0,13.4,1.5,0.0,85.1,0.0,0.0,0.0,0.0,15794.9 MiB,3698.3 MiB,2057.6 MiB,10039.0 MiB,4096.0 MiB,3681.0 MiB,415.0 MiB,13096.1 MiB
10,Python 3.6.15,binarytrees_compatible_all.py 21,138,1694217306,1171564,python,2:42.45,44496,37468,5268,100.0,0.2,1,3,2:42,0,4,32696,0,149k,0,37468,312,2,280,30,0,12.1,1.5,0.0,86.4,0.0,0.0,0.0,0.0,15794.9 MiB,3697.8 MiB,2058.0 MiB,10039.0 MiB,4096.0 MiB,3681.0 MiB,415.0 MiB,13095.6 MiB
10,Python 3.6.15,binarytrees_compatible_all.py 21,139,1694217307,1171564,python,2:43.62,44496,37468,5268,100.0,0.2,1,3,2:43,0,4,32696,0,149k,0,37468,312,2,280,30,0,12.9,0.8,0.0,86.4,0.0,0.0,0.0,0.0,15794.9 MiB,3698.8 MiB,2057.0 MiB,10039.0 MiB,4096.0 MiB,3681.0 MiB,415.0 MiB,13096.6 MiB
10,Python 3.6.15,binarytrees_compatible_all.py 21,140,1694217308,1171564,python,2:44.80,44496,37468,5268,100.0,0.2,1,3,2:44,0,4,32696,0,149k,0,37468,312,2,280,30,0,12.9,0.8,0.0,86.4,0.0,0.0,0.0,0.0,15794.9 MiB,3698.6 MiB,2057.3 MiB,10039.0 MiB,4096.0 MiB,3681.0 MiB,415.0 MiB,13096.4 MiB
10,Python 3.6.15,binarytrees_compatible_all.py 21,141,1694217309,1171564,python,2:45.97,44496,37468,5268,93.8,0.2,1,3,2:45,0,4,32696,0,149k,0,37468,312,2,280,30,0,13.4,0.7,0.0,85.8,0.0,0.0,0.0,0.0,15794.9 MiB,3699.3 MiB,2056.6 MiB,10039.0 MiB,4096.0 MiB,3681.0 MiB,415.0 MiB,13097.1 MiB
10,Python 3.6.15,binarytrees_compatible_all.py 21,142,1694217310,1171564,python,2:47.15,44496,37468,5268,100.0,0.2,1,3,2:47,0,4,32696,0,149k,0,37468,312,2,280,30,0,12.7,1.5,0.0,85.8,0.0,0.0,0.0,0.0,15794.9 MiB,3699.1 MiB,2056.8 MiB,10039.0 MiB,4096.0 MiB,3681.0 MiB,415.0 MiB,13096.9 MiB
10,Python 3.6.15,binarytrees_compatible_all.py 21,143,1694217312,1171564,python,2:48.32,44496,37468,5268,100.0,0.2,1,3,2:48,0,4,32696,0,149k,0,37468,312,2,280,30,0,13.6,0.8,0.0,85.6,0.0,0.0,0.0,0.0,15794.9 MiB,3699.1 MiB,2056.8 MiB,10039.0 MiB,4096.0 MiB,3681.0 MiB,415.0 MiB,13096.9 MiB
10,Python 3.6.15,binarytrees_compatible_all.py 21,144,1694217313,1171564,python,2:49.50,44496,37468,5268,100.0,0.2,1,3,2:49,0,4,32696,0,149k,0,37468,312,2,280,30,0,13.5,0.8,0.0,85.7,0.0,0.0,0.0,0.0,15794.9 MiB,3699.1 MiB,2056.8 MiB,10039.0 MiB,4096.0 MiB,3681.0 MiB,415.0 MiB,13096.9 MiB
10,Python 3.6.15,binarytrees_compatible_all.py 21,145,1694217314,1171564,python,2:50.67,44496,37468,5268,93.8,0.2,1,3,2:50,0,4,32696,0,149k,0,37468,312,2,280,30,0,13.6,0.0,0.0,86.4,0.0,0.0,0.0,0.0,15794.9 MiB,3699.1 MiB,2056.8 MiB,10039.0 MiB,4096.0 MiB,3681.0 MiB,415.0 MiB,13096.9 MiB
10,Python 3.6.15,binarytrees_compatible_all.py 21,146,1694217315,1171564,python,2:51.85,44496,37468,5268,100.0,0.2,1,3,2:51,0,4,32696,0,149k,0,37468,312,2,280,30,0,12.8,0.8,0.0,86.5,0.0,0.0,0.0,0.0,15794.9 MiB,3698.8 MiB,2057.0 MiB,10039.0 MiB,4096.0 MiB,3681.0 MiB,415.0 MiB,13096.6 MiB
10,Python 3.6.15,binarytrees_compatible_all.py 21,147,1694217316,1171564,python,2:53.02,44496,37468,5268,100.0,0.2,1,3,2:53,0,4,32696,0,149k,0,37468,312,2,280,30,0,14.7,1.5,0.0,83.8,0.0,0.0,0.0,0.0,15794.9 MiB,3698.6 MiB,2057.3 MiB,10039.0 MiB,4096.0 MiB,3681.0 MiB,415.0 MiB,13096.4 MiB
10,Python 3.6.15,binarytrees_compatible_all.py 21,148,1694217317,1171564,python,2:54.20,44496,37468,5268,100.0,0.2,1,3,2:54,0,4,32696,0,149k,0,37468,312,2,280,30,0,13.5,0.8,0.0,85.7,0.0,0.0,0.0,0.0,15794.9 MiB,3698.3 MiB,2057.5 MiB,10039.0 MiB,4096.0 MiB,3681.0 MiB,415.0 MiB,13096.1 MiB
10,Python 3.6.15,binarytrees_compatible_all.py 21,149,1694217319,1171564,python,2:55.37,44496,37468,5268,93.8,0.2,1,3,2:55,0,4,32696,0,149k,0,37468,312,2,280,30,0,12.9,0.8,0.0,86.4,0.0,0.0,0.0,0.0,15794.9 MiB,3698.6 MiB,2057.2 MiB,10039.0 MiB,4096.0 MiB,3681.0 MiB,415.0 MiB,13096.4 MiB
10,Python 3.6.15,binarytrees_compatible_all.py 21,150,1694217320,1171564,python,2:56.55,44496,37468,5268,100.0,0.2,1,3,2:56,0,4,32696,0,149k,0,37468,312,2,280,30,0,13.0,0.8,0.0,86.3,0.0,0.0,0.0,0.0,15794.9 MiB,3698.3 MiB,2057.5 MiB,10039.0 MiB,4096.0 MiB,3681.0 MiB,415.0 MiB,13096.2 MiB
10,Python 3.6.15,binarytrees_compatible_all.py 21,151,1694217321,1171564,python,2:57.74,44496,37468,5268,100.0,0.2,1,3,2:57,0,4,32696,0,149k,0,37468,312,2,280,30,0,12.8,1.4,0.0,85.8,0.0,0.0,0.0,0.0,15794.9 MiB,3698.3 MiB,2057.5 MiB,10039.0 MiB,4096.0 MiB,3681.0 MiB,415.0 MiB,13096.2 MiB
10,Python 3.6.15,binarytrees_compatible_all.py 21,152,1694217322,1171564,python,2:58.92,44496,37468,5268,100.0,0.2,1,3,2:58,0,4,32696,0,149k,0,37468,312,2,280,30,0,13.4,1.5,0.0,85.1,0.0,0.0,0.0,0.0,15794.9 MiB,3697.6 MiB,2058.2 MiB,10039.0 MiB,4096.0 MiB,3681.0 MiB,415.0 MiB,13095.4 MiB
10,Python 3.6.15,binarytrees_compatible_all.py 21,153,1694217323,1171564,python,3:00.08,69584,62464,5268,93.8,0.4,1,3,3:00,0,4,57784,0,161k,0,62464,312,2,280,30,0,12.0,2.3,0.0,85.7,0.0,0.0,0.0,0.0,15794.9 MiB,3680.4 MiB,2075.4 MiB,10039.0 MiB,4096.0 MiB,3681.0 MiB,415.0 MiB,13078.2 MiB
10,Python 3.6.15,binarytrees_compatible_all.py 21,154,1694217325,1171564,python,3:01.26,90064,82972,5268,93.8,0.5,1,3,3:01,0,4,78264,0,225k,0,82972,312,2,280,30,0,11.3,2.3,0.0,85.7,0.8,0.0,0.0,0.0,15794.9 MiB,3663.1 MiB,2092.7 MiB,10039.1 MiB,4096.0 MiB,3681.0 MiB,415.0 MiB,13061.0 MiB
10,Python 3.6.15,binarytrees_compatible_all.py 21,155,1694217326,1171564,python,3:02.43,108752,101764,5268,93.8,0.6,1,3,3:02,0,4,96952,0,288k,0,101764,312,2,280,30,0,10.6,2.3,0.0,87.1,0.0,0.0,0.0,0.0,15794.9 MiB,3644.9 MiB,2110.9 MiB,10039.0 MiB,4096.0 MiB,3681.0 MiB,415.0 MiB,13042.8 MiB
10,Python 3.6.15,binarytrees_compatible_all.py 21,156,1694217327,1171564,python,3:03.61,71632,64784,5268,93.8,0.4,1,3,3:03,0,4,59832,0,349k,0,64784,312,2,280,30,0,11.9,3.0,0.0,85.1,0.0,0.0,0.0,0.0,15794.9 MiB,3668.0 MiB,2087.8 MiB,10039.0 MiB,4096.0 MiB,3681.0 MiB,415.0 MiB,13065.8 MiB
10,Python 3.6.15,binarytrees_compatible_all.py 21,157,1694217328,1171564,python,3:04.79,74448,67600,5268,100.0,0.4,1,3,3:04,0,4,62648,0,406k,0,67600,312,2,280,30,0,12.0,2.3,0.0,85.7,0.0,0.0,0.0,0.0,15794.9 MiB,3666.5 MiB,2089.3 MiB,10039.0 MiB,4096.0 MiB,3681.0 MiB,415.0 MiB,13064.3 MiB
10,Python 3.6.15,binarytrees_compatible_all.py 21,158,1694217329,1171564,python,3:05.96,80848,73716,5268,93.8,0.5,1,3,3:05,0,4,69048,0,464k,0,73716,312,2,280,30,0,13.5,0.8,0.0,85.7,0.0,0.0,0.0,0.0,15794.9 MiB,3668.3 MiB,2087.6 MiB,10039.0 MiB,4096.0 MiB,3681.0 MiB,415.0 MiB,13066.1 MiB
10,Python 3.6.15,binarytrees_compatible_all.py 21,159,1694217330,1171564,python,3:07.14,103632,96596,5268,100.0,0.6,1,3,3:07,0,4,91832,0,525k,0,96596,312,2,280,30,0,12.8,1.5,0.0,85.7,0.0,0.0,0.0,0.0,15794.9 MiB,3650.1 MiB,2105.7 MiB,10039.1 MiB,4096.0 MiB,3681.0 MiB,415.0 MiB,13048.0 MiB
10,Python 3.6.15,binarytrees_compatible_all.py 21,160,1694217332,1171564,python,3:08.31,83920,77072,5268,100.0,0.5,1,3,3:08,0,4,72120,0,583k,0,77072,312,2,280,30,0,10.4,3.7,0.0,85.8,0.0,0.0,0.0,0.0,15794.9 MiB,3641.3 MiB,2114.5 MiB,10039.1 MiB,4096.0 MiB,3681.0 MiB,415.0 MiB,13039.4 MiB
10,Python 3.6.15,binarytrees_compatible_all.py 21,161,1694217333,1171564,python,3:09.49,74960,68112,5268,100.0,0.4,1,3,3:09,0,4,63160,0,637k,0,68112,312,2,280,30,0,12.9,0.8,0.0,86.4,0.0,0.0,0.0,0.0,15794.9 MiB,3666.2 MiB,2089.6 MiB,10039.1 MiB,4096.0 MiB,3681.0 MiB,415.0 MiB,13064.1 MiB
10,Python 3.6.15,binarytrees_compatible_all.py 21,162,1694217334,1171564,python,3:10.66,80592,73564,5268,100.0,0.5,1,3,3:10,0,4,68792,0,691k,0,73564,312,2,280,30,0,12.0,2.3,0.0,85.7,0.0,0.0,0.0,0.0,15794.9 MiB,3663.4 MiB,2092.4 MiB,10039.1 MiB,4096.0 MiB,3681.0 MiB,415.0 MiB,13061.3 MiB
10,Python 3.6.15,binarytrees_compatible_all.py 21,163,1694217335,1171564,python,3:11.84,106960,100012,5268,100.0,0.6,1,7,3:11,0,4,95160,0,750k,0,100012,312,2,280,30,0,11.9,2.2,0.0,85.8,0.0,0.0,0.0,0.0,15794.9 MiB,3647.9 MiB,2107.9 MiB,10039.1 MiB,4096.0 MiB,3681.0 MiB,415.0 MiB,13045.8 MiB
10,Python 3.6.15,binarytrees_compatible_all.py 21,164,1694217336,1171564,python,3:13.01,77008,70160,5268,100.0,0.4,1,7,3:13,0,4,65208,0,804k,0,70160,312,2,280,30,0,12.8,1.5,0.0,85.7,0.0,0.0,0.0,0.0,15794.9 MiB,3665.2 MiB,2090.6 MiB,10039.1 MiB,4096.0 MiB,3681.0 MiB,415.0 MiB,13063.0 MiB
10,Python 3.6.15,binarytrees_compatible_all.py 21,165,1694217337,1171564,python,3:14.19,79824,72976,5268,100.0,0.5,1,7,3:14,0,4,68024,0,855k,0,72976,312,2,280,30,0,12.7,2.2,0.0,85.1,0.0,0.0,0.0,0.0,15794.9 MiB,3663.3 MiB,2092.5 MiB,10039.1 MiB,4096.0 MiB,3681.0 MiB,415.0 MiB,13061.1 MiB
10,Python 3.6.15,binarytrees_compatible_all.py 21,166,1694217339,1171564,python,3:15.36,88016,80940,5268,93.8,0.5,1,7,3:15,0,4,76216,0,907k,0,80940,312,2,280,30,0,12.1,1.5,0.0,86.4,0.0,0.0,0.0,0.0,15794.9 MiB,3664.7 MiB,2091.1 MiB,10039.1 MiB,4096.0 MiB,3681.0 MiB,415.0 MiB,13062.6 MiB
10,Python 3.6.15,binarytrees_compatible_all.py 21,167,1694217340,1171564,python,3:16.54,115664,108572,5268,100.0,0.7,1,3,3:16,0,4,103864,0,962k,0,108572,312,2,280,30,0,12.6,2.2,0.0,85.2,0.0,0.0,0.0,0.0,15794.9 MiB,3634.0 MiB,2121.8 MiB,10039.1 MiB,4096.0 MiB,3681.0 MiB,415.0 MiB,13031.8 MiB
10,Python 3.6.15,binarytrees_compatible_all.py 21,168,1694217341,1171564,python,3:17.71,81872,75024,5268,93.8,0.5,1,3,3:17,0,4,70072,0,1.0m,0,75024,312,2,280,30,0,11.9,3.0,0.0,85.1,0.0,0.0,0.0,0.0,15794.9 MiB,3654.3 MiB,2101.5 MiB,10039.1 MiB,4096.0 MiB,3681.0 MiB,415.0 MiB,13052.1 MiB
10,Python 3.6.15,binarytrees_compatible_all.py 21,169,1694217342,1171564,python,3:18.89,80336,73488,5268,100.0,0.5,1,3,3:18,0,4,68536,0,1.0m,0,73488,312,2,280,30,0,12.1,1.5,0.0,86.4,0.0,0.0,0.0,0.0,15794.9 MiB,3655.8 MiB,2100.0 MiB,10039.1 MiB,4096.0 MiB,3681.0 MiB,415.0 MiB,13053.7 MiB
10,Python 3.6.15,binarytrees_compatible_all.py 21,170,1694217343,1171564,python,3:20.07,102864,95836,5268,100.0,0.6,1,3,3:20,0,4,91064,0,1.1m,0,95836,312,2,280,30,0,12.8,1.5,0.0,85.7,0.0,0.0,0.0,0.0,15794.9 MiB,3645.8 MiB,2110.0 MiB,10039.1 MiB,4096.0 MiB,3681.0 MiB,415.0 MiB,13043.6 MiB
10,Python 3.6.15,binarytrees_compatible_all.py 21,171,1694217344,1171564,python,3:21.24,83920,77072,5268,100.0,0.5,1,3,3:21,0,4,72120,0,1.1m,0,77072,312,2,280,30,0,12.0,2.3,0.0,85.7,0.0,0.0,0.0,0.0,15794.9 MiB,3652.2 MiB,2103.5 MiB,10039.1 MiB,4096.0 MiB,3681.0 MiB,415.0 MiB,13050.1 MiB
10,Python 3.6.15,binarytrees_compatible_all.py 21,172,1694217346,1171564,python,3:22.41,82384,75536,5268,93.8,0.5,1,7,3:22,0,4,70584,0,1.2m,0,75536,312,2,280,30,0,11.4,2.3,0.0,86.4,0.0,0.0,0.0,0.0,15794.9 MiB,3659.9 MiB,2095.9 MiB,10039.1 MiB,4096.0 MiB,3681.0 MiB,415.0 MiB,13057.8 MiB
10,Python 3.6.15,binarytrees_compatible_all.py 21,173,1694217347,1171564,python,3:23.59,95184,88116,5268,93.8,0.5,1,7,3:23,0,4,83384,0,1.2m,0,88116,312,2,280,30,0,12.0,1.5,0.0,86.5,0.0,0.0,0.0,0.0,15794.9 MiB,3657.9 MiB,2097.9 MiB,10039.1 MiB,4096.0 MiB,3681.0 MiB,415.0 MiB,13055.7 MiB
10,Python 3.6.15,binarytrees_compatible_all.py 21,174,1694217348,1171564,python,3:24.77,99536,92688,5268,100.0,0.6,1,7,3:24,0,4,87736,0,1.3m,0,92688,312,2,280,30,0,12.8,1.5,0.0,85.7,0.0,0.0,0.0,0.0,15794.9 MiB,3632.5 MiB,2123.3 MiB,10039.1 MiB,4096.0 MiB,3681.0 MiB,415.0 MiB,13030.4 MiB
10,Python 3.6.15,binarytrees_compatible_all.py 21,175,1694217349,1171564,python,3:25.95,84432,77584,5268,100.0,0.5,1,7,3:25,0,4,72632,0,1.3m,0,77584,312,2,280,30,0,11.9,3.0,0.0,85.1,0.0,0.0,0.0,0.0,15794.9 MiB,3658.1 MiB,2097.6 MiB,10039.1 MiB,4096.0 MiB,3681.0 MiB,415.0 MiB,13056.0 MiB
10,Python 3.6.15,binarytrees_compatible_all.py 21,176,1694217350,1171564,python,3:27.12,94160,86996,5268,100.0,0.5,1,7,3:27,0,4,82360,0,1.4m,0,86996,312,2,280,30,0,12.8,2.3,0.0,82.0,3.0,0.0,0.0,0.0,15794.9 MiB,3654.4 MiB,2099.7 MiB,10040.7 MiB,4096.0 MiB,3681.0 MiB,415.0 MiB,13053.9 MiB
10,Python 3.6.15,binarytrees_compatible_all.py 21,177,1694217352,1171564,python,3:28.29,106192,99344,5268,100.0,0.6,1,7,3:28,0,4,94392,0,1.4m,0,99344,312,2,280,30,0,12.7,1.5,0.0,85.8,0.0,0.0,0.0,0.0,15794.9 MiB,3631.5 MiB,2122.6 MiB,10040.7 MiB,4096.0 MiB,3681.0 MiB,415.0 MiB,13031.0 MiB
10,Python 3.6.15,binarytrees_compatible_all.py 21,178,1694217353,1171564,python,3:29.47,323536,316424,5268,100.0,2.0,1,7,3:29,0,4,311736,0,1.5m,0,316424,312,2,280,30,0,11.2,3.0,0.0,85.8,0.0,0.0,0.0,0.0,15794.9 MiB,3434.4 MiB,2319.8 MiB,10040.7 MiB,4096.0 MiB,3681.0 MiB,415.0 MiB,12833.9 MiB
10,Python 3.6.15,binarytrees_compatible_all.py 21,179,1694217354,1171564,python,3:30.65,304848,298076,5268,100.0,1.8,1,7,3:30,0,4,293048,0,1.5m,0,298076,312,2,280,30,0,11.3,3.0,0.0,85.7,0.0,0.0,0.0,0.0,15794.9 MiB,3423.3 MiB,2330.8 MiB,10040.7 MiB,4096.0 MiB,3681.0 MiB,415.0 MiB,12822.8 MiB
10,Python 3.6.15,binarytrees_compatible_all.py 21,180,1694217355,1171564,python,3:31.82,222928,216156,5268,93.8,1.3,1,7,3:31,0,4,211128,0,1.6m,0,216156,312,2,280,30,0,12.8,0.8,0.0,86.5,0.0,0.0,0.0,0.0,15794.9 MiB,3520.3 MiB,2233.8 MiB,10040.7 MiB,4096.0 MiB,3681.0 MiB,415.0 MiB,12919.8 MiB
10,Python 3.6.15,binarytrees_compatible_all.py 21,181,1694217356,1171564,python,3:32.99,293584,286440,5268,93.8,1.8,1,7,3:32,0,4,281784,0,1.7m,0,286440,312,2,280,30,0,11.3,2.3,0.0,86.5,0.0,0.0,0.0,0.0,15794.9 MiB,3463.2 MiB,2290.9 MiB,10040.7 MiB,4096.0 MiB,3681.0 MiB,415.0 MiB,12862.7 MiB
10,Python 3.6.15,binarytrees_compatible_all.py 21,182,1694217357,1171564,python,3:34.19,410576,403584,5268,100.0,2.5,1,3,3:34,0,4,398776,0,1.7m,0,403584,312,2,280,30,0,12.0,2.8,0.0,85.2,0.0,0.0,0.0,0.0,15794.9 MiB,3354.4 MiB,2399.7 MiB,10040.7 MiB,4096.0 MiB,3681.0 MiB,415.0 MiB,12753.9 MiB
10,Python 3.6.15,binarytrees_compatible_all.py 21,183,1694217359,1171564,python,3:35.37,223440,216668,5268,100.0,1.3,1,3,3:35,0,4,211640,0,1.8m,0,216668,312,2,280,30,0,13.5,1.4,0.0,85.1,0.0,0.0,0.0,0.0,15794.9 MiB,3525.6 MiB,2228.5 MiB,10040.7 MiB,4096.0 MiB,3681.0 MiB,415.0 MiB,12925.1 MiB
10,Python 3.6.15,binarytrees_compatible_all.py 21,184,1694217360,1171564,python,3:36.55,263120,256064,5268,100.0,1.6,1,3,3:36,0,4,251320,0,1.8m,0,256064,312,2,280,30,0,12.6,2.2,0.0,85.2,0.0,0.0,0.0,0.0,15794.9 MiB,3498.9 MiB,2255.3 MiB,10040.7 MiB,4096.0 MiB,3681.0 MiB,415.0 MiB,12898.4 MiB
10,Python 3.6.15,binarytrees_compatible_all.py 21,185,1694217361,1171564,python,3:37.73,380880,373736,5268,100.0,2.3,1,3,3:37,0,4,369080,0,1.9m,0,373736,312,2,280,30,0,11.4,2.3,0.0,86.4,0.0,0.0,0.0,0.0,15794.9 MiB,3383.4 MiB,2370.7 MiB,10040.7 MiB,4096.0 MiB,3681.0 MiB,415.0 MiB,12783.0 MiB
10,Python 3.6.15,binarytrees_compatible_all.py 21,186,1694217362,1171564,python,3:38.89,223952,217180,5268,100.0,1.3,1,3,3:38,0,4,212152,0,2.0m,0,217180,312,2,280,30,0,12.1,1.5,0.0,86.4,0.0,0.0,0.0,0.0,15794.9 MiB,3524.9 MiB,2229.2 MiB,10040.7 MiB,4096.0 MiB,3681.0 MiB,415.0 MiB,12924.5 MiB
10,Python 3.6.15,binarytrees_compatible_all.py 21,187,1694217363,1171564,python,3:40.08,233168,225952,5268,100.0,1.4,1,3,3:40,0,4,221368,0,2.0m,0,225952,312,2,280,30,0,13.6,1.4,0.0,85.0,0.0,0.0,0.0,0.0,15794.9 MiB,3526.5 MiB,2227.6 MiB,10040.8 MiB,4096.0 MiB,3681.0 MiB,415.0 MiB,12926.0 MiB
10,Python 3.6.15,binarytrees_compatible_all.py 21,188,1694217365,1171564,python,3:41.26,352720,345736,5268,100.0,2.1,1,3,3:41,0,4,340920,0,2.1m,0,345736,312,2,280,30,0,11.9,2.2,0.0,85.8,0.0,0.0,0.0,0.0,15794.9 MiB,3410.8 MiB,2343.4 MiB,10040.8 MiB,4096.0 MiB,3681.0 MiB,415.0 MiB,12810.3 MiB
10,Python 3.6.15,binarytrees_compatible_all.py 21,189,1694217366,1171564,python,3:42.43,224464,217692,5268,93.8,1.3,1,3,3:42,0,4,212664,0,2.2m,0,217692,312,2,280,30,0,12.1,1.5,0.0,86.4,0.0,0.0,0.0,0.0,15794.9 MiB,3524.2 MiB,2229.9 MiB,10040.8 MiB,4096.0 MiB,3681.0 MiB,415.0 MiB,12923.7 MiB
10,Python 3.6.15,binarytrees_compatible_all.py 21,190,1694217367,1171564,python,3:43.61,222416,215644,5268,100.0,1.3,1,7,3:43,0,4,210616,0,2.2m,0,215644,312,2,280,30,0,13.5,1.4,0.0,85.1,0.0,0.0,0.0,0.0,15794.9 MiB,3519.5 MiB,2234.6 MiB,10040.8 MiB,4096.0 MiB,3681.0 MiB,415.0 MiB,12919.1 MiB
10,Python 3.6.15,binarytrees_compatible_all.py 21,191,1694217368,1171564,python,3:44.80,323536,316680,5268,100.0,2.0,1,7,3:44,0,4,311736,0,2.3m,0,316680,312,2,280,30,0,12.0,2.3,0.0,85.7,0.0,0.0,0.0,0.0,15794.9 MiB,3432.7 MiB,2321.4 MiB,10040.8 MiB,4096.0 MiB,3681.0 MiB,415.0 MiB,12832.2 MiB
10,Python 3.6.15,binarytrees_compatible_all.py 21,192,1694217369,1171564,python,3:45.97,294864,288092,5268,100.0,1.8,1,7,3:45,0,4,283064,0,2.3m,0,288092,312,2,280,30,0,11.9,3.0,0.0,85.1,0.0,0.0,0.0,0.0,15794.9 MiB,3432.0 MiB,2322.1 MiB,10040.8 MiB,4096.0 MiB,3681.0 MiB,415.0 MiB,12831.5 MiB
10,Python 3.6.15,binarytrees_compatible_all.py 21,193,1694217370,1171564,python,3:47.14,222928,216156,5268,93.8,1.3,1,7,3:47,0,4,211128,0,2.4m,0,216156,312,2,280,30,0,13.0,0.8,0.0,86.3,0.0,0.0,0.0,0.0,15794.9 MiB,3519.1 MiB,2235.0 MiB,10040.8 MiB,4096.0 MiB,3681.0 MiB,415.0 MiB,12918.6 MiB
10,Python 3.6.15,binarytrees_compatible_all.py 21,194,1694217372,1171564,python,3:48.32,293072,286040,5268,93.8,1.8,1,7,3:48,0,4,281272,0,2.5m,0,286040,312,2,280,30,0,12.1,1.5,0.0,86.4,0.0,0.0,0.0,0.0,15794.9 MiB,3462.4 MiB,2291.6 MiB,10040.8 MiB,4096.0 MiB,3681.0 MiB,415.0 MiB,12862.0 MiB
10,Python 3.6.15,binarytrees_compatible_all.py 21,195,1694217373,1171564,python,3:49.50,412368,405432,5268,100.0,2.5,1,7,3:49,0,4,400568,0,2.5m,0,405432,312,2,280,30,0,11.4,2.3,0.0,86.4,0.0,0.0,0.0,0.0,15794.9 MiB,3345.6 MiB,2408.5 MiB,10040.8 MiB,4096.0 MiB,3681.0 MiB,415.0 MiB,12745.1 MiB
10,Python 3.6.15,binarytrees_compatible_all.py 21,196,1694217374,1171564,python,3:50.67,223440,216668,5268,100.0,1.3,1,7,3:50,0,4,211640,0,2.6m,0,216668,312,2,280,30,0,12.9,0.8,0.0,86.4,0.0,0.0,0.0,0.0,15794.9 MiB,3518.8 MiB,2235.3 MiB,10040.8 MiB,4096.0 MiB,3681.0 MiB,415.0 MiB,12918.4 MiB
10,Python 3.6.15,binarytrees_compatible_all.py 21,197,1694217375,1171564,python,3:51.85,261840,254608,5268,100.0,1.6,1,7,3:51,0,4,250040,0,2.6m,0,254608,312,2,280,30,0,13.5,0.8,0.0,85.7,0.0,0.0,0.0,0.0,15794.9 MiB,3493.2 MiB,2260.9 MiB,10040.8 MiB,4096.0 MiB,3681.0 MiB,415.0 MiB,12892.8 MiB
10,Python 3.6.15,binarytrees_compatible_all.py 21,198,1694217376,1171564,python,3:53.02,381904,374792,5268,93.8,2.3,1,7,3:53,0,4,370104,0,2.7m,0,374792,312,2,280,30,0,11.5,1.5,0.0,87.0,0.0,0.0,0.0,0.0,15794.9 MiB,3375.6 MiB,2378.5 MiB,10040.8 MiB,4096.0 MiB,3681.0 MiB,415.0 MiB,12775.1 MiB
10,Python 3.6.15,binarytrees_compatible_all.py 21,199,1694217377,1171564,python,3:54.19,223952,217180,5268,87.5,1.3,1,7,3:54,0,4,212152,0,2.8m,0,217180,312,2,280,30,0,12.1,2.3,0.0,85.6,0.0,0.0,0.0,0.0,15794.9 MiB,3518.3 MiB,2235.8 MiB,10040.8 MiB,4096.0 MiB,3681.0 MiB,415.0 MiB,12917.9 MiB
10,Python 3.6.15,binarytrees_compatible_all.py 21,200,1694217379,1171564,python,3:55.37,230864,223704,5268,100.0,1.4,1,7,3:55,0,4,219064,0,2.8m,0,223704,312,2,280,30,0,13.4,0.7,0.0,85.1,0.7,0.0,0.0,0.0,15794.9 MiB,3516.3 MiB,2237.7 MiB,10040.8 MiB,4096.0 MiB,3681.0 MiB,415.0 MiB,12915.9 MiB
10,Python 3.6.15,binarytrees_compatible_all.py 21,201,1694217380,1171564,python,3:56.55,350416,343360,5268,100.0,2.1,1,7,3:56,0,4,338616,0,2.9m,0,343360,312,2,280,30,0,10.4,3.7,0.0,85.8,0.0,0.0,0.0,0.0,15794.9 MiB,3406.8 MiB,2347.2 MiB,10040.8 MiB,4096.0 MiB,3681.0 MiB,415.0 MiB,12806.4 MiB
