version,release_date,appplication,no_measurement,timestamp,pid,command,time,virt,res,shr,percent_cpu,percent_mem,nTH,P,TIME,SWAP,CODE,DATA,nMaj,nMin,nDRT,USED,tasks_total,tasks_running,tasks_sleeping,tasks_stopped,tasks_zombie,cpu_us,cpu_sy,cpu_ni,cpu_id,cpu_wa,cpu_hi,cpu_si,cpu_st,mem_total,mem_free,mem_used,mem_buff_cache,swap_total,swap_free,swap_used,swap_avail,Unnamed: 43
0.8.28,2014-07-31,binaryTrees_7.js 21,0,1692122895,38203,node,0:00.16,714952.0,82860.0,9204.0,93.8,0.5,2.0,6.0,0:00,0.0,7416.0,82912.0,0.0,22k,0.0,82860.0,277,2,275,0,0,12.2,3.1,0.0,84.7,0.0,0.0,0.0,0.0,15795.0 MiB,10928.4 MiB,1436.3 MiB,3430.3 MiB,4096.0 MiB,4062.2 MiB,33.8 MiB,13718.6 MiB,
0.8.28,2014-07-31,binaryTrees_7.js 21,1,1692122896,38203,node,0:01.33,815304.0,213860.0,9268.0,93.8,1.3,2.0,2.0,0:01,0.0,7416.0,213984.0,0.0,135k,0.0,213860.0,277,2,275,0,0,13.0,0.8,0.0,85.5,0.0,0.0,0.8,0.0,15795.0 MiB,10801.4 MiB,1562.6 MiB,3431.0 MiB,4096.0 MiB,4062.2 MiB,33.8 MiB,13592.0 MiB,
0.8.28,2014-07-31,binaryTrees_7.js 21,2,1692122897,38203,node,0:02.52,815304.0,214124.0,9268.0,100.0,1.3,2.0,6.0,0:02,0.0,7416.0,213984.0,0.0,135k,0.0,214124.0,277,2,275,0,0,12.4,0.8,0.0,86.8,0.0,0.0,0.0,0.0,15795.0 MiB,10799.2 MiB,1564.8 MiB,3431.0 MiB,4096.0 MiB,4062.2 MiB,33.8 MiB,13589.8 MiB,
0.8.28,2014-07-31,binaryTrees_7.js 21,3,1692122898,38203,node,0:03.70,815304.0,214124.0,9268.0,100.0,1.3,2.0,2.0,0:03,0.0,7416.0,213984.0,0.0,135k,0.0,214124.0,277,2,275,0,0,13.1,0.8,0.0,86.2,0.0,0.0,0.0,0.0,15795.0 MiB,10798.9 MiB,1565.0 MiB,3431.0 MiB,4096.0 MiB,4062.2 MiB,33.8 MiB,13589.5 MiB,
0.8.28,2014-07-31,binaryTrees_7.js 21,4,1692122900,38203,node,0:04.88,815304.0,214124.0,9268.0,100.0,1.3,2.0,2.0,0:04,0.0,7416.0,213984.0,0.0,135k,0.0,214124.0,277,2,275,0,0,13.7,0.8,0.0,85.5,0.0,0.0,0.0,0.0,15795.0 MiB,10799.2 MiB,1564.8 MiB,3431.0 MiB,4096.0 MiB,4062.2 MiB,33.8 MiB,13589.8 MiB,
0.8.28,2014-07-31,binaryTrees_7.js 21,5,1692122901,38203,node,0:06.06,815304.0,214124.0,9268.0,100.0,1.3,2.0,2.0,0:06,0.0,7416.0,213984.0,0.0,135k,0.0,214124.0,277,2,275,0,0,13.2,1.6,0.0,85.3,0.0,0.0,0.0,0.0,15795.0 MiB,10798.2 MiB,1565.8 MiB,3431.0 MiB,4096.0 MiB,4062.2 MiB,33.8 MiB,13588.8 MiB,
0.8.28,2014-07-31,binaryTrees_7.js 21,6,1692122902,38203,node,0:07.23,815304.0,214124.0,9268.0,100.0,1.3,2.0,6.0,0:07,0.0,7416.0,213984.0,0.0,135k,0.0,214124.0,277,2,275,0,0,12.5,0.8,0.0,86.7,0.0,0.0,0.0,0.0,15795.0 MiB,10797.9 MiB,1566.0 MiB,3431.0 MiB,4096.0 MiB,4062.2 MiB,33.8 MiB,13588.6 MiB,
0.8.28,2014-07-31,binaryTrees_7.js 21,7,1692122903,38203,node,0:08.42,843976.0,242636.0,9268.0,113.3,1.5,2.0,6.0,0:08,0.0,7416.0,242656.0,0.0,142k,0.0,242636.0,277,2,275,0,0,12.4,0.8,0.0,86.8,0.0,0.0,0.0,0.0,15795.0 MiB,10771.1 MiB,1592.8 MiB,3431.0 MiB,4096.0 MiB,4062.2 MiB,33.8 MiB,13561.8 MiB,
0.8.28,2014-07-31,binaryTrees_7.js 21,8,1692122904,38203,node,0:09.59,830664.0,229820.0,9268.0,106.7,1.4,2.0,6.0,0:09,0.0,7416.0,229344.0,0.0,152k,0.0,229820.0,277,2,275,0,0,13.7,0.8,0.0,85.5,0.0,0.0,0.0,0.0,15795.0 MiB,10786.1 MiB,1577.8 MiB,3431.0 MiB,4096.0 MiB,4062.2 MiB,33.8 MiB,13576.8 MiB,
0.8.28,2014-07-31,binaryTrees_7.js 21,9,1692122905,38203,node,0:10.76,912584.0,311812.0,9268.0,93.8,1.9,2.0,6.0,0:10,0.0,7416.0,311264.0,0.0,247k,0.0,311812.0,277,2,275,0,0,12.2,2.3,0.0,85.5,0.0,0.0,0.0,0.0,15795.0 MiB,10707.2 MiB,1656.8 MiB,3431.0 MiB,4096.0 MiB,4062.2 MiB,33.8 MiB,13497.8 MiB,
0.8.28,2014-07-31,binaryTrees_7.js 21,10,1692122907,38203,node,0:11.93,839880.0,239428.0,9268.0,93.8,1.5,2.0,6.0,0:11,0.0,7416.0,238560.0,0.0,329k,0.0,239428.0,277,2,275,0,0,12.3,1.5,0.0,86.2,0.0,0.0,0.0,0.0,15795.0 MiB,10779.5 MiB,1584.4 MiB,3431.0 MiB,4096.0 MiB,4062.2 MiB,33.8 MiB,13570.2 MiB,
0.8.28,2014-07-31,binaryTrees_7.js 21,11,1692122908,38203,node,0:13.11,906440.0,305176.0,9268.0,93.8,1.9,2.0,6.0,0:13,0.0,7416.0,305120.0,0.0,420k,0.0,305176.0,277,2,275,0,0,10.1,3.1,0.0,86.8,0.0,0.0,0.0,0.0,15795.0 MiB,10714.3 MiB,1656.6 MiB,3424.0 MiB,4096.0 MiB,4062.2 MiB,33.8 MiB,13505.0 MiB,
0.8.28,2014-07-31,binaryTrees_7.js 21,12,1692122909,38203,node,0:14.29,830664.0,229408.0,9268.0,100.0,1.4,2.0,6.0,0:14,0.0,7416.0,229344.0,0.0,502k,0.0,229408.0,277,2,275,0,0,12.5,1.6,0.0,85.9,0.0,0.0,0.0,0.0,15795.0 MiB,10783.6 MiB,1587.3 MiB,3424.0 MiB,4096.0 MiB,4062.2 MiB,33.8 MiB,13574.2 MiB,
0.8.28,2014-07-31,binaryTrees_7.js 21,13,1692122910,38203,node,0:15.47,975048.0,342916.0,9268.0,100.0,2.1,2.0,6.0,0:15,0.0,7416.0,343008.0,0.0,603k,0.0,342916.0,277,2,275,0,0,10.9,1.6,0.0,87.5,0.0,0.0,0.0,0.0,15795.0 MiB,10673.9 MiB,1690.0 MiB,3431.0 MiB,4096.0 MiB,4062.2 MiB,33.8 MiB,13464.6 MiB,
0.8.28,2014-07-31,binaryTrees_7.js 21,14,1692122911,38203,node,0:16.65,888008.0,256372.0,9268.0,100.0,1.6,2.0,6.0,0:16,0.0,7416.0,255968.0,0.0,707k,0.0,256372.0,277,2,275,0,0,12.2,2.3,0.0,84.7,0.8,0.0,0.0,0.0,15795.0 MiB,10706.2 MiB,1657.7 MiB,3431.1 MiB,4096.0 MiB,4062.2 MiB,33.8 MiB,13496.8 MiB,
0.8.28,2014-07-31,binaryTrees_7.js 21,15,1692122912,38203,node,0:17.83,1028296.0,427108.0,9268.0,100.0,2.6,2.0,6.0,0:17,0.0,7416.0,426976.0,0.0,826k,0.0,427108.0,277,2,275,0,0,11.5,2.3,0.0,86.3,0.0,0.0,0.0,0.0,15795.0 MiB,10588.3 MiB,1782.6 MiB,3424.1 MiB,4096.0 MiB,4062.2 MiB,33.8 MiB,13379.0 MiB,
0.8.28,2014-07-31,binaryTrees_7.js 21,16,1692122914,38203,node,0:19.00,1126600.0,525992.0,9268.0,100.0,3.3,2.0,2.0,0:19,0.0,7416.0,525280.0,0.0,918k,0.0,525992.0,277,2,275,0,0,12.4,0.8,0.0,86.8,0.0,0.0,0.0,0.0,15795.0 MiB,10498.2 MiB,1872.7 MiB,3424.1 MiB,4096.0 MiB,4062.2 MiB,33.8 MiB,13288.9 MiB,
0.8.28,2014-07-31,binaryTrees_7.js 21,17,1692122915,38203,node,0:20.18,998600.0,398252.0,9268.0,106.7,2.5,2.0,2.0,0:20,0.0,7416.0,397280.0,0.0,1.0m,0.0,398252.0,277,2,275,0,0,11.6,1.6,0.0,86.8,0.0,0.0,0.0,0.0,15795.0 MiB,10624.2 MiB,1746.7 MiB,3424.1 MiB,4096.0 MiB,4062.2 MiB,33.8 MiB,13414.9 MiB,
0.8.28,2014-07-31,binaryTrees_7.js 21,18,1692122916,38203,node,0:21.35,983240.0,381980.0,9268.0,106.7,2.4,2.0,2.0,0:21,0.0,7416.0,381920.0,0.0,1.1m,0.0,381980.0,277,2,275,0,0,11.7,0.8,0.0,87.5,0.0,0.0,0.0,0.0,15795.0 MiB,10642.4 MiB,1728.4 MiB,3424.1 MiB,4096.0 MiB,4062.2 MiB,33.8 MiB,13433.1 MiB,
0.10.48,2016-10-18,binaryTrees_7.js 21,0,1692123561,38939,node,0:00.16,704716.0,71860.0,9492.0,93.8,0.4,2.0,5.0,0:00,0.0,8844.0,71248.0,0.0,20k,0.0,71860.0,276,2,274,0,0,13.2,2.3,0.0,84.5,0.0,0.0,0.0,0.0,15795.0 MiB,10937.4 MiB,1414.3 MiB,3443.3 MiB,4096.0 MiB,4062.2 MiB,33.8 MiB,13740.5 MiB,
0.10.48,2016-10-18,binaryTrees_7.js 21,1,1692123562,38939,node,0:01.35,795852.0,163604.0,9620.0,106.2,1.0,2.0,5.0,0:01,0.0,8844.0,162384.0,0.0,122k,0.0,163604.0,276,2,274,0,0,13.7,1.5,0.0,84.7,0.0,0.0,0.0,0.0,15795.0 MiB,10847.0 MiB,1504.2 MiB,3443.7 MiB,4096.0 MiB,4062.2 MiB,33.8 MiB,13650.3 MiB,
0.10.48,2016-10-18,binaryTrees_7.js 21,2,1692123563,38939,node,0:02.52,816332.0,189512.0,9620.0,106.7,1.2,2.0,1.0,0:02,0.0,8844.0,189008.0,0.0,129k,0.0,189512.0,276,2,274,0,0,13.1,0.8,0.0,86.2,0.0,0.0,0.0,0.0,15795.0 MiB,10820.5 MiB,1530.8 MiB,3443.7 MiB,4096.0 MiB,4062.2 MiB,33.8 MiB,13623.7 MiB,
0.10.48,2016-10-18,binaryTrees_7.js 21,3,1692123565,38939,node,0:03.70,816332.0,197696.0,9620.0,100.0,1.2,2.0,1.0,0:03,0.0,8844.0,197200.0,0.0,131k,0.0,197696.0,276,2,274,0,0,12.4,0.8,0.0,86.8,0.0,0.0,0.0,0.0,15795.0 MiB,10812.8 MiB,1538.5 MiB,3443.7 MiB,4096.0 MiB,4062.2 MiB,33.8 MiB,13616.1 MiB,
0.10.48,2016-10-18,binaryTrees_7.js 21,4,1692123566,38939,node,0:04.89,816332.0,197696.0,9620.0,100.0,1.2,2.0,1.0,0:04,0.0,8844.0,197200.0,0.0,131k,0.0,197696.0,276,2,274,0,0,12.5,0.8,0.0,86.7,0.0,0.0,0.0,0.0,15795.0 MiB,10811.1 MiB,1540.2 MiB,3443.7 MiB,4096.0 MiB,4062.2 MiB,33.8 MiB,13614.4 MiB,
0.10.48,2016-10-18,binaryTrees_7.js 21,5,1692123567,38939,node,0:06.06,816332.0,214064.0,9620.0,100.0,1.3,2.0,1.0,0:06,0.0,8844.0,213584.0,0.0,135k,0.0,214064.0,276,2,274,0,0,13.8,0.8,0.0,85.4,0.0,0.0,0.0,0.0,15795.0 MiB,10795.9 MiB,1555.4 MiB,3443.7 MiB,4096.0 MiB,4062.2 MiB,33.8 MiB,13599.1 MiB,
0.10.48,2016-10-18,binaryTrees_7.js 21,6,1692123568,38939,node,0:07.24,816332.0,214064.0,9620.0,100.0,1.3,2.0,1.0,0:07,0.0,8844.0,213584.0,0.0,135k,0.0,214064.0,276,2,274,0,0,13.2,0.8,0.0,86.0,0.0,0.0,0.0,0.0,15795.0 MiB,10796.6 MiB,1554.7 MiB,3443.7 MiB,4096.0 MiB,4062.2 MiB,33.8 MiB,13599.9 MiB,
0.10.48,2016-10-18,binaryTrees_7.js 21,7,1692123569,38939,node,0:08.42,836812.0,234656.0,9620.0,100.0,1.5,2.0,1.0,0:08,0.0,8844.0,234064.0,0.0,140k,0.0,234656.0,276,2,274,0,0,13.1,1.5,0.0,85.4,0.0,0.0,0.0,0.0,15795.0 MiB,10776.9 MiB,1574.4 MiB,3443.7 MiB,4096.0 MiB,4062.2 MiB,33.8 MiB,13580.2 MiB,
0.10.48,2016-10-18,binaryTrees_7.js 21,8,1692123570,38939,node,0:09.59,835788.0,233804.0,9620.0,100.0,1.4,2.0,1.0,0:09,0.0,8844.0,233040.0,0.0,150k,0.0,233804.0,276,2,274,0,0,12.5,0.0,0.0,87.5,0.0,0.0,0.0,0.0,15795.0 MiB,10776.9 MiB,1574.4 MiB,3443.7 MiB,4096.0 MiB,4062.2 MiB,33.8 MiB,13580.2 MiB,
0.10.48,2016-10-18,binaryTrees_7.js 21,9,1692123572,38939,node,0:10.77,921804.0,320336.0,9620.0,100.0,2.0,2.0,1.0,0:10,0.0,8844.0,319056.0,0.0,209k,0.0,320336.0,276,2,274,0,0,13.1,0.8,0.0,86.2,0.0,0.0,0.0,0.0,15795.0 MiB,10692.8 MiB,1658.5 MiB,3443.7 MiB,4096.0 MiB,4062.2 MiB,33.8 MiB,13496.0 MiB,
0.10.48,2016-10-18,binaryTrees_7.js 21,10,1692123573,38939,node,0:11.95,872652.0,271220.0,9620.0,100.0,1.7,2.0,1.0,0:11,0.0,8844.0,269904.0,0.0,281k,0.0,271220.0,276,2,274,0,0,12.4,1.6,0.0,86.0,0.0,0.0,0.0,0.0,15795.0 MiB,10744.2 MiB,1613.9 MiB,3436.8 MiB,4096.0 MiB,4062.2 MiB,33.8 MiB,13547.5 MiB,
0.10.48,2016-10-18,binaryTrees_7.js 21,11,1692123574,38939,node,0:13.13,921804.0,320324.0,9620.0,100.0,2.0,2.0,1.0,0:13,0.0,8844.0,319056.0,0.0,359k,0.0,320324.0,276,2,274,0,0,11.5,3.1,0.0,85.5,0.0,0.0,0.0,0.0,15795.0 MiB,10692.8 MiB,1665.5 MiB,3436.7 MiB,4096.0 MiB,4062.2 MiB,33.8 MiB,13496.1 MiB,
0.10.48,2016-10-18,binaryTrees_7.js 21,12,1692123575,38939,node,0:14.30,944332.0,342764.0,9620.0,93.8,2.1,2.0,1.0,0:14,0.0,8844.0,341584.0,0.0,430k,0.0,342764.0,276,2,274,0,0,11.7,0.8,0.0,87.5,0.0,0.0,0.0,0.0,15795.0 MiB,10670.9 MiB,1687.4 MiB,3436.7 MiB,4096.0 MiB,4062.2 MiB,33.8 MiB,13474.2 MiB,
0.10.48,2016-10-18,binaryTrees_7.js 21,13,1692123576,38939,node,0:15.47,852172.0,250816.0,9620.0,87.5,1.6,2.0,1.0,0:15,0.0,8844.0,249424.0,0.0,500k,0.0,250816.0,276,2,274,0,0,11.6,1.6,0.0,86.8,0.0,0.0,0.0,0.0,15795.0 MiB,10760.7 MiB,1597.6 MiB,3436.7 MiB,4096.0 MiB,4062.2 MiB,33.8 MiB,13564.0 MiB,
0.10.48,2016-10-18,binaryTrees_7.js 21,14,1692123578,38939,node,0:16.65,943308.0,341096.0,9620.0,100.0,2.1,2.0,1.0,0:16,0.0,8844.0,340560.0,0.0,581k,0.0,341096.0,276,2,274,0,0,11.5,3.1,0.0,85.4,0.0,0.0,0.0,0.0,15795.0 MiB,10672.3 MiB,1678.9 MiB,3443.7 MiB,4096.0 MiB,4062.2 MiB,33.8 MiB,13475.6 MiB,
0.10.48,2016-10-18,binaryTrees_7.js 21,15,1692123579,38939,node,0:17.83,907468.0,305756.0,9620.0,100.0,1.9,2.0,1.0,0:17,0.0,8844.0,304720.0,0.0,656k,0.0,305756.0,276,2,274,0,0,10.9,2.3,0.0,86.8,0.0,0.0,0.0,0.0,15795.0 MiB,10710.2 MiB,1647.9 MiB,3436.8 MiB,4096.0 MiB,4062.2 MiB,33.8 MiB,13513.5 MiB,
0.10.48,2016-10-18,binaryTrees_7.js 21,16,1692123580,38939,node,0:19.00,944332.0,343060.0,9620.0,93.8,2.1,2.0,1.0,0:19,0.0,8844.0,341584.0,0.0,733k,0.0,343060.0,276,2,274,0,0,13.2,0.8,0.0,86.0,0.0,0.0,0.0,0.0,15795.0 MiB,10674.6 MiB,1683.7 MiB,3436.7 MiB,4096.0 MiB,4062.2 MiB,33.8 MiB,13477.9 MiB,
0.10.48,2016-10-18,binaryTrees_7.js 21,17,1692123581,38939,node,0:20.18,991436.0,389688.0,9620.0,106.7,2.4,2.0,5.0,0:20,0.0,8844.0,388688.0,0.0,818k,0.0,389688.0,276,2,274,0,0,12.4,1.6,0.0,86.0,0.0,0.0,0.0,0.0,15795.0 MiB,10625.6 MiB,1732.7 MiB,3436.7 MiB,4096.0 MiB,4062.2 MiB,33.8 MiB,13428.9 MiB,
0.10.48,2016-10-18,binaryTrees_7.js 21,18,1692123582,38939,node,0:21.35,967884.0,366480.0,9620.0,100.0,2.3,2.0,5.0,0:21,0.0,8844.0,365136.0,0.0,899k,0.0,366480.0,276,2,274,0,0,12.3,1.5,0.0,86.2,0.0,0.0,0.0,0.0,15795.0 MiB,10648.0 MiB,1710.3 MiB,3436.7 MiB,4096.0 MiB,4062.2 MiB,33.8 MiB,13451.3 MiB,
0.10.48,2016-10-18,binaryTrees_7.js 21,19,1692123583,38939,node,0:22.52,968908.0,367036.0,9620.0,100.0,2.3,2.0,5.0,0:22,0.0,8844.0,366160.0,0.0,983k,0.0,367036.0,276,2,274,0,0,12.4,0.8,0.0,86.8,0.0,0.0,0.0,0.0,15795.0 MiB,10647.7 MiB,1710.5 MiB,3436.7 MiB,4096.0 MiB,4062.2 MiB,33.8 MiB,13451.1 MiB,
0.10.48,2016-10-18,binaryTrees_7.js 21,20,1692123585,38939,node,0:23.70,945356.0,343512.0,9620.0,93.8,2.1,2.0,5.0,0:23,0.0,8844.0,342608.0,0.0,1.0m,0.0,343512.0,276,2,274,0,0,11.8,1.6,0.0,85.8,0.8,0.0,0.0,0.0,15795.0 MiB,10668.9 MiB,1689.3 MiB,3436.7 MiB,4096.0 MiB,4062.2 MiB,33.8 MiB,13472.2 MiB,
0.12.18,2017-02-22,binaryTrees_7.js 21,0,1692124212,39703,node,0:00.16,750988.0,135764.0,13772.0,106.7,0.8,5.0,0.0,0:00,0.0,16140.0,138468.0,0.0,31k,0.0,135764.0,277,2,275,0,0,11.7,2.3,0.0,85.9,0.0,0.0,0.0,0.0,15795.0 MiB,10858.5 MiB,1475.6 MiB,3460.9 MiB,4096.0 MiB,4062.2 MiB,33.8 MiB,13679.3 MiB,
0.12.18,2017-02-22,binaryTrees_7.js 21,1,1692124214,39703,node,0:01.39,1109388.0,494452.0,13924.0,120.0,3.1,5.0,0.0,0:01,0.0,16140.0,496868.0,0.0,322k,0.0,494452.0,277,2,275,0,0,10.1,5.4,0.0,84.5,0.0,0.0,0.0,0.0,15795.0 MiB,10511.5 MiB,1822.2 MiB,3461.2 MiB,4096.0 MiB,4062.2 MiB,33.8 MiB,13332.4 MiB,
0.12.18,2017-02-22,binaryTrees_7.js 21,2,1692124215,39703,node,0:02.62,1396108.0,780968.0,13924.0,106.7,4.8,5.0,0.0,0:02,0.0,16140.0,783588.0,0.0,677k,0.0,780968.0,277,2,275,0,0,10.0,4.6,0.0,85.4,0.0,0.0,0.0,0.0,15795.0 MiB,10228.0 MiB,2112.6 MiB,3454.4 MiB,4096.0 MiB,4062.2 MiB,33.8 MiB,13048.8 MiB,
0.12.18,2017-02-22,binaryTrees_7.js 21,3,1692124216,39703,node,0:03.86,986508.0,371744.0,13924.0,120.0,2.3,5.0,0.0,0:03,0.0,16140.0,373988.0,0.0,1.0m,0.0,371744.0,277,2,275,0,0,11.5,4.6,0.0,83.8,0.0,0.0,0.0,0.0,15795.0 MiB,10632.1 MiB,1701.6 MiB,3461.3 MiB,4096.0 MiB,4062.2 MiB,33.8 MiB,13452.9 MiB,
0.12.18,2017-02-22,binaryTrees_7.js 21,4,1692124217,39703,node,0:05.08,1375628.0,760352.0,13924.0,100.0,4.7,5.0,0.0,0:05,0.0,16140.0,763108.0,0.0,1.3m,0.0,760352.0,277,2,275,0,0,6.9,6.9,0.0,86.2,0.0,0.0,0.0,0.0,15795.0 MiB,10248.5 MiB,2092.1 MiB,3454.4 MiB,4096.0 MiB,4062.2 MiB,33.8 MiB,13069.3 MiB,
0.12.18,2017-02-22,binaryTrees_7.js 21,5,1692124218,39703,node,0:06.32,852364.0,236952.0,13924.0,112.5,1.5,5.0,0.0,0:06,0.0,16140.0,239844.0,0.0,1.6m,0.0,236952.0,277,2,275,0,0,11.6,3.9,0.0,83.7,0.8,0.0,0.0,0.0,15795.0 MiB,10751.5 MiB,1582.2 MiB,3461.3 MiB,4096.0 MiB,4062.2 MiB,33.8 MiB,13572.3 MiB,
0.12.18,2017-02-22,binaryTrees_7.js 21,6,1692124219,39703,node,0:07.54,1241484.0,626200.0,13924.0,100.0,3.9,5.0,0.0,0:07,0.0,16140.0,628964.0,0.0,2.0m,0.0,626200.0,277,2,275,0,0,9.0,6.8,0.0,82.7,0.0,0.0,1.5,0.0,15795.0 MiB,10380.1 MiB,1953.6 MiB,3461.3 MiB,4096.0 MiB,4062.2 MiB,33.8 MiB,13201.0 MiB,
0.12.18,2017-02-22,binaryTrees_7.js 21,7,1692124221,39703,node,0:08.76,1409420.0,794028.0,13924.0,93.8,4.9,5.0,0.0,0:08,0.0,16140.0,796900.0,0.0,2.3m,0.0,794028.0,277,2,275,0,0,12.2,2.3,0.0,85.5,0.0,0.0,0.0,0.0,15795.0 MiB,10205.6 MiB,2128.1 MiB,3461.3 MiB,4096.0 MiB,4062.2 MiB,33.8 MiB,13026.5 MiB,
0.12.18,2017-02-22,binaryTrees_7.js 21,8,1692124222,39703,node,0:10.01,1023372.0,408488.0,13924.0,118.8,2.5,5.0,0.0,0:10,0.0,16140.0,410852.0,0.0,2.6m,0.0,408488.0,277,2,275,0,0,11.5,5.3,0.0,83.2,0.0,0.0,0.0,0.0,15795.0 MiB,10594.2 MiB,1739.5 MiB,3461.3 MiB,4096.0 MiB,4062.2 MiB,33.8 MiB,13415.1 MiB,
0.12.18,2017-02-22,binaryTrees_7.js 21,9,1692124223,39703,node,0:11.22,1353100.0,738164.0,13924.0,106.7,4.6,5.0,0.0,0:11,0.0,16140.0,740580.0,0.0,3.0m,0.0,738164.0,277,2,275,0,0,7.0,6.2,0.0,86.8,0.0,0.0,0.0,0.0,15795.0 MiB,10263.5 MiB,2070.2 MiB,3461.3 MiB,4096.0 MiB,4062.2 MiB,33.8 MiB,13084.4 MiB,
0.12.18,2017-02-22,binaryTrees_7.js 21,10,1692124224,39703,node,0:12.44,1420684.0,805040.0,13924.0,100.0,5.0,5.0,0.0,0:12,0.0,16140.0,808164.0,0.0,3.3m,0.0,805040.0,277,2,275,0,0,12.4,0.8,0.0,86.8,0.0,0.0,0.0,0.0,15795.0 MiB,10202.0 MiB,2131.7 MiB,3461.3 MiB,4096.0 MiB,4062.2 MiB,33.8 MiB,13022.8 MiB,
0.12.18,2017-02-22,binaryTrees_7.js 21,11,1692124225,39703,node,0:13.69,1005964.0,390880.0,13924.0,112.5,2.4,5.0,0.0,0:13,0.0,16140.0,393444.0,0.0,3.6m,0.0,390880.0,277,2,275,0,0,10.4,5.2,0.0,84.3,0.0,0.0,0.0,0.0,15795.0 MiB,10617.4 MiB,1716.3 MiB,3461.3 MiB,4096.0 MiB,4062.2 MiB,33.8 MiB,13438.3 MiB,
0.12.18,2017-02-22,binaryTrees_7.js 21,12,1692124226,39703,node,0:14.91,1235340.0,620828.0,13924.0,100.0,3.8,5.0,0.0,0:14,0.0,16140.0,622820.0,0.0,3.9m,0.0,620828.0,277,2,275,0,0,9.2,5.4,0.0,85.4,0.0,0.0,0.0,0.0,15795.0 MiB,10390.0 MiB,1943.7 MiB,3461.3 MiB,4096.0 MiB,4062.2 MiB,33.8 MiB,13210.9 MiB,
0.12.18,2017-02-22,binaryTrees_7.js 21,13,1692124228,39703,node,0:16.14,1358220.0,742964.0,13924.0,106.7,4.6,5.0,0.0,0:16,0.0,16140.0,745700.0,0.0,4.2m,0.0,742964.0,277,2,275,0,0,8.5,4.7,0.0,86.8,0.0,0.0,0.0,0.0,15795.0 MiB,10265.5 MiB,2068.2 MiB,3461.3 MiB,4096.0 MiB,4062.2 MiB,33.8 MiB,13086.4 MiB,
0.12.18,2017-02-22,binaryTrees_7.js 21,14,1692124229,39703,node,0:17.35,1407372.0,791864.0,13924.0,100.0,4.9,5.0,0.0,0:17,0.0,16140.0,794852.0,0.0,4.5m,0.0,791864.0,277,2,275,0,0,10.7,3.8,0.0,85.5,0.0,0.0,0.0,0.0,15795.0 MiB,10210.1 MiB,2123.6 MiB,3461.3 MiB,4096.0 MiB,4062.2 MiB,33.8 MiB,13031.0 MiB,
0.12.18,2017-02-22,binaryTrees_7.js 21,15,1692124230,39703,node,0:18.59,1392012.0,776556.0,13924.0,106.7,4.8,5.0,0.0,0:18,0.0,16140.0,779492.0,0.0,4.8m,0.0,776820.0,277,2,275,0,0,7.0,5.5,0.0,87.5,0.0,0.0,0.0,0.0,15795.0 MiB,10234.4 MiB,2099.2 MiB,3461.3 MiB,4096.0 MiB,4062.2 MiB,33.8 MiB,13055.4 MiB,
0.12.18,2017-02-22,binaryTrees_7.js 21,16,1692124231,39703,node,0:19.82,1162636.0,547744.0,13924.0,106.2,3.4,5.0,0.0,0:19,0.0,16140.0,550116.0,0.0,5.1m,0.0,547744.0,277,2,275,0,0,8.5,4.6,0.0,86.9,0.0,0.0,0.0,0.0,15795.0 MiB,10460.1 MiB,1880.4 MiB,3454.5 MiB,4096.0 MiB,4062.2 MiB,33.8 MiB,13281.0 MiB,
0.12.18,2017-02-22,binaryTrees_7.js 21,17,1692124232,39703,node,0:21.03,1600908.0,985348.0,13924.0,100.0,6.1,5.0,0.0,0:21,0.0,16140.0,988388.0,0.0,5.3m,0.0,985348.0,277,2,275,0,0,12.1,3.0,0.0,84.8,0.0,0.0,0.0,0.0,15795.0 MiB,10016.9 MiB,2316.7 MiB,3461.3 MiB,4096.0 MiB,4062.2 MiB,33.8 MiB,12837.8 MiB,
0.12.18,2017-02-22,binaryTrees_7.js 21,18,1692124234,39703,node,0:22.30,1279372.0,664492.0,13924.0,100.0,4.1,5.0,0.0,0:22,0.0,16140.0,666852.0,0.0,5.5m,0.0,664492.0,277,2,275,0,0,9.1,5.3,0.0,85.6,0.0,0.0,0.0,0.0,15795.0 MiB,10353.1 MiB,1987.6 MiB,3454.3 MiB,4096.0 MiB,4062.2 MiB,33.8 MiB,13174.0 MiB,
1.8.4,2015-07-09,binaryTrees_7.js 21,0,1692124834,40521,node,0:00.16,899528.0,253424.0,12892.0,100.0,1.6,6.0,4.0,0:00,0.0,13196.0,289468.0,0.0,60k,0.0,253424.0,277,2,275,0,0,10.6,5.3,0.0,84.1,0.0,0.0,0.0,0.0,15795.0 MiB,10716.3 MiB,1603.8 MiB,3474.9 MiB,4096.0 MiB,4062.2 MiB,33.8 MiB,13551.1 MiB,
1.8.4,2015-07-09,binaryTrees_7.js 21,1,1692124835,40521,node,0:01.36,1712584.0,805204.0,13020.0,100.0,5.0,6.0,0.0,0:01,0.0,13196.0,840908.0,0.0,379k,0.0,805204.0,277,2,275,0,0,10.8,3.1,0.0,86.2,0.0,0.0,0.0,0.0,15795.0 MiB,10175.6 MiB,2144.1 MiB,3475.3 MiB,4096.0 MiB,4062.2 MiB,33.8 MiB,13010.5 MiB,
1.8.4,2015-07-09,binaryTrees_7.js 21,2,1692124836,40521,node,0:02.57,1635784.0,727864.0,13020.0,100.0,4.5,6.0,0.0,0:02,0.0,13196.0,764108.0,0.0,786k,0.0,727864.0,277,2,275,0,0,9.4,4.7,0.0,85.8,0.0,0.0,0.0,0.0,15795.0 MiB,10266.4 MiB,2053.4 MiB,3475.2 MiB,4096.0 MiB,4062.2 MiB,33.8 MiB,13101.3 MiB,
1.8.4,2015-07-09,binaryTrees_7.js 21,3,1692124837,40521,node,0:03.78,1301960.0,394508.0,13020.0,106.2,2.4,6.0,0.0,0:03,0.0,13196.0,426188.0,0.0,1.1m,0.0,394508.0,277,2,275,0,0,10.6,6.1,0.0,83.3,0.0,0.0,0.0,0.0,15795.0 MiB,10593.7 MiB,1726.0 MiB,3475.3 MiB,4096.0 MiB,4062.2 MiB,33.8 MiB,13428.6 MiB,
1.8.4,2015-07-09,binaryTrees_7.js 21,4,1692124838,40521,node,0:04.98,1697224.0,789716.0,13020.0,100.0,4.9,6.0,0.0,0:04,0.0,13196.0,825548.0,0.0,1.5m,0.0,789716.0,277,2,275,0,0,11.5,3.1,0.0,85.5,0.0,0.0,0.0,0.0,15795.0 MiB,10197.5 MiB,2122.2 MiB,3475.3 MiB,4096.0 MiB,4062.2 MiB,33.8 MiB,13032.4 MiB,
1.8.4,2015-07-09,binaryTrees_7.js 21,5,1692124840,40521,node,0:06.18,1485256.0,577840.0,13020.0,93.8,3.6,6.0,0.0,0:06,0.0,13196.0,609484.0,0.0,1.8m,0.0,577840.0,277,2,275,0,0,9.2,5.3,0.0,85.5,0.0,0.0,0.0,0.0,15795.0 MiB,10414.3 MiB,1905.4 MiB,3475.3 MiB,4096.0 MiB,4062.2 MiB,33.8 MiB,13249.2 MiB,
1.8.4,2015-07-09,binaryTrees_7.js 21,6,1692124841,40521,node,0:07.38,1139144.0,231280.0,13020.0,93.8,1.4,6.0,0.0,0:07,0.0,13196.0,263372.0,0.0,2.2m,0.0,231280.0,277,2,275,0,0,10.0,4.6,0.0,85.4,0.0,0.0,0.0,0.0,15795.0 MiB,10682.1 MiB,1637.6 MiB,3475.3 MiB,4096.0 MiB,4062.2 MiB,33.8 MiB,13517.0 MiB,
1.8.4,2015-07-09,binaryTrees_7.js 21,7,1692124842,40521,node,0:08.58,1631688.0,724328.0,13020.0,100.0,4.5,6.0,0.0,0:08,0.0,13196.0,755916.0,0.0,2.6m,0.0,724328.0,277,2,275,0,0,6.2,7.7,0.0,86.2,0.0,0.0,0.0,0.0,15795.0 MiB,10275.5 MiB,2051.0 MiB,3468.5 MiB,4096.0 MiB,4062.2 MiB,33.8 MiB,13110.4 MiB,
1.8.4,2015-07-09,binaryTrees_7.js 21,8,1692124843,40521,node,0:09.80,1240520.0,332468.0,13020.0,113.3,2.1,6.0,0.0,0:09,0.0,13196.0,364748.0,0.0,2.9m,0.0,332468.0,277,2,275,0,0,9.4,4.7,0.0,85.9,0.0,0.0,0.0,0.0,15795.0 MiB,10654.2 MiB,1665.4 MiB,3475.3 MiB,4096.0 MiB,4062.2 MiB,33.8 MiB,13489.2 MiB,
1.8.4,2015-07-09,binaryTrees_7.js 21,9,1692124844,40521,node,0:10.99,1671624.0,763848.0,13020.0,106.7,4.7,6.0,4.0,0:10,0.0,13196.0,799948.0,0.0,3.2m,0.0,763848.0,277,2,275,0,0,9.2,6.9,0.0,84.0,0.0,0.0,0.0,0.0,15795.0 MiB,10222.8 MiB,2096.9 MiB,3475.2 MiB,4096.0 MiB,4062.2 MiB,33.8 MiB,13057.8 MiB,
1.8.4,2015-07-09,binaryTrees_7.js 21,10,1692124845,40521,node,0:12.20,1252808.0,345524.0,13020.0,106.2,2.1,6.0,4.0,0:12,0.0,13196.0,377036.0,0.0,3.6m,0.0,345524.0,277,2,275,0,0,9.2,6.1,0.0,84.7,0.0,0.0,0.0,0.0,15795.0 MiB,10640.0 MiB,1679.7 MiB,3475.3 MiB,4096.0 MiB,4062.2 MiB,33.8 MiB,13474.9 MiB,
1.8.4,2015-07-09,binaryTrees_7.js 21,11,1692124847,40521,node,0:13.40,1632712.0,725432.0,13020.0,100.0,4.5,6.0,0.0,0:13,0.0,13196.0,756940.0,0.0,3.9m,0.0,725432.0,277,2,275,0,0,8.5,4.7,0.0,86.0,0.0,0.0,0.8,0.0,15795.0 MiB,10266.9 MiB,2052.9 MiB,3475.2 MiB,4096.0 MiB,4062.2 MiB,33.8 MiB,13101.8 MiB,
1.8.4,2015-07-09,binaryTrees_7.js 21,12,1692124848,40521,node,0:14.60,1733064.0,824900.0,13020.0,106.2,5.1,6.0,0.0,0:14,0.0,13196.0,861388.0,0.0,4.2m,0.0,824900.0,277,2,275,0,0,9.2,4.6,0.0,86.2,0.0,0.0,0.0,0.0,15795.0 MiB,10160.6 MiB,2159.0 MiB,3475.3 MiB,4096.0 MiB,4062.2 MiB,33.8 MiB,12995.5 MiB,
1.8.4,2015-07-09,binaryTrees_7.js 21,13,1692124849,40521,node,0:15.81,1269192.0,361276.0,13020.0,106.2,2.2,6.0,0.0,0:15,0.0,13196.0,393420.0,0.0,4.5m,0.0,361276.0,277,2,275,0,0,10.8,4.6,0.0,84.6,0.0,0.0,0.0,0.0,15795.0 MiB,10617.6 MiB,1702.1 MiB,3475.3 MiB,4096.0 MiB,4062.2 MiB,33.8 MiB,13452.5 MiB,
1.8.4,2015-07-09,binaryTrees_7.js 21,14,1692124850,40521,node,0:17.01,1298888.0,391528.0,13020.0,106.2,2.4,6.0,0.0,0:17,0.0,13196.0,423116.0,0.0,4.8m,0.0,391528.0,277,2,275,0,0,10.1,4.7,0.0,85.3,0.0,0.0,0.0,0.0,15795.0 MiB,10592.0 MiB,1727.6 MiB,3475.3 MiB,4096.0 MiB,4062.2 MiB,33.8 MiB,13426.9 MiB,
1.8.4,2015-07-09,binaryTrees_7.js 21,15,1692124851,40521,node,0:18.21,1281480.0,373548.0,13020.0,100.0,2.3,6.0,0.0,0:18,0.0,13196.0,405708.0,0.0,5.1m,0.0,373548.0,277,2,275,0,0,12.3,3.8,0.0,83.8,0.0,0.0,0.0,0.0,15795.0 MiB,10599.7 MiB,1719.9 MiB,3475.3 MiB,4096.0 MiB,4062.2 MiB,33.8 MiB,13434.7 MiB,
1.8.4,2015-07-09,binaryTrees_7.js 21,16,1692124852,40521,node,0:19.42,1889736.0,982092.0,13020.0,100.0,6.1,6.0,0.0,0:19,0.0,13196.0,1018060.0,0.0,5.4m,0.0,982092.0,277,2,275,0,0,12.3,1.5,0.0,86.2,0.0,0.0,0.0,0.0,15795.0 MiB,10012.0 MiB,2307.7 MiB,3475.3 MiB,4096.0 MiB,4062.2 MiB,33.8 MiB,12846.9 MiB,
2.5.0,2015-07-28,binaryTrees_7.js 21,0,1692125495,42060,node,0:00.16,774380.0,126368.0,13272.0,100.0,0.8,6.0,7.0,0:00,0.0,13408.0,164140.0,0.0,29k,0.0,126368.0,279,2,277,0,0,11.6,2.3,0.0,85.3,0.0,0.0,0.8,0.0,15795.0 MiB,10818.9 MiB,1479.4 MiB,3496.7 MiB,4096.0 MiB,4062.2 MiB,33.8 MiB,13675.5 MiB,
2.5.0,2015-07-28,binaryTrees_7.js 21,1,1692125496,42060,node,0:01.37,1203436.0,293748.0,13432.0,100.0,1.8,6.0,3.0,0:01,0.0,13408.0,331580.0,0.0,257k,0.0,293748.0,279,2,277,0,0,8.6,4.7,0.0,86.7,0.0,0.0,0.0,0.0,15795.0 MiB,10554.3 MiB,1743.7 MiB,3497.0 MiB,4096.0 MiB,4062.2 MiB,33.8 MiB,13411.2 MiB,
2.5.0,2015-07-28,binaryTrees_7.js 21,2,1692125497,42060,node,0:02.58,1400044.0,491144.0,13432.0,112.5,3.0,6.0,3.0,0:02,0.0,13408.0,524092.0,0.0,605k,0.0,491144.0,279,2,277,0,0,10.0,5.4,0.0,84.6,0.0,0.0,0.0,0.0,15795.0 MiB,10481.6 MiB,1823.4 MiB,3490.0 MiB,4096.0 MiB,4062.2 MiB,33.8 MiB,13338.2 MiB,
2.5.0,2015-07-28,binaryTrees_7.js 21,3,1692125498,42060,node,0:03.77,1652972.0,743452.0,13432.0,93.8,4.6,6.0,3.0,0:03,0.0,13408.0,781116.0,0.0,950k,0.0,743452.0,279,2,277,0,0,9.2,5.4,0.0,85.4,0.0,0.0,0.0,0.0,15795.0 MiB,10219.2 MiB,2078.7 MiB,3497.0 MiB,4096.0 MiB,4062.2 MiB,33.8 MiB,13075.8 MiB,
2.5.0,2015-07-28,binaryTrees_7.js 21,4,1692125500,42060,node,0:04.96,1700076.0,791280.0,13432.0,100.0,4.9,6.0,3.0,0:04,0.0,13408.0,828220.0,0.0,1.2m,0.0,791280.0,279,2,277,0,0,12.3,1.5,0.0,86.2,0.0,0.0,0.0,0.0,15795.0 MiB,10176.9 MiB,2127.9 MiB,3490.2 MiB,4096.0 MiB,4062.2 MiB,33.8 MiB,13033.5 MiB,
2.5.0,2015-07-28,binaryTrees_7.js 21,5,1692125501,42060,node,0:06.17,1163500.0,253892.0,13432.0,100.0,1.6,6.0,3.0,0:06,0.0,13408.0,287548.0,0.0,1.5m,0.0,253892.0,279,2,277,0,0,10.8,3.8,0.0,85.4,0.0,0.0,0.0,0.0,15795.0 MiB,10707.7 MiB,1590.2 MiB,3497.0 MiB,4096.0 MiB,4062.2 MiB,33.8 MiB,13564.4 MiB,
2.5.0,2015-07-28,binaryTrees_7.js 21,6,1692125502,42060,node,0:07.37,1414380.0,504832.0,13432.0,113.3,3.1,6.0,3.0,0:07,0.0,13408.0,538428.0,0.0,1.8m,0.0,504832.0,279,2,277,0,0,8.7,4.7,0.0,86.6,0.0,0.0,0.0,0.0,15795.0 MiB,10460.6 MiB,1837.3 MiB,3497.0 MiB,4096.0 MiB,4062.2 MiB,33.8 MiB,13317.3 MiB,
2.5.0,2015-07-28,binaryTrees_7.js 21,7,1692125503,42060,node,0:08.56,1639660.0,730464.0,13432.0,106.7,4.5,6.0,3.0,0:08,0.0,13408.0,767804.0,0.0,2.2m,0.0,730728.0,279,2,277,0,0,6.9,7.6,0.0,85.5,0.0,0.0,0.0,0.0,15795.0 MiB,10234.5 MiB,2063.5 MiB,3497.0 MiB,4096.0 MiB,4062.2 MiB,33.8 MiB,13091.1 MiB,
2.5.0,2015-07-28,binaryTrees_7.js 21,8,1692125504,42060,node,0:09.76,1691884.0,782208.0,13432.0,106.7,4.8,6.0,3.0,0:09,0.0,13408.0,820028.0,0.0,2.4m,0.0,782208.0,279,2,277,0,0,9.9,3.8,0.0,85.5,0.0,0.0,0.8,0.0,15795.0 MiB,10176.6 MiB,2121.3 MiB,3497.0 MiB,4096.0 MiB,4062.2 MiB,33.8 MiB,13033.3 MiB,
2.5.0,2015-07-28,binaryTrees_7.js 21,9,1692125506,42060,node,0:10.96,1715436.0,806256.0,13432.0,100.0,5.0,6.0,3.0,0:10,0.0,13408.0,843580.0,0.0,2.7m,0.0,806256.0,279,2,277,0,0,13.4,0.0,0.0,86.6,0.0,0.0,0.0,0.0,15795.0 MiB,10151.8 MiB,2146.1 MiB,3497.0 MiB,4096.0 MiB,4062.2 MiB,33.8 MiB,13008.4 MiB,
2.5.0,2015-07-28,binaryTrees_7.js 21,10,1692125507,42060,node,0:12.16,1248492.0,339268.0,13432.0,106.2,2.1,6.0,3.0,0:12,0.0,13408.0,372540.0,0.0,3.0m,0.0,339268.0,279,2,277,0,0,10.0,4.6,0.0,85.4,0.0,0.0,0.0,0.0,15795.0 MiB,10619.6 MiB,1678.3 MiB,3497.0 MiB,4096.0 MiB,4062.2 MiB,33.8 MiB,13476.3 MiB,
2.5.0,2015-07-28,binaryTrees_7.js 21,11,1692125508,42060,node,0:13.36,1420524.0,510856.0,13432.0,100.0,3.2,6.0,7.0,0:13,0.0,13408.0,544572.0,0.0,3.3m,0.0,510856.0,279,2,277,0,0,8.5,5.4,0.0,86.0,0.0,0.0,0.0,0.0,15795.0 MiB,10440.5 MiB,1857.5 MiB,3497.0 MiB,4096.0 MiB,4062.2 MiB,33.8 MiB,13297.1 MiB,
2.5.0,2015-07-28,binaryTrees_7.js 21,12,1692125509,42060,node,0:14.56,1548524.0,639744.0,13432.0,100.0,4.0,6.0,7.0,0:14,0.0,13408.0,672572.0,0.0,3.6m,0.0,639744.0,279,2,277,0,0,7.8,6.2,0.0,86.0,0.0,0.0,0.0,0.0,15795.0 MiB,10313.0 MiB,1984.9 MiB,3497.0 MiB,4096.0 MiB,4062.2 MiB,33.8 MiB,13169.6 MiB,
2.5.0,2015-07-28,binaryTrees_7.js 21,13,1692125510,42060,node,0:15.76,1634540.0,725272.0,13432.0,100.0,4.5,6.0,7.0,0:15,0.0,13408.0,758588.0,0.0,3.9m,0.0,725272.0,279,2,277,0,0,6.9,6.9,0.0,86.2,0.0,0.0,0.0,0.0,15795.0 MiB,10226.4 MiB,2071.7 MiB,3496.9 MiB,4096.0 MiB,4062.2 MiB,33.8 MiB,13083.0 MiB,
2.5.0,2015-07-28,binaryTrees_7.js 21,14,1692125511,42060,node,0:16.94,1668332.0,758948.0,13432.0,100.0,4.7,6.0,7.0,0:16,0.0,13408.0,796476.0,0.0,4.2m,0.0,758948.0,279,2,277,0,0,7.0,6.2,0.0,86.0,0.8,0.0,0.0,0.0,15795.0 MiB,10188.2 MiB,2109.7 MiB,3497.0 MiB,4096.0 MiB,4062.2 MiB,33.8 MiB,13044.9 MiB,
2.5.0,2015-07-28,binaryTrees_7.js 21,15,1692125513,42060,node,0:18.14,1664236.0,755112.0,13432.0,100.0,4.7,6.0,7.0,0:18,0.0,13408.0,792380.0,0.0,4.5m,0.0,755112.0,279,2,277,0,0,9.3,5.4,0.0,85.3,0.0,0.0,0.0,0.0,15795.0 MiB,10192.4 MiB,2105.5 MiB,3497.1 MiB,4096.0 MiB,4062.2 MiB,33.8 MiB,13049.1 MiB,
2.5.0,2015-07-28,binaryTrees_7.js 21,16,1692125514,42060,node,0:19.35,1552620.0,643260.0,13432.0,100.0,4.0,6.0,7.0,0:19,0.0,13408.0,676668.0,0.0,4.8m,0.0,643260.0,279,2,277,0,0,9.3,4.7,0.0,86.0,0.0,0.0,0.0,0.0,15795.0 MiB,10307.6 MiB,1990.3 MiB,3497.1 MiB,4096.0 MiB,4062.2 MiB,33.8 MiB,13164.3 MiB,
2.5.0,2015-07-28,binaryTrees_7.js 21,17,1692125515,42060,node,0:20.55,1349868.0,440624.0,13432.0,113.3,2.7,6.0,7.0,0:20,0.0,13408.0,473916.0,0.0,5.0m,0.0,440624.0,279,2,277,0,0,9.3,5.4,0.0,85.3,0.0,0.0,0.0,0.0,15795.0 MiB,10509.6 MiB,1795.3 MiB,3490.1 MiB,4096.0 MiB,4062.2 MiB,33.8 MiB,13366.3 MiB,
2.5.0,2015-07-28,binaryTrees_7.js 21,18,1692125516,42060,node,0:21.75,1883372.0,974624.0,13432.0,100.0,6.0,6.0,3.0,0:21,0.0,13408.0,1011516.0,0.0,5.3m,0.0,974624.0,279,2,277,0,0,10.9,1.6,0.0,87.5,0.0,0.0,0.0,0.0,15795.0 MiB,9981.6 MiB,2316.4 MiB,3497.1 MiB,4096.0 MiB,4062.2 MiB,33.8 MiB,12838.2 MiB,
2.5.0,2015-07-28,binaryTrees_7.js 21,19,1692125517,42060,node,0:22.97,1593580.0,684076.0,13432.0,106.2,4.2,6.0,3.0,0:22,0.0,13408.0,717628.0,0.0,5.5m,0.0,684076.0,279,2,277,0,0,9.1,5.3,0.0,84.8,0.0,0.0,0.8,0.0,15795.0 MiB,10273.9 MiB,2030.9 MiB,3490.2 MiB,4096.0 MiB,4062.2 MiB,33.8 MiB,13130.6 MiB,
3.3.1,2015-09-15,binaryTrees_7.js 21,0,1692126136,42879,node,0:00.16,977316.0,140772.0,14620.0,93.8,0.9,5.0,4.0,0:00,0.0,18336.0,166004.0,0.0,32k,0.0,140772.0,277,2,275,0,0,10.9,3.9,0.0,85.3,0.0,0.0,0.0,0.0,15795.0 MiB,10790.7 MiB,1490.0 MiB,3514.3 MiB,4096.0 MiB,4062.2 MiB,33.8 MiB,13664.7 MiB,
3.3.1,2015-09-15,binaryTrees_7.js 21,1,1692126137,42879,node,0:01.37,1259940.0,424156.0,14744.0,106.2,2.6,5.0,4.0,0:01,0.0,18336.0,444532.0,0.0,365k,0.0,424156.0,277,2,275,0,0,9.2,6.9,0.0,84.0,0.0,0.0,0.0,0.0,15795.0 MiB,10527.7 MiB,1752.8 MiB,3514.5 MiB,4096.0 MiB,4062.2 MiB,33.8 MiB,13401.7 MiB,
3.3.1,2015-09-15,binaryTrees_7.js 21,2,1692126138,42879,node,0:02.57,1598884.0,763260.0,14744.0,93.8,4.7,5.0,4.0,0:02,0.0,18336.0,787572.0,0.0,732k,0.0,763260.0,277,2,275,0,0,8.6,4.7,0.0,86.7,0.0,0.0,0.0,0.0,15795.0 MiB,10193.0 MiB,2094.4 MiB,3507.6 MiB,4096.0 MiB,4062.2 MiB,33.8 MiB,13067.0 MiB,
3.3.1,2015-09-15,binaryTrees_7.js 21,3,1692126140,42879,node,0:03.78,1077668.0,242108.0,14744.0,106.2,1.5,5.0,4.0,0:03,0.0,18336.0,262260.0,0.0,1.0m,0.0,242108.0,277,2,275,0,0,10.8,4.6,0.0,84.6,0.0,0.0,0.0,0.0,15795.0 MiB,10700.6 MiB,1579.9 MiB,3514.5 MiB,4096.0 MiB,4062.2 MiB,33.8 MiB,13574.6 MiB,
3.3.1,2015-09-15,binaryTrees_7.js 21,4,1692126141,42879,node,0:04.98,1470884.0,634940.0,14744.0,106.7,3.9,5.0,0.0,0:04,0.0,18336.0,655476.0,0.0,1.4m,0.0,634940.0,277,2,275,0,0,8.5,5.4,0.0,86.0,0.0,0.0,0.0,0.0,15795.0 MiB,10308.7 MiB,1971.8 MiB,3514.5 MiB,4096.0 MiB,4062.2 MiB,33.8 MiB,13182.7 MiB,
3.3.1,2015-09-15,binaryTrees_7.js 21,5,1692126142,42879,node,0:06.18,1632676.0,796204.0,14744.0,106.7,4.9,5.0,0.0,0:06,0.0,18336.0,821364.0,0.0,1.7m,0.0,796204.0,277,3,274,0,0,11.4,3.0,0.0,85.6,0.0,0.0,0.0,0.0,15795.0 MiB,10150.9 MiB,2129.6 MiB,3514.5 MiB,4096.0 MiB,4062.2 MiB,33.8 MiB,13024.9 MiB,
3.3.1,2015-09-15,binaryTrees_7.js 21,6,1692126143,42879,node,0:07.39,1257892.0,421568.0,14744.0,106.2,2.6,5.0,4.0,0:07,0.0,18336.0,442484.0,0.0,2.0m,0.0,421568.0,277,2,275,0,0,9.2,6.2,0.0,84.6,0.0,0.0,0.0,0.0,15795.0 MiB,10530.6 MiB,1749.9 MiB,3514.5 MiB,4096.0 MiB,4062.2 MiB,33.8 MiB,13404.7 MiB,
3.3.1,2015-09-15,binaryTrees_7.js 21,7,1692126144,42879,node,0:08.59,1577380.0,741300.0,14744.0,100.0,4.6,5.0,4.0,0:08,0.0,18336.0,766068.0,0.0,2.4m,0.0,741300.0,277,2,275,0,0,7.7,6.2,0.0,86.2,0.0,0.0,0.0,0.0,15795.0 MiB,10210.2 MiB,2070.3 MiB,3514.5 MiB,4096.0 MiB,4062.2 MiB,33.8 MiB,13084.2 MiB,
3.3.1,2015-09-15,binaryTrees_7.js 21,8,1692126145,42879,node,0:09.79,1477028.0,641344.0,14744.0,106.2,4.0,5.0,4.0,0:09,0.0,18336.0,665716.0,0.0,2.7m,0.0,641344.0,277,2,275,0,0,11.5,3.1,0.0,85.4,0.0,0.0,0.0,0.0,15795.0 MiB,10197.1 MiB,2083.4 MiB,3514.5 MiB,4096.0 MiB,4062.2 MiB,33.8 MiB,13071.2 MiB,
3.3.1,2015-09-15,binaryTrees_7.js 21,9,1692126147,42879,node,0:11.00,1302948.0,466972.0,14744.0,106.2,2.9,5.0,4.0,0:11,0.0,18336.0,487540.0,0.0,3.0m,0.0,466972.0,277,2,275,0,0,9.2,6.2,0.0,84.6,0.0,0.0,0.0,0.0,15795.0 MiB,10481.2 MiB,1799.3 MiB,3514.5 MiB,4096.0 MiB,4062.2 MiB,33.8 MiB,13355.2 MiB,
3.3.1,2015-09-15,binaryTrees_7.js 21,10,1692126148,42879,node,0:12.20,1574308.0,738684.0,14744.0,100.0,4.6,5.0,4.0,0:12,0.0,18336.0,762996.0,0.0,3.3m,0.0,738684.0,277,2,275,0,0,9.9,3.8,0.0,85.5,0.0,0.0,0.8,0.0,15795.0 MiB,10209.2 MiB,2071.4 MiB,3514.3 MiB,4096.0 MiB,4062.2 MiB,33.8 MiB,13083.3 MiB,
3.3.1,2015-09-15,binaryTrees_7.js 21,11,1692126149,42879,node,0:13.40,1642916.0,806944.0,14744.0,106.7,5.0,5.0,4.0,0:13,0.0,18336.0,831604.0,0.0,3.6m,0.0,806944.0,277,2,275,0,0,11.0,1.6,0.0,87.4,0.0,0.0,0.0,0.0,15795.0 MiB,10137.4 MiB,2143.1 MiB,3514.5 MiB,4096.0 MiB,4062.2 MiB,33.8 MiB,13011.4 MiB,
3.3.1,2015-09-15,binaryTrees_7.js 21,12,1692126150,42879,node,0:14.61,1132964.0,297544.0,14744.0,113.3,1.8,5.0,4.0,0:14,0.0,18336.0,317556.0,0.0,3.9m,0.0,297544.0,277,2,275,0,0,10.1,4.7,0.0,85.3,0.0,0.0,0.0,0.0,15795.0 MiB,10646.3 MiB,1634.2 MiB,3514.5 MiB,4096.0 MiB,4062.2 MiB,33.8 MiB,13520.3 MiB,
3.3.1,2015-09-15,binaryTrees_7.js 21,13,1692126151,42879,node,0:15.81,1277348.0,441056.0,14744.0,106.2,2.7,5.0,0.0,0:15,0.0,18336.0,461940.0,0.0,4.2m,0.0,441056.0,277,2,275,0,0,9.2,6.1,0.0,84.7,0.0,0.0,0.0,0.0,15795.0 MiB,10503.1 MiB,1777.4 MiB,3514.5 MiB,4096.0 MiB,4062.2 MiB,33.8 MiB,13377.1 MiB,
3.3.1,2015-09-15,binaryTrees_7.js 21,14,1692126152,42879,node,0:17.01,1377700.0,542292.0,14744.0,93.8,3.4,5.0,0.0,0:17,0.0,18336.0,562292.0,0.0,4.5m,0.0,542292.0,277,2,275,0,0,10.0,4.6,0.0,84.6,0.0,0.0,0.8,0.0,15795.0 MiB,10405.1 MiB,1875.5 MiB,3514.4 MiB,4096.0 MiB,4062.2 MiB,33.8 MiB,13279.2 MiB,
3.3.1,2015-09-15,binaryTrees_7.js 21,15,1692126154,42879,node,0:18.21,1328548.0,493136.0,14744.0,93.8,3.0,5.0,4.0,0:18,0.0,18336.0,513140.0,0.0,4.8m,0.0,493136.0,277,2,275,0,0,10.9,3.1,0.0,86.0,0.0,0.0,0.0,0.0,15795.0 MiB,10453.4 MiB,1827.1 MiB,3514.5 MiB,4096.0 MiB,4062.2 MiB,33.8 MiB,13327.4 MiB,
3.3.1,2015-09-15,binaryTrees_7.js 21,16,1692126155,42879,node,0:19.43,1243556.0,407772.0,14744.0,112.5,2.5,5.0,4.0,0:19,0.0,18336.0,428148.0,0.0,5.1m,0.0,407772.0,277,2,275,0,0,9.3,6.2,0.0,84.5,0.0,0.0,0.0,0.0,15795.0 MiB,10548.4 MiB,1732.2 MiB,3514.4 MiB,4096.0 MiB,4062.2 MiB,33.8 MiB,13422.4 MiB,
3.3.1,2015-09-15,binaryTrees_7.js 21,17,1692126156,42879,node,0:20.63,1831332.0,995672.0,14744.0,100.0,6.2,5.0,0.0,0:20,0.0,18336.0,1020020.0,0.0,5.4m,0.0,995672.0,277,2,275,0,0,12.2,1.5,0.0,86.3,0.0,0.0,0.0,0.0,15795.0 MiB,9958.2 MiB,2322.2 MiB,3514.5 MiB,4096.0 MiB,4062.2 MiB,33.8 MiB,12832.3 MiB,
3.3.1,2015-09-15,binaryTrees_7.js 21,18,1692126157,42879,node,0:21.86,1654180.0,818184.0,14744.0,106.7,5.1,5.0,0.0,0:21,0.0,18336.0,838772.0,0.0,5.6m,0.0,818184.0,277,2,275,0,0,9.2,4.6,0.0,86.2,0.0,0.0,0.0,0.0,15795.0 MiB,10145.1 MiB,2142.4 MiB,3507.5 MiB,4096.0 MiB,4062.2 MiB,33.8 MiB,13019.1 MiB,
4.9.1,2018-03-29,binaryTrees_7.js 21,0,1692126752,43607,node,0:00.17,981308.0,143456.0,14388.0,113.3,0.9,6.0,0.0,0:00,0.0,19320.0,169008.0,0.0,33k,0.0,143456.0,277,2,275,0,0,11.5,3.1,0.0,85.5,0.0,0.0,0.0,0.0,15795.0 MiB,10769.5 MiB,1495.4 MiB,3530.1 MiB,4096.0 MiB,4062.2 MiB,33.8 MiB,13659.4 MiB,
4.9.1,2018-03-29,binaryTrees_7.js 21,1,1692126753,43607,node,0:01.38,1336636.0,499448.0,14516.0,106.2,3.1,6.0,3.0,0:01,0.0,19320.0,520496.0,0.0,404k,0.0,499448.0,278,2,276,0,0,9.3,7.8,0.0,82.9,0.0,0.0,0.0,0.0,15795.0 MiB,10426.8 MiB,1837.7 MiB,3530.4 MiB,4096.0 MiB,4062.2 MiB,33.8 MiB,13316.9 MiB,
4.9.1,2018-03-29,binaryTrees_7.js 21,2,1692126754,43607,node,0:02.58,1105212.0,268008.0,14516.0,100.0,1.7,6.0,3.0,0:02,0.0,19320.0,289072.0,0.0,775k,0.0,268008.0,277,2,275,0,0,10.8,5.4,0.0,83.8,0.0,0.0,0.0,0.0,15795.0 MiB,10647.2 MiB,1617.3 MiB,3530.5 MiB,4096.0 MiB,4062.2 MiB,33.8 MiB,13537.3 MiB,
4.9.1,2018-03-29,binaryTrees_7.js 21,3,1692126755,43607,node,0:03.77,1623356.0,785644.0,14516.0,93.8,4.9,6.0,3.0,0:03,0.0,19320.0,811056.0,0.0,1.2m,0.0,785644.0,277,2,275,0,0,7.8,5.5,0.0,86.7,0.0,0.0,0.0,0.0,15795.0 MiB,10136.3 MiB,2135.1 MiB,3523.6 MiB,4096.0 MiB,4062.2 MiB,33.8 MiB,13026.4 MiB,
4.9.1,2018-03-29,binaryTrees_7.js 21,4,1692126757,43607,node,0:04.98,1456444.0,619076.0,14516.0,100.0,3.8,6.0,3.0,0:04,0.0,19320.0,640304.0,0.0,1.5m,0.0,619076.0,277,2,275,0,0,9.4,3.9,0.0,86.7,0.0,0.0,0.0,0.0,15795.0 MiB,10300.7 MiB,1963.8 MiB,3530.5 MiB,4096.0 MiB,4062.2 MiB,33.8 MiB,13190.8 MiB,
4.9.1,2018-03-29,binaryTrees_7.js 21,5,1692126758,43607,node,0:06.18,1195324.0,357984.0,14516.0,106.2,2.2,6.0,7.0,0:06,0.0,19320.0,379184.0,0.0,1.9m,0.0,357984.0,277,2,275,0,0,8.4,6.9,0.0,84.7,0.0,0.0,0.0,0.0,15795.0 MiB,10567.0 MiB,1697.5 MiB,3530.5 MiB,4096.0 MiB,4062.2 MiB,33.8 MiB,13457.1 MiB,
4.9.1,2018-03-29,binaryTrees_7.js 21,6,1692126759,43607,node,0:07.37,1630524.0,792780.0,14516.0,100.0,4.9,6.0,7.0,0:07,0.0,19320.0,818224.0,0.0,2.3m,0.0,792780.0,277,2,275,0,0,10.1,3.9,0.0,86.0,0.0,0.0,0.0,0.0,15795.0 MiB,10131.7 MiB,2132.8 MiB,3530.5 MiB,4096.0 MiB,4062.2 MiB,33.8 MiB,13021.7 MiB,
4.9.1,2018-03-29,binaryTrees_7.js 21,7,1692126760,43607,node,0:08.58,1434940.0,597412.0,14516.0,106.7,3.7,6.0,3.0,0:08,0.0,19320.0,618800.0,0.0,2.6m,0.0,597412.0,277,2,275,0,0,9.9,6.1,0.0,83.2,0.0,0.0,0.8,0.0,15795.0 MiB,10330.3 MiB,1934.3 MiB,3530.4 MiB,4096.0 MiB,4062.2 MiB,33.8 MiB,13220.3 MiB,
4.9.1,2018-03-29,binaryTrees_7.js 21,8,1692126761,43607,node,0:09.78,1124668.0,287252.0,14516.0,106.7,1.8,6.0,3.0,0:09,0.0,19320.0,308528.0,0.0,3.0m,0.0,287252.0,277,2,275,0,0,8.5,5.4,0.0,86.0,0.0,0.0,0.0,0.0,15795.0 MiB,10635.9 MiB,1628.5 MiB,3530.5 MiB,4096.0 MiB,4062.2 MiB,33.8 MiB,13526.0 MiB,
4.9.1,2018-03-29,binaryTrees_7.js 21,9,1692126763,43607,node,0:10.99,1592636.0,754936.0,14516.0,100.0,4.7,6.0,3.0,0:10,0.0,19320.0,780336.0,0.0,3.4m,0.0,754936.0,277,2,275,0,0,7.7,6.2,0.0,86.2,0.0,0.0,0.0,0.0,15795.0 MiB,10171.0 MiB,2093.4 MiB,3530.5 MiB,4096.0 MiB,4062.2 MiB,33.8 MiB,13061.1 MiB,
4.9.1,2018-03-29,binaryTrees_7.js 21,10,1692126764,43607,node,0:12.18,1228092.0,388952.0,14516.0,106.2,2.4,6.0,3.0,0:12,0.0,19320.0,409904.0,0.0,3.7m,0.0,388952.0,277,2,275,0,0,8.5,5.4,0.0,86.0,0.0,0.0,0.0,0.0,15795.0 MiB,10534.0 MiB,1730.4 MiB,3530.5 MiB,4096.0 MiB,4062.2 MiB,33.8 MiB,13424.1 MiB,
4.9.1,2018-03-29,binaryTrees_7.js 21,11,1692126765,43607,node,0:13.37,1595708.0,758104.0,14516.0,93.8,4.7,6.0,7.0,0:13,0.0,19320.0,783408.0,0.0,4.1m,0.0,758104.0,277,2,275,0,0,9.8,5.3,0.0,84.8,0.0,0.0,0.0,0.0,15795.0 MiB,10168.8 MiB,2095.6 MiB,3530.5 MiB,4096.0 MiB,4062.2 MiB,33.8 MiB,13058.9 MiB,
4.9.1,2018-03-29,binaryTrees_7.js 21,12,1692126766,43607,node,0:14.59,1109308.0,272124.0,14516.0,106.2,1.7,6.0,7.0,0:14,0.0,19320.0,293168.0,0.0,4.4m,0.0,272124.0,277,2,275,0,0,11.5,3.8,0.0,84.7,0.0,0.0,0.0,0.0,15795.0 MiB,10654.1 MiB,1617.3 MiB,3523.5 MiB,4096.0 MiB,4062.2 MiB,33.8 MiB,13544.2 MiB,
4.9.1,2018-03-29,binaryTrees_7.js 21,13,1692126767,43607,node,0:15.78,1306940.0,469240.0,14516.0,106.2,2.9,6.0,7.0,0:15,0.0,19320.0,490800.0,0.0,4.7m,0.0,469240.0,277,2,275,0,0,10.8,4.6,0.0,84.6,0.0,0.0,0.0,0.0,15795.0 MiB,10457.5 MiB,1806.9 MiB,3530.5 MiB,4096.0 MiB,4062.2 MiB,33.8 MiB,13347.6 MiB,
4.9.1,2018-03-29,binaryTrees_7.js 21,14,1692126768,43607,node,0:16.98,1327420.0,490456.0,14516.0,106.7,3.0,6.0,7.0,0:16,0.0,19320.0,511280.0,0.0,5.0m,0.0,490456.0,277,2,275,0,0,10.9,3.9,0.0,85.3,0.0,0.0,0.0,0.0,15795.0 MiB,10436.6 MiB,1827.8 MiB,3530.5 MiB,4096.0 MiB,4062.2 MiB,33.8 MiB,13326.7 MiB,
4.9.1,2018-03-29,binaryTrees_7.js 21,15,1692126770,43607,node,0:18.18,1304892.0,467636.0,14516.0,113.3,2.9,6.0,7.0,0:18,0.0,19320.0,488752.0,0.0,5.3m,0.0,467636.0,277,2,275,0,0,9.3,5.4,0.0,85.3,0.0,0.0,0.0,0.0,15795.0 MiB,10454.6 MiB,1809.9 MiB,3530.6 MiB,4096.0 MiB,4062.2 MiB,33.8 MiB,13344.7 MiB,
4.9.1,2018-03-29,binaryTrees_7.js 21,16,1692126771,43607,node,0:19.39,1304892.0,467180.0,14516.0,106.2,2.9,6.0,7.0,0:19,0.0,19320.0,488752.0,0.0,5.6m,0.0,467180.0,277,2,275,0,0,8.6,5.5,0.0,85.9,0.0,0.0,0.0,0.0,15795.0 MiB,10454.3 MiB,1817.1 MiB,3523.6 MiB,4096.0 MiB,4062.2 MiB,33.8 MiB,13344.4 MiB,
5.12.0,2016-06-23,binaryTrees_7.js 21,0,1692127366,44372,node,0:00.16,1001752.0,163996.0,15816.0,93.8,1.0,5.0,1.0,0:00,0.0,20336.0,188704.0,0.0,37k,0.0,163996.0,277,2,275,0,0,13.0,2.3,0.0,84.0,0.8,0.0,0.0,0.0,15795.0 MiB,10728.5 MiB,1517.1 MiB,3549.3 MiB,4096.0 MiB,4062.2 MiB,33.8 MiB,13637.6 MiB,
5.12.0,2016-06-23,binaryTrees_7.js 21,1,1692127367,44372,node,0:01.38,1620248.0,783208.0,15944.0,93.8,4.8,5.0,1.0,0:01,0.0,20336.0,807200.0,0.0,414k,0.0,783208.0,277,2,275,0,0,10.0,4.6,0.0,85.4,0.0,0.0,0.0,0.0,15795.0 MiB,10127.4 MiB,2118.1 MiB,3549.5 MiB,4096.0 MiB,4062.2 MiB,33.8 MiB,13036.5 MiB,
5.12.0,2016-06-23,binaryTrees_7.js 21,2,1692127368,44372,node,0:02.61,1417496.0,580472.0,15944.0,100.0,3.6,5.0,5.0,0:02,0.0,20336.0,600608.0,0.0,790k,0.0,580472.0,277,2,275,0,0,9.3,5.4,0.0,85.3,0.0,0.0,0.0,0.0,15795.0 MiB,10341.2 MiB,1904.4 MiB,3549.4 MiB,4096.0 MiB,4062.2 MiB,33.8 MiB,13250.3 MiB,
5.12.0,2016-06-23,binaryTrees_7.js 21,3,1692127369,44372,node,0:03.84,1137944.0,301116.0,15944.0,112.5,1.9,5.0,5.0,0:03,0.0,20336.0,321056.0,0.0,1.1m,0.0,301116.0,277,2,275,0,0,10.0,5.4,0.0,84.6,0.0,0.0,0.0,0.0,15795.0 MiB,10616.4 MiB,1629.1 MiB,3549.5 MiB,4096.0 MiB,4062.2 MiB,33.8 MiB,13525.5 MiB,
5.12.0,2016-06-23,binaryTrees_7.js 21,4,1692127370,44372,node,0:05.05,1621272.0,784284.0,15944.0,100.0,4.8,5.0,5.0,0:05,0.0,20336.0,808224.0,0.0,1.5m,0.0,784284.0,277,2,275,0,0,10.1,3.9,0.0,86.0,0.0,0.0,0.0,0.0,15795.0 MiB,10137.7 MiB,2107.7 MiB,3549.6 MiB,4096.0 MiB,4062.2 MiB,33.8 MiB,13046.8 MiB,
5.12.0,2016-06-23,binaryTrees_7.js 21,5,1692127372,44372,node,0:06.27,1381656.0,544448.0,15944.0,100.0,3.4,5.0,5.0,0:06,0.0,20336.0,564768.0,0.0,1.9m,0.0,544448.0,277,2,275,0,0,7.8,5.4,0.0,86.0,0.8,0.0,0.0,0.0,15795.0 MiB,10382.6 MiB,1862.8 MiB,3549.6 MiB,4096.0 MiB,4062.2 MiB,33.8 MiB,13291.7 MiB,
5.12.0,2016-06-23,binaryTrees_7.js 21,6,1692127373,44372,node,0:07.50,1071384.0,234676.0,15944.0,106.7,1.5,5.0,5.0,0:07,0.0,20336.0,254496.0,0.0,2.2m,0.0,234676.0,277,2,275,0,0,8.6,4.7,0.0,86.7,0.0,0.0,0.0,0.0,15795.0 MiB,10668.3 MiB,1577.2 MiB,3549.5 MiB,4096.0 MiB,4062.2 MiB,33.8 MiB,13577.4 MiB,
5.12.0,2016-06-23,binaryTrees_7.js 21,7,1692127374,44372,node,0:08.73,1561880.0,724924.0,15944.0,106.7,4.5,5.0,5.0,0:08,0.0,20336.0,744992.0,0.0,2.6m,0.0,724924.0,277,2,275,0,0,8.5,6.2,0.0,85.4,0.0,0.0,0.0,0.0,15795.0 MiB,10210.3 MiB,2042.0 MiB,3542.6 MiB,4096.0 MiB,4062.2 MiB,33.8 MiB,13119.4 MiB,
5.12.0,2016-06-23,binaryTrees_7.js 21,8,1692127375,44372,node,0:09.96,1204504.0,366980.0,15944.0,112.5,2.3,5.0,5.0,0:09,0.0,20336.0,387616.0,0.0,2.9m,0.0,366980.0,277,2,275,0,0,10.6,5.3,0.0,84.1,0.0,0.0,0.0,0.0,15795.0 MiB,10555.1 MiB,1690.4 MiB,3549.5 MiB,4096.0 MiB,4062.2 MiB,33.8 MiB,13464.2 MiB,
5.12.0,2016-06-23,binaryTrees_7.js 21,9,1692127376,44372,node,0:11.17,1615128.0,778180.0,15944.0,100.0,4.8,5.0,5.0,0:11,0.0,20336.0,802080.0,0.0,3.3m,0.0,778180.0,277,2,275,0,0,8.5,5.4,0.0,86.2,0.0,0.0,0.0,0.0,15795.0 MiB,10142.9 MiB,2102.6 MiB,3549.5 MiB,4096.0 MiB,4062.2 MiB,33.8 MiB,13052.0 MiB,
5.12.0,2016-06-23,binaryTrees_7.js 21,10,1692127377,44372,node,0:12.40,1250584.0,413628.0,15944.0,112.5,2.6,5.0,5.0,0:12,0.0,20336.0,433696.0,0.0,3.6m,0.0,413628.0,277,2,275,0,0,9.2,6.2,0.0,83.8,0.8,0.0,0.0,0.0,15795.0 MiB,10508.4 MiB,1737.1 MiB,3549.5 MiB,4096.0 MiB,4062.2 MiB,33.8 MiB,13417.5 MiB,
5.12.0,2016-06-23,binaryTrees_7.js 21,11,1692127379,44372,node,0:13.61,1600792.0,764108.0,15944.0,100.0,4.7,5.0,1.0,0:13,0.0,20336.0,787744.0,0.0,4.0m,0.0,764108.0,277,2,275,0,0,8.6,3.9,0.0,87.5,0.0,0.0,0.0,0.0,15795.0 MiB,10159.2 MiB,2086.3 MiB,3549.5 MiB,4096.0 MiB,4062.2 MiB,33.8 MiB,13068.3 MiB,
5.12.0,2016-06-23,binaryTrees_7.js 21,12,1692127380,44372,node,0:14.83,1139992.0,302152.0,15944.0,100.0,1.9,5.0,1.0,0:14,0.0,20336.0,326944.0,0.0,4.3m,0.0,302152.0,277,2,275,0,0,10.8,3.1,0.0,86.2,0.0,0.0,0.0,0.0,15795.0 MiB,10511.2 MiB,1741.2 MiB,3542.6 MiB,4096.0 MiB,4062.2 MiB,33.8 MiB,13420.3 MiB,
5.12.0,2016-06-23,binaryTrees_7.js 21,13,1692127381,44372,node,0:16.04,1285400.0,448296.0,15944.0,113.3,2.8,5.0,1.0,0:16,0.0,20336.0,468512.0,0.0,4.6m,0.0,448296.0,277,2,275,0,0,10.0,5.4,0.0,84.6,0.0,0.0,0.0,0.0,15795.0 MiB,10469.7 MiB,1775.7 MiB,3549.6 MiB,4096.0 MiB,4062.2 MiB,33.8 MiB,13378.9 MiB,
5.12.0,2016-06-23,binaryTrees_7.js 21,14,1692127382,44372,node,0:17.26,1305880.0,468748.0,15944.0,113.3,2.9,5.0,1.0,0:17,0.0,20336.0,488992.0,0.0,4.9m,0.0,468748.0,277,2,275,0,0,9.2,6.2,0.0,84.6,0.0,0.0,0.0,0.0,15795.0 MiB,10454.5 MiB,1790.9 MiB,3549.6 MiB,4096.0 MiB,4062.2 MiB,33.8 MiB,13363.6 MiB,
5.12.0,2016-06-23,binaryTrees_7.js 21,15,1692127383,44372,node,0:18.48,1390872.0,554412.0,15944.0,106.7,3.4,5.0,1.0,0:18,0.0,20336.0,573984.0,0.0,5.2m,0.0,554412.0,277,2,275,0,0,10.0,4.6,0.0,85.4,0.0,0.0,0.0,0.0,15795.0 MiB,10356.6 MiB,1892.1 MiB,3546.3 MiB,4096.0 MiB,4062.2 MiB,33.8 MiB,13262.4 MiB,
5.12.0,2016-06-23,binaryTrees_7.js 21,16,1692127384,44372,node,0:19.72,1307928.0,471020.0,15944.0,112.5,2.9,5.0,1.0,0:19,0.0,20336.0,491040.0,0.0,5.5m,0.0,471020.0,277,2,275,0,0,11.6,3.9,0.0,84.5,0.0,0.0,0.0,0.0,15795.0 MiB,10437.3 MiB,1811.2 MiB,3546.4 MiB,4096.0 MiB,4062.2 MiB,33.8 MiB,13343.3 MiB,
6.17.1,2019-04-03,binaryTrees_7.js 21,0,1692127997,45108,node,0:00.17,1016960.0,179392.0,18364.0,113.3,1.1,6.0,0.0,0:00,0.0,24704.0,197828.0,0.0,41k,0.0,179656,278,2,276,0,0,12.2,4.6,0.0,83.2,0.0,0.0,0.0,0.0,15795.0 MiB,10709.7 MiB,1515.1 MiB,3570.2 MiB,4096.0 MiB,4062.2 MiB,33.8 MiB,13639.8 MiB,
6.17.1,2019-04-03,binaryTrees_7.js 21,1,1692127998,45108,node,0:01.45,1611904.0,774080.0,18556.0,93.8,4.8,6.0,0.0,0:01,0.0,24704.0,796612.0,0.0,378k,0.0,774080,278,2,276,0,0,10.1,3.9,0.0,86.0,0.0,0.0,0.0,0.0,15795.0 MiB,10107.3 MiB,2117.2 MiB,3570.5 MiB,4096.0 MiB,4062.2 MiB,33.8 MiB,13037.4 MiB,
6.17.1,2019-04-03,binaryTrees_7.js 21,2,1692128000,45108,node,0:02.75,1306752.0,469352.0,18556.0,118.8,2.9,6.0,0.0,0:02,0.0,24704.0,487620.0,0.0,728k,0.0,469352,278,2,276,0,0,9.2,9.2,0.0,81.7,0.0,0.0,0.0,0.0,15795.0 MiB,10421.6 MiB,1809.9 MiB,3563.5 MiB,4096.0 MiB,4062.2 MiB,33.8 MiB,13351.7 MiB,
6.17.1,2019-04-03,binaryTrees_7.js 21,3,1692128001,45108,node,0:04.02,1636480.0,798368.0,18556.0,93.8,4.9,6.0,0.0,0:04,0.0,24704.0,821188.0,0.0,1.1m,0.0,798368,278,2,276,0,0,10.0,3.8,0.0,86.2,0.0,0.0,0.0,0.0,15795.0 MiB,10082.2 MiB,2142.3 MiB,3570.5 MiB,4096.0 MiB,4062.2 MiB,33.8 MiB,13012.3 MiB,
6.17.1,2019-04-03,binaryTrees_7.js 21,4,1692128002,45108,node,0:05.35,1408128.0,570472.0,18556.0,100.0,3.5,6.0,4.0,0:05,0.0,24704.0,588996.0,0.0,1.4m,0.0,570472,278,2,276,0,0,10.1,4.7,0.0,85.3,0.0,0.0,0.0,0.0,15795.0 MiB,10314.0 MiB,1910.5 MiB,3570.5 MiB,4096.0 MiB,4062.2 MiB,33.8 MiB,13244.1 MiB,
6.17.1,2019-04-03,binaryTrees_7.js 21,5,1692128003,45108,node,0:06.62,1639552.0,800140.0,18556.0,100.0,4.9,6.0,0.0,0:06,0.0,24704.0,820420.0,0.0,1.8m,0.0,800140,278,2,276,0,0,13.5,2.3,0.0,84.2,0.0,0.0,0.0,0.0,15795.0 MiB,10064.0 MiB,2160.5 MiB,3570.5 MiB,4096.0 MiB,4062.2 MiB,33.8 MiB,12994.1 MiB,
6.17.1,2019-04-03,binaryTrees_7.js 21,6,1692128004,45108,node,0:07.93,1452160.0,613904.0,18556.0,100.0,3.8,6.0,6.0,0:07,0.0,24704.0,633028.0,0.0,2.1m,0.0,613904,278,2,276,0,0,7.6,6.9,0.0,85.5,0.0,0.0,0.0,0.0,15795.0 MiB,10276.6 MiB,1947.9 MiB,3570.5 MiB,4096.0 MiB,4062.2 MiB,33.8 MiB,13206.7 MiB,
6.17.1,2019-04-03,binaryTrees_7.js 21,7,1692128005,45108,node,0:09.26,1442944.0,604712.0,18556.0,146.7,3.7,6.0,2.0,0:09,0.0,24704.0,623812.0,0.0,2.4m,0.0,604712,278,1,277,0,0,15.2,3.0,0.0,81.8,0.0,0.0,0.0,0.0,15795.0 MiB,10195.2 MiB,2029.3 MiB,3570.5 MiB,4096.0 MiB,4062.2 MiB,33.8 MiB,13125.3 MiB,
6.17.1,2019-04-03,binaryTrees_7.js 21,8,1692128007,45108,node,0:10.51,1450112.0,612628.0,18556.0,106.7,3.8,6.0,5.0,0:10,0.0,24704.0,630980.0,0.0,2.8m,0.0,612628,278,2,276,0,0,8.5,5.4,0.0,86.2,0.0,0.0,0.0,0.0,15795.0 MiB,10288.2 MiB,1936.3 MiB,3570.5 MiB,4096.0 MiB,4062.2 MiB,33.8 MiB,13218.3 MiB,
6.17.1,2019-04-03,binaryTrees_7.js 21,9,1692128008,45108,node,0:11.77,1652864.0,814936.0,18556.0,106.7,5.0,6.0,5.0,0:11,0.0,24704.0,837572.0,0.0,3.1m,0.0,814936,278,2,276,0,0,11.5,2.3,0.0,86.2,0.0,0.0,0.0,0.0,15795.0 MiB,10080.5 MiB,2144.0 MiB,3570.5 MiB,4096.0 MiB,4062.2 MiB,33.8 MiB,13010.6 MiB,
6.17.1,2019-04-03,binaryTrees_7.js 21,10,1692128009,45108,node,0:13.07,1351808.0,513668.0,18556.0,100.0,3.2,6.0,7.0,0:13,0.0,24704.0,532676.0,0.0,3.5m,0.0,513668,278,2,276,0,0,8.5,4.7,0.0,86.8,0.0,0.0,0.0,0.0,15795.0 MiB,10379.3 MiB,1845.2 MiB,3570.5 MiB,4096.0 MiB,4062.2 MiB,33.8 MiB,13309.4 MiB,
6.17.1,2019-04-03,binaryTrees_7.js 21,11,1692128010,45108,node,0:14.35,1619072.0,780988.0,18556.0,106.2,4.8,6.0,7.0,0:14,0.0,24704.0,803780.0,0.0,3.8m,0.0,780988,278,2,276,0,0,8.5,4.7,0.0,86.0,0.0,0.0,0.8,0.0,15795.0 MiB,10120.9 MiB,2110.6 MiB,3563.5 MiB,4096.0 MiB,4062.2 MiB,33.8 MiB,13051.0 MiB,
6.17.1,2019-04-03,binaryTrees_7.js 21,12,1692128011,45108,node,0:15.68,1183632.0,343452.0,18556.0,131.2,2.1,6.0,7.0,0:15,0.0,24704.0,362692.0,0.0,4.1m,0.0,342428,278,1,277,0,0,14.0,3.9,0.0,82.2,0.0,0.0,0.0,0.0,15795.0 MiB,10444.8 MiB,1779.7 MiB,3570.5 MiB,4096.0 MiB,4062.2 MiB,33.8 MiB,13374.9 MiB,
6.17.1,2019-04-03,binaryTrees_7.js 21,13,1692128012,45108,node,0:16.95,1312896.0,474968.0,18556.0,93.8,2.9,6.0,4.0,0:16,0.0,24704.0,493764.0,0.0,4.4m,0.0,474968,278,2,276,0,0,6.9,6.9,0.0,86.2,0.0,0.0,0.0,0.0,15795.0 MiB,10428.8 MiB,1802.7 MiB,3563.5 MiB,4096.0 MiB,4062.2 MiB,33.8 MiB,13358.9 MiB,
6.17.1,2019-04-03,binaryTrees_7.js 21,14,1692128014,45108,node,0:18.25,1371264.0,534040.0,18556.0,100.0,3.3,6.0,4.0,0:18,0.0,24704.0,552132.0,0.0,4.7m,0.0,534040,278,2,276,0,0,9.3,3.9,0.0,86.8,0.0,0.0,0.0,0.0,15795.0 MiB,10357.9 MiB,1866.5 MiB,3570.5 MiB,4096.0 MiB,4062.2 MiB,33.8 MiB,13288.0 MiB,
6.17.1,2019-04-03,binaryTrees_7.js 21,15,1692128015,45108,node,0:19.53,1373312.0,535832.0,18556.0,100.0,3.3,6.0,1.0,0:19,0.0,24704.0,554180.0,0.0,5.0m,0.0,535832,278,2,276,0,0,10.1,3.1,0.0,86.8,0.0,0.0,0.0,0.0,15795.0 MiB,10359.4 MiB,1872.0 MiB,3563.5 MiB,4096.0 MiB,4062.2 MiB,33.8 MiB,13289.5 MiB,
6.17.1,2019-04-03,binaryTrees_7.js 21,16,1692128016,45108,node,0:20.85,1278080.0,440632.0,18556.0,160.0,2.7,6.0,1.0,0:20,0.0,24704.0,458948.0,0.0,5.3m,0.0,440896,278,2,276,0,0,13.8,6.2,0.0,80.0,0.0,0.0,0.0,0.0,15795.0 MiB,10455.9 MiB,1768.6 MiB,3570.5 MiB,4096.0 MiB,4062.2 MiB,33.8 MiB,13386.0 MiB,
6.17.1,2019-04-03,binaryTrees_7.js 21,17,1692128017,45108,node,0:22.09,1842304.0,,18556.0,100.0,6.2,6.0,1.0,0:22,0.0,24704.0,1027012.0,0.0,5.6m,0.0,981.3m,278,2,276,0,0,12.9,2.3,0.0,84.8,0.0,0.0,0.0,0.0,15795.0 MiB,9897.5 MiB,2333.9 MiB,3563.6 MiB,4096.0 MiB,4062.2 MiB,33.8 MiB,12827.6 MiB,
7.10.1,2017-07-11,binaryTrees_7.js 21,0,1692128634,45874,node,0:00.15,957752.0,120260.0,19896.0,100.0,0.7,6.0,1.0,0:00,0.0,27616.0,139176.0,0.0,27k,0.0,120260,277,2,275,0,0,12.4,3.1,0.0,84.5,0.0,0.0,0.0,0.0,15795.0 MiB,10730.1 MiB,1472.1 MiB,3592.8 MiB,4096.0 MiB,4062.2 MiB,33.8 MiB,13682.8 MiB,
7.10.1,2017-07-11,binaryTrees_7.js 21,1,1692128635,45874,node,0:01.52,1549624.0,712472.0,20136.0,100.0,4.4,6.0,1.0,0:01,0.0,27616.0,727208.0,0.0,357k,0.0,712472,277,2,275,0,0,7.8,6.2,0.0,86.0,0.0,0.0,0.0,0.0,15795.0 MiB,10146.4 MiB,2055.5 MiB,3593.1 MiB,4096.0 MiB,4062.2 MiB,33.8 MiB,13099.1 MiB,
7.10.1,2017-07-11,binaryTrees_7.js 21,2,1692128636,45874,node,0:02.87,1321784.0,484536.0,20136.0,100.0,3.0,6.0,1.0,0:02,0.0,27616.0,499368.0,0.0,700k,0.0,484536,277,2,275,0,0,8.4,7.6,0.0,84.0,0.0,0.0,0.0,0.0,15795.0 MiB,10385.9 MiB,1822.8 MiB,3586.3 MiB,4096.0 MiB,4062.2 MiB,33.8 MiB,13338.7 MiB,
7.10.1,2017-07-11,binaryTrees_7.js 21,3,1692128638,45874,node,0:04.23,1070392.0,233184.0,20136.0,137.5,1.4,6.0,3.0,0:04,0.0,27616.0,247976.0,0.0,1.0m,0.0,233184,277,2,275,0,0,13.7,5.3,0.0,80.9,0.0,0.0,0.0,0.0,15795.0 MiB,10538.3 MiB,1663.5 MiB,3593.1 MiB,4096.0 MiB,4062.2 MiB,33.8 MiB,13491.1 MiB,
7.10.1,2017-07-11,binaryTrees_7.js 21,4,1692128639,45874,node,0:05.51,1600824.0,763592.0,20136.0,106.7,4.7,6.0,3.0,0:05,0.0,27616.0,782248.0,0.0,1.4m,0.0,763592,277,2,275,0,0,11.5,3.1,0.0,85.4,0.0,0.0,0.0,0.0,15795.0 MiB,10089.6 MiB,2112.3 MiB,3593.1 MiB,4096.0 MiB,4062.2 MiB,33.8 MiB,13042.3 MiB,
7.10.1,2017-07-11,binaryTrees_7.js 21,5,1692128640,45874,node,0:06.87,1405240.0,568384.0,20136.0,106.7,3.5,6.0,3.0,0:06,0.0,27616.0,582824.0,0.0,1.7m,0.0,568384,277,2,275,0,0,8.5,6.2,0.0,85.4,0.0,0.0,0.0,0.0,15795.0 MiB,10285.2 MiB,1916.6 MiB,3593.1 MiB,4096.0 MiB,4062.2 MiB,33.8 MiB,13237.9 MiB,
7.10.1,2017-07-11,binaryTrees_7.js 21,6,1692128641,45874,node,0:08.23,1118520.0,281296.0,20136.0,137.5,1.7,6.0,1.0,0:08,0.0,27616.0,296104.0,0.0,2.1m,0.0,281296,277,2,275,0,0,14.5,5.3,0.0,80.2,0.0,0.0,0.0,0.0,15795.0 MiB,10569.0 MiB,1632.9 MiB,3593.1 MiB,4096.0 MiB,4062.2 MiB,33.8 MiB,13521.7 MiB,
7.10.1,2017-07-11,binaryTrees_7.js 21,7,1692128642,45874,node,0:09.57,1599800.0,762432.0,20136.0,106.2,4.7,6.0,1.0,0:09,0.0,27616.0,781224.0,0.0,2.4m,0.0,762432,277,2,275,0,0,6.9,6.9,0.0,85.5,0.0,0.0,0.8,0.0,15795.0 MiB,10084.4 MiB,2117.4 MiB,3593.1 MiB,4096.0 MiB,4062.2 MiB,33.8 MiB,13037.2 MiB,
7.10.1,2017-07-11,binaryTrees_7.js 21,8,1692128643,45874,node,0:10.96,1321784.0,484800.0,20136.0,106.7,3.0,6.0,4.0,0:10,0.0,27616.0,499368.0,0.0,2.8m,0.0,484800,277,2,275,0,0,6.9,7.7,0.0,85.4,0.0,0.0,0.0,0.0,15795.0 MiB,10377.3 MiB,1824.6 MiB,3593.1 MiB,4096.0 MiB,4062.2 MiB,33.8 MiB,13330.0 MiB,
7.10.1,2017-07-11,binaryTrees_7.js 21,9,1692128645,45874,node,0:12.25,1612088.0,775048.0,20136.0,106.7,4.8,6.0,0.0,0:12,0.0,27616.0,793512.0,0.0,3.1m,0.0,775048,277,2,275,0,0,11.6,1.6,0.0,86.8,0.0,0.0,0.0,0.0,15795.0 MiB,10071.9 MiB,2129.9 MiB,3593.1 MiB,4096.0 MiB,4062.2 MiB,33.8 MiB,13024.6 MiB,
7.10.1,2017-07-11,binaryTrees_7.js 21,10,1692128646,45874,node,0:13.65,1439032.0,602176.0,20136.0,100.0,3.7,6.0,0.0,0:13,0.0,27616.0,616616.0,0.0,3.4m,0.0,602176,277,2,275,0,0,7.8,5.4,0.0,86.8,0.0,0.0,0.0,0.0,15795.0 MiB,10243.2 MiB,1958.7 MiB,3593.1 MiB,4096.0 MiB,4062.2 MiB,33.8 MiB,13195.9 MiB,
7.10.1,2017-07-11,binaryTrees_7.js 21,11,1692128647,45874,node,0:15.08,1152312.0,313984.0,20136.0,156.2,1.9,6.0,0.0,0:15,0.0,27616.0,328872.0,0.0,3.7m,0.0,313984,277,2,275,0,0,17.1,3.1,0.0,79.8,0.0,0.0,0.0,0.0,15795.0 MiB,10440.5 MiB,1768.2 MiB,3586.3 MiB,4096.0 MiB,4062.2 MiB,33.8 MiB,13393.3 MiB,
7.10.1,2017-07-11,binaryTrees_7.js 21,12,1692128648,45874,node,0:16.42,1447224.0,610248.0,20136.0,100.0,3.8,6.0,0.0,0:16,0.0,27616.0,624808.0,0.0,4.1m,0.0,610248,277,2,275,0,0,7.8,6.2,0.0,86.0,0.0,0.0,0.0,0.0,15795.0 MiB,10235.3 MiB,1966.5 MiB,3593.1 MiB,4096.0 MiB,4062.2 MiB,33.8 MiB,13188.1 MiB,
7.10.1,2017-07-11,binaryTrees_7.js 21,13,1692128649,45874,node,0:17.75,1617208.0,779904.0,20136.0,100.0,4.8,6.0,0.0,0:17,0.0,27616.0,798632.0,0.0,4.4m,0.0,779904,277,2,275,0,0,10.0,3.8,0.0,86.2,0.0,0.0,0.0,0.0,15795.0 MiB,10057.7 MiB,2144.1 MiB,3593.2 MiB,4096.0 MiB,4062.2 MiB,33.8 MiB,13010.4 MiB,
7.10.1,2017-07-11,binaryTrees_7.js 21,14,1692128651,45874,node,0:19.19,1129272.0,292512.0,20136.0,150.0,1.8,6.0,4.0,0:19,0.0,27616.0,306856.0,0.0,4.7m,0.0,292512,277,2,275,0,0,15.5,3.9,0.0,80.6,0.0,0.0,0.0,0.0,15795.0 MiB,10562.0 MiB,1639.7 MiB,3593.2 MiB,4096.0 MiB,4062.2 MiB,33.8 MiB,13514.8 MiB,
7.10.1,2017-07-11,binaryTrees_7.js 21,15,1692128652,45874,node,0:20.53,1294648.0,457768.0,20136.0,143.8,2.8,6.0,4.0,0:20,0.0,27616.0,472232.0,0.0,5.0m,0.0,457768,277,2,275,0,0,13.3,6.2,0.0,80.5,0.0,0.0,0.0,0.0,15795.0 MiB,10389.6 MiB,1819.2 MiB,3586.2 MiB,4096.0 MiB,4062.2 MiB,33.8 MiB,13342.3 MiB,
7.10.1,2017-07-11,binaryTrees_7.js 21,16,1692128653,45874,node,0:21.97,1280824.0,444128.0,20136.0,206.7,2.7,6.0,4.0,0:21,0.0,27616.0,458408.0,0.0,5.3m,0.0,444128,277,2,275,0,0,17.7,7.7,0.0,74.6,0.0,0.0,0.0,0.0,15795.0 MiB,10405.4 MiB,1796.4 MiB,3593.2 MiB,4096.0 MiB,4062.2 MiB,33.8 MiB,13358.2 MiB,
7.10.1,2017-07-11,binaryTrees_7.js 21,17,1692128654,45874,node,0:23.37,1150776.0,313568.0,20136.0,173.3,1.9,6.0,5.0,0:23,0.0,27616.0,328360.0,0.0,5.6m,0.0,313568,277,2,275,0,0,16.8,6.1,0.0,77.1,0.0,0.0,0.0,0.0,15795.0 MiB,10541.2 MiB,1667.5 MiB,3586.3 MiB,4096.0 MiB,4062.2 MiB,33.8 MiB,13493.9 MiB,
8.17.0,2019-12-17,binaryTrees_7.js 21,0,1692129251,47396,node,0:00.23,1106908.0,276056.0,22424.0,146.7,1.7,6.0,1.0,0:00,0.0,28108.0,289480.0,0.0,63k,0.0,276056,276,2,274,0,0,14.6,6.9,0.0,78.5,0.0,0.0,0.0,0.0,15795.0 MiB,10569.2 MiB,1599.1 MiB,3626.7 MiB,4096.0 MiB,4062.2 MiB,33.8 MiB,13555.7 MiB,
8.17.0,2019-12-17,binaryTrees_7.js 21,1,1692129252,47396,node,0:01.53,1402332.0,571840.0,22484.0,118.8,3.5,6.0,6.0,0:01,0.0,28108.0,584904.0,0.0,426k,0.0,571840,276,2,274,0,0,9.2,8.5,0.0,82.3,0.0,0.0,0.0,0.0,15795.0 MiB,10256.9 MiB,1911.0 MiB,3627.1 MiB,4096.0 MiB,4062.2 MiB,33.8 MiB,13243.1 MiB,
8.17.0,2019-12-17,binaryTrees_7.js 21,2,1692129253,47396,node,0:02.76,1704052.0,873428.0,22484.0,93.8,5.4,6.0,6.0,0:02,0.0,28108.0,885600.0,0.0,812k,0.0,873428,276,2,274,0,0,9.2,6.2,0.0,84.6,0.0,0.0,0.0,0.0,15795.0 MiB,9946.1 MiB,2221.8 MiB,3627.1 MiB,4096.0 MiB,4062.2 MiB,33.8 MiB,12932.8 MiB,
8.17.0,2019-12-17,binaryTrees_7.js 21,3,1692129254,47396,node,0:04.00,2030196.0,1100000.0,22484.0,100.0,7.4,6.0,2.0,0:04,0.0,28108.0,1212768.0,0.0,1.2m,0.0,1.1g,276,2,274,0,0,7.8,5.5,0.0,86.7,0.0,0.0,0.0,0.0,15795.0 MiB,9628.9 MiB,2539.0 MiB,3627.1 MiB,4096.0 MiB,4062.2 MiB,33.8 MiB,12615.6 MiB,
8.17.0,2019-12-17,binaryTrees_7.js 21,4,1692129255,47396,node,0:05.26,2343540.0,1400000.0,22484.0,106.7,9.4,6.0,3.0,0:05,0.0,28108.0,1526112.0,0.0,1.6m,0.0,1.4g,276,2,274,0,0,9.3,3.9,0.0,86.8,0.0,0.0,0.0,0.0,15795.0 MiB,9319.6 MiB,2848.3 MiB,3627.1 MiB,4096.0 MiB,4062.2 MiB,33.8 MiB,12306.2 MiB,
8.17.0,2019-12-17,binaryTrees_7.js 21,5,1692129257,47396,node,0:06.55,1126516.0,296604.0,22484.0,146.7,1.8,6.0,0.0,0:06,0.0,28108.0,309088.0,0.0,1.9m,0.0,296604,276,2,274,0,0,10.9,7.8,0.0,81.2,0.0,0.0,0.0,0.0,15795.0 MiB,10529.6 MiB,1638.4 MiB,3627.1 MiB,4096.0 MiB,4062.2 MiB,33.8 MiB,13516.2 MiB,
8.17.0,2019-12-17,binaryTrees_7.js 21,6,1692129258,47396,node,0:07.78,1427572.0,597800.0,22484.0,100.0,3.7,6.0,0.0,0:07,0.0,28108.0,610144.0,0.0,2.3m,0.0,597800,276,2,274,0,0,10.1,3.1,0.0,86.8,0.0,0.0,0.0,0.0,15795.0 MiB,10222.6 MiB,1945.3 MiB,3627.1 MiB,4096.0 MiB,4062.2 MiB,33.8 MiB,13209.3 MiB,
8.17.0,2019-12-17,binaryTrees_7.js 21,7,1692129259,47396,node,0:09.02,1699956.0,869808.0,22484.0,106.2,5.4,6.0,4.0,0:09,0.0,28108.0,882528.0,0.0,2.6m,0.0,869808,276,2,274,0,0,9.2,4.6,0.0,86.2,0.0,0.0,0.0,0.0,15795.0 MiB,9960.7 MiB,2214.1 MiB,3620.2 MiB,4096.0 MiB,4062.2 MiB,33.8 MiB,12947.3 MiB,
8.17.0,2019-12-17,binaryTrees_7.js 21,8,1692129260,47396,node,0:10.29,1975924.0,1100000.0,22484.0,93.8,7.1,6.0,4.0,0:10,0.0,28108.0,1158496.0,0.0,3.0m,0.0,1.1g,276,2,274,0,0,9.3,3.9,0.0,86.8,0.0,0.0,0.0,0.0,15795.0 MiB,9680.6 MiB,2487.3 MiB,3627.1 MiB,4096.0 MiB,4062.2 MiB,33.8 MiB,12667.3 MiB,
8.17.0,2019-12-17,binaryTrees_7.js 21,9,1692129261,47396,node,0:11.57,2223732.0,1300000.0,22484.0,100.0,8.6,6.0,4.0,0:11,0.0,28108.0,1406304.0,0.0,3.4m,0.0,1.3g,276,2,274,0,0,9.9,4.6,0.0,85.5,0.0,0.0,0.0,0.0,15795.0 MiB,9428.1 MiB,2739.6 MiB,3627.2 MiB,4096.0 MiB,4062.2 MiB,33.8 MiB,12414.8 MiB,
8.17.0,2019-12-17,binaryTrees_7.js 21,10,1692129262,47396,node,0:12.85,2343540.0,1400000.0,22484.0,100.0,9.4,6.0,4.0,0:12,0.0,28108.0,1526112.0,0.0,3.7m,0.0,1.4g,276,2,274,0,0,12.4,2.3,0.0,85.3,0.0,0.0,0.0,0.0,15795.0 MiB,9307.6 MiB,2860.3 MiB,3627.1 MiB,4096.0 MiB,4062.2 MiB,33.8 MiB,12294.3 MiB,
8.17.0,2019-12-17,binaryTrees_7.js 21,11,1692129264,47396,node,0:14.17,1117300.0,287280.0,22484.0,153.3,1.8,6.0,5.0,0:14,0.0,28108.0,299872.0,0.0,4.0m,0.0,287280,276,2,274,0,0,10.8,8.5,0.0,80.8,0.0,0.0,0.0,0.0,15795.0 MiB,10532.9 MiB,1635.0 MiB,3627.1 MiB,4096.0 MiB,4062.2 MiB,33.8 MiB,13519.6 MiB,
8.17.0,2019-12-17,binaryTrees_7.js 21,12,1692129265,47396,node,0:15.44,1268852.0,439176.0,22484.0,106.2,2.7,6.0,4.0,0:15,0.0,28108.0,451424.0,0.0,4.3m,0.0,439176,276,2,274,0,0,8.5,7.8,0.0,83.7,0.0,0.0,0.0,0.0,15795.0 MiB,10387.9 MiB,1787.0 MiB,3620.1 MiB,4096.0 MiB,4062.2 MiB,33.8 MiB,13374.6 MiB,
8.17.0,2019-12-17,binaryTrees_7.js 21,13,1692129266,47396,node,0:16.68,1380980.0,550872.0,22484.0,93.8,3.4,6.0,0.0,0:16,0.0,28108.0,563552.0,0.0,4.7m,0.0,550872,276,2,274,0,0,10.8,3.1,0.0,86.2,0.0,0.0,0.0,0.0,15795.0 MiB,10270.1 MiB,1897.8 MiB,3627.1 MiB,4096.0 MiB,4062.2 MiB,33.8 MiB,13256.8 MiB,
8.17.0,2019-12-17,binaryTrees_7.js 21,14,1692129267,47396,node,0:17.98,1459828.0,629800.0,22484.0,93.8,3.9,6.0,0.0,0:17,0.0,28108.0,642400.0,0.0,5.0m,0.0,629800,276,2,274,0,0,10.0,3.8,0.0,86.2,0.0,0.0,0.0,0.0,15795.0 MiB,10184.7 MiB,1983.2 MiB,3627.1 MiB,4096.0 MiB,4062.2 MiB,33.8 MiB,13171.4 MiB,
8.17.0,2019-12-17,binaryTrees_7.js 21,15,1692129268,47396,node,0:19.25,1556084.0,725912.0,22484.0,100.0,4.5,6.0,5.0,0:19,0.0,28108.0,738656.0,0.0,5.3m,0.0,725912,276,2,274,0,0,8.5,4.7,0.0,86.8,0.0,0.0,0.0,0.0,15795.0 MiB,10083.4 MiB,2084.5 MiB,3627.1 MiB,4096.0 MiB,4062.2 MiB,33.8 MiB,13070.1 MiB,
8.17.0,2019-12-17,binaryTrees_7.js 21,16,1692129269,47396,node,0:20.50,1581172.0,751448.0,22484.0,100.0,4.6,6.0,5.0,0:20,0.0,28108.0,763744.0,0.0,5.6m,0.0,751448,276,2,274,0,0,10.0,3.8,0.0,85.4,0.8,0.0,0.0,0.0,15795.0 MiB,10046.9 MiB,2120.9 MiB,3627.1 MiB,4096.0 MiB,4062.2 MiB,33.8 MiB,13033.6 MiB,
9.11.2,2018-06-12,binaryTrees_7.js 21,0,1692129865,48112,node,0:00.23,1093284.0,262584.0,22736.0,137.5,1.6,6.0,7.0,0:00,0.0,28268.0,275688.0,0.0,60k,0.0,262584,276,2,274,0,0,14.0,5.4,0.0,80.6,0.0,0.0,0.0,0.0,15795.0 MiB,10554.9 MiB,1589.8 MiB,3650.3 MiB,4096.0 MiB,4062.2 MiB,33.8 MiB,13565.1 MiB,
9.11.2,2018-06-12,binaryTrees_7.js 21,1,1692129866,48112,node,0:01.51,1400484.0,570572.0,22736.0,146.7,3.5,6.0,7.0,0:01,0.0,28268.0,582888.0,0.0,414k,0.0,570572,276,2,274,0,0,9.3,10.1,0.0,80.6,0.0,0.0,0.0,0.0,15795.0 MiB,10239.7 MiB,1904.6 MiB,3650.7 MiB,4096.0 MiB,4062.2 MiB,33.8 MiB,13250.0 MiB,
9.11.2,2018-06-12,binaryTrees_7.js 21,2,1692129867,48112,node,0:02.79,1714500.0,883732.0,22736.0,100.0,5.5,6.0,7.0,0:02,0.0,28268.0,895880.0,0.0,803k,0.0,883732,276,2,274,0,0,10.1,3.9,0.0,86.0,0.0,0.0,0.0,0.0,15795.0 MiB,9910.0 MiB,2234.3 MiB,3650.7 MiB,4096.0 MiB,4062.2 MiB,33.8 MiB,12920.3 MiB,
9.11.2,2018-06-12,binaryTrees_7.js 21,3,1692129868,48112,node,0:04.02,2031428.0,1100000.0,22736.0,100.0,7.4,6.0,7.0,0:04,0.0,28268.0,1213832.0,0.0,1.2m,0.0,1.1g,276,2,274,0,0,7.8,4.7,0.0,87.5,0.0,0.0,0.0,0.0,15795.0 MiB,9594.7 MiB,2549.6 MiB,3650.7 MiB,4096.0 MiB,4062.2 MiB,33.8 MiB,12605.0 MiB,
9.11.2,2018-06-12,binaryTrees_7.js 21,4,1692129869,48112,node,0:05.28,2342212.0,1400000.0,22736.0,93.8,9.3,6.0,7.0,0:05,0.0,28268.0,1524616.0,0.0,1.5m,0.0,1.4g,276,2,274,0,0,9.3,3.9,0.0,86.8,0.0,0.0,0.0,0.0,15795.0 MiB,9288.6 MiB,2855.7 MiB,3650.7 MiB,4096.0 MiB,4062.2 MiB,33.8 MiB,12298.8 MiB,
9.11.2,2018-06-12,binaryTrees_7.js 21,5,1692129870,48112,node,0:06.63,1139524.0,309628.0,22736.0,173.3,1.9,6.0,7.0,0:06,0.0,28268.0,321928.0,0.0,1.9m,0.0,309628,276,2,274,0,0,13.3,7.8,0.0,78.1,0.8,0.0,0.0,0.0,15795.0 MiB,10479.7 MiB,1664.6 MiB,3650.7 MiB,4096.0 MiB,4062.2 MiB,33.8 MiB,13490.0 MiB,
9.11.2,2018-06-12,binaryTrees_7.js 21,6,1692129872,48112,node,0:07.86,1439044.0,609076.0,22736.0,106.7,3.8,6.0,7.0,0:07,0.0,28268.0,621448.0,0.0,2.2m,0.0,609076,276,2,274,0,0,8.6,3.9,0.0,87.5,0.0,0.0,0.0,0.0,15795.0 MiB,10190.0 MiB,1954.3 MiB,3650.7 MiB,4096.0 MiB,4062.2 MiB,33.8 MiB,13200.3 MiB,
9.11.2,2018-06-12,binaryTrees_7.js 21,7,1692129873,48112,node,0:09.09,1720132.0,890308.0,22736.0,93.8,5.5,6.0,7.0,0:09,0.0,28268.0,902536.0,0.0,2.6m,0.0,890308,276,2,274,0,0,8.7,3.9,0.0,87.4,0.0,0.0,0.0,0.0,15795.0 MiB,9903.8 MiB,2240.5 MiB,3650.7 MiB,4096.0 MiB,4062.2 MiB,33.8 MiB,12914.1 MiB,
9.11.2,2018-06-12,binaryTrees_7.js 21,8,1692129874,48112,node,0:10.33,1975108.0,1100000.0,22736.0,100.0,7.1,6.0,7.0,0:10,0.0,28268.0,1157512.0,0.0,3.0m,0.0,1.1g,276,2,274,0,0,10.1,3.1,0.0,86.8,0.0,0.0,0.0,0.0,15795.0 MiB,9651.4 MiB,2492.9 MiB,3650.7 MiB,4096.0 MiB,4062.2 MiB,33.8 MiB,12661.7 MiB,
9.11.2,2018-06-12,binaryTrees_7.js 21,9,1692129875,48112,node,0:11.55,2232132.0,1300000.0,22736.0,93.8,8.7,6.0,7.0,0:11,0.0,28268.0,1414536.0,0.0,3.3m,0.0,1.3g,276,2,274,0,0,9.2,5.3,0.0,85.5,0.0,0.0,0.0,0.0,15795.0 MiB,9397.4 MiB,2746.7 MiB,3650.8 MiB,4096.0 MiB,4062.2 MiB,33.8 MiB,12407.7 MiB,
9.11.2,2018-06-12,binaryTrees_7.js 21,10,1692129876,48112,node,0:12.79,2343748.0,1400000.0,22736.0,100.0,9.4,6.0,7.0,0:12,0.0,28268.0,1526152.0,0.0,3.7m,0.0,1.4g,276,2,274,0,0,11.5,2.3,0.0,86.2,0.0,0.0,0.0,0.0,15795.0 MiB,9277.1 MiB,2867.2 MiB,3650.7 MiB,4096.0 MiB,4062.2 MiB,33.8 MiB,12287.4 MiB,
9.11.2,2018-06-12,binaryTrees_7.js 21,11,1692129877,48112,node,0:14.11,1162052.0,331924.0,22736.0,160.0,2.1,6.0,7.0,0:14,0.0,28268.0,344456.0,0.0,4.0m,0.0,331924,276,2,274,0,0,13.0,8.4,0.0,78.6,0.0,0.0,0.0,0.0,15795.0 MiB,10455.2 MiB,1689.0 MiB,3650.7 MiB,4096.0 MiB,4062.2 MiB,33.8 MiB,13465.6 MiB,
9.11.2,2018-06-12,binaryTrees_7.js 21,12,1692129879,48112,node,0:15.35,1301828.0,472220.0,22736.0,106.7,2.9,6.0,0.0,0:15,0.0,28268.0,484232.0,0.0,4.3m,0.0,472220,276,2,274,0,0,7.0,7.0,0.0,86.0,0.0,0.0,0.0,0.0,15795.0 MiB,10319.6 MiB,1824.7 MiB,3650.7 MiB,4096.0 MiB,4062.2 MiB,33.8 MiB,13329.9 MiB,
9.11.2,2018-06-12,binaryTrees_7.js 21,13,1692129880,48112,node,0:16.58,1379140.0,549092.0,22736.0,100.0,3.4,6.0,1.0,0:16,0.0,28268.0,561544.0,0.0,4.7m,0.0,549092,276,2,274,0,0,9.3,3.9,0.0,86.8,0.0,0.0,0.0,0.0,15795.0 MiB,10246.2 MiB,1898.0 MiB,3650.7 MiB,4096.0 MiB,4062.2 MiB,33.8 MiB,13256.6 MiB,
9.11.2,2018-06-12,binaryTrees_7.js 21,14,1692129881,48112,node,0:17.87,1445700.0,615700.0,22736.0,93.8,3.8,6.0,1.0,0:17,0.0,28268.0,628104.0,0.0,5.0m,0.0,615700,276,2,274,0,0,10.1,3.1,0.0,86.8,0.0,0.0,0.0,0.0,15795.0 MiB,10181.8 MiB,1969.3 MiB,3643.9 MiB,4096.0 MiB,4062.2 MiB,33.8 MiB,13192.1 MiB,
9.11.2,2018-06-12,binaryTrees_7.js 21,15,1692129882,48112,node,0:19.11,1505604.0,675388.0,22736.0,100.0,4.2,6.0,1.0,0:19,0.0,28268.0,688008.0,0.0,5.3m,0.0,675652,276,2,274,0,0,10.0,3.8,0.0,86.2,0.0,0.0,0.0,0.0,15795.0 MiB,10130.8 MiB,2013.4 MiB,3650.7 MiB,4096.0 MiB,4062.2 MiB,33.8 MiB,13141.2 MiB,
9.11.2,2018-06-12,binaryTrees_7.js 21,16,1692129883,48112,node,0:20.38,1569604.0,739412.0,22736.0,100.0,4.6,6.0,1.0,0:20,0.0,28268.0,752008.0,0.0,5.6m,0.0,739412,276,2,274,0,0,10.7,3.8,0.0,85.5,0.0,0.0,0.0,0.0,15795.0 MiB,10063.9 MiB,2080.3 MiB,3650.7 MiB,4096.0 MiB,4062.2 MiB,33.8 MiB,13074.2 MiB,
10.24.1,2021-04-06,binaryTrees_7.js 21,0,1692130526,48863,node,0:00.47,721756.0,207444.0,25424.0,287.5,1.3,7.0,4.0,0:00,0.0,33080.0,224204.0,0.0,46k,0.0,207444,277,2,275,0,0,34.8,4.5,0.0,60.6,0.0,0.0,0.0,0.0,15795.0 MiB,10583.5 MiB,1531.9 MiB,3679.6 MiB,4096.0 MiB,4062.2 MiB,33.8 MiB,13622.9 MiB,
10.24.1,2021-04-06,binaryTrees_7.js 21,1,1692130527,48863,node,0:03.83,891192.0,377832.0,25480.0,312.5,2.3,7.0,4.0,0:03,0.0,33080.0,393640.0,0.0,427k,0.0,377832,277,2,275,0,0,33.1,6.9,0.0,59.2,0.8,0.0,0.0,0.0,15795.0 MiB,10396.2 MiB,1718.9 MiB,3679.9 MiB,4096.0 MiB,4062.2 MiB,33.8 MiB,13435.7 MiB,
10.24.1,2021-04-06,binaryTrees_7.js 21,2,1692130528,48863,node,0:07.34,821204.0,307380.0,25480.0,326.7,1.9,7.0,4.0,0:07,0.0,33080.0,323652.0,0.0,807k,0.0,307380,277,2,275,0,0,32.1,6.9,0.0,61.1,0.0,0.0,0.0,0.0,15795.0 MiB,10465.9 MiB,1649.2 MiB,3679.9 MiB,4096.0 MiB,4062.2 MiB,33.8 MiB,13505.4 MiB,
10.24.1,2021-04-06,binaryTrees_7.js 21,3,1692130530,48863,node,0:10.72,1038804.0,524892.0,25480.0,281.2,3.2,7.0,5.0,0:10,0.0,33080.0,541252.0,0.0,1.2m,0.0,524892,277,2,275,0,0,32.1,6.4,0.0,61.4,0.0,0.0,0.0,0.0,15795.0 MiB,10240.6 MiB,1874.4 MiB,3679.9 MiB,4096.0 MiB,4062.2 MiB,33.8 MiB,13280.2 MiB,
10.24.1,2021-04-06,binaryTrees_7.js 21,4,1692130531,48863,node,0:14.18,984532.0,470916.0,25480.0,287.5,2.9,7.0,3.0,0:14,0.0,33080.0,486980.0,0.0,1.6m,0.0,470916,277,2,275,0,0,37.0,5.1,0.0,58.0,0.0,0.0,0.0,0.0,15795.0 MiB,10295.4 MiB,1819.7 MiB,3679.9 MiB,4096.0 MiB,4062.2 MiB,33.8 MiB,13334.9 MiB,
10.24.1,2021-04-06,binaryTrees_7.js 21,5,1692130532,48863,node,0:17.59,844244.0,330788.0,25480.0,287.5,2.0,7.0,0.0,0:17,0.0,33080.0,346692.0,0.0,1.9m,0.0,330788,277,2,275,0,0,32.6,5.3,0.0,62.1,0.0,0.0,0.0,0.0,15795.0 MiB,10440.2 MiB,1681.7 MiB,3673.1 MiB,4096.0 MiB,4062.2 MiB,33.8 MiB,13479.8 MiB,
10.24.1,2021-04-06,binaryTrees_7.js 21,6,1692130533,48863,node,0:21.06,1027540.0,514116.0,25480.0,287.5,3.2,7.0,0.0,0:21,0.0,33080.0,529988.0,0.0,2.3m,0.0,514116,277,2,275,0,0,32.6,7.2,0.0,60.1,0.0,0.0,0.0,0.0,15795.0 MiB,10253.3 MiB,1861.8 MiB,3679.9 MiB,4096.0 MiB,4062.2 MiB,33.8 MiB,13292.8 MiB,
10.24.1,2021-04-06,binaryTrees_7.js 21,7,1692130534,48863,node,0:24.33,994260.0,480812.0,25480.0,268.8,3.0,7.0,0.0,0:24,0.0,33080.0,496708.0,0.0,2.7m,0.0,480812,277,2,275,0,0,30.1,6.0,0.0,63.9,0.0,0.0,0.0,0.0,15795.0 MiB,10288.5 MiB,1826.6 MiB,3679.9 MiB,4096.0 MiB,4062.2 MiB,33.8 MiB,13328.0 MiB,
10.24.1,2021-04-06,binaryTrees_7.js 21,8,1692130536,48863,node,0:27.81,886228.0,372628.0,25480.0,293.8,2.3,7.0,4.0,0:27,0.0,33080.0,388676.0,0.0,3.0m,0.0,372628,277,2,275,0,0,32.6,6.8,0.0,60.6,0.0,0.0,0.0,0.0,15795.0 MiB,10399.2 MiB,1715.8 MiB,3679.9 MiB,4096.0 MiB,4062.2 MiB,33.8 MiB,13438.7 MiB,
10.24.1,2021-04-06,binaryTrees_7.js 21,9,1692130537,48863,node,0:31.28,822740.0,308732.0,25480.0,287.5,1.9,7.0,7.0,0:31,0.0,33080.0,325188.0,0.0,3.4m,0.0,308732,277,1,276,0,0,34.3,4.4,0.0,61.3,0.0,0.0,0.0,0.0,15795.0 MiB,10321.7 MiB,1793.4 MiB,3679.9 MiB,4096.0 MiB,4062.2 MiB,33.8 MiB,13361.5 MiB,
10.24.1,2021-04-06,binaryTrees_7.js 21,10,1692130538,48863,node,0:34.57,998868.0,485428.0,25480.0,243.8,3.0,7.0,7.0,0:34,0.0,33080.0,501316.0,0.0,3.8m,0.0,485428,277,2,275,0,0,27.3,6.1,0.0,66.7,0.0,0.0,0.0,0.0,15795.0 MiB,10283.0 MiB,1838.9 MiB,3673.1 MiB,4096.0 MiB,4062.2 MiB,33.8 MiB,13322.6 MiB,
10.24.1,2021-04-06,binaryTrees_7.js 21,11,1692130539,48863,node,0:38.11,956884.0,443076.0,25480.0,275.0,2.7,7.0,3.0,0:38,0.0,33080.0,459824.0,0.0,4.1m,0.0,442564,277,1,276,0,0,32.6,3.7,0.0,63.7,0.0,0.0,0.0,0.0,15795.0 MiB,10238.2 MiB,1876.8 MiB,3679.9 MiB,4096.0 MiB,4062.2 MiB,33.8 MiB,13277.8 MiB,
10.24.1,2021-04-06,binaryTrees_7.js 21,12,1692130540,48863,node,0:41.33,843220.0,329860.0,25480.0,293.8,2.0,7.0,7.0,0:41,0.0,33080.0,345668.0,0.0,4.4m,0.0,329860,277,4,273,0,0,31.5,6.9,0.0,61.5,0.0,0.0,0.0,0.0,15795.0 MiB,10436.8 MiB,1685.0 MiB,3673.1 MiB,4096.0 MiB,4062.2 MiB,33.8 MiB,13476.4 MiB,
10.24.1,2021-04-06,binaryTrees_7.js 21,13,1692130541,48863,node,0:44.49,1008084.0,493988.0,25480.0,268.8,3.1,7.0,3.0,0:44,0.0,33080.0,510784.0,0.0,4.8m,0.0,493988,277,1,276,0,0,32.1,3.1,0.0,64.9,0.0,0.0,0.0,0.0,15795.0 MiB,10218.4 MiB,1896.6 MiB,3679.9 MiB,4096.0 MiB,4062.2 MiB,33.8 MiB,13258.0 MiB,
10.24.1,2021-04-06,binaryTrees_7.js 21,14,1692130543,48863,node,0:47.64,1014740.0,500928.0,25480.0,206.2,3.1,7.0,7.0,0:47,0.0,33080.0,517188.0,0.0,5.1m,0.0,500928,277,2,275,0,0,24.6,5.2,0.0,70.1,0.0,0.0,0.0,0.0,15795.0 MiB,10265.7 MiB,1849.5 MiB,3679.8 MiB,4096.0 MiB,4062.2 MiB,33.8 MiB,13305.2 MiB,
10.24.1,2021-04-06,binaryTrees_7.js 21,15,1692130544,48863,node,0:50.82,1024468.0,510612.0,25480.0,206.2,3.2,7.0,7.0,0:50,0.0,33080.0,526916.0,0.0,5.4m,0.0,510612,277,2,275,0,0,21.1,8.3,0.0,70.7,0.0,0.0,0.0,0.0,15795.0 MiB,10260.9 MiB,1854.2 MiB,3679.9 MiB,4096.0 MiB,4062.2 MiB,33.8 MiB,13300.4 MiB,
11.15.0,2019-04-30,binaryTrees_7.js 21,0,1692131194,49652,node,0:00.52,736396.0,221760.0,25420.0,346.7,1.4,7.0,0.0,0:00,0.0,33576.0,238324.0,0.0,49k,0.0,221760,277,2,275,0,0,38.0,3.9,0.0,58.1,0.0,0.0,0.0,0.0,15795.0 MiB,10556.1 MiB,1533.1 MiB,3705.8 MiB,4096.0 MiB,4062.2 MiB,33.8 MiB,13623.7 MiB,
11.15.0,2019-04-30,binaryTrees_7.js 21,1,1692131195,49652,node,0:03.41,1006260.0,492124.0,25584.0,168.8,3.0,7.0,0.0,0:03,0.0,33576.0,508188.0,0.0,412k,0.0,492124,277,2,275,0,0,19.1,4.6,0.0,76.3,0.0,0.0,0.0,0.0,15795.0 MiB,10252.9 MiB,1836.0 MiB,3706.1 MiB,4096.0 MiB,4062.2 MiB,33.8 MiB,13320.6 MiB,
11.15.0,2019-04-30,binaryTrees_7.js 21,2,1692131196,49652,node,0:06.45,963956.0,450052.0,25584.0,275.0,2.8,7.0,0.0,0:06,0.0,33576.0,465884.0,0.0,764k,0.0,450052,277,2,275,0,0,32.4,5.9,0.0,61.0,0.0,0.0,0.7,0.0,15795.0 MiB,10285.5 MiB,1803.4 MiB,3706.1 MiB,4096.0 MiB,4062.2 MiB,33.8 MiB,13353.1 MiB,
11.15.0,2019-04-30,binaryTrees_7.js 21,3,1692131197,49652,node,0:09.31,997236.0,483424.0,25584.0,225.0,3.0,7.0,3.0,0:09,0.0,33576.0,499164.0,0.0,1.1m,0.0,483424,277,2,275,0,0,22.1,7.6,0.0,70.2,0.0,0.0,0.0,0.0,15795.0 MiB,10274.7 MiB,1821.2 MiB,3699.1 MiB,4096.0 MiB,4062.2 MiB,33.8 MiB,13342.3 MiB,
11.15.0,2019-04-30,binaryTrees_7.js 21,4,1692131199,49652,node,0:12.73,853876.0,339900.0,25584.0,300.0,2.1,7.0,4.0,0:12,0.0,33576.0,355804.0,0.0,1.4m,0.0,339900,277,2,275,0,0,33.8,5.4,0.0,60.8,0.0,0.0,0.0,0.0,15795.0 MiB,10401.1 MiB,1687.9 MiB,3705.9 MiB,4096.0 MiB,4062.2 MiB,33.8 MiB,13468.8 MiB,
11.15.0,2019-04-30,binaryTrees_7.js 21,5,1692131200,49652,node,0:16.17,821108.0,307080.0,25584.0,320.0,1.9,7.0,4.0,0:16,0.0,33576.0,323036.0,0.0,1.8m,0.0,307080,277,2,275,0,0,29.9,8.7,0.0,61.4,0.0,0.0,0.0,0.0,15795.0 MiB,10434.8 MiB,1654.1 MiB,3706.1 MiB,4096.0 MiB,4062.2 MiB,33.8 MiB,13502.5 MiB,
11.15.0,2019-04-30,binaryTrees_7.js 21,6,1692131201,49652,node,0:19.45,1047412.0,533312.0,25584.0,206.7,3.3,7.0,4.0,0:19,0.0,33576.0,549340.0,0.0,2.1m,0.0,533312,277,2,275,0,0,22.0,4.5,0.0,73.5,0.0,0.0,0.0,0.0,15795.0 MiB,10204.1 MiB,1884.8 MiB,3706.1 MiB,4096.0 MiB,4062.2 MiB,33.8 MiB,13271.7 MiB,
11.15.0,2019-04-30,binaryTrees_7.js 21,7,1692131202,49652,node,0:22.80,879476.0,365196.0,25584.0,306.2,2.3,7.0,4.0,0:22,0.0,33576.0,381404.0,0.0,2.4m,0.0,365196,277,2,275,0,0,35.1,5.3,0.0,59.5,0.0,0.0,0.0,0.0,15795.0 MiB,10384.7 MiB,1704.2 MiB,3706.1 MiB,4096.0 MiB,4062.2 MiB,33.8 MiB,13452.4 MiB,
11.15.0,2019-04-30,binaryTrees_7.js 21,8,1692131203,49652,node,0:25.88,925044.0,410940.0,25584.0,260.0,2.5,7.0,0.0,0:25,0.0,33576.0,426972.0,0.0,2.8m,0.0,410940,277,2,275,0,0,28.2,6.1,0.0,64.1,1.5,0.0,0.0,0.0,15795.0 MiB,10333.0 MiB,1754.2 MiB,3707.7 MiB,4096.0 MiB,4062.2 MiB,33.8 MiB,13402.3 MiB,
11.15.0,2019-04-30,binaryTrees_7.js 21,9,1692131204,49652,node,0:28.89,937332.0,423276.0,25584.0,268.8,2.6,7.0,2.0,0:28,0.0,33576.0,439260.0,0.0,3.1m,0.0,423276,277,2,275,0,0,30.3,5.3,0.0,64.4,0.0,0.0,0.0,0.0,15795.0 MiB,10330.0 MiB,1757.3 MiB,3707.7 MiB,4096.0 MiB,4062.2 MiB,33.8 MiB,13399.3 MiB,
11.15.0,2019-04-30,binaryTrees_7.js 21,10,1692131206,49652,node,0:32.39,1011572.0,497348.0,25584.0,275.0,3.1,7.0,1.0,0:32,0.0,33576.0,513500.0,0.0,3.5m,0.0,497348,277,2,275,0,0,33.1,4.5,0.0,62.4,0.0,0.0,0.0,0.0,15795.0 MiB,10263.4 MiB,1823.8 MiB,3707.8 MiB,4096.0 MiB,4062.2 MiB,33.8 MiB,13332.7 MiB,
11.15.0,2019-04-30,binaryTrees_7.js 21,11,1692131207,49652,node,0:35.62,865652.0,351408.0,25584.0,300.0,2.2,7.0,1.0,0:35,0.0,33576.0,367580.0,0.0,3.8m,0.0,351408,277,2,275,0,0,34.1,4.7,0.0,61.2,0.0,0.0,0.0,0.0,15795.0 MiB,10395.2 MiB,1698.9 MiB,3700.9 MiB,4096.0 MiB,4062.2 MiB,33.8 MiB,13464.5 MiB,
11.15.0,2019-04-30,binaryTrees_7.js 21,12,1692131208,49652,node,0:38.69,921972.0,407708.0,25584.0,287.5,2.5,7.0,5.0,0:38,0.0,33576.0,424392.0,0.0,4.2m,0.0,407708,277,1,276,0,0,32.1,4.6,0.0,63.4,0.0,0.0,0.0,0.0,15795.0 MiB,10247.5 MiB,1839.7 MiB,3707.7 MiB,4096.0 MiB,4062.2 MiB,33.8 MiB,13316.9 MiB,
11.15.0,2019-04-30,binaryTrees_7.js 21,13,1692131209,49652,node,0:41.91,899444.0,385264.0,25584.0,312.5,2.4,7.0,5.0,0:41,0.0,33576.0,401372.0,0.0,4.5m,0.0,385264,277,2,275,0,0,36.2,5.4,0.0,58.5,0.0,0.0,0.0,0.0,15795.0 MiB,10348.4 MiB,1738.9 MiB,3707.7 MiB,4096.0 MiB,4062.2 MiB,33.8 MiB,13417.7 MiB,
11.15.0,2019-04-30,binaryTrees_7.js 21,14,1692131210,49652,node,0:45.11,877424.0,362496.0,25584.0,333.3,2.2,7.0,2.0,0:45,0.0,33576.0,378332.0,0.0,4.8m,0.0,362496,278,2,276,0,0,34.6,6.2,0.0,59.2,0.0,0.0,0.0,0.0,15795.0 MiB,10371.0 MiB,1716.2 MiB,3707.7 MiB,4096.0 MiB,4062.2 MiB,33.8 MiB,13440.4 MiB,
11.15.0,2019-04-30,binaryTrees_7.js 21,15,1692131212,49652,node,0:48.11,1045876.0,531636.0,25584.0,213.3,3.3,7.0,7.0,0:48,0.0,33576.0,547804.0,0.0,5.1m,0.0,531636,278,2,276,0,0,20.3,7.5,0.0,72.2,0.0,0.0,0.0,0.0,15795.0 MiB,10223.0 MiB,1864.4 MiB,3707.6 MiB,4096.0 MiB,4062.2 MiB,33.8 MiB,13292.4 MiB,
11.15.0,2019-04-30,binaryTrees_7.js 21,16,1692131213,49652,node,0:51.08,1046388.0,532320.0,25584.0,193.8,3.3,7.0,7.0,0:51,0.0,33576.0,548316.0,0.0,5.4m,0.0,532320,277,2,275,0,0,21.2,6.1,0.0,72.7,0.0,0.0,0.0,0.0,15795.0 MiB,10221.1 MiB,1866.1 MiB,3707.7 MiB,4096.0 MiB,4062.2 MiB,33.8 MiB,13290.4 MiB,
11.15.0,2019-04-30,binaryTrees_7.js 21,17,1692131214,49652,node,0:53.87,1029296.0,483652.0,25632.0,93.8,3.0,7.0,3.0,0:53,0.0,33576.0,498956.0,0.0,5.7m,0.0,483652,277,2,275,0,0,10.8,4.6,0.0,84.6,0.0,0.0,0.0,0.0,15795.0 MiB,10167.8 MiB,1919.3 MiB,3707.9 MiB,4096.0 MiB,4062.2 MiB,33.8 MiB,13237.1 MiB,
12.22.12,2022-04-05,binaryTrees_7.js 21,0,1692131789,50430,node,0:00.31,824700.0,304668.0,27360.0,193.8,1.9,7.0,1.0,0:00,0.0,39636.0,321096.0,0.0,69k,0.0,304668,278,2,276,0,0,16.7,7.9,0.0,75.4,0.0,0.0,0.0,0.0,15795.0 MiB,10419.7 MiB,1635.5 MiB,3739.8 MiB,4096.0 MiB,4062.2 MiB,33.8 MiB,13521.4 MiB,
12.22.12,2022-04-05,binaryTrees_7.js 21,1,1692131790,50430,node,0:02.03,1405900.0,886776.0,27676.0,100.0,5.5,7.0,1.0,0:02,0.0,39636.0,902352.0,0.0,466k,0.0,886776,278,2,276,0,0,8.4,6.1,0.0,85.5,0.0,0.0,0.0,0.0,15795.0 MiB,9827.4 MiB,2227.3 MiB,3740.2 MiB,4096.0 MiB,4062.2 MiB,33.8 MiB,12929.2 MiB,
12.22.12,2022-04-05,binaryTrees_7.js 21,2,1692131792,50430,node,0:03.99,1566928.0,1000000.0,27676.0,100.0,6.5,7.0,1.0,0:03,0.0,39636.0,1063380.0,0.0,918k,0.0,1.0g,278,2,276,0,0,6.9,7.6,0.0,85.5,0.0,0.0,0.0,0.0,15795.0 MiB,9666.2 MiB,2388.6 MiB,3740.2 MiB,4096.0 MiB,4062.2 MiB,33.8 MiB,12768.0 MiB,
12.22.12,2022-04-05,binaryTrees_7.js 21,3,1692131793,50430,node,0:05.85,1640912.0,1100000.0,27676.0,118.8,6.9,7.0,0.0,0:05,0.0,39636.0,1137364.0,0.0,1.3m,0.0,1.1g,278,2,276,0,0,11.4,5.3,0.0,83.3,0.0,0.0,0.0,0.0,15795.0 MiB,9583.3 MiB,2478.5 MiB,3733.2 MiB,4096.0 MiB,4062.2 MiB,33.8 MiB,12685.1 MiB,
12.22.12,2022-04-05,binaryTrees_7.js 21,4,1692131794,50430,node,0:07.72,1629648.0,1100000.0,27676.0,133.3,6.9,7.0,2.0,0:07,0.0,39636.0,1126508.0,0.0,1.7m,0.0,1.1g,278,2,276,0,0,14.6,3.8,0.0,81.5,0.0,0.0,0.0,0.0,15795.0 MiB,9596.3 MiB,2458.5 MiB,3740.2 MiB,4096.0 MiB,4062.2 MiB,33.8 MiB,12698.1 MiB,
12.22.12,2022-04-05,binaryTrees_7.js 21,5,1692131795,50430,node,0:09.80,1085136.0,566024.0,27676.0,137.5,3.5,7.0,3.0,0:09,0.0,39636.0,581588.0,0.0,2.1m,0.0,566024,278,2,276,0,0,9.6,11.8,0.0,78.7,0.0,0.0,0.0,0.0,15795.0 MiB,10153.5 MiB,1901.2 MiB,3740.3 MiB,4096.0 MiB,4062.2 MiB,33.8 MiB,13255.3 MiB,
12.22.12,2022-04-05,binaryTrees_7.js 21,6,1692131796,50430,node,0:11.60,1188560.0,669304.0,27676.0,93.8,4.1,7.0,2.0,0:11,0.0,39636.0,685012.0,0.0,2.5m,0.0,669304,278,2,276,0,0,6.2,8.5,0.0,85.4,0.0,0.0,0.0,0.0,15795.0 MiB,10049.2 MiB,2005.5 MiB,3740.3 MiB,4096.0 MiB,4062.2 MiB,33.8 MiB,13151.0 MiB,
12.22.12,2022-04-05,binaryTrees_7.js 21,7,1692131797,50430,node,0:13.49,1402576.0,883544.0,27676.0,93.8,5.5,7.0,3.0,0:13,0.0,39636.0,899028.0,0.0,2.9m,0.0,883544,278,2,276,0,0,6.2,7.0,0.0,86.8,0.0,0.0,0.0,0.0,15795.0 MiB,9827.2 MiB,2227.5 MiB,3740.3 MiB,4096.0 MiB,4062.2 MiB,33.8 MiB,12929.0 MiB,
12.22.12,2022-04-05,binaryTrees_7.js 21,8,1692131799,50430,node,0:15.42,1513424.0,994380.0,27676.0,106.2,6.1,7.0,7.0,0:15,0.0,39636.0,1009876.0,0.0,3.4m,0.0,994380,278,2,276,0,0,9.9,4.6,0.0,85.5,0.0,0.0,0.0,0.0,15795.0 MiB,9717.5 MiB,2337.2 MiB,3740.3 MiB,4096.0 MiB,4062.2 MiB,33.8 MiB,12819.3 MiB,
12.22.12,2022-04-05,binaryTrees_7.js 21,9,1692131800,50430,node,0:17.46,1645264.0,1100000.0,27676.0,187.5,7.0,7.0,7.0,0:17,0.0,39636.0,1141716.0,0.0,3.8m,0.0,1.1g,278,2,276,0,0,19.1,6.1,0.0,74.0,0.8,0.0,0.0,0.0,15795.0 MiB,9577.1 MiB,2477.6 MiB,3740.3 MiB,4096.0 MiB,4062.2 MiB,33.8 MiB,12678.9 MiB,
12.22.12,2022-04-05,binaryTrees_7.js 21,10,1692131801,50430,node,0:19.36,1635792.0,1100000.0,27676.0,206.7,6.9,7.0,7.0,0:19,0.0,39636.0,1132244.0,0.0,4.2m,0.0,1.1g,278,2,276,0,0,21.4,4.6,0.0,74.0,0.0,0.0,0.0,0.0,15795.0 MiB,9586.3 MiB,2468.4 MiB,3740.3 MiB,4096.0 MiB,4062.2 MiB,33.8 MiB,12688.1 MiB,
12.22.12,2022-04-05,binaryTrees_7.js 21,11,1692131802,50430,node,0:21.18,1634768.0,1100000.0,27676.0,140.0,6.9,7.0,7.0,0:21,0.0,39636.0,1131220.0,0.0,4.6m,0.0,1.1g,278,2,276,0,0,13.8,4.6,0.0,81.5,0.0,0.0,0.0,0.0,15795.0 MiB,9586.5 MiB,2468.0 MiB,3740.4 MiB,4096.0 MiB,4062.2 MiB,33.8 MiB,12688.4 MiB,
12.22.12,2022-04-05,binaryTrees_7.js 21,12,1692131803,50430,node,0:23.06,1392080.0,873180.0,27676.0,100.0,5.4,7.0,7.0,0:23,0.0,39636.0,888532.0,0.0,4.9m,0.0,873180,278,2,276,0,0,7.8,5.4,0.0,86.8,0.0,0.0,0.0,0.0,15795.0 MiB,9822.3 MiB,2232.4 MiB,3740.3 MiB,4096.0 MiB,4062.2 MiB,33.8 MiB,12924.1 MiB,
12.22.12,2022-04-05,binaryTrees_7.js 21,13,1692131804,50430,node,0:24.99,1184720.0,665724.0,27676.0,100.0,4.1,7.0,7.0,0:24,0.0,39636.0,681172.0,0.0,5.3m,0.0,665724,278,2,276,0,0,7.8,5.4,0.0,86.8,0.0,0.0,0.0,0.0,15795.0 MiB,10029.6 MiB,2025.1 MiB,3740.3 MiB,4096.0 MiB,4062.2 MiB,33.8 MiB,13131.4 MiB,
12.22.12,2022-04-05,binaryTrees_7.js 21,14,1692131806,50430,node,0:26.93,1923560.0,1300000.0,27676.0,312.5,8.7,7.0,7.0,0:26,0.0,39636.0,1420012.0,0.0,5.7m,0.0,1.3g,278,2,276,0,0,36.2,3.8,0.0,60.0,0.0,0.0,0.0,0.0,15795.0 MiB,9284.6 MiB,2770.1 MiB,3740.3 MiB,4096.0 MiB,4062.2 MiB,33.8 MiB,12386.5 MiB,
13.14.0,2020-04-29,binaryTrees_7.js 21,0,1692132378,51155,node,0:00.51,781828.0,237940.0,27376.0,312.5,1.5,7.0,0.0,0:00,0.0,63752.0,254124.0,0.0,52k,0.0,237940,277,2,275,0,0,37.0,5.2,0.0,57.8,0.0,0.0,0.0,0.0,15795.0 MiB,10460.3 MiB,1562.5 MiB,3772.2 MiB,4096.0 MiB,4062.2 MiB,33.8 MiB,13594.2 MiB,
13.14.0,2020-04-29,binaryTrees_7.js 21,1,1692132379,51155,node,0:02.68,1225832.0,680968.0,27612.0,100.0,4.2,7.0,3.0,0:02,0.0,63752.0,698264.0,0.0,513k,0.0,680968,277,2,275,0,0,6.1,9.2,0.0,84.7,0.0,0.0,0.0,0.0,15795.0 MiB,10002.1 MiB,2020.5 MiB,3772.3 MiB,4096.0 MiB,4062.2 MiB,33.8 MiB,13136.1 MiB,
13.14.0,2020-04-29,binaryTrees_7.js 21,2,1692132380,51155,node,0:04.99,855892.0,311364.0,27612.0,331.2,1.9,7.0,3.0,0:04,0.0,63752.0,328324.0,0.0,958k,0.0,311364,277,2,275,0,0,34.6,7.7,0.0,56.9,0.8,0.0,0.0,0.0,15795.0 MiB,10292.3 MiB,1730.4 MiB,3772.3 MiB,4096.0 MiB,4062.2 MiB,33.8 MiB,13426.2 MiB,
13.14.0,2020-04-29,binaryTrees_7.js 21,3,1692132381,51155,node,0:06.99,1496392.0,951612.0,27612.0,146.7,5.9,7.0,3.0,0:06,0.0,63752.0,968824.0,0.0,1.4m,0.0,951612,277,2,275,0,0,15.0,5.3,0.0,79.7,0.0,0.0,0.0,0.0,15795.0 MiB,9712.9 MiB,2309.7 MiB,3772.3 MiB,4096.0 MiB,4062.2 MiB,33.8 MiB,12846.9 MiB,
13.14.0,2020-04-29,binaryTrees_7.js 21,4,1692132382,51155,node,0:09.29,1175624.0,631164.0,27612.0,106.2,3.9,7.0,7.0,0:09,0.0,63752.0,648056.0,0.0,1.9m,0.0,631164,277,2,275,0,0,6.7,8.2,0.0,85.1,0.0,0.0,0.0,0.0,15795.0 MiB,10048.9 MiB,1973.7 MiB,3772.3 MiB,4096.0 MiB,4062.2 MiB,33.8 MiB,13182.9 MiB,
13.14.0,2020-04-29,binaryTrees_7.js 21,5,1692132383,51155,node,0:11.52,1639388.0,1000000.0,27612.0,212.5,6.8,7.0,7.0,0:11,0.0,63752.0,1111820.0,0.0,2.3m,0.0,1.0g,277,2,275,0,0,24.4,4.6,0.0,71.0,0.0,0.0,0.0,0.0,15795.0 MiB,9580.1 MiB,2442.6 MiB,3772.3 MiB,4096.0 MiB,4062.2 MiB,33.8 MiB,12714.0 MiB,
13.14.0,2020-04-29,binaryTrees_7.js 21,6,1692132385,51155,node,0:13.85,1067728.0,523184.0,27612.0,186.7,3.2,7.0,7.0,0:13,0.0,63752.0,540160.0,0.0,2.8m,0.0,523184,277,2,275,0,0,12.4,11.6,0.0,76.0,0.0,0.0,0.0,0.0,15795.0 MiB,10150.6 MiB,1872.1 MiB,3772.3 MiB,4096.0 MiB,4062.2 MiB,33.8 MiB,13284.5 MiB,
13.14.0,2020-04-29,binaryTrees_7.js 21,7,1692132386,51155,node,0:15.89,1455056.0,910520.0,27612.0,93.8,5.6,7.0,7.0,0:15,0.0,63752.0,927488.0,0.0,3.2m,0.0,910520,277,2,275,0,0,9.2,5.3,0.0,85.5,0.0,0.0,0.0,0.0,15795.0 MiB,9759.5 MiB,2263.2 MiB,3772.3 MiB,4096.0 MiB,4062.2 MiB,33.8 MiB,12893.4 MiB,
13.14.0,2020-04-29,binaryTrees_7.js 21,8,1692132387,51155,node,0:18.26,1567196.0,,27612.0,293.8,6.3,7.0,3.0,0:18,0.0,63752.0,1039628.0,0.0,3.6m,0.0,998.5m,277,2,275,0,0,33.6,5.3,0.0,61.1,0.0,0.0,0.0,0.0,15795.0 MiB,9581.3 MiB,2441.3 MiB,3772.3 MiB,4096.0 MiB,4062.2 MiB,33.8 MiB,12715.3 MiB,
13.14.0,2020-04-29,binaryTrees_7.js 21,9,1692132388,51155,node,0:20.42,1008860.0,464280.0,27612.0,218.8,2.9,7.0,3.0,0:20,0.0,63752.0,481292.0,0.0,4.1m,0.0,464280,277,2,275,0,0,19.4,10.1,0.0,70.5,0.0,0.0,0.0,0.0,15795.0 MiB,10212.5 MiB,1810.1 MiB,3772.3 MiB,4096.0 MiB,4062.2 MiB,33.8 MiB,13346.5 MiB,
13.14.0,2020-04-29,binaryTrees_7.js 21,10,1692132389,51155,node,0:22.43,1187036.0,642432.0,27612.0,106.2,4.0,7.0,2.0,0:22,0.0,63752.0,659468.0,0.0,4.5m,0.0,642432,277,2,275,0,0,8.5,4.7,0.0,86.8,0.0,0.0,0.0,0.0,15795.0 MiB,10038.3 MiB,1984.3 MiB,3772.3 MiB,4096.0 MiB,4062.2 MiB,33.8 MiB,13172.3 MiB,
13.14.0,2020-04-29,binaryTrees_7.js 21,11,1692132391,51155,node,0:24.54,1244380.0,699864.0,27612.0,93.8,4.3,7.0,7.0,0:24,0.0,63752.0,716812.0,0.0,4.9m,0.0,699864,277,2,275,0,0,8.5,4.7,0.0,86.8,0.0,0.0,0.0,0.0,15795.0 MiB,9991.6 MiB,2031.0 MiB,3772.3 MiB,4096.0 MiB,4062.2 MiB,33.8 MiB,13125.5 MiB,
13.14.0,2020-04-29,binaryTrees_7.js 21,12,1692132392,51155,node,0:26.68,1224304.0,679672.0,27612.0,93.8,4.2,7.0,7.0,0:26,0.0,63752.0,696736.0,0.0,5.2m,0.0,679672,277,2,275,0,0,9.9,4.6,0.0,84.7,0.0,0.0,0.8,0.0,15795.0 MiB,10011.6 MiB,2011.0 MiB,3772.4 MiB,4096.0 MiB,4062.2 MiB,33.8 MiB,13145.6 MiB,
13.14.0,2020-04-29,binaryTrees_7.js 21,13,1692132393,51155,node,0:28.68,1864404.0,1300000.0,27612.0,287.5,8.2,7.0,7.0,0:28,0.0,63752.0,1336836.0,0.0,5.6m,0.0,1.3g,277,2,275,0,0,33.6,3.8,0.0,62.6,0.0,0.0,0.0,0.0,15795.0 MiB,9351.8 MiB,2677.7 MiB,3765.5 MiB,4096.0 MiB,4062.2 MiB,33.8 MiB,12485.7 MiB,
14.21.3,2023-02-16,binaryTrees_7.js 21,0,1692133046,52788,node,0:00.18,693204.0,147904.0,27660.0,113.3,0.9,7.0,7.0,0:00,0.0,65160.0,163896.0,0.0,30k,0.0,147904,278,2,276,0,0,13.8,2.3,0.0,83.8,0.0,0.0,0.0,0.0,15795.0 MiB,10504.2 MiB,1477.0 MiB,3813.8 MiB,4096.0 MiB,4062.2 MiB,33.8 MiB,13680.0 MiB,
14.21.3,2023-02-16,binaryTrees_7.js 21,1,1692133047,52788,node,0:01.51,1172292.0,628632.0,28996.0,118.8,3.9,7.0,7.0,0:01,0.0,65160.0,642984.0,0.0,289k,0.0,628632,278,1,277,0,0,16.2,2.9,0.0,80.9,0.0,0.0,0.0,0.0,15795.0 MiB,9896.7 MiB,2084.1 MiB,3814.1 MiB,4096.0 MiB,4062.2 MiB,33.8 MiB,13072.6 MiB,
14.21.3,2023-02-16,binaryTrees_7.js 21,2,1692133048,52788,node,0:02.93,1182020.0,638692.0,28996.0,100.0,3.9,7.0,0.0,0:02,0.0,65160.0,652712.0,0.0,635k,0.0,638692,278,2,276,0,0,7.6,6.9,0.0,85.5,0.0,0.0,0.0,0.0,15795.0 MiB,10000.0 MiB,1987.7 MiB,3807.2 MiB,4096.0 MiB,4062.2 MiB,33.8 MiB,13175.8 MiB,
14.21.3,2023-02-16,binaryTrees_7.js 21,3,1692133049,52788,node,0:04.30,1306440.0,763196.0,28996.0,106.7,4.7,7.0,7.0,0:04,0.0,65160.0,777472.0,0.0,917k,0.0,763196,278,2,276,0,0,13.8,0.8,0.0,85.4,0.0,0.0,0.0,0.0,15795.0 MiB,9854.6 MiB,2126.2 MiB,3814.2 MiB,4096.0 MiB,4062.2 MiB,33.8 MiB,13030.4 MiB,
14.21.3,2023-02-16,binaryTrees_7.js 21,4,1692133050,52788,node,0:05.76,1045576.0,502128.0,28996.0,156.2,3.1,7.0,2.0,0:05,0.0,65160.0,516268.0,0.0,1.2m,0.0,502128,278,2,276,0,0,11.5,10.8,0.0,77.7,0.0,0.0,0.0,0.0,15795.0 MiB,10144.0 MiB,1843.6 MiB,3807.4 MiB,4096.0 MiB,4062.2 MiB,33.8 MiB,13319.8 MiB,
14.21.3,2023-02-16,binaryTrees_7.js 21,5,1692133052,52788,node,0:07.14,1306440.0,763192.0,28996.0,106.7,4.7,7.0,2.0,0:07,0.0,65160.0,777472.0,0.0,1.5m,0.0,763192,278,2,276,0,0,9.8,5.3,0.0,84.1,0.0,0.0,0.8,0.0,15795.0 MiB,9854.1 MiB,2126.6 MiB,3814.2 MiB,4096.0 MiB,4062.2 MiB,33.8 MiB,13029.9 MiB,
14.21.3,2023-02-16,binaryTrees_7.js 21,6,1692133053,52788,node,0:08.57,892488.0,348948.0,28996.0,153.3,2.2,7.0,2.0,0:08,0.0,65160.0,363180.0,0.0,1.8m,0.0,348948,278,2,276,0,0,14.5,6.1,0.0,79.4,0.0,0.0,0.0,0.0,15795.0 MiB,10281.9 MiB,1698.8 MiB,3814.2 MiB,4096.0 MiB,4062.2 MiB,33.8 MiB,13457.7 MiB,
14.21.3,2023-02-16,binaryTrees_7.js 21,7,1692133054,52788,node,0:09.97,1296712.0,753156.0,28996.0,106.7,4.7,7.0,4.0,0:09,0.0,65160.0,767404.0,0.0,2.1m,0.0,753420,278,2,276,0,0,8.5,4.7,0.0,86.8,0.0,0.0,0.0,0.0,15795.0 MiB,9872.3 MiB,2108.4 MiB,3814.2 MiB,4096.0 MiB,4062.2 MiB,33.8 MiB,13048.2 MiB,
14.21.3,2023-02-16,binaryTrees_7.js 21,8,1692133055,52788,node,0:11.41,1309392.0,765852.0,28996.0,93.8,4.7,7.0,4.0,0:11,0.0,65160.0,780424.0,0.0,2.4m,0.0,765852,278,2,276,0,0,12.4,0.8,0.0,86.8,0.0,0.0,0.0,0.0,15795.0 MiB,9846.7 MiB,2134.0 MiB,3814.2 MiB,4096.0 MiB,4062.2 MiB,33.8 MiB,13022.6 MiB,
14.21.3,2023-02-16,binaryTrees_7.js 21,9,1692133056,52788,node,0:12.90,1069776.0,526496.0,28996.0,125.0,3.3,7.0,2.0,0:12,0.0,65160.0,540468.0,0.0,2.7m,0.0,526496,278,2,276,0,0,9.0,9.7,0.0,81.3,0.0,0.0,0.0,0.0,15795.0 MiB,10097.5 MiB,1883.1 MiB,3814.3 MiB,4096.0 MiB,4062.2 MiB,33.8 MiB,13273.4 MiB,
14.21.3,2023-02-16,binaryTrees_7.js 21,10,1692133058,52788,node,0:14.25,1310160.0,766536.0,28996.0,100.0,4.7,7.0,2.0,0:14,0.0,65160.0,781192.0,0.0,3.0m,0.0,766536,278,2,276,0,0,10.1,3.1,0.0,86.0,0.8,0.0,0.0,0.0,15795.0 MiB,9846.1 MiB,2134.6 MiB,3814.3 MiB,4096.0 MiB,4062.2 MiB,33.8 MiB,13021.9 MiB,
14.21.3,2023-02-16,binaryTrees_7.js 21,11,1692133059,52788,node,0:15.69,999372.0,455464.0,28996.0,137.5,2.8,7.0,5.0,0:15,0.0,65160.0,469556.0,0.0,3.2m,0.0,455464,278,1,277,0,0,15.6,3.1,0.0,81.2,0.0,0.0,0.0,0.0,15795.0 MiB,10080.1 MiB,1900.8 MiB,3814.1 MiB,4096.0 MiB,4062.2 MiB,33.8 MiB,13256.0 MiB,
14.21.3,2023-02-16,binaryTrees_7.js 21,12,1692133060,52788,node,0:17.16,1116880.0,573572.0,28996.0,100.0,3.5,7.0,4.0,0:17,0.0,65160.0,587572.0,0.0,3.6m,0.0,573572,278,2,276,0,0,8.4,6.1,0.0,85.5,0.0,0.0,0.0,0.0,15795.0 MiB,10057.8 MiB,1922.9 MiB,3814.3 MiB,4096.0 MiB,4062.2 MiB,33.8 MiB,13233.6 MiB,
14.21.3,2023-02-16,binaryTrees_7.js 21,13,1692133061,52788,node,0:18.57,1313744.0,770164.0,28996.0,106.7,4.8,7.0,5.0,0:18,0.0,65160.0,784776.0,0.0,3.9m,0.0,770164,278,2,276,0,0,12.4,3.1,0.0,84.5,0.0,0.0,0.0,0.0,15795.0 MiB,9847.3 MiB,2133.3 MiB,3814.4 MiB,4096.0 MiB,4062.2 MiB,33.8 MiB,13023.2 MiB,
14.21.3,2023-02-16,binaryTrees_7.js 21,14,1692133062,52788,node,0:19.97,1333852.0,790284.0,28996.0,100.0,4.9,7.0,5.0,0:19,0.0,65160.0,804884.0,0.0,4.1m,0.0,790284,278,2,276,0,0,13.3,0.0,0.0,86.7,0.0,0.0,0.0,0.0,15795.0 MiB,9826.2 MiB,2154.6 MiB,3814.3 MiB,4096.0 MiB,4062.2 MiB,33.8 MiB,13002.0 MiB,
14.21.3,2023-02-16,binaryTrees_7.js 21,15,1692133063,52788,node,0:21.38,822500.0,278936.0,28996.0,143.8,1.7,7.0,1.0,0:21,0.0,65160.0,293192.0,0.0,4.4m,0.0,278936,278,2,276,0,0,13.3,5.5,0.0,80.5,0.8,0.0,0.0,0.0,15795.0 MiB,10363.0 MiB,1624.7 MiB,3807.3 MiB,4096.0 MiB,4062.2 MiB,33.8 MiB,13538.8 MiB,
14.21.3,2023-02-16,binaryTrees_7.js 21,16,1692133065,52788,node,0:22.72,837116.0,293496.0,28996.0,143.8,1.8,7.0,1.0,0:22,0.0,65160.0,307808.0,0.0,4.6m,0.0,293496,278,1,277,0,0,15.4,3.1,0.0,81.5,0.0,0.0,0.0,0.0,15795.0 MiB,10237.7 MiB,1743.0 MiB,3814.3 MiB,4096.0 MiB,4062.2 MiB,33.8 MiB,13413.5 MiB,
14.21.3,2023-02-16,binaryTrees_7.js 21,17,1692133066,52788,node,0:24.05,1262720.0,719236.0,28996.0,131.2,4.4,7.0,1.0,0:24,0.0,65160.0,733412.0,0.0,4.9m,0.0,719236,278,2,276,0,0,15.4,2.3,0.0,82.3,0.0,0.0,0.0,0.0,15795.0 MiB,9886.5 MiB,2101.2 MiB,3807.3 MiB,4096.0 MiB,4062.2 MiB,33.8 MiB,13062.4 MiB,
14.21.3,2023-02-16,binaryTrees_7.js 21,18,1692133067,52788,node,0:25.43,1380224.0,836636.0,28996.0,106.7,5.2,7.0,5.0,0:25,0.0,65160.0,851256.0,0.0,5.2m,0.0,836636,278,2,276,0,0,13.2,0.8,0.0,86.0,0.0,0.0,0.0,0.0,15795.0 MiB,9779.5 MiB,2201.2 MiB,3814.3 MiB,4096.0 MiB,4062.2 MiB,33.8 MiB,12955.3 MiB,
14.21.3,2023-02-16,binaryTrees_7.js 21,19,1692133068,52788,node,0:26.82,1344384.0,800988.0,28996.0,100.0,5.0,7.0,5.0,0:26,0.0,65160.0,815416.0,0.0,5.4m,0.0,800988,278,2,276,0,0,13.2,0.0,0.0,86.8,0.0,0.0,0.0,0.0,15795.0 MiB,9816.1 MiB,2164.6 MiB,3814.3 MiB,4096.0 MiB,4062.2 MiB,33.8 MiB,12992.0 MiB,
14.21.3,2023-02-16,binaryTrees_7.js 21,20,1692133069,52788,node,0:28.23,1284848.0,741372.0,28996.0,100.0,4.6,7.0,5.0,0:28,0.0,65160.0,755540.0,0.0,5.7m,0.0,741372,278,2,276,0,0,10.8,3.8,0.0,85.4,0.0,0.0,0.0,0.0,15795.0 MiB,9882.2 MiB,2098.5 MiB,3814.3 MiB,4096.0 MiB,4062.2 MiB,33.8 MiB,13058.1 MiB,
15.14.0,2021-04-06,binaryTrees_7.js 21,0,1692133735,53708,node,0:00.27,734060.0,189492.0,27980.0,168.8,1.2,7.0,6.0,0:00,0.0,65048.0,204924.0,0.0,41k,0.0,189492,278,2,276,0,0,18.5,4.6,0.0,76.9,0.0,0.0,0.0,0.0,15795.0 MiB,10425.3 MiB,1507.1 MiB,3862.5 MiB,4096.0 MiB,4062.2 MiB,33.8 MiB,13649.7 MiB,
15.14.0,2021-04-06,binaryTrees_7.js 21,1,1692133736,53708,node,0:01.69,1008588.0,464648.0,28288.0,156.2,2.9,7.0,0.0,0:01,0.0,65048.0,479452.0,0.0,312k,0.0,464648,278,2,276,0,0,8.6,13.3,0.0,78.1,0.0,0.0,0.0,0.0,15795.0 MiB,10127.3 MiB,1804.7 MiB,3863.0 MiB,4096.0 MiB,4062.2 MiB,33.8 MiB,13351.8 MiB,
15.14.0,2021-04-06,binaryTrees_7.js 21,2,1692133737,53708,node,0:03.13,1309132.0,765476.0,28288.0,100.0,4.7,7.0,0.0,0:03,0.0,65048.0,780336.0,0.0,642k,0.0,765476,278,2,276,0,0,8.5,5.4,0.0,86.0,0.0,0.0,0.0,0.0,15795.0 MiB,9810.6 MiB,2128.3 MiB,3856.1 MiB,4096.0 MiB,4062.2 MiB,33.8 MiB,13035.1 MiB,
15.14.0,2021-04-06,binaryTrees_7.js 21,3,1692133738,53708,node,0:04.45,1309908.0,766084.0,28288.0,106.7,4.7,7.0,0.0,0:04,0.0,65048.0,781112.0,0.0,899k,0.0,766084,278,2,276,0,0,13.1,1.5,0.0,85.4,0.0,0.0,0.0,0.0,15795.0 MiB,9802.0 MiB,2130.0 MiB,3863.0 MiB,4096.0 MiB,4062.2 MiB,33.8 MiB,13026.5 MiB,
15.14.0,2021-04-06,binaryTrees_7.js 21,4,1692133739,53708,node,0:05.98,901076.0,357420.0,28288.0,166.7,2.2,7.0,0.0,0:05,0.0,65048.0,371940.0,0.0,1.2m,0.0,357420,278,2,276,0,0,12.8,10.5,0.0,76.7,0.0,0.0,0.0,0.0,15795.0 MiB,10230.9 MiB,1701.1 MiB,3863.0 MiB,4096.0 MiB,4062.2 MiB,33.8 MiB,13455.4 MiB,
15.14.0,2021-04-06,binaryTrees_7.js 21,5,1692133740,53708,node,0:07.30,1185748.0,641908.0,28288.0,93.8,4.0,7.0,4.0,0:07,0.0,65048.0,656612.0,0.0,1.5m,0.0,641908,278,2,276,0,0,7.7,6.2,0.0,86.2,0.0,0.0,0.0,0.0,15795.0 MiB,9945.5 MiB,1986.5 MiB,3863.0 MiB,4096.0 MiB,4062.2 MiB,33.8 MiB,13170.0 MiB,
15.14.0,2021-04-06,binaryTrees_7.js 21,6,1692133742,53708,node,0:08.65,1311444.0,767748.0,28288.0,93.8,4.7,7.0,4.0,0:08,0.0,65048.0,782648.0,0.0,1.8m,0.0,767748,278,2,276,0,0,10.8,3.1,0.0,86.2,0.0,0.0,0.0,0.0,15795.0 MiB,9807.4 MiB,2124.6 MiB,3863.0 MiB,4096.0 MiB,4062.2 MiB,33.8 MiB,13031.9 MiB,
15.14.0,2021-04-06,binaryTrees_7.js 21,7,1692133743,53708,node,0:10.00,1286612.0,742532.0,28288.0,100.0,4.6,7.0,3.0,0:10,0.0,65048.0,757480.0,0.0,2.0m,0.0,742532,278,1,277,0,0,12.5,0.0,0.0,87.5,0.0,0.0,0.0,0.0,15795.0 MiB,9816.3 MiB,2115.8 MiB,3862.9 MiB,4096.0 MiB,4062.2 MiB,33.8 MiB,13040.8 MiB,
15.14.0,2021-04-06,binaryTrees_7.js 21,8,1692133744,53708,node,0:11.43,978644.0,434892.0,28288.0,166.7,2.7,7.0,4.0,0:11,0.0,65048.0,449508.0,0.0,2.3m,0.0,434892,278,2,276,0,0,12.2,9.9,0.0,77.9,0.0,0.0,0.0,0.0,15795.0 MiB,10153.7 MiB,1778.3 MiB,3862.9 MiB,4096.0 MiB,4062.2 MiB,33.8 MiB,13378.2 MiB,
15.14.0,2021-04-06,binaryTrees_7.js 21,9,1692133745,53708,node,0:12.78,1239508.0,695612.0,28288.0,106.7,4.3,7.0,4.0,0:12,0.0,65048.0,710372.0,0.0,2.6m,0.0,695612,278,2,276,0,0,8.4,6.9,0.0,84.7,0.0,0.0,0.0,0.0,15795.0 MiB,9899.5 MiB,2039.4 MiB,3856.1 MiB,4096.0 MiB,4062.2 MiB,33.8 MiB,13124.0 MiB,
15.14.0,2021-04-06,binaryTrees_7.js 21,10,1692133746,53708,node,0:14.14,1311956.0,768128.0,28288.0,100.0,4.7,7.0,0.0,0:14,0.0,65048.0,783160.0,0.0,2.9m,0.0,768128,278,2,276,0,0,11.6,2.3,0.0,86.0,0.0,0.0,0.0,0.0,15795.0 MiB,9807.2 MiB,2124.8 MiB,3862.9 MiB,4096.0 MiB,4062.2 MiB,33.8 MiB,13031.8 MiB,
15.14.0,2021-04-06,binaryTrees_7.js 21,11,1692133748,53708,node,0:15.60,1246164.0,702056.0,28288.0,106.2,4.3,7.0,3.0,0:15,0.0,65048.0,717028.0,0.0,3.1m,0.0,702056,278,1,277,0,0,13.1,1.5,0.0,85.4,0.0,0.0,0.0,0.0,15795.0 MiB,9807.7 MiB,2131.3 MiB,3855.9 MiB,4096.0 MiB,4062.2 MiB,33.8 MiB,13032.3 MiB,
15.14.0,2021-04-06,binaryTrees_7.js 21,12,1692133749,53708,node,0:17.08,943572.0,399904.0,28288.0,186.7,2.5,7.0,4.0,0:17,0.0,65048.0,414436.0,0.0,3.4m,0.0,399904,278,2,276,0,0,16.2,7.7,0.0,76.2,0.0,0.0,0.0,0.0,15795.0 MiB,10180.2 MiB,1751.8 MiB,3862.9 MiB,4096.0 MiB,4062.2 MiB,33.8 MiB,13404.7 MiB,
15.14.0,2021-04-06,binaryTrees_7.js 21,13,1692133750,53708,node,0:18.49,1157076.0,613512.0,28288.0,106.7,3.8,7.0,4.0,0:18,0.0,65048.0,627940.0,0.0,3.7m,0.0,613512,278,2,276,0,0,7.8,5.4,0.0,86.8,0.0,0.0,0.0,0.0,15795.0 MiB,9971.7 MiB,1967.3 MiB,3856.0 MiB,4096.0 MiB,4062.2 MiB,33.8 MiB,13196.3 MiB,
15.14.0,2021-04-06,binaryTrees_7.js 21,14,1692133751,53708,node,0:19.87,1311444.0,767736.0,28288.0,100.0,4.7,7.0,4.0,0:19,0.0,65048.0,782308.0,0.0,4.0m,0.0,767736,278,2,276,0,0,8.5,4.7,0.0,86.0,0.8,0.0,0.0,0.0,15795.0 MiB,9815.7 MiB,2116.5 MiB,3862.8 MiB,4096.0 MiB,4062.2 MiB,33.8 MiB,13040.2 MiB,
15.14.0,2021-04-06,binaryTrees_7.js 21,15,1692133752,53708,node,0:21.34,1336276.0,792552.0,28288.0,106.2,4.9,7.0,4.0,0:21,0.0,65048.0,807480.0,0.0,4.3m,0.0,792552,278,2,276,0,0,7.0,5.5,0.0,87.5,0.0,0.0,0.0,0.0,15795.0 MiB,9789.1 MiB,2142.9 MiB,3863.0 MiB,4096.0 MiB,4062.2 MiB,33.8 MiB,13013.7 MiB,
15.14.0,2021-04-06,binaryTrees_7.js 21,16,1692133753,53708,node,0:22.79,1324500.0,780696.0,28288.0,106.2,4.8,7.0,4.0,0:22,0.0,65048.0,795704.0,0.0,4.5m,0.0,780696,278,2,276,0,0,12.4,3.1,0.0,84.5,0.0,0.0,0.0,0.0,15795.0 MiB,9791.8 MiB,2140.2 MiB,3863.0 MiB,4096.0 MiB,4062.2 MiB,33.8 MiB,13016.4 MiB,
15.14.0,2021-04-06,binaryTrees_7.js 21,17,1692133755,53708,node,0:24.19,1365972.0,822112.0,28288.0,100.0,5.1,7.0,0.0,0:24,0.0,65048.0,836836.0,0.0,4.8m,0.0,822112,278,2,276,0,0,8.5,5.4,0.0,86.0,0.0,0.0,0.0,0.0,15795.0 MiB,9759.6 MiB,2172.4 MiB,3863.0 MiB,4096.0 MiB,4062.2 MiB,33.8 MiB,12984.1 MiB,
15.14.0,2021-04-06,binaryTrees_7.js 21,18,1692133756,53708,node,0:25.58,1342420.0,798616.0,28288.0,100.0,4.9,7.0,0.0,0:25,0.0,65048.0,813284.0,0.0,5.1m,0.0,798880,278,2,276,0,0,9.9,4.6,0.0,85.5,0.0,0.0,0.0,0.0,15795.0 MiB,9794.8 MiB,2144.2 MiB,3856.0 MiB,4096.0 MiB,4062.2 MiB,33.8 MiB,13019.3 MiB,
15.14.0,2021-04-06,binaryTrees_7.js 21,19,1692133757,53708,node,0:26.97,1197268.0,653656.0,28288.0,106.7,4.0,7.0,0.0,0:26,0.0,65048.0,668132.0,0.0,5.3m,0.0,653656,278,2,276,0,0,8.5,5.4,0.0,86.2,0.0,0.0,0.0,0.0,15795.0 MiB,9919.4 MiB,2012.6 MiB,3863.0 MiB,4096.0 MiB,4062.2 MiB,33.8 MiB,13144.0 MiB,
15.14.0,2021-04-06,binaryTrees_7.js 21,20,1692133758,53708,node,0:28.36,947412.0,403736.0,28288.0,162.5,2.5,7.0,0.0,0:28,0.0,65048.0,418276.0,0.0,5.5m,0.0,403736,278,2,276,0,0,13.3,8.6,0.0,78.1,0.0,0.0,0.0,0.0,15795.0 MiB,10176.9 MiB,1762.0 MiB,3856.1 MiB,4096.0 MiB,4062.2 MiB,33.8 MiB,13401.4 MiB,
15.14.0,2021-04-06,binaryTrees_7.js 21,21,1692133759,53708,node,0:29.75,1419476.0,875632.0,28288.0,100.0,5.4,7.0,0.0,0:29,0.0,65048.0,890680.0,0.0,5.8m,0.0,875632,278,2,276,0,0,12.5,0.0,0.0,87.5,0.0,0.0,0.0,0.0,15795.0 MiB,9702.6 MiB,2236.4 MiB,3856.0 MiB,4096.0 MiB,4062.2 MiB,33.8 MiB,12927.1 MiB,
16.20.2,2023-08-08,binaryTrees_7.js 21,0,1692134432,54506,node,0:00.26,777296.0,228708.0,30096.0,162.5,1.4,7.0,7.0,0:00,0.0,71140.0,241984.0,0.0,50k,0.0,228708,277,2,275,0,0,14.6,7.7,0.0,77.7,0.0,0.0,0.0,0.0,15795.0 MiB,10351.1 MiB,1540.4 MiB,3903.5 MiB,4096.0 MiB,4062.2 MiB,33.8 MiB,13616.5 MiB,
16.20.2,2023-08-08,binaryTrees_7.js 21,1,1692134433,54506,node,0:01.57,1318564.0,770648.0,30392.0,106.2,4.8,7.0,3.0,0:01,0.0,71140.0,783608.0,0.0,320k,0.0,770648,277,2,275,0,0,9.3,3.9,0.0,86.8,0.0,0.0,0.0,0.0,15795.0 MiB,9762.7 MiB,2128.4 MiB,3903.9 MiB,4096.0 MiB,4062.2 MiB,33.8 MiB,13028.2 MiB,
16.20.2,2023-08-08,binaryTrees_7.js 21,2,1692134434,54506,node,0:02.91,1316260.0,768488.0,30392.0,100.0,4.8,7.0,3.0,0:02,0.0,71140.0,781304.0,0.0,577k,0.0,768488,277,2,275,0,0,13.2,0.8,0.0,86.0,0.0,0.0,0.0,0.0,15795.0 MiB,9772.8 MiB,2125.2 MiB,3897.0 MiB,4096.0 MiB,4062.2 MiB,33.8 MiB,13038.3 MiB,
16.20.2,2023-08-08,binaryTrees_7.js 21,3,1692134435,54506,node,0:04.35,823724.0,276280.0,30456.0,173.3,1.7,7.0,3.0,0:04,0.0,71140.0,288440.0,0.0,842k,0.0,276280,277,2,275,0,0,15.5,6.2,0.0,78.3,0.0,0.0,0.0,0.0,15795.0 MiB,10267.4 MiB,1623.6 MiB,3904.0 MiB,4096.0 MiB,4062.2 MiB,33.8 MiB,13532.9 MiB,
16.20.2,2023-08-08,binaryTrees_7.js 21,4,1692134437,54506,node,0:05.70,1071276.0,523892.0,30456.0,146.7,3.2,7.0,7.0,0:05,0.0,71140.0,535992.0,0.0,1.1m,0.0,523892,277,2,275,0,0,11.5,8.5,0.0,80.0,0.0,0.0,0.0,0.0,15795.0 MiB,10028.4 MiB,1869.5 MiB,3897.1 MiB,4096.0 MiB,4062.2 MiB,33.8 MiB,13293.9 MiB,
16.20.2,2023-08-08,binaryTrees_7.js 21,5,1692134438,54506,node,0:07.08,1265780.0,718328.0,30456.0,93.8,4.4,7.0,7.0,0:07,0.0,71140.0,730496.0,0.0,1.4m,0.0,718328,277,2,275,0,0,8.5,6.2,0.0,84.5,0.0,0.0,0.8,0.0,15795.0 MiB,9822.3 MiB,2068.9 MiB,3903.8 MiB,4096.0 MiB,4062.2 MiB,33.8 MiB,13087.8 MiB,
16.20.2,2023-08-08,binaryTrees_7.js 21,6,1692134439,54506,node,0:08.44,1319028.0,771272.0,30456.0,100.0,4.8,7.0,7.0,0:08,0.0,71140.0,784072.0,0.0,1.7m,0.0,771272,277,2,275,0,0,11.5,2.3,0.0,86.2,0.0,0.0,0.0,0.0,15795.0 MiB,9758.6 MiB,2132.5 MiB,3903.9 MiB,4096.0 MiB,4062.2 MiB,33.8 MiB,13024.1 MiB,
16.20.2,2023-08-08,binaryTrees_7.js 21,7,1692134440,54506,node,0:09.82,1319284.0,771720.0,30456.0,100.0,4.8,7.0,1.0,0:09,0.0,71140.0,784328.0,0.0,1.9m,0.0,771720,277,2,275,0,0,13.7,1.5,0.0,84.7,0.0,0.0,0.0,0.0,15795.0 MiB,9765.0 MiB,2133.1 MiB,3896.9 MiB,4096.0 MiB,4062.2 MiB,33.8 MiB,13030.5 MiB,
16.20.2,2023-08-08,binaryTrees_7.js 21,8,1692134441,54506,node,0:11.19,1070708.0,523180.0,30456.0,112.5,3.2,7.0,1.0,0:11,0.0,71140.0,535424.0,0.0,2.2m,0.0,522924,277,1,276,0,0,11.5,3.8,0.0,84.7,0.0,0.0,0.0,0.0,15795.0 MiB,9941.8 MiB,1949.4 MiB,3903.8 MiB,4096.0 MiB,4062.2 MiB,33.8 MiB,13207.6 MiB,
16.20.2,2023-08-08,binaryTrees_7.js 21,9,1692134442,54506,node,0:12.63,884340.0,336972.0,30456.0,180.0,2.1,7.0,5.0,0:12,0.0,71140.0,349056.0,0.0,2.5m,0.0,336972,277,2,275,0,0,13.3,7.8,0.0,78.9,0.0,0.0,0.0,0.0,15795.0 MiB,10203.8 MiB,1687.3 MiB,3903.9 MiB,4096.0 MiB,4062.2 MiB,33.8 MiB,13469.3 MiB,
16.20.2,2023-08-08,binaryTrees_7.js 21,10,1692134444,54506,node,0:13.99,1044596.0,496908.0,30456.0,153.3,3.1,7.0,7.0,0:13,0.0,71140.0,509056.0,0.0,2.8m,0.0,496908,277,2,275,0,0,12.8,6.8,0.0,79.7,0.8,0.0,0.0,0.0,15795.0 MiB,10048.9 MiB,1842.1 MiB,3903.9 MiB,4096.0 MiB,4062.2 MiB,33.8 MiB,13314.4 MiB,
16.20.2,2023-08-08,binaryTrees_7.js 21,11,1692134445,54506,node,0:15.35,1196916.0,649244.0,30456.0,100.0,4.0,7.0,7.0,0:15,0.0,71140.0,661632.0,0.0,3.1m,0.0,649244,277,2,275,0,0,7.8,7.0,0.0,85.3,0.0,0.0,0.0,0.0,15795.0 MiB,9896.6 MiB,1994.5 MiB,3903.9 MiB,4096.0 MiB,4062.2 MiB,33.8 MiB,13162.1 MiB,
16.20.2,2023-08-08,binaryTrees_7.js 21,12,1692134446,54506,node,0:16.71,1308532.0,760860.0,30456.0,100.0,4.7,7.0,1.0,0:16,0.0,71140.0,773248.0,0.0,3.3m,0.0,760860,277,2,275,0,0,9.9,4.6,0.0,84.7,0.0,0.0,0.8,0.0,15795.0 MiB,9794.1 MiB,2097.0 MiB,3903.9 MiB,4096.0 MiB,4062.2 MiB,33.8 MiB,13059.6 MiB,
16.20.2,2023-08-08,binaryTrees_7.js 21,13,1692134447,54506,node,0:18.10,1322100.0,774400.0,30456.0,113.3,4.8,7.0,5.0,0:18,0.0,71140.0,787144.0,0.0,3.6m,0.0,774400,277,2,275,0,0,8.5,5.4,0.0,86.0,0.0,0.0,0.0,0.0,15795.0 MiB,9760.2 MiB,2130.8 MiB,3903.9 MiB,4096.0 MiB,4062.2 MiB,33.8 MiB,13025.7 MiB,
16.20.2,2023-08-08,binaryTrees_7.js 21,14,1692134448,54506,node,0:19.43,1322100.0,774440.0,30456.0,100.0,4.8,7.0,5.0,0:19,0.0,71140.0,787144.0,0.0,3.8m,0.0,774440,277,2,275,0,0,10.8,3.1,0.0,86.2,0.0,0.0,0.0,0.0,15795.0 MiB,9767.7 MiB,2130.2 MiB,3897.1 MiB,4096.0 MiB,4062.2 MiB,33.8 MiB,13033.2 MiB,
16.20.2,2023-08-08,binaryTrees_7.js 21,15,1692134449,54506,node,0:20.79,1322100.0,774364.0,30456.0,93.8,4.8,7.0,5.0,0:20,0.0,71140.0,787144.0,0.0,4.1m,0.0,774364,277,2,275,0,0,13.1,1.5,0.0,85.4,0.0,0.0,0.0,0.0,15795.0 MiB,9761.2 MiB,2129.9 MiB,3903.9 MiB,4096.0 MiB,4062.2 MiB,33.8 MiB,13026.7 MiB,
16.20.2,2023-08-08,binaryTrees_7.js 21,16,1692134451,54506,node,0:22.30,1327220.0,779620.0,30456.0,93.8,4.8,7.0,1.0,0:22,0.0,71140.0,792264.0,0.0,4.3m,0.0,779620,277,2,275,0,0,12.5,0.8,0.0,86.7,0.0,0.0,0.0,0.0,15795.0 MiB,9755.5 MiB,2142.5 MiB,3896.9 MiB,4096.0 MiB,4062.2 MiB,33.8 MiB,13021.1 MiB,
16.20.2,2023-08-08,binaryTrees_7.js 21,17,1692134452,54506,node,0:23.71,1330036.0,782396.0,30456.0,100.0,4.8,7.0,5.0,0:23,0.0,71140.0,795080.0,0.0,4.6m,0.0,782396,277,2,275,0,0,13.7,0.8,0.0,85.5,0.0,0.0,0.0,0.0,15795.0 MiB,9744.9 MiB,2146.1 MiB,3904.0 MiB,4096.0 MiB,4062.2 MiB,33.8 MiB,13010.5 MiB,
16.20.2,2023-08-08,binaryTrees_7.js 21,18,1692134453,54506,node,0:25.12,1375224.0,827480.0,30456.0,106.2,5.1,7.0,5.0,0:25,0.0,71140.0,840268.0,0.0,4.9m,0.0,827480,277,2,275,0,0,12.3,3.1,0.0,84.6,0.0,0.0,0.0,0.0,15795.0 MiB,9700.4 MiB,2190.6 MiB,3904.0 MiB,4096.0 MiB,4062.2 MiB,33.8 MiB,12966.0 MiB,
16.20.2,2023-08-08,binaryTrees_7.js 21,19,1692134454,54506,node,0:26.45,1307640.0,759924.0,30456.0,100.0,4.7,7.0,5.0,0:26,0.0,71140.0,772356.0,0.0,5.1m,0.0,759924,277,2,275,0,0,9.2,4.6,0.0,86.2,0.0,0.0,0.0,0.0,15795.0 MiB,9788.8 MiB,2109.1 MiB,3897.1 MiB,4096.0 MiB,4062.2 MiB,33.8 MiB,13054.3 MiB,
16.20.2,2023-08-08,binaryTrees_7.js 21,20,1692134455,54506,node,0:27.98,1249784.0,702164.0,30456.0,100.0,4.3,7.0,5.0,0:27,0.0,71140.0,714500.0,0.0,5.4m,0.0,702164,277,2,275,0,0,8.5,5.4,0.0,86.0,0.0,0.0,0.0,0.0,15795.0 MiB,9842.3 MiB,2048.8 MiB,3904.0 MiB,4096.0 MiB,4062.2 MiB,33.8 MiB,13107.8 MiB,
16.20.2,2023-08-08,binaryTrees_7.js 21,21,1692134456,54506,node,0:29.66,954780.0,407164.0,30456.0,156.2,2.5,7.0,1.0,0:29,0.0,71140.0,419496.0,0.0,5.6m,0.0,407164,277,2,275,0,0,14.0,8.5,0.0,77.5,0.0,0.0,0.0,0.0,15795.0 MiB,10138.4 MiB,1759.6 MiB,3897.0 MiB,4096.0 MiB,4062.2 MiB,33.8 MiB,13404.0 MiB,
17.9.1,2022-06-01,binaryTrees_7.js 21,0,1692135140,55362,node,0:00.28,780248.0,234252.0,31564.0,168.8,1.4,7.0,6.0,0:00,0.0,70272.0,246348.0,0.0,51k,0.0,234252,278,2,276,0,0,19.7,4.5,0.0,75.8,0.0,0.0,0.0,0.0,15795.0 MiB,10284.0 MiB,1558.0 MiB,3953.0 MiB,4096.0 MiB,4062.2 MiB,33.8 MiB,13598.8 MiB,
17.9.1,2022-06-01,binaryTrees_7.js 21,1,1692135141,55362,node,0:01.56,1318260.0,772944.0,31856.0,100.0,4.8,7.0,1.0,0:01,0.0,70272.0,784360.0,0.0,308k,0.0,772944,278,2,276,0,0,10.1,3.9,0.0,86.0,0.0,0.0,0.0,0.0,15795.0 MiB,9717.5 MiB,2124.1 MiB,3953.3 MiB,4096.0 MiB,4062.2 MiB,33.8 MiB,13032.4 MiB,
17.9.1,2022-06-01,binaryTrees_7.js 21,2,1692135143,55362,node,0:02.92,1317236.0,772172.0,31856.0,100.0,4.8,7.0,1.0,0:02,0.0,70272.0,783336.0,0.0,566k,0.0,772172,278,2,276,0,0,12.5,0.8,0.0,86.7,0.0,0.0,0.0,0.0,15795.0 MiB,9724.0 MiB,2124.7 MiB,3946.3 MiB,4096.0 MiB,4062.2 MiB,33.8 MiB,13038.9 MiB,
17.9.1,2022-06-01,binaryTrees_7.js 21,3,1692135144,55362,node,0:04.27,1164200.0,618988.0,31856.0,106.7,3.8,7.0,2.0,0:04,0.0,70272.0,629932.0,0.0,824k,0.0,618988,278,1,277,0,0,13.0,1.5,0.0,85.5,0.0,0.0,0.0,0.0,15795.0 MiB,9757.5 MiB,2084.2 MiB,3953.3 MiB,4096.0 MiB,4062.2 MiB,33.8 MiB,13072.4 MiB,
17.9.1,2022-06-01,binaryTrees_7.js 21,4,1692135145,55362,node,0:05.70,871848.0,327088.0,31856.0,150.0,2.0,7.0,5.0,0:05,0.0,70272.0,337580.0,0.0,1.1m,0.0,327088,278,2,276,0,0,11.0,7.1,0.0,81.9,0.0,0.0,0.0,0.0,15795.0 MiB,10166.0 MiB,1675.7 MiB,3953.3 MiB,4096.0 MiB,4062.2 MiB,33.8 MiB,13480.9 MiB,
17.9.1,2022-06-01,binaryTrees_7.js 21,5,1692135146,55362,node,0:07.04,1025960.0,480836.0,31856.0,137.5,3.0,7.0,7.0,0:07,0.0,70272.0,491692.0,0.0,1.4m,0.0,480836,278,2,276,0,0,10.6,8.3,0.0,81.1,0.0,0.0,0.0,0.0,15795.0 MiB,10018.1 MiB,1830.4 MiB,3946.5 MiB,4096.0 MiB,4062.2 MiB,33.8 MiB,13333.0 MiB,
17.9.1,2022-06-01,binaryTrees_7.js 21,6,1692135147,55362,node,0:08.37,1155792.0,610724.0,31856.0,106.7,3.8,7.0,7.0,0:08,0.0,70272.0,621524.0,0.0,1.6m,0.0,610724,278,2,276,0,0,9.2,4.6,0.0,86.2,0.0,0.0,0.0,0.0,15795.0 MiB,9882.3 MiB,1959.4 MiB,3953.3 MiB,4096.0 MiB,4062.2 MiB,33.8 MiB,13197.2 MiB,
17.9.1,2022-06-01,binaryTrees_7.js 21,7,1692135148,55362,node,0:09.73,1286864.0,741644.0,31856.0,106.7,4.6,7.0,7.0,0:09,0.0,70272.0,752596.0,0.0,1.9m,0.0,741644,278,2,276,0,0,8.5,6.2,0.0,85.4,0.0,0.0,0.0,0.0,15795.0 MiB,9757.2 MiB,2091.4 MiB,3946.3 MiB,4096.0 MiB,4062.2 MiB,33.8 MiB,13072.2 MiB,
17.9.1,2022-06-01,binaryTrees_7.js 21,8,1692135150,55362,node,0:11.07,1318864.0,773772.0,31856.0,100.0,4.8,7.0,7.0,0:11,0.0,70272.0,784964.0,0.0,2.2m,0.0,773772,278,2,276,0,0,8.5,5.4,0.0,86.2,0.0,0.0,0.0,0.0,15795.0 MiB,9707.6 MiB,2134.1 MiB,3953.3 MiB,4096.0 MiB,4062.2 MiB,33.8 MiB,13022.5 MiB,
17.9.1,2022-06-01,binaryTrees_7.js 21,9,1692135151,55362,node,0:12.42,1320912.0,775668.0,31856.0,106.2,4.8,7.0,7.0,0:12,0.0,70272.0,787012.0,0.0,2.4m,0.0,775668,278,2,276,0,0,10.9,3.1,0.0,86.0,0.0,0.0,0.0,0.0,15795.0 MiB,9705.1 MiB,2136.6 MiB,3953.3 MiB,4096.0 MiB,4062.2 MiB,33.8 MiB,13020.0 MiB,
17.9.1,2022-06-01,binaryTrees_7.js 21,10,1692135152,55362,node,0:13.78,1318864.0,773620.0,31856.0,100.0,4.8,7.0,7.0,0:13,0.0,70272.0,784964.0,0.0,2.7m,0.0,773620,278,2,276,0,0,12.3,2.3,0.0,85.4,0.0,0.0,0.0,0.0,15795.0 MiB,9706.6 MiB,2135.1 MiB,3953.3 MiB,4096.0 MiB,4062.2 MiB,33.8 MiB,13021.5 MiB,
17.9.1,2022-06-01,binaryTrees_7.js 21,11,1692135153,55362,node,0:15.12,1319888.0,774700.0,31856.0,93.8,4.8,7.0,7.0,0:15,0.0,70272.0,785988.0,0.0,2.9m,0.0,774700,278,2,276,0,0,13.7,0.8,0.0,85.5,0.0,0.0,0.0,0.0,15795.0 MiB,9705.5 MiB,2136.1 MiB,3953.3 MiB,4096.0 MiB,4062.2 MiB,33.8 MiB,13020.5 MiB,
17.9.1,2022-06-01,binaryTrees_7.js 21,12,1692135154,55362,node,0:16.51,793552.0,248612.0,31856.0,126.7,1.5,7.0,7.0,0:16,0.0,70272.0,259284.0,0.0,3.2m,0.0,248612,278,2,276,0,0,10.0,5.4,0.0,84.6,0.0,0.0,0.0,0.0,15795.0 MiB,10173.4 MiB,1679.0 MiB,3942.5 MiB,4096.0 MiB,4062.2 MiB,33.8 MiB,13484.5 MiB,
17.9.1,2022-06-01,binaryTrees_7.js 21,13,1692135155,55362,node,0:18.02,1004240.0,459140.0,31856.0,131.2,2.8,7.0,1.0,0:18,0.0,70272.0,469972.0,0.0,3.5m,0.0,459140,278,2,276,0,0,11.4,9.1,0.0,79.5,0.0,0.0,0.0,0.0,15795.0 MiB,10034.8 MiB,1810.7 MiB,3949.5 MiB,4096.0 MiB,4062.2 MiB,33.8 MiB,13345.8 MiB,
17.9.1,2022-06-01,binaryTrees_7.js 21,14,1692135157,55362,node,0:19.37,1063376.0,518236.0,31856.0,125.0,3.2,7.0,2.0,0:19,0.0,70272.0,529108.0,0.0,3.8m,0.0,518236,279,2,277,0,0,11.5,7.7,0.0,80.8,0.0,0.0,0.0,0.0,15795.0 MiB,9980.5 MiB,1864.9 MiB,3949.5 MiB,4096.0 MiB,4062.2 MiB,33.8 MiB,13291.6 MiB,
17.9.1,2022-06-01,binaryTrees_7.js 21,15,1692135158,55362,node,0:20.72,1049808.0,504796.0,31856.0,131.2,3.1,7.0,4.0,0:20,0.0,70272.0,515540.0,0.0,4.0m,0.0,504796,278,2,276,0,0,13.0,4.6,0.0,82.4,0.0,0.0,0.0,0.0,15795.0 MiB,9991.0 MiB,1854.5 MiB,3949.5 MiB,4096.0 MiB,4062.2 MiB,33.8 MiB,13302.0 MiB,
17.9.1,2022-06-01,binaryTrees_7.js 21,16,1692135159,55362,node,0:22.19,1139408.0,594188.0,31856.0,100.0,3.7,7.0,0.0,0:22,0.0,70272.0,605140.0,0.0,4.3m,0.0,594188,278,2,276,0,0,8.5,4.7,0.0,86.8,0.0,0.0,0.0,0.0,15795.0 MiB,9908.2 MiB,1944.3 MiB,3942.5 MiB,4096.0 MiB,4062.2 MiB,33.8 MiB,13219.3 MiB,
17.9.1,2022-06-01,binaryTrees_7.js 21,17,1692135160,55362,node,0:23.68,1206224.0,661036.0,31856.0,100.0,4.1,7.0,0.0,0:23,0.0,70272.0,671956.0,0.0,4.6m,0.0,661036,278,2,276,0,0,9.3,5.4,0.0,85.3,0.0,0.0,0.0,0.0,15795.0 MiB,9827.8 MiB,2017.7 MiB,3949.5 MiB,4096.0 MiB,4062.2 MiB,33.8 MiB,13138.9 MiB,
17.9.1,2022-06-01,binaryTrees_7.js 21,18,1692135161,55362,node,0:25.05,1060560.0,515492.0,31856.0,93.8,3.2,7.0,0.0,0:25,0.0,70272.0,526292.0,0.0,4.8m,0.0,515492,278,2,276,0,0,7.8,5.5,0.0,86.7,0.0,0.0,0.0,0.0,15795.0 MiB,9974.9 MiB,1870.5 MiB,3949.5 MiB,4096.0 MiB,4062.2 MiB,33.8 MiB,13286.0 MiB,
17.9.1,2022-06-01,binaryTrees_7.js 21,19,1692135162,55362,node,0:26.43,879568.0,334308.0,31856.0,160.0,2.1,7.0,0.0,0:26,0.0,70272.0,345300.0,0.0,5.0m,0.0,334308,278,2,276,0,0,13.2,7.0,0.0,79.8,0.0,0.0,0.0,0.0,15795.0 MiB,10169.4 MiB,1683.1 MiB,3942.5 MiB,4096.0 MiB,4062.2 MiB,33.8 MiB,13480.4 MiB,
17.9.1,2022-06-01,binaryTrees_7.js 21,20,1692135164,55362,node,0:27.89,969168.0,424100.0,31856.0,200.0,2.6,7.0,0.0,0:27,0.0,70272.0,434900.0,0.0,5.3m,0.0,423844,278,1,277,0,0,20.2,4.7,0.0,75.2,0.0,0.0,0.0,0.0,15795.0 MiB,10005.0 MiB,1840.4 MiB,3949.5 MiB,4096.0 MiB,4062.2 MiB,33.8 MiB,13316.1 MiB,
17.9.1,2022-06-01,binaryTrees_7.js 21,21,1692135165,55362,node,0:29.23,1423064.0,878052.0,31856.0,100.0,5.4,7.0,6.0,0:29,0.0,70272.0,888796.0,0.0,5.6m,0.0,878052,278,2,276,0,0,9.9,4.6,0.0,85.5,0.0,0.0,0.0,0.0,15795.0 MiB,9636.7 MiB,2215.8 MiB,3942.5 MiB,4096.0 MiB,4062.2 MiB,33.8 MiB,12947.7 MiB,
17.9.1,2022-06-01,binaryTrees_7.js 21,22,1692135166,55362,node,0:30.77,953592.0,408508.0,31856.0,162.5,2.5,7.0,6.0,0:30,0.0,70272.0,419324.0,0.0,5.8m,0.0,408508,278,2,276,0,0,13.2,9.3,0.0,77.5,0.0,0.0,0.0,0.0,15795.0 MiB,10083.8 MiB,1768.6 MiB,3942.5 MiB,4096.0 MiB,4062.2 MiB,33.8 MiB,13394.9 MiB,
18.17.1,2023-08-08,binaryTrees_7.js 21,0,1692135813,56173,node,0:00.28,753588.0,204428.0,36260.0,186.7,1.3,7.0,1.0,0:00,0.0,79268.0,210648.0,0.0,42k,0.0,204428,277,2,275,0,0,17.8,5.4,0.0,76.7,0.0,0.0,0.0,0.0,15795.0 MiB,10283.4 MiB,1519.3 MiB,3992.2 MiB,4096.0 MiB,4062.2 MiB,33.8 MiB,13637.4 MiB,
18.17.1,2023-08-08,binaryTrees_7.js 21,1,1692135815,56173,node,0:01.78,1149116.0,600752.0,36492.0,106.7,3.7,7.0,1.0,0:01,0.0,79268.0,605748.0,0.0,356k,0.0,600752,277,2,275,0,0,10.8,3.8,0.0,85.4,0.0,0.0,0.0,0.0,15795.0 MiB,9869.5 MiB,1933.1 MiB,3992.4 MiB,4096.0 MiB,4062.2 MiB,33.8 MiB,13223.5 MiB,
18.17.1,2023-08-08,binaryTrees_7.js 21,2,1692135816,56173,node,0:03.11,1329852.0,781412.0,36492.0,100.0,4.8,7.0,1.0,0:03,0.0,79268.0,786484.0,0.0,658k,0.0,781412,277,2,275,0,0,6.9,7.7,0.0,85.4,0.0,0.0,0.0,0.0,15795.0 MiB,9683.2 MiB,2126.4 MiB,3985.4 MiB,4096.0 MiB,4062.2 MiB,33.8 MiB,13037.1 MiB,
18.17.1,2023-08-08,binaryTrees_7.js 21,3,1692135817,56173,node,0:04.69,817164.0,268848.0,36556.0,168.8,1.7,7.0,1.0,0:04,0.0,79268.0,273796.0,0.0,919k,0.0,268848,277,2,275,0,0,17.2,5.5,0.0,77.3,0.0,0.0,0.0,0.0,15795.0 MiB,10189.6 MiB,1613.0 MiB,3992.4 MiB,4096.0 MiB,4062.2 MiB,33.8 MiB,13543.6 MiB,
18.17.1,2023-08-08,binaryTrees_7.js 21,4,1692135818,56173,node,0:06.23,1256972.0,708616.0,36556.0,100.0,4.4,7.0,1.0,0:06,0.0,79268.0,713604.0,0.0,1.3m,0.0,708616,277,2,275,0,0,8.5,5.4,0.0,86.0,0.0,0.0,0.0,0.0,15795.0 MiB,9757.9 MiB,2051.7 MiB,3985.4 MiB,4096.0 MiB,4062.2 MiB,33.8 MiB,13111.9 MiB,
18.17.1,2023-08-08,binaryTrees_7.js 21,5,1692135819,56173,node,0:07.98,844812.0,296316.0,36556.0,200.0,1.8,7.0,1.0,0:07,0.0,79268.0,301444.0,0.0,1.5m,0.0,296316,277,2,275,0,0,20.0,7.4,0.0,71.9,0.7,0.0,0.0,0.0,15795.0 MiB,10162.9 MiB,1639.7 MiB,3992.4 MiB,4096.0 MiB,4062.2 MiB,33.8 MiB,13516.9 MiB,
18.17.1,2023-08-08,binaryTrees_7.js 21,6,1692135820,56173,node,0:09.51,1262860.0,714468.0,36556.0,100.0,4.4,7.0,1.0,0:09,0.0,79268.0,719492.0,0.0,1.9m,0.0,714468,277,2,275,0,0,8.6,4.7,0.0,86.7,0.0,0.0,0.0,0.0,15795.0 MiB,9743.1 MiB,2059.5 MiB,3992.4 MiB,4096.0 MiB,4062.2 MiB,33.8 MiB,13097.1 MiB,
18.17.1,2023-08-08,binaryTrees_7.js 21,7,1692135822,56173,node,0:11.02,1332236.0,783736.0,36556.0,131.2,4.8,7.0,0.0,0:11,0.0,79268.0,789296.0,0.0,2.2m,0.0,783736,277,1,276,0,0,14.2,3.1,0.0,82.7,0.0,0.0,0.0,0.0,15795.0 MiB,9672.7 MiB,2129.8 MiB,3992.4 MiB,4096.0 MiB,4062.2 MiB,33.8 MiB,13026.7 MiB,
18.17.1,2023-08-08,binaryTrees_7.js 21,8,1692135823,56173,node,0:12.70,1083148.0,534832.0,36556.0,133.3,3.3,7.0,3.0,0:12,0.0,79268.0,539780.0,0.0,2.5m,0.0,534832,277,2,275,0,0,12.9,5.3,0.0,81.1,0.0,0.0,0.8,0.0,15795.0 MiB,9928.8 MiB,1873.7 MiB,3992.4 MiB,4096.0 MiB,4062.2 MiB,33.8 MiB,13282.8 MiB,
18.17.1,2023-08-08,binaryTrees_7.js 21,9,1692135824,56173,node,0:14.32,1333772.0,785360.0,36556.0,131.2,4.9,7.0,1.0,0:14,0.0,79268.0,790832.0,0.0,2.8m,0.0,785360,277,1,276,0,0,15.5,2.3,0.0,82.2,0.0,0.0,0.0,0.0,15795.0 MiB,9669.8 MiB,2133.0 MiB,3992.3 MiB,4096.0 MiB,4062.2 MiB,33.8 MiB,13023.8 MiB,
18.17.1,2023-08-08,binaryTrees_7.js 21,10,1692135825,56173,node,0:15.92,1052172.0,503672.0,36556.0,137.5,3.1,7.0,5.0,0:15,0.0,79268.0,508804.0,0.0,3.1m,0.0,503672,277,2,275,0,0,12.1,6.1,0.0,81.8,0.0,0.0,0.0,0.0,15795.0 MiB,9959.2 MiB,1843.4 MiB,3992.4 MiB,4096.0 MiB,4062.2 MiB,33.8 MiB,13313.2 MiB,
18.17.1,2023-08-08,binaryTrees_7.js 21,11,1692135826,56173,node,0:17.54,1335052.0,786920.0,36556.0,160.0,4.9,7.0,5.0,0:17,0.0,79268.0,792112.0,0.0,3.4m,0.0,786920,277,2,275,0,0,15.6,2.3,0.0,82.0,0.0,0.0,0.0,0.0,15795.0 MiB,9666.6 MiB,2135.9 MiB,3992.4 MiB,4096.0 MiB,4062.2 MiB,33.8 MiB,13020.6 MiB,
18.17.1,2023-08-08,binaryTrees_7.js 21,12,1692135828,56173,node,0:19.16,967180.0,418912.0,36556.0,162.5,2.6,7.0,5.0,0:19,0.0,79268.0,423812.0,0.0,3.7m,0.0,418912,277,2,275,0,0,13.3,7.0,0.0,79.7,0.0,0.0,0.0,0.0,15795.0 MiB,10043.9 MiB,1758.7 MiB,3992.4 MiB,4096.0 MiB,4062.2 MiB,33.8 MiB,13397.9 MiB,
18.17.1,2023-08-08,binaryTrees_7.js 21,13,1692135829,56173,node,0:20.70,1304076.0,755784.0,36556.0,100.0,4.7,7.0,5.0,0:20,0.0,79268.0,760708.0,0.0,4.0m,0.0,755784,277,2,275,0,0,8.6,4.7,0.0,86.7,0.0,0.0,0.0,0.0,15795.0 MiB,9706.3 MiB,2096.3 MiB,3992.4 MiB,4096.0 MiB,4062.2 MiB,33.8 MiB,13060.3 MiB,
18.17.1,2023-08-08,binaryTrees_7.js 21,14,1692135830,56173,node,0:22.31,1350924.0,802696.0,36556.0,156.2,5.0,7.0,5.0,0:22,0.0,79268.0,807984.0,0.0,4.3m,0.0,802696,277,2,275,0,0,20.0,1.5,0.0,78.5,0.0,0.0,0.0,0.0,15795.0 MiB,9649.9 MiB,2159.7 MiB,3985.4 MiB,4096.0 MiB,4062.2 MiB,33.8 MiB,13003.9 MiB,
18.17.1,2023-08-08,binaryTrees_7.js 21,15,1692135831,56173,node,0:23.82,1163016.0,614320.0,36556.0,168.8,3.8,7.0,5.0,0:23,0.0,79268.0,619140.0,0.0,4.6m,0.0,614064,277,1,276,0,0,18.9,4.5,0.0,76.5,0.0,0.0,0.0,0.0,15795.0 MiB,9759.4 MiB,2043.2 MiB,3992.4 MiB,4096.0 MiB,4062.2 MiB,33.8 MiB,13113.4 MiB,
18.17.1,2023-08-08,binaryTrees_7.js 21,16,1692135832,56173,node,0:25.47,900620.0,352128.0,36556.0,175.0,2.2,7.0,1.0,0:25,0.0,79268.0,357252.0,0.0,4.8m,0.0,352128,277,2,275,0,0,15.4,8.5,0.0,76.2,0.0,0.0,0.0,0.0,15795.0 MiB,10116.6 MiB,1686.0 MiB,3992.4 MiB,4096.0 MiB,4062.2 MiB,33.8 MiB,13470.6 MiB,
18.17.1,2023-08-08,binaryTrees_7.js 21,17,1692135833,56173,node,0:27.03,1111308.0,563048.0,36556.0,100.0,3.5,7.0,5.0,0:27,0.0,79268.0,567940.0,0.0,5.2m,0.0,563048,277,2,275,0,0,9.3,3.9,0.0,86.8,0.0,0.0,0.0,0.0,15795.0 MiB,9911.6 MiB,1898.0 MiB,3985.4 MiB,4096.0 MiB,4062.2 MiB,33.8 MiB,13265.6 MiB,
18.17.1,2023-08-08,binaryTrees_7.js 21,18,1692135835,56173,node,0:28.65,1160260.0,612136.0,36556.0,106.7,3.8,7.0,5.0,0:28,0.0,79268.0,616892.0,0.0,5.4m,0.0,612136,277,2,275,0,0,9.2,3.8,0.0,86.2,0.0,0.0,0.8,0.0,15795.0 MiB,9853.8 MiB,1948.8 MiB,3992.4 MiB,4096.0 MiB,4062.2 MiB,33.8 MiB,13207.8 MiB,
18.17.1,2023-08-08,binaryTrees_7.js 21,19,1692135836,56173,node,0:30.30,1123800.0,575368.0,36556.0,153.3,3.6,7.0,5.0,0:30,0.0,79268.0,580432.0,0.0,5.7m,0.0,575368,277,2,275,0,0,13.3,6.2,0.0,80.5,0.0,0.0,0.0,0.0,15795.0 MiB,9896.9 MiB,1912.6 MiB,3985.4 MiB,4096.0 MiB,4062.2 MiB,33.8 MiB,13250.9 MiB,
19.9.0,2023-04-10,binaryTrees_7.js 21,0,1692136497,57702,node,0:00.26,1160484.0,215748.0,35468.0,173.3,1.3,7.0,7.0,0:00,0.0,79840.0,223304.0,0.0,45k,0.0,215748,277,2,275,0,0,19.8,4.6,0.0,75.6,0.0,0.0,0.0,0.0,15795.0 MiB,10226.1 MiB,1520.4 MiB,4048.4 MiB,4096.0 MiB,4062.2 MiB,33.8 MiB,13636.5 MiB,
19.9.0,2023-04-10,binaryTrees_7.js 21,1,1692136498,57702,node,0:01.60,1530248.0,587008.0,36068.0,106.2,3.6,7.0,7.0,0:01,0.0,79840.0,593456.0,0.0,329k,0.0,587008,277,2,275,0,0,6.0,8.2,0.0,85.1,0.7,0.0,0.0,0.0,15795.0 MiB,9819.9 MiB,1926.3 MiB,4048.8 MiB,4096.0 MiB,4062.2 MiB,33.8 MiB,13230.3 MiB,
19.9.0,2023-04-10,binaryTrees_7.js 21,2,1692136499,57702,node,0:02.94,1724552.0,781072.0,36068.0,106.7,4.8,7.0,0.0,0:02,0.0,79840.0,788192.0,0.0,634k,0.0,781072,277,2,275,0,0,11.6,2.3,0.0,86.0,0.0,0.0,0.0,0.0,15795.0 MiB,9620.6 MiB,2132.6 MiB,4041.8 MiB,4096.0 MiB,4062.2 MiB,33.8 MiB,13031.0 MiB,
19.9.0,2023-04-10,binaryTrees_7.js 21,3,1692136500,57702,node,0:04.39,1309576.0,365944.0,36132.0,153.3,2.3,7.0,0.0,0:04,0.0,79840.0,372788.0,0.0,892k,0.0,365944,277,1,276,0,0,16.2,3.1,0.0,80.8,0.0,0.0,0.0,0.0,15795.0 MiB,9937.3 MiB,1808.8 MiB,4048.8 MiB,4096.0 MiB,4062.2 MiB,33.8 MiB,13348.0 MiB,
19.9.0,2023-04-10,binaryTrees_7.js 21,4,1692136501,57702,node,0:05.76,1494408.0,550920.0,36132.0,100.0,3.4,7.0,0.0,0:05,0.0,79840.0,557620.0,0.0,1.2m,0.0,551184,277,2,275,0,0,7.0,7.0,0.0,86.0,0.0,0.0,0.0,0.0,15795.0 MiB,9853.8 MiB,1899.3 MiB,4041.8 MiB,4096.0 MiB,4062.2 MiB,33.8 MiB,13264.3 MiB,
19.9.0,2023-04-10,binaryTrees_7.js 21,5,1692136503,57702,node,0:07.15,1724552.0,781008.0,36132.0,93.8,4.8,7.0,0.0,0:07,0.0,79840.0,788196.0,0.0,1.5m,0.0,781008,277,2,275,0,0,10.9,3.1,0.0,86.0,0.0,0.0,0.0,0.0,15795.0 MiB,9605.2 MiB,2140.9 MiB,4048.8 MiB,4096.0 MiB,4062.2 MiB,33.8 MiB,13015.7 MiB,
19.9.0,2023-04-10,binaryTrees_7.js 21,6,1692136504,57702,node,0:08.55,1724552.0,781232.0,36132.0,100.0,4.8,7.0,4.0,0:08,0.0,79840.0,788196.0,0.0,1.7m,0.0,781232,277,2,275,0,0,13.7,0.8,0.0,85.5,0.0,0.0,0.0,0.0,15795.0 MiB,9608.6 MiB,2137.5 MiB,4048.9 MiB,4096.0 MiB,4062.2 MiB,33.8 MiB,13019.0 MiB,
19.9.0,2023-04-10,binaryTrees_7.js 21,7,1692136505,57702,node,0:10.01,1360008.0,416720.0,36132.0,160.0,2.6,7.0,0.0,0:10,0.0,79840.0,423220.0,0.0,2.0m,0.0,416720,277,2,275,0,0,16.0,8.4,0.0,75.6,0.0,0.0,0.0,0.0,15795.0 MiB,9981.0 MiB,1765.3 MiB,4048.7 MiB,4096.0 MiB,4062.2 MiB,33.8 MiB,13391.4 MiB,
19.9.0,2023-04-10,binaryTrees_7.js 21,8,1692136506,57702,node,0:11.42,1625480.0,682032.0,36132.0,100.0,4.2,7.0,0.0,0:11,0.0,79840.0,688692.0,0.0,2.4m,0.0,682032,277,2,275,0,0,6.9,6.9,0.0,86.3,0.0,0.0,0.0,0.0,15795.0 MiB,9718.4 MiB,2027.8 MiB,4048.8 MiB,4096.0 MiB,4062.2 MiB,33.8 MiB,13128.8 MiB,
19.9.0,2023-04-10,binaryTrees_7.js 21,9,1692136507,57702,node,0:12.81,1722248.0,778880.0,36132.0,106.2,4.8,7.0,0.0,0:12,0.0,79840.0,785892.0,0.0,2.6m,0.0,778880,277,2,275,0,0,11.4,4.5,0.0,84.1,0.0,0.0,0.0,0.0,15795.0 MiB,9616.2 MiB,2136.9 MiB,4041.8 MiB,4096.0 MiB,4062.2 MiB,33.8 MiB,13026.7 MiB,
19.9.0,2023-04-10,binaryTrees_7.js 21,10,1692136508,57702,node,0:14.26,1454984.0,511568.0,36132.0,143.8,3.2,7.0,0.0,0:14,0.0,79840.0,518196.0,0.0,2.9m,0.0,511312,277,2,275,0,0,15.9,4.5,0.0,79.5,0.0,0.0,0.0,0.0,15795.0 MiB,9789.6 MiB,1956.5 MiB,4048.9 MiB,4096.0 MiB,4062.2 MiB,33.8 MiB,13200.1 MiB,
19.9.0,2023-04-10,binaryTrees_7.js 21,11,1692136510,57702,node,0:15.65,1425032.0,481808.0,36132.0,150.0,3.0,7.0,3.0,0:15,0.0,79840.0,488244.0,0.0,3.2m,0.0,481808,277,2,275,0,0,12.4,7.8,0.0,79.8,0.0,0.0,0.0,0.0,15795.0 MiB,9917.1 MiB,1829.0 MiB,4048.9 MiB,4096.0 MiB,4062.2 MiB,33.8 MiB,13327.5 MiB,
19.9.0,2023-04-10,binaryTrees_7.js 21,12,1692136511,57702,node,0:17.03,1674120.0,730936.0,36132.0,106.7,4.5,7.0,3.0,0:17,0.0,79840.0,737332.0,0.0,3.5m,0.0,730936,277,2,275,0,0,7.7,6.2,0.0,86.2,0.0,0.0,0.0,0.0,15795.0 MiB,9666.8 MiB,2079.3 MiB,4048.9 MiB,4096.0 MiB,4062.2 MiB,33.8 MiB,13077.3 MiB,
19.9.0,2023-04-10,binaryTrees_7.js 21,13,1692136512,57702,node,0:18.41,1725320.0,781888.0,36132.0,106.2,4.8,7.0,3.0,0:18,0.0,79840.0,788964.0,0.0,3.8m,0.0,781888,277,2,275,0,0,10.9,3.1,0.0,86.0,0.0,0.0,0.0,0.0,15795.0 MiB,9612.3 MiB,2140.6 MiB,4042.0 MiB,4096.0 MiB,4062.2 MiB,33.8 MiB,13022.8 MiB,
19.9.0,2023-04-10,binaryTrees_7.js 21,14,1692136513,57702,node,0:19.76,1726344.0,782992.0,36132.0,93.8,4.8,7.0,3.0,0:19,0.0,79840.0,789988.0,0.0,4.0m,0.0,782992,277,2,275,0,0,12.5,0.0,0.0,87.5,0.0,0.0,0.0,0.0,15795.0 MiB,9603.4 MiB,2142.6 MiB,4049.0 MiB,4096.0 MiB,4062.2 MiB,33.8 MiB,13013.8 MiB,
19.9.0,2023-04-10,binaryTrees_7.js 21,15,1692136514,57702,node,0:21.20,1422984.0,479432.0,36132.0,150.0,3.0,7.0,3.0,0:21,0.0,79840.0,486196.0,0.0,4.3m,0.0,479432,277,1,276,0,0,15.5,3.1,0.0,80.6,0.8,0.0,0.0,0.0,15795.0 MiB,9837.5 MiB,1908.6 MiB,4048.9 MiB,4096.0 MiB,4062.2 MiB,33.8 MiB,13248.2 MiB,
19.9.0,2023-04-10,binaryTrees_7.js 21,16,1692136516,57702,node,0:22.58,1285256.0,341920.0,36132.0,156.2,2.1,7.0,7.0,0:22,0.0,79840.0,348468.0,0.0,4.5m,0.0,341920,277,2,275,0,0,14.1,7.0,0.0,78.9,0.0,0.0,0.0,0.0,15795.0 MiB,10069.1 MiB,1677.1 MiB,4048.7 MiB,4096.0 MiB,4062.2 MiB,33.8 MiB,13479.6 MiB,
19.9.0,2023-04-10,binaryTrees_7.js 21,17,1692136517,57702,node,0:23.95,1255048.0,311600.0,36132.0,166.7,1.9,7.0,7.0,0:23,0.0,79840.0,318260.0,0.0,4.8m,0.0,311600,277,2,275,0,0,15.4,6.2,0.0,78.5,0.0,0.0,0.0,0.0,15795.0 MiB,10083.6 MiB,1662.5 MiB,4048.9 MiB,4096.0 MiB,4062.2 MiB,33.8 MiB,13494.1 MiB,
19.9.0,2023-04-10,binaryTrees_7.js 21,18,1692136518,57702,node,0:25.22,1798792.0,855216.0,36132.0,106.7,5.3,7.0,7.0,0:25,0.0,79840.0,862436.0,0.0,5.1m,0.0,855216,277,2,275,0,0,13.1,0.8,0.0,86.2,0.0,0.0,0.0,0.0,15795.0 MiB,9538.4 MiB,2214.7 MiB,4041.9 MiB,4096.0 MiB,4062.2 MiB,33.8 MiB,12948.9 MiB,
19.9.0,2023-04-10,binaryTrees_7.js 21,19,1692136519,57702,node,0:26.62,1864840.0,921384.0,36132.0,106.2,5.7,7.0,7.0,0:26,0.0,79840.0,928484.0,0.0,5.3m,0.0,921384,277,2,275,0,0,10.8,3.8,0.0,85.4,0.0,0.0,0.0,0.0,15795.0 MiB,9463.5 MiB,2282.5 MiB,4048.9 MiB,4096.0 MiB,4062.2 MiB,33.8 MiB,12874.0 MiB,
19.9.0,2023-04-10,binaryTrees_7.js 21,20,1692136520,57702,node,0:28.06,1833608.0,890312.0,36132.0,93.8,5.5,7.0,3.0,0:28,0.0,79840.0,896820.0,0.0,5.6m,0.0,890312,277,2,275,0,0,9.3,4.7,0.0,86.0,0.0,0.0,0.0,0.0,15795.0 MiB,9526.3 MiB,2226.7 MiB,4041.9 MiB,4096.0 MiB,4062.2 MiB,33.8 MiB,12936.8 MiB,
20.5.1,2023-08-09,binaryTrees_7.js 21,0,1692137152,58557,node,0:00.33,1165820.0,219680.0,36440.0,213.3,1.4,10.0,4.0,0:00,0.0,27248.0,227076.0,0.0,46k,0.0,219680,277,2,275,0,0,23.1,4.6,0.0,72.3,0.0,0.0,0.0,0.0,15795.0 MiB,10185.6 MiB,1527.9 MiB,4081.5 MiB,4096.0 MiB,4062.5 MiB,33.5 MiB,13628.8 MiB,
20.5.1,2023-08-09,binaryTrees_7.js 21,1,1692137153,58557,node,0:01.88,1433108.0,488892.0,37628.0,106.2,3.0,10.0,4.0,0:01,0.0,27248.0,494708.0,0.0,370k,0.0,488892,277,2,275,0,0,7.0,10.9,0.0,82.2,0.0,0.0,0.0,0.0,15795.0 MiB,9879.8 MiB,1833.5 MiB,4081.7 MiB,4096.0 MiB,4062.5 MiB,33.5 MiB,13323.1 MiB,
20.5.1,2023-08-09,binaryTrees_7.js 21,2,1692137154,58557,node,0:03.25,1717372.0,772976.0,37628.0,106.7,4.8,10.0,4.0,0:03,0.0,27248.0,778972.0,0.0,696k,0.0,772976,277,2,275,0,0,7.1,5.5,0.0,87.4,0.0,0.0,0.0,0.0,15795.0 MiB,9590.7 MiB,2129.5 MiB,4074.7 MiB,4096.0 MiB,4062.5 MiB,33.5 MiB,13034.0 MiB,
20.5.1,2023-08-09,binaryTrees_7.js 21,3,1692137155,58557,node,0:04.62,1717116.0,772876.0,37692.0,100.0,4.8,10.0,4.0,0:04,0.0,27248.0,778980.0,0.0,952k,0.0,772876,277,2,275,0,0,12.4,0.8,0.0,86.8,0.0,0.0,0.0,0.0,15795.0 MiB,9584.2 MiB,2129.1 MiB,4081.7 MiB,4096.0 MiB,4062.5 MiB,33.5 MiB,13027.5 MiB,
20.5.1,2023-08-09,binaryTrees_7.js 21,4,1692137156,58557,node,0:06.16,1561980.0,617924.0,37692.0,106.7,3.8,10.0,4.0,0:06,0.0,27248.0,623844.0,0.0,1.3m,0.0,617924,277,2,275,0,0,6.2,7.0,0.0,86.7,0.0,0.0,0.0,0.0,15795.0 MiB,9757.7 MiB,1962.6 MiB,4074.7 MiB,4096.0 MiB,4062.5 MiB,33.5 MiB,13201.0 MiB,
20.5.1,2023-08-09,binaryTrees_7.js 21,5,1692137158,58557,node,0:07.50,1716092.0,771820.0,37692.0,100.0,4.8,10.0,4.0,0:07,0.0,27248.0,777956.0,0.0,1.6m,0.0,771820,277,2,275,0,0,10.8,3.1,0.0,86.2,0.0,0.0,0.0,0.0,15795.0 MiB,9583.0 MiB,2130.3 MiB,4081.7 MiB,4096.0 MiB,4062.5 MiB,33.5 MiB,13026.3 MiB,
20.5.1,2023-08-09,binaryTrees_7.js 21,6,1692137159,58557,node,0:08.92,1297848.0,353808.0,37692.0,150.0,2.2,10.0,2.0,0:08,0.0,27248.0,359712.0,0.0,1.8m,0.0,353552,277,2,275,0,0,14.0,5.4,0.0,80.6,0.0,0.0,0.0,0.0,15795.0 MiB,9944.8 MiB,1768.5 MiB,4081.7 MiB,4096.0 MiB,4062.5 MiB,33.5 MiB,13388.1 MiB,
20.5.1,2023-08-09,binaryTrees_7.js 21,7,1692137160,58557,node,0:10.28,1472440.0,528344.0,37692.0,100.0,3.3,10.0,4.0,0:10,0.0,27248.0,534304.0,0.0,2.1m,0.0,528344,277,2,275,0,0,6.9,8.5,0.0,84.6,0.0,0.0,0.0,0.0,15795.0 MiB,9837.8 MiB,1875.5 MiB,4081.7 MiB,4096.0 MiB,4062.5 MiB,33.5 MiB,13281.1 MiB,
20.5.1,2023-08-09,binaryTrees_7.js 21,8,1692137161,58557,node,0:11.66,1716408.0,772256.0,37692.0,113.3,4.8,10.0,4.0,0:11,0.0,27248.0,778272.0,0.0,2.4m,0.0,772256,277,2,275,0,0,8.6,3.9,0.0,87.5,0.0,0.0,0.0,0.0,15795.0 MiB,9582.0 MiB,2131.2 MiB,4081.7 MiB,4096.0 MiB,4062.5 MiB,33.5 MiB,13025.4 MiB,
20.5.1,2023-08-09,binaryTrees_7.js 21,9,1692137162,58557,node,0:13.34,1245624.0,301552.0,37692.0,206.7,1.9,10.0,4.0,0:13,0.0,27248.0,307488.0,0.0,2.7m,0.0,301552,277,2,275,0,0,18.8,7.0,0.0,73.4,0.8,0.0,0.0,0.0,15795.0 MiB,10066.0 MiB,1647.3 MiB,4081.7 MiB,4096.0 MiB,4062.5 MiB,33.5 MiB,13509.3 MiB,
20.5.1,2023-08-09,binaryTrees_7.js 21,10,1692137163,58557,node,0:15.18,1717688.0,773352.0,37692.0,143.8,4.8,10.0,4.0,0:15,0.0,27248.0,779552.0,0.0,3.1m,0.0,773352,277,2,275,0,0,16.4,3.1,0.0,80.5,0.0,0.0,0.0,0.0,15795.0 MiB,9580.1 MiB,2133.2 MiB,4081.7 MiB,4096.0 MiB,4062.5 MiB,33.5 MiB,13023.4 MiB,
20.5.1,2023-08-09,binaryTrees_7.js 21,11,1692137165,58557,node,0:16.91,1551800.0,607852.0,37692.0,100.0,3.8,10.0,0.0,0:16,0.0,27248.0,613664.0,0.0,3.4m,0.0,607852,277,2,275,0,0,8.5,4.7,0.0,86.0,0.8,0.0,0.0,0.0,15795.0 MiB,9767.5 MiB,1945.7 MiB,4081.7 MiB,4096.0 MiB,4062.5 MiB,33.5 MiB,13210.8 MiB,
20.5.1,2023-08-09,binaryTrees_7.js 21,12,1692137166,58557,node,0:18.71,1217464.0,273324.0,37692.0,212.5,1.7,10.0,7.0,0:18,0.0,27248.0,279328.0,0.0,3.7m,0.0,273324,277,2,275,0,0,21.7,6.2,0.0,72.1,0.0,0.0,0.0,0.0,15795.0 MiB,10101.5 MiB,1618.6 MiB,4074.9 MiB,4096.0 MiB,4062.5 MiB,33.5 MiB,13544.8 MiB,
20.5.1,2023-08-09,binaryTrees_7.js 21,13,1692137167,58557,node,0:20.27,1668536.0,724604.0,37692.0,100.0,4.5,10.0,7.0,0:20,0.0,27248.0,730400.0,0.0,4.0m,0.0,724604,277,2,275,0,0,7.8,5.4,0.0,86.8,0.0,0.0,0.0,0.0,15795.0 MiB,9640.6 MiB,2072.7 MiB,4081.6 MiB,4096.0 MiB,4062.5 MiB,33.5 MiB,13084.0 MiB,
20.5.1,2023-08-09,binaryTrees_7.js 21,14,1692137168,58557,node,0:22.04,1272564.0,328664.0,37692.0,213.3,2.0,10.0,7.0,0:22,0.0,27248.0,334428.0,0.0,4.3m,0.0,328408,277,1,276,0,0,20.9,5.4,0.0,72.9,0.0,0.0,0.8,0.0,15795.0 MiB,9961.4 MiB,1751.9 MiB,4081.7 MiB,4096.0 MiB,4062.5 MiB,33.5 MiB,13404.7 MiB,
20.5.1,2023-08-09,binaryTrees_7.js 21,15,1692137169,58557,node,0:23.66,1543668.0,599712.0,37692.0,100.0,3.7,10.0,7.0,0:23,0.0,27248.0,605532.0,0.0,4.6m,0.0,599712,277,2,275,0,0,9.4,3.1,0.0,87.5,0.0,0.0,0.0,0.0,15795.0 MiB,9769.7 MiB,1943.5 MiB,4081.7 MiB,4096.0 MiB,4062.5 MiB,33.5 MiB,13213.0 MiB,
20.5.1,2023-08-09,binaryTrees_7.js 21,16,1692137170,58557,node,0:25.25,1758080.0,813744.0,37692.0,100.0,5.0,10.0,7.0,0:25,0.0,27248.0,819944.0,0.0,5.0m,0.0,813744,277,2,275,0,0,8.6,3.9,0.0,86.7,0.8,0.0,0.0,0.0,15795.0 MiB,9546.2 MiB,2167.0 MiB,4081.8 MiB,4096.0 MiB,4062.5 MiB,33.5 MiB,12989.6 MiB,
20.5.1,2023-08-09,binaryTrees_7.js 21,17,1692137172,58557,node,0:26.96,1785216.0,841032.0,37692.0,175.0,5.2,10.0,7.0,0:26,0.0,27248.0,847080.0,0.0,5.2m,0.0,841032,277,2,275,0,0,22.9,1.5,0.0,75.6,0.0,0.0,0.0,0.0,15795.0 MiB,9514.3 MiB,2198.9 MiB,4081.8 MiB,4096.0 MiB,4062.5 MiB,33.5 MiB,12957.7 MiB,
20.5.1,2023-08-09,binaryTrees_7.js 21,18,1692137173,58557,node,0:28.53,1978140.0,1000000.0,37692.0,106.7,6.4,10.0,7.0,0:28,0.0,27248.0,1040004.0,0.0,5.6m,0.0,1.0g,277,2,275,0,0,9.2,4.6,0.0,86.2,0.0,0.0,0.0,0.0,15795.0 MiB,9333.4 MiB,2379.8 MiB,4081.8 MiB,4096.0 MiB,4062.5 MiB,33.5 MiB,12776.8 MiB,
