version,release_date,path,appplication,no_measurement,timestamp,pid,command,time,virt,res,shr,percent_cpu,percent_mem,nTH,P,TIME,SWAP,CODE,DATA,nMaj,nMin,nDRT,USED,tasks_total,tasks_running,tasks_sleeping,tasks_stopped,tasks_zombie,cpu_us,cpu_sy,cpu_ni,cpu_id,cpu_wa,cpu_hi,cpu_si,cpu_st,mem_total,mem_free,mem_used,mem_buff_cache,swap_total,swap_free,swap_used,swap_avail,Unnamed: 43
g++-4.4,2012-03-13,nbody_50000000,nbody_2.c 50000000,0,1691067086,474255,nbody_2_g++-4.4,0:00.18,6651904,1953792,1773568,93.8,0.0,1,1,0:00,0,12288,569344,0,184,0,1953792,300,2,284,14,0,16.7,2.9,0.0,80.4,0.0,0.0,0.0,0.0,15795.0 MiB,6151.6 MiB,1883.9 MiB,7759.4 MiB,4096.0 MiB,4092.2 MiB,3.8 MiB,13093.4 MiB,
g++-4.4,2012-03-13,nbody_50000000,nbody_2.c 50000000,1,1691067087,474255,nbody_2_g++-4.4,0:01.37,6651904,1953792,1773568,100.0,0.0,1,1,0:01,0,12288,569344,0,184,0,1953792,300,2,284,14,0,13.3,0.7,0.0,85.9,0.0,0.0,0.0,0.0,15795.0 MiB,6150.6 MiB,1884.7 MiB,7759.7 MiB,4096.0 MiB,4092.2 MiB,3.8 MiB,13092.5 MiB,
g++-4.4,2012-03-13,nbody_50000000,nbody_2.c 50000000,2,1691067088,474255,nbody_2_g++-4.4,0:02.55,6651904,1953792,1773568,100.0,0.0,1,1,0:02,0,12288,569344,0,184,0,1953792,300,2,284,14,0,13.0,0.8,0.0,84.7,1.5,0.0,0.0,0.0,15795.0 MiB,6157.1 MiB,1886.2 MiB,7751.7 MiB,4096.0 MiB,4092.2 MiB,3.8 MiB,13098.9 MiB,
g++-4.4,2012-03-13,nbody_50000000,nbody_2.c 50000000,3,1691067089,474255,nbody_2_g++-4.4,0:03.73,6651904,1953792,1773568,100.0,0.0,1,1,0:03,0,12288,569344,0,184,0,1953792,300,2,284,14,0,13.7,0.8,0.0,85.5,0.0,0.0,0.0,0.0,15795.0 MiB,6156.1 MiB,1887.2 MiB,7751.7 MiB,4096.0 MiB,4092.2 MiB,3.8 MiB,13098.0 MiB,
g++-4.4,2012-03-13,nbody_50000000,nbody_2.c 50000000,4,1691067090,474255,nbody_2_g++-4.4,0:04.91,6651904,1953792,1773568,100.0,0.0,1,5,0:04,0,12288,569344,0,184,0,1953792,300,2,284,14,0,13.1,0.8,0.0,86.2,0.0,0.0,0.0,0.0,15795.0 MiB,6155.8 MiB,1887.4 MiB,7751.7 MiB,4096.0 MiB,4092.2 MiB,3.8 MiB,13097.7 MiB,
g++-4.4,2012-03-13,nbody_50000000,nbody_2.c 50000000,5,1691067092,474255,nbody_2_g++-4.4,0:06.09,6651904,1953792,1773568,100.0,0.0,1,5,0:06,0,12288,569344,0,184,0,1953792,300,2,284,14,0,13.1,0.8,0.0,86.2,0.0,0.0,0.0,0.0,15795.0 MiB,6156.1 MiB,1887.2 MiB,7751.7 MiB,4096.0 MiB,4092.2 MiB,3.8 MiB,13098.0 MiB,
g++-4.4,2012-03-13,nbody_50000000,nbody_2.c 50000000,6,1691067093,474255,nbody_2_g++-4.4,0:07.27,6651904,1953792,1773568,100.0,0.0,1,5,0:07,0,12288,569344,0,184,0,1953792,300,2,284,14,0,13.8,0.8,0.0,85.4,0.0,0.0,0.0,0.0,15795.0 MiB,6156.3 MiB,1886.9 MiB,7751.7 MiB,4096.0 MiB,4092.2 MiB,3.8 MiB,13098.2 MiB,
g++-4.4,2012-03-13,nbody_50000000,nbody_2.c 50000000,7,1691067094,474255,nbody_2_g++-4.4,0:08.45,6651904,1953792,1773568,100.0,0.0,1,5,0:08,0,12288,569344,0,184,0,1953792,300,2,284,14,0,13.1,0.8,0.0,86.2,0.0,0.0,0.0,0.0,15795.0 MiB,6156.8 MiB,1886.4 MiB,7751.7 MiB,4096.0 MiB,4092.2 MiB,3.8 MiB,13098.7 MiB,
g++-4.4,2012-03-13,nbody_50000000,nbody_2.c 50000000,8,1691067095,474255,nbody_2_g++-4.4,0:09.62,6651904,1953792,1773568,93.8,0.0,1,5,0:09,0,12288,569344,0,184,0,1953792,300,2,284,14,0,12.4,0.8,0.0,86.8,0.0,0.0,0.0,0.0,15795.0 MiB,6156.6 MiB,1886.7 MiB,7751.7 MiB,4096.0 MiB,4092.2 MiB,3.8 MiB,13098.5 MiB,
g++-4.4,2012-03-13,nbody_50000000,nbody_2.c 50000000,9,1691067096,474255,nbody_2_g++-4.4,0:10.80,6651904,1953792,1773568,93.8,0.0,1,5,0:10,0,12288,569344,0,184,0,1953792,300,2,284,14,0,12.4,0.8,0.0,86.8,0.0,0.0,0.0,0.0,15795.0 MiB,6156.6 MiB,1886.7 MiB,7751.7 MiB,4096.0 MiB,4092.2 MiB,3.8 MiB,13098.5 MiB,
g++-4.4,2012-03-13,nbody_50000000,nbody_2.c 50000000,10,1691067097,474255,nbody_2_g++-4.4,0:11.98,6651904,1953792,1773568,93.8,0.0,1,1,0:11,0,12288,569344,0,184,0,1953792,300,2,284,14,0,13.0,0.8,0.0,86.3,0.0,0.0,0.0,0.0,15795.0 MiB,6156.1 MiB,1887.2 MiB,7751.7 MiB,4096.0 MiB,4092.2 MiB,3.8 MiB,13098.0 MiB,
g++-4.4,2012-03-13,nbody_50000000,nbody_2.c 50000000,11,1691067099,474255,nbody_2_g++-4.4,0:13.16,6651904,1953792,1773568,100.0,0.0,1,1,0:13,0,12288,569344,0,184,0,1953792,300,2,284,14,0,12.2,1.5,0.0,86.3,0.0,0.0,0.0,0.0,15795.0 MiB,6155.4 MiB,1887.9 MiB,7751.7 MiB,4096.0 MiB,4092.2 MiB,3.8 MiB,13097.3 MiB,
g++-4.4,2012-03-13,nbody_50000000,nbody_2.c 50000000,12,1691067100,474255,nbody_2_g++-4.4,0:14.34,6651904,1953792,1773568,100.0,0.0,1,5,0:14,0,12288,569344,0,184,0,1953792,300,2,284,14,0,13.1,1.5,0.0,85.4,0.0,0.0,0.0,0.0,15795.0 MiB,6155.9 MiB,1887.4 MiB,7751.7 MiB,4096.0 MiB,4092.2 MiB,3.8 MiB,13097.8 MiB,
g++-4.4,2012-03-13,nbody_50000000,nbody_2.c 50000000,13,1691067101,474255,nbody_2_g++-4.4,0:15.52,6651904,1953792,1773568,100.0,0.0,1,5,0:15,0,12288,569344,0,184,0,1953792,300,2,284,14,0,12.3,0.8,0.0,86.9,0.0,0.0,0.0,0.0,15795.0 MiB,6155.9 MiB,1887.4 MiB,7751.7 MiB,4096.0 MiB,4092.2 MiB,3.8 MiB,13097.8 MiB,
g++-4.4,2012-03-13,nbody_50000000,nbody_2.c 50000000,14,1691067102,474255,nbody_2_g++-4.4,0:16.70,6651904,1953792,1773568,100.0,0.0,1,1,0:16,0,12288,569344,0,184,0,1953792,300,2,284,14,0,13.1,0.8,0.0,86.2,0.0,0.0,0.0,0.0,15795.0 MiB,6155.2 MiB,1888.1 MiB,7751.7 MiB,4096.0 MiB,4092.2 MiB,3.8 MiB,13097.1 MiB,
g++-4.4,2012-03-13,nbody_50000000,nbody_2.c 50000000,15,1691067103,474255,nbody_2_g++-4.4,0:17.89,6651904,1953792,1773568,100.0,0.0,1,1,0:17,0,12288,569344,0,184,0,1953792,300,2,284,14,0,13.6,1.4,0.0,85.0,0.0,0.0,0.0,0.0,15795.0 MiB,6155.4 MiB,1887.9 MiB,7751.7 MiB,4096.0 MiB,4092.2 MiB,3.8 MiB,13097.3 MiB,
g++-4.4,2012-03-13,nbody_50000000,nbody_2.c 50000000,16,1691067105,474255,nbody_2_g++-4.4,0:19.07,6651904,1953792,1773568,93.8,0.0,1,1,0:19,0,12288,569344,0,184,0,1953792,300,2,284,14,0,13.1,0.8,0.0,86.2,0.0,0.0,0.0,0.0,15795.0 MiB,6155.4 MiB,1887.9 MiB,7751.7 MiB,4096.0 MiB,4092.2 MiB,3.8 MiB,13097.3 MiB,
g++-4.4,2012-03-13,nbody_50000000,nbody_2.c 50000000,17,1691067106,474255,nbody_2_g++-4.4,0:20.26,6651904,1953792,1773568,100.0,0.0,1,1,0:20,0,12288,569344,0,184,0,1953792,300,2,284,14,0,12.7,0.7,0.0,86.6,0.0,0.0,0.0,0.0,15795.0 MiB,6155.7 MiB,1887.6 MiB,7751.7 MiB,4096.0 MiB,4092.2 MiB,3.8 MiB,13097.6 MiB,
g++-4.4,2012-03-13,nbody_50000000,nbody_2.c 50000000,18,1691067107,474255,nbody_2_g++-4.4,0:21.44,6651904,1953792,1773568,100.0,0.0,1,1,0:21,0,12288,569344,0,184,0,1953792,300,2,284,14,0,13.2,0.8,0.0,86.0,0.0,0.0,0.0,0.0,15795.0 MiB,6156.2 MiB,1887.1 MiB,7751.7 MiB,4096.0 MiB,4092.2 MiB,3.8 MiB,13098.1 MiB,
g++-4.4,2012-03-13,nbody_50000000,nbody_2.c 50000000,19,1691067108,474255,nbody_2_g++-4.4,0:22.61,6651904,1953792,1773568,100.0,0.0,1,1,0:22,0,12288,569344,0,184,0,1953792,300,2,284,14,0,13.0,1.5,0.0,85.5,0.0,0.0,0.0,0.0,15795.0 MiB,6155.9 MiB,1887.3 MiB,7751.7 MiB,4096.0 MiB,4092.2 MiB,3.8 MiB,13097.8 MiB,
g++-4.4,2012-03-13,nbody_50000000,nbody_2.c 50000000,20,1691067109,474255,nbody_2_g++-4.4,0:23.79,6651904,1953792,1773568,100.0,0.0,1,1,0:23,0,12288,569344,0,184,0,1953792,300,2,284,14,0,13.8,0.0,0.0,86.2,0.0,0.0,0.0,0.0,15795.0 MiB,6156.2 MiB,1887.1 MiB,7751.7 MiB,4096.0 MiB,4092.2 MiB,3.8 MiB,13098.1 MiB,
g++-4.4,2012-03-13,nbody_50000000,nbody_2.c 50000000,21,1691067110,474255,nbody_2_g++-4.4,0:24.97,6651904,1953792,1773568,100.0,0.0,1,1,0:24,0,12288,569344,0,184,0,1953792,300,2,284,14,0,12.4,0.8,0.0,86.8,0.0,0.0,0.0,0.0,15795.0 MiB,6156.2 MiB,1887.1 MiB,7751.7 MiB,4096.0 MiB,4092.2 MiB,3.8 MiB,13098.1 MiB,
g++-4.4,2012-03-13,nbody_50000000,nbody_2.c 50000000,22,1691067112,474255,nbody_2_g++-4.4,0:26.15,6651904,1953792,1773568,100.0,0.0,1,1,0:26,0,12288,569344,0,184,0,1953792,300,2,284,14,0,13.0,0.8,0.0,85.5,0.8,0.0,0.0,0.0,15795.0 MiB,6155.9 MiB,1887.3 MiB,7751.7 MiB,4096.0 MiB,4092.2 MiB,3.8 MiB,13097.8 MiB,
g++-4.4,2012-03-13,nbody_50000000,nbody_2.c 50000000,23,1691067113,474255,nbody_2_g++-4.4,0:27.32,6651904,1953792,1773568,93.8,0.0,1,1,0:27,0,12288,569344,0,184,0,1953792,300,2,284,14,0,12.3,0.8,0.0,86.9,0.0,0.0,0.0,0.0,15795.0 MiB,6156.4 MiB,1886.8 MiB,7751.7 MiB,4096.0 MiB,4092.2 MiB,3.8 MiB,13098.3 MiB,
g++-4.4,2012-03-13,nbody_50000000,nbody_2.c 50000000,24,1691067114,474255,nbody_2_g++-4.4,0:28.50,6651904,1953792,1773568,93.8,0.0,1,1,0:28,0,12288,569344,0,184,0,1953792,300,2,284,14,0,13.8,0.0,0.0,86.2,0.0,0.0,0.0,0.0,15795.0 MiB,6155.7 MiB,1887.6 MiB,7751.7 MiB,4096.0 MiB,4092.2 MiB,3.8 MiB,13097.6 MiB,
g++-4.4,2012-03-13,nbody_50000000,nbody_2.c 50000000,25,1691067115,474255,nbody_2_g++-4.4,0:29.68,6651904,1953792,1773568,93.8,0.0,1,1,0:29,0,12288,569344,0,184,0,1953792,300,2,284,14,0,13.1,0.8,0.0,86.2,0.0,0.0,0.0,0.0,15795.0 MiB,6154.7 MiB,1888.5 MiB,7751.8 MiB,4096.0 MiB,4092.2 MiB,3.8 MiB,13096.6 MiB,
g++-4.4,2012-03-13,nbody_50000000,nbody_2.c 50000000,26,1691067116,474255,nbody_2_g++-4.4,0:30.86,6651904,1953792,1773568,93.8,0.0,1,1,0:30,0,12288,569344,0,184,0,1953792,300,2,284,14,0,12.3,0.8,0.0,86.9,0.0,0.0,0.0,0.0,15795.0 MiB,6154.4 MiB,1888.8 MiB,7751.8 MiB,4096.0 MiB,4092.2 MiB,3.8 MiB,13096.4 MiB,
g++-4.4,2012-03-13,nbody_50000000,nbody_2.c 50000000,27,1691067118,474255,nbody_2_g++-4.4,0:32.04,6651904,1953792,1773568,93.8,0.0,1,5,0:32,0,12288,569344,0,184,0,1953792,300,2,284,14,0,12.4,0.8,0.0,86.8,0.0,0.0,0.0,0.0,15795.0 MiB,6154.2 MiB,1889.0 MiB,7751.8 MiB,4096.0 MiB,4092.2 MiB,3.8 MiB,13096.1 MiB,
g++-4.4,2012-03-13,nbody_50000000,nbody_2.c 50000000,28,1691067119,474255,nbody_2_g++-4.4,0:33.22,6651904,1953792,1773568,100.0,0.0,1,5,0:33,0,12288,569344,0,184,0,1953792,300,2,284,14,0,12.4,0.8,0.0,86.8,0.0,0.0,0.0,0.0,15795.0 MiB,6153.9 MiB,1889.3 MiB,7751.8 MiB,4096.0 MiB,4092.2 MiB,3.8 MiB,13095.9 MiB,
g++-4.4,2012-03-13,nbody_50000000,nbody_2.c 50000000,29,1691067120,474255,nbody_2_g++-4.4,0:34.40,6651904,1953792,1773568,100.0,0.0,1,1,0:34,0,12288,569344,0,184,0,1953792,299,2,283,14,0,13.7,0.8,0.0,85.5,0.0,0.0,0.0,0.0,15795.0 MiB,6153.9 MiB,1889.3 MiB,7751.8 MiB,4096.0 MiB,4092.2 MiB,3.8 MiB,13095.9 MiB,
g++-4.4,2012-03-13,nbody_50000000,nbody_2.c 50000000,30,1691067121,474255,nbody_2_g++-4.4,0:35.58,6651904,1953792,1773568,100.0,0.0,1,1,0:35,0,12288,569344,0,184,0,1953792,299,2,283,14,0,13.7,0.8,0.0,85.5,0.0,0.0,0.0,0.0,15795.0 MiB,6153.7 MiB,1889.5 MiB,7751.8 MiB,4096.0 MiB,4092.2 MiB,3.8 MiB,13095.7 MiB,
g++-4.4,2012-03-13,nbody_50000000,nbody_2.c 50000000,31,1691067122,474255,nbody_2_g++-4.4,0:36.76,6651904,1953792,1773568,100.0,0.0,1,1,0:36,0,12288,569344,0,184,0,1953792,299,2,283,14,0,13.1,0.8,0.0,86.2,0.0,0.0,0.0,0.0,15795.0 MiB,6153.7 MiB,1889.5 MiB,7751.8 MiB,4096.0 MiB,4092.2 MiB,3.8 MiB,13095.7 MiB,
g++-4.4,2012-03-13,nbody_50000000,nbody_2.c 50000000,32,1691067123,474255,nbody_2_g++-4.4,0:37.94,6651904,1953792,1773568,100.0,0.0,1,1,0:37,0,12288,569344,0,184,0,1953792,299,2,283,14,0,13.0,1.5,0.0,85.5,0.0,0.0,0.0,0.0,15795.0 MiB,6153.7 MiB,1889.5 MiB,7751.8 MiB,4096.0 MiB,4092.2 MiB,3.8 MiB,13095.7 MiB,
g++-4.4,2012-03-13,nbody_50000000,nbody_2.c 50000000,33,1691067125,474255,nbody_2_g++-4.4,0:39.13,6651904,1953792,1773568,100.0,0.0,1,1,0:39,0,12288,569344,0,184,0,1953792,299,2,283,14,0,15.3,1.5,0.0,83.2,0.0,0.0,0.0,0.0,15795.0 MiB,6153.2 MiB,1890.0 MiB,7751.8 MiB,4096.0 MiB,4092.2 MiB,3.8 MiB,13095.2 MiB,
g++-4.4,2012-03-13,nbody_50000000,nbody_2.c 50000000,34,1691067126,474255,nbody_2_g++-4.4,0:40.31,6651904,1953792,1773568,100.0,0.0,1,1,0:40,0,12288,569344,0,184,0,1953792,299,2,283,14,0,13.1,0.8,0.0,86.2,0.0,0.0,0.0,0.0,15795.0 MiB,6153.5 MiB,1889.7 MiB,7751.8 MiB,4096.0 MiB,4092.2 MiB,3.8 MiB,13095.5 MiB,
g++-4.4,2012-03-13,nbody_50000000,nbody_2.c 50000000,35,1691067127,474255,nbody_2_g++-4.4,0:41.49,6651904,1953792,1773568,100.0,0.0,1,1,0:41,0,12288,569344,0,184,0,1953792,299,2,283,14,0,12.3,1.5,0.0,86.2,0.0,0.0,0.0,0.0,15795.0 MiB,6153.0 MiB,1890.2 MiB,7751.8 MiB,4096.0 MiB,4092.2 MiB,3.8 MiB,13095.0 MiB,
g++-4.4,2012-03-13,nbody_50000000,nbody_2.c 50000000,36,1691067128,474255,nbody_2_g++-4.4,0:42.66,6651904,1953792,1773568,93.8,0.0,1,1,0:42,0,12288,569344,0,184,0,1953792,299,2,283,14,0,12.4,0.8,0.0,86.8,0.0,0.0,0.0,0.0,15795.0 MiB,6153.0 MiB,1890.2 MiB,7751.8 MiB,4096.0 MiB,4092.2 MiB,3.8 MiB,13095.0 MiB,
g++-4.4,2012-03-13,nbody_50000000,nbody_2.c 50000000,37,1691067129,474255,nbody_2_g++-4.4,0:43.84,6651904,1953792,1773568,93.8,0.0,1,1,0:43,0,12288,569344,0,184,0,1953792,299,2,283,14,0,13.2,0.8,0.0,86.0,0.0,0.0,0.0,0.0,15795.0 MiB,6152.8 MiB,1890.4 MiB,7751.8 MiB,4096.0 MiB,4092.2 MiB,3.8 MiB,13094.7 MiB,
g++-4.4,2012-03-13,nbody_50000000,nbody_2.c 50000000,38,1691067131,474255,nbody_2_g++-4.4,0:45.02,6651904,1953792,1773568,93.8,0.0,1,1,0:45,0,12288,569344,0,184,0,1953792,299,2,283,14,0,12.4,0.8,0.0,86.8,0.0,0.0,0.0,0.0,15795.0 MiB,6153.0 MiB,1890.2 MiB,7751.8 MiB,4096.0 MiB,4092.2 MiB,3.8 MiB,13095.0 MiB,
g++-4.4,2012-03-13,nbody_50000000,nbody_2.c 50000000,39,1691067132,474255,nbody_2_g++-4.4,0:46.20,6651904,1953792,1773568,93.8,0.0,1,1,0:46,0,12288,569344,0,184,0,1953792,299,2,283,14,0,13.1,0.8,0.0,86.2,0.0,0.0,0.0,0.0,15795.0 MiB,6153.0 MiB,1890.2 MiB,7751.8 MiB,4096.0 MiB,4092.2 MiB,3.8 MiB,13095.0 MiB,
g++-4.4,2012-03-13,nbody_50000000,nbody_2.c 50000000,40,1691067133,474255,nbody_2_g++-4.4,0:47.38,6651904,1953792,1773568,93.8,0.0,1,1,0:47,0,12288,569344,0,184,0,1953792,299,2,283,14,0,13.7,0.8,0.0,85.5,0.0,0.0,0.0,0.0,15795.0 MiB,6153.0 MiB,1890.2 MiB,7751.8 MiB,4096.0 MiB,4092.2 MiB,3.8 MiB,13095.0 MiB,
g++-4.4,2012-03-13,nbody_50000000,nbody_2.c 50000000,41,1691067134,474255,nbody_2_g++-4.4,0:48.57,6651904,1953792,1773568,100.0,0.0,1,1,0:48,0,12288,569344,0,184,0,1953792,299,2,283,14,0,13.8,1.4,0.0,84.1,0.7,0.0,0.0,0.0,15795.0 MiB,6153.0 MiB,1890.2 MiB,7751.8 MiB,4096.0 MiB,4092.2 MiB,3.8 MiB,13095.0 MiB,
g++-4.4,2012-03-13,nbody_50000000,nbody_2.c 50000000,42,1691067135,474255,nbody_2_g++-4.4,0:49.75,6651904,1953792,1773568,100.0,0.0,1,1,0:49,0,12288,569344,0,184,0,1953792,299,2,283,14,0,13.2,0.0,0.0,86.8,0.0,0.0,0.0,0.0,15795.0 MiB,6153.0 MiB,1890.2 MiB,7751.8 MiB,4096.0 MiB,4092.2 MiB,3.8 MiB,13095.0 MiB,
g++-4.4,2012-03-13,nbody_50000000,nbody_2.c 50000000,43,1691067136,474255,nbody_2_g++-4.4,0:50.93,6651904,1953792,1773568,100.0,0.0,1,1,0:50,0,12288,569344,0,184,0,1953792,299,2,283,14,0,12.4,0.8,0.0,86.8,0.0,0.0,0.0,0.0,15795.0 MiB,6153.0 MiB,1890.2 MiB,7751.8 MiB,4096.0 MiB,4092.2 MiB,3.8 MiB,13095.0 MiB,
g++-4.4,2012-03-13,nbody_50000000,nbody_2.c 50000000,44,1691067138,474255,nbody_2_g++-4.4,0:52.11,6651904,1953792,1773568,100.0,0.0,1,1,0:52,0,12288,569344,0,184,0,1953792,299,2,283,14,0,13.0,1.5,0.0,85.5,0.0,0.0,0.0,0.0,15795.0 MiB,6153.3 MiB,1889.9 MiB,7751.8 MiB,4096.0 MiB,4092.2 MiB,3.8 MiB,13095.3 MiB,
g++-4.4,2012-03-13,nbody_50000000,nbody_2.c 50000000,45,1691067139,474255,nbody_2_g++-4.4,0:53.29,6651904,1953792,1773568,100.0,0.0,1,1,0:53,0,12288,569344,0,184,0,1953792,299,2,283,14,0,13.0,0.8,0.0,86.3,0.0,0.0,0.0,0.0,15795.0 MiB,6152.5 MiB,1890.6 MiB,7751.8 MiB,4096.0 MiB,4092.2 MiB,3.8 MiB,13094.5 MiB,
g++-4.4,2012-03-13,nbody_50000000,nbody_2.c 50000000,46,1691067140,474255,nbody_2_g++-4.4,0:54.47,6651904,1953792,1773568,100.0,0.0,1,1,0:54,0,12288,569344,0,184,0,1953792,300,2,284,14,0,12.5,1.5,0.0,86.0,0.0,0.0,0.0,0.0,15795.0 MiB,6152.8 MiB,1890.4 MiB,7751.8 MiB,4096.0 MiB,4092.2 MiB,3.8 MiB,13094.8 MiB,
g++-4.4,2012-03-13,nbody_50000000,nbody_2.c 50000000,47,1691067141,474255,nbody_2_g++-4.4,0:55.66,6651904,1953792,1773568,100.0,0.0,1,1,0:55,0,12288,569344,0,184,0,1953792,300,2,284,14,0,13.3,0.7,0.0,85.9,0.0,0.0,0.0,0.0,15795.0 MiB,6152.8 MiB,1890.4 MiB,7751.8 MiB,4096.0 MiB,4092.2 MiB,3.8 MiB,13094.8 MiB,
g++-4.4,2012-03-13,nbody_50000000,nbody_2.c 50000000,48,1691067142,474255,nbody_2_g++-4.4,0:56.85,6651904,1953792,1773568,100.0,0.0,1,1,0:56,0,12288,569344,0,184,0,1953792,300,2,284,14,0,12.8,0.0,0.0,87.2,0.0,0.0,0.0,0.0,15795.0 MiB,6152.5 MiB,1890.6 MiB,7751.8 MiB,4096.0 MiB,4092.2 MiB,3.8 MiB,13094.5 MiB,
g++-4.4,2012-03-13,nbody_50000000,nbody_2.c 50000000,49,1691067144,474255,nbody_2_g++-4.4,0:58.03,6651904,1953792,1773568,100.0,0.0,1,5,0:58,0,12288,569344,0,184,0,1953792,299,2,283,14,0,12.5,0.0,0.0,87.5,0.0,0.0,0.0,0.0,15795.0 MiB,6152.8 MiB,1890.4 MiB,7751.8 MiB,4096.0 MiB,4092.2 MiB,3.8 MiB,13094.8 MiB,
g++-4.4,2012-03-13,nbody_50000000,nbody_2.c 50000000,50,1691067145,474255,nbody_2_g++-4.4,0:59.21,6651904,1953792,1773568,100.0,0.0,1,5,0:59,0,12288,569344,0,184,0,1953792,299,2,283,14,0,13.1,0.0,0.0,86.9,0.0,0.0,0.0,0.0,15795.0 MiB,6153.0 MiB,1890.1 MiB,7751.8 MiB,4096.0 MiB,4092.2 MiB,3.8 MiB,13095.0 MiB,
g++-4.4,2012-03-13,nbody_50000000,nbody_2.c 50000000,51,1691067146,474255,nbody_2_g++-4.4,1:00.39,6651904,1953792,1773568,100.0,0.0,1,5,1:00,0,12288,569344,0,184,0,1953792,300,2,284,14,0,13.1,0.8,0.0,86.2,0.0,0.0,0.0,0.0,15795.0 MiB,6153.0 MiB,1890.1 MiB,7751.8 MiB,4096.0 MiB,4092.2 MiB,3.8 MiB,13095.1 MiB,
g++-4.4,2012-03-13,nbody_50000000,nbody_2.c 50000000,52,1691067147,474255,nbody_2_g++-4.4,1:01.58,6651904,1953792,1773568,100.0,0.0,1,5,1:01,0,12288,569344,0,184,0,1953792,300,2,284,14,0,13.9,1.5,0.0,84.7,0.0,0.0,0.0,0.0,15795.0 MiB,6152.8 MiB,1890.4 MiB,7751.8 MiB,4096.0 MiB,4092.2 MiB,3.8 MiB,13094.8 MiB,
g++-4.4,2012-03-13,nbody_50000000,nbody_2.c 50000000,53,1691067148,474255,nbody_2_g++-4.4,1:02.76,6651904,1953792,1773568,100.0,0.0,1,5,1:02,0,12288,569344,0,184,0,1953792,300,2,284,14,0,13.8,0.0,0.0,86.2,0.0,0.0,0.0,0.0,15795.0 MiB,6153.0 MiB,1890.1 MiB,7751.8 MiB,4096.0 MiB,4092.2 MiB,3.8 MiB,13095.1 MiB,
g++-4.4,2012-03-13,nbody_50000000,nbody_2.c 50000000,54,1691067149,474255,nbody_2_g++-4.4,1:03.94,6651904,1953792,1773568,100.0,0.0,1,1,1:03,0,12288,569344,0,184,0,1953792,299,2,283,14,0,12.4,0.8,0.0,86.8,0.0,0.0,0.0,0.0,15795.0 MiB,6152.8 MiB,1890.4 MiB,7751.8 MiB,4096.0 MiB,4092.2 MiB,3.8 MiB,13094.8 MiB,
g++-4.4,2012-03-13,nbody_50000000,nbody_2.c 50000000,55,1691067151,474255,nbody_2_g++-4.4,1:05.11,6651904,1953792,1773568,100.0,0.0,1,1,1:05,0,12288,569344,0,184,0,1953792,299,2,283,14,0,12.3,0.8,0.0,86.2,0.8,0.0,0.0,0.0,15795.0 MiB,6152.8 MiB,1890.3 MiB,7751.9 MiB,4096.0 MiB,4092.2 MiB,3.8 MiB,13094.8 MiB,
g++-4.4,2012-03-13,nbody_50000000,nbody_2.c 50000000,56,1691067152,474255,nbody_2_g++-4.4,1:06.29,6651904,1953792,1773568,100.0,0.0,1,1,1:06,0,12288,569344,0,184,0,1953792,299,2,283,14,0,12.3,0.8,0.0,86.9,0.0,0.0,0.0,0.0,15795.0 MiB,6152.8 MiB,1890.3 MiB,7751.9 MiB,4096.0 MiB,4092.2 MiB,3.8 MiB,13094.8 MiB,
g++-4.4,2012-03-13,nbody_50000000,nbody_2.c 50000000,57,1691067153,474255,nbody_2_g++-4.4,1:07.47,6651904,1953792,1773568,100.0,0.0,1,1,1:07,0,12288,569344,0,184,0,1953792,295,2,279,14,0,13.1,0.8,0.0,86.2,0.0,0.0,0.0,0.0,15795.0 MiB,6152.8 MiB,1890.4 MiB,7751.8 MiB,4096.0 MiB,4092.2 MiB,3.8 MiB,13094.8 MiB,
g++-4.4,2012-03-13,nbody_50000000,nbody_2.c 50000000,58,1691067154,474255,nbody_2_g++-4.4,1:08.65,6651904,1953792,1773568,100.0,0.0,1,1,1:08,0,12288,569344,0,184,0,1953792,295,2,279,14,0,12.3,1.5,0.0,86.2,0.0,0.0,0.0,0.0,15795.0 MiB,6152.8 MiB,1890.4 MiB,7751.8 MiB,4096.0 MiB,4092.2 MiB,3.8 MiB,13094.8 MiB,
g++-4.4,2012-03-13,nbody_50000000,nbody_2.c 50000000,59,1691067155,474255,nbody_2_g++-4.4,1:09.82,6651904,1953792,1773568,93.8,0.0,1,1,1:09,0,12288,569344,0,184,0,1953792,295,2,279,14,0,12.3,1.5,0.0,86.2,0.0,0.0,0.0,0.0,15795.0 MiB,6152.8 MiB,1890.4 MiB,7751.8 MiB,4096.0 MiB,4092.2 MiB,3.8 MiB,13094.8 MiB,
g++-4.4,2012-03-13,nbody_50000000,nbody_2.c 50000000,60,1691067157,474255,nbody_2_g++-4.4,1:11.00,6651904,1953792,1773568,100.0,0.0,1,1,1:11,0,12288,569344,0,184,0,1953792,295,2,279,14,0,13.2,0.0,0.0,86.8,0.0,0.0,0.0,0.0,15795.0 MiB,6152.5 MiB,1890.6 MiB,7751.8 MiB,4096.0 MiB,4092.2 MiB,3.8 MiB,13094.6 MiB,
g++-4.4,2012-03-13,nbody_50000000,nbody_2.c 50000000,61,1691067158,474255,nbody_2_g++-4.4,1:12.18,6651904,1953792,1773568,100.0,0.0,1,1,1:12,0,12288,569344,0,184,0,1953792,295,2,279,14,0,12.4,0.8,0.0,86.8,0.0,0.0,0.0,0.0,15795.0 MiB,6152.5 MiB,1890.6 MiB,7751.8 MiB,4096.0 MiB,4092.2 MiB,3.8 MiB,13094.6 MiB,
g++-4.4,2012-03-13,nbody_50000000,nbody_2.c 50000000,62,1691067159,474255,nbody_2_g++-4.4,1:13.36,6651904,1953792,1773568,100.0,0.0,1,1,1:13,0,12288,569344,0,184,0,1953792,295,2,279,14,0,13.0,1.5,0.0,85.5,0.0,0.0,0.0,0.0,15795.0 MiB,6152.0 MiB,1891.1 MiB,7751.9 MiB,4096.0 MiB,4092.2 MiB,3.8 MiB,13094.1 MiB,
g++-4.4,2012-03-13,nbody_50000000,nbody_2.c 50000000,63,1691067160,474255,nbody_2_g++-4.4,1:14.54,6651904,1953792,1773568,93.8,0.0,1,1,1:14,0,12288,569344,0,184,0,1953792,295,2,279,14,0,12.3,1.5,0.0,86.2,0.0,0.0,0.0,0.0,15795.0 MiB,6152.3 MiB,1890.8 MiB,7751.9 MiB,4096.0 MiB,4092.2 MiB,3.8 MiB,13094.3 MiB,
g++-4.4,2012-03-13,nbody_50000000,nbody_2.c 50000000,64,1691067161,474255,nbody_2_g++-4.4,1:15.72,6651904,1953792,1773568,100.0,0.0,1,1,1:15,0,12288,569344,0,184,0,1953792,295,2,279,14,0,12.4,0.8,0.0,86.8,0.0,0.0,0.0,0.0,15795.0 MiB,6152.0 MiB,1891.1 MiB,7751.9 MiB,4096.0 MiB,4092.2 MiB,3.8 MiB,13094.1 MiB,
g++-4.6,2013-04-12,nbody_50000000,nbody_2.c 50000000,0,1691067283,474712,nbody_2_g++-4.6,0:00.17,6651904,1978368,1798144,93.8,0.0,1,6,0:00,0,12288,569344,0,190,0,1978368,294,2,278,14,0,13.8,0.8,0.0,85.4,0.0,0.0,0.0,0.0,15795.0 MiB,6146.4 MiB,1887.1 MiB,7761.5 MiB,4096.0 MiB,4092.2 MiB,3.8 MiB,13090.2 MiB,
g++-4.6,2013-04-12,nbody_50000000,nbody_2.c 50000000,1,1691067284,474712,nbody_2_g++-4.6,0:01.35,6651904,1978368,1798144,93.8,0.0,1,2,0:01,0,12288,569344,0,190,0,1978368,294,2,278,14,0,12.3,0.8,0.0,86.9,0.0,0.0,0.0,0.0,15795.0 MiB,6145.9 MiB,1887.4 MiB,7761.7 MiB,4096.0 MiB,4092.2 MiB,3.8 MiB,13089.7 MiB,
g++-4.6,2013-04-12,nbody_50000000,nbody_2.c 50000000,2,1691067285,474712,nbody_2_g++-4.6,0:02.53,6651904,1978368,1798144,100.0,0.0,1,6,0:02,0,12288,569344,0,190,0,1978368,294,2,278,14,0,12.3,1.5,0.0,86.2,0.0,0.0,0.0,0.0,15795.0 MiB,6160.2 MiB,1881.0 MiB,7753.8 MiB,4096.0 MiB,4092.2 MiB,3.8 MiB,13104.0 MiB,
g++-4.6,2013-04-12,nbody_50000000,nbody_2.c 50000000,3,1691067286,474712,nbody_2_g++-4.6,0:03.71,6651904,1978368,1798144,100.0,0.0,1,2,0:03,0,12288,569344,0,190,0,1978368,294,2,278,14,0,13.1,0.8,0.0,86.2,0.0,0.0,0.0,0.0,15795.0 MiB,6159.4 MiB,1881.9 MiB,7753.7 MiB,4096.0 MiB,4092.2 MiB,3.8 MiB,13103.3 MiB,
g++-4.6,2013-04-12,nbody_50000000,nbody_2.c 50000000,4,1691067287,474712,nbody_2_g++-4.6,0:04.89,6651904,1978368,1798144,100.0,0.0,1,2,0:04,0,12288,569344,0,190,0,1978368,294,2,278,14,0,13.0,1.5,0.0,85.5,0.0,0.0,0.0,0.0,15795.0 MiB,6159.9 MiB,1881.4 MiB,7753.7 MiB,4096.0 MiB,4092.2 MiB,3.8 MiB,13103.8 MiB,
g++-4.6,2013-04-12,nbody_50000000,nbody_2.c 50000000,5,1691067289,474712,nbody_2_g++-4.6,0:06.07,6651904,1978368,1798144,100.0,0.0,1,2,0:06,0,12288,569344,0,190,0,1978368,294,2,278,14,0,13.0,1.5,0.0,84.7,0.0,0.0,0.8,0.0,15795.0 MiB,6159.7 MiB,1881.6 MiB,7753.7 MiB,4096.0 MiB,4092.2 MiB,3.8 MiB,13103.5 MiB,
g++-4.6,2013-04-12,nbody_50000000,nbody_2.c 50000000,6,1691067290,474712,nbody_2_g++-4.6,0:07.25,6651904,1978368,1798144,100.0,0.0,1,2,0:07,0,12288,569344,0,190,0,1978368,294,2,278,14,0,13.0,1.5,0.0,85.5,0.0,0.0,0.0,0.0,15795.0 MiB,6159.9 MiB,1881.4 MiB,7753.7 MiB,4096.0 MiB,4092.2 MiB,3.8 MiB,13103.8 MiB,
g++-4.6,2013-04-12,nbody_50000000,nbody_2.c 50000000,7,1691067291,474712,nbody_2_g++-4.6,0:08.42,6651904,1978368,1798144,100.0,0.0,1,2,0:08,0,12288,569344,0,190,0,1978368,294,2,278,14,0,13.6,1.5,0.0,84.8,0.0,0.0,0.0,0.0,15795.0 MiB,6159.7 MiB,1881.6 MiB,7753.7 MiB,4096.0 MiB,4092.2 MiB,3.8 MiB,13103.5 MiB,
g++-4.6,2013-04-12,nbody_50000000,nbody_2.c 50000000,8,1691067292,474712,nbody_2_g++-4.6,0:09.60,6651904,1978368,1798144,93.8,0.0,1,2,0:09,0,12288,569344,0,190,0,1978368,294,2,278,14,0,13.6,0.8,0.0,85.6,0.0,0.0,0.0,0.0,15795.0 MiB,6159.2 MiB,1882.1 MiB,7753.7 MiB,4096.0 MiB,4092.2 MiB,3.8 MiB,13103.0 MiB,
g++-4.6,2013-04-12,nbody_50000000,nbody_2.c 50000000,9,1691067293,474712,nbody_2_g++-4.6,0:10.78,6651904,1978368,1798144,100.0,0.0,1,6,0:10,0,12288,569344,0,190,0,1978368,294,2,278,14,0,13.2,0.8,0.0,86.0,0.0,0.0,0.0,0.0,15795.0 MiB,6159.2 MiB,1882.1 MiB,7753.7 MiB,4096.0 MiB,4092.2 MiB,3.8 MiB,13103.0 MiB,
g++-4.6,2013-04-12,nbody_50000000,nbody_2.c 50000000,10,1691067294,474712,nbody_2_g++-4.6,0:11.96,6651904,1978368,1798144,93.8,0.0,1,6,0:11,0,12288,569344,0,190,0,1978368,294,2,278,14,0,13.7,0.8,0.0,85.5,0.0,0.0,0.0,0.0,15795.0 MiB,6159.0 MiB,1882.3 MiB,7753.7 MiB,4096.0 MiB,4092.2 MiB,3.8 MiB,13102.8 MiB,
g++-4.6,2013-04-12,nbody_50000000,nbody_2.c 50000000,11,1691067296,474712,nbody_2_g++-4.6,0:13.14,6651904,1978368,1798144,100.0,0.0,1,6,0:13,0,12288,569344,0,190,0,1978368,294,2,278,14,0,12.6,0.0,0.0,87.4,0.0,0.0,0.0,0.0,15795.0 MiB,6159.0 MiB,1882.3 MiB,7753.7 MiB,4096.0 MiB,4092.2 MiB,3.8 MiB,13102.8 MiB,
g++-4.6,2013-04-12,nbody_50000000,nbody_2.c 50000000,12,1691067297,474712,nbody_2_g++-4.6,0:14.32,6651904,1978368,1798144,100.0,0.0,1,6,0:14,0,12288,569344,0,190,0,1978368,294,2,278,14,0,13.7,0.8,0.0,85.5,0.0,0.0,0.0,0.0,15795.0 MiB,6159.0 MiB,1882.3 MiB,7753.7 MiB,4096.0 MiB,4092.2 MiB,3.8 MiB,13102.8 MiB,
g++-4.6,2013-04-12,nbody_50000000,nbody_2.c 50000000,13,1691067298,474712,nbody_2_g++-4.6,0:15.50,6651904,1978368,1798144,100.0,0.0,1,6,0:15,0,12288,569344,0,190,0,1978368,294,2,278,14,0,13.1,0.8,0.0,86.2,0.0,0.0,0.0,0.0,15795.0 MiB,6158.7 MiB,1882.5 MiB,7753.7 MiB,4096.0 MiB,4092.2 MiB,3.8 MiB,13102.6 MiB,
g++-4.6,2013-04-12,nbody_50000000,nbody_2.c 50000000,14,1691067299,474712,nbody_2_g++-4.6,0:16.68,6651904,1978368,1798144,100.0,0.0,1,6,0:16,0,12288,569344,0,190,0,1978368,294,2,278,14,0,13.2,0.0,0.0,86.8,0.0,0.0,0.0,0.0,15795.0 MiB,6158.5 MiB,1882.8 MiB,7753.7 MiB,4096.0 MiB,4092.2 MiB,3.8 MiB,13102.3 MiB,
g++-4.6,2013-04-12,nbody_50000000,nbody_2.c 50000000,15,1691067300,474712,nbody_2_g++-4.6,0:17.86,6651904,1978368,1798144,100.0,0.0,1,6,0:17,0,12288,569344,0,190,0,1978368,294,2,278,14,0,13.1,0.8,0.0,86.2,0.0,0.0,0.0,0.0,15795.0 MiB,6159.0 MiB,1882.3 MiB,7753.7 MiB,4096.0 MiB,4092.2 MiB,3.8 MiB,13102.8 MiB,
g++-4.6,2013-04-12,nbody_50000000,nbody_2.c 50000000,16,1691067302,474712,nbody_2_g++-4.6,0:19.04,6651904,1978368,1798144,100.0,0.0,1,2,0:19,0,12288,569344,0,190,0,1978368,294,2,278,14,0,13.2,0.0,0.0,86.8,0.0,0.0,0.0,0.0,15795.0 MiB,6159.2 MiB,1882.0 MiB,7753.7 MiB,4096.0 MiB,4092.2 MiB,3.8 MiB,13103.1 MiB,
g++-4.6,2013-04-12,nbody_50000000,nbody_2.c 50000000,17,1691067303,474712,nbody_2_g++-4.6,0:20.22,6651904,1978368,1798144,100.0,0.0,1,2,0:20,0,12288,569344,0,190,0,1978368,294,2,278,14,0,13.2,0.8,0.0,86.0,0.0,0.0,0.0,0.0,15795.0 MiB,6159.2 MiB,1882.0 MiB,7753.7 MiB,4096.0 MiB,4092.2 MiB,3.8 MiB,13103.1 MiB,
g++-4.6,2013-04-12,nbody_50000000,nbody_2.c 50000000,18,1691067304,474712,nbody_2_g++-4.6,0:21.39,6651904,1978368,1798144,100.0,0.0,1,2,0:21,0,12288,569344,0,190,0,1978368,294,2,278,14,0,12.4,0.8,0.0,86.8,0.0,0.0,0.0,0.0,15795.0 MiB,6159.5 MiB,1881.8 MiB,7753.7 MiB,4096.0 MiB,4092.2 MiB,3.8 MiB,13103.4 MiB,
g++-4.6,2013-04-12,nbody_50000000,nbody_2.c 50000000,19,1691067305,474712,nbody_2_g++-4.6,0:22.57,6651904,1978368,1798144,100.0,0.0,1,2,0:22,0,12288,569344,0,190,0,1978368,294,2,278,14,0,13.2,0.0,0.0,86.8,0.0,0.0,0.0,0.0,15795.0 MiB,6159.5 MiB,1881.8 MiB,7753.7 MiB,4096.0 MiB,4092.2 MiB,3.8 MiB,13103.4 MiB,
g++-4.6,2013-04-12,nbody_50000000,nbody_2.c 50000000,20,1691067306,474712,nbody_2_g++-4.6,0:23.76,6651904,1978368,1798144,100.0,0.0,1,2,0:23,0,12288,569344,0,190,0,1978368,294,2,278,14,0,13.3,1.5,0.0,85.2,0.0,0.0,0.0,0.0,15795.0 MiB,6159.2 MiB,1882.0 MiB,7753.7 MiB,4096.0 MiB,4092.2 MiB,3.8 MiB,13103.1 MiB,
g++-4.6,2013-04-12,nbody_50000000,nbody_2.c 50000000,21,1691067307,474712,nbody_2_g++-4.6,0:24.94,6651904,1978368,1798144,100.0,0.0,1,2,0:24,0,12288,569344,0,190,0,1978368,294,2,278,14,0,12.2,1.5,0.0,86.3,0.0,0.0,0.0,0.0,15795.0 MiB,6159.0 MiB,1882.2 MiB,7753.7 MiB,4096.0 MiB,4092.2 MiB,3.8 MiB,13102.9 MiB,
g++-4.6,2013-04-12,nbody_50000000,nbody_2.c 50000000,22,1691067309,474712,nbody_2_g++-4.6,0:26.11,6651904,1978368,1798144,93.8,0.0,1,6,0:26,0,12288,569344,0,190,0,1978368,294,2,278,14,0,12.5,0.0,0.0,87.5,0.0,0.0,0.0,0.0,15795.0 MiB,6158.5 MiB,1882.7 MiB,7753.7 MiB,4096.0 MiB,4092.2 MiB,3.8 MiB,13102.4 MiB,
g++-4.6,2013-04-12,nbody_50000000,nbody_2.c 50000000,23,1691067310,474712,nbody_2_g++-4.6,0:27.29,6651904,1978368,1798144,100.0,0.0,1,6,0:27,0,12288,569344,0,190,0,1978368,294,2,278,14,0,12.4,0.8,0.0,86.8,0.0,0.0,0.0,0.0,15795.0 MiB,6158.5 MiB,1882.7 MiB,7753.7 MiB,4096.0 MiB,4092.2 MiB,3.8 MiB,13102.4 MiB,
g++-4.6,2013-04-12,nbody_50000000,nbody_2.c 50000000,24,1691067311,474712,nbody_2_g++-4.6,0:28.47,6651904,1978368,1798144,100.0,0.0,1,2,0:28,0,12288,569344,0,190,0,1978368,294,2,278,14,0,13.6,1.5,0.0,84.8,0.0,0.0,0.0,0.0,15795.0 MiB,6158.0 MiB,1883.2 MiB,7753.7 MiB,4096.0 MiB,4092.2 MiB,3.8 MiB,13101.9 MiB,
g++-4.6,2013-04-12,nbody_50000000,nbody_2.c 50000000,25,1691067312,474712,nbody_2_g++-4.6,0:29.65,6651904,1978368,1798144,100.0,0.0,1,2,0:29,0,12288,569344,0,190,0,1978368,294,2,278,14,0,13.6,0.8,0.0,85.6,0.0,0.0,0.0,0.0,15795.0 MiB,6158.0 MiB,1883.2 MiB,7753.8 MiB,4096.0 MiB,4092.2 MiB,3.8 MiB,13101.9 MiB,
g++-4.6,2013-04-12,nbody_50000000,nbody_2.c 50000000,26,1691067313,474712,nbody_2_g++-4.6,0:30.84,6651904,1978368,1798144,93.8,0.0,1,2,0:30,0,12288,569344,0,190,0,1978368,294,2,278,14,0,13.6,0.8,0.0,85.6,0.0,0.0,0.0,0.0,15795.0 MiB,6158.2 MiB,1883.0 MiB,7753.8 MiB,4096.0 MiB,4092.2 MiB,3.8 MiB,13102.1 MiB,
g++-4.6,2013-04-12,nbody_50000000,nbody_2.c 50000000,27,1691067315,474712,nbody_2_g++-4.6,0:32.02,6651904,1978368,1798144,93.8,0.0,1,6,0:32,0,12288,569344,0,190,0,1978368,294,2,278,14,0,13.1,0.8,0.0,86.2,0.0,0.0,0.0,0.0,15795.0 MiB,6158.2 MiB,1883.0 MiB,7753.8 MiB,4096.0 MiB,4092.2 MiB,3.8 MiB,13102.1 MiB,
g++-4.6,2013-04-12,nbody_50000000,nbody_2.c 50000000,28,1691067316,474712,nbody_2_g++-4.6,0:33.20,6651904,1978368,1798144,100.0,0.0,1,6,0:33,0,12288,569344,0,190,0,1978368,294,2,278,14,0,12.4,0.8,0.0,86.8,0.0,0.0,0.0,0.0,15795.0 MiB,6158.2 MiB,1883.0 MiB,7753.8 MiB,4096.0 MiB,4092.2 MiB,3.8 MiB,13102.1 MiB,
g++-4.6,2013-04-12,nbody_50000000,nbody_2.c 50000000,29,1691067317,474712,nbody_2_g++-4.6,0:34.38,6651904,1978368,1798144,100.0,0.0,1,2,0:34,0,12288,569344,0,190,0,1978368,294,2,278,14,0,12.4,0.8,0.0,86.8,0.0,0.0,0.0,0.0,15795.0 MiB,6158.1 MiB,1883.2 MiB,7753.8 MiB,4096.0 MiB,4092.2 MiB,3.8 MiB,13102.0 MiB,
g++-4.6,2013-04-12,nbody_50000000,nbody_2.c 50000000,30,1691067318,474712,nbody_2_g++-4.6,0:35.56,6651904,1978368,1798144,100.0,0.0,1,2,0:35,0,12288,569344,0,190,0,1978368,294,2,278,14,0,12.4,0.8,0.0,86.8,0.0,0.0,0.0,0.0,15795.0 MiB,6158.1 MiB,1883.2 MiB,7753.8 MiB,4096.0 MiB,4092.2 MiB,3.8 MiB,13102.0 MiB,
g++-4.6,2013-04-12,nbody_50000000,nbody_2.c 50000000,31,1691067319,474712,nbody_2_g++-4.6,0:36.75,6651904,1978368,1798144,100.0,0.0,1,6,0:36,0,12288,569344,0,190,0,1978368,294,2,278,14,0,13.2,0.7,0.0,86.0,0.0,0.0,0.0,0.0,15795.0 MiB,6158.1 MiB,1883.2 MiB,7753.8 MiB,4096.0 MiB,4092.2 MiB,3.8 MiB,13102.0 MiB,
g++-4.6,2013-04-12,nbody_50000000,nbody_2.c 50000000,32,1691067320,474712,nbody_2_g++-4.6,0:37.93,6651904,1978368,1798144,100.0,0.0,1,6,0:37,0,12288,569344,0,190,0,1978368,294,2,278,14,0,13.6,1.5,0.0,84.8,0.0,0.0,0.0,0.0,15795.0 MiB,6157.8 MiB,1883.4 MiB,7753.8 MiB,4096.0 MiB,4092.2 MiB,3.8 MiB,13101.7 MiB,
g++-4.6,2013-04-12,nbody_50000000,nbody_2.c 50000000,33,1691067322,474712,nbody_2_g++-4.6,0:39.11,6651904,1978368,1798144,100.0,0.0,1,6,0:39,0,12288,569344,0,190,0,1978368,294,2,278,14,0,13.1,0.8,0.0,86.2,0.0,0.0,0.0,0.0,15795.0 MiB,6157.8 MiB,1883.4 MiB,7753.8 MiB,4096.0 MiB,4092.2 MiB,3.8 MiB,13101.7 MiB,
g++-4.6,2013-04-12,nbody_50000000,nbody_2.c 50000000,34,1691067323,474712,nbody_2_g++-4.6,0:40.29,6651904,1978368,1798144,100.0,0.0,1,6,0:40,0,12288,569344,0,190,0,1978368,294,2,278,14,0,12.9,1.5,0.0,85.6,0.0,0.0,0.0,0.0,15795.0 MiB,6157.8 MiB,1883.4 MiB,7753.8 MiB,4096.0 MiB,4092.2 MiB,3.8 MiB,13101.7 MiB,
g++-4.6,2013-04-12,nbody_50000000,nbody_2.c 50000000,35,1691067324,474712,nbody_2_g++-4.6,0:41.47,6651904,1978368,1798144,100.0,0.0,1,6,0:41,0,12288,569344,0,190,0,1978368,294,2,278,14,0,13.7,0.8,0.0,85.5,0.0,0.0,0.0,0.0,15795.0 MiB,6158.1 MiB,1883.1 MiB,7753.8 MiB,4096.0 MiB,4092.2 MiB,3.8 MiB,13102.0 MiB,
g++-4.6,2013-04-12,nbody_50000000,nbody_2.c 50000000,36,1691067325,474712,nbody_2_g++-4.6,0:42.64,6651904,1978368,1798144,100.0,0.0,1,2,0:42,0,12288,569344,0,190,0,1978368,295,2,279,14,0,12.5,0.8,0.0,86.7,0.0,0.0,0.0,0.0,15795.0 MiB,6157.8 MiB,1883.4 MiB,7753.8 MiB,4096.0 MiB,4092.2 MiB,3.8 MiB,13101.7 MiB,
g++-4.6,2013-04-12,nbody_50000000,nbody_2.c 50000000,37,1691067326,474712,nbody_2_g++-4.6,0:43.82,6651904,1978368,1798144,100.0,0.0,1,2,0:43,0,12288,569344,0,190,0,1978368,295,2,279,14,0,12.4,0.0,0.0,87.6,0.0,0.0,0.0,0.0,15795.0 MiB,6157.8 MiB,1883.4 MiB,7753.8 MiB,4096.0 MiB,4092.2 MiB,3.8 MiB,13101.7 MiB,
g++-4.6,2013-04-12,nbody_50000000,nbody_2.c 50000000,38,1691067327,474712,nbody_2_g++-4.6,0:45.00,6651904,1978368,1798144,100.0,0.0,1,2,0:45,0,12288,569344,0,190,0,1978368,295,2,279,14,0,13.1,0.8,0.0,86.2,0.0,0.0,0.0,0.0,15795.0 MiB,6157.6 MiB,1883.6 MiB,7753.8 MiB,4096.0 MiB,4092.2 MiB,3.8 MiB,13101.5 MiB,
g++-4.6,2013-04-12,nbody_50000000,nbody_2.c 50000000,39,1691067329,474712,nbody_2_g++-4.6,0:46.19,6651904,1978368,1798144,100.0,0.0,1,2,0:46,0,12288,569344,0,190,0,1978368,294,2,278,14,0,14.1,0.7,0.0,85.2,0.0,0.0,0.0,0.0,15795.0 MiB,6157.6 MiB,1883.6 MiB,7753.8 MiB,4096.0 MiB,4092.2 MiB,3.8 MiB,13101.5 MiB,
g++-4.6,2013-04-12,nbody_50000000,nbody_2.c 50000000,40,1691067330,474712,nbody_2_g++-4.6,0:47.37,6651904,1978368,1798144,100.0,0.0,1,2,0:47,0,12288,569344,0,190,0,1978368,294,2,278,14,0,13.2,0.0,0.0,86.8,0.0,0.0,0.0,0.0,15795.0 MiB,6157.6 MiB,1883.6 MiB,7753.8 MiB,4096.0 MiB,4092.2 MiB,3.8 MiB,13101.5 MiB,
g++-4.6,2013-04-12,nbody_50000000,nbody_2.c 50000000,41,1691067331,474712,nbody_2_g++-4.6,0:48.55,6651904,1978368,1798144,100.0,0.0,1,2,0:48,0,12288,569344,0,190,0,1978368,294,2,278,14,0,13.1,0.8,0.0,86.2,0.0,0.0,0.0,0.0,15795.0 MiB,6157.8 MiB,1883.4 MiB,7753.8 MiB,4096.0 MiB,4092.2 MiB,3.8 MiB,13101.7 MiB,
g++-4.6,2013-04-12,nbody_50000000,nbody_2.c 50000000,42,1691067332,474712,nbody_2_g++-4.6,0:49.74,6651904,1978368,1798144,100.0,0.0,1,2,0:49,0,12288,569344,0,190,0,1978368,294,2,278,14,0,14.2,0.7,0.0,85.1,0.0,0.0,0.0,0.0,15795.0 MiB,6157.6 MiB,1883.6 MiB,7753.8 MiB,4096.0 MiB,4092.2 MiB,3.8 MiB,13101.5 MiB,
g++-4.6,2013-04-12,nbody_50000000,nbody_2.c 50000000,43,1691067333,474712,nbody_2_g++-4.6,0:50.92,6651904,1978368,1798144,100.0,0.0,1,2,0:50,0,12288,569344,0,190,0,1978368,293,2,277,14,0,13.7,0.8,0.0,85.5,0.0,0.0,0.0,0.0,15795.0 MiB,6157.8 MiB,1883.4 MiB,7753.8 MiB,4096.0 MiB,4092.2 MiB,3.8 MiB,13101.7 MiB,
g++-4.6,2013-04-12,nbody_50000000,nbody_2.c 50000000,44,1691067335,474712,nbody_2_g++-4.6,0:52.10,6651904,1978368,1798144,100.0,0.0,1,2,0:52,0,12288,569344,0,190,0,1978368,293,2,277,14,0,13.1,0.8,0.0,86.2,0.0,0.0,0.0,0.0,15795.0 MiB,6157.6 MiB,1883.6 MiB,7753.8 MiB,4096.0 MiB,4092.2 MiB,3.8 MiB,13101.5 MiB,
g++-4.6,2013-04-12,nbody_50000000,nbody_2.c 50000000,45,1691067336,474712,nbody_2_g++-4.6,0:53.27,6651904,1978368,1798144,93.8,0.0,1,2,0:53,0,12288,569344,0,190,0,1978368,293,2,277,14,0,12.4,0.8,0.0,86.8,0.0,0.0,0.0,0.0,15795.0 MiB,6157.8 MiB,1883.4 MiB,7753.8 MiB,4096.0 MiB,4092.2 MiB,3.8 MiB,13101.8 MiB,
g++-4.6,2013-04-12,nbody_50000000,nbody_2.c 50000000,46,1691067337,474712,nbody_2_g++-4.6,0:54.45,6651904,1978368,1798144,93.8,0.0,1,6,0:54,0,12288,569344,0,190,0,1978368,293,2,277,14,0,12.5,0.0,0.0,87.5,0.0,0.0,0.0,0.0,15795.0 MiB,6157.8 MiB,1883.4 MiB,7753.8 MiB,4096.0 MiB,4092.2 MiB,3.8 MiB,13101.8 MiB,
g++-4.6,2013-04-12,nbody_50000000,nbody_2.c 50000000,47,1691067338,474712,nbody_2_g++-4.6,0:55.64,6651904,1978368,1798144,100.0,0.0,1,6,0:55,0,12288,569344,0,190,0,1978368,293,2,277,14,0,13.3,0.7,0.0,85.9,0.0,0.0,0.0,0.0,15795.0 MiB,6157.8 MiB,1883.4 MiB,7753.8 MiB,4096.0 MiB,4092.2 MiB,3.8 MiB,13101.8 MiB,
g++-4.6,2013-04-12,nbody_50000000,nbody_2.c 50000000,48,1691067339,474712,nbody_2_g++-4.6,0:56.82,6651904,1978368,1798144,100.0,0.0,1,6,0:56,0,12288,569344,0,190,0,1978368,293,2,277,14,0,13.1,0.8,0.0,86.2,0.0,0.0,0.0,0.0,15795.0 MiB,6157.3 MiB,1883.8 MiB,7753.8 MiB,4096.0 MiB,4092.2 MiB,3.8 MiB,13101.3 MiB,
g++-4.6,2013-04-12,nbody_50000000,nbody_2.c 50000000,49,1691067340,474712,nbody_2_g++-4.6,0:58.00,6651904,1978368,1798144,100.0,0.0,1,6,0:58,0,12288,569344,0,190,0,1978368,293,2,277,14,0,13.1,0.8,0.0,86.2,0.0,0.0,0.0,0.0,15795.0 MiB,6157.6 MiB,1883.6 MiB,7753.8 MiB,4096.0 MiB,4092.2 MiB,3.8 MiB,13101.5 MiB,
g++-4.6,2013-04-12,nbody_50000000,nbody_2.c 50000000,50,1691067342,474712,nbody_2_g++-4.6,0:59.18,6651904,1978368,1798144,100.0,0.0,1,2,0:59,0,12288,569344,0,190,0,1978368,293,2,277,14,0,13.0,0.8,0.0,86.3,0.0,0.0,0.0,0.0,15795.0 MiB,6157.6 MiB,1883.6 MiB,7753.8 MiB,4096.0 MiB,4092.2 MiB,3.8 MiB,13101.5 MiB,
g++-4.6,2013-04-12,nbody_50000000,nbody_2.c 50000000,51,1691067343,474712,nbody_2_g++-4.6,1:00.36,6651904,1978368,1798144,100.0,0.0,1,2,1:00,0,12288,569344,0,190,0,1978368,293,2,277,14,0,12.3,1.5,0.0,86.2,0.0,0.0,0.0,0.0,15795.0 MiB,6157.8 MiB,1883.4 MiB,7753.8 MiB,4096.0 MiB,4092.2 MiB,3.8 MiB,13101.8 MiB,
g++-4.6,2013-04-12,nbody_50000000,nbody_2.c 50000000,52,1691067344,474712,nbody_2_g++-4.6,1:01.55,6651904,1978368,1798144,94.1,0.0,1,2,1:01,0,12288,569344,0,190,0,1978368,293,2,277,14,0,14.6,1.5,0.0,83.9,0.0,0.0,0.0,0.0,15795.0 MiB,6157.8 MiB,1883.3 MiB,7753.8 MiB,4096.0 MiB,4092.2 MiB,3.8 MiB,13101.8 MiB,
g++-4.6,2013-04-12,nbody_50000000,nbody_2.c 50000000,53,1691067345,474712,nbody_2_g++-4.6,1:02.72,6651904,1978368,1798144,93.8,0.0,1,2,1:02,0,12288,569344,0,190,0,1978368,293,2,277,14,0,13.1,0.8,0.0,86.2,0.0,0.0,0.0,0.0,15795.0 MiB,6157.8 MiB,1883.3 MiB,7753.8 MiB,4096.0 MiB,4092.2 MiB,3.8 MiB,13101.8 MiB,
g++-4.6,2013-04-12,nbody_50000000,nbody_2.c 50000000,54,1691067346,474712,nbody_2_g++-4.6,1:03.90,6651904,1978368,1798144,93.8,0.0,1,2,1:03,0,12288,569344,0,190,0,1978368,293,2,277,14,0,12.4,0.8,0.0,86.8,0.0,0.0,0.0,0.0,15795.0 MiB,6158.1 MiB,1883.1 MiB,7753.8 MiB,4096.0 MiB,4092.2 MiB,3.8 MiB,13102.0 MiB,
g++-4.6,2013-04-12,nbody_50000000,nbody_2.c 50000000,55,1691067348,474712,nbody_2_g++-4.6,1:05.08,6651904,1978368,1798144,93.8,0.0,1,2,1:05,0,12288,569344,0,190,0,1978368,293,2,277,14,0,13.1,0.8,0.0,86.2,0.0,0.0,0.0,0.0,15795.0 MiB,6158.1 MiB,1883.1 MiB,7753.8 MiB,4096.0 MiB,4092.2 MiB,3.8 MiB,13102.0 MiB,
g++-4.6,2013-04-12,nbody_50000000,nbody_2.c 50000000,56,1691067349,474712,nbody_2_g++-4.6,1:06.26,6651904,1978368,1798144,93.8,0.0,1,2,1:06,0,12288,569344,0,190,0,1978368,293,2,277,14,0,13.1,0.8,0.0,86.2,0.0,0.0,0.0,0.0,15795.0 MiB,6158.6 MiB,1882.6 MiB,7753.8 MiB,4096.0 MiB,4092.2 MiB,3.8 MiB,13102.5 MiB,
g++-4.6,2013-04-12,nbody_50000000,nbody_2.c 50000000,57,1691067350,474712,nbody_2_g++-4.6,1:07.44,6651904,1978368,1798144,93.8,0.0,1,2,1:07,0,12288,569344,0,190,0,1978368,293,2,277,14,0,12.9,1.5,0.0,85.6,0.0,0.0,0.0,0.0,15795.0 MiB,6158.6 MiB,1882.6 MiB,7753.8 MiB,4096.0 MiB,4092.2 MiB,3.8 MiB,13102.5 MiB,
g++-4.6,2013-04-12,nbody_50000000,nbody_2.c 50000000,58,1691067351,474712,nbody_2_g++-4.6,1:08.62,6651904,1978368,1798144,93.8,0.0,1,2,1:08,0,12288,569344,0,190,0,1978368,293,2,277,14,0,13.1,0.8,0.0,86.2,0.0,0.0,0.0,0.0,15795.0 MiB,6158.6 MiB,1882.6 MiB,7753.8 MiB,4096.0 MiB,4092.2 MiB,3.8 MiB,13102.5 MiB,
g++-4.6,2013-04-12,nbody_50000000,nbody_2.c 50000000,59,1691067352,474712,nbody_2_g++-4.6,1:09.80,6651904,1978368,1798144,100.0,0.0,1,2,1:09,0,12288,569344,0,190,0,1978368,293,2,277,14,0,12.4,0.8,0.0,86.8,0.0,0.0,0.0,0.0,15795.0 MiB,6158.6 MiB,1882.6 MiB,7753.8 MiB,4096.0 MiB,4092.2 MiB,3.8 MiB,13102.5 MiB,
g++-4.6,2013-04-12,nbody_50000000,nbody_2.c 50000000,60,1691067353,474712,nbody_2_g++-4.6,1:10.98,6651904,1978368,1798144,100.0,0.0,1,2,1:10,0,12288,569344,0,190,0,1978368,293,2,277,14,0,12.4,0.8,0.0,86.8,0.0,0.0,0.0,0.0,15795.0 MiB,6158.3 MiB,1882.8 MiB,7753.8 MiB,4096.0 MiB,4092.2 MiB,3.8 MiB,13102.3 MiB,
g++-4.6,2013-04-12,nbody_50000000,nbody_2.c 50000000,61,1691067355,474712,nbody_2_g++-4.6,1:12.16,6651904,1978368,1798144,100.0,0.0,1,2,1:12,0,12288,569344,0,190,0,1978368,293,2,277,14,0,13.7,0.8,0.0,85.5,0.0,0.0,0.0,0.0,15795.0 MiB,6158.3 MiB,1882.8 MiB,7753.8 MiB,4096.0 MiB,4092.2 MiB,3.8 MiB,13102.3 MiB,
g++-4.6,2013-04-12,nbody_50000000,nbody_2.c 50000000,62,1691067356,474712,nbody_2_g++-4.6,1:13.36,6651904,1978368,1798144,100.0,0.0,1,2,1:13,0,12288,569344,0,190,0,1978368,293,2,277,14,0,13.5,1.4,0.0,85.1,0.0,0.0,0.0,0.0,15795.0 MiB,6158.3 MiB,1882.8 MiB,7753.8 MiB,4096.0 MiB,4092.2 MiB,3.8 MiB,13102.3 MiB,
g++-4.6,2013-04-12,nbody_50000000,nbody_2.c 50000000,63,1691067357,474712,nbody_2_g++-4.6,1:14.53,6651904,1978368,1798144,93.8,0.0,1,6,1:14,0,12288,569344,0,190,0,1978368,293,2,277,14,0,13.1,0.0,0.0,86.9,0.0,0.0,0.0,0.0,15795.0 MiB,6157.3 MiB,1883.8 MiB,7753.8 MiB,4096.0 MiB,4092.2 MiB,3.8 MiB,13101.3 MiB,
g++-4.6,2013-04-12,nbody_50000000,nbody_2.c 50000000,64,1691067358,474712,nbody_2_g++-4.6,1:15.71,6651904,1978368,1798144,93.8,0.0,1,6,1:15,0,12288,569344,0,190,0,1978368,293,2,277,14,0,12.4,0.8,0.0,86.8,0.0,0.0,0.0,0.0,15795.0 MiB,6157.3 MiB,1883.8 MiB,7753.8 MiB,4096.0 MiB,4092.2 MiB,3.8 MiB,13101.3 MiB,
g++-4.7,2014-06-12,nbody_50000000,nbody_2.c 50000000,0,1691067480,475175,nbody_2_g++-4.7,0:00.18,6651904,1953792,1773568,100.0,0.0,1,1,0:00,0,12288,569344,0,197,0,1953792,294,2,278,14,0,14.9,1.5,0.0,83.6,0.0,0.0,0.0,0.0,15795.0 MiB,6158.6 MiB,1874.6 MiB,7761.8 MiB,4096.0 MiB,4092.2 MiB,3.8 MiB,13102.7 MiB,
g++-4.7,2014-06-12,nbody_50000000,nbody_2.c 50000000,1,1691067481,475175,nbody_2_g++-4.7,0:01.36,6651904,1953792,1773568,100.0,0.0,1,5,0:01,0,12288,569344,0,197,0,1953792,294,2,278,14,0,13.7,0.8,0.0,85.5,0.0,0.0,0.0,0.0,15795.0 MiB,6158.1 MiB,1874.9 MiB,7762.0 MiB,4096.0 MiB,4092.2 MiB,3.8 MiB,13102.2 MiB,
g++-4.7,2014-06-12,nbody_50000000,nbody_2.c 50000000,2,1691067482,475175,nbody_2_g++-4.7,0:02.54,6651904,1953792,1773568,100.0,0.0,1,5,0:02,0,12288,569344,0,197,0,1953792,294,2,278,14,0,13.8,0.8,0.0,85.4,0.0,0.0,0.0,0.0,15795.0 MiB,6165.4 MiB,1875.5 MiB,7754.0 MiB,4096.0 MiB,4092.2 MiB,3.8 MiB,13109.6 MiB,
g++-4.7,2014-06-12,nbody_50000000,nbody_2.c 50000000,3,1691067483,475175,nbody_2_g++-4.7,0:03.72,6651904,1953792,1773568,100.0,0.0,1,5,0:03,0,12288,569344,0,197,0,1953792,294,2,278,14,0,12.4,0.8,0.0,86.8,0.0,0.0,0.0,0.0,15795.0 MiB,6165.7 MiB,1875.2 MiB,7754.0 MiB,4096.0 MiB,4092.2 MiB,3.8 MiB,13109.9 MiB,
g++-4.7,2014-06-12,nbody_50000000,nbody_2.c 50000000,4,1691067484,475175,nbody_2_g++-4.7,0:04.90,6651904,1953792,1773568,100.0,0.0,1,5,0:04,0,12288,569344,0,197,0,1953792,294,2,278,14,0,13.2,0.8,0.0,86.0,0.0,0.0,0.0,0.0,15795.0 MiB,6165.0 MiB,1876.0 MiB,7754.0 MiB,4096.0 MiB,4092.2 MiB,3.8 MiB,13109.1 MiB,
g++-4.7,2014-06-12,nbody_50000000,nbody_2.c 50000000,5,1691067486,475175,nbody_2_g++-4.7,0:06.08,6651904,1953792,1773568,100.0,0.0,1,5,0:06,0,12288,569344,0,197,0,1953792,294,2,278,14,0,13.0,1.5,0.0,85.5,0.0,0.0,0.0,0.0,15795.0 MiB,6165.2 MiB,1875.7 MiB,7754.0 MiB,4096.0 MiB,4092.2 MiB,3.8 MiB,13109.4 MiB,
g++-4.7,2014-06-12,nbody_50000000,nbody_2.c 50000000,6,1691067487,475175,nbody_2_g++-4.7,0:07.26,6651904,1953792,1773568,100.0,0.0,1,5,0:07,0,12288,569344,0,197,0,1953792,294,2,278,14,0,13.1,0.8,0.0,86.2,0.0,0.0,0.0,0.0,15795.0 MiB,6165.4 MiB,1875.5 MiB,7754.0 MiB,4096.0 MiB,4092.2 MiB,3.8 MiB,13109.6 MiB,
g++-4.7,2014-06-12,nbody_50000000,nbody_2.c 50000000,7,1691067488,475175,nbody_2_g++-4.7,0:08.43,6651904,1953792,1773568,100.0,0.0,1,1,0:08,0,12288,569344,0,197,0,1953792,294,2,278,14,0,12.4,0.8,0.0,86.8,0.0,0.0,0.0,0.0,15795.0 MiB,6165.0 MiB,1876.0 MiB,7754.1 MiB,4096.0 MiB,4092.2 MiB,3.8 MiB,13109.1 MiB,
g++-4.7,2014-06-12,nbody_50000000,nbody_2.c 50000000,8,1691067489,475175,nbody_2_g++-4.7,0:09.61,6651904,1953792,1773568,93.8,0.0,1,1,0:09,0,12288,569344,0,197,0,1953792,294,2,278,14,0,12.5,0.0,0.0,87.5,0.0,0.0,0.0,0.0,15795.0 MiB,6164.5 MiB,1876.4 MiB,7754.1 MiB,4096.0 MiB,4092.2 MiB,3.8 MiB,13108.7 MiB,
g++-4.7,2014-06-12,nbody_50000000,nbody_2.c 50000000,9,1691067490,475175,nbody_2_g++-4.7,0:10.79,6651904,1953792,1773568,93.8,0.0,1,1,0:10,0,12288,569344,0,197,0,1953792,294,2,278,14,0,13.7,0.8,0.0,85.5,0.0,0.0,0.0,0.0,15795.0 MiB,6164.5 MiB,1876.4 MiB,7754.1 MiB,4096.0 MiB,4092.2 MiB,3.8 MiB,13108.7 MiB,
g++-4.7,2014-06-12,nbody_50000000,nbody_2.c 50000000,10,1691067491,475175,nbody_2_g++-4.7,0:11.97,6651904,1953792,1773568,100.0,0.0,1,5,0:11,0,12288,569344,0,197,0,1953792,294,2,278,14,0,13.7,1.5,0.0,84.7,0.0,0.0,0.0,0.0,15795.0 MiB,6164.5 MiB,1876.4 MiB,7754.1 MiB,4096.0 MiB,4092.2 MiB,3.8 MiB,13108.7 MiB,
g++-4.7,2014-06-12,nbody_50000000,nbody_2.c 50000000,11,1691067493,475175,nbody_2_g++-4.7,0:13.15,6651904,1953792,1773568,100.0,0.0,1,5,0:13,0,12288,569344,0,197,0,1953792,294,2,278,14,0,12.4,0.8,0.0,86.8,0.0,0.0,0.0,0.0,15795.0 MiB,6164.0 MiB,1876.9 MiB,7754.1 MiB,4096.0 MiB,4092.2 MiB,3.8 MiB,13108.2 MiB,
g++-4.7,2014-06-12,nbody_50000000,nbody_2.c 50000000,12,1691067494,475175,nbody_2_g++-4.7,0:14.33,6651904,1953792,1773568,100.0,0.0,1,5,0:14,0,12288,569344,0,197,0,1953792,294,2,278,14,0,13.0,0.8,0.0,86.3,0.0,0.0,0.0,0.0,15795.0 MiB,6163.7 MiB,1877.2 MiB,7754.1 MiB,4096.0 MiB,4092.2 MiB,3.8 MiB,13107.9 MiB,
g++-4.7,2014-06-12,nbody_50000000,nbody_2.c 50000000,13,1691067495,475175,nbody_2_g++-4.7,0:15.51,6651904,1953792,1773568,94.1,0.0,1,1,0:15,0,12288,569344,0,197,0,1953792,294,2,278,14,0,13.9,1.5,0.0,84.7,0.0,0.0,0.0,0.0,15795.0 MiB,6163.5 MiB,1877.4 MiB,7754.1 MiB,4096.0 MiB,4092.2 MiB,3.8 MiB,13107.7 MiB,
g++-4.7,2014-06-12,nbody_50000000,nbody_2.c 50000000,14,1691067496,475175,nbody_2_g++-4.7,0:16.68,6651904,1953792,1773568,100.0,0.0,1,1,0:16,0,12288,569344,0,197,0,1953792,294,2,278,14,0,12.5,0.8,0.0,86.7,0.0,0.0,0.0,0.0,15795.0 MiB,6163.5 MiB,1877.4 MiB,7754.1 MiB,4096.0 MiB,4092.2 MiB,3.8 MiB,13107.7 MiB,
g++-4.7,2014-06-12,nbody_50000000,nbody_2.c 50000000,15,1691067497,475175,nbody_2_g++-4.7,0:17.87,6651904,1953792,1773568,100.0,0.0,1,1,0:17,0,12288,569344,0,197,0,1953792,294,2,278,14,0,14.0,0.7,0.0,85.3,0.0,0.0,0.0,0.0,15795.0 MiB,6163.5 MiB,1877.4 MiB,7754.1 MiB,4096.0 MiB,4092.2 MiB,3.8 MiB,13107.7 MiB,
g++-4.7,2014-06-12,nbody_50000000,nbody_2.c 50000000,16,1691067499,475175,nbody_2_g++-4.7,0:19.05,6651904,1953792,1773568,100.0,0.0,1,1,0:19,0,12288,569344,0,197,0,1953792,294,2,278,14,0,13.6,1.5,0.0,84.8,0.0,0.0,0.0,0.0,15795.0 MiB,6163.2 MiB,1877.7 MiB,7754.1 MiB,4096.0 MiB,4092.2 MiB,3.8 MiB,13107.5 MiB,
g++-4.7,2014-06-12,nbody_50000000,nbody_2.c 50000000,17,1691067500,475175,nbody_2_g++-4.7,0:20.23,6651904,1953792,1773568,100.0,0.0,1,1,0:20,0,12288,569344,0,197,0,1953792,294,2,278,14,0,12.4,0.8,0.0,86.8,0.0,0.0,0.0,0.0,15795.0 MiB,6163.0 MiB,1877.9 MiB,7754.1 MiB,4096.0 MiB,4092.2 MiB,3.8 MiB,13107.2 MiB,
g++-4.7,2014-06-12,nbody_50000000,nbody_2.c 50000000,18,1691067501,475175,nbody_2_g++-4.7,0:21.41,6651904,1953792,1773568,100.0,0.0,1,1,0:21,0,12288,569344,0,197,0,1953792,294,2,278,14,0,13.7,0.8,0.0,85.5,0.0,0.0,0.0,0.0,15795.0 MiB,6163.0 MiB,1877.9 MiB,7754.1 MiB,4096.0 MiB,4092.2 MiB,3.8 MiB,13107.2 MiB,
g++-4.7,2014-06-12,nbody_50000000,nbody_2.c 50000000,19,1691067502,475175,nbody_2_g++-4.7,0:22.59,6651904,1953792,1773568,100.0,0.0,1,1,0:22,0,12288,569344,0,197,0,1953792,294,2,278,14,0,12.4,0.0,0.0,87.6,0.0,0.0,0.0,0.0,15795.0 MiB,6162.5 MiB,1878.4 MiB,7754.1 MiB,4096.0 MiB,4092.2 MiB,3.8 MiB,13106.7 MiB,
g++-4.7,2014-06-12,nbody_50000000,nbody_2.c 50000000,20,1691067503,475175,nbody_2_g++-4.7,0:23.77,6651904,1953792,1773568,100.0,0.0,1,1,0:23,0,12288,569344,0,197,0,1953792,294,2,278,14,0,12.4,0.8,0.0,86.8,0.0,0.0,0.0,0.0,15795.0 MiB,6162.3 MiB,1878.6 MiB,7754.1 MiB,4096.0 MiB,4092.2 MiB,3.8 MiB,13106.5 MiB,
g++-4.7,2014-06-12,nbody_50000000,nbody_2.c 50000000,21,1691067504,475175,nbody_2_g++-4.7,0:24.95,6651904,1953792,1773568,100.0,0.0,1,1,0:24,0,12288,569344,0,197,0,1953792,294,2,278,14,0,12.3,1.5,0.0,86.2,0.0,0.0,0.0,0.0,15795.0 MiB,6162.3 MiB,1878.6 MiB,7754.1 MiB,4096.0 MiB,4092.2 MiB,3.8 MiB,13106.5 MiB,
g++-4.7,2014-06-12,nbody_50000000,nbody_2.c 50000000,22,1691067506,475175,nbody_2_g++-4.7,0:26.13,6651904,1953792,1773568,100.0,0.0,1,1,0:26,0,12288,569344,0,197,0,1953792,294,2,278,14,0,13.0,0.8,0.0,86.3,0.0,0.0,0.0,0.0,15795.0 MiB,6162.8 MiB,1878.1 MiB,7754.1 MiB,4096.0 MiB,4092.2 MiB,3.8 MiB,13107.0 MiB,
g++-4.7,2014-06-12,nbody_50000000,nbody_2.c 50000000,23,1691067507,475175,nbody_2_g++-4.7,0:27.30,6651904,1953792,1773568,100.0,0.0,1,1,0:27,0,12288,569344,0,197,0,1953792,294,2,278,14,0,13.2,0.0,0.0,86.8,0.0,0.0,0.0,0.0,15795.0 MiB,6162.5 MiB,1878.4 MiB,7754.1 MiB,4096.0 MiB,4092.2 MiB,3.8 MiB,13106.7 MiB,
g++-4.7,2014-06-12,nbody_50000000,nbody_2.c 50000000,24,1691067508,475175,nbody_2_g++-4.7,0:28.48,6651904,1953792,1773568,100.0,0.0,1,5,0:28,0,12288,569344,0,197,0,1953792,294,2,278,14,0,12.4,0.8,0.0,86.8,0.0,0.0,0.0,0.0,15795.0 MiB,6162.5 MiB,1878.4 MiB,7754.1 MiB,4096.0 MiB,4092.2 MiB,3.8 MiB,13106.7 MiB,
g++-4.7,2014-06-12,nbody_50000000,nbody_2.c 50000000,25,1691067509,475175,nbody_2_g++-4.7,0:29.66,6651904,1953792,1773568,100.0,0.0,1,1,0:29,0,12288,569344,0,197,0,1953792,294,2,278,14,0,13.7,0.8,0.0,85.5,0.0,0.0,0.0,0.0,15795.0 MiB,6162.8 MiB,1878.1 MiB,7754.1 MiB,4096.0 MiB,4092.2 MiB,3.8 MiB,13107.0 MiB,
g++-4.7,2014-06-12,nbody_50000000,nbody_2.c 50000000,26,1691067510,475175,nbody_2_g++-4.7,0:30.84,6651904,1953792,1773568,100.0,0.0,1,1,0:30,0,12288,569344,0,197,0,1953792,294,2,278,14,0,12.4,0.8,0.0,86.8,0.0,0.0,0.0,0.0,15795.0 MiB,6163.0 MiB,1877.9 MiB,7754.1 MiB,4096.0 MiB,4092.2 MiB,3.8 MiB,13107.2 MiB,
g++-4.7,2014-06-12,nbody_50000000,nbody_2.c 50000000,27,1691067512,475175,nbody_2_g++-4.7,0:32.03,6651904,1953792,1773568,100.0,0.0,1,1,0:32,0,12288,569344,0,197,0,1953792,294,2,278,14,0,13.3,0.7,0.0,85.9,0.0,0.0,0.0,0.0,15795.0 MiB,6163.0 MiB,1877.9 MiB,7754.1 MiB,4096.0 MiB,4092.2 MiB,3.8 MiB,13107.2 MiB,
g++-4.7,2014-06-12,nbody_50000000,nbody_2.c 50000000,28,1691067513,475175,nbody_2_g++-4.7,0:33.21,6651904,1953792,1773568,100.0,0.0,1,1,0:33,0,12288,569344,0,197,0,1953792,294,2,278,14,0,13.7,0.8,0.0,85.5,0.0,0.0,0.0,0.0,15795.0 MiB,6163.0 MiB,1877.9 MiB,7754.1 MiB,4096.0 MiB,4092.2 MiB,3.8 MiB,13107.2 MiB,
g++-4.7,2014-06-12,nbody_50000000,nbody_2.c 50000000,29,1691067514,475175,nbody_2_g++-4.7,0:34.39,6651904,1953792,1773568,88.2,0.0,1,1,0:34,0,12288,569344,0,197,0,1953792,294,2,278,14,0,13.4,0.7,0.0,85.8,0.0,0.0,0.0,0.0,15795.0 MiB,6163.0 MiB,1877.9 MiB,7754.1 MiB,4096.0 MiB,4092.2 MiB,3.8 MiB,13107.3 MiB,
g++-4.7,2014-06-12,nbody_50000000,nbody_2.c 50000000,30,1691067515,475175,nbody_2_g++-4.7,0:35.57,6651904,1953792,1773568,93.8,0.0,1,1,0:35,0,12288,569344,0,197,0,1953792,294,2,278,14,0,13.0,1.5,0.0,85.5,0.0,0.0,0.0,0.0,15795.0 MiB,6163.5 MiB,1877.4 MiB,7754.1 MiB,4096.0 MiB,4092.2 MiB,3.8 MiB,13107.8 MiB,
g++-4.7,2014-06-12,nbody_50000000,nbody_2.c 50000000,31,1691067516,475175,nbody_2_g++-4.7,0:36.75,6651904,1953792,1773568,100.0,0.0,1,1,0:36,0,12288,569344,0,197,0,1953792,294,2,278,14,0,13.0,1.5,0.0,85.5,0.0,0.0,0.0,0.0,15795.0 MiB,6163.5 MiB,1877.3 MiB,7754.1 MiB,4096.0 MiB,4092.2 MiB,3.8 MiB,13107.8 MiB,
g++-4.7,2014-06-12,nbody_50000000,nbody_2.c 50000000,32,1691067517,475175,nbody_2_g++-4.7,0:37.93,6651904,1953792,1773568,100.0,0.0,1,1,0:37,0,12288,569344,0,197,0,1953792,295,2,279,14,0,12.9,1.5,0.0,85.6,0.0,0.0,0.0,0.0,15795.0 MiB,6163.5 MiB,1877.3 MiB,7754.1 MiB,4096.0 MiB,4092.2 MiB,3.8 MiB,13107.8 MiB,
g++-4.7,2014-06-12,nbody_50000000,nbody_2.c 50000000,33,1691067519,475175,nbody_2_g++-4.7,0:39.11,6651904,1953792,1773568,100.0,0.0,1,1,0:39,0,12288,569344,0,197,0,1953792,295,2,279,14,0,12.4,0.8,0.0,86.8,0.0,0.0,0.0,0.0,15795.0 MiB,6163.5 MiB,1877.3 MiB,7754.2 MiB,4096.0 MiB,4092.2 MiB,3.8 MiB,13107.8 MiB,
g++-4.7,2014-06-12,nbody_50000000,nbody_2.c 50000000,34,1691067520,475175,nbody_2_g++-4.7,0:40.29,6651904,1953792,1773568,100.0,0.0,1,5,0:40,0,12288,569344,0,197,0,1953792,295,2,279,14,0,12.4,1.6,0.0,86.0,0.0,0.0,0.0,0.0,15795.0 MiB,6163.5 MiB,1877.3 MiB,7754.2 MiB,4096.0 MiB,4092.2 MiB,3.8 MiB,13107.8 MiB,
g++-4.7,2014-06-12,nbody_50000000,nbody_2.c 50000000,35,1691067521,475175,nbody_2_g++-4.7,0:41.48,6651904,1953792,1773568,100.0,0.0,1,5,0:41,0,12288,569344,0,197,0,1953792,294,2,278,14,0,13.3,0.7,0.0,85.9,0.0,0.0,0.0,0.0,15795.0 MiB,6163.5 MiB,1877.3 MiB,7754.2 MiB,4096.0 MiB,4092.2 MiB,3.8 MiB,13107.8 MiB,
g++-4.7,2014-06-12,nbody_50000000,nbody_2.c 50000000,36,1691067522,475175,nbody_2_g++-4.7,0:42.66,6651904,1953792,1773568,100.0,0.0,1,5,0:42,0,12288,569344,0,197,0,1953792,294,2,278,14,0,12.9,1.5,0.0,85.6,0.0,0.0,0.0,0.0,15795.0 MiB,6163.5 MiB,1877.3 MiB,7754.2 MiB,4096.0 MiB,4092.2 MiB,3.8 MiB,13107.8 MiB,
g++-4.7,2014-06-12,nbody_50000000,nbody_2.c 50000000,37,1691067523,475175,nbody_2_g++-4.7,0:43.84,6651904,1953792,1773568,100.0,0.0,1,1,0:43,0,12288,569344,0,197,0,1953792,294,2,278,14,0,13.1,0.8,0.0,86.2,0.0,0.0,0.0,0.0,15795.0 MiB,6163.5 MiB,1877.3 MiB,7754.2 MiB,4096.0 MiB,4092.2 MiB,3.8 MiB,13107.8 MiB,
g++-4.7,2014-06-12,nbody_50000000,nbody_2.c 50000000,38,1691067525,475175,nbody_2_g++-4.7,0:45.02,6651904,1953792,1773568,100.0,0.0,1,1,0:45,0,12288,569344,0,197,0,1953792,294,2,278,14,0,13.7,0.8,0.0,85.5,0.0,0.0,0.0,0.0,15795.0 MiB,6163.5 MiB,1877.3 MiB,7754.2 MiB,4096.0 MiB,4092.2 MiB,3.8 MiB,13107.8 MiB,
g++-4.7,2014-06-12,nbody_50000000,nbody_2.c 50000000,39,1691067526,475175,nbody_2_g++-4.7,0:46.20,6651904,1953792,1773568,100.0,0.0,1,1,0:46,0,12288,569344,0,197,0,1953792,294,2,278,14,0,13.1,0.8,0.0,86.2,0.0,0.0,0.0,0.0,15795.0 MiB,6163.0 MiB,1877.8 MiB,7754.2 MiB,4096.0 MiB,4092.2 MiB,3.8 MiB,13107.3 MiB,
g++-4.7,2014-06-12,nbody_50000000,nbody_2.c 50000000,40,1691067527,475175,nbody_2_g++-4.7,0:47.38,6651904,1953792,1773568,100.0,0.0,1,1,0:47,0,12288,569344,0,197,0,1953792,295,2,279,14,0,13.2,0.0,0.0,86.8,0.0,0.0,0.0,0.0,15795.0 MiB,6163.5 MiB,1877.3 MiB,7754.2 MiB,4096.0 MiB,4092.2 MiB,3.8 MiB,13107.8 MiB,
g++-4.7,2014-06-12,nbody_50000000,nbody_2.c 50000000,41,1691067528,475175,nbody_2_g++-4.7,0:48.56,6651904,1953792,1773568,100.0,0.0,1,5,0:48,0,12288,569344,0,197,0,1953792,295,2,279,14,0,13.7,0.8,0.0,85.5,0.0,0.0,0.0,0.0,15795.0 MiB,6163.5 MiB,1877.3 MiB,7754.2 MiB,4096.0 MiB,4092.2 MiB,3.8 MiB,13107.8 MiB,
g++-4.7,2014-06-12,nbody_50000000,nbody_2.c 50000000,42,1691067529,475175,nbody_2_g++-4.7,0:49.74,6651904,1953792,1773568,100.0,0.0,1,5,0:49,0,12288,569344,0,197,0,1953792,295,2,279,14,0,13.0,1.5,0.0,85.5,0.0,0.0,0.0,0.0,15795.0 MiB,6163.3 MiB,1877.5 MiB,7754.2 MiB,4096.0 MiB,4092.2 MiB,3.8 MiB,13107.6 MiB,
g++-4.7,2014-06-12,nbody_50000000,nbody_2.c 50000000,43,1691067530,475175,nbody_2_g++-4.7,0:50.92,6651904,1953792,1773568,100.0,0.0,1,1,0:50,0,12288,569344,0,197,0,1953792,294,2,278,14,0,13.0,1.5,0.0,85.5,0.0,0.0,0.0,0.0,15795.0 MiB,6163.0 MiB,1877.8 MiB,7754.2 MiB,4096.0 MiB,4092.2 MiB,3.8 MiB,13107.4 MiB,
g++-4.7,2014-06-12,nbody_50000000,nbody_2.c 50000000,44,1691067532,475175,nbody_2_g++-4.7,0:52.09,6651904,1953792,1773568,93.8,0.0,1,1,0:52,0,12288,569344,0,197,0,1953792,294,2,278,14,0,12.4,0.8,0.0,86.8,0.0,0.0,0.0,0.0,15795.0 MiB,6163.0 MiB,1877.8 MiB,7754.2 MiB,4096.0 MiB,4092.2 MiB,3.8 MiB,13107.4 MiB,
g++-4.7,2014-06-12,nbody_50000000,nbody_2.c 50000000,45,1691067533,475175,nbody_2_g++-4.7,0:53.27,6651904,1953792,1773568,93.8,0.0,1,1,0:53,0,12288,569344,0,197,0,1953792,294,2,278,14,0,13.1,0.8,0.0,86.2,0.0,0.0,0.0,0.0,15795.0 MiB,6162.5 MiB,1878.2 MiB,7754.2 MiB,4096.0 MiB,4092.2 MiB,3.8 MiB,13106.9 MiB,
g++-4.7,2014-06-12,nbody_50000000,nbody_2.c 50000000,46,1691067534,475175,nbody_2_g++-4.7,0:54.46,6651904,1953792,1773568,100.0,0.0,1,1,0:54,0,12288,569344,0,197,0,1953792,294,2,278,14,0,13.9,1.5,0.0,84.7,0.0,0.0,0.0,0.0,15795.0 MiB,6162.5 MiB,1878.2 MiB,7754.2 MiB,4096.0 MiB,4092.2 MiB,3.8 MiB,13106.9 MiB,
g++-4.7,2014-06-12,nbody_50000000,nbody_2.c 50000000,47,1691067535,475175,nbody_2_g++-4.7,0:55.64,6651904,1953792,1773568,100.0,0.0,1,1,0:55,0,12288,569344,0,197,0,1953792,294,2,278,14,0,13.1,0.8,0.0,86.2,0.0,0.0,0.0,0.0,15795.0 MiB,6162.0 MiB,1878.7 MiB,7754.2 MiB,4096.0 MiB,4092.2 MiB,3.8 MiB,13106.4 MiB,
g++-4.7,2014-06-12,nbody_50000000,nbody_2.c 50000000,48,1691067536,475175,nbody_2_g++-4.7,0:56.82,6651904,1953792,1773568,100.0,0.0,1,1,0:56,0,12288,569344,0,197,0,1953792,294,2,278,14,0,13.3,0.7,0.0,85.9,0.0,0.0,0.0,0.0,15795.0 MiB,6162.0 MiB,1878.7 MiB,7754.2 MiB,4096.0 MiB,4092.2 MiB,3.8 MiB,13106.4 MiB,
g++-4.7,2014-06-12,nbody_50000000,nbody_2.c 50000000,49,1691067538,475175,nbody_2_g++-4.7,0:58.00,6651904,1953792,1773568,93.8,0.0,1,1,0:58,0,12288,569344,0,197,0,1953792,294,2,278,14,0,12.4,0.8,0.0,86.8,0.0,0.0,0.0,0.0,15795.0 MiB,6161.8 MiB,1879.0 MiB,7754.2 MiB,4096.0 MiB,4092.2 MiB,3.8 MiB,13106.2 MiB,
g++-4.7,2014-06-12,nbody_50000000,nbody_2.c 50000000,50,1691067539,475175,nbody_2_g++-4.7,0:59.18,6651904,1953792,1773568,93.8,0.0,1,5,0:59,0,12288,569344,0,197,0,1953792,294,2,278,14,0,13.2,0.0,0.0,86.8,0.0,0.0,0.0,0.0,15795.0 MiB,6161.8 MiB,1878.9 MiB,7754.3 MiB,4096.0 MiB,4092.2 MiB,3.8 MiB,13106.2 MiB,
g++-4.7,2014-06-12,nbody_50000000,nbody_2.c 50000000,51,1691067540,475175,nbody_2_g++-4.7,1:00.36,6651904,1953792,1773568,93.8,0.0,1,5,1:00,0,12288,569344,0,197,0,1953792,295,2,279,14,0,13.7,0.8,0.0,85.5,0.0,0.0,0.0,0.0,15795.0 MiB,6161.8 MiB,1879.1 MiB,7754.1 MiB,4096.0 MiB,4092.2 MiB,3.8 MiB,13106.2 MiB,
g++-4.7,2014-06-12,nbody_50000000,nbody_2.c 50000000,52,1691067541,475175,nbody_2_g++-4.7,1:01.54,6651904,1953792,1773568,93.8,0.0,1,5,1:01,0,12288,569344,0,197,0,1953792,295,2,279,14,0,13.2,0.8,0.0,86.0,0.0,0.0,0.0,0.0,15795.0 MiB,6161.8 MiB,1879.1 MiB,7754.1 MiB,4096.0 MiB,4092.2 MiB,3.8 MiB,13106.2 MiB,
g++-4.7,2014-06-12,nbody_50000000,nbody_2.c 50000000,53,1691067542,475175,nbody_2_g++-4.7,1:02.72,6651904,1953792,1773568,100.0,0.0,1,1,1:02,0,12288,569344,0,197,0,1953792,295,2,279,14,0,13.2,0.0,0.0,86.8,0.0,0.0,0.0,0.0,15795.0 MiB,6161.3 MiB,1879.6 MiB,7754.1 MiB,4096.0 MiB,4092.2 MiB,3.8 MiB,13105.7 MiB,
g++-4.7,2014-06-12,nbody_50000000,nbody_2.c 50000000,54,1691067543,475175,nbody_2_g++-4.7,1:03.90,6651904,1953792,1773568,100.0,0.0,1,1,1:03,0,12288,569344,0,197,0,1953792,294,2,278,14,0,13.1,0.0,0.0,86.9,0.0,0.0,0.0,0.0,15795.0 MiB,6161.3 MiB,1879.6 MiB,7754.1 MiB,4096.0 MiB,4092.2 MiB,3.8 MiB,13105.7 MiB,
g++-4.7,2014-06-12,nbody_50000000,nbody_2.c 50000000,55,1691067545,475175,nbody_2_g++-4.7,1:05.08,6651904,1953792,1773568,100.0,0.0,1,1,1:05,0,12288,569344,0,197,0,1953792,294,2,278,14,0,13.0,0.8,0.0,86.3,0.0,0.0,0.0,0.0,15795.0 MiB,6160.3 MiB,1880.5 MiB,7754.1 MiB,4096.0 MiB,4092.2 MiB,3.8 MiB,13104.7 MiB,
g++-4.7,2014-06-12,nbody_50000000,nbody_2.c 50000000,56,1691067546,475175,nbody_2_g++-4.7,1:06.26,6651904,1953792,1773568,100.0,0.0,1,1,1:06,0,12288,569344,0,197,0,1953792,293,2,277,14,0,13.0,1.5,0.0,85.5,0.0,0.0,0.0,0.0,15795.0 MiB,6160.3 MiB,1880.5 MiB,7754.1 MiB,4096.0 MiB,4092.2 MiB,3.8 MiB,13104.7 MiB,
g++-4.7,2014-06-12,nbody_50000000,nbody_2.c 50000000,57,1691067547,475175,nbody_2_g++-4.7,1:07.44,6651904,1953792,1773568,100.0,0.0,1,1,1:07,0,12288,569344,0,197,0,1953792,293,2,277,14,0,13.1,0.8,0.0,86.2,0.0,0.0,0.0,0.0,15795.0 MiB,6160.3 MiB,1880.5 MiB,7754.1 MiB,4096.0 MiB,4092.2 MiB,3.8 MiB,13104.7 MiB,
g++-4.7,2014-06-12,nbody_50000000,nbody_2.c 50000000,58,1691067548,475175,nbody_2_g++-4.7,1:08.62,6651904,1953792,1773568,100.0,0.0,1,1,1:08,0,12288,569344,0,197,0,1953792,293,2,277,14,0,12.3,1.5,0.0,86.2,0.0,0.0,0.0,0.0,15795.0 MiB,6160.6 MiB,1880.3 MiB,7754.1 MiB,4096.0 MiB,4092.2 MiB,3.8 MiB,13105.0 MiB,
g++-4.7,2014-06-12,nbody_50000000,nbody_2.c 50000000,59,1691067549,475175,nbody_2_g++-4.7,1:09.80,6651904,1953792,1773568,100.0,0.0,1,1,1:09,0,12288,569344,0,197,0,1953792,293,2,277,14,0,13.2,0.8,0.0,86.0,0.0,0.0,0.0,0.0,15795.0 MiB,6160.6 MiB,1880.3 MiB,7754.2 MiB,4096.0 MiB,4092.2 MiB,3.8 MiB,13105.0 MiB,
g++-4.7,2014-06-12,nbody_50000000,nbody_2.c 50000000,60,1691067550,475175,nbody_2_g++-4.7,1:10.98,6651904,1953792,1773568,100.0,0.0,1,1,1:10,0,12288,569344,0,197,0,1953792,293,2,277,14,0,13.6,1.5,0.0,84.8,0.0,0.0,0.0,0.0,15795.0 MiB,6160.8 MiB,1880.0 MiB,7754.2 MiB,4096.0 MiB,4092.2 MiB,3.8 MiB,13105.3 MiB,
g++-4.7,2014-06-12,nbody_50000000,nbody_2.c 50000000,61,1691067552,475175,nbody_2_g++-4.7,1:12.16,6651904,1953792,1773568,100.0,0.0,1,1,1:12,0,12288,569344,0,197,0,1953792,293,2,277,14,0,12.3,1.5,0.0,86.2,0.0,0.0,0.0,0.0,15795.0 MiB,6160.8 MiB,1880.0 MiB,7754.2 MiB,4096.0 MiB,4092.2 MiB,3.8 MiB,13105.3 MiB,
g++-4.7,2014-06-12,nbody_50000000,nbody_2.c 50000000,62,1691067553,475175,nbody_2_g++-4.7,1:13.33,6651904,1953792,1773568,93.8,0.0,1,1,1:13,0,12288,569344,0,197,0,1953792,293,2,277,14,0,13.2,0.0,0.0,86.8,0.0,0.0,0.0,0.0,15795.0 MiB,6161.0 MiB,1879.8 MiB,7754.2 MiB,4096.0 MiB,4092.2 MiB,3.8 MiB,13105.5 MiB,
g++-4.7,2014-06-12,nbody_50000000,nbody_2.c 50000000,63,1691067554,475175,nbody_2_g++-4.7,1:14.51,6651904,1953792,1773568,93.8,0.0,1,1,1:14,0,12288,569344,0,197,0,1953792,293,2,277,14,0,12.4,0.8,0.0,86.8,0.0,0.0,0.0,0.0,15795.0 MiB,6161.3 MiB,1879.5 MiB,7754.2 MiB,4096.0 MiB,4092.2 MiB,3.8 MiB,13105.8 MiB,
g++-4.7,2014-06-12,nbody_50000000,nbody_2.c 50000000,64,1691067555,475175,nbody_2_g++-4.7,1:15.69,6651904,1953792,1773568,93.8,0.0,1,5,1:15,0,12288,569344,0,197,0,1953792,293,2,277,14,0,12.5,0.8,0.0,86.7,0.0,0.0,0.0,0.0,15795.0 MiB,6161.5 MiB,1879.3 MiB,7754.2 MiB,4096.0 MiB,4092.2 MiB,3.8 MiB,13106.0 MiB,
g++-4.8,2015-06-23,nbody_50000000,nbody_2.c 50000000,0,1691067677,475719,nbody_2_g++-4.8,0:00.19,6651904,1978368,1798144,93.8,0.0,1,7,0:00,0,12288,569344,0,193,0,1978368,294,2,278,14,0,13.5,1.5,0.0,85.0,0.0,0.0,0.0,0.0,15795.0 MiB,6153.4 MiB,1879.2 MiB,7762.4 MiB,4096.0 MiB,4092.2 MiB,3.8 MiB,13098.1 MiB,
g++-4.8,2015-06-23,nbody_50000000,nbody_2.c 50000000,1,1691067678,475719,nbody_2_g++-4.8,0:01.36,6651904,1978368,1798144,93.8,0.0,1,7,0:01,0,12288,569344,0,193,0,1978368,294,2,278,14,0,13.1,0.8,0.0,86.2,0.0,0.0,0.0,0.0,15795.0 MiB,6153.4 MiB,1879.0 MiB,7762.5 MiB,4096.0 MiB,4092.2 MiB,3.8 MiB,13098.1 MiB,
g++-4.8,2015-06-23,nbody_50000000,nbody_2.c 50000000,2,1691067679,475719,nbody_2_g++-4.8,0:02.54,6651904,1978368,1798144,100.0,0.0,1,7,0:02,0,12288,569344,0,193,0,1978368,294,2,278,14,0,12.4,1.6,0.0,86.0,0.0,0.0,0.0,0.0,15795.0 MiB,6159.8 MiB,1880.5 MiB,7754.7 MiB,4096.0 MiB,4092.2 MiB,3.8 MiB,13104.5 MiB,
g++-4.8,2015-06-23,nbody_50000000,nbody_2.c 50000000,3,1691067680,475719,nbody_2_g++-4.8,0:03.72,6651904,1978368,1798144,100.0,0.0,1,7,0:03,0,12288,569344,0,193,0,1978368,294,2,278,14,0,12.5,0.0,0.0,87.5,0.0,0.0,0.0,0.0,15795.0 MiB,6159.3 MiB,1881.1 MiB,7754.5 MiB,4096.0 MiB,4092.2 MiB,3.8 MiB,13104.0 MiB,
g++-4.8,2015-06-23,nbody_50000000,nbody_2.c 50000000,4,1691067681,475719,nbody_2_g++-4.8,0:04.90,6651904,1978368,1798144,100.0,0.0,1,7,0:04,0,12288,569344,0,193,0,1978368,294,2,278,14,0,13.1,0.8,0.0,86.2,0.0,0.0,0.0,0.0,15795.0 MiB,6159.4 MiB,1881.1 MiB,7754.5 MiB,4096.0 MiB,4092.2 MiB,3.8 MiB,13104.0 MiB,
g++-4.8,2015-06-23,nbody_50000000,nbody_2.c 50000000,5,1691067683,475719,nbody_2_g++-4.8,0:06.08,6651904,1978368,1798144,100.0,0.0,1,7,0:06,0,12288,569344,0,193,0,1978368,294,2,278,14,0,13.1,0.8,0.0,86.2,0.0,0.0,0.0,0.0,15795.0 MiB,6159.1 MiB,1881.3 MiB,7754.6 MiB,4096.0 MiB,4092.2 MiB,3.8 MiB,13103.8 MiB,
g++-4.8,2015-06-23,nbody_50000000,nbody_2.c 50000000,6,1691067684,475719,nbody_2_g++-4.8,0:07.26,6651904,1978368,1798144,100.0,0.0,1,7,0:07,0,12288,569344,0,193,0,1978368,294,2,278,14,0,12.4,0.8,0.0,86.8,0.0,0.0,0.0,0.0,15795.0 MiB,6159.8 MiB,1880.6 MiB,7754.6 MiB,4096.0 MiB,4092.2 MiB,3.8 MiB,13104.5 MiB,
g++-4.8,2015-06-23,nbody_50000000,nbody_2.c 50000000,7,1691067685,475719,nbody_2_g++-4.8,0:08.44,6651904,1978368,1798144,100.0,0.0,1,7,0:08,0,12288,569344,0,193,0,1978368,294,2,278,14,0,12.5,0.0,0.0,87.5,0.0,0.0,0.0,0.0,15795.0 MiB,6160.1 MiB,1880.3 MiB,7754.6 MiB,4096.0 MiB,4092.2 MiB,3.8 MiB,13104.8 MiB,
g++-4.8,2015-06-23,nbody_50000000,nbody_2.c 50000000,8,1691067686,475719,nbody_2_g++-4.8,0:09.62,6651904,1978368,1798144,100.0,0.0,1,7,0:09,0,12288,569344,0,193,0,1978368,294,2,278,14,0,12.9,2.3,0.0,84.8,0.0,0.0,0.0,0.0,15795.0 MiB,6160.6 MiB,1879.8 MiB,7754.6 MiB,4096.0 MiB,4092.2 MiB,3.8 MiB,13105.3 MiB,
g++-4.8,2015-06-23,nbody_50000000,nbody_2.c 50000000,9,1691067687,475719,nbody_2_g++-4.8,0:10.80,6651904,1978368,1798144,100.0,0.0,1,3,0:10,0,12288,569344,0,193,0,1978368,294,2,278,14,0,13.1,0.8,0.0,86.2,0.0,0.0,0.0,0.0,15795.0 MiB,6159.6 MiB,1880.8 MiB,7754.6 MiB,4096.0 MiB,4092.2 MiB,3.8 MiB,13104.3 MiB,
g++-4.8,2015-06-23,nbody_50000000,nbody_2.c 50000000,10,1691067688,475719,nbody_2_g++-4.8,0:11.97,6651904,1978368,1798144,93.8,0.0,1,7,0:11,0,12288,569344,0,193,0,1978368,294,2,278,14,0,12.4,0.8,0.0,86.8,0.0,0.0,0.0,0.0,15795.0 MiB,6158.6 MiB,1881.8 MiB,7754.6 MiB,4096.0 MiB,4092.2 MiB,3.8 MiB,13103.3 MiB,
g++-4.8,2015-06-23,nbody_50000000,nbody_2.c 50000000,11,1691067690,475719,nbody_2_g++-4.8,0:13.15,6651904,1978368,1798144,93.8,0.0,1,7,0:13,0,12288,569344,0,193,0,1978368,294,2,278,14,0,12.4,0.8,0.0,86.8,0.0,0.0,0.0,0.0,15795.0 MiB,6159.6 MiB,1880.8 MiB,7754.6 MiB,4096.0 MiB,4092.2 MiB,3.8 MiB,13104.3 MiB,
g++-4.8,2015-06-23,nbody_50000000,nbody_2.c 50000000,12,1691067691,475719,nbody_2_g++-4.8,0:14.33,6651904,1978368,1798144,93.8,0.0,1,7,0:14,0,12288,569344,0,193,0,1978368,294,2,278,14,0,13.1,0.8,0.0,86.2,0.0,0.0,0.0,0.0,15795.0 MiB,6159.4 MiB,1881.0 MiB,7754.6 MiB,4096.0 MiB,4092.2 MiB,3.8 MiB,13104.1 MiB,
g++-4.8,2015-06-23,nbody_50000000,nbody_2.c 50000000,13,1691067692,475719,nbody_2_g++-4.8,0:15.51,6651904,1978368,1798144,93.8,0.0,1,7,0:15,0,12288,569344,0,193,0,1978368,294,2,278,14,0,13.6,1.5,0.0,84.8,0.0,0.0,0.0,0.0,15795.0 MiB,6159.4 MiB,1881.0 MiB,7754.6 MiB,4096.0 MiB,4092.2 MiB,3.8 MiB,13104.1 MiB,
g++-4.8,2015-06-23,nbody_50000000,nbody_2.c 50000000,14,1691067693,475719,nbody_2_g++-4.8,0:16.69,6651904,1978368,1798144,93.8,0.0,1,7,0:16,0,12288,569344,0,193,0,1978368,294,2,278,14,0,12.3,1.5,0.0,86.2,0.0,0.0,0.0,0.0,15795.0 MiB,6159.4 MiB,1881.0 MiB,7754.6 MiB,4096.0 MiB,4092.2 MiB,3.8 MiB,13104.1 MiB,
g++-4.8,2015-06-23,nbody_50000000,nbody_2.c 50000000,15,1691067694,475719,nbody_2_g++-4.8,0:17.87,6651904,1978368,1798144,100.0,0.0,1,7,0:17,0,12288,569344,0,193,0,1978368,294,2,278,14,0,12.4,0.8,0.0,86.8,0.0,0.0,0.0,0.0,15795.0 MiB,6159.1 MiB,1881.3 MiB,7754.6 MiB,4096.0 MiB,4092.2 MiB,3.8 MiB,13103.9 MiB,
g++-4.8,2015-06-23,nbody_50000000,nbody_2.c 50000000,16,1691067696,475719,nbody_2_g++-4.8,0:19.05,6651904,1978368,1798144,100.0,0.0,1,7,0:19,0,12288,569344,0,193,0,1978368,294,2,278,14,0,13.7,0.8,0.0,85.5,0.0,0.0,0.0,0.0,15795.0 MiB,6159.4 MiB,1881.0 MiB,7754.6 MiB,4096.0 MiB,4092.2 MiB,3.8 MiB,13104.1 MiB,
g++-4.8,2015-06-23,nbody_50000000,nbody_2.c 50000000,17,1691067697,475719,nbody_2_g++-4.8,0:20.23,6651904,1978368,1798144,93.8,0.0,1,7,0:20,0,12288,569344,0,193,0,1978368,294,2,278,14,0,12.6,0.7,0.0,86.7,0.0,0.0,0.0,0.0,15795.0 MiB,6159.1 MiB,1881.3 MiB,7754.6 MiB,4096.0 MiB,4092.2 MiB,3.8 MiB,13103.9 MiB,
g++-4.8,2015-06-23,nbody_50000000,nbody_2.c 50000000,18,1691067698,475719,nbody_2_g++-4.8,0:21.41,6651904,1978368,1798144,93.8,0.0,1,7,0:21,0,12288,569344,0,193,0,1978368,294,2,278,14,0,12.5,0.0,0.0,87.5,0.0,0.0,0.0,0.0,15795.0 MiB,6159.4 MiB,1881.0 MiB,7754.6 MiB,4096.0 MiB,4092.2 MiB,3.8 MiB,13104.1 MiB,
g++-4.8,2015-06-23,nbody_50000000,nbody_2.c 50000000,19,1691067699,475719,nbody_2_g++-4.8,0:22.59,6651904,1978368,1798144,93.8,0.0,1,7,0:22,0,12288,569344,0,193,0,1978368,294,2,278,14,0,12.3,0.8,0.0,86.9,0.0,0.0,0.0,0.0,15795.0 MiB,6159.6 MiB,1880.8 MiB,7754.6 MiB,4096.0 MiB,4092.2 MiB,3.8 MiB,13104.3 MiB,
g++-4.8,2015-06-23,nbody_50000000,nbody_2.c 50000000,20,1691067700,475719,nbody_2_g++-4.8,0:23.77,6651904,1978368,1798144,93.8,0.0,1,3,0:23,0,12288,569344,0,193,0,1978368,294,2,278,14,0,13.7,0.8,0.0,85.5,0.0,0.0,0.0,0.0,15795.0 MiB,6159.6 MiB,1880.8 MiB,7754.6 MiB,4096.0 MiB,4092.2 MiB,3.8 MiB,13104.3 MiB,
g++-4.8,2015-06-23,nbody_50000000,nbody_2.c 50000000,21,1691067701,475719,nbody_2_g++-4.8,0:24.95,6651904,1978368,1798144,93.8,0.0,1,3,0:24,0,12288,569344,0,193,0,1978368,294,2,278,14,0,13.1,0.8,0.0,86.2,0.0,0.0,0.0,0.0,15795.0 MiB,6159.1 MiB,1881.3 MiB,7754.6 MiB,4096.0 MiB,4092.2 MiB,3.8 MiB,13103.9 MiB,
g++-4.8,2015-06-23,nbody_50000000,nbody_2.c 50000000,22,1691067703,475719,nbody_2_g++-4.8,0:26.13,6651904,1978368,1798144,100.0,0.0,1,3,0:26,0,12288,569344,0,193,0,1978368,294,2,278,14,0,13.3,0.0,0.0,86.7,0.0,0.0,0.0,0.0,15795.0 MiB,6158.4 MiB,1882.0 MiB,7754.6 MiB,4096.0 MiB,4092.2 MiB,3.8 MiB,13103.1 MiB,
g++-4.8,2015-06-23,nbody_50000000,nbody_2.c 50000000,23,1691067704,475719,nbody_2_g++-4.8,0:27.31,6651904,1978368,1798144,100.0,0.0,1,3,0:27,0,12288,569344,0,193,0,1978368,294,2,278,14,0,13.0,1.5,0.0,85.5,0.0,0.0,0.0,0.0,15795.0 MiB,6159.7 MiB,1880.7 MiB,7754.6 MiB,4096.0 MiB,4092.2 MiB,3.8 MiB,13104.4 MiB,
g++-4.8,2015-06-23,nbody_50000000,nbody_2.c 50000000,24,1691067705,475719,nbody_2_g++-4.8,0:28.49,6651904,1978368,1798144,100.0,0.0,1,7,0:28,0,12288,569344,0,193,0,1978368,294,2,278,14,0,13.1,0.8,0.0,86.2,0.0,0.0,0.0,0.0,15795.0 MiB,6159.7 MiB,1880.7 MiB,7754.6 MiB,4096.0 MiB,4092.2 MiB,3.8 MiB,13104.4 MiB,
g++-4.8,2015-06-23,nbody_50000000,nbody_2.c 50000000,25,1691067706,475719,nbody_2_g++-4.8,0:29.66,6651904,1978368,1798144,93.8,0.0,1,7,0:29,0,12288,569344,0,193,0,1978368,294,2,278,14,0,12.3,0.8,0.0,86.2,0.8,0.0,0.0,0.0,15795.0 MiB,6159.7 MiB,1880.7 MiB,7754.6 MiB,4096.0 MiB,4092.2 MiB,3.8 MiB,13104.4 MiB,
g++-4.8,2015-06-23,nbody_50000000,nbody_2.c 50000000,26,1691067707,475719,nbody_2_g++-4.8,0:30.84,6651904,1978368,1798144,93.8,0.0,1,7,0:30,0,12288,569344,0,193,0,1978368,294,2,278,14,0,12.5,0.0,0.0,87.5,0.0,0.0,0.0,0.0,15795.0 MiB,6159.7 MiB,1880.7 MiB,7754.6 MiB,4096.0 MiB,4092.2 MiB,3.8 MiB,13104.4 MiB,
g++-4.8,2015-06-23,nbody_50000000,nbody_2.c 50000000,27,1691067708,475719,nbody_2_g++-4.8,0:32.03,6651904,1978368,1798144,100.0,0.0,1,7,0:32,0,12288,569344,0,193,0,1978368,294,2,278,14,0,13.1,0.0,0.0,86.9,0.0,0.0,0.0,0.0,15795.0 MiB,6159.7 MiB,1880.7 MiB,7754.6 MiB,4096.0 MiB,4092.2 MiB,3.8 MiB,13104.4 MiB,
g++-4.8,2015-06-23,nbody_50000000,nbody_2.c 50000000,28,1691067710,475719,nbody_2_g++-4.8,0:33.20,6651904,1978368,1798144,93.8,0.0,1,7,0:33,0,12288,569344,0,193,0,1978368,294,2,278,14,0,12.4,0.8,0.0,86.8,0.0,0.0,0.0,0.0,15795.0 MiB,6159.9 MiB,1880.5 MiB,7754.6 MiB,4096.0 MiB,4092.2 MiB,3.8 MiB,13104.7 MiB,
g++-4.8,2015-06-23,nbody_50000000,nbody_2.c 50000000,29,1691067711,475719,nbody_2_g++-4.8,0:34.38,6651904,1978368,1798144,93.8,0.0,1,7,0:34,0,12288,569344,0,193,0,1978368,294,2,278,14,0,13.7,0.8,0.0,85.5,0.0,0.0,0.0,0.0,15795.0 MiB,6159.9 MiB,1880.5 MiB,7754.6 MiB,4096.0 MiB,4092.2 MiB,3.8 MiB,13104.7 MiB,
g++-4.8,2015-06-23,nbody_50000000,nbody_2.c 50000000,30,1691067712,475719,nbody_2_g++-4.8,0:35.56,6651904,1978368,1798144,93.8,0.0,1,7,0:35,0,12288,569344,0,193,0,1978368,294,2,278,14,0,13.0,1.5,0.0,85.5,0.0,0.0,0.0,0.0,15795.0 MiB,6159.4 MiB,1880.9 MiB,7754.6 MiB,4096.0 MiB,4092.2 MiB,3.8 MiB,13104.2 MiB,
g++-4.8,2015-06-23,nbody_50000000,nbody_2.c 50000000,31,1691067713,475719,nbody_2_g++-4.8,0:36.74,6651904,1978368,1798144,93.8,0.0,1,7,0:36,0,12288,569344,0,193,0,1978368,294,2,278,14,0,13.7,0.8,0.0,85.5,0.0,0.0,0.0,0.0,15795.0 MiB,6160.2 MiB,1880.2 MiB,7754.6 MiB,4096.0 MiB,4092.2 MiB,3.8 MiB,13104.9 MiB,
g++-4.8,2015-06-23,nbody_50000000,nbody_2.c 50000000,32,1691067714,475719,nbody_2_g++-4.8,0:37.92,6651904,1978368,1798144,93.8,0.0,1,7,0:37,0,12288,569344,0,193,0,1978368,294,2,278,14,0,13.1,1.5,0.0,83.8,1.5,0.0,0.0,0.0,15795.0 MiB,6160.7 MiB,1878.9 MiB,7755.4 MiB,4096.0 MiB,4092.2 MiB,3.8 MiB,13106.2 MiB,
g++-4.8,2015-06-23,nbody_50000000,nbody_2.c 50000000,33,1691067716,475719,nbody_2_g++-4.8,0:39.11,6651904,1978368,1798144,94.1,0.0,1,7,0:39,0,12288,569344,0,193,0,1978368,295,2,279,14,0,14.3,0.8,0.0,85.0,0.0,0.0,0.0,0.0,15795.0 MiB,6159.9 MiB,1871.5 MiB,7763.6 MiB,4096.0 MiB,4092.2 MiB,3.8 MiB,13105.5 MiB,
g++-4.8,2015-06-23,nbody_50000000,nbody_2.c 50000000,34,1691067717,475719,nbody_2_g++-4.8,0:40.30,6651904,1978368,1798144,88.2,0.0,1,7,0:40,0,12288,569344,0,193,0,1978368,295,2,279,14,0,16.8,1.5,0.0,81.0,0.0,0.0,0.7,0.0,15795.0 MiB,6159.4 MiB,1871.8 MiB,7763.7 MiB,4096.0 MiB,4092.2 MiB,3.8 MiB,13105.0 MiB,
g++-4.8,2015-06-23,nbody_50000000,nbody_2.c 50000000,35,1691067718,475719,nbody_2_g++-4.8,0:41.49,6651904,1978368,1798144,100.0,0.0,1,7,0:41,0,12288,569344,0,193,0,1978368,295,2,279,14,0,15.0,0.8,0.0,84.2,0.0,0.0,0.0,0.0,15795.0 MiB,6158.0 MiB,1873.3 MiB,7763.7 MiB,4096.0 MiB,4092.2 MiB,3.8 MiB,13103.5 MiB,
g++-4.8,2015-06-23,nbody_50000000,nbody_2.c 50000000,36,1691067719,475719,nbody_2_g++-4.8,0:42.68,6651904,1978368,1798144,93.8,0.0,1,3,0:42,0,12288,569344,0,193,0,1978368,294,3,277,14,0,13.8,0.8,0.0,85.4,0.0,0.0,0.0,0.0,15795.0 MiB,6157.0 MiB,1874.5 MiB,7763.5 MiB,4096.0 MiB,4092.2 MiB,3.8 MiB,13102.5 MiB,
g++-4.8,2015-06-23,nbody_50000000,nbody_2.c 50000000,37,1691067720,475719,nbody_2_g++-4.8,0:43.87,6651904,1978368,1798144,100.0,0.0,1,3,0:43,0,12288,569344,0,193,0,1978368,294,2,278,14,0,13.3,1.5,0.0,85.2,0.0,0.0,0.0,0.0,15795.0 MiB,6156.7 MiB,1874.6 MiB,7763.7 MiB,4096.0 MiB,4092.2 MiB,3.8 MiB,13102.3 MiB,
g++-4.8,2015-06-23,nbody_50000000,nbody_2.c 50000000,38,1691067722,475719,nbody_2_g++-4.8,0:45.06,6651904,1978368,1798144,100.0,0.0,1,3,0:45,0,12288,569344,0,193,0,1978368,294,2,278,14,0,13.8,2.2,0.0,84.1,0.0,0.0,0.0,0.0,15795.0 MiB,6159.4 MiB,1879.9 MiB,7755.7 MiB,4096.0 MiB,4092.2 MiB,3.8 MiB,13105.0 MiB,
g++-4.8,2015-06-23,nbody_50000000,nbody_2.c 50000000,39,1691067723,475719,nbody_2_g++-4.8,0:46.25,6651904,1978368,1798144,100.0,0.0,1,3,0:46,0,12288,569344,0,193,0,1978368,294,2,278,14,0,13.3,1.5,0.0,85.2,0.0,0.0,0.0,0.0,15795.0 MiB,6159.7 MiB,1879.6 MiB,7755.7 MiB,4096.0 MiB,4092.2 MiB,3.8 MiB,13105.2 MiB,
g++-4.8,2015-06-23,nbody_50000000,nbody_2.c 50000000,40,1691067724,475719,nbody_2_g++-4.8,0:47.43,6651904,1978368,1798144,100.0,0.0,1,3,0:47,0,12288,569344,0,193,0,1978368,294,2,278,14,0,13.7,0.8,0.0,85.5,0.0,0.0,0.0,0.0,15795.0 MiB,6159.2 MiB,1880.0 MiB,7755.7 MiB,4096.0 MiB,4092.2 MiB,3.8 MiB,13104.8 MiB,
g++-4.8,2015-06-23,nbody_50000000,nbody_2.c 50000000,41,1691067725,475719,nbody_2_g++-4.8,0:48.61,6651904,1978368,1798144,93.8,0.0,1,3,0:48,0,12288,569344,0,193,0,1978368,294,2,278,14,0,13.3,1.5,0.0,85.2,0.0,0.0,0.0,0.0,15795.0 MiB,6159.4 MiB,1879.8 MiB,7755.7 MiB,4096.0 MiB,4092.2 MiB,3.8 MiB,13105.0 MiB,
g++-4.8,2015-06-23,nbody_50000000,nbody_2.c 50000000,42,1691067726,475719,nbody_2_g++-4.8,0:49.81,6651904,1978368,1798144,100.0,0.0,1,3,0:49,0,12288,569344,0,193,0,1978368,294,2,278,14,0,13.4,0.7,0.0,85.8,0.0,0.0,0.0,0.0,15795.0 MiB,6158.9 MiB,1880.3 MiB,7755.8 MiB,4096.0 MiB,4092.2 MiB,3.8 MiB,13104.5 MiB,
g++-4.8,2015-06-23,nbody_50000000,nbody_2.c 50000000,43,1691067727,475719,nbody_2_g++-4.8,0:50.99,6651904,1978368,1798144,100.0,0.0,1,3,0:50,0,12288,569344,0,193,0,1978368,294,2,278,14,0,12.4,0.8,0.0,86.8,0.0,0.0,0.0,0.0,15795.0 MiB,6159.2 MiB,1880.0 MiB,7755.8 MiB,4096.0 MiB,4092.2 MiB,3.8 MiB,13104.8 MiB,
g++-4.8,2015-06-23,nbody_50000000,nbody_2.c 50000000,44,1691067729,475719,nbody_2_g++-4.8,0:52.17,6651904,1978368,1798144,93.8,0.0,1,3,0:52,0,12288,569344,0,193,0,1978368,294,2,278,14,0,12.1,1.5,0.0,86.4,0.0,0.0,0.0,0.0,15795.0 MiB,6159.2 MiB,1880.0 MiB,7755.8 MiB,4096.0 MiB,4092.2 MiB,3.8 MiB,13104.8 MiB,
g++-4.8,2015-06-23,nbody_50000000,nbody_2.c 50000000,45,1691067730,475719,nbody_2_g++-4.8,0:53.35,6651904,1978368,1798144,93.8,0.0,1,3,0:53,0,12288,569344,0,193,0,1978368,294,2,278,14,0,12.4,0.8,0.0,86.8,0.0,0.0,0.0,0.0,15795.0 MiB,6159.2 MiB,1880.0 MiB,7755.8 MiB,4096.0 MiB,4092.2 MiB,3.8 MiB,13104.8 MiB,
g++-4.8,2015-06-23,nbody_50000000,nbody_2.c 50000000,46,1691067731,475719,nbody_2_g++-4.8,0:54.53,6651904,1978368,1798144,93.8,0.0,1,3,0:54,0,12288,569344,0,193,0,1978368,294,2,278,14,0,13.0,0.8,0.0,86.3,0.0,0.0,0.0,0.0,15795.0 MiB,6158.9 MiB,1880.3 MiB,7755.8 MiB,4096.0 MiB,4092.2 MiB,3.8 MiB,13104.5 MiB,
g++-4.8,2015-06-23,nbody_50000000,nbody_2.c 50000000,47,1691067732,475719,nbody_2_g++-4.8,0:55.71,6651904,1978368,1798144,93.8,0.0,1,3,0:55,0,12288,569344,0,193,0,1978368,294,2,278,14,0,13.1,0.8,0.0,86.2,0.0,0.0,0.0,0.0,15795.0 MiB,6158.5 MiB,1880.7 MiB,7755.8 MiB,4096.0 MiB,4092.2 MiB,3.8 MiB,13104.1 MiB,
g++-4.8,2015-06-23,nbody_50000000,nbody_2.c 50000000,48,1691067733,475719,nbody_2_g++-4.8,0:56.89,6651904,1978368,1798144,93.8,0.0,1,3,0:56,0,12288,569344,0,193,0,1978368,294,2,278,14,0,12.3,1.5,0.0,86.2,0.0,0.0,0.0,0.0,15795.0 MiB,6158.5 MiB,1880.7 MiB,7755.8 MiB,4096.0 MiB,4092.2 MiB,3.8 MiB,13104.1 MiB,
g++-4.8,2015-06-23,nbody_50000000,nbody_2.c 50000000,49,1691067735,475719,nbody_2_g++-4.8,0:58.07,6651904,1978368,1798144,100.0,0.0,1,3,0:58,0,12288,569344,0,193,0,1978368,294,2,278,14,0,12.5,0.0,0.0,87.5,0.0,0.0,0.0,0.0,15795.0 MiB,6158.0 MiB,1881.2 MiB,7755.8 MiB,4096.0 MiB,4092.2 MiB,3.8 MiB,13103.6 MiB,
g++-4.8,2015-06-23,nbody_50000000,nbody_2.c 50000000,50,1691067736,475719,nbody_2_g++-4.8,0:59.25,6651904,1978368,1798144,88.2,0.0,1,3,0:59,0,12288,569344,0,193,0,1978368,295,2,279,14,0,14.8,0.7,0.0,84.4,0.0,0.0,0.0,0.0,15795.0 MiB,6158.0 MiB,1881.2 MiB,7755.8 MiB,4096.0 MiB,4092.2 MiB,3.8 MiB,13103.6 MiB,
g++-4.8,2015-06-23,nbody_50000000,nbody_2.c 50000000,51,1691067737,475719,nbody_2_g++-4.8,1:00.43,6651904,1978368,1798144,93.8,0.0,1,3,1:00,0,12288,569344,0,193,0,1978368,295,2,279,14,0,12.2,1.5,0.0,86.3,0.0,0.0,0.0,0.0,15795.0 MiB,6158.0 MiB,1881.2 MiB,7755.8 MiB,4096.0 MiB,4092.2 MiB,3.8 MiB,13103.6 MiB,
g++-4.8,2015-06-23,nbody_50000000,nbody_2.c 50000000,52,1691067738,475719,nbody_2_g++-4.8,1:01.61,6651904,1978368,1798144,93.8,0.0,1,3,1:01,0,12288,569344,0,193,0,1978368,295,2,279,14,0,13.0,1.5,0.0,85.5,0.0,0.0,0.0,0.0,15795.0 MiB,6158.0 MiB,1881.2 MiB,7755.8 MiB,4096.0 MiB,4092.2 MiB,3.8 MiB,13103.6 MiB,
g++-4.8,2015-06-23,nbody_50000000,nbody_2.c 50000000,53,1691067739,475719,nbody_2_g++-4.8,1:02.79,6651904,1978368,1798144,100.0,0.0,1,3,1:02,0,12288,569344,0,193,0,1978368,294,2,278,14,0,12.4,0.8,0.0,86.8,0.0,0.0,0.0,0.0,15795.0 MiB,6158.0 MiB,1881.2 MiB,7755.8 MiB,4096.0 MiB,4092.2 MiB,3.8 MiB,13103.6 MiB,
g++-4.8,2015-06-23,nbody_50000000,nbody_2.c 50000000,54,1691067740,475719,nbody_2_g++-4.8,1:03.97,6651904,1978368,1798144,100.0,0.0,1,7,1:03,0,12288,569344,0,193,0,1978368,294,2,278,14,0,12.4,0.8,0.0,86.8,0.0,0.0,0.0,0.0,15795.0 MiB,6158.2 MiB,1881.0 MiB,7755.8 MiB,4096.0 MiB,4092.2 MiB,3.8 MiB,13103.8 MiB,
g++-4.8,2015-06-23,nbody_50000000,nbody_2.c 50000000,55,1691067742,475719,nbody_2_g++-4.8,1:05.15,6651904,1978368,1798144,100.0,0.0,1,7,1:05,0,12288,569344,0,193,0,1978368,295,2,279,14,0,12.3,0.8,0.0,86.9,0.0,0.0,0.0,0.0,15795.0 MiB,6158.2 MiB,1881.0 MiB,7755.8 MiB,4096.0 MiB,4092.2 MiB,3.8 MiB,13103.8 MiB,
g++-4.8,2015-06-23,nbody_50000000,nbody_2.c 50000000,56,1691067743,475719,nbody_2_g++-4.8,1:06.34,6651904,1978368,1798144,94.1,0.0,1,7,1:06,0,12288,569344,0,193,0,1978368,295,2,279,14,0,13.2,1.5,0.0,85.3,0.0,0.0,0.0,0.0,15795.0 MiB,6158.2 MiB,1881.0 MiB,7755.8 MiB,4096.0 MiB,4092.2 MiB,3.8 MiB,13103.8 MiB,
g++-4.8,2015-06-23,nbody_50000000,nbody_2.c 50000000,57,1691067744,475719,nbody_2_g++-4.8,1:07.53,6651904,1978368,1798144,100.0,0.0,1,7,1:07,0,12288,569344,0,193,0,1978368,295,2,279,14,0,13.2,2.2,0.0,84.6,0.0,0.0,0.0,0.0,15795.0 MiB,6158.2 MiB,1881.0 MiB,7755.8 MiB,4096.0 MiB,4092.2 MiB,3.8 MiB,13103.8 MiB,
g++-4.8,2015-06-23,nbody_50000000,nbody_2.c 50000000,58,1691067745,475719,nbody_2_g++-4.8,1:08.71,6651904,1978368,1798144,100.0,0.0,1,7,1:08,0,12288,569344,0,193,0,1978368,294,2,278,14,0,12.5,0.0,0.0,87.5,0.0,0.0,0.0,0.0,15795.0 MiB,6158.0 MiB,1881.2 MiB,7755.8 MiB,4096.0 MiB,4092.2 MiB,3.8 MiB,13103.6 MiB,
g++-4.8,2015-06-23,nbody_50000000,nbody_2.c 50000000,59,1691067746,475719,nbody_2_g++-4.8,1:09.89,6651904,1978368,1798144,100.0,0.0,1,7,1:09,0,12288,569344,0,193,0,1978368,294,2,278,14,0,12.4,0.8,0.0,86.8,0.0,0.0,0.0,0.0,15795.0 MiB,6158.0 MiB,1881.2 MiB,7755.8 MiB,4096.0 MiB,4092.2 MiB,3.8 MiB,13103.6 MiB,
g++-4.8,2015-06-23,nbody_50000000,nbody_2.c 50000000,60,1691067748,475719,nbody_2_g++-4.8,1:11.07,6651904,1978368,1798144,100.0,0.0,1,7,1:11,0,12288,569344,0,193,0,1978368,294,2,278,14,0,12.5,0.0,0.0,87.5,0.0,0.0,0.0,0.0,15795.0 MiB,6157.5 MiB,1881.7 MiB,7755.8 MiB,4096.0 MiB,4092.2 MiB,3.8 MiB,13103.1 MiB,
g++-4.8,2015-06-23,nbody_50000000,nbody_2.c 50000000,61,1691067749,475719,nbody_2_g++-4.8,1:12.25,6651904,1978368,1798144,100.0,0.0,1,7,1:12,0,12288,569344,0,193,0,1978368,294,2,278,14,0,12.5,0.0,0.0,87.5,0.0,0.0,0.0,0.0,15795.0 MiB,6158.2 MiB,1880.9 MiB,7755.8 MiB,4096.0 MiB,4092.2 MiB,3.8 MiB,13103.9 MiB,
g++-4.8,2015-06-23,nbody_50000000,nbody_2.c 50000000,62,1691067750,475719,nbody_2_g++-4.8,1:13.43,6651904,1978368,1798144,100.0,0.0,1,7,1:13,0,12288,569344,0,193,0,1978368,294,2,278,14,0,12.3,1.5,0.0,86.2,0.0,0.0,0.0,0.0,15795.0 MiB,6158.0 MiB,1881.2 MiB,7755.8 MiB,4096.0 MiB,4092.2 MiB,3.8 MiB,13103.6 MiB,
g++-4.8,2015-06-23,nbody_50000000,nbody_2.c 50000000,63,1691067751,475719,nbody_2_g++-4.8,1:14.61,6651904,1978368,1798144,100.0,0.0,1,7,1:14,0,12288,569344,0,193,0,1978368,294,2,278,14,0,13.0,1.5,0.0,85.5,0.0,0.0,0.0,0.0,15795.0 MiB,6158.2 MiB,1880.9 MiB,7755.8 MiB,4096.0 MiB,4092.2 MiB,3.8 MiB,13103.9 MiB,
g++-4.8,2015-06-23,nbody_50000000,nbody_2.c 50000000,64,1691067752,475719,nbody_2_g++-4.8,1:15.79,6651904,1978368,1798144,100.0,0.0,1,7,1:15,0,12288,569344,0,193,0,1978368,294,2,278,14,0,13.7,0.8,0.0,85.5,0.0,0.0,0.0,0.0,15795.0 MiB,6158.2 MiB,1880.9 MiB,7755.8 MiB,4096.0 MiB,4092.2 MiB,3.8 MiB,13103.9 MiB,
g++-4.8,2015-06-23,nbody_50000000,nbody_2.c 50000000,65,1691067753,475719,nbody_2_g++-4.8,1:16.97,6651904,1978368,1798144,100.0,0.0,1,7,1:16,0,12288,569344,0,193,0,1978368,294,2,278,14,0,13.5,1.5,0.0,85.0,0.0,0.0,0.0,0.0,15795.0 MiB,6157.0 MiB,1882.2 MiB,7755.8 MiB,4096.0 MiB,4092.2 MiB,3.8 MiB,13102.6 MiB,
g++-4.9,2015-06-26,nbody_50000000,nbody_2.c 50000000,0,1691067875,476164,nbody_2_g++-4.9,0:00.17,6651904,1986560,1810432,100.0,0.0,1,3,0:00,0,12288,569344,0,195,0,1986560,292,2,276,14,0,13.8,0.8,0.0,85.4,0.0,0.0,0.0,0.0,15795.0 MiB,6155.0 MiB,1876.0 MiB,7763.9 MiB,4096.0 MiB,4092.2 MiB,3.8 MiB,13100.9 MiB,
g++-4.9,2015-06-26,nbody_50000000,nbody_2.c 50000000,1,1691067876,476164,nbody_2_g++-4.9,0:01.35,6651904,1986560,1810432,100.0,0.0,1,3,0:01,0,12288,569344,0,195,0,1986560,292,2,276,14,0,12.3,1.5,0.0,86.2,0.0,0.0,0.0,0.0,15795.0 MiB,6154.5 MiB,1876.4 MiB,7764.1 MiB,4096.0 MiB,4092.2 MiB,3.8 MiB,13100.5 MiB,
g++-4.9,2015-06-26,nbody_50000000,nbody_2.c 50000000,2,1691067877,476164,nbody_2_g++-4.9,0:02.52,6651904,1986560,1810432,93.8,0.0,1,3,0:02,0,12288,569344,0,195,0,1986560,293,2,277,14,0,12.9,0.8,0.0,86.4,0.0,0.0,0.0,0.0,15795.0 MiB,6162.4 MiB,1876.5 MiB,7756.1 MiB,4096.0 MiB,4092.2 MiB,3.8 MiB,13108.3 MiB,
g++-4.9,2015-06-26,nbody_50000000,nbody_2.c 50000000,3,1691067878,476164,nbody_2_g++-4.9,0:03.70,6651904,1986560,1810432,93.8,0.0,1,3,0:03,0,12288,569344,0,195,0,1986560,293,2,277,14,0,13.2,0.0,0.0,86.8,0.0,0.0,0.0,0.0,15795.0 MiB,6161.7 MiB,1877.3 MiB,7756.1 MiB,4096.0 MiB,4092.2 MiB,3.8 MiB,13107.6 MiB,
g++-4.9,2015-06-26,nbody_50000000,nbody_2.c 50000000,4,1691067880,476164,nbody_2_g++-4.9,0:04.88,6651904,1986560,1810432,93.8,0.0,1,3,0:04,0,12288,569344,0,195,0,1986560,293,2,277,14,0,13.6,0.8,0.0,85.6,0.0,0.0,0.0,0.0,15795.0 MiB,6161.7 MiB,1877.3 MiB,7756.1 MiB,4096.0 MiB,4092.2 MiB,3.8 MiB,13107.6 MiB,
g++-4.9,2015-06-26,nbody_50000000,nbody_2.c 50000000,5,1691067881,476164,nbody_2_g++-4.9,0:06.06,6651904,1986560,1810432,88.2,0.0,1,3,0:06,0,12288,569344,0,195,0,1986560,293,2,277,14,0,14.1,1.5,0.0,84.4,0.0,0.0,0.0,0.0,15795.0 MiB,6161.7 MiB,1877.3 MiB,7756.1 MiB,4096.0 MiB,4092.2 MiB,3.8 MiB,13107.6 MiB,
g++-4.9,2015-06-26,nbody_50000000,nbody_2.c 50000000,6,1691067882,476164,nbody_2_g++-4.9,0:07.24,6651904,1986560,1810432,100.0,0.0,1,3,0:07,0,12288,569344,0,195,0,1986560,293,2,277,14,0,13.2,0.0,0.0,86.8,0.0,0.0,0.0,0.0,15795.0 MiB,6161.2 MiB,1877.8 MiB,7756.1 MiB,4096.0 MiB,4092.2 MiB,3.8 MiB,13107.1 MiB,
g++-4.9,2015-06-26,nbody_50000000,nbody_2.c 50000000,7,1691067883,476164,nbody_2_g++-4.9,0:08.42,6651904,1986560,1810432,100.0,0.0,1,3,0:08,0,12288,569344,0,195,0,1986560,293,2,277,14,0,12.4,0.8,0.0,86.8,0.0,0.0,0.0,0.0,15795.0 MiB,6159.9 MiB,1879.0 MiB,7756.1 MiB,4096.0 MiB,4092.2 MiB,3.8 MiB,13105.9 MiB,
g++-4.9,2015-06-26,nbody_50000000,nbody_2.c 50000000,8,1691067884,476164,nbody_2_g++-4.9,0:09.60,6651904,1986560,1810432,100.0,0.0,1,3,0:09,0,12288,569344,0,195,0,1986560,293,2,277,14,0,13.1,0.8,0.0,86.2,0.0,0.0,0.0,0.0,15795.0 MiB,6160.2 MiB,1878.7 MiB,7756.1 MiB,4096.0 MiB,4092.2 MiB,3.8 MiB,13106.1 MiB,
g++-4.9,2015-06-26,nbody_50000000,nbody_2.c 50000000,9,1691067886,476164,nbody_2_g++-4.9,0:10.78,6651904,1986560,1810432,100.0,0.0,1,3,0:10,0,12288,569344,0,195,0,1986560,293,2,277,14,0,13.0,1.5,0.0,85.5,0.0,0.0,0.0,0.0,15795.0 MiB,6160.4 MiB,1878.5 MiB,7756.1 MiB,4096.0 MiB,4092.2 MiB,3.8 MiB,13106.4 MiB,
g++-4.9,2015-06-26,nbody_50000000,nbody_2.c 50000000,10,1691067887,476164,nbody_2_g++-4.9,0:11.96,6651904,1986560,1810432,100.0,0.0,1,3,0:11,0,12288,569344,0,195,0,1986560,293,2,277,14,0,12.4,0.8,0.0,86.8,0.0,0.0,0.0,0.0,15795.0 MiB,6160.4 MiB,1878.5 MiB,7756.1 MiB,4096.0 MiB,4092.2 MiB,3.8 MiB,13106.4 MiB,
g++-4.9,2015-06-26,nbody_50000000,nbody_2.c 50000000,11,1691067888,476164,nbody_2_g++-4.9,0:13.14,6651904,1986560,1810432,100.0,0.0,1,3,0:13,0,12288,569344,0,195,0,1986560,293,2,277,14,0,14.4,0.8,0.0,84.8,0.0,0.0,0.0,0.0,15795.0 MiB,6160.4 MiB,1878.5 MiB,7756.1 MiB,4096.0 MiB,4092.2 MiB,3.8 MiB,13106.4 MiB,
g++-4.9,2015-06-26,nbody_50000000,nbody_2.c 50000000,12,1691067889,476164,nbody_2_g++-4.9,0:14.32,6651904,1986560,1810432,100.0,0.0,1,3,0:14,0,12288,569344,0,195,0,1986560,293,2,277,14,0,13.1,0.8,0.0,86.2,0.0,0.0,0.0,0.0,15795.0 MiB,6160.7 MiB,1878.2 MiB,7756.1 MiB,4096.0 MiB,4092.2 MiB,3.8 MiB,13106.6 MiB,
g++-4.9,2015-06-26,nbody_50000000,nbody_2.c 50000000,13,1691067890,476164,nbody_2_g++-4.9,0:15.50,6651904,1986560,1810432,100.0,0.0,1,3,0:15,0,12288,569344,0,195,0,1986560,293,2,277,14,0,13.1,0.8,0.0,86.2,0.0,0.0,0.0,0.0,15795.0 MiB,6160.4 MiB,1878.5 MiB,7756.1 MiB,4096.0 MiB,4092.2 MiB,3.8 MiB,13106.4 MiB,
g++-4.9,2015-06-26,nbody_50000000,nbody_2.c 50000000,14,1691067891,476164,nbody_2_g++-4.9,0:16.67,6651904,1986560,1810432,93.8,0.0,1,3,0:16,0,12288,569344,0,195,0,1986560,293,2,277,14,0,12.4,0.8,0.0,86.8,0.0,0.0,0.0,0.0,15795.0 MiB,6160.4 MiB,1878.5 MiB,7756.1 MiB,4096.0 MiB,4092.2 MiB,3.8 MiB,13106.4 MiB,
g++-4.9,2015-06-26,nbody_50000000,nbody_2.c 50000000,15,1691067893,476164,nbody_2_g++-4.9,0:17.85,6651904,1986560,1810432,93.8,0.0,1,3,0:17,0,12288,569344,0,195,0,1986560,293,2,277,14,0,13.1,0.8,0.0,86.2,0.0,0.0,0.0,0.0,15795.0 MiB,6160.4 MiB,1878.5 MiB,7756.1 MiB,4096.0 MiB,4092.2 MiB,3.8 MiB,13106.4 MiB,
g++-4.9,2015-06-26,nbody_50000000,nbody_2.c 50000000,16,1691067894,476164,nbody_2_g++-4.9,0:19.03,6651904,1986560,1810432,100.0,0.0,1,3,0:19,0,12288,569344,0,195,0,1986560,293,2,277,14,0,13.8,0.0,0.0,86.2,0.0,0.0,0.0,0.0,15795.0 MiB,6160.2 MiB,1878.7 MiB,7756.1 MiB,4096.0 MiB,4092.2 MiB,3.8 MiB,13106.2 MiB,
g++-4.9,2015-06-26,nbody_50000000,nbody_2.c 50000000,17,1691067895,476164,nbody_2_g++-4.9,0:20.21,6651904,1986560,1810432,100.0,0.0,1,3,0:20,0,12288,569344,0,195,0,1986560,293,2,277,14,0,12.5,0.0,0.0,87.5,0.0,0.0,0.0,0.0,15795.0 MiB,6160.7 MiB,1878.2 MiB,7756.1 MiB,4096.0 MiB,4092.2 MiB,3.8 MiB,13106.7 MiB,
g++-4.9,2015-06-26,nbody_50000000,nbody_2.c 50000000,18,1691067896,476164,nbody_2_g++-4.9,0:21.39,6651904,1986560,1810432,100.0,0.0,1,3,0:21,0,12288,569344,0,195,0,1986560,293,2,277,14,0,13.2,0.8,0.0,86.0,0.0,0.0,0.0,0.0,15795.0 MiB,6160.7 MiB,1878.2 MiB,7756.1 MiB,4096.0 MiB,4092.2 MiB,3.8 MiB,13106.7 MiB,
g++-4.9,2015-06-26,nbody_50000000,nbody_2.c 50000000,19,1691067897,476164,nbody_2_g++-4.9,0:22.57,6651904,1986560,1810432,100.0,0.0,1,3,0:22,0,12288,569344,0,195,0,1986560,293,2,277,14,0,13.1,0.8,0.0,86.2,0.0,0.0,0.0,0.0,15795.0 MiB,6160.2 MiB,1878.7 MiB,7756.1 MiB,4096.0 MiB,4092.2 MiB,3.8 MiB,13106.2 MiB,
g++-4.9,2015-06-26,nbody_50000000,nbody_2.c 50000000,20,1691067898,476164,nbody_2_g++-4.9,0:23.74,6651904,1986560,1810432,93.8,0.0,1,3,0:23,0,12288,569344,0,195,0,1986560,293,2,277,14,0,12.5,0.0,0.0,87.5,0.0,0.0,0.0,0.0,15795.0 MiB,6160.7 MiB,1878.2 MiB,7756.1 MiB,4096.0 MiB,4092.2 MiB,3.8 MiB,13106.7 MiB,
g++-4.9,2015-06-26,nbody_50000000,nbody_2.c 50000000,21,1691067900,476164,nbody_2_g++-4.9,0:24.92,6651904,1986560,1810432,93.8,0.0,1,3,0:24,0,12288,569344,0,195,0,1986560,293,2,277,14,0,12.3,0.8,0.0,86.9,0.0,0.0,0.0,0.0,15795.0 MiB,6160.9 MiB,1878.0 MiB,7756.1 MiB,4096.0 MiB,4092.2 MiB,3.8 MiB,13106.9 MiB,
g++-4.9,2015-06-26,nbody_50000000,nbody_2.c 50000000,22,1691067901,476164,nbody_2_g++-4.9,0:26.10,6651904,1986560,1810432,93.8,0.0,1,3,0:26,0,12288,569344,0,195,0,1986560,293,2,277,14,0,12.9,1.5,0.0,85.6,0.0,0.0,0.0,0.0,15795.0 MiB,6161.2 MiB,1877.7 MiB,7756.1 MiB,4096.0 MiB,4092.2 MiB,3.8 MiB,13107.2 MiB,
g++-4.9,2015-06-26,nbody_50000000,nbody_2.c 50000000,23,1691067902,476164,nbody_2_g++-4.9,0:27.28,6651904,1986560,1810432,93.8,0.0,1,3,0:27,0,12288,569344,0,195,0,1986560,293,2,277,14,0,13.1,0.8,0.0,86.2,0.0,0.0,0.0,0.0,15795.0 MiB,6160.4 MiB,1878.4 MiB,7756.1 MiB,4096.0 MiB,4092.2 MiB,3.8 MiB,13106.4 MiB,
g++-4.9,2015-06-26,nbody_50000000,nbody_2.c 50000000,24,1691067903,476164,nbody_2_g++-4.9,0:28.46,6651904,1986560,1810432,100.0,0.0,1,3,0:28,0,12288,569344,0,195,0,1986560,293,2,277,14,0,13.2,0.8,0.0,86.0,0.0,0.0,0.0,0.0,15795.0 MiB,6160.0 MiB,1878.9 MiB,7756.1 MiB,4096.0 MiB,4092.2 MiB,3.8 MiB,13105.9 MiB,
g++-4.9,2015-06-26,nbody_50000000,nbody_2.c 50000000,25,1691067904,476164,nbody_2_g++-4.9,0:29.64,6651904,1986560,1810432,100.0,0.0,1,7,0:29,0,12288,569344,0,195,0,1986560,293,2,277,14,0,12.4,0.8,0.0,86.8,0.0,0.0,0.0,0.0,15795.0 MiB,6160.0 MiB,1878.9 MiB,7756.1 MiB,4096.0 MiB,4092.2 MiB,3.8 MiB,13105.9 MiB,
g++-4.9,2015-06-26,nbody_50000000,nbody_2.c 50000000,26,1691067906,476164,nbody_2_g++-4.9,0:30.82,6651904,1986560,1810432,100.0,0.0,1,7,0:30,0,12288,569344,0,195,0,1986560,293,2,277,14,0,13.1,0.8,0.0,86.2,0.0,0.0,0.0,0.0,15795.0 MiB,6160.0 MiB,1878.9 MiB,7756.1 MiB,4096.0 MiB,4092.2 MiB,3.8 MiB,13106.0 MiB,
g++-4.9,2015-06-26,nbody_50000000,nbody_2.c 50000000,27,1691067907,476164,nbody_2_g++-4.9,0:32.00,6651904,1986560,1810432,100.0,0.0,1,7,0:32,0,12288,569344,0,195,0,1986560,293,2,277,14,0,13.1,0.8,0.0,86.2,0.0,0.0,0.0,0.0,15795.0 MiB,6159.7 MiB,1879.2 MiB,7756.1 MiB,4096.0 MiB,4092.2 MiB,3.8 MiB,13105.7 MiB,
g++-4.9,2015-06-26,nbody_50000000,nbody_2.c 50000000,28,1691067908,476164,nbody_2_g++-4.9,0:33.18,6651904,1986560,1810432,100.0,0.0,1,7,0:33,0,12288,569344,0,195,0,1986560,293,2,277,14,0,12.4,0.8,0.0,86.8,0.0,0.0,0.0,0.0,15795.0 MiB,6159.7 MiB,1879.2 MiB,7756.1 MiB,4096.0 MiB,4092.2 MiB,3.8 MiB,13105.7 MiB,
g++-4.9,2015-06-26,nbody_50000000,nbody_2.c 50000000,29,1691067909,476164,nbody_2_g++-4.9,0:34.36,6651904,1986560,1810432,100.0,0.0,1,7,0:34,0,12288,569344,0,195,0,1986560,293,2,277,14,0,12.5,0.0,0.0,87.5,0.0,0.0,0.0,0.0,15795.0 MiB,6159.5 MiB,1879.4 MiB,7756.1 MiB,4096.0 MiB,4092.2 MiB,3.8 MiB,13105.5 MiB,
g++-4.9,2015-06-26,nbody_50000000,nbody_2.c 50000000,30,1691067910,476164,nbody_2_g++-4.9,0:35.54,6651904,1986560,1810432,93.8,0.0,1,7,0:35,0,12288,569344,0,195,0,1986560,293,2,277,14,0,13.4,1.5,0.0,85.1,0.0,0.0,0.0,0.0,15795.0 MiB,6159.2 MiB,1879.6 MiB,7756.1 MiB,4096.0 MiB,4092.2 MiB,3.8 MiB,13105.2 MiB,
g++-4.9,2015-06-26,nbody_50000000,nbody_2.c 50000000,31,1691067911,476164,nbody_2_g++-4.9,0:36.72,6651904,1986560,1810432,93.8,0.0,1,7,0:36,0,12288,569344,0,195,0,1986560,293,2,277,14,0,13.0,1.5,0.0,85.5,0.0,0.0,0.0,0.0,15795.0 MiB,6159.2 MiB,1879.6 MiB,7756.1 MiB,4096.0 MiB,4092.2 MiB,3.8 MiB,13105.2 MiB,
g++-4.9,2015-06-26,nbody_50000000,nbody_2.c 50000000,32,1691067913,476164,nbody_2_g++-4.9,0:37.90,6651904,1986560,1810432,93.8,0.0,1,7,0:37,0,12288,569344,0,195,0,1986560,293,2,277,14,0,13.1,0.8,0.0,86.2,0.0,0.0,0.0,0.0,15795.0 MiB,6159.0 MiB,1879.9 MiB,7756.1 MiB,4096.0 MiB,4092.2 MiB,3.8 MiB,13105.0 MiB,
g++-4.9,2015-06-26,nbody_50000000,nbody_2.c 50000000,33,1691067914,476164,nbody_2_g++-4.9,0:39.08,6651904,1986560,1810432,100.0,0.0,1,3,0:39,0,12288,569344,0,195,0,1986560,293,2,277,14,0,12.5,0.0,0.0,87.5,0.0,0.0,0.0,0.0,15795.0 MiB,6158.5 MiB,1880.4 MiB,7756.1 MiB,4096.0 MiB,4092.2 MiB,3.8 MiB,13104.5 MiB,
g++-4.9,2015-06-26,nbody_50000000,nbody_2.c 50000000,34,1691067915,476164,nbody_2_g++-4.9,0:40.26,6651904,1986560,1810432,100.0,0.0,1,3,0:40,0,12288,569344,0,195,0,1986560,293,2,277,14,0,12.5,0.0,0.0,87.5,0.0,0.0,0.0,0.0,15795.0 MiB,6159.2 MiB,1879.6 MiB,7756.1 MiB,4096.0 MiB,4092.2 MiB,3.8 MiB,13105.2 MiB,
g++-4.9,2015-06-26,nbody_50000000,nbody_2.c 50000000,35,1691067916,476164,nbody_2_g++-4.9,0:41.44,6651904,1986560,1810432,100.0,0.0,1,3,0:41,0,12288,569344,0,195,0,1986560,293,2,277,14,0,12.4,0.8,0.0,86.8,0.0,0.0,0.0,0.0,15795.0 MiB,6159.0 MiB,1879.9 MiB,7756.1 MiB,4096.0 MiB,4092.2 MiB,3.8 MiB,13105.0 MiB,
g++-4.9,2015-06-26,nbody_50000000,nbody_2.c 50000000,36,1691067917,476164,nbody_2_g++-4.9,0:42.62,6651904,1986560,1810432,100.0,0.0,1,3,0:42,0,12288,569344,0,195,0,1986560,293,2,277,14,0,12.3,2.3,0.0,85.4,0.0,0.0,0.0,0.0,15795.0 MiB,6159.7 MiB,1879.1 MiB,7756.1 MiB,4096.0 MiB,4092.2 MiB,3.8 MiB,13105.7 MiB,
g++-4.9,2015-06-26,nbody_50000000,nbody_2.c 50000000,37,1691067919,476164,nbody_2_g++-4.9,0:43.79,6651904,1986560,1810432,93.8,0.0,1,3,0:43,0,12288,569344,0,195,0,1986560,293,2,277,14,0,13.2,0.0,0.0,86.8,0.0,0.0,0.0,0.0,15795.0 MiB,6159.7 MiB,1879.1 MiB,7756.1 MiB,4096.0 MiB,4092.2 MiB,3.8 MiB,13105.7 MiB,
g++-4.9,2015-06-26,nbody_50000000,nbody_2.c 50000000,38,1691067920,476164,nbody_2_g++-4.9,0:44.98,6651904,1986560,1810432,93.8,0.0,1,3,0:44,0,12288,569344,0,195,0,1986560,293,2,277,14,0,14.1,1.5,0.0,84.4,0.0,0.0,0.0,0.0,15795.0 MiB,6159.5 MiB,1879.3 MiB,7756.2 MiB,4096.0 MiB,4092.2 MiB,3.8 MiB,13105.5 MiB,
g++-4.9,2015-06-26,nbody_50000000,nbody_2.c 50000000,39,1691067921,476164,nbody_2_g++-4.9,0:46.16,6651904,1986560,1810432,93.8,0.0,1,3,0:46,0,12288,569344,0,195,0,1986560,293,2,277,14,0,13.2,0.0,0.0,86.8,0.0,0.0,0.0,0.0,15795.0 MiB,6159.5 MiB,1879.3 MiB,7756.2 MiB,4096.0 MiB,4092.2 MiB,3.8 MiB,13105.5 MiB,
g++-4.9,2015-06-26,nbody_50000000,nbody_2.c 50000000,40,1691067922,476164,nbody_2_g++-4.9,0:47.34,6651904,1986560,1810432,93.8,0.0,1,3,0:47,0,12288,569344,0,195,0,1986560,293,2,277,14,0,13.0,1.5,0.0,85.5,0.0,0.0,0.0,0.0,15795.0 MiB,6160.0 MiB,1878.8 MiB,7756.2 MiB,4096.0 MiB,4092.2 MiB,3.8 MiB,13106.0 MiB,
g++-4.9,2015-06-26,nbody_50000000,nbody_2.c 50000000,41,1691067923,476164,nbody_2_g++-4.9,0:48.52,6651904,1986560,1810432,93.8,0.0,1,3,0:48,0,12288,569344,0,195,0,1986560,294,2,278,14,0,13.1,0.8,0.0,86.2,0.0,0.0,0.0,0.0,15795.0 MiB,6159.7 MiB,1879.0 MiB,7756.2 MiB,4096.0 MiB,4092.2 MiB,3.8 MiB,13105.8 MiB,
g++-4.9,2015-06-26,nbody_50000000,nbody_2.c 50000000,42,1691067924,476164,nbody_2_g++-4.9,0:49.70,6651904,1986560,1810432,93.8,0.0,1,3,0:49,0,12288,569344,0,195,0,1986560,294,2,278,14,0,13.8,0.8,0.0,85.4,0.0,0.0,0.0,0.0,15795.0 MiB,6159.7 MiB,1879.0 MiB,7756.3 MiB,4096.0 MiB,4092.2 MiB,3.8 MiB,13105.8 MiB,
g++-4.9,2015-06-26,nbody_50000000,nbody_2.c 50000000,43,1691067926,476164,nbody_2_g++-4.9,0:50.88,6651904,1986560,1810432,100.0,0.0,1,3,0:50,0,12288,569344,0,195,0,1986560,293,2,277,14,0,12.5,0.0,0.0,87.5,0.0,0.0,0.0,0.0,15795.0 MiB,6159.2 MiB,1879.5 MiB,7756.3 MiB,4096.0 MiB,4092.2 MiB,3.8 MiB,13105.3 MiB,
g++-4.9,2015-06-26,nbody_50000000,nbody_2.c 50000000,44,1691067927,476164,nbody_2_g++-4.9,0:52.06,6651904,1986560,1810432,100.0,0.0,1,3,0:52,0,12288,569344,0,195,0,1986560,293,2,277,14,0,13.2,0.0,0.0,86.8,0.0,0.0,0.0,0.0,15795.0 MiB,6159.0 MiB,1879.7 MiB,7756.3 MiB,4096.0 MiB,4092.2 MiB,3.8 MiB,13105.0 MiB,
g++-4.9,2015-06-26,nbody_50000000,nbody_2.c 50000000,45,1691067928,476164,nbody_2_g++-4.9,0:53.24,6651904,1986560,1810432,100.0,0.0,1,3,0:53,0,12288,569344,0,195,0,1986560,293,2,277,14,0,13.8,0.0,0.0,86.2,0.0,0.0,0.0,0.0,15795.0 MiB,6159.0 MiB,1879.7 MiB,7756.3 MiB,4096.0 MiB,4092.2 MiB,3.8 MiB,13105.0 MiB,
g++-4.9,2015-06-26,nbody_50000000,nbody_2.c 50000000,46,1691067929,476164,nbody_2_g++-4.9,0:54.42,6651904,1986560,1810432,100.0,0.0,1,3,0:54,0,12288,569344,0,195,0,1986560,293,2,277,14,0,13.1,0.8,0.0,86.2,0.0,0.0,0.0,0.0,15795.0 MiB,6158.7 MiB,1880.0 MiB,7756.3 MiB,4096.0 MiB,4092.2 MiB,3.8 MiB,13104.8 MiB,
g++-4.9,2015-06-26,nbody_50000000,nbody_2.c 50000000,47,1691067930,476164,nbody_2_g++-4.9,0:55.59,6651904,1986560,1810432,93.8,0.0,1,3,0:55,0,12288,569344,0,195,0,1986560,294,2,278,14,0,13.1,0.8,0.0,86.2,0.0,0.0,0.0,0.0,15795.0 MiB,6158.7 MiB,1880.0 MiB,7756.3 MiB,4096.0 MiB,4092.2 MiB,3.8 MiB,13104.8 MiB,
g++-4.9,2015-06-26,nbody_50000000,nbody_2.c 50000000,48,1691067932,476164,nbody_2_g++-4.9,0:56.77,6651904,1986560,1810432,93.8,0.0,1,3,0:56,0,12288,569344,0,195,0,1986560,294,2,278,14,0,12.4,1.6,0.0,86.0,0.0,0.0,0.0,0.0,15795.0 MiB,6158.0 MiB,1880.7 MiB,7756.3 MiB,4096.0 MiB,4092.2 MiB,3.8 MiB,13104.0 MiB,
g++-4.9,2015-06-26,nbody_50000000,nbody_2.c 50000000,49,1691067933,476164,nbody_2_g++-4.9,0:57.95,6651904,1986560,1810432,93.8,0.0,1,3,0:57,0,12288,569344,0,195,0,1986560,293,2,277,14,0,13.7,0.8,0.0,85.5,0.0,0.0,0.0,0.0,15795.0 MiB,6157.8 MiB,1880.9 MiB,7756.3 MiB,4096.0 MiB,4092.2 MiB,3.8 MiB,13103.8 MiB,
g++-4.9,2015-06-26,nbody_50000000,nbody_2.c 50000000,50,1691067934,476164,nbody_2_g++-4.9,0:59.13,6651904,1986560,1810432,93.8,0.0,1,3,0:59,0,12288,569344,0,195,0,1986560,293,2,277,14,0,13.0,1.5,0.0,85.5,0.0,0.0,0.0,0.0,15795.0 MiB,6157.5 MiB,1881.2 MiB,7756.3 MiB,4096.0 MiB,4092.2 MiB,3.8 MiB,13103.6 MiB,
g++-4.9,2015-06-26,nbody_50000000,nbody_2.c 50000000,51,1691067935,476164,nbody_2_g++-4.9,1:00.31,6651904,1986560,1810432,93.8,0.0,1,3,1:00,0,12288,569344,0,195,0,1986560,293,2,277,14,0,13.1,0.8,0.0,86.2,0.0,0.0,0.0,0.0,15795.0 MiB,6157.5 MiB,1881.2 MiB,7756.3 MiB,4096.0 MiB,4092.2 MiB,3.8 MiB,13103.6 MiB,
g++-4.9,2015-06-26,nbody_50000000,nbody_2.c 50000000,52,1691067936,476164,nbody_2_g++-4.9,1:01.49,6651904,1986560,1810432,100.0,0.0,1,3,1:01,0,12288,569344,0,195,0,1986560,293,2,277,14,0,12.3,0.8,0.0,86.9,0.0,0.0,0.0,0.0,15795.0 MiB,6157.3 MiB,1881.4 MiB,7756.3 MiB,4096.0 MiB,4092.2 MiB,3.8 MiB,13103.3 MiB,
g++-4.9,2015-06-26,nbody_50000000,nbody_2.c 50000000,53,1691067937,476164,nbody_2_g++-4.9,1:02.67,6651904,1986560,1810432,100.0,0.0,1,3,1:02,0,12288,569344,0,195,0,1986560,293,2,277,14,0,12.4,0.8,0.0,86.8,0.0,0.0,0.0,0.0,15795.0 MiB,6157.3 MiB,1881.4 MiB,7756.3 MiB,4096.0 MiB,4092.2 MiB,3.8 MiB,13103.3 MiB,
g++-4.9,2015-06-26,nbody_50000000,nbody_2.c 50000000,54,1691067939,476164,nbody_2_g++-4.9,1:03.85,6651904,1986560,1810432,100.0,0.0,1,3,1:03,0,12288,569344,0,195,0,1986560,293,2,277,14,0,13.8,0.8,0.0,85.4,0.0,0.0,0.0,0.0,15795.0 MiB,6156.5 MiB,1882.2 MiB,7756.3 MiB,4096.0 MiB,4092.2 MiB,3.8 MiB,13102.6 MiB,
g++-4.9,2015-06-26,nbody_50000000,nbody_2.c 50000000,55,1691067940,476164,nbody_2_g++-4.9,1:05.03,6651904,1986560,1810432,100.0,0.0,1,3,1:05,0,12288,569344,0,195,0,1986560,293,2,277,14,0,13.1,0.8,0.0,86.2,0.0,0.0,0.0,0.0,15795.0 MiB,6156.8 MiB,1881.9 MiB,7756.3 MiB,4096.0 MiB,4092.2 MiB,3.8 MiB,13102.8 MiB,
g++-4.9,2015-06-26,nbody_50000000,nbody_2.c 50000000,56,1691067941,476164,nbody_2_g++-4.9,1:06.21,6651904,1986560,1810432,100.0,0.0,1,3,1:06,0,12288,569344,0,195,0,1986560,293,2,277,14,0,13.1,0.8,0.0,86.2,0.0,0.0,0.0,0.0,15795.0 MiB,6156.5 MiB,1882.1 MiB,7756.3 MiB,4096.0 MiB,4092.2 MiB,3.8 MiB,13102.6 MiB,
g++-4.9,2015-06-26,nbody_50000000,nbody_2.c 50000000,57,1691067942,476164,nbody_2_g++-4.9,1:07.39,6651904,1986560,1810432,100.0,0.0,1,7,1:07,0,12288,569344,0,195,0,1986560,293,2,277,14,0,13.0,1.5,0.0,85.5,0.0,0.0,0.0,0.0,15795.0 MiB,6156.5 MiB,1882.1 MiB,7756.3 MiB,4096.0 MiB,4092.2 MiB,3.8 MiB,13102.6 MiB,
g++-4.9,2015-06-26,nbody_50000000,nbody_2.c 50000000,58,1691067943,476164,nbody_2_g++-4.9,1:08.57,6651904,1986560,1810432,100.0,0.0,1,7,1:08,0,12288,569344,0,195,0,1986560,293,2,277,14,0,12.5,0.0,0.0,87.5,0.0,0.0,0.0,0.0,15795.0 MiB,6156.5 MiB,1882.1 MiB,7756.3 MiB,4096.0 MiB,4092.2 MiB,3.8 MiB,13102.6 MiB,
g++-4.9,2015-06-26,nbody_50000000,nbody_2.c 50000000,59,1691067944,476164,nbody_2_g++-4.9,1:09.75,6651904,1986560,1810432,100.0,0.0,1,7,1:09,0,12288,569344,0,195,0,1986560,293,2,277,14,0,14.3,1.5,0.0,84.2,0.0,0.0,0.0,0.0,15795.0 MiB,6156.5 MiB,1882.1 MiB,7756.3 MiB,4096.0 MiB,4092.2 MiB,3.8 MiB,13102.6 MiB,
g++-4.9,2015-06-26,nbody_50000000,nbody_2.c 50000000,60,1691067946,476164,nbody_2_g++-4.9,1:10.93,6651904,1986560,1810432,100.0,0.0,1,7,1:10,0,12288,569344,0,195,0,1986560,293,2,277,14,0,13.2,0.8,0.0,86.0,0.0,0.0,0.0,0.0,15795.0 MiB,6156.5 MiB,1882.1 MiB,7756.3 MiB,4096.0 MiB,4092.2 MiB,3.8 MiB,13102.6 MiB,
g++-4.9,2015-06-26,nbody_50000000,nbody_2.c 50000000,61,1691067947,476164,nbody_2_g++-4.9,1:12.11,6651904,1986560,1810432,100.0,0.0,1,7,1:12,0,12288,569344,0,195,0,1986560,294,2,278,14,0,13.2,0.0,0.0,86.8,0.0,0.0,0.0,0.0,15795.0 MiB,6156.5 MiB,1882.1 MiB,7756.3 MiB,4096.0 MiB,4092.2 MiB,3.8 MiB,13102.6 MiB,
g++-4.9,2015-06-26,nbody_50000000,nbody_2.c 50000000,62,1691067948,476164,nbody_2_g++-4.9,1:13.28,6651904,1986560,1810432,93.8,0.0,1,7,1:13,0,12288,569344,0,195,0,1986560,294,2,278,14,0,13.1,0.8,0.0,86.2,0.0,0.0,0.0,0.0,15795.0 MiB,6156.8 MiB,1881.9 MiB,7756.3 MiB,4096.0 MiB,4092.2 MiB,3.8 MiB,13102.9 MiB,
g++-4.9,2015-06-26,nbody_50000000,nbody_2.c 50000000,63,1691067949,476164,nbody_2_g++-4.9,1:14.46,6651904,1986560,1810432,93.8,0.0,1,7,1:14,0,12288,569344,0,195,0,1986560,294,2,278,14,0,12.4,0.8,0.0,86.8,0.0,0.0,0.0,0.0,15795.0 MiB,6157.3 MiB,1881.4 MiB,7756.3 MiB,4096.0 MiB,4092.2 MiB,3.8 MiB,13103.4 MiB,
g++-4.9,2015-06-26,nbody_50000000,nbody_2.c 50000000,64,1691067950,476164,nbody_2_g++-4.9,1:15.64,6651904,1986560,1810432,93.8,0.0,1,7,1:15,0,12288,569344,0,195,0,1986560,293,2,277,14,0,12.4,0.0,0.0,87.6,0.0,0.0,0.0,0.0,15795.0 MiB,6157.3 MiB,1881.4 MiB,7756.3 MiB,4096.0 MiB,4092.2 MiB,3.8 MiB,13103.4 MiB,
g++-4.9,2015-06-26,nbody_50000000,nbody_2.c 50000000,65,1691067952,476164,nbody_2_g++-4.9,1:16.82,6651904,1986560,1810432,93.8,0.0,1,7,1:16,0,12288,569344,0,195,0,1986560,293,2,277,14,0,13.7,0.8,0.0,85.5,0.0,0.0,0.0,0.0,15795.0 MiB,6157.3 MiB,1881.4 MiB,7756.3 MiB,4096.0 MiB,4092.2 MiB,3.8 MiB,13103.4 MiB,
g++-4.9,2015-06-26,nbody_50000000,nbody_2.c 50000000,66,1691067953,476164,nbody_2_g++-4.9,1:18.00,6651904,1986560,1810432,93.8,0.0,1,7,1:18,0,12288,569344,0,195,0,1986560,293,2,277,14,0,13.1,0.8,0.0,86.2,0.0,0.0,0.0,0.0,15795.0 MiB,6157.3 MiB,1881.4 MiB,7756.3 MiB,4096.0 MiB,4092.2 MiB,3.8 MiB,13103.4 MiB,
g++-5,2017-10-10,nbody_50000000,nbody_2.c 50000000,0,1691068074,476628,nbody_2_g++-5,0:00.18,6651904,1990656,1814528,93.8,0.0,1,3,0:00,0,12288,569344,0,195,0,1990656,293,2,277,14,0,14.1,2.2,0.0,82.2,1.5,0.0,0.0,0.0,15795.0 MiB,6158.7 MiB,1872.0 MiB,7764.3 MiB,4096.0 MiB,4092.2 MiB,3.8 MiB,13105.0 MiB,
g++-5,2017-10-10,nbody_50000000,nbody_2.c 50000000,1,1691068075,476628,nbody_2_g++-5,0:01.36,6651904,1990656,1814528,93.8,0.0,1,3,0:01,0,12288,569344,0,195,0,1990656,293,2,277,14,0,13.1,0.8,0.0,86.2,0.0,0.0,0.0,0.0,15795.0 MiB,6166.4 MiB,1872.2 MiB,7756.5 MiB,4096.0 MiB,4092.2 MiB,3.8 MiB,13112.6 MiB,
g++-5,2017-10-10,nbody_50000000,nbody_2.c 50000000,2,1691068077,476628,nbody_2_g++-5,0:02.54,6651904,1990656,1814528,100.0,0.0,1,3,0:02,0,12288,569344,0,195,0,1990656,293,2,277,14,0,13.1,0.8,0.0,86.2,0.0,0.0,0.0,0.0,15795.0 MiB,6166.4 MiB,1872.2 MiB,7756.5 MiB,4096.0 MiB,4092.2 MiB,3.8 MiB,13112.6 MiB,
g++-5,2017-10-10,nbody_50000000,nbody_2.c 50000000,3,1691068078,476628,nbody_2_g++-5,0:03.72,6651904,1990656,1814528,100.0,0.0,1,3,0:03,0,12288,569344,0,195,0,1990656,293,2,277,14,0,13.1,0.8,0.0,86.2,0.0,0.0,0.0,0.0,15795.0 MiB,6166.6 MiB,1871.9 MiB,7756.5 MiB,4096.0 MiB,4092.2 MiB,3.8 MiB,13112.9 MiB,
g++-5,2017-10-10,nbody_50000000,nbody_2.c 50000000,4,1691068079,476628,nbody_2_g++-5,0:04.90,6651904,1990656,1814528,93.8,0.0,1,3,0:04,0,12288,569344,0,195,0,1990656,293,2,277,14,0,12.5,2.2,0.0,85.3,0.0,0.0,0.0,0.0,15795.0 MiB,6166.6 MiB,1871.9 MiB,7756.5 MiB,4096.0 MiB,4092.2 MiB,3.8 MiB,13112.9 MiB,
g++-5,2017-10-10,nbody_50000000,nbody_2.c 50000000,5,1691068080,476628,nbody_2_g++-5,0:06.09,6651904,1990656,1814528,100.0,0.0,1,3,0:06,0,12288,569344,0,195,0,1990656,293,2,277,14,0,13.0,0.8,0.0,86.3,0.0,0.0,0.0,0.0,15795.0 MiB,6166.6 MiB,1871.9 MiB,7756.5 MiB,4096.0 MiB,4092.2 MiB,3.8 MiB,13112.9 MiB,
g++-5,2017-10-10,nbody_50000000,nbody_2.c 50000000,6,1691068081,476628,nbody_2_g++-5,0:07.26,6651904,1990656,1814528,100.0,0.0,1,3,0:07,0,12288,569344,0,195,0,1990656,293,2,277,14,0,12.3,1.5,0.0,86.2,0.0,0.0,0.0,0.0,15795.0 MiB,6165.6 MiB,1872.9 MiB,7756.5 MiB,4096.0 MiB,4092.2 MiB,3.8 MiB,13111.9 MiB,
g++-5,2017-10-10,nbody_50000000,nbody_2.c 50000000,7,1691068082,476628,nbody_2_g++-5,0:08.44,6651904,1990656,1814528,100.0,0.0,1,3,0:08,0,12288,569344,0,195,0,1990656,293,2,277,14,0,12.4,0.8,0.0,86.8,0.0,0.0,0.0,0.0,15795.0 MiB,6165.6 MiB,1872.9 MiB,7756.5 MiB,4096.0 MiB,4092.2 MiB,3.8 MiB,13111.9 MiB,
g++-5,2017-10-10,nbody_50000000,nbody_2.c 50000000,8,1691068084,476628,nbody_2_g++-5,0:09.62,6651904,1990656,1814528,93.8,0.0,1,3,0:09,0,12288,569344,0,195,0,1990656,293,2,277,14,0,13.1,0.8,0.0,86.2,0.0,0.0,0.0,0.0,15795.0 MiB,6165.6 MiB,1872.9 MiB,7756.5 MiB,4096.0 MiB,4092.2 MiB,3.8 MiB,13111.9 MiB,
g++-5,2017-10-10,nbody_50000000,nbody_2.c 50000000,9,1691068085,476628,nbody_2_g++-5,0:10.80,6651904,1990656,1814528,93.8,0.0,1,3,0:10,0,12288,569344,0,195,0,1990656,293,2,277,14,0,13.1,0.8,0.0,86.2,0.0,0.0,0.0,0.0,15795.0 MiB,6165.6 MiB,1872.9 MiB,7756.5 MiB,4096.0 MiB,4092.2 MiB,3.8 MiB,13111.9 MiB,
g++-5,2017-10-10,nbody_50000000,nbody_2.c 50000000,10,1691068086,476628,nbody_2_g++-5,0:11.98,6651904,1990656,1814528,93.8,0.0,1,3,0:11,0,12288,569344,0,195,0,1990656,293,2,277,14,0,13.1,0.8,0.0,86.2,0.0,0.0,0.0,0.0,15795.0 MiB,6165.1 MiB,1873.4 MiB,7756.5 MiB,4096.0 MiB,4092.2 MiB,3.8 MiB,13111.4 MiB,
g++-5,2017-10-10,nbody_50000000,nbody_2.c 50000000,11,1691068087,476628,nbody_2_g++-5,0:13.16,6651904,1990656,1814528,100.0,0.0,1,3,0:13,0,12288,569344,0,195,0,1990656,293,2,277,14,0,12.4,0.8,0.0,86.8,0.0,0.0,0.0,0.0,15795.0 MiB,6165.9 MiB,1872.6 MiB,7756.5 MiB,4096.0 MiB,4092.2 MiB,3.8 MiB,13112.2 MiB,
g++-5,2017-10-10,nbody_50000000,nbody_2.c 50000000,12,1691068088,476628,nbody_2_g++-5,0:14.34,6651904,1990656,1814528,100.0,0.0,1,3,0:14,0,12288,569344,0,195,0,1990656,293,2,277,14,0,12.4,0.8,0.0,86.8,0.0,0.0,0.0,0.0,15795.0 MiB,6165.6 MiB,1872.9 MiB,7756.5 MiB,4096.0 MiB,4092.2 MiB,3.8 MiB,13111.9 MiB,
g++-5,2017-10-10,nbody_50000000,nbody_2.c 50000000,13,1691068090,476628,nbody_2_g++-5,0:15.52,6651904,1990656,1814528,100.0,0.0,1,3,0:15,0,12288,569344,0,195,0,1990656,293,2,277,14,0,13.0,0.8,0.0,86.3,0.0,0.0,0.0,0.0,15795.0 MiB,6165.9 MiB,1872.6 MiB,7756.5 MiB,4096.0 MiB,4092.2 MiB,3.8 MiB,13112.2 MiB,
g++-5,2017-10-10,nbody_50000000,nbody_2.c 50000000,14,1691068091,476628,nbody_2_g++-5,0:16.69,6651904,1990656,1814528,100.0,0.0,1,3,0:16,0,12288,569344,0,195,0,1990656,293,2,277,14,0,13.7,0.8,0.0,85.5,0.0,0.0,0.0,0.0,15795.0 MiB,6166.4 MiB,1872.1 MiB,7756.5 MiB,4096.0 MiB,4092.2 MiB,3.8 MiB,13112.7 MiB,
g++-5,2017-10-10,nbody_50000000,nbody_2.c 50000000,15,1691068092,476628,nbody_2_g++-5,0:17.87,6651904,1990656,1814528,100.0,0.0,1,3,0:17,0,12288,569344,0,195,0,1990656,293,2,277,14,0,13.7,0.8,0.0,85.5,0.0,0.0,0.0,0.0,15795.0 MiB,6166.4 MiB,1872.1 MiB,7756.5 MiB,4096.0 MiB,4092.2 MiB,3.8 MiB,13112.7 MiB,
g++-5,2017-10-10,nbody_50000000,nbody_2.c 50000000,16,1691068093,476628,nbody_2_g++-5,0:19.05,6651904,1990656,1814528,100.0,0.0,1,7,0:19,0,12288,569344,0,195,0,1990656,293,2,277,14,0,13.1,0.8,0.0,86.2,0.0,0.0,0.0,0.0,15795.0 MiB,6166.6 MiB,1871.9 MiB,7756.5 MiB,4096.0 MiB,4092.2 MiB,3.8 MiB,13112.9 MiB,
g++-5,2017-10-10,nbody_50000000,nbody_2.c 50000000,17,1691068094,476628,nbody_2_g++-5,0:20.23,6651904,1990656,1814528,100.0,0.0,1,7,0:20,0,12288,569344,0,195,0,1990656,293,2,277,14,0,13.1,0.8,0.0,86.2,0.0,0.0,0.0,0.0,15795.0 MiB,6166.9 MiB,1871.6 MiB,7756.5 MiB,4096.0 MiB,4092.2 MiB,3.8 MiB,13113.2 MiB,
g++-5,2017-10-10,nbody_50000000,nbody_2.c 50000000,18,1691068095,476628,nbody_2_g++-5,0:21.40,6651904,1990656,1814528,100.0,0.0,1,7,0:21,0,12288,569344,0,195,0,1990656,293,2,277,14,0,12.4,0.0,0.0,87.6,0.0,0.0,0.0,0.0,15795.0 MiB,6166.4 MiB,1872.1 MiB,7756.5 MiB,4096.0 MiB,4092.2 MiB,3.8 MiB,13112.7 MiB,
g++-5,2017-10-10,nbody_50000000,nbody_2.c 50000000,19,1691068097,476628,nbody_2_g++-5,0:22.60,6651904,1990656,1814528,100.0,0.0,1,7,0:22,0,12288,569344,0,195,0,1990656,293,2,277,14,0,14.3,0.7,0.0,85.0,0.0,0.0,0.0,0.0,15795.0 MiB,6166.1 MiB,1872.3 MiB,7756.5 MiB,4096.0 MiB,4092.2 MiB,3.8 MiB,13112.5 MiB,
g++-5,2017-10-10,nbody_50000000,nbody_2.c 50000000,20,1691068098,476628,nbody_2_g++-5,0:23.78,6651904,1990656,1814528,100.0,0.0,1,7,0:23,0,12288,569344,0,195,0,1990656,293,2,277,14,0,12.3,0.8,0.0,86.9,0.0,0.0,0.0,0.0,15795.0 MiB,6165.9 MiB,1872.6 MiB,7756.5 MiB,4096.0 MiB,4092.2 MiB,3.8 MiB,13112.2 MiB,
g++-5,2017-10-10,nbody_50000000,nbody_2.c 50000000,21,1691068099,476628,nbody_2_g++-5,0:24.96,6651904,1990656,1814528,100.0,0.0,1,7,0:24,0,12288,569344,0,195,0,1990656,293,2,277,14,0,12.6,0.0,0.0,87.4,0.0,0.0,0.0,0.0,15795.0 MiB,6165.7 MiB,1872.8 MiB,7756.5 MiB,4096.0 MiB,4092.2 MiB,3.8 MiB,13112.0 MiB,
g++-5,2017-10-10,nbody_50000000,nbody_2.c 50000000,22,1691068100,476628,nbody_2_g++-5,0:26.14,6651904,1990656,1814528,100.0,0.0,1,7,0:26,0,12288,569344,0,195,0,1990656,293,2,277,14,0,12.3,1.5,0.0,86.2,0.0,0.0,0.0,0.0,15795.0 MiB,6165.7 MiB,1872.8 MiB,7756.5 MiB,4096.0 MiB,4092.2 MiB,3.8 MiB,13112.0 MiB,
g++-5,2017-10-10,nbody_50000000,nbody_2.c 50000000,23,1691068101,476628,nbody_2_g++-5,0:27.32,6651904,1990656,1814528,100.0,0.0,1,7,0:27,0,12288,569344,0,195,0,1990656,293,2,277,14,0,13.7,0.8,0.0,85.5,0.0,0.0,0.0,0.0,15795.0 MiB,6165.4 MiB,1873.1 MiB,7756.5 MiB,4096.0 MiB,4092.2 MiB,3.8 MiB,13111.7 MiB,
g++-5,2017-10-10,nbody_50000000,nbody_2.c 50000000,24,1691068102,476628,nbody_2_g++-5,0:28.50,6651904,1990656,1814528,100.0,0.0,1,7,0:28,0,12288,569344,0,195,0,1990656,293,2,277,14,0,13.7,0.8,0.0,85.5,0.0,0.0,0.0,0.0,15795.0 MiB,6164.9 MiB,1873.5 MiB,7756.5 MiB,4096.0 MiB,4092.2 MiB,3.8 MiB,13111.3 MiB,
g++-5,2017-10-10,nbody_50000000,nbody_2.c 50000000,25,1691068104,476628,nbody_2_g++-5,0:29.67,6651904,1990656,1814528,100.0,0.0,1,7,0:29,0,12288,569344,0,195,0,1990656,293,2,277,14,0,12.3,0.8,0.0,86.9,0.0,0.0,0.0,0.0,15795.0 MiB,6165.7 MiB,1872.8 MiB,7756.5 MiB,4096.0 MiB,4092.2 MiB,3.8 MiB,13112.0 MiB,
g++-5,2017-10-10,nbody_50000000,nbody_2.c 50000000,26,1691068105,476628,nbody_2_g++-5,0:30.86,6651904,1990656,1814528,93.8,0.0,1,7,0:30,0,12288,569344,0,195,0,1990656,293,2,277,14,0,13.4,0.7,0.0,85.8,0.0,0.0,0.0,0.0,15795.0 MiB,6165.7 MiB,1872.8 MiB,7756.5 MiB,4096.0 MiB,4092.2 MiB,3.8 MiB,13112.0 MiB,
g++-5,2017-10-10,nbody_50000000,nbody_2.c 50000000,27,1691068106,476628,nbody_2_g++-5,0:32.04,6651904,1990656,1814528,93.8,0.0,1,7,0:32,0,12288,569344,0,195,0,1990656,293,2,277,14,0,12.5,0.8,0.0,86.7,0.0,0.0,0.0,0.0,15795.0 MiB,6165.9 MiB,1872.6 MiB,7756.5 MiB,4096.0 MiB,4092.2 MiB,3.8 MiB,13112.2 MiB,
g++-5,2017-10-10,nbody_50000000,nbody_2.c 50000000,28,1691068107,476628,nbody_2_g++-5,0:33.23,6651904,1990656,1814528,100.0,0.0,1,3,0:33,0,12288,569344,0,195,0,1990656,293,2,277,14,0,13.3,1.5,0.0,85.2,0.0,0.0,0.0,0.0,15795.0 MiB,6165.9 MiB,1872.6 MiB,7756.5 MiB,4096.0 MiB,4092.2 MiB,3.8 MiB,13112.2 MiB,
g++-5,2017-10-10,nbody_50000000,nbody_2.c 50000000,29,1691068108,476628,nbody_2_g++-5,0:34.41,6651904,1990656,1814528,100.0,0.0,1,3,0:34,0,12288,569344,0,195,0,1990656,293,2,277,14,0,13.7,0.8,0.0,85.5,0.0,0.0,0.0,0.0,15795.0 MiB,6165.9 MiB,1872.6 MiB,7756.5 MiB,4096.0 MiB,4092.2 MiB,3.8 MiB,13112.2 MiB,
g++-5,2017-10-10,nbody_50000000,nbody_2.c 50000000,30,1691068110,476628,nbody_2_g++-5,0:35.59,6651904,1990656,1814528,100.0,0.0,1,3,0:35,0,12288,569344,0,195,0,1990656,293,2,277,14,0,13.1,0.8,0.0,86.2,0.0,0.0,0.0,0.0,15795.0 MiB,6165.9 MiB,1872.6 MiB,7756.5 MiB,4096.0 MiB,4092.2 MiB,3.8 MiB,13112.3 MiB,
g++-5,2017-10-10,nbody_50000000,nbody_2.c 50000000,31,1691068111,476628,nbody_2_g++-5,0:36.77,6651904,1990656,1814528,100.0,0.0,1,3,0:36,0,12288,569344,0,195,0,1990656,293,2,277,14,0,12.6,1.5,0.0,85.9,0.0,0.0,0.0,0.0,15795.0 MiB,6165.7 MiB,1872.8 MiB,7756.5 MiB,4096.0 MiB,4092.2 MiB,3.8 MiB,13112.0 MiB,
g++-5,2017-10-10,nbody_50000000,nbody_2.c 50000000,32,1691068112,476628,nbody_2_g++-5,0:37.96,6651904,1990656,1814528,100.0,0.0,1,3,0:37,0,12288,569344,0,195,0,1990656,293,2,277,14,0,12.3,1.5,0.0,86.2,0.0,0.0,0.0,0.0,15795.0 MiB,6165.9 MiB,1872.5 MiB,7756.5 MiB,4096.0 MiB,4092.2 MiB,3.8 MiB,13112.3 MiB,
g++-5,2017-10-10,nbody_50000000,nbody_2.c 50000000,33,1691068113,476628,nbody_2_g++-5,0:39.15,6651904,1990656,1814528,100.0,0.0,1,3,0:39,0,12288,569344,0,195,0,1990656,293,2,277,14,0,14.2,0.7,0.0,85.1,0.0,0.0,0.0,0.0,15795.0 MiB,6165.9 MiB,1872.5 MiB,7756.5 MiB,4096.0 MiB,4092.2 MiB,3.8 MiB,13112.3 MiB,
g++-5,2017-10-10,nbody_50000000,nbody_2.c 50000000,34,1691068114,476628,nbody_2_g++-5,0:40.32,6651904,1990656,1814528,100.0,0.0,1,3,0:40,0,12288,569344,0,195,0,1990656,293,2,277,14,0,12.9,1.5,0.0,85.6,0.0,0.0,0.0,0.0,15795.0 MiB,6165.9 MiB,1872.5 MiB,7756.5 MiB,4096.0 MiB,4092.2 MiB,3.8 MiB,13112.3 MiB,
g++-5,2017-10-10,nbody_50000000,nbody_2.c 50000000,35,1691068116,476628,nbody_2_g++-5,0:41.50,6651904,1990656,1814528,100.0,0.0,1,3,0:41,0,12288,569344,0,195,0,1990656,293,2,277,14,0,13.2,0.0,0.0,86.8,0.0,0.0,0.0,0.0,15795.0 MiB,6165.9 MiB,1872.5 MiB,7756.5 MiB,4096.0 MiB,4092.2 MiB,3.8 MiB,13112.3 MiB,
g++-5,2017-10-10,nbody_50000000,nbody_2.c 50000000,36,1691068117,476628,nbody_2_g++-5,0:42.68,6651904,1990656,1814528,93.8,0.0,1,3,0:42,0,12288,569344,0,195,0,1990656,294,2,278,14,0,13.0,0.8,0.0,86.3,0.0,0.0,0.0,0.0,15795.0 MiB,6165.9 MiB,1872.5 MiB,7756.5 MiB,4096.0 MiB,4092.2 MiB,3.8 MiB,13112.3 MiB,
g++-5,2017-10-10,nbody_50000000,nbody_2.c 50000000,37,1691068118,476628,nbody_2_g++-5,0:43.86,6651904,1990656,1814528,93.8,0.0,1,7,0:43,0,12288,569344,0,195,0,1990656,294,2,278,14,0,13.1,0.8,0.0,86.2,0.0,0.0,0.0,0.0,15795.0 MiB,6165.7 MiB,1872.7 MiB,7756.6 MiB,4096.0 MiB,4092.2 MiB,3.8 MiB,13112.0 MiB,
g++-5,2017-10-10,nbody_50000000,nbody_2.c 50000000,38,1691068119,476628,nbody_2_g++-5,0:45.04,6651904,1990656,1814528,93.8,0.0,1,3,0:45,0,12288,569344,0,195,0,1990656,294,2,278,14,0,12.4,0.8,0.0,86.8,0.0,0.0,0.0,0.0,15795.0 MiB,6165.7 MiB,1872.7 MiB,7756.6 MiB,4096.0 MiB,4092.2 MiB,3.8 MiB,13112.0 MiB,
g++-5,2017-10-10,nbody_50000000,nbody_2.c 50000000,39,1691068120,476628,nbody_2_g++-5,0:46.23,6651904,1990656,1814528,100.0,0.0,1,3,0:46,0,12288,569344,0,195,0,1990656,293,2,277,14,0,13.2,2.2,0.0,84.6,0.0,0.0,0.0,0.0,15795.0 MiB,6167.6 MiB,1870.7 MiB,7756.6 MiB,4096.0 MiB,4092.2 MiB,3.8 MiB,13114.0 MiB,
g++-5,2017-10-10,nbody_50000000,nbody_2.c 50000000,40,1691068121,476628,nbody_2_g++-5,0:47.41,6651904,1990656,1814528,100.0,0.0,1,7,0:47,0,12288,569344,0,195,0,1990656,293,2,277,14,0,12.4,0.8,0.0,86.8,0.0,0.0,0.0,0.0,15795.0 MiB,6167.1 MiB,1871.2 MiB,7756.6 MiB,4096.0 MiB,4092.2 MiB,3.8 MiB,13113.5 MiB,
g++-5,2017-10-10,nbody_50000000,nbody_2.c 50000000,41,1691068123,476628,nbody_2_g++-5,0:48.59,6651904,1990656,1814528,100.0,0.0,1,7,0:48,0,12288,569344,0,195,0,1990656,293,2,277,14,0,12.4,0.8,0.0,86.8,0.0,0.0,0.0,0.0,15795.0 MiB,6166.2 MiB,1872.2 MiB,7756.6 MiB,4096.0 MiB,4092.2 MiB,3.8 MiB,13112.5 MiB,
g++-5,2017-10-10,nbody_50000000,nbody_2.c 50000000,42,1691068124,476628,nbody_2_g++-5,0:49.77,6651904,1990656,1814528,100.0,0.0,1,3,0:49,0,12288,569344,0,195,0,1990656,293,2,277,14,0,12.4,0.8,0.0,86.8,0.0,0.0,0.0,0.0,15795.0 MiB,6166.6 MiB,1871.7 MiB,7756.6 MiB,4096.0 MiB,4092.2 MiB,3.8 MiB,13113.0 MiB,
g++-5,2017-10-10,nbody_50000000,nbody_2.c 50000000,43,1691068125,476628,nbody_2_g++-5,0:50.95,6651904,1990656,1814528,100.0,0.0,1,3,0:50,0,12288,569344,0,195,0,1990656,293,2,277,14,0,14.1,2.2,0.0,83.7,0.0,0.0,0.0,0.0,15795.0 MiB,6166.6 MiB,1871.7 MiB,7756.6 MiB,4096.0 MiB,4092.2 MiB,3.8 MiB,13113.0 MiB,
g++-5,2017-10-10,nbody_50000000,nbody_2.c 50000000,44,1691068126,476628,nbody_2_g++-5,0:52.12,6651904,1990656,1814528,100.0,0.0,1,3,0:52,0,12288,569344,0,195,0,1990656,293,2,277,14,0,12.5,0.0,0.0,87.5,0.0,0.0,0.0,0.0,15795.0 MiB,6166.9 MiB,1871.5 MiB,7756.6 MiB,4096.0 MiB,4092.2 MiB,3.8 MiB,13113.3 MiB,
g++-5,2017-10-10,nbody_50000000,nbody_2.c 50000000,45,1691068127,476628,nbody_2_g++-5,0:53.30,6651904,1990656,1814528,93.8,0.0,1,3,0:53,0,12288,569344,0,195,0,1990656,293,2,277,14,0,13.1,1.5,0.0,85.4,0.0,0.0,0.0,0.0,15795.0 MiB,6166.6 MiB,1871.7 MiB,7756.6 MiB,4096.0 MiB,4092.2 MiB,3.8 MiB,13113.0 MiB,
g++-5,2017-10-10,nbody_50000000,nbody_2.c 50000000,46,1691068128,476628,nbody_2_g++-5,0:54.48,6651904,1990656,1814528,93.8,0.0,1,3,0:54,0,12288,569344,0,195,0,1990656,293,2,277,14,0,13.1,0.8,0.0,86.2,0.0,0.0,0.0,0.0,15795.0 MiB,6166.6 MiB,1871.7 MiB,7756.6 MiB,4096.0 MiB,4092.2 MiB,3.8 MiB,13113.0 MiB,
g++-5,2017-10-10,nbody_50000000,nbody_2.c 50000000,47,1691068130,476628,nbody_2_g++-5,0:55.66,6651904,1990656,1814528,93.8,0.0,1,3,0:55,0,12288,569344,0,195,0,1990656,293,2,277,14,0,12.9,1.5,0.0,85.6,0.0,0.0,0.0,0.0,15795.0 MiB,6166.6 MiB,1871.7 MiB,7756.6 MiB,4096.0 MiB,4092.2 MiB,3.8 MiB,13113.0 MiB,
g++-5,2017-10-10,nbody_50000000,nbody_2.c 50000000,48,1691068131,476628,nbody_2_g++-5,0:56.86,6651904,1990656,1814528,94.1,0.0,1,3,0:56,0,12288,569344,0,195,0,1990656,293,2,277,14,0,14.7,2.1,0.0,83.2,0.0,0.0,0.0,0.0,15795.0 MiB,6166.6 MiB,1871.7 MiB,7756.6 MiB,4096.0 MiB,4092.2 MiB,3.8 MiB,13113.0 MiB,
g++-5,2017-10-10,nbody_50000000,nbody_2.c 50000000,49,1691068132,476628,nbody_2_g++-5,0:58.04,6651904,1990656,1814528,100.0,0.0,1,3,0:58,0,12288,569344,0,195,0,1990656,293,2,277,14,0,13.7,0.8,0.0,85.5,0.0,0.0,0.0,0.0,15795.0 MiB,6166.9 MiB,1871.4 MiB,7756.6 MiB,4096.0 MiB,4092.2 MiB,3.8 MiB,13113.3 MiB,
g++-5,2017-10-10,nbody_50000000,nbody_2.c 50000000,50,1691068133,476628,nbody_2_g++-5,0:59.22,6651904,1990656,1814528,100.0,0.0,1,3,0:59,0,12288,569344,0,195,0,1990656,293,2,277,14,0,13.7,0.8,0.0,85.5,0.0,0.0,0.0,0.0,15795.0 MiB,6166.9 MiB,1871.4 MiB,7756.6 MiB,4096.0 MiB,4092.2 MiB,3.8 MiB,13113.3 MiB,
g++-5,2017-10-10,nbody_50000000,nbody_2.c 50000000,51,1691068134,476628,nbody_2_g++-5,1:00.40,6651904,1990656,1814528,100.0,0.0,1,7,1:00,0,12288,569344,0,195,0,1990656,293,2,277,14,0,12.5,0.8,0.0,86.7,0.0,0.0,0.0,0.0,15795.0 MiB,6166.9 MiB,1871.4 MiB,7756.6 MiB,4096.0 MiB,4092.2 MiB,3.8 MiB,13113.3 MiB,
g++-5,2017-10-10,nbody_50000000,nbody_2.c 50000000,52,1691068136,476628,nbody_2_g++-5,1:01.58,6651904,1990656,1814528,93.8,0.0,1,7,1:01,0,12288,569344,0,195,0,1990656,293,2,277,14,0,13.5,0.8,0.0,85.7,0.0,0.0,0.0,0.0,15795.0 MiB,6166.9 MiB,1871.4 MiB,7756.6 MiB,4096.0 MiB,4092.2 MiB,3.8 MiB,13113.3 MiB,
g++-5,2017-10-10,nbody_50000000,nbody_2.c 50000000,53,1691068137,476628,nbody_2_g++-5,1:02.76,6651904,1990656,1814528,100.0,0.0,1,7,1:02,0,12288,569344,0,195,0,1990656,294,2,278,14,0,13.1,0.0,0.0,86.9,0.0,0.0,0.0,0.0,15795.0 MiB,6166.9 MiB,1871.4 MiB,7756.6 MiB,4096.0 MiB,4092.2 MiB,3.8 MiB,13113.3 MiB,
g++-5,2017-10-10,nbody_50000000,nbody_2.c 50000000,54,1691068138,476628,nbody_2_g++-5,1:03.95,6651904,1990656,1814528,100.0,0.0,1,7,1:03,0,12288,569344,0,195,0,1990656,294,2,278,14,0,12.6,1.5,0.0,85.9,0.0,0.0,0.0,0.0,15795.0 MiB,6167.1 MiB,1871.2 MiB,7756.7 MiB,4096.0 MiB,4092.2 MiB,3.8 MiB,13113.6 MiB,
g++-5,2017-10-10,nbody_50000000,nbody_2.c 50000000,55,1691068139,476628,nbody_2_g++-5,1:05.13,6651904,1990656,1814528,94.1,0.0,1,7,1:05,0,12288,569344,0,195,0,1990656,294,2,278,14,0,14.6,1.5,0.0,83.9,0.0,0.0,0.0,0.0,15795.0 MiB,6166.9 MiB,1871.4 MiB,7756.7 MiB,4096.0 MiB,4092.2 MiB,3.8 MiB,13113.3 MiB,
g++-5,2017-10-10,nbody_50000000,nbody_2.c 50000000,56,1691068140,476628,nbody_2_g++-5,1:06.32,6651904,1990656,1814528,100.0,0.0,1,7,1:06,0,12288,569344,0,195,0,1990656,293,2,277,14,0,13.2,1.5,0.0,85.3,0.0,0.0,0.0,0.0,15795.0 MiB,6167.6 MiB,1870.8 MiB,7756.5 MiB,4096.0 MiB,4092.2 MiB,3.8 MiB,13114.1 MiB,
g++-5,2017-10-10,nbody_50000000,nbody_2.c 50000000,57,1691068141,476628,nbody_2_g++-5,1:07.50,6651904,1990656,1814528,100.0,0.0,1,3,1:07,0,12288,569344,0,195,0,1990656,293,2,277,14,0,13.0,1.5,0.0,85.5,0.0,0.0,0.0,0.0,15795.0 MiB,6167.4 MiB,1871.1 MiB,7756.5 MiB,4096.0 MiB,4092.2 MiB,3.8 MiB,13113.8 MiB,
g++-5,2017-10-10,nbody_50000000,nbody_2.c 50000000,58,1691068143,476628,nbody_2_g++-5,1:08.68,6651904,1990656,1814528,100.0,0.0,1,3,1:08,0,12288,569344,0,195,0,1990656,293,2,277,14,0,13.7,0.8,0.0,85.5,0.0,0.0,0.0,0.0,15795.0 MiB,6166.4 MiB,1872.1 MiB,7756.5 MiB,4096.0 MiB,4092.2 MiB,3.8 MiB,13112.8 MiB,
g++-5,2017-10-10,nbody_50000000,nbody_2.c 50000000,59,1691068144,476628,nbody_2_g++-5,1:09.85,6651904,1990656,1814528,93.8,0.0,1,7,1:09,0,12288,569344,0,195,0,1990656,294,2,278,14,0,13.4,1.5,0.0,85.1,0.0,0.0,0.0,0.0,15795.0 MiB,6165.9 MiB,1872.6 MiB,7756.5 MiB,4096.0 MiB,4092.2 MiB,3.8 MiB,13112.3 MiB,
g++-5,2017-10-10,nbody_50000000,nbody_2.c 50000000,60,1691068145,476628,nbody_2_g++-5,1:11.03,6651904,1990656,1814528,100.0,0.0,1,7,1:11,0,12288,569344,0,195,0,1990656,294,2,278,14,0,12.4,0.8,0.0,86.8,0.0,0.0,0.0,0.0,15795.0 MiB,6165.9 MiB,1872.6 MiB,7756.5 MiB,4096.0 MiB,4092.2 MiB,3.8 MiB,13112.3 MiB,
g++-5,2017-10-10,nbody_50000000,nbody_2.c 50000000,61,1691068146,476628,nbody_2_g++-5,1:12.21,6651904,1990656,1814528,100.0,0.0,1,7,1:12,0,12288,569344,0,195,0,1990656,294,2,278,14,0,13.6,0.8,0.0,85.6,0.0,0.0,0.0,0.0,15795.0 MiB,6166.2 MiB,1872.3 MiB,7756.5 MiB,4096.0 MiB,4092.2 MiB,3.8 MiB,13112.6 MiB,
g++-5,2017-10-10,nbody_50000000,nbody_2.c 50000000,62,1691068147,476628,nbody_2_g++-5,1:13.39,6651904,1990656,1814528,100.0,0.0,1,7,1:13,0,12288,569344,0,195,0,1990656,293,2,277,14,0,13.0,0.8,0.0,86.3,0.0,0.0,0.0,0.0,15795.0 MiB,6165.9 MiB,1872.5 MiB,7756.5 MiB,4096.0 MiB,4092.2 MiB,3.8 MiB,13112.4 MiB,
g++-5,2017-10-10,nbody_50000000,nbody_2.c 50000000,63,1691068149,476628,nbody_2_g++-5,1:14.57,6651904,1990656,1814528,93.8,0.0,1,7,1:14,0,12288,569344,0,195,0,1990656,293,2,277,14,0,13.7,0.8,0.0,85.5,0.0,0.0,0.0,0.0,15795.0 MiB,6165.7 MiB,1872.8 MiB,7756.5 MiB,4096.0 MiB,4092.2 MiB,3.8 MiB,13112.1 MiB,
g++-5,2017-10-10,nbody_50000000,nbody_2.c 50000000,64,1691068150,476628,nbody_2_g++-5,1:15.75,6651904,1990656,1814528,93.8,0.0,1,7,1:15,0,12288,569344,0,195,0,1990656,293,2,277,14,0,13.0,1.5,0.0,85.5,0.0,0.0,0.0,0.0,15795.0 MiB,6165.7 MiB,1872.8 MiB,7756.5 MiB,4096.0 MiB,4092.2 MiB,3.8 MiB,13112.1 MiB,
g++-6,2018-10-26,nbody_50000000,nbody_2.c 50000000,0,1691068271,477075,nbody_2_g++-6,0:00.16,6651904,1970176,1794048,100.0,0.0,1,1,0:00,0,12288,569344,0,192,0,1970176,294,2,278,14,0,14.0,1.6,0.0,84.5,0.0,0.0,0.0,0.0,15795.0 MiB,6157.3 MiB,1873.0 MiB,7764.7 MiB,4096.0 MiB,4092.2 MiB,3.8 MiB,13104.0 MiB,
g++-6,2018-10-26,nbody_50000000,nbody_2.c 50000000,1,1691068272,477075,nbody_2_g++-6,0:01.34,6651904,1970176,1794048,100.0,0.0,1,1,0:01,0,12288,569344,0,192,0,1970176,294,2,278,14,0,13.6,0.8,0.0,85.6,0.0,0.0,0.0,0.0,15795.0 MiB,6157.1 MiB,1873.0 MiB,7764.8 MiB,4096.0 MiB,4092.2 MiB,3.8 MiB,13103.8 MiB,
g++-6,2018-10-26,nbody_50000000,nbody_2.c 50000000,2,1691068274,477075,nbody_2_g++-6,0:02.52,6651904,1970176,1794048,100.0,0.0,1,5,0:02,0,12288,569344,0,192,0,1970176,294,2,278,14,0,13.0,1.5,0.0,85.5,0.0,0.0,0.0,0.0,15795.0 MiB,6160.8 MiB,1877.3 MiB,7756.8 MiB,4096.0 MiB,4092.2 MiB,3.8 MiB,13107.5 MiB,
g++-6,2018-10-26,nbody_50000000,nbody_2.c 50000000,3,1691068275,477075,nbody_2_g++-6,0:03.70,6651904,1970176,1794048,100.0,0.0,1,5,0:03,0,12288,569344,0,192,0,1970176,294,2,278,14,0,14.6,2.2,0.0,83.2,0.0,0.0,0.0,0.0,15795.0 MiB,6159.3 MiB,1878.8 MiB,7756.8 MiB,4096.0 MiB,4092.2 MiB,3.8 MiB,13106.0 MiB,
g++-6,2018-10-26,nbody_50000000,nbody_2.c 50000000,4,1691068276,477075,nbody_2_g++-6,0:04.88,6651904,1970176,1794048,100.0,0.0,1,5,0:04,0,12288,569344,0,192,0,1970176,294,2,278,14,0,13.0,1.5,0.0,85.5,0.0,0.0,0.0,0.0,15795.0 MiB,6159.1 MiB,1879.1 MiB,7756.8 MiB,4096.0 MiB,4092.2 MiB,3.8 MiB,13105.7 MiB,
g++-6,2018-10-26,nbody_50000000,nbody_2.c 50000000,5,1691068277,477075,nbody_2_g++-6,0:06.06,6651904,1970176,1794048,100.0,0.0,1,1,0:06,0,12288,569344,0,192,0,1970176,294,2,278,14,0,13.6,1.5,0.0,84.8,0.0,0.0,0.0,0.0,15795.0 MiB,6159.6 MiB,1878.6 MiB,7756.8 MiB,4096.0 MiB,4092.2 MiB,3.8 MiB,13106.2 MiB,
g++-6,2018-10-26,nbody_50000000,nbody_2.c 50000000,6,1691068278,477075,nbody_2_g++-6,0:07.24,6651904,1970176,1794048,100.0,0.0,1,1,0:07,0,12288,569344,0,192,0,1970176,294,2,278,14,0,12.4,0.8,0.0,86.8,0.0,0.0,0.0,0.0,15795.0 MiB,6159.8 MiB,1878.3 MiB,7756.8 MiB,4096.0 MiB,4092.2 MiB,3.8 MiB,13106.5 MiB,
g++-6,2018-10-26,nbody_50000000,nbody_2.c 50000000,7,1691068280,477075,nbody_2_g++-6,0:08.42,6651904,1970176,1794048,100.0,0.0,1,5,0:08,0,12288,569344,0,192,0,1970176,294,2,278,14,0,13.1,0.8,0.0,86.2,0.0,0.0,0.0,0.0,15795.0 MiB,6159.8 MiB,1878.3 MiB,7756.8 MiB,4096.0 MiB,4092.2 MiB,3.8 MiB,13106.5 MiB,
g++-6,2018-10-26,nbody_50000000,nbody_2.c 50000000,8,1691068281,477075,nbody_2_g++-6,0:09.59,6651904,1970176,1794048,93.8,0.0,1,5,0:09,0,12288,569344,0,192,0,1970176,294,2,278,14,0,13.0,0.8,0.0,86.3,0.0,0.0,0.0,0.0,15795.0 MiB,6159.6 MiB,1878.6 MiB,7756.9 MiB,4096.0 MiB,4092.2 MiB,3.8 MiB,13106.2 MiB,
g++-6,2018-10-26,nbody_50000000,nbody_2.c 50000000,9,1691068282,477075,nbody_2_g++-6,0:10.77,6651904,1970176,1794048,93.8,0.0,1,5,0:10,0,12288,569344,0,192,0,1970176,294,2,278,14,0,12.4,0.8,0.0,86.8,0.0,0.0,0.0,0.0,15795.0 MiB,6159.3 MiB,1878.8 MiB,7756.9 MiB,4096.0 MiB,4092.2 MiB,3.8 MiB,13106.0 MiB,
g++-6,2018-10-26,nbody_50000000,nbody_2.c 50000000,10,1691068283,477075,nbody_2_g++-6,0:11.95,6651904,1970176,1794048,100.0,0.0,1,5,0:11,0,12288,569344,0,192,0,1970176,294,2,278,14,0,12.9,1.5,0.0,85.6,0.0,0.0,0.0,0.0,15795.0 MiB,6159.6 MiB,1878.6 MiB,7756.9 MiB,4096.0 MiB,4092.2 MiB,3.8 MiB,13106.3 MiB,
g++-6,2018-10-26,nbody_50000000,nbody_2.c 50000000,11,1691068284,477075,nbody_2_g++-6,0:13.13,6651904,1970176,1794048,100.0,0.0,1,5,0:13,0,12288,569344,0,192,0,1970176,294,2,278,14,0,13.0,1.5,0.0,85.5,0.0,0.0,0.0,0.0,15795.0 MiB,6159.8 MiB,1878.3 MiB,7756.9 MiB,4096.0 MiB,4092.2 MiB,3.8 MiB,13106.5 MiB,
g++-6,2018-10-26,nbody_50000000,nbody_2.c 50000000,12,1691068285,477075,nbody_2_g++-6,0:14.31,6651904,1970176,1794048,100.0,0.0,1,1,0:14,0,12288,569344,0,192,0,1970176,294,2,278,14,0,13.1,0.0,0.0,86.9,0.0,0.0,0.0,0.0,15795.0 MiB,6159.3 MiB,1878.8 MiB,7756.9 MiB,4096.0 MiB,4092.2 MiB,3.8 MiB,13106.0 MiB,
g++-6,2018-10-26,nbody_50000000,nbody_2.c 50000000,13,1691068287,477075,nbody_2_g++-6,0:15.48,6651904,1970176,1794048,93.8,0.0,1,1,0:15,0,12288,569344,0,192,0,1970176,294,2,278,14,0,12.9,1.5,0.0,85.6,0.0,0.0,0.0,0.0,15795.0 MiB,6159.6 MiB,1878.5 MiB,7756.9 MiB,4096.0 MiB,4092.2 MiB,3.8 MiB,13106.3 MiB,
g++-6,2018-10-26,nbody_50000000,nbody_2.c 50000000,14,1691068288,477075,nbody_2_g++-6,0:16.66,6651904,1970176,1794048,93.8,0.0,1,1,0:16,0,12288,569344,0,192,0,1970176,294,2,278,14,0,13.0,0.8,0.0,86.3,0.0,0.0,0.0,0.0,15795.0 MiB,6159.3 MiB,1878.8 MiB,7756.9 MiB,4096.0 MiB,4092.2 MiB,3.8 MiB,13106.0 MiB,
g++-6,2018-10-26,nbody_50000000,nbody_2.c 50000000,15,1691068289,477075,nbody_2_g++-6,0:17.84,6651904,1970176,1794048,93.8,0.0,1,1,0:17,0,12288,569344,0,192,0,1970176,294,2,278,14,0,13.0,1.5,0.0,85.5,0.0,0.0,0.0,0.0,15795.0 MiB,6159.3 MiB,1878.8 MiB,7756.9 MiB,4096.0 MiB,4092.2 MiB,3.8 MiB,13106.0 MiB,
g++-6,2018-10-26,nbody_50000000,nbody_2.c 50000000,16,1691068290,477075,nbody_2_g++-6,0:19.02,6651904,1970176,1794048,100.0,0.0,1,1,0:19,0,12288,569344,0,192,0,1970176,294,2,278,14,0,12.5,0.0,0.0,87.5,0.0,0.0,0.0,0.0,15795.0 MiB,6160.1 MiB,1878.0 MiB,7756.9 MiB,4096.0 MiB,4092.2 MiB,3.8 MiB,13106.8 MiB,
g++-6,2018-10-26,nbody_50000000,nbody_2.c 50000000,17,1691068291,477075,nbody_2_g++-6,0:20.21,6651904,1970176,1794048,100.0,0.0,1,1,0:20,0,12288,569344,0,192,0,1970176,294,2,278,14,0,13.2,1.5,0.0,85.3,0.0,0.0,0.0,0.0,15795.0 MiB,6160.1 MiB,1878.0 MiB,7756.9 MiB,4096.0 MiB,4092.2 MiB,3.8 MiB,13106.8 MiB,
g++-6,2018-10-26,nbody_50000000,nbody_2.c 50000000,18,1691068293,477075,nbody_2_g++-6,0:21.39,6651904,1970176,1794048,100.0,0.0,1,1,0:21,0,12288,569344,0,192,0,1970176,294,2,278,14,0,13.7,0.8,0.0,85.5,0.0,0.0,0.0,0.0,15795.0 MiB,6159.6 MiB,1878.5 MiB,7756.9 MiB,4096.0 MiB,4092.2 MiB,3.8 MiB,13106.3 MiB,
g++-6,2018-10-26,nbody_50000000,nbody_2.c 50000000,19,1691068294,477075,nbody_2_g++-6,0:22.56,6651904,1970176,1794048,100.0,0.0,1,1,0:22,0,12288,569344,0,192,0,1970176,294,2,278,14,0,12.4,1.6,0.0,86.0,0.0,0.0,0.0,0.0,15795.0 MiB,6159.3 MiB,1878.8 MiB,7756.9 MiB,4096.0 MiB,4092.2 MiB,3.8 MiB,13106.0 MiB,
g++-6,2018-10-26,nbody_50000000,nbody_2.c 50000000,20,1691068295,477075,nbody_2_g++-6,0:23.74,6651904,1970176,1794048,93.8,0.0,1,1,0:23,0,12288,569344,0,192,0,1970176,294,2,278,14,0,13.1,0.8,0.0,86.2,0.0,0.0,0.0,0.0,15795.0 MiB,6159.3 MiB,1878.8 MiB,7756.9 MiB,4096.0 MiB,4092.2 MiB,3.8 MiB,13106.0 MiB,
g++-6,2018-10-26,nbody_50000000,nbody_2.c 50000000,21,1691068296,477075,nbody_2_g++-6,0:24.92,6651904,1970176,1794048,93.8,0.0,1,1,0:24,0,12288,569344,0,192,0,1970176,294,2,278,14,0,13.1,0.8,0.0,86.2,0.0,0.0,0.0,0.0,15795.0 MiB,6159.6 MiB,1878.5 MiB,7756.9 MiB,4096.0 MiB,4092.2 MiB,3.8 MiB,13106.3 MiB,
g++-6,2018-10-26,nbody_50000000,nbody_2.c 50000000,22,1691068297,477075,nbody_2_g++-6,0:26.10,6651904,1970176,1794048,93.8,0.0,1,1,0:26,0,12288,569344,0,192,0,1970176,294,2,278,14,0,14.6,0.8,0.0,83.1,1.5,0.0,0.0,0.0,15795.0 MiB,6154.4 MiB,1882.0 MiB,7758.6 MiB,4096.0 MiB,4092.2 MiB,3.8 MiB,13102.8 MiB,
g++-6,2018-10-26,nbody_50000000,nbody_2.c 50000000,23,1691068298,477075,nbody_2_g++-6,0:27.28,6651904,1970176,1794048,100.0,0.0,1,1,0:27,0,12288,569344,0,192,0,1970176,294,2,278,14,0,12.4,0.8,0.0,86.8,0.0,0.0,0.0,0.0,15795.0 MiB,6154.2 MiB,1882.2 MiB,7758.6 MiB,4096.0 MiB,4092.2 MiB,3.8 MiB,13102.6 MiB,
g++-6,2018-10-26,nbody_50000000,nbody_2.c 50000000,24,1691068300,477075,nbody_2_g++-6,0:28.46,6651904,1970176,1794048,100.0,0.0,1,1,0:28,0,12288,569344,0,192,0,1970176,294,2,278,14,0,12.4,0.8,0.0,86.8,0.0,0.0,0.0,0.0,15795.0 MiB,6154.4 MiB,1882.0 MiB,7758.6 MiB,4096.0 MiB,4092.2 MiB,3.8 MiB,13102.8 MiB,
g++-6,2018-10-26,nbody_50000000,nbody_2.c 50000000,25,1691068301,477075,nbody_2_g++-6,0:29.64,6651904,1970176,1794048,100.0,0.0,1,1,0:29,0,12288,569344,0,192,0,1970176,294,2,278,14,0,13.8,0.8,0.0,85.4,0.0,0.0,0.0,0.0,15795.0 MiB,6154.7 MiB,1881.8 MiB,7758.6 MiB,4096.0 MiB,4092.2 MiB,3.8 MiB,13103.1 MiB,
g++-6,2018-10-26,nbody_50000000,nbody_2.c 50000000,26,1691068302,477075,nbody_2_g++-6,0:30.83,6651904,1970176,1794048,100.0,0.0,1,1,0:30,0,12288,569344,0,192,0,1970176,294,2,278,14,0,13.0,0.8,0.0,86.3,0.0,0.0,0.0,0.0,15795.0 MiB,6154.9 MiB,1881.5 MiB,7758.6 MiB,4096.0 MiB,4092.2 MiB,3.8 MiB,13103.3 MiB,
g++-6,2018-10-26,nbody_50000000,nbody_2.c 50000000,27,1691068303,477075,nbody_2_g++-6,0:32.01,6651904,1970176,1794048,100.0,0.0,1,1,0:32,0,12288,569344,0,192,0,1970176,294,2,278,14,0,13.1,0.8,0.0,86.2,0.0,0.0,0.0,0.0,15795.0 MiB,6155.1 MiB,1881.2 MiB,7758.6 MiB,4096.0 MiB,4092.2 MiB,3.8 MiB,13103.6 MiB,
g++-6,2018-10-26,nbody_50000000,nbody_2.c 50000000,28,1691068304,477075,nbody_2_g++-6,0:33.18,6651904,1970176,1794048,100.0,0.0,1,1,0:33,0,12288,569344,0,192,0,1970176,294,2,278,14,0,14.5,0.0,0.0,85.5,0.0,0.0,0.0,0.0,15795.0 MiB,6154.4 MiB,1882.0 MiB,7758.6 MiB,4096.0 MiB,4092.2 MiB,3.8 MiB,13102.8 MiB,
g++-6,2018-10-26,nbody_50000000,nbody_2.c 50000000,29,1691068306,477075,nbody_2_g++-6,0:34.36,6651904,1970176,1794048,100.0,0.0,1,1,0:34,0,12288,569344,0,192,0,1970176,294,2,278,14,0,12.5,0.0,0.0,87.5,0.0,0.0,0.0,0.0,15795.0 MiB,6154.4 MiB,1882.0 MiB,7758.6 MiB,4096.0 MiB,4092.2 MiB,3.8 MiB,13102.8 MiB,
g++-6,2018-10-26,nbody_50000000,nbody_2.c 50000000,30,1691068307,477075,nbody_2_g++-6,0:35.54,6651904,1970176,1794048,93.8,0.0,1,1,0:35,0,12288,569344,0,192,0,1970176,294,2,278,14,0,13.1,0.8,0.0,86.2,0.0,0.0,0.0,0.0,15795.0 MiB,6154.4 MiB,1882.0 MiB,7758.6 MiB,4096.0 MiB,4092.2 MiB,3.8 MiB,13102.8 MiB,
g++-6,2018-10-26,nbody_50000000,nbody_2.c 50000000,31,1691068308,477075,nbody_2_g++-6,0:36.72,6651904,1970176,1794048,93.8,0.0,1,1,0:36,0,12288,569344,0,192,0,1970176,294,2,278,14,0,13.1,0.8,0.0,86.2,0.0,0.0,0.0,0.0,15795.0 MiB,6154.4 MiB,1882.0 MiB,7758.6 MiB,4096.0 MiB,4092.2 MiB,3.8 MiB,13102.8 MiB,
g++-6,2018-10-26,nbody_50000000,nbody_2.c 50000000,32,1691068309,477075,nbody_2_g++-6,0:37.90,6651904,1970176,1794048,93.8,0.0,1,1,0:37,0,12288,569344,0,192,0,1970176,294,2,278,14,0,13.8,0.0,0.0,86.2,0.0,0.0,0.0,0.0,15795.0 MiB,6154.2 MiB,1882.2 MiB,7758.6 MiB,4096.0 MiB,4092.2 MiB,3.8 MiB,13102.6 MiB,
g++-6,2018-10-26,nbody_50000000,nbody_2.c 50000000,33,1691068310,477075,nbody_2_g++-6,0:39.08,6651904,1970176,1794048,100.0,0.0,1,1,0:39,0,12288,569344,0,192,0,1970176,294,2,278,14,0,13.1,0.8,0.0,86.2,0.0,0.0,0.0,0.0,15795.0 MiB,6153.9 MiB,1882.5 MiB,7758.6 MiB,4096.0 MiB,4092.2 MiB,3.8 MiB,13102.3 MiB,
g++-6,2018-10-26,nbody_50000000,nbody_2.c 50000000,34,1691068311,477075,nbody_2_g++-6,0:40.26,6651904,1970176,1794048,100.0,0.0,1,1,0:40,0,12288,569344,0,192,0,1970176,294,2,278,14,0,13.1,0.8,0.0,86.2,0.0,0.0,0.0,0.0,15795.0 MiB,6154.4 MiB,1882.0 MiB,7758.6 MiB,4096.0 MiB,4092.2 MiB,3.8 MiB,13102.8 MiB,
g++-6,2018-10-26,nbody_50000000,nbody_2.c 50000000,35,1691068313,477075,nbody_2_g++-6,0:41.44,6651904,1970176,1794048,100.0,0.0,1,5,0:41,0,12288,569344,0,192,0,1970176,294,2,278,14,0,13.0,1.5,0.0,85.5,0.0,0.0,0.0,0.0,15795.0 MiB,6154.2 MiB,1882.2 MiB,7758.7 MiB,4096.0 MiB,4092.2 MiB,3.8 MiB,13102.6 MiB,
g++-6,2018-10-26,nbody_50000000,nbody_2.c 50000000,36,1691068314,477075,nbody_2_g++-6,0:42.62,6651904,1970176,1794048,94.1,0.0,1,5,0:42,0,12288,569344,0,192,0,1970176,294,2,278,14,0,14.6,1.5,0.0,83.9,0.0,0.0,0.0,0.0,15795.0 MiB,6154.2 MiB,1882.2 MiB,7758.7 MiB,4096.0 MiB,4092.2 MiB,3.8 MiB,13102.6 MiB,
g++-6,2018-10-26,nbody_50000000,nbody_2.c 50000000,37,1691068315,477075,nbody_2_g++-6,0:43.80,6651904,1970176,1794048,100.0,0.0,1,1,0:43,0,12288,569344,0,192,0,1970176,294,2,278,14,0,12.6,1.5,0.0,85.9,0.0,0.0,0.0,0.0,15795.0 MiB,6154.2 MiB,1882.1 MiB,7758.7 MiB,4096.0 MiB,4092.2 MiB,3.8 MiB,13102.6 MiB,
g++-6,2018-10-26,nbody_50000000,nbody_2.c 50000000,38,1691068316,477075,nbody_2_g++-6,0:44.98,6651904,1970176,1794048,93.8,0.0,1,1,0:44,0,12288,569344,0,192,0,1970176,294,2,278,14,0,12.4,0.8,0.0,86.8,0.0,0.0,0.0,0.0,15795.0 MiB,6154.7 MiB,1881.7 MiB,7758.7 MiB,4096.0 MiB,4092.2 MiB,3.8 MiB,13103.1 MiB,
g++-6,2018-10-26,nbody_50000000,nbody_2.c 50000000,39,1691068317,477075,nbody_2_g++-6,0:46.16,6651904,1970176,1794048,93.8,0.0,1,1,0:46,0,12288,569344,0,192,0,1970176,294,2,278,14,0,13.0,0.8,0.0,86.3,0.0,0.0,0.0,0.0,15795.0 MiB,6155.2 MiB,1881.2 MiB,7758.7 MiB,4096.0 MiB,4092.2 MiB,3.8 MiB,13103.6 MiB,
g++-6,2018-10-26,nbody_50000000,nbody_2.c 50000000,40,1691068319,477075,nbody_2_g++-6,0:47.34,6651904,1970176,1794048,93.8,0.0,1,1,0:47,0,12288,569344,0,192,0,1970176,294,2,278,14,0,13.7,0.8,0.0,85.5,0.0,0.0,0.0,0.0,15795.0 MiB,6154.4 MiB,1881.9 MiB,7758.7 MiB,4096.0 MiB,4092.2 MiB,3.8 MiB,13102.9 MiB,
g++-6,2018-10-26,nbody_50000000,nbody_2.c 50000000,41,1691068320,477075,nbody_2_g++-6,0:48.52,6651904,1970176,1794048,93.8,0.0,1,1,0:48,0,12288,569344,0,192,0,1970176,294,2,278,14,0,13.6,0.8,0.0,85.6,0.0,0.0,0.0,0.0,15795.0 MiB,6154.4 MiB,1881.9 MiB,7758.7 MiB,4096.0 MiB,4092.2 MiB,3.8 MiB,13102.9 MiB,
g++-6,2018-10-26,nbody_50000000,nbody_2.c 50000000,42,1691068321,477075,nbody_2_g++-6,0:49.70,6651904,1970176,1794048,93.8,0.0,1,1,0:49,0,12288,569344,0,192,0,1970176,295,2,279,14,0,12.4,0.8,0.0,86.8,0.0,0.0,0.0,0.0,15795.0 MiB,6154.2 MiB,1882.1 MiB,7758.7 MiB,4096.0 MiB,4092.2 MiB,3.8 MiB,13102.6 MiB,
g++-6,2018-10-26,nbody_50000000,nbody_2.c 50000000,43,1691068322,477075,nbody_2_g++-6,0:50.87,6651904,1970176,1794048,93.8,0.0,1,1,0:50,0,12288,569344,0,192,0,1970176,295,2,279,14,0,13.0,1.5,0.0,85.5,0.0,0.0,0.0,0.0,15795.0 MiB,6153.9 MiB,1882.4 MiB,7758.7 MiB,4096.0 MiB,4092.2 MiB,3.8 MiB,13102.4 MiB,
g++-6,2018-10-26,nbody_50000000,nbody_2.c 50000000,44,1691068323,477075,nbody_2_g++-6,0:52.05,6651904,1970176,1794048,93.8,0.0,1,1,0:52,0,12288,569344,0,192,0,1970176,295,2,279,14,0,13.1,0.8,0.0,86.2,0.0,0.0,0.0,0.0,15795.0 MiB,6153.9 MiB,1882.4 MiB,7758.6 MiB,4096.0 MiB,4092.2 MiB,3.8 MiB,13102.4 MiB,
g++-6,2018-10-26,nbody_50000000,nbody_2.c 50000000,45,1691068324,477075,nbody_2_g++-6,0:53.23,6651904,1970176,1794048,93.8,0.0,1,1,0:53,0,12288,569344,0,192,0,1970176,294,2,278,14,0,12.5,0.0,0.0,87.5,0.0,0.0,0.0,0.0,15795.0 MiB,6153.9 MiB,1882.4 MiB,7758.6 MiB,4096.0 MiB,4092.2 MiB,3.8 MiB,13102.4 MiB,
g++-6,2018-10-26,nbody_50000000,nbody_2.c 50000000,46,1691068326,477075,nbody_2_g++-6,0:54.41,6651904,1970176,1794048,93.8,0.0,1,5,0:54,0,12288,569344,0,192,0,1970176,294,2,278,14,0,12.4,0.8,0.0,86.8,0.0,0.0,0.0,0.0,15795.0 MiB,6153.9 MiB,1882.4 MiB,7758.6 MiB,4096.0 MiB,4092.2 MiB,3.8 MiB,13102.4 MiB,
g++-6,2018-10-26,nbody_50000000,nbody_2.c 50000000,47,1691068327,477075,nbody_2_g++-6,0:55.59,6651904,1970176,1794048,93.8,0.0,1,1,0:55,0,12288,569344,0,192,0,1970176,294,2,278,14,0,13.2,0.0,0.0,86.8,0.0,0.0,0.0,0.0,15795.0 MiB,6153.9 MiB,1882.4 MiB,7758.6 MiB,4096.0 MiB,4092.2 MiB,3.8 MiB,13102.4 MiB,
g++-6,2018-10-26,nbody_50000000,nbody_2.c 50000000,48,1691068328,477075,nbody_2_g++-6,0:56.77,6651904,1970176,1794048,93.8,0.0,1,1,0:56,0,12288,569344,0,192,0,1970176,294,2,278,14,0,12.5,0.8,0.0,86.7,0.0,0.0,0.0,0.0,15795.0 MiB,6153.9 MiB,1882.4 MiB,7758.6 MiB,4096.0 MiB,4092.2 MiB,3.8 MiB,13102.4 MiB,
g++-6,2018-10-26,nbody_50000000,nbody_2.c 50000000,49,1691068329,477075,nbody_2_g++-6,0:57.95,6651904,1970176,1794048,93.8,0.0,1,1,0:57,0,12288,569344,0,192,0,1970176,294,2,278,14,0,13.1,0.8,0.0,86.2,0.0,0.0,0.0,0.0,15795.0 MiB,6153.9 MiB,1882.4 MiB,7758.6 MiB,4096.0 MiB,4092.2 MiB,3.8 MiB,13102.4 MiB,
g++-6,2018-10-26,nbody_50000000,nbody_2.c 50000000,50,1691068330,477075,nbody_2_g++-6,0:59.13,6651904,1970176,1794048,93.8,0.0,1,1,0:59,0,12288,569344,0,192,0,1970176,294,2,278,14,0,13.6,1.5,0.0,84.8,0.0,0.0,0.0,0.0,15795.0 MiB,6153.9 MiB,1882.4 MiB,7758.6 MiB,4096.0 MiB,4092.2 MiB,3.8 MiB,13102.4 MiB,
g++-6,2018-10-26,nbody_50000000,nbody_2.c 50000000,51,1691068331,477075,nbody_2_g++-6,1:00.31,6651904,1970176,1794048,100.0,0.0,1,1,1:00,0,12288,569344,0,192,0,1970176,294,2,278,14,0,12.4,0.8,0.0,86.8,0.0,0.0,0.0,0.0,15795.0 MiB,6153.7 MiB,1882.7 MiB,7758.6 MiB,4096.0 MiB,4092.2 MiB,3.8 MiB,13102.1 MiB,
g++-6,2018-10-26,nbody_50000000,nbody_2.c 50000000,52,1691068333,477075,nbody_2_g++-6,1:01.50,6651904,1970176,1794048,100.0,0.0,1,1,1:01,0,12288,569344,0,192,0,1970176,294,2,278,14,0,13.3,0.7,0.0,85.9,0.0,0.0,0.0,0.0,15795.0 MiB,6153.7 MiB,1882.7 MiB,7758.6 MiB,4096.0 MiB,4092.2 MiB,3.8 MiB,13102.2 MiB,
g++-6,2018-10-26,nbody_50000000,nbody_2.c 50000000,53,1691068334,477075,nbody_2_g++-6,1:02.68,6651904,1970176,1794048,100.0,0.0,1,1,1:02,0,12288,569344,0,192,0,1970176,294,2,278,14,0,12.5,0.0,0.0,87.5,0.0,0.0,0.0,0.0,15795.0 MiB,6153.7 MiB,1882.7 MiB,7758.6 MiB,4096.0 MiB,4092.2 MiB,3.8 MiB,13102.2 MiB,
g++-6,2018-10-26,nbody_50000000,nbody_2.c 50000000,54,1691068335,477075,nbody_2_g++-6,1:03.86,6651904,1970176,1794048,100.0,0.0,1,1,1:03,0,12288,569344,0,192,0,1970176,294,2,278,14,0,13.0,0.8,0.0,86.3,0.0,0.0,0.0,0.0,15795.0 MiB,6153.2 MiB,1883.1 MiB,7758.6 MiB,4096.0 MiB,4092.2 MiB,3.8 MiB,13101.7 MiB,
g++-6,2018-10-26,nbody_50000000,nbody_2.c 50000000,55,1691068336,477075,nbody_2_g++-6,1:05.04,6651904,1970176,1794048,100.0,0.0,1,1,1:05,0,12288,569344,0,192,0,1970176,294,2,278,14,0,12.4,0.8,0.0,86.8,0.0,0.0,0.0,0.0,15795.0 MiB,6153.2 MiB,1883.1 MiB,7758.6 MiB,4096.0 MiB,4092.2 MiB,3.8 MiB,13101.7 MiB,
g++-6,2018-10-26,nbody_50000000,nbody_2.c 50000000,56,1691068337,477075,nbody_2_g++-6,1:06.22,6651904,1970176,1794048,100.0,0.0,1,1,1:06,0,12288,569344,0,192,0,1970176,294,2,278,14,0,13.0,1.5,0.0,85.5,0.0,0.0,0.0,0.0,15795.0 MiB,6153.2 MiB,1883.1 MiB,7758.6 MiB,4096.0 MiB,4092.2 MiB,3.8 MiB,13101.7 MiB,
g++-6,2018-10-26,nbody_50000000,nbody_2.c 50000000,57,1691068339,477075,nbody_2_g++-6,1:07.40,6651904,1970176,1794048,100.0,0.0,1,1,1:07,0,12288,569344,0,192,0,1970176,294,2,278,14,0,13.0,1.5,0.0,85.5,0.0,0.0,0.0,0.0,15795.0 MiB,6152.5 MiB,1883.9 MiB,7758.7 MiB,4096.0 MiB,4092.2 MiB,3.8 MiB,13100.9 MiB,
g++-6,2018-10-26,nbody_50000000,nbody_2.c 50000000,58,1691068340,477075,nbody_2_g++-6,1:08.57,6651904,1970176,1794048,93.8,0.0,1,1,1:08,0,12288,569344,0,192,0,1970176,294,2,278,14,0,12.4,0.8,0.0,86.8,0.0,0.0,0.0,0.0,15795.0 MiB,6152.5 MiB,1883.9 MiB,7758.7 MiB,4096.0 MiB,4092.2 MiB,3.8 MiB,13100.9 MiB,
g++-6,2018-10-26,nbody_50000000,nbody_2.c 50000000,59,1691068341,477075,nbody_2_g++-6,1:09.75,6651904,1970176,1794048,93.8,0.0,1,1,1:09,0,12288,569344,0,192,0,1970176,294,2,278,14,0,12.3,1.5,0.0,86.2,0.0,0.0,0.0,0.0,15795.0 MiB,6152.5 MiB,1883.9 MiB,7758.7 MiB,4096.0 MiB,4092.2 MiB,3.8 MiB,13100.9 MiB,
g++-6,2018-10-26,nbody_50000000,nbody_2.c 50000000,60,1691068342,477075,nbody_2_g++-6,1:10.94,6651904,1970176,1794048,100.0,0.0,1,1,1:10,0,12288,569344,0,192,0,1970176,294,2,278,14,0,13.1,2.2,0.0,84.7,0.0,0.0,0.0,0.0,15795.0 MiB,6152.5 MiB,1883.9 MiB,7758.7 MiB,4096.0 MiB,4092.2 MiB,3.8 MiB,13100.9 MiB,
g++-6,2018-10-26,nbody_50000000,nbody_2.c 50000000,61,1691068343,477075,nbody_2_g++-6,1:12.13,6651904,1970176,1794048,100.0,0.0,1,1,1:12,0,12288,569344,0,192,0,1970176,294,2,278,14,0,13.3,1.5,0.0,85.2,0.0,0.0,0.0,0.0,15795.0 MiB,6152.5 MiB,1883.9 MiB,7758.7 MiB,4096.0 MiB,4092.2 MiB,3.8 MiB,13100.9 MiB,
g++-6,2018-10-26,nbody_50000000,nbody_2.c 50000000,62,1691068344,477075,nbody_2_g++-6,1:13.31,6651904,1970176,1794048,100.0,0.0,1,1,1:13,0,12288,569344,0,192,0,1970176,294,2,278,14,0,13.6,1.5,0.0,84.8,0.0,0.0,0.0,0.0,15795.0 MiB,6152.5 MiB,1883.9 MiB,7758.7 MiB,4096.0 MiB,4092.2 MiB,3.8 MiB,13100.9 MiB,
g++-6,2018-10-26,nbody_50000000,nbody_2.c 50000000,63,1691068346,477075,nbody_2_g++-6,1:14.49,6651904,1970176,1794048,100.0,0.0,1,1,1:14,0,12288,569344,0,192,0,1970176,294,2,278,14,0,13.0,1.5,0.0,85.5,0.0,0.0,0.0,0.0,15795.0 MiB,6152.7 MiB,1883.6 MiB,7758.7 MiB,4096.0 MiB,4092.2 MiB,3.8 MiB,13101.2 MiB,
g++-7,2019-11-14,nbody_50000000,nbody_2.c 50000000,0,1691068467,477508,nbody_2_g++-7,0:00.26,6651904,1953792,1777664,62.5,0.0,1,3,0:00,0,12288,569344,0,193,0,1953792,295,2,279,14,0,18.4,4.0,0.0,77.1,0.5,0.0,0.0,0.0,15795.0 MiB,6119.9 MiB,1881.1 MiB,7794.0 MiB,4096.0 MiB,4092.2 MiB,3.8 MiB,13095.9 MiB,
g++-7,2019-11-14,nbody_50000000,nbody_2.c 50000000,1,1691068468,477508,nbody_2_g++-7,0:01.43,6651904,1953792,1777664,100.0,0.0,1,3,0:01,0,12288,569344,0,193,0,1953792,295,2,279,14,0,12.4,0.8,0.0,86.8,0.0,0.0,0.0,0.0,15795.0 MiB,6127.0 MiB,1881.8 MiB,7786.2 MiB,4096.0 MiB,4092.2 MiB,3.8 MiB,13103.0 MiB,
g++-7,2019-11-14,nbody_50000000,nbody_2.c 50000000,2,1691068470,477508,nbody_2_g++-7,0:02.61,6651904,1953792,1777664,100.0,0.0,1,3,0:02,0,12288,569344,0,193,0,1953792,295,2,279,14,0,12.4,0.8,0.0,86.8,0.0,0.0,0.0,0.0,15795.0 MiB,6127.0 MiB,1881.8 MiB,7786.2 MiB,4096.0 MiB,4092.2 MiB,3.8 MiB,13103.0 MiB,
g++-7,2019-11-14,nbody_50000000,nbody_2.c 50000000,3,1691068471,477508,nbody_2_g++-7,0:03.79,6651904,1953792,1777664,100.0,0.0,1,3,0:03,0,12288,569344,0,193,0,1953792,295,2,279,14,0,13.6,0.8,0.0,85.6,0.0,0.0,0.0,0.0,15795.0 MiB,6126.3 MiB,1882.5 MiB,7786.2 MiB,4096.0 MiB,4092.2 MiB,3.8 MiB,13102.3 MiB,
g++-7,2019-11-14,nbody_50000000,nbody_2.c 50000000,4,1691068472,477508,nbody_2_g++-7,0:04.97,6651904,1953792,1777664,100.0,0.0,1,3,0:04,0,12288,569344,0,193,0,1953792,295,2,279,14,0,12.9,2.3,0.0,84.8,0.0,0.0,0.0,0.0,15795.0 MiB,6126.3 MiB,1882.5 MiB,7786.2 MiB,4096.0 MiB,4092.2 MiB,3.8 MiB,13102.3 MiB,
g++-7,2019-11-14,nbody_50000000,nbody_2.c 50000000,5,1691068473,477508,nbody_2_g++-7,0:06.15,6651904,1953792,1777664,100.0,0.0,1,3,0:06,0,12288,569344,0,193,0,1953792,295,2,279,14,0,13.2,0.8,0.0,86.0,0.0,0.0,0.0,0.0,15795.0 MiB,6125.8 MiB,1883.0 MiB,7786.2 MiB,4096.0 MiB,4092.2 MiB,3.8 MiB,13101.8 MiB,
g++-7,2019-11-14,nbody_50000000,nbody_2.c 50000000,6,1691068474,477508,nbody_2_g++-7,0:07.33,6651904,1953792,1777664,100.0,0.0,1,3,0:07,0,12288,569344,0,193,0,1953792,295,2,279,14,0,13.1,0.8,0.0,86.2,0.0,0.0,0.0,0.0,15795.0 MiB,6126.1 MiB,1882.7 MiB,7786.2 MiB,4096.0 MiB,4092.2 MiB,3.8 MiB,13102.1 MiB,
g++-7,2019-11-14,nbody_50000000,nbody_2.c 50000000,7,1691068476,477508,nbody_2_g++-7,0:08.51,6651904,1953792,1777664,94.1,0.0,1,3,0:08,0,12288,569344,0,193,0,1953792,295,2,279,14,0,14.6,1.5,0.0,83.9,0.0,0.0,0.0,0.0,15795.0 MiB,6126.1 MiB,1882.7 MiB,7786.2 MiB,4096.0 MiB,4092.2 MiB,3.8 MiB,13102.1 MiB,
g++-7,2019-11-14,nbody_50000000,nbody_2.c 50000000,8,1691068477,477508,nbody_2_g++-7,0:09.69,6651904,1953792,1777664,100.0,0.0,1,3,0:09,0,12288,569344,0,193,0,1953792,295,2,279,14,0,13.1,0.8,0.0,86.2,0.0,0.0,0.0,0.0,15795.0 MiB,6125.6 MiB,1883.2 MiB,7786.2 MiB,4096.0 MiB,4092.2 MiB,3.8 MiB,13101.6 MiB,
g++-7,2019-11-14,nbody_50000000,nbody_2.c 50000000,9,1691068478,477508,nbody_2_g++-7,0:10.87,6651904,1953792,1777664,100.0,0.0,1,3,0:10,0,12288,569344,0,193,0,1953792,295,2,279,14,0,13.7,0.8,0.0,85.5,0.0,0.0,0.0,0.0,15795.0 MiB,6125.6 MiB,1883.2 MiB,7786.2 MiB,4096.0 MiB,4092.2 MiB,3.8 MiB,13101.6 MiB,
g++-7,2019-11-14,nbody_50000000,nbody_2.c 50000000,10,1691068479,477508,nbody_2_g++-7,0:12.05,6651904,1953792,1777664,100.0,0.0,1,3,0:12,0,12288,569344,0,193,0,1953792,295,2,279,14,0,13.0,1.5,0.0,85.5,0.0,0.0,0.0,0.0,15795.0 MiB,6125.3 MiB,1883.4 MiB,7786.2 MiB,4096.0 MiB,4092.2 MiB,3.8 MiB,13101.4 MiB,
g++-7,2019-11-14,nbody_50000000,nbody_2.c 50000000,11,1691068480,477508,nbody_2_g++-7,0:13.22,6651904,1953792,1777664,93.8,0.0,1,3,0:13,0,12288,569344,0,193,0,1953792,295,2,279,14,0,12.5,0.8,0.0,86.7,0.0,0.0,0.0,0.0,15795.0 MiB,6125.1 MiB,1883.7 MiB,7786.2 MiB,4096.0 MiB,4092.2 MiB,3.8 MiB,13101.1 MiB,
g++-7,2019-11-14,nbody_50000000,nbody_2.c 50000000,12,1691068481,477508,nbody_2_g++-7,0:14.40,6651904,1953792,1777664,100.0,0.0,1,3,0:14,0,12288,569344,0,193,0,1953792,295,2,279,14,0,13.2,0.0,0.0,86.8,0.0,0.0,0.0,0.0,15795.0 MiB,6125.1 MiB,1883.7 MiB,7786.2 MiB,4096.0 MiB,4092.2 MiB,3.8 MiB,13101.1 MiB,
g++-7,2019-11-14,nbody_50000000,nbody_2.c 50000000,13,1691068483,477508,nbody_2_g++-7,0:15.58,6651904,1953792,1777664,93.8,0.0,1,3,0:15,0,12288,569344,0,193,0,1953792,296,2,280,14,0,13.8,2.2,0.0,83.3,0.0,0.0,0.7,0.0,15795.0 MiB,6121.1 MiB,1887.7 MiB,7786.2 MiB,4096.0 MiB,4092.2 MiB,3.8 MiB,13097.1 MiB,
g++-7,2019-11-14,nbody_50000000,nbody_2.c 50000000,14,1691068484,477508,nbody_2_g++-7,0:16.76,6651904,1953792,1777664,100.0,0.0,1,7,0:16,0,12288,569344,0,193,0,1953792,296,2,280,14,0,13.0,1.5,0.0,85.5,0.0,0.0,0.0,0.0,15795.0 MiB,6120.8 MiB,1888.0 MiB,7786.3 MiB,4096.0 MiB,4092.2 MiB,3.8 MiB,13096.8 MiB,
g++-7,2019-11-14,nbody_50000000,nbody_2.c 50000000,15,1691068485,477508,nbody_2_g++-7,0:17.94,6651904,1953792,1777664,93.8,0.0,1,7,0:17,0,12288,569344,0,193,0,1953792,296,2,280,14,0,14.0,0.7,0.0,84.6,0.0,0.0,0.7,0.0,15795.0 MiB,6120.3 MiB,1888.4 MiB,7786.3 MiB,4096.0 MiB,4092.2 MiB,3.8 MiB,13096.3 MiB,
g++-7,2019-11-14,nbody_50000000,nbody_2.c 50000000,16,1691068486,477508,nbody_2_g++-7,0:19.12,6651904,1953792,1777664,100.0,0.0,1,7,0:19,0,12288,569344,0,193,0,1953792,296,2,280,14,0,13.2,0.0,0.0,86.8,0.0,0.0,0.0,0.0,15795.0 MiB,6120.3 MiB,1888.4 MiB,7786.3 MiB,4096.0 MiB,4092.2 MiB,3.8 MiB,13096.4 MiB,
g++-7,2019-11-14,nbody_50000000,nbody_2.c 50000000,17,1691068487,477508,nbody_2_g++-7,0:20.30,6651904,1953792,1777664,100.0,0.0,1,3,0:20,0,12288,569344,0,193,0,1953792,296,2,280,14,0,12.5,0.8,0.0,86.7,0.0,0.0,0.0,0.0,15795.0 MiB,6119.5 MiB,1889.1 MiB,7786.3 MiB,4096.0 MiB,4092.2 MiB,3.8 MiB,13095.6 MiB,
g++-7,2019-11-14,nbody_50000000,nbody_2.c 50000000,18,1691068489,477508,nbody_2_g++-7,0:21.48,6651904,1953792,1777664,100.0,0.0,1,3,0:21,0,12288,569344,0,193,0,1953792,296,2,280,14,0,13.6,1.5,0.0,84.8,0.0,0.0,0.0,0.0,15795.0 MiB,6119.5 MiB,1889.1 MiB,7786.3 MiB,4096.0 MiB,4092.2 MiB,3.8 MiB,13095.6 MiB,
g++-7,2019-11-14,nbody_50000000,nbody_2.c 50000000,19,1691068490,477508,nbody_2_g++-7,0:22.65,6651904,1953792,1777664,93.8,0.0,1,3,0:22,0,12288,569344,0,193,0,1953792,296,2,280,14,0,12.3,1.5,0.0,86.2,0.0,0.0,0.0,0.0,15795.0 MiB,6119.8 MiB,1888.9 MiB,7786.3 MiB,4096.0 MiB,4092.2 MiB,3.8 MiB,13095.9 MiB,
g++-7,2019-11-14,nbody_50000000,nbody_2.c 50000000,20,1691068491,477508,nbody_2_g++-7,0:23.83,6651904,1953792,1777664,93.8,0.0,1,3,0:23,0,12288,569344,0,193,0,1953792,296,2,280,14,0,13.7,0.8,0.0,85.5,0.0,0.0,0.0,0.0,15795.0 MiB,6120.0 MiB,1888.6 MiB,7786.3 MiB,4096.0 MiB,4092.2 MiB,3.8 MiB,13096.2 MiB,
g++-7,2019-11-14,nbody_50000000,nbody_2.c 50000000,21,1691068492,477508,nbody_2_g++-7,0:25.01,6651904,1953792,1777664,100.0,0.0,1,7,0:25,0,12288,569344,0,193,0,1953792,296,2,280,14,0,12.4,0.8,0.0,86.8,0.0,0.0,0.0,0.0,15795.0 MiB,6120.3 MiB,1888.4 MiB,7786.3 MiB,4096.0 MiB,4092.2 MiB,3.8 MiB,13096.4 MiB,
g++-7,2019-11-14,nbody_50000000,nbody_2.c 50000000,22,1691068493,477508,nbody_2_g++-7,0:26.19,6651904,1953792,1777664,93.8,0.0,1,7,0:26,0,12288,569344,0,193,0,1953792,296,2,280,14,0,12.5,2.2,0.0,85.3,0.0,0.0,0.0,0.0,15795.0 MiB,6120.3 MiB,1888.4 MiB,7786.3 MiB,4096.0 MiB,4092.2 MiB,3.8 MiB,13096.4 MiB,
g++-7,2019-11-14,nbody_50000000,nbody_2.c 50000000,23,1691068494,477508,nbody_2_g++-7,0:27.37,6651904,1953792,1777664,100.0,0.0,1,7,0:27,0,12288,569344,0,193,0,1953792,296,2,280,14,0,12.4,0.0,0.0,87.6,0.0,0.0,0.0,0.0,15795.0 MiB,6120.8 MiB,1887.9 MiB,7786.3 MiB,4096.0 MiB,4092.2 MiB,3.8 MiB,13096.9 MiB,
g++-7,2019-11-14,nbody_50000000,nbody_2.c 50000000,24,1691068496,477508,nbody_2_g++-7,0:28.55,6651904,1953792,1777664,93.8,0.0,1,3,0:28,0,12288,569344,0,193,0,1953792,296,2,280,14,0,12.9,0.8,0.0,86.4,0.0,0.0,0.0,0.0,15795.0 MiB,6121.0 MiB,1887.7 MiB,7786.3 MiB,4096.0 MiB,4092.2 MiB,3.8 MiB,13097.1 MiB,
g++-7,2019-11-14,nbody_50000000,nbody_2.c 50000000,25,1691068497,477508,nbody_2_g++-7,0:29.73,6651904,1953792,1777664,93.8,0.0,1,3,0:29,0,12288,569344,0,193,0,1953792,296,2,280,14,0,12.4,0.8,0.0,86.8,0.0,0.0,0.0,0.0,15795.0 MiB,6120.5 MiB,1888.1 MiB,7786.3 MiB,4096.0 MiB,4092.2 MiB,3.8 MiB,13096.7 MiB,
g++-7,2019-11-14,nbody_50000000,nbody_2.c 50000000,26,1691068498,477508,nbody_2_g++-7,0:30.91,6651904,1953792,1777664,93.8,0.0,1,3,0:30,0,12288,569344,0,193,0,1953792,296,2,280,14,0,13.8,0.0,0.0,86.2,0.0,0.0,0.0,0.0,15795.0 MiB,6121.0 MiB,1887.6 MiB,7786.3 MiB,4096.0 MiB,4092.2 MiB,3.8 MiB,13097.2 MiB,
g++-7,2019-11-14,nbody_50000000,nbody_2.c 50000000,27,1691068499,477508,nbody_2_g++-7,0:32.09,6651904,1953792,1777664,100.0,0.0,1,7,0:32,0,12288,569344,0,193,0,1953792,296,2,280,14,0,12.4,0.8,0.0,86.8,0.0,0.0,0.0,0.0,15795.0 MiB,6120.3 MiB,1888.4 MiB,7786.3 MiB,4096.0 MiB,4092.2 MiB,3.8 MiB,13096.4 MiB,
g++-7,2019-11-14,nbody_50000000,nbody_2.c 50000000,28,1691068500,477508,nbody_2_g++-7,0:33.27,6651904,1953792,1777664,100.0,0.0,1,7,0:33,0,12288,569344,0,193,0,1953792,296,2,280,14,0,13.0,1.5,0.0,85.5,0.0,0.0,0.0,0.0,15795.0 MiB,6120.0 MiB,1888.5 MiB,7786.4 MiB,4096.0 MiB,4092.2 MiB,3.8 MiB,13096.2 MiB,
g++-7,2019-11-14,nbody_50000000,nbody_2.c 50000000,29,1691068501,477508,nbody_2_g++-7,0:34.45,6651904,1953792,1777664,100.0,0.0,1,3,0:34,0,12288,569344,0,193,0,1953792,296,2,280,14,0,12.2,1.5,0.0,86.3,0.0,0.0,0.0,0.0,15795.0 MiB,6120.0 MiB,1888.5 MiB,7786.4 MiB,4096.0 MiB,4092.2 MiB,3.8 MiB,13096.2 MiB,
g++-7,2019-11-14,nbody_50000000,nbody_2.c 50000000,30,1691068503,477508,nbody_2_g++-7,0:35.63,6651904,1953792,1777664,100.0,0.0,1,3,0:35,0,12288,569344,0,193,0,1953792,296,2,280,14,0,12.5,0.8,0.0,86.7,0.0,0.0,0.0,0.0,15795.0 MiB,6119.1 MiB,1889.6 MiB,7786.4 MiB,4096.0 MiB,4092.2 MiB,3.8 MiB,13095.2 MiB,
g++-7,2019-11-14,nbody_50000000,nbody_2.c 50000000,31,1691068504,477508,nbody_2_g++-7,0:36.81,6651904,1953792,1777664,100.0,0.0,1,3,0:36,0,12288,569344,0,193,0,1953792,296,2,280,14,0,13.2,0.0,0.0,86.8,0.0,0.0,0.0,0.0,15795.0 MiB,6118.3 MiB,1890.2 MiB,7786.4 MiB,4096.0 MiB,4092.2 MiB,3.8 MiB,13094.5 MiB,
g++-7,2019-11-14,nbody_50000000,nbody_2.c 50000000,32,1691068505,477508,nbody_2_g++-7,0:37.99,6651904,1953792,1777664,100.0,0.0,1,3,0:37,0,12288,569344,0,193,0,1953792,296,2,280,14,0,13.1,0.8,0.0,86.2,0.0,0.0,0.0,0.0,15795.0 MiB,6118.1 MiB,1890.5 MiB,7786.4 MiB,4096.0 MiB,4092.2 MiB,3.8 MiB,13094.3 MiB,
g++-7,2019-11-14,nbody_50000000,nbody_2.c 50000000,33,1691068506,477508,nbody_2_g++-7,0:39.17,6651904,1953792,1777664,100.0,0.0,1,3,0:39,0,12288,569344,0,193,0,1953792,296,2,280,14,0,13.0,1.5,0.0,85.5,0.0,0.0,0.0,0.0,15795.0 MiB,6118.8 MiB,1889.7 MiB,7786.4 MiB,4096.0 MiB,4092.2 MiB,3.8 MiB,13095.0 MiB,
g++-7,2019-11-14,nbody_50000000,nbody_2.c 50000000,34,1691068507,477508,nbody_2_g++-7,0:40.35,6651904,1953792,1777664,100.0,0.0,1,3,0:40,0,12288,569344,0,193,0,1953792,297,2,281,14,0,12.9,1.5,0.0,85.6,0.0,0.0,0.0,0.0,15795.0 MiB,6119.1 MiB,1889.5 MiB,7786.4 MiB,4096.0 MiB,4092.2 MiB,3.8 MiB,13095.2 MiB,
g++-7,2019-11-14,nbody_50000000,nbody_2.c 50000000,35,1691068509,477508,nbody_2_g++-7,0:41.53,6651904,1953792,1777664,100.0,0.0,1,3,0:41,0,12288,569344,0,193,0,1953792,297,2,281,14,0,13.1,0.8,0.0,86.2,0.0,0.0,0.0,0.0,15795.0 MiB,6118.8 MiB,1889.7 MiB,7786.4 MiB,4096.0 MiB,4092.2 MiB,3.8 MiB,13095.0 MiB,
g++-7,2019-11-14,nbody_50000000,nbody_2.c 50000000,36,1691068510,477508,nbody_2_g++-7,0:42.70,6651904,1953792,1777664,93.8,0.0,1,7,0:42,0,12288,569344,0,193,0,1953792,296,2,280,14,0,13.0,1.5,0.0,85.5,0.0,0.0,0.0,0.0,15795.0 MiB,6119.3 MiB,1889.2 MiB,7786.4 MiB,4096.0 MiB,4092.2 MiB,3.8 MiB,13095.5 MiB,
g++-7,2019-11-14,nbody_50000000,nbody_2.c 50000000,37,1691068511,477508,nbody_2_g++-7,0:43.88,6651904,1953792,1777664,93.8,0.0,1,7,0:43,0,12288,569344,0,193,0,1953792,296,2,280,14,0,12.5,0.0,0.0,87.5,0.0,0.0,0.0,0.0,15795.0 MiB,6119.1 MiB,1889.5 MiB,7786.4 MiB,4096.0 MiB,4092.2 MiB,3.8 MiB,13095.3 MiB,
g++-7,2019-11-14,nbody_50000000,nbody_2.c 50000000,38,1691068512,477508,nbody_2_g++-7,0:45.06,6651904,1953792,1777664,93.8,0.0,1,7,0:45,0,12288,569344,0,193,0,1953792,296,2,280,14,0,13.1,0.8,0.0,86.2,0.0,0.0,0.0,0.0,15795.0 MiB,6119.1 MiB,1889.5 MiB,7786.4 MiB,4096.0 MiB,4092.2 MiB,3.8 MiB,13095.3 MiB,
g++-7,2019-11-14,nbody_50000000,nbody_2.c 50000000,39,1691068513,477508,nbody_2_g++-7,0:46.24,6651904,1953792,1777664,93.8,0.0,1,7,0:46,0,12288,569344,0,193,0,1953792,296,2,280,14,0,13.1,0.8,0.0,86.2,0.0,0.0,0.0,0.0,15795.0 MiB,6118.3 MiB,1890.2 MiB,7786.4 MiB,4096.0 MiB,4092.2 MiB,3.8 MiB,13094.5 MiB,
g++-7,2019-11-14,nbody_50000000,nbody_2.c 50000000,40,1691068514,477508,nbody_2_g++-7,0:47.42,6651904,1953792,1777664,88.2,0.0,1,3,0:47,0,12288,569344,0,193,0,1953792,296,2,280,14,0,15.9,2.2,0.0,81.9,0.0,0.0,0.0,0.0,15795.0 MiB,6118.3 MiB,1890.2 MiB,7786.4 MiB,4096.0 MiB,4092.2 MiB,3.8 MiB,13094.5 MiB,
g++-7,2019-11-14,nbody_50000000,nbody_2.c 50000000,41,1691068516,477508,nbody_2_g++-7,0:48.60,6651904,1953792,1777664,93.8,0.0,1,3,0:48,0,12288,569344,0,193,0,1953792,296,2,280,14,0,12.4,0.8,0.0,86.8,0.0,0.0,0.0,0.0,15795.0 MiB,6117.8 MiB,1890.7 MiB,7786.4 MiB,4096.0 MiB,4092.2 MiB,3.8 MiB,13094.0 MiB,
g++-7,2019-11-14,nbody_50000000,nbody_2.c 50000000,42,1691068517,477508,nbody_2_g++-7,0:49.78,6651904,1953792,1777664,100.0,0.0,1,3,0:49,0,12288,569344,0,193,0,1953792,296,2,280,14,0,12.4,0.8,0.0,86.8,0.0,0.0,0.0,0.0,15795.0 MiB,6118.7 MiB,1889.8 MiB,7786.4 MiB,4096.0 MiB,4092.2 MiB,3.8 MiB,13094.9 MiB,
g++-7,2019-11-14,nbody_50000000,nbody_2.c 50000000,43,1691068518,477508,nbody_2_g++-7,0:50.96,6651904,1953792,1777664,100.0,0.0,1,7,0:50,0,12288,569344,0,193,0,1953792,296,2,280,14,0,12.3,0.8,0.0,86.9,0.0,0.0,0.0,0.0,15795.0 MiB,6118.9 MiB,1889.7 MiB,7786.4 MiB,4096.0 MiB,4092.2 MiB,3.8 MiB,13095.1 MiB,
g++-7,2019-11-14,nbody_50000000,nbody_2.c 50000000,44,1691068519,477508,nbody_2_g++-7,0:52.14,6651904,1953792,1777664,100.0,0.0,1,7,0:52,0,12288,569344,0,193,0,1953792,296,2,280,14,0,13.7,0.8,0.0,85.5,0.0,0.0,0.0,0.0,15795.0 MiB,6118.9 MiB,1889.7 MiB,7786.4 MiB,4096.0 MiB,4092.2 MiB,3.8 MiB,13095.1 MiB,
g++-7,2019-11-14,nbody_50000000,nbody_2.c 50000000,45,1691068520,477508,nbody_2_g++-7,0:53.33,6651904,1953792,1777664,100.0,0.0,1,7,0:53,0,12288,569344,0,193,0,1953792,297,2,281,14,0,13.4,0.7,0.0,85.8,0.0,0.0,0.0,0.0,15795.0 MiB,6119.1 MiB,1889.4 MiB,7786.5 MiB,4096.0 MiB,4092.2 MiB,3.8 MiB,13095.3 MiB,
g++-7,2019-11-14,nbody_50000000,nbody_2.c 50000000,46,1691068522,477508,nbody_2_g++-7,0:54.51,6651904,1953792,1777664,100.0,0.0,1,7,0:54,0,12288,569344,0,193,0,1953792,297,2,281,14,0,12.4,0.8,0.0,86.8,0.0,0.0,0.0,0.0,15795.0 MiB,6118.6 MiB,1889.9 MiB,7786.5 MiB,4096.0 MiB,4092.2 MiB,3.8 MiB,13094.9 MiB,
g++-7,2019-11-14,nbody_50000000,nbody_2.c 50000000,47,1691068523,477508,nbody_2_g++-7,0:55.69,6651904,1953792,1777664,100.0,0.0,1,7,0:55,0,12288,569344,0,193,0,1953792,297,2,281,14,0,13.0,1.5,0.0,85.5,0.0,0.0,0.0,0.0,15795.0 MiB,6118.1 MiB,1890.4 MiB,7786.5 MiB,4096.0 MiB,4092.2 MiB,3.8 MiB,13094.4 MiB,
g++-7,2019-11-14,nbody_50000000,nbody_2.c 50000000,48,1691068524,477508,nbody_2_g++-7,0:56.87,6651904,1953792,1777664,100.0,0.0,1,3,0:56,0,12288,569344,0,193,0,1953792,296,2,280,14,0,13.7,1.5,0.0,84.7,0.0,0.0,0.0,0.0,15795.0 MiB,6118.9 MiB,1889.6 MiB,7786.5 MiB,4096.0 MiB,4092.2 MiB,3.8 MiB,13095.1 MiB,
g++-7,2019-11-14,nbody_50000000,nbody_2.c 50000000,49,1691068525,477508,nbody_2_g++-7,0:58.05,6651904,1953792,1777664,100.0,0.0,1,3,0:58,0,12288,569344,0,193,0,1953792,296,2,280,14,0,13.0,0.8,0.0,86.3,0.0,0.0,0.0,0.0,15795.0 MiB,6118.9 MiB,1889.6 MiB,7786.5 MiB,4096.0 MiB,4092.2 MiB,3.8 MiB,13095.1 MiB,
g++-7,2019-11-14,nbody_50000000,nbody_2.c 50000000,50,1691068526,477508,nbody_2_g++-7,0:59.22,6651904,1953792,1777664,93.8,0.0,1,3,0:59,0,12288,569344,0,193,0,1953792,296,2,280,14,0,13.1,0.8,0.0,86.2,0.0,0.0,0.0,0.0,15795.0 MiB,6118.9 MiB,1889.6 MiB,7786.5 MiB,4096.0 MiB,4092.2 MiB,3.8 MiB,13095.1 MiB,
g++-7,2019-11-14,nbody_50000000,nbody_2.c 50000000,51,1691068527,477508,nbody_2_g++-7,1:00.40,6651904,1953792,1777664,93.8,0.0,1,3,1:00,0,12288,569344,0,193,0,1953792,296,2,280,14,0,12.3,0.8,0.0,86.2,0.0,0.0,0.8,0.0,15795.0 MiB,6118.9 MiB,1889.6 MiB,7786.5 MiB,4096.0 MiB,4092.2 MiB,3.8 MiB,13095.1 MiB,
g++-7,2019-11-14,nbody_50000000,nbody_2.c 50000000,52,1691068529,477508,nbody_2_g++-7,1:01.58,6651904,1953792,1777664,93.8,0.0,1,3,1:01,0,12288,569344,0,193,0,1953792,296,2,280,14,0,13.1,0.8,0.0,86.2,0.0,0.0,0.0,0.0,15795.0 MiB,6118.4 MiB,1890.1 MiB,7786.5 MiB,4096.0 MiB,4092.2 MiB,3.8 MiB,13094.6 MiB,
g++-7,2019-11-14,nbody_50000000,nbody_2.c 50000000,53,1691068530,477508,nbody_2_g++-7,1:02.76,6651904,1953792,1777664,93.8,0.0,1,3,1:02,0,12288,569344,0,193,0,1953792,296,2,280,14,0,12.9,1.5,0.0,85.6,0.0,0.0,0.0,0.0,15795.0 MiB,6118.6 MiB,1889.9 MiB,7786.5 MiB,4096.0 MiB,4092.2 MiB,3.8 MiB,13094.9 MiB,
g++-7,2019-11-14,nbody_50000000,nbody_2.c 50000000,54,1691068531,477508,nbody_2_g++-7,1:03.94,6651904,1953792,1777664,88.2,0.0,1,3,1:03,0,12288,569344,0,193,0,1953792,296,2,280,14,0,14.6,2.9,0.0,82.5,0.0,0.0,0.0,0.0,15795.0 MiB,6118.4 MiB,1890.1 MiB,7786.5 MiB,4096.0 MiB,4092.2 MiB,3.8 MiB,13094.6 MiB,
g++-7,2019-11-14,nbody_50000000,nbody_2.c 50000000,55,1691068532,477508,nbody_2_g++-7,1:05.12,6651904,1953792,1777664,93.8,0.0,1,7,1:05,0,12288,569344,0,193,0,1953792,296,2,280,14,0,13.0,1.5,0.0,85.5,0.0,0.0,0.0,0.0,15795.0 MiB,6118.4 MiB,1890.1 MiB,7786.5 MiB,4096.0 MiB,4092.2 MiB,3.8 MiB,13094.6 MiB,
g++-7,2019-11-14,nbody_50000000,nbody_2.c 50000000,56,1691068533,477508,nbody_2_g++-7,1:06.30,6651904,1953792,1777664,93.8,0.0,1,7,1:06,0,12288,569344,0,193,0,1953792,296,2,280,14,0,13.0,0.8,0.0,86.3,0.0,0.0,0.0,0.0,15795.0 MiB,6118.6 MiB,1889.8 MiB,7786.5 MiB,4096.0 MiB,4092.2 MiB,3.8 MiB,13094.9 MiB,
g++-7,2019-11-14,nbody_50000000,nbody_2.c 50000000,57,1691068535,477508,nbody_2_g++-7,1:07.48,6651904,1953792,1777664,93.8,0.0,1,7,1:07,0,12288,569344,0,193,0,1953792,296,2,280,14,0,13.1,0.8,0.0,86.2,0.0,0.0,0.0,0.0,15795.0 MiB,6118.6 MiB,1889.8 MiB,7786.5 MiB,4096.0 MiB,4092.2 MiB,3.8 MiB,13094.9 MiB,
g++-7,2019-11-14,nbody_50000000,nbody_2.c 50000000,58,1691068536,477508,nbody_2_g++-7,1:08.66,6651904,1953792,1777664,100.0,0.0,1,7,1:08,0,12288,569344,0,193,0,1953792,296,2,280,14,0,13.1,0.8,0.0,86.2,0.0,0.0,0.0,0.0,15795.0 MiB,6118.4 MiB,1890.1 MiB,7786.5 MiB,4096.0 MiB,4092.2 MiB,3.8 MiB,13094.6 MiB,
g++-7,2019-11-14,nbody_50000000,nbody_2.c 50000000,59,1691068537,477508,nbody_2_g++-7,1:09.84,6651904,1953792,1777664,100.0,0.0,1,7,1:09,0,12288,569344,0,193,0,1953792,296,2,280,14,0,12.5,0.0,0.0,87.5,0.0,0.0,0.0,0.0,15795.0 MiB,6118.4 MiB,1890.1 MiB,7786.5 MiB,4096.0 MiB,4092.2 MiB,3.8 MiB,13094.6 MiB,
g++-7,2019-11-14,nbody_50000000,nbody_2.c 50000000,60,1691068538,477508,nbody_2_g++-7,1:11.03,6651904,1953792,1777664,100.0,0.0,1,7,1:11,0,12288,569344,0,193,0,1953792,296,2,280,14,0,12.7,1.5,0.0,85.8,0.0,0.0,0.0,0.0,15795.0 MiB,6118.2 MiB,1890.3 MiB,7786.5 MiB,4096.0 MiB,4092.2 MiB,3.8 MiB,13094.4 MiB,
g++-7,2019-11-14,nbody_50000000,nbody_2.c 50000000,61,1691068539,477508,nbody_2_g++-7,1:12.21,6651904,1953792,1777664,100.0,0.0,1,7,1:12,0,12288,569344,0,193,0,1953792,296,2,280,14,0,13.0,0.8,0.0,86.3,0.0,0.0,0.0,0.0,15795.0 MiB,6118.2 MiB,1890.3 MiB,7786.5 MiB,4096.0 MiB,4092.2 MiB,3.8 MiB,13094.4 MiB,
g++-7,2019-11-14,nbody_50000000,nbody_2.c 50000000,62,1691068540,477508,nbody_2_g++-7,1:13.39,6651904,1953792,1777664,100.0,0.0,1,7,1:13,0,12288,569344,0,193,0,1953792,296,2,280,14,0,13.0,1.5,0.0,85.5,0.0,0.0,0.0,0.0,15795.0 MiB,6118.4 MiB,1890.1 MiB,7786.5 MiB,4096.0 MiB,4092.2 MiB,3.8 MiB,13094.7 MiB,
g++-7,2019-11-14,nbody_50000000,nbody_2.c 50000000,63,1691068542,477508,nbody_2_g++-7,1:14.57,6651904,1953792,1777664,100.0,0.0,1,7,1:14,0,12288,569344,0,193,0,1953792,296,2,280,14,0,13.1,0.8,0.0,86.2,0.0,0.0,0.0,0.0,15795.0 MiB,6117.9 MiB,1890.5 MiB,7786.5 MiB,4096.0 MiB,4092.2 MiB,3.8 MiB,13094.2 MiB,
g++-7,2019-11-14,nbody_50000000,nbody_2.c 50000000,64,1691068543,477508,nbody_2_g++-7,1:15.75,6651904,1953792,1777664,100.0,0.0,1,3,1:15,0,12288,569344,0,193,0,1953792,296,2,280,14,0,12.3,1.5,0.0,86.2,0.0,0.0,0.0,0.0,15795.0 MiB,6117.9 MiB,1890.5 MiB,7786.5 MiB,4096.0 MiB,4092.2 MiB,3.8 MiB,13094.2 MiB,
g++-7,2019-11-14,nbody_50000000,nbody_2.c 50000000,65,1691068544,477508,nbody_2_g++-7,1:16.92,6651904,1953792,1777664,93.8,0.0,1,7,1:16,0,12288,569344,0,193,0,1953792,297,2,281,14,0,13.1,0.8,0.0,86.2,0.0,0.0,0.0,0.0,15795.0 MiB,6117.4 MiB,1891.0 MiB,7786.5 MiB,4096.0 MiB,4092.2 MiB,3.8 MiB,13093.7 MiB,
g++-8,2021-05-14,nbody_50000000,nbody_2.c 50000000,0,1691068666,477978,nbody_2_g++-8,0:00.17,6651904,1986560,1810432,100.0,0.0,1,6,0:00,0,12288,569344,0,194,0,1986560,296,2,280,14,0,14.5,1.5,0.0,84.0,0.0,0.0,0.0,0.0,15795.0 MiB,6105.5 MiB,1895.1 MiB,7794.4 MiB,4096.0 MiB,4092.2 MiB,3.8 MiB,13082.0 MiB,
g++-8,2021-05-14,nbody_50000000,nbody_2.c 50000000,1,1691068667,477978,nbody_2_g++-8,0:01.35,6651904,1986560,1810432,100.0,0.0,1,6,0:01,0,12288,569344,0,194,0,1986560,296,2,280,14,0,13.1,0.8,0.0,86.2,0.0,0.0,0.0,0.0,15795.0 MiB,6105.3 MiB,1895.1 MiB,7794.6 MiB,4096.0 MiB,4092.2 MiB,3.8 MiB,13081.7 MiB,
g++-8,2021-05-14,nbody_50000000,nbody_2.c 50000000,2,1691068668,477978,nbody_2_g++-8,0:02.53,6651904,1986560,1810432,88.2,0.0,1,6,0:02,0,12288,569344,0,194,0,1986560,296,2,280,14,0,12.9,2.2,0.0,84.9,0.0,0.0,0.0,0.0,15795.0 MiB,6112.2 MiB,1896.1 MiB,7786.7 MiB,4096.0 MiB,4092.2 MiB,3.8 MiB,13088.7 MiB,
g++-8,2021-05-14,nbody_50000000,nbody_2.c 50000000,3,1691068669,477978,nbody_2_g++-8,0:03.72,6651904,1986560,1810432,100.0,0.0,1,6,0:03,0,12288,569344,0,194,0,1986560,296,2,280,14,0,13.1,1.5,0.0,85.4,0.0,0.0,0.0,0.0,15795.0 MiB,6112.4 MiB,1895.8 MiB,7786.7 MiB,4096.0 MiB,4092.2 MiB,3.8 MiB,13089.0 MiB,
g++-8,2021-05-14,nbody_50000000,nbody_2.c 50000000,4,1691068670,477978,nbody_2_g++-8,0:04.90,6651904,1986560,1810432,100.0,0.0,1,6,0:04,0,12288,569344,0,194,0,1986560,296,2,280,14,0,12.7,0.7,0.0,86.6,0.0,0.0,0.0,0.0,15795.0 MiB,6112.4 MiB,1895.8 MiB,7786.7 MiB,4096.0 MiB,4092.2 MiB,3.8 MiB,13089.0 MiB,
g++-8,2021-05-14,nbody_50000000,nbody_2.c 50000000,5,1691068671,477978,nbody_2_g++-8,0:06.08,6651904,1986560,1810432,93.8,0.0,1,6,0:06,0,12288,569344,0,194,0,1986560,296,2,280,14,0,12.3,0.8,0.0,86.9,0.0,0.0,0.0,0.0,15795.0 MiB,6111.9 MiB,1896.3 MiB,7786.7 MiB,4096.0 MiB,4092.2 MiB,3.8 MiB,13088.5 MiB,
g++-8,2021-05-14,nbody_50000000,nbody_2.c 50000000,6,1691068673,477978,nbody_2_g++-8,0:07.26,6651904,1986560,1810432,93.8,0.0,1,6,0:07,0,12288,569344,0,194,0,1986560,296,2,280,14,0,13.1,0.8,0.0,86.2,0.0,0.0,0.0,0.0,15795.0 MiB,6111.9 MiB,1896.3 MiB,7786.7 MiB,4096.0 MiB,4092.2 MiB,3.8 MiB,13088.5 MiB,
g++-8,2021-05-14,nbody_50000000,nbody_2.c 50000000,7,1691068674,477978,nbody_2_g++-8,0:08.44,6651904,1986560,1810432,93.8,0.0,1,6,0:08,0,12288,569344,0,194,0,1986560,296,2,280,14,0,13.0,1.5,0.0,85.5,0.0,0.0,0.0,0.0,15795.0 MiB,6111.2 MiB,1897.1 MiB,7786.7 MiB,4096.0 MiB,4092.2 MiB,3.8 MiB,13087.8 MiB,
g++-8,2021-05-14,nbody_50000000,nbody_2.c 50000000,8,1691068675,477978,nbody_2_g++-8,0:09.62,6651904,1986560,1810432,100.0,0.0,1,6,0:09,0,12288,569344,0,194,0,1986560,296,2,280,14,0,13.0,1.5,0.0,85.5,0.0,0.0,0.0,0.0,15795.0 MiB,6111.7 MiB,1896.6 MiB,7786.7 MiB,4096.0 MiB,4092.2 MiB,3.8 MiB,13088.2 MiB,
g++-8,2021-05-14,nbody_50000000,nbody_2.c 50000000,9,1691068676,477978,nbody_2_g++-8,0:10.80,6651904,1986560,1810432,100.0,0.0,1,2,0:10,0,12288,569344,0,194,0,1986560,296,2,280,14,0,12.4,0.8,0.0,86.8,0.0,0.0,0.0,0.0,15795.0 MiB,6112.2 MiB,1896.1 MiB,7786.7 MiB,4096.0 MiB,4092.2 MiB,3.8 MiB,13088.7 MiB,
g++-8,2021-05-14,nbody_50000000,nbody_2.c 50000000,10,1691068677,477978,nbody_2_g++-8,0:11.98,6651904,1986560,1810432,100.0,0.0,1,2,0:11,0,12288,569344,0,194,0,1986560,296,2,280,14,0,13.0,0.8,0.0,86.3,0.0,0.0,0.0,0.0,15795.0 MiB,6112.2 MiB,1896.1 MiB,7786.7 MiB,4096.0 MiB,4092.2 MiB,3.8 MiB,13088.7 MiB,
g++-8,2021-05-14,nbody_50000000,nbody_2.c 50000000,11,1691068679,477978,nbody_2_g++-8,0:13.16,6651904,1986560,1810432,100.0,0.0,1,2,0:13,0,12288,569344,0,194,0,1986560,296,2,280,14,0,13.0,0.8,0.0,86.3,0.0,0.0,0.0,0.0,15795.0 MiB,6112.2 MiB,1896.1 MiB,7786.7 MiB,4096.0 MiB,4092.2 MiB,3.8 MiB,13088.7 MiB,
g++-8,2021-05-14,nbody_50000000,nbody_2.c 50000000,12,1691068680,477978,nbody_2_g++-8,0:14.34,6651904,1986560,1810432,100.0,0.0,1,6,0:14,0,12288,569344,0,194,0,1986560,296,2,280,14,0,12.9,1.5,0.0,85.6,0.0,0.0,0.0,0.0,15795.0 MiB,6112.7 MiB,1895.6 MiB,7786.7 MiB,4096.0 MiB,4092.2 MiB,3.8 MiB,13089.2 MiB,
g++-8,2021-05-14,nbody_50000000,nbody_2.c 50000000,13,1691068681,477978,nbody_2_g++-8,0:15.52,6651904,1986560,1810432,100.0,0.0,1,6,0:15,0,12288,569344,0,194,0,1986560,296,2,280,14,0,12.7,0.7,0.0,86.6,0.0,0.0,0.0,0.0,15795.0 MiB,6112.4 MiB,1895.8 MiB,7786.7 MiB,4096.0 MiB,4092.2 MiB,3.8 MiB,13089.0 MiB,
g++-8,2021-05-14,nbody_50000000,nbody_2.c 50000000,14,1691068682,477978,nbody_2_g++-8,0:16.70,6651904,1986560,1810432,93.8,0.0,1,6,0:16,0,12288,569344,0,194,0,1986560,296,2,280,14,0,13.8,0.8,0.0,85.4,0.0,0.0,0.0,0.0,15795.0 MiB,6112.4 MiB,1895.8 MiB,7786.7 MiB,4096.0 MiB,4092.2 MiB,3.8 MiB,13089.0 MiB,
g++-8,2021-05-14,nbody_50000000,nbody_2.c 50000000,15,1691068683,477978,nbody_2_g++-8,0:17.89,6651904,1986560,1810432,94.1,0.0,1,6,0:17,0,12288,569344,0,194,0,1986560,296,2,280,14,0,14.1,0.7,0.0,85.2,0.0,0.0,0.0,0.0,15795.0 MiB,6112.4 MiB,1895.8 MiB,7786.7 MiB,4096.0 MiB,4092.2 MiB,3.8 MiB,13089.0 MiB,
g++-8,2021-05-14,nbody_50000000,nbody_2.c 50000000,16,1691068684,477978,nbody_2_g++-8,0:19.07,6651904,1986560,1810432,100.0,0.0,1,6,0:19,0,12288,569344,0,194,0,1986560,296,2,280,14,0,13.7,0.8,0.0,85.5,0.0,0.0,0.0,0.0,15795.0 MiB,6112.4 MiB,1895.8 MiB,7786.7 MiB,4096.0 MiB,4092.2 MiB,3.8 MiB,13089.0 MiB,
g++-8,2021-05-14,nbody_50000000,nbody_2.c 50000000,17,1691068686,477978,nbody_2_g++-8,0:20.25,6651904,1986560,1810432,100.0,0.0,1,6,0:20,0,12288,569344,0,194,0,1986560,296,2,280,14,0,13.1,0.8,0.0,86.2,0.0,0.0,0.0,0.0,15795.0 MiB,6112.2 MiB,1896.0 MiB,7786.8 MiB,4096.0 MiB,4092.2 MiB,3.8 MiB,13088.8 MiB,
g++-8,2021-05-14,nbody_50000000,nbody_2.c 50000000,18,1691068687,477978,nbody_2_g++-8,0:21.43,6651904,1986560,1810432,100.0,0.0,1,6,0:21,0,12288,569344,0,194,0,1986560,296,2,280,14,0,12.3,0.8,0.0,86.9,0.0,0.0,0.0,0.0,15795.0 MiB,6112.4 MiB,1895.8 MiB,7786.8 MiB,4096.0 MiB,4092.2 MiB,3.8 MiB,13089.0 MiB,
g++-8,2021-05-14,nbody_50000000,nbody_2.c 50000000,19,1691068688,477978,nbody_2_g++-8,0:22.61,6651904,1986560,1810432,100.0,0.0,1,2,0:22,0,12288,569344,0,194,0,1986560,296,2,280,14,0,12.4,0.8,0.0,86.8,0.0,0.0,0.0,0.0,15795.0 MiB,6112.4 MiB,1895.8 MiB,7786.8 MiB,4096.0 MiB,4092.2 MiB,3.8 MiB,13089.0 MiB,
g++-8,2021-05-14,nbody_50000000,nbody_2.c 50000000,20,1691068689,477978,nbody_2_g++-8,0:23.79,6651904,1986560,1810432,100.0,0.0,1,2,0:23,0,12288,569344,0,194,0,1986560,296,2,280,14,0,13.6,1.5,0.0,84.8,0.0,0.0,0.0,0.0,15795.0 MiB,6112.0 MiB,1896.3 MiB,7786.8 MiB,4096.0 MiB,4092.2 MiB,3.8 MiB,13088.5 MiB,
g++-8,2021-05-14,nbody_50000000,nbody_2.c 50000000,21,1691068690,477978,nbody_2_g++-8,0:24.97,6651904,1986560,1810432,100.0,0.0,1,2,0:24,0,12288,569344,0,194,0,1986560,296,2,280,14,0,13.7,1.5,0.0,84.7,0.0,0.0,0.0,0.0,15795.0 MiB,6112.0 MiB,1896.3 MiB,7786.8 MiB,4096.0 MiB,4092.2 MiB,3.8 MiB,13088.5 MiB,
g++-8,2021-05-14,nbody_50000000,nbody_2.c 50000000,22,1691068692,477978,nbody_2_g++-8,0:26.14,6651904,1986560,1810432,93.8,0.0,1,2,0:26,0,12288,569344,0,194,0,1986560,296,2,280,14,0,13.1,0.8,0.0,86.2,0.0,0.0,0.0,0.0,15795.0 MiB,6112.0 MiB,1896.3 MiB,7786.8 MiB,4096.0 MiB,4092.2 MiB,3.8 MiB,13088.5 MiB,
g++-8,2021-05-14,nbody_50000000,nbody_2.c 50000000,23,1691068693,477978,nbody_2_g++-8,0:27.32,6651904,1986560,1810432,93.8,0.0,1,2,0:27,0,12288,569344,0,194,0,1986560,295,2,279,14,0,12.4,0.8,0.0,86.8,0.0,0.0,0.0,0.0,15795.0 MiB,6111.7 MiB,1896.5 MiB,7786.8 MiB,4096.0 MiB,4092.2 MiB,3.8 MiB,13088.3 MiB,
g++-8,2021-05-14,nbody_50000000,nbody_2.c 50000000,24,1691068694,477978,nbody_2_g++-8,0:28.50,6651904,1986560,1810432,93.8,0.0,1,6,0:28,0,12288,569344,0,194,0,1986560,295,2,279,14,0,13.0,0.8,0.0,86.3,0.0,0.0,0.0,0.0,15795.0 MiB,6111.7 MiB,1896.5 MiB,7786.8 MiB,4096.0 MiB,4092.2 MiB,3.8 MiB,13088.3 MiB,
g++-8,2021-05-14,nbody_50000000,nbody_2.c 50000000,25,1691068695,477978,nbody_2_g++-8,0:29.68,6651904,1986560,1810432,93.8,0.0,1,2,0:29,0,12288,569344,0,194,0,1986560,295,2,279,14,0,13.1,0.8,0.0,86.2,0.0,0.0,0.0,0.0,15795.0 MiB,6111.7 MiB,1896.5 MiB,7786.8 MiB,4096.0 MiB,4092.2 MiB,3.8 MiB,13088.3 MiB,
g++-8,2021-05-14,nbody_50000000,nbody_2.c 50000000,26,1691068696,477978,nbody_2_g++-8,0:30.86,6651904,1986560,1810432,100.0,0.0,1,6,0:30,0,12288,569344,0,194,0,1986560,295,2,279,14,0,12.4,0.8,0.0,86.8,0.0,0.0,0.0,0.0,15795.0 MiB,6111.5 MiB,1896.7 MiB,7786.8 MiB,4096.0 MiB,4092.2 MiB,3.8 MiB,13088.1 MiB,
g++-8,2021-05-14,nbody_50000000,nbody_2.c 50000000,27,1691068697,477978,nbody_2_g++-8,0:32.04,6651904,1986560,1810432,94.1,0.0,1,6,0:32,0,12288,569344,0,194,0,1986560,295,2,279,14,0,13.9,2.2,0.0,83.9,0.0,0.0,0.0,0.0,15795.0 MiB,6112.0 MiB,1896.2 MiB,7786.8 MiB,4096.0 MiB,4092.2 MiB,3.8 MiB,13088.6 MiB,
g++-8,2021-05-14,nbody_50000000,nbody_2.c 50000000,28,1691068699,477978,nbody_2_g++-8,0:33.22,6651904,1986560,1810432,100.0,0.0,1,6,0:33,0,12288,569344,0,194,0,1986560,295,2,279,14,0,13.2,0.0,0.0,86.8,0.0,0.0,0.0,0.0,15795.0 MiB,6112.7 MiB,1895.5 MiB,7786.8 MiB,4096.0 MiB,4092.2 MiB,3.8 MiB,13089.3 MiB,
g++-8,2021-05-14,nbody_50000000,nbody_2.c 50000000,29,1691068700,477978,nbody_2_g++-8,0:34.40,6651904,1986560,1810432,100.0,0.0,1,6,0:34,0,12288,569344,0,194,0,1986560,295,2,279,14,0,13.1,0.8,0.0,86.2,0.0,0.0,0.0,0.0,15795.0 MiB,6112.7 MiB,1895.4 MiB,7786.8 MiB,4096.0 MiB,4092.2 MiB,3.8 MiB,13089.3 MiB,
g++-8,2021-05-14,nbody_50000000,nbody_2.c 50000000,30,1691068701,477978,nbody_2_g++-8,0:35.58,6651904,1986560,1810432,100.0,0.0,1,6,0:35,0,12288,569344,0,194,0,1986560,295,2,279,14,0,13.7,0.8,0.0,85.5,0.0,0.0,0.0,0.0,15795.0 MiB,6112.9 MiB,1895.2 MiB,7786.8 MiB,4096.0 MiB,4092.2 MiB,3.8 MiB,13089.5 MiB,
g++-8,2021-05-14,nbody_50000000,nbody_2.c 50000000,31,1691068702,477978,nbody_2_g++-8,0:36.76,6651904,1986560,1810432,100.0,0.0,1,6,0:36,0,12288,569344,0,194,0,1986560,295,2,279,14,0,12.4,0.8,0.0,86.8,0.0,0.0,0.0,0.0,15795.0 MiB,6112.7 MiB,1895.4 MiB,7786.9 MiB,4096.0 MiB,4092.2 MiB,3.8 MiB,13089.3 MiB,
g++-8,2021-05-14,nbody_50000000,nbody_2.c 50000000,32,1691068703,477978,nbody_2_g++-8,0:37.93,6651904,1986560,1810432,100.0,0.0,1,6,0:37,0,12288,569344,0,194,0,1986560,295,2,279,14,0,12.4,0.8,0.0,86.8,0.0,0.0,0.0,0.0,15795.0 MiB,6112.7 MiB,1895.4 MiB,7786.9 MiB,4096.0 MiB,4092.2 MiB,3.8 MiB,13089.3 MiB,
g++-8,2021-05-14,nbody_50000000,nbody_2.c 50000000,33,1691068705,477978,nbody_2_g++-8,0:39.11,6651904,1986560,1810432,93.8,0.0,1,2,0:39,0,12288,569344,0,194,0,1986560,295,2,279,14,0,13.1,1.5,0.0,85.4,0.0,0.0,0.0,0.0,15795.0 MiB,6112.0 MiB,1896.2 MiB,7786.9 MiB,4096.0 MiB,4092.2 MiB,3.8 MiB,13088.6 MiB,
g++-8,2021-05-14,nbody_50000000,nbody_2.c 50000000,34,1691068706,477978,nbody_2_g++-8,0:40.29,6651904,1986560,1810432,93.8,0.0,1,2,0:40,0,12288,569344,0,194,0,1986560,295,2,279,14,0,13.1,0.8,0.0,86.2,0.0,0.0,0.0,0.0,15795.0 MiB,6112.0 MiB,1896.2 MiB,7786.9 MiB,4096.0 MiB,4092.2 MiB,3.8 MiB,13088.6 MiB,
g++-8,2021-05-14,nbody_50000000,nbody_2.c 50000000,35,1691068707,477978,nbody_2_g++-8,0:41.47,6651904,1986560,1810432,93.8,0.0,1,2,0:41,0,12288,569344,0,194,0,1986560,295,2,279,14,0,12.9,1.5,0.0,85.6,0.0,0.0,0.0,0.0,15795.0 MiB,6112.0 MiB,1896.2 MiB,7786.9 MiB,4096.0 MiB,4092.2 MiB,3.8 MiB,13088.6 MiB,
g++-8,2021-05-14,nbody_50000000,nbody_2.c 50000000,36,1691068708,477978,nbody_2_g++-8,0:42.65,6651904,1986560,1810432,93.8,0.0,1,2,0:42,0,12288,569344,0,194,0,1986560,295,2,279,14,0,12.4,0.8,0.0,86.8,0.0,0.0,0.0,0.0,15795.0 MiB,6112.0 MiB,1896.2 MiB,7786.9 MiB,4096.0 MiB,4092.2 MiB,3.8 MiB,13088.6 MiB,
g++-8,2021-05-14,nbody_50000000,nbody_2.c 50000000,37,1691068709,477978,nbody_2_g++-8,0:43.83,6651904,1986560,1810432,100.0,0.0,1,2,0:43,0,12288,569344,0,194,0,1986560,295,2,279,14,0,12.4,0.8,0.0,86.8,0.0,0.0,0.0,0.0,15795.0 MiB,6112.2 MiB,1895.9 MiB,7786.9 MiB,4096.0 MiB,4092.2 MiB,3.8 MiB,13088.8 MiB,
g++-8,2021-05-14,nbody_50000000,nbody_2.c 50000000,38,1691068710,477978,nbody_2_g++-8,0:45.01,6651904,1986560,1810432,100.0,0.0,1,2,0:45,0,12288,569344,0,194,0,1986560,295,2,279,14,0,13.6,1.5,0.0,84.8,0.0,0.0,0.0,0.0,15795.0 MiB,6112.0 MiB,1896.2 MiB,7786.9 MiB,4096.0 MiB,4092.2 MiB,3.8 MiB,13088.6 MiB,
g++-8,2021-05-14,nbody_50000000,nbody_2.c 50000000,39,1691068712,477978,nbody_2_g++-8,0:46.19,6651904,1986560,1810432,100.0,0.0,1,2,0:46,0,12288,569344,0,194,0,1986560,295,2,279,14,0,13.1,1.5,0.0,85.4,0.0,0.0,0.0,0.0,15795.0 MiB,6112.5 MiB,1895.7 MiB,7786.9 MiB,4096.0 MiB,4092.2 MiB,3.8 MiB,13089.1 MiB,
g++-8,2021-05-14,nbody_50000000,nbody_2.c 50000000,40,1691068713,477978,nbody_2_g++-8,0:47.37,6651904,1986560,1810432,100.0,0.0,1,6,0:47,0,12288,569344,0,194,0,1986560,295,2,279,14,0,13.6,0.8,0.0,85.6,0.0,0.0,0.0,0.0,15795.0 MiB,6112.5 MiB,1895.7 MiB,7786.9 MiB,4096.0 MiB,4092.2 MiB,3.8 MiB,13089.1 MiB,
g++-8,2021-05-14,nbody_50000000,nbody_2.c 50000000,41,1691068714,477978,nbody_2_g++-8,0:48.55,6651904,1986560,1810432,100.0,0.0,1,2,0:48,0,12288,569344,0,194,0,1986560,295,2,279,14,0,13.1,0.8,0.0,86.2,0.0,0.0,0.0,0.0,15795.0 MiB,6112.7 MiB,1895.4 MiB,7786.9 MiB,4096.0 MiB,4092.2 MiB,3.8 MiB,13089.3 MiB,
g++-8,2021-05-14,nbody_50000000,nbody_2.c 50000000,42,1691068715,477978,nbody_2_g++-8,0:49.72,6651904,1986560,1810432,100.0,0.0,1,6,0:49,0,12288,569344,0,194,0,1986560,295,2,279,14,0,12.4,0.8,0.0,86.8,0.0,0.0,0.0,0.0,15795.0 MiB,6112.7 MiB,1895.4 MiB,7786.9 MiB,4096.0 MiB,4092.2 MiB,3.8 MiB,13089.3 MiB,
g++-8,2021-05-14,nbody_50000000,nbody_2.c 50000000,43,1691068716,477978,nbody_2_g++-8,0:50.90,6651904,1986560,1810432,100.0,0.0,1,6,0:50,0,12288,569344,0,194,0,1986560,295,2,279,14,0,13.2,0.0,0.0,86.8,0.0,0.0,0.0,0.0,15795.0 MiB,6112.2 MiB,1895.9 MiB,7786.9 MiB,4096.0 MiB,4092.2 MiB,3.8 MiB,13088.8 MiB,
g++-8,2021-05-14,nbody_50000000,nbody_2.c 50000000,44,1691068717,477978,nbody_2_g++-8,0:52.08,6651904,1986560,1810432,100.0,0.0,1,6,0:52,0,12288,569344,0,194,0,1986560,295,2,279,14,0,13.1,0.8,0.0,86.2,0.0,0.0,0.0,0.0,15795.0 MiB,6112.5 MiB,1895.6 MiB,7786.9 MiB,4096.0 MiB,4092.2 MiB,3.8 MiB,13089.1 MiB,
g++-8,2021-05-14,nbody_50000000,nbody_2.c 50000000,45,1691068719,477978,nbody_2_g++-8,0:53.26,6651904,1986560,1810432,100.0,0.0,1,6,0:53,0,12288,569344,0,194,0,1986560,295,2,279,14,0,13.1,1.5,0.0,85.4,0.0,0.0,0.0,0.0,15795.0 MiB,6113.2 MiB,1894.9 MiB,7786.9 MiB,4096.0 MiB,4092.2 MiB,3.8 MiB,13089.8 MiB,
g++-8,2021-05-14,nbody_50000000,nbody_2.c 50000000,46,1691068720,477978,nbody_2_g++-8,0:54.44,6651904,1986560,1810432,100.0,0.0,1,6,0:54,0,12288,569344,0,194,0,1986560,295,2,279,14,0,12.4,0.8,0.0,86.8,0.0,0.0,0.0,0.0,15795.0 MiB,6113.4 MiB,1894.7 MiB,7786.9 MiB,4096.0 MiB,4092.2 MiB,3.8 MiB,13090.1 MiB,
g++-8,2021-05-14,nbody_50000000,nbody_2.c 50000000,47,1691068721,477978,nbody_2_g++-8,0:55.62,6651904,1986560,1810432,100.0,0.0,1,6,0:55,0,12288,569344,0,194,0,1986560,295,2,279,14,0,13.2,0.0,0.0,86.8,0.0,0.0,0.0,0.0,15795.0 MiB,6112.9 MiB,1895.1 MiB,7786.9 MiB,4096.0 MiB,4092.2 MiB,3.8 MiB,13089.6 MiB,
g++-8,2021-05-14,nbody_50000000,nbody_2.c 50000000,48,1691068722,477978,nbody_2_g++-8,0:56.80,6651904,1986560,1810432,100.0,0.0,1,6,0:56,0,12288,569344,0,194,0,1986560,295,2,279,14,0,13.2,0.0,0.0,86.8,0.0,0.0,0.0,0.0,15795.0 MiB,6112.0 MiB,1896.1 MiB,7786.9 MiB,4096.0 MiB,4092.2 MiB,3.8 MiB,13088.6 MiB,
g++-8,2021-05-14,nbody_50000000,nbody_2.c 50000000,49,1691068723,477978,nbody_2_g++-8,0:57.98,6651904,1986560,1810432,100.0,0.0,1,6,0:57,0,12288,569344,0,194,0,1986560,295,2,279,14,0,13.6,1.5,0.0,84.8,0.0,0.0,0.0,0.0,15795.0 MiB,6111.7 MiB,1896.4 MiB,7786.9 MiB,4096.0 MiB,4092.2 MiB,3.8 MiB,13088.4 MiB,
g++-8,2021-05-14,nbody_50000000,nbody_2.c 50000000,50,1691068725,477978,nbody_2_g++-8,0:59.16,6651904,1986560,1810432,100.0,0.0,1,6,0:59,0,12288,569344,0,194,0,1986560,295,2,279,14,0,13.7,0.8,0.0,85.5,0.0,0.0,0.0,0.0,15795.0 MiB,6111.2 MiB,1896.8 MiB,7786.9 MiB,4096.0 MiB,4092.2 MiB,3.8 MiB,13087.9 MiB,
g++-8,2021-05-14,nbody_50000000,nbody_2.c 50000000,51,1691068726,477978,nbody_2_g++-8,1:00.34,6651904,1986560,1810432,100.0,0.0,1,6,1:00,0,12288,569344,0,194,0,1986560,296,2,280,14,0,13.8,0.0,0.0,86.2,0.0,0.0,0.0,0.0,15795.0 MiB,6111.5 MiB,1896.6 MiB,7786.9 MiB,4096.0 MiB,4092.2 MiB,3.8 MiB,13088.2 MiB,
g++-8,2021-05-14,nbody_50000000,nbody_2.c 50000000,52,1691068727,477978,nbody_2_g++-8,1:01.53,6651904,1986560,1810432,94.1,0.0,1,6,1:01,0,12288,569344,0,194,0,1986560,296,2,280,14,0,13.3,1.5,0.0,85.2,0.0,0.0,0.0,0.0,15795.0 MiB,6111.5 MiB,1896.6 MiB,7786.9 MiB,4096.0 MiB,4092.2 MiB,3.8 MiB,13088.2 MiB,
g++-8,2021-05-14,nbody_50000000,nbody_2.c 50000000,53,1691068728,477978,nbody_2_g++-8,1:02.71,6651904,1986560,1810432,100.0,0.0,1,6,1:02,0,12288,569344,0,194,0,1986560,296,2,280,14,0,12.4,0.8,0.0,86.8,0.0,0.0,0.0,0.0,15795.0 MiB,6111.2 MiB,1896.8 MiB,7786.9 MiB,4096.0 MiB,4092.2 MiB,3.8 MiB,13087.9 MiB,
g++-8,2021-05-14,nbody_50000000,nbody_2.c 50000000,54,1691068729,477978,nbody_2_g++-8,1:03.89,6651904,1986560,1810432,100.0,0.0,1,6,1:03,0,12288,569344,0,194,0,1986560,295,2,279,14,0,13.7,0.8,0.0,85.5,0.0,0.0,0.0,0.0,15795.0 MiB,6111.5 MiB,1896.6 MiB,7786.9 MiB,4096.0 MiB,4092.2 MiB,3.8 MiB,13088.2 MiB,
g++-8,2021-05-14,nbody_50000000,nbody_2.c 50000000,55,1691068730,477978,nbody_2_g++-8,1:05.08,6651904,1986560,1810432,100.0,0.0,1,6,1:05,0,12288,569344,0,194,0,1986560,296,2,280,14,0,14.2,0.7,0.0,85.1,0.0,0.0,0.0,0.0,15795.0 MiB,6110.7 MiB,1897.3 MiB,7786.9 MiB,4096.0 MiB,4092.2 MiB,3.8 MiB,13087.4 MiB,
g++-8,2021-05-14,nbody_50000000,nbody_2.c 50000000,56,1691068732,477978,nbody_2_g++-8,1:06.26,6651904,1986560,1810432,100.0,0.0,1,6,1:06,0,12288,569344,0,194,0,1986560,296,2,280,14,0,13.4,0.0,0.0,86.6,0.0,0.0,0.0,0.0,15795.0 MiB,6110.5 MiB,1897.5 MiB,7786.9 MiB,4096.0 MiB,4092.2 MiB,3.8 MiB,13087.2 MiB,
g++-8,2021-05-14,nbody_50000000,nbody_2.c 50000000,57,1691068733,477978,nbody_2_g++-8,1:07.44,6651904,1986560,1810432,93.8,0.0,1,2,1:07,0,12288,569344,0,194,0,1986560,296,2,280,14,0,13.0,1.5,0.0,85.5,0.0,0.0,0.0,0.0,15795.0 MiB,6110.2 MiB,1897.8 MiB,7786.9 MiB,4096.0 MiB,4092.2 MiB,3.8 MiB,13087.0 MiB,
g++-8,2021-05-14,nbody_50000000,nbody_2.c 50000000,58,1691068734,477978,nbody_2_g++-8,1:08.62,6651904,1986560,1810432,100.0,0.0,1,2,1:08,0,12288,569344,0,194,0,1986560,295,2,279,14,0,12.4,0.8,0.0,86.8,0.0,0.0,0.0,0.0,15795.0 MiB,6109.8 MiB,1898.3 MiB,7786.9 MiB,4096.0 MiB,4092.2 MiB,3.8 MiB,13086.5 MiB,
g++-8,2021-05-14,nbody_50000000,nbody_2.c 50000000,59,1691068735,477978,nbody_2_g++-8,1:09.80,6651904,1986560,1810432,100.0,0.0,1,2,1:09,0,12288,569344,0,194,0,1986560,295,2,279,14,0,12.4,0.8,0.0,86.8,0.0,0.0,0.0,0.0,15795.0 MiB,6109.8 MiB,1898.3 MiB,7787.0 MiB,4096.0 MiB,4092.2 MiB,3.8 MiB,13086.5 MiB,
g++-8,2021-05-14,nbody_50000000,nbody_2.c 50000000,60,1691068736,477978,nbody_2_g++-8,1:10.98,6651904,1986560,1810432,100.0,0.0,1,6,1:10,0,12288,569344,0,194,0,1986560,295,2,279,14,0,13.0,0.8,0.0,86.3,0.0,0.0,0.0,0.0,15795.0 MiB,6110.0 MiB,1898.0 MiB,7787.0 MiB,4096.0 MiB,4092.2 MiB,3.8 MiB,13086.7 MiB,
g++-8,2021-05-14,nbody_50000000,nbody_2.c 50000000,61,1691068738,477978,nbody_2_g++-8,1:12.16,6651904,1986560,1810432,100.0,0.0,1,2,1:12,0,12288,569344,0,194,0,1986560,296,2,280,14,0,13.0,0.8,0.0,86.3,0.0,0.0,0.0,0.0,15795.0 MiB,6109.8 MiB,1898.3 MiB,7787.0 MiB,4096.0 MiB,4092.2 MiB,3.8 MiB,13086.5 MiB,
g++-8,2021-05-14,nbody_50000000,nbody_2.c 50000000,62,1691068739,477978,nbody_2_g++-8,1:13.34,6651904,1986560,1810432,100.0,0.0,1,2,1:13,0,12288,569344,0,194,0,1986560,296,2,280,14,0,13.1,0.8,0.0,86.2,0.0,0.0,0.0,0.0,15795.0 MiB,6110.0 MiB,1898.0 MiB,7787.0 MiB,4096.0 MiB,4092.2 MiB,3.8 MiB,13086.7 MiB,
g++-8,2021-05-14,nbody_50000000,nbody_2.c 50000000,63,1691068740,477978,nbody_2_g++-8,1:14.52,6651904,1986560,1810432,100.0,0.0,1,2,1:14,0,12288,569344,0,194,0,1986560,296,2,280,14,0,13.2,0.8,0.0,86.0,0.0,0.0,0.0,0.0,15795.0 MiB,6110.0 MiB,1898.2 MiB,7786.8 MiB,4096.0 MiB,4092.2 MiB,3.8 MiB,13086.7 MiB,
g++-8,2021-05-14,nbody_50000000,nbody_2.c 50000000,64,1691068741,477978,nbody_2_g++-8,1:15.71,6651904,1986560,1810432,94.1,0.0,1,2,1:15,0,12288,569344,0,194,0,1986560,295,2,279,14,0,13.2,2.2,0.0,84.6,0.0,0.0,0.0,0.0,15795.0 MiB,6109.8 MiB,1898.4 MiB,7786.8 MiB,4096.0 MiB,4092.2 MiB,3.8 MiB,13086.5 MiB,
g++-8,2021-05-14,nbody_50000000,nbody_2.c 50000000,65,1691068742,477978,nbody_2_g++-8,1:16.89,6651904,1986560,1810432,93.8,0.0,1,2,1:16,0,12288,569344,0,194,0,1986560,296,2,280,14,0,13.9,2.2,0.0,83.9,0.0,0.0,0.0,0.0,15795.0 MiB,6110.3 MiB,1897.9 MiB,7786.8 MiB,4096.0 MiB,4092.2 MiB,3.8 MiB,13087.0 MiB,
g++-9,2022-05-27,nbody_50000000,nbody_2.c 50000000,0,1691068864,478477,nbody_2_g++-9,0:00.20,6656000,1974272,1798144,88.2,0.0,1,1,0:00,0,12288,569344,0,190,0,1974272,294,2,278,14,0,16.9,2.8,0.0,80.3,0.0,0.0,0.0,0.0,15795.0 MiB,6113.9 MiB,1886.2 MiB,7794.8 MiB,4096.0 MiB,4092.2 MiB,3.8 MiB,13090.8 MiB,
g++-9,2022-05-27,nbody_50000000,nbody_2.c 50000000,1,1691068865,478477,nbody_2_g++-9,0:01.38,6656000,1974272,1798144,93.8,0.0,1,1,0:01,0,12288,569344,0,190,0,1974272,294,2,278,14,0,13.1,0.8,0.0,86.2,0.0,0.0,0.0,0.0,15795.0 MiB,6112.2 MiB,1887.7 MiB,7795.1 MiB,4096.0 MiB,4092.2 MiB,3.8 MiB,13089.1 MiB,
g++-9,2022-05-27,nbody_50000000,nbody_2.c 50000000,2,1691068866,478477,nbody_2_g++-9,0:02.56,6656000,1974272,1798144,100.0,0.0,1,1,0:02,0,12288,569344,0,190,0,1974272,294,2,278,14,0,12.4,0.8,0.0,86.8,0.0,0.0,0.0,0.0,15795.0 MiB,6119.8 MiB,1888.0 MiB,7787.1 MiB,4096.0 MiB,4092.2 MiB,3.8 MiB,13096.8 MiB,
g++-9,2022-05-27,nbody_50000000,nbody_2.c 50000000,3,1691068867,478477,nbody_2_g++-9,0:03.75,6656000,1974272,1798144,100.0,0.0,1,1,0:03,0,12288,569344,0,190,0,1974272,294,2,278,14,0,14.4,0.7,0.0,84.9,0.0,0.0,0.0,0.0,15795.0 MiB,6119.1 MiB,1888.8 MiB,7787.1 MiB,4096.0 MiB,4092.2 MiB,3.8 MiB,13096.1 MiB,
g++-9,2022-05-27,nbody_50000000,nbody_2.c 50000000,4,1691068869,478477,nbody_2_g++-9,0:04.93,6656000,1974272,1798144,100.0,0.0,1,1,0:04,0,12288,569344,0,190,0,1974272,294,2,278,14,0,14.5,0.0,0.0,85.5,0.0,0.0,0.0,0.0,15795.0 MiB,6119.6 MiB,1888.3 MiB,7787.1 MiB,4096.0 MiB,4092.2 MiB,3.8 MiB,13096.5 MiB,
g++-9,2022-05-27,nbody_50000000,nbody_2.c 50000000,5,1691068870,478477,nbody_2_g++-9,0:06.11,6656000,1974272,1798144,100.0,0.0,1,1,0:06,0,12288,569344,0,190,0,1974272,294,2,278,14,0,13.7,2.3,0.0,82.4,1.5,0.0,0.0,0.0,15795.0 MiB,6117.4 MiB,1889.6 MiB,7788.0 MiB,4096.0 MiB,4092.2 MiB,3.8 MiB,13095.2 MiB,
g++-9,2022-05-27,nbody_50000000,nbody_2.c 50000000,6,1691068871,478477,nbody_2_g++-9,0:07.29,6656000,1974272,1798144,100.0,0.0,1,1,0:07,0,12288,569344,0,190,0,1974272,294,2,278,14,0,12.9,1.5,0.0,85.6,0.0,0.0,0.0,0.0,15795.0 MiB,6116.6 MiB,1890.3 MiB,7788.0 MiB,4096.0 MiB,4092.2 MiB,3.8 MiB,13094.5 MiB,
g++-9,2022-05-27,nbody_50000000,nbody_2.c 50000000,7,1691068872,478477,nbody_2_g++-9,0:08.47,6656000,1974272,1798144,100.0,0.0,1,1,0:08,0,12288,569344,0,190,0,1974272,294,2,278,14,0,14.2,1.5,0.0,84.3,0.0,0.0,0.0,0.0,15795.0 MiB,6116.1 MiB,1890.8 MiB,7788.0 MiB,4096.0 MiB,4092.2 MiB,3.8 MiB,13094.0 MiB,
g++-9,2022-05-27,nbody_50000000,nbody_2.c 50000000,8,1691068873,478477,nbody_2_g++-9,0:09.64,6656000,1974272,1798144,100.0,0.0,1,1,0:09,0,12288,569344,0,190,0,1974272,294,2,278,14,0,13.2,0.0,0.0,86.8,0.0,0.0,0.0,0.0,15795.0 MiB,6115.6 MiB,1891.3 MiB,7788.0 MiB,4096.0 MiB,4092.2 MiB,3.8 MiB,13093.5 MiB,
g++-9,2022-05-27,nbody_50000000,nbody_2.c 50000000,9,1691068875,478477,nbody_2_g++-9,0:10.82,6656000,1974272,1798144,93.8,0.0,1,1,0:10,0,12288,569344,0,190,0,1974272,294,2,278,14,0,13.2,0.0,0.0,86.8,0.0,0.0,0.0,0.0,15795.0 MiB,6115.9 MiB,1891.1 MiB,7788.0 MiB,4096.0 MiB,4092.2 MiB,3.8 MiB,13093.7 MiB,
g++-9,2022-05-27,nbody_50000000,nbody_2.c 50000000,10,1691068876,478477,nbody_2_g++-9,0:12.00,6656000,1974272,1798144,93.8,0.0,1,5,0:12,0,12288,569344,0,190,0,1974272,294,2,278,14,0,13.0,1.5,0.0,85.5,0.0,0.0,0.0,0.0,15795.0 MiB,6115.6 MiB,1891.3 MiB,7788.0 MiB,4096.0 MiB,4092.2 MiB,3.8 MiB,13093.5 MiB,
g++-9,2022-05-27,nbody_50000000,nbody_2.c 50000000,11,1691068877,478477,nbody_2_g++-9,0:13.18,6656000,1974272,1798144,93.8,0.0,1,1,0:13,0,12288,569344,0,190,0,1974272,294,2,278,14,0,13.6,1.5,0.0,84.8,0.0,0.0,0.0,0.0,15795.0 MiB,6115.6 MiB,1891.3 MiB,7788.0 MiB,4096.0 MiB,4092.2 MiB,3.8 MiB,13093.5 MiB,
g++-9,2022-05-27,nbody_50000000,nbody_2.c 50000000,12,1691068878,478477,nbody_2_g++-9,0:14.35,6656000,1974272,1798144,100.0,0.0,1,1,0:14,0,12288,569344,0,190,0,1974272,294,2,278,14,0,12.4,0.8,0.0,86.8,0.0,0.0,0.0,0.0,15795.0 MiB,6115.6 MiB,1891.3 MiB,7788.0 MiB,4096.0 MiB,4092.2 MiB,3.8 MiB,13093.5 MiB,
g++-9,2022-05-27,nbody_50000000,nbody_2.c 50000000,13,1691068879,478477,nbody_2_g++-9,0:15.53,6656000,1974272,1798144,100.0,0.0,1,1,0:15,0,12288,569344,0,190,0,1974272,294,2,278,14,0,13.7,0.8,0.0,85.5,0.0,0.0,0.0,0.0,15795.0 MiB,6114.9 MiB,1892.1 MiB,7788.0 MiB,4096.0 MiB,4092.2 MiB,3.8 MiB,13092.8 MiB,
g++-9,2022-05-27,nbody_50000000,nbody_2.c 50000000,14,1691068880,478477,nbody_2_g++-9,0:16.72,6656000,1974272,1798144,100.0,0.0,1,1,0:16,0,12288,569344,0,190,0,1974272,294,2,278,14,0,13.1,2.2,0.0,84.7,0.0,0.0,0.0,0.0,15795.0 MiB,6114.7 MiB,1892.3 MiB,7788.0 MiB,4096.0 MiB,4092.2 MiB,3.8 MiB,13092.5 MiB,
g++-9,2022-05-27,nbody_50000000,nbody_2.c 50000000,15,1691068882,478477,nbody_2_g++-9,0:17.90,6656000,1974272,1798144,100.0,0.0,1,1,0:17,0,12288,569344,0,190,0,1974272,294,2,278,14,0,13.1,0.0,0.0,86.9,0.0,0.0,0.0,0.0,15795.0 MiB,6115.4 MiB,1891.5 MiB,7788.0 MiB,4096.0 MiB,4092.2 MiB,3.8 MiB,13093.3 MiB,
g++-9,2022-05-27,nbody_50000000,nbody_2.c 50000000,16,1691068883,478477,nbody_2_g++-9,0:19.08,6656000,1974272,1798144,100.0,0.0,1,1,0:19,0,12288,569344,0,190,0,1974272,294,2,278,14,0,13.1,0.8,0.0,86.2,0.0,0.0,0.0,0.0,15795.0 MiB,6115.4 MiB,1891.5 MiB,7788.0 MiB,4096.0 MiB,4092.2 MiB,3.8 MiB,13093.3 MiB,
g++-9,2022-05-27,nbody_50000000,nbody_2.c 50000000,17,1691068884,478477,nbody_2_g++-9,0:20.25,6656000,1974272,1798144,93.8,0.0,1,1,0:20,0,12288,569344,0,190,0,1974272,294,2,278,14,0,14.0,2.2,0.0,83.8,0.0,0.0,0.0,0.0,15795.0 MiB,6115.2 MiB,1891.8 MiB,7788.0 MiB,4096.0 MiB,4092.2 MiB,3.8 MiB,13093.0 MiB,
g++-9,2022-05-27,nbody_50000000,nbody_2.c 50000000,18,1691068885,478477,nbody_2_g++-9,0:21.43,6656000,1974272,1798144,100.0,0.0,1,1,0:21,0,12288,569344,0,190,0,1974272,294,2,278,14,0,12.5,0.0,0.0,87.5,0.0,0.0,0.0,0.0,15795.0 MiB,6115.7 MiB,1891.3 MiB,7788.0 MiB,4096.0 MiB,4092.2 MiB,3.8 MiB,13093.5 MiB,
g++-9,2022-05-27,nbody_50000000,nbody_2.c 50000000,19,1691068886,478477,nbody_2_g++-9,0:22.61,6656000,1974272,1798144,100.0,0.0,1,1,0:22,0,12288,569344,0,190,0,1974272,294,2,278,14,0,13.1,0.8,0.0,86.2,0.0,0.0,0.0,0.0,15795.0 MiB,6115.9 MiB,1891.0 MiB,7788.0 MiB,4096.0 MiB,4092.2 MiB,3.8 MiB,13093.8 MiB,
g++-9,2022-05-27,nbody_50000000,nbody_2.c 50000000,20,1691068887,478477,nbody_2_g++-9,0:23.79,6656000,1974272,1798144,93.8,0.0,1,1,0:23,0,12288,569344,0,190,0,1974272,294,2,278,14,0,13.1,0.8,0.0,86.2,0.0,0.0,0.0,0.0,15795.0 MiB,6115.7 MiB,1891.3 MiB,7788.0 MiB,4096.0 MiB,4092.2 MiB,3.8 MiB,13093.5 MiB,
g++-9,2022-05-27,nbody_50000000,nbody_2.c 50000000,21,1691068889,478477,nbody_2_g++-9,0:24.97,6656000,1974272,1798144,100.0,0.0,1,1,0:24,0,12288,569344,0,190,0,1974272,294,2,278,14,0,12.3,0.8,0.0,86.9,0.0,0.0,0.0,0.0,15795.0 MiB,6115.9 MiB,1891.0 MiB,7788.0 MiB,4096.0 MiB,4092.2 MiB,3.8 MiB,13093.8 MiB,
g++-9,2022-05-27,nbody_50000000,nbody_2.c 50000000,22,1691068890,478477,nbody_2_g++-9,0:26.15,6656000,1974272,1798144,100.0,0.0,1,5,0:26,0,12288,569344,0,190,0,1974272,294,2,278,14,0,13.2,0.0,0.0,86.8,0.0,0.0,0.0,0.0,15795.0 MiB,6116.2 MiB,1890.7 MiB,7788.0 MiB,4096.0 MiB,4092.2 MiB,3.8 MiB,13094.1 MiB,
g++-9,2022-05-27,nbody_50000000,nbody_2.c 50000000,23,1691068891,478477,nbody_2_g++-9,0:27.34,6656000,1974272,1798144,100.0,0.0,1,5,0:27,0,12288,569344,0,190,0,1974272,294,2,278,14,0,13.2,1.5,0.0,85.3,0.0,0.0,0.0,0.0,15795.0 MiB,6116.2 MiB,1890.8 MiB,7788.0 MiB,4096.0 MiB,4092.2 MiB,3.8 MiB,13094.0 MiB,
g++-9,2022-05-27,nbody_50000000,nbody_2.c 50000000,24,1691068892,478477,nbody_2_g++-9,0:28.52,6656000,1974272,1798144,100.0,0.0,1,5,0:28,0,12288,569344,0,190,0,1974272,294,2,278,14,0,13.1,0.8,0.0,86.2,0.0,0.0,0.0,0.0,15795.0 MiB,6116.2 MiB,1890.8 MiB,7788.0 MiB,4096.0 MiB,4092.2 MiB,3.8 MiB,13094.0 MiB,
g++-9,2022-05-27,nbody_50000000,nbody_2.c 50000000,25,1691068893,478477,nbody_2_g++-9,0:29.70,6656000,1974272,1798144,100.0,0.0,1,5,0:29,0,12288,569344,0,190,0,1974272,294,2,278,14,0,12.3,1.5,0.0,86.2,0.0,0.0,0.0,0.0,15795.0 MiB,6115.9 MiB,1891.0 MiB,7788.0 MiB,4096.0 MiB,4092.2 MiB,3.8 MiB,13093.8 MiB,
g++-9,2022-05-27,nbody_50000000,nbody_2.c 50000000,26,1691068895,478477,nbody_2_g++-9,0:30.87,6656000,1974272,1798144,100.0,0.0,1,5,0:30,0,12288,569344,0,190,0,1974272,294,2,278,14,0,12.5,0.0,0.0,87.5,0.0,0.0,0.0,0.0,15795.0 MiB,6115.7 MiB,1891.2 MiB,7788.0 MiB,4096.0 MiB,4092.2 MiB,3.8 MiB,13093.6 MiB,
g++-9,2022-05-27,nbody_50000000,nbody_2.c 50000000,27,1691068896,478477,nbody_2_g++-9,0:32.05,6656000,1974272,1798144,100.0,0.0,1,5,0:32,0,12288,569344,0,190,0,1974272,294,2,278,14,0,13.1,0.8,0.0,86.2,0.0,0.0,0.0,0.0,15795.0 MiB,6115.9 MiB,1891.0 MiB,7788.1 MiB,4096.0 MiB,4092.2 MiB,3.8 MiB,13093.8 MiB,
g++-9,2022-05-27,nbody_50000000,nbody_2.c 50000000,28,1691068897,478477,nbody_2_g++-9,0:33.24,6656000,1974272,1798144,100.0,0.0,1,5,0:33,0,12288,569344,0,190,0,1974272,295,2,279,14,0,13.3,0.7,0.0,85.9,0.0,0.0,0.0,0.0,15795.0 MiB,6116.7 MiB,1890.2 MiB,7788.1 MiB,4096.0 MiB,4092.2 MiB,3.8 MiB,13094.6 MiB,
g++-9,2022-05-27,nbody_50000000,nbody_2.c 50000000,29,1691068898,478477,nbody_2_g++-9,0:34.42,6656000,1974272,1798144,100.0,0.0,1,5,0:34,0,12288,569344,0,190,0,1974272,295,2,279,14,0,12.3,1.5,0.0,86.2,0.0,0.0,0.0,0.0,15795.0 MiB,6116.9 MiB,1890.0 MiB,7788.1 MiB,4096.0 MiB,4092.2 MiB,3.8 MiB,13094.8 MiB,
g++-9,2022-05-27,nbody_50000000,nbody_2.c 50000000,30,1691068899,478477,nbody_2_g++-9,0:35.60,6656000,1974272,1798144,100.0,0.0,1,5,0:35,0,12288,569344,0,190,0,1974272,295,2,279,14,0,13.1,1.5,0.0,85.4,0.0,0.0,0.0,0.0,15795.0 MiB,6116.9 MiB,1889.9 MiB,7788.1 MiB,4096.0 MiB,4092.2 MiB,3.8 MiB,13094.8 MiB,
g++-9,2022-05-27,nbody_50000000,nbody_2.c 50000000,31,1691068900,478477,nbody_2_g++-9,0:36.78,6656000,1974272,1798144,100.0,0.0,1,5,0:36,0,12288,569344,0,190,0,1974272,294,2,278,14,0,12.2,1.5,0.0,86.3,0.0,0.0,0.0,0.0,15795.0 MiB,6117.2 MiB,1889.7 MiB,7788.1 MiB,4096.0 MiB,4092.2 MiB,3.8 MiB,13095.1 MiB,
g++-9,2022-05-27,nbody_50000000,nbody_2.c 50000000,32,1691068902,478477,nbody_2_g++-9,0:37.96,6656000,1974272,1798144,100.0,0.0,1,5,0:37,0,12288,569344,0,190,0,1974272,294,2,278,14,0,12.3,0.8,0.0,86.9,0.0,0.0,0.0,0.0,15795.0 MiB,6116.7 MiB,1890.2 MiB,7788.1 MiB,4096.0 MiB,4092.2 MiB,3.8 MiB,13094.6 MiB,
g++-9,2022-05-27,nbody_50000000,nbody_2.c 50000000,33,1691068903,478477,nbody_2_g++-9,0:39.14,6656000,1974272,1798144,100.0,0.0,1,5,0:39,0,12288,569344,0,190,0,1974272,295,2,279,14,0,13.0,2.3,0.0,84.7,0.0,0.0,0.0,0.0,15795.0 MiB,6116.7 MiB,1890.2 MiB,7788.1 MiB,4096.0 MiB,4092.2 MiB,3.8 MiB,13094.6 MiB,
g++-9,2022-05-27,nbody_50000000,nbody_2.c 50000000,34,1691068904,478477,nbody_2_g++-9,0:40.31,6656000,1974272,1798144,93.8,0.0,1,1,0:40,0,12288,569344,0,190,0,1974272,295,2,279,14,0,13.2,0.0,0.0,86.8,0.0,0.0,0.0,0.0,15795.0 MiB,6116.4 MiB,1890.4 MiB,7788.1 MiB,4096.0 MiB,4092.2 MiB,3.8 MiB,13094.3 MiB,
g++-9,2022-05-27,nbody_50000000,nbody_2.c 50000000,35,1691068905,478477,nbody_2_g++-9,0:41.50,6656000,1974272,1798144,88.2,0.0,1,1,0:41,0,12288,569344,0,190,0,1974272,295,2,279,14,0,15.1,1.4,0.0,82.7,0.7,0.0,0.0,0.0,15795.0 MiB,6116.4 MiB,1890.4 MiB,7788.1 MiB,4096.0 MiB,4092.2 MiB,3.8 MiB,13094.3 MiB,
g++-9,2022-05-27,nbody_50000000,nbody_2.c 50000000,36,1691068906,478477,nbody_2_g++-9,0:42.68,6656000,1974272,1798144,93.8,0.0,1,1,0:42,0,12288,569344,0,190,0,1974272,294,2,278,14,0,13.2,0.0,0.0,86.8,0.0,0.0,0.0,0.0,15795.0 MiB,6116.4 MiB,1890.4 MiB,7788.1 MiB,4096.0 MiB,4092.2 MiB,3.8 MiB,13094.3 MiB,
g++-9,2022-05-27,nbody_50000000,nbody_2.c 50000000,37,1691068908,478477,nbody_2_g++-9,0:43.86,6656000,1974272,1798144,93.8,0.0,1,1,0:43,0,12288,569344,0,190,0,1974272,294,2,278,14,0,13.1,0.8,0.0,86.2,0.0,0.0,0.0,0.0,15795.0 MiB,6116.4 MiB,1890.4 MiB,7788.1 MiB,4096.0 MiB,4092.2 MiB,3.8 MiB,13094.3 MiB,
g++-9,2022-05-27,nbody_50000000,nbody_2.c 50000000,38,1691068909,478477,nbody_2_g++-9,0:45.04,6656000,1974272,1798144,100.0,0.0,1,1,0:45,0,12288,569344,0,190,0,1974272,294,2,278,14,0,13.0,0.8,0.0,86.3,0.0,0.0,0.0,0.0,15795.0 MiB,6116.2 MiB,1890.6 MiB,7788.1 MiB,4096.0 MiB,4092.2 MiB,3.8 MiB,13094.1 MiB,
g++-9,2022-05-27,nbody_50000000,nbody_2.c 50000000,39,1691068910,478477,nbody_2_g++-9,0:46.22,6656000,1974272,1798144,100.0,0.0,1,1,0:46,0,12288,569344,0,190,0,1974272,294,2,278,14,0,13.1,0.8,0.0,86.2,0.0,0.0,0.0,0.0,15795.0 MiB,6116.2 MiB,1890.6 MiB,7788.1 MiB,4096.0 MiB,4092.2 MiB,3.8 MiB,13094.1 MiB,
g++-9,2022-05-27,nbody_50000000,nbody_2.c 50000000,40,1691068911,478477,nbody_2_g++-9,0:47.40,6656000,1974272,1798144,100.0,0.0,1,1,0:47,0,12288,569344,0,190,0,1974272,294,2,278,14,0,13.0,1.5,0.0,85.5,0.0,0.0,0.0,0.0,15795.0 MiB,6116.4 MiB,1890.4 MiB,7788.1 MiB,4096.0 MiB,4092.2 MiB,3.8 MiB,13094.3 MiB,
g++-9,2022-05-27,nbody_50000000,nbody_2.c 50000000,41,1691068912,478477,nbody_2_g++-9,0:48.58,6656000,1974272,1798144,100.0,0.0,1,1,0:48,0,12288,569344,0,190,0,1974272,294,2,278,14,0,13.1,0.8,0.0,86.2,0.0,0.0,0.0,0.0,15795.0 MiB,6116.2 MiB,1890.6 MiB,7788.2 MiB,4096.0 MiB,4092.2 MiB,3.8 MiB,13094.1 MiB,
g++-9,2022-05-27,nbody_50000000,nbody_2.c 50000000,42,1691068913,478477,nbody_2_g++-9,0:49.76,6656000,1974272,1798144,100.0,0.0,1,1,0:49,0,12288,569344,0,190,0,1974272,294,2,278,14,0,13.0,1.5,0.0,85.5,0.0,0.0,0.0,0.0,15795.0 MiB,6115.9 MiB,1890.9 MiB,7788.2 MiB,4096.0 MiB,4092.2 MiB,3.8 MiB,13093.9 MiB,
g++-9,2022-05-27,nbody_50000000,nbody_2.c 50000000,43,1691068915,478477,nbody_2_g++-9,0:50.94,6656000,1974272,1798144,100.0,0.0,1,1,0:50,0,12288,569344,0,190,0,1974272,294,2,278,14,0,12.4,0.8,0.0,86.8,0.0,0.0,0.0,0.0,15795.0 MiB,6115.9 MiB,1890.9 MiB,7788.2 MiB,4096.0 MiB,4092.2 MiB,3.8 MiB,13093.9 MiB,
g++-9,2022-05-27,nbody_50000000,nbody_2.c 50000000,44,1691068916,478477,nbody_2_g++-9,0:52.12,6656000,1974272,1798144,100.0,0.0,1,1,0:52,0,12288,569344,0,190,0,1974272,294,2,278,14,0,12.4,0.8,0.0,86.8,0.0,0.0,0.0,0.0,15795.0 MiB,6116.2 MiB,1890.6 MiB,7788.2 MiB,4096.0 MiB,4092.2 MiB,3.8 MiB,13094.1 MiB,
g++-9,2022-05-27,nbody_50000000,nbody_2.c 50000000,45,1691068917,478477,nbody_2_g++-9,0:53.30,6656000,1974272,1798144,100.0,0.0,1,1,0:53,0,12288,569344,0,190,0,1974272,294,2,278,14,0,12.4,0.8,0.0,86.8,0.0,0.0,0.0,0.0,15795.0 MiB,6116.2 MiB,1890.6 MiB,7788.2 MiB,4096.0 MiB,4092.2 MiB,3.8 MiB,13094.1 MiB,
g++-9,2022-05-27,nbody_50000000,nbody_2.c 50000000,46,1691068918,478477,nbody_2_g++-9,0:54.48,6656000,1974272,1798144,100.0,0.0,1,1,0:54,0,12288,569344,0,190,0,1974272,294,2,278,14,0,13.1,0.8,0.0,86.2,0.0,0.0,0.0,0.0,15795.0 MiB,6116.2 MiB,1890.6 MiB,7788.2 MiB,4096.0 MiB,4092.2 MiB,3.8 MiB,13094.1 MiB,
g++-9,2022-05-27,nbody_50000000,nbody_2.c 50000000,47,1691068919,478477,nbody_2_g++-9,0:55.67,6656000,1974272,1798144,100.0,0.0,1,1,0:55,0,12288,569344,0,190,0,1974272,294,2,278,14,0,13.9,1.5,0.0,84.7,0.0,0.0,0.0,0.0,15795.0 MiB,6115.5 MiB,1891.4 MiB,7788.2 MiB,4096.0 MiB,4092.2 MiB,3.8 MiB,13093.4 MiB,
g++-9,2022-05-27,nbody_50000000,nbody_2.c 50000000,48,1691068921,478477,nbody_2_g++-9,0:56.85,6656000,1974272,1798144,100.0,0.0,1,1,0:56,0,12288,569344,0,190,0,1974272,294,2,278,14,0,13.1,0.8,0.0,86.2,0.0,0.0,0.0,0.0,15795.0 MiB,6115.7 MiB,1891.3 MiB,7788.0 MiB,4096.0 MiB,4092.2 MiB,3.8 MiB,13093.6 MiB,
g++-9,2022-05-27,nbody_50000000,nbody_2.c 50000000,49,1691068922,478477,nbody_2_g++-9,0:58.03,6656000,1974272,1798144,100.0,0.0,1,1,0:58,0,12288,569344,0,190,0,1974272,294,2,278,14,0,13.1,0.8,0.0,86.2,0.0,0.0,0.0,0.0,15795.0 MiB,6115.7 MiB,1891.3 MiB,7788.0 MiB,4096.0 MiB,4092.2 MiB,3.8 MiB,13093.6 MiB,
g++-9,2022-05-27,nbody_50000000,nbody_2.c 50000000,50,1691068923,478477,nbody_2_g++-9,0:59.21,6656000,1974272,1798144,100.0,0.0,1,1,0:59,0,12288,569344,0,190,0,1974272,293,2,277,14,0,12.4,0.8,0.0,86.8,0.0,0.0,0.0,0.0,15795.0 MiB,6115.0 MiB,1892.0 MiB,7788.0 MiB,4096.0 MiB,4092.2 MiB,3.8 MiB,13092.9 MiB,
g++-9,2022-05-27,nbody_50000000,nbody_2.c 50000000,51,1691068924,478477,nbody_2_g++-9,1:00.38,6656000,1974272,1798144,93.8,0.0,1,1,1:00,0,12288,569344,0,190,0,1974272,293,2,277,14,0,12.5,0.0,0.0,87.5,0.0,0.0,0.0,0.0,15795.0 MiB,6115.0 MiB,1892.0 MiB,7788.0 MiB,4096.0 MiB,4092.2 MiB,3.8 MiB,13092.9 MiB,
g++-9,2022-05-27,nbody_50000000,nbody_2.c 50000000,52,1691068925,478477,nbody_2_g++-9,1:01.56,6656000,1974272,1798144,93.8,0.0,1,1,1:01,0,12288,569344,0,190,0,1974272,293,2,277,14,0,12.4,0.8,0.0,86.8,0.0,0.0,0.0,0.0,15795.0 MiB,6115.0 MiB,1892.0 MiB,7788.0 MiB,4096.0 MiB,4092.2 MiB,3.8 MiB,13092.9 MiB,
g++-9,2022-05-27,nbody_50000000,nbody_2.c 50000000,53,1691068926,478477,nbody_2_g++-9,1:02.74,6656000,1974272,1798144,93.8,0.0,1,1,1:02,0,12288,569344,0,190,0,1974272,293,2,277,14,0,12.3,1.5,0.0,86.2,0.0,0.0,0.0,0.0,15795.0 MiB,6114.7 MiB,1892.2 MiB,7788.0 MiB,4096.0 MiB,4092.2 MiB,3.8 MiB,13092.7 MiB,
g++-9,2022-05-27,nbody_50000000,nbody_2.c 50000000,54,1691068928,478477,nbody_2_g++-9,1:03.93,6656000,1974272,1798144,100.0,0.0,1,1,1:03,0,12288,569344,0,190,0,1974272,293,2,277,14,0,14.1,0.7,0.0,85.2,0.0,0.0,0.0,0.0,15795.0 MiB,6114.7 MiB,1892.2 MiB,7788.0 MiB,4096.0 MiB,4092.2 MiB,3.8 MiB,13092.7 MiB,
g++-9,2022-05-27,nbody_50000000,nbody_2.c 50000000,55,1691068929,478477,nbody_2_g++-9,1:05.11,6656000,1974272,1798144,100.0,0.0,1,1,1:05,0,12288,569344,0,190,0,1974272,293,2,277,14,0,13.6,0.8,0.0,85.6,0.0,0.0,0.0,0.0,15795.0 MiB,6115.0 MiB,1892.0 MiB,7788.0 MiB,4096.0 MiB,4092.2 MiB,3.8 MiB,13092.9 MiB,
g++-9,2022-05-27,nbody_50000000,nbody_2.c 50000000,56,1691068930,478477,nbody_2_g++-9,1:06.29,6656000,1974272,1798144,100.0,0.0,1,1,1:06,0,12288,569344,0,190,0,1974272,293,2,277,14,0,13.6,0.8,0.0,85.6,0.0,0.0,0.0,0.0,15795.0 MiB,6115.0 MiB,1892.0 MiB,7788.0 MiB,4096.0 MiB,4092.2 MiB,3.8 MiB,13092.9 MiB,
g++-9,2022-05-27,nbody_50000000,nbody_2.c 50000000,57,1691068931,478477,nbody_2_g++-9,1:07.47,6656000,1974272,1798144,100.0,0.0,1,1,1:07,0,12288,569344,0,190,0,1974272,293,2,277,14,0,13.2,0.0,0.0,86.8,0.0,0.0,0.0,0.0,15795.0 MiB,6115.2 MiB,1891.7 MiB,7788.0 MiB,4096.0 MiB,4092.2 MiB,3.8 MiB,13093.2 MiB,
g++-9,2022-05-27,nbody_50000000,nbody_2.c 50000000,58,1691068932,478477,nbody_2_g++-9,1:08.65,6656000,1974272,1798144,93.8,0.0,1,1,1:08,0,12288,569344,0,190,0,1974272,293,2,277,14,0,12.7,1.5,0.0,85.8,0.0,0.0,0.0,0.0,15795.0 MiB,6115.5 MiB,1891.5 MiB,7788.0 MiB,4096.0 MiB,4092.2 MiB,3.8 MiB,13093.4 MiB,
g++-9,2022-05-27,nbody_50000000,nbody_2.c 50000000,59,1691068934,478477,nbody_2_g++-9,1:09.84,6656000,1974272,1798144,100.0,0.0,1,1,1:09,0,12288,569344,0,190,0,1974272,293,2,277,14,0,12.6,0.7,0.0,86.7,0.0,0.0,0.0,0.0,15795.0 MiB,6115.5 MiB,1891.5 MiB,7788.0 MiB,4096.0 MiB,4092.2 MiB,3.8 MiB,13093.4 MiB,
g++-9,2022-05-27,nbody_50000000,nbody_2.c 50000000,60,1691068935,478477,nbody_2_g++-9,1:11.02,6656000,1974272,1798144,93.8,0.0,1,1,1:11,0,12288,569344,0,190,0,1974272,293,2,277,14,0,12.4,0.8,0.0,86.8,0.0,0.0,0.0,0.0,15795.0 MiB,6116.2 MiB,1890.7 MiB,7788.0 MiB,4096.0 MiB,4092.2 MiB,3.8 MiB,13094.2 MiB,
g++-9,2022-05-27,nbody_50000000,nbody_2.c 50000000,61,1691068936,478477,nbody_2_g++-9,1:12.20,6656000,1974272,1798144,93.8,0.0,1,1,1:12,0,12288,569344,0,190,0,1974272,293,2,277,14,0,12.4,0.8,0.0,86.8,0.0,0.0,0.0,0.0,15795.0 MiB,6115.9 MiB,1891.0 MiB,7788.1 MiB,4096.0 MiB,4092.2 MiB,3.8 MiB,13093.9 MiB,
g++-9,2022-05-27,nbody_50000000,nbody_2.c 50000000,62,1691068937,478477,nbody_2_g++-9,1:13.38,6656000,1974272,1798144,100.0,0.0,1,1,1:13,0,12288,569344,0,190,0,1974272,293,2,277,14,0,13.1,0.8,0.0,86.2,0.0,0.0,0.0,0.0,15795.0 MiB,6115.7 MiB,1891.2 MiB,7788.1 MiB,4096.0 MiB,4092.2 MiB,3.8 MiB,13093.7 MiB,
g++-9,2022-05-27,nbody_50000000,nbody_2.c 50000000,63,1691068938,478477,nbody_2_g++-9,1:14.56,6656000,1974272,1798144,100.0,0.0,1,1,1:14,0,12288,569344,0,190,0,1974272,293,2,277,14,0,13.1,0.8,0.0,86.2,0.0,0.0,0.0,0.0,15795.0 MiB,6115.5 MiB,1891.5 MiB,7788.1 MiB,4096.0 MiB,4092.2 MiB,3.8 MiB,13093.4 MiB,
g++-9,2022-05-27,nbody_50000000,nbody_2.c 50000000,64,1691068939,478477,nbody_2_g++-9,1:15.74,6656000,1974272,1798144,100.0,0.0,1,1,1:15,0,12288,569344,0,190,0,1974272,294,2,278,14,0,12.3,1.5,0.0,86.2,0.0,0.0,0.0,0.0,15795.0 MiB,6115.7 MiB,1891.2 MiB,7788.1 MiB,4096.0 MiB,4092.2 MiB,3.8 MiB,13093.7 MiB,
g++-9,2022-05-27,nbody_50000000,nbody_2.c 50000000,65,1691068941,478477,nbody_2_g++-9,1:16.92,6656000,1974272,1798144,100.0,0.0,1,1,1:16,0,12288,569344,0,190,0,1974272,294,2,278,14,0,12.4,0.8,0.0,86.8,0.0,0.0,0.0,0.0,15795.0 MiB,6115.2 MiB,1891.7 MiB,7788.1 MiB,4096.0 MiB,4092.2 MiB,3.8 MiB,13093.2 MiB,
g++-9,2022-05-27,nbody_50000000,nbody_2.c 50000000,66,1691068942,478477,nbody_2_g++-9,1:18.10,6656000,1974272,1798144,100.0,0.0,1,1,1:18,0,12288,569344,0,190,0,1974272,293,2,277,14,0,12.4,0.8,0.0,86.8,0.0,0.0,0.0,0.0,15795.0 MiB,6115.7 MiB,1891.2 MiB,7788.1 MiB,4096.0 MiB,4092.2 MiB,3.8 MiB,13093.7 MiB,
g++-9,2022-05-27,nbody_50000000,nbody_2.c 50000000,67,1691068943,478477,nbody_2_g++-9,1:19.28,6656000,1974272,1798144,100.0,0.0,1,1,1:19,0,12288,569344,0,190,0,1974272,293,2,277,14,0,12.5,0.0,0.0,87.5,0.0,0.0,0.0,0.0,15795.0 MiB,6116.0 MiB,1891.0 MiB,7788.1 MiB,4096.0 MiB,4092.2 MiB,3.8 MiB,13093.9 MiB,
g++-9,2022-05-27,nbody_50000000,nbody_2.c 50000000,68,1691068944,478477,nbody_2_g++-9,1:20.46,6656000,1974272,1798144,100.0,0.0,1,5,1:20,0,12288,569344,0,190,0,1974272,293,2,277,14,0,13.1,0.8,0.0,86.2,0.0,0.0,0.0,0.0,15795.0 MiB,6115.7 MiB,1891.2 MiB,7788.1 MiB,4096.0 MiB,4092.2 MiB,3.8 MiB,13093.7 MiB,
g++-9,2022-05-27,nbody_50000000,nbody_2.c 50000000,69,1691068945,478477,nbody_2_g++-9,1:21.64,6656000,1974272,1798144,100.0,0.0,1,5,1:21,0,12288,569344,0,190,0,1974272,293,2,277,14,0,13.1,0.8,0.0,86.2,0.0,0.0,0.0,0.0,15795.0 MiB,6115.7 MiB,1891.2 MiB,7788.1 MiB,4096.0 MiB,4092.2 MiB,3.8 MiB,13093.7 MiB,
g++-9,2022-05-27,nbody_50000000,nbody_2.c 50000000,70,1691068947,478477,nbody_2_g++-9,1:22.82,6656000,1974272,1798144,100.0,0.0,1,1,1:22,0,12288,569344,0,190,0,1974272,293,2,277,14,0,13.2,0.0,0.0,86.8,0.0,0.0,0.0,0.0,15795.0 MiB,6115.7 MiB,1891.2 MiB,7788.1 MiB,4096.0 MiB,4092.2 MiB,3.8 MiB,13093.7 MiB,
g++-10,2023-07-07,nbody_50000000,nbody_2.c 50000000,0,1691069068,478964,nbody_2_g++-10,0:00.17,6656000,2031616,1851392,100.0,0.0,1,3,0:00,0,12288,569344,0,198,0,2031616,294,2,278,14,0,14.5,0.8,0.0,84.0,0.8,0.0,0.0,0.0,15795.0 MiB,6107.2 MiB,1891.4 MiB,7796.3 MiB,4096.0 MiB,4092.2 MiB,3.8 MiB,13085.5 MiB,
g++-10,2023-07-07,nbody_50000000,nbody_2.c 50000000,1,1691069069,478964,nbody_2_g++-10,0:01.35,6656000,2031616,1851392,100.0,0.0,1,3,0:01,0,12288,569344,0,198,0,2031616,294,2,278,14,0,12.4,0.8,0.0,86.8,0.0,0.0,0.0,0.0,15795.0 MiB,6122.8 MiB,1883.7 MiB,7788.5 MiB,4096.0 MiB,4092.2 MiB,3.8 MiB,13101.1 MiB,
g++-10,2023-07-07,nbody_50000000,nbody_2.c 50000000,2,1691069070,478964,nbody_2_g++-10,0:02.53,6656000,2031616,1851392,100.0,0.0,1,3,0:02,0,12288,569344,0,198,0,2031616,294,2,278,14,0,13.2,0.8,0.0,86.0,0.0,0.0,0.0,0.0,15795.0 MiB,6122.0 MiB,1884.5 MiB,7788.5 MiB,4096.0 MiB,4092.2 MiB,3.8 MiB,13100.3 MiB,
g++-10,2023-07-07,nbody_50000000,nbody_2.c 50000000,3,1691069072,478964,nbody_2_g++-10,0:03.71,6656000,2031616,1851392,100.0,0.0,1,3,0:03,0,12288,569344,0,198,0,2031616,294,2,278,14,0,13.5,1.5,0.0,85.0,0.0,0.0,0.0,0.0,15795.0 MiB,6121.5 MiB,1884.9 MiB,7788.5 MiB,4096.0 MiB,4092.2 MiB,3.8 MiB,13099.8 MiB,
g++-10,2023-07-07,nbody_50000000,nbody_2.c 50000000,4,1691069073,478964,nbody_2_g++-10,0:04.89,6656000,2031616,1851392,100.0,0.0,1,3,0:04,0,12288,569344,0,198,0,2031616,294,2,278,14,0,13.0,0.8,0.0,86.3,0.0,0.0,0.0,0.0,15795.0 MiB,6121.8 MiB,1884.7 MiB,7788.5 MiB,4096.0 MiB,4092.2 MiB,3.8 MiB,13100.1 MiB,
g++-10,2023-07-07,nbody_50000000,nbody_2.c 50000000,5,1691069074,478964,nbody_2_g++-10,0:06.06,6656000,2031616,1851392,100.0,0.0,1,3,0:06,0,12288,569344,0,198,0,2031616,294,2,278,14,0,12.4,0.8,0.0,86.8,0.0,0.0,0.0,0.0,15795.0 MiB,6121.8 MiB,1884.7 MiB,7788.5 MiB,4096.0 MiB,4092.2 MiB,3.8 MiB,13100.1 MiB,
g++-10,2023-07-07,nbody_50000000,nbody_2.c 50000000,6,1691069075,478964,nbody_2_g++-10,0:07.24,6656000,2031616,1851392,100.0,0.0,1,3,0:07,0,12288,569344,0,198,0,2031616,294,2,278,14,0,13.6,1.5,0.0,84.8,0.0,0.0,0.0,0.0,15795.0 MiB,6121.1 MiB,1885.4 MiB,7788.5 MiB,4096.0 MiB,4092.2 MiB,3.8 MiB,13099.4 MiB,
g++-10,2023-07-07,nbody_50000000,nbody_2.c 50000000,7,1691069076,478964,nbody_2_g++-10,0:08.42,6656000,2031616,1851392,100.0,0.0,1,3,0:08,0,12288,569344,0,198,0,2031616,294,2,278,14,0,13.1,0.8,0.0,86.2,0.0,0.0,0.0,0.0,15795.0 MiB,6120.3 MiB,1886.1 MiB,7788.5 MiB,4096.0 MiB,4092.2 MiB,3.8 MiB,13098.7 MiB,
g++-10,2023-07-07,nbody_50000000,nbody_2.c 50000000,8,1691069078,478964,nbody_2_g++-10,0:09.60,6656000,2031616,1851392,93.8,0.0,1,3,0:09,0,12288,569344,0,198,0,2031616,294,2,278,14,0,13.0,1.5,0.0,85.5,0.0,0.0,0.0,0.0,15795.0 MiB,6121.3 MiB,1885.2 MiB,7788.5 MiB,4096.0 MiB,4092.2 MiB,3.8 MiB,13099.6 MiB,
g++-10,2023-07-07,nbody_50000000,nbody_2.c 50000000,9,1691069079,478964,nbody_2_g++-10,0:10.78,6656000,2031616,1851392,100.0,0.0,1,3,0:10,0,12288,569344,0,198,0,2031616,294,2,278,14,0,12.3,1.5,0.0,86.2,0.0,0.0,0.0,0.0,15795.0 MiB,6121.8 MiB,1884.7 MiB,7788.5 MiB,4096.0 MiB,4092.2 MiB,3.8 MiB,13100.1 MiB,
g++-10,2023-07-07,nbody_50000000,nbody_2.c 50000000,10,1691069080,478964,nbody_2_g++-10,0:11.96,6656000,2031616,1851392,100.0,0.0,1,7,0:11,0,12288,569344,0,198,0,2031616,294,2,278,14,0,13.2,0.0,0.0,86.8,0.0,0.0,0.0,0.0,15795.0 MiB,6121.3 MiB,1885.1 MiB,7788.5 MiB,4096.0 MiB,4092.2 MiB,3.8 MiB,13099.7 MiB,
g++-10,2023-07-07,nbody_50000000,nbody_2.c 50000000,11,1691069081,478964,nbody_2_g++-10,0:13.14,6656000,2031616,1851392,100.0,0.0,1,7,0:13,0,12288,569344,0,198,0,2031616,294,2,278,14,0,13.0,1.5,0.0,85.5,0.0,0.0,0.0,0.0,15795.0 MiB,6120.8 MiB,1885.6 MiB,7788.5 MiB,4096.0 MiB,4092.2 MiB,3.8 MiB,13099.2 MiB,
g++-10,2023-07-07,nbody_50000000,nbody_2.c 50000000,12,1691069082,478964,nbody_2_g++-10,0:14.32,6656000,2031616,1851392,93.8,0.0,1,7,0:14,0,12288,569344,0,198,0,2031616,294,2,278,14,0,12.2,1.5,0.0,86.3,0.0,0.0,0.0,0.0,15795.0 MiB,6120.8 MiB,1885.6 MiB,7788.5 MiB,4096.0 MiB,4092.2 MiB,3.8 MiB,13099.2 MiB,
g++-10,2023-07-07,nbody_50000000,nbody_2.c 50000000,13,1691069083,478964,nbody_2_g++-10,0:15.50,6656000,2031616,1851392,100.0,0.0,1,7,0:15,0,12288,569344,0,198,0,2031616,294,2,278,14,0,12.5,0.0,0.0,87.5,0.0,0.0,0.0,0.0,15795.0 MiB,6120.8 MiB,1885.6 MiB,7788.5 MiB,4096.0 MiB,4092.2 MiB,3.8 MiB,13099.2 MiB,
g++-10,2023-07-07,nbody_50000000,nbody_2.c 50000000,14,1691069085,478964,nbody_2_g++-10,0:16.68,6656000,2031616,1851392,94.1,0.0,1,7,0:16,0,12288,569344,0,198,0,2031616,294,2,278,14,0,14.0,1.5,0.0,84.6,0.0,0.0,0.0,0.0,15795.0 MiB,6120.1 MiB,1886.3 MiB,7788.6 MiB,4096.0 MiB,4092.2 MiB,3.8 MiB,13098.4 MiB,
g++-10,2023-07-07,nbody_50000000,nbody_2.c 50000000,15,1691069086,478964,nbody_2_g++-10,0:17.86,6656000,2031616,1851392,100.0,0.0,1,7,0:17,0,12288,569344,0,198,0,2031616,294,2,278,14,0,13.2,0.8,0.0,86.0,0.0,0.0,0.0,0.0,15795.0 MiB,6120.3 MiB,1886.1 MiB,7788.5 MiB,4096.0 MiB,4092.2 MiB,3.8 MiB,13098.7 MiB,
g++-10,2023-07-07,nbody_50000000,nbody_2.c 50000000,16,1691069087,478964,nbody_2_g++-10,0:19.04,6656000,2031616,1851392,100.0,0.0,1,7,0:19,0,12288,569344,0,198,0,2031616,294,2,278,14,0,13.1,0.8,0.0,86.2,0.0,0.0,0.0,0.0,15795.0 MiB,6120.3 MiB,1886.1 MiB,7788.5 MiB,4096.0 MiB,4092.2 MiB,3.8 MiB,13098.7 MiB,
g++-10,2023-07-07,nbody_50000000,nbody_2.c 50000000,17,1691069088,478964,nbody_2_g++-10,0:20.21,6656000,2031616,1851392,93.8,0.0,1,7,0:20,0,12288,569344,0,198,0,2031616,294,2,278,14,0,13.1,0.8,0.0,86.2,0.0,0.0,0.0,0.0,15795.0 MiB,6119.4 MiB,1887.1 MiB,7788.5 MiB,4096.0 MiB,4092.2 MiB,3.8 MiB,13097.7 MiB,
g++-10,2023-07-07,nbody_50000000,nbody_2.c 50000000,18,1691069089,478964,nbody_2_g++-10,0:21.39,6656000,2031616,1851392,93.8,0.0,1,7,0:21,0,12288,569344,0,198,0,2031616,294,2,278,14,0,12.3,0.8,0.0,86.9,0.0,0.0,0.0,0.0,15795.0 MiB,6119.9 MiB,1886.6 MiB,7788.5 MiB,4096.0 MiB,4092.2 MiB,3.8 MiB,13098.2 MiB,
g++-10,2023-07-07,nbody_50000000,nbody_2.c 50000000,19,1691069091,478964,nbody_2_g++-10,0:22.57,6656000,2031616,1851392,88.2,0.0,1,7,0:22,0,12288,569344,0,198,0,2031616,294,2,278,14,0,14.0,1.5,0.0,84.6,0.0,0.0,0.0,0.0,15795.0 MiB,6120.1 MiB,1886.4 MiB,7788.5 MiB,4096.0 MiB,4092.2 MiB,3.8 MiB,13098.5 MiB,
g++-10,2023-07-07,nbody_50000000,nbody_2.c 50000000,20,1691069092,478964,nbody_2_g++-10,0:23.75,6656000,2031616,1851392,93.8,0.0,1,7,0:23,0,12288,569344,0,198,0,2031616,294,2,278,14,0,12.4,0.8,0.0,86.8,0.0,0.0,0.0,0.0,15795.0 MiB,6120.3 MiB,1886.1 MiB,7788.5 MiB,4096.0 MiB,4092.2 MiB,3.8 MiB,13098.7 MiB,
g++-10,2023-07-07,nbody_50000000,nbody_2.c 50000000,21,1691069093,478964,nbody_2_g++-10,0:24.93,6656000,2031616,1851392,100.0,0.0,1,7,0:24,0,12288,569344,0,198,0,2031616,294,2,278,14,0,13.1,0.8,0.0,86.2,0.0,0.0,0.0,0.0,15795.0 MiB,6120.6 MiB,1885.9 MiB,7788.5 MiB,4096.0 MiB,4092.2 MiB,3.8 MiB,13099.0 MiB,
g++-10,2023-07-07,nbody_50000000,nbody_2.c 50000000,22,1691069094,478964,nbody_2_g++-10,0:26.11,6656000,2031616,1851392,100.0,0.0,1,7,0:26,0,12288,569344,0,198,0,2031616,294,2,278,14,0,13.0,0.8,0.0,86.3,0.0,0.0,0.0,0.0,15795.0 MiB,6120.6 MiB,1885.9 MiB,7788.5 MiB,4096.0 MiB,4092.2 MiB,3.8 MiB,13099.0 MiB,
g++-10,2023-07-07,nbody_50000000,nbody_2.c 50000000,23,1691069095,478964,nbody_2_g++-10,0:27.29,6656000,2031616,1851392,100.0,0.0,1,7,0:27,0,12288,569344,0,198,0,2031616,294,2,278,14,0,12.3,1.5,0.0,86.2,0.0,0.0,0.0,0.0,15795.0 MiB,6120.3 MiB,1886.1 MiB,7788.5 MiB,4096.0 MiB,4092.2 MiB,3.8 MiB,13098.7 MiB,
g++-10,2023-07-07,nbody_50000000,nbody_2.c 50000000,24,1691069096,478964,nbody_2_g++-10,0:28.47,6656000,2031616,1851392,100.0,0.0,1,7,0:28,0,12288,569344,0,198,0,2031616,294,2,278,14,0,12.5,0.0,0.0,87.5,0.0,0.0,0.0,0.0,15795.0 MiB,6120.3 MiB,1886.1 MiB,7788.5 MiB,4096.0 MiB,4092.2 MiB,3.8 MiB,13098.7 MiB,
g++-10,2023-07-07,nbody_50000000,nbody_2.c 50000000,25,1691069098,478964,nbody_2_g++-10,0:29.66,6656000,2031616,1851392,100.0,0.0,1,7,0:29,0,12288,569344,0,198,0,2031616,294,2,278,14,0,13.0,2.2,0.0,84.8,0.0,0.0,0.0,0.0,15795.0 MiB,6120.1 MiB,1886.3 MiB,7788.5 MiB,4096.0 MiB,4092.2 MiB,3.8 MiB,13098.5 MiB,
g++-10,2023-07-07,nbody_50000000,nbody_2.c 50000000,26,1691069099,478964,nbody_2_g++-10,0:30.84,6656000,2031616,1851392,100.0,0.0,1,7,0:30,0,12288,569344,0,198,0,2031616,294,2,278,14,0,13.1,0.8,0.0,86.2,0.0,0.0,0.0,0.0,15795.0 MiB,6120.1 MiB,1886.3 MiB,7788.5 MiB,4096.0 MiB,4092.2 MiB,3.8 MiB,13098.5 MiB,
g++-10,2023-07-07,nbody_50000000,nbody_2.c 50000000,27,1691069100,478964,nbody_2_g++-10,0:32.02,6656000,2031616,1851392,100.0,0.0,1,7,0:32,0,12288,569344,0,198,0,2031616,294,2,278,14,0,13.8,0.8,0.0,85.4,0.0,0.0,0.0,0.0,15795.0 MiB,6120.1 MiB,1886.2 MiB,7788.7 MiB,4096.0 MiB,4092.2 MiB,3.8 MiB,13098.5 MiB,
g++-10,2023-07-07,nbody_50000000,nbody_2.c 50000000,28,1691069101,478964,nbody_2_g++-10,0:33.23,6656000,2031616,1851392,100.0,0.0,1,3,0:33,0,12288,569344,0,198,0,2031616,294,2,278,14,0,21.7,8.9,0.0,69.4,0.0,0.0,0.0,0.0,15795.0 MiB,6119.9 MiB,1886.4 MiB,7788.7 MiB,4096.0 MiB,4092.2 MiB,3.8 MiB,13098.2 MiB,
g++-10,2023-07-07,nbody_50000000,nbody_2.c 50000000,29,1691069102,478964,nbody_2_g++-10,0:34.41,6656000,2031616,1851392,100.0,0.0,1,3,0:34,0,12288,569344,0,198,0,2031616,294,2,278,14,0,13.1,0.8,0.0,86.2,0.0,0.0,0.0,0.0,15795.0 MiB,6120.3 MiB,1886.1 MiB,7788.6 MiB,4096.0 MiB,4092.2 MiB,3.8 MiB,13098.7 MiB,
g++-10,2023-07-07,nbody_50000000,nbody_2.c 50000000,30,1691069104,478964,nbody_2_g++-10,0:35.59,6656000,2031616,1851392,100.0,0.0,1,3,0:35,0,12288,569344,0,198,0,2031616,295,2,279,14,0,13.0,1.5,0.0,85.5,0.0,0.0,0.0,0.0,15795.0 MiB,6119.6 MiB,1886.8 MiB,7788.6 MiB,4096.0 MiB,4092.2 MiB,3.8 MiB,13098.0 MiB,
g++-10,2023-07-07,nbody_50000000,nbody_2.c 50000000,31,1691069105,478964,nbody_2_g++-10,0:36.77,6656000,2031616,1851392,100.0,0.0,1,3,0:36,0,12288,569344,0,198,0,2031616,295,2,279,14,0,13.1,0.8,0.0,86.2,0.0,0.0,0.0,0.0,15795.0 MiB,6119.6 MiB,1886.8 MiB,7788.6 MiB,4096.0 MiB,4092.2 MiB,3.8 MiB,13098.0 MiB,
g++-10,2023-07-07,nbody_50000000,nbody_2.c 50000000,32,1691069106,478964,nbody_2_g++-10,0:37.95,6656000,2031616,1851392,100.0,0.0,1,3,0:37,0,12288,569344,0,198,0,2031616,295,2,279,14,0,13.1,0.8,0.0,86.2,0.0,0.0,0.0,0.0,15795.0 MiB,6119.9 MiB,1886.5 MiB,7788.6 MiB,4096.0 MiB,4092.2 MiB,3.8 MiB,13098.2 MiB,
g++-10,2023-07-07,nbody_50000000,nbody_2.c 50000000,33,1691069107,478964,nbody_2_g++-10,0:39.13,6656000,2031616,1851392,100.0,0.0,1,7,0:39,0,12288,569344,0,198,0,2031616,294,2,278,14,0,12.5,0.8,0.0,86.7,0.0,0.0,0.0,0.0,15795.0 MiB,6119.9 MiB,1886.5 MiB,7788.6 MiB,4096.0 MiB,4092.2 MiB,3.8 MiB,13098.3 MiB,
g++-10,2023-07-07,nbody_50000000,nbody_2.c 50000000,34,1691069108,478964,nbody_2_g++-10,0:40.31,6656000,2031616,1851392,100.0,0.0,1,7,0:40,0,12288,569344,0,198,0,2031616,294,2,278,14,0,13.1,0.8,0.0,86.2,0.0,0.0,0.0,0.0,15795.0 MiB,6119.9 MiB,1886.5 MiB,7788.6 MiB,4096.0 MiB,4092.2 MiB,3.8 MiB,13098.3 MiB,
g++-10,2023-07-07,nbody_50000000,nbody_2.c 50000000,35,1691069109,478964,nbody_2_g++-10,0:41.49,6656000,2031616,1851392,100.0,0.0,1,7,0:41,0,12288,569344,0,198,0,2031616,294,2,278,14,0,13.2,0.0,0.0,86.8,0.0,0.0,0.0,0.0,15795.0 MiB,6120.1 MiB,1886.3 MiB,7788.6 MiB,4096.0 MiB,4092.2 MiB,3.8 MiB,13098.5 MiB,
g++-10,2023-07-07,nbody_50000000,nbody_2.c 50000000,36,1691069111,478964,nbody_2_g++-10,0:42.67,6656000,2031616,1851392,100.0,0.0,1,7,0:42,0,12288,569344,0,198,0,2031616,294,2,278,14,0,12.6,0.0,0.0,87.4,0.0,0.0,0.0,0.0,15795.0 MiB,6119.9 MiB,1886.5 MiB,7788.6 MiB,4096.0 MiB,4092.2 MiB,3.8 MiB,13098.3 MiB,
g++-10,2023-07-07,nbody_50000000,nbody_2.c 50000000,37,1691069112,478964,nbody_2_g++-10,0:43.85,6656000,2031616,1851392,100.0,0.0,1,7,0:43,0,12288,569344,0,198,0,2031616,294,2,278,14,0,13.2,1.5,0.0,85.3,0.0,0.0,0.0,0.0,15795.0 MiB,6120.1 MiB,1886.3 MiB,7788.6 MiB,4096.0 MiB,4092.2 MiB,3.8 MiB,13098.5 MiB,
g++-10,2023-07-07,nbody_50000000,nbody_2.c 50000000,38,1691069113,478964,nbody_2_g++-10,0:45.03,6656000,2031616,1851392,100.0,0.0,1,7,0:45,0,12288,569344,0,198,0,2031616,294,2,278,14,0,13.1,1.5,0.0,85.4,0.0,0.0,0.0,0.0,15795.0 MiB,6120.1 MiB,1886.3 MiB,7788.6 MiB,4096.0 MiB,4092.2 MiB,3.8 MiB,13098.5 MiB,
g++-10,2023-07-07,nbody_50000000,nbody_2.c 50000000,39,1691069114,478964,nbody_2_g++-10,0:46.21,6656000,2031616,1851392,100.0,0.0,1,7,0:46,0,12288,569344,0,198,0,2031616,294,2,278,14,0,12.3,1.5,0.0,86.2,0.0,0.0,0.0,0.0,15795.0 MiB,6120.3 MiB,1886.0 MiB,7788.6 MiB,4096.0 MiB,4092.2 MiB,3.8 MiB,13098.8 MiB,
g++-10,2023-07-07,nbody_50000000,nbody_2.c 50000000,40,1691069115,478964,nbody_2_g++-10,0:47.39,6656000,2031616,1851392,93.8,0.0,1,7,0:47,0,12288,569344,0,198,0,2031616,294,2,278,14,0,14.6,2.2,0.0,83.2,0.0,0.0,0.0,0.0,15795.0 MiB,6120.3 MiB,1886.0 MiB,7788.6 MiB,4096.0 MiB,4092.2 MiB,3.8 MiB,13098.8 MiB,
g++-10,2023-07-07,nbody_50000000,nbody_2.c 50000000,41,1691069117,478964,nbody_2_g++-10,0:48.58,6656000,2031616,1851392,93.8,0.0,1,7,0:48,0,12288,569344,0,198,0,2031616,294,2,278,14,0,13.5,1.5,0.0,85.0,0.0,0.0,0.0,0.0,15795.0 MiB,6120.4 MiB,1886.0 MiB,7788.6 MiB,4096.0 MiB,4092.2 MiB,3.8 MiB,13098.8 MiB,
g++-10,2023-07-07,nbody_50000000,nbody_2.c 50000000,42,1691069118,478964,nbody_2_g++-10,0:49.76,6656000,2031616,1851392,93.8,0.0,1,7,0:49,0,12288,569344,0,198,0,2031616,295,2,279,14,0,13.0,1.5,0.0,85.5,0.0,0.0,0.0,0.0,15795.0 MiB,6119.9 MiB,1886.5 MiB,7788.6 MiB,4096.0 MiB,4092.2 MiB,3.8 MiB,13098.3 MiB,
g++-10,2023-07-07,nbody_50000000,nbody_2.c 50000000,43,1691069119,478964,nbody_2_g++-10,0:50.94,6656000,2031616,1851392,93.8,0.0,1,7,0:50,0,12288,569344,0,198,0,2031616,295,2,279,14,0,13.1,0.8,0.0,86.2,0.0,0.0,0.0,0.0,15795.0 MiB,6120.1 MiB,1886.2 MiB,7788.6 MiB,4096.0 MiB,4092.2 MiB,3.8 MiB,13098.6 MiB,
g++-10,2023-07-07,nbody_50000000,nbody_2.c 50000000,44,1691069120,478964,nbody_2_g++-10,0:52.12,6656000,2031616,1851392,100.0,0.0,1,7,0:52,0,12288,569344,0,198,0,2031616,295,2,279,14,0,12.4,0.8,0.0,86.8,0.0,0.0,0.0,0.0,15795.0 MiB,6120.4 MiB,1886.0 MiB,7788.6 MiB,4096.0 MiB,4092.2 MiB,3.8 MiB,13098.8 MiB,
g++-10,2023-07-07,nbody_50000000,nbody_2.c 50000000,45,1691069121,478964,nbody_2_g++-10,0:53.30,6656000,2031616,1851392,100.0,0.0,1,7,0:53,0,12288,569344,0,198,0,2031616,294,2,278,14,0,12.4,0.8,0.0,86.8,0.0,0.0,0.0,0.0,15795.0 MiB,6120.1 MiB,1886.2 MiB,7788.6 MiB,4096.0 MiB,4092.2 MiB,3.8 MiB,13098.6 MiB,
g++-10,2023-07-07,nbody_50000000,nbody_2.c 50000000,46,1691069122,478964,nbody_2_g++-10,0:54.48,6656000,2031616,1851392,94.1,0.0,1,7,0:54,0,12288,569344,0,198,0,2031616,294,2,278,14,0,13.8,2.2,0.0,83.3,0.0,0.0,0.7,0.0,15795.0 MiB,6120.1 MiB,1886.2 MiB,7788.6 MiB,4096.0 MiB,4092.2 MiB,3.8 MiB,13098.6 MiB,
g++-10,2023-07-07,nbody_50000000,nbody_2.c 50000000,47,1691069124,478964,nbody_2_g++-10,0:55.66,6656000,2031616,1851392,100.0,0.0,1,7,0:55,0,12288,569344,0,198,0,2031616,294,2,278,14,0,13.1,0.8,0.0,86.2,0.0,0.0,0.0,0.0,15795.0 MiB,6120.4 MiB,1886.0 MiB,7788.6 MiB,4096.0 MiB,4092.2 MiB,3.8 MiB,13098.9 MiB,
g++-10,2023-07-07,nbody_50000000,nbody_2.c 50000000,48,1691069125,478964,nbody_2_g++-10,0:56.85,6656000,2031616,1851392,100.0,0.0,1,3,0:56,0,12288,569344,0,198,0,2031616,294,2,278,14,0,13.3,1.5,0.0,85.2,0.0,0.0,0.0,0.0,15795.0 MiB,6120.4 MiB,1885.9 MiB,7788.7 MiB,4096.0 MiB,4092.2 MiB,3.8 MiB,13098.9 MiB,
g++-10,2023-07-07,nbody_50000000,nbody_2.c 50000000,49,1691069126,478964,nbody_2_g++-10,0:58.03,6656000,2031616,1851392,100.0,0.0,1,3,0:58,0,12288,569344,0,198,0,2031616,294,2,278,14,0,12.5,0.0,0.0,87.5,0.0,0.0,0.0,0.0,15795.0 MiB,6119.6 MiB,1886.7 MiB,7788.7 MiB,4096.0 MiB,4092.2 MiB,3.8 MiB,13098.1 MiB,
g++-10,2023-07-07,nbody_50000000,nbody_2.c 50000000,50,1691069127,478964,nbody_2_g++-10,0:59.21,6656000,2031616,1851392,100.0,0.0,1,7,0:59,0,12288,569344,0,198,0,2031616,294,2,278,14,0,12.9,1.5,0.0,85.6,0.0,0.0,0.0,0.0,15795.0 MiB,6119.9 MiB,1886.4 MiB,7788.7 MiB,4096.0 MiB,4092.2 MiB,3.8 MiB,13098.4 MiB,
g++-10,2023-07-07,nbody_50000000,nbody_2.c 50000000,51,1691069128,478964,nbody_2_g++-10,1:00.39,6656000,2031616,1851392,100.0,0.0,1,7,1:00,0,12288,569344,0,198,0,2031616,294,2,278,14,0,12.3,1.5,0.0,86.2,0.0,0.0,0.0,0.0,15795.0 MiB,6119.9 MiB,1886.4 MiB,7788.7 MiB,4096.0 MiB,4092.2 MiB,3.8 MiB,13098.4 MiB,
g++-10,2023-07-07,nbody_50000000,nbody_2.c 50000000,52,1691069130,478964,nbody_2_g++-10,1:01.57,6656000,2031616,1851392,100.0,0.0,1,7,1:01,0,12288,569344,0,198,0,2031616,294,2,278,14,0,13.0,1.5,0.0,85.5,0.0,0.0,0.0,0.0,15795.0 MiB,6120.1 MiB,1886.2 MiB,7788.7 MiB,4096.0 MiB,4092.2 MiB,3.8 MiB,13098.6 MiB,
g++-10,2023-07-07,nbody_50000000,nbody_2.c 50000000,53,1691069131,478964,nbody_2_g++-10,1:02.75,6656000,2031616,1851392,100.0,0.0,1,7,1:02,0,12288,569344,0,198,0,2031616,294,2,278,14,0,13.1,0.8,0.0,86.2,0.0,0.0,0.0,0.0,15795.0 MiB,6119.9 MiB,1886.4 MiB,7788.7 MiB,4096.0 MiB,4092.2 MiB,3.8 MiB,13098.4 MiB,
g++-10,2023-07-07,nbody_50000000,nbody_2.c 50000000,54,1691069132,478964,nbody_2_g++-10,1:03.92,6656000,2031616,1851392,100.0,0.0,1,7,1:03,0,12288,569344,0,198,0,2031616,294,2,278,14,0,13.1,0.8,0.0,86.2,0.0,0.0,0.0,0.0,15795.0 MiB,6119.6 MiB,1886.7 MiB,7788.7 MiB,4096.0 MiB,4092.2 MiB,3.8 MiB,13098.1 MiB,
g++-10,2023-07-07,nbody_50000000,nbody_2.c 50000000,55,1691069133,478964,nbody_2_g++-10,1:05.10,6656000,2031616,1851392,100.0,0.0,1,7,1:05,0,12288,569344,0,198,0,2031616,294,2,278,14,0,13.0,0.8,0.0,86.3,0.0,0.0,0.0,0.0,15795.0 MiB,6119.6 MiB,1886.7 MiB,7788.7 MiB,4096.0 MiB,4092.2 MiB,3.8 MiB,13098.2 MiB,
g++-10,2023-07-07,nbody_50000000,nbody_2.c 50000000,56,1691069134,478964,nbody_2_g++-10,1:06.28,6656000,2031616,1851392,100.0,0.0,1,7,1:06,0,12288,569344,0,198,0,2031616,294,2,278,14,0,12.2,1.5,0.0,86.3,0.0,0.0,0.0,0.0,15795.0 MiB,6119.6 MiB,1886.6 MiB,7788.7 MiB,4096.0 MiB,4092.2 MiB,3.8 MiB,13098.2 MiB,
g++-10,2023-07-07,nbody_50000000,nbody_2.c 50000000,57,1691069135,478964,nbody_2_g++-10,1:07.46,6656000,2031616,1851392,93.8,0.0,1,7,1:07,0,12288,569344,0,198,0,2031616,294,2,278,14,0,12.9,2.3,0.0,84.8,0.0,0.0,0.0,0.0,15795.0 MiB,6119.6 MiB,1886.6 MiB,7788.7 MiB,4096.0 MiB,4092.2 MiB,3.8 MiB,13098.2 MiB,
g++-10,2023-07-07,nbody_50000000,nbody_2.c 50000000,58,1691069137,478964,nbody_2_g++-10,1:08.64,6656000,2031616,1851392,100.0,0.0,1,7,1:08,0,12288,569344,0,198,0,2031616,294,2,278,14,0,12.4,0.8,0.0,86.8,0.0,0.0,0.0,0.0,15795.0 MiB,6119.6 MiB,1886.6 MiB,7788.7 MiB,4096.0 MiB,4092.2 MiB,3.8 MiB,13098.2 MiB,
g++-10,2023-07-07,nbody_50000000,nbody_2.c 50000000,59,1691069138,478964,nbody_2_g++-10,1:09.82,6656000,2031616,1851392,100.0,0.0,1,7,1:09,0,12288,569344,0,198,0,2031616,294,2,278,14,0,13.2,0.0,0.0,86.8,0.0,0.0,0.0,0.0,15795.0 MiB,6119.4 MiB,1886.9 MiB,7788.7 MiB,4096.0 MiB,4092.2 MiB,3.8 MiB,13097.9 MiB,
g++-10,2023-07-07,nbody_50000000,nbody_2.c 50000000,60,1691069139,478964,nbody_2_g++-10,1:11.00,6656000,2031616,1851392,100.0,0.0,1,7,1:11,0,12288,569344,0,198,0,2031616,294,2,278,14,0,13.1,0.8,0.0,86.2,0.0,0.0,0.0,0.0,15795.0 MiB,6119.4 MiB,1886.9 MiB,7788.7 MiB,4096.0 MiB,4092.2 MiB,3.8 MiB,13097.9 MiB,
g++-10,2023-07-07,nbody_50000000,nbody_2.c 50000000,61,1691069140,478964,nbody_2_g++-10,1:12.18,6656000,2031616,1851392,100.0,0.0,1,7,1:12,0,12288,569344,0,198,0,2031616,294,2,278,14,0,13.0,1.5,0.0,85.5,0.0,0.0,0.0,0.0,15795.0 MiB,6119.4 MiB,1886.9 MiB,7788.7 MiB,4096.0 MiB,4092.2 MiB,3.8 MiB,13097.9 MiB,
g++-10,2023-07-07,nbody_50000000,nbody_2.c 50000000,62,1691069141,478964,nbody_2_g++-10,1:13.36,6656000,2031616,1851392,100.0,0.0,1,7,1:13,0,12288,569344,0,198,0,2031616,294,2,278,14,0,13.1,0.8,0.0,86.2,0.0,0.0,0.0,0.0,15795.0 MiB,6119.6 MiB,1886.6 MiB,7788.7 MiB,4096.0 MiB,4092.2 MiB,3.8 MiB,13098.2 MiB,
g++-10,2023-07-07,nbody_50000000,nbody_2.c 50000000,63,1691069142,478964,nbody_2_g++-10,1:14.54,6656000,2031616,1851392,100.0,0.0,1,7,1:14,0,12288,569344,0,198,0,2031616,295,2,279,14,0,13.2,0.8,0.0,86.0,0.0,0.0,0.0,0.0,15795.0 MiB,6119.9 MiB,1886.4 MiB,7788.7 MiB,4096.0 MiB,4092.2 MiB,3.8 MiB,13098.4 MiB,
g++-10,2023-07-07,nbody_50000000,nbody_2.c 50000000,64,1691069144,478964,nbody_2_g++-10,1:15.71,6656000,2031616,1851392,93.8,0.0,1,3,1:15,0,12288,569344,0,198,0,2031616,295,2,279,14,0,12.4,0.8,0.0,86.8,0.0,0.0,0.0,0.0,15795.0 MiB,6119.9 MiB,1886.4 MiB,7788.7 MiB,4096.0 MiB,4092.2 MiB,3.8 MiB,13098.4 MiB,
g++-10,2023-07-07,nbody_50000000,nbody_2.c 50000000,65,1691069145,478964,nbody_2_g++-10,1:16.89,6656000,2031616,1851392,88.2,0.0,1,3,1:16,0,12288,569344,0,198,0,2031616,295,2,279,14,0,15.8,1.4,0.0,81.3,1.4,0.0,0.0,0.0,15795.0 MiB,6119.6 MiB,1886.6 MiB,7788.7 MiB,4096.0 MiB,4092.2 MiB,3.8 MiB,13098.2 MiB,
g++-10,2023-07-07,nbody_50000000,nbody_2.c 50000000,66,1691069146,478964,nbody_2_g++-10,1:18.08,6656000,2031616,1851392,100.0,0.0,1,3,1:18,0,12288,569344,0,198,0,2031616,294,2,278,14,0,13.2,1.5,0.0,85.3,0.0,0.0,0.0,0.0,15795.0 MiB,6119.6 MiB,1886.6 MiB,7788.7 MiB,4096.0 MiB,4092.2 MiB,3.8 MiB,13098.2 MiB,
g++-10,2023-07-07,nbody_50000000,nbody_2.c 50000000,67,1691069147,478964,nbody_2_g++-10,1:19.26,6656000,2031616,1851392,100.0,0.0,1,3,1:19,0,12288,569344,0,198,0,2031616,294,2,278,14,0,12.2,1.5,0.0,86.3,0.0,0.0,0.0,0.0,15795.0 MiB,6119.4 MiB,1886.8 MiB,7788.8 MiB,4096.0 MiB,4092.2 MiB,3.8 MiB,13098.0 MiB,
g++-10,2023-07-07,nbody_50000000,nbody_2.c 50000000,68,1691069148,478964,nbody_2_g++-10,1:20.45,6656000,2031616,1851392,94.1,0.0,1,3,1:20,0,12288,569344,0,198,0,2031616,294,2,278,14,0,14.0,2.1,0.0,83.9,0.0,0.0,0.0,0.0,15795.0 MiB,6119.2 MiB,1887.1 MiB,7788.8 MiB,4096.0 MiB,4092.2 MiB,3.8 MiB,13097.8 MiB,
g++-10,2023-07-07,nbody_50000000,nbody_2.c 50000000,69,1691069150,478964,nbody_2_g++-10,1:21.63,6656000,2031616,1851392,100.0,0.0,1,3,1:21,0,12288,569344,0,198,0,2031616,294,2,278,14,0,13.2,0.8,0.0,86.0,0.0,0.0,0.0,0.0,15795.0 MiB,6119.2 MiB,1887.1 MiB,7788.8 MiB,4096.0 MiB,4092.2 MiB,3.8 MiB,13097.8 MiB,
g++-10,2023-07-07,nbody_50000000,nbody_2.c 50000000,70,1691069151,478964,nbody_2_g++-10,1:22.81,6656000,2031616,1851392,100.0,0.0,1,3,1:22,0,12288,569344,0,198,0,2031616,294,2,278,14,0,13.1,0.8,0.0,86.2,0.0,0.0,0.0,0.0,15795.0 MiB,6119.2 MiB,1887.0 MiB,7788.8 MiB,4096.0 MiB,4092.2 MiB,3.8 MiB,13097.8 MiB,
g++-10,2023-07-07,nbody_50000000,nbody_2.c 50000000,71,1691069152,478964,nbody_2_g++-10,1:23.99,6656000,2031616,1851392,100.0,0.0,1,3,1:23,0,12288,569344,0,198,0,2031616,294,2,278,14,0,13.1,0.8,0.0,86.2,0.0,0.0,0.0,0.0,15795.0 MiB,6119.4 MiB,1886.8 MiB,7788.8 MiB,4096.0 MiB,4092.2 MiB,3.8 MiB,13098.0 MiB,
g++-10,2023-07-07,nbody_50000000,nbody_2.c 50000000,72,1691069153,478964,nbody_2_g++-10,1:25.17,6656000,2031616,1851392,100.0,0.0,1,7,1:25,0,12288,569344,0,198,0,2031616,295,2,279,14,0,12.3,1.5,0.0,86.2,0.0,0.0,0.0,0.0,15795.0 MiB,6119.4 MiB,1886.8 MiB,7788.8 MiB,4096.0 MiB,4092.2 MiB,3.8 MiB,13098.0 MiB,
g++-10,2023-07-07,nbody_50000000,nbody_2.c 50000000,73,1691069154,478964,nbody_2_g++-10,1:26.34,6656000,2031616,1851392,93.8,0.0,1,7,1:26,0,12288,569344,0,198,0,2031616,295,2,279,14,0,12.3,0.8,0.0,86.2,0.0,0.0,0.8,0.0,15795.0 MiB,6119.6 MiB,1886.5 MiB,7788.8 MiB,4096.0 MiB,4092.2 MiB,3.8 MiB,13098.3 MiB,
g++-10,2023-07-07,nbody_50000000,nbody_2.c 50000000,74,1691069155,478964,nbody_2_g++-10,1:27.52,6656000,2031616,1851392,93.8,0.0,1,3,1:27,0,12288,569344,0,198,0,2031616,295,2,279,14,0,12.4,0.0,0.0,87.6,0.0,0.0,0.0,0.0,15795.0 MiB,6119.4 MiB,1886.8 MiB,7788.8 MiB,4096.0 MiB,4092.2 MiB,3.8 MiB,13098.0 MiB,
g++-10,2023-07-07,nbody_50000000,nbody_2.c 50000000,75,1691069157,478964,nbody_2_g++-10,1:28.70,6656000,2031616,1851392,93.8,0.0,1,7,1:28,0,12288,569344,0,198,0,2031616,294,2,278,14,0,13.7,0.8,0.0,85.5,0.0,0.0,0.0,0.0,15795.0 MiB,6120.1 MiB,1886.0 MiB,7788.8 MiB,4096.0 MiB,4092.2 MiB,3.8 MiB,13098.8 MiB,
g++-11,2023-05-29,nbody_50000000,nbody_2.c 50000000,0,1691069278,479568,nbody_2_g++-11,0:00.18,6656000,1957888,1781760,93.8,0.0,1,3,0:00,0,12288,569344,0,192,0,1957888,293,2,277,14,0,13.1,2.3,0.0,84.6,0.0,0.0,0.0,0.0,15795.0 MiB,6121.4 MiB,1881.8 MiB,7791.7 MiB,4096.0 MiB,4092.2 MiB,3.8 MiB,13095.2 MiB,
g++-11,2023-05-29,nbody_50000000,nbody_2.c 50000000,1,1691069280,479568,nbody_2_g++-11,0:01.35,6656000,1957888,1781760,100.0,0.0,1,3,0:01,0,12288,569344,0,192,0,1957888,293,2,277,14,0,13.7,0.8,0.0,85.5,0.0,0.0,0.0,0.0,15795.0 MiB,6121.2 MiB,1881.8 MiB,7792.0 MiB,4096.0 MiB,4092.2 MiB,3.8 MiB,13095.0 MiB,
g++-11,2023-05-29,nbody_50000000,nbody_2.c 50000000,2,1691069281,479568,nbody_2_g++-11,0:02.53,6656000,1957888,1781760,100.0,0.0,1,7,0:02,0,12288,569344,0,192,0,1957888,293,2,277,14,0,13.0,1.5,0.0,85.5,0.0,0.0,0.0,0.0,15795.0 MiB,6136.2 MiB,1874.7 MiB,7784.1 MiB,4096.0 MiB,4092.2 MiB,3.8 MiB,13110.0 MiB,
g++-11,2023-05-29,nbody_50000000,nbody_2.c 50000000,3,1691069282,479568,nbody_2_g++-11,0:03.71,6656000,1957888,1781760,100.0,0.0,1,3,0:03,0,12288,569344,0,192,0,1957888,294,2,278,14,0,13.1,0.8,0.0,86.2,0.0,0.0,0.0,0.0,15795.0 MiB,6135.2 MiB,1875.8 MiB,7784.0 MiB,4096.0 MiB,4092.2 MiB,3.8 MiB,13109.0 MiB,
g++-11,2023-05-29,nbody_50000000,nbody_2.c 50000000,4,1691069283,479568,nbody_2_g++-11,0:04.89,6656000,1957888,1781760,100.0,0.0,1,7,0:04,0,12288,569344,0,192,0,1957888,294,2,278,14,0,12.4,0.8,0.0,86.8,0.0,0.0,0.0,0.0,15795.0 MiB,6134.5 MiB,1876.5 MiB,7784.0 MiB,4096.0 MiB,4092.2 MiB,3.8 MiB,13108.3 MiB,
g++-11,2023-05-29,nbody_50000000,nbody_2.c 50000000,5,1691069284,479568,nbody_2_g++-11,0:06.06,6656000,1957888,1781760,100.0,0.0,1,7,0:06,0,12288,569344,0,192,0,1957888,294,2,278,14,0,12.4,0.8,0.0,86.8,0.0,0.0,0.0,0.0,15795.0 MiB,6134.2 MiB,1876.7 MiB,7784.0 MiB,4096.0 MiB,4092.2 MiB,3.8 MiB,13108.1 MiB,
g++-11,2023-05-29,nbody_50000000,nbody_2.c 50000000,6,1691069285,479568,nbody_2_g++-11,0:07.24,6656000,1957888,1781760,100.0,0.0,1,7,0:07,0,12288,569344,0,192,0,1957888,294,2,278,14,0,13.2,0.8,0.0,86.0,0.0,0.0,0.0,0.0,15795.0 MiB,6134.2 MiB,1876.7 MiB,7784.0 MiB,4096.0 MiB,4092.2 MiB,3.8 MiB,13108.1 MiB,
g++-11,2023-05-29,nbody_50000000,nbody_2.c 50000000,7,1691069287,479568,nbody_2_g++-11,0:08.41,6656000,1957888,1781760,93.8,0.0,1,7,0:08,0,12288,569344,0,192,0,1957888,294,2,278,14,0,12.4,0.8,0.0,86.8,0.0,0.0,0.0,0.0,15795.0 MiB,6134.2 MiB,1876.7 MiB,7784.0 MiB,4096.0 MiB,4092.2 MiB,3.8 MiB,13108.1 MiB,
g++-11,2023-05-29,nbody_50000000,nbody_2.c 50000000,8,1691069288,479568,nbody_2_g++-11,0:09.59,6656000,1957888,1781760,100.0,0.0,1,3,0:09,0,12288,569344,0,192,0,1957888,294,2,278,14,0,13.7,0.8,0.0,85.5,0.0,0.0,0.0,0.0,15795.0 MiB,6134.2 MiB,1876.7 MiB,7784.0 MiB,4096.0 MiB,4092.2 MiB,3.8 MiB,13108.1 MiB,
g++-11,2023-05-29,nbody_50000000,nbody_2.c 50000000,9,1691069289,479568,nbody_2_g++-11,0:10.77,6656000,1957888,1781760,100.0,0.0,1,3,0:10,0,12288,569344,0,192,0,1957888,294,2,278,14,0,13.1,0.8,0.0,86.2,0.0,0.0,0.0,0.0,15795.0 MiB,6134.0 MiB,1877.0 MiB,7784.0 MiB,4096.0 MiB,4092.2 MiB,3.8 MiB,13107.8 MiB,
g++-11,2023-05-29,nbody_50000000,nbody_2.c 50000000,10,1691069290,479568,nbody_2_g++-11,0:11.94,6656000,1957888,1781760,88.2,0.0,1,3,0:11,0,12288,569344,0,192,0,1957888,294,2,278,14,0,14.7,0.7,0.0,84.6,0.0,0.0,0.0,0.0,15795.0 MiB,6134.0 MiB,1877.0 MiB,7784.0 MiB,4096.0 MiB,4092.2 MiB,3.8 MiB,13107.8 MiB,
g++-11,2023-05-29,nbody_50000000,nbody_2.c 50000000,11,1691069291,479568,nbody_2_g++-11,0:13.12,6656000,1957888,1781760,93.8,0.0,1,3,0:13,0,12288,569344,0,192,0,1957888,294,2,278,14,0,13.7,0.8,0.0,85.5,0.0,0.0,0.0,0.0,15795.0 MiB,6133.7 MiB,1877.2 MiB,7784.0 MiB,4096.0 MiB,4092.2 MiB,3.8 MiB,13107.6 MiB,
g++-11,2023-05-29,nbody_50000000,nbody_2.c 50000000,12,1691069293,479568,nbody_2_g++-11,0:14.31,6656000,1957888,1781760,100.0,0.0,1,3,0:14,0,12288,569344,0,192,0,1957888,294,2,278,14,0,12.7,0.7,0.0,86.6,0.0,0.0,0.0,0.0,15795.0 MiB,6133.7 MiB,1877.2 MiB,7784.0 MiB,4096.0 MiB,4092.2 MiB,3.8 MiB,13107.6 MiB,
g++-11,2023-05-29,nbody_50000000,nbody_2.c 50000000,13,1691069294,479568,nbody_2_g++-11,0:15.49,6656000,1957888,1781760,100.0,0.0,1,3,0:15,0,12288,569344,0,192,0,1957888,294,2,278,14,0,14.2,1.5,0.0,84.3,0.0,0.0,0.0,0.0,15795.0 MiB,6133.7 MiB,1877.2 MiB,7784.0 MiB,4096.0 MiB,4092.2 MiB,3.8 MiB,13107.6 MiB,
g++-11,2023-05-29,nbody_50000000,nbody_2.c 50000000,14,1691069295,479568,nbody_2_g++-11,0:16.67,6656000,1957888,1781760,100.0,0.0,1,3,0:16,0,12288,569344,0,192,0,1957888,294,2,278,14,0,13.2,0.0,0.0,86.8,0.0,0.0,0.0,0.0,15795.0 MiB,6133.7 MiB,1877.2 MiB,7784.0 MiB,4096.0 MiB,4092.2 MiB,3.8 MiB,13107.6 MiB,
g++-11,2023-05-29,nbody_50000000,nbody_2.c 50000000,15,1691069296,479568,nbody_2_g++-11,0:17.85,6656000,1957888,1781760,100.0,0.0,1,3,0:17,0,12288,569344,0,192,0,1957888,294,2,278,14,0,12.4,0.8,0.0,86.8,0.0,0.0,0.0,0.0,15795.0 MiB,6133.7 MiB,1877.2 MiB,7784.0 MiB,4096.0 MiB,4092.2 MiB,3.8 MiB,13107.6 MiB,
g++-11,2023-05-29,nbody_50000000,nbody_2.c 50000000,16,1691069297,479568,nbody_2_g++-11,0:19.03,6656000,1957888,1781760,100.0,0.0,1,3,0:19,0,12288,569344,0,192,0,1957888,294,2,278,14,0,13.8,0.0,0.0,86.2,0.0,0.0,0.0,0.0,15795.0 MiB,6133.7 MiB,1877.2 MiB,7784.0 MiB,4096.0 MiB,4092.2 MiB,3.8 MiB,13107.6 MiB,
g++-11,2023-05-29,nbody_50000000,nbody_2.c 50000000,17,1691069298,479568,nbody_2_g++-11,0:20.21,6656000,1957888,1781760,100.0,0.0,1,3,0:20,0,12288,569344,0,192,0,1957888,294,2,278,14,0,13.8,0.0,0.0,86.2,0.0,0.0,0.0,0.0,15795.0 MiB,6133.5 MiB,1877.5 MiB,7784.0 MiB,4096.0 MiB,4092.2 MiB,3.8 MiB,13107.3 MiB,
g++-11,2023-05-29,nbody_50000000,nbody_2.c 50000000,18,1691069300,479568,nbody_2_g++-11,0:21.38,6656000,1957888,1781760,93.8,0.0,1,3,0:21,0,12288,569344,0,192,0,1957888,294,2,278,14,0,12.3,0.8,0.0,86.9,0.0,0.0,0.0,0.0,15795.0 MiB,6133.2 MiB,1877.7 MiB,7784.0 MiB,4096.0 MiB,4092.2 MiB,3.8 MiB,13107.1 MiB,
g++-11,2023-05-29,nbody_50000000,nbody_2.c 50000000,19,1691069301,479568,nbody_2_g++-11,0:22.56,6656000,1957888,1781760,93.8,0.0,1,3,0:22,0,12288,569344,0,192,0,1957888,294,2,278,14,0,13.1,1.5,0.0,85.4,0.0,0.0,0.0,0.0,15795.0 MiB,6133.2 MiB,1877.7 MiB,7784.1 MiB,4096.0 MiB,4092.2 MiB,3.8 MiB,13107.1 MiB,
g++-11,2023-05-29,nbody_50000000,nbody_2.c 50000000,20,1691069302,479568,nbody_2_g++-11,0:23.74,6656000,1957888,1781760,93.8,0.0,1,3,0:23,0,12288,569344,0,192,0,1957888,294,2,278,14,0,13.1,0.8,0.0,86.2,0.0,0.0,0.0,0.0,15795.0 MiB,6133.2 MiB,1877.7 MiB,7784.1 MiB,4096.0 MiB,4092.2 MiB,3.8 MiB,13107.1 MiB,
g++-11,2023-05-29,nbody_50000000,nbody_2.c 50000000,21,1691069303,479568,nbody_2_g++-11,0:24.92,6656000,1957888,1781760,100.0,0.0,1,3,0:24,0,12288,569344,0,192,0,1957888,294,2,278,14,0,12.5,0.0,0.0,87.5,0.0,0.0,0.0,0.0,15795.0 MiB,6133.2 MiB,1877.6 MiB,7784.1 MiB,4096.0 MiB,4092.2 MiB,3.8 MiB,13107.1 MiB,
g++-11,2023-05-29,nbody_50000000,nbody_2.c 50000000,22,1691069304,479568,nbody_2_g++-11,0:26.10,6656000,1957888,1781760,100.0,0.0,1,3,0:26,0,12288,569344,0,192,0,1957888,294,2,278,14,0,13.2,0.0,0.0,86.8,0.0,0.0,0.0,0.0,15795.0 MiB,6133.0 MiB,1877.9 MiB,7784.1 MiB,4096.0 MiB,4092.2 MiB,3.8 MiB,13106.9 MiB,
g++-11,2023-05-29,nbody_50000000,nbody_2.c 50000000,23,1691069305,479568,nbody_2_g++-11,0:27.28,6656000,1957888,1781760,100.0,0.0,1,7,0:27,0,12288,569344,0,192,0,1957888,294,2,278,14,0,13.9,1.5,0.0,84.7,0.0,0.0,0.0,0.0,15795.0 MiB,6133.0 MiB,1877.9 MiB,7784.1 MiB,4096.0 MiB,4092.2 MiB,3.8 MiB,13106.9 MiB,
g++-11,2023-05-29,nbody_50000000,nbody_2.c 50000000,24,1691069307,479568,nbody_2_g++-11,0:28.46,6656000,1957888,1781760,100.0,0.0,1,7,0:28,0,12288,569344,0,192,0,1957888,294,2,278,14,0,13.0,1.5,0.0,85.5,0.0,0.0,0.0,0.0,15795.0 MiB,6133.0 MiB,1877.9 MiB,7784.1 MiB,4096.0 MiB,4092.2 MiB,3.8 MiB,13106.9 MiB,
g++-11,2023-05-29,nbody_50000000,nbody_2.c 50000000,25,1691069308,479568,nbody_2_g++-11,0:29.64,6656000,1957888,1781760,100.0,0.0,1,7,0:29,0,12288,569344,0,192,0,1957888,294,2,278,14,0,13.1,1.5,0.0,85.4,0.0,0.0,0.0,0.0,15795.0 MiB,6133.0 MiB,1877.9 MiB,7784.1 MiB,4096.0 MiB,4092.2 MiB,3.8 MiB,13106.9 MiB,
g++-11,2023-05-29,nbody_50000000,nbody_2.c 50000000,26,1691069309,479568,nbody_2_g++-11,0:30.81,6656000,1957888,1781760,93.8,0.0,1,7,0:30,0,12288,569344,0,192,0,1957888,294,2,278,14,0,12.4,0.8,0.0,86.8,0.0,0.0,0.0,0.0,15795.0 MiB,6132.7 MiB,1878.1 MiB,7784.1 MiB,4096.0 MiB,4092.2 MiB,3.8 MiB,13106.6 MiB,
g++-11,2023-05-29,nbody_50000000,nbody_2.c 50000000,27,1691069310,479568,nbody_2_g++-11,0:31.99,6656000,1957888,1781760,93.8,0.0,1,7,0:31,0,12288,569344,0,192,0,1957888,294,2,278,14,0,12.4,0.8,0.0,86.8,0.0,0.0,0.0,0.0,15795.0 MiB,6132.7 MiB,1878.1 MiB,7784.1 MiB,4096.0 MiB,4092.2 MiB,3.8 MiB,13106.6 MiB,
g++-11,2023-05-29,nbody_50000000,nbody_2.c 50000000,28,1691069311,479568,nbody_2_g++-11,0:33.17,6656000,1957888,1781760,93.8,0.0,1,7,0:33,0,12288,569344,0,192,0,1957888,294,2,278,14,0,13.0,1.5,0.0,85.5,0.0,0.0,0.0,0.0,15795.0 MiB,6132.7 MiB,1878.1 MiB,7784.1 MiB,4096.0 MiB,4092.2 MiB,3.8 MiB,13106.6 MiB,
g++-11,2023-05-29,nbody_50000000,nbody_2.c 50000000,29,1691069313,479568,nbody_2_g++-11,0:34.35,6656000,1957888,1781760,93.8,0.0,1,7,0:34,0,12288,569344,0,192,0,1957888,294,2,278,14,0,12.4,0.8,0.0,86.8,0.0,0.0,0.0,0.0,15795.0 MiB,6132.7 MiB,1878.1 MiB,7784.1 MiB,4096.0 MiB,4092.2 MiB,3.8 MiB,13106.6 MiB,
g++-11,2023-05-29,nbody_50000000,nbody_2.c 50000000,30,1691069314,479568,nbody_2_g++-11,0:35.53,6656000,1957888,1781760,100.0,0.0,1,7,0:35,0,12288,569344,0,192,0,1957888,294,2,278,14,0,13.2,0.0,0.0,86.8,0.0,0.0,0.0,0.0,15795.0 MiB,6132.7 MiB,1878.1 MiB,7784.1 MiB,4096.0 MiB,4092.2 MiB,3.8 MiB,13106.6 MiB,
g++-11,2023-05-29,nbody_50000000,nbody_2.c 50000000,31,1691069315,479568,nbody_2_g++-11,0:36.71,6656000,1957888,1781760,100.0,0.0,1,7,0:36,0,12288,569344,0,192,0,1957888,294,2,278,14,0,12.4,0.8,0.0,86.8,0.0,0.0,0.0,0.0,15795.0 MiB,6132.7 MiB,1878.1 MiB,7784.1 MiB,4096.0 MiB,4092.2 MiB,3.8 MiB,13106.6 MiB,
g++-11,2023-05-29,nbody_50000000,nbody_2.c 50000000,32,1691069316,479568,nbody_2_g++-11,0:37.90,6656000,1957888,1781760,100.0,0.0,1,7,0:37,0,12288,569344,0,192,0,1957888,294,2,278,14,0,13.1,1.5,0.0,85.4,0.0,0.0,0.0,0.0,15795.0 MiB,6132.7 MiB,1878.1 MiB,7784.1 MiB,4096.0 MiB,4092.2 MiB,3.8 MiB,13106.6 MiB,
g++-11,2023-05-29,nbody_50000000,nbody_2.c 50000000,33,1691069317,479568,nbody_2_g++-11,0:39.08,6656000,1957888,1781760,100.0,0.0,1,7,0:39,0,12288,569344,0,192,0,1957888,294,2,278,14,0,12.4,0.8,0.0,86.8,0.0,0.0,0.0,0.0,15795.0 MiB,6132.5 MiB,1878.3 MiB,7784.1 MiB,4096.0 MiB,4092.2 MiB,3.8 MiB,13106.4 MiB,
g++-11,2023-05-29,nbody_50000000,nbody_2.c 50000000,34,1691069318,479568,nbody_2_g++-11,0:40.26,6656000,1957888,1781760,100.0,0.0,1,7,0:40,0,12288,569344,0,192,0,1957888,294,2,278,14,0,13.1,0.8,0.0,86.2,0.0,0.0,0.0,0.0,15795.0 MiB,6132.2 MiB,1878.6 MiB,7784.2 MiB,4096.0 MiB,4092.2 MiB,3.8 MiB,13106.2 MiB,
g++-11,2023-05-29,nbody_50000000,nbody_2.c 50000000,35,1691069320,479568,nbody_2_g++-11,0:41.44,6656000,1957888,1781760,100.0,0.0,1,7,0:41,0,12288,569344,0,192,0,1957888,294,2,278,14,0,13.0,1.5,0.0,85.5,0.0,0.0,0.0,0.0,15795.0 MiB,6132.2 MiB,1878.6 MiB,7784.2 MiB,4096.0 MiB,4092.2 MiB,3.8 MiB,13106.2 MiB,
g++-11,2023-05-29,nbody_50000000,nbody_2.c 50000000,36,1691069321,479568,nbody_2_g++-11,0:42.61,6656000,1957888,1781760,93.8,0.0,1,7,0:42,0,12288,569344,0,192,0,1957888,294,2,278,14,0,12.4,0.8,0.0,86.8,0.0,0.0,0.0,0.0,15795.0 MiB,6131.8 MiB,1879.1 MiB,7784.2 MiB,4096.0 MiB,4092.2 MiB,3.8 MiB,13105.7 MiB,
g++-11,2023-05-29,nbody_50000000,nbody_2.c 50000000,37,1691069322,479568,nbody_2_g++-11,0:43.80,6656000,1957888,1781760,100.0,0.0,1,3,0:43,0,12288,569344,0,192,0,1957888,295,2,279,14,0,14.1,2.2,0.0,82.2,1.5,0.0,0.0,0.0,15795.0 MiB,6151.9 MiB,1858.2 MiB,7784.9 MiB,4096.0 MiB,4092.2 MiB,3.8 MiB,13126.6 MiB,
g++-11,2023-05-29,nbody_50000000,nbody_2.c 50000000,38,1691069323,479568,nbody_2_g++-11,0:44.98,6656000,1957888,1781760,93.8,0.0,1,3,0:44,0,12288,569344,0,192,0,1957888,295,2,279,14,0,12.4,0.8,0.0,86.8,0.0,0.0,0.0,0.0,15795.0 MiB,6150.9 MiB,1859.1 MiB,7785.0 MiB,4096.0 MiB,4092.2 MiB,3.8 MiB,13125.7 MiB,
g++-11,2023-05-29,nbody_50000000,nbody_2.c 50000000,39,1691069324,479568,nbody_2_g++-11,0:46.16,6656000,1957888,1781760,93.8,0.0,1,3,0:46,0,12288,569344,0,192,0,1957888,295,2,279,14,0,12.2,1.5,0.0,86.3,0.0,0.0,0.0,0.0,15795.0 MiB,6150.7 MiB,1859.3 MiB,7785.0 MiB,4096.0 MiB,4092.2 MiB,3.8 MiB,13125.4 MiB,
g++-11,2023-05-29,nbody_50000000,nbody_2.c 50000000,40,1691069326,479568,nbody_2_g++-11,0:47.34,6656000,1957888,1781760,100.0,0.0,1,3,0:47,0,12288,569344,0,192,0,1957888,294,2,278,14,0,13.7,0.8,0.0,85.5,0.0,0.0,0.0,0.0,15795.0 MiB,6151.0 MiB,1859.1 MiB,7785.0 MiB,4096.0 MiB,4092.2 MiB,3.8 MiB,13125.7 MiB,
g++-11,2023-05-29,nbody_50000000,nbody_2.c 50000000,41,1691069327,479568,nbody_2_g++-11,0:48.52,6656000,1957888,1781760,100.0,0.0,1,3,0:48,0,12288,569344,0,192,0,1957888,294,2,278,14,0,13.1,0.0,0.0,86.9,0.0,0.0,0.0,0.0,15795.0 MiB,6151.2 MiB,1858.8 MiB,7785.0 MiB,4096.0 MiB,4092.2 MiB,3.8 MiB,13125.9 MiB,
g++-11,2023-05-29,nbody_50000000,nbody_2.c 50000000,42,1691069328,479568,nbody_2_g++-11,0:49.70,6656000,1957888,1781760,100.0,0.0,1,3,0:49,0,12288,569344,0,192,0,1957888,295,2,279,14,0,13.0,1.5,0.0,85.5,0.0,0.0,0.0,0.0,15795.0 MiB,6150.5 MiB,1859.5 MiB,7785.0 MiB,4096.0 MiB,4092.2 MiB,3.8 MiB,13125.2 MiB,
g++-11,2023-05-29,nbody_50000000,nbody_2.c 50000000,43,1691069329,479568,nbody_2_g++-11,0:50.88,6656000,1957888,1781760,100.0,0.0,1,3,0:50,0,12288,569344,0,192,0,1957888,295,2,279,14,0,13.1,0.8,0.0,86.2,0.0,0.0,0.0,0.0,15795.0 MiB,6150.0 MiB,1860.0 MiB,7785.0 MiB,4096.0 MiB,4092.2 MiB,3.8 MiB,13124.7 MiB,
g++-11,2023-05-29,nbody_50000000,nbody_2.c 50000000,44,1691069330,479568,nbody_2_g++-11,0:52.06,6656000,1957888,1781760,100.0,0.0,1,3,0:52,0,12288,569344,0,192,0,1957888,295,2,279,14,0,13.1,0.8,0.0,86.2,0.0,0.0,0.0,0.0,15795.0 MiB,6150.0 MiB,1860.0 MiB,7785.0 MiB,4096.0 MiB,4092.2 MiB,3.8 MiB,13124.7 MiB,
g++-11,2023-05-29,nbody_50000000,nbody_2.c 50000000,45,1691069331,479568,nbody_2_g++-11,0:53.24,6656000,1957888,1781760,100.0,0.0,1,7,0:53,0,12288,569344,0,192,0,1957888,294,2,278,14,0,12.5,0.0,0.0,87.5,0.0,0.0,0.0,0.0,15795.0 MiB,6150.0 MiB,1860.0 MiB,7785.0 MiB,4096.0 MiB,4092.2 MiB,3.8 MiB,13124.7 MiB,
g++-11,2023-05-29,nbody_50000000,nbody_2.c 50000000,46,1691069333,479568,nbody_2_g++-11,0:54.42,6656000,1957888,1781760,100.0,0.0,1,7,0:54,0,12288,569344,0,192,0,1957888,294,2,278,14,0,13.1,0.8,0.0,86.2,0.0,0.0,0.0,0.0,15795.0 MiB,6150.0 MiB,1860.0 MiB,7785.0 MiB,4096.0 MiB,4092.2 MiB,3.8 MiB,13124.7 MiB,
g++-11,2023-05-29,nbody_50000000,nbody_2.c 50000000,47,1691069334,479568,nbody_2_g++-11,0:55.60,6656000,1957888,1781760,100.0,0.0,1,7,0:55,0,12288,569344,0,192,0,1957888,294,2,278,14,0,13.1,0.0,0.0,86.9,0.0,0.0,0.0,0.0,15795.0 MiB,6150.0 MiB,1860.0 MiB,7785.0 MiB,4096.0 MiB,4092.2 MiB,3.8 MiB,13124.7 MiB,
g++-11,2023-05-29,nbody_50000000,nbody_2.c 50000000,48,1691069335,479568,nbody_2_g++-11,0:56.78,6656000,1957888,1781760,100.0,0.0,1,7,0:56,0,12288,569344,0,192,0,1957888,294,2,278,14,0,13.1,0.8,0.0,86.2,0.0,0.0,0.0,0.0,15795.0 MiB,6149.5 MiB,1860.5 MiB,7785.0 MiB,4096.0 MiB,4092.2 MiB,3.8 MiB,13124.2 MiB,
g++-11,2023-05-29,nbody_50000000,nbody_2.c 50000000,49,1691069336,479568,nbody_2_g++-11,0:57.95,6656000,1957888,1781760,93.8,0.0,1,7,0:57,0,12288,569344,0,192,0,1957888,294,2,278,14,0,12.3,1.5,0.0,86.2,0.0,0.0,0.0,0.0,15795.0 MiB,6149.2 MiB,1860.7 MiB,7785.0 MiB,4096.0 MiB,4092.2 MiB,3.8 MiB,13124.0 MiB,
g++-11,2023-05-29,nbody_50000000,nbody_2.c 50000000,50,1691069337,479568,nbody_2_g++-11,0:59.13,6656000,1957888,1781760,93.8,0.0,1,7,0:59,0,12288,569344,0,192,0,1957888,294,2,278,14,0,12.4,0.0,0.0,87.6,0.0,0.0,0.0,0.0,15795.0 MiB,6149.0 MiB,1861.0 MiB,7785.0 MiB,4096.0 MiB,4092.2 MiB,3.8 MiB,13123.8 MiB,
g++-11,2023-05-29,nbody_50000000,nbody_2.c 50000000,51,1691069339,479568,nbody_2_g++-11,1:00.31,6656000,1957888,1781760,93.8,0.0,1,7,1:00,0,12288,569344,0,192,0,1957888,294,2,278,14,0,12.3,0.8,0.0,86.9,0.0,0.0,0.0,0.0,15795.0 MiB,6149.2 MiB,1860.7 MiB,7785.0 MiB,4096.0 MiB,4092.2 MiB,3.8 MiB,13124.0 MiB,
g++-11,2023-05-29,nbody_50000000,nbody_2.c 50000000,52,1691069340,479568,nbody_2_g++-11,1:01.50,6656000,1957888,1781760,94.1,0.0,1,7,1:01,0,12288,569344,0,192,0,1957888,294,2,278,14,0,13.2,0.7,0.0,86.0,0.0,0.0,0.0,0.0,15795.0 MiB,6148.7 MiB,1861.2 MiB,7785.1 MiB,4096.0 MiB,4092.2 MiB,3.8 MiB,13123.5 MiB,
g++-11,2023-05-29,nbody_50000000,nbody_2.c 50000000,53,1691069341,479568,nbody_2_g++-11,1:02.68,6656000,1957888,1781760,100.0,0.0,1,7,1:02,0,12288,569344,0,192,0,1957888,294,2,278,14,0,13.2,0.0,0.0,86.8,0.0,0.0,0.0,0.0,15795.0 MiB,6148.7 MiB,1861.4 MiB,7784.9 MiB,4096.0 MiB,4092.2 MiB,3.8 MiB,13123.5 MiB,
g++-11,2023-05-29,nbody_50000000,nbody_2.c 50000000,54,1691069342,479568,nbody_2_g++-11,1:03.86,6656000,1957888,1781760,100.0,0.0,1,7,1:03,0,12288,569344,0,192,0,1957888,294,2,278,14,0,13.7,0.8,0.0,85.5,0.0,0.0,0.0,0.0,15795.0 MiB,6149.0 MiB,1861.1 MiB,7784.9 MiB,4096.0 MiB,4092.2 MiB,3.8 MiB,13123.8 MiB,
g++-11,2023-05-29,nbody_50000000,nbody_2.c 50000000,55,1691069343,479568,nbody_2_g++-11,1:05.04,6656000,1957888,1781760,100.0,0.0,1,7,1:05,0,12288,569344,0,192,0,1957888,294,2,278,14,0,12.3,1.5,0.0,86.2,0.0,0.0,0.0,0.0,15795.0 MiB,6148.7 MiB,1861.4 MiB,7784.9 MiB,4096.0 MiB,4092.2 MiB,3.8 MiB,13123.5 MiB,
g++-11,2023-05-29,nbody_50000000,nbody_2.c 50000000,56,1691069344,479568,nbody_2_g++-11,1:06.22,6656000,1957888,1781760,100.0,0.0,1,7,1:06,0,12288,569344,0,192,0,1957888,294,2,278,14,0,12.3,0.8,0.0,86.9,0.0,0.0,0.0,0.0,15795.0 MiB,6148.7 MiB,1861.4 MiB,7784.9 MiB,4096.0 MiB,4092.2 MiB,3.8 MiB,13123.5 MiB,
g++-11,2023-05-29,nbody_50000000,nbody_2.c 50000000,57,1691069346,479568,nbody_2_g++-11,1:07.40,6656000,1957888,1781760,100.0,0.0,1,7,1:07,0,12288,569344,0,192,0,1957888,294,2,278,14,0,12.4,0.8,0.0,86.8,0.0,0.0,0.0,0.0,15795.0 MiB,6150.0 MiB,1860.1 MiB,7784.9 MiB,4096.0 MiB,4092.2 MiB,3.8 MiB,13124.8 MiB,
g++-11,2023-05-29,nbody_50000000,nbody_2.c 50000000,58,1691069347,479568,nbody_2_g++-11,1:08.58,6656000,1957888,1781760,100.0,0.0,1,7,1:08,0,12288,569344,0,192,0,1957888,294,2,278,14,0,13.6,0.8,0.0,85.6,0.0,0.0,0.0,0.0,15795.0 MiB,6150.0 MiB,1860.1 MiB,7784.9 MiB,4096.0 MiB,4092.2 MiB,3.8 MiB,13124.8 MiB,
g++-11,2023-05-29,nbody_50000000,nbody_2.c 50000000,59,1691069348,479568,nbody_2_g++-11,1:09.76,6656000,1957888,1781760,100.0,0.0,1,7,1:09,0,12288,569344,0,192,0,1957888,294,2,278,14,0,14.0,1.5,0.0,84.6,0.0,0.0,0.0,0.0,15795.0 MiB,6150.0 MiB,1860.1 MiB,7784.9 MiB,4096.0 MiB,4092.2 MiB,3.8 MiB,13124.8 MiB,
g++-11,2023-05-29,nbody_50000000,nbody_2.c 50000000,60,1691069349,479568,nbody_2_g++-11,1:10.94,6656000,1957888,1781760,100.0,0.0,1,7,1:10,0,12288,569344,0,192,0,1957888,294,2,278,14,0,13.0,1.5,0.0,85.5,0.0,0.0,0.0,0.0,15795.0 MiB,6150.0 MiB,1860.1 MiB,7784.9 MiB,4096.0 MiB,4092.2 MiB,3.8 MiB,13124.8 MiB,
g++-11,2023-05-29,nbody_50000000,nbody_2.c 50000000,61,1691069350,479568,nbody_2_g++-11,1:12.12,6656000,1957888,1781760,93.8,0.0,1,7,1:12,0,12288,569344,0,192,0,1957888,294,2,278,14,0,13.9,1.5,0.0,84.7,0.0,0.0,0.0,0.0,15795.0 MiB,6150.0 MiB,1860.1 MiB,7784.9 MiB,4096.0 MiB,4092.2 MiB,3.8 MiB,13124.8 MiB,
g++-11,2023-05-29,nbody_50000000,nbody_2.c 50000000,62,1691069352,479568,nbody_2_g++-11,1:13.30,6656000,1957888,1781760,93.8,0.0,1,7,1:13,0,12288,569344,0,192,0,1957888,294,2,278,14,0,12.3,1.5,0.0,86.2,0.0,0.0,0.0,0.0,15795.0 MiB,6150.0 MiB,1860.1 MiB,7784.9 MiB,4096.0 MiB,4092.2 MiB,3.8 MiB,13124.8 MiB,
g++-11,2023-05-29,nbody_50000000,nbody_2.c 50000000,63,1691069353,479568,nbody_2_g++-11,1:14.49,6656000,1957888,1781760,100.0,0.0,1,7,1:14,0,12288,569344,0,192,0,1957888,294,2,278,14,0,13.1,0.7,0.0,85.4,0.0,0.0,0.7,0.0,15795.0 MiB,6150.0 MiB,1860.1 MiB,7784.9 MiB,4096.0 MiB,4092.2 MiB,3.8 MiB,13124.8 MiB,
g++-11,2023-05-29,nbody_50000000,nbody_2.c 50000000,64,1691069354,479568,nbody_2_g++-11,1:15.67,6656000,1957888,1781760,100.0,0.0,1,7,1:15,0,12288,569344,0,192,0,1957888,294,2,278,14,0,12.4,0.8,0.0,86.8,0.0,0.0,0.0,0.0,15795.0 MiB,6150.0 MiB,1860.1 MiB,7784.9 MiB,4096.0 MiB,4092.2 MiB,3.8 MiB,13124.8 MiB,
g++-11,2023-05-29,nbody_50000000,nbody_2.c 50000000,65,1691069355,479568,nbody_2_g++-11,1:16.85,6656000,1957888,1781760,100.0,0.0,1,7,1:16,0,12288,569344,0,192,0,1957888,294,2,278,14,0,13.6,1.5,0.0,84.8,0.0,0.0,0.0,0.0,15795.0 MiB,6150.2 MiB,1859.9 MiB,7784.9 MiB,4096.0 MiB,4092.2 MiB,3.8 MiB,13125.0 MiB,
g++-11,2023-05-29,nbody_50000000,nbody_2.c 50000000,66,1691069356,479568,nbody_2_g++-11,1:18.03,6656000,1957888,1781760,100.0,0.0,1,7,1:18,0,12288,569344,0,192,0,1957888,294,2,278,14,0,13.1,0.8,0.0,86.2,0.0,0.0,0.0,0.0,15795.0 MiB,6150.2 MiB,1859.9 MiB,7784.9 MiB,4096.0 MiB,4092.2 MiB,3.8 MiB,13125.0 MiB,
g++-11,2023-05-29,nbody_50000000,nbody_2.c 50000000,67,1691069357,479568,nbody_2_g++-11,1:19.21,6656000,1957888,1781760,100.0,0.0,1,7,1:19,0,12288,569344,0,192,0,1957888,294,2,278,14,0,13.0,1.5,0.0,85.5,0.0,0.0,0.0,0.0,15795.0 MiB,6150.0 MiB,1860.1 MiB,7784.9 MiB,4096.0 MiB,4092.2 MiB,3.8 MiB,13124.8 MiB,
g++-11,2023-05-29,nbody_50000000,nbody_2.c 50000000,68,1691069359,479568,nbody_2_g++-11,1:20.39,6656000,1957888,1781760,100.0,0.0,1,7,1:20,0,12288,569344,0,192,0,1957888,295,2,279,14,0,13.0,1.5,0.0,85.5,0.0,0.0,0.0,0.0,15795.0 MiB,6149.5 MiB,1860.6 MiB,7784.9 MiB,4096.0 MiB,4092.2 MiB,3.8 MiB,13124.3 MiB,
g++-11,2023-05-29,nbody_50000000,nbody_2.c 50000000,69,1691069360,479568,nbody_2_g++-11,1:21.57,6656000,1957888,1781760,100.0,0.0,1,7,1:21,0,12288,569344,0,192,0,1957888,295,2,279,14,0,12.4,0.8,0.0,86.8,0.0,0.0,0.0,0.0,15795.0 MiB,6149.2 MiB,1860.8 MiB,7784.9 MiB,4096.0 MiB,4092.2 MiB,3.8 MiB,13124.1 MiB,
g++-11,2023-05-29,nbody_50000000,nbody_2.c 50000000,70,1691069361,479568,nbody_2_g++-11,1:22.74,6656000,1957888,1781760,100.0,0.0,1,7,1:22,0,12288,569344,0,192,0,1957888,295,2,279,14,0,13.0,1.5,0.0,85.5,0.0,0.0,0.0,0.0,15795.0 MiB,6149.0 MiB,1861.1 MiB,7784.9 MiB,4096.0 MiB,4092.2 MiB,3.8 MiB,13123.8 MiB,
g++-11,2023-05-29,nbody_50000000,nbody_2.c 50000000,71,1691069362,479568,nbody_2_g++-11,1:23.92,6656000,1957888,1781760,100.0,0.0,1,3,1:23,0,12288,569344,0,192,0,1957888,294,2,278,14,0,13.2,0.0,0.0,86.8,0.0,0.0,0.0,0.0,15795.0 MiB,6149.0 MiB,1861.1 MiB,7784.9 MiB,4096.0 MiB,4092.2 MiB,3.8 MiB,13123.8 MiB,
g++-11,2023-05-29,nbody_50000000,nbody_2.c 50000000,72,1691069363,479568,nbody_2_g++-11,1:25.10,6656000,1957888,1781760,93.8,0.0,1,3,1:25,0,12288,569344,0,192,0,1957888,294,2,278,14,0,13.1,0.8,0.0,86.2,0.0,0.0,0.0,0.0,15795.0 MiB,6149.0 MiB,1861.1 MiB,7784.9 MiB,4096.0 MiB,4092.2 MiB,3.8 MiB,13123.8 MiB,
g++-11,2023-05-29,nbody_50000000,nbody_2.c 50000000,73,1691069365,479568,nbody_2_g++-11,1:26.28,6656000,1957888,1781760,93.8,0.0,1,3,1:26,0,12288,569344,0,192,0,1957888,294,2,278,14,0,13.1,0.8,0.0,86.2,0.0,0.0,0.0,0.0,15795.0 MiB,6148.5 MiB,1861.5 MiB,7784.9 MiB,4096.0 MiB,4092.2 MiB,3.8 MiB,13123.4 MiB,
g++-11,2023-05-29,nbody_50000000,nbody_2.c 50000000,74,1691069366,479568,nbody_2_g++-11,1:27.46,6656000,1957888,1781760,93.8,0.0,1,3,1:27,0,12288,569344,0,192,0,1957888,294,2,278,14,0,13.1,0.8,0.0,86.2,0.0,0.0,0.0,0.0,15795.0 MiB,6148.8 MiB,1861.3 MiB,7784.9 MiB,4096.0 MiB,4092.2 MiB,3.8 MiB,13123.6 MiB,
g++-11,2023-05-29,nbody_50000000,nbody_2.c 50000000,75,1691069367,479568,nbody_2_g++-11,1:28.65,6656000,1957888,1781760,88.2,0.0,1,3,1:28,0,12288,569344,0,192,0,1957888,295,2,279,14,0,13.9,1.5,0.0,84.7,0.0,0.0,0.0,0.0,15795.0 MiB,6148.8 MiB,1861.3 MiB,7784.9 MiB,4096.0 MiB,4092.2 MiB,3.8 MiB,13123.6 MiB,
g++-11,2023-05-29,nbody_50000000,nbody_2.c 50000000,76,1691069368,479568,nbody_2_g++-11,1:29.83,6656000,1957888,1781760,93.8,0.0,1,3,1:29,0,12288,569344,0,192,0,1957888,295,2,279,14,0,13.1,0.8,0.0,86.2,0.0,0.0,0.0,0.0,15795.0 MiB,6148.8 MiB,1861.3 MiB,7784.9 MiB,4096.0 MiB,4092.2 MiB,3.8 MiB,13123.6 MiB,
g++-12,2023-05-08,nbody_50000000,nbody_2.c 50000000,0,1691069490,480131,nbody_2_g++-12,0:00.18,6656000,1978368,1798144,94.1,0.0,1,6,0:00,0,12288,569344,0,194,0,1978368,295,2,279,14,0,14.4,2.2,0.0,83.5,0.0,0.0,0.0,0.0,15795.0 MiB,6149.4 MiB,1852.3 MiB,7793.3 MiB,4096.0 MiB,4092.2 MiB,3.8 MiB,13124.6 MiB,
g++-12,2023-05-08,nbody_50000000,nbody_2.c 50000000,1,1691069491,480131,nbody_2_g++-12,0:01.36,6656000,1978368,1798144,100.0,0.0,1,6,0:01,0,12288,569344,0,194,0,1978368,295,2,279,14,0,13.0,0.8,0.0,86.3,0.0,0.0,0.0,0.0,15795.0 MiB,6149.6 MiB,1851.9 MiB,7793.4 MiB,4096.0 MiB,4092.2 MiB,3.8 MiB,13124.9 MiB,
g++-12,2023-05-08,nbody_50000000,nbody_2.c 50000000,2,1691069492,480131,nbody_2_g++-12,0:02.54,6656000,1978368,1798144,100.0,0.0,1,6,0:02,0,12288,569344,0,194,0,1978368,295,2,279,14,0,12.4,0.8,0.0,86.8,0.0,0.0,0.0,0.0,15795.0 MiB,6152.1 MiB,1857.4 MiB,7785.4 MiB,4096.0 MiB,4092.2 MiB,3.8 MiB,13127.4 MiB,
g++-12,2023-05-08,nbody_50000000,nbody_2.c 50000000,3,1691069493,480131,nbody_2_g++-12,0:03.72,6656000,1978368,1798144,100.0,0.0,1,6,0:03,0,12288,569344,0,194,0,1978368,295,2,279,14,0,13.1,0.8,0.0,86.2,0.0,0.0,0.0,0.0,15795.0 MiB,6152.9 MiB,1856.7 MiB,7785.4 MiB,4096.0 MiB,4092.2 MiB,3.8 MiB,13128.1 MiB,
g++-12,2023-05-08,nbody_50000000,nbody_2.c 50000000,4,1691069495,480131,nbody_2_g++-12,0:04.90,6656000,1978368,1798144,100.0,0.0,1,6,0:04,0,12288,569344,0,194,0,1978368,295,2,279,14,0,12.3,1.5,0.0,86.2,0.0,0.0,0.0,0.0,15795.0 MiB,6152.6 MiB,1856.9 MiB,7785.4 MiB,4096.0 MiB,4092.2 MiB,3.8 MiB,13127.9 MiB,
g++-12,2023-05-08,nbody_50000000,nbody_2.c 50000000,5,1691069496,480131,nbody_2_g++-12,0:06.08,6656000,1978368,1798144,100.0,0.0,1,6,0:06,0,12288,569344,0,194,0,1978368,295,2,279,14,0,13.1,0.8,0.0,86.2,0.0,0.0,0.0,0.0,15795.0 MiB,6151.9 MiB,1857.7 MiB,7785.4 MiB,4096.0 MiB,4092.2 MiB,3.8 MiB,13127.1 MiB,
g++-12,2023-05-08,nbody_50000000,nbody_2.c 50000000,6,1691069497,480131,nbody_2_g++-12,0:07.25,6656000,1978368,1798144,93.8,0.0,1,6,0:07,0,12288,569344,0,194,0,1978368,295,2,279,14,0,12.4,0.8,0.0,86.8,0.0,0.0,0.0,0.0,15795.0 MiB,6152.1 MiB,1857.4 MiB,7785.4 MiB,4096.0 MiB,4092.2 MiB,3.8 MiB,13127.4 MiB,
g++-12,2023-05-08,nbody_50000000,nbody_2.c 50000000,7,1691069498,480131,nbody_2_g++-12,0:08.43,6656000,1978368,1798144,93.8,0.0,1,6,0:08,0,12288,569344,0,194,0,1978368,295,2,279,14,0,12.4,0.8,0.0,86.8,0.0,0.0,0.0,0.0,15795.0 MiB,6151.9 MiB,1857.6 MiB,7785.4 MiB,4096.0 MiB,4092.2 MiB,3.8 MiB,13127.2 MiB,
g++-12,2023-05-08,nbody_50000000,nbody_2.c 50000000,8,1691069499,480131,nbody_2_g++-12,0:09.61,6656000,1978368,1798144,93.8,0.0,1,6,0:09,0,12288,569344,0,194,0,1978368,295,2,279,14,0,12.5,0.0,0.0,87.5,0.0,0.0,0.0,0.0,15795.0 MiB,6151.9 MiB,1857.6 MiB,7785.4 MiB,4096.0 MiB,4092.2 MiB,3.8 MiB,13127.2 MiB,
g++-12,2023-05-08,nbody_50000000,nbody_2.c 50000000,9,1691069500,480131,nbody_2_g++-12,0:10.79,6656000,1978368,1798144,93.8,0.0,1,6,0:10,0,12288,569344,0,194,0,1978368,295,2,279,14,0,13.7,0.8,0.0,85.5,0.0,0.0,0.0,0.0,15795.0 MiB,6151.9 MiB,1857.6 MiB,7785.4 MiB,4096.0 MiB,4092.2 MiB,3.8 MiB,13127.2 MiB,
g++-12,2023-05-08,nbody_50000000,nbody_2.c 50000000,10,1691069502,480131,nbody_2_g++-12,0:11.98,6656000,1978368,1798144,100.0,0.0,1,6,0:11,0,12288,569344,0,194,0,1978368,295,2,279,14,0,13.3,0.7,0.0,85.9,0.0,0.0,0.0,0.0,15795.0 MiB,6150.7 MiB,1858.9 MiB,7785.4 MiB,4096.0 MiB,4092.2 MiB,3.8 MiB,13125.9 MiB,
g++-12,2023-05-08,nbody_50000000,nbody_2.c 50000000,11,1691069503,480131,nbody_2_g++-12,0:13.16,6656000,1978368,1798144,94.1,0.0,1,6,0:13,0,12288,569344,0,194,0,1978368,295,2,279,14,0,15.4,0.7,0.0,83.8,0.0,0.0,0.0,0.0,15795.0 MiB,6150.9 MiB,1858.6 MiB,7785.4 MiB,4096.0 MiB,4092.2 MiB,3.8 MiB,13126.2 MiB,
g++-12,2023-05-08,nbody_50000000,nbody_2.c 50000000,12,1691069504,480131,nbody_2_g++-12,0:14.33,6656000,1978368,1798144,93.8,0.0,1,6,0:14,0,12288,569344,0,194,0,1978368,295,2,279,14,0,12.9,1.5,0.0,85.6,0.0,0.0,0.0,0.0,15795.0 MiB,6150.9 MiB,1858.6 MiB,7785.4 MiB,4096.0 MiB,4092.2 MiB,3.8 MiB,13126.2 MiB,
g++-12,2023-05-08,nbody_50000000,nbody_2.c 50000000,13,1691069505,480131,nbody_2_g++-12,0:15.51,6656000,1978368,1798144,93.8,0.0,1,6,0:15,0,12288,569344,0,194,0,1978368,295,2,279,14,0,13.1,0.8,0.0,86.2,0.0,0.0,0.0,0.0,15795.0 MiB,6150.4 MiB,1859.1 MiB,7785.4 MiB,4096.0 MiB,4092.2 MiB,3.8 MiB,13125.7 MiB,
g++-12,2023-05-08,nbody_50000000,nbody_2.c 50000000,14,1691069506,480131,nbody_2_g++-12,0:16.69,6656000,1978368,1798144,93.8,0.0,1,2,0:16,0,12288,569344,0,194,0,1978368,295,2,279,14,0,13.1,0.8,0.0,86.2,0.0,0.0,0.0,0.0,15795.0 MiB,6150.4 MiB,1859.1 MiB,7785.4 MiB,4096.0 MiB,4092.2 MiB,3.8 MiB,13125.7 MiB,
g++-12,2023-05-08,nbody_50000000,nbody_2.c 50000000,15,1691069508,480131,nbody_2_g++-12,0:17.87,6656000,1978368,1798144,100.0,0.0,1,2,0:17,0,12288,569344,0,194,0,1978368,295,2,279,14,0,12.5,0.0,0.0,87.5,0.0,0.0,0.0,0.0,15795.0 MiB,6149.7 MiB,1859.8 MiB,7785.4 MiB,4096.0 MiB,4092.2 MiB,3.8 MiB,13125.0 MiB,
g++-12,2023-05-08,nbody_50000000,nbody_2.c 50000000,16,1691069509,480131,nbody_2_g++-12,0:19.05,6656000,1978368,1798144,100.0,0.0,1,2,0:19,0,12288,569344,0,194,0,1978368,295,2,279,14,0,13.8,0.8,0.0,85.4,0.0,0.0,0.0,0.0,15795.0 MiB,6150.0 MiB,1859.6 MiB,7785.4 MiB,4096.0 MiB,4092.2 MiB,3.8 MiB,13125.2 MiB,
g++-12,2023-05-08,nbody_50000000,nbody_2.c 50000000,17,1691069510,480131,nbody_2_g++-12,0:20.23,6656000,1978368,1798144,100.0,0.0,1,6,0:20,0,12288,569344,0,194,0,1978368,295,2,279,14,0,13.1,0.8,0.0,86.2,0.0,0.0,0.0,0.0,15795.0 MiB,6150.2 MiB,1859.3 MiB,7785.4 MiB,4096.0 MiB,4092.2 MiB,3.8 MiB,13125.5 MiB,
g++-12,2023-05-08,nbody_50000000,nbody_2.c 50000000,18,1691069511,480131,nbody_2_g++-12,0:21.41,6656000,1978368,1798144,100.0,0.0,1,6,0:21,0,12288,569344,0,194,0,1978368,295,2,279,14,0,13.6,0.8,0.0,85.6,0.0,0.0,0.0,0.0,15795.0 MiB,6149.7 MiB,1859.8 MiB,7785.5 MiB,4096.0 MiB,4092.2 MiB,3.8 MiB,13125.0 MiB,
g++-12,2023-05-08,nbody_50000000,nbody_2.c 50000000,19,1691069512,480131,nbody_2_g++-12,0:22.59,6656000,1978368,1798144,100.0,0.0,1,2,0:22,0,12288,569344,0,194,0,1978368,295,2,279,14,0,12.4,0.8,0.0,86.8,0.0,0.0,0.0,0.0,15795.0 MiB,6150.2 MiB,1859.3 MiB,7785.5 MiB,4096.0 MiB,4092.2 MiB,3.8 MiB,13125.5 MiB,
g++-12,2023-05-08,nbody_50000000,nbody_2.c 50000000,20,1691069513,480131,nbody_2_g++-12,0:23.77,6656000,1978368,1798144,100.0,0.0,1,2,0:23,0,12288,569344,0,194,0,1978368,295,2,279,14,0,12.3,0.8,0.0,86.9,0.0,0.0,0.0,0.0,15795.0 MiB,6150.2 MiB,1859.3 MiB,7785.5 MiB,4096.0 MiB,4092.2 MiB,3.8 MiB,13125.5 MiB,
g++-12,2023-05-08,nbody_50000000,nbody_2.c 50000000,21,1691069515,480131,nbody_2_g++-12,0:24.95,6656000,1978368,1798144,100.0,0.0,1,2,0:24,0,12288,569344,0,194,0,1978368,295,2,279,14,0,12.3,1.5,0.0,86.2,0.0,0.0,0.0,0.0,15795.0 MiB,6150.2 MiB,1859.2 MiB,7785.5 MiB,4096.0 MiB,4092.2 MiB,3.8 MiB,13125.5 MiB,
g++-12,2023-05-08,nbody_50000000,nbody_2.c 50000000,22,1691069516,480131,nbody_2_g++-12,0:26.13,6656000,1978368,1798144,100.0,0.0,1,2,0:26,0,12288,569344,0,194,0,1978368,295,2,279,14,0,12.3,1.5,0.0,86.2,0.0,0.0,0.0,0.0,15795.0 MiB,6150.4 MiB,1859.0 MiB,7785.5 MiB,4096.0 MiB,4092.2 MiB,3.8 MiB,13125.7 MiB,
g++-12,2023-05-08,nbody_50000000,nbody_2.c 50000000,23,1691069517,480131,nbody_2_g++-12,0:27.31,6656000,1978368,1798144,100.0,0.0,1,2,0:27,0,12288,569344,0,194,0,1978368,295,2,279,14,0,13.2,0.0,0.0,86.8,0.0,0.0,0.0,0.0,15795.0 MiB,6150.4 MiB,1859.0 MiB,7785.5 MiB,4096.0 MiB,4092.2 MiB,3.8 MiB,13125.7 MiB,
g++-12,2023-05-08,nbody_50000000,nbody_2.c 50000000,24,1691069518,480131,nbody_2_g++-12,0:28.49,6656000,1978368,1798144,100.0,0.0,1,2,0:28,0,12288,569344,0,194,0,1978368,295,2,279,14,0,13.1,0.8,0.0,86.2,0.0,0.0,0.0,0.0,15795.0 MiB,6150.2 MiB,1859.2 MiB,7785.5 MiB,4096.0 MiB,4092.2 MiB,3.8 MiB,13125.5 MiB,
g++-12,2023-05-08,nbody_50000000,nbody_2.c 50000000,25,1691069519,480131,nbody_2_g++-12,0:29.67,6656000,1978368,1798144,100.0,0.0,1,2,0:29,0,12288,569344,0,194,0,1978368,295,2,279,14,0,13.1,0.8,0.0,86.2,0.0,0.0,0.0,0.0,15795.0 MiB,6150.2 MiB,1859.2 MiB,7785.5 MiB,4096.0 MiB,4092.2 MiB,3.8 MiB,13125.5 MiB,
g++-12,2023-05-08,nbody_50000000,nbody_2.c 50000000,26,1691069520,480131,nbody_2_g++-12,0:30.84,6656000,1978368,1798144,100.0,0.0,1,2,0:30,0,12288,569344,0,194,0,1978368,295,2,279,14,0,12.4,0.8,0.0,86.8,0.0,0.0,0.0,0.0,15795.0 MiB,6149.5 MiB,1860.0 MiB,7785.5 MiB,4096.0 MiB,4092.2 MiB,3.8 MiB,13124.8 MiB,
g++-12,2023-05-08,nbody_50000000,nbody_2.c 50000000,27,1691069522,480131,nbody_2_g++-12,0:32.02,6656000,1978368,1798144,100.0,0.0,1,2,0:32,0,12288,569344,0,194,0,1978368,295,2,279,14,0,13.0,1.5,0.0,85.5,0.0,0.0,0.0,0.0,15795.0 MiB,6149.7 MiB,1859.8 MiB,7785.5 MiB,4096.0 MiB,4092.2 MiB,3.8 MiB,13125.0 MiB,
g++-12,2023-05-08,nbody_50000000,nbody_2.c 50000000,28,1691069523,480131,nbody_2_g++-12,0:33.20,6656000,1978368,1798144,100.0,0.0,1,6,0:33,0,12288,569344,0,194,0,1978368,295,2,279,14,0,13.0,0.8,0.0,85.5,0.0,0.0,0.8,0.0,15795.0 MiB,6149.0 MiB,1860.5 MiB,7785.5 MiB,4096.0 MiB,4092.2 MiB,3.8 MiB,13124.3 MiB,
g++-12,2023-05-08,nbody_50000000,nbody_2.c 50000000,29,1691069524,480131,nbody_2_g++-12,0:34.38,6656000,1978368,1798144,100.0,0.0,1,6,0:34,0,12288,569344,0,194,0,1978368,295,2,279,14,0,13.0,1.5,0.0,85.5,0.0,0.0,0.0,0.0,15795.0 MiB,6149.2 MiB,1860.3 MiB,7785.5 MiB,4096.0 MiB,4092.2 MiB,3.8 MiB,13124.5 MiB,
g++-12,2023-05-08,nbody_50000000,nbody_2.c 50000000,30,1691069525,480131,nbody_2_g++-12,0:35.56,6656000,1978368,1798144,100.0,0.0,1,6,0:35,0,12288,569344,0,194,0,1978368,295,2,279,14,0,13.0,1.5,0.0,85.5,0.0,0.0,0.0,0.0,15795.0 MiB,6149.2 MiB,1860.3 MiB,7785.5 MiB,4096.0 MiB,4092.2 MiB,3.8 MiB,13124.5 MiB,
g++-12,2023-05-08,nbody_50000000,nbody_2.c 50000000,31,1691069526,480131,nbody_2_g++-12,0:36.74,6656000,1978368,1798144,100.0,0.0,1,2,0:36,0,12288,569344,0,194,0,1978368,295,2,279,14,0,12.5,0.0,0.0,87.5,0.0,0.0,0.0,0.0,15795.0 MiB,6149.2 MiB,1860.3 MiB,7785.5 MiB,4096.0 MiB,4092.2 MiB,3.8 MiB,13124.5 MiB,
g++-12,2023-05-08,nbody_50000000,nbody_2.c 50000000,32,1691069528,480131,nbody_2_g++-12,0:37.92,6656000,1978368,1798144,100.0,0.0,1,2,0:37,0,12288,569344,0,194,0,1978368,295,2,279,14,0,13.8,0.0,0.0,86.2,0.0,0.0,0.0,0.0,15795.0 MiB,6149.2 MiB,1860.3 MiB,7785.5 MiB,4096.0 MiB,4092.2 MiB,3.8 MiB,13124.5 MiB,
g++-12,2023-05-08,nbody_50000000,nbody_2.c 50000000,33,1691069529,480131,nbody_2_g++-12,0:39.10,6656000,1978368,1798144,100.0,0.0,1,2,0:39,0,12288,569344,0,194,0,1978368,295,2,279,14,0,13.1,0.8,0.0,86.2,0.0,0.0,0.0,0.0,15795.0 MiB,6149.0 MiB,1860.5 MiB,7785.5 MiB,4096.0 MiB,4092.2 MiB,3.8 MiB,13124.3 MiB,
g++-12,2023-05-08,nbody_50000000,nbody_2.c 50000000,34,1691069530,480131,nbody_2_g++-12,0:40.28,6656000,1978368,1798144,100.0,0.0,1,6,0:40,0,12288,569344,0,194,0,1978368,295,2,279,14,0,12.4,1.6,0.0,86.0,0.0,0.0,0.0,0.0,15795.0 MiB,6148.7 MiB,1860.8 MiB,7785.5 MiB,4096.0 MiB,4092.2 MiB,3.8 MiB,13124.0 MiB,
g++-12,2023-05-08,nbody_50000000,nbody_2.c 50000000,35,1691069531,480131,nbody_2_g++-12,0:41.46,6656000,1978368,1798144,100.0,0.0,1,6,0:41,0,12288,569344,0,194,0,1978368,295,2,279,14,0,13.2,0.0,0.0,86.8,0.0,0.0,0.0,0.0,15795.0 MiB,6149.2 MiB,1860.3 MiB,7785.5 MiB,4096.0 MiB,4092.2 MiB,3.8 MiB,13124.5 MiB,
g++-12,2023-05-08,nbody_50000000,nbody_2.c 50000000,36,1691069532,480131,nbody_2_g++-12,0:42.63,6656000,1978368,1798144,93.8,0.0,1,6,0:42,0,12288,569344,0,194,0,1978368,295,2,279,14,0,12.4,0.0,0.0,87.6,0.0,0.0,0.0,0.0,15795.0 MiB,6149.2 MiB,1860.3 MiB,7785.5 MiB,4096.0 MiB,4092.2 MiB,3.8 MiB,13124.5 MiB,
g++-12,2023-05-08,nbody_50000000,nbody_2.c 50000000,37,1691069533,480131,nbody_2_g++-12,0:43.81,6656000,1978368,1798144,93.8,0.0,1,2,0:43,0,12288,569344,0,194,0,1978368,295,2,279,14,0,13.2,0.0,0.0,86.8,0.0,0.0,0.0,0.0,15795.0 MiB,6149.5 MiB,1860.0 MiB,7785.5 MiB,4096.0 MiB,4092.2 MiB,3.8 MiB,13124.8 MiB,
g++-12,2023-05-08,nbody_50000000,nbody_2.c 50000000,38,1691069535,480131,nbody_2_g++-12,0:44.99,6656000,1978368,1798144,93.8,0.0,1,2,0:44,0,12288,569344,0,194,0,1978368,295,2,279,14,0,13.7,0.8,0.0,85.5,0.0,0.0,0.0,0.0,15795.0 MiB,6149.7 MiB,1859.8 MiB,7785.5 MiB,4096.0 MiB,4092.2 MiB,3.8 MiB,13125.0 MiB,
g++-12,2023-05-08,nbody_50000000,nbody_2.c 50000000,39,1691069536,480131,nbody_2_g++-12,0:46.18,6656000,1978368,1798144,100.0,0.0,1,2,0:46,0,12288,569344,0,194,0,1978368,295,2,279,14,0,13.3,0.7,0.0,85.9,0.0,0.0,0.0,0.0,15795.0 MiB,6149.5 MiB,1860.0 MiB,7785.5 MiB,4096.0 MiB,4092.2 MiB,3.8 MiB,13124.8 MiB,
g++-12,2023-05-08,nbody_50000000,nbody_2.c 50000000,40,1691069537,480131,nbody_2_g++-12,0:47.36,6656000,1978368,1798144,100.0,0.0,1,2,0:47,0,12288,569344,0,194,0,1978368,295,2,279,14,0,12.6,0.0,0.0,87.4,0.0,0.0,0.0,0.0,15795.0 MiB,6149.2 MiB,1860.3 MiB,7785.5 MiB,4096.0 MiB,4092.2 MiB,3.8 MiB,13124.5 MiB,
g++-12,2023-05-08,nbody_50000000,nbody_2.c 50000000,41,1691069538,480131,nbody_2_g++-12,0:48.54,6656000,1978368,1798144,100.0,0.0,1,6,0:48,0,12288,569344,0,194,0,1978368,295,2,279,14,0,12.4,0.8,0.0,86.8,0.0,0.0,0.0,0.0,15795.0 MiB,6149.7 MiB,1859.8 MiB,7785.5 MiB,4096.0 MiB,4092.2 MiB,3.8 MiB,13125.0 MiB,
g++-12,2023-05-08,nbody_50000000,nbody_2.c 50000000,42,1691069539,480131,nbody_2_g++-12,0:49.72,6656000,1978368,1798144,100.0,0.0,1,6,0:49,0,12288,569344,0,194,0,1978368,295,2,279,14,0,12.3,0.8,0.0,86.9,0.0,0.0,0.0,0.0,15795.0 MiB,6149.7 MiB,1859.8 MiB,7785.5 MiB,4096.0 MiB,4092.2 MiB,3.8 MiB,13125.0 MiB,
g++-12,2023-05-08,nbody_50000000,nbody_2.c 50000000,43,1691069541,480131,nbody_2_g++-12,0:50.90,6656000,1978368,1798144,93.8,0.0,1,6,0:50,0,12288,569344,0,194,0,1978368,295,2,279,14,0,12.7,1.5,0.0,85.8,0.0,0.0,0.0,0.0,15795.0 MiB,6150.0 MiB,1859.5 MiB,7785.5 MiB,4096.0 MiB,4092.2 MiB,3.8 MiB,13125.3 MiB,
g++-12,2023-05-08,nbody_50000000,nbody_2.c 50000000,44,1691069542,480131,nbody_2_g++-12,0:52.08,6656000,1978368,1798144,93.8,0.0,1,6,0:52,0,12288,569344,0,194,0,1978368,296,2,280,14,0,13.5,1.5,0.0,85.0,0.0,0.0,0.0,0.0,15795.0 MiB,6149.7 MiB,1859.8 MiB,7785.5 MiB,4096.0 MiB,4092.2 MiB,3.8 MiB,13125.1 MiB,
g++-12,2023-05-08,nbody_50000000,nbody_2.c 50000000,45,1691069543,480131,nbody_2_g++-12,0:53.26,6656000,1978368,1798144,93.8,0.0,1,2,0:53,0,12288,569344,0,194,0,1978368,296,2,280,14,0,13.0,0.8,0.0,86.3,0.0,0.0,0.0,0.0,15795.0 MiB,6149.5 MiB,1860.0 MiB,7785.5 MiB,4096.0 MiB,4092.2 MiB,3.8 MiB,13124.8 MiB,
g++-12,2023-05-08,nbody_50000000,nbody_2.c 50000000,46,1691069544,480131,nbody_2_g++-12,0:54.44,6656000,1978368,1798144,93.8,0.0,1,2,0:54,0,12288,569344,0,194,0,1978368,296,2,280,14,0,13.7,0.8,0.0,85.5,0.0,0.0,0.0,0.0,15795.0 MiB,6149.5 MiB,1860.0 MiB,7785.5 MiB,4096.0 MiB,4092.2 MiB,3.8 MiB,13124.8 MiB,
g++-12,2023-05-08,nbody_50000000,nbody_2.c 50000000,47,1691069545,480131,nbody_2_g++-12,0:55.62,6656000,1978368,1798144,93.8,0.0,1,2,0:55,0,12288,569344,0,194,0,1978368,295,2,279,14,0,13.1,0.8,0.0,86.2,0.0,0.0,0.0,0.0,15795.0 MiB,6149.5 MiB,1860.0 MiB,7785.5 MiB,4096.0 MiB,4092.2 MiB,3.8 MiB,13124.8 MiB,
g++-12,2023-05-08,nbody_50000000,nbody_2.c 50000000,48,1691069546,480131,nbody_2_g++-12,0:56.80,6656000,1978368,1798144,100.0,0.0,1,2,0:56,0,12288,569344,0,194,0,1978368,295,2,279,14,0,12.3,0.8,0.0,86.9,0.0,0.0,0.0,0.0,15795.0 MiB,6149.7 MiB,1859.7 MiB,7785.5 MiB,4096.0 MiB,4092.2 MiB,3.8 MiB,13125.1 MiB,
g++-12,2023-05-08,nbody_50000000,nbody_2.c 50000000,49,1691069548,480131,nbody_2_g++-12,0:57.98,6656000,1978368,1798144,100.0,0.0,1,2,0:57,0,12288,569344,0,194,0,1978368,295,2,279,14,0,13.0,0.8,0.0,86.3,0.0,0.0,0.0,0.0,15795.0 MiB,6149.7 MiB,1859.7 MiB,7785.5 MiB,4096.0 MiB,4092.2 MiB,3.8 MiB,13125.1 MiB,
g++-12,2023-05-08,nbody_50000000,nbody_2.c 50000000,50,1691069549,480131,nbody_2_g++-12,0:59.16,6656000,1978368,1798144,100.0,0.0,1,2,0:59,0,12288,569344,0,194,0,1978368,295,2,279,14,0,13.7,0.8,0.0,85.5,0.0,0.0,0.0,0.0,15795.0 MiB,6149.5 MiB,1860.0 MiB,7785.5 MiB,4096.0 MiB,4092.2 MiB,3.8 MiB,13124.8 MiB,
g++-12,2023-05-08,nbody_50000000,nbody_2.c 50000000,51,1691069550,480131,nbody_2_g++-12,1:00.34,6656000,1978368,1798144,100.0,0.0,1,6,1:00,0,12288,569344,0,194,0,1978368,295,2,279,14,0,13.1,0.8,0.0,86.2,0.0,0.0,0.0,0.0,15795.0 MiB,6149.5 MiB,1860.0 MiB,7785.5 MiB,4096.0 MiB,4092.2 MiB,3.8 MiB,13124.8 MiB,
g++-12,2023-05-08,nbody_50000000,nbody_2.c 50000000,52,1691069551,480131,nbody_2_g++-12,1:01.52,6656000,1978368,1798144,100.0,0.0,1,6,1:01,0,12288,569344,0,194,0,1978368,295,2,279,14,0,12.5,0.8,0.0,86.7,0.0,0.0,0.0,0.0,15795.0 MiB,6149.7 MiB,1859.7 MiB,7785.5 MiB,4096.0 MiB,4092.2 MiB,3.8 MiB,13125.1 MiB,
g++-12,2023-05-08,nbody_50000000,nbody_2.c 50000000,53,1691069552,480131,nbody_2_g++-12,1:02.69,6656000,1978368,1798144,100.0,0.0,1,2,1:02,0,12288,569344,0,194,0,1978368,295,2,279,14,0,13.1,0.8,0.0,86.2,0.0,0.0,0.0,0.0,15795.0 MiB,6149.7 MiB,1859.7 MiB,7785.5 MiB,4096.0 MiB,4092.2 MiB,3.8 MiB,13125.1 MiB,
g++-12,2023-05-08,nbody_50000000,nbody_2.c 50000000,54,1691069554,480131,nbody_2_g++-12,1:03.87,6656000,1978368,1798144,100.0,0.0,1,2,1:03,0,12288,569344,0,194,0,1978368,295,2,279,14,0,12.4,0.8,0.0,86.8,0.0,0.0,0.0,0.0,15795.0 MiB,6150.0 MiB,1859.5 MiB,7785.5 MiB,4096.0 MiB,4092.2 MiB,3.8 MiB,13125.3 MiB,
g++-12,2023-05-08,nbody_50000000,nbody_2.c 50000000,55,1691069555,480131,nbody_2_g++-12,1:05.06,6656000,1978368,1798144,100.0,0.0,1,6,1:05,0,12288,569344,0,194,0,1978368,295,2,279,14,0,12.6,0.7,0.0,86.7,0.0,0.0,0.0,0.0,15795.0 MiB,6150.2 MiB,1859.2 MiB,7785.5 MiB,4096.0 MiB,4092.2 MiB,3.8 MiB,13125.6 MiB,
g++-12,2023-05-08,nbody_50000000,nbody_2.c 50000000,56,1691069556,480131,nbody_2_g++-12,1:06.24,6656000,1978368,1798144,100.0,0.0,1,6,1:06,0,12288,569344,0,194,0,1978368,295,2,279,14,0,13.1,0.8,0.0,86.2,0.0,0.0,0.0,0.0,15795.0 MiB,6150.2 MiB,1859.2 MiB,7785.5 MiB,4096.0 MiB,4092.2 MiB,3.8 MiB,13125.6 MiB,
g++-12,2023-05-08,nbody_50000000,nbody_2.c 50000000,57,1691069557,480131,nbody_2_g++-12,1:07.42,6656000,1978368,1798144,93.8,0.0,1,6,1:07,0,12288,569344,0,194,0,1978368,295,2,279,14,0,13.8,0.0,0.0,86.2,0.0,0.0,0.0,0.0,15795.0 MiB,6150.2 MiB,1859.2 MiB,7785.5 MiB,4096.0 MiB,4092.2 MiB,3.8 MiB,13125.6 MiB,
g++-12,2023-05-08,nbody_50000000,nbody_2.c 50000000,58,1691069558,480131,nbody_2_g++-12,1:08.60,6656000,1978368,1798144,93.8,0.0,1,2,1:08,0,12288,569344,0,194,0,1978368,295,2,279,14,0,12.3,1.5,0.0,86.2,0.0,0.0,0.0,0.0,15795.0 MiB,6150.2 MiB,1859.2 MiB,7785.5 MiB,4096.0 MiB,4092.2 MiB,3.8 MiB,13125.6 MiB,
g++-12,2023-05-08,nbody_50000000,nbody_2.c 50000000,59,1691069559,480131,nbody_2_g++-12,1:09.78,6656000,1978368,1798144,93.8,0.0,1,2,1:09,0,12288,569344,0,194,0,1978368,295,2,279,14,0,13.0,0.8,0.0,86.3,0.0,0.0,0.0,0.0,15795.0 MiB,6150.0 MiB,1859.5 MiB,7785.5 MiB,4096.0 MiB,4092.2 MiB,3.8 MiB,13125.3 MiB,
g++-12,2023-05-08,nbody_50000000,nbody_2.c 50000000,60,1691069561,480131,nbody_2_g++-12,1:10.96,6656000,1978368,1798144,93.8,0.0,1,2,1:10,0,12288,569344,0,194,0,1978368,296,2,280,14,0,12.4,0.8,0.0,86.8,0.0,0.0,0.0,0.0,15795.0 MiB,6149.5 MiB,1859.9 MiB,7785.6 MiB,4096.0 MiB,4092.2 MiB,3.8 MiB,13124.9 MiB,
g++-12,2023-05-08,nbody_50000000,nbody_2.c 50000000,61,1691069562,480131,nbody_2_g++-12,1:12.14,6656000,1978368,1798144,93.8,0.0,1,2,1:12,0,12288,569344,0,194,0,1978368,296,2,280,14,0,13.0,0.8,0.0,86.3,0.0,0.0,0.0,0.0,15795.0 MiB,6149.0 MiB,1860.4 MiB,7785.6 MiB,4096.0 MiB,4092.2 MiB,3.8 MiB,13124.4 MiB,
g++-12,2023-05-08,nbody_50000000,nbody_2.c 50000000,62,1691069563,480131,nbody_2_g++-12,1:13.32,6656000,1978368,1798144,93.8,0.0,1,2,1:13,0,12288,569344,0,194,0,1978368,296,2,280,14,0,13.1,0.8,0.0,86.2,0.0,0.0,0.0,0.0,15795.0 MiB,6148.5 MiB,1860.9 MiB,7785.6 MiB,4096.0 MiB,4092.2 MiB,3.8 MiB,13123.9 MiB,
g++-12,2023-05-08,nbody_50000000,nbody_2.c 50000000,63,1691069564,480131,nbody_2_g++-12,1:14.50,6656000,1978368,1798144,100.0,0.0,1,2,1:14,0,12288,569344,0,194,0,1978368,295,2,279,14,0,12.4,0.8,0.0,86.8,0.0,0.0,0.0,0.0,15795.0 MiB,6148.7 MiB,1860.7 MiB,7785.6 MiB,4096.0 MiB,4092.2 MiB,3.8 MiB,13124.1 MiB,
g++-12,2023-05-08,nbody_50000000,nbody_2.c 50000000,64,1691069565,480131,nbody_2_g++-12,1:15.68,6656000,1978368,1798144,100.0,0.0,1,2,1:15,0,12288,569344,0,194,0,1978368,295,2,279,14,0,14.3,1.5,0.0,84.2,0.0,0.0,0.0,0.0,15795.0 MiB,6148.7 MiB,1860.7 MiB,7785.6 MiB,4096.0 MiB,4092.2 MiB,3.8 MiB,13124.1 MiB,
g++-12,2023-05-08,nbody_50000000,nbody_2.c 50000000,65,1691069566,480131,nbody_2_g++-12,1:16.86,6656000,1978368,1798144,100.0,0.0,1,2,1:16,0,12288,569344,0,194,0,1978368,296,2,280,14,0,13.8,0.0,0.0,86.2,0.0,0.0,0.0,0.0,15795.0 MiB,6149.0 MiB,1860.4 MiB,7785.6 MiB,4096.0 MiB,4092.2 MiB,3.8 MiB,13124.4 MiB,
g++-12,2023-05-08,nbody_50000000,nbody_2.c 50000000,66,1691069568,480131,nbody_2_g++-12,1:18.04,6656000,1978368,1798144,100.0,0.0,1,6,1:18,0,12288,569344,0,194,0,1978368,296,2,280,14,0,12.4,0.8,0.0,86.8,0.0,0.0,0.0,0.0,15795.0 MiB,6149.2 MiB,1860.2 MiB,7785.6 MiB,4096.0 MiB,4092.2 MiB,3.8 MiB,13124.6 MiB,
g++-12,2023-05-08,nbody_50000000,nbody_2.c 50000000,67,1691069569,480131,nbody_2_g++-12,1:19.22,6656000,1978368,1798144,100.0,0.0,1,6,1:19,0,12288,569344,0,194,0,1978368,296,2,280,14,0,13.1,0.8,0.0,86.2,0.0,0.0,0.0,0.0,15795.0 MiB,6149.2 MiB,1860.2 MiB,7785.6 MiB,4096.0 MiB,4092.2 MiB,3.8 MiB,13124.6 MiB,
g++-12,2023-05-08,nbody_50000000,nbody_2.c 50000000,68,1691069570,480131,nbody_2_g++-12,1:20.40,6656000,1978368,1798144,100.0,0.0,1,6,1:20,0,12288,569344,0,194,0,1978368,295,2,279,14,0,13.0,1.5,0.0,85.5,0.0,0.0,0.0,0.0,15795.0 MiB,6149.7 MiB,1859.7 MiB,7785.6 MiB,4096.0 MiB,4092.2 MiB,3.8 MiB,13125.1 MiB,
g++-12,2023-05-08,nbody_50000000,nbody_2.c 50000000,69,1691069571,480131,nbody_2_g++-12,1:21.59,6656000,1978368,1798144,100.0,0.0,1,6,1:21,0,12288,569344,0,194,0,1978368,295,2,279,14,0,13.4,0.7,0.0,85.8,0.0,0.0,0.0,0.0,15795.0 MiB,6149.7 MiB,1859.6 MiB,7785.6 MiB,4096.0 MiB,4092.2 MiB,3.8 MiB,13125.2 MiB,
g++-12,2023-05-08,nbody_50000000,nbody_2.c 50000000,70,1691069572,480131,nbody_2_g++-12,1:22.77,6656000,1978368,1798144,100.0,0.0,1,6,1:22,0,12288,569344,0,194,0,1978368,295,2,279,14,0,13.7,0.8,0.0,85.5,0.0,0.0,0.0,0.0,15795.0 MiB,6150.2 MiB,1859.1 MiB,7785.6 MiB,4096.0 MiB,4092.2 MiB,3.8 MiB,13125.7 MiB,
g++-12,2023-05-08,nbody_50000000,nbody_2.c 50000000,71,1691069574,480131,nbody_2_g++-12,1:23.95,6656000,1978368,1798144,100.0,0.0,1,2,1:23,0,12288,569344,0,194,0,1978368,295,2,279,14,0,13.0,1.5,0.0,85.5,0.0,0.0,0.0,0.0,15795.0 MiB,6150.0 MiB,1859.4 MiB,7785.6 MiB,4096.0 MiB,4092.2 MiB,3.8 MiB,13125.4 MiB,
g++-12,2023-05-08,nbody_50000000,nbody_2.c 50000000,72,1691069575,480131,nbody_2_g++-12,1:25.13,6656000,1978368,1798144,100.0,0.0,1,2,1:25,0,12288,569344,0,194,0,1978368,295,2,279,14,0,13.0,0.8,0.0,86.3,0.0,0.0,0.0,0.0,15795.0 MiB,6149.7 MiB,1859.6 MiB,7785.6 MiB,4096.0 MiB,4092.2 MiB,3.8 MiB,13125.2 MiB,
g++-12,2023-05-08,nbody_50000000,nbody_2.c 50000000,73,1691069576,480131,nbody_2_g++-12,1:26.30,6656000,1978368,1798144,100.0,0.0,1,2,1:26,0,12288,569344,0,194,0,1978368,295,2,279,14,0,12.5,0.0,0.0,87.5,0.0,0.0,0.0,0.0,15795.0 MiB,6149.7 MiB,1859.6 MiB,7785.6 MiB,4096.0 MiB,4092.2 MiB,3.8 MiB,13125.2 MiB,
g++-12,2023-05-08,nbody_50000000,nbody_2.c 50000000,74,1691069577,480131,nbody_2_g++-12,1:27.48,6656000,1978368,1798144,93.8,0.0,1,2,1:27,0,12288,569344,0,194,0,1978368,295,2,279,14,0,12.4,0.8,0.0,86.8,0.0,0.0,0.0,0.0,15795.0 MiB,6149.2 MiB,1860.1 MiB,7785.6 MiB,4096.0 MiB,4092.2 MiB,3.8 MiB,13124.7 MiB,
g++-12,2023-05-08,nbody_50000000,nbody_2.c 50000000,75,1691069578,480131,nbody_2_g++-12,1:28.66,6656000,1978368,1798144,93.8,0.0,1,2,1:28,0,12288,569344,0,194,0,1978368,295,2,279,14,0,13.1,0.8,0.0,86.2,0.0,0.0,0.0,0.0,15795.0 MiB,6149.5 MiB,1859.8 MiB,7785.7 MiB,4096.0 MiB,4092.2 MiB,3.8 MiB,13125.0 MiB,
g++-12,2023-05-08,nbody_50000000,nbody_2.c 50000000,76,1691069579,480131,nbody_2_g++-12,1:29.84,6656000,1978368,1798144,93.8,0.0,1,6,1:29,0,12288,569344,0,194,0,1978368,295,2,279,14,0,13.1,0.8,0.0,86.2,0.0,0.0,0.0,0.0,15795.0 MiB,6149.5 MiB,1859.8 MiB,7785.7 MiB,4096.0 MiB,4092.2 MiB,3.8 MiB,13125.0 MiB,
g++-13,2023-04-26,nbody_50000000,nbody_2.c 50000000,0,1691069701,480687,nbody_2_g++-13,0:00.16,6651904,1994752,1814528,93.8,0.0,1,0,0:00,0,12288,569344,0,196,0,1994752,296,2,280,14,0,14.0,2.3,0.0,83.7,0.0,0.0,0.0,0.0,15795.0 MiB,6150.0 MiB,1851.1 MiB,7793.9 MiB,4096.0 MiB,4092.2 MiB,3.8 MiB,13125.8 MiB,
g++-13,2023-04-26,nbody_50000000,nbody_2.c 50000000,1,1691069702,480687,nbody_2_g++-13,0:01.34,6651904,1994752,1814528,93.8,0.0,1,0,0:01,0,12288,569344,0,196,0,1994752,296,2,280,14,0,13.1,1.5,0.0,85.4,0.0,0.0,0.0,0.0,15795.0 MiB,6158.1 MiB,1850.7 MiB,7786.2 MiB,4096.0 MiB,4092.2 MiB,3.8 MiB,13134.0 MiB,
g++-13,2023-04-26,nbody_50000000,nbody_2.c 50000000,2,1691069704,480687,nbody_2_g++-13,0:02.52,6651904,1994752,1814528,100.0,0.0,1,0,0:02,0,12288,569344,0,196,0,1994752,296,2,280,14,0,12.3,0.8,0.0,86.9,0.0,0.0,0.0,0.0,15795.0 MiB,6157.9 MiB,1851.0 MiB,7786.1 MiB,4096.0 MiB,4092.2 MiB,3.8 MiB,13133.8 MiB,
g++-13,2023-04-26,nbody_50000000,nbody_2.c 50000000,3,1691069705,480687,nbody_2_g++-13,0:03.70,6651904,1994752,1814528,100.0,0.0,1,0,0:03,0,12288,569344,0,196,0,1994752,296,2,280,14,0,12.4,0.8,0.0,86.8,0.0,0.0,0.0,0.0,15795.0 MiB,6157.9 MiB,1851.0 MiB,7786.1 MiB,4096.0 MiB,4092.2 MiB,3.8 MiB,13133.8 MiB,
g++-13,2023-04-26,nbody_50000000,nbody_2.c 50000000,4,1691069706,480687,nbody_2_g++-13,0:04.88,6651904,1994752,1814528,100.0,0.0,1,0,0:04,0,12288,569344,0,196,0,1994752,296,2,280,14,0,13.0,1.5,0.0,85.5,0.0,0.0,0.0,0.0,15795.0 MiB,6157.6 MiB,1851.3 MiB,7786.1 MiB,4096.0 MiB,4092.2 MiB,3.8 MiB,13133.5 MiB,
g++-13,2023-04-26,nbody_50000000,nbody_2.c 50000000,5,1691069707,480687,nbody_2_g++-13,0:06.06,6651904,1994752,1814528,100.0,0.0,1,0,0:06,0,12288,569344,0,196,0,1994752,296,2,280,14,0,13.8,0.0,0.0,86.2,0.0,0.0,0.0,0.0,15795.0 MiB,6157.4 MiB,1851.5 MiB,7786.1 MiB,4096.0 MiB,4092.2 MiB,3.8 MiB,13133.3 MiB,
g++-13,2023-04-26,nbody_50000000,nbody_2.c 50000000,6,1691069708,480687,nbody_2_g++-13,0:07.24,6651904,1994752,1814528,100.0,0.0,1,0,0:07,0,12288,569344,0,196,0,1994752,296,2,280,14,0,13.1,0.8,0.0,86.2,0.0,0.0,0.0,0.0,15795.0 MiB,6157.1 MiB,1851.7 MiB,7786.1 MiB,4096.0 MiB,4092.2 MiB,3.8 MiB,13133.1 MiB,
g++-13,2023-04-26,nbody_50000000,nbody_2.c 50000000,7,1691069709,480687,nbody_2_g++-13,0:08.41,6651904,1994752,1814528,100.0,0.0,1,4,0:08,0,12288,569344,0,196,0,1994752,296,2,280,14,0,13.2,0.8,0.0,86.0,0.0,0.0,0.0,0.0,15795.0 MiB,6157.1 MiB,1851.7 MiB,7786.1 MiB,4096.0 MiB,4092.2 MiB,3.8 MiB,13133.1 MiB,
g++-13,2023-04-26,nbody_50000000,nbody_2.c 50000000,8,1691069711,480687,nbody_2_g++-13,0:09.59,6651904,1994752,1814528,100.0,0.0,1,4,0:09,0,12288,569344,0,196,0,1994752,296,2,280,14,0,12.4,0.8,0.0,86.8,0.0,0.0,0.0,0.0,15795.0 MiB,6157.1 MiB,1851.7 MiB,7786.1 MiB,4096.0 MiB,4092.2 MiB,3.8 MiB,13133.1 MiB,
g++-13,2023-04-26,nbody_50000000,nbody_2.c 50000000,9,1691069712,480687,nbody_2_g++-13,0:10.77,6651904,1994752,1814528,100.0,0.0,1,0,0:10,0,12288,569344,0,196,0,1994752,296,2,280,14,0,12.4,0.8,0.0,86.8,0.0,0.0,0.0,0.0,15795.0 MiB,6157.1 MiB,1851.7 MiB,7786.1 MiB,4096.0 MiB,4092.2 MiB,3.8 MiB,13133.1 MiB,
g++-13,2023-04-26,nbody_50000000,nbody_2.c 50000000,10,1691069713,480687,nbody_2_g++-13,0:11.95,6651904,1994752,1814528,100.0,0.0,1,0,0:11,0,12288,569344,0,196,0,1994752,296,2,280,14,0,13.1,0.8,0.0,86.2,0.0,0.0,0.0,0.0,15795.0 MiB,6156.9 MiB,1852.0 MiB,7786.1 MiB,4096.0 MiB,4092.2 MiB,3.8 MiB,13132.8 MiB,
g++-13,2023-04-26,nbody_50000000,nbody_2.c 50000000,11,1691069714,480687,nbody_2_g++-13,0:13.13,6651904,1994752,1814528,100.0,0.0,1,0,0:13,0,12288,569344,0,196,0,1994752,296,2,280,14,0,13.1,0.8,0.0,86.2,0.0,0.0,0.0,0.0,15795.0 MiB,6156.9 MiB,1852.0 MiB,7786.1 MiB,4096.0 MiB,4092.2 MiB,3.8 MiB,13132.8 MiB,
g++-13,2023-04-26,nbody_50000000,nbody_2.c 50000000,12,1691069715,480687,nbody_2_g++-13,0:14.31,6651904,1994752,1814528,100.0,0.0,1,0,0:14,0,12288,569344,0,196,0,1994752,296,2,280,14,0,12.4,0.8,0.0,86.8,0.0,0.0,0.0,0.0,15795.0 MiB,6156.9 MiB,1852.0 MiB,7786.1 MiB,4096.0 MiB,4092.2 MiB,3.8 MiB,13132.8 MiB,
g++-13,2023-04-26,nbody_50000000,nbody_2.c 50000000,13,1691069716,480687,nbody_2_g++-13,0:15.49,6651904,1994752,1814528,100.0,0.0,1,0,0:15,0,12288,569344,0,196,0,1994752,296,2,280,14,0,12.4,0.8,0.0,86.0,0.8,0.0,0.0,0.0,15795.0 MiB,6156.2 MiB,1852.7 MiB,7786.1 MiB,4096.0 MiB,4092.2 MiB,3.8 MiB,13132.1 MiB,
g++-13,2023-04-26,nbody_50000000,nbody_2.c 50000000,14,1691069718,480687,nbody_2_g++-13,0:16.67,6651904,1994752,1814528,100.0,0.0,1,0,0:16,0,12288,569344,0,196,0,1994752,296,2,280,14,0,13.1,0.8,0.0,86.2,0.0,0.0,0.0,0.0,15795.0 MiB,6156.2 MiB,1852.6 MiB,7786.2 MiB,4096.0 MiB,4092.2 MiB,3.8 MiB,13132.1 MiB,
g++-13,2023-04-26,nbody_50000000,nbody_2.c 50000000,15,1691069719,480687,nbody_2_g++-13,0:17.85,6651904,1994752,1814528,100.0,0.0,1,0,0:17,0,12288,569344,0,196,0,1994752,296,2,280,14,0,13.1,0.8,0.0,86.2,0.0,0.0,0.0,0.0,15795.0 MiB,6155.9 MiB,1852.8 MiB,7786.2 MiB,4096.0 MiB,4092.2 MiB,3.8 MiB,13131.9 MiB,
g++-13,2023-04-26,nbody_50000000,nbody_2.c 50000000,16,1691069720,480687,nbody_2_g++-13,0:19.02,6651904,1994752,1814528,93.8,0.0,1,4,0:19,0,12288,569344,0,196,0,1994752,296,2,280,14,0,12.5,0.0,0.0,87.5,0.0,0.0,0.0,0.0,15795.0 MiB,6156.4 MiB,1852.3 MiB,7786.2 MiB,4096.0 MiB,4092.2 MiB,3.8 MiB,13132.4 MiB,
g++-13,2023-04-26,nbody_50000000,nbody_2.c 50000000,17,1691069721,480687,nbody_2_g++-13,0:20.20,6651904,1994752,1814528,100.0,0.0,1,4,0:20,0,12288,569344,0,196,0,1994752,296,2,280,14,0,13.1,0.8,0.0,86.2,0.0,0.0,0.0,0.0,15795.0 MiB,6156.4 MiB,1852.3 MiB,7786.2 MiB,4096.0 MiB,4092.2 MiB,3.8 MiB,13132.4 MiB,
g++-13,2023-04-26,nbody_50000000,nbody_2.c 50000000,18,1691069722,480687,nbody_2_g++-13,0:21.38,6651904,1994752,1814528,100.0,0.0,1,4,0:21,0,12288,569344,0,196,0,1994752,296,2,280,14,0,13.1,0.8,0.0,86.2,0.0,0.0,0.0,0.0,15795.0 MiB,6156.4 MiB,1852.3 MiB,7786.2 MiB,4096.0 MiB,4092.2 MiB,3.8 MiB,13132.4 MiB,
g++-13,2023-04-26,nbody_50000000,nbody_2.c 50000000,19,1691069724,480687,nbody_2_g++-13,0:22.56,6651904,1994752,1814528,100.0,0.0,1,4,0:22,0,12288,569344,0,196,0,1994752,296,2,280,14,0,13.0,1.5,0.0,85.5,0.0,0.0,0.0,0.0,15795.0 MiB,6155.5 MiB,1853.3 MiB,7786.2 MiB,4096.0 MiB,4092.2 MiB,3.8 MiB,13131.4 MiB,
g++-13,2023-04-26,nbody_50000000,nbody_2.c 50000000,20,1691069725,480687,nbody_2_g++-13,0:23.74,6651904,1994752,1814528,100.0,0.0,1,0,0:23,0,12288,569344,0,196,0,1994752,295,2,279,14,0,12.4,0.8,0.0,86.8,0.0,0.0,0.0,0.0,15795.0 MiB,6155.5 MiB,1853.3 MiB,7786.2 MiB,4096.0 MiB,4092.2 MiB,3.8 MiB,13131.4 MiB,
g++-13,2023-04-26,nbody_50000000,nbody_2.c 50000000,21,1691069726,480687,nbody_2_g++-13,0:24.92,6651904,1994752,1814528,100.0,0.0,1,0,0:24,0,12288,569344,0,196,0,1994752,295,2,279,14,0,13.6,0.8,0.0,85.6,0.0,0.0,0.0,0.0,15795.0 MiB,6155.7 MiB,1853.1 MiB,7786.2 MiB,4096.0 MiB,4092.2 MiB,3.8 MiB,13131.7 MiB,
g++-13,2023-04-26,nbody_50000000,nbody_2.c 50000000,22,1691069727,480687,nbody_2_g++-13,0:26.10,6651904,1994752,1814528,100.0,0.0,1,4,0:26,0,12288,569344,0,196,0,1994752,295,2,279,14,0,13.1,0.0,0.0,86.9,0.0,0.0,0.0,0.0,15795.0 MiB,6155.9 MiB,1852.8 MiB,7786.2 MiB,4096.0 MiB,4092.2 MiB,3.8 MiB,13131.9 MiB,
g++-13,2023-04-26,nbody_50000000,nbody_2.c 50000000,23,1691069728,480687,nbody_2_g++-13,0:27.28,6651904,1994752,1814528,100.0,0.0,1,4,0:27,0,12288,569344,0,196,0,1994752,295,2,279,14,0,13.1,0.8,0.0,86.2,0.0,0.0,0.0,0.0,15795.0 MiB,6155.5 MiB,1853.3 MiB,7786.2 MiB,4096.0 MiB,4092.2 MiB,3.8 MiB,13131.4 MiB,
g++-13,2023-04-26,nbody_50000000,nbody_2.c 50000000,24,1691069729,480687,nbody_2_g++-13,0:28.45,6651904,1994752,1814528,93.8,0.0,1,4,0:28,0,12288,569344,0,196,0,1994752,295,2,279,14,0,12.4,0.8,0.0,86.8,0.0,0.0,0.0,0.0,15795.0 MiB,6155.5 MiB,1853.3 MiB,7786.2 MiB,4096.0 MiB,4092.2 MiB,3.8 MiB,13131.4 MiB,
g++-13,2023-04-26,nbody_50000000,nbody_2.c 50000000,25,1691069731,480687,nbody_2_g++-13,0:29.63,6651904,1994752,1814528,93.8,0.0,1,0,0:29,0,12288,569344,0,196,0,1994752,295,2,279,14,0,13.3,0.0,0.0,86.7,0.0,0.0,0.0,0.0,15795.0 MiB,6154.7 MiB,1854.1 MiB,7786.2 MiB,4096.0 MiB,4092.2 MiB,3.8 MiB,13130.7 MiB,
g++-13,2023-04-26,nbody_50000000,nbody_2.c 50000000,26,1691069732,480687,nbody_2_g++-13,0:30.81,6651904,1994752,1814528,93.8,0.0,1,4,0:30,0,12288,569344,0,196,0,1994752,295,2,279,14,0,13.1,0.8,0.0,86.2,0.0,0.0,0.0,0.0,15795.0 MiB,6154.7 MiB,1854.0 MiB,7786.2 MiB,4096.0 MiB,4092.2 MiB,3.8 MiB,13130.7 MiB,
g++-13,2023-04-26,nbody_50000000,nbody_2.c 50000000,27,1691069733,480687,nbody_2_g++-13,0:31.99,6651904,1994752,1814528,93.8,0.0,1,4,0:31,0,12288,569344,0,196,0,1994752,295,2,279,14,0,13.8,0.0,0.0,86.2,0.0,0.0,0.0,0.0,15795.0 MiB,6154.7 MiB,1854.0 MiB,7786.2 MiB,4096.0 MiB,4092.2 MiB,3.8 MiB,13130.7 MiB,
g++-13,2023-04-26,nbody_50000000,nbody_2.c 50000000,28,1691069734,480687,nbody_2_g++-13,0:33.17,6651904,1994752,1814528,100.0,0.0,1,4,0:33,0,12288,569344,0,196,0,1994752,295,2,279,14,0,12.5,0.8,0.0,86.7,0.0,0.0,0.0,0.0,15795.0 MiB,6154.5 MiB,1854.3 MiB,7786.2 MiB,4096.0 MiB,4092.2 MiB,3.8 MiB,13130.5 MiB,
g++-13,2023-04-26,nbody_50000000,nbody_2.c 50000000,29,1691069735,480687,nbody_2_g++-13,0:34.35,6651904,1994752,1814528,100.0,0.0,1,4,0:34,0,12288,569344,0,196,0,1994752,295,2,279,14,0,13.6,1.5,0.0,84.8,0.0,0.0,0.0,0.0,15795.0 MiB,6154.5 MiB,1854.3 MiB,7786.2 MiB,4096.0 MiB,4092.2 MiB,3.8 MiB,13130.5 MiB,
g++-13,2023-04-26,nbody_50000000,nbody_2.c 50000000,30,1691069737,480687,nbody_2_g++-13,0:35.53,6651904,1994752,1814528,100.0,0.0,1,0,0:35,0,12288,569344,0,196,0,1994752,295,2,279,14,0,13.0,0.8,0.0,86.3,0.0,0.0,0.0,0.0,15795.0 MiB,6154.5 MiB,1854.3 MiB,7786.2 MiB,4096.0 MiB,4092.2 MiB,3.8 MiB,13130.5 MiB,
g++-13,2023-04-26,nbody_50000000,nbody_2.c 50000000,31,1691069738,480687,nbody_2_g++-13,0:36.71,6651904,1994752,1814528,100.0,0.0,1,0,0:36,0,12288,569344,0,196,0,1994752,295,2,279,14,0,14.0,0.0,0.0,86.0,0.0,0.0,0.0,0.0,15795.0 MiB,6154.5 MiB,1854.3 MiB,7786.2 MiB,4096.0 MiB,4092.2 MiB,3.8 MiB,13130.5 MiB,
g++-13,2023-04-26,nbody_50000000,nbody_2.c 50000000,32,1691069739,480687,nbody_2_g++-13,0:37.89,6651904,1994752,1814528,100.0,0.0,1,0,0:37,0,12288,569344,0,196,0,1994752,295,2,279,14,0,12.4,0.8,0.0,86.8,0.0,0.0,0.0,0.0,15795.0 MiB,6154.5 MiB,1854.3 MiB,7786.2 MiB,4096.0 MiB,4092.2 MiB,3.8 MiB,13130.5 MiB,
g++-13,2023-04-26,nbody_50000000,nbody_2.c 50000000,33,1691069740,480687,nbody_2_g++-13,0:39.07,6651904,1994752,1814528,100.0,0.0,1,0,0:39,0,12288,569344,0,196,0,1994752,295,2,279,14,0,13.7,0.8,0.0,85.5,0.0,0.0,0.0,0.0,15795.0 MiB,6154.0 MiB,1854.8 MiB,7786.2 MiB,4096.0 MiB,4092.2 MiB,3.8 MiB,13130.0 MiB,
g++-13,2023-04-26,nbody_50000000,nbody_2.c 50000000,34,1691069741,480687,nbody_2_g++-13,0:40.24,6651904,1994752,1814528,93.8,0.0,1,0,0:40,0,12288,569344,0,196,0,1994752,295,2,279,14,0,13.1,0.8,0.0,86.2,0.0,0.0,0.0,0.0,15795.0 MiB,6154.0 MiB,1854.8 MiB,7786.2 MiB,4096.0 MiB,4092.2 MiB,3.8 MiB,13130.0 MiB,
g++-13,2023-04-26,nbody_50000000,nbody_2.c 50000000,35,1691069742,480687,nbody_2_g++-13,0:41.42,6651904,1994752,1814528,93.8,0.0,1,0,0:41,0,12288,569344,0,196,0,1994752,295,2,279,14,0,13.1,0.8,0.0,86.2,0.0,0.0,0.0,0.0,15795.0 MiB,6154.0 MiB,1854.8 MiB,7786.2 MiB,4096.0 MiB,4092.2 MiB,3.8 MiB,13130.0 MiB,
g++-13,2023-04-26,nbody_50000000,nbody_2.c 50000000,36,1691069744,480687,nbody_2_g++-13,0:42.60,6651904,1994752,1814528,93.8,0.0,1,0,0:42,0,12288,569344,0,196,0,1994752,295,2,279,14,0,13.0,0.8,0.0,86.3,0.0,0.0,0.0,0.0,15795.0 MiB,6154.0 MiB,1854.8 MiB,7786.2 MiB,4096.0 MiB,4092.2 MiB,3.8 MiB,13130.0 MiB,
g++-13,2023-04-26,nbody_50000000,nbody_2.c 50000000,37,1691069745,480687,nbody_2_g++-13,0:43.78,6651904,1994752,1814528,93.8,0.0,1,0,0:43,0,12288,569344,0,196,0,1994752,295,2,279,14,0,13.7,0.8,0.0,85.5,0.0,0.0,0.0,0.0,15795.0 MiB,6154.0 MiB,1854.8 MiB,7786.2 MiB,4096.0 MiB,4092.2 MiB,3.8 MiB,13130.0 MiB,
g++-13,2023-04-26,nbody_50000000,nbody_2.c 50000000,38,1691069746,480687,nbody_2_g++-13,0:44.97,6651904,1994752,1814528,100.0,0.0,1,0,0:44,0,12288,569344,0,196,0,1994752,295,2,279,14,0,12.7,1.5,0.0,85.8,0.0,0.0,0.0,0.0,15795.0 MiB,6154.0 MiB,1854.8 MiB,7786.2 MiB,4096.0 MiB,4092.2 MiB,3.8 MiB,13130.0 MiB,
g++-13,2023-04-26,nbody_50000000,nbody_2.c 50000000,39,1691069747,480687,nbody_2_g++-13,0:46.15,6651904,1994752,1814528,100.0,0.0,1,0,0:46,0,12288,569344,0,196,0,1994752,295,2,279,14,0,13.1,0.8,0.0,86.2,0.0,0.0,0.0,0.0,15795.0 MiB,6154.0 MiB,1854.8 MiB,7786.2 MiB,4096.0 MiB,4092.2 MiB,3.8 MiB,13130.0 MiB,
g++-13,2023-04-26,nbody_50000000,nbody_2.c 50000000,40,1691069748,480687,nbody_2_g++-13,0:47.34,6651904,1994752,1814528,100.0,0.0,1,0,0:47,0,12288,569344,0,196,0,1994752,295,2,279,14,0,12.9,0.8,0.0,86.4,0.0,0.0,0.0,0.0,15795.0 MiB,6153.7 MiB,1855.0 MiB,7786.2 MiB,4096.0 MiB,4092.2 MiB,3.8 MiB,13129.7 MiB,
g++-13,2023-04-26,nbody_50000000,nbody_2.c 50000000,41,1691069750,480687,nbody_2_g++-13,0:48.51,6651904,1994752,1814528,93.8,0.0,1,0,0:48,0,12288,569344,0,196,0,1994752,295,2,279,14,0,13.2,0.0,0.0,86.8,0.0,0.0,0.0,0.0,15795.0 MiB,6153.7 MiB,1855.0 MiB,7786.2 MiB,4096.0 MiB,4092.2 MiB,3.8 MiB,13129.8 MiB,
g++-13,2023-04-26,nbody_50000000,nbody_2.c 50000000,42,1691069751,480687,nbody_2_g++-13,0:49.69,6651904,1994752,1814528,93.8,0.0,1,0,0:49,0,12288,569344,0,196,0,1994752,295,2,279,14,0,12.5,0.0,0.0,87.5,0.0,0.0,0.0,0.0,15795.0 MiB,6153.5 MiB,1855.2 MiB,7786.2 MiB,4096.0 MiB,4092.2 MiB,3.8 MiB,13129.5 MiB,
g++-13,2023-04-26,nbody_50000000,nbody_2.c 50000000,43,1691069752,480687,nbody_2_g++-13,0:50.87,6651904,1994752,1814528,93.8,0.0,1,0,0:50,0,12288,569344,0,196,0,1994752,295,2,279,14,0,13.1,0.8,0.0,86.2,0.0,0.0,0.0,0.0,15795.0 MiB,6153.5 MiB,1855.2 MiB,7786.3 MiB,4096.0 MiB,4092.2 MiB,3.8 MiB,13129.5 MiB,
g++-13,2023-04-26,nbody_50000000,nbody_2.c 50000000,44,1691069753,480687,nbody_2_g++-13,0:52.05,6651904,1994752,1814528,100.0,0.0,1,7,0:52,0,12288,569344,0,196,0,1994752,295,2,279,14,0,13.1,0.8,0.0,86.2,0.0,0.0,0.0,0.0,15795.0 MiB,6153.2 MiB,1855.5 MiB,7786.3 MiB,4096.0 MiB,4092.2 MiB,3.8 MiB,13129.3 MiB,
g++-13,2023-04-26,nbody_50000000,nbody_2.c 50000000,45,1691069754,480687,nbody_2_g++-13,0:53.24,6651904,1994752,1814528,100.0,0.0,1,7,0:53,0,12288,569344,0,196,0,1994752,295,2,279,14,0,12.2,1.5,0.0,86.3,0.0,0.0,0.0,0.0,15795.0 MiB,6153.2 MiB,1855.5 MiB,7786.3 MiB,4096.0 MiB,4092.2 MiB,3.8 MiB,13129.3 MiB,
g++-13,2023-04-26,nbody_50000000,nbody_2.c 50000000,46,1691069755,480687,nbody_2_g++-13,0:54.42,6651904,1994752,1814528,100.0,0.0,1,7,0:54,0,12288,569344,0,196,0,1994752,295,2,279,14,0,13.1,0.8,0.0,86.2,0.0,0.0,0.0,0.0,15795.0 MiB,6153.2 MiB,1855.5 MiB,7786.3 MiB,4096.0 MiB,4092.2 MiB,3.8 MiB,13129.3 MiB,
g++-13,2023-04-26,nbody_50000000,nbody_2.c 50000000,47,1691069757,480687,nbody_2_g++-13,0:55.60,6651904,1994752,1814528,100.0,0.0,1,7,0:55,0,12288,569344,0,196,0,1994752,295,2,279,14,0,13.2,0.0,0.0,86.8,0.0,0.0,0.0,0.0,15795.0 MiB,6153.5 MiB,1855.2 MiB,7786.3 MiB,4096.0 MiB,4092.2 MiB,3.8 MiB,13129.5 MiB,
g++-13,2023-04-26,nbody_50000000,nbody_2.c 50000000,48,1691069758,480687,nbody_2_g++-13,0:56.77,6651904,1994752,1814528,100.0,0.0,1,7,0:56,0,12288,569344,0,196,0,1994752,295,2,279,14,0,13.0,0.8,0.0,86.3,0.0,0.0,0.0,0.0,15795.0 MiB,6153.7 MiB,1855.0 MiB,7786.3 MiB,4096.0 MiB,4092.2 MiB,3.8 MiB,13129.8 MiB,
g++-13,2023-04-26,nbody_50000000,nbody_2.c 50000000,49,1691069759,480687,nbody_2_g++-13,0:57.95,6651904,1994752,1814528,100.0,0.0,1,7,0:57,0,12288,569344,0,196,0,1994752,295,2,279,14,0,12.4,0.8,0.0,86.8,0.0,0.0,0.0,0.0,15795.0 MiB,6153.5 MiB,1855.2 MiB,7786.3 MiB,4096.0 MiB,4092.2 MiB,3.8 MiB,13129.5 MiB,
g++-13,2023-04-26,nbody_50000000,nbody_2.c 50000000,50,1691069760,480687,nbody_2_g++-13,0:59.13,6651904,1994752,1814528,93.8,0.0,1,3,0:59,0,12288,569344,0,196,0,1994752,295,2,279,14,0,13.2,0.8,0.0,86.0,0.0,0.0,0.0,0.0,15795.0 MiB,6153.2 MiB,1855.6 MiB,7786.1 MiB,4096.0 MiB,4092.2 MiB,3.8 MiB,13129.3 MiB,
g++-13,2023-04-26,nbody_50000000,nbody_2.c 50000000,51,1691069761,480687,nbody_2_g++-13,1:00.32,6651904,1994752,1814528,100.0,0.0,1,3,1:00,0,12288,569344,0,196,0,1994752,295,2,279,14,0,13.1,1.5,0.0,85.4,0.0,0.0,0.0,0.0,15795.0 MiB,6153.0 MiB,1855.9 MiB,7786.1 MiB,4096.0 MiB,4092.2 MiB,3.8 MiB,13129.0 MiB,
g++-13,2023-04-26,nbody_50000000,nbody_2.c 50000000,52,1691069763,480687,nbody_2_g++-13,1:01.51,6651904,1994752,1814528,100.0,0.0,1,3,1:01,0,12288,569344,0,196,0,1994752,296,2,280,14,0,13.3,0.7,0.0,85.9,0.0,0.0,0.0,0.0,15795.0 MiB,6153.0 MiB,1855.9 MiB,7786.1 MiB,4096.0 MiB,4092.2 MiB,3.8 MiB,13129.0 MiB,
g++-13,2023-04-26,nbody_50000000,nbody_2.c 50000000,53,1691069764,480687,nbody_2_g++-13,1:02.69,6651904,1994752,1814528,100.0,0.0,1,3,1:02,0,12288,569344,0,196,0,1994752,296,2,280,14,0,13.1,0.8,0.0,86.2,0.0,0.0,0.0,0.0,15795.0 MiB,6152.8 MiB,1856.1 MiB,7786.1 MiB,4096.0 MiB,4092.2 MiB,3.8 MiB,13128.8 MiB,
g++-13,2023-04-26,nbody_50000000,nbody_2.c 50000000,54,1691069765,480687,nbody_2_g++-13,1:03.88,6651904,1994752,1814528,94.1,0.0,1,3,1:03,0,12288,569344,0,196,0,1994752,296,2,280,14,0,13.2,1.5,0.0,84.6,0.0,0.0,0.7,0.0,15795.0 MiB,6152.8 MiB,1856.1 MiB,7786.1 MiB,4096.0 MiB,4092.2 MiB,3.8 MiB,13128.8 MiB,
g++-13,2023-04-26,nbody_50000000,nbody_2.c 50000000,55,1691069766,480687,nbody_2_g++-13,1:05.06,6651904,1994752,1814528,100.0,0.0,1,3,1:05,0,12288,569344,0,196,0,1994752,295,2,279,14,0,13.6,0.8,0.0,85.6,0.0,0.0,0.0,0.0,15795.0 MiB,6152.5 MiB,1856.3 MiB,7786.1 MiB,4096.0 MiB,4092.2 MiB,3.8 MiB,13128.6 MiB,
g++-13,2023-04-26,nbody_50000000,nbody_2.c 50000000,56,1691069767,480687,nbody_2_g++-13,1:06.24,6651904,1994752,1814528,100.0,0.0,1,3,1:06,0,12288,569344,0,196,0,1994752,295,2,279,14,0,13.2,1.5,0.0,85.3,0.0,0.0,0.0,0.0,15795.0 MiB,6152.5 MiB,1856.3 MiB,7786.1 MiB,4096.0 MiB,4092.2 MiB,3.8 MiB,13128.6 MiB,
g++-13,2023-04-26,nbody_50000000,nbody_2.c 50000000,57,1691069768,480687,nbody_2_g++-13,1:07.42,6651904,1994752,1814528,100.0,0.0,1,7,1:07,0,12288,569344,0,196,0,1994752,296,2,280,14,0,13.8,0.0,0.0,86.2,0.0,0.0,0.0,0.0,15795.0 MiB,6152.3 MiB,1856.6 MiB,7786.1 MiB,4096.0 MiB,4092.2 MiB,3.8 MiB,13128.3 MiB,
g++-13,2023-04-26,nbody_50000000,nbody_2.c 50000000,58,1691069770,480687,nbody_2_g++-13,1:08.60,6651904,1994752,1814528,93.8,0.0,1,7,1:08,0,12288,569344,0,196,0,1994752,296,2,280,14,0,13.1,0.8,0.0,86.2,0.0,0.0,0.0,0.0,15795.0 MiB,6152.0 MiB,1856.8 MiB,7786.1 MiB,4096.0 MiB,4092.2 MiB,3.8 MiB,13128.1 MiB,
g++-13,2023-04-26,nbody_50000000,nbody_2.c 50000000,59,1691069771,480687,nbody_2_g++-13,1:09.78,6651904,1994752,1814528,100.0,0.0,1,7,1:09,0,12288,569344,0,196,0,1994752,296,2,280,14,0,12.3,0.8,0.0,86.9,0.0,0.0,0.0,0.0,15795.0 MiB,6152.0 MiB,1856.8 MiB,7786.1 MiB,4096.0 MiB,4092.2 MiB,3.8 MiB,13128.1 MiB,
g++-13,2023-04-26,nbody_50000000,nbody_2.c 50000000,60,1691069772,480687,nbody_2_g++-13,1:10.97,6651904,1994752,1814528,100.0,0.0,1,7,1:10,0,12288,569344,0,196,0,1994752,295,2,279,14,0,12.7,0.7,0.0,86.6,0.0,0.0,0.0,0.0,15795.0 MiB,6151.5 MiB,1857.3 MiB,7786.1 MiB,4096.0 MiB,4092.2 MiB,3.8 MiB,13127.6 MiB,
g++-13,2023-04-26,nbody_50000000,nbody_2.c 50000000,61,1691069773,480687,nbody_2_g++-13,1:12.15,6651904,1994752,1814528,100.0,0.0,1,7,1:12,0,12288,569344,0,196,0,1994752,295,2,279,14,0,12.3,0.8,0.0,86.9,0.0,0.0,0.0,0.0,15795.0 MiB,6151.5 MiB,1857.3 MiB,7786.1 MiB,4096.0 MiB,4092.2 MiB,3.8 MiB,13127.6 MiB,
g++-13,2023-04-26,nbody_50000000,nbody_2.c 50000000,62,1691069774,480687,nbody_2_g++-13,1:13.33,6651904,1994752,1814528,93.8,0.0,1,7,1:13,0,12288,569344,0,196,0,1994752,295,2,279,14,0,13.1,0.8,0.0,86.2,0.0,0.0,0.0,0.0,15795.0 MiB,6151.8 MiB,1857.1 MiB,7786.1 MiB,4096.0 MiB,4092.2 MiB,3.8 MiB,13127.8 MiB,
g++-13,2023-04-26,nbody_50000000,nbody_2.c 50000000,63,1691069776,480687,nbody_2_g++-13,1:14.51,6651904,1994752,1814528,93.8,0.0,1,7,1:14,0,12288,569344,0,196,0,1994752,295,2,279,14,0,13.6,1.5,0.0,84.8,0.0,0.0,0.0,0.0,15795.0 MiB,6152.0 MiB,1856.8 MiB,7786.1 MiB,4096.0 MiB,4092.2 MiB,3.8 MiB,13128.1 MiB,
g++-13,2023-04-26,nbody_50000000,nbody_2.c 50000000,64,1691069777,480687,nbody_2_g++-13,1:15.69,6651904,1994752,1814528,100.0,0.0,1,7,1:15,0,12288,569344,0,196,0,1994752,295,2,279,14,0,12.4,0.0,0.0,87.6,0.0,0.0,0.0,0.0,15795.0 MiB,6152.0 MiB,1856.8 MiB,7786.2 MiB,4096.0 MiB,4092.2 MiB,3.8 MiB,13128.1 MiB,
g++-13,2023-04-26,nbody_50000000,nbody_2.c 50000000,65,1691069778,480687,nbody_2_g++-13,1:16.87,6651904,1994752,1814528,100.0,0.0,1,7,1:16,0,12288,569344,0,196,0,1994752,296,2,280,14,0,12.4,0.8,0.0,86.8,0.0,0.0,0.0,0.0,15795.0 MiB,6152.0 MiB,1856.8 MiB,7786.2 MiB,4096.0 MiB,4092.2 MiB,3.8 MiB,13128.1 MiB,
g++-13,2023-04-26,nbody_50000000,nbody_2.c 50000000,66,1691069779,480687,nbody_2_g++-13,1:18.06,6651904,1994752,1814528,100.0,0.0,1,7,1:18,0,12288,569344,0,196,0,1994752,296,2,280,14,0,13.2,1.5,0.0,85.3,0.0,0.0,0.0,0.0,15795.0 MiB,6152.0 MiB,1856.8 MiB,7786.2 MiB,4096.0 MiB,4092.2 MiB,3.8 MiB,13128.1 MiB,
g++-13,2023-04-26,nbody_50000000,nbody_2.c 50000000,67,1691069780,480687,nbody_2_g++-13,1:19.24,6651904,1994752,1814528,100.0,0.0,1,7,1:19,0,12288,569344,0,196,0,1994752,296,2,280,14,0,13.2,0.0,0.0,86.8,0.0,0.0,0.0,0.0,15795.0 MiB,6151.8 MiB,1857.1 MiB,7786.2 MiB,4096.0 MiB,4092.2 MiB,3.8 MiB,13127.8 MiB,
