version,appplication,no_measurement,timestamp,pid,command,time,virt,res,shr,percent_cpu,percent_mem,tasks_total,tasks_running,tasks_sleeping,tasks_stopped,tasks_zombie,cpu_us,cpu_sy,cpu_ni,cpu_id,cpu_wa,cpu_hi,cpu_si,cpu_st,mem_total,mem_free,mem_used,mem_buff_cache,swap_total,swap_free,swap_used,swap_avail,
Python 3.9.16,nbody.py 50000000,0,1690933359,344300,python,0:00.10,15764,8328,5584,62.5,0.1,283,2,280,1,0,21.7,7.8,0.0,70.5,0.0,0.0,0.0,0.0,15795.0 MiB,5805.5 MiB,1579.2 MiB,8410.3 MiB,4096.0 MiB,4096.0 MiB,0.0 MiB,13538.5 MiB
Python 3.9.16,nbody.py 50000000,1,1690933360,344300,python,0:01.27,15764,8328,5584,93.8,0.1,283,2,280,1,0,13.2,0.8,0.0,86.0,0.0,0.0,0.0,0.0,15795.0 MiB,5804.8 MiB,1579.6 MiB,8410.6 MiB,4096.0 MiB,4096.0 MiB,0.0 MiB,13537.8 MiB
Python 3.9.16,nbody.py 50000000,2,1690933362,344300,python,0:02.44,15764,8328,5584,100.0,0.1,283,2,280,1,0,13.4,0.8,0.0,85.8,0.0,0.0,0.0,0.0,15795.0 MiB,5804.8 MiB,1586.6 MiB,8403.6 MiB,4096.0 MiB,4096.0 MiB,0.0 MiB,13537.8 MiB
Python 3.9.16,nbody.py 50000000,3,1690933363,344300,python,0:03.60,15764,8328,5584,100.0,0.1,283,2,280,1,0,12.8,0.8,0.0,86.4,0.0,0.0,0.0,0.0,15795.0 MiB,5804.8 MiB,1586.6 MiB,8403.6 MiB,4096.0 MiB,4096.0 MiB,0.0 MiB,13537.8 MiB
Python 3.9.16,nbody.py 50000000,4,1690933364,344300,python,0:04.77,15764,8328,5584,100.0,0.1,283,2,280,1,0,12.8,0.0,0.0,87.2,0.0,0.0,0.0,0.0,15795.0 MiB,5804.3 MiB,1587.1 MiB,8403.6 MiB,4096.0 MiB,4096.0 MiB,0.0 MiB,13537.3 MiB
Python 3.9.16,nbody.py 50000000,5,1690933365,344300,python,0:05.94,15764,8328,5584,100.0,0.1,283,2,280,1,0,13.3,0.0,0.0,86.7,0.0,0.0,0.0,0.0,15795.0 MiB,5804.3 MiB,1587.1 MiB,8403.6 MiB,4096.0 MiB,4096.0 MiB,0.0 MiB,13537.3 MiB
Python 3.9.16,nbody.py 50000000,6,1690933366,344300,python,0:07.10,15764,8328,5584,93.8,0.1,283,2,280,1,0,12.8,0.0,0.0,87.2,0.0,0.0,0.0,0.0,15795.0 MiB,5804.5 MiB,1586.8 MiB,8403.6 MiB,4096.0 MiB,4096.0 MiB,0.0 MiB,13537.6 MiB
Python 3.9.16,nbody.py 50000000,7,1690933367,344300,python,0:08.27,15764,8328,5584,100.0,0.1,283,2,280,1,0,12.7,0.8,0.0,86.5,0.0,0.0,0.0,0.0,15795.0 MiB,5804.3 MiB,1587.1 MiB,8403.6 MiB,4096.0 MiB,4096.0 MiB,0.0 MiB,13537.3 MiB
Python 3.9.16,nbody.py 50000000,8,1690933369,344300,python,0:09.43,15764,8328,5584,93.8,0.1,283,2,280,1,0,12.7,0.8,0.0,86.5,0.0,0.0,0.0,0.0,15795.0 MiB,5803.8 MiB,1587.6 MiB,8403.6 MiB,4096.0 MiB,4096.0 MiB,0.0 MiB,13536.8 MiB
Python 3.9.16,nbody.py 50000000,9,1690933370,344300,python,0:10.60,15764,8328,5584,100.0,0.1,283,2,280,1,0,13.4,0.0,0.0,86.6,0.0,0.0,0.0,0.0,15795.0 MiB,5803.8 MiB,1587.6 MiB,8403.6 MiB,4096.0 MiB,4096.0 MiB,0.0 MiB,13536.8 MiB
Python 3.9.16,nbody.py 50000000,10,1690933371,344300,python,0:11.76,15764,8328,5584,93.8,0.1,283,2,280,1,0,12.6,0.8,0.0,85.8,0.0,0.0,0.8,0.0,15795.0 MiB,5803.1 MiB,1588.2 MiB,8403.7 MiB,4096.0 MiB,4096.0 MiB,0.0 MiB,13536.1 MiB
Python 3.9.16,nbody.py 50000000,11,1690933372,344300,python,0:12.92,15764,8328,5584,100.0,0.1,283,2,280,1,0,12.8,0.0,0.0,87.2,0.0,0.0,0.0,0.0,15795.0 MiB,5802.6 MiB,1588.7 MiB,8403.7 MiB,4096.0 MiB,4096.0 MiB,0.0 MiB,13535.6 MiB
Python 3.9.16,nbody.py 50000000,12,1690933373,344300,python,0:14.09,15764,8328,5584,93.8,0.1,283,2,280,1,0,12.8,0.0,0.0,87.2,0.0,0.0,0.0,0.0,15795.0 MiB,5801.8 MiB,1589.5 MiB,8403.6 MiB,4096.0 MiB,4096.0 MiB,0.0 MiB,13534.9 MiB
Python 3.9.16,nbody.py 50000000,13,1690933374,344300,python,0:15.25,15764,8328,5584,100.0,0.1,283,2,280,1,0,12.0,0.8,0.0,87.2,0.0,0.0,0.0,0.0,15795.0 MiB,5802.1 MiB,1589.3 MiB,8403.6 MiB,4096.0 MiB,4096.0 MiB,0.0 MiB,13535.1 MiB
Python 3.9.16,nbody.py 50000000,14,1690933376,344300,python,0:16.42,15764,8328,5584,100.0,0.1,283,2,280,1,0,14.1,0.8,0.0,85.2,0.0,0.0,0.0,0.0,15795.0 MiB,5801.8 MiB,1589.5 MiB,8403.6 MiB,4096.0 MiB,4096.0 MiB,0.0 MiB,13534.9 MiB
Python 3.9.16,nbody.py 50000000,15,1690933377,344300,python,0:17.58,15764,8328,5584,100.0,0.1,283,2,280,1,0,13.2,1.6,0.0,85.3,0.0,0.0,0.0,0.0,15795.0 MiB,5802.3 MiB,1589.0 MiB,8403.6 MiB,4096.0 MiB,4096.0 MiB,0.0 MiB,13535.4 MiB
Python 3.9.16,nbody.py 50000000,16,1690933378,344300,python,0:18.75,15764,8328,5584,100.0,0.1,283,2,280,1,0,12.7,0.0,0.0,87.3,0.0,0.0,0.0,0.0,15795.0 MiB,5801.6 MiB,1589.7 MiB,8403.6 MiB,4096.0 MiB,4096.0 MiB,0.0 MiB,13534.7 MiB
Python 3.9.16,nbody.py 50000000,17,1690933379,344300,python,0:19.91,15764,8328,5584,93.8,0.1,283,2,280,1,0,11.9,1.6,0.0,86.5,0.0,0.0,0.0,0.0,15795.0 MiB,5801.6 MiB,1589.7 MiB,8403.6 MiB,4096.0 MiB,4096.0 MiB,0.0 MiB,13534.7 MiB
Python 3.9.16,nbody.py 50000000,18,1690933380,344300,python,0:21.07,15764,8328,5584,100.0,0.1,283,2,280,1,0,12.1,0.0,0.0,87.9,0.0,0.0,0.0,0.0,15795.0 MiB,5800.9 MiB,1590.5 MiB,8403.6 MiB,4096.0 MiB,4096.0 MiB,0.0 MiB,13533.9 MiB
Python 3.9.16,nbody.py 50000000,19,1690933381,344300,python,0:22.24,15764,8328,5584,93.8,0.1,283,2,280,1,0,13.5,0.0,0.0,86.5,0.0,0.0,0.0,0.0,15795.0 MiB,5801.1 MiB,1590.2 MiB,8403.6 MiB,4096.0 MiB,4096.0 MiB,0.0 MiB,13534.2 MiB
Python 3.9.16,nbody.py 50000000,20,1690933382,344300,python,0:23.41,15764,8328,5584,100.0,0.1,283,2,280,1,0,13.4,0.8,0.0,85.0,0.8,0.0,0.0,0.0,15795.0 MiB,5801.4 MiB,1590.0 MiB,8403.7 MiB,4096.0 MiB,4096.0 MiB,0.0 MiB,13534.4 MiB
Python 3.9.16,nbody.py 50000000,21,1690933384,344300,python,0:24.57,15764,8328,5584,93.8,0.1,283,2,280,1,0,12.0,0.8,0.0,87.2,0.0,0.0,0.0,0.0,15795.0 MiB,5801.4 MiB,1590.0 MiB,8403.7 MiB,4096.0 MiB,4096.0 MiB,0.0 MiB,13534.4 MiB
Python 3.9.16,nbody.py 50000000,22,1690933385,344300,python,0:25.73,15764,8328,5584,100.0,0.1,283,2,280,1,0,12.8,0.0,0.0,87.2,0.0,0.0,0.0,0.0,15795.0 MiB,5801.4 MiB,1590.0 MiB,8403.7 MiB,4096.0 MiB,4096.0 MiB,0.0 MiB,13534.4 MiB
Python 3.9.16,nbody.py 50000000,23,1690933386,344300,python,0:26.90,15764,8328,5584,93.8,0.1,283,2,280,1,0,12.7,0.8,0.0,86.5,0.0,0.0,0.0,0.0,15795.0 MiB,5801.4 MiB,1590.0 MiB,8403.7 MiB,4096.0 MiB,4096.0 MiB,0.0 MiB,13534.4 MiB
Python 3.9.16,nbody.py 50000000,24,1690933387,344300,python,0:28.07,15764,8328,5584,100.0,0.1,283,2,280,1,0,13.4,0.0,0.0,86.6,0.0,0.0,0.0,0.0,15795.0 MiB,5801.4 MiB,1590.0 MiB,8403.7 MiB,4096.0 MiB,4096.0 MiB,0.0 MiB,13534.4 MiB
Python 3.9.16,nbody.py 50000000,25,1690933388,344300,python,0:29.23,15764,8328,5584,93.8,0.1,283,2,280,1,0,12.8,0.0,0.0,86.4,0.8,0.0,0.0,0.0,15795.0 MiB,5801.4 MiB,1590.0 MiB,8403.7 MiB,4096.0 MiB,4096.0 MiB,0.0 MiB,13534.4 MiB
Python 3.9.16,nbody.py 50000000,26,1690933389,344300,python,0:30.40,15764,8328,5584,100.0,0.1,283,2,280,1,0,12.7,0.0,0.0,87.3,0.0,0.0,0.0,0.0,15795.0 MiB,5798.2 MiB,1593.1 MiB,8403.7 MiB,4096.0 MiB,4096.0 MiB,0.0 MiB,13531.3 MiB
Python 3.9.16,nbody.py 50000000,27,1690933391,344300,python,0:31.56,15764,8328,5584,100.0,0.1,283,2,280,1,0,12.5,0.8,0.0,86.7,0.0,0.0,0.0,0.0,15795.0 MiB,5797.4 MiB,1593.9 MiB,8403.7 MiB,4096.0 MiB,4096.0 MiB,0.0 MiB,13530.5 MiB
Python 3.9.16,nbody.py 50000000,28,1690933392,344300,python,0:32.73,15764,8328,5584,100.0,0.1,283,2,280,1,0,13.4,0.0,0.0,86.6,0.0,0.0,0.0,0.0,15795.0 MiB,5798.0 MiB,1593.4 MiB,8403.7 MiB,4096.0 MiB,4096.0 MiB,0.0 MiB,13531.1 MiB
Python 3.9.16,nbody.py 50000000,29,1690933393,344300,python,0:33.89,15764,8328,5584,100.0,0.1,283,2,280,1,0,12.6,0.8,0.0,86.6,0.0,0.0,0.0,0.0,15795.0 MiB,5798.0 MiB,1593.4 MiB,8403.7 MiB,4096.0 MiB,4096.0 MiB,0.0 MiB,13531.1 MiB
Python 3.9.16,nbody.py 50000000,30,1690933394,344300,python,0:35.06,15764,8328,5584,93.8,0.1,283,2,280,1,0,13.5,0.0,0.0,86.5,0.0,0.0,0.0,0.0,15795.0 MiB,5797.0 MiB,1594.3 MiB,8403.7 MiB,4096.0 MiB,4096.0 MiB,0.0 MiB,13530.1 MiB
Python 3.9.16,nbody.py 50000000,31,1690933395,344300,python,0:36.23,15764,8328,5584,100.0,0.1,283,2,280,1,0,11.9,0.8,0.0,87.3,0.0,0.0,0.0,0.0,15795.0 MiB,5796.7 MiB,1594.6 MiB,8403.7 MiB,4096.0 MiB,4096.0 MiB,0.0 MiB,13529.8 MiB
Python 3.9.16,nbody.py 50000000,32,1690933396,344300,python,0:37.39,15764,8328,5584,100.0,0.1,283,2,280,1,0,13.3,0.8,0.0,85.9,0.0,0.0,0.0,0.0,15795.0 MiB,5796.7 MiB,1594.6 MiB,8403.7 MiB,4096.0 MiB,4096.0 MiB,0.0 MiB,13529.8 MiB
Python 3.9.16,nbody.py 50000000,33,1690933398,344300,python,0:38.56,15764,8328,5584,93.8,0.1,283,2,280,1,0,12.7,0.0,0.0,87.3,0.0,0.0,0.0,0.0,15795.0 MiB,5797.0 MiB,1594.3 MiB,8403.7 MiB,4096.0 MiB,4096.0 MiB,0.0 MiB,13530.1 MiB
Python 3.9.16,nbody.py 50000000,34,1690933399,344300,python,0:39.73,15764,8328,5584,100.0,0.1,283,2,280,1,0,13.3,0.8,0.0,85.9,0.0,0.0,0.0,0.0,15795.0 MiB,5797.5 MiB,1593.8 MiB,8403.7 MiB,4096.0 MiB,4096.0 MiB,0.0 MiB,13530.6 MiB
Python 3.9.16,nbody.py 50000000,35,1690933400,344300,python,0:40.89,15764,8328,5584,100.0,0.1,283,2,280,1,0,12.6,0.8,0.0,86.6,0.0,0.0,0.0,0.0,15795.0 MiB,5797.5 MiB,1593.8 MiB,8403.7 MiB,4096.0 MiB,4096.0 MiB,0.0 MiB,13530.6 MiB
Python 3.9.16,nbody.py 50000000,36,1690933401,344300,python,0:42.06,15764,8328,5584,93.8,0.1,283,2,280,1,0,13.4,0.0,0.0,86.6,0.0,0.0,0.0,0.0,15795.0 MiB,5797.5 MiB,1593.8 MiB,8403.7 MiB,4096.0 MiB,4096.0 MiB,0.0 MiB,13530.6 MiB
Python 3.9.16,nbody.py 50000000,37,1690933402,344300,python,0:43.23,15764,8328,5584,100.0,0.1,283,2,280,1,0,12.9,1.5,0.0,84.8,0.0,0.0,0.8,0.0,15795.0 MiB,5797.2 MiB,1594.0 MiB,8403.7 MiB,4096.0 MiB,4096.0 MiB,0.0 MiB,13530.4 MiB
Python 3.9.16,nbody.py 50000000,38,1690933403,344300,python,0:44.40,15764,8328,5584,100.0,0.1,283,2,280,1,0,12.7,0.0,0.0,87.3,0.0,0.0,0.0,0.0,15795.0 MiB,5797.0 MiB,1594.3 MiB,8403.7 MiB,4096.0 MiB,4096.0 MiB,0.0 MiB,13530.1 MiB
Python 3.9.16,nbody.py 50000000,39,1690933405,344300,python,0:45.56,15764,8328,5584,100.0,0.1,283,2,280,1,0,12.8,0.0,0.0,87.2,0.0,0.0,0.0,0.0,15795.0 MiB,5797.0 MiB,1594.3 MiB,8403.7 MiB,4096.0 MiB,4096.0 MiB,0.0 MiB,13530.1 MiB
Python 3.9.16,nbody.py 50000000,40,1690933406,344300,python,0:46.73,15764,8328,5584,100.0,0.1,283,2,280,1,0,12.5,0.8,0.0,86.7,0.0,0.0,0.0,0.0,15795.0 MiB,5797.0 MiB,1594.3 MiB,8403.7 MiB,4096.0 MiB,4096.0 MiB,0.0 MiB,13530.1 MiB
Python 3.9.16,nbody.py 50000000,41,1690933407,344300,python,0:47.89,15764,8328,5584,100.0,0.1,283,3,279,1,0,12.7,0.0,0.0,87.3,0.0,0.0,0.0,0.0,15795.0 MiB,5797.7 MiB,1593.5 MiB,8403.7 MiB,4096.0 MiB,4096.0 MiB,0.0 MiB,13530.9 MiB
Python 3.9.16,nbody.py 50000000,42,1690933408,344300,python,0:49.06,15764,8328,5584,93.8,0.1,283,2,280,1,0,12.6,0.8,0.0,86.6,0.0,0.0,0.0,0.0,15795.0 MiB,5797.5 MiB,1593.8 MiB,8403.7 MiB,4096.0 MiB,4096.0 MiB,0.0 MiB,13530.6 MiB
Python 3.9.16,nbody.py 50000000,43,1690933409,344300,python,0:50.23,15764,8328,5584,100.0,0.1,283,2,280,1,0,12.1,0.0,0.0,87.9,0.0,0.0,0.0,0.0,15795.0 MiB,5797.7 MiB,1593.5 MiB,8403.7 MiB,4096.0 MiB,4096.0 MiB,0.0 MiB,13530.9 MiB
Python 3.9.16,nbody.py 50000000,44,1690933410,344300,python,0:51.39,15764,8328,5584,100.0,0.1,283,2,280,1,0,12.7,0.0,0.0,87.3,0.0,0.0,0.0,0.0,15795.0 MiB,5797.5 MiB,1593.8 MiB,8403.7 MiB,4096.0 MiB,4096.0 MiB,0.0 MiB,13530.6 MiB
Python 3.9.16,nbody.py 50000000,45,1690933412,344300,python,0:52.56,15764,8328,5584,93.8,0.1,283,2,280,1,0,12.6,0.8,0.0,86.6,0.0,0.0,0.0,0.0,15795.0 MiB,5797.5 MiB,1593.8 MiB,8403.7 MiB,4096.0 MiB,4096.0 MiB,0.0 MiB,13530.6 MiB
Python 3.9.16,nbody.py 50000000,46,1690933413,344300,python,0:53.72,15764,8328,5584,100.0,0.1,283,2,280,1,0,12.6,0.8,0.0,86.6,0.0,0.0,0.0,0.0,15795.0 MiB,5797.7 MiB,1593.5 MiB,8403.7 MiB,4096.0 MiB,4096.0 MiB,0.0 MiB,13530.9 MiB
Python 3.9.16,nbody.py 50000000,47,1690933414,344300,python,0:54.89,15764,8328,5584,93.8,0.1,283,2,280,1,0,12.6,0.8,0.0,86.6,0.0,0.0,0.0,0.0,15795.0 MiB,5797.7 MiB,1593.5 MiB,8403.7 MiB,4096.0 MiB,4096.0 MiB,0.0 MiB,13530.9 MiB
Python 3.9.16,nbody.py 50000000,48,1690933415,344300,python,0:56.06,15764,8328,5584,100.0,0.1,283,2,280,1,0,12.7,0.0,0.0,87.3,0.0,0.0,0.0,0.0,15795.0 MiB,5797.7 MiB,1593.5 MiB,8403.8 MiB,4096.0 MiB,4096.0 MiB,0.0 MiB,13530.9 MiB
Python 3.9.16,nbody.py 50000000,49,1690933416,344300,python,0:57.22,15764,8328,5584,100.0,0.1,283,2,280,1,0,12.6,0.8,0.0,86.6,0.0,0.0,0.0,0.0,15795.0 MiB,5797.5 MiB,1593.7 MiB,8403.8 MiB,4096.0 MiB,4096.0 MiB,0.0 MiB,13530.7 MiB
Python 3.9.16,nbody.py 50000000,50,1690933417,344300,python,0:58.39,15764,8328,5584,93.8,0.1,283,2,280,1,0,12.6,1.6,0.0,85.8,0.0,0.0,0.0,0.0,15795.0 MiB,5797.7 MiB,1593.5 MiB,8403.8 MiB,4096.0 MiB,4096.0 MiB,0.0 MiB,13530.9 MiB
Python 3.9.16,nbody.py 50000000,51,1690933419,344300,python,0:59.55,15764,8328,5584,100.0,0.1,283,2,280,1,0,12.7,0.0,0.0,87.3,0.0,0.0,0.0,0.0,15795.0 MiB,5798.0 MiB,1593.2 MiB,8403.8 MiB,4096.0 MiB,4096.0 MiB,0.0 MiB,13531.2 MiB
Python 3.9.16,nbody.py 50000000,52,1690933420,344300,python,1:00.72,15764,8328,5584,100.0,0.1,283,2,280,1,0,13.4,0.8,0.0,85.8,0.0,0.0,0.0,0.0,15795.0 MiB,5798.5 MiB,1592.7 MiB,8403.8 MiB,4096.0 MiB,4096.0 MiB,0.0 MiB,13531.7 MiB
Python 3.9.16,nbody.py 50000000,53,1690933421,344300,python,1:01.88,15764,8328,5584,93.8,0.1,283,2,280,1,0,11.9,0.8,0.0,87.3,0.0,0.0,0.0,0.0,15795.0 MiB,5798.2 MiB,1593.0 MiB,8403.8 MiB,4096.0 MiB,4096.0 MiB,0.0 MiB,13531.4 MiB
Python 3.9.16,nbody.py 50000000,54,1690933422,344300,python,1:03.05,15764,8328,5584,100.0,0.1,283,2,280,1,0,13.4,0.0,0.0,86.6,0.0,0.0,0.0,0.0,15795.0 MiB,5798.2 MiB,1593.0 MiB,8403.8 MiB,4096.0 MiB,4096.0 MiB,0.0 MiB,13531.4 MiB
Python 3.9.16,nbody.py 50000000,55,1690933423,344300,python,1:04.22,15764,8328,5584,100.0,0.1,283,2,280,1,0,12.7,0.0,0.0,87.3,0.0,0.0,0.0,0.0,15795.0 MiB,5798.2 MiB,1593.0 MiB,8403.8 MiB,4096.0 MiB,4096.0 MiB,0.0 MiB,13531.4 MiB
Python 3.9.16,nbody.py 50000000,56,1690933424,344300,python,1:05.38,15764,8328,5584,100.0,0.1,283,2,280,1,0,12.7,0.8,0.0,86.5,0.0,0.0,0.0,0.0,15795.0 MiB,5798.2 MiB,1593.0 MiB,8403.8 MiB,4096.0 MiB,4096.0 MiB,0.0 MiB,13531.4 MiB
Python 3.9.16,nbody.py 50000000,57,1690933426,344300,python,1:06.55,15764,8328,5584,93.8,0.1,283,2,280,1,0,12.0,0.8,0.0,87.2,0.0,0.0,0.0,0.0,15795.0 MiB,5798.2 MiB,1592.9 MiB,8403.8 MiB,4096.0 MiB,4096.0 MiB,0.0 MiB,13531.5 MiB
Python 3.9.16,nbody.py 50000000,58,1690933427,344300,python,1:07.72,15764,8328,5584,100.0,0.1,283,2,280,1,0,13.3,0.8,0.0,85.9,0.0,0.0,0.0,0.0,15795.0 MiB,5798.2 MiB,1592.9 MiB,8403.8 MiB,4096.0 MiB,4096.0 MiB,0.0 MiB,13531.5 MiB
Python 3.9.16,nbody.py 50000000,59,1690933428,344300,python,1:08.88,15764,8328,5584,100.0,0.1,283,2,280,1,0,12.6,1.6,0.0,85.8,0.0,0.0,0.0,0.0,15795.0 MiB,5798.2 MiB,1592.9 MiB,8403.8 MiB,4096.0 MiB,4096.0 MiB,0.0 MiB,13531.5 MiB
Python 3.9.16,nbody.py 50000000,60,1690933429,344300,python,1:10.05,15764,8328,5584,100.0,0.1,283,2,280,1,0,12.7,0.0,0.0,87.3,0.0,0.0,0.0,0.0,15795.0 MiB,5798.2 MiB,1592.9 MiB,8403.8 MiB,4096.0 MiB,4096.0 MiB,0.0 MiB,13531.5 MiB
Python 3.9.16,nbody.py 50000000,61,1690933430,344300,python,1:11.21,15764,8328,5584,100.0,0.1,283,2,280,1,0,12.6,0.8,0.0,86.6,0.0,0.0,0.0,0.0,15795.0 MiB,5798.2 MiB,1592.9 MiB,8403.8 MiB,4096.0 MiB,4096.0 MiB,0.0 MiB,13531.5 MiB
Python 3.9.16,nbody.py 50000000,62,1690933431,344300,python,1:12.38,15764,8328,5584,100.0,0.1,283,2,280,1,0,13.3,0.8,0.0,85.9,0.0,0.0,0.0,0.0,15795.0 MiB,5798.7 MiB,1592.4 MiB,8403.9 MiB,4096.0 MiB,4096.0 MiB,0.0 MiB,13532.0 MiB
Python 3.9.16,nbody.py 50000000,63,1690933433,344300,python,1:13.54,15764,8328,5584,93.8,0.1,283,2,280,1,0,12.6,0.8,0.0,86.6,0.0,0.0,0.0,0.0,15795.0 MiB,5798.2 MiB,1592.9 MiB,8403.9 MiB,4096.0 MiB,4096.0 MiB,0.0 MiB,13531.5 MiB
Python 3.9.16,nbody.py 50000000,64,1690933434,344300,python,1:14.71,15764,8328,5584,100.0,0.1,283,2,280,1,0,12.7,0.8,0.0,86.5,0.0,0.0,0.0,0.0,15795.0 MiB,5797.7 MiB,1593.4 MiB,8403.9 MiB,4096.0 MiB,4096.0 MiB,0.0 MiB,13531.0 MiB
Python 3.9.16,nbody.py 50000000,65,1690933435,344300,python,1:15.88,15764,8328,5584,100.0,0.1,283,2,280,1,0,13.4,0.0,0.0,86.6,0.0,0.0,0.0,0.0,15795.0 MiB,5797.5 MiB,1593.6 MiB,8403.9 MiB,4096.0 MiB,4096.0 MiB,0.0 MiB,13530.8 MiB
Python 3.9.16,nbody.py 50000000,66,1690933436,344300,python,1:17.04,15764,8328,5584,100.0,0.1,283,2,280,1,0,13.4,0.0,0.0,86.6,0.0,0.0,0.0,0.0,15795.0 MiB,5797.7 MiB,1593.4 MiB,8403.9 MiB,4096.0 MiB,4096.0 MiB,0.0 MiB,13531.0 MiB
Python 3.9.16,nbody.py 50000000,67,1690933437,344300,python,1:18.21,15764,8328,5584,93.8,0.1,283,2,280,1,0,12.6,0.8,0.0,86.6,0.0,0.0,0.0,0.0,15795.0 MiB,5797.2 MiB,1593.8 MiB,8403.9 MiB,4096.0 MiB,4096.0 MiB,0.0 MiB,13530.6 MiB
Python 3.9.16,nbody.py 50000000,68,1690933438,344300,python,1:19.38,15764,8328,5584,100.0,0.1,283,2,280,1,0,13.3,0.8,0.0,85.9,0.0,0.0,0.0,0.0,15795.0 MiB,5797.2 MiB,1593.8 MiB,8403.9 MiB,4096.0 MiB,4096.0 MiB,0.0 MiB,13530.6 MiB
Python 3.9.16,nbody.py 50000000,69,1690933440,344300,python,1:20.54,15764,8328,5584,100.0,0.1,283,2,280,1,0,12.7,0.0,0.0,87.3,0.0,0.0,0.0,0.0,15795.0 MiB,5797.2 MiB,1594.0 MiB,8403.7 MiB,4096.0 MiB,4096.0 MiB,0.0 MiB,13530.6 MiB
Python 3.9.16,nbody.py 50000000,70,1690933441,344300,python,1:21.71,15764,8328,5584,100.0,0.1,283,2,280,1,0,13.4,0.8,0.0,85.8,0.0,0.0,0.0,0.0,15795.0 MiB,5797.0 MiB,1594.2 MiB,8403.7 MiB,4096.0 MiB,4096.0 MiB,0.0 MiB,13530.3 MiB
Python 3.9.16,nbody.py 50000000,71,1690933442,344300,python,1:22.87,15764,8328,5584,100.0,0.1,283,2,280,1,0,12.7,0.8,0.0,86.5,0.0,0.0,0.0,0.0,15795.0 MiB,5796.8 MiB,1594.5 MiB,8403.8 MiB,4096.0 MiB,4096.0 MiB,0.0 MiB,13530.1 MiB
Python 3.9.16,nbody.py 50000000,72,1690933443,344300,python,1:24.04,15764,8328,5584,93.8,0.1,283,2,280,1,0,12.6,0.8,0.0,86.6,0.0,0.0,0.0,0.0,15795.0 MiB,5797.3 MiB,1594.0 MiB,8403.8 MiB,4096.0 MiB,4096.0 MiB,0.0 MiB,13530.6 MiB
Python 3.9.16,nbody.py 50000000,73,1690933444,344300,python,1:25.21,15764,8328,5584,100.0,0.1,283,2,280,1,0,13.3,0.8,0.0,85.9,0.0,0.0,0.0,0.0,15795.0 MiB,5797.3 MiB,1594.0 MiB,8403.8 MiB,4096.0 MiB,4096.0 MiB,0.0 MiB,13530.6 MiB
Python 3.9.16,nbody.py 50000000,74,1690933445,344300,python,1:26.37,15764,8328,5584,100.0,0.1,283,2,280,1,0,13.3,0.8,0.0,85.9,0.0,0.0,0.0,0.0,15795.0 MiB,5797.0 MiB,1594.2 MiB,8403.8 MiB,4096.0 MiB,4096.0 MiB,0.0 MiB,13530.4 MiB
Python 3.9.16,nbody.py 50000000,75,1690933447,344300,python,1:27.54,15764,8328,5584,100.0,0.1,283,2,280,1,0,13.3,0.8,0.0,85.9,0.0,0.0,0.0,0.0,15795.0 MiB,5797.0 MiB,1594.2 MiB,8403.8 MiB,4096.0 MiB,4096.0 MiB,0.0 MiB,13530.4 MiB
Python 3.9.16,nbody.py 50000000,76,1690933448,344300,python,1:28.70,15764,8328,5584,93.8,0.1,283,2,280,1,0,12.7,0.0,0.0,87.3,0.0,0.0,0.0,0.0,15795.0 MiB,5797.0 MiB,1594.2 MiB,8403.8 MiB,4096.0 MiB,4096.0 MiB,0.0 MiB,13530.4 MiB
Python 3.9.16,nbody.py 50000000,77,1690933449,344300,python,1:29.87,15764,8328,5584,100.0,0.1,283,2,280,1,0,13.3,0.8,0.0,85.9,0.0,0.0,0.0,0.0,15795.0 MiB,5797.0 MiB,1594.2 MiB,8403.8 MiB,4096.0 MiB,4096.0 MiB,0.0 MiB,13530.4 MiB
Python 3.9.16,nbody.py 50000000,78,1690933450,344300,python,1:31.03,15764,8328,5584,93.8,0.1,283,2,280,1,0,12.7,0.8,0.0,86.5,0.0,0.0,0.0,0.0,15795.0 MiB,5797.0 MiB,1594.2 MiB,8403.8 MiB,4096.0 MiB,4096.0 MiB,0.0 MiB,13530.4 MiB
Python 3.9.16,nbody.py 50000000,79,1690933451,344300,python,1:32.20,15764,8328,5584,100.0,0.1,283,2,280,1,0,12.6,0.8,0.0,86.6,0.0,0.0,0.0,0.0,15795.0 MiB,5797.0 MiB,1594.2 MiB,8403.8 MiB,4096.0 MiB,4096.0 MiB,0.0 MiB,13530.4 MiB
Python 3.9.16,nbody.py 50000000,80,1690933452,344300,python,1:33.37,15764,8328,5584,100.0,0.1,283,2,280,1,0,12.7,0.0,0.0,87.3,0.0,0.0,0.0,0.0,15795.0 MiB,5796.5 MiB,1594.7 MiB,8403.8 MiB,4096.0 MiB,4096.0 MiB,0.0 MiB,13529.9 MiB
Python 3.9.16,nbody.py 50000000,81,1690933454,344300,python,1:34.53,15764,8328,5584,93.8,0.1,283,2,280,1,0,12.6,0.8,0.0,86.6,0.0,0.0,0.0,0.0,15795.0 MiB,5796.5 MiB,1594.6 MiB,8403.8 MiB,4096.0 MiB,4096.0 MiB,0.0 MiB,13529.9 MiB
Python 3.9.16,nbody.py 50000000,82,1690933455,344300,python,1:35.70,15764,8328,5584,100.0,0.1,283,2,280,1,0,12.6,0.8,0.0,86.6,0.0,0.0,0.0,0.0,15795.0 MiB,5796.0 MiB,1595.1 MiB,8403.8 MiB,4096.0 MiB,4096.0 MiB,0.0 MiB,13529.4 MiB
Python 3.9.16,nbody.py 50000000,83,1690933456,344300,python,1:36.87,15764,8328,5584,100.0,0.1,283,2,280,1,0,13.4,0.8,0.0,85.8,0.0,0.0,0.0,0.0,15795.0 MiB,5796.0 MiB,1595.1 MiB,8403.8 MiB,4096.0 MiB,4096.0 MiB,0.0 MiB,13529.4 MiB
Python 3.9.16,nbody.py 50000000,84,1690933457,344300,python,1:38.03,15764,8328,5584,100.0,0.1,283,2,280,1,0,12.7,0.0,0.0,87.3,0.0,0.0,0.0,0.0,15795.0 MiB,5796.0 MiB,1595.1 MiB,8403.8 MiB,4096.0 MiB,4096.0 MiB,0.0 MiB,13529.4 MiB
Python 3.9.16,nbody.py 50000000,85,1690933458,344300,python,1:39.20,15764,8328,5584,100.0,0.1,283,2,280,1,0,13.4,0.8,0.0,85.0,0.8,0.0,0.0,0.0,15795.0 MiB,5796.0 MiB,1595.1 MiB,8403.8 MiB,4096.0 MiB,4096.0 MiB,0.0 MiB,13529.4 MiB
Python 3.9.16,nbody.py 50000000,86,1690933459,344300,python,1:40.36,15764,8328,5584,93.8,0.1,283,2,280,1,0,12.7,0.0,0.0,87.3,0.0,0.0,0.0,0.0,15795.0 MiB,5796.0 MiB,1595.1 MiB,8403.8 MiB,4096.0 MiB,4096.0 MiB,0.0 MiB,13529.5 MiB
Python 3.9.16,nbody.py 50000000,87,1690933461,344300,python,1:41.53,15764,8328,5584,100.0,0.1,283,2,280,1,0,12.5,1.6,0.0,85.9,0.0,0.0,0.0,0.0,15795.0 MiB,5796.0 MiB,1595.1 MiB,8403.9 MiB,4096.0 MiB,4096.0 MiB,0.0 MiB,13529.5 MiB
Python 3.9.16,nbody.py 50000000,88,1690933462,344300,python,1:42.69,15764,8328,5584,93.8,0.1,283,2,280,1,0,12.7,0.0,0.0,87.3,0.0,0.0,0.0,0.0,15795.0 MiB,5796.0 MiB,1595.1 MiB,8403.9 MiB,4096.0 MiB,4096.0 MiB,0.0 MiB,13529.5 MiB
Python 3.9.16,nbody.py 50000000,89,1690933463,344300,python,1:43.86,15764,8328,5584,100.0,0.1,283,2,280,1,0,13.4,0.0,0.0,86.6,0.0,0.0,0.0,0.0,15795.0 MiB,5797.0 MiB,1594.1 MiB,8403.9 MiB,4096.0 MiB,4096.0 MiB,0.0 MiB,13530.5 MiB
Python 3.9.16,nbody.py 50000000,90,1690933464,344300,python,1:45.03,15764,8328,5584,100.0,0.1,283,2,280,1,0,12.7,0.8,0.0,86.5,0.0,0.0,0.0,0.0,15795.0 MiB,5797.5 MiB,1593.6 MiB,8403.9 MiB,4096.0 MiB,4096.0 MiB,0.0 MiB,13531.0 MiB
Python 3.9.16,nbody.py 50000000,91,1690933465,344300,python,1:46.19,15764,8328,5584,93.8,0.1,283,3,279,1,0,13.4,0.0,0.0,86.6,0.0,0.0,0.0,0.0,15795.0 MiB,5797.3 MiB,1593.8 MiB,8403.9 MiB,4096.0 MiB,4096.0 MiB,0.0 MiB,13530.7 MiB
Python 3.9.16,nbody.py 50000000,92,1690933466,344300,python,1:47.36,15764,8328,5584,100.0,0.1,283,2,280,1,0,13.4,0.0,0.0,86.6,0.0,0.0,0.0,0.0,15795.0 MiB,5797.0 MiB,1594.1 MiB,8403.9 MiB,4096.0 MiB,4096.0 MiB,0.0 MiB,13530.5 MiB
Python 3.9.16,nbody.py 50000000,93,1690933468,344300,python,1:48.53,15764,8328,5584,100.0,0.1,283,2,280,1,0,13.4,0.0,0.0,86.6,0.0,0.0,0.0,0.0,15795.0 MiB,5797.3 MiB,1593.8 MiB,8403.9 MiB,4096.0 MiB,4096.0 MiB,0.0 MiB,13530.7 MiB
Python 3.9.16,nbody.py 50000000,94,1690933469,344300,python,1:49.69,15764,8328,5584,93.8,0.1,281,2,278,1,0,13.3,0.8,0.0,85.9,0.0,0.0,0.0,0.0,15795.0 MiB,5797.8 MiB,1593.3 MiB,8403.9 MiB,4096.0 MiB,4096.0 MiB,0.0 MiB,13531.2 MiB
Python 3.9.16,nbody.py 50000000,95,1690933470,344300,python,1:50.86,15764,8328,5584,100.0,0.1,281,2,278,1,0,12.0,0.8,0.0,87.2,0.0,0.0,0.0,0.0,15795.0 MiB,5797.8 MiB,1593.3 MiB,8403.9 MiB,4096.0 MiB,4096.0 MiB,0.0 MiB,13531.2 MiB
Python 3.9.16,nbody.py 50000000,96,1690933471,344300,python,1:52.03,15764,8328,5584,100.0,0.1,281,2,278,1,0,13.3,1.6,0.0,85.2,0.0,0.0,0.0,0.0,15795.0 MiB,5797.5 MiB,1593.6 MiB,8403.9 MiB,4096.0 MiB,4096.0 MiB,0.0 MiB,13531.0 MiB
Python 3.9.16,nbody.py 50000000,97,1690933472,344300,python,1:53.19,15764,8328,5584,93.8,0.1,281,2,278,1,0,12.4,0.8,0.0,86.8,0.0,0.0,0.0,0.0,15795.0 MiB,5798.0 MiB,1593.1 MiB,8403.9 MiB,4096.0 MiB,4096.0 MiB,0.0 MiB,13531.5 MiB
Python 3.9.16,nbody.py 50000000,98,1690933473,344300,python,1:54.36,15764,8328,5584,100.0,0.1,281,2,278,1,0,12.6,0.8,0.0,86.6,0.0,0.0,0.0,0.0,15795.0 MiB,5798.0 MiB,1593.1 MiB,8403.9 MiB,4096.0 MiB,4096.0 MiB,0.0 MiB,13531.5 MiB
Python 3.9.16,nbody.py 50000000,99,1690933475,344300,python,1:55.53,15764,8328,5584,100.0,0.1,281,2,278,1,0,12.5,0.8,0.0,85.9,0.8,0.0,0.0,0.0,15795.0 MiB,5798.0 MiB,1593.0 MiB,8403.9 MiB,4096.0 MiB,4096.0 MiB,0.0 MiB,13531.5 MiB
Python 3.9.16,nbody.py 50000000,100,1690933476,344300,python,1:56.69,15764,8328,5584,93.8,0.1,281,2,278,1,0,12.7,0.0,0.0,87.3,0.0,0.0,0.0,0.0,15795.0 MiB,5799.0 MiB,1592.1 MiB,8403.9 MiB,4096.0 MiB,4096.0 MiB,0.0 MiB,13532.5 MiB
Python 3.9.16,nbody.py 50000000,101,1690933477,344300,python,1:57.86,15764,8328,5584,100.0,0.1,281,2,278,1,0,13.4,0.0,0.0,86.6,0.0,0.0,0.0,0.0,15795.0 MiB,5798.7 MiB,1592.3 MiB,8403.9 MiB,4096.0 MiB,4096.0 MiB,0.0 MiB,13532.3 MiB
Python 3.9.16,nbody.py 50000000,102,1690933478,344300,python,1:59.03,15764,8328,5584,100.0,0.1,281,2,278,1,0,12.5,1.6,0.0,85.9,0.0,0.0,0.0,0.0,15795.0 MiB,5798.3 MiB,1592.8 MiB,8403.9 MiB,4096.0 MiB,4096.0 MiB,0.0 MiB,13531.8 MiB
Python 3.9.16,nbody.py 50000000,103,1690933479,344300,python,2:00.19,15764,8328,5584,100.0,0.1,281,2,278,1,0,13.4,1.6,0.0,85.0,0.0,0.0,0.0,0.0,15795.0 MiB,5798.0 MiB,1593.0 MiB,8403.9 MiB,4096.0 MiB,4096.0 MiB,0.0 MiB,13531.5 MiB
Python 3.9.16,nbody.py 50000000,104,1690933480,344300,python,2:01.36,15764,8328,5584,100.0,0.1,281,2,278,1,0,14.1,0.8,0.0,85.2,0.0,0.0,0.0,0.0,15795.0 MiB,5798.0 MiB,1593.0 MiB,8404.0 MiB,4096.0 MiB,4096.0 MiB,0.0 MiB,13531.6 MiB
Python 3.9.16,nbody.py 50000000,105,1690933482,344300,python,2:02.52,15764,8328,5584,93.8,0.1,281,2,278,1,0,13.4,0.0,0.0,86.6,0.0,0.0,0.0,0.0,15795.0 MiB,5798.3 MiB,1592.8 MiB,8404.0 MiB,4096.0 MiB,4096.0 MiB,0.0 MiB,13531.8 MiB
Python 3.9.16,nbody.py 50000000,106,1690933483,344300,python,2:03.69,15764,8328,5584,100.0,0.1,281,2,278,1,0,11.9,0.8,0.0,87.3,0.0,0.0,0.0,0.0,15795.0 MiB,5798.8 MiB,1592.3 MiB,8404.0 MiB,4096.0 MiB,4096.0 MiB,0.0 MiB,13532.3 MiB
Python 3.9.16,nbody.py 50000000,107,1690933484,344300,python,2:04.86,15764,8328,5584,100.0,0.1,281,2,278,1,0,13.3,0.8,0.0,85.9,0.0,0.0,0.0,0.0,15795.0 MiB,5798.5 MiB,1592.5 MiB,8404.0 MiB,4096.0 MiB,4096.0 MiB,0.0 MiB,13532.1 MiB
Python 3.9.16,nbody.py 50000000,108,1690933485,344300,python,2:06.02,15764,8328,5584,93.8,0.1,281,2,278,1,0,12.6,0.8,0.0,86.6,0.0,0.0,0.0,0.0,15795.0 MiB,5798.8 MiB,1592.3 MiB,8404.0 MiB,4096.0 MiB,4096.0 MiB,0.0 MiB,13532.3 MiB
Python 3.9.16,nbody.py 50000000,109,1690933486,344300,python,2:07.19,15764,8328,5584,100.0,0.1,281,2,278,1,0,12.6,1.6,0.0,85.8,0.0,0.0,0.0,0.0,15795.0 MiB,5798.8 MiB,1592.2 MiB,8404.0 MiB,4096.0 MiB,4096.0 MiB,0.0 MiB,13532.3 MiB
Python 3.9.16,nbody.py 50000000,110,1690933487,344300,python,2:08.35,15764,8328,5584,93.8,0.1,281,2,278,1,0,12.8,0.0,0.0,87.2,0.0,0.0,0.0,0.0,15795.0 MiB,5798.8 MiB,1592.2 MiB,8404.0 MiB,4096.0 MiB,4096.0 MiB,0.0 MiB,13532.3 MiB
Python 3.9.16,nbody.py 50000000,111,1690933489,344300,python,2:09.52,15764,8328,5584,100.0,0.1,281,2,278,1,0,13.3,0.8,0.0,85.9,0.0,0.0,0.0,0.0,15795.0 MiB,5798.8 MiB,1592.2 MiB,8404.0 MiB,4096.0 MiB,4096.0 MiB,0.0 MiB,13532.3 MiB
Python 3.9.16,nbody.py 50000000,112,1690933490,344300,python,2:10.68,15764,8328,5584,93.8,0.1,281,2,278,1,0,11.9,0.8,0.0,87.3,0.0,0.0,0.0,0.0,15795.0 MiB,5798.8 MiB,1592.2 MiB,8404.0 MiB,4096.0 MiB,4096.0 MiB,0.0 MiB,13532.3 MiB
Python 3.9.16,nbody.py 50000000,113,1690933491,344300,python,2:11.85,15764,8328,5584,93.8,0.1,281,2,278,1,0,12.6,0.8,0.0,86.6,0.0,0.0,0.0,0.0,15795.0 MiB,5798.8 MiB,1592.2 MiB,8404.0 MiB,4096.0 MiB,4096.0 MiB,0.0 MiB,13532.4 MiB
Python 3.9.16,nbody.py 50000000,114,1690933492,344300,python,2:13.02,15764,8328,5584,100.0,0.1,281,2,278,1,0,12.5,0.8,0.0,86.7,0.0,0.0,0.0,0.0,15795.0 MiB,5798.8 MiB,1592.2 MiB,8404.0 MiB,4096.0 MiB,4096.0 MiB,0.0 MiB,13532.4 MiB
Python 3.9.16,nbody.py 50000000,115,1690933493,344300,python,2:14.18,15764,8328,5584,93.8,0.1,281,2,278,1,0,13.3,0.8,0.0,85.9,0.0,0.0,0.0,0.0,15795.0 MiB,5799.0 MiB,1591.9 MiB,8404.0 MiB,4096.0 MiB,4096.0 MiB,0.0 MiB,13532.6 MiB
Python 3.9.16,nbody.py 50000000,116,1690933494,344300,python,2:15.35,15764,8328,5584,100.0,0.1,281,2,278,1,0,12.6,0.8,0.0,85.8,0.0,0.0,0.8,0.0,15795.0 MiB,5799.2 MiB,1591.7 MiB,8404.1 MiB,4096.0 MiB,4096.0 MiB,0.0 MiB,13532.9 MiB
Python 3.9.16,nbody.py 50000000,117,1690933496,344300,python,2:16.52,15764,8328,5584,100.0,0.1,281,2,278,1,0,14.1,0.8,0.0,85.2,0.0,0.0,0.0,0.0,15795.0 MiB,5799.2 MiB,1591.7 MiB,8404.1 MiB,4096.0 MiB,4096.0 MiB,0.0 MiB,13532.9 MiB
Python 3.9.16,nbody.py 50000000,118,1690933497,344300,python,2:17.68,15764,8328,5584,93.8,0.1,281,2,278,1,0,13.3,0.8,0.0,85.9,0.0,0.0,0.0,0.0,15795.0 MiB,5799.0 MiB,1591.9 MiB,8404.1 MiB,4096.0 MiB,4096.0 MiB,0.0 MiB,13532.6 MiB
Python 3.9.16,nbody.py 50000000,119,1690933498,344300,python,2:18.85,15764,8328,5584,93.8,0.1,281,2,278,1,0,12.4,2.3,0.0,84.5,0.8,0.0,0.0,0.0,15795.0 MiB,5803.2 MiB,1586.9 MiB,8404.9 MiB,4096.0 MiB,4096.0 MiB,0.0 MiB,13537.7 MiB
Python 3.9.16,nbody.py 50000000,120,1690933499,344300,python,2:20.02,15764,8328,5584,100.0,0.1,281,2,278,1,0,13.3,0.8,0.0,85.9,0.0,0.0,0.0,0.0,15795.0 MiB,5801.9 MiB,1587.9 MiB,8405.2 MiB,4096.0 MiB,4096.0 MiB,0.0 MiB,13536.6 MiB
Python 3.9.16,nbody.py 50000000,121,1690933500,344300,python,2:21.18,15764,8328,5584,93.8,0.1,281,2,278,1,0,12.6,0.8,0.0,86.6,0.0,0.0,0.0,0.0,15795.0 MiB,5801.5 MiB,1588.2 MiB,8405.4 MiB,4096.0 MiB,4096.0 MiB,0.0 MiB,13536.4 MiB
Python 3.9.16,nbody.py 50000000,122,1690933501,344300,python,2:22.35,15764,8328,5584,100.0,0.1,281,2,278,1,0,13.4,0.0,0.0,86.6,0.0,0.0,0.0,0.0,15795.0 MiB,5800.5 MiB,1589.1 MiB,8405.4 MiB,4096.0 MiB,4096.0 MiB,0.0 MiB,13535.4 MiB
Python 3.9.16,nbody.py 50000000,123,1690933503,344300,python,2:23.52,15764,8328,5584,100.0,0.1,281,2,278,1,0,14.1,0.8,0.0,85.2,0.0,0.0,0.0,0.0,15795.0 MiB,5800.2 MiB,1589.4 MiB,8405.4 MiB,4096.0 MiB,4096.0 MiB,0.0 MiB,13535.2 MiB
Python 3.9.16,nbody.py 50000000,124,1690933504,344300,python,2:24.68,15764,8328,5584,93.8,0.1,281,2,278,1,0,13.4,0.0,0.0,86.6,0.0,0.0,0.0,0.0,15795.0 MiB,5799.0 MiB,1590.6 MiB,8405.4 MiB,4096.0 MiB,4096.0 MiB,0.0 MiB,13534.0 MiB
Python 3.9.16,nbody.py 50000000,125,1690933505,344300,python,2:25.85,15764,8328,5584,100.0,0.1,281,2,278,1,0,11.9,0.8,0.0,87.3,0.0,0.0,0.0,0.0,15795.0 MiB,5799.7 MiB,1589.8 MiB,8405.4 MiB,4096.0 MiB,4096.0 MiB,0.0 MiB,13534.7 MiB
Python 3.9.16,nbody.py 50000000,126,1690933506,344300,python,2:27.02,15764,8328,5584,100.0,0.1,281,2,278,1,0,13.1,0.0,0.0,86.9,0.0,0.0,0.0,0.0,15795.0 MiB,5800.0 MiB,1589.6 MiB,8405.4 MiB,4096.0 MiB,4096.0 MiB,0.0 MiB,13535.0 MiB
Python 3.9.16,nbody.py 50000000,127,1690933507,344300,python,2:28.18,15764,8328,5584,100.0,0.1,281,2,278,1,0,12.7,0.0,0.0,87.3,0.0,0.0,0.0,0.0,15795.0 MiB,5799.5 MiB,1590.1 MiB,8405.4 MiB,4096.0 MiB,4096.0 MiB,0.0 MiB,13534.5 MiB
Python 3.9.16,nbody.py 50000000,128,1690933508,344300,python,2:29.35,15764,8328,5584,93.8,0.1,281,2,278,1,0,12.8,0.0,0.0,87.2,0.0,0.0,0.0,0.0,15795.0 MiB,5799.5 MiB,1590.1 MiB,8405.4 MiB,4096.0 MiB,4096.0 MiB,0.0 MiB,13534.5 MiB
Python 3.9.16,nbody.py 50000000,129,1690933510,344300,python,2:30.52,15764,8328,5584,100.0,0.1,281,2,278,1,0,14.2,0.8,0.0,85.0,0.0,0.0,0.0,0.0,15795.0 MiB,5799.7 MiB,1589.8 MiB,8405.4 MiB,4096.0 MiB,4096.0 MiB,0.0 MiB,13534.7 MiB
Python 3.9.16,nbody.py 50000000,130,1690933511,344300,python,2:31.68,15764,8328,5584,93.8,0.1,281,2,278,1,0,12.6,0.8,0.0,86.6,0.0,0.0,0.0,0.0,15795.0 MiB,5799.5 MiB,1590.1 MiB,8405.4 MiB,4096.0 MiB,4096.0 MiB,0.0 MiB,13534.5 MiB
Python 3.9.16,nbody.py 50000000,131,1690933512,344300,python,2:32.85,15764,8328,5584,100.0,0.1,281,2,278,1,0,12.7,0.0,0.0,87.3,0.0,0.0,0.0,0.0,15795.0 MiB,5799.3 MiB,1590.2 MiB,8405.4 MiB,4096.0 MiB,4096.0 MiB,0.0 MiB,13534.3 MiB
Python 3.9.16,nbody.py 50000000,132,1690933513,344300,python,2:34.01,15764,8328,5584,100.0,0.1,281,2,278,1,0,12.7,0.8,0.0,86.5,0.0,0.0,0.0,0.0,15795.0 MiB,5799.3 MiB,1590.2 MiB,8405.4 MiB,4096.0 MiB,4096.0 MiB,0.0 MiB,13534.3 MiB
Python 3.9.16,nbody.py 50000000,133,1690933514,344300,python,2:35.18,15764,8328,5584,93.8,0.1,281,2,278,1,0,13.5,0.0,0.0,86.5,0.0,0.0,0.0,0.0,15795.0 MiB,5799.1 MiB,1590.5 MiB,8405.4 MiB,4096.0 MiB,4096.0 MiB,0.0 MiB,13534.1 MiB
Python 3.9.16,nbody.py 50000000,134,1690933515,344300,python,2:36.35,15764,8328,5584,100.0,0.1,281,2,278,1,0,13.3,0.8,0.0,85.9,0.0,0.0,0.0,0.0,15795.0 MiB,5799.1 MiB,1590.5 MiB,8405.4 MiB,4096.0 MiB,4096.0 MiB,0.0 MiB,13534.1 MiB
Python 3.9.16,nbody.py 50000000,135,1690933517,344300,python,2:37.51,15764,8328,5584,93.8,0.1,281,2,278,1,0,12.7,0.0,0.0,87.3,0.0,0.0,0.0,0.0,15795.0 MiB,5799.1 MiB,1590.5 MiB,8405.5 MiB,4096.0 MiB,4096.0 MiB,0.0 MiB,13534.1 MiB
Python 3.9.16,nbody.py 50000000,136,1690933518,344300,python,2:38.68,15764,8328,5584,100.0,0.1,281,2,278,1,0,12.7,0.8,0.0,86.5,0.0,0.0,0.0,0.0,15795.0 MiB,5799.1 MiB,1590.5 MiB,8405.5 MiB,4096.0 MiB,4096.0 MiB,0.0 MiB,13534.1 MiB
Python 3.9.16,nbody.py 50000000,137,1690933519,344300,python,2:39.84,15764,8328,5584,93.8,0.1,281,2,278,1,0,11.8,0.8,0.0,87.4,0.0,0.0,0.0,0.0,15795.0 MiB,5799.1 MiB,1590.5 MiB,8405.5 MiB,4096.0 MiB,4096.0 MiB,0.0 MiB,13534.1 MiB
Python 3.9.16,nbody.py 50000000,138,1690933520,344300,python,2:41.01,15764,8328,5584,100.0,0.1,281,2,278,1,0,13.4,0.0,0.0,86.6,0.0,0.0,0.0,0.0,15795.0 MiB,5799.1 MiB,1590.4 MiB,8405.5 MiB,4096.0 MiB,4096.0 MiB,0.0 MiB,13534.1 MiB
Python 3.9.16,nbody.py 50000000,139,1690933521,344300,python,2:42.18,15764,8328,5584,100.0,0.1,281,2,278,1,0,13.4,0.0,0.0,86.6,0.0,0.0,0.0,0.0,15795.0 MiB,5799.1 MiB,1590.4 MiB,8405.5 MiB,4096.0 MiB,4096.0 MiB,0.0 MiB,13534.1 MiB
Python 3.9.16,nbody.py 50000000,140,1690933522,344300,python,2:43.34,15764,8328,5584,93.8,0.1,281,2,278,1,0,13.3,0.8,0.0,85.9,0.0,0.0,0.0,0.0,15795.0 MiB,5798.6 MiB,1590.9 MiB,8405.5 MiB,4096.0 MiB,4096.0 MiB,0.0 MiB,13533.7 MiB
Python 3.9.16,nbody.py 50000000,141,1690933524,344300,python,2:44.51,15764,8328,5584,100.0,0.1,281,2,278,1,0,13.4,0.0,0.0,86.6,0.0,0.0,0.0,0.0,15795.0 MiB,5799.1 MiB,1590.4 MiB,8405.5 MiB,4096.0 MiB,4096.0 MiB,0.0 MiB,13534.2 MiB
Python 3.9.16,nbody.py 50000000,142,1690933525,344300,python,2:45.67,15764,8328,5584,100.0,0.1,281,2,278,1,0,13.3,1.6,0.0,85.2,0.0,0.0,0.0,0.0,15795.0 MiB,5799.8 MiB,1589.7 MiB,8405.5 MiB,4096.0 MiB,4096.0 MiB,0.0 MiB,13534.9 MiB
Python 3.9.16,nbody.py 50000000,143,1690933526,344300,python,2:46.84,15764,8328,5584,93.8,0.1,281,2,278,1,0,12.7,0.0,0.0,87.3,0.0,0.0,0.0,0.0,15795.0 MiB,5799.6 MiB,1589.9 MiB,8405.5 MiB,4096.0 MiB,4096.0 MiB,0.0 MiB,13534.6 MiB
Python 3.9.16,nbody.py 50000000,144,1690933527,344300,python,2:48.01,15764,8328,5584,100.0,0.1,281,2,278,1,0,12.6,0.8,0.0,86.6,0.0,0.0,0.0,0.0,15795.0 MiB,5799.1 MiB,1590.4 MiB,8405.5 MiB,4096.0 MiB,4096.0 MiB,0.0 MiB,13534.2 MiB
Python 3.9.16,nbody.py 50000000,145,1690933528,344300,python,2:49.18,15764,8328,5584,100.0,0.1,281,2,278,1,0,13.4,0.0,0.0,86.6,0.0,0.0,0.0,0.0,15795.0 MiB,5798.8 MiB,1590.6 MiB,8405.5 MiB,4096.0 MiB,4096.0 MiB,0.0 MiB,13533.9 MiB
Python 3.9.16,nbody.py 50000000,146,1690933529,344300,python,2:50.34,15764,8328,5584,93.8,0.1,281,2,278,1,0,13.5,0.0,0.0,86.5,0.0,0.0,0.0,0.0,15795.0 MiB,5799.3 MiB,1590.1 MiB,8405.5 MiB,4096.0 MiB,4096.0 MiB,0.0 MiB,13534.4 MiB
Python 3.9.16,nbody.py 50000000,147,1690933531,344300,python,2:51.51,15764,8328,5584,100.0,0.1,281,2,278,1,0,12.6,0.8,0.0,86.6,0.0,0.0,0.0,0.0,15795.0 MiB,5799.8 MiB,1589.6 MiB,8405.5 MiB,4096.0 MiB,4096.0 MiB,0.0 MiB,13534.9 MiB
Python 3.9.16,nbody.py 50000000,148,1690933532,344300,python,2:52.67,15764,8328,5584,100.0,0.1,281,2,278,1,0,12.5,1.6,0.0,85.9,0.0,0.0,0.0,0.0,15795.0 MiB,5799.8 MiB,1589.6 MiB,8405.6 MiB,4096.0 MiB,4096.0 MiB,0.0 MiB,13534.9 MiB
Python 3.9.16,nbody.py 50000000,149,1690933533,344300,python,2:53.84,15764,8328,5584,93.8,0.1,281,2,278,1,0,12.6,0.8,0.0,85.8,0.0,0.0,0.8,0.0,15795.0 MiB,5799.6 MiB,1589.9 MiB,8405.6 MiB,4096.0 MiB,4096.0 MiB,0.0 MiB,13534.7 MiB
Python 3.9.16,nbody.py 50000000,150,1690933534,344300,python,2:55.01,15764,8328,5584,100.0,0.1,281,2,278,1,0,13.3,0.8,0.0,85.9,0.0,0.0,0.0,0.0,15795.0 MiB,5799.6 MiB,1589.9 MiB,8405.6 MiB,4096.0 MiB,4096.0 MiB,0.0 MiB,13534.7 MiB
Python 3.9.16,nbody.py 50000000,151,1690933535,344300,python,2:56.17,15764,8328,5584,93.8,0.1,281,2,278,1,0,12.7,0.0,0.0,87.3,0.0,0.0,0.0,0.0,15795.0 MiB,5799.6 MiB,1589.8 MiB,8405.6 MiB,4096.0 MiB,4096.0 MiB,0.0 MiB,13534.7 MiB
Python 3.9.16,nbody.py 50000000,152,1690933536,344300,python,2:57.34,15764,8328,5584,100.0,0.1,281,2,278,1,0,13.5,0.0,0.0,86.5,0.0,0.0,0.0,0.0,15795.0 MiB,5799.3 MiB,1590.1 MiB,8405.6 MiB,4096.0 MiB,4096.0 MiB,0.0 MiB,13534.5 MiB
Python 3.9.16,nbody.py 50000000,153,1690933538,344300,python,2:58.51,15764,8328,5584,100.0,0.1,281,2,278,1,0,13.2,0.0,0.0,86.8,0.0,0.0,0.0,0.0,15795.0 MiB,5799.3 MiB,1590.1 MiB,8405.6 MiB,4096.0 MiB,4096.0 MiB,0.0 MiB,13534.5 MiB
Python 3.9.16,nbody.py 50000000,154,1690933539,344300,python,2:59.67,15764,8328,5584,100.0,0.1,281,2,278,1,0,13.4,0.0,0.0,86.6,0.0,0.0,0.0,0.0,15795.0 MiB,5799.3 MiB,1590.1 MiB,8405.6 MiB,4096.0 MiB,4096.0 MiB,0.0 MiB,13534.5 MiB
Python 3.9.16,nbody.py 50000000,155,1690933540,344300,python,3:00.84,15764,8328,5584,93.8,0.1,281,2,278,1,0,12.5,0.8,0.0,85.9,0.8,0.0,0.0,0.0,15795.0 MiB,5799.1 MiB,1590.3 MiB,8405.6 MiB,4096.0 MiB,4096.0 MiB,0.0 MiB,13534.2 MiB
Python 3.9.16,nbody.py 50000000,156,1690933541,344300,python,3:02.01,15764,8328,5584,100.0,0.1,281,2,278,1,0,13.3,0.8,0.0,85.9,0.0,0.0,0.0,0.0,15795.0 MiB,5798.8 MiB,1590.5 MiB,8405.6 MiB,4096.0 MiB,4096.0 MiB,0.0 MiB,13534.0 MiB
Python 3.9.16,nbody.py 50000000,157,1690933542,344300,python,3:03.17,15764,8328,5584,100.0,0.1,281,2,278,1,0,13.8,1.5,0.0,84.6,0.0,0.0,0.0,0.0,15795.0 MiB,5798.8 MiB,1590.5 MiB,8405.6 MiB,4096.0 MiB,4096.0 MiB,0.0 MiB,13534.0 MiB
Python 3.9.16,nbody.py 50000000,158,1690933543,344300,python,3:04.34,15764,8328,5584,93.8,0.1,281,2,278,1,0,12.6,0.8,0.0,86.6,0.0,0.0,0.0,0.0,15795.0 MiB,5799.1 MiB,1590.3 MiB,8405.6 MiB,4096.0 MiB,4096.0 MiB,0.0 MiB,13534.3 MiB
Python 3.9.16,nbody.py 50000000,159,1690933545,344300,python,3:05.51,15764,8328,5584,100.0,0.1,281,2,278,1,0,12.6,1.6,0.0,85.8,0.0,0.0,0.0,0.0,15795.0 MiB,5799.1 MiB,1590.3 MiB,8405.6 MiB,4096.0 MiB,4096.0 MiB,0.0 MiB,13534.3 MiB
Python 3.9.16,nbody.py 50000000,160,1690933546,344300,python,3:06.67,15764,8328,5584,93.8,0.1,281,2,278,1,0,12.6,0.8,0.0,86.6,0.0,0.0,0.0,0.0,15795.0 MiB,5799.3 MiB,1590.0 MiB,8405.6 MiB,4096.0 MiB,4096.0 MiB,0.0 MiB,13534.5 MiB
Python 3.9.16,nbody.py 50000000,161,1690933547,344300,python,3:07.84,15764,8328,5584,100.0,0.1,281,2,278,1,0,12.8,0.0,0.0,87.2,0.0,0.0,0.0,0.0,15795.0 MiB,5799.3 MiB,1590.0 MiB,8405.6 MiB,4096.0 MiB,4096.0 MiB,0.0 MiB,13534.5 MiB
Python 3.9.16,nbody.py 50000000,162,1690933548,344300,python,3:09.00,15764,8328,5584,100.0,0.1,281,2,278,1,0,13.3,0.8,0.0,85.9,0.0,0.0,0.0,0.0,15795.0 MiB,5799.3 MiB,1590.0 MiB,8405.6 MiB,4096.0 MiB,4096.0 MiB,0.0 MiB,13534.5 MiB
Python 3.9.16,nbody.py 50000000,163,1690933549,344300,python,3:10.17,15764,8328,5584,100.0,0.1,281,2,278,1,0,12.6,0.8,0.0,86.6,0.0,0.0,0.0,0.0,15795.0 MiB,5799.3 MiB,1590.0 MiB,8405.6 MiB,4096.0 MiB,4096.0 MiB,0.0 MiB,13534.5 MiB
Python 3.9.16,nbody.py 50000000,164,1690933550,344300,python,3:11.33,15764,8328,5584,100.0,0.1,280,2,277,1,0,12.6,0.8,0.0,86.6,0.0,0.0,0.0,0.0,15795.0 MiB,5799.1 MiB,1590.2 MiB,8405.7 MiB,4096.0 MiB,4096.0 MiB,0.0 MiB,13534.3 MiB
Python 3.9.16,nbody.py 50000000,165,1690933552,344300,python,3:12.50,15764,8328,5584,100.0,0.1,280,2,277,1,0,12.6,1.6,0.0,85.8,0.0,0.0,0.0,0.0,15795.0 MiB,5798.8 MiB,1590.5 MiB,8405.7 MiB,4096.0 MiB,4096.0 MiB,0.0 MiB,13534.1 MiB
Python 3.9.16,nbody.py 50000000,166,1690933553,344300,python,3:13.66,15764,8328,5584,100.0,0.1,280,2,277,1,0,12.7,0.0,0.0,87.3,0.0,0.0,0.0,0.0,15795.0 MiB,5798.8 MiB,1590.5 MiB,8405.7 MiB,4096.0 MiB,4096.0 MiB,0.0 MiB,13534.1 MiB
Python 3.9.16,nbody.py 50000000,167,1690933554,344300,python,3:14.83,15764,8328,5584,93.8,0.1,280,2,277,1,0,13.3,0.8,0.0,85.9,0.0,0.0,0.0,0.0,15795.0 MiB,5798.6 MiB,1590.7 MiB,8405.7 MiB,4096.0 MiB,4096.0 MiB,0.0 MiB,13533.8 MiB
Python 3.9.16,nbody.py 50000000,168,1690933555,344300,python,3:16.00,15764,8328,5584,100.0,0.1,280,2,277,1,0,11.9,0.8,0.0,87.3,0.0,0.0,0.0,0.0,15795.0 MiB,5798.6 MiB,1590.7 MiB,8405.7 MiB,4096.0 MiB,4096.0 MiB,0.0 MiB,13533.9 MiB
Python 3.9.16,nbody.py 50000000,169,1690933556,344300,python,3:17.16,15764,8328,5584,100.0,0.1,279,2,276,1,0,12.6,0.8,0.0,85.8,0.8,0.0,0.0,0.0,15795.0 MiB,5798.6 MiB,1590.7 MiB,8405.7 MiB,4096.0 MiB,4096.0 MiB,0.0 MiB,13533.9 MiB
Python 3.9.16,nbody.py 50000000,170,1690933557,344300,python,3:18.33,15764,8328,5584,93.8,0.1,279,2,276,1,0,12.6,0.8,0.0,86.6,0.0,0.0,0.0,0.0,15795.0 MiB,5798.3 MiB,1590.9 MiB,8405.7 MiB,4096.0 MiB,4096.0 MiB,0.0 MiB,13533.6 MiB
Python 3.9.16,nbody.py 50000000,171,1690933559,344300,python,3:19.50,15764,8328,5584,100.0,0.1,279,2,276,1,0,13.5,0.0,0.0,86.5,0.0,0.0,0.0,0.0,15795.0 MiB,5797.4 MiB,1591.9 MiB,8405.7 MiB,4096.0 MiB,4096.0 MiB,0.0 MiB,13532.6 MiB
Python 3.9.16,nbody.py 50000000,172,1690933560,344300,python,3:20.66,15764,8328,5584,93.8,0.1,279,2,276,1,0,12.7,0.0,0.0,87.3,0.0,0.0,0.0,0.0,15795.0 MiB,5797.4 MiB,1591.9 MiB,8405.7 MiB,4096.0 MiB,4096.0 MiB,0.0 MiB,13532.6 MiB
Python 3.9.16,nbody.py 50000000,173,1690933561,344300,python,3:21.83,15764,8328,5584,100.0,0.1,279,2,276,1,0,12.6,0.8,0.0,86.6,0.0,0.0,0.0,0.0,15795.0 MiB,5797.4 MiB,1591.9 MiB,8405.7 MiB,4096.0 MiB,4096.0 MiB,0.0 MiB,13532.6 MiB
Python 3.9.16,nbody.py 50000000,174,1690933562,344300,python,3:22.99,15764,8328,5584,100.0,0.1,279,2,276,1,0,12.7,0.0,0.0,87.3,0.0,0.0,0.0,0.0,15795.0 MiB,5797.6 MiB,1591.6 MiB,8405.7 MiB,4096.0 MiB,4096.0 MiB,0.0 MiB,13532.9 MiB
Python 3.9.16,nbody.py 50000000,175,1690933563,344300,python,3:24.16,15764,8328,5584,100.0,0.1,279,2,276,1,0,13.4,0.8,0.0,85.8,0.0,0.0,0.0,0.0,15795.0 MiB,5797.1 MiB,1592.1 MiB,8405.7 MiB,4096.0 MiB,4096.0 MiB,0.0 MiB,13532.4 MiB
Python 3.9.16,nbody.py 50000000,176,1690933564,344300,python,3:25.32,15764,8328,5584,100.0,0.1,279,2,276,1,0,12.6,1.6,0.0,85.8,0.0,0.0,0.0,0.0,15795.0 MiB,5796.9 MiB,1592.4 MiB,8405.7 MiB,4096.0 MiB,4096.0 MiB,0.0 MiB,13532.2 MiB
Python 3.9.16,nbody.py 50000000,177,1690933566,344300,python,3:26.49,15764,8328,5584,93.8,0.1,279,2,276,1,0,14.0,0.8,0.0,85.3,0.0,0.0,0.0,0.0,15795.0 MiB,5796.9 MiB,1592.4 MiB,8405.8 MiB,4096.0 MiB,4096.0 MiB,0.0 MiB,13532.2 MiB
Python 3.9.16,nbody.py 50000000,178,1690933567,344300,python,3:27.66,15764,8328,5584,100.0,0.1,279,2,276,1,0,12.7,0.0,0.0,87.3,0.0,0.0,0.0,0.0,15795.0 MiB,5796.6 MiB,1592.6 MiB,8405.8 MiB,4096.0 MiB,4096.0 MiB,0.0 MiB,13532.0 MiB
Python 3.9.16,nbody.py 50000000,179,1690933568,344300,python,3:28.82,15764,8328,5584,100.0,0.1,279,2,276,1,0,12.7,0.0,0.0,87.3,0.0,0.0,0.0,0.0,15795.0 MiB,5797.1 MiB,1592.1 MiB,8405.8 MiB,4096.0 MiB,4096.0 MiB,0.0 MiB,13532.5 MiB
Python 3.9.16,nbody.py 50000000,180,1690933569,344300,python,3:29.99,15764,8328,5584,100.0,0.1,279,2,276,1,0,13.4,0.0,0.0,86.6,0.0,0.0,0.0,0.0,15795.0 MiB,5797.1 MiB,1592.1 MiB,8405.8 MiB,4096.0 MiB,4096.0 MiB,0.0 MiB,13532.5 MiB
Python 3.9.16,nbody.py 50000000,181,1690933570,344300,python,3:31.15,15764,8328,5584,100.0,0.1,279,2,276,1,0,12.6,0.8,0.0,86.6,0.0,0.0,0.0,0.0,15795.0 MiB,5797.4 MiB,1591.8 MiB,8405.8 MiB,4096.0 MiB,4096.0 MiB,0.0 MiB,13532.7 MiB
Python 3.9.16,nbody.py 50000000,182,1690933571,344300,python,3:32.32,15764,8328,5584,100.0,0.1,279,2,276,1,0,14.1,0.8,0.0,85.2,0.0,0.0,0.0,0.0,15795.0 MiB,5797.1 MiB,1592.1 MiB,8405.8 MiB,4096.0 MiB,4096.0 MiB,0.0 MiB,13532.5 MiB
Python 3.9.16,nbody.py 50000000,183,1690933573,344300,python,3:33.48,15764,8328,5584,100.0,0.1,279,2,276,1,0,12.7,0.8,0.0,86.5,0.0,0.0,0.0,0.0,15795.0 MiB,5797.4 MiB,1591.8 MiB,8405.8 MiB,4096.0 MiB,4096.0 MiB,0.0 MiB,13532.7 MiB
Python 3.9.16,nbody.py 50000000,184,1690933574,344300,python,3:34.65,15764,8328,5584,93.8,0.1,279,2,276,1,0,12.7,0.0,0.0,87.3,0.0,0.0,0.0,0.0,15795.0 MiB,5797.4 MiB,1591.8 MiB,8405.8 MiB,4096.0 MiB,4096.0 MiB,0.0 MiB,13532.7 MiB
Python 3.9.16,nbody.py 50000000,185,1690933575,344300,python,3:35.82,15764,8328,5584,100.0,0.1,279,2,276,1,0,12.0,0.8,0.0,87.2,0.0,0.0,0.0,0.0,15795.0 MiB,5797.4 MiB,1591.8 MiB,8405.8 MiB,4096.0 MiB,4096.0 MiB,0.0 MiB,13532.7 MiB
Python 3.9.16,nbody.py 50000000,186,1690933576,344300,python,3:36.98,15764,8328,5584,100.0,0.1,279,2,276,1,0,13.4,0.0,0.0,86.6,0.0,0.0,0.0,0.0,15795.0 MiB,5796.9 MiB,1592.3 MiB,8405.8 MiB,4096.0 MiB,4096.0 MiB,0.0 MiB,13532.3 MiB
Python 3.9.16,nbody.py 50000000,187,1690933577,344300,python,3:38.15,15764,8328,5584,93.8,0.1,279,2,276,1,0,13.3,0.8,0.0,85.9,0.0,0.0,0.0,0.0,15795.0 MiB,5796.9 MiB,1592.3 MiB,8405.8 MiB,4096.0 MiB,4096.0 MiB,0.0 MiB,13532.3 MiB
Python 3.9.16,nbody.py 50000000,188,1690933578,344300,python,3:39.32,15764,8328,5584,100.0,0.1,279,2,276,1,0,13.4,0.0,0.0,86.6,0.0,0.0,0.0,0.0,15795.0 MiB,5796.9 MiB,1592.3 MiB,8405.8 MiB,4096.0 MiB,4096.0 MiB,0.0 MiB,13532.3 MiB
Python 3.9.16,nbody.py 50000000,189,1690933580,344300,python,3:40.48,15764,8328,5584,100.0,0.1,279,2,276,1,0,12.7,0.8,0.0,86.5,0.0,0.0,0.0,0.0,15795.0 MiB,5796.9 MiB,1592.3 MiB,8405.8 MiB,4096.0 MiB,4096.0 MiB,0.0 MiB,13532.3 MiB
Python 3.9.16,nbody.py 50000000,190,1690933581,344300,python,3:41.65,15764,8328,5584,100.0,0.1,279,2,276,1,0,12.6,0.8,0.0,86.6,0.0,0.0,0.0,0.0,15795.0 MiB,5796.9 MiB,1592.3 MiB,8405.8 MiB,4096.0 MiB,4096.0 MiB,0.0 MiB,13532.3 MiB
Python 3.9.16,nbody.py 50000000,191,1690933582,344300,python,3:42.81,15764,8328,5584,100.0,0.1,279,2,276,1,0,13.3,0.8,0.0,85.9,0.0,0.0,0.0,0.0,15795.0 MiB,5796.9 MiB,1592.3 MiB,8405.8 MiB,4096.0 MiB,4096.0 MiB,0.0 MiB,13532.3 MiB
Python 3.9.16,nbody.py 50000000,192,1690933583,344300,python,3:43.98,15764,8328,5584,100.0,0.1,279,2,276,1,0,12.6,0.8,0.0,85.8,0.8,0.0,0.0,0.0,15795.0 MiB,5796.9 MiB,1592.3 MiB,8405.8 MiB,4096.0 MiB,4096.0 MiB,0.0 MiB,13532.3 MiB
Python 3.9.16,nbody.py 50000000,193,1690933584,344300,python,3:45.14,15764,8328,5584,100.0,0.1,279,2,276,1,0,13.3,0.8,0.0,85.9,0.0,0.0,0.0,0.0,15795.0 MiB,5796.6 MiB,1592.5 MiB,8405.9 MiB,4096.0 MiB,4096.0 MiB,0.0 MiB,13532.1 MiB
Python 3.9.16,nbody.py 50000000,194,1690933585,344300,python,3:46.31,15764,8328,5584,100.0,0.1,279,2,276,1,0,13.3,1.6,0.0,85.2,0.0,0.0,0.0,0.0,15795.0 MiB,5797.4 MiB,1591.8 MiB,8405.9 MiB,4096.0 MiB,4096.0 MiB,0.0 MiB,13532.8 MiB
Python 3.9.16,nbody.py 50000000,195,1690933587,344300,python,3:47.47,15764,8328,5584,100.0,0.1,279,2,276,1,0,13.4,0.8,0.0,85.8,0.0,0.0,0.0,0.0,15795.0 MiB,5797.6 MiB,1591.5 MiB,8405.9 MiB,4096.0 MiB,4096.0 MiB,0.0 MiB,13533.1 MiB
Python 3.9.16,nbody.py 50000000,196,1690933588,344300,python,3:48.64,15764,8328,5584,100.0,0.1,279,2,276,1,0,12.6,0.8,0.0,86.6,0.0,0.0,0.0,0.0,15795.0 MiB,5797.6 MiB,1591.5 MiB,8405.9 MiB,4096.0 MiB,4096.0 MiB,0.0 MiB,13533.1 MiB
Python 3.9.16,nbody.py 50000000,197,1690933589,344300,python,3:49.81,15764,8328,5584,100.0,0.1,279,2,276,1,0,12.7,0.0,0.0,87.3,0.0,0.0,0.0,0.0,15795.0 MiB,5797.6 MiB,1591.5 MiB,8405.9 MiB,4096.0 MiB,4096.0 MiB,0.0 MiB,13533.1 MiB
Python 3.9.16,nbody.py 50000000,198,1690933590,344300,python,3:50.97,15764,8328,5584,100.0,0.1,279,2,276,1,0,12.6,0.8,0.0,86.6,0.0,0.0,0.0,0.0,15795.0 MiB,5797.6 MiB,1591.5 MiB,8405.9 MiB,4096.0 MiB,4096.0 MiB,0.0 MiB,13533.1 MiB
Python 3.9.16,nbody.py 50000000,199,1690933591,344300,python,3:52.14,15764,8328,5584,93.8,0.1,279,2,276,1,0,13.2,0.0,0.0,86.8,0.0,0.0,0.0,0.0,15795.0 MiB,5797.6 MiB,1591.5 MiB,8405.9 MiB,4096.0 MiB,4096.0 MiB,0.0 MiB,13533.1 MiB
Python 3.9.16,nbody.py 50000000,200,1690933592,344300,python,3:53.31,15764,8328,5584,100.0,0.1,279,2,276,1,0,12.7,0.0,0.0,87.3,0.0,0.0,0.0,0.0,15795.0 MiB,5797.6 MiB,1591.5 MiB,8405.9 MiB,4096.0 MiB,4096.0 MiB,0.0 MiB,13533.1 MiB
Python 3.9.16,nbody.py 50000000,201,1690933594,344300,python,3:54.47,15764,8328,5584,93.8,0.1,279,2,276,1,0,12.6,0.8,0.0,86.6,0.0,0.0,0.0,0.0,15795.0 MiB,5797.6 MiB,1591.5 MiB,8405.9 MiB,4096.0 MiB,4096.0 MiB,0.0 MiB,13533.1 MiB
Python 3.9.16,nbody.py 50000000,202,1690933595,344300,python,3:55.64,15764,8328,5584,100.0,0.1,279,2,276,1,0,13.2,1.6,0.0,85.3,0.0,0.0,0.0,0.0,15795.0 MiB,5797.6 MiB,1591.4 MiB,8405.9 MiB,4096.0 MiB,4096.0 MiB,0.0 MiB,13533.1 MiB
Python 3.9.16,nbody.py 50000000,203,1690933596,344300,python,3:56.81,15764,8328,5584,100.0,0.1,279,2,276,1,0,13.3,0.8,0.0,85.9,0.0,0.0,0.0,0.0,15795.0 MiB,5797.6 MiB,1591.4 MiB,8405.9 MiB,4096.0 MiB,4096.0 MiB,0.0 MiB,13533.1 MiB
Python 3.9.16,nbody.py 50000000,204,1690933597,344300,python,3:57.97,15764,8328,5584,100.0,0.1,279,2,276,1,0,13.2,0.8,0.0,85.3,0.0,0.0,0.8,0.0,15795.0 MiB,5797.4 MiB,1591.7 MiB,8405.9 MiB,4096.0 MiB,4096.0 MiB,0.0 MiB,13532.9 MiB
Python 3.9.16,nbody.py 50000000,205,1690933598,344300,python,3:59.14,15764,8328,5584,100.0,0.1,279,2,276,1,0,13.4,0.0,0.0,86.6,0.0,0.0,0.0,0.0,15795.0 MiB,5796.9 MiB,1592.2 MiB,8405.9 MiB,4096.0 MiB,4096.0 MiB,0.0 MiB,13532.4 MiB
Python 3.9.16,nbody.py 50000000,206,1690933599,344300,python,4:00.31,15764,8328,5584,100.0,0.1,279,2,276,1,0,12.6,0.8,0.0,86.6,0.0,0.0,0.0,0.0,15795.0 MiB,5797.4 MiB,1591.7 MiB,8405.9 MiB,4096.0 MiB,4096.0 MiB,0.0 MiB,13532.9 MiB
Python 3.9.16,nbody.py 50000000,207,1690933601,344300,python,4:01.47,15764,8328,5584,100.0,0.1,279,2,276,1,0,12.8,0.0,0.0,87.2,0.0,0.0,0.0,0.0,15795.0 MiB,5797.6 MiB,1591.4 MiB,8406.0 MiB,4096.0 MiB,4096.0 MiB,0.0 MiB,13533.1 MiB
Python 3.9.16,nbody.py 50000000,208,1690933602,344300,python,4:02.64,15764,8328,5584,100.0,0.1,279,2,276,1,0,12.7,0.0,0.0,87.3,0.0,0.0,0.0,0.0,15795.0 MiB,5797.6 MiB,1591.4 MiB,8406.0 MiB,4096.0 MiB,4096.0 MiB,0.0 MiB,13533.1 MiB
Python 3.9.16,nbody.py 50000000,209,1690933603,344300,python,4:03.80,15764,8328,5584,100.0,0.1,279,2,276,1,0,12.6,1.6,0.0,85.8,0.0,0.0,0.0,0.0,15795.0 MiB,5798.3 MiB,1590.7 MiB,8406.0 MiB,4096.0 MiB,4096.0 MiB,0.0 MiB,13533.9 MiB
Python 3.9.16,nbody.py 50000000,210,1690933604,344300,python,4:04.97,15764,8328,5584,100.0,0.1,279,2,276,1,0,13.3,0.8,0.0,85.9,0.0,0.0,0.0,0.0,15795.0 MiB,5798.3 MiB,1590.7 MiB,8406.0 MiB,4096.0 MiB,4096.0 MiB,0.0 MiB,13533.9 MiB
Python 3.9.16,nbody.py 50000000,211,1690933605,344300,python,4:06.13,15764,8328,5584,93.8,0.1,279,2,276,1,0,12.6,0.8,0.0,85.8,0.8,0.0,0.0,0.0,15795.0 MiB,5798.6 MiB,1590.4 MiB,8406.0 MiB,4096.0 MiB,4096.0 MiB,0.0 MiB,13534.1 MiB
Python 3.9.16,nbody.py 50000000,212,1690933606,344300,python,4:07.30,15764,8328,5584,100.0,0.1,279,2,276,1,0,12.6,0.8,0.0,86.6,0.0,0.0,0.0,0.0,15795.0 MiB,5798.6 MiB,1590.4 MiB,8406.0 MiB,4096.0 MiB,4096.0 MiB,0.0 MiB,13534.2 MiB
Python 3.9.16,nbody.py 50000000,213,1690933608,344300,python,4:08.47,15764,8328,5584,100.0,0.1,279,2,276,1,0,12.7,0.0,0.0,87.3,0.0,0.0,0.0,0.0,15795.0 MiB,5798.6 MiB,1590.4 MiB,8406.0 MiB,4096.0 MiB,4096.0 MiB,0.0 MiB,13534.2 MiB
Python 3.9.16,nbody.py 50000000,214,1690933609,344300,python,4:09.63,15764,8328,5584,100.0,0.1,279,2,276,1,0,12.8,0.0,0.0,87.2,0.0,0.0,0.0,0.0,15795.0 MiB,5798.8 MiB,1590.2 MiB,8406.0 MiB,4096.0 MiB,4096.0 MiB,0.0 MiB,13534.4 MiB
Python 3.9.16,nbody.py 50000000,215,1690933610,344300,python,4:10.80,15764,8328,5584,100.0,0.1,279,2,276,1,0,12.6,1.6,0.0,85.8,0.0,0.0,0.0,0.0,15795.0 MiB,5798.6 MiB,1590.4 MiB,8406.0 MiB,4096.0 MiB,4096.0 MiB,0.0 MiB,13534.2 MiB
Python 3.9.16,nbody.py 50000000,216,1690933611,344300,python,4:11.97,15764,8328,5584,100.0,0.1,279,2,276,1,0,12.6,0.8,0.0,86.6,0.0,0.0,0.0,0.0,15795.0 MiB,5798.6 MiB,1590.4 MiB,8406.0 MiB,4096.0 MiB,4096.0 MiB,0.0 MiB,13534.2 MiB
Python 3.9.16,nbody.py 50000000,217,1690933612,344300,python,4:13.13,15764,8328,5584,100.0,0.1,279,2,276,1,0,12.0,0.8,0.0,87.2,0.0,0.0,0.0,0.0,15795.0 MiB,5798.3 MiB,1590.6 MiB,8406.0 MiB,4096.0 MiB,4096.0 MiB,0.0 MiB,13533.9 MiB
Python 3.9.16,nbody.py 50000000,218,1690933613,344300,python,4:14.30,15764,8328,5584,100.0,0.1,279,2,276,1,0,13.4,0.0,0.0,86.6,0.0,0.0,0.0,0.0,15795.0 MiB,5798.3 MiB,1590.6 MiB,8406.0 MiB,4096.0 MiB,4096.0 MiB,0.0 MiB,13533.9 MiB
Python 3.9.16,nbody.py 50000000,219,1690933615,344300,python,4:15.46,15764,8328,5584,100.0,0.1,279,2,276,1,0,12.6,0.8,0.0,86.6,0.0,0.0,0.0,0.0,15795.0 MiB,5798.1 MiB,1590.8 MiB,8406.0 MiB,4096.0 MiB,4096.0 MiB,0.0 MiB,13533.7 MiB
Python 3.9.16,nbody.py 50000000,220,1690933616,344300,python,4:16.63,15764,8328,5584,100.0,0.1,279,2,276,1,0,13.2,1.6,0.0,85.3,0.0,0.0,0.0,0.0,15795.0 MiB,5798.1 MiB,1590.8 MiB,8406.1 MiB,4096.0 MiB,4096.0 MiB,0.0 MiB,13533.7 MiB
Python 3.9.16,nbody.py 50000000,221,1690933617,344300,python,4:17.79,15764,8328,5584,93.8,0.1,279,2,276,1,0,12.7,0.0,0.0,87.3,0.0,0.0,0.0,0.0,15795.0 MiB,5798.1 MiB,1590.8 MiB,8406.1 MiB,4096.0 MiB,4096.0 MiB,0.0 MiB,13533.7 MiB
Python 3.9.16,nbody.py 50000000,222,1690933618,344300,python,4:18.96,15764,8328,5584,100.0,0.1,279,2,276,1,0,13.5,0.8,0.0,85.7,0.0,0.0,0.0,0.0,15795.0 MiB,5797.9 MiB,1591.1 MiB,8406.1 MiB,4096.0 MiB,4096.0 MiB,0.0 MiB,13533.5 MiB
Python 3.9.16,nbody.py 50000000,223,1690933619,344300,python,4:20.12,15764,8328,5584,93.8,0.1,279,2,276,1,0,12.6,0.8,0.0,86.6,0.0,0.0,0.0,0.0,15795.0 MiB,5797.9 MiB,1591.0 MiB,8406.1 MiB,4096.0 MiB,4096.0 MiB,0.0 MiB,13533.5 MiB
Python 3.9.16,nbody.py 50000000,224,1690933620,344300,python,4:21.29,15764,8328,5584,100.0,0.1,279,2,276,1,0,12.6,0.8,0.0,86.6,0.0,0.0,0.0,0.0,15795.0 MiB,5797.9 MiB,1591.0 MiB,8406.1 MiB,4096.0 MiB,4096.0 MiB,0.0 MiB,13533.5 MiB
Python 3.9.16,nbody.py 50000000,225,1690933622,344300,python,4:22.46,15764,8328,5584,100.0,0.1,279,2,276,1,0,12.6,0.8,0.0,85.8,0.8,0.0,0.0,0.0,15795.0 MiB,5797.9 MiB,1591.0 MiB,8406.1 MiB,4096.0 MiB,4096.0 MiB,0.0 MiB,13533.5 MiB
Python 3.9.16,nbody.py 50000000,226,1690933623,344300,python,4:23.62,15764,8328,5584,100.0,0.1,279,2,276,1,0,12.7,0.0,0.0,87.3,0.0,0.0,0.0,0.0,15795.0 MiB,5798.6 MiB,1590.3 MiB,8406.1 MiB,4096.0 MiB,4096.0 MiB,0.0 MiB,13534.3 MiB
Python 3.9.16,nbody.py 50000000,227,1690933624,344300,python,4:24.79,15764,8328,5584,100.0,0.1,279,2,276,1,0,12.8,0.0,0.0,87.2,0.0,0.0,0.0,0.0,15795.0 MiB,5798.6 MiB,1590.3 MiB,8406.1 MiB,4096.0 MiB,4096.0 MiB,0.0 MiB,13534.3 MiB
Python 3.9.16,nbody.py 50000000,228,1690933625,344300,python,4:25.96,15764,8328,5584,100.0,0.1,279,2,276,1,0,12.7,0.8,0.0,86.5,0.0,0.0,0.0,0.0,15795.0 MiB,5798.6 MiB,1590.3 MiB,8406.1 MiB,4096.0 MiB,4096.0 MiB,0.0 MiB,13534.3 MiB
Python 3.9.16,nbody.py 50000000,229,1690933626,344300,python,4:27.12,15764,8328,5584,100.0,0.1,279,2,276,1,0,13.4,0.8,0.0,85.8,0.0,0.0,0.0,0.0,15795.0 MiB,5798.6 MiB,1590.3 MiB,8406.1 MiB,4096.0 MiB,4096.0 MiB,0.0 MiB,13534.3 MiB
Python 3.9.16,nbody.py 50000000,230,1690933627,344300,python,4:28.28,15764,8328,5584,93.8,0.1,279,2,276,1,0,13.4,0.8,0.0,85.8,0.0,0.0,0.0,0.0,15795.0 MiB,5798.6 MiB,1590.3 MiB,8406.1 MiB,4096.0 MiB,4096.0 MiB,0.0 MiB,13534.3 MiB
Python 3.9.16,nbody.py 50000000,231,1690933629,344300,python,4:29.45,15764,8328,5584,100.0,0.1,279,2,276,1,0,12.6,0.8,0.0,86.6,0.0,0.0,0.0,0.0,15795.0 MiB,5798.4 MiB,1590.5 MiB,8406.1 MiB,4096.0 MiB,4096.0 MiB,0.0 MiB,13534.1 MiB
Python 3.9.16,nbody.py 50000000,232,1690933630,344300,python,4:30.62,15764,8328,5584,100.0,0.1,279,2,276,1,0,13.4,0.0,0.0,86.6,0.0,0.0,0.0,0.0,15795.0 MiB,5798.4 MiB,1590.5 MiB,8406.1 MiB,4096.0 MiB,4096.0 MiB,0.0 MiB,13534.1 MiB
Python 3.9.16,nbody.py 50000000,233,1690933631,344300,python,4:31.78,15764,8328,5584,93.8,0.1,279,2,276,1,0,13.3,0.8,0.0,85.9,0.0,0.0,0.0,0.0,15795.0 MiB,5798.4 MiB,1590.5 MiB,8406.1 MiB,4096.0 MiB,4096.0 MiB,0.0 MiB,13534.1 MiB
Python 3.9.16,nbody.py 50000000,234,1690933632,344300,python,4:32.95,15764,8328,5584,100.0,0.1,279,2,276,1,0,12.6,0.8,0.0,86.6,0.0,0.0,0.0,0.0,15795.0 MiB,5798.4 MiB,1590.5 MiB,8406.1 MiB,4096.0 MiB,4096.0 MiB,0.0 MiB,13534.1 MiB
Python 3.9.16,nbody.py 50000000,235,1690933633,344300,python,4:34.12,15764,8328,5584,100.0,0.1,279,2,276,1,0,12.7,0.8,0.0,86.5,0.0,0.0,0.0,0.0,15795.0 MiB,5798.1 MiB,1590.7 MiB,8406.2 MiB,4096.0 MiB,4096.0 MiB,0.0 MiB,13533.8 MiB
Python 3.9.16,nbody.py 50000000,236,1690933634,344300,python,4:35.28,15764,8328,5584,100.0,0.1,279,2,276,1,0,12.7,0.0,0.0,87.3,0.0,0.0,0.0,0.0,15795.0 MiB,5798.1 MiB,1590.7 MiB,8406.2 MiB,4096.0 MiB,4096.0 MiB,0.0 MiB,13533.9 MiB
Python 3.9.16,nbody.py 50000000,237,1690933636,344300,python,4:36.45,15764,8328,5584,100.0,0.1,279,2,276,1,0,12.7,0.8,0.0,86.5,0.0,0.0,0.0,0.0,15795.0 MiB,5798.1 MiB,1590.7 MiB,8406.2 MiB,4096.0 MiB,4096.0 MiB,0.0 MiB,13533.9 MiB
Python 3.9.16,nbody.py 50000000,238,1690933637,344300,python,4:37.61,15764,8328,5584,93.8,0.1,279,2,276,1,0,12.7,0.0,0.0,87.3,0.0,0.0,0.0,0.0,15795.0 MiB,5798.1 MiB,1590.7 MiB,8406.2 MiB,4096.0 MiB,4096.0 MiB,0.0 MiB,13533.9 MiB
Python 3.9.16,nbody.py 50000000,239,1690933638,344300,python,4:38.78,15764,8328,5584,100.0,0.1,279,2,276,1,0,13.3,0.8,0.0,85.9,0.0,0.0,0.0,0.0,15795.0 MiB,5798.1 MiB,1590.7 MiB,8406.2 MiB,4096.0 MiB,4096.0 MiB,0.0 MiB,13533.9 MiB
Python 3.9.16,nbody.py 50000000,240,1690933639,344300,python,4:39.95,15764,8328,5584,100.0,0.1,279,2,276,1,0,12.4,0.8,0.0,86.8,0.0,0.0,0.0,0.0,15795.0 MiB,5798.1 MiB,1590.7 MiB,8406.2 MiB,4096.0 MiB,4096.0 MiB,0.0 MiB,13533.9 MiB
Python 3.9.16,nbody.py 50000000,241,1690933640,344300,python,4:41.12,15764,8328,5584,100.0,0.1,279,2,276,1,0,14.1,0.8,0.0,85.2,0.0,0.0,0.0,0.0,15795.0 MiB,5798.1 MiB,1590.7 MiB,8406.2 MiB,4096.0 MiB,4096.0 MiB,0.0 MiB,13533.9 MiB
Python 3.9.16,nbody.py 50000000,242,1690933641,344300,python,4:42.28,15764,8328,5584,100.0,0.1,279,2,276,1,0,13.5,0.0,0.0,86.5,0.0,0.0,0.0,0.0,15795.0 MiB,5797.9 MiB,1590.9 MiB,8406.2 MiB,4096.0 MiB,4096.0 MiB,0.0 MiB,13533.6 MiB
Python 3.9.16,nbody.py 50000000,243,1690933643,344300,python,4:43.45,15764,8328,5584,100.0,0.1,279,2,276,1,0,12.6,0.8,0.0,86.6,0.0,0.0,0.0,0.0,15795.0 MiB,5797.9 MiB,1590.9 MiB,8406.2 MiB,4096.0 MiB,4096.0 MiB,0.0 MiB,13533.6 MiB
Python 3.9.16,nbody.py 50000000,244,1690933644,344300,python,4:44.61,15764,8328,5584,93.8,0.1,279,2,276,1,0,12.1,0.0,0.0,87.9,0.0,0.0,0.0,0.0,15795.0 MiB,5797.9 MiB,1590.9 MiB,8406.2 MiB,4096.0 MiB,4096.0 MiB,0.0 MiB,13533.7 MiB
Python 3.9.16,nbody.py 50000000,245,1690933645,344300,python,4:45.78,15764,8328,5584,100.0,0.1,279,2,276,1,0,12.6,0.8,0.0,86.6,0.0,0.0,0.0,0.0,15795.0 MiB,5797.9 MiB,1590.9 MiB,8406.2 MiB,4096.0 MiB,4096.0 MiB,0.0 MiB,13533.7 MiB
Python 3.9.16,nbody.py 50000000,246,1690933646,344300,python,4:46.94,15764,8328,5584,93.8,0.1,279,2,276,1,0,12.8,0.0,0.0,87.2,0.0,0.0,0.0,0.0,15795.0 MiB,5797.9 MiB,1590.9 MiB,8406.2 MiB,4096.0 MiB,4096.0 MiB,0.0 MiB,13533.7 MiB
Python 3.9.16,nbody.py 50000000,247,1690933647,344300,python,4:48.11,15764,8328,5584,100.0,0.1,279,2,276,1,0,13.3,0.8,0.0,85.9,0.0,0.0,0.0,0.0,15795.0 MiB,5798.1 MiB,1590.6 MiB,8406.2 MiB,4096.0 MiB,4096.0 MiB,0.0 MiB,13533.9 MiB
Python 3.9.16,nbody.py 50000000,248,1690933648,344300,python,4:49.28,15764,8328,5584,100.0,0.1,279,2,276,1,0,13.3,1.6,0.0,85.2,0.0,0.0,0.0,0.0,15795.0 MiB,5798.1 MiB,1590.6 MiB,8406.2 MiB,4096.0 MiB,4096.0 MiB,0.0 MiB,13533.9 MiB
Python 3.9.16,nbody.py 50000000,249,1690933650,344300,python,4:50.44,15764,8328,5584,100.0,0.1,279,2,276,1,0,12.7,0.8,0.0,86.5,0.0,0.0,0.0,0.0,15795.0 MiB,5797.9 MiB,1590.9 MiB,8406.3 MiB,4096.0 MiB,4096.0 MiB,0.0 MiB,13533.7 MiB
Python 3.9.16,nbody.py 50000000,250,1690933651,344300,python,4:51.61,15764,8328,5584,100.0,0.1,279,2,276,1,0,12.0,0.8,0.0,87.2,0.0,0.0,0.0,0.0,15795.0 MiB,5798.1 MiB,1590.6 MiB,8406.3 MiB,4096.0 MiB,4096.0 MiB,0.0 MiB,13534.0 MiB
Python 3.9.16,nbody.py 50000000,251,1690933652,344300,python,4:52.77,15764,8328,5584,93.8,0.1,279,2,276,1,0,13.3,0.8,0.0,85.9,0.0,0.0,0.0,0.0,15795.0 MiB,5797.9 MiB,1590.8 MiB,8406.3 MiB,4096.0 MiB,4096.0 MiB,0.0 MiB,13533.7 MiB
Python 3.9.16,nbody.py 50000000,252,1690933653,344300,python,4:53.94,15764,8328,5584,100.0,0.1,279,2,276,1,0,13.3,0.8,0.0,85.9,0.0,0.0,0.0,0.0,15795.0 MiB,5797.9 MiB,1590.8 MiB,8406.3 MiB,4096.0 MiB,4096.0 MiB,0.0 MiB,13533.7 MiB
Python 3.9.16,nbody.py 50000000,253,1690933654,344300,python,4:55.11,15764,8328,5584,100.0,0.1,279,2,276,1,0,12.7,0.0,0.0,86.5,0.8,0.0,0.0,0.0,15795.0 MiB,5797.9 MiB,1590.8 MiB,8406.3 MiB,4096.0 MiB,4096.0 MiB,0.0 MiB,13533.7 MiB
Python 3.9.16,nbody.py 50000000,254,1690933655,344300,python,4:56.27,15764,8328,5584,100.0,0.1,279,2,276,1,0,12.5,1.6,0.0,85.9,0.0,0.0,0.0,0.0,15795.0 MiB,5797.9 MiB,1590.8 MiB,8406.3 MiB,4096.0 MiB,4096.0 MiB,0.0 MiB,13533.7 MiB
Python 3.9.16,nbody.py 50000000,255,1690933657,344300,python,4:57.44,15764,8328,5584,100.0,0.1,279,2,276,1,0,12.6,1.6,0.0,85.8,0.0,0.0,0.0,0.0,15795.0 MiB,5797.6 MiB,1591.1 MiB,8406.3 MiB,4096.0 MiB,4096.0 MiB,0.0 MiB,13533.5 MiB
Python 3.9.16,nbody.py 50000000,256,1690933658,344300,python,4:58.60,15764,8328,5584,93.8,0.1,279,2,276,1,0,12.7,0.8,0.0,86.5,0.0,0.0,0.0,0.0,15795.0 MiB,5797.4 MiB,1591.3 MiB,8406.3 MiB,4096.0 MiB,4096.0 MiB,0.0 MiB,13533.3 MiB
Python 3.9.16,nbody.py 50000000,257,1690933659,344300,python,4:59.77,15764,8328,5584,100.0,0.1,279,2,276,1,0,13.4,0.0,0.0,86.6,0.0,0.0,0.0,0.0,15795.0 MiB,5797.4 MiB,1591.3 MiB,8406.3 MiB,4096.0 MiB,4096.0 MiB,0.0 MiB,13533.3 MiB
Python 3.9.16,nbody.py 50000000,258,1690933660,344300,python,5:00.93,15764,8328,5584,93.8,0.1,279,2,276,1,0,13.4,0.8,0.0,85.8,0.0,0.0,0.0,0.0,15795.0 MiB,5797.4 MiB,1591.3 MiB,8406.3 MiB,4096.0 MiB,4096.0 MiB,0.0 MiB,13533.3 MiB
Python 3.9.16,nbody.py 50000000,259,1690933661,344300,python,5:02.10,15764,8328,5584,100.0,0.1,279,2,276,1,0,12.7,0.0,0.0,87.3,0.0,0.0,0.0,0.0,15795.0 MiB,5797.6 MiB,1591.0 MiB,8406.3 MiB,4096.0 MiB,4096.0 MiB,0.0 MiB,13533.5 MiB
Python 3.9.16,nbody.py 50000000,260,1690933662,344300,python,5:03.27,15764,8328,5584,100.0,0.1,279,2,276,1,0,12.6,0.8,0.0,86.6,0.0,0.0,0.0,0.0,15795.0 MiB,5796.9 MiB,1591.8 MiB,8406.3 MiB,4096.0 MiB,4096.0 MiB,0.0 MiB,13532.8 MiB
Python 3.9.16,nbody.py 50000000,261,1690933664,344300,python,5:04.43,15764,8328,5584,93.8,0.1,279,2,276,1,0,12.7,0.8,0.0,86.5,0.0,0.0,0.0,0.0,15795.0 MiB,5797.4 MiB,1591.3 MiB,8406.3 MiB,4096.0 MiB,4096.0 MiB,0.0 MiB,13533.3 MiB
Python 3.9.16,nbody.py 50000000,262,1690933665,344300,python,5:05.60,15764,8328,5584,100.0,0.1,279,2,276,1,0,13.2,1.6,0.0,85.3,0.0,0.0,0.0,0.0,15795.0 MiB,5797.1 MiB,1591.5 MiB,8406.3 MiB,4096.0 MiB,4096.0 MiB,0.0 MiB,13533.0 MiB
Python 3.9.16,nbody.py 50000000,263,1690933666,344300,python,5:06.76,15764,8328,5584,93.8,0.1,279,2,276,1,0,12.6,0.8,0.0,86.6,0.0,0.0,0.0,0.0,15795.0 MiB,5797.1 MiB,1591.5 MiB,8406.4 MiB,4096.0 MiB,4096.0 MiB,0.0 MiB,13533.1 MiB
Python 3.9.16,nbody.py 50000000,264,1690933667,344300,python,5:07.93,15764,8328,5584,100.0,0.1,279,2,276,1,0,13.3,0.8,0.0,85.9,0.0,0.0,0.0,0.0,15795.0 MiB,5797.1 MiB,1591.5 MiB,8406.4 MiB,4096.0 MiB,4096.0 MiB,0.0 MiB,13533.1 MiB
Python 3.9.16,nbody.py 50000000,265,1690933668,344300,python,5:09.10,15764,8328,5584,100.0,0.1,279,2,276,1,0,12.3,0.8,0.0,86.9,0.0,0.0,0.0,0.0,15795.0 MiB,5797.6 MiB,1591.0 MiB,8406.4 MiB,4096.0 MiB,4096.0 MiB,0.0 MiB,13533.6 MiB
Python 3.9.16,nbody.py 50000000,266,1690933669,344300,python,5:10.27,15764,8328,5584,100.0,0.1,279,2,276,1,0,11.9,0.8,0.0,87.3,0.0,0.0,0.0,0.0,15795.0 MiB,5797.6 MiB,1591.0 MiB,8406.4 MiB,4096.0 MiB,4096.0 MiB,0.0 MiB,13533.6 MiB
Python 3.9.16,nbody.py 50000000,267,1690933671,344300,python,5:11.44,15764,8328,5584,100.0,0.1,279,2,276,1,0,12.3,0.8,0.0,86.9,0.0,0.0,0.0,0.0,15795.0 MiB,5797.6 MiB,1591.0 MiB,8406.4 MiB,4096.0 MiB,4096.0 MiB,0.0 MiB,13533.6 MiB
Python 3.9.16,nbody.py 50000000,268,1690933672,344300,python,5:12.60,15764,8328,5584,93.8,0.1,279,2,276,1,0,12.7,0.8,0.0,86.5,0.0,0.0,0.0,0.0,15795.0 MiB,5797.6 MiB,1591.0 MiB,8406.4 MiB,4096.0 MiB,4096.0 MiB,0.0 MiB,13533.6 MiB
Python 3.9.16,nbody.py 50000000,269,1690933673,344300,python,5:13.77,15764,8328,5584,100.0,0.1,279,2,276,1,0,12.5,1.6,0.0,85.9,0.0,0.0,0.0,0.0,15795.0 MiB,5797.4 MiB,1591.2 MiB,8406.4 MiB,4096.0 MiB,4096.0 MiB,0.0 MiB,13533.3 MiB
Python 3.9.16,nbody.py 50000000,270,1690933674,344300,python,5:14.93,15764,8328,5584,100.0,0.1,279,2,276,1,0,12.7,0.0,0.0,87.3,0.0,0.0,0.0,0.0,15795.0 MiB,5797.1 MiB,1591.5 MiB,8406.4 MiB,4096.0 MiB,4096.0 MiB,0.0 MiB,13533.1 MiB
Python 3.9.16,nbody.py 50000000,271,1690933675,344300,python,5:16.10,15764,8328,5584,93.8,0.1,279,2,276,1,0,14.1,0.8,0.0,85.2,0.0,0.0,0.0,0.0,15795.0 MiB,5797.1 MiB,1591.5 MiB,8406.4 MiB,4096.0 MiB,4096.0 MiB,0.0 MiB,13533.1 MiB
Python 3.9.16,nbody.py 50000000,272,1690933676,344300,python,5:17.27,15764,8328,5584,100.0,0.1,279,2,276,1,0,12.7,0.8,0.0,86.5,0.0,0.0,0.0,0.0,15795.0 MiB,5796.9 MiB,1591.7 MiB,8406.4 MiB,4096.0 MiB,4096.0 MiB,0.0 MiB,13532.9 MiB
Python 3.9.16,nbody.py 50000000,273,1690933678,344300,python,5:18.44,15764,8328,5584,100.0,0.1,279,2,276,1,0,13.0,0.8,0.0,86.3,0.0,0.0,0.0,0.0,15795.0 MiB,5796.6 MiB,1591.9 MiB,8406.4 MiB,4096.0 MiB,4096.0 MiB,0.0 MiB,13532.6 MiB
Python 3.9.16,nbody.py 50000000,274,1690933679,344300,python,5:19.61,15764,8328,5584,100.0,0.1,279,2,276,1,0,13.4,0.0,0.0,86.6,0.0,0.0,0.0,0.0,15795.0 MiB,5797.1 MiB,1591.4 MiB,8406.4 MiB,4096.0 MiB,4096.0 MiB,0.0 MiB,13533.2 MiB
Python 3.9.16,nbody.py 50000000,275,1690933680,344300,python,5:20.77,15764,8328,5584,100.0,0.1,279,2,276,1,0,13.3,0.8,0.0,85.9,0.0,0.0,0.0,0.0,15795.0 MiB,5797.1 MiB,1591.4 MiB,8406.5 MiB,4096.0 MiB,4096.0 MiB,0.0 MiB,13533.1 MiB
Python 3.9.16,nbody.py 50000000,276,1690933681,344300,python,5:21.94,15764,8328,5584,100.0,0.1,279,2,276,1,0,12.6,0.8,0.0,86.6,0.0,0.0,0.0,0.0,15795.0 MiB,5796.9 MiB,1591.6 MiB,8406.5 MiB,4096.0 MiB,4096.0 MiB,0.0 MiB,13532.9 MiB
Python 3.9.16,nbody.py 50000000,277,1690933682,344300,python,5:23.10,15764,8328,5584,93.8,0.1,279,2,276,1,0,13.2,1.6,0.0,85.3,0.0,0.0,0.0,0.0,15795.0 MiB,5796.9 MiB,1591.6 MiB,8406.5 MiB,4096.0 MiB,4096.0 MiB,0.0 MiB,13532.9 MiB
Python 3.9.16,nbody.py 50000000,278,1690933683,344300,python,5:24.27,15764,8328,5584,100.0,0.1,279,2,276,1,0,12.6,0.8,0.0,86.6,0.0,0.0,0.0,0.0,15795.0 MiB,5797.1 MiB,1591.3 MiB,8406.5 MiB,4096.0 MiB,4096.0 MiB,0.0 MiB,13533.2 MiB
Python 3.9.16,nbody.py 50000000,279,1690933685,344300,python,5:25.43,15764,8328,5584,93.8,0.1,279,2,276,1,0,13.3,0.8,0.0,85.9,0.0,0.0,0.0,0.0,15795.0 MiB,5797.4 MiB,1591.1 MiB,8406.5 MiB,4096.0 MiB,4096.0 MiB,0.0 MiB,13533.4 MiB
Python 3.9.16,nbody.py 50000000,280,1690933686,344300,python,5:26.60,15764,8328,5584,100.0,0.1,279,2,276,1,0,12.6,0.8,0.0,86.6,0.0,0.0,0.0,0.0,15795.0 MiB,5797.4 MiB,1591.1 MiB,8406.5 MiB,4096.0 MiB,4096.0 MiB,0.0 MiB,13533.4 MiB
Python 3.9.16,nbody.py 50000000,281,1690933687,344300,python,5:27.77,15764,8328,5584,100.0,0.1,279,2,276,1,0,13.0,1.5,0.0,84.7,0.0,0.0,0.8,0.0,15795.0 MiB,5797.6 MiB,1590.8 MiB,8406.5 MiB,4096.0 MiB,4096.0 MiB,0.0 MiB,13533.7 MiB
Python 3.9.16,nbody.py 50000000,282,1690933688,344300,python,5:28.93,15764,8328,5584,93.8,0.1,279,2,276,1,0,12.7,0.8,0.0,86.5,0.0,0.0,0.0,0.0,15795.0 MiB,5797.4 MiB,1591.1 MiB,8406.5 MiB,4096.0 MiB,4096.0 MiB,0.0 MiB,13533.4 MiB
Python 3.9.16,nbody.py 50000000,283,1690933689,344300,python,5:30.10,15764,8328,5584,100.0,0.1,279,2,276,1,0,13.4,0.8,0.0,85.8,0.0,0.0,0.0,0.0,15795.0 MiB,5797.4 MiB,1591.1 MiB,8406.6 MiB,4096.0 MiB,4096.0 MiB,0.0 MiB,13533.4 MiB
Python 3.9.16,nbody.py 50000000,284,1690933690,344300,python,5:31.26,15764,8328,5584,100.0,0.1,279,2,276,1,0,12.6,0.8,0.0,86.6,0.0,0.0,0.0,0.0,15795.0 MiB,5797.4 MiB,1591.1 MiB,8406.6 MiB,4096.0 MiB,4096.0 MiB,0.0 MiB,13533.4 MiB
Python 3.9.16,nbody.py 50000000,285,1690933692,344300,python,5:32.43,15764,8328,5584,93.8,0.1,279,2,276,1,0,12.6,0.8,0.0,86.6,0.0,0.0,0.0,0.0,15795.0 MiB,5797.1 MiB,1591.3 MiB,8406.6 MiB,4096.0 MiB,4096.0 MiB,0.0 MiB,13533.2 MiB
Python 3.9.16,nbody.py 50000000,286,1690933693,344300,python,5:33.60,15764,8328,5584,100.0,0.1,279,2,276,1,0,12.6,1.6,0.0,85.8,0.0,0.0,0.0,0.0,15795.0 MiB,5797.1 MiB,1591.3 MiB,8406.6 MiB,4096.0 MiB,4096.0 MiB,0.0 MiB,13533.2 MiB
Python 3.9.16,nbody.py 50000000,287,1690933694,344300,python,5:34.76,15764,8328,5584,93.8,0.1,279,2,276,1,0,12.7,0.0,0.0,87.3,0.0,0.0,0.0,0.0,15795.0 MiB,5797.6 MiB,1590.8 MiB,8406.6 MiB,4096.0 MiB,4096.0 MiB,0.0 MiB,13533.7 MiB
Python 3.9.16,nbody.py 50000000,288,1690933695,344300,python,5:35.93,15764,8328,5584,100.0,0.1,279,2,276,1,0,13.8,1.5,0.0,84.6,0.0,0.0,0.0,0.0,15795.0 MiB,5797.4 MiB,1591.0 MiB,8406.6 MiB,4096.0 MiB,4096.0 MiB,0.0 MiB,13533.5 MiB
Python 3.9.16,nbody.py 50000000,289,1690933696,344300,python,5:37.09,15764,8328,5584,100.0,0.1,279,2,276,1,0,12.6,0.8,0.0,86.6,0.0,0.0,0.0,0.0,15795.0 MiB,5797.1 MiB,1591.3 MiB,8406.6 MiB,4096.0 MiB,4096.0 MiB,0.0 MiB,13533.2 MiB
Python 3.9.16,nbody.py 50000000,290,1690933697,344300,python,5:38.26,15764,8328,5584,100.0,0.1,279,2,276,1,0,12.6,0.8,0.0,86.6,0.0,0.0,0.0,0.0,15795.0 MiB,5797.1 MiB,1591.3 MiB,8406.6 MiB,4096.0 MiB,4096.0 MiB,0.0 MiB,13533.2 MiB
Python 3.9.16,nbody.py 50000000,291,1690933699,344300,python,5:39.43,15764,8328,5584,100.0,0.1,279,2,276,1,0,12.7,0.0,0.0,87.3,0.0,0.0,0.0,0.0,15795.0 MiB,5796.9 MiB,1591.5 MiB,8406.6 MiB,4096.0 MiB,4096.0 MiB,0.0 MiB,13533.0 MiB
Python 3.9.16,nbody.py 50000000,292,1690933700,344300,python,5:40.59,15764,8328,5584,93.8,0.1,279,2,276,1,0,13.4,0.0,0.0,86.6,0.0,0.0,0.0,0.0,15795.0 MiB,5796.9 MiB,1591.5 MiB,8406.6 MiB,4096.0 MiB,4096.0 MiB,0.0 MiB,13533.0 MiB
Python 3.9.16,nbody.py 50000000,293,1690933701,344300,python,5:41.76,15764,8328,5584,100.0,0.1,279,2,276,1,0,12.7,0.0,0.0,87.3,0.0,0.0,0.0,0.0,15795.0 MiB,5796.9 MiB,1591.5 MiB,8406.6 MiB,4096.0 MiB,4096.0 MiB,0.0 MiB,13533.0 MiB
Python 3.9.16,nbody.py 50000000,294,1690933702,344300,python,5:42.92,15764,8328,5584,100.0,0.1,279,2,276,1,0,13.3,0.8,0.0,85.9,0.0,0.0,0.0,0.0,15795.0 MiB,5796.9 MiB,1591.5 MiB,8406.6 MiB,4096.0 MiB,4096.0 MiB,0.0 MiB,13533.0 MiB
Python 3.9.16,nbody.py 50000000,295,1690933703,344300,python,5:44.09,15764,8328,5584,93.8,0.1,279,2,276,1,0,12.6,1.6,0.0,85.8,0.0,0.0,0.0,0.0,15795.0 MiB,5796.9 MiB,1591.5 MiB,8406.6 MiB,4096.0 MiB,4096.0 MiB,0.0 MiB,13533.0 MiB
Python 3.9.16,nbody.py 50000000,296,1690933704,344300,python,5:45.26,15764,8328,5584,100.0,0.1,279,2,276,1,0,13.4,0.0,0.0,86.6,0.0,0.0,0.0,0.0,15795.0 MiB,5796.9 MiB,1591.5 MiB,8406.6 MiB,4096.0 MiB,4096.0 MiB,0.0 MiB,13533.0 MiB
Python 3.9.16,nbody.py 50000000,297,1690933706,344300,python,5:46.42,15764,8328,5584,93.8,0.1,279,2,276,1,0,13.3,0.8,0.0,85.9,0.0,0.0,0.0,0.0,15795.0 MiB,5796.9 MiB,1591.5 MiB,8406.6 MiB,4096.0 MiB,4096.0 MiB,0.0 MiB,13533.0 MiB
Python 3.9.16,nbody.py 50000000,298,1690933707,344300,python,5:47.59,15764,8328,5584,100.0,0.1,279,2,276,1,0,14.2,0.0,0.0,85.8,0.0,0.0,0.0,0.0,15795.0 MiB,5796.6 MiB,1591.7 MiB,8406.7 MiB,4096.0 MiB,4096.0 MiB,0.0 MiB,13532.8 MiB
Python 3.9.16,nbody.py 50000000,299,1690933708,344300,python,5:48.75,15764,8328,5584,93.8,0.1,279,2,276,1,0,11.9,0.8,0.0,87.3,0.0,0.0,0.0,0.0,15795.0 MiB,5796.4 MiB,1591.9 MiB,8406.7 MiB,4096.0 MiB,4096.0 MiB,0.0 MiB,13532.6 MiB
Python 3.9.16,nbody.py 50000000,300,1690933709,344300,python,5:49.92,15764,8328,5584,100.0,0.1,279,2,276,1,0,13.4,0.8,0.0,85.8,0.0,0.0,0.0,0.0,15795.0 MiB,5796.4 MiB,1591.9 MiB,8406.7 MiB,4096.0 MiB,4096.0 MiB,0.0 MiB,13532.6 MiB
Python 3.9.16,nbody.py 50000000,301,1690933710,344300,python,5:51.08,15764,8328,5584,100.0,0.1,279,2,276,1,0,12.6,0.8,0.0,85.8,0.8,0.0,0.0,0.0,15795.0 MiB,5796.9 MiB,1591.4 MiB,8406.7 MiB,4096.0 MiB,4096.0 MiB,0.0 MiB,13533.1 MiB
Python 3.9.16,nbody.py 50000000,302,1690933711,344300,python,5:52.25,15764,8328,5584,93.8,0.1,279,2,276,1,0,13.3,0.8,0.0,85.9,0.0,0.0,0.0,0.0,15795.0 MiB,5796.9 MiB,1591.4 MiB,8406.7 MiB,4096.0 MiB,4096.0 MiB,0.0 MiB,13533.1 MiB
Python 3.9.16,nbody.py 50000000,303,1690933713,344300,python,5:53.42,15764,8328,5584,100.0,0.1,279,2,276,1,0,11.9,0.8,0.0,87.3,0.0,0.0,0.0,0.0,15795.0 MiB,5796.9 MiB,1591.4 MiB,8406.7 MiB,4096.0 MiB,4096.0 MiB,0.0 MiB,13533.1 MiB
Python 3.9.16,nbody.py 50000000,304,1690933714,344300,python,5:54.59,15764,8328,5584,100.0,0.1,279,2,276,1,0,13.0,0.8,0.0,86.3,0.0,0.0,0.0,0.0,15795.0 MiB,5796.6 MiB,1591.6 MiB,8406.7 MiB,4096.0 MiB,4096.0 MiB,0.0 MiB,13532.9 MiB
Python 3.9.16,nbody.py 50000000,305,1690933715,344300,python,5:55.76,15764,8328,5584,100.0,0.1,279,2,276,1,0,12.5,0.8,0.0,86.7,0.0,0.0,0.0,0.0,15795.0 MiB,5796.9 MiB,1591.4 MiB,8406.7 MiB,4096.0 MiB,4096.0 MiB,0.0 MiB,13533.1 MiB
Python 3.9.16,nbody.py 50000000,306,1690933716,344300,python,5:56.92,15764,8328,5584,93.8,0.1,279,2,276,1,0,12.6,0.8,0.0,86.6,0.0,0.0,0.0,0.0,15795.0 MiB,5796.9 MiB,1591.4 MiB,8406.7 MiB,4096.0 MiB,4096.0 MiB,0.0 MiB,13533.1 MiB
Python 3.9.16,nbody.py 50000000,307,1690933717,344300,python,5:58.09,15764,8328,5584,100.0,0.1,279,2,276,1,0,13.4,0.0,0.0,86.6,0.0,0.0,0.0,0.0,15795.0 MiB,5796.9 MiB,1591.4 MiB,8406.7 MiB,4096.0 MiB,4096.0 MiB,0.0 MiB,13533.1 MiB
Python 3.9.16,nbody.py 50000000,308,1690933718,344300,python,5:59.25,15764,8328,5584,93.8,0.1,279,2,276,1,0,12.9,0.0,0.0,87.1,0.0,0.0,0.0,0.0,15795.0 MiB,5796.9 MiB,1591.4 MiB,8406.7 MiB,4096.0 MiB,4096.0 MiB,0.0 MiB,13533.1 MiB
Python 3.9.16,nbody.py 50000000,309,1690933720,344300,python,6:00.42,15764,8328,5584,100.0,0.1,279,2,276,1,0,12.6,0.8,0.0,86.6,0.0,0.0,0.0,0.0,15795.0 MiB,5797.6 MiB,1590.6 MiB,8406.7 MiB,4096.0 MiB,4096.0 MiB,0.0 MiB,13533.9 MiB
Python 3.9.16,nbody.py 50000000,310,1690933721,344300,python,6:01.58,15764,8328,5584,100.0,0.1,279,2,276,1,0,12.7,0.0,0.0,87.3,0.0,0.0,0.0,0.0,15795.0 MiB,5797.9 MiB,1590.4 MiB,8406.7 MiB,4096.0 MiB,4096.0 MiB,0.0 MiB,13534.1 MiB
Python 3.9.16,nbody.py 50000000,311,1690933722,344300,python,6:02.75,15764,8328,5584,93.8,0.1,279,2,276,1,0,13.3,0.8,0.0,85.9,0.0,0.0,0.0,0.0,15795.0 MiB,5797.9 MiB,1590.4 MiB,8406.8 MiB,4096.0 MiB,4096.0 MiB,0.0 MiB,13534.1 MiB
Python 3.9.16,nbody.py 50000000,312,1690933723,344300,python,6:03.91,15764,8328,5584,100.0,0.1,279,2,276,1,0,12.7,0.8,0.0,86.5,0.0,0.0,0.0,0.0,15795.0 MiB,5797.4 MiB,1590.8 MiB,8406.8 MiB,4096.0 MiB,4096.0 MiB,0.0 MiB,13533.7 MiB
Python 3.9.16,nbody.py 50000000,313,1690933724,344300,python,6:05.08,15764,8328,5584,93.8,0.1,279,2,276,1,0,13.4,0.8,0.0,85.8,0.0,0.0,0.0,0.0,15795.0 MiB,5797.4 MiB,1590.8 MiB,8406.8 MiB,4096.0 MiB,4096.0 MiB,0.0 MiB,13533.7 MiB
Python 3.9.16,nbody.py 50000000,314,1690933725,344300,python,6:06.25,15764,8328,5584,100.0,0.1,279,2,276,1,0,13.3,0.8,0.0,85.9,0.0,0.0,0.0,0.0,15795.0 MiB,5797.1 MiB,1591.1 MiB,8406.8 MiB,4096.0 MiB,4096.0 MiB,0.0 MiB,13533.4 MiB
Python 3.9.16,nbody.py 50000000,315,1690933727,344300,python,6:07.41,15764,8328,5584,100.0,0.1,279,2,276,1,0,12.7,0.0,0.0,86.5,0.0,0.0,0.8,0.0,15795.0 MiB,5796.6 MiB,1591.6 MiB,8406.8 MiB,4096.0 MiB,4096.0 MiB,0.0 MiB,13532.9 MiB
Python 3.9.16,nbody.py 50000000,316,1690933728,344300,python,6:08.58,15764,8328,5584,93.8,0.1,279,2,276,1,0,14.0,0.8,0.0,85.3,0.0,0.0,0.0,0.0,15795.0 MiB,5796.4 MiB,1591.8 MiB,8406.8 MiB,4096.0 MiB,4096.0 MiB,0.0 MiB,13532.7 MiB
Python 3.9.16,nbody.py 50000000,317,1690933729,344300,python,6:09.75,15764,8328,5584,100.0,0.1,279,2,276,1,0,13.4,0.0,0.0,86.6,0.0,0.0,0.0,0.0,15795.0 MiB,5796.9 MiB,1591.3 MiB,8406.8 MiB,4096.0 MiB,4096.0 MiB,0.0 MiB,13533.2 MiB
Python 3.9.16,nbody.py 50000000,318,1690933730,344300,python,6:10.91,15764,8328,5584,93.8,0.1,279,2,276,1,0,13.3,0.8,0.0,85.9,0.0,0.0,0.0,0.0,15795.0 MiB,5796.4 MiB,1591.8 MiB,8406.8 MiB,4096.0 MiB,4096.0 MiB,0.0 MiB,13532.7 MiB
Python 3.9.16,nbody.py 50000000,319,1690933731,344300,python,6:12.07,15764,8328,5584,100.0,0.1,279,2,276,1,0,13.4,0.8,0.0,85.8,0.0,0.0,0.0,0.0,15795.0 MiB,5796.6 MiB,1591.5 MiB,8406.8 MiB,4096.0 MiB,4096.0 MiB,0.0 MiB,13533.0 MiB
Python 3.9.16,nbody.py 50000000,320,1690933732,344300,python,6:13.24,15764,8328,5584,93.8,0.1,279,2,276,1,0,12.6,0.8,0.0,86.6,0.0,0.0,0.0,0.0,15795.0 MiB,5796.4 MiB,1591.8 MiB,8406.8 MiB,4096.0 MiB,4096.0 MiB,0.0 MiB,13532.7 MiB
Python 3.9.16,nbody.py 50000000,321,1690933734,344300,python,6:14.41,15764,8328,5584,100.0,0.1,279,2,276,1,0,12.5,2.3,0.0,85.2,0.0,0.0,0.0,0.0,15795.0 MiB,5796.4 MiB,1591.8 MiB,8406.8 MiB,4096.0 MiB,4096.0 MiB,0.0 MiB,13532.7 MiB
Python 3.9.16,nbody.py 50000000,322,1690933735,344300,python,6:15.57,15764,8328,5584,100.0,0.1,279,2,276,1,0,13.4,0.8,0.0,85.8,0.0,0.0,0.0,0.0,15795.0 MiB,5796.4 MiB,1591.8 MiB,8406.8 MiB,4096.0 MiB,4096.0 MiB,0.0 MiB,13532.7 MiB
Python 3.9.16,nbody.py 50000000,323,1690933736,344300,python,6:16.74,15764,8328,5584,93.8,0.1,279,2,276,1,0,13.8,1.5,0.0,84.6,0.0,0.0,0.0,0.0,15795.0 MiB,5795.7 MiB,1592.5 MiB,8406.8 MiB,4096.0 MiB,4096.0 MiB,0.0 MiB,13532.0 MiB
Python 3.9.16,nbody.py 50000000,324,1690933737,344300,python,6:17.91,15764,8328,5584,100.0,0.1,279,2,276,1,0,12.8,0.0,0.0,87.2,0.0,0.0,0.0,0.0,15795.0 MiB,5795.4 MiB,1592.7 MiB,8406.8 MiB,4096.0 MiB,4096.0 MiB,0.0 MiB,13531.8 MiB
Python 3.9.16,nbody.py 50000000,325,1690933738,344300,python,6:19.07,15764,8328,5584,93.8,0.1,279,2,276,1,0,13.3,0.8,0.0,85.9,0.0,0.0,0.0,0.0,15795.0 MiB,5795.7 MiB,1592.5 MiB,8406.9 MiB,4096.0 MiB,4096.0 MiB,0.0 MiB,13532.0 MiB
Python 3.9.16,nbody.py 50000000,326,1690933739,344300,python,6:20.24,15764,8328,5584,100.0,0.1,279,2,276,1,0,12.6,0.8,0.0,86.6,0.0,0.0,0.0,0.0,15795.0 MiB,5795.7 MiB,1592.5 MiB,8406.9 MiB,4096.0 MiB,4096.0 MiB,0.0 MiB,13532.0 MiB
Python 3.9.16,nbody.py 50000000,327,1690933741,344300,python,6:21.40,15764,8328,5584,100.0,0.1,279,2,276,1,0,12.6,0.8,0.0,86.6,0.0,0.0,0.0,0.0,15795.0 MiB,5795.2 MiB,1593.0 MiB,8406.8 MiB,4096.0 MiB,4096.0 MiB,0.0 MiB,13531.6 MiB
Python 3.9.16,nbody.py 50000000,328,1690933742,344300,python,6:22.57,15764,8328,5584,100.0,0.1,279,2,276,1,0,13.4,0.8,0.0,85.8,0.0,0.0,0.0,0.0,15795.0 MiB,5794.7 MiB,1593.5 MiB,8406.8 MiB,4096.0 MiB,4096.0 MiB,0.0 MiB,13531.1 MiB
Python 3.9.16,nbody.py 50000000,329,1690933743,344300,python,6:23.73,15764,8328,5584,100.0,0.1,279,2,276,1,0,12.6,0.8,0.0,86.6,0.0,0.0,0.0,0.0,15795.0 MiB,5794.7 MiB,1593.5 MiB,8406.8 MiB,4096.0 MiB,4096.0 MiB,0.0 MiB,13531.1 MiB
Python 3.9.16,nbody.py 50000000,330,1690933744,344300,python,6:24.90,15764,8328,5584,93.8,0.1,279,2,276,1,0,12.6,0.8,0.0,86.6,0.0,0.0,0.0,0.0,15795.0 MiB,5795.4 MiB,1592.7 MiB,8406.8 MiB,4096.0 MiB,4096.0 MiB,0.0 MiB,13531.8 MiB
Python 3.9.16,nbody.py 50000000,331,1690933745,344300,python,6:26.07,15764,8328,5584,100.0,0.1,279,2,276,1,0,13.4,0.0,0.0,86.6,0.0,0.0,0.0,0.0,15795.0 MiB,5795.4 MiB,1592.7 MiB,8406.8 MiB,4096.0 MiB,4096.0 MiB,0.0 MiB,13531.8 MiB
Python 3.9.16,nbody.py 50000000,332,1690933746,344300,python,6:27.23,15764,8328,5584,93.8,0.1,279,2,276,1,0,12.8,0.0,0.0,87.2,0.0,0.0,0.0,0.0,15795.0 MiB,5795.4 MiB,1592.7 MiB,8406.8 MiB,4096.0 MiB,4096.0 MiB,0.0 MiB,13531.8 MiB
Python 3.9.16,nbody.py 50000000,333,1690933748,344300,python,6:28.40,15764,8328,5584,100.0,0.1,279,2,276,1,0,12.6,0.8,0.0,86.6,0.0,0.0,0.0,0.0,15795.0 MiB,5795.4 MiB,1592.7 MiB,8406.8 MiB,4096.0 MiB,4096.0 MiB,0.0 MiB,13531.9 MiB
Python 3.9.16,nbody.py 50000000,334,1690933749,344300,python,6:29.56,15764,8328,5584,100.0,0.1,279,2,276,1,0,12.6,0.8,0.0,86.6,0.0,0.0,0.0,0.0,15795.0 MiB,5795.4 MiB,1592.7 MiB,8406.9 MiB,4096.0 MiB,4096.0 MiB,0.0 MiB,13531.9 MiB
Python 3.9.16,nbody.py 50000000,335,1690933750,344300,python,6:30.73,15764,8328,5584,100.0,0.1,279,2,276,1,0,13.4,0.8,0.0,85.8,0.0,0.0,0.0,0.0,15795.0 MiB,5795.2 MiB,1592.9 MiB,8406.9 MiB,4096.0 MiB,4096.0 MiB,0.0 MiB,13531.6 MiB
Python 3.9.16,nbody.py 50000000,336,1690933751,344300,python,6:31.89,15764,8328,5584,100.0,0.1,279,2,276,1,0,11.9,0.8,0.0,87.3,0.0,0.0,0.0,0.0,15795.0 MiB,5795.4 MiB,1592.7 MiB,8406.9 MiB,4096.0 MiB,4096.0 MiB,0.0 MiB,13531.9 MiB
Python 3.9.16,nbody.py 50000000,337,1690933752,344300,python,6:33.06,15764,8328,5584,93.8,0.1,279,2,276,1,0,13.3,0.8,0.0,85.9,0.0,0.0,0.0,0.0,15795.0 MiB,5795.4 MiB,1592.7 MiB,8406.9 MiB,4096.0 MiB,4096.0 MiB,0.0 MiB,13531.9 MiB
Python 3.9.16,nbody.py 50000000,338,1690933753,344300,python,6:34.23,15764,8328,5584,100.0,0.1,279,2,276,1,0,12.6,0.8,0.0,86.6,0.0,0.0,0.0,0.0,15795.0 MiB,5795.4 MiB,1592.7 MiB,8406.9 MiB,4096.0 MiB,4096.0 MiB,0.0 MiB,13531.9 MiB
Python 3.9.16,nbody.py 50000000,339,1690933755,344300,python,6:35.39,15764,8328,5584,100.0,0.1,279,2,276,1,0,12.7,0.0,0.0,87.3,0.0,0.0,0.0,0.0,15795.0 MiB,5795.4 MiB,1592.7 MiB,8406.9 MiB,4096.0 MiB,4096.0 MiB,0.0 MiB,13531.9 MiB
Python 3.9.16,nbody.py 50000000,340,1690933756,344300,python,6:36.56,15764,8328,5584,100.0,0.1,279,2,276,1,0,12.7,0.8,0.0,86.5,0.0,0.0,0.0,0.0,15795.0 MiB,5795.4 MiB,1592.7 MiB,8406.9 MiB,4096.0 MiB,4096.0 MiB,0.0 MiB,13531.9 MiB
Python 3.9.16,nbody.py 50000000,341,1690933757,344300,python,6:37.72,15764,8328,5584,100.0,0.1,279,2,276,1,0,12.7,0.8,0.0,86.5,0.0,0.0,0.0,0.0,15795.0 MiB,5795.7 MiB,1592.4 MiB,8406.9 MiB,4096.0 MiB,4096.0 MiB,0.0 MiB,13532.1 MiB
Python 3.9.16,nbody.py 50000000,342,1690933758,344300,python,6:38.89,15764,8328,5584,100.0,0.1,279,2,276,1,0,13.5,0.0,0.0,86.5,0.0,0.0,0.0,0.0,15795.0 MiB,5795.2 MiB,1592.9 MiB,8406.9 MiB,4096.0 MiB,4096.0 MiB,0.0 MiB,13531.7 MiB
Python 3.9.16,nbody.py 50000000,343,1690933759,344300,python,6:40.05,15764,8328,5584,100.0,0.1,279,2,276,1,0,12.6,0.8,0.0,86.6,0.0,0.0,0.0,0.0,15795.0 MiB,5795.4 MiB,1592.6 MiB,8406.9 MiB,4096.0 MiB,4096.0 MiB,0.0 MiB,13531.9 MiB
Python 3.9.16,nbody.py 50000000,344,1690933760,344300,python,6:41.22,15764,8328,5584,100.0,0.1,279,2,276,1,0,12.6,0.8,0.0,86.6,0.0,0.0,0.0,0.0,15795.0 MiB,5795.4 MiB,1592.6 MiB,8406.9 MiB,4096.0 MiB,4096.0 MiB,0.0 MiB,13531.9 MiB
Python 3.9.16,nbody.py 50000000,345,1690933761,344300,python,6:42.38,15764,8328,5584,100.0,0.1,279,2,276,1,0,12.7,0.8,0.0,86.5,0.0,0.0,0.0,0.0,15795.0 MiB,5795.2 MiB,1592.9 MiB,8406.9 MiB,4096.0 MiB,4096.0 MiB,0.0 MiB,13531.7 MiB
Python 3.9.16,nbody.py 50000000,346,1690933763,344300,python,6:43.55,15764,8328,5584,100.0,0.1,279,2,276,1,0,12.6,0.8,0.0,86.6,0.0,0.0,0.0,0.0,15795.0 MiB,5795.2 MiB,1592.9 MiB,8406.9 MiB,4096.0 MiB,4096.0 MiB,0.0 MiB,13531.7 MiB
Python 3.9.16,nbody.py 50000000,347,1690933764,344300,python,6:44.72,15764,8328,5584,100.0,0.1,279,2,276,1,0,12.7,0.8,0.0,86.5,0.0,0.0,0.0,0.0,15795.0 MiB,5795.2 MiB,1592.9 MiB,8406.9 MiB,4096.0 MiB,4096.0 MiB,0.0 MiB,13531.7 MiB
Python 3.9.16,nbody.py 50000000,348,1690933765,344300,python,6:45.88,15764,8328,5584,100.0,0.1,279,2,276,1,0,14.1,1.6,0.0,84.4,0.0,0.0,0.0,0.0,15795.0 MiB,5795.4 MiB,1592.6 MiB,8406.9 MiB,4096.0 MiB,4096.0 MiB,0.0 MiB,13531.9 MiB
Python 3.9.16,nbody.py 50000000,349,1690933766,344300,python,6:47.05,15764,8328,5584,93.8,0.1,279,2,276,1,0,12.7,0.0,0.0,87.3,0.0,0.0,0.0,0.0,15795.0 MiB,5796.2 MiB,1591.9 MiB,8406.9 MiB,4096.0 MiB,4096.0 MiB,0.0 MiB,13532.7 MiB
Python 3.9.16,nbody.py 50000000,350,1690933767,344300,python,6:48.22,15764,8328,5584,100.0,0.1,279,2,276,1,0,13.4,0.0,0.0,86.6,0.0,0.0,0.0,0.0,15795.0 MiB,5796.2 MiB,1591.9 MiB,8406.9 MiB,4096.0 MiB,4096.0 MiB,0.0 MiB,13532.7 MiB
Python 3.9.16,nbody.py 50000000,351,1690933768,344300,python,6:49.38,15764,8328,5584,100.0,0.1,279,2,276,1,0,11.9,0.8,0.0,87.3,0.0,0.0,0.0,0.0,15795.0 MiB,5795.2 MiB,1592.8 MiB,8407.0 MiB,4096.0 MiB,4096.0 MiB,0.0 MiB,13531.7 MiB
Python 3.9.16,nbody.py 50000000,352,1690933770,344300,python,6:50.55,15764,8328,5584,100.0,0.1,279,2,276,1,0,13.4,0.0,0.0,86.6,0.0,0.0,0.0,0.0,15795.0 MiB,5795.2 MiB,1592.8 MiB,8407.0 MiB,4096.0 MiB,4096.0 MiB,0.0 MiB,13531.7 MiB
Python 3.9.16,nbody.py 50000000,353,1690933771,344300,python,6:51.71,15764,8328,5584,100.0,0.1,279,2,276,1,0,12.7,0.0,0.0,87.3,0.0,0.0,0.0,0.0,15795.0 MiB,5795.7 MiB,1592.3 MiB,8407.0 MiB,4096.0 MiB,4096.0 MiB,0.0 MiB,13532.2 MiB
Python 3.9.16,nbody.py 50000000,354,1690933772,344300,python,6:52.88,15764,8328,5584,100.0,0.1,279,2,276,1,0,13.4,0.8,0.0,85.8,0.0,0.0,0.0,0.0,15795.0 MiB,5795.7 MiB,1592.3 MiB,8407.0 MiB,4096.0 MiB,4096.0 MiB,0.0 MiB,13532.2 MiB
Python 3.9.16,nbody.py 50000000,355,1690933773,344300,python,6:54.04,15764,8328,5584,93.8,0.1,279,2,276,1,0,12.6,0.8,0.0,86.6,0.0,0.0,0.0,0.0,15795.0 MiB,5795.7 MiB,1592.3 MiB,8407.0 MiB,4096.0 MiB,4096.0 MiB,0.0 MiB,13532.2 MiB
Python 3.9.16,nbody.py 50000000,356,1690933774,344300,python,6:55.21,15764,8328,5584,100.0,0.1,279,2,276,1,0,12.6,0.8,0.0,86.6,0.0,0.0,0.0,0.0,15795.0 MiB,5795.4 MiB,1592.5 MiB,8407.0 MiB,4096.0 MiB,4096.0 MiB,0.0 MiB,13532.0 MiB
Python 3.9.16,nbody.py 50000000,357,1690933775,344300,python,6:56.38,15764,8328,5584,100.0,0.1,279,2,276,1,0,12.6,0.8,0.0,86.6,0.0,0.0,0.0,0.0,15795.0 MiB,5795.7 MiB,1592.3 MiB,8407.0 MiB,4096.0 MiB,4096.0 MiB,0.0 MiB,13532.3 MiB
Python 3.9.16,nbody.py 50000000,358,1690933777,344300,python,6:57.54,15764,8328,5584,100.0,0.1,279,2,276,1,0,13.3,0.8,0.0,85.9,0.0,0.0,0.0,0.0,15795.0 MiB,5795.7 MiB,1592.3 MiB,8407.0 MiB,4096.0 MiB,4096.0 MiB,0.0 MiB,13532.3 MiB
Python 3.9.16,nbody.py 50000000,359,1690933778,344300,python,6:58.71,15764,8328,5584,100.0,0.1,279,2,276,1,0,12.7,0.8,0.0,86.5,0.0,0.0,0.0,0.0,15795.0 MiB,5795.7 MiB,1592.3 MiB,8407.0 MiB,4096.0 MiB,4096.0 MiB,0.0 MiB,13532.3 MiB
Python 3.9.16,nbody.py 50000000,360,1690933779,344300,python,6:59.88,15764,8328,5584,100.0,0.1,279,2,276,1,0,13.3,0.8,0.0,85.9,0.0,0.0,0.0,0.0,15795.0 MiB,5795.4 MiB,1592.5 MiB,8407.0 MiB,4096.0 MiB,4096.0 MiB,0.0 MiB,13532.0 MiB
Python 3.9.16,nbody.py 50000000,361,1690933780,344300,python,7:01.04,15764,8328,5584,100.0,0.1,279,2,276,1,0,12.9,0.8,0.0,85.5,0.8,0.0,0.0,0.0,15795.0 MiB,5795.5 MiB,1592.2 MiB,8407.3 MiB,4096.0 MiB,4096.0 MiB,0.0 MiB,13532.3 MiB
Python 3.9.16,nbody.py 50000000,362,1690933781,344300,python,7:02.21,15764,8328,5584,100.0,0.1,279,2,276,1,0,13.3,0.8,0.0,85.9,0.0,0.0,0.0,0.0,15795.0 MiB,5793.8 MiB,1593.1 MiB,8408.2 MiB,4096.0 MiB,4096.0 MiB,0.0 MiB,13531.5 MiB
Python 3.9.16,nbody.py 50000000,363,1690933782,344300,python,7:03.37,15764,8328,5584,100.0,0.1,279,2,276,1,0,12.8,0.0,0.0,87.2,0.0,0.0,0.0,0.0,15795.0 MiB,5792.8 MiB,1594.0 MiB,8408.2 MiB,4096.0 MiB,4096.0 MiB,0.0 MiB,13530.5 MiB
Python 3.9.16,nbody.py 50000000,364,1690933784,344300,python,7:04.54,15764,8328,5584,100.0,0.1,279,2,276,1,0,13.3,0.8,0.0,85.9,0.0,0.0,0.0,0.0,15795.0 MiB,5792.8 MiB,1594.0 MiB,8408.2 MiB,4096.0 MiB,4096.0 MiB,0.0 MiB,13530.5 MiB
Python 3.9.16,nbody.py 50000000,365,1690933785,344300,python,7:05.70,15764,8328,5584,100.0,0.1,279,2,276,1,0,11.9,0.8,0.0,87.3,0.0,0.0,0.0,0.0,15795.0 MiB,5792.8 MiB,1594.0 MiB,8408.2 MiB,4096.0 MiB,4096.0 MiB,0.0 MiB,13530.5 MiB
Python 3.9.16,nbody.py 50000000,366,1690933786,344300,python,7:06.87,15764,8328,5584,100.0,0.1,279,2,276,1,0,13.3,0.8,0.0,85.9,0.0,0.0,0.0,0.0,15795.0 MiB,5792.8 MiB,1594.0 MiB,8408.2 MiB,4096.0 MiB,4096.0 MiB,0.0 MiB,13530.5 MiB
Python 3.9.16,nbody.py 50000000,367,1690933787,344300,python,7:08.04,15764,8328,5584,100.0,0.1,279,2,276,1,0,12.7,0.8,0.0,86.5,0.0,0.0,0.0,0.0,15795.0 MiB,5792.5 MiB,1594.2 MiB,8408.2 MiB,4096.0 MiB,4096.0 MiB,0.0 MiB,13530.3 MiB
Python 3.9.16,nbody.py 50000000,368,1690933788,344300,python,7:09.20,15764,8328,5584,100.0,0.1,279,2,276,1,0,12.7,0.8,0.0,86.5,0.0,0.0,0.0,0.0,15795.0 MiB,5792.8 MiB,1594.0 MiB,8408.2 MiB,4096.0 MiB,4096.0 MiB,0.0 MiB,13530.6 MiB
Python 3.9.16,nbody.py 50000000,369,1690933789,344300,python,7:10.37,15764,8328,5584,93.8,0.1,279,2,276,1,0,12.7,0.0,0.0,87.3,0.0,0.0,0.0,0.0,15795.0 MiB,5792.5 MiB,1594.2 MiB,8408.2 MiB,4096.0 MiB,4096.0 MiB,0.0 MiB,13530.3 MiB
Python 3.9.16,nbody.py 50000000,370,1690933791,344300,python,7:11.54,15764,8328,5584,100.0,0.1,279,2,276,1,0,13.2,1.6,0.0,85.3,0.0,0.0,0.0,0.0,15795.0 MiB,5792.1 MiB,1594.7 MiB,8408.2 MiB,4096.0 MiB,4096.0 MiB,0.0 MiB,13529.8 MiB
Python 3.9.16,nbody.py 50000000,371,1690933792,344300,python,7:12.70,15764,8328,5584,100.0,0.1,279,2,276,1,0,12.8,0.0,0.0,87.2,0.0,0.0,0.0,0.0,15795.0 MiB,5792.1 MiB,1594.7 MiB,8408.2 MiB,4096.0 MiB,4096.0 MiB,0.0 MiB,13529.8 MiB
Python 3.9.16,nbody.py 50000000,372,1690933793,344300,python,7:13.87,15764,8328,5584,100.0,0.1,279,2,276,1,0,13.3,0.8,0.0,85.9,0.0,0.0,0.0,0.0,15795.0 MiB,5792.1 MiB,1594.7 MiB,8408.2 MiB,4096.0 MiB,4096.0 MiB,0.0 MiB,13529.8 MiB
Python 3.9.16,nbody.py 50000000,373,1690933794,344300,python,7:15.03,15764,8328,5584,100.0,0.1,279,2,276,1,0,12.6,0.0,0.0,87.4,0.0,0.0,0.0,0.0,15795.0 MiB,5792.3 MiB,1594.5 MiB,8408.2 MiB,4096.0 MiB,4096.0 MiB,0.0 MiB,13530.1 MiB
Python 3.9.16,nbody.py 50000000,374,1690933795,344300,python,7:16.20,15764,8328,5584,100.0,0.1,279,2,276,1,0,14.0,1.6,0.0,84.5,0.0,0.0,0.0,0.0,15795.0 MiB,5792.3 MiB,1594.5 MiB,8408.2 MiB,4096.0 MiB,4096.0 MiB,0.0 MiB,13530.1 MiB
Python 3.9.16,nbody.py 50000000,375,1690933796,344300,python,7:17.37,15764,8328,5584,100.0,0.1,279,2,276,1,0,12.7,0.8,0.0,86.5,0.0,0.0,0.0,0.0,15795.0 MiB,5792.8 MiB,1594.0 MiB,8408.2 MiB,4096.0 MiB,4096.0 MiB,0.0 MiB,13530.6 MiB
Python 3.9.16,nbody.py 50000000,376,1690933798,344300,python,7:18.53,15764,8328,5584,100.0,0.1,279,2,276,1,0,12.6,0.8,0.0,86.6,0.0,0.0,0.0,0.0,15795.0 MiB,5792.8 MiB,1593.9 MiB,8408.2 MiB,4096.0 MiB,4096.0 MiB,0.0 MiB,13530.6 MiB
Python 3.9.16,nbody.py 50000000,377,1690933799,344300,python,7:19.69,15764,8328,5584,93.8,0.1,279,2,276,1,0,11.9,0.8,0.0,87.3,0.0,0.0,0.0,0.0,15795.0 MiB,5793.5 MiB,1593.2 MiB,8408.3 MiB,4096.0 MiB,4096.0 MiB,0.0 MiB,13531.4 MiB
Python 3.9.16,nbody.py 50000000,378,1690933800,344300,python,7:20.86,15764,8328,5584,100.0,0.1,279,2,276,1,0,13.3,0.8,0.0,85.9,0.0,0.0,0.0,0.0,15795.0 MiB,5793.8 MiB,1592.9 MiB,8408.3 MiB,4096.0 MiB,4096.0 MiB,0.0 MiB,13531.6 MiB
Python 3.9.16,nbody.py 50000000,379,1690933801,344300,python,7:22.03,15764,8328,5584,100.0,0.1,279,2,276,1,0,12.7,0.0,0.0,87.3,0.0,0.0,0.0,0.0,15795.0 MiB,5793.5 MiB,1593.2 MiB,8408.3 MiB,4096.0 MiB,4096.0 MiB,0.0 MiB,13531.4 MiB
Python 3.9.16,nbody.py 50000000,380,1690933802,344300,python,7:23.19,15764,8328,5584,93.8,0.1,279,2,276,1,0,12.6,0.8,0.0,86.6,0.0,0.0,0.0,0.0,15795.0 MiB,5794.3 MiB,1592.4 MiB,8408.3 MiB,4096.0 MiB,4096.0 MiB,0.0 MiB,13532.1 MiB
Python 3.9.16,nbody.py 50000000,381,1690933803,344300,python,7:24.36,15764,8328,5584,100.0,0.1,279,2,276,1,0,12.7,0.8,0.0,86.5,0.0,0.0,0.0,0.0,15795.0 MiB,5794.3 MiB,1592.4 MiB,8408.3 MiB,4096.0 MiB,4096.0 MiB,0.0 MiB,13532.1 MiB
Python 3.9.16,nbody.py 50000000,382,1690933805,344300,python,7:25.53,15764,8328,5584,100.0,0.1,279,2,276,1,0,12.8,0.0,0.0,87.2,0.0,0.0,0.0,0.0,15795.0 MiB,5794.0 MiB,1592.7 MiB,8408.3 MiB,4096.0 MiB,4096.0 MiB,0.0 MiB,13531.9 MiB
Python 3.9.16,nbody.py 50000000,383,1690933806,344300,python,7:26.69,15764,8328,5584,100.0,0.1,279,2,276,1,0,12.7,0.0,0.0,87.3,0.0,0.0,0.0,0.0,15795.0 MiB,5793.8 MiB,1592.9 MiB,8408.3 MiB,4096.0 MiB,4096.0 MiB,0.0 MiB,13531.7 MiB
Python 3.9.16,nbody.py 50000000,384,1690933807,344300,python,7:27.86,15764,8328,5584,100.0,0.1,279,2,276,1,0,13.3,0.8,0.0,85.9,0.0,0.0,0.0,0.0,15795.0 MiB,5793.5 MiB,1593.1 MiB,8408.3 MiB,4096.0 MiB,4096.0 MiB,0.0 MiB,13531.4 MiB
Python 3.9.16,nbody.py 50000000,385,1690933808,344300,python,7:29.02,15764,8328,5584,100.0,0.1,279,2,276,1,0,13.3,1.6,0.0,85.2,0.0,0.0,0.0,0.0,15795.0 MiB,5793.3 MiB,1593.4 MiB,8408.3 MiB,4096.0 MiB,4096.0 MiB,0.0 MiB,13531.2 MiB
Python 3.9.16,nbody.py 50000000,386,1690933809,344300,python,7:30.19,15764,8328,5584,100.0,0.1,279,2,276,1,0,12.7,0.8,0.0,86.5,0.0,0.0,0.0,0.0,15795.0 MiB,5793.3 MiB,1593.4 MiB,8408.3 MiB,4096.0 MiB,4096.0 MiB,0.0 MiB,13531.2 MiB
Python 3.9.16,nbody.py 50000000,387,1690933810,344300,python,7:31.35,15764,8328,5584,93.8,0.1,279,2,276,1,0,12.6,0.8,0.0,86.6,0.0,0.0,0.0,0.0,15795.0 MiB,5792.6 MiB,1594.1 MiB,8408.3 MiB,4096.0 MiB,4096.0 MiB,0.0 MiB,13530.4 MiB
Python 3.9.16,nbody.py 50000000,388,1690933812,344300,python,7:32.52,15764,8328,5584,100.0,0.1,279,2,276,1,0,12.7,0.8,0.0,86.5,0.0,0.0,0.0,0.0,15795.0 MiB,5792.8 MiB,1593.9 MiB,8408.3 MiB,4096.0 MiB,4096.0 MiB,0.0 MiB,13530.7 MiB
Python 3.9.16,nbody.py 50000000,389,1690933813,344300,python,7:33.69,15764,8328,5584,100.0,0.1,279,2,276,1,0,13.3,0.8,0.0,85.9,0.0,0.0,0.0,0.0,15795.0 MiB,5793.3 MiB,1593.4 MiB,8408.3 MiB,4096.0 MiB,4096.0 MiB,0.0 MiB,13531.2 MiB
Python 3.9.16,nbody.py 50000000,390,1690933814,344300,python,7:34.85,15764,8328,5584,100.0,0.1,279,2,276,1,0,12.6,0.8,0.0,86.6,0.0,0.0,0.0,0.0,15795.0 MiB,5793.3 MiB,1593.4 MiB,8408.3 MiB,4096.0 MiB,4096.0 MiB,0.0 MiB,13531.2 MiB
Python 3.9.16,nbody.py 50000000,391,1690933815,344300,python,7:36.02,15764,8328,5584,100.0,0.1,279,2,276,1,0,13.4,0.8,0.0,85.8,0.0,0.0,0.0,0.0,15795.0 MiB,5793.5 MiB,1593.1 MiB,8408.3 MiB,4096.0 MiB,4096.0 MiB,0.0 MiB,13531.5 MiB
Python 3.9.16,nbody.py 50000000,392,1690933816,344300,python,7:37.19,15764,8328,5584,100.0,0.1,279,2,276,1,0,12.7,0.8,0.0,85.7,0.8,0.0,0.0,0.0,15795.0 MiB,5794.3 MiB,1592.3 MiB,8408.4 MiB,4096.0 MiB,4096.0 MiB,0.0 MiB,13532.3 MiB
Python 3.9.16,nbody.py 50000000,393,1690933817,344300,python,7:38.35,15764,8328,5584,100.0,0.1,279,2,276,1,0,13.3,0.8,0.0,85.9,0.0,0.0,0.0,0.0,15795.0 MiB,5794.0 MiB,1592.6 MiB,8408.4 MiB,4096.0 MiB,4096.0 MiB,0.0 MiB,13532.0 MiB
Python 3.9.16,nbody.py 50000000,394,1690933819,344300,python,7:39.51,15764,8328,5584,93.8,0.1,279,2,276,1,0,12.7,0.8,0.0,86.5,0.0,0.0,0.0,0.0,15795.0 MiB,5794.3 MiB,1592.3 MiB,8408.4 MiB,4096.0 MiB,4096.0 MiB,0.0 MiB,13532.2 MiB
Python 3.9.16,nbody.py 50000000,395,1690933820,344300,python,7:40.68,15764,8328,5584,100.0,0.1,279,2,276,1,0,13.4,0.0,0.0,86.6,0.0,0.0,0.0,0.0,15795.0 MiB,5794.3 MiB,1592.3 MiB,8408.4 MiB,4096.0 MiB,4096.0 MiB,0.0 MiB,13532.2 MiB
Python 3.9.16,nbody.py 50000000,396,1690933821,344300,python,7:41.85,15764,8328,5584,100.0,0.1,279,2,276,1,0,12.7,0.0,0.0,87.3,0.0,0.0,0.0,0.0,15795.0 MiB,5794.0 MiB,1592.6 MiB,8408.4 MiB,4096.0 MiB,4096.0 MiB,0.0 MiB,13532.0 MiB
Python 3.9.16,nbody.py 50000000,397,1690933822,344300,python,7:43.01,15764,8328,5584,93.8,0.1,279,2,276,1,0,12.7,0.0,0.0,87.3,0.0,0.0,0.0,0.0,15795.0 MiB,5794.0 MiB,1592.6 MiB,8408.4 MiB,4096.0 MiB,4096.0 MiB,0.0 MiB,13532.0 MiB
Python 3.9.16,nbody.py 50000000,398,1690933823,344300,python,7:44.18,15764,8328,5584,100.0,0.1,279,2,276,1,0,12.1,0.0,0.0,87.9,0.0,0.0,0.0,0.0,15795.0 MiB,5794.0 MiB,1592.6 MiB,8408.4 MiB,4096.0 MiB,4096.0 MiB,0.0 MiB,13532.0 MiB
Python 3.9.16,nbody.py 50000000,399,1690933824,344300,python,7:45.35,15764,8328,5584,100.0,0.1,279,2,276,1,0,12.6,0.8,0.0,85.8,0.8,0.0,0.0,0.0,15795.0 MiB,5793.8 MiB,1592.8 MiB,8408.4 MiB,4096.0 MiB,4096.0 MiB,0.0 MiB,13531.8 MiB
Python 3.9.16,nbody.py 50000000,400,1690933826,344300,python,7:46.51,15764,8328,5584,100.0,0.1,279,2,276,1,0,12.6,0.8,0.0,86.6,0.0,0.0,0.0,0.0,15795.0 MiB,5793.8 MiB,1592.8 MiB,8408.4 MiB,4096.0 MiB,4096.0 MiB,0.0 MiB,13531.8 MiB
Python 3.9.16,nbody.py 50000000,401,1690933827,344300,python,7:47.68,15764,8328,5584,100.0,0.1,279,2,276,1,0,13.5,0.0,0.0,86.5,0.0,0.0,0.0,0.0,15795.0 MiB,5793.8 MiB,1592.8 MiB,8408.4 MiB,4096.0 MiB,4096.0 MiB,0.0 MiB,13531.8 MiB
Python 3.9.16,nbody.py 50000000,402,1690933828,344300,python,7:48.84,15764,8328,5584,100.0,0.1,279,2,276,1,0,12.7,0.0,0.0,87.3,0.0,0.0,0.0,0.0,15795.0 MiB,5793.3 MiB,1593.3 MiB,8408.4 MiB,4096.0 MiB,4096.0 MiB,0.0 MiB,13531.3 MiB
Python 3.9.16,nbody.py 50000000,403,1690933829,344300,python,7:50.00,15764,8328,5584,100.0,0.1,279,2,276,1,0,12.7,0.0,0.0,87.3,0.0,0.0,0.0,0.0,15795.0 MiB,5793.3 MiB,1593.3 MiB,8408.4 MiB,4096.0 MiB,4096.0 MiB,0.0 MiB,13531.3 MiB
Python 3.9.16,nbody.py 50000000,404,1690933830,344300,python,7:51.17,15764,8328,5584,93.8,0.1,279,2,276,1,0,12.5,0.8,0.0,86.7,0.0,0.0,0.0,0.0,15795.0 MiB,5793.3 MiB,1593.2 MiB,8408.4 MiB,4096.0 MiB,4096.0 MiB,0.0 MiB,13531.3 MiB
Python 3.9.16,nbody.py 50000000,405,1690933831,344300,python,7:52.34,15764,8328,5584,100.0,0.1,279,2,276,1,0,13.4,0.8,0.0,85.8,0.0,0.0,0.0,0.0,15795.0 MiB,5793.3 MiB,1593.2 MiB,8408.4 MiB,4096.0 MiB,4096.0 MiB,0.0 MiB,13531.3 MiB
Python 3.9.16,nbody.py 50000000,406,1690933833,344300,python,7:53.50,15764,8328,5584,93.8,0.1,279,2,276,1,0,12.6,1.6,0.0,85.8,0.0,0.0,0.0,0.0,15795.0 MiB,5792.8 MiB,1593.7 MiB,8408.4 MiB,4096.0 MiB,4096.0 MiB,0.0 MiB,13530.8 MiB
Python 3.9.16,nbody.py 50000000,407,1690933834,344300,python,7:54.67,15764,8328,5584,100.0,0.1,279,2,276,1,0,12.7,0.0,0.0,87.3,0.0,0.0,0.0,0.0,15795.0 MiB,5792.3 MiB,1594.2 MiB,8408.4 MiB,4096.0 MiB,4096.0 MiB,0.0 MiB,13530.3 MiB
Python 3.9.16,nbody.py 50000000,408,1690933835,344300,python,7:55.84,15764,8328,5584,100.0,0.1,279,2,276,1,0,13.1,0.8,0.0,86.2,0.0,0.0,0.0,0.0,15795.0 MiB,5792.3 MiB,1594.2 MiB,8408.4 MiB,4096.0 MiB,4096.0 MiB,0.0 MiB,13530.3 MiB
Python 3.9.16,nbody.py 50000000,409,1690933836,344300,python,7:57.01,15764,8328,5584,100.0,0.1,279,2,276,1,0,14.1,0.8,0.0,85.2,0.0,0.0,0.0,0.0,15795.0 MiB,5792.6 MiB,1594.0 MiB,8408.5 MiB,4096.0 MiB,4096.0 MiB,0.0 MiB,13530.6 MiB
Python 3.9.16,nbody.py 50000000,410,1690933837,344300,python,7:58.17,15764,8328,5584,93.8,0.1,279,2,276,1,0,12.7,0.0,0.0,87.3,0.0,0.0,0.0,0.0,15795.0 MiB,5792.6 MiB,1594.0 MiB,8408.5 MiB,4096.0 MiB,4096.0 MiB,0.0 MiB,13530.6 MiB
Python 3.9.16,nbody.py 50000000,411,1690933838,344300,python,7:59.34,15764,8328,5584,100.0,0.1,279,2,276,1,0,13.4,0.0,0.0,86.6,0.0,0.0,0.0,0.0,15795.0 MiB,5793.1 MiB,1593.5 MiB,8408.5 MiB,4096.0 MiB,4096.0 MiB,0.0 MiB,13531.1 MiB
Python 3.9.16,nbody.py 50000000,412,1690933840,344300,python,8:00.50,15764,8328,5584,93.8,0.1,279,2,276,1,0,12.0,0.8,0.0,87.2,0.0,0.0,0.0,0.0,15795.0 MiB,5792.3 MiB,1594.2 MiB,8408.5 MiB,4096.0 MiB,4096.0 MiB,0.0 MiB,13530.4 MiB
Python 3.9.16,nbody.py 50000000,413,1690933841,344300,python,8:01.67,15764,8328,5584,93.8,0.1,279,2,276,1,0,12.5,1.6,0.0,85.2,0.8,0.0,0.0,0.0,15795.0 MiB,5792.3 MiB,1594.2 MiB,8408.5 MiB,4096.0 MiB,4096.0 MiB,0.0 MiB,13530.4 MiB
Python 3.9.16,nbody.py 50000000,414,1690933842,344300,python,8:02.84,15764,8328,5584,100.0,0.1,279,2,276,1,0,13.3,0.8,0.0,85.9,0.0,0.0,0.0,0.0,15795.0 MiB,5792.3 MiB,1594.2 MiB,8408.5 MiB,4096.0 MiB,4096.0 MiB,0.0 MiB,13530.4 MiB
Python 3.9.16,nbody.py 50000000,415,1690933843,344300,python,8:04.00,15764,8328,5584,93.8,0.1,279,2,276,1,0,12.7,0.8,0.0,86.5,0.0,0.0,0.0,0.0,15795.0 MiB,5792.3 MiB,1594.2 MiB,8408.5 MiB,4096.0 MiB,4096.0 MiB,0.0 MiB,13530.4 MiB
Python 3.9.16,nbody.py 50000000,416,1690933844,344300,python,8:05.17,15764,8328,5584,100.0,0.1,279,2,276,1,0,12.6,0.8,0.0,86.6,0.0,0.0,0.0,0.0,15795.0 MiB,5792.3 MiB,1594.2 MiB,8408.5 MiB,4096.0 MiB,4096.0 MiB,0.0 MiB,13530.4 MiB
Python 3.9.16,nbody.py 50000000,417,1690933845,344300,python,8:06.34,15764,8328,5584,100.0,0.1,279,2,276,1,0,12.6,0.8,0.0,86.6,0.0,0.0,0.0,0.0,15795.0 MiB,5792.3 MiB,1594.2 MiB,8408.5 MiB,4096.0 MiB,4096.0 MiB,0.0 MiB,13530.4 MiB
Python 3.9.16,nbody.py 50000000,418,1690933847,344300,python,8:07.50,15764,8328,5584,93.8,0.1,279,2,276,1,0,12.6,0.8,0.0,86.6,0.0,0.0,0.0,0.0,15795.0 MiB,5792.1 MiB,1594.4 MiB,8408.5 MiB,4096.0 MiB,4096.0 MiB,0.0 MiB,13530.2 MiB
Python 3.9.16,nbody.py 50000000,419,1690933848,344300,python,8:08.67,15764,8328,5584,100.0,0.1,279,2,276,1,0,12.5,1.6,0.0,85.9,0.0,0.0,0.0,0.0,15795.0 MiB,5792.3 MiB,1594.1 MiB,8408.5 MiB,4096.0 MiB,4096.0 MiB,0.0 MiB,13530.4 MiB
Python 3.9.16,nbody.py 50000000,420,1690933849,344300,python,8:09.84,15764,8328,5584,100.0,0.1,279,2,276,1,0,12.8,0.0,0.0,87.2,0.0,0.0,0.0,0.0,15795.0 MiB,5792.3 MiB,1594.1 MiB,8408.5 MiB,4096.0 MiB,4096.0 MiB,0.0 MiB,13530.4 MiB
Python 3.9.16,nbody.py 50000000,421,1690933850,344300,python,8:11.00,15764,8328,5584,100.0,0.1,279,2,276,1,0,13.4,0.8,0.0,85.8,0.0,0.0,0.0,0.0,15795.0 MiB,5792.3 MiB,1594.1 MiB,8408.5 MiB,4096.0 MiB,4096.0 MiB,0.0 MiB,13530.4 MiB
Python 3.9.16,nbody.py 50000000,422,1690933851,344300,python,8:12.16,15764,8328,5584,100.0,0.1,279,2,276,1,0,12.8,0.0,0.0,87.2,0.0,0.0,0.0,0.0,15795.0 MiB,5792.6 MiB,1593.9 MiB,8408.5 MiB,4096.0 MiB,4096.0 MiB,0.0 MiB,13530.7 MiB
Python 3.9.16,nbody.py 50000000,423,1690933852,344300,python,8:13.33,15764,8328,5584,93.8,0.1,279,2,276,1,0,13.3,0.8,0.0,85.9,0.0,0.0,0.0,0.0,15795.0 MiB,5792.3 MiB,1594.1 MiB,8408.5 MiB,4096.0 MiB,4096.0 MiB,0.0 MiB,13530.4 MiB
Python 3.9.16,nbody.py 50000000,424,1690933854,344300,python,8:14.50,15764,8328,5584,100.0,0.1,279,2,276,1,0,12.7,0.8,0.0,86.5,0.0,0.0,0.0,0.0,15795.0 MiB,5792.3 MiB,1594.1 MiB,8408.6 MiB,4096.0 MiB,4096.0 MiB,0.0 MiB,13530.4 MiB
Python 3.9.16,nbody.py 50000000,425,1690933855,344300,python,8:15.66,15764,8328,5584,93.8,0.1,279,2,276,1,0,13.3,0.8,0.0,85.9,0.0,0.0,0.0,0.0,15795.0 MiB,5792.3 MiB,1594.1 MiB,8408.6 MiB,4096.0 MiB,4096.0 MiB,0.0 MiB,13530.4 MiB
Python 3.9.16,nbody.py 50000000,426,1690933856,344300,python,8:16.83,15764,8328,5584,100.0,0.1,279,2,276,1,0,12.6,0.8,0.0,86.6,0.0,0.0,0.0,0.0,15795.0 MiB,5792.1 MiB,1594.3 MiB,8408.6 MiB,4096.0 MiB,4096.0 MiB,0.0 MiB,13530.2 MiB
Python 3.9.16,nbody.py 50000000,427,1690933857,344300,python,8:18.00,15764,8328,5584,100.0,0.1,279,2,276,1,0,12.8,0.0,0.0,87.2,0.0,0.0,0.0,0.0,15795.0 MiB,5791.8 MiB,1594.6 MiB,8408.6 MiB,4096.0 MiB,4096.0 MiB,0.0 MiB,13530.0 MiB
Python 3.9.16,nbody.py 50000000,428,1690933858,344300,python,8:19.16,15764,8328,5584,93.8,0.1,279,2,276,1,0,12.7,0.8,0.0,86.5,0.0,0.0,0.0,0.0,15795.0 MiB,5791.3 MiB,1595.1 MiB,8408.6 MiB,4096.0 MiB,4096.0 MiB,0.0 MiB,13529.5 MiB
Python 3.9.16,nbody.py 50000000,429,1690933859,344300,python,8:20.33,15764,8328,5584,100.0,0.1,279,2,276,1,0,13.4,0.0,0.0,86.6,0.0,0.0,0.0,0.0,15795.0 MiB,5791.6 MiB,1594.8 MiB,8408.6 MiB,4096.0 MiB,4096.0 MiB,0.0 MiB,13529.7 MiB
Python 3.9.16,nbody.py 50000000,430,1690933861,344300,python,8:21.49,15764,8328,5584,93.8,0.1,279,2,276,1,0,12.0,0.8,0.0,87.2,0.0,0.0,0.0,0.0,15795.0 MiB,5791.6 MiB,1594.8 MiB,8408.6 MiB,4096.0 MiB,4096.0 MiB,0.0 MiB,13529.8 MiB
Python 3.9.16,nbody.py 50000000,431,1690933862,344300,python,8:22.66,15764,8328,5584,100.0,0.1,279,2,276,1,0,13.4,0.0,0.0,86.6,0.0,0.0,0.0,0.0,15795.0 MiB,5791.8 MiB,1594.6 MiB,8408.6 MiB,4096.0 MiB,4096.0 MiB,0.0 MiB,13530.0 MiB
Python 3.9.16,nbody.py 50000000,432,1690933863,344300,python,8:23.83,15764,8328,5584,100.0,0.1,279,2,276,1,0,12.6,0.8,0.0,86.6,0.0,0.0,0.0,0.0,15795.0 MiB,5791.6 MiB,1594.8 MiB,8408.6 MiB,4096.0 MiB,4096.0 MiB,0.0 MiB,13529.8 MiB
Python 3.9.16,nbody.py 50000000,433,1690933864,344300,python,8:24.99,15764,8328,5584,93.8,0.1,279,2,276,1,0,12.8,0.0,0.0,87.2,0.0,0.0,0.0,0.0,15795.0 MiB,5791.6 MiB,1594.8 MiB,8408.6 MiB,4096.0 MiB,4096.0 MiB,0.0 MiB,13529.8 MiB
Python 3.9.16,nbody.py 50000000,434,1690933865,344300,python,8:26.15,15764,8328,5584,100.0,0.1,279,2,276,1,0,12.7,0.8,0.0,86.5,0.0,0.0,0.0,0.0,15795.0 MiB,5791.8 MiB,1594.5 MiB,8408.6 MiB,4096.0 MiB,4096.0 MiB,0.0 MiB,13530.0 MiB
Python 3.9.16,nbody.py 50000000,435,1690933866,344300,python,8:27.32,15764,8328,5584,93.8,0.1,279,2,276,1,0,12.7,0.8,0.0,86.5,0.0,0.0,0.0,0.0,15795.0 MiB,5791.8 MiB,1594.5 MiB,8408.6 MiB,4096.0 MiB,4096.0 MiB,0.0 MiB,13530.0 MiB
Python 3.9.16,nbody.py 50000000,436,1690933868,344300,python,8:28.49,15764,8328,5584,100.0,0.1,279,2,276,1,0,12.7,0.0,0.0,87.3,0.0,0.0,0.0,0.0,15795.0 MiB,5791.6 MiB,1594.8 MiB,8408.6 MiB,4096.0 MiB,4096.0 MiB,0.0 MiB,13529.8 MiB
Python 3.9.16,nbody.py 50000000,437,1690933869,344300,python,8:29.65,15764,8328,5584,93.8,0.1,279,2,276,1,0,14.1,0.0,0.0,85.9,0.0,0.0,0.0,0.0,15795.0 MiB,5791.6 MiB,1594.8 MiB,8408.6 MiB,4096.0 MiB,4096.0 MiB,0.0 MiB,13529.8 MiB
Python 3.9.16,nbody.py 50000000,438,1690933870,344300,python,8:30.82,15764,8328,5584,100.0,0.1,279,2,276,1,0,12.0,0.0,0.0,88.0,0.0,0.0,0.0,0.0,15795.0 MiB,5791.3 MiB,1595.0 MiB,8408.7 MiB,4096.0 MiB,4096.0 MiB,0.0 MiB,13529.6 MiB
Python 3.9.16,nbody.py 50000000,439,1690933871,344300,python,8:31.99,15764,8328,5584,100.0,0.1,279,2,276,1,0,12.7,0.0,0.0,87.3,0.0,0.0,0.0,0.0,15795.0 MiB,5791.3 MiB,1595.0 MiB,8408.7 MiB,4096.0 MiB,4096.0 MiB,0.0 MiB,13529.6 MiB
Python 3.9.16,nbody.py 50000000,440,1690933872,344300,python,8:33.15,15764,8328,5584,93.8,0.1,279,2,276,1,0,12.6,0.8,0.0,86.6,0.0,0.0,0.0,0.0,15795.0 MiB,5791.3 MiB,1595.0 MiB,8408.7 MiB,4096.0 MiB,4096.0 MiB,0.0 MiB,13529.6 MiB
Python 3.9.16,nbody.py 50000000,441,1690933873,344300,python,8:34.32,15764,8328,5584,100.0,0.1,279,2,276,1,0,13.5,0.0,0.0,85.7,0.8,0.0,0.0,0.0,15795.0 MiB,5791.1 MiB,1595.2 MiB,8408.7 MiB,4096.0 MiB,4096.0 MiB,0.0 MiB,13529.3 MiB
Python 3.9.16,nbody.py 50000000,442,1690933875,344300,python,8:35.48,15764,8328,5584,93.8,0.1,279,2,276,1,0,12.7,0.0,0.0,87.3,0.0,0.0,0.0,0.0,15795.0 MiB,5791.1 MiB,1595.2 MiB,8408.7 MiB,4096.0 MiB,4096.0 MiB,0.0 MiB,13529.3 MiB
Python 3.9.16,nbody.py 50000000,443,1690933876,344300,python,8:36.65,15764,8328,5584,100.0,0.1,279,2,276,1,0,13.3,0.8,0.0,85.9,0.0,0.0,0.0,0.0,15795.0 MiB,5791.1 MiB,1595.2 MiB,8408.7 MiB,4096.0 MiB,4096.0 MiB,0.0 MiB,13529.4 MiB
Python 3.9.16,nbody.py 50000000,444,1690933877,344300,python,8:37.81,15764,8328,5584,100.0,0.1,279,2,276,1,0,12.6,0.8,0.0,86.6,0.0,0.0,0.0,0.0,15795.0 MiB,5791.1 MiB,1595.2 MiB,8408.7 MiB,4096.0 MiB,4096.0 MiB,0.0 MiB,13529.4 MiB
Python 3.9.16,nbody.py 50000000,445,1690933878,344300,python,8:38.98,15764,8328,5584,93.8,0.1,279,2,276,1,0,13.3,0.8,0.0,85.9,0.0,0.0,0.0,0.0,15795.0 MiB,5791.3 MiB,1594.9 MiB,8408.7 MiB,4096.0 MiB,4096.0 MiB,0.0 MiB,13529.6 MiB
