test,version,appplication,no_measurement,timestamp,pid,command,time,virt,res,shr,percent_cpu,percent_mem,nTH,P,TIME,SWAP,CODE,DATA,nMaj,nMin,nDRT,USED,tasks_total,tasks_running,tasks_sleeping,tasks_stopped,tasks_zombie,cpu_us,cpu_sy,cpu_ni,cpu_id,cpu_wa,cpu_hi,cpu_si,cpu_st,mem_total,mem_free,mem_used,mem_buff_cache,swap_total,swap_free,swap_used,swap_avail,
1,g++-4.9 4.9.3,nbody_2.c 50000000,0,1695319392,2968104,nbody_2_g++-4.9,0:00.16,6496,1956,1784,93.8,0.0,1,5,0:00,0,12,556,0,227,0,1956,330,2,280,48,0,13.1,1.5,0.0,85.4,0.0,0.0,0.0,0.0,15794.9 MiB,4016.7 MiB,2203.5 MiB,9574.7 MiB,4096.0 MiB,3447.7 MiB,648.2 MiB,12994.9 MiB
1,g++-4.9 4.9.3,nbody_2.c 50000000,1,1695319393,2968104,nbody_2_g++-4.9,0:01.33,6496,1956,1784,93.8,0.0,1,5,0:01,0,12,556,0,227,0,1956,330,2,280,48,0,13.0,0.8,0.0,86.3,0.0,0.0,0.0,0.0,15794.9 MiB,4016.0 MiB,2204.1 MiB,9574.8 MiB,4096.0 MiB,3447.7 MiB,648.2 MiB,12994.2 MiB
1,g++-4.9 4.9.3,nbody_2.c 50000000,2,1695319394,2968104,nbody_2_g++-4.9,0:02.51,6496,1956,1784,100.0,0.0,1,5,0:02,0,12,556,0,227,0,1956,330,2,280,48,0,13.0,2.3,0.0,84.7,0.0,0.0,0.0,0.0,15794.9 MiB,4022.6 MiB,2204.5 MiB,9567.8 MiB,4096.0 MiB,3447.7 MiB,648.2 MiB,13000.8 MiB
1,g++-4.9 4.9.3,nbody_2.c 50000000,3,1695319396,2968104,nbody_2_g++-4.9,0:03.68,6496,1956,1784,100.0,0.0,1,5,0:03,0,12,556,0,227,0,1956,330,2,280,48,0,13.6,0.0,0.0,86.4,0.0,0.0,0.0,0.0,15794.9 MiB,4023.1 MiB,2204.0 MiB,9567.8 MiB,4096.0 MiB,3447.7 MiB,648.2 MiB,13001.3 MiB
1,g++-4.9 4.9.3,nbody_2.c 50000000,4,1695319397,2968104,nbody_2_g++-4.9,0:04.85,6496,1956,1784,93.8,0.0,1,5,0:04,0,12,556,0,227,0,1956,330,2,280,48,0,13.0,0.8,0.0,86.3,0.0,0.0,0.0,0.0,15794.9 MiB,4022.1 MiB,2205.0 MiB,9567.8 MiB,4096.0 MiB,3447.7 MiB,648.2 MiB,13000.4 MiB
1,g++-4.9 4.9.3,nbody_2.c 50000000,5,1695319398,2968104,nbody_2_g++-4.9,0:06.03,6496,1956,1784,100.0,0.0,1,5,0:06,0,12,556,0,227,0,1956,330,2,280,48,0,13.0,0.8,0.0,85.5,0.8,0.0,0.0,0.0,15794.9 MiB,4021.6 MiB,2205.5 MiB,9567.8 MiB,4096.0 MiB,3447.7 MiB,648.2 MiB,12999.9 MiB
1,g++-4.9 4.9.3,nbody_2.c 50000000,6,1695319399,2968104,nbody_2_g++-4.9,0:07.20,6496,1956,1784,100.0,0.0,1,5,0:07,0,12,556,0,227,0,1956,330,2,280,48,0,13.0,0.8,0.0,86.3,0.0,0.0,0.0,0.0,15794.9 MiB,4023.1 MiB,2204.0 MiB,9567.8 MiB,4096.0 MiB,3447.7 MiB,648.2 MiB,13001.3 MiB
1,g++-4.9 4.9.3,nbody_2.c 50000000,7,1695319400,2968104,nbody_2_g++-4.9,0:08.37,6496,1956,1784,93.8,0.0,1,5,0:08,0,12,556,0,227,0,1956,330,2,280,48,0,13.0,0.8,0.0,86.3,0.0,0.0,0.0,0.0,15794.9 MiB,4023.3 MiB,2203.7 MiB,9567.8 MiB,4096.0 MiB,3447.7 MiB,648.2 MiB,13001.6 MiB
1,g++-4.9 4.9.3,nbody_2.c 50000000,8,1695319402,2968104,nbody_2_g++-4.9,0:09.54,6496,1956,1784,93.8,0.0,1,5,0:09,0,12,556,0,227,0,1956,330,2,280,48,0,13.5,1.5,0.0,85.0,0.0,0.0,0.0,0.0,15794.9 MiB,4022.9 MiB,2204.2 MiB,9567.8 MiB,4096.0 MiB,3447.7 MiB,648.2 MiB,13001.1 MiB
1,g++-4.9 4.9.3,nbody_2.c 50000000,9,1695319403,2968104,nbody_2_g++-4.9,0:10.72,6496,1956,1784,100.0,0.0,1,5,0:10,0,12,556,0,227,0,1956,329,2,279,48,0,13.0,1.5,0.0,85.5,0.0,0.0,0.0,0.0,15794.9 MiB,4023.1 MiB,2204.0 MiB,9567.8 MiB,4096.0 MiB,3447.7 MiB,648.2 MiB,13001.4 MiB
1,g++-4.9 4.9.3,nbody_2.c 50000000,10,1695319404,2968104,nbody_2_g++-4.9,0:11.89,6496,1956,1784,93.8,0.0,1,5,0:11,0,12,556,0,227,0,1956,329,2,279,48,0,13.0,0.8,0.0,85.5,0.8,0.0,0.0,0.0,15794.9 MiB,4022.4 MiB,2204.7 MiB,9567.8 MiB,4096.0 MiB,3447.7 MiB,648.2 MiB,13000.6 MiB
1,g++-4.9 4.9.3,nbody_2.c 50000000,11,1695319405,2968104,nbody_2_g++-4.9,0:13.06,6496,1956,1784,93.8,0.0,1,5,0:13,0,12,556,0,227,0,1956,329,2,279,48,0,13.0,0.8,0.0,86.3,0.0,0.0,0.0,0.0,15794.9 MiB,4022.4 MiB,2204.7 MiB,9567.8 MiB,4096.0 MiB,3447.7 MiB,648.2 MiB,13000.6 MiB
1,g++-4.9 4.9.3,nbody_2.c 50000000,12,1695319406,2968104,nbody_2_g++-4.9,0:14.24,6496,1956,1784,100.0,0.0,1,5,0:14,0,12,556,0,227,0,1956,330,2,280,48,0,12.9,1.5,0.0,85.6,0.0,0.0,0.0,0.0,15794.9 MiB,4022.4 MiB,2204.7 MiB,9567.8 MiB,4096.0 MiB,3447.7 MiB,648.2 MiB,13000.6 MiB
1,g++-4.9 4.9.3,nbody_2.c 50000000,13,1695319407,2968104,nbody_2_g++-4.9,0:15.41,6496,1956,1784,100.0,0.0,1,5,0:15,0,12,556,0,227,0,1956,330,2,280,48,0,13.0,0.8,0.0,86.3,0.0,0.0,0.0,0.0,15794.9 MiB,4022.6 MiB,2204.5 MiB,9567.8 MiB,4096.0 MiB,3447.7 MiB,648.2 MiB,13000.9 MiB
1,g++-4.9 4.9.3,nbody_2.c 50000000,14,1695319409,2968104,nbody_2_g++-4.9,0:16.58,6496,1956,1784,93.8,0.0,1,5,0:16,0,12,556,0,227,0,1956,330,2,280,48,0,13.0,0.8,0.0,86.3,0.0,0.0,0.0,0.0,15794.9 MiB,4022.9 MiB,2204.2 MiB,9567.8 MiB,4096.0 MiB,3447.7 MiB,648.2 MiB,13001.1 MiB
1,g++-4.9 4.9.3,nbody_2.c 50000000,15,1695319410,2968104,nbody_2_g++-4.9,0:17.76,6496,1956,1784,100.0,0.0,1,5,0:17,0,12,556,0,227,0,1956,330,2,280,48,0,13.1,0.0,0.0,86.9,0.0,0.0,0.0,0.0,15794.9 MiB,4022.4 MiB,2204.7 MiB,9567.8 MiB,4096.0 MiB,3447.7 MiB,648.2 MiB,13000.6 MiB
1,g++-4.9 4.9.3,nbody_2.c 50000000,16,1695319411,2968104,nbody_2_g++-4.9,0:18.93,6496,1956,1784,100.0,0.0,1,5,0:18,0,12,556,0,227,0,1956,330,2,280,48,0,13.0,0.8,0.0,85.5,0.0,0.0,0.8,0.0,15794.9 MiB,4021.9 MiB,2205.2 MiB,9567.8 MiB,4096.0 MiB,3447.7 MiB,648.2 MiB,13000.1 MiB
1,g++-4.9 4.9.3,nbody_2.c 50000000,17,1695319412,2968104,nbody_2_g++-4.9,0:20.10,6496,1956,1784,100.0,0.0,1,5,0:20,0,12,556,0,227,0,1956,330,2,280,48,0,13.6,0.8,0.0,85.6,0.0,0.0,0.0,0.0,15794.9 MiB,4022.4 MiB,2204.7 MiB,9567.8 MiB,4096.0 MiB,3447.7 MiB,648.2 MiB,13000.6 MiB
1,g++-4.9 4.9.3,nbody_2.c 50000000,18,1695319413,2968104,nbody_2_g++-4.9,0:21.28,6496,1956,1784,100.0,0.0,1,1,0:21,0,12,556,0,227,0,1956,330,2,280,48,0,12.9,0.8,0.0,86.4,0.0,0.0,0.0,0.0,15794.9 MiB,4022.1 MiB,2204.9 MiB,9567.8 MiB,4096.0 MiB,3447.7 MiB,648.2 MiB,13000.4 MiB
1,g++-4.9 4.9.3,nbody_2.c 50000000,19,1695319414,2968104,nbody_2_g++-4.9,0:22.45,6496,1956,1784,100.0,0.0,1,1,0:22,0,12,556,0,227,0,1956,330,2,280,48,0,12.9,1.5,0.0,85.6,0.0,0.0,0.0,0.0,15794.9 MiB,4022.1 MiB,2204.9 MiB,9567.8 MiB,4096.0 MiB,3447.7 MiB,648.2 MiB,13000.4 MiB
1,g++-4.9 4.9.3,nbody_2.c 50000000,20,1695319416,2968104,nbody_2_g++-4.9,0:23.62,6496,1956,1784,100.0,0.0,1,5,0:23,0,12,556,0,227,0,1956,330,2,280,48,0,13.0,0.8,0.0,86.3,0.0,0.0,0.0,0.0,15794.9 MiB,4021.9 MiB,2205.2 MiB,9567.8 MiB,4096.0 MiB,3447.7 MiB,648.2 MiB,13000.2 MiB
1,g++-4.9 4.9.3,nbody_2.c 50000000,21,1695319417,2968104,nbody_2_g++-4.9,0:24.80,6496,1956,1784,100.0,0.0,1,5,0:24,0,12,556,0,227,0,1956,330,2,280,48,0,14.1,1.5,0.0,84.4,0.0,0.0,0.0,0.0,15794.9 MiB,4022.9 MiB,2204.2 MiB,9567.8 MiB,4096.0 MiB,3447.7 MiB,648.2 MiB,13001.2 MiB
1,g++-4.9 4.9.3,nbody_2.c 50000000,22,1695319418,2968104,nbody_2_g++-4.9,0:25.97,6496,1956,1784,100.0,0.0,1,5,0:25,0,12,556,0,227,0,1956,330,2,280,48,0,12.3,1.5,0.0,86.2,0.0,0.0,0.0,0.0,15794.9 MiB,4022.9 MiB,2204.2 MiB,9567.8 MiB,4096.0 MiB,3447.7 MiB,648.2 MiB,13001.2 MiB
1,g++-4.9 4.9.3,nbody_2.c 50000000,23,1695319419,2968104,nbody_2_g++-4.9,0:27.14,6496,1956,1784,100.0,0.0,1,5,0:27,0,12,556,0,227,0,1956,330,2,280,48,0,12.8,1.5,0.0,85.7,0.0,0.0,0.0,0.0,15794.9 MiB,4022.9 MiB,2204.2 MiB,9567.8 MiB,4096.0 MiB,3447.7 MiB,648.2 MiB,13001.2 MiB
1,g++-4.9 4.9.3,nbody_2.c 50000000,24,1695319420,2968104,nbody_2_g++-4.9,0:28.32,6496,1956,1784,100.0,0.0,1,5,0:28,0,12,556,0,227,0,1956,330,2,280,48,0,13.6,0.8,0.0,84.8,0.8,0.0,0.0,0.0,15794.9 MiB,4022.6 MiB,2204.4 MiB,9567.8 MiB,4096.0 MiB,3447.7 MiB,648.2 MiB,13000.9 MiB
1,g++-4.9 4.9.3,nbody_2.c 50000000,25,1695319421,2968104,nbody_2_g++-4.9,0:29.49,6496,1956,1784,100.0,0.0,1,5,0:29,0,12,556,0,227,0,1956,330,2,280,48,0,12.9,1.5,0.0,85.6,0.0,0.0,0.0,0.0,15794.9 MiB,4022.1 MiB,2204.9 MiB,9567.8 MiB,4096.0 MiB,3447.7 MiB,648.2 MiB,13000.4 MiB
1,g++-4.9 4.9.3,nbody_2.c 50000000,26,1695319423,2968104,nbody_2_g++-4.9,0:30.66,6496,1956,1784,100.0,0.0,1,5,0:30,0,12,556,0,227,0,1956,330,2,280,48,0,12.9,0.8,0.0,86.4,0.0,0.0,0.0,0.0,15794.9 MiB,4021.6 MiB,2205.4 MiB,9567.8 MiB,4096.0 MiB,3447.7 MiB,648.2 MiB,12999.9 MiB
1,g++-4.9 4.9.3,nbody_2.c 50000000,27,1695319424,2968104,nbody_2_g++-4.9,0:31.84,6496,1956,1784,100.0,0.0,1,5,0:31,0,12,556,0,227,0,1956,330,2,280,48,0,13.5,1.5,0.0,85.0,0.0,0.0,0.0,0.0,15794.9 MiB,4021.4 MiB,2205.6 MiB,9567.8 MiB,4096.0 MiB,3447.7 MiB,648.2 MiB,12999.7 MiB
1,g++-4.9 4.9.3,nbody_2.c 50000000,28,1695319425,2968104,nbody_2_g++-4.9,0:33.01,6496,1956,1784,100.0,0.0,1,5,0:33,0,12,556,0,227,0,1956,330,2,280,48,0,12.9,1.5,0.0,85.6,0.0,0.0,0.0,0.0,15794.9 MiB,4020.7 MiB,2206.4 MiB,9567.8 MiB,4096.0 MiB,3447.7 MiB,648.2 MiB,12998.9 MiB
1,g++-4.9 4.9.3,nbody_2.c 50000000,29,1695319426,2968104,nbody_2_g++-4.9,0:34.18,6496,1956,1784,100.0,0.0,1,1,0:34,0,12,556,0,227,0,1956,330,2,280,48,0,12.9,1.5,0.0,85.6,0.0,0.0,0.0,0.0,15794.9 MiB,4020.4 MiB,2206.6 MiB,9567.8 MiB,4096.0 MiB,3447.7 MiB,648.2 MiB,12998.7 MiB
1,g++-4.9 4.9.3,nbody_2.c 50000000,30,1695319427,2968104,nbody_2_g++-4.9,0:35.36,6496,1956,1784,100.0,0.0,1,1,0:35,0,12,556,0,227,0,1956,330,2,280,48,0,13.7,0.0,0.0,86.3,0.0,0.0,0.0,0.0,15794.9 MiB,4020.2 MiB,2206.9 MiB,9567.8 MiB,4096.0 MiB,3447.7 MiB,648.2 MiB,12998.5 MiB
1,g++-4.9 4.9.3,nbody_2.c 50000000,31,1695319429,2968104,nbody_2_g++-4.9,0:36.53,6496,1956,1784,100.0,0.0,1,1,0:36,0,12,556,0,227,0,1956,330,2,280,48,0,13.0,0.8,0.0,86.3,0.0,0.0,0.0,0.0,15794.9 MiB,4020.4 MiB,2206.6 MiB,9567.8 MiB,4096.0 MiB,3447.7 MiB,648.2 MiB,12998.7 MiB
1,g++-4.9 4.9.3,nbody_2.c 50000000,32,1695319430,2968104,nbody_2_g++-4.9,0:37.70,6496,1956,1784,100.0,0.0,1,1,0:37,0,12,556,0,227,0,1956,330,2,280,48,0,12.8,1.5,0.0,85.7,0.0,0.0,0.0,0.0,15794.9 MiB,4020.7 MiB,2206.4 MiB,9567.8 MiB,4096.0 MiB,3447.7 MiB,648.2 MiB,12999.0 MiB
1,g++-4.9 4.9.3,nbody_2.c 50000000,33,1695319431,2968104,nbody_2_g++-4.9,0:38.87,6496,1956,1784,93.8,0.0,1,1,0:38,0,12,556,0,227,0,1956,330,2,280,48,0,12.9,0.8,0.0,86.4,0.0,0.0,0.0,0.0,15794.9 MiB,4020.9 MiB,2206.1 MiB,9567.8 MiB,4096.0 MiB,3447.7 MiB,648.2 MiB,12999.2 MiB
1,g++-4.9 4.9.3,nbody_2.c 50000000,34,1695319432,2968104,nbody_2_g++-4.9,0:40.04,6496,1956,1784,93.8,0.0,1,1,0:40,0,12,556,0,227,0,1956,330,2,280,48,0,13.4,1.5,0.0,84.3,0.7,0.0,0.0,0.0,15794.9 MiB,4021.2 MiB,2205.9 MiB,9567.8 MiB,4096.0 MiB,3447.7 MiB,648.2 MiB,12999.5 MiB
1,g++-4.9 4.9.3,nbody_2.c 50000000,35,1695319433,2968104,nbody_2_g++-4.9,0:41.22,6496,1956,1784,100.0,0.0,1,1,0:41,0,12,556,0,227,0,1956,330,2,280,48,0,12.9,1.5,0.0,85.6,0.0,0.0,0.0,0.0,15794.9 MiB,4021.2 MiB,2205.9 MiB,9567.8 MiB,4096.0 MiB,3447.7 MiB,648.2 MiB,12999.5 MiB
1,g++-4.9 4.9.3,nbody_2.c 50000000,36,1695319434,2968104,nbody_2_g++-4.9,0:42.39,6496,1956,1784,100.0,0.0,1,1,0:42,0,12,556,0,227,0,1956,330,2,280,48,0,12.2,1.5,0.0,86.3,0.0,0.0,0.0,0.0,15794.9 MiB,4021.2 MiB,2205.9 MiB,9567.8 MiB,4096.0 MiB,3447.7 MiB,648.2 MiB,12999.5 MiB
1,g++-4.9 4.9.3,nbody_2.c 50000000,37,1695319436,2968104,nbody_2_g++-4.9,0:43.56,6496,1956,1784,93.8,0.0,1,1,0:43,0,12,556,0,227,0,1956,330,2,280,48,0,13.0,0.8,0.0,86.3,0.0,0.0,0.0,0.0,15794.9 MiB,4021.4 MiB,2205.6 MiB,9567.8 MiB,4096.0 MiB,3447.7 MiB,648.2 MiB,12999.7 MiB
1,g++-4.9 4.9.3,nbody_2.c 50000000,38,1695319437,2968104,nbody_2_g++-4.9,0:44.74,6496,1956,1784,100.0,0.0,1,1,0:44,0,12,556,0,227,0,1956,330,2,280,48,0,13.0,0.8,0.0,86.3,0.0,0.0,0.0,0.0,15794.9 MiB,4021.7 MiB,2205.4 MiB,9567.8 MiB,4096.0 MiB,3447.7 MiB,648.2 MiB,13000.0 MiB
1,g++-4.9 4.9.3,nbody_2.c 50000000,39,1695319438,2968104,nbody_2_g++-4.9,0:45.91,6496,1956,1784,100.0,0.0,1,5,0:45,0,12,556,0,227,0,1956,330,2,280,48,0,13.0,0.8,0.0,86.3,0.0,0.0,0.0,0.0,15794.9 MiB,4020.9 MiB,2206.1 MiB,9567.9 MiB,4096.0 MiB,3447.7 MiB,648.2 MiB,12999.2 MiB
1,g++-4.9 4.9.3,nbody_2.c 50000000,40,1695319439,2968104,nbody_2_g++-4.9,0:47.08,6496,1956,1784,93.8,0.0,1,5,0:47,0,12,556,0,227,0,1956,330,2,280,48,0,13.6,0.8,0.0,85.6,0.0,0.0,0.0,0.0,15794.9 MiB,4021.2 MiB,2205.9 MiB,9567.9 MiB,4096.0 MiB,3447.7 MiB,648.2 MiB,12999.5 MiB
1,g++-4.9 4.9.3,nbody_2.c 50000000,41,1695319440,2968104,nbody_2_g++-4.9,0:48.26,6496,1956,1784,100.0,0.0,1,1,0:48,0,12,556,0,227,0,1956,330,2,280,48,0,13.5,1.5,0.0,85.0,0.0,0.0,0.0,0.0,15794.9 MiB,4021.4 MiB,2205.6 MiB,9567.9 MiB,4096.0 MiB,3447.7 MiB,648.2 MiB,12999.7 MiB
1,g++-4.9 4.9.3,nbody_2.c 50000000,42,1695319441,2968104,nbody_2_g++-4.9,0:49.43,6496,1956,1784,100.0,0.0,1,1,0:49,0,12,556,0,227,0,1956,330,2,280,48,0,12.3,0.8,0.0,86.9,0.0,0.0,0.0,0.0,15794.9 MiB,4021.4 MiB,2205.6 MiB,9567.9 MiB,4096.0 MiB,3447.7 MiB,648.2 MiB,12999.7 MiB
1,g++-4.9 4.9.3,nbody_2.c 50000000,43,1695319443,2968104,nbody_2_g++-4.9,0:50.60,6496,1956,1784,93.8,0.0,1,1,0:50,0,12,556,0,227,0,1956,330,2,280,48,0,12.2,1.5,0.0,86.3,0.0,0.0,0.0,0.0,15794.9 MiB,4020.9 MiB,2206.1 MiB,9567.9 MiB,4096.0 MiB,3447.7 MiB,648.2 MiB,12999.2 MiB
1,g++-4.9 4.9.3,nbody_2.c 50000000,44,1695319444,2968104,nbody_2_g++-4.9,0:51.77,6496,1956,1784,100.0,0.0,1,1,0:51,0,12,556,0,227,0,1956,330,2,280,48,0,13.0,0.8,0.0,86.3,0.0,0.0,0.0,0.0,15794.9 MiB,4019.9 MiB,2207.1 MiB,9567.9 MiB,4096.0 MiB,3447.7 MiB,648.2 MiB,12998.3 MiB
1,g++-4.9 4.9.3,nbody_2.c 50000000,45,1695319445,2968104,nbody_2_g++-4.9,0:52.95,6496,1956,1784,100.0,0.0,1,1,0:52,0,12,556,0,227,0,1956,330,2,280,48,0,13.7,0.0,0.0,86.3,0.0,0.0,0.0,0.0,15794.9 MiB,4020.2 MiB,2206.8 MiB,9567.9 MiB,4096.0 MiB,3447.7 MiB,648.2 MiB,12998.5 MiB
1,g++-4.9 4.9.3,nbody_2.c 50000000,46,1695319446,2968104,nbody_2_g++-4.9,0:54.12,6496,1956,1784,93.8,0.0,1,1,0:54,0,12,556,0,227,0,1956,330,2,280,48,0,12.2,1.5,0.0,86.3,0.0,0.0,0.0,0.0,15794.9 MiB,4021.7 MiB,2205.3 MiB,9567.9 MiB,4096.0 MiB,3447.7 MiB,648.2 MiB,13000.0 MiB
1,g++-4.9 4.9.3,nbody_2.c 50000000,47,1695319447,2968104,nbody_2_g++-4.9,0:55.29,6496,1956,1784,93.8,0.0,1,1,0:55,0,12,556,0,227,0,1956,330,2,280,48,0,13.0,0.8,0.0,86.3,0.0,0.0,0.0,0.0,15794.9 MiB,4022.4 MiB,2204.6 MiB,9567.9 MiB,4096.0 MiB,3447.7 MiB,648.2 MiB,13000.7 MiB
1,g++-4.9 4.9.3,nbody_2.c 50000000,48,1695319448,2968104,nbody_2_g++-4.9,0:56.47,6496,1956,1784,100.0,0.0,1,1,0:56,0,12,556,0,227,0,1956,330,2,280,48,0,13.6,0.8,0.0,85.6,0.0,0.0,0.0,0.0,15794.9 MiB,4022.4 MiB,2204.6 MiB,9567.9 MiB,4096.0 MiB,3447.7 MiB,648.2 MiB,13000.7 MiB
1,g++-4.9 4.9.3,nbody_2.c 50000000,49,1695319450,2968104,nbody_2_g++-4.9,0:57.64,6496,1956,1784,93.8,0.0,1,1,0:57,0,12,556,0,227,0,1956,330,2,280,48,0,13.0,0.8,0.0,86.3,0.0,0.0,0.0,0.0,15794.9 MiB,4022.6 MiB,2204.3 MiB,9567.9 MiB,4096.0 MiB,3447.7 MiB,648.2 MiB,13001.0 MiB
1,g++-4.9 4.9.3,nbody_2.c 50000000,50,1695319451,2968104,nbody_2_g++-4.9,0:58.81,6496,1956,1784,93.8,0.0,1,5,0:58,0,12,556,0,227,0,1956,330,2,280,48,0,12.2,1.5,0.0,86.3,0.0,0.0,0.0,0.0,15794.9 MiB,4021.7 MiB,2205.3 MiB,9567.9 MiB,4096.0 MiB,3447.7 MiB,648.2 MiB,13000.0 MiB
1,g++-4.9 4.9.3,nbody_2.c 50000000,51,1695319452,2968104,nbody_2_g++-4.9,0:59.99,6496,1956,1784,100.0,0.0,1,5,0:59,0,12,556,0,227,0,1956,330,2,280,48,0,13.0,0.0,0.0,86.3,0.0,0.0,0.8,0.0,15794.9 MiB,4021.7 MiB,2205.3 MiB,9567.9 MiB,4096.0 MiB,3447.7 MiB,648.2 MiB,13000.0 MiB
1,g++-4.9 4.9.3,nbody_2.c 50000000,52,1695319453,2968104,nbody_2_g++-4.9,1:01.16,6496,1956,1784,100.0,0.0,1,5,1:01,0,12,556,0,227,0,1956,330,2,280,48,0,14.3,0.0,0.0,85.7,0.0,0.0,0.0,0.0,15794.9 MiB,4021.2 MiB,2205.8 MiB,9567.9 MiB,4096.0 MiB,3447.7 MiB,648.2 MiB,12999.5 MiB
1,g++-4.9 4.9.3,nbody_2.c 50000000,53,1695319454,2968104,nbody_2_g++-4.9,1:02.33,6496,1956,1784,93.8,0.0,1,5,1:02,0,12,556,0,227,0,1956,330,2,280,48,0,12.9,1.5,0.0,85.6,0.0,0.0,0.0,0.0,15794.9 MiB,4021.4 MiB,2205.6 MiB,9567.9 MiB,4096.0 MiB,3447.7 MiB,648.2 MiB,12999.8 MiB
1,g++-4.9 4.9.3,nbody_2.c 50000000,54,1695319455,2968104,nbody_2_g++-4.9,1:03.51,6496,1956,1784,100.0,0.0,1,5,1:03,0,12,556,0,227,0,1956,330,2,280,48,0,12.9,0.8,0.0,86.4,0.0,0.0,0.0,0.0,15794.9 MiB,4021.4 MiB,2205.6 MiB,9567.9 MiB,4096.0 MiB,3447.7 MiB,648.2 MiB,12999.8 MiB
1,g++-4.9 4.9.3,nbody_2.c 50000000,55,1695319457,2968104,nbody_2_g++-4.9,1:04.68,6496,1956,1784,100.0,0.0,1,5,1:04,0,12,556,0,227,0,1956,330,2,280,48,0,13.5,0.8,0.0,85.7,0.0,0.0,0.0,0.0,15794.9 MiB,4021.7 MiB,2205.3 MiB,9567.9 MiB,4096.0 MiB,3447.7 MiB,648.2 MiB,13000.0 MiB
1,g++-4.9 4.9.3,nbody_2.c 50000000,56,1695319458,2968104,nbody_2_g++-4.9,1:05.85,6496,1956,1784,100.0,0.0,1,1,1:05,0,12,556,0,227,0,1956,330,2,280,48,0,12.8,1.5,0.0,85.7,0.0,0.0,0.0,0.0,15794.9 MiB,4021.4 MiB,2205.6 MiB,9567.9 MiB,4096.0 MiB,3447.7 MiB,648.2 MiB,12999.8 MiB
1,g++-4.9 4.9.3,nbody_2.c 50000000,57,1695319459,2968104,nbody_2_g++-4.9,1:07.03,6496,1956,1784,100.0,0.0,1,1,1:07,0,12,556,0,227,0,1956,330,2,280,48,0,12.9,0.8,0.0,86.4,0.0,0.0,0.0,0.0,15794.9 MiB,4021.4 MiB,2205.6 MiB,9567.9 MiB,4096.0 MiB,3447.7 MiB,648.2 MiB,12999.8 MiB
1,g++-4.9 4.9.3,nbody_2.c 50000000,58,1695319460,2968104,nbody_2_g++-4.9,1:08.20,6496,1956,1784,100.0,0.0,1,5,1:08,0,12,556,0,227,0,1956,330,2,280,48,0,13.0,0.8,0.0,86.3,0.0,0.0,0.0,0.0,15794.9 MiB,4021.9 MiB,2205.1 MiB,9567.9 MiB,4096.0 MiB,3447.7 MiB,648.2 MiB,13000.3 MiB
1,g++-4.9 4.9.3,nbody_2.c 50000000,59,1695319461,2968104,nbody_2_g++-4.9,1:09.37,6496,1956,1784,100.0,0.0,1,5,1:09,0,12,556,0,227,0,1956,330,2,280,48,0,13.0,0.8,0.0,86.3,0.0,0.0,0.0,0.0,15794.9 MiB,4022.4 MiB,2204.6 MiB,9567.9 MiB,4096.0 MiB,3447.7 MiB,648.2 MiB,13000.8 MiB
1,g++-4.9 4.9.3,nbody_2.c 50000000,60,1695319463,2968104,nbody_2_g++-4.9,1:10.55,6496,1956,1784,100.0,0.0,1,5,1:10,0,12,556,0,227,0,1956,330,2,280,48,0,12.2,0.8,0.0,87.0,0.0,0.0,0.0,0.0,15794.9 MiB,4022.7 MiB,2204.3 MiB,9567.9 MiB,4096.0 MiB,3447.7 MiB,648.2 MiB,13001.0 MiB
1,g++-4.9 4.9.3,nbody_2.c 50000000,61,1695319464,2968104,nbody_2_g++-4.9,1:11.72,6496,1956,1784,100.0,0.0,1,1,1:11,0,12,556,0,227,0,1956,330,2,280,48,0,12.3,0.8,0.0,86.9,0.0,0.0,0.0,0.0,15794.9 MiB,4023.2 MiB,2203.8 MiB,9567.9 MiB,4096.0 MiB,3447.7 MiB,648.2 MiB,13001.5 MiB
1,g++-4.9 4.9.3,nbody_2.c 50000000,62,1695319465,2968104,nbody_2_g++-4.9,1:12.89,6496,1956,1784,100.0,0.0,1,1,1:12,0,12,556,0,227,0,1956,330,2,280,48,0,12.2,0.8,0.0,87.0,0.0,0.0,0.0,0.0,15794.9 MiB,4023.4 MiB,2203.6 MiB,9567.9 MiB,4096.0 MiB,3447.7 MiB,648.2 MiB,13001.8 MiB
1,g++-4.9 4.9.3,nbody_2.c 50000000,63,1695319466,2968104,nbody_2_g++-4.9,1:14.07,6496,1956,1784,100.0,0.0,1,1,1:14,0,12,556,0,227,0,1956,330,2,280,48,0,13.6,0.8,0.0,85.6,0.0,0.0,0.0,0.0,15794.9 MiB,4023.6 MiB,2203.3 MiB,9567.9 MiB,4096.0 MiB,3447.7 MiB,648.2 MiB,13002.0 MiB
1,g++-4.9 4.9.3,nbody_2.c 50000000,64,1695319467,2968104,nbody_2_g++-4.9,1:15.24,6496,1956,1784,100.0,0.0,1,1,1:15,0,12,556,0,227,0,1956,330,2,280,48,0,12.8,3.0,0.0,83.5,0.8,0.0,0.0,0.0,15794.9 MiB,4025.4 MiB,2200.7 MiB,9568.7 MiB,4096.0 MiB,3447.7 MiB,648.2 MiB,13004.6 MiB
1,g++-4.9 4.9.3,nbody_2.c 50000000,65,1695319468,2968104,nbody_2_g++-4.9,1:16.41,6496,1956,1784,100.0,0.0,1,1,1:16,0,12,556,0,227,0,1956,330,2,280,48,0,12.1,1.5,0.0,86.4,0.0,0.0,0.0,0.0,15794.9 MiB,4024.4 MiB,2201.7 MiB,9568.7 MiB,4096.0 MiB,3447.7 MiB,648.2 MiB,13003.6 MiB
2,g++-4.9 4.9.3,nbody_2.c 50000000,0,1695319470,2968511,nbody_2_g++-4.9,0:00.16,6496,1952,1780,100.0,0.0,1,3,0:00,0,12,556,0,230,0,1952,330,2,280,48,0,13.0,1.5,0.0,85.5,0.0,0.0,0.0,0.0,15794.9 MiB,4023.9 MiB,2195.4 MiB,9575.6 MiB,4096.0 MiB,3447.7 MiB,648.2 MiB,13003.1 MiB
2,g++-4.9 4.9.3,nbody_2.c 50000000,1,1695319471,2968511,nbody_2_g++-4.9,0:01.33,6496,1952,1780,93.8,0.0,1,3,0:01,0,12,556,0,230,0,1952,330,2,280,48,0,12.9,1.5,0.0,85.6,0.0,0.0,0.0,0.0,15794.9 MiB,4023.6 MiB,2195.5 MiB,9575.7 MiB,4096.0 MiB,3447.7 MiB,648.2 MiB,13002.9 MiB
2,g++-4.9 4.9.3,nbody_2.c 50000000,2,1695319472,2968511,nbody_2_g++-4.9,0:02.51,6496,1952,1780,100.0,0.0,1,3,0:02,0,12,556,0,230,0,1952,330,2,280,48,0,13.4,1.5,0.0,85.1,0.0,0.0,0.0,0.0,15794.9 MiB,4023.9 MiB,2202.2 MiB,9568.7 MiB,4096.0 MiB,3447.7 MiB,648.2 MiB,13003.1 MiB
2,g++-4.9 4.9.3,nbody_2.c 50000000,3,1695319473,2968511,nbody_2_g++-4.9,0:03.68,6496,1952,1780,100.0,0.0,1,3,0:03,0,12,556,0,230,0,1952,330,2,280,48,0,13.0,0.8,0.0,86.3,0.0,0.0,0.0,0.0,15794.9 MiB,4024.1 MiB,2202.0 MiB,9568.7 MiB,4096.0 MiB,3447.7 MiB,648.2 MiB,13003.3 MiB
2,g++-4.9 4.9.3,nbody_2.c 50000000,4,1695319474,2968511,nbody_2_g++-4.9,0:04.85,6496,1952,1780,93.8,0.0,1,3,0:04,0,12,556,0,230,0,1952,330,2,280,48,0,12.8,1.5,0.0,85.7,0.0,0.0,0.0,0.0,15794.9 MiB,4024.4 MiB,2201.7 MiB,9568.8 MiB,4096.0 MiB,3447.7 MiB,648.2 MiB,13003.6 MiB
2,g++-4.9 4.9.3,nbody_2.c 50000000,5,1695319475,2968511,nbody_2_g++-4.9,0:06.03,6496,1952,1780,100.0,0.0,1,3,0:06,0,12,556,0,230,0,1952,330,2,280,48,0,13.6,0.8,0.0,85.6,0.0,0.0,0.0,0.0,15794.9 MiB,4024.9 MiB,2201.2 MiB,9568.8 MiB,4096.0 MiB,3447.7 MiB,648.2 MiB,13004.1 MiB
2,g++-4.9 4.9.3,nbody_2.c 50000000,6,1695319477,2968511,nbody_2_g++-4.9,0:07.20,6496,1952,1780,100.0,0.0,1,3,0:07,0,12,556,0,230,0,1952,330,2,280,48,0,13.0,1.5,0.0,85.5,0.0,0.0,0.0,0.0,15794.9 MiB,4025.4 MiB,2200.7 MiB,9568.8 MiB,4096.0 MiB,3447.7 MiB,648.2 MiB,13004.6 MiB
2,g++-4.9 4.9.3,nbody_2.c 50000000,7,1695319478,2968511,nbody_2_g++-4.9,0:08.37,6496,1952,1780,100.0,0.0,1,7,0:08,0,12,556,0,230,0,1952,330,2,280,48,0,12.1,1.5,0.0,86.4,0.0,0.0,0.0,0.0,15794.9 MiB,4024.9 MiB,2201.2 MiB,9568.8 MiB,4096.0 MiB,3447.7 MiB,648.2 MiB,13004.1 MiB
2,g++-4.9 4.9.3,nbody_2.c 50000000,8,1695319479,2968511,nbody_2_g++-4.9,0:09.54,6496,1952,1780,93.8,0.0,1,7,0:09,0,12,556,0,230,0,1952,330,2,280,48,0,13.0,0.8,0.0,85.5,0.8,0.0,0.0,0.0,15794.9 MiB,4025.1 MiB,2201.0 MiB,9568.8 MiB,4096.0 MiB,3447.7 MiB,648.2 MiB,13004.4 MiB
2,g++-4.9 4.9.3,nbody_2.c 50000000,9,1695319480,2968511,nbody_2_g++-4.9,0:10.72,6496,1952,1780,100.0,0.0,1,7,0:10,0,12,556,0,230,0,1952,330,2,280,48,0,12.2,0.8,0.0,87.0,0.0,0.0,0.0,0.0,15794.9 MiB,4025.9 MiB,2200.2 MiB,9568.8 MiB,4096.0 MiB,3447.7 MiB,648.2 MiB,13005.1 MiB
2,g++-4.9 4.9.3,nbody_2.c 50000000,10,1695319481,2968511,nbody_2_g++-4.9,0:11.89,6496,1952,1780,100.0,0.0,1,7,0:11,0,12,556,0,230,0,1952,330,2,280,48,0,12.9,1.5,0.0,85.6,0.0,0.0,0.0,0.0,15794.9 MiB,4025.9 MiB,2200.2 MiB,9568.8 MiB,4096.0 MiB,3447.7 MiB,648.2 MiB,13005.1 MiB
2,g++-4.9 4.9.3,nbody_2.c 50000000,11,1695319482,2968511,nbody_2_g++-4.9,0:13.06,6496,1952,1780,93.8,0.0,1,7,0:13,0,12,556,0,230,0,1952,330,2,280,48,0,13.0,0.8,0.0,86.3,0.0,0.0,0.0,0.0,15794.9 MiB,4025.9 MiB,2200.2 MiB,9568.8 MiB,4096.0 MiB,3447.7 MiB,648.2 MiB,13005.1 MiB
2,g++-4.9 4.9.3,nbody_2.c 50000000,12,1695319484,2968511,nbody_2_g++-4.9,0:14.24,6496,1952,1780,100.0,0.0,1,7,0:14,0,12,556,0,230,0,1952,330,2,280,48,0,12.3,1.5,0.0,86.2,0.0,0.0,0.0,0.0,15794.9 MiB,4026.1 MiB,2200.0 MiB,9568.8 MiB,4096.0 MiB,3447.7 MiB,648.2 MiB,13005.4 MiB
2,g++-4.9 4.9.3,nbody_2.c 50000000,13,1695319485,2968511,nbody_2_g++-4.9,0:15.41,6496,1952,1780,100.0,0.0,1,7,0:15,0,12,556,0,230,0,1952,330,2,280,48,0,13.4,1.5,0.0,85.1,0.0,0.0,0.0,0.0,15794.9 MiB,4025.4 MiB,2200.7 MiB,9568.8 MiB,4096.0 MiB,3447.7 MiB,648.2 MiB,13004.6 MiB
2,g++-4.9 4.9.3,nbody_2.c 50000000,14,1695319486,2968511,nbody_2_g++-4.9,0:16.59,6496,1952,1780,100.0,0.0,1,7,0:16,0,12,556,0,230,0,1952,330,2,280,48,0,12.9,1.5,0.0,85.6,0.0,0.0,0.0,0.0,15794.9 MiB,4025.9 MiB,2200.2 MiB,9568.8 MiB,4096.0 MiB,3447.7 MiB,648.2 MiB,13005.1 MiB
2,g++-4.9 4.9.3,nbody_2.c 50000000,15,1695319487,2968511,nbody_2_g++-4.9,0:17.76,6496,1952,1780,100.0,0.0,1,7,0:17,0,12,556,0,230,0,1952,331,2,281,48,0,13.5,1.5,0.0,85.0,0.0,0.0,0.0,0.0,15794.9 MiB,4024.7 MiB,2201.4 MiB,9568.8 MiB,4096.0 MiB,3447.7 MiB,648.2 MiB,13003.9 MiB
2,g++-4.9 4.9.3,nbody_2.c 50000000,16,1695319488,2968511,nbody_2_g++-4.9,0:18.93,6496,1952,1780,93.8,0.0,1,7,0:18,0,12,556,0,230,0,1952,331,2,281,48,0,12.3,0.8,0.0,86.9,0.0,0.0,0.0,0.0,15794.9 MiB,4024.4 MiB,2201.7 MiB,9568.8 MiB,4096.0 MiB,3447.7 MiB,648.2 MiB,13003.7 MiB
2,g++-4.9 4.9.3,nbody_2.c 50000000,17,1695319490,2968511,nbody_2_g++-4.9,0:20.11,6496,1952,1780,100.0,0.0,1,7,0:20,0,12,556,0,230,0,1952,331,2,281,48,0,12.2,0.8,0.0,86.3,0.8,0.0,0.0,0.0,15794.9 MiB,4023.9 MiB,2202.2 MiB,9568.8 MiB,4096.0 MiB,3447.7 MiB,648.2 MiB,13003.2 MiB
2,g++-4.9 4.9.3,nbody_2.c 50000000,18,1695319491,2968511,nbody_2_g++-4.9,0:21.28,6496,1952,1780,93.8,0.0,1,7,0:21,0,12,556,0,230,0,1952,330,2,280,48,0,13.0,0.8,0.0,86.3,0.0,0.0,0.0,0.0,15794.9 MiB,4022.2 MiB,2203.9 MiB,9568.8 MiB,4096.0 MiB,3447.7 MiB,648.2 MiB,13001.4 MiB
2,g++-4.9 4.9.3,nbody_2.c 50000000,19,1695319492,2968511,nbody_2_g++-4.9,0:22.45,6496,1952,1780,93.8,0.0,1,7,0:22,0,12,556,0,230,0,1952,330,2,280,48,0,13.6,0.8,0.0,85.6,0.0,0.0,0.0,0.0,15794.9 MiB,4021.7 MiB,2204.4 MiB,9568.8 MiB,4096.0 MiB,3447.7 MiB,648.2 MiB,13001.0 MiB
2,g++-4.9 4.9.3,nbody_2.c 50000000,20,1695319493,2968511,nbody_2_g++-4.9,0:23.63,6496,1952,1780,100.0,0.0,1,7,0:23,0,12,556,0,230,0,1952,330,2,280,48,0,12.9,0.8,0.0,86.4,0.0,0.0,0.0,0.0,15794.9 MiB,4021.2 MiB,2204.9 MiB,9568.8 MiB,4096.0 MiB,3447.7 MiB,648.2 MiB,13000.5 MiB
2,g++-4.9 4.9.3,nbody_2.c 50000000,21,1695319494,2968511,nbody_2_g++-4.9,0:24.80,6496,1952,1780,93.8,0.0,1,7,0:24,0,12,556,0,230,0,1952,330,2,280,48,0,13.0,0.8,0.0,86.3,0.0,0.0,0.0,0.0,15794.9 MiB,4021.2 MiB,2204.9 MiB,9568.8 MiB,4096.0 MiB,3447.7 MiB,648.2 MiB,13000.5 MiB
2,g++-4.9 4.9.3,nbody_2.c 50000000,22,1695319495,2968511,nbody_2_g++-4.9,0:25.97,6496,1952,1780,93.8,0.0,1,3,0:25,0,12,556,0,230,0,1952,330,2,280,48,0,12.9,0.8,0.0,86.4,0.0,0.0,0.0,0.0,15794.9 MiB,4021.2 MiB,2204.9 MiB,9568.8 MiB,4096.0 MiB,3447.7 MiB,648.2 MiB,13000.5 MiB
2,g++-4.9 4.9.3,nbody_2.c 50000000,23,1695319497,2968511,nbody_2_g++-4.9,0:27.15,6496,1952,1780,100.0,0.0,1,3,0:27,0,12,556,0,230,0,1952,330,2,280,48,0,13.0,0.8,0.0,86.3,0.0,0.0,0.0,0.0,15794.9 MiB,4021.7 MiB,2204.4 MiB,9568.8 MiB,4096.0 MiB,3447.7 MiB,648.2 MiB,13001.0 MiB
2,g++-4.9 4.9.3,nbody_2.c 50000000,24,1695319498,2968511,nbody_2_g++-4.9,0:28.32,6496,1952,1780,93.8,0.0,1,7,0:28,0,12,556,0,230,0,1952,330,2,280,48,0,12.9,0.8,0.0,86.4,0.0,0.0,0.0,0.0,15794.9 MiB,4022.2 MiB,2203.9 MiB,9568.8 MiB,4096.0 MiB,3447.7 MiB,648.2 MiB,13001.5 MiB
2,g++-4.9 4.9.3,nbody_2.c 50000000,25,1695319499,2968511,nbody_2_g++-4.9,0:29.49,6496,1952,1780,93.8,0.0,1,7,0:29,0,12,556,0,230,0,1952,330,2,280,48,0,14.4,0.8,0.0,84.8,0.0,0.0,0.0,0.0,15794.9 MiB,4021.7 MiB,2204.4 MiB,9568.8 MiB,4096.0 MiB,3447.7 MiB,648.2 MiB,13001.0 MiB
2,g++-4.9 4.9.3,nbody_2.c 50000000,26,1695319500,2968511,nbody_2_g++-4.9,0:30.67,6496,1952,1780,100.0,0.0,1,7,0:30,0,12,556,0,230,0,1952,330,2,280,48,0,13.0,0.8,0.0,86.3,0.0,0.0,0.0,0.0,15794.9 MiB,4021.5 MiB,2204.6 MiB,9568.8 MiB,4096.0 MiB,3447.7 MiB,648.2 MiB,13000.7 MiB
2,g++-4.9 4.9.3,nbody_2.c 50000000,27,1695319501,2968511,nbody_2_g++-4.9,0:31.84,6496,1952,1780,93.8,0.0,1,7,0:31,0,12,556,0,230,0,1952,330,2,280,48,0,12.1,1.5,0.0,86.4,0.0,0.0,0.0,0.0,15794.9 MiB,4021.7 MiB,2204.3 MiB,9568.8 MiB,4096.0 MiB,3447.7 MiB,648.2 MiB,13001.0 MiB
2,g++-4.9 4.9.3,nbody_2.c 50000000,28,1695319502,2968511,nbody_2_g++-4.9,0:33.01,6496,1952,1780,93.8,0.0,1,7,0:33,0,12,556,0,230,0,1952,330,2,280,48,0,13.1,0.0,0.0,86.9,0.0,0.0,0.0,0.0,15794.9 MiB,4022.2 MiB,2203.8 MiB,9568.8 MiB,4096.0 MiB,3447.7 MiB,648.2 MiB,13001.5 MiB
2,g++-4.9 4.9.3,nbody_2.c 50000000,29,1695319504,2968511,nbody_2_g++-4.9,0:34.19,6496,1952,1780,100.0,0.0,1,7,0:34,0,12,556,0,230,0,1952,330,2,280,48,0,14.2,1.5,0.0,84.3,0.0,0.0,0.0,0.0,15794.9 MiB,4022.5 MiB,2203.5 MiB,9568.9 MiB,4096.0 MiB,3447.7 MiB,648.2 MiB,13001.7 MiB
2,g++-4.9 4.9.3,nbody_2.c 50000000,30,1695319505,2968511,nbody_2_g++-4.9,0:35.36,6496,1952,1780,93.8,0.0,1,7,0:35,0,12,556,0,230,0,1952,330,2,280,48,0,13.6,0.8,0.0,85.6,0.0,0.0,0.0,0.0,15794.9 MiB,4022.2 MiB,2203.8 MiB,9568.9 MiB,4096.0 MiB,3447.7 MiB,648.2 MiB,13001.5 MiB
2,g++-4.9 4.9.3,nbody_2.c 50000000,31,1695319506,2968511,nbody_2_g++-4.9,0:36.53,6496,1952,1780,93.8,0.0,1,7,0:36,0,12,556,0,230,0,1952,330,2,280,48,0,13.1,0.8,0.0,86.2,0.0,0.0,0.0,0.0,15794.9 MiB,4022.0 MiB,2204.0 MiB,9568.9 MiB,4096.0 MiB,3447.7 MiB,648.2 MiB,13001.2 MiB
2,g++-4.9 4.9.3,nbody_2.c 50000000,32,1695319507,2968511,nbody_2_g++-4.9,0:37.71,6496,1952,1780,100.0,0.0,1,7,0:37,0,12,556,0,230,0,1952,330,2,280,48,0,13.5,0.8,0.0,85.7,0.0,0.0,0.0,0.0,15794.9 MiB,4023.0 MiB,2203.0 MiB,9568.9 MiB,4096.0 MiB,3447.7 MiB,648.2 MiB,13002.2 MiB
2,g++-4.9 4.9.3,nbody_2.c 50000000,33,1695319508,2968511,nbody_2_g++-4.9,0:38.88,6496,1952,1780,93.8,0.0,1,7,0:38,0,12,556,0,230,0,1952,330,2,280,48,0,12.9,1.5,0.0,85.6,0.0,0.0,0.0,0.0,15794.9 MiB,4023.5 MiB,2202.5 MiB,9568.9 MiB,4096.0 MiB,3447.7 MiB,648.2 MiB,13002.7 MiB
2,g++-4.9 4.9.3,nbody_2.c 50000000,34,1695319509,2968511,nbody_2_g++-4.9,0:40.05,6496,1952,1780,93.8,0.0,1,7,0:40,0,12,556,0,230,0,1952,330,2,280,48,0,12.8,1.5,0.0,85.7,0.0,0.0,0.0,0.0,15794.9 MiB,4024.4 MiB,2201.5 MiB,9568.9 MiB,4096.0 MiB,3447.7 MiB,648.2 MiB,13003.7 MiB
2,g++-4.9 4.9.3,nbody_2.c 50000000,35,1695319511,2968511,nbody_2_g++-4.9,0:41.23,6496,1952,1780,100.0,0.0,1,7,0:41,0,12,556,0,230,0,1952,330,2,280,48,0,12.9,0.8,0.0,86.4,0.0,0.0,0.0,0.0,15794.9 MiB,4023.9 MiB,2202.0 MiB,9568.9 MiB,4096.0 MiB,3447.7 MiB,648.2 MiB,13003.2 MiB
2,g++-4.9 4.9.3,nbody_2.c 50000000,36,1695319512,2968511,nbody_2_g++-4.9,0:42.40,6496,1952,1780,93.8,0.0,1,7,0:42,0,12,556,0,230,0,1952,330,2,280,48,0,12.9,1.5,0.0,84.8,0.8,0.0,0.0,0.0,15794.9 MiB,4024.2 MiB,2201.7 MiB,9569.0 MiB,4096.0 MiB,3447.7 MiB,648.2 MiB,13003.5 MiB
2,g++-4.9 4.9.3,nbody_2.c 50000000,37,1695319513,2968511,nbody_2_g++-4.9,0:43.57,6496,1952,1780,93.8,0.0,1,3,0:43,0,12,556,0,230,0,1952,330,2,280,48,0,13.6,0.8,0.0,85.6,0.0,0.0,0.0,0.0,15794.9 MiB,4023.5 MiB,2202.4 MiB,9569.0 MiB,4096.0 MiB,3447.7 MiB,648.2 MiB,13002.7 MiB
2,g++-4.9 4.9.3,nbody_2.c 50000000,38,1695319514,2968511,nbody_2_g++-4.9,0:44.75,6496,1952,1780,100.0,0.0,1,3,0:44,0,12,556,0,230,0,1952,330,2,280,48,0,14.3,0.8,0.0,85.0,0.0,0.0,0.0,0.0,15794.9 MiB,4023.5 MiB,2202.5 MiB,9568.9 MiB,4096.0 MiB,3447.7 MiB,648.2 MiB,13002.8 MiB
2,g++-4.9 4.9.3,nbody_2.c 50000000,39,1695319515,2968511,nbody_2_g++-4.9,0:45.92,6496,1952,1780,100.0,0.0,1,3,0:45,0,12,556,0,230,0,1952,330,2,280,48,0,12.9,1.5,0.0,85.6,0.0,0.0,0.0,0.0,15794.9 MiB,4023.7 MiB,2202.3 MiB,9568.9 MiB,4096.0 MiB,3447.7 MiB,648.2 MiB,13003.0 MiB
2,g++-4.9 4.9.3,nbody_2.c 50000000,40,1695319517,2968511,nbody_2_g++-4.9,0:47.09,6496,1952,1780,93.8,0.0,1,3,0:47,0,12,556,0,230,0,1952,330,2,280,48,0,12.9,0.8,0.0,86.4,0.0,0.0,0.0,0.0,15794.9 MiB,4023.2 MiB,2202.7 MiB,9568.9 MiB,4096.0 MiB,3447.7 MiB,648.2 MiB,13002.5 MiB
2,g++-4.9 4.9.3,nbody_2.c 50000000,41,1695319518,2968511,nbody_2_g++-4.9,0:48.27,6496,1952,1780,100.0,0.0,1,3,0:48,0,12,556,0,230,0,1952,330,2,280,48,0,13.0,0.0,0.0,87.0,0.0,0.0,0.0,0.0,15794.9 MiB,4023.2 MiB,2202.7 MiB,9568.9 MiB,4096.0 MiB,3447.7 MiB,648.2 MiB,13002.6 MiB
2,g++-4.9 4.9.3,nbody_2.c 50000000,42,1695319519,2968511,nbody_2_g++-4.9,0:49.44,6496,1952,1780,100.0,0.0,1,7,0:49,0,12,556,0,230,0,1952,330,2,280,48,0,13.0,0.0,0.0,87.0,0.0,0.0,0.0,0.0,15794.9 MiB,4023.2 MiB,2202.7 MiB,9568.9 MiB,4096.0 MiB,3447.7 MiB,648.2 MiB,13002.6 MiB
2,g++-4.9 4.9.3,nbody_2.c 50000000,43,1695319520,2968511,nbody_2_g++-4.9,0:50.61,6496,1952,1780,93.8,0.0,1,7,0:50,0,12,556,0,230,0,1952,330,2,280,48,0,12.8,1.5,0.0,85.7,0.0,0.0,0.0,0.0,15794.9 MiB,4023.5 MiB,2202.5 MiB,9568.9 MiB,4096.0 MiB,3447.7 MiB,648.2 MiB,13002.8 MiB
2,g++-4.9 4.9.3,nbody_2.c 50000000,44,1695319521,2968511,nbody_2_g++-4.9,0:51.79,6496,1952,1780,100.0,0.0,1,7,0:51,0,12,556,0,230,0,1952,330,2,280,48,0,13.6,0.8,0.0,85.6,0.0,0.0,0.0,0.0,15794.9 MiB,4023.2 MiB,2202.7 MiB,9568.9 MiB,4096.0 MiB,3447.7 MiB,648.2 MiB,13002.6 MiB
2,g++-4.9 4.9.3,nbody_2.c 50000000,45,1695319522,2968511,nbody_2_g++-4.9,0:52.96,6496,1952,1780,100.0,0.0,1,7,0:52,0,12,556,0,230,0,1952,330,2,280,48,0,13.0,0.8,0.0,86.3,0.0,0.0,0.0,0.0,15794.9 MiB,4022.8 MiB,2203.2 MiB,9568.9 MiB,4096.0 MiB,3447.7 MiB,648.2 MiB,13002.1 MiB
2,g++-4.9 4.9.3,nbody_2.c 50000000,46,1695319524,2968511,nbody_2_g++-4.9,0:54.13,6496,1952,1780,93.8,0.0,1,7,0:54,0,12,556,0,230,0,1952,330,2,280,48,0,13.0,0.8,0.0,86.3,0.0,0.0,0.0,0.0,15794.9 MiB,4022.3 MiB,2203.7 MiB,9568.9 MiB,4096.0 MiB,3447.7 MiB,648.2 MiB,13001.6 MiB
2,g++-4.9 4.9.3,nbody_2.c 50000000,47,1695319525,2968511,nbody_2_g++-4.9,0:55.31,6496,1952,1780,100.0,0.0,1,7,0:55,0,12,556,0,230,0,1952,330,2,280,48,0,13.0,0.8,0.0,86.3,0.0,0.0,0.0,0.0,15794.9 MiB,4023.2 MiB,2202.7 MiB,9568.9 MiB,4096.0 MiB,3447.7 MiB,648.2 MiB,13002.6 MiB
2,g++-4.9 4.9.3,nbody_2.c 50000000,48,1695319526,2968511,nbody_2_g++-4.9,0:56.48,6496,1952,1780,100.0,0.0,1,7,0:56,0,12,556,0,230,0,1952,330,2,280,48,0,13.0,0.8,0.0,86.3,0.0,0.0,0.0,0.0,15794.9 MiB,4022.5 MiB,2203.4 MiB,9568.9 MiB,4096.0 MiB,3447.7 MiB,648.2 MiB,13001.8 MiB
2,g++-4.9 4.9.3,nbody_2.c 50000000,49,1695319527,2968511,nbody_2_g++-4.9,0:57.65,6496,1952,1780,93.8,0.0,1,7,0:57,0,12,556,0,230,0,1952,330,2,280,48,0,12.2,1.5,0.0,86.3,0.0,0.0,0.0,0.0,15794.9 MiB,4021.8 MiB,2204.2 MiB,9568.9 MiB,4096.0 MiB,3447.7 MiB,648.2 MiB,13001.1 MiB
2,g++-4.9 4.9.3,nbody_2.c 50000000,50,1695319528,2968511,nbody_2_g++-4.9,0:58.82,6496,1952,1780,100.0,0.0,1,7,0:58,0,12,556,0,230,0,1952,330,2,280,48,0,13.7,0.8,0.0,85.5,0.0,0.0,0.0,0.0,15794.9 MiB,4021.8 MiB,2204.2 MiB,9568.9 MiB,4096.0 MiB,3447.7 MiB,648.2 MiB,13001.1 MiB
2,g++-4.9 4.9.3,nbody_2.c 50000000,51,1695319529,2968511,nbody_2_g++-4.9,1:00.00,6496,1952,1780,100.0,0.0,1,7,1:00,0,12,556,0,230,0,1952,330,2,280,48,0,12.9,1.5,0.0,85.6,0.0,0.0,0.0,0.0,15794.9 MiB,4022.3 MiB,2203.7 MiB,9568.9 MiB,4096.0 MiB,3447.7 MiB,648.2 MiB,13001.6 MiB
2,g++-4.9 4.9.3,nbody_2.c 50000000,52,1695319531,2968511,nbody_2_g++-4.9,1:01.17,6496,1952,1780,93.8,0.0,1,7,1:01,0,12,556,0,230,0,1952,330,2,280,48,0,12.8,1.5,0.0,85.7,0.0,0.0,0.0,0.0,15794.9 MiB,4021.8 MiB,2204.2 MiB,9568.9 MiB,4096.0 MiB,3447.7 MiB,648.2 MiB,13001.1 MiB
2,g++-4.9 4.9.3,nbody_2.c 50000000,53,1695319532,2968511,nbody_2_g++-4.9,1:02.34,6496,1952,1780,93.8,0.0,1,7,1:02,0,12,556,0,230,0,1952,330,2,280,48,0,13.0,0.8,0.0,86.3,0.0,0.0,0.0,0.0,15794.9 MiB,4021.5 MiB,2204.4 MiB,9568.9 MiB,4096.0 MiB,3447.7 MiB,648.2 MiB,13000.9 MiB
2,g++-4.9 4.9.3,nbody_2.c 50000000,54,1695319533,2968511,nbody_2_g++-4.9,1:03.52,6496,1952,1780,100.0,0.0,1,7,1:03,0,12,556,0,230,0,1952,330,2,280,48,0,12.8,1.5,0.0,85.7,0.0,0.0,0.0,0.0,15794.9 MiB,4021.5 MiB,2204.4 MiB,9568.9 MiB,4096.0 MiB,3447.7 MiB,648.2 MiB,13000.9 MiB
2,g++-4.9 4.9.3,nbody_2.c 50000000,55,1695319534,2968511,nbody_2_g++-4.9,1:04.69,6496,1952,1780,93.8,0.0,1,7,1:04,0,12,556,0,230,0,1952,331,2,281,48,0,12.9,0.8,0.0,86.4,0.0,0.0,0.0,0.0,15794.9 MiB,4021.5 MiB,2204.4 MiB,9568.9 MiB,4096.0 MiB,3447.7 MiB,648.2 MiB,13000.9 MiB
2,g++-4.9 4.9.3,nbody_2.c 50000000,56,1695319535,2968511,nbody_2_g++-4.9,1:05.86,6496,1952,1780,100.0,0.0,1,7,1:05,0,12,556,0,230,0,1952,331,2,281,48,0,12.9,1.5,0.0,85.6,0.0,0.0,0.0,0.0,15794.9 MiB,4021.3 MiB,2204.6 MiB,9568.9 MiB,4096.0 MiB,3447.7 MiB,648.2 MiB,13000.6 MiB
2,g++-4.9 4.9.3,nbody_2.c 50000000,57,1695319536,2968511,nbody_2_g++-4.9,1:07.04,6496,1952,1780,100.0,0.0,1,7,1:07,0,12,556,0,230,0,1952,331,2,281,48,0,12.2,0.8,0.0,87.0,0.0,0.0,0.0,0.0,15794.9 MiB,4023.0 MiB,2202.9 MiB,9568.9 MiB,4096.0 MiB,3447.7 MiB,648.2 MiB,13002.4 MiB
2,g++-4.9 4.9.3,nbody_2.c 50000000,58,1695319538,2968511,nbody_2_g++-4.9,1:08.22,6496,1952,1780,100.0,0.0,1,7,1:08,0,12,556,0,230,0,1952,330,2,280,48,0,13.4,1.5,0.0,85.1,0.0,0.0,0.0,0.0,15794.9 MiB,4023.0 MiB,2202.9 MiB,9569.0 MiB,4096.0 MiB,3447.7 MiB,648.2 MiB,13002.4 MiB
2,g++-4.9 4.9.3,nbody_2.c 50000000,59,1695319539,2968511,nbody_2_g++-4.9,1:09.39,6496,1952,1780,100.0,0.0,1,7,1:09,0,12,556,0,230,0,1952,330,2,280,48,0,13.7,0.0,0.0,86.3,0.0,0.0,0.0,0.0,15794.9 MiB,4023.3 MiB,2202.6 MiB,9569.0 MiB,4096.0 MiB,3447.7 MiB,648.2 MiB,13002.6 MiB
2,g++-4.9 4.9.3,nbody_2.c 50000000,60,1695319540,2968511,nbody_2_g++-4.9,1:10.56,6496,1952,1780,100.0,0.0,1,7,1:10,0,12,556,0,230,0,1952,330,2,280,48,0,13.0,0.8,0.0,86.3,0.0,0.0,0.0,0.0,15794.9 MiB,4023.5 MiB,2202.4 MiB,9569.0 MiB,4096.0 MiB,3447.7 MiB,648.2 MiB,13002.9 MiB
2,g++-4.9 4.9.3,nbody_2.c 50000000,61,1695319541,2968511,nbody_2_g++-4.9,1:11.73,6496,1952,1780,93.8,0.0,1,7,1:11,0,12,556,0,230,0,1952,330,2,280,48,0,14.9,0.7,0.0,84.3,0.0,0.0,0.0,0.0,15794.9 MiB,4023.5 MiB,2202.4 MiB,9569.0 MiB,4096.0 MiB,3447.7 MiB,648.2 MiB,13002.9 MiB
2,g++-4.9 4.9.3,nbody_2.c 50000000,62,1695319542,2968511,nbody_2_g++-4.9,1:12.91,6496,1952,1780,100.0,0.0,1,7,1:12,0,12,556,0,230,0,1952,330,2,280,48,0,13.7,0.0,0.0,86.3,0.0,0.0,0.0,0.0,15794.9 MiB,4023.5 MiB,2202.4 MiB,9569.0 MiB,4096.0 MiB,3447.7 MiB,648.2 MiB,13002.9 MiB
2,g++-4.9 4.9.3,nbody_2.c 50000000,63,1695319543,2968511,nbody_2_g++-4.9,1:14.08,6496,1952,1780,100.0,0.0,1,7,1:14,0,12,556,0,230,0,1952,331,2,281,48,0,12.3,0.8,0.0,86.9,0.0,0.0,0.0,0.0,15794.9 MiB,4023.8 MiB,2202.2 MiB,9569.0 MiB,4096.0 MiB,3447.7 MiB,648.2 MiB,13003.1 MiB
2,g++-4.9 4.9.3,nbody_2.c 50000000,64,1695319545,2968511,nbody_2_g++-4.9,1:15.25,6496,1952,1780,93.8,0.0,1,7,1:15,0,12,556,0,230,0,1952,331,2,281,48,0,12.9,0.8,0.0,86.4,0.0,0.0,0.0,0.0,15794.9 MiB,4022.5 MiB,2203.4 MiB,9569.0 MiB,4096.0 MiB,3447.7 MiB,648.2 MiB,13001.9 MiB
2,g++-4.9 4.9.3,nbody_2.c 50000000,65,1695319546,2968511,nbody_2_g++-4.9,1:16.43,6496,1952,1780,100.0,0.0,1,7,1:16,0,12,556,0,230,0,1952,331,2,281,48,0,12.3,0.8,0.0,86.9,0.0,0.0,0.0,0.0,15794.9 MiB,4022.5 MiB,2203.4 MiB,9569.0 MiB,4096.0 MiB,3447.7 MiB,648.2 MiB,13001.9 MiB
2,g++-4.9 4.9.3,nbody_2.c 50000000,66,1695319547,2968511,nbody_2_g++-4.9,1:17.60,6496,1952,1780,100.0,0.0,1,7,1:17,0,12,556,0,230,0,1952,330,2,280,48,0,12.8,1.5,0.0,85.7,0.0,0.0,0.0,0.0,15794.9 MiB,4023.8 MiB,2202.1 MiB,9569.0 MiB,4096.0 MiB,3447.7 MiB,648.2 MiB,13003.1 MiB
3,g++-4.9 4.9.3,nbody_2.c 50000000,0,1695319548,2968959,nbody_2_g++-4.9,0:00.16,6496,1908,1732,100.0,0.0,1,5,0:00,0,12,556,0,235,0,1908,330,2,280,48,0,13.5,1.5,0.0,85.0,0.0,0.0,0.0,0.0,15794.9 MiB,4016.1 MiB,2202.9 MiB,9575.8 MiB,4096.0 MiB,3447.7 MiB,648.2 MiB,12995.5 MiB
3,g++-4.9 4.9.3,nbody_2.c 50000000,1,1695319549,2968959,nbody_2_g++-4.9,0:01.33,6496,1908,1732,93.8,0.0,1,5,0:01,0,12,556,0,235,0,1908,330,2,280,48,0,12.2,0.8,0.0,87.0,0.0,0.0,0.0,0.0,15794.9 MiB,4015.9 MiB,2203.0 MiB,9576.0 MiB,4096.0 MiB,3447.7 MiB,648.2 MiB,12995.3 MiB
3,g++-4.9 4.9.3,nbody_2.c 50000000,2,1695319551,2968959,nbody_2_g++-4.9,0:02.51,6496,1908,1732,100.0,0.0,1,5,0:02,0,12,556,0,235,0,1908,331,2,281,48,0,12.9,1.5,0.0,85.6,0.0,0.0,0.0,0.0,15794.9 MiB,4023.0 MiB,2202.9 MiB,9569.0 MiB,4096.0 MiB,3447.7 MiB,648.2 MiB,13002.4 MiB
3,g++-4.9 4.9.3,nbody_2.c 50000000,3,1695319552,2968959,nbody_2_g++-4.9,0:03.68,6496,1908,1732,93.8,0.0,1,5,0:03,0,12,556,0,235,0,1908,331,2,281,48,0,12.9,0.8,0.0,86.4,0.0,0.0,0.0,0.0,15794.9 MiB,4022.0 MiB,2203.8 MiB,9569.0 MiB,4096.0 MiB,3447.7 MiB,648.2 MiB,13001.4 MiB
3,g++-4.9 4.9.3,nbody_2.c 50000000,4,1695319553,2968959,nbody_2_g++-4.9,0:04.86,6496,1908,1732,100.0,0.0,1,5,0:04,0,12,556,0,235,0,1908,331,2,281,48,0,13.5,0.8,0.0,85.7,0.0,0.0,0.0,0.0,15794.9 MiB,4021.8 MiB,2204.1 MiB,9569.0 MiB,4096.0 MiB,3447.7 MiB,648.2 MiB,13001.2 MiB
3,g++-4.9 4.9.3,nbody_2.c 50000000,5,1695319554,2968959,nbody_2_g++-4.9,0:06.03,6496,1908,1732,93.8,0.0,1,5,0:06,0,12,556,0,235,0,1908,330,2,280,48,0,12.2,1.5,0.0,86.3,0.0,0.0,0.0,0.0,15794.9 MiB,4021.8 MiB,2204.1 MiB,9569.0 MiB,4096.0 MiB,3447.7 MiB,648.2 MiB,13001.2 MiB
3,g++-4.9 4.9.3,nbody_2.c 50000000,6,1695319555,2968959,nbody_2_g++-4.9,0:07.20,6496,1908,1732,93.8,0.0,1,5,0:07,0,12,556,0,235,0,1908,330,2,280,48,0,13.5,0.8,0.0,85.7,0.0,0.0,0.0,0.0,15794.9 MiB,4021.3 MiB,2204.6 MiB,9569.0 MiB,4096.0 MiB,3447.7 MiB,648.2 MiB,13000.7 MiB
3,g++-4.9 4.9.3,nbody_2.c 50000000,7,1695319556,2968959,nbody_2_g++-4.9,0:08.38,6496,1908,1732,100.0,0.0,1,5,0:08,0,12,556,0,235,0,1908,330,2,280,48,0,13.0,0.8,0.0,86.3,0.0,0.0,0.0,0.0,15794.9 MiB,4021.1 MiB,2204.8 MiB,9569.0 MiB,4096.0 MiB,3447.7 MiB,648.2 MiB,13000.5 MiB
3,g++-4.9 4.9.3,nbody_2.c 50000000,8,1695319558,2968959,nbody_2_g++-4.9,0:09.55,6496,1908,1732,93.8,0.0,1,5,0:09,0,12,556,0,235,0,1908,330,2,280,48,0,12.2,1.5,0.0,86.3,0.0,0.0,0.0,0.0,15794.9 MiB,4020.8 MiB,2205.1 MiB,9569.0 MiB,4096.0 MiB,3447.7 MiB,648.2 MiB,13000.2 MiB
3,g++-4.9 4.9.3,nbody_2.c 50000000,9,1695319559,2968959,nbody_2_g++-4.9,0:10.73,6496,1908,1732,100.0,0.0,1,5,0:10,0,12,556,0,235,0,1908,330,2,280,48,0,13.3,3.0,0.0,83.7,0.0,0.0,0.0,0.0,15794.9 MiB,4020.6 MiB,2205.3 MiB,9569.0 MiB,4096.0 MiB,3447.7 MiB,648.2 MiB,13000.0 MiB
3,g++-4.9 4.9.3,nbody_2.c 50000000,10,1695319560,2968959,nbody_2_g++-4.9,0:11.90,6496,1908,1732,100.0,0.0,1,1,0:11,0,12,556,0,235,0,1908,330,2,280,48,0,13.0,0.0,0.0,87.0,0.0,0.0,0.0,0.0,15794.9 MiB,4020.3 MiB,2205.6 MiB,9569.0 MiB,4096.0 MiB,3447.7 MiB,648.2 MiB,12999.7 MiB
3,g++-4.9 4.9.3,nbody_2.c 50000000,11,1695319561,2968959,nbody_2_g++-4.9,0:13.07,6496,1908,1732,93.8,0.0,1,1,0:13,0,12,556,0,235,0,1908,330,2,280,48,0,13.4,1.5,0.0,85.1,0.0,0.0,0.0,0.0,15794.9 MiB,4021.1 MiB,2204.8 MiB,9569.0 MiB,4096.0 MiB,3447.7 MiB,648.2 MiB,13000.5 MiB
3,g++-4.9 4.9.3,nbody_2.c 50000000,12,1695319562,2968959,nbody_2_g++-4.9,0:14.25,6496,1908,1732,100.0,0.0,1,1,0:14,0,12,556,0,235,0,1908,330,2,280,48,0,13.5,1.5,0.0,85.0,0.0,0.0,0.0,0.0,15794.9 MiB,4021.3 MiB,2204.6 MiB,9568.9 MiB,4096.0 MiB,3447.7 MiB,648.2 MiB,13000.7 MiB
3,g++-4.9 4.9.3,nbody_2.c 50000000,13,1695319563,2968959,nbody_2_g++-4.9,0:15.42,6496,1908,1732,93.8,0.0,1,1,0:15,0,12,556,0,235,0,1908,330,2,280,48,0,12.2,1.5,0.0,86.3,0.0,0.0,0.0,0.0,15794.9 MiB,4021.6 MiB,2204.4 MiB,9568.9 MiB,4096.0 MiB,3447.7 MiB,648.2 MiB,13001.0 MiB
3,g++-4.9 4.9.3,nbody_2.c 50000000,14,1695319565,2968959,nbody_2_g++-4.9,0:16.60,6496,1908,1732,100.0,0.0,1,1,0:16,0,12,556,0,235,0,1908,330,2,280,48,0,12.9,0.8,0.0,86.4,0.0,0.0,0.0,0.0,15794.9 MiB,4021.3 MiB,2204.6 MiB,9568.9 MiB,4096.0 MiB,3447.7 MiB,648.2 MiB,13000.7 MiB
3,g++-4.9 4.9.3,nbody_2.c 50000000,15,1695319566,2968959,nbody_2_g++-4.9,0:17.77,6496,1908,1732,100.0,0.0,1,1,0:17,0,12,556,0,235,0,1908,330,2,280,48,0,13.4,1.5,0.0,85.1,0.0,0.0,0.0,0.0,15794.9 MiB,4021.3 MiB,2204.6 MiB,9568.9 MiB,4096.0 MiB,3447.7 MiB,648.2 MiB,13000.7 MiB
3,g++-4.9 4.9.3,nbody_2.c 50000000,16,1695319567,2968959,nbody_2_g++-4.9,0:18.95,6496,1908,1732,100.0,0.0,1,1,0:18,0,12,556,0,235,0,1908,330,2,280,48,0,12.9,0.8,0.0,86.4,0.0,0.0,0.0,0.0,15794.9 MiB,4022.8 MiB,2203.1 MiB,9568.9 MiB,4096.0 MiB,3447.7 MiB,648.2 MiB,13002.2 MiB
3,g++-4.9 4.9.3,nbody_2.c 50000000,17,1695319568,2968959,nbody_2_g++-4.9,0:20.12,6496,1908,1732,93.8,0.0,1,1,0:20,0,12,556,0,235,0,1908,330,2,280,48,0,12.9,0.8,0.0,86.4,0.0,0.0,0.0,0.0,15794.9 MiB,4022.8 MiB,2203.1 MiB,9569.0 MiB,4096.0 MiB,3447.7 MiB,648.2 MiB,13002.2 MiB
3,g++-4.9 4.9.3,nbody_2.c 50000000,18,1695319569,2968959,nbody_2_g++-4.9,0:21.30,6496,1908,1732,100.0,0.0,1,1,0:21,0,12,556,0,235,0,1908,330,2,280,48,0,12.8,1.5,0.0,85.7,0.0,0.0,0.0,0.0,15794.9 MiB,4022.8 MiB,2203.1 MiB,9569.0 MiB,4096.0 MiB,3447.7 MiB,648.2 MiB,13002.2 MiB
3,g++-4.9 4.9.3,nbody_2.c 50000000,19,1695319570,2968959,nbody_2_g++-4.9,0:22.47,6496,1908,1732,93.8,0.0,1,1,0:22,0,12,556,0,235,0,1908,330,2,280,48,0,13.3,2.2,0.0,84.4,0.0,0.0,0.0,0.0,15794.9 MiB,4022.8 MiB,2203.1 MiB,9569.0 MiB,4096.0 MiB,3447.7 MiB,648.2 MiB,13002.2 MiB
3,g++-4.9 4.9.3,nbody_2.c 50000000,20,1695319572,2968959,nbody_2_g++-4.9,0:23.65,6496,1908,1732,100.0,0.0,1,1,0:23,0,12,556,0,235,0,1908,330,2,280,48,0,13.5,0.8,0.0,85.7,0.0,0.0,0.0,0.0,15794.9 MiB,4022.3 MiB,2203.6 MiB,9569.0 MiB,4096.0 MiB,3447.7 MiB,648.2 MiB,13001.7 MiB
3,g++-4.9 4.9.3,nbody_2.c 50000000,21,1695319573,2968959,nbody_2_g++-4.9,0:24.82,6496,1908,1732,93.8,0.0,1,1,0:24,0,12,556,0,235,0,1908,330,2,280,48,0,13.4,2.2,0.0,84.3,0.0,0.0,0.0,0.0,15794.9 MiB,4022.3 MiB,2203.6 MiB,9569.0 MiB,4096.0 MiB,3447.7 MiB,648.2 MiB,13001.7 MiB
3,g++-4.9 4.9.3,nbody_2.c 50000000,22,1695319574,2968959,nbody_2_g++-4.9,0:26.00,6496,1908,1732,100.0,0.0,1,1,0:26,0,12,556,0,235,0,1908,330,2,280,48,0,12.8,0.8,0.0,86.5,0.0,0.0,0.0,0.0,15794.9 MiB,4022.8 MiB,2203.1 MiB,9569.0 MiB,4096.0 MiB,3447.7 MiB,648.2 MiB,13002.2 MiB
3,g++-4.9 4.9.3,nbody_2.c 50000000,23,1695319575,2968959,nbody_2_g++-4.9,0:27.17,6496,1908,1732,93.8,0.0,1,1,0:27,0,12,556,0,235,0,1908,330,2,280,48,0,13.4,0.7,0.0,85.8,0.0,0.0,0.0,0.0,15794.9 MiB,4022.5 MiB,2203.4 MiB,9569.0 MiB,4096.0 MiB,3447.7 MiB,648.2 MiB,13002.0 MiB
3,g++-4.9 4.9.3,nbody_2.c 50000000,24,1695319576,2968959,nbody_2_g++-4.9,0:28.35,6496,1908,1732,100.0,0.0,1,1,0:28,0,12,556,0,235,0,1908,330,2,280,48,0,12.1,1.5,0.0,86.4,0.0,0.0,0.0,0.0,15794.9 MiB,4022.5 MiB,2203.4 MiB,9569.0 MiB,4096.0 MiB,3447.7 MiB,648.2 MiB,13002.0 MiB
3,g++-4.9 4.9.3,nbody_2.c 50000000,25,1695319578,2968959,nbody_2_g++-4.9,0:29.53,6496,1908,1732,100.0,0.0,1,1,0:29,0,12,556,0,235,0,1908,330,2,280,48,0,13.4,0.7,0.0,85.8,0.0,0.0,0.0,0.0,15794.9 MiB,4022.5 MiB,2203.4 MiB,9569.0 MiB,4096.0 MiB,3447.7 MiB,648.2 MiB,13002.0 MiB
3,g++-4.9 4.9.3,nbody_2.c 50000000,26,1695319579,2968959,nbody_2_g++-4.9,0:30.70,6496,1908,1732,100.0,0.0,1,1,0:30,0,12,556,0,235,0,1908,330,2,280,48,0,13.4,1.5,0.0,85.1,0.0,0.0,0.0,0.0,15794.9 MiB,4022.5 MiB,2203.4 MiB,9569.0 MiB,4096.0 MiB,3447.7 MiB,648.2 MiB,13002.0 MiB
3,g++-4.9 4.9.3,nbody_2.c 50000000,27,1695319580,2968959,nbody_2_g++-4.9,0:31.87,6496,1908,1732,93.8,0.0,1,5,0:31,0,12,556,0,235,0,1908,330,2,280,48,0,12.1,1.5,0.0,86.4,0.0,0.0,0.0,0.0,15794.9 MiB,4022.5 MiB,2203.3 MiB,9569.0 MiB,4096.0 MiB,3447.7 MiB,648.2 MiB,13002.0 MiB
3,g++-4.9 4.9.3,nbody_2.c 50000000,28,1695319581,2968959,nbody_2_g++-4.9,0:33.05,6496,1908,1732,100.0,0.0,1,5,0:33,0,12,556,0,235,0,1908,330,2,280,48,0,12.7,1.5,0.0,85.8,0.0,0.0,0.0,0.0,15794.9 MiB,4022.8 MiB,2203.1 MiB,9569.0 MiB,4096.0 MiB,3447.7 MiB,648.2 MiB,13002.2 MiB
3,g++-4.9 4.9.3,nbody_2.c 50000000,29,1695319582,2968959,nbody_2_g++-4.9,0:34.23,6496,1908,1732,100.0,0.0,1,5,0:34,0,12,556,0,235,0,1908,330,2,280,48,0,12.0,1.5,0.0,86.5,0.0,0.0,0.0,0.0,15794.9 MiB,4022.1 MiB,2203.8 MiB,9569.0 MiB,4096.0 MiB,3447.7 MiB,648.2 MiB,13001.5 MiB
3,g++-4.9 4.9.3,nbody_2.c 50000000,30,1695319583,2968959,nbody_2_g++-4.9,0:35.40,6496,1908,1732,93.8,0.0,1,1,0:35,0,12,556,0,235,0,1908,330,2,280,48,0,13.4,0.7,0.0,85.8,0.0,0.0,0.0,0.0,15794.9 MiB,4023.0 MiB,2202.9 MiB,9569.0 MiB,4096.0 MiB,3447.7 MiB,648.2 MiB,13002.5 MiB
3,g++-4.9 4.9.3,nbody_2.c 50000000,31,1695319585,2968959,nbody_2_g++-4.9,0:36.58,6496,1908,1732,100.0,0.0,1,1,0:36,0,12,556,0,235,0,1908,330,2,280,48,0,12.7,1.5,0.0,85.8,0.0,0.0,0.0,0.0,15794.9 MiB,4023.0 MiB,2202.9 MiB,9569.0 MiB,4096.0 MiB,3447.7 MiB,648.2 MiB,13002.5 MiB
3,g++-4.9 4.9.3,nbody_2.c 50000000,32,1695319586,2968959,nbody_2_g++-4.9,0:37.75,6496,1908,1732,100.0,0.0,1,1,0:37,0,12,556,0,235,0,1908,330,2,280,48,0,13.5,0.8,0.0,85.7,0.0,0.0,0.0,0.0,15794.9 MiB,4023.0 MiB,2202.9 MiB,9569.0 MiB,4096.0 MiB,3447.7 MiB,648.2 MiB,13002.5 MiB
3,g++-4.9 4.9.3,nbody_2.c 50000000,33,1695319587,2968959,nbody_2_g++-4.9,0:38.93,6496,1908,1732,100.0,0.0,1,1,0:38,0,12,556,0,235,0,1908,330,2,280,48,0,13.6,0.8,0.0,85.6,0.0,0.0,0.0,0.0,15794.9 MiB,4022.8 MiB,2203.1 MiB,9569.0 MiB,4096.0 MiB,3447.7 MiB,648.2 MiB,13002.2 MiB
3,g++-4.9 4.9.3,nbody_2.c 50000000,34,1695319588,2968959,nbody_2_g++-4.9,0:40.11,6496,1908,1732,100.0,0.0,1,1,0:40,0,12,556,0,235,0,1908,330,2,280,48,0,12.9,0.8,0.0,86.4,0.0,0.0,0.0,0.0,15794.9 MiB,4022.8 MiB,2203.1 MiB,9569.0 MiB,4096.0 MiB,3447.7 MiB,648.2 MiB,13002.2 MiB
3,g++-4.9 4.9.3,nbody_2.c 50000000,35,1695319589,2968959,nbody_2_g++-4.9,0:41.28,6496,1908,1732,100.0,0.0,1,5,0:41,0,12,556,0,235,0,1908,330,2,280,48,0,12.9,0.8,0.0,86.4,0.0,0.0,0.0,0.0,15794.9 MiB,4022.8 MiB,2203.1 MiB,9569.0 MiB,4096.0 MiB,3447.7 MiB,648.2 MiB,13002.2 MiB
3,g++-4.9 4.9.3,nbody_2.c 50000000,36,1695319590,2968959,nbody_2_g++-4.9,0:42.46,6496,1908,1732,100.0,0.0,1,5,0:42,0,12,556,0,235,0,1908,330,2,280,48,0,13.5,0.8,0.0,85.7,0.0,0.0,0.0,0.0,15794.9 MiB,4022.8 MiB,2203.1 MiB,9569.0 MiB,4096.0 MiB,3447.7 MiB,648.2 MiB,13002.2 MiB
3,g++-4.9 4.9.3,nbody_2.c 50000000,37,1695319592,2968959,nbody_2_g++-4.9,0:43.63,6496,1908,1732,100.0,0.0,1,5,0:43,0,12,556,0,235,0,1908,330,2,280,48,0,12.8,1.5,0.0,85.7,0.0,0.0,0.0,0.0,15794.9 MiB,4022.3 MiB,2203.6 MiB,9569.0 MiB,4096.0 MiB,3447.7 MiB,648.2 MiB,13001.7 MiB
3,g++-4.9 4.9.3,nbody_2.c 50000000,38,1695319593,2968959,nbody_2_g++-4.9,0:44.81,6496,1908,1732,100.0,0.0,1,5,0:44,0,12,556,0,235,0,1908,330,2,280,48,0,12.8,1.5,0.0,85.0,0.8,0.0,0.0,0.0,15794.9 MiB,4022.3 MiB,2203.6 MiB,9569.0 MiB,4096.0 MiB,3447.7 MiB,648.2 MiB,13001.7 MiB
3,g++-4.9 4.9.3,nbody_2.c 50000000,39,1695319594,2968959,nbody_2_g++-4.9,0:45.98,6496,1908,1732,93.8,0.0,1,1,0:45,0,12,556,0,235,0,1908,330,2,280,48,0,12.8,1.5,0.0,85.7,0.0,0.0,0.0,0.0,15794.9 MiB,4022.1 MiB,2203.8 MiB,9569.0 MiB,4096.0 MiB,3447.7 MiB,648.2 MiB,13001.5 MiB
3,g++-4.9 4.9.3,nbody_2.c 50000000,40,1695319595,2968959,nbody_2_g++-4.9,0:47.16,6496,1908,1732,100.0,0.0,1,1,0:47,0,12,556,0,235,0,1908,330,2,280,48,0,12.8,1.5,0.0,85.7,0.0,0.0,0.0,0.0,15794.9 MiB,4022.1 MiB,2203.8 MiB,9569.0 MiB,4096.0 MiB,3447.7 MiB,648.2 MiB,13001.5 MiB
3,g++-4.9 4.9.3,nbody_2.c 50000000,41,1695319596,2968959,nbody_2_g++-4.9,0:48.33,6496,1908,1732,100.0,0.0,1,1,0:48,0,12,556,0,235,0,1908,330,2,280,48,0,12.8,0.8,0.0,86.5,0.0,0.0,0.0,0.0,15794.9 MiB,4023.5 MiB,2202.3 MiB,9569.0 MiB,4096.0 MiB,3447.7 MiB,648.2 MiB,13003.0 MiB
3,g++-4.9 4.9.3,nbody_2.c 50000000,42,1695319598,2968959,nbody_2_g++-4.9,0:49.51,6496,1908,1732,100.0,0.0,1,1,0:49,0,12,556,0,235,0,1908,330,2,280,48,0,13.5,0.8,0.0,85.7,0.0,0.0,0.0,0.0,15794.9 MiB,4024.0 MiB,2201.9 MiB,9569.0 MiB,4096.0 MiB,3447.7 MiB,648.2 MiB,13003.5 MiB
3,g++-4.9 4.9.3,nbody_2.c 50000000,43,1695319599,2968959,nbody_2_g++-4.9,0:50.68,6496,1908,1732,93.8,0.0,1,1,0:50,0,12,556,0,235,0,1908,330,2,280,48,0,12.9,0.8,0.0,86.4,0.0,0.0,0.0,0.0,15794.9 MiB,4024.3 MiB,2201.6 MiB,9569.0 MiB,4096.0 MiB,3447.7 MiB,648.2 MiB,13003.7 MiB
3,g++-4.9 4.9.3,nbody_2.c 50000000,44,1695319600,2968959,nbody_2_g++-4.9,0:51.86,6496,1908,1732,100.0,0.0,1,5,0:51,0,12,556,0,235,0,1908,329,2,279,48,0,12.8,1.5,0.0,85.7,0.0,0.0,0.0,0.0,15794.9 MiB,4023.8 MiB,2202.1 MiB,9569.0 MiB,4096.0 MiB,3447.7 MiB,648.2 MiB,13003.2 MiB
3,g++-4.9 4.9.3,nbody_2.c 50000000,45,1695319601,2968959,nbody_2_g++-4.9,0:53.03,6496,1908,1732,100.0,0.0,1,5,0:53,0,12,556,0,235,0,1908,329,2,279,48,0,13.4,1.5,0.0,85.1,0.0,0.0,0.0,0.0,15794.9 MiB,4023.8 MiB,2202.1 MiB,9569.0 MiB,4096.0 MiB,3447.7 MiB,648.2 MiB,13003.3 MiB
3,g++-4.9 4.9.3,nbody_2.c 50000000,46,1695319602,2968959,nbody_2_g++-4.9,0:54.20,6496,1908,1732,93.8,0.0,1,5,0:54,0,12,556,0,235,0,1908,329,2,279,48,0,12.9,0.8,0.0,86.4,0.0,0.0,0.0,0.0,15794.9 MiB,4023.5 MiB,2202.3 MiB,9569.0 MiB,4096.0 MiB,3447.7 MiB,648.2 MiB,13003.0 MiB
3,g++-4.9 4.9.3,nbody_2.c 50000000,47,1695319603,2968959,nbody_2_g++-4.9,0:55.38,6496,1908,1732,100.0,0.0,1,5,0:55,0,12,556,0,235,0,1908,329,2,279,48,0,12.9,0.0,0.0,86.4,0.8,0.0,0.0,0.0,15794.9 MiB,4023.0 MiB,2202.8 MiB,9569.0 MiB,4096.0 MiB,3447.7 MiB,648.2 MiB,13002.5 MiB
3,g++-4.9 4.9.3,nbody_2.c 50000000,48,1695319605,2968959,nbody_2_g++-4.9,0:56.56,6496,1908,1732,100.0,0.0,1,5,0:56,0,12,556,0,235,0,1908,329,2,279,48,0,13.3,1.5,0.0,85.2,0.0,0.0,0.0,0.0,15794.9 MiB,4022.8 MiB,2203.1 MiB,9569.0 MiB,4096.0 MiB,3447.7 MiB,648.2 MiB,13002.3 MiB
3,g++-4.9 4.9.3,nbody_2.c 50000000,49,1695319606,2968959,nbody_2_g++-4.9,0:57.73,6496,1908,1732,100.0,0.0,1,5,0:57,0,12,556,0,235,0,1908,329,2,279,48,0,12.8,0.8,0.0,86.5,0.0,0.0,0.0,0.0,15794.9 MiB,4022.8 MiB,2203.1 MiB,9569.0 MiB,4096.0 MiB,3447.7 MiB,648.2 MiB,13002.3 MiB
3,g++-4.9 4.9.3,nbody_2.c 50000000,50,1695319607,2968959,nbody_2_g++-4.9,0:58.90,6496,1908,1732,93.8,0.0,1,5,0:58,0,12,556,0,235,0,1908,329,2,279,48,0,12.2,0.8,0.0,87.0,0.0,0.0,0.0,0.0,15794.9 MiB,4022.8 MiB,2203.1 MiB,9569.0 MiB,4096.0 MiB,3447.7 MiB,648.2 MiB,13002.3 MiB
3,g++-4.9 4.9.3,nbody_2.c 50000000,51,1695319608,2968959,nbody_2_g++-4.9,1:00.08,6496,1908,1732,100.0,0.0,1,5,1:00,0,12,556,0,235,0,1908,329,2,279,48,0,12.9,0.8,0.0,86.4,0.0,0.0,0.0,0.0,15794.9 MiB,4022.8 MiB,2203.1 MiB,9569.0 MiB,4096.0 MiB,3447.7 MiB,648.2 MiB,13002.3 MiB
3,g++-4.9 4.9.3,nbody_2.c 50000000,52,1695319609,2968959,nbody_2_g++-4.9,1:01.26,6496,1908,1732,100.0,0.0,1,5,1:01,0,12,556,0,235,0,1908,329,2,279,48,0,12.8,1.5,0.0,85.7,0.0,0.0,0.0,0.0,15794.9 MiB,4022.6 MiB,2203.3 MiB,9569.0 MiB,4096.0 MiB,3447.7 MiB,648.2 MiB,13002.0 MiB
3,g++-4.9 4.9.3,nbody_2.c 50000000,53,1695319610,2968959,nbody_2_g++-4.9,1:02.43,6496,1908,1732,100.0,0.0,1,5,1:02,0,12,556,0,235,0,1908,329,2,279,48,0,13.4,0.7,0.0,85.8,0.0,0.0,0.0,0.0,15794.9 MiB,4022.6 MiB,2203.3 MiB,9569.0 MiB,4096.0 MiB,3447.7 MiB,648.2 MiB,13002.0 MiB
3,g++-4.9 4.9.3,nbody_2.c 50000000,54,1695319612,2968959,nbody_2_g++-4.9,1:03.60,6496,1908,1732,93.8,0.0,1,5,1:03,0,12,556,0,235,0,1908,329,2,279,48,0,12.9,0.8,0.0,86.4,0.0,0.0,0.0,0.0,15794.9 MiB,4022.3 MiB,2203.5 MiB,9569.0 MiB,4096.0 MiB,3447.7 MiB,648.2 MiB,13001.8 MiB
3,g++-4.9 4.9.3,nbody_2.c 50000000,55,1695319613,2968959,nbody_2_g++-4.9,1:04.78,6496,1908,1732,100.0,0.0,1,5,1:04,0,12,556,0,235,0,1908,329,2,279,48,0,12.8,1.5,0.0,85.7,0.0,0.0,0.0,0.0,15794.9 MiB,4022.6 MiB,2203.3 MiB,9569.0 MiB,4096.0 MiB,3447.7 MiB,648.2 MiB,13002.0 MiB
3,g++-4.9 4.9.3,nbody_2.c 50000000,56,1695319614,2968959,nbody_2_g++-4.9,1:05.95,6496,1908,1732,93.8,0.0,1,5,1:05,0,12,556,0,235,0,1908,329,2,279,48,0,12.8,1.5,0.0,85.7,0.0,0.0,0.0,0.0,15794.9 MiB,4022.3 MiB,2203.5 MiB,9569.0 MiB,4096.0 MiB,3447.7 MiB,648.2 MiB,13001.8 MiB
3,g++-4.9 4.9.3,nbody_2.c 50000000,57,1695319615,2968959,nbody_2_g++-4.9,1:07.13,6496,1908,1732,100.0,0.0,1,1,1:07,0,12,556,0,235,0,1908,329,2,279,48,0,12.2,0.8,0.0,87.0,0.0,0.0,0.0,0.0,15794.9 MiB,4022.1 MiB,2203.8 MiB,9569.0 MiB,4096.0 MiB,3447.7 MiB,648.2 MiB,13001.5 MiB
3,g++-4.9 4.9.3,nbody_2.c 50000000,58,1695319616,2968959,nbody_2_g++-4.9,1:08.30,6496,1908,1732,93.8,0.0,1,1,1:08,0,12,556,0,235,0,1908,329,2,279,48,0,12.0,1.5,0.0,86.5,0.0,0.0,0.0,0.0,15794.9 MiB,4021.8 MiB,2204.0 MiB,9569.0 MiB,4096.0 MiB,3447.7 MiB,648.2 MiB,13001.3 MiB
3,g++-4.9 4.9.3,nbody_2.c 50000000,59,1695319618,2968959,nbody_2_g++-4.9,1:09.48,6496,1908,1732,100.0,0.0,1,5,1:09,0,12,556,0,235,0,1908,329,2,279,48,0,13.5,0.8,0.0,85.7,0.0,0.0,0.0,0.0,15794.9 MiB,4021.3 MiB,2204.5 MiB,9569.0 MiB,4096.0 MiB,3447.7 MiB,648.2 MiB,13000.8 MiB
3,g++-4.9 4.9.3,nbody_2.c 50000000,60,1695319619,2968959,nbody_2_g++-4.9,1:10.66,6496,1908,1732,94.1,0.0,1,5,1:10,0,12,556,0,235,0,1908,329,2,279,48,0,12.9,1.4,0.0,85.7,0.0,0.0,0.0,0.0,15794.9 MiB,4021.6 MiB,2204.3 MiB,9569.0 MiB,4096.0 MiB,3447.7 MiB,648.2 MiB,13001.1 MiB
3,g++-4.9 4.9.3,nbody_2.c 50000000,61,1695319620,2968959,nbody_2_g++-4.9,1:11.84,6496,1908,1732,100.0,0.0,1,5,1:11,0,12,556,0,235,0,1908,329,2,279,48,0,12.8,1.5,0.0,85.7,0.0,0.0,0.0,0.0,15794.9 MiB,4021.3 MiB,2204.7 MiB,9568.8 MiB,4096.0 MiB,3447.7 MiB,648.2 MiB,13000.8 MiB
3,g++-4.9 4.9.3,nbody_2.c 50000000,62,1695319621,2968959,nbody_2_g++-4.9,1:13.02,6496,1908,1732,100.0,0.0,1,5,1:13,0,12,556,0,235,0,1908,329,2,279,48,0,12.2,0.8,0.0,87.0,0.0,0.0,0.0,0.0,15794.9 MiB,4021.6 MiB,2204.5 MiB,9568.8 MiB,4096.0 MiB,3447.7 MiB,648.2 MiB,13001.1 MiB
3,g++-4.9 4.9.3,nbody_2.c 50000000,63,1695319622,2968959,nbody_2_g++-4.9,1:14.19,6496,1908,1732,100.0,0.0,1,5,1:14,0,12,556,0,235,0,1908,329,2,279,48,0,13.5,0.8,0.0,85.7,0.0,0.0,0.0,0.0,15794.9 MiB,4021.3 MiB,2204.7 MiB,9568.8 MiB,4096.0 MiB,3447.7 MiB,648.2 MiB,13000.8 MiB
3,g++-4.9 4.9.3,nbody_2.c 50000000,64,1695319623,2968959,nbody_2_g++-4.9,1:15.36,6496,1908,1732,93.8,0.0,1,5,1:15,0,12,556,0,235,0,1908,329,2,279,48,0,12.9,1.5,0.0,85.6,0.0,0.0,0.0,0.0,15794.9 MiB,4021.3 MiB,2204.7 MiB,9568.8 MiB,4096.0 MiB,3447.7 MiB,648.2 MiB,13000.8 MiB
3,g++-4.9 4.9.3,nbody_2.c 50000000,65,1695319625,2968959,nbody_2_g++-4.9,1:16.54,6496,1908,1732,100.0,0.0,1,5,1:16,0,12,556,0,235,0,1908,329,2,279,48,0,12.8,0.8,0.0,86.5,0.0,0.0,0.0,0.0,15794.9 MiB,4021.8 MiB,2204.2 MiB,9568.8 MiB,4096.0 MiB,3447.7 MiB,648.2 MiB,13001.3 MiB
3,g++-4.9 4.9.3,nbody_2.c 50000000,66,1695319626,2968959,nbody_2_g++-4.9,1:17.72,6496,1908,1732,100.0,0.0,1,5,1:17,0,12,556,0,235,0,1908,329,2,279,48,0,12.9,0.8,0.0,86.4,0.0,0.0,0.0,0.0,15794.9 MiB,4021.8 MiB,2204.2 MiB,9568.8 MiB,4096.0 MiB,3447.7 MiB,648.2 MiB,13001.3 MiB
3,g++-4.9 4.9.3,nbody_2.c 50000000,67,1695319627,2968959,nbody_2_g++-4.9,1:18.89,6496,1908,1732,100.0,0.0,1,5,1:18,0,12,556,0,235,0,1908,329,2,279,48,0,12.9,0.8,0.0,85.6,0.8,0.0,0.0,0.0,15794.9 MiB,4022.1 MiB,2204.0 MiB,9568.8 MiB,4096.0 MiB,3447.7 MiB,648.2 MiB,13001.6 MiB
3,g++-4.9 4.9.3,nbody_2.c 50000000,68,1695319628,2968959,nbody_2_g++-4.9,1:20.06,6496,1908,1732,93.8,0.0,1,1,1:20,0,12,556,0,235,0,1908,329,2,279,48,0,12.1,1.5,0.0,86.4,0.0,0.0,0.0,0.0,15794.9 MiB,4022.1 MiB,2204.0 MiB,9568.8 MiB,4096.0 MiB,3447.7 MiB,648.2 MiB,13001.6 MiB
3,g++-4.9 4.9.3,nbody_2.c 50000000,69,1695319629,2968959,nbody_2_g++-4.9,1:21.24,6496,1908,1732,100.0,0.0,1,1,1:21,0,12,556,0,235,0,1908,329,2,279,48,0,13.5,0.8,0.0,85.7,0.0,0.0,0.0,0.0,15794.9 MiB,4022.3 MiB,2203.7 MiB,9568.9 MiB,4096.0 MiB,3447.7 MiB,648.2 MiB,13001.8 MiB
3,g++-4.9 4.9.3,nbody_2.c 50000000,70,1695319630,2968959,nbody_2_g++-4.9,1:22.42,6496,1908,1732,100.0,0.0,1,1,1:22,0,12,556,0,235,0,1908,329,2,279,48,0,12.7,1.5,0.0,85.8,0.0,0.0,0.0,0.0,15794.9 MiB,4022.8 MiB,2203.2 MiB,9568.9 MiB,4096.0 MiB,3447.7 MiB,648.2 MiB,13002.3 MiB
3,g++-4.9 4.9.3,nbody_2.c 50000000,71,1695319632,2968959,nbody_2_g++-4.9,1:23.59,6496,1908,1732,100.0,0.0,1,1,1:23,0,12,556,0,235,0,1908,329,2,279,48,0,12.1,1.5,0.0,86.4,0.0,0.0,0.0,0.0,15794.9 MiB,4022.8 MiB,2203.2 MiB,9568.9 MiB,4096.0 MiB,3447.7 MiB,648.2 MiB,13002.3 MiB
3,g++-4.9 4.9.3,nbody_2.c 50000000,72,1695319633,2968959,nbody_2_g++-4.9,1:24.76,6496,1908,1732,93.8,0.0,1,1,1:24,0,12,556,0,235,0,1908,329,2,279,48,0,12.8,0.8,0.0,85.7,0.8,0.0,0.0,0.0,15794.9 MiB,4023.5 MiB,2202.5 MiB,9568.9 MiB,4096.0 MiB,3447.7 MiB,648.2 MiB,13003.1 MiB
3,g++-4.9 4.9.3,nbody_2.c 50000000,73,1695319634,2968959,nbody_2_g++-4.9,1:25.94,6496,1908,1732,100.0,0.0,1,1,1:25,0,12,556,0,235,0,1908,329,2,279,48,0,13.4,1.5,0.0,85.1,0.0,0.0,0.0,0.0,15794.9 MiB,4022.8 MiB,2203.2 MiB,9568.9 MiB,4096.0 MiB,3447.7 MiB,648.2 MiB,13002.3 MiB
3,g++-4.9 4.9.3,nbody_2.c 50000000,74,1695319635,2968959,nbody_2_g++-4.9,1:27.11,6496,1908,1732,93.8,0.0,1,1,1:27,0,12,556,0,235,0,1908,329,2,279,48,0,12.7,1.5,0.0,85.8,0.0,0.0,0.0,0.0,15794.9 MiB,4023.3 MiB,2202.7 MiB,9568.9 MiB,4096.0 MiB,3447.7 MiB,648.2 MiB,13002.8 MiB
3,g++-4.9 4.9.3,nbody_2.c 50000000,75,1695319636,2968959,nbody_2_g++-4.9,1:28.29,6496,1908,1732,100.0,0.0,1,1,1:28,0,12,556,0,235,0,1908,329,2,279,48,0,12.9,0.8,0.0,86.4,0.0,0.0,0.0,0.0,15794.9 MiB,4023.1 MiB,2202.9 MiB,9568.9 MiB,4096.0 MiB,3447.7 MiB,648.2 MiB,13002.6 MiB
4,g++-4.9 4.9.3,nbody_2.c 50000000,0,1695319637,2969435,nbody_2_g++-4.9,0:00.16,6496,1956,1784,100.0,0.0,1,7,0:00,0,12,556,0,231,0,1956,329,2,279,48,0,13.1,0.8,0.0,86.2,0.0,0.0,0.0,0.0,15794.9 MiB,4022.3 MiB,2196.8 MiB,9575.7 MiB,4096.0 MiB,3447.7 MiB,648.2 MiB,13001.8 MiB
4,g++-4.9 4.9.3,nbody_2.c 50000000,1,1695319639,2969435,nbody_2_g++-4.9,0:01.34,6496,1956,1784,100.0,0.0,1,7,0:01,0,12,556,0,231,0,1956,329,2,279,48,0,12.8,1.5,0.0,85.7,0.0,0.0,0.0,0.0,15794.9 MiB,4021.6 MiB,2197.2 MiB,9576.1 MiB,4096.0 MiB,3447.7 MiB,648.2 MiB,13001.1 MiB
4,g++-4.9 4.9.3,nbody_2.c 50000000,2,1695319640,2969435,nbody_2_g++-4.9,0:02.51,6496,1956,1784,93.8,0.0,1,7,0:02,0,12,556,0,231,0,1956,329,2,279,48,0,13.3,1.5,0.0,85.2,0.0,0.0,0.0,0.0,15794.9 MiB,4024.5 MiB,2201.3 MiB,9569.1 MiB,4096.0 MiB,3447.7 MiB,648.2 MiB,13004.1 MiB
4,g++-4.9 4.9.3,nbody_2.c 50000000,3,1695319641,2969435,nbody_2_g++-4.9,0:03.69,6496,1956,1784,100.0,0.0,1,7,0:03,0,12,556,0,231,0,1956,329,2,279,48,0,13.4,1.5,0.0,85.1,0.0,0.0,0.0,0.0,15794.9 MiB,4024.5 MiB,2201.3 MiB,9569.1 MiB,4096.0 MiB,3447.7 MiB,648.2 MiB,13004.1 MiB
4,g++-4.9 4.9.3,nbody_2.c 50000000,4,1695319642,2969435,nbody_2_g++-4.9,0:04.86,6496,1956,1784,100.0,0.0,1,7,0:04,0,12,556,0,231,0,1956,329,2,279,48,0,12.8,1.5,0.0,85.7,0.0,0.0,0.0,0.0,15794.9 MiB,4023.8 MiB,2202.0 MiB,9569.1 MiB,4096.0 MiB,3447.7 MiB,648.2 MiB,13003.3 MiB
4,g++-4.9 4.9.3,nbody_2.c 50000000,5,1695319643,2969435,nbody_2_g++-4.9,0:06.04,6496,1956,1784,100.0,0.0,1,7,0:06,0,12,556,0,231,0,1956,329,2,279,48,0,12.8,0.8,0.0,86.5,0.0,0.0,0.0,0.0,15794.9 MiB,4024.0 MiB,2201.8 MiB,9569.1 MiB,4096.0 MiB,3447.7 MiB,648.2 MiB,13003.6 MiB
4,g++-4.9 4.9.3,nbody_2.c 50000000,6,1695319645,2969435,nbody_2_g++-4.9,0:07.21,6496,1956,1784,93.8,0.0,1,7,0:07,0,12,556,0,231,0,1956,329,2,279,48,0,12.9,0.8,0.0,86.4,0.0,0.0,0.0,0.0,15794.9 MiB,4023.6 MiB,2202.2 MiB,9569.1 MiB,4096.0 MiB,3447.7 MiB,648.2 MiB,13003.1 MiB
4,g++-4.9 4.9.3,nbody_2.c 50000000,7,1695319646,2969435,nbody_2_g++-4.9,0:08.39,6496,1956,1784,100.0,0.0,1,7,0:08,0,12,556,0,231,0,1956,329,2,279,48,0,13.5,0.8,0.0,85.7,0.0,0.0,0.0,0.0,15794.9 MiB,4023.6 MiB,2202.2 MiB,9569.1 MiB,4096.0 MiB,3447.7 MiB,648.2 MiB,13003.1 MiB
4,g++-4.9 4.9.3,nbody_2.c 50000000,8,1695319647,2969435,nbody_2_g++-4.9,0:09.56,6496,1956,1784,100.0,0.0,1,7,0:09,0,12,556,0,231,0,1956,329,2,279,48,0,12.0,1.5,0.0,86.5,0.0,0.0,0.0,0.0,15794.9 MiB,4023.3 MiB,2202.5 MiB,9569.1 MiB,4096.0 MiB,3447.7 MiB,648.2 MiB,13002.8 MiB
4,g++-4.9 4.9.3,nbody_2.c 50000000,9,1695319648,2969435,nbody_2_g++-4.9,0:10.74,6496,1956,1784,100.0,0.0,1,7,0:10,0,12,556,0,231,0,1956,329,2,279,48,0,13.4,1.5,0.0,85.1,0.0,0.0,0.0,0.0,15794.9 MiB,4023.1 MiB,2202.7 MiB,9569.1 MiB,4096.0 MiB,3447.7 MiB,648.2 MiB,13002.6 MiB
4,g++-4.9 4.9.3,nbody_2.c 50000000,10,1695319649,2969435,nbody_2_g++-4.9,0:11.91,6496,1956,1784,100.0,0.0,1,7,0:11,0,12,556,0,231,0,1956,329,2,279,48,0,12.8,1.5,0.0,85.7,0.0,0.0,0.0,0.0,15794.9 MiB,4022.8 MiB,2203.0 MiB,9569.1 MiB,4096.0 MiB,3447.7 MiB,648.2 MiB,13002.4 MiB
4,g++-4.9 4.9.3,nbody_2.c 50000000,11,1695319650,2969435,nbody_2_g++-4.9,0:13.09,6496,1956,1784,100.0,0.0,1,7,0:13,0,12,556,0,231,0,1956,329,2,279,48,0,12.9,0.8,0.0,86.4,0.0,0.0,0.0,0.0,15794.9 MiB,4022.8 MiB,2203.0 MiB,9569.1 MiB,4096.0 MiB,3447.7 MiB,648.2 MiB,13002.4 MiB
4,g++-4.9 4.9.3,nbody_2.c 50000000,12,1695319652,2969435,nbody_2_g++-4.9,0:14.26,6496,1956,1784,93.8,0.0,1,7,0:14,0,12,556,0,231,0,1956,329,2,279,48,0,12.8,0.8,0.0,86.5,0.0,0.0,0.0,0.0,15794.9 MiB,4022.8 MiB,2203.0 MiB,9569.1 MiB,4096.0 MiB,3447.7 MiB,648.2 MiB,13002.4 MiB
4,g++-4.9 4.9.3,nbody_2.c 50000000,13,1695319653,2969435,nbody_2_g++-4.9,0:15.44,6496,1956,1784,100.0,0.0,1,7,0:15,0,12,556,0,231,0,1956,329,2,279,48,0,13.0,0.0,0.0,87.0,0.0,0.0,0.0,0.0,15794.9 MiB,4022.3 MiB,2203.5 MiB,9569.1 MiB,4096.0 MiB,3447.7 MiB,648.2 MiB,13001.9 MiB
4,g++-4.9 4.9.3,nbody_2.c 50000000,14,1695319654,2969435,nbody_2_g++-4.9,0:16.61,6496,1956,1784,100.0,0.0,1,7,0:16,0,12,556,0,231,0,1956,329,2,279,48,0,12.9,0.8,0.0,86.4,0.0,0.0,0.0,0.0,15794.9 MiB,4022.3 MiB,2203.5 MiB,9569.1 MiB,4096.0 MiB,3447.7 MiB,648.2 MiB,13001.9 MiB
4,g++-4.9 4.9.3,nbody_2.c 50000000,15,1695319655,2969435,nbody_2_g++-4.9,0:17.79,6496,1956,1784,100.0,0.0,1,7,0:17,0,12,556,0,231,0,1956,329,2,279,48,0,12.9,0.8,0.0,86.4,0.0,0.0,0.0,0.0,15794.9 MiB,4022.3 MiB,2203.4 MiB,9569.1 MiB,4096.0 MiB,3447.7 MiB,648.2 MiB,13001.9 MiB
4,g++-4.9 4.9.3,nbody_2.c 50000000,16,1695319656,2969435,nbody_2_g++-4.9,0:18.96,6496,1956,1784,93.8,0.0,1,7,0:18,0,12,556,0,231,0,1956,329,2,279,48,0,12.8,1.5,0.0,85.7,0.0,0.0,0.0,0.0,15794.9 MiB,4022.6 MiB,2203.2 MiB,9569.1 MiB,4096.0 MiB,3447.7 MiB,648.2 MiB,13002.1 MiB
4,g++-4.9 4.9.3,nbody_2.c 50000000,17,1695319657,2969435,nbody_2_g++-4.9,0:20.14,6496,1956,1784,100.0,0.0,1,7,0:20,0,12,556,0,231,0,1956,329,2,279,48,0,13.4,1.5,0.0,85.1,0.0,0.0,0.0,0.0,15794.9 MiB,4022.6 MiB,2203.2 MiB,9569.1 MiB,4096.0 MiB,3447.7 MiB,648.2 MiB,13002.1 MiB
4,g++-4.9 4.9.3,nbody_2.c 50000000,18,1695319659,2969435,nbody_2_g++-4.9,0:21.31,6496,1956,1784,100.0,0.0,1,7,0:21,0,12,556,0,231,0,1956,329,2,279,48,0,13.5,0.8,0.0,85.7,0.0,0.0,0.0,0.0,15794.9 MiB,4022.6 MiB,2203.2 MiB,9569.1 MiB,4096.0 MiB,3447.7 MiB,648.2 MiB,13002.1 MiB
4,g++-4.9 4.9.3,nbody_2.c 50000000,19,1695319660,2969435,nbody_2_g++-4.9,0:22.49,6496,1956,1784,100.0,0.0,1,7,0:22,0,12,556,0,231,0,1956,329,2,279,48,0,12.8,1.5,0.0,85.7,0.0,0.0,0.0,0.0,15794.9 MiB,4022.1 MiB,2203.7 MiB,9569.1 MiB,4096.0 MiB,3447.7 MiB,648.2 MiB,13001.6 MiB
4,g++-4.9 4.9.3,nbody_2.c 50000000,20,1695319661,2969435,nbody_2_g++-4.9,0:23.66,6496,1956,1784,93.8,0.0,1,7,0:23,0,12,556,0,231,0,1956,329,2,279,48,0,12.8,0.8,0.0,86.5,0.0,0.0,0.0,0.0,15794.9 MiB,4021.8 MiB,2203.9 MiB,9569.1 MiB,4096.0 MiB,3447.7 MiB,648.2 MiB,13001.4 MiB
4,g++-4.9 4.9.3,nbody_2.c 50000000,21,1695319662,2969435,nbody_2_g++-4.9,0:24.84,6496,1956,1784,100.0,0.0,1,7,0:24,0,12,556,0,231,0,1956,329,2,279,48,0,12.2,0.8,0.0,87.0,0.0,0.0,0.0,0.0,15794.9 MiB,4021.8 MiB,2203.9 MiB,9569.1 MiB,4096.0 MiB,3447.7 MiB,648.2 MiB,13001.4 MiB
4,g++-4.9 4.9.3,nbody_2.c 50000000,22,1695319663,2969435,nbody_2_g++-4.9,0:26.01,6496,1956,1784,100.0,0.0,1,7,0:26,0,12,556,0,231,0,1956,329,2,279,48,0,13.3,1.5,0.0,85.2,0.0,0.0,0.0,0.0,15794.9 MiB,4022.1 MiB,2203.7 MiB,9569.1 MiB,4096.0 MiB,3447.7 MiB,648.2 MiB,13001.7 MiB
4,g++-4.9 4.9.3,nbody_2.c 50000000,23,1695319665,2969435,nbody_2_g++-4.9,0:27.19,6496,1956,1784,100.0,0.0,1,7,0:27,0,12,556,0,231,0,1956,328,2,278,48,0,12.9,0.8,0.0,86.4,0.0,0.0,0.0,0.0,15794.9 MiB,4028.7 MiB,2197.0 MiB,9569.1 MiB,4096.0 MiB,3447.7 MiB,648.2 MiB,13008.3 MiB
4,g++-4.9 4.9.3,nbody_2.c 50000000,24,1695319666,2969435,nbody_2_g++-4.9,0:28.36,6496,1956,1784,100.0,0.0,1,7,0:28,0,12,556,0,231,0,1956,328,2,278,48,0,12.2,0.8,0.0,86.3,0.8,0.0,0.0,0.0,15794.9 MiB,4028.2 MiB,2197.5 MiB,9569.1 MiB,4096.0 MiB,3447.7 MiB,648.2 MiB,13007.8 MiB
4,g++-4.9 4.9.3,nbody_2.c 50000000,25,1695319667,2969435,nbody_2_g++-4.9,0:29.54,6496,1956,1784,100.0,0.0,1,7,0:29,0,12,556,0,231,0,1956,328,2,278,48,0,12.0,2.3,0.0,85.7,0.0,0.0,0.0,0.0,15794.9 MiB,4028.2 MiB,2197.5 MiB,9569.1 MiB,4096.0 MiB,3447.7 MiB,648.2 MiB,13007.8 MiB
4,g++-4.9 4.9.3,nbody_2.c 50000000,26,1695319668,2969435,nbody_2_g++-4.9,0:30.71,6496,1956,1784,100.0,0.0,1,7,0:30,0,12,556,0,231,0,1956,328,2,278,48,0,12.8,1.5,0.0,85.7,0.0,0.0,0.0,0.0,15794.9 MiB,4027.5 MiB,2198.3 MiB,9569.1 MiB,4096.0 MiB,3447.7 MiB,648.2 MiB,13007.1 MiB
4,g++-4.9 4.9.3,nbody_2.c 50000000,27,1695319669,2969435,nbody_2_g++-4.9,0:31.89,6496,1956,1784,100.0,0.0,1,7,0:31,0,12,556,0,231,0,1956,328,2,278,48,0,12.8,1.5,0.0,85.7,0.0,0.0,0.0,0.0,15794.9 MiB,4027.5 MiB,2198.3 MiB,9569.1 MiB,4096.0 MiB,3447.7 MiB,648.2 MiB,13007.1 MiB
4,g++-4.9 4.9.3,nbody_2.c 50000000,28,1695319670,2969435,nbody_2_g++-4.9,0:33.06,6496,1956,1784,93.8,0.0,1,7,0:33,0,12,556,0,231,0,1956,328,2,278,48,0,12.8,1.5,0.0,85.7,0.0,0.0,0.0,0.0,15794.9 MiB,4027.5 MiB,2198.3 MiB,9569.1 MiB,4096.0 MiB,3447.7 MiB,648.2 MiB,13007.1 MiB
4,g++-4.9 4.9.3,nbody_2.c 50000000,29,1695319672,2969435,nbody_2_g++-4.9,0:34.24,6496,1956,1784,100.0,0.0,1,7,0:34,0,12,556,0,231,0,1956,328,2,278,48,0,12.9,0.8,0.0,86.4,0.0,0.0,0.0,0.0,15794.9 MiB,4027.5 MiB,2198.2 MiB,9569.1 MiB,4096.0 MiB,3447.7 MiB,648.2 MiB,13007.1 MiB
4,g++-4.9 4.9.3,nbody_2.c 50000000,30,1695319673,2969435,nbody_2_g++-4.9,0:35.41,6496,1956,1784,100.0,0.0,1,7,0:35,0,12,556,0,231,0,1956,328,2,278,48,0,12.7,1.5,0.0,85.8,0.0,0.0,0.0,0.0,15794.9 MiB,4027.5 MiB,2198.2 MiB,9569.1 MiB,4096.0 MiB,3447.7 MiB,648.2 MiB,13007.1 MiB
4,g++-4.9 4.9.3,nbody_2.c 50000000,31,1695319674,2969435,nbody_2_g++-4.9,0:36.59,6496,1956,1784,100.0,0.0,1,7,0:36,0,12,556,0,231,0,1956,328,2,278,48,0,12.9,0.8,0.0,86.4,0.0,0.0,0.0,0.0,15794.9 MiB,4027.2 MiB,2198.5 MiB,9569.1 MiB,4096.0 MiB,3447.7 MiB,648.2 MiB,13006.8 MiB
4,g++-4.9 4.9.3,nbody_2.c 50000000,32,1695319675,2969435,nbody_2_g++-4.9,0:37.77,6496,1956,1784,100.0,0.0,1,7,0:37,0,12,556,0,231,0,1956,328,2,278,48,0,13.5,1.5,0.0,85.0,0.0,0.0,0.0,0.0,15794.9 MiB,4027.5 MiB,2198.2 MiB,9569.1 MiB,4096.0 MiB,3447.7 MiB,648.2 MiB,13007.1 MiB
4,g++-4.9 4.9.3,nbody_2.c 50000000,33,1695319676,2969435,nbody_2_g++-4.9,0:38.94,6496,1956,1784,100.0,0.0,1,7,0:38,0,12,556,0,231,0,1956,328,2,278,48,0,12.7,1.5,0.0,85.8,0.0,0.0,0.0,0.0,15794.9 MiB,4027.5 MiB,2198.2 MiB,9569.1 MiB,4096.0 MiB,3447.7 MiB,648.2 MiB,13007.1 MiB
4,g++-4.9 4.9.3,nbody_2.c 50000000,34,1695319677,2969435,nbody_2_g++-4.9,0:40.11,6496,1956,1784,93.8,0.0,1,7,0:40,0,12,556,0,231,0,1956,328,2,278,48,0,12.9,0.8,0.0,86.4,0.0,0.0,0.0,0.0,15794.9 MiB,4027.7 MiB,2198.0 MiB,9569.1 MiB,4096.0 MiB,3447.7 MiB,648.2 MiB,13007.3 MiB
4,g++-4.9 4.9.3,nbody_2.c 50000000,35,1695319679,2969435,nbody_2_g++-4.9,0:41.29,6496,1956,1784,100.0,0.0,1,7,0:41,0,12,556,0,231,0,1956,328,2,278,48,0,13.4,0.7,0.0,85.1,0.7,0.0,0.0,0.0,15794.9 MiB,4027.7 MiB,2198.0 MiB,9569.1 MiB,4096.0 MiB,3447.7 MiB,648.2 MiB,13007.3 MiB
4,g++-4.9 4.9.3,nbody_2.c 50000000,36,1695319680,2969435,nbody_2_g++-4.9,0:42.47,6496,1956,1784,100.0,0.0,1,7,0:42,0,12,556,0,231,0,1956,328,2,278,48,0,13.4,0.7,0.0,85.8,0.0,0.0,0.0,0.0,15794.9 MiB,4028.5 MiB,2197.3 MiB,9569.1 MiB,4096.0 MiB,3447.7 MiB,648.2 MiB,13008.1 MiB
4,g++-4.9 4.9.3,nbody_2.c 50000000,37,1695319681,2969435,nbody_2_g++-4.9,0:43.64,6496,1956,1784,100.0,0.0,1,7,0:43,0,12,556,0,231,0,1956,328,2,278,48,0,13.5,0.8,0.0,85.7,0.0,0.0,0.0,0.0,15794.9 MiB,4028.2 MiB,2197.4 MiB,9569.2 MiB,4096.0 MiB,3447.7 MiB,648.2 MiB,13007.8 MiB
4,g++-4.9 4.9.3,nbody_2.c 50000000,38,1695319682,2969435,nbody_2_g++-4.9,0:44.81,6496,1956,1784,100.0,0.0,1,7,0:44,0,12,556,0,231,0,1956,328,2,278,48,0,13.4,1.5,0.0,85.1,0.0,0.0,0.0,0.0,15794.9 MiB,4028.2 MiB,2197.5 MiB,9569.1 MiB,4096.0 MiB,3447.7 MiB,648.2 MiB,13007.8 MiB
4,g++-4.9 4.9.3,nbody_2.c 50000000,39,1695319683,2969435,nbody_2_g++-4.9,0:45.99,6496,1956,1784,100.0,0.0,1,7,0:45,0,12,556,0,231,0,1956,328,2,278,48,0,12.8,1.5,0.0,85.7,0.0,0.0,0.0,0.0,15794.9 MiB,4028.0 MiB,2197.7 MiB,9569.1 MiB,4096.0 MiB,3447.7 MiB,648.2 MiB,13007.6 MiB
4,g++-4.9 4.9.3,nbody_2.c 50000000,40,1695319684,2969435,nbody_2_g++-4.9,0:47.16,6496,1956,1784,100.0,0.0,1,3,0:47,0,12,556,0,231,0,1956,328,2,278,48,0,12.8,0.8,0.0,86.5,0.0,0.0,0.0,0.0,15794.9 MiB,4028.2 MiB,2197.5 MiB,9569.1 MiB,4096.0 MiB,3447.7 MiB,648.2 MiB,13007.8 MiB
4,g++-4.9 4.9.3,nbody_2.c 50000000,41,1695319686,2969435,nbody_2_g++-4.9,0:48.34,6496,1956,1784,100.0,0.0,1,3,0:48,0,12,556,0,231,0,1956,328,2,278,48,0,14.1,1.5,0.0,84.4,0.0,0.0,0.0,0.0,15794.9 MiB,4028.5 MiB,2197.2 MiB,9569.1 MiB,4096.0 MiB,3447.7 MiB,648.2 MiB,13008.1 MiB
4,g++-4.9 4.9.3,nbody_2.c 50000000,42,1695319687,2969435,nbody_2_g++-4.9,0:49.51,6496,1956,1784,100.0,0.0,1,3,0:49,0,12,556,0,231,0,1956,328,2,278,48,0,13.6,0.0,0.0,86.4,0.0,0.0,0.0,0.0,15794.9 MiB,4030.0 MiB,2195.8 MiB,9569.1 MiB,4096.0 MiB,3447.7 MiB,648.2 MiB,13009.6 MiB
4,g++-4.9 4.9.3,nbody_2.c 50000000,43,1695319688,2969435,nbody_2_g++-4.9,0:50.68,6496,1956,1784,93.8,0.0,1,3,0:50,0,12,556,0,231,0,1956,328,2,278,48,0,13.5,0.8,0.0,85.7,0.0,0.0,0.0,0.0,15794.9 MiB,4029.5 MiB,2196.3 MiB,9569.1 MiB,4096.0 MiB,3447.7 MiB,648.2 MiB,13009.1 MiB
4,g++-4.9 4.9.3,nbody_2.c 50000000,44,1695319689,2969435,nbody_2_g++-4.9,0:51.86,6496,1956,1784,100.0,0.0,1,3,0:51,0,12,556,0,231,0,1956,328,2,278,48,0,12.8,1.5,0.0,85.7,0.0,0.0,0.0,0.0,15794.9 MiB,4029.2 MiB,2196.5 MiB,9569.1 MiB,4096.0 MiB,3447.7 MiB,648.2 MiB,13008.8 MiB
4,g++-4.9 4.9.3,nbody_2.c 50000000,45,1695319690,2969435,nbody_2_g++-4.9,0:53.03,6496,1956,1784,93.8,0.0,1,3,0:53,0,12,556,0,231,0,1956,328,2,278,48,0,12.9,0.8,0.0,86.4,0.0,0.0,0.0,0.0,15794.9 MiB,4029.2 MiB,2196.5 MiB,9569.1 MiB,4096.0 MiB,3447.7 MiB,648.2 MiB,13008.8 MiB
4,g++-4.9 4.9.3,nbody_2.c 50000000,46,1695319692,2969435,nbody_2_g++-4.9,0:54.21,6496,1956,1784,100.0,0.0,1,3,0:54,0,12,556,0,231,0,1956,328,2,278,48,0,12.1,1.5,0.0,86.4,0.0,0.0,0.0,0.0,15794.9 MiB,4029.5 MiB,2196.2 MiB,9569.2 MiB,4096.0 MiB,3447.7 MiB,648.2 MiB,13009.1 MiB
4,g++-4.9 4.9.3,nbody_2.c 50000000,47,1695319693,2969435,nbody_2_g++-4.9,0:55.38,6496,1956,1784,100.0,0.0,1,3,0:55,0,12,556,0,231,0,1956,328,2,278,48,0,13.4,0.7,0.0,85.8,0.0,0.0,0.0,0.0,15794.9 MiB,4029.5 MiB,2196.2 MiB,9569.2 MiB,4096.0 MiB,3447.7 MiB,648.2 MiB,13009.1 MiB
4,g++-4.9 4.9.3,nbody_2.c 50000000,48,1695319694,2969435,nbody_2_g++-4.9,0:56.56,6496,1956,1784,100.0,0.0,1,3,0:56,0,12,556,0,231,0,1956,328,2,278,48,0,12.2,0.8,0.0,87.0,0.0,0.0,0.0,0.0,15794.9 MiB,4029.2 MiB,2196.5 MiB,9569.2 MiB,4096.0 MiB,3447.7 MiB,648.2 MiB,13008.9 MiB
4,g++-4.9 4.9.3,nbody_2.c 50000000,49,1695319695,2969435,nbody_2_g++-4.9,0:57.73,6496,1956,1784,93.8,0.0,1,3,0:57,0,12,556,0,231,0,1956,328,2,278,48,0,12.2,0.8,0.0,87.0,0.0,0.0,0.0,0.0,15794.9 MiB,4029.0 MiB,2196.7 MiB,9569.2 MiB,4096.0 MiB,3447.7 MiB,648.2 MiB,13008.6 MiB
4,g++-4.9 4.9.3,nbody_2.c 50000000,50,1695319696,2969435,nbody_2_g++-4.9,0:58.91,6496,1956,1784,100.0,0.0,1,3,0:58,0,12,556,0,231,0,1956,328,2,278,48,0,12.9,1.5,0.0,85.6,0.0,0.0,0.0,0.0,15794.9 MiB,4030.0 MiB,2195.7 MiB,9569.2 MiB,4096.0 MiB,3447.7 MiB,648.2 MiB,13009.6 MiB
4,g++-4.9 4.9.3,nbody_2.c 50000000,51,1695319697,2969435,nbody_2_g++-4.9,1:00.08,6496,1956,1784,100.0,0.0,1,3,1:00,0,12,556,0,231,0,1956,328,2,278,48,0,12.9,0.8,0.0,86.4,0.0,0.0,0.0,0.0,15794.9 MiB,4030.2 MiB,2195.5 MiB,9569.2 MiB,4096.0 MiB,3447.7 MiB,648.2 MiB,13009.8 MiB
4,g++-4.9 4.9.3,nbody_2.c 50000000,52,1695319699,2969435,nbody_2_g++-4.9,1:01.26,6496,1956,1784,100.0,0.0,1,3,1:01,0,12,556,0,231,0,1956,328,2,278,48,0,12.9,0.8,0.0,86.4,0.0,0.0,0.0,0.0,15794.9 MiB,4029.7 MiB,2196.0 MiB,9569.2 MiB,4096.0 MiB,3447.7 MiB,648.2 MiB,13009.4 MiB
4,g++-4.9 4.9.3,nbody_2.c 50000000,53,1695319700,2969435,nbody_2_g++-4.9,1:02.43,6496,1956,1784,100.0,0.0,1,3,1:02,0,12,556,0,231,0,1956,328,2,278,48,0,13.4,1.5,0.0,85.1,0.0,0.0,0.0,0.0,15794.9 MiB,4030.5 MiB,2195.2 MiB,9569.2 MiB,4096.0 MiB,3447.7 MiB,648.2 MiB,13010.1 MiB
4,g++-4.9 4.9.3,nbody_2.c 50000000,54,1695319701,2969435,nbody_2_g++-4.9,1:03.60,6496,1956,1784,93.8,0.0,1,3,1:03,0,12,556,0,231,0,1956,328,2,278,48,0,12.1,0.8,0.0,87.1,0.0,0.0,0.0,0.0,15794.9 MiB,4030.2 MiB,2195.5 MiB,9569.2 MiB,4096.0 MiB,3447.7 MiB,648.2 MiB,13009.9 MiB
4,g++-4.9 4.9.3,nbody_2.c 50000000,55,1695319702,2969435,nbody_2_g++-4.9,1:04.78,6496,1956,1784,100.0,0.0,1,3,1:04,0,12,556,0,231,0,1956,328,2,278,48,0,12.8,1.5,0.0,85.7,0.0,0.0,0.0,0.0,15794.9 MiB,4030.0 MiB,2195.7 MiB,9569.2 MiB,4096.0 MiB,3447.7 MiB,648.2 MiB,13009.6 MiB
4,g++-4.9 4.9.3,nbody_2.c 50000000,56,1695319703,2969435,nbody_2_g++-4.9,1:05.96,6496,1956,1784,100.0,0.0,1,3,1:05,0,12,556,0,231,0,1956,328,2,278,48,0,12.7,1.5,0.0,85.8,0.0,0.0,0.0,0.0,15794.9 MiB,4029.5 MiB,2196.2 MiB,9569.2 MiB,4096.0 MiB,3447.7 MiB,648.2 MiB,13009.1 MiB
4,g++-4.9 4.9.3,nbody_2.c 50000000,57,1695319704,2969435,nbody_2_g++-4.9,1:07.13,6496,1956,1784,100.0,0.0,1,3,1:07,0,12,556,0,231,0,1956,328,2,278,48,0,12.8,1.5,0.0,85.7,0.0,0.0,0.0,0.0,15794.9 MiB,4029.5 MiB,2196.2 MiB,9569.2 MiB,4096.0 MiB,3447.7 MiB,648.2 MiB,13009.1 MiB
4,g++-4.9 4.9.3,nbody_2.c 50000000,58,1695319706,2969435,nbody_2_g++-4.9,1:08.30,6496,1956,1784,93.8,0.0,1,3,1:08,0,12,556,0,231,0,1956,328,2,278,48,0,12.9,0.8,0.0,86.4,0.0,0.0,0.0,0.0,15794.9 MiB,4030.5 MiB,2195.2 MiB,9569.2 MiB,4096.0 MiB,3447.7 MiB,648.2 MiB,13010.1 MiB
4,g++-4.9 4.9.3,nbody_2.c 50000000,59,1695319707,2969435,nbody_2_g++-4.9,1:09.48,6496,1956,1784,100.0,0.0,1,3,1:09,0,12,556,0,231,0,1956,328,2,278,48,0,13.5,0.8,0.0,85.7,0.0,0.0,0.0,0.0,15794.9 MiB,4030.2 MiB,2195.5 MiB,9569.2 MiB,4096.0 MiB,3447.7 MiB,648.2 MiB,13009.9 MiB
4,g++-4.9 4.9.3,nbody_2.c 50000000,60,1695319708,2969435,nbody_2_g++-4.9,1:10.65,6496,1956,1784,93.8,0.0,1,3,1:10,0,12,556,0,231,0,1956,328,2,278,48,0,12.8,1.5,0.0,85.7,0.0,0.0,0.0,0.0,15794.9 MiB,4030.0 MiB,2195.7 MiB,9569.2 MiB,4096.0 MiB,3447.7 MiB,648.2 MiB,13009.6 MiB
4,g++-4.9 4.9.3,nbody_2.c 50000000,61,1695319709,2969435,nbody_2_g++-4.9,1:11.83,6496,1956,1784,100.0,0.0,1,3,1:11,0,12,556,0,231,0,1956,328,2,278,48,0,13.5,0.8,0.0,85.7,0.0,0.0,0.0,0.0,15794.9 MiB,4031.0 MiB,2194.7 MiB,9569.2 MiB,4096.0 MiB,3447.7 MiB,648.2 MiB,13010.6 MiB
4,g++-4.9 4.9.3,nbody_2.c 50000000,62,1695319710,2969435,nbody_2_g++-4.9,1:13.00,6496,1956,1784,100.0,0.0,1,3,1:13,0,12,556,0,231,0,1956,328,2,278,48,0,13.5,0.8,0.0,85.7,0.0,0.0,0.0,0.0,15794.9 MiB,4031.0 MiB,2194.7 MiB,9569.2 MiB,4096.0 MiB,3447.7 MiB,648.2 MiB,13010.6 MiB
4,g++-4.9 4.9.3,nbody_2.c 50000000,63,1695319712,2969435,nbody_2_g++-4.9,1:14.18,6496,1956,1784,100.0,0.0,1,3,1:14,0,12,556,0,231,0,1956,328,2,278,48,0,12.8,1.5,0.0,85.7,0.0,0.0,0.0,0.0,15794.9 MiB,4031.0 MiB,2194.7 MiB,9569.2 MiB,4096.0 MiB,3447.7 MiB,648.2 MiB,13010.6 MiB
4,g++-4.9 4.9.3,nbody_2.c 50000000,64,1695319713,2969435,nbody_2_g++-4.9,1:15.35,6496,1956,1784,93.8,0.0,1,3,1:15,0,12,556,0,231,0,1956,328,2,278,48,0,13.4,1.5,0.0,85.1,0.0,0.0,0.0,0.0,15794.9 MiB,4031.5 MiB,2194.2 MiB,9569.2 MiB,4096.0 MiB,3447.7 MiB,648.2 MiB,13011.1 MiB
4,g++-4.9 4.9.3,nbody_2.c 50000000,65,1695319714,2969435,nbody_2_g++-4.9,1:16.53,6496,1956,1784,100.0,0.0,1,3,1:16,0,12,556,0,231,0,1956,327,2,277,48,0,12.1,2.3,0.0,85.6,0.0,0.0,0.0,0.0,15794.9 MiB,4031.5 MiB,2194.2 MiB,9569.2 MiB,4096.0 MiB,3447.7 MiB,648.2 MiB,13011.1 MiB
4,g++-4.9 4.9.3,nbody_2.c 50000000,66,1695319715,2969435,nbody_2_g++-4.9,1:17.70,6496,1956,1784,100.0,0.0,1,3,1:17,0,12,556,0,231,0,1956,327,2,277,48,0,12.9,0.8,0.0,86.4,0.0,0.0,0.0,0.0,15794.9 MiB,4030.2 MiB,2195.5 MiB,9569.2 MiB,4096.0 MiB,3447.7 MiB,648.2 MiB,13009.9 MiB
4,g++-4.9 4.9.3,nbody_2.c 50000000,67,1695319716,2969435,nbody_2_g++-4.9,1:18.88,6496,1956,1784,100.0,0.0,1,3,1:18,0,12,556,0,231,0,1956,327,2,277,48,0,12.8,1.5,0.0,85.7,0.0,0.0,0.0,0.0,15794.9 MiB,4031.2 MiB,2194.5 MiB,9569.2 MiB,4096.0 MiB,3447.7 MiB,648.2 MiB,13010.9 MiB
4,g++-4.9 4.9.3,nbody_2.c 50000000,68,1695319717,2969435,nbody_2_g++-4.9,1:20.05,6496,1956,1784,93.8,0.0,1,3,1:20,0,12,556,0,231,0,1956,327,2,277,48,0,12.9,0.8,0.0,86.4,0.0,0.0,0.0,0.0,15794.9 MiB,4030.7 MiB,2195.0 MiB,9569.2 MiB,4096.0 MiB,3447.7 MiB,648.2 MiB,13010.4 MiB
4,g++-4.9 4.9.3,nbody_2.c 50000000,69,1695319719,2969435,nbody_2_g++-4.9,1:21.23,6496,1956,1784,100.0,0.0,1,3,1:21,0,12,556,0,231,0,1956,327,2,277,48,0,12.9,1.5,0.0,85.6,0.0,0.0,0.0,0.0,15794.9 MiB,4030.7 MiB,2195.0 MiB,9569.2 MiB,4096.0 MiB,3447.7 MiB,648.2 MiB,13010.4 MiB
4,g++-4.9 4.9.3,nbody_2.c 50000000,70,1695319720,2969435,nbody_2_g++-4.9,1:22.40,6496,1956,1784,100.0,0.0,1,3,1:22,0,12,556,0,231,0,1956,327,2,277,48,0,12.8,1.5,0.0,85.7,0.0,0.0,0.0,0.0,15794.9 MiB,4031.5 MiB,2194.2 MiB,9569.2 MiB,4096.0 MiB,3447.7 MiB,648.2 MiB,13011.1 MiB
4,g++-4.9 4.9.3,nbody_2.c 50000000,71,1695319721,2969435,nbody_2_g++-4.9,1:23.57,6496,1956,1784,93.8,0.0,1,3,1:23,0,12,556,0,231,0,1956,327,2,277,48,0,12.2,0.8,0.0,86.3,0.8,0.0,0.0,0.0,15794.9 MiB,4030.7 MiB,2195.0 MiB,9569.2 MiB,4096.0 MiB,3447.7 MiB,648.2 MiB,13010.4 MiB
4,g++-4.9 4.9.3,nbody_2.c 50000000,72,1695319722,2969435,nbody_2_g++-4.9,1:24.75,6496,1956,1784,100.0,0.0,1,7,1:24,0,12,556,0,231,0,1956,327,2,277,48,0,13.4,1.5,0.0,85.1,0.0,0.0,0.0,0.0,15794.9 MiB,4030.5 MiB,2195.2 MiB,9569.2 MiB,4096.0 MiB,3447.7 MiB,648.2 MiB,13010.1 MiB
4,g++-4.9 4.9.3,nbody_2.c 50000000,73,1695319723,2969435,nbody_2_g++-4.9,1:25.92,6496,1956,1784,93.8,0.0,1,3,1:25,0,12,556,0,231,0,1956,327,2,277,48,0,13.5,0.0,0.0,86.5,0.0,0.0,0.0,0.0,15794.9 MiB,4029.7 MiB,2195.9 MiB,9569.2 MiB,4096.0 MiB,3447.7 MiB,648.2 MiB,13009.4 MiB
4,g++-4.9 4.9.3,nbody_2.c 50000000,74,1695319724,2969435,nbody_2_g++-4.9,1:27.10,6496,1956,1784,100.0,0.0,1,3,1:27,0,12,556,0,231,0,1956,327,2,277,48,0,12.0,1.5,0.0,86.5,0.0,0.0,0.0,0.0,15794.9 MiB,4029.0 MiB,2196.7 MiB,9569.2 MiB,4096.0 MiB,3447.7 MiB,648.2 MiB,13008.7 MiB
4,g++-4.9 4.9.3,nbody_2.c 50000000,75,1695319726,2969435,nbody_2_g++-4.9,1:28.28,6496,1956,1784,100.0,0.0,1,3,1:28,0,12,556,0,231,0,1956,327,2,277,48,0,12.6,1.5,0.0,85.9,0.0,0.0,0.0,0.0,15794.9 MiB,4028.8 MiB,2196.9 MiB,9569.2 MiB,4096.0 MiB,3447.7 MiB,648.2 MiB,13008.4 MiB
4,g++-4.9 4.9.3,nbody_2.c 50000000,76,1695319727,2969435,nbody_2_g++-4.9,1:29.45,6496,1956,1784,93.8,0.0,1,3,1:29,0,12,556,0,231,0,1956,327,2,277,48,0,12.1,1.5,0.0,86.4,0.0,0.0,0.0,0.0,15794.9 MiB,4028.5 MiB,2197.1 MiB,9569.2 MiB,4096.0 MiB,3447.7 MiB,648.2 MiB,13008.2 MiB
5,g++-4.9 4.9.3,nbody_2.c 50000000,0,1695319728,2969915,nbody_2_g++-4.9,0:00.16,6496,1908,1736,93.8,0.0,1,1,0:00,0,12,556,0,235,0,1908,328,2,278,48,0,13.8,0.8,0.0,83.8,1.5,0.0,0.0,0.0,15794.9 MiB,4018.2 MiB,2198.8 MiB,9577.9 MiB,4096.0 MiB,3447.7 MiB,648.2 MiB,12999.5 MiB
5,g++-4.9 4.9.3,nbody_2.c 50000000,1,1695319729,2969915,nbody_2_g++-4.9,0:01.34,6496,1908,1736,100.0,0.0,1,1,0:01,0,12,556,0,235,0,1908,328,2,278,48,0,12.8,1.5,0.0,85.7,0.0,0.0,0.0,0.0,15794.9 MiB,4018.4 MiB,2198.6 MiB,9577.9 MiB,4096.0 MiB,3447.7 MiB,648.2 MiB,12999.7 MiB
5,g++-4.9 4.9.3,nbody_2.c 50000000,2,1695319730,2969915,nbody_2_g++-4.9,0:02.51,6496,1908,1736,100.0,0.0,1,1,0:02,0,12,556,0,235,0,1908,328,2,278,48,0,13.5,0.8,0.0,85.7,0.0,0.0,0.0,0.0,15794.9 MiB,4017.2 MiB,2199.8 MiB,9577.9 MiB,4096.0 MiB,3447.7 MiB,648.2 MiB,12998.5 MiB
5,g++-4.9 4.9.3,nbody_2.c 50000000,3,1695319731,2969915,nbody_2_g++-4.9,0:03.69,6496,1908,1736,100.0,0.0,1,1,0:03,0,12,556,0,235,0,1908,328,2,278,48,0,12.9,0.8,0.0,86.4,0.0,0.0,0.0,0.0,15794.9 MiB,4024.3 MiB,2199.7 MiB,9570.9 MiB,4096.0 MiB,3447.7 MiB,648.2 MiB,13005.7 MiB
5,g++-4.9 4.9.3,nbody_2.c 50000000,4,1695319733,2969915,nbody_2_g++-4.9,0:04.86,6496,1908,1736,93.8,0.0,1,1,0:04,0,12,556,0,235,0,1908,328,2,278,48,0,12.9,0.8,0.0,86.4,0.0,0.0,0.0,0.0,15794.9 MiB,4024.1 MiB,2199.9 MiB,9570.9 MiB,4096.0 MiB,3447.7 MiB,648.2 MiB,13005.4 MiB
5,g++-4.9 4.9.3,nbody_2.c 50000000,5,1695319734,2969915,nbody_2_g++-4.9,0:06.04,6496,1908,1736,100.0,0.0,1,1,0:06,0,12,556,0,235,0,1908,328,2,278,48,0,13.5,0.8,0.0,85.7,0.0,0.0,0.0,0.0,15794.9 MiB,4024.1 MiB,2199.9 MiB,9570.9 MiB,4096.0 MiB,3447.7 MiB,648.2 MiB,13005.4 MiB
5,g++-4.9 4.9.3,nbody_2.c 50000000,6,1695319735,2969915,nbody_2_g++-4.9,0:07.21,6496,1908,1736,100.0,0.0,1,5,0:07,0,12,556,0,235,0,1908,328,2,278,48,0,13.5,0.8,0.0,85.7,0.0,0.0,0.0,0.0,15794.9 MiB,4024.3 MiB,2199.7 MiB,9570.9 MiB,4096.0 MiB,3447.7 MiB,648.2 MiB,13005.7 MiB
5,g++-4.9 4.9.3,nbody_2.c 50000000,7,1695319736,2969915,nbody_2_g++-4.9,0:08.39,6496,1908,1736,100.0,0.0,1,5,0:08,0,12,556,0,235,0,1908,328,2,278,48,0,12.9,0.8,0.0,86.4,0.0,0.0,0.0,0.0,15794.9 MiB,4024.3 MiB,2199.7 MiB,9570.9 MiB,4096.0 MiB,3447.7 MiB,648.2 MiB,13005.7 MiB
5,g++-4.9 4.9.3,nbody_2.c 50000000,8,1695319737,2969915,nbody_2_g++-4.9,0:09.56,6496,1908,1736,93.8,0.0,1,5,0:09,0,12,556,0,235,0,1908,328,2,278,48,0,12.1,1.5,0.0,86.4,0.0,0.0,0.0,0.0,15794.9 MiB,4024.3 MiB,2199.7 MiB,9570.9 MiB,4096.0 MiB,3447.7 MiB,648.2 MiB,13005.7 MiB
5,g++-4.9 4.9.3,nbody_2.c 50000000,9,1695319739,2969915,nbody_2_g++-4.9,0:10.74,6496,1908,1736,100.0,0.0,1,5,0:10,0,12,556,0,235,0,1908,328,2,278,48,0,13.5,0.8,0.0,85.7,0.0,0.0,0.0,0.0,15794.9 MiB,4024.3 MiB,2199.7 MiB,9570.9 MiB,4096.0 MiB,3447.7 MiB,648.2 MiB,13005.7 MiB
5,g++-4.9 4.9.3,nbody_2.c 50000000,10,1695319740,2969915,nbody_2_g++-4.9,0:11.91,6496,1908,1736,100.0,0.0,1,5,0:11,0,12,556,0,235,0,1908,328,2,278,48,0,12.9,0.8,0.0,86.4,0.0,0.0,0.0,0.0,15794.9 MiB,4024.3 MiB,2199.7 MiB,9570.9 MiB,4096.0 MiB,3447.7 MiB,648.2 MiB,13005.7 MiB
5,g++-4.9 4.9.3,nbody_2.c 50000000,11,1695319741,2969915,nbody_2_g++-4.9,0:13.09,6496,1908,1736,100.0,0.0,1,5,0:13,0,12,556,0,235,0,1908,328,2,278,48,0,12.8,1.5,0.0,85.7,0.0,0.0,0.0,0.0,15794.9 MiB,4024.1 MiB,2199.9 MiB,9570.9 MiB,4096.0 MiB,3447.7 MiB,648.2 MiB,13005.4 MiB
5,g++-4.9 4.9.3,nbody_2.c 50000000,12,1695319742,2969915,nbody_2_g++-4.9,0:14.26,6496,1908,1736,93.8,0.0,1,1,0:14,0,12,556,0,235,0,1908,328,2,278,48,0,12.9,0.8,0.0,86.4,0.0,0.0,0.0,0.0,15794.9 MiB,4024.1 MiB,2199.9 MiB,9570.9 MiB,4096.0 MiB,3447.7 MiB,648.2 MiB,13005.4 MiB
5,g++-4.9 4.9.3,nbody_2.c 50000000,13,1695319743,2969915,nbody_2_g++-4.9,0:15.44,6496,1908,1736,100.0,0.0,1,1,0:15,0,12,556,0,235,0,1908,328,2,278,48,0,13.5,0.8,0.0,85.7,0.0,0.0,0.0,0.0,15794.9 MiB,4024.1 MiB,2199.9 MiB,9570.9 MiB,4096.0 MiB,3447.7 MiB,648.2 MiB,13005.4 MiB
5,g++-4.9 4.9.3,nbody_2.c 50000000,14,1695319744,2969915,nbody_2_g++-4.9,0:16.61,6496,1908,1736,100.0,0.0,1,1,0:16,0,12,556,0,235,0,1908,328,2,278,48,0,13.5,0.8,0.0,85.7,0.0,0.0,0.0,0.0,15794.9 MiB,4024.1 MiB,2199.9 MiB,9570.9 MiB,4096.0 MiB,3447.7 MiB,648.2 MiB,13005.4 MiB
5,g++-4.9 4.9.3,nbody_2.c 50000000,15,1695319746,2969915,nbody_2_g++-4.9,0:17.79,6496,1908,1736,100.0,0.0,1,1,0:17,0,12,556,0,235,0,1908,328,2,278,48,0,12.7,1.5,0.0,85.8,0.0,0.0,0.0,0.0,15794.9 MiB,4024.1 MiB,2199.9 MiB,9570.9 MiB,4096.0 MiB,3447.7 MiB,648.2 MiB,13005.4 MiB
5,g++-4.9 4.9.3,nbody_2.c 50000000,16,1695319747,2969915,nbody_2_g++-4.9,0:18.96,6496,1908,1736,93.8,0.0,1,1,0:18,0,12,556,0,235,0,1908,328,2,278,48,0,12.8,0.8,0.0,86.5,0.0,0.0,0.0,0.0,15794.9 MiB,4025.6 MiB,2198.4 MiB,9570.9 MiB,4096.0 MiB,3447.7 MiB,648.2 MiB,13006.9 MiB
5,g++-4.9 4.9.3,nbody_2.c 50000000,17,1695319748,2969915,nbody_2_g++-4.9,0:20.14,6496,1908,1736,100.0,0.0,1,1,0:20,0,12,556,0,235,0,1908,328,2,278,48,0,12.9,0.8,0.0,86.4,0.0,0.0,0.0,0.0,15794.9 MiB,4024.8 MiB,2199.2 MiB,9570.9 MiB,4096.0 MiB,3447.7 MiB,648.2 MiB,13006.2 MiB
5,g++-4.9 4.9.3,nbody_2.c 50000000,18,1695319749,2969915,nbody_2_g++-4.9,0:21.31,6496,1908,1736,93.8,0.0,1,1,0:21,0,12,556,0,235,0,1908,328,2,278,48,0,12.9,0.8,0.0,86.4,0.0,0.0,0.0,0.0,15794.9 MiB,4024.3 MiB,2199.7 MiB,9570.9 MiB,4096.0 MiB,3447.7 MiB,648.2 MiB,13005.7 MiB
5,g++-4.9 4.9.3,nbody_2.c 50000000,19,1695319750,2969915,nbody_2_g++-4.9,0:22.49,6496,1908,1736,100.0,0.0,1,1,0:22,0,12,556,0,235,0,1908,328,2,278,48,0,13.4,1.5,0.0,85.1,0.0,0.0,0.0,0.0,15794.9 MiB,4023.6 MiB,2200.4 MiB,9570.9 MiB,4096.0 MiB,3447.7 MiB,648.2 MiB,13004.9 MiB
5,g++-4.9 4.9.3,nbody_2.c 50000000,20,1695319751,2969915,nbody_2_g++-4.9,0:23.66,6496,1908,1736,100.0,0.0,1,1,0:23,0,12,556,0,235,0,1908,328,2,278,48,0,12.9,0.8,0.0,86.4,0.0,0.0,0.0,0.0,15794.9 MiB,4023.6 MiB,2200.4 MiB,9570.9 MiB,4096.0 MiB,3447.7 MiB,648.2 MiB,13004.9 MiB
5,g++-4.9 4.9.3,nbody_2.c 50000000,21,1695319753,2969915,nbody_2_g++-4.9,0:24.84,6496,1908,1736,100.0,0.0,1,1,0:24,0,12,556,0,235,0,1908,328,2,278,48,0,12.9,0.8,0.0,86.4,0.0,0.0,0.0,0.0,15794.9 MiB,4023.1 MiB,2200.9 MiB,9570.9 MiB,4096.0 MiB,3447.7 MiB,648.2 MiB,13004.5 MiB
5,g++-4.9 4.9.3,nbody_2.c 50000000,22,1695319754,2969915,nbody_2_g++-4.9,0:26.01,6496,1908,1736,100.0,0.0,1,1,0:26,0,12,556,0,235,0,1908,328,2,278,48,0,13.5,0.8,0.0,85.7,0.0,0.0,0.0,0.0,15794.9 MiB,4023.1 MiB,2200.9 MiB,9570.9 MiB,4096.0 MiB,3447.7 MiB,648.2 MiB,13004.5 MiB
5,g++-4.9 4.9.3,nbody_2.c 50000000,23,1695319755,2969915,nbody_2_g++-4.9,0:27.19,6496,1908,1736,100.0,0.0,1,1,0:27,0,12,556,0,235,0,1908,328,2,278,48,0,12.8,1.5,0.0,85.7,0.0,0.0,0.0,0.0,15794.9 MiB,4023.6 MiB,2200.4 MiB,9570.9 MiB,4096.0 MiB,3447.7 MiB,648.2 MiB,13005.0 MiB
5,g++-4.9 4.9.3,nbody_2.c 50000000,24,1695319756,2969915,nbody_2_g++-4.9,0:28.36,6496,1908,1736,100.0,0.0,1,1,0:28,0,12,556,0,235,0,1908,328,2,278,48,0,13.5,0.8,0.0,85.7,0.0,0.0,0.0,0.0,15794.9 MiB,4023.4 MiB,2200.6 MiB,9570.9 MiB,4096.0 MiB,3447.7 MiB,648.2 MiB,13004.7 MiB
5,g++-4.9 4.9.3,nbody_2.c 50000000,25,1695319757,2969915,nbody_2_g++-4.9,0:29.54,6496,1908,1736,100.0,0.0,1,5,0:29,0,12,556,0,235,0,1908,328,2,278,48,0,12.1,0.8,0.0,87.1,0.0,0.0,0.0,0.0,15794.9 MiB,4023.4 MiB,2200.6 MiB,9570.9 MiB,4096.0 MiB,3447.7 MiB,648.2 MiB,13004.7 MiB
5,g++-4.9 4.9.3,nbody_2.c 50000000,26,1695319759,2969915,nbody_2_g++-4.9,0:30.71,6496,1908,1736,100.0,0.0,1,5,0:30,0,12,556,0,235,0,1908,328,2,278,48,0,12.9,0.8,0.0,86.4,0.0,0.0,0.0,0.0,15794.9 MiB,4023.1 MiB,2200.8 MiB,9570.9 MiB,4096.0 MiB,3447.7 MiB,648.2 MiB,13004.5 MiB
5,g++-4.9 4.9.3,nbody_2.c 50000000,27,1695319760,2969915,nbody_2_g++-4.9,0:31.88,6496,1908,1736,93.8,0.0,1,5,0:31,0,12,556,0,235,0,1908,328,2,278,48,0,12.1,1.5,0.0,86.4,0.0,0.0,0.0,0.0,15794.9 MiB,4023.1 MiB,2200.8 MiB,9570.9 MiB,4096.0 MiB,3447.7 MiB,648.2 MiB,13004.5 MiB
5,g++-4.9 4.9.3,nbody_2.c 50000000,28,1695319761,2969915,nbody_2_g++-4.9,0:33.06,6496,1908,1736,100.0,0.0,1,5,0:33,0,12,556,0,235,0,1908,328,2,278,48,0,12.8,0.8,0.0,86.5,0.0,0.0,0.0,0.0,15794.9 MiB,4023.1 MiB,2200.8 MiB,9570.9 MiB,4096.0 MiB,3447.7 MiB,648.2 MiB,13004.5 MiB
5,g++-4.9 4.9.3,nbody_2.c 50000000,29,1695319762,2969915,nbody_2_g++-4.9,0:34.24,6496,1908,1736,100.0,0.0,1,1,0:34,0,12,556,0,235,0,1908,328,2,278,48,0,13.4,1.5,0.0,85.1,0.0,0.0,0.0,0.0,15794.9 MiB,4023.4 MiB,2200.6 MiB,9570.9 MiB,4096.0 MiB,3447.7 MiB,648.2 MiB,13004.7 MiB
5,g++-4.9 4.9.3,nbody_2.c 50000000,30,1695319763,2969915,nbody_2_g++-4.9,0:35.41,6496,1908,1736,100.0,0.0,1,1,0:35,0,12,556,0,235,0,1908,328,2,278,48,0,13.5,0.8,0.0,85.7,0.0,0.0,0.0,0.0,15794.9 MiB,4022.6 MiB,2201.3 MiB,9571.0 MiB,4096.0 MiB,3447.7 MiB,648.2 MiB,13004.0 MiB
5,g++-4.9 4.9.3,nbody_2.c 50000000,31,1695319764,2969915,nbody_2_g++-4.9,0:36.58,6496,1908,1736,93.8,0.0,1,1,0:36,0,12,556,0,235,0,1908,328,2,278,48,0,12.1,0.8,0.0,87.1,0.0,0.0,0.0,0.0,15794.9 MiB,4023.1 MiB,2200.8 MiB,9570.9 MiB,4096.0 MiB,3447.7 MiB,648.2 MiB,13004.5 MiB
5,g++-4.9 4.9.3,nbody_2.c 50000000,32,1695319766,2969915,nbody_2_g++-4.9,0:37.76,6496,1908,1736,100.0,0.0,1,1,0:37,0,12,556,0,235,0,1908,328,2,278,48,0,13.4,0.7,0.0,85.8,0.0,0.0,0.0,0.0,15794.9 MiB,4021.9 MiB,2202.1 MiB,9570.9 MiB,4096.0 MiB,3447.7 MiB,648.2 MiB,13003.3 MiB
5,g++-4.9 4.9.3,nbody_2.c 50000000,33,1695319767,2969915,nbody_2_g++-4.9,0:38.93,6496,1908,1736,93.8,0.0,1,1,0:38,0,12,556,0,235,0,1908,328,2,278,48,0,12.9,0.8,0.0,86.4,0.0,0.0,0.0,0.0,15794.9 MiB,4022.1 MiB,2201.8 MiB,9570.9 MiB,4096.0 MiB,3447.7 MiB,648.2 MiB,13003.5 MiB
5,g++-4.9 4.9.3,nbody_2.c 50000000,34,1695319768,2969915,nbody_2_g++-4.9,0:40.11,6496,1908,1736,100.0,0.0,1,1,0:40,0,12,556,0,235,0,1908,328,2,278,48,0,12.9,0.8,0.0,86.4,0.0,0.0,0.0,0.0,15794.9 MiB,4021.6 MiB,2202.3 MiB,9570.9 MiB,4096.0 MiB,3447.7 MiB,648.2 MiB,13003.0 MiB
5,g++-4.9 4.9.3,nbody_2.c 50000000,35,1695319769,2969915,nbody_2_g++-4.9,0:41.28,6496,1908,1736,100.0,0.0,1,5,0:41,0,12,556,0,235,0,1908,328,2,278,48,0,12.8,1.5,0.0,85.7,0.0,0.0,0.0,0.0,15794.9 MiB,4022.1 MiB,2201.8 MiB,9570.9 MiB,4096.0 MiB,3447.7 MiB,648.2 MiB,13003.5 MiB
5,g++-4.9 4.9.3,nbody_2.c 50000000,36,1695319770,2969915,nbody_2_g++-4.9,0:42.46,6496,1908,1736,100.0,0.0,1,1,0:42,0,12,556,0,235,0,1908,328,2,278,48,0,12.9,0.8,0.0,86.4,0.0,0.0,0.0,0.0,15794.9 MiB,4022.1 MiB,2201.8 MiB,9570.9 MiB,4096.0 MiB,3447.7 MiB,648.2 MiB,13003.5 MiB
5,g++-4.9 4.9.3,nbody_2.c 50000000,37,1695319771,2969915,nbody_2_g++-4.9,0:43.63,6496,1908,1736,93.8,0.0,1,1,0:43,0,12,556,0,235,0,1908,328,2,278,48,0,12.8,0.8,0.0,86.5,0.0,0.0,0.0,0.0,15794.9 MiB,4022.1 MiB,2201.8 MiB,9570.9 MiB,4096.0 MiB,3447.7 MiB,648.2 MiB,13003.5 MiB
5,g++-4.9 4.9.3,nbody_2.c 50000000,38,1695319773,2969915,nbody_2_g++-4.9,0:44.81,6496,1908,1736,100.0,0.0,1,1,0:44,0,12,556,0,235,0,1908,328,2,278,48,0,13.4,0.7,0.0,85.8,0.0,0.0,0.0,0.0,15794.9 MiB,4021.4 MiB,2202.6 MiB,9570.9 MiB,4096.0 MiB,3447.7 MiB,648.2 MiB,13002.8 MiB
5,g++-4.9 4.9.3,nbody_2.c 50000000,39,1695319774,2969915,nbody_2_g++-4.9,0:45.98,6496,1908,1736,100.0,0.0,1,1,0:45,0,12,556,0,235,0,1908,328,2,278,48,0,13.5,0.8,0.0,85.7,0.0,0.0,0.0,0.0,15794.9 MiB,4021.2 MiB,2202.8 MiB,9570.9 MiB,4096.0 MiB,3447.7 MiB,648.2 MiB,13002.5 MiB
5,g++-4.9 4.9.3,nbody_2.c 50000000,40,1695319775,2969915,nbody_2_g++-4.9,0:47.16,6496,1908,1736,100.0,0.0,1,1,0:47,0,12,556,0,235,0,1908,328,2,278,48,0,12.8,0.8,0.0,85.7,0.8,0.0,0.0,0.0,15794.9 MiB,4021.2 MiB,2202.8 MiB,9570.9 MiB,4096.0 MiB,3447.7 MiB,648.2 MiB,13002.5 MiB
5,g++-4.9 4.9.3,nbody_2.c 50000000,41,1695319776,2969915,nbody_2_g++-4.9,0:48.33,6496,1908,1736,93.8,0.0,1,1,0:48,0,12,556,0,235,0,1908,328,2,278,48,0,12.2,0.8,0.0,87.0,0.0,0.0,0.0,0.0,15794.9 MiB,4022.9 MiB,2201.1 MiB,9570.9 MiB,4096.0 MiB,3447.7 MiB,648.2 MiB,13004.3 MiB
5,g++-4.9 4.9.3,nbody_2.c 50000000,42,1695319777,2969915,nbody_2_g++-4.9,0:49.51,6496,1908,1736,100.0,0.0,1,1,0:49,0,12,556,0,235,0,1908,328,2,278,48,0,13.4,1.5,0.0,85.1,0.0,0.0,0.0,0.0,15794.9 MiB,4022.6 MiB,2201.3 MiB,9570.9 MiB,4096.0 MiB,3447.7 MiB,648.2 MiB,13004.0 MiB
5,g++-4.9 4.9.3,nbody_2.c 50000000,43,1695319778,2969915,nbody_2_g++-4.9,0:50.68,6496,1908,1736,100.0,0.0,1,1,0:50,0,12,556,0,235,0,1908,328,2,278,48,0,12.7,1.5,0.0,85.8,0.0,0.0,0.0,0.0,15794.9 MiB,4022.1 MiB,2201.8 MiB,9570.9 MiB,4096.0 MiB,3447.7 MiB,648.2 MiB,13003.5 MiB
5,g++-4.9 4.9.3,nbody_2.c 50000000,44,1695319780,2969915,nbody_2_g++-4.9,0:51.86,6496,1908,1736,100.0,0.0,1,1,0:51,0,12,556,0,235,0,1908,328,2,278,48,0,13.5,0.8,0.0,85.7,0.0,0.0,0.0,0.0,15794.9 MiB,4022.1 MiB,2201.8 MiB,9570.9 MiB,4096.0 MiB,3447.7 MiB,648.2 MiB,13003.5 MiB
5,g++-4.9 4.9.3,nbody_2.c 50000000,45,1695319781,2969915,nbody_2_g++-4.9,0:53.03,6496,1908,1736,93.8,0.0,1,1,0:53,0,12,556,0,235,0,1908,328,2,278,48,0,12.8,1.5,0.0,85.7,0.0,0.0,0.0,0.0,15794.9 MiB,4022.1 MiB,2201.8 MiB,9570.9 MiB,4096.0 MiB,3447.7 MiB,648.2 MiB,13003.5 MiB
5,g++-4.9 4.9.3,nbody_2.c 50000000,46,1695319782,2969915,nbody_2_g++-4.9,0:54.21,6496,1908,1736,100.0,0.0,1,1,0:54,0,12,556,0,235,0,1908,328,2,278,48,0,12.8,1.5,0.0,85.7,0.0,0.0,0.0,0.0,15794.9 MiB,4021.4 MiB,2202.5 MiB,9570.9 MiB,4096.0 MiB,3447.7 MiB,648.2 MiB,13002.8 MiB
5,g++-4.9 4.9.3,nbody_2.c 50000000,47,1695319783,2969915,nbody_2_g++-4.9,0:55.38,6496,1908,1736,100.0,0.0,1,1,0:55,0,12,556,0,235,0,1908,328,2,278,48,0,12.7,1.5,0.0,85.8,0.0,0.0,0.0,0.0,15794.9 MiB,4021.4 MiB,2202.5 MiB,9570.9 MiB,4096.0 MiB,3447.7 MiB,648.2 MiB,13002.8 MiB
5,g++-4.9 4.9.3,nbody_2.c 50000000,48,1695319784,2969915,nbody_2_g++-4.9,0:56.56,6496,1908,1736,100.0,0.0,1,1,0:56,0,12,556,0,235,0,1908,328,2,278,48,0,12.8,1.5,0.0,85.7,0.0,0.0,0.0,0.0,15794.9 MiB,4021.6 MiB,2202.3 MiB,9570.9 MiB,4096.0 MiB,3447.7 MiB,648.2 MiB,13003.1 MiB
5,g++-4.9 4.9.3,nbody_2.c 50000000,49,1695319786,2969915,nbody_2_g++-4.9,0:57.74,6496,1908,1736,100.0,0.0,1,1,0:57,0,12,556,0,235,0,1908,328,2,278,48,0,13.4,0.7,0.0,85.1,0.7,0.0,0.0,0.0,15794.9 MiB,4021.6 MiB,2202.3 MiB,9570.9 MiB,4096.0 MiB,3447.7 MiB,648.2 MiB,13003.1 MiB
5,g++-4.9 4.9.3,nbody_2.c 50000000,50,1695319787,2969915,nbody_2_g++-4.9,0:58.91,6496,1908,1736,100.0,0.0,1,1,0:58,0,12,556,0,235,0,1908,328,2,278,48,0,12.7,1.5,0.0,85.8,0.0,0.0,0.0,0.0,15794.9 MiB,4021.4 MiB,2202.5 MiB,9570.9 MiB,4096.0 MiB,3447.7 MiB,648.2 MiB,13002.8 MiB
5,g++-4.9 4.9.3,nbody_2.c 50000000,51,1695319788,2969915,nbody_2_g++-4.9,1:00.08,6496,1908,1736,100.0,0.0,1,1,1:00,0,12,556,0,235,0,1908,328,2,278,48,0,13.4,1.5,0.0,85.1,0.0,0.0,0.0,0.0,15794.9 MiB,4021.2 MiB,2202.8 MiB,9570.9 MiB,4096.0 MiB,3447.7 MiB,648.2 MiB,13002.6 MiB
5,g++-4.9 4.9.3,nbody_2.c 50000000,52,1695319789,2969915,nbody_2_g++-4.9,1:01.25,6496,1908,1736,100.0,0.0,1,1,1:01,0,12,556,0,235,0,1908,328,2,278,48,0,12.9,0.8,0.0,86.4,0.0,0.0,0.0,0.0,15794.9 MiB,4021.2 MiB,2202.8 MiB,9570.9 MiB,4096.0 MiB,3447.7 MiB,648.2 MiB,13002.6 MiB
5,g++-4.9 4.9.3,nbody_2.c 50000000,53,1695319790,2969915,nbody_2_g++-4.9,1:02.43,6496,1908,1736,100.0,0.0,1,1,1:02,0,12,556,0,235,0,1908,328,2,278,48,0,12.7,1.5,0.0,85.8,0.0,0.0,0.0,0.0,15794.9 MiB,4020.9 MiB,2203.0 MiB,9570.9 MiB,4096.0 MiB,3447.7 MiB,648.2 MiB,13002.3 MiB
5,g++-4.9 4.9.3,nbody_2.c 50000000,54,1695319791,2969915,nbody_2_g++-4.9,1:03.61,6496,1908,1736,100.0,0.0,1,1,1:03,0,12,556,0,235,0,1908,328,2,278,48,0,12.8,1.5,0.0,85.7,0.0,0.0,0.0,0.0,15794.9 MiB,4020.2 MiB,2203.7 MiB,9571.0 MiB,4096.0 MiB,3447.7 MiB,648.2 MiB,13001.6 MiB
5,g++-4.9 4.9.3,nbody_2.c 50000000,55,1695319793,2969915,nbody_2_g++-4.9,1:04.78,6496,1908,1736,93.8,0.0,1,1,1:04,0,12,556,0,235,0,1908,328,2,278,48,0,13.3,1.5,0.0,85.2,0.0,0.0,0.0,0.0,15794.9 MiB,4020.4 MiB,2203.5 MiB,9571.0 MiB,4096.0 MiB,3447.7 MiB,648.2 MiB,13001.8 MiB
5,g++-4.9 4.9.3,nbody_2.c 50000000,56,1695319794,2969915,nbody_2_g++-4.9,1:05.96,6496,1908,1736,100.0,0.0,1,1,1:05,0,12,556,0,235,0,1908,328,2,278,48,0,13.4,0.7,0.0,85.8,0.0,0.0,0.0,0.0,15794.9 MiB,4020.7 MiB,2203.2 MiB,9571.0 MiB,4096.0 MiB,3447.7 MiB,648.2 MiB,13002.1 MiB
5,g++-4.9 4.9.3,nbody_2.c 50000000,57,1695319795,2969915,nbody_2_g++-4.9,1:07.13,6496,1908,1736,100.0,0.0,1,1,1:07,0,12,556,0,235,0,1908,328,2,278,48,0,13.0,0.0,0.0,87.0,0.0,0.0,0.0,0.0,15794.9 MiB,4020.7 MiB,2203.2 MiB,9571.0 MiB,4096.0 MiB,3447.7 MiB,648.2 MiB,13002.1 MiB
5,g++-4.9 4.9.3,nbody_2.c 50000000,58,1695319796,2969915,nbody_2_g++-4.9,1:08.31,6496,1908,1736,100.0,0.0,1,1,1:08,0,12,556,0,235,0,1908,328,2,278,48,0,12.9,0.8,0.0,86.4,0.0,0.0,0.0,0.0,15794.9 MiB,4021.2 MiB,2202.8 MiB,9571.0 MiB,4096.0 MiB,3447.7 MiB,648.2 MiB,13002.6 MiB
5,g++-4.9 4.9.3,nbody_2.c 50000000,59,1695319797,2969915,nbody_2_g++-4.9,1:09.48,6496,1908,1736,100.0,0.0,1,1,1:09,0,12,556,0,235,0,1908,328,2,278,48,0,14.2,0.7,0.0,85.1,0.0,0.0,0.0,0.0,15794.9 MiB,4021.4 MiB,2202.5 MiB,9571.0 MiB,4096.0 MiB,3447.7 MiB,648.2 MiB,13002.8 MiB
5,g++-4.9 4.9.3,nbody_2.c 50000000,60,1695319798,2969915,nbody_2_g++-4.9,1:10.65,6496,1908,1736,100.0,0.0,1,1,1:10,0,12,556,0,235,0,1908,328,2,278,48,0,12.2,0.8,0.0,87.0,0.0,0.0,0.0,0.0,15794.9 MiB,4021.6 MiB,2202.3 MiB,9571.0 MiB,4096.0 MiB,3447.7 MiB,648.2 MiB,13003.1 MiB
5,g++-4.9 4.9.3,nbody_2.c 50000000,61,1695319800,2969915,nbody_2_g++-4.9,1:11.83,6496,1908,1736,100.0,0.0,1,1,1:11,0,12,556,0,235,0,1908,328,2,278,48,0,13.5,0.8,0.0,85.7,0.0,0.0,0.0,0.0,15794.9 MiB,4021.4 MiB,2202.7 MiB,9570.8 MiB,4096.0 MiB,3447.7 MiB,648.2 MiB,13002.8 MiB
5,g++-4.9 4.9.3,nbody_2.c 50000000,62,1695319801,2969915,nbody_2_g++-4.9,1:13.01,6496,1908,1736,100.0,0.0,1,1,1:13,0,12,556,0,235,0,1908,328,2,278,48,0,13.4,0.7,0.0,85.8,0.0,0.0,0.0,0.0,15794.9 MiB,4021.2 MiB,2202.8 MiB,9570.8 MiB,4096.0 MiB,3447.7 MiB,648.2 MiB,13002.6 MiB
5,g++-4.9 4.9.3,nbody_2.c 50000000,63,1695319802,2969915,nbody_2_g++-4.9,1:14.18,6496,1908,1736,100.0,0.0,1,1,1:14,0,12,556,0,235,0,1908,328,2,278,48,0,12.9,0.8,0.0,86.4,0.0,0.0,0.0,0.0,15794.9 MiB,4021.9 MiB,2202.1 MiB,9570.8 MiB,4096.0 MiB,3447.7 MiB,648.2 MiB,13003.4 MiB
5,g++-4.9 4.9.3,nbody_2.c 50000000,64,1695319803,2969915,nbody_2_g++-4.9,1:15.35,6496,1908,1736,93.8,0.0,1,1,1:15,0,12,556,0,235,0,1908,328,2,278,48,0,12.9,0.8,0.0,86.4,0.0,0.0,0.0,0.0,15794.9 MiB,4021.4 MiB,2202.6 MiB,9570.8 MiB,4096.0 MiB,3447.7 MiB,648.2 MiB,13002.9 MiB
5,g++-4.9 4.9.3,nbody_2.c 50000000,65,1695319804,2969915,nbody_2_g++-4.9,1:16.53,6496,1908,1736,100.0,0.0,1,1,1:16,0,12,556,0,235,0,1908,328,2,278,48,0,12.9,0.8,0.0,86.4,0.0,0.0,0.0,0.0,15794.9 MiB,4021.9 MiB,2202.1 MiB,9570.8 MiB,4096.0 MiB,3447.7 MiB,648.2 MiB,13003.4 MiB
5,g++-4.9 4.9.3,nbody_2.c 50000000,66,1695319806,2969915,nbody_2_g++-4.9,1:17.70,6496,1908,1736,93.8,0.0,1,5,1:17,0,12,556,0,235,0,1908,328,2,278,48,0,12.2,0.8,0.0,87.0,0.0,0.0,0.0,0.0,15794.9 MiB,4022.4 MiB,2201.6 MiB,9570.8 MiB,4096.0 MiB,3447.7 MiB,648.2 MiB,13003.9 MiB
5,g++-4.9 4.9.3,nbody_2.c 50000000,67,1695319807,2969915,nbody_2_g++-4.9,1:18.88,6496,1908,1736,100.0,0.0,1,5,1:18,0,12,556,0,235,0,1908,328,2,278,48,0,12.9,0.8,0.0,85.6,0.0,0.0,0.8,0.0,15794.9 MiB,4024.2 MiB,2199.9 MiB,9570.8 MiB,4096.0 MiB,3447.7 MiB,648.2 MiB,13005.6 MiB
5,g++-4.9 4.9.3,nbody_2.c 50000000,68,1695319808,2969915,nbody_2_g++-4.9,1:20.05,6496,1908,1736,100.0,0.0,1,1,1:20,0,12,556,0,235,0,1908,328,2,278,48,0,12.9,0.8,0.0,86.4,0.0,0.0,0.0,0.0,15794.9 MiB,4024.4 MiB,2199.6 MiB,9570.9 MiB,4096.0 MiB,3447.7 MiB,648.2 MiB,13005.8 MiB
5,g++-4.9 4.9.3,nbody_2.c 50000000,69,1695319809,2969915,nbody_2_g++-4.9,1:21.23,6496,1908,1736,100.0,0.0,1,1,1:21,0,12,556,0,235,0,1908,328,2,278,48,0,12.9,0.8,0.0,86.4,0.0,0.0,0.0,0.0,15794.9 MiB,4023.9 MiB,2200.1 MiB,9570.9 MiB,4096.0 MiB,3447.7 MiB,648.2 MiB,13005.4 MiB
5,g++-4.9 4.9.3,nbody_2.c 50000000,70,1695319810,2969915,nbody_2_g++-4.9,1:22.40,6496,1908,1736,93.8,0.0,1,1,1:22,0,12,556,0,235,0,1908,328,2,278,48,0,12.9,0.8,0.0,86.4,0.0,0.0,0.0,0.0,15794.9 MiB,4023.9 MiB,2200.1 MiB,9570.9 MiB,4096.0 MiB,3447.7 MiB,648.2 MiB,13005.4 MiB
5,g++-4.9 4.9.3,nbody_2.c 50000000,71,1695319811,2969915,nbody_2_g++-4.9,1:23.58,6496,1908,1736,100.0,0.0,1,1,1:23,0,12,556,0,235,0,1908,328,2,278,48,0,13.5,0.8,0.0,85.7,0.0,0.0,0.0,0.0,15794.9 MiB,4023.9 MiB,2200.1 MiB,9570.9 MiB,4096.0 MiB,3447.7 MiB,648.2 MiB,13005.4 MiB
5,g++-4.9 4.9.3,nbody_2.c 50000000,72,1695319813,2969915,nbody_2_g++-4.9,1:24.75,6496,1908,1736,100.0,0.0,1,1,1:24,0,12,556,0,235,0,1908,328,2,278,48,0,13.4,0.7,0.0,85.8,0.0,0.0,0.0,0.0,15794.9 MiB,4023.7 MiB,2200.3 MiB,9570.9 MiB,4096.0 MiB,3447.7 MiB,648.2 MiB,13005.1 MiB
5,g++-4.9 4.9.3,nbody_2.c 50000000,73,1695319814,2969915,nbody_2_g++-4.9,1:25.93,6496,1908,1736,100.0,0.0,1,1,1:25,0,12,556,0,235,0,1908,328,2,278,48,0,13.4,1.5,0.0,85.1,0.0,0.0,0.0,0.0,15794.9 MiB,4023.7 MiB,2200.3 MiB,9570.9 MiB,4096.0 MiB,3447.7 MiB,648.2 MiB,13005.1 MiB
5,g++-4.9 4.9.3,nbody_2.c 50000000,74,1695319815,2969915,nbody_2_g++-4.9,1:27.10,6496,1908,1736,93.8,0.0,1,1,1:27,0,12,556,0,235,0,1908,328,2,278,48,0,12.8,1.5,0.0,85.0,0.8,0.0,0.0,0.0,15794.9 MiB,4023.4 MiB,2200.6 MiB,9570.9 MiB,4096.0 MiB,3447.7 MiB,648.2 MiB,13004.9 MiB
5,g++-4.9 4.9.3,nbody_2.c 50000000,75,1695319816,2969915,nbody_2_g++-4.9,1:28.28,6496,1908,1736,100.0,0.0,1,1,1:28,0,12,556,0,235,0,1908,328,2,278,48,0,12.9,0.8,0.0,86.4,0.0,0.0,0.0,0.0,15794.9 MiB,4023.4 MiB,2200.6 MiB,9570.9 MiB,4096.0 MiB,3447.7 MiB,648.2 MiB,13004.9 MiB
5,g++-4.9 4.9.3,nbody_2.c 50000000,76,1695319817,2969915,nbody_2_g++-4.9,1:29.45,6496,1908,1736,100.0,0.0,1,1,1:29,0,12,556,0,235,0,1908,328,3,277,48,0,12.9,0.8,0.0,86.4,0.0,0.0,0.0,0.0,15794.9 MiB,4023.4 MiB,2200.6 MiB,9570.9 MiB,4096.0 MiB,3447.7 MiB,648.2 MiB,13004.9 MiB
6,g++-4.9 4.9.3,nbody_2.c 50000000,0,1695319818,2970390,nbody_2_g++-4.9,0:00.16,6496,1908,1736,100.0,0.0,1,6,0:00,0,12,556,0,235,0,1908,328,2,278,48,0,13.7,0.0,0.0,86.3,0.0,0.0,0.0,0.0,15794.9 MiB,4016.5 MiB,2200.3 MiB,9578.0 MiB,4096.0 MiB,3447.7 MiB,648.2 MiB,12998.0 MiB
6,g++-4.9 4.9.3,nbody_2.c 50000000,1,1695319820,2970390,nbody_2_g++-4.9,0:01.33,6496,1908,1736,93.8,0.0,1,6,0:01,0,12,556,0,235,0,1908,328,2,278,48,0,12.9,0.8,0.0,86.4,0.0,0.0,0.0,0.0,15794.9 MiB,4016.8 MiB,2200.1 MiB,9578.0 MiB,4096.0 MiB,3447.7 MiB,648.2 MiB,12998.2 MiB
6,g++-4.9 4.9.3,nbody_2.c 50000000,2,1695319821,2970390,nbody_2_g++-4.9,0:02.51,6496,1908,1736,100.0,0.0,1,6,0:02,0,12,556,0,235,0,1908,328,2,278,48,0,13.5,1.5,0.0,84.2,0.8,0.0,0.0,0.0,15794.9 MiB,4023.4 MiB,2200.3 MiB,9571.1 MiB,4096.0 MiB,3447.7 MiB,648.2 MiB,13004.9 MiB
6,g++-4.9 4.9.3,nbody_2.c 50000000,3,1695319822,2970390,nbody_2_g++-4.9,0:03.69,6496,1908,1736,100.0,0.0,1,6,0:03,0,12,556,0,235,0,1908,328,2,278,48,0,12.7,1.5,0.0,85.8,0.0,0.0,0.0,0.0,15794.9 MiB,4022.9 MiB,2200.9 MiB,9571.0 MiB,4096.0 MiB,3447.7 MiB,648.2 MiB,13004.4 MiB
6,g++-4.9 4.9.3,nbody_2.c 50000000,4,1695319823,2970390,nbody_2_g++-4.9,0:04.86,6496,1908,1736,100.0,0.0,1,6,0:04,0,12,556,0,235,0,1908,328,2,278,48,0,13.5,0.8,0.0,85.7,0.0,0.0,0.0,0.0,15794.9 MiB,4023.9 MiB,2200.0 MiB,9571.0 MiB,4096.0 MiB,3447.7 MiB,648.2 MiB,13005.4 MiB
6,g++-4.9 4.9.3,nbody_2.c 50000000,5,1695319824,2970390,nbody_2_g++-4.9,0:06.03,6496,1908,1736,93.8,0.0,1,6,0:06,0,12,556,0,235,0,1908,328,2,278,48,0,12.8,1.5,0.0,85.7,0.0,0.0,0.0,0.0,15794.9 MiB,4023.7 MiB,2200.2 MiB,9571.0 MiB,4096.0 MiB,3447.7 MiB,648.2 MiB,13005.1 MiB
6,g++-4.9 4.9.3,nbody_2.c 50000000,6,1695319825,2970390,nbody_2_g++-4.9,0:07.22,6496,1908,1736,100.0,0.0,1,6,0:07,0,12,556,0,235,0,1908,328,2,278,48,0,13.5,0.7,0.0,85.1,0.0,0.0,0.7,0.0,15794.9 MiB,4023.7 MiB,2200.2 MiB,9571.0 MiB,4096.0 MiB,3447.7 MiB,648.2 MiB,13005.1 MiB
6,g++-4.9 4.9.3,nbody_2.c 50000000,7,1695319827,2970390,nbody_2_g++-4.9,0:08.39,6496,1908,1736,93.8,0.0,1,6,0:08,0,12,556,0,235,0,1908,328,2,278,48,0,12.7,0.7,0.0,85.1,0.0,0.0,1.5,0.0,15794.9 MiB,4023.9 MiB,2199.9 MiB,9571.0 MiB,4096.0 MiB,3447.7 MiB,648.2 MiB,13005.4 MiB
6,g++-4.9 4.9.3,nbody_2.c 50000000,8,1695319828,2970390,nbody_2_g++-4.9,0:09.57,6496,1908,1736,100.0,0.0,1,6,0:09,0,12,556,0,235,0,1908,328,2,278,48,0,12.8,1.5,0.0,85.7,0.0,0.0,0.0,0.0,15794.9 MiB,4024.2 MiB,2199.7 MiB,9571.0 MiB,4096.0 MiB,3447.7 MiB,648.2 MiB,13005.6 MiB
6,g++-4.9 4.9.3,nbody_2.c 50000000,9,1695319829,2970390,nbody_2_g++-4.9,0:10.75,6496,1908,1736,100.0,0.0,1,6,0:10,0,12,556,0,235,0,1908,328,2,278,48,0,13.6,0.8,0.0,85.6,0.0,0.0,0.0,0.0,15794.9 MiB,4024.9 MiB,2199.0 MiB,9571.0 MiB,4096.0 MiB,3447.7 MiB,648.2 MiB,13006.4 MiB
6,g++-4.9 4.9.3,nbody_2.c 50000000,10,1695319830,2970390,nbody_2_g++-4.9,0:11.92,6496,1908,1736,100.0,0.0,1,6,0:11,0,12,556,0,235,0,1908,329,2,279,48,0,13.3,1.5,0.0,85.2,0.0,0.0,0.0,0.0,15794.9 MiB,4024.9 MiB,2199.0 MiB,9571.0 MiB,4096.0 MiB,3447.7 MiB,648.2 MiB,13006.4 MiB
6,g++-4.9 4.9.3,nbody_2.c 50000000,11,1695319831,2970390,nbody_2_g++-4.9,0:13.10,6496,1908,1736,100.0,0.0,1,6,0:13,0,12,556,0,235,0,1908,329,2,279,48,0,12.9,0.8,0.0,86.4,0.0,0.0,0.0,0.0,15794.9 MiB,4024.4 MiB,2199.5 MiB,9571.0 MiB,4096.0 MiB,3447.7 MiB,648.2 MiB,13005.9 MiB
6,g++-4.9 4.9.3,nbody_2.c 50000000,12,1695319833,2970390,nbody_2_g++-4.9,0:14.27,6496,1908,1736,100.0,0.0,1,6,0:14,0,12,556,0,235,0,1908,329,2,279,48,0,12.8,1.5,0.0,85.7,0.0,0.0,0.0,0.0,15794.9 MiB,4024.4 MiB,2199.5 MiB,9571.0 MiB,4096.0 MiB,3447.7 MiB,648.2 MiB,13005.9 MiB
6,g++-4.9 4.9.3,nbody_2.c 50000000,13,1695319834,2970390,nbody_2_g++-4.9,0:15.45,6496,1908,1736,100.0,0.0,1,6,0:15,0,12,556,0,235,0,1908,328,2,278,48,0,13.3,1.5,0.0,85.2,0.0,0.0,0.0,0.0,15794.9 MiB,4024.2 MiB,2199.7 MiB,9571.0 MiB,4096.0 MiB,3447.7 MiB,648.2 MiB,13005.6 MiB
6,g++-4.9 4.9.3,nbody_2.c 50000000,14,1695319835,2970390,nbody_2_g++-4.9,0:16.62,6496,1908,1736,100.0,0.0,1,6,0:16,0,12,556,0,235,0,1908,328,2,278,48,0,13.4,0.7,0.0,85.8,0.0,0.0,0.0,0.0,15794.9 MiB,4024.2 MiB,2199.7 MiB,9571.0 MiB,4096.0 MiB,3447.7 MiB,648.2 MiB,13005.6 MiB
6,g++-4.9 4.9.3,nbody_2.c 50000000,15,1695319836,2970390,nbody_2_g++-4.9,0:17.80,6496,1908,1736,100.0,0.0,1,6,0:17,0,12,556,0,235,0,1908,328,2,278,48,0,12.9,1.5,0.0,85.6,0.0,0.0,0.0,0.0,15794.9 MiB,4024.9 MiB,2199.0 MiB,9571.0 MiB,4096.0 MiB,3447.7 MiB,648.2 MiB,13006.4 MiB
6,g++-4.9 4.9.3,nbody_2.c 50000000,16,1695319837,2970390,nbody_2_g++-4.9,0:18.97,6496,1908,1736,100.0,0.0,1,6,0:18,0,12,556,0,235,0,1908,328,2,278,48,0,12.8,1.5,0.0,85.7,0.0,0.0,0.0,0.0,15794.9 MiB,4025.4 MiB,2198.5 MiB,9571.0 MiB,4096.0 MiB,3447.7 MiB,648.2 MiB,13006.9 MiB
6,g++-4.9 4.9.3,nbody_2.c 50000000,17,1695319838,2970390,nbody_2_g++-4.9,0:20.15,6496,1908,1736,100.0,0.0,1,6,0:20,0,12,556,0,235,0,1908,328,2,278,48,0,12.8,0.8,0.0,86.5,0.0,0.0,0.0,0.0,15794.9 MiB,4025.2 MiB,2198.7 MiB,9571.0 MiB,4096.0 MiB,3447.7 MiB,648.2 MiB,13006.6 MiB
6,g++-4.9 4.9.3,nbody_2.c 50000000,18,1695319840,2970390,nbody_2_g++-4.9,0:21.32,6496,1908,1736,100.0,0.0,1,6,0:21,0,12,556,0,235,0,1908,328,2,278,48,0,12.2,0.8,0.0,87.0,0.0,0.0,0.0,0.0,15794.9 MiB,4025.4 MiB,2198.5 MiB,9571.0 MiB,4096.0 MiB,3447.7 MiB,648.2 MiB,13006.9 MiB
6,g++-4.9 4.9.3,nbody_2.c 50000000,19,1695319841,2970390,nbody_2_g++-4.9,0:22.49,6496,1908,1736,93.8,0.0,1,6,0:22,0,12,556,0,235,0,1908,328,2,278,48,0,13.0,0.8,0.0,86.3,0.0,0.0,0.0,0.0,15794.9 MiB,4025.6 MiB,2198.2 MiB,9571.0 MiB,4096.0 MiB,3447.7 MiB,648.2 MiB,13007.1 MiB
6,g++-4.9 4.9.3,nbody_2.c 50000000,20,1695319842,2970390,nbody_2_g++-4.9,0:23.67,6496,1908,1736,100.0,0.0,1,6,0:23,0,12,556,0,235,0,1908,328,2,278,48,0,12.2,0.0,0.0,87.8,0.0,0.0,0.0,0.0,15794.9 MiB,4026.6 MiB,2197.2 MiB,9571.0 MiB,4096.0 MiB,3447.7 MiB,648.2 MiB,13008.1 MiB
6,g++-4.9 4.9.3,nbody_2.c 50000000,21,1695319843,2970390,nbody_2_g++-4.9,0:24.84,6496,1908,1736,93.8,0.0,1,6,0:24,0,12,556,0,235,0,1908,329,2,279,48,0,12.2,1.5,0.0,86.3,0.0,0.0,0.0,0.0,15794.9 MiB,4026.4 MiB,2197.5 MiB,9571.0 MiB,4096.0 MiB,3447.7 MiB,648.2 MiB,13007.9 MiB
6,g++-4.9 4.9.3,nbody_2.c 50000000,22,1695319844,2970390,nbody_2_g++-4.9,0:26.01,6496,1908,1736,93.8,0.0,1,6,0:26,0,12,556,0,235,0,1908,329,2,279,48,0,13.6,0.8,0.0,85.6,0.0,0.0,0.0,0.0,15794.9 MiB,4026.4 MiB,2197.5 MiB,9571.0 MiB,4096.0 MiB,3447.7 MiB,648.2 MiB,13007.9 MiB
6,g++-4.9 4.9.3,nbody_2.c 50000000,23,1695319845,2970390,nbody_2_g++-4.9,0:27.19,6496,1908,1736,100.0,0.0,1,6,0:27,0,12,556,0,235,0,1908,329,2,279,48,0,12.9,0.8,0.0,86.4,0.0,0.0,0.0,0.0,15794.9 MiB,4026.4 MiB,2197.5 MiB,9571.0 MiB,4096.0 MiB,3447.7 MiB,648.2 MiB,13007.9 MiB
6,g++-4.9 4.9.3,nbody_2.c 50000000,24,1695319847,2970390,nbody_2_g++-4.9,0:28.37,6496,1908,1736,100.0,0.0,1,6,0:28,0,12,556,0,235,0,1908,328,2,278,48,0,12.9,0.8,0.0,86.4,0.0,0.0,0.0,0.0,15794.9 MiB,4026.6 MiB,2197.2 MiB,9571.0 MiB,4096.0 MiB,3447.7 MiB,648.2 MiB,13008.1 MiB
6,g++-4.9 4.9.3,nbody_2.c 50000000,25,1695319848,2970390,nbody_2_g++-4.9,0:29.54,6496,1908,1736,100.0,0.0,1,2,0:29,0,12,556,0,235,0,1908,328,2,278,48,0,12.1,1.5,0.0,86.4,0.0,0.0,0.0,0.0,15794.9 MiB,4026.6 MiB,2197.2 MiB,9571.0 MiB,4096.0 MiB,3447.7 MiB,648.2 MiB,13008.1 MiB
6,g++-4.9 4.9.3,nbody_2.c 50000000,26,1695319849,2970390,nbody_2_g++-4.9,0:30.71,6496,1908,1736,93.8,0.0,1,6,0:30,0,12,556,0,235,0,1908,328,2,278,48,0,12.2,1.5,0.0,86.3,0.0,0.0,0.0,0.0,15794.9 MiB,4026.6 MiB,2197.2 MiB,9571.0 MiB,4096.0 MiB,3447.7 MiB,648.2 MiB,13008.1 MiB
6,g++-4.9 4.9.3,nbody_2.c 50000000,27,1695319850,2970390,nbody_2_g++-4.9,0:31.89,6496,1908,1736,100.0,0.0,1,6,0:31,0,12,556,0,235,0,1908,329,2,279,48,0,12.9,1.5,0.0,85.6,0.0,0.0,0.0,0.0,15794.9 MiB,4026.4 MiB,2197.4 MiB,9571.0 MiB,4096.0 MiB,3447.7 MiB,648.2 MiB,13007.9 MiB
6,g++-4.9 4.9.3,nbody_2.c 50000000,28,1695319851,2970390,nbody_2_g++-4.9,0:33.06,6496,1908,1736,100.0,0.0,1,6,0:33,0,12,556,0,235,0,1908,329,2,279,48,0,12.9,0.8,0.0,86.4,0.0,0.0,0.0,0.0,15794.9 MiB,4026.4 MiB,2197.4 MiB,9571.0 MiB,4096.0 MiB,3447.7 MiB,648.2 MiB,13007.9 MiB
6,g++-4.9 4.9.3,nbody_2.c 50000000,29,1695319853,2970390,nbody_2_g++-4.9,0:34.24,6496,1908,1736,100.0,0.0,1,6,0:34,0,12,556,0,235,0,1908,329,2,279,48,0,13.4,0.7,0.0,85.8,0.0,0.0,0.0,0.0,15794.9 MiB,4026.4 MiB,2197.4 MiB,9571.0 MiB,4096.0 MiB,3447.7 MiB,648.2 MiB,13007.9 MiB
6,g++-4.9 4.9.3,nbody_2.c 50000000,30,1695319854,2970390,nbody_2_g++-4.9,0:35.41,6496,1908,1736,100.0,0.0,1,6,0:35,0,12,556,0,235,0,1908,328,2,278,48,0,13.4,0.7,0.0,85.8,0.0,0.0,0.0,0.0,15794.9 MiB,4025.9 MiB,2197.9 MiB,9571.0 MiB,4096.0 MiB,3447.7 MiB,648.2 MiB,13007.4 MiB
6,g++-4.9 4.9.3,nbody_2.c 50000000,31,1695319855,2970390,nbody_2_g++-4.9,0:36.58,6496,1908,1736,93.8,0.0,1,6,0:36,0,12,556,0,235,0,1908,328,2,278,48,0,12.1,0.8,0.0,86.4,0.8,0.0,0.0,0.0,15794.9 MiB,4026.1 MiB,2197.7 MiB,9571.0 MiB,4096.0 MiB,3447.7 MiB,648.2 MiB,13007.6 MiB
6,g++-4.9 4.9.3,nbody_2.c 50000000,32,1695319856,2970390,nbody_2_g++-4.9,0:37.76,6496,1908,1736,100.0,0.0,1,6,0:37,0,12,556,0,235,0,1908,328,2,278,48,0,12.8,1.5,0.0,85.7,0.0,0.0,0.0,0.0,15794.9 MiB,4026.6 MiB,2197.2 MiB,9571.0 MiB,4096.0 MiB,3447.7 MiB,648.2 MiB,13008.1 MiB
6,g++-4.9 4.9.3,nbody_2.c 50000000,33,1695319857,2970390,nbody_2_g++-4.9,0:38.94,6496,1908,1736,100.0,0.0,1,6,0:38,0,12,556,0,235,0,1908,328,2,278,48,0,14.3,0.8,0.0,85.0,0.0,0.0,0.0,0.0,15794.9 MiB,4026.6 MiB,2197.2 MiB,9571.0 MiB,4096.0 MiB,3447.7 MiB,648.2 MiB,13008.1 MiB
6,g++-4.9 4.9.3,nbody_2.c 50000000,34,1695319858,2970390,nbody_2_g++-4.9,0:40.11,6496,1908,1736,100.0,0.0,1,6,0:40,0,12,556,0,235,0,1908,328,2,278,48,0,12.1,1.5,0.0,86.4,0.0,0.0,0.0,0.0,15794.9 MiB,4026.4 MiB,2197.4 MiB,9571.0 MiB,4096.0 MiB,3447.7 MiB,648.2 MiB,13007.9 MiB
6,g++-4.9 4.9.3,nbody_2.c 50000000,35,1695319860,2970390,nbody_2_g++-4.9,0:41.28,6496,1908,1736,93.8,0.0,1,6,0:41,0,12,556,0,235,0,1908,328,2,278,48,0,12.8,1.5,0.0,85.7,0.0,0.0,0.0,0.0,15794.9 MiB,4026.6 MiB,2197.2 MiB,9571.0 MiB,4096.0 MiB,3447.7 MiB,648.2 MiB,13008.1 MiB
6,g++-4.9 4.9.3,nbody_2.c 50000000,36,1695319861,2970390,nbody_2_g++-4.9,0:42.46,6496,1908,1736,100.0,0.0,1,6,0:42,0,12,556,0,235,0,1908,328,2,278,48,0,12.8,1.5,0.0,85.7,0.0,0.0,0.0,0.0,15794.9 MiB,4026.4 MiB,2197.4 MiB,9571.1 MiB,4096.0 MiB,3447.7 MiB,648.2 MiB,13007.9 MiB
6,g++-4.9 4.9.3,nbody_2.c 50000000,37,1695319862,2970390,nbody_2_g++-4.9,0:43.63,6496,1908,1736,93.8,0.0,1,6,0:43,0,12,556,0,235,0,1908,328,2,278,48,0,13.0,0.8,0.0,86.3,0.0,0.0,0.0,0.0,15794.9 MiB,4026.6 MiB,2197.1 MiB,9571.1 MiB,4096.0 MiB,3447.7 MiB,648.2 MiB,13008.2 MiB
6,g++-4.9 4.9.3,nbody_2.c 50000000,38,1695319863,2970390,nbody_2_g++-4.9,0:44.80,6496,1908,1736,93.8,0.0,1,6,0:44,0,12,556,0,235,0,1908,328,2,278,48,0,12.9,0.8,0.0,86.4,0.0,0.0,0.0,0.0,15794.9 MiB,4026.6 MiB,2197.1 MiB,9571.1 MiB,4096.0 MiB,3447.7 MiB,648.2 MiB,13008.2 MiB
6,g++-4.9 4.9.3,nbody_2.c 50000000,39,1695319864,2970390,nbody_2_g++-4.9,0:45.98,6496,1908,1736,100.0,0.0,1,6,0:45,0,12,556,0,235,0,1908,328,2,278,48,0,13.0,0.8,0.0,86.3,0.0,0.0,0.0,0.0,15794.9 MiB,4026.6 MiB,2197.1 MiB,9571.1 MiB,4096.0 MiB,3447.7 MiB,648.2 MiB,13008.2 MiB
6,g++-4.9 4.9.3,nbody_2.c 50000000,40,1695319865,2970390,nbody_2_g++-4.9,0:47.15,6496,1908,1736,93.8,0.0,1,2,0:47,0,12,556,0,235,0,1908,328,2,278,48,0,12.9,0.8,0.0,85.6,0.0,0.0,0.8,0.0,15794.9 MiB,4026.6 MiB,2197.1 MiB,9571.1 MiB,4096.0 MiB,3447.7 MiB,648.2 MiB,13008.2 MiB
6,g++-4.9 4.9.3,nbody_2.c 50000000,41,1695319867,2970390,nbody_2_g++-4.9,0:48.32,6496,1908,1736,93.8,0.0,1,6,0:48,0,12,556,0,235,0,1908,328,2,278,48,0,13.1,0.0,0.0,86.9,0.0,0.0,0.0,0.0,15794.9 MiB,4027.4 MiB,2196.4 MiB,9571.1 MiB,4096.0 MiB,3447.7 MiB,648.2 MiB,13008.9 MiB
6,g++-4.9 4.9.3,nbody_2.c 50000000,42,1695319868,2970390,nbody_2_g++-4.9,0:49.50,6496,1908,1736,100.0,0.0,1,6,0:49,0,12,556,0,235,0,1908,328,2,278,48,0,12.7,1.5,0.0,85.8,0.0,0.0,0.0,0.0,15794.9 MiB,4027.9 MiB,2195.9 MiB,9571.1 MiB,4096.0 MiB,3447.7 MiB,648.2 MiB,13009.4 MiB
6,g++-4.9 4.9.3,nbody_2.c 50000000,43,1695319869,2970390,nbody_2_g++-4.9,0:50.68,6496,1908,1736,100.0,0.0,1,6,0:50,0,12,556,0,235,0,1908,328,2,278,48,0,12.9,0.8,0.0,86.4,0.0,0.0,0.0,0.0,15794.9 MiB,4027.6 MiB,2196.1 MiB,9571.1 MiB,4096.0 MiB,3447.7 MiB,648.2 MiB,13009.1 MiB
6,g++-4.9 4.9.3,nbody_2.c 50000000,44,1695319870,2970390,nbody_2_g++-4.9,0:51.85,6496,1908,1736,100.0,0.0,1,6,0:51,0,12,556,0,235,0,1908,328,2,278,48,0,13.5,0.8,0.0,85.7,0.0,0.0,0.0,0.0,15794.9 MiB,4027.6 MiB,2196.1 MiB,9571.1 MiB,4096.0 MiB,3447.7 MiB,648.2 MiB,13009.1 MiB
6,g++-4.9 4.9.3,nbody_2.c 50000000,45,1695319871,2970390,nbody_2_g++-4.9,0:53.02,6496,1908,1736,93.8,0.0,1,6,0:53,0,12,556,0,235,0,1908,328,2,278,48,0,12.9,0.8,0.0,86.4,0.0,0.0,0.0,0.0,15794.9 MiB,4027.1 MiB,2196.6 MiB,9571.1 MiB,4096.0 MiB,3447.7 MiB,648.2 MiB,13008.7 MiB
6,g++-4.9 4.9.3,nbody_2.c 50000000,46,1695319872,2970390,nbody_2_g++-4.9,0:54.20,6496,1908,1736,100.0,0.0,1,6,0:54,0,12,556,0,235,0,1908,328,2,278,48,0,13.6,0.8,0.0,85.6,0.0,0.0,0.0,0.0,15794.9 MiB,4027.4 MiB,2196.4 MiB,9571.1 MiB,4096.0 MiB,3447.7 MiB,648.2 MiB,13008.9 MiB
6,g++-4.9 4.9.3,nbody_2.c 50000000,47,1695319874,2970390,nbody_2_g++-4.9,0:55.38,6496,1908,1736,100.0,0.0,1,6,0:55,0,12,556,0,235,0,1908,328,2,278,48,0,12.9,0.8,0.0,86.4,0.0,0.0,0.0,0.0,15794.9 MiB,4026.9 MiB,2196.9 MiB,9571.1 MiB,4096.0 MiB,3447.7 MiB,648.2 MiB,13008.4 MiB
6,g++-4.9 4.9.3,nbody_2.c 50000000,48,1695319875,2970390,nbody_2_g++-4.9,0:56.55,6496,1908,1736,100.0,0.0,1,6,0:56,0,12,556,0,235,0,1908,328,2,278,48,0,13.5,0.8,0.0,85.7,0.0,0.0,0.0,0.0,15794.9 MiB,4026.9 MiB,2196.9 MiB,9571.1 MiB,4096.0 MiB,3447.7 MiB,648.2 MiB,13008.4 MiB
6,g++-4.9 4.9.3,nbody_2.c 50000000,49,1695319876,2970390,nbody_2_g++-4.9,0:57.72,6496,1908,1736,93.8,0.0,1,6,0:57,0,12,556,0,235,0,1908,328,2,278,48,0,12.9,1.5,0.0,85.6,0.0,0.0,0.0,0.0,15794.9 MiB,4026.9 MiB,2196.8 MiB,9571.1 MiB,4096.0 MiB,3447.7 MiB,648.2 MiB,13008.4 MiB
6,g++-4.9 4.9.3,nbody_2.c 50000000,50,1695319877,2970390,nbody_2_g++-4.9,0:58.90,6496,1908,1736,100.0,0.0,1,6,0:58,0,12,556,0,235,0,1908,328,2,278,48,0,13.0,0.0,0.0,87.0,0.0,0.0,0.0,0.0,15794.9 MiB,4026.9 MiB,2196.8 MiB,9571.1 MiB,4096.0 MiB,3447.7 MiB,648.2 MiB,13008.4 MiB
6,g++-4.9 4.9.3,nbody_2.c 50000000,51,1695319878,2970390,nbody_2_g++-4.9,1:00.07,6496,1908,1736,100.0,0.0,1,6,1:00,0,12,556,0,235,0,1908,328,2,278,48,0,13.6,0.8,0.0,85.6,0.0,0.0,0.0,0.0,15794.9 MiB,4027.4 MiB,2196.4 MiB,9571.1 MiB,4096.0 MiB,3447.7 MiB,648.2 MiB,13008.9 MiB
6,g++-4.9 4.9.3,nbody_2.c 50000000,52,1695319880,2970390,nbody_2_g++-4.9,1:01.24,6496,1908,1736,93.8,0.0,1,2,1:01,0,12,556,0,235,0,1908,328,2,278,48,0,13.0,0.8,0.0,86.3,0.0,0.0,0.0,0.0,15794.9 MiB,4027.1 MiB,2196.6 MiB,9571.1 MiB,4096.0 MiB,3447.7 MiB,648.2 MiB,13008.7 MiB
6,g++-4.9 4.9.3,nbody_2.c 50000000,53,1695319881,2970390,nbody_2_g++-4.9,1:02.42,6496,1908,1736,100.0,0.0,1,2,1:02,0,12,556,0,235,0,1908,328,2,278,48,0,14.1,1.5,0.0,84.4,0.0,0.0,0.0,0.0,15794.9 MiB,4026.9 MiB,2196.8 MiB,9571.1 MiB,4096.0 MiB,3447.7 MiB,648.2 MiB,13008.4 MiB
6,g++-4.9 4.9.3,nbody_2.c 50000000,54,1695319882,2970390,nbody_2_g++-4.9,1:03.59,6496,1908,1736,100.0,0.0,1,2,1:03,0,12,556,0,235,0,1908,328,2,278,48,0,13.5,0.0,0.0,86.5,0.0,0.0,0.0,0.0,15794.9 MiB,4026.7 MiB,2197.1 MiB,9571.1 MiB,4096.0 MiB,3447.7 MiB,648.2 MiB,13008.2 MiB
6,g++-4.9 4.9.3,nbody_2.c 50000000,55,1695319883,2970390,nbody_2_g++-4.9,1:04.77,6496,1908,1736,100.0,0.0,1,2,1:04,0,12,556,0,235,0,1908,328,2,278,48,0,12.9,0.8,0.0,86.4,0.0,0.0,0.0,0.0,15794.9 MiB,4026.7 MiB,2197.1 MiB,9571.1 MiB,4096.0 MiB,3447.7 MiB,648.2 MiB,13008.2 MiB
6,g++-4.9 4.9.3,nbody_2.c 50000000,56,1695319884,2970390,nbody_2_g++-4.9,1:05.94,6496,1908,1736,93.8,0.0,1,2,1:05,0,12,556,0,235,0,1908,328,2,278,48,0,12.9,0.8,0.0,86.4,0.0,0.0,0.0,0.0,15794.9 MiB,4026.7 MiB,2197.1 MiB,9571.1 MiB,4096.0 MiB,3447.7 MiB,648.2 MiB,13008.2 MiB
6,g++-4.9 4.9.3,nbody_2.c 50000000,57,1695319885,2970390,nbody_2_g++-4.9,1:07.12,6496,1908,1736,100.0,0.0,1,2,1:07,0,12,556,0,235,0,1908,328,2,278,48,0,12.1,1.5,0.0,86.4,0.0,0.0,0.0,0.0,15794.9 MiB,4026.7 MiB,2197.1 MiB,9571.1 MiB,4096.0 MiB,3447.7 MiB,648.2 MiB,13008.2 MiB
6,g++-4.9 4.9.3,nbody_2.c 50000000,58,1695319887,2970390,nbody_2_g++-4.9,1:08.29,6496,1908,1736,100.0,0.0,1,2,1:08,0,12,556,0,235,0,1908,328,2,278,48,0,12.1,1.5,0.0,86.4,0.0,0.0,0.0,0.0,15794.9 MiB,4026.7 MiB,2197.1 MiB,9571.1 MiB,4096.0 MiB,3447.7 MiB,648.2 MiB,13008.2 MiB
6,g++-4.9 4.9.3,nbody_2.c 50000000,59,1695319888,2970390,nbody_2_g++-4.9,1:09.46,6496,1908,1736,93.8,0.0,1,2,1:09,0,12,556,0,235,0,1908,328,2,278,48,0,13.7,0.0,0.0,86.3,0.0,0.0,0.0,0.0,15794.9 MiB,4027.1 MiB,2196.6 MiB,9571.1 MiB,4096.0 MiB,3447.7 MiB,648.2 MiB,13008.7 MiB
6,g++-4.9 4.9.3,nbody_2.c 50000000,60,1695319889,2970390,nbody_2_g++-4.9,1:10.64,6496,1908,1736,100.0,0.0,1,2,1:10,0,12,556,0,235,0,1908,328,2,278,48,0,12.2,1.5,0.0,86.3,0.0,0.0,0.0,0.0,15794.9 MiB,4027.4 MiB,2196.3 MiB,9571.1 MiB,4096.0 MiB,3447.7 MiB,648.2 MiB,13008.9 MiB
6,g++-4.9 4.9.3,nbody_2.c 50000000,61,1695319890,2970390,nbody_2_g++-4.9,1:11.81,6496,1908,1736,100.0,0.0,1,2,1:11,0,12,556,0,235,0,1908,328,2,278,48,0,12.9,0.8,0.0,85.6,0.8,0.0,0.0,0.0,15794.9 MiB,4026.7 MiB,2197.1 MiB,9571.2 MiB,4096.0 MiB,3447.7 MiB,648.2 MiB,13008.2 MiB
6,g++-4.9 4.9.3,nbody_2.c 50000000,62,1695319891,2970390,nbody_2_g++-4.9,1:12.98,6496,1908,1736,93.8,0.0,1,2,1:12,0,12,556,0,235,0,1908,328,2,278,48,0,12.9,0.8,0.0,86.4,0.0,0.0,0.0,0.0,15794.9 MiB,4026.7 MiB,2197.1 MiB,9571.2 MiB,4096.0 MiB,3447.7 MiB,648.2 MiB,13008.2 MiB
6,g++-4.9 4.9.3,nbody_2.c 50000000,63,1695319892,2970390,nbody_2_g++-4.9,1:14.16,6496,1908,1736,100.0,0.0,1,2,1:14,0,12,556,0,235,0,1908,328,2,278,48,0,12.8,1.5,0.0,85.7,0.0,0.0,0.0,0.0,15794.9 MiB,4026.7 MiB,2197.1 MiB,9571.2 MiB,4096.0 MiB,3447.7 MiB,648.2 MiB,13008.2 MiB
6,g++-4.9 4.9.3,nbody_2.c 50000000,64,1695319894,2970390,nbody_2_g++-4.9,1:15.33,6496,1908,1736,100.0,0.0,1,2,1:15,0,12,556,0,235,0,1908,328,2,278,48,0,12.9,0.8,0.0,86.4,0.0,0.0,0.0,0.0,15794.9 MiB,4027.2 MiB,2196.6 MiB,9571.2 MiB,4096.0 MiB,3447.7 MiB,648.2 MiB,13008.7 MiB
6,g++-4.9 4.9.3,nbody_2.c 50000000,65,1695319895,2970390,nbody_2_g++-4.9,1:16.51,6496,1908,1736,100.0,0.0,1,2,1:16,0,12,556,0,235,0,1908,329,2,279,48,0,13.5,1.5,0.0,85.0,0.0,0.0,0.0,0.0,15794.9 MiB,4027.1 MiB,2196.6 MiB,9571.2 MiB,4096.0 MiB,3447.7 MiB,648.2 MiB,13008.7 MiB
6,g++-4.9 4.9.3,nbody_2.c 50000000,66,1695319896,2970390,nbody_2_g++-4.9,1:17.68,6496,1908,1736,100.0,0.0,1,2,1:17,0,12,556,0,235,0,1908,329,2,279,48,0,12.9,0.8,0.0,85.6,0.8,0.0,0.0,0.0,15794.9 MiB,4027.4 MiB,2196.3 MiB,9571.2 MiB,4096.0 MiB,3447.7 MiB,648.2 MiB,13008.9 MiB
6,g++-4.9 4.9.3,nbody_2.c 50000000,67,1695319897,2970390,nbody_2_g++-4.9,1:18.85,6496,1908,1736,100.0,0.0,1,2,1:18,0,12,556,0,235,0,1908,329,2,279,48,0,13.5,0.8,0.0,85.7,0.0,0.0,0.0,0.0,15794.9 MiB,4027.4 MiB,2196.3 MiB,9571.2 MiB,4096.0 MiB,3447.7 MiB,648.2 MiB,13009.0 MiB
6,g++-4.9 4.9.3,nbody_2.c 50000000,68,1695319898,2970390,nbody_2_g++-4.9,1:20.03,6496,1908,1736,100.0,0.0,1,2,1:20,0,12,556,0,235,0,1908,328,3,277,48,0,12.9,0.8,0.0,86.4,0.0,0.0,0.0,0.0,15794.9 MiB,4028.1 MiB,2195.6 MiB,9571.2 MiB,4096.0 MiB,3447.7 MiB,648.2 MiB,13009.7 MiB
6,g++-4.9 4.9.3,nbody_2.c 50000000,69,1695319899,2970390,nbody_2_g++-4.9,1:21.20,6496,1908,1736,93.8,0.0,1,2,1:21,0,12,556,0,235,0,1908,328,2,278,48,0,13.4,1.5,0.0,85.1,0.0,0.0,0.0,0.0,15794.9 MiB,4028.4 MiB,2195.3 MiB,9571.2 MiB,4096.0 MiB,3447.7 MiB,648.2 MiB,13009.9 MiB
6,g++-4.9 4.9.3,nbody_2.c 50000000,70,1695319901,2970390,nbody_2_g++-4.9,1:22.38,6496,1908,1736,100.0,0.0,1,2,1:22,0,12,556,0,235,0,1908,328,2,278,48,0,12.7,1.5,0.0,85.8,0.0,0.0,0.0,0.0,15794.9 MiB,4028.4 MiB,2195.3 MiB,9571.2 MiB,4096.0 MiB,3447.7 MiB,648.2 MiB,13009.9 MiB
6,g++-4.9 4.9.3,nbody_2.c 50000000,71,1695319902,2970390,nbody_2_g++-4.9,1:23.55,6496,1908,1736,100.0,0.0,1,2,1:23,0,12,556,0,235,0,1908,328,2,278,48,0,13.4,1.5,0.0,84.3,0.7,0.0,0.0,0.0,15794.9 MiB,4029.4 MiB,2194.3 MiB,9571.2 MiB,4096.0 MiB,3447.7 MiB,648.2 MiB,13010.9 MiB
6,g++-4.9 4.9.3,nbody_2.c 50000000,72,1695319903,2970390,nbody_2_g++-4.9,1:24.73,6496,1908,1736,100.0,0.0,1,2,1:24,0,12,556,0,235,0,1908,328,2,278,48,0,13.5,0.8,0.0,85.7,0.0,0.0,0.0,0.0,15794.9 MiB,4029.1 MiB,2194.6 MiB,9571.2 MiB,4096.0 MiB,3447.7 MiB,648.2 MiB,13010.7 MiB
6,g++-4.9 4.9.3,nbody_2.c 50000000,73,1695319904,2970390,nbody_2_g++-4.9,1:25.90,6496,1908,1736,93.8,0.0,1,2,1:25,0,12,556,0,235,0,1908,328,2,278,48,0,13.6,0.0,0.0,86.4,0.0,0.0,0.0,0.0,15794.9 MiB,4029.1 MiB,2194.6 MiB,9571.2 MiB,4096.0 MiB,3447.7 MiB,648.2 MiB,13010.7 MiB
7,g++-4.9 4.9.3,nbody_2.c 50000000,0,1695319905,2970847,nbody_2_g++-4.9,0:00.16,6496,2016,1840,93.8,0.0,1,6,0:00,0,12,556,0,232,0,2016,328,2,278,48,0,13.6,0.8,0.0,85.6,0.0,0.0,0.0,0.0,15794.9 MiB,4028.1 MiB,2188.8 MiB,9578.0 MiB,4096.0 MiB,3447.7 MiB,648.2 MiB,13009.7 MiB
7,g++-4.9 4.9.3,nbody_2.c 50000000,1,1695319907,2970847,nbody_2_g++-4.9,0:01.33,6496,2016,1840,93.8,0.0,1,6,0:01,0,12,556,0,232,0,2016,328,2,278,48,0,12.2,0.8,0.0,87.0,0.0,0.0,0.0,0.0,15794.9 MiB,4028.1 MiB,2188.6 MiB,9578.2 MiB,4096.0 MiB,3447.7 MiB,648.2 MiB,13009.7 MiB
7,g++-4.9 4.9.3,nbody_2.c 50000000,2,1695319908,2970847,nbody_2_g++-4.9,0:02.51,6496,2016,1840,100.0,0.0,1,6,0:02,0,12,556,0,232,0,2016,328,2,278,48,0,12.8,1.5,0.0,85.7,0.0,0.0,0.0,0.0,15794.9 MiB,4028.1 MiB,2195.6 MiB,9571.2 MiB,4096.0 MiB,3447.7 MiB,648.2 MiB,13009.7 MiB
7,g++-4.9 4.9.3,nbody_2.c 50000000,3,1695319909,2970847,nbody_2_g++-4.9,0:03.69,6496,2016,1840,100.0,0.0,1,6,0:03,0,12,556,0,232,0,2016,328,2,278,48,0,12.9,1.5,0.0,85.6,0.0,0.0,0.0,0.0,15794.9 MiB,4028.1 MiB,2195.5 MiB,9571.2 MiB,4096.0 MiB,3447.7 MiB,648.2 MiB,13009.7 MiB
7,g++-4.9 4.9.3,nbody_2.c 50000000,4,1695319910,2970847,nbody_2_g++-4.9,0:04.86,6496,2016,1840,100.0,0.0,1,6,0:04,0,12,556,0,232,0,2016,328,2,278,48,0,13.1,0.0,0.0,86.9,0.0,0.0,0.0,0.0,15794.9 MiB,4027.6 MiB,2196.0 MiB,9571.2 MiB,4096.0 MiB,3447.7 MiB,648.2 MiB,13009.2 MiB
7,g++-4.9 4.9.3,nbody_2.c 50000000,5,1695319911,2970847,nbody_2_g++-4.9,0:06.03,6496,2016,1840,100.0,0.0,1,6,0:06,0,12,556,0,232,0,2016,328,2,278,48,0,12.9,0.8,0.0,86.4,0.0,0.0,0.0,0.0,15794.9 MiB,4027.6 MiB,2196.0 MiB,9571.2 MiB,4096.0 MiB,3447.7 MiB,648.2 MiB,13009.2 MiB
7,g++-4.9 4.9.3,nbody_2.c 50000000,6,1695319912,2970847,nbody_2_g++-4.9,0:07.21,6496,2016,1840,100.0,0.0,1,6,0:07,0,12,556,0,232,0,2016,328,2,278,48,0,13.0,0.0,0.0,87.0,0.0,0.0,0.0,0.0,15794.9 MiB,4027.6 MiB,2196.0 MiB,9571.2 MiB,4096.0 MiB,3447.7 MiB,648.2 MiB,13009.2 MiB
7,g++-4.9 4.9.3,nbody_2.c 50000000,7,1695319914,2970847,nbody_2_g++-4.9,0:08.38,6496,2016,1840,100.0,0.0,1,6,0:08,0,12,556,0,232,0,2016,328,2,278,48,0,13.6,0.0,0.0,86.4,0.0,0.0,0.0,0.0,15794.9 MiB,4027.4 MiB,2196.3 MiB,9571.2 MiB,4096.0 MiB,3447.7 MiB,648.2 MiB,13009.0 MiB
7,g++-4.9 4.9.3,nbody_2.c 50000000,8,1695319915,2970847,nbody_2_g++-4.9,0:09.55,6496,2016,1840,100.0,0.0,1,6,0:09,0,12,556,0,232,0,2016,328,2,278,48,0,12.9,0.8,0.0,86.4,0.0,0.0,0.0,0.0,15794.9 MiB,4027.2 MiB,2196.5 MiB,9571.2 MiB,4096.0 MiB,3447.7 MiB,648.2 MiB,13008.7 MiB
7,g++-4.9 4.9.3,nbody_2.c 50000000,9,1695319916,2970847,nbody_2_g++-4.9,0:10.73,6496,2016,1840,100.0,0.0,1,6,0:10,0,12,556,0,232,0,2016,328,2,278,48,0,12.8,1.5,0.0,85.7,0.0,0.0,0.0,0.0,15794.9 MiB,4027.4 MiB,2196.3 MiB,9571.2 MiB,4096.0 MiB,3447.7 MiB,648.2 MiB,13009.0 MiB
7,g++-4.9 4.9.3,nbody_2.c 50000000,10,1695319917,2970847,nbody_2_g++-4.9,0:11.90,6496,2016,1840,100.0,0.0,1,6,0:11,0,12,556,0,232,0,2016,328,2,278,48,0,12.9,1.5,0.0,85.6,0.0,0.0,0.0,0.0,15794.9 MiB,4027.4 MiB,2196.3 MiB,9571.2 MiB,4096.0 MiB,3447.7 MiB,648.2 MiB,13009.0 MiB
7,g++-4.9 4.9.3,nbody_2.c 50000000,11,1695319918,2970847,nbody_2_g++-4.9,0:13.07,6496,2016,1840,100.0,0.0,1,2,0:13,0,12,556,0,232,0,2016,328,2,278,48,0,13.0,0.8,0.0,86.3,0.0,0.0,0.0,0.0,15794.9 MiB,4027.2 MiB,2196.5 MiB,9571.2 MiB,4096.0 MiB,3447.7 MiB,648.2 MiB,13008.8 MiB
7,g++-4.9 4.9.3,nbody_2.c 50000000,12,1695319919,2970847,nbody_2_g++-4.9,0:14.24,6496,2016,1840,100.0,0.0,1,2,0:14,0,12,556,0,232,0,2016,329,2,279,48,0,13.4,1.5,0.0,85.1,0.0,0.0,0.0,0.0,15794.9 MiB,4027.4 MiB,2196.3 MiB,9571.2 MiB,4096.0 MiB,3447.7 MiB,648.2 MiB,13009.0 MiB
7,g++-4.9 4.9.3,nbody_2.c 50000000,13,1695319921,2970847,nbody_2_g++-4.9,0:15.42,6496,2016,1840,100.0,0.0,1,2,0:15,0,12,556,0,232,0,2016,329,2,279,48,0,12.9,0.8,0.0,86.4,0.0,0.0,0.0,0.0,15794.9 MiB,4028.1 MiB,2195.5 MiB,9571.2 MiB,4096.0 MiB,3447.7 MiB,648.2 MiB,13009.7 MiB
7,g++-4.9 4.9.3,nbody_2.c 50000000,14,1695319922,2970847,nbody_2_g++-4.9,0:16.59,6496,2016,1840,93.8,0.0,1,6,0:16,0,12,556,0,232,0,2016,328,2,278,48,0,12.8,0.8,0.0,86.5,0.0,0.0,0.0,0.0,15794.9 MiB,4028.1 MiB,2195.6 MiB,9571.1 MiB,4096.0 MiB,3447.7 MiB,648.2 MiB,13009.7 MiB
7,g++-4.9 4.9.3,nbody_2.c 50000000,15,1695319923,2970847,nbody_2_g++-4.9,0:17.77,6496,2016,1840,100.0,0.0,1,6,0:17,0,12,556,0,232,0,2016,328,2,278,48,0,14.4,0.0,0.0,85.6,0.0,0.0,0.0,0.0,15794.9 MiB,4028.1 MiB,2195.6 MiB,9571.1 MiB,4096.0 MiB,3447.7 MiB,648.2 MiB,13009.7 MiB
7,g++-4.9 4.9.3,nbody_2.c 50000000,16,1695319924,2970847,nbody_2_g++-4.9,0:18.94,6496,2016,1840,100.0,0.0,1,6,0:18,0,12,556,0,232,0,2016,328,2,278,48,0,12.9,1.5,0.0,85.6,0.0,0.0,0.0,0.0,15794.9 MiB,4028.1 MiB,2195.6 MiB,9571.1 MiB,4096.0 MiB,3447.7 MiB,648.2 MiB,13009.7 MiB
7,g++-4.9 4.9.3,nbody_2.c 50000000,17,1695319925,2970847,nbody_2_g++-4.9,0:20.12,6496,2016,1840,100.0,0.0,1,6,0:20,0,12,556,0,232,0,2016,328,2,278,48,0,13.4,1.5,0.0,85.1,0.0,0.0,0.0,0.0,15794.9 MiB,4028.1 MiB,2195.6 MiB,9571.1 MiB,4096.0 MiB,3447.7 MiB,648.2 MiB,13009.7 MiB
7,g++-4.9 4.9.3,nbody_2.c 50000000,18,1695319926,2970847,nbody_2_g++-4.9,0:21.29,6496,2016,1840,100.0,0.0,1,6,0:21,0,12,556,0,232,0,2016,328,2,278,48,0,12.8,1.5,0.0,85.7,0.0,0.0,0.0,0.0,15794.9 MiB,4028.1 MiB,2195.6 MiB,9571.1 MiB,4096.0 MiB,3447.7 MiB,648.2 MiB,13009.7 MiB
7,g++-4.9 4.9.3,nbody_2.c 50000000,19,1695319928,2970847,nbody_2_g++-4.9,0:22.46,6496,2016,1840,100.0,0.0,1,6,0:22,0,12,556,0,232,0,2016,328,2,278,48,0,12.9,1.5,0.0,85.6,0.0,0.0,0.0,0.0,15794.9 MiB,4027.4 MiB,2196.3 MiB,9571.1 MiB,4096.0 MiB,3447.7 MiB,648.2 MiB,13009.0 MiB
7,g++-4.9 4.9.3,nbody_2.c 50000000,20,1695319929,2970847,nbody_2_g++-4.9,0:23.64,6496,2016,1840,100.0,0.0,1,6,0:23,0,12,556,0,232,0,2016,329,2,279,48,0,12.9,0.8,0.0,86.4,0.0,0.0,0.0,0.0,15794.9 MiB,4027.4 MiB,2196.3 MiB,9571.1 MiB,4096.0 MiB,3447.7 MiB,648.2 MiB,13009.0 MiB
7,g++-4.9 4.9.3,nbody_2.c 50000000,21,1695319930,2970847,nbody_2_g++-4.9,0:24.81,6496,2016,1840,100.0,0.0,1,6,0:24,0,12,556,0,232,0,2016,329,2,279,48,0,13.6,0.8,0.0,85.6,0.0,0.0,0.0,0.0,15794.9 MiB,4027.4 MiB,2196.3 MiB,9571.1 MiB,4096.0 MiB,3447.7 MiB,648.2 MiB,13009.0 MiB
7,g++-4.9 4.9.3,nbody_2.c 50000000,22,1695319931,2970847,nbody_2_g++-4.9,0:25.98,6496,2016,1840,100.0,0.0,1,2,0:25,0,12,556,0,232,0,2016,329,2,279,48,0,13.3,2.2,0.0,84.4,0.0,0.0,0.0,0.0,15794.9 MiB,4027.4 MiB,2196.3 MiB,9571.1 MiB,4096.0 MiB,3447.7 MiB,648.2 MiB,13009.0 MiB
7,g++-4.9 4.9.3,nbody_2.c 50000000,23,1695319932,2970847,nbody_2_g++-4.9,0:27.16,6496,2016,1840,100.0,0.0,1,2,0:27,0,12,556,0,232,0,2016,328,2,278,48,0,13.5,0.8,0.0,85.7,0.0,0.0,0.0,0.0,15794.9 MiB,4027.4 MiB,2196.3 MiB,9571.1 MiB,4096.0 MiB,3447.7 MiB,648.2 MiB,13009.0 MiB
7,g++-4.9 4.9.3,nbody_2.c 50000000,24,1695319934,2970847,nbody_2_g++-4.9,0:28.33,6496,2016,1840,93.8,0.0,1,2,0:28,0,12,556,0,232,0,2016,328,2,278,48,0,12.9,0.0,0.0,87.1,0.0,0.0,0.0,0.0,15794.9 MiB,4027.2 MiB,2196.5 MiB,9571.1 MiB,4096.0 MiB,3447.7 MiB,648.2 MiB,13008.8 MiB
7,g++-4.9 4.9.3,nbody_2.c 50000000,25,1695319935,2970847,nbody_2_g++-4.9,0:29.51,6496,2016,1840,100.0,0.0,1,2,0:29,0,12,556,0,232,0,2016,329,2,279,48,0,12.2,0.8,0.0,87.0,0.0,0.0,0.0,0.0,15794.9 MiB,4027.2 MiB,2196.5 MiB,9571.1 MiB,4096.0 MiB,3447.7 MiB,648.2 MiB,13008.8 MiB
7,g++-4.9 4.9.3,nbody_2.c 50000000,26,1695319936,2970847,nbody_2_g++-4.9,0:30.68,6496,2016,1840,100.0,0.0,1,6,0:30,0,12,556,0,232,0,2016,329,2,279,48,0,13.4,1.5,0.0,85.1,0.0,0.0,0.0,0.0,15794.9 MiB,4027.2 MiB,2196.5 MiB,9571.2 MiB,4096.0 MiB,3447.7 MiB,648.2 MiB,13008.8 MiB
7,g++-4.9 4.9.3,nbody_2.c 50000000,27,1695319937,2970847,nbody_2_g++-4.9,0:31.86,6496,2016,1840,100.0,0.0,1,6,0:31,0,12,556,0,232,0,2016,329,2,279,48,0,13.0,0.8,0.0,86.3,0.0,0.0,0.0,0.0,15794.9 MiB,4027.4 MiB,2196.3 MiB,9571.2 MiB,4096.0 MiB,3447.7 MiB,648.2 MiB,13009.1 MiB
7,g++-4.9 4.9.3,nbody_2.c 50000000,28,1695319938,2970847,nbody_2_g++-4.9,0:33.03,6496,2016,1840,100.0,0.0,1,2,0:33,0,12,556,0,232,0,2016,328,2,278,48,0,12.8,1.5,0.0,85.7,0.0,0.0,0.0,0.0,15794.9 MiB,4026.9 MiB,2196.8 MiB,9571.2 MiB,4096.0 MiB,3447.7 MiB,648.2 MiB,13008.6 MiB
7,g++-4.9 4.9.3,nbody_2.c 50000000,29,1695319939,2970847,nbody_2_g++-4.9,0:34.20,6496,2016,1840,93.8,0.0,1,2,0:34,0,12,556,0,232,0,2016,328,2,278,48,0,12.3,0.8,0.0,86.9,0.0,0.0,0.0,0.0,15794.9 MiB,4026.9 MiB,2196.8 MiB,9571.2 MiB,4096.0 MiB,3447.7 MiB,648.2 MiB,13008.6 MiB
7,g++-4.9 4.9.3,nbody_2.c 50000000,30,1695319941,2970847,nbody_2_g++-4.9,0:35.37,6496,2016,1840,100.0,0.0,1,2,0:35,0,12,556,0,232,0,2016,328,2,278,48,0,12.9,0.8,0.0,86.4,0.0,0.0,0.0,0.0,15794.9 MiB,4026.9 MiB,2196.8 MiB,9571.2 MiB,4096.0 MiB,3447.7 MiB,648.2 MiB,13008.6 MiB
7,g++-4.9 4.9.3,nbody_2.c 50000000,31,1695319942,2970847,nbody_2_g++-4.9,0:36.55,6496,2016,1840,100.0,0.0,1,2,0:36,0,12,556,0,232,0,2016,328,2,278,48,0,13.1,0.0,0.0,86.9,0.0,0.0,0.0,0.0,15794.9 MiB,4026.7 MiB,2197.0 MiB,9571.2 MiB,4096.0 MiB,3447.7 MiB,648.2 MiB,13008.3 MiB
7,g++-4.9 4.9.3,nbody_2.c 50000000,32,1695319943,2970847,nbody_2_g++-4.9,0:37.72,6496,2016,1840,93.8,0.0,1,2,0:37,0,12,556,0,232,0,2016,329,2,279,48,0,12.9,1.5,0.0,85.6,0.0,0.0,0.0,0.0,15794.9 MiB,4026.7 MiB,2197.0 MiB,9571.2 MiB,4096.0 MiB,3447.7 MiB,648.2 MiB,13008.3 MiB
7,g++-4.9 4.9.3,nbody_2.c 50000000,33,1695319944,2970847,nbody_2_g++-4.9,0:38.90,6496,2016,1840,100.0,0.0,1,6,0:38,0,12,556,0,232,0,2016,329,2,279,48,0,14.2,0.7,0.0,85.1,0.0,0.0,0.0,0.0,15794.9 MiB,4026.7 MiB,2197.0 MiB,9571.2 MiB,4096.0 MiB,3447.7 MiB,648.2 MiB,13008.3 MiB
7,g++-4.9 4.9.3,nbody_2.c 50000000,34,1695319945,2970847,nbody_2_g++-4.9,0:40.07,6496,2016,1840,100.0,0.0,1,6,0:40,0,12,556,0,232,0,2016,329,2,279,48,0,12.8,0.8,0.0,86.5,0.0,0.0,0.0,0.0,15794.9 MiB,4026.9 MiB,2196.8 MiB,9571.2 MiB,4096.0 MiB,3447.7 MiB,648.2 MiB,13008.6 MiB
7,g++-4.9 4.9.3,nbody_2.c 50000000,35,1695319946,2970847,nbody_2_g++-4.9,0:41.25,6496,2016,1840,100.0,0.0,1,6,0:41,0,12,556,0,232,0,2016,328,2,278,48,0,12.8,1.5,0.0,85.7,0.0,0.0,0.0,0.0,15794.9 MiB,4026.2 MiB,2197.5 MiB,9571.2 MiB,4096.0 MiB,3447.7 MiB,648.2 MiB,13007.8 MiB
7,g++-4.9 4.9.3,nbody_2.c 50000000,36,1695319948,2970847,nbody_2_g++-4.9,0:42.42,6496,2016,1840,93.8,0.0,1,6,0:42,0,12,556,0,232,0,2016,328,2,278,48,0,12.7,1.5,0.0,85.8,0.0,0.0,0.0,0.0,15794.9 MiB,4027.2 MiB,2196.5 MiB,9571.2 MiB,4096.0 MiB,3447.7 MiB,648.2 MiB,13008.8 MiB
7,g++-4.9 4.9.3,nbody_2.c 50000000,37,1695319949,2970847,nbody_2_g++-4.9,0:43.60,6496,2016,1840,100.0,0.0,1,6,0:43,0,12,556,0,232,0,2016,328,2,278,48,0,14.2,0.7,0.0,85.1,0.0,0.0,0.0,0.0,15794.9 MiB,4027.2 MiB,2196.5 MiB,9571.2 MiB,4096.0 MiB,3447.7 MiB,648.2 MiB,13008.8 MiB
7,g++-4.9 4.9.3,nbody_2.c 50000000,38,1695319950,2970847,nbody_2_g++-4.9,0:44.77,6496,2016,1840,93.8,0.0,1,6,0:44,0,12,556,0,232,0,2016,328,2,278,48,0,12.0,1.5,0.0,86.5,0.0,0.0,0.0,0.0,15794.9 MiB,4027.2 MiB,2196.5 MiB,9571.2 MiB,4096.0 MiB,3447.7 MiB,648.2 MiB,13008.8 MiB
7,g++-4.9 4.9.3,nbody_2.c 50000000,39,1695319951,2970847,nbody_2_g++-4.9,0:45.95,6496,2016,1840,100.0,0.0,1,6,0:45,0,12,556,0,232,0,2016,328,2,278,48,0,13.4,0.7,0.0,85.8,0.0,0.0,0.0,0.0,15794.9 MiB,4027.2 MiB,2196.5 MiB,9571.2 MiB,4096.0 MiB,3447.7 MiB,648.2 MiB,13008.8 MiB
7,g++-4.9 4.9.3,nbody_2.c 50000000,40,1695319952,2970847,nbody_2_g++-4.9,0:47.13,6496,2016,1840,100.0,0.0,1,6,0:47,0,12,556,0,232,0,2016,328,2,278,48,0,12.8,1.5,0.0,85.7,0.0,0.0,0.0,0.0,15794.9 MiB,4026.4 MiB,2197.2 MiB,9571.2 MiB,4096.0 MiB,3447.7 MiB,648.2 MiB,13008.1 MiB
7,g++-4.9 4.9.3,nbody_2.c 50000000,41,1695319953,2970847,nbody_2_g++-4.9,0:48.30,6496,2016,1840,100.0,0.0,1,6,0:48,0,12,556,0,232,0,2016,328,2,278,48,0,13.3,2.2,0.0,84.4,0.0,0.0,0.0,0.0,15794.9 MiB,4026.4 MiB,2197.2 MiB,9571.2 MiB,4096.0 MiB,3447.7 MiB,648.2 MiB,13008.1 MiB
7,g++-4.9 4.9.3,nbody_2.c 50000000,42,1695319955,2970847,nbody_2_g++-4.9,0:49.48,6496,2016,1840,100.0,0.0,1,6,0:49,0,12,556,0,232,0,2016,328,2,278,48,0,13.5,0.8,0.0,85.7,0.0,0.0,0.0,0.0,15794.9 MiB,4027.4 MiB,2196.2 MiB,9571.2 MiB,4096.0 MiB,3447.7 MiB,648.2 MiB,13009.1 MiB
7,g++-4.9 4.9.3,nbody_2.c 50000000,43,1695319956,2970847,nbody_2_g++-4.9,0:50.65,6496,2016,1840,100.0,0.0,1,6,0:50,0,12,556,0,232,0,2016,328,2,278,48,0,12.1,1.5,0.0,86.4,0.0,0.0,0.0,0.0,15794.9 MiB,4026.9 MiB,2196.7 MiB,9571.2 MiB,4096.0 MiB,3447.7 MiB,648.2 MiB,13008.6 MiB
7,g++-4.9 4.9.3,nbody_2.c 50000000,44,1695319957,2970847,nbody_2_g++-4.9,0:51.83,6496,2016,1840,100.0,0.0,1,6,0:51,0,12,556,0,232,0,2016,328,2,278,48,0,12.9,0.8,0.0,86.4,0.0,0.0,0.0,0.0,15794.9 MiB,4027.2 MiB,2196.5 MiB,9571.2 MiB,4096.0 MiB,3447.7 MiB,648.2 MiB,13008.8 MiB
7,g++-4.9 4.9.3,nbody_2.c 50000000,45,1695319958,2970847,nbody_2_g++-4.9,0:53.00,6496,2016,1840,93.8,0.0,1,2,0:53,0,12,556,0,232,0,2016,328,2,278,48,0,12.8,0.8,0.0,86.5,0.0,0.0,0.0,0.0,15794.9 MiB,4027.7 MiB,2196.0 MiB,9571.2 MiB,4096.0 MiB,3447.7 MiB,648.2 MiB,13009.3 MiB
7,g++-4.9 4.9.3,nbody_2.c 50000000,46,1695319959,2970847,nbody_2_g++-4.9,0:54.18,6496,2016,1840,100.0,0.0,1,2,0:54,0,12,556,0,232,0,2016,328,2,278,48,0,13.4,0.7,0.0,85.8,0.0,0.0,0.0,0.0,15794.9 MiB,4027.7 MiB,2196.0 MiB,9571.2 MiB,4096.0 MiB,3447.7 MiB,648.2 MiB,13009.3 MiB
7,g++-4.9 4.9.3,nbody_2.c 50000000,47,1695319961,2970847,nbody_2_g++-4.9,0:55.35,6496,2016,1840,100.0,0.0,1,2,0:55,0,12,556,0,232,0,2016,328,2,278,48,0,12.8,1.5,0.0,85.7,0.0,0.0,0.0,0.0,15794.9 MiB,4027.7 MiB,2196.0 MiB,9571.2 MiB,4096.0 MiB,3447.7 MiB,648.2 MiB,13009.3 MiB
7,g++-4.9 4.9.3,nbody_2.c 50000000,48,1695319962,2970847,nbody_2_g++-4.9,0:56.53,6496,2016,1840,100.0,0.0,1,2,0:56,0,12,556,0,232,0,2016,328,2,278,48,0,12.9,0.8,0.0,86.4,0.0,0.0,0.0,0.0,15794.9 MiB,4027.7 MiB,2196.0 MiB,9571.2 MiB,4096.0 MiB,3447.7 MiB,648.2 MiB,13009.3 MiB
7,g++-4.9 4.9.3,nbody_2.c 50000000,49,1695319963,2970847,nbody_2_g++-4.9,0:57.70,6496,2016,1840,93.8,0.0,1,2,0:57,0,12,556,0,232,0,2016,328,2,278,48,0,12.8,1.5,0.0,85.7,0.0,0.0,0.0,0.0,15794.9 MiB,4027.7 MiB,2196.0 MiB,9571.2 MiB,4096.0 MiB,3447.7 MiB,648.2 MiB,13009.3 MiB
7,g++-4.9 4.9.3,nbody_2.c 50000000,50,1695319964,2970847,nbody_2_g++-4.9,0:58.88,6496,2016,1840,100.0,0.0,1,2,0:58,0,12,556,0,232,0,2016,328,2,278,48,0,12.9,0.8,0.0,86.4,0.0,0.0,0.0,0.0,15794.9 MiB,4028.4 MiB,2195.2 MiB,9571.2 MiB,4096.0 MiB,3447.7 MiB,648.2 MiB,13010.1 MiB
7,g++-4.9 4.9.3,nbody_2.c 50000000,51,1695319965,2970847,nbody_2_g++-4.9,1:00.05,6496,2016,1840,100.0,0.0,1,2,1:00,0,12,556,0,232,0,2016,328,2,278,48,0,12.8,0.8,0.0,86.5,0.0,0.0,0.0,0.0,15794.9 MiB,4027.7 MiB,2196.0 MiB,9571.2 MiB,4096.0 MiB,3447.7 MiB,648.2 MiB,13009.3 MiB
7,g++-4.9 4.9.3,nbody_2.c 50000000,52,1695319966,2970847,nbody_2_g++-4.9,1:01.22,6496,2016,1840,93.8,0.0,1,2,1:01,0,12,556,0,232,0,2016,328,2,278,48,0,12.9,0.8,0.0,86.4,0.0,0.0,0.0,0.0,15794.9 MiB,4027.7 MiB,2196.0 MiB,9571.2 MiB,4096.0 MiB,3447.7 MiB,648.2 MiB,13009.3 MiB
7,g++-4.9 4.9.3,nbody_2.c 50000000,53,1695319968,2970847,nbody_2_g++-4.9,1:02.40,6496,2016,1840,100.0,0.0,1,2,1:02,0,12,556,0,232,0,2016,328,2,278,48,0,12.8,1.5,0.0,85.7,0.0,0.0,0.0,0.0,15794.9 MiB,4026.5 MiB,2197.2 MiB,9571.2 MiB,4096.0 MiB,3447.7 MiB,648.2 MiB,13008.1 MiB
7,g++-4.9 4.9.3,nbody_2.c 50000000,54,1695319969,2970847,nbody_2_g++-4.9,1:03.58,6496,2016,1840,100.0,0.0,1,2,1:03,0,12,556,0,232,0,2016,328,2,278,48,0,12.8,1.5,0.0,85.7,0.0,0.0,0.0,0.0,15794.9 MiB,4026.5 MiB,2197.2 MiB,9571.2 MiB,4096.0 MiB,3447.7 MiB,648.2 MiB,13008.1 MiB
7,g++-4.9 4.9.3,nbody_2.c 50000000,55,1695319970,2970847,nbody_2_g++-4.9,1:04.75,6496,2016,1840,100.0,0.0,1,6,1:04,0,12,556,0,232,0,2016,328,2,278,48,0,12.9,0.8,0.0,86.4,0.0,0.0,0.0,0.0,15794.9 MiB,4026.5 MiB,2197.2 MiB,9571.2 MiB,4096.0 MiB,3447.7 MiB,648.2 MiB,13008.1 MiB
7,g++-4.9 4.9.3,nbody_2.c 50000000,56,1695319971,2970847,nbody_2_g++-4.9,1:05.92,6496,2016,1840,93.8,0.0,1,6,1:05,0,12,556,0,232,0,2016,328,2,278,48,0,12.8,0.8,0.0,86.5,0.0,0.0,0.0,0.0,15794.9 MiB,4026.5 MiB,2197.2 MiB,9571.2 MiB,4096.0 MiB,3447.7 MiB,648.2 MiB,13008.1 MiB
7,g++-4.9 4.9.3,nbody_2.c 50000000,57,1695319972,2970847,nbody_2_g++-4.9,1:07.10,6496,2016,1840,100.0,0.0,1,6,1:07,0,12,556,0,232,0,2016,328,2,278,48,0,14.1,0.7,0.0,85.2,0.0,0.0,0.0,0.0,15794.9 MiB,4026.2 MiB,2197.4 MiB,9571.2 MiB,4096.0 MiB,3447.7 MiB,648.2 MiB,13007.9 MiB
7,g++-4.9 4.9.3,nbody_2.c 50000000,58,1695319973,2970847,nbody_2_g++-4.9,1:08.28,6496,2016,1840,100.0,0.0,1,6,1:08,0,12,556,0,232,0,2016,328,2,278,48,0,13.4,0.7,0.0,85.8,0.0,0.0,0.0,0.0,15794.9 MiB,4026.2 MiB,2197.4 MiB,9571.2 MiB,4096.0 MiB,3447.7 MiB,648.2 MiB,13007.9 MiB
7,g++-4.9 4.9.3,nbody_2.c 50000000,59,1695319975,2970847,nbody_2_g++-4.9,1:09.45,6496,2016,1840,100.0,0.0,1,6,1:09,0,12,556,0,232,0,2016,328,2,278,48,0,12.1,1.5,0.0,86.4,0.0,0.0,0.0,0.0,15794.9 MiB,4026.5 MiB,2197.2 MiB,9571.2 MiB,4096.0 MiB,3447.7 MiB,648.2 MiB,13008.1 MiB
7,g++-4.9 4.9.3,nbody_2.c 50000000,60,1695319976,2970847,nbody_2_g++-4.9,1:10.62,6496,2016,1840,93.8,0.0,1,2,1:10,0,12,556,0,232,0,2016,328,2,278,48,0,12.1,1.5,0.0,86.4,0.0,0.0,0.0,0.0,15794.9 MiB,4026.0 MiB,2197.7 MiB,9571.2 MiB,4096.0 MiB,3447.7 MiB,648.2 MiB,13007.7 MiB
7,g++-4.9 4.9.3,nbody_2.c 50000000,61,1695319977,2970847,nbody_2_g++-4.9,1:11.80,6496,2016,1840,100.0,0.0,1,2,1:11,0,12,556,0,232,0,2016,328,2,278,48,0,13.4,0.7,0.0,85.1,0.7,0.0,0.0,0.0,15794.9 MiB,4025.7 MiB,2197.9 MiB,9571.2 MiB,4096.0 MiB,3447.7 MiB,648.2 MiB,13007.4 MiB
7,g++-4.9 4.9.3,nbody_2.c 50000000,62,1695319978,2970847,nbody_2_g++-4.9,1:12.98,6496,2016,1840,100.0,0.0,1,2,1:12,0,12,556,0,232,0,2016,328,2,278,48,0,12.8,1.5,0.0,85.7,0.0,0.0,0.0,0.0,15794.9 MiB,4025.7 MiB,2197.9 MiB,9571.2 MiB,4096.0 MiB,3447.7 MiB,648.2 MiB,13007.4 MiB
7,g++-4.9 4.9.3,nbody_2.c 50000000,63,1695319979,2970847,nbody_2_g++-4.9,1:14.15,6496,2016,1840,100.0,0.0,1,2,1:14,0,12,556,0,232,0,2016,328,2,278,48,0,12.8,1.5,0.0,85.7,0.0,0.0,0.0,0.0,15794.9 MiB,4026.2 MiB,2197.4 MiB,9571.2 MiB,4096.0 MiB,3447.7 MiB,648.2 MiB,13007.9 MiB
7,g++-4.9 4.9.3,nbody_2.c 50000000,64,1695319981,2970847,nbody_2_g++-4.9,1:15.32,6496,2016,1840,100.0,0.0,1,2,1:15,0,12,556,0,232,0,2016,328,2,278,48,0,12.8,0.8,0.0,86.5,0.0,0.0,0.0,0.0,15794.9 MiB,4027.4 MiB,2196.4 MiB,9571.0 MiB,4096.0 MiB,3447.7 MiB,648.2 MiB,13009.1 MiB
7,g++-4.9 4.9.3,nbody_2.c 50000000,65,1695319982,2970847,nbody_2_g++-4.9,1:16.50,6496,2016,1840,100.0,0.0,1,2,1:16,0,12,556,0,232,0,2016,328,2,278,48,0,14.2,0.0,0.0,85.8,0.0,0.0,0.0,0.0,15794.9 MiB,4027.4 MiB,2196.4 MiB,9571.0 MiB,4096.0 MiB,3447.7 MiB,648.2 MiB,13009.1 MiB
7,g++-4.9 4.9.3,nbody_2.c 50000000,66,1695319983,2970847,nbody_2_g++-4.9,1:17.68,6496,2016,1840,100.0,0.0,1,6,1:17,0,12,556,0,232,0,2016,328,2,278,48,0,13.4,1.5,0.0,84.3,0.7,0.0,0.0,0.0,15794.9 MiB,4026.5 MiB,2197.4 MiB,9571.0 MiB,4096.0 MiB,3447.7 MiB,648.2 MiB,13008.2 MiB
7,g++-4.9 4.9.3,nbody_2.c 50000000,67,1695319984,2970847,nbody_2_g++-4.9,1:18.85,6496,2016,1840,100.0,0.0,1,6,1:18,0,12,556,0,232,0,2016,328,2,278,48,0,12.2,0.8,0.0,87.0,0.0,0.0,0.0,0.0,15794.9 MiB,4026.5 MiB,2197.4 MiB,9571.0 MiB,4096.0 MiB,3447.7 MiB,648.2 MiB,13008.2 MiB
7,g++-4.9 4.9.3,nbody_2.c 50000000,68,1695319985,2970847,nbody_2_g++-4.9,1:20.02,6496,2016,1840,93.8,0.0,1,6,1:20,0,12,556,0,232,0,2016,328,2,278,48,0,12.1,0.8,0.0,87.1,0.0,0.0,0.0,0.0,15794.9 MiB,4026.0 MiB,2197.9 MiB,9571.0 MiB,4096.0 MiB,3447.7 MiB,648.2 MiB,13007.7 MiB
7,g++-4.9 4.9.3,nbody_2.c 50000000,69,1695319986,2970847,nbody_2_g++-4.9,1:21.20,6496,2016,1840,100.0,0.0,1,6,1:21,0,12,556,0,232,0,2016,328,2,278,48,0,13.5,0.8,0.0,85.7,0.0,0.0,0.0,0.0,15794.9 MiB,4026.0 MiB,2197.8 MiB,9571.0 MiB,4096.0 MiB,3447.7 MiB,648.2 MiB,13007.7 MiB
7,g++-4.9 4.9.3,nbody_2.c 50000000,70,1695319988,2970847,nbody_2_g++-4.9,1:22.38,6496,2016,1840,100.0,0.0,1,2,1:22,0,12,556,0,232,0,2016,328,2,278,48,0,13.5,0.8,0.0,85.7,0.0,0.0,0.0,0.0,15794.9 MiB,4026.0 MiB,2197.8 MiB,9571.0 MiB,4096.0 MiB,3447.7 MiB,648.2 MiB,13007.7 MiB
7,g++-4.9 4.9.3,nbody_2.c 50000000,71,1695319989,2970847,nbody_2_g++-4.9,1:23.55,6496,2016,1840,100.0,0.0,1,2,1:23,0,12,556,0,232,0,2016,328,2,278,48,0,13.5,0.8,0.0,85.7,0.0,0.0,0.0,0.0,15794.9 MiB,4025.2 MiB,2198.6 MiB,9571.1 MiB,4096.0 MiB,3447.7 MiB,648.2 MiB,13006.9 MiB
7,g++-4.9 4.9.3,nbody_2.c 50000000,72,1695319990,2970847,nbody_2_g++-4.9,1:24.72,6496,2016,1840,93.8,0.0,1,2,1:24,0,12,556,0,232,0,2016,328,3,277,48,0,13.4,1.5,0.0,85.1,0.0,0.0,0.0,0.0,15794.9 MiB,4025.2 MiB,2198.6 MiB,9571.1 MiB,4096.0 MiB,3447.7 MiB,648.2 MiB,13006.9 MiB
7,g++-4.9 4.9.3,nbody_2.c 50000000,73,1695319991,2970847,nbody_2_g++-4.9,1:25.90,6496,2016,1840,100.0,0.0,1,2,1:25,0,12,556,0,232,0,2016,328,2,278,48,0,13.5,0.8,0.0,85.7,0.0,0.0,0.0,0.0,15794.9 MiB,4025.2 MiB,2198.6 MiB,9571.1 MiB,4096.0 MiB,3447.7 MiB,648.2 MiB,13006.9 MiB
7,g++-4.9 4.9.3,nbody_2.c 50000000,74,1695319992,2970847,,,,,,,,,,,,,,,,,,327,1,278,48,0,9.0,1.5,0.0,89.6,0.0,0.0,0.0,0.0,15794.9 MiB,4018.1 MiB,2198.8 MiB,9578.0 MiB,4096.0 MiB,3447.7 MiB,648.2 MiB,12999.8 MiB
8,g++-4.9 4.9.3,nbody_2.c 50000000,0,1695319993,2971314,nbody_2_g++-4.9,0:00.16,6496,1960,1784,93.8,0.0,1,5,0:00,0,12,556,0,233,0,1960,328,2,278,48,0,13.8,0.8,0.0,84.6,0.8,0.0,0.0,0.0,15794.9 MiB,4014.7 MiB,2201.1 MiB,9579.1 MiB,4096.0 MiB,3447.7 MiB,648.2 MiB,12997.3 MiB
8,g++-4.9 4.9.3,nbody_2.c 50000000,1,1695319995,2971314,nbody_2_g++-4.9,0:01.34,6496,1960,1784,100.0,0.0,1,5,0:01,0,12,556,0,233,0,1960,328,3,277,48,0,12.8,1.5,0.0,85.7,0.0,0.0,0.0,0.0,15794.9 MiB,4014.4 MiB,2201.4 MiB,9579.1 MiB,4096.0 MiB,3447.7 MiB,648.2 MiB,12997.0 MiB
8,g++-4.9 4.9.3,nbody_2.c 50000000,2,1695319996,2971314,nbody_2_g++-4.9,0:02.51,6496,1960,1784,100.0,0.0,1,5,0:02,0,12,556,0,233,0,1960,328,2,278,48,0,12.9,0.8,0.0,86.4,0.0,0.0,0.0,0.0,15794.9 MiB,4021.3 MiB,2201.5 MiB,9572.1 MiB,4096.0 MiB,3447.7 MiB,648.2 MiB,13003.9 MiB
8,g++-4.9 4.9.3,nbody_2.c 50000000,3,1695319997,2971314,nbody_2_g++-4.9,0:03.69,6496,1960,1784,100.0,0.0,1,5,0:03,0,12,556,0,233,0,1960,328,2,278,48,0,12.8,0.8,0.0,86.5,0.0,0.0,0.0,0.0,15794.9 MiB,4020.1 MiB,2202.7 MiB,9572.1 MiB,4096.0 MiB,3447.7 MiB,648.2 MiB,13002.6 MiB
8,g++-4.9 4.9.3,nbody_2.c 50000000,4,1695319998,2971314,nbody_2_g++-4.9,0:04.86,6496,1960,1784,93.8,0.0,1,5,0:04,0,12,556,0,233,0,1960,328,2,278,48,0,12.8,1.5,0.0,85.7,0.0,0.0,0.0,0.0,15794.9 MiB,4021.8 MiB,2201.0 MiB,9572.1 MiB,4096.0 MiB,3447.7 MiB,648.2 MiB,13004.4 MiB
8,g++-4.9 4.9.3,nbody_2.c 50000000,5,1695319999,2971314,nbody_2_g++-4.9,0:06.04,6496,1960,1784,100.0,0.0,1,5,0:06,0,12,556,0,233,0,1960,328,2,278,48,0,13.4,1.5,0.0,85.1,0.0,0.0,0.0,0.0,15794.9 MiB,4021.8 MiB,2201.0 MiB,9572.1 MiB,4096.0 MiB,3447.7 MiB,648.2 MiB,13004.4 MiB
8,g++-4.9 4.9.3,nbody_2.c 50000000,6,1695320001,2971314,nbody_2_g++-4.9,0:07.21,6496,1960,1784,100.0,0.0,1,1,0:07,0,12,556,0,233,0,1960,328,2,278,48,0,13.5,0.8,0.0,85.7,0.0,0.0,0.0,0.0,15794.9 MiB,4021.8 MiB,2201.0 MiB,9572.1 MiB,4096.0 MiB,3447.7 MiB,648.2 MiB,13004.4 MiB
8,g++-4.9 4.9.3,nbody_2.c 50000000,7,1695320002,2971314,nbody_2_g++-4.9,0:08.39,6496,1960,1784,100.0,0.0,1,1,0:08,0,12,556,0,233,0,1960,328,2,278,48,0,13.6,0.0,0.0,86.4,0.0,0.0,0.0,0.0,15794.9 MiB,4021.3 MiB,2201.4 MiB,9572.1 MiB,4096.0 MiB,3447.7 MiB,648.2 MiB,13003.9 MiB
8,g++-4.9 4.9.3,nbody_2.c 50000000,8,1695320003,2971314,nbody_2_g++-4.9,0:09.56,6496,1960,1784,93.8,0.0,1,1,0:09,0,12,556,0,233,0,1960,328,2,278,48,0,12.9,0.8,0.0,86.4,0.0,0.0,0.0,0.0,15794.9 MiB,4021.6 MiB,2201.2 MiB,9572.1 MiB,4096.0 MiB,3447.7 MiB,648.2 MiB,13004.1 MiB
8,g++-4.9 4.9.3,nbody_2.c 50000000,9,1695320004,2971314,nbody_2_g++-4.9,0:10.74,6496,1960,1784,100.0,0.0,1,1,0:10,0,12,556,0,233,0,1960,328,2,278,48,0,14.1,1.5,0.0,84.4,0.0,0.0,0.0,0.0,15794.9 MiB,4021.6 MiB,2201.2 MiB,9572.1 MiB,4096.0 MiB,3447.7 MiB,648.2 MiB,13004.1 MiB
8,g++-4.9 4.9.3,nbody_2.c 50000000,10,1695320005,2971314,nbody_2_g++-4.9,0:11.91,6496,1960,1784,100.0,0.0,1,5,0:11,0,12,556,0,233,0,1960,328,2,278,48,0,13.4,1.5,0.0,85.1,0.0,0.0,0.0,0.0,15794.9 MiB,4021.3 MiB,2201.4 MiB,9572.1 MiB,4096.0 MiB,3447.7 MiB,648.2 MiB,13003.9 MiB
8,g++-4.9 4.9.3,nbody_2.c 50000000,11,1695320006,2971314,nbody_2_g++-4.9,0:13.09,6496,1960,1784,100.0,0.0,1,5,0:13,0,12,556,0,233,0,1960,328,2,278,48,0,12.0,1.5,0.0,86.5,0.0,0.0,0.0,0.0,15794.9 MiB,4022.5 MiB,2200.2 MiB,9572.1 MiB,4096.0 MiB,3447.7 MiB,648.2 MiB,13005.1 MiB
8,g++-4.9 4.9.3,nbody_2.c 50000000,12,1695320008,2971314,nbody_2_g++-4.9,0:14.26,6496,1960,1784,93.8,0.0,1,5,0:14,0,12,556,0,233,0,1960,328,2,278,48,0,12.2,0.8,0.0,87.0,0.0,0.0,0.0,0.0,15794.9 MiB,4022.1 MiB,2200.7 MiB,9572.1 MiB,4096.0 MiB,3447.7 MiB,648.2 MiB,13004.7 MiB
8,g++-4.9 4.9.3,nbody_2.c 50000000,13,1695320009,2971314,nbody_2_g++-4.9,0:15.44,6496,1960,1784,100.0,0.0,1,5,0:15,0,12,556,0,233,0,1960,328,2,278,48,0,13.4,1.5,0.0,85.1,0.0,0.0,0.0,0.0,15794.9 MiB,4021.6 MiB,2201.2 MiB,9572.1 MiB,4096.0 MiB,3447.7 MiB,648.2 MiB,13004.2 MiB
8,g++-4.9 4.9.3,nbody_2.c 50000000,14,1695320010,2971314,nbody_2_g++-4.9,0:16.61,6496,1960,1784,100.0,0.0,1,5,0:16,0,12,556,0,233,0,1960,328,2,278,48,0,12.9,0.8,0.0,86.4,0.0,0.0,0.0,0.0,15794.9 MiB,4021.1 MiB,2201.7 MiB,9572.1 MiB,4096.0 MiB,3447.7 MiB,648.2 MiB,13003.7 MiB
8,g++-4.9 4.9.3,nbody_2.c 50000000,15,1695320011,2971314,nbody_2_g++-4.9,0:17.78,6496,1960,1784,93.8,0.0,1,5,0:17,0,12,556,0,233,0,1960,328,2,278,48,0,12.8,0.8,0.0,86.5,0.0,0.0,0.0,0.0,15794.9 MiB,4020.8 MiB,2201.9 MiB,9572.1 MiB,4096.0 MiB,3447.7 MiB,648.2 MiB,13003.4 MiB
8,g++-4.9 4.9.3,nbody_2.c 50000000,16,1695320012,2971314,nbody_2_g++-4.9,0:18.96,6496,1960,1784,100.0,0.0,1,5,0:18,0,12,556,0,233,0,1960,328,2,278,48,0,13.0,0.8,0.0,86.3,0.0,0.0,0.0,0.0,15794.9 MiB,4021.3 MiB,2201.4 MiB,9572.1 MiB,4096.0 MiB,3447.7 MiB,648.2 MiB,13003.9 MiB
8,g++-4.9 4.9.3,nbody_2.c 50000000,17,1695320013,2971314,nbody_2_g++-4.9,0:20.14,6496,1960,1784,100.0,0.0,1,5,0:20,0,12,556,0,233,0,1960,328,2,278,48,0,13.3,1.5,0.0,85.2,0.0,0.0,0.0,0.0,15794.9 MiB,4021.3 MiB,2201.4 MiB,9572.1 MiB,4096.0 MiB,3447.7 MiB,648.2 MiB,13003.9 MiB
8,g++-4.9 4.9.3,nbody_2.c 50000000,18,1695320015,2971314,nbody_2_g++-4.9,0:21.31,6496,1960,1784,100.0,0.0,1,5,0:21,0,12,556,0,233,0,1960,328,2,278,48,0,12.9,0.8,0.0,86.4,0.0,0.0,0.0,0.0,15794.9 MiB,4021.3 MiB,2201.4 MiB,9572.1 MiB,4096.0 MiB,3447.7 MiB,648.2 MiB,13003.9 MiB
8,g++-4.9 4.9.3,nbody_2.c 50000000,19,1695320016,2971314,nbody_2_g++-4.9,0:22.48,6496,1960,1784,100.0,0.0,1,5,0:22,0,12,556,0,233,0,1960,328,2,278,48,0,13.3,2.2,0.0,84.4,0.0,0.0,0.0,0.0,15794.9 MiB,4021.3 MiB,2201.4 MiB,9572.1 MiB,4096.0 MiB,3447.7 MiB,648.2 MiB,13003.9 MiB
8,g++-4.9 4.9.3,nbody_2.c 50000000,20,1695320017,2971314,nbody_2_g++-4.9,0:23.66,6496,1960,1784,100.0,0.0,1,1,0:23,0,12,556,0,233,0,1960,328,2,278,48,0,13.7,0.0,0.0,86.3,0.0,0.0,0.0,0.0,15794.9 MiB,4021.6 MiB,2201.1 MiB,9572.1 MiB,4096.0 MiB,3447.7 MiB,648.2 MiB,13004.2 MiB
8,g++-4.9 4.9.3,nbody_2.c 50000000,21,1695320018,2971314,nbody_2_g++-4.9,0:24.84,6496,1960,1784,100.0,0.0,1,1,0:24,0,12,556,0,233,0,1960,328,2,278,48,0,13.5,0.8,0.0,85.7,0.0,0.0,0.0,0.0,15794.9 MiB,4021.3 MiB,2201.4 MiB,9572.1 MiB,4096.0 MiB,3447.7 MiB,648.2 MiB,13003.9 MiB
8,g++-4.9 4.9.3,nbody_2.c 50000000,22,1695320019,2971314,nbody_2_g++-4.9,0:26.01,6496,1960,1784,100.0,0.0,1,5,0:26,0,12,556,0,233,0,1960,328,2,278,48,0,12.9,1.5,0.0,85.6,0.0,0.0,0.0,0.0,15794.9 MiB,4021.6 MiB,2201.1 MiB,9572.1 MiB,4096.0 MiB,3447.7 MiB,648.2 MiB,13004.2 MiB
8,g++-4.9 4.9.3,nbody_2.c 50000000,23,1695320020,2971314,nbody_2_g++-4.9,0:27.18,6496,1960,1784,100.0,0.0,1,5,0:27,0,12,556,0,233,0,1960,328,2,278,48,0,12.9,0.8,0.0,86.4,0.0,0.0,0.0,0.0,15794.9 MiB,4021.3 MiB,2201.3 MiB,9572.2 MiB,4096.0 MiB,3447.7 MiB,648.2 MiB,13003.9 MiB
8,g++-4.9 4.9.3,nbody_2.c 50000000,24,1695320022,2971314,nbody_2_g++-4.9,0:28.36,6496,1960,1784,100.0,0.0,1,5,0:28,0,12,556,0,233,0,1960,328,2,278,48,0,12.7,1.5,0.0,85.8,0.0,0.0,0.0,0.0,15794.9 MiB,4021.3 MiB,2201.3 MiB,9572.2 MiB,4096.0 MiB,3447.7 MiB,648.2 MiB,13003.9 MiB
8,g++-4.9 4.9.3,nbody_2.c 50000000,25,1695320023,2971314,nbody_2_g++-4.9,0:29.54,6496,1960,1784,100.0,0.0,1,5,0:29,0,12,556,0,233,0,1960,328,2,278,48,0,12.9,0.8,0.0,85.6,0.8,0.0,0.0,0.0,15794.9 MiB,4021.3 MiB,2201.3 MiB,9572.2 MiB,4096.0 MiB,3447.7 MiB,648.2 MiB,13003.9 MiB
8,g++-4.9 4.9.3,nbody_2.c 50000000,26,1695320024,2971314,nbody_2_g++-4.9,0:30.71,6496,1960,1784,100.0,0.0,1,5,0:30,0,12,556,0,233,0,1960,328,2,278,48,0,12.8,0.8,0.0,86.5,0.0,0.0,0.0,0.0,15794.9 MiB,4020.8 MiB,2201.9 MiB,9572.2 MiB,4096.0 MiB,3447.7 MiB,648.2 MiB,13003.5 MiB
8,g++-4.9 4.9.3,nbody_2.c 50000000,27,1695320025,2971314,nbody_2_g++-4.9,0:31.88,6496,1960,1784,93.8,0.0,1,5,0:31,0,12,556,0,233,0,1960,328,2,278,48,0,12.2,0.8,0.0,87.0,0.0,0.0,0.0,0.0,15794.9 MiB,4020.1 MiB,2202.6 MiB,9572.2 MiB,4096.0 MiB,3447.7 MiB,648.2 MiB,13002.7 MiB
8,g++-4.9 4.9.3,nbody_2.c 50000000,28,1695320026,2971314,nbody_2_g++-4.9,0:33.06,6496,1960,1784,100.0,0.0,1,5,0:33,0,12,556,0,233,0,1960,328,2,278,48,0,13.5,1.5,0.0,85.0,0.0,0.0,0.0,0.0,15794.9 MiB,4019.9 MiB,2202.8 MiB,9572.2 MiB,4096.0 MiB,3447.7 MiB,648.2 MiB,13002.5 MiB
8,g++-4.9 4.9.3,nbody_2.c 50000000,29,1695320028,2971314,nbody_2_g++-4.9,0:34.24,6496,1960,1784,100.0,0.0,1,5,0:34,0,12,556,0,233,0,1960,328,2,278,48,0,13.3,1.5,0.0,85.2,0.0,0.0,0.0,0.0,15794.9 MiB,4019.6 MiB,2203.1 MiB,9572.2 MiB,4096.0 MiB,3447.7 MiB,648.2 MiB,13002.2 MiB
8,g++-4.9 4.9.3,nbody_2.c 50000000,30,1695320029,2971314,nbody_2_g++-4.9,0:35.41,6496,1960,1784,100.0,0.0,1,5,0:35,0,12,556,0,233,0,1960,328,2,278,48,0,12.8,0.8,0.0,86.5,0.0,0.0,0.0,0.0,15794.9 MiB,4020.1 MiB,2202.6 MiB,9572.2 MiB,4096.0 MiB,3447.7 MiB,648.2 MiB,13002.7 MiB
8,g++-4.9 4.9.3,nbody_2.c 50000000,31,1695320030,2971314,nbody_2_g++-4.9,0:36.59,6496,1960,1784,100.0,0.0,1,5,0:36,0,12,556,0,233,0,1960,328,2,278,48,0,13.4,1.5,0.0,85.1,0.0,0.0,0.0,0.0,15794.9 MiB,4020.9 MiB,2201.8 MiB,9572.2 MiB,4096.0 MiB,3447.7 MiB,648.2 MiB,13003.5 MiB
8,g++-4.9 4.9.3,nbody_2.c 50000000,32,1695320031,2971314,nbody_2_g++-4.9,0:37.76,6496,1960,1784,100.0,0.0,1,1,0:37,0,12,556,0,233,0,1960,328,2,278,48,0,12.9,0.8,0.0,86.4,0.0,0.0,0.0,0.0,15794.9 MiB,4021.1 MiB,2201.6 MiB,9572.2 MiB,4096.0 MiB,3447.7 MiB,648.2 MiB,13003.7 MiB
8,g++-4.9 4.9.3,nbody_2.c 50000000,33,1695320032,2971314,nbody_2_g++-4.9,0:38.94,6496,1960,1784,100.0,0.0,1,1,0:38,0,12,556,0,233,0,1960,328,2,278,48,0,12.8,0.8,0.0,86.5,0.0,0.0,0.0,0.0,15794.9 MiB,4021.3 MiB,2201.4 MiB,9572.2 MiB,4096.0 MiB,3447.7 MiB,648.2 MiB,13004.0 MiB
8,g++-4.9 4.9.3,nbody_2.c 50000000,34,1695320033,2971314,nbody_2_g++-4.9,0:40.11,6496,1960,1784,93.8,0.0,1,1,0:40,0,12,556,0,233,0,1960,328,2,278,48,0,12.8,1.5,0.0,85.0,0.8,0.0,0.0,0.0,15794.9 MiB,4021.3 MiB,2201.3 MiB,9572.2 MiB,4096.0 MiB,3447.7 MiB,648.2 MiB,13004.0 MiB
8,g++-4.9 4.9.3,nbody_2.c 50000000,35,1695320035,2971314,nbody_2_g++-4.9,0:41.29,6496,1960,1784,100.0,0.0,1,1,0:41,0,12,556,0,233,0,1960,328,2,278,48,0,12.8,1.5,0.0,85.7,0.0,0.0,0.0,0.0,15794.9 MiB,4021.3 MiB,2201.3 MiB,9572.2 MiB,4096.0 MiB,3447.7 MiB,648.2 MiB,13004.0 MiB
8,g++-4.9 4.9.3,nbody_2.c 50000000,36,1695320036,2971314,nbody_2_g++-4.9,0:42.46,6496,1960,1784,100.0,0.0,1,1,0:42,0,12,556,0,233,0,1960,328,2,278,48,0,12.1,0.8,0.0,87.1,0.0,0.0,0.0,0.0,15794.9 MiB,4021.1 MiB,2201.6 MiB,9572.2 MiB,4096.0 MiB,3447.7 MiB,648.2 MiB,13003.7 MiB
8,g++-4.9 4.9.3,nbody_2.c 50000000,37,1695320037,2971314,nbody_2_g++-4.9,0:43.64,6496,1960,1784,100.0,0.0,1,1,0:43,0,12,556,0,233,0,1960,328,2,278,48,0,13.5,0.8,0.0,85.7,0.0,0.0,0.0,0.0,15794.9 MiB,4020.9 MiB,2201.8 MiB,9572.2 MiB,4096.0 MiB,3447.7 MiB,648.2 MiB,13003.5 MiB
8,g++-4.9 4.9.3,nbody_2.c 50000000,38,1695320038,2971314,nbody_2_g++-4.9,0:44.81,6496,1960,1784,100.0,0.0,1,1,0:44,0,12,556,0,233,0,1960,328,2,278,48,0,13.5,0.8,0.0,85.7,0.0,0.0,0.0,0.0,15794.9 MiB,4021.6 MiB,2201.1 MiB,9572.2 MiB,4096.0 MiB,3447.7 MiB,648.2 MiB,13004.2 MiB
8,g++-4.9 4.9.3,nbody_2.c 50000000,39,1695320039,2971314,nbody_2_g++-4.9,0:45.98,6496,1960,1784,93.8,0.0,1,5,0:45,0,12,556,0,233,0,1960,328,2,278,48,0,12.9,0.8,0.0,86.4,0.0,0.0,0.0,0.0,15794.9 MiB,4021.6 MiB,2201.1 MiB,9572.2 MiB,4096.0 MiB,3447.7 MiB,648.2 MiB,13004.2 MiB
8,g++-4.9 4.9.3,nbody_2.c 50000000,40,1695320040,2971314,nbody_2_g++-4.9,0:47.16,6496,1960,1784,100.0,0.0,1,5,0:47,0,12,556,0,233,0,1960,328,2,278,48,0,12.9,0.8,0.0,86.4,0.0,0.0,0.0,0.0,15794.9 MiB,4021.6 MiB,2201.0 MiB,9572.2 MiB,4096.0 MiB,3447.7 MiB,648.2 MiB,13004.2 MiB
8,g++-4.9 4.9.3,nbody_2.c 50000000,41,1695320042,2971314,nbody_2_g++-4.9,0:48.34,6496,1960,1784,100.0,0.0,1,5,0:48,0,12,556,0,233,0,1960,327,2,277,48,0,12.9,1.5,0.0,85.6,0.0,0.0,0.0,0.0,15794.9 MiB,4021.8 MiB,2200.9 MiB,9572.2 MiB,4096.0 MiB,3447.7 MiB,648.2 MiB,13004.5 MiB
8,g++-4.9 4.9.3,nbody_2.c 50000000,42,1695320043,2971314,nbody_2_g++-4.9,0:49.51,6496,1960,1784,100.0,0.0,1,1,0:49,0,12,556,0,233,0,1960,327,2,277,48,0,14.1,0.7,0.0,85.2,0.0,0.0,0.0,0.0,15794.9 MiB,4022.1 MiB,2200.6 MiB,9572.2 MiB,4096.0 MiB,3447.7 MiB,648.2 MiB,13004.7 MiB
8,g++-4.9 4.9.3,nbody_2.c 50000000,43,1695320044,2971314,nbody_2_g++-4.9,0:50.68,6496,1960,1784,93.8,0.0,1,1,0:50,0,12,556,0,233,0,1960,327,2,277,48,0,12.1,1.5,0.0,86.4,0.0,0.0,0.0,0.0,15794.9 MiB,4022.1 MiB,2200.6 MiB,9572.2 MiB,4096.0 MiB,3447.7 MiB,648.2 MiB,13004.7 MiB
8,g++-4.9 4.9.3,nbody_2.c 50000000,44,1695320045,2971314,nbody_2_g++-4.9,0:51.86,6496,1960,1784,100.0,0.0,1,1,0:51,0,12,556,0,233,0,1960,327,2,277,48,0,12.9,0.8,0.0,86.4,0.0,0.0,0.0,0.0,15794.9 MiB,4022.8 MiB,2199.9 MiB,9572.2 MiB,4096.0 MiB,3447.7 MiB,648.2 MiB,13005.5 MiB
8,g++-4.9 4.9.3,nbody_2.c 50000000,45,1695320046,2971314,nbody_2_g++-4.9,0:53.04,6496,1960,1784,100.0,0.0,1,1,0:53,0,12,556,0,233,0,1960,327,2,277,48,0,13.5,0.8,0.0,85.7,0.0,0.0,0.0,0.0,15794.9 MiB,4023.1 MiB,2199.6 MiB,9572.2 MiB,4096.0 MiB,3447.7 MiB,648.2 MiB,13005.7 MiB
8,g++-4.9 4.9.3,nbody_2.c 50000000,46,1695320048,2971314,nbody_2_g++-4.9,0:54.21,6496,1960,1784,100.0,0.0,1,1,0:54,0,12,556,0,233,0,1960,327,2,277,48,0,13.5,0.8,0.0,85.7,0.0,0.0,0.0,0.0,15794.9 MiB,4023.8 MiB,2198.9 MiB,9572.2 MiB,4096.0 MiB,3447.7 MiB,648.2 MiB,13006.5 MiB
8,g++-4.9 4.9.3,nbody_2.c 50000000,47,1695320049,2971314,nbody_2_g++-4.9,0:55.38,6496,1960,1784,100.0,0.0,1,1,0:55,0,12,556,0,233,0,1960,327,2,277,48,0,12.1,1.5,0.0,86.4,0.0,0.0,0.0,0.0,15794.9 MiB,4024.1 MiB,2198.6 MiB,9572.2 MiB,4096.0 MiB,3447.7 MiB,648.2 MiB,13006.7 MiB
8,g++-4.9 4.9.3,nbody_2.c 50000000,48,1695320050,2971314,nbody_2_g++-4.9,0:56.56,6496,1960,1784,100.0,0.0,1,1,0:56,0,12,556,0,233,0,1960,327,2,277,48,0,13.4,0.7,0.0,85.8,0.0,0.0,0.0,0.0,15794.9 MiB,4024.3 MiB,2198.4 MiB,9572.2 MiB,4096.0 MiB,3447.7 MiB,648.2 MiB,13007.0 MiB
8,g++-4.9 4.9.3,nbody_2.c 50000000,49,1695320051,2971314,nbody_2_g++-4.9,0:57.73,6496,1960,1784,100.0,0.0,1,1,0:57,0,12,556,0,233,0,1960,327,2,277,48,0,13.5,0.8,0.0,85.7,0.0,0.0,0.0,0.0,15794.9 MiB,4023.8 MiB,2198.9 MiB,9572.2 MiB,4096.0 MiB,3447.7 MiB,648.2 MiB,13006.5 MiB
8,g++-4.9 4.9.3,nbody_2.c 50000000,50,1695320052,2971314,nbody_2_g++-4.9,0:58.91,6496,1960,1784,100.0,0.0,1,5,0:58,0,12,556,0,233,0,1960,327,2,277,48,0,12.9,0.8,0.0,86.4,0.0,0.0,0.0,0.0,15794.9 MiB,4022.8 MiB,2199.8 MiB,9572.2 MiB,4096.0 MiB,3447.7 MiB,648.2 MiB,13005.5 MiB
8,g++-4.9 4.9.3,nbody_2.c 50000000,51,1695320053,2971314,nbody_2_g++-4.9,1:00.08,6496,1960,1784,100.0,0.0,1,5,1:00,0,12,556,0,233,0,1960,327,2,277,48,0,13.4,1.5,0.0,85.1,0.0,0.0,0.0,0.0,15794.9 MiB,4022.8 MiB,2199.8 MiB,9572.2 MiB,4096.0 MiB,3447.7 MiB,648.2 MiB,13005.5 MiB
8,g++-4.9 4.9.3,nbody_2.c 50000000,52,1695320055,2971314,nbody_2_g++-4.9,1:01.25,6496,1960,1784,93.8,0.0,1,5,1:01,0,12,556,0,233,0,1960,327,2,277,48,0,12.9,0.8,0.0,86.4,0.0,0.0,0.0,0.0,15794.9 MiB,4022.8 MiB,2199.8 MiB,9572.2 MiB,4096.0 MiB,3447.7 MiB,648.2 MiB,13005.5 MiB
8,g++-4.9 4.9.3,nbody_2.c 50000000,53,1695320056,2971314,nbody_2_g++-4.9,1:02.43,6496,1960,1784,100.0,0.0,1,5,1:02,0,12,556,0,233,0,1960,327,2,277,48,0,12.2,0.8,0.0,87.0,0.0,0.0,0.0,0.0,15794.9 MiB,4023.3 MiB,2199.4 MiB,9572.2 MiB,4096.0 MiB,3447.7 MiB,648.2 MiB,13006.0 MiB
8,g++-4.9 4.9.3,nbody_2.c 50000000,54,1695320057,2971314,nbody_2_g++-4.9,1:03.61,6496,1960,1784,100.0,0.0,1,5,1:03,0,12,556,0,233,0,1960,327,2,277,48,0,12.9,0.8,0.0,86.4,0.0,0.0,0.0,0.0,15794.9 MiB,4022.8 MiB,2199.8 MiB,9572.2 MiB,4096.0 MiB,3447.7 MiB,648.2 MiB,13005.5 MiB
8,g++-4.9 4.9.3,nbody_2.c 50000000,55,1695320058,2971314,nbody_2_g++-4.9,1:04.78,6496,1960,1784,100.0,0.0,1,5,1:04,0,12,556,0,233,0,1960,327,2,277,48,0,12.8,0.8,0.0,86.5,0.0,0.0,0.0,0.0,15794.9 MiB,4022.6 MiB,2200.1 MiB,9572.2 MiB,4096.0 MiB,3447.7 MiB,648.2 MiB,13005.2 MiB
8,g++-4.9 4.9.3,nbody_2.c 50000000,56,1695320059,2971314,nbody_2_g++-4.9,1:05.95,6496,1960,1784,93.8,0.0,1,5,1:05,0,12,556,0,233,0,1960,327,2,277,48,0,12.9,0.8,0.0,86.4,0.0,0.0,0.0,0.0,15794.9 MiB,4022.8 MiB,2199.8 MiB,9572.2 MiB,4096.0 MiB,3447.7 MiB,648.2 MiB,13005.5 MiB
8,g++-4.9 4.9.3,nbody_2.c 50000000,57,1695320060,2971314,nbody_2_g++-4.9,1:07.13,6496,1960,1784,100.0,0.0,1,5,1:07,0,12,556,0,233,0,1960,327,2,277,48,0,12.8,1.5,0.0,85.7,0.0,0.0,0.0,0.0,15794.9 MiB,4022.3 MiB,2200.3 MiB,9572.2 MiB,4096.0 MiB,3447.7 MiB,648.2 MiB,13005.0 MiB
8,g++-4.9 4.9.3,nbody_2.c 50000000,58,1695320062,2971314,nbody_2_g++-4.9,1:08.31,6496,1960,1784,100.0,0.0,1,5,1:08,0,12,556,0,233,0,1960,327,2,277,48,0,12.7,1.5,0.0,85.8,0.0,0.0,0.0,0.0,15794.9 MiB,4022.1 MiB,2200.6 MiB,9572.2 MiB,4096.0 MiB,3447.7 MiB,648.2 MiB,13004.8 MiB
8,g++-4.9 4.9.3,nbody_2.c 50000000,59,1695320063,2971314,nbody_2_g++-4.9,1:09.48,6496,1960,1784,100.0,0.0,1,5,1:09,0,12,556,0,233,0,1960,327,2,277,48,0,13.4,0.7,0.0,85.1,0.7,0.0,0.0,0.0,15794.9 MiB,4022.1 MiB,2200.6 MiB,9572.2 MiB,4096.0 MiB,3447.7 MiB,648.2 MiB,13004.8 MiB
8,g++-4.9 4.9.3,nbody_2.c 50000000,60,1695320064,2971314,nbody_2_g++-4.9,1:10.65,6496,1960,1784,100.0,0.0,1,5,1:10,0,12,556,0,233,0,1960,327,2,277,48,0,13.5,0.8,0.0,85.7,0.0,0.0,0.0,0.0,15794.9 MiB,4022.1 MiB,2200.6 MiB,9572.2 MiB,4096.0 MiB,3447.7 MiB,648.2 MiB,13004.8 MiB
8,g++-4.9 4.9.3,nbody_2.c 50000000,61,1695320065,2971314,nbody_2_g++-4.9,1:11.83,6496,1960,1784,100.0,0.0,1,5,1:11,0,12,556,0,233,0,1960,327,2,277,48,0,13.5,0.8,0.0,85.7,0.0,0.0,0.0,0.0,15794.9 MiB,4022.1 MiB,2200.6 MiB,9572.2 MiB,4096.0 MiB,3447.7 MiB,648.2 MiB,13004.8 MiB
8,g++-4.9 4.9.3,nbody_2.c 50000000,62,1695320066,2971314,nbody_2_g++-4.9,1:13.00,6496,1960,1784,93.8,0.0,1,5,1:13,0,12,556,0,233,0,1960,327,2,277,48,0,12.8,0.8,0.0,86.5,0.0,0.0,0.0,0.0,15794.9 MiB,4021.9 MiB,2200.8 MiB,9572.2 MiB,4096.0 MiB,3447.7 MiB,648.2 MiB,13004.5 MiB
8,g++-4.9 4.9.3,nbody_2.c 50000000,63,1695320067,2971314,nbody_2_g++-4.9,1:14.18,6496,1960,1784,100.0,0.0,1,5,1:14,0,12,556,0,233,0,1960,327,2,277,48,0,12.2,0.8,0.0,87.0,0.0,0.0,0.0,0.0,15794.9 MiB,4022.3 MiB,2200.3 MiB,9572.2 MiB,4096.0 MiB,3447.7 MiB,648.2 MiB,13005.0 MiB
8,g++-4.9 4.9.3,nbody_2.c 50000000,64,1695320069,2971314,nbody_2_g++-4.9,1:15.35,6496,1960,1784,100.0,0.0,1,5,1:15,0,12,556,0,233,0,1960,327,2,277,48,0,12.9,0.8,0.0,86.4,0.0,0.0,0.0,0.0,15794.9 MiB,4022.1 MiB,2200.6 MiB,9572.2 MiB,4096.0 MiB,3447.7 MiB,648.2 MiB,13004.8 MiB
8,g++-4.9 4.9.3,nbody_2.c 50000000,65,1695320070,2971314,nbody_2_g++-4.9,1:16.53,6496,1960,1784,100.0,0.0,1,5,1:16,0,12,556,0,233,0,1960,327,2,277,48,0,12.9,0.8,0.0,86.4,0.0,0.0,0.0,0.0,15794.9 MiB,4022.8 MiB,2199.8 MiB,9572.2 MiB,4096.0 MiB,3447.7 MiB,648.2 MiB,13005.5 MiB
8,g++-4.9 4.9.3,nbody_2.c 50000000,66,1695320071,2971314,nbody_2_g++-4.9,1:17.70,6496,1960,1784,100.0,0.0,1,5,1:17,0,12,556,0,233,0,1960,327,2,277,48,0,12.8,1.5,0.0,85.7,0.0,0.0,0.0,0.0,15794.9 MiB,4023.3 MiB,2199.3 MiB,9572.2 MiB,4096.0 MiB,3447.7 MiB,648.2 MiB,13006.0 MiB
8,g++-4.9 4.9.3,nbody_2.c 50000000,67,1695320072,2971314,nbody_2_g++-4.9,1:18.88,6496,1960,1784,100.0,0.0,1,1,1:18,0,12,556,0,233,0,1960,327,2,277,48,0,13.5,0.8,0.0,85.7,0.0,0.0,0.0,0.0,15794.9 MiB,4023.1 MiB,2199.6 MiB,9572.2 MiB,4096.0 MiB,3447.7 MiB,648.2 MiB,13005.8 MiB
8,g++-4.9 4.9.3,nbody_2.c 50000000,68,1695320073,2971314,nbody_2_g++-4.9,1:20.05,6496,1960,1784,100.0,0.0,1,1,1:20,0,12,556,0,233,0,1960,327,2,277,48,0,12.9,0.8,0.0,86.4,0.0,0.0,0.0,0.0,15794.9 MiB,4023.3 MiB,2199.3 MiB,9572.2 MiB,4096.0 MiB,3447.7 MiB,648.2 MiB,13006.0 MiB
8,g++-4.9 4.9.3,nbody_2.c 50000000,69,1695320075,2971314,nbody_2_g++-4.9,1:21.23,6496,1960,1784,100.0,0.0,1,1,1:21,0,12,556,0,233,0,1960,327,2,277,48,0,12.9,0.8,0.0,86.4,0.0,0.0,0.0,0.0,15794.9 MiB,4023.1 MiB,2199.6 MiB,9572.2 MiB,4096.0 MiB,3447.7 MiB,648.2 MiB,13005.8 MiB
8,g++-4.9 4.9.3,nbody_2.c 50000000,70,1695320076,2971314,nbody_2_g++-4.9,1:22.40,6496,1960,1784,100.0,0.0,1,1,1:22,0,12,556,0,233,0,1960,327,2,277,48,0,12.8,1.5,0.0,85.7,0.0,0.0,0.0,0.0,15794.9 MiB,4022.4 MiB,2200.3 MiB,9572.2 MiB,4096.0 MiB,3447.7 MiB,648.2 MiB,13005.0 MiB
8,g++-4.9 4.9.3,nbody_2.c 50000000,71,1695320077,2971314,nbody_2_g++-4.9,1:23.57,6496,1960,1784,93.8,0.0,1,1,1:23,0,12,556,0,233,0,1960,327,2,277,48,0,12.2,0.8,0.0,87.0,0.0,0.0,0.0,0.0,15794.9 MiB,4023.6 MiB,2199.1 MiB,9572.2 MiB,4096.0 MiB,3447.7 MiB,648.2 MiB,13006.3 MiB
8,g++-4.9 4.9.3,nbody_2.c 50000000,72,1695320078,2971314,nbody_2_g++-4.9,1:24.75,6496,1960,1784,100.0,0.0,1,1,1:24,0,12,556,0,233,0,1960,327,2,277,48,0,14.2,0.7,0.0,85.1,0.0,0.0,0.0,0.0,15794.9 MiB,4023.8 MiB,2198.8 MiB,9572.2 MiB,4096.0 MiB,3447.7 MiB,648.2 MiB,13006.5 MiB
8,g++-4.9 4.9.3,nbody_2.c 50000000,73,1695320079,2971314,nbody_2_g++-4.9,1:25.92,6496,1960,1784,93.8,0.0,1,1,1:25,0,12,556,0,233,0,1960,327,2,277,48,0,13.4,0.7,0.0,85.8,0.0,0.0,0.0,0.0,15794.9 MiB,4023.6 MiB,2199.0 MiB,9572.2 MiB,4096.0 MiB,3447.7 MiB,648.2 MiB,13006.3 MiB
8,g++-4.9 4.9.3,nbody_2.c 50000000,74,1695320080,2971314,nbody_2_g++-4.9,1:27.10,6496,1960,1784,100.0,0.0,1,1,1:27,0,12,556,0,233,0,1960,327,2,277,48,0,12.8,1.5,0.0,85.7,0.0,0.0,0.0,0.0,15794.9 MiB,4023.8 MiB,2198.8 MiB,9572.2 MiB,4096.0 MiB,3447.7 MiB,648.2 MiB,13006.5 MiB
8,g++-4.9 4.9.3,nbody_2.c 50000000,75,1695320082,2971314,nbody_2_g++-4.9,1:28.27,6496,1960,1784,100.0,0.0,1,1,1:28,0,12,556,0,233,0,1960,327,2,277,48,0,13.6,0.8,0.0,85.6,0.0,0.0,0.0,0.0,15794.9 MiB,4023.6 MiB,2199.0 MiB,9572.2 MiB,4096.0 MiB,3447.7 MiB,648.2 MiB,13006.3 MiB
8,g++-4.9 4.9.3,nbody_2.c 50000000,76,1695320083,2971314,nbody_2_g++-4.9,1:29.45,6496,1960,1784,100.0,0.0,1,1,1:29,0,12,556,0,233,0,1960,327,2,277,48,0,13.5,0.8,0.0,85.7,0.0,0.0,0.0,0.0,15794.9 MiB,4023.3 MiB,2199.3 MiB,9572.2 MiB,4096.0 MiB,3447.7 MiB,648.2 MiB,13006.0 MiB
9,g++-4.9 4.9.3,nbody_2.c 50000000,0,1695320084,2971795,nbody_2_g++-4.9,0:00.16,6496,1952,1780,100.0,0.0,1,6,0:00,0,12,556,0,231,0,1952,327,2,277,48,0,13.6,0.8,0.0,85.6,0.0,0.0,0.0,0.0,15794.9 MiB,4016.4 MiB,2199.4 MiB,9579.1 MiB,4096.0 MiB,3447.7 MiB,648.2 MiB,12999.2 MiB
9,g++-4.9 4.9.3,nbody_2.c 50000000,1,1695320085,2971795,nbody_2_g++-4.9,0:01.34,6496,1952,1780,100.0,0.0,1,6,0:01,0,12,556,0,231,0,1952,328,2,278,48,0,12.9,0.8,0.0,86.4,0.0,0.0,0.0,0.0,15794.9 MiB,4022.9 MiB,2199.6 MiB,9572.4 MiB,4096.0 MiB,3447.7 MiB,648.2 MiB,13005.6 MiB
9,g++-4.9 4.9.3,nbody_2.c 50000000,2,1695320086,2971795,nbody_2_g++-4.9,0:02.51,6496,1952,1780,93.8,0.0,1,6,0:02,0,12,556,0,231,0,1952,328,2,278,48,0,12.2,0.8,0.0,87.0,0.0,0.0,0.0,0.0,15794.9 MiB,4022.9 MiB,2199.8 MiB,9572.2 MiB,4096.0 MiB,3447.7 MiB,648.2 MiB,13005.6 MiB
9,g++-4.9 4.9.3,nbody_2.c 50000000,3,1695320087,2971795,nbody_2_g++-4.9,0:03.69,6496,1952,1780,100.0,0.0,1,6,0:03,0,12,556,0,231,0,1952,328,2,278,48,0,13.5,0.8,0.0,85.7,0.0,0.0,0.0,0.0,15794.9 MiB,4022.4 MiB,2200.3 MiB,9572.2 MiB,4096.0 MiB,3447.7 MiB,648.2 MiB,13005.1 MiB
9,g++-4.9 4.9.3,nbody_2.c 50000000,4,1695320089,2971795,nbody_2_g++-4.9,0:04.86,6496,1952,1780,100.0,0.0,1,6,0:04,0,12,556,0,231,0,1952,328,2,278,48,0,13.5,0.8,0.0,85.7,0.0,0.0,0.0,0.0,15794.9 MiB,4022.1 MiB,2200.5 MiB,9572.3 MiB,4096.0 MiB,3447.7 MiB,648.2 MiB,13004.8 MiB
9,g++-4.9 4.9.3,nbody_2.c 50000000,5,1695320090,2971795,nbody_2_g++-4.9,0:06.04,6496,1952,1780,100.0,0.0,1,6,0:06,0,12,556,0,231,0,1952,328,2,278,48,0,13.5,0.8,0.0,85.7,0.0,0.0,0.0,0.0,15794.9 MiB,4021.9 MiB,2200.7 MiB,9572.3 MiB,4096.0 MiB,3447.7 MiB,648.2 MiB,13004.6 MiB
9,g++-4.9 4.9.3,nbody_2.c 50000000,6,1695320091,2971795,nbody_2_g++-4.9,0:07.22,6496,1952,1780,100.0,0.0,1,6,0:07,0,12,556,0,231,0,1952,328,2,278,48,0,12.8,1.5,0.0,85.7,0.0,0.0,0.0,0.0,15794.9 MiB,4022.1 MiB,2200.5 MiB,9572.3 MiB,4096.0 MiB,3447.7 MiB,648.2 MiB,13004.8 MiB
9,g++-4.9 4.9.3,nbody_2.c 50000000,7,1695320092,2971795,nbody_2_g++-4.9,0:08.39,6496,1952,1780,100.0,0.0,1,2,0:08,0,12,556,0,231,0,1952,328,2,278,48,0,12.9,1.5,0.0,85.6,0.0,0.0,0.0,0.0,15794.9 MiB,4022.4 MiB,2200.2 MiB,9572.3 MiB,4096.0 MiB,3447.7 MiB,648.2 MiB,13005.1 MiB
9,g++-4.9 4.9.3,nbody_2.c 50000000,8,1695320093,2971795,nbody_2_g++-4.9,0:09.56,6496,1952,1780,100.0,0.0,1,2,0:09,0,12,556,0,231,0,1952,328,2,278,48,0,13.5,0.8,0.0,85.7,0.0,0.0,0.0,0.0,15794.9 MiB,4022.4 MiB,2200.2 MiB,9572.3 MiB,4096.0 MiB,3447.7 MiB,648.2 MiB,13005.1 MiB
9,g++-4.9 4.9.3,nbody_2.c 50000000,9,1695320094,2971795,nbody_2_g++-4.9,0:10.74,6496,1952,1780,100.0,0.0,1,2,0:10,0,12,556,0,231,0,1952,328,2,278,48,0,12.8,1.5,0.0,85.7,0.0,0.0,0.0,0.0,15794.9 MiB,4022.4 MiB,2200.2 MiB,9572.3 MiB,4096.0 MiB,3447.7 MiB,648.2 MiB,13005.1 MiB
9,g++-4.9 4.9.3,nbody_2.c 50000000,10,1695320096,2971795,nbody_2_g++-4.9,0:11.91,6496,1952,1780,100.0,0.0,1,2,0:11,0,12,556,0,231,0,1952,328,2,278,48,0,12.9,0.8,0.0,86.4,0.0,0.0,0.0,0.0,15794.9 MiB,4022.6 MiB,2200.0 MiB,9572.3 MiB,4096.0 MiB,3447.7 MiB,648.2 MiB,13005.3 MiB
9,g++-4.9 4.9.3,nbody_2.c 50000000,11,1695320097,2971795,nbody_2_g++-4.9,0:13.09,6496,1952,1780,100.0,0.0,1,6,0:13,0,12,556,0,231,0,1952,328,2,278,48,0,12.8,0.8,0.0,86.5,0.0,0.0,0.0,0.0,15794.9 MiB,4022.6 MiB,2200.0 MiB,9572.3 MiB,4096.0 MiB,3447.7 MiB,648.2 MiB,13005.3 MiB
9,g++-4.9 4.9.3,nbody_2.c 50000000,12,1695320098,2971795,nbody_2_g++-4.9,0:14.26,6496,1952,1780,100.0,0.0,1,6,0:14,0,12,556,0,231,0,1952,328,2,278,48,0,13.5,0.8,0.0,85.7,0.0,0.0,0.0,0.0,15794.9 MiB,4022.9 MiB,2199.7 MiB,9572.3 MiB,4096.0 MiB,3447.7 MiB,648.2 MiB,13005.6 MiB
9,g++-4.9 4.9.3,nbody_2.c 50000000,13,1695320099,2971795,nbody_2_g++-4.9,0:15.44,6496,1952,1780,100.0,0.0,1,6,0:15,0,12,556,0,231,0,1952,328,2,278,48,0,13.4,1.5,0.0,85.1,0.0,0.0,0.0,0.0,15794.9 MiB,4022.4 MiB,2200.2 MiB,9572.3 MiB,4096.0 MiB,3447.7 MiB,648.2 MiB,13005.1 MiB
9,g++-4.9 4.9.3,nbody_2.c 50000000,14,1695320100,2971795,nbody_2_g++-4.9,0:16.61,6496,1952,1780,100.0,0.0,1,2,0:16,0,12,556,0,231,0,1952,328,2,278,48,0,13.5,0.8,0.0,85.7,0.0,0.0,0.0,0.0,15794.9 MiB,4022.4 MiB,2200.2 MiB,9572.3 MiB,4096.0 MiB,3447.7 MiB,648.2 MiB,13005.1 MiB
9,g++-4.9 4.9.3,nbody_2.c 50000000,15,1695320102,2971795,nbody_2_g++-4.9,0:17.79,6496,1952,1780,100.0,0.0,1,2,0:17,0,12,556,0,231,0,1952,328,2,278,48,0,12.1,0.8,0.0,87.1,0.0,0.0,0.0,0.0,15794.9 MiB,4022.9 MiB,2199.7 MiB,9572.3 MiB,4096.0 MiB,3447.7 MiB,648.2 MiB,13005.6 MiB
9,g++-4.9 4.9.3,nbody_2.c 50000000,16,1695320103,2971795,nbody_2_g++-4.9,0:18.96,6496,1952,1780,100.0,0.0,1,2,0:18,0,12,556,0,231,0,1952,328,2,278,48,0,12.8,1.5,0.0,85.7,0.0,0.0,0.0,0.0,15794.9 MiB,4022.9 MiB,2199.7 MiB,9572.3 MiB,4096.0 MiB,3447.7 MiB,648.2 MiB,13005.6 MiB
9,g++-4.9 4.9.3,nbody_2.c 50000000,17,1695320104,2971795,nbody_2_g++-4.9,0:20.14,6496,1952,1780,100.0,0.0,1,2,0:20,0,12,556,0,231,0,1952,328,2,278,48,0,12.9,0.8,0.0,86.4,0.0,0.0,0.0,0.0,15794.9 MiB,4022.6 MiB,2199.9 MiB,9572.3 MiB,4096.0 MiB,3447.7 MiB,648.2 MiB,13005.4 MiB
9,g++-4.9 4.9.3,nbody_2.c 50000000,18,1695320105,2971795,nbody_2_g++-4.9,0:21.31,6496,1952,1780,100.0,0.0,1,2,0:21,0,12,556,0,231,0,1952,328,2,278,48,0,12.8,1.5,0.0,85.0,0.8,0.0,0.0,0.0,15794.9 MiB,4023.4 MiB,2199.2 MiB,9572.3 MiB,4096.0 MiB,3447.7 MiB,648.2 MiB,13006.1 MiB
9,g++-4.9 4.9.3,nbody_2.c 50000000,19,1695320106,2971795,nbody_2_g++-4.9,0:22.49,6496,1952,1780,100.0,0.0,1,2,0:22,0,12,556,0,231,0,1952,328,2,278,48,0,12.8,0.8,0.0,86.5,0.0,0.0,0.0,0.0,15794.9 MiB,4023.4 MiB,2199.2 MiB,9572.3 MiB,4096.0 MiB,3447.7 MiB,648.2 MiB,13006.1 MiB
9,g++-4.9 4.9.3,nbody_2.c 50000000,20,1695320107,2971795,nbody_2_g++-4.9,0:23.66,6496,1952,1780,93.8,0.0,1,2,0:23,0,12,556,0,231,0,1952,328,2,278,48,0,13.0,0.8,0.0,86.3,0.0,0.0,0.0,0.0,15794.9 MiB,4023.6 MiB,2199.0 MiB,9572.3 MiB,4096.0 MiB,3447.7 MiB,648.2 MiB,13006.4 MiB
9,g++-4.9 4.9.3,nbody_2.c 50000000,21,1695320109,2971795,nbody_2_g++-4.9,0:24.84,6496,1952,1780,100.0,0.0,1,2,0:24,0,12,556,0,231,0,1952,328,2,278,48,0,12.2,0.8,0.0,87.0,0.0,0.0,0.0,0.0,15794.9 MiB,4023.9 MiB,2198.7 MiB,9572.3 MiB,4096.0 MiB,3447.7 MiB,648.2 MiB,13006.6 MiB
9,g++-4.9 4.9.3,nbody_2.c 50000000,22,1695320110,2971795,nbody_2_g++-4.9,0:26.01,6496,1952,1780,100.0,0.0,1,2,0:26,0,12,556,0,231,0,1952,328,2,278,48,0,12.9,0.8,0.0,86.4,0.0,0.0,0.0,0.0,15794.9 MiB,4023.6 MiB,2198.9 MiB,9572.3 MiB,4096.0 MiB,3447.7 MiB,648.2 MiB,13006.4 MiB
9,g++-4.9 4.9.3,nbody_2.c 50000000,23,1695320111,2971795,nbody_2_g++-4.9,0:27.19,6496,1952,1780,100.0,0.0,1,2,0:27,0,12,556,0,231,0,1952,328,2,278,48,0,12.2,0.8,0.0,86.3,0.8,0.0,0.0,0.0,15794.9 MiB,4022.9 MiB,2199.7 MiB,9572.3 MiB,4096.0 MiB,3447.7 MiB,648.2 MiB,13005.6 MiB
9,g++-4.9 4.9.3,nbody_2.c 50000000,24,1695320112,2971795,nbody_2_g++-4.9,0:28.36,6496,1952,1780,100.0,0.0,1,2,0:28,0,12,556,0,231,0,1952,328,2,278,48,0,12.9,0.8,0.0,86.4,0.0,0.0,0.0,0.0,15794.9 MiB,4023.9 MiB,2198.7 MiB,9572.3 MiB,4096.0 MiB,3447.7 MiB,648.2 MiB,13006.6 MiB
9,g++-4.9 4.9.3,nbody_2.c 50000000,25,1695320113,2971795,nbody_2_g++-4.9,0:29.54,6496,1952,1780,100.0,0.0,1,2,0:29,0,12,556,0,231,0,1952,328,2,278,48,0,13.5,0.8,0.0,85.7,0.0,0.0,0.0,0.0,15794.9 MiB,4024.1 MiB,2198.4 MiB,9572.3 MiB,4096.0 MiB,3447.7 MiB,648.2 MiB,13006.9 MiB
9,g++-4.9 4.9.3,nbody_2.c 50000000,26,1695320114,2971795,nbody_2_g++-4.9,0:30.71,6496,1952,1780,100.0,0.0,1,2,0:30,0,12,556,0,231,0,1952,328,2,278,48,0,13.4,2.2,0.0,84.3,0.0,0.0,0.0,0.0,15794.9 MiB,4023.6 MiB,2198.9 MiB,9572.3 MiB,4096.0 MiB,3447.7 MiB,648.2 MiB,13006.4 MiB
9,g++-4.9 4.9.3,nbody_2.c 50000000,27,1695320116,2971795,nbody_2_g++-4.9,0:31.89,6496,1952,1780,100.0,0.0,1,2,0:31,0,12,556,0,231,0,1952,328,2,278,48,0,12.8,1.5,0.0,85.7,0.0,0.0,0.0,0.0,15794.9 MiB,4023.4 MiB,2199.2 MiB,9572.3 MiB,4096.0 MiB,3447.7 MiB,648.2 MiB,13006.1 MiB
9,g++-4.9 4.9.3,nbody_2.c 50000000,28,1695320117,2971795,nbody_2_g++-4.9,0:33.06,6496,1952,1780,100.0,0.0,1,2,0:33,0,12,556,0,231,0,1952,328,2,278,48,0,13.0,0.0,0.0,87.0,0.0,0.0,0.0,0.0,15794.9 MiB,4023.7 MiB,2198.9 MiB,9572.3 MiB,4096.0 MiB,3447.7 MiB,648.2 MiB,13006.4 MiB
9,g++-4.9 4.9.3,nbody_2.c 50000000,29,1695320118,2971795,nbody_2_g++-4.9,0:34.24,6496,1952,1780,100.0,0.0,1,2,0:34,0,12,556,0,231,0,1952,328,2,278,48,0,12.8,1.5,0.0,85.7,0.0,0.0,0.0,0.0,15794.9 MiB,4023.4 MiB,2199.1 MiB,9572.3 MiB,4096.0 MiB,3447.7 MiB,648.2 MiB,13006.2 MiB
9,g++-4.9 4.9.3,nbody_2.c 50000000,30,1695320119,2971795,nbody_2_g++-4.9,0:35.41,6496,1952,1780,100.0,0.0,1,2,0:35,0,12,556,0,231,0,1952,328,2,278,48,0,12.9,0.8,0.0,86.4,0.0,0.0,0.0,0.0,15794.9 MiB,4023.7 MiB,2198.9 MiB,9572.3 MiB,4096.0 MiB,3447.7 MiB,648.2 MiB,13006.4 MiB
9,g++-4.9 4.9.3,nbody_2.c 50000000,31,1695320120,2971795,nbody_2_g++-4.9,0:36.59,6496,1952,1780,100.0,0.0,1,6,0:36,0,12,556,0,231,0,1952,328,2,278,48,0,13.4,1.5,0.0,85.1,0.0,0.0,0.0,0.0,15794.9 MiB,4023.4 MiB,2199.1 MiB,9572.3 MiB,4096.0 MiB,3447.7 MiB,648.2 MiB,13006.2 MiB
9,g++-4.9 4.9.3,nbody_2.c 50000000,32,1695320122,2971795,nbody_2_g++-4.9,0:37.76,6496,1952,1780,100.0,0.0,1,6,0:37,0,12,556,0,231,0,1952,328,2,278,48,0,12.7,2.2,0.0,85.1,0.0,0.0,0.0,0.0,15794.9 MiB,4023.4 MiB,2199.1 MiB,9572.3 MiB,4096.0 MiB,3447.7 MiB,648.2 MiB,13006.2 MiB
9,g++-4.9 4.9.3,nbody_2.c 50000000,33,1695320123,2971795,nbody_2_g++-4.9,0:38.94,6496,1952,1780,100.0,0.0,1,6,0:38,0,12,556,0,231,0,1952,328,2,278,48,0,13.3,1.5,0.0,85.2,0.0,0.0,0.0,0.0,15794.9 MiB,4024.2 MiB,2198.4 MiB,9572.3 MiB,4096.0 MiB,3447.7 MiB,648.2 MiB,13007.0 MiB
9,g++-4.9 4.9.3,nbody_2.c 50000000,34,1695320124,2971795,nbody_2_g++-4.9,0:40.11,6496,1952,1780,93.8,0.0,1,6,0:40,0,12,556,0,231,0,1952,328,2,278,48,0,12.9,0.8,0.0,86.4,0.0,0.0,0.0,0.0,15794.9 MiB,4023.7 MiB,2198.9 MiB,9572.3 MiB,4096.0 MiB,3447.7 MiB,648.2 MiB,13006.5 MiB
9,g++-4.9 4.9.3,nbody_2.c 50000000,35,1695320125,2971795,nbody_2_g++-4.9,0:41.29,6496,1952,1780,100.0,0.0,1,6,0:41,0,12,556,0,231,0,1952,328,2,278,48,0,12.9,0.8,0.0,86.4,0.0,0.0,0.0,0.0,15794.9 MiB,4023.9 MiB,2198.6 MiB,9572.3 MiB,4096.0 MiB,3447.7 MiB,648.2 MiB,13006.7 MiB
9,g++-4.9 4.9.3,nbody_2.c 50000000,36,1695320126,2971795,nbody_2_g++-4.9,0:42.46,6496,1952,1780,100.0,0.0,1,6,0:42,0,12,556,0,231,0,1952,328,2,278,48,0,12.9,0.8,0.0,86.4,0.0,0.0,0.0,0.0,15794.9 MiB,4023.7 MiB,2198.9 MiB,9572.3 MiB,4096.0 MiB,3447.7 MiB,648.2 MiB,13006.5 MiB
9,g++-4.9 4.9.3,nbody_2.c 50000000,37,1695320127,2971795,nbody_2_g++-4.9,0:43.64,6496,1952,1780,100.0,0.0,1,6,0:43,0,12,556,0,231,0,1952,328,2,278,48,0,12.1,1.5,0.0,86.4,0.0,0.0,0.0,0.0,15794.9 MiB,4023.9 MiB,2198.6 MiB,9572.3 MiB,4096.0 MiB,3447.7 MiB,648.2 MiB,13006.7 MiB
9,g++-4.9 4.9.3,nbody_2.c 50000000,38,1695320129,2971795,nbody_2_g++-4.9,0:44.81,6496,1952,1780,93.8,0.0,1,2,0:44,0,12,556,0,231,0,1952,328,2,278,48,0,12.9,0.8,0.0,86.4,0.0,0.0,0.0,0.0,15794.9 MiB,4024.2 MiB,2198.4 MiB,9572.3 MiB,4096.0 MiB,3447.7 MiB,648.2 MiB,13007.0 MiB
9,g++-4.9 4.9.3,nbody_2.c 50000000,39,1695320130,2971795,nbody_2_g++-4.9,0:45.99,6496,1952,1780,100.0,0.0,1,2,0:45,0,12,556,0,231,0,1952,328,2,278,48,0,13.5,1.5,0.0,85.0,0.0,0.0,0.0,0.0,15794.9 MiB,4023.9 MiB,2198.6 MiB,9572.3 MiB,4096.0 MiB,3447.7 MiB,648.2 MiB,13006.7 MiB
9,g++-4.9 4.9.3,nbody_2.c 50000000,40,1695320131,2971795,nbody_2_g++-4.9,0:47.17,6496,1952,1780,100.0,0.0,1,2,0:47,0,12,556,0,231,0,1952,328,2,278,48,0,12.9,1.4,0.0,85.7,0.0,0.0,0.0,0.0,15794.9 MiB,4023.2 MiB,2199.3 MiB,9572.3 MiB,4096.0 MiB,3447.7 MiB,648.2 MiB,13006.0 MiB
9,g++-4.9 4.9.3,nbody_2.c 50000000,41,1695320132,2971795,nbody_2_g++-4.9,0:48.35,6496,1952,1780,100.0,0.0,1,2,0:48,0,12,556,0,231,0,1952,328,2,278,48,0,12.9,0.8,0.0,86.4,0.0,0.0,0.0,0.0,15794.9 MiB,4023.4 MiB,2199.1 MiB,9572.3 MiB,4096.0 MiB,3447.7 MiB,648.2 MiB,13006.2 MiB
9,g++-4.9 4.9.3,nbody_2.c 50000000,42,1695320133,2971795,nbody_2_g++-4.9,0:49.52,6496,1952,1780,100.0,0.0,1,2,0:49,0,12,556,0,231,0,1952,328,2,278,48,0,13.5,0.8,0.0,85.7,0.0,0.0,0.0,0.0,15794.9 MiB,4023.4 MiB,2199.1 MiB,9572.3 MiB,4096.0 MiB,3447.7 MiB,648.2 MiB,13006.2 MiB
9,g++-4.9 4.9.3,nbody_2.c 50000000,43,1695320134,2971795,nbody_2_g++-4.9,0:50.70,6496,1952,1780,100.0,0.0,1,2,0:50,0,12,556,0,231,0,1952,328,2,278,48,0,12.9,0.8,0.0,86.4,0.0,0.0,0.0,0.0,15794.9 MiB,4023.4 MiB,2199.1 MiB,9572.3 MiB,4096.0 MiB,3447.7 MiB,648.2 MiB,13006.2 MiB
9,g++-4.9 4.9.3,nbody_2.c 50000000,44,1695320136,2971795,nbody_2_g++-4.9,0:51.87,6496,1952,1780,100.0,0.0,1,2,0:51,0,12,556,0,231,0,1952,328,2,278,48,0,12.0,1.5,0.0,86.5,0.0,0.0,0.0,0.0,15794.9 MiB,4023.2 MiB,2199.3 MiB,9572.3 MiB,4096.0 MiB,3447.7 MiB,648.2 MiB,13006.0 MiB
9,g++-4.9 4.9.3,nbody_2.c 50000000,45,1695320137,2971795,nbody_2_g++-4.9,0:53.05,6496,1952,1780,100.0,0.0,1,2,0:53,0,12,556,0,231,0,1952,328,2,278,48,0,13.5,0.8,0.0,85.7,0.0,0.0,0.0,0.0,15794.9 MiB,4025.2 MiB,2197.4 MiB,9572.3 MiB,4096.0 MiB,3447.7 MiB,648.2 MiB,13008.0 MiB
9,g++-4.9 4.9.3,nbody_2.c 50000000,46,1695320138,2971795,nbody_2_g++-4.9,0:54.22,6496,1952,1780,100.0,0.0,1,2,0:54,0,12,556,0,231,0,1952,328,2,278,48,0,13.0,0.8,0.0,86.3,0.0,0.0,0.0,0.0,15794.9 MiB,4024.4 MiB,2198.1 MiB,9572.3 MiB,4096.0 MiB,3447.7 MiB,648.2 MiB,13007.2 MiB
9,g++-4.9 4.9.3,nbody_2.c 50000000,47,1695320139,2971795,nbody_2_g++-4.9,0:55.39,6496,1952,1780,93.8,0.0,1,2,0:55,0,12,556,0,231,0,1952,328,2,278,48,0,12.2,0.8,0.0,87.0,0.0,0.0,0.0,0.0,15794.9 MiB,4024.2 MiB,2198.3 MiB,9572.3 MiB,4096.0 MiB,3447.7 MiB,648.2 MiB,13007.0 MiB
9,g++-4.9 4.9.3,nbody_2.c 50000000,48,1695320140,2971795,nbody_2_g++-4.9,0:56.57,6496,1952,1780,100.0,0.0,1,2,0:56,0,12,556,0,231,0,1952,328,2,278,48,0,12.8,1.5,0.0,85.7,0.0,0.0,0.0,0.0,15794.9 MiB,4023.5 MiB,2199.1 MiB,9572.3 MiB,4096.0 MiB,3447.7 MiB,648.2 MiB,13006.2 MiB
9,g++-4.9 4.9.3,nbody_2.c 50000000,49,1695320141,2971795,nbody_2_g++-4.9,0:57.74,6496,1952,1780,93.8,0.0,1,2,0:57,0,12,556,0,231,0,1952,328,2,278,48,0,12.1,1.5,0.0,86.4,0.0,0.0,0.0,0.0,15794.9 MiB,4024.2 MiB,2198.3 MiB,9572.3 MiB,4096.0 MiB,3447.7 MiB,648.2 MiB,13007.0 MiB
9,g++-4.9 4.9.3,nbody_2.c 50000000,50,1695320143,2971795,nbody_2_g++-4.9,0:58.92,6496,1952,1780,100.0,0.0,1,6,0:58,0,12,556,0,231,0,1952,328,2,278,48,0,12.9,0.8,0.0,86.4,0.0,0.0,0.0,0.0,15794.9 MiB,4024.0 MiB,2198.6 MiB,9572.3 MiB,4096.0 MiB,3447.7 MiB,648.2 MiB,13006.7 MiB
9,g++-4.9 4.9.3,nbody_2.c 50000000,51,1695320144,2971795,nbody_2_g++-4.9,1:00.09,6496,1952,1780,100.0,0.0,1,6,1:00,0,12,556,0,231,0,1952,328,2,278,48,0,13.0,0.8,0.0,86.3,0.0,0.0,0.0,0.0,15794.9 MiB,4024.2 MiB,2198.3 MiB,9572.3 MiB,4096.0 MiB,3447.7 MiB,648.2 MiB,13007.0 MiB
9,g++-4.9 4.9.3,nbody_2.c 50000000,52,1695320145,2971795,nbody_2_g++-4.9,1:01.27,6496,1952,1780,100.0,0.0,1,6,1:01,0,12,556,0,231,0,1952,328,2,278,48,0,13.4,0.7,0.0,85.1,0.7,0.0,0.0,0.0,15794.9 MiB,4024.2 MiB,2198.3 MiB,9572.3 MiB,4096.0 MiB,3447.7 MiB,648.2 MiB,13007.0 MiB
9,g++-4.9 4.9.3,nbody_2.c 50000000,53,1695320146,2971795,nbody_2_g++-4.9,1:02.44,6496,1952,1780,100.0,0.0,1,6,1:02,0,12,556,0,231,0,1952,328,2,278,48,0,12.8,0.8,0.0,86.5,0.0,0.0,0.0,0.0,15794.9 MiB,4024.9 MiB,2197.6 MiB,9572.3 MiB,4096.0 MiB,3447.7 MiB,648.2 MiB,13007.7 MiB
9,g++-4.9 4.9.3,nbody_2.c 50000000,54,1695320147,2971795,nbody_2_g++-4.9,1:03.61,6496,1952,1780,93.8,0.0,1,6,1:03,0,12,556,0,231,0,1952,328,2,278,48,0,12.7,1.5,0.0,85.8,0.0,0.0,0.0,0.0,15794.9 MiB,4023.0 MiB,2199.6 MiB,9572.3 MiB,4096.0 MiB,3447.7 MiB,648.2 MiB,13005.8 MiB
9,g++-4.9 4.9.3,nbody_2.c 50000000,55,1695320149,2971795,nbody_2_g++-4.9,1:04.79,6496,1952,1780,100.0,0.0,1,6,1:04,0,12,556,0,231,0,1952,328,2,278,48,0,12.9,0.8,0.0,86.4,0.0,0.0,0.0,0.0,15794.9 MiB,4022.0 MiB,2200.5 MiB,9572.3 MiB,4096.0 MiB,3447.7 MiB,648.2 MiB,13004.8 MiB
9,g++-4.9 4.9.3,nbody_2.c 50000000,56,1695320150,2971795,nbody_2_g++-4.9,1:05.97,6496,1952,1780,100.0,0.0,1,2,1:05,0,12,556,0,231,0,1952,328,2,278,48,0,13.5,0.8,0.0,85.7,0.0,0.0,0.0,0.0,15794.9 MiB,4022.2 MiB,2200.3 MiB,9572.3 MiB,4096.0 MiB,3447.7 MiB,648.2 MiB,13005.1 MiB
9,g++-4.9 4.9.3,nbody_2.c 50000000,57,1695320151,2971795,nbody_2_g++-4.9,1:07.15,6496,1952,1780,100.0,0.0,1,2,1:07,0,12,556,0,231,0,1952,328,2,278,48,0,13.8,1.4,0.0,84.8,0.0,0.0,0.0,0.0,15794.9 MiB,4022.7 MiB,2199.8 MiB,9572.3 MiB,4096.0 MiB,3447.7 MiB,648.2 MiB,13005.5 MiB
9,g++-4.9 4.9.3,nbody_2.c 50000000,58,1695320152,2971795,nbody_2_g++-4.9,1:08.32,6496,1952,1780,100.0,0.0,1,2,1:08,0,12,556,0,231,0,1952,328,2,278,48,0,13.6,0.8,0.0,85.6,0.0,0.0,0.0,0.0,15794.9 MiB,4023.0 MiB,2199.5 MiB,9572.4 MiB,4096.0 MiB,3447.7 MiB,648.2 MiB,13005.8 MiB
9,g++-4.9 4.9.3,nbody_2.c 50000000,59,1695320153,2971795,nbody_2_g++-4.9,1:09.49,6496,1952,1780,93.8,0.0,1,2,1:09,0,12,556,0,231,0,1952,328,2,278,48,0,12.9,0.8,0.0,86.4,0.0,0.0,0.0,0.0,15794.9 MiB,4023.5 MiB,2199.0 MiB,9572.4 MiB,4096.0 MiB,3447.7 MiB,648.2 MiB,13006.3 MiB
9,g++-4.9 4.9.3,nbody_2.c 50000000,60,1695320154,2971795,nbody_2_g++-4.9,1:10.67,6496,1952,1780,100.0,0.0,1,2,1:10,0,12,556,0,231,0,1952,328,2,278,48,0,13.5,0.8,0.0,85.7,0.0,0.0,0.0,0.0,15794.9 MiB,4024.0 MiB,2198.5 MiB,9572.4 MiB,4096.0 MiB,3447.7 MiB,648.2 MiB,13006.8 MiB
9,g++-4.9 4.9.3,nbody_2.c 50000000,61,1695320156,2971795,nbody_2_g++-4.9,1:11.85,6496,1952,1780,100.0,0.0,1,2,1:11,0,12,556,0,231,0,1952,328,2,278,48,0,12.7,1.5,0.0,85.8,0.0,0.0,0.0,0.0,15794.9 MiB,4024.2 MiB,2198.3 MiB,9572.4 MiB,4096.0 MiB,3447.7 MiB,648.2 MiB,13007.0 MiB
9,g++-4.9 4.9.3,nbody_2.c 50000000,62,1695320157,2971795,nbody_2_g++-4.9,1:13.02,6496,1952,1780,100.0,0.0,1,2,1:13,0,12,556,0,231,0,1952,328,2,278,48,0,12.0,1.5,0.0,85.7,0.8,0.0,0.0,0.0,15794.9 MiB,4024.2 MiB,2198.3 MiB,9572.4 MiB,4096.0 MiB,3447.7 MiB,648.2 MiB,13007.0 MiB
9,g++-4.9 4.9.3,nbody_2.c 50000000,63,1695320158,2971795,nbody_2_g++-4.9,1:14.19,6496,1952,1780,100.0,0.0,1,2,1:14,0,12,556,0,231,0,1952,328,2,278,48,0,12.8,1.5,0.0,85.7,0.0,0.0,0.0,0.0,15794.9 MiB,4024.2 MiB,2198.3 MiB,9572.4 MiB,4096.0 MiB,3447.7 MiB,648.2 MiB,13007.0 MiB
9,g++-4.9 4.9.3,nbody_2.c 50000000,64,1695320159,2971795,nbody_2_g++-4.9,1:15.37,6496,1952,1780,100.0,0.0,1,2,1:15,0,12,556,0,231,0,1952,328,2,278,48,0,12.8,2.3,0.0,85.0,0.0,0.0,0.0,0.0,15794.9 MiB,4024.2 MiB,2198.3 MiB,9572.4 MiB,4096.0 MiB,3447.7 MiB,648.2 MiB,13007.0 MiB
9,g++-4.9 4.9.3,nbody_2.c 50000000,65,1695320160,2971795,nbody_2_g++-4.9,1:16.54,6496,1952,1780,100.0,0.0,1,2,1:16,0,12,556,0,231,0,1952,328,2,278,48,0,12.2,0.8,0.0,87.0,0.0,0.0,0.0,0.0,15794.9 MiB,4024.2 MiB,2198.5 MiB,9572.2 MiB,4096.0 MiB,3447.7 MiB,648.2 MiB,13007.0 MiB
9,g++-4.9 4.9.3,nbody_2.c 50000000,66,1695320161,2971795,nbody_2_g++-4.9,1:17.72,6496,1952,1780,100.0,0.0,1,2,1:17,0,12,556,0,231,0,1952,328,2,278,48,0,13.4,1.5,0.0,85.1,0.0,0.0,0.0,0.0,15794.9 MiB,4024.5 MiB,2198.2 MiB,9572.2 MiB,4096.0 MiB,3447.7 MiB,648.2 MiB,13007.3 MiB
9,g++-4.9 4.9.3,nbody_2.c 50000000,67,1695320163,2971795,nbody_2_g++-4.9,1:18.89,6496,1952,1780,100.0,0.0,1,2,1:18,0,12,556,0,231,0,1952,328,2,278,48,0,12.8,1.5,0.0,85.7,0.0,0.0,0.0,0.0,15794.9 MiB,4025.2 MiB,2197.5 MiB,9572.2 MiB,4096.0 MiB,3447.7 MiB,648.2 MiB,13008.0 MiB
9,g++-4.9 4.9.3,nbody_2.c 50000000,68,1695320164,2971795,nbody_2_g++-4.9,1:20.06,6496,1952,1780,100.0,0.0,1,6,1:20,0,12,556,0,231,0,1952,328,2,278,48,0,12.8,1.5,0.0,85.7,0.0,0.0,0.0,0.0,15794.9 MiB,4025.0 MiB,2197.7 MiB,9572.2 MiB,4096.0 MiB,3447.7 MiB,648.2 MiB,13007.8 MiB
9,g++-4.9 4.9.3,nbody_2.c 50000000,69,1695320165,2971795,nbody_2_g++-4.9,1:21.24,6496,1952,1780,100.0,0.0,1,6,1:21,0,12,556,0,231,0,1952,328,2,278,48,0,13.4,0.7,0.0,85.8,0.0,0.0,0.0,0.0,15794.9 MiB,4025.0 MiB,2197.7 MiB,9572.2 MiB,4096.0 MiB,3447.7 MiB,648.2 MiB,13007.8 MiB
9,g++-4.9 4.9.3,nbody_2.c 50000000,70,1695320166,2971795,nbody_2_g++-4.9,1:22.42,6496,1952,1780,100.0,0.0,1,6,1:22,0,12,556,0,231,0,1952,328,2,278,48,0,12.9,0.8,0.0,86.4,0.0,0.0,0.0,0.0,15794.9 MiB,4025.2 MiB,2197.5 MiB,9572.2 MiB,4096.0 MiB,3447.7 MiB,648.2 MiB,13008.0 MiB
9,g++-4.9 4.9.3,nbody_2.c 50000000,71,1695320167,2971795,nbody_2_g++-4.9,1:23.59,6496,1952,1780,100.0,0.0,1,6,1:23,0,12,556,0,231,0,1952,328,2,278,48,0,12.8,0.8,0.0,86.5,0.0,0.0,0.0,0.0,15794.9 MiB,4025.5 MiB,2197.2 MiB,9572.2 MiB,4096.0 MiB,3447.7 MiB,648.2 MiB,13008.3 MiB
9,g++-4.9 4.9.3,nbody_2.c 50000000,72,1695320169,2971795,nbody_2_g++-4.9,1:24.76,6496,1952,1780,100.0,0.0,1,6,1:24,0,12,556,0,231,0,1952,328,2,278,48,0,12.7,1.5,0.0,85.8,0.0,0.0,0.0,0.0,15794.9 MiB,4026.0 MiB,2196.7 MiB,9572.2 MiB,4096.0 MiB,3447.7 MiB,648.2 MiB,13008.8 MiB
9,g++-4.9 4.9.3,nbody_2.c 50000000,73,1695320170,2971795,nbody_2_g++-4.9,1:25.94,6496,1952,1780,100.0,0.0,1,6,1:25,0,12,556,0,231,0,1952,328,2,278,48,0,12.8,1.5,0.0,85.7,0.0,0.0,0.0,0.0,15794.9 MiB,4025.7 MiB,2197.0 MiB,9572.2 MiB,4096.0 MiB,3447.7 MiB,648.2 MiB,13008.5 MiB
9,g++-4.9 4.9.3,nbody_2.c 50000000,74,1695320171,2971795,nbody_2_g++-4.9,1:27.12,6496,1952,1780,100.0,0.0,1,6,1:27,0,12,556,0,231,0,1952,328,2,278,48,0,12.7,1.5,0.0,85.8,0.0,0.0,0.0,0.0,15794.9 MiB,4025.5 MiB,2197.2 MiB,9572.2 MiB,4096.0 MiB,3447.7 MiB,648.2 MiB,13008.3 MiB
9,g++-4.9 4.9.3,nbody_2.c 50000000,75,1695320172,2971795,nbody_2_g++-4.9,1:28.30,6496,1952,1780,100.0,0.0,1,6,1:28,0,12,556,0,231,0,1952,328,2,278,48,0,12.9,1.4,0.0,85.6,0.0,0.0,0.0,0.0,15794.9 MiB,4025.5 MiB,2197.2 MiB,9572.2 MiB,4096.0 MiB,3447.7 MiB,648.2 MiB,13008.3 MiB
10,g++-4.9 4.9.3,nbody_2.c 50000000,0,1695320173,2972280,nbody_2_g++-4.9,0:00.16,6496,1936,1764,100.0,0.0,1,2,0:00,0,12,556,0,233,0,1936,328,2,278,48,0,13.5,1.5,0.0,84.2,0.0,0.0,0.8,0.0,15794.9 MiB,4018.6 MiB,2197.2 MiB,9579.0 MiB,4096.0 MiB,3447.7 MiB,648.2 MiB,13001.4 MiB
10,g++-4.9 4.9.3,nbody_2.c 50000000,1,1695320174,2972280,nbody_2_g++-4.9,0:01.33,6496,1936,1764,100.0,0.0,1,6,0:01,0,12,556,0,233,0,1936,328,2,278,48,0,12.8,0.8,0.0,85.7,0.0,0.0,0.8,0.0,15794.9 MiB,4017.8 MiB,2197.7 MiB,9579.4 MiB,4096.0 MiB,3447.7 MiB,648.2 MiB,13000.7 MiB
10,g++-4.9 4.9.3,nbody_2.c 50000000,2,1695320176,2972280,nbody_2_g++-4.9,0:02.50,6496,1936,1764,93.8,0.0,1,6,0:02,0,12,556,0,233,0,1936,328,2,278,48,0,13.5,0.8,0.0,85.7,0.0,0.0,0.0,0.0,15794.9 MiB,4024.5 MiB,2197.9 MiB,9572.5 MiB,4096.0 MiB,3447.7 MiB,648.2 MiB,13007.3 MiB
10,g++-4.9 4.9.3,nbody_2.c 50000000,3,1695320177,2972280,nbody_2_g++-4.9,0:03.68,6496,1936,1764,100.0,0.0,1,2,0:03,0,12,556,0,233,0,1936,328,2,278,48,0,12.7,1.5,0.0,85.8,0.0,0.0,0.0,0.0,15794.9 MiB,4024.2 MiB,2198.2 MiB,9572.4 MiB,4096.0 MiB,3447.7 MiB,648.2 MiB,13007.1 MiB
10,g++-4.9 4.9.3,nbody_2.c 50000000,4,1695320178,2972280,nbody_2_g++-4.9,0:04.85,6496,1936,1764,100.0,0.0,1,6,0:04,0,12,556,0,233,0,1936,329,2,279,48,0,12.2,1.5,0.0,86.3,0.0,0.0,0.0,0.0,15794.9 MiB,4024.0 MiB,2198.5 MiB,9572.4 MiB,4096.0 MiB,3447.7 MiB,648.2 MiB,13006.8 MiB
10,g++-4.9 4.9.3,nbody_2.c 50000000,5,1695320179,2972280,nbody_2_g++-4.9,0:06.02,6496,1936,1764,93.8,0.0,1,6,0:06,0,12,556,0,233,0,1936,329,2,279,48,0,14.7,1.5,0.0,83.1,0.7,0.0,0.0,0.0,15794.9 MiB,4023.5 MiB,2199.0 MiB,9572.4 MiB,4096.0 MiB,3447.7 MiB,648.2 MiB,13006.3 MiB
10,g++-4.9 4.9.3,nbody_2.c 50000000,6,1695320180,2972280,nbody_2_g++-4.9,0:07.20,6496,1936,1764,100.0,0.0,1,2,0:07,0,12,556,0,233,0,1936,329,2,279,48,0,12.9,0.8,0.0,86.4,0.0,0.0,0.0,0.0,15794.9 MiB,4023.5 MiB,2199.0 MiB,9572.4 MiB,4096.0 MiB,3447.7 MiB,648.2 MiB,13006.3 MiB
10,g++-4.9 4.9.3,nbody_2.c 50000000,7,1695320181,2972280,nbody_2_g++-4.9,0:08.38,6496,1936,1764,100.0,0.0,1,2,0:08,0,12,556,0,233,0,1936,328,2,278,48,0,13.3,1.5,0.0,85.2,0.0,0.0,0.0,0.0,15794.9 MiB,4023.5 MiB,2199.0 MiB,9572.4 MiB,4096.0 MiB,3447.7 MiB,648.2 MiB,13006.3 MiB
10,g++-4.9 4.9.3,nbody_2.c 50000000,8,1695320183,2972280,nbody_2_g++-4.9,0:09.55,6496,1936,1764,100.0,0.0,1,2,0:09,0,12,556,0,233,0,1936,328,2,278,48,0,12.8,1.5,0.0,85.7,0.0,0.0,0.0,0.0,15794.9 MiB,4023.5 MiB,2199.0 MiB,9572.4 MiB,4096.0 MiB,3447.7 MiB,648.2 MiB,13006.4 MiB
10,g++-4.9 4.9.3,nbody_2.c 50000000,9,1695320184,2972280,nbody_2_g++-4.9,0:10.72,6496,1936,1764,93.8,0.0,1,2,0:10,0,12,556,0,233,0,1936,328,2,278,48,0,13.0,0.8,0.0,86.3,0.0,0.0,0.0,0.0,15794.9 MiB,4023.7 MiB,2198.7 MiB,9572.4 MiB,4096.0 MiB,3447.7 MiB,648.2 MiB,13006.6 MiB
10,g++-4.9 4.9.3,nbody_2.c 50000000,10,1695320185,2972280,nbody_2_g++-4.9,0:11.90,6496,1936,1764,100.0,0.0,1,2,0:11,0,12,556,0,233,0,1936,328,2,278,48,0,14.2,0.7,0.0,84.3,0.7,0.0,0.0,0.0,15794.9 MiB,4023.7 MiB,2198.7 MiB,9572.4 MiB,4096.0 MiB,3447.7 MiB,648.2 MiB,13006.6 MiB
10,g++-4.9 4.9.3,nbody_2.c 50000000,11,1695320186,2972280,nbody_2_g++-4.9,0:13.07,6496,1936,1764,100.0,0.0,1,6,0:13,0,12,556,0,233,0,1936,328,2,278,48,0,13.0,0.8,0.0,86.3,0.0,0.0,0.0,0.0,15794.9 MiB,4023.7 MiB,2198.7 MiB,9572.4 MiB,4096.0 MiB,3447.7 MiB,648.2 MiB,13006.6 MiB
10,g++-4.9 4.9.3,nbody_2.c 50000000,12,1695320187,2972280,nbody_2_g++-4.9,0:14.25,6496,1936,1764,100.0,0.0,1,6,0:14,0,12,556,0,233,0,1936,328,2,278,48,0,12.8,1.5,0.0,85.7,0.0,0.0,0.0,0.0,15794.9 MiB,4023.5 MiB,2199.0 MiB,9572.4 MiB,4096.0 MiB,3447.7 MiB,648.2 MiB,13006.4 MiB
10,g++-4.9 4.9.3,nbody_2.c 50000000,13,1695320189,2972280,nbody_2_g++-4.9,0:15.42,6496,1936,1764,100.0,0.0,1,6,0:15,0,12,556,0,233,0,1936,328,2,278,48,0,12.2,0.8,0.0,87.0,0.0,0.0,0.0,0.0,15794.9 MiB,4023.5 MiB,2199.0 MiB,9572.4 MiB,4096.0 MiB,3447.7 MiB,648.2 MiB,13006.4 MiB
10,g++-4.9 4.9.3,nbody_2.c 50000000,14,1695320190,2972280,nbody_2_g++-4.9,0:16.60,6496,1936,1764,100.0,0.0,1,6,0:16,0,12,556,0,233,0,1936,328,2,278,48,0,12.1,0.8,0.0,87.1,0.0,0.0,0.0,0.0,15794.9 MiB,4024.0 MiB,2198.5 MiB,9572.4 MiB,4096.0 MiB,3447.7 MiB,648.2 MiB,13006.9 MiB
10,g++-4.9 4.9.3,nbody_2.c 50000000,15,1695320191,2972280,nbody_2_g++-4.9,0:17.77,6496,1936,1764,93.8,0.0,1,6,0:17,0,12,556,0,233,0,1936,328,2,278,48,0,12.9,0.8,0.0,85.6,0.8,0.0,0.0,0.0,15794.9 MiB,4023.7 MiB,2198.7 MiB,9572.4 MiB,4096.0 MiB,3447.7 MiB,648.2 MiB,13006.6 MiB
10,g++-4.9 4.9.3,nbody_2.c 50000000,16,1695320192,2972280,nbody_2_g++-4.9,0:18.95,6496,1936,1764,100.0,0.0,1,6,0:18,0,12,556,0,233,0,1936,328,2,278,48,0,12.8,1.5,0.0,85.7,0.0,0.0,0.0,0.0,15794.9 MiB,4023.7 MiB,2198.7 MiB,9572.4 MiB,4096.0 MiB,3447.7 MiB,648.2 MiB,13006.6 MiB
10,g++-4.9 4.9.3,nbody_2.c 50000000,17,1695320193,2972280,nbody_2_g++-4.9,0:20.12,6496,1936,1764,100.0,0.0,1,6,0:20,0,12,556,0,233,0,1936,328,2,278,48,0,13.0,0.8,0.0,86.3,0.0,0.0,0.0,0.0,15794.9 MiB,4023.7 MiB,2198.7 MiB,9572.4 MiB,4096.0 MiB,3447.7 MiB,648.2 MiB,13006.6 MiB
10,g++-4.9 4.9.3,nbody_2.c 50000000,18,1695320194,2972280,nbody_2_g++-4.9,0:21.30,6496,1936,1764,100.0,0.0,1,2,0:21,0,12,556,0,233,0,1936,328,2,278,48,0,13.6,0.0,0.0,86.4,0.0,0.0,0.0,0.0,15794.9 MiB,4023.7 MiB,2198.7 MiB,9572.4 MiB,4096.0 MiB,3447.7 MiB,648.2 MiB,13006.6 MiB
10,g++-4.9 4.9.3,nbody_2.c 50000000,19,1695320196,2972280,nbody_2_g++-4.9,0:22.47,6496,1936,1764,100.0,0.0,1,2,0:22,0,12,556,0,233,0,1936,328,2,278,48,0,12.8,1.5,0.0,85.7,0.0,0.0,0.0,0.0,15794.9 MiB,4023.2 MiB,2199.2 MiB,9572.4 MiB,4096.0 MiB,3447.7 MiB,648.2 MiB,13006.1 MiB
10,g++-4.9 4.9.3,nbody_2.c 50000000,20,1695320197,2972280,nbody_2_g++-4.9,0:23.65,6496,1936,1764,100.0,0.0,1,2,0:23,0,12,556,0,233,0,1936,328,2,278,48,0,13.4,0.7,0.0,85.8,0.0,0.0,0.0,0.0,15794.9 MiB,4023.2 MiB,2199.2 MiB,9572.4 MiB,4096.0 MiB,3447.7 MiB,648.2 MiB,13006.1 MiB
10,g++-4.9 4.9.3,nbody_2.c 50000000,21,1695320198,2972280,nbody_2_g++-4.9,0:24.82,6496,1936,1764,100.0,0.0,1,2,0:24,0,12,556,0,233,0,1936,328,2,278,48,0,12.8,0.8,0.0,86.5,0.0,0.0,0.0,0.0,15794.9 MiB,4023.2 MiB,2199.2 MiB,9572.4 MiB,4096.0 MiB,3447.7 MiB,648.2 MiB,13006.1 MiB
10,g++-4.9 4.9.3,nbody_2.c 50000000,22,1695320199,2972280,nbody_2_g++-4.9,0:25.99,6496,1936,1764,93.8,0.0,1,6,0:25,0,12,556,0,233,0,1936,328,2,278,48,0,13.5,0.8,0.0,85.7,0.0,0.0,0.0,0.0,15794.9 MiB,4023.2 MiB,2199.2 MiB,9572.4 MiB,4096.0 MiB,3447.7 MiB,648.2 MiB,13006.1 MiB
10,g++-4.9 4.9.3,nbody_2.c 50000000,23,1695320200,2972280,nbody_2_g++-4.9,0:27.17,6496,1936,1764,100.0,0.0,1,6,0:27,0,12,556,0,233,0,1936,328,2,278,48,0,13.3,1.5,0.0,85.2,0.0,0.0,0.0,0.0,15794.9 MiB,4023.2 MiB,2199.2 MiB,9572.4 MiB,4096.0 MiB,3447.7 MiB,648.2 MiB,13006.1 MiB
10,g++-4.9 4.9.3,nbody_2.c 50000000,24,1695320201,2972280,nbody_2_g++-4.9,0:28.35,6496,1936,1764,100.0,0.0,1,6,0:28,0,12,556,0,233,0,1936,328,2,278,48,0,13.5,0.8,0.0,85.7,0.0,0.0,0.0,0.0,15794.9 MiB,4023.2 MiB,2199.2 MiB,9572.4 MiB,4096.0 MiB,3447.7 MiB,648.2 MiB,13006.1 MiB
10,g++-4.9 4.9.3,nbody_2.c 50000000,25,1695320203,2972280,nbody_2_g++-4.9,0:29.52,6496,1936,1764,100.0,0.0,1,6,0:29,0,12,556,0,233,0,1936,328,2,278,48,0,13.6,0.8,0.0,85.6,0.0,0.0,0.0,0.0,15794.9 MiB,4023.2 MiB,2199.2 MiB,9572.4 MiB,4096.0 MiB,3447.7 MiB,648.2 MiB,13006.1 MiB
10,g++-4.9 4.9.3,nbody_2.c 50000000,26,1695320204,2972280,nbody_2_g++-4.9,0:30.69,6496,1936,1764,93.8,0.0,1,6,0:30,0,12,556,0,233,0,1936,328,2,278,48,0,12.8,1.5,0.0,85.7,0.0,0.0,0.0,0.0,15794.9 MiB,4022.8 MiB,2199.7 MiB,9572.4 MiB,4096.0 MiB,3447.7 MiB,648.2 MiB,13005.6 MiB
10,g++-4.9 4.9.3,nbody_2.c 50000000,27,1695320205,2972280,nbody_2_g++-4.9,0:31.87,6496,1936,1764,100.0,0.0,1,6,0:31,0,12,556,0,233,0,1936,328,2,278,48,0,12.1,1.5,0.0,86.4,0.0,0.0,0.0,0.0,15794.9 MiB,4023.0 MiB,2199.4 MiB,9572.4 MiB,4096.0 MiB,3447.7 MiB,648.2 MiB,13005.9 MiB
10,g++-4.9 4.9.3,nbody_2.c 50000000,28,1695320206,2972280,nbody_2_g++-4.9,0:33.05,6496,1936,1764,100.0,0.0,1,6,0:33,0,12,556,0,233,0,1936,328,2,278,48,0,13.5,0.8,0.0,85.7,0.0,0.0,0.0,0.0,15794.9 MiB,4023.2 MiB,2199.2 MiB,9572.4 MiB,4096.0 MiB,3447.7 MiB,648.2 MiB,13006.1 MiB
10,g++-4.9 4.9.3,nbody_2.c 50000000,29,1695320207,2972280,nbody_2_g++-4.9,0:34.22,6496,1936,1764,100.0,0.0,1,6,0:34,0,12,556,0,233,0,1936,328,2,278,48,0,12.8,1.5,0.0,85.7,0.0,0.0,0.0,0.0,15794.9 MiB,4023.2 MiB,2199.2 MiB,9572.4 MiB,4096.0 MiB,3447.7 MiB,648.2 MiB,13006.1 MiB
10,g++-4.9 4.9.3,nbody_2.c 50000000,30,1695320208,2972280,nbody_2_g++-4.9,0:35.40,6496,1936,1764,100.0,0.0,1,2,0:35,0,12,556,0,233,0,1936,328,2,278,48,0,14.1,0.7,0.0,85.2,0.0,0.0,0.0,0.0,15794.9 MiB,4023.5 MiB,2198.9 MiB,9572.4 MiB,4096.0 MiB,3447.7 MiB,648.2 MiB,13006.4 MiB
10,g++-4.9 4.9.3,nbody_2.c 50000000,31,1695320210,2972280,nbody_2_g++-4.9,0:36.57,6496,1936,1764,100.0,0.0,1,2,0:36,0,12,556,0,233,0,1936,328,2,278,48,0,12.8,1.5,0.0,85.7,0.0,0.0,0.0,0.0,15794.9 MiB,4023.5 MiB,2198.9 MiB,9572.4 MiB,4096.0 MiB,3447.7 MiB,648.2 MiB,13006.4 MiB
10,g++-4.9 4.9.3,nbody_2.c 50000000,32,1695320211,2972280,nbody_2_g++-4.9,0:37.75,6496,1936,1764,100.0,0.0,1,2,0:37,0,12,556,0,233,0,1936,328,2,278,48,0,13.0,0.8,0.0,86.3,0.0,0.0,0.0,0.0,15794.9 MiB,4022.8 MiB,2199.7 MiB,9572.4 MiB,4096.0 MiB,3447.7 MiB,648.2 MiB,13005.7 MiB
10,g++-4.9 4.9.3,nbody_2.c 50000000,33,1695320212,2972280,nbody_2_g++-4.9,0:38.92,6496,1936,1764,100.0,0.0,1,2,0:38,0,12,556,0,233,0,1936,328,2,278,48,0,13.6,0.0,0.0,86.4,0.0,0.0,0.0,0.0,15794.9 MiB,4022.3 MiB,2200.2 MiB,9572.4 MiB,4096.0 MiB,3447.7 MiB,648.2 MiB,13005.2 MiB
10,g++-4.9 4.9.3,nbody_2.c 50000000,34,1695320213,2972280,nbody_2_g++-4.9,0:40.09,6496,1936,1764,100.0,0.0,1,2,0:40,0,12,556,0,233,0,1936,328,2,278,48,0,14.1,0.7,0.0,85.2,0.0,0.0,0.0,0.0,15794.9 MiB,4022.0 MiB,2200.4 MiB,9572.4 MiB,4096.0 MiB,3447.7 MiB,648.2 MiB,13004.9 MiB
10,g++-4.9 4.9.3,nbody_2.c 50000000,35,1695320214,2972280,nbody_2_g++-4.9,0:41.27,6496,1936,1764,100.0,0.0,1,2,0:41,0,12,556,0,233,0,1936,328,2,278,48,0,12.2,0.8,0.0,87.0,0.0,0.0,0.0,0.0,15794.9 MiB,4021.3 MiB,2201.1 MiB,9572.5 MiB,4096.0 MiB,3447.7 MiB,648.2 MiB,13004.2 MiB
10,g++-4.9 4.9.3,nbody_2.c 50000000,36,1695320216,2972280,nbody_2_g++-4.9,0:42.44,6496,1936,1764,93.8,0.0,1,2,0:42,0,12,556,0,233,0,1936,328,2,278,48,0,12.8,0.8,0.0,86.5,0.0,0.0,0.0,0.0,15794.9 MiB,4021.3 MiB,2201.1 MiB,9572.5 MiB,4096.0 MiB,3447.7 MiB,648.2 MiB,13004.2 MiB
10,g++-4.9 4.9.3,nbody_2.c 50000000,37,1695320217,2972280,nbody_2_g++-4.9,0:43.62,6496,1936,1764,100.0,0.0,1,2,0:43,0,12,556,0,233,0,1936,328,2,278,48,0,12.8,0.8,0.0,86.5,0.0,0.0,0.0,0.0,15794.9 MiB,4021.5 MiB,2200.9 MiB,9572.5 MiB,4096.0 MiB,3447.7 MiB,648.2 MiB,13004.4 MiB
10,g++-4.9 4.9.3,nbody_2.c 50000000,38,1695320218,2972280,nbody_2_g++-4.9,0:44.79,6496,1936,1764,100.0,0.0,1,2,0:44,0,12,556,0,233,0,1936,328,2,278,48,0,13.4,1.5,0.0,85.1,0.0,0.0,0.0,0.0,15794.9 MiB,4021.0 MiB,2201.4 MiB,9572.5 MiB,4096.0 MiB,3447.7 MiB,648.2 MiB,13004.0 MiB
10,g++-4.9 4.9.3,nbody_2.c 50000000,39,1695320219,2972280,nbody_2_g++-4.9,0:45.97,6496,1936,1764,100.0,0.0,1,2,0:45,0,12,556,0,233,0,1936,328,2,278,48,0,13.3,1.5,0.0,83.7,1.5,0.0,0.0,0.0,15794.9 MiB,4021.5 MiB,2200.9 MiB,9572.5 MiB,4096.0 MiB,3447.7 MiB,648.2 MiB,13004.4 MiB
10,g++-4.9 4.9.3,nbody_2.c 50000000,40,1695320220,2972280,nbody_2_g++-4.9,0:47.14,6496,1936,1764,93.8,0.0,1,2,0:47,0,12,556,0,233,0,1936,328,2,278,48,0,13.3,2.2,0.0,83.7,0.7,0.0,0.0,0.0,15794.9 MiB,4022.1 MiB,2199.5 MiB,9573.3 MiB,4096.0 MiB,3447.7 MiB,648.2 MiB,13005.9 MiB
10,g++-4.9 4.9.3,nbody_2.c 50000000,41,1695320221,2972280,nbody_2_g++-4.9,0:48.32,6496,1936,1764,100.0,0.0,1,2,0:48,0,12,556,0,233,0,1936,328,2,278,48,0,13.4,0.7,0.0,85.8,0.0,0.0,0.0,0.0,15794.9 MiB,4021.3 MiB,2200.2 MiB,9573.3 MiB,4096.0 MiB,3447.7 MiB,648.2 MiB,13005.0 MiB
10,g++-4.9 4.9.3,nbody_2.c 50000000,42,1695320223,2972280,nbody_2_g++-4.9,0:49.50,6496,1936,1764,100.0,0.0,1,2,0:49,0,12,556,0,233,0,1936,328,2,278,48,0,13.5,1.5,0.0,85.0,0.0,0.0,0.0,0.0,15794.9 MiB,4021.3 MiB,2200.2 MiB,9573.3 MiB,4096.0 MiB,3447.7 MiB,648.2 MiB,13005.0 MiB
10,g++-4.9 4.9.3,nbody_2.c 50000000,43,1695320224,2972280,nbody_2_g++-4.9,0:50.67,6496,1936,1764,100.0,0.0,1,2,0:50,0,12,556,0,233,0,1936,328,2,278,48,0,13.6,0.0,0.0,86.4,0.0,0.0,0.0,0.0,15794.9 MiB,4021.0 MiB,2200.5 MiB,9573.3 MiB,4096.0 MiB,3447.7 MiB,648.2 MiB,13004.8 MiB
10,g++-4.9 4.9.3,nbody_2.c 50000000,44,1695320225,2972280,nbody_2_g++-4.9,0:51.84,6496,1936,1764,93.8,0.0,1,2,0:51,0,12,556,0,233,0,1936,328,2,278,48,0,12.2,0.8,0.0,87.0,0.0,0.0,0.0,0.0,15794.9 MiB,4021.0 MiB,2200.5 MiB,9573.3 MiB,4096.0 MiB,3447.7 MiB,648.2 MiB,13004.8 MiB
10,g++-4.9 4.9.3,nbody_2.c 50000000,45,1695320226,2972280,nbody_2_g++-4.9,0:53.02,6496,1936,1764,100.0,0.0,1,2,0:53,0,12,556,0,233,0,1936,328,2,278,48,0,13.5,0.8,0.0,85.7,0.0,0.0,0.0,0.0,15794.9 MiB,4021.8 MiB,2199.8 MiB,9573.3 MiB,4096.0 MiB,3447.7 MiB,648.2 MiB,13005.5 MiB
10,g++-4.9 4.9.3,nbody_2.c 50000000,46,1695320227,2972280,nbody_2_g++-4.9,0:54.20,6496,1936,1764,100.0,0.0,1,2,0:54,0,12,556,0,233,0,1936,328,2,278,48,0,13.5,0.8,0.0,85.7,0.0,0.0,0.0,0.0,15794.9 MiB,4022.5 MiB,2199.0 MiB,9573.3 MiB,4096.0 MiB,3447.7 MiB,648.2 MiB,13006.3 MiB
10,g++-4.9 4.9.3,nbody_2.c 50000000,47,1695320228,2972280,nbody_2_g++-4.9,0:55.37,6496,1936,1764,100.0,0.0,1,2,0:55,0,12,556,0,233,0,1936,328,2,278,48,0,13.4,0.7,0.0,85.1,0.7,0.0,0.0,0.0,15794.9 MiB,4021.8 MiB,2199.7 MiB,9573.3 MiB,4096.0 MiB,3447.7 MiB,648.2 MiB,13005.5 MiB
10,g++-4.9 4.9.3,nbody_2.c 50000000,48,1695320230,2972280,nbody_2_g++-4.9,0:56.54,6496,1936,1764,93.8,0.0,1,2,0:56,0,12,556,0,233,0,1936,328,2,278,48,0,13.0,0.0,0.0,87.0,0.0,0.0,0.0,0.0,15794.9 MiB,4021.1 MiB,2200.5 MiB,9573.3 MiB,4096.0 MiB,3447.7 MiB,648.2 MiB,13004.8 MiB
10,g++-4.9 4.9.3,nbody_2.c 50000000,49,1695320231,2972280,nbody_2_g++-4.9,0:57.72,6496,1936,1764,100.0,0.0,1,2,0:57,0,12,556,0,233,0,1936,328,2,278,48,0,12.9,0.8,0.0,86.4,0.0,0.0,0.0,0.0,15794.9 MiB,4021.1 MiB,2200.5 MiB,9573.3 MiB,4096.0 MiB,3447.7 MiB,648.2 MiB,13004.8 MiB
10,g++-4.9 4.9.3,nbody_2.c 50000000,50,1695320232,2972280,nbody_2_g++-4.9,0:58.89,6496,1936,1764,93.8,0.0,1,6,0:58,0,12,556,0,233,0,1936,328,2,278,48,0,12.9,0.8,0.0,85.6,0.8,0.0,0.0,0.0,15794.9 MiB,4021.3 MiB,2200.2 MiB,9573.3 MiB,4096.0 MiB,3447.7 MiB,648.2 MiB,13005.0 MiB
10,g++-4.9 4.9.3,nbody_2.c 50000000,51,1695320233,2972280,nbody_2_g++-4.9,1:00.07,6496,1936,1764,100.0,0.0,1,2,1:00,0,12,556,0,233,0,1936,328,2,278,48,0,12.8,1.5,0.0,85.7,0.0,0.0,0.0,0.0,15794.9 MiB,4020.6 MiB,2201.0 MiB,9573.3 MiB,4096.0 MiB,3447.7 MiB,648.2 MiB,13004.3 MiB
10,g++-4.9 4.9.3,nbody_2.c 50000000,52,1695320234,2972280,nbody_2_g++-4.9,1:01.24,6496,1936,1764,100.0,0.0,1,2,1:01,0,12,556,0,233,0,1936,328,2,278,48,0,12.2,0.8,0.0,87.0,0.0,0.0,0.0,0.0,15794.9 MiB,4020.8 MiB,2200.7 MiB,9573.3 MiB,4096.0 MiB,3447.7 MiB,648.2 MiB,13004.6 MiB
10,g++-4.9 4.9.3,nbody_2.c 50000000,53,1695320236,2972280,nbody_2_g++-4.9,1:02.42,6496,1936,1764,100.0,0.0,1,2,1:02,0,12,556,0,233,0,1936,328,2,278,48,0,13.0,0.0,0.0,87.0,0.0,0.0,0.0,0.0,15794.9 MiB,4020.3 MiB,2201.2 MiB,9573.3 MiB,4096.0 MiB,3447.7 MiB,648.2 MiB,13004.1 MiB
10,g++-4.9 4.9.3,nbody_2.c 50000000,54,1695320237,2972280,nbody_2_g++-4.9,1:03.59,6496,1936,1764,100.0,0.0,1,2,1:03,0,12,556,0,233,0,1936,328,2,278,48,0,12.8,1.5,0.0,85.7,0.0,0.0,0.0,0.0,15794.9 MiB,4020.1 MiB,2201.5 MiB,9573.3 MiB,4096.0 MiB,3447.7 MiB,648.2 MiB,13003.8 MiB
10,g++-4.9 4.9.3,nbody_2.c 50000000,55,1695320238,2972280,nbody_2_g++-4.9,1:04.76,6496,1936,1764,93.8,0.0,1,2,1:04,0,12,556,0,233,0,1936,328,2,278,48,0,12.9,0.8,0.0,85.6,0.8,0.0,0.0,0.0,15794.9 MiB,4019.8 MiB,2201.7 MiB,9573.3 MiB,4096.0 MiB,3447.7 MiB,648.2 MiB,13003.6 MiB
10,g++-4.9 4.9.3,nbody_2.c 50000000,56,1695320239,2972280,nbody_2_g++-4.9,1:05.94,6496,1936,1764,100.0,0.0,1,2,1:05,0,12,556,0,233,0,1936,328,2,278,48,0,12.2,0.8,0.0,87.0,0.0,0.0,0.0,0.0,15794.9 MiB,4020.3 MiB,2201.2 MiB,9573.3 MiB,4096.0 MiB,3447.7 MiB,648.2 MiB,13004.1 MiB
10,g++-4.9 4.9.3,nbody_2.c 50000000,57,1695320240,2972280,nbody_2_g++-4.9,1:07.12,6496,1936,1764,100.0,0.0,1,6,1:07,0,12,556,0,233,0,1936,328,3,277,48,0,12.8,1.5,0.0,85.7,0.0,0.0,0.0,0.0,15794.9 MiB,4020.6 MiB,2201.0 MiB,9573.3 MiB,4096.0 MiB,3447.7 MiB,648.2 MiB,13004.3 MiB
10,g++-4.9 4.9.3,nbody_2.c 50000000,58,1695320241,2972280,nbody_2_g++-4.9,1:08.29,6496,1936,1764,100.0,0.0,1,6,1:08,0,12,556,0,233,0,1936,328,2,278,48,0,12.9,0.8,0.0,86.4,0.0,0.0,0.0,0.0,15794.9 MiB,4021.1 MiB,2200.5 MiB,9573.3 MiB,4096.0 MiB,3447.7 MiB,648.2 MiB,13004.8 MiB
10,g++-4.9 4.9.3,nbody_2.c 50000000,59,1695320243,2972280,nbody_2_g++-4.9,1:09.46,6496,1936,1764,100.0,0.0,1,2,1:09,0,12,556,0,233,0,1936,328,2,278,48,0,13.4,1.5,0.0,85.1,0.0,0.0,0.0,0.0,15794.9 MiB,4021.1 MiB,2200.5 MiB,9573.3 MiB,4096.0 MiB,3447.7 MiB,648.2 MiB,13004.8 MiB
10,g++-4.9 4.9.3,nbody_2.c 50000000,60,1695320244,2972280,nbody_2_g++-4.9,1:10.63,6496,1936,1764,93.8,0.0,1,2,1:10,0,12,556,0,233,0,1936,328,2,278,48,0,13.5,0.8,0.0,85.7,0.0,0.0,0.0,0.0,15794.9 MiB,4021.1 MiB,2200.5 MiB,9573.3 MiB,4096.0 MiB,3447.7 MiB,648.2 MiB,13004.8 MiB
10,g++-4.9 4.9.3,nbody_2.c 50000000,61,1695320245,2972280,nbody_2_g++-4.9,1:11.81,6496,1936,1764,100.0,0.0,1,2,1:11,0,12,556,0,233,0,1936,328,2,278,48,0,13.4,1.5,0.0,85.1,0.0,0.0,0.0,0.0,15794.9 MiB,4020.8 MiB,2200.7 MiB,9573.4 MiB,4096.0 MiB,3447.7 MiB,648.2 MiB,13004.6 MiB
10,g++-4.9 4.9.3,nbody_2.c 50000000,62,1695320246,2972280,nbody_2_g++-4.9,1:12.99,6496,1936,1764,100.0,0.0,1,2,1:12,0,12,556,0,233,0,1936,328,2,278,48,0,12.9,0.8,0.0,86.4,0.0,0.0,0.0,0.0,15794.9 MiB,4020.8 MiB,2200.7 MiB,9573.4 MiB,4096.0 MiB,3447.7 MiB,648.2 MiB,13004.6 MiB
10,g++-4.9 4.9.3,nbody_2.c 50000000,63,1695320247,2972280,nbody_2_g++-4.9,1:14.16,6496,1936,1764,100.0,0.0,1,2,1:14,0,12,556,0,233,0,1936,328,2,278,48,0,13.6,0.8,0.0,85.6,0.0,0.0,0.0,0.0,15794.9 MiB,4020.1 MiB,2201.4 MiB,9573.4 MiB,4096.0 MiB,3447.7 MiB,648.2 MiB,13003.8 MiB
10,g++-4.9 4.9.3,nbody_2.c 50000000,64,1695320248,2972280,nbody_2_g++-4.9,1:15.33,6496,1936,1764,93.8,0.0,1,6,1:15,0,12,556,0,233,0,1936,328,2,278,48,0,13.4,1.5,0.0,85.1,0.0,0.0,0.0,0.0,15794.9 MiB,4020.1 MiB,2201.4 MiB,9573.4 MiB,4096.0 MiB,3447.7 MiB,648.2 MiB,13003.8 MiB
10,g++-4.9 4.9.3,nbody_2.c 50000000,65,1695320250,2972280,nbody_2_g++-4.9,1:16.51,6496,1936,1764,100.0,0.0,1,6,1:16,0,12,556,0,233,0,1936,328,2,278,48,0,14.2,0.7,0.0,85.1,0.0,0.0,0.0,0.0,15794.9 MiB,4020.1 MiB,2201.4 MiB,9573.4 MiB,4096.0 MiB,3447.7 MiB,648.2 MiB,13003.8 MiB
10,g++-4.9 4.9.3,nbody_2.c 50000000,66,1695320251,2972280,nbody_2_g++-4.9,1:17.68,6496,1936,1764,93.8,0.0,1,6,1:17,0,12,556,0,233,0,1936,328,2,278,48,0,12.1,1.5,0.0,86.4,0.0,0.0,0.0,0.0,15794.9 MiB,4020.1 MiB,2201.4 MiB,9573.4 MiB,4096.0 MiB,3447.7 MiB,648.2 MiB,13003.8 MiB
10,g++-4.9 4.9.3,nbody_2.c 50000000,67,1695320252,2972280,nbody_2_g++-4.9,1:18.86,6496,1936,1764,100.0,0.0,1,6,1:18,0,12,556,0,233,0,1936,328,2,278,48,0,13.0,0.8,0.0,86.3,0.0,0.0,0.0,0.0,15794.9 MiB,4019.6 MiB,2201.9 MiB,9573.4 MiB,4096.0 MiB,3447.7 MiB,648.2 MiB,13003.4 MiB
10,g++-4.9 4.9.3,nbody_2.c 50000000,68,1695320253,2972280,nbody_2_g++-4.9,1:20.03,6496,1936,1764,100.0,0.0,1,6,1:20,0,12,556,0,233,0,1936,328,2,278,48,0,12.3,0.8,0.0,86.9,0.0,0.0,0.0,0.0,15794.9 MiB,4019.6 MiB,2201.9 MiB,9573.4 MiB,4096.0 MiB,3447.7 MiB,648.2 MiB,13003.4 MiB
10,g++-4.9 4.9.3,nbody_2.c 50000000,69,1695320254,2972280,nbody_2_g++-4.9,1:21.21,6496,1936,1764,100.0,0.0,1,6,1:21,0,12,556,0,233,0,1936,328,2,278,48,0,12.9,1.5,0.0,85.6,0.0,0.0,0.0,0.0,15794.9 MiB,4022.3 MiB,2199.2 MiB,9573.4 MiB,4096.0 MiB,3447.7 MiB,648.2 MiB,13006.1 MiB
10,g++-4.9 4.9.3,nbody_2.c 50000000,70,1695320255,2972280,nbody_2_g++-4.9,1:22.38,6496,1936,1764,100.0,0.0,1,6,1:22,0,12,556,0,233,0,1936,328,2,278,48,0,12.9,0.8,0.0,86.4,0.0,0.0,0.0,0.0,15794.9 MiB,4022.3 MiB,2199.2 MiB,9573.4 MiB,4096.0 MiB,3447.7 MiB,648.2 MiB,13006.1 MiB
10,g++-4.9 4.9.3,nbody_2.c 50000000,71,1695320257,2972280,nbody_2_g++-4.9,1:23.55,6496,1936,1764,100.0,0.0,1,6,1:23,0,12,556,0,233,0,1936,328,2,278,48,0,12.9,0.8,0.0,86.4,0.0,0.0,0.0,0.0,15794.9 MiB,4022.3 MiB,2199.2 MiB,9573.4 MiB,4096.0 MiB,3447.7 MiB,648.2 MiB,13006.1 MiB
10,g++-4.9 4.9.3,nbody_2.c 50000000,72,1695320258,2972280,nbody_2_g++-4.9,1:24.73,6496,1936,1764,100.0,0.0,1,6,1:24,0,12,556,0,233,0,1936,328,2,278,48,0,13.4,1.5,0.0,85.1,0.0,0.0,0.0,0.0,15794.9 MiB,4021.8 MiB,2199.7 MiB,9573.4 MiB,4096.0 MiB,3447.7 MiB,648.2 MiB,13005.6 MiB
10,g++-4.9 4.9.3,nbody_2.c 50000000,73,1695320259,2972280,nbody_2_g++-4.9,1:25.91,6496,1936,1764,100.0,0.0,1,2,1:25,0,12,556,0,233,0,1936,328,2,278,48,0,13.8,0.7,0.0,84.8,0.7,0.0,0.0,0.0,15794.9 MiB,4021.6 MiB,2199.9 MiB,9573.4 MiB,4096.0 MiB,3447.7 MiB,648.2 MiB,13005.4 MiB
10,g++-4.9 4.9.3,nbody_2.c 50000000,74,1695320260,2972280,nbody_2_g++-4.9,1:27.08,6496,1936,1764,100.0,0.0,1,2,1:27,0,12,556,0,233,0,1936,328,2,278,48,0,13.1,0.0,0.0,86.9,0.0,0.0,0.0,0.0,15794.9 MiB,4021.6 MiB,2199.9 MiB,9573.4 MiB,4096.0 MiB,3447.7 MiB,648.2 MiB,13005.3 MiB
