version,appplication,no_measurement,timestamp,pid,command,time,virt,res,shr,percent_cpu,percent_mem,nTH,P,TIME,SWAP,CODE,DATA,nMaj,nMin,nDRT,USED,tasks_total,tasks_running,tasks_sleeping,tasks_stopped,tasks_zombie,cpu_us,cpu_sy,cpu_ni,cpu_id,cpu_wa,cpu_hi,cpu_si,cpu_st,mem_total,mem_free,mem_used,mem_buff_cache,swap_total,swap_free,swap_used,swap_avail,
Python 3.5.10,nbody.py 50000000,0,1691273770,610891,python,0:00.11,15500,8224,4772,68.8,0.1,1,6,0:00,0,4,3760,23,2000,0,8224,299,2,281,16,0,14.3,6.8,0.0,77.4,1.5,0.0,0.0,0.0,15795.0 MiB,12390.6 MiB,953.9 MiB,2450.5 MiB,4096.0 MiB,2774.3 MiB,1321.7 MiB,14244.0 MiB
Python 3.5.10,nbody.py 50000000,1,1691273771,610891,python,0:01.27,15500,8224,4772,93.8,0.1,1,6,0:01,0,4,3760,23,2000,0,8224,299,2,281,16,0,13.2,0.0,0.0,86.8,0.0,0.0,0.0,0.0,15795.0 MiB,12389.3 MiB,954.5 MiB,2451.1 MiB,4096.0 MiB,2774.3 MiB,1321.7 MiB,14243.2 MiB
Python 3.5.10,nbody.py 50000000,2,1691273772,610891,python,0:02.45,15500,8224,4772,100.0,0.1,1,2,0:02,0,4,3760,23,2000,0,8224,299,2,281,16,0,13.1,0.8,0.0,86.2,0.0,0.0,0.0,0.0,15795.0 MiB,12397.0 MiB,953.7 MiB,2444.3 MiB,4096.0 MiB,2774.3 MiB,1321.7 MiB,14250.8 MiB
Python 3.5.10,nbody.py 50000000,3,1691273773,610891,python,0:03.62,15500,8224,4772,100.0,0.1,1,2,0:03,0,4,3760,23,2000,0,8224,299,2,281,16,0,13.0,1.5,0.0,85.5,0.0,0.0,0.0,0.0,15795.0 MiB,12395.5 MiB,955.3 MiB,2444.1 MiB,4096.0 MiB,2774.3 MiB,1321.7 MiB,14249.4 MiB
Python 3.5.10,nbody.py 50000000,4,1691273775,610891,python,0:04.79,15500,8224,4772,100.0,0.1,1,6,0:04,0,4,3760,23,2000,0,8224,299,2,281,16,0,13.2,0.0,0.0,86.8,0.0,0.0,0.0,0.0,15795.0 MiB,12394.8 MiB,956.1 MiB,2444.1 MiB,4096.0 MiB,2774.3 MiB,1321.7 MiB,14248.6 MiB
Python 3.5.10,nbody.py 50000000,5,1691273776,610891,python,0:05.96,15500,8224,4772,100.0,0.1,1,6,0:05,0,4,3760,23,2000,0,8224,299,3,280,16,0,13.2,0.8,0.0,85.3,0.8,0.0,0.0,0.0,15795.0 MiB,12395.0 MiB,955.8 MiB,2444.1 MiB,4096.0 MiB,2774.3 MiB,1321.7 MiB,14248.9 MiB
Python 3.5.10,nbody.py 50000000,6,1691273777,610891,python,0:07.13,15500,8224,4772,93.8,0.1,1,6,0:07,0,4,3760,23,2000,0,8224,299,2,281,16,0,14.1,1.5,0.0,84.4,0.0,0.0,0.0,0.0,15795.0 MiB,12394.3 MiB,956.6 MiB,2444.1 MiB,4096.0 MiB,2774.3 MiB,1321.7 MiB,14248.1 MiB
Python 3.5.10,nbody.py 50000000,7,1691273778,610891,python,0:08.30,15500,8224,4772,93.8,0.1,1,6,0:08,0,4,3760,23,2000,0,8224,299,2,281,16,0,12.3,0.8,0.0,86.9,0.0,0.0,0.0,0.0,15795.0 MiB,12394.3 MiB,956.6 MiB,2444.1 MiB,4096.0 MiB,2774.3 MiB,1321.7 MiB,14248.1 MiB
Python 3.5.10,nbody.py 50000000,8,1691273779,610891,python,0:09.47,15500,8224,4772,93.8,0.1,1,6,0:09,0,4,3760,23,2000,0,8224,299,2,281,16,0,13.2,0.0,0.0,86.8,0.0,0.0,0.0,0.0,15795.0 MiB,12394.5 MiB,956.3 MiB,2444.1 MiB,4096.0 MiB,2774.3 MiB,1321.7 MiB,14248.4 MiB
Python 3.5.10,nbody.py 50000000,9,1691273780,610891,python,0:10.65,15500,8224,4772,100.0,0.1,1,2,0:10,0,4,3760,23,2000,0,8224,299,2,281,16,0,12.4,0.8,0.0,86.8,0.0,0.0,0.0,0.0,15795.0 MiB,12394.5 MiB,956.3 MiB,2444.1 MiB,4096.0 MiB,2774.3 MiB,1321.7 MiB,14248.4 MiB
Python 3.5.10,nbody.py 50000000,10,1691273782,610891,python,0:11.81,15500,8224,4772,93.8,0.1,1,2,0:11,0,4,3760,23,2000,0,8224,299,2,281,16,0,12.4,0.8,0.0,86.0,0.8,0.0,0.0,0.0,15795.0 MiB,12394.3 MiB,956.5 MiB,2444.2 MiB,4096.0 MiB,2774.3 MiB,1321.7 MiB,14248.2 MiB
Python 3.5.10,nbody.py 50000000,11,1691273783,610891,python,0:12.98,15500,8224,4772,93.8,0.1,1,2,0:12,0,4,3760,23,2000,0,8224,299,2,281,16,0,13.2,0.0,0.0,86.8,0.0,0.0,0.0,0.0,15795.0 MiB,12394.1 MiB,956.8 MiB,2444.2 MiB,4096.0 MiB,2774.3 MiB,1321.7 MiB,14247.9 MiB
Python 3.5.10,nbody.py 50000000,12,1691273784,610891,python,0:14.16,15500,8224,4772,100.0,0.1,1,2,0:14,0,4,3760,23,2000,0,8224,299,2,281,16,0,12.4,1.6,0.0,86.0,0.0,0.0,0.0,0.0,15795.0 MiB,12393.8 MiB,957.0 MiB,2444.2 MiB,4096.0 MiB,2774.3 MiB,1321.7 MiB,14247.7 MiB
Python 3.5.10,nbody.py 50000000,13,1691273785,610891,python,0:15.32,15500,8224,4772,100.0,0.1,1,2,0:15,0,4,3760,23,2000,0,8224,299,2,281,16,0,12.5,0.0,0.0,87.5,0.0,0.0,0.0,0.0,15795.0 MiB,12393.8 MiB,957.0 MiB,2444.2 MiB,4096.0 MiB,2774.3 MiB,1321.7 MiB,14247.7 MiB
Python 3.5.10,nbody.py 50000000,14,1691273786,610891,python,0:16.50,15500,8224,4772,100.0,0.1,1,2,0:16,0,4,3760,23,2000,0,8224,299,2,281,16,0,13.0,1.5,0.0,85.5,0.0,0.0,0.0,0.0,15795.0 MiB,12393.3 MiB,957.5 MiB,2444.2 MiB,4096.0 MiB,2774.3 MiB,1321.7 MiB,14247.2 MiB
Python 3.5.10,nbody.py 50000000,15,1691273787,610891,python,0:17.67,15500,8224,4772,93.8,0.1,1,2,0:17,0,4,3760,23,2000,0,8224,299,2,281,16,0,13.2,0.7,0.0,84.6,1.5,0.0,0.0,0.0,15795.0 MiB,12392.6 MiB,958.2 MiB,2444.2 MiB,4096.0 MiB,2774.3 MiB,1321.7 MiB,14246.5 MiB
Python 3.5.10,nbody.py 50000000,16,1691273789,610891,python,0:18.84,15500,8224,4772,100.0,0.1,1,2,0:18,0,4,3760,23,2000,0,8224,299,2,281,16,0,13.1,0.8,0.0,86.2,0.0,0.0,0.0,0.0,15795.0 MiB,12392.6 MiB,958.2 MiB,2444.2 MiB,4096.0 MiB,2774.3 MiB,1321.7 MiB,14246.5 MiB
Python 3.5.10,nbody.py 50000000,17,1691273790,610891,python,0:20.02,15500,8224,4772,100.0,0.1,1,2,0:20,0,4,3760,23,2000,0,8224,299,2,281,16,0,13.7,0.8,0.0,85.5,0.0,0.0,0.0,0.0,15795.0 MiB,12392.6 MiB,958.2 MiB,2444.2 MiB,4096.0 MiB,2774.3 MiB,1321.7 MiB,14246.5 MiB
Python 3.5.10,nbody.py 50000000,18,1691273791,610891,python,0:21.19,15500,8224,4772,100.0,0.1,1,2,0:21,0,4,3760,23,2000,0,8224,299,2,281,16,0,13.1,0.0,0.0,86.2,0.8,0.0,0.0,0.0,15795.0 MiB,12392.1 MiB,958.7 MiB,2444.2 MiB,4096.0 MiB,2774.3 MiB,1321.7 MiB,14246.0 MiB
Python 3.5.10,nbody.py 50000000,19,1691273792,610891,python,0:22.36,15500,8224,4772,100.0,0.1,1,2,0:22,0,4,3760,23,2000,0,8224,299,2,281,16,0,13.7,0.8,0.0,85.5,0.0,0.0,0.0,0.0,15795.0 MiB,12392.1 MiB,958.7 MiB,2444.2 MiB,4096.0 MiB,2774.3 MiB,1321.7 MiB,14246.0 MiB
Python 3.5.10,nbody.py 50000000,20,1691273793,610891,python,0:23.53,15500,8224,4772,93.8,0.1,1,6,0:23,0,4,3760,23,2000,0,8224,300,2,282,16,0,13.1,0.8,0.0,86.2,0.0,0.0,0.0,0.0,15795.0 MiB,12392.1 MiB,958.7 MiB,2444.2 MiB,4096.0 MiB,2774.3 MiB,1321.7 MiB,14246.0 MiB
Python 3.5.10,nbody.py 50000000,21,1691273795,610891,python,0:24.70,15500,8224,4772,100.0,0.1,1,6,0:24,0,4,3760,23,2000,0,8224,300,2,282,16,0,13.1,0.8,0.0,86.2,0.0,0.0,0.0,0.0,15795.0 MiB,12391.3 MiB,959.4 MiB,2444.2 MiB,4096.0 MiB,2774.3 MiB,1321.7 MiB,14245.3 MiB
Python 3.5.10,nbody.py 50000000,22,1691273796,610891,python,0:25.87,15500,8224,4772,93.8,0.1,1,2,0:25,0,4,3760,23,2000,0,8224,300,2,282,16,0,12.3,0.8,0.0,86.9,0.0,0.0,0.0,0.0,15795.0 MiB,12391.3 MiB,959.4 MiB,2444.2 MiB,4096.0 MiB,2774.3 MiB,1321.7 MiB,14245.3 MiB
Python 3.5.10,nbody.py 50000000,23,1691273797,610891,python,0:27.04,15500,8224,4772,100.0,0.1,1,2,0:27,0,4,3760,23,2000,0,8224,299,2,281,16,0,13.2,0.0,0.0,86.8,0.0,0.0,0.0,0.0,15795.0 MiB,12391.3 MiB,959.4 MiB,2444.2 MiB,4096.0 MiB,2774.3 MiB,1321.7 MiB,14245.3 MiB
Python 3.5.10,nbody.py 50000000,24,1691273798,610891,python,0:28.22,15500,8224,4772,100.0,0.1,1,2,0:28,0,4,3760,23,2000,0,8224,299,2,281,16,0,13.6,0.8,0.0,85.6,0.0,0.0,0.0,0.0,15795.0 MiB,12392.1 MiB,958.7 MiB,2444.2 MiB,4096.0 MiB,2774.3 MiB,1321.7 MiB,14246.0 MiB
Python 3.5.10,nbody.py 50000000,25,1691273799,610891,python,0:29.39,15500,8224,4772,100.0,0.1,1,2,0:29,0,4,3760,23,2000,0,8224,299,2,281,16,0,12.2,2.3,0.0,85.5,0.0,0.0,0.0,0.0,15795.0 MiB,12392.1 MiB,958.7 MiB,2444.2 MiB,4096.0 MiB,2774.3 MiB,1321.7 MiB,14246.0 MiB
Python 3.5.10,nbody.py 50000000,26,1691273800,610891,python,0:30.56,15500,8224,4772,100.0,0.1,1,6,0:30,0,4,3760,23,2000,0,8224,299,2,281,16,0,13.2,0.0,0.0,86.8,0.0,0.0,0.0,0.0,15795.0 MiB,12391.8 MiB,958.9 MiB,2444.2 MiB,4096.0 MiB,2774.3 MiB,1321.7 MiB,14245.8 MiB
Python 3.5.10,nbody.py 50000000,27,1691273802,610891,python,0:31.74,15500,8224,4772,100.0,0.1,1,6,0:31,0,4,3760,23,2000,0,8224,299,2,281,16,0,13.1,1.5,0.0,85.4,0.0,0.0,0.0,0.0,15795.0 MiB,12392.1 MiB,958.7 MiB,2444.2 MiB,4096.0 MiB,2774.3 MiB,1321.7 MiB,14246.0 MiB
Python 3.5.10,nbody.py 50000000,28,1691273803,610891,python,0:32.91,15500,8224,4772,100.0,0.1,1,6,0:32,0,4,3760,23,2000,0,8224,300,2,282,16,0,13.1,0.0,0.0,86.9,0.0,0.0,0.0,0.0,15795.0 MiB,12391.8 MiB,958.9 MiB,2444.2 MiB,4096.0 MiB,2774.3 MiB,1321.7 MiB,14245.8 MiB
Python 3.5.10,nbody.py 50000000,29,1691273804,610891,python,0:34.08,15500,8224,4772,100.0,0.1,1,6,0:34,0,4,3760,23,2000,0,8224,300,2,282,16,0,13.0,0.8,0.0,86.3,0.0,0.0,0.0,0.0,15795.0 MiB,12390.9 MiB,959.8 MiB,2444.2 MiB,4096.0 MiB,2774.3 MiB,1321.7 MiB,14244.9 MiB
Python 3.5.10,nbody.py 50000000,30,1691273805,610891,python,0:35.25,15500,8224,4772,100.0,0.1,1,6,0:35,0,4,3760,23,2000,0,8224,299,2,281,16,0,13.6,0.8,0.0,85.6,0.0,0.0,0.0,0.0,15795.0 MiB,12390.2 MiB,960.6 MiB,2444.2 MiB,4096.0 MiB,2774.3 MiB,1321.7 MiB,14244.1 MiB
Python 3.5.10,nbody.py 50000000,31,1691273806,610891,python,0:36.42,15500,8224,4772,100.0,0.1,1,6,0:36,0,4,3760,23,2000,0,8224,299,2,281,16,0,13.2,0.8,0.0,86.0,0.0,0.0,0.0,0.0,15795.0 MiB,12389.7 MiB,961.0 MiB,2444.2 MiB,4096.0 MiB,2774.3 MiB,1321.7 MiB,14243.7 MiB
Python 3.5.10,nbody.py 50000000,32,1691273807,610891,python,0:37.59,15500,8224,4772,100.0,0.1,1,2,0:37,0,4,3760,23,2000,0,8224,299,2,281,16,0,12.3,0.8,0.0,86.9,0.0,0.0,0.0,0.0,15795.0 MiB,12389.0 MiB,961.7 MiB,2444.3 MiB,4096.0 MiB,2774.3 MiB,1321.7 MiB,14243.0 MiB
Python 3.5.10,nbody.py 50000000,33,1691273809,610891,python,0:38.76,15500,8224,4772,93.8,0.1,1,2,0:38,0,4,3760,23,2000,0,8224,299,2,281,16,0,13.1,0.8,0.0,86.2,0.0,0.0,0.0,0.0,15795.0 MiB,12389.0 MiB,961.8 MiB,2444.2 MiB,4096.0 MiB,2774.3 MiB,1321.7 MiB,14242.9 MiB
Python 3.5.10,nbody.py 50000000,34,1691273810,610891,python,0:39.93,15500,8224,4772,100.0,0.1,1,2,0:39,0,4,3760,23,2000,0,8224,300,2,282,16,0,13.0,1.5,0.0,85.5,0.0,0.0,0.0,0.0,15795.0 MiB,12389.7 MiB,961.0 MiB,2444.2 MiB,4096.0 MiB,2774.3 MiB,1321.7 MiB,14243.7 MiB
Python 3.5.10,nbody.py 50000000,35,1691273811,610891,python,0:41.11,15500,8224,4772,100.0,0.1,1,2,0:41,0,4,3760,23,2000,0,8224,299,2,281,16,0,12.3,1.5,0.0,86.2,0.0,0.0,0.0,0.0,15795.0 MiB,12389.7 MiB,961.0 MiB,2444.2 MiB,4096.0 MiB,2774.3 MiB,1321.7 MiB,14243.7 MiB
Python 3.5.10,nbody.py 50000000,36,1691273812,610891,python,0:42.27,15500,8224,4772,93.8,0.1,1,2,0:42,0,4,3760,23,2000,0,8224,298,2,280,16,0,13.2,0.0,0.0,86.8,0.0,0.0,0.0,0.0,15795.0 MiB,12389.5 MiB,961.3 MiB,2444.2 MiB,4096.0 MiB,2774.3 MiB,1321.7 MiB,14243.4 MiB
Python 3.5.10,nbody.py 50000000,37,1691273813,610891,python,0:43.45,15500,8224,4772,100.0,0.1,1,6,0:43,0,4,3760,23,2000,0,8224,298,2,280,16,0,13.0,1.5,0.0,85.5,0.0,0.0,0.0,0.0,15795.0 MiB,12389.5 MiB,961.2 MiB,2444.3 MiB,4096.0 MiB,2774.3 MiB,1321.7 MiB,14243.4 MiB
Python 3.5.10,nbody.py 50000000,38,1691273814,610891,python,0:44.62,15500,8224,4772,100.0,0.1,1,6,0:44,0,4,3760,23,2000,0,8224,298,2,280,16,0,13.7,1.5,0.0,84.0,0.8,0.0,0.0,0.0,15795.0 MiB,12389.5 MiB,961.2 MiB,2444.3 MiB,4096.0 MiB,2774.3 MiB,1321.7 MiB,14243.4 MiB
Python 3.5.10,nbody.py 50000000,39,1691273816,610891,python,0:45.79,15500,8224,4772,100.0,0.1,1,6,0:45,0,4,3760,23,2000,0,8224,298,2,280,16,0,13.1,0.8,0.0,86.2,0.0,0.0,0.0,0.0,15795.0 MiB,12389.5 MiB,961.2 MiB,2444.3 MiB,4096.0 MiB,2774.3 MiB,1321.7 MiB,14243.5 MiB
Python 3.5.10,nbody.py 50000000,40,1691273817,610891,python,0:46.97,15500,8224,4772,100.0,0.1,1,6,0:46,0,4,3760,23,2000,0,8224,299,2,281,16,0,13.9,0.7,0.0,85.4,0.0,0.0,0.0,0.0,15795.0 MiB,12389.5 MiB,961.2 MiB,2444.3 MiB,4096.0 MiB,2774.3 MiB,1321.7 MiB,14243.5 MiB
Python 3.5.10,nbody.py 50000000,41,1691273818,610891,python,0:48.15,15500,8224,4772,100.0,0.1,1,6,0:48,0,4,3760,23,2000,0,8224,299,2,281,16,0,13.2,0.7,0.0,86.0,0.0,0.0,0.0,0.0,15795.0 MiB,12389.5 MiB,961.2 MiB,2444.3 MiB,4096.0 MiB,2774.3 MiB,1321.7 MiB,14243.5 MiB
Python 3.5.10,nbody.py 50000000,42,1691273819,610891,python,0:49.32,15500,8224,4772,93.8,0.1,1,2,0:49,0,4,3760,23,2000,0,8224,299,2,281,16,0,13.0,1.5,0.0,85.5,0.0,0.0,0.0,0.0,15795.0 MiB,12389.7 MiB,961.0 MiB,2444.3 MiB,4096.0 MiB,2774.3 MiB,1321.7 MiB,14243.7 MiB
Python 3.5.10,nbody.py 50000000,43,1691273820,610891,python,0:50.49,15500,8224,4772,100.0,0.1,1,2,0:50,0,4,3760,23,2000,0,8224,298,2,280,16,0,13.0,1.5,0.0,85.5,0.0,0.0,0.0,0.0,15795.0 MiB,12389.2 MiB,961.5 MiB,2444.3 MiB,4096.0 MiB,2774.3 MiB,1321.7 MiB,14243.2 MiB
Python 3.5.10,nbody.py 50000000,44,1691273821,610891,python,0:51.66,15500,8224,4772,100.0,0.1,1,2,0:51,0,4,3760,23,2000,0,8224,298,2,280,16,0,12.5,0.0,0.0,87.5,0.0,0.0,0.0,0.0,15795.0 MiB,12389.2 MiB,961.3 MiB,2444.4 MiB,4096.0 MiB,2774.3 MiB,1321.7 MiB,14243.3 MiB
Python 3.5.10,nbody.py 50000000,45,1691273823,610891,python,0:52.83,15500,8224,4772,100.0,0.1,1,6,0:52,0,4,3760,23,2000,0,8224,299,2,281,16,0,12.3,0.8,0.0,86.9,0.0,0.0,0.0,0.0,15795.0 MiB,12389.2 MiB,961.3 MiB,2444.4 MiB,4096.0 MiB,2774.3 MiB,1321.7 MiB,14243.4 MiB
Python 3.5.10,nbody.py 50000000,46,1691273824,610891,python,0:54.01,15500,8224,4772,100.0,0.1,1,6,0:54,0,4,3760,23,2000,0,8224,299,2,281,16,0,13.8,0.0,0.0,86.2,0.0,0.0,0.0,0.0,15795.0 MiB,12389.2 MiB,961.3 MiB,2444.4 MiB,4096.0 MiB,2774.3 MiB,1321.7 MiB,14243.4 MiB
Python 3.5.10,nbody.py 50000000,47,1691273825,610891,python,0:55.18,15500,8224,4772,100.0,0.1,1,6,0:55,0,4,3760,23,2000,0,8224,298,2,280,16,0,13.0,2.3,0.0,83.2,1.5,0.0,0.0,0.0,15795.0 MiB,12390.8 MiB,958.9 MiB,2445.2 MiB,4096.0 MiB,2774.3 MiB,1321.7 MiB,14245.8 MiB
Python 3.5.10,nbody.py 50000000,48,1691273826,610891,python,0:56.35,15500,8224,4772,100.0,0.1,1,2,0:56,0,4,3760,23,2000,0,8224,297,2,279,16,0,12.9,1.5,0.0,85.6,0.0,0.0,0.0,0.0,15795.0 MiB,12390.7 MiB,959.0 MiB,2445.3 MiB,4096.0 MiB,2774.3 MiB,1321.7 MiB,14245.7 MiB
Python 3.5.10,nbody.py 50000000,49,1691273827,610891,python,0:57.52,15500,8224,4772,100.0,0.1,1,2,0:57,0,4,3760,23,2000,0,8224,297,2,279,16,0,13.1,0.8,0.0,86.2,0.0,0.0,0.0,0.0,15795.0 MiB,12390.7 MiB,959.0 MiB,2445.3 MiB,4096.0 MiB,2774.3 MiB,1321.7 MiB,14245.7 MiB
Python 3.5.10,nbody.py 50000000,50,1691273829,610891,python,0:58.69,15500,8224,4772,100.0,0.1,1,2,0:58,0,4,3760,23,2000,0,8224,297,2,279,16,0,12.3,1.5,0.0,86.2,0.0,0.0,0.0,0.0,15795.0 MiB,12390.7 MiB,959.0 MiB,2445.3 MiB,4096.0 MiB,2774.3 MiB,1321.7 MiB,14245.7 MiB
Python 3.5.10,nbody.py 50000000,51,1691273830,610891,python,0:59.86,15500,8224,4772,93.8,0.1,1,2,0:59,0,4,3760,23,2000,0,8224,297,2,279,16,0,13.7,0.8,0.0,85.5,0.0,0.0,0.0,0.0,15795.0 MiB,12390.7 MiB,959.0 MiB,2445.3 MiB,4096.0 MiB,2774.3 MiB,1321.7 MiB,14245.7 MiB
Python 3.5.10,nbody.py 50000000,52,1691273831,610891,python,1:01.03,15500,8224,4772,100.0,0.1,1,2,1:01,0,4,3760,23,2000,0,8224,297,2,279,16,0,12.9,1.5,0.0,85.6,0.0,0.0,0.0,0.0,15795.0 MiB,12390.7 MiB,959.0 MiB,2445.3 MiB,4096.0 MiB,2774.3 MiB,1321.7 MiB,14245.7 MiB
Python 3.5.10,nbody.py 50000000,53,1691273832,610891,python,1:02.21,15500,8224,4772,100.0,0.1,1,2,1:02,0,4,3760,23,2000,0,8224,297,2,279,16,0,12.4,0.8,0.0,86.8,0.0,0.0,0.0,0.0,15795.0 MiB,12390.7 MiB,959.0 MiB,2445.3 MiB,4096.0 MiB,2774.3 MiB,1321.7 MiB,14245.7 MiB
Python 3.5.10,nbody.py 50000000,54,1691273833,610891,python,1:03.38,15500,8224,4772,100.0,0.1,1,2,1:03,0,4,3760,23,2000,0,8224,297,2,279,16,0,13.6,0.8,0.0,85.6,0.0,0.0,0.0,0.0,15795.0 MiB,12390.7 MiB,959.0 MiB,2445.3 MiB,4096.0 MiB,2774.3 MiB,1321.7 MiB,14245.7 MiB
Python 3.5.10,nbody.py 50000000,55,1691273834,610891,python,1:04.55,15500,8224,4772,100.0,0.1,1,2,1:04,0,4,3760,23,2000,0,8224,297,2,279,16,0,12.4,0.8,0.0,86.8,0.0,0.0,0.0,0.0,15795.0 MiB,12390.7 MiB,959.0 MiB,2445.3 MiB,4096.0 MiB,2774.3 MiB,1321.7 MiB,14245.7 MiB
Python 3.5.10,nbody.py 50000000,56,1691273836,610891,python,1:05.72,15500,8224,4772,100.0,0.1,1,2,1:05,0,4,3760,23,2000,0,8224,297,2,279,16,0,13.0,0.8,0.0,86.3,0.0,0.0,0.0,0.0,15795.0 MiB,12390.5 MiB,959.2 MiB,2445.3 MiB,4096.0 MiB,2774.3 MiB,1321.7 MiB,14245.4 MiB
Python 3.5.10,nbody.py 50000000,57,1691273837,610891,python,1:06.89,15500,8224,4772,100.0,0.1,1,6,1:06,0,4,3760,23,2000,0,8224,298,2,280,16,0,13.1,0.8,0.0,86.2,0.0,0.0,0.0,0.0,15795.0 MiB,12390.0 MiB,959.7 MiB,2445.3 MiB,4096.0 MiB,2774.3 MiB,1321.7 MiB,14245.0 MiB
Python 3.5.10,nbody.py 50000000,58,1691273838,610891,python,1:08.06,15500,8224,4772,100.0,0.1,1,6,1:08,0,4,3760,23,2000,0,8224,298,2,280,16,0,12.5,0.0,0.0,87.5,0.0,0.0,0.0,0.0,15795.0 MiB,12390.0 MiB,959.7 MiB,2445.3 MiB,4096.0 MiB,2774.3 MiB,1321.7 MiB,14245.0 MiB
Python 3.5.10,nbody.py 50000000,59,1691273839,610891,python,1:09.23,15500,8224,4772,100.0,0.1,1,6,1:09,0,4,3760,23,2000,0,8224,298,2,280,16,0,13.0,0.8,0.0,86.3,0.0,0.0,0.0,0.0,15795.0 MiB,12389.8 MiB,959.9 MiB,2445.3 MiB,4096.0 MiB,2774.3 MiB,1321.7 MiB,14244.7 MiB
Python 3.5.10,nbody.py 50000000,60,1691273840,610891,python,1:10.40,15500,8224,4772,93.8,0.1,1,6,1:10,0,4,3760,23,2000,0,8224,297,2,279,16,0,13.1,0.8,0.0,86.2,0.0,0.0,0.0,0.0,15795.0 MiB,12389.8 MiB,959.9 MiB,2445.3 MiB,4096.0 MiB,2774.3 MiB,1321.7 MiB,14244.7 MiB
Python 3.5.10,nbody.py 50000000,61,1691273841,610891,python,1:11.57,15500,8224,4772,100.0,0.1,1,2,1:11,0,4,3760,23,2000,0,8224,297,2,279,16,0,12.3,0.8,0.0,86.9,0.0,0.0,0.0,0.0,15795.0 MiB,12389.8 MiB,959.9 MiB,2445.3 MiB,4096.0 MiB,2774.3 MiB,1321.7 MiB,14244.8 MiB
Python 3.5.10,nbody.py 50000000,62,1691273843,610891,python,1:12.74,15500,8224,4772,93.8,0.1,1,2,1:12,0,4,3760,23,2000,0,8224,297,2,279,16,0,12.3,0.8,0.0,86.9,0.0,0.0,0.0,0.0,15795.0 MiB,12389.8 MiB,959.9 MiB,2445.3 MiB,4096.0 MiB,2774.3 MiB,1321.7 MiB,14244.8 MiB
Python 3.5.10,nbody.py 50000000,63,1691273844,610891,python,1:13.91,15500,8224,4772,100.0,0.1,1,2,1:13,0,4,3760,23,2000,0,8224,297,2,279,16,0,13.7,0.8,0.0,85.5,0.0,0.0,0.0,0.0,15795.0 MiB,12389.8 MiB,959.9 MiB,2445.3 MiB,4096.0 MiB,2774.3 MiB,1321.7 MiB,14244.8 MiB
Python 3.5.10,nbody.py 50000000,64,1691273845,610891,python,1:15.09,15500,8224,4772,100.0,0.1,1,2,1:15,0,4,3760,23,2000,0,8224,297,2,279,16,0,13.0,0.8,0.0,86.3,0.0,0.0,0.0,0.0,15795.0 MiB,12389.8 MiB,959.9 MiB,2445.3 MiB,4096.0 MiB,2774.3 MiB,1321.7 MiB,14244.8 MiB
Python 3.5.10,nbody.py 50000000,65,1691273846,610891,python,1:16.26,15500,8224,4772,100.0,0.1,1,2,1:16,0,4,3760,23,2000,0,8224,297,2,279,16,0,12.3,0.8,0.0,86.9,0.0,0.0,0.0,0.0,15795.0 MiB,12389.8 MiB,959.9 MiB,2445.3 MiB,4096.0 MiB,2774.3 MiB,1321.7 MiB,14244.8 MiB
Python 3.5.10,nbody.py 50000000,66,1691273847,610891,python,1:17.43,15500,8224,4772,100.0,0.1,1,2,1:17,0,4,3760,23,2000,0,8224,297,2,279,16,0,12.3,0.8,0.0,86.2,0.8,0.0,0.0,0.0,15795.0 MiB,12389.8 MiB,959.9 MiB,2445.3 MiB,4096.0 MiB,2774.3 MiB,1321.7 MiB,14244.8 MiB
Python 3.5.10,nbody.py 50000000,67,1691273848,610891,python,1:18.60,15500,8224,4772,100.0,0.1,1,6,1:18,0,4,3760,23,2000,0,8224,297,2,279,16,0,13.7,0.8,0.0,85.5,0.0,0.0,0.0,0.0,15795.0 MiB,12389.8 MiB,959.9 MiB,2445.3 MiB,4096.0 MiB,2774.3 MiB,1321.7 MiB,14244.8 MiB
Python 3.5.10,nbody.py 50000000,68,1691273850,610891,python,1:19.77,15500,8224,4772,100.0,0.1,1,6,1:19,0,4,3760,23,2000,0,8224,297,2,279,16,0,13.0,0.8,0.0,86.3,0.0,0.0,0.0,0.0,15795.0 MiB,12389.8 MiB,959.9 MiB,2445.3 MiB,4096.0 MiB,2774.3 MiB,1321.7 MiB,14244.8 MiB
Python 3.5.10,nbody.py 50000000,69,1691273851,610891,python,1:20.94,15500,8224,4772,100.0,0.1,1,6,1:20,0,4,3760,23,2000,0,8224,298,2,280,16,0,13.0,0.8,0.0,86.3,0.0,0.0,0.0,0.0,15795.0 MiB,12389.5 MiB,960.2 MiB,2445.3 MiB,4096.0 MiB,2774.3 MiB,1321.7 MiB,14244.5 MiB
Python 3.5.10,nbody.py 50000000,70,1691273852,610891,python,1:22.11,15500,8224,4772,100.0,0.1,1,6,1:22,0,4,3760,23,2000,0,8224,298,2,280,16,0,13.0,1.5,0.0,85.5,0.0,0.0,0.0,0.0,15795.0 MiB,12389.5 MiB,960.2 MiB,2445.3 MiB,4096.0 MiB,2774.3 MiB,1321.7 MiB,14244.5 MiB
Python 3.5.10,nbody.py 50000000,71,1691273853,610891,python,1:23.28,15500,8224,4772,100.0,0.1,1,6,1:23,0,4,3760,23,2000,0,8224,298,2,280,16,0,12.4,0.8,0.0,86.8,0.0,0.0,0.0,0.0,15795.0 MiB,12389.3 MiB,960.4 MiB,2445.3 MiB,4096.0 MiB,2774.3 MiB,1321.7 MiB,14244.3 MiB
Python 3.5.10,nbody.py 50000000,72,1691273854,610891,python,1:24.45,15500,8224,4772,100.0,0.1,1,2,1:24,0,4,3760,23,2000,0,8224,297,2,279,16,0,13.1,0.0,0.0,86.9,0.0,0.0,0.0,0.0,15795.0 MiB,12390.3 MiB,959.3 MiB,2445.3 MiB,4096.0 MiB,2774.3 MiB,1321.7 MiB,14245.3 MiB
Python 3.5.10,nbody.py 50000000,73,1691273855,610891,python,1:25.62,15500,8224,4772,93.8,0.1,1,2,1:25,0,4,3760,23,2000,0,8224,297,2,279,16,0,12.3,0.8,0.0,86.9,0.0,0.0,0.0,0.0,15795.0 MiB,12390.3 MiB,959.4 MiB,2445.3 MiB,4096.0 MiB,2774.3 MiB,1321.7 MiB,14245.3 MiB
Python 3.5.10,nbody.py 50000000,74,1691273857,610891,python,1:26.80,15500,8224,4772,100.0,0.1,1,6,1:26,0,4,3760,23,2000,0,8224,297,2,279,16,0,13.0,0.8,0.0,86.3,0.0,0.0,0.0,0.0,15795.0 MiB,12390.3 MiB,959.4 MiB,2445.3 MiB,4096.0 MiB,2774.3 MiB,1321.7 MiB,14245.3 MiB
Python 3.5.10,nbody.py 50000000,75,1691273858,610891,python,1:27.96,15500,8224,4772,93.8,0.1,1,6,1:27,0,4,3760,23,2000,0,8224,297,2,279,16,0,12.3,0.8,0.0,86.9,0.0,0.0,0.0,0.0,15795.0 MiB,12390.3 MiB,959.4 MiB,2445.3 MiB,4096.0 MiB,2774.3 MiB,1321.7 MiB,14245.3 MiB
Python 3.5.10,nbody.py 50000000,76,1691273859,610891,python,1:29.14,15500,8224,4772,100.0,0.1,1,2,1:29,0,4,3760,23,2000,0,8224,297,2,279,16,0,13.0,1.5,0.0,85.5,0.0,0.0,0.0,0.0,15795.0 MiB,12390.3 MiB,959.3 MiB,2445.4 MiB,4096.0 MiB,2774.3 MiB,1321.7 MiB,14245.3 MiB
Python 3.5.10,nbody.py 50000000,77,1691273860,610891,python,1:30.31,15500,8224,4772,100.0,0.1,1,2,1:30,0,4,3760,23,2000,0,8224,297,2,279,16,0,12.9,1.5,0.0,85.6,0.0,0.0,0.0,0.0,15795.0 MiB,12390.3 MiB,959.3 MiB,2445.4 MiB,4096.0 MiB,2774.3 MiB,1321.7 MiB,14245.3 MiB
Python 3.5.10,nbody.py 50000000,78,1691273861,610891,python,1:31.48,15500,8224,4772,100.0,0.1,1,2,1:31,0,4,3760,23,2000,0,8224,297,2,279,16,0,12.4,0.8,0.0,86.8,0.0,0.0,0.0,0.0,15795.0 MiB,12390.3 MiB,959.3 MiB,2445.4 MiB,4096.0 MiB,2774.3 MiB,1321.7 MiB,14245.3 MiB
Python 3.5.10,nbody.py 50000000,79,1691273862,610891,python,1:32.65,15500,8224,4772,100.0,0.1,1,2,1:32,0,4,3760,23,2000,0,8224,297,2,279,16,0,13.1,0.8,0.0,86.2,0.0,0.0,0.0,0.0,15795.0 MiB,12390.3 MiB,959.3 MiB,2445.4 MiB,4096.0 MiB,2774.3 MiB,1321.7 MiB,14245.3 MiB
Python 3.5.10,nbody.py 50000000,80,1691273864,610891,python,1:33.83,15500,8224,4772,100.0,0.1,1,2,1:33,0,4,3760,23,2000,0,8224,297,2,279,16,0,12.4,2.2,0.0,85.4,0.0,0.0,0.0,0.0,15795.0 MiB,12390.3 MiB,959.3 MiB,2445.4 MiB,4096.0 MiB,2774.3 MiB,1321.7 MiB,14245.3 MiB
Python 3.5.10,nbody.py 50000000,81,1691273865,610891,python,1:35.00,15500,8224,4772,100.0,0.1,1,2,1:35,0,4,3760,23,2000,0,8224,297,2,279,16,0,12.9,1.5,0.0,85.6,0.0,0.0,0.0,0.0,15795.0 MiB,12390.3 MiB,959.3 MiB,2445.4 MiB,4096.0 MiB,2774.3 MiB,1321.7 MiB,14245.3 MiB
Python 3.5.10,nbody.py 50000000,82,1691273866,610891,python,1:36.17,15500,8224,4772,100.0,0.1,1,2,1:36,0,4,3760,23,2000,0,8224,297,2,279,16,0,13.0,2.3,0.0,84.7,0.0,0.0,0.0,0.0,15795.0 MiB,12390.5 MiB,959.1 MiB,2445.4 MiB,4096.0 MiB,2774.3 MiB,1321.7 MiB,14245.6 MiB
Python 3.5.10,nbody.py 50000000,83,1691273867,610891,python,1:37.34,15500,8224,4772,100.0,0.1,1,2,1:37,0,4,3760,23,2000,0,8224,297,2,279,16,0,12.4,0.0,0.0,87.6,0.0,0.0,0.0,0.0,15795.0 MiB,12390.5 MiB,959.1 MiB,2445.4 MiB,4096.0 MiB,2774.3 MiB,1321.7 MiB,14245.6 MiB
Python 3.5.10,nbody.py 50000000,84,1691273868,610891,python,1:38.51,15500,8224,4772,100.0,0.1,1,2,1:38,0,4,3760,23,2000,0,8224,297,2,279,16,0,12.4,0.8,0.0,86.8,0.0,0.0,0.0,0.0,15795.0 MiB,12390.5 MiB,959.1 MiB,2445.4 MiB,4096.0 MiB,2774.3 MiB,1321.7 MiB,14245.6 MiB
Python 3.5.10,nbody.py 50000000,85,1691273870,610891,python,1:39.68,15500,8224,4772,93.8,0.1,1,2,1:39,0,4,3760,23,2000,0,8224,298,2,280,16,0,12.9,1.5,0.0,85.6,0.0,0.0,0.0,0.0,15795.0 MiB,12390.5 MiB,959.1 MiB,2445.4 MiB,4096.0 MiB,2774.3 MiB,1321.7 MiB,14245.6 MiB
Python 3.5.10,nbody.py 50000000,86,1691273871,610891,python,1:40.86,15500,8224,4772,100.0,0.1,1,2,1:40,0,4,3760,23,2000,0,8224,298,2,280,16,0,13.9,0.7,0.0,84.7,0.7,0.0,0.0,0.0,15795.0 MiB,12390.5 MiB,959.1 MiB,2445.4 MiB,4096.0 MiB,2774.3 MiB,1321.7 MiB,14245.6 MiB
Python 3.5.10,nbody.py 50000000,87,1691273872,610891,python,1:42.04,15500,8224,4772,100.0,0.1,1,2,1:42,0,4,3760,23,2000,0,8224,298,2,280,16,0,13.0,0.8,0.0,86.3,0.0,0.0,0.0,0.0,15795.0 MiB,12390.3 MiB,959.3 MiB,2445.4 MiB,4096.0 MiB,2774.3 MiB,1321.7 MiB,14245.4 MiB
Python 3.5.10,nbody.py 50000000,88,1691273873,610891,python,1:43.21,15500,8224,4772,100.0,0.1,1,2,1:43,0,4,3760,23,2000,0,8224,297,2,279,16,0,12.3,0.8,0.0,86.9,0.0,0.0,0.0,0.0,15795.0 MiB,12390.3 MiB,959.3 MiB,2445.4 MiB,4096.0 MiB,2774.3 MiB,1321.7 MiB,14245.4 MiB
Python 3.5.10,nbody.py 50000000,89,1691273874,610891,python,1:44.38,15500,8224,4772,100.0,0.1,1,2,1:44,0,4,3760,23,2000,0,8224,297,2,279,16,0,13.0,1.5,0.0,85.5,0.0,0.0,0.0,0.0,15795.0 MiB,12390.3 MiB,959.3 MiB,2445.4 MiB,4096.0 MiB,2774.3 MiB,1321.7 MiB,14245.4 MiB
Python 3.5.10,nbody.py 50000000,90,1691273875,610891,python,1:45.55,15500,8224,4772,100.0,0.1,1,2,1:45,0,4,3760,23,2000,0,8224,297,2,279,16,0,13.1,0.8,0.0,86.2,0.0,0.0,0.0,0.0,15795.0 MiB,12390.0 MiB,959.6 MiB,2445.4 MiB,4096.0 MiB,2774.3 MiB,1321.7 MiB,14245.1 MiB
Python 3.5.10,nbody.py 50000000,91,1691273877,610891,python,1:46.72,15500,8224,4772,100.0,0.1,1,2,1:46,0,4,3760,23,2000,0,8224,298,2,280,16,0,13.0,0.8,0.0,84.7,1.5,0.0,0.0,0.0,15795.0 MiB,12390.0 MiB,959.6 MiB,2445.4 MiB,4096.0 MiB,2774.3 MiB,1321.7 MiB,14245.1 MiB
Python 3.5.10,nbody.py 50000000,92,1691273878,610891,python,1:47.89,15500,8224,4772,100.0,0.1,1,2,1:47,0,4,3760,23,2000,0,8224,298,2,280,16,0,13.0,1.5,0.0,85.5,0.0,0.0,0.0,0.0,15795.0 MiB,12390.0 MiB,959.6 MiB,2445.4 MiB,4096.0 MiB,2774.3 MiB,1321.7 MiB,14245.1 MiB
Python 3.5.10,nbody.py 50000000,93,1691273879,610891,python,1:49.06,15500,8224,4772,100.0,0.1,1,2,1:49,0,4,3760,23,2000,0,8224,298,2,280,16,0,12.3,0.8,0.0,86.9,0.0,0.0,0.0,0.0,15795.0 MiB,12390.0 MiB,959.6 MiB,2445.4 MiB,4096.0 MiB,2774.3 MiB,1321.7 MiB,14245.1 MiB
Python 3.5.10,nbody.py 50000000,94,1691273880,610891,python,1:50.23,15500,8224,4772,100.0,0.1,1,2,1:50,0,4,3760,23,2000,0,8224,297,2,279,16,0,13.0,0.8,0.0,86.3,0.0,0.0,0.0,0.0,15795.0 MiB,12390.0 MiB,959.6 MiB,2445.3 MiB,4096.0 MiB,2774.3 MiB,1321.7 MiB,14245.1 MiB
Python 3.5.10,nbody.py 50000000,95,1691273881,610891,python,1:51.40,15500,8224,4772,93.8,0.1,1,2,1:51,0,4,3760,23,2000,0,8224,297,2,279,16,0,12.9,1.5,0.0,85.6,0.0,0.0,0.0,0.0,15795.0 MiB,12390.0 MiB,959.6 MiB,2445.3 MiB,4096.0 MiB,2774.3 MiB,1321.7 MiB,14245.1 MiB
Python 3.5.10,nbody.py 50000000,96,1691273882,610891,python,1:52.58,15500,8224,4772,100.0,0.1,1,2,1:52,0,4,3760,23,2000,0,8224,297,2,279,16,0,12.4,0.8,0.0,86.8,0.0,0.0,0.0,0.0,15795.0 MiB,12389.8 MiB,959.9 MiB,2445.3 MiB,4096.0 MiB,2774.3 MiB,1321.7 MiB,14244.9 MiB
Python 3.5.10,nbody.py 50000000,97,1691273884,610891,python,1:53.74,15500,8224,4772,93.8,0.1,1,2,1:53,0,4,3760,23,2000,0,8224,297,2,279,16,0,12.4,0.0,0.0,87.6,0.0,0.0,0.0,0.0,15795.0 MiB,12389.5 MiB,960.1 MiB,2445.3 MiB,4096.0 MiB,2774.3 MiB,1321.7 MiB,14244.7 MiB
Python 3.5.10,nbody.py 50000000,98,1691273885,610891,python,1:54.92,15500,8224,4772,100.0,0.1,1,2,1:54,0,4,3760,23,2000,0,8224,297,2,279,16,0,13.0,0.8,0.0,86.3,0.0,0.0,0.0,0.0,15795.0 MiB,12389.5 MiB,960.1 MiB,2445.3 MiB,4096.0 MiB,2774.3 MiB,1321.7 MiB,14244.7 MiB
Python 3.5.10,nbody.py 50000000,99,1691273886,610891,python,1:56.09,15500,8224,4772,100.0,0.1,1,2,1:56,0,4,3760,23,2000,0,8224,297,2,279,16,0,12.4,0.8,0.0,86.8,0.0,0.0,0.0,0.0,15795.0 MiB,12389.5 MiB,960.1 MiB,2445.3 MiB,4096.0 MiB,2774.3 MiB,1321.7 MiB,14244.7 MiB
Python 3.5.10,nbody.py 50000000,100,1691273887,610891,python,1:57.26,15500,8224,4772,100.0,0.1,1,2,1:57,0,4,3760,23,2000,0,8224,298,2,280,16,0,13.0,0.8,0.0,86.3,0.0,0.0,0.0,0.0,15795.0 MiB,12389.5 MiB,960.1 MiB,2445.3 MiB,4096.0 MiB,2774.3 MiB,1321.7 MiB,14244.7 MiB
Python 3.5.10,nbody.py 50000000,101,1691273888,610891,python,1:58.44,15500,8224,4772,100.0,0.1,1,2,1:58,0,4,3760,23,2000,0,8224,298,2,280,16,0,13.5,0.8,0.0,85.7,0.0,0.0,0.0,0.0,15795.0 MiB,12389.5 MiB,960.1 MiB,2445.3 MiB,4096.0 MiB,2774.3 MiB,1321.7 MiB,14244.7 MiB
Python 3.5.10,nbody.py 50000000,102,1691273889,610891,python,1:59.62,15500,8224,4772,94.1,0.1,1,2,1:59,0,4,3760,23,2000,0,8224,298,2,280,16,0,13.3,0.7,0.0,85.9,0.0,0.0,0.0,0.0,15795.0 MiB,12389.5 MiB,960.1 MiB,2445.3 MiB,4096.0 MiB,2774.3 MiB,1321.7 MiB,14244.7 MiB
Python 3.5.10,nbody.py 50000000,103,1691273891,610891,python,2:00.79,15500,8224,4772,100.0,0.1,1,2,2:00,0,4,3760,23,2000,0,8224,297,2,279,16,0,12.1,1.5,0.0,86.4,0.0,0.0,0.0,0.0,15795.0 MiB,12389.5 MiB,960.1 MiB,2445.3 MiB,4096.0 MiB,2774.3 MiB,1321.7 MiB,14244.7 MiB
Python 3.5.10,nbody.py 50000000,104,1691273892,610891,python,2:01.96,15500,8224,4772,100.0,0.1,1,2,2:01,0,4,3760,23,2000,0,8224,296,2,278,16,0,12.9,0.8,0.0,86.4,0.0,0.0,0.0,0.0,15795.0 MiB,12389.5 MiB,960.1 MiB,2445.3 MiB,4096.0 MiB,2774.3 MiB,1321.7 MiB,14244.7 MiB
Python 3.5.10,nbody.py 50000000,105,1691273893,610891,python,2:03.13,15500,8224,4772,100.0,0.1,1,2,2:03,0,4,3760,23,2000,0,8224,296,2,278,16,0,12.3,0.8,0.0,86.9,0.0,0.0,0.0,0.0,15795.0 MiB,12389.5 MiB,960.1 MiB,2445.3 MiB,4096.0 MiB,2774.3 MiB,1321.7 MiB,14244.7 MiB
Python 3.5.10,nbody.py 50000000,106,1691273894,610891,python,2:04.30,15500,8224,4772,93.8,0.1,1,2,2:04,0,4,3760,23,2000,0,8224,296,2,278,16,0,12.9,1.5,0.0,85.6,0.0,0.0,0.0,0.0,15795.0 MiB,12389.5 MiB,960.1 MiB,2445.3 MiB,4096.0 MiB,2774.3 MiB,1321.7 MiB,14244.7 MiB
Python 3.5.10,nbody.py 50000000,107,1691273895,610891,python,2:05.48,15500,8224,4772,100.0,0.1,1,2,2:05,0,4,3760,23,2000,0,8224,296,2,278,16,0,12.8,1.5,0.0,85.7,0.0,0.0,0.0,0.0,15795.0 MiB,12389.5 MiB,960.1 MiB,2445.3 MiB,4096.0 MiB,2774.3 MiB,1321.7 MiB,14244.7 MiB
Python 3.5.10,nbody.py 50000000,108,1691273896,610891,python,2:06.65,15500,8224,4772,100.0,0.1,1,2,2:06,0,4,3760,23,2000,0,8224,296,2,278,16,0,13.0,0.8,0.0,86.3,0.0,0.0,0.0,0.0,15795.0 MiB,12389.5 MiB,960.1 MiB,2445.3 MiB,4096.0 MiB,2774.3 MiB,1321.7 MiB,14244.7 MiB
Python 3.5.10,nbody.py 50000000,109,1691273898,610891,python,2:07.82,15500,8224,4772,93.8,0.1,1,2,2:07,0,4,3760,23,2000,0,8224,296,2,278,16,0,12.3,0.8,0.0,86.9,0.0,0.0,0.0,0.0,15795.0 MiB,12389.5 MiB,960.1 MiB,2445.3 MiB,4096.0 MiB,2774.3 MiB,1321.7 MiB,14244.7 MiB
Python 3.5.10,nbody.py 50000000,110,1691273899,610891,python,2:09.00,15500,8224,4772,100.0,0.1,1,2,2:09,0,4,3760,23,2000,0,8224,296,2,278,16,0,13.2,0.0,0.0,86.8,0.0,0.0,0.0,0.0,15795.0 MiB,12389.5 MiB,960.1 MiB,2445.4 MiB,4096.0 MiB,2774.3 MiB,1321.7 MiB,14244.7 MiB
Python 3.5.10,nbody.py 50000000,111,1691273900,610891,python,2:10.17,15500,8224,4772,100.0,0.1,1,2,2:10,0,4,3760,23,2000,0,8224,296,2,278,16,0,13.5,0.8,0.0,85.7,0.0,0.0,0.0,0.0,15795.0 MiB,12389.5 MiB,960.1 MiB,2445.4 MiB,4096.0 MiB,2774.3 MiB,1321.7 MiB,14244.7 MiB
Python 3.5.10,nbody.py 50000000,112,1691273901,610891,python,2:11.35,15500,8224,4772,100.0,0.1,1,2,2:11,0,4,3760,23,2000,0,8224,296,2,278,16,0,13.0,1.4,0.0,85.5,0.0,0.0,0.0,0.0,15795.0 MiB,12389.5 MiB,960.1 MiB,2445.4 MiB,4096.0 MiB,2774.3 MiB,1321.7 MiB,14244.7 MiB
Python 3.5.10,nbody.py 50000000,113,1691273902,610891,python,2:12.53,15500,8224,4772,100.0,0.1,1,2,2:12,0,4,3760,23,2000,0,8224,296,2,278,16,0,13.6,0.8,0.0,85.6,0.0,0.0,0.0,0.0,15795.0 MiB,12389.3 MiB,960.3 MiB,2445.4 MiB,4096.0 MiB,2774.3 MiB,1321.7 MiB,14244.5 MiB
Python 3.5.10,nbody.py 50000000,114,1691273904,610891,python,2:13.70,15500,8224,4772,100.0,0.1,1,2,2:13,0,4,3760,23,2000,0,8224,296,2,278,16,0,13.0,1.5,0.0,85.5,0.0,0.0,0.0,0.0,15795.0 MiB,12389.3 MiB,960.3 MiB,2445.4 MiB,4096.0 MiB,2774.3 MiB,1321.7 MiB,14244.5 MiB
Python 3.5.10,nbody.py 50000000,115,1691273905,610891,python,2:14.87,15500,8224,4772,100.0,0.1,1,2,2:14,0,4,3760,23,2000,0,8224,296,2,278,16,0,12.9,1.5,0.0,85.6,0.0,0.0,0.0,0.0,15795.0 MiB,12389.1 MiB,960.6 MiB,2445.4 MiB,4096.0 MiB,2774.3 MiB,1321.7 MiB,14244.2 MiB
Python 3.5.10,nbody.py 50000000,116,1691273906,610891,python,2:16.04,15500,8224,4772,93.8,0.1,1,6,2:16,0,4,3760,23,2000,0,8224,296,2,278,16,0,13.0,0.8,0.0,86.3,0.0,0.0,0.0,0.0,15795.0 MiB,12389.1 MiB,960.6 MiB,2445.4 MiB,4096.0 MiB,2774.3 MiB,1321.7 MiB,14244.2 MiB
Python 3.5.10,nbody.py 50000000,117,1691273907,610891,python,2:17.22,15500,8224,4772,100.0,0.1,1,6,2:17,0,4,3760,23,2000,0,8224,296,2,278,16,0,12.8,2.3,0.0,85.0,0.0,0.0,0.0,0.0,15795.0 MiB,12389.1 MiB,960.6 MiB,2445.4 MiB,4096.0 MiB,2774.3 MiB,1321.7 MiB,14244.2 MiB
Python 3.5.10,nbody.py 50000000,118,1691273908,610891,python,2:18.39,15500,8224,4772,93.8,0.1,1,6,2:18,0,4,3760,23,2000,0,8224,296,2,278,16,0,12.9,1.5,0.0,85.6,0.0,0.0,0.0,0.0,15795.0 MiB,12389.1 MiB,960.6 MiB,2445.4 MiB,4096.0 MiB,2774.3 MiB,1321.7 MiB,14244.2 MiB
Python 3.5.10,nbody.py 50000000,119,1691273909,610891,python,2:19.56,15500,8224,4772,100.0,0.1,1,6,2:19,0,4,3760,23,2000,0,8224,296,2,278,16,0,13.0,0.8,0.0,86.3,0.0,0.0,0.0,0.0,15795.0 MiB,12389.1 MiB,960.6 MiB,2445.4 MiB,4096.0 MiB,2774.3 MiB,1321.7 MiB,14244.2 MiB
Python 3.5.10,nbody.py 50000000,120,1691273911,610891,python,2:20.73,15500,8224,4772,93.8,0.1,1,2,2:20,0,4,3760,23,2000,0,8224,296,2,278,16,0,12.9,1.5,0.0,85.6,0.0,0.0,0.0,0.0,15795.0 MiB,12388.8 MiB,960.8 MiB,2445.4 MiB,4096.0 MiB,2774.3 MiB,1321.7 MiB,14244.0 MiB
Python 3.5.10,nbody.py 50000000,121,1691273912,610891,python,2:21.91,15500,8224,4772,100.0,0.1,1,2,2:21,0,4,3760,23,2000,0,8224,296,2,278,16,0,13.0,0.8,0.0,86.3,0.0,0.0,0.0,0.0,15795.0 MiB,12388.8 MiB,960.8 MiB,2445.4 MiB,4096.0 MiB,2774.3 MiB,1321.7 MiB,14244.0 MiB
Python 3.5.10,nbody.py 50000000,122,1691273913,610891,python,2:23.08,15500,8224,4772,100.0,0.1,1,2,2:23,0,4,3760,23,2000,0,8224,296,2,278,16,0,12.2,1.5,0.0,86.3,0.0,0.0,0.0,0.0,15795.0 MiB,12388.8 MiB,960.8 MiB,2445.4 MiB,4096.0 MiB,2774.3 MiB,1321.7 MiB,14244.0 MiB
Python 3.5.10,nbody.py 50000000,123,1691273914,610891,python,2:24.25,15500,8224,4772,100.0,0.1,1,2,2:24,0,4,3760,23,2000,0,8224,296,2,278,16,0,13.0,0.8,0.0,86.3,0.0,0.0,0.0,0.0,15795.0 MiB,12388.8 MiB,960.8 MiB,2445.4 MiB,4096.0 MiB,2774.3 MiB,1321.7 MiB,14244.0 MiB
Python 3.5.10,nbody.py 50000000,124,1691273915,610891,python,2:25.43,15500,8224,4772,100.0,0.1,1,2,2:25,0,4,3760,23,2000,0,8224,296,2,278,16,0,13.5,0.8,0.0,85.7,0.0,0.0,0.0,0.0,15795.0 MiB,12388.8 MiB,960.8 MiB,2445.4 MiB,4096.0 MiB,2774.3 MiB,1321.7 MiB,14244.0 MiB
Python 3.5.10,nbody.py 50000000,125,1691273916,610891,python,2:26.60,15500,8224,4772,100.0,0.1,1,2,2:26,0,4,3760,23,2000,0,8224,296,2,278,16,0,12.2,1.5,0.0,85.5,0.8,0.0,0.0,0.0,15795.0 MiB,12388.8 MiB,960.8 MiB,2445.4 MiB,4096.0 MiB,2774.3 MiB,1321.7 MiB,14244.0 MiB
Python 3.5.10,nbody.py 50000000,126,1691273918,610891,python,2:27.77,15500,8224,4772,100.0,0.1,1,2,2:27,0,4,3760,23,2000,0,8224,296,2,278,16,0,13.6,0.0,0.0,86.4,0.0,0.0,0.0,0.0,15795.0 MiB,12388.8 MiB,960.8 MiB,2445.4 MiB,4096.0 MiB,2774.3 MiB,1321.7 MiB,14244.0 MiB
Python 3.5.10,nbody.py 50000000,127,1691273919,610891,python,2:28.94,15500,8224,4772,93.8,0.1,1,2,2:28,0,4,3760,23,2000,0,8224,296,2,278,16,0,12.9,1.5,0.0,85.6,0.0,0.0,0.0,0.0,15795.0 MiB,12388.8 MiB,960.8 MiB,2445.4 MiB,4096.0 MiB,2774.3 MiB,1321.7 MiB,14244.0 MiB
Python 3.5.10,nbody.py 50000000,128,1691273920,610891,python,2:30.12,15500,8224,4772,100.0,0.1,1,2,2:30,0,4,3760,23,2000,0,8224,296,2,278,16,0,13.6,0.8,0.0,85.6,0.0,0.0,0.0,0.0,15795.0 MiB,12388.8 MiB,960.8 MiB,2445.4 MiB,4096.0 MiB,2774.3 MiB,1321.7 MiB,14244.0 MiB
Python 3.5.10,nbody.py 50000000,129,1691273921,610891,python,2:31.29,15500,8224,4772,100.0,0.1,1,2,2:31,0,4,3760,23,2000,0,8224,296,2,278,16,0,12.2,0.8,0.0,87.0,0.0,0.0,0.0,0.0,15795.0 MiB,12388.8 MiB,960.8 MiB,2445.4 MiB,4096.0 MiB,2774.3 MiB,1321.7 MiB,14244.0 MiB
Python 3.5.10,nbody.py 50000000,130,1691273922,610891,python,2:32.46,15500,8224,4772,93.8,0.1,1,2,2:32,0,4,3760,23,2000,0,8224,296,2,278,16,0,12.9,0.8,0.0,86.4,0.0,0.0,0.0,0.0,15795.0 MiB,12388.8 MiB,960.8 MiB,2445.4 MiB,4096.0 MiB,2774.3 MiB,1321.7 MiB,14244.0 MiB
Python 3.5.10,nbody.py 50000000,131,1691273923,610891,python,2:33.63,15500,8224,4772,93.8,0.1,1,2,2:33,0,4,3760,23,2000,0,8224,296,2,278,16,0,13.6,0.8,0.0,85.6,0.0,0.0,0.0,0.0,15795.0 MiB,12388.8 MiB,960.8 MiB,2445.4 MiB,4096.0 MiB,2774.3 MiB,1321.7 MiB,14244.0 MiB
Python 3.5.10,nbody.py 50000000,132,1691273925,610891,python,2:34.81,15500,8224,4772,100.0,0.1,1,2,2:34,0,4,3760,23,2000,0,8224,296,2,278,16,0,12.3,0.8,0.0,86.9,0.0,0.0,0.0,0.0,15795.0 MiB,12388.8 MiB,960.8 MiB,2445.4 MiB,4096.0 MiB,2774.3 MiB,1321.7 MiB,14244.0 MiB
Python 3.5.10,nbody.py 50000000,133,1691273926,610891,python,2:35.98,15500,8224,4772,100.0,0.1,1,2,2:35,0,4,3760,23,2000,0,8224,296,2,278,16,0,13.0,0.8,0.0,86.3,0.0,0.0,0.0,0.0,15795.0 MiB,12388.8 MiB,960.8 MiB,2445.4 MiB,4096.0 MiB,2774.3 MiB,1321.7 MiB,14244.0 MiB
Python 3.5.10,nbody.py 50000000,134,1691273927,610891,python,2:37.15,15500,8224,4772,93.8,0.1,1,2,2:37,0,4,3760,23,2000,0,8224,296,2,278,16,0,12.9,1.5,0.0,85.6,0.0,0.0,0.0,0.0,15795.0 MiB,12388.8 MiB,960.8 MiB,2445.4 MiB,4096.0 MiB,2774.3 MiB,1321.7 MiB,14244.0 MiB
Python 3.5.10,nbody.py 50000000,135,1691273928,610891,python,2:38.33,15500,8224,4772,100.0,0.1,1,2,2:38,0,4,3760,23,2000,0,8224,296,2,278,16,0,13.0,0.8,0.0,86.3,0.0,0.0,0.0,0.0,15795.0 MiB,12388.8 MiB,960.7 MiB,2445.4 MiB,4096.0 MiB,2774.3 MiB,1321.7 MiB,14244.0 MiB
Python 3.5.10,nbody.py 50000000,136,1691273929,610891,python,2:39.50,15500,8224,4772,100.0,0.1,1,2,2:39,0,4,3760,23,2000,0,8224,296,2,278,16,0,13.0,0.8,0.0,86.3,0.0,0.0,0.0,0.0,15795.0 MiB,12388.8 MiB,960.7 MiB,2445.4 MiB,4096.0 MiB,2774.3 MiB,1321.7 MiB,14244.0 MiB
Python 3.5.10,nbody.py 50000000,137,1691273930,610891,python,2:40.67,15500,8224,4772,100.0,0.1,1,2,2:40,0,4,3760,23,2000,0,8224,296,2,278,16,0,12.3,0.8,0.0,86.9,0.0,0.0,0.0,0.0,15795.0 MiB,12388.8 MiB,960.7 MiB,2445.4 MiB,4096.0 MiB,2774.3 MiB,1321.7 MiB,14244.0 MiB
Python 3.5.10,nbody.py 50000000,138,1691273932,610891,python,2:41.85,15500,8224,4772,100.0,0.1,1,2,2:41,0,4,3760,23,2000,0,8224,296,2,278,16,0,12.9,0.8,0.0,86.4,0.0,0.0,0.0,0.0,15795.0 MiB,12388.3 MiB,961.2 MiB,2445.4 MiB,4096.0 MiB,2774.3 MiB,1321.7 MiB,14243.6 MiB
Python 3.5.10,nbody.py 50000000,139,1691273933,610891,python,2:43.02,15500,8224,4772,100.0,0.1,1,2,2:43,0,4,3760,23,2000,0,8224,296,2,278,16,0,13.6,0.8,0.0,85.6,0.0,0.0,0.0,0.0,15795.0 MiB,12388.3 MiB,961.2 MiB,2445.4 MiB,4096.0 MiB,2774.3 MiB,1321.7 MiB,14243.6 MiB
Python 3.5.10,nbody.py 50000000,140,1691273934,610891,python,2:44.19,15500,8224,4772,100.0,0.1,1,2,2:44,0,4,3760,23,2000,0,8224,296,2,278,16,0,14.4,0.8,0.0,84.8,0.0,0.0,0.0,0.0,15795.0 MiB,12388.1 MiB,961.5 MiB,2445.5 MiB,4096.0 MiB,2774.3 MiB,1321.7 MiB,14243.3 MiB
Python 3.5.10,nbody.py 50000000,141,1691273935,610891,python,2:45.37,15500,8224,4772,100.0,0.1,1,2,2:45,0,4,3760,23,2000,0,8224,296,2,278,16,0,12.3,0.8,0.0,86.9,0.0,0.0,0.0,0.0,15795.0 MiB,12388.1 MiB,961.5 MiB,2445.5 MiB,4096.0 MiB,2774.3 MiB,1321.7 MiB,14243.3 MiB
Python 3.5.10,nbody.py 50000000,142,1691273936,610891,python,2:46.54,15500,8224,4772,100.0,0.1,1,2,2:46,0,4,3760,23,2000,0,8224,296,2,278,16,0,13.0,0.8,0.0,86.3,0.0,0.0,0.0,0.0,15795.0 MiB,12388.1 MiB,961.5 MiB,2445.5 MiB,4096.0 MiB,2774.3 MiB,1321.7 MiB,14243.3 MiB
Python 3.5.10,nbody.py 50000000,143,1691273938,610891,python,2:47.71,15500,8224,4772,100.0,0.1,1,2,2:47,0,4,3760,23,2000,0,8224,296,2,278,16,0,12.8,1.5,0.0,85.7,0.0,0.0,0.0,0.0,15795.0 MiB,12388.1 MiB,961.5 MiB,2445.5 MiB,4096.0 MiB,2774.3 MiB,1321.7 MiB,14243.3 MiB
Python 3.5.10,nbody.py 50000000,144,1691273939,610891,python,2:48.88,15500,8224,4772,93.8,0.1,1,6,2:48,0,4,3760,23,2000,0,8224,296,2,278,16,0,12.2,1.5,0.0,86.3,0.0,0.0,0.0,0.0,15795.0 MiB,12388.1 MiB,961.5 MiB,2445.5 MiB,4096.0 MiB,2774.3 MiB,1321.7 MiB,14243.3 MiB
Python 3.5.10,nbody.py 50000000,145,1691273940,610891,python,2:50.05,15500,8224,4772,93.8,0.1,1,6,2:50,0,4,3760,23,2000,0,8224,296,2,278,16,0,13.0,0.8,0.0,86.3,0.0,0.0,0.0,0.0,15795.0 MiB,12387.8 MiB,961.7 MiB,2445.5 MiB,4096.0 MiB,2774.3 MiB,1321.7 MiB,14243.1 MiB
Python 3.5.10,nbody.py 50000000,146,1691273941,610891,python,2:51.23,15500,8224,4772,100.0,0.1,1,6,2:51,0,4,3760,23,2000,0,8224,296,2,278,16,0,13.0,0.8,0.0,86.3,0.0,0.0,0.0,0.0,15795.0 MiB,12387.8 MiB,961.7 MiB,2445.5 MiB,4096.0 MiB,2774.3 MiB,1321.7 MiB,14243.1 MiB
Python 3.5.10,nbody.py 50000000,147,1691273942,610891,python,2:52.40,15500,8224,4772,100.0,0.1,1,6,2:52,0,4,3760,23,2000,0,8224,296,2,278,16,0,13.5,1.5,0.0,85.0,0.0,0.0,0.0,0.0,15795.0 MiB,12387.8 MiB,961.7 MiB,2445.5 MiB,4096.0 MiB,2774.3 MiB,1321.7 MiB,14243.1 MiB
Python 3.5.10,nbody.py 50000000,148,1691273943,610891,python,2:53.57,15500,8224,4772,100.0,0.1,1,6,2:53,0,4,3760,23,2000,0,8224,296,2,278,16,0,13.0,0.8,0.0,86.3,0.0,0.0,0.0,0.0,15795.0 MiB,12387.6 MiB,961.9 MiB,2445.5 MiB,4096.0 MiB,2774.3 MiB,1321.7 MiB,14242.8 MiB
Python 3.5.10,nbody.py 50000000,149,1691273945,610891,python,2:54.75,15500,8224,4772,100.0,0.1,1,6,2:54,0,4,3760,23,2000,0,8224,296,2,278,16,0,12.3,0.8,0.0,86.9,0.0,0.0,0.0,0.0,15795.0 MiB,12387.6 MiB,961.9 MiB,2445.5 MiB,4096.0 MiB,2774.3 MiB,1321.7 MiB,14242.8 MiB
Python 3.5.10,nbody.py 50000000,150,1691273946,610891,python,2:55.93,15500,8224,4772,100.0,0.1,1,6,2:55,0,4,3760,23,2000,0,8224,296,2,278,16,0,12.9,1.4,0.0,85.6,0.0,0.0,0.0,0.0,15795.0 MiB,12387.6 MiB,961.9 MiB,2445.5 MiB,4096.0 MiB,2774.3 MiB,1321.7 MiB,14242.8 MiB
Python 3.5.10,nbody.py 50000000,151,1691273947,610891,python,2:57.10,15500,8224,4772,100.0,0.1,1,6,2:57,0,4,3760,23,2000,0,8224,296,2,278,16,0,12.2,1.5,0.0,86.3,0.0,0.0,0.0,0.0,15795.0 MiB,12387.6 MiB,961.9 MiB,2445.5 MiB,4096.0 MiB,2774.3 MiB,1321.7 MiB,14242.8 MiB
Python 3.5.10,nbody.py 50000000,152,1691273948,610891,python,2:58.27,15500,8224,4772,93.8,0.1,1,6,2:58,0,4,3760,23,2000,0,8224,296,2,278,16,0,13.1,0.8,0.0,86.2,0.0,0.0,0.0,0.0,15795.0 MiB,12387.3 MiB,962.2 MiB,2445.5 MiB,4096.0 MiB,2774.3 MiB,1321.7 MiB,14242.6 MiB
Python 3.5.10,nbody.py 50000000,153,1691273949,610891,python,2:59.45,15500,8224,4772,100.0,0.1,1,6,2:59,0,4,3760,23,2000,0,8224,296,2,278,16,0,12.3,0.8,0.0,86.9,0.0,0.0,0.0,0.0,15795.0 MiB,12387.1 MiB,962.4 MiB,2445.5 MiB,4096.0 MiB,2774.3 MiB,1321.7 MiB,14242.4 MiB
Python 3.5.10,nbody.py 50000000,154,1691273950,610891,python,3:00.62,15500,8224,4772,100.0,0.1,1,6,3:00,0,4,3760,23,2000,0,8224,296,2,278,16,0,13.0,0.0,0.0,87.0,0.0,0.0,0.0,0.0,15795.0 MiB,12386.8 MiB,962.6 MiB,2445.5 MiB,4096.0 MiB,2774.3 MiB,1321.7 MiB,14242.1 MiB
Python 3.5.10,nbody.py 50000000,155,1691273952,610891,python,3:01.79,15500,8224,4772,100.0,0.1,1,2,3:01,0,4,3760,23,2000,0,8224,296,2,278,16,0,13.6,0.8,0.0,85.6,0.0,0.0,0.0,0.0,15795.0 MiB,12386.6 MiB,962.9 MiB,2445.5 MiB,4096.0 MiB,2774.3 MiB,1321.7 MiB,14241.9 MiB
Python 3.5.10,nbody.py 50000000,156,1691273953,610891,python,3:02.97,15500,8224,4772,100.0,0.1,1,2,3:02,0,4,3760,23,2000,0,8224,296,2,278,16,0,12.2,2.2,0.0,85.6,0.0,0.0,0.0,0.0,15795.0 MiB,12386.6 MiB,962.9 MiB,2445.5 MiB,4096.0 MiB,2774.3 MiB,1321.7 MiB,14241.9 MiB
Python 3.5.10,nbody.py 50000000,157,1691273954,610891,python,3:04.15,15500,8224,4772,100.0,0.1,1,2,3:04,0,4,3760,23,2000,0,8224,296,2,278,16,0,12.9,0.8,0.0,86.4,0.0,0.0,0.0,0.0,15795.0 MiB,12386.6 MiB,962.9 MiB,2445.5 MiB,4096.0 MiB,2774.3 MiB,1321.7 MiB,14241.9 MiB
Python 3.5.10,nbody.py 50000000,158,1691273955,610891,python,3:05.33,15500,8224,4772,100.0,0.1,1,2,3:05,0,4,3760,23,2000,0,8224,296,2,278,16,0,13.0,1.4,0.0,85.5,0.0,0.0,0.0,0.0,15795.0 MiB,12386.6 MiB,962.9 MiB,2445.5 MiB,4096.0 MiB,2774.3 MiB,1321.7 MiB,14241.9 MiB
Python 3.5.10,nbody.py 50000000,159,1691273956,610891,python,3:06.51,15500,8224,4772,100.0,0.1,1,2,3:06,0,4,3760,23,2000,0,8224,296,2,278,16,0,12.2,0.8,0.0,86.3,0.8,0.0,0.0,0.0,15795.0 MiB,12386.6 MiB,962.9 MiB,2445.5 MiB,4096.0 MiB,2774.3 MiB,1321.7 MiB,14241.9 MiB
Python 3.5.10,nbody.py 50000000,160,1691273958,610891,python,3:07.68,15500,8224,4772,100.0,0.1,1,6,3:07,0,4,3760,23,2000,0,8224,296,2,278,16,0,12.2,0.8,0.0,87.0,0.0,0.0,0.0,0.0,15795.0 MiB,12386.6 MiB,962.9 MiB,2445.5 MiB,4096.0 MiB,2774.3 MiB,1321.7 MiB,14241.9 MiB
Python 3.5.10,nbody.py 50000000,161,1691273959,610891,python,3:08.85,15500,8224,4772,100.0,0.1,1,2,3:08,0,4,3760,23,2000,0,8224,296,2,278,16,0,12.9,1.5,0.0,85.6,0.0,0.0,0.0,0.0,15795.0 MiB,12386.6 MiB,962.9 MiB,2445.5 MiB,4096.0 MiB,2774.3 MiB,1321.7 MiB,14241.9 MiB
Python 3.5.10,nbody.py 50000000,162,1691273960,610891,python,3:10.02,15500,8224,4772,93.8,0.1,1,2,3:10,0,4,3760,23,2000,0,8224,296,2,278,16,0,12.9,0.8,0.0,86.4,0.0,0.0,0.0,0.0,15795.0 MiB,12386.6 MiB,962.9 MiB,2445.5 MiB,4096.0 MiB,2774.3 MiB,1321.7 MiB,14241.9 MiB
Python 3.5.10,nbody.py 50000000,163,1691273961,610891,python,3:11.19,15500,8224,4772,93.8,0.1,1,2,3:11,0,4,3760,23,2000,0,8224,296,2,278,16,0,12.2,1.5,0.0,86.3,0.0,0.0,0.0,0.0,15795.0 MiB,12386.6 MiB,962.9 MiB,2445.5 MiB,4096.0 MiB,2774.3 MiB,1321.7 MiB,14241.9 MiB
Python 3.5.10,nbody.py 50000000,164,1691273962,610891,python,3:12.37,15500,8224,4772,100.0,0.1,1,6,3:12,0,4,3760,23,2000,0,8224,296,2,278,16,0,13.4,1.5,0.0,85.1,0.0,0.0,0.0,0.0,15795.0 MiB,12386.6 MiB,962.9 MiB,2445.5 MiB,4096.0 MiB,2774.3 MiB,1321.7 MiB,14241.9 MiB
Python 3.5.10,nbody.py 50000000,165,1691273963,610891,python,3:13.54,15500,8224,4772,100.0,0.1,1,6,3:13,0,4,3760,23,2000,0,8224,296,2,278,16,0,12.4,0.8,0.0,86.8,0.0,0.0,0.0,0.0,15795.0 MiB,12386.6 MiB,962.9 MiB,2445.5 MiB,4096.0 MiB,2774.3 MiB,1321.7 MiB,14241.9 MiB
Python 3.5.10,nbody.py 50000000,166,1691273965,610891,python,3:14.71,15500,8224,4772,93.8,0.1,1,2,3:14,0,4,3760,23,2000,0,8224,296,2,278,16,0,13.0,0.8,0.0,86.3,0.0,0.0,0.0,0.0,15795.0 MiB,12386.6 MiB,962.9 MiB,2445.5 MiB,4096.0 MiB,2774.3 MiB,1321.7 MiB,14241.9 MiB
Python 3.5.10,nbody.py 50000000,167,1691273966,610891,python,3:15.89,15500,8224,4772,100.0,0.1,1,2,3:15,0,4,3760,23,2000,0,8224,296,2,278,16,0,12.8,1.5,0.0,85.7,0.0,0.0,0.0,0.0,15795.0 MiB,12386.6 MiB,962.9 MiB,2445.5 MiB,4096.0 MiB,2774.3 MiB,1321.7 MiB,14241.9 MiB
Python 3.5.10,nbody.py 50000000,168,1691273967,610891,python,3:17.06,15500,8224,4772,100.0,0.1,1,2,3:17,0,4,3760,23,2000,0,8224,296,2,278,16,0,13.7,0.0,0.0,86.3,0.0,0.0,0.0,0.0,15795.0 MiB,12386.6 MiB,962.9 MiB,2445.5 MiB,4096.0 MiB,2774.3 MiB,1321.7 MiB,14241.9 MiB
Python 3.5.10,nbody.py 50000000,169,1691273968,610891,python,3:18.24,15500,8224,4772,100.0,0.1,1,2,3:18,0,4,3760,23,2000,0,8224,296,2,278,16,0,13.0,1.4,0.0,85.5,0.0,0.0,0.0,0.0,15795.0 MiB,12386.6 MiB,962.8 MiB,2445.5 MiB,4096.0 MiB,2774.3 MiB,1321.7 MiB,14241.9 MiB
Python 3.5.10,nbody.py 50000000,170,1691273969,610891,python,3:19.42,15500,8224,4772,100.0,0.1,1,2,3:19,0,4,3760,23,2000,0,8224,296,2,278,16,0,13.1,0.7,0.0,86.1,0.0,0.0,0.0,0.0,15795.0 MiB,12386.6 MiB,962.8 MiB,2445.5 MiB,4096.0 MiB,2774.3 MiB,1321.7 MiB,14241.9 MiB
Python 3.5.10,nbody.py 50000000,171,1691273970,610891,python,3:20.60,15500,8224,4772,100.0,0.1,1,2,3:20,0,4,3760,23,2000,0,8224,296,2,278,16,0,13.1,0.8,0.0,86.2,0.0,0.0,0.0,0.0,15795.0 MiB,12386.6 MiB,962.8 MiB,2445.5 MiB,4096.0 MiB,2774.3 MiB,1321.7 MiB,14241.9 MiB
Python 3.5.10,nbody.py 50000000,172,1691273972,610891,python,3:21.77,15500,8224,4772,100.0,0.1,1,2,3:21,0,4,3760,23,2000,0,8224,296,2,278,16,0,13.0,0.8,0.0,86.3,0.0,0.0,0.0,0.0,15795.0 MiB,12386.3 MiB,963.1 MiB,2445.5 MiB,4096.0 MiB,2774.3 MiB,1321.7 MiB,14241.7 MiB
Python 3.5.10,nbody.py 50000000,173,1691273973,610891,python,3:22.94,15500,8224,4772,100.0,0.1,1,2,3:22,0,4,3760,23,2000,0,8224,296,2,278,16,0,12.3,0.8,0.0,86.9,0.0,0.0,0.0,0.0,15795.0 MiB,12386.3 MiB,963.1 MiB,2445.5 MiB,4096.0 MiB,2774.3 MiB,1321.7 MiB,14241.7 MiB
Python 3.5.10,nbody.py 50000000,174,1691273974,610891,python,3:24.11,15500,8224,4772,93.8,0.1,1,2,3:24,0,4,3760,23,2000,0,8224,296,2,278,16,0,12.2,1.5,0.0,86.3,0.0,0.0,0.0,0.0,15795.0 MiB,12386.3 MiB,963.1 MiB,2445.5 MiB,4096.0 MiB,2774.3 MiB,1321.7 MiB,14241.7 MiB
Python 3.5.10,nbody.py 50000000,175,1691273975,610891,python,3:25.29,15500,8224,4772,100.0,0.1,1,2,3:25,0,4,3760,23,2000,0,8224,296,2,278,16,0,13.0,0.8,0.0,86.3,0.0,0.0,0.0,0.0,15795.0 MiB,12386.3 MiB,963.1 MiB,2445.6 MiB,4096.0 MiB,2774.3 MiB,1321.7 MiB,14241.7 MiB
Python 3.5.10,nbody.py 50000000,176,1691273976,610891,python,3:26.46,15500,8224,4772,100.0,0.1,1,6,3:26,0,4,3760,23,2000,0,8224,296,2,278,16,0,14.2,1.5,0.0,84.3,0.0,0.0,0.0,0.0,15795.0 MiB,12386.3 MiB,963.1 MiB,2445.6 MiB,4096.0 MiB,2774.3 MiB,1321.7 MiB,14241.7 MiB
Python 3.5.10,nbody.py 50000000,177,1691273977,610891,python,3:27.63,15500,8224,4772,93.8,0.1,1,6,3:27,0,4,3760,23,2000,0,8224,296,2,278,16,0,13.5,1.5,0.0,85.0,0.0,0.0,0.0,0.0,15795.0 MiB,12386.3 MiB,963.1 MiB,2445.6 MiB,4096.0 MiB,2774.3 MiB,1321.7 MiB,14241.7 MiB
Python 3.5.10,nbody.py 50000000,178,1691273979,610891,python,3:28.80,15500,8224,4772,93.8,0.1,1,6,3:28,0,4,3760,23,2000,0,8224,296,2,278,16,0,13.0,0.8,0.0,86.3,0.0,0.0,0.0,0.0,15795.0 MiB,12386.3 MiB,963.1 MiB,2445.6 MiB,4096.0 MiB,2774.3 MiB,1321.7 MiB,14241.7 MiB
Python 3.5.10,nbody.py 50000000,179,1691273980,610891,python,3:29.98,15500,8224,4772,100.0,0.1,1,6,3:29,0,4,3760,23,2000,0,8224,296,2,278,16,0,12.2,1.5,0.0,86.3,0.0,0.0,0.0,0.0,15795.0 MiB,12386.3 MiB,963.1 MiB,2445.6 MiB,4096.0 MiB,2774.3 MiB,1321.7 MiB,14241.7 MiB
Python 3.5.10,nbody.py 50000000,180,1691273981,610891,python,3:31.15,15500,8224,4772,100.0,0.1,1,6,3:31,0,4,3760,23,2000,0,8224,296,2,278,16,0,13.0,0.0,0.0,87.0,0.0,0.0,0.0,0.0,15795.0 MiB,12386.3 MiB,963.1 MiB,2445.6 MiB,4096.0 MiB,2774.3 MiB,1321.7 MiB,14241.7 MiB
Python 3.5.10,nbody.py 50000000,181,1691273982,610891,python,3:32.32,15500,8224,4772,100.0,0.1,1,6,3:32,0,4,3760,23,2000,0,8224,296,2,278,16,0,12.9,0.8,0.0,86.4,0.0,0.0,0.0,0.0,15795.0 MiB,12386.3 MiB,963.1 MiB,2445.6 MiB,4096.0 MiB,2774.3 MiB,1321.7 MiB,14241.7 MiB
Python 3.5.10,nbody.py 50000000,182,1691273983,610891,python,3:33.50,15500,8224,4772,100.0,0.1,1,6,3:33,0,4,3760,23,2000,0,8224,296,2,278,16,0,12.9,0.8,0.0,86.4,0.0,0.0,0.0,0.0,15795.0 MiB,12386.3 MiB,963.1 MiB,2445.6 MiB,4096.0 MiB,2774.3 MiB,1321.7 MiB,14241.7 MiB
Python 3.5.10,nbody.py 50000000,183,1691273984,610891,python,3:34.67,15500,8224,4772,100.0,0.1,1,6,3:34,0,4,3760,23,2000,0,8224,296,2,278,16,0,12.1,1.5,0.0,85.6,0.8,0.0,0.0,0.0,15795.0 MiB,12386.3 MiB,963.1 MiB,2445.6 MiB,4096.0 MiB,2774.3 MiB,1321.7 MiB,14241.7 MiB
Python 3.5.10,nbody.py 50000000,184,1691273986,610891,python,3:35.84,15500,8224,4772,100.0,0.1,1,2,3:35,0,4,3760,23,2000,0,8224,296,2,278,16,0,13.0,0.8,0.0,86.3,0.0,0.0,0.0,0.0,15795.0 MiB,12386.3 MiB,963.0 MiB,2445.6 MiB,4096.0 MiB,2774.3 MiB,1321.7 MiB,14241.7 MiB
Python 3.5.10,nbody.py 50000000,185,1691273987,610891,python,3:37.02,15500,8224,4772,100.0,0.1,1,2,3:37,0,4,3760,23,2000,0,8224,296,2,278,16,0,12.3,0.8,0.0,86.9,0.0,0.0,0.0,0.0,15795.0 MiB,12386.3 MiB,963.0 MiB,2445.6 MiB,4096.0 MiB,2774.3 MiB,1321.7 MiB,14241.7 MiB
Python 3.5.10,nbody.py 50000000,186,1691273988,610891,python,3:38.19,15500,8224,4772,100.0,0.1,1,2,3:38,0,4,3760,23,2000,0,8224,296,2,278,16,0,12.3,0.8,0.0,86.9,0.0,0.0,0.0,0.0,15795.0 MiB,12386.3 MiB,963.0 MiB,2445.6 MiB,4096.0 MiB,2774.3 MiB,1321.7 MiB,14241.7 MiB
Python 3.5.10,nbody.py 50000000,187,1691273989,610891,python,3:39.36,15500,8224,4772,100.0,0.1,1,2,3:39,0,4,3760,23,2000,0,8224,296,2,278,16,0,13.0,0.8,0.0,86.3,0.0,0.0,0.0,0.0,15795.0 MiB,12386.3 MiB,963.0 MiB,2445.6 MiB,4096.0 MiB,2774.3 MiB,1321.7 MiB,14241.7 MiB
Python 3.5.10,nbody.py 50000000,188,1691273990,610891,python,3:40.53,15500,8224,4772,93.8,0.1,1,2,3:40,0,4,3760,23,2000,0,8224,296,2,278,16,0,13.6,0.8,0.0,85.6,0.0,0.0,0.0,0.0,15795.0 MiB,12386.3 MiB,963.0 MiB,2445.6 MiB,4096.0 MiB,2774.3 MiB,1321.7 MiB,14241.7 MiB
Python 3.5.10,nbody.py 50000000,189,1691273992,610891,python,3:41.70,15500,8224,4772,93.8,0.1,1,2,3:41,0,4,3760,23,2000,0,8224,296,3,277,16,0,12.9,0.8,0.0,86.4,0.0,0.0,0.0,0.0,15795.0 MiB,12386.3 MiB,963.0 MiB,2445.6 MiB,4096.0 MiB,2774.3 MiB,1321.7 MiB,14241.8 MiB
Python 3.5.10,nbody.py 50000000,190,1691273993,610891,python,3:42.88,15500,8224,4772,100.0,0.1,1,2,3:42,0,4,3760,23,2000,0,8224,296,2,278,16,0,13.0,1.5,0.0,85.5,0.0,0.0,0.0,0.0,15795.0 MiB,12386.3 MiB,963.0 MiB,2445.6 MiB,4096.0 MiB,2774.3 MiB,1321.7 MiB,14241.8 MiB
Python 3.5.10,nbody.py 50000000,191,1691273994,610891,python,3:44.05,15500,8224,4772,100.0,0.1,1,2,3:44,0,4,3760,23,2000,0,8224,296,2,278,16,0,14.3,0.8,0.0,85.0,0.0,0.0,0.0,0.0,15795.0 MiB,12386.3 MiB,963.0 MiB,2445.6 MiB,4096.0 MiB,2774.3 MiB,1321.7 MiB,14241.8 MiB
Python 3.5.10,nbody.py 50000000,192,1691273995,610891,python,3:45.22,15500,8224,4772,100.0,0.1,1,2,3:45,0,4,3760,23,2000,0,8224,296,2,278,16,0,12.3,0.8,0.0,86.9,0.0,0.0,0.0,0.0,15795.0 MiB,12386.3 MiB,963.0 MiB,2445.6 MiB,4096.0 MiB,2774.3 MiB,1321.7 MiB,14241.8 MiB
Python 3.5.10,nbody.py 50000000,193,1691273996,610891,python,3:46.40,15500,8224,4772,100.0,0.1,1,2,3:46,0,4,3760,23,2000,0,8224,296,2,278,16,0,13.0,0.8,0.0,86.3,0.0,0.0,0.0,0.0,15795.0 MiB,12386.3 MiB,963.0 MiB,2445.6 MiB,4096.0 MiB,2774.3 MiB,1321.7 MiB,14241.8 MiB
Python 3.5.10,nbody.py 50000000,194,1691273997,610891,python,3:47.57,15500,8224,4772,100.0,0.1,1,2,3:47,0,4,3760,23,2000,0,8224,296,2,278,16,0,12.9,0.8,0.0,86.4,0.0,0.0,0.0,0.0,15795.0 MiB,12386.3 MiB,963.0 MiB,2445.6 MiB,4096.0 MiB,2774.3 MiB,1321.7 MiB,14241.8 MiB
Python 3.5.10,nbody.py 50000000,195,1691273999,610891,python,3:48.74,15500,8224,4772,100.0,0.1,1,2,3:48,0,4,3760,23,2000,0,8224,296,2,278,16,0,13.0,0.8,0.0,86.3,0.0,0.0,0.0,0.0,15795.0 MiB,12386.3 MiB,963.0 MiB,2445.6 MiB,4096.0 MiB,2774.3 MiB,1321.7 MiB,14241.8 MiB
Python 3.5.10,nbody.py 50000000,196,1691274000,610891,python,3:49.91,15500,8224,4772,93.8,0.1,1,2,3:49,0,4,3760,23,2000,0,8224,296,2,278,16,0,13.0,0.8,0.0,86.3,0.0,0.0,0.0,0.0,15795.0 MiB,12386.3 MiB,963.0 MiB,2445.6 MiB,4096.0 MiB,2774.3 MiB,1321.7 MiB,14241.8 MiB
Python 3.5.10,nbody.py 50000000,197,1691274001,610891,python,3:51.08,15500,8224,4772,93.8,0.1,1,2,3:51,0,4,3760,23,2000,0,8224,296,2,278,16,0,13.0,0.8,0.0,86.3,0.0,0.0,0.0,0.0,15795.0 MiB,12386.3 MiB,963.0 MiB,2445.6 MiB,4096.0 MiB,2774.3 MiB,1321.7 MiB,14241.8 MiB
Python 3.5.10,nbody.py 50000000,198,1691274002,610891,python,3:52.26,15500,8224,4772,100.0,0.1,1,2,3:52,0,4,3760,23,2000,0,8224,296,2,278,16,0,12.2,0.8,0.0,87.0,0.0,0.0,0.0,0.0,15795.0 MiB,12386.3 MiB,963.0 MiB,2445.6 MiB,4096.0 MiB,2774.3 MiB,1321.7 MiB,14241.8 MiB
Python 3.5.10,nbody.py 50000000,199,1691274003,610891,python,3:53.43,15500,8224,4772,100.0,0.1,1,2,3:53,0,4,3760,23,2000,0,8224,296,2,278,16,0,13.5,1.5,0.0,85.0,0.0,0.0,0.0,0.0,15795.0 MiB,12386.3 MiB,963.0 MiB,2445.6 MiB,4096.0 MiB,2774.3 MiB,1321.7 MiB,14241.8 MiB
Python 3.5.10,nbody.py 50000000,200,1691274004,610891,python,3:54.60,15500,8224,4772,93.8,0.1,1,2,3:54,0,4,3760,23,2000,0,8224,296,2,278,16,0,13.0,0.8,0.0,86.3,0.0,0.0,0.0,0.0,15795.0 MiB,12386.1 MiB,963.3 MiB,2445.6 MiB,4096.0 MiB,2774.3 MiB,1321.7 MiB,14241.5 MiB
Python 3.5.10,nbody.py 50000000,201,1691274006,610891,python,3:55.78,15500,8224,4772,100.0,0.1,1,2,3:55,0,4,3760,23,2000,0,8224,296,2,278,16,0,13.0,0.8,0.0,86.3,0.0,0.0,0.0,0.0,15795.0 MiB,12385.9 MiB,963.5 MiB,2445.6 MiB,4096.0 MiB,2774.3 MiB,1321.7 MiB,14241.3 MiB
Python 3.5.10,nbody.py 50000000,202,1691274007,610891,python,3:56.95,15500,8224,4772,100.0,0.1,1,2,3:56,0,4,3760,23,2000,0,8224,296,2,278,16,0,13.0,0.8,0.0,86.3,0.0,0.0,0.0,0.0,15795.0 MiB,12385.9 MiB,963.5 MiB,2445.6 MiB,4096.0 MiB,2774.3 MiB,1321.7 MiB,14241.3 MiB
Python 3.5.10,nbody.py 50000000,203,1691274008,610891,python,3:58.12,15500,8224,4772,100.0,0.1,1,2,3:58,0,4,3760,23,2000,0,8224,296,2,278,16,0,13.7,0.0,0.0,86.3,0.0,0.0,0.0,0.0,15795.0 MiB,12385.9 MiB,963.5 MiB,2445.6 MiB,4096.0 MiB,2774.3 MiB,1321.7 MiB,14241.3 MiB
Python 3.5.10,nbody.py 50000000,204,1691274009,610891,python,3:59.29,15500,8224,4772,93.8,0.1,1,2,3:59,0,4,3760,23,2000,0,8224,296,2,278,16,0,13.5,1.5,0.0,85.0,0.0,0.0,0.0,0.0,15795.0 MiB,12385.9 MiB,963.5 MiB,2445.6 MiB,4096.0 MiB,2774.3 MiB,1321.7 MiB,14241.3 MiB
Python 3.5.10,nbody.py 50000000,205,1691274010,610891,python,4:00.47,15500,8224,4772,100.0,0.1,1,2,4:00,0,4,3760,23,2000,0,8224,296,2,278,16,0,12.9,0.8,0.0,86.4,0.0,0.0,0.0,0.0,15795.0 MiB,12385.9 MiB,963.5 MiB,2445.6 MiB,4096.0 MiB,2774.3 MiB,1321.7 MiB,14241.3 MiB
Python 3.5.10,nbody.py 50000000,206,1691274011,610891,python,4:01.64,15500,8224,4772,100.0,0.1,1,2,4:01,0,4,3760,23,2000,0,8224,296,2,278,16,0,13.0,0.0,0.0,87.0,0.0,0.0,0.0,0.0,15795.0 MiB,12385.9 MiB,963.5 MiB,2445.6 MiB,4096.0 MiB,2774.3 MiB,1321.7 MiB,14241.3 MiB
Python 3.5.10,nbody.py 50000000,207,1691274013,610891,python,4:02.81,15500,8224,4772,93.8,0.1,1,2,4:02,0,4,3760,23,2000,0,8224,296,2,278,16,0,13.5,0.8,0.0,85.7,0.0,0.0,0.0,0.0,15795.0 MiB,12385.9 MiB,963.5 MiB,2445.6 MiB,4096.0 MiB,2774.3 MiB,1321.7 MiB,14241.3 MiB
Python 3.5.10,nbody.py 50000000,208,1691274014,610891,python,4:03.99,15500,8224,4772,100.0,0.1,1,2,4:03,0,4,3760,23,2000,0,8224,296,2,278,16,0,14.3,0.8,0.0,85.0,0.0,0.0,0.0,0.0,15795.0 MiB,12385.9 MiB,963.5 MiB,2445.7 MiB,4096.0 MiB,2774.3 MiB,1321.7 MiB,14241.3 MiB
Python 3.5.10,nbody.py 50000000,209,1691274015,610891,python,4:05.16,15500,8224,4772,100.0,0.1,1,2,4:05,0,4,3760,23,2000,0,8224,296,2,278,16,0,13.1,0.8,0.0,86.2,0.0,0.0,0.0,0.0,15795.0 MiB,12385.9 MiB,963.5 MiB,2445.7 MiB,4096.0 MiB,2774.3 MiB,1321.7 MiB,14241.3 MiB
Python 3.5.10,nbody.py 50000000,210,1691274016,610891,python,4:06.33,15500,8224,4772,93.8,0.1,1,2,4:06,0,4,3760,23,2000,0,8224,296,2,278,16,0,12.9,0.8,0.0,86.4,0.0,0.0,0.0,0.0,15795.0 MiB,12385.9 MiB,963.5 MiB,2445.7 MiB,4096.0 MiB,2774.3 MiB,1321.7 MiB,14241.3 MiB
Python 3.5.10,nbody.py 50000000,211,1691274017,610891,python,4:07.51,15500,8224,4772,100.0,0.1,1,2,4:07,0,4,3760,23,2000,0,8224,296,2,278,16,0,13.1,0.7,0.0,86.1,0.0,0.0,0.0,0.0,15795.0 MiB,12385.9 MiB,963.5 MiB,2445.7 MiB,4096.0 MiB,2774.3 MiB,1321.7 MiB,14241.3 MiB
Python 3.5.10,nbody.py 50000000,212,1691274019,610891,python,4:08.69,15500,8224,4772,100.0,0.1,1,2,4:08,0,4,3760,23,2000,0,8224,296,2,278,16,0,12.9,0.8,0.0,86.4,0.0,0.0,0.0,0.0,15795.0 MiB,12385.9 MiB,963.5 MiB,2445.7 MiB,4096.0 MiB,2774.3 MiB,1321.7 MiB,14241.3 MiB
Python 3.5.10,nbody.py 50000000,213,1691274020,610891,python,4:09.86,15500,8224,4772,100.0,0.1,1,2,4:09,0,4,3760,23,2000,0,8224,296,2,278,16,0,13.0,0.8,0.0,86.3,0.0,0.0,0.0,0.0,15795.0 MiB,12385.9 MiB,963.5 MiB,2445.7 MiB,4096.0 MiB,2774.3 MiB,1321.7 MiB,14241.3 MiB
Python 3.5.10,nbody.py 50000000,214,1691274021,610891,python,4:11.03,15500,8224,4772,93.8,0.1,1,2,4:11,0,4,3760,23,2000,0,8224,296,2,278,16,0,12.9,1.5,0.0,85.6,0.0,0.0,0.0,0.0,15795.0 MiB,12385.9 MiB,963.5 MiB,2445.7 MiB,4096.0 MiB,2774.3 MiB,1321.7 MiB,14241.3 MiB
Python 3.5.10,nbody.py 50000000,215,1691274022,610891,python,4:12.21,15500,8224,4772,100.0,0.1,1,2,4:12,0,4,3760,23,2000,0,8224,296,2,278,16,0,13.1,0.8,0.0,86.2,0.0,0.0,0.0,0.0,15795.0 MiB,12385.9 MiB,963.5 MiB,2445.7 MiB,4096.0 MiB,2774.3 MiB,1321.7 MiB,14241.3 MiB
Python 3.5.10,nbody.py 50000000,216,1691274023,610891,python,4:13.38,15500,8224,4772,100.0,0.1,1,2,4:13,0,4,3760,23,2000,0,8224,296,2,278,16,0,12.3,0.8,0.0,86.9,0.0,0.0,0.0,0.0,15795.0 MiB,12385.9 MiB,963.4 MiB,2445.7 MiB,4096.0 MiB,2774.3 MiB,1321.7 MiB,14241.3 MiB
Python 3.5.10,nbody.py 50000000,217,1691274024,610891,python,4:14.55,15500,8224,4772,93.8,0.1,1,6,4:14,0,4,3760,23,2000,0,8224,296,2,278,16,0,12.9,0.8,0.0,84.8,1.5,0.0,0.0,0.0,15795.0 MiB,12385.9 MiB,963.4 MiB,2445.7 MiB,4096.0 MiB,2774.3 MiB,1321.7 MiB,14241.3 MiB
Python 3.5.10,nbody.py 50000000,218,1691274026,610891,python,4:15.72,15500,8224,4772,93.8,0.1,1,6,4:15,0,4,3760,23,2000,0,8224,296,2,278,16,0,13.1,0.8,0.0,86.2,0.0,0.0,0.0,0.0,15795.0 MiB,12385.9 MiB,963.4 MiB,2445.7 MiB,4096.0 MiB,2774.3 MiB,1321.7 MiB,14241.3 MiB
Python 3.5.10,nbody.py 50000000,219,1691274027,610891,python,4:16.90,15500,8224,4772,100.0,0.1,1,6,4:16,0,4,3760,23,2000,0,8224,296,2,278,16,0,12.8,1.5,0.0,85.7,0.0,0.0,0.0,0.0,15795.0 MiB,12385.9 MiB,963.4 MiB,2445.7 MiB,4096.0 MiB,2774.3 MiB,1321.7 MiB,14241.3 MiB
Python 3.5.10,nbody.py 50000000,220,1691274028,610891,python,4:18.07,15500,8224,4772,93.8,0.1,1,6,4:18,0,4,3760,23,2000,0,8224,296,2,278,16,0,12.9,0.8,0.0,86.4,0.0,0.0,0.0,0.0,15795.0 MiB,12385.9 MiB,963.4 MiB,2445.7 MiB,4096.0 MiB,2774.3 MiB,1321.7 MiB,14241.3 MiB
Python 3.5.10,nbody.py 50000000,221,1691274029,610891,python,4:19.24,15500,8224,4772,93.8,0.1,1,6,4:19,0,4,3760,23,2000,0,8224,296,2,278,16,0,13.6,0.8,0.0,85.6,0.0,0.0,0.0,0.0,15795.0 MiB,12385.9 MiB,963.4 MiB,2445.7 MiB,4096.0 MiB,2774.3 MiB,1321.7 MiB,14241.3 MiB
Python 3.5.10,nbody.py 50000000,222,1691274030,610891,python,4:20.42,15500,8224,4772,100.0,0.1,1,6,4:20,0,4,3760,23,2000,0,8224,296,2,278,16,0,13.1,0.8,0.0,86.2,0.0,0.0,0.0,0.0,15795.0 MiB,12385.9 MiB,963.4 MiB,2445.7 MiB,4096.0 MiB,2774.3 MiB,1321.7 MiB,14241.3 MiB
Python 3.5.10,nbody.py 50000000,223,1691274031,610891,python,4:21.59,15500,8224,4772,100.0,0.1,1,6,4:21,0,4,3760,23,2000,0,8224,296,2,278,16,0,12.8,1.5,0.0,85.7,0.0,0.0,0.0,0.0,15795.0 MiB,12385.9 MiB,963.4 MiB,2445.7 MiB,4096.0 MiB,2774.3 MiB,1321.7 MiB,14241.3 MiB
Python 3.5.10,nbody.py 50000000,224,1691274033,610891,python,4:22.76,15500,8224,4772,100.0,0.1,1,6,4:22,0,4,3760,23,2000,0,8224,296,2,278,16,0,13.0,0.8,0.0,86.3,0.0,0.0,0.0,0.0,15795.0 MiB,12385.9 MiB,963.4 MiB,2445.7 MiB,4096.0 MiB,2774.3 MiB,1321.7 MiB,14241.4 MiB
Python 3.5.10,nbody.py 50000000,225,1691274034,610891,python,4:23.94,15500,8224,4772,100.0,0.1,1,6,4:23,0,4,3760,23,2000,0,8224,296,2,278,16,0,13.0,0.8,0.0,86.3,0.0,0.0,0.0,0.0,15795.0 MiB,12385.9 MiB,963.4 MiB,2445.7 MiB,4096.0 MiB,2774.3 MiB,1321.7 MiB,14241.4 MiB
Python 3.5.10,nbody.py 50000000,226,1691274035,610891,python,4:25.11,15500,8224,4772,100.0,0.1,1,6,4:25,0,4,3760,23,2000,0,8224,296,2,278,16,0,13.0,0.0,0.0,87.0,0.0,0.0,0.0,0.0,15795.0 MiB,12385.9 MiB,963.4 MiB,2445.7 MiB,4096.0 MiB,2774.3 MiB,1321.7 MiB,14241.4 MiB
Python 3.5.10,nbody.py 50000000,227,1691274036,610891,python,4:26.29,15500,8224,4772,100.0,0.1,1,6,4:26,0,4,3760,23,2000,0,8224,296,2,278,16,0,13.7,1.4,0.0,84.9,0.0,0.0,0.0,0.0,15795.0 MiB,12385.9 MiB,963.4 MiB,2445.7 MiB,4096.0 MiB,2774.3 MiB,1321.7 MiB,14241.4 MiB
Python 3.5.10,nbody.py 50000000,228,1691274037,610891,python,4:27.46,15500,8224,4772,93.8,0.1,1,6,4:27,0,4,3760,23,2000,0,8224,296,2,278,16,0,13.6,0.8,0.0,85.6,0.0,0.0,0.0,0.0,15795.0 MiB,12385.9 MiB,963.4 MiB,2445.7 MiB,4096.0 MiB,2774.3 MiB,1321.7 MiB,14241.4 MiB
Python 3.5.10,nbody.py 50000000,229,1691274038,610891,python,4:28.64,15500,8224,4772,100.0,0.1,1,6,4:28,0,4,3760,23,2000,0,8224,296,2,278,16,0,12.9,0.8,0.0,86.4,0.0,0.0,0.0,0.0,15795.0 MiB,12385.9 MiB,963.4 MiB,2445.7 MiB,4096.0 MiB,2774.3 MiB,1321.7 MiB,14241.4 MiB
Python 3.5.10,nbody.py 50000000,230,1691274040,610891,python,4:29.81,15500,8224,4772,100.0,0.1,1,6,4:29,0,4,3760,23,2000,0,8224,296,2,278,16,0,12.9,1.5,0.0,85.6,0.0,0.0,0.0,0.0,15795.0 MiB,12385.9 MiB,963.4 MiB,2445.7 MiB,4096.0 MiB,2774.3 MiB,1321.7 MiB,14241.4 MiB
Python 3.5.10,nbody.py 50000000,231,1691274041,610891,python,4:30.98,15500,8224,4772,93.8,0.1,1,6,4:30,0,4,3760,23,2000,0,8224,296,2,278,16,0,12.9,0.8,0.0,86.4,0.0,0.0,0.0,0.0,15795.0 MiB,12385.9 MiB,963.4 MiB,2445.7 MiB,4096.0 MiB,2774.3 MiB,1321.7 MiB,14241.4 MiB
Python 3.5.10,nbody.py 50000000,232,1691274042,610891,python,4:32.15,15500,8224,4772,93.8,0.1,1,6,4:32,0,4,3760,23,2000,0,8224,296,2,278,16,0,12.9,1.5,0.0,85.6,0.0,0.0,0.0,0.0,15795.0 MiB,12386.1 MiB,963.2 MiB,2445.7 MiB,4096.0 MiB,2774.3 MiB,1321.7 MiB,14241.6 MiB
Python 3.5.10,nbody.py 50000000,233,1691274043,610891,python,4:33.33,15500,8224,4772,100.0,0.1,1,6,4:33,0,4,3760,23,2000,0,8224,296,2,278,16,0,13.7,0.0,0.0,86.3,0.0,0.0,0.0,0.0,15795.0 MiB,12386.1 MiB,963.1 MiB,2445.7 MiB,4096.0 MiB,2774.3 MiB,1321.7 MiB,14241.6 MiB
Python 3.5.10,nbody.py 50000000,234,1691274044,610891,python,4:34.50,15500,8224,4772,100.0,0.1,1,6,4:34,0,4,3760,23,2000,0,8224,296,2,278,16,0,13.1,0.8,0.0,86.2,0.0,0.0,0.0,0.0,15795.0 MiB,12386.1 MiB,963.1 MiB,2445.7 MiB,4096.0 MiB,2774.3 MiB,1321.7 MiB,14241.6 MiB
Python 3.5.10,nbody.py 50000000,235,1691274046,610891,python,4:35.67,15500,8224,4772,100.0,0.1,1,6,4:35,0,4,3760,23,2000,0,8224,296,2,278,16,0,12.8,1.5,0.0,85.7,0.0,0.0,0.0,0.0,15795.0 MiB,12386.1 MiB,963.1 MiB,2445.7 MiB,4096.0 MiB,2774.3 MiB,1321.7 MiB,14241.6 MiB
Python 3.5.10,nbody.py 50000000,236,1691274047,610891,python,4:36.84,15500,8224,4772,93.8,0.1,1,6,4:36,0,4,3760,23,2000,0,8224,296,2,278,16,0,12.3,0.8,0.0,86.9,0.0,0.0,0.0,0.0,15795.0 MiB,12386.1 MiB,963.1 MiB,2445.7 MiB,4096.0 MiB,2774.3 MiB,1321.7 MiB,14241.6 MiB
Python 3.5.10,nbody.py 50000000,237,1691274048,610891,python,4:38.02,15500,8224,4772,100.0,0.1,1,6,4:38,0,4,3760,23,2000,0,8224,296,2,278,16,0,13.0,0.8,0.0,86.3,0.0,0.0,0.0,0.0,15795.0 MiB,12386.1 MiB,963.1 MiB,2445.8 MiB,4096.0 MiB,2774.3 MiB,1321.7 MiB,14241.6 MiB
Python 3.5.10,nbody.py 50000000,238,1691274049,610891,python,4:39.19,15500,8224,4772,100.0,0.1,1,6,4:39,0,4,3760,23,2000,0,8224,296,2,278,16,0,13.0,0.8,0.0,86.3,0.0,0.0,0.0,0.0,15795.0 MiB,12386.1 MiB,963.1 MiB,2445.8 MiB,4096.0 MiB,2774.3 MiB,1321.7 MiB,14241.7 MiB
Python 3.5.10,nbody.py 50000000,239,1691274050,610891,python,4:40.36,15500,8224,4772,93.8,0.1,1,6,4:40,0,4,3760,23,2000,0,8224,296,2,278,16,0,13.6,0.8,0.0,85.6,0.0,0.0,0.0,0.0,15795.0 MiB,12386.1 MiB,963.1 MiB,2445.8 MiB,4096.0 MiB,2774.3 MiB,1321.7 MiB,14241.7 MiB
Python 3.5.10,nbody.py 50000000,240,1691274051,610891,python,4:41.53,15500,8224,4772,93.8,0.1,1,6,4:41,0,4,3760,23,2000,0,8224,296,2,278,16,0,12.9,0.8,0.0,86.4,0.0,0.0,0.0,0.0,15795.0 MiB,12386.1 MiB,963.1 MiB,2445.8 MiB,4096.0 MiB,2774.3 MiB,1321.7 MiB,14241.7 MiB
Python 3.5.10,nbody.py 50000000,241,1691274053,610891,python,4:42.71,15500,8224,4772,100.0,0.1,1,6,4:42,0,4,3760,23,2000,0,8224,296,2,278,16,0,12.9,1.5,0.0,85.6,0.0,0.0,0.0,0.0,15795.0 MiB,12386.1 MiB,963.1 MiB,2445.8 MiB,4096.0 MiB,2774.3 MiB,1321.7 MiB,14241.7 MiB
Python 3.5.10,nbody.py 50000000,242,1691274054,610891,python,4:43.89,15500,8224,4772,100.0,0.1,1,6,4:43,0,4,3760,23,2000,0,8224,296,2,278,16,0,13.0,1.4,0.0,85.5,0.0,0.0,0.0,0.0,15795.0 MiB,12386.1 MiB,963.1 MiB,2445.8 MiB,4096.0 MiB,2774.3 MiB,1321.7 MiB,14241.7 MiB
Python 3.5.10,nbody.py 50000000,243,1691274055,610891,python,4:45.06,15500,8224,4772,93.8,0.1,1,6,4:45,0,4,3760,23,2000,0,8224,296,2,278,16,0,12.9,0.8,0.0,86.4,0.0,0.0,0.0,0.0,15795.0 MiB,12385.9 MiB,963.4 MiB,2445.8 MiB,4096.0 MiB,2774.3 MiB,1321.7 MiB,14241.4 MiB
Python 3.5.10,nbody.py 50000000,244,1691274056,610891,python,4:46.24,15500,8224,4772,100.0,0.1,1,6,4:46,0,4,3760,23,2000,0,8224,296,2,278,16,0,13.0,0.8,0.0,86.3,0.0,0.0,0.0,0.0,15795.0 MiB,12385.9 MiB,963.4 MiB,2445.8 MiB,4096.0 MiB,2774.3 MiB,1321.7 MiB,14241.4 MiB
Python 3.5.10,nbody.py 50000000,245,1691274057,610891,python,4:47.41,15500,8224,4772,100.0,0.1,1,6,4:47,0,4,3760,23,2000,0,8224,296,2,278,16,0,12.9,0.8,0.0,86.4,0.0,0.0,0.0,0.0,15795.0 MiB,12385.9 MiB,963.4 MiB,2445.8 MiB,4096.0 MiB,2774.3 MiB,1321.7 MiB,14241.4 MiB
Python 3.5.10,nbody.py 50000000,246,1691274058,610891,python,4:48.58,15500,8224,4772,93.8,0.1,1,6,4:48,0,4,3760,23,2000,0,8224,296,2,278,16,0,13.6,0.8,0.0,85.6,0.0,0.0,0.0,0.0,15795.0 MiB,12385.9 MiB,963.4 MiB,2445.8 MiB,4096.0 MiB,2774.3 MiB,1321.7 MiB,14241.4 MiB
Python 3.5.10,nbody.py 50000000,247,1691274060,610891,python,4:49.75,15500,8224,4772,93.8,0.1,1,6,4:49,0,4,3760,23,2000,0,8224,297,2,279,16,0,12.2,2.3,0.0,84.7,0.8,0.0,0.0,0.0,15795.0 MiB,12386.1 MiB,963.1 MiB,2445.8 MiB,4096.0 MiB,2774.3 MiB,1321.7 MiB,14241.7 MiB
Python 3.5.10,nbody.py 50000000,248,1691274061,610891,python,4:50.93,15500,8224,4772,100.0,0.1,1,6,4:50,0,4,3760,23,2000,0,8224,297,2,279,16,0,13.6,0.8,0.0,85.6,0.0,0.0,0.0,0.0,15795.0 MiB,12385.6 MiB,963.6 MiB,2445.8 MiB,4096.0 MiB,2774.3 MiB,1321.7 MiB,14241.2 MiB
Python 3.5.10,nbody.py 50000000,249,1691274062,610891,python,4:52.10,15500,8224,4772,100.0,0.1,1,6,4:52,0,4,3760,23,2000,0,8224,297,2,279,16,0,13.0,0.8,0.0,86.3,0.0,0.0,0.0,0.0,15795.0 MiB,12385.6 MiB,963.6 MiB,2445.8 MiB,4096.0 MiB,2774.3 MiB,1321.7 MiB,14241.2 MiB
Python 3.5.10,nbody.py 50000000,250,1691274063,610891,python,4:53.27,15500,8224,4772,93.8,0.1,1,6,4:53,0,4,3760,23,2000,0,8224,297,2,279,16,0,13.1,0.0,0.0,86.9,0.0,0.0,0.0,0.0,15795.0 MiB,12385.6 MiB,963.6 MiB,2445.8 MiB,4096.0 MiB,2774.3 MiB,1321.7 MiB,14241.2 MiB
Python 3.5.10,nbody.py 50000000,251,1691274064,610891,python,4:54.45,15500,8224,4772,100.0,0.1,1,6,4:54,0,4,3760,23,2000,0,8224,297,2,279,16,0,12.9,0.8,0.0,86.4,0.0,0.0,0.0,0.0,15795.0 MiB,12385.6 MiB,963.6 MiB,2445.8 MiB,4096.0 MiB,2774.3 MiB,1321.7 MiB,14241.2 MiB
Python 3.5.10,nbody.py 50000000,252,1691274065,610891,python,4:55.62,15500,8224,4772,100.0,0.1,1,6,4:55,0,4,3760,23,2000,0,8224,297,2,279,16,0,12.9,0.8,0.0,84.8,1.5,0.0,0.0,0.0,15795.0 MiB,12385.6 MiB,963.6 MiB,2445.8 MiB,4096.0 MiB,2774.3 MiB,1321.7 MiB,14241.2 MiB
Python 3.5.10,nbody.py 50000000,253,1691274067,610891,python,4:56.79,15500,8224,4772,100.0,0.1,1,2,4:56,0,4,3760,23,2000,0,8224,297,2,279,16,0,12.2,1.5,0.0,86.3,0.0,0.0,0.0,0.0,15795.0 MiB,12385.4 MiB,963.8 MiB,2445.8 MiB,4096.0 MiB,2774.3 MiB,1321.7 MiB,14240.9 MiB
Python 3.5.10,nbody.py 50000000,254,1691274068,610891,python,4:57.97,15500,8224,4772,94.1,0.1,1,2,4:57,0,4,3760,23,2000,0,8224,297,2,279,16,0,13.0,1.4,0.0,85.5,0.0,0.0,0.0,0.0,15795.0 MiB,12385.4 MiB,963.8 MiB,2445.8 MiB,4096.0 MiB,2774.3 MiB,1321.7 MiB,14241.0 MiB
Python 3.5.10,nbody.py 50000000,255,1691274069,610891,python,4:59.15,15500,8224,4772,100.0,0.1,1,2,4:59,0,4,3760,23,2000,0,8224,297,2,279,16,0,13.6,0.8,0.0,85.6,0.0,0.0,0.0,0.0,15795.0 MiB,12385.4 MiB,963.8 MiB,2445.8 MiB,4096.0 MiB,2774.3 MiB,1321.7 MiB,14241.0 MiB
Python 3.5.10,nbody.py 50000000,256,1691274070,610891,python,5:00.32,15500,8224,4772,100.0,0.1,1,2,5:00,0,4,3760,23,2000,0,8224,297,2,279,16,0,12.3,0.8,0.0,86.9,0.0,0.0,0.0,0.0,15795.0 MiB,12385.4 MiB,963.8 MiB,2445.8 MiB,4096.0 MiB,2774.3 MiB,1321.7 MiB,14241.0 MiB
Python 3.5.10,nbody.py 50000000,257,1691274071,610891,python,5:01.49,15500,8224,4772,93.8,0.1,1,2,5:01,0,4,3760,23,2000,0,8224,297,2,279,16,0,12.9,1.5,0.0,85.6,0.0,0.0,0.0,0.0,15795.0 MiB,12385.4 MiB,963.8 MiB,2445.8 MiB,4096.0 MiB,2774.3 MiB,1321.7 MiB,14241.0 MiB
Python 3.5.10,nbody.py 50000000,258,1691274072,610891,python,5:02.67,15500,8224,4772,100.0,0.1,1,2,5:02,0,4,3760,23,2000,0,8224,297,3,278,16,0,12.9,0.8,0.0,86.4,0.0,0.0,0.0,0.0,15795.0 MiB,12385.1 MiB,964.1 MiB,2445.8 MiB,4096.0 MiB,2774.3 MiB,1321.7 MiB,14240.7 MiB
Python 3.5.10,nbody.py 50000000,259,1691274074,610891,python,5:03.84,15500,8224,4772,100.0,0.1,1,2,5:03,0,4,3760,23,2000,0,8224,297,2,279,16,0,13.0,0.8,0.0,86.3,0.0,0.0,0.0,0.0,15795.0 MiB,12385.1 MiB,964.1 MiB,2445.8 MiB,4096.0 MiB,2774.3 MiB,1321.7 MiB,14240.7 MiB
Python 3.5.10,nbody.py 50000000,260,1691274075,610891,python,5:05.01,15500,8224,4772,93.8,0.1,1,2,5:05,0,4,3760,23,2000,0,8224,297,2,279,16,0,13.4,1.5,0.0,85.1,0.0,0.0,0.0,0.0,15795.0 MiB,12385.1 MiB,964.1 MiB,2445.8 MiB,4096.0 MiB,2774.3 MiB,1321.7 MiB,14240.7 MiB
Python 3.5.10,nbody.py 50000000,261,1691274076,610891,python,5:06.19,15500,8224,4772,100.0,0.1,1,2,5:06,0,4,3760,23,2000,0,8224,297,2,279,16,0,13.0,0.8,0.0,85.5,0.8,0.0,0.0,0.0,15795.0 MiB,12385.1 MiB,964.0 MiB,2445.8 MiB,4096.0 MiB,2774.3 MiB,1321.7 MiB,14240.7 MiB
Python 3.5.10,nbody.py 50000000,262,1691274077,610891,python,5:07.36,15500,8224,4772,100.0,0.1,1,2,5:07,0,4,3760,23,2000,0,8224,297,2,279,16,0,12.8,0.8,0.0,85.7,0.0,0.0,0.8,0.0,15795.0 MiB,12385.1 MiB,964.0 MiB,2445.8 MiB,4096.0 MiB,2774.3 MiB,1321.7 MiB,14240.7 MiB
Python 3.5.10,nbody.py 50000000,263,1691274078,610891,python,5:08.53,15500,8224,4772,100.0,0.1,1,2,5:08,0,4,3760,23,2000,0,8224,297,2,279,16,0,13.1,0.0,0.0,86.9,0.0,0.0,0.0,0.0,15795.0 MiB,12385.1 MiB,964.0 MiB,2445.8 MiB,4096.0 MiB,2774.3 MiB,1321.7 MiB,14240.7 MiB
Python 3.5.10,nbody.py 50000000,264,1691274080,610891,python,5:09.71,15500,8224,4772,100.0,0.1,1,2,5:09,0,4,3760,23,2000,0,8224,297,2,279,16,0,13.5,0.8,0.0,85.7,0.0,0.0,0.0,0.0,15795.0 MiB,12385.1 MiB,964.0 MiB,2445.8 MiB,4096.0 MiB,2774.3 MiB,1321.7 MiB,14240.7 MiB
Python 3.5.10,nbody.py 50000000,265,1691274081,610891,python,5:10.88,15500,8224,4772,100.0,0.1,1,2,5:10,0,4,3760,23,2000,0,8224,297,2,279,16,0,12.3,0.8,0.0,86.9,0.0,0.0,0.0,0.0,15795.0 MiB,12385.1 MiB,964.0 MiB,2445.8 MiB,4096.0 MiB,2774.3 MiB,1321.7 MiB,14240.7 MiB
Python 3.5.10,nbody.py 50000000,266,1691274082,610891,python,5:12.05,15500,8224,4772,100.0,0.1,1,2,5:12,0,4,3760,23,2000,0,8224,297,2,279,16,0,13.6,0.8,0.0,85.6,0.0,0.0,0.0,0.0,15795.0 MiB,12385.1 MiB,964.0 MiB,2445.8 MiB,4096.0 MiB,2774.3 MiB,1321.7 MiB,14240.7 MiB
Python 3.5.10,nbody.py 50000000,267,1691274083,610891,python,5:13.22,15500,8224,4772,93.8,0.1,1,2,5:13,0,4,3760,23,2000,0,8224,297,2,279,16,0,12.9,0.8,0.0,86.4,0.0,0.0,0.0,0.0,15795.0 MiB,12385.1 MiB,964.0 MiB,2445.8 MiB,4096.0 MiB,2774.3 MiB,1321.7 MiB,14240.8 MiB
Python 3.5.10,nbody.py 50000000,268,1691274084,610891,python,5:14.40,15500,8224,4772,100.0,0.1,1,2,5:14,0,4,3760,23,2000,0,8224,297,2,279,16,0,14.2,2.2,0.0,83.6,0.0,0.0,0.0,0.0,15795.0 MiB,12385.1 MiB,964.0 MiB,2445.8 MiB,4096.0 MiB,2774.3 MiB,1321.7 MiB,14240.8 MiB
Python 3.5.10,nbody.py 50000000,269,1691274085,610891,python,5:15.57,15500,8224,4772,100.0,0.1,1,2,5:15,0,4,3760,23,2000,0,8224,297,2,279,16,0,13.0,0.8,0.0,86.3,0.0,0.0,0.0,0.0,15795.0 MiB,12385.1 MiB,964.0 MiB,2445.8 MiB,4096.0 MiB,2774.3 MiB,1321.7 MiB,14240.8 MiB
Python 3.5.10,nbody.py 50000000,270,1691274087,610891,python,5:16.74,15500,8224,4772,93.8,0.1,1,2,5:16,0,4,3760,23,2000,0,8224,297,2,279,16,0,12.8,1.5,0.0,85.7,0.0,0.0,0.0,0.0,15795.0 MiB,12385.1 MiB,964.0 MiB,2445.8 MiB,4096.0 MiB,2774.3 MiB,1321.7 MiB,14240.8 MiB
Python 3.5.10,nbody.py 50000000,271,1691274088,610891,python,5:17.91,15500,8224,4772,93.8,0.1,1,2,5:17,0,4,3760,23,2000,0,8224,297,2,279,16,0,12.2,1.5,0.0,86.3,0.0,0.0,0.0,0.0,15795.0 MiB,12385.1 MiB,964.0 MiB,2445.8 MiB,4096.0 MiB,2774.3 MiB,1321.7 MiB,14240.8 MiB
Python 3.5.10,nbody.py 50000000,272,1691274089,610891,python,5:19.09,15500,8224,4772,100.0,0.1,1,6,5:19,0,4,3760,23,2000,0,8224,297,2,279,16,0,13.0,0.8,0.0,86.3,0.0,0.0,0.0,0.0,15795.0 MiB,12384.9 MiB,964.3 MiB,2445.8 MiB,4096.0 MiB,2774.3 MiB,1321.7 MiB,14240.5 MiB
Python 3.5.10,nbody.py 50000000,273,1691274090,610891,python,5:20.26,15500,8224,4772,100.0,0.1,1,6,5:20,0,4,3760,23,2000,0,8224,297,2,279,16,0,13.0,0.8,0.0,86.3,0.0,0.0,0.0,0.0,15795.0 MiB,12384.9 MiB,964.3 MiB,2445.8 MiB,4096.0 MiB,2774.3 MiB,1321.7 MiB,14240.5 MiB
Python 3.5.10,nbody.py 50000000,274,1691274091,610891,python,5:21.43,15500,8224,4772,100.0,0.1,1,6,5:21,0,4,3760,23,2000,0,8224,297,2,279,16,0,13.5,1.5,0.0,84.2,0.8,0.0,0.0,0.0,15795.0 MiB,12386.2 MiB,962.1 MiB,2446.7 MiB,4096.0 MiB,2774.3 MiB,1321.7 MiB,14242.6 MiB
Python 3.5.10,nbody.py 50000000,275,1691274092,610891,python,5:22.61,15500,8224,4772,100.0,0.1,1,6,5:22,0,4,3760,23,2000,0,8224,297,2,279,16,0,13.1,1.5,0.0,84.7,0.7,0.0,0.0,0.0,15795.0 MiB,12385.9 MiB,962.4 MiB,2446.7 MiB,4096.0 MiB,2774.3 MiB,1321.7 MiB,14242.3 MiB
Python 3.5.10,nbody.py 50000000,276,1691274094,610891,python,5:23.79,15500,8224,4772,100.0,0.1,1,6,5:23,0,4,3760,23,2000,0,8224,297,2,279,16,0,12.9,1.5,0.0,85.6,0.0,0.0,0.0,0.0,15795.0 MiB,12387.6 MiB,960.7 MiB,2446.7 MiB,4096.0 MiB,2774.3 MiB,1321.7 MiB,14244.1 MiB
Python 3.5.10,nbody.py 50000000,277,1691274095,610891,python,5:24.96,15500,8224,4772,100.0,0.1,1,6,5:24,0,4,3760,23,2000,0,8224,297,2,279,16,0,13.0,0.8,0.0,86.3,0.0,0.0,0.0,0.0,15795.0 MiB,12387.6 MiB,960.7 MiB,2446.7 MiB,4096.0 MiB,2774.3 MiB,1321.7 MiB,14244.1 MiB
Python 3.5.10,nbody.py 50000000,278,1691274096,610891,python,5:26.13,15500,8224,4772,93.8,0.1,1,6,5:26,0,4,3760,23,2000,0,8224,297,2,279,16,0,13.6,0.8,0.0,85.6,0.0,0.0,0.0,0.0,15795.0 MiB,12387.6 MiB,960.7 MiB,2446.7 MiB,4096.0 MiB,2774.3 MiB,1321.7 MiB,14244.1 MiB
Python 3.5.10,nbody.py 50000000,279,1691274097,610891,python,5:27.31,15500,8224,4772,100.0,0.1,1,6,5:27,0,4,3760,23,2000,0,8224,297,2,279,16,0,13.5,1.5,0.0,85.0,0.0,0.0,0.0,0.0,15795.0 MiB,12387.6 MiB,960.7 MiB,2446.7 MiB,4096.0 MiB,2774.3 MiB,1321.7 MiB,14244.1 MiB
Python 3.5.10,nbody.py 50000000,280,1691274098,610891,python,5:28.48,15500,8224,4772,93.8,0.1,1,6,5:28,0,4,3760,23,2000,0,8224,297,2,279,16,0,13.0,0.8,0.0,86.3,0.0,0.0,0.0,0.0,15795.0 MiB,12387.3 MiB,960.9 MiB,2446.7 MiB,4096.0 MiB,2774.3 MiB,1321.7 MiB,14243.8 MiB
Python 3.5.10,nbody.py 50000000,281,1691274099,610891,python,5:29.65,15500,8224,4772,93.8,0.1,1,6,5:29,0,4,3760,23,2000,0,8224,297,2,279,16,0,12.9,0.8,0.0,86.4,0.0,0.0,0.0,0.0,15795.0 MiB,12387.3 MiB,960.9 MiB,2446.7 MiB,4096.0 MiB,2774.3 MiB,1321.7 MiB,14243.8 MiB
Python 3.5.10,nbody.py 50000000,282,1691274101,610891,python,5:30.83,15500,8224,4772,100.0,0.1,1,6,5:30,0,4,3760,23,2000,0,8224,297,2,279,16,0,13.6,0.8,0.0,85.6,0.0,0.0,0.0,0.0,15795.0 MiB,12387.3 MiB,960.9 MiB,2446.7 MiB,4096.0 MiB,2774.3 MiB,1321.7 MiB,14243.8 MiB
Python 3.5.10,nbody.py 50000000,283,1691274102,610891,python,5:32.00,15500,8224,4772,100.0,0.1,1,2,5:32,0,4,3760,23,2000,0,8224,297,2,279,16,0,13.0,0.8,0.0,86.3,0.0,0.0,0.0,0.0,15795.0 MiB,12387.3 MiB,960.9 MiB,2446.7 MiB,4096.0 MiB,2774.3 MiB,1321.7 MiB,14243.9 MiB
Python 3.5.10,nbody.py 50000000,284,1691274103,610891,python,5:33.17,15500,8224,4772,100.0,0.1,1,2,5:33,0,4,3760,23,2000,0,8224,297,2,279,16,0,12.9,0.8,0.0,86.4,0.0,0.0,0.0,0.0,15795.0 MiB,12387.3 MiB,960.9 MiB,2446.7 MiB,4096.0 MiB,2774.3 MiB,1321.7 MiB,14243.9 MiB
Python 3.5.10,nbody.py 50000000,285,1691274104,610891,python,5:34.35,15500,8224,4772,100.0,0.1,1,2,5:34,0,4,3760,23,2000,0,8224,297,2,279,16,0,13.5,1.5,0.0,85.0,0.0,0.0,0.0,0.0,15795.0 MiB,12387.3 MiB,960.9 MiB,2446.8 MiB,4096.0 MiB,2774.3 MiB,1321.7 MiB,14243.9 MiB
Python 3.5.10,nbody.py 50000000,286,1691274105,610891,python,5:35.52,15500,8224,4772,100.0,0.1,1,2,5:35,0,4,3760,23,2000,0,8224,297,2,279,16,0,12.2,0.8,0.0,87.0,0.0,0.0,0.0,0.0,15795.0 MiB,12387.3 MiB,960.9 MiB,2446.8 MiB,4096.0 MiB,2774.3 MiB,1321.7 MiB,14243.9 MiB
Python 3.5.10,nbody.py 50000000,287,1691274107,610891,python,5:36.69,15500,8224,4772,100.0,0.1,1,2,5:36,0,4,3760,23,2000,0,8224,297,2,279,16,0,12.8,1.5,0.0,85.7,0.0,0.0,0.0,0.0,15795.0 MiB,12387.3 MiB,960.9 MiB,2446.8 MiB,4096.0 MiB,2774.3 MiB,1321.7 MiB,14243.9 MiB
Python 3.5.10,nbody.py 50000000,288,1691274108,610891,python,5:37.86,15500,8224,4772,93.8,0.1,1,2,5:37,0,4,3760,23,2000,0,8224,297,2,279,16,0,12.9,1.5,0.0,85.6,0.0,0.0,0.0,0.0,15795.0 MiB,12387.3 MiB,960.9 MiB,2446.8 MiB,4096.0 MiB,2774.3 MiB,1321.7 MiB,14243.9 MiB
Python 3.5.10,nbody.py 50000000,289,1691274109,610891,python,5:39.03,15500,8224,4772,93.8,0.1,1,2,5:39,0,4,3760,23,2000,0,8224,297,2,279,16,0,13.5,0.8,0.0,85.7,0.0,0.0,0.0,0.0,15795.0 MiB,12387.3 MiB,960.9 MiB,2446.8 MiB,4096.0 MiB,2774.3 MiB,1321.7 MiB,14243.9 MiB
Python 3.5.10,nbody.py 50000000,290,1691274110,610891,python,5:40.21,15500,8224,4772,100.0,0.1,1,2,5:40,0,4,3760,23,2000,0,8224,297,2,279,16,0,13.5,1.5,0.0,85.0,0.0,0.0,0.0,0.0,15795.0 MiB,12387.3 MiB,960.9 MiB,2446.8 MiB,4096.0 MiB,2774.3 MiB,1321.7 MiB,14243.9 MiB
Python 3.5.10,nbody.py 50000000,291,1691274111,610891,python,5:41.38,15500,8224,4772,93.8,0.1,1,2,5:41,0,4,3760,23,2000,0,8224,297,2,279,16,0,13.1,0.8,0.0,86.2,0.0,0.0,0.0,0.0,15795.0 MiB,12387.3 MiB,960.9 MiB,2446.8 MiB,4096.0 MiB,2774.3 MiB,1321.7 MiB,14243.9 MiB
Python 3.5.10,nbody.py 50000000,292,1691274112,610891,python,5:42.55,15500,8224,4772,93.8,0.1,1,2,5:42,0,4,3760,23,2000,0,8224,297,2,279,16,0,13.6,0.0,0.0,86.4,0.0,0.0,0.0,0.0,15795.0 MiB,12387.3 MiB,960.9 MiB,2446.8 MiB,4096.0 MiB,2774.3 MiB,1321.7 MiB,14243.9 MiB
Python 3.5.10,nbody.py 50000000,293,1691274114,610891,python,5:43.72,15500,8224,4772,100.0,0.1,1,2,5:43,0,4,3760,23,2000,0,8224,297,2,279,16,0,12.9,1.5,0.0,85.6,0.0,0.0,0.0,0.0,15795.0 MiB,12386.6 MiB,961.6 MiB,2446.8 MiB,4096.0 MiB,2774.3 MiB,1321.7 MiB,14243.2 MiB
Python 3.5.10,nbody.py 50000000,294,1691274115,610891,python,5:44.90,15500,8224,4772,100.0,0.1,1,2,5:44,0,4,3760,23,2000,0,8224,297,2,279,16,0,12.3,0.8,0.0,86.9,0.0,0.0,0.0,0.0,15795.0 MiB,12386.6 MiB,961.6 MiB,2446.8 MiB,4096.0 MiB,2774.3 MiB,1321.7 MiB,14243.2 MiB
Python 3.5.10,nbody.py 50000000,295,1691274116,610891,python,5:46.07,15500,8224,4772,93.8,0.1,1,2,5:46,0,4,3760,23,2000,0,8224,297,2,279,16,0,12.2,0.8,0.0,87.0,0.0,0.0,0.0,0.0,15795.0 MiB,12386.6 MiB,961.6 MiB,2446.8 MiB,4096.0 MiB,2774.3 MiB,1321.7 MiB,14243.2 MiB
Python 3.5.10,nbody.py 50000000,296,1691274117,610891,python,5:47.24,15500,8224,4772,93.8,0.1,1,2,5:47,0,4,3760,23,2000,0,8224,297,2,279,16,0,13.0,0.0,0.0,87.0,0.0,0.0,0.0,0.0,15795.0 MiB,12386.6 MiB,961.6 MiB,2446.8 MiB,4096.0 MiB,2774.3 MiB,1321.7 MiB,14243.2 MiB
Python 3.5.10,nbody.py 50000000,297,1691274118,610891,python,5:48.42,15500,8224,4772,100.0,0.1,1,2,5:48,0,4,3760,23,2000,0,8224,297,2,279,16,0,12.9,1.5,0.0,85.6,0.0,0.0,0.0,0.0,15795.0 MiB,12386.6 MiB,961.6 MiB,2446.8 MiB,4096.0 MiB,2774.3 MiB,1321.7 MiB,14243.2 MiB
Python 3.5.10,nbody.py 50000000,298,1691274119,610891,python,5:49.59,15500,8224,4772,100.0,0.1,1,6,5:49,0,4,3760,23,2000,0,8224,297,2,279,16,0,13.6,1.5,0.0,84.8,0.0,0.0,0.0,0.0,15795.0 MiB,12386.3 MiB,961.9 MiB,2446.7 MiB,4096.0 MiB,2774.3 MiB,1321.7 MiB,14242.9 MiB
Python 3.5.10,nbody.py 50000000,299,1691274121,610891,python,5:50.76,15500,8224,4772,93.8,0.1,1,6,5:50,0,4,3760,23,2000,0,8224,297,2,279,16,0,12.9,0.8,0.0,86.4,0.0,0.0,0.0,0.0,15795.0 MiB,12386.3 MiB,961.9 MiB,2446.7 MiB,4096.0 MiB,2774.3 MiB,1321.7 MiB,14242.9 MiB
Python 3.5.10,nbody.py 50000000,300,1691274122,610891,python,5:51.94,15500,8224,4772,100.0,0.1,1,6,5:51,0,4,3760,23,2000,0,8224,296,2,278,16,0,13.0,0.8,0.0,86.3,0.0,0.0,0.0,0.0,15795.0 MiB,12386.3 MiB,961.9 MiB,2446.7 MiB,4096.0 MiB,2774.3 MiB,1321.7 MiB,14242.9 MiB
Python 3.5.10,nbody.py 50000000,301,1691274123,610891,python,5:53.11,15500,8224,4772,100.0,0.1,1,6,5:53,0,4,3760,23,2000,0,8224,296,2,278,16,0,13.1,0.0,0.0,86.9,0.0,0.0,0.0,0.0,15795.0 MiB,12386.3 MiB,961.9 MiB,2446.7 MiB,4096.0 MiB,2774.3 MiB,1321.7 MiB,14242.9 MiB
Python 3.5.10,nbody.py 50000000,302,1691274124,610891,python,5:54.28,15500,8224,4772,100.0,0.1,1,6,5:54,0,4,3760,23,2000,0,8224,296,2,278,16,0,13.5,0.8,0.0,85.7,0.0,0.0,0.0,0.0,15795.0 MiB,12386.3 MiB,961.9 MiB,2446.7 MiB,4096.0 MiB,2774.3 MiB,1321.7 MiB,14242.9 MiB
Python 3.5.10,nbody.py 50000000,303,1691274125,610891,python,5:55.46,15500,8224,4772,100.0,0.1,1,6,5:55,0,4,3760,23,2000,0,8224,296,2,278,16,0,12.8,1.5,0.0,85.7,0.0,0.0,0.0,0.0,15795.0 MiB,12386.3 MiB,961.9 MiB,2446.7 MiB,4096.0 MiB,2774.5 MiB,1321.5 MiB,14242.9 MiB
Python 3.5.10,nbody.py 50000000,304,1691274126,610891,python,5:56.63,15500,8224,4772,100.0,0.1,1,6,5:56,0,4,3760,23,2000,0,8224,296,2,278,16,0,13.1,0.0,0.0,86.9,0.0,0.0,0.0,0.0,15795.0 MiB,12386.3 MiB,961.9 MiB,2446.7 MiB,4096.0 MiB,2774.5 MiB,1321.5 MiB,14242.9 MiB
Python 3.5.10,nbody.py 50000000,305,1691274128,610891,python,5:57.80,15500,8224,4772,100.0,0.1,1,6,5:57,0,4,3760,23,2000,0,8224,296,2,278,16,0,12.3,0.8,0.0,86.9,0.0,0.0,0.0,0.0,15795.0 MiB,12386.3 MiB,961.9 MiB,2446.7 MiB,4096.0 MiB,2774.5 MiB,1321.5 MiB,14242.9 MiB
Python 3.5.10,nbody.py 50000000,306,1691274129,610891,python,5:58.97,15500,8224,4772,100.0,0.1,1,6,5:58,0,4,3760,23,2000,0,8224,296,2,278,16,0,13.0,0.8,0.0,86.3,0.0,0.0,0.0,0.0,15795.0 MiB,12386.3 MiB,961.9 MiB,2446.7 MiB,4096.0 MiB,2774.5 MiB,1321.5 MiB,14242.9 MiB
Python 3.5.10,nbody.py 50000000,307,1691274130,610891,python,6:00.15,15500,8224,4772,100.0,0.1,1,6,6:00,0,4,3760,23,2000,0,8224,296,2,278,16,0,14.4,0.0,0.0,85.6,0.0,0.0,0.0,0.0,15795.0 MiB,12386.1 MiB,962.1 MiB,2446.7 MiB,4096.0 MiB,2774.5 MiB,1321.5 MiB,14242.7 MiB
Python 3.5.10,nbody.py 50000000,308,1691274131,610891,python,6:01.32,15500,8224,4772,100.0,0.1,1,6,6:01,0,4,3760,23,2000,0,8224,296,2,278,16,0,12.9,1.5,0.0,85.6,0.0,0.0,0.0,0.0,15795.0 MiB,12386.1 MiB,962.1 MiB,2446.7 MiB,4096.0 MiB,2774.5 MiB,1321.5 MiB,14242.7 MiB
Python 3.5.10,nbody.py 50000000,309,1691274132,610891,python,6:02.49,15500,8224,4772,93.8,0.1,1,6,6:02,0,4,3760,23,2000,0,8224,296,2,278,16,0,12.8,1.5,0.0,85.7,0.0,0.0,0.0,0.0,15795.0 MiB,12386.1 MiB,962.1 MiB,2446.7 MiB,4096.0 MiB,2774.5 MiB,1321.5 MiB,14242.7 MiB
Python 3.5.10,nbody.py 50000000,310,1691274133,610891,python,6:03.66,15500,8224,4772,100.0,0.1,1,6,6:03,0,4,3760,23,2000,0,8224,296,2,278,16,0,13.0,1.5,0.0,84.7,0.8,0.0,0.0,0.0,15795.0 MiB,12386.1 MiB,962.1 MiB,2446.8 MiB,4096.0 MiB,2774.5 MiB,1321.5 MiB,14242.7 MiB
Python 3.5.10,nbody.py 50000000,311,1691274135,610891,python,6:04.84,15500,8224,4772,100.0,0.1,1,6,6:04,0,4,3760,23,2000,0,8224,296,2,278,16,0,12.3,0.8,0.0,86.9,0.0,0.0,0.0,0.0,15795.0 MiB,12386.1 MiB,962.1 MiB,2446.8 MiB,4096.0 MiB,2774.5 MiB,1321.5 MiB,14242.7 MiB
Python 3.5.10,nbody.py 50000000,312,1691274136,610891,python,6:06.01,15500,8224,4772,100.0,0.1,1,6,6:06,0,4,3760,23,2000,0,8224,296,2,278,16,0,13.0,0.8,0.0,86.3,0.0,0.0,0.0,0.0,15795.0 MiB,12386.1 MiB,962.1 MiB,2446.8 MiB,4096.0 MiB,2774.5 MiB,1321.5 MiB,14242.7 MiB
Python 3.5.10,nbody.py 50000000,313,1691274137,610891,python,6:07.18,15500,8224,4772,100.0,0.1,1,6,6:07,0,4,3760,23,2000,0,8224,296,2,278,16,0,12.9,1.5,0.0,85.6,0.0,0.0,0.0,0.0,15795.0 MiB,12386.1 MiB,962.1 MiB,2446.8 MiB,4096.0 MiB,2774.5 MiB,1321.5 MiB,14242.7 MiB
Python 3.5.10,nbody.py 50000000,314,1691274138,610891,python,6:08.36,15500,8224,4772,100.0,0.1,1,6,6:08,0,4,3760,23,2000,0,8224,296,2,278,16,0,12.3,0.8,0.0,86.9,0.0,0.0,0.0,0.0,15795.0 MiB,12386.1 MiB,962.1 MiB,2446.8 MiB,4096.0 MiB,2774.5 MiB,1321.5 MiB,14242.7 MiB
Python 3.5.10,nbody.py 50000000,315,1691274139,610891,python,6:09.53,15500,8224,4772,100.0,0.1,1,6,6:09,0,4,3760,23,2000,0,8224,296,2,278,16,0,12.9,0.8,0.0,86.4,0.0,0.0,0.0,0.0,15795.0 MiB,12386.1 MiB,962.1 MiB,2446.8 MiB,4096.0 MiB,2774.5 MiB,1321.5 MiB,14242.7 MiB
Python 3.5.10,nbody.py 50000000,316,1691274141,610891,python,6:10.70,15500,8224,4772,100.0,0.1,1,6,6:10,0,4,3760,23,2000,0,8224,296,2,278,16,0,13.0,0.8,0.0,86.3,0.0,0.0,0.0,0.0,15795.0 MiB,12386.1 MiB,962.1 MiB,2446.8 MiB,4096.0 MiB,2774.5 MiB,1321.5 MiB,14242.7 MiB
Python 3.5.10,nbody.py 50000000,317,1691274142,610891,python,6:11.87,15500,8224,4772,93.8,0.1,1,6,6:11,0,4,3760,23,2000,0,8224,296,2,278,16,0,13.0,0.8,0.0,86.3,0.0,0.0,0.0,0.0,15795.0 MiB,12385.9 MiB,962.4 MiB,2446.8 MiB,4096.0 MiB,2774.5 MiB,1321.5 MiB,14242.5 MiB
Python 3.5.10,nbody.py 50000000,318,1691274143,610891,python,6:13.04,15500,8224,4772,100.0,0.1,1,2,6:13,0,4,3760,23,2000,0,8224,296,2,278,16,0,13.6,0.8,0.0,85.6,0.0,0.0,0.0,0.0,15795.0 MiB,12385.9 MiB,962.4 MiB,2446.8 MiB,4096.0 MiB,2774.5 MiB,1321.5 MiB,14242.5 MiB
Python 3.5.10,nbody.py 50000000,319,1691274144,610891,python,6:14.22,15500,8224,4772,100.0,0.1,1,2,6:14,0,4,3760,23,2000,0,8224,296,2,278,16,0,13.5,1.5,0.0,85.0,0.0,0.0,0.0,0.0,15795.0 MiB,12385.9 MiB,962.4 MiB,2446.8 MiB,4096.0 MiB,2774.5 MiB,1321.5 MiB,14242.5 MiB
Python 3.5.10,nbody.py 50000000,320,1691274145,610891,python,6:15.39,15500,8224,4772,93.8,0.1,1,2,6:15,0,4,3760,23,2000,0,8224,296,2,278,16,0,12.2,1.5,0.0,86.3,0.0,0.0,0.0,0.0,15795.0 MiB,12385.9 MiB,962.3 MiB,2446.8 MiB,4096.0 MiB,2774.5 MiB,1321.5 MiB,14242.5 MiB
Python 3.5.10,nbody.py 50000000,321,1691274146,610891,python,6:16.56,15500,8224,4772,100.0,0.1,1,6,6:16,0,4,3760,23,2000,0,8224,296,2,278,16,0,13.5,0.8,0.0,85.7,0.0,0.0,0.0,0.0,15795.0 MiB,12385.9 MiB,962.3 MiB,2446.8 MiB,4096.0 MiB,2774.5 MiB,1321.5 MiB,14242.5 MiB
Python 3.5.10,nbody.py 50000000,322,1691274148,610891,python,6:17.74,15500,8224,4772,100.0,0.1,1,6,6:17,0,4,3760,23,2000,0,8224,296,2,278,16,0,13.0,0.8,0.0,86.3,0.0,0.0,0.0,0.0,15795.0 MiB,12385.9 MiB,962.3 MiB,2446.8 MiB,4096.0 MiB,2774.5 MiB,1321.5 MiB,14242.5 MiB
Python 3.5.10,nbody.py 50000000,323,1691274149,610891,python,6:18.91,15500,8224,4772,100.0,0.1,1,6,6:18,0,4,3760,23,2000,0,8224,296,2,278,16,0,13.7,0.8,0.0,85.5,0.0,0.0,0.0,0.0,15795.0 MiB,12385.9 MiB,962.3 MiB,2446.8 MiB,4096.0 MiB,2774.5 MiB,1321.5 MiB,14242.5 MiB
Python 3.5.10,nbody.py 50000000,324,1691274150,610891,python,6:20.08,15500,8224,4772,100.0,0.1,1,6,6:20,0,4,3760,23,2000,0,8224,296,2,278,16,0,12.3,0.8,0.0,86.9,0.0,0.0,0.0,0.0,15795.0 MiB,12386.1 MiB,962.1 MiB,2446.8 MiB,4096.0 MiB,2774.5 MiB,1321.5 MiB,14242.8 MiB
Python 3.5.10,nbody.py 50000000,325,1691274151,610891,python,6:21.26,15500,8224,4772,100.0,0.1,1,6,6:21,0,4,3760,23,2000,0,8224,296,2,278,16,0,13.0,0.8,0.0,86.3,0.0,0.0,0.0,0.0,15795.0 MiB,12386.1 MiB,962.1 MiB,2446.8 MiB,4096.0 MiB,2774.5 MiB,1321.5 MiB,14242.8 MiB
Python 3.5.10,nbody.py 50000000,326,1691274152,610891,python,6:22.43,15500,8224,4772,100.0,0.1,1,6,6:22,0,4,3760,23,2000,0,8224,296,2,278,16,0,13.0,0.8,0.0,86.3,0.0,0.0,0.0,0.0,15795.0 MiB,12386.1 MiB,962.1 MiB,2446.8 MiB,4096.0 MiB,2774.5 MiB,1321.5 MiB,14242.8 MiB
Python 3.5.10,nbody.py 50000000,327,1691274153,610891,python,6:23.60,15500,8224,4772,100.0,0.1,1,6,6:23,0,4,3760,23,2000,0,8224,296,2,278,16,0,13.7,0.0,0.0,86.3,0.0,0.0,0.0,0.0,15795.0 MiB,12386.1 MiB,962.1 MiB,2446.8 MiB,4096.0 MiB,2774.5 MiB,1321.5 MiB,14242.8 MiB
Python 3.5.10,nbody.py 50000000,328,1691274155,610891,python,6:24.77,15500,8224,4772,93.8,0.1,1,6,6:24,0,4,3760,23,2000,0,8224,296,2,278,16,0,13.0,0.8,0.0,86.3,0.0,0.0,0.0,0.0,15795.0 MiB,12386.1 MiB,962.1 MiB,2446.8 MiB,4096.0 MiB,2774.5 MiB,1321.5 MiB,14242.8 MiB
Python 3.5.10,nbody.py 50000000,329,1691274156,610891,python,6:25.94,15500,8224,4772,100.0,0.1,1,6,6:25,0,4,3760,23,2000,0,8224,296,2,278,16,0,13.0,0.8,0.0,86.3,0.0,0.0,0.0,0.0,15795.0 MiB,12386.1 MiB,962.1 MiB,2446.8 MiB,4096.0 MiB,2774.5 MiB,1321.5 MiB,14242.8 MiB
Python 3.5.10,nbody.py 50000000,330,1691274157,610891,python,6:27.12,15500,8224,4772,100.0,0.1,1,2,6:27,0,4,3760,23,2000,0,8224,296,2,278,16,0,13.6,0.8,0.0,85.6,0.0,0.0,0.0,0.0,15795.0 MiB,12385.9 MiB,962.3 MiB,2446.8 MiB,4096.0 MiB,2774.5 MiB,1321.5 MiB,14242.5 MiB
Python 3.5.10,nbody.py 50000000,331,1691274158,610891,python,6:28.29,15500,8224,4772,100.0,0.1,1,2,6:28,0,4,3760,23,2000,0,8224,296,2,278,16,0,13.6,0.8,0.0,85.6,0.0,0.0,0.0,0.0,15795.0 MiB,12385.9 MiB,962.3 MiB,2446.8 MiB,4096.0 MiB,2774.5 MiB,1321.5 MiB,14242.5 MiB
Python 3.5.10,nbody.py 50000000,332,1691274159,610891,python,6:29.46,15500,8224,4772,100.0,0.1,1,2,6:29,0,4,3760,23,2000,0,8224,296,2,278,16,0,13.6,0.8,0.0,85.6,0.0,0.0,0.0,0.0,15795.0 MiB,12385.9 MiB,962.3 MiB,2446.8 MiB,4096.0 MiB,2774.5 MiB,1321.5 MiB,14242.5 MiB
Python 3.5.10,nbody.py 50000000,333,1691274160,610891,python,6:30.64,15500,8224,4772,100.0,0.1,1,2,6:30,0,4,3760,23,2000,0,8224,296,2,278,16,0,12.2,1.5,0.0,86.3,0.0,0.0,0.0,0.0,15795.0 MiB,12385.6 MiB,962.6 MiB,2446.8 MiB,4096.0 MiB,2774.5 MiB,1321.5 MiB,14242.3 MiB
Python 3.5.10,nbody.py 50000000,334,1691274162,610891,python,6:31.81,15500,8224,4772,100.0,0.1,1,2,6:31,0,4,3760,23,2000,0,8224,296,2,278,16,0,13.0,0.8,0.0,86.3,0.0,0.0,0.0,0.0,15795.0 MiB,12385.6 MiB,962.6 MiB,2446.8 MiB,4096.0 MiB,2774.5 MiB,1321.5 MiB,14242.3 MiB
Python 3.5.10,nbody.py 50000000,335,1691274163,610891,python,6:32.98,15500,8224,4772,100.0,0.1,1,2,6:32,0,4,3760,23,2000,0,8224,296,2,278,16,0,13.5,0.8,0.0,85.7,0.0,0.0,0.0,0.0,15795.0 MiB,12385.6 MiB,962.5 MiB,2446.8 MiB,4096.0 MiB,2774.5 MiB,1321.5 MiB,14242.3 MiB
Python 3.5.10,nbody.py 50000000,336,1691274164,610891,python,6:34.15,15500,8224,4772,93.8,0.1,1,2,6:34,0,4,3760,23,2000,0,8224,296,2,278,16,0,13.0,0.8,0.0,86.3,0.0,0.0,0.0,0.0,15795.0 MiB,12385.6 MiB,962.5 MiB,2446.8 MiB,4096.0 MiB,2774.5 MiB,1321.5 MiB,14242.3 MiB
Python 3.5.10,nbody.py 50000000,337,1691274165,610891,python,6:35.32,15500,8224,4772,100.0,0.1,1,6,6:35,0,4,3760,23,2000,0,8224,296,2,278,16,0,13.0,0.8,0.0,86.3,0.0,0.0,0.0,0.0,15795.0 MiB,12385.4 MiB,962.8 MiB,2446.8 MiB,4096.0 MiB,2774.5 MiB,1321.5 MiB,14242.1 MiB
Python 3.5.10,nbody.py 50000000,338,1691274166,610891,python,6:36.50,15500,8224,4772,100.0,0.1,1,6,6:36,0,4,3760,23,2000,0,8224,296,2,278,16,0,13.0,0.8,0.0,86.3,0.0,0.0,0.0,0.0,15795.0 MiB,12385.4 MiB,962.8 MiB,2446.8 MiB,4096.0 MiB,2774.5 MiB,1321.5 MiB,14242.1 MiB
Python 3.5.10,nbody.py 50000000,339,1691274168,610891,python,6:37.67,15500,8224,4772,93.8,0.1,1,6,6:37,0,4,3760,23,2000,0,8224,296,2,278,16,0,13.0,0.8,0.0,86.3,0.0,0.0,0.0,0.0,15795.0 MiB,12385.4 MiB,962.8 MiB,2446.8 MiB,4096.0 MiB,2774.5 MiB,1321.5 MiB,14242.1 MiB
Python 3.5.10,nbody.py 50000000,340,1691274169,610891,python,6:38.84,15500,8224,4772,100.0,0.1,1,6,6:38,0,4,3760,23,2000,0,8224,296,2,278,16,0,12.1,1.5,0.0,86.4,0.0,0.0,0.0,0.0,15795.0 MiB,12385.1 MiB,963.0 MiB,2446.8 MiB,4096.0 MiB,2774.5 MiB,1321.5 MiB,14241.8 MiB
Python 3.5.10,nbody.py 50000000,341,1691274170,610891,python,6:40.02,15500,8224,4772,100.0,0.1,1,6,6:40,0,4,3760,23,2000,0,8224,296,2,278,16,0,12.9,0.8,0.0,86.4,0.0,0.0,0.0,0.0,15795.0 MiB,12385.1 MiB,963.0 MiB,2446.8 MiB,4096.0 MiB,2774.5 MiB,1321.5 MiB,14241.8 MiB
Python 3.5.10,nbody.py 50000000,342,1691274171,610891,python,6:41.19,15500,8224,4772,100.0,0.1,1,6,6:41,0,4,3760,23,2000,0,8224,296,2,278,16,0,13.7,0.8,0.0,85.5,0.0,0.0,0.0,0.0,15795.0 MiB,12385.1 MiB,963.0 MiB,2446.8 MiB,4096.0 MiB,2774.5 MiB,1321.5 MiB,14241.8 MiB
Python 3.5.10,nbody.py 50000000,343,1691274172,610891,python,6:42.36,15500,8224,4772,100.0,0.1,1,6,6:42,0,4,3760,23,2000,0,8224,296,2,278,16,0,13.1,0.0,0.0,86.9,0.0,0.0,0.0,0.0,15795.0 MiB,12385.1 MiB,963.0 MiB,2446.8 MiB,4096.0 MiB,2774.5 MiB,1321.5 MiB,14241.8 MiB
Python 3.5.10,nbody.py 50000000,344,1691274173,610891,python,6:43.54,15500,8224,4772,100.0,0.1,1,6,6:43,0,4,3760,23,2000,0,8224,296,2,278,16,0,12.3,0.8,0.0,86.2,0.8,0.0,0.0,0.0,15795.0 MiB,12385.1 MiB,963.0 MiB,2446.8 MiB,4096.0 MiB,2774.5 MiB,1321.5 MiB,14241.8 MiB
Python 3.5.10,nbody.py 50000000,345,1691274175,610891,python,6:44.71,15500,8224,4772,100.0,0.1,1,6,6:44,0,4,3760,23,2000,0,8224,296,2,278,16,0,13.0,0.8,0.0,86.3,0.0,0.0,0.0,0.0,15795.0 MiB,12385.1 MiB,963.0 MiB,2446.9 MiB,4096.0 MiB,2774.5 MiB,1321.5 MiB,14241.8 MiB
Python 3.5.10,nbody.py 50000000,346,1691274176,610891,python,6:45.88,15500,8224,4772,100.0,0.1,1,6,6:45,0,4,3760,23,2000,0,8224,296,2,278,16,0,12.9,0.8,0.0,86.4,0.0,0.0,0.0,0.0,15795.0 MiB,12385.1 MiB,963.0 MiB,2446.9 MiB,4096.0 MiB,2774.5 MiB,1321.5 MiB,14241.8 MiB
Python 3.5.10,nbody.py 50000000,347,1691274177,610891,python,6:47.05,15500,8224,4772,93.8,0.1,1,6,6:47,0,4,3760,23,2000,0,8224,296,2,278,16,0,12.9,1.5,0.0,85.6,0.0,0.0,0.0,0.0,15795.0 MiB,12385.4 MiB,962.8 MiB,2446.9 MiB,4096.0 MiB,2774.5 MiB,1321.5 MiB,14242.1 MiB
Python 3.5.10,nbody.py 50000000,348,1691274178,610891,python,6:48.22,15500,8224,4772,100.0,0.1,1,6,6:48,0,4,3760,23,2000,0,8224,296,2,278,16,0,13.6,0.8,0.0,85.6,0.0,0.0,0.0,0.0,15795.0 MiB,12385.1 MiB,963.0 MiB,2446.9 MiB,4096.0 MiB,2774.5 MiB,1321.5 MiB,14241.8 MiB
Python 3.5.10,nbody.py 50000000,349,1691274179,610891,python,6:49.40,15500,8224,4772,100.0,0.1,1,6,6:49,0,4,3760,23,2000,0,8224,296,2,278,16,0,12.2,0.8,0.0,87.0,0.0,0.0,0.0,0.0,15795.0 MiB,12384.9 MiB,963.2 MiB,2446.9 MiB,4096.0 MiB,2774.5 MiB,1321.5 MiB,14241.6 MiB
Python 3.5.10,nbody.py 50000000,350,1691274180,610891,python,6:50.57,15500,8224,4772,93.8,0.1,1,6,6:50,0,4,3760,23,2000,0,8224,296,2,278,16,0,13.6,0.8,0.0,85.6,0.0,0.0,0.0,0.0,15795.0 MiB,12384.9 MiB,963.2 MiB,2446.9 MiB,4096.0 MiB,2774.5 MiB,1321.5 MiB,14241.6 MiB
Python 3.5.10,nbody.py 50000000,351,1691274182,610891,python,6:51.74,15500,8224,4772,100.0,0.1,1,6,6:51,0,4,3760,23,2000,0,8224,296,2,278,16,0,13.1,0.0,0.0,86.9,0.0,0.0,0.0,0.0,15795.0 MiB,12384.9 MiB,963.2 MiB,2446.9 MiB,4096.0 MiB,2774.5 MiB,1321.5 MiB,14241.6 MiB
Python 3.5.10,nbody.py 50000000,352,1691274183,610891,python,6:52.92,15500,8224,4772,100.0,0.1,1,6,6:52,0,4,3760,23,2000,0,8224,296,2,278,16,0,13.5,0.8,0.0,85.7,0.0,0.0,0.0,0.0,15795.0 MiB,12384.9 MiB,963.2 MiB,2446.9 MiB,4096.0 MiB,2774.5 MiB,1321.5 MiB,14241.6 MiB
Python 3.5.10,nbody.py 50000000,353,1691274184,610891,python,6:54.09,15500,8224,4772,100.0,0.1,1,6,6:54,0,4,3760,23,2000,0,8224,296,2,278,16,0,13.0,0.8,0.0,86.3,0.0,0.0,0.0,0.0,15795.0 MiB,12384.9 MiB,963.2 MiB,2446.9 MiB,4096.0 MiB,2774.5 MiB,1321.5 MiB,14241.6 MiB
Python 3.5.10,nbody.py 50000000,354,1691274185,610891,python,6:55.26,15500,8224,4772,100.0,0.1,1,6,6:55,0,4,3760,23,2000,0,8224,296,2,278,16,0,13.1,0.0,0.0,86.9,0.0,0.0,0.0,0.0,15795.0 MiB,12384.9 MiB,963.2 MiB,2446.9 MiB,4096.0 MiB,2774.5 MiB,1321.5 MiB,14241.6 MiB
Python 3.5.10,nbody.py 50000000,355,1691274186,610891,python,6:56.43,15500,8224,4772,100.0,0.1,1,6,6:56,0,4,3760,23,2000,0,8224,296,2,278,16,0,12.2,1.5,0.0,86.3,0.0,0.0,0.0,0.0,15795.0 MiB,12384.9 MiB,963.2 MiB,2446.9 MiB,4096.0 MiB,2774.5 MiB,1321.5 MiB,14241.6 MiB
Python 3.5.10,nbody.py 50000000,356,1691274187,610891,python,6:57.61,15500,8224,4772,100.0,0.1,1,6,6:57,0,4,3760,23,2000,0,8224,296,2,278,16,0,13.0,0.8,0.0,86.3,0.0,0.0,0.0,0.0,15795.0 MiB,12384.9 MiB,963.2 MiB,2446.9 MiB,4096.0 MiB,2774.5 MiB,1321.5 MiB,14241.6 MiB
Python 3.5.10,nbody.py 50000000,357,1691274189,610891,python,6:58.78,15500,8224,4772,100.0,0.1,1,6,6:58,0,4,3760,23,2000,0,8224,296,2,278,16,0,13.4,1.5,0.0,85.1,0.0,0.0,0.0,0.0,15795.0 MiB,12384.9 MiB,963.2 MiB,2446.9 MiB,4096.0 MiB,2774.5 MiB,1321.5 MiB,14241.6 MiB
Python 3.5.10,nbody.py 50000000,358,1691274190,610891,python,6:59.95,15500,8224,4772,100.0,0.1,1,6,6:59,0,4,3760,23,2000,0,8224,296,2,278,16,0,13.0,0.8,0.0,86.3,0.0,0.0,0.0,0.0,15795.0 MiB,12384.9 MiB,963.2 MiB,2446.9 MiB,4096.0 MiB,2774.5 MiB,1321.5 MiB,14241.6 MiB
Python 3.5.10,nbody.py 50000000,359,1691274191,610891,python,7:01.12,15500,8224,4772,100.0,0.1,1,6,7:01,0,4,3760,23,2000,0,8224,296,2,278,16,0,12.9,1.5,0.0,85.6,0.0,0.0,0.0,0.0,15795.0 MiB,12384.9 MiB,963.2 MiB,2446.9 MiB,4096.0 MiB,2774.5 MiB,1321.5 MiB,14241.6 MiB
Python 3.5.10,nbody.py 50000000,360,1691274192,610891,python,7:02.29,15500,8224,4772,93.8,0.1,1,6,7:02,0,4,3760,23,2000,0,8224,296,2,278,16,0,12.9,0.8,0.0,86.4,0.0,0.0,0.0,0.0,15795.0 MiB,12384.9 MiB,963.2 MiB,2446.9 MiB,4096.0 MiB,2774.5 MiB,1321.5 MiB,14241.6 MiB
Python 3.5.10,nbody.py 50000000,361,1691274193,610891,python,7:03.47,15500,8224,4772,100.0,0.1,1,6,7:03,0,4,3760,23,2000,0,8224,296,2,278,16,0,13.0,0.8,0.0,86.3,0.0,0.0,0.0,0.0,15795.0 MiB,12384.9 MiB,963.2 MiB,2446.9 MiB,4096.0 MiB,2774.5 MiB,1321.5 MiB,14241.6 MiB
Python 3.5.10,nbody.py 50000000,362,1691274194,610891,python,7:04.64,15500,8224,4772,100.0,0.1,1,6,7:04,0,4,3760,23,2000,0,8224,296,2,278,16,0,13.7,0.0,0.0,86.3,0.0,0.0,0.0,0.0,15795.0 MiB,12384.9 MiB,963.2 MiB,2446.9 MiB,4096.0 MiB,2774.5 MiB,1321.5 MiB,14241.6 MiB
Python 3.5.10,nbody.py 50000000,363,1691274196,610891,python,7:05.81,15500,8224,4772,93.8,0.1,1,2,7:05,0,4,3760,23,2000,0,8224,296,3,277,16,0,13.4,0.7,0.0,85.8,0.0,0.0,0.0,0.0,15795.0 MiB,12384.9 MiB,963.2 MiB,2446.9 MiB,4096.0 MiB,2774.5 MiB,1321.5 MiB,14241.6 MiB
Python 3.5.10,nbody.py 50000000,364,1691274197,610891,python,7:06.99,15500,8224,4772,100.0,0.1,1,2,7:06,0,4,3760,23,2000,0,8224,296,2,278,16,0,13.0,0.8,0.0,86.3,0.0,0.0,0.0,0.0,15795.0 MiB,12384.9 MiB,963.2 MiB,2446.9 MiB,4096.0 MiB,2774.5 MiB,1321.5 MiB,14241.6 MiB
Python 3.5.10,nbody.py 50000000,365,1691274198,610891,python,7:08.16,15500,8224,4772,100.0,0.1,1,2,7:08,0,4,3760,23,2000,0,8224,296,2,278,16,0,13.0,0.8,0.0,86.3,0.0,0.0,0.0,0.0,15795.0 MiB,12384.9 MiB,963.2 MiB,2446.9 MiB,4096.0 MiB,2774.5 MiB,1321.5 MiB,14241.6 MiB
Python 3.5.10,nbody.py 50000000,366,1691274199,610891,python,7:09.33,15500,8224,4772,100.0,0.1,1,2,7:09,0,4,3760,23,2000,0,8224,296,2,278,16,0,12.9,0.8,0.0,86.4,0.0,0.0,0.0,0.0,15795.0 MiB,12384.9 MiB,963.2 MiB,2446.9 MiB,4096.0 MiB,2774.5 MiB,1321.5 MiB,14241.7 MiB
Python 3.5.10,nbody.py 50000000,367,1691274200,610891,python,7:10.51,15500,8224,4772,100.0,0.1,1,2,7:10,0,4,3760,23,2000,0,8224,296,2,278,16,0,13.0,0.8,0.0,86.3,0.0,0.0,0.0,0.0,15795.0 MiB,12384.9 MiB,963.2 MiB,2446.9 MiB,4096.0 MiB,2774.5 MiB,1321.5 MiB,14241.7 MiB
Python 3.5.10,nbody.py 50000000,368,1691274202,610891,python,7:11.68,15500,8224,4772,100.0,0.1,1,2,7:11,0,4,3760,23,2000,0,8224,296,2,278,16,0,12.2,1.5,0.0,86.3,0.0,0.0,0.0,0.0,15795.0 MiB,12384.9 MiB,963.2 MiB,2446.9 MiB,4096.0 MiB,2774.5 MiB,1321.5 MiB,14241.7 MiB
Python 3.5.10,nbody.py 50000000,369,1691274203,610891,python,7:12.85,15500,8224,4772,100.0,0.1,1,2,7:12,0,4,3760,23,2000,0,8224,296,2,278,16,0,13.0,0.0,0.0,87.0,0.0,0.0,0.0,0.0,15795.0 MiB,12384.9 MiB,963.2 MiB,2446.9 MiB,4096.0 MiB,2774.5 MiB,1321.5 MiB,14241.7 MiB
Python 3.5.10,nbody.py 50000000,370,1691274204,610891,python,7:14.02,15500,8224,4772,100.0,0.1,1,2,7:14,0,4,3760,23,2000,0,8224,296,2,278,16,0,12.9,1.5,0.0,85.6,0.0,0.0,0.0,0.0,15795.0 MiB,12384.9 MiB,963.2 MiB,2446.9 MiB,4096.0 MiB,2774.5 MiB,1321.5 MiB,14241.7 MiB
Python 3.5.10,nbody.py 50000000,371,1691274205,610891,python,7:15.19,15500,8224,4772,93.8,0.1,1,2,7:15,0,4,3760,23,2000,0,8224,296,2,278,16,0,12.2,1.5,0.0,86.3,0.0,0.0,0.0,0.0,15795.0 MiB,12384.9 MiB,963.2 MiB,2446.9 MiB,4096.0 MiB,2774.5 MiB,1321.5 MiB,14241.7 MiB
Python 3.5.10,nbody.py 50000000,372,1691274206,610891,python,7:16.37,15500,8224,4772,100.0,0.1,1,2,7:16,0,4,3760,23,2000,0,8224,296,2,278,16,0,13.6,0.8,0.0,85.6,0.0,0.0,0.0,0.0,15795.0 MiB,12384.9 MiB,963.2 MiB,2446.9 MiB,4096.0 MiB,2774.5 MiB,1321.5 MiB,14241.7 MiB
Python 3.5.10,nbody.py 50000000,373,1691274207,610891,python,7:17.54,15500,8224,4772,100.0,0.1,1,2,7:17,0,4,3760,23,2000,0,8224,296,2,278,16,0,12.2,1.5,0.0,85.5,0.8,0.0,0.0,0.0,15795.0 MiB,12384.9 MiB,963.2 MiB,2446.9 MiB,4096.0 MiB,2774.5 MiB,1321.5 MiB,14241.7 MiB
Python 3.5.10,nbody.py 50000000,374,1691274209,610891,python,7:18.71,15500,8224,4772,100.0,0.1,1,2,7:18,0,4,3760,23,2000,0,8224,296,2,278,16,0,13.1,0.8,0.0,86.2,0.0,0.0,0.0,0.0,15795.0 MiB,12384.9 MiB,963.2 MiB,2446.9 MiB,4096.0 MiB,2774.5 MiB,1321.5 MiB,14241.7 MiB
Python 3.5.10,nbody.py 50000000,375,1691274210,610891,python,7:19.89,15500,8224,4772,100.0,0.1,1,2,7:19,0,4,3760,23,2000,0,8224,296,2,278,16,0,12.9,1.5,0.0,85.6,0.0,0.0,0.0,0.0,15795.0 MiB,12384.9 MiB,963.2 MiB,2446.9 MiB,4096.0 MiB,2774.5 MiB,1321.5 MiB,14241.7 MiB
Python 3.5.10,nbody.py 50000000,376,1691274211,610891,python,7:21.06,15500,8224,4772,100.0,0.1,1,2,7:21,0,4,3760,23,2000,0,8224,296,2,278,16,0,13.0,0.8,0.0,86.3,0.0,0.0,0.0,0.0,15795.0 MiB,12384.9 MiB,963.2 MiB,2446.9 MiB,4096.0 MiB,2774.5 MiB,1321.5 MiB,14241.7 MiB
Python 3.5.10,nbody.py 50000000,377,1691274212,610891,python,7:22.23,15500,8224,4772,100.0,0.1,1,2,7:22,0,4,3760,23,2000,0,8224,296,2,278,16,0,13.7,0.0,0.0,86.3,0.0,0.0,0.0,0.0,15795.0 MiB,12384.9 MiB,963.2 MiB,2446.9 MiB,4096.0 MiB,2774.5 MiB,1321.5 MiB,14241.7 MiB
Python 3.5.10,nbody.py 50000000,378,1691274213,610891,python,7:23.40,15500,8224,4772,100.0,0.1,1,2,7:23,0,4,3760,23,2000,0,8224,296,2,278,16,0,13.0,0.8,0.0,86.3,0.0,0.0,0.0,0.0,15795.0 MiB,12384.9 MiB,963.2 MiB,2447.0 MiB,4096.0 MiB,2774.5 MiB,1321.5 MiB,14241.7 MiB
Python 3.5.10,nbody.py 50000000,379,1691274214,610891,python,7:24.57,15500,8224,4772,93.8,0.1,1,2,7:24,0,4,3760,23,2000,0,8224,296,2,278,16,0,13.0,0.8,0.0,86.3,0.0,0.0,0.0,0.0,15795.0 MiB,12384.9 MiB,963.2 MiB,2447.0 MiB,4096.0 MiB,2774.5 MiB,1321.5 MiB,14241.7 MiB
Python 3.5.10,nbody.py 50000000,380,1691274216,610891,python,7:25.75,15500,8224,4772,100.0,0.1,1,2,7:25,0,4,3760,23,2000,0,8224,296,2,278,16,0,13.0,1.5,0.0,85.5,0.0,0.0,0.0,0.0,15795.0 MiB,12384.9 MiB,963.1 MiB,2447.0 MiB,4096.0 MiB,2774.5 MiB,1321.5 MiB,14241.7 MiB
Python 3.5.10,nbody.py 50000000,381,1691274217,610891,python,7:26.92,15500,8224,4772,100.0,0.1,1,2,7:26,0,4,3760,23,2000,0,8224,296,2,278,16,0,12.9,1.5,0.0,85.6,0.0,0.0,0.0,0.0,15795.0 MiB,12384.9 MiB,963.1 MiB,2447.0 MiB,4096.0 MiB,2774.5 MiB,1321.5 MiB,14241.7 MiB
Python 3.5.10,nbody.py 50000000,382,1691274218,610891,python,7:28.09,15500,8224,4772,93.8,0.1,1,2,7:28,0,4,3760,23,2000,0,8224,296,2,278,16,0,13.1,0.0,0.0,86.9,0.0,0.0,0.0,0.0,15795.0 MiB,12384.9 MiB,963.1 MiB,2447.0 MiB,4096.0 MiB,2774.5 MiB,1321.5 MiB,14241.7 MiB
Python 3.5.10,nbody.py 50000000,383,1691274219,610891,python,7:29.27,15500,8224,4772,100.0,0.1,1,2,7:29,0,4,3760,23,2000,0,8224,296,2,278,16,0,13.5,0.8,0.0,85.7,0.0,0.0,0.0,0.0,15795.0 MiB,12384.9 MiB,963.1 MiB,2447.0 MiB,4096.0 MiB,2774.5 MiB,1321.5 MiB,14241.7 MiB
Python 3.5.10,nbody.py 50000000,384,1691274220,610891,python,7:30.44,15500,8224,4772,93.8,0.1,1,2,7:30,0,4,3760,23,2000,0,8224,296,2,278,16,0,12.9,0.8,0.0,86.4,0.0,0.0,0.0,0.0,15795.0 MiB,12384.9 MiB,963.1 MiB,2447.0 MiB,4096.0 MiB,2774.5 MiB,1321.5 MiB,14241.7 MiB
Python 3.5.10,nbody.py 50000000,385,1691274221,610891,python,7:31.61,15500,8224,4772,93.8,0.1,1,6,7:31,0,4,3760,23,2000,0,8224,296,2,278,16,0,12.9,0.8,0.0,86.4,0.0,0.0,0.0,0.0,15795.0 MiB,12384.9 MiB,963.1 MiB,2447.0 MiB,4096.0 MiB,2774.5 MiB,1321.5 MiB,14241.7 MiB
Python 3.5.10,nbody.py 50000000,386,1691274223,610891,python,7:32.79,15500,8224,4772,100.0,0.1,1,6,7:32,0,4,3760,23,2000,0,8224,296,2,278,16,0,13.5,1.5,0.0,85.0,0.0,0.0,0.0,0.0,15795.0 MiB,12384.9 MiB,963.1 MiB,2447.0 MiB,4096.0 MiB,2774.5 MiB,1321.5 MiB,14241.7 MiB
Python 3.5.10,nbody.py 50000000,387,1691274224,610891,python,7:33.96,15500,8224,4772,100.0,0.1,1,6,7:33,0,4,3760,23,2000,0,8224,296,2,278,16,0,13.5,1.5,0.0,85.0,0.0,0.0,0.0,0.0,15795.0 MiB,12384.9 MiB,963.1 MiB,2447.0 MiB,4096.0 MiB,2774.5 MiB,1321.5 MiB,14241.7 MiB
Python 3.5.10,nbody.py 50000000,388,1691274225,610891,python,7:35.14,15500,8224,4772,100.0,0.1,1,6,7:35,0,4,3760,23,2000,0,8224,296,2,278,16,0,13.1,0.7,0.0,86.1,0.0,0.0,0.0,0.0,15795.0 MiB,12385.1 MiB,962.9 MiB,2447.0 MiB,4096.0 MiB,2774.5 MiB,1321.5 MiB,14242.0 MiB
Python 3.5.10,nbody.py 50000000,389,1691274226,610891,python,7:36.31,15500,8224,4772,93.8,0.1,1,6,7:36,0,4,3760,23,2000,0,8224,296,2,278,16,0,13.5,1.5,0.0,85.0,0.0,0.0,0.0,0.0,15795.0 MiB,12385.1 MiB,962.9 MiB,2447.0 MiB,4096.0 MiB,2774.5 MiB,1321.5 MiB,14242.0 MiB
Python 3.5.10,nbody.py 50000000,390,1691274227,610891,python,7:37.49,15500,8224,4772,100.0,0.1,1,6,7:37,0,4,3760,23,2000,0,8224,296,2,278,16,0,13.0,0.8,0.0,86.3,0.0,0.0,0.0,0.0,15795.0 MiB,12385.1 MiB,962.9 MiB,2447.0 MiB,4096.0 MiB,2774.5 MiB,1321.5 MiB,14242.0 MiB
Python 3.5.10,nbody.py 50000000,391,1691274228,610891,python,7:38.67,15500,8224,4772,94.1,0.1,1,2,7:38,0,4,3760,23,2000,0,8224,296,2,278,16,0,12.6,1.5,0.0,85.9,0.0,0.0,0.0,0.0,15795.0 MiB,12385.1 MiB,962.9 MiB,2447.0 MiB,4096.0 MiB,2774.5 MiB,1321.5 MiB,14242.0 MiB
Python 3.5.10,nbody.py 50000000,392,1691274230,610891,python,7:39.84,15500,8224,4772,100.0,0.1,1,2,7:39,0,4,3760,23,2000,0,8224,296,2,278,16,0,12.9,0.8,0.0,85.6,0.8,0.0,0.0,0.0,15795.0 MiB,12385.1 MiB,962.9 MiB,2447.0 MiB,4096.0 MiB,2774.5 MiB,1321.5 MiB,14242.0 MiB
Python 3.5.10,nbody.py 50000000,393,1691274231,610891,python,7:41.01,15500,8224,4772,100.0,0.1,1,2,7:41,0,4,3760,23,2000,0,8224,296,2,278,16,0,13.0,0.0,0.0,86.3,0.0,0.0,0.8,0.0,15795.0 MiB,12385.1 MiB,962.9 MiB,2447.0 MiB,4096.0 MiB,2774.5 MiB,1321.5 MiB,14242.0 MiB
Python 3.5.10,nbody.py 50000000,394,1691274232,610891,python,7:42.18,15500,8224,4772,100.0,0.1,1,2,7:42,0,4,3760,23,2000,0,8224,296,2,278,16,0,12.8,1.5,0.0,85.7,0.0,0.0,0.0,0.0,15795.0 MiB,12385.1 MiB,962.9 MiB,2447.0 MiB,4096.0 MiB,2774.5 MiB,1321.5 MiB,14242.0 MiB
