version,appplication,no_measurement,timestamp,pid,command,time,virt,res,shr,percent_cpu,percent_mem,nTH,P,TIME,SWAP,CODE,DATA,nMaj,nMin,nDRT,USED,tasks_total,tasks_running,tasks_sleeping,tasks_stopped,tasks_zombie,cpu_us,cpu_sy,cpu_ni,cpu_id,cpu_wa,cpu_hi,cpu_si,cpu_st,mem_total,mem_free,mem_used,mem_buff_cache,swap_total,swap_free,swap_used,swap_avail,
Python 3.0.1,nbody.py 50000000,0,1691145417,549597,python,0:00.12,14764,7620,4084,75.0,0.0,1,7,0:00,0,4,3988,0,2033,0,7620,297,2,279,16,0,26.5,5.1,0.0,68.4,0.0,0.0,0.0,0.0,15795.0 MiB,4019.0 MiB,2010.7 MiB,9765.2 MiB,4096.0 MiB,4092.2 MiB,3.8 MiB,12986.9 MiB
Python 3.0.1,nbody.py 50000000,1,1691145418,549597,python,0:01.28,14764,7620,4084,100.0,0.0,1,3,0:01,0,4,3988,0,2033,0,7620,297,2,279,16,0,13.1,0.8,0.0,86.2,0.0,0.0,0.0,0.0,15795.0 MiB,4018.1 MiB,2011.5 MiB,9765.4 MiB,4096.0 MiB,4092.2 MiB,3.8 MiB,12986.0 MiB
Python 3.0.1,nbody.py 50000000,2,1691145419,549597,python,0:02.46,14764,7620,4084,100.0,0.0,1,3,0:02,0,4,3988,0,2033,0,7620,297,2,279,16,0,14.6,0.0,0.0,85.4,0.0,0.0,0.0,0.0,15795.0 MiB,4025.5 MiB,2012.0 MiB,9757.5 MiB,4096.0 MiB,4092.2 MiB,3.8 MiB,12993.4 MiB
Python 3.0.1,nbody.py 50000000,3,1691145421,549597,python,0:03.62,14764,7620,4084,100.0,0.0,1,3,0:03,0,4,3988,0,2033,0,7620,297,2,279,16,0,12.5,0.8,0.0,86.7,0.0,0.0,0.0,0.0,15795.0 MiB,4025.5 MiB,2012.0 MiB,9757.5 MiB,4096.0 MiB,4092.2 MiB,3.8 MiB,12993.4 MiB
Python 3.0.1,nbody.py 50000000,4,1691145422,549597,python,0:04.80,14764,7620,4084,100.0,0.0,1,3,0:04,0,4,3988,0,2033,0,7620,297,2,279,16,0,13.0,1.5,0.0,85.5,0.0,0.0,0.0,0.0,15795.0 MiB,4025.8 MiB,2011.8 MiB,9757.5 MiB,4096.0 MiB,4092.2 MiB,3.8 MiB,12993.7 MiB
Python 3.0.1,nbody.py 50000000,5,1691145423,549597,python,0:05.97,14764,7620,4084,100.0,0.0,1,3,0:05,0,4,3988,0,2033,0,7620,297,2,279,16,0,13.7,0.8,0.0,85.5,0.0,0.0,0.0,0.0,15795.0 MiB,4025.0 MiB,2012.5 MiB,9757.5 MiB,4096.0 MiB,4092.2 MiB,3.8 MiB,12993.0 MiB
Python 3.0.1,nbody.py 50000000,6,1691145424,549597,python,0:07.14,14764,7620,4084,100.0,0.0,1,3,0:07,0,4,3988,0,2033,0,7620,297,2,279,16,0,13.1,0.8,0.0,86.2,0.0,0.0,0.0,0.0,15795.0 MiB,4025.0 MiB,2012.5 MiB,9757.5 MiB,4096.0 MiB,4092.2 MiB,3.8 MiB,12993.0 MiB
Python 3.0.1,nbody.py 50000000,7,1691145425,549597,python,0:08.31,14764,7620,4084,100.0,0.0,1,3,0:08,0,4,3988,0,2033,0,7620,297,2,279,16,0,13.0,1.5,0.0,85.5,0.0,0.0,0.0,0.0,15795.0 MiB,4025.3 MiB,2012.2 MiB,9757.5 MiB,4096.0 MiB,4092.2 MiB,3.8 MiB,12993.2 MiB
Python 3.0.1,nbody.py 50000000,8,1691145426,549597,python,0:09.48,14764,7620,4084,100.0,0.0,1,3,0:09,0,4,3988,0,2033,0,7620,297,2,279,16,0,13.7,0.8,0.0,85.5,0.0,0.0,0.0,0.0,15795.0 MiB,4025.3 MiB,2012.2 MiB,9757.5 MiB,4096.0 MiB,4092.2 MiB,3.8 MiB,12993.2 MiB
Python 3.0.1,nbody.py 50000000,9,1691145428,549597,python,0:10.64,14764,7620,4084,100.0,0.0,1,3,0:10,0,4,3988,0,2033,0,7620,297,2,279,16,0,13.1,1.5,0.0,85.4,0.0,0.0,0.0,0.0,15795.0 MiB,4025.5 MiB,2012.0 MiB,9757.5 MiB,4096.0 MiB,4092.2 MiB,3.8 MiB,12993.5 MiB
Python 3.0.1,nbody.py 50000000,10,1691145429,549597,python,0:11.82,14764,7620,4084,100.0,0.0,1,3,0:11,0,4,3988,0,2033,0,7620,297,2,279,16,0,13.0,1.5,0.0,85.5,0.0,0.0,0.0,0.0,15795.0 MiB,4025.5 MiB,2012.0 MiB,9757.5 MiB,4096.0 MiB,4092.2 MiB,3.8 MiB,12993.5 MiB
Python 3.0.1,nbody.py 50000000,11,1691145430,549597,python,0:12.99,14764,7620,4084,100.0,0.0,1,3,0:12,0,4,3988,0,2033,0,7620,297,2,279,16,0,13.1,0.8,0.0,86.2,0.0,0.0,0.0,0.0,15795.0 MiB,4025.5 MiB,2012.0 MiB,9757.5 MiB,4096.0 MiB,4092.2 MiB,3.8 MiB,12993.5 MiB
Python 3.0.1,nbody.py 50000000,12,1691145431,549597,python,0:14.16,14764,7620,4084,100.0,0.0,1,7,0:14,0,4,3988,0,2033,0,7620,297,2,279,16,0,13.0,0.8,0.0,86.3,0.0,0.0,0.0,0.0,15795.0 MiB,4025.8 MiB,2011.7 MiB,9757.5 MiB,4096.0 MiB,4092.2 MiB,3.8 MiB,12993.7 MiB
Python 3.0.1,nbody.py 50000000,13,1691145432,549597,python,0:15.33,14764,7620,4084,100.0,0.0,1,7,0:15,0,4,3988,0,2033,0,7620,297,2,279,16,0,13.0,0.8,0.0,86.3,0.0,0.0,0.0,0.0,15795.0 MiB,4024.8 MiB,2012.7 MiB,9757.5 MiB,4096.0 MiB,4092.2 MiB,3.8 MiB,12992.7 MiB
Python 3.0.1,nbody.py 50000000,14,1691145433,549597,python,0:16.50,14764,7620,4084,100.0,0.0,1,7,0:16,0,4,3988,0,2033,0,7620,297,2,279,16,0,12.3,0.8,0.0,86.9,0.0,0.0,0.0,0.0,15795.0 MiB,4025.0 MiB,2012.5 MiB,9757.5 MiB,4096.0 MiB,4092.2 MiB,3.8 MiB,12993.0 MiB
Python 3.0.1,nbody.py 50000000,15,1691145435,549597,python,0:17.67,14764,7620,4084,100.0,0.0,1,7,0:17,0,4,3988,0,2033,0,7620,297,2,279,16,0,13.7,0.8,0.0,85.5,0.0,0.0,0.0,0.0,15795.0 MiB,4025.0 MiB,2012.4 MiB,9757.5 MiB,4096.0 MiB,4092.2 MiB,3.8 MiB,12993.0 MiB
Python 3.0.1,nbody.py 50000000,16,1691145436,549597,python,0:18.84,14764,7620,4084,100.0,0.0,1,7,0:18,0,4,3988,0,2033,0,7620,297,2,279,16,0,12.4,0.0,0.0,86.8,0.0,0.0,0.8,0.0,15795.0 MiB,4023.6 MiB,2013.9 MiB,9757.5 MiB,4096.0 MiB,4092.2 MiB,3.8 MiB,12991.6 MiB
Python 3.0.1,nbody.py 50000000,17,1691145437,549597,python,0:20.01,14764,7620,4084,100.0,0.0,1,7,0:20,0,4,3988,0,2033,0,7620,297,2,279,16,0,13.7,0.8,0.0,85.5,0.0,0.0,0.0,0.0,15795.0 MiB,4024.1 MiB,2013.4 MiB,9757.5 MiB,4096.0 MiB,4092.2 MiB,3.8 MiB,12992.0 MiB
Python 3.0.1,nbody.py 50000000,18,1691145438,549597,python,0:21.18,14764,7620,4084,100.0,0.0,1,3,0:21,0,4,3988,0,2033,0,7620,297,2,279,16,0,12.5,0.0,0.0,87.5,0.0,0.0,0.0,0.0,15795.0 MiB,4024.3 MiB,2013.2 MiB,9757.5 MiB,4096.0 MiB,4092.2 MiB,3.8 MiB,12992.3 MiB
Python 3.0.1,nbody.py 50000000,19,1691145439,549597,python,0:22.35,14764,7620,4084,100.0,0.0,1,3,0:22,0,4,3988,0,2033,0,7620,297,2,279,16,0,13.8,0.0,0.0,86.2,0.0,0.0,0.0,0.0,15795.0 MiB,4024.3 MiB,2013.2 MiB,9757.5 MiB,4096.0 MiB,4092.2 MiB,3.8 MiB,12992.3 MiB
Python 3.0.1,nbody.py 50000000,20,1691145441,549597,python,0:23.52,14764,7620,4084,93.8,0.0,1,3,0:23,0,4,3988,0,2033,0,7620,297,2,279,16,0,13.2,1.5,0.0,85.3,0.0,0.0,0.0,0.0,15795.0 MiB,4023.6 MiB,2013.9 MiB,9757.5 MiB,4096.0 MiB,4092.2 MiB,3.8 MiB,12991.6 MiB
Python 3.0.1,nbody.py 50000000,21,1691145442,549597,python,0:24.70,14764,7620,4084,100.0,0.0,1,3,0:24,0,4,3988,0,2033,0,7620,297,2,279,16,0,13.1,0.8,0.0,86.2,0.0,0.0,0.0,0.0,15795.0 MiB,4023.3 MiB,2014.1 MiB,9757.5 MiB,4096.0 MiB,4092.2 MiB,3.8 MiB,12991.3 MiB
Python 3.0.1,nbody.py 50000000,22,1691145443,549597,python,0:25.87,14764,7620,4084,100.0,0.0,1,3,0:25,0,4,3988,0,2033,0,7620,297,2,279,16,0,13.2,0.8,0.0,86.0,0.0,0.0,0.0,0.0,15795.0 MiB,4023.3 MiB,2014.1 MiB,9757.5 MiB,4096.0 MiB,4092.2 MiB,3.8 MiB,12991.3 MiB
Python 3.0.1,nbody.py 50000000,23,1691145444,549597,python,0:27.04,14764,7620,4084,100.0,0.0,1,3,0:27,0,4,3988,0,2033,0,7620,297,2,279,16,0,12.3,1.5,0.0,86.2,0.0,0.0,0.0,0.0,15795.0 MiB,4023.3 MiB,2014.1 MiB,9757.5 MiB,4096.0 MiB,4092.2 MiB,3.8 MiB,12991.3 MiB
Python 3.0.1,nbody.py 50000000,24,1691145445,549597,python,0:28.22,14764,7620,4084,100.0,0.0,1,3,0:28,0,4,3988,0,2033,0,7620,297,2,279,16,0,13.1,1.5,0.0,85.4,0.0,0.0,0.0,0.0,15795.0 MiB,4023.1 MiB,2014.4 MiB,9757.5 MiB,4096.0 MiB,4092.2 MiB,3.8 MiB,12991.1 MiB
Python 3.0.1,nbody.py 50000000,25,1691145446,549597,python,0:29.39,14764,7620,4084,100.0,0.0,1,3,0:29,0,4,3988,0,2033,0,7620,297,2,279,16,0,13.0,1.5,0.0,85.5,0.0,0.0,0.0,0.0,15795.0 MiB,4023.3 MiB,2014.1 MiB,9757.5 MiB,4096.0 MiB,4092.2 MiB,3.8 MiB,12991.3 MiB
Python 3.0.1,nbody.py 50000000,26,1691145448,549597,python,0:30.56,14764,7620,4084,100.0,0.0,1,3,0:30,0,4,3988,0,2033,0,7620,297,2,279,16,0,12.5,0.0,0.0,87.5,0.0,0.0,0.0,0.0,15795.0 MiB,4023.6 MiB,2013.9 MiB,9757.5 MiB,4096.0 MiB,4092.2 MiB,3.8 MiB,12991.6 MiB
Python 3.0.1,nbody.py 50000000,27,1691145449,549597,python,0:31.73,14764,7620,4084,100.0,0.0,1,3,0:31,0,4,3988,0,2033,0,7620,297,2,279,16,0,12.4,0.8,0.0,86.8,0.0,0.0,0.0,0.0,15795.0 MiB,4023.3 MiB,2014.1 MiB,9757.5 MiB,4096.0 MiB,4092.2 MiB,3.8 MiB,12991.3 MiB
Python 3.0.1,nbody.py 50000000,28,1691145450,549597,python,0:32.90,14764,7620,4084,100.0,0.0,1,3,0:32,0,4,3988,0,2033,0,7620,297,2,279,16,0,13.2,0.0,0.0,86.8,0.0,0.0,0.0,0.0,15795.0 MiB,4023.6 MiB,2013.9 MiB,9757.5 MiB,4096.0 MiB,4092.2 MiB,3.8 MiB,12991.6 MiB
Python 3.0.1,nbody.py 50000000,29,1691145451,549597,python,0:34.07,14764,7620,4084,100.0,0.0,1,3,0:34,0,4,3988,0,2033,0,7620,297,2,279,16,0,13.1,1.5,0.0,85.4,0.0,0.0,0.0,0.0,15795.0 MiB,4023.6 MiB,2013.8 MiB,9757.6 MiB,4096.0 MiB,4092.2 MiB,3.8 MiB,12991.6 MiB
Python 3.0.1,nbody.py 50000000,30,1691145452,549597,python,0:35.23,14764,7620,4084,93.8,0.0,1,3,0:35,0,4,3988,0,2033,0,7620,297,2,279,16,0,13.7,0.8,0.0,85.5,0.0,0.0,0.0,0.0,15795.0 MiB,4023.6 MiB,2013.8 MiB,9757.6 MiB,4096.0 MiB,4092.2 MiB,3.8 MiB,12991.6 MiB
Python 3.0.1,nbody.py 50000000,31,1691145453,549597,python,0:36.41,14764,7620,4084,100.0,0.0,1,3,0:36,0,4,3988,0,2033,0,7620,297,2,279,16,0,13.1,0.8,0.0,86.2,0.0,0.0,0.0,0.0,15795.0 MiB,4023.6 MiB,2013.8 MiB,9757.6 MiB,4096.0 MiB,4092.2 MiB,3.8 MiB,12991.6 MiB
Python 3.0.1,nbody.py 50000000,32,1691145455,549597,python,0:37.57,14764,7620,4084,93.8,0.0,1,3,0:37,0,4,3988,0,2033,0,7620,297,2,279,16,0,13.1,0.8,0.0,86.2,0.0,0.0,0.0,0.0,15795.0 MiB,4023.8 MiB,2013.6 MiB,9757.6 MiB,4096.0 MiB,4092.2 MiB,3.8 MiB,12991.9 MiB
Python 3.0.1,nbody.py 50000000,33,1691145456,549597,python,0:38.74,14764,7620,4084,93.8,0.0,1,3,0:38,0,4,3988,0,2033,0,7620,297,2,279,16,0,13.1,0.8,0.0,86.2,0.0,0.0,0.0,0.0,15795.0 MiB,4023.8 MiB,2013.6 MiB,9757.6 MiB,4096.0 MiB,4092.2 MiB,3.8 MiB,12991.9 MiB
Python 3.0.1,nbody.py 50000000,34,1691145457,549597,python,0:39.91,14764,7620,4084,93.8,0.0,1,3,0:39,0,4,3988,0,2033,0,7620,297,2,279,16,0,13.1,0.8,0.0,86.2,0.0,0.0,0.0,0.0,15795.0 MiB,4023.8 MiB,2013.6 MiB,9757.6 MiB,4096.0 MiB,4092.2 MiB,3.8 MiB,12991.9 MiB
Python 3.0.1,nbody.py 50000000,35,1691145458,549597,python,0:41.09,14764,7620,4084,100.0,0.0,1,3,0:41,0,4,3988,0,2033,0,7620,297,2,279,16,0,13.1,1.5,0.0,85.4,0.0,0.0,0.0,0.0,15795.0 MiB,4023.8 MiB,2013.6 MiB,9757.6 MiB,4096.0 MiB,4092.2 MiB,3.8 MiB,12991.9 MiB
Python 3.0.1,nbody.py 50000000,36,1691145459,549597,python,0:42.25,14764,7620,4084,93.8,0.0,1,3,0:42,0,4,3988,0,2033,0,7620,297,2,279,16,0,12.5,0.0,0.0,87.5,0.0,0.0,0.0,0.0,15795.0 MiB,4023.8 MiB,2013.6 MiB,9757.6 MiB,4096.0 MiB,4092.2 MiB,3.8 MiB,12991.9 MiB
Python 3.0.1,nbody.py 50000000,37,1691145460,549597,python,0:43.43,14764,7620,4084,100.0,0.0,1,3,0:43,0,4,3988,0,2033,0,7620,297,2,279,16,0,13.0,1.5,0.0,85.5,0.0,0.0,0.0,0.0,15795.0 MiB,4024.1 MiB,2013.3 MiB,9757.6 MiB,4096.0 MiB,4092.2 MiB,3.8 MiB,12992.1 MiB
Python 3.0.1,nbody.py 50000000,38,1691145462,549597,python,0:44.59,14764,7620,4084,93.8,0.0,1,7,0:44,0,4,3988,0,2033,0,7620,297,2,279,16,0,13.2,0.0,0.0,86.8,0.0,0.0,0.0,0.0,15795.0 MiB,4024.1 MiB,2013.3 MiB,9757.6 MiB,4096.0 MiB,4092.2 MiB,3.8 MiB,12992.1 MiB
Python 3.0.1,nbody.py 50000000,39,1691145463,549597,python,0:45.77,14764,7620,4084,100.0,0.0,1,7,0:45,0,4,3988,0,2033,0,7620,297,2,279,16,0,13.0,1.5,0.0,85.5,0.0,0.0,0.0,0.0,15795.0 MiB,4024.3 MiB,2013.0 MiB,9757.6 MiB,4096.0 MiB,4092.2 MiB,3.8 MiB,12992.4 MiB
Python 3.0.1,nbody.py 50000000,40,1691145464,549597,python,0:46.93,14764,7620,4084,93.8,0.0,1,7,0:46,0,4,3988,0,2033,0,7620,297,2,279,16,0,12.4,0.8,0.0,86.8,0.0,0.0,0.0,0.0,15795.0 MiB,4024.1 MiB,2013.3 MiB,9757.6 MiB,4096.0 MiB,4092.2 MiB,3.8 MiB,12992.1 MiB
Python 3.0.1,nbody.py 50000000,41,1691145465,549597,python,0:48.11,14764,7620,4084,100.0,0.0,1,7,0:48,0,4,3988,0,2033,0,7620,297,2,279,16,0,13.1,0.8,0.0,86.2,0.0,0.0,0.0,0.0,15795.0 MiB,4023.8 MiB,2013.6 MiB,9757.6 MiB,4096.0 MiB,4092.2 MiB,3.8 MiB,12991.9 MiB
Python 3.0.1,nbody.py 50000000,42,1691145466,549597,python,0:49.27,14764,7620,4084,93.8,0.0,1,7,0:49,0,4,3988,0,2033,0,7620,297,2,279,16,0,13.2,0.8,0.0,85.3,0.8,0.0,0.0,0.0,15795.0 MiB,4024.1 MiB,2013.3 MiB,9757.6 MiB,4096.0 MiB,4092.2 MiB,3.8 MiB,12992.1 MiB
Python 3.0.1,nbody.py 50000000,43,1691145467,549597,python,0:50.45,14764,7620,4084,100.0,0.0,1,7,0:50,0,4,3988,0,2033,0,7620,297,2,279,16,0,13.1,0.8,0.0,86.2,0.0,0.0,0.0,0.0,15795.0 MiB,4024.1 MiB,2013.3 MiB,9757.6 MiB,4096.0 MiB,4092.2 MiB,3.8 MiB,12992.1 MiB
Python 3.0.1,nbody.py 50000000,44,1691145469,549597,python,0:51.61,14764,7620,4084,93.8,0.0,1,7,0:51,0,4,3988,0,2033,0,7620,297,2,279,16,0,13.0,0.8,0.0,86.3,0.0,0.0,0.0,0.0,15795.0 MiB,4024.3 MiB,2013.1 MiB,9757.6 MiB,4096.0 MiB,4092.2 MiB,3.8 MiB,12992.4 MiB
Python 3.0.1,nbody.py 50000000,45,1691145470,549597,python,0:52.79,14764,7620,4084,100.0,0.0,1,7,0:52,0,4,3988,0,2033,0,7620,297,2,279,16,0,13.1,0.8,0.0,86.2,0.0,0.0,0.0,0.0,15795.0 MiB,4025.1 MiB,2012.3 MiB,9757.6 MiB,4096.0 MiB,4092.2 MiB,3.8 MiB,12993.1 MiB
Python 3.0.1,nbody.py 50000000,46,1691145471,549597,python,0:53.96,14764,7620,4084,100.0,0.0,1,7,0:53,0,4,3988,0,2033,0,7620,297,2,279,16,0,13.0,0.8,0.0,86.3,0.0,0.0,0.0,0.0,15795.0 MiB,4025.6 MiB,2011.8 MiB,9757.6 MiB,4096.0 MiB,4092.2 MiB,3.8 MiB,12993.6 MiB
Python 3.0.1,nbody.py 50000000,47,1691145472,549597,python,0:55.13,14764,7620,4084,100.0,0.0,1,7,0:55,0,4,3988,0,2033,0,7620,297,2,279,16,0,13.0,0.8,0.0,86.3,0.0,0.0,0.0,0.0,15795.0 MiB,4025.6 MiB,2011.8 MiB,9757.6 MiB,4096.0 MiB,4092.2 MiB,3.8 MiB,12993.6 MiB
Python 3.0.1,nbody.py 50000000,48,1691145473,549597,python,0:56.30,14764,7620,4084,100.0,0.0,1,7,0:56,0,4,3988,0,2033,0,7620,297,2,279,16,0,13.2,0.8,0.0,86.0,0.0,0.0,0.0,0.0,15795.0 MiB,4026.1 MiB,2011.3 MiB,9757.6 MiB,4096.0 MiB,4092.2 MiB,3.8 MiB,12994.1 MiB
Python 3.0.1,nbody.py 50000000,49,1691145474,549597,python,0:57.47,14764,7620,4084,100.0,0.0,1,7,0:57,0,4,3988,0,2033,0,7620,297,2,279,16,0,12.4,0.8,0.0,86.8,0.0,0.0,0.0,0.0,15795.0 MiB,4026.1 MiB,2011.3 MiB,9757.6 MiB,4096.0 MiB,4092.2 MiB,3.8 MiB,12994.1 MiB
Python 3.0.1,nbody.py 50000000,50,1691145476,549597,python,0:58.64,14764,7620,4084,100.0,0.0,1,7,0:58,0,4,3988,0,2033,0,7620,297,2,279,16,0,13.7,0.8,0.0,85.5,0.0,0.0,0.0,0.0,15795.0 MiB,4026.3 MiB,2011.1 MiB,9757.6 MiB,4096.0 MiB,4092.2 MiB,3.8 MiB,12994.4 MiB
Python 3.0.1,nbody.py 50000000,51,1691145477,549597,python,0:59.81,14764,7620,4084,100.0,0.0,1,7,0:59,0,4,3988,0,2033,0,7620,297,2,279,16,0,12.4,0.8,0.0,86.8,0.0,0.0,0.0,0.0,15795.0 MiB,4026.5 MiB,2010.8 MiB,9757.6 MiB,4096.0 MiB,4092.2 MiB,3.8 MiB,12994.6 MiB
Python 3.0.1,nbody.py 50000000,52,1691145478,549597,python,1:00.98,14764,7620,4084,100.0,0.0,1,7,1:00,0,4,3988,0,2033,0,7620,297,2,279,16,0,13.7,0.8,0.0,85.5,0.0,0.0,0.0,0.0,15795.0 MiB,4026.3 MiB,2011.1 MiB,9757.6 MiB,4096.0 MiB,4092.2 MiB,3.8 MiB,12994.4 MiB
Python 3.0.1,nbody.py 50000000,53,1691145479,549597,python,1:02.15,14764,7620,4084,100.0,0.0,1,7,1:02,0,4,3988,0,2033,0,7620,297,2,279,16,0,12.4,0.8,0.0,86.8,0.0,0.0,0.0,0.0,15795.0 MiB,4026.6 MiB,2010.8 MiB,9757.6 MiB,4096.0 MiB,4092.2 MiB,3.8 MiB,12994.6 MiB
Python 3.0.1,nbody.py 50000000,54,1691145480,549597,python,1:03.32,14764,7620,4084,100.0,0.0,1,7,1:03,0,4,3988,0,2033,0,7620,297,2,279,16,0,13.6,1.5,0.0,84.8,0.0,0.0,0.0,0.0,15795.0 MiB,4027.3 MiB,2010.2 MiB,9757.5 MiB,4096.0 MiB,4092.2 MiB,3.8 MiB,12995.4 MiB
Python 3.0.1,nbody.py 50000000,55,1691145481,549597,python,1:04.49,14764,7620,4084,100.0,0.0,1,7,1:04,0,4,3988,0,2033,0,7620,297,2,279,16,0,12.3,1.5,0.0,86.2,0.0,0.0,0.0,0.0,15795.0 MiB,4027.5 MiB,2010.0 MiB,9757.5 MiB,4096.0 MiB,4092.2 MiB,3.8 MiB,12995.6 MiB
Python 3.0.1,nbody.py 50000000,56,1691145483,549597,python,1:05.66,14764,7620,4084,100.0,0.0,1,3,1:05,0,4,3988,0,2033,0,7620,297,2,279,16,0,13.6,0.8,0.0,85.6,0.0,0.0,0.0,0.0,15795.0 MiB,4027.5 MiB,2010.0 MiB,9757.5 MiB,4096.0 MiB,4092.2 MiB,3.8 MiB,12995.6 MiB
Python 3.0.1,nbody.py 50000000,57,1691145484,549597,python,1:06.83,14764,7620,4084,100.0,0.0,1,3,1:06,0,4,3988,0,2033,0,7620,297,2,279,16,0,13.1,0.8,0.0,86.2,0.0,0.0,0.0,0.0,15795.0 MiB,4027.5 MiB,2010.0 MiB,9757.5 MiB,4096.0 MiB,4092.2 MiB,3.8 MiB,12995.6 MiB
Python 3.0.1,nbody.py 50000000,58,1691145485,549597,python,1:08.00,14764,7620,4084,100.0,0.0,1,3,1:08,0,4,3988,0,2033,0,7620,297,2,279,16,0,12.4,0.8,0.0,86.8,0.0,0.0,0.0,0.0,15795.0 MiB,4027.3 MiB,2010.2 MiB,9757.5 MiB,4096.0 MiB,4092.2 MiB,3.8 MiB,12995.4 MiB
Python 3.0.1,nbody.py 50000000,59,1691145486,549597,python,1:09.17,14764,7620,4084,100.0,0.0,1,3,1:09,0,4,3988,0,2033,0,7620,297,2,279,16,0,13.0,0.8,0.0,86.3,0.0,0.0,0.0,0.0,15795.0 MiB,4027.5 MiB,2010.0 MiB,9757.5 MiB,4096.0 MiB,4092.2 MiB,3.8 MiB,12995.6 MiB
Python 3.0.1,nbody.py 50000000,60,1691145487,549597,python,1:10.34,14764,7620,4084,100.0,0.0,1,7,1:10,0,4,3988,0,2033,0,7620,297,2,279,16,0,12.4,0.8,0.0,86.8,0.0,0.0,0.0,0.0,15795.0 MiB,4026.8 MiB,2010.7 MiB,9757.5 MiB,4096.0 MiB,4092.2 MiB,3.8 MiB,12994.9 MiB
Python 3.0.1,nbody.py 50000000,61,1691145489,549597,python,1:11.51,14764,7620,4084,100.0,0.0,1,7,1:11,0,4,3988,0,2033,0,7620,297,2,279,16,0,13.1,0.8,0.0,86.2,0.0,0.0,0.0,0.0,15795.0 MiB,4026.6 MiB,2010.9 MiB,9757.5 MiB,4096.0 MiB,4092.2 MiB,3.8 MiB,12994.7 MiB
Python 3.0.1,nbody.py 50000000,62,1691145490,549597,python,1:12.68,14764,7620,4084,93.8,0.0,1,7,1:12,0,4,3988,0,2033,0,7620,297,2,279,16,0,13.0,1.5,0.0,85.5,0.0,0.0,0.0,0.0,15795.0 MiB,4026.8 MiB,2010.7 MiB,9757.5 MiB,4096.0 MiB,4092.2 MiB,3.8 MiB,12994.9 MiB
Python 3.0.1,nbody.py 50000000,63,1691145491,549597,python,1:13.85,14764,7620,4084,100.0,0.0,1,3,1:13,0,4,3988,0,2033,0,7620,297,2,279,16,0,12.4,0.8,0.0,86.8,0.0,0.0,0.0,0.0,15795.0 MiB,4026.8 MiB,2010.7 MiB,9757.5 MiB,4096.0 MiB,4092.2 MiB,3.8 MiB,12994.9 MiB
Python 3.0.1,nbody.py 50000000,64,1691145492,549597,python,1:15.03,14764,7620,4084,100.0,0.0,1,3,1:15,0,4,3988,0,2033,0,7620,297,2,279,16,0,13.8,1.4,0.0,84.8,0.0,0.0,0.0,0.0,15795.0 MiB,4026.8 MiB,2010.7 MiB,9757.5 MiB,4096.0 MiB,4092.2 MiB,3.8 MiB,12994.9 MiB
Python 3.0.1,nbody.py 50000000,65,1691145493,549597,python,1:16.20,14764,7620,4084,93.8,0.0,1,3,1:16,0,4,3988,0,2033,0,7620,297,2,279,16,0,13.0,0.8,0.0,86.3,0.0,0.0,0.0,0.0,15795.0 MiB,4026.8 MiB,2010.7 MiB,9757.5 MiB,4096.0 MiB,4092.2 MiB,3.8 MiB,12994.9 MiB
Python 3.0.1,nbody.py 50000000,66,1691145494,549597,python,1:17.37,14764,7620,4084,100.0,0.0,1,7,1:17,0,4,3988,0,2033,0,7620,297,2,279,16,0,12.3,0.8,0.0,86.2,0.8,0.0,0.0,0.0,15795.0 MiB,4026.8 MiB,2010.7 MiB,9757.5 MiB,4096.0 MiB,4092.2 MiB,3.8 MiB,12994.9 MiB
Python 3.0.1,nbody.py 50000000,67,1691145496,549597,python,1:18.54,14764,7620,4084,100.0,0.0,1,7,1:18,0,4,3988,0,2033,0,7620,297,2,279,16,0,13.1,0.8,0.0,86.2,0.0,0.0,0.0,0.0,15795.0 MiB,4026.6 MiB,2010.9 MiB,9757.5 MiB,4096.0 MiB,4092.2 MiB,3.8 MiB,12994.7 MiB
Python 3.0.1,nbody.py 50000000,68,1691145497,549597,python,1:19.71,14764,7620,4084,100.0,0.0,1,7,1:19,0,4,3988,0,2033,0,7620,298,2,280,16,0,12.3,0.8,0.0,86.9,0.0,0.0,0.0,0.0,15795.0 MiB,4026.6 MiB,2010.9 MiB,9757.5 MiB,4096.0 MiB,4092.2 MiB,3.8 MiB,12994.7 MiB
Python 3.0.1,nbody.py 50000000,69,1691145498,549597,python,1:20.88,14764,7620,4084,100.0,0.0,1,7,1:20,0,4,3988,0,2033,0,7620,298,2,280,16,0,13.7,0.0,0.0,85.5,0.0,0.0,0.8,0.0,15795.0 MiB,4026.6 MiB,2010.9 MiB,9757.5 MiB,4096.0 MiB,4092.2 MiB,3.8 MiB,12994.7 MiB
Python 3.0.1,nbody.py 50000000,70,1691145499,549597,python,1:22.05,14764,7620,4084,100.0,0.0,1,7,1:22,0,4,3988,0,2033,0,7620,298,2,280,16,0,12.4,0.8,0.0,86.8,0.0,0.0,0.0,0.0,15795.0 MiB,4025.8 MiB,2011.6 MiB,9757.5 MiB,4096.0 MiB,4092.2 MiB,3.8 MiB,12994.0 MiB
Python 3.0.1,nbody.py 50000000,71,1691145500,549597,python,1:23.22,14764,7620,4084,100.0,0.0,1,3,1:23,0,4,3988,0,2033,0,7620,297,2,279,16,0,13.1,0.8,0.0,85.4,0.8,0.0,0.0,0.0,15795.0 MiB,4025.8 MiB,2011.6 MiB,9757.5 MiB,4096.0 MiB,4092.2 MiB,3.8 MiB,12994.0 MiB
Python 3.0.1,nbody.py 50000000,72,1691145501,549597,python,1:24.39,14764,7620,4084,100.0,0.0,1,3,1:24,0,4,3988,0,2033,0,7620,297,2,279,16,0,12.5,0.0,0.0,87.5,0.0,0.0,0.0,0.0,15795.0 MiB,4025.8 MiB,2011.6 MiB,9757.5 MiB,4096.0 MiB,4092.2 MiB,3.8 MiB,12994.0 MiB
Python 3.0.1,nbody.py 50000000,73,1691145503,549597,python,1:25.56,14764,7620,4084,100.0,0.0,1,3,1:25,0,4,3988,0,2033,0,7620,297,2,279,16,0,12.9,1.5,0.0,85.6,0.0,0.0,0.0,0.0,15795.0 MiB,4026.1 MiB,2011.4 MiB,9757.5 MiB,4096.0 MiB,4092.2 MiB,3.8 MiB,12994.2 MiB
Python 3.0.1,nbody.py 50000000,74,1691145504,549597,python,1:26.73,14764,7620,4084,100.0,0.0,1,3,1:26,0,4,3988,0,2033,0,7620,297,2,279,16,0,12.4,0.8,0.0,86.8,0.0,0.0,0.0,0.0,15795.0 MiB,4025.8 MiB,2011.6 MiB,9757.5 MiB,4096.0 MiB,4092.2 MiB,3.8 MiB,12994.0 MiB
Python 3.0.1,nbody.py 50000000,75,1691145505,549597,python,1:27.90,14764,7620,4084,100.0,0.0,1,3,1:27,0,4,3988,0,2033,0,7620,297,2,279,16,0,13.0,1.5,0.0,85.5,0.0,0.0,0.0,0.0,15795.0 MiB,4025.8 MiB,2011.6 MiB,9757.5 MiB,4096.0 MiB,4092.2 MiB,3.8 MiB,12994.0 MiB
Python 3.0.1,nbody.py 50000000,76,1691145506,549597,python,1:29.08,14764,7620,4084,100.0,0.0,1,3,1:29,0,4,3988,0,2033,0,7620,298,2,280,16,0,13.2,0.7,0.0,85.3,0.7,0.0,0.0,0.0,15795.0 MiB,4026.1 MiB,2011.4 MiB,9757.5 MiB,4096.0 MiB,4092.2 MiB,3.8 MiB,12994.2 MiB
Python 3.0.1,nbody.py 50000000,77,1691145507,549597,python,1:30.25,14764,7620,4084,100.0,0.0,1,3,1:30,0,4,3988,0,2033,0,7620,298,2,280,16,0,13.1,0.8,0.0,86.2,0.0,0.0,0.0,0.0,15795.0 MiB,4026.1 MiB,2011.4 MiB,9757.5 MiB,4096.0 MiB,4092.2 MiB,3.8 MiB,12994.2 MiB
Python 3.0.1,nbody.py 50000000,78,1691145508,549597,python,1:31.43,14764,7620,4084,100.0,0.0,1,7,1:31,0,4,3988,0,2033,0,7620,298,2,280,16,0,13.2,0.7,0.0,86.0,0.0,0.0,0.0,0.0,15795.0 MiB,4026.3 MiB,2011.1 MiB,9757.6 MiB,4096.0 MiB,4092.2 MiB,3.8 MiB,12994.5 MiB
Python 3.0.1,nbody.py 50000000,79,1691145510,549597,python,1:32.60,14764,7620,4084,100.0,0.0,1,7,1:32,0,4,3988,0,2033,0,7620,297,2,279,16,0,12.4,0.8,0.0,86.8,0.0,0.0,0.0,0.0,15795.0 MiB,4026.8 MiB,2010.6 MiB,9757.6 MiB,4096.0 MiB,4092.2 MiB,3.8 MiB,12995.0 MiB
Python 3.0.1,nbody.py 50000000,80,1691145511,549597,python,1:33.77,14764,7620,4084,100.0,0.0,1,7,1:33,0,4,3988,0,2033,0,7620,297,2,279,16,0,13.0,1.5,0.0,85.5,0.0,0.0,0.0,0.0,15795.0 MiB,4027.1 MiB,2010.4 MiB,9757.6 MiB,4096.0 MiB,4092.2 MiB,3.8 MiB,12995.2 MiB
Python 3.0.1,nbody.py 50000000,81,1691145512,549597,python,1:34.94,14764,7620,4084,100.0,0.0,1,3,1:34,0,4,3988,0,2033,0,7620,298,2,280,16,0,12.4,0.8,0.0,86.8,0.0,0.0,0.0,0.0,15795.0 MiB,4027.5 MiB,2009.9 MiB,9757.6 MiB,4096.0 MiB,4092.2 MiB,3.8 MiB,12995.7 MiB
Python 3.0.1,nbody.py 50000000,82,1691145513,549597,python,1:36.11,14764,7620,4084,100.0,0.0,1,3,1:36,0,4,3988,0,2033,0,7620,298,2,280,16,0,13.0,1.5,0.0,85.5,0.0,0.0,0.0,0.0,15795.0 MiB,4027.3 MiB,2010.1 MiB,9757.6 MiB,4096.0 MiB,4092.2 MiB,3.8 MiB,12995.5 MiB
Python 3.0.1,nbody.py 50000000,83,1691145514,549597,python,1:37.29,14764,7620,4084,100.0,0.0,1,3,1:37,0,4,3988,0,2033,0,7620,298,2,280,16,0,13.0,0.8,0.0,86.3,0.0,0.0,0.0,0.0,15795.0 MiB,4027.3 MiB,2010.1 MiB,9757.6 MiB,4096.0 MiB,4092.2 MiB,3.8 MiB,12995.5 MiB
Python 3.0.1,nbody.py 50000000,84,1691145515,549597,python,1:38.45,14764,7620,4084,93.8,0.0,1,7,1:38,0,4,3988,0,2033,0,7620,297,2,279,16,0,12.5,0.0,0.0,87.5,0.0,0.0,0.0,0.0,15795.0 MiB,4027.8 MiB,2009.6 MiB,9757.6 MiB,4096.0 MiB,4092.2 MiB,3.8 MiB,12996.0 MiB
Python 3.0.1,nbody.py 50000000,85,1691145517,549597,python,1:39.62,14764,7620,4084,93.8,0.0,1,7,1:39,0,4,3988,0,2033,0,7620,297,2,279,16,0,13.1,0.8,0.0,86.2,0.0,0.0,0.0,0.0,15795.0 MiB,4027.8 MiB,2009.6 MiB,9757.6 MiB,4096.0 MiB,4092.2 MiB,3.8 MiB,12996.0 MiB
Python 3.0.1,nbody.py 50000000,86,1691145518,549597,python,1:40.79,14764,7620,4084,93.8,0.0,1,7,1:40,0,4,3988,0,2033,0,7620,297,2,279,16,0,12.4,0.0,0.0,87.6,0.0,0.0,0.0,0.0,15795.0 MiB,4028.0 MiB,2009.4 MiB,9757.6 MiB,4096.0 MiB,4092.2 MiB,3.8 MiB,12996.3 MiB
Python 3.0.1,nbody.py 50000000,87,1691145519,549597,python,1:41.96,14764,7620,4084,93.8,0.0,1,7,1:41,0,4,3988,0,2033,0,7620,297,2,279,16,0,13.1,0.8,0.0,85.4,0.8,0.0,0.0,0.0,15795.0 MiB,4028.3 MiB,2009.1 MiB,9757.6 MiB,4096.0 MiB,4092.2 MiB,3.8 MiB,12996.5 MiB
Python 3.0.1,nbody.py 50000000,88,1691145520,549597,python,1:43.14,14764,7620,4084,100.0,0.0,1,7,1:43,0,4,3988,0,2033,0,7620,297,2,279,16,0,13.6,0.8,0.0,85.6,0.0,0.0,0.0,0.0,15795.0 MiB,4027.8 MiB,2009.6 MiB,9757.6 MiB,4096.0 MiB,4092.2 MiB,3.8 MiB,12996.0 MiB
Python 3.0.1,nbody.py 50000000,89,1691145521,549597,python,1:44.30,14764,7620,4084,93.8,0.0,1,7,1:44,0,4,3988,0,2033,0,7620,297,2,279,16,0,12.5,0.0,0.0,87.5,0.0,0.0,0.0,0.0,15795.0 MiB,4027.8 MiB,2009.6 MiB,9757.6 MiB,4096.0 MiB,4092.2 MiB,3.8 MiB,12996.0 MiB
Python 3.0.1,nbody.py 50000000,90,1691145522,549597,python,1:45.48,14764,7620,4084,100.0,0.0,1,7,1:45,0,4,3988,0,2033,0,7620,297,2,279,16,0,12.3,1.5,0.0,86.2,0.0,0.0,0.0,0.0,15795.0 MiB,4027.8 MiB,2009.6 MiB,9757.6 MiB,4096.0 MiB,4092.2 MiB,3.8 MiB,12996.0 MiB
Python 3.0.1,nbody.py 50000000,91,1691145524,549597,python,1:46.64,14764,7620,4084,93.8,0.0,1,7,1:46,0,4,3988,0,2033,0,7620,297,2,279,16,0,13.0,1.5,0.0,85.5,0.0,0.0,0.0,0.0,15795.0 MiB,4027.8 MiB,2009.6 MiB,9757.6 MiB,4096.0 MiB,4092.2 MiB,3.8 MiB,12996.0 MiB
Python 3.0.1,nbody.py 50000000,92,1691145525,549597,python,1:47.82,14764,7620,4084,100.0,0.0,1,7,1:47,0,4,3988,0,2033,0,7620,297,2,279,16,0,13.7,0.8,0.0,85.5,0.0,0.0,0.0,0.0,15795.0 MiB,4027.6 MiB,2009.8 MiB,9757.6 MiB,4096.0 MiB,4092.2 MiB,3.8 MiB,12995.8 MiB
Python 3.0.1,nbody.py 50000000,93,1691145526,549597,python,1:48.99,14764,7620,4084,100.0,0.0,1,7,1:48,0,4,3988,0,2033,0,7620,297,2,279,16,0,12.3,1.5,0.0,86.2,0.0,0.0,0.0,0.0,15795.0 MiB,4027.6 MiB,2009.8 MiB,9757.6 MiB,4096.0 MiB,4092.2 MiB,3.8 MiB,12995.8 MiB
Python 3.0.1,nbody.py 50000000,94,1691145527,549597,python,1:50.16,14764,7620,4084,100.0,0.0,1,7,1:50,0,4,3988,0,2033,0,7620,297,2,279,16,0,12.4,0.8,0.0,86.8,0.0,0.0,0.0,0.0,15795.0 MiB,4026.8 MiB,2010.6 MiB,9757.6 MiB,4096.0 MiB,4092.2 MiB,3.8 MiB,12995.0 MiB
Python 3.0.1,nbody.py 50000000,95,1691145528,549597,python,1:51.33,14764,7620,4084,100.0,0.0,1,7,1:51,0,4,3988,0,2033,0,7620,297,2,279,16,0,12.9,0.8,0.0,86.4,0.0,0.0,0.0,0.0,15795.0 MiB,4026.6 MiB,2010.8 MiB,9757.6 MiB,4096.0 MiB,4092.2 MiB,3.8 MiB,12994.8 MiB
Python 3.0.1,nbody.py 50000000,96,1691145529,549597,python,1:52.50,14764,7620,4084,100.0,0.0,1,7,1:52,0,4,3988,0,2033,0,7620,296,2,278,16,0,12.2,0.8,0.0,87.0,0.0,0.0,0.0,0.0,15795.0 MiB,4026.8 MiB,2010.6 MiB,9757.6 MiB,4096.0 MiB,4092.2 MiB,3.8 MiB,12995.0 MiB
Python 3.0.1,nbody.py 50000000,97,1691145531,549597,python,1:53.68,14764,7620,4084,100.0,0.0,1,7,1:53,0,4,3988,0,2033,0,7620,296,2,278,16,0,13.0,0.8,0.0,86.3,0.0,0.0,0.0,0.0,15795.0 MiB,4026.8 MiB,2010.6 MiB,9757.6 MiB,4096.0 MiB,4092.2 MiB,3.8 MiB,12995.0 MiB
Python 3.0.1,nbody.py 50000000,98,1691145532,549597,python,1:54.85,14764,7620,4084,100.0,0.0,1,7,1:54,0,4,3988,0,2033,0,7620,296,2,278,16,0,12.3,0.8,0.0,86.9,0.0,0.0,0.0,0.0,15795.0 MiB,4027.1 MiB,2010.3 MiB,9757.6 MiB,4096.0 MiB,4092.2 MiB,3.8 MiB,12995.3 MiB
Python 3.0.1,nbody.py 50000000,99,1691145533,549597,python,1:56.02,14764,7620,4084,100.0,0.0,1,7,1:56,0,4,3988,0,2033,0,7620,296,2,278,16,0,13.6,0.8,0.0,85.6,0.0,0.0,0.0,0.0,15795.0 MiB,4027.1 MiB,2010.3 MiB,9757.6 MiB,4096.0 MiB,4092.2 MiB,3.8 MiB,12995.3 MiB
Python 3.0.1,nbody.py 50000000,100,1691145534,549597,python,1:57.19,14764,7620,4084,100.0,0.0,1,3,1:57,0,4,3988,0,2033,0,7620,296,2,278,16,0,13.0,0.8,0.0,86.3,0.0,0.0,0.0,0.0,15795.0 MiB,4027.6 MiB,2009.8 MiB,9757.6 MiB,4096.0 MiB,4092.2 MiB,3.8 MiB,12995.8 MiB
Python 3.0.1,nbody.py 50000000,101,1691145535,549597,python,1:58.36,14764,7620,4084,93.8,0.0,1,3,1:58,0,4,3988,0,2033,0,7620,296,2,278,16,0,12.9,0.8,0.0,86.4,0.0,0.0,0.0,0.0,15795.0 MiB,4027.6 MiB,2009.8 MiB,9757.6 MiB,4096.0 MiB,4092.2 MiB,3.8 MiB,12995.8 MiB
Python 3.0.1,nbody.py 50000000,102,1691145537,549597,python,1:59.54,14764,7620,4084,100.0,0.0,1,3,1:59,0,4,3988,0,2033,0,7620,296,2,278,16,0,13.1,0.0,0.0,86.9,0.0,0.0,0.0,0.0,15795.0 MiB,4027.8 MiB,2009.6 MiB,9757.6 MiB,4096.0 MiB,4092.2 MiB,3.8 MiB,12996.0 MiB
Python 3.0.1,nbody.py 50000000,103,1691145538,549597,python,2:00.71,14764,7620,4084,100.0,0.0,1,3,2:00,0,4,3988,0,2033,0,7620,296,2,278,16,0,13.6,0.8,0.0,85.6,0.0,0.0,0.0,0.0,15795.0 MiB,4027.8 MiB,2009.6 MiB,9757.6 MiB,4096.0 MiB,4092.2 MiB,3.8 MiB,12996.0 MiB
Python 3.0.1,nbody.py 50000000,104,1691145539,549597,python,2:01.88,14764,7620,4084,100.0,0.0,1,3,2:01,0,4,3988,0,2033,0,7620,296,2,278,16,0,13.0,0.8,0.0,86.3,0.0,0.0,0.0,0.0,15795.0 MiB,4027.8 MiB,2009.6 MiB,9757.6 MiB,4096.0 MiB,4092.2 MiB,3.8 MiB,12996.0 MiB
Python 3.0.1,nbody.py 50000000,105,1691145540,549597,python,2:03.06,14764,7620,4084,100.0,0.0,1,7,2:03,0,4,3988,0,2033,0,7620,296,2,278,16,0,13.0,0.8,0.0,86.3,0.0,0.0,0.0,0.0,15795.0 MiB,4027.8 MiB,2009.6 MiB,9757.6 MiB,4096.0 MiB,4092.2 MiB,3.8 MiB,12996.0 MiB
Python 3.0.1,nbody.py 50000000,106,1691145541,549597,python,2:04.24,14764,7620,4084,100.0,0.0,1,7,2:04,0,4,3988,0,2033,0,7620,296,2,278,16,0,13.1,1.5,0.0,85.4,0.0,0.0,0.0,0.0,15795.0 MiB,4027.1 MiB,2010.3 MiB,9757.6 MiB,4096.0 MiB,4092.2 MiB,3.8 MiB,12995.3 MiB
Python 3.0.1,nbody.py 50000000,107,1691145542,549597,python,2:05.41,14764,7620,4084,100.0,0.0,1,7,2:05,0,4,3988,0,2033,0,7620,296,2,278,16,0,12.3,0.8,0.0,86.9,0.0,0.0,0.0,0.0,15795.0 MiB,4027.6 MiB,2009.8 MiB,9757.6 MiB,4096.0 MiB,4092.2 MiB,3.8 MiB,12995.8 MiB
Python 3.0.1,nbody.py 50000000,108,1691145544,549597,python,2:06.58,14764,7620,4084,100.0,0.0,1,3,2:06,0,4,3988,0,2033,0,7620,296,2,278,16,0,12.9,0.8,0.0,86.4,0.0,0.0,0.0,0.0,15795.0 MiB,4027.8 MiB,2009.6 MiB,9757.6 MiB,4096.0 MiB,4092.2 MiB,3.8 MiB,12996.1 MiB
Python 3.0.1,nbody.py 50000000,109,1691145545,549597,python,2:07.75,14764,7620,4084,100.0,0.0,1,3,2:07,0,4,3988,0,2033,0,7620,296,2,278,16,0,13.0,0.8,0.0,86.3,0.0,0.0,0.0,0.0,15795.0 MiB,4028.1 MiB,2009.3 MiB,9757.6 MiB,4096.0 MiB,4092.2 MiB,3.8 MiB,12996.3 MiB
Python 3.0.1,nbody.py 50000000,110,1691145546,549597,python,2:08.92,14764,7620,4084,93.8,0.0,1,3,2:08,0,4,3988,0,2033,0,7620,296,2,278,16,0,13.0,0.8,0.0,86.3,0.0,0.0,0.0,0.0,15795.0 MiB,4028.3 MiB,2009.1 MiB,9757.6 MiB,4096.0 MiB,4092.2 MiB,3.8 MiB,12996.6 MiB
Python 3.0.1,nbody.py 50000000,111,1691145547,549597,python,2:10.10,14764,7620,4084,100.0,0.0,1,3,2:10,0,4,3988,0,2033,0,7620,296,2,278,16,0,12.9,0.8,0.0,86.4,0.0,0.0,0.0,0.0,15795.0 MiB,4028.3 MiB,2009.0 MiB,9757.6 MiB,4096.0 MiB,4092.2 MiB,3.8 MiB,12996.6 MiB
Python 3.0.1,nbody.py 50000000,112,1691145548,549597,python,2:11.27,14764,7620,4084,100.0,0.0,1,3,2:11,0,4,3988,0,2033,0,7620,296,2,278,16,0,13.1,0.0,0.0,86.2,0.8,0.0,0.0,0.0,15795.0 MiB,4028.5 MiB,2008.8 MiB,9757.6 MiB,4096.0 MiB,4092.2 MiB,3.8 MiB,12996.8 MiB
Python 3.0.1,nbody.py 50000000,113,1691145549,549597,python,2:12.44,14764,7620,4084,100.0,0.0,1,3,2:12,0,4,3988,0,2033,0,7620,296,2,278,16,0,13.0,0.8,0.0,86.3,0.0,0.0,0.0,0.0,15795.0 MiB,4028.5 MiB,2008.8 MiB,9757.6 MiB,4096.0 MiB,4092.2 MiB,3.8 MiB,12996.8 MiB
Python 3.0.1,nbody.py 50000000,114,1691145551,549597,python,2:13.61,14764,7620,4084,93.8,0.0,1,3,2:13,0,4,3988,0,2033,0,7620,296,2,278,16,0,13.0,0.8,0.0,86.3,0.0,0.0,0.0,0.0,15795.0 MiB,4028.5 MiB,2008.8 MiB,9757.6 MiB,4096.0 MiB,4092.2 MiB,3.8 MiB,12996.8 MiB
Python 3.0.1,nbody.py 50000000,115,1691145552,549597,python,2:14.78,14764,7620,4084,93.8,0.0,1,3,2:14,0,4,3988,0,2033,0,7620,296,2,278,16,0,13.7,0.0,0.0,86.3,0.0,0.0,0.0,0.0,15795.0 MiB,4028.5 MiB,2008.8 MiB,9757.6 MiB,4096.0 MiB,4092.2 MiB,3.8 MiB,12996.8 MiB
Python 3.0.1,nbody.py 50000000,116,1691145553,549597,python,2:15.96,14764,7620,4084,100.0,0.0,1,7,2:15,0,4,3988,0,2033,0,7620,296,2,278,16,0,13.1,0.0,0.0,86.9,0.0,0.0,0.0,0.0,15795.0 MiB,4028.5 MiB,2008.8 MiB,9757.6 MiB,4096.0 MiB,4092.2 MiB,3.8 MiB,12996.8 MiB
Python 3.0.1,nbody.py 50000000,117,1691145554,549597,python,2:17.13,14764,7620,4084,100.0,0.0,1,7,2:17,0,4,3988,0,2033,0,7620,296,2,278,16,0,12.8,1.5,0.0,85.7,0.0,0.0,0.0,0.0,15795.0 MiB,4028.3 MiB,2009.0 MiB,9757.6 MiB,4096.0 MiB,4092.2 MiB,3.8 MiB,12996.6 MiB
Python 3.0.1,nbody.py 50000000,118,1691145555,549597,python,2:18.30,14764,7620,4084,93.8,0.0,1,7,2:18,0,4,3988,0,2033,0,7620,296,2,278,16,0,13.0,0.8,0.0,86.3,0.0,0.0,0.0,0.0,15795.0 MiB,4028.5 MiB,2008.8 MiB,9757.7 MiB,4096.0 MiB,4092.2 MiB,3.8 MiB,12996.8 MiB
Python 3.0.1,nbody.py 50000000,119,1691145556,549597,python,2:19.48,14764,7620,4084,100.0,0.0,1,7,2:19,0,4,3988,0,2033,0,7620,296,2,278,16,0,13.0,0.8,0.0,86.3,0.0,0.0,0.0,0.0,15795.0 MiB,4028.5 MiB,2008.8 MiB,9757.7 MiB,4096.0 MiB,4092.2 MiB,3.8 MiB,12996.8 MiB
Python 3.0.1,nbody.py 50000000,120,1691145558,549597,python,2:20.65,14764,7620,4084,100.0,0.0,1,7,2:20,0,4,3988,0,2033,0,7620,296,2,278,16,0,12.2,1.5,0.0,86.3,0.0,0.0,0.0,0.0,15795.0 MiB,4028.5 MiB,2008.8 MiB,9757.7 MiB,4096.0 MiB,4092.2 MiB,3.8 MiB,12996.8 MiB
Python 3.0.1,nbody.py 50000000,121,1691145559,549597,python,2:21.82,14764,7620,4084,100.0,0.0,1,7,2:21,0,4,3988,0,2033,0,7620,296,2,278,16,0,12.1,1.5,0.0,86.4,0.0,0.0,0.0,0.0,15795.0 MiB,4028.5 MiB,2008.8 MiB,9757.7 MiB,4096.0 MiB,4092.2 MiB,3.8 MiB,12996.8 MiB
Python 3.0.1,nbody.py 50000000,122,1691145560,549597,python,2:22.99,14764,7620,4084,100.0,0.0,1,7,2:22,0,4,3988,0,2033,0,7620,296,2,278,16,0,13.0,0.8,0.0,86.3,0.0,0.0,0.0,0.0,15795.0 MiB,4028.8 MiB,2008.5 MiB,9757.7 MiB,4096.0 MiB,4092.2 MiB,3.8 MiB,12997.1 MiB
Python 3.0.1,nbody.py 50000000,123,1691145561,549597,python,2:24.16,14764,7620,4084,93.8,0.0,1,7,2:24,0,4,3988,0,2033,0,7620,296,2,278,16,0,12.9,0.8,0.0,86.4,0.0,0.0,0.0,0.0,15795.0 MiB,4028.8 MiB,2008.5 MiB,9757.7 MiB,4096.0 MiB,4092.2 MiB,3.8 MiB,12997.1 MiB
Python 3.0.1,nbody.py 50000000,124,1691145562,549597,python,2:25.34,14764,7620,4084,100.0,0.0,1,7,2:25,0,4,3988,0,2033,0,7620,296,2,278,16,0,12.4,0.0,0.0,87.6,0.0,0.0,0.0,0.0,15795.0 MiB,4028.8 MiB,2008.5 MiB,9757.7 MiB,4096.0 MiB,4092.2 MiB,3.8 MiB,12997.1 MiB
Python 3.0.1,nbody.py 50000000,125,1691145564,549597,python,2:26.51,14764,7620,4084,100.0,0.0,1,7,2:26,0,4,3988,0,2033,0,7620,296,2,278,16,0,12.9,1.5,0.0,85.6,0.0,0.0,0.0,0.0,15795.0 MiB,4029.0 MiB,2008.2 MiB,9757.7 MiB,4096.0 MiB,4092.2 MiB,3.8 MiB,12997.4 MiB
Python 3.0.1,nbody.py 50000000,126,1691145565,549597,python,2:27.68,14764,7620,4084,100.0,0.0,1,7,2:27,0,4,3988,0,2033,0,7620,296,2,278,16,0,13.4,1.5,0.0,84.3,0.7,0.0,0.0,0.0,15795.0 MiB,4028.8 MiB,2008.5 MiB,9757.7 MiB,4096.0 MiB,4092.2 MiB,3.8 MiB,12997.1 MiB
Python 3.0.1,nbody.py 50000000,127,1691145566,549597,python,2:28.86,14764,7620,4084,100.0,0.0,1,7,2:28,0,4,3988,0,2033,0,7620,296,2,278,16,0,12.9,1.5,0.0,85.6,0.0,0.0,0.0,0.0,15795.0 MiB,4028.8 MiB,2008.5 MiB,9757.7 MiB,4096.0 MiB,4092.2 MiB,3.8 MiB,12997.1 MiB
Python 3.0.1,nbody.py 50000000,128,1691145567,549597,python,2:30.03,14764,7620,4084,100.0,0.0,1,7,2:30,0,4,3988,0,2033,0,7620,296,2,278,16,0,12.2,1.5,0.0,86.3,0.0,0.0,0.0,0.0,15795.0 MiB,4028.6 MiB,2008.7 MiB,9757.7 MiB,4096.0 MiB,4092.2 MiB,3.8 MiB,12996.9 MiB
Python 3.0.1,nbody.py 50000000,129,1691145568,549597,python,2:31.20,14764,7620,4084,100.0,0.0,1,7,2:31,0,4,3988,0,2033,0,7620,296,2,278,16,0,13.0,0.8,0.0,86.3,0.0,0.0,0.0,0.0,15795.0 MiB,4028.6 MiB,2008.7 MiB,9757.7 MiB,4096.0 MiB,4092.2 MiB,3.8 MiB,12996.9 MiB
Python 3.0.1,nbody.py 50000000,130,1691145569,549597,python,2:32.37,14764,7620,4084,100.0,0.0,1,7,2:32,0,4,3988,0,2033,0,7620,296,2,278,16,0,12.9,1.5,0.0,85.6,0.0,0.0,0.0,0.0,15795.0 MiB,4028.8 MiB,2008.5 MiB,9757.7 MiB,4096.0 MiB,4092.2 MiB,3.8 MiB,12997.2 MiB
Python 3.0.1,nbody.py 50000000,131,1691145571,549597,python,2:33.54,14764,7620,4084,93.8,0.0,1,7,2:33,0,4,3988,0,2033,0,7620,296,2,278,16,0,12.2,1.5,0.0,86.3,0.0,0.0,0.0,0.0,15795.0 MiB,4028.3 MiB,2008.9 MiB,9757.7 MiB,4096.0 MiB,4092.2 MiB,3.8 MiB,12996.7 MiB
Python 3.0.1,nbody.py 50000000,132,1691145572,549597,python,2:34.72,14764,7620,4084,100.0,0.0,1,7,2:34,0,4,3988,0,2033,0,7620,296,2,278,16,0,13.0,0.8,0.0,86.3,0.0,0.0,0.0,0.0,15795.0 MiB,4028.3 MiB,2008.9 MiB,9757.7 MiB,4096.0 MiB,4092.2 MiB,3.8 MiB,12996.7 MiB
Python 3.0.1,nbody.py 50000000,133,1691145573,549597,python,2:35.89,14764,7620,4084,100.0,0.0,1,7,2:35,0,4,3988,0,2033,0,7620,296,2,278,16,0,13.6,0.8,0.0,85.6,0.0,0.0,0.0,0.0,15795.0 MiB,4028.6 MiB,2008.7 MiB,9757.7 MiB,4096.0 MiB,4092.2 MiB,3.8 MiB,12996.9 MiB
Python 3.0.1,nbody.py 50000000,134,1691145574,549597,python,2:37.06,14764,7620,4084,100.0,0.0,1,7,2:37,0,4,3988,0,2033,0,7620,296,2,278,16,0,12.8,1.5,0.0,85.7,0.0,0.0,0.0,0.0,15795.0 MiB,4028.3 MiB,2008.9 MiB,9757.8 MiB,4096.0 MiB,4092.2 MiB,3.8 MiB,12996.7 MiB
Python 3.0.1,nbody.py 50000000,135,1691145575,549597,python,2:38.24,14764,7620,4084,100.0,0.0,1,7,2:38,0,4,3988,0,2033,0,7620,296,2,278,16,0,13.0,0.8,0.0,85.5,0.8,0.0,0.0,0.0,15795.0 MiB,4028.3 MiB,2008.9 MiB,9757.8 MiB,4096.0 MiB,4092.2 MiB,3.8 MiB,12996.7 MiB
Python 3.0.1,nbody.py 50000000,136,1691145576,549597,python,2:39.41,14764,7620,4084,100.0,0.0,1,7,2:39,0,4,3988,0,2033,0,7620,296,2,278,16,0,12.3,0.8,0.0,86.9,0.0,0.0,0.0,0.0,15795.0 MiB,4028.8 MiB,2008.4 MiB,9757.8 MiB,4096.0 MiB,4092.2 MiB,3.8 MiB,12997.2 MiB
Python 3.0.1,nbody.py 50000000,137,1691145578,549597,python,2:40.58,14764,7620,4084,100.0,0.0,1,7,2:40,0,4,3988,0,2033,0,7620,296,2,278,16,0,13.0,0.8,0.0,86.3,0.0,0.0,0.0,0.0,15795.0 MiB,4028.8 MiB,2008.4 MiB,9757.8 MiB,4096.0 MiB,4092.2 MiB,3.8 MiB,12997.2 MiB
Python 3.0.1,nbody.py 50000000,138,1691145579,549597,python,2:41.76,14764,7620,4084,100.0,0.0,1,7,2:41,0,4,3988,0,2033,0,7620,296,2,278,16,0,12.6,1.5,0.0,85.9,0.0,0.0,0.0,0.0,15795.0 MiB,4028.3 MiB,2008.9 MiB,9757.8 MiB,4096.0 MiB,4092.2 MiB,3.8 MiB,12996.7 MiB
Python 3.0.1,nbody.py 50000000,139,1691145580,549597,python,2:42.93,14764,7620,4084,100.0,0.0,1,7,2:42,0,4,3988,0,2033,0,7620,296,2,278,16,0,13.0,0.8,0.0,86.3,0.0,0.0,0.0,0.0,15795.0 MiB,4028.6 MiB,2008.6 MiB,9757.8 MiB,4096.0 MiB,4092.2 MiB,3.8 MiB,12997.0 MiB
Python 3.0.1,nbody.py 50000000,140,1691145581,549597,python,2:44.10,14764,7620,4084,100.0,0.0,1,7,2:44,0,4,3988,0,2033,0,7620,296,2,278,16,0,12.9,1.5,0.0,85.6,0.0,0.0,0.0,0.0,15795.0 MiB,4028.1 MiB,2009.1 MiB,9757.8 MiB,4096.0 MiB,4092.2 MiB,3.8 MiB,12996.5 MiB
Python 3.0.1,nbody.py 50000000,141,1691145582,549597,python,2:45.28,14764,7620,4084,100.0,0.0,1,3,2:45,0,4,3988,0,2033,0,7620,296,2,278,16,0,12.1,1.5,0.0,86.4,0.0,0.0,0.0,0.0,15795.0 MiB,4028.3 MiB,2008.9 MiB,9757.8 MiB,4096.0 MiB,4092.2 MiB,3.8 MiB,12996.7 MiB
Python 3.0.1,nbody.py 50000000,142,1691145583,549597,python,2:46.45,14764,7620,4084,100.0,0.0,1,3,2:46,0,4,3988,0,2033,0,7620,296,2,278,16,0,12.2,0.8,0.0,87.0,0.0,0.0,0.0,0.0,15795.0 MiB,4028.3 MiB,2008.9 MiB,9757.8 MiB,4096.0 MiB,4092.2 MiB,3.8 MiB,12996.7 MiB
Python 3.0.1,nbody.py 50000000,143,1691145585,549597,python,2:47.62,14764,7620,4084,100.0,0.0,1,3,2:47,0,4,3988,0,2033,0,7620,296,2,278,16,0,13.0,0.8,0.0,86.3,0.0,0.0,0.0,0.0,15795.0 MiB,4028.1 MiB,2009.1 MiB,9757.8 MiB,4096.0 MiB,4092.2 MiB,3.8 MiB,12996.5 MiB
Python 3.0.1,nbody.py 50000000,144,1691145586,549597,python,2:48.79,14764,7620,4084,100.0,0.0,1,3,2:48,0,4,3988,0,2033,0,7620,296,2,278,16,0,13.1,0.8,0.0,86.2,0.0,0.0,0.0,0.0,15795.0 MiB,4028.1 MiB,2009.1 MiB,9757.8 MiB,4096.0 MiB,4092.2 MiB,3.8 MiB,12996.5 MiB
Python 3.0.1,nbody.py 50000000,145,1691145587,549597,python,2:49.96,14764,7620,4084,93.8,0.0,1,3,2:49,0,4,3988,0,2033,0,7620,296,2,278,16,0,12.9,1.5,0.0,85.6,0.0,0.0,0.0,0.0,15795.0 MiB,4028.1 MiB,2009.1 MiB,9757.8 MiB,4096.0 MiB,4092.2 MiB,3.8 MiB,12996.5 MiB
Python 3.0.1,nbody.py 50000000,146,1691145588,549597,python,2:51.13,14764,7620,4084,93.8,0.0,1,3,2:51,0,4,3988,0,2033,0,7620,296,2,278,16,0,12.2,1.5,0.0,86.3,0.0,0.0,0.0,0.0,15795.0 MiB,4028.1 MiB,2009.1 MiB,9757.8 MiB,4096.0 MiB,4092.2 MiB,3.8 MiB,12996.5 MiB
Python 3.0.1,nbody.py 50000000,147,1691145589,549597,python,2:52.31,14764,7620,4084,100.0,0.0,1,3,2:52,0,4,3988,0,2033,0,7620,296,2,278,16,0,12.9,0.8,0.0,86.4,0.0,0.0,0.0,0.0,15795.0 MiB,4028.1 MiB,2009.1 MiB,9757.8 MiB,4096.0 MiB,4092.2 MiB,3.8 MiB,12996.5 MiB
Python 3.0.1,nbody.py 50000000,148,1691145590,549597,python,2:53.48,14764,7620,4084,100.0,0.0,1,3,2:53,0,4,3988,0,2033,0,7620,296,2,278,16,0,12.3,0.8,0.0,86.9,0.0,0.0,0.0,0.0,15795.0 MiB,4027.8 MiB,2009.3 MiB,9757.8 MiB,4096.0 MiB,4092.2 MiB,3.8 MiB,12996.3 MiB
Python 3.0.1,nbody.py 50000000,149,1691145592,549597,python,2:54.65,14764,7620,4084,100.0,0.0,1,3,2:54,0,4,3988,0,2033,0,7620,296,2,278,16,0,12.3,0.8,0.0,86.9,0.0,0.0,0.0,0.0,15795.0 MiB,4028.1 MiB,2009.1 MiB,9757.8 MiB,4096.0 MiB,4092.2 MiB,3.8 MiB,12996.5 MiB
Python 3.0.1,nbody.py 50000000,150,1691145593,549597,python,2:55.82,14764,7620,4084,93.8,0.0,1,3,2:55,0,4,3988,0,2033,0,7620,296,2,278,16,0,13.0,1.5,0.0,85.5,0.0,0.0,0.0,0.0,15795.0 MiB,4028.6 MiB,2008.6 MiB,9757.8 MiB,4096.0 MiB,4092.2 MiB,3.8 MiB,12997.0 MiB
Python 3.0.1,nbody.py 50000000,151,1691145594,549597,python,2:56.99,14764,7620,4084,93.8,0.0,1,3,2:56,0,4,3988,0,2033,0,7620,296,2,278,16,0,13.0,0.8,0.0,86.3,0.0,0.0,0.0,0.0,15795.0 MiB,4028.3 MiB,2008.8 MiB,9757.8 MiB,4096.0 MiB,4092.2 MiB,3.8 MiB,12996.8 MiB
Python 3.0.1,nbody.py 50000000,152,1691145595,549597,python,2:58.17,14764,7620,4084,100.0,0.0,1,7,2:58,0,4,3988,0,2033,0,7620,296,2,278,16,0,12.9,1.5,0.0,85.6,0.0,0.0,0.0,0.0,15795.0 MiB,4028.1 MiB,2009.1 MiB,9757.9 MiB,4096.0 MiB,4092.2 MiB,3.8 MiB,12996.5 MiB
Python 3.0.1,nbody.py 50000000,153,1691145596,549597,python,2:59.34,14764,7620,4084,100.0,0.0,1,7,2:59,0,4,3988,0,2033,0,7620,296,2,278,16,0,12.9,0.8,0.0,85.6,0.8,0.0,0.0,0.0,15795.0 MiB,4028.1 MiB,2009.1 MiB,9757.9 MiB,4096.0 MiB,4092.2 MiB,3.8 MiB,12996.5 MiB
Python 3.0.1,nbody.py 50000000,154,1691145598,549597,python,3:00.51,14764,7620,4084,100.0,0.0,1,3,3:00,0,4,3988,0,2033,0,7620,296,2,278,16,0,13.0,0.8,0.0,86.3,0.0,0.0,0.0,0.0,15795.0 MiB,4028.1 MiB,2009.0 MiB,9757.9 MiB,4096.0 MiB,4092.2 MiB,3.8 MiB,12996.6 MiB
Python 3.0.1,nbody.py 50000000,155,1691145599,549597,python,3:01.68,14764,7620,4084,93.8,0.0,1,3,3:01,0,4,3988,0,2033,0,7620,296,2,278,16,0,13.0,0.0,0.0,87.0,0.0,0.0,0.0,0.0,15795.0 MiB,4028.3 MiB,2008.8 MiB,9757.9 MiB,4096.0 MiB,4092.2 MiB,3.8 MiB,12996.8 MiB
Python 3.0.1,nbody.py 50000000,156,1691145600,549597,python,3:02.85,14764,7620,4084,93.8,0.0,1,3,3:02,0,4,3988,0,2033,0,7620,296,2,278,16,0,13.1,0.0,0.0,86.9,0.0,0.0,0.0,0.0,15795.0 MiB,4028.1 MiB,2009.1 MiB,9757.8 MiB,4096.0 MiB,4092.2 MiB,3.8 MiB,12996.6 MiB
Python 3.0.1,nbody.py 50000000,157,1691145601,549597,python,3:04.03,14764,7620,4084,100.0,0.0,1,3,3:04,0,4,3988,0,2033,0,7620,296,2,278,16,0,12.9,1.5,0.0,85.6,0.0,0.0,0.0,0.0,15795.0 MiB,4027.8 MiB,2009.3 MiB,9757.9 MiB,4096.0 MiB,4092.2 MiB,3.8 MiB,12996.3 MiB
Python 3.0.1,nbody.py 50000000,158,1691145602,549597,python,3:05.20,14764,7620,4084,100.0,0.0,1,3,3:05,0,4,3988,0,2033,0,7620,296,2,278,16,0,13.5,0.8,0.0,85.7,0.0,0.0,0.0,0.0,15795.0 MiB,4027.6 MiB,2009.5 MiB,9757.9 MiB,4096.0 MiB,4092.2 MiB,3.8 MiB,12996.1 MiB
Python 3.0.1,nbody.py 50000000,159,1691145603,549597,python,3:06.38,14764,7620,4084,100.0,0.0,1,3,3:06,0,4,3988,0,2033,0,7620,296,2,278,16,0,13.1,0.7,0.0,86.1,0.0,0.0,0.0,0.0,15795.0 MiB,4027.8 MiB,2009.3 MiB,9757.9 MiB,4096.0 MiB,4092.2 MiB,3.8 MiB,12996.4 MiB
Python 3.0.1,nbody.py 50000000,160,1691145605,549597,python,3:07.55,14764,7620,4084,93.8,0.0,1,7,3:07,0,4,3988,0,2033,0,7620,296,2,278,16,0,13.6,0.8,0.0,85.6,0.0,0.0,0.0,0.0,15795.0 MiB,4027.8 MiB,2009.2 MiB,9757.9 MiB,4096.0 MiB,4092.2 MiB,3.8 MiB,12996.4 MiB
Python 3.0.1,nbody.py 50000000,161,1691145606,549597,python,3:08.73,14764,7620,4084,100.0,0.0,1,7,3:08,0,4,3988,0,2033,0,7620,296,2,278,16,0,13.7,0.0,0.0,86.3,0.0,0.0,0.0,0.0,15795.0 MiB,4028.1 MiB,2009.0 MiB,9757.9 MiB,4096.0 MiB,4092.2 MiB,3.8 MiB,12996.6 MiB
Python 3.0.1,nbody.py 50000000,162,1691145607,549597,python,3:09.90,14764,7620,4084,100.0,0.0,1,7,3:09,0,4,3988,0,2033,0,7620,296,2,278,16,0,13.7,0.0,0.0,86.3,0.0,0.0,0.0,0.0,15795.0 MiB,4028.3 MiB,2008.7 MiB,9757.9 MiB,4096.0 MiB,4092.2 MiB,3.8 MiB,12996.9 MiB
Python 3.0.1,nbody.py 50000000,163,1691145608,549597,python,3:11.07,14764,7620,4084,93.8,0.0,1,3,3:11,0,4,3988,0,2033,0,7620,296,2,278,16,0,13.5,0.8,0.0,85.7,0.0,0.0,0.0,0.0,15795.0 MiB,4028.3 MiB,2008.7 MiB,9757.9 MiB,4096.0 MiB,4092.2 MiB,3.8 MiB,12996.9 MiB
Python 3.0.1,nbody.py 50000000,164,1691145609,549597,python,3:12.25,14764,7620,4084,100.0,0.0,1,3,3:12,0,4,3988,0,2033,0,7620,296,2,278,16,0,13.0,0.8,0.0,86.3,0.0,0.0,0.0,0.0,15795.0 MiB,4028.3 MiB,2008.7 MiB,9757.9 MiB,4096.0 MiB,4092.2 MiB,3.8 MiB,12996.9 MiB
Python 3.0.1,nbody.py 50000000,165,1691145610,549597,python,3:13.42,14764,7620,4084,100.0,0.0,1,3,3:13,0,4,3988,0,2033,0,7620,296,2,278,16,0,13.0,0.8,0.0,86.3,0.0,0.0,0.0,0.0,15795.0 MiB,4028.6 MiB,2008.5 MiB,9757.9 MiB,4096.0 MiB,4092.2 MiB,3.8 MiB,12997.1 MiB
Python 3.0.1,nbody.py 50000000,166,1691145612,549597,python,3:14.59,14764,7620,4084,100.0,0.0,1,3,3:14,0,4,3988,0,2033,0,7620,295,2,277,16,0,13.1,0.0,0.0,86.9,0.0,0.0,0.0,0.0,15795.0 MiB,4028.3 MiB,2008.7 MiB,9757.9 MiB,4096.0 MiB,4092.2 MiB,3.8 MiB,12996.9 MiB
Python 3.0.1,nbody.py 50000000,167,1691145613,549597,python,3:15.76,14764,7620,4084,93.8,0.0,1,3,3:15,0,4,3988,0,2033,0,7620,295,2,277,16,0,12.1,1.5,0.0,86.4,0.0,0.0,0.0,0.0,15795.0 MiB,4028.8 MiB,2008.2 MiB,9757.9 MiB,4096.0 MiB,4092.2 MiB,3.8 MiB,12997.4 MiB
Python 3.0.1,nbody.py 50000000,168,1691145614,549597,python,3:16.93,14764,7620,4084,93.8,0.0,1,7,3:16,0,4,3988,0,2033,0,7620,295,2,277,16,0,12.3,0.8,0.0,86.9,0.0,0.0,0.0,0.0,15795.0 MiB,4029.1 MiB,2008.0 MiB,9757.9 MiB,4096.0 MiB,4092.2 MiB,3.8 MiB,12997.6 MiB
Python 3.0.1,nbody.py 50000000,169,1691145615,549597,python,3:18.11,14764,7620,4084,100.0,0.0,1,7,3:18,0,4,3988,0,2033,0,7620,295,2,277,16,0,12.3,0.8,0.0,86.9,0.0,0.0,0.0,0.0,15795.0 MiB,4029.8 MiB,2007.2 MiB,9757.9 MiB,4096.0 MiB,4092.2 MiB,3.8 MiB,12998.4 MiB
Python 3.0.1,nbody.py 50000000,170,1691145616,549597,python,3:19.28,14764,7620,4084,100.0,0.0,1,7,3:19,0,4,3988,0,2033,0,7620,295,2,277,16,0,13.5,0.8,0.0,85.7,0.0,0.0,0.0,0.0,15795.0 MiB,4029.6 MiB,2007.5 MiB,9758.0 MiB,4096.0 MiB,4092.2 MiB,3.8 MiB,12998.2 MiB
Python 3.0.1,nbody.py 50000000,171,1691145617,549597,python,3:20.46,14764,7620,4084,100.0,0.0,1,7,3:20,0,4,3988,0,2033,0,7620,295,2,277,16,0,13.8,0.7,0.0,85.5,0.0,0.0,0.0,0.0,15795.0 MiB,4029.8 MiB,2007.2 MiB,9758.0 MiB,4096.0 MiB,4092.2 MiB,3.8 MiB,12998.4 MiB
Python 3.0.1,nbody.py 50000000,172,1691145619,549597,python,3:21.63,14764,7620,4084,93.8,0.0,1,7,3:21,0,4,3988,0,2033,0,7620,295,2,277,16,0,13.0,0.8,0.0,86.3,0.0,0.0,0.0,0.0,15795.0 MiB,4029.6 MiB,2007.4 MiB,9758.0 MiB,4096.0 MiB,4092.2 MiB,3.8 MiB,12998.2 MiB
Python 3.0.1,nbody.py 50000000,173,1691145620,549597,python,3:22.81,14764,7620,4084,100.0,0.0,1,3,3:22,0,4,3988,0,2033,0,7620,295,2,277,16,0,12.9,1.5,0.0,85.6,0.0,0.0,0.0,0.0,15795.0 MiB,4029.6 MiB,2007.4 MiB,9758.0 MiB,4096.0 MiB,4092.2 MiB,3.8 MiB,12998.2 MiB
Python 3.0.1,nbody.py 50000000,174,1691145621,549597,python,3:23.98,14764,7620,4084,100.0,0.0,1,3,3:23,0,4,3988,0,2033,0,7620,295,2,277,16,0,12.1,1.5,0.0,86.4,0.0,0.0,0.0,0.0,15795.0 MiB,4029.6 MiB,2007.4 MiB,9758.0 MiB,4096.0 MiB,4092.2 MiB,3.8 MiB,12998.2 MiB
Python 3.0.1,nbody.py 50000000,175,1691145622,549597,python,3:25.15,14764,7620,4084,100.0,0.0,1,3,3:25,0,4,3988,0,2033,0,7620,295,2,277,16,0,13.5,0.8,0.0,85.7,0.0,0.0,0.0,0.0,15795.0 MiB,4029.1 MiB,2007.9 MiB,9758.0 MiB,4096.0 MiB,4092.2 MiB,3.8 MiB,12997.7 MiB
Python 3.0.1,nbody.py 50000000,176,1691145623,549597,python,3:26.33,14764,7620,4084,93.8,0.0,1,3,3:26,0,4,3988,0,2033,0,7620,295,2,277,16,0,13.3,0.7,0.0,85.9,0.0,0.0,0.0,0.0,15795.0 MiB,4028.8 MiB,2008.2 MiB,9758.0 MiB,4096.0 MiB,4092.2 MiB,3.8 MiB,12997.4 MiB
Python 3.0.1,nbody.py 50000000,177,1691145625,549597,python,3:27.51,14764,7620,4084,100.0,0.0,1,7,3:27,0,4,3988,0,2033,0,7620,295,2,277,16,0,13.7,0.0,0.0,86.3,0.0,0.0,0.0,0.0,15795.0 MiB,4028.8 MiB,2008.2 MiB,9758.0 MiB,4096.0 MiB,4092.2 MiB,3.8 MiB,12997.5 MiB
Python 3.0.1,nbody.py 50000000,178,1691145626,549597,python,3:28.68,14764,7620,4084,100.0,0.0,1,7,3:28,0,4,3988,0,2033,0,7620,295,2,277,16,0,13.1,0.0,0.0,86.9,0.0,0.0,0.0,0.0,15795.0 MiB,4030.8 MiB,2006.1 MiB,9758.0 MiB,4096.0 MiB,4092.2 MiB,3.8 MiB,12999.5 MiB
Python 3.0.1,nbody.py 50000000,179,1691145627,549597,python,3:29.85,14764,7620,4084,100.0,0.0,1,7,3:29,0,4,3988,0,2033,0,7620,295,2,277,16,0,13.0,0.8,0.0,86.3,0.0,0.0,0.0,0.0,15795.0 MiB,4030.6 MiB,2006.4 MiB,9758.0 MiB,4096.0 MiB,4092.2 MiB,3.8 MiB,12999.2 MiB
Python 3.0.1,nbody.py 50000000,180,1691145628,549597,python,3:31.02,14764,7620,4084,93.8,0.0,1,7,3:31,0,4,3988,0,2033,0,7620,295,2,277,16,0,13.6,0.0,0.0,85.6,0.8,0.0,0.0,0.0,15795.0 MiB,4030.6 MiB,2006.4 MiB,9758.0 MiB,4096.0 MiB,4092.2 MiB,3.8 MiB,12999.2 MiB
Python 3.0.1,nbody.py 50000000,181,1691145629,549597,python,3:32.20,14764,7620,4084,100.0,0.0,1,7,3:32,0,4,3988,0,2033,0,7620,295,2,277,16,0,12.3,2.2,0.0,85.5,0.0,0.0,0.0,0.0,15795.0 MiB,4030.1 MiB,2006.9 MiB,9758.0 MiB,4096.0 MiB,4092.2 MiB,3.8 MiB,12998.7 MiB
Python 3.0.1,nbody.py 50000000,182,1691145630,549597,python,3:33.39,14764,7620,4084,94.1,0.0,1,7,3:33,0,4,3988,0,2033,0,7620,295,2,277,16,0,13.0,1.4,0.0,85.5,0.0,0.0,0.0,0.0,15795.0 MiB,4030.3 MiB,2006.7 MiB,9758.0 MiB,4096.0 MiB,4092.2 MiB,3.8 MiB,12999.0 MiB
Python 3.0.1,nbody.py 50000000,183,1691145632,549597,python,3:34.56,14764,7620,4084,100.0,0.0,1,3,3:34,0,4,3988,0,2033,0,7620,295,2,277,16,0,12.3,0.8,0.0,86.9,0.0,0.0,0.0,0.0,15795.0 MiB,4030.6 MiB,2006.4 MiB,9758.0 MiB,4096.0 MiB,4092.2 MiB,3.8 MiB,12999.2 MiB
Python 3.0.1,nbody.py 50000000,184,1691145633,549597,python,3:35.73,14764,7620,4084,100.0,0.0,1,3,3:35,0,4,3988,0,2033,0,7620,295,2,277,16,0,12.9,1.5,0.0,85.6,0.0,0.0,0.0,0.0,15795.0 MiB,4030.6 MiB,2006.4 MiB,9758.0 MiB,4096.0 MiB,4092.2 MiB,3.8 MiB,12999.2 MiB
Python 3.0.1,nbody.py 50000000,185,1691145634,549597,python,3:36.91,14764,7620,4084,100.0,0.0,1,3,3:36,0,4,3988,0,2033,0,7620,295,2,277,16,0,13.0,0.8,0.0,86.3,0.0,0.0,0.0,0.0,15795.0 MiB,4030.6 MiB,2006.4 MiB,9758.0 MiB,4096.0 MiB,4092.2 MiB,3.8 MiB,12999.2 MiB
Python 3.0.1,nbody.py 50000000,186,1691145635,549597,python,3:38.08,14764,7620,4084,100.0,0.0,1,3,3:38,0,4,3988,0,2033,0,7620,295,2,277,16,0,12.3,0.8,0.0,86.9,0.0,0.0,0.0,0.0,15795.0 MiB,4030.6 MiB,2006.4 MiB,9758.0 MiB,4096.0 MiB,4092.2 MiB,3.8 MiB,12999.2 MiB
Python 3.0.1,nbody.py 50000000,187,1691145636,549597,python,3:39.25,14764,7620,4084,100.0,0.0,1,3,3:39,0,4,3988,0,2033,0,7620,295,2,277,16,0,12.9,0.8,0.0,86.4,0.0,0.0,0.0,0.0,15795.0 MiB,4030.3 MiB,2006.6 MiB,9758.0 MiB,4096.0 MiB,4092.2 MiB,3.8 MiB,12999.0 MiB
Python 3.0.1,nbody.py 50000000,188,1691145637,549597,python,3:40.42,14764,7620,4084,93.8,0.0,1,3,3:40,0,4,3988,0,2033,0,7620,295,2,277,16,0,13.0,0.8,0.0,86.3,0.0,0.0,0.0,0.0,15795.0 MiB,4030.3 MiB,2006.6 MiB,9758.0 MiB,4096.0 MiB,4092.2 MiB,3.8 MiB,12999.0 MiB
Python 3.0.1,nbody.py 50000000,189,1691145639,549597,python,3:41.59,14764,7620,4084,93.8,0.0,1,3,3:41,0,4,3988,0,2033,0,7620,295,2,277,16,0,13.0,0.8,0.0,86.3,0.0,0.0,0.0,0.0,15795.0 MiB,4030.3 MiB,2006.6 MiB,9758.0 MiB,4096.0 MiB,4092.2 MiB,3.8 MiB,12999.0 MiB
Python 3.0.1,nbody.py 50000000,190,1691145640,549597,python,3:42.77,14764,7620,4084,100.0,0.0,1,3,3:42,0,4,3988,0,2033,0,7620,295,2,277,16,0,13.0,0.8,0.0,86.3,0.0,0.0,0.0,0.0,15795.0 MiB,4030.3 MiB,2006.6 MiB,9758.0 MiB,4096.0 MiB,4092.2 MiB,3.8 MiB,12999.0 MiB
Python 3.0.1,nbody.py 50000000,191,1691145641,549597,python,3:43.94,14764,7620,4084,100.0,0.0,1,3,3:43,0,4,3988,0,2033,0,7620,295,2,277,16,0,13.0,0.8,0.0,86.3,0.0,0.0,0.0,0.0,15795.0 MiB,4030.1 MiB,2006.9 MiB,9758.0 MiB,4096.0 MiB,4092.2 MiB,3.8 MiB,12998.7 MiB
Python 3.0.1,nbody.py 50000000,192,1691145642,549597,python,3:45.11,14764,7620,4084,100.0,0.0,1,3,3:45,0,4,3988,0,2033,0,7620,295,2,277,16,0,13.0,0.8,0.0,86.3,0.0,0.0,0.0,0.0,15795.0 MiB,4030.1 MiB,2006.9 MiB,9758.0 MiB,4096.0 MiB,4092.2 MiB,3.8 MiB,12998.7 MiB
Python 3.0.1,nbody.py 50000000,193,1691145643,549597,python,3:46.28,14764,7620,4084,93.8,0.0,1,3,3:46,0,4,3988,0,2033,0,7620,295,2,277,16,0,13.0,0.8,0.0,86.3,0.0,0.0,0.0,0.0,15795.0 MiB,4029.8 MiB,2007.1 MiB,9758.0 MiB,4096.0 MiB,4092.2 MiB,3.8 MiB,12998.5 MiB
Python 3.0.1,nbody.py 50000000,194,1691145644,549597,python,3:47.45,14764,7620,4084,93.8,0.0,1,3,3:47,0,4,3988,0,2033,0,7620,295,2,277,16,0,12.9,1.5,0.0,85.6,0.0,0.0,0.0,0.0,15795.0 MiB,4029.6 MiB,2007.4 MiB,9758.0 MiB,4096.0 MiB,4092.2 MiB,3.8 MiB,12998.2 MiB
Python 3.0.1,nbody.py 50000000,195,1691145646,549597,python,3:48.63,14764,7620,4084,100.0,0.0,1,3,3:48,0,4,3988,0,2033,0,7620,295,2,277,16,0,12.4,1.5,0.0,86.1,0.0,0.0,0.0,0.0,15795.0 MiB,4029.6 MiB,2007.4 MiB,9758.1 MiB,4096.0 MiB,4092.2 MiB,3.8 MiB,12998.2 MiB
Python 3.0.1,nbody.py 50000000,196,1691145647,549597,python,3:49.81,14764,7620,4084,100.0,0.0,1,3,3:49,0,4,3988,0,2033,0,7620,295,2,277,16,0,13.6,0.8,0.0,85.6,0.0,0.0,0.0,0.0,15795.0 MiB,4029.6 MiB,2007.4 MiB,9758.1 MiB,4096.0 MiB,4092.2 MiB,3.8 MiB,12998.3 MiB
Python 3.0.1,nbody.py 50000000,197,1691145648,549597,python,3:50.98,14764,7620,4084,100.0,0.0,1,3,3:50,0,4,3988,0,2033,0,7620,295,2,277,16,0,13.7,0.0,0.0,86.3,0.0,0.0,0.0,0.0,15795.0 MiB,4029.6 MiB,2007.4 MiB,9758.1 MiB,4096.0 MiB,4092.2 MiB,3.8 MiB,12998.3 MiB
Python 3.0.1,nbody.py 50000000,198,1691145649,549597,python,3:52.15,14764,7620,4084,100.0,0.0,1,3,3:52,0,4,3988,0,2033,0,7620,295,2,277,16,0,12.9,1.5,0.0,85.6,0.0,0.0,0.0,0.0,15795.0 MiB,4029.6 MiB,2007.4 MiB,9758.1 MiB,4096.0 MiB,4092.2 MiB,3.8 MiB,12998.3 MiB
Python 3.0.1,nbody.py 50000000,199,1691145650,549597,python,3:53.32,14764,7620,4084,93.8,0.0,1,3,3:53,0,4,3988,0,2033,0,7620,295,2,277,16,0,12.2,1.5,0.0,86.3,0.0,0.0,0.0,0.0,15795.0 MiB,4029.6 MiB,2007.4 MiB,9758.1 MiB,4096.0 MiB,4092.2 MiB,3.8 MiB,12998.3 MiB
Python 3.0.1,nbody.py 50000000,200,1691145651,549597,python,3:54.49,14764,7620,4084,93.8,0.0,1,3,3:54,0,4,3988,0,2033,0,7620,295,2,277,16,0,12.8,1.5,0.0,85.7,0.0,0.0,0.0,0.0,15795.0 MiB,4029.3 MiB,2007.6 MiB,9758.1 MiB,4096.0 MiB,4092.2 MiB,3.8 MiB,12998.0 MiB
Python 3.0.1,nbody.py 50000000,201,1691145653,549597,python,3:55.67,14764,7620,4084,100.0,0.0,1,3,3:55,0,4,3988,0,2033,0,7620,295,2,277,16,0,13.1,0.8,0.0,86.2,0.0,0.0,0.0,0.0,15795.0 MiB,4029.6 MiB,2007.3 MiB,9758.1 MiB,4096.0 MiB,4092.2 MiB,3.8 MiB,12998.3 MiB
Python 3.0.1,nbody.py 50000000,202,1691145654,549597,python,3:56.84,14764,7620,4084,100.0,0.0,1,3,3:56,0,4,3988,0,2033,0,7620,295,2,277,16,0,13.0,0.8,0.0,86.3,0.0,0.0,0.0,0.0,15795.0 MiB,4029.8 MiB,2007.1 MiB,9758.1 MiB,4096.0 MiB,4092.2 MiB,3.8 MiB,12998.5 MiB
Python 3.0.1,nbody.py 50000000,203,1691145655,549597,python,3:58.01,14764,7620,4084,100.0,0.0,1,3,3:58,0,4,3988,0,2033,0,7620,295,2,277,16,0,13.6,0.8,0.0,85.6,0.0,0.0,0.0,0.0,15795.0 MiB,4029.6 MiB,2007.3 MiB,9758.1 MiB,4096.0 MiB,4092.2 MiB,3.8 MiB,12998.3 MiB
Python 3.0.1,nbody.py 50000000,204,1691145656,549597,python,3:59.19,14764,7620,4084,100.0,0.0,1,3,3:59,0,4,3988,0,2033,0,7620,295,2,277,16,0,12.9,1.5,0.0,84.8,0.8,0.0,0.0,0.0,15795.0 MiB,4029.6 MiB,2007.3 MiB,9758.1 MiB,4096.0 MiB,4092.2 MiB,3.8 MiB,12998.3 MiB
Python 3.0.1,nbody.py 50000000,205,1691145657,549597,python,4:00.36,14764,7620,4084,100.0,0.0,1,3,4:00,0,4,3988,0,2033,0,7620,295,2,277,16,0,13.0,0.0,0.0,87.0,0.0,0.0,0.0,0.0,15795.0 MiB,4029.3 MiB,2007.6 MiB,9758.1 MiB,4096.0 MiB,4092.2 MiB,3.8 MiB,12998.0 MiB
Python 3.0.1,nbody.py 50000000,206,1691145659,549597,python,4:01.53,14764,7620,4084,100.0,0.0,1,3,4:01,0,4,3988,0,2033,0,7620,295,2,277,16,0,12.2,1.5,0.0,86.3,0.0,0.0,0.0,0.0,15795.0 MiB,4029.3 MiB,2007.6 MiB,9758.1 MiB,4096.0 MiB,4092.2 MiB,3.8 MiB,12998.0 MiB
Python 3.0.1,nbody.py 50000000,207,1691145660,549597,python,4:02.70,14764,7620,4084,100.0,0.0,1,3,4:02,0,4,3988,0,2033,0,7620,295,2,277,16,0,13.1,0.8,0.0,85.4,0.8,0.0,0.0,0.0,15795.0 MiB,4027.4 MiB,2008.8 MiB,9758.9 MiB,4096.0 MiB,4092.2 MiB,3.8 MiB,12996.9 MiB
Python 3.0.1,nbody.py 50000000,208,1691145661,549597,python,4:03.87,14764,7620,4084,100.0,0.0,1,3,4:03,0,4,3988,0,2033,0,7620,295,2,277,16,0,12.9,0.8,0.0,86.4,0.0,0.0,0.0,0.0,15795.0 MiB,4027.1 MiB,2008.9 MiB,9758.9 MiB,4096.0 MiB,4092.2 MiB,3.8 MiB,12996.7 MiB
Python 3.0.1,nbody.py 50000000,209,1691145662,549597,python,4:05.05,14764,7620,4084,100.0,0.0,1,3,4:05,0,4,3988,0,2033,0,7620,295,2,277,16,0,12.8,1.5,0.0,85.0,0.0,0.0,0.8,0.0,15795.0 MiB,4027.1 MiB,2008.9 MiB,9758.9 MiB,4096.0 MiB,4092.2 MiB,3.8 MiB,12996.7 MiB
Python 3.0.1,nbody.py 50000000,210,1691145663,549597,python,4:06.22,14764,7620,4084,100.0,0.0,1,3,4:06,0,4,3988,0,2033,0,7620,295,2,277,16,0,13.0,0.0,0.0,86.3,0.0,0.0,0.8,0.0,15795.0 MiB,4027.1 MiB,2008.9 MiB,9758.9 MiB,4096.0 MiB,4092.2 MiB,3.8 MiB,12996.7 MiB
Python 3.0.1,nbody.py 50000000,211,1691145664,549597,python,4:07.39,14764,7620,4084,100.0,0.0,1,3,4:07,0,4,3988,0,2033,0,7620,295,2,277,16,0,12.1,1.5,0.0,86.4,0.0,0.0,0.0,0.0,15795.0 MiB,4027.1 MiB,2008.9 MiB,9758.9 MiB,4096.0 MiB,4092.2 MiB,3.8 MiB,12996.7 MiB
Python 3.0.1,nbody.py 50000000,212,1691145666,549597,python,4:08.56,14764,7620,4084,100.0,0.0,1,3,4:08,0,4,3988,0,2033,0,7620,295,2,277,16,0,12.3,0.8,0.0,86.9,0.0,0.0,0.0,0.0,15795.0 MiB,4027.6 MiB,2008.4 MiB,9758.9 MiB,4096.0 MiB,4092.2 MiB,3.8 MiB,12997.2 MiB
Python 3.0.1,nbody.py 50000000,213,1691145667,549597,python,4:09.73,14764,7620,4084,93.8,0.0,1,3,4:09,0,4,3988,0,2033,0,7620,295,2,277,16,0,12.9,1.5,0.0,85.6,0.0,0.0,0.0,0.0,15795.0 MiB,4027.4 MiB,2008.7 MiB,9759.0 MiB,4096.0 MiB,4092.2 MiB,3.8 MiB,12996.9 MiB
Python 3.0.1,nbody.py 50000000,214,1691145668,549597,python,4:10.91,14764,7620,4084,94.1,0.0,1,3,4:10,0,4,3988,0,2033,0,7620,295,2,277,16,0,12.7,0.7,0.0,86.6,0.0,0.0,0.0,0.0,15795.0 MiB,4027.4 MiB,2008.7 MiB,9759.0 MiB,4096.0 MiB,4092.2 MiB,3.8 MiB,12996.9 MiB
Python 3.0.1,nbody.py 50000000,215,1691145669,549597,python,4:12.08,14764,7620,4084,100.0,0.0,1,3,4:12,0,4,3988,0,2033,0,7620,295,2,277,16,0,13.5,0.8,0.0,85.7,0.0,0.0,0.0,0.0,15795.0 MiB,4027.4 MiB,2008.7 MiB,9759.0 MiB,4096.0 MiB,4092.2 MiB,3.8 MiB,12996.9 MiB
Python 3.0.1,nbody.py 50000000,216,1691145670,549597,python,4:13.25,14764,7620,4084,93.8,0.0,1,3,4:13,0,4,3988,0,2033,0,7620,295,2,277,16,0,13.1,0.8,0.0,86.2,0.0,0.0,0.0,0.0,15795.0 MiB,4027.1 MiB,2008.9 MiB,9759.0 MiB,4096.0 MiB,4092.2 MiB,3.8 MiB,12996.7 MiB
Python 3.0.1,nbody.py 50000000,217,1691145671,549597,python,4:14.42,14764,7620,4084,93.8,0.0,1,3,4:14,0,4,3988,0,2033,0,7620,295,2,277,16,0,13.5,0.8,0.0,85.7,0.0,0.0,0.0,0.0,15795.0 MiB,4026.9 MiB,2009.2 MiB,9759.0 MiB,4096.0 MiB,4092.2 MiB,3.8 MiB,12996.4 MiB
Python 3.0.1,nbody.py 50000000,218,1691145673,549597,python,4:15.60,14764,7620,4084,100.0,0.0,1,7,4:15,0,4,3988,0,2033,0,7620,295,2,277,16,0,13.0,0.8,0.0,86.3,0.0,0.0,0.0,0.0,15795.0 MiB,4026.9 MiB,2009.2 MiB,9759.0 MiB,4096.0 MiB,4092.2 MiB,3.8 MiB,12996.5 MiB
Python 3.0.1,nbody.py 50000000,219,1691145674,549597,python,4:16.77,14764,7620,4084,100.0,0.0,1,7,4:16,0,4,3988,0,2033,0,7620,295,2,277,16,0,12.4,0.8,0.0,86.8,0.0,0.0,0.0,0.0,15795.0 MiB,4026.9 MiB,2009.2 MiB,9759.0 MiB,4096.0 MiB,4092.2 MiB,3.8 MiB,12996.5 MiB
Python 3.0.1,nbody.py 50000000,220,1691145675,549597,python,4:17.94,14764,7620,4084,100.0,0.0,1,7,4:17,0,4,3988,0,2033,0,7620,295,2,277,16,0,13.1,0.8,0.0,86.2,0.0,0.0,0.0,0.0,15795.0 MiB,4026.9 MiB,2009.2 MiB,9759.0 MiB,4096.0 MiB,4092.2 MiB,3.8 MiB,12996.5 MiB
Python 3.0.1,nbody.py 50000000,221,1691145676,549597,python,4:19.12,14764,7620,4084,100.0,0.0,1,7,4:19,0,4,3988,0,2033,0,7620,295,2,277,16,0,12.9,0.8,0.0,86.4,0.0,0.0,0.0,0.0,15795.0 MiB,4026.9 MiB,2009.1 MiB,9759.0 MiB,4096.0 MiB,4092.2 MiB,3.8 MiB,12996.5 MiB
Python 3.0.1,nbody.py 50000000,222,1691145677,549597,python,4:20.29,14764,7620,4084,100.0,0.0,1,7,4:20,0,4,3988,0,2033,0,7620,295,2,277,16,0,12.4,0.8,0.0,86.8,0.0,0.0,0.0,0.0,15795.0 MiB,4026.6 MiB,2009.4 MiB,9759.0 MiB,4096.0 MiB,4092.2 MiB,3.8 MiB,12996.2 MiB
Python 3.0.1,nbody.py 50000000,223,1691145678,549597,python,4:21.46,14764,7620,4084,100.0,0.0,1,3,4:21,0,4,3988,0,2033,0,7620,295,2,277,16,0,12.9,0.8,0.0,86.4,0.0,0.0,0.0,0.0,15795.0 MiB,4026.4 MiB,2009.6 MiB,9759.0 MiB,4096.0 MiB,4092.2 MiB,3.8 MiB,12996.0 MiB
Python 3.0.1,nbody.py 50000000,224,1691145680,549597,python,4:22.63,14764,7620,4084,100.0,0.0,1,3,4:22,0,4,3988,0,2033,0,7620,295,2,277,16,0,13.0,0.8,0.0,86.3,0.0,0.0,0.0,0.0,15795.0 MiB,4026.4 MiB,2009.6 MiB,9759.0 MiB,4096.0 MiB,4092.2 MiB,3.8 MiB,12996.0 MiB
Python 3.0.1,nbody.py 50000000,225,1691145681,549597,python,4:23.80,14764,7620,4084,100.0,0.0,1,3,4:23,0,4,3988,0,2033,0,7620,295,2,277,16,0,12.3,0.8,0.0,86.9,0.0,0.0,0.0,0.0,15795.0 MiB,4026.4 MiB,2009.6 MiB,9759.0 MiB,4096.0 MiB,4092.2 MiB,3.8 MiB,12996.0 MiB
Python 3.0.1,nbody.py 50000000,226,1691145682,549597,python,4:24.98,14764,7620,4084,100.0,0.0,1,3,4:24,0,4,3988,0,2033,0,7620,295,2,277,16,0,13.0,0.8,0.0,86.3,0.0,0.0,0.0,0.0,15795.0 MiB,4026.4 MiB,2009.6 MiB,9759.0 MiB,4096.0 MiB,4092.2 MiB,3.8 MiB,12996.0 MiB
Python 3.0.1,nbody.py 50000000,227,1691145683,549597,python,4:26.14,14764,7620,4084,93.8,0.0,1,3,4:26,0,4,3988,0,2033,0,7620,295,2,277,16,0,13.5,1.5,0.0,84.2,0.8,0.0,0.0,0.0,15795.0 MiB,4025.9 MiB,2010.1 MiB,9759.0 MiB,4096.0 MiB,4092.2 MiB,3.8 MiB,12995.5 MiB
Python 3.0.1,nbody.py 50000000,228,1691145684,549597,python,4:27.32,14764,7620,4084,100.0,0.0,1,3,4:27,0,4,3988,0,2033,0,7620,295,2,277,16,0,13.5,1.5,0.0,85.0,0.0,0.0,0.0,0.0,15795.0 MiB,4025.6 MiB,2010.4 MiB,9759.0 MiB,4096.0 MiB,4092.2 MiB,3.8 MiB,12995.3 MiB
Python 3.0.1,nbody.py 50000000,229,1691145685,549597,python,4:28.49,14764,7620,4084,100.0,0.0,1,3,4:28,0,4,3988,0,2033,0,7620,295,2,277,16,0,13.0,0.8,0.0,86.3,0.0,0.0,0.0,0.0,15795.0 MiB,4025.6 MiB,2010.4 MiB,9759.0 MiB,4096.0 MiB,4092.2 MiB,3.8 MiB,12995.3 MiB
Python 3.0.1,nbody.py 50000000,230,1691145687,549597,python,4:29.66,14764,7620,4084,93.8,0.0,1,3,4:29,0,4,3988,0,2033,0,7620,295,2,277,16,0,13.0,0.8,0.0,86.3,0.0,0.0,0.0,0.0,15795.0 MiB,4025.6 MiB,2010.4 MiB,9759.0 MiB,4096.0 MiB,4092.2 MiB,3.8 MiB,12995.3 MiB
Python 3.0.1,nbody.py 50000000,231,1691145688,549597,python,4:30.84,14764,7620,4084,100.0,0.0,1,3,4:30,0,4,3988,0,2033,0,7620,295,2,277,16,0,13.0,0.8,0.0,86.3,0.0,0.0,0.0,0.0,15795.0 MiB,4025.4 MiB,2010.6 MiB,9759.0 MiB,4096.0 MiB,4092.2 MiB,3.8 MiB,12995.0 MiB
Python 3.0.1,nbody.py 50000000,232,1691145689,549597,python,4:32.02,14764,7620,4084,100.0,0.0,1,3,4:32,0,4,3988,0,2033,0,7620,295,2,277,16,0,13.0,1.4,0.0,85.5,0.0,0.0,0.0,0.0,15795.0 MiB,4025.4 MiB,2010.6 MiB,9759.0 MiB,4096.0 MiB,4092.2 MiB,3.8 MiB,12995.0 MiB
Python 3.0.1,nbody.py 50000000,233,1691145690,549597,python,4:33.19,14764,7620,4084,100.0,0.0,1,3,4:33,0,4,3988,0,2033,0,7620,295,2,277,16,0,12.4,0.8,0.0,86.8,0.0,0.0,0.0,0.0,15795.0 MiB,4025.1 MiB,2010.8 MiB,9759.0 MiB,4096.0 MiB,4092.2 MiB,3.8 MiB,12994.8 MiB
Python 3.0.1,nbody.py 50000000,234,1691145691,549597,python,4:34.36,14764,7620,4084,100.0,0.0,1,7,4:34,0,4,3988,0,2033,0,7620,295,2,277,16,0,12.1,1.5,0.0,86.4,0.0,0.0,0.0,0.0,15795.0 MiB,4026.6 MiB,2009.4 MiB,9759.0 MiB,4096.0 MiB,4092.2 MiB,3.8 MiB,12996.2 MiB
Python 3.0.1,nbody.py 50000000,235,1691145693,549597,python,4:35.54,14764,7620,4084,100.0,0.0,1,7,4:35,0,4,3988,0,2033,0,7620,295,2,277,16,0,13.0,0.0,0.0,87.0,0.0,0.0,0.0,0.0,15795.0 MiB,4026.4 MiB,2009.6 MiB,9759.0 MiB,4096.0 MiB,4092.2 MiB,3.8 MiB,12996.0 MiB
Python 3.0.1,nbody.py 50000000,236,1691145694,549597,python,4:36.71,14764,7620,4084,100.0,0.0,1,7,4:36,0,4,3988,0,2033,0,7620,295,2,277,16,0,12.9,1.5,0.0,85.6,0.0,0.0,0.0,0.0,15795.0 MiB,4026.4 MiB,2009.6 MiB,9759.0 MiB,4096.0 MiB,4092.2 MiB,3.8 MiB,12996.0 MiB
Python 3.0.1,nbody.py 50000000,237,1691145695,549597,python,4:37.88,14764,7620,4084,100.0,0.0,1,7,4:37,0,4,3988,0,2033,0,7620,295,2,277,16,0,13.5,0.8,0.0,85.7,0.0,0.0,0.0,0.0,15795.0 MiB,4026.1 MiB,2009.8 MiB,9759.0 MiB,4096.0 MiB,4092.2 MiB,3.8 MiB,12995.8 MiB
Python 3.0.1,nbody.py 50000000,238,1691145696,549597,python,4:39.05,14764,7620,4084,100.0,0.0,1,7,4:39,0,4,3988,0,2033,0,7620,295,2,277,16,0,12.9,1.5,0.0,85.6,0.0,0.0,0.0,0.0,15795.0 MiB,4025.9 MiB,2010.1 MiB,9759.0 MiB,4096.0 MiB,4092.2 MiB,3.8 MiB,12995.5 MiB
Python 3.0.1,nbody.py 50000000,239,1691145697,549597,python,4:40.22,14764,7620,4084,100.0,0.0,1,7,4:40,0,4,3988,0,2033,0,7620,295,2,277,16,0,12.4,0.8,0.0,86.8,0.0,0.0,0.0,0.0,15795.0 MiB,4025.2 MiB,2010.8 MiB,9759.0 MiB,4096.0 MiB,4092.2 MiB,3.8 MiB,12994.8 MiB
Python 3.0.1,nbody.py 50000000,240,1691145698,549597,python,4:41.40,14764,7620,4084,100.0,0.0,1,3,4:41,0,4,3988,0,2033,0,7620,295,2,277,16,0,13.7,0.0,0.0,86.3,0.0,0.0,0.0,0.0,15795.0 MiB,4025.2 MiB,2010.8 MiB,9759.0 MiB,4096.0 MiB,4092.2 MiB,3.8 MiB,12994.8 MiB
Python 3.0.1,nbody.py 50000000,241,1691145700,549597,python,4:42.57,14764,7620,4084,100.0,0.0,1,3,4:42,0,4,3988,0,2033,0,7620,295,2,277,16,0,12.3,0.8,0.0,86.9,0.0,0.0,0.0,0.0,15795.0 MiB,4024.7 MiB,2011.3 MiB,9759.0 MiB,4096.0 MiB,4092.2 MiB,3.8 MiB,12994.3 MiB
Python 3.0.1,nbody.py 50000000,242,1691145701,549597,python,4:43.74,14764,7620,4084,100.0,0.0,1,3,4:43,0,4,3988,0,2033,0,7620,295,2,277,16,0,13.0,0.8,0.0,86.3,0.0,0.0,0.0,0.0,15795.0 MiB,4024.7 MiB,2011.3 MiB,9759.0 MiB,4096.0 MiB,4092.2 MiB,3.8 MiB,12994.3 MiB
Python 3.0.1,nbody.py 50000000,243,1691145702,549597,python,4:44.91,14764,7620,4084,100.0,0.0,1,3,4:44,0,4,3988,0,2033,0,7620,295,2,277,16,0,12.3,0.8,0.0,86.9,0.0,0.0,0.0,0.0,15795.0 MiB,4024.2 MiB,2011.8 MiB,9759.0 MiB,4096.0 MiB,4092.2 MiB,3.8 MiB,12993.8 MiB
Python 3.0.1,nbody.py 50000000,244,1691145703,549597,python,4:46.08,14764,7620,4084,100.0,0.0,1,3,4:46,0,4,3988,0,2033,0,7620,295,2,277,16,0,13.7,0.8,0.0,85.5,0.0,0.0,0.0,0.0,15795.0 MiB,4024.4 MiB,2011.5 MiB,9759.0 MiB,4096.0 MiB,4092.2 MiB,3.8 MiB,12994.1 MiB
Python 3.0.1,nbody.py 50000000,245,1691145704,549597,python,4:47.25,14764,7620,4084,93.8,0.0,1,7,4:47,0,4,3988,0,2033,0,7620,295,2,277,16,0,13.6,1.5,0.0,84.8,0.0,0.0,0.0,0.0,15795.0 MiB,4024.9 MiB,2011.0 MiB,9759.0 MiB,4096.0 MiB,4092.2 MiB,3.8 MiB,12994.6 MiB
Python 3.0.1,nbody.py 50000000,246,1691145705,549597,python,4:48.43,14764,7620,4084,100.0,0.0,1,7,4:48,0,4,3988,0,2033,0,7620,295,2,277,16,0,14.3,0.0,0.0,85.7,0.0,0.0,0.0,0.0,15795.0 MiB,4024.9 MiB,2011.0 MiB,9759.0 MiB,4096.0 MiB,4092.2 MiB,3.8 MiB,12994.6 MiB
Python 3.0.1,nbody.py 50000000,247,1691145707,549597,python,4:49.60,14764,7620,4084,100.0,0.0,1,7,4:49,0,4,3988,0,2033,0,7620,295,2,277,16,0,13.0,0.8,0.0,86.3,0.0,0.0,0.0,0.0,15795.0 MiB,4024.9 MiB,2011.0 MiB,9759.0 MiB,4096.0 MiB,4092.2 MiB,3.8 MiB,12994.6 MiB
Python 3.0.1,nbody.py 50000000,248,1691145708,549597,python,4:50.77,14764,7620,4084,100.0,0.0,1,7,4:50,0,4,3988,0,2033,0,7620,295,2,277,16,0,13.0,0.0,0.0,87.0,0.0,0.0,0.0,0.0,15795.0 MiB,4024.9 MiB,2011.0 MiB,9759.0 MiB,4096.0 MiB,4092.2 MiB,3.8 MiB,12994.6 MiB
Python 3.0.1,nbody.py 50000000,249,1691145709,549597,python,4:51.95,14764,7620,4084,100.0,0.0,1,7,4:51,0,4,3988,0,2033,0,7620,295,2,277,16,0,12.4,1.5,0.0,86.1,0.0,0.0,0.0,0.0,15795.0 MiB,4024.9 MiB,2011.0 MiB,9759.0 MiB,4096.0 MiB,4092.2 MiB,3.8 MiB,12994.6 MiB
Python 3.0.1,nbody.py 50000000,250,1691145710,549597,python,4:53.12,14764,7620,4084,93.8,0.0,1,7,4:53,0,4,3988,0,2033,0,7620,295,2,277,16,0,12.9,0.8,0.0,86.4,0.0,0.0,0.0,0.0,15795.0 MiB,4024.7 MiB,2011.3 MiB,9759.0 MiB,4096.0 MiB,4092.2 MiB,3.8 MiB,12994.3 MiB
Python 3.0.1,nbody.py 50000000,251,1691145711,549597,python,4:54.30,14764,7620,4084,100.0,0.0,1,7,4:54,0,4,3988,0,2033,0,7620,295,2,277,16,0,12.9,1.5,0.0,85.6,0.0,0.0,0.0,0.0,15795.0 MiB,4024.7 MiB,2011.3 MiB,9759.0 MiB,4096.0 MiB,4092.2 MiB,3.8 MiB,12994.3 MiB
Python 3.0.1,nbody.py 50000000,252,1691145712,549597,python,4:55.48,14764,7620,4084,100.0,0.0,1,7,4:55,0,4,3988,0,2033,0,7620,295,2,277,16,0,13.1,1.5,0.0,85.4,0.0,0.0,0.0,0.0,15795.0 MiB,4024.7 MiB,2011.3 MiB,9759.0 MiB,4096.0 MiB,4092.2 MiB,3.8 MiB,12994.3 MiB
Python 3.0.1,nbody.py 50000000,253,1691145714,549597,python,4:56.65,14764,7620,4084,93.8,0.0,1,7,4:56,0,4,3988,0,2033,0,7620,295,2,277,16,0,13.7,0.0,0.0,86.3,0.0,0.0,0.0,0.0,15795.0 MiB,4024.7 MiB,2011.3 MiB,9759.0 MiB,4096.0 MiB,4092.2 MiB,3.8 MiB,12994.3 MiB
Python 3.0.1,nbody.py 50000000,254,1691145715,549597,python,4:57.82,14764,7620,4084,93.8,0.0,1,7,4:57,0,4,3988,0,2033,0,7620,295,2,277,16,0,13.0,0.0,0.0,87.0,0.0,0.0,0.0,0.0,15795.0 MiB,4024.9 MiB,2011.0 MiB,9759.0 MiB,4096.0 MiB,4092.2 MiB,3.8 MiB,12994.6 MiB
Python 3.0.1,nbody.py 50000000,255,1691145716,549597,python,4:59.00,14764,7620,4084,100.0,0.0,1,7,4:59,0,4,3988,0,2033,0,7620,295,2,277,16,0,13.6,0.8,0.0,85.6,0.0,0.0,0.0,0.0,15795.0 MiB,4025.2 MiB,2010.8 MiB,9759.0 MiB,4096.0 MiB,4092.2 MiB,3.8 MiB,12994.8 MiB
Python 3.0.1,nbody.py 50000000,256,1691145717,549597,python,5:00.17,14764,7620,4084,100.0,0.0,1,7,5:00,0,4,3988,0,2033,0,7620,295,2,277,16,0,13.0,0.8,0.0,86.3,0.0,0.0,0.0,0.0,15795.0 MiB,4025.2 MiB,2010.8 MiB,9759.0 MiB,4096.0 MiB,4092.2 MiB,3.8 MiB,12994.8 MiB
Python 3.0.1,nbody.py 50000000,257,1691145718,549597,python,5:01.34,14764,7620,4084,100.0,0.0,1,7,5:01,0,4,3988,0,2033,0,7620,295,2,277,16,0,13.0,0.8,0.0,86.3,0.0,0.0,0.0,0.0,15795.0 MiB,4025.4 MiB,2010.5 MiB,9759.0 MiB,4096.0 MiB,4092.2 MiB,3.8 MiB,12995.1 MiB
Python 3.0.1,nbody.py 50000000,258,1691145720,549597,python,5:02.51,14764,7620,4084,93.8,0.0,1,7,5:02,0,4,3988,0,2033,0,7620,295,2,277,16,0,12.3,0.8,0.0,86.9,0.0,0.0,0.0,0.0,15795.0 MiB,4025.6 MiB,2010.3 MiB,9759.0 MiB,4096.0 MiB,4092.2 MiB,3.8 MiB,12995.3 MiB
Python 3.0.1,nbody.py 50000000,259,1691145721,549597,python,5:03.68,14764,7620,4084,93.8,0.0,1,7,5:03,0,4,3988,0,2033,0,7620,295,2,277,16,0,13.6,0.8,0.0,85.6,0.0,0.0,0.0,0.0,15795.0 MiB,4025.6 MiB,2010.3 MiB,9759.0 MiB,4096.0 MiB,4092.2 MiB,3.8 MiB,12995.3 MiB
Python 3.0.1,nbody.py 50000000,260,1691145722,549597,python,5:04.86,14764,7620,4084,100.0,0.0,1,3,5:04,0,4,3988,0,2033,0,7620,295,2,277,16,0,12.8,2.3,0.0,85.0,0.0,0.0,0.0,0.0,15795.0 MiB,4025.9 MiB,2010.0 MiB,9759.0 MiB,4096.0 MiB,4092.2 MiB,3.8 MiB,12995.6 MiB
Python 3.0.1,nbody.py 50000000,261,1691145723,549597,python,5:06.03,14764,7620,4084,100.0,0.0,1,3,5:06,0,4,3988,0,2033,0,7620,295,2,277,16,0,13.0,0.8,0.0,86.3,0.0,0.0,0.0,0.0,15795.0 MiB,4025.9 MiB,2010.0 MiB,9759.0 MiB,4096.0 MiB,4092.2 MiB,3.8 MiB,12995.6 MiB
Python 3.0.1,nbody.py 50000000,262,1691145724,549597,python,5:07.20,14764,7620,4084,100.0,0.0,1,3,5:07,0,4,3988,0,2033,0,7620,295,2,277,16,0,13.5,1.5,0.0,84.2,0.8,0.0,0.0,0.0,15795.0 MiB,4026.1 MiB,2009.8 MiB,9759.0 MiB,4096.0 MiB,4092.2 MiB,3.8 MiB,12995.8 MiB
Python 3.0.1,nbody.py 50000000,263,1691145725,549597,python,5:08.38,14764,7620,4084,100.0,0.0,1,3,5:08,0,4,3988,0,2033,0,7620,295,2,277,16,0,13.0,0.8,0.0,86.3,0.0,0.0,0.0,0.0,15795.0 MiB,4026.1 MiB,2009.8 MiB,9759.0 MiB,4096.0 MiB,4092.2 MiB,3.8 MiB,12995.8 MiB
Python 3.0.1,nbody.py 50000000,264,1691145727,549597,python,5:09.55,14764,7620,4084,100.0,0.0,1,3,5:09,0,4,3988,0,2033,0,7620,295,2,277,16,0,14.2,1.5,0.0,84.3,0.0,0.0,0.0,0.0,15795.0 MiB,4026.4 MiB,2009.5 MiB,9759.0 MiB,4096.0 MiB,4092.2 MiB,3.8 MiB,12996.1 MiB
Python 3.0.1,nbody.py 50000000,265,1691145728,549597,python,5:10.72,14764,7620,4084,100.0,0.0,1,3,5:10,0,4,3988,0,2033,0,7620,295,2,277,16,0,12.2,1.5,0.0,86.3,0.0,0.0,0.0,0.0,15795.0 MiB,4025.9 MiB,2010.0 MiB,9759.1 MiB,4096.0 MiB,4092.2 MiB,3.8 MiB,12995.6 MiB
Python 3.0.1,nbody.py 50000000,266,1691145729,549597,python,5:11.89,14764,7620,4084,93.8,0.0,1,3,5:11,0,4,3988,0,2033,0,7620,295,2,277,16,0,12.9,1.5,0.0,85.6,0.0,0.0,0.0,0.0,15795.0 MiB,4025.9 MiB,2010.0 MiB,9759.1 MiB,4096.0 MiB,4092.2 MiB,3.8 MiB,12995.6 MiB
Python 3.0.1,nbody.py 50000000,267,1691145730,549597,python,5:13.06,14764,7620,4084,93.8,0.0,1,3,5:13,0,4,3988,0,2033,0,7620,295,2,277,16,0,12.8,1.5,0.0,85.7,0.0,0.0,0.0,0.0,15795.0 MiB,4025.9 MiB,2010.0 MiB,9759.1 MiB,4096.0 MiB,4092.2 MiB,3.8 MiB,12995.6 MiB
Python 3.0.1,nbody.py 50000000,268,1691145731,549597,python,5:14.24,14764,7620,4084,100.0,0.0,1,3,5:14,0,4,3988,0,2033,0,7620,295,2,277,16,0,12.2,1.5,0.0,86.3,0.0,0.0,0.0,0.0,15795.0 MiB,4026.1 MiB,2009.8 MiB,9759.1 MiB,4096.0 MiB,4092.2 MiB,3.8 MiB,12995.8 MiB
Python 3.0.1,nbody.py 50000000,269,1691145732,549597,python,5:15.41,14764,7620,4084,100.0,0.0,1,3,5:15,0,4,3988,0,2033,0,7620,295,2,277,16,0,13.0,0.8,0.0,86.3,0.0,0.0,0.0,0.0,15795.0 MiB,4025.9 MiB,2010.0 MiB,9759.1 MiB,4096.0 MiB,4092.2 MiB,3.8 MiB,12995.6 MiB
Python 3.0.1,nbody.py 50000000,270,1691145734,549597,python,5:16.58,14764,7620,4084,100.0,0.0,1,3,5:16,0,4,3988,0,2033,0,7620,295,2,277,16,0,13.1,0.0,0.0,86.9,0.0,0.0,0.0,0.0,15795.0 MiB,4026.1 MiB,2009.8 MiB,9759.1 MiB,4096.0 MiB,4092.2 MiB,3.8 MiB,12995.8 MiB
Python 3.0.1,nbody.py 50000000,271,1691145735,549597,python,5:17.75,14764,7620,4084,93.8,0.0,1,3,5:17,0,4,3988,0,2033,0,7620,295,2,277,16,0,12.9,1.5,0.0,85.6,0.0,0.0,0.0,0.0,15795.0 MiB,4026.1 MiB,2009.8 MiB,9759.1 MiB,4096.0 MiB,4092.2 MiB,3.8 MiB,12995.8 MiB
Python 3.0.1,nbody.py 50000000,272,1691145736,549597,python,5:18.92,14764,7620,4084,93.8,0.0,1,3,5:18,0,4,3988,0,2033,0,7620,295,2,277,16,0,12.3,0.8,0.0,86.9,0.0,0.0,0.0,0.0,15795.0 MiB,4026.1 MiB,2009.8 MiB,9759.1 MiB,4096.0 MiB,4092.2 MiB,3.8 MiB,12995.8 MiB
Python 3.0.1,nbody.py 50000000,273,1691145737,549597,python,5:20.10,14764,7620,4084,100.0,0.0,1,3,5:20,0,4,3988,0,2033,0,7620,295,2,277,16,0,13.0,0.8,0.0,86.3,0.0,0.0,0.0,0.0,15795.0 MiB,4025.7 MiB,2010.3 MiB,9759.1 MiB,4096.0 MiB,4092.2 MiB,3.8 MiB,12995.4 MiB
Python 3.0.1,nbody.py 50000000,274,1691145738,549597,python,5:21.27,14764,7620,4084,100.0,0.0,1,3,5:21,0,4,3988,0,2033,0,7620,295,2,277,16,0,12.2,1.5,0.0,86.3,0.0,0.0,0.0,0.0,15795.0 MiB,4026.1 MiB,2009.8 MiB,9759.1 MiB,4096.0 MiB,4092.2 MiB,3.8 MiB,12995.9 MiB
Python 3.0.1,nbody.py 50000000,275,1691145739,549597,python,5:22.44,14764,7620,4084,100.0,0.0,1,3,5:22,0,4,3988,0,2033,0,7620,295,2,277,16,0,13.0,0.8,0.0,86.3,0.0,0.0,0.0,0.0,15795.0 MiB,4026.4 MiB,2009.5 MiB,9759.1 MiB,4096.0 MiB,4092.2 MiB,3.8 MiB,12996.1 MiB
Python 3.0.1,nbody.py 50000000,276,1691145741,549597,python,5:23.61,14764,7620,4084,100.0,0.0,1,3,5:23,0,4,3988,0,2033,0,7620,295,2,277,16,0,13.6,0.8,0.0,85.6,0.0,0.0,0.0,0.0,15795.0 MiB,4026.6 MiB,2009.3 MiB,9759.1 MiB,4096.0 MiB,4092.2 MiB,3.8 MiB,12996.3 MiB
Python 3.0.1,nbody.py 50000000,277,1691145742,549597,python,5:24.78,14764,7620,4084,93.8,0.0,1,3,5:24,0,4,3988,0,2033,0,7620,295,2,277,16,0,13.0,1.5,0.0,85.5,0.0,0.0,0.0,0.0,15795.0 MiB,4026.1 MiB,2009.8 MiB,9759.1 MiB,4096.0 MiB,4092.2 MiB,3.8 MiB,12995.9 MiB
Python 3.0.1,nbody.py 50000000,278,1691145743,549597,python,5:25.95,14764,7620,4084,93.8,0.0,1,3,5:25,0,4,3988,0,2033,0,7620,295,2,277,16,0,13.0,0.8,0.0,86.3,0.0,0.0,0.0,0.0,15795.0 MiB,4026.4 MiB,2009.5 MiB,9759.1 MiB,4096.0 MiB,4092.2 MiB,3.8 MiB,12996.1 MiB
Python 3.0.1,nbody.py 50000000,279,1691145744,549597,python,5:27.13,14764,7620,4084,100.0,0.0,1,3,5:27,0,4,3988,0,2033,0,7620,295,2,277,16,0,12.9,1.5,0.0,85.6,0.0,0.0,0.0,0.0,15795.0 MiB,4026.6 MiB,2009.3 MiB,9759.1 MiB,4096.0 MiB,4092.2 MiB,3.8 MiB,12996.4 MiB
Python 3.0.1,nbody.py 50000000,280,1691145745,549597,python,5:28.30,14764,7620,4084,100.0,0.0,1,3,5:28,0,4,3988,0,2033,0,7620,295,2,277,16,0,13.0,0.8,0.0,86.3,0.0,0.0,0.0,0.0,15795.0 MiB,4026.6 MiB,2009.3 MiB,9759.1 MiB,4096.0 MiB,4092.2 MiB,3.8 MiB,12996.4 MiB
Python 3.0.1,nbody.py 50000000,281,1691145746,549597,python,5:29.47,14764,7620,4084,100.0,0.0,1,3,5:29,0,4,3988,0,2033,0,7620,295,2,277,16,0,13.6,0.8,0.0,85.6,0.0,0.0,0.0,0.0,15795.0 MiB,4026.4 MiB,2009.5 MiB,9759.1 MiB,4096.0 MiB,4092.2 MiB,3.8 MiB,12996.1 MiB
Python 3.0.1,nbody.py 50000000,282,1691145748,549597,python,5:30.64,14764,7620,4084,93.8,0.0,1,7,5:30,0,4,3988,0,2033,0,7620,295,2,277,16,0,13.0,0.8,0.0,86.3,0.0,0.0,0.0,0.0,15795.0 MiB,4026.4 MiB,2009.5 MiB,9759.1 MiB,4096.0 MiB,4092.2 MiB,3.8 MiB,12996.1 MiB
Python 3.0.1,nbody.py 50000000,283,1691145749,549597,python,5:31.81,14764,7620,4084,100.0,0.0,1,7,5:31,0,4,3988,0,2033,0,7620,295,2,277,16,0,13.0,1.5,0.0,85.5,0.0,0.0,0.0,0.0,15795.0 MiB,4026.4 MiB,2009.5 MiB,9759.1 MiB,4096.0 MiB,4092.2 MiB,3.8 MiB,12996.1 MiB
Python 3.0.1,nbody.py 50000000,284,1691145750,549597,python,5:32.99,14764,7620,4084,100.0,0.0,1,7,5:32,0,4,3988,0,2033,0,7620,295,2,277,16,0,12.2,1.5,0.0,86.3,0.0,0.0,0.0,0.0,15795.0 MiB,4026.2 MiB,2009.7 MiB,9759.1 MiB,4096.0 MiB,4092.2 MiB,3.8 MiB,12995.9 MiB
Python 3.0.1,nbody.py 50000000,285,1691145751,549597,python,5:34.16,14764,7620,4084,100.0,0.0,1,7,5:34,0,4,3988,0,2033,0,7620,295,2,277,16,0,13.0,0.8,0.0,86.3,0.0,0.0,0.0,0.0,15795.0 MiB,4026.2 MiB,2009.7 MiB,9759.1 MiB,4096.0 MiB,4092.2 MiB,3.8 MiB,12995.9 MiB
Python 3.0.1,nbody.py 50000000,286,1691145752,549597,python,5:35.33,14764,7620,4084,100.0,0.0,1,7,5:35,0,4,3988,0,2033,0,7620,295,2,277,16,0,13.0,0.8,0.0,86.3,0.0,0.0,0.0,0.0,15795.0 MiB,4026.2 MiB,2009.7 MiB,9759.1 MiB,4096.0 MiB,4092.2 MiB,3.8 MiB,12995.9 MiB
Python 3.0.1,nbody.py 50000000,287,1691145754,549597,python,5:36.50,14764,7620,4084,93.8,0.0,1,7,5:36,0,4,3988,0,2033,0,7620,295,2,277,16,0,12.9,0.8,0.0,86.4,0.0,0.0,0.0,0.0,15795.0 MiB,4026.2 MiB,2009.7 MiB,9759.1 MiB,4096.0 MiB,4092.2 MiB,3.8 MiB,12995.9 MiB
Python 3.0.1,nbody.py 50000000,288,1691145755,549597,python,5:37.68,14764,7620,4084,100.0,0.0,1,7,5:37,0,4,3988,0,2033,0,7620,295,2,277,16,0,14.3,0.8,0.0,85.0,0.0,0.0,0.0,0.0,15795.0 MiB,4026.4 MiB,2009.5 MiB,9759.1 MiB,4096.0 MiB,4092.2 MiB,3.8 MiB,12996.1 MiB
Python 3.0.1,nbody.py 50000000,289,1691145756,549597,python,5:38.85,14764,7620,4084,100.0,0.0,1,7,5:38,0,4,3988,0,2033,0,7620,295,2,277,16,0,13.0,0.8,0.0,86.3,0.0,0.0,0.0,0.0,15795.0 MiB,4026.2 MiB,2009.7 MiB,9759.1 MiB,4096.0 MiB,4092.2 MiB,3.8 MiB,12995.9 MiB
Python 3.0.1,nbody.py 50000000,290,1691145757,549597,python,5:40.02,14764,7620,4084,100.0,0.0,1,7,5:40,0,4,3988,0,2033,0,7620,295,2,277,16,0,12.3,0.8,0.0,86.9,0.0,0.0,0.0,0.0,15795.0 MiB,4026.2 MiB,2009.7 MiB,9759.1 MiB,4096.0 MiB,4092.2 MiB,3.8 MiB,12995.9 MiB
Python 3.0.1,nbody.py 50000000,291,1691145758,549597,python,5:41.19,14764,7620,4084,100.0,0.0,1,7,5:41,0,4,3988,0,2033,0,7620,295,2,277,16,0,14.2,1.5,0.0,84.3,0.0,0.0,0.0,0.0,15795.0 MiB,4026.4 MiB,2009.5 MiB,9759.1 MiB,4096.0 MiB,4092.2 MiB,3.8 MiB,12996.1 MiB
Python 3.0.1,nbody.py 50000000,292,1691145759,549597,python,5:42.37,14764,7620,4084,100.0,0.0,1,7,5:42,0,4,3988,0,2033,0,7620,295,2,277,16,0,13.0,0.8,0.0,86.3,0.0,0.0,0.0,0.0,15795.0 MiB,4027.1 MiB,2008.7 MiB,9759.1 MiB,4096.0 MiB,4092.2 MiB,3.8 MiB,12996.9 MiB
Python 3.0.1,nbody.py 50000000,293,1691145761,549597,python,5:43.54,14764,7620,4084,100.0,0.0,1,7,5:43,0,4,3988,0,2033,0,7620,295,2,277,16,0,12.9,1.5,0.0,85.6,0.0,0.0,0.0,0.0,15795.0 MiB,4026.9 MiB,2009.0 MiB,9759.1 MiB,4096.0 MiB,4092.2 MiB,3.8 MiB,12996.6 MiB
Python 3.0.1,nbody.py 50000000,294,1691145762,549597,python,5:44.71,14764,7620,4084,100.0,0.0,1,7,5:44,0,4,3988,0,2033,0,7620,295,2,277,16,0,13.0,0.8,0.0,86.3,0.0,0.0,0.0,0.0,15795.0 MiB,4026.9 MiB,2009.0 MiB,9759.1 MiB,4096.0 MiB,4092.2 MiB,3.8 MiB,12996.6 MiB
Python 3.0.1,nbody.py 50000000,295,1691145763,549597,python,5:45.88,14764,7620,4084,93.8,0.0,1,7,5:45,0,4,3988,0,2033,0,7620,295,2,277,16,0,12.9,1.5,0.0,85.6,0.0,0.0,0.0,0.0,15795.0 MiB,4026.9 MiB,2009.0 MiB,9759.1 MiB,4096.0 MiB,4092.2 MiB,3.8 MiB,12996.6 MiB
Python 3.0.1,nbody.py 50000000,296,1691145764,549597,python,5:47.05,14764,7620,4084,93.8,0.0,1,7,5:47,0,4,3988,0,2033,0,7620,295,2,277,16,0,13.6,0.8,0.0,84.8,0.8,0.0,0.0,0.0,15795.0 MiB,4026.7 MiB,2009.2 MiB,9759.1 MiB,4096.0 MiB,4092.2 MiB,3.8 MiB,12996.4 MiB
Python 3.0.1,nbody.py 50000000,297,1691145765,549597,python,5:48.23,14764,7620,4084,100.0,0.0,1,7,5:48,0,4,3988,0,2033,0,7620,295,2,277,16,0,13.0,0.8,0.0,86.3,0.0,0.0,0.0,0.0,15795.0 MiB,4025.9 MiB,2009.9 MiB,9759.1 MiB,4096.0 MiB,4092.2 MiB,3.8 MiB,12995.7 MiB
Python 3.0.1,nbody.py 50000000,298,1691145766,549597,python,5:49.40,14764,7620,4084,100.0,0.0,1,7,5:49,0,4,3988,0,2033,0,7620,295,2,277,16,0,13.0,0.8,0.0,86.3,0.0,0.0,0.0,0.0,15795.0 MiB,4025.7 MiB,2010.2 MiB,9759.1 MiB,4096.0 MiB,4092.2 MiB,3.8 MiB,12995.4 MiB
Python 3.0.1,nbody.py 50000000,299,1691145768,549597,python,5:50.57,14764,7620,4084,100.0,0.0,1,7,5:50,0,4,3988,0,2033,0,7620,295,2,277,16,0,13.0,0.8,0.0,86.3,0.0,0.0,0.0,0.0,15795.0 MiB,4025.4 MiB,2010.4 MiB,9759.1 MiB,4096.0 MiB,4092.2 MiB,3.8 MiB,12995.2 MiB
Python 3.0.1,nbody.py 50000000,300,1691145769,549597,python,5:51.74,14764,7620,4084,93.8,0.0,1,7,5:51,0,4,3988,0,2033,0,7620,295,2,277,16,0,13.0,0.8,0.0,86.3,0.0,0.0,0.0,0.0,15795.0 MiB,4025.4 MiB,2010.4 MiB,9759.1 MiB,4096.0 MiB,4092.2 MiB,3.8 MiB,12995.2 MiB
Python 3.0.1,nbody.py 50000000,301,1691145770,549597,python,5:52.91,14764,7620,4084,93.8,0.0,1,7,5:52,0,4,3988,0,2033,0,7620,295,2,277,16,0,13.0,0.8,0.0,86.3,0.0,0.0,0.0,0.0,15795.0 MiB,4025.4 MiB,2010.4 MiB,9759.1 MiB,4096.0 MiB,4092.2 MiB,3.8 MiB,12995.2 MiB
Python 3.0.1,nbody.py 50000000,302,1691145771,549597,python,5:54.09,14764,7620,4084,100.0,0.0,1,7,5:54,0,4,3988,0,2033,0,7620,295,2,277,16,0,13.0,0.8,0.0,86.3,0.0,0.0,0.0,0.0,15795.0 MiB,4025.2 MiB,2010.7 MiB,9759.1 MiB,4096.0 MiB,4092.2 MiB,3.8 MiB,12995.0 MiB
Python 3.0.1,nbody.py 50000000,303,1691145772,549597,python,5:55.26,14764,7620,4084,100.0,0.0,1,7,5:55,0,4,3988,0,2033,0,7620,295,2,277,16,0,13.0,1.5,0.0,85.5,0.0,0.0,0.0,0.0,15795.0 MiB,4024.9 MiB,2010.9 MiB,9759.1 MiB,4096.0 MiB,4092.2 MiB,3.8 MiB,12994.7 MiB
Python 3.0.1,nbody.py 50000000,304,1691145773,549597,python,5:56.43,14764,7620,4084,100.0,0.0,1,7,5:56,0,4,3988,0,2033,0,7620,295,2,277,16,0,12.9,1.5,0.0,85.6,0.0,0.0,0.0,0.0,15795.0 MiB,4024.9 MiB,2010.9 MiB,9759.1 MiB,4096.0 MiB,4092.2 MiB,3.8 MiB,12994.7 MiB
Python 3.0.1,nbody.py 50000000,305,1691145775,549597,python,5:57.60,14764,7620,4084,93.8,0.0,1,7,5:57,0,4,3988,0,2033,0,7620,295,2,277,16,0,12.9,1.5,0.0,85.6,0.0,0.0,0.0,0.0,15795.0 MiB,4024.7 MiB,2011.1 MiB,9759.1 MiB,4096.0 MiB,4092.2 MiB,3.8 MiB,12994.5 MiB
Python 3.0.1,nbody.py 50000000,306,1691145776,549597,python,5:58.77,14764,7620,4084,100.0,0.0,1,7,5:58,0,4,3988,0,2033,0,7620,295,2,277,16,0,13.7,0.0,0.0,86.3,0.0,0.0,0.0,0.0,15795.0 MiB,4024.7 MiB,2011.1 MiB,9759.2 MiB,4096.0 MiB,4092.2 MiB,3.8 MiB,12994.5 MiB
Python 3.0.1,nbody.py 50000000,307,1691145777,549597,python,5:59.95,14764,7620,4084,100.0,0.0,1,7,5:59,0,4,3988,0,2033,0,7620,295,2,277,16,0,13.0,0.8,0.0,86.3,0.0,0.0,0.0,0.0,15795.0 MiB,4024.7 MiB,2011.1 MiB,9759.2 MiB,4096.0 MiB,4092.2 MiB,3.8 MiB,12994.5 MiB
Python 3.0.1,nbody.py 50000000,308,1691145778,549597,python,6:01.12,14764,7620,4084,100.0,0.0,1,7,6:01,0,4,3988,0,2033,0,7620,295,2,277,16,0,13.0,0.8,0.0,86.3,0.0,0.0,0.0,0.0,15795.0 MiB,4024.7 MiB,2011.1 MiB,9759.2 MiB,4096.0 MiB,4092.2 MiB,3.8 MiB,12994.5 MiB
Python 3.0.1,nbody.py 50000000,309,1691145779,549597,python,6:02.29,14764,7620,4084,100.0,0.0,1,7,6:02,0,4,3988,0,2033,0,7620,295,2,277,16,0,13.1,0.8,0.0,86.2,0.0,0.0,0.0,0.0,15795.0 MiB,4024.9 MiB,2010.9 MiB,9759.2 MiB,4096.0 MiB,4092.2 MiB,3.8 MiB,12994.7 MiB
Python 3.0.1,nbody.py 50000000,310,1691145780,549597,python,6:03.46,14764,7620,4084,93.8,0.0,1,7,6:03,0,4,3988,0,2033,0,7620,295,2,277,16,0,12.3,0.8,0.0,86.9,0.0,0.0,0.0,0.0,15795.0 MiB,4024.9 MiB,2010.9 MiB,9759.2 MiB,4096.0 MiB,4092.2 MiB,3.8 MiB,12994.7 MiB
Python 3.0.1,nbody.py 50000000,311,1691145782,549597,python,6:04.63,14764,7620,4084,100.0,0.0,1,3,6:04,0,4,3988,0,2033,0,7620,295,2,277,16,0,13.0,0.8,0.0,86.3,0.0,0.0,0.0,0.0,15795.0 MiB,4024.9 MiB,2010.9 MiB,9759.2 MiB,4096.0 MiB,4092.2 MiB,3.8 MiB,12994.7 MiB
Python 3.0.1,nbody.py 50000000,312,1691145783,549597,python,6:05.81,14764,7620,4084,100.0,0.0,1,3,6:05,0,4,3988,0,2033,0,7620,295,2,277,16,0,13.0,0.8,0.0,86.3,0.0,0.0,0.0,0.0,15795.0 MiB,4025.2 MiB,2010.6 MiB,9759.2 MiB,4096.0 MiB,4092.2 MiB,3.8 MiB,12995.0 MiB
Python 3.0.1,nbody.py 50000000,313,1691145784,549597,python,6:06.98,14764,7620,4084,100.0,0.0,1,3,6:06,0,4,3988,0,2033,0,7620,295,2,277,16,0,13.6,0.8,0.0,85.6,0.0,0.0,0.0,0.0,15795.0 MiB,4025.2 MiB,2010.6 MiB,9759.2 MiB,4096.0 MiB,4092.2 MiB,3.8 MiB,12995.0 MiB
Python 3.0.1,nbody.py 50000000,314,1691145785,549597,python,6:08.16,14764,7620,4084,100.0,0.0,1,3,6:08,0,4,3988,0,2033,0,7620,295,2,277,16,0,13.0,1.4,0.0,85.5,0.0,0.0,0.0,0.0,15795.0 MiB,4025.2 MiB,2010.6 MiB,9759.2 MiB,4096.0 MiB,4092.2 MiB,3.8 MiB,12995.0 MiB
Python 3.0.1,nbody.py 50000000,315,1691145786,549597,python,6:09.33,14764,7620,4084,100.0,0.0,1,3,6:09,0,4,3988,0,2033,0,7620,295,2,277,16,0,12.3,1.5,0.0,86.2,0.0,0.0,0.0,0.0,15795.0 MiB,4024.7 MiB,2011.1 MiB,9759.2 MiB,4096.0 MiB,4092.2 MiB,3.8 MiB,12994.5 MiB
Python 3.0.1,nbody.py 50000000,316,1691145788,549597,python,6:10.51,14764,7620,4084,100.0,0.0,1,0,6:10,0,4,3988,0,2033,0,7620,295,2,277,16,0,13.3,0.7,0.0,85.9,0.0,0.0,0.0,0.0,15795.0 MiB,4024.7 MiB,2011.1 MiB,9759.2 MiB,4096.0 MiB,4092.2 MiB,3.8 MiB,12994.5 MiB
Python 3.0.1,nbody.py 50000000,317,1691145789,549597,python,6:11.68,14764,7620,4084,93.8,0.0,1,0,6:11,0,4,3988,0,2033,0,7620,295,2,277,16,0,14.3,0.8,0.0,85.0,0.0,0.0,0.0,0.0,15795.0 MiB,4024.2 MiB,2011.6 MiB,9759.2 MiB,4096.0 MiB,4092.2 MiB,3.8 MiB,12994.0 MiB
Python 3.0.1,nbody.py 50000000,318,1691145790,549597,python,6:12.85,14764,7620,4084,100.0,0.0,1,0,6:12,0,4,3988,0,2033,0,7620,295,2,277,16,0,13.0,0.8,0.0,86.3,0.0,0.0,0.0,0.0,15795.0 MiB,4024.0 MiB,2011.8 MiB,9759.2 MiB,4096.0 MiB,4092.2 MiB,3.8 MiB,12993.8 MiB
Python 3.0.1,nbody.py 50000000,319,1691145791,549597,python,6:14.03,14764,7620,4084,100.0,0.0,1,0,6:14,0,4,3988,0,2033,0,7620,295,2,277,16,0,13.0,0.8,0.0,86.3,0.0,0.0,0.0,0.0,15795.0 MiB,4024.2 MiB,2011.6 MiB,9759.2 MiB,4096.0 MiB,4092.2 MiB,3.8 MiB,12994.0 MiB
Python 3.0.1,nbody.py 50000000,320,1691145792,549597,python,6:15.20,14764,7620,4084,100.0,0.0,1,0,6:15,0,4,3988,0,2033,0,7620,295,2,277,16,0,13.0,0.8,0.0,86.3,0.0,0.0,0.0,0.0,15795.0 MiB,4024.2 MiB,2011.6 MiB,9759.2 MiB,4096.0 MiB,4092.2 MiB,3.8 MiB,12994.0 MiB
Python 3.0.1,nbody.py 50000000,321,1691145793,549597,python,6:16.37,14764,7620,4084,100.0,0.0,1,4,6:16,0,4,3988,0,2033,0,7620,295,2,277,16,0,13.0,0.8,0.0,86.3,0.0,0.0,0.0,0.0,15795.0 MiB,4024.2 MiB,2011.6 MiB,9759.2 MiB,4096.0 MiB,4092.2 MiB,3.8 MiB,12994.0 MiB
Python 3.0.1,nbody.py 50000000,322,1691145795,549597,python,6:17.55,14764,7620,4084,94.1,0.0,1,4,6:17,0,4,3988,0,2033,0,7620,295,2,277,16,0,13.3,0.7,0.0,85.9,0.0,0.0,0.0,0.0,15795.0 MiB,4024.2 MiB,2011.6 MiB,9759.2 MiB,4096.0 MiB,4092.2 MiB,3.8 MiB,12994.1 MiB
Python 3.0.1,nbody.py 50000000,323,1691145796,549597,python,6:18.72,14764,7620,4084,93.8,0.0,1,4,6:18,0,4,3988,0,2033,0,7620,295,2,277,16,0,12.9,0.8,0.0,86.4,0.0,0.0,0.0,0.0,15795.0 MiB,4024.2 MiB,2011.6 MiB,9759.2 MiB,4096.0 MiB,4092.2 MiB,3.8 MiB,12994.1 MiB
Python 3.0.1,nbody.py 50000000,324,1691145797,549597,python,6:19.89,14764,7620,4084,93.8,0.0,1,4,6:19,0,4,3988,0,2033,0,7620,295,2,277,16,0,13.6,0.8,0.0,85.6,0.0,0.0,0.0,0.0,15795.0 MiB,4024.5 MiB,2011.3 MiB,9759.2 MiB,4096.0 MiB,4092.2 MiB,3.8 MiB,12994.3 MiB
Python 3.0.1,nbody.py 50000000,325,1691145798,549597,python,6:21.07,14764,7620,4084,100.0,0.0,1,4,6:21,0,4,3988,0,2033,0,7620,295,2,277,16,0,12.9,1.5,0.0,85.6,0.0,0.0,0.0,0.0,15795.0 MiB,4024.5 MiB,2011.3 MiB,9759.2 MiB,4096.0 MiB,4092.2 MiB,3.8 MiB,12994.3 MiB
Python 3.0.1,nbody.py 50000000,326,1691145799,549597,python,6:22.24,14764,7620,4084,100.0,0.0,1,4,6:22,0,4,3988,0,2033,0,7620,295,2,277,16,0,12.2,1.5,0.0,85.5,0.8,0.0,0.0,0.0,15795.0 MiB,4024.5 MiB,2011.3 MiB,9759.2 MiB,4096.0 MiB,4092.2 MiB,3.8 MiB,12994.3 MiB
Python 3.0.1,nbody.py 50000000,327,1691145800,549597,python,6:23.41,14764,7620,4084,100.0,0.0,1,0,6:23,0,4,3988,0,2033,0,7620,295,2,277,16,0,13.6,0.8,0.0,85.6,0.0,0.0,0.0,0.0,15795.0 MiB,4024.7 MiB,2011.1 MiB,9759.2 MiB,4096.0 MiB,4092.2 MiB,3.8 MiB,12994.6 MiB
Python 3.0.1,nbody.py 50000000,328,1691145802,549597,python,6:24.58,14764,7620,4084,93.8,0.0,1,0,6:24,0,4,3988,0,2033,0,7620,295,2,277,16,0,13.1,0.8,0.0,86.2,0.0,0.0,0.0,0.0,15795.0 MiB,4024.7 MiB,2011.1 MiB,9759.2 MiB,4096.0 MiB,4092.2 MiB,3.8 MiB,12994.6 MiB
Python 3.0.1,nbody.py 50000000,329,1691145803,549597,python,6:25.75,14764,7620,4084,93.8,0.0,1,0,6:25,0,4,3988,0,2033,0,7620,295,2,277,16,0,12.9,0.8,0.0,86.4,0.0,0.0,0.0,0.0,15795.0 MiB,4025.0 MiB,2010.8 MiB,9759.2 MiB,4096.0 MiB,4092.2 MiB,3.8 MiB,12994.8 MiB
Python 3.0.1,nbody.py 50000000,330,1691145804,549597,python,6:26.93,14764,7620,4084,100.0,0.0,1,0,6:26,0,4,3988,0,2033,0,7620,295,2,277,16,0,13.5,0.8,0.0,85.7,0.0,0.0,0.0,0.0,15795.0 MiB,4025.0 MiB,2010.8 MiB,9759.2 MiB,4096.0 MiB,4092.2 MiB,3.8 MiB,12994.8 MiB
Python 3.0.1,nbody.py 50000000,331,1691145805,549597,python,6:28.10,14764,7620,4084,100.0,0.0,1,0,6:28,0,4,3988,0,2033,0,7620,295,2,277,16,0,13.1,0.8,0.0,86.2,0.0,0.0,0.0,0.0,15795.0 MiB,4024.5 MiB,2011.3 MiB,9759.2 MiB,4096.0 MiB,4092.2 MiB,3.8 MiB,12994.3 MiB
Python 3.0.1,nbody.py 50000000,332,1691145806,549597,python,6:29.27,14764,7620,4084,100.0,0.0,1,0,6:29,0,4,3988,0,2033,0,7620,295,2,277,16,0,13.0,0.8,0.0,86.3,0.0,0.0,0.0,0.0,15795.0 MiB,4024.2 MiB,2011.5 MiB,9759.2 MiB,4096.0 MiB,4092.2 MiB,3.8 MiB,12994.1 MiB
Python 3.0.1,nbody.py 50000000,333,1691145807,549597,python,6:30.44,14764,7620,4084,100.0,0.0,1,0,6:30,0,4,3988,0,2033,0,7620,295,2,277,16,0,13.0,0.8,0.0,86.3,0.0,0.0,0.0,0.0,15795.0 MiB,4024.5 MiB,2011.3 MiB,9759.2 MiB,4096.0 MiB,4092.2 MiB,3.8 MiB,12994.3 MiB
Python 3.0.1,nbody.py 50000000,334,1691145809,549597,python,6:31.61,14764,7620,4084,93.8,0.0,1,0,6:31,0,4,3988,0,2033,0,7620,295,2,277,16,0,13.7,0.8,0.0,85.5,0.0,0.0,0.0,0.0,15795.0 MiB,4024.5 MiB,2011.3 MiB,9759.2 MiB,4096.0 MiB,4092.2 MiB,3.8 MiB,12994.3 MiB
Python 3.0.1,nbody.py 50000000,335,1691145810,549597,python,6:32.78,14764,7620,4084,100.0,0.0,1,0,6:32,0,4,3988,0,2033,0,7620,295,2,277,16,0,14.3,0.0,0.0,85.7,0.0,0.0,0.0,0.0,15795.0 MiB,4024.5 MiB,2011.3 MiB,9759.2 MiB,4096.0 MiB,4092.2 MiB,3.8 MiB,12994.3 MiB
Python 3.0.1,nbody.py 50000000,336,1691145811,549597,python,6:33.96,14764,7620,4084,100.0,0.0,1,0,6:33,0,4,3988,0,2033,0,7620,295,2,277,16,0,12.9,1.5,0.0,85.6,0.0,0.0,0.0,0.0,15795.0 MiB,4024.5 MiB,2011.3 MiB,9759.2 MiB,4096.0 MiB,4092.2 MiB,3.8 MiB,12994.3 MiB
Python 3.0.1,nbody.py 50000000,337,1691145812,549597,python,6:35.13,14764,7620,4084,100.0,0.0,1,0,6:35,0,4,3988,0,2033,0,7620,295,3,276,16,0,12.9,1.5,0.0,85.6,0.0,0.0,0.0,0.0,15795.0 MiB,4024.2 MiB,2011.5 MiB,9759.2 MiB,4096.0 MiB,4092.2 MiB,3.8 MiB,12994.1 MiB
Python 3.0.1,nbody.py 50000000,338,1691145813,549597,python,6:36.30,14764,7620,4084,100.0,0.0,1,4,6:36,0,4,3988,0,2033,0,7620,295,2,277,16,0,12.8,1.5,0.0,85.7,0.0,0.0,0.0,0.0,15795.0 MiB,4024.0 MiB,2011.8 MiB,9759.2 MiB,4096.0 MiB,4092.2 MiB,3.8 MiB,12993.8 MiB
Python 3.0.1,nbody.py 50000000,339,1691145814,549597,python,6:37.47,14764,7620,4084,100.0,0.0,1,4,6:37,0,4,3988,0,2033,0,7620,295,2,277,16,0,13.0,0.8,0.0,86.3,0.0,0.0,0.0,0.0,15795.0 MiB,4024.0 MiB,2011.8 MiB,9759.2 MiB,4096.0 MiB,4092.2 MiB,3.8 MiB,12993.9 MiB
Python 3.0.1,nbody.py 50000000,340,1691145816,549597,python,6:38.64,14764,7620,4084,93.8,0.0,1,4,6:38,0,4,3988,0,2033,0,7620,295,2,277,16,0,13.6,0.8,0.0,85.6,0.0,0.0,0.0,0.0,15795.0 MiB,4024.0 MiB,2011.8 MiB,9759.2 MiB,4096.0 MiB,4092.2 MiB,3.8 MiB,12993.9 MiB
Python 3.0.1,nbody.py 50000000,341,1691145817,549597,python,6:39.82,14764,7620,4084,100.0,0.0,1,4,6:39,0,4,3988,0,2033,0,7620,295,2,277,16,0,12.2,1.5,0.0,86.3,0.0,0.0,0.0,0.0,15795.0 MiB,4024.0 MiB,2011.8 MiB,9759.2 MiB,4096.0 MiB,4092.2 MiB,3.8 MiB,12993.9 MiB
Python 3.0.1,nbody.py 50000000,342,1691145818,549597,python,6:40.99,14764,7620,4084,100.0,0.0,1,4,6:40,0,4,3988,0,2033,0,7620,295,2,277,16,0,12.8,1.5,0.0,85.7,0.0,0.0,0.0,0.0,15795.0 MiB,4024.0 MiB,2011.8 MiB,9759.2 MiB,4096.0 MiB,4092.2 MiB,3.8 MiB,12993.9 MiB
Python 3.0.1,nbody.py 50000000,343,1691145819,549597,python,6:42.16,14764,7620,4084,100.0,0.0,1,4,6:42,0,4,3988,0,2033,0,7620,295,2,277,16,0,13.0,0.8,0.0,86.3,0.0,0.0,0.0,0.0,15795.0 MiB,4023.7 MiB,2012.0 MiB,9759.2 MiB,4096.0 MiB,4092.2 MiB,3.8 MiB,12993.6 MiB
Python 3.0.1,nbody.py 50000000,344,1691145820,549597,python,6:43.34,14764,7620,4084,100.0,0.0,1,0,6:43,0,4,3988,0,2033,0,7620,295,2,277,16,0,12.1,0.8,0.0,86.4,0.8,0.0,0.0,0.0,15795.0 MiB,4023.7 MiB,2012.0 MiB,9759.3 MiB,4096.0 MiB,4092.2 MiB,3.8 MiB,12993.6 MiB
Python 3.0.1,nbody.py 50000000,345,1691145822,549597,python,6:44.51,14764,7620,4084,100.0,0.0,1,0,6:44,0,4,3988,0,2033,0,7620,295,2,277,16,0,13.0,0.8,0.0,86.3,0.0,0.0,0.0,0.0,15795.0 MiB,4023.7 MiB,2012.0 MiB,9759.3 MiB,4096.0 MiB,4092.2 MiB,3.8 MiB,12993.6 MiB
Python 3.0.1,nbody.py 50000000,346,1691145823,549597,python,6:45.68,14764,7620,4084,100.0,0.0,1,0,6:45,0,4,3988,0,2033,0,7620,295,2,277,16,0,12.9,1.5,0.0,85.6,0.0,0.0,0.0,0.0,15795.0 MiB,4023.7 MiB,2012.0 MiB,9759.3 MiB,4096.0 MiB,4092.2 MiB,3.8 MiB,12993.6 MiB
Python 3.0.1,nbody.py 50000000,347,1691145824,549597,python,6:46.85,14764,7620,4084,93.8,0.0,1,4,6:46,0,4,3988,0,2033,0,7620,295,2,277,16,0,13.0,0.8,0.0,86.3,0.0,0.0,0.0,0.0,15795.0 MiB,4024.0 MiB,2011.7 MiB,9759.3 MiB,4096.0 MiB,4092.2 MiB,3.8 MiB,12993.9 MiB
Python 3.0.1,nbody.py 50000000,348,1691145825,549597,python,6:48.02,14764,7620,4084,100.0,0.0,1,4,6:48,0,4,3988,0,2033,0,7620,295,2,277,16,0,13.0,0.8,0.0,86.3,0.0,0.0,0.0,0.0,15795.0 MiB,4024.0 MiB,2011.7 MiB,9759.3 MiB,4096.0 MiB,4092.2 MiB,3.8 MiB,12993.9 MiB
Python 3.0.1,nbody.py 50000000,349,1691145826,549597,python,6:49.20,14764,7620,4084,100.0,0.0,1,4,6:49,0,4,3988,0,2033,0,7620,295,2,277,16,0,13.0,0.8,0.0,86.3,0.0,0.0,0.0,0.0,15795.0 MiB,4024.0 MiB,2011.7 MiB,9759.3 MiB,4096.0 MiB,4092.2 MiB,3.8 MiB,12993.9 MiB
Python 3.0.1,nbody.py 50000000,350,1691145827,549597,python,6:50.37,14764,7620,4084,100.0,0.0,1,4,6:50,0,4,3988,0,2033,0,7620,295,2,277,16,0,12.9,0.8,0.0,86.4,0.0,0.0,0.0,0.0,15795.0 MiB,4023.7 MiB,2012.0 MiB,9759.3 MiB,4096.0 MiB,4092.2 MiB,3.8 MiB,12993.6 MiB
Python 3.0.1,nbody.py 50000000,351,1691145829,549597,python,6:51.54,14764,7620,4084,100.0,0.0,1,0,6:51,0,4,3988,0,2033,0,7620,295,2,277,16,0,12.3,0.8,0.0,86.9,0.0,0.0,0.0,0.0,15795.0 MiB,4024.0 MiB,2011.7 MiB,9759.3 MiB,4096.0 MiB,4092.2 MiB,3.8 MiB,12993.9 MiB
Python 3.0.1,nbody.py 50000000,352,1691145830,549597,python,6:52.71,14764,7620,4084,100.0,0.0,1,0,6:52,0,4,3988,0,2033,0,7620,295,2,277,16,0,13.0,0.8,0.0,86.3,0.0,0.0,0.0,0.0,15795.0 MiB,4024.0 MiB,2011.7 MiB,9759.3 MiB,4096.0 MiB,4092.2 MiB,3.8 MiB,12993.9 MiB
Python 3.0.1,nbody.py 50000000,353,1691145831,549597,python,6:53.88,14764,7620,4084,93.8,0.0,1,0,6:53,0,4,3988,0,2033,0,7620,295,2,277,16,0,13.0,0.8,0.0,86.3,0.0,0.0,0.0,0.0,15795.0 MiB,4023.7 MiB,2012.0 MiB,9759.3 MiB,4096.0 MiB,4092.2 MiB,3.8 MiB,12993.6 MiB
Python 3.0.1,nbody.py 50000000,354,1691145832,549597,python,6:55.06,14764,7620,4084,100.0,0.0,1,4,6:55,0,4,3988,0,2033,0,7620,295,2,277,16,0,13.0,0.8,0.0,85.5,0.8,0.0,0.0,0.0,15795.0 MiB,4023.7 MiB,2012.0 MiB,9759.3 MiB,4096.0 MiB,4092.2 MiB,3.8 MiB,12993.6 MiB
Python 3.0.1,nbody.py 50000000,355,1691145833,549597,python,6:56.23,14764,7620,4084,100.0,0.0,1,4,6:56,0,4,3988,0,2033,0,7620,295,2,277,16,0,12.9,1.5,0.0,85.6,0.0,0.0,0.0,0.0,15795.0 MiB,4023.5 MiB,2012.2 MiB,9759.3 MiB,4096.0 MiB,4092.2 MiB,3.8 MiB,12993.4 MiB
Python 3.0.1,nbody.py 50000000,356,1691145834,549597,python,6:57.40,14764,7620,4084,100.0,0.0,1,4,6:57,0,4,3988,0,2033,0,7620,295,2,277,16,0,13.0,0.0,0.0,87.0,0.0,0.0,0.0,0.0,15795.0 MiB,4023.5 MiB,2012.2 MiB,9759.3 MiB,4096.0 MiB,4092.2 MiB,3.8 MiB,12993.4 MiB
Python 3.0.1,nbody.py 50000000,357,1691145836,549597,python,6:58.57,14764,7620,4084,100.0,0.0,1,4,6:58,0,4,3988,0,2033,0,7620,295,2,277,16,0,13.5,1.5,0.0,85.0,0.0,0.0,0.0,0.0,15795.0 MiB,4023.5 MiB,2012.2 MiB,9759.3 MiB,4096.0 MiB,4092.2 MiB,3.8 MiB,12993.4 MiB
Python 3.0.1,nbody.py 50000000,358,1691145837,549597,python,6:59.74,14764,7620,4084,93.8,0.0,1,0,6:59,0,4,3988,0,2033,0,7620,295,2,277,16,0,12.9,1.5,0.0,85.6,0.0,0.0,0.0,0.0,15795.0 MiB,4023.5 MiB,2012.2 MiB,9759.3 MiB,4096.0 MiB,4092.2 MiB,3.8 MiB,12993.4 MiB
Python 3.0.1,nbody.py 50000000,359,1691145838,549597,python,7:00.92,14764,7620,4084,100.0,0.0,1,0,7:00,0,4,3988,0,2033,0,7620,295,2,277,16,0,13.6,0.8,0.0,85.6,0.0,0.0,0.0,0.0,15795.0 MiB,4023.2 MiB,2012.4 MiB,9759.3 MiB,4096.0 MiB,4092.2 MiB,3.8 MiB,12993.2 MiB
Python 3.0.1,nbody.py 50000000,360,1691145839,549597,python,7:02.09,14764,7620,4084,100.0,0.0,1,0,7:02,0,4,3988,0,2033,0,7620,295,2,277,16,0,13.0,0.8,0.0,86.3,0.0,0.0,0.0,0.0,15795.0 MiB,4023.0 MiB,2012.7 MiB,9759.3 MiB,4096.0 MiB,4092.2 MiB,3.8 MiB,12992.9 MiB
Python 3.0.1,nbody.py 50000000,361,1691145840,549597,python,7:03.26,14764,7620,4084,100.0,0.0,1,0,7:03,0,4,3988,0,2033,0,7620,295,2,277,16,0,13.6,0.8,0.0,85.6,0.0,0.0,0.0,0.0,15795.0 MiB,4023.0 MiB,2012.7 MiB,9759.3 MiB,4096.0 MiB,4092.2 MiB,3.8 MiB,12992.9 MiB
Python 3.0.1,nbody.py 50000000,362,1691145841,549597,python,7:04.43,14764,7620,4084,100.0,0.0,1,0,7:04,0,4,3988,0,2033,0,7620,295,2,277,16,0,13.7,0.0,0.0,86.3,0.0,0.0,0.0,0.0,15795.0 MiB,4023.2 MiB,2012.4 MiB,9759.3 MiB,4096.0 MiB,4092.2 MiB,3.8 MiB,12993.2 MiB
Python 3.0.1,nbody.py 50000000,363,1691145843,549597,python,7:05.60,14764,7620,4084,93.8,0.0,1,0,7:05,0,4,3988,0,2033,0,7620,295,2,277,16,0,12.9,0.8,0.0,86.4,0.0,0.0,0.0,0.0,15795.0 MiB,4023.2 MiB,2012.4 MiB,9759.3 MiB,4096.0 MiB,4092.2 MiB,3.8 MiB,12993.2 MiB
Python 3.0.1,nbody.py 50000000,364,1691145844,549597,python,7:06.78,14764,7620,4084,100.0,0.0,1,4,7:06,0,4,3988,0,2033,0,7620,295,2,277,16,0,13.0,0.8,0.0,86.3,0.0,0.0,0.0,0.0,15795.0 MiB,4023.0 MiB,2012.7 MiB,9759.3 MiB,4096.0 MiB,4092.2 MiB,3.8 MiB,12992.9 MiB
Python 3.0.1,nbody.py 50000000,365,1691145845,549597,python,7:07.95,14764,7620,4084,100.0,0.0,1,4,7:07,0,4,3988,0,2033,0,7620,295,2,277,16,0,13.6,0.8,0.0,85.6,0.0,0.0,0.0,0.0,15795.0 MiB,4023.0 MiB,2012.7 MiB,9759.3 MiB,4096.0 MiB,4092.2 MiB,3.8 MiB,12993.0 MiB
Python 3.0.1,nbody.py 50000000,366,1691145846,549597,python,7:09.12,14764,7620,4084,100.0,0.0,1,4,7:09,0,4,3988,0,2033,0,7620,295,2,277,16,0,12.9,1.5,0.0,85.6,0.0,0.0,0.0,0.0,15795.0 MiB,4022.8 MiB,2012.9 MiB,9759.3 MiB,4096.0 MiB,4092.2 MiB,3.8 MiB,12992.7 MiB
Python 3.0.1,nbody.py 50000000,367,1691145847,549597,python,7:10.29,14764,7620,4084,100.0,0.0,1,4,7:10,0,4,3988,0,2033,0,7620,295,2,277,16,0,13.0,0.8,0.0,86.3,0.0,0.0,0.0,0.0,15795.0 MiB,4022.8 MiB,2012.9 MiB,9759.3 MiB,4096.0 MiB,4092.2 MiB,3.8 MiB,12992.7 MiB
Python 3.0.1,nbody.py 50000000,368,1691145848,549597,python,7:11.46,14764,7620,4084,93.8,0.0,1,0,7:11,0,4,3988,0,2033,0,7620,295,2,277,16,0,13.0,0.8,0.0,86.3,0.0,0.0,0.0,0.0,15795.0 MiB,4022.8 MiB,2012.9 MiB,9759.3 MiB,4096.0 MiB,4092.2 MiB,3.8 MiB,12992.7 MiB
Python 3.0.1,nbody.py 50000000,369,1691145850,549597,python,7:12.64,14764,7620,4084,100.0,0.0,1,0,7:12,0,4,3988,0,2033,0,7620,295,2,277,16,0,12.2,1.5,0.0,86.3,0.0,0.0,0.0,0.0,15795.0 MiB,4022.5 MiB,2013.1 MiB,9759.3 MiB,4096.0 MiB,4092.2 MiB,3.8 MiB,12992.5 MiB
Python 3.0.1,nbody.py 50000000,370,1691145851,549597,python,7:13.82,14764,7620,4084,100.0,0.0,1,0,7:13,0,4,3988,0,2033,0,7620,295,2,277,16,0,13.7,1.4,0.0,84.9,0.0,0.0,0.0,0.0,15795.0 MiB,4022.5 MiB,2013.1 MiB,9759.3 MiB,4096.0 MiB,4092.2 MiB,3.8 MiB,12992.5 MiB
Python 3.0.1,nbody.py 50000000,371,1691145852,549597,python,7:14.99,14764,7620,4084,93.8,0.0,1,4,7:14,0,4,3988,0,2033,0,7620,295,2,277,16,0,12.3,0.8,0.0,86.9,0.0,0.0,0.0,0.0,15795.0 MiB,4023.0 MiB,2012.6 MiB,9759.3 MiB,4096.0 MiB,4092.2 MiB,3.8 MiB,12993.0 MiB
Python 3.0.1,nbody.py 50000000,372,1691145853,549597,python,7:16.16,14764,7620,4084,93.8,0.0,1,4,7:16,0,4,3988,0,2033,0,7620,295,2,277,16,0,13.0,1.5,0.0,85.5,0.0,0.0,0.0,0.0,15795.0 MiB,4022.8 MiB,2012.9 MiB,9759.3 MiB,4096.0 MiB,4092.2 MiB,3.8 MiB,12992.7 MiB
Python 3.0.1,nbody.py 50000000,373,1691145854,549597,python,7:17.34,14764,7620,4084,100.0,0.0,1,4,7:17,0,4,3988,0,2033,0,7620,295,2,277,16,0,13.2,0.7,0.0,86.0,0.0,0.0,0.0,0.0,15795.0 MiB,4023.0 MiB,2012.6 MiB,9759.3 MiB,4096.0 MiB,4092.2 MiB,3.8 MiB,12993.0 MiB
Python 3.0.1,nbody.py 50000000,374,1691145856,549597,python,7:18.52,14764,7620,4084,100.0,0.0,1,4,7:18,0,4,3988,0,2033,0,7620,295,2,277,16,0,13.0,0.8,0.0,86.3,0.0,0.0,0.0,0.0,15795.0 MiB,4022.8 MiB,2012.9 MiB,9759.3 MiB,4096.0 MiB,4092.2 MiB,3.8 MiB,12992.7 MiB
Python 3.0.1,nbody.py 50000000,375,1691145857,549597,python,7:19.69,14764,7620,4084,93.8,0.0,1,0,7:19,0,4,3988,0,2033,0,7620,295,2,277,16,0,12.9,0.8,0.0,86.4,0.0,0.0,0.0,0.0,15795.0 MiB,4022.8 MiB,2012.9 MiB,9759.3 MiB,4096.0 MiB,4092.2 MiB,3.8 MiB,12992.7 MiB
Python 3.0.1,nbody.py 50000000,376,1691145858,549597,python,7:20.86,14764,7620,4084,100.0,0.0,1,0,7:20,0,4,3988,0,2033,0,7620,295,2,277,16,0,12.1,1.5,0.0,86.4,0.0,0.0,0.0,0.0,15795.0 MiB,4023.0 MiB,2012.6 MiB,9759.3 MiB,4096.0 MiB,4092.2 MiB,3.8 MiB,12993.0 MiB
Python 3.0.1,nbody.py 50000000,377,1691145859,549597,python,7:22.04,14764,7620,4084,100.0,0.0,1,0,7:22,0,4,3988,0,2033,0,7620,295,2,277,16,0,12.9,0.8,0.0,86.4,0.0,0.0,0.0,0.0,15795.0 MiB,4022.0 MiB,2013.6 MiB,9759.3 MiB,4096.0 MiB,4092.2 MiB,3.8 MiB,12992.0 MiB
Python 3.0.1,nbody.py 50000000,378,1691145860,549597,python,7:23.21,14764,7620,4084,100.0,0.0,1,0,7:23,0,4,3988,0,2033,0,7620,295,2,277,16,0,13.0,0.8,0.0,85.5,0.8,0.0,0.0,0.0,15795.0 MiB,4022.3 MiB,2013.4 MiB,9759.3 MiB,4096.0 MiB,4092.2 MiB,3.8 MiB,12992.2 MiB
Python 3.0.1,nbody.py 50000000,379,1691145861,549597,python,7:24.38,14764,7620,4084,100.0,0.0,1,0,7:24,0,4,3988,0,2033,0,7620,295,2,277,16,0,12.9,1.5,0.0,85.6,0.0,0.0,0.0,0.0,15795.0 MiB,4022.5 MiB,2013.1 MiB,9759.3 MiB,4096.0 MiB,4092.2 MiB,3.8 MiB,12992.5 MiB
Python 3.0.1,nbody.py 50000000,380,1691145863,549597,python,7:25.56,14764,7620,4084,100.0,0.0,1,0,7:25,0,4,3988,0,2033,0,7620,295,2,277,16,0,12.3,0.8,0.0,86.9,0.0,0.0,0.0,0.0,15795.0 MiB,4022.5 MiB,2013.1 MiB,9759.3 MiB,4096.0 MiB,4092.2 MiB,3.8 MiB,12992.5 MiB
Python 3.0.1,nbody.py 50000000,381,1691145864,549597,python,7:26.73,14764,7620,4084,100.0,0.0,1,4,7:26,0,4,3988,0,2033,0,7620,295,2,277,16,0,13.0,0.0,0.0,87.0,0.0,0.0,0.0,0.0,15795.0 MiB,4022.0 MiB,2013.6 MiB,9759.3 MiB,4096.0 MiB,4092.2 MiB,3.8 MiB,12992.0 MiB
Python 3.0.1,nbody.py 50000000,382,1691145865,549597,python,7:27.90,14764,7620,4084,100.0,0.0,1,4,7:27,0,4,3988,0,2033,0,7620,295,2,277,16,0,13.0,0.8,0.0,86.3,0.0,0.0,0.0,0.0,15795.0 MiB,4022.0 MiB,2013.6 MiB,9759.3 MiB,4096.0 MiB,4092.2 MiB,3.8 MiB,12992.0 MiB
Python 3.0.1,nbody.py 50000000,383,1691145866,549597,python,7:29.08,14764,7620,4084,94.1,0.0,1,4,7:29,0,4,3988,0,2033,0,7620,295,2,277,16,0,13.0,1.4,0.0,85.5,0.0,0.0,0.0,0.0,15795.0 MiB,4022.3 MiB,2013.4 MiB,9759.3 MiB,4096.0 MiB,4092.2 MiB,3.8 MiB,12992.3 MiB
Python 3.0.1,nbody.py 50000000,384,1691145867,549597,python,7:30.25,14764,7620,4084,100.0,0.0,1,4,7:30,0,4,3988,0,2033,0,7620,295,2,277,16,0,12.9,1.5,0.0,85.6,0.0,0.0,0.0,0.0,15795.0 MiB,4022.3 MiB,2013.4 MiB,9759.3 MiB,4096.0 MiB,4092.2 MiB,3.8 MiB,12992.3 MiB
Python 3.0.1,nbody.py 50000000,385,1691145868,549597,python,7:31.43,14764,7620,4084,100.0,0.0,1,4,7:31,0,4,3988,0,2033,0,7620,295,2,277,16,0,13.1,1.5,0.0,85.4,0.0,0.0,0.0,0.0,15795.0 MiB,4022.8 MiB,2012.9 MiB,9759.3 MiB,4096.0 MiB,4092.2 MiB,3.8 MiB,12992.8 MiB
Python 3.0.1,nbody.py 50000000,386,1691145870,549597,python,7:32.61,14764,7620,4084,100.0,0.0,1,4,7:32,0,4,3988,0,2033,0,7620,295,2,277,16,0,13.0,0.8,0.0,86.3,0.0,0.0,0.0,0.0,15795.0 MiB,4023.0 MiB,2012.6 MiB,9759.3 MiB,4096.0 MiB,4092.2 MiB,3.8 MiB,12993.0 MiB
Python 3.0.1,nbody.py 50000000,387,1691145871,549597,python,7:33.78,14764,7620,4084,100.0,0.0,1,4,7:33,0,4,3988,0,2033,0,7620,295,2,277,16,0,13.0,0.8,0.0,86.3,0.0,0.0,0.0,0.0,15795.0 MiB,4023.0 MiB,2012.6 MiB,9759.3 MiB,4096.0 MiB,4092.2 MiB,3.8 MiB,12993.0 MiB
Python 3.0.1,nbody.py 50000000,388,1691145872,549597,python,7:34.95,14764,7620,4084,100.0,0.0,1,0,7:34,0,4,3988,0,2033,0,7620,295,2,277,16,0,13.0,0.8,0.0,86.3,0.0,0.0,0.0,0.0,15795.0 MiB,4022.8 MiB,2012.9 MiB,9759.3 MiB,4096.0 MiB,4092.2 MiB,3.8 MiB,12992.8 MiB
Python 3.0.1,nbody.py 50000000,389,1691145873,549597,python,7:36.12,14764,7620,4084,93.8,0.0,1,0,7:36,0,4,3988,0,2033,0,7620,295,2,277,16,0,12.3,0.8,0.0,86.9,0.0,0.0,0.0,0.0,15795.0 MiB,4022.8 MiB,2012.9 MiB,9759.3 MiB,4096.0 MiB,4092.2 MiB,3.8 MiB,12992.8 MiB
Python 3.0.1,nbody.py 50000000,390,1691145874,549597,python,7:37.29,14764,7620,4084,93.8,0.0,1,4,7:37,0,4,3988,0,2033,0,7620,295,2,277,16,0,13.6,0.0,0.0,86.4,0.0,0.0,0.0,0.0,15795.0 MiB,4023.0 MiB,2012.6 MiB,9759.3 MiB,4096.0 MiB,4092.2 MiB,3.8 MiB,12993.0 MiB
Python 3.0.1,nbody.py 50000000,391,1691145875,549597,python,7:38.47,14764,7620,4084,100.0,0.0,1,4,7:38,0,4,3988,0,2033,0,7620,295,2,277,16,0,13.1,0.8,0.0,86.2,0.0,0.0,0.0,0.0,15795.0 MiB,4023.5 MiB,2012.1 MiB,9759.4 MiB,4096.0 MiB,4092.2 MiB,3.8 MiB,12993.5 MiB
Python 3.0.1,nbody.py 50000000,392,1691145877,549597,python,7:39.64,14764,7620,4084,100.0,0.0,1,4,7:39,0,4,3988,0,2033,0,7620,295,2,277,16,0,12.9,0.8,0.0,86.4,0.0,0.0,0.0,0.0,15795.0 MiB,4023.0 MiB,2012.6 MiB,9759.4 MiB,4096.0 MiB,4092.2 MiB,3.8 MiB,12993.0 MiB
Python 3.0.1,nbody.py 50000000,393,1691145878,549597,python,7:40.81,14764,7620,4084,100.0,0.0,1,4,7:40,0,4,3988,0,2033,0,7620,295,2,277,16,0,13.0,0.8,0.0,86.3,0.0,0.0,0.0,0.0,15795.0 MiB,4022.3 MiB,2013.3 MiB,9759.4 MiB,4096.0 MiB,4092.2 MiB,3.8 MiB,12992.3 MiB
Python 3.0.1,nbody.py 50000000,394,1691145879,549597,python,7:41.98,14764,7620,4084,100.0,0.0,1,4,7:41,0,4,3988,0,2033,0,7620,295,2,277,16,0,12.2,1.5,0.0,86.3,0.0,0.0,0.0,0.0,15795.0 MiB,4022.3 MiB,2013.3 MiB,9759.4 MiB,4096.0 MiB,4092.2 MiB,3.8 MiB,12992.3 MiB
Python 3.0.1,nbody.py 50000000,395,1691145880,549597,python,7:43.15,14764,7620,4084,93.8,0.0,1,4,7:43,0,4,3988,0,2033,0,7620,295,2,277,16,0,12.2,1.5,0.0,86.3,0.0,0.0,0.0,0.0,15795.0 MiB,4022.3 MiB,2013.3 MiB,9759.4 MiB,4096.0 MiB,4092.2 MiB,3.8 MiB,12992.3 MiB
Python 3.0.1,nbody.py 50000000,396,1691145881,549597,python,7:44.33,14764,7620,4084,100.0,0.0,1,4,7:44,0,4,3988,0,2033,0,7620,295,2,277,16,0,13.0,0.8,0.0,86.3,0.0,0.0,0.0,0.0,15795.0 MiB,4022.3 MiB,2013.3 MiB,9759.4 MiB,4096.0 MiB,4092.2 MiB,3.8 MiB,12992.3 MiB
Python 3.0.1,nbody.py 50000000,397,1691145883,549597,python,7:45.50,14764,7620,4084,100.0,0.0,1,0,7:45,0,4,3988,0,2033,0,7620,295,2,277,16,0,13.0,0.8,0.0,86.3,0.0,0.0,0.0,0.0,15795.0 MiB,4022.3 MiB,2013.3 MiB,9759.4 MiB,4096.0 MiB,4092.2 MiB,3.8 MiB,12992.3 MiB
Python 3.0.1,nbody.py 50000000,398,1691145884,549597,python,7:46.67,14764,7620,4084,100.0,0.0,1,0,7:46,0,4,3988,0,2033,0,7620,295,2,277,16,0,13.1,0.8,0.0,86.2,0.0,0.0,0.0,0.0,15795.0 MiB,4022.3 MiB,2013.3 MiB,9759.4 MiB,4096.0 MiB,4092.2 MiB,3.8 MiB,12992.3 MiB
Python 3.0.1,nbody.py 50000000,399,1691145885,549597,python,7:47.84,14764,7620,4084,100.0,0.0,1,0,7:47,0,4,3988,0,2033,0,7620,295,2,277,16,0,12.9,0.8,0.0,86.4,0.0,0.0,0.0,0.0,15795.0 MiB,4022.3 MiB,2013.3 MiB,9759.4 MiB,4096.0 MiB,4092.2 MiB,3.8 MiB,12992.3 MiB
Python 3.0.1,nbody.py 50000000,400,1691145886,549597,python,7:49.01,14764,7620,4084,93.8,0.0,1,0,7:49,0,4,3988,0,2033,0,7620,295,2,277,16,0,13.6,0.8,0.0,85.6,0.0,0.0,0.0,0.0,15795.0 MiB,4022.8 MiB,2012.8 MiB,9759.4 MiB,4096.0 MiB,4092.2 MiB,3.8 MiB,12992.8 MiB
Python 3.0.1,nbody.py 50000000,401,1691145887,549597,python,7:50.19,14764,7620,4084,100.0,0.0,1,0,7:50,0,4,3988,0,2033,0,7620,295,2,277,16,0,12.9,1.5,0.0,85.6,0.0,0.0,0.0,0.0,15795.0 MiB,4022.8 MiB,2012.8 MiB,9759.4 MiB,4096.0 MiB,4092.2 MiB,3.8 MiB,12992.8 MiB
Python 3.0.1,nbody.py 50000000,402,1691145888,549597,python,7:51.36,14764,7620,4084,100.0,0.0,1,0,7:51,0,4,3988,0,2033,0,7620,295,2,277,16,0,12.9,1.5,0.0,85.6,0.0,0.0,0.0,0.0,15795.0 MiB,4022.8 MiB,2012.8 MiB,9759.4 MiB,4096.0 MiB,4092.2 MiB,3.8 MiB,12992.8 MiB
Python 3.0.1,nbody.py 50000000,403,1691145890,549597,python,7:52.53,14764,7620,4084,100.0,0.0,1,0,7:52,0,4,3988,0,2033,0,7620,295,2,277,16,0,13.0,0.8,0.0,86.3,0.0,0.0,0.0,0.0,15795.0 MiB,4022.8 MiB,2012.8 MiB,9759.4 MiB,4096.0 MiB,4092.2 MiB,3.8 MiB,12992.8 MiB
Python 3.0.1,nbody.py 50000000,404,1691145891,549597,python,7:53.70,14764,7620,4084,100.0,0.0,1,0,7:53,0,4,3988,0,2033,0,7620,295,2,277,16,0,13.0,0.8,0.0,86.3,0.0,0.0,0.0,0.0,15795.0 MiB,4022.5 MiB,2013.1 MiB,9759.4 MiB,4096.0 MiB,4092.2 MiB,3.8 MiB,12992.6 MiB
Python 3.0.1,nbody.py 50000000,405,1691145892,549597,python,7:54.87,14764,7620,4084,93.8,0.0,1,4,7:54,0,4,3988,0,2033,0,7620,295,2,277,16,0,12.2,1.5,0.0,86.3,0.0,0.0,0.0,0.0,15795.0 MiB,4022.5 MiB,2013.1 MiB,9759.4 MiB,4096.0 MiB,4092.2 MiB,3.8 MiB,12992.6 MiB
Python 3.0.1,nbody.py 50000000,406,1691145893,549597,python,7:56.05,14764,7620,4084,100.0,0.0,1,0,7:56,0,4,3988,0,2033,0,7620,295,2,277,16,0,12.2,0.8,0.0,87.0,0.0,0.0,0.0,0.0,15795.0 MiB,4022.3 MiB,2013.3 MiB,9759.4 MiB,4096.0 MiB,4092.2 MiB,3.8 MiB,12992.3 MiB
Python 3.0.1,nbody.py 50000000,407,1691145894,549597,python,7:57.22,14764,7620,4084,100.0,0.0,1,0,7:57,0,4,3988,0,2033,0,7620,295,2,277,16,0,12.9,0.8,0.0,85.6,0.8,0.0,0.0,0.0,15795.0 MiB,4022.1 MiB,2013.5 MiB,9759.4 MiB,4096.0 MiB,4092.2 MiB,3.8 MiB,12992.1 MiB
Python 3.0.1,nbody.py 50000000,408,1691145895,549597,python,7:58.39,14764,7620,4084,100.0,0.0,1,0,7:58,0,4,3988,0,2033,0,7620,295,2,277,16,0,13.0,0.8,0.0,86.3,0.0,0.0,0.0,0.0,15795.0 MiB,4021.8 MiB,2013.8 MiB,9759.4 MiB,4096.0 MiB,4092.2 MiB,3.8 MiB,12991.8 MiB
Python 3.0.1,nbody.py 50000000,409,1691145897,549597,python,7:59.56,14764,7620,4084,93.8,0.0,1,0,7:59,0,4,3988,0,2033,0,7620,295,2,277,16,0,13.7,0.0,0.0,86.3,0.0,0.0,0.0,0.0,15795.0 MiB,4021.6 MiB,2014.0 MiB,9759.4 MiB,4096.0 MiB,4092.2 MiB,3.8 MiB,12991.6 MiB
Python 3.0.1,nbody.py 50000000,410,1691145898,549597,python,8:00.73,14764,7620,4084,93.8,0.0,1,0,8:00,0,4,3988,0,2033,0,7620,295,2,277,16,0,13.1,0.8,0.0,86.2,0.0,0.0,0.0,0.0,15795.0 MiB,4021.6 MiB,2014.0 MiB,9759.4 MiB,4096.0 MiB,4092.2 MiB,3.8 MiB,12991.6 MiB
Python 3.0.1,nbody.py 50000000,411,1691145899,549597,python,8:01.91,14764,7620,4084,100.0,0.0,1,0,8:01,0,4,3988,0,2033,0,7620,295,2,277,16,0,13.0,1.5,0.0,85.5,0.0,0.0,0.0,0.0,15795.0 MiB,4021.6 MiB,2014.0 MiB,9759.4 MiB,4096.0 MiB,4092.2 MiB,3.8 MiB,12991.6 MiB
Python 3.0.1,nbody.py 50000000,412,1691145900,549597,python,8:03.08,14764,7620,4084,100.0,0.0,1,4,8:03,0,4,3988,0,2033,0,7620,295,2,277,16,0,13.6,0.8,0.0,85.6,0.0,0.0,0.0,0.0,15795.0 MiB,4021.6 MiB,2014.1 MiB,9759.3 MiB,4096.0 MiB,4092.2 MiB,3.8 MiB,12991.6 MiB
Python 3.0.1,nbody.py 50000000,413,1691145901,549597,python,8:04.25,14764,7620,4084,100.0,0.0,1,4,8:04,0,4,3988,0,2033,0,7620,295,2,277,16,0,13.0,0.8,0.0,86.3,0.0,0.0,0.0,0.0,15795.0 MiB,4021.8 MiB,2013.8 MiB,9759.4 MiB,4096.0 MiB,4092.2 MiB,3.8 MiB,12991.9 MiB
Python 3.0.1,nbody.py 50000000,414,1691145902,549597,python,8:05.42,14764,7620,4084,93.8,0.0,1,4,8:05,0,4,3988,0,2033,0,7620,295,2,277,16,0,13.7,0.0,0.0,86.3,0.0,0.0,0.0,0.0,15795.0 MiB,4021.8 MiB,2013.8 MiB,9759.4 MiB,4096.0 MiB,4092.2 MiB,3.8 MiB,12991.9 MiB
Python 3.0.1,nbody.py 50000000,415,1691145904,549597,python,8:06.59,14764,7620,4084,93.8,0.0,1,4,8:06,0,4,3988,0,2033,0,7620,295,2,277,16,0,13.0,0.8,0.0,86.3,0.0,0.0,0.0,0.0,15795.0 MiB,4021.8 MiB,2013.8 MiB,9759.4 MiB,4096.0 MiB,4092.2 MiB,3.8 MiB,12991.9 MiB
Python 3.0.1,nbody.py 50000000,416,1691145905,549597,python,8:07.77,14764,7620,4084,100.0,0.0,1,4,8:07,0,4,3988,0,2033,0,7620,295,2,277,16,0,13.7,0.0,0.0,86.3,0.0,0.0,0.0,0.0,15795.0 MiB,4021.8 MiB,2013.8 MiB,9759.4 MiB,4096.0 MiB,4092.2 MiB,3.8 MiB,12991.9 MiB
Python 3.0.1,nbody.py 50000000,417,1691145906,549597,python,8:08.94,14764,7620,4084,100.0,0.0,1,4,8:08,0,4,3988,0,2033,0,7620,295,2,277,16,0,13.6,0.8,0.0,85.6,0.0,0.0,0.0,0.0,15795.0 MiB,4021.6 MiB,2014.0 MiB,9759.4 MiB,4096.0 MiB,4092.2 MiB,3.8 MiB,12991.6 MiB
Python 3.0.1,nbody.py 50000000,418,1691145907,549597,python,8:10.11,14764,7620,4084,100.0,0.0,1,4,8:10,0,4,3988,0,2033,0,7620,295,2,277,16,0,12.9,2.3,0.0,84.8,0.0,0.0,0.0,0.0,15795.0 MiB,4021.8 MiB,2013.8 MiB,9759.4 MiB,4096.0 MiB,4092.2 MiB,3.8 MiB,12991.9 MiB
Python 3.0.1,nbody.py 50000000,419,1691145908,549597,python,8:11.28,14764,7620,4084,93.8,0.0,1,0,8:11,0,4,3988,0,2033,0,7620,295,2,277,16,0,13.0,0.8,0.0,86.3,0.0,0.0,0.0,0.0,15795.0 MiB,4021.8 MiB,2013.8 MiB,9759.4 MiB,4096.0 MiB,4092.2 MiB,3.8 MiB,12991.9 MiB
Python 3.0.1,nbody.py 50000000,420,1691145909,549597,python,8:12.45,14764,7620,4084,93.8,0.0,1,0,8:12,0,4,3988,0,2033,0,7620,295,2,277,16,0,13.1,0.0,0.0,86.9,0.0,0.0,0.0,0.0,15795.0 MiB,4022.1 MiB,2013.5 MiB,9759.4 MiB,4096.0 MiB,4092.2 MiB,3.8 MiB,12992.1 MiB
Python 3.0.1,nbody.py 50000000,421,1691145911,549597,python,8:13.63,14764,7620,4084,100.0,0.0,1,0,8:13,0,4,3988,0,2033,0,7620,295,2,277,16,0,13.4,1.5,0.0,85.1,0.0,0.0,0.0,0.0,15795.0 MiB,4022.3 MiB,2013.3 MiB,9759.4 MiB,4096.0 MiB,4092.2 MiB,3.8 MiB,12992.4 MiB
Python 3.0.1,nbody.py 50000000,422,1691145912,549597,python,8:14.80,14764,7620,4084,100.0,0.0,1,0,8:14,0,4,3988,0,2033,0,7620,295,2,277,16,0,13.0,0.8,0.0,86.3,0.0,0.0,0.0,0.0,15795.0 MiB,4022.3 MiB,2013.2 MiB,9759.4 MiB,4096.0 MiB,4092.2 MiB,3.8 MiB,12992.4 MiB
Python 3.0.1,nbody.py 50000000,423,1691145913,549597,python,8:15.97,14764,7620,4084,100.0,0.0,1,0,8:15,0,4,3988,0,2033,0,7620,295,2,277,16,0,13.0,0.8,0.0,86.3,0.0,0.0,0.0,0.0,15795.0 MiB,4022.5 MiB,2013.0 MiB,9759.4 MiB,4096.0 MiB,4092.2 MiB,3.8 MiB,12992.6 MiB
Python 3.0.1,nbody.py 50000000,424,1691145914,549597,python,8:17.15,14764,7620,4084,100.0,0.0,1,0,8:17,0,4,3988,0,2033,0,7620,295,2,277,16,0,12.9,1.5,0.0,85.6,0.0,0.0,0.0,0.0,15795.0 MiB,4022.5 MiB,2013.0 MiB,9759.4 MiB,4096.0 MiB,4092.2 MiB,3.8 MiB,12992.6 MiB
Python 3.0.1,nbody.py 50000000,425,1691145915,549597,python,8:18.32,14764,7620,4084,100.0,0.0,1,0,8:18,0,4,3988,0,2033,0,7620,295,2,277,16,0,13.0,0.8,0.0,86.3,0.0,0.0,0.0,0.0,15795.0 MiB,4022.1 MiB,2013.5 MiB,9759.4 MiB,4096.0 MiB,4092.2 MiB,3.8 MiB,12992.1 MiB
Python 3.0.1,nbody.py 50000000,426,1691145916,549597,python,8:19.49,14764,7620,4084,100.0,0.0,1,0,8:19,0,4,3988,0,2033,0,7620,295,2,277,16,0,13.0,0.8,0.0,86.3,0.0,0.0,0.0,0.0,15795.0 MiB,4021.6 MiB,2013.9 MiB,9759.4 MiB,4096.0 MiB,4092.2 MiB,3.8 MiB,12991.7 MiB
Python 3.0.1,nbody.py 50000000,427,1691145918,549597,python,8:20.67,14764,7620,4084,100.0,0.0,1,0,8:20,0,4,3988,0,2033,0,7620,295,2,277,16,0,13.1,0.7,0.0,86.1,0.0,0.0,0.0,0.0,15795.0 MiB,4021.8 MiB,2013.7 MiB,9759.5 MiB,4096.0 MiB,4092.2 MiB,3.8 MiB,12991.9 MiB
Python 3.0.1,nbody.py 50000000,428,1691145919,549597,python,8:21.84,14764,7620,4084,100.0,0.0,1,0,8:21,0,4,3988,0,2033,0,7620,295,2,277,16,0,12.8,1.5,0.0,85.7,0.0,0.0,0.0,0.0,15795.0 MiB,4021.8 MiB,2013.7 MiB,9759.5 MiB,4096.0 MiB,4092.2 MiB,3.8 MiB,12991.9 MiB
Python 3.0.1,nbody.py 50000000,429,1691145920,549597,python,8:23.01,14764,7620,4084,93.8,0.0,1,0,8:23,0,4,3988,0,2033,0,7620,295,2,277,16,0,12.8,3.0,0.0,82.7,1.5,0.0,0.0,0.0,15795.0 MiB,4022.4 MiB,2011.4 MiB,9761.1 MiB,4096.0 MiB,4092.2 MiB,3.8 MiB,12994.2 MiB
Python 3.0.1,nbody.py 50000000,430,1691145921,549597,python,8:24.18,14764,7620,4084,93.8,0.0,1,0,8:24,0,4,3988,0,2033,0,7620,295,2,277,16,0,12.1,1.5,0.0,85.6,0.0,0.0,0.8,0.0,15795.0 MiB,4022.1 MiB,2011.7 MiB,9761.2 MiB,4096.0 MiB,4092.2 MiB,3.8 MiB,12993.9 MiB
Python 3.0.1,nbody.py 50000000,431,1691145922,549597,python,8:25.36,14764,7620,4084,100.0,0.0,1,0,8:25,0,4,3988,0,2033,0,7620,295,2,277,16,0,12.2,1.5,0.0,86.3,0.0,0.0,0.0,0.0,15795.0 MiB,4022.1 MiB,2011.7 MiB,9761.2 MiB,4096.0 MiB,4092.2 MiB,3.8 MiB,12993.9 MiB
Python 3.0.1,nbody.py 50000000,432,1691145924,549597,python,8:26.53,14764,7620,4084,100.0,0.0,1,0,8:26,0,4,3988,0,2033,0,7620,295,2,277,16,0,12.9,1.5,0.0,85.6,0.0,0.0,0.0,0.0,15795.0 MiB,4022.1 MiB,2011.7 MiB,9761.2 MiB,4096.0 MiB,4092.2 MiB,3.8 MiB,12993.9 MiB
Python 3.0.1,nbody.py 50000000,433,1691145925,549597,python,8:27.70,14764,7620,4084,93.8,0.0,1,0,8:27,0,4,3988,0,2033,0,7620,295,2,277,16,0,13.0,0.8,0.0,86.3,0.0,0.0,0.0,0.0,15795.0 MiB,4022.1 MiB,2011.7 MiB,9761.2 MiB,4096.0 MiB,4092.2 MiB,3.8 MiB,12993.9 MiB
Python 3.0.1,nbody.py 50000000,434,1691145926,549597,python,8:28.88,14764,7620,4084,100.0,0.0,1,0,8:28,0,4,3988,0,2033,0,7620,295,2,277,16,0,12.1,1.5,0.0,86.4,0.0,0.0,0.0,0.0,15795.0 MiB,4022.1 MiB,2011.7 MiB,9761.2 MiB,4096.0 MiB,4092.2 MiB,3.8 MiB,12993.9 MiB
Python 3.0.1,nbody.py 50000000,435,1691145927,549597,python,8:30.05,14764,7620,4084,100.0,0.0,1,0,8:30,0,4,3988,0,2033,0,7620,295,2,277,16,0,12.2,1.5,0.0,86.3,0.0,0.0,0.0,0.0,15795.0 MiB,4022.1 MiB,2011.7 MiB,9761.2 MiB,4096.0 MiB,4092.2 MiB,3.8 MiB,12993.9 MiB
Python 3.0.1,nbody.py 50000000,436,1691145928,549597,python,8:31.22,14764,7620,4084,100.0,0.0,1,0,8:31,0,4,3988,0,2033,0,7620,295,2,277,16,0,13.1,0.8,0.0,86.2,0.0,0.0,0.0,0.0,15795.0 MiB,4021.9 MiB,2012.0 MiB,9761.2 MiB,4096.0 MiB,4092.2 MiB,3.8 MiB,12993.7 MiB
Python 3.0.1,nbody.py 50000000,437,1691145929,549597,python,8:32.39,14764,7620,4084,93.8,0.0,1,0,8:32,0,4,3988,0,2033,0,7620,295,2,277,16,0,13.0,0.8,0.0,86.3,0.0,0.0,0.0,0.0,15795.0 MiB,4021.9 MiB,2012.0 MiB,9761.2 MiB,4096.0 MiB,4092.2 MiB,3.8 MiB,12993.7 MiB
Python 3.0.1,nbody.py 50000000,438,1691145931,549597,python,8:33.56,14764,7620,4084,93.8,0.0,1,0,8:33,0,4,3988,0,2033,0,7620,295,2,277,16,0,13.0,0.8,0.0,86.3,0.0,0.0,0.0,0.0,15795.0 MiB,4021.9 MiB,2011.9 MiB,9761.2 MiB,4096.0 MiB,4092.2 MiB,3.8 MiB,12993.7 MiB
Python 3.0.1,nbody.py 50000000,439,1691145932,549597,python,8:34.74,14764,7620,4084,100.0,0.0,1,0,8:34,0,4,3988,0,2033,0,7620,295,2,277,16,0,12.9,0.8,0.0,86.4,0.0,0.0,0.0,0.0,15795.0 MiB,4021.9 MiB,2011.9 MiB,9761.2 MiB,4096.0 MiB,4092.2 MiB,3.8 MiB,12993.7 MiB
Python 3.0.1,nbody.py 50000000,440,1691145933,549597,python,8:35.91,14764,7620,4084,100.0,0.0,1,0,8:35,0,4,3988,0,2033,0,7620,295,2,277,16,0,12.3,0.8,0.0,86.9,0.0,0.0,0.0,0.0,15795.0 MiB,4021.9 MiB,2011.9 MiB,9761.2 MiB,4096.0 MiB,4092.2 MiB,3.8 MiB,12993.7 MiB
Python 3.0.1,nbody.py 50000000,441,1691145934,549597,python,8:37.08,14764,7620,4084,100.0,0.0,1,0,8:37,0,4,3988,0,2033,0,7620,295,2,277,16,0,13.7,0.0,0.0,86.3,0.0,0.0,0.0,0.0,15795.0 MiB,4021.6 MiB,2012.2 MiB,9761.2 MiB,4096.0 MiB,4092.2 MiB,3.8 MiB,12993.4 MiB
Python 3.0.1,nbody.py 50000000,442,1691145935,549597,python,8:38.25,14764,7620,4084,93.8,0.0,1,0,8:38,0,4,3988,0,2033,0,7620,295,2,277,16,0,12.9,1.5,0.0,84.8,0.0,0.0,0.8,0.0,15795.0 MiB,4021.4 MiB,2012.4 MiB,9761.2 MiB,4096.0 MiB,4092.2 MiB,3.8 MiB,12993.2 MiB
Python 3.0.1,nbody.py 50000000,443,1691145936,549597,python,8:39.42,14764,7620,4084,93.8,0.0,1,0,8:39,0,4,3988,0,2033,0,7620,295,2,277,16,0,13.6,0.8,0.0,85.6,0.0,0.0,0.0,0.0,15795.0 MiB,4021.6 MiB,2012.2 MiB,9761.2 MiB,4096.0 MiB,4092.2 MiB,3.8 MiB,12993.4 MiB
Python 3.0.1,nbody.py 50000000,444,1691145938,549597,python,8:40.60,14764,7620,4084,100.0,0.0,1,0,8:40,0,4,3988,0,2033,0,7620,295,2,277,16,0,13.5,1.5,0.0,85.0,0.0,0.0,0.0,0.0,15795.0 MiB,4021.6 MiB,2012.2 MiB,9761.2 MiB,4096.0 MiB,4092.2 MiB,3.8 MiB,12993.4 MiB
Python 3.0.1,nbody.py 50000000,445,1691145939,549597,python,8:41.77,14764,7620,4084,93.8,0.0,1,0,8:41,0,4,3988,0,2033,0,7620,295,2,277,16,0,12.3,0.8,0.0,86.9,0.0,0.0,0.0,0.0,15795.0 MiB,4021.4 MiB,2012.4 MiB,9761.2 MiB,4096.0 MiB,4092.2 MiB,3.8 MiB,12993.2 MiB
Python 3.0.1,nbody.py 50000000,446,1691145940,549597,python,8:42.94,14764,7620,4084,93.8,0.0,1,0,8:42,0,4,3988,0,2033,0,7620,295,2,277,16,0,12.3,0.8,0.0,86.9,0.0,0.0,0.0,0.0,15795.0 MiB,4021.4 MiB,2012.4 MiB,9761.2 MiB,4096.0 MiB,4092.2 MiB,3.8 MiB,12993.2 MiB
Python 3.0.1,nbody.py 50000000,447,1691145941,549597,python,8:44.12,14764,7620,4084,100.0,0.0,1,0,8:44,0,4,3988,0,2033,0,7620,295,2,277,16,0,13.0,0.8,0.0,86.3,0.0,0.0,0.0,0.0,15795.0 MiB,4021.4 MiB,2012.4 MiB,9761.2 MiB,4096.0 MiB,4092.2 MiB,3.8 MiB,12993.2 MiB
Python 3.0.1,nbody.py 50000000,448,1691145942,549597,python,8:45.29,14764,7620,4084,100.0,0.0,1,0,8:45,0,4,3988,0,2033,0,7620,295,2,277,16,0,12.9,1.5,0.0,85.6,0.0,0.0,0.0,0.0,15795.0 MiB,4021.4 MiB,2012.4 MiB,9761.2 MiB,4096.0 MiB,4092.2 MiB,3.8 MiB,12993.2 MiB
Python 3.0.1,nbody.py 50000000,449,1691145943,549597,python,8:46.46,14764,7620,4084,100.0,0.0,1,0,8:46,0,4,3988,0,2033,0,7620,295,2,277,16,0,13.0,0.8,0.0,86.3,0.0,0.0,0.0,0.0,15795.0 MiB,4021.4 MiB,2012.4 MiB,9761.2 MiB,4096.0 MiB,4092.2 MiB,3.8 MiB,12993.2 MiB
Python 3.0.1,nbody.py 50000000,450,1691145945,549597,python,8:47.63,14764,7620,4084,93.8,0.0,1,0,8:47,0,4,3988,0,2033,0,7620,295,2,277,16,0,13.6,0.8,0.0,85.6,0.0,0.0,0.0,0.0,15795.0 MiB,4020.9 MiB,2012.9 MiB,9761.2 MiB,4096.0 MiB,4092.2 MiB,3.8 MiB,12992.7 MiB
Python 3.0.1,nbody.py 50000000,451,1691145946,549597,python,8:48.80,14764,7620,4084,93.8,0.0,1,0,8:48,0,4,3988,0,2033,0,7620,295,2,277,16,0,12.9,0.8,0.0,86.4,0.0,0.0,0.0,0.0,15795.0 MiB,4020.9 MiB,2012.9 MiB,9761.2 MiB,4096.0 MiB,4092.2 MiB,3.8 MiB,12992.7 MiB
Python 3.0.1,nbody.py 50000000,452,1691145947,549597,python,8:49.98,14764,7620,4084,100.0,0.0,1,0,8:49,0,4,3988,0,2033,0,7620,295,2,277,16,0,12.3,0.8,0.0,86.9,0.0,0.0,0.0,0.0,15795.0 MiB,4020.9 MiB,2012.9 MiB,9761.2 MiB,4096.0 MiB,4092.2 MiB,3.8 MiB,12992.7 MiB
Python 3.0.1,nbody.py 50000000,453,1691145948,549597,python,8:51.15,14764,7620,4084,100.0,0.0,1,0,8:51,0,4,3988,0,2033,0,7620,295,2,277,16,0,12.2,0.8,0.0,86.3,0.8,0.0,0.0,0.0,15795.0 MiB,4021.4 MiB,2012.4 MiB,9761.2 MiB,4096.0 MiB,4092.2 MiB,3.8 MiB,12993.2 MiB
Python 3.0.1,nbody.py 50000000,454,1691145949,549597,python,8:52.32,14764,7620,4084,100.0,0.0,1,4,8:52,0,4,3988,0,2033,0,7620,295,2,277,16,0,13.0,0.8,0.0,86.3,0.0,0.0,0.0,0.0,15795.0 MiB,4021.1 MiB,2012.6 MiB,9761.2 MiB,4096.0 MiB,4092.2 MiB,3.8 MiB,12993.0 MiB
Python 3.0.1,nbody.py 50000000,455,1691145950,549597,python,8:53.49,14764,7620,4084,93.8,0.0,1,4,8:53,0,4,3988,0,2033,0,7620,295,2,277,16,0,13.1,0.8,0.0,86.2,0.0,0.0,0.0,0.0,15795.0 MiB,4021.1 MiB,2012.6 MiB,9761.2 MiB,4096.0 MiB,4092.2 MiB,3.8 MiB,12993.0 MiB
Python 3.0.1,nbody.py 50000000,456,1691145952,549597,python,8:54.66,14764,7620,4084,93.8,0.0,1,4,8:54,0,4,3988,0,2033,0,7620,295,2,277,16,0,13.1,0.0,0.0,86.9,0.0,0.0,0.0,0.0,15795.0 MiB,4020.9 MiB,2012.9 MiB,9761.2 MiB,4096.0 MiB,4092.2 MiB,3.8 MiB,12992.7 MiB
Python 3.0.1,nbody.py 50000000,457,1691145953,549597,python,8:55.84,14764,7620,4084,100.0,0.0,1,4,8:55,0,4,3988,0,2033,0,7620,295,2,277,16,0,13.0,0.8,0.0,86.3,0.0,0.0,0.0,0.0,15795.0 MiB,4020.6 MiB,2013.1 MiB,9761.2 MiB,4096.0 MiB,4092.2 MiB,3.8 MiB,12992.5 MiB
Python 3.0.1,nbody.py 50000000,458,1691145954,549597,python,8:57.01,14764,7620,4084,100.0,0.0,1,0,8:57,0,4,3988,0,2033,0,7620,295,2,277,16,0,13.0,0.8,0.0,86.3,0.0,0.0,0.0,0.0,15795.0 MiB,4020.6 MiB,2013.1 MiB,9761.2 MiB,4096.0 MiB,4092.2 MiB,3.8 MiB,12992.5 MiB
Python 3.0.1,nbody.py 50000000,459,1691145955,549597,python,8:58.18,14764,7620,4084,100.0,0.0,1,0,8:58,0,4,3988,0,2033,0,7620,295,2,277,16,0,13.6,0.8,0.0,85.6,0.0,0.0,0.0,0.0,15795.0 MiB,4020.4 MiB,2013.4 MiB,9761.2 MiB,4096.0 MiB,4092.2 MiB,3.8 MiB,12992.3 MiB
Python 3.0.1,nbody.py 50000000,460,1691145956,549597,python,8:59.35,14764,7620,4084,93.8,0.0,1,0,8:59,0,4,3988,0,2033,0,7620,295,2,277,16,0,13.0,0.8,0.0,86.3,0.0,0.0,0.0,0.0,15795.0 MiB,4020.4 MiB,2013.4 MiB,9761.2 MiB,4096.0 MiB,4092.2 MiB,3.8 MiB,12992.3 MiB
Python 3.0.1,nbody.py 50000000,461,1691145958,549597,python,9:00.52,14764,7620,4084,93.8,0.0,1,0,9:00,0,4,3988,0,2033,0,7620,295,2,277,16,0,13.8,0.0,0.0,86.2,0.0,0.0,0.0,0.0,15795.0 MiB,4020.4 MiB,2013.4 MiB,9761.2 MiB,4096.0 MiB,4092.2 MiB,3.8 MiB,12992.3 MiB
Python 3.0.1,nbody.py 50000000,462,1691145959,549597,python,9:01.70,14764,7620,4084,100.0,0.0,1,0,9:01,0,4,3988,0,2033,0,7620,295,2,277,16,0,13.0,0.8,0.0,86.3,0.0,0.0,0.0,0.0,15795.0 MiB,4020.9 MiB,2012.9 MiB,9761.2 MiB,4096.0 MiB,4092.2 MiB,3.8 MiB,12992.8 MiB
Python 3.0.1,nbody.py 50000000,463,1691145960,549597,python,9:02.87,14764,7620,4084,100.0,0.0,1,0,9:02,0,4,3988,0,2033,0,7620,295,2,277,16,0,12.9,0.8,0.0,86.4,0.0,0.0,0.0,0.0,15795.0 MiB,4020.9 MiB,2012.9 MiB,9761.2 MiB,4096.0 MiB,4092.2 MiB,3.8 MiB,12992.8 MiB
Python 3.0.1,nbody.py 50000000,464,1691145961,549597,python,9:04.04,14764,7620,4084,100.0,0.0,1,0,9:04,0,4,3988,0,2033,0,7620,295,2,277,16,0,13.5,0.8,0.0,85.7,0.0,0.0,0.0,0.0,15795.0 MiB,4020.6 MiB,2013.1 MiB,9761.2 MiB,4096.0 MiB,4092.2 MiB,3.8 MiB,12992.5 MiB
Python 3.0.1,nbody.py 50000000,465,1691145962,549597,python,9:05.21,14764,7620,4084,100.0,0.0,1,4,9:05,0,4,3988,0,2033,0,7620,295,2,277,16,0,13.7,0.0,0.0,86.3,0.0,0.0,0.0,0.0,15795.0 MiB,4020.9 MiB,2012.9 MiB,9761.2 MiB,4096.0 MiB,4092.2 MiB,3.8 MiB,12992.8 MiB
Python 3.0.1,nbody.py 50000000,466,1691145963,549597,python,9:06.39,14764,7620,4084,100.0,0.0,1,4,9:06,0,4,3988,0,2033,0,7620,295,2,277,16,0,12.1,1.5,0.0,86.4,0.0,0.0,0.0,0.0,15795.0 MiB,4020.6 MiB,2013.1 MiB,9761.2 MiB,4096.0 MiB,4092.2 MiB,3.8 MiB,12992.5 MiB
Python 3.0.1,nbody.py 50000000,467,1691145965,549597,python,9:07.55,14764,7620,4084,93.8,0.0,1,4,9:07,0,4,3988,0,2033,0,7620,295,2,277,16,0,12.2,1.5,0.0,86.3,0.0,0.0,0.0,0.0,15795.0 MiB,4020.2 MiB,2013.6 MiB,9761.2 MiB,4096.0 MiB,4092.2 MiB,3.8 MiB,12992.0 MiB
Python 3.0.1,nbody.py 50000000,468,1691145966,549597,python,9:08.73,14764,7620,4084,100.0,0.0,1,0,9:08,0,4,3988,0,2033,0,7620,295,2,277,16,0,13.0,0.8,0.0,86.3,0.0,0.0,0.0,0.0,15795.0 MiB,4020.4 MiB,2013.3 MiB,9761.2 MiB,4096.0 MiB,4092.2 MiB,3.8 MiB,12992.3 MiB
Python 3.0.1,nbody.py 50000000,469,1691145967,549597,python,9:09.90,14764,7620,4084,93.8,0.0,1,4,9:09,0,4,3988,0,2033,0,7620,295,2,277,16,0,12.2,0.8,0.0,87.0,0.0,0.0,0.0,0.0,15795.0 MiB,4020.4 MiB,2013.3 MiB,9761.2 MiB,4096.0 MiB,4092.2 MiB,3.8 MiB,12992.3 MiB
Python 3.0.1,nbody.py 50000000,470,1691145968,549597,python,9:11.07,14764,7620,4084,100.0,0.0,1,4,9:11,0,4,3988,0,2033,0,7620,295,2,277,16,0,13.0,0.8,0.0,86.3,0.0,0.0,0.0,0.0,15795.0 MiB,4020.7 MiB,2013.1 MiB,9761.2 MiB,4096.0 MiB,4092.2 MiB,3.8 MiB,12992.5 MiB
Python 3.0.1,nbody.py 50000000,471,1691145969,549597,python,9:12.25,14764,7620,4084,100.0,0.0,1,4,9:12,0,4,3988,0,2033,0,7620,295,2,277,16,0,12.9,1.5,0.0,85.6,0.0,0.0,0.0,0.0,15795.0 MiB,4020.7 MiB,2013.1 MiB,9761.2 MiB,4096.0 MiB,4092.2 MiB,3.8 MiB,12992.5 MiB
Python 3.0.1,nbody.py 50000000,472,1691145970,549597,python,9:13.42,14764,7620,4084,100.0,0.0,1,0,9:13,0,4,3988,0,2033,0,7620,295,2,277,16,0,13.7,0.0,0.0,86.3,0.0,0.0,0.0,0.0,15795.0 MiB,4020.7 MiB,2013.1 MiB,9761.2 MiB,4096.0 MiB,4092.2 MiB,3.8 MiB,12992.5 MiB
Python 3.0.1,nbody.py 50000000,473,1691145972,549597,python,9:14.59,14764,7620,4084,100.0,0.0,1,4,9:14,0,4,3988,0,2033,0,7620,295,2,277,16,0,13.0,0.8,0.0,86.3,0.0,0.0,0.0,0.0,15795.0 MiB,4020.9 MiB,2012.8 MiB,9761.3 MiB,4096.0 MiB,4092.2 MiB,3.8 MiB,12992.8 MiB
Python 3.0.1,nbody.py 50000000,474,1691145973,549597,python,9:15.76,14764,7620,4084,93.8,0.0,1,0,9:15,0,4,3988,0,2033,0,7620,295,2,277,16,0,12.9,1.5,0.0,85.6,0.0,0.0,0.0,0.0,15795.0 MiB,4020.9 MiB,2012.8 MiB,9761.3 MiB,4096.0 MiB,4092.2 MiB,3.8 MiB,12992.8 MiB
Python 3.0.1,nbody.py 50000000,475,1691145974,549597,python,9:16.93,14764,7620,4084,93.8,0.0,1,0,9:16,0,4,3988,0,2033,0,7620,295,2,277,16,0,12.3,0.8,0.0,86.9,0.0,0.0,0.0,0.0,15795.0 MiB,4021.1 MiB,2012.6 MiB,9761.3 MiB,4096.0 MiB,4092.2 MiB,3.8 MiB,12993.1 MiB
Python 3.0.1,nbody.py 50000000,476,1691145975,549597,python,9:18.11,14764,7620,4084,100.0,0.0,1,0,9:18,0,4,3988,0,2033,0,7620,295,2,277,16,0,12.9,0.8,0.0,86.4,0.0,0.0,0.0,0.0,15795.0 MiB,4021.1 MiB,2012.6 MiB,9761.3 MiB,4096.0 MiB,4092.2 MiB,3.8 MiB,12993.1 MiB
Python 3.0.1,nbody.py 50000000,477,1691145976,549597,python,9:19.28,14764,7620,4084,100.0,0.0,1,0,9:19,0,4,3988,0,2033,0,7620,295,2,277,16,0,13.0,0.8,0.0,86.3,0.0,0.0,0.0,0.0,15795.0 MiB,4020.7 MiB,2013.0 MiB,9761.3 MiB,4096.0 MiB,4092.2 MiB,3.8 MiB,12992.6 MiB
Python 3.0.1,nbody.py 50000000,478,1691145977,549597,python,9:20.45,14764,7620,4084,100.0,0.0,1,0,9:20,0,4,3988,0,2033,0,7620,295,2,277,16,0,13.0,0.8,0.0,86.3,0.0,0.0,0.0,0.0,15795.0 MiB,4020.7 MiB,2013.0 MiB,9761.3 MiB,4096.0 MiB,4092.2 MiB,3.8 MiB,12992.6 MiB
Python 3.0.1,nbody.py 50000000,479,1691145979,549597,python,9:21.62,14764,7620,4084,93.8,0.0,1,0,9:21,0,4,3988,0,2033,0,7620,295,2,277,16,0,12.3,0.8,0.0,86.9,0.0,0.0,0.0,0.0,15795.0 MiB,4020.9 MiB,2012.8 MiB,9761.3 MiB,4096.0 MiB,4092.2 MiB,3.8 MiB,12992.8 MiB
Python 3.0.1,nbody.py 50000000,480,1691145980,549597,python,9:22.80,14764,7620,4084,100.0,0.0,1,0,9:22,0,4,3988,0,2033,0,7620,295,2,277,16,0,12.9,1.4,0.0,84.9,0.0,0.0,0.7,0.0,15795.0 MiB,4020.9 MiB,2012.8 MiB,9761.3 MiB,4096.0 MiB,4092.2 MiB,3.8 MiB,12992.8 MiB
Python 3.0.1,nbody.py 50000000,481,1691145981,549597,python,9:23.98,14764,7620,4084,100.0,0.0,1,0,9:23,0,4,3988,0,2033,0,7620,295,2,277,16,0,13.0,0.8,0.0,86.3,0.0,0.0,0.0,0.0,15795.0 MiB,4020.9 MiB,2012.8 MiB,9761.3 MiB,4096.0 MiB,4092.2 MiB,3.8 MiB,12992.8 MiB
Python 3.0.1,nbody.py 50000000,482,1691145982,549597,python,9:25.15,14764,7620,4084,100.0,0.0,1,0,9:25,0,4,3988,0,2033,0,7620,295,2,277,16,0,13.0,0.0,0.0,87.0,0.0,0.0,0.0,0.0,15795.0 MiB,4020.9 MiB,2012.8 MiB,9761.3 MiB,4096.0 MiB,4092.2 MiB,3.8 MiB,12992.9 MiB
Python 3.0.1,nbody.py 50000000,483,1691145983,549597,python,9:26.32,14764,7620,4084,93.8,0.0,1,0,9:26,0,4,3988,0,2033,0,7620,295,2,277,16,0,12.9,0.8,0.0,86.4,0.0,0.0,0.0,0.0,15795.0 MiB,4020.9 MiB,2012.8 MiB,9761.3 MiB,4096.0 MiB,4092.2 MiB,3.8 MiB,12992.9 MiB
Python 3.0.1,nbody.py 50000000,484,1691145985,549597,python,9:27.49,14764,7620,4084,93.8,0.0,1,0,9:27,0,4,3988,0,2033,0,7620,295,2,277,16,0,13.0,0.8,0.0,86.3,0.0,0.0,0.0,0.0,15795.0 MiB,4020.9 MiB,2012.7 MiB,9761.3 MiB,4096.0 MiB,4092.2 MiB,3.8 MiB,12992.9 MiB
