test,version,appplication,no_measurement,timestamp,pid,command,time,virt,res,shr,percent_cpu,percent_mem,nTH,P,TIME,SWAP,CODE,DATA,nMaj,nMin,nDRT,USED,tasks_total,tasks_running,tasks_sleeping,tasks_stopped,tasks_zombie,cpu_us,cpu_sy,cpu_ni,cpu_id,cpu_wa,cpu_hi,cpu_si,cpu_st,mem_total,mem_free,mem_used,mem_buff_cache,swap_total,swap_free,swap_used,swap_avail,
1,Python 3.11.3,binarytrees.py 21,0,1694535110,1849495,python,0:00.13,84488,74564,7780,81.2,0.5,1,1,0:00,0,4,69704,0,18k,0,74564,318,2,278,38,0,16.1,8.0,0.0,75.9,0.0,0.0,0.0,0.0,15794.9 MiB,3667.6 MiB,2135.2 MiB,9992.0 MiB,4096.0 MiB,3682.5 MiB,413.5 MiB,13062.5 MiB
1,Python 3.11.3,binarytrees.py 21,1,1694535111,1849495,python,0:01.30,691720,672788,7780,100.0,4.2,1,1,0:01,0,4,676936,0,164k,0,672788,318,2,278,38,0,13.5,1.5,0.0,85.0,0.0,0.0,0.0,0.0,15794.9 MiB,3080.8 MiB,2728.7 MiB,9985.4 MiB,4096.0 MiB,3682.5 MiB,413.5 MiB,12475.7 MiB
1,Python 3.11.3,binarytrees.py 21,2,1694535112,1849495,python,0:02.47,357896,343784,7780,93.8,2.1,1,1,0:02,0,4,343112,0,244k,0,343784,318,2,278,38,0,12.9,1.5,0.0,85.6,0.0,0.0,0.0,0.0,15794.9 MiB,3402.4 MiB,2407.3 MiB,9985.2 MiB,4096.0 MiB,3682.5 MiB,413.5 MiB,12797.2 MiB
1,Python 3.11.3,binarytrees.py 21,3,1694535113,1849495,python,0:02.64,505392,344048,7788,0.0,2.1,3,1,0:02,0,4,359792,0,245k,0,344048,326,9,279,38,0,98.7,1.3,0.0,0.0,0.0,0.0,0.0,0.0,15794.9 MiB,3302.7 MiB,2500.0 MiB,9992.2 MiB,4096.0 MiB,3682.5 MiB,413.5 MiB,12697.5 MiB
1,Python 3.11.3,binarytrees.py 21,4,1694535115,1849495,python,0:02.64,505392,344048,7788,0.0,2.1,3,1,0:02,0,4,359792,0,245k,0,344048,326,9,279,38,0,97.9,2.1,0.0,0.0,0.0,0.0,0.0,0.0,15794.9 MiB,3283.4 MiB,2526.0 MiB,9985.4 MiB,4096.0 MiB,3682.5 MiB,413.5 MiB,12678.3 MiB
1,Python 3.11.3,binarytrees.py 21,5,1694535116,1849495,python,0:02.64,505392,344048,7788,0.0,2.1,3,1,0:02,0,4,359792,0,245k,0,344048,326,9,279,38,0,98.6,1.4,0.0,0.0,0.0,0.0,0.0,0.0,15794.9 MiB,3293.3 MiB,2516.2 MiB,9985.3 MiB,4096.0 MiB,3682.5 MiB,413.5 MiB,12688.2 MiB
1,Python 3.11.3,binarytrees.py 21,6,1694535117,1849495,python,0:02.64,505392,344048,7788,0.0,2.1,3,1,0:02,0,4,359792,0,245k,0,344048,326,9,279,38,0,97.9,2.1,0.0,0.0,0.0,0.0,0.0,0.0,15794.9 MiB,3279.1 MiB,2530.4 MiB,9985.3 MiB,4096.0 MiB,3682.5 MiB,413.5 MiB,12674.0 MiB
1,Python 3.11.3,binarytrees.py 21,7,1694535118,1849495,python,0:02.64,505392,344048,7788,0.0,2.1,3,1,0:02,0,4,359792,0,245k,0,344048,326,9,279,38,0,98.3,1.7,0.0,0.0,0.0,0.0,0.0,0.0,15794.9 MiB,3289.8 MiB,2519.8 MiB,9985.3 MiB,4096.0 MiB,3682.5 MiB,413.5 MiB,12684.7 MiB
1,Python 3.11.3,binarytrees.py 21,8,1694535120,1849495,python,0:02.64,505392,344048,7788,0.0,2.1,3,1,0:02,0,4,359792,0,245k,0,344048,326,9,279,38,0,97.5,2.5,0.0,0.0,0.0,0.0,0.0,0.0,15794.9 MiB,3285.0 MiB,2524.5 MiB,9985.3 MiB,4096.0 MiB,3682.5 MiB,413.5 MiB,12679.9 MiB
1,Python 3.11.3,binarytrees.py 21,9,1694535121,1849495,python,0:02.64,505392,344048,7788,0.0,2.1,3,1,0:02,0,4,359792,0,245k,0,344048,326,9,279,38,0,97.6,2.4,0.0,0.0,0.0,0.0,0.0,0.0,15794.9 MiB,3270.5 MiB,2539.0 MiB,9985.3 MiB,4096.0 MiB,3682.5 MiB,413.5 MiB,12665.4 MiB
1,Python 3.11.3,binarytrees.py 21,10,1694535122,1849495,python,0:02.64,505392,344048,7788,0.0,2.1,3,1,0:02,0,4,359792,0,245k,0,344048,326,9,279,38,0,97.6,2.4,0.0,0.0,0.0,0.0,0.0,0.0,15794.9 MiB,3280.7 MiB,2528.9 MiB,9985.2 MiB,4096.0 MiB,3682.5 MiB,413.5 MiB,12675.6 MiB
1,Python 3.11.3,binarytrees.py 21,11,1694535124,1849495,python,0:02.64,505392,344048,7788,0.0,2.1,3,1,0:02,0,4,359792,0,245k,0,344048,326,9,279,38,0,97.4,2.6,0.0,0.0,0.0,0.0,0.0,0.0,15794.9 MiB,3275.4 MiB,2534.2 MiB,9985.2 MiB,4096.0 MiB,3682.5 MiB,413.5 MiB,12670.3 MiB
1,Python 3.11.3,binarytrees.py 21,12,1694535125,1849495,python,0:02.64,505392,344048,7788,0.0,2.1,3,1,0:02,0,4,359792,0,245k,0,344048,326,9,279,38,0,99.4,0.6,0.0,0.0,0.0,0.0,0.0,0.0,15794.9 MiB,3273.4 MiB,2536.3 MiB,9985.2 MiB,4096.0 MiB,3682.5 MiB,413.5 MiB,12668.3 MiB
1,Python 3.11.3,binarytrees.py 21,13,1694535126,1849495,python,0:02.64,505392,344048,7788,0.0,2.1,3,1,0:02,0,4,359792,0,245k,0,344048,326,9,279,38,0,98.8,1.2,0.0,0.0,0.0,0.0,0.0,0.0,15794.9 MiB,3270.3 MiB,2539.3 MiB,9985.2 MiB,4096.0 MiB,3682.5 MiB,413.5 MiB,12665.2 MiB
1,Python 3.11.3,binarytrees.py 21,14,1694535127,1849495,python,0:02.64,505392,344048,7788,0.0,2.1,3,1,0:02,0,4,359792,0,245k,0,344048,326,9,279,38,0,98.3,1.7,0.0,0.0,0.0,0.0,0.0,0.0,15794.9 MiB,3268.6 MiB,2541.1 MiB,9985.2 MiB,4096.0 MiB,3682.5 MiB,413.5 MiB,12663.4 MiB
1,Python 3.11.3,binarytrees.py 21,15,1694535129,1849495,python,0:02.64,505392,344048,7788,0.0,2.1,3,1,0:02,0,4,359792,0,245k,0,344048,326,9,279,38,0,98.8,1.2,0.0,0.0,0.0,0.0,0.0,0.0,15794.9 MiB,3267.8 MiB,2541.8 MiB,9985.3 MiB,4096.0 MiB,3682.5 MiB,413.5 MiB,12662.7 MiB
1,Python 3.11.3,binarytrees.py 21,16,1694535130,1849495,python,0:02.64,505392,344048,7788,0.0,2.1,3,1,0:02,0,4,359792,0,245k,0,344048,326,9,279,38,0,98.1,1.9,0.0,0.0,0.0,0.0,0.0,0.0,15794.9 MiB,3267.6 MiB,2542.0 MiB,9985.3 MiB,4096.0 MiB,3682.5 MiB,413.5 MiB,12662.5 MiB
1,Python 3.11.3,binarytrees.py 21,17,1694535131,1849495,python,0:02.64,505392,344048,7788,0.0,2.1,3,1,0:02,0,4,359792,0,245k,0,344048,326,9,279,38,0,97.6,2.4,0.0,0.0,0.0,0.0,0.0,0.0,15794.9 MiB,3266.8 MiB,2542.8 MiB,9985.3 MiB,4096.0 MiB,3682.5 MiB,413.5 MiB,12661.8 MiB
1,Python 3.11.3,binarytrees.py 21,18,1694535133,1849495,python,0:02.64,505392,344048,7788,0.0,2.1,3,1,0:02,0,4,359792,0,245k,0,344048,326,9,279,38,0,97.4,2.6,0.0,0.0,0.0,0.0,0.0,0.0,15794.9 MiB,3267.1 MiB,2542.5 MiB,9985.3 MiB,4096.0 MiB,3682.5 MiB,413.5 MiB,12662.0 MiB
1,Python 3.11.3,binarytrees.py 21,19,1694535134,1849495,python,0:02.64,505392,344048,7788,0.0,2.1,3,1,0:02,0,4,359792,0,245k,0,344048,326,9,279,38,0,98.1,1.9,0.0,0.0,0.0,0.0,0.0,0.0,15794.9 MiB,3266.6 MiB,2543.0 MiB,9985.3 MiB,4096.0 MiB,3682.5 MiB,413.5 MiB,12661.5 MiB
1,Python 3.11.3,binarytrees.py 21,20,1694535135,1849495,python,0:02.64,505392,344048,7788,0.0,2.1,3,1,0:02,0,4,359792,0,245k,0,344048,326,9,279,38,0,98.8,1.2,0.0,0.0,0.0,0.0,0.0,0.0,15794.9 MiB,3265.9 MiB,2543.7 MiB,9985.3 MiB,4096.0 MiB,3682.5 MiB,413.5 MiB,12660.8 MiB
1,Python 3.11.3,binarytrees.py 21,21,1694535137,1849495,python,0:02.64,505392,344048,7788,0.0,2.1,3,1,0:02,0,4,359792,0,245k,0,344048,326,9,279,38,0,98.7,1.3,0.0,0.0,0.0,0.0,0.0,0.0,15794.9 MiB,3265.9 MiB,2543.7 MiB,9985.3 MiB,4096.0 MiB,3682.5 MiB,413.5 MiB,12660.8 MiB
1,Python 3.11.3,binarytrees.py 21,22,1694535138,1849495,python,0:02.64,505392,344048,7788,0.0,2.1,3,1,0:02,0,4,359792,0,245k,0,344048,326,9,279,38,0,98.1,1.9,0.0,0.0,0.0,0.0,0.0,0.0,15794.9 MiB,3266.1 MiB,2543.5 MiB,9985.3 MiB,4096.0 MiB,3682.5 MiB,413.5 MiB,12661.0 MiB
1,Python 3.11.3,binarytrees.py 21,23,1694535139,1849495,python,0:02.64,505392,344048,7788,0.0,2.1,3,1,0:02,0,4,359792,0,245k,0,344048,326,9,279,38,0,96.6,3.4,0.0,0.0,0.0,0.0,0.0,0.0,15794.9 MiB,3244.0 MiB,2558.8 MiB,9992.1 MiB,4096.0 MiB,3682.5 MiB,413.5 MiB,12638.9 MiB
1,Python 3.11.3,binarytrees.py 21,24,1694535140,1849495,python,0:02.64,505392,344048,7788,0.0,2.1,3,1,0:02,0,4,359792,0,245k,0,344048,326,8,280,38,0,86.1,4.0,0.0,9.9,0.0,0.0,0.0,0.0,15794.9 MiB,3013.4 MiB,2789.2 MiB,9992.3 MiB,4096.0 MiB,3682.5 MiB,413.5 MiB,12408.3 MiB
1,Python 3.11.3,binarytrees.py 21,25,1694535142,1849495,python,0:02.64,505392,344048,7788,0.0,2.1,3,4,0:02,0,4,359792,0,245k,0,344048,326,7,281,38,0,84.1,2.6,0.0,13.2,0.0,0.0,0.0,0.0,15794.9 MiB,3090.9 MiB,2711.7 MiB,9992.3 MiB,4096.0 MiB,3682.5 MiB,413.5 MiB,12485.8 MiB
1,Python 3.11.3,binarytrees.py 21,26,1694535143,1849495,python,0:02.64,505392,344048,7788,0.0,2.1,3,1,0:02,0,4,359792,0,245k,0,344048,326,5,283,38,0,52.4,3.4,0.0,44.1,0.0,0.0,0.0,0.0,15794.9 MiB,3101.0 MiB,2701.6 MiB,9992.3 MiB,4096.0 MiB,3682.5 MiB,413.5 MiB,12495.9 MiB
1,Python 3.11.3,binarytrees.py 21,27,1694535144,1849495,python,0:02.65,505392,344048,7788,0.0,2.1,3,1,0:02,0,4,359792,0,245k,0,344048,326,2,286,38,0,13.5,0.8,0.0,85.7,0.0,0.0,0.0,0.0,15794.9 MiB,3200.3 MiB,2602.3 MiB,9992.3 MiB,4096.0 MiB,3682.5 MiB,413.5 MiB,12595.2 MiB
1,Python 3.11.3,binarytrees.py 21,28,1694535145,1849495,python,0:02.65,505392,344048,7788,0.0,2.1,3,1,0:02,0,4,359792,0,245k,0,344048,326,2,286,38,0,10.6,3.0,0.0,86.4,0.0,0.0,0.0,0.0,15794.9 MiB,3108.5 MiB,2700.9 MiB,9985.4 MiB,4096.0 MiB,3682.5 MiB,413.5 MiB,12503.4 MiB
1,Python 3.11.3,binarytrees.py 21,29,1694535146,1849495,python,0:02.65,505392,344048,7788,0.0,2.1,3,1,0:02,0,4,359792,0,245k,0,344048,326,2,286,38,0,11.4,2.3,0.0,86.4,0.0,0.0,0.0,0.0,15794.9 MiB,3202.4 MiB,2607.2 MiB,9985.3 MiB,4096.0 MiB,3682.5 MiB,413.5 MiB,12597.3 MiB
1,Python 3.11.3,binarytrees.py 21,30,1694535148,1849495,python,0:02.65,505392,344048,7788,0.0,2.1,3,1,0:02,0,4,359792,0,245k,0,344048,326,2,286,38,0,12.1,1.5,0.0,86.4,0.0,0.0,0.0,0.0,15794.9 MiB,3161.3 MiB,2648.3 MiB,9985.3 MiB,4096.0 MiB,3682.5 MiB,413.5 MiB,12556.2 MiB
1,Python 3.11.3,binarytrees.py 21,31,1694535149,1849495,python,0:02.65,505392,344048,7788,0.0,2.1,3,1,0:02,0,4,359792,0,245k,0,344048,326,2,286,38,0,10.6,3.8,0.0,85.6,0.0,0.0,0.0,0.0,15794.9 MiB,3136.2 MiB,2673.4 MiB,9985.3 MiB,4096.0 MiB,3682.5 MiB,413.5 MiB,12531.1 MiB
1,Python 3.11.3,binarytrees.py 21,32,1694535150,1849495,python,0:02.65,505392,344048,7788,0.0,2.1,3,1,0:02,0,4,359792,0,245k,0,344048,327,2,287,38,0,14.2,1.5,0.0,84.3,0.0,0.0,0.0,0.0,15794.9 MiB,3188.9 MiB,2620.7 MiB,9985.3 MiB,4096.0 MiB,3682.5 MiB,413.5 MiB,12583.8 MiB
1,Python 3.11.3,binarytrees.py 21,33,1694535151,1849495,python,0:02.65,505392,344048,7788,0.0,2.1,3,1,0:02,0,4,359792,0,245k,0,344048,327,2,287,38,0,12.1,1.5,0.0,86.4,0.0,0.0,0.0,0.0,15794.9 MiB,3054.2 MiB,2755.4 MiB,9985.3 MiB,4096.0 MiB,3682.5 MiB,413.5 MiB,12449.1 MiB
1,Python 3.11.3,binarytrees.py 21,34,1694535152,1849495,python,0:02.65,505392,344048,7788,0.0,2.1,3,1,0:02,0,4,359792,0,245k,0,344048,327,2,287,38,0,13.6,0.8,0.0,85.6,0.0,0.0,0.0,0.0,15794.9 MiB,3187.5 MiB,2622.1 MiB,9985.3 MiB,4096.0 MiB,3682.5 MiB,413.5 MiB,12582.4 MiB
1,Python 3.11.3,binarytrees.py 21,35,1694535153,1849495,python,0:02.65,505392,344048,7788,0.0,2.1,3,1,0:02,0,4,359792,0,245k,0,344048,326,2,286,38,0,11.4,2.3,0.0,86.4,0.0,0.0,0.0,0.0,15794.9 MiB,3064.6 MiB,2745.0 MiB,9985.3 MiB,4096.0 MiB,3682.5 MiB,413.5 MiB,12459.5 MiB
1,Python 3.11.3,binarytrees.py 21,36,1694535155,1849495,python,0:02.65,505392,344048,7788,0.0,2.1,3,1,0:02,0,4,359792,0,245k,0,344048,327,2,287,38,0,14.2,0.7,0.0,85.1,0.0,0.0,0.0,0.0,15794.9 MiB,3186.7 MiB,2622.9 MiB,9985.3 MiB,4096.0 MiB,3682.5 MiB,413.5 MiB,12581.6 MiB
1,Python 3.11.3,binarytrees.py 21,37,1694535156,1849495,python,0:02.65,505392,344048,7788,0.0,2.1,3,1,0:02,0,4,359792,0,245k,0,344048,327,2,287,38,0,9.9,3.8,0.0,86.3,0.0,0.0,0.0,0.0,15794.9 MiB,3086.2 MiB,2723.3 MiB,9985.3 MiB,4096.0 MiB,3682.5 MiB,413.5 MiB,12481.2 MiB
2,Python 3.11.3,binarytrees.py 21,0,1694535157,1849803,python,0:00.12,76296,66836,7704,80.0,0.4,1,5,0:00,0,4,61512,1,16k,0,66836,319,2,279,38,0,18.3,9.2,0.0,72.5,0.0,0.0,0.0,0.0,15794.9 MiB,3673.9 MiB,2128.7 MiB,9992.3 MiB,4096.0 MiB,3682.5 MiB,413.5 MiB,13068.9 MiB
2,Python 3.11.3,binarytrees.py 21,1,1694535158,1849803,python,0:01.29,691720,672716,7704,93.8,4.2,1,5,0:01,0,4,676936,1,164k,0,672716,318,2,278,38,0,12.8,1.5,0.0,85.7,0.0,0.0,0.0,0.0,15794.9 MiB,3077.1 MiB,2725.4 MiB,9992.3 MiB,4096.0 MiB,3682.5 MiB,413.5 MiB,12472.1 MiB
2,Python 3.11.3,binarytrees.py 21,2,1694535159,1849803,python,0:02.47,355848,342392,7704,100.0,2.1,1,5,0:02,0,4,341064,1,243k,0,342392,318,2,278,38,0,10.5,4.5,0.0,85.0,0.0,0.0,0.0,0.0,15794.9 MiB,3412.6 MiB,2397.0 MiB,9985.3 MiB,4096.0 MiB,3682.5 MiB,413.5 MiB,12807.5 MiB
2,Python 3.11.3,binarytrees.py 21,3,1694535160,1849803,python,0:02.79,505392,343976,7712,0.0,2.1,3,2,0:02,0,4,359792,1,245k,0,343976,327,9,280,38,0,98.7,1.3,0.0,0.0,0.0,0.0,0.0,0.0,15794.9 MiB,3302.2 MiB,2500.3 MiB,9992.3 MiB,4096.0 MiB,3682.5 MiB,413.5 MiB,12697.2 MiB
2,Python 3.11.3,binarytrees.py 21,4,1694535162,1849803,python,0:02.79,505392,343976,7712,0.0,2.1,3,2,0:02,0,4,359792,1,245k,0,343976,327,9,280,38,0,96.2,3.8,0.0,0.0,0.0,0.0,0.0,0.0,15794.9 MiB,3291.3 MiB,2511.3 MiB,9992.3 MiB,4096.0 MiB,3682.5 MiB,413.5 MiB,12686.2 MiB
2,Python 3.11.3,binarytrees.py 21,5,1694535163,1849803,python,0:02.79,505392,343976,7712,0.0,2.1,3,2,0:02,0,4,359792,1,245k,0,343976,326,9,279,38,0,97.4,2.6,0.0,0.0,0.0,0.0,0.0,0.0,15794.9 MiB,3295.0 MiB,2507.6 MiB,9992.3 MiB,4096.0 MiB,3682.5 MiB,413.5 MiB,12689.9 MiB
2,Python 3.11.3,binarytrees.py 21,6,1694535164,1849803,python,0:02.79,505392,343976,7712,0.0,2.1,3,2,0:02,0,4,359792,1,245k,0,343976,326,9,279,38,0,97.7,2.3,0.0,0.0,0.0,0.0,0.0,0.0,15794.9 MiB,3295.7 MiB,2506.9 MiB,9992.3 MiB,4096.0 MiB,3682.5 MiB,413.5 MiB,12690.6 MiB
2,Python 3.11.3,binarytrees.py 21,7,1694535166,1849803,python,0:02.79,505392,343976,7712,0.0,2.1,3,2,0:02,0,4,359792,1,245k,0,343976,327,9,280,38,0,97.4,2.6,0.0,0.0,0.0,0.0,0.0,0.0,15794.9 MiB,3293.0 MiB,2509.6 MiB,9992.3 MiB,4096.0 MiB,3682.5 MiB,413.5 MiB,12688.0 MiB
2,Python 3.11.3,binarytrees.py 21,8,1694535167,1849803,python,0:02.79,505392,343976,7712,0.0,2.1,3,2,0:02,0,4,359792,1,245k,0,343976,327,9,280,38,0,97.3,2.7,0.0,0.0,0.0,0.0,0.0,0.0,15794.9 MiB,3288.6 MiB,2514.0 MiB,9992.3 MiB,4096.0 MiB,3682.5 MiB,413.5 MiB,12683.5 MiB
2,Python 3.11.3,binarytrees.py 21,9,1694535168,1849803,python,0:02.79,505392,343976,7712,0.0,2.1,3,2,0:02,0,4,359792,1,245k,0,343976,327,9,280,38,0,97.3,2.7,0.0,0.0,0.0,0.0,0.0,0.0,15794.9 MiB,3279.0 MiB,2523.6 MiB,9992.3 MiB,4096.0 MiB,3682.5 MiB,413.5 MiB,12673.9 MiB
2,Python 3.11.3,binarytrees.py 21,10,1694535170,1849803,python,0:02.79,505392,343976,7712,0.0,2.1,3,2,0:02,0,4,359792,1,245k,0,343976,326,9,279,38,0,96.8,3.2,0.0,0.0,0.0,0.0,0.0,0.0,15794.9 MiB,3275.0 MiB,2527.5 MiB,9992.3 MiB,4096.0 MiB,3682.5 MiB,413.5 MiB,12670.0 MiB
2,Python 3.11.3,binarytrees.py 21,11,1694535171,1849803,python,0:02.79,505392,343976,7712,0.0,2.1,3,2,0:02,0,4,359792,1,245k,0,343976,326,9,279,38,0,97.8,2.2,0.0,0.0,0.0,0.0,0.0,0.0,15794.9 MiB,3285.1 MiB,2517.4 MiB,9992.3 MiB,4096.0 MiB,3682.5 MiB,413.5 MiB,12680.1 MiB
2,Python 3.11.3,binarytrees.py 21,12,1694535172,1849803,python,0:02.79,505392,343976,7712,0.0,2.1,3,2,0:02,0,4,359792,1,245k,0,343976,326,9,279,38,0,97.8,2.2,0.0,0.0,0.0,0.0,0.0,0.0,15794.9 MiB,3282.3 MiB,2520.2 MiB,9992.3 MiB,4096.0 MiB,3682.5 MiB,413.5 MiB,12677.3 MiB
2,Python 3.11.3,binarytrees.py 21,13,1694535174,1849803,python,0:02.79,505392,343976,7712,0.0,2.1,3,2,0:02,0,4,359792,1,245k,0,343976,326,9,279,38,0,97.8,2.2,0.0,0.0,0.0,0.0,0.0,0.0,15794.9 MiB,3282.7 MiB,2519.9 MiB,9992.3 MiB,4096.0 MiB,3682.5 MiB,413.5 MiB,12677.6 MiB
2,Python 3.11.3,binarytrees.py 21,14,1694535175,1849803,python,0:02.79,505392,343976,7712,0.0,2.1,3,2,0:02,0,4,359792,1,245k,0,343976,326,9,279,38,0,97.9,2.1,0.0,0.0,0.0,0.0,0.0,0.0,15794.9 MiB,3279.0 MiB,2523.5 MiB,9992.3 MiB,4096.0 MiB,3682.5 MiB,413.5 MiB,12674.0 MiB
2,Python 3.11.3,binarytrees.py 21,15,1694535176,1849803,python,0:02.79,505392,343976,7712,0.0,2.1,3,2,0:02,0,4,359792,1,245k,0,343976,326,9,279,38,0,97.2,2.8,0.0,0.0,0.0,0.0,0.0,0.0,15794.9 MiB,3276.0 MiB,2526.5 MiB,9992.3 MiB,4096.0 MiB,3682.5 MiB,413.5 MiB,12671.0 MiB
2,Python 3.11.3,binarytrees.py 21,16,1694535178,1849803,python,0:02.79,505392,343976,7712,0.0,2.1,3,2,0:02,0,4,359792,1,245k,0,343976,326,9,279,38,0,98.4,1.6,0.0,0.0,0.0,0.0,0.0,0.0,15794.9 MiB,3276.5 MiB,2526.0 MiB,9992.3 MiB,4096.0 MiB,3682.5 MiB,413.5 MiB,12671.5 MiB
2,Python 3.11.3,binarytrees.py 21,17,1694535179,1849803,python,0:02.79,505392,343976,7712,0.0,2.1,3,2,0:02,0,4,359792,1,245k,0,343976,326,9,279,38,0,97.9,2.1,0.0,0.0,0.0,0.0,0.0,0.0,15794.9 MiB,3274.2 MiB,2528.3 MiB,9992.3 MiB,4096.0 MiB,3682.5 MiB,413.5 MiB,12669.2 MiB
2,Python 3.11.3,binarytrees.py 21,18,1694535180,1849803,python,0:02.79,505392,343976,7712,0.0,2.1,3,2,0:02,0,4,359792,1,245k,0,343976,326,9,279,38,0,98.4,1.6,0.0,0.0,0.0,0.0,0.0,0.0,15794.9 MiB,3273.7 MiB,2536.0 MiB,9985.2 MiB,4096.0 MiB,3682.5 MiB,413.5 MiB,12668.7 MiB
2,Python 3.11.3,binarytrees.py 21,19,1694535182,1849803,python,0:02.79,505392,343976,7712,0.0,2.1,3,2,0:02,0,4,359792,1,245k,0,343976,326,9,279,38,0,97.9,2.1,0.0,0.0,0.0,0.0,0.0,0.0,15794.9 MiB,3271.5 MiB,2538.2 MiB,9985.2 MiB,4096.0 MiB,3682.5 MiB,413.5 MiB,12666.5 MiB
2,Python 3.11.3,binarytrees.py 21,20,1694535183,1849803,python,0:02.79,505392,343976,7712,0.0,2.1,3,2,0:02,0,4,359792,1,245k,0,343976,326,9,279,38,0,97.8,2.2,0.0,0.0,0.0,0.0,0.0,0.0,15794.9 MiB,3267.2 MiB,2542.5 MiB,9985.2 MiB,4096.0 MiB,3682.5 MiB,413.5 MiB,12662.2 MiB
2,Python 3.11.3,binarytrees.py 21,21,1694535184,1849803,python,0:02.79,505392,343976,7712,0.0,2.1,3,2,0:02,0,4,359792,1,245k,0,343976,326,9,279,38,0,98.4,1.6,0.0,0.0,0.0,0.0,0.0,0.0,15794.9 MiB,3268.7 MiB,2541.0 MiB,9985.2 MiB,4096.0 MiB,3682.5 MiB,413.5 MiB,12663.7 MiB
2,Python 3.11.3,binarytrees.py 21,22,1694535186,1849803,python,0:02.79,505392,343976,7712,0.0,2.1,3,2,0:02,0,4,359792,1,245k,0,343976,326,9,279,38,0,97.1,2.9,0.0,0.0,0.0,0.0,0.0,0.0,15794.9 MiB,3268.2 MiB,2541.5 MiB,9985.2 MiB,4096.0 MiB,3682.5 MiB,413.5 MiB,12663.1 MiB
2,Python 3.11.3,binarytrees.py 21,23,1694535187,1849803,python,0:02.79,505392,343976,7712,0.0,2.1,3,2,0:02,0,4,359792,1,245k,0,343976,326,9,279,38,0,97.8,2.2,0.0,0.0,0.0,0.0,0.0,0.0,15794.9 MiB,3268.2 MiB,2541.5 MiB,9985.2 MiB,4096.0 MiB,3682.5 MiB,413.5 MiB,12663.1 MiB
2,Python 3.11.3,binarytrees.py 21,24,1694535188,1849803,python,0:02.79,505392,343976,7712,0.0,2.1,3,2,0:02,0,4,359792,1,245k,0,343976,326,9,279,38,0,98.4,1.6,0.0,0.0,0.0,0.0,0.0,0.0,15794.9 MiB,3267.7 MiB,2542.0 MiB,9985.2 MiB,4096.0 MiB,3682.5 MiB,413.5 MiB,12662.7 MiB
2,Python 3.11.3,binarytrees.py 21,25,1694535190,1849803,python,0:02.79,505392,343976,7712,0.0,2.1,3,2,0:02,0,4,359792,1,245k,0,343976,326,9,279,38,0,98.5,1.5,0.0,0.0,0.0,0.0,0.0,0.0,15794.9 MiB,3267.7 MiB,2542.0 MiB,9985.2 MiB,4096.0 MiB,3682.5 MiB,413.5 MiB,12662.7 MiB
2,Python 3.11.3,binarytrees.py 21,26,1694535191,1849803,python,0:02.79,505392,343976,7712,0.0,2.1,3,2,0:02,0,4,359792,1,245k,0,343976,326,9,279,38,0,97.3,1.6,0.0,0.0,0.0,0.0,1.1,0.0,15794.9 MiB,3266.9 MiB,2542.8 MiB,9985.2 MiB,4096.0 MiB,3682.5 MiB,413.5 MiB,12661.9 MiB
2,Python 3.11.3,binarytrees.py 21,27,1694535192,1849803,python,0:02.79,505392,343976,7712,0.0,2.1,3,2,0:02,0,4,359792,1,245k,0,343976,326,9,279,38,0,96.2,2.2,0.0,0.0,0.0,0.0,1.6,0.0,15794.9 MiB,3266.7 MiB,2543.0 MiB,9985.2 MiB,4096.0 MiB,3682.5 MiB,413.5 MiB,12661.7 MiB
2,Python 3.11.3,binarytrees.py 21,28,1694535194,1849803,python,0:02.79,505392,343976,7712,0.0,2.1,3,2,0:02,0,4,359792,1,245k,0,343976,326,9,279,38,0,97.8,2.2,0.0,0.0,0.0,0.0,0.0,0.0,15794.9 MiB,3265.9 MiB,2543.7 MiB,9985.2 MiB,4096.0 MiB,3682.5 MiB,413.5 MiB,12661.0 MiB
2,Python 3.11.3,binarytrees.py 21,29,1694535195,1849803,python,0:02.79,505392,343976,7712,0.0,2.1,3,2,0:02,0,4,359792,1,245k,0,343976,326,9,279,38,0,98.4,1.6,0.0,0.0,0.0,0.0,0.0,0.0,15794.9 MiB,3265.5 MiB,2544.2 MiB,9985.2 MiB,4096.0 MiB,3682.5 MiB,413.5 MiB,12660.5 MiB
2,Python 3.11.3,binarytrees.py 21,30,1694535196,1849803,python,0:02.79,505392,343976,7712,0.0,2.1,3,2,0:02,0,4,359792,1,245k,0,343976,326,9,279,38,0,97.9,2.1,0.0,0.0,0.0,0.0,0.0,0.0,15794.9 MiB,3265.5 MiB,2544.2 MiB,9985.2 MiB,4096.0 MiB,3682.5 MiB,413.5 MiB,12660.5 MiB
2,Python 3.11.3,binarytrees.py 21,31,1694535198,1849803,python,0:02.79,505392,343976,7712,0.0,2.1,3,2,0:02,0,4,359792,1,245k,0,343976,326,9,279,38,0,98.4,1.6,0.0,0.0,0.0,0.0,0.0,0.0,15794.9 MiB,3265.0 MiB,2544.7 MiB,9985.2 MiB,4096.0 MiB,3682.5 MiB,413.5 MiB,12660.0 MiB
2,Python 3.11.3,binarytrees.py 21,32,1694535199,1849803,python,0:02.79,505392,343976,7712,0.0,2.1,3,2,0:02,0,4,359792,1,245k,0,343976,326,9,279,38,0,98.4,1.6,0.0,0.0,0.0,0.0,0.0,0.0,15794.9 MiB,3264.5 MiB,2545.2 MiB,9985.2 MiB,4096.0 MiB,3682.5 MiB,413.5 MiB,12659.5 MiB
2,Python 3.11.3,binarytrees.py 21,33,1694535200,1849803,python,0:02.79,505392,343976,7712,0.0,2.1,3,2,0:02,0,4,359792,1,245k,0,343976,326,9,279,38,0,97.8,2.2,0.0,0.0,0.0,0.0,0.0,0.0,15794.9 MiB,3264.5 MiB,2545.2 MiB,9985.2 MiB,4096.0 MiB,3682.5 MiB,413.5 MiB,12659.5 MiB
2,Python 3.11.3,binarytrees.py 21,34,1694535202,1849803,python,0:02.79,505392,343976,7712,0.0,2.1,3,2,0:02,0,4,359792,1,245k,0,343976,326,9,279,38,0,96.7,3.3,0.0,0.0,0.0,0.0,0.0,0.0,15794.9 MiB,3264.2 MiB,2545.5 MiB,9985.2 MiB,4096.0 MiB,3682.5 MiB,413.5 MiB,12659.2 MiB
2,Python 3.11.3,binarytrees.py 21,35,1694535203,1849803,python,0:02.79,505392,343976,7712,0.0,2.1,3,2,0:02,0,4,359792,1,245k,0,343976,326,9,279,38,0,95.6,4.4,0.0,0.0,0.0,0.0,0.0,0.0,15794.9 MiB,3270.6 MiB,2532.2 MiB,9992.0 MiB,4096.0 MiB,3682.5 MiB,413.5 MiB,12665.6 MiB
2,Python 3.11.3,binarytrees.py 21,36,1694535204,1849803,python,0:02.79,505392,343976,7712,0.0,2.1,3,2,0:02,0,4,359792,1,245k,0,343976,326,9,279,38,0,97.7,2.3,0.0,0.0,0.0,0.0,0.0,0.0,15794.9 MiB,3120.8 MiB,2681.7 MiB,9992.4 MiB,4096.0 MiB,3682.5 MiB,413.5 MiB,12515.8 MiB
2,Python 3.11.3,binarytrees.py 21,37,1694535206,1849803,python,0:02.79,505392,343976,7712,0.0,2.1,3,2,0:02,0,4,359792,1,245k,0,343976,326,8,280,38,0,87.1,4.3,0.0,8.6,0.0,0.0,0.0,0.0,15794.9 MiB,3107.9 MiB,2694.6 MiB,9992.4 MiB,4096.0 MiB,3682.5 MiB,413.5 MiB,12502.9 MiB
2,Python 3.11.3,binarytrees.py 21,38,1694535207,1849803,python,0:02.79,505392,343976,7712,0.0,2.1,3,2,0:02,0,4,359792,1,245k,0,343976,326,7,281,38,0,84.0,3.2,0.0,12.8,0.0,0.0,0.0,0.0,15794.9 MiB,3002.6 MiB,2799.9 MiB,9992.4 MiB,4096.0 MiB,3682.5 MiB,413.5 MiB,12397.6 MiB
2,Python 3.11.3,binarytrees.py 21,39,1694535208,1849803,python,0:02.79,505392,343976,7712,0.0,2.1,3,1,0:02,0,4,359792,1,245k,0,343976,326,4,284,38,0,45.8,5.8,0.0,48.4,0.0,0.0,0.0,0.0,15794.9 MiB,2974.3 MiB,2828.1 MiB,9992.4 MiB,4096.0 MiB,3682.5 MiB,413.5 MiB,12369.4 MiB
2,Python 3.11.3,binarytrees.py 21,40,1694535209,1849803,python,0:02.79,505392,343976,7712,0.0,2.1,3,2,0:02,0,4,359792,1,245k,0,343976,326,2,286,38,0,11.9,3.0,0.0,85.2,0.0,0.0,0.0,0.0,15794.9 MiB,3104.5 MiB,2698.0 MiB,9992.4 MiB,4096.0 MiB,3682.5 MiB,413.5 MiB,12499.5 MiB
2,Python 3.11.3,binarytrees.py 21,41,1694535210,1849803,python,0:02.79,505392,343976,7712,0.0,2.1,3,2,0:02,0,4,359792,1,245k,0,343976,326,2,286,38,0,12.0,1.5,0.0,86.5,0.0,0.0,0.0,0.0,15794.9 MiB,3046.9 MiB,2762.5 MiB,9985.4 MiB,4096.0 MiB,3682.5 MiB,413.5 MiB,12442.0 MiB
2,Python 3.11.3,binarytrees.py 21,42,1694535212,1849803,python,0:02.79,505392,343976,7712,0.0,2.1,3,2,0:02,0,4,359792,1,245k,0,343976,326,2,286,38,0,12.1,1.5,0.0,86.4,0.0,0.0,0.0,0.0,15794.9 MiB,3187.5 MiB,2621.9 MiB,9985.4 MiB,4096.0 MiB,3682.5 MiB,413.5 MiB,12582.6 MiB
2,Python 3.11.3,binarytrees.py 21,43,1694535213,1849803,python,0:02.79,505392,343976,7712,0.0,2.1,3,2,0:02,0,4,359792,1,245k,0,343976,326,2,286,38,0,12.9,0.8,0.0,86.4,0.0,0.0,0.0,0.0,15794.9 MiB,3186.0 MiB,2623.5 MiB,9985.4 MiB,4096.0 MiB,3682.5 MiB,413.5 MiB,12581.0 MiB
2,Python 3.11.3,binarytrees.py 21,44,1694535214,1849803,python,0:02.79,505392,343976,7712,0.0,2.1,3,2,0:02,0,4,359792,1,245k,0,343976,326,2,286,38,0,12.7,1.5,0.0,85.8,0.0,0.0,0.0,0.0,15794.9 MiB,3159.4 MiB,2650.1 MiB,9985.4 MiB,4096.0 MiB,3682.5 MiB,413.5 MiB,12554.4 MiB
2,Python 3.11.3,binarytrees.py 21,45,1694535215,1849803,python,0:02.79,505392,343976,7712,0.0,2.1,3,2,0:02,0,4,359792,1,245k,0,343976,326,2,286,38,0,11.4,2.3,0.0,86.4,0.0,0.0,0.0,0.0,15794.9 MiB,3104.0 MiB,2705.4 MiB,9985.4 MiB,4096.0 MiB,3682.5 MiB,413.5 MiB,12499.1 MiB
2,Python 3.11.3,binarytrees.py 21,46,1694535216,1849803,python,0:02.79,505392,343976,7712,0.0,2.1,3,2,0:02,0,4,359792,1,245k,0,343976,326,2,286,38,0,11.2,3.0,0.0,85.8,0.0,0.0,0.0,0.0,15794.9 MiB,3050.4 MiB,2759.1 MiB,9985.4 MiB,4096.0 MiB,3682.5 MiB,413.5 MiB,12445.4 MiB
2,Python 3.11.3,binarytrees.py 21,47,1694535218,1849803,python,0:02.79,505392,343976,7712,0.0,2.1,3,2,0:02,0,4,359792,1,245k,0,343976,326,2,286,38,0,11.2,3.0,0.0,85.8,0.0,0.0,0.0,0.0,15794.9 MiB,3191.3 MiB,2618.2 MiB,9985.4 MiB,4096.0 MiB,3682.5 MiB,413.5 MiB,12586.3 MiB
2,Python 3.11.3,binarytrees.py 21,48,1694535219,1849803,python,0:02.79,505392,343976,7712,0.0,2.1,3,2,0:02,0,4,359792,1,245k,0,343976,326,2,286,38,0,12.7,1.5,0.0,85.8,0.0,0.0,0.0,0.0,15794.9 MiB,3190.0 MiB,2619.4 MiB,9985.4 MiB,4096.0 MiB,3682.5 MiB,413.5 MiB,12585.1 MiB
2,Python 3.11.3,binarytrees.py 21,49,1694535220,1849803,python,0:02.79,505392,343976,7712,0.0,2.1,3,2,0:02,0,4,359792,1,245k,0,343976,326,2,286,38,0,12.9,1.5,0.0,85.6,0.0,0.0,0.0,0.0,15794.9 MiB,3162.1 MiB,2647.4 MiB,9985.4 MiB,4096.0 MiB,3682.5 MiB,413.5 MiB,12557.1 MiB
2,Python 3.11.3,binarytrees.py 21,50,1694535221,1849803,python,0:02.79,505392,343976,7712,0.0,2.1,3,2,0:02,0,4,359792,1,245k,0,343976,326,2,286,38,0,11.9,2.2,0.0,85.8,0.0,0.0,0.0,0.0,15794.9 MiB,3099.6 MiB,2709.9 MiB,9985.4 MiB,4096.0 MiB,3682.5 MiB,413.5 MiB,12494.6 MiB
2,Python 3.11.3,binarytrees.py 21,51,1694535222,1849803,python,0:02.79,505392,343976,7712,0.0,2.1,3,2,0:02,0,4,359792,1,245k,0,343976,326,2,286,38,0,12.0,2.3,0.0,85.7,0.0,0.0,0.0,0.0,15794.9 MiB,3069.5 MiB,2740.0 MiB,9985.4 MiB,4096.0 MiB,3682.5 MiB,413.5 MiB,12464.5 MiB
2,Python 3.11.3,binarytrees.py 21,52,1694535223,1849803,python,0:02.79,505392,343976,7712,0.0,2.1,3,2,0:02,0,4,359792,1,245k,0,343976,326,2,286,38,0,12.6,2.2,0.0,85.2,0.0,0.0,0.0,0.0,15794.9 MiB,3177.4 MiB,2632.1 MiB,9985.4 MiB,4096.0 MiB,3682.5 MiB,413.5 MiB,12572.4 MiB
3,Python 3.11.3,binarytrees.py 21,0,1694535225,1850193,python,0:00.12,78344,68948,7704,75.0,0.4,1,5,0:00,0,4,63560,0,16k,0,68948,318,2,278,38,0,17.7,6.9,0.0,75.4,0.0,0.0,0.0,0.0,15794.9 MiB,3664.9 MiB,2137.6 MiB,9992.4 MiB,4096.0 MiB,3682.5 MiB,413.5 MiB,13059.9 MiB
3,Python 3.11.3,binarytrees.py 21,1,1694535226,1850193,python,0:01.30,691720,672716,7704,100.0,4.2,1,5,0:01,0,4,676936,0,164k,0,672716,318,2,278,38,0,12.2,0.8,0.0,87.0,0.0,0.0,0.0,0.0,15794.9 MiB,3070.1 MiB,2732.4 MiB,9992.4 MiB,4096.0 MiB,3682.5 MiB,413.5 MiB,12465.1 MiB
3,Python 3.11.3,binarytrees.py 21,2,1694535227,1850193,python,0:02.47,233992,222276,7704,93.8,1.4,1,5,0:02,0,4,219208,0,214k,0,222276,318,2,278,38,0,12.0,2.3,0.0,85.7,0.0,0.0,0.0,0.0,15794.9 MiB,3527.6 MiB,2281.9 MiB,9985.4 MiB,4096.0 MiB,3682.5 MiB,413.5 MiB,12922.6 MiB
3,Python 3.11.3,binarytrees.py 21,3,1694535228,1850193,python,0:03.05,505392,343984,7712,0.0,2.1,3,2,0:03,0,4,359792,0,245k,0,343984,326,9,279,38,0,96.7,3.3,0.0,0.0,0.0,0.0,0.0,0.0,15794.9 MiB,3303.8 MiB,2498.6 MiB,9992.4 MiB,4096.0 MiB,3682.5 MiB,413.5 MiB,12698.9 MiB
3,Python 3.11.3,binarytrees.py 21,4,1694535229,1850193,python,0:03.05,505392,343984,7712,0.0,2.1,3,2,0:03,0,4,359792,0,245k,0,343984,326,9,279,38,0,97.3,2.7,0.0,0.0,0.0,0.0,0.0,0.0,15794.9 MiB,3301.3 MiB,2508.0 MiB,9985.6 MiB,4096.0 MiB,3682.5 MiB,413.5 MiB,12696.4 MiB
3,Python 3.11.3,binarytrees.py 21,5,1694535231,1850193,python,0:03.05,505392,343984,7712,0.0,2.1,3,2,0:03,0,4,359792,0,245k,0,343984,326,9,279,38,0,97.0,3.0,0.0,0.0,0.0,0.0,0.0,0.0,15794.9 MiB,3297.0 MiB,2512.4 MiB,9985.4 MiB,4096.0 MiB,3682.5 MiB,413.5 MiB,12692.1 MiB
3,Python 3.11.3,binarytrees.py 21,6,1694535232,1850193,python,0:03.05,505392,343984,7712,0.0,2.1,3,2,0:03,0,4,359792,0,245k,0,343984,326,9,279,38,0,97.3,2.7,0.0,0.0,0.0,0.0,0.0,0.0,15794.9 MiB,3294.8 MiB,2514.7 MiB,9985.4 MiB,4096.0 MiB,3682.5 MiB,413.5 MiB,12689.9 MiB
3,Python 3.11.3,binarytrees.py 21,7,1694535233,1850193,python,0:03.05,505392,343984,7712,0.0,2.1,3,2,0:03,0,4,359792,0,245k,0,343984,326,9,279,38,0,98.4,1.6,0.0,0.0,0.0,0.0,0.0,0.0,15794.9 MiB,3288.6 MiB,2520.8 MiB,9985.4 MiB,4096.0 MiB,3682.5 MiB,413.5 MiB,12683.7 MiB
3,Python 3.11.3,binarytrees.py 21,8,1694535235,1850193,python,0:03.05,505392,343984,7712,0.0,2.1,3,2,0:03,0,4,359792,0,245k,0,343984,326,9,279,38,0,97.2,2.8,0.0,0.0,0.0,0.0,0.0,0.0,15794.9 MiB,3280.8 MiB,2528.7 MiB,9985.4 MiB,4096.0 MiB,3682.5 MiB,413.5 MiB,12675.8 MiB
3,Python 3.11.3,binarytrees.py 21,9,1694535236,1850193,python,0:03.05,505392,343984,7712,0.0,2.1,3,2,0:03,0,4,359792,0,245k,0,343984,326,9,279,38,0,97.4,2.6,0.0,0.0,0.0,0.0,0.0,0.0,15794.9 MiB,3278.3 MiB,2531.1 MiB,9985.4 MiB,4096.0 MiB,3682.5 MiB,413.5 MiB,12673.4 MiB
3,Python 3.11.3,binarytrees.py 21,10,1694535237,1850193,python,0:03.05,505392,343984,7712,0.0,2.1,3,2,0:03,0,4,359792,0,245k,0,343984,326,9,279,38,0,96.7,3.3,0.0,0.0,0.0,0.0,0.0,0.0,15794.9 MiB,3277.6 MiB,2531.9 MiB,9985.4 MiB,4096.0 MiB,3682.5 MiB,413.5 MiB,12672.6 MiB
3,Python 3.11.3,binarytrees.py 21,11,1694535239,1850193,python,0:03.05,505392,343984,7712,0.0,2.1,3,2,0:03,0,4,359792,0,245k,0,343984,326,9,279,38,0,97.4,2.6,0.0,0.0,0.0,0.0,0.0,0.0,15794.9 MiB,3272.4 MiB,2537.0 MiB,9985.4 MiB,4096.0 MiB,3682.5 MiB,413.5 MiB,12667.5 MiB
3,Python 3.11.3,binarytrees.py 21,12,1694535240,1850193,python,0:03.05,505392,343984,7712,0.0,2.1,3,2,0:03,0,4,359792,0,245k,0,343984,326,9,279,38,0,96.6,3.4,0.0,0.0,0.0,0.0,0.0,0.0,15794.9 MiB,3287.2 MiB,2522.2 MiB,9985.4 MiB,4096.0 MiB,3682.5 MiB,413.5 MiB,12682.3 MiB
3,Python 3.11.3,binarytrees.py 21,13,1694535241,1850193,python,0:03.05,505392,343984,7712,0.0,2.1,3,2,0:03,0,4,359792,0,245k,0,343984,326,9,279,38,0,96.7,3.3,0.0,0.0,0.0,0.0,0.0,0.0,15794.9 MiB,3287.7 MiB,2521.7 MiB,9985.5 MiB,4096.0 MiB,3682.5 MiB,413.5 MiB,12682.7 MiB
3,Python 3.11.3,binarytrees.py 21,14,1694535243,1850193,python,0:03.05,505392,343984,7712,0.0,2.1,3,2,0:03,0,4,359792,0,245k,0,343984,326,9,279,38,0,96.7,3.3,0.0,0.0,0.0,0.0,0.0,0.0,15794.9 MiB,3283.5 MiB,2525.9 MiB,9985.5 MiB,4096.0 MiB,3682.5 MiB,413.5 MiB,12678.6 MiB
3,Python 3.11.3,binarytrees.py 21,15,1694535244,1850193,python,0:03.05,505392,343984,7712,0.0,2.1,3,2,0:03,0,4,359792,0,245k,0,343984,326,9,279,38,0,96.7,3.3,0.0,0.0,0.0,0.0,0.0,0.0,15794.9 MiB,3283.8 MiB,2525.6 MiB,9985.5 MiB,4096.0 MiB,3682.5 MiB,413.5 MiB,12678.8 MiB
3,Python 3.11.3,binarytrees.py 21,16,1694535245,1850193,python,0:03.05,505392,343984,7712,0.0,2.1,3,2,0:03,0,4,359792,0,245k,0,343984,326,9,279,38,0,96.9,3.1,0.0,0.0,0.0,0.0,0.0,0.0,15794.9 MiB,3280.3 MiB,2529.1 MiB,9985.5 MiB,4096.0 MiB,3682.5 MiB,413.5 MiB,12675.4 MiB
3,Python 3.11.3,binarytrees.py 21,17,1694535247,1850193,python,0:03.05,505392,343984,7712,0.0,2.1,3,2,0:03,0,4,359792,0,245k,0,343984,326,9,279,38,0,96.9,3.1,0.0,0.0,0.0,0.0,0.0,0.0,15794.9 MiB,3278.1 MiB,2531.3 MiB,9985.5 MiB,4096.0 MiB,3682.5 MiB,413.5 MiB,12673.2 MiB
3,Python 3.11.3,binarytrees.py 21,18,1694535248,1850193,python,0:03.05,505392,343984,7712,0.0,2.1,3,2,0:03,0,4,359792,0,245k,0,343984,326,9,279,38,0,97.0,3.0,0.0,0.0,0.0,0.0,0.0,0.0,15794.9 MiB,3277.4 MiB,2532.0 MiB,9985.5 MiB,4096.0 MiB,3682.5 MiB,413.5 MiB,12672.4 MiB
3,Python 3.11.3,binarytrees.py 21,19,1694535249,1850193,python,0:03.05,505392,343984,7712,0.0,2.1,3,2,0:03,0,4,359792,0,245k,0,343984,326,9,279,38,0,97.4,2.6,0.0,0.0,0.0,0.0,0.0,0.0,15794.9 MiB,3275.8 MiB,2533.6 MiB,9985.5 MiB,4096.0 MiB,3682.5 MiB,413.5 MiB,12670.9 MiB
3,Python 3.11.3,binarytrees.py 21,20,1694535251,1850193,python,0:03.05,505392,343984,7712,0.0,2.1,3,2,0:03,0,4,359792,0,245k,0,343984,326,9,279,38,0,97.9,2.1,0.0,0.0,0.0,0.0,0.0,0.0,15794.9 MiB,3275.1 MiB,2534.2 MiB,9985.5 MiB,4096.0 MiB,3682.5 MiB,413.5 MiB,12670.2 MiB
3,Python 3.11.3,binarytrees.py 21,21,1694535252,1850193,python,0:03.05,505392,343984,7712,0.0,2.1,3,2,0:03,0,4,359792,0,245k,0,343984,326,9,279,38,0,97.8,2.2,0.0,0.0,0.0,0.0,0.0,0.0,15794.9 MiB,3270.7 MiB,2538.6 MiB,9985.5 MiB,4096.0 MiB,3682.5 MiB,413.5 MiB,12665.8 MiB
3,Python 3.11.3,binarytrees.py 21,22,1694535253,1850193,python,0:03.05,505392,343984,7712,0.0,2.1,3,2,0:03,0,4,359792,0,245k,0,343984,326,9,279,38,0,96.5,3.5,0.0,0.0,0.0,0.0,0.0,0.0,15794.9 MiB,3271.5 MiB,2537.9 MiB,9985.5 MiB,4096.0 MiB,3682.5 MiB,413.5 MiB,12666.6 MiB
3,Python 3.11.3,binarytrees.py 21,23,1694535255,1850193,python,0:03.05,505392,343984,7712,0.0,2.1,3,2,0:03,0,4,359792,0,245k,0,343984,326,9,279,38,0,98.4,1.6,0.0,0.0,0.0,0.0,0.0,0.0,15794.9 MiB,3270.5 MiB,2538.9 MiB,9985.5 MiB,4096.0 MiB,3682.5 MiB,413.5 MiB,12665.6 MiB
3,Python 3.11.3,binarytrees.py 21,24,1694535256,1850193,python,0:03.05,505392,343984,7712,0.0,2.1,3,2,0:03,0,4,359792,0,245k,0,343984,326,9,279,38,0,97.3,2.7,0.0,0.0,0.0,0.0,0.0,0.0,15794.9 MiB,3270.5 MiB,2538.9 MiB,9985.5 MiB,4096.0 MiB,3682.5 MiB,413.5 MiB,12665.6 MiB
3,Python 3.11.3,binarytrees.py 21,25,1694535257,1850193,python,0:03.05,505392,343984,7712,0.0,2.1,3,2,0:03,0,4,359792,0,245k,0,343984,326,9,279,38,0,97.1,2.9,0.0,0.0,0.0,0.0,0.0,0.0,15794.9 MiB,3266.3 MiB,2543.0 MiB,9985.5 MiB,4096.0 MiB,3682.5 MiB,413.5 MiB,12661.4 MiB
3,Python 3.11.3,binarytrees.py 21,26,1694535259,1850193,python,0:03.05,505392,343984,7712,0.0,2.1,3,2,0:03,0,4,359792,0,245k,0,343984,326,9,279,38,0,97.8,2.2,0.0,0.0,0.0,0.0,0.0,0.0,15794.9 MiB,3265.8 MiB,2543.5 MiB,9985.5 MiB,4096.0 MiB,3682.5 MiB,413.5 MiB,12660.9 MiB
3,Python 3.11.3,binarytrees.py 21,27,1694535260,1850193,python,0:03.05,505392,343984,7712,0.0,2.1,3,2,0:03,0,4,359792,0,245k,0,343984,326,9,279,38,0,97.9,2.1,0.0,0.0,0.0,0.0,0.0,0.0,15794.9 MiB,3265.8 MiB,2543.5 MiB,9985.5 MiB,4096.0 MiB,3682.5 MiB,413.5 MiB,12660.9 MiB
3,Python 3.11.3,binarytrees.py 21,28,1694535261,1850193,python,0:03.05,505392,343984,7712,0.0,2.1,3,2,0:03,0,4,359792,0,245k,0,343984,326,9,279,38,0,97.8,2.2,0.0,0.0,0.0,0.0,0.0,0.0,15794.9 MiB,3265.8 MiB,2543.5 MiB,9985.5 MiB,4096.0 MiB,3682.5 MiB,413.5 MiB,12660.9 MiB
3,Python 3.11.3,binarytrees.py 21,29,1694535263,1850193,python,0:03.05,505392,343984,7712,0.0,2.1,3,2,0:03,0,4,359792,0,245k,0,343984,326,9,279,38,0,97.7,2.3,0.0,0.0,0.0,0.0,0.0,0.0,15794.9 MiB,3265.8 MiB,2543.5 MiB,9985.5 MiB,4096.0 MiB,3682.5 MiB,413.5 MiB,12660.9 MiB
3,Python 3.11.3,binarytrees.py 21,30,1694535264,1850193,python,0:03.05,505392,343984,7712,0.0,2.1,3,2,0:03,0,4,359792,0,245k,0,343984,326,9,279,38,0,97.8,2.2,0.0,0.0,0.0,0.0,0.0,0.0,15794.9 MiB,3265.8 MiB,2543.5 MiB,9985.5 MiB,4096.0 MiB,3682.5 MiB,413.5 MiB,12660.9 MiB
3,Python 3.11.3,binarytrees.py 21,31,1694535265,1850193,python,0:03.05,505392,343984,7712,0.0,2.1,3,2,0:03,0,4,359792,0,245k,0,343984,326,9,279,38,0,97.9,2.1,0.0,0.0,0.0,0.0,0.0,0.0,15794.9 MiB,3265.6 MiB,2543.8 MiB,9985.5 MiB,4096.0 MiB,3682.5 MiB,413.5 MiB,12660.7 MiB
3,Python 3.11.3,binarytrees.py 21,32,1694535267,1850193,python,0:03.05,505392,343984,7712,0.0,2.1,3,2,0:03,0,4,359792,0,245k,0,343984,326,9,279,38,0,98.4,1.6,0.0,0.0,0.0,0.0,0.0,0.0,15794.9 MiB,3265.6 MiB,2543.8 MiB,9985.5 MiB,4096.0 MiB,3682.5 MiB,413.5 MiB,12660.7 MiB
3,Python 3.11.3,binarytrees.py 21,33,1694535268,1850193,python,0:03.05,505392,343984,7712,0.0,2.1,3,2,0:03,0,4,359792,0,245k,0,343984,326,9,279,38,0,98.5,1.5,0.0,0.0,0.0,0.0,0.0,0.0,15794.9 MiB,3265.6 MiB,2543.8 MiB,9985.6 MiB,4096.0 MiB,3682.5 MiB,413.5 MiB,12660.7 MiB
3,Python 3.11.3,binarytrees.py 21,34,1694535269,1850193,python,0:03.05,505392,343984,7712,0.0,2.1,3,2,0:03,0,4,359792,0,245k,0,343984,326,9,279,38,0,96.8,3.2,0.0,0.0,0.0,0.0,0.0,0.0,15794.9 MiB,3265.8 MiB,2543.5 MiB,9985.6 MiB,4096.0 MiB,3682.5 MiB,413.5 MiB,12660.9 MiB
3,Python 3.11.3,binarytrees.py 21,35,1694535271,1850193,python,0:03.05,505392,343984,7712,0.0,2.1,3,2,0:03,0,4,359792,0,245k,0,343984,326,9,279,38,0,97.8,2.2,0.0,0.0,0.0,0.0,0.0,0.0,15794.9 MiB,3265.1 MiB,2544.2 MiB,9985.6 MiB,4096.0 MiB,3682.5 MiB,413.5 MiB,12660.2 MiB
3,Python 3.11.3,binarytrees.py 21,36,1694535272,1850193,python,0:03.05,505392,343984,7712,0.0,2.1,3,2,0:03,0,4,359792,0,245k,0,343984,326,9,279,38,0,97.8,2.2,0.0,0.0,0.0,0.0,0.0,0.0,15794.9 MiB,3264.8 MiB,2544.5 MiB,9985.6 MiB,4096.0 MiB,3682.5 MiB,413.5 MiB,12660.0 MiB
3,Python 3.11.3,binarytrees.py 21,37,1694535273,1850193,python,0:03.05,505392,343984,7712,0.0,2.1,3,2,0:03,0,4,359792,0,245k,0,343984,326,9,279,38,0,97.2,2.8,0.0,0.0,0.0,0.0,0.0,0.0,15794.9 MiB,3121.4 MiB,2681.1 MiB,9992.4 MiB,4096.0 MiB,3682.5 MiB,413.5 MiB,12516.5 MiB
3,Python 3.11.3,binarytrees.py 21,38,1694535275,1850193,python,0:03.05,505392,343984,7712,0.0,2.1,3,2,0:03,0,4,359792,0,245k,0,343984,326,8,280,38,0,86.6,3.8,0.0,9.6,0.0,0.0,0.0,0.0,15794.9 MiB,2998.1 MiB,2804.2 MiB,9992.6 MiB,4096.0 MiB,3682.5 MiB,413.5 MiB,12393.2 MiB
3,Python 3.11.3,binarytrees.py 21,39,1694535276,1850193,python,0:03.05,505392,343984,7712,0.0,2.1,3,2,0:03,0,4,359792,0,245k,0,343984,326,7,281,38,0,76.3,3.8,0.0,19.9,0.0,0.0,0.0,0.0,15794.9 MiB,3014.8 MiB,2787.5 MiB,9992.6 MiB,4096.0 MiB,3682.5 MiB,413.5 MiB,12410.0 MiB
3,Python 3.11.3,binarytrees.py 21,40,1694535277,1850193,python,0:03.05,505392,343984,7712,0.0,2.1,3,2,0:03,0,4,359792,0,245k,0,343984,326,4,284,38,0,39.0,2.6,0.0,58.4,0.0,0.0,0.0,0.0,15794.9 MiB,3117.9 MiB,2684.4 MiB,9992.6 MiB,4096.0 MiB,3682.5 MiB,413.5 MiB,12513.0 MiB
3,Python 3.11.3,binarytrees.py 21,41,1694535278,1850193,python,0:03.05,505392,343984,7712,0.0,2.1,3,2,0:03,0,4,359792,0,245k,0,343984,326,2,286,38,0,10.4,3.7,0.0,85.8,0.0,0.0,0.0,0.0,15794.9 MiB,3065.8 MiB,2736.4 MiB,9992.6 MiB,4096.0 MiB,3682.5 MiB,413.5 MiB,12460.9 MiB
3,Python 3.11.3,binarytrees.py 21,42,1694535280,1850193,python,0:03.05,505392,343984,7712,0.0,2.1,3,2,0:03,0,4,359792,0,245k,0,343984,326,2,286,38,0,12.0,2.3,0.0,85.7,0.0,0.0,0.0,0.0,15794.9 MiB,3161.5 MiB,2640.7 MiB,9992.6 MiB,4096.0 MiB,3682.5 MiB,413.5 MiB,12556.7 MiB
3,Python 3.11.3,binarytrees.py 21,43,1694535281,1850193,python,0:03.05,505392,343984,7712,0.0,2.1,3,2,0:03,0,4,359792,0,245k,0,343984,325,2,285,38,0,12.7,2.2,0.0,85.1,0.0,0.0,0.0,0.0,15794.9 MiB,3203.6 MiB,2605.7 MiB,9985.6 MiB,4096.0 MiB,3682.5 MiB,413.5 MiB,12598.8 MiB
3,Python 3.11.3,binarytrees.py 21,44,1694535282,1850193,python,0:03.05,505392,343984,7712,0.0,2.1,3,2,0:03,0,4,359792,0,245k,0,343984,326,2,286,38,0,12.8,1.5,0.0,85.7,0.0,0.0,0.0,0.0,15794.9 MiB,3181.0 MiB,2628.3 MiB,9985.6 MiB,4096.0 MiB,3682.5 MiB,413.5 MiB,12576.2 MiB
3,Python 3.11.3,binarytrees.py 21,45,1694535283,1850193,python,0:03.05,505392,343984,7712,0.0,2.1,3,2,0:03,0,4,359792,0,245k,0,343984,326,2,286,38,0,11.9,2.2,0.0,85.8,0.0,0.0,0.0,0.0,15794.9 MiB,3114.5 MiB,2694.7 MiB,9985.6 MiB,4096.0 MiB,3682.5 MiB,413.5 MiB,12509.7 MiB
3,Python 3.11.3,binarytrees.py 21,46,1694535284,1850193,python,0:03.05,505392,343984,7712,0.0,2.1,3,2,0:03,0,4,359792,0,245k,0,343984,326,2,286,38,0,10.7,2.3,0.0,87.0,0.0,0.0,0.0,0.0,15794.9 MiB,3088.4 MiB,2720.8 MiB,9985.6 MiB,4096.0 MiB,3682.5 MiB,413.5 MiB,12483.6 MiB
3,Python 3.11.3,binarytrees.py 21,47,1694535285,1850193,python,0:03.05,505392,343984,7712,0.0,2.1,3,2,0:03,0,4,359792,0,245k,0,343984,326,2,286,38,0,13.4,0.7,0.0,85.8,0.0,0.0,0.0,0.0,15794.9 MiB,3199.9 MiB,2609.4 MiB,9985.6 MiB,4096.0 MiB,3682.5 MiB,413.5 MiB,12595.1 MiB
3,Python 3.11.3,binarytrees.py 21,48,1694535287,1850193,python,0:03.05,505392,343984,7712,0.0,2.1,3,2,0:03,0,4,359792,0,245k,0,343984,326,2,286,38,0,13.4,1.5,0.0,85.1,0.0,0.0,0.0,0.0,15794.9 MiB,3198.9 MiB,2610.4 MiB,9985.6 MiB,4096.0 MiB,3682.5 MiB,413.5 MiB,12594.0 MiB
3,Python 3.11.3,binarytrees.py 21,49,1694535288,1850193,python,0:03.05,505392,343984,7712,0.0,2.1,3,2,0:03,0,4,359792,0,245k,0,343984,326,3,285,38,0,11.3,3.5,0.0,85.1,0.0,0.0,0.0,0.0,15794.9 MiB,3141.9 MiB,2667.4 MiB,9985.6 MiB,4096.0 MiB,3682.5 MiB,413.5 MiB,12537.0 MiB
3,Python 3.11.3,binarytrees.py 21,50,1694535289,1850193,python,0:03.05,505392,343984,7712,0.0,2.1,3,2,0:03,0,4,359792,0,245k,0,343984,326,2,286,38,0,12.0,1.5,0.0,86.5,0.0,0.0,0.0,0.0,15794.9 MiB,3067.8 MiB,2741.5 MiB,9985.6 MiB,4096.0 MiB,3682.5 MiB,413.5 MiB,12463.0 MiB
3,Python 3.11.3,binarytrees.py 21,51,1694535290,1850193,python,0:03.05,505392,343984,7712,0.0,2.1,3,2,0:03,0,4,359792,0,245k,0,343984,326,2,286,38,0,13.5,0.8,0.0,85.7,0.0,0.0,0.0,0.0,15794.9 MiB,3196.3 MiB,2613.0 MiB,9985.6 MiB,4096.0 MiB,3682.5 MiB,413.5 MiB,12591.5 MiB
3,Python 3.11.3,binarytrees.py 21,52,1694535291,1850193,python,0:03.05,505392,343984,7712,0.0,2.1,3,2,0:03,0,4,359792,0,245k,0,343984,326,2,286,38,0,12.7,1.5,0.0,85.8,0.0,0.0,0.0,0.0,15794.9 MiB,3195.0 MiB,2614.3 MiB,9985.6 MiB,4096.0 MiB,3682.5 MiB,413.5 MiB,12590.2 MiB
3,Python 3.11.3,binarytrees.py 21,53,1694535293,1850193,python,0:03.05,498224,336944,7712,0.0,2.1,3,2,0:03,0,4,352624,0,248k,0,336944,326,2,286,38,0,11.2,3.0,0.0,85.8,0.0,0.0,0.0,0.0,15794.9 MiB,3363.4 MiB,2445.9 MiB,9985.6 MiB,4096.0 MiB,3682.5 MiB,413.5 MiB,12758.5 MiB
4,Python 3.11.3,binarytrees.py 21,0,1694535294,1850584,python,0:00.11,82440,73432,7704,68.8,0.5,1,5,0:00,0,4,67656,0,17k,0,73432,318,2,278,38,0,17.9,7.5,0.0,74.6,0.0,0.0,0.0,0.0,15794.9 MiB,3667.3 MiB,2135.0 MiB,9992.6 MiB,4096.0 MiB,3682.5 MiB,413.5 MiB,13062.4 MiB
4,Python 3.11.3,binarytrees.py 21,1,1694535295,1850584,python,0:01.30,691720,672712,7704,100.0,4.2,1,5,0:01,0,4,676936,0,164k,0,672712,318,2,278,38,0,13.5,0.8,0.0,85.7,0.0,0.0,0.0,0.0,15794.9 MiB,3076.1 MiB,2726.1 MiB,9992.6 MiB,4096.0 MiB,3682.5 MiB,413.5 MiB,12471.3 MiB
4,Python 3.11.3,binarytrees.py 21,2,1694535296,1850584,python,0:02.47,287240,274012,7704,100.0,1.7,1,5,0:02,0,4,272456,0,227k,0,274012,318,2,278,38,0,12.0,1.5,0.0,86.5,0.0,0.0,0.0,0.0,15794.9 MiB,3478.0 MiB,2331.2 MiB,9985.6 MiB,4096.0 MiB,3682.5 MiB,413.5 MiB,12873.2 MiB
4,Python 3.11.3,binarytrees.py 21,3,1694535297,1850584,python,0:02.93,505392,343972,7712,0.0,2.1,3,5,0:02,0,4,359792,0,245k,0,343972,325,9,278,38,0,96.7,3.3,0.0,0.0,0.0,0.0,0.0,0.0,15794.9 MiB,3296.4 MiB,2505.9 MiB,9992.6 MiB,4096.0 MiB,3682.5 MiB,413.5 MiB,12691.6 MiB
4,Python 3.11.3,binarytrees.py 21,4,1694535299,1850584,python,0:02.93,505392,343972,7712,0.0,2.1,3,5,0:02,0,4,359792,0,245k,0,343972,325,9,278,38,0,97.3,2.7,0.0,0.0,0.0,0.0,0.0,0.0,15794.9 MiB,3296.9 MiB,2512.2 MiB,9985.8 MiB,4096.0 MiB,3682.5 MiB,413.5 MiB,12692.1 MiB
4,Python 3.11.3,binarytrees.py 21,5,1694535300,1850584,python,0:02.93,505392,343972,7712,0.0,2.1,3,5,0:02,0,4,359792,0,245k,0,343972,325,9,278,38,0,96.3,3.7,0.0,0.0,0.0,0.0,0.0,0.0,15794.9 MiB,3299.9 MiB,2509.4 MiB,9985.6 MiB,4096.0 MiB,3682.5 MiB,413.5 MiB,12695.0 MiB
4,Python 3.11.3,binarytrees.py 21,6,1694535301,1850584,python,0:02.93,505392,343972,7712,0.0,2.1,3,5,0:02,0,4,359792,0,245k,0,343972,325,9,278,38,0,96.4,3.6,0.0,0.0,0.0,0.0,0.0,0.0,15794.9 MiB,3293.9 MiB,2515.3 MiB,9985.6 MiB,4096.0 MiB,3682.5 MiB,413.5 MiB,12689.1 MiB
4,Python 3.11.3,binarytrees.py 21,7,1694535303,1850584,python,0:02.93,505392,343972,7712,0.0,2.1,3,5,0:02,0,4,359792,0,245k,0,343972,325,9,278,38,0,97.9,2.1,0.0,0.0,0.0,0.0,0.0,0.0,15794.9 MiB,3287.8 MiB,2521.5 MiB,9985.6 MiB,4096.0 MiB,3682.5 MiB,413.5 MiB,12683.0 MiB
4,Python 3.11.3,binarytrees.py 21,8,1694535304,1850584,python,0:02.93,505392,343972,7712,0.0,2.1,3,5,0:02,0,4,359792,0,245k,0,343972,325,9,278,38,0,96.9,3.1,0.0,0.0,0.0,0.0,0.0,0.0,15794.9 MiB,3278.4 MiB,2530.9 MiB,9985.6 MiB,4096.0 MiB,3682.5 MiB,413.5 MiB,12673.7 MiB
4,Python 3.11.3,binarytrees.py 21,9,1694535305,1850584,python,0:02.93,505392,343972,7712,0.0,2.1,3,5,0:02,0,4,359792,0,245k,0,343972,325,9,278,38,0,97.4,2.6,0.0,0.0,0.0,0.0,0.0,0.0,15794.9 MiB,3277.7 MiB,2531.6 MiB,9985.6 MiB,4096.0 MiB,3682.5 MiB,413.5 MiB,12672.9 MiB
4,Python 3.11.3,binarytrees.py 21,10,1694535307,1850584,python,0:02.93,505392,343972,7712,0.0,2.1,3,5,0:02,0,4,359792,0,245k,0,343972,325,9,278,38,0,95.1,4.9,0.0,0.0,0.0,0.0,0.0,0.0,15794.9 MiB,3294.1 MiB,2514.3 MiB,9986.5 MiB,4096.0 MiB,3682.5 MiB,413.5 MiB,12690.2 MiB
4,Python 3.11.3,binarytrees.py 21,11,1694535308,1850584,python,0:02.93,505392,343972,7712,0.0,2.1,3,5,0:02,0,4,359792,0,245k,0,343972,325,9,278,38,0,96.9,3.1,0.0,0.0,0.0,0.0,0.0,0.0,15794.9 MiB,3294.8 MiB,2513.6 MiB,9986.5 MiB,4096.0 MiB,3682.5 MiB,413.5 MiB,12690.9 MiB
4,Python 3.11.3,binarytrees.py 21,12,1694535309,1850584,python,0:02.93,505392,343972,7712,0.0,2.1,3,5,0:02,0,4,359792,0,245k,0,343972,325,9,278,38,0,97.8,2.2,0.0,0.0,0.0,0.0,0.0,0.0,15794.9 MiB,3292.5 MiB,2515.9 MiB,9986.5 MiB,4096.0 MiB,3682.5 MiB,413.5 MiB,12688.6 MiB
4,Python 3.11.3,binarytrees.py 21,13,1694535311,1850584,python,0:02.93,505392,343972,7712,0.0,2.1,3,5,0:02,0,4,359792,0,245k,0,343972,325,9,278,38,0,97.7,2.3,0.0,0.0,0.0,0.0,0.0,0.0,15794.9 MiB,3292.2 MiB,2516.2 MiB,9986.5 MiB,4096.0 MiB,3682.5 MiB,413.5 MiB,12688.3 MiB
4,Python 3.11.3,binarytrees.py 21,14,1694535312,1850584,python,0:02.93,505392,343972,7712,0.0,2.1,3,5,0:02,0,4,359792,0,245k,0,343972,325,9,278,38,0,98.3,1.7,0.0,0.0,0.0,0.0,0.0,0.0,15794.9 MiB,3288.9 MiB,2519.5 MiB,9986.5 MiB,4096.0 MiB,3682.5 MiB,413.5 MiB,12685.0 MiB
4,Python 3.11.3,binarytrees.py 21,15,1694535313,1850584,python,0:02.93,505392,343972,7712,0.0,2.1,3,5,0:02,0,4,359792,0,245k,0,343972,325,9,278,38,0,97.3,2.7,0.0,0.0,0.0,0.0,0.0,0.0,15794.9 MiB,3288.8 MiB,2519.6 MiB,9986.5 MiB,4096.0 MiB,3682.5 MiB,413.5 MiB,12684.9 MiB
4,Python 3.11.3,binarytrees.py 21,16,1694535315,1850584,python,0:02.93,505392,343972,7712,0.0,2.1,3,5,0:02,0,4,359792,0,245k,0,343972,325,9,278,38,0,97.3,2.7,0.0,0.0,0.0,0.0,0.0,0.0,15794.9 MiB,3285.9 MiB,2522.5 MiB,9986.5 MiB,4096.0 MiB,3682.5 MiB,413.5 MiB,12682.0 MiB
4,Python 3.11.3,binarytrees.py 21,17,1694535316,1850584,python,0:02.93,505392,343972,7712,0.0,2.1,3,5,0:02,0,4,359792,0,245k,0,343972,325,9,278,38,0,96.7,3.3,0.0,0.0,0.0,0.0,0.0,0.0,15794.9 MiB,3283.0 MiB,2525.4 MiB,9986.5 MiB,4096.0 MiB,3682.5 MiB,413.5 MiB,12679.1 MiB
4,Python 3.11.3,binarytrees.py 21,18,1694535317,1850584,python,0:02.93,505392,343972,7712,0.0,2.1,3,5,0:02,0,4,359792,0,245k,0,343972,325,9,278,38,0,95.6,4.4,0.0,0.0,0.0,0.0,0.0,0.0,15794.9 MiB,3282.2 MiB,2526.2 MiB,9986.5 MiB,4096.0 MiB,3682.5 MiB,413.5 MiB,12678.3 MiB
4,Python 3.11.3,binarytrees.py 21,19,1694535319,1850584,python,0:02.93,505392,343972,7712,0.0,2.1,3,5,0:02,0,4,359792,0,245k,0,343972,325,9,278,38,0,98.2,1.8,0.0,0.0,0.0,0.0,0.0,0.0,15794.9 MiB,3285.2 MiB,2523.1 MiB,9986.5 MiB,4096.0 MiB,3682.5 MiB,413.5 MiB,12681.4 MiB
4,Python 3.11.3,binarytrees.py 21,20,1694535320,1850584,python,0:02.93,505392,343972,7712,0.0,2.1,3,5,0:02,0,4,359792,0,245k,0,343972,325,9,278,38,0,98.0,2.0,0.0,0.0,0.0,0.0,0.0,0.0,15794.9 MiB,3284.3 MiB,2524.1 MiB,9986.5 MiB,4096.0 MiB,3682.5 MiB,413.5 MiB,12680.5 MiB
4,Python 3.11.3,binarytrees.py 21,21,1694535321,1850584,python,0:02.93,505392,343972,7712,0.0,2.1,3,5,0:02,0,4,359792,0,245k,0,343972,325,9,278,38,0,97.3,2.7,0.0,0.0,0.0,0.0,0.0,0.0,15794.9 MiB,3281.2 MiB,2527.1 MiB,9986.5 MiB,4096.0 MiB,3682.5 MiB,413.5 MiB,12677.4 MiB
4,Python 3.11.3,binarytrees.py 21,22,1694535323,1850584,python,0:02.93,505392,343972,7712,0.0,2.1,3,5,0:02,0,4,359792,0,245k,0,343972,325,9,278,38,0,96.7,3.3,0.0,0.0,0.0,0.0,0.0,0.0,15794.9 MiB,3279.8 MiB,2528.6 MiB,9986.5 MiB,4096.0 MiB,3682.5 MiB,413.5 MiB,12675.9 MiB
4,Python 3.11.3,binarytrees.py 21,23,1694535324,1850584,python,0:02.93,505392,343972,7712,0.0,2.1,3,5,0:02,0,4,359792,0,245k,0,343972,325,9,278,38,0,96.8,3.2,0.0,0.0,0.0,0.0,0.0,0.0,15794.9 MiB,3277.3 MiB,2531.1 MiB,9986.5 MiB,4096.0 MiB,3682.5 MiB,413.5 MiB,12673.4 MiB
4,Python 3.11.3,binarytrees.py 21,24,1694535325,1850584,python,0:02.93,505392,343972,7712,0.0,2.1,3,5,0:02,0,4,359792,0,245k,0,343972,325,9,278,38,0,97.9,2.1,0.0,0.0,0.0,0.0,0.0,0.0,15794.9 MiB,3276.8 MiB,2531.6 MiB,9986.5 MiB,4096.0 MiB,3682.5 MiB,413.5 MiB,12673.0 MiB
4,Python 3.11.3,binarytrees.py 21,25,1694535327,1850584,python,0:02.93,505392,343972,7712,0.0,2.1,3,5,0:02,0,4,359792,0,245k,0,343972,325,9,278,38,0,97.8,2.2,0.0,0.0,0.0,0.0,0.0,0.0,15794.9 MiB,3276.8 MiB,2531.6 MiB,9986.5 MiB,4096.0 MiB,3682.5 MiB,413.5 MiB,12673.0 MiB
4,Python 3.11.3,binarytrees.py 21,26,1694535328,1850584,python,0:02.93,505392,343972,7712,0.0,2.1,3,5,0:02,0,4,359792,0,245k,0,343972,325,9,278,38,0,98.4,1.6,0.0,0.0,0.0,0.0,0.0,0.0,15794.9 MiB,3276.3 MiB,2532.0 MiB,9986.5 MiB,4096.0 MiB,3682.5 MiB,413.5 MiB,12672.5 MiB
4,Python 3.11.3,binarytrees.py 21,27,1694535329,1850584,python,0:02.93,505392,343972,7712,0.0,2.1,3,5,0:02,0,4,359792,0,245k,0,343972,325,9,278,38,0,98.4,1.6,0.0,0.0,0.0,0.0,0.0,0.0,15794.9 MiB,3276.1 MiB,2532.3 MiB,9986.5 MiB,4096.0 MiB,3682.5 MiB,413.5 MiB,12672.2 MiB
4,Python 3.11.3,binarytrees.py 21,28,1694535331,1850584,python,0:02.93,505392,343972,7712,0.0,2.1,3,5,0:02,0,4,359792,0,245k,0,343972,325,9,278,38,0,98.3,1.7,0.0,0.0,0.0,0.0,0.0,0.0,15794.9 MiB,3275.3 MiB,2533.0 MiB,9986.5 MiB,4096.0 MiB,3682.5 MiB,413.5 MiB,12671.5 MiB
4,Python 3.11.3,binarytrees.py 21,29,1694535332,1850584,python,0:02.93,505392,343972,7712,0.0,2.1,3,5,0:02,0,4,359792,0,245k,0,343972,325,9,278,38,0,98.2,1.8,0.0,0.0,0.0,0.0,0.0,0.0,15794.9 MiB,3274.6 MiB,2533.8 MiB,9986.5 MiB,4096.0 MiB,3682.5 MiB,413.5 MiB,12670.7 MiB
4,Python 3.11.3,binarytrees.py 21,30,1694535333,1850584,python,0:02.93,505392,343972,7712,0.0,2.1,3,5,0:02,0,4,359792,0,245k,0,343972,325,9,278,38,0,97.8,2.2,0.0,0.0,0.0,0.0,0.0,0.0,15794.9 MiB,3274.6 MiB,2533.8 MiB,9986.5 MiB,4096.0 MiB,3682.5 MiB,413.5 MiB,12670.7 MiB
4,Python 3.11.3,binarytrees.py 21,31,1694535335,1850584,python,0:02.93,505392,343972,7712,0.0,2.1,3,5,0:02,0,4,359792,0,245k,0,343972,325,9,278,38,0,97.4,2.6,0.0,0.0,0.0,0.0,0.0,0.0,15794.9 MiB,3274.6 MiB,2533.8 MiB,9986.5 MiB,4096.0 MiB,3682.5 MiB,413.5 MiB,12670.8 MiB
4,Python 3.11.3,binarytrees.py 21,32,1694535336,1850584,python,0:02.93,505392,343972,7712,0.0,2.1,3,5,0:02,0,4,359792,0,245k,0,343972,325,9,278,38,0,97.8,2.2,0.0,0.0,0.0,0.0,0.0,0.0,15794.9 MiB,3274.6 MiB,2533.8 MiB,9986.5 MiB,4096.0 MiB,3682.5 MiB,413.5 MiB,12670.8 MiB
4,Python 3.11.3,binarytrees.py 21,33,1694535337,1850584,python,0:02.93,505392,343972,7712,0.0,2.1,3,5,0:02,0,4,359792,0,245k,0,343972,325,9,278,38,0,98.9,1.1,0.0,0.0,0.0,0.0,0.0,0.0,15794.9 MiB,3274.4 MiB,2534.0 MiB,9986.5 MiB,4096.0 MiB,3682.5 MiB,413.5 MiB,12670.5 MiB
4,Python 3.11.3,binarytrees.py 21,34,1694535339,1850584,python,0:02.93,505392,343972,7712,0.0,2.1,3,5,0:02,0,4,359792,0,245k,0,343972,325,9,278,38,0,96.8,3.2,0.0,0.0,0.0,0.0,0.0,0.0,15794.9 MiB,3273.4 MiB,2535.0 MiB,9986.5 MiB,4096.0 MiB,3682.5 MiB,413.5 MiB,12669.5 MiB
4,Python 3.11.3,binarytrees.py 21,35,1694535340,1850584,python,0:02.93,505392,343972,7712,0.0,2.1,3,5,0:02,0,4,359792,0,245k,0,343972,325,9,278,38,0,97.9,2.1,0.0,0.0,0.0,0.0,0.0,0.0,15794.9 MiB,3273.4 MiB,2535.0 MiB,9986.5 MiB,4096.0 MiB,3682.5 MiB,413.5 MiB,12669.5 MiB
4,Python 3.11.3,binarytrees.py 21,36,1694535341,1850584,python,0:02.94,505392,343972,7712,0.0,2.1,3,5,0:02,0,4,359792,0,245k,0,343972,325,9,278,38,0,97.3,2.7,0.0,0.0,0.0,0.0,0.0,0.0,15794.9 MiB,3236.7 MiB,2564.8 MiB,9993.4 MiB,4096.0 MiB,3682.5 MiB,413.5 MiB,12632.9 MiB
4,Python 3.11.3,binarytrees.py 21,37,1694535343,1850584,python,0:02.94,505392,343972,7712,0.0,2.1,3,5,0:02,0,4,359792,0,245k,0,343972,325,9,278,38,0,95.1,4.9,0.0,0.0,0.0,0.0,0.0,0.0,15794.9 MiB,3107.0 MiB,2694.3 MiB,9993.5 MiB,4096.0 MiB,3682.5 MiB,413.5 MiB,12503.2 MiB
4,Python 3.11.3,binarytrees.py 21,38,1694535344,1850584,python,0:02.94,505392,343972,7712,0.0,2.1,3,5,0:02,0,4,359792,0,245k,0,343972,325,8,279,38,0,87.3,3.8,0.0,8.9,0.0,0.0,0.0,0.0,15794.9 MiB,3115.4 MiB,2685.9 MiB,9993.5 MiB,4096.0 MiB,3682.5 MiB,413.5 MiB,12511.6 MiB
4,Python 3.11.3,binarytrees.py 21,39,1694535345,1850584,python,0:02.94,505392,343972,7712,0.0,2.1,3,1,0:02,0,4,359792,0,245k,0,343972,325,7,280,38,0,74.8,3.8,0.0,21.4,0.0,0.0,0.0,0.0,15794.9 MiB,2976.6 MiB,2824.7 MiB,9993.5 MiB,4096.0 MiB,3682.5 MiB,413.5 MiB,12372.8 MiB
4,Python 3.11.3,binarytrees.py 21,40,1694535346,1850584,python,0:02.94,505392,343972,7712,0.0,2.1,3,2,0:02,0,4,359792,0,245k,0,343972,325,5,282,38,0,50.6,3.8,0.0,45.6,0.0,0.0,0.0,0.0,15794.9 MiB,3014.7 MiB,2786.6 MiB,9993.5 MiB,4096.0 MiB,3682.5 MiB,413.5 MiB,12410.9 MiB
4,Python 3.11.3,binarytrees.py 21,41,1694535347,1850584,python,0:02.94,505392,343972,7712,0.0,2.1,3,2,0:02,0,4,359792,0,245k,0,343972,325,2,285,38,0,11.9,1.5,0.0,86.6,0.0,0.0,0.0,0.0,15794.9 MiB,3205.9 MiB,2595.4 MiB,9993.5 MiB,4096.0 MiB,3682.5 MiB,413.5 MiB,12602.1 MiB
4,Python 3.11.3,binarytrees.py 21,42,1694535349,1850584,python,0:02.94,505392,343972,7712,0.0,2.1,3,2,0:02,0,4,359792,0,245k,0,343972,325,2,285,38,0,13.4,0.7,0.0,85.8,0.0,0.0,0.0,0.0,15794.9 MiB,3188.5 MiB,2612.8 MiB,9993.5 MiB,4096.0 MiB,3682.5 MiB,413.5 MiB,12584.7 MiB
4,Python 3.11.3,binarytrees.py 21,43,1694535350,1850584,python,0:02.94,505392,343972,7712,0.0,2.1,3,2,0:02,0,4,359792,0,245k,0,343972,326,2,286,38,0,11.2,3.7,0.0,85.1,0.0,0.0,0.0,0.0,15794.9 MiB,3128.0 MiB,2680.4 MiB,9986.5 MiB,4096.0 MiB,3682.5 MiB,413.5 MiB,12524.1 MiB
4,Python 3.11.3,binarytrees.py 21,44,1694535351,1850584,python,0:02.94,505392,343972,7712,0.0,2.1,3,2,0:02,0,4,359792,0,245k,0,343972,326,2,286,38,0,10.4,3.7,0.0,85.8,0.0,0.0,0.0,0.0,15794.9 MiB,3060.0 MiB,2748.3 MiB,9986.5 MiB,4096.0 MiB,3682.5 MiB,413.5 MiB,12456.2 MiB
4,Python 3.11.3,binarytrees.py 21,45,1694535352,1850584,python,0:02.94,505392,343972,7712,0.0,2.1,3,2,0:02,0,4,359792,0,245k,0,343972,326,2,286,38,0,11.4,1.5,0.0,87.1,0.0,0.0,0.0,0.0,15794.9 MiB,3202.8 MiB,2605.6 MiB,9986.5 MiB,4096.0 MiB,3682.5 MiB,413.5 MiB,12599.0 MiB
4,Python 3.11.3,binarytrees.py 21,46,1694535353,1850584,python,0:02.94,505392,343972,7712,0.0,2.1,3,2,0:02,0,4,359792,0,245k,0,343972,326,2,286,38,0,12.8,1.5,0.0,85.7,0.0,0.0,0.0,0.0,15794.9 MiB,3202.5 MiB,2605.8 MiB,9986.5 MiB,4096.0 MiB,3682.5 MiB,413.5 MiB,12598.7 MiB
4,Python 3.11.3,binarytrees.py 21,47,1694535355,1850584,python,0:02.94,505392,343972,7712,0.0,2.1,3,2,0:02,0,4,359792,0,245k,0,343972,326,2,286,38,0,12.6,2.8,0.0,84.6,0.0,0.0,0.0,0.0,15794.9 MiB,3162.2 MiB,2646.2 MiB,9986.5 MiB,4096.0 MiB,3682.5 MiB,413.5 MiB,12558.4 MiB
4,Python 3.11.3,binarytrees.py 21,48,1694535356,1850584,python,0:02.94,505392,343972,7712,0.0,2.1,3,2,0:02,0,4,359792,0,245k,0,343972,326,2,286,38,0,11.9,2.2,0.0,85.8,0.0,0.0,0.0,0.0,15794.9 MiB,3095.2 MiB,2713.1 MiB,9986.5 MiB,4096.0 MiB,3682.5 MiB,413.5 MiB,12491.4 MiB
4,Python 3.11.3,binarytrees.py 21,49,1694535357,1850584,python,0:02.94,505392,343972,7712,0.0,2.1,3,2,0:02,0,4,359792,0,245k,0,343972,326,2,286,38,0,11.3,3.0,0.0,85.7,0.0,0.0,0.0,0.0,15794.9 MiB,3126.4 MiB,2681.9 MiB,9986.5 MiB,4096.0 MiB,3682.5 MiB,413.5 MiB,12522.6 MiB
4,Python 3.11.3,binarytrees.py 21,50,1694535358,1850584,python,0:02.94,505392,343972,7712,0.0,2.1,3,2,0:02,0,4,359792,0,245k,0,343972,326,2,286,38,0,12.7,1.5,0.0,85.8,0.0,0.0,0.0,0.0,15794.9 MiB,3197.2 MiB,2611.1 MiB,9986.5 MiB,4096.0 MiB,3682.5 MiB,413.5 MiB,12593.4 MiB
4,Python 3.11.3,binarytrees.py 21,51,1694535359,1850584,python,0:02.94,505392,343972,7712,0.0,2.1,3,2,0:02,0,4,359792,0,245k,0,343972,326,2,286,38,0,12.1,1.5,0.0,86.4,0.0,0.0,0.0,0.0,15794.9 MiB,3195.9 MiB,2612.4 MiB,9986.5 MiB,4096.0 MiB,3682.5 MiB,413.5 MiB,12592.1 MiB
4,Python 3.11.3,binarytrees.py 21,52,1694535360,1850584,python,0:02.94,505392,343972,7712,0.0,2.1,3,2,0:02,0,4,359792,0,245k,0,343972,326,2,286,38,0,11.9,2.2,0.0,85.8,0.0,0.0,0.0,0.0,15794.9 MiB,3143.0 MiB,2665.3 MiB,9986.5 MiB,4096.0 MiB,3682.5 MiB,413.5 MiB,12539.2 MiB
4,Python 3.11.3,binarytrees.py 21,53,1694535362,1850584,python,0:02.94,505392,343972,7712,0.0,2.1,3,2,0:02,0,4,359792,0,245k,0,343972,326,2,286,38,0,12.6,2.2,0.0,85.2,0.0,0.0,0.0,0.0,15794.9 MiB,3078.8 MiB,2729.5 MiB,9986.5 MiB,4096.0 MiB,3682.5 MiB,413.5 MiB,12475.0 MiB
5,Python 3.11.3,binarytrees.py 21,0,1694535363,1850986,python,0:00.11,81416,71872,7728,68.8,0.4,1,7,0:00,0,4,66632,0,17k,0,71872,318,2,278,38,0,16.4,9.0,0.0,74.6,0.0,0.0,0.0,0.0,15794.9 MiB,3663.5 MiB,2137.8 MiB,9993.5 MiB,4096.0 MiB,3682.5 MiB,413.5 MiB,13059.7 MiB
5,Python 3.11.3,binarytrees.py 21,1,1694535364,1850986,python,0:01.29,691720,672736,7728,100.0,4.2,1,7,0:01,0,4,676936,0,164k,0,672736,318,2,278,38,0,12.8,1.5,0.0,85.7,0.0,0.0,0.0,0.0,15794.9 MiB,3075.6 MiB,2732.7 MiB,9986.6 MiB,4096.0 MiB,3682.5 MiB,413.5 MiB,12471.8 MiB
5,Python 3.11.3,binarytrees.py 21,2,1694535365,1850986,python,0:02.47,226824,214900,7728,100.0,1.3,1,7,0:02,0,4,212040,0,212k,0,214900,318,2,278,38,0,11.9,3.0,0.0,85.1,0.0,0.0,0.0,0.0,15794.9 MiB,3534.5 MiB,2273.8 MiB,9986.6 MiB,4096.0 MiB,3682.5 MiB,413.5 MiB,12930.7 MiB
5,Python 3.11.3,binarytrees.py 21,3,1694535366,1850986,python,0:03.04,505392,343960,7732,0.0,2.1,3,2,0:03,0,4,359792,0,245k,0,343960,326,9,279,38,0,97.8,2.2,0.0,0.0,0.0,0.0,0.0,0.0,15794.9 MiB,3310.4 MiB,2490.9 MiB,9993.6 MiB,4096.0 MiB,3682.5 MiB,413.5 MiB,12706.6 MiB
5,Python 3.11.3,binarytrees.py 21,4,1694535368,1850986,python,0:03.04,505392,343960,7732,0.0,2.1,3,2,0:03,0,4,359792,0,245k,0,343960,326,9,279,38,0,97.9,2.1,0.0,0.0,0.0,0.0,0.0,0.0,15794.9 MiB,3310.5 MiB,2497.6 MiB,9986.8 MiB,4096.0 MiB,3682.5 MiB,413.5 MiB,12706.7 MiB
5,Python 3.11.3,binarytrees.py 21,5,1694535369,1850986,python,0:03.04,505392,343960,7732,0.0,2.1,3,2,0:03,0,4,359792,0,245k,0,343960,326,9,279,38,0,96.8,3.2,0.0,0.0,0.0,0.0,0.0,0.0,15794.9 MiB,3308.3 MiB,2500.0 MiB,9986.6 MiB,4096.0 MiB,3682.5 MiB,413.5 MiB,12704.5 MiB
5,Python 3.11.3,binarytrees.py 21,6,1694535370,1850986,python,0:03.04,505392,343960,7732,0.0,2.1,3,2,0:03,0,4,359792,0,245k,0,343960,326,9,279,38,0,97.3,2.7,0.0,0.0,0.0,0.0,0.0,0.0,15794.9 MiB,3307.2 MiB,2501.0 MiB,9986.6 MiB,4096.0 MiB,3682.5 MiB,413.5 MiB,12703.4 MiB
5,Python 3.11.3,binarytrees.py 21,7,1694535372,1850986,python,0:03.04,505392,343960,7732,0.0,2.1,3,2,0:03,0,4,359792,0,245k,0,343960,327,9,280,38,0,97.8,2.2,0.0,0.0,0.0,0.0,0.0,0.0,15794.9 MiB,3304.0 MiB,2504.3 MiB,9986.6 MiB,4096.0 MiB,3682.5 MiB,413.5 MiB,12700.2 MiB
5,Python 3.11.3,binarytrees.py 21,8,1694535373,1850986,python,0:03.04,505392,343960,7732,0.0,2.1,3,2,0:03,0,4,359792,0,245k,0,343960,327,9,280,38,0,97.8,2.2,0.0,0.0,0.0,0.0,0.0,0.0,15794.9 MiB,3303.2 MiB,2505.0 MiB,9986.6 MiB,4096.0 MiB,3682.5 MiB,413.5 MiB,12699.5 MiB
5,Python 3.11.3,binarytrees.py 21,9,1694535374,1850986,python,0:03.04,505392,343960,7732,0.0,2.1,3,2,0:03,0,4,359792,0,245k,0,343960,327,9,280,38,0,97.9,2.1,0.0,0.0,0.0,0.0,0.0,0.0,15794.9 MiB,3296.6 MiB,2511.6 MiB,9986.6 MiB,4096.0 MiB,3682.5 MiB,413.5 MiB,12692.8 MiB
5,Python 3.11.3,binarytrees.py 21,10,1694535376,1850986,python,0:03.04,505392,343960,7732,0.0,2.1,3,2,0:03,0,4,359792,0,245k,0,343960,327,9,280,38,0,96.9,3.1,0.0,0.0,0.0,0.0,0.0,0.0,15794.9 MiB,3287.8 MiB,2520.5 MiB,9986.6 MiB,4096.0 MiB,3682.5 MiB,413.5 MiB,12684.0 MiB
5,Python 3.11.3,binarytrees.py 21,11,1694535377,1850986,python,0:03.04,505392,343960,7732,0.0,2.1,3,2,0:03,0,4,359792,0,245k,0,343960,327,9,280,38,0,95.8,4.2,0.0,0.0,0.0,0.0,0.0,0.0,15794.9 MiB,3288.3 MiB,2519.9 MiB,9986.6 MiB,4096.0 MiB,3682.5 MiB,413.5 MiB,12684.5 MiB
5,Python 3.11.3,binarytrees.py 21,12,1694535378,1850986,python,0:03.04,505392,343960,7732,0.0,2.1,3,2,0:03,0,4,359792,0,245k,0,343960,327,9,280,38,0,96.8,3.2,0.0,0.0,0.0,0.0,0.0,0.0,15794.9 MiB,3296.1 MiB,2512.1 MiB,9986.7 MiB,4096.0 MiB,3682.5 MiB,413.5 MiB,12692.4 MiB
5,Python 3.11.3,binarytrees.py 21,13,1694535380,1850986,python,0:03.04,505392,343960,7732,0.0,2.1,3,2,0:03,0,4,359792,0,245k,0,343960,327,9,280,38,0,97.8,2.2,0.0,0.0,0.0,0.0,0.0,0.0,15794.9 MiB,3296.6 MiB,2511.6 MiB,9986.7 MiB,4096.0 MiB,3682.5 MiB,413.5 MiB,12692.9 MiB
5,Python 3.11.3,binarytrees.py 21,14,1694535381,1850986,python,0:03.04,505392,343960,7732,0.0,2.1,3,2,0:03,0,4,359792,0,245k,0,343960,327,9,280,38,0,97.8,2.2,0.0,0.0,0.0,0.0,0.0,0.0,15794.9 MiB,3292.9 MiB,2515.3 MiB,9986.7 MiB,4096.0 MiB,3682.5 MiB,413.5 MiB,12689.2 MiB
5,Python 3.11.3,binarytrees.py 21,15,1694535382,1850986,python,0:03.04,505392,343960,7732,0.0,2.1,3,2,0:03,0,4,359792,0,245k,0,343960,327,9,280,38,0,97.3,2.7,0.0,0.0,0.0,0.0,0.0,0.0,15794.9 MiB,3292.7 MiB,2515.5 MiB,9986.7 MiB,4096.0 MiB,3682.5 MiB,413.5 MiB,12688.9 MiB
5,Python 3.11.3,binarytrees.py 21,16,1694535384,1850986,python,0:03.04,505392,343960,7732,0.0,2.1,3,2,0:03,0,4,359792,0,245k,0,343960,327,9,280,38,0,96.7,3.3,0.0,0.0,0.0,0.0,0.0,0.0,15794.9 MiB,3280.6 MiB,2527.6 MiB,9986.7 MiB,4096.0 MiB,3682.5 MiB,413.5 MiB,12676.9 MiB
5,Python 3.11.3,binarytrees.py 21,17,1694535385,1850986,python,0:03.04,505392,343960,7732,0.0,2.1,3,2,0:03,0,4,359792,0,245k,0,343960,327,9,280,38,0,97.3,2.7,0.0,0.0,0.0,0.0,0.0,0.0,15794.9 MiB,3288.0 MiB,2520.2 MiB,9986.7 MiB,4096.0 MiB,3682.5 MiB,413.5 MiB,12684.3 MiB
5,Python 3.11.3,binarytrees.py 21,18,1694535386,1850986,python,0:03.04,505392,343960,7732,0.0,2.1,3,2,0:03,0,4,359792,0,245k,0,343960,327,9,280,38,0,97.9,2.1,0.0,0.0,0.0,0.0,0.0,0.0,15794.9 MiB,3287.5 MiB,2520.6 MiB,9986.7 MiB,4096.0 MiB,3682.5 MiB,413.5 MiB,12683.8 MiB
5,Python 3.11.3,binarytrees.py 21,19,1694535388,1850986,python,0:03.04,505392,343960,7732,0.0,2.1,3,2,0:03,0,4,359792,0,245k,0,343960,327,9,280,38,0,98.4,1.6,0.0,0.0,0.0,0.0,0.0,0.0,15794.9 MiB,3282.9 MiB,2525.3 MiB,9986.7 MiB,4096.0 MiB,3682.5 MiB,413.5 MiB,12679.1 MiB
5,Python 3.11.3,binarytrees.py 21,20,1694535389,1850986,python,0:03.04,505392,343960,7732,0.0,2.1,3,2,0:03,0,4,359792,0,245k,0,343960,327,9,280,38,0,97.9,2.1,0.0,0.0,0.0,0.0,0.0,0.0,15794.9 MiB,3281.4 MiB,2526.8 MiB,9986.7 MiB,4096.0 MiB,3682.5 MiB,413.5 MiB,12677.6 MiB
5,Python 3.11.3,binarytrees.py 21,21,1694535390,1850986,python,0:03.04,505392,343960,7732,0.0,2.1,3,2,0:03,0,4,359792,0,245k,0,343960,327,9,280,38,0,97.4,2.6,0.0,0.0,0.0,0.0,0.0,0.0,15794.9 MiB,3281.2 MiB,2527.0 MiB,9986.7 MiB,4096.0 MiB,3682.5 MiB,413.5 MiB,12677.4 MiB
5,Python 3.11.3,binarytrees.py 21,22,1694535392,1850986,python,0:03.04,505392,343960,7732,0.0,2.1,3,2,0:03,0,4,359792,0,245k,0,343960,327,9,280,38,0,97.9,2.1,0.0,0.0,0.0,0.0,0.0,0.0,15794.9 MiB,3279.2 MiB,2529.0 MiB,9986.7 MiB,4096.0 MiB,3682.5 MiB,413.5 MiB,12675.4 MiB
5,Python 3.11.3,binarytrees.py 21,23,1694535393,1850986,python,0:03.04,505392,343960,7732,0.0,2.1,3,2,0:03,0,4,359792,0,245k,0,343960,327,9,280,38,0,98.4,1.6,0.0,0.0,0.0,0.0,0.0,0.0,15794.9 MiB,3278.9 MiB,2529.3 MiB,9986.7 MiB,4096.0 MiB,3682.5 MiB,413.5 MiB,12675.2 MiB
5,Python 3.11.3,binarytrees.py 21,24,1694535394,1850986,python,0:03.04,505392,343960,7732,0.0,2.1,3,2,0:03,0,4,359792,0,245k,0,343960,327,9,280,38,0,97.4,2.6,0.0,0.0,0.0,0.0,0.0,0.0,15794.9 MiB,3278.9 MiB,2529.3 MiB,9986.7 MiB,4096.0 MiB,3682.5 MiB,413.5 MiB,12675.2 MiB
5,Python 3.11.3,binarytrees.py 21,25,1694535396,1850986,python,0:03.04,505392,343960,7732,0.0,2.1,3,2,0:03,0,4,359792,0,245k,0,343960,327,9,280,38,0,98.2,1.8,0.0,0.0,0.0,0.0,0.0,0.0,15794.9 MiB,3278.9 MiB,2529.3 MiB,9986.7 MiB,4096.0 MiB,3682.5 MiB,413.5 MiB,12675.2 MiB
5,Python 3.11.3,binarytrees.py 21,26,1694535397,1850986,python,0:03.04,505392,343960,7732,0.0,2.1,3,2,0:03,0,4,359792,0,245k,0,343960,327,9,280,38,0,98.4,1.6,0.0,0.0,0.0,0.0,0.0,0.0,15794.9 MiB,3278.4 MiB,2529.8 MiB,9986.7 MiB,4096.0 MiB,3682.5 MiB,413.5 MiB,12674.7 MiB
5,Python 3.11.3,binarytrees.py 21,27,1694535398,1850986,python,0:03.04,505392,343960,7732,0.0,2.1,3,2,0:03,0,4,359792,0,245k,0,343960,327,9,280,38,0,98.3,1.7,0.0,0.0,0.0,0.0,0.0,0.0,15794.9 MiB,3278.4 MiB,2529.8 MiB,9986.7 MiB,4096.0 MiB,3682.5 MiB,413.5 MiB,12674.7 MiB
5,Python 3.11.3,binarytrees.py 21,28,1694535400,1850986,python,0:03.04,505392,343960,7732,0.0,2.1,3,2,0:03,0,4,359792,0,245k,0,343960,327,9,280,38,0,97.9,2.1,0.0,0.0,0.0,0.0,0.0,0.0,15794.9 MiB,3277.7 MiB,2530.5 MiB,9986.7 MiB,4096.0 MiB,3682.5 MiB,413.5 MiB,12673.9 MiB
5,Python 3.11.3,binarytrees.py 21,29,1694535401,1850986,python,0:03.04,505392,343960,7732,0.0,2.1,3,2,0:03,0,4,359792,0,245k,0,343960,327,9,280,38,0,99.0,1.0,0.0,0.0,0.0,0.0,0.0,0.0,15794.9 MiB,3277.2 MiB,2531.0 MiB,9986.7 MiB,4096.0 MiB,3682.5 MiB,413.5 MiB,12673.5 MiB
5,Python 3.11.3,binarytrees.py 21,30,1694535402,1850986,python,0:03.04,505392,343960,7732,0.0,2.1,3,2,0:03,0,4,359792,0,245k,0,343960,327,9,280,38,0,98.4,1.6,0.0,0.0,0.0,0.0,0.0,0.0,15794.9 MiB,3276.5 MiB,2531.7 MiB,9986.7 MiB,4096.0 MiB,3682.5 MiB,413.5 MiB,12672.7 MiB
5,Python 3.11.3,binarytrees.py 21,31,1694535404,1850986,python,0:03.04,505392,343960,7732,0.0,2.1,3,2,0:03,0,4,359792,0,245k,0,343960,327,9,280,38,0,98.3,1.7,0.0,0.0,0.0,0.0,0.0,0.0,15794.9 MiB,3276.2 MiB,2532.0 MiB,9986.7 MiB,4096.0 MiB,3682.5 MiB,413.5 MiB,12672.5 MiB
5,Python 3.11.3,binarytrees.py 21,32,1694535405,1850986,python,0:03.04,505392,343960,7732,0.0,2.1,3,2,0:03,0,4,359792,0,245k,0,343960,327,9,280,38,0,97.8,2.2,0.0,0.0,0.0,0.0,0.0,0.0,15794.9 MiB,3276.0 MiB,2532.2 MiB,9986.7 MiB,4096.0 MiB,3682.5 MiB,413.5 MiB,12672.2 MiB
5,Python 3.11.3,binarytrees.py 21,33,1694535406,1850986,python,0:03.04,505392,343960,7732,0.0,2.1,3,2,0:03,0,4,359792,0,245k,0,343960,327,9,280,38,0,98.0,2.0,0.0,0.0,0.0,0.0,0.0,0.0,15794.9 MiB,3275.2 MiB,2532.9 MiB,9986.7 MiB,4096.0 MiB,3682.5 MiB,413.5 MiB,12671.5 MiB
5,Python 3.11.3,binarytrees.py 21,34,1694535408,1850986,python,0:03.04,505392,343960,7732,0.0,2.1,3,2,0:03,0,4,359792,0,245k,0,343960,327,9,280,38,0,97.9,2.1,0.0,0.0,0.0,0.0,0.0,0.0,15794.9 MiB,3276.0 MiB,2532.2 MiB,9986.7 MiB,4096.0 MiB,3682.5 MiB,413.5 MiB,12672.2 MiB
5,Python 3.11.3,binarytrees.py 21,35,1694535409,1850986,python,0:03.04,505392,343960,7732,0.0,2.1,3,2,0:03,0,4,359792,0,245k,0,343960,327,9,280,38,0,97.8,2.2,0.0,0.0,0.0,0.0,0.0,0.0,15794.9 MiB,3275.5 MiB,2532.7 MiB,9986.7 MiB,4096.0 MiB,3682.5 MiB,413.5 MiB,12671.8 MiB
5,Python 3.11.3,binarytrees.py 21,36,1694535410,1850986,python,0:03.04,505392,343960,7732,0.0,2.1,3,2,0:03,0,4,359792,0,245k,0,343960,327,9,280,38,0,98.4,1.6,0.0,0.0,0.0,0.0,0.0,0.0,15794.9 MiB,3275.7 MiB,2532.4 MiB,9986.7 MiB,4096.0 MiB,3682.5 MiB,413.5 MiB,12672.0 MiB
5,Python 3.11.3,binarytrees.py 21,37,1694535412,1850986,python,0:03.04,505392,343960,7732,0.0,2.1,3,2,0:03,0,4,359792,0,245k,0,343960,327,9,280,38,0,96.0,4.0,0.0,0.0,0.0,0.0,0.0,0.0,15794.9 MiB,3151.0 MiB,2650.4 MiB,9993.6 MiB,4096.0 MiB,3682.5 MiB,413.5 MiB,12547.2 MiB
5,Python 3.11.3,binarytrees.py 21,38,1694535413,1850986,python,0:03.04,505392,343960,7732,0.0,2.1,3,2,0:03,0,4,359792,0,245k,0,343960,327,8,281,38,0,87.5,3.1,0.0,9.4,0.0,0.0,0.0,0.0,15794.9 MiB,3007.0 MiB,2794.2 MiB,9993.7 MiB,4096.0 MiB,3682.5 MiB,413.5 MiB,12403.3 MiB
5,Python 3.11.3,binarytrees.py 21,39,1694535414,1850986,python,0:03.04,505392,343960,7732,0.0,2.1,3,2,0:03,0,4,359792,0,245k,0,343960,327,8,281,38,0,86.5,3.8,0.0,9.6,0.0,0.0,0.0,0.0,15794.9 MiB,3090.7 MiB,2717.3 MiB,9986.9 MiB,4096.0 MiB,3682.5 MiB,413.5 MiB,12487.0 MiB
5,Python 3.11.3,binarytrees.py 21,40,1694535415,1850986,python,0:03.04,505392,343960,7732,0.0,2.1,3,2,0:03,0,4,359792,0,245k,0,343960,327,5,284,38,0,62.2,3.8,0.0,34.0,0.0,0.0,0.0,0.0,15794.9 MiB,3118.5 MiB,2689.7 MiB,9986.7 MiB,4096.0 MiB,3682.5 MiB,413.5 MiB,12514.8 MiB
5,Python 3.11.3,binarytrees.py 21,41,1694535417,1850986,python,0:03.04,505392,343960,7732,0.0,2.1,3,2,0:03,0,4,359792,0,245k,0,343960,327,2,287,38,0,16.1,2.2,0.0,81.8,0.0,0.0,0.0,0.0,15794.9 MiB,3078.4 MiB,2722.7 MiB,9993.7 MiB,4096.0 MiB,3682.5 MiB,413.5 MiB,12474.7 MiB
5,Python 3.11.3,binarytrees.py 21,42,1694535418,1850986,python,0:03.04,505392,343960,7732,0.0,2.1,3,2,0:03,0,4,359792,0,245k,0,343960,327,2,287,38,0,11.3,3.0,0.0,85.7,0.0,0.0,0.0,0.0,15794.9 MiB,3143.2 MiB,2657.9 MiB,9993.7 MiB,4096.0 MiB,3682.5 MiB,413.5 MiB,12539.5 MiB
5,Python 3.11.3,binarytrees.py 21,43,1694535419,1850986,python,0:03.04,505392,343960,7732,0.0,2.1,3,2,0:03,0,4,359792,0,245k,0,343960,327,2,287,38,0,12.2,0.8,0.0,87.0,0.0,0.0,0.0,0.0,15794.9 MiB,3211.4 MiB,2596.8 MiB,9986.7 MiB,4096.0 MiB,3682.5 MiB,413.5 MiB,12607.7 MiB
5,Python 3.11.3,binarytrees.py 21,44,1694535420,1850986,python,0:03.04,505392,343960,7732,0.0,2.1,3,2,0:03,0,4,359792,0,245k,0,343960,327,2,287,38,0,12.0,1.5,0.0,86.5,0.0,0.0,0.0,0.0,15794.9 MiB,3195.5 MiB,2612.6 MiB,9986.7 MiB,4096.0 MiB,3682.5 MiB,413.5 MiB,12591.8 MiB
5,Python 3.11.3,binarytrees.py 21,45,1694535421,1850986,python,0:03.04,505392,343960,7732,0.0,2.1,3,2,0:03,0,4,359792,0,245k,0,343960,327,2,287,38,0,10.6,2.3,0.0,87.1,0.0,0.0,0.0,0.0,15794.9 MiB,3134.7 MiB,2673.4 MiB,9986.7 MiB,4096.0 MiB,3682.5 MiB,413.5 MiB,12531.0 MiB
5,Python 3.11.3,binarytrees.py 21,46,1694535423,1850986,python,0:03.04,505392,343960,7732,0.0,2.1,3,2,0:03,0,4,359792,0,245k,0,343960,327,2,287,38,0,11.3,2.3,0.0,86.5,0.0,0.0,0.0,0.0,15794.9 MiB,3078.9 MiB,2729.3 MiB,9986.7 MiB,4096.0 MiB,3682.5 MiB,413.5 MiB,12475.2 MiB
5,Python 3.11.3,binarytrees.py 21,47,1694535424,1850986,python,0:03.04,505392,343960,7732,0.0,2.1,3,2,0:03,0,4,359792,0,245k,0,343960,327,2,287,38,0,11.3,2.3,0.0,86.5,0.0,0.0,0.0,0.0,15794.9 MiB,3204.8 MiB,2603.4 MiB,9986.7 MiB,4096.0 MiB,3682.5 MiB,413.5 MiB,12601.1 MiB
5,Python 3.11.3,binarytrees.py 21,48,1694535425,1850986,python,0:03.04,505392,343960,7732,0.0,2.1,3,2,0:03,0,4,359792,0,245k,0,343960,327,2,287,38,0,12.8,1.5,0.0,85.7,0.0,0.0,0.0,0.0,15794.9 MiB,3204.4 MiB,2603.8 MiB,9986.7 MiB,4096.0 MiB,3682.5 MiB,413.5 MiB,12600.7 MiB
5,Python 3.11.3,binarytrees.py 21,49,1694535426,1850986,python,0:03.04,505392,343960,7732,0.0,2.1,3,2,0:03,0,4,359792,0,245k,0,343960,328,2,288,38,0,11.9,3.0,0.0,85.1,0.0,0.0,0.0,0.0,15794.9 MiB,3183.1 MiB,2625.1 MiB,9986.7 MiB,4096.0 MiB,3682.5 MiB,413.5 MiB,12579.4 MiB
5,Python 3.11.3,binarytrees.py 21,50,1694535427,1850986,python,0:03.04,505392,343960,7732,0.0,2.1,3,2,0:03,0,4,359792,0,245k,0,343960,328,2,288,38,0,10.7,2.3,0.0,87.0,0.0,0.0,0.0,0.0,15794.9 MiB,3119.3 MiB,2688.9 MiB,9986.7 MiB,4096.0 MiB,3682.5 MiB,413.5 MiB,12515.6 MiB
5,Python 3.11.3,binarytrees.py 21,51,1694535428,1850986,python,0:03.04,505392,343960,7732,0.0,2.1,3,2,0:03,0,4,359792,0,245k,0,343960,328,2,288,38,0,11.2,3.0,0.0,85.8,0.0,0.0,0.0,0.0,15794.9 MiB,3073.7 MiB,2734.5 MiB,9986.7 MiB,4096.0 MiB,3682.5 MiB,413.5 MiB,12470.0 MiB
5,Python 3.11.3,binarytrees.py 21,52,1694535430,1850986,python,0:03.04,505392,343960,7732,0.0,2.1,3,2,0:03,0,4,359792,0,245k,0,343960,328,2,288,38,0,12.0,2.3,0.0,85.7,0.0,0.0,0.0,0.0,15794.9 MiB,3199.8 MiB,2608.4 MiB,9986.7 MiB,4096.0 MiB,3682.5 MiB,413.5 MiB,12596.2 MiB
5,Python 3.11.3,binarytrees.py 21,53,1694535431,1850986,python,0:03.04,505392,343960,7732,0.0,2.1,3,2,0:03,0,4,359792,0,245k,0,343960,328,2,288,38,0,12.0,1.5,0.0,86.5,0.0,0.0,0.0,0.0,15794.9 MiB,3198.6 MiB,2609.6 MiB,9986.7 MiB,4096.0 MiB,3682.5 MiB,413.5 MiB,12594.9 MiB
6,Python 3.11.3,binarytrees.py 21,0,1694535432,1851395,python,0:00.11,67080,57436,7548,68.8,0.4,1,6,0:00,0,4,52296,0,13k,0,57436,320,2,280,38,0,17.4,8.3,0.0,74.2,0.0,0.0,0.0,0.0,15794.9 MiB,3678.2 MiB,2123.0 MiB,9993.7 MiB,4096.0 MiB,3682.5 MiB,413.5 MiB,13074.5 MiB
6,Python 3.11.3,binarytrees.py 21,1,1694535433,1851395,python,0:01.29,691720,672556,7548,100.0,4.2,1,6,0:01,0,4,676936,0,164k,0,672556,320,2,280,38,0,11.9,2.2,0.0,85.8,0.0,0.0,0.0,0.0,15794.9 MiB,3072.6 MiB,2728.6 MiB,9993.7 MiB,4096.0 MiB,3682.5 MiB,413.5 MiB,12468.9 MiB
6,Python 3.11.3,binarytrees.py 21,2,1694535434,1851395,python,0:02.47,181768,170104,7548,100.0,1.1,1,6,0:02,0,4,166984,0,201k,0,170104,320,2,280,38,0,11.9,2.2,0.0,85.8,0.0,0.0,0.0,0.0,15794.9 MiB,3580.7 MiB,2227.4 MiB,9986.7 MiB,4096.0 MiB,3682.5 MiB,413.5 MiB,12977.1 MiB
6,Python 3.11.3,binarytrees.py 21,3,1694535435,1851395,python,0:03.11,505392,343780,7552,0.0,2.1,3,6,0:03,0,4,359792,0,245k,0,343780,328,9,281,38,0,97.7,2.3,0.0,0.0,0.0,0.0,0.0,0.0,15794.9 MiB,3305.7 MiB,2495.6 MiB,9993.5 MiB,4096.0 MiB,3682.5 MiB,413.5 MiB,12702.0 MiB
6,Python 3.11.3,binarytrees.py 21,4,1694535437,1851395,python,0:03.11,505392,343780,7552,0.0,2.1,3,6,0:03,0,4,359792,0,245k,0,343780,328,9,281,38,0,97.5,2.5,0.0,0.0,0.0,0.0,0.0,0.0,15794.9 MiB,3303.4 MiB,2497.8 MiB,9993.7 MiB,4096.0 MiB,3682.5 MiB,413.5 MiB,12699.8 MiB
6,Python 3.11.3,binarytrees.py 21,5,1694535438,1851395,python,0:03.11,505392,343780,7552,0.0,2.1,3,6,0:03,0,4,359792,0,245k,0,343780,328,9,281,38,0,97.3,2.7,0.0,0.0,0.0,0.0,0.0,0.0,15794.9 MiB,3299.8 MiB,2508.4 MiB,9986.7 MiB,4096.0 MiB,3682.5 MiB,413.5 MiB,12696.1 MiB
6,Python 3.11.3,binarytrees.py 21,6,1694535439,1851395,python,0:03.11,505392,343780,7552,0.0,2.1,3,6,0:03,0,4,359792,0,245k,0,343780,328,9,281,38,0,97.9,2.1,0.0,0.0,0.0,0.0,0.0,0.0,15794.9 MiB,3300.0 MiB,2508.2 MiB,9986.7 MiB,4096.0 MiB,3682.5 MiB,413.5 MiB,12696.4 MiB
6,Python 3.11.3,binarytrees.py 21,7,1694535441,1851395,python,0:03.11,505392,343780,7552,0.0,2.1,3,6,0:03,0,4,359792,0,245k,0,343780,328,9,281,38,0,98.3,1.7,0.0,0.0,0.0,0.0,0.0,0.0,15794.9 MiB,3296.3 MiB,2511.9 MiB,9986.7 MiB,4096.0 MiB,3682.5 MiB,413.5 MiB,12692.6 MiB
6,Python 3.11.3,binarytrees.py 21,8,1694535442,1851395,python,0:03.11,505392,343780,7552,0.0,2.1,3,6,0:03,0,4,359792,0,245k,0,343780,328,9,281,38,0,97.0,3.0,0.0,0.0,0.0,0.0,0.0,0.0,15794.9 MiB,3293.1 MiB,2515.1 MiB,9986.7 MiB,4096.0 MiB,3682.5 MiB,413.5 MiB,12689.4 MiB
6,Python 3.11.3,binarytrees.py 21,9,1694535443,1851395,python,0:03.11,505392,343780,7552,0.0,2.1,3,6,0:03,0,4,359792,0,245k,0,343780,328,9,281,38,0,97.9,2.1,0.0,0.0,0.0,0.0,0.0,0.0,15794.9 MiB,3283.0 MiB,2525.2 MiB,9986.7 MiB,4096.0 MiB,3682.5 MiB,413.5 MiB,12679.3 MiB
6,Python 3.11.3,binarytrees.py 21,10,1694535445,1851395,python,0:03.11,505392,343780,7552,0.0,2.1,3,6,0:03,0,4,359792,0,245k,0,343780,328,9,281,38,0,96.9,3.1,0.0,0.0,0.0,0.0,0.0,0.0,15794.9 MiB,3276.1 MiB,2532.1 MiB,9986.7 MiB,4096.0 MiB,3682.5 MiB,413.5 MiB,12672.5 MiB
6,Python 3.11.3,binarytrees.py 21,11,1694535446,1851395,python,0:03.11,505392,343780,7552,0.0,2.1,3,6,0:03,0,4,359792,0,245k,0,343780,328,9,281,38,0,97.4,2.6,0.0,0.0,0.0,0.0,0.0,0.0,15794.9 MiB,3286.4 MiB,2521.8 MiB,9986.7 MiB,4096.0 MiB,3682.5 MiB,413.5 MiB,12682.7 MiB
6,Python 3.11.3,binarytrees.py 21,12,1694535447,1851395,python,0:03.11,505392,343780,7552,0.0,2.1,3,6,0:03,0,4,359792,0,245k,0,343780,328,9,281,38,0,97.8,2.2,0.0,0.0,0.0,0.0,0.0,0.0,15794.9 MiB,3287.4 MiB,2520.7 MiB,9986.7 MiB,4096.0 MiB,3682.5 MiB,413.5 MiB,12683.8 MiB
6,Python 3.11.3,binarytrees.py 21,13,1694535449,1851395,python,0:03.11,505392,343780,7552,0.0,2.1,3,6,0:03,0,4,359792,0,245k,0,343780,328,9,281,38,0,97.9,2.1,0.0,0.0,0.0,0.0,0.0,0.0,15794.9 MiB,3288.2 MiB,2520.0 MiB,9986.7 MiB,4096.0 MiB,3682.5 MiB,413.5 MiB,12684.5 MiB
6,Python 3.11.3,binarytrees.py 21,14,1694535450,1851395,python,0:03.11,505392,343780,7552,0.0,2.1,3,6,0:03,0,4,359792,0,245k,0,343780,328,9,281,38,0,97.9,2.1,0.0,0.0,0.0,0.0,0.0,0.0,15794.9 MiB,3284.6 MiB,2523.5 MiB,9986.7 MiB,4096.0 MiB,3682.5 MiB,413.5 MiB,12681.0 MiB
6,Python 3.11.3,binarytrees.py 21,15,1694535451,1851395,python,0:03.11,505392,343780,7552,0.0,2.1,3,6,0:03,0,4,359792,0,245k,0,343780,328,9,281,38,0,97.3,2.7,0.0,0.0,0.0,0.0,0.0,0.0,15794.9 MiB,3284.6 MiB,2523.5 MiB,9986.7 MiB,4096.0 MiB,3682.5 MiB,413.5 MiB,12681.0 MiB
6,Python 3.11.3,binarytrees.py 21,16,1694535453,1851395,python,0:03.11,505392,343780,7552,0.0,2.1,3,6,0:03,0,4,359792,0,245k,0,343780,328,9,281,38,0,96.7,3.3,0.0,0.0,0.0,0.0,0.0,0.0,15794.9 MiB,3274.1 MiB,2534.0 MiB,9986.7 MiB,4096.0 MiB,3682.5 MiB,413.5 MiB,12670.5 MiB
6,Python 3.11.3,binarytrees.py 21,17,1694535454,1851395,python,0:03.11,505392,343780,7552,0.0,2.1,3,6,0:03,0,4,359792,0,245k,0,343780,328,9,281,38,0,97.3,2.7,0.0,0.0,0.0,0.0,0.0,0.0,15794.9 MiB,3279.6 MiB,2528.6 MiB,9986.7 MiB,4096.0 MiB,3682.5 MiB,413.5 MiB,12675.9 MiB
6,Python 3.11.3,binarytrees.py 21,18,1694535455,1851395,python,0:03.11,505392,343780,7552,0.0,2.1,3,6,0:03,0,4,359792,0,245k,0,343780,328,9,281,38,0,97.4,2.6,0.0,0.0,0.0,0.0,0.0,0.0,15794.9 MiB,3279.1 MiB,2529.1 MiB,9986.7 MiB,4096.0 MiB,3682.5 MiB,413.5 MiB,12675.4 MiB
6,Python 3.11.3,binarytrees.py 21,19,1694535457,1851395,python,0:03.11,505392,343780,7552,0.0,2.1,3,6,0:03,0,4,359792,0,245k,0,343780,328,9,281,38,0,98.3,1.7,0.0,0.0,0.0,0.0,0.0,0.0,15794.9 MiB,3276.4 MiB,2531.8 MiB,9986.7 MiB,4096.0 MiB,3682.5 MiB,413.5 MiB,12672.7 MiB
6,Python 3.11.3,binarytrees.py 21,20,1694535458,1851395,python,0:03.11,505392,343780,7552,0.0,2.1,3,6,0:03,0,4,359792,0,245k,0,343780,328,9,281,38,0,97.7,2.3,0.0,0.0,0.0,0.0,0.0,0.0,15794.9 MiB,3276.7 MiB,2531.4 MiB,9986.7 MiB,4096.0 MiB,3682.5 MiB,413.5 MiB,12673.1 MiB
6,Python 3.11.3,binarytrees.py 21,21,1694535459,1851395,python,0:03.11,505392,343780,7552,0.0,2.1,3,6,0:03,0,4,359792,0,245k,0,343780,328,9,281,38,0,97.8,2.2,0.0,0.0,0.0,0.0,0.0,0.0,15794.9 MiB,3273.2 MiB,2534.9 MiB,9986.7 MiB,4096.0 MiB,3682.5 MiB,413.5 MiB,12669.6 MiB
6,Python 3.11.3,binarytrees.py 21,22,1694535461,1851395,python,0:03.11,505392,343780,7552,0.0,2.1,3,6,0:03,0,4,359792,0,245k,0,343780,328,9,281,38,0,98.4,1.6,0.0,0.0,0.0,0.0,0.0,0.0,15794.9 MiB,3271.5 MiB,2536.7 MiB,9986.7 MiB,4096.0 MiB,3682.5 MiB,413.5 MiB,12667.8 MiB
6,Python 3.11.3,binarytrees.py 21,23,1694535462,1851395,python,0:03.11,505392,343780,7552,0.0,2.1,3,6,0:03,0,4,359792,0,245k,0,343780,328,9,281,38,0,98.3,1.7,0.0,0.0,0.0,0.0,0.0,0.0,15794.9 MiB,3271.9 MiB,2536.2 MiB,9986.7 MiB,4096.0 MiB,3682.5 MiB,413.5 MiB,12668.3 MiB
6,Python 3.11.3,binarytrees.py 21,24,1694535463,1851395,python,0:03.11,505392,343780,7552,0.0,2.1,3,6,0:03,0,4,359792,0,245k,0,343780,328,9,281,38,0,97.5,2.5,0.0,0.0,0.0,0.0,0.0,0.0,15794.9 MiB,3271.9 MiB,2536.2 MiB,9986.7 MiB,4096.0 MiB,3682.5 MiB,413.5 MiB,12668.3 MiB
6,Python 3.11.3,binarytrees.py 21,25,1694535465,1851395,python,0:03.11,505392,343780,7552,0.0,2.1,3,6,0:03,0,4,359792,0,245k,0,343780,328,9,281,38,0,96.2,3.8,0.0,0.0,0.0,0.0,0.0,0.0,15794.9 MiB,3271.2 MiB,2536.9 MiB,9986.7 MiB,4096.0 MiB,3682.5 MiB,413.5 MiB,12667.6 MiB
6,Python 3.11.3,binarytrees.py 21,26,1694535466,1851395,python,0:03.11,505392,343780,7552,0.0,2.1,3,6,0:03,0,4,359792,0,245k,0,343780,328,9,281,38,0,98.3,1.7,0.0,0.0,0.0,0.0,0.0,0.0,15794.9 MiB,3271.0 MiB,2537.2 MiB,9986.8 MiB,4096.0 MiB,3682.5 MiB,413.5 MiB,12667.4 MiB
6,Python 3.11.3,binarytrees.py 21,27,1694535467,1851395,python,0:03.11,505392,343780,7552,0.0,2.1,3,6,0:03,0,4,359792,0,245k,0,343780,328,9,281,38,0,97.4,2.6,0.0,0.0,0.0,0.0,0.0,0.0,15794.9 MiB,3270.5 MiB,2537.6 MiB,9986.8 MiB,4096.0 MiB,3682.5 MiB,413.5 MiB,12666.9 MiB
6,Python 3.11.3,binarytrees.py 21,28,1694535469,1851395,python,0:03.11,505392,343780,7552,0.0,2.1,3,6,0:03,0,4,359792,0,245k,0,343780,328,9,281,38,0,97.8,2.2,0.0,0.0,0.0,0.0,0.0,0.0,15794.9 MiB,3270.0 MiB,2538.1 MiB,9986.8 MiB,4096.0 MiB,3682.5 MiB,413.5 MiB,12666.4 MiB
6,Python 3.11.3,binarytrees.py 21,29,1694535470,1851395,python,0:03.11,505392,343780,7552,0.0,2.1,3,6,0:03,0,4,359792,0,245k,0,343780,328,9,281,38,0,97.8,2.2,0.0,0.0,0.0,0.0,0.0,0.0,15794.9 MiB,3270.0 MiB,2538.1 MiB,9986.8 MiB,4096.0 MiB,3682.5 MiB,413.5 MiB,12666.4 MiB
6,Python 3.11.3,binarytrees.py 21,30,1694535471,1851395,python,0:03.11,505392,343780,7552,0.0,2.1,3,6,0:03,0,4,359792,0,245k,0,343780,328,9,281,38,0,98.0,2.0,0.0,0.0,0.0,0.0,0.0,0.0,15794.9 MiB,3269.5 MiB,2538.6 MiB,9986.8 MiB,4096.0 MiB,3682.5 MiB,413.5 MiB,12665.9 MiB
6,Python 3.11.3,binarytrees.py 21,31,1694535473,1851395,python,0:03.11,505392,343780,7552,0.0,2.1,3,6,0:03,0,4,359792,0,245k,0,343780,328,9,281,38,0,97.8,2.2,0.0,0.0,0.0,0.0,0.0,0.0,15794.9 MiB,3269.5 MiB,2538.6 MiB,9986.8 MiB,4096.0 MiB,3682.5 MiB,413.5 MiB,12665.9 MiB
6,Python 3.11.3,binarytrees.py 21,32,1694535474,1851395,python,0:03.11,505392,343780,7552,0.0,2.1,3,6,0:03,0,4,359792,0,245k,0,343780,328,9,281,38,0,97.9,2.1,0.0,0.0,0.0,0.0,0.0,0.0,15794.9 MiB,3269.2 MiB,2538.9 MiB,9986.8 MiB,4096.0 MiB,3682.5 MiB,413.5 MiB,12665.7 MiB
6,Python 3.11.3,binarytrees.py 21,33,1694535475,1851395,python,0:03.11,505392,343780,7552,0.0,2.1,3,6,0:03,0,4,359792,0,245k,0,343780,328,9,281,38,0,97.3,2.7,0.0,0.0,0.0,0.0,0.0,0.0,15794.9 MiB,3269.2 MiB,2538.9 MiB,9986.8 MiB,4096.0 MiB,3682.5 MiB,413.5 MiB,12665.7 MiB
6,Python 3.11.3,binarytrees.py 21,34,1694535477,1851395,python,0:03.11,505392,343780,7552,0.0,2.1,3,6,0:03,0,4,359792,0,245k,0,343780,328,9,281,38,0,97.4,2.6,0.0,0.0,0.0,0.0,0.0,0.0,15794.9 MiB,3268.7 MiB,2539.3 MiB,9986.8 MiB,4096.0 MiB,3682.5 MiB,413.5 MiB,12665.2 MiB
6,Python 3.11.3,binarytrees.py 21,35,1694535478,1851395,python,0:03.11,505392,343780,7552,0.0,2.1,3,6,0:03,0,4,359792,0,245k,0,343780,328,9,281,38,0,97.4,2.6,0.0,0.0,0.0,0.0,0.0,0.0,15794.9 MiB,3268.7 MiB,2539.3 MiB,9986.8 MiB,4096.0 MiB,3682.5 MiB,413.5 MiB,12665.2 MiB
6,Python 3.11.3,binarytrees.py 21,36,1694535479,1851395,python,0:03.11,505392,343780,7552,0.0,2.1,3,6,0:03,0,4,359792,0,245k,0,343780,328,9,281,38,0,96.7,2.7,0.0,0.5,0.0,0.0,0.0,0.0,15794.9 MiB,3268.5 MiB,2539.6 MiB,9986.8 MiB,4096.0 MiB,3682.5 MiB,413.5 MiB,12664.9 MiB
6,Python 3.11.3,binarytrees.py 21,37,1694535481,1851395,python,0:03.11,505392,343780,7552,0.0,2.1,3,6,0:03,0,4,359792,0,245k,0,343780,328,9,281,38,0,97.2,2.8,0.0,0.0,0.0,0.0,0.0,0.0,15794.9 MiB,3117.2 MiB,2683.9 MiB,9993.8 MiB,4096.0 MiB,3682.5 MiB,413.5 MiB,12513.6 MiB
6,Python 3.11.3,binarytrees.py 21,38,1694535482,1851395,python,0:03.11,505392,343780,7552,0.0,2.1,3,6,0:03,0,4,359792,0,245k,0,343780,328,8,282,38,0,87.7,3.2,0.0,9.0,0.0,0.0,0.0,0.0,15794.9 MiB,3044.5 MiB,2756.6 MiB,9993.8 MiB,4096.0 MiB,3682.5 MiB,413.5 MiB,12440.9 MiB
6,Python 3.11.3,binarytrees.py 21,39,1694535483,1851395,python,0:03.11,505392,343780,7552,0.0,2.1,3,6,0:03,0,4,359792,0,245k,0,343780,328,8,282,38,0,85.9,4.5,0.0,9.6,0.0,0.0,0.0,0.0,15794.9 MiB,3025.9 MiB,2775.2 MiB,9993.8 MiB,4096.0 MiB,3682.5 MiB,413.5 MiB,12422.3 MiB
6,Python 3.11.3,binarytrees.py 21,40,1694535485,1851395,python,0:03.12,505392,343780,7552,5.6,2.1,3,2,0:03,0,4,359792,0,245k,0,343780,328,6,284,38,0,72.6,3.8,0.0,23.6,0.0,0.0,0.0,0.0,15794.9 MiB,3118.6 MiB,2682.4 MiB,9993.8 MiB,4096.0 MiB,3682.5 MiB,413.5 MiB,12515.1 MiB
6,Python 3.11.3,binarytrees.py 21,41,1694535486,1851395,python,0:03.12,505392,343780,7552,0.0,2.1,3,5,0:03,0,4,359792,0,245k,0,343780,328,2,288,38,0,12.4,3.6,0.0,83.9,0.0,0.0,0.0,0.0,15794.9 MiB,3055.4 MiB,2745.7 MiB,9993.8 MiB,4096.0 MiB,3682.5 MiB,413.5 MiB,12451.8 MiB
6,Python 3.11.3,binarytrees.py 21,42,1694535487,1851395,python,0:03.12,505392,343780,7552,0.0,2.1,3,5,0:03,0,4,359792,0,245k,0,343780,328,2,288,38,0,12.7,1.5,0.0,85.8,0.0,0.0,0.0,0.0,15794.9 MiB,3181.0 MiB,2627.1 MiB,9986.8 MiB,4096.0 MiB,3682.5 MiB,413.5 MiB,12577.4 MiB
6,Python 3.11.3,binarytrees.py 21,43,1694535488,1851395,python,0:03.12,505392,343780,7552,0.0,2.1,3,5,0:03,0,4,359792,0,245k,0,343780,328,2,288,38,0,14.1,1.5,0.0,84.4,0.0,0.0,0.0,0.0,15794.9 MiB,3206.1 MiB,2602.0 MiB,9986.8 MiB,4096.0 MiB,3682.5 MiB,413.5 MiB,12602.5 MiB
6,Python 3.11.3,binarytrees.py 21,44,1694535489,1851395,python,0:03.12,505392,343780,7552,0.0,2.1,3,5,0:03,0,4,359792,0,245k,0,343780,328,2,288,38,0,12.7,2.2,0.0,85.1,0.0,0.0,0.0,0.0,15794.9 MiB,3174.5 MiB,2633.6 MiB,9986.8 MiB,4096.0 MiB,3682.5 MiB,413.5 MiB,12570.9 MiB
6,Python 3.11.3,binarytrees.py 21,45,1694535491,1851395,python,0:03.12,505392,343780,7552,0.0,2.1,3,5,0:03,0,4,359792,0,245k,0,343780,328,2,288,38,0,12.0,2.3,0.0,85.7,0.0,0.0,0.0,0.0,15794.9 MiB,3103.6 MiB,2704.4 MiB,9986.8 MiB,4096.0 MiB,3682.5 MiB,413.5 MiB,12500.1 MiB
6,Python 3.11.3,binarytrees.py 21,46,1694535492,1851395,python,0:03.12,505392,343780,7552,0.0,2.1,3,5,0:03,0,4,359792,0,245k,0,343780,328,2,288,38,0,11.3,3.0,0.0,85.7,0.0,0.0,0.0,0.0,15794.9 MiB,3112.7 MiB,2695.4 MiB,9986.8 MiB,4096.0 MiB,3682.5 MiB,413.5 MiB,12509.2 MiB
6,Python 3.11.3,binarytrees.py 21,47,1694535493,1851395,python,0:03.12,505392,343780,7552,0.0,2.1,3,5,0:03,0,4,359792,0,245k,0,343780,328,2,288,38,0,12.8,1.5,0.0,85.7,0.0,0.0,0.0,0.0,15794.9 MiB,3199.8 MiB,2608.3 MiB,9986.8 MiB,4096.0 MiB,3682.5 MiB,413.5 MiB,12596.2 MiB
6,Python 3.11.3,binarytrees.py 21,48,1694535494,1851395,python,0:03.12,505392,343780,7552,0.0,2.1,3,5,0:03,0,4,359792,0,245k,0,343780,328,2,288,38,0,13.1,2.2,0.0,84.7,0.0,0.0,0.0,0.0,15794.9 MiB,3194.9 MiB,2613.1 MiB,9986.8 MiB,4096.0 MiB,3682.5 MiB,413.5 MiB,12591.4 MiB
6,Python 3.11.3,binarytrees.py 21,49,1694535495,1851395,python,0:03.12,505392,343780,7552,0.0,2.1,3,5,0:03,0,4,359792,0,245k,0,343780,328,2,288,38,0,11.3,3.0,0.0,85.7,0.0,0.0,0.0,0.0,15794.9 MiB,3126.5 MiB,2681.5 MiB,9986.8 MiB,4096.0 MiB,3682.5 MiB,413.5 MiB,12523.0 MiB
6,Python 3.11.3,binarytrees.py 21,50,1694535496,1851395,python,0:03.12,505392,343780,7552,0.0,2.1,3,5,0:03,0,4,359792,0,245k,0,343780,328,2,288,38,0,12.1,1.5,0.0,86.4,0.0,0.0,0.0,0.0,15794.9 MiB,3064.8 MiB,2743.3 MiB,9986.8 MiB,4096.0 MiB,3682.5 MiB,413.5 MiB,12461.2 MiB
6,Python 3.11.3,binarytrees.py 21,51,1694535498,1851395,python,0:03.12,505392,343780,7552,0.0,2.1,3,5,0:03,0,4,359792,0,245k,0,343780,328,2,288,38,0,11.9,2.2,0.0,85.8,0.0,0.0,0.0,0.0,15794.9 MiB,3203.4 MiB,2604.6 MiB,9986.9 MiB,4096.0 MiB,3682.5 MiB,413.5 MiB,12599.9 MiB
6,Python 3.11.3,binarytrees.py 21,52,1694535499,1851395,python,0:03.12,505392,343780,7552,0.0,2.1,3,5,0:03,0,4,359792,0,245k,0,343780,328,2,288,38,0,12.7,1.5,0.0,85.8,0.0,0.0,0.0,0.0,15794.9 MiB,3202.3 MiB,2605.7 MiB,9986.9 MiB,4096.0 MiB,3682.5 MiB,413.5 MiB,12598.8 MiB
6,Python 3.11.3,binarytrees.py 21,53,1694535500,1851395,python,0:03.12,505392,343780,7552,0.0,2.1,3,5,0:03,0,4,359792,0,245k,0,343780,328,2,288,38,0,12.7,1.5,0.0,85.8,0.0,0.0,0.0,0.0,15794.9 MiB,3152.6 MiB,2655.4 MiB,9986.9 MiB,4096.0 MiB,3682.5 MiB,413.5 MiB,12549.1 MiB
7,Python 3.11.3,binarytrees.py 21,0,1694535501,1851789,python,0:00.12,75272,66672,7804,75.0,0.4,1,3,0:00,0,4,60488,0,16k,0,66672,320,2,280,38,0,18.8,9.4,0.0,71.7,0.0,0.0,0.0,0.0,15794.9 MiB,3680.5 MiB,2120.5 MiB,9993.9 MiB,4096.0 MiB,3682.5 MiB,413.5 MiB,13077.0 MiB
7,Python 3.11.3,binarytrees.py 21,1,1694535502,1851789,python,0:01.29,681480,672816,7804,100.0,4.2,1,3,0:01,0,4,666696,0,164k,0,672816,320,2,280,38,0,12.9,0.8,0.0,86.4,0.0,0.0,0.0,0.0,15794.9 MiB,3083.0 MiB,2718.0 MiB,9993.9 MiB,4096.0 MiB,3682.5 MiB,413.5 MiB,12479.5 MiB
7,Python 3.11.3,binarytrees.py 21,2,1694535504,1851789,python,0:02.47,194056,186008,7804,93.8,1.2,1,3,0:02,0,4,179272,0,205k,0,186008,320,2,280,38,0,11.4,2.3,0.0,86.4,0.0,0.0,0.0,0.0,15794.9 MiB,3571.2 MiB,2236.7 MiB,9986.9 MiB,4096.0 MiB,3682.5 MiB,413.5 MiB,12967.7 MiB
7,Python 3.11.3,binarytrees.py 21,3,1694535505,1851789,python,0:03.09,500272,344048,7808,0.0,2.1,3,3,0:03,0,4,354672,0,245k,0,344048,328,9,281,38,0,98.8,1.2,0.0,0.0,0.0,0.0,0.0,0.0,15794.9 MiB,3311.2 MiB,2489.9 MiB,9993.8 MiB,4096.0 MiB,3682.5 MiB,413.5 MiB,12707.7 MiB
7,Python 3.11.3,binarytrees.py 21,4,1694535506,1851789,python,0:03.09,500272,344048,7808,0.0,2.1,3,3,0:03,0,4,354672,0,245k,0,344048,328,9,281,38,0,97.9,2.1,0.0,0.0,0.0,0.0,0.0,0.0,15794.9 MiB,3308.8 MiB,2499.0 MiB,9987.1 MiB,4096.0 MiB,3682.5 MiB,413.5 MiB,12705.3 MiB
7,Python 3.11.3,binarytrees.py 21,5,1694535507,1851789,python,0:03.09,500272,344048,7808,0.0,2.1,3,3,0:03,0,4,354672,0,245k,0,344048,328,9,281,38,0,96.9,3.1,0.0,0.0,0.0,0.0,0.0,0.0,15794.9 MiB,3305.5 MiB,2502.4 MiB,9986.9 MiB,4096.0 MiB,3682.5 MiB,413.5 MiB,12702.0 MiB
7,Python 3.11.3,binarytrees.py 21,6,1694535509,1851789,python,0:03.09,500272,344048,7808,0.0,2.1,3,3,0:03,0,4,354672,0,245k,0,344048,328,9,281,38,0,98.3,1.7,0.0,0.0,0.0,0.0,0.0,0.0,15794.9 MiB,3304.2 MiB,2503.7 MiB,9986.9 MiB,4096.0 MiB,3682.5 MiB,413.5 MiB,12700.7 MiB
7,Python 3.11.3,binarytrees.py 21,7,1694535510,1851789,python,0:03.09,500272,344048,7808,0.0,2.1,3,3,0:03,0,4,354672,0,245k,0,344048,328,9,281,38,0,96.6,3.4,0.0,0.0,0.0,0.0,0.0,0.0,15794.9 MiB,3297.8 MiB,2510.1 MiB,9986.9 MiB,4096.0 MiB,3682.5 MiB,413.5 MiB,12694.3 MiB
7,Python 3.11.3,binarytrees.py 21,8,1694535511,1851789,python,0:03.09,500272,344048,7808,0.0,2.1,3,3,0:03,0,4,354672,0,245k,0,344048,328,9,281,38,0,97.3,2.7,0.0,0.0,0.0,0.0,0.0,0.0,15794.9 MiB,3291.2 MiB,2516.8 MiB,9986.9 MiB,4096.0 MiB,3682.5 MiB,413.5 MiB,12687.7 MiB
7,Python 3.11.3,binarytrees.py 21,9,1694535513,1851789,python,0:03.09,500272,344048,7808,0.0,2.1,3,3,0:03,0,4,354672,0,245k,0,344048,328,9,281,38,0,97.4,2.6,0.0,0.0,0.0,0.0,0.0,0.0,15794.9 MiB,3280.4 MiB,2527.6 MiB,9986.9 MiB,4096.0 MiB,3682.5 MiB,413.5 MiB,12676.9 MiB
7,Python 3.11.3,binarytrees.py 21,10,1694535514,1851789,python,0:03.09,500272,344048,7808,0.0,2.1,3,3,0:03,0,4,354672,0,245k,0,344048,328,9,281,38,0,96.5,3.5,0.0,0.0,0.0,0.0,0.0,0.0,15794.9 MiB,3295.7 MiB,2512.3 MiB,9986.9 MiB,4096.0 MiB,3682.5 MiB,413.5 MiB,12692.2 MiB
7,Python 3.11.3,binarytrees.py 21,11,1694535515,1851789,python,0:03.09,500272,344048,7808,0.0,2.1,3,3,0:03,0,4,354672,0,245k,0,344048,328,9,281,38,0,97.8,2.2,0.0,0.0,0.0,0.0,0.0,0.0,15794.9 MiB,3294.7 MiB,2513.3 MiB,9986.9 MiB,4096.0 MiB,3682.5 MiB,413.5 MiB,12691.2 MiB
7,Python 3.11.3,binarytrees.py 21,12,1694535517,1851789,python,0:03.09,500272,344048,7808,0.0,2.1,3,3,0:03,0,4,354672,0,245k,0,344048,328,9,281,38,0,97.7,2.3,0.0,0.0,0.0,0.0,0.0,0.0,15794.9 MiB,3293.7 MiB,2514.3 MiB,9986.9 MiB,4096.0 MiB,3682.5 MiB,413.5 MiB,12690.2 MiB
7,Python 3.11.3,binarytrees.py 21,13,1694535518,1851789,python,0:03.09,500272,344048,7808,0.0,2.1,3,3,0:03,0,4,354672,0,245k,0,344048,328,9,281,38,0,98.0,2.0,0.0,0.0,0.0,0.0,0.0,0.0,15794.9 MiB,3292.4 MiB,2515.6 MiB,9986.9 MiB,4096.0 MiB,3682.5 MiB,413.5 MiB,12688.9 MiB
7,Python 3.11.3,binarytrees.py 21,14,1694535519,1851789,python,0:03.09,500272,344048,7808,0.0,2.1,3,3,0:03,0,4,354672,0,245k,0,344048,328,9,281,38,0,96.9,3.1,0.0,0.0,0.0,0.0,0.0,0.0,15794.9 MiB,3279.4 MiB,2528.6 MiB,9986.9 MiB,4096.0 MiB,3682.5 MiB,413.5 MiB,12675.9 MiB
7,Python 3.11.3,binarytrees.py 21,15,1694535521,1851789,python,0:03.09,500272,344048,7808,0.0,2.1,3,3,0:03,0,4,354672,0,245k,0,344048,328,9,281,38,0,97.9,2.1,0.0,0.0,0.0,0.0,0.0,0.0,15794.9 MiB,3287.8 MiB,2520.2 MiB,9986.9 MiB,4096.0 MiB,3682.5 MiB,413.5 MiB,12684.3 MiB
7,Python 3.11.3,binarytrees.py 21,16,1694535522,1851789,python,0:03.09,500272,344048,7808,0.0,2.1,3,3,0:03,0,4,354672,0,245k,0,344048,328,9,281,38,0,98.4,1.6,0.0,0.0,0.0,0.0,0.0,0.0,15794.9 MiB,3286.3 MiB,2521.6 MiB,9986.9 MiB,4096.0 MiB,3682.5 MiB,413.5 MiB,12682.8 MiB
7,Python 3.11.3,binarytrees.py 21,17,1694535523,1851789,python,0:03.09,500272,344048,7808,0.0,2.1,3,3,0:03,0,4,354672,0,245k,0,344048,328,9,281,38,0,97.8,2.2,0.0,0.0,0.0,0.0,0.0,0.0,15794.9 MiB,3282.8 MiB,2525.1 MiB,9986.9 MiB,4096.0 MiB,3682.5 MiB,413.5 MiB,12679.4 MiB
7,Python 3.11.3,binarytrees.py 21,18,1694535525,1851789,python,0:03.09,500272,344048,7808,0.0,2.1,3,3,0:03,0,4,354672,0,245k,0,344048,328,9,281,38,0,98.3,1.7,0.0,0.0,0.0,0.0,0.0,0.0,15794.9 MiB,3281.4 MiB,2526.6 MiB,9986.9 MiB,4096.0 MiB,3682.5 MiB,413.5 MiB,12677.9 MiB
7,Python 3.11.3,binarytrees.py 21,19,1694535526,1851789,python,0:03.09,500272,344048,7808,0.0,2.1,3,3,0:03,0,4,354672,0,245k,0,344048,328,9,281,38,0,97.3,2.7,0.0,0.0,0.0,0.0,0.0,0.0,15794.9 MiB,3279.3 MiB,2528.6 MiB,9986.9 MiB,4096.0 MiB,3682.5 MiB,413.5 MiB,12675.8 MiB
7,Python 3.11.3,binarytrees.py 21,20,1694535527,1851789,python,0:03.09,500272,344048,7808,0.0,2.1,3,3,0:03,0,4,354672,0,245k,0,344048,328,9,281,38,0,98.2,1.8,0.0,0.0,0.0,0.0,0.0,0.0,15794.9 MiB,3276.5 MiB,2531.4 MiB,9986.9 MiB,4096.0 MiB,3682.5 MiB,413.5 MiB,12673.0 MiB
7,Python 3.11.3,binarytrees.py 21,21,1694535529,1851789,python,0:03.09,500272,344048,7808,0.0,2.1,3,3,0:03,0,4,354672,0,245k,0,344048,328,9,281,38,0,97.7,2.3,0.0,0.0,0.0,0.0,0.0,0.0,15794.9 MiB,3275.7 MiB,2532.2 MiB,9986.9 MiB,4096.0 MiB,3682.5 MiB,413.5 MiB,12672.2 MiB
7,Python 3.11.3,binarytrees.py 21,22,1694535530,1851789,python,0:03.09,500272,344048,7808,0.0,2.1,3,3,0:03,0,4,354672,0,245k,0,344048,328,9,281,38,0,98.4,1.6,0.0,0.0,0.0,0.0,0.0,0.0,15794.9 MiB,3274.0 MiB,2533.9 MiB,9986.9 MiB,4096.0 MiB,3682.5 MiB,413.5 MiB,12670.5 MiB
7,Python 3.11.3,binarytrees.py 21,23,1694535531,1851789,python,0:03.09,500272,344048,7808,0.0,2.1,3,3,0:03,0,4,354672,0,245k,0,344048,328,9,281,38,0,96.6,3.4,0.0,0.0,0.0,0.0,0.0,0.0,15794.9 MiB,3273.8 MiB,2534.2 MiB,9986.9 MiB,4096.0 MiB,3682.5 MiB,413.5 MiB,12670.3 MiB
7,Python 3.11.3,binarytrees.py 21,24,1694535533,1851789,python,0:03.09,500272,344048,7808,0.0,2.1,3,3,0:03,0,4,354672,0,245k,0,344048,328,9,281,38,0,98.4,1.6,0.0,0.0,0.0,0.0,0.0,0.0,15794.9 MiB,3273.5 MiB,2534.4 MiB,9986.9 MiB,4096.0 MiB,3682.5 MiB,413.5 MiB,12670.0 MiB
7,Python 3.11.3,binarytrees.py 21,25,1694535534,1851789,python,0:03.09,500272,344048,7808,0.0,2.1,3,3,0:03,0,4,354672,0,245k,0,344048,328,9,281,38,0,97.8,2.2,0.0,0.0,0.0,0.0,0.0,0.0,15794.9 MiB,3273.3 MiB,2534.7 MiB,9987.0 MiB,4096.0 MiB,3682.5 MiB,413.5 MiB,12669.8 MiB
7,Python 3.11.3,binarytrees.py 21,26,1694535535,1851789,python,0:03.09,500272,344048,7808,0.0,2.1,3,3,0:03,0,4,354672,0,245k,0,344048,328,9,281,38,0,97.9,2.1,0.0,0.0,0.0,0.0,0.0,0.0,15794.9 MiB,3273.3 MiB,2534.7 MiB,9987.0 MiB,4096.0 MiB,3682.5 MiB,413.5 MiB,12669.8 MiB
7,Python 3.11.3,binarytrees.py 21,27,1694535537,1851789,python,0:03.09,500272,344048,7808,0.0,2.1,3,3,0:03,0,4,354672,0,245k,0,344048,328,9,281,38,0,96.9,2.6,0.0,0.0,0.0,0.0,0.5,0.0,15794.9 MiB,3273.0 MiB,2534.9 MiB,9987.0 MiB,4096.0 MiB,3682.5 MiB,413.5 MiB,12669.6 MiB
7,Python 3.11.3,binarytrees.py 21,28,1694535538,1851789,python,0:03.09,500272,344048,7808,0.0,2.1,3,3,0:03,0,4,354672,0,245k,0,344048,328,9,281,38,0,96.6,2.3,0.0,0.0,0.0,0.0,1.1,0.0,15794.9 MiB,3272.5 MiB,2535.4 MiB,9987.0 MiB,4096.0 MiB,3682.5 MiB,413.5 MiB,12669.1 MiB
7,Python 3.11.3,binarytrees.py 21,29,1694535539,1851789,python,0:03.09,500272,344048,7808,0.0,2.1,3,3,0:03,0,4,354672,0,245k,0,344048,328,9,281,38,0,98.4,1.6,0.0,0.0,0.0,0.0,0.0,0.0,15794.9 MiB,3272.5 MiB,2535.4 MiB,9987.0 MiB,4096.0 MiB,3682.5 MiB,413.5 MiB,12669.1 MiB
7,Python 3.11.3,binarytrees.py 21,30,1694535541,1851789,python,0:03.09,500272,344048,7808,0.0,2.1,3,3,0:03,0,4,354672,0,245k,0,344048,328,9,281,38,0,96.7,3.3,0.0,0.0,0.0,0.0,0.0,0.0,15794.9 MiB,3272.3 MiB,2535.9 MiB,9986.7 MiB,4096.0 MiB,3682.5 MiB,413.5 MiB,12668.8 MiB
7,Python 3.11.3,binarytrees.py 21,31,1694535542,1851789,python,0:03.09,500272,344048,7808,0.0,2.1,3,3,0:03,0,4,354672,0,245k,0,344048,328,9,281,38,0,98.5,1.5,0.0,0.0,0.0,0.0,0.0,0.0,15794.9 MiB,3272.0 MiB,2536.1 MiB,9986.7 MiB,4096.0 MiB,3682.5 MiB,413.5 MiB,12668.6 MiB
7,Python 3.11.3,binarytrees.py 21,32,1694535543,1851789,python,0:03.09,500272,344048,7808,0.0,2.1,3,3,0:03,0,4,354672,0,245k,0,344048,328,9,281,38,0,97.8,2.2,0.0,0.0,0.0,0.0,0.0,0.0,15794.9 MiB,3271.8 MiB,2536.4 MiB,9986.7 MiB,4096.0 MiB,3682.5 MiB,413.5 MiB,12668.3 MiB
7,Python 3.11.3,binarytrees.py 21,33,1694535545,1851789,python,0:03.09,500272,344048,7808,0.0,2.1,3,3,0:03,0,4,354672,0,245k,0,344048,328,9,281,38,0,96.2,3.3,0.0,0.5,0.0,0.0,0.0,0.0,15794.9 MiB,3271.5 MiB,2536.6 MiB,9986.7 MiB,4096.0 MiB,3682.5 MiB,413.5 MiB,12668.1 MiB
7,Python 3.11.3,binarytrees.py 21,34,1694535546,1851789,python,0:03.09,500272,344048,7808,0.0,2.1,3,3,0:03,0,4,354672,0,245k,0,344048,328,9,281,38,0,98.4,1.6,0.0,0.0,0.0,0.0,0.0,0.0,15794.9 MiB,3271.8 MiB,2536.4 MiB,9986.7 MiB,4096.0 MiB,3682.5 MiB,413.5 MiB,12668.3 MiB
7,Python 3.11.3,binarytrees.py 21,35,1694535547,1851789,python,0:03.09,500272,344048,7808,0.0,2.1,3,3,0:03,0,4,354672,0,245k,0,344048,328,9,281,38,0,97.5,2.5,0.0,0.0,0.0,0.0,0.0,0.0,15794.9 MiB,3271.8 MiB,2536.4 MiB,9986.7 MiB,4096.0 MiB,3682.5 MiB,413.5 MiB,12668.3 MiB
7,Python 3.11.3,binarytrees.py 21,36,1694535549,1851789,python,0:03.09,500272,344048,7808,0.0,2.1,3,3,0:03,0,4,354672,0,245k,0,344048,328,9,281,38,0,97.8,2.2,0.0,0.0,0.0,0.0,0.0,0.0,15794.9 MiB,3271.3 MiB,2536.9 MiB,9986.7 MiB,4096.0 MiB,3682.5 MiB,413.5 MiB,12667.8 MiB
7,Python 3.11.3,binarytrees.py 21,37,1694535550,1851789,python,0:03.09,500272,344048,7808,0.0,2.1,3,3,0:03,0,4,354672,0,245k,0,344048,328,10,280,38,0,97.9,2.1,0.0,0.0,0.0,0.0,0.0,0.0,15794.9 MiB,3127.6 MiB,2673.3 MiB,9993.9 MiB,4096.0 MiB,3682.5 MiB,413.5 MiB,12524.2 MiB
7,Python 3.11.3,binarytrees.py 21,38,1694535551,1851789,python,0:03.09,500272,344048,7808,0.0,2.1,3,3,0:03,0,4,354672,0,245k,0,344048,328,8,282,38,0,98.3,1.7,0.0,0.0,0.0,0.0,0.0,0.0,15794.9 MiB,2967.7 MiB,2840.3 MiB,9986.9 MiB,4096.0 MiB,3682.5 MiB,413.5 MiB,12364.2 MiB
7,Python 3.11.3,binarytrees.py 21,39,1694535552,1851789,python,0:03.09,500272,344048,7808,0.0,2.1,3,2,0:03,0,4,354672,0,245k,0,344048,328,7,283,38,0,77.6,3.8,0.0,18.6,0.0,0.0,0.0,0.0,15794.9 MiB,3037.3 MiB,2763.6 MiB,9993.9 MiB,4096.0 MiB,3682.5 MiB,413.5 MiB,12433.9 MiB
7,Python 3.11.3,binarytrees.py 21,40,1694535554,1851789,python,0:03.09,500272,344048,7808,0.0,2.1,3,3,0:03,0,4,354672,0,245k,0,344048,328,6,284,38,0,62.6,5.5,0.0,31.3,0.6,0.0,0.0,0.0,15794.9 MiB,3041.8 MiB,2758.3 MiB,9994.8 MiB,4096.0 MiB,3682.5 MiB,413.5 MiB,12439.2 MiB
7,Python 3.11.3,binarytrees.py 21,41,1694535555,1851789,python,0:03.10,500272,344048,7808,0.0,2.1,3,7,0:03,0,4,354672,0,245k,0,344048,328,2,288,38,0,15.9,2.2,0.0,81.9,0.0,0.0,0.0,0.0,15794.9 MiB,3194.9 MiB,2605.1 MiB,9994.8 MiB,4096.0 MiB,3682.5 MiB,413.5 MiB,12592.4 MiB
7,Python 3.11.3,binarytrees.py 21,42,1694535556,1851789,python,0:03.10,500272,344048,7808,0.0,2.1,3,7,0:03,0,4,354672,0,245k,0,344048,328,2,288,38,0,13.3,1.5,0.0,85.2,0.0,0.0,0.0,0.0,15794.9 MiB,3194.5 MiB,2605.6 MiB,9994.8 MiB,4096.0 MiB,3682.5 MiB,413.5 MiB,12592.0 MiB
7,Python 3.11.3,binarytrees.py 21,43,1694535557,1851789,python,0:03.10,500272,344048,7808,0.0,2.1,3,7,0:03,0,4,354672,0,245k,0,344048,328,2,288,38,0,12.8,1.5,0.0,85.7,0.0,0.0,0.0,0.0,15794.9 MiB,3182.8 MiB,2624.3 MiB,9987.8 MiB,4096.0 MiB,3682.5 MiB,413.5 MiB,12580.2 MiB
7,Python 3.11.3,binarytrees.py 21,44,1694535558,1851789,python,0:03.10,500272,344048,7808,0.0,2.1,3,7,0:03,0,4,354672,0,245k,0,344048,328,2,288,38,0,11.9,3.0,0.0,85.1,0.0,0.0,0.0,0.0,15794.9 MiB,3109.4 MiB,2697.6 MiB,9987.8 MiB,4096.0 MiB,3682.5 MiB,413.5 MiB,12506.9 MiB
7,Python 3.11.3,binarytrees.py 21,45,1694535560,1851789,python,0:03.10,500272,344048,7808,0.0,2.1,3,7,0:03,0,4,354672,0,245k,0,344048,328,2,288,38,0,11.2,3.0,0.0,85.8,0.0,0.0,0.0,0.0,15794.9 MiB,3058.6 MiB,2748.4 MiB,9987.8 MiB,4096.0 MiB,3682.5 MiB,413.5 MiB,12456.1 MiB
7,Python 3.11.3,binarytrees.py 21,46,1694535561,1851789,python,0:03.10,500272,344048,7808,0.0,2.1,3,7,0:03,0,4,354672,0,245k,0,344048,328,2,288,38,0,12.8,1.5,0.0,85.7,0.0,0.0,0.0,0.0,15794.9 MiB,3189.8 MiB,2617.3 MiB,9987.8 MiB,4096.0 MiB,3682.5 MiB,413.5 MiB,12587.2 MiB
7,Python 3.11.3,binarytrees.py 21,47,1694535562,1851789,python,0:03.10,500272,344048,7808,0.0,2.1,3,7,0:03,0,4,354672,0,245k,0,344048,328,2,288,38,0,12.9,0.8,0.0,86.4,0.0,0.0,0.0,0.0,15794.9 MiB,3193.0 MiB,2614.0 MiB,9987.8 MiB,4096.0 MiB,3682.5 MiB,413.5 MiB,12590.5 MiB
7,Python 3.11.3,binarytrees.py 21,48,1694535563,1851789,python,0:03.10,500272,344048,7808,0.0,2.1,3,7,0:03,0,4,354672,0,245k,0,344048,328,2,288,38,0,11.3,2.8,0.0,85.8,0.0,0.0,0.0,0.0,15794.9 MiB,3131.8 MiB,2675.2 MiB,9987.8 MiB,4096.0 MiB,3682.5 MiB,413.5 MiB,12529.3 MiB
7,Python 3.11.3,binarytrees.py 21,49,1694535564,1851789,python,0:03.10,500272,344048,7808,0.0,2.1,3,7,0:03,0,4,354672,0,245k,0,344048,328,2,288,38,0,11.2,3.0,0.0,85.8,0.0,0.0,0.0,0.0,15794.9 MiB,3057.8 MiB,2749.3 MiB,9987.8 MiB,4096.0 MiB,3682.5 MiB,413.5 MiB,12455.2 MiB
7,Python 3.11.3,binarytrees.py 21,50,1694535566,1851789,python,0:03.10,500272,344048,7808,0.0,2.1,3,7,0:03,0,4,354672,0,245k,0,344048,328,2,288,38,0,12.1,1.5,0.0,86.4,0.0,0.0,0.0,0.0,15794.9 MiB,3190.3 MiB,2616.7 MiB,9987.8 MiB,4096.0 MiB,3682.5 MiB,413.5 MiB,12587.8 MiB
7,Python 3.11.3,binarytrees.py 21,51,1694535567,1851789,python,0:03.10,500272,344048,7808,0.0,2.1,3,7,0:03,0,4,354672,0,245k,0,344048,328,2,288,38,0,12.1,0.8,0.0,87.1,0.0,0.0,0.0,0.0,15794.9 MiB,3188.5 MiB,2618.5 MiB,9987.8 MiB,4096.0 MiB,3682.5 MiB,413.5 MiB,12586.0 MiB
7,Python 3.11.3,binarytrees.py 21,52,1694535568,1851789,python,0:03.10,500272,344048,7808,0.0,2.1,3,7,0:03,0,4,354672,0,245k,0,344048,328,2,288,38,0,11.9,2.2,0.0,85.8,0.0,0.0,0.0,0.0,15794.9 MiB,3151.3 MiB,2655.7 MiB,9987.8 MiB,4096.0 MiB,3682.5 MiB,413.5 MiB,12548.8 MiB
7,Python 3.11.3,binarytrees.py 21,53,1694535569,1851789,python,0:03.10,500272,344048,7808,0.0,2.1,3,7,0:03,0,4,354672,0,245k,0,344048,328,2,288,38,0,11.4,2.3,0.0,86.4,0.0,0.0,0.0,0.0,15794.9 MiB,3073.0 MiB,2734.0 MiB,9987.8 MiB,4096.0 MiB,3682.5 MiB,413.5 MiB,12470.5 MiB
8,Python 3.11.3,binarytrees.py 21,0,1694535570,1852179,python,0:00.11,79368,69716,7688,68.8,0.4,1,0,0:00,0,4,64584,0,16k,0,69716,320,2,280,38,0,17.3,7.5,0.0,74.4,0.8,0.0,0.0,0.0,15794.9 MiB,3666.7 MiB,2133.4 MiB,9994.8 MiB,4096.0 MiB,3682.5 MiB,413.5 MiB,13064.2 MiB
8,Python 3.11.3,binarytrees.py 21,1,1694535571,1852179,python,0:01.29,691852,672692,7688,93.8,4.2,1,0,0:01,0,4,677068,0,164k,0,672692,320,2,280,38,0,12.9,0.8,0.0,86.4,0.0,0.0,0.0,0.0,15794.9 MiB,3072.8 MiB,2727.2 MiB,9994.9 MiB,4096.0 MiB,3682.5 MiB,413.5 MiB,12470.3 MiB
8,Python 3.11.3,binarytrees.py 21,2,1694535573,1852179,python,0:02.47,220812,209584,7688,100.0,1.3,1,0,0:02,0,4,206028,0,211k,0,209584,320,2,280,38,0,10.6,3.0,0.0,86.4,0.0,0.0,0.0,0.0,15794.9 MiB,3537.7 MiB,2269.3 MiB,9987.9 MiB,4096.0 MiB,3682.5 MiB,413.5 MiB,12935.2 MiB
8,Python 3.11.3,binarytrees.py 21,3,1694535574,1852179,python,0:03.04,505524,343928,7692,0.0,2.1,3,0,0:03,0,4,359924,0,245k,0,343928,328,9,281,38,0,97.9,2.1,0.0,0.0,0.0,0.0,0.0,0.0,15794.9 MiB,3303.2 MiB,2496.8 MiB,9994.9 MiB,4096.0 MiB,3682.5 MiB,413.5 MiB,12700.7 MiB
8,Python 3.11.3,binarytrees.py 21,4,1694535575,1852179,python,0:03.04,505524,343928,7692,0.0,2.1,3,0,0:03,0,4,359924,0,245k,0,343928,328,9,281,38,0,97.0,3.0,0.0,0.0,0.0,0.0,0.0,0.0,15794.9 MiB,3301.5 MiB,2498.5 MiB,9994.9 MiB,4096.0 MiB,3682.5 MiB,413.5 MiB,12699.0 MiB
8,Python 3.11.3,binarytrees.py 21,5,1694535576,1852179,python,0:03.04,505524,343928,7692,0.0,2.1,3,0,0:03,0,4,359924,0,245k,0,343928,328,9,281,38,0,96.7,3.3,0.0,0.0,0.0,0.0,0.0,0.0,15794.9 MiB,3303.9 MiB,2503.1 MiB,9987.9 MiB,4096.0 MiB,3682.5 MiB,413.5 MiB,12700.9 MiB
8,Python 3.11.3,binarytrees.py 21,6,1694535578,1852179,python,0:03.04,505524,343928,7692,0.0,2.1,3,0,0:03,0,4,359924,0,245k,0,343928,328,9,281,38,0,97.8,2.2,0.0,0.0,0.0,0.0,0.0,0.0,15794.9 MiB,3299.0 MiB,2508.0 MiB,9987.9 MiB,4096.0 MiB,3682.5 MiB,413.5 MiB,12696.5 MiB
8,Python 3.11.3,binarytrees.py 21,7,1694535579,1852179,python,0:03.04,505524,343928,7692,0.0,2.1,3,0,0:03,0,4,359924,0,245k,0,343928,328,9,281,38,0,97.2,2.8,0.0,0.0,0.0,0.0,0.0,0.0,15794.9 MiB,3287.5 MiB,2519.6 MiB,9987.9 MiB,4096.0 MiB,3682.5 MiB,413.5 MiB,12685.0 MiB
8,Python 3.11.3,binarytrees.py 21,8,1694535580,1852179,python,0:03.04,505524,343928,7692,0.0,2.1,3,0,0:03,0,4,359924,0,245k,0,343928,328,9,281,38,0,97.0,3.0,0.0,0.0,0.0,0.0,0.0,0.0,15794.9 MiB,3278.8 MiB,2528.2 MiB,9987.9 MiB,4096.0 MiB,3682.5 MiB,413.5 MiB,12676.3 MiB
8,Python 3.11.3,binarytrees.py 21,9,1694535582,1852179,python,0:03.04,505524,343928,7692,0.0,2.1,3,0,0:03,0,4,359924,0,245k,0,343928,328,10,280,38,0,97.3,2.7,0.0,0.0,0.0,0.0,0.0,0.0,15794.9 MiB,3295.7 MiB,2511.3 MiB,9987.9 MiB,4096.0 MiB,3682.5 MiB,413.5 MiB,12693.2 MiB
8,Python 3.11.3,binarytrees.py 21,10,1694535583,1852179,python,0:03.04,505524,343928,7692,0.0,2.1,3,0,0:03,0,4,359924,0,245k,0,343928,328,9,281,38,0,96.3,3.7,0.0,0.0,0.0,0.0,0.0,0.0,15794.9 MiB,3293.4 MiB,2513.6 MiB,9987.9 MiB,4096.0 MiB,3682.5 MiB,413.5 MiB,12690.9 MiB
8,Python 3.11.3,binarytrees.py 21,11,1694535584,1852179,python,0:03.04,505524,343928,7692,0.0,2.1,3,0,0:03,0,4,359924,0,245k,0,343928,328,9,281,38,0,97.8,2.2,0.0,0.0,0.0,0.0,0.0,0.0,15794.9 MiB,3293.7 MiB,2513.3 MiB,9987.9 MiB,4096.0 MiB,3682.5 MiB,413.5 MiB,12691.2 MiB
8,Python 3.11.3,binarytrees.py 21,12,1694535586,1852179,python,0:03.04,505524,343928,7692,0.0,2.1,3,0,0:03,0,4,359924,0,245k,0,343928,328,9,281,38,0,98.4,1.6,0.0,0.0,0.0,0.0,0.0,0.0,15794.9 MiB,3291.2 MiB,2515.8 MiB,9987.9 MiB,4096.0 MiB,3682.5 MiB,413.5 MiB,12688.7 MiB
8,Python 3.11.3,binarytrees.py 21,13,1694535587,1852179,python,0:03.04,505524,343928,7692,0.0,2.1,3,0,0:03,0,4,359924,0,245k,0,343928,328,9,281,38,0,96.7,3.3,0.0,0.0,0.0,0.0,0.0,0.0,15794.9 MiB,3291.1 MiB,2515.8 MiB,9987.9 MiB,4096.0 MiB,3682.5 MiB,413.5 MiB,12688.7 MiB
8,Python 3.11.3,binarytrees.py 21,14,1694535588,1852179,python,0:03.04,505524,343928,7692,0.0,2.1,3,0,0:03,0,4,359924,0,245k,0,343928,328,9,281,38,0,96.6,3.4,0.0,0.0,0.0,0.0,0.0,0.0,15794.9 MiB,3283.3 MiB,2523.7 MiB,9987.9 MiB,4096.0 MiB,3682.5 MiB,413.5 MiB,12680.8 MiB
8,Python 3.11.3,binarytrees.py 21,15,1694535590,1852179,python,0:03.04,505524,343928,7692,0.0,2.1,3,0,0:03,0,4,359924,0,245k,0,343928,328,9,281,38,0,97.3,2.7,0.0,0.0,0.0,0.0,0.0,0.0,15794.9 MiB,3285.1 MiB,2521.9 MiB,9987.9 MiB,4096.0 MiB,3682.5 MiB,413.5 MiB,12682.6 MiB
8,Python 3.11.3,binarytrees.py 21,16,1694535591,1852179,python,0:03.04,505524,343928,7692,0.0,2.1,3,0,0:03,0,4,359924,0,245k,0,343928,328,9,281,38,0,96.9,3.1,0.0,0.0,0.0,0.0,0.0,0.0,15794.9 MiB,3285.6 MiB,2521.4 MiB,9987.9 MiB,4096.0 MiB,3682.5 MiB,413.5 MiB,12683.1 MiB
8,Python 3.11.3,binarytrees.py 21,17,1694535592,1852179,python,0:03.04,505524,343928,7692,0.0,2.1,3,0,0:03,0,4,359924,0,245k,0,343928,327,9,280,38,0,97.8,2.2,0.0,0.0,0.0,0.0,0.0,0.0,15794.9 MiB,3282.8 MiB,2524.2 MiB,9987.9 MiB,4096.0 MiB,3682.5 MiB,413.5 MiB,12680.3 MiB
8,Python 3.11.3,binarytrees.py 21,18,1694535594,1852179,python,0:03.04,505524,343928,7692,0.0,2.1,3,0,0:03,0,4,359924,0,245k,0,343928,328,9,281,38,0,97.8,2.2,0.0,0.0,0.0,0.0,0.0,0.0,15794.9 MiB,3283.3 MiB,2523.7 MiB,9987.9 MiB,4096.0 MiB,3682.5 MiB,413.5 MiB,12680.8 MiB
8,Python 3.11.3,binarytrees.py 21,19,1694535595,1852179,python,0:03.04,505524,343928,7692,0.0,2.1,3,0,0:03,0,4,359924,0,245k,0,343928,328,9,281,38,0,97.4,2.6,0.0,0.0,0.0,0.0,0.0,0.0,15794.9 MiB,3276.2 MiB,2530.8 MiB,9987.9 MiB,4096.0 MiB,3682.5 MiB,413.5 MiB,12673.7 MiB
8,Python 3.11.3,binarytrees.py 21,20,1694535596,1852179,python,0:03.04,505524,343928,7692,0.0,2.1,3,0,0:03,0,4,359924,0,245k,0,343928,328,9,281,38,0,98.4,1.6,0.0,0.0,0.0,0.0,0.0,0.0,15794.9 MiB,3277.4 MiB,2529.5 MiB,9987.9 MiB,4096.0 MiB,3682.5 MiB,413.5 MiB,12675.0 MiB
8,Python 3.11.3,binarytrees.py 21,21,1694535598,1852179,python,0:03.04,505524,343928,7692,0.0,2.1,3,0,0:03,0,4,359924,0,245k,0,343928,328,9,281,38,0,97.8,2.2,0.0,0.0,0.0,0.0,0.0,0.0,15794.9 MiB,3278.7 MiB,2528.3 MiB,9987.9 MiB,4096.0 MiB,3682.5 MiB,413.5 MiB,12676.2 MiB
8,Python 3.11.3,binarytrees.py 21,22,1694535599,1852179,python,0:03.04,505524,343928,7692,0.0,2.1,3,0,0:03,0,4,359924,0,245k,0,343928,328,9,281,38,0,98.4,1.6,0.0,0.0,0.0,0.0,0.0,0.0,15794.9 MiB,3276.2 MiB,2530.8 MiB,9987.9 MiB,4096.0 MiB,3682.5 MiB,413.5 MiB,12673.7 MiB
8,Python 3.11.3,binarytrees.py 21,23,1694535600,1852179,python,0:03.04,505524,343928,7692,0.0,2.1,3,0,0:03,0,4,359924,0,245k,0,343928,328,9,281,38,0,97.3,2.7,0.0,0.0,0.0,0.0,0.0,0.0,15794.9 MiB,3276.7 MiB,2530.3 MiB,9987.9 MiB,4096.0 MiB,3682.5 MiB,413.5 MiB,12674.2 MiB
8,Python 3.11.3,binarytrees.py 21,24,1694535602,1852179,python,0:03.04,505524,343928,7692,0.0,2.1,3,0,0:03,0,4,359924,0,245k,0,343928,328,9,281,38,0,97.8,2.2,0.0,0.0,0.0,0.0,0.0,0.0,15794.9 MiB,3276.4 MiB,2530.5 MiB,9987.9 MiB,4096.0 MiB,3682.5 MiB,413.5 MiB,12674.0 MiB
8,Python 3.11.3,binarytrees.py 21,25,1694535603,1852179,python,0:03.04,505524,343928,7692,0.0,2.1,3,0,0:03,0,4,359924,0,245k,0,343928,328,9,281,38,0,97.8,2.2,0.0,0.0,0.0,0.0,0.0,0.0,15794.9 MiB,3276.2 MiB,2530.8 MiB,9987.9 MiB,4096.0 MiB,3682.5 MiB,413.5 MiB,12673.7 MiB
8,Python 3.11.3,binarytrees.py 21,26,1694535604,1852179,python,0:03.04,505524,343928,7692,0.0,2.1,3,0,0:03,0,4,359924,0,245k,0,343928,328,9,281,38,0,96.6,3.4,0.0,0.0,0.0,0.0,0.0,0.0,15794.9 MiB,3275.9 MiB,2531.0 MiB,9987.9 MiB,4096.0 MiB,3682.5 MiB,413.5 MiB,12673.5 MiB
8,Python 3.11.3,binarytrees.py 21,27,1694535606,1852179,python,0:03.04,505524,343928,7692,0.0,2.1,3,0,0:03,0,4,359924,0,245k,0,343928,328,9,281,38,0,97.4,2.6,0.0,0.0,0.0,0.0,0.0,0.0,15794.9 MiB,3275.2 MiB,2531.8 MiB,9987.9 MiB,4096.0 MiB,3682.5 MiB,413.5 MiB,12672.7 MiB
8,Python 3.11.3,binarytrees.py 21,28,1694535607,1852179,python,0:03.04,505524,343928,7692,0.0,2.1,3,0,0:03,0,4,359924,0,245k,0,343928,328,9,281,38,0,98.4,1.6,0.0,0.0,0.0,0.0,0.0,0.0,15794.9 MiB,3275.2 MiB,2531.8 MiB,9987.9 MiB,4096.0 MiB,3682.5 MiB,413.5 MiB,12672.7 MiB
8,Python 3.11.3,binarytrees.py 21,29,1694535608,1852179,python,0:03.04,505524,343928,7692,0.0,2.1,3,0,0:03,0,4,359924,0,245k,0,343928,328,9,281,38,0,97.8,2.2,0.0,0.0,0.0,0.0,0.0,0.0,15794.9 MiB,3274.7 MiB,2532.3 MiB,9987.9 MiB,4096.0 MiB,3682.5 MiB,413.5 MiB,12672.2 MiB
8,Python 3.11.3,binarytrees.py 21,30,1694535610,1852179,python,0:03.04,505524,343928,7692,0.0,2.1,3,0,0:03,0,4,359924,0,245k,0,343928,328,9,281,38,0,97.8,2.2,0.0,0.0,0.0,0.0,0.0,0.0,15794.9 MiB,3274.4 MiB,2532.5 MiB,9987.9 MiB,4096.0 MiB,3682.5 MiB,413.5 MiB,12672.0 MiB
8,Python 3.11.3,binarytrees.py 21,31,1694535611,1852179,python,0:03.04,505524,343928,7692,0.0,2.1,3,0,0:03,0,4,359924,0,245k,0,343928,328,9,281,38,0,98.0,2.0,0.0,0.0,0.0,0.0,0.0,0.0,15794.9 MiB,3274.4 MiB,2532.5 MiB,9987.9 MiB,4096.0 MiB,3682.5 MiB,413.5 MiB,12672.0 MiB
8,Python 3.11.3,binarytrees.py 21,32,1694535612,1852179,python,0:03.04,505524,343928,7692,0.0,2.1,3,0,0:03,0,4,359924,0,245k,0,343928,328,9,281,38,0,97.8,2.2,0.0,0.0,0.0,0.0,0.0,0.0,15794.9 MiB,3274.2 MiB,2532.7 MiB,9987.9 MiB,4096.0 MiB,3682.5 MiB,413.5 MiB,12671.8 MiB
8,Python 3.11.3,binarytrees.py 21,33,1694535614,1852179,python,0:03.04,505524,343928,7692,0.0,2.1,3,0,0:03,0,4,359924,0,245k,0,343928,328,9,281,38,0,97.7,2.3,0.0,0.0,0.0,0.0,0.0,0.0,15794.9 MiB,3274.2 MiB,2532.7 MiB,9987.9 MiB,4096.0 MiB,3682.5 MiB,413.5 MiB,12671.8 MiB
8,Python 3.11.3,binarytrees.py 21,34,1694535615,1852179,python,0:03.04,505524,343928,7692,0.0,2.1,3,0,0:03,0,4,359924,0,245k,0,343928,328,9,281,38,0,97.8,2.2,0.0,0.0,0.0,0.0,0.0,0.0,15794.9 MiB,3274.2 MiB,2532.7 MiB,9987.9 MiB,4096.0 MiB,3682.5 MiB,413.5 MiB,12671.8 MiB
8,Python 3.11.3,binarytrees.py 21,35,1694535616,1852179,python,0:03.04,505524,343928,7692,0.0,2.1,3,0,0:03,0,4,359924,0,245k,0,343928,328,9,281,38,0,98.4,1.6,0.0,0.0,0.0,0.0,0.0,0.0,15794.9 MiB,3273.7 MiB,2533.2 MiB,9987.9 MiB,4096.0 MiB,3682.5 MiB,413.5 MiB,12671.3 MiB
8,Python 3.11.3,binarytrees.py 21,36,1694535618,1852179,python,0:03.04,505524,343928,7692,0.0,2.1,3,0,0:03,0,4,359924,0,245k,0,343928,328,9,281,38,0,97.1,2.9,0.0,0.0,0.0,0.0,0.0,0.0,15794.9 MiB,3273.7 MiB,2533.2 MiB,9987.9 MiB,4096.0 MiB,3682.5 MiB,413.5 MiB,12671.3 MiB
8,Python 3.11.3,binarytrees.py 21,37,1694535619,1852179,python,0:03.04,505524,343928,7692,0.0,2.1,3,0,0:03,0,4,359924,0,245k,0,343928,328,9,281,38,0,98.4,1.6,0.0,0.0,0.0,0.0,0.0,0.0,15794.9 MiB,3122.6 MiB,2677.3 MiB,9994.9 MiB,4096.0 MiB,3682.5 MiB,413.5 MiB,12520.2 MiB
8,Python 3.11.3,binarytrees.py 21,38,1694535620,1852179,python,0:03.04,505524,343928,7692,0.0,2.1,3,0,0:03,0,4,359924,0,245k,0,343928,328,8,282,38,0,88.5,1.9,0.0,9.6,0.0,0.0,0.0,0.0,15794.9 MiB,2987.4 MiB,2812.5 MiB,9994.9 MiB,4096.0 MiB,3682.5 MiB,413.5 MiB,12385.0 MiB
8,Python 3.11.3,binarytrees.py 21,39,1694535622,1852179,python,0:03.04,505524,343928,7692,0.0,2.1,3,0,0:03,0,4,359924,0,245k,0,343928,328,6,284,38,0,69.4,5.1,0.0,25.5,0.0,0.0,0.0,0.0,15794.9 MiB,2974.0 MiB,2826.1 MiB,9994.8 MiB,4096.0 MiB,3682.5 MiB,413.5 MiB,12371.5 MiB
8,Python 3.11.3,binarytrees.py 21,40,1694535623,1852179,python,0:03.04,505524,343928,7692,0.0,2.1,3,4,0:03,0,4,359924,0,245k,0,343928,328,4,286,38,0,38.6,2.8,0.0,58.6,0.0,0.0,0.0,0.0,15794.9 MiB,3111.6 MiB,2688.3 MiB,9994.9 MiB,4096.0 MiB,3682.5 MiB,413.5 MiB,12509.2 MiB
8,Python 3.11.3,binarytrees.py 21,41,1694535624,1852179,python,0:03.05,505524,343928,7692,0.0,2.1,3,4,0:03,0,4,359924,0,245k,0,343928,328,2,288,38,0,10.5,3.0,0.0,86.5,0.0,0.0,0.0,0.0,15794.9 MiB,3086.2 MiB,2713.6 MiB,9995.1 MiB,4096.0 MiB,3682.5 MiB,413.5 MiB,12483.8 MiB
8,Python 3.11.3,binarytrees.py 21,42,1694535625,1852179,python,0:03.05,505524,343928,7692,0.0,2.1,3,4,0:03,0,4,359924,0,245k,0,343928,328,2,288,38,0,11.9,3.7,0.0,84.4,0.0,0.0,0.0,0.0,15794.9 MiB,3201.5 MiB,2605.4 MiB,9988.0 MiB,4096.0 MiB,3682.5 MiB,413.5 MiB,12599.1 MiB
8,Python 3.11.3,binarytrees.py 21,43,1694535626,1852179,python,0:03.05,505524,343928,7692,0.0,2.1,3,4,0:03,0,4,359924,0,245k,0,343928,328,2,288,38,0,13.5,0.8,0.0,85.7,0.0,0.0,0.0,0.0,15794.9 MiB,3199.9 MiB,2606.9 MiB,9988.0 MiB,4096.0 MiB,3682.5 MiB,413.5 MiB,12597.5 MiB
8,Python 3.11.3,binarytrees.py 21,44,1694535627,1852179,python,0:03.05,505524,343928,7692,0.0,2.1,3,4,0:03,0,4,359924,0,245k,0,343928,328,2,288,38,0,12.6,3.0,0.0,84.4,0.0,0.0,0.0,0.0,15794.9 MiB,3152.2 MiB,2654.7 MiB,9988.0 MiB,4096.0 MiB,3682.5 MiB,413.5 MiB,12549.8 MiB
8,Python 3.11.3,binarytrees.py 21,45,1694535629,1852179,python,0:03.05,505524,343928,7692,0.0,2.1,3,4,0:03,0,4,359924,0,245k,0,343928,328,2,288,38,0,11.2,3.7,0.0,85.1,0.0,0.0,0.0,0.0,15794.9 MiB,3085.7 MiB,2721.1 MiB,9988.0 MiB,4096.0 MiB,3682.5 MiB,413.5 MiB,12483.3 MiB
8,Python 3.11.3,binarytrees.py 21,46,1694535630,1852179,python,0:03.05,505524,343928,7692,0.0,2.1,3,4,0:03,0,4,359924,0,245k,0,343928,328,2,288,38,0,11.1,3.7,0.0,85.2,0.0,0.0,0.0,0.0,15794.9 MiB,3178.4 MiB,2628.5 MiB,9988.0 MiB,4096.0 MiB,3682.5 MiB,413.5 MiB,12576.0 MiB
8,Python 3.11.3,binarytrees.py 21,47,1694535631,1852179,python,0:03.05,505524,343928,7692,0.0,2.1,3,4,0:03,0,4,359924,0,245k,0,343928,328,2,288,38,0,12.9,0.8,0.0,86.4,0.0,0.0,0.0,0.0,15794.9 MiB,3203.8 MiB,2603.1 MiB,9988.0 MiB,4096.0 MiB,3682.5 MiB,413.5 MiB,12601.4 MiB
8,Python 3.11.3,binarytrees.py 21,48,1694535632,1852179,python,0:03.05,505524,343928,7692,0.0,2.1,3,4,0:03,0,4,359924,0,245k,0,343928,328,2,288,38,0,12.0,1.5,0.0,86.5,0.0,0.0,0.0,0.0,15794.9 MiB,3186.1 MiB,2620.7 MiB,9988.0 MiB,4096.0 MiB,3682.5 MiB,413.5 MiB,12583.7 MiB
8,Python 3.11.3,binarytrees.py 21,49,1694535633,1852179,python,0:03.05,505524,343928,7692,0.0,2.1,3,4,0:03,0,4,359924,0,245k,0,343928,328,2,288,38,0,10.5,3.0,0.0,86.5,0.0,0.0,0.0,0.0,15794.9 MiB,3119.9 MiB,2686.9 MiB,9988.0 MiB,4096.0 MiB,3682.5 MiB,413.5 MiB,12517.5 MiB
8,Python 3.11.3,binarytrees.py 21,50,1694535635,1852179,python,0:03.05,505524,343928,7692,0.0,2.1,3,4,0:03,0,4,359924,0,245k,0,343928,328,2,288,38,0,11.9,3.7,0.0,84.4,0.0,0.0,0.0,0.0,15794.9 MiB,3078.1 MiB,2728.7 MiB,9988.0 MiB,4096.0 MiB,3682.5 MiB,413.5 MiB,12475.7 MiB
8,Python 3.11.3,binarytrees.py 21,51,1694535636,1852179,python,0:03.05,505524,343928,7692,0.0,2.1,3,4,0:03,0,4,359924,0,245k,0,343928,328,2,288,38,0,11.9,2.2,0.0,85.8,0.0,0.0,0.0,0.0,15794.9 MiB,3198.2 MiB,2608.6 MiB,9988.0 MiB,4096.0 MiB,3682.5 MiB,413.5 MiB,12595.9 MiB
8,Python 3.11.3,binarytrees.py 21,52,1694535637,1852179,python,0:03.05,505524,343928,7692,0.0,2.1,3,4,0:03,0,4,359924,0,245k,0,343928,328,2,288,38,0,12.8,1.5,0.0,85.7,0.0,0.0,0.0,0.0,15794.9 MiB,3197.2 MiB,2609.6 MiB,9988.0 MiB,4096.0 MiB,3682.5 MiB,413.5 MiB,12594.8 MiB
8,Python 3.11.3,binarytrees.py 21,53,1694535638,1852179,python,0:03.07,469684,308664,7692,12.5,1.9,3,4,0:03,0,4,324084,0,254k,0,308664,328,3,287,38,0,13.2,2.9,0.0,83.8,0.0,0.0,0.0,0.0,15794.9 MiB,3362.1 MiB,2444.7 MiB,9988.0 MiB,4096.0 MiB,3682.5 MiB,413.5 MiB,12759.7 MiB
9,Python 3.11.3,binarytrees.py 21,0,1694535639,1852575,python,0:00.11,82440,73212,7748,68.8,0.5,1,1,0:00,0,4,67656,0,17k,0,73212,320,2,280,38,0,18.4,9.6,0.0,72.1,0.0,0.0,0.0,0.0,15794.9 MiB,3668.7 MiB,2131.1 MiB,9995.0 MiB,4096.0 MiB,3682.5 MiB,413.5 MiB,13066.3 MiB
9,Python 3.11.3,binarytrees.py 21,1,1694535640,1852575,python,0:01.29,691720,672756,7748,100.0,4.2,1,1,0:01,0,4,676936,0,164k,0,672756,320,2,280,38,0,12.9,0.8,0.0,86.4,0.0,0.0,0.0,0.0,15794.9 MiB,3076.6 MiB,2723.2 MiB,9995.0 MiB,4096.0 MiB,3682.5 MiB,413.5 MiB,12474.2 MiB
9,Python 3.11.3,binarytrees.py 21,2,1694535642,1852575,python,0:02.46,281096,268776,7748,100.0,1.7,1,1,0:02,0,4,266312,0,225k,0,268776,320,2,280,38,0,10.6,3.0,0.0,86.4,0.0,0.0,0.0,0.0,15794.9 MiB,3478.7 MiB,2328.1 MiB,9988.0 MiB,4096.0 MiB,3682.5 MiB,413.5 MiB,12876.4 MiB
9,Python 3.11.3,binarytrees.py 21,3,1694535643,1852575,python,0:02.95,505392,343980,7752,0.0,2.1,3,7,0:02,0,4,359792,0,245k,0,343980,328,9,281,38,0,96.2,3.8,0.0,0.0,0.0,0.0,0.0,0.0,15794.9 MiB,3284.6 MiB,2515.2 MiB,9995.0 MiB,4096.0 MiB,3682.5 MiB,413.5 MiB,12682.2 MiB
9,Python 3.11.3,binarytrees.py 21,4,1694535644,1852575,python,0:02.95,505392,343980,7752,0.0,2.1,3,7,0:02,0,4,359792,0,245k,0,343980,328,9,281,38,0,96.7,3.3,0.0,0.0,0.0,0.0,0.0,0.0,15794.9 MiB,3282.4 MiB,2517.5 MiB,9995.0 MiB,4096.0 MiB,3682.5 MiB,413.5 MiB,12680.0 MiB
9,Python 3.11.3,binarytrees.py 21,5,1694535645,1852575,python,0:02.95,505392,343980,7752,0.0,2.1,3,7,0:02,0,4,359792,0,245k,0,343980,328,9,281,38,0,96.7,3.3,0.0,0.0,0.0,0.0,0.0,0.0,15794.9 MiB,3283.8 MiB,2523.0 MiB,9988.0 MiB,4096.0 MiB,3682.5 MiB,413.5 MiB,12681.5 MiB
9,Python 3.11.3,binarytrees.py 21,6,1694535647,1852575,python,0:02.95,505392,343980,7752,0.0,2.1,3,7,0:02,0,4,359792,0,245k,0,343980,328,9,281,38,0,96.4,3.6,0.0,0.0,0.0,0.0,0.0,0.0,15794.9 MiB,3275.2 MiB,2531.6 MiB,9988.1 MiB,4096.0 MiB,3682.5 MiB,413.5 MiB,12672.9 MiB
9,Python 3.11.3,binarytrees.py 21,7,1694535648,1852575,python,0:02.95,505392,343980,7752,0.0,2.1,3,7,0:02,0,4,359792,0,245k,0,343980,328,9,281,38,0,96.9,3.1,0.0,0.0,0.0,0.0,0.0,0.0,15794.9 MiB,3278.2 MiB,2528.7 MiB,9988.1 MiB,4096.0 MiB,3682.5 MiB,413.5 MiB,12675.8 MiB
9,Python 3.11.3,binarytrees.py 21,8,1694535649,1852575,python,0:02.95,505392,343980,7752,0.0,2.1,3,7,0:02,0,4,359792,0,245k,0,343980,328,9,281,38,0,96.9,2.6,0.0,0.5,0.0,0.0,0.0,0.0,15794.9 MiB,3292.7 MiB,2514.2 MiB,9988.1 MiB,4096.0 MiB,3682.5 MiB,413.5 MiB,12690.3 MiB
9,Python 3.11.3,binarytrees.py 21,9,1694535651,1852575,python,0:02.95,505392,343980,7752,0.0,2.1,3,7,0:02,0,4,359792,0,245k,0,343980,328,9,281,38,0,97.4,2.6,0.0,0.0,0.0,0.0,0.0,0.0,15794.9 MiB,3291.9 MiB,2514.9 MiB,9988.1 MiB,4096.0 MiB,3682.5 MiB,413.5 MiB,12689.6 MiB
9,Python 3.11.3,binarytrees.py 21,10,1694535652,1852575,python,0:02.95,505392,343980,7752,0.0,2.1,3,7,0:02,0,4,359792,0,245k,0,343980,328,9,281,38,0,97.8,2.2,0.0,0.0,0.0,0.0,0.0,0.0,15794.9 MiB,3287.9 MiB,2518.9 MiB,9988.1 MiB,4096.0 MiB,3682.5 MiB,413.5 MiB,12685.5 MiB
9,Python 3.11.3,binarytrees.py 21,11,1694535653,1852575,python,0:02.95,505392,343980,7752,0.0,2.1,3,7,0:02,0,4,359792,0,245k,0,343980,328,9,281,38,0,96.7,3.3,0.0,0.0,0.0,0.0,0.0,0.0,15794.9 MiB,3287.6 MiB,2519.2 MiB,9988.1 MiB,4096.0 MiB,3682.5 MiB,413.5 MiB,12685.2 MiB
9,Python 3.11.3,binarytrees.py 21,12,1694535655,1852575,python,0:02.95,505392,343980,7752,0.0,2.1,3,7,0:02,0,4,359792,0,245k,0,343980,328,9,281,38,0,97.3,2.7,0.0,0.0,0.0,0.0,0.0,0.0,15794.9 MiB,3276.7 MiB,2529.9 MiB,9988.2 MiB,4096.0 MiB,3682.5 MiB,413.5 MiB,12674.5 MiB
9,Python 3.11.3,binarytrees.py 21,13,1694535656,1852575,python,0:02.95,505392,343980,7752,0.0,2.1,3,7,0:02,0,4,359792,0,245k,0,343980,328,9,281,38,0,97.3,2.7,0.0,0.0,0.0,0.0,0.0,0.0,15794.9 MiB,3268.6 MiB,2538.0 MiB,9988.2 MiB,4096.0 MiB,3682.5 MiB,413.5 MiB,12666.4 MiB
9,Python 3.11.3,binarytrees.py 21,14,1694535657,1852575,python,0:02.95,505392,343980,7752,0.0,2.1,3,7,0:02,0,4,359792,0,245k,0,343980,327,9,280,38,0,97.4,2.6,0.0,0.0,0.0,0.0,0.0,0.0,15794.9 MiB,3281.8 MiB,2524.8 MiB,9988.2 MiB,4096.0 MiB,3682.5 MiB,413.5 MiB,12679.6 MiB
9,Python 3.11.3,binarytrees.py 21,15,1694535659,1852575,python,0:02.95,505392,343980,7752,0.0,2.1,3,7,0:02,0,4,359792,0,245k,0,343980,327,9,280,38,0,98.3,1.7,0.0,0.0,0.0,0.0,0.0,0.0,15794.9 MiB,3277.5 MiB,2529.1 MiB,9988.2 MiB,4096.0 MiB,3682.5 MiB,413.5 MiB,12675.3 MiB
9,Python 3.11.3,binarytrees.py 21,16,1694535660,1852575,python,0:02.95,505392,343980,7752,0.0,2.1,3,7,0:02,0,4,359792,0,245k,0,343980,327,9,280,38,0,98.0,2.0,0.0,0.0,0.0,0.0,0.0,0.0,15794.9 MiB,3276.5 MiB,2530.1 MiB,9988.2 MiB,4096.0 MiB,3682.5 MiB,413.5 MiB,12674.3 MiB
9,Python 3.11.3,binarytrees.py 21,17,1694535661,1852575,python,0:02.95,505392,343980,7752,0.0,2.1,3,7,0:02,0,4,359792,0,245k,0,343980,327,9,280,38,0,97.8,2.2,0.0,0.0,0.0,0.0,0.0,0.0,15794.9 MiB,3274.5 MiB,2532.1 MiB,9988.2 MiB,4096.0 MiB,3682.5 MiB,413.5 MiB,12672.3 MiB
9,Python 3.11.3,binarytrees.py 21,18,1694535663,1852575,python,0:02.95,505392,343980,7752,0.0,2.1,3,7,0:02,0,4,359792,0,245k,0,343980,327,9,280,38,0,97.3,2.7,0.0,0.0,0.0,0.0,0.0,0.0,15794.9 MiB,3266.4 MiB,2540.3 MiB,9988.2 MiB,4096.0 MiB,3682.5 MiB,413.5 MiB,12664.2 MiB
9,Python 3.11.3,binarytrees.py 21,19,1694535664,1852575,python,0:02.95,505392,343980,7752,0.0,2.1,3,7,0:02,0,4,359792,0,245k,0,343980,327,9,280,38,0,98.4,1.6,0.0,0.0,0.0,0.0,0.0,0.0,15794.9 MiB,3272.5 MiB,2534.2 MiB,9988.2 MiB,4096.0 MiB,3682.5 MiB,413.5 MiB,12670.3 MiB
9,Python 3.11.3,binarytrees.py 21,20,1694535665,1852575,python,0:02.95,505392,343980,7752,0.0,2.1,3,7,0:02,0,4,359792,0,245k,0,343980,327,9,280,38,0,98.4,1.6,0.0,0.0,0.0,0.0,0.0,0.0,15794.9 MiB,3268.0 MiB,2538.7 MiB,9988.2 MiB,4096.0 MiB,3682.5 MiB,413.5 MiB,12665.8 MiB
9,Python 3.11.3,binarytrees.py 21,21,1694535667,1852575,python,0:02.95,505392,343980,7752,0.0,2.1,3,7,0:02,0,4,359792,0,245k,0,343980,327,9,280,38,0,97.8,2.2,0.0,0.0,0.0,0.0,0.0,0.0,15794.9 MiB,3268.4 MiB,2538.3 MiB,9988.2 MiB,4096.0 MiB,3682.5 MiB,413.5 MiB,12666.2 MiB
9,Python 3.11.3,binarytrees.py 21,22,1694535668,1852575,python,0:02.95,505392,343980,7752,0.0,2.1,3,7,0:02,0,4,359792,0,245k,0,343980,327,9,280,38,0,97.8,2.2,0.0,0.0,0.0,0.0,0.0,0.0,15794.9 MiB,3265.9 MiB,2540.8 MiB,9988.2 MiB,4096.0 MiB,3682.5 MiB,413.5 MiB,12663.8 MiB
9,Python 3.11.3,binarytrees.py 21,23,1694535669,1852575,python,0:02.95,505392,343980,7752,0.0,2.1,3,7,0:02,0,4,359792,0,245k,0,343980,327,9,280,38,0,97.8,2.2,0.0,0.0,0.0,0.0,0.0,0.0,15794.9 MiB,3265.3 MiB,2541.4 MiB,9988.2 MiB,4096.0 MiB,3682.5 MiB,413.5 MiB,12663.1 MiB
9,Python 3.11.3,binarytrees.py 21,24,1694535671,1852575,python,0:02.95,505392,343980,7752,0.0,2.1,3,7,0:02,0,4,359792,0,245k,0,343980,327,9,280,38,0,97.8,2.2,0.0,0.0,0.0,0.0,0.0,0.0,15794.9 MiB,3264.5 MiB,2542.2 MiB,9988.2 MiB,4096.0 MiB,3682.5 MiB,413.5 MiB,12662.3 MiB
9,Python 3.11.3,binarytrees.py 21,25,1694535672,1852575,python,0:02.95,505392,343980,7752,0.0,2.1,3,7,0:02,0,4,359792,0,245k,0,343980,327,10,279,38,0,97.9,2.1,0.0,0.0,0.0,0.0,0.0,0.0,15794.9 MiB,3263.8 MiB,2542.9 MiB,9988.2 MiB,4096.0 MiB,3682.5 MiB,413.5 MiB,12661.6 MiB
9,Python 3.11.3,binarytrees.py 21,26,1694535673,1852575,python,0:02.95,505392,343980,7752,0.0,2.1,3,7,0:02,0,4,359792,0,245k,0,343980,326,9,279,38,0,97.5,2.5,0.0,0.0,0.0,0.0,0.0,0.0,15794.9 MiB,3262.8 MiB,2543.9 MiB,9988.2 MiB,4096.0 MiB,3682.5 MiB,413.5 MiB,12660.6 MiB
9,Python 3.11.3,binarytrees.py 21,27,1694535675,1852575,python,0:02.95,505392,343980,7752,0.0,2.1,3,7,0:02,0,4,359792,0,245k,0,343980,326,9,279,38,0,98.4,1.6,0.0,0.0,0.0,0.0,0.0,0.0,15794.9 MiB,3261.8 MiB,2544.9 MiB,9988.2 MiB,4096.0 MiB,3682.5 MiB,413.5 MiB,12659.6 MiB
9,Python 3.11.3,binarytrees.py 21,28,1694535676,1852575,python,0:02.95,505392,343980,7752,0.0,2.1,3,7,0:02,0,4,359792,0,245k,0,343980,326,9,279,38,0,98.4,1.6,0.0,0.0,0.0,0.0,0.0,0.0,15794.9 MiB,3261.3 MiB,2545.4 MiB,9988.2 MiB,4096.0 MiB,3682.5 MiB,413.5 MiB,12659.2 MiB
9,Python 3.11.3,binarytrees.py 21,29,1694535677,1852575,python,0:02.95,505392,343980,7752,0.0,2.1,3,7,0:02,0,4,359792,0,245k,0,343980,326,9,279,38,0,97.4,2.6,0.0,0.0,0.0,0.0,0.0,0.0,15794.9 MiB,3261.3 MiB,2545.4 MiB,9988.2 MiB,4096.0 MiB,3682.5 MiB,413.5 MiB,12659.2 MiB
9,Python 3.11.3,binarytrees.py 21,30,1694535679,1852575,python,0:02.95,505392,343980,7752,0.0,2.1,3,7,0:02,0,4,359792,0,245k,0,343980,326,9,279,38,0,97.8,2.2,0.0,0.0,0.0,0.0,0.0,0.0,15794.9 MiB,3260.8 MiB,2545.9 MiB,9988.2 MiB,4096.0 MiB,3682.5 MiB,413.5 MiB,12658.7 MiB
9,Python 3.11.3,binarytrees.py 21,31,1694535680,1852575,python,0:02.95,505392,343980,7752,0.0,2.1,3,7,0:02,0,4,359792,0,245k,0,343980,326,9,279,38,0,97.9,2.1,0.0,0.0,0.0,0.0,0.0,0.0,15794.9 MiB,3260.6 MiB,2546.1 MiB,9988.2 MiB,4096.0 MiB,3682.5 MiB,413.5 MiB,12658.4 MiB
9,Python 3.11.3,binarytrees.py 21,32,1694535681,1852575,python,0:02.95,505392,343980,7752,0.0,2.1,3,7,0:02,0,4,359792,0,245k,0,343980,326,9,279,38,0,97.8,2.2,0.0,0.0,0.0,0.0,0.0,0.0,15794.9 MiB,3259.6 MiB,2547.1 MiB,9988.2 MiB,4096.0 MiB,3682.5 MiB,413.5 MiB,12657.4 MiB
9,Python 3.11.3,binarytrees.py 21,33,1694535683,1852575,python,0:02.95,505392,343980,7752,0.0,2.1,3,7,0:02,0,4,359792,0,245k,0,343980,326,9,279,38,0,97.3,2.7,0.0,0.0,0.0,0.0,0.0,0.0,15794.9 MiB,3259.4 MiB,2547.3 MiB,9988.2 MiB,4096.0 MiB,3682.5 MiB,413.5 MiB,12657.2 MiB
9,Python 3.11.3,binarytrees.py 21,34,1694535684,1852575,python,0:02.95,505392,343980,7752,0.0,2.1,3,7,0:02,0,4,359792,0,245k,0,343980,326,9,279,38,0,98.9,1.1,0.0,0.0,0.0,0.0,0.0,0.0,15794.9 MiB,3259.4 MiB,2547.3 MiB,9988.2 MiB,4096.0 MiB,3682.5 MiB,413.5 MiB,12657.2 MiB
9,Python 3.11.3,binarytrees.py 21,35,1694535685,1852575,python,0:02.95,505392,343980,7752,0.0,2.1,3,7,0:02,0,4,359792,0,245k,0,343980,326,9,279,38,0,97.9,2.1,0.0,0.0,0.0,0.0,0.0,0.0,15794.9 MiB,3259.4 MiB,2547.3 MiB,9988.2 MiB,4096.0 MiB,3682.5 MiB,413.5 MiB,12657.2 MiB
9,Python 3.11.3,binarytrees.py 21,36,1694535687,1852575,python,0:02.95,505392,343980,7752,0.0,2.1,3,7,0:02,0,4,359792,0,245k,0,343980,326,9,279,38,0,96.4,3.6,0.0,0.0,0.0,0.0,0.0,0.0,15794.9 MiB,3258.6 MiB,2548.0 MiB,9988.2 MiB,4096.0 MiB,3682.5 MiB,413.5 MiB,12656.5 MiB
9,Python 3.11.3,binarytrees.py 21,37,1694535688,1852575,python,0:02.95,505392,343980,7752,0.0,2.1,3,7,0:02,0,4,359792,0,245k,0,343980,326,9,279,38,0,97.3,2.7,0.0,0.0,0.0,0.0,0.0,0.0,15794.9 MiB,3112.2 MiB,2687.5 MiB,9995.2 MiB,4096.0 MiB,3682.5 MiB,413.5 MiB,12510.0 MiB
9,Python 3.11.3,binarytrees.py 21,38,1694535689,1852575,python,0:02.95,505392,343980,7752,0.0,2.1,3,7,0:02,0,4,359792,0,245k,0,343980,326,8,280,38,0,87.3,3.2,0.0,9.5,0.0,0.0,0.0,0.0,15794.9 MiB,2965.5 MiB,2834.2 MiB,9995.2 MiB,4096.0 MiB,3682.5 MiB,413.5 MiB,12363.3 MiB
9,Python 3.11.3,binarytrees.py 21,39,1694535691,1852575,python,0:02.95,505392,343980,7752,0.0,2.1,3,7,0:02,0,4,359792,0,245k,0,343980,326,8,280,38,0,87.4,3.1,0.0,9.4,0.0,0.0,0.0,0.0,15794.9 MiB,3030.0 MiB,2769.7 MiB,9995.2 MiB,4096.0 MiB,3682.5 MiB,413.5 MiB,12427.9 MiB
9,Python 3.11.3,binarytrees.py 21,40,1694535692,1852575,python,0:02.95,505392,343980,7752,0.0,2.1,3,5,0:02,0,4,359792,0,245k,0,343980,326,3,285,38,0,36.9,3.5,0.0,59.6,0.0,0.0,0.0,0.0,15794.9 MiB,2989.2 MiB,2810.5 MiB,9995.2 MiB,4096.0 MiB,3682.5 MiB,413.5 MiB,12387.0 MiB
9,Python 3.11.3,binarytrees.py 21,41,1694535693,1852575,python,0:02.95,505392,343980,7752,0.0,2.1,3,5,0:02,0,4,359792,0,245k,0,343980,326,2,286,38,0,13.2,0.7,0.0,86.0,0.0,0.0,0.0,0.0,15794.9 MiB,3142.2 MiB,2657.4 MiB,9995.2 MiB,4096.0 MiB,3682.5 MiB,413.5 MiB,12540.1 MiB
9,Python 3.11.3,binarytrees.py 21,42,1694535694,1852575,python,0:02.95,505392,343980,7752,0.0,2.1,3,5,0:02,0,4,359792,0,245k,0,343980,326,2,286,38,0,10.5,3.8,0.0,85.7,0.0,0.0,0.0,0.0,15794.9 MiB,3093.5 MiB,2713.0 MiB,9988.3 MiB,4096.0 MiB,3682.5 MiB,413.5 MiB,12491.4 MiB
9,Python 3.11.3,binarytrees.py 21,43,1694535695,1852575,python,0:02.95,505392,343980,7752,0.0,2.1,3,5,0:02,0,4,359792,0,245k,0,343980,326,2,286,38,0,11.3,3.0,0.0,85.7,0.0,0.0,0.0,0.0,15794.9 MiB,3080.5 MiB,2726.2 MiB,9988.2 MiB,4096.0 MiB,3682.5 MiB,413.5 MiB,12478.3 MiB
9,Python 3.11.3,binarytrees.py 21,44,1694535697,1852575,python,0:02.95,505392,343980,7752,0.0,2.1,3,5,0:02,0,4,359792,0,245k,0,343980,326,2,286,38,0,12.7,1.5,0.0,85.8,0.0,0.0,0.0,0.0,15794.9 MiB,3186.3 MiB,2620.3 MiB,9988.2 MiB,4096.0 MiB,3682.5 MiB,413.5 MiB,12584.2 MiB
9,Python 3.11.3,binarytrees.py 21,45,1694535698,1852575,python,0:02.95,505392,343980,7752,0.0,2.1,3,5,0:02,0,4,359792,0,245k,0,343980,326,2,286,38,0,14.2,0.7,0.0,85.1,0.0,0.0,0.0,0.0,15794.9 MiB,3185.6 MiB,2621.1 MiB,9988.2 MiB,4096.0 MiB,3682.5 MiB,413.5 MiB,12583.4 MiB
9,Python 3.11.3,binarytrees.py 21,46,1694535699,1852575,python,0:02.95,505392,343980,7752,0.0,2.1,3,5,0:02,0,4,359792,0,245k,0,343980,326,2,286,38,0,11.3,3.8,0.0,85.0,0.0,0.0,0.0,0.0,15794.9 MiB,3114.9 MiB,2691.7 MiB,9988.2 MiB,4096.0 MiB,3682.5 MiB,413.5 MiB,12512.8 MiB
9,Python 3.11.3,binarytrees.py 21,47,1694535700,1852575,python,0:02.95,505392,343980,7752,0.0,2.1,3,5,0:02,0,4,359792,0,245k,0,343980,326,2,286,38,0,11.3,3.0,0.0,85.7,0.0,0.0,0.0,0.0,15794.9 MiB,3045.0 MiB,2761.6 MiB,9988.2 MiB,4096.0 MiB,3682.5 MiB,413.5 MiB,12442.9 MiB
9,Python 3.11.3,binarytrees.py 21,48,1694535701,1852575,python,0:02.95,505392,343980,7752,0.0,2.1,3,5,0:02,0,4,359792,0,245k,0,343980,326,2,286,38,0,12.8,1.5,0.0,85.7,0.0,0.0,0.0,0.0,15794.9 MiB,3183.0 MiB,2623.6 MiB,9988.2 MiB,4096.0 MiB,3682.5 MiB,413.5 MiB,12580.9 MiB
9,Python 3.11.3,binarytrees.py 21,49,1694535702,1852575,python,0:02.95,505392,343980,7752,0.0,2.1,3,5,0:02,0,4,359792,0,245k,0,343980,326,2,286,38,0,13.4,0.7,0.0,85.8,0.0,0.0,0.0,0.0,15794.9 MiB,3182.2 MiB,2624.4 MiB,9988.2 MiB,4096.0 MiB,3682.5 MiB,413.5 MiB,12580.1 MiB
9,Python 3.11.3,binarytrees.py 21,50,1694535704,1852575,python,0:02.95,505392,343980,7752,0.0,2.1,3,5,0:02,0,4,359792,0,245k,0,343980,326,2,286,38,0,12.1,1.5,0.0,86.4,0.0,0.0,0.0,0.0,15794.9 MiB,3140.5 MiB,2666.1 MiB,9988.2 MiB,4096.0 MiB,3682.5 MiB,413.5 MiB,12538.4 MiB
9,Python 3.11.3,binarytrees.py 21,51,1694535705,1852575,python,0:02.95,505392,343980,7752,0.0,2.1,3,5,0:02,0,4,359792,0,245k,0,343980,326,2,286,38,0,11.9,2.2,0.0,85.1,0.7,0.0,0.0,0.0,15794.9 MiB,3070.9 MiB,2735.8 MiB,9988.2 MiB,4096.0 MiB,3682.5 MiB,413.5 MiB,12468.7 MiB
9,Python 3.11.3,binarytrees.py 21,52,1694535706,1852575,python,0:02.95,505392,343980,7752,0.0,2.1,3,5,0:02,0,4,359792,0,245k,0,343980,326,2,286,38,0,12.0,2.3,0.0,85.7,0.0,0.0,0.0,0.0,15794.9 MiB,3142.1 MiB,2664.6 MiB,9988.2 MiB,4096.0 MiB,3682.5 MiB,413.5 MiB,12539.9 MiB
9,Python 3.11.3,binarytrees.py 21,53,1694535707,1852575,python,0:02.95,505392,343980,7752,0.0,2.1,3,5,0:02,0,4,359792,0,245k,0,343980,326,2,286,38,0,12.0,2.3,0.0,85.7,0.0,0.0,0.0,0.0,15794.9 MiB,3179.9 MiB,2626.8 MiB,9988.2 MiB,4096.0 MiB,3682.5 MiB,413.5 MiB,12577.8 MiB
10,Python 3.11.3,binarytrees.py 21,0,1694535708,1852968,python,0:00.12,82440,72928,7728,75.0,0.5,1,2,0:00,0,4,67656,1,17k,0,72928,318,2,278,38,0,17.2,8.2,0.0,74.6,0.0,0.0,0.0,0.0,15794.9 MiB,3665.7 MiB,2134.0 MiB,9995.2 MiB,4096.0 MiB,3682.5 MiB,413.5 MiB,13063.6 MiB
10,Python 3.11.3,binarytrees.py 21,1,1694535709,1852968,python,0:01.29,691720,672736,7728,93.8,4.2,1,2,0:01,0,4,676936,1,164k,0,672736,318,2,278,38,0,13.4,0.7,0.0,85.8,0.0,0.0,0.0,0.0,15794.9 MiB,3074.1 MiB,2725.6 MiB,9995.2 MiB,4096.0 MiB,3682.5 MiB,413.5 MiB,12471.9 MiB
10,Python 3.11.3,binarytrees.py 21,2,1694535711,1852968,python,0:02.47,245256,233116,7728,100.0,1.4,1,2,0:02,0,4,230472,1,217k,0,233116,318,2,278,38,0,10.4,3.7,0.0,85.8,0.0,0.0,0.0,0.0,15794.9 MiB,3516.3 MiB,2290.2 MiB,9988.4 MiB,4096.0 MiB,3682.5 MiB,413.5 MiB,12914.2 MiB
10,Python 3.11.3,binarytrees.py 21,3,1694535712,1852968,python,0:03.01,505392,343964,7732,0.0,2.1,3,2,0:03,0,4,359792,1,245k,0,343964,326,9,279,38,0,96.7,3.3,0.0,0.0,0.0,0.0,0.0,0.0,15794.9 MiB,3312.1 MiB,2487.5 MiB,9995.2 MiB,4096.0 MiB,3682.5 MiB,413.5 MiB,12710.0 MiB
10,Python 3.11.3,binarytrees.py 21,4,1694535713,1852968,python,0:03.01,505392,343964,7732,0.0,2.1,3,2,0:03,0,4,359792,1,245k,0,343964,326,9,279,38,0,97.3,2.7,0.0,0.0,0.0,0.0,0.0,0.0,15794.9 MiB,3312.5 MiB,2487.1 MiB,9995.2 MiB,4096.0 MiB,3682.5 MiB,413.5 MiB,12710.4 MiB
10,Python 3.11.3,binarytrees.py 21,5,1694535715,1852968,python,0:03.01,505392,343964,7732,0.0,2.1,3,2,0:03,0,4,359792,1,245k,0,343964,326,9,279,38,0,97.8,2.2,0.0,0.0,0.0,0.0,0.0,0.0,15794.9 MiB,3306.4 MiB,2500.2 MiB,9988.2 MiB,4096.0 MiB,3682.5 MiB,413.5 MiB,12704.3 MiB
10,Python 3.11.3,binarytrees.py 21,6,1694535716,1852968,python,0:03.01,505392,343964,7732,0.0,2.1,3,2,0:03,0,4,359792,1,245k,0,343964,326,9,279,38,0,97.8,2.2,0.0,0.0,0.0,0.0,0.0,0.0,15794.9 MiB,3298.5 MiB,2508.1 MiB,9988.2 MiB,4096.0 MiB,3682.5 MiB,413.5 MiB,12696.4 MiB
10,Python 3.11.3,binarytrees.py 21,7,1694535717,1852968,python,0:03.01,505392,343964,7732,0.0,2.1,3,2,0:03,0,4,359792,1,245k,0,343964,326,9,279,38,0,94.9,5.1,0.0,0.0,0.0,0.0,0.0,0.0,15794.9 MiB,3288.2 MiB,2518.4 MiB,9988.2 MiB,4096.0 MiB,3682.5 MiB,413.5 MiB,12686.1 MiB
10,Python 3.11.3,binarytrees.py 21,8,1694535718,1852968,python,0:03.01,505392,343964,7732,0.0,2.1,3,2,0:03,0,4,359792,1,245k,0,343964,326,9,279,38,0,96.2,3.8,0.0,0.0,0.0,0.0,0.0,0.0,15794.9 MiB,3281.6 MiB,2525.1 MiB,9988.2 MiB,4096.0 MiB,3682.5 MiB,413.5 MiB,12679.5 MiB
10,Python 3.11.3,binarytrees.py 21,9,1694535720,1852968,python,0:03.01,505392,343964,7732,0.0,2.1,3,2,0:03,0,4,359792,1,245k,0,343964,326,9,279,38,0,96.9,3.1,0.0,0.0,0.0,0.0,0.0,0.0,15794.9 MiB,3302.2 MiB,2504.5 MiB,9988.3 MiB,4096.0 MiB,3682.5 MiB,413.5 MiB,12700.1 MiB
10,Python 3.11.3,binarytrees.py 21,10,1694535721,1852968,python,0:03.01,505392,343964,7732,0.0,2.1,3,2,0:03,0,4,359792,1,245k,0,343964,326,9,279,38,0,96.7,3.3,0.0,0.0,0.0,0.0,0.0,0.0,15794.9 MiB,3298.4 MiB,2508.3 MiB,9988.3 MiB,4096.0 MiB,3682.5 MiB,413.5 MiB,12696.3 MiB
10,Python 3.11.3,binarytrees.py 21,11,1694535722,1852968,python,0:03.01,505392,343964,7732,0.0,2.1,3,2,0:03,0,4,359792,1,245k,0,343964,326,9,279,38,0,97.9,2.1,0.0,0.0,0.0,0.0,0.0,0.0,15794.9 MiB,3298.4 MiB,2508.2 MiB,9988.3 MiB,4096.0 MiB,3682.5 MiB,413.5 MiB,12696.3 MiB
10,Python 3.11.3,binarytrees.py 21,12,1694535724,1852968,python,0:03.01,505392,343964,7732,0.0,2.1,3,2,0:03,0,4,359792,1,245k,0,343964,326,9,279,38,0,98.0,2.0,0.0,0.0,0.0,0.0,0.0,0.0,15794.9 MiB,3295.6 MiB,2511.0 MiB,9988.3 MiB,4096.0 MiB,3682.5 MiB,413.5 MiB,12693.5 MiB
10,Python 3.11.3,binarytrees.py 21,13,1694535725,1852968,python,0:03.01,505392,343964,7732,0.0,2.1,3,2,0:03,0,4,359792,1,245k,0,343964,326,9,279,38,0,96.2,3.8,0.0,0.0,0.0,0.0,0.0,0.0,15794.9 MiB,3295.6 MiB,2511.0 MiB,9988.3 MiB,4096.0 MiB,3682.5 MiB,413.5 MiB,12693.5 MiB
10,Python 3.11.3,binarytrees.py 21,14,1694535726,1852968,python,0:03.01,505392,343964,7732,0.0,2.1,3,2,0:03,0,4,359792,1,245k,0,343964,326,9,279,38,0,97.7,2.3,0.0,0.0,0.0,0.0,0.0,0.0,15794.9 MiB,3288.9 MiB,2517.7 MiB,9988.3 MiB,4096.0 MiB,3682.5 MiB,413.5 MiB,12686.9 MiB
10,Python 3.11.3,binarytrees.py 21,15,1694535728,1852968,python,0:03.01,505392,343964,7732,0.0,2.1,3,2,0:03,0,4,359792,1,245k,0,343964,323,9,276,38,0,97.4,2.6,0.0,0.0,0.0,0.0,0.0,0.0,15794.9 MiB,3290.0 MiB,2516.6 MiB,9988.3 MiB,4096.0 MiB,3682.5 MiB,413.5 MiB,12687.9 MiB
10,Python 3.11.3,binarytrees.py 21,16,1694535729,1852968,python,0:03.01,505392,343964,7732,0.0,2.1,3,2,0:03,0,4,359792,1,245k,0,343964,323,9,276,38,0,96.8,3.2,0.0,0.0,0.0,0.0,0.0,0.0,15794.9 MiB,3289.8 MiB,2516.8 MiB,9988.3 MiB,4096.0 MiB,3682.5 MiB,413.5 MiB,12687.7 MiB
10,Python 3.11.3,binarytrees.py 21,17,1694535731,1852968,python,0:03.01,505392,343964,7732,0.0,2.1,3,2,0:03,0,4,359792,1,245k,0,343964,323,9,276,38,0,97.8,2.2,0.0,0.0,0.0,0.0,0.0,0.0,15794.9 MiB,3286.8 MiB,2519.8 MiB,9988.3 MiB,4096.0 MiB,3682.5 MiB,413.5 MiB,12684.7 MiB
10,Python 3.11.3,binarytrees.py 21,18,1694535732,1852968,python,0:03.01,505392,343964,7732,0.0,2.1,3,2,0:03,0,4,359792,1,245k,0,343964,323,9,276,38,0,96.7,3.3,0.0,0.0,0.0,0.0,0.0,0.0,15794.9 MiB,3286.5 MiB,2520.1 MiB,9988.3 MiB,4096.0 MiB,3682.5 MiB,413.5 MiB,12684.4 MiB
10,Python 3.11.3,binarytrees.py 21,19,1694535733,1852968,python,0:03.01,505392,343964,7732,0.0,2.1,3,2,0:03,0,4,359792,1,245k,0,343964,323,9,276,38,0,96.8,3.2,0.0,0.0,0.0,0.0,0.0,0.0,15794.9 MiB,3283.5 MiB,2523.1 MiB,9988.3 MiB,4096.0 MiB,3682.5 MiB,413.5 MiB,12681.4 MiB
10,Python 3.11.3,binarytrees.py 21,20,1694535735,1852968,python,0:03.01,505392,343964,7732,0.0,2.1,3,2,0:03,0,4,359792,1,245k,0,343964,323,9,276,38,0,98.9,1.1,0.0,0.0,0.0,0.0,0.0,0.0,15794.9 MiB,3280.7 MiB,2525.9 MiB,9988.3 MiB,4096.0 MiB,3682.5 MiB,413.5 MiB,12678.6 MiB
10,Python 3.11.3,binarytrees.py 21,21,1694535736,1852968,python,0:03.01,505392,343964,7732,0.0,2.1,3,2,0:03,0,4,359792,1,245k,0,343964,323,9,276,38,0,97.7,2.3,0.0,0.0,0.0,0.0,0.0,0.0,15794.9 MiB,3280.6 MiB,2526.0 MiB,9988.3 MiB,4096.0 MiB,3682.5 MiB,413.5 MiB,12678.5 MiB
10,Python 3.11.3,binarytrees.py 21,22,1694535737,1852968,python,0:03.01,505392,343964,7732,0.0,2.1,3,2,0:03,0,4,359792,1,245k,0,343964,323,9,276,38,0,98.4,1.6,0.0,0.0,0.0,0.0,0.0,0.0,15794.9 MiB,3278.4 MiB,2528.1 MiB,9988.3 MiB,4096.0 MiB,3682.5 MiB,413.5 MiB,12676.3 MiB
10,Python 3.11.3,binarytrees.py 21,23,1694535739,1852968,python,0:03.01,505392,343964,7732,0.0,2.1,3,2,0:03,0,4,359792,1,245k,0,343964,323,9,276,38,0,97.8,2.2,0.0,0.0,0.0,0.0,0.0,0.0,15794.9 MiB,3277.4 MiB,2529.1 MiB,9988.3 MiB,4096.0 MiB,3682.5 MiB,413.5 MiB,12675.3 MiB
10,Python 3.11.3,binarytrees.py 21,24,1694535740,1852968,python,0:03.01,505392,343964,7732,0.0,2.1,3,2,0:03,0,4,359792,1,245k,0,343964,323,9,276,38,0,98.4,1.6,0.0,0.0,0.0,0.0,0.0,0.0,15794.9 MiB,3277.2 MiB,2529.4 MiB,9988.3 MiB,4096.0 MiB,3682.5 MiB,413.5 MiB,12675.1 MiB
10,Python 3.11.3,binarytrees.py 21,25,1694535741,1852968,python,0:03.01,505392,343964,7732,0.0,2.1,3,2,0:03,0,4,359792,1,245k,0,343964,323,9,276,38,0,98.4,1.6,0.0,0.0,0.0,0.0,0.0,0.0,15794.9 MiB,3277.2 MiB,2529.3 MiB,9988.3 MiB,4096.0 MiB,3682.5 MiB,413.5 MiB,12675.1 MiB
10,Python 3.11.3,binarytrees.py 21,26,1694535743,1852968,python,0:03.01,505392,343964,7732,0.0,2.1,3,2,0:03,0,4,359792,1,245k,0,343964,323,9,276,38,0,96.7,3.3,0.0,0.0,0.0,0.0,0.0,0.0,15794.9 MiB,3276.7 MiB,2529.8 MiB,9988.3 MiB,4096.0 MiB,3682.5 MiB,413.5 MiB,12674.6 MiB
10,Python 3.11.3,binarytrees.py 21,27,1694535744,1852968,python,0:03.01,505392,343964,7732,0.0,2.1,3,2,0:03,0,4,359792,1,245k,0,343964,323,9,276,38,0,97.8,2.2,0.0,0.0,0.0,0.0,0.0,0.0,15794.9 MiB,3275.9 MiB,2530.6 MiB,9988.4 MiB,4096.0 MiB,3682.5 MiB,413.5 MiB,12673.9 MiB
10,Python 3.11.3,binarytrees.py 21,28,1694535745,1852968,python,0:03.01,505392,343964,7732,0.0,2.1,3,2,0:03,0,4,359792,1,245k,0,343964,323,9,276,38,0,98.4,1.6,0.0,0.0,0.0,0.0,0.0,0.0,15794.9 MiB,3275.9 MiB,2530.6 MiB,9988.4 MiB,4096.0 MiB,3682.5 MiB,413.5 MiB,12673.9 MiB
10,Python 3.11.3,binarytrees.py 21,29,1694535746,1852968,python,0:03.01,505392,343964,7732,0.0,2.1,3,2,0:03,0,4,359792,1,245k,0,343964,323,9,276,38,0,96.8,3.2,0.0,0.0,0.0,0.0,0.0,0.0,15794.9 MiB,3275.7 MiB,2530.8 MiB,9988.4 MiB,4096.0 MiB,3682.5 MiB,413.5 MiB,12673.6 MiB
10,Python 3.11.3,binarytrees.py 21,30,1694535748,1852968,python,0:03.01,505392,343964,7732,0.0,2.1,3,2,0:03,0,4,359792,1,245k,0,343964,323,9,276,38,0,97.8,2.2,0.0,0.0,0.0,0.0,0.0,0.0,15794.9 MiB,3275.5 MiB,2531.0 MiB,9988.4 MiB,4096.0 MiB,3682.5 MiB,413.5 MiB,12673.4 MiB
10,Python 3.11.3,binarytrees.py 21,31,1694535749,1852968,python,0:03.01,505392,343964,7732,0.0,2.1,3,2,0:03,0,4,359792,1,245k,0,343964,323,9,276,38,0,97.8,2.2,0.0,0.0,0.0,0.0,0.0,0.0,15794.9 MiB,3275.5 MiB,2531.0 MiB,9988.4 MiB,4096.0 MiB,3682.5 MiB,413.5 MiB,12673.4 MiB
10,Python 3.11.3,binarytrees.py 21,32,1694535750,1852968,python,0:03.01,505392,343964,7732,0.0,2.1,3,2,0:03,0,4,359792,1,245k,0,343964,323,9,276,38,0,98.4,1.6,0.0,0.0,0.0,0.0,0.0,0.0,15794.9 MiB,3275.5 MiB,2531.0 MiB,9988.4 MiB,4096.0 MiB,3682.5 MiB,413.5 MiB,12673.4 MiB
10,Python 3.11.3,binarytrees.py 21,33,1694535752,1852968,python,0:03.01,505392,343964,7732,0.0,2.1,3,2,0:03,0,4,359792,1,245k,0,343964,323,9,276,38,0,97.3,2.7,0.0,0.0,0.0,0.0,0.0,0.0,15794.9 MiB,3274.7 MiB,2531.8 MiB,9988.4 MiB,4096.0 MiB,3682.5 MiB,413.5 MiB,12672.7 MiB
10,Python 3.11.3,binarytrees.py 21,34,1694535753,1852968,python,0:03.01,505392,343964,7732,0.0,2.1,3,2,0:03,0,4,359792,1,245k,0,343964,323,9,276,38,0,98.4,1.6,0.0,0.0,0.0,0.0,0.0,0.0,15794.9 MiB,3274.7 MiB,2531.8 MiB,9988.4 MiB,4096.0 MiB,3682.5 MiB,413.5 MiB,12672.7 MiB
10,Python 3.11.3,binarytrees.py 21,35,1694535754,1852968,python,0:03.01,505392,343964,7732,0.0,2.1,3,2,0:03,0,4,359792,1,245k,0,343964,323,9,276,38,0,98.2,1.8,0.0,0.0,0.0,0.0,0.0,0.0,15794.9 MiB,3274.7 MiB,2531.8 MiB,9988.4 MiB,4096.0 MiB,3682.5 MiB,413.5 MiB,12672.7 MiB
10,Python 3.11.3,binarytrees.py 21,36,1694535756,1852968,python,0:03.01,505392,343964,7732,0.0,2.1,3,2,0:03,0,4,359792,1,245k,0,343964,323,9,276,38,0,97.1,2.9,0.0,0.0,0.0,0.0,0.0,0.0,15794.9 MiB,3274.5 MiB,2532.0 MiB,9988.4 MiB,4096.0 MiB,3682.5 MiB,413.5 MiB,12672.4 MiB
10,Python 3.11.3,binarytrees.py 21,37,1694535757,1852968,python,0:03.01,505392,343964,7732,0.0,2.1,3,2,0:03,0,4,359792,1,245k,0,343964,323,9,276,38,0,98.3,1.7,0.0,0.0,0.0,0.0,0.0,0.0,15794.9 MiB,3124.4 MiB,2675.1 MiB,9995.4 MiB,4096.0 MiB,3682.5 MiB,413.5 MiB,12522.3 MiB
10,Python 3.11.3,binarytrees.py 21,38,1694535758,1852968,python,0:03.01,505392,343964,7732,0.0,2.1,3,2,0:03,0,4,359792,1,245k,0,343964,323,8,277,38,0,87.3,3.2,0.0,9.6,0.0,0.0,0.0,0.0,15794.9 MiB,2984.6 MiB,2814.9 MiB,9995.4 MiB,4096.0 MiB,3682.5 MiB,413.5 MiB,12382.5 MiB
10,Python 3.11.3,binarytrees.py 21,39,1694535760,1852968,python,0:03.01,505392,343964,7732,0.0,2.1,3,2,0:03,0,4,359792,1,245k,0,343964,323,8,277,38,0,86.2,4.4,0.0,9.4,0.0,0.0,0.0,0.0,15794.9 MiB,3060.6 MiB,2738.9 MiB,9995.4 MiB,4096.0 MiB,3682.5 MiB,413.5 MiB,12458.6 MiB
10,Python 3.11.3,binarytrees.py 21,40,1694535761,1852968,python,0:03.01,505392,343964,7732,0.0,2.1,3,4,0:03,0,4,359792,1,245k,0,343964,323,4,281,38,0,37.9,2.9,0.0,58.6,0.7,0.0,0.0,0.0,15794.9 MiB,3083.0 MiB,2716.5 MiB,9995.4 MiB,4096.0 MiB,3682.5 MiB,413.5 MiB,12481.0 MiB
10,Python 3.11.3,binarytrees.py 21,41,1694535762,1852968,python,0:03.01,505392,343964,7732,0.0,2.1,3,4,0:03,0,4,359792,1,245k,0,343964,323,2,283,38,0,11.8,2.2,0.0,86.0,0.0,0.0,0.0,0.0,15794.9 MiB,3166.9 MiB,2632.6 MiB,9995.4 MiB,4096.0 MiB,3682.5 MiB,413.5 MiB,12564.8 MiB
10,Python 3.11.3,binarytrees.py 21,42,1694535763,1852968,python,0:03.01,505392,343964,7732,0.0,2.1,3,4,0:03,0,4,359792,1,245k,0,343964,323,2,283,38,0,12.7,1.5,0.0,85.8,0.0,0.0,0.0,0.0,15794.9 MiB,3189.9 MiB,2609.5 MiB,9995.4 MiB,4096.0 MiB,3682.5 MiB,413.5 MiB,12587.9 MiB
10,Python 3.11.3,binarytrees.py 21,43,1694535764,1852968,python,0:03.01,505392,343964,7732,0.0,2.1,3,4,0:03,0,4,359792,1,245k,0,343964,323,2,283,38,0,12.9,0.8,0.0,86.4,0.0,0.0,0.0,0.0,15794.9 MiB,3196.8 MiB,2609.7 MiB,9988.4 MiB,4096.0 MiB,3682.5 MiB,413.5 MiB,12594.8 MiB
10,Python 3.11.3,binarytrees.py 21,44,1694535766,1852968,python,0:03.01,505392,343964,7732,0.0,2.1,3,4,0:03,0,4,359792,1,245k,0,343964,323,2,283,38,0,11.3,2.3,0.0,86.5,0.0,0.0,0.0,0.0,15794.9 MiB,3132.5 MiB,2674.0 MiB,9988.4 MiB,4096.0 MiB,3682.5 MiB,413.5 MiB,12530.5 MiB
10,Python 3.11.3,binarytrees.py 21,45,1694535767,1852968,python,0:03.01,505392,343964,7732,0.0,2.1,3,4,0:03,0,4,359792,1,245k,0,343964,323,2,283,38,0,9.8,3.0,0.0,87.1,0.0,0.0,0.0,0.0,15794.9 MiB,3063.3 MiB,2743.1 MiB,9988.5 MiB,4096.0 MiB,3682.5 MiB,413.5 MiB,12461.3 MiB
10,Python 3.11.3,binarytrees.py 21,46,1694535768,1852968,python,0:03.01,505392,343964,7732,0.0,2.1,3,4,0:03,0,4,359792,1,245k,0,343964,323,2,283,38,0,12.1,1.5,0.0,86.4,0.0,0.0,0.0,0.0,15794.9 MiB,3179.9 MiB,2626.5 MiB,9988.5 MiB,4096.0 MiB,3682.5 MiB,413.5 MiB,12577.8 MiB
10,Python 3.11.3,binarytrees.py 21,47,1694535769,1852968,python,0:03.01,505392,343964,7732,0.0,2.1,3,4,0:03,0,4,359792,1,245k,0,343964,323,2,283,38,0,13.3,1.5,0.0,85.2,0.0,0.0,0.0,0.0,15794.9 MiB,3190.0 MiB,2616.4 MiB,9988.5 MiB,4096.0 MiB,3682.5 MiB,413.5 MiB,12588.0 MiB
10,Python 3.11.3,binarytrees.py 21,48,1694535770,1852968,python,0:03.01,505392,343964,7732,0.0,2.1,3,4,0:03,0,4,359792,1,245k,0,343964,325,2,285,38,0,12.8,1.5,0.0,85.7,0.0,0.0,0.0,0.0,15794.9 MiB,3168.7 MiB,2637.8 MiB,9988.4 MiB,4096.0 MiB,3682.5 MiB,413.5 MiB,12566.6 MiB
10,Python 3.11.3,binarytrees.py 21,49,1694535771,1852968,python,0:03.01,505392,343964,7732,0.0,2.1,3,4,0:03,0,4,359792,1,245k,0,343964,325,2,285,38,0,12.7,2.2,0.0,85.1,0.0,0.0,0.0,0.0,15794.9 MiB,3101.7 MiB,2704.7 MiB,9988.4 MiB,4096.0 MiB,3682.5 MiB,413.5 MiB,12499.7 MiB
10,Python 3.11.3,binarytrees.py 21,50,1694535773,1852968,python,0:03.01,505392,343964,7732,0.0,2.1,3,4,0:03,0,4,359792,1,245k,0,343964,325,2,285,38,0,11.2,3.0,0.0,85.8,0.0,0.0,0.0,0.0,15794.9 MiB,3083.1 MiB,2723.3 MiB,9988.4 MiB,4096.0 MiB,3682.5 MiB,413.5 MiB,12481.1 MiB
10,Python 3.11.3,binarytrees.py 21,51,1694535774,1852968,python,0:03.01,505392,343964,7732,0.0,2.1,3,4,0:03,0,4,359792,1,245k,0,343964,325,2,285,38,0,12.8,0.8,0.0,86.5,0.0,0.0,0.0,0.0,15794.9 MiB,3185.7 MiB,2620.8 MiB,9988.4 MiB,4096.0 MiB,3682.5 MiB,413.5 MiB,12583.6 MiB
10,Python 3.11.3,binarytrees.py 21,52,1694535775,1852968,python,0:03.01,505392,343964,7732,0.0,2.1,3,4,0:03,0,4,359792,1,245k,0,343964,325,2,285,38,0,12.8,1.5,0.0,85.7,0.0,0.0,0.0,0.0,15794.9 MiB,3184.9 MiB,2621.5 MiB,9988.4 MiB,4096.0 MiB,3682.5 MiB,413.5 MiB,12582.9 MiB
10,Python 3.11.3,binarytrees.py 21,53,1694535776,1852968,python,0:03.01,505392,343964,7732,0.0,2.1,3,4,0:03,0,4,359792,1,245k,0,343964,325,2,285,38,0,11.2,3.0,0.0,85.8,0.0,0.0,0.0,0.0,15794.9 MiB,3126.8 MiB,2679.6 MiB,9988.4 MiB,4096.0 MiB,3682.5 MiB,413.5 MiB,12524.8 MiB
