version,appplication,time_elapsed,usec,Time_Of_Day_Seconds,APIC,X2APIC,Avg_MHz,Busy%,Bzy_MHz,TSC_MHz,IPC,IRQ,SMI,POLL,C1,C1E,C3,C6,C7s,C8,C9,C10,POLL%,C1%,C1E%,C3%,C6%,C7s%,C8%,C9%,C10%,CPU%c1,CPU%c3,CPU%c6,CPU%c7,CoreTmp,PkgTmp,GFX%rc6,GFXMHz,GFXAMHz,Totl%C0,Any%C0,GFX%C0,CPUGFX%,Pkg%pc2,Pkg%pc3,Pkg%pc6,Pkg%pc7,Pkg%pc8,Pkg%pc9,Pk%pc10,CPU%LPI,SYS%LPI,Pkg_J,Cor_J,GFX_J,RAM_J,PKG_%,RAM_%
g++-4.4 4.4.7,binaryTrees_2.c 21,19.1896,1677,1690255685.353630,0.00,0.00,455.10,12.80,3556.80,1896.00,2.52,16973.40,0.00,50.90,453.80,493.30,309.70,705.50,3.80,3273.60,686.80,7564.80,0.00,0.11,0.06,0.03,0.30,0.00,5.47,2.29,78.83,13.62,0.05,0.44,73.11,63.10,63.20,98.59,450.00,300.00,102.30,99.31,1.29,1.27,0.00,0.00,0.00,0.00,0.00,0.00,0.00,0.00,0.00,270.36,228.00,0.27,9.42,0.00,0.00
g++-4.6 4.6.4,binaryTrees_2.c 21,18.8033,1694.2,1690256273.564980,0.00,0.00,462.50,13.13,3521.60,1896.00,2.55,20153.60,0.00,225.10,2415.90,1482.00,706.80,1436.90,11.80,3882.60,746.80,8834.50,0.00,0.18,0.14,0.08,0.49,0.00,6.20,2.79,76.86,13.84,0.06,0.56,72.40,65.40,65.60,98.59,450.00,300.00,103.96,99.22,1.31,1.28,0.00,0.00,0.00,0.00,0.00,0.00,0.00,0.00,0.00,264.21,222.07,0.27,9.47,0.00,0.00
