version,appplication,no_measurement,timestamp,pid,command,time,virt,res,shr,percent_cpu,percent_mem,nTH,P,TIME,SWAP,CODE,DATA,nMaj,nMin,nDRT,USED,tasks_total,tasks_running,tasks_sleeping,tasks_stopped,tasks_zombie,cpu_us,cpu_sy,cpu_ni,cpu_id,cpu_wa,cpu_hi,cpu_si,cpu_st,mem_total,mem_free,mem_used,mem_buff_cache,swap_total,swap_free,swap_used,swap_avail,
Python 3.4.10,nbody.py 50000000,0,1691146106,552917,python,0:00.12,15288,8016,4736,75.0,0.0,1,0,0:00,0,4,3716,0,1906,0,8016,296,2,278,16,0,14.8,3.9,0.0,81.2,0.0,0.0,0.0,0.0,15795.0 MiB,4010.6 MiB,2015.1 MiB,9769.3 MiB,4096.0 MiB,4092.2 MiB,3.8 MiB,12982.6 MiB
Python 3.4.10,nbody.py 50000000,1,1691146107,552917,python,0:01.29,15288,8016,4736,100.0,0.0,1,0,0:01,0,4,3716,0,1906,0,8016,296,2,278,16,0,13.1,0.8,0.0,86.2,0.0,0.0,0.0,0.0,15795.0 MiB,4009.4 MiB,2016.0 MiB,9769.6 MiB,4096.0 MiB,4092.2 MiB,3.8 MiB,12981.5 MiB
Python 3.4.10,nbody.py 50000000,2,1691146108,552917,python,0:02.46,15288,8016,4736,93.8,0.0,1,0,0:02,0,4,3716,0,1906,0,8016,296,2,278,16,0,12.3,1.5,0.0,86.2,0.0,0.0,0.0,0.0,15795.0 MiB,4016.0 MiB,2017.2 MiB,9761.8 MiB,4096.0 MiB,4092.2 MiB,3.8 MiB,12988.1 MiB
Python 3.4.10,nbody.py 50000000,3,1691146109,552917,python,0:03.63,15288,8016,4736,100.0,0.0,1,0,0:03,0,4,3716,0,1906,0,8016,296,2,278,16,0,13.1,1.5,0.0,85.4,0.0,0.0,0.0,0.0,15795.0 MiB,4016.2 MiB,2017.1 MiB,9761.6 MiB,4096.0 MiB,4092.2 MiB,3.8 MiB,12988.4 MiB
Python 3.4.10,nbody.py 50000000,4,1691146110,552917,python,0:04.80,15288,8016,4736,93.8,0.0,1,0,0:04,0,4,3716,0,1906,0,8016,296,2,278,16,0,12.9,1.5,0.0,85.6,0.0,0.0,0.0,0.0,15795.0 MiB,4015.8 MiB,2017.6 MiB,9761.6 MiB,4096.0 MiB,4092.2 MiB,3.8 MiB,12987.9 MiB
Python 3.4.10,nbody.py 50000000,5,1691146112,552917,python,0:05.97,15288,8016,4736,100.0,0.0,1,0,0:05,0,4,3716,0,1906,0,8016,296,2,278,16,0,13.1,0.8,0.0,86.2,0.0,0.0,0.0,0.0,15795.0 MiB,4015.5 MiB,2017.8 MiB,9761.6 MiB,4096.0 MiB,4092.2 MiB,3.8 MiB,12987.6 MiB
Python 3.4.10,nbody.py 50000000,6,1691146113,552917,python,0:07.14,15288,8016,4736,93.8,0.0,1,0,0:07,0,4,3716,0,1906,0,8016,296,2,278,16,0,13.6,0.8,0.0,85.6,0.0,0.0,0.0,0.0,15795.0 MiB,4015.3 MiB,2018.1 MiB,9761.6 MiB,4096.0 MiB,4092.2 MiB,3.8 MiB,12987.4 MiB
Python 3.4.10,nbody.py 50000000,7,1691146114,552917,python,0:08.31,15288,8016,4736,100.0,0.0,1,0,0:08,0,4,3716,0,1906,0,8016,296,2,278,16,0,13.1,0.0,0.0,86.9,0.0,0.0,0.0,0.0,15795.0 MiB,4015.0 MiB,2018.3 MiB,9761.6 MiB,4096.0 MiB,4092.2 MiB,3.8 MiB,12987.1 MiB
Python 3.4.10,nbody.py 50000000,8,1691146115,552917,python,0:09.48,15288,8016,4736,93.8,0.0,1,0,0:09,0,4,3716,0,1906,0,8016,296,2,278,16,0,13.0,0.8,0.0,86.3,0.0,0.0,0.0,0.0,15795.0 MiB,4015.0 MiB,2018.3 MiB,9761.6 MiB,4096.0 MiB,4092.2 MiB,3.8 MiB,12987.1 MiB
Python 3.4.10,nbody.py 50000000,9,1691146116,552917,python,0:10.65,15288,8016,4736,93.8,0.0,1,0,0:10,0,4,3716,0,1906,0,8016,296,2,278,16,0,12.3,0.8,0.0,86.9,0.0,0.0,0.0,0.0,15795.0 MiB,4015.3 MiB,2018.1 MiB,9761.6 MiB,4096.0 MiB,4092.2 MiB,3.8 MiB,12987.4 MiB
Python 3.4.10,nbody.py 50000000,10,1691146117,552917,python,0:11.82,15288,8016,4736,93.8,0.0,1,0,0:11,0,4,3716,0,1906,0,8016,296,2,278,16,0,13.6,0.8,0.0,85.6,0.0,0.0,0.0,0.0,15795.0 MiB,4014.8 MiB,2018.6 MiB,9761.6 MiB,4096.0 MiB,4092.2 MiB,3.8 MiB,12986.9 MiB
Python 3.4.10,nbody.py 50000000,11,1691146119,552917,python,0:12.99,15288,8016,4736,93.8,0.0,1,0,0:12,0,4,3716,0,1906,0,8016,296,2,278,16,0,13.1,0.8,0.0,86.2,0.0,0.0,0.0,0.0,15795.0 MiB,4015.3 MiB,2018.1 MiB,9761.6 MiB,4096.0 MiB,4092.2 MiB,3.8 MiB,12987.4 MiB
Python 3.4.10,nbody.py 50000000,12,1691146120,552917,python,0:14.16,15288,8016,4736,100.0,0.0,1,0,0:14,0,4,3716,0,1906,0,8016,296,2,278,16,0,12.6,0.0,0.0,87.4,0.0,0.0,0.0,0.0,15795.0 MiB,4015.3 MiB,2018.1 MiB,9761.7 MiB,4096.0 MiB,4092.2 MiB,3.8 MiB,12987.4 MiB
Python 3.4.10,nbody.py 50000000,13,1691146121,552917,python,0:15.33,15288,8016,4736,100.0,0.0,1,4,0:15,0,4,3716,0,1906,0,8016,296,2,278,16,0,12.9,1.5,0.0,85.6,0.0,0.0,0.0,0.0,15795.0 MiB,4015.3 MiB,2018.0 MiB,9761.7 MiB,4096.0 MiB,4092.2 MiB,3.8 MiB,12987.4 MiB
Python 3.4.10,nbody.py 50000000,14,1691146122,552917,python,0:16.51,15288,8016,4736,100.0,0.0,1,4,0:16,0,4,3716,0,1906,0,8016,296,2,278,16,0,13.1,0.8,0.0,86.2,0.0,0.0,0.0,0.0,15795.0 MiB,4014.5 MiB,2018.8 MiB,9761.7 MiB,4096.0 MiB,4092.2 MiB,3.8 MiB,12986.7 MiB
Python 3.4.10,nbody.py 50000000,15,1691146123,552917,python,0:17.67,15288,8016,4736,100.0,0.0,1,4,0:17,0,4,3716,0,1906,0,8016,296,2,278,16,0,12.3,0.8,0.0,86.9,0.0,0.0,0.0,0.0,15795.0 MiB,4014.8 MiB,2018.5 MiB,9761.7 MiB,4096.0 MiB,4092.2 MiB,3.8 MiB,12986.9 MiB
Python 3.4.10,nbody.py 50000000,16,1691146124,552917,python,0:18.85,15288,8016,4736,100.0,0.0,1,4,0:18,0,4,3716,0,1906,0,8016,296,2,278,16,0,12.3,1.5,0.0,86.2,0.0,0.0,0.0,0.0,15795.0 MiB,4015.0 MiB,2018.3 MiB,9761.7 MiB,4096.0 MiB,4092.2 MiB,3.8 MiB,12987.2 MiB
Python 3.4.10,nbody.py 50000000,17,1691146126,552917,python,0:20.01,15288,8016,4736,100.0,0.0,1,4,0:20,0,4,3716,0,1906,0,8016,296,2,278,16,0,13.0,1.5,0.0,85.5,0.0,0.0,0.0,0.0,15795.0 MiB,4013.8 MiB,2019.5 MiB,9761.7 MiB,4096.0 MiB,4092.2 MiB,3.8 MiB,12986.0 MiB
Python 3.4.10,nbody.py 50000000,18,1691146127,552917,python,0:21.19,15288,8016,4736,100.0,0.0,1,4,0:21,0,4,3716,0,1906,0,8016,296,2,278,16,0,13.2,0.8,0.0,86.0,0.0,0.0,0.0,0.0,15795.0 MiB,4013.8 MiB,2019.5 MiB,9761.7 MiB,4096.0 MiB,4092.2 MiB,3.8 MiB,12986.0 MiB
Python 3.4.10,nbody.py 50000000,19,1691146128,552917,python,0:22.35,15288,8016,4736,100.0,0.0,1,4,0:22,0,4,3716,0,1906,0,8016,296,2,278,16,0,13.7,0.8,0.0,85.5,0.0,0.0,0.0,0.0,15795.0 MiB,4013.8 MiB,2019.5 MiB,9761.7 MiB,4096.0 MiB,4092.2 MiB,3.8 MiB,12986.0 MiB
Python 3.4.10,nbody.py 50000000,20,1691146129,552917,python,0:23.53,15288,8016,4736,100.0,0.0,1,4,0:23,0,4,3716,0,1906,0,8016,296,2,278,16,0,13.1,0.8,0.0,86.2,0.0,0.0,0.0,0.0,15795.0 MiB,4013.1 MiB,2020.2 MiB,9761.7 MiB,4096.0 MiB,4092.2 MiB,3.8 MiB,12985.2 MiB
Python 3.4.10,nbody.py 50000000,21,1691146130,552917,python,0:24.69,15288,8016,4736,100.0,0.0,1,0,0:24,0,4,3716,0,1906,0,8016,296,2,278,16,0,14.4,0.8,0.0,84.8,0.0,0.0,0.0,0.0,15795.0 MiB,4013.1 MiB,2020.2 MiB,9761.7 MiB,4096.0 MiB,4092.2 MiB,3.8 MiB,12985.2 MiB
Python 3.4.10,nbody.py 50000000,22,1691146132,552917,python,0:25.87,15288,8016,4736,100.0,0.0,1,0,0:25,0,4,3716,0,1906,0,8016,296,2,278,16,0,13.1,0.8,0.0,86.2,0.0,0.0,0.0,0.0,15795.0 MiB,4012.6 MiB,2020.7 MiB,9761.7 MiB,4096.0 MiB,4092.2 MiB,3.8 MiB,12984.8 MiB
Python 3.4.10,nbody.py 50000000,23,1691146133,552917,python,0:27.03,15288,8016,4736,100.0,0.0,1,0,0:27,0,4,3716,0,1906,0,8016,296,2,278,16,0,14.4,0.8,0.0,84.8,0.0,0.0,0.0,0.0,15795.0 MiB,4013.3 MiB,2020.0 MiB,9761.7 MiB,4096.0 MiB,4092.2 MiB,3.8 MiB,12985.5 MiB
Python 3.4.10,nbody.py 50000000,24,1691146134,552917,python,0:28.21,15288,8016,4736,100.0,0.0,1,0,0:28,0,4,3716,0,1906,0,8016,296,2,278,16,0,12.5,2.9,0.0,84.6,0.0,0.0,0.0,0.0,15795.0 MiB,4013.6 MiB,2019.7 MiB,9761.7 MiB,4096.0 MiB,4092.2 MiB,3.8 MiB,12985.7 MiB
Python 3.4.10,nbody.py 50000000,25,1691146135,552917,python,0:29.39,15288,8016,4736,100.0,0.0,1,0,0:29,0,4,3716,0,1906,0,8016,296,2,278,16,0,12.8,1.5,0.0,85.7,0.0,0.0,0.0,0.0,15795.0 MiB,4013.3 MiB,2020.0 MiB,9761.7 MiB,4096.0 MiB,4092.2 MiB,3.8 MiB,12985.5 MiB
Python 3.4.10,nbody.py 50000000,26,1691146136,552917,python,0:30.55,15288,8016,4736,100.0,0.0,1,0,0:30,0,4,3716,0,1906,0,8016,296,2,278,16,0,13.1,0.8,0.0,86.2,0.0,0.0,0.0,0.0,15795.0 MiB,4013.1 MiB,2020.2 MiB,9761.7 MiB,4096.0 MiB,4092.2 MiB,3.8 MiB,12985.3 MiB
Python 3.4.10,nbody.py 50000000,27,1691146137,552917,python,0:31.73,15288,8016,4736,100.0,0.0,1,0,0:31,0,4,3716,0,1906,0,8016,296,2,278,16,0,13.0,0.8,0.0,86.3,0.0,0.0,0.0,0.0,15795.0 MiB,4013.1 MiB,2020.2 MiB,9761.7 MiB,4096.0 MiB,4092.2 MiB,3.8 MiB,12985.3 MiB
Python 3.4.10,nbody.py 50000000,28,1691146139,552917,python,0:32.90,15288,8016,4736,100.0,0.0,1,0,0:32,0,4,3716,0,1906,0,8016,296,2,278,16,0,13.0,0.8,0.0,86.3,0.0,0.0,0.0,0.0,15795.0 MiB,4012.4 MiB,2020.9 MiB,9761.7 MiB,4096.0 MiB,4092.2 MiB,3.8 MiB,12984.5 MiB
Python 3.4.10,nbody.py 50000000,29,1691146140,552917,python,0:34.06,15288,8016,4736,93.8,0.0,1,4,0:34,0,4,3716,0,1906,0,8016,296,2,278,16,0,13.1,0.8,0.0,86.2,0.0,0.0,0.0,0.0,15795.0 MiB,4012.6 MiB,2020.7 MiB,9761.7 MiB,4096.0 MiB,4092.2 MiB,3.8 MiB,12984.8 MiB
Python 3.4.10,nbody.py 50000000,30,1691146141,552917,python,0:35.23,15288,8016,4736,93.8,0.0,1,0,0:35,0,4,3716,0,1906,0,8016,296,2,278,16,0,12.9,1.5,0.0,85.6,0.0,0.0,0.0,0.0,15795.0 MiB,4013.1 MiB,2020.2 MiB,9761.7 MiB,4096.0 MiB,4092.2 MiB,3.8 MiB,12985.3 MiB
Python 3.4.10,nbody.py 50000000,31,1691146142,552917,python,0:36.40,15288,8016,4736,93.8,0.0,1,0,0:36,0,4,3716,0,1906,0,8016,296,2,278,16,0,13.2,0.8,0.0,86.0,0.0,0.0,0.0,0.0,15795.0 MiB,4013.1 MiB,2020.2 MiB,9761.7 MiB,4096.0 MiB,4092.2 MiB,3.8 MiB,12985.3 MiB
Python 3.4.10,nbody.py 50000000,32,1691146143,552917,python,0:37.58,15288,8016,4736,100.0,0.0,1,0,0:37,0,4,3716,0,1906,0,8016,296,2,278,16,0,13.1,0.8,0.0,85.4,0.8,0.0,0.0,0.0,15795.0 MiB,4012.6 MiB,2020.7 MiB,9761.7 MiB,4096.0 MiB,4092.2 MiB,3.8 MiB,12984.8 MiB
Python 3.4.10,nbody.py 50000000,33,1691146144,552917,python,0:38.74,15288,8016,4736,93.8,0.0,1,0,0:38,0,4,3716,0,1906,0,8016,296,2,278,16,0,13.1,0.8,0.0,86.2,0.0,0.0,0.0,0.0,15795.0 MiB,4012.9 MiB,2020.4 MiB,9761.7 MiB,4096.0 MiB,4092.2 MiB,3.8 MiB,12985.0 MiB
Python 3.4.10,nbody.py 50000000,34,1691146146,552917,python,0:39.92,15288,8016,4736,100.0,0.0,1,0,0:39,0,4,3716,0,1906,0,8016,296,2,278,16,0,13.0,0.8,0.0,86.3,0.0,0.0,0.0,0.0,15795.0 MiB,4013.1 MiB,2020.2 MiB,9761.7 MiB,4096.0 MiB,4092.2 MiB,3.8 MiB,12985.3 MiB
Python 3.4.10,nbody.py 50000000,35,1691146147,552917,python,0:41.09,15288,8016,4736,100.0,0.0,1,0,0:41,0,4,3716,0,1906,0,8016,296,2,278,16,0,13.3,0.7,0.0,85.9,0.0,0.0,0.0,0.0,15795.0 MiB,4012.9 MiB,2020.4 MiB,9761.7 MiB,4096.0 MiB,4092.2 MiB,3.8 MiB,12985.0 MiB
Python 3.4.10,nbody.py 50000000,36,1691146148,552917,python,0:42.26,15288,8016,4736,93.8,0.0,1,0,0:42,0,4,3716,0,1906,0,8016,296,2,278,16,0,13.2,0.0,0.0,86.8,0.0,0.0,0.0,0.0,15795.0 MiB,4012.4 MiB,2020.9 MiB,9761.7 MiB,4096.0 MiB,4092.2 MiB,3.8 MiB,12984.6 MiB
Python 3.4.10,nbody.py 50000000,37,1691146149,552917,python,0:43.44,15288,8016,4736,100.0,0.0,1,4,0:43,0,4,3716,0,1906,0,8016,296,2,278,16,0,13.0,1.5,0.0,85.5,0.0,0.0,0.0,0.0,15795.0 MiB,4012.4 MiB,2020.9 MiB,9761.7 MiB,4096.0 MiB,4092.2 MiB,3.8 MiB,12984.6 MiB
Python 3.4.10,nbody.py 50000000,38,1691146150,552917,python,0:44.60,15288,8016,4736,93.8,0.0,1,4,0:44,0,4,3716,0,1906,0,8016,296,2,278,16,0,13.0,1.5,0.0,85.5,0.0,0.0,0.0,0.0,15795.0 MiB,4012.6 MiB,2020.6 MiB,9761.7 MiB,4096.0 MiB,4092.2 MiB,3.8 MiB,12984.8 MiB
Python 3.4.10,nbody.py 50000000,39,1691146151,552917,python,0:45.78,15288,8016,4736,100.0,0.0,1,4,0:45,0,4,3716,0,1906,0,8016,296,2,278,16,0,13.1,0.8,0.0,86.2,0.0,0.0,0.0,0.0,15795.0 MiB,4012.6 MiB,2020.6 MiB,9761.7 MiB,4096.0 MiB,4092.2 MiB,3.8 MiB,12984.8 MiB
Python 3.4.10,nbody.py 50000000,40,1691146153,552917,python,0:46.94,15288,8016,4736,93.8,0.0,1,0,0:46,0,4,3716,0,1906,0,8016,297,2,279,16,0,12.4,0.0,0.0,87.6,0.0,0.0,0.0,0.0,15795.0 MiB,4012.6 MiB,2020.6 MiB,9761.7 MiB,4096.0 MiB,4092.2 MiB,3.8 MiB,12984.8 MiB
Python 3.4.10,nbody.py 50000000,41,1691146154,552917,python,0:48.12,15288,8016,4736,100.0,0.0,1,0,0:48,0,4,3716,0,1906,0,8016,297,2,279,16,0,12.9,1.5,0.0,85.6,0.0,0.0,0.0,0.0,15795.0 MiB,4012.4 MiB,2020.9 MiB,9761.7 MiB,4096.0 MiB,4092.2 MiB,3.8 MiB,12984.6 MiB
Python 3.4.10,nbody.py 50000000,42,1691146155,552917,python,0:49.29,15288,8016,4736,100.0,0.0,1,0,0:49,0,4,3716,0,1906,0,8016,297,2,279,16,0,13.1,0.8,0.0,86.2,0.0,0.0,0.0,0.0,15795.0 MiB,4012.4 MiB,2020.9 MiB,9761.7 MiB,4096.0 MiB,4092.2 MiB,3.8 MiB,12984.6 MiB
Python 3.4.10,nbody.py 50000000,43,1691146156,552917,python,0:50.46,15288,8016,4736,100.0,0.0,1,0,0:50,0,4,3716,0,1906,0,8016,296,2,278,16,0,13.0,1.5,0.0,85.5,0.0,0.0,0.0,0.0,15795.0 MiB,4013.1 MiB,2020.1 MiB,9761.7 MiB,4096.0 MiB,4092.2 MiB,3.8 MiB,12985.3 MiB
Python 3.4.10,nbody.py 50000000,44,1691146157,552917,python,0:51.63,15288,8016,4736,100.0,0.0,1,0,0:51,0,4,3716,0,1906,0,8016,296,2,278,16,0,13.0,2.3,0.0,84.7,0.0,0.0,0.0,0.0,15795.0 MiB,4013.3 MiB,2019.9 MiB,9761.7 MiB,4096.0 MiB,4092.2 MiB,3.8 MiB,12985.6 MiB
Python 3.4.10,nbody.py 50000000,45,1691146158,552917,python,0:52.80,15288,8016,4736,100.0,0.0,1,0,0:52,0,4,3716,0,1906,0,8016,296,2,278,16,0,13.2,0.0,0.0,86.8,0.0,0.0,0.0,0.0,15795.0 MiB,4013.3 MiB,2019.9 MiB,9761.7 MiB,4096.0 MiB,4092.2 MiB,3.8 MiB,12985.6 MiB
Python 3.4.10,nbody.py 50000000,46,1691146160,552917,python,0:53.97,15288,8016,4736,100.0,0.0,1,4,0:53,0,4,3716,0,1906,0,8016,296,2,278,16,0,13.0,1.5,0.0,85.5,0.0,0.0,0.0,0.0,15795.0 MiB,4013.6 MiB,2019.6 MiB,9761.8 MiB,4096.0 MiB,4092.2 MiB,3.8 MiB,12985.8 MiB
Python 3.4.10,nbody.py 50000000,47,1691146161,552917,python,0:55.14,15288,8016,4736,100.0,0.0,1,4,0:55,0,4,3716,0,1906,0,8016,296,2,278,16,0,12.3,0.8,0.0,86.9,0.0,0.0,0.0,0.0,15795.0 MiB,4013.6 MiB,2019.6 MiB,9761.8 MiB,4096.0 MiB,4092.2 MiB,3.8 MiB,12985.8 MiB
Python 3.4.10,nbody.py 50000000,48,1691146162,552917,python,0:56.31,15288,8016,4736,100.0,0.0,1,4,0:56,0,4,3716,0,1906,0,8016,296,2,278,16,0,13.0,1.5,0.0,85.5,0.0,0.0,0.0,0.0,15795.0 MiB,4013.6 MiB,2019.6 MiB,9761.8 MiB,4096.0 MiB,4092.2 MiB,3.8 MiB,12985.8 MiB
Python 3.4.10,nbody.py 50000000,49,1691146163,552917,python,0:57.48,15288,8016,4736,100.0,0.0,1,4,0:57,0,4,3716,0,1906,0,8016,296,2,278,16,0,12.5,0.0,0.0,87.5,0.0,0.0,0.0,0.0,15795.0 MiB,4013.3 MiB,2019.9 MiB,9761.8 MiB,4096.0 MiB,4092.2 MiB,3.8 MiB,12985.6 MiB
Python 3.4.10,nbody.py 50000000,50,1691146164,552917,python,0:58.65,15288,8016,4736,100.0,0.0,1,4,0:58,0,4,3716,0,1906,0,8016,296,2,278,16,0,13.8,0.8,0.0,85.4,0.0,0.0,0.0,0.0,15795.0 MiB,4044.1 MiB,1989.1 MiB,9761.8 MiB,4096.0 MiB,4092.2 MiB,3.8 MiB,13016.4 MiB
Python 3.4.10,nbody.py 50000000,51,1691146165,552917,python,0:59.82,15288,8016,4736,100.0,0.0,1,0,0:59,0,4,3716,0,1906,0,8016,296,2,278,16,0,13.1,0.8,0.0,86.2,0.0,0.0,0.0,0.0,15795.0 MiB,4044.1 MiB,1989.1 MiB,9761.8 MiB,4096.0 MiB,4092.2 MiB,3.8 MiB,13016.4 MiB
Python 3.4.10,nbody.py 50000000,52,1691146167,552917,python,1:00.99,15288,8016,4736,100.0,0.0,1,0,1:00,0,4,3716,0,1906,0,8016,296,2,278,16,0,13.1,0.8,0.0,86.2,0.0,0.0,0.0,0.0,15795.0 MiB,4044.6 MiB,1988.6 MiB,9761.8 MiB,4096.0 MiB,4092.2 MiB,3.8 MiB,13016.8 MiB
Python 3.4.10,nbody.py 50000000,53,1691146168,552917,python,1:02.16,15288,8016,4736,100.0,0.0,1,0,1:02,0,4,3716,0,1906,0,8016,296,2,278,16,0,13.0,0.8,0.0,86.3,0.0,0.0,0.0,0.0,15795.0 MiB,4044.6 MiB,1988.6 MiB,9761.8 MiB,4096.0 MiB,4092.2 MiB,3.8 MiB,13016.8 MiB
Python 3.4.10,nbody.py 50000000,54,1691146169,552917,python,1:03.33,15288,8016,4736,100.0,0.0,1,4,1:03,0,4,3716,0,1906,0,8016,296,2,278,16,0,12.4,0.8,0.0,86.8,0.0,0.0,0.0,0.0,15795.0 MiB,4043.9 MiB,1989.3 MiB,9761.8 MiB,4096.0 MiB,4092.2 MiB,3.8 MiB,13016.1 MiB
Python 3.4.10,nbody.py 50000000,55,1691146170,552917,python,1:04.50,15288,8016,4736,100.0,0.0,1,4,1:04,0,4,3716,0,1906,0,8016,296,2,278,16,0,12.4,0.8,0.0,86.8,0.0,0.0,0.0,0.0,15795.0 MiB,4044.1 MiB,1989.1 MiB,9761.8 MiB,4096.0 MiB,4092.2 MiB,3.8 MiB,13016.4 MiB
Python 3.4.10,nbody.py 50000000,56,1691146171,552917,python,1:05.67,15288,8016,4736,100.0,0.0,1,0,1:05,0,4,3716,0,1906,0,8016,296,2,278,16,0,13.2,0.0,0.0,86.8,0.0,0.0,0.0,0.0,15795.0 MiB,4043.9 MiB,1989.3 MiB,9761.8 MiB,4096.0 MiB,4092.2 MiB,3.8 MiB,13016.1 MiB
Python 3.4.10,nbody.py 50000000,57,1691146172,552917,python,1:06.84,15288,8016,4736,100.0,0.0,1,0,1:06,0,4,3716,0,1906,0,8016,296,2,278,16,0,13.1,0.8,0.0,86.2,0.0,0.0,0.0,0.0,15795.0 MiB,4043.4 MiB,1989.8 MiB,9761.8 MiB,4096.0 MiB,4092.2 MiB,3.8 MiB,13015.6 MiB
Python 3.4.10,nbody.py 50000000,58,1691146174,552917,python,1:08.01,15288,8016,4736,93.8,0.0,1,0,1:08,0,4,3716,0,1906,0,8016,296,2,278,16,0,13.0,1.5,0.0,85.5,0.0,0.0,0.0,0.0,15795.0 MiB,4043.6 MiB,1989.6 MiB,9761.8 MiB,4096.0 MiB,4092.2 MiB,3.8 MiB,13015.9 MiB
Python 3.4.10,nbody.py 50000000,59,1691146175,552917,python,1:09.18,15288,8016,4736,100.0,0.0,1,0,1:09,0,4,3716,0,1906,0,8016,296,2,278,16,0,12.4,0.8,0.0,86.8,0.0,0.0,0.0,0.0,15795.0 MiB,4043.4 MiB,1989.8 MiB,9761.8 MiB,4096.0 MiB,4092.2 MiB,3.8 MiB,13015.6 MiB
Python 3.4.10,nbody.py 50000000,60,1691146176,552917,python,1:10.35,15288,8016,4736,100.0,0.0,1,0,1:10,0,4,3716,0,1906,0,8016,296,2,278,16,0,12.3,1.5,0.0,86.2,0.0,0.0,0.0,0.0,15795.0 MiB,4043.4 MiB,1989.8 MiB,9761.8 MiB,4096.0 MiB,4092.2 MiB,3.8 MiB,13015.6 MiB
Python 3.4.10,nbody.py 50000000,61,1691146177,552917,python,1:11.52,15288,8016,4736,100.0,0.0,1,0,1:11,0,4,3716,0,1906,0,8016,296,2,278,16,0,12.4,0.8,0.0,86.0,0.8,0.0,0.0,0.0,15795.0 MiB,4043.4 MiB,1989.8 MiB,9761.8 MiB,4096.0 MiB,4092.2 MiB,3.8 MiB,13015.6 MiB
Python 3.4.10,nbody.py 50000000,62,1691146178,552917,python,1:12.69,15288,8016,4736,100.0,0.0,1,0,1:12,0,4,3716,0,1906,0,8016,296,2,278,16,0,13.1,0.8,0.0,86.2,0.0,0.0,0.0,0.0,15795.0 MiB,4043.1 MiB,1990.0 MiB,9761.8 MiB,4096.0 MiB,4092.2 MiB,3.8 MiB,13015.4 MiB
Python 3.4.10,nbody.py 50000000,63,1691146180,552917,python,1:13.86,15288,8016,4736,100.0,0.0,1,0,1:13,0,4,3716,0,1906,0,8016,296,2,278,16,0,12.4,1.6,0.0,86.0,0.0,0.0,0.0,0.0,15795.0 MiB,4043.1 MiB,1990.0 MiB,9761.8 MiB,4096.0 MiB,4092.2 MiB,3.8 MiB,13015.4 MiB
Python 3.4.10,nbody.py 50000000,64,1691146181,552917,python,1:15.03,15288,8016,4736,100.0,0.0,1,0,1:15,0,4,3716,0,1906,0,8016,296,2,278,16,0,13.0,0.8,0.0,86.3,0.0,0.0,0.0,0.0,15795.0 MiB,4042.9 MiB,1990.3 MiB,9761.8 MiB,4096.0 MiB,4092.2 MiB,3.8 MiB,13015.2 MiB
Python 3.4.10,nbody.py 50000000,65,1691146182,552917,python,1:16.20,15288,8016,4736,100.0,0.0,1,0,1:16,0,4,3716,0,1906,0,8016,296,2,278,16,0,12.2,1.5,0.0,86.3,0.0,0.0,0.0,0.0,15795.0 MiB,4042.6 MiB,1990.5 MiB,9761.8 MiB,4096.0 MiB,4092.2 MiB,3.8 MiB,13014.9 MiB
Python 3.4.10,nbody.py 50000000,66,1691146183,552917,python,1:17.37,15288,8016,4736,100.0,0.0,1,0,1:17,0,4,3716,0,1906,0,8016,296,2,278,16,0,13.8,0.8,0.0,85.4,0.0,0.0,0.0,0.0,15795.0 MiB,4042.9 MiB,1990.3 MiB,9761.8 MiB,4096.0 MiB,4092.2 MiB,3.8 MiB,13015.2 MiB
Python 3.4.10,nbody.py 50000000,67,1691146184,552917,python,1:18.54,15288,8016,4736,100.0,0.0,1,0,1:18,0,4,3716,0,1906,0,8016,297,2,279,16,0,13.0,0.8,0.0,86.3,0.0,0.0,0.0,0.0,15795.0 MiB,4042.9 MiB,1990.3 MiB,9761.8 MiB,4096.0 MiB,4092.2 MiB,3.8 MiB,13015.2 MiB
Python 3.4.10,nbody.py 50000000,68,1691146185,552917,python,1:19.71,15288,8016,4736,100.0,0.0,1,0,1:19,0,4,3716,0,1906,0,8016,297,2,279,16,0,12.4,0.8,0.0,86.8,0.0,0.0,0.0,0.0,15795.0 MiB,4042.6 MiB,1990.5 MiB,9761.8 MiB,4096.0 MiB,4092.2 MiB,3.8 MiB,13014.9 MiB
Python 3.4.10,nbody.py 50000000,69,1691146187,552917,python,1:20.88,15288,8016,4736,100.0,0.0,1,0,1:20,0,4,3716,0,1906,0,8016,297,2,279,16,0,13.1,0.8,0.0,86.2,0.0,0.0,0.0,0.0,15795.0 MiB,4042.9 MiB,1990.3 MiB,9761.8 MiB,4096.0 MiB,4092.2 MiB,3.8 MiB,13015.2 MiB
Python 3.4.10,nbody.py 50000000,70,1691146188,552917,python,1:22.05,15288,8016,4736,100.0,0.0,1,0,1:22,0,4,3716,0,1906,0,8016,296,2,278,16,0,13.8,0.0,0.0,86.2,0.0,0.0,0.0,0.0,15795.0 MiB,4042.9 MiB,1990.3 MiB,9761.8 MiB,4096.0 MiB,4092.2 MiB,3.8 MiB,13015.2 MiB
Python 3.4.10,nbody.py 50000000,71,1691146189,552917,python,1:23.22,15288,8016,4736,100.0,0.0,1,0,1:23,0,4,3716,0,1906,0,8016,296,2,278,16,0,13.0,0.8,0.0,86.3,0.0,0.0,0.0,0.0,15795.0 MiB,4042.9 MiB,1990.2 MiB,9761.8 MiB,4096.0 MiB,4092.2 MiB,3.8 MiB,13015.2 MiB
Python 3.4.10,nbody.py 50000000,72,1691146190,552917,python,1:24.39,15288,8016,4736,100.0,0.0,1,0,1:24,0,4,3716,0,1906,0,8016,296,2,278,16,0,13.1,0.8,0.0,86.2,0.0,0.0,0.0,0.0,15795.0 MiB,4042.4 MiB,1990.7 MiB,9761.8 MiB,4096.0 MiB,4092.2 MiB,3.8 MiB,13014.7 MiB
Python 3.4.10,nbody.py 50000000,73,1691146191,552917,python,1:25.56,15288,8016,4736,100.0,0.0,1,0,1:25,0,4,3716,0,1906,0,8016,296,2,278,16,0,13.0,0.8,0.0,86.3,0.0,0.0,0.0,0.0,15795.0 MiB,4042.4 MiB,1990.7 MiB,9761.8 MiB,4096.0 MiB,4092.2 MiB,3.8 MiB,13014.7 MiB
Python 3.4.10,nbody.py 50000000,74,1691146192,552917,python,1:26.73,15288,8016,4736,100.0,0.0,1,4,1:26,0,4,3716,0,1906,0,8016,296,2,278,16,0,13.1,0.8,0.0,86.2,0.0,0.0,0.0,0.0,15795.0 MiB,4042.4 MiB,1990.7 MiB,9761.8 MiB,4096.0 MiB,4092.2 MiB,3.8 MiB,13014.7 MiB
Python 3.4.10,nbody.py 50000000,75,1691146194,552917,python,1:27.90,15288,8016,4736,93.8,0.0,1,0,1:27,0,4,3716,0,1906,0,8016,296,2,278,16,0,13.1,1.5,0.0,85.4,0.0,0.0,0.0,0.0,15795.0 MiB,4042.4 MiB,1990.7 MiB,9761.9 MiB,4096.0 MiB,4092.2 MiB,3.8 MiB,13014.7 MiB
Python 3.4.10,nbody.py 50000000,76,1691146195,552917,python,1:29.07,15288,8016,4736,93.8,0.0,1,0,1:29,0,4,3716,0,1906,0,8016,296,2,278,16,0,13.0,1.5,0.0,85.5,0.0,0.0,0.0,0.0,15795.0 MiB,4042.4 MiB,1990.7 MiB,9761.9 MiB,4096.0 MiB,4092.2 MiB,3.8 MiB,13014.7 MiB
Python 3.4.10,nbody.py 50000000,77,1691146196,552917,python,1:30.25,15288,8016,4736,100.0,0.0,1,0,1:30,0,4,3716,0,1906,0,8016,296,2,278,16,0,12.5,1.5,0.0,86.0,0.0,0.0,0.0,0.0,15795.0 MiB,4042.4 MiB,1990.7 MiB,9761.9 MiB,4096.0 MiB,4092.2 MiB,3.8 MiB,13014.7 MiB
Python 3.4.10,nbody.py 50000000,78,1691146197,552917,python,1:31.42,15288,8016,4736,93.8,0.0,1,0,1:31,0,4,3716,0,1906,0,8016,296,2,278,16,0,12.5,0.0,0.0,87.5,0.0,0.0,0.0,0.0,15795.0 MiB,4042.6 MiB,1990.5 MiB,9761.9 MiB,4096.0 MiB,4092.2 MiB,3.8 MiB,13015.0 MiB
Python 3.4.10,nbody.py 50000000,79,1691146198,552917,python,1:32.59,15288,8016,4736,93.8,0.0,1,4,1:32,0,4,3716,0,1906,0,8016,296,2,278,16,0,13.1,0.8,0.0,86.2,0.0,0.0,0.0,0.0,15795.0 MiB,4042.6 MiB,1990.5 MiB,9761.9 MiB,4096.0 MiB,4092.2 MiB,3.8 MiB,13015.0 MiB
Python 3.4.10,nbody.py 50000000,80,1691146199,552917,python,1:33.76,15288,8016,4736,93.8,0.0,1,0,1:33,0,4,3716,0,1906,0,8016,296,2,278,16,0,12.9,0.8,0.0,84.8,1.5,0.0,0.0,0.0,15795.0 MiB,4042.6 MiB,1990.4 MiB,9761.9 MiB,4096.0 MiB,4092.2 MiB,3.8 MiB,13015.0 MiB
Python 3.4.10,nbody.py 50000000,81,1691146201,552917,python,1:34.94,15288,8016,4736,100.0,0.0,1,0,1:34,0,4,3716,0,1906,0,8016,296,2,278,16,0,13.1,1.5,0.0,85.4,0.0,0.0,0.0,0.0,15795.0 MiB,4042.9 MiB,1990.4 MiB,9761.7 MiB,4096.0 MiB,4092.2 MiB,3.8 MiB,13015.2 MiB
Python 3.4.10,nbody.py 50000000,82,1691146202,552917,python,1:36.11,15288,8016,4736,93.8,0.0,1,0,1:36,0,4,3716,0,1906,0,8016,297,2,279,16,0,13.8,0.8,0.0,85.4,0.0,0.0,0.0,0.0,15795.0 MiB,4043.4 MiB,1989.9 MiB,9761.7 MiB,4096.0 MiB,4092.2 MiB,3.8 MiB,13015.7 MiB
Python 3.4.10,nbody.py 50000000,83,1691146203,552917,python,1:37.29,15288,8016,4736,100.0,0.0,1,0,1:37,0,4,3716,0,1906,0,8016,297,2,279,16,0,12.3,1.5,0.0,86.2,0.0,0.0,0.0,0.0,15795.0 MiB,4043.4 MiB,1989.9 MiB,9761.7 MiB,4096.0 MiB,4092.2 MiB,3.8 MiB,13015.7 MiB
Python 3.4.10,nbody.py 50000000,84,1691146204,552917,python,1:38.45,15288,8016,4736,93.8,0.0,1,0,1:38,0,4,3716,0,1906,0,8016,297,2,279,16,0,12.4,0.8,0.0,86.8,0.0,0.0,0.0,0.0,15795.0 MiB,4043.1 MiB,1990.1 MiB,9761.7 MiB,4096.0 MiB,4092.2 MiB,3.8 MiB,13015.5 MiB
Python 3.4.10,nbody.py 50000000,85,1691146205,552917,python,1:39.63,15288,8016,4736,100.0,0.0,1,0,1:39,0,4,3716,0,1906,0,8016,296,2,278,16,0,12.4,0.8,0.0,86.0,0.8,0.0,0.0,0.0,15795.0 MiB,4043.1 MiB,1990.1 MiB,9761.7 MiB,4096.0 MiB,4092.2 MiB,3.8 MiB,13015.5 MiB
Python 3.4.10,nbody.py 50000000,86,1691146206,552917,python,1:40.79,15288,8016,4736,93.8,0.0,1,0,1:40,0,4,3716,0,1906,0,8016,296,2,278,16,0,12.4,0.0,0.0,87.6,0.0,0.0,0.0,0.0,15795.0 MiB,4043.1 MiB,1990.1 MiB,9761.7 MiB,4096.0 MiB,4092.2 MiB,3.8 MiB,13015.5 MiB
Python 3.4.10,nbody.py 50000000,87,1691146208,552917,python,1:41.97,15288,8016,4736,100.0,0.0,1,0,1:41,0,4,3716,0,1906,0,8016,296,2,278,16,0,13.1,0.8,0.0,86.2,0.0,0.0,0.0,0.0,15795.0 MiB,4043.4 MiB,1989.9 MiB,9761.7 MiB,4096.0 MiB,4092.2 MiB,3.8 MiB,13015.7 MiB
Python 3.4.10,nbody.py 50000000,88,1691146209,552917,python,1:43.14,15288,8016,4736,100.0,0.0,1,0,1:43,0,4,3716,0,1906,0,8016,296,2,278,16,0,13.0,0.8,0.0,86.3,0.0,0.0,0.0,0.0,15795.0 MiB,4043.4 MiB,1989.9 MiB,9761.7 MiB,4096.0 MiB,4092.2 MiB,3.8 MiB,13015.7 MiB
Python 3.4.10,nbody.py 50000000,89,1691146210,552917,python,1:44.31,15288,8016,4736,100.0,0.0,1,0,1:44,0,4,3716,0,1906,0,8016,296,2,278,16,0,13.0,0.8,0.0,86.3,0.0,0.0,0.0,0.0,15795.0 MiB,4043.2 MiB,1990.1 MiB,9761.7 MiB,4096.0 MiB,4092.2 MiB,3.8 MiB,13015.5 MiB
Python 3.4.10,nbody.py 50000000,90,1691146211,552917,python,1:45.48,15288,8016,4736,100.0,0.0,1,0,1:45,0,4,3716,0,1906,0,8016,296,2,278,16,0,12.9,1.5,0.0,84.8,0.8,0.0,0.0,0.0,15795.0 MiB,4043.4 MiB,1989.9 MiB,9761.7 MiB,4096.0 MiB,4092.2 MiB,3.8 MiB,13015.8 MiB
Python 3.4.10,nbody.py 50000000,91,1691146212,552917,python,1:46.65,15288,8016,4736,93.8,0.0,1,0,1:46,0,4,3716,0,1906,0,8016,296,2,278,16,0,12.9,0.8,0.0,86.4,0.0,0.0,0.0,0.0,15795.0 MiB,4042.9 MiB,1990.3 MiB,9761.7 MiB,4096.0 MiB,4092.2 MiB,3.8 MiB,13015.3 MiB
Python 3.4.10,nbody.py 50000000,92,1691146213,552917,python,1:47.83,15288,8016,4736,100.0,0.0,1,0,1:47,0,4,3716,0,1906,0,8016,296,2,278,16,0,13.0,0.8,0.0,86.3,0.0,0.0,0.0,0.0,15795.0 MiB,4042.9 MiB,1990.3 MiB,9761.7 MiB,4096.0 MiB,4092.2 MiB,3.8 MiB,13015.3 MiB
Python 3.4.10,nbody.py 50000000,93,1691146215,552917,python,1:49.01,15288,8016,4736,94.1,0.0,1,0,1:49,0,4,3716,0,1906,0,8016,296,2,278,16,0,13.8,0.7,0.0,85.5,0.0,0.0,0.0,0.0,15795.0 MiB,4042.9 MiB,1990.3 MiB,9761.7 MiB,4096.0 MiB,4092.2 MiB,3.8 MiB,13015.3 MiB
Python 3.4.10,nbody.py 50000000,94,1691146216,552917,python,1:50.18,15288,8016,4736,100.0,0.0,1,0,1:50,0,4,3716,0,1906,0,8016,296,2,278,16,0,13.6,0.8,0.0,85.6,0.0,0.0,0.0,0.0,15795.0 MiB,4041.9 MiB,1991.3 MiB,9761.7 MiB,4096.0 MiB,4092.2 MiB,3.8 MiB,13014.3 MiB
Python 3.4.10,nbody.py 50000000,95,1691146217,552917,python,1:51.35,15288,8016,4736,93.8,0.0,1,0,1:51,0,4,3716,0,1906,0,8016,296,2,278,16,0,13.1,1.5,0.0,85.4,0.0,0.0,0.0,0.0,15795.0 MiB,4041.4 MiB,1991.8 MiB,9761.7 MiB,4096.0 MiB,4092.2 MiB,3.8 MiB,13013.8 MiB
Python 3.4.10,nbody.py 50000000,96,1691146218,552917,python,1:52.53,15288,8016,4736,100.0,0.0,1,0,1:52,0,4,3716,0,1906,0,8016,296,2,278,16,0,13.0,0.8,0.0,86.3,0.0,0.0,0.0,0.0,15795.0 MiB,4041.4 MiB,1991.8 MiB,9761.7 MiB,4096.0 MiB,4092.2 MiB,3.8 MiB,13013.8 MiB
Python 3.4.10,nbody.py 50000000,97,1691146219,552917,python,1:53.70,15288,8016,4736,100.0,0.0,1,4,1:53,0,4,3716,0,1906,0,8016,296,2,278,16,0,12.3,0.8,0.0,86.9,0.0,0.0,0.0,0.0,15795.0 MiB,4041.4 MiB,1991.8 MiB,9761.8 MiB,4096.0 MiB,4092.2 MiB,3.8 MiB,13013.8 MiB
Python 3.4.10,nbody.py 50000000,98,1691146221,552917,python,1:54.87,15288,8016,4736,100.0,0.0,1,0,1:54,0,4,3716,0,1906,0,8016,296,2,278,16,0,13.7,0.8,0.0,85.5,0.0,0.0,0.0,0.0,15795.0 MiB,4041.4 MiB,1991.8 MiB,9761.8 MiB,4096.0 MiB,4092.2 MiB,3.8 MiB,13013.8 MiB
Python 3.4.10,nbody.py 50000000,99,1691146222,552917,python,1:56.04,15288,8016,4736,100.0,0.0,1,4,1:56,0,4,3716,0,1906,0,8016,296,2,278,16,0,13.6,0.8,0.0,85.6,0.0,0.0,0.0,0.0,15795.0 MiB,4041.4 MiB,1991.8 MiB,9761.8 MiB,4096.0 MiB,4092.2 MiB,3.8 MiB,13013.8 MiB
Python 3.4.10,nbody.py 50000000,100,1691146223,552917,python,1:57.21,15288,8016,4736,100.0,0.0,1,4,1:57,0,4,3716,0,1906,0,8016,296,2,278,16,0,13.0,1.5,0.0,85.5,0.0,0.0,0.0,0.0,15795.0 MiB,4041.7 MiB,1991.5 MiB,9761.8 MiB,4096.0 MiB,4092.2 MiB,3.8 MiB,13014.1 MiB
Python 3.4.10,nbody.py 50000000,101,1691146224,552917,python,1:58.38,15288,8016,4736,100.0,0.0,1,4,1:58,0,4,3716,0,1906,0,8016,296,2,278,16,0,12.6,1.5,0.0,85.9,0.0,0.0,0.0,0.0,15795.0 MiB,4041.9 MiB,1991.3 MiB,9761.8 MiB,4096.0 MiB,4092.2 MiB,3.8 MiB,13014.3 MiB
Python 3.4.10,nbody.py 50000000,102,1691146225,552917,python,1:59.56,15288,8016,4736,100.0,0.0,1,4,1:59,0,4,3716,0,1906,0,8016,296,2,278,16,0,13.0,0.8,0.0,86.3,0.0,0.0,0.0,0.0,15795.0 MiB,4041.9 MiB,1991.3 MiB,9761.8 MiB,4096.0 MiB,4092.2 MiB,3.8 MiB,13014.3 MiB
Python 3.4.10,nbody.py 50000000,103,1691146226,552917,python,2:00.73,15288,8016,4736,100.0,0.0,1,0,2:00,0,4,3716,0,1906,0,8016,296,2,278,16,0,13.6,0.8,0.0,85.6,0.0,0.0,0.0,0.0,15795.0 MiB,4042.9 MiB,1990.3 MiB,9761.8 MiB,4096.0 MiB,4092.2 MiB,3.8 MiB,13015.3 MiB
Python 3.4.10,nbody.py 50000000,104,1691146228,552917,python,2:01.90,15288,8016,4736,100.0,0.0,1,0,2:01,0,4,3716,0,1906,0,8016,296,2,278,16,0,13.0,0.0,0.0,87.0,0.0,0.0,0.0,0.0,15795.0 MiB,4042.7 MiB,1990.5 MiB,9761.8 MiB,4096.0 MiB,4092.2 MiB,3.8 MiB,13015.1 MiB
Python 3.4.10,nbody.py 50000000,105,1691146229,552917,python,2:03.08,15288,8016,4736,100.0,0.0,1,0,2:03,0,4,3716,0,1906,0,8016,296,2,278,16,0,12.9,0.8,0.0,86.4,0.0,0.0,0.0,0.0,15795.0 MiB,4042.2 MiB,1991.0 MiB,9761.8 MiB,4096.0 MiB,4092.2 MiB,3.8 MiB,13014.6 MiB
Python 3.4.10,nbody.py 50000000,106,1691146230,552917,python,2:04.25,15288,8016,4736,100.0,0.0,1,4,2:04,0,4,3716,0,1906,0,8016,296,2,278,16,0,13.0,0.8,0.0,86.3,0.0,0.0,0.0,0.0,15795.0 MiB,4042.2 MiB,1991.0 MiB,9761.8 MiB,4096.0 MiB,4092.2 MiB,3.8 MiB,13014.6 MiB
Python 3.4.10,nbody.py 50000000,107,1691146231,552917,python,2:05.42,15288,8016,4736,100.0,0.0,1,4,2:05,0,4,3716,0,1906,0,8016,296,2,278,16,0,13.0,0.0,0.0,87.0,0.0,0.0,0.0,0.0,15795.0 MiB,4041.9 MiB,1991.3 MiB,9761.8 MiB,4096.0 MiB,4092.2 MiB,3.8 MiB,13014.4 MiB
Python 3.4.10,nbody.py 50000000,108,1691146232,552917,python,2:06.60,15288,8016,4736,100.0,0.0,1,4,2:06,0,4,3716,0,1906,0,8016,296,2,278,16,0,14.3,1.5,0.0,82.7,1.5,0.0,0.0,0.0,15795.0 MiB,4038.5 MiB,1993.9 MiB,9762.6 MiB,4096.0 MiB,4092.2 MiB,3.8 MiB,13011.7 MiB
Python 3.4.10,nbody.py 50000000,109,1691146233,552917,python,2:07.76,15288,8016,4736,93.8,0.0,1,0,2:07,0,4,3716,0,1906,0,8016,296,2,278,16,0,12.5,0.0,0.0,87.5,0.0,0.0,0.0,0.0,15795.0 MiB,4038.5 MiB,1993.9 MiB,9762.6 MiB,4096.0 MiB,4092.2 MiB,3.8 MiB,13011.7 MiB
Python 3.4.10,nbody.py 50000000,110,1691146235,552917,python,2:08.94,15288,8016,4736,100.0,0.0,1,0,2:08,0,4,3716,0,1906,0,8016,296,2,278,16,0,13.5,0.8,0.0,85.7,0.0,0.0,0.0,0.0,15795.0 MiB,4037.8 MiB,1994.6 MiB,9762.6 MiB,4096.0 MiB,4092.2 MiB,3.8 MiB,13011.0 MiB
Python 3.4.10,nbody.py 50000000,111,1691146236,552917,python,2:10.11,15288,8016,4736,100.0,0.0,1,0,2:10,0,4,3716,0,1906,0,8016,296,2,278,16,0,12.9,0.8,0.0,86.4,0.0,0.0,0.0,0.0,15795.0 MiB,4039.2 MiB,1993.1 MiB,9762.6 MiB,4096.0 MiB,4092.2 MiB,3.8 MiB,13012.5 MiB
Python 3.4.10,nbody.py 50000000,112,1691146237,552917,python,2:11.28,15288,8016,4736,93.8,0.0,1,0,2:11,0,4,3716,0,1906,0,8016,296,3,277,16,0,12.9,0.8,0.0,86.4,0.0,0.0,0.0,0.0,15795.0 MiB,4039.2 MiB,1993.1 MiB,9762.6 MiB,4096.0 MiB,4092.2 MiB,3.8 MiB,13012.5 MiB
Python 3.4.10,nbody.py 50000000,113,1691146238,552917,python,2:12.46,15288,8016,4736,100.0,0.0,1,0,2:12,0,4,3716,0,1906,0,8016,296,2,278,16,0,13.0,0.8,0.0,85.5,0.8,0.0,0.0,0.0,15795.0 MiB,4039.0 MiB,1993.4 MiB,9762.6 MiB,4096.0 MiB,4092.2 MiB,3.8 MiB,13012.2 MiB
Python 3.4.10,nbody.py 50000000,114,1691146239,552917,python,2:13.63,15288,8016,4736,100.0,0.0,1,0,2:13,0,4,3716,0,1906,0,8016,296,2,278,16,0,12.9,1.5,0.0,84.8,0.0,0.0,0.8,0.0,15795.0 MiB,4039.0 MiB,1993.4 MiB,9762.6 MiB,4096.0 MiB,4092.2 MiB,3.8 MiB,13012.2 MiB
Python 3.4.10,nbody.py 50000000,115,1691146240,552917,python,2:14.80,15288,8016,4736,100.0,0.0,1,0,2:14,0,4,3716,0,1906,0,8016,296,2,278,16,0,12.8,1.5,0.0,85.7,0.0,0.0,0.0,0.0,15795.0 MiB,4039.0 MiB,1993.4 MiB,9762.6 MiB,4096.0 MiB,4092.2 MiB,3.8 MiB,13012.2 MiB
Python 3.4.10,nbody.py 50000000,116,1691146242,552917,python,2:15.98,15288,8016,4736,100.0,0.0,1,0,2:15,0,4,3716,0,1906,0,8016,296,2,278,16,0,13.0,0.8,0.0,86.3,0.0,0.0,0.0,0.0,15795.0 MiB,4039.0 MiB,1993.4 MiB,9762.6 MiB,4096.0 MiB,4092.2 MiB,3.8 MiB,13012.2 MiB
Python 3.4.10,nbody.py 50000000,117,1691146243,552917,python,2:17.15,15288,8016,4736,100.0,0.0,1,0,2:17,0,4,3716,0,1906,0,8016,296,2,278,16,0,12.9,0.8,0.0,86.4,0.0,0.0,0.0,0.0,15795.0 MiB,4039.0 MiB,1993.4 MiB,9762.6 MiB,4096.0 MiB,4092.2 MiB,3.8 MiB,13012.2 MiB
Python 3.4.10,nbody.py 50000000,118,1691146244,552917,python,2:18.32,15288,8016,4736,100.0,0.0,1,0,2:18,0,4,3716,0,1906,0,8016,296,2,278,16,0,12.9,0.8,0.0,86.4,0.0,0.0,0.0,0.0,15795.0 MiB,4039.0 MiB,1993.4 MiB,9762.6 MiB,4096.0 MiB,4092.2 MiB,3.8 MiB,13012.2 MiB
Python 3.4.10,nbody.py 50000000,119,1691146245,552917,python,2:19.49,15288,8016,4736,93.8,0.0,1,0,2:19,0,4,3716,0,1906,0,8016,296,2,278,16,0,12.9,0.8,0.0,86.4,0.0,0.0,0.0,0.0,15795.0 MiB,4038.7 MiB,1993.5 MiB,9762.8 MiB,4096.0 MiB,4092.2 MiB,3.8 MiB,13012.1 MiB
Python 3.4.10,nbody.py 50000000,120,1691146246,552917,python,2:20.66,15288,8016,4736,93.8,0.0,1,0,2:20,0,4,3716,0,1906,0,8016,296,2,278,16,0,13.0,0.8,0.0,86.3,0.0,0.0,0.0,0.0,15795.0 MiB,4038.2 MiB,1994.0 MiB,9762.8 MiB,4096.0 MiB,4092.2 MiB,3.8 MiB,13011.6 MiB
Python 3.4.10,nbody.py 50000000,121,1691146247,552917,python,2:21.84,15288,8016,4736,94.1,0.0,1,0,2:21,0,4,3716,0,1906,0,8016,296,2,278,16,0,13.3,1.5,0.0,85.2,0.0,0.0,0.0,0.0,15795.0 MiB,4038.0 MiB,1994.2 MiB,9762.8 MiB,4096.0 MiB,4092.2 MiB,3.8 MiB,13011.4 MiB
Python 3.4.10,nbody.py 50000000,122,1691146249,552917,python,2:23.01,15288,8016,4736,93.8,0.0,1,0,2:23,0,4,3716,0,1906,0,8016,296,2,278,16,0,13.0,0.8,0.0,86.3,0.0,0.0,0.0,0.0,15795.0 MiB,4038.0 MiB,1994.2 MiB,9762.8 MiB,4096.0 MiB,4092.2 MiB,3.8 MiB,13011.4 MiB
Python 3.4.10,nbody.py 50000000,123,1691146250,552917,python,2:24.19,15288,8016,4736,100.0,0.0,1,0,2:24,0,4,3716,0,1906,0,8016,296,2,278,16,0,13.4,1.5,0.0,84.3,0.7,0.0,0.0,0.0,15795.0 MiB,4038.0 MiB,1994.2 MiB,9762.8 MiB,4096.0 MiB,4092.2 MiB,3.8 MiB,13011.4 MiB
Python 3.4.10,nbody.py 50000000,124,1691146251,552917,python,2:25.36,15288,8016,4736,100.0,0.0,1,0,2:25,0,4,3716,0,1906,0,8016,296,2,278,16,0,12.3,0.8,0.0,86.9,0.0,0.0,0.0,0.0,15795.0 MiB,4038.2 MiB,1993.9 MiB,9762.8 MiB,4096.0 MiB,4092.2 MiB,3.8 MiB,13011.7 MiB
Python 3.4.10,nbody.py 50000000,125,1691146252,552917,python,2:26.53,15288,8016,4736,93.8,0.0,1,0,2:26,0,4,3716,0,1906,0,8016,296,2,278,16,0,13.0,0.8,0.0,86.3,0.0,0.0,0.0,0.0,15795.0 MiB,4038.2 MiB,1993.9 MiB,9762.8 MiB,4096.0 MiB,4092.2 MiB,3.8 MiB,13011.7 MiB
Python 3.4.10,nbody.py 50000000,126,1691146253,552917,python,2:27.70,15288,8016,4736,93.8,0.0,1,0,2:27,0,4,3716,0,1906,0,8016,296,2,278,16,0,13.1,0.0,0.0,86.9,0.0,0.0,0.0,0.0,15795.0 MiB,4038.2 MiB,1993.9 MiB,9762.8 MiB,4096.0 MiB,4092.2 MiB,3.8 MiB,13011.7 MiB
Python 3.4.10,nbody.py 50000000,127,1691146255,552917,python,2:28.88,15288,8016,4736,100.0,0.0,1,0,2:28,0,4,3716,0,1906,0,8016,296,2,278,16,0,13.6,0.8,0.0,85.6,0.0,0.0,0.0,0.0,15795.0 MiB,4038.2 MiB,1993.9 MiB,9762.8 MiB,4096.0 MiB,4092.2 MiB,3.8 MiB,13011.7 MiB
Python 3.4.10,nbody.py 50000000,128,1691146256,552917,python,2:30.05,15288,8016,4736,93.8,0.0,1,0,2:30,0,4,3716,0,1906,0,8016,296,2,278,16,0,14.2,1.5,0.0,84.3,0.0,0.0,0.0,0.0,15795.0 MiB,4038.0 MiB,1994.2 MiB,9762.8 MiB,4096.0 MiB,4092.2 MiB,3.8 MiB,13011.4 MiB
Python 3.4.10,nbody.py 50000000,129,1691146257,552917,python,2:31.22,15288,8016,4736,93.8,0.0,1,4,2:31,0,4,3716,0,1906,0,8016,296,2,278,16,0,13.0,0.8,0.0,86.3,0.0,0.0,0.0,0.0,15795.0 MiB,4038.0 MiB,1994.2 MiB,9762.8 MiB,4096.0 MiB,4092.2 MiB,3.8 MiB,13011.4 MiB
Python 3.4.10,nbody.py 50000000,130,1691146258,552917,python,2:32.40,15288,8016,4736,100.0,0.0,1,4,2:32,0,4,3716,0,1906,0,8016,296,2,278,16,0,12.2,0.8,0.0,87.0,0.0,0.0,0.0,0.0,15795.0 MiB,4038.7 MiB,1993.4 MiB,9762.8 MiB,4096.0 MiB,4092.2 MiB,3.8 MiB,13012.2 MiB
Python 3.4.10,nbody.py 50000000,131,1691146259,552917,python,2:33.57,15288,8016,4736,100.0,0.0,1,4,2:33,0,4,3716,0,1906,0,8016,296,2,278,16,0,13.1,0.0,0.0,86.9,0.0,0.0,0.0,0.0,15795.0 MiB,4038.7 MiB,1993.4 MiB,9762.8 MiB,4096.0 MiB,4092.2 MiB,3.8 MiB,13012.2 MiB
Python 3.4.10,nbody.py 50000000,132,1691146260,552917,python,2:34.74,15288,8016,4736,93.8,0.0,1,4,2:34,0,4,3716,0,1906,0,8016,296,2,278,16,0,13.5,0.8,0.0,85.7,0.0,0.0,0.0,0.0,15795.0 MiB,4038.5 MiB,1993.7 MiB,9762.8 MiB,4096.0 MiB,4092.2 MiB,3.8 MiB,13012.0 MiB
Python 3.4.10,nbody.py 50000000,133,1691146262,552917,python,2:35.92,15288,8016,4736,100.0,0.0,1,4,2:35,0,4,3716,0,1906,0,8016,296,2,278,16,0,13.0,0.8,0.0,86.3,0.0,0.0,0.0,0.0,15795.0 MiB,4038.3 MiB,1993.9 MiB,9762.8 MiB,4096.0 MiB,4092.2 MiB,3.8 MiB,13011.7 MiB
Python 3.4.10,nbody.py 50000000,134,1691146263,552917,python,2:37.09,15288,8016,4736,100.0,0.0,1,4,2:37,0,4,3716,0,1906,0,8016,296,2,278,16,0,13.5,0.8,0.0,85.7,0.0,0.0,0.0,0.0,15795.0 MiB,4038.5 MiB,1993.6 MiB,9762.8 MiB,4096.0 MiB,4092.2 MiB,3.8 MiB,13012.0 MiB
Python 3.4.10,nbody.py 50000000,135,1691146264,552917,python,2:38.26,15288,8016,4736,93.8,0.0,1,0,2:38,0,4,3716,0,1906,0,8016,296,2,278,16,0,12.8,1.5,0.0,85.7,0.0,0.0,0.0,0.0,15795.0 MiB,4038.8 MiB,1993.4 MiB,9762.8 MiB,4096.0 MiB,4092.2 MiB,3.8 MiB,13012.2 MiB
Python 3.4.10,nbody.py 50000000,136,1691146265,552917,python,2:39.44,15288,8016,4736,100.0,0.0,1,4,2:39,0,4,3716,0,1906,0,8016,296,2,278,16,0,12.9,1.4,0.0,85.6,0.0,0.0,0.0,0.0,15795.0 MiB,4038.3 MiB,1993.9 MiB,9762.8 MiB,4096.0 MiB,4092.2 MiB,3.8 MiB,13011.7 MiB
Python 3.4.10,nbody.py 50000000,137,1691146266,552917,python,2:40.63,15288,8016,4736,100.0,0.0,1,4,2:40,0,4,3716,0,1906,0,8016,296,2,278,16,0,13.1,0.7,0.0,86.1,0.0,0.0,0.0,0.0,15795.0 MiB,4038.3 MiB,1993.9 MiB,9762.8 MiB,4096.0 MiB,4092.2 MiB,3.8 MiB,13011.7 MiB
Python 3.4.10,nbody.py 50000000,138,1691146267,552917,python,2:41.80,15288,8016,4736,93.8,0.0,1,0,2:41,0,4,3716,0,1906,0,8016,296,2,278,16,0,12.1,1.5,0.0,86.4,0.0,0.0,0.0,0.0,15795.0 MiB,4038.3 MiB,1993.9 MiB,9762.8 MiB,4096.0 MiB,4092.2 MiB,3.8 MiB,13011.7 MiB
Python 3.4.10,nbody.py 50000000,139,1691146269,552917,python,2:42.98,15288,8016,4736,100.0,0.0,1,0,2:42,0,4,3716,0,1906,0,8016,296,2,278,16,0,13.0,0.8,0.0,86.3,0.0,0.0,0.0,0.0,15795.0 MiB,4038.0 MiB,1994.1 MiB,9762.8 MiB,4096.0 MiB,4092.2 MiB,3.8 MiB,13011.5 MiB
Python 3.4.10,nbody.py 50000000,140,1691146270,552917,python,2:44.15,15288,8016,4736,100.0,0.0,1,0,2:44,0,4,3716,0,1906,0,8016,296,2,278,16,0,13.4,1.5,0.0,85.1,0.0,0.0,0.0,0.0,15795.0 MiB,4038.3 MiB,1993.9 MiB,9762.8 MiB,4096.0 MiB,4092.2 MiB,3.8 MiB,13011.7 MiB
Python 3.4.10,nbody.py 50000000,141,1691146271,552917,python,2:45.33,15288,8016,4736,100.0,0.0,1,0,2:45,0,4,3716,0,1906,0,8016,296,2,278,16,0,13.0,1.4,0.0,85.5,0.0,0.0,0.0,0.0,15795.0 MiB,4038.5 MiB,1993.6 MiB,9762.8 MiB,4096.0 MiB,4092.2 MiB,3.8 MiB,13012.0 MiB
Python 3.4.10,nbody.py 50000000,142,1691146272,552917,python,2:46.50,15288,8016,4736,93.8,0.0,1,0,2:46,0,4,3716,0,1906,0,8016,296,2,278,16,0,14.3,0.8,0.0,85.0,0.0,0.0,0.0,0.0,15795.0 MiB,4038.3 MiB,1993.9 MiB,9762.8 MiB,4096.0 MiB,4092.2 MiB,3.8 MiB,13011.7 MiB
Python 3.4.10,nbody.py 50000000,143,1691146273,552917,python,2:47.68,15288,8016,4736,100.0,0.0,1,0,2:47,0,4,3716,0,1906,0,8016,296,2,278,16,0,13.0,0.8,0.0,85.5,0.8,0.0,0.0,0.0,15795.0 MiB,4038.5 MiB,1993.6 MiB,9762.8 MiB,4096.0 MiB,4092.2 MiB,3.8 MiB,13012.0 MiB
Python 3.4.10,nbody.py 50000000,144,1691146274,552917,python,2:48.85,15288,8016,4736,100.0,0.0,1,0,2:48,0,4,3716,0,1906,0,8016,296,2,278,16,0,13.0,0.8,0.0,86.3,0.0,0.0,0.0,0.0,15795.0 MiB,4038.8 MiB,1993.4 MiB,9762.8 MiB,4096.0 MiB,4092.2 MiB,3.8 MiB,13012.2 MiB
Python 3.4.10,nbody.py 50000000,145,1691146276,552917,python,2:50.02,15288,8016,4736,93.8,0.0,1,0,2:50,0,4,3716,0,1906,0,8016,296,2,278,16,0,13.0,0.8,0.0,86.3,0.0,0.0,0.0,0.0,15795.0 MiB,4039.0 MiB,1993.1 MiB,9762.8 MiB,4096.0 MiB,4092.2 MiB,3.8 MiB,13012.5 MiB
Python 3.4.10,nbody.py 50000000,146,1691146277,552917,python,2:51.19,15288,8016,4736,93.8,0.0,1,0,2:51,0,4,3716,0,1906,0,8016,296,2,278,16,0,12.2,1.5,0.0,86.3,0.0,0.0,0.0,0.0,15795.0 MiB,4038.5 MiB,1993.6 MiB,9762.8 MiB,4096.0 MiB,4092.2 MiB,3.8 MiB,13012.0 MiB
Python 3.4.10,nbody.py 50000000,147,1691146278,552917,python,2:52.37,15288,8016,4736,100.0,0.0,1,0,2:52,0,4,3716,0,1906,0,8016,296,2,278,16,0,12.9,0.8,0.0,86.4,0.0,0.0,0.0,0.0,15795.0 MiB,4038.5 MiB,1993.6 MiB,9762.8 MiB,4096.0 MiB,4092.2 MiB,3.8 MiB,13012.0 MiB
Python 3.4.10,nbody.py 50000000,148,1691146279,552917,python,2:53.54,15288,8016,4736,100.0,0.0,1,0,2:53,0,4,3716,0,1906,0,8016,296,2,278,16,0,12.9,0.8,0.0,85.6,0.8,0.0,0.0,0.0,15795.0 MiB,4038.3 MiB,1993.9 MiB,9762.8 MiB,4096.0 MiB,4092.2 MiB,3.8 MiB,13011.8 MiB
Python 3.4.10,nbody.py 50000000,149,1691146280,552917,python,2:54.71,15288,8016,4736,100.0,0.0,1,0,2:54,0,4,3716,0,1906,0,8016,296,2,278,16,0,12.3,0.8,0.0,86.9,0.0,0.0,0.0,0.0,15795.0 MiB,4038.5 MiB,1993.6 MiB,9762.8 MiB,4096.0 MiB,4092.2 MiB,3.8 MiB,13012.0 MiB
Python 3.4.10,nbody.py 50000000,150,1691146282,552917,python,2:55.89,15288,8016,4736,100.0,0.0,1,0,2:55,0,4,3716,0,1906,0,8016,296,2,278,16,0,12.9,0.8,0.0,86.4,0.0,0.0,0.0,0.0,15795.0 MiB,4038.5 MiB,1993.6 MiB,9762.9 MiB,4096.0 MiB,4092.2 MiB,3.8 MiB,13012.0 MiB
Python 3.4.10,nbody.py 50000000,151,1691146283,552917,python,2:57.06,15288,8016,4736,100.0,0.0,1,0,2:57,0,4,3716,0,1906,0,8016,296,2,278,16,0,12.2,1.5,0.0,86.3,0.0,0.0,0.0,0.0,15795.0 MiB,4038.8 MiB,1993.4 MiB,9762.9 MiB,4096.0 MiB,4092.2 MiB,3.8 MiB,13012.3 MiB
Python 3.4.10,nbody.py 50000000,152,1691146284,552917,python,2:58.23,15288,8016,4736,100.0,0.0,1,0,2:58,0,4,3716,0,1906,0,8016,296,2,278,16,0,12.9,1.5,0.0,85.6,0.0,0.0,0.0,0.0,15795.0 MiB,4038.0 MiB,1994.1 MiB,9762.9 MiB,4096.0 MiB,4092.2 MiB,3.8 MiB,13011.5 MiB
Python 3.4.10,nbody.py 50000000,153,1691146285,552917,python,2:59.40,15288,8016,4736,93.8,0.0,1,0,2:59,0,4,3716,0,1906,0,8016,296,2,278,16,0,12.9,0.8,0.0,86.4,0.0,0.0,0.0,0.0,15795.0 MiB,4038.0 MiB,1994.1 MiB,9762.9 MiB,4096.0 MiB,4092.2 MiB,3.8 MiB,13011.5 MiB
Python 3.4.10,nbody.py 50000000,154,1691146286,552917,python,3:00.58,15288,8016,4736,100.0,0.0,1,0,3:00,0,4,3716,0,1906,0,8016,296,2,278,16,0,13.6,0.8,0.0,85.6,0.0,0.0,0.0,0.0,15795.0 MiB,4038.3 MiB,1993.8 MiB,9762.9 MiB,4096.0 MiB,4092.2 MiB,3.8 MiB,13011.8 MiB
Python 3.4.10,nbody.py 50000000,155,1691146287,552917,python,3:01.75,15288,8016,4736,100.0,0.0,1,0,3:01,0,4,3716,0,1906,0,8016,296,2,278,16,0,13.0,0.8,0.0,86.3,0.0,0.0,0.0,0.0,15795.0 MiB,4037.8 MiB,1994.3 MiB,9762.9 MiB,4096.0 MiB,4092.2 MiB,3.8 MiB,13011.3 MiB
Python 3.4.10,nbody.py 50000000,156,1691146289,552917,python,3:02.92,15288,8016,4736,93.8,0.0,1,4,3:02,0,4,3716,0,1906,0,8016,296,2,278,16,0,12.3,0.8,0.0,86.9,0.0,0.0,0.0,0.0,15795.0 MiB,4037.8 MiB,1994.3 MiB,9762.9 MiB,4096.0 MiB,4092.2 MiB,3.8 MiB,13011.3 MiB
Python 3.4.10,nbody.py 50000000,157,1691146290,552917,python,3:04.10,15288,8016,4736,100.0,0.0,1,4,3:04,0,4,3716,0,1906,0,8016,296,2,278,16,0,13.3,1.5,0.0,85.2,0.0,0.0,0.0,0.0,15795.0 MiB,4038.1 MiB,1994.1 MiB,9762.9 MiB,4096.0 MiB,4092.2 MiB,3.8 MiB,13011.5 MiB
Python 3.4.10,nbody.py 50000000,158,1691146291,552917,python,3:05.27,15288,8016,4736,100.0,0.0,1,4,3:05,0,4,3716,0,1906,0,8016,296,2,278,16,0,13.0,0.8,0.0,86.3,0.0,0.0,0.0,0.0,15795.0 MiB,4037.6 MiB,1994.6 MiB,9762.9 MiB,4096.0 MiB,4092.2 MiB,3.8 MiB,13011.1 MiB
Python 3.4.10,nbody.py 50000000,159,1691146292,552917,python,3:06.44,15288,8016,4736,93.8,0.0,1,0,3:06,0,4,3716,0,1906,0,8016,296,2,278,16,0,13.0,0.0,0.0,87.0,0.0,0.0,0.0,0.0,15795.0 MiB,4037.8 MiB,1994.3 MiB,9762.9 MiB,4096.0 MiB,4092.2 MiB,3.8 MiB,13011.3 MiB
Python 3.4.10,nbody.py 50000000,160,1691146293,552917,python,3:07.62,15288,8016,4736,100.0,0.0,1,0,3:07,0,4,3716,0,1906,0,8016,296,2,278,16,0,13.1,0.0,0.0,86.9,0.0,0.0,0.0,0.0,15795.0 MiB,4037.8 MiB,1994.3 MiB,9762.9 MiB,4096.0 MiB,4092.2 MiB,3.8 MiB,13011.3 MiB
Python 3.4.10,nbody.py 50000000,161,1691146294,552917,python,3:08.79,15288,8016,4736,100.0,0.0,1,0,3:08,0,4,3716,0,1906,0,8016,296,2,278,16,0,12.8,1.5,0.0,85.7,0.0,0.0,0.0,0.0,15795.0 MiB,4037.8 MiB,1994.3 MiB,9762.9 MiB,4096.0 MiB,4092.2 MiB,3.8 MiB,13011.3 MiB
Python 3.4.10,nbody.py 50000000,162,1691146296,552917,python,3:09.96,15288,8016,4736,93.8,0.0,1,0,3:09,0,4,3716,0,1906,0,8016,296,2,278,16,0,13.0,0.8,0.0,86.3,0.0,0.0,0.0,0.0,15795.0 MiB,4037.8 MiB,1994.3 MiB,9762.9 MiB,4096.0 MiB,4092.2 MiB,3.8 MiB,13011.3 MiB
Python 3.4.10,nbody.py 50000000,163,1691146297,552917,python,3:11.13,15288,8016,4736,93.8,0.0,1,0,3:11,0,4,3716,0,1906,0,8016,296,2,278,16,0,13.0,0.8,0.0,86.3,0.0,0.0,0.0,0.0,15795.0 MiB,4037.8 MiB,1994.3 MiB,9762.9 MiB,4096.0 MiB,4092.2 MiB,3.8 MiB,13011.3 MiB
Python 3.4.10,nbody.py 50000000,164,1691146298,552917,python,3:12.31,15288,8016,4736,100.0,0.0,1,4,3:12,0,4,3716,0,1906,0,8016,296,2,278,16,0,12.8,1.5,0.0,85.7,0.0,0.0,0.0,0.0,15795.0 MiB,4037.8 MiB,1994.3 MiB,9762.9 MiB,4096.0 MiB,4092.2 MiB,3.8 MiB,13011.3 MiB
Python 3.4.10,nbody.py 50000000,165,1691146299,552917,python,3:13.48,15288,8016,4736,100.0,0.0,1,4,3:13,0,4,3716,0,1906,0,8016,295,2,277,16,0,13.0,0.8,0.0,86.3,0.0,0.0,0.0,0.0,15795.0 MiB,4037.8 MiB,1994.3 MiB,9762.9 MiB,4096.0 MiB,4092.2 MiB,3.8 MiB,13011.3 MiB
Python 3.4.10,nbody.py 50000000,166,1691146300,552917,python,3:14.65,15288,8016,4736,100.0,0.0,1,4,3:14,0,4,3716,0,1906,0,8016,295,2,277,16,0,12.3,0.8,0.0,86.9,0.0,0.0,0.0,0.0,15795.0 MiB,4038.1 MiB,1994.0 MiB,9762.9 MiB,4096.0 MiB,4092.2 MiB,3.8 MiB,13011.6 MiB
Python 3.4.10,nbody.py 50000000,167,1691146301,552917,python,3:15.83,15288,8016,4736,100.0,0.0,1,4,3:15,0,4,3716,0,1906,0,8016,295,2,277,16,0,13.0,0.8,0.0,86.3,0.0,0.0,0.0,0.0,15795.0 MiB,4038.1 MiB,1994.0 MiB,9762.9 MiB,4096.0 MiB,4092.2 MiB,3.8 MiB,13011.6 MiB
Python 3.4.10,nbody.py 50000000,168,1691146303,552917,python,3:17.00,15288,8016,4736,100.0,0.0,1,4,3:17,0,4,3716,0,1906,0,8016,295,2,277,16,0,14.2,0.7,0.0,85.1,0.0,0.0,0.0,0.0,15795.0 MiB,4037.8 MiB,1994.3 MiB,9762.9 MiB,4096.0 MiB,4092.2 MiB,3.8 MiB,13011.3 MiB
Python 3.4.10,nbody.py 50000000,169,1691146304,552917,python,3:18.17,15288,8016,4736,100.0,0.0,1,4,3:18,0,4,3716,0,1906,0,8016,295,2,277,16,0,13.6,0.0,0.0,86.4,0.0,0.0,0.0,0.0,15795.0 MiB,4038.1 MiB,1994.0 MiB,9762.9 MiB,4096.0 MiB,4092.2 MiB,3.8 MiB,13011.6 MiB
Python 3.4.10,nbody.py 50000000,170,1691146305,552917,python,3:19.34,15288,8016,4736,93.8,0.0,1,0,3:19,0,4,3716,0,1906,0,8016,295,2,277,16,0,13.6,0.8,0.0,85.6,0.0,0.0,0.0,0.0,15795.0 MiB,4038.1 MiB,1994.0 MiB,9762.9 MiB,4096.0 MiB,4092.2 MiB,3.8 MiB,13011.6 MiB
Python 3.4.10,nbody.py 50000000,171,1691146306,552917,python,3:20.52,15288,8016,4736,100.0,0.0,1,0,3:20,0,4,3716,0,1906,0,8016,295,2,277,16,0,12.9,2.3,0.0,84.8,0.0,0.0,0.0,0.0,15795.0 MiB,4037.8 MiB,1994.3 MiB,9762.9 MiB,4096.0 MiB,4092.2 MiB,3.8 MiB,13011.3 MiB
Python 3.4.10,nbody.py 50000000,172,1691146307,552917,python,3:21.69,15288,8016,4736,100.0,0.0,1,0,3:21,0,4,3716,0,1906,0,8016,295,2,277,16,0,12.9,0.8,0.0,86.4,0.0,0.0,0.0,0.0,15795.0 MiB,4037.8 MiB,1994.3 MiB,9762.9 MiB,4096.0 MiB,4092.2 MiB,3.8 MiB,13011.3 MiB
Python 3.4.10,nbody.py 50000000,173,1691146309,552917,python,3:22.86,15288,8016,4736,93.8,0.0,1,0,3:22,0,4,3716,0,1906,0,8016,295,2,277,16,0,12.8,1.5,0.0,85.7,0.0,0.0,0.0,0.0,15795.0 MiB,4037.6 MiB,1994.5 MiB,9762.9 MiB,4096.0 MiB,4092.2 MiB,3.8 MiB,13011.1 MiB
Python 3.4.10,nbody.py 50000000,174,1691146310,552917,python,3:24.03,15288,8016,4736,93.8,0.0,1,0,3:24,0,4,3716,0,1906,0,8016,295,2,277,16,0,12.3,0.8,0.0,86.9,0.0,0.0,0.0,0.0,15795.0 MiB,4037.6 MiB,1994.5 MiB,9762.9 MiB,4096.0 MiB,4092.2 MiB,3.8 MiB,13011.1 MiB
Python 3.4.10,nbody.py 50000000,175,1691146311,552917,python,3:25.21,15288,8016,4736,100.0,0.0,1,0,3:25,0,4,3716,0,1906,0,8016,295,2,277,16,0,12.9,1.5,0.0,85.6,0.0,0.0,0.0,0.0,15795.0 MiB,4036.6 MiB,1995.5 MiB,9762.9 MiB,4096.0 MiB,4092.2 MiB,3.8 MiB,13010.1 MiB
Python 3.4.10,nbody.py 50000000,176,1691146312,552917,python,3:26.38,15288,8016,4736,100.0,0.0,1,0,3:26,0,4,3716,0,1906,0,8016,295,2,277,16,0,13.0,0.8,0.0,86.3,0.0,0.0,0.0,0.0,15795.0 MiB,4036.6 MiB,1995.5 MiB,9762.9 MiB,4096.0 MiB,4092.2 MiB,3.8 MiB,13010.1 MiB
Python 3.4.10,nbody.py 50000000,177,1691146313,552917,python,3:27.55,15288,8016,4736,100.0,0.0,1,4,3:27,0,4,3716,0,1906,0,8016,295,2,277,16,0,13.0,0.8,0.0,86.3,0.0,0.0,0.0,0.0,15795.0 MiB,4036.3 MiB,1995.7 MiB,9762.9 MiB,4096.0 MiB,4092.2 MiB,3.8 MiB,13009.9 MiB
Python 3.4.10,nbody.py 50000000,178,1691146314,552917,python,3:28.73,15288,8016,4736,100.0,0.0,1,4,3:28,0,4,3716,0,1906,0,8016,295,2,277,16,0,12.9,1.5,0.0,84.8,0.8,0.0,0.0,0.0,15795.0 MiB,4036.3 MiB,1995.7 MiB,9762.9 MiB,4096.0 MiB,4092.2 MiB,3.8 MiB,13009.9 MiB
Python 3.4.10,nbody.py 50000000,179,1691146316,552917,python,3:29.90,15288,8016,4736,100.0,0.0,1,4,3:29,0,4,3716,0,1906,0,8016,295,2,277,16,0,14.3,0.8,0.0,85.0,0.0,0.0,0.0,0.0,15795.0 MiB,4036.3 MiB,1995.7 MiB,9762.9 MiB,4096.0 MiB,4092.2 MiB,3.8 MiB,13009.9 MiB
Python 3.4.10,nbody.py 50000000,180,1691146317,552917,python,3:31.07,15288,8016,4736,100.0,0.0,1,4,3:31,0,4,3716,0,1906,0,8016,295,2,277,16,0,13.0,0.8,0.0,86.3,0.0,0.0,0.0,0.0,15795.0 MiB,4035.8 MiB,1996.2 MiB,9762.9 MiB,4096.0 MiB,4092.2 MiB,3.8 MiB,13009.4 MiB
Python 3.4.10,nbody.py 50000000,181,1691146318,552917,python,3:32.24,15288,8016,4736,100.0,0.0,1,4,3:32,0,4,3716,0,1906,0,8016,295,2,277,16,0,12.2,1.5,0.0,86.3,0.0,0.0,0.0,0.0,15795.0 MiB,4035.8 MiB,1996.2 MiB,9762.9 MiB,4096.0 MiB,4092.2 MiB,3.8 MiB,13009.4 MiB
Python 3.4.10,nbody.py 50000000,182,1691146319,552917,python,3:33.41,15288,8016,4736,93.8,0.0,1,4,3:33,0,4,3716,0,1906,0,8016,295,2,277,16,0,13.0,0.8,0.0,86.3,0.0,0.0,0.0,0.0,15795.0 MiB,4035.8 MiB,1996.2 MiB,9762.9 MiB,4096.0 MiB,4092.2 MiB,3.8 MiB,13009.4 MiB
Python 3.4.10,nbody.py 50000000,183,1691146320,552917,python,3:34.58,15288,8016,4736,93.8,0.0,1,0,3:34,0,4,3716,0,1906,0,8016,295,2,277,16,0,12.8,1.5,0.0,85.0,0.8,0.0,0.0,0.0,15795.0 MiB,4035.4 MiB,1996.7 MiB,9762.9 MiB,4096.0 MiB,4092.2 MiB,3.8 MiB,13008.9 MiB
Python 3.4.10,nbody.py 50000000,184,1691146321,552917,python,3:35.76,15288,8016,4736,100.0,0.0,1,4,3:35,0,4,3716,0,1906,0,8016,295,2,277,16,0,12.9,1.5,0.0,85.6,0.0,0.0,0.0,0.0,15795.0 MiB,4035.6 MiB,1996.4 MiB,9762.9 MiB,4096.0 MiB,4092.2 MiB,3.8 MiB,13009.2 MiB
Python 3.4.10,nbody.py 50000000,185,1691146323,552917,python,3:36.93,15288,8016,4736,100.0,0.0,1,4,3:36,0,4,3716,0,1906,0,8016,295,2,277,16,0,13.0,0.8,0.0,86.3,0.0,0.0,0.0,0.0,15795.0 MiB,4036.1 MiB,1995.9 MiB,9762.9 MiB,4096.0 MiB,4092.2 MiB,3.8 MiB,13009.7 MiB
Python 3.4.10,nbody.py 50000000,186,1691146324,552917,python,3:38.10,15288,8016,4736,100.0,0.0,1,4,3:38,0,4,3716,0,1906,0,8016,295,2,277,16,0,12.8,1.5,0.0,85.7,0.0,0.0,0.0,0.0,15795.0 MiB,4035.6 MiB,1996.4 MiB,9762.9 MiB,4096.0 MiB,4092.2 MiB,3.8 MiB,13009.2 MiB
Python 3.4.10,nbody.py 50000000,187,1691146325,552917,python,3:39.28,15288,8016,4736,100.0,0.0,1,4,3:39,0,4,3716,0,1906,0,8016,295,2,277,16,0,13.0,0.8,0.0,86.3,0.0,0.0,0.0,0.0,15795.0 MiB,4035.6 MiB,1996.4 MiB,9762.9 MiB,4096.0 MiB,4092.2 MiB,3.8 MiB,13009.2 MiB
Python 3.4.10,nbody.py 50000000,188,1691146326,552917,python,3:40.45,15288,8016,4736,100.0,0.0,1,4,3:40,0,4,3716,0,1906,0,8016,295,2,277,16,0,13.6,0.0,0.0,86.4,0.0,0.0,0.0,0.0,15795.0 MiB,4034.9 MiB,1997.2 MiB,9762.9 MiB,4096.0 MiB,4092.2 MiB,3.8 MiB,13008.4 MiB
Python 3.4.10,nbody.py 50000000,189,1691146327,552917,python,3:41.62,15288,8016,4736,100.0,0.0,1,4,3:41,0,4,3716,0,1906,0,8016,295,2,277,16,0,13.0,0.8,0.0,86.3,0.0,0.0,0.0,0.0,15795.0 MiB,4034.6 MiB,1997.4 MiB,9762.9 MiB,4096.0 MiB,4092.2 MiB,3.8 MiB,13008.2 MiB
Python 3.4.10,nbody.py 50000000,190,1691146328,552917,python,3:42.79,15288,8016,4736,93.8,0.0,1,4,3:42,0,4,3716,0,1906,0,8016,295,2,277,16,0,12.9,1.5,0.0,85.6,0.0,0.0,0.0,0.0,15795.0 MiB,4034.6 MiB,1997.4 MiB,9762.9 MiB,4096.0 MiB,4092.2 MiB,3.8 MiB,13008.2 MiB
Python 3.4.10,nbody.py 50000000,191,1691146330,552917,python,3:43.96,15288,8016,4736,100.0,0.0,1,0,3:43,0,4,3716,0,1906,0,8016,295,2,277,16,0,13.6,0.8,0.0,85.6,0.0,0.0,0.0,0.0,15795.0 MiB,4034.4 MiB,1997.7 MiB,9762.9 MiB,4096.0 MiB,4092.2 MiB,3.8 MiB,13007.9 MiB
Python 3.4.10,nbody.py 50000000,192,1691146331,552917,python,3:45.14,15288,8016,4736,100.0,0.0,1,0,3:45,0,4,3716,0,1906,0,8016,295,2,277,16,0,12.2,0.8,0.0,87.0,0.0,0.0,0.0,0.0,15795.0 MiB,4034.4 MiB,1997.7 MiB,9762.9 MiB,4096.0 MiB,4092.2 MiB,3.8 MiB,13007.9 MiB
Python 3.4.10,nbody.py 50000000,193,1691146332,552917,python,3:46.31,15288,8016,4736,100.0,0.0,1,0,3:46,0,4,3716,0,1906,0,8016,295,2,277,16,0,12.3,0.8,0.0,86.9,0.0,0.0,0.0,0.0,15795.0 MiB,4034.6 MiB,1997.4 MiB,9762.9 MiB,4096.0 MiB,4092.2 MiB,3.8 MiB,13008.2 MiB
Python 3.4.10,nbody.py 50000000,194,1691146333,552917,python,3:47.48,15288,8016,4736,100.0,0.0,1,0,3:47,0,4,3716,0,1906,0,8016,295,2,277,16,0,13.7,0.8,0.0,85.5,0.0,0.0,0.0,0.0,15795.0 MiB,4034.6 MiB,1997.4 MiB,9762.9 MiB,4096.0 MiB,4092.2 MiB,3.8 MiB,13008.2 MiB
Python 3.4.10,nbody.py 50000000,195,1691146334,552917,python,3:48.66,15288,8016,4736,100.0,0.0,1,0,3:48,0,4,3716,0,1906,0,8016,295,2,277,16,0,12.0,1.5,0.0,85.7,0.0,0.0,0.8,0.0,15795.0 MiB,4034.1 MiB,1997.9 MiB,9762.9 MiB,4096.0 MiB,4092.2 MiB,3.8 MiB,13007.7 MiB
Python 3.4.10,nbody.py 50000000,196,1691146335,552917,python,3:49.83,15288,8016,4736,100.0,0.0,1,0,3:49,0,4,3716,0,1906,0,8016,295,2,277,16,0,12.8,1.5,0.0,85.0,0.0,0.0,0.8,0.0,15795.0 MiB,4034.1 MiB,1997.9 MiB,9762.9 MiB,4096.0 MiB,4092.2 MiB,3.8 MiB,13007.7 MiB
Python 3.4.10,nbody.py 50000000,197,1691146337,552917,python,3:51.00,15288,8016,4736,100.0,0.0,1,4,3:51,0,4,3716,0,1906,0,8016,295,2,277,16,0,13.0,0.8,0.0,86.3,0.0,0.0,0.0,0.0,15795.0 MiB,4034.6 MiB,1997.4 MiB,9762.9 MiB,4096.0 MiB,4092.2 MiB,3.8 MiB,13008.2 MiB
Python 3.4.10,nbody.py 50000000,198,1691146338,552917,python,3:52.17,15288,8016,4736,93.8,0.0,1,4,3:52,0,4,3716,0,1906,0,8016,295,2,277,16,0,13.0,0.8,0.0,86.3,0.0,0.0,0.0,0.0,15795.0 MiB,4034.4 MiB,1997.6 MiB,9763.0 MiB,4096.0 MiB,4092.2 MiB,3.8 MiB,13008.0 MiB
Python 3.4.10,nbody.py 50000000,199,1691146339,552917,python,3:53.34,15288,8016,4736,93.8,0.0,1,0,3:53,0,4,3716,0,1906,0,8016,295,2,277,16,0,12.2,1.5,0.0,86.3,0.0,0.0,0.0,0.0,15795.0 MiB,4034.4 MiB,1997.6 MiB,9763.0 MiB,4096.0 MiB,4092.2 MiB,3.8 MiB,13008.0 MiB
Python 3.4.10,nbody.py 50000000,200,1691146340,552917,python,3:54.52,15288,8016,4736,100.0,0.0,1,0,3:54,0,4,3716,0,1906,0,8016,295,2,277,16,0,12.9,1.5,0.0,85.6,0.0,0.0,0.0,0.0,15795.0 MiB,4034.1 MiB,1997.9 MiB,9763.0 MiB,4096.0 MiB,4092.2 MiB,3.8 MiB,13007.7 MiB
Python 3.4.10,nbody.py 50000000,201,1691146341,552917,python,3:55.69,15288,8016,4736,100.0,0.0,1,0,3:55,0,4,3716,0,1906,0,8016,295,2,277,16,0,13.1,0.0,0.0,86.9,0.0,0.0,0.0,0.0,15795.0 MiB,4034.4 MiB,1997.6 MiB,9763.0 MiB,4096.0 MiB,4092.2 MiB,3.8 MiB,13008.0 MiB
Python 3.4.10,nbody.py 50000000,202,1691146343,552917,python,3:56.86,15288,8016,4736,100.0,0.0,1,0,3:56,0,4,3716,0,1906,0,8016,295,2,277,16,0,12.3,0.8,0.0,86.9,0.0,0.0,0.0,0.0,15795.0 MiB,4034.6 MiB,1997.4 MiB,9763.0 MiB,4096.0 MiB,4092.2 MiB,3.8 MiB,13008.2 MiB
Python 3.4.10,nbody.py 50000000,203,1691146344,552917,python,3:58.04,15288,8016,4736,100.0,0.0,1,4,3:58,0,4,3716,0,1906,0,8016,295,2,277,16,0,13.0,0.8,0.0,86.3,0.0,0.0,0.0,0.0,15795.0 MiB,4034.4 MiB,1997.6 MiB,9763.0 MiB,4096.0 MiB,4092.2 MiB,3.8 MiB,13008.0 MiB
Python 3.4.10,nbody.py 50000000,204,1691146345,552917,python,3:59.21,15288,8016,4736,100.0,0.0,1,4,3:59,0,4,3716,0,1906,0,8016,295,2,277,16,0,12.9,0.8,0.0,86.4,0.0,0.0,0.0,0.0,15795.0 MiB,4034.4 MiB,1997.6 MiB,9763.0 MiB,4096.0 MiB,4092.2 MiB,3.8 MiB,13008.0 MiB
Python 3.4.10,nbody.py 50000000,205,1691146346,552917,python,4:00.38,15288,8016,4736,100.0,0.0,1,4,4:00,0,4,3716,0,1906,0,8016,295,2,277,16,0,13.0,0.8,0.0,86.3,0.0,0.0,0.0,0.0,15795.0 MiB,4034.6 MiB,1997.4 MiB,9763.0 MiB,4096.0 MiB,4092.2 MiB,3.8 MiB,13008.2 MiB
Python 3.4.10,nbody.py 50000000,206,1691146347,552917,python,4:01.55,15288,8016,4736,93.8,0.0,1,4,4:01,0,4,3716,0,1906,0,8016,295,2,277,16,0,13.1,0.0,0.0,86.9,0.0,0.0,0.0,0.0,15795.0 MiB,4035.4 MiB,1996.6 MiB,9763.0 MiB,4096.0 MiB,4092.2 MiB,3.8 MiB,13009.0 MiB
Python 3.4.10,nbody.py 50000000,207,1691146348,552917,python,4:02.72,15288,8016,4736,100.0,0.0,1,4,4:02,0,4,3716,0,1906,0,8016,295,2,277,16,0,12.2,0.8,0.0,87.0,0.0,0.0,0.0,0.0,15795.0 MiB,4035.4 MiB,1996.6 MiB,9763.0 MiB,4096.0 MiB,4092.2 MiB,3.8 MiB,13009.0 MiB
Python 3.4.10,nbody.py 50000000,208,1691146350,552917,python,4:03.90,15288,8016,4736,100.0,0.0,1,4,4:03,0,4,3716,0,1906,0,8016,295,2,277,16,0,13.5,0.8,0.0,85.7,0.0,0.0,0.0,0.0,15795.0 MiB,4034.9 MiB,1997.1 MiB,9763.0 MiB,4096.0 MiB,4092.2 MiB,3.8 MiB,13008.5 MiB
Python 3.4.10,nbody.py 50000000,209,1691146351,552917,python,4:05.07,15288,8016,4736,93.8,0.0,1,4,4:05,0,4,3716,0,1906,0,8016,295,2,277,16,0,12.9,1.5,0.0,85.6,0.0,0.0,0.0,0.0,15795.0 MiB,4034.6 MiB,1997.4 MiB,9763.0 MiB,4096.0 MiB,4092.2 MiB,3.8 MiB,13008.2 MiB
Python 3.4.10,nbody.py 50000000,210,1691146352,552917,python,4:06.25,15288,8016,4736,94.1,0.0,1,4,4:06,0,4,3716,0,1906,0,8016,295,2,277,16,0,12.3,2.2,0.0,85.5,0.0,0.0,0.0,0.0,15795.0 MiB,4034.6 MiB,1997.4 MiB,9763.0 MiB,4096.0 MiB,4092.2 MiB,3.8 MiB,13008.2 MiB
Python 3.4.10,nbody.py 50000000,211,1691146353,552917,python,4:07.43,15288,8016,4736,100.0,0.0,1,0,4:07,0,4,3716,0,1906,0,8016,295,2,277,16,0,12.9,0.8,0.0,86.4,0.0,0.0,0.0,0.0,15795.0 MiB,4034.4 MiB,1997.6 MiB,9763.0 MiB,4096.0 MiB,4092.2 MiB,3.8 MiB,13008.0 MiB
Python 3.4.10,nbody.py 50000000,212,1691146354,552917,python,4:08.60,15288,8016,4736,100.0,0.0,1,0,4:08,0,4,3716,0,1906,0,8016,295,2,277,16,0,12.8,1.5,0.0,85.7,0.0,0.0,0.0,0.0,15795.0 MiB,4034.4 MiB,1997.6 MiB,9763.0 MiB,4096.0 MiB,4092.2 MiB,3.8 MiB,13008.0 MiB
Python 3.4.10,nbody.py 50000000,213,1691146355,552917,python,4:09.77,15288,8016,4736,93.8,0.0,1,0,4:09,0,4,3716,0,1906,0,8016,295,2,277,16,0,12.9,1.5,0.0,85.6,0.0,0.0,0.0,0.0,15795.0 MiB,4034.4 MiB,1997.6 MiB,9763.0 MiB,4096.0 MiB,4092.2 MiB,3.8 MiB,13008.0 MiB
Python 3.4.10,nbody.py 50000000,214,1691146357,552917,python,4:10.94,15288,8016,4736,100.0,0.0,1,0,4:10,0,4,3716,0,1906,0,8016,295,2,277,16,0,13.0,0.0,0.0,87.0,0.0,0.0,0.0,0.0,15795.0 MiB,4034.6 MiB,1997.4 MiB,9763.0 MiB,4096.0 MiB,4092.2 MiB,3.8 MiB,13008.3 MiB
Python 3.4.10,nbody.py 50000000,215,1691146358,552917,python,4:12.12,15288,8016,4736,100.0,0.0,1,0,4:12,0,4,3716,0,1906,0,8016,295,2,277,16,0,13.6,0.8,0.0,85.6,0.0,0.0,0.0,0.0,15795.0 MiB,4034.4 MiB,1997.6 MiB,9763.0 MiB,4096.0 MiB,4092.2 MiB,3.8 MiB,13008.0 MiB
Python 3.4.10,nbody.py 50000000,216,1691146359,552917,python,4:13.29,15288,8016,4736,100.0,0.0,1,0,4:13,0,4,3716,0,1906,0,8016,295,2,277,16,0,12.2,0.8,0.0,87.0,0.0,0.0,0.0,0.0,15795.0 MiB,4034.1 MiB,1997.8 MiB,9763.0 MiB,4096.0 MiB,4092.2 MiB,3.8 MiB,13007.8 MiB
Python 3.4.10,nbody.py 50000000,217,1691146360,552917,python,4:14.46,15288,8016,4736,93.8,0.0,1,4,4:14,0,4,3716,0,1906,0,8016,295,2,277,16,0,13.6,0.8,0.0,85.6,0.0,0.0,0.0,0.0,15795.0 MiB,4034.1 MiB,1997.8 MiB,9763.0 MiB,4096.0 MiB,4092.2 MiB,3.8 MiB,13007.8 MiB
Python 3.4.10,nbody.py 50000000,218,1691146361,552917,python,4:15.64,15288,8016,4736,100.0,0.0,1,4,4:15,0,4,3716,0,1906,0,8016,295,2,277,16,0,12.3,0.8,0.0,86.9,0.0,0.0,0.0,0.0,15795.0 MiB,4034.4 MiB,1997.6 MiB,9763.0 MiB,4096.0 MiB,4092.2 MiB,3.8 MiB,13008.0 MiB
Python 3.4.10,nbody.py 50000000,219,1691146362,552917,python,4:16.81,15288,8016,4736,100.0,0.0,1,4,4:16,0,4,3716,0,1906,0,8016,295,2,277,16,0,12.8,1.5,0.0,85.7,0.0,0.0,0.0,0.0,15795.0 MiB,4034.4 MiB,1997.6 MiB,9763.0 MiB,4096.0 MiB,4092.2 MiB,3.8 MiB,13008.0 MiB
Python 3.4.10,nbody.py 50000000,220,1691146364,552917,python,4:17.98,15288,8016,4736,100.0,0.0,1,0,4:17,0,4,3716,0,1906,0,8016,295,2,277,16,0,13.5,0.8,0.0,85.7,0.0,0.0,0.0,0.0,15795.0 MiB,4034.4 MiB,1997.6 MiB,9763.0 MiB,4096.0 MiB,4092.2 MiB,3.8 MiB,13008.0 MiB
Python 3.4.10,nbody.py 50000000,221,1691146365,552917,python,4:19.16,15288,8016,4736,100.0,0.0,1,0,4:19,0,4,3716,0,1906,0,8016,295,2,277,16,0,13.0,0.8,0.0,86.3,0.0,0.0,0.0,0.0,15795.0 MiB,4034.4 MiB,1997.6 MiB,9763.0 MiB,4096.0 MiB,4092.2 MiB,3.8 MiB,13008.0 MiB
Python 3.4.10,nbody.py 50000000,222,1691146366,552917,python,4:20.33,15288,8016,4736,100.0,0.0,1,4,4:20,0,4,3716,0,1906,0,8016,295,2,277,16,0,13.0,0.8,0.0,86.3,0.0,0.0,0.0,0.0,15795.0 MiB,4034.1 MiB,1997.8 MiB,9763.0 MiB,4096.0 MiB,4092.2 MiB,3.8 MiB,13007.8 MiB
Python 3.4.10,nbody.py 50000000,223,1691146367,552917,python,4:21.50,15288,8016,4736,100.0,0.0,1,0,4:21,0,4,3716,0,1906,0,8016,295,2,277,16,0,12.9,1.5,0.0,84.8,0.8,0.0,0.0,0.0,15795.0 MiB,4034.1 MiB,1997.8 MiB,9763.0 MiB,4096.0 MiB,4092.2 MiB,3.8 MiB,13007.8 MiB
Python 3.4.10,nbody.py 50000000,224,1691146368,552917,python,4:22.67,15288,8016,4736,93.8,0.0,1,0,4:22,0,4,3716,0,1906,0,8016,295,2,277,16,0,13.0,0.8,0.0,86.3,0.0,0.0,0.0,0.0,15795.0 MiB,4034.1 MiB,1997.8 MiB,9763.0 MiB,4096.0 MiB,4092.2 MiB,3.8 MiB,13007.8 MiB
Python 3.4.10,nbody.py 50000000,225,1691146369,552917,python,4:23.84,15288,8016,4736,100.0,0.0,1,0,4:23,0,4,3716,0,1906,0,8016,295,2,277,16,0,13.6,0.0,0.0,86.4,0.0,0.0,0.0,0.0,15795.0 MiB,4034.1 MiB,1997.8 MiB,9763.0 MiB,4096.0 MiB,4092.2 MiB,3.8 MiB,13007.8 MiB
Python 3.4.10,nbody.py 50000000,226,1691146371,552917,python,4:25.02,15288,8016,4736,100.0,0.0,1,0,4:25,0,4,3716,0,1906,0,8016,295,2,277,16,0,13.0,0.8,0.0,86.3,0.0,0.0,0.0,0.0,15795.0 MiB,4034.1 MiB,1997.8 MiB,9763.0 MiB,4096.0 MiB,4092.2 MiB,3.8 MiB,13007.8 MiB
Python 3.4.10,nbody.py 50000000,227,1691146372,552917,python,4:26.19,15288,8016,4736,100.0,0.0,1,0,4:26,0,4,3716,0,1906,0,8016,295,2,277,16,0,12.1,1.5,0.0,86.4,0.0,0.0,0.0,0.0,15795.0 MiB,4034.1 MiB,1997.8 MiB,9763.0 MiB,4096.0 MiB,4092.2 MiB,3.8 MiB,13007.8 MiB
Python 3.4.10,nbody.py 50000000,228,1691146373,552917,python,4:27.36,15288,8016,4736,93.8,0.0,1,0,4:27,0,4,3716,0,1906,0,8016,295,2,277,16,0,12.8,1.5,0.0,85.0,0.0,0.0,0.8,0.0,15795.0 MiB,4034.4 MiB,1997.6 MiB,9763.0 MiB,4096.0 MiB,4092.2 MiB,3.8 MiB,13008.0 MiB
Python 3.4.10,nbody.py 50000000,229,1691146374,552917,python,4:28.53,15288,8016,4736,100.0,0.0,1,0,4:28,0,4,3716,0,1906,0,8016,295,2,277,16,0,12.8,1.5,0.0,85.7,0.0,0.0,0.0,0.0,15795.0 MiB,4034.6 MiB,1997.3 MiB,9763.0 MiB,4096.0 MiB,4092.2 MiB,3.8 MiB,13008.3 MiB
Python 3.4.10,nbody.py 50000000,230,1691146375,552917,python,4:29.71,15288,8016,4736,100.0,0.0,1,0,4:29,0,4,3716,0,1906,0,8016,295,2,277,16,0,12.9,0.8,0.0,86.4,0.0,0.0,0.0,0.0,15795.0 MiB,4034.6 MiB,1997.3 MiB,9763.0 MiB,4096.0 MiB,4092.2 MiB,3.8 MiB,13008.3 MiB
Python 3.4.10,nbody.py 50000000,231,1691146377,552917,python,4:30.88,15288,8016,4736,100.0,0.0,1,0,4:30,0,4,3716,0,1906,0,8016,295,2,277,16,0,13.0,0.8,0.0,86.3,0.0,0.0,0.0,0.0,15795.0 MiB,4034.6 MiB,1997.3 MiB,9763.0 MiB,4096.0 MiB,4092.2 MiB,3.8 MiB,13008.3 MiB
Python 3.4.10,nbody.py 50000000,232,1691146378,552917,python,4:32.05,15288,8016,4736,100.0,0.0,1,4,4:32,0,4,3716,0,1906,0,8016,295,2,277,16,0,13.1,0.0,0.0,86.2,0.8,0.0,0.0,0.0,15795.0 MiB,4033.9 MiB,1998.1 MiB,9763.0 MiB,4096.0 MiB,4092.2 MiB,3.8 MiB,13007.6 MiB
Python 3.4.10,nbody.py 50000000,233,1691146379,552917,python,4:33.23,15288,8016,4736,100.0,0.0,1,4,4:33,0,4,3716,0,1906,0,8016,295,2,277,16,0,13.0,0.8,0.0,86.3,0.0,0.0,0.0,0.0,15795.0 MiB,4034.1 MiB,1997.8 MiB,9763.0 MiB,4096.0 MiB,4092.2 MiB,3.8 MiB,13007.8 MiB
Python 3.4.10,nbody.py 50000000,234,1691146380,552917,python,4:34.40,15288,8016,4736,100.0,0.0,1,4,4:34,0,4,3716,0,1906,0,8016,295,2,277,16,0,12.2,0.8,0.0,87.0,0.0,0.0,0.0,0.0,15795.0 MiB,4034.1 MiB,1997.8 MiB,9763.0 MiB,4096.0 MiB,4092.2 MiB,3.8 MiB,13007.8 MiB
Python 3.4.10,nbody.py 50000000,235,1691146381,552917,python,4:35.58,15288,8016,4736,100.0,0.0,1,4,4:35,0,4,3716,0,1906,0,8016,295,2,277,16,0,12.7,1.5,0.0,85.8,0.0,0.0,0.0,0.0,15795.0 MiB,4033.7 MiB,1998.3 MiB,9763.0 MiB,4096.0 MiB,4092.2 MiB,3.8 MiB,13007.3 MiB
Python 3.4.10,nbody.py 50000000,236,1691146382,552917,python,4:36.75,15288,8016,4736,100.0,0.0,1,4,4:36,0,4,3716,0,1906,0,8016,295,2,277,16,0,12.9,0.8,0.0,86.4,0.0,0.0,0.0,0.0,15795.0 MiB,4033.7 MiB,1998.3 MiB,9763.0 MiB,4096.0 MiB,4092.2 MiB,3.8 MiB,13007.3 MiB
Python 3.4.10,nbody.py 50000000,237,1691146384,552917,python,4:37.92,15288,8016,4736,93.8,0.0,1,4,4:37,0,4,3716,0,1906,0,8016,295,2,277,16,0,13.0,0.8,0.0,86.3,0.0,0.0,0.0,0.0,15795.0 MiB,4033.9 MiB,1998.0 MiB,9763.0 MiB,4096.0 MiB,4092.2 MiB,3.8 MiB,13007.6 MiB
Python 3.4.10,nbody.py 50000000,238,1691146385,552917,python,4:39.09,15288,8016,4736,93.8,0.0,1,4,4:39,0,4,3716,0,1906,0,8016,295,2,277,16,0,12.9,1.5,0.0,85.6,0.0,0.0,0.0,0.0,15795.0 MiB,4033.9 MiB,1998.0 MiB,9763.0 MiB,4096.0 MiB,4092.2 MiB,3.8 MiB,13007.6 MiB
Python 3.4.10,nbody.py 50000000,239,1691146386,552917,python,4:40.27,15288,8016,4736,100.0,0.0,1,4,4:40,0,4,3716,0,1906,0,8016,295,2,277,16,0,13.5,1.5,0.0,85.0,0.0,0.0,0.0,0.0,15795.0 MiB,4033.9 MiB,1998.0 MiB,9763.0 MiB,4096.0 MiB,4092.2 MiB,3.8 MiB,13007.6 MiB
Python 3.4.10,nbody.py 50000000,240,1691146387,552917,python,4:41.44,15288,8016,4736,100.0,0.0,1,4,4:41,0,4,3716,0,1906,0,8016,295,2,277,16,0,12.8,2.3,0.0,85.0,0.0,0.0,0.0,0.0,15795.0 MiB,4034.4 MiB,1997.5 MiB,9763.0 MiB,4096.0 MiB,4092.2 MiB,3.8 MiB,13008.1 MiB
Python 3.4.10,nbody.py 50000000,241,1691146388,552917,python,4:42.61,15288,8016,4736,100.0,0.0,1,4,4:42,0,4,3716,0,1906,0,8016,295,2,277,16,0,13.0,0.8,0.0,86.3,0.0,0.0,0.0,0.0,15795.0 MiB,4034.9 MiB,1997.1 MiB,9763.0 MiB,4096.0 MiB,4092.2 MiB,3.8 MiB,13008.6 MiB
Python 3.4.10,nbody.py 50000000,242,1691146389,552917,python,4:43.79,15288,8016,4736,100.0,0.0,1,0,4:43,0,4,3716,0,1906,0,8016,295,2,277,16,0,13.0,0.8,0.0,86.3,0.0,0.0,0.0,0.0,15795.0 MiB,4035.1 MiB,1996.8 MiB,9763.0 MiB,4096.0 MiB,4092.2 MiB,3.8 MiB,13008.8 MiB
Python 3.4.10,nbody.py 50000000,243,1691146391,552917,python,4:44.96,15288,8016,4736,100.0,0.0,1,0,4:44,0,4,3716,0,1906,0,8016,295,2,277,16,0,12.2,1.5,0.0,86.3,0.0,0.0,0.0,0.0,15795.0 MiB,4035.1 MiB,1996.8 MiB,9763.0 MiB,4096.0 MiB,4092.2 MiB,3.8 MiB,13008.8 MiB
Python 3.4.10,nbody.py 50000000,244,1691146392,552917,python,4:46.13,15288,8016,4736,100.0,0.0,1,0,4:46,0,4,3716,0,1906,0,8016,295,2,277,16,0,12.3,0.8,0.0,86.9,0.0,0.0,0.0,0.0,15795.0 MiB,4035.1 MiB,1996.8 MiB,9763.0 MiB,4096.0 MiB,4092.2 MiB,3.8 MiB,13008.8 MiB
Python 3.4.10,nbody.py 50000000,245,1691146393,552917,python,4:47.30,15288,8016,4736,93.8,0.0,1,0,4:47,0,4,3716,0,1906,0,8016,295,2,277,16,0,13.0,0.8,0.0,86.3,0.0,0.0,0.0,0.0,15795.0 MiB,4035.1 MiB,1996.8 MiB,9763.0 MiB,4096.0 MiB,4092.2 MiB,3.8 MiB,13008.8 MiB
Python 3.4.10,nbody.py 50000000,246,1691146394,552917,python,4:48.47,15288,8016,4736,100.0,0.0,1,0,4:48,0,4,3716,0,1906,0,8016,295,2,277,16,0,12.9,1.5,0.0,85.6,0.0,0.0,0.0,0.0,15795.0 MiB,4035.1 MiB,1996.8 MiB,9763.0 MiB,4096.0 MiB,4092.2 MiB,3.8 MiB,13008.8 MiB
Python 3.4.10,nbody.py 50000000,247,1691146395,552917,python,4:49.65,15288,8016,4736,100.0,0.0,1,0,4:49,0,4,3716,0,1906,0,8016,295,2,277,16,0,12.9,0.8,0.0,85.6,0.8,0.0,0.0,0.0,15795.0 MiB,4035.1 MiB,1996.8 MiB,9763.1 MiB,4096.0 MiB,4092.2 MiB,3.8 MiB,13008.8 MiB
Python 3.4.10,nbody.py 50000000,248,1691146396,552917,python,4:50.82,15288,8016,4736,100.0,0.0,1,0,4:50,0,4,3716,0,1906,0,8016,295,2,277,16,0,12.2,1.5,0.0,86.3,0.0,0.0,0.0,0.0,15795.0 MiB,4035.6 MiB,1996.3 MiB,9763.1 MiB,4096.0 MiB,4092.2 MiB,3.8 MiB,13009.3 MiB
Python 3.4.10,nbody.py 50000000,249,1691146398,552917,python,4:51.99,15288,8016,4736,100.0,0.0,1,0,4:51,0,4,3716,0,1906,0,8016,295,2,277,16,0,13.0,0.8,0.0,86.3,0.0,0.0,0.0,0.0,15795.0 MiB,4035.9 MiB,1996.0 MiB,9763.1 MiB,4096.0 MiB,4092.2 MiB,3.8 MiB,13009.6 MiB
Python 3.4.10,nbody.py 50000000,250,1691146399,552917,python,4:53.16,15288,8016,4736,100.0,0.0,1,0,4:53,0,4,3716,0,1906,0,8016,295,2,277,16,0,12.3,0.8,0.0,86.9,0.0,0.0,0.0,0.0,15795.0 MiB,4035.9 MiB,1996.0 MiB,9763.1 MiB,4096.0 MiB,4092.2 MiB,3.8 MiB,13009.6 MiB
Python 3.4.10,nbody.py 50000000,251,1691146400,552917,python,4:54.33,15288,8016,4736,93.8,0.0,1,0,4:54,0,4,3716,0,1906,0,8016,295,2,277,16,0,14.2,1.5,0.0,84.3,0.0,0.0,0.0,0.0,15795.0 MiB,4035.6 MiB,1996.3 MiB,9763.1 MiB,4096.0 MiB,4092.2 MiB,3.8 MiB,13009.3 MiB
Python 3.4.10,nbody.py 50000000,252,1691146401,552917,python,4:55.51,15288,8016,4736,100.0,0.0,1,0,4:55,0,4,3716,0,1906,0,8016,295,2,277,16,0,13.5,0.8,0.0,85.0,0.8,0.0,0.0,0.0,15795.0 MiB,4035.6 MiB,1996.3 MiB,9763.1 MiB,4096.0 MiB,4092.2 MiB,3.8 MiB,13009.3 MiB
Python 3.4.10,nbody.py 50000000,253,1691146402,552917,python,4:56.68,15288,8016,4736,100.0,0.0,1,0,4:56,0,4,3716,0,1906,0,8016,295,2,277,16,0,13.0,0.8,0.0,86.3,0.0,0.0,0.0,0.0,15795.0 MiB,4035.6 MiB,1996.3 MiB,9763.1 MiB,4096.0 MiB,4092.2 MiB,3.8 MiB,13009.3 MiB
Python 3.4.10,nbody.py 50000000,254,1691146404,552917,python,4:57.85,15288,8016,4736,100.0,0.0,1,0,4:57,0,4,3716,0,1906,0,8016,295,2,277,16,0,13.7,0.8,0.0,85.5,0.0,0.0,0.0,0.0,15795.0 MiB,4035.6 MiB,1996.3 MiB,9763.1 MiB,4096.0 MiB,4092.2 MiB,3.8 MiB,13009.4 MiB
Python 3.4.10,nbody.py 50000000,255,1691146405,552917,python,4:59.03,15288,8016,4736,100.0,0.0,1,0,4:59,0,4,3716,0,1906,0,8016,295,2,277,16,0,13.7,0.0,0.0,86.3,0.0,0.0,0.0,0.0,15795.0 MiB,4035.1 MiB,1996.8 MiB,9763.1 MiB,4096.0 MiB,4092.2 MiB,3.8 MiB,13008.9 MiB
Python 3.4.10,nbody.py 50000000,256,1691146406,552917,python,5:00.20,15288,8016,4736,100.0,0.0,1,0,5:00,0,4,3716,0,1906,0,8016,295,2,277,16,0,14.3,0.8,0.0,85.0,0.0,0.0,0.0,0.0,15795.0 MiB,4035.1 MiB,1996.7 MiB,9763.1 MiB,4096.0 MiB,4092.2 MiB,3.8 MiB,13008.9 MiB
Python 3.4.10,nbody.py 50000000,257,1691146407,552917,python,5:01.37,15288,8016,4736,93.8,0.0,1,4,5:01,0,4,3716,0,1906,0,8016,295,2,277,16,0,13.4,0.7,0.0,85.8,0.0,0.0,0.0,0.0,15795.0 MiB,4035.4 MiB,1996.5 MiB,9763.1 MiB,4096.0 MiB,4092.2 MiB,3.8 MiB,13009.1 MiB
Python 3.4.10,nbody.py 50000000,258,1691146408,552917,python,5:02.55,15288,8016,4736,100.0,0.0,1,4,5:02,0,4,3716,0,1906,0,8016,295,2,277,16,0,12.9,0.8,0.0,86.4,0.0,0.0,0.0,0.0,15795.0 MiB,4035.4 MiB,1996.5 MiB,9763.1 MiB,4096.0 MiB,4092.2 MiB,3.8 MiB,13009.1 MiB
Python 3.4.10,nbody.py 50000000,259,1691146409,552917,python,5:03.72,15288,8016,4736,100.0,0.0,1,4,5:03,0,4,3716,0,1906,0,8016,295,2,277,16,0,12.3,0.8,0.0,86.9,0.0,0.0,0.0,0.0,15795.0 MiB,4035.6 MiB,1996.2 MiB,9763.1 MiB,4096.0 MiB,4092.2 MiB,3.8 MiB,13009.4 MiB
Python 3.4.10,nbody.py 50000000,260,1691146411,552917,python,5:04.89,15288,8016,4736,100.0,0.0,1,4,5:04,0,4,3716,0,1906,0,8016,295,2,277,16,0,13.6,0.8,0.0,85.6,0.0,0.0,0.0,0.0,15795.0 MiB,4035.4 MiB,1996.5 MiB,9763.1 MiB,4096.0 MiB,4092.2 MiB,3.8 MiB,13009.1 MiB
Python 3.4.10,nbody.py 50000000,261,1691146412,552917,python,5:06.07,15288,8016,4736,100.0,0.0,1,4,5:06,0,4,3716,0,1906,0,8016,295,2,277,16,0,13.0,0.8,0.0,86.3,0.0,0.0,0.0,0.0,15795.0 MiB,4035.6 MiB,1996.2 MiB,9763.1 MiB,4096.0 MiB,4092.2 MiB,3.8 MiB,13009.4 MiB
Python 3.4.10,nbody.py 50000000,262,1691146413,552917,python,5:07.24,15288,8016,4736,100.0,0.0,1,0,5:07,0,4,3716,0,1906,0,8016,295,2,277,16,0,12.9,0.8,0.0,86.4,0.0,0.0,0.0,0.0,15795.0 MiB,4035.6 MiB,1996.2 MiB,9763.1 MiB,4096.0 MiB,4092.2 MiB,3.8 MiB,13009.4 MiB
Python 3.4.10,nbody.py 50000000,263,1691146414,552917,python,5:08.41,15288,8016,4736,100.0,0.0,1,0,5:08,0,4,3716,0,1906,0,8016,295,2,277,16,0,13.0,0.8,0.0,86.3,0.0,0.0,0.0,0.0,15795.0 MiB,4035.1 MiB,1996.7 MiB,9763.1 MiB,4096.0 MiB,4092.2 MiB,3.8 MiB,13008.9 MiB
Python 3.4.10,nbody.py 50000000,264,1691146415,552917,python,5:09.59,15288,8016,4736,100.0,0.0,1,0,5:09,0,4,3716,0,1906,0,8016,295,2,277,16,0,13.0,0.8,0.0,86.3,0.0,0.0,0.0,0.0,15795.0 MiB,4034.7 MiB,1997.2 MiB,9763.1 MiB,4096.0 MiB,4092.2 MiB,3.8 MiB,13008.4 MiB
Python 3.4.10,nbody.py 50000000,265,1691146416,552917,python,5:10.76,15288,8016,4736,100.0,0.0,1,0,5:10,0,4,3716,0,1906,0,8016,295,2,277,16,0,12.2,0.8,0.0,87.0,0.0,0.0,0.0,0.0,15795.0 MiB,4034.4 MiB,1997.5 MiB,9763.1 MiB,4096.0 MiB,4092.2 MiB,3.8 MiB,13008.2 MiB
Python 3.4.10,nbody.py 50000000,266,1691146418,552917,python,5:11.93,15288,8016,4736,100.0,0.0,1,0,5:11,0,4,3716,0,1906,0,8016,295,2,277,16,0,13.1,0.8,0.0,86.2,0.0,0.0,0.0,0.0,15795.0 MiB,4034.7 MiB,1997.2 MiB,9763.1 MiB,4096.0 MiB,4092.2 MiB,3.8 MiB,13008.4 MiB
Python 3.4.10,nbody.py 50000000,267,1691146419,552917,python,5:13.10,15288,8016,4736,100.0,0.0,1,0,5:13,0,4,3716,0,1906,0,8016,295,2,277,16,0,13.6,0.8,0.0,85.6,0.0,0.0,0.0,0.0,15795.0 MiB,4034.7 MiB,1997.2 MiB,9763.1 MiB,4096.0 MiB,4092.2 MiB,3.8 MiB,13008.4 MiB
Python 3.4.10,nbody.py 50000000,268,1691146420,552917,python,5:14.27,15288,8016,4736,100.0,0.0,1,0,5:14,0,4,3716,0,1906,0,8016,295,2,277,16,0,12.9,0.8,0.0,86.4,0.0,0.0,0.0,0.0,15795.0 MiB,4034.7 MiB,1997.2 MiB,9763.1 MiB,4096.0 MiB,4092.2 MiB,3.8 MiB,13008.4 MiB
Python 3.4.10,nbody.py 50000000,269,1691146421,552917,python,5:15.45,15288,8016,4736,100.0,0.0,1,0,5:15,0,4,3716,0,1906,0,8016,295,2,277,16,0,12.2,1.5,0.0,86.3,0.0,0.0,0.0,0.0,15795.0 MiB,4034.7 MiB,1997.2 MiB,9763.1 MiB,4096.0 MiB,4092.2 MiB,3.8 MiB,13008.4 MiB
Python 3.4.10,nbody.py 50000000,270,1691146422,552917,python,5:16.62,15288,8016,4736,100.0,0.0,1,0,5:16,0,4,3716,0,1906,0,8016,295,2,277,16,0,12.2,1.5,0.0,86.3,0.0,0.0,0.0,0.0,15795.0 MiB,4034.7 MiB,1997.2 MiB,9763.1 MiB,4096.0 MiB,4092.2 MiB,3.8 MiB,13008.4 MiB
Python 3.4.10,nbody.py 50000000,271,1691146423,552917,python,5:17.79,15288,8016,4736,100.0,0.0,1,0,5:17,0,4,3716,0,1906,0,8016,295,2,277,16,0,14.9,0.7,0.0,84.3,0.0,0.0,0.0,0.0,15795.0 MiB,4034.4 MiB,1997.4 MiB,9763.1 MiB,4096.0 MiB,4092.2 MiB,3.8 MiB,13008.2 MiB
Python 3.4.10,nbody.py 50000000,272,1691146425,552917,python,5:18.96,15288,8016,4736,93.8,0.0,1,0,5:18,0,4,3716,0,1906,0,8016,295,2,277,16,0,12.9,0.8,0.0,86.4,0.0,0.0,0.0,0.0,15795.0 MiB,4034.7 MiB,1997.2 MiB,9763.1 MiB,4096.0 MiB,4092.2 MiB,3.8 MiB,13008.4 MiB
Python 3.4.10,nbody.py 50000000,273,1691146426,552917,python,5:20.14,15288,8016,4736,100.0,0.0,1,0,5:20,0,4,3716,0,1906,0,8016,295,2,277,16,0,12.3,1.5,0.0,86.2,0.0,0.0,0.0,0.0,15795.0 MiB,4034.7 MiB,1997.2 MiB,9763.1 MiB,4096.0 MiB,4092.2 MiB,3.8 MiB,13008.4 MiB
Python 3.4.10,nbody.py 50000000,274,1691146427,552917,python,5:21.31,15288,8016,4736,100.0,0.0,1,0,5:21,0,4,3716,0,1906,0,8016,295,2,277,16,0,13.6,0.8,0.0,85.6,0.0,0.0,0.0,0.0,15795.0 MiB,4034.9 MiB,1996.9 MiB,9763.1 MiB,4096.0 MiB,4092.2 MiB,3.8 MiB,13008.7 MiB
Python 3.4.10,nbody.py 50000000,275,1691146428,552917,python,5:22.48,15288,8016,4736,100.0,0.0,1,0,5:22,0,4,3716,0,1906,0,8016,295,2,277,16,0,13.0,0.8,0.0,85.5,0.8,0.0,0.0,0.0,15795.0 MiB,4034.7 MiB,1997.2 MiB,9763.1 MiB,4096.0 MiB,4092.2 MiB,3.8 MiB,13008.4 MiB
Python 3.4.10,nbody.py 50000000,276,1691146429,552917,python,5:23.66,15288,8016,4736,100.0,0.0,1,4,5:23,0,4,3716,0,1906,0,8016,295,2,277,16,0,12.3,1.4,0.0,86.2,0.0,0.0,0.0,0.0,15795.0 MiB,4034.7 MiB,1997.2 MiB,9763.1 MiB,4096.0 MiB,4092.2 MiB,3.8 MiB,13008.4 MiB
Python 3.4.10,nbody.py 50000000,277,1691146430,552917,python,5:24.84,15288,8016,4736,100.0,0.0,1,4,5:24,0,4,3716,0,1906,0,8016,295,2,277,16,0,12.9,0.8,0.0,86.4,0.0,0.0,0.0,0.0,15795.0 MiB,4034.9 MiB,1996.9 MiB,9763.1 MiB,4096.0 MiB,4092.2 MiB,3.8 MiB,13008.7 MiB
Python 3.4.10,nbody.py 50000000,278,1691146432,552917,python,5:26.01,15288,8016,4736,100.0,0.0,1,4,5:26,0,4,3716,0,1906,0,8016,295,2,277,16,0,13.0,0.8,0.0,86.3,0.0,0.0,0.0,0.0,15795.0 MiB,4034.9 MiB,1996.9 MiB,9763.1 MiB,4096.0 MiB,4092.2 MiB,3.8 MiB,13008.7 MiB
Python 3.4.10,nbody.py 50000000,279,1691146433,552917,python,5:27.18,15288,8016,4736,100.0,0.0,1,0,5:27,0,4,3716,0,1906,0,8016,295,2,277,16,0,12.9,1.5,0.0,85.6,0.0,0.0,0.0,0.0,15795.0 MiB,4035.1 MiB,1996.7 MiB,9763.1 MiB,4096.0 MiB,4092.2 MiB,3.8 MiB,13008.9 MiB
Python 3.4.10,nbody.py 50000000,280,1691146434,552917,python,5:28.35,15288,8016,4736,93.8,0.0,1,4,5:28,0,4,3716,0,1906,0,8016,295,2,277,16,0,12.9,1.5,0.0,85.6,0.0,0.0,0.0,0.0,15795.0 MiB,4035.1 MiB,1996.7 MiB,9763.2 MiB,4096.0 MiB,4092.2 MiB,3.8 MiB,13008.9 MiB
Python 3.4.10,nbody.py 50000000,281,1691146435,552917,python,5:29.53,15288,8016,4736,100.0,0.0,1,0,5:29,0,4,3716,0,1906,0,8016,295,2,277,16,0,13.5,1.5,0.0,85.0,0.0,0.0,0.0,0.0,15795.0 MiB,4035.1 MiB,1996.7 MiB,9763.2 MiB,4096.0 MiB,4092.2 MiB,3.8 MiB,13008.9 MiB
Python 3.4.10,nbody.py 50000000,282,1691146436,552917,python,5:30.70,15288,8016,4736,100.0,0.0,1,0,5:30,0,4,3716,0,1906,0,8016,295,2,277,16,0,12.9,0.8,0.0,86.4,0.0,0.0,0.0,0.0,15795.0 MiB,4035.4 MiB,1996.4 MiB,9763.2 MiB,4096.0 MiB,4092.2 MiB,3.8 MiB,13009.2 MiB
Python 3.4.10,nbody.py 50000000,283,1691146438,552917,python,5:31.87,15288,8016,4736,100.0,0.0,1,0,5:31,0,4,3716,0,1906,0,8016,295,2,277,16,0,12.9,0.8,0.0,86.4,0.0,0.0,0.0,0.0,15795.0 MiB,4035.6 MiB,1996.2 MiB,9763.2 MiB,4096.0 MiB,4092.2 MiB,3.8 MiB,13009.4 MiB
Python 3.4.10,nbody.py 50000000,284,1691146439,552917,python,5:33.04,15288,8016,4736,93.8,0.0,1,0,5:33,0,4,3716,0,1906,0,8016,295,2,277,16,0,13.0,0.8,0.0,85.5,0.8,0.0,0.0,0.0,15795.0 MiB,4035.4 MiB,1996.4 MiB,9763.2 MiB,4096.0 MiB,4092.2 MiB,3.8 MiB,13009.2 MiB
Python 3.4.10,nbody.py 50000000,285,1691146440,552917,python,5:34.22,15288,8016,4736,100.0,0.0,1,4,5:34,0,4,3716,0,1906,0,8016,295,2,277,16,0,13.5,1.5,0.0,85.0,0.0,0.0,0.0,0.0,15795.0 MiB,4035.6 MiB,1996.2 MiB,9763.2 MiB,4096.0 MiB,4092.2 MiB,3.8 MiB,13009.5 MiB
Python 3.4.10,nbody.py 50000000,286,1691146441,552917,python,5:35.39,15288,8016,4736,100.0,0.0,1,4,5:35,0,4,3716,0,1906,0,8016,295,2,277,16,0,13.6,0.8,0.0,85.6,0.0,0.0,0.0,0.0,15795.0 MiB,4035.6 MiB,1996.2 MiB,9763.2 MiB,4096.0 MiB,4092.2 MiB,3.8 MiB,13009.5 MiB
Python 3.4.10,nbody.py 50000000,287,1691146442,552917,python,5:36.56,15288,8016,4736,100.0,0.0,1,4,5:36,0,4,3716,0,1906,0,8016,295,2,277,16,0,12.9,0.8,0.0,86.4,0.0,0.0,0.0,0.0,15795.0 MiB,4035.6 MiB,1996.2 MiB,9763.2 MiB,4096.0 MiB,4092.2 MiB,3.8 MiB,13009.5 MiB
Python 3.4.10,nbody.py 50000000,288,1691146443,552917,python,5:37.74,15288,8016,4736,100.0,0.0,1,4,5:37,0,4,3716,0,1906,0,8016,295,2,277,16,0,13.7,0.0,0.0,86.3,0.0,0.0,0.0,0.0,15795.0 MiB,4035.6 MiB,1996.1 MiB,9763.2 MiB,4096.0 MiB,4092.2 MiB,3.8 MiB,13009.5 MiB
Python 3.4.10,nbody.py 50000000,289,1691146445,552917,python,5:38.91,15288,8016,4736,100.0,0.0,1,4,5:38,0,4,3716,0,1906,0,8016,295,2,277,16,0,12.9,0.8,0.0,86.4,0.0,0.0,0.0,0.0,15795.0 MiB,4035.6 MiB,1996.1 MiB,9763.2 MiB,4096.0 MiB,4092.2 MiB,3.8 MiB,13009.5 MiB
Python 3.4.10,nbody.py 50000000,290,1691146446,552917,python,5:40.08,15288,8016,4736,100.0,0.0,1,0,5:40,0,4,3716,0,1906,0,8016,295,2,277,16,0,13.0,0.8,0.0,86.3,0.0,0.0,0.0,0.0,15795.0 MiB,4035.9 MiB,1995.9 MiB,9763.2 MiB,4096.0 MiB,4092.2 MiB,3.8 MiB,13009.7 MiB
Python 3.4.10,nbody.py 50000000,291,1691146447,552917,python,5:41.25,15288,8016,4736,100.0,0.0,1,0,5:41,0,4,3716,0,1906,0,8016,295,2,277,16,0,13.0,0.8,0.0,86.3,0.0,0.0,0.0,0.0,15795.0 MiB,4036.6 MiB,1995.2 MiB,9763.2 MiB,4096.0 MiB,4092.2 MiB,3.8 MiB,13010.5 MiB
Python 3.4.10,nbody.py 50000000,292,1691146448,552917,python,5:42.42,15288,8016,4736,93.8,0.0,1,0,5:42,0,4,3716,0,1906,0,8016,295,2,277,16,0,12.3,1.5,0.0,86.2,0.0,0.0,0.0,0.0,15795.0 MiB,4036.6 MiB,1995.2 MiB,9763.2 MiB,4096.0 MiB,4092.2 MiB,3.8 MiB,13010.5 MiB
Python 3.4.10,nbody.py 50000000,293,1691146449,552917,python,5:43.60,15288,8016,4736,100.0,0.0,1,0,5:43,0,4,3716,0,1906,0,8016,295,2,277,16,0,12.9,1.5,0.0,85.6,0.0,0.0,0.0,0.0,15795.0 MiB,4036.4 MiB,1995.4 MiB,9763.2 MiB,4096.0 MiB,4092.2 MiB,3.8 MiB,13010.2 MiB
Python 3.4.10,nbody.py 50000000,294,1691146450,552917,python,5:44.77,15288,8016,4736,100.0,0.0,1,0,5:44,0,4,3716,0,1906,0,8016,295,2,277,16,0,13.0,0.8,0.0,86.3,0.0,0.0,0.0,0.0,15795.0 MiB,4036.6 MiB,1995.2 MiB,9763.2 MiB,4096.0 MiB,4092.2 MiB,3.8 MiB,13010.5 MiB
Python 3.4.10,nbody.py 50000000,295,1691146452,552917,python,5:45.94,15288,8016,4736,100.0,0.0,1,0,5:45,0,4,3716,0,1906,0,8016,295,2,277,16,0,12.3,0.8,0.0,86.9,0.0,0.0,0.0,0.0,15795.0 MiB,4036.9 MiB,1994.9 MiB,9763.2 MiB,4096.0 MiB,4092.2 MiB,3.8 MiB,13010.7 MiB
Python 3.4.10,nbody.py 50000000,296,1691146453,552917,python,5:47.11,15288,8016,4736,93.8,0.0,1,0,5:47,0,4,3716,0,1906,0,8016,295,2,277,16,0,13.7,0.0,0.0,86.3,0.0,0.0,0.0,0.0,15795.0 MiB,4036.4 MiB,1995.4 MiB,9763.2 MiB,4096.0 MiB,4092.2 MiB,3.8 MiB,13010.2 MiB
Python 3.4.10,nbody.py 50000000,297,1691146454,552917,python,5:48.28,15288,8016,4736,93.8,0.0,1,0,5:48,0,4,3716,0,1906,0,8016,295,2,277,16,0,13.6,0.8,0.0,85.6,0.0,0.0,0.0,0.0,15795.0 MiB,4036.4 MiB,1995.4 MiB,9763.2 MiB,4096.0 MiB,4092.2 MiB,3.8 MiB,13010.2 MiB
Python 3.4.10,nbody.py 50000000,298,1691146455,552917,python,5:49.46,15288,8016,4736,100.0,0.0,1,0,5:49,0,4,3716,0,1906,0,8016,295,2,277,16,0,13.0,1.5,0.0,85.5,0.0,0.0,0.0,0.0,15795.0 MiB,4036.4 MiB,1995.4 MiB,9763.2 MiB,4096.0 MiB,4092.2 MiB,3.8 MiB,13010.2 MiB
Python 3.4.10,nbody.py 50000000,299,1691146456,552917,python,5:50.63,15288,8016,4736,100.0,0.0,1,0,5:50,0,4,3716,0,1906,0,8016,295,2,277,16,0,13.6,0.0,0.0,86.4,0.0,0.0,0.0,0.0,15795.0 MiB,4036.4 MiB,1995.4 MiB,9763.2 MiB,4096.0 MiB,4092.2 MiB,3.8 MiB,13010.2 MiB
Python 3.4.10,nbody.py 50000000,300,1691146457,552917,python,5:51.80,15288,8016,4736,100.0,0.0,1,0,5:51,0,4,3716,0,1906,0,8016,295,2,277,16,0,14.3,0.8,0.0,85.0,0.0,0.0,0.0,0.0,15795.0 MiB,4036.4 MiB,1995.4 MiB,9763.2 MiB,4096.0 MiB,4092.2 MiB,3.8 MiB,13010.2 MiB
Python 3.4.10,nbody.py 50000000,301,1691146459,552917,python,5:52.98,15288,8016,4736,100.0,0.0,1,0,5:52,0,4,3716,0,1906,0,8016,295,2,277,16,0,14.2,0.7,0.0,85.1,0.0,0.0,0.0,0.0,15795.0 MiB,4036.1 MiB,1995.6 MiB,9763.2 MiB,4096.0 MiB,4092.2 MiB,3.8 MiB,13010.0 MiB
Python 3.4.10,nbody.py 50000000,302,1691146460,552917,python,5:54.15,15288,8016,4736,100.0,0.0,1,0,5:54,0,4,3716,0,1906,0,8016,295,2,277,16,0,13.0,0.8,0.0,86.3,0.0,0.0,0.0,0.0,15795.0 MiB,4036.4 MiB,1995.4 MiB,9763.2 MiB,4096.0 MiB,4092.2 MiB,3.8 MiB,13010.2 MiB
Python 3.4.10,nbody.py 50000000,303,1691146461,552917,python,5:55.32,15288,8016,4736,100.0,0.0,1,0,5:55,0,4,3716,0,1906,0,8016,295,2,277,16,0,12.9,1.5,0.0,85.6,0.0,0.0,0.0,0.0,15795.0 MiB,4036.4 MiB,1995.4 MiB,9763.2 MiB,4096.0 MiB,4092.2 MiB,3.8 MiB,13010.2 MiB
Python 3.4.10,nbody.py 50000000,304,1691146462,552917,python,5:56.49,15288,8016,4736,100.0,0.0,1,0,5:56,0,4,3716,0,1906,0,8016,295,2,277,16,0,13.0,0.8,0.0,85.5,0.8,0.0,0.0,0.0,15795.0 MiB,4036.4 MiB,1995.4 MiB,9763.2 MiB,4096.0 MiB,4092.2 MiB,3.8 MiB,13010.2 MiB
Python 3.4.10,nbody.py 50000000,305,1691146463,552917,python,5:57.66,15288,8016,4736,93.8,0.0,1,0,5:57,0,4,3716,0,1906,0,8016,295,2,277,16,0,13.0,0.8,0.0,86.3,0.0,0.0,0.0,0.0,15795.0 MiB,4036.1 MiB,1995.6 MiB,9763.2 MiB,4096.0 MiB,4092.2 MiB,3.8 MiB,13010.0 MiB
Python 3.4.10,nbody.py 50000000,306,1691146464,552917,python,5:58.83,15288,8016,4736,93.8,0.0,1,0,5:58,0,4,3716,0,1906,0,8016,295,2,277,16,0,13.0,0.8,0.0,86.3,0.0,0.0,0.0,0.0,15795.0 MiB,4036.1 MiB,1995.6 MiB,9763.2 MiB,4096.0 MiB,4092.2 MiB,3.8 MiB,13010.0 MiB
Python 3.4.10,nbody.py 50000000,307,1691146466,552917,python,6:00.01,15288,8016,4736,100.0,0.0,1,0,6:00,0,4,3716,0,1906,0,8016,295,2,277,16,0,13.0,0.8,0.0,86.3,0.0,0.0,0.0,0.0,15795.0 MiB,4036.1 MiB,1995.6 MiB,9763.2 MiB,4096.0 MiB,4092.2 MiB,3.8 MiB,13010.0 MiB
Python 3.4.10,nbody.py 50000000,308,1691146467,552917,python,6:01.18,15288,8016,4736,100.0,0.0,1,0,6:01,0,4,3716,0,1906,0,8016,295,2,277,16,0,12.3,0.8,0.0,86.9,0.0,0.0,0.0,0.0,15795.0 MiB,4035.9 MiB,1995.8 MiB,9763.2 MiB,4096.0 MiB,4092.2 MiB,3.8 MiB,13009.8 MiB
Python 3.4.10,nbody.py 50000000,309,1691146468,552917,python,6:02.35,15288,8016,4736,100.0,0.0,1,0,6:02,0,4,3716,0,1906,0,8016,295,2,277,16,0,13.0,0.8,0.0,86.3,0.0,0.0,0.0,0.0,15795.0 MiB,4035.9 MiB,1995.8 MiB,9763.2 MiB,4096.0 MiB,4092.2 MiB,3.8 MiB,13009.8 MiB
Python 3.4.10,nbody.py 50000000,310,1691146469,552917,python,6:03.52,15288,8016,4736,93.8,0.0,1,0,6:03,0,4,3716,0,1906,0,8016,295,2,277,16,0,13.6,0.8,0.0,85.6,0.0,0.0,0.0,0.0,15795.0 MiB,4035.7 MiB,1996.1 MiB,9763.2 MiB,4096.0 MiB,4092.2 MiB,3.8 MiB,13009.5 MiB
Python 3.4.10,nbody.py 50000000,311,1691146470,552917,python,6:04.69,15288,8016,4736,93.8,0.0,1,0,6:04,0,4,3716,0,1906,0,8016,295,2,277,16,0,13.7,1.5,0.0,84.7,0.0,0.0,0.0,0.0,15795.0 MiB,4035.7 MiB,1996.1 MiB,9763.2 MiB,4096.0 MiB,4092.2 MiB,3.8 MiB,13009.5 MiB
Python 3.4.10,nbody.py 50000000,312,1691146472,552917,python,6:05.87,15288,8016,4736,100.0,0.0,1,0,6:05,0,4,3716,0,1906,0,8016,295,2,277,16,0,13.1,0.0,0.0,86.9,0.0,0.0,0.0,0.0,15795.0 MiB,4035.9 MiB,1995.8 MiB,9763.2 MiB,4096.0 MiB,4092.2 MiB,3.8 MiB,13009.8 MiB
Python 3.4.10,nbody.py 50000000,313,1691146473,552917,python,6:07.04,15288,8016,4736,100.0,0.0,1,0,6:07,0,4,3716,0,1906,0,8016,295,2,277,16,0,13.0,0.8,0.0,86.3,0.0,0.0,0.0,0.0,15795.0 MiB,4036.1 MiB,1995.6 MiB,9763.2 MiB,4096.0 MiB,4092.2 MiB,3.8 MiB,13010.0 MiB
Python 3.4.10,nbody.py 50000000,314,1691146474,552917,python,6:08.21,15288,8016,4736,100.0,0.0,1,0,6:08,0,4,3716,0,1906,0,8016,295,2,277,16,0,12.9,0.8,0.0,86.4,0.0,0.0,0.0,0.0,15795.0 MiB,4036.1 MiB,1995.6 MiB,9763.2 MiB,4096.0 MiB,4092.2 MiB,3.8 MiB,13010.0 MiB
Python 3.4.10,nbody.py 50000000,315,1691146475,552917,python,6:09.39,15288,8016,4736,100.0,0.0,1,0,6:09,0,4,3716,0,1906,0,8016,295,2,277,16,0,13.0,0.8,0.0,86.3,0.0,0.0,0.0,0.0,15795.0 MiB,4035.9 MiB,1995.8 MiB,9763.3 MiB,4096.0 MiB,4092.2 MiB,3.8 MiB,13009.8 MiB
Python 3.4.10,nbody.py 50000000,316,1691146476,552917,python,6:10.56,15288,8016,4736,100.0,0.0,1,0,6:10,0,4,3716,0,1906,0,8016,295,2,277,16,0,13.0,0.8,0.0,86.3,0.0,0.0,0.0,0.0,15795.0 MiB,4035.7 MiB,1996.1 MiB,9763.3 MiB,4096.0 MiB,4092.2 MiB,3.8 MiB,13009.6 MiB
Python 3.4.10,nbody.py 50000000,317,1691146477,552917,python,6:11.73,15288,8016,4736,100.0,0.0,1,0,6:11,0,4,3716,0,1906,0,8016,295,2,277,16,0,13.0,1.5,0.0,85.5,0.0,0.0,0.0,0.0,15795.0 MiB,4035.9 MiB,1995.8 MiB,9763.3 MiB,4096.0 MiB,4092.2 MiB,3.8 MiB,13009.8 MiB
Python 3.4.10,nbody.py 50000000,318,1691146479,552917,python,6:12.90,15288,8016,4736,93.8,0.0,1,0,6:12,0,4,3716,0,1906,0,8016,295,2,277,16,0,12.8,1.5,0.0,85.7,0.0,0.0,0.0,0.0,15795.0 MiB,4035.9 MiB,1995.8 MiB,9763.3 MiB,4096.0 MiB,4092.2 MiB,3.8 MiB,13009.8 MiB
Python 3.4.10,nbody.py 50000000,319,1691146480,552917,python,6:14.07,15288,8016,4736,93.8,0.0,1,0,6:14,0,4,3716,0,1906,0,8016,295,2,277,16,0,13.0,0.8,0.0,86.3,0.0,0.0,0.0,0.0,15795.0 MiB,4035.9 MiB,1995.8 MiB,9763.3 MiB,4096.0 MiB,4092.2 MiB,3.8 MiB,13009.8 MiB
Python 3.4.10,nbody.py 50000000,320,1691146481,552917,python,6:15.25,15288,8016,4736,100.0,0.0,1,0,6:15,0,4,3716,0,1906,0,8016,295,2,277,16,0,12.9,0.8,0.0,86.4,0.0,0.0,0.0,0.0,15795.0 MiB,4036.2 MiB,1995.6 MiB,9763.3 MiB,4096.0 MiB,4092.2 MiB,3.8 MiB,13010.1 MiB
Python 3.4.10,nbody.py 50000000,321,1691146482,552917,python,6:16.42,15288,8016,4736,100.0,0.0,1,0,6:16,0,4,3716,0,1906,0,8016,295,2,277,16,0,13.0,0.8,0.0,86.3,0.0,0.0,0.0,0.0,15795.0 MiB,4036.2 MiB,1995.6 MiB,9763.3 MiB,4096.0 MiB,4092.2 MiB,3.8 MiB,13010.1 MiB
Python 3.4.10,nbody.py 50000000,322,1691146483,552917,python,6:17.59,15288,8016,4736,100.0,0.0,1,0,6:17,0,4,3716,0,1906,0,8016,295,2,277,16,0,14.3,0.0,0.0,85.7,0.0,0.0,0.0,0.0,15795.0 MiB,4036.2 MiB,1995.6 MiB,9763.3 MiB,4096.0 MiB,4092.2 MiB,3.8 MiB,13010.1 MiB
Python 3.4.10,nbody.py 50000000,323,1691146484,552917,python,6:18.77,15288,8016,4736,100.0,0.0,1,0,6:18,0,4,3716,0,1906,0,8016,295,2,277,16,0,12.4,1.5,0.0,86.1,0.0,0.0,0.0,0.0,15795.0 MiB,4036.4 MiB,1995.3 MiB,9763.3 MiB,4096.0 MiB,4092.2 MiB,3.8 MiB,13010.3 MiB
Python 3.4.10,nbody.py 50000000,324,1691146486,552917,python,6:19.95,15288,8016,4736,100.0,0.0,1,0,6:19,0,4,3716,0,1906,0,8016,295,2,277,16,0,13.5,0.8,0.0,85.7,0.0,0.0,0.0,0.0,15795.0 MiB,4036.2 MiB,1995.6 MiB,9763.3 MiB,4096.0 MiB,4092.2 MiB,3.8 MiB,13010.1 MiB
Python 3.4.10,nbody.py 50000000,325,1691146487,552917,python,6:21.12,15288,8016,4736,100.0,0.0,1,0,6:21,0,4,3716,0,1906,0,8016,295,2,277,16,0,13.0,0.8,0.0,86.3,0.0,0.0,0.0,0.0,15795.0 MiB,4036.2 MiB,1995.5 MiB,9763.3 MiB,4096.0 MiB,4092.2 MiB,3.8 MiB,13010.1 MiB
Python 3.4.10,nbody.py 50000000,326,1691146488,552917,python,6:22.29,15288,8016,4736,100.0,0.0,1,0,6:22,0,4,3716,0,1906,0,8016,295,2,277,16,0,12.9,1.5,0.0,85.6,0.0,0.0,0.0,0.0,15795.0 MiB,4036.2 MiB,1995.5 MiB,9763.3 MiB,4096.0 MiB,4092.2 MiB,3.8 MiB,13010.1 MiB
Python 3.4.10,nbody.py 50000000,327,1691146489,552917,python,6:23.47,15288,8016,4736,100.0,0.0,1,0,6:23,0,4,3716,0,1906,0,8016,295,2,277,16,0,12.9,1.5,0.0,85.6,0.0,0.0,0.0,0.0,15795.0 MiB,4036.2 MiB,1995.5 MiB,9763.3 MiB,4096.0 MiB,4092.2 MiB,3.8 MiB,13010.1 MiB
Python 3.4.10,nbody.py 50000000,328,1691146490,552917,python,6:24.64,15288,8016,4736,100.0,0.0,1,0,6:24,0,4,3716,0,1906,0,8016,295,2,277,16,0,12.9,1.5,0.0,85.6,0.0,0.0,0.0,0.0,15795.0 MiB,4036.4 MiB,1995.3 MiB,9763.3 MiB,4096.0 MiB,4092.2 MiB,3.8 MiB,13010.3 MiB
Python 3.4.10,nbody.py 50000000,329,1691146491,552917,python,6:25.81,15288,8016,4736,100.0,0.0,1,0,6:25,0,4,3716,0,1906,0,8016,295,2,277,16,0,13.1,0.0,0.0,86.9,0.0,0.0,0.0,0.0,15795.0 MiB,4036.4 MiB,1995.3 MiB,9763.3 MiB,4096.0 MiB,4092.2 MiB,3.8 MiB,13010.3 MiB
Python 3.4.10,nbody.py 50000000,330,1691146493,552917,python,6:26.98,15288,8016,4736,93.8,0.0,1,0,6:26,0,4,3716,0,1906,0,8016,295,3,276,16,0,13.0,0.8,0.0,86.3,0.0,0.0,0.0,0.0,15795.0 MiB,4036.2 MiB,1995.5 MiB,9763.3 MiB,4096.0 MiB,4092.2 MiB,3.8 MiB,13010.1 MiB
Python 3.4.10,nbody.py 50000000,331,1691146494,552917,python,6:28.15,15288,8016,4736,93.8,0.0,1,0,6:28,0,4,3716,0,1906,0,8016,295,2,277,16,0,13.0,0.8,0.0,86.3,0.0,0.0,0.0,0.0,15795.0 MiB,4036.2 MiB,1995.5 MiB,9763.3 MiB,4096.0 MiB,4092.2 MiB,3.8 MiB,13010.1 MiB
Python 3.4.10,nbody.py 50000000,332,1691146495,552917,python,6:29.33,15288,8016,4736,100.0,0.0,1,0,6:29,0,4,3716,0,1906,0,8016,295,2,277,16,0,13.6,0.8,0.0,85.6,0.0,0.0,0.0,0.0,15795.0 MiB,4036.2 MiB,1995.5 MiB,9763.3 MiB,4096.0 MiB,4092.2 MiB,3.8 MiB,13010.1 MiB
Python 3.4.10,nbody.py 50000000,333,1691146496,552917,python,6:30.50,15288,8016,4736,100.0,0.0,1,0,6:30,0,4,3716,0,1906,0,8016,295,2,277,16,0,13.0,0.8,0.0,86.3,0.0,0.0,0.0,0.0,15795.0 MiB,4036.2 MiB,1995.5 MiB,9763.3 MiB,4096.0 MiB,4092.2 MiB,3.8 MiB,13010.1 MiB
Python 3.4.10,nbody.py 50000000,334,1691146497,552917,python,6:31.67,15288,8016,4736,93.8,0.0,1,0,6:31,0,4,3716,0,1906,0,8016,295,2,277,16,0,13.3,1.5,0.0,83.7,1.5,0.0,0.0,0.0,15795.0 MiB,4035.7 MiB,1995.2 MiB,9764.1 MiB,4096.0 MiB,4092.2 MiB,3.8 MiB,13010.4 MiB
Python 3.4.10,nbody.py 50000000,335,1691146499,552917,python,6:32.85,15288,8016,4736,100.0,0.0,1,0,6:32,0,4,3716,0,1906,0,8016,295,2,277,16,0,13.1,0.0,0.0,86.9,0.0,0.0,0.0,0.0,15795.0 MiB,4035.2 MiB,1995.7 MiB,9764.1 MiB,4096.0 MiB,4092.2 MiB,3.8 MiB,13009.9 MiB
Python 3.4.10,nbody.py 50000000,336,1691146500,552917,python,6:34.02,15288,8016,4736,100.0,0.0,1,0,6:34,0,4,3716,0,1906,0,8016,295,2,277,16,0,12.3,0.8,0.0,86.9,0.0,0.0,0.0,0.0,15795.0 MiB,4035.2 MiB,1995.6 MiB,9764.2 MiB,4096.0 MiB,4092.2 MiB,3.8 MiB,13009.9 MiB
Python 3.4.10,nbody.py 50000000,337,1691146501,552917,python,6:35.19,15288,8016,4736,100.0,0.0,1,0,6:35,0,4,3716,0,1906,0,8016,295,2,277,16,0,14.4,2.3,0.0,83.3,0.0,0.0,0.0,0.0,15795.0 MiB,4034.9 MiB,1995.9 MiB,9764.1 MiB,4096.0 MiB,4092.2 MiB,3.8 MiB,13009.7 MiB
Python 3.4.10,nbody.py 50000000,338,1691146502,552917,python,6:36.36,15288,8016,4736,93.8,0.0,1,0,6:36,0,4,3716,0,1906,0,8016,295,2,277,16,0,13.1,0.8,0.0,86.2,0.0,0.0,0.0,0.0,15795.0 MiB,4034.4 MiB,1996.4 MiB,9764.1 MiB,4096.0 MiB,4092.2 MiB,3.8 MiB,13009.2 MiB
Python 3.4.10,nbody.py 50000000,339,1691146503,552917,python,6:37.53,15288,8016,4736,93.8,0.0,1,0,6:37,0,4,3716,0,1906,0,8016,295,2,277,16,0,13.1,0.8,0.0,86.2,0.0,0.0,0.0,0.0,15795.0 MiB,4033.7 MiB,1997.1 MiB,9764.1 MiB,4096.0 MiB,4092.2 MiB,3.8 MiB,13008.5 MiB
Python 3.4.10,nbody.py 50000000,340,1691146504,552917,python,6:38.70,15288,8016,4736,93.8,0.0,1,0,6:38,0,4,3716,0,1906,0,8016,295,2,277,16,0,12.9,0.8,0.0,86.4,0.0,0.0,0.0,0.0,15795.0 MiB,4033.7 MiB,1997.1 MiB,9764.2 MiB,4096.0 MiB,4092.2 MiB,3.8 MiB,13008.5 MiB
Python 3.4.10,nbody.py 50000000,341,1691146506,552917,python,6:39.88,15288,8016,4736,100.0,0.0,1,0,6:39,0,4,3716,0,1906,0,8016,295,2,277,16,0,12.9,1.5,0.0,85.6,0.0,0.0,0.0,0.0,15795.0 MiB,4033.7 MiB,1997.1 MiB,9764.2 MiB,4096.0 MiB,4092.2 MiB,3.8 MiB,13008.5 MiB
Python 3.4.10,nbody.py 50000000,342,1691146507,552917,python,6:41.05,15288,8016,4736,100.0,0.0,1,0,6:41,0,4,3716,0,1906,0,8016,295,2,277,16,0,12.9,1.5,0.0,85.6,0.0,0.0,0.0,0.0,15795.0 MiB,4034.2 MiB,1996.6 MiB,9764.2 MiB,4096.0 MiB,4092.2 MiB,3.8 MiB,13009.0 MiB
Python 3.4.10,nbody.py 50000000,343,1691146508,552917,python,6:42.22,15288,8016,4736,93.8,0.0,1,0,6:42,0,4,3716,0,1906,0,8016,295,2,277,16,0,13.0,0.8,0.0,86.3,0.0,0.0,0.0,0.0,15795.0 MiB,4034.2 MiB,1996.6 MiB,9764.2 MiB,4096.0 MiB,4092.2 MiB,3.8 MiB,13009.0 MiB
Python 3.4.10,nbody.py 50000000,344,1691146509,552917,python,6:43.40,15288,8016,4736,100.0,0.0,1,0,6:43,0,4,3716,0,1906,0,8016,295,2,277,16,0,12.9,0.8,0.0,86.4,0.0,0.0,0.0,0.0,15795.0 MiB,4034.4 MiB,1996.4 MiB,9764.2 MiB,4096.0 MiB,4092.2 MiB,3.8 MiB,13009.2 MiB
Python 3.4.10,nbody.py 50000000,345,1691146510,552917,python,6:44.57,15288,8016,4736,100.0,0.0,1,4,6:44,0,4,3716,0,1906,0,8016,295,2,277,16,0,12.8,1.5,0.0,84.2,1.5,0.0,0.0,0.0,15795.0 MiB,4034.2 MiB,1996.6 MiB,9764.2 MiB,4096.0 MiB,4092.2 MiB,3.8 MiB,13009.0 MiB
Python 3.4.10,nbody.py 50000000,346,1691146511,552917,python,6:45.75,15288,8016,4736,100.0,0.0,1,4,6:45,0,4,3716,0,1906,0,8016,295,2,277,16,0,13.1,0.7,0.0,86.1,0.0,0.0,0.0,0.0,15795.0 MiB,4034.2 MiB,1996.6 MiB,9764.2 MiB,4096.0 MiB,4092.2 MiB,3.8 MiB,13009.0 MiB
Python 3.4.10,nbody.py 50000000,347,1691146513,552917,python,6:46.92,15288,8016,4736,93.8,0.0,1,4,6:46,0,4,3716,0,1906,0,8016,295,2,277,16,0,13.0,0.8,0.0,86.3,0.0,0.0,0.0,0.0,15795.0 MiB,4034.2 MiB,1996.6 MiB,9764.2 MiB,4096.0 MiB,4092.2 MiB,3.8 MiB,13009.0 MiB
Python 3.4.10,nbody.py 50000000,348,1691146514,552917,python,6:48.10,15288,8016,4736,100.0,0.0,1,0,6:48,0,4,3716,0,1906,0,8016,295,2,277,16,0,13.0,0.8,0.0,86.3,0.0,0.0,0.0,0.0,15795.0 MiB,4034.2 MiB,1996.6 MiB,9764.2 MiB,4096.0 MiB,4092.2 MiB,3.8 MiB,13009.0 MiB
Python 3.4.10,nbody.py 50000000,349,1691146515,552917,python,6:49.27,15288,8016,4736,100.0,0.0,1,0,6:49,0,4,3716,0,1906,0,8016,295,2,277,16,0,12.3,0.8,0.0,86.2,0.0,0.0,0.8,0.0,15795.0 MiB,4034.4 MiB,1996.4 MiB,9764.2 MiB,4096.0 MiB,4092.2 MiB,3.8 MiB,13009.2 MiB
Python 3.4.10,nbody.py 50000000,350,1691146516,552917,python,6:50.44,15288,8016,4736,100.0,0.0,1,4,6:50,0,4,3716,0,1906,0,8016,295,2,277,16,0,13.0,0.8,0.0,86.3,0.0,0.0,0.0,0.0,15795.0 MiB,4035.4 MiB,1995.4 MiB,9764.2 MiB,4096.0 MiB,4092.2 MiB,3.8 MiB,13010.2 MiB
Python 3.4.10,nbody.py 50000000,351,1691146517,552917,python,6:51.61,15288,8016,4736,93.8,0.0,1,4,6:51,0,4,3716,0,1906,0,8016,295,2,277,16,0,13.6,0.0,0.0,86.4,0.0,0.0,0.0,0.0,15795.0 MiB,4035.2 MiB,1995.6 MiB,9764.2 MiB,4096.0 MiB,4092.2 MiB,3.8 MiB,13010.0 MiB
Python 3.4.10,nbody.py 50000000,352,1691146518,552917,python,6:52.78,15288,8016,4736,93.8,0.0,1,4,6:52,0,4,3716,0,1906,0,8016,295,2,277,16,0,13.0,0.8,0.0,86.3,0.0,0.0,0.0,0.0,15795.0 MiB,4035.2 MiB,1995.6 MiB,9764.2 MiB,4096.0 MiB,4092.2 MiB,3.8 MiB,13010.0 MiB
Python 3.4.10,nbody.py 50000000,353,1691146520,552917,python,6:53.96,15288,8016,4736,100.0,0.0,1,4,6:53,0,4,3716,0,1906,0,8016,295,2,277,16,0,13.5,1.5,0.0,85.0,0.0,0.0,0.0,0.0,15795.0 MiB,4035.2 MiB,1995.6 MiB,9764.2 MiB,4096.0 MiB,4092.2 MiB,3.8 MiB,13010.0 MiB
Python 3.4.10,nbody.py 50000000,354,1691146521,552917,python,6:55.13,15288,8016,4736,100.0,0.0,1,4,6:55,0,4,3716,0,1906,0,8016,295,2,277,16,0,13.0,0.8,0.0,86.3,0.0,0.0,0.0,0.0,15795.0 MiB,4034.2 MiB,1996.6 MiB,9764.2 MiB,4096.0 MiB,4092.2 MiB,3.8 MiB,13009.0 MiB
Python 3.4.10,nbody.py 50000000,355,1691146522,552917,python,6:56.30,15288,8016,4736,93.8,0.0,1,0,6:56,0,4,3716,0,1906,0,8016,295,2,277,16,0,12.3,1.5,0.0,86.2,0.0,0.0,0.0,0.0,15795.0 MiB,4034.5 MiB,1996.3 MiB,9764.2 MiB,4096.0 MiB,4092.2 MiB,3.8 MiB,13009.3 MiB
Python 3.4.10,nbody.py 50000000,356,1691146523,552917,python,6:57.48,15288,8016,4736,100.0,0.0,1,0,6:57,0,4,3716,0,1906,0,8016,295,2,277,16,0,13.7,0.0,0.0,86.3,0.0,0.0,0.0,0.0,15795.0 MiB,4034.2 MiB,1996.6 MiB,9764.2 MiB,4096.0 MiB,4092.2 MiB,3.8 MiB,13009.1 MiB
Python 3.4.10,nbody.py 50000000,357,1691146524,552917,python,6:58.65,15288,8016,4736,100.0,0.0,1,0,6:58,0,4,3716,0,1906,0,8016,295,2,277,16,0,12.2,1.5,0.0,86.3,0.0,0.0,0.0,0.0,15795.0 MiB,4034.2 MiB,1996.6 MiB,9764.2 MiB,4096.0 MiB,4092.2 MiB,3.8 MiB,13009.1 MiB
Python 3.4.10,nbody.py 50000000,358,1691146525,552917,python,6:59.82,15288,8016,4736,100.0,0.0,1,0,6:59,0,4,3716,0,1906,0,8016,295,2,277,16,0,13.0,0.8,0.0,86.3,0.0,0.0,0.0,0.0,15795.0 MiB,4034.5 MiB,1996.3 MiB,9764.2 MiB,4096.0 MiB,4092.2 MiB,3.8 MiB,13009.3 MiB
Python 3.4.10,nbody.py 50000000,359,1691146527,552917,python,7:00.99,15288,8016,4736,93.8,0.0,1,0,7:00,0,4,3716,0,1906,0,8016,295,2,277,16,0,12.3,0.8,0.0,86.9,0.0,0.0,0.0,0.0,15795.0 MiB,4034.2 MiB,1996.5 MiB,9764.2 MiB,4096.0 MiB,4092.2 MiB,3.8 MiB,13009.1 MiB
Python 3.4.10,nbody.py 50000000,360,1691146528,552917,python,7:02.16,15288,8016,4736,93.8,0.0,1,0,7:02,0,4,3716,0,1906,0,8016,295,2,277,16,0,13.0,0.8,0.0,86.3,0.0,0.0,0.0,0.0,15795.0 MiB,4034.5 MiB,1996.3 MiB,9764.2 MiB,4096.0 MiB,4092.2 MiB,3.8 MiB,13009.3 MiB
Python 3.4.10,nbody.py 50000000,361,1691146529,552917,python,7:03.34,15288,8016,4736,100.0,0.0,1,0,7:03,0,4,3716,0,1906,0,8016,295,2,277,16,0,13.7,0.8,0.0,85.5,0.0,0.0,0.0,0.0,15795.0 MiB,4034.2 MiB,1996.5 MiB,9764.2 MiB,4096.0 MiB,4092.2 MiB,3.8 MiB,13009.1 MiB
Python 3.4.10,nbody.py 50000000,362,1691146530,552917,python,7:04.51,15288,8016,4736,100.0,0.0,1,0,7:04,0,4,3716,0,1906,0,8016,295,2,277,16,0,12.2,1.5,0.0,86.3,0.0,0.0,0.0,0.0,15795.0 MiB,4034.5 MiB,1996.3 MiB,9764.2 MiB,4096.0 MiB,4092.2 MiB,3.8 MiB,13009.3 MiB
Python 3.4.10,nbody.py 50000000,363,1691146531,552917,python,7:05.68,15288,8016,4736,93.8,0.0,1,0,7:05,0,4,3716,0,1906,0,8016,295,2,277,16,0,12.9,1.5,0.0,84.8,0.8,0.0,0.0,0.0,15795.0 MiB,4034.5 MiB,1996.3 MiB,9764.2 MiB,4096.0 MiB,4092.2 MiB,3.8 MiB,13009.3 MiB
Python 3.4.10,nbody.py 50000000,364,1691146533,552917,python,7:06.86,15288,8016,4736,100.0,0.0,1,0,7:06,0,4,3716,0,1906,0,8016,295,2,277,16,0,12.2,0.8,0.0,87.0,0.0,0.0,0.0,0.0,15795.0 MiB,4034.5 MiB,1996.3 MiB,9764.2 MiB,4096.0 MiB,4092.2 MiB,3.8 MiB,13009.3 MiB
Python 3.4.10,nbody.py 50000000,365,1691146534,552917,python,7:08.03,15288,8016,4736,100.0,0.0,1,0,7:08,0,4,3716,0,1906,0,8016,295,2,277,16,0,12.1,1.5,0.0,86.4,0.0,0.0,0.0,0.0,15795.0 MiB,4035.0 MiB,1995.8 MiB,9764.2 MiB,4096.0 MiB,4092.2 MiB,3.8 MiB,13009.8 MiB
Python 3.4.10,nbody.py 50000000,366,1691146535,552917,python,7:09.20,15288,8016,4736,100.0,0.0,1,0,7:09,0,4,3716,0,1906,0,8016,295,2,277,16,0,13.0,0.8,0.0,86.3,0.0,0.0,0.0,0.0,15795.0 MiB,4034.7 MiB,1996.0 MiB,9764.2 MiB,4096.0 MiB,4092.2 MiB,3.8 MiB,13009.6 MiB
Python 3.4.10,nbody.py 50000000,367,1691146536,552917,python,7:10.37,15288,8016,4736,93.8,0.0,1,4,7:10,0,4,3716,0,1906,0,8016,295,2,277,16,0,13.0,0.8,0.0,86.3,0.0,0.0,0.0,0.0,15795.0 MiB,4034.7 MiB,1996.0 MiB,9764.2 MiB,4096.0 MiB,4092.2 MiB,3.8 MiB,13009.6 MiB
Python 3.4.10,nbody.py 50000000,368,1691146537,552917,python,7:11.55,15288,8016,4736,100.0,0.0,1,4,7:11,0,4,3716,0,1906,0,8016,295,2,277,16,0,12.9,1.5,0.0,84.8,0.8,0.0,0.0,0.0,15795.0 MiB,4035.0 MiB,1995.8 MiB,9764.2 MiB,4096.0 MiB,4092.2 MiB,3.8 MiB,13009.8 MiB
Python 3.4.10,nbody.py 50000000,369,1691146538,552917,python,7:12.72,15288,8016,4736,100.0,0.0,1,0,7:12,0,4,3716,0,1906,0,8016,295,2,277,16,0,13.7,0.0,0.0,86.3,0.0,0.0,0.0,0.0,15795.0 MiB,4034.7 MiB,1996.0 MiB,9764.2 MiB,4096.0 MiB,4092.2 MiB,3.8 MiB,13009.6 MiB
Python 3.4.10,nbody.py 50000000,370,1691146540,552917,python,7:13.89,15288,8016,4736,93.8,0.0,1,0,7:13,0,4,3716,0,1906,0,8016,295,2,277,16,0,13.0,0.8,0.0,86.3,0.0,0.0,0.0,0.0,15795.0 MiB,4034.7 MiB,1996.0 MiB,9764.2 MiB,4096.0 MiB,4092.2 MiB,3.8 MiB,13009.6 MiB
Python 3.4.10,nbody.py 50000000,371,1691146541,552917,python,7:15.06,15288,8016,4736,93.8,0.0,1,4,7:15,0,4,3716,0,1906,0,8016,295,2,277,16,0,13.0,0.8,0.0,86.3,0.0,0.0,0.0,0.0,15795.0 MiB,4034.7 MiB,1996.0 MiB,9764.2 MiB,4096.0 MiB,4092.2 MiB,3.8 MiB,13009.6 MiB
Python 3.4.10,nbody.py 50000000,372,1691146542,552917,python,7:16.24,15288,8016,4736,94.1,0.0,1,0,7:16,0,4,3716,0,1906,0,8016,295,2,277,16,0,12.9,2.1,0.0,85.0,0.0,0.0,0.0,0.0,15795.0 MiB,4034.7 MiB,1996.0 MiB,9764.2 MiB,4096.0 MiB,4092.2 MiB,3.8 MiB,13009.6 MiB
Python 3.4.10,nbody.py 50000000,373,1691146543,552917,python,7:17.42,15288,8016,4736,100.0,0.0,1,0,7:17,0,4,3716,0,1906,0,8016,295,2,277,16,0,13.0,0.8,0.0,86.3,0.0,0.0,0.0,0.0,15795.0 MiB,4035.0 MiB,1995.8 MiB,9764.3 MiB,4096.0 MiB,4092.2 MiB,3.8 MiB,13009.9 MiB
Python 3.4.10,nbody.py 50000000,374,1691146544,552917,python,7:18.59,15288,8016,4736,93.8,0.0,1,0,7:18,0,4,3716,0,1906,0,8016,295,2,277,16,0,12.9,1.5,0.0,85.6,0.0,0.0,0.0,0.0,15795.0 MiB,4035.0 MiB,1995.7 MiB,9764.3 MiB,4096.0 MiB,4092.2 MiB,3.8 MiB,13009.9 MiB
Python 3.4.10,nbody.py 50000000,375,1691146545,552917,python,7:19.76,15288,8016,4736,93.8,0.0,1,0,7:19,0,4,3716,0,1906,0,8016,295,2,277,16,0,12.3,0.8,0.0,86.9,0.0,0.0,0.0,0.0,15795.0 MiB,4035.7 MiB,1995.0 MiB,9764.3 MiB,4096.0 MiB,4092.2 MiB,3.8 MiB,13010.6 MiB
Python 3.4.10,nbody.py 50000000,376,1691146547,552917,python,7:20.94,15288,8016,4736,100.0,0.0,1,4,7:20,0,4,3716,0,1906,0,8016,295,2,277,16,0,13.5,0.8,0.0,85.7,0.0,0.0,0.0,0.0,15795.0 MiB,4035.5 MiB,1995.3 MiB,9764.3 MiB,4096.0 MiB,4092.2 MiB,3.8 MiB,13010.4 MiB
Python 3.4.10,nbody.py 50000000,377,1691146548,552917,python,7:22.11,15288,8016,4736,100.0,0.0,1,4,7:22,0,4,3716,0,1906,0,8016,295,2,277,16,0,13.0,0.8,0.0,86.3,0.0,0.0,0.0,0.0,15795.0 MiB,4035.5 MiB,1995.3 MiB,9764.3 MiB,4096.0 MiB,4092.2 MiB,3.8 MiB,13010.4 MiB
Python 3.4.10,nbody.py 50000000,378,1691146549,552917,python,7:23.28,15288,8016,4736,100.0,0.0,1,4,7:23,0,4,3716,0,1906,0,8016,295,2,277,16,0,13.5,0.8,0.0,85.7,0.0,0.0,0.0,0.0,15795.0 MiB,4035.5 MiB,1995.2 MiB,9764.3 MiB,4096.0 MiB,4092.2 MiB,3.8 MiB,13010.4 MiB
Python 3.4.10,nbody.py 50000000,379,1691146550,552917,python,7:24.45,15288,8016,4736,93.8,0.0,1,4,7:24,0,4,3716,0,1906,0,8016,295,2,277,16,0,12.9,1.5,0.0,85.6,0.0,0.0,0.0,0.0,15795.0 MiB,4035.2 MiB,1995.5 MiB,9764.3 MiB,4096.0 MiB,4092.2 MiB,3.8 MiB,13010.1 MiB
Python 3.4.10,nbody.py 50000000,380,1691146551,552917,python,7:25.63,15288,8016,4736,100.0,0.0,1,0,7:25,0,4,3716,0,1906,0,8016,295,2,277,16,0,12.7,1.5,0.0,85.8,0.0,0.0,0.0,0.0,15795.0 MiB,4035.2 MiB,1995.5 MiB,9764.3 MiB,4096.0 MiB,4092.2 MiB,3.8 MiB,13010.1 MiB
Python 3.4.10,nbody.py 50000000,381,1691146552,552917,python,7:26.80,15288,8016,4736,100.0,0.0,1,0,7:26,0,4,3716,0,1906,0,8016,295,2,277,16,0,13.1,0.8,0.0,86.2,0.0,0.0,0.0,0.0,15795.0 MiB,4035.5 MiB,1995.2 MiB,9764.3 MiB,4096.0 MiB,4092.2 MiB,3.8 MiB,13010.4 MiB
Python 3.4.10,nbody.py 50000000,382,1691146554,552917,python,7:27.98,15288,8016,4736,100.0,0.0,1,0,7:27,0,4,3716,0,1906,0,8016,295,2,277,16,0,12.9,1.4,0.0,85.6,0.0,0.0,0.0,0.0,15795.0 MiB,4035.5 MiB,1995.2 MiB,9764.3 MiB,4096.0 MiB,4092.2 MiB,3.8 MiB,13010.4 MiB
Python 3.4.10,nbody.py 50000000,383,1691146555,552917,python,7:29.15,15288,8016,4736,100.0,0.0,1,4,7:29,0,4,3716,0,1906,0,8016,295,2,277,16,0,12.9,0.8,0.0,86.4,0.0,0.0,0.0,0.0,15795.0 MiB,4035.2 MiB,1995.5 MiB,9764.3 MiB,4096.0 MiB,4092.2 MiB,3.8 MiB,13010.1 MiB
Python 3.4.10,nbody.py 50000000,384,1691146556,552917,python,7:30.33,15288,8016,4736,100.0,0.0,1,4,7:30,0,4,3716,0,1906,0,8016,295,2,277,16,0,13.5,1.5,0.0,85.0,0.0,0.0,0.0,0.0,15795.0 MiB,4035.5 MiB,1995.2 MiB,9764.3 MiB,4096.0 MiB,4092.2 MiB,3.8 MiB,13010.4 MiB
Python 3.4.10,nbody.py 50000000,385,1691146557,552917,python,7:31.50,15288,8016,4736,100.0,0.0,1,4,7:31,0,4,3716,0,1906,0,8016,295,2,277,16,0,14.2,1.5,0.0,84.3,0.0,0.0,0.0,0.0,15795.0 MiB,4036.0 MiB,1994.7 MiB,9764.3 MiB,4096.0 MiB,4092.2 MiB,3.8 MiB,13010.9 MiB
Python 3.4.10,nbody.py 50000000,386,1691146558,552917,python,7:32.67,15288,8016,4736,100.0,0.0,1,4,7:32,0,4,3716,0,1906,0,8016,295,2,277,16,0,12.3,0.8,0.0,86.9,0.0,0.0,0.0,0.0,15795.0 MiB,4036.0 MiB,1994.7 MiB,9764.3 MiB,4096.0 MiB,4092.2 MiB,3.8 MiB,13010.9 MiB
Python 3.4.10,nbody.py 50000000,387,1691146560,552917,python,7:33.85,15288,8016,4736,100.0,0.0,1,4,7:33,0,4,3716,0,1906,0,8016,295,2,277,16,0,12.3,1.5,0.0,86.2,0.0,0.0,0.0,0.0,15795.0 MiB,4035.7 MiB,1995.0 MiB,9764.3 MiB,4096.0 MiB,4092.2 MiB,3.8 MiB,13010.6 MiB
Python 3.4.10,nbody.py 50000000,388,1691146561,552917,python,7:35.02,15288,8016,4736,100.0,0.0,1,4,7:35,0,4,3716,0,1906,0,8016,295,2,277,16,0,12.9,1.5,0.0,85.6,0.0,0.0,0.0,0.0,15795.0 MiB,4036.0 MiB,1994.7 MiB,9764.4 MiB,4096.0 MiB,4092.2 MiB,3.8 MiB,13010.9 MiB
Python 3.4.10,nbody.py 50000000,389,1691146562,552917,python,7:36.19,15288,8016,4736,100.0,0.0,1,0,7:36,0,4,3716,0,1906,0,8016,295,2,277,16,0,12.8,1.5,0.0,85.7,0.0,0.0,0.0,0.0,15795.0 MiB,4035.5 MiB,1995.1 MiB,9764.4 MiB,4096.0 MiB,4092.2 MiB,3.8 MiB,13010.4 MiB
Python 3.4.10,nbody.py 50000000,390,1691146563,552917,python,7:37.36,15288,8016,4736,93.8,0.0,1,0,7:37,0,4,3716,0,1906,0,8016,295,2,277,16,0,13.0,0.8,0.0,86.3,0.0,0.0,0.0,0.0,15795.0 MiB,4035.5 MiB,1995.1 MiB,9764.4 MiB,4096.0 MiB,4092.2 MiB,3.8 MiB,13010.4 MiB
Python 3.4.10,nbody.py 50000000,391,1691146564,552917,python,7:38.53,15288,8016,4736,100.0,0.0,1,4,7:38,0,4,3716,0,1906,0,8016,295,2,277,16,0,13.0,0.8,0.0,86.3,0.0,0.0,0.0,0.0,15795.0 MiB,4035.5 MiB,1995.1 MiB,9764.4 MiB,4096.0 MiB,4092.2 MiB,3.8 MiB,13010.4 MiB
Python 3.4.10,nbody.py 50000000,392,1691146565,552917,python,7:39.71,15288,8016,4736,100.0,0.0,1,4,7:39,0,4,3716,0,1906,0,8016,295,2,277,16,0,13.5,1.5,0.0,85.0,0.0,0.0,0.0,0.0,15795.0 MiB,4035.7 MiB,1994.9 MiB,9764.4 MiB,4096.0 MiB,4092.2 MiB,3.8 MiB,13010.7 MiB
Python 3.4.10,nbody.py 50000000,393,1691146567,552917,python,7:40.88,15288,8016,4736,93.8,0.0,1,4,7:40,0,4,3716,0,1906,0,8016,295,2,277,16,0,13.0,0.8,0.0,86.3,0.0,0.0,0.0,0.0,15795.0 MiB,4035.7 MiB,1994.9 MiB,9764.4 MiB,4096.0 MiB,4092.2 MiB,3.8 MiB,13010.7 MiB
Python 3.4.10,nbody.py 50000000,394,1691146568,552917,python,7:42.05,15288,8016,4736,93.8,0.0,1,0,7:42,0,4,3716,0,1906,0,8016,295,2,277,16,0,12.9,0.8,0.0,86.4,0.0,0.0,0.0,0.0,15795.0 MiB,4035.7 MiB,1994.9 MiB,9764.4 MiB,4096.0 MiB,4092.2 MiB,3.8 MiB,13010.7 MiB
Python 3.4.10,nbody.py 50000000,395,1691146569,552917,python,7:43.23,15288,8016,4736,100.0,0.0,1,0,7:43,0,4,3716,0,1906,0,8016,295,2,277,16,0,12.3,2.2,0.0,85.5,0.0,0.0,0.0,0.0,15795.0 MiB,4035.7 MiB,1994.9 MiB,9764.4 MiB,4096.0 MiB,4092.2 MiB,3.8 MiB,13010.7 MiB
Python 3.4.10,nbody.py 50000000,396,1691146570,552917,python,7:44.41,15288,8016,4736,100.0,0.0,1,0,7:44,0,4,3716,0,1906,0,8016,295,2,277,16,0,12.9,0.8,0.0,86.4,0.0,0.0,0.0,0.0,15795.0 MiB,4035.7 MiB,1994.9 MiB,9764.4 MiB,4096.0 MiB,4092.2 MiB,3.8 MiB,13010.7 MiB
Python 3.4.10,nbody.py 50000000,397,1691146571,552917,python,7:45.58,15288,8016,4736,93.8,0.0,1,0,7:45,0,4,3716,0,1906,0,8016,295,2,277,16,0,13.6,0.0,0.0,86.4,0.0,0.0,0.0,0.0,15795.0 MiB,4035.7 MiB,1994.9 MiB,9764.4 MiB,4096.0 MiB,4092.2 MiB,3.8 MiB,13010.7 MiB
Python 3.4.10,nbody.py 50000000,398,1691146572,552917,python,7:46.75,15288,8016,4736,100.0,0.0,1,4,7:46,0,4,3716,0,1906,0,8016,295,2,277,16,0,13.6,0.8,0.0,85.6,0.0,0.0,0.0,0.0,15795.0 MiB,4035.7 MiB,1994.9 MiB,9764.4 MiB,4096.0 MiB,4092.2 MiB,3.8 MiB,13010.7 MiB
Python 3.4.10,nbody.py 50000000,399,1691146574,552917,python,7:47.93,15288,8016,4736,100.0,0.0,1,4,7:47,0,4,3716,0,1906,0,8016,295,2,277,16,0,13.7,0.8,0.0,85.5,0.0,0.0,0.0,0.0,15795.0 MiB,4036.7 MiB,1993.9 MiB,9764.4 MiB,4096.0 MiB,4092.2 MiB,3.8 MiB,13011.7 MiB
Python 3.4.10,nbody.py 50000000,400,1691146575,552917,python,7:49.10,15288,8016,4736,100.0,0.0,1,4,7:49,0,4,3716,0,1906,0,8016,295,2,277,16,0,13.1,0.0,0.0,86.9,0.0,0.0,0.0,0.0,15795.0 MiB,4036.5 MiB,1994.1 MiB,9764.4 MiB,4096.0 MiB,4092.2 MiB,3.8 MiB,13011.4 MiB
Python 3.4.10,nbody.py 50000000,401,1691146576,552917,python,7:50.27,15288,8016,4736,93.8,0.0,1,4,7:50,0,4,3716,0,1906,0,8016,295,2,277,16,0,13.5,1.5,0.0,85.0,0.0,0.0,0.0,0.0,15795.0 MiB,4036.5 MiB,1994.1 MiB,9764.4 MiB,4096.0 MiB,4092.2 MiB,3.8 MiB,13011.4 MiB
Python 3.4.10,nbody.py 50000000,402,1691146577,552917,python,7:51.45,15288,8016,4736,100.0,0.0,1,0,7:51,0,4,3716,0,1906,0,8016,295,2,277,16,0,12.9,0.8,0.0,85.6,0.8,0.0,0.0,0.0,15795.0 MiB,4036.2 MiB,1994.4 MiB,9764.4 MiB,4096.0 MiB,4092.2 MiB,3.8 MiB,13011.2 MiB
Python 3.4.10,nbody.py 50000000,403,1691146578,552917,python,7:52.62,15288,8016,4736,100.0,0.0,1,0,7:52,0,4,3716,0,1906,0,8016,295,2,277,16,0,12.3,0.8,0.0,86.9,0.0,0.0,0.0,0.0,15795.0 MiB,4036.5 MiB,1994.1 MiB,9764.4 MiB,4096.0 MiB,4092.2 MiB,3.8 MiB,13011.4 MiB
Python 3.4.10,nbody.py 50000000,404,1691146579,552917,python,7:53.79,15288,8016,4736,100.0,0.0,1,0,7:53,0,4,3716,0,1906,0,8016,295,2,277,16,0,12.9,0.8,0.0,86.4,0.0,0.0,0.0,0.0,15795.0 MiB,4036.5 MiB,1994.1 MiB,9764.4 MiB,4096.0 MiB,4092.2 MiB,3.8 MiB,13011.4 MiB
Python 3.4.10,nbody.py 50000000,405,1691146581,552917,python,7:54.96,15288,8016,4736,93.8,0.0,1,0,7:54,0,4,3716,0,1906,0,8016,295,2,277,16,0,13.0,0.8,0.0,86.3,0.0,0.0,0.0,0.0,15795.0 MiB,4036.5 MiB,1994.1 MiB,9764.4 MiB,4096.0 MiB,4092.2 MiB,3.8 MiB,13011.4 MiB
Python 3.4.10,nbody.py 50000000,406,1691146582,552917,python,7:56.13,15288,8016,4736,100.0,0.0,1,0,7:56,0,4,3716,0,1906,0,8016,295,2,277,16,0,13.6,0.8,0.0,85.6,0.0,0.0,0.0,0.0,15795.0 MiB,4036.5 MiB,1994.1 MiB,9764.4 MiB,4096.0 MiB,4092.2 MiB,3.8 MiB,13011.4 MiB
Python 3.4.10,nbody.py 50000000,407,1691146583,552917,python,7:57.31,15288,8016,4736,100.0,0.0,1,0,7:57,0,4,3716,0,1906,0,8016,295,2,277,16,0,13.0,0.8,0.0,86.3,0.0,0.0,0.0,0.0,15795.0 MiB,4036.2 MiB,1994.3 MiB,9764.4 MiB,4096.0 MiB,4092.2 MiB,3.8 MiB,13011.2 MiB
Python 3.4.10,nbody.py 50000000,408,1691146584,552917,python,7:58.48,15288,8016,4736,100.0,0.0,1,0,7:58,0,4,3716,0,1906,0,8016,295,2,277,16,0,12.3,0.8,0.0,86.9,0.0,0.0,0.0,0.0,15795.0 MiB,4036.2 MiB,1994.3 MiB,9764.4 MiB,4096.0 MiB,4092.2 MiB,3.8 MiB,13011.2 MiB
Python 3.4.10,nbody.py 50000000,409,1691146585,552917,python,7:59.65,15288,8016,4736,100.0,0.0,1,0,7:59,0,4,3716,0,1906,0,8016,295,2,277,16,0,13.6,0.8,0.0,85.6,0.0,0.0,0.0,0.0,15795.0 MiB,4036.2 MiB,1994.3 MiB,9764.4 MiB,4096.0 MiB,4092.2 MiB,3.8 MiB,13011.2 MiB
