test,release_date,path,version,appplication,no_measurement,timestamp,pid,command,time,virt,res,shr,percent_cpu,percent_mem,nTH,P,TIME,SWAP,CODE,DATA,nMaj,nMin,nDRT,USED,tasks_total,tasks_running,tasks_sleeping,tasks_stopped,tasks_zombie,cpu_us,cpu_sy,cpu_ni,cpu_id,cpu_wa,cpu_hi,cpu_si,cpu_st,mem_total,mem_free,mem_used,mem_buff_cache,swap_total,swap_free,swap_used,swap_avail,Unnamed: 44,minutes,seconds_hundredths
1,2023-07-18,nbody_50000000_v4_original,1.8.0_382,nbody.java 50000000,0,1701445317,249365,java,0.19,6996668416,27947008,18386944,106.2,0.2,20,4,0:00,0,0,462368768,0,3085312,0,27947008,289,1,285,3,0,16.3,1.5,0.0,82.2,0.0,0.0,0.0,0.0,15794.9 MiB,5132.2 MiB,1199.5 MiB,9463.2 MiB,4096.0 MiB,3291.9 MiB,804.1 MiB,14006.8 MiB,,0,00.19
1,2023-07-18,nbody_50000000_v4_original,1.8.0_382,nbody.java 50000000,1,1701445318,249365,java,1.36,6996668416,27947008,18386944,100.0,0.2,20,4,0:01,0,0,462368768,0,3085312,0,27947008,289,1,285,3,0,13.2,0.0,0.0,86.8,0.0,0.0,0.0,0.0,15794.9 MiB,5132.0 MiB,1206.4 MiB,9456.5 MiB,4096.0 MiB,3291.9 MiB,804.1 MiB,14006.6 MiB,,0,01.36
1,2023-07-18,nbody_50000000_v4_original,1.8.0_382,nbody.java 50000000,2,1701445319,249365,java,2.53,6996668416,27947008,18386944,100.0,0.2,20,4,0:02,0,0,462368768,0,3085312,0,27947008,289,1,285,3,0,13.2,0.8,0.0,86.0,0.0,0.0,0.0,0.0,15794.9 MiB,5132.2 MiB,1206.2 MiB,9456.5 MiB,4096.0 MiB,3291.9 MiB,804.1 MiB,14006.9 MiB,,0,02.53
1,2023-07-18,nbody_50000000_v4_original,1.8.0_382,nbody.java 50000000,3,1701445320,249365,java,3.69,6996668416,27947008,18386944,100.0,0.2,20,4,0:03,0,0,462368768,0,3085312,0,27947008,289,1,285,3,0,12.3,1.5,0.0,86.2,0.0,0.0,0.0,0.0,15794.9 MiB,5132.4 MiB,1205.9 MiB,9456.5 MiB,4096.0 MiB,3291.9 MiB,804.1 MiB,14007.1 MiB,,0,03.69
2,2023-07-18,nbody_50000000_v4_original,1.8.0_382,nbody.java 50000000,0,1701445321,249409,java,0.18,6996668416,27869184,18292736,106.2,0.2,20,5,0:00,0,0,462368768,0,3078144,0,27869184,289,1,285,3,0,15.8,1.5,0.0,82.7,0.0,0.0,0.0,0.0,15794.9 MiB,5134.4 MiB,1197.0 MiB,9463.5 MiB,4096.0 MiB,3291.9 MiB,804.1 MiB,14009.1 MiB,,0,00.18
2,2023-07-18,nbody_50000000_v4_original,1.8.0_382,nbody.java 50000000,1,1701445322,249409,java,1.35,6996668416,27869184,18292736,106.7,0.2,20,5,0:01,0,0,462368768,0,3078144,0,27869184,289,1,285,3,0,12.5,0.8,0.0,86.7,0.0,0.0,0.0,0.0,15794.9 MiB,5133.4 MiB,1197.9 MiB,9463.5 MiB,4096.0 MiB,3291.9 MiB,804.1 MiB,14008.1 MiB,,0,01.35
2,2023-07-18,nbody_50000000_v4_original,1.8.0_382,nbody.java 50000000,2,1701445324,249409,java,2.52,6996668416,27869184,18292736,100.0,0.2,20,5,0:02,0,0,462368768,0,3078144,0,27869184,289,1,285,3,0,12.5,0.8,0.0,86.7,0.0,0.0,0.0,0.0,15794.9 MiB,5138.8 MiB,1199.5 MiB,9456.5 MiB,4096.0 MiB,3291.9 MiB,804.1 MiB,14013.6 MiB,,0,02.52
2,2023-07-18,nbody_50000000_v4_original,1.8.0_382,nbody.java 50000000,3,1701445325,249409,java,3.68,6996668416,27869184,18292736,93.8,0.2,20,5,0:03,0,0,462368768,0,3078144,0,27869184,289,1,285,3,0,12.4,0.8,0.0,86.8,0.0,0.0,0.0,0.0,15794.9 MiB,5139.6 MiB,1198.8 MiB,9456.5 MiB,4096.0 MiB,3291.9 MiB,804.1 MiB,14014.3 MiB,,0,03.68
3,2023-07-18,nbody_50000000_v4_original,1.8.0_382,nbody.java 50000000,0,1701445326,249453,java,0.18,6996668416,27770880,18194432,106.2,0.2,20,5,0:00,0,0,462376960,0,3073024,0,27770880,289,1,285,3,0,15.8,2.3,0.0,82.0,0.0,0.0,0.0,0.0,15794.9 MiB,5142.1 MiB,1189.3 MiB,9463.5 MiB,4096.0 MiB,3291.9 MiB,804.1 MiB,14016.8 MiB,,0,00.18
3,2023-07-18,nbody_50000000_v4_original,1.8.0_382,nbody.java 50000000,1,1701445327,249453,java,1.35,6996668416,27770880,18194432,106.7,0.2,20,5,0:01,0,0,462376960,0,3073024,0,27770880,289,1,285,3,0,13.1,0.8,0.0,86.2,0.0,0.0,0.0,0.0,15794.9 MiB,5141.6 MiB,1189.8 MiB,9463.5 MiB,4096.0 MiB,3291.9 MiB,804.1 MiB,14016.3 MiB,,0,01.35
3,2023-07-18,nbody_50000000_v4_original,1.8.0_382,nbody.java 50000000,2,1701445328,249453,java,2.51,6996668416,27770880,18194432,100.0,0.2,20,5,0:02,0,0,462376960,0,3073024,0,27770880,289,1,285,3,0,13.1,0.8,0.0,86.2,0.0,0.0,0.0,0.0,15794.9 MiB,5149.2 MiB,1189.0 MiB,9456.7 MiB,4096.0 MiB,3291.9 MiB,804.1 MiB,14023.9 MiB,,0,02.51
3,2023-07-18,nbody_50000000_v4_original,1.8.0_382,nbody.java 50000000,3,1701445329,249453,java,3.68,6996668416,27770880,18194432,93.8,0.2,20,5,0:03,0,0,462376960,0,3073024,0,27770880,289,1,285,3,0,12.4,0.8,0.0,86.8,0.0,0.0,0.0,0.0,15794.9 MiB,5148.5 MiB,1189.9 MiB,9456.5 MiB,4096.0 MiB,3291.9 MiB,804.1 MiB,14023.2 MiB,,0,03.68
4,2023-07-18,nbody_50000000_v4_original,1.8.0_382,nbody.java 50000000,0,1701445331,249497,java,0.18,6996668416,27947008,18362368,106.2,0.2,20,6,0:00,0,0,462372864,0,3081216,0,27947008,289,1,285,3,0,15.2,1.5,0.0,82.6,0.8,0.0,0.0,0.0,15794.9 MiB,5149.7 MiB,1181.6 MiB,9463.5 MiB,4096.0 MiB,3291.9 MiB,804.1 MiB,14024.4 MiB,,0,00.18
4,2023-07-18,nbody_50000000_v4_original,1.8.0_382,nbody.java 50000000,1,1701445332,249497,java,1.35,6996668416,27947008,18362368,100.0,0.2,20,6,0:01,0,0,462372864,10240,3081216,0,27947008,289,2,284,3,0,13.1,0.8,0.0,86.2,0.0,0.0,0.0,0.0,15794.9 MiB,5148.2 MiB,1183.1 MiB,9463.5 MiB,4096.0 MiB,3291.9 MiB,804.1 MiB,14023.0 MiB,,0,01.35
4,2023-07-18,nbody_50000000_v4_original,1.8.0_382,nbody.java 50000000,2,1701445333,249497,java,2.52,6996668416,27947008,18362368,100.0,0.2,20,6,0:02,0,0,462372864,10240,3081216,0,27947008,289,1,285,3,0,13.1,0.8,0.0,86.2,0.0,0.0,0.0,0.0,15794.9 MiB,5155.4 MiB,1182.9 MiB,9456.5 MiB,4096.0 MiB,3291.9 MiB,804.1 MiB,14030.1 MiB,,0,02.52
4,2023-07-18,nbody_50000000_v4_original,1.8.0_382,nbody.java 50000000,3,1701445334,249497,java,3.68,6996668416,27947008,18362368,100.0,0.2,20,6,0:03,0,0,462372864,10240,3081216,0,27947008,289,1,285,3,0,13.1,1.5,0.0,85.4,0.0,0.0,0.0,0.0,15794.9 MiB,5155.1 MiB,1183.2 MiB,9456.5 MiB,4096.0 MiB,3291.9 MiB,804.1 MiB,14029.9 MiB,,0,03.68
5,2023-07-18,nbody_50000000_v4_original,1.8.0_382,nbody.java 50000000,0,1701445335,249545,java,0.18,6996668416,28102656,18497536,105.9,0.2,20,2,0:00,0,0,462442496,0,3078144,0,28102656,289,1,285,3,0,15.0,1.5,0.0,83.5,0.0,0.0,0.0,0.0,15794.9 MiB,5148.7 MiB,1182.6 MiB,9463.5 MiB,4096.0 MiB,3291.9 MiB,804.1 MiB,14023.5 MiB,,0,00.18
5,2023-07-18,nbody_50000000_v4_original,1.8.0_382,nbody.java 50000000,1,1701445336,249545,java,1.35,6996668416,28102656,18497536,106.7,0.2,20,2,0:01,0,0,462442496,0,3078144,0,28102656,288,1,284,3,0,13.3,0.0,0.0,86.7,0.0,0.0,0.0,0.0,15794.9 MiB,5149.0 MiB,1182.3 MiB,9463.5 MiB,4096.0 MiB,3291.9 MiB,804.1 MiB,14023.7 MiB,,0,01.35
5,2023-07-18,nbody_50000000_v4_original,1.8.0_382,nbody.java 50000000,2,1701445338,249545,java,2.52,6996668416,28102656,18497536,106.7,0.2,20,2,0:02,0,0,462442496,0,3078144,0,28102656,289,1,285,3,0,12.5,0.8,0.0,86.7,0.0,0.0,0.0,0.0,15794.9 MiB,5155.4 MiB,1182.9 MiB,9456.6 MiB,4096.0 MiB,3291.9 MiB,804.1 MiB,14030.1 MiB,,0,02.52
5,2023-07-18,nbody_50000000_v4_original,1.8.0_382,nbody.java 50000000,3,1701445339,249545,java,3.68,6996668416,28102656,18497536,93.8,0.2,20,2,0:03,0,0,462442496,0,3078144,0,28102656,289,1,285,3,0,13.1,0.8,0.0,86.2,0.0,0.0,0.0,0.0,15794.9 MiB,5155.2 MiB,1183.2 MiB,9456.6 MiB,4096.0 MiB,3291.9 MiB,804.1 MiB,14029.9 MiB,,0,03.68
6,2023-07-18,nbody_50000000_v4_original,1.8.0_382,nbody.java 50000000,0,1701445340,249590,java,0.18,6996668416,27840512,18210816,106.2,0.2,20,2,0:00,0,0,462446592,0,3077120,0,27840512,289,1,285,3,0,16.5,1.5,0.0,82.0,0.0,0.0,0.0,0.0,15794.9 MiB,5158.1 MiB,1173.2 MiB,9463.5 MiB,4096.0 MiB,3291.9 MiB,804.1 MiB,14032.8 MiB,,0,00.18
6,2023-07-18,nbody_50000000_v4_original,1.8.0_382,nbody.java 50000000,1,1701445341,249590,java,1.35,6996668416,27840512,18210816,100.0,0.2,20,2,0:01,0,0,462446592,0,3077120,0,27840512,289,1,285,3,0,12.5,0.8,0.0,86.7,0.0,0.0,0.0,0.0,15794.9 MiB,5156.9 MiB,1174.4 MiB,9463.6 MiB,4096.0 MiB,3291.9 MiB,804.1 MiB,14031.6 MiB,,0,01.35
6,2023-07-18,nbody_50000000_v4_original,1.8.0_382,nbody.java 50000000,2,1701445342,249590,java,2.51,6996668416,27840512,18210816,93.8,0.2,20,2,0:02,0,0,462446592,0,3077120,0,27840512,289,1,285,3,0,12.5,0.0,0.0,87.5,0.0,0.0,0.0,0.0,15794.9 MiB,5164.5 MiB,1173.7 MiB,9456.7 MiB,4096.0 MiB,3291.9 MiB,804.1 MiB,14039.2 MiB,,0,02.51
6,2023-07-18,nbody_50000000_v4_original,1.8.0_382,nbody.java 50000000,3,1701445343,249590,java,3.68,6996668416,27840512,18210816,100.0,0.2,20,2,0:03,0,0,462446592,0,3077120,0,27840512,289,1,285,3,0,13.1,0.8,0.0,86.2,0.0,0.0,0.0,0.0,15794.9 MiB,5163.5 MiB,1174.8 MiB,9456.6 MiB,4096.0 MiB,3291.9 MiB,804.1 MiB,14038.3 MiB,,0,03.68
7,2023-07-18,nbody_50000000_v4_original,1.8.0_382,nbody.java 50000000,0,1701445345,249634,java,0.18,6996668416,28094464,18538496,112.5,0.2,20,2,0:00,0,0,462368768,0,3085312,0,28094464,289,1,285,3,0,14.3,3.0,0.0,82.0,0.0,0.0,0.8,0.0,15794.9 MiB,5156.9 MiB,1174.4 MiB,9463.6 MiB,4096.0 MiB,3291.9 MiB,804.1 MiB,14031.6 MiB,,0,00.18
7,2023-07-18,nbody_50000000_v4_original,1.8.0_382,nbody.java 50000000,1,1701445346,249634,java,1.34,6996668416,28094464,18538496,100.0,0.2,20,2,0:01,0,0,462368768,0,3085312,0,28094464,289,1,285,3,0,12.5,0.0,0.0,87.5,0.0,0.0,0.0,0.0,15794.9 MiB,5156.9 MiB,1174.4 MiB,9463.6 MiB,4096.0 MiB,3291.9 MiB,804.1 MiB,14031.6 MiB,,0,01.34
7,2023-07-18,nbody_50000000_v4_original,1.8.0_382,nbody.java 50000000,2,1701445347,249634,java,2.51,6996668416,28094464,18538496,100.0,0.2,20,2,0:02,0,0,462368768,10240,3085312,0,28094464,289,1,285,3,0,13.2,0.0,0.0,86.8,0.0,0.0,0.0,0.0,15794.9 MiB,5156.6 MiB,1174.7 MiB,9463.6 MiB,4096.0 MiB,3291.9 MiB,804.1 MiB,14031.4 MiB,,0,02.51
7,2023-07-18,nbody_50000000_v4_original,1.8.0_382,nbody.java 50000000,3,1701445348,249634,java,3.68,6996668416,28094464,18538496,100.0,0.2,20,2,0:03,0,0,462368768,10240,3085312,0,28094464,289,1,285,3,0,12.4,0.8,0.0,86.8,0.0,0.0,0.0,0.0,15794.9 MiB,5160.1 MiB,1178.2 MiB,9456.6 MiB,4096.0 MiB,3291.9 MiB,804.1 MiB,14034.8 MiB,,0,03.68
8,2023-07-18,nbody_50000000_v4_original,1.8.0_382,nbody.java 50000000,0,1701445349,249678,java,0.18,6996668416,27758592,18178048,106.2,0.2,20,5,0:00,0,0,462376960,0,3077120,0,27758592,289,1,285,3,0,15.4,2.2,0.0,82.4,0.0,0.0,0.0,0.0,15794.9 MiB,5145.6 MiB,1185.8 MiB,9463.5 MiB,4096.0 MiB,3291.9 MiB,804.1 MiB,14020.3 MiB,,0,00.18
8,2023-07-18,nbody_50000000_v4_original,1.8.0_382,nbody.java 50000000,1,1701445351,249678,java,1.35,6996668416,27758592,18178048,100.0,0.2,20,5,0:01,0,0,462376960,0,3077120,0,27758592,289,1,285,3,0,12.4,0.8,0.0,86.8,0.0,0.0,0.0,0.0,15794.9 MiB,5144.8 MiB,1186.5 MiB,9463.6 MiB,4096.0 MiB,3291.9 MiB,804.1 MiB,14019.6 MiB,,0,01.35
8,2023-07-18,nbody_50000000_v4_original,1.8.0_382,nbody.java 50000000,2,1701445352,249678,java,2.51,6996668416,27758592,18178048,93.8,0.2,20,5,0:02,0,0,462376960,0,3077120,0,27758592,289,1,285,3,0,12.4,0.8,0.0,86.8,0.0,0.0,0.0,0.0,15794.9 MiB,5151.7 MiB,1186.6 MiB,9456.6 MiB,4096.0 MiB,3291.9 MiB,804.1 MiB,14026.5 MiB,,0,02.51
8,2023-07-18,nbody_50000000_v4_original,1.8.0_382,nbody.java 50000000,3,1701445353,249678,java,3.68,6996668416,27758592,18178048,93.8,0.2,20,5,0:03,0,0,462376960,0,3077120,0,27758592,289,1,285,3,0,12.5,0.0,0.0,87.5,0.0,0.0,0.0,0.0,15794.9 MiB,5151.7 MiB,1186.6 MiB,9456.6 MiB,4096.0 MiB,3291.9 MiB,804.1 MiB,14026.5 MiB,,0,03.68
9,2023-07-18,nbody_50000000_v4_original,1.8.0_382,nbody.java 50000000,0,1701445354,249722,java,0.18,6996668416,27750400,18173952,100.0,0.2,20,1,0:00,0,0,462376960,0,3080192,0,27750400,289,1,285,3,0,14.8,3.0,0.0,82.2,0.0,0.0,0.0,0.0,15794.9 MiB,5141.2 MiB,1190.1 MiB,9463.6 MiB,4096.0 MiB,3291.9 MiB,804.1 MiB,14015.9 MiB,,0,00.18
9,2023-07-18,nbody_50000000_v4_original,1.8.0_382,nbody.java 50000000,1,1701445355,249722,java,1.34,6996668416,27750400,18173952,93.8,0.2,20,1,0:01,0,0,462376960,0,3080192,0,27750400,289,1,285,3,0,12.6,0.0,0.0,87.4,0.0,0.0,0.0,0.0,15794.9 MiB,5140.9 MiB,1190.4 MiB,9463.6 MiB,4096.0 MiB,3291.9 MiB,804.1 MiB,14015.7 MiB,,0,01.34
9,2023-07-18,nbody_50000000_v4_original,1.8.0_382,nbody.java 50000000,2,1701445356,249722,java,2.51,6996668416,27750400,18173952,93.8,0.2,20,1,0:02,0,0,462376960,0,3080192,0,27750400,289,1,285,3,0,12.5,0.8,0.0,86.7,0.0,0.0,0.0,0.0,15794.9 MiB,5146.6 MiB,1191.6 MiB,9456.7 MiB,4096.0 MiB,3291.9 MiB,804.1 MiB,14021.3 MiB,,0,02.51
9,2023-07-18,nbody_50000000_v4_original,1.8.0_382,nbody.java 50000000,3,1701445358,249722,java,3.68,6996668416,27750400,18173952,106.7,0.2,20,1,0:03,0,0,462376960,0,3080192,0,27750400,289,1,285,3,0,12.4,0.8,0.0,86.0,0.0,0.0,0.8,0.0,15794.9 MiB,5145.6 MiB,1192.7 MiB,9456.6 MiB,4096.0 MiB,3291.9 MiB,804.1 MiB,14020.4 MiB,,0,03.68
10,2023-07-18,nbody_50000000_v4_original,1.8.0_382,nbody.java 50000000,0,1701445359,249766,java,0.17,6996668416,28033024,18497536,100.0,0.2,20,1,0:00,0,0,462409728,0,3083264,0,28033024,289,1,285,3,0,14.4,2.3,0.0,82.6,0.8,0.0,0.0,0.0,15794.9 MiB,5141.2 MiB,1190.1 MiB,9463.6 MiB,4096.0 MiB,3291.9 MiB,804.1 MiB,14015.9 MiB,,0,00.17
10,2023-07-18,nbody_50000000_v4_original,1.8.0_382,nbody.java 50000000,1,1701445360,249766,java,1.34,6996668416,28033024,18497536,93.8,0.2,20,1,0:01,0,0,462409728,0,3083264,0,28033024,289,1,285,3,0,13.2,0.0,0.0,86.8,0.0,0.0,0.0,0.0,15794.9 MiB,5140.7 MiB,1190.6 MiB,9463.6 MiB,4096.0 MiB,3291.9 MiB,804.1 MiB,14015.4 MiB,,0,01.34
10,2023-07-18,nbody_50000000_v4_original,1.8.0_382,nbody.java 50000000,2,1701445361,249766,java,2.51,6996668416,28033024,18497536,100.0,0.2,20,1,0:02,0,0,462409728,0,3083264,0,28033024,289,1,285,3,0,12.4,0.8,0.0,86.8,0.0,0.0,0.0,0.0,15794.9 MiB,5147.3 MiB,1190.9 MiB,9456.6 MiB,4096.0 MiB,3291.9 MiB,804.1 MiB,14022.1 MiB,,0,02.51
10,2023-07-18,nbody_50000000_v4_original,1.8.0_382,nbody.java 50000000,3,1701445362,249766,java,3.68,6996668416,28033024,18497536,100.0,0.2,20,1,0:03,0,0,462409728,10240,3083264,0,28033024,289,1,285,3,0,13.2,0.8,0.0,86.0,0.0,0.0,0.0,0.0,15794.9 MiB,5147.3 MiB,1190.9 MiB,9456.6 MiB,4096.0 MiB,3291.9 MiB,804.1 MiB,14022.1 MiB,,0,03.68
1,2018-01-16,nbody_50000000_v4_original,9.0.4,nbody.java 50000000,0,1701445807,251252,java,0.22,8153378816,33591296,17104896,137.5,0.2,34,1,0:00,0,0,380309504,0,4905984,0,33591296,288,1,284,3,0,17.5,2.9,0.0,79.6,0.0,0.0,0.0,0.0,15794.9 MiB,5135.1 MiB,1187.1 MiB,9472.6 MiB,4096.0 MiB,3291.9 MiB,804.1 MiB,14019.2 MiB,,0,00.22
1,2018-01-16,nbody_50000000_v4_original,9.0.4,nbody.java 50000000,1,1701445809,251252,java,1.38,8153378816,33591296,17104896,100.0,0.2,34,1,0:01,0,0,380309504,0,4907008,0,33591296,288,1,284,3,0,12.4,1.6,0.0,86.0,0.0,0.0,0.0,0.0,15794.9 MiB,5132.2 MiB,1189.7 MiB,9472.9 MiB,4096.0 MiB,3291.9 MiB,804.1 MiB,14016.3 MiB,,0,01.38
1,2018-01-16,nbody_50000000_v4_original,9.0.4,nbody.java 50000000,2,1701445810,251252,java,2.55,8153378816,33591296,17104896,100.0,0.2,34,1,0:02,0,0,380309504,0,4907008,0,33591296,288,2,283,3,0,13.3,0.8,0.0,85.9,0.0,0.0,0.0,0.0,15794.9 MiB,5138.1 MiB,1190.8 MiB,9465.9 MiB,4096.0 MiB,3291.9 MiB,804.1 MiB,14022.2 MiB,,0,02.55
1,2018-01-16,nbody_50000000_v4_original,9.0.4,nbody.java 50000000,3,1701445811,251252,java,3.72,8153378816,33591296,17104896,100.0,0.2,34,1,0:03,0,0,380309504,0,4907008,0,33591296,288,1,284,3,0,13.6,1.5,0.0,84.8,0.0,0.0,0.0,0.0,15794.9 MiB,5137.1 MiB,1191.8 MiB,9465.9 MiB,4096.0 MiB,3291.9 MiB,804.1 MiB,14021.2 MiB,,0,03.72
2,2018-01-16,nbody_50000000_v4_original,9.0.4,nbody.java 50000000,0,1701445812,251318,java,0.21,8153378816,33787904,17350656,125.0,0.2,34,6,0:00,0,0,380342272,0,4926464,0,33787904,288,1,284,3,0,16.7,3.0,0.0,80.3,0.0,0.0,0.0,0.0,15794.9 MiB,5132.7 MiB,1189.2 MiB,9472.9 MiB,4096.0 MiB,3291.9 MiB,804.1 MiB,14016.8 MiB,,0,00.21
2,2018-01-16,nbody_50000000_v4_original,9.0.4,nbody.java 50000000,1,1701445813,251318,java,1.38,8153378816,33787904,17350656,93.8,0.2,34,6,0:01,0,0,380342272,0,4927488,0,33787904,288,2,283,3,0,13.6,1.5,0.0,84.8,0.0,0.0,0.0,0.0,15794.9 MiB,5132.0 MiB,1189.9 MiB,9472.9 MiB,4096.0 MiB,3291.9 MiB,804.1 MiB,14016.1 MiB,,0,01.38
2,2018-01-16,nbody_50000000_v4_original,9.0.4,nbody.java 50000000,2,1701445814,251318,java,2.55,8153378816,33787904,17350656,100.0,0.2,34,6,0:02,0,0,380342272,0,4927488,0,33787904,288,1,284,3,0,12.3,1.5,0.0,86.2,0.0,0.0,0.0,0.0,15794.9 MiB,5138.9 MiB,1189.9 MiB,9466.1 MiB,4096.0 MiB,3291.9 MiB,804.1 MiB,14023.0 MiB,,0,02.55
2,2018-01-16,nbody_50000000_v4_original,9.0.4,nbody.java 50000000,3,1701445816,251318,java,3.72,8153378816,33787904,17350656,100.0,0.2,34,6,0:03,0,0,380342272,0,4927488,0,33787904,288,1,284,3,0,12.6,0.8,0.0,86.6,0.0,0.0,0.0,0.0,15794.9 MiB,5137.6 MiB,1191.3 MiB,9465.9 MiB,4096.0 MiB,3291.9 MiB,804.1 MiB,14021.8 MiB,,0,03.72
3,2018-01-16,nbody_50000000_v4_original,9.0.4,nbody.java 50000000,0,1701445817,251376,java,0.2,8153378816,34349056,17661952,118.8,0.2,34,6,0:00,0,0,380440576,0,4919296,0,34349056,288,1,284,3,0,17.2,3.0,0.0,79.9,0.0,0.0,0.0,0.0,15794.9 MiB,5131.5 MiB,1190.4 MiB,9472.9 MiB,4096.0 MiB,3291.9 MiB,804.1 MiB,14015.6 MiB,,0,00.20
3,2018-01-16,nbody_50000000_v4_original,9.0.4,nbody.java 50000000,1,1701445818,251376,java,1.37,8153378816,34349056,17661952,93.8,0.2,34,6,0:01,0,0,380440576,0,4920320,0,34349056,288,1,284,3,0,12.5,0.0,0.0,87.5,0.0,0.0,0.0,0.0,15794.9 MiB,5130.8 MiB,1191.2 MiB,9472.9 MiB,4096.0 MiB,3291.9 MiB,804.1 MiB,14014.9 MiB,,0,01.37
3,2018-01-16,nbody_50000000_v4_original,9.0.4,nbody.java 50000000,2,1701445819,251376,java,2.54,8153378816,34349056,17661952,106.7,0.2,34,6,0:02,0,0,380440576,0,4920320,0,34349056,288,1,284,3,0,12.6,0.0,0.0,87.4,0.0,0.0,0.0,0.0,15794.9 MiB,5131.0 MiB,1197.8 MiB,9466.1 MiB,4096.0 MiB,3291.9 MiB,804.1 MiB,14015.1 MiB,,0,02.54
3,2018-01-16,nbody_50000000_v4_original,9.0.4,nbody.java 50000000,3,1701445820,251376,java,3.71,8153378816,34349056,17661952,106.7,0.2,34,6,0:03,0,0,380440576,0,4920320,0,34349056,288,1,284,3,0,12.6,0.0,0.0,87.4,0.0,0.0,0.0,0.0,15794.9 MiB,5130.8 MiB,1198.2 MiB,9466.0 MiB,4096.0 MiB,3291.9 MiB,804.1 MiB,14014.9 MiB,,0,03.71
4,2018-01-16,nbody_50000000_v4_original,9.0.4,nbody.java 50000000,0,1701445821,251434,java,0.21,8153378816,34344960,17666048,125.0,0.2,34,2,0:00,0,0,380469248,0,4912128,0,34344960,288,1,284,3,0,17.2,2.2,0.0,79.9,0.0,0.0,0.7,0.0,15794.9 MiB,5134.3 MiB,1187.8 MiB,9472.8 MiB,4096.0 MiB,3291.9 MiB,804.1 MiB,14018.4 MiB,,0,00.21
4,2018-01-16,nbody_50000000_v4_original,9.0.4,nbody.java 50000000,1,1701445823,251434,java,1.38,8153378816,34344960,17666048,100.0,0.2,34,2,0:01,0,0,380469248,0,4913152,0,34344960,288,1,284,3,0,13.8,0.0,0.0,86.2,0.0,0.0,0.0,0.0,15794.9 MiB,5133.6 MiB,1188.4 MiB,9473.0 MiB,4096.0 MiB,3291.9 MiB,804.1 MiB,14017.7 MiB,,0,01.38
4,2018-01-16,nbody_50000000_v4_original,9.0.4,nbody.java 50000000,2,1701445824,251434,java,2.54,8153378816,34344960,17666048,93.8,0.2,34,2,0:02,0,0,380469248,0,4913152,0,34344960,288,1,284,3,0,13.1,0.8,0.0,86.2,0.0,0.0,0.0,0.0,15794.9 MiB,5141.4 MiB,1187.5 MiB,9466.0 MiB,4096.0 MiB,3291.9 MiB,804.1 MiB,14025.6 MiB,,0,02.54
4,2018-01-16,nbody_50000000_v4_original,9.0.4,nbody.java 50000000,3,1701445825,251434,java,3.71,8153378816,34344960,17666048,100.0,0.2,34,2,0:03,0,0,380469248,0,4913152,0,34344960,288,1,284,3,0,12.4,0.8,0.0,86.8,0.0,0.0,0.0,0.0,15794.9 MiB,5140.5 MiB,1188.4 MiB,9466.0 MiB,4096.0 MiB,3291.9 MiB,804.1 MiB,14024.6 MiB,,0,03.71
5,2018-01-16,nbody_50000000_v4_original,9.0.4,nbody.java 50000000,0,1701445826,251496,java,0.21,8153378816,34336768,17653760,125.0,0.2,34,5,0:00,0,0,380469248,0,4904960,0,34336768,288,1,284,3,0,18.5,2.2,0.0,79.3,0.0,0.0,0.0,0.0,15794.9 MiB,5141.8 MiB,1180.2 MiB,9472.9 MiB,4096.0 MiB,3291.9 MiB,804.1 MiB,14025.9 MiB,,0,00.21
5,2018-01-16,nbody_50000000_v4_original,9.0.4,nbody.java 50000000,1,1701445827,251496,java,1.38,8153378816,34336768,17653760,106.7,0.2,34,5,0:01,0,0,380469248,0,4905984,0,34336768,288,1,284,3,0,12.5,0.8,0.0,86.7,0.0,0.0,0.0,0.0,15794.9 MiB,5140.5 MiB,1181.4 MiB,9473.0 MiB,4096.0 MiB,3291.9 MiB,804.1 MiB,14024.7 MiB,,0,01.38
5,2018-01-16,nbody_50000000_v4_original,9.0.4,nbody.java 50000000,2,1701445828,251496,java,2.55,8153378816,34336768,17653760,106.7,0.2,34,5,0:02,0,0,380469248,0,4905984,0,34336768,288,1,284,3,0,12.5,0.8,0.0,86.7,0.0,0.0,0.0,0.0,15794.9 MiB,5139.5 MiB,1189.3 MiB,9466.0 MiB,4096.0 MiB,3291.9 MiB,804.1 MiB,14023.7 MiB,,0,02.55
5,2018-01-16,nbody_50000000_v4_original,9.0.4,nbody.java 50000000,3,1701445830,251496,java,3.72,8153378816,34336768,17653760,100.0,0.2,34,5,0:03,0,0,380469248,0,4905984,0,34336768,288,1,284,3,0,12.4,0.8,0.0,86.0,0.8,0.0,0.0,0.0,15794.9 MiB,5139.1 MiB,1189.8 MiB,9466.0 MiB,4096.0 MiB,3291.9 MiB,804.1 MiB,14023.2 MiB,,0,03.72
6,2018-01-16,nbody_50000000_v4_original,9.0.4,nbody.java 50000000,0,1701445831,251554,java,0.21,8153378816,34709504,17833984,125.0,0.2,34,3,0:00,0,0,380444672,0,4931584,0,34709504,288,1,284,3,0,17.2,3.0,0.0,79.1,0.0,0.0,0.7,0.0,15794.9 MiB,5142.1 MiB,1179.8 MiB,9473.0 MiB,4096.0 MiB,3291.9 MiB,804.1 MiB,14026.2 MiB,,0,00.21
6,2018-01-16,nbody_50000000_v4_original,9.0.4,nbody.java 50000000,1,1701445832,251554,java,1.38,8153378816,34709504,17833984,100.0,0.2,34,3,0:01,0,0,380444672,0,4932608,0,34709504,288,1,284,3,0,13.3,0.0,0.0,86.7,0.0,0.0,0.0,0.0,15794.9 MiB,5140.6 MiB,1181.3 MiB,9473.0 MiB,4096.0 MiB,3291.9 MiB,804.1 MiB,14024.8 MiB,,0,01.38
6,2018-01-16,nbody_50000000_v4_original,9.0.4,nbody.java 50000000,2,1701445833,251554,java,2.55,8153378816,34709504,17833984,93.8,0.2,34,3,0:02,0,0,380444672,0,4932608,0,34709504,288,1,284,3,0,13.3,0.0,0.0,86.7,0.0,0.0,0.0,0.0,15794.9 MiB,5140.1 MiB,1188.8 MiB,9466.0 MiB,4096.0 MiB,3291.9 MiB,804.1 MiB,14024.3 MiB,,0,02.55
6,2018-01-16,nbody_50000000_v4_original,9.0.4,nbody.java 50000000,3,1701445834,251554,java,3.72,8153378816,34709504,17833984,100.0,0.2,34,3,0:03,0,0,380444672,0,4932608,0,34709504,288,1,284,3,0,13.0,1.5,0.0,85.5,0.0,0.0,0.0,0.0,15794.9 MiB,5139.4 MiB,1189.5 MiB,9466.0 MiB,4096.0 MiB,3291.9 MiB,804.1 MiB,14023.5 MiB,,0,03.72
7,2018-01-16,nbody_50000000_v4_original,9.0.4,nbody.java 50000000,0,1701445836,251612,java,0.21,8153378816,34381824,17694720,125.0,0.2,34,1,0:00,0,0,380469248,0,4913152,0,34381824,288,1,284,3,0,18.2,1.5,0.0,80.3,0.0,0.0,0.0,0.0,15794.9 MiB,5136.4 MiB,1185.6 MiB,9472.9 MiB,4096.0 MiB,3291.9 MiB,804.1 MiB,14020.6 MiB,,0,00.21
7,2018-01-16,nbody_50000000_v4_original,9.0.4,nbody.java 50000000,1,1701445837,251612,java,1.37,8153378816,34381824,17694720,100.0,0.2,34,1,0:01,0,0,380469248,0,4914176,0,34381824,288,1,284,3,0,12.4,1.6,0.0,86.0,0.0,0.0,0.0,0.0,15794.9 MiB,5134.2 MiB,1187.6 MiB,9473.0 MiB,4096.0 MiB,3291.9 MiB,804.1 MiB,14018.4 MiB,,0,01.37
7,2018-01-16,nbody_50000000_v4_original,9.0.4,nbody.java 50000000,2,1701445838,251612,java,2.54,8153378816,34381824,17694720,100.0,0.2,34,1,0:02,0,0,380469248,0,4914176,0,34381824,288,1,284,3,0,12.5,0.8,0.0,86.7,0.0,0.0,0.0,0.0,15794.9 MiB,5134.2 MiB,1194.6 MiB,9466.0 MiB,4096.0 MiB,3291.9 MiB,804.1 MiB,14018.4 MiB,,0,02.54
7,2018-01-16,nbody_50000000_v4_original,9.0.4,nbody.java 50000000,3,1701445839,251612,java,3.71,8153378816,34381824,17694720,93.8,0.2,34,1,0:03,0,0,380469248,0,4914176,0,34381824,288,1,284,3,0,12.5,0.8,0.0,86.7,0.0,0.0,0.0,0.0,15794.9 MiB,5134.2 MiB,1194.6 MiB,9466.0 MiB,4096.0 MiB,3291.9 MiB,804.1 MiB,14018.4 MiB,,0,03.71
8,2018-01-16,nbody_50000000_v4_original,9.0.4,nbody.java 50000000,0,1701445840,251674,java,0.21,8153378816,34803712,17801216,131.2,0.2,34,3,0:00,0,0,380440576,0,4916224,0,34803712,288,1,284,3,0,17.7,1.5,0.0,80.8,0.0,0.0,0.0,0.0,15794.9 MiB,5134.3 MiB,1187.6 MiB,9473.0 MiB,4096.0 MiB,3291.9 MiB,804.1 MiB,14018.4 MiB,,0,00.21
8,2018-01-16,nbody_50000000_v4_original,9.0.4,nbody.java 50000000,1,1701445841,251674,java,1.38,8153378816,34803712,17801216,100.0,0.2,34,3,0:01,0,0,380440576,0,4917248,0,34803712,288,1,284,3,0,12.5,0.8,0.0,86.7,0.0,0.0,0.0,0.0,15794.9 MiB,5132.8 MiB,1189.1 MiB,9473.0 MiB,4096.0 MiB,3291.9 MiB,804.1 MiB,14017.0 MiB,,0,01.38
8,2018-01-16,nbody_50000000_v4_original,9.0.4,nbody.java 50000000,2,1701445843,251674,java,2.55,8153378816,34803712,17801216,100.0,0.2,34,3,0:02,0,0,380440576,0,4917248,0,34803712,288,1,284,3,0,12.6,0.0,0.0,87.4,0.0,0.0,0.0,0.0,15794.9 MiB,5134.0 MiB,1194.8 MiB,9466.0 MiB,4096.0 MiB,3291.9 MiB,804.1 MiB,14018.2 MiB,,0,02.55
8,2018-01-16,nbody_50000000_v4_original,9.0.4,nbody.java 50000000,3,1701445844,251674,java,3.71,8153378816,34803712,17801216,100.0,0.2,34,3,0:03,0,0,380440576,0,4917248,0,34803712,288,1,284,3,0,12.5,0.8,0.0,86.7,0.0,0.0,0.0,0.0,15794.9 MiB,5133.5 MiB,1195.3 MiB,9466.0 MiB,4096.0 MiB,3291.9 MiB,804.1 MiB,14017.7 MiB,,0,03.71
9,2018-01-16,nbody_50000000_v4_original,9.0.4,nbody.java 50000000,0,1701445845,251732,java,0.21,8153378816,34242560,17571840,125.0,0.2,34,7,0:00,0,0,380305408,0,4889600,0,34242560,288,1,284,3,0,17.6,1.5,0.0,80.9,0.0,0.0,0.0,0.0,15794.9 MiB,5135.3 MiB,1186.6 MiB,9473.0 MiB,4096.0 MiB,3291.9 MiB,804.1 MiB,14019.5 MiB,,0,00.21
9,2018-01-16,nbody_50000000_v4_original,9.0.4,nbody.java 50000000,1,1701445846,251732,java,1.38,8153378816,34242560,17571840,106.7,0.2,34,7,0:01,0,0,380305408,0,4890624,0,34242560,288,1,284,3,0,13.3,0.0,0.0,86.7,0.0,0.0,0.0,0.0,15794.9 MiB,5135.1 MiB,1186.8 MiB,9473.0 MiB,4096.0 MiB,3291.9 MiB,804.1 MiB,14019.3 MiB,,0,01.38
9,2018-01-16,nbody_50000000_v4_original,9.0.4,nbody.java 50000000,2,1701445847,251732,java,2.54,8153378816,34242560,17571840,100.0,0.2,34,7,0:02,0,0,380305408,0,4890624,0,34242560,288,1,284,3,0,13.2,0.8,0.0,86.0,0.0,0.0,0.0,0.0,15794.9 MiB,5133.8 MiB,1194.9 MiB,9466.2 MiB,4096.0 MiB,3291.9 MiB,804.1 MiB,14018.1 MiB,,0,02.54
9,2018-01-16,nbody_50000000_v4_original,9.0.4,nbody.java 50000000,3,1701445848,251732,java,3.71,8153378816,34242560,17571840,93.8,0.2,34,7,0:03,0,0,380305408,0,4890624,0,34242560,288,1,284,3,0,12.4,0.8,0.0,86.8,0.0,0.0,0.0,0.0,15794.9 MiB,5133.8 MiB,1195.0 MiB,9466.0 MiB,4096.0 MiB,3291.9 MiB,804.1 MiB,14018.1 MiB,,0,03.71
10,2018-01-16,nbody_50000000_v4_original,9.0.4,nbody.java 50000000,0,1701445850,251790,java,0.21,8153378816,33853440,17440768,125.0,0.2,34,2,0:00,0,0,380248064,0,4904960,0,33853440,288,1,284,3,0,15.4,3.1,0.0,81.5,0.0,0.0,0.0,0.0,15794.9 MiB,5136.4 MiB,1185.5 MiB,9473.0 MiB,4096.0 MiB,3291.9 MiB,804.1 MiB,14020.6 MiB,,0,00.21
10,2018-01-16,nbody_50000000_v4_original,9.0.4,nbody.java 50000000,1,1701445851,251790,java,1.38,8153378816,33853440,17440768,93.8,0.2,34,2,0:01,0,0,380248064,0,4905984,0,33853440,288,1,284,3,0,12.4,0.8,0.0,86.0,0.8,0.0,0.0,0.0,15794.9 MiB,5135.6 MiB,1186.2 MiB,9473.0 MiB,4096.0 MiB,3291.9 MiB,804.1 MiB,14019.8 MiB,,0,01.38
10,2018-01-16,nbody_50000000_v4_original,9.0.4,nbody.java 50000000,2,1701445852,251790,java,2.55,8153378816,33853440,17440768,93.8,0.2,34,2,0:02,0,0,380248064,0,4905984,0,33853440,288,1,284,3,0,13.3,0.0,0.0,86.7,0.0,0.0,0.0,0.0,15794.9 MiB,5136.9 MiB,1192.0 MiB,9466.0 MiB,4096.0 MiB,3291.9 MiB,804.1 MiB,14021.1 MiB,,0,02.55
10,2018-01-16,nbody_50000000_v4_original,9.0.4,nbody.java 50000000,3,1701445853,251790,java,3.72,8153378816,33853440,17440768,100.0,0.2,34,2,0:03,0,0,380248064,0,4905984,0,33853440,288,1,284,3,0,12.4,0.8,0.0,86.8,0.0,0.0,0.0,0.0,15794.9 MiB,5136.6 MiB,1192.2 MiB,9466.0 MiB,4096.0 MiB,3291.9 MiB,804.1 MiB,14020.8 MiB,,0,03.72
1,2018-07-17,nbody_50000000_v4_original,10.0.2,nbody.java 50000000,0,1701446298,253280,java,0.22,8145063936,34045952,17895424,131.2,0.2,34,5,0:00,0,0,380112896,0,4774912,0,34045952,289,1,285,3,0,17.6,2.9,0.0,79.4,0.0,0.0,0.0,0.0,15794.9 MiB,5122.7 MiB,1189.4 MiB,9482.8 MiB,4096.0 MiB,3292.1 MiB,803.9 MiB,14016.7 MiB,,0,00.22
1,2018-07-17,nbody_50000000_v4_original,10.0.2,nbody.java 50000000,1,1701446299,253280,java,1.39,8145063936,34045952,17895424,106.7,0.2,34,5,0:01,0,0,380112896,0,4774912,0,34045952,289,1,285,3,0,12.4,0.8,0.0,86.0,0.8,0.0,0.0,0.0,15794.9 MiB,5122.7 MiB,1196.0 MiB,9476.2 MiB,4096.0 MiB,3292.1 MiB,803.9 MiB,14016.8 MiB,,0,01.39
1,2018-07-17,nbody_50000000_v4_original,10.0.2,nbody.java 50000000,2,1701446300,253280,java,2.55,8145063936,34045952,17895424,100.0,0.2,34,5,0:02,0,0,380112896,0,4774912,0,34045952,289,1,285,3,0,12.4,1.6,0.0,86.0,0.0,0.0,0.0,0.0,15794.9 MiB,5122.7 MiB,1196.0 MiB,9476.2 MiB,4096.0 MiB,3292.1 MiB,803.9 MiB,14016.8 MiB,,0,02.55
1,2018-07-17,nbody_50000000_v4_original,10.0.2,nbody.java 50000000,3,1701446301,253280,java,3.73,8145063936,34045952,17895424,106.7,0.2,34,5,0:03,0,0,380112896,0,4774912,0,34045952,289,1,285,3,0,13.2,0.8,0.0,86.0,0.0,0.0,0.0,0.0,15794.9 MiB,5122.2 MiB,1196.5 MiB,9476.2 MiB,4096.0 MiB,3292.1 MiB,803.9 MiB,14016.3 MiB,,0,03.73
2,2018-07-17,nbody_50000000_v4_original,10.0.2,nbody.java 50000000,0,1701446302,253339,java,0.22,8145063936,34897920,18382848,131.2,0.2,34,5,0:00,0,0,380362752,0,4815872,0,34897920,289,1,285,3,0,17.2,4.5,0.0,78.4,0.0,0.0,0.0,0.0,15794.9 MiB,5130.4 MiB,1181.3 MiB,9483.2 MiB,4096.0 MiB,3292.1 MiB,803.9 MiB,14024.5 MiB,,0,00.22
2,2018-07-17,nbody_50000000_v4_original,10.0.2,nbody.java 50000000,1,1701446303,253339,java,1.39,8145063936,34897920,18382848,100.0,0.2,34,5,0:01,0,0,380362752,0,4815872,0,34897920,289,1,285,3,0,13.7,0.8,0.0,85.5,0.0,0.0,0.0,0.0,15794.9 MiB,5129.6 MiB,1182.0 MiB,9483.2 MiB,4096.0 MiB,3292.1 MiB,803.9 MiB,14023.8 MiB,,0,01.39
2,2018-07-17,nbody_50000000_v4_original,10.0.2,nbody.java 50000000,2,1701446305,253339,java,2.55,8145063936,34897920,18382848,93.8,0.2,34,5,0:02,0,0,380362752,0,4815872,0,34897920,289,1,285,3,0,12.6,0.0,0.0,86.6,0.8,0.0,0.0,0.0,15794.9 MiB,5135.3 MiB,1183.3 MiB,9476.2 MiB,4096.0 MiB,3292.1 MiB,803.9 MiB,14029.5 MiB,,0,02.55
2,2018-07-17,nbody_50000000_v4_original,10.0.2,nbody.java 50000000,3,1701446306,253339,java,3.72,8145063936,34897920,18382848,93.8,0.2,34,5,0:03,0,0,380362752,0,4815872,0,34897920,289,1,285,3,0,13.2,0.8,0.0,86.0,0.0,0.0,0.0,0.0,15794.9 MiB,5136.0 MiB,1182.6 MiB,9476.2 MiB,4096.0 MiB,3292.1 MiB,803.9 MiB,14030.2 MiB,,0,03.72
3,2018-07-17,nbody_50000000_v4_original,10.0.2,nbody.java 50000000,0,1701446307,253397,java,0.21,8145063936,34070528,18132992,125.0,0.2,34,1,0:00,0,0,380063744,0,4779008,0,34070528,289,1,285,3,0,17.4,3.0,0.0,79.5,0.0,0.0,0.0,0.0,15794.9 MiB,5135.1 MiB,1176.6 MiB,9483.2 MiB,4096.0 MiB,3292.1 MiB,803.9 MiB,14029.2 MiB,,0,00.21
3,2018-07-17,nbody_50000000_v4_original,10.0.2,nbody.java 50000000,1,1701446308,253397,java,1.38,8145063936,34070528,18132992,106.7,0.2,34,1,0:01,0,0,380063744,0,4779008,0,34070528,289,1,285,3,0,12.5,0.8,0.0,86.7,0.0,0.0,0.0,0.0,15794.9 MiB,5134.6 MiB,1177.1 MiB,9483.2 MiB,4096.0 MiB,3292.1 MiB,803.9 MiB,14028.7 MiB,,0,01.38
3,2018-07-17,nbody_50000000_v4_original,10.0.2,nbody.java 50000000,2,1701446309,253397,java,2.54,8145063936,34070528,18132992,100.0,0.2,34,1,0:02,0,0,380063744,0,4779008,0,34070528,289,2,284,3,0,13.0,1.5,0.0,85.5,0.0,0.0,0.0,0.0,15794.9 MiB,5134.6 MiB,1183.9 MiB,9476.4 MiB,4096.0 MiB,3292.1 MiB,803.9 MiB,14028.7 MiB,,0,02.54
3,2018-07-17,nbody_50000000_v4_original,10.0.2,nbody.java 50000000,3,1701446310,253397,java,3.71,8145063936,34070528,18132992,93.8,0.2,34,1,0:03,0,0,380063744,0,4779008,0,34070528,289,1,285,3,0,13.1,0.8,0.0,86.2,0.0,0.0,0.0,0.0,15794.9 MiB,5134.1 MiB,1184.6 MiB,9476.2 MiB,4096.0 MiB,3292.1 MiB,803.9 MiB,14028.2 MiB,,0,03.71
4,2018-07-17,nbody_50000000_v4_original,10.0.2,nbody.java 50000000,0,1701446312,253455,java,0.21,8145063936,33681408,17698816,125.0,0.2,34,1,0:00,0,0,380067840,0,4783104,0,33681408,289,1,285,3,0,19.4,1.5,0.0,79.1,0.0,0.0,0.0,0.0,15794.9 MiB,5136.1 MiB,1175.5 MiB,9483.2 MiB,4096.0 MiB,3292.1 MiB,803.9 MiB,14030.3 MiB,,0,00.21
4,2018-07-17,nbody_50000000_v4_original,10.0.2,nbody.java 50000000,1,1701446313,253455,java,1.38,8145063936,33681408,17698816,100.0,0.2,34,1,0:01,0,0,380067840,10240,4783104,0,33681408,289,1,285,3,0,12.4,0.8,0.0,86.8,0.0,0.0,0.0,0.0,15794.9 MiB,5135.6 MiB,1176.0 MiB,9483.2 MiB,4096.0 MiB,3292.1 MiB,803.9 MiB,14029.8 MiB,,0,01.38
4,2018-07-17,nbody_50000000_v4_original,10.0.2,nbody.java 50000000,2,1701446314,253455,java,2.55,8145063936,33681408,17698816,100.0,0.2,34,1,0:02,0,0,380067840,10240,4783104,0,33681408,289,1,285,3,0,13.3,0.0,0.0,86.7,0.0,0.0,0.0,0.0,15794.9 MiB,5134.2 MiB,1184.4 MiB,9476.3 MiB,4096.0 MiB,3292.1 MiB,803.9 MiB,14028.3 MiB,,0,02.55
4,2018-07-17,nbody_50000000_v4_original,10.0.2,nbody.java 50000000,3,1701446315,253455,java,3.71,8145063936,33681408,17698816,100.0,0.2,34,1,0:03,0,0,380067840,10240,4783104,0,33681408,289,1,285,3,0,13.2,0.8,0.0,86.0,0.0,0.0,0.0,0.0,15794.9 MiB,5133.9 MiB,1184.7 MiB,9476.3 MiB,4096.0 MiB,3292.1 MiB,803.9 MiB,14028.1 MiB,,0,03.71
5,2018-07-17,nbody_50000000_v4_original,10.0.2,nbody.java 50000000,0,1701446316,253514,java,0.21,8145063936,33763328,17690624,125.0,0.2,34,6,0:00,0,0,380063744,0,4764672,0,33763328,289,1,285,3,0,16.7,3.0,0.0,80.3,0.0,0.0,0.0,0.0,15794.9 MiB,5139.1 MiB,1172.5 MiB,9483.2 MiB,4096.0 MiB,3292.1 MiB,803.9 MiB,14033.3 MiB,,0,00.21
5,2018-07-17,nbody_50000000_v4_original,10.0.2,nbody.java 50000000,1,1701446317,253514,java,1.37,8145063936,33763328,17690624,100.0,0.2,34,6,0:01,0,0,380063744,0,4764672,0,33763328,289,1,285,3,0,12.4,0.8,0.0,86.8,0.0,0.0,0.0,0.0,15794.9 MiB,5138.4 MiB,1173.2 MiB,9483.2 MiB,4096.0 MiB,3292.1 MiB,803.9 MiB,14032.6 MiB,,0,01.37
5,2018-07-17,nbody_50000000_v4_original,10.0.2,nbody.java 50000000,2,1701446319,253514,java,2.54,8145063936,33763328,17690624,100.0,0.2,34,6,0:02,0,0,380063744,0,4764672,0,33763328,289,1,285,3,0,12.5,0.8,0.0,86.7,0.0,0.0,0.0,0.0,15794.9 MiB,5137.9 MiB,1180.7 MiB,9476.3 MiB,4096.0 MiB,3292.1 MiB,803.9 MiB,14032.1 MiB,,0,02.54
5,2018-07-17,nbody_50000000_v4_original,10.0.2,nbody.java 50000000,3,1701446320,253514,java,3.71,8145063936,33763328,17690624,100.0,0.2,34,6,0:03,0,0,380063744,0,4764672,0,33763328,289,1,285,3,0,12.4,0.8,0.0,86.8,0.0,0.0,0.0,0.0,15794.9 MiB,5137.7 MiB,1180.9 MiB,9476.3 MiB,4096.0 MiB,3292.1 MiB,803.9 MiB,14031.9 MiB,,0,03.71
6,2018-07-17,nbody_50000000_v4_original,10.0.2,nbody.java 50000000,0,1701446321,253575,java,0.21,8145063936,33779712,17698816,125.0,0.2,34,5,0:00,0,0,380059648,0,4764672,0,33779712,289,1,285,3,0,17.9,3.7,0.0,78.4,0.0,0.0,0.0,0.0,15794.9 MiB,5139.9 MiB,1171.7 MiB,9483.2 MiB,4096.0 MiB,3292.1 MiB,803.9 MiB,14034.1 MiB,,0,00.21
6,2018-07-17,nbody_50000000_v4_original,10.0.2,nbody.java 50000000,1,1701446322,253575,java,1.38,8145063936,33779712,17698816,100.0,0.2,34,5,0:01,0,0,380059648,0,4764672,0,33779712,289,1,285,3,0,12.4,0.8,0.0,86.8,0.0,0.0,0.0,0.0,15794.9 MiB,5139.2 MiB,1172.4 MiB,9483.3 MiB,4096.0 MiB,3292.1 MiB,803.9 MiB,14033.4 MiB,,0,01.38
6,2018-07-17,nbody_50000000_v4_original,10.0.2,nbody.java 50000000,2,1701446323,253575,java,2.54,8145063936,33779712,17698816,93.8,0.2,34,5,0:02,0,0,380059648,0,4764672,0,33779712,289,1,285,3,0,13.2,0.0,0.0,86.8,0.0,0.0,0.0,0.0,15794.9 MiB,5138.7 MiB,1179.9 MiB,9476.3 MiB,4096.0 MiB,3292.1 MiB,803.9 MiB,14032.9 MiB,,0,02.54
6,2018-07-17,nbody_50000000_v4_original,10.0.2,nbody.java 50000000,3,1701446324,253575,java,3.71,8145063936,33779712,17698816,100.0,0.2,34,5,0:03,0,0,380059648,0,4764672,0,33779712,289,1,285,3,0,13.3,0.0,0.0,86.7,0.0,0.0,0.0,0.0,15794.9 MiB,5138.7 MiB,1179.9 MiB,9476.3 MiB,4096.0 MiB,3292.1 MiB,803.9 MiB,14032.9 MiB,,0,03.71
7,2018-07-17,nbody_50000000_v4_original,10.0.2,nbody.java 50000000,0,1701446326,253633,java,0.21,8145063936,34619392,18288640,125.0,0.2,34,1,0:00,0,0,380403712,0,4848640,0,34619392,289,1,285,3,0,19.3,2.2,0.0,78.5,0.0,0.0,0.0,0.0,15794.9 MiB,5132.1 MiB,1179.5 MiB,9483.3 MiB,4096.0 MiB,3292.1 MiB,803.9 MiB,14026.3 MiB,,0,00.21
7,2018-07-17,nbody_50000000_v4_original,10.0.2,nbody.java 50000000,1,1701446327,253633,java,1.38,8145063936,34619392,18288640,106.7,0.2,34,1,0:01,0,0,380403712,0,4848640,0,34619392,289,1,285,3,0,12.5,0.8,0.0,86.7,0.0,0.0,0.0,0.0,15794.9 MiB,5131.1 MiB,1180.5 MiB,9483.3 MiB,4096.0 MiB,3292.1 MiB,803.9 MiB,14025.3 MiB,,0,01.38
7,2018-07-17,nbody_50000000_v4_original,10.0.2,nbody.java 50000000,2,1701446328,253633,java,2.54,8145063936,34619392,18288640,93.8,0.2,34,1,0:02,0,0,380403712,0,4848640,0,34619392,289,1,285,3,0,12.5,0.8,0.0,86.7,0.0,0.0,0.0,0.0,15794.9 MiB,5131.1 MiB,1180.5 MiB,9483.3 MiB,4096.0 MiB,3292.1 MiB,803.9 MiB,14025.3 MiB,,0,02.54
7,2018-07-17,nbody_50000000_v4_original,10.0.2,nbody.java 50000000,3,1701446329,253633,java,3.71,8145063936,34619392,18288640,93.8,0.2,34,1,0:03,0,0,380403712,0,4848640,0,34619392,289,1,285,3,0,13.3,0.0,0.0,86.7,0.0,0.0,0.0,0.0,15794.9 MiB,5133.8 MiB,1184.8 MiB,9476.3 MiB,4096.0 MiB,3292.1 MiB,803.9 MiB,14028.1 MiB,,0,03.71
8,2018-07-17,nbody_50000000_v4_original,10.0.2,nbody.java 50000000,0,1701446330,253693,java,0.21,8145063936,34013184,17870848,131.2,0.2,34,3,0:00,0,0,380145664,0,4781056,0,34013184,290,1,286,3,0,17.8,2.3,0.0,79.8,0.0,0.0,0.0,0.0,15794.9 MiB,5136.1 MiB,1175.5 MiB,9483.3 MiB,4096.0 MiB,3292.1 MiB,803.9 MiB,14030.3 MiB,,0,00.21
8,2018-07-17,nbody_50000000_v4_original,10.0.2,nbody.java 50000000,1,1701446332,253693,java,1.38,8145063936,34013184,17870848,106.7,0.2,34,3,0:01,0,0,380145664,0,4781056,0,34013184,288,1,284,3,0,12.6,0.0,0.0,87.4,0.0,0.0,0.0,0.0,15794.9 MiB,5134.9 MiB,1176.7 MiB,9483.3 MiB,4096.0 MiB,3292.1 MiB,803.9 MiB,14029.1 MiB,,0,01.38
8,2018-07-17,nbody_50000000_v4_original,10.0.2,nbody.java 50000000,2,1701446333,253693,java,2.55,8145063936,34013184,17870848,100.0,0.2,34,3,0:02,0,0,380145664,0,4781056,0,34013184,288,1,284,3,0,12.5,0.0,0.0,87.5,0.0,0.0,0.0,0.0,15794.9 MiB,5141.1 MiB,1177.5 MiB,9476.3 MiB,4096.0 MiB,3292.1 MiB,803.9 MiB,14035.3 MiB,,0,02.55
8,2018-07-17,nbody_50000000_v4_original,10.0.2,nbody.java 50000000,3,1701446334,253693,java,3.72,8145063936,34013184,17870848,100.0,0.2,34,3,0:03,0,0,380145664,0,4781056,0,34013184,288,1,284,3,0,12.4,0.8,0.0,86.8,0.0,0.0,0.0,0.0,15794.9 MiB,5140.8 MiB,1177.8 MiB,9476.3 MiB,4096.0 MiB,3292.1 MiB,803.9 MiB,14035.0 MiB,,0,03.72
9,2018-07-17,nbody_50000000_v4_original,10.0.2,nbody.java 50000000,0,1701446335,253761,java,0.22,8145063936,34426880,18354176,125.0,0.2,34,3,0:00,0,0,380076032,0,4762624,0,34426880,288,1,284,3,0,16.9,3.7,0.0,79.4,0.0,0.0,0.0,0.0,15794.9 MiB,5136.4 MiB,1175.2 MiB,9483.3 MiB,4096.0 MiB,3292.1 MiB,803.9 MiB,14030.6 MiB,,0,00.22
9,2018-07-17,nbody_50000000_v4_original,10.0.2,nbody.java 50000000,1,1701446336,253761,java,1.39,8145063936,34426880,18354176,106.7,0.2,34,3,0:01,0,0,380076032,0,4762624,0,34426880,288,1,284,3,0,12.5,0.8,0.0,86.7,0.0,0.0,0.0,0.0,15794.9 MiB,5135.9 MiB,1175.6 MiB,9483.3 MiB,4096.0 MiB,3292.1 MiB,803.9 MiB,14030.2 MiB,,0,01.39
9,2018-07-17,nbody_50000000_v4_original,10.0.2,nbody.java 50000000,2,1701446337,253761,java,2.56,8145063936,34426880,18354176,100.0,0.2,34,3,0:02,0,0,380076032,0,4762624,0,34426880,288,1,284,3,0,12.5,0.8,0.0,86.7,0.0,0.0,0.0,0.0,15794.9 MiB,5141.3 MiB,1177.2 MiB,9476.3 MiB,4096.0 MiB,3292.1 MiB,803.9 MiB,14035.6 MiB,,0,02.56
9,2018-07-17,nbody_50000000_v4_original,10.0.2,nbody.java 50000000,3,1701446339,253761,java,3.73,8145063936,34426880,18354176,106.7,0.2,34,3,0:03,0,0,380076032,0,4762624,0,34426880,288,1,284,3,0,12.4,0.8,0.0,86.8,0.0,0.0,0.0,0.0,15794.9 MiB,5140.4 MiB,1178.1 MiB,9476.4 MiB,4096.0 MiB,3292.1 MiB,803.9 MiB,14034.6 MiB,,0,03.73
10,2018-07-17,nbody_50000000_v4_original,10.0.2,nbody.java 50000000,0,1701446340,253819,java,0.21,8145063936,34607104,18391040,125.0,0.2,34,0,0:00,0,0,380170240,0,4786176,0,34607104,288,1,284,3,0,16.8,1.5,0.0,80.9,0.0,0.0,0.8,0.0,15794.9 MiB,5134.7 MiB,1176.8 MiB,9483.3 MiB,4096.0 MiB,3292.1 MiB,803.9 MiB,14028.9 MiB,,0,00.21
10,2018-07-17,nbody_50000000_v4_original,10.0.2,nbody.java 50000000,1,1701446341,253819,java,1.38,8145063936,34607104,18391040,93.8,0.2,34,0,0:01,0,0,380170240,0,4786176,0,34607104,288,1,284,3,0,13.1,0.8,0.0,86.2,0.0,0.0,0.0,0.0,15794.9 MiB,5134.2 MiB,1177.3 MiB,9483.4 MiB,4096.0 MiB,3292.1 MiB,803.9 MiB,14028.4 MiB,,0,01.38
10,2018-07-17,nbody_50000000_v4_original,10.0.2,nbody.java 50000000,2,1701446342,253819,java,2.55,8145063936,34607104,18391040,93.8,0.2,34,0,0:02,0,0,380170240,0,4786176,0,34607104,288,1,284,3,0,13.1,0.8,0.0,86.2,0.0,0.0,0.0,0.0,15794.9 MiB,5133.5 MiB,1185.1 MiB,9476.3 MiB,4096.0 MiB,3292.1 MiB,803.9 MiB,14027.7 MiB,,0,02.55
10,2018-07-17,nbody_50000000_v4_original,10.0.2,nbody.java 50000000,3,1701446343,253819,java,3.72,8145063936,34607104,18391040,100.0,0.2,34,0,0:03,0,0,380170240,0,4786176,0,34607104,288,1,284,3,0,12.4,1.6,0.0,86.0,0.0,0.0,0.0,0.0,15794.9 MiB,5133.2 MiB,1185.3 MiB,9476.3 MiB,4096.0 MiB,3292.1 MiB,803.9 MiB,14027.5 MiB,,0,03.72
1,2023-08-22,nbody_50000000_v4_original,11.0.20.1,nbody.java 50000000,0,1701446788,254913,java,0.2,6970613760,39088128,27844608,118.8,0.2,17,3,0:00,0,0,364285952,0,3696640,0,39088128,290,2,285,3,0,17.0,3.0,0.0,80.0,0.0,0.0,0.0,0.0,15794.9 MiB,5117.4 MiB,1182.1 MiB,9495.4 MiB,4096.0 MiB,3292.1 MiB,803.9 MiB,14023.8 MiB,,0,00.20
1,2023-08-22,nbody_50000000_v4_original,11.0.20.1,nbody.java 50000000,1,1701446789,254913,java,1.36,6970613760,39088128,27844608,93.8,0.2,17,3,0:01,0,0,364285952,0,3696640,0,39088128,290,1,286,3,0,12.4,1.6,0.0,86.0,0.0,0.0,0.0,0.0,15794.9 MiB,5116.6 MiB,1182.7 MiB,9495.5 MiB,4096.0 MiB,3292.1 MiB,803.9 MiB,14023.1 MiB,,0,01.36
1,2023-08-22,nbody_50000000_v4_original,11.0.20.1,nbody.java 50000000,2,1701446790,254913,java,2.53,6970613760,39088128,27844608,106.7,0.2,17,3,0:02,0,0,364285952,0,3696640,0,39088128,290,1,286,3,0,13.1,0.8,0.0,86.2,0.0,0.0,0.0,0.0,15794.9 MiB,5119.6 MiB,1186.8 MiB,9488.5 MiB,4096.0 MiB,3292.1 MiB,803.9 MiB,14026.0 MiB,,0,02.53
1,2023-08-22,nbody_50000000_v4_original,11.0.20.1,nbody.java 50000000,3,1701446791,254913,java,3.7,6970613760,39088128,27844608,106.7,0.2,17,3,0:03,0,0,364285952,0,3696640,0,39088128,290,1,286,3,0,12.6,0.0,0.0,87.4,0.0,0.0,0.0,0.0,15794.9 MiB,5119.1 MiB,1187.3 MiB,9488.5 MiB,4096.0 MiB,3292.1 MiB,803.9 MiB,14025.5 MiB,,0,03.70
2,2023-08-22,nbody_50000000_v4_original,11.0.20.1,nbody.java 50000000,0,1701446792,254954,java,0.19,6970613760,39006208,27803648,118.8,0.2,17,6,0:00,0,0,364220416,0,3679232,0,39006208,290,1,286,3,0,15.9,2.3,0.0,81.8,0.0,0.0,0.0,0.0,15794.9 MiB,5111.5 MiB,1187.9 MiB,9495.5 MiB,4096.0 MiB,3292.1 MiB,803.9 MiB,14017.9 MiB,,0,00.19
2,2023-08-22,nbody_50000000_v4_original,11.0.20.1,nbody.java 50000000,1,1701446793,254954,java,1.36,6970613760,39006208,27803648,100.0,0.2,17,6,0:01,0,0,364220416,0,3679232,0,39006208,290,1,286,3,0,13.1,0.8,0.0,86.2,0.0,0.0,0.0,0.0,15794.9 MiB,5109.5 MiB,1189.8 MiB,9495.5 MiB,4096.0 MiB,3292.1 MiB,803.9 MiB,14016.0 MiB,,0,01.36
2,2023-08-22,nbody_50000000_v4_original,11.0.20.1,nbody.java 50000000,2,1701446795,254954,java,2.53,6970613760,39006208,27803648,100.0,0.2,17,6,0:02,0,0,364220416,0,3679232,0,39006208,290,1,286,3,0,13.2,0.8,0.0,86.0,0.0,0.0,0.0,0.0,15794.9 MiB,5115.4 MiB,1190.9 MiB,9488.5 MiB,4096.0 MiB,3292.1 MiB,803.9 MiB,14021.9 MiB,,0,02.53
2,2023-08-22,nbody_50000000_v4_original,11.0.20.1,nbody.java 50000000,3,1701446796,254954,java,3.7,6970613760,39006208,27803648,100.0,0.2,17,6,0:03,0,0,364220416,0,3679232,0,39006208,290,1,286,3,0,12.5,0.8,0.0,86.7,0.0,0.0,0.0,0.0,15794.9 MiB,5115.4 MiB,1190.9 MiB,9488.5 MiB,4096.0 MiB,3292.1 MiB,803.9 MiB,14021.9 MiB,,0,03.70
3,2023-08-22,nbody_50000000_v4_original,11.0.20.1,nbody.java 50000000,0,1701446797,254995,java,0.2,6970613760,39415808,28160000,118.8,0.2,17,4,0:00,0,0,364318720,0,3713024,0,39415808,290,1,286,3,0,17.6,1.5,0.0,80.9,0.0,0.0,0.0,0.0,15794.9 MiB,5114.0 MiB,1185.4 MiB,9495.5 MiB,4096.0 MiB,3292.1 MiB,803.9 MiB,14020.4 MiB,,0,00.20
3,2023-08-22,nbody_50000000_v4_original,11.0.20.1,nbody.java 50000000,1,1701446798,254995,java,1.37,6970613760,39415808,28160000,93.8,0.2,17,4,0:01,0,0,364318720,0,3713024,0,39415808,290,1,286,3,0,13.1,0.8,0.0,86.2,0.0,0.0,0.0,0.0,15794.9 MiB,5113.2 MiB,1186.1 MiB,9495.5 MiB,4096.0 MiB,3292.1 MiB,803.9 MiB,14019.7 MiB,,0,01.37
3,2023-08-22,nbody_50000000_v4_original,11.0.20.1,nbody.java 50000000,2,1701446799,254995,java,2.54,6970613760,39415808,28160000,106.7,0.2,17,4,0:02,0,0,364318720,0,3713024,0,39415808,289,1,285,3,0,12.5,0.8,0.0,86.7,0.0,0.0,0.0,0.0,15794.9 MiB,5120.8 MiB,1185.4 MiB,9488.7 MiB,4096.0 MiB,3292.1 MiB,803.9 MiB,14027.3 MiB,,0,02.54
3,2023-08-22,nbody_50000000_v4_original,11.0.20.1,nbody.java 50000000,3,1701446801,254995,java,3.71,6970613760,39415808,28160000,106.7,0.2,17,4,0:03,0,0,364318720,0,3713024,0,39415808,289,1,285,3,0,12.3,1.5,0.0,86.2,0.0,0.0,0.0,0.0,15794.9 MiB,5120.4 MiB,1186.0 MiB,9488.5 MiB,4096.0 MiB,3292.1 MiB,803.9 MiB,14026.8 MiB,,0,03.71
4,2023-08-22,nbody_50000000_v4_original,11.0.20.1,nbody.java 50000000,0,1701446802,255036,java,0.2,6970613760,39714816,28254208,118.8,0.2,17,4,0:00,0,0,364285952,0,3703808,0,39714816,289,1,285,3,0,14.9,3.0,0.0,82.1,0.0,0.0,0.0,0.0,15794.9 MiB,5123.1 MiB,1176.3 MiB,9495.5 MiB,4096.0 MiB,3292.1 MiB,803.9 MiB,14029.6 MiB,,0,00.20
4,2023-08-22,nbody_50000000_v4_original,11.0.20.1,nbody.java 50000000,1,1701446803,255036,java,1.36,6970613760,39714816,28254208,100.0,0.2,17,4,0:01,0,0,364285952,10240,3703808,0,39714816,289,1,285,3,0,12.4,0.8,0.0,86.8,0.0,0.0,0.0,0.0,15794.9 MiB,5122.8 MiB,1176.5 MiB,9495.5 MiB,4096.0 MiB,3292.1 MiB,803.9 MiB,14029.3 MiB,,0,01.36
4,2023-08-22,nbody_50000000_v4_original,11.0.20.1,nbody.java 50000000,2,1701446804,255036,java,2.53,6970613760,39714816,28254208,100.0,0.2,17,4,0:02,0,0,364285952,10240,3703808,0,39714816,289,1,285,3,0,13.3,0.0,0.0,86.7,0.0,0.0,0.0,0.0,15794.9 MiB,5123.6 MiB,1182.8 MiB,9488.5 MiB,4096.0 MiB,3292.1 MiB,803.9 MiB,14030.0 MiB,,0,02.53
4,2023-08-22,nbody_50000000_v4_original,11.0.20.1,nbody.java 50000000,3,1701446805,255036,java,3.7,6970613760,39714816,28254208,93.8,0.2,17,4,0:03,0,0,364285952,10240,3703808,0,39714816,289,1,285,3,0,12.4,0.8,0.0,86.8,0.0,0.0,0.0,0.0,15794.9 MiB,5123.1 MiB,1183.2 MiB,9488.5 MiB,4096.0 MiB,3292.1 MiB,803.9 MiB,14029.6 MiB,,0,03.70
5,2023-08-22,nbody_50000000_v4_original,11.0.20.1,nbody.java 50000000,0,1701446806,255077,java,0.2,6970613760,38989824,27742208,118.8,0.2,17,5,0:00,0,0,364253184,0,3685376,0,38989824,289,1,285,3,0,16.5,1.5,0.0,82.0,0.0,0.0,0.0,0.0,15794.9 MiB,5119.9 MiB,1179.4 MiB,9495.6 MiB,4096.0 MiB,3292.1 MiB,803.9 MiB,14026.4 MiB,,0,00.20
5,2023-08-22,nbody_50000000_v4_original,11.0.20.1,nbody.java 50000000,1,1701446808,255077,java,1.37,6970613760,38989824,27742208,100.0,0.2,17,5,0:01,0,0,364253184,0,3685376,0,38989824,289,1,285,3,0,13.1,0.8,0.0,86.2,0.0,0.0,0.0,0.0,15794.9 MiB,5119.4 MiB,1179.9 MiB,9495.6 MiB,4096.0 MiB,3292.1 MiB,803.9 MiB,14025.9 MiB,,0,01.37
5,2023-08-22,nbody_50000000_v4_original,11.0.20.1,nbody.java 50000000,2,1701446809,255077,java,2.54,6970613760,38989824,27742208,100.0,0.2,17,5,0:02,0,0,364253184,0,3685376,0,38989824,289,1,285,3,0,13.2,0.8,0.0,86.0,0.0,0.0,0.0,0.0,15794.9 MiB,5126.3 MiB,1180.0 MiB,9488.6 MiB,4096.0 MiB,3292.1 MiB,803.9 MiB,14032.8 MiB,,0,02.54
5,2023-08-22,nbody_50000000_v4_original,11.0.20.1,nbody.java 50000000,3,1701446810,255077,java,3.7,6970613760,38989824,27742208,93.8,0.2,17,5,0:03,0,0,364253184,0,3685376,0,38989824,289,1,285,3,0,12.5,0.0,0.0,87.5,0.0,0.0,0.0,0.0,15794.9 MiB,5126.8 MiB,1179.5 MiB,9488.6 MiB,4096.0 MiB,3292.1 MiB,803.9 MiB,14033.3 MiB,,0,03.70
6,2023-08-22,nbody_50000000_v4_original,11.0.20.1,nbody.java 50000000,0,1701446811,255122,java,0.2,6970613760,39428096,27918336,118.8,0.2,17,0,0:00,0,0,364257280,0,3689472,0,39428096,289,1,285,3,0,17.3,1.5,0.0,81.2,0.0,0.0,0.0,0.0,15794.9 MiB,5118.4 MiB,1180.9 MiB,9495.5 MiB,4096.0 MiB,3292.1 MiB,803.9 MiB,14024.9 MiB,,0,00.20
6,2023-08-22,nbody_50000000_v4_original,11.0.20.1,nbody.java 50000000,1,1701446812,255122,java,1.37,6970613760,39428096,27918336,93.8,0.2,17,0,0:01,0,0,364257280,0,3689472,0,39428096,289,1,285,3,0,12.2,1.5,0.0,86.3,0.0,0.0,0.0,0.0,15794.9 MiB,5117.2 MiB,1182.1 MiB,9495.6 MiB,4096.0 MiB,3292.1 MiB,803.9 MiB,14023.7 MiB,,0,01.37
6,2023-08-22,nbody_50000000_v4_original,11.0.20.1,nbody.java 50000000,2,1701446813,255122,java,2.54,6970613760,39428096,27918336,93.8,0.2,17,0,0:02,0,0,364257280,0,3689472,0,39428096,289,1,285,3,0,13.1,0.8,0.0,86.2,0.0,0.0,0.0,0.0,15794.9 MiB,5122.6 MiB,1183.6 MiB,9488.7 MiB,4096.0 MiB,3292.1 MiB,803.9 MiB,14029.1 MiB,,0,02.54
6,2023-08-22,nbody_50000000_v4_original,11.0.20.1,nbody.java 50000000,3,1701446815,255122,java,3.71,6970613760,39428096,27918336,93.8,0.2,17,0,0:03,0,0,364257280,0,3689472,0,39428096,289,1,285,3,0,13.1,1.5,0.0,85.4,0.0,0.0,0.0,0.0,15794.9 MiB,5122.1 MiB,1184.2 MiB,9488.6 MiB,4096.0 MiB,3292.1 MiB,803.9 MiB,14028.6 MiB,,0,03.71
7,2023-08-22,nbody_50000000_v4_original,11.0.20.1,nbody.java 50000000,0,1701446816,255163,java,0.2,6970613760,38219776,27172864,118.8,0.2,17,4,0:00,0,0,364154880,0,3668992,0,38219776,289,1,285,3,0,17.3,1.5,0.0,81.2,0.0,0.0,0.0,0.0,15794.9 MiB,5120.6 MiB,1178.7 MiB,9495.5 MiB,4096.0 MiB,3292.1 MiB,803.9 MiB,14027.1 MiB,,0,00.20
7,2023-08-22,nbody_50000000_v4_original,11.0.20.1,nbody.java 50000000,1,1701446817,255163,java,1.37,6970613760,38219776,27172864,106.7,0.2,17,4,0:01,0,0,364154880,0,3668992,0,38219776,289,1,285,3,0,13.3,0.0,0.0,86.7,0.0,0.0,0.0,0.0,15794.9 MiB,5119.9 MiB,1179.4 MiB,9495.6 MiB,4096.0 MiB,3292.1 MiB,803.9 MiB,14026.4 MiB,,0,01.37
7,2023-08-22,nbody_50000000_v4_original,11.0.20.1,nbody.java 50000000,2,1701446818,255163,java,2.54,6970613760,38219776,27172864,106.7,0.2,17,4,0:02,0,0,364154880,0,3668992,0,38219776,289,1,285,3,0,13.2,0.8,0.0,86.0,0.0,0.0,0.0,0.0,15794.9 MiB,5119.9 MiB,1186.3 MiB,9488.7 MiB,4096.0 MiB,3292.1 MiB,803.9 MiB,14026.4 MiB,,0,02.54
7,2023-08-22,nbody_50000000_v4_original,11.0.20.1,nbody.java 50000000,3,1701446819,255163,java,3.7,6970613760,38219776,27172864,100.0,0.2,17,4,0:03,0,0,364154880,0,3668992,0,38219776,289,1,285,3,0,12.6,0.8,0.0,86.6,0.0,0.0,0.0,0.0,15794.9 MiB,5120.6 MiB,1185.7 MiB,9488.6 MiB,4096.0 MiB,3292.1 MiB,803.9 MiB,14027.1 MiB,,0,03.70
8,2023-08-22,nbody_50000000_v4_original,11.0.20.1,nbody.java 50000000,0,1701446820,255204,java,0.19,6970613760,39075840,27811840,118.8,0.2,17,0,0:00,0,0,364290048,0,3694592,0,39075840,289,1,285,3,0,16.0,2.3,0.0,81.7,0.0,0.0,0.0,0.0,15794.9 MiB,5118.7 MiB,1180.7 MiB,9495.5 MiB,4096.0 MiB,3292.1 MiB,803.9 MiB,14025.1 MiB,,0,00.19
8,2023-08-22,nbody_50000000_v4_original,11.0.20.1,nbody.java 50000000,1,1701446822,255204,java,1.36,6970613760,39075840,27811840,100.0,0.2,17,0,0:01,0,0,364290048,0,3694592,0,39075840,289,1,285,3,0,12.4,0.8,0.0,86.8,0.0,0.0,0.0,0.0,15794.9 MiB,5118.4 MiB,1180.9 MiB,9495.6 MiB,4096.0 MiB,3292.1 MiB,803.9 MiB,14024.9 MiB,,0,01.36
8,2023-08-22,nbody_50000000_v4_original,11.0.20.1,nbody.java 50000000,2,1701446823,255204,java,2.52,6970613760,39075840,27811840,93.8,0.2,17,0,0:02,0,0,364290048,0,3694592,0,39075840,289,1,285,3,0,12.4,0.8,0.0,86.8,0.0,0.0,0.0,0.0,15794.9 MiB,5127.0 MiB,1179.2 MiB,9488.6 MiB,4096.0 MiB,3292.1 MiB,803.9 MiB,14033.6 MiB,,0,02.52
8,2023-08-22,nbody_50000000_v4_original,11.0.20.1,nbody.java 50000000,3,1701446824,255204,java,3.69,6970613760,39075840,27811840,100.0,0.2,17,0,0:03,0,0,364290048,0,3694592,0,39075840,289,1,285,3,0,12.3,1.5,0.0,86.2,0.0,0.0,0.0,0.0,15794.9 MiB,5127.3 MiB,1179.0 MiB,9488.6 MiB,4096.0 MiB,3292.1 MiB,803.9 MiB,14033.8 MiB,,0,03.69
9,2023-08-22,nbody_50000000_v4_original,11.0.20.1,nbody.java 50000000,0,1701446825,255245,java,0.2,6970613760,39239680,28016640,118.8,0.2,17,5,0:00,0,0,364290048,0,3693568,0,39239680,289,1,285,3,0,16.7,1.5,0.0,81.8,0.0,0.0,0.0,0.0,15794.9 MiB,5119.4 MiB,1179.9 MiB,9495.6 MiB,4096.0 MiB,3292.1 MiB,803.9 MiB,14025.9 MiB,,0,00.20
9,2023-08-22,nbody_50000000_v4_original,11.0.20.1,nbody.java 50000000,1,1701446826,255245,java,1.36,6970613760,39239680,28016640,93.8,0.2,17,5,0:01,0,0,364290048,0,3693568,0,39239680,289,1,285,3,0,12.5,0.0,0.0,87.5,0.0,0.0,0.0,0.0,15794.9 MiB,5118.4 MiB,1180.8 MiB,9495.6 MiB,4096.0 MiB,3292.1 MiB,803.9 MiB,14025.0 MiB,,0,01.36
9,2023-08-22,nbody_50000000_v4_original,11.0.20.1,nbody.java 50000000,2,1701446827,255245,java,2.53,6970613760,39239680,28016640,93.8,0.2,17,5,0:02,0,0,364290048,0,3693568,0,39239680,289,1,285,3,0,12.6,0.8,0.0,86.6,0.0,0.0,0.0,0.0,15794.9 MiB,5118.4 MiB,1187.8 MiB,9488.6 MiB,4096.0 MiB,3292.1 MiB,803.9 MiB,14025.0 MiB,,0,02.53
9,2023-08-22,nbody_50000000_v4_original,11.0.20.1,nbody.java 50000000,3,1701446829,255245,java,3.7,6970613760,39239680,28016640,100.0,0.2,17,5,0:03,0,0,364290048,0,3693568,0,39239680,289,1,285,3,0,12.4,0.8,0.0,86.8,0.0,0.0,0.0,0.0,15794.9 MiB,5118.7 MiB,1187.6 MiB,9488.6 MiB,4096.0 MiB,3292.1 MiB,803.9 MiB,14025.2 MiB,,0,03.70
10,2023-08-22,nbody_50000000_v4_original,11.0.20.1,nbody.java 50000000,0,1701446830,255286,java,0.2,6970613760,39284736,28049408,111.8,0.2,17,2,0:00,0,0,364253184,0,3691520,0,39284736,289,1,285,3,0,17.2,2.2,0.0,80.6,0.0,0.0,0.0,0.0,15794.9 MiB,5117.5 MiB,1181.8 MiB,9495.6 MiB,4096.0 MiB,3292.1 MiB,803.9 MiB,14024.0 MiB,,0,00.20
10,2023-08-22,nbody_50000000_v4_original,11.0.20.1,nbody.java 50000000,1,1701446831,255286,java,1.37,6970613760,39284736,28049408,106.7,0.2,17,2,0:01,0,0,364253184,0,3691520,0,39284736,289,1,285,3,0,13.2,0.0,0.0,86.8,0.0,0.0,0.0,0.0,15794.9 MiB,5116.2 MiB,1183.0 MiB,9495.6 MiB,4096.0 MiB,3292.1 MiB,803.9 MiB,14022.8 MiB,,0,01.37
10,2023-08-22,nbody_50000000_v4_original,11.0.20.1,nbody.java 50000000,2,1701446832,255286,java,2.53,6970613760,39284736,28049408,100.0,0.2,17,2,0:02,0,0,364253184,0,3691520,0,39284736,289,1,285,3,0,13.2,0.0,0.0,86.8,0.0,0.0,0.0,0.0,15794.9 MiB,5122.1 MiB,1184.1 MiB,9488.6 MiB,4096.0 MiB,3292.1 MiB,803.9 MiB,14028.7 MiB,,0,02.53
10,2023-08-22,nbody_50000000_v4_original,11.0.20.1,nbody.java 50000000,3,1701446833,255286,java,3.71,6970613760,39284736,28049408,106.7,0.2,17,2,0:03,0,0,364253184,0,3691520,0,39284736,289,1,285,3,0,13.1,0.8,0.0,86.2,0.0,0.0,0.0,0.0,15794.9 MiB,5121.2 MiB,1185.1 MiB,9488.6 MiB,4096.0 MiB,3292.1 MiB,803.9 MiB,14027.7 MiB,,0,03.71
1,2019-07-16,nbody_50000000_v4_original,12.0.2,nbody.java 50000000,0,1701447278,256385,java,0.2,6988279808,38305792,26177536,125.0,0.2,17,0,0:00,0,0,364670976,0,3900416,0,38305792,290,1,286,3,0,16.8,1.5,0.0,81.7,0.0,0.0,0.0,0.0,15794.9 MiB,5100.5 MiB,1179.1 MiB,9515.3 MiB,4096.0 MiB,3292.4 MiB,803.6 MiB,14027.0 MiB,,0,00.20
1,2019-07-16,nbody_50000000_v4_original,12.0.2,nbody.java 50000000,1,1701447279,256385,java,1.36,6988279808,38305792,26177536,100.0,0.2,17,0,0:01,0,0,364670976,0,3900416,0,38305792,290,1,286,3,0,12.5,0.8,0.0,86.7,0.0,0.0,0.0,0.0,15794.9 MiB,5101.3 MiB,1184.6 MiB,9508.9 MiB,4096.0 MiB,3292.4 MiB,803.6 MiB,14027.9 MiB,,0,01.36
1,2019-07-16,nbody_50000000_v4_original,12.0.2,nbody.java 50000000,2,1701447280,256385,java,2.53,6988279808,38305792,26177536,100.0,0.2,17,0,0:02,0,0,364670976,0,3900416,0,38305792,290,1,286,3,0,12.5,0.8,0.0,86.7,0.0,0.0,0.0,0.0,15794.9 MiB,5102.2 MiB,1183.9 MiB,9508.8 MiB,4096.0 MiB,3292.4 MiB,803.6 MiB,14028.8 MiB,,0,02.53
1,2019-07-16,nbody_50000000_v4_original,12.0.2,nbody.java 50000000,3,1701447281,256385,java,3.7,6988279808,38305792,26177536,100.0,0.2,17,0,0:03,0,0,364670976,0,3900416,0,38305792,290,1,286,3,0,12.7,2.2,0.0,85.1,0.0,0.0,0.0,0.0,15794.9 MiB,5101.7 MiB,1184.4 MiB,9508.8 MiB,4096.0 MiB,3292.4 MiB,803.6 MiB,14028.3 MiB,,0,03.70
2,2019-07-16,nbody_50000000_v4_original,12.0.2,nbody.java 50000000,0,1701447282,256427,java,0.19,6988279808,38850560,26480640,112.5,0.2,17,0,0:00,0,0,364670976,0,3903488,0,38850560,290,1,286,3,0,16.0,1.5,0.0,82.4,0.0,0.0,0.0,0.0,15794.9 MiB,5097.0 MiB,1182.1 MiB,9515.7 MiB,4096.0 MiB,3292.4 MiB,803.6 MiB,14023.6 MiB,,0,00.19
2,2019-07-16,nbody_50000000_v4_original,12.0.2,nbody.java 50000000,1,1701447283,256427,java,1.36,6988279808,38850560,26480640,100.0,0.2,17,0,0:01,0,0,364670976,0,3903488,0,38850560,290,1,286,3,0,13.1,0.8,0.0,86.2,0.0,0.0,0.0,0.0,15794.9 MiB,5096.1 MiB,1183.0 MiB,9515.8 MiB,4096.0 MiB,3292.4 MiB,803.6 MiB,14022.7 MiB,,0,01.36
2,2019-07-16,nbody_50000000_v4_original,12.0.2,nbody.java 50000000,2,1701447285,256427,java,2.54,6988279808,38850560,26480640,106.7,0.2,17,0,0:02,0,0,364670976,0,3903488,0,38850560,290,1,286,3,0,12.3,1.5,0.0,85.4,0.8,0.0,0.0,0.0,15794.9 MiB,5095.3 MiB,1190.6 MiB,9509.0 MiB,4096.0 MiB,3292.4 MiB,803.6 MiB,14022.0 MiB,,0,02.54
2,2019-07-16,nbody_50000000_v4_original,12.0.2,nbody.java 50000000,3,1701447286,256427,java,3.71,6988279808,38850560,26480640,106.7,0.2,17,0,0:03,0,0,364670976,0,3903488,0,38850560,290,1,286,3,0,12.5,0.8,0.0,86.7,0.0,0.0,0.0,0.0,15794.9 MiB,5094.8 MiB,1191.3 MiB,9508.8 MiB,4096.0 MiB,3292.4 MiB,803.6 MiB,14021.5 MiB,,0,03.71
3,2019-07-16,nbody_50000000_v4_original,12.0.2,nbody.java 50000000,0,1701447287,256468,java,0.19,6988279808,38264832,26157056,112.5,0.2,17,2,0:00,0,0,364703744,0,3909632,0,38264832,290,1,286,3,0,17.2,1.5,0.0,81.3,0.0,0.0,0.0,0.0,15794.9 MiB,5096.8 MiB,1182.3 MiB,9515.7 MiB,4096.0 MiB,3292.4 MiB,803.6 MiB,14023.4 MiB,,0,00.19
3,2019-07-16,nbody_50000000_v4_original,12.0.2,nbody.java 50000000,1,1701447288,256468,java,1.36,6988279808,38264832,26157056,100.0,0.2,17,2,0:01,0,0,364703744,0,3909632,0,38264832,290,1,286,3,0,13.1,0.8,0.0,86.2,0.0,0.0,0.0,0.0,15794.9 MiB,5096.3 MiB,1182.8 MiB,9515.7 MiB,4096.0 MiB,3292.4 MiB,803.6 MiB,14022.9 MiB,,0,01.36
3,2019-07-16,nbody_50000000_v4_original,12.0.2,nbody.java 50000000,2,1701447289,256468,java,2.53,6988279808,38264832,26157056,100.0,0.2,17,2,0:02,0,0,364703744,0,3909632,0,38264832,290,1,286,3,0,12.4,1.6,0.0,86.0,0.0,0.0,0.0,0.0,15794.9 MiB,5103.9 MiB,1182.0 MiB,9508.9 MiB,4096.0 MiB,3292.4 MiB,803.6 MiB,14030.6 MiB,,0,02.53
3,2019-07-16,nbody_50000000_v4_original,12.0.2,nbody.java 50000000,3,1701447290,256468,java,3.7,6988279808,38264832,26157056,106.7,0.2,17,2,0:03,0,0,364703744,0,3909632,0,38264832,290,1,286,3,0,12.4,0.8,0.0,86.8,0.0,0.0,0.0,0.0,15794.9 MiB,5103.7 MiB,1182.4 MiB,9508.8 MiB,4096.0 MiB,3292.4 MiB,803.6 MiB,14030.4 MiB,,0,03.70
4,2019-07-16,nbody_50000000_v4_original,12.0.2,nbody.java 50000000,0,1701447292,256509,java,0.19,6988279808,38494208,26120192,112.5,0.2,17,0,0:00,0,0,364699648,0,3909632,0,38494208,290,1,286,3,0,17.8,3.0,0.0,79.3,0.0,0.0,0.0,0.0,15794.9 MiB,5099.5 MiB,1179.6 MiB,9515.8 MiB,4096.0 MiB,3292.4 MiB,803.6 MiB,14026.2 MiB,,0,00.19
4,2019-07-16,nbody_50000000_v4_original,12.0.2,nbody.java 50000000,1,1701447293,256509,java,1.36,6988279808,38494208,26120192,106.7,0.2,17,0,0:01,0,0,364699648,10240,3909632,0,38494208,290,1,286,3,0,13.1,0.8,0.0,86.2,0.0,0.0,0.0,0.0,15794.9 MiB,5098.8 MiB,1180.3 MiB,9515.8 MiB,4096.0 MiB,3292.4 MiB,803.6 MiB,14025.4 MiB,,0,01.36
4,2019-07-16,nbody_50000000_v4_original,12.0.2,nbody.java 50000000,2,1701447294,256509,java,2.53,6988279808,38494208,26120192,106.7,0.2,17,0,0:02,0,0,364699648,10240,3909632,0,38494208,290,1,286,3,0,12.5,0.0,0.0,87.5,0.0,0.0,0.0,0.0,15794.9 MiB,5104.7 MiB,1181.4 MiB,9508.8 MiB,4096.0 MiB,3292.4 MiB,803.6 MiB,14031.4 MiB,,0,02.53
4,2019-07-16,nbody_50000000_v4_original,12.0.2,nbody.java 50000000,3,1701447295,256509,java,3.7,6988279808,38494208,26120192,100.0,0.2,17,0,0:03,0,0,364699648,10240,3909632,0,38494208,290,1,286,3,0,13.2,0.0,0.0,86.8,0.0,0.0,0.0,0.0,15794.9 MiB,5104.2 MiB,1181.9 MiB,9508.8 MiB,4096.0 MiB,3292.4 MiB,803.6 MiB,14030.9 MiB,,0,03.70
5,2019-07-16,nbody_50000000_v4_original,12.0.2,nbody.java 50000000,0,1701447296,256550,java,0.2,6988279808,38268928,26120192,118.8,0.2,17,5,0:00,0,0,364699648,0,3907584,0,38268928,290,1,286,3,0,17.6,2.2,0.0,80.1,0.0,0.0,0.0,0.0,15794.9 MiB,5106.9 MiB,1172.2 MiB,9515.7 MiB,4096.0 MiB,3292.4 MiB,803.6 MiB,14033.6 MiB,,0,00.20
5,2019-07-16,nbody_50000000_v4_original,12.0.2,nbody.java 50000000,1,1701447297,256550,java,1.37,6988279808,38268928,26120192,100.0,0.2,17,5,0:01,0,0,364699648,0,3907584,0,38268928,290,1,286,3,0,12.4,1.6,0.0,86.0,0.0,0.0,0.0,0.0,15794.9 MiB,5105.7 MiB,1173.4 MiB,9515.8 MiB,4096.0 MiB,3292.4 MiB,803.6 MiB,14032.4 MiB,,0,01.37
5,2019-07-16,nbody_50000000_v4_original,12.0.2,nbody.java 50000000,2,1701447299,256550,java,2.54,6988279808,38268928,26120192,100.0,0.2,17,5,0:02,0,0,364699648,0,3907584,0,38268928,290,1,286,3,0,13.1,0.8,0.0,86.2,0.0,0.0,0.0,0.0,15794.9 MiB,5112.1 MiB,1174.0 MiB,9508.8 MiB,4096.0 MiB,3292.4 MiB,803.6 MiB,14038.8 MiB,,0,02.54
5,2019-07-16,nbody_50000000_v4_original,12.0.2,nbody.java 50000000,3,1701447300,256550,java,3.71,6988279808,38268928,26120192,100.0,0.2,17,5,0:03,0,0,364699648,0,3907584,0,38268928,290,1,286,3,0,12.5,0.0,0.0,87.5,0.0,0.0,0.0,0.0,15794.9 MiB,5111.1 MiB,1175.0 MiB,9508.8 MiB,4096.0 MiB,3292.4 MiB,803.6 MiB,14037.8 MiB,,0,03.71
6,2019-07-16,nbody_50000000_v4_original,12.0.2,nbody.java 50000000,0,1701447301,256605,java,0.19,6988279808,38203392,26087424,112.5,0.2,17,3,0:00,0,0,364670976,0,3904512,0,38203392,290,2,285,3,0,15.9,2.3,0.0,81.8,0.0,0.0,0.0,0.0,15794.9 MiB,5107.9 MiB,1171.2 MiB,9515.8 MiB,4096.0 MiB,3292.4 MiB,803.6 MiB,14034.6 MiB,,0,00.19
6,2019-07-16,nbody_50000000_v4_original,12.0.2,nbody.java 50000000,1,1701447302,256605,java,1.36,6988279808,38203392,26087424,93.8,0.2,17,3,0:01,0,0,364670976,0,3904512,0,38203392,290,1,286,3,0,12.5,0.8,0.0,86.7,0.0,0.0,0.0,0.0,15794.9 MiB,5107.9 MiB,1171.2 MiB,9515.8 MiB,4096.0 MiB,3292.4 MiB,803.6 MiB,14034.6 MiB,,0,01.36
6,2019-07-16,nbody_50000000_v4_original,12.0.2,nbody.java 50000000,2,1701447303,256605,java,2.53,6988279808,38203392,26087424,106.7,0.2,17,3,0:02,0,0,364670976,0,3904512,0,38203392,290,1,286,3,0,12.5,0.8,0.0,86.7,0.0,0.0,0.0,0.0,15794.9 MiB,5107.7 MiB,1178.3 MiB,9508.9 MiB,4096.0 MiB,3292.4 MiB,803.6 MiB,14034.4 MiB,,0,02.53
6,2019-07-16,nbody_50000000_v4_original,12.0.2,nbody.java 50000000,3,1701447304,256605,java,3.7,6988279808,38203392,26087424,106.7,0.2,17,3,0:03,0,0,364670976,0,3904512,0,38203392,290,1,286,3,0,13.1,1.5,0.0,84.6,0.0,0.0,0.8,0.0,15794.9 MiB,5107.4 MiB,1178.7 MiB,9508.8 MiB,4096.0 MiB,3292.4 MiB,803.6 MiB,14034.1 MiB,,0,03.70
7,2019-07-16,nbody_50000000_v4_original,12.0.2,nbody.java 50000000,0,1701447306,256646,java,0.18,6988279808,38555648,26157056,112.5,0.2,17,6,0:00,0,0,364703744,0,3913728,0,38555648,290,1,286,3,0,15.4,1.5,0.0,83.1,0.0,0.0,0.0,0.0,15794.9 MiB,5095.1 MiB,1184.0 MiB,9515.8 MiB,4096.0 MiB,3292.4 MiB,803.6 MiB,14021.8 MiB,,0,00.18
7,2019-07-16,nbody_50000000_v4_original,12.0.2,nbody.java 50000000,1,1701447307,256646,java,1.35,6988279808,38555648,26157056,93.8,0.2,17,6,0:01,0,0,364703744,0,3913728,0,38555648,290,1,286,3,0,12.4,0.8,0.0,86.8,0.0,0.0,0.0,0.0,15794.9 MiB,5095.4 MiB,1183.7 MiB,9515.8 MiB,4096.0 MiB,3292.4 MiB,803.6 MiB,14022.1 MiB,,0,01.35
7,2019-07-16,nbody_50000000_v4_original,12.0.2,nbody.java 50000000,2,1701447308,256646,java,2.52,6988279808,38555648,26157056,106.7,0.2,17,6,0:02,0,0,364703744,0,3913728,0,38555648,290,1,286,3,0,12.4,0.8,0.0,86.8,0.0,0.0,0.0,0.0,15794.9 MiB,5095.4 MiB,1183.7 MiB,9515.8 MiB,4096.0 MiB,3292.4 MiB,803.6 MiB,14022.1 MiB,,0,02.52
7,2019-07-16,nbody_50000000_v4_original,12.0.2,nbody.java 50000000,3,1701447309,256646,java,3.69,6988279808,38555648,26157056,106.7,0.2,17,6,0:03,0,0,364703744,0,3913728,0,38555648,290,1,286,3,0,12.5,0.0,0.0,87.5,0.0,0.0,0.0,0.0,15794.9 MiB,5095.4 MiB,1190.7 MiB,9508.8 MiB,4096.0 MiB,3292.4 MiB,803.6 MiB,14022.1 MiB,,0,03.69
8,2019-07-16,nbody_50000000_v4_original,12.0.2,nbody.java 50000000,0,1701447310,256687,java,0.19,6988279808,38277120,26120192,112.5,0.2,17,6,0:00,0,0,364699648,0,3908608,0,38277120,290,1,286,3,0,17.2,2.2,0.0,80.6,0.0,0.0,0.0,0.0,15794.9 MiB,5093.4 MiB,1185.7 MiB,9515.7 MiB,4096.0 MiB,3292.4 MiB,803.6 MiB,14020.1 MiB,,0,00.19
8,2019-07-16,nbody_50000000_v4_original,12.0.2,nbody.java 50000000,1,1701447311,256687,java,1.37,6988279808,38277120,26120192,100.0,0.2,17,6,0:01,0,0,364699648,0,3908608,0,38277120,290,1,286,3,0,12.6,0.0,0.0,87.4,0.0,0.0,0.0,0.0,15794.9 MiB,5092.9 MiB,1186.2 MiB,9515.8 MiB,4096.0 MiB,3292.4 MiB,803.6 MiB,14019.6 MiB,,0,01.37
8,2019-07-16,nbody_50000000_v4_original,12.0.2,nbody.java 50000000,2,1701447313,256687,java,2.53,6988279808,38277120,26120192,93.8,0.2,17,6,0:02,0,0,364699648,0,3908608,0,38277120,290,1,286,3,0,12.6,0.8,0.0,86.6,0.0,0.0,0.0,0.0,15794.9 MiB,5099.3 MiB,1186.8 MiB,9508.8 MiB,4096.0 MiB,3292.4 MiB,803.6 MiB,14026.0 MiB,,0,02.53
8,2019-07-16,nbody_50000000_v4_original,12.0.2,nbody.java 50000000,3,1701447314,256687,java,3.7,6988279808,38277120,26120192,93.8,0.2,17,6,0:03,0,0,364699648,0,3908608,0,38277120,290,1,286,3,0,13.2,0.0,0.0,86.8,0.0,0.0,0.0,0.0,15794.9 MiB,5098.3 MiB,1187.7 MiB,9508.8 MiB,4096.0 MiB,3292.4 MiB,803.6 MiB,14025.1 MiB,,0,03.70
9,2019-07-16,nbody_50000000_v4_original,12.0.2,nbody.java 50000000,0,1701447315,256728,java,0.2,6988279808,38412288,26054656,118.8,0.2,17,2,0:00,0,0,364699648,0,3906560,0,38412288,290,1,286,3,0,16.0,3.1,0.0,80.9,0.0,0.0,0.0,0.0,15794.9 MiB,5104.0 MiB,1175.1 MiB,9515.8 MiB,4096.0 MiB,3292.4 MiB,803.6 MiB,14030.7 MiB,,0,00.20
9,2019-07-16,nbody_50000000_v4_original,12.0.2,nbody.java 50000000,1,1701447316,256728,java,1.37,6988279808,38412288,26054656,106.7,0.2,17,2,0:01,0,0,364699648,0,3906560,0,38412288,290,1,286,3,0,12.6,0.0,0.0,87.4,0.0,0.0,0.0,0.0,15794.9 MiB,5103.1 MiB,1176.0 MiB,9515.8 MiB,4096.0 MiB,3292.4 MiB,803.6 MiB,14029.8 MiB,,0,01.37
9,2019-07-16,nbody_50000000_v4_original,12.0.2,nbody.java 50000000,2,1701447317,256728,java,2.53,6988279808,38412288,26054656,100.0,0.2,17,2,0:02,0,0,364699648,0,3906560,0,38412288,290,1,286,3,0,12.4,0.8,0.0,86.8,0.0,0.0,0.0,0.0,15794.9 MiB,5101.6 MiB,1184.5 MiB,9508.8 MiB,4096.0 MiB,3292.4 MiB,803.6 MiB,14028.3 MiB,,0,02.53
9,2019-07-16,nbody_50000000_v4_original,12.0.2,nbody.java 50000000,3,1701447319,256728,java,3.7,6988279808,38412288,26054656,100.0,0.2,17,2,0:03,0,0,364699648,0,3906560,0,38412288,290,1,286,3,0,12.4,0.8,0.0,86.8,0.0,0.0,0.0,0.0,15794.9 MiB,5101.3 MiB,1184.7 MiB,9508.8 MiB,4096.0 MiB,3292.4 MiB,803.6 MiB,14028.1 MiB,,0,03.70
10,2019-07-16,nbody_50000000_v4_original,12.0.2,nbody.java 50000000,0,1701447320,256769,java,0.2,6988279808,38195200,26066944,118.8,0.2,17,5,0:00,0,0,364670976,0,3901440,0,38195200,290,1,286,3,0,17.9,1.5,0.0,80.6,0.0,0.0,0.0,0.0,15794.9 MiB,5096.9 MiB,1182.2 MiB,9515.8 MiB,4096.0 MiB,3292.4 MiB,803.6 MiB,14023.6 MiB,,0,00.20
10,2019-07-16,nbody_50000000_v4_original,12.0.2,nbody.java 50000000,1,1701447321,256769,java,1.37,6988279808,38195200,26066944,100.0,0.2,17,5,0:01,0,0,364670976,0,3901440,0,38195200,290,1,286,3,0,12.4,1.6,0.0,86.0,0.0,0.0,0.0,0.0,15794.9 MiB,5095.9 MiB,1183.2 MiB,9515.8 MiB,4096.0 MiB,3292.4 MiB,803.6 MiB,14022.7 MiB,,0,01.37
10,2019-07-16,nbody_50000000_v4_original,12.0.2,nbody.java 50000000,2,1701447322,256769,java,2.54,6988279808,38195200,26066944,100.0,0.2,17,5,0:02,0,0,364670976,0,3901440,0,38195200,290,1,286,3,0,13.3,0.0,0.0,86.7,0.0,0.0,0.0,0.0,15794.9 MiB,5095.9 MiB,1190.2 MiB,9508.8 MiB,4096.0 MiB,3292.4 MiB,803.6 MiB,14022.7 MiB,,0,02.54
10,2019-07-16,nbody_50000000_v4_original,12.0.2,nbody.java 50000000,3,1701447323,256769,java,3.71,6988279808,38195200,26066944,100.0,0.2,17,5,0:03,0,0,364670976,0,3901440,0,38195200,290,1,286,3,0,12.4,0.8,0.0,86.8,0.0,0.0,0.0,0.0,15794.9 MiB,5095.4 MiB,1190.6 MiB,9508.8 MiB,4096.0 MiB,3292.4 MiB,803.6 MiB,14022.2 MiB,,0,03.71
1,2020-01-14,nbody_50000000_v4_original,13.0.2,nbody.java 50000000,0,1701447767,258635,java,0.19,6965190656,38346752,26103808,112.5,0.2,17,2,0:00,0,0,364564480,0,3838976,0,38346752,289,1,285,3,0,15.7,3.0,0.0,81.3,0.0,0.0,0.0,0.0,15794.9 MiB,5086.6 MiB,1181.7 MiB,9526.6 MiB,4096.0 MiB,3292.4 MiB,803.6 MiB,14024.4 MiB,,0,00.19
1,2020-01-14,nbody_50000000_v4_original,13.0.2,nbody.java 50000000,1,1701447768,258635,java,1.36,6965190656,38346752,26103808,100.0,0.2,17,2,0:01,0,0,364564480,0,3838976,0,38346752,289,1,285,3,0,12.6,0.8,0.0,86.6,0.0,0.0,0.0,0.0,15794.9 MiB,5085.8 MiB,1182.1 MiB,9527.0 MiB,4096.0 MiB,3292.4 MiB,803.6 MiB,14023.7 MiB,,0,01.36
1,2020-01-14,nbody_50000000_v4_original,13.0.2,nbody.java 50000000,2,1701447769,258635,java,2.53,6965190656,38346752,26103808,100.0,0.2,17,2,0:02,0,0,364564480,0,3838976,0,38346752,289,1,285,3,0,13.3,0.0,0.0,86.7,0.0,0.0,0.0,0.0,15794.9 MiB,5085.8 MiB,1188.9 MiB,9520.1 MiB,4096.0 MiB,3292.4 MiB,803.6 MiB,14023.7 MiB,,0,02.53
1,2020-01-14,nbody_50000000_v4_original,13.0.2,nbody.java 50000000,3,1701447771,258635,java,3.69,6965190656,38346752,26103808,100.0,0.2,17,2,0:03,0,0,364564480,0,3838976,0,38346752,289,1,285,3,0,13.3,0.0,0.0,86.7,0.0,0.0,0.0,0.0,15794.9 MiB,5085.6 MiB,1189.3 MiB,9520.0 MiB,4096.0 MiB,3292.4 MiB,803.6 MiB,14023.5 MiB,,0,03.69
2,2020-01-14,nbody_50000000_v4_original,13.0.2,nbody.java 50000000,0,1701447772,258676,java,0.19,6965190656,37560320,25550848,105.9,0.2,17,6,0:00,0,0,364564480,0,3840000,0,37560320,289,1,285,3,0,16.9,1.5,0.0,81.6,0.0,0.0,0.0,0.0,15794.9 MiB,5085.4 MiB,1182.5 MiB,9526.9 MiB,4096.0 MiB,3292.4 MiB,803.6 MiB,14023.3 MiB,,0,00.19
2,2020-01-14,nbody_50000000_v4_original,13.0.2,nbody.java 50000000,1,1701447773,258676,java,1.36,6965190656,37560320,25550848,100.0,0.2,17,6,0:01,0,0,364564480,0,3840000,0,37560320,289,1,285,3,0,12.4,0.8,0.0,86.8,0.0,0.0,0.0,0.0,15794.9 MiB,5084.4 MiB,1183.5 MiB,9527.0 MiB,4096.0 MiB,3292.4 MiB,803.6 MiB,14022.3 MiB,,0,01.36
2,2020-01-14,nbody_50000000_v4_original,13.0.2,nbody.java 50000000,2,1701447774,258676,java,2.53,6965190656,37560320,25550848,93.8,0.2,17,6,0:02,0,0,364564480,0,3840000,0,37560320,289,1,285,3,0,12.4,0.8,0.0,86.8,0.0,0.0,0.0,0.0,15794.9 MiB,5092.5 MiB,1182.2 MiB,9520.1 MiB,4096.0 MiB,3292.4 MiB,803.6 MiB,14030.4 MiB,,0,02.53
2,2020-01-14,nbody_50000000_v4_original,13.0.2,nbody.java 50000000,3,1701447775,258676,java,3.7,6965190656,37560320,25550848,106.7,0.2,17,6,0:03,0,0,364564480,0,3840000,0,37560320,289,1,285,3,0,13.1,0.8,0.0,86.2,0.0,0.0,0.0,0.0,15794.9 MiB,5092.3 MiB,1182.6 MiB,9520.0 MiB,4096.0 MiB,3292.4 MiB,803.6 MiB,14030.2 MiB,,0,03.70
3,2020-01-14,nbody_50000000_v4_original,13.0.2,nbody.java 50000000,0,1701447776,258717,java,0.2,6965190656,38309888,26034176,112.5,0.2,17,7,0:00,0,0,364593152,0,3849216,0,38309888,289,1,285,3,0,17.0,0.7,0.0,81.5,0.0,0.0,0.7,0.0,15794.9 MiB,5089.3 MiB,1178.6 MiB,9526.9 MiB,4096.0 MiB,3292.4 MiB,803.6 MiB,14027.3 MiB,,0,00.20
3,2020-01-14,nbody_50000000_v4_original,13.0.2,nbody.java 50000000,1,1701447778,258717,java,1.37,6965190656,38309888,26034176,106.7,0.2,17,7,0:01,0,0,364593152,0,3849216,0,38309888,289,1,285,3,0,13.2,0.8,0.0,86.0,0.0,0.0,0.0,0.0,15794.9 MiB,5089.1 MiB,1178.7 MiB,9527.0 MiB,4096.0 MiB,3292.4 MiB,803.6 MiB,14027.0 MiB,,0,01.37
3,2020-01-14,nbody_50000000_v4_original,13.0.2,nbody.java 50000000,2,1701447779,258717,java,2.54,6965190656,38309888,26034176,100.0,0.2,17,7,0:02,0,0,364593152,0,3849216,0,38309888,289,1,285,3,0,13.1,0.8,0.0,86.2,0.0,0.0,0.0,0.0,15794.9 MiB,5096.5 MiB,1178.3 MiB,9520.1 MiB,4096.0 MiB,3292.4 MiB,803.6 MiB,14034.4 MiB,,0,02.54
3,2020-01-14,nbody_50000000_v4_original,13.0.2,nbody.java 50000000,3,1701447780,258717,java,3.71,6965190656,38309888,26034176,100.0,0.2,17,7,0:03,0,0,364593152,0,3849216,0,38309888,289,1,285,3,0,12.4,0.8,0.0,86.8,0.0,0.0,0.0,0.0,15794.9 MiB,5096.0 MiB,1178.8 MiB,9520.1 MiB,4096.0 MiB,3292.4 MiB,803.6 MiB,14033.9 MiB,,0,03.71
4,2020-01-14,nbody_50000000_v4_original,13.0.2,nbody.java 50000000,0,1701447781,258758,java,0.19,6965190656,38068224,26087424,112.5,0.2,17,3,0:00,0,0,364560384,0,3837952,0,38068224,289,1,285,3,0,17.0,2.2,0.0,80.7,0.0,0.0,0.0,0.0,15794.9 MiB,5093.0 MiB,1174.8 MiB,9527.0 MiB,4096.0 MiB,3292.4 MiB,803.6 MiB,14031.0 MiB,,0,00.19
4,2020-01-14,nbody_50000000_v4_original,13.0.2,nbody.java 50000000,1,1701447782,258758,java,1.36,6965190656,38068224,26087424,100.0,0.2,17,3,0:01,0,0,364560384,10240,3837952,0,38068224,289,1,285,3,0,12.5,0.8,0.0,86.7,0.0,0.0,0.0,0.0,15794.9 MiB,5093.3 MiB,1174.6 MiB,9527.0 MiB,4096.0 MiB,3292.4 MiB,803.6 MiB,14031.2 MiB,,0,01.36
4,2020-01-14,nbody_50000000_v4_original,13.0.2,nbody.java 50000000,2,1701447783,258758,java,2.52,6965190656,38068224,26087424,93.8,0.2,17,3,0:02,0,0,364560384,10240,3837952,0,38068224,289,1,285,3,0,12.5,0.8,0.0,86.7,0.0,0.0,0.0,0.0,15794.9 MiB,5092.6 MiB,1182.3 MiB,9520.0 MiB,4096.0 MiB,3292.4 MiB,803.6 MiB,14030.5 MiB,,0,02.52
4,2020-01-14,nbody_50000000_v4_original,13.0.2,nbody.java 50000000,3,1701447785,258758,java,3.69,6965190656,38068224,26087424,93.8,0.2,17,3,0:03,0,0,364560384,10240,3837952,0,38068224,289,1,285,3,0,12.6,0.0,0.0,87.4,0.0,0.0,0.0,0.0,15794.9 MiB,5090.8 MiB,1184.0 MiB,9520.1 MiB,4096.0 MiB,3292.4 MiB,803.6 MiB,14028.8 MiB,,0,03.69
5,2020-01-14,nbody_50000000_v4_original,13.0.2,nbody.java 50000000,0,1701447786,258799,java,0.19,6965190656,37818368,25829376,118.8,0.2,17,6,0:00,0,0,364560384,0,3845120,0,37818368,289,1,285,3,0,15.0,2.3,0.0,82.7,0.0,0.0,0.0,0.0,15794.9 MiB,5088.1 MiB,1179.7 MiB,9527.0 MiB,4096.0 MiB,3292.4 MiB,803.6 MiB,14026.1 MiB,,0,00.19
5,2020-01-14,nbody_50000000_v4_original,13.0.2,nbody.java 50000000,1,1701447787,258799,java,1.35,6965190656,37818368,25829376,93.8,0.2,17,6,0:01,0,0,364560384,0,3845120,0,37818368,289,1,285,3,0,13.1,0.8,0.0,86.2,0.0,0.0,0.0,0.0,15794.9 MiB,5087.4 MiB,1180.5 MiB,9527.0 MiB,4096.0 MiB,3292.4 MiB,803.6 MiB,14025.3 MiB,,0,01.35
5,2020-01-14,nbody_50000000_v4_original,13.0.2,nbody.java 50000000,2,1701447788,258799,java,2.53,6965190656,37818368,25829376,106.7,0.2,17,6,0:02,0,0,364560384,0,3845120,0,37818368,289,1,285,3,0,13.1,0.8,0.0,86.2,0.0,0.0,0.0,0.0,15794.9 MiB,5087.4 MiB,1187.5 MiB,9520.0 MiB,4096.0 MiB,3292.4 MiB,803.6 MiB,14025.3 MiB,,0,02.53
5,2020-01-14,nbody_50000000_v4_original,13.0.2,nbody.java 50000000,3,1701447789,258799,java,3.69,6965190656,37818368,25829376,100.0,0.2,17,6,0:03,0,0,364560384,0,3845120,0,37818368,289,1,285,3,0,13.7,0.8,0.0,85.5,0.0,0.0,0.0,0.0,15794.9 MiB,5087.1 MiB,1187.7 MiB,9520.0 MiB,4096.0 MiB,3292.4 MiB,803.6 MiB,14025.1 MiB,,0,03.69
6,2020-01-14,nbody_50000000_v4_original,13.0.2,nbody.java 50000000,0,1701447791,258841,java,0.19,6965190656,37879808,25890816,112.5,0.2,17,7,0:00,0,0,364560384,0,3843072,0,37879808,289,1,285,3,0,15.0,2.3,0.0,82.0,0.8,0.0,0.0,0.0,15794.9 MiB,5085.4 MiB,1182.6 MiB,9526.9 MiB,4096.0 MiB,3292.4 MiB,803.6 MiB,14023.4 MiB,,0,00.19
6,2020-01-14,nbody_50000000_v4_original,13.0.2,nbody.java 50000000,1,1701447792,258841,java,1.36,6965190656,37879808,25890816,93.8,0.2,17,7,0:01,0,0,364560384,0,3843072,0,37879808,289,1,285,3,0,13.1,1.5,0.0,85.4,0.0,0.0,0.0,0.0,15794.9 MiB,5092.6 MiB,1182.1 MiB,9520.2 MiB,4096.0 MiB,3292.4 MiB,803.6 MiB,14030.5 MiB,,0,01.36
6,2020-01-14,nbody_50000000_v4_original,13.0.2,nbody.java 50000000,2,1701447793,258841,java,2.53,6965190656,37879808,25890816,93.8,0.2,17,7,0:02,0,0,364560384,0,3843072,0,37879808,289,1,285,3,0,13.2,0.8,0.0,86.0,0.0,0.0,0.0,0.0,15794.9 MiB,5092.6 MiB,1182.3 MiB,9520.0 MiB,4096.0 MiB,3292.4 MiB,803.6 MiB,14030.5 MiB,,0,02.53
6,2020-01-14,nbody_50000000_v4_original,13.0.2,nbody.java 50000000,3,1701447794,258841,java,3.7,6965190656,37879808,25890816,100.0,0.2,17,7,0:03,0,0,364560384,0,3843072,0,37879808,289,1,285,3,0,12.4,0.8,0.0,86.8,0.0,0.0,0.0,0.0,15794.9 MiB,5092.3 MiB,1182.5 MiB,9520.0 MiB,4096.0 MiB,3292.4 MiB,803.6 MiB,14030.3 MiB,,0,03.70
7,2020-01-14,nbody_50000000_v4_original,13.0.2,nbody.java 50000000,0,1701447795,258890,java,0.19,6965190656,38338560,26103808,112.5,0.2,17,7,0:00,0,0,364593152,0,3851264,0,38338560,289,1,285,3,0,14.9,3.0,0.0,81.3,0.0,0.0,0.7,0.0,15794.9 MiB,5083.2 MiB,1184.6 MiB,9527.0 MiB,4096.0 MiB,3292.4 MiB,803.6 MiB,14021.2 MiB,,0,00.19
7,2020-01-14,nbody_50000000_v4_original,13.0.2,nbody.java 50000000,1,1701447796,258890,java,1.36,6965190656,38338560,26103808,100.0,0.2,17,7,0:01,0,0,364593152,0,3851264,0,38338560,289,1,285,3,0,13.3,0.0,0.0,86.7,0.0,0.0,0.0,0.0,15794.9 MiB,5082.5 MiB,1185.3 MiB,9527.0 MiB,4096.0 MiB,3292.4 MiB,803.6 MiB,14020.5 MiB,,0,01.36
7,2020-01-14,nbody_50000000_v4_original,13.0.2,nbody.java 50000000,2,1701447798,258890,java,2.53,6965190656,38338560,26103808,93.8,0.2,17,7,0:02,0,0,364593152,0,3851264,0,38338560,289,1,285,3,0,12.4,0.8,0.0,86.8,0.0,0.0,0.0,0.0,15794.9 MiB,5085.7 MiB,1189.1 MiB,9520.0 MiB,4096.0 MiB,3292.4 MiB,803.6 MiB,14023.7 MiB,,0,02.53
7,2020-01-14,nbody_50000000_v4_original,13.0.2,nbody.java 50000000,3,1701447799,258890,java,3.7,6965190656,38338560,26103808,106.7,0.2,17,7,0:03,0,0,364593152,0,3851264,0,38338560,289,1,285,3,0,13.3,0.8,0.0,85.9,0.0,0.0,0.0,0.0,15794.9 MiB,5084.9 MiB,1189.9 MiB,9520.0 MiB,4096.0 MiB,3292.4 MiB,803.6 MiB,14022.9 MiB,,0,03.70
8,2020-01-14,nbody_50000000_v4_original,13.0.2,nbody.java 50000000,0,1701447800,258931,java,0.18,6965190656,37953536,25976832,106.2,0.2,17,3,0:00,0,0,364560384,0,3844096,0,37953536,289,1,285,3,0,16.0,2.3,0.0,81.7,0.0,0.0,0.0,0.0,15794.9 MiB,5084.9 MiB,1182.9 MiB,9527.0 MiB,4096.0 MiB,3292.4 MiB,803.6 MiB,14022.9 MiB,,0,00.18
8,2020-01-14,nbody_50000000_v4_original,13.0.2,nbody.java 50000000,1,1701447801,258931,java,1.35,6965190656,37953536,25976832,100.0,0.2,17,3,0:01,0,0,364560384,0,3844096,0,37953536,289,1,285,3,0,12.4,1.6,0.0,86.0,0.0,0.0,0.0,0.0,15794.9 MiB,5084.9 MiB,1182.9 MiB,9527.0 MiB,4096.0 MiB,3292.4 MiB,803.6 MiB,14022.9 MiB,,0,01.35
8,2020-01-14,nbody_50000000_v4_original,13.0.2,nbody.java 50000000,2,1701447802,258931,java,2.52,6965190656,37953536,25976832,100.0,0.2,17,3,0:02,0,0,364560384,0,3844096,0,37953536,289,1,285,3,0,12.5,0.8,0.0,86.7,0.0,0.0,0.0,0.0,15794.9 MiB,5088.3 MiB,1186.4 MiB,9520.2 MiB,4096.0 MiB,3292.4 MiB,803.6 MiB,14026.3 MiB,,0,02.52
8,2020-01-14,nbody_50000000_v4_original,13.0.2,nbody.java 50000000,3,1701447803,258931,java,3.69,6965190656,37953536,25976832,100.0,0.2,17,3,0:03,0,0,364560384,0,3844096,0,37953536,289,1,285,3,0,12.4,0.8,0.0,86.8,0.0,0.0,0.0,0.0,15794.9 MiB,5087.9 MiB,1186.9 MiB,9520.1 MiB,4096.0 MiB,3292.4 MiB,803.6 MiB,14025.9 MiB,,0,03.69
9,2020-01-14,nbody_50000000_v4_original,13.0.2,nbody.java 50000000,0,1701447805,258972,java,0.18,6965190656,38014976,26050560,100.0,0.2,17,7,0:00,0,0,364593152,0,3848192,0,38014976,289,1,285,3,0,15.8,2.3,0.0,82.0,0.0,0.0,0.0,0.0,15794.9 MiB,5083.2 MiB,1184.5 MiB,9527.1 MiB,4096.0 MiB,3292.4 MiB,803.6 MiB,14021.3 MiB,,0,00.18
9,2020-01-14,nbody_50000000_v4_original,13.0.2,nbody.java 50000000,1,1701447806,258972,java,1.35,6965190656,38014976,26050560,100.0,0.2,17,7,0:01,0,0,364593152,0,3848192,0,38014976,289,1,285,3,0,12.4,0.8,0.0,86.8,0.0,0.0,0.0,0.0,15794.9 MiB,5082.5 MiB,1185.3 MiB,9527.1 MiB,4096.0 MiB,3292.4 MiB,803.6 MiB,14020.5 MiB,,0,01.35
9,2020-01-14,nbody_50000000_v4_original,13.0.2,nbody.java 50000000,2,1701447807,258972,java,2.52,6965190656,38014976,26050560,106.7,0.2,17,7,0:02,0,0,364593152,0,3848192,0,38014976,289,1,285,3,0,12.5,1.6,0.0,85.9,0.0,0.0,0.0,0.0,15794.9 MiB,5082.0 MiB,1192.8 MiB,9520.1 MiB,4096.0 MiB,3292.4 MiB,803.6 MiB,14020.0 MiB,,0,02.52
9,2020-01-14,nbody_50000000_v4_original,13.0.2,nbody.java 50000000,3,1701447808,258972,java,3.69,6965190656,38014976,26050560,100.0,0.2,17,7,0:03,0,0,364593152,0,3848192,0,38014976,289,1,285,3,0,13.2,0.0,0.0,86.8,0.0,0.0,0.0,0.0,15794.9 MiB,5082.0 MiB,1192.8 MiB,9520.1 MiB,4096.0 MiB,3292.4 MiB,803.6 MiB,14020.0 MiB,,0,03.69
10,2020-01-14,nbody_50000000_v4_original,13.0.2,nbody.java 50000000,0,1701447809,259013,java,0.19,6965190656,38326272,26107904,112.5,0.2,17,6,0:00,0,0,364728320,0,3886080,0,38326272,289,1,285,3,0,16.5,2.3,0.0,81.2,0.0,0.0,0.0,0.0,15794.9 MiB,5071.4 MiB,1196.5 MiB,9526.9 MiB,4096.0 MiB,3292.4 MiB,803.6 MiB,14009.4 MiB,,0,00.19
10,2020-01-14,nbody_50000000_v4_original,13.0.2,nbody.java 50000000,1,1701447810,259013,java,1.36,6965190656,38326272,26107904,100.0,0.2,17,6,0:01,0,0,364728320,0,3886080,0,38326272,289,1,285,3,0,12.5,0.8,0.0,86.7,0.0,0.0,0.0,0.0,15794.9 MiB,5070.9 MiB,1196.9 MiB,9527.1 MiB,4096.0 MiB,3292.4 MiB,803.6 MiB,14009.0 MiB,,0,01.36
10,2020-01-14,nbody_50000000_v4_original,13.0.2,nbody.java 50000000,2,1701447812,259013,java,2.53,6965190656,38326272,26107904,100.0,0.2,17,6,0:02,0,0,364728320,0,3886080,0,38326272,289,1,285,3,0,12.5,0.0,0.0,87.5,0.0,0.0,0.0,0.0,15794.9 MiB,5074.6 MiB,1200.2 MiB,9520.1 MiB,4096.0 MiB,3292.4 MiB,803.6 MiB,14012.6 MiB,,0,02.53
10,2020-01-14,nbody_50000000_v4_original,13.0.2,nbody.java 50000000,3,1701447813,259013,java,3.7,6965190656,38326272,26107904,106.7,0.2,17,6,0:03,0,0,364728320,0,3886080,0,38326272,289,1,285,3,0,12.5,0.8,0.0,86.7,0.0,0.0,0.0,0.0,15794.9 MiB,5074.4 MiB,1200.4 MiB,9520.1 MiB,4096.0 MiB,3292.4 MiB,803.6 MiB,14012.4 MiB,,0,03.70
1,2020-07-14,nbody_50000000_v4_original,14.0.2,nbody.java 50000000,0,1701448256,260152,java,0.19,7036329984,37392384,25493504,112.5,0.2,18,1,0:00,0,0,365813760,0,3796992,0,37392384,289,1,285,3,0,16.5,1.5,0.0,82.0,0.0,0.0,0.0,0.0,15794.9 MiB,5039.7 MiB,1198.4 MiB,9556.8 MiB,4096.0 MiB,3292.4 MiB,803.6 MiB,14007.7 MiB,,0,00.19
1,2020-07-14,nbody_50000000_v4_original,14.0.2,nbody.java 50000000,1,1701448257,260152,java,1.36,7036329984,37392384,25493504,106.7,0.2,18,1,0:01,0,0,365813760,0,3798016,0,37392384,289,1,285,3,0,13.0,1.5,0.0,85.5,0.0,0.0,0.0,0.0,15794.9 MiB,5038.7 MiB,1199.0 MiB,9557.2 MiB,4096.0 MiB,3292.4 MiB,803.6 MiB,14006.8 MiB,,0,01.36
1,2020-07-14,nbody_50000000_v4_original,14.0.2,nbody.java 50000000,2,1701448259,260152,java,2.53,7036329984,37392384,25493504,106.7,0.2,18,1,0:02,0,0,365813760,0,3798016,0,37392384,289,1,285,3,0,13.1,0.8,0.0,86.2,0.0,0.0,0.0,0.0,15794.9 MiB,5046.3 MiB,1198.4 MiB,9550.2 MiB,4096.0 MiB,3292.4 MiB,803.6 MiB,14014.4 MiB,,0,02.53
1,2020-07-14,nbody_50000000_v4_original,14.0.2,nbody.java 50000000,3,1701448260,260152,java,3.69,7036329984,37392384,25493504,93.8,0.2,18,1,0:03,0,0,365813760,0,3798016,0,37392384,289,1,285,3,0,13.1,0.8,0.0,86.2,0.0,0.0,0.0,0.0,15794.9 MiB,5045.8 MiB,1198.9 MiB,9550.2 MiB,4096.0 MiB,3292.4 MiB,803.6 MiB,14013.9 MiB,,0,03.69
2,2020-07-14,nbody_50000000_v4_original,14.0.2,nbody.java 50000000,0,1701448261,260195,java,0.19,7036329984,37462016,25587712,118.8,0.2,18,2,0:00,0,0,365813760,0,3802112,0,37462016,289,1,285,3,0,17.2,1.5,0.0,80.6,0.0,0.0,0.7,0.0,15794.9 MiB,5049.3 MiB,1188.4 MiB,9557.2 MiB,4096.0 MiB,3292.4 MiB,803.6 MiB,14017.4 MiB,,0,00.19
2,2020-07-14,nbody_50000000_v4_original,14.0.2,nbody.java 50000000,1,1701448262,260195,java,1.36,7036329984,37462016,25587712,100.0,0.2,18,2,0:01,0,0,365813760,0,3803136,0,37462016,289,1,285,3,0,12.4,0.8,0.0,86.8,0.0,0.0,0.0,0.0,15794.9 MiB,5049.3 MiB,1188.4 MiB,9557.2 MiB,4096.0 MiB,3292.4 MiB,803.6 MiB,14017.4 MiB,,0,01.36
2,2020-07-14,nbody_50000000_v4_original,14.0.2,nbody.java 50000000,2,1701448263,260195,java,2.53,7036329984,37462016,25587712,100.0,0.2,18,2,0:02,0,0,365813760,0,3803136,0,37462016,289,1,285,3,0,14.0,0.0,0.0,86.0,0.0,0.0,0.0,0.0,15794.9 MiB,5056.0 MiB,1188.7 MiB,9550.2 MiB,4096.0 MiB,3292.4 MiB,803.6 MiB,14024.1 MiB,,0,02.53
2,2020-07-14,nbody_50000000_v4_original,14.0.2,nbody.java 50000000,3,1701448264,260195,java,3.69,7036329984,37462016,25587712,93.8,0.2,18,2,0:03,0,0,365813760,0,3803136,0,37462016,289,1,285,3,0,13.2,0.8,0.0,86.0,0.0,0.0,0.0,0.0,15794.9 MiB,5055.5 MiB,1189.2 MiB,9550.2 MiB,4096.0 MiB,3292.4 MiB,803.6 MiB,14023.6 MiB,,0,03.69
3,2020-07-14,nbody_50000000_v4_original,14.0.2,nbody.java 50000000,0,1701448266,260237,java,0.19,7036329984,37040128,25120768,106.2,0.2,18,6,0:00,0,0,365813760,0,3787776,0,37040128,289,1,285,3,0,14.9,3.0,0.0,82.1,0.0,0.0,0.0,0.0,15794.9 MiB,5054.5 MiB,1183.2 MiB,9557.2 MiB,4096.0 MiB,3292.4 MiB,803.6 MiB,14022.6 MiB,,0,00.19
3,2020-07-14,nbody_50000000_v4_original,14.0.2,nbody.java 50000000,1,1701448267,260237,java,1.35,7036329984,37040128,25120768,93.8,0.2,18,6,0:01,0,0,365813760,0,3788800,0,37040128,289,1,285,3,0,14.0,0.0,0.0,86.0,0.0,0.0,0.0,0.0,15794.9 MiB,5053.8 MiB,1183.9 MiB,9557.2 MiB,4096.0 MiB,3292.4 MiB,803.6 MiB,14021.9 MiB,,0,01.35
3,2020-07-14,nbody_50000000_v4_original,14.0.2,nbody.java 50000000,2,1701448268,260237,java,2.53,7036329984,37040128,25120768,100.0,0.2,18,6,0:02,0,0,365813760,0,3788800,0,37040128,289,1,285,3,0,12.4,1.6,0.0,86.0,0.0,0.0,0.0,0.0,15794.9 MiB,5060.6 MiB,1184.0 MiB,9550.2 MiB,4096.0 MiB,3292.4 MiB,803.6 MiB,14028.8 MiB,,0,02.53
3,2020-07-14,nbody_50000000_v4_original,14.0.2,nbody.java 50000000,3,1701448269,260237,java,3.69,7036329984,37040128,25120768,100.0,0.2,18,6,0:03,0,0,365813760,0,3788800,0,37040128,289,1,285,3,0,12.4,1.6,0.0,86.0,0.0,0.0,0.0,0.0,15794.9 MiB,5059.2 MiB,1185.5 MiB,9550.2 MiB,4096.0 MiB,3292.4 MiB,803.6 MiB,14027.3 MiB,,0,03.69
4,2020-07-14,nbody_50000000_v4_original,14.0.2,nbody.java 50000000,0,1701448270,260279,java,0.19,7036329984,37830656,25669632,118.8,0.2,18,2,0:00,0,0,365813760,0,3796992,0,37830656,289,1,285,3,0,15.2,2.3,0.0,82.6,0.0,0.0,0.0,0.0,15794.9 MiB,5055.2 MiB,1182.5 MiB,9557.2 MiB,4096.0 MiB,3292.4 MiB,803.6 MiB,14023.4 MiB,,0,00.19
4,2020-07-14,nbody_50000000_v4_original,14.0.2,nbody.java 50000000,1,1701448271,260279,java,1.36,7036329984,37830656,25669632,100.0,0.2,18,2,0:01,0,0,365813760,0,3798016,0,37830656,289,1,285,3,0,12.4,0.8,0.0,86.8,0.0,0.0,0.0,0.0,15794.9 MiB,5054.7 MiB,1182.9 MiB,9557.2 MiB,4096.0 MiB,3292.4 MiB,803.6 MiB,14022.9 MiB,,0,01.36
4,2020-07-14,nbody_50000000_v4_original,14.0.2,nbody.java 50000000,2,1701448273,260279,java,2.53,7036329984,37830656,25669632,93.8,0.2,18,2,0:02,0,0,365813760,0,3798016,0,37830656,289,1,285,3,0,13.2,0.0,0.0,86.8,0.0,0.0,0.0,0.0,15794.9 MiB,5061.9 MiB,1182.7 MiB,9550.3 MiB,4096.0 MiB,3292.4 MiB,803.6 MiB,14030.0 MiB,,0,02.53
4,2020-07-14,nbody_50000000_v4_original,14.0.2,nbody.java 50000000,3,1701448274,260279,java,3.7,7036329984,37830656,25669632,100.0,0.2,18,2,0:03,0,0,365813760,0,3798016,0,37830656,289,1,285,3,0,14.0,0.0,0.0,86.0,0.0,0.0,0.0,0.0,15794.9 MiB,5061.1 MiB,1183.5 MiB,9550.3 MiB,4096.0 MiB,3292.4 MiB,803.6 MiB,14029.3 MiB,,0,03.70
5,2020-07-14,nbody_50000000_v4_original,14.0.2,nbody.java 50000000,0,1701448275,260321,java,0.19,7036329984,37920768,25780224,112.5,0.2,18,1,0:00,0,0,365809664,0,3794944,0,37920768,289,1,285,3,0,15.7,1.5,0.0,82.8,0.0,0.0,0.0,0.0,15794.9 MiB,5058.2 MiB,1179.4 MiB,9557.3 MiB,4096.0 MiB,3292.4 MiB,803.6 MiB,14026.4 MiB,,0,00.19
5,2020-07-14,nbody_50000000_v4_original,14.0.2,nbody.java 50000000,1,1701448276,260321,java,1.36,7036329984,37920768,25780224,100.0,0.2,18,1,0:01,0,0,365809664,0,3795968,0,37920768,289,1,285,3,0,12.4,0.8,0.0,86.8,0.0,0.0,0.0,0.0,15794.9 MiB,5056.7 MiB,1180.9 MiB,9557.3 MiB,4096.0 MiB,3292.4 MiB,803.6 MiB,14024.9 MiB,,0,01.36
5,2020-07-14,nbody_50000000_v4_original,14.0.2,nbody.java 50000000,2,1701448277,260321,java,2.53,7036329984,37920768,25780224,93.8,0.2,18,1,0:02,0,0,365809664,0,3795968,0,37920768,289,1,285,3,0,13.1,0.8,0.0,86.2,0.0,0.0,0.0,0.0,15794.9 MiB,5060.3 MiB,1184.2 MiB,9550.4 MiB,4096.0 MiB,3292.4 MiB,803.6 MiB,14028.4 MiB,,0,02.53
5,2020-07-14,nbody_50000000_v4_original,14.0.2,nbody.java 50000000,3,1701448278,260321,java,3.7,7036329984,37920768,25780224,100.0,0.2,18,1,0:03,0,0,365809664,0,3795968,0,37920768,289,1,285,3,0,13.0,1.5,0.0,85.5,0.0,0.0,0.0,0.0,15794.9 MiB,5060.2 MiB,1184.4 MiB,9550.3 MiB,4096.0 MiB,3292.4 MiB,803.6 MiB,14028.3 MiB,,0,03.70
6,2020-07-14,nbody_50000000_v4_original,14.0.2,nbody.java 50000000,0,1701448280,260363,java,0.19,7036329984,37339136,25448448,105.9,0.2,18,5,0:00,0,0,365809664,0,3787776,0,37339136,289,1,285,3,0,15.2,2.3,0.0,82.6,0.0,0.0,0.0,0.0,15794.9 MiB,5050.1 MiB,1187.4 MiB,9557.3 MiB,4096.0 MiB,3292.4 MiB,803.6 MiB,14018.3 MiB,,0,00.19
6,2020-07-14,nbody_50000000_v4_original,14.0.2,nbody.java 50000000,1,1701448281,260363,java,1.36,7036329984,37339136,25448448,106.7,0.2,18,5,0:01,0,0,365809664,0,3788800,0,37339136,289,1,285,3,0,14.0,0.0,0.0,86.0,0.0,0.0,0.0,0.0,15794.9 MiB,5057.8 MiB,1186.8 MiB,9550.3 MiB,4096.0 MiB,3292.4 MiB,803.6 MiB,14025.9 MiB,,0,01.36
6,2020-07-14,nbody_50000000_v4_original,14.0.2,nbody.java 50000000,2,1701448282,260363,java,2.53,7036329984,37339136,25448448,106.7,0.2,18,5,0:02,0,0,365809664,0,3788800,0,37339136,289,1,285,3,0,13.2,0.8,0.0,86.0,0.0,0.0,0.0,0.0,15794.9 MiB,5056.3 MiB,1188.3 MiB,9550.3 MiB,4096.0 MiB,3292.4 MiB,803.6 MiB,14024.5 MiB,,0,02.53
6,2020-07-14,nbody_50000000_v4_original,14.0.2,nbody.java 50000000,3,1701448283,260363,java,3.69,7036329984,37339136,25448448,100.0,0.2,18,5,0:03,0,0,365809664,0,3788800,0,37339136,289,1,285,3,0,12.4,0.8,0.0,86.8,0.0,0.0,0.0,0.0,15794.9 MiB,5056.3 MiB,1188.3 MiB,9550.3 MiB,4096.0 MiB,3292.4 MiB,803.6 MiB,14024.5 MiB,,0,03.69
7,2020-07-14,nbody_50000000_v4_original,14.0.2,nbody.java 50000000,0,1701448284,260409,java,0.19,7036329984,38252544,26173440,112.5,0.2,18,5,0:00,0,0,366006272,0,3843072,0,38252544,289,1,285,3,0,16.5,2.3,0.0,81.2,0.0,0.0,0.0,0.0,15794.9 MiB,5063.4 MiB,1174.2 MiB,9557.3 MiB,4096.0 MiB,3292.4 MiB,803.6 MiB,14031.6 MiB,,0,00.19
7,2020-07-14,nbody_50000000_v4_original,14.0.2,nbody.java 50000000,1,1701448285,260409,java,1.36,7036329984,38252544,26173440,100.0,0.2,18,5,0:01,0,0,366006272,0,3844096,0,38252544,289,1,285,3,0,12.5,0.8,0.0,86.7,0.0,0.0,0.0,0.0,15794.9 MiB,5062.5 MiB,1175.1 MiB,9557.3 MiB,4096.0 MiB,3292.4 MiB,803.6 MiB,14030.6 MiB,,0,01.36
7,2020-07-14,nbody_50000000_v4_original,14.0.2,nbody.java 50000000,2,1701448287,260409,java,2.53,7036329984,38252544,26173440,100.0,0.2,18,5,0:02,0,0,366006272,0,3844096,0,38252544,289,1,285,3,0,13.3,0.0,0.0,86.7,0.0,0.0,0.0,0.0,15794.9 MiB,5062.5 MiB,1182.1 MiB,9550.3 MiB,4096.0 MiB,3292.4 MiB,803.6 MiB,14030.6 MiB,,0,02.53
7,2020-07-14,nbody_50000000_v4_original,14.0.2,nbody.java 50000000,3,1701448288,260409,java,3.69,7036329984,38252544,26173440,93.8,0.2,18,5,0:03,0,0,366006272,0,3844096,0,38252544,289,1,285,3,0,12.5,0.0,0.0,87.5,0.0,0.0,0.0,0.0,15794.9 MiB,5062.0 MiB,1182.6 MiB,9550.3 MiB,4096.0 MiB,3292.4 MiB,803.6 MiB,14030.2 MiB,,0,03.69
8,2020-07-14,nbody_50000000_v4_original,14.0.2,nbody.java 50000000,0,1701448289,260451,java,0.19,7036329984,37838848,25686016,111.8,0.2,18,4,0:00,0,0,365973504,0,3815424,0,37838848,289,1,285,3,0,15.8,2.3,0.0,82.0,0.0,0.0,0.0,0.0,15794.9 MiB,5058.8 MiB,1178.8 MiB,9557.3 MiB,4096.0 MiB,3292.4 MiB,803.6 MiB,14027.0 MiB,,0,00.19
8,2020-07-14,nbody_50000000_v4_original,14.0.2,nbody.java 50000000,1,1701448290,260451,java,1.36,7036329984,37838848,25686016,100.0,0.2,18,4,0:01,0,0,365973504,0,3816448,0,37838848,289,1,285,3,0,12.5,0.0,0.0,87.5,0.0,0.0,0.0,0.0,15794.9 MiB,5058.8 MiB,1178.8 MiB,9557.3 MiB,4096.0 MiB,3292.4 MiB,803.6 MiB,14027.0 MiB,,0,01.36
8,2020-07-14,nbody_50000000_v4_original,14.0.2,nbody.java 50000000,2,1701448291,260451,java,2.53,7036329984,37838848,25686016,106.7,0.2,18,4,0:02,0,0,365973504,0,3816448,0,37838848,289,1,285,3,0,13.1,0.8,0.0,85.4,0.0,0.0,0.8,0.0,15794.9 MiB,5058.3 MiB,1186.2 MiB,9550.3 MiB,4096.0 MiB,3292.4 MiB,803.6 MiB,14026.5 MiB,,0,02.53
8,2020-07-14,nbody_50000000_v4_original,14.0.2,nbody.java 50000000,3,1701448292,260451,java,3.7,7036329984,37838848,25686016,100.0,0.2,18,4,0:03,0,0,365973504,0,3816448,0,37838848,289,1,285,3,0,13.2,0.8,0.0,86.0,0.0,0.0,0.0,0.0,15794.9 MiB,5057.8 MiB,1186.7 MiB,9550.3 MiB,4096.0 MiB,3292.4 MiB,803.6 MiB,14026.0 MiB,,0,03.70
9,2020-07-14,nbody_50000000_v4_original,14.0.2,nbody.java 50000000,0,1701448294,260493,java,0.19,7036329984,37048320,25120768,112.5,0.2,18,0,0:00,0,0,365809664,0,3784704,0,37048320,289,1,285,3,0,16.2,0.8,0.0,83.1,0.0,0.0,0.0,0.0,15794.9 MiB,5059.8 MiB,1177.8 MiB,9557.3 MiB,4096.0 MiB,3292.4 MiB,803.6 MiB,14027.9 MiB,,0,00.19
9,2020-07-14,nbody_50000000_v4_original,14.0.2,nbody.java 50000000,1,1701448295,260493,java,1.36,7036329984,37048320,25120768,100.0,0.2,18,0,0:01,0,0,365809664,0,3785728,0,37048320,289,1,285,3,0,13.2,0.8,0.0,86.0,0.0,0.0,0.0,0.0,15794.9 MiB,5059.5 MiB,1178.0 MiB,9557.3 MiB,4096.0 MiB,3292.4 MiB,803.6 MiB,14027.7 MiB,,0,01.36
9,2020-07-14,nbody_50000000_v4_original,14.0.2,nbody.java 50000000,2,1701448296,260493,java,2.53,7036329984,37048320,25120768,100.0,0.2,18,0,0:02,0,0,365809664,0,3785728,0,37048320,289,1,285,3,0,13.2,0.0,0.0,86.8,0.0,0.0,0.0,0.0,15794.9 MiB,5062.8 MiB,1181.6 MiB,9550.5 MiB,4096.0 MiB,3292.4 MiB,803.6 MiB,14031.0 MiB,,0,02.53
9,2020-07-14,nbody_50000000_v4_original,14.0.2,nbody.java 50000000,3,1701448297,260493,java,3.7,7036329984,37048320,25120768,100.0,0.2,18,0,0:03,0,0,365809664,0,3785728,0,37048320,289,1,285,3,0,13.1,0.8,0.0,86.2,0.0,0.0,0.0,0.0,15794.9 MiB,5062.7 MiB,1181.8 MiB,9550.3 MiB,4096.0 MiB,3292.4 MiB,803.6 MiB,14030.9 MiB,,0,03.70
10,2020-07-14,nbody_50000000_v4_original,14.0.2,nbody.java 50000000,0,1701448298,260535,java,0.19,7036329984,37335040,25444352,105.9,0.2,18,5,0:00,0,0,365813760,0,3795968,0,37335040,289,1,285,3,0,15.8,2.3,0.0,82.0,0.0,0.0,0.0,0.0,15794.9 MiB,5060.3 MiB,1177.3 MiB,9557.3 MiB,4096.0 MiB,3292.4 MiB,803.6 MiB,14028.5 MiB,,0,00.19
10,2020-07-14,nbody_50000000_v4_original,14.0.2,nbody.java 50000000,1,1701448300,260535,java,1.36,7036329984,37335040,25444352,100.0,0.2,18,5,0:01,0,0,365813760,0,3796992,0,37335040,289,1,285,3,0,12.5,0.8,0.0,86.7,0.0,0.0,0.0,0.0,15794.9 MiB,5059.5 MiB,1178.0 MiB,9557.3 MiB,4096.0 MiB,3292.4 MiB,803.6 MiB,14027.8 MiB,,0,01.36
10,2020-07-14,nbody_50000000_v4_original,14.0.2,nbody.java 50000000,2,1701448301,260535,java,2.53,7036329984,37335040,25444352,106.7,0.2,18,5,0:02,0,0,365813760,0,3796992,0,37335040,289,1,285,3,0,12.6,0.0,0.0,87.4,0.0,0.0,0.0,0.0,15794.9 MiB,5065.5 MiB,1179.1 MiB,9550.3 MiB,4096.0 MiB,3292.4 MiB,803.6 MiB,14033.7 MiB,,0,02.53
10,2020-07-14,nbody_50000000_v4_original,14.0.2,nbody.java 50000000,3,1701448302,260535,java,3.7,7036329984,37335040,25444352,106.7,0.2,18,5,0:03,0,0,365813760,0,3796992,0,37335040,289,1,285,3,0,12.4,0.8,0.0,86.8,0.0,0.0,0.0,0.0,15794.9 MiB,5065.7 MiB,1178.8 MiB,9550.3 MiB,4096.0 MiB,3292.4 MiB,803.6 MiB,14033.9 MiB,,0,03.70
1,2021-01-19,nbody_50000000_v4_original,15.0.2,nbody.java 50000000,0,1701448746,261649,java,0.17,7029587968,36249600,25096192,106.2,0.2,18,2,0:00,0,0,366940160,0,3517440,0,36249600,289,1,285,3,0,14.4,2.3,0.0,83.3,0.0,0.0,0.0,0.0,15794.9 MiB,5034.8 MiB,1189.6 MiB,9570.4 MiB,4096.0 MiB,3292.4 MiB,803.6 MiB,14016.3 MiB,,0,00.17
1,2021-01-19,nbody_50000000_v4_original,15.0.2,nbody.java 50000000,1,1701448747,261649,java,1.34,7029587968,36249600,25096192,106.7,0.2,18,2,0:01,0,0,366940160,0,3522560,0,36249600,289,1,285,3,0,13.2,1.6,0.0,85.3,0.0,0.0,0.0,0.0,15794.9 MiB,5033.1 MiB,1191.1 MiB,9570.6 MiB,4096.0 MiB,3292.4 MiB,803.6 MiB,14014.7 MiB,,0,01.34
1,2021-01-19,nbody_50000000_v4_original,15.0.2,nbody.java 50000000,2,1701448748,261649,java,2.51,7029587968,36249600,25096192,106.7,0.2,18,2,0:02,0,0,366940160,0,3522560,0,36249600,289,1,285,3,0,12.5,0.8,0.0,86.7,0.0,0.0,0.0,0.0,15794.9 MiB,5040.8 MiB,1190.4 MiB,9563.7 MiB,4096.0 MiB,3292.4 MiB,803.6 MiB,14022.3 MiB,,0,02.51
1,2021-01-19,nbody_50000000_v4_original,15.0.2,nbody.java 50000000,3,1701448749,261649,java,3.67,7029587968,36249600,25096192,93.8,0.2,18,2,0:03,0,0,366940160,0,3522560,0,36249600,289,1,285,3,0,12.5,0.0,0.0,87.5,0.0,0.0,0.0,0.0,15794.9 MiB,5040.3 MiB,1191.0 MiB,9563.6 MiB,4096.0 MiB,3292.4 MiB,803.6 MiB,14021.8 MiB,,0,03.67
2,2021-01-19,nbody_50000000_v4_original,15.0.2,nbody.java 50000000,0,1701448750,261691,java,0.16,7029587968,36392960,25243648,100.0,0.2,18,4,0:00,0,0,367075328,0,3563520,0,36392960,289,1,285,3,0,14.4,1.5,0.0,84.1,0.0,0.0,0.0,0.0,15794.9 MiB,5041.0 MiB,1183.4 MiB,9570.5 MiB,4096.0 MiB,3292.4 MiB,803.6 MiB,14022.6 MiB,,0,00.16
2,2021-01-19,nbody_50000000_v4_original,15.0.2,nbody.java 50000000,1,1701448752,261691,java,1.33,7029587968,36392960,25243648,100.0,0.2,18,4,0:01,0,0,367075328,0,3568640,0,36392960,289,1,285,3,0,12.6,0.0,0.0,87.4,0.0,0.0,0.0,0.0,15794.9 MiB,5040.5 MiB,1183.7 MiB,9570.6 MiB,4096.0 MiB,3292.4 MiB,803.6 MiB,14022.1 MiB,,0,01.33
2,2021-01-19,nbody_50000000_v4_original,15.0.2,nbody.java 50000000,2,1701448753,261691,java,2.5,7029587968,36392960,25243648,93.8,0.2,18,4,0:02,0,0,367075328,0,3568640,0,36392960,289,1,285,3,0,12.5,0.8,0.0,86.7,0.0,0.0,0.0,0.0,15794.9 MiB,5043.5 MiB,1187.8 MiB,9563.6 MiB,4096.0 MiB,3292.4 MiB,803.6 MiB,14025.0 MiB,,0,02.50
2,2021-01-19,nbody_50000000_v4_original,15.0.2,nbody.java 50000000,3,1701448754,261691,java,3.67,7029587968,36392960,25243648,100.0,0.2,18,4,0:03,0,0,367075328,0,3568640,0,36392960,289,1,285,3,0,12.4,0.8,0.0,86.8,0.0,0.0,0.0,0.0,15794.9 MiB,5044.0 MiB,1187.3 MiB,9563.6 MiB,4096.0 MiB,3292.4 MiB,803.6 MiB,14025.5 MiB,,0,03.67
3,2021-01-19,nbody_50000000_v4_original,15.0.2,nbody.java 50000000,0,1701448755,261733,java,0.16,7029587968,36249600,25341952,100.0,0.2,18,3,0:00,0,0,366948352,0,3533824,0,36249600,289,1,285,3,0,14.5,1.5,0.0,83.2,0.0,0.0,0.8,0.0,15794.9 MiB,5043.3 MiB,1181.0 MiB,9570.6 MiB,4096.0 MiB,3292.4 MiB,803.6 MiB,14024.8 MiB,,0,00.16
3,2021-01-19,nbody_50000000_v4_original,15.0.2,nbody.java 50000000,1,1701448756,261733,java,1.33,7029587968,36249600,25341952,106.7,0.2,18,3,0:01,0,0,366948352,0,3538944,0,36249600,289,1,285,3,0,12.4,0.8,0.0,86.8,0.0,0.0,0.0,0.0,15794.9 MiB,5042.3 MiB,1182.0 MiB,9570.6 MiB,4096.0 MiB,3292.4 MiB,803.6 MiB,14023.8 MiB,,0,01.33
3,2021-01-19,nbody_50000000_v4_original,15.0.2,nbody.java 50000000,2,1701448757,261733,java,2.5,7029587968,36249600,25341952,100.0,0.2,18,3,0:02,0,0,366948352,0,3538944,0,36249600,289,1,285,3,0,12.4,0.8,0.0,86.8,0.0,0.0,0.0,0.0,15794.9 MiB,5049.4 MiB,1181.8 MiB,9563.6 MiB,4096.0 MiB,3292.4 MiB,803.6 MiB,14031.0 MiB,,0,02.50
3,2021-01-19,nbody_50000000_v4_original,15.0.2,nbody.java 50000000,3,1701448759,261733,java,3.66,7029587968,36249600,25341952,93.8,0.2,18,3,0:03,0,0,366948352,0,3538944,0,36249600,289,1,285,3,0,12.4,0.8,0.0,86.8,0.0,0.0,0.0,0.0,15794.9 MiB,5049.2 MiB,1182.1 MiB,9563.6 MiB,4096.0 MiB,3292.4 MiB,803.6 MiB,14030.7 MiB,,0,03.66
4,2021-01-19,nbody_50000000_v4_original,15.0.2,nbody.java 50000000,0,1701448760,261775,java,0.17,7029587968,36290560,25128960,106.2,0.2,18,6,0:00,0,0,367079424,0,3555328,0,36290560,289,1,285,3,0,15.2,1.5,0.0,83.3,0.0,0.0,0.0,0.0,15794.9 MiB,5041.1 MiB,1183.2 MiB,9570.6 MiB,4096.0 MiB,3292.4 MiB,803.6 MiB,14022.6 MiB,,0,00.17
4,2021-01-19,nbody_50000000_v4_original,15.0.2,nbody.java 50000000,1,1701448761,261775,java,1.33,7029587968,36290560,25128960,93.8,0.2,18,6,0:01,0,0,367079424,11264,3560448,0,36290560,289,1,285,3,0,13.1,0.8,0.0,86.2,0.0,0.0,0.0,0.0,15794.9 MiB,5040.6 MiB,1183.7 MiB,9570.6 MiB,4096.0 MiB,3292.4 MiB,803.6 MiB,14022.1 MiB,,0,01.33
4,2021-01-19,nbody_50000000_v4_original,15.0.2,nbody.java 50000000,2,1701448762,261775,java,2.51,7029587968,36290560,25128960,100.0,0.2,18,6,0:02,0,0,367079424,11264,3560448,0,36290560,289,1,285,3,0,12.9,0.8,0.0,85.6,0.0,0.0,0.8,0.0,15794.9 MiB,5043.8 MiB,1187.5 MiB,9563.6 MiB,4096.0 MiB,3292.4 MiB,803.6 MiB,14025.3 MiB,,0,02.51
4,2021-01-19,nbody_50000000_v4_original,15.0.2,nbody.java 50000000,3,1701448763,261775,java,3.68,7029587968,36290560,25128960,100.0,0.2,18,6,0:03,0,0,367079424,11264,3560448,0,36290560,289,1,285,3,0,13.1,1.5,0.0,85.4,0.0,0.0,0.0,0.0,15794.9 MiB,5043.8 MiB,1187.5 MiB,9563.6 MiB,4096.0 MiB,3292.4 MiB,803.6 MiB,14025.4 MiB,,0,03.68
5,2021-01-19,nbody_50000000_v4_original,15.0.2,nbody.java 50000000,0,1701448764,261817,java,0.17,7029587968,36360192,25202688,106.2,0.2,18,4,0:00,0,0,366936064,0,3532800,0,36360192,289,1,285,3,0,13.7,1.5,0.0,84.0,0.8,0.0,0.0,0.0,15794.9 MiB,5042.8 MiB,1181.4 MiB,9570.6 MiB,4096.0 MiB,3292.4 MiB,803.6 MiB,14024.4 MiB,,0,00.17
5,2021-01-19,nbody_50000000_v4_original,15.0.2,nbody.java 50000000,1,1701448766,261817,java,1.34,7029587968,36360192,25202688,100.0,0.2,18,4,0:01,0,0,366936064,0,3537920,0,36360192,289,1,285,3,0,12.4,0.8,0.0,86.8,0.0,0.0,0.0,0.0,15794.9 MiB,5042.6 MiB,1181.7 MiB,9570.6 MiB,4096.0 MiB,3292.4 MiB,803.6 MiB,14024.1 MiB,,0,01.34
5,2021-01-19,nbody_50000000_v4_original,15.0.2,nbody.java 50000000,2,1701448767,261817,java,2.51,7029587968,36360192,25202688,106.7,0.2,18,4,0:02,0,0,366936064,0,3537920,0,36360192,289,1,285,3,0,13.1,0.8,0.0,86.2,0.0,0.0,0.0,0.0,15794.9 MiB,5045.0 MiB,1186.2 MiB,9563.6 MiB,4096.0 MiB,3292.4 MiB,803.6 MiB,14026.6 MiB,,0,02.51
5,2021-01-19,nbody_50000000_v4_original,15.0.2,nbody.java 50000000,3,1701448768,261817,java,3.68,7029587968,36360192,25202688,106.7,0.2,18,4,0:03,0,0,366936064,0,3537920,0,36360192,289,1,285,3,0,13.1,0.8,0.0,86.2,0.0,0.0,0.0,0.0,15794.9 MiB,5045.0 MiB,1186.2 MiB,9563.6 MiB,4096.0 MiB,3292.4 MiB,803.6 MiB,14026.6 MiB,,0,03.68
6,2021-01-19,nbody_50000000_v4_original,15.0.2,nbody.java 50000000,0,1701448769,261859,java,0.17,7029587968,36478976,25325568,106.2,0.2,18,0,0:00,0,0,366940160,0,3531776,0,36478976,289,1,285,3,0,14.4,2.3,0.0,83.3,0.0,0.0,0.0,0.0,15794.9 MiB,5043.8 MiB,1180.5 MiB,9570.6 MiB,4096.0 MiB,3292.4 MiB,803.6 MiB,14025.3 MiB,,0,00.17
6,2021-01-19,nbody_50000000_v4_original,15.0.2,nbody.java 50000000,1,1701448770,261859,java,1.34,7029587968,36478976,25325568,106.7,0.2,18,0,0:01,0,0,366940160,0,3536896,0,36478976,289,1,285,3,0,12.7,0.0,0.0,87.3,0.0,0.0,0.0,0.0,15794.9 MiB,5043.3 MiB,1180.9 MiB,9570.6 MiB,4096.0 MiB,3292.4 MiB,803.6 MiB,14024.9 MiB,,0,01.34
6,2021-01-19,nbody_50000000_v4_original,15.0.2,nbody.java 50000000,2,1701448772,261859,java,2.51,7029587968,36478976,25325568,100.0,0.2,18,0,0:02,0,0,366940160,0,3536896,0,36478976,289,1,285,3,0,12.4,0.8,0.0,86.8,0.0,0.0,0.0,0.0,15794.9 MiB,5044.1 MiB,1187.2 MiB,9563.6 MiB,4096.0 MiB,3292.4 MiB,803.6 MiB,14025.6 MiB,,0,02.51
6,2021-01-19,nbody_50000000_v4_original,15.0.2,nbody.java 50000000,3,1701448773,261859,java,3.67,7029587968,36478976,25325568,93.8,0.2,18,0,0:03,0,0,366940160,0,3536896,0,36478976,289,1,285,3,0,13.1,0.8,0.0,86.2,0.0,0.0,0.0,0.0,15794.9 MiB,5043.3 MiB,1187.8 MiB,9563.7 MiB,4096.0 MiB,3292.4 MiB,803.6 MiB,14024.9 MiB,,0,03.67
7,2021-01-19,nbody_50000000_v4_original,15.0.2,nbody.java 50000000,0,1701448774,261903,java,0.17,7029587968,36159488,25247744,106.2,0.2,18,0,0:00,0,0,367017984,0,3544064,0,36159488,289,1,285,3,0,14.4,3.0,0.0,82.6,0.0,0.0,0.0,0.0,15794.9 MiB,5037.4 MiB,1186.8 MiB,9570.7 MiB,4096.0 MiB,3292.4 MiB,803.6 MiB,14019.0 MiB,,0,00.17
7,2021-01-19,nbody_50000000_v4_original,15.0.2,nbody.java 50000000,1,1701448775,261903,java,1.34,7029587968,36159488,25247744,100.0,0.2,18,0,0:01,0,0,367017984,0,3549184,0,36159488,289,1,285,3,0,12.4,0.8,0.0,86.8,0.0,0.0,0.0,0.0,15794.9 MiB,5036.2 MiB,1188.0 MiB,9570.7 MiB,4096.0 MiB,3292.4 MiB,803.6 MiB,14017.8 MiB,,0,01.34
7,2021-01-19,nbody_50000000_v4_original,15.0.2,nbody.java 50000000,2,1701448776,261903,java,2.5,7029587968,36159488,25247744,100.0,0.2,18,0,0:02,0,0,367017984,0,3549184,0,36159488,289,1,285,3,0,12.5,0.8,0.0,86.7,0.0,0.0,0.0,0.0,15794.9 MiB,5042.1 MiB,1189.1 MiB,9563.7 MiB,4096.0 MiB,3292.4 MiB,803.6 MiB,14023.7 MiB,,0,02.50
7,2021-01-19,nbody_50000000_v4_original,15.0.2,nbody.java 50000000,3,1701448777,261903,java,3.67,7029587968,36159488,25247744,100.0,0.2,18,0,0:03,0,0,367017984,0,3549184,0,36159488,289,1,285,3,0,13.2,0.0,0.0,86.8,0.0,0.0,0.0,0.0,15794.9 MiB,5041.6 MiB,1189.5 MiB,9563.7 MiB,4096.0 MiB,3292.4 MiB,803.6 MiB,14023.2 MiB,,0,03.67
8,2021-01-19,nbody_50000000_v4_original,15.0.2,nbody.java 50000000,0,1701448779,261947,java,0.18,7029587968,35803136,24883200,112.5,0.2,18,7,0:00,0,0,366952448,0,3528704,0,35803136,289,1,285,3,0,15.0,3.8,0.0,81.2,0.0,0.0,0.0,0.0,15794.9 MiB,5040.6 MiB,1183.5 MiB,9570.8 MiB,4096.0 MiB,3292.4 MiB,803.6 MiB,14022.2 MiB,,0,00.18
8,2021-01-19,nbody_50000000_v4_original,15.0.2,nbody.java 50000000,1,1701448780,261947,java,1.35,7029587968,35803136,24883200,100.0,0.2,18,7,0:01,0,0,366952448,0,3533824,0,35803136,289,1,285,3,0,12.4,0.8,0.0,86.8,0.0,0.0,0.0,0.0,15794.9 MiB,5040.6 MiB,1183.5 MiB,9570.7 MiB,4096.0 MiB,3292.4 MiB,803.6 MiB,14022.2 MiB,,0,01.35
8,2021-01-19,nbody_50000000_v4_original,15.0.2,nbody.java 50000000,2,1701448781,261947,java,2.51,7029587968,35803136,24883200,100.0,0.2,18,7,0:02,0,0,366952448,0,3533824,0,35803136,289,1,285,3,0,12.4,0.8,0.0,86.8,0.0,0.0,0.0,0.0,15794.9 MiB,5040.1 MiB,1191.0 MiB,9563.7 MiB,4096.0 MiB,3292.4 MiB,803.6 MiB,14021.7 MiB,,0,02.51
8,2021-01-19,nbody_50000000_v4_original,15.0.2,nbody.java 50000000,3,1701448782,261947,java,3.68,7029587968,35803136,24883200,100.0,0.2,18,7,0:03,0,0,366952448,0,3533824,0,35803136,289,1,285,3,0,13.2,0.0,0.0,86.8,0.0,0.0,0.0,0.0,15794.9 MiB,5039.9 MiB,1191.2 MiB,9563.7 MiB,4096.0 MiB,3292.4 MiB,803.6 MiB,14021.5 MiB,,0,03.68
9,2021-01-19,nbody_50000000_v4_original,15.0.2,nbody.java 50000000,0,1701448783,261989,java,0.17,7029587968,36397056,25190400,106.2,0.2,18,3,0:00,0,0,366948352,0,3529728,0,36397056,289,1,285,3,0,14.8,2.2,0.0,83.0,0.0,0.0,0.0,0.0,15794.9 MiB,5043.1 MiB,1181.0 MiB,9570.7 MiB,4096.0 MiB,3292.4 MiB,803.6 MiB,14024.7 MiB,,0,00.17
9,2021-01-19,nbody_50000000_v4_original,15.0.2,nbody.java 50000000,1,1701448784,261989,java,1.34,7029587968,36397056,25190400,100.0,0.2,18,3,0:01,0,0,366948352,0,3534848,0,36397056,289,1,285,3,0,12.5,0.8,0.0,86.7,0.0,0.0,0.0,0.0,15794.9 MiB,5042.9 MiB,1181.3 MiB,9570.7 MiB,4096.0 MiB,3292.4 MiB,803.6 MiB,14024.5 MiB,,0,01.34
9,2021-01-19,nbody_50000000_v4_original,15.0.2,nbody.java 50000000,2,1701448786,261989,java,2.51,7029587968,36397056,25190400,100.0,0.2,18,3,0:02,0,0,366948352,0,3534848,0,36397056,289,1,285,3,0,13.2,0.8,0.0,86.0,0.0,0.0,0.0,0.0,15794.9 MiB,5048.5 MiB,1182.6 MiB,9563.7 MiB,4096.0 MiB,3292.4 MiB,803.6 MiB,14030.1 MiB,,0,02.51
9,2021-01-19,nbody_50000000_v4_original,15.0.2,nbody.java 50000000,3,1701448787,261989,java,3.68,7029587968,36397056,25190400,106.7,0.2,18,3,0:03,0,0,366948352,0,3534848,0,36397056,289,1,285,3,0,12.4,0.8,0.0,86.0,0.8,0.0,0.0,0.0,15794.9 MiB,5047.8 MiB,1183.3 MiB,9563.7 MiB,4096.0 MiB,3292.4 MiB,803.6 MiB,14029.4 MiB,,0,03.68
10,2021-01-19,nbody_50000000_v4_original,15.0.2,nbody.java 50000000,0,1701448788,262031,java,0.17,7029587968,36347904,25174016,106.2,0.2,18,4,0:00,0,0,366936064,0,3531776,0,36347904,289,1,285,3,0,14.5,1.5,0.0,84.0,0.0,0.0,0.0,0.0,15794.9 MiB,5040.4 MiB,1183.7 MiB,9570.7 MiB,4096.0 MiB,3292.4 MiB,803.6 MiB,14022.1 MiB,,0,00.17
10,2021-01-19,nbody_50000000_v4_original,15.0.2,nbody.java 50000000,1,1701448789,262031,java,1.34,7029587968,36347904,25174016,106.7,0.2,18,4,0:01,0,0,366936064,0,3536896,0,36347904,289,1,285,3,0,12.6,0.0,0.0,87.4,0.0,0.0,0.0,0.0,15794.9 MiB,5038.9 MiB,1185.2 MiB,9570.7 MiB,4096.0 MiB,3292.4 MiB,803.6 MiB,14020.6 MiB,,0,01.34
10,2021-01-19,nbody_50000000_v4_original,15.0.2,nbody.java 50000000,2,1701448790,262031,java,2.5,7029587968,36347904,25174016,93.8,0.2,18,4,0:02,0,0,366936064,0,3536896,0,36347904,289,1,285,3,0,13.3,0.0,0.0,86.7,0.0,0.0,0.0,0.0,15794.9 MiB,5046.3 MiB,1184.7 MiB,9563.9 MiB,4096.0 MiB,3292.4 MiB,803.6 MiB,14027.9 MiB,,0,02.50
10,2021-01-19,nbody_50000000_v4_original,15.0.2,nbody.java 50000000,3,1701448791,262031,java,3.67,7029587968,36347904,25174016,93.8,0.2,18,4,0:03,0,0,366936064,0,3536896,0,36347904,289,1,285,3,0,12.4,0.8,0.0,86.8,0.0,0.0,0.0,0.0,15794.9 MiB,5045.3 MiB,1185.8 MiB,9563.7 MiB,4096.0 MiB,3292.4 MiB,803.6 MiB,14027.0 MiB,,0,03.67
1,2021-07-20,nbody_50000000_v4_original,16.0.2,nbody.java 50000000,0,1701449235,263157,java,0.16,7087702016,37048320,26697728,94.1,0.2,19,2,0:00,0,0,362950656,0,3376128,0,37048320,289,1,285,3,0,15.8,2.3,0.0,82.0,0.0,0.0,0.0,0.0,15794.9 MiB,5024.0 MiB,1187.3 MiB,9583.5 MiB,4096.0 MiB,3292.4 MiB,803.6 MiB,14018.6 MiB,,0,00.16
1,2021-07-20,nbody_50000000_v4_original,16.0.2,nbody.java 50000000,1,1701449237,263157,java,1.33,7087702016,37048320,26697728,93.8,0.2,19,2,0:01,0,0,362950656,0,3376128,0,37048320,289,1,285,3,0,12.5,0.8,0.0,86.7,0.0,0.0,0.0,0.0,15794.9 MiB,5023.0 MiB,1188.2 MiB,9583.6 MiB,4096.0 MiB,3292.4 MiB,803.6 MiB,14017.6 MiB,,0,01.33
1,2021-07-20,nbody_50000000_v4_original,16.0.2,nbody.java 50000000,2,1701449238,263157,java,2.5,7087702016,37048320,26697728,100.0,0.2,19,2,0:02,0,0,362950656,0,3376128,0,37048320,289,1,285,3,0,13.1,1.5,0.0,85.4,0.0,0.0,0.0,0.0,15794.9 MiB,5030.7 MiB,1187.6 MiB,9576.6 MiB,4096.0 MiB,3292.4 MiB,803.6 MiB,14025.2 MiB,,0,02.50
1,2021-07-20,nbody_50000000_v4_original,16.0.2,nbody.java 50000000,3,1701449239,263157,java,3.67,7087702016,37048320,26697728,100.0,0.2,19,2,0:03,0,0,362950656,0,3376128,0,37048320,289,1,285,3,0,12.4,1.6,0.0,86.0,0.0,0.0,0.0,0.0,15794.9 MiB,5029.2 MiB,1189.0 MiB,9576.6 MiB,4096.0 MiB,3292.4 MiB,803.6 MiB,14023.8 MiB,,0,03.67
2,2021-07-20,nbody_50000000_v4_original,16.0.2,nbody.java 50000000,0,1701449240,263200,java,0.16,7087702016,36941824,26574848,100.0,0.2,19,3,0:00,0,0,362967040,0,3389440,0,36941824,289,1,285,3,0,14.3,1.5,0.0,83.5,0.8,0.0,0.0,0.0,15794.9 MiB,5029.5 MiB,1181.8 MiB,9583.6 MiB,4096.0 MiB,3292.4 MiB,803.6 MiB,14024.0 MiB,,0,00.16
2,2021-07-20,nbody_50000000_v4_original,16.0.2,nbody.java 50000000,1,1701449241,263200,java,1.33,7087702016,36941824,26574848,106.7,0.2,19,3,0:01,0,0,362967040,0,3389440,0,36941824,289,1,285,3,0,12.4,0.8,0.0,86.8,0.0,0.0,0.0,0.0,15794.9 MiB,5029.2 MiB,1182.0 MiB,9583.7 MiB,4096.0 MiB,3292.4 MiB,803.6 MiB,14023.8 MiB,,0,01.33
2,2021-07-20,nbody_50000000_v4_original,16.0.2,nbody.java 50000000,2,1701449242,263200,java,2.49,7087702016,36941824,26574848,93.8,0.2,19,3,0:02,0,0,362967040,0,3389440,0,36941824,289,1,285,3,0,12.6,0.8,0.0,86.6,0.0,0.0,0.0,0.0,15794.9 MiB,5032.6 MiB,1185.6 MiB,9576.7 MiB,4096.0 MiB,3292.4 MiB,803.6 MiB,14027.2 MiB,,0,02.49
2,2021-07-20,nbody_50000000_v4_original,16.0.2,nbody.java 50000000,3,1701449244,263200,java,3.66,7087702016,36941824,26574848,93.8,0.2,19,3,0:03,0,0,362967040,0,3389440,0,36941824,289,1,285,3,0,13.2,0.0,0.0,86.8,0.0,0.0,0.0,0.0,15794.9 MiB,5032.9 MiB,1185.3 MiB,9576.7 MiB,4096.0 MiB,3292.4 MiB,803.6 MiB,14027.5 MiB,,0,03.66
3,2021-07-20,nbody_50000000_v4_original,16.0.2,nbody.java 50000000,0,1701449245,263243,java,0.16,7087702016,37031936,26656768,100.0,0.2,19,7,0:00,0,0,362950656,0,3388416,0,37031936,289,1,285,3,0,13.7,1.5,0.0,84.7,0.0,0.0,0.0,0.0,15794.9 MiB,5027.8 MiB,1183.5 MiB,9583.6 MiB,4096.0 MiB,3292.4 MiB,803.6 MiB,14022.3 MiB,,0,00.16
3,2021-07-20,nbody_50000000_v4_original,16.0.2,nbody.java 50000000,1,1701449246,263243,java,1.32,7087702016,37031936,26656768,93.8,0.2,19,7,0:01,0,0,362950656,0,3388416,0,37031936,289,1,285,3,0,12.5,0.8,0.0,86.7,0.0,0.0,0.0,0.0,15794.9 MiB,5027.3 MiB,1183.9 MiB,9583.7 MiB,4096.0 MiB,3292.4 MiB,803.6 MiB,14021.9 MiB,,0,01.32
3,2021-07-20,nbody_50000000_v4_original,16.0.2,nbody.java 50000000,2,1701449247,263243,java,2.49,7087702016,37031936,26656768,100.0,0.2,19,7,0:02,0,0,362950656,0,3388416,0,37031936,289,1,285,3,0,12.5,0.8,0.0,86.7,0.0,0.0,0.0,0.0,15794.9 MiB,5026.5 MiB,1191.7 MiB,9576.7 MiB,4096.0 MiB,3292.4 MiB,803.6 MiB,14021.1 MiB,,0,02.49
3,2021-07-20,nbody_50000000_v4_original,16.0.2,nbody.java 50000000,3,1701449248,263243,java,3.66,7087702016,37031936,26656768,100.0,0.2,19,7,0:03,0,0,362950656,0,3388416,0,37031936,289,1,285,3,0,12.4,0.8,0.0,86.8,0.0,0.0,0.0,0.0,15794.9 MiB,5026.8 MiB,1191.4 MiB,9576.7 MiB,4096.0 MiB,3292.4 MiB,803.6 MiB,14021.4 MiB,,0,03.66
4,2021-07-20,nbody_50000000_v4_original,16.0.2,nbody.java 50000000,0,1701449249,263286,java,0.17,7087702016,37322752,26910720,100.0,0.2,19,7,0:00,0,0,362950656,0,3388416,0,37322752,289,1,285,3,0,14.7,2.2,0.0,83.1,0.0,0.0,0.0,0.0,15794.9 MiB,5024.8 MiB,1186.4 MiB,9583.7 MiB,4096.0 MiB,3292.4 MiB,803.6 MiB,14019.4 MiB,,0,00.17
4,2021-07-20,nbody_50000000_v4_original,16.0.2,nbody.java 50000000,1,1701449251,263286,java,1.33,7087702016,37322752,26910720,100.0,0.2,19,7,0:01,0,0,362950656,0,3388416,0,37322752,289,1,285,3,0,12.5,0.8,0.0,86.7,0.0,0.0,0.0,0.0,15794.9 MiB,5025.1 MiB,1186.1 MiB,9583.7 MiB,4096.0 MiB,3292.4 MiB,803.6 MiB,14019.7 MiB,,0,01.33
4,2021-07-20,nbody_50000000_v4_original,16.0.2,nbody.java 50000000,2,1701449252,263286,java,2.5,7087702016,37322752,26910720,100.0,0.2,19,7,0:02,0,0,362950656,0,3388416,0,37322752,289,1,285,3,0,12.5,0.8,0.0,86.7,0.0,0.0,0.0,0.0,15794.9 MiB,5031.9 MiB,1186.3 MiB,9576.7 MiB,4096.0 MiB,3292.4 MiB,803.6 MiB,14026.6 MiB,,0,02.50
4,2021-07-20,nbody_50000000_v4_original,16.0.2,nbody.java 50000000,3,1701449253,263286,java,3.67,7087702016,37322752,26910720,100.0,0.2,19,7,0:03,0,0,362950656,0,3388416,0,37322752,289,1,285,3,0,13.3,0.0,0.0,86.7,0.0,0.0,0.0,0.0,15794.9 MiB,5033.4 MiB,1184.8 MiB,9576.7 MiB,4096.0 MiB,3292.4 MiB,803.6 MiB,14028.0 MiB,,0,03.67
5,2021-07-20,nbody_50000000_v4_original,16.0.2,nbody.java 50000000,0,1701449254,263329,java,0.17,7087702016,37371904,26943488,106.2,0.2,19,1,0:00,0,0,362950656,0,3389440,0,37371904,289,1,285,3,0,14.4,1.5,0.0,84.1,0.0,0.0,0.0,0.0,15794.9 MiB,5039.6 MiB,1171.6 MiB,9583.7 MiB,4096.0 MiB,3292.4 MiB,803.6 MiB,14034.2 MiB,,0,00.17
5,2021-07-20,nbody_50000000_v4_original,16.0.2,nbody.java 50000000,1,1701449255,263329,java,1.33,7087702016,37371904,26943488,93.8,0.2,19,1,0:01,0,0,362950656,0,3389440,0,37371904,289,1,285,3,0,12.5,0.8,0.0,86.7,0.0,0.0,0.0,0.0,15794.9 MiB,5037.9 MiB,1173.3 MiB,9583.7 MiB,4096.0 MiB,3292.4 MiB,803.6 MiB,14032.5 MiB,,0,01.33
5,2021-07-20,nbody_50000000_v4_original,16.0.2,nbody.java 50000000,2,1701449257,263329,java,2.5,7087702016,37371904,26943488,100.0,0.2,19,1,0:02,0,0,362950656,0,3389440,0,37371904,289,1,285,3,0,13.3,0.0,0.0,86.7,0.0,0.0,0.0,0.0,15794.9 MiB,5039.6 MiB,1178.4 MiB,9576.8 MiB,4096.0 MiB,3292.4 MiB,803.6 MiB,14034.2 MiB,,0,02.50
5,2021-07-20,nbody_50000000_v4_original,16.0.2,nbody.java 50000000,3,1701449258,263329,java,3.67,7087702016,37371904,26943488,106.7,0.2,19,1,0:03,0,0,362950656,0,3389440,0,37371904,289,1,285,3,0,12.6,0.8,0.0,86.6,0.0,0.0,0.0,0.0,15794.9 MiB,5037.9 MiB,1180.3 MiB,9576.7 MiB,4096.0 MiB,3292.4 MiB,803.6 MiB,14032.5 MiB,,0,03.67
6,2021-07-20,nbody_50000000_v4_original,16.0.2,nbody.java 50000000,0,1701449259,263372,java,0.15,7087702016,36835328,26550272,93.8,0.2,19,7,0:00,0,0,362962944,0,3385344,0,36835328,289,1,285,3,0,14.3,1.5,0.0,84.2,0.0,0.0,0.0,0.0,15794.9 MiB,5028.0 MiB,1183.2 MiB,9583.6 MiB,4096.0 MiB,3292.4 MiB,803.6 MiB,14022.6 MiB,,0,00.15
6,2021-07-20,nbody_50000000_v4_original,16.0.2,nbody.java 50000000,1,1701449260,263372,java,1.32,7087702016,36835328,26550272,100.0,0.2,19,7,0:01,0,0,362962944,0,3385344,0,36835328,289,1,285,3,0,12.4,0.8,0.0,86.8,0.0,0.0,0.0,0.0,15794.9 MiB,5027.5 MiB,1183.7 MiB,9583.7 MiB,4096.0 MiB,3292.4 MiB,803.6 MiB,14022.2 MiB,,0,01.32
6,2021-07-20,nbody_50000000_v4_original,16.0.2,nbody.java 50000000,2,1701449261,263372,java,2.49,7087702016,36835328,26550272,100.0,0.2,19,7,0:02,0,0,362962944,0,3385344,0,36835328,289,1,285,3,0,13.1,0.8,0.0,86.2,0.0,0.0,0.0,0.0,15794.9 MiB,5034.9 MiB,1183.3 MiB,9576.7 MiB,4096.0 MiB,3292.4 MiB,803.6 MiB,14029.5 MiB,,0,02.49
6,2021-07-20,nbody_50000000_v4_original,16.0.2,nbody.java 50000000,3,1701449262,263372,java,3.65,7087702016,36835328,26550272,100.0,0.2,19,7,0:03,0,0,362962944,0,3385344,0,36835328,289,1,285,3,0,12.5,0.8,0.0,86.7,0.0,0.0,0.0,0.0,15794.9 MiB,5032.9 MiB,1185.2 MiB,9576.7 MiB,4096.0 MiB,3292.4 MiB,803.6 MiB,14027.6 MiB,,0,03.65
7,2021-07-20,nbody_50000000_v4_original,16.0.2,nbody.java 50000000,0,1701449264,263415,java,0.16,7087702016,37007360,26664960,100.0,0.2,19,7,0:00,0,0,362950656,0,3391488,0,37007360,289,1,285,3,0,14.5,1.5,0.0,83.2,0.8,0.0,0.0,0.0,15794.9 MiB,5023.4 MiB,1187.8 MiB,9583.7 MiB,4096.0 MiB,3292.4 MiB,803.6 MiB,14018.0 MiB,,0,00.16
7,2021-07-20,nbody_50000000_v4_original,16.0.2,nbody.java 50000000,1,1701449265,263415,java,1.33,7087702016,37007360,26664960,100.0,0.2,19,7,0:01,0,0,362950656,0,3391488,0,37007360,289,1,285,3,0,12.4,0.8,0.0,86.8,0.0,0.0,0.0,0.0,15794.9 MiB,5022.9 MiB,1188.3 MiB,9583.7 MiB,4096.0 MiB,3292.4 MiB,803.6 MiB,14017.5 MiB,,0,01.33
7,2021-07-20,nbody_50000000_v4_original,16.0.2,nbody.java 50000000,2,1701449266,263415,java,2.5,7087702016,37007360,26664960,106.7,0.2,19,7,0:02,0,0,362950656,0,3391488,0,37007360,289,1,285,3,0,12.4,1.6,0.0,85.3,0.0,0.0,0.8,0.0,15794.9 MiB,5029.0 MiB,1189.1 MiB,9576.7 MiB,4096.0 MiB,3292.4 MiB,803.6 MiB,14023.7 MiB,,0,02.50
7,2021-07-20,nbody_50000000_v4_original,16.0.2,nbody.java 50000000,3,1701449267,263415,java,3.67,7087702016,37007360,26664960,100.0,0.2,19,7,0:03,0,0,362950656,0,3391488,0,37007360,289,1,285,3,0,13.1,1.5,0.0,85.4,0.0,0.0,0.0,0.0,15794.9 MiB,5029.5 MiB,1188.6 MiB,9576.7 MiB,4096.0 MiB,3292.4 MiB,803.6 MiB,14024.2 MiB,,0,03.67
8,2021-07-20,nbody_50000000_v4_original,16.0.2,nbody.java 50000000,0,1701449268,263462,java,0.16,7087702016,37081088,26697728,100.0,0.2,19,3,0:00,0,0,362950656,0,3385344,0,37081088,289,1,285,3,0,14.3,0.8,0.0,85.0,0.0,0.0,0.0,0.0,15794.9 MiB,5034.4 MiB,1176.7 MiB,9583.7 MiB,4096.0 MiB,3292.4 MiB,803.6 MiB,14029.1 MiB,,0,00.16
8,2021-07-20,nbody_50000000_v4_original,16.0.2,nbody.java 50000000,1,1701449269,263462,java,1.33,7087702016,37081088,26697728,100.0,0.2,19,3,0:01,0,0,362950656,0,3385344,0,37081088,289,1,285,3,0,12.4,0.8,0.0,86.8,0.0,0.0,0.0,0.0,15794.9 MiB,5032.7 MiB,1178.4 MiB,9583.8 MiB,4096.0 MiB,3292.4 MiB,803.6 MiB,14027.4 MiB,,0,01.33
8,2021-07-20,nbody_50000000_v4_original,16.0.2,nbody.java 50000000,2,1701449271,263462,java,2.49,7087702016,37081088,26697728,93.8,0.2,19,3,0:02,0,0,362950656,0,3385344,0,37081088,289,1,285,3,0,13.3,0.0,0.0,86.7,0.0,0.0,0.0,0.0,15794.9 MiB,5033.5 MiB,1184.6 MiB,9576.8 MiB,4096.0 MiB,3292.4 MiB,803.6 MiB,14028.1 MiB,,0,02.49
8,2021-07-20,nbody_50000000_v4_original,16.0.2,nbody.java 50000000,3,1701449272,263462,java,3.66,7087702016,37081088,26697728,93.8,0.2,19,3,0:03,0,0,362950656,0,3385344,0,37081088,289,1,285,3,0,12.5,0.8,0.0,86.7,0.0,0.0,0.0,0.0,15794.9 MiB,5033.2 MiB,1184.9 MiB,9576.8 MiB,4096.0 MiB,3292.4 MiB,803.6 MiB,14027.9 MiB,,0,03.66
9,2021-07-20,nbody_50000000_v4_original,16.0.2,nbody.java 50000000,0,1701449273,263505,java,0.16,7087702016,37040128,26664960,100.0,0.2,19,7,0:00,0,0,362950656,0,3384320,0,37040128,289,1,285,3,0,14.5,0.8,0.0,84.7,0.0,0.0,0.0,0.0,15794.9 MiB,5027.8 MiB,1183.3 MiB,9583.7 MiB,4096.0 MiB,3292.4 MiB,803.6 MiB,14022.4 MiB,,0,00.16
9,2021-07-20,nbody_50000000_v4_original,16.0.2,nbody.java 50000000,1,1701449274,263505,java,1.34,7087702016,37040128,26664960,100.0,0.2,19,7,0:01,0,0,362950656,0,3384320,0,37040128,289,1,285,3,0,12.7,0.7,0.0,86.6,0.0,0.0,0.0,0.0,15794.9 MiB,5027.3 MiB,1183.8 MiB,9583.8 MiB,4096.0 MiB,3292.4 MiB,803.6 MiB,14022.0 MiB,,0,01.34
9,2021-07-20,nbody_50000000_v4_original,16.0.2,nbody.java 50000000,2,1701449275,263505,java,2.5,7087702016,37040128,26664960,100.0,0.2,19,7,0:02,0,0,362950656,0,3384320,0,37040128,289,1,285,3,0,12.5,0.8,0.0,86.7,0.0,0.0,0.0,0.0,15794.9 MiB,5034.9 MiB,1183.0 MiB,9576.9 MiB,4096.0 MiB,3292.4 MiB,803.6 MiB,14029.6 MiB,,0,02.50
9,2021-07-20,nbody_50000000_v4_original,16.0.2,nbody.java 50000000,3,1701449276,263505,java,3.67,7087702016,37040128,26664960,93.8,0.2,19,7,0:03,0,0,362950656,0,3384320,0,37040128,289,1,285,3,0,13.2,0.8,0.0,86.0,0.0,0.0,0.0,0.0,15794.9 MiB,5034.2 MiB,1183.9 MiB,9576.8 MiB,4096.0 MiB,3292.4 MiB,803.6 MiB,14028.9 MiB,,0,03.67
10,2021-07-20,nbody_50000000_v4_original,16.0.2,nbody.java 50000000,0,1701449278,263548,java,0.15,7087702016,37019648,26632192,93.8,0.2,19,7,0:00,0,0,362950656,0,3384320,0,37019648,289,1,285,3,0,14.9,1.5,0.0,83.6,0.0,0.0,0.0,0.0,15794.9 MiB,5032.7 MiB,1178.3 MiB,9583.8 MiB,4096.0 MiB,3292.4 MiB,803.6 MiB,14027.4 MiB,,0,00.15
10,2021-07-20,nbody_50000000_v4_original,16.0.2,nbody.java 50000000,1,1701449279,263548,java,1.32,7087702016,37019648,26632192,93.8,0.2,19,7,0:01,0,0,362950656,0,3384320,0,37019648,289,1,285,3,0,13.1,0.8,0.0,86.2,0.0,0.0,0.0,0.0,15794.9 MiB,5031.8 MiB,1179.3 MiB,9583.8 MiB,4096.0 MiB,3292.4 MiB,803.6 MiB,14026.4 MiB,,0,01.32
10,2021-07-20,nbody_50000000_v4_original,16.0.2,nbody.java 50000000,2,1701449280,263548,java,2.49,7087702016,37019648,26632192,100.0,0.2,19,7,0:02,0,0,362950656,0,3384320,0,37019648,289,1,285,3,0,12.5,0.8,0.0,86.7,0.0,0.0,0.0,0.0,15794.9 MiB,5031.0 MiB,1186.9 MiB,9576.9 MiB,4096.0 MiB,3292.4 MiB,803.6 MiB,14025.7 MiB,,0,02.49
10,2021-07-20,nbody_50000000_v4_original,16.0.2,nbody.java 50000000,3,1701449281,263548,java,3.66,7087702016,37019648,26632192,106.7,0.2,19,7,0:03,0,0,362950656,0,3384320,0,37019648,289,1,285,3,0,13.3,0.8,0.0,85.9,0.0,0.0,0.0,0.0,15794.9 MiB,5031.5 MiB,1186.6 MiB,9576.7 MiB,4096.0 MiB,3292.4 MiB,803.6 MiB,14026.2 MiB,,0,03.66
1,2023-08-22,nbody_50000000_v4_original,17.0.8.1,nbody.java 50000000,0,1701449724,264697,java,0.18,7157907456,39223296,21258240,112.5,0.2,19,1,0:00,0,0,371249152,0,5249024,0,39223296,289,1,285,3,0,15.0,2.3,0.0,82.7,0.0,0.0,0.0,0.0,15794.9 MiB,5010.4 MiB,1181.0 MiB,9603.5 MiB,4096.0 MiB,3292.4 MiB,803.6 MiB,14025.0 MiB,,0,00.18
1,2023-08-22,nbody_50000000_v4_original,17.0.8.1,nbody.java 50000000,1,1701449725,264697,java,1.34,7157907456,39223296,21258240,100.0,0.2,19,1,0:01,0,0,371249152,0,5249024,0,39223296,289,1,285,3,0,12.6,0.0,0.0,87.4,0.0,0.0,0.0,0.0,15794.9 MiB,5010.1 MiB,1181.2 MiB,9603.5 MiB,4096.0 MiB,3292.4 MiB,803.6 MiB,14024.7 MiB,,0,01.34
1,2023-08-22,nbody_50000000_v4_original,17.0.8.1,nbody.java 50000000,2,1701449726,264697,java,2.51,7157907456,39223296,21258240,100.0,0.2,19,1,0:02,0,0,371249152,0,5249024,0,39223296,289,1,285,3,0,12.5,0.8,0.0,86.7,0.0,0.0,0.0,0.0,15794.9 MiB,5010.7 MiB,1187.5 MiB,9596.7 MiB,4096.0 MiB,3292.4 MiB,803.6 MiB,14025.3 MiB,,0,02.51
1,2023-08-22,nbody_50000000_v4_original,17.0.8.1,nbody.java 50000000,3,1701449728,264697,java,3.68,7157907456,39223296,21258240,93.8,0.2,19,1,0:03,0,0,371249152,0,5249024,0,39223296,289,1,285,3,0,13.2,0.8,0.0,86.0,0.0,0.0,0.0,0.0,15794.9 MiB,5010.2 MiB,1188.0 MiB,9596.7 MiB,4096.0 MiB,3292.4 MiB,803.6 MiB,14024.8 MiB,,0,03.68
2,2023-08-22,nbody_50000000_v4_original,17.0.8.1,nbody.java 50000000,0,1701449729,264744,java,0.19,7157907456,39424000,21143552,112.5,0.2,19,3,0:00,0,0,371249152,0,5254144,0,39424000,289,1,285,3,0,15.2,2.3,0.0,82.6,0.0,0.0,0.0,0.0,15794.9 MiB,5002.8 MiB,1188.3 MiB,9603.7 MiB,4096.0 MiB,3292.4 MiB,803.6 MiB,14017.5 MiB,,0,00.19
2,2023-08-22,nbody_50000000_v4_original,17.0.8.1,nbody.java 50000000,1,1701449730,264744,java,1.35,7157907456,39424000,21143552,93.8,0.2,19,3,0:01,0,0,371249152,0,5254144,0,39424000,289,1,285,3,0,13.1,0.8,0.0,86.2,0.0,0.0,0.0,0.0,15794.9 MiB,5001.3 MiB,1189.8 MiB,9603.7 MiB,4096.0 MiB,3292.4 MiB,803.6 MiB,14016.0 MiB,,0,01.35
2,2023-08-22,nbody_50000000_v4_original,17.0.8.1,nbody.java 50000000,2,1701449731,264744,java,2.52,7157907456,39424000,21143552,100.0,0.2,19,3,0:02,0,0,371249152,0,5254144,0,39424000,289,1,285,3,0,12.4,0.8,0.0,86.8,0.0,0.0,0.0,0.0,15794.9 MiB,5001.8 MiB,1189.3 MiB,9603.7 MiB,4096.0 MiB,3292.4 MiB,803.6 MiB,14016.5 MiB,,0,02.52
2,2023-08-22,nbody_50000000_v4_original,17.0.8.1,nbody.java 50000000,3,1701449732,264744,java,3.69,7157907456,39424000,21143552,100.0,0.2,19,3,0:03,0,0,371249152,0,5254144,0,39424000,289,1,285,3,0,12.5,0.0,0.0,87.5,0.0,0.0,0.0,0.0,15794.9 MiB,5009.5 MiB,1188.7 MiB,9596.7 MiB,4096.0 MiB,3292.4 MiB,803.6 MiB,14024.1 MiB,,0,03.69
3,2023-08-22,nbody_50000000_v4_original,17.0.8.1,nbody.java 50000000,0,1701449733,264787,java,0.18,7157907456,39792640,21467136,106.2,0.2,19,2,0:00,0,0,371257344,0,5255168,0,39792640,289,1,285,3,0,15.6,2.2,0.0,82.2,0.0,0.0,0.0,0.0,15794.9 MiB,5011.4 MiB,1179.7 MiB,9603.7 MiB,4096.0 MiB,3292.4 MiB,803.6 MiB,14026.1 MiB,,0,00.18
3,2023-08-22,nbody_50000000_v4_original,17.0.8.1,nbody.java 50000000,1,1701449735,264787,java,1.35,7157907456,39792640,21467136,93.8,0.2,19,2,0:01,0,0,371257344,0,5255168,0,39792640,289,1,285,3,0,12.4,0.8,0.0,86.8,0.0,0.0,0.0,0.0,15794.9 MiB,5010.2 MiB,1180.9 MiB,9603.7 MiB,4096.0 MiB,3292.4 MiB,803.6 MiB,14024.9 MiB,,0,01.35
3,2023-08-22,nbody_50000000_v4_original,17.0.8.1,nbody.java 50000000,2,1701449736,264787,java,2.52,7157907456,39792640,21467136,100.0,0.2,19,2,0:02,0,0,371257344,0,5255168,0,39792640,289,1,285,3,0,12.5,1.6,0.0,85.9,0.0,0.0,0.0,0.0,15794.9 MiB,5013.7 MiB,1184.5 MiB,9596.7 MiB,4096.0 MiB,3292.4 MiB,803.6 MiB,14028.3 MiB,,0,02.52
3,2023-08-22,nbody_50000000_v4_original,17.0.8.1,nbody.java 50000000,3,1701449737,264787,java,3.69,7157907456,39792640,21467136,100.0,0.2,19,2,0:03,0,0,371257344,0,5255168,0,39792640,289,1,285,3,0,12.3,1.5,0.0,86.2,0.0,0.0,0.0,0.0,15794.9 MiB,5013.4 MiB,1184.7 MiB,9596.7 MiB,4096.0 MiB,3292.4 MiB,803.6 MiB,14028.1 MiB,,0,03.69
4,2023-08-22,nbody_50000000_v4_original,17.0.8.1,nbody.java 50000000,0,1701449738,264830,java,0.17,7157907456,39735296,21450752,100.0,0.2,19,6,0:00,0,0,371253248,0,5261312,0,39735296,289,1,285,3,0,14.4,2.3,0.0,83.3,0.0,0.0,0.0,0.0,15794.9 MiB,5008.0 MiB,1183.1 MiB,9603.7 MiB,4096.0 MiB,3292.4 MiB,803.6 MiB,14022.7 MiB,,0,00.17
4,2023-08-22,nbody_50000000_v4_original,17.0.8.1,nbody.java 50000000,1,1701449739,264830,java,1.34,7157907456,39735296,21450752,106.7,0.2,19,6,0:01,0,0,371253248,0,5261312,0,39735296,289,1,285,3,0,12.4,0.8,0.0,86.8,0.0,0.0,0.0,0.0,15794.9 MiB,5007.0 MiB,1184.1 MiB,9603.7 MiB,4096.0 MiB,3292.4 MiB,803.6 MiB,14021.7 MiB,,0,01.34
4,2023-08-22,nbody_50000000_v4_original,17.0.8.1,nbody.java 50000000,2,1701449740,264830,java,2.51,7157907456,39735296,21450752,100.0,0.2,19,6,0:02,0,0,371253248,0,5261312,0,39735296,289,1,285,3,0,12.5,0.0,0.0,87.5,0.0,0.0,0.0,0.0,15794.9 MiB,5013.9 MiB,1184.1 MiB,9596.9 MiB,4096.0 MiB,3292.4 MiB,803.6 MiB,14028.6 MiB,,0,02.51
4,2023-08-22,nbody_50000000_v4_original,17.0.8.1,nbody.java 50000000,3,1701449742,264830,java,3.68,7157907456,39735296,21450752,100.0,0.2,19,6,0:03,0,0,371253248,0,5261312,0,39735296,289,1,285,3,0,12.5,0.0,0.0,87.5,0.0,0.0,0.0,0.0,15794.9 MiB,5013.4 MiB,1184.7 MiB,9596.7 MiB,4096.0 MiB,3292.4 MiB,803.6 MiB,14028.1 MiB,,0,03.68
5,2023-08-22,nbody_50000000_v4_original,17.0.8.1,nbody.java 50000000,0,1701449743,264873,java,0.18,7157907456,39743488,21450752,112.5,0.2,19,6,0:00,0,0,371249152,0,5258240,0,39743488,289,1,285,3,0,15.8,1.5,0.0,82.0,0.8,0.0,0.0,0.0,15794.9 MiB,5005.8 MiB,1185.3 MiB,9603.7 MiB,4096.0 MiB,3292.4 MiB,803.6 MiB,14020.5 MiB,,0,00.18
5,2023-08-22,nbody_50000000_v4_original,17.0.8.1,nbody.java 50000000,1,1701449744,264873,java,1.34,7157907456,39743488,21450752,93.8,0.2,19,6,0:01,0,0,371249152,0,5258240,0,39743488,289,1,285,3,0,12.5,0.8,0.0,86.7,0.0,0.0,0.0,0.0,15794.9 MiB,5005.3 MiB,1185.8 MiB,9603.7 MiB,4096.0 MiB,3292.4 MiB,803.6 MiB,14020.0 MiB,,0,01.34
5,2023-08-22,nbody_50000000_v4_original,17.0.8.1,nbody.java 50000000,2,1701449745,264873,java,2.51,7157907456,39743488,21450752,93.8,0.2,19,6,0:02,0,0,371249152,0,5258240,0,39743488,289,1,285,3,0,12.4,0.8,0.0,86.8,0.0,0.0,0.0,0.0,15794.9 MiB,5004.1 MiB,1193.8 MiB,9596.9 MiB,4096.0 MiB,3292.4 MiB,803.6 MiB,14018.8 MiB,,0,02.51
5,2023-08-22,nbody_50000000_v4_original,17.0.8.1,nbody.java 50000000,3,1701449746,264873,java,3.68,7157907456,39743488,21450752,100.0,0.2,19,6,0:03,0,0,371249152,0,5258240,0,39743488,289,1,285,3,0,13.1,1.5,0.0,85.4,0.0,0.0,0.0,0.0,15794.9 MiB,5003.4 MiB,1194.7 MiB,9596.8 MiB,4096.0 MiB,3292.4 MiB,803.6 MiB,14018.1 MiB,,0,03.68
6,2023-08-22,nbody_50000000_v4_original,17.0.8.1,nbody.java 50000000,0,1701449747,264916,java,0.18,7157907456,39497728,21188608,112.5,0.2,19,7,0:00,0,0,371249152,0,5255168,0,39497728,289,1,285,3,0,15.2,1.5,0.0,83.3,0.0,0.0,0.0,0.0,15794.9 MiB,5003.7 MiB,1187.4 MiB,9603.7 MiB,4096.0 MiB,3292.4 MiB,803.6 MiB,14018.4 MiB,,0,00.18
6,2023-08-22,nbody_50000000_v4_original,17.0.8.1,nbody.java 50000000,1,1701449749,264916,java,1.35,7157907456,39497728,21188608,100.0,0.2,19,7,0:01,0,0,371249152,0,5255168,0,39497728,289,1,285,3,0,13.1,0.8,0.0,86.2,0.0,0.0,0.0,0.0,15794.9 MiB,5010.4 MiB,1187.7 MiB,9596.8 MiB,4096.0 MiB,3292.4 MiB,803.6 MiB,14025.1 MiB,,0,01.35
6,2023-08-22,nbody_50000000_v4_original,17.0.8.1,nbody.java 50000000,2,1701449750,264916,java,2.52,7157907456,39497728,21188608,106.7,0.2,19,7,0:02,0,0,371249152,0,5255168,0,39497728,289,1,285,3,0,12.4,0.8,0.0,86.8,0.0,0.0,0.0,0.0,15794.9 MiB,5010.6 MiB,1187.5 MiB,9596.8 MiB,4096.0 MiB,3292.4 MiB,803.6 MiB,14025.3 MiB,,0,02.52
6,2023-08-22,nbody_50000000_v4_original,17.0.8.1,nbody.java 50000000,3,1701449751,264916,java,3.69,7157907456,39497728,21188608,100.0,0.2,19,7,0:03,0,0,371249152,0,5255168,0,39497728,289,1,285,3,0,13.2,0.0,0.0,86.8,0.0,0.0,0.0,0.0,15794.9 MiB,5009.9 MiB,1188.2 MiB,9596.8 MiB,4096.0 MiB,3292.4 MiB,803.6 MiB,14024.6 MiB,,0,03.69
7,2023-08-22,nbody_50000000_v4_original,17.0.8.1,nbody.java 50000000,0,1701449752,264963,java,0.19,7157907456,39690240,21393408,105.9,0.2,19,2,0:00,0,0,371265536,0,5262336,0,39690240,289,2,284,3,0,16.9,2.1,0.0,81.0,0.0,0.0,0.0,0.0,15794.9 MiB,5003.5 MiB,1187.6 MiB,9603.7 MiB,4096.0 MiB,3292.4 MiB,803.6 MiB,14018.2 MiB,,0,00.19
7,2023-08-22,nbody_50000000_v4_original,17.0.8.1,nbody.java 50000000,1,1701449753,264963,java,1.36,7157907456,39690240,21393408,100.0,0.2,19,2,0:01,0,0,371265536,0,5262336,0,39690240,289,1,285,3,0,13.1,0.8,0.0,86.2,0.0,0.0,0.0,0.0,15794.9 MiB,5003.3 MiB,1187.8 MiB,9603.8 MiB,4096.0 MiB,3292.4 MiB,803.6 MiB,14018.0 MiB,,0,01.36
7,2023-08-22,nbody_50000000_v4_original,17.0.8.1,nbody.java 50000000,2,1701449754,264963,java,2.53,7157907456,39690240,21393408,100.0,0.2,19,2,0:02,0,0,371265536,0,5262336,0,39690240,289,1,285,3,0,12.5,0.8,0.0,86.7,0.0,0.0,0.0,0.0,15794.9 MiB,5010.6 MiB,1187.3 MiB,9596.9 MiB,4096.0 MiB,3292.4 MiB,803.6 MiB,14025.3 MiB,,0,02.53
7,2023-08-22,nbody_50000000_v4_original,17.0.8.1,nbody.java 50000000,3,1701449756,264963,java,3.7,7157907456,39690240,21393408,100.0,0.2,19,2,0:03,0,0,371265536,0,5262336,0,39690240,289,1,285,3,0,12.6,0.0,0.0,87.4,0.0,0.0,0.0,0.0,15794.9 MiB,5010.1 MiB,1187.9 MiB,9596.8 MiB,4096.0 MiB,3292.4 MiB,803.6 MiB,14024.9 MiB,,0,03.70
8,2023-08-22,nbody_50000000_v4_original,17.0.8.1,nbody.java 50000000,0,1701449757,265008,java,0.18,7157907456,39714816,21487616,106.2,0.2,19,0,0:00,0,0,371253248,0,5260288,0,39714816,289,1,285,3,0,14.3,3.0,0.0,82.7,0.0,0.0,0.0,0.0,15794.9 MiB,5015.1 MiB,1176.0 MiB,9603.8 MiB,4096.0 MiB,3292.4 MiB,803.6 MiB,14029.8 MiB,,0,00.18
8,2023-08-22,nbody_50000000_v4_original,17.0.8.1,nbody.java 50000000,1,1701449758,265008,java,1.35,7157907456,39714816,21487616,106.7,0.2,19,0,0:01,0,0,371253248,0,5260288,0,39714816,289,1,285,3,0,12.6,0.0,0.0,87.4,0.0,0.0,0.0,0.0,15794.9 MiB,5014.9 MiB,1176.2 MiB,9603.8 MiB,4096.0 MiB,3292.4 MiB,803.6 MiB,14029.6 MiB,,0,01.35
8,2023-08-22,nbody_50000000_v4_original,17.0.8.1,nbody.java 50000000,2,1701449759,265008,java,2.51,7157907456,39714816,21487616,100.0,0.2,19,0,0:02,0,0,371253248,0,5260288,0,39714816,289,1,285,3,0,12.5,0.8,0.0,86.7,0.0,0.0,0.0,0.0,15794.9 MiB,5015.6 MiB,1182.4 MiB,9596.8 MiB,4096.0 MiB,3292.4 MiB,803.6 MiB,14030.4 MiB,,0,02.51
8,2023-08-22,nbody_50000000_v4_original,17.0.8.1,nbody.java 50000000,3,1701449760,265008,java,3.68,7157907456,39714816,21487616,93.8,0.2,19,0,0:03,0,0,371253248,0,5260288,0,39714816,289,1,285,3,0,12.5,0.0,0.0,87.5,0.0,0.0,0.0,0.0,15794.9 MiB,5015.4 MiB,1182.7 MiB,9596.8 MiB,4096.0 MiB,3292.4 MiB,803.6 MiB,14030.1 MiB,,0,03.68
9,2023-08-22,nbody_50000000_v4_original,17.0.8.1,nbody.java 50000000,0,1701449762,265053,java,0.18,7157907456,39165952,21188608,112.5,0.2,19,4,0:00,0,0,371249152,0,5259264,0,39165952,289,1,285,3,0,15.0,2.3,0.0,82.7,0.0,0.0,0.0,0.0,15794.9 MiB,5017.4 MiB,1173.6 MiB,9603.8 MiB,4096.0 MiB,3292.4 MiB,803.6 MiB,14032.2 MiB,,0,00.18
9,2023-08-22,nbody_50000000_v4_original,17.0.8.1,nbody.java 50000000,1,1701449763,265053,java,1.35,7157907456,39165952,21188608,100.0,0.2,19,4,0:01,0,0,371249152,0,5259264,0,39165952,289,1,285,3,0,12.4,0.8,0.0,86.8,0.0,0.0,0.0,0.0,15794.9 MiB,5016.4 MiB,1174.6 MiB,9603.8 MiB,4096.0 MiB,3292.4 MiB,803.6 MiB,14031.2 MiB,,0,01.35
9,2023-08-22,nbody_50000000_v4_original,17.0.8.1,nbody.java 50000000,2,1701449764,265053,java,2.51,7157907456,39165952,21188608,93.8,0.2,19,4,0:02,0,0,371249152,0,5259264,0,39165952,289,1,285,3,0,12.4,0.8,0.0,86.8,0.0,0.0,0.0,0.0,15794.9 MiB,5015.9 MiB,1182.1 MiB,9596.8 MiB,4096.0 MiB,3292.4 MiB,803.6 MiB,14030.7 MiB,,0,02.51
9,2023-08-22,nbody_50000000_v4_original,17.0.8.1,nbody.java 50000000,3,1701449765,265053,java,3.68,7157907456,39165952,21188608,100.0,0.2,19,4,0:03,0,0,371249152,0,5259264,0,39165952,289,1,285,3,0,12.5,0.8,0.0,86.7,0.0,0.0,0.0,0.0,15794.9 MiB,5015.2 MiB,1182.9 MiB,9596.8 MiB,4096.0 MiB,3292.4 MiB,803.6 MiB,14030.0 MiB,,0,03.68
10,2023-08-22,nbody_50000000_v4_original,17.0.8.1,nbody.java 50000000,0,1701449766,265096,java,0.17,7157907456,39510016,21291008,106.2,0.2,19,4,0:00,0,0,371249152,0,5257216,0,39510016,289,1,285,3,0,15.7,2.2,0.0,82.1,0.0,0.0,0.0,0.0,15794.9 MiB,5009.0 MiB,1181.9 MiB,9603.9 MiB,4096.0 MiB,3292.4 MiB,803.6 MiB,14023.8 MiB,,0,00.17
10,2023-08-22,nbody_50000000_v4_original,17.0.8.1,nbody.java 50000000,1,1701449767,265096,java,1.34,7157907456,39510016,21291008,100.0,0.2,19,4,0:01,0,0,371249152,0,5257216,0,39510016,289,1,285,3,0,12.7,0.0,0.0,87.3,0.0,0.0,0.0,0.0,15794.9 MiB,5007.6 MiB,1183.4 MiB,9603.9 MiB,4096.0 MiB,3292.4 MiB,803.6 MiB,14022.3 MiB,,0,01.34
10,2023-08-22,nbody_50000000_v4_original,17.0.8.1,nbody.java 50000000,2,1701449769,265096,java,2.51,7157907456,39510016,21291008,100.0,0.2,19,4,0:02,0,0,371249152,0,5257216,0,39510016,289,1,285,3,0,12.5,0.8,0.0,86.7,0.0,0.0,0.0,0.0,15794.9 MiB,5009.3 MiB,1188.7 MiB,9596.9 MiB,4096.0 MiB,3292.4 MiB,803.6 MiB,14024.1 MiB,,0,02.51
10,2023-08-22,nbody_50000000_v4_original,17.0.8.1,nbody.java 50000000,3,1701449770,265096,java,3.68,7157907456,39510016,21291008,93.8,0.2,19,4,0:03,0,0,371249152,0,5257216,0,39510016,289,1,285,3,0,14.5,0.8,0.0,84.7,0.0,0.0,0.0,0.0,15794.9 MiB,5008.8 MiB,1189.2 MiB,9596.9 MiB,4096.0 MiB,3292.4 MiB,803.6 MiB,14023.6 MiB,,0,03.68
1,2022-07-19,nbody_50000000_v4_original,18.0.2-ea,nbody.java 50000000,0,1701450213,266223,java,0.16,7156965376,36880384,26865664,100.0,0.2,19,7,0:00,0,0,362921984,0,3349504,0,36880384,289,1,285,3,0,13.7,2.3,0.0,84.0,0.0,0.0,0.0,0.0,15794.9 MiB,4997.6 MiB,1179.2 MiB,9618.1 MiB,4096.0 MiB,3292.6 MiB,803.4 MiB,14026.9 MiB,,0,00.16
1,2022-07-19,nbody_50000000_v4_original,18.0.2-ea,nbody.java 50000000,1,1701450214,266223,java,1.33,7156965376,36880384,26865664,100.0,0.2,19,7,0:01,0,0,362921984,0,3350528,0,36880384,289,1,285,3,0,13.2,0.0,0.0,86.8,0.0,0.0,0.0,0.0,15794.9 MiB,4997.1 MiB,1179.3 MiB,9618.4 MiB,4096.0 MiB,3292.6 MiB,803.4 MiB,14026.5 MiB,,0,01.33
1,2022-07-19,nbody_50000000_v4_original,18.0.2-ea,nbody.java 50000000,2,1701450215,266223,java,2.5,7156965376,36880384,26865664,93.8,0.2,19,7,0:02,0,0,362921984,0,3350528,0,36880384,289,1,285,3,0,13.8,0.8,0.0,85.4,0.0,0.0,0.0,0.0,15794.9 MiB,5004.7 MiB,1178.6 MiB,9611.6 MiB,4096.0 MiB,3292.6 MiB,803.4 MiB,14034.1 MiB,,0,02.50
1,2022-07-19,nbody_50000000_v4_original,18.0.2-ea,nbody.java 50000000,3,1701450217,266223,java,3.67,7156965376,36880384,26865664,93.8,0.2,19,7,0:03,0,0,362921984,0,3350528,0,36880384,289,1,285,3,0,12.4,1.6,0.0,86.0,0.0,0.0,0.0,0.0,15794.9 MiB,5004.5 MiB,1178.9 MiB,9611.4 MiB,4096.0 MiB,3292.6 MiB,803.4 MiB,14033.9 MiB,,0,03.67
2,2022-07-19,nbody_50000000_v4_original,18.0.2-ea,nbody.java 50000000,0,1701450218,266270,java,0.16,7156965376,37281792,27267072,100.0,0.2,19,0,0:00,0,0,362913792,0,3359744,0,37281792,289,1,285,3,0,15.0,1.5,0.0,83.5,0.0,0.0,0.0,0.0,15794.9 MiB,5003.3 MiB,1173.2 MiB,9618.4 MiB,4096.0 MiB,3292.6 MiB,803.4 MiB,14032.6 MiB,,0,00.16
2,2022-07-19,nbody_50000000_v4_original,18.0.2-ea,nbody.java 50000000,1,1701450219,266270,java,1.33,7156965376,37281792,27267072,93.8,0.2,19,0,0:01,0,0,362913792,0,3360768,0,37281792,289,2,284,3,0,12.4,1.6,0.0,86.0,0.0,0.0,0.0,0.0,15794.9 MiB,5002.3 MiB,1174.1 MiB,9618.4 MiB,4096.0 MiB,3292.6 MiB,803.4 MiB,14031.7 MiB,,0,01.33
2,2022-07-19,nbody_50000000_v4_original,18.0.2-ea,nbody.java 50000000,2,1701450220,266270,java,2.5,7156965376,37281792,27267072,100.0,0.2,19,0,0:02,0,0,362913792,0,3360768,0,37281792,289,1,285,3,0,12.5,0.0,0.0,87.5,0.0,0.0,0.0,0.0,15794.9 MiB,5002.1 MiB,1174.4 MiB,9618.4 MiB,4096.0 MiB,3292.6 MiB,803.4 MiB,14031.4 MiB,,0,02.50
2,2022-07-19,nbody_50000000_v4_original,18.0.2-ea,nbody.java 50000000,3,1701450221,266270,java,3.67,7156965376,37281792,27267072,106.7,0.2,19,0,0:03,0,0,362913792,0,3360768,0,37281792,289,1,285,3,0,12.3,0.8,0.0,86.2,0.0,0.0,0.8,0.0,15794.9 MiB,5002.8 MiB,1180.6 MiB,9611.4 MiB,4096.0 MiB,3292.6 MiB,803.4 MiB,14032.2 MiB,,0,03.67
3,2022-07-19,nbody_50000000_v4_original,18.0.2-ea,nbody.java 50000000,0,1701450222,266314,java,0.15,7156965376,37048320,27045888,93.8,0.2,19,3,0:00,0,0,362917888,0,3351552,0,37048320,289,1,285,3,0,13.6,1.5,0.0,84.8,0.0,0.0,0.0,0.0,15794.9 MiB,5003.1 MiB,1173.4 MiB,9618.4 MiB,4096.0 MiB,3292.6 MiB,803.4 MiB,14032.4 MiB,,0,00.15
3,2022-07-19,nbody_50000000_v4_original,18.0.2-ea,nbody.java 50000000,1,1701450224,266314,java,1.32,7156965376,37048320,27045888,100.0,0.2,19,3,0:01,0,0,362917888,0,3352576,0,37048320,289,1,285,3,0,12.6,0.0,0.0,87.4,0.0,0.0,0.0,0.0,15794.9 MiB,5002.3 MiB,1174.1 MiB,9618.4 MiB,4096.0 MiB,3292.6 MiB,803.4 MiB,14031.7 MiB,,0,01.32
3,2022-07-19,nbody_50000000_v4_original,18.0.2-ea,nbody.java 50000000,2,1701450225,266314,java,2.49,7156965376,37048320,27045888,100.0,0.2,19,3,0:02,0,0,362917888,0,3352576,0,37048320,289,1,285,3,0,12.6,0.0,0.0,87.4,0.0,0.0,0.0,0.0,15794.9 MiB,5002.1 MiB,1181.3 MiB,9611.4 MiB,4096.0 MiB,3292.6 MiB,803.4 MiB,14031.5 MiB,,0,02.49
3,2022-07-19,nbody_50000000_v4_original,18.0.2-ea,nbody.java 50000000,3,1701450226,266314,java,3.66,7156965376,37048320,27045888,100.0,0.2,19,3,0:03,0,0,362917888,0,3352576,0,37048320,289,1,285,3,0,12.6,0.8,0.0,86.6,0.0,0.0,0.0,0.0,15794.9 MiB,5002.4 MiB,1181.1 MiB,9611.4 MiB,4096.0 MiB,3292.6 MiB,803.4 MiB,14031.7 MiB,,0,03.66
4,2022-07-19,nbody_50000000_v4_original,18.0.2-ea,nbody.java 50000000,0,1701450227,266361,java,0.16,7156965376,37158912,27148288,100.0,0.2,19,6,0:00,0,0,362909696,0,3351552,0,37158912,289,1,285,3,0,13.8,1.5,0.0,84.6,0.0,0.0,0.0,0.0,15794.9 MiB,4995.7 MiB,1180.7 MiB,9618.4 MiB,4096.0 MiB,3292.6 MiB,803.4 MiB,14025.1 MiB,,0,00.16
4,2022-07-19,nbody_50000000_v4_original,18.0.2-ea,nbody.java 50000000,1,1701450228,266361,java,1.33,7156965376,37158912,27148288,100.0,0.2,19,6,0:01,0,0,362909696,0,3352576,0,37158912,289,1,285,3,0,12.4,0.8,0.0,86.8,0.0,0.0,0.0,0.0,15794.9 MiB,4994.5 MiB,1181.9 MiB,9618.4 MiB,4096.0 MiB,3292.6 MiB,803.4 MiB,14023.9 MiB,,0,01.33
4,2022-07-19,nbody_50000000_v4_original,18.0.2-ea,nbody.java 50000000,2,1701450229,266361,java,2.49,7156965376,37158912,27148288,100.0,0.2,19,6,0:02,0,0,362909696,0,3352576,0,37158912,289,1,285,3,0,12.4,0.8,0.0,86.8,0.0,0.0,0.0,0.0,15794.9 MiB,5002.1 MiB,1181.2 MiB,9611.6 MiB,4096.0 MiB,3292.6 MiB,803.4 MiB,14031.5 MiB,,0,02.49
4,2022-07-19,nbody_50000000_v4_original,18.0.2-ea,nbody.java 50000000,3,1701450231,266361,java,3.66,7156965376,37158912,27148288,100.0,0.2,19,6,0:03,0,0,362909696,0,3352576,0,37158912,289,1,285,3,0,12.4,0.8,0.0,86.8,0.0,0.0,0.0,0.0,15794.9 MiB,5000.4 MiB,1183.0 MiB,9611.5 MiB,4096.0 MiB,3292.6 MiB,803.4 MiB,14029.8 MiB,,0,03.66
5,2022-07-19,nbody_50000000_v4_original,18.0.2-ea,nbody.java 50000000,0,1701450232,266404,java,0.17,7156965376,36827136,27013120,106.2,0.2,19,1,0:00,0,0,362909696,0,3352576,0,36827136,289,1,285,3,0,14.7,2.2,0.0,83.1,0.0,0.0,0.0,0.0,15794.9 MiB,5000.4 MiB,1176.0 MiB,9618.5 MiB,4096.0 MiB,3292.6 MiB,803.4 MiB,14029.8 MiB,,0,00.17
5,2022-07-19,nbody_50000000_v4_original,18.0.2-ea,nbody.java 50000000,1,1701450233,266404,java,1.33,7156965376,36827136,27013120,100.0,0.2,19,1,0:01,0,0,362909696,0,3353600,0,36827136,289,1,285,3,0,12.3,1.5,0.0,86.2,0.0,0.0,0.0,0.0,15794.9 MiB,5000.7 MiB,1175.8 MiB,9618.5 MiB,4096.0 MiB,3292.6 MiB,803.4 MiB,14030.1 MiB,,0,01.33
5,2022-07-19,nbody_50000000_v4_original,18.0.2-ea,nbody.java 50000000,2,1701450234,266404,java,2.5,7156965376,36827136,27013120,100.0,0.2,19,1,0:02,0,0,362909696,0,3353600,0,36827136,289,1,285,3,0,13.3,0.0,0.0,86.7,0.0,0.0,0.0,0.0,15794.9 MiB,4999.9 MiB,1183.5 MiB,9611.5 MiB,4096.0 MiB,3292.6 MiB,803.4 MiB,14029.3 MiB,,0,02.50
5,2022-07-19,nbody_50000000_v4_original,18.0.2-ea,nbody.java 50000000,3,1701450235,266404,java,3.67,7156965376,36827136,27013120,100.0,0.2,19,1,0:03,0,0,362909696,0,3353600,0,36827136,289,1,285,3,0,13.2,0.0,0.0,86.8,0.0,0.0,0.0,0.0,15794.9 MiB,5000.2 MiB,1183.2 MiB,9611.5 MiB,4096.0 MiB,3292.6 MiB,803.4 MiB,14029.6 MiB,,0,03.67
6,2022-07-19,nbody_50000000_v4_original,18.0.2-ea,nbody.java 50000000,0,1701450236,266447,java,0.16,7156965376,37421056,27426816,100.0,0.2,19,3,0:00,0,0,362917888,0,3363840,0,37421056,289,1,285,3,0,14.3,1.5,0.0,84.2,0.0,0.0,0.0,0.0,15794.9 MiB,4992.5 MiB,1183.9 MiB,9618.5 MiB,4096.0 MiB,3292.6 MiB,803.4 MiB,14022.0 MiB,,0,00.16
6,2022-07-19,nbody_50000000_v4_original,18.0.2-ea,nbody.java 50000000,1,1701450238,266447,java,1.33,7156965376,37421056,27426816,100.0,0.2,19,3,0:01,0,0,362917888,0,3364864,0,37421056,289,1,285,3,0,12.4,0.8,0.0,86.8,0.0,0.0,0.0,0.0,15794.9 MiB,4993.0 MiB,1183.4 MiB,9618.5 MiB,4096.0 MiB,3292.6 MiB,803.4 MiB,14022.4 MiB,,0,01.33
6,2022-07-19,nbody_50000000_v4_original,18.0.2-ea,nbody.java 50000000,2,1701450239,266447,java,2.5,7156965376,37421056,27426816,100.0,0.2,19,3,0:02,0,0,362917888,0,3364864,0,37421056,289,1,285,3,0,13.1,0.8,0.0,86.2,0.0,0.0,0.0,0.0,15794.9 MiB,5000.4 MiB,1183.0 MiB,9611.5 MiB,4096.0 MiB,3292.6 MiB,803.4 MiB,14029.8 MiB,,0,02.50
6,2022-07-19,nbody_50000000_v4_original,18.0.2-ea,nbody.java 50000000,3,1701450240,266447,java,3.66,7156965376,37421056,27426816,100.0,0.2,19,3,0:03,0,0,362917888,0,3364864,0,37421056,289,1,285,3,0,12.4,0.8,0.0,86.8,0.0,0.0,0.0,0.0,15794.9 MiB,5000.4 MiB,1183.0 MiB,9611.5 MiB,4096.0 MiB,3292.6 MiB,803.4 MiB,14029.8 MiB,,0,03.66
7,2022-07-19,nbody_50000000_v4_original,18.0.2-ea,nbody.java 50000000,0,1701450241,266490,java,0.17,7156965376,37007360,27013120,100.0,0.2,19,7,0:00,0,0,362913792,0,3358720,0,37007360,289,1,285,3,0,15.4,1.5,0.0,83.1,0.0,0.0,0.0,0.0,15794.9 MiB,5007.3 MiB,1169.1 MiB,9618.5 MiB,4096.0 MiB,3292.6 MiB,803.4 MiB,14036.7 MiB,,0,00.17
7,2022-07-19,nbody_50000000_v4_original,18.0.2-ea,nbody.java 50000000,1,1701450242,266490,java,1.33,7156965376,37007360,27013120,93.8,0.2,19,7,0:01,0,0,362913792,0,3359744,0,37007360,289,1,285,3,0,13.3,0.0,0.0,86.7,0.0,0.0,0.0,0.0,15794.9 MiB,5006.8 MiB,1169.6 MiB,9618.5 MiB,4096.0 MiB,3292.6 MiB,803.4 MiB,14036.2 MiB,,0,01.33
7,2022-07-19,nbody_50000000_v4_original,18.0.2-ea,nbody.java 50000000,2,1701450243,266490,java,2.5,7156965376,37007360,27013120,106.7,0.2,19,7,0:02,0,0,362913792,0,3359744,0,37007360,289,1,285,3,0,13.3,0.0,0.0,86.7,0.0,0.0,0.0,0.0,15794.9 MiB,5004.6 MiB,1178.6 MiB,9611.6 MiB,4096.0 MiB,3292.6 MiB,803.4 MiB,14034.0 MiB,,0,02.50
7,2022-07-19,nbody_50000000_v4_original,18.0.2-ea,nbody.java 50000000,3,1701450245,266490,java,3.67,7156965376,37007360,27013120,106.7,0.2,19,7,0:03,0,0,362913792,0,3359744,0,37007360,289,1,285,3,0,13.2,0.8,0.0,86.0,0.0,0.0,0.0,0.0,15794.9 MiB,5004.6 MiB,1178.8 MiB,9611.5 MiB,4096.0 MiB,3292.6 MiB,803.4 MiB,14034.0 MiB,,0,03.67
8,2022-07-19,nbody_50000000_v4_original,18.0.2-ea,nbody.java 50000000,0,1701450246,266533,java,0.16,7156965376,37081088,27078656,100.0,0.2,19,4,0:00,0,0,362921984,0,3357696,0,37081088,289,1,285,3,0,14.9,2.2,0.0,82.1,0.7,0.0,0.0,0.0,15794.9 MiB,4995.0 MiB,1181.3 MiB,9618.5 MiB,4096.0 MiB,3292.6 MiB,803.4 MiB,14024.5 MiB,,0,00.16
8,2022-07-19,nbody_50000000_v4_original,18.0.2-ea,nbody.java 50000000,1,1701450247,266533,java,1.33,7156965376,37081088,27078656,100.0,0.2,19,4,0:01,0,0,362921984,0,3358720,0,37081088,289,1,285,3,0,13.3,0.0,0.0,86.7,0.0,0.0,0.0,0.0,15794.9 MiB,4994.8 MiB,1181.6 MiB,9618.5 MiB,4096.0 MiB,3292.6 MiB,803.4 MiB,14024.2 MiB,,0,01.33
8,2022-07-19,nbody_50000000_v4_original,18.0.2-ea,nbody.java 50000000,2,1701450248,266533,java,2.5,7156965376,37081088,27078656,100.0,0.2,19,4,0:02,0,0,362921984,0,3358720,0,37081088,289,1,285,3,0,12.5,0.0,0.0,87.5,0.0,0.0,0.0,0.0,15794.9 MiB,4994.3 MiB,1189.1 MiB,9611.5 MiB,4096.0 MiB,3292.6 MiB,803.4 MiB,14023.7 MiB,,0,02.50
8,2022-07-19,nbody_50000000_v4_original,18.0.2-ea,nbody.java 50000000,3,1701450249,266533,java,3.66,7156965376,37081088,27078656,93.8,0.2,19,4,0:03,0,0,362921984,0,3358720,0,37081088,289,1,285,3,0,12.5,0.8,0.0,86.7,0.0,0.0,0.0,0.0,15794.9 MiB,4993.6 MiB,1189.8 MiB,9611.5 MiB,4096.0 MiB,3292.6 MiB,803.4 MiB,14023.0 MiB,,0,03.66
9,2022-07-19,nbody_50000000_v4_original,18.0.2-ea,nbody.java 50000000,0,1701450250,266580,java,0.16,7156965376,36982784,26980352,100.0,0.2,19,7,0:00,0,0,362917888,0,3353600,0,36982784,289,1,285,3,0,13.1,2.3,0.0,84.6,0.0,0.0,0.0,0.0,15794.9 MiB,4994.5 MiB,1181.8 MiB,9618.5 MiB,4096.0 MiB,3292.6 MiB,803.4 MiB,14024.0 MiB,,0,00.16
9,2022-07-19,nbody_50000000_v4_original,18.0.2-ea,nbody.java 50000000,1,1701450252,266580,java,1.33,7156965376,36982784,26980352,106.7,0.2,19,7,0:01,0,0,362917888,0,3354624,0,36982784,289,1,285,3,0,12.5,0.8,0.0,85.9,0.8,0.0,0.0,0.0,15794.9 MiB,4994.1 MiB,1182.3 MiB,9618.5 MiB,4096.0 MiB,3292.6 MiB,803.4 MiB,14023.5 MiB,,0,01.33
9,2022-07-19,nbody_50000000_v4_original,18.0.2-ea,nbody.java 50000000,2,1701450253,266580,java,2.5,7156965376,36982784,26980352,106.7,0.2,19,7,0:02,0,0,362917888,0,3354624,0,36982784,289,1,285,3,0,12.6,0.0,0.0,87.4,0.0,0.0,0.0,0.0,15794.9 MiB,5000.2 MiB,1183.1 MiB,9611.5 MiB,4096.0 MiB,3292.6 MiB,803.4 MiB,14029.7 MiB,,0,02.50
9,2022-07-19,nbody_50000000_v4_original,18.0.2-ea,nbody.java 50000000,3,1701450254,266580,java,3.67,7156965376,36982784,26980352,100.0,0.2,19,7,0:03,0,0,362917888,0,3354624,0,36982784,289,1,285,3,0,12.5,0.8,0.0,86.7,0.0,0.0,0.0,0.0,15794.9 MiB,4999.7 MiB,1183.6 MiB,9611.5 MiB,4096.0 MiB,3292.6 MiB,803.4 MiB,14029.2 MiB,,0,03.67
10,2022-07-19,nbody_50000000_v4_original,18.0.2-ea,nbody.java 50000000,0,1701450255,266623,java,0.16,7156965376,36974592,27009024,100.0,0.2,19,3,0:00,0,0,362913792,0,3353600,0,36974592,289,1,285,3,0,14.4,1.5,0.0,84.1,0.0,0.0,0.0,0.0,15794.9 MiB,5000.2 MiB,1176.2 MiB,9618.5 MiB,4096.0 MiB,3292.6 MiB,803.4 MiB,14029.6 MiB,,0,00.16
10,2022-07-19,nbody_50000000_v4_original,18.0.2-ea,nbody.java 50000000,1,1701450256,266623,java,1.33,7156965376,36974592,27009024,100.0,0.2,19,3,0:01,0,0,362913792,0,3354624,0,36974592,289,1,285,3,0,12.5,0.8,0.0,86.7,0.0,0.0,0.0,0.0,15794.9 MiB,4999.5 MiB,1176.9 MiB,9618.5 MiB,4096.0 MiB,3292.6 MiB,803.4 MiB,14028.9 MiB,,0,01.33
10,2022-07-19,nbody_50000000_v4_original,18.0.2-ea,nbody.java 50000000,2,1701450258,266623,java,2.5,7156965376,36974592,27009024,100.0,0.2,19,3,0:02,0,0,362913792,0,3354624,0,36974592,289,1,285,3,0,12.5,0.0,0.0,87.5,0.0,0.0,0.0,0.0,15794.9 MiB,5006.9 MiB,1176.5 MiB,9611.5 MiB,4096.0 MiB,3292.6 MiB,803.4 MiB,14036.3 MiB,,0,02.50
10,2022-07-19,nbody_50000000_v4_original,18.0.2-ea,nbody.java 50000000,3,1701450259,266623,java,3.66,7156965376,36974592,27009024,93.8,0.2,19,3,0:03,0,0,362913792,0,3354624,0,36974592,289,1,285,3,0,12.5,0.8,0.0,86.7,0.0,0.0,0.0,0.0,15794.9 MiB,5005.9 MiB,1177.5 MiB,9611.5 MiB,4096.0 MiB,3292.6 MiB,803.4 MiB,14035.3 MiB,,0,03.66
1,2023-01-17,nbody_50000000_v4_original,19.0.2,nbody.java 50000000,0,1701450705,267781,java,0.2,7167889408,42283008,29368320,125.0,0.3,19,2,0:00,0,0,365027328,0,4291584,0,42283008,290,1,286,3,0,17.9,2.2,0.0,79.9,0.0,0.0,0.0,0.0,15794.9 MiB,4979.8 MiB,1182.6 MiB,9632.4 MiB,4096.0 MiB,3292.6 MiB,803.4 MiB,14023.3 MiB,,0,00.20
1,2023-01-17,nbody_50000000_v4_original,19.0.2,nbody.java 50000000,1,1701450706,267781,java,1.37,7167889408,42283008,29368320,93.8,0.3,19,2,0:01,0,0,365027328,0,4292608,0,42283008,290,1,286,3,0,12.6,0.0,0.0,87.4,0.0,0.0,0.0,0.0,15794.9 MiB,4979.1 MiB,1183.2 MiB,9632.6 MiB,4096.0 MiB,3292.6 MiB,803.4 MiB,14022.7 MiB,,0,01.37
1,2023-01-17,nbody_50000000_v4_original,19.0.2,nbody.java 50000000,2,1701450707,267781,java,2.54,7167889408,42283008,29368320,100.0,0.3,19,2,0:02,0,0,365027328,0,4292608,0,42283008,290,1,286,3,0,13.2,0.0,0.0,86.8,0.0,0.0,0.0,0.0,15794.9 MiB,4986.0 MiB,1183.2 MiB,9625.7 MiB,4096.0 MiB,3292.6 MiB,803.4 MiB,14029.5 MiB,,0,02.54
1,2023-01-17,nbody_50000000_v4_original,19.0.2,nbody.java 50000000,3,1701450708,267781,java,3.71,7167889408,42283008,29368320,106.7,0.3,19,2,0:03,0,0,365027328,0,4292608,0,42283008,290,1,286,3,0,13.3,0.0,0.0,86.7,0.0,0.0,0.0,0.0,15794.9 MiB,4985.5 MiB,1183.8 MiB,9625.6 MiB,4096.0 MiB,3292.6 MiB,803.4 MiB,14029.1 MiB,,0,03.71
2,2023-01-17,nbody_50000000_v4_original,19.0.2,nbody.java 50000000,0,1701450710,267828,java,0.21,7167889408,42012672,29290496,117.6,0.3,19,6,0:00,0,0,365023232,0,4298752,0,42012672,290,1,286,3,0,17.0,2.2,0.0,80.7,0.0,0.0,0.0,0.0,15794.9 MiB,4981.5 MiB,1180.9 MiB,9632.4 MiB,4096.0 MiB,3292.6 MiB,803.4 MiB,14025.1 MiB,,0,00.21
2,2023-01-17,nbody_50000000_v4_original,19.0.2,nbody.java 50000000,1,1701450711,267828,java,1.37,7167889408,42012672,29290496,93.8,0.3,19,6,0:01,0,0,365023232,0,4299776,0,42012672,290,1,286,3,0,12.6,0.0,0.0,87.4,0.0,0.0,0.0,0.0,15794.9 MiB,4981.3 MiB,1181.0 MiB,9632.6 MiB,4096.0 MiB,3292.6 MiB,803.4 MiB,14024.9 MiB,,0,01.37
2,2023-01-17,nbody_50000000_v4_original,19.0.2,nbody.java 50000000,2,1701450712,267828,java,2.54,7167889408,42012672,29290496,100.0,0.3,19,6,0:02,0,0,365023232,0,4299776,0,42012672,290,1,286,3,0,12.4,0.8,0.0,86.8,0.0,0.0,0.0,0.0,15794.9 MiB,4982.8 MiB,1186.5 MiB,9625.6 MiB,4096.0 MiB,3292.6 MiB,803.4 MiB,14026.4 MiB,,0,02.54
2,2023-01-17,nbody_50000000_v4_original,19.0.2,nbody.java 50000000,3,1701450713,267828,java,3.71,7167889408,42012672,29290496,106.7,0.3,19,6,0:03,0,0,365023232,0,4299776,0,42012672,290,1,286,3,0,12.4,0.8,0.0,86.8,0.0,0.0,0.0,0.0,15794.9 MiB,4982.5 MiB,1186.7 MiB,9625.6 MiB,4096.0 MiB,3292.6 MiB,803.4 MiB,14026.1 MiB,,0,03.71
3,2023-01-17,nbody_50000000_v4_original,19.0.2,nbody.java 50000000,0,1701450714,267871,java,0.2,7236046848,42041344,29466624,118.8,0.3,20,6,0:00,0,0,365850624,0,4216832,0,42041344,290,1,286,3,0,16.7,1.5,0.0,81.8,0.0,0.0,0.0,0.0,15794.9 MiB,4981.3 MiB,1181.0 MiB,9632.6 MiB,4096.0 MiB,3292.6 MiB,803.4 MiB,14024.9 MiB,,0,00.20
3,2023-01-17,nbody_50000000_v4_original,19.0.2,nbody.java 50000000,1,1701450715,267871,java,1.37,7236046848,42041344,29466624,100.0,0.3,20,6,0:01,0,0,365850624,0,4217856,0,42041344,290,1,286,3,0,13.1,0.8,0.0,86.2,0.0,0.0,0.0,0.0,15794.9 MiB,4981.1 MiB,1181.2 MiB,9632.6 MiB,4096.0 MiB,3292.6 MiB,803.4 MiB,14024.7 MiB,,0,01.37
3,2023-01-17,nbody_50000000_v4_original,19.0.2,nbody.java 50000000,2,1701450717,267871,java,2.54,7236046848,42041344,29466624,93.8,0.3,20,6,0:02,0,0,365850624,0,4217856,0,42041344,290,1,286,3,0,12.5,0.8,0.0,86.7,0.0,0.0,0.0,0.0,15794.9 MiB,4988.7 MiB,1180.6 MiB,9625.6 MiB,4096.0 MiB,3292.6 MiB,803.4 MiB,14032.3 MiB,,0,02.54
3,2023-01-17,nbody_50000000_v4_original,19.0.2,nbody.java 50000000,3,1701450718,267871,java,3.71,7236046848,42041344,29466624,93.8,0.3,20,6,0:03,0,0,365850624,0,4217856,0,42041344,290,1,286,3,0,13.1,0.8,0.0,86.2,0.0,0.0,0.0,0.0,15794.9 MiB,4988.5 MiB,1180.8 MiB,9625.6 MiB,4096.0 MiB,3292.6 MiB,803.4 MiB,14032.1 MiB,,0,03.71
4,2023-01-17,nbody_50000000_v4_original,19.0.2,nbody.java 50000000,0,1701450719,267915,java,0.2,7167889408,41107456,29143040,118.8,0.2,19,5,0:00,0,0,364257280,0,3943424,0,41107456,290,1,286,3,0,16.5,2.3,0.0,81.2,0.0,0.0,0.0,0.0,15794.9 MiB,4988.0 MiB,1174.3 MiB,9632.6 MiB,4096.0 MiB,3292.6 MiB,803.4 MiB,14031.6 MiB,,0,00.20
4,2023-01-17,nbody_50000000_v4_original,19.0.2,nbody.java 50000000,1,1701450720,267915,java,1.36,7167889408,41107456,29143040,93.8,0.2,19,5,0:01,0,0,364257280,0,3944448,0,41107456,290,1,286,3,0,12.4,0.8,0.0,86.8,0.0,0.0,0.0,0.0,15794.9 MiB,4987.7 MiB,1174.5 MiB,9632.6 MiB,4096.0 MiB,3292.6 MiB,803.4 MiB,14031.4 MiB,,0,01.36
4,2023-01-17,nbody_50000000_v4_original,19.0.2,nbody.java 50000000,2,1701450721,267915,java,2.53,7167889408,41107456,29143040,93.8,0.2,19,5,0:02,0,0,364257280,0,3944448,0,41107456,290,1,286,3,0,12.5,0.0,0.0,87.5,0.0,0.0,0.0,0.0,15794.9 MiB,4989.9 MiB,1179.1 MiB,9625.8 MiB,4096.0 MiB,3292.6 MiB,803.4 MiB,14033.6 MiB,,0,02.53
4,2023-01-17,nbody_50000000_v4_original,19.0.2,nbody.java 50000000,3,1701450722,267915,java,3.7,7167889408,41107456,29143040,106.7,0.2,19,5,0:03,0,0,364257280,0,3944448,0,41107456,290,1,286,3,0,12.5,0.8,0.0,86.7,0.0,0.0,0.0,0.0,15794.9 MiB,4990.7 MiB,1178.5 MiB,9625.6 MiB,4096.0 MiB,3292.6 MiB,803.4 MiB,14034.3 MiB,,0,03.70
5,2023-01-17,nbody_50000000_v4_original,19.0.2,nbody.java 50000000,0,1701450724,267958,java,0.2,7236046848,42459136,29478912,125.0,0.3,20,6,0:00,0,0,366227456,0,4341760,0,42459136,290,1,286,3,0,18.2,1.5,0.0,80.3,0.0,0.0,0.0,0.0,15794.9 MiB,4985.0 MiB,1177.2 MiB,9632.6 MiB,4096.0 MiB,3292.6 MiB,803.4 MiB,14028.7 MiB,,0,00.20
5,2023-01-17,nbody_50000000_v4_original,19.0.2,nbody.java 50000000,1,1701450725,267958,java,1.37,7236046848,42459136,29478912,106.7,0.3,20,6,0:01,0,0,366227456,0,4342784,0,42459136,290,1,286,3,0,12.6,0.0,0.0,87.4,0.0,0.0,0.0,0.0,15794.9 MiB,4988.5 MiB,1180.8 MiB,9625.6 MiB,4096.0 MiB,3292.6 MiB,803.4 MiB,14032.1 MiB,,0,01.37
5,2023-01-17,nbody_50000000_v4_original,19.0.2,nbody.java 50000000,2,1701450726,267958,java,2.54,7236046848,42459136,29478912,100.0,0.3,20,6,0:02,0,0,366227456,0,4342784,0,42459136,290,1,286,3,0,12.5,0.8,0.0,86.7,0.0,0.0,0.0,0.0,15794.9 MiB,4987.5 MiB,1181.7 MiB,9625.6 MiB,4096.0 MiB,3292.6 MiB,803.4 MiB,14031.1 MiB,,0,02.54
5,2023-01-17,nbody_50000000_v4_original,19.0.2,nbody.java 50000000,3,1701450727,267958,java,3.71,7236046848,42459136,29478912,106.7,0.3,20,6,0:03,0,0,366227456,0,4342784,0,42459136,290,1,286,3,0,12.4,0.8,0.0,86.8,0.0,0.0,0.0,0.0,15794.9 MiB,4987.2 MiB,1182.0 MiB,9625.7 MiB,4096.0 MiB,3292.6 MiB,803.4 MiB,14030.9 MiB,,0,03.71
6,2023-01-17,nbody_50000000_v4_original,19.0.2,nbody.java 50000000,0,1701450728,268002,java,0.2,7167889408,42172416,29241344,118.8,0.3,19,6,0:00,0,0,365056000,0,4286464,0,42172416,290,1,286,3,0,17.2,2.2,0.0,80.6,0.0,0.0,0.0,0.0,15794.9 MiB,4984.6 MiB,1177.7 MiB,9632.6 MiB,4096.0 MiB,3292.6 MiB,803.4 MiB,14028.2 MiB,,0,00.20
6,2023-01-17,nbody_50000000_v4_original,19.0.2,nbody.java 50000000,1,1701450729,268002,java,1.37,7167889408,42172416,29241344,100.0,0.3,19,6,0:01,0,0,365056000,0,4287488,0,42172416,290,1,286,3,0,13.2,0.8,0.0,86.0,0.0,0.0,0.0,0.0,15794.9 MiB,4986.0 MiB,1176.2 MiB,9632.7 MiB,4096.0 MiB,3292.6 MiB,803.4 MiB,14029.7 MiB,,0,01.37
6,2023-01-17,nbody_50000000_v4_original,19.0.2,nbody.java 50000000,2,1701450731,268002,java,2.54,7167889408,42172416,29241344,93.8,0.3,19,6,0:02,0,0,365056000,0,4287488,0,42172416,290,1,286,3,0,13.1,0.8,0.0,86.2,0.0,0.0,0.0,0.0,15794.9 MiB,4992.2 MiB,1176.9 MiB,9625.8 MiB,4096.0 MiB,3292.6 MiB,803.4 MiB,14035.9 MiB,,0,02.54
6,2023-01-17,nbody_50000000_v4_original,19.0.2,nbody.java 50000000,3,1701450732,268002,java,3.71,7167889408,42172416,29241344,100.0,0.3,19,6,0:03,0,0,365056000,0,4287488,0,42172416,290,1,286,3,0,13.0,1.5,0.0,85.5,0.0,0.0,0.0,0.0,15794.9 MiB,4991.2 MiB,1178.0 MiB,9625.7 MiB,4096.0 MiB,3292.6 MiB,803.4 MiB,14034.9 MiB,,0,03.71
7,2023-01-17,nbody_50000000_v4_original,19.0.2,nbody.java 50000000,0,1701450733,268045,java,0.2,7167889408,42250240,29360128,118.8,0.3,19,6,0:00,0,0,365064192,0,4288512,0,42250240,290,1,286,3,0,17.4,2.3,0.0,80.3,0.0,0.0,0.0,0.0,15794.9 MiB,4987.8 MiB,1174.3 MiB,9632.7 MiB,4096.0 MiB,3292.6 MiB,803.4 MiB,14031.5 MiB,,0,00.20
7,2023-01-17,nbody_50000000_v4_original,19.0.2,nbody.java 50000000,1,1701450734,268045,java,1.37,7167889408,42250240,29360128,93.8,0.3,19,6,0:01,0,0,365064192,0,4289536,0,42250240,290,1,286,3,0,12.6,0.0,0.0,87.4,0.0,0.0,0.0,0.0,15794.9 MiB,4987.1 MiB,1175.1 MiB,9632.7 MiB,4096.0 MiB,3292.6 MiB,803.4 MiB,14030.7 MiB,,0,01.37
7,2023-01-17,nbody_50000000_v4_original,19.0.2,nbody.java 50000000,2,1701450735,268045,java,2.54,7167889408,42250240,29360128,100.0,0.3,19,6,0:02,0,0,365064192,0,4289536,0,42250240,290,1,286,3,0,12.5,0.0,0.0,87.5,0.0,0.0,0.0,0.0,15794.9 MiB,4994.2 MiB,1174.8 MiB,9625.9 MiB,4096.0 MiB,3292.6 MiB,803.4 MiB,14037.9 MiB,,0,02.54
7,2023-01-17,nbody_50000000_v4_original,19.0.2,nbody.java 50000000,3,1701450736,268045,java,3.71,7167889408,42250240,29360128,93.8,0.3,19,6,0:03,0,0,365064192,0,4289536,0,42250240,290,1,286,3,0,13.1,0.8,0.0,86.2,0.0,0.0,0.0,0.0,15794.9 MiB,4993.5 MiB,1175.7 MiB,9625.7 MiB,4096.0 MiB,3292.6 MiB,803.4 MiB,14037.1 MiB,,0,03.71
8,2023-01-17,nbody_50000000_v4_original,19.0.2,nbody.java 50000000,0,1701450738,268088,java,0.2,7167889408,42135552,29474816,118.8,0.3,19,5,0:00,0,0,364789760,0,4234240,0,42135552,290,1,286,3,0,16.3,1.6,0.0,81.4,0.8,0.0,0.0,0.0,15794.9 MiB,4996.9 MiB,1165.2 MiB,9632.8 MiB,4096.0 MiB,3292.6 MiB,803.4 MiB,14040.6 MiB,,0,00.20
8,2023-01-17,nbody_50000000_v4_original,19.0.2,nbody.java 50000000,1,1701450739,268088,java,1.37,7167889408,42135552,29474816,106.7,0.3,19,5,0:01,0,0,364789760,0,4235264,0,42135552,290,1,286,3,0,13.1,0.8,0.0,86.2,0.0,0.0,0.0,0.0,15794.9 MiB,4995.9 MiB,1166.1 MiB,9632.8 MiB,4096.0 MiB,3292.6 MiB,803.4 MiB,14039.6 MiB,,0,01.37
8,2023-01-17,nbody_50000000_v4_original,19.0.2,nbody.java 50000000,2,1701450740,268088,java,2.53,7167889408,42135552,29474816,93.8,0.3,19,5,0:02,0,0,364789760,0,4235264,0,42135552,290,1,286,3,0,12.5,0.0,0.0,87.5,0.0,0.0,0.0,0.0,15794.9 MiB,4997.9 MiB,1171.2 MiB,9625.8 MiB,4096.0 MiB,3292.6 MiB,803.4 MiB,14041.6 MiB,,0,02.53
8,2023-01-17,nbody_50000000_v4_original,19.0.2,nbody.java 50000000,3,1701450741,268088,java,3.7,7167889408,42135552,29474816,93.8,0.3,19,5,0:03,0,0,364789760,0,4235264,0,42135552,290,1,286,3,0,12.4,1.6,0.0,86.0,0.0,0.0,0.0,0.0,15794.9 MiB,4997.7 MiB,1171.4 MiB,9625.8 MiB,4096.0 MiB,3292.6 MiB,803.4 MiB,14041.3 MiB,,0,03.70
9,2023-01-17,nbody_50000000_v4_original,19.0.2,nbody.java 50000000,0,1701450742,268135,java,0.21,7167889408,42061824,29298688,125.0,0.3,19,1,0:00,0,0,364748800,0,4235264,0,42061824,290,1,286,3,0,17.8,2.2,0.0,80.0,0.0,0.0,0.0,0.0,15794.9 MiB,4987.1 MiB,1175.2 MiB,9632.6 MiB,4096.0 MiB,3292.6 MiB,803.4 MiB,14030.7 MiB,,0,00.21
9,2023-01-17,nbody_50000000_v4_original,19.0.2,nbody.java 50000000,1,1701450744,268135,java,1.38,7167889408,42061824,29298688,100.0,0.3,19,1,0:01,0,0,364748800,0,4236288,0,42061824,290,1,286,3,0,12.5,0.0,0.0,87.5,0.0,0.0,0.0,0.0,15794.9 MiB,4985.4 MiB,1176.7 MiB,9632.8 MiB,4096.0 MiB,3292.6 MiB,803.4 MiB,14029.0 MiB,,0,01.38
9,2023-01-17,nbody_50000000_v4_original,19.0.2,nbody.java 50000000,2,1701450745,268135,java,2.54,7167889408,42061824,29298688,93.8,0.3,19,1,0:02,0,0,364748800,0,4236288,0,42061824,290,1,286,3,0,12.5,0.8,0.0,86.7,0.0,0.0,0.0,0.0,15794.9 MiB,4991.8 MiB,1177.3 MiB,9625.8 MiB,4096.0 MiB,3292.6 MiB,803.4 MiB,14035.4 MiB,,0,02.54
9,2023-01-17,nbody_50000000_v4_original,19.0.2,nbody.java 50000000,3,1701450746,268135,java,3.71,7167889408,42061824,29298688,93.8,0.3,19,1,0:03,0,0,364748800,0,4236288,0,42061824,290,1,286,3,0,12.3,1.5,0.0,86.2,0.0,0.0,0.0,0.0,15794.9 MiB,4991.0 MiB,1178.0 MiB,9625.8 MiB,4096.0 MiB,3292.6 MiB,803.4 MiB,14034.7 MiB,,0,03.71
10,2023-01-17,nbody_50000000_v4_original,19.0.2,nbody.java 50000000,0,1701450747,268178,java,0.2,7236046848,42115072,29483008,125.0,0.3,20,6,0:00,0,0,365961216,0,4264960,0,42115072,290,1,286,3,0,17.2,2.2,0.0,80.6,0.0,0.0,0.0,0.0,15794.9 MiB,4987.3 MiB,1174.8 MiB,9632.8 MiB,4096.0 MiB,3292.6 MiB,803.4 MiB,14031.0 MiB,,0,00.20
10,2023-01-17,nbody_50000000_v4_original,19.0.2,nbody.java 50000000,1,1701450748,268178,java,1.36,7236046848,42115072,29483008,93.8,0.3,20,6,0:01,0,0,365961216,0,4265984,0,42115072,290,1,286,3,0,12.5,0.8,0.0,86.7,0.0,0.0,0.0,0.0,15794.9 MiB,4986.8 MiB,1175.2 MiB,9632.8 MiB,4096.0 MiB,3292.6 MiB,803.4 MiB,14030.5 MiB,,0,01.36
10,2023-01-17,nbody_50000000_v4_original,19.0.2,nbody.java 50000000,2,1701450749,268178,java,2.54,7236046848,42115072,29483008,106.7,0.3,20,6,0:02,0,0,365961216,0,4265984,0,42115072,290,1,286,3,0,13.1,0.8,0.0,86.2,0.0,0.0,0.0,0.0,15794.9 MiB,4986.8 MiB,1182.2 MiB,9625.8 MiB,4096.0 MiB,3292.6 MiB,803.4 MiB,14030.5 MiB,,0,02.54
10,2023-01-17,nbody_50000000_v4_original,19.0.2,nbody.java 50000000,3,1701450751,268178,java,3.7,7236046848,42115072,29483008,100.0,0.3,20,6,0:03,0,0,365961216,0,4265984,0,42115072,290,1,286,3,0,13.2,0.8,0.0,86.0,0.0,0.0,0.0,0.0,15794.9 MiB,4986.3 MiB,1182.7 MiB,9625.8 MiB,4096.0 MiB,3292.6 MiB,803.4 MiB,14030.0 MiB,,0,03.70
1,2023-07-18,nbody_50000000_v4_original,20.0.2,nbody.java 50000000,0,1701451197,269318,java,0.2,7097790464,41152512,20910080,125.0,0.2,19,1,0:00,0,0,369381376,0,6012928,0,41152512,289,1,285,3,0,17.3,2.3,0.0,80.5,0.0,0.0,0.0,0.0,15794.9 MiB,4989.4 MiB,1189.3 MiB,9616.1 MiB,4096.0 MiB,3292.6 MiB,803.4 MiB,14018.8 MiB,,0,00.20
1,2023-07-18,nbody_50000000_v4_original,20.0.2,nbody.java 50000000,1,1701451198,269318,java,1.37,7097790464,41152512,20910080,106.7,0.2,19,1,0:01,0,0,369381376,0,6012928,0,41152512,290,1,286,3,0,13.1,0.8,0.0,86.2,0.0,0.0,0.0,0.0,15794.9 MiB,4988.4 MiB,1189.9 MiB,9616.5 MiB,4096.0 MiB,3292.6 MiB,803.4 MiB,14017.9 MiB,,0,01.37
1,2023-07-18,nbody_50000000_v4_original,20.0.2,nbody.java 50000000,2,1701451199,269318,java,2.54,7097790464,41152512,20910080,106.7,0.2,19,1,0:02,0,0,369381376,0,6012928,0,41152512,290,1,286,3,0,14.6,0.0,0.0,85.4,0.0,0.0,0.0,0.0,15794.9 MiB,4996.0 MiB,1189.3 MiB,9609.5 MiB,4096.0 MiB,3292.6 MiB,803.4 MiB,14025.5 MiB,,0,02.54
1,2023-07-18,nbody_50000000_v4_original,20.0.2,nbody.java 50000000,3,1701451201,269318,java,3.71,7097790464,41152512,20910080,100.0,0.2,19,1,0:03,0,0,369381376,0,6012928,0,41152512,290,1,286,3,0,12.3,1.5,0.0,86.2,0.0,0.0,0.0,0.0,15794.9 MiB,4995.8 MiB,1189.5 MiB,9609.5 MiB,4096.0 MiB,3292.6 MiB,803.4 MiB,14025.2 MiB,,0,03.71
2,2023-07-18,nbody_50000000_v4_original,20.0.2,nbody.java 50000000,0,1701451202,269366,java,0.21,7029633024,41877504,21606400,111.8,0.3,18,3,0:00,0,0,368140288,0,6009856,0,41877504,290,1,286,3,0,17.2,2.2,0.0,80.6,0.0,0.0,0.0,0.0,15794.9 MiB,4991.9 MiB,1186.4 MiB,9616.5 MiB,4096.0 MiB,3292.6 MiB,803.4 MiB,14021.4 MiB,,0,00.21
2,2023-07-18,nbody_50000000_v4_original,20.0.2,nbody.java 50000000,1,1701451203,269366,java,1.38,7029633024,41877504,21606400,106.7,0.3,18,3,0:01,0,0,368140288,0,6009856,0,41877504,290,1,286,3,0,13.1,0.8,0.0,86.2,0.0,0.0,0.0,0.0,15794.9 MiB,4992.9 MiB,1185.5 MiB,9616.5 MiB,4096.0 MiB,3292.6 MiB,803.4 MiB,14022.3 MiB,,0,01.38
2,2023-07-18,nbody_50000000_v4_original,20.0.2,nbody.java 50000000,2,1701451204,269366,java,2.54,7029633024,41877504,21606400,100.0,0.3,18,3,0:02,0,0,368140288,0,6009856,0,41877504,290,1,286,3,0,12.4,0.8,0.0,86.8,0.0,0.0,0.0,0.0,15794.9 MiB,4991.9 MiB,1186.4 MiB,9616.5 MiB,4096.0 MiB,3292.6 MiB,803.4 MiB,14021.4 MiB,,0,02.54
2,2023-07-18,nbody_50000000_v4_original,20.0.2,nbody.java 50000000,3,1701451205,269366,java,3.72,7029633024,41877504,21606400,106.7,0.3,18,3,0:03,0,0,368140288,0,6009856,0,41877504,290,1,286,3,0,12.4,0.8,0.0,86.8,0.0,0.0,0.0,0.0,15794.9 MiB,4998.8 MiB,1186.5 MiB,9609.5 MiB,4096.0 MiB,3292.6 MiB,803.4 MiB,14028.3 MiB,,0,03.72
3,2023-07-18,nbody_50000000_v4_original,20.0.2,nbody.java 50000000,0,1701451206,269408,java,0.2,7029633024,41648128,21426176,118.8,0.3,18,3,0:00,0,0,368140288,0,6005760,0,41648128,290,1,286,3,0,16.4,3.0,0.0,79.9,0.0,0.0,0.7,0.0,15794.9 MiB,4998.8 MiB,1179.4 MiB,9616.6 MiB,4096.0 MiB,3292.6 MiB,803.4 MiB,14028.3 MiB,,0,00.20
3,2023-07-18,nbody_50000000_v4_original,20.0.2,nbody.java 50000000,1,1701451208,269408,java,1.37,7029633024,41648128,21426176,100.0,0.3,18,3,0:01,0,0,368140288,0,6005760,0,41648128,290,1,286,3,0,13.2,0.8,0.0,86.0,0.0,0.0,0.0,0.0,15794.9 MiB,4997.9 MiB,1180.4 MiB,9616.6 MiB,4096.0 MiB,3292.6 MiB,803.4 MiB,14027.3 MiB,,0,01.37
3,2023-07-18,nbody_50000000_v4_original,20.0.2,nbody.java 50000000,2,1701451209,269408,java,2.54,7029633024,41648128,21426176,100.0,0.3,18,3,0:02,0,0,368140288,0,6005760,0,41648128,290,1,286,3,0,12.5,0.8,0.0,86.7,0.0,0.0,0.0,0.0,15794.9 MiB,5005.0 MiB,1180.2 MiB,9609.6 MiB,4096.0 MiB,3292.6 MiB,803.4 MiB,14034.5 MiB,,0,02.54
3,2023-07-18,nbody_50000000_v4_original,20.0.2,nbody.java 50000000,3,1701451210,269408,java,3.71,7029633024,41648128,21426176,100.0,0.3,18,3,0:03,0,0,368140288,0,6005760,0,41648128,290,1,286,3,0,12.5,0.8,0.0,86.7,0.0,0.0,0.0,0.0,15794.9 MiB,5003.5 MiB,1181.7 MiB,9609.6 MiB,4096.0 MiB,3292.6 MiB,803.4 MiB,14033.0 MiB,,0,03.71
4,2023-07-18,nbody_50000000_v4_original,20.0.2,nbody.java 50000000,0,1701451211,269450,java,0.19,7029633024,40972288,21217280,112.5,0.2,18,7,0:00,0,0,367411200,0,5672960,0,40972288,290,1,286,3,0,15.2,2.3,0.0,82.6,0.0,0.0,0.0,0.0,15794.9 MiB,5002.1 MiB,1176.2 MiB,9616.6 MiB,4096.0 MiB,3292.6 MiB,803.4 MiB,14031.6 MiB,,0,00.19
4,2023-07-18,nbody_50000000_v4_original,20.0.2,nbody.java 50000000,1,1701451212,269450,java,1.36,7029633024,40972288,21217280,100.0,0.2,18,7,0:01,0,0,367411200,0,5672960,0,40972288,290,1,286,3,0,12.5,0.8,0.0,86.7,0.0,0.0,0.0,0.0,15794.9 MiB,5001.1 MiB,1177.2 MiB,9616.5 MiB,4096.0 MiB,3292.6 MiB,803.4 MiB,14030.6 MiB,,0,01.36
4,2023-07-18,nbody_50000000_v4_original,20.0.2,nbody.java 50000000,2,1701451213,269450,java,2.53,7029633024,40972288,21217280,100.0,0.2,18,7,0:02,0,0,367411200,0,5672960,0,40972288,290,1,286,3,0,12.5,0.8,0.0,86.7,0.0,0.0,0.0,0.0,15794.9 MiB,5008.8 MiB,1176.6 MiB,9609.5 MiB,4096.0 MiB,3292.6 MiB,803.4 MiB,14038.3 MiB,,0,02.53
4,2023-07-18,nbody_50000000_v4_original,20.0.2,nbody.java 50000000,3,1701451215,269450,java,3.69,7029633024,40972288,21217280,100.0,0.2,18,7,0:03,0,0,367411200,0,5672960,0,40972288,290,1,286,3,0,13.2,0.0,0.0,86.8,0.0,0.0,0.0,0.0,15794.9 MiB,5008.0 MiB,1177.3 MiB,9609.5 MiB,4096.0 MiB,3292.6 MiB,803.4 MiB,14037.5 MiB,,0,03.69
5,2023-07-18,nbody_50000000_v4_original,20.0.2,nbody.java 50000000,0,1701451216,269492,java,0.2,7029633024,41426944,21164032,125.0,0.3,18,6,0:00,0,0,368103424,0,5960704,0,41426944,290,1,286,3,0,16.7,2.3,0.0,80.3,0.8,0.0,0.0,0.0,15794.9 MiB,4999.4 MiB,1179.0 MiB,9616.5 MiB,4096.0 MiB,3292.6 MiB,803.4 MiB,14028.9 MiB,,0,00.20
5,2023-07-18,nbody_50000000_v4_original,20.0.2,nbody.java 50000000,1,1701451217,269492,java,1.36,7029633024,41426944,21164032,100.0,0.3,18,6,0:01,0,0,368103424,0,5960704,0,41426944,290,1,286,3,0,12.5,1.6,0.0,85.9,0.0,0.0,0.0,0.0,15794.9 MiB,4999.4 MiB,1178.9 MiB,9616.5 MiB,4096.0 MiB,3292.6 MiB,803.4 MiB,14028.9 MiB,,0,01.36
5,2023-07-18,nbody_50000000_v4_original,20.0.2,nbody.java 50000000,2,1701451218,269492,java,2.54,7029633024,41426944,21164032,100.0,0.3,18,6,0:02,0,0,368103424,0,5960704,0,41426944,290,1,286,3,0,13.1,0.8,0.0,86.2,0.0,0.0,0.0,0.0,15794.9 MiB,4999.2 MiB,1186.0 MiB,9609.7 MiB,4096.0 MiB,3292.6 MiB,803.4 MiB,14028.7 MiB,,0,02.54
5,2023-07-18,nbody_50000000_v4_original,20.0.2,nbody.java 50000000,3,1701451219,269492,java,3.7,7029633024,41426944,21164032,93.8,0.3,18,6,0:03,0,0,368103424,0,5960704,0,41426944,290,1,286,3,0,12.4,0.8,0.0,86.8,0.0,0.0,0.0,0.0,15794.9 MiB,4999.2 MiB,1186.2 MiB,9609.5 MiB,4096.0 MiB,3292.6 MiB,803.4 MiB,14028.7 MiB,,0,03.70
6,2023-07-18,nbody_50000000_v4_original,20.0.2,nbody.java 50000000,0,1701451220,269534,java,0.21,7029633024,41029632,21000192,125.0,0.2,18,6,0:00,0,0,368140288,0,5991424,0,41029632,290,1,286,3,0,17.4,3.6,0.0,79.0,0.0,0.0,0.0,0.0,15794.9 MiB,5002.4 MiB,1175.9 MiB,9616.5 MiB,4096.0 MiB,3292.6 MiB,803.4 MiB,14031.9 MiB,,0,00.21
6,2023-07-18,nbody_50000000_v4_original,20.0.2,nbody.java 50000000,1,1701451222,269534,java,1.38,7029633024,41029632,21000192,100.0,0.2,18,6,0:01,0,0,368140288,0,5991424,0,41029632,290,1,286,3,0,13.1,1.5,0.0,84.6,0.8,0.0,0.0,0.0,15794.9 MiB,5001.7 MiB,1176.6 MiB,9616.5 MiB,4096.0 MiB,3292.6 MiB,803.4 MiB,14031.2 MiB,,0,01.38
6,2023-07-18,nbody_50000000_v4_original,20.0.2,nbody.java 50000000,2,1701451223,269534,java,2.54,7029633024,41029632,21000192,93.8,0.2,18,6,0:02,0,0,368140288,0,5991424,0,41029632,290,1,286,3,0,12.4,0.8,0.0,86.8,0.0,0.0,0.0,0.0,15794.9 MiB,5003.7 MiB,1181.7 MiB,9609.5 MiB,4096.0 MiB,3292.6 MiB,803.4 MiB,14033.2 MiB,,0,02.54
6,2023-07-18,nbody_50000000_v4_original,20.0.2,nbody.java 50000000,3,1701451224,269534,java,3.71,7029633024,41029632,21000192,93.8,0.2,18,6,0:03,0,0,368140288,0,5991424,0,41029632,290,1,286,3,0,12.5,0.0,0.0,87.5,0.0,0.0,0.0,0.0,15794.9 MiB,5003.7 MiB,1181.7 MiB,9609.5 MiB,4096.0 MiB,3292.6 MiB,803.4 MiB,14033.2 MiB,,0,03.71
7,2023-07-18,nbody_50000000_v4_original,20.0.2,nbody.java 50000000,0,1701451225,269576,java,0.2,7029633024,41639936,21217280,118.8,0.3,18,3,0:00,0,0,368103424,0,5966848,0,41639936,290,1,286,3,0,16.5,3.0,0.0,80.5,0.0,0.0,0.0,0.0,15794.9 MiB,5004.5 MiB,1173.9 MiB,9616.5 MiB,4096.0 MiB,3292.6 MiB,803.4 MiB,14034.0 MiB,,0,00.20
7,2023-07-18,nbody_50000000_v4_original,20.0.2,nbody.java 50000000,1,1701451226,269576,java,1.36,7029633024,41639936,21217280,93.8,0.3,18,3,0:01,0,0,368103424,0,5966848,0,41639936,290,1,286,3,0,12.4,0.8,0.0,86.8,0.0,0.0,0.0,0.0,15794.9 MiB,5003.8 MiB,1174.6 MiB,9616.5 MiB,4096.0 MiB,3292.6 MiB,803.4 MiB,14033.3 MiB,,0,01.36
7,2023-07-18,nbody_50000000_v4_original,20.0.2,nbody.java 50000000,2,1701451227,269576,java,2.54,7029633024,41639936,21217280,100.0,0.3,18,3,0:02,0,0,368103424,0,5966848,0,41639936,290,1,286,3,0,13.1,1.5,0.0,85.4,0.0,0.0,0.0,0.0,15794.9 MiB,5003.3 MiB,1182.1 MiB,9609.5 MiB,4096.0 MiB,3292.6 MiB,803.4 MiB,14032.8 MiB,,0,02.54
7,2023-07-18,nbody_50000000_v4_original,20.0.2,nbody.java 50000000,3,1701451229,269576,java,3.71,7029633024,41639936,21217280,106.7,0.3,18,3,0:03,0,0,368103424,0,5966848,0,41639936,290,1,286,3,0,12.3,1.5,0.0,86.2,0.0,0.0,0.0,0.0,15794.9 MiB,5002.8 MiB,1182.6 MiB,9609.5 MiB,4096.0 MiB,3292.6 MiB,803.4 MiB,14032.3 MiB,,0,03.71
8,2023-07-18,nbody_50000000_v4_original,20.0.2,nbody.java 50000000,0,1701451230,269618,java,0.21,7029633024,41680896,21233664,125.0,0.3,18,7,0:00,0,0,368103424,0,5959680,0,41680896,290,1,286,3,0,15.8,3.8,0.0,80.5,0.0,0.0,0.0,0.0,15794.9 MiB,4991.7 MiB,1186.7 MiB,9616.5 MiB,4096.0 MiB,3292.6 MiB,803.4 MiB,14021.2 MiB,,0,00.21
8,2023-07-18,nbody_50000000_v4_original,20.0.2,nbody.java 50000000,1,1701451231,269618,java,1.37,7029633024,41680896,21233664,100.0,0.3,18,7,0:01,0,0,368103424,0,5959680,0,41680896,290,1,286,3,0,12.5,0.8,0.0,86.7,0.0,0.0,0.0,0.0,15794.9 MiB,4991.4 MiB,1186.9 MiB,9616.5 MiB,4096.0 MiB,3292.6 MiB,803.4 MiB,14021.0 MiB,,0,01.37
8,2023-07-18,nbody_50000000_v4_original,20.0.2,nbody.java 50000000,2,1701451232,269618,java,2.54,7029633024,41680896,21233664,100.0,0.3,18,7,0:02,0,0,368103424,0,5959680,0,41680896,290,1,286,3,0,13.2,0.8,0.0,86.0,0.0,0.0,0.0,0.0,15794.9 MiB,4993.3 MiB,1191.9 MiB,9609.7 MiB,4096.0 MiB,3292.6 MiB,803.4 MiB,14022.8 MiB,,0,02.54
8,2023-07-18,nbody_50000000_v4_original,20.0.2,nbody.java 50000000,3,1701451233,269618,java,3.71,7029633024,41680896,21233664,100.0,0.3,18,7,0:03,0,0,368103424,0,5959680,0,41680896,290,1,286,3,0,12.4,0.8,0.0,86.8,0.0,0.0,0.0,0.0,15794.9 MiB,4992.2 MiB,1193.1 MiB,9609.6 MiB,4096.0 MiB,3292.6 MiB,803.4 MiB,14021.7 MiB,,0,03.71
9,2023-07-18,nbody_50000000_v4_original,20.0.2,nbody.java 50000000,0,1701451235,269664,java,0.21,7029633024,41635840,21233664,117.6,0.3,18,6,0:00,0,0,368103424,0,5955584,0,41635840,289,1,285,3,0,16.3,3.0,0.0,80.7,0.0,0.0,0.0,0.0,15794.9 MiB,4982.9 MiB,1195.5 MiB,9616.5 MiB,4096.0 MiB,3292.6 MiB,803.4 MiB,14012.4 MiB,,0,00.21
9,2023-07-18,nbody_50000000_v4_original,20.0.2,nbody.java 50000000,1,1701451236,269664,java,1.38,7029633024,41635840,21233664,100.0,0.3,18,6,0:01,0,0,368103424,0,5955584,0,41635840,289,1,285,3,0,12.4,0.8,0.0,86.8,0.0,0.0,0.0,0.0,15794.9 MiB,4981.9 MiB,1196.4 MiB,9616.6 MiB,4096.0 MiB,3292.6 MiB,803.4 MiB,14011.5 MiB,,0,01.38
9,2023-07-18,nbody_50000000_v4_original,20.0.2,nbody.java 50000000,2,1701451237,269664,java,2.55,7029633024,41635840,21233664,93.8,0.3,18,6,0:02,0,0,368103424,0,5955584,0,41635840,289,1,285,3,0,12.4,0.8,0.0,86.8,0.0,0.0,0.0,0.0,15794.9 MiB,4988.6 MiB,1196.7 MiB,9609.6 MiB,4096.0 MiB,3292.6 MiB,803.4 MiB,14018.1 MiB,,0,02.55
9,2023-07-18,nbody_50000000_v4_original,20.0.2,nbody.java 50000000,3,1701451238,269664,java,3.71,7029633024,41635840,21233664,100.0,0.3,18,6,0:03,0,0,368103424,0,5955584,0,41635840,289,1,285,3,0,12.6,0.0,0.0,87.4,0.0,0.0,0.0,0.0,15794.9 MiB,4987.6 MiB,1197.7 MiB,9609.6 MiB,4096.0 MiB,3292.6 MiB,803.4 MiB,14017.1 MiB,,0,03.71
10,2023-07-18,nbody_50000000_v4_original,20.0.2,nbody.java 50000000,0,1701451239,269706,java,0.21,7029633024,41234432,21164032,131.2,0.2,18,0,0:00,0,0,367976448,0,5953536,0,41234432,289,1,285,3,0,18.3,0.8,0.0,80.9,0.0,0.0,0.0,0.0,15794.9 MiB,4985.4 MiB,1193.1 MiB,9616.4 MiB,4096.0 MiB,3292.6 MiB,803.4 MiB,14014.9 MiB,,0,00.21
10,2023-07-18,nbody_50000000_v4_original,20.0.2,nbody.java 50000000,1,1701451240,269706,java,1.37,7029633024,41234432,21164032,100.0,0.2,18,0,0:01,0,0,367976448,0,5953536,0,41234432,289,1,285,3,0,13.1,0.8,0.0,86.2,0.0,0.0,0.0,0.0,15794.9 MiB,4985.1 MiB,1193.2 MiB,9616.6 MiB,4096.0 MiB,3292.6 MiB,803.4 MiB,14014.7 MiB,,0,01.37
10,2023-07-18,nbody_50000000_v4_original,20.0.2,nbody.java 50000000,2,1701451242,269706,java,2.55,7029633024,41234432,21164032,100.0,0.2,18,0,0:02,0,0,367976448,0,5953536,0,41234432,289,1,285,3,0,13.2,0.8,0.0,86.0,0.0,0.0,0.0,0.0,15794.9 MiB,4984.4 MiB,1200.9 MiB,9609.6 MiB,4096.0 MiB,3292.6 MiB,803.4 MiB,14013.9 MiB,,0,02.55
10,2023-07-18,nbody_50000000_v4_original,20.0.2,nbody.java 50000000,3,1701451243,269706,java,3.71,7029633024,41234432,21164032,93.8,0.2,18,0,0:03,0,0,367976448,0,5953536,0,41234432,289,1,285,3,0,13.1,0.8,0.0,86.2,0.0,0.0,0.0,0.0,15794.9 MiB,4983.2 MiB,1202.1 MiB,9609.6 MiB,4096.0 MiB,3292.6 MiB,803.4 MiB,14012.7 MiB,,0,03.71
