version,appplication,no_measurement,timestamp,pid,command,time,virt,res,shr,percent_cpu,percent_mem,nTH,P,TIME,SWAP,CODE,DATA,nMaj,nMin,nDRT,USED,tasks_total,tasks_running,tasks_sleeping,tasks_stopped,tasks_zombie,cpu_us,cpu_sy,cpu_ni,cpu_id,cpu_wa,cpu_hi,cpu_si,cpu_st,mem_total,mem_free,mem_used,mem_buff_cache,swap_total,swap_free,swap_used,swap_avail,
Python 3.10.11,nbody.py 50000000,0,1691276791,624723,python,0:00.09,16368,8420,5676,52.9,0.1,1,5,0:00,0,4,3580,31,1823,0,8420,296,2,278,16,0,17.3,8.3,0.0,72.9,1.5,0.0,0.0,0.0,15795.0 MiB,12356.2 MiB,945.3 MiB,2493.5 MiB,4096.0 MiB,2777.0 MiB,1319.0 MiB,14252.1 MiB
Python 3.10.11,nbody.py 50000000,1,1691276793,624723,python,0:01.27,16368,8420,5676,100.0,0.1,1,1,0:01,0,4,3580,31,1823,0,8420,296,2,278,16,0,12.9,1.5,0.0,85.6,0.0,0.0,0.0,0.0,15795.0 MiB,12355.9 MiB,944.8 MiB,2494.2 MiB,4096.0 MiB,2777.0 MiB,1319.0 MiB,14252.5 MiB
Python 3.10.11,nbody.py 50000000,2,1691276794,624723,python,0:02.44,16368,8420,5676,100.0,0.1,1,1,0:02,0,4,3580,31,1823,0,8420,296,2,278,16,0,13.1,0.8,0.0,86.2,0.0,0.0,0.0,0.0,15795.0 MiB,12359.6 MiB,948.1 MiB,2487.3 MiB,4096.0 MiB,2777.0 MiB,1319.0 MiB,14256.2 MiB
Python 3.10.11,nbody.py 50000000,3,1691276795,624723,python,0:03.60,16368,8420,5676,93.8,0.1,1,1,0:03,0,4,3580,31,1823,0,8420,296,2,278,16,0,12.4,0.8,0.0,86.8,0.0,0.0,0.0,0.0,15795.0 MiB,12358.1 MiB,949.6 MiB,2487.3 MiB,4096.0 MiB,2777.0 MiB,1319.0 MiB,14254.8 MiB
Python 3.10.11,nbody.py 50000000,4,1691276796,624723,python,0:04.78,16368,8420,5676,100.0,0.1,1,5,0:04,0,4,3580,31,1823,0,8420,296,2,278,16,0,13.1,0.8,0.0,86.2,0.0,0.0,0.0,0.0,15795.0 MiB,12357.9 MiB,949.8 MiB,2487.3 MiB,4096.0 MiB,2777.0 MiB,1319.0 MiB,14254.5 MiB
Python 3.10.11,nbody.py 50000000,5,1691276797,624723,python,0:05.95,16368,8420,5676,100.0,0.1,1,5,0:05,0,4,3580,31,1823,0,8420,296,2,278,16,0,13.8,0.8,0.0,85.4,0.0,0.0,0.0,0.0,15795.0 MiB,12357.7 MiB,950.1 MiB,2487.3 MiB,4096.0 MiB,2777.0 MiB,1319.0 MiB,14254.3 MiB
Python 3.10.11,nbody.py 50000000,6,1691276798,624723,python,0:07.12,16368,8420,5676,100.0,0.1,1,5,0:07,0,4,3580,31,1823,0,8420,296,2,278,16,0,13.2,0.0,0.0,85.3,1.6,0.0,0.0,0.0,15795.0 MiB,12356.9 MiB,950.8 MiB,2487.3 MiB,4096.0 MiB,2777.0 MiB,1319.0 MiB,14253.5 MiB
Python 3.10.11,nbody.py 50000000,7,1691276800,624723,python,0:08.29,16368,8420,5676,100.0,0.1,1,5,0:08,0,4,3580,31,1823,0,8420,296,2,278,16,0,13.1,0.8,0.0,86.2,0.0,0.0,0.0,0.0,15795.0 MiB,12356.9 MiB,950.8 MiB,2487.3 MiB,4096.0 MiB,2777.0 MiB,1319.0 MiB,14253.5 MiB
Python 3.10.11,nbody.py 50000000,8,1691276801,624723,python,0:09.46,16368,8420,5676,100.0,0.1,1,5,0:09,0,4,3580,31,1823,0,8420,296,2,278,16,0,12.3,1.5,0.0,86.2,0.0,0.0,0.0,0.0,15795.0 MiB,12357.2 MiB,950.6 MiB,2487.3 MiB,4096.0 MiB,2777.0 MiB,1319.0 MiB,14253.8 MiB
Python 3.10.11,nbody.py 50000000,9,1691276802,624723,python,0:10.63,16368,8420,5676,100.0,0.1,1,5,0:10,0,4,3580,31,1823,0,8420,296,2,278,16,0,13.1,0.8,0.0,86.2,0.0,0.0,0.0,0.0,15795.0 MiB,12357.2 MiB,950.6 MiB,2487.3 MiB,4096.0 MiB,2777.0 MiB,1319.0 MiB,14253.8 MiB
Python 3.10.11,nbody.py 50000000,10,1691276803,624723,python,0:11.80,16368,8420,5676,100.0,0.1,1,5,0:11,0,4,3580,31,1823,0,8420,296,2,278,16,0,13.0,0.8,0.0,85.5,0.8,0.0,0.0,0.0,15795.0 MiB,12357.2 MiB,950.5 MiB,2487.3 MiB,4096.0 MiB,2777.0 MiB,1319.0 MiB,14253.8 MiB
Python 3.10.11,nbody.py 50000000,11,1691276804,624723,python,0:12.97,16368,8420,5676,100.0,0.1,1,5,0:12,0,4,3580,31,1823,0,8420,296,2,278,16,0,13.2,0.8,0.0,86.0,0.0,0.0,0.0,0.0,15795.0 MiB,12356.9 MiB,950.8 MiB,2487.3 MiB,4096.0 MiB,2777.0 MiB,1319.0 MiB,14253.6 MiB
Python 3.10.11,nbody.py 50000000,12,1691276805,624723,python,0:14.14,16368,8420,5676,100.0,0.1,1,5,0:14,0,4,3580,31,1823,0,8420,296,2,278,16,0,12.4,0.8,0.0,86.8,0.0,0.0,0.0,0.0,15795.0 MiB,12356.9 MiB,950.8 MiB,2487.3 MiB,4096.0 MiB,2777.0 MiB,1319.0 MiB,14253.6 MiB
Python 3.10.11,nbody.py 50000000,13,1691276807,624723,python,0:15.31,16368,8420,5676,93.8,0.1,1,5,0:15,0,4,3580,31,1823,0,8420,296,2,278,16,0,13.7,0.0,0.0,86.3,0.0,0.0,0.0,0.0,15795.0 MiB,12356.2 MiB,951.5 MiB,2487.3 MiB,4096.0 MiB,2777.0 MiB,1319.0 MiB,14252.9 MiB
Python 3.10.11,nbody.py 50000000,14,1691276808,624723,python,0:16.49,16368,8420,5676,100.0,0.1,1,5,0:16,0,4,3580,31,1823,0,8420,297,2,279,16,0,13.4,1.5,0.0,85.1,0.0,0.0,0.0,0.0,15795.0 MiB,12355.2 MiB,952.4 MiB,2487.3 MiB,4096.0 MiB,2777.0 MiB,1319.0 MiB,14251.9 MiB
Python 3.10.11,nbody.py 50000000,15,1691276809,624723,python,0:17.66,16368,8420,5676,100.0,0.1,1,5,0:17,0,4,3580,31,1823,0,8420,296,2,278,16,0,12.5,0.0,0.0,87.5,0.0,0.0,0.0,0.0,15795.0 MiB,12355.0 MiB,952.7 MiB,2487.3 MiB,4096.0 MiB,2777.0 MiB,1319.0 MiB,14251.6 MiB
Python 3.10.11,nbody.py 50000000,16,1691276810,624723,python,0:18.83,16368,8420,5676,100.0,0.1,1,5,0:18,0,4,3580,31,1823,0,8420,296,2,278,16,0,13.0,1.5,0.0,85.5,0.0,0.0,0.0,0.0,15795.0 MiB,12355.0 MiB,952.7 MiB,2487.3 MiB,4096.0 MiB,2777.0 MiB,1319.0 MiB,14251.6 MiB
Python 3.10.11,nbody.py 50000000,17,1691276811,624723,python,0:20.00,16368,8420,5676,100.0,0.1,1,5,0:20,0,4,3580,31,1823,0,8420,296,2,278,16,0,12.4,1.6,0.0,86.0,0.0,0.0,0.0,0.0,15795.0 MiB,12355.0 MiB,952.7 MiB,2487.3 MiB,4096.0 MiB,2777.3 MiB,1318.7 MiB,14251.6 MiB
Python 3.10.11,nbody.py 50000000,18,1691276812,624723,python,0:21.17,16368,8420,5676,100.0,0.1,1,1,0:21,0,4,3580,31,1823,0,8420,296,2,278,16,0,13.2,0.0,0.0,86.8,0.0,0.0,0.0,0.0,15795.0 MiB,12355.2 MiB,952.4 MiB,2487.3 MiB,4096.0 MiB,2777.3 MiB,1318.7 MiB,14251.9 MiB
Python 3.10.11,nbody.py 50000000,19,1691276814,624723,python,0:22.34,16368,8420,5676,100.0,0.1,1,1,0:22,0,4,3580,31,1823,0,8420,296,2,278,16,0,13.8,0.0,0.0,86.2,0.0,0.0,0.0,0.0,15795.0 MiB,12355.2 MiB,952.4 MiB,2487.3 MiB,4096.0 MiB,2777.3 MiB,1318.7 MiB,14251.9 MiB
Python 3.10.11,nbody.py 50000000,20,1691276815,624723,python,0:23.51,16368,8420,5676,100.0,0.1,1,1,0:23,0,4,3580,31,1823,0,8420,296,2,278,16,0,13.8,0.8,0.0,85.4,0.0,0.0,0.0,0.0,15795.0 MiB,12355.2 MiB,952.4 MiB,2487.3 MiB,4096.0 MiB,2777.3 MiB,1318.7 MiB,14251.9 MiB
Python 3.10.11,nbody.py 50000000,21,1691276816,624723,python,0:24.68,16368,8420,5676,100.0,0.1,1,1,0:24,0,4,3580,31,1823,0,8420,296,2,278,16,0,12.4,0.8,0.0,86.8,0.0,0.0,0.0,0.0,15795.0 MiB,12355.0 MiB,952.7 MiB,2487.3 MiB,4096.0 MiB,2777.3 MiB,1318.7 MiB,14251.7 MiB
Python 3.10.11,nbody.py 50000000,22,1691276817,624723,python,0:25.85,16368,8420,5676,100.0,0.1,1,1,0:25,0,4,3580,31,1823,0,8420,296,2,278,16,0,13.1,0.8,0.0,86.2,0.0,0.0,0.0,0.0,15795.0 MiB,12355.2 MiB,952.4 MiB,2487.3 MiB,4096.0 MiB,2777.3 MiB,1318.7 MiB,14251.9 MiB
Python 3.10.11,nbody.py 50000000,23,1691276818,624723,python,0:27.02,16368,8420,5676,100.0,0.1,1,1,0:27,0,4,3580,31,1823,0,8420,296,2,278,16,0,13.7,0.8,0.0,85.5,0.0,0.0,0.0,0.0,15795.0 MiB,12355.5 MiB,952.2 MiB,2487.3 MiB,4096.0 MiB,2777.3 MiB,1318.7 MiB,14252.2 MiB
Python 3.10.11,nbody.py 50000000,24,1691276819,624723,python,0:28.20,16368,8420,5676,100.0,0.1,1,1,0:28,0,4,3580,31,1823,0,8420,296,2,278,16,0,13.0,0.8,0.0,86.3,0.0,0.0,0.0,0.0,15795.0 MiB,12355.5 MiB,952.2 MiB,2487.4 MiB,4096.0 MiB,2777.3 MiB,1318.7 MiB,14252.2 MiB
Python 3.10.11,nbody.py 50000000,25,1691276821,624723,python,0:29.37,16368,8420,5676,100.0,0.1,1,1,0:29,0,4,3580,31,1823,0,8420,296,2,278,16,0,12.9,1.5,0.0,84.8,0.8,0.0,0.0,0.0,15795.0 MiB,12356.0 MiB,951.7 MiB,2487.4 MiB,4096.0 MiB,2777.3 MiB,1318.7 MiB,14252.7 MiB
Python 3.10.11,nbody.py 50000000,26,1691276822,624723,python,0:30.54,16368,8420,5676,100.0,0.1,1,1,0:30,0,4,3580,31,1823,0,8420,296,2,278,16,0,13.0,0.8,0.0,86.3,0.0,0.0,0.0,0.0,15795.0 MiB,12356.0 MiB,951.7 MiB,2487.4 MiB,4096.0 MiB,2777.3 MiB,1318.7 MiB,14252.7 MiB
Python 3.10.11,nbody.py 50000000,27,1691276823,624723,python,0:31.71,16368,8420,5676,93.8,0.1,1,1,0:31,0,4,3580,31,1823,0,8420,296,2,278,16,0,12.2,1.5,0.0,86.3,0.0,0.0,0.0,0.0,15795.0 MiB,12355.7 MiB,951.9 MiB,2487.4 MiB,4096.0 MiB,2777.3 MiB,1318.7 MiB,14252.4 MiB
Python 3.10.11,nbody.py 50000000,28,1691276824,624723,python,0:32.88,16368,8420,5676,93.8,0.1,1,1,0:32,0,4,3580,31,1823,0,8420,296,2,278,16,0,13.5,1.5,0.0,85.0,0.0,0.0,0.0,0.0,15795.0 MiB,12356.2 MiB,951.4 MiB,2487.4 MiB,4096.0 MiB,2777.3 MiB,1318.7 MiB,14252.9 MiB
Python 3.10.11,nbody.py 50000000,29,1691276825,624723,python,0:34.06,16368,8420,5676,100.0,0.1,1,1,0:34,0,4,3580,31,1823,0,8420,296,2,278,16,0,12.9,0.8,0.0,86.4,0.0,0.0,0.0,0.0,15795.0 MiB,12356.2 MiB,951.4 MiB,2487.4 MiB,4096.0 MiB,2777.3 MiB,1318.7 MiB,14252.9 MiB
Python 3.10.11,nbody.py 50000000,30,1691276827,624723,python,0:35.23,16368,8420,5676,100.0,0.1,1,1,0:35,0,4,3580,31,1823,0,8420,296,2,278,16,0,13.5,1.5,0.0,84.2,0.8,0.0,0.0,0.0,15795.0 MiB,12356.2 MiB,951.4 MiB,2487.4 MiB,4096.0 MiB,2777.3 MiB,1318.7 MiB,14252.9 MiB
Python 3.10.11,nbody.py 50000000,31,1691276828,624723,python,0:36.40,16368,8420,5676,100.0,0.1,1,1,0:36,0,4,3580,31,1823,0,8420,296,2,278,16,0,12.2,1.5,0.0,86.3,0.0,0.0,0.0,0.0,15795.0 MiB,12356.2 MiB,951.4 MiB,2487.4 MiB,4096.0 MiB,2777.3 MiB,1318.7 MiB,14252.9 MiB
Python 3.10.11,nbody.py 50000000,32,1691276829,624723,python,0:37.58,16368,8420,5676,100.0,0.1,1,1,0:37,0,4,3580,31,1823,0,8420,296,2,278,16,0,12.9,1.5,0.0,85.6,0.0,0.0,0.0,0.0,15795.0 MiB,12356.2 MiB,951.4 MiB,2487.4 MiB,4096.0 MiB,2777.3 MiB,1318.7 MiB,14252.9 MiB
Python 3.10.11,nbody.py 50000000,33,1691276830,624723,python,0:38.75,16368,8420,5676,100.0,0.1,1,1,0:38,0,4,3580,31,1823,0,8420,296,2,278,16,0,12.2,0.8,0.0,87.0,0.0,0.0,0.0,0.0,15795.0 MiB,12356.2 MiB,951.4 MiB,2487.4 MiB,4096.0 MiB,2777.3 MiB,1318.7 MiB,14252.9 MiB
Python 3.10.11,nbody.py 50000000,34,1691276831,624723,python,0:39.92,16368,8420,5676,100.0,0.1,1,5,0:39,0,4,3580,31,1823,0,8420,296,2,278,16,0,12.3,0.8,0.0,86.9,0.0,0.0,0.0,0.0,15795.0 MiB,12356.2 MiB,951.4 MiB,2487.4 MiB,4096.0 MiB,2777.3 MiB,1318.7 MiB,14252.9 MiB
Python 3.10.11,nbody.py 50000000,35,1691276832,624723,python,0:41.09,16368,8420,5676,93.8,0.1,1,5,0:41,0,4,3580,31,1823,0,8420,296,2,278,16,0,12.2,0.8,0.0,85.5,1.5,0.0,0.0,0.0,15795.0 MiB,12356.2 MiB,951.4 MiB,2487.4 MiB,4096.0 MiB,2777.3 MiB,1318.7 MiB,14252.9 MiB
Python 3.10.11,nbody.py 50000000,36,1691276834,624723,python,0:42.27,16368,8420,5676,100.0,0.1,1,5,0:42,0,4,3580,31,1823,0,8420,296,2,278,16,0,13.5,2.3,0.0,84.2,0.0,0.0,0.0,0.0,15795.0 MiB,12356.0 MiB,951.6 MiB,2487.4 MiB,4096.0 MiB,2777.3 MiB,1318.7 MiB,14252.7 MiB
Python 3.10.11,nbody.py 50000000,37,1691276835,624723,python,0:43.44,16368,8420,5676,100.0,0.1,1,1,0:43,0,4,3580,31,1823,0,8420,296,2,278,16,0,12.1,1.5,0.0,86.4,0.0,0.0,0.0,0.0,15795.0 MiB,12356.7 MiB,950.9 MiB,2487.4 MiB,4096.0 MiB,2777.3 MiB,1318.7 MiB,14253.4 MiB
Python 3.10.11,nbody.py 50000000,38,1691276836,624723,python,0:44.61,16368,8420,5676,93.8,0.1,1,1,0:44,0,4,3580,31,1823,0,8420,296,2,278,16,0,13.0,0.8,0.0,86.3,0.0,0.0,0.0,0.0,15795.0 MiB,12356.9 MiB,950.6 MiB,2487.4 MiB,4096.0 MiB,2777.3 MiB,1318.7 MiB,14253.7 MiB
Python 3.10.11,nbody.py 50000000,39,1691276837,624723,python,0:45.78,16368,8420,5676,93.8,0.1,1,1,0:45,0,4,3580,31,1823,0,8420,296,2,278,16,0,12.9,1.5,0.0,85.6,0.0,0.0,0.0,0.0,15795.0 MiB,12356.7 MiB,950.9 MiB,2487.4 MiB,4096.0 MiB,2777.3 MiB,1318.7 MiB,14253.5 MiB
Python 3.10.11,nbody.py 50000000,40,1691276838,624723,python,0:46.96,16368,8420,5676,100.0,0.1,1,1,0:46,0,4,3580,31,1823,0,8420,296,2,278,16,0,13.6,0.8,0.0,85.6,0.0,0.0,0.0,0.0,15795.0 MiB,12357.0 MiB,950.6 MiB,2487.4 MiB,4096.0 MiB,2777.3 MiB,1318.7 MiB,14253.7 MiB
Python 3.10.11,nbody.py 50000000,41,1691276839,624723,python,0:48.13,16368,8420,5676,100.0,0.1,1,5,0:48,0,4,3580,31,1823,0,8420,296,2,278,16,0,14.4,0.0,0.0,85.6,0.0,0.0,0.0,0.0,15795.0 MiB,12357.2 MiB,950.4 MiB,2487.4 MiB,4096.0 MiB,2777.3 MiB,1318.7 MiB,14254.0 MiB
Python 3.10.11,nbody.py 50000000,42,1691276841,624723,python,0:49.30,16368,8420,5676,100.0,0.1,1,5,0:49,0,4,3580,31,1823,0,8420,296,2,278,16,0,12.3,1.5,0.0,86.2,0.0,0.0,0.0,0.0,15795.0 MiB,12357.4 MiB,950.1 MiB,2487.4 MiB,4096.0 MiB,2777.3 MiB,1318.7 MiB,14254.2 MiB
Python 3.10.11,nbody.py 50000000,43,1691276842,624723,python,0:50.48,16368,8420,5676,100.0,0.1,1,5,0:50,0,4,3580,31,1823,0,8420,296,2,278,16,0,13.0,0.8,0.0,86.3,0.0,0.0,0.0,0.0,15795.0 MiB,12357.7 MiB,949.9 MiB,2487.4 MiB,4096.0 MiB,2777.3 MiB,1318.7 MiB,14254.4 MiB
Python 3.10.11,nbody.py 50000000,44,1691276843,624723,python,0:51.65,16368,8420,5676,100.0,0.1,1,5,0:51,0,4,3580,31,1823,0,8420,296,2,278,16,0,13.0,0.8,0.0,86.3,0.0,0.0,0.0,0.0,15795.0 MiB,12357.9 MiB,949.6 MiB,2487.4 MiB,4096.0 MiB,2777.3 MiB,1318.7 MiB,14254.7 MiB
Python 3.10.11,nbody.py 50000000,45,1691276844,624723,python,0:52.82,16368,8420,5676,100.0,0.1,1,5,0:52,0,4,3580,31,1823,0,8420,296,2,278,16,0,13.0,0.8,0.0,86.3,0.0,0.0,0.0,0.0,15795.0 MiB,12358.4 MiB,949.1 MiB,2487.4 MiB,4096.0 MiB,2777.3 MiB,1318.7 MiB,14255.2 MiB
Python 3.10.11,nbody.py 50000000,46,1691276845,624723,python,0:53.99,16368,8420,5676,93.8,0.1,1,5,0:53,0,4,3580,31,1823,0,8420,296,2,278,16,0,13.7,0.0,0.0,86.3,0.0,0.0,0.0,0.0,15795.0 MiB,12358.7 MiB,948.9 MiB,2487.4 MiB,4096.0 MiB,2777.3 MiB,1318.7 MiB,14255.4 MiB
Python 3.10.11,nbody.py 50000000,47,1691276846,624723,python,0:55.17,16368,8420,5676,100.0,0.1,1,5,0:55,0,4,3580,31,1823,0,8420,296,2,278,16,0,12.9,1.5,0.0,84.8,0.8,0.0,0.0,0.0,15795.0 MiB,12358.4 MiB,949.1 MiB,2487.4 MiB,4096.0 MiB,2777.3 MiB,1318.7 MiB,14255.2 MiB
Python 3.10.11,nbody.py 50000000,48,1691276848,624723,python,0:56.34,16368,8420,5676,100.0,0.1,1,5,0:56,0,4,3580,31,1823,0,8420,296,2,278,16,0,13.0,0.8,0.0,86.3,0.0,0.0,0.0,0.0,15795.0 MiB,12358.4 MiB,949.1 MiB,2487.4 MiB,4096.0 MiB,2777.3 MiB,1318.7 MiB,14255.2 MiB
Python 3.10.11,nbody.py 50000000,49,1691276849,624723,python,0:57.51,16368,8420,5676,100.0,0.1,1,5,0:57,0,4,3580,31,1823,0,8420,296,2,278,16,0,12.3,0.8,0.0,86.9,0.0,0.0,0.0,0.0,15795.0 MiB,12358.4 MiB,949.1 MiB,2487.4 MiB,4096.0 MiB,2777.3 MiB,1318.7 MiB,14255.2 MiB
Python 3.10.11,nbody.py 50000000,50,1691276850,624723,python,0:58.68,16368,8420,5676,93.8,0.1,1,5,0:58,0,4,3580,31,1823,0,8420,296,2,278,16,0,12.9,0.8,0.0,86.4,0.0,0.0,0.0,0.0,15795.0 MiB,12358.4 MiB,949.1 MiB,2487.4 MiB,4096.0 MiB,2777.3 MiB,1318.7 MiB,14255.2 MiB
Python 3.10.11,nbody.py 50000000,51,1691276851,624723,python,0:59.86,16368,8420,5676,100.0,0.1,1,5,0:59,0,4,3580,31,1823,0,8420,296,2,278,16,0,13.0,0.8,0.0,86.3,0.0,0.0,0.0,0.0,15795.0 MiB,12357.9 MiB,949.6 MiB,2487.4 MiB,4096.0 MiB,2777.3 MiB,1318.7 MiB,14254.7 MiB
Python 3.10.11,nbody.py 50000000,52,1691276852,624723,python,1:01.03,16368,8420,5676,100.0,0.1,1,1,1:01,0,4,3580,31,1823,0,8420,296,2,278,16,0,12.2,0.8,0.0,87.0,0.0,0.0,0.0,0.0,15795.0 MiB,12357.9 MiB,949.6 MiB,2487.4 MiB,4096.0 MiB,2777.3 MiB,1318.7 MiB,14254.7 MiB
Python 3.10.11,nbody.py 50000000,53,1691276853,624723,python,1:02.20,16368,8420,5676,100.0,0.1,1,1,1:02,0,4,3580,31,1823,0,8420,296,2,278,16,0,13.0,0.8,0.0,86.3,0.0,0.0,0.0,0.0,15795.0 MiB,12358.2 MiB,949.4 MiB,2487.4 MiB,4096.0 MiB,2777.3 MiB,1318.7 MiB,14255.0 MiB
Python 3.10.11,nbody.py 50000000,54,1691276855,624723,python,1:03.38,16368,8420,5676,100.0,0.1,1,1,1:03,0,4,3580,31,1823,0,8420,296,2,278,16,0,12.2,0.8,0.0,87.0,0.0,0.0,0.0,0.0,15795.0 MiB,12357.9 MiB,949.6 MiB,2487.4 MiB,4096.0 MiB,2777.3 MiB,1318.7 MiB,14254.7 MiB
Python 3.10.11,nbody.py 50000000,55,1691276856,624723,python,1:04.55,16368,8420,5676,100.0,0.1,1,5,1:04,0,4,3580,31,1823,0,8420,296,2,278,16,0,12.9,1.5,0.0,85.6,0.0,0.0,0.0,0.0,15795.0 MiB,12357.9 MiB,949.6 MiB,2487.4 MiB,4096.0 MiB,2777.3 MiB,1318.7 MiB,14254.7 MiB
Python 3.10.11,nbody.py 50000000,56,1691276857,624723,python,1:05.72,16368,8420,5676,100.0,0.1,1,5,1:05,0,4,3580,31,1823,0,8420,296,2,278,16,0,13.1,0.8,0.0,86.2,0.0,0.0,0.0,0.0,15795.0 MiB,12357.9 MiB,949.6 MiB,2487.4 MiB,4096.0 MiB,2777.3 MiB,1318.7 MiB,14254.7 MiB
Python 3.10.11,nbody.py 50000000,57,1691276858,624723,python,1:06.89,16368,8420,5676,93.8,0.1,1,1,1:06,0,4,3580,31,1823,0,8420,296,2,278,16,0,13.0,0.8,0.0,86.3,0.0,0.0,0.0,0.0,15795.0 MiB,12357.9 MiB,949.6 MiB,2487.4 MiB,4096.0 MiB,2777.3 MiB,1318.7 MiB,14254.7 MiB
Python 3.10.11,nbody.py 50000000,58,1691276859,624723,python,1:08.07,16368,8420,5676,100.0,0.1,1,1,1:08,0,4,3580,31,1823,0,8420,296,2,278,16,0,13.0,0.8,0.0,86.3,0.0,0.0,0.0,0.0,15795.0 MiB,12357.9 MiB,949.6 MiB,2487.4 MiB,4096.0 MiB,2777.3 MiB,1318.7 MiB,14254.7 MiB
Python 3.10.11,nbody.py 50000000,59,1691276861,624723,python,1:09.24,16368,8420,5676,100.0,0.1,1,1,1:09,0,4,3580,31,1823,0,8420,296,2,278,16,0,13.0,0.8,0.0,86.3,0.0,0.0,0.0,0.0,15795.0 MiB,12358.2 MiB,949.3 MiB,2487.4 MiB,4096.0 MiB,2777.3 MiB,1318.7 MiB,14255.0 MiB
Python 3.10.11,nbody.py 50000000,60,1691276862,624723,python,1:10.41,16368,8420,5676,100.0,0.1,1,1,1:10,0,4,3580,31,1823,0,8420,296,2,278,16,0,13.1,0.0,0.0,86.9,0.0,0.0,0.0,0.0,15795.0 MiB,12358.2 MiB,949.3 MiB,2487.5 MiB,4096.0 MiB,2777.3 MiB,1318.7 MiB,14255.0 MiB
Python 3.10.11,nbody.py 50000000,61,1691276863,624723,python,1:11.58,16368,8420,5676,93.8,0.1,1,1,1:11,0,4,3580,31,1823,0,8420,296,2,278,16,0,13.6,0.8,0.0,85.6,0.0,0.0,0.0,0.0,15795.0 MiB,12358.2 MiB,949.3 MiB,2487.5 MiB,4096.0 MiB,2777.3 MiB,1318.7 MiB,14255.0 MiB
Python 3.10.11,nbody.py 50000000,62,1691276864,624723,python,1:12.76,16368,8420,5676,100.0,0.1,1,1,1:12,0,4,3580,31,1823,0,8420,296,2,278,16,0,12.3,0.8,0.0,86.9,0.0,0.0,0.0,0.0,15795.0 MiB,12358.2 MiB,949.3 MiB,2487.5 MiB,4096.0 MiB,2777.3 MiB,1318.7 MiB,14255.0 MiB
Python 3.10.11,nbody.py 50000000,63,1691276865,624723,python,1:13.93,16368,8420,5676,100.0,0.1,1,1,1:13,0,4,3580,31,1823,0,8420,296,2,278,16,0,13.0,0.8,0.0,86.3,0.0,0.0,0.0,0.0,15795.0 MiB,12358.2 MiB,949.3 MiB,2487.5 MiB,4096.0 MiB,2777.3 MiB,1318.7 MiB,14255.0 MiB
Python 3.10.11,nbody.py 50000000,64,1691276866,624723,python,1:15.10,16368,8420,5676,100.0,0.1,1,1,1:15,0,4,3580,31,1823,0,8420,296,2,278,16,0,13.4,1.5,0.0,85.1,0.0,0.0,0.0,0.0,15795.0 MiB,12358.2 MiB,949.3 MiB,2487.5 MiB,4096.0 MiB,2777.3 MiB,1318.7 MiB,14255.0 MiB
Python 3.10.11,nbody.py 50000000,65,1691276868,624723,python,1:16.28,16368,8420,5676,100.0,0.1,1,1,1:16,0,4,3580,31,1823,0,8420,296,2,278,16,0,13.0,0.8,0.0,86.3,0.0,0.0,0.0,0.0,15795.0 MiB,12358.2 MiB,949.3 MiB,2487.5 MiB,4096.0 MiB,2777.3 MiB,1318.7 MiB,14255.0 MiB
Python 3.10.11,nbody.py 50000000,66,1691276869,624723,python,1:17.44,16368,8420,5676,93.8,0.1,1,1,1:17,0,4,3580,31,1823,0,8420,296,2,278,16,0,12.2,1.5,0.0,86.3,0.0,0.0,0.0,0.0,15795.0 MiB,12358.2 MiB,949.3 MiB,2487.5 MiB,4096.0 MiB,2777.3 MiB,1318.7 MiB,14255.0 MiB
Python 3.10.11,nbody.py 50000000,67,1691276870,624723,python,1:18.62,16368,8420,5676,100.0,0.1,1,1,1:18,0,4,3580,31,1823,0,8420,296,2,278,16,0,12.9,0.8,0.0,86.4,0.0,0.0,0.0,0.0,15795.0 MiB,12358.2 MiB,949.3 MiB,2487.5 MiB,4096.0 MiB,2777.3 MiB,1318.7 MiB,14255.0 MiB
Python 3.10.11,nbody.py 50000000,68,1691276871,624723,python,1:19.79,16368,8420,5676,100.0,0.1,1,1,1:19,0,4,3580,31,1823,0,8420,296,2,278,16,0,13.5,0.8,0.0,85.7,0.0,0.0,0.0,0.0,15795.0 MiB,12358.4 MiB,949.0 MiB,2487.5 MiB,4096.0 MiB,2777.3 MiB,1318.7 MiB,14255.3 MiB
Python 3.10.11,nbody.py 50000000,69,1691276872,624723,python,1:20.96,16368,8420,5676,100.0,0.1,1,1,1:20,0,4,3580,31,1823,0,8420,296,2,278,16,0,13.6,0.8,0.0,85.6,0.0,0.0,0.0,0.0,15795.0 MiB,12358.4 MiB,949.0 MiB,2487.5 MiB,4096.0 MiB,2777.3 MiB,1318.7 MiB,14255.3 MiB
Python 3.10.11,nbody.py 50000000,70,1691276873,624723,python,1:22.14,16368,8420,5676,100.0,0.1,1,1,1:22,0,4,3580,31,1823,0,8420,296,2,278,16,0,13.6,0.8,0.0,85.6,0.0,0.0,0.0,0.0,15795.0 MiB,12358.2 MiB,949.3 MiB,2487.5 MiB,4096.0 MiB,2777.3 MiB,1318.7 MiB,14255.0 MiB
Python 3.10.11,nbody.py 50000000,71,1691276875,624723,python,1:23.31,16368,8420,5676,100.0,0.1,1,1,1:23,0,4,3580,31,1823,0,8420,296,2,278,16,0,13.0,0.8,0.0,86.3,0.0,0.0,0.0,0.0,15795.0 MiB,12357.9 MiB,949.5 MiB,2487.5 MiB,4096.0 MiB,2777.3 MiB,1318.7 MiB,14254.8 MiB
Python 3.10.11,nbody.py 50000000,72,1691276876,624723,python,1:24.48,16368,8420,5676,100.0,0.1,1,1,1:24,0,4,3580,31,1823,0,8420,296,2,278,16,0,13.0,0.8,0.0,86.3,0.0,0.0,0.0,0.0,15795.0 MiB,12358.2 MiB,949.3 MiB,2487.5 MiB,4096.0 MiB,2777.3 MiB,1318.7 MiB,14255.0 MiB
Python 3.10.11,nbody.py 50000000,73,1691276877,624723,python,1:25.65,16368,8420,5676,100.0,0.1,1,1,1:25,0,4,3580,31,1823,0,8420,296,2,278,16,0,13.0,0.8,0.0,86.3,0.0,0.0,0.0,0.0,15795.0 MiB,12358.2 MiB,949.3 MiB,2487.5 MiB,4096.0 MiB,2777.3 MiB,1318.7 MiB,14255.0 MiB
Python 3.10.11,nbody.py 50000000,74,1691276878,624723,python,1:26.82,16368,8420,5676,100.0,0.1,1,1,1:26,0,4,3580,31,1823,0,8420,296,2,278,16,0,12.2,1.5,0.0,86.3,0.0,0.0,0.0,0.0,15795.0 MiB,12358.2 MiB,949.3 MiB,2487.5 MiB,4096.0 MiB,2777.3 MiB,1318.7 MiB,14255.0 MiB
Python 3.10.11,nbody.py 50000000,75,1691276879,624723,python,1:28.00,16368,8420,5676,100.0,0.1,1,1,1:28,0,4,3580,31,1823,0,8420,296,2,278,16,0,13.0,0.8,0.0,86.3,0.0,0.0,0.0,0.0,15795.0 MiB,12358.2 MiB,949.3 MiB,2487.5 MiB,4096.0 MiB,2777.3 MiB,1318.7 MiB,14255.0 MiB
Python 3.10.11,nbody.py 50000000,76,1691276880,624723,python,1:29.17,16368,8420,5676,100.0,0.1,1,1,1:29,0,4,3580,31,1823,0,8420,296,2,278,16,0,13.0,0.8,0.0,85.5,0.8,0.0,0.0,0.0,15795.0 MiB,12358.2 MiB,949.4 MiB,2487.4 MiB,4096.0 MiB,2777.5 MiB,1318.5 MiB,14255.1 MiB
Python 3.10.11,nbody.py 50000000,77,1691276882,624723,python,1:30.34,16368,8420,5676,93.8,0.1,1,1,1:30,0,4,3580,31,1823,0,8420,296,2,278,16,0,12.9,1.5,0.0,85.6,0.0,0.0,0.0,0.0,15795.0 MiB,12358.2 MiB,949.4 MiB,2487.4 MiB,4096.0 MiB,2777.5 MiB,1318.5 MiB,14255.1 MiB
Python 3.10.11,nbody.py 50000000,78,1691276883,624723,python,1:31.51,16368,8420,5676,100.0,0.1,1,1,1:31,0,4,3580,31,1823,0,8420,296,2,278,16,0,12.1,1.5,0.0,86.4,0.0,0.0,0.0,0.0,15795.0 MiB,12358.4 MiB,949.2 MiB,2487.4 MiB,4096.0 MiB,2777.5 MiB,1318.5 MiB,14255.3 MiB
Python 3.10.11,nbody.py 50000000,79,1691276884,624723,python,1:32.69,16368,8420,5676,100.0,0.1,1,1,1:32,0,4,3580,31,1823,0,8420,296,2,278,16,0,13.0,0.8,0.0,86.3,0.0,0.0,0.0,0.0,15795.0 MiB,12358.4 MiB,949.2 MiB,2487.4 MiB,4096.0 MiB,2777.5 MiB,1318.5 MiB,14255.3 MiB
Python 3.10.11,nbody.py 50000000,80,1691276885,624723,python,1:33.86,16368,8420,5676,100.0,0.1,1,1,1:33,0,4,3580,31,1823,0,8420,296,2,278,16,0,13.0,0.8,0.0,86.3,0.0,0.0,0.0,0.0,15795.0 MiB,12358.4 MiB,949.2 MiB,2487.4 MiB,4096.0 MiB,2777.5 MiB,1318.5 MiB,14255.3 MiB
Python 3.10.11,nbody.py 50000000,81,1691276886,624723,python,1:35.03,16368,8420,5676,100.0,0.1,1,1,1:35,0,4,3580,31,1823,0,8420,296,2,278,16,0,13.6,0.8,0.0,85.6,0.0,0.0,0.0,0.0,15795.0 MiB,12358.7 MiB,948.9 MiB,2487.4 MiB,4096.0 MiB,2777.5 MiB,1318.5 MiB,14255.6 MiB
Python 3.10.11,nbody.py 50000000,82,1691276888,624723,python,1:36.21,16368,8420,5676,100.0,0.1,1,1,1:36,0,4,3580,31,1823,0,8420,296,2,278,16,0,13.0,0.8,0.0,86.3,0.0,0.0,0.0,0.0,15795.0 MiB,12358.7 MiB,948.9 MiB,2487.4 MiB,4096.0 MiB,2777.5 MiB,1318.5 MiB,14255.6 MiB
Python 3.10.11,nbody.py 50000000,83,1691276889,624723,python,1:37.38,16368,8420,5676,100.0,0.1,1,1,1:37,0,4,3580,31,1823,0,8420,296,2,278,16,0,12.2,1.5,0.0,86.3,0.0,0.0,0.0,0.0,15795.0 MiB,12357.9 MiB,949.7 MiB,2487.4 MiB,4096.0 MiB,2777.5 MiB,1318.5 MiB,14254.8 MiB
Python 3.10.11,nbody.py 50000000,84,1691276890,624723,python,1:38.55,16368,8420,5676,100.0,0.1,1,1,1:38,0,4,3580,31,1823,0,8420,296,2,278,16,0,12.2,1.5,0.0,86.3,0.0,0.0,0.0,0.0,15795.0 MiB,12357.9 MiB,949.7 MiB,2487.4 MiB,4096.0 MiB,2777.5 MiB,1318.5 MiB,14254.8 MiB
Python 3.10.11,nbody.py 50000000,85,1691276891,624723,python,1:39.72,16368,8420,5676,93.8,0.1,1,1,1:39,0,4,3580,31,1823,0,8420,296,2,278,16,0,13.0,0.8,0.0,86.3,0.0,0.0,0.0,0.0,15795.0 MiB,12358.2 MiB,949.4 MiB,2487.4 MiB,4096.0 MiB,2777.5 MiB,1318.5 MiB,14255.1 MiB
Python 3.10.11,nbody.py 50000000,86,1691276892,624723,python,1:40.89,16368,8420,5676,100.0,0.1,1,1,1:40,0,4,3580,31,1823,0,8420,296,2,278,16,0,13.0,0.8,0.0,86.3,0.0,0.0,0.0,0.0,15795.0 MiB,12358.2 MiB,949.4 MiB,2487.4 MiB,4096.0 MiB,2777.5 MiB,1318.5 MiB,14255.1 MiB
Python 3.10.11,nbody.py 50000000,87,1691276893,624723,python,1:42.07,16368,8420,5676,100.0,0.1,1,1,1:42,0,4,3580,31,1823,0,8420,296,2,278,16,0,13.0,0.8,0.0,86.3,0.0,0.0,0.0,0.0,15795.0 MiB,12358.2 MiB,949.4 MiB,2487.4 MiB,4096.0 MiB,2777.5 MiB,1318.5 MiB,14255.1 MiB
Python 3.10.11,nbody.py 50000000,88,1691276895,624723,python,1:43.24,16368,8420,5676,100.0,0.1,1,1,1:43,0,4,3580,31,1823,0,8420,296,2,278,16,0,12.9,0.8,0.0,86.4,0.0,0.0,0.0,0.0,15795.0 MiB,12357.9 MiB,949.6 MiB,2487.4 MiB,4096.0 MiB,2777.5 MiB,1318.5 MiB,14254.8 MiB
Python 3.10.11,nbody.py 50000000,89,1691276896,624723,python,1:44.41,16368,8420,5676,100.0,0.1,1,1,1:44,0,4,3580,31,1823,0,8420,296,2,278,16,0,13.6,0.8,0.0,85.6,0.0,0.0,0.0,0.0,15795.0 MiB,12357.7 MiB,949.9 MiB,2487.4 MiB,4096.0 MiB,2777.5 MiB,1318.5 MiB,14254.6 MiB
Python 3.10.11,nbody.py 50000000,90,1691276897,624723,python,1:45.59,16368,8420,5676,100.0,0.1,1,1,1:45,0,4,3580,31,1823,0,8420,296,2,278,16,0,12.3,0.8,0.0,86.9,0.0,0.0,0.0,0.0,15795.0 MiB,12357.9 MiB,949.6 MiB,2487.4 MiB,4096.0 MiB,2777.5 MiB,1318.5 MiB,14254.8 MiB
Python 3.10.11,nbody.py 50000000,91,1691276898,624723,python,1:46.76,16368,8420,5676,100.0,0.1,1,1,1:46,0,4,3580,31,1823,0,8420,296,2,278,16,0,13.0,0.8,0.0,86.3,0.0,0.0,0.0,0.0,15795.0 MiB,12358.0 MiB,949.6 MiB,2487.4 MiB,4096.0 MiB,2777.5 MiB,1318.5 MiB,14254.9 MiB
Python 3.10.11,nbody.py 50000000,92,1691276899,624723,python,1:47.93,16368,8420,5676,100.0,0.1,1,1,1:47,0,4,3580,31,1823,0,8420,296,2,278,16,0,12.9,1.5,0.0,85.6,0.0,0.0,0.0,0.0,15795.0 MiB,12358.0 MiB,949.6 MiB,2487.4 MiB,4096.0 MiB,2777.5 MiB,1318.5 MiB,14254.9 MiB
Python 3.10.11,nbody.py 50000000,93,1691276900,624723,python,1:49.10,16368,8420,5676,93.8,0.1,1,1,1:49,0,4,3580,31,1823,0,8420,296,2,278,16,0,13.0,0.8,0.0,86.3,0.0,0.0,0.0,0.0,15795.0 MiB,12358.0 MiB,949.6 MiB,2487.4 MiB,4096.0 MiB,2777.5 MiB,1318.5 MiB,14254.9 MiB
Python 3.10.11,nbody.py 50000000,94,1691276902,624723,python,1:50.27,16368,8420,5676,100.0,0.1,1,1,1:50,0,4,3580,31,1823,0,8420,296,2,278,16,0,12.8,1.5,0.0,85.7,0.0,0.0,0.0,0.0,15795.0 MiB,12358.0 MiB,949.6 MiB,2487.4 MiB,4096.0 MiB,2777.5 MiB,1318.5 MiB,14254.9 MiB
Python 3.10.11,nbody.py 50000000,95,1691276903,624723,python,1:51.45,16368,8420,5676,100.0,0.1,1,1,1:51,0,4,3580,31,1823,0,8420,296,2,278,16,0,13.0,0.8,0.0,86.3,0.0,0.0,0.0,0.0,15795.0 MiB,12358.0 MiB,949.6 MiB,2487.4 MiB,4096.0 MiB,2777.5 MiB,1318.5 MiB,14254.9 MiB
Python 3.10.11,nbody.py 50000000,96,1691276904,624723,python,1:52.62,16368,8420,5676,100.0,0.1,1,1,1:52,0,4,3580,31,1823,0,8420,296,2,278,16,0,13.0,0.8,0.0,86.3,0.0,0.0,0.0,0.0,15795.0 MiB,12357.5 MiB,950.1 MiB,2487.4 MiB,4096.0 MiB,2777.5 MiB,1318.5 MiB,14254.4 MiB
Python 3.10.11,nbody.py 50000000,97,1691276905,624723,python,1:53.79,16368,8420,5676,100.0,0.1,1,1,1:53,0,4,3580,31,1823,0,8420,296,2,278,16,0,13.6,0.8,0.0,85.6,0.0,0.0,0.0,0.0,15795.0 MiB,12357.2 MiB,950.3 MiB,2487.4 MiB,4096.0 MiB,2777.5 MiB,1318.5 MiB,14254.1 MiB
Python 3.10.11,nbody.py 50000000,98,1691276906,624723,python,1:54.97,16368,8420,5676,100.0,0.1,1,1,1:54,0,4,3580,31,1823,0,8420,296,2,278,16,0,13.6,0.8,0.0,85.6,0.0,0.0,0.0,0.0,15795.0 MiB,12357.2 MiB,950.3 MiB,2487.4 MiB,4096.0 MiB,2777.5 MiB,1318.5 MiB,14254.1 MiB
Python 3.10.11,nbody.py 50000000,99,1691276907,624723,python,1:56.14,16368,8420,5676,100.0,0.1,1,1,1:56,0,4,3580,31,1823,0,8420,296,2,278,16,0,12.3,0.8,0.0,86.9,0.0,0.0,0.0,0.0,15795.0 MiB,12356.5 MiB,951.1 MiB,2487.4 MiB,4096.0 MiB,2777.5 MiB,1318.5 MiB,14253.4 MiB
Python 3.10.11,nbody.py 50000000,100,1691276909,624723,python,1:57.31,16368,8420,5676,100.0,0.1,1,1,1:57,0,4,3580,31,1823,0,8420,296,2,278,16,0,12.9,1.5,0.0,84.8,0.8,0.0,0.0,0.0,15795.0 MiB,12356.5 MiB,951.1 MiB,2487.4 MiB,4096.0 MiB,2777.5 MiB,1318.5 MiB,14253.4 MiB
Python 3.10.11,nbody.py 50000000,101,1691276910,624723,python,1:58.48,16368,8420,5676,93.8,0.1,1,1,1:58,0,4,3580,31,1823,0,8420,296,2,278,16,0,13.0,0.8,0.0,86.3,0.0,0.0,0.0,0.0,15795.0 MiB,12356.5 MiB,951.1 MiB,2487.4 MiB,4096.0 MiB,2777.5 MiB,1318.5 MiB,14253.4 MiB
Python 3.10.11,nbody.py 50000000,102,1691276911,624723,python,1:59.65,16368,8420,5676,100.0,0.1,1,1,1:59,0,4,3580,31,1823,0,8420,296,2,278,16,0,12.3,0.8,0.0,86.9,0.0,0.0,0.0,0.0,15795.0 MiB,12356.5 MiB,951.1 MiB,2487.4 MiB,4096.0 MiB,2777.5 MiB,1318.5 MiB,14253.4 MiB
Python 3.10.11,nbody.py 50000000,103,1691276912,624723,python,2:00.83,16368,8420,5676,100.0,0.1,1,1,2:00,0,4,3580,31,1823,0,8420,296,2,278,16,0,13.0,0.8,0.0,86.3,0.0,0.0,0.0,0.0,15795.0 MiB,12356.5 MiB,951.1 MiB,2487.4 MiB,4096.0 MiB,2777.5 MiB,1318.5 MiB,14253.4 MiB
Python 3.10.11,nbody.py 50000000,104,1691276913,624723,python,2:02.00,16368,8420,5676,100.0,0.1,1,1,2:02,0,4,3580,31,1823,0,8420,296,2,278,16,0,13.0,0.8,0.0,86.3,0.0,0.0,0.0,0.0,15795.0 MiB,12356.5 MiB,951.1 MiB,2487.4 MiB,4096.0 MiB,2777.5 MiB,1318.5 MiB,14253.4 MiB
Python 3.10.11,nbody.py 50000000,105,1691276914,624723,python,2:03.17,16368,8420,5676,93.8,0.1,1,1,2:03,0,4,3580,31,1823,0,8420,296,2,278,16,0,12.8,1.5,0.0,84.2,1.5,0.0,0.0,0.0,15795.0 MiB,12356.5 MiB,951.1 MiB,2487.4 MiB,4096.0 MiB,2777.5 MiB,1318.5 MiB,14253.4 MiB
Python 3.10.11,nbody.py 50000000,106,1691276916,624723,python,2:04.35,16368,8420,5676,100.0,0.1,1,1,2:04,0,4,3580,31,1823,0,8420,296,2,278,16,0,12.2,1.5,0.0,86.3,0.0,0.0,0.0,0.0,15795.0 MiB,12356.7 MiB,950.8 MiB,2487.4 MiB,4096.0 MiB,2777.5 MiB,1318.5 MiB,14253.7 MiB
Python 3.10.11,nbody.py 50000000,107,1691276917,624723,python,2:05.52,16368,8420,5676,100.0,0.1,1,1,2:05,0,4,3580,31,1823,0,8420,296,2,278,16,0,13.0,0.8,0.0,86.3,0.0,0.0,0.0,0.0,15795.0 MiB,12357.0 MiB,950.6 MiB,2487.4 MiB,4096.0 MiB,2777.5 MiB,1318.5 MiB,14253.9 MiB
Python 3.10.11,nbody.py 50000000,108,1691276918,624723,python,2:06.69,16368,8420,5676,100.0,0.1,1,1,2:06,0,4,3580,31,1823,0,8420,296,2,278,16,0,13.0,0.8,0.0,86.3,0.0,0.0,0.0,0.0,15795.0 MiB,12357.2 MiB,950.3 MiB,2487.4 MiB,4096.0 MiB,2777.5 MiB,1318.5 MiB,14254.2 MiB
Python 3.10.11,nbody.py 50000000,109,1691276919,624723,python,2:07.86,16368,8420,5676,100.0,0.1,1,1,2:07,0,4,3580,31,1823,0,8420,296,2,278,16,0,13.0,0.8,0.0,86.3,0.0,0.0,0.0,0.0,15795.0 MiB,12357.7 MiB,949.8 MiB,2487.5 MiB,4096.0 MiB,2777.5 MiB,1318.5 MiB,14254.7 MiB
Python 3.10.11,nbody.py 50000000,110,1691276920,624723,python,2:09.03,16368,8420,5676,100.0,0.1,1,1,2:09,0,4,3580,31,1823,0,8420,296,2,278,16,0,12.9,1.5,0.0,85.6,0.0,0.0,0.0,0.0,15795.0 MiB,12357.5 MiB,950.1 MiB,2487.5 MiB,4096.0 MiB,2777.5 MiB,1318.5 MiB,14254.4 MiB
Python 3.10.11,nbody.py 50000000,111,1691276922,624723,python,2:10.21,16368,8420,5676,100.0,0.1,1,1,2:10,0,4,3580,31,1823,0,8420,296,2,278,16,0,12.9,1.5,0.0,85.6,0.0,0.0,0.0,0.0,15795.0 MiB,12357.2 MiB,950.3 MiB,2487.5 MiB,4096.0 MiB,2777.5 MiB,1318.5 MiB,14254.2 MiB
Python 3.10.11,nbody.py 50000000,112,1691276923,624723,python,2:11.38,16368,8420,5676,93.8,0.1,1,1,2:11,0,4,3580,31,1823,0,8420,296,2,278,16,0,12.2,0.8,0.0,87.0,0.0,0.0,0.0,0.0,15795.0 MiB,12357.2 MiB,950.3 MiB,2487.5 MiB,4096.0 MiB,2777.5 MiB,1318.5 MiB,14254.2 MiB
Python 3.10.11,nbody.py 50000000,113,1691276924,624723,python,2:12.55,16368,8420,5676,100.0,0.1,1,1,2:12,0,4,3580,31,1823,0,8420,296,2,278,16,0,12.9,0.8,0.0,86.4,0.0,0.0,0.0,0.0,15795.0 MiB,12357.2 MiB,950.3 MiB,2487.5 MiB,4096.0 MiB,2777.5 MiB,1318.5 MiB,14254.2 MiB
Python 3.10.11,nbody.py 50000000,114,1691276925,624723,python,2:13.73,16368,8420,5676,100.0,0.1,1,1,2:13,0,4,3580,31,1823,0,8420,296,2,278,16,0,12.9,0.8,0.0,86.4,0.0,0.0,0.0,0.0,15795.0 MiB,12357.5 MiB,950.1 MiB,2487.5 MiB,4096.0 MiB,2777.5 MiB,1318.5 MiB,14254.4 MiB
Python 3.10.11,nbody.py 50000000,115,1691276926,624723,python,2:14.90,16368,8420,5676,100.0,0.1,1,1,2:14,0,4,3580,31,1823,0,8420,296,2,278,16,0,13.0,0.8,0.0,86.3,0.0,0.0,0.0,0.0,15795.0 MiB,12357.2 MiB,950.3 MiB,2487.5 MiB,4096.0 MiB,2777.5 MiB,1318.5 MiB,14254.2 MiB
Python 3.10.11,nbody.py 50000000,116,1691276927,624723,python,2:16.07,16368,8420,5676,100.0,0.1,1,1,2:16,0,4,3580,31,1823,0,8420,296,2,278,16,0,13.1,0.0,0.0,86.9,0.0,0.0,0.0,0.0,15795.0 MiB,12357.2 MiB,950.3 MiB,2487.5 MiB,4096.0 MiB,2777.5 MiB,1318.5 MiB,14254.2 MiB
Python 3.10.11,nbody.py 50000000,117,1691276929,624723,python,2:17.24,16368,8420,5676,93.8,0.1,1,1,2:17,0,4,3580,31,1823,0,8420,296,2,278,16,0,13.0,1.5,0.0,85.5,0.0,0.0,0.0,0.0,15795.0 MiB,12357.2 MiB,950.3 MiB,2487.5 MiB,4096.0 MiB,2777.5 MiB,1318.5 MiB,14254.2 MiB
Python 3.10.11,nbody.py 50000000,118,1691276930,624723,python,2:18.41,16368,8420,5676,100.0,0.1,1,1,2:18,0,4,3580,31,1823,0,8420,296,2,278,16,0,13.7,0.0,0.0,86.3,0.0,0.0,0.0,0.0,15795.0 MiB,12356.7 MiB,950.8 MiB,2487.5 MiB,4096.0 MiB,2777.5 MiB,1318.5 MiB,14253.7 MiB
Python 3.10.11,nbody.py 50000000,119,1691276931,624723,python,2:19.59,16368,8420,5676,100.0,0.1,1,1,2:19,0,4,3580,31,1823,0,8420,296,2,278,16,0,13.0,0.8,0.0,86.3,0.0,0.0,0.0,0.0,15795.0 MiB,12357.5 MiB,950.0 MiB,2487.5 MiB,4096.0 MiB,2777.5 MiB,1318.5 MiB,14254.4 MiB
Python 3.10.11,nbody.py 50000000,120,1691276932,624723,python,2:20.76,16368,8420,5676,100.0,0.1,1,5,2:20,0,4,3580,31,1823,0,8420,296,2,278,16,0,13.4,2.2,0.0,84.3,0.0,0.0,0.0,0.0,15795.0 MiB,12357.2 MiB,950.3 MiB,2487.5 MiB,4096.0 MiB,2777.5 MiB,1318.5 MiB,14254.2 MiB
Python 3.10.11,nbody.py 50000000,121,1691276933,624723,python,2:21.93,16368,8420,5676,100.0,0.1,1,5,2:21,0,4,3580,31,1823,0,8420,296,2,278,16,0,12.9,0.8,0.0,86.4,0.0,0.0,0.0,0.0,15795.0 MiB,12357.2 MiB,950.3 MiB,2487.5 MiB,4096.0 MiB,2777.5 MiB,1318.5 MiB,14254.2 MiB
Python 3.10.11,nbody.py 50000000,122,1691276934,624723,python,2:23.11,16368,8420,5676,100.0,0.1,1,5,2:23,0,4,3580,31,1823,0,8420,296,2,278,16,0,13.0,0.8,0.0,86.3,0.0,0.0,0.0,0.0,15795.0 MiB,12357.2 MiB,950.3 MiB,2487.5 MiB,4096.0 MiB,2777.5 MiB,1318.5 MiB,14254.2 MiB
Python 3.10.11,nbody.py 50000000,123,1691276936,624723,python,2:24.28,16368,8420,5676,100.0,0.1,1,1,2:24,0,4,3580,31,1823,0,8420,296,2,278,16,0,13.6,0.8,0.0,85.6,0.0,0.0,0.0,0.0,15795.0 MiB,12356.7 MiB,950.8 MiB,2487.5 MiB,4096.0 MiB,2777.5 MiB,1318.5 MiB,14253.7 MiB
Python 3.10.11,nbody.py 50000000,124,1691276937,624723,python,2:25.45,16368,8420,5676,100.0,0.1,1,1,2:25,0,4,3580,31,1823,0,8420,296,2,278,16,0,12.9,1.5,0.0,85.6,0.0,0.0,0.0,0.0,15795.0 MiB,12356.5 MiB,951.0 MiB,2487.5 MiB,4096.0 MiB,2777.5 MiB,1318.5 MiB,14253.5 MiB
Python 3.10.11,nbody.py 50000000,125,1691276938,624723,python,2:26.62,16368,8420,5676,93.8,0.1,1,1,2:26,0,4,3580,31,1823,0,8420,296,2,278,16,0,13.6,0.8,0.0,85.6,0.0,0.0,0.0,0.0,15795.0 MiB,12355.7 MiB,951.7 MiB,2487.5 MiB,4096.0 MiB,2777.5 MiB,1318.5 MiB,14252.8 MiB
Python 3.10.11,nbody.py 50000000,126,1691276939,624723,python,2:27.79,16368,8420,5676,100.0,0.1,1,1,2:27,0,4,3580,31,1823,0,8420,296,2,278,16,0,13.4,1.5,0.0,85.1,0.0,0.0,0.0,0.0,15795.0 MiB,12355.7 MiB,951.7 MiB,2487.5 MiB,4096.0 MiB,2777.5 MiB,1318.5 MiB,14252.8 MiB
Python 3.10.11,nbody.py 50000000,127,1691276940,624723,python,2:28.97,16368,8420,5676,100.0,0.1,1,1,2:28,0,4,3580,31,1823,0,8420,296,2,278,16,0,12.8,1.5,0.0,85.7,0.0,0.0,0.0,0.0,15795.0 MiB,12355.7 MiB,951.7 MiB,2487.5 MiB,4096.0 MiB,2777.5 MiB,1318.5 MiB,14252.8 MiB
Python 3.10.11,nbody.py 50000000,128,1691276941,624723,python,2:30.15,16368,8420,5676,94.1,0.1,1,1,2:30,0,4,3580,31,1823,0,8420,296,2,278,16,0,13.7,1.4,0.0,84.9,0.0,0.0,0.0,0.0,15795.0 MiB,12355.5 MiB,952.0 MiB,2487.5 MiB,4096.0 MiB,2777.5 MiB,1318.5 MiB,14252.5 MiB
Python 3.10.11,nbody.py 50000000,129,1691276943,624723,python,2:31.33,16368,8420,5676,100.0,0.1,1,1,2:31,0,4,3580,31,1823,0,8420,296,2,278,16,0,12.3,0.8,0.0,86.9,0.0,0.0,0.0,0.0,15795.0 MiB,12355.3 MiB,952.2 MiB,2487.5 MiB,4096.0 MiB,2777.5 MiB,1318.5 MiB,14252.3 MiB
Python 3.10.11,nbody.py 50000000,130,1691276944,624723,python,2:32.50,16368,8420,5676,100.0,0.1,1,1,2:32,0,4,3580,31,1823,0,8420,296,2,278,16,0,13.0,0.8,0.0,86.3,0.0,0.0,0.0,0.0,15795.0 MiB,12355.3 MiB,952.2 MiB,2487.5 MiB,4096.0 MiB,2777.5 MiB,1318.5 MiB,14252.3 MiB
Python 3.10.11,nbody.py 50000000,131,1691276945,624723,python,2:33.67,16368,8420,5676,100.0,0.1,1,1,2:33,0,4,3580,31,1823,0,8420,296,2,278,16,0,12.2,1.5,0.0,86.3,0.0,0.0,0.0,0.0,15795.0 MiB,12355.3 MiB,952.2 MiB,2487.5 MiB,4096.0 MiB,2777.5 MiB,1318.5 MiB,14252.3 MiB
Python 3.10.11,nbody.py 50000000,132,1691276946,624723,python,2:34.84,16368,8420,5676,93.8,0.1,1,1,2:34,0,4,3580,31,1823,0,8420,296,2,278,16,0,13.0,0.8,0.0,86.3,0.0,0.0,0.0,0.0,15795.0 MiB,12355.5 MiB,952.0 MiB,2487.5 MiB,4096.0 MiB,2777.5 MiB,1318.5 MiB,14252.5 MiB
Python 3.10.11,nbody.py 50000000,133,1691276947,624723,python,2:36.01,16368,8420,5676,100.0,0.1,1,1,2:36,0,4,3580,31,1823,0,8420,296,2,278,16,0,13.0,0.8,0.0,86.3,0.0,0.0,0.0,0.0,15795.0 MiB,12355.5 MiB,952.0 MiB,2487.5 MiB,4096.0 MiB,2777.5 MiB,1318.5 MiB,14252.5 MiB
Python 3.10.11,nbody.py 50000000,134,1691276948,624723,python,2:37.18,16368,8420,5676,93.8,0.1,1,1,2:37,0,4,3580,31,1823,0,8420,296,2,278,16,0,13.1,0.0,0.0,86.2,0.8,0.0,0.0,0.0,15795.0 MiB,12355.5 MiB,951.9 MiB,2487.5 MiB,4096.0 MiB,2777.5 MiB,1318.5 MiB,14252.5 MiB
Python 3.10.11,nbody.py 50000000,135,1691276950,624723,python,2:38.36,16368,8420,5676,100.0,0.1,1,1,2:38,0,4,3580,31,1823,0,8420,296,2,278,16,0,13.7,0.8,0.0,85.5,0.0,0.0,0.0,0.0,15795.0 MiB,12355.5 MiB,951.9 MiB,2487.5 MiB,4096.0 MiB,2777.5 MiB,1318.5 MiB,14252.5 MiB
Python 3.10.11,nbody.py 50000000,136,1691276951,624723,python,2:39.53,16368,8420,5676,100.0,0.1,1,1,2:39,0,4,3580,31,1823,0,8420,296,2,278,16,0,12.3,0.8,0.0,86.9,0.0,0.0,0.0,0.0,15795.0 MiB,12355.5 MiB,951.9 MiB,2487.5 MiB,4096.0 MiB,2777.5 MiB,1318.5 MiB,14252.5 MiB
Python 3.10.11,nbody.py 50000000,137,1691276952,624723,python,2:40.70,16368,8420,5676,100.0,0.1,1,1,2:40,0,4,3580,31,1823,0,8420,296,2,278,16,0,12.9,3.0,0.0,81.8,2.3,0.0,0.0,0.0,15795.0 MiB,12350.6 MiB,955.2 MiB,2489.2 MiB,4096.0 MiB,2777.5 MiB,1318.5 MiB,14249.3 MiB
Python 3.10.11,nbody.py 50000000,138,1691276953,624723,python,2:41.88,16368,8420,5676,100.0,0.1,1,1,2:41,0,4,3580,31,1823,0,8420,296,2,278,16,0,12.9,1.4,0.0,85.6,0.0,0.0,0.0,0.0,15795.0 MiB,12350.3 MiB,955.4 MiB,2489.2 MiB,4096.0 MiB,2777.5 MiB,1318.5 MiB,14249.1 MiB
Python 3.10.11,nbody.py 50000000,139,1691276954,624723,python,2:43.06,16368,8420,5676,100.0,0.1,1,1,2:43,0,4,3580,31,1823,0,8420,296,2,278,16,0,13.1,0.0,0.0,86.9,0.0,0.0,0.0,0.0,15795.0 MiB,12349.8 MiB,955.9 MiB,2489.2 MiB,4096.0 MiB,2777.5 MiB,1318.5 MiB,14248.6 MiB
Python 3.10.11,nbody.py 50000000,140,1691276956,624723,python,2:44.23,16368,8420,5676,100.0,0.1,1,1,2:44,0,4,3580,31,1823,0,8420,296,2,278,16,0,13.0,0.8,0.0,86.3,0.0,0.0,0.0,0.0,15795.0 MiB,12350.6 MiB,955.2 MiB,2489.2 MiB,4096.0 MiB,2777.5 MiB,1318.5 MiB,14249.3 MiB
Python 3.10.11,nbody.py 50000000,141,1691276957,624723,python,2:45.40,16368,8420,5676,93.8,0.1,1,1,2:45,0,4,3580,31,1823,0,8420,296,2,278,16,0,12.9,1.5,0.0,85.6,0.0,0.0,0.0,0.0,15795.0 MiB,12350.3 MiB,955.4 MiB,2489.2 MiB,4096.0 MiB,2777.5 MiB,1318.5 MiB,14249.1 MiB
Python 3.10.11,nbody.py 50000000,142,1691276958,624723,python,2:46.58,16368,8420,5676,100.0,0.1,1,1,2:46,0,4,3580,31,1823,0,8420,296,2,278,16,0,13.1,0.0,0.0,86.9,0.0,0.0,0.0,0.0,15795.0 MiB,12350.1 MiB,955.6 MiB,2489.3 MiB,4096.0 MiB,2777.5 MiB,1318.5 MiB,14248.8 MiB
Python 3.10.11,nbody.py 50000000,143,1691276959,624723,python,2:47.75,16368,8420,5676,100.0,0.1,1,1,2:47,0,4,3580,31,1823,0,8420,296,2,278,16,0,12.3,0.8,0.0,86.9,0.0,0.0,0.0,0.0,15795.0 MiB,12350.8 MiB,954.9 MiB,2489.3 MiB,4096.0 MiB,2777.5 MiB,1318.5 MiB,14249.6 MiB
Python 3.10.11,nbody.py 50000000,144,1691276960,624723,python,2:48.92,16368,8420,5676,100.0,0.1,1,1,2:48,0,4,3580,31,1823,0,8420,296,2,278,16,0,13.7,0.0,0.0,86.3,0.0,0.0,0.0,0.0,15795.0 MiB,12350.8 MiB,954.9 MiB,2489.3 MiB,4096.0 MiB,2777.5 MiB,1318.5 MiB,14249.6 MiB
Python 3.10.11,nbody.py 50000000,145,1691276961,624723,python,2:50.10,16368,8420,5676,100.0,0.1,1,1,2:50,0,4,3580,31,1823,0,8420,296,2,278,16,0,13.0,0.8,0.0,86.3,0.0,0.0,0.0,0.0,15795.0 MiB,12350.8 MiB,954.9 MiB,2489.3 MiB,4096.0 MiB,2777.5 MiB,1318.5 MiB,14249.6 MiB
Python 3.10.11,nbody.py 50000000,146,1691276963,624723,python,2:51.27,16368,8420,5676,100.0,0.1,1,1,2:51,0,4,3580,31,1823,0,8420,296,2,278,16,0,13.0,0.8,0.0,85.5,0.8,0.0,0.0,0.0,15795.0 MiB,12350.8 MiB,954.9 MiB,2489.3 MiB,4096.0 MiB,2777.5 MiB,1318.5 MiB,14249.6 MiB
Python 3.10.11,nbody.py 50000000,147,1691276964,624723,python,2:52.44,16368,8420,5676,100.0,0.1,1,5,2:52,0,4,3580,31,1823,0,8420,296,2,278,16,0,12.9,1.5,0.0,85.6,0.0,0.0,0.0,0.0,15795.0 MiB,12350.8 MiB,954.9 MiB,2489.3 MiB,4096.0 MiB,2777.5 MiB,1318.5 MiB,14249.6 MiB
Python 3.10.11,nbody.py 50000000,148,1691276965,624723,python,2:53.61,16368,8420,5676,100.0,0.1,1,5,2:53,0,4,3580,31,1823,0,8420,296,2,278,16,0,13.1,0.0,0.0,86.9,0.0,0.0,0.0,0.0,15795.0 MiB,12350.8 MiB,954.9 MiB,2489.3 MiB,4096.0 MiB,2777.5 MiB,1318.5 MiB,14249.6 MiB
Python 3.10.11,nbody.py 50000000,149,1691276966,624723,python,2:54.78,16368,8420,5676,93.8,0.1,1,5,2:54,0,4,3580,31,1823,0,8420,296,2,278,16,0,13.5,1.5,0.0,85.0,0.0,0.0,0.0,0.0,15795.0 MiB,12350.8 MiB,954.9 MiB,2489.3 MiB,4096.0 MiB,2777.5 MiB,1318.5 MiB,14249.6 MiB
Python 3.10.11,nbody.py 50000000,150,1691276967,624723,python,2:55.96,16368,8420,5676,100.0,0.1,1,1,2:55,0,4,3580,31,1823,0,8420,296,2,278,16,0,12.2,1.5,0.0,86.3,0.0,0.0,0.0,0.0,15795.0 MiB,12351.1 MiB,954.6 MiB,2489.3 MiB,4096.0 MiB,2777.5 MiB,1318.5 MiB,14249.8 MiB
Python 3.10.11,nbody.py 50000000,151,1691276968,624723,python,2:57.13,16368,8420,5676,100.0,0.1,1,1,2:57,0,4,3580,31,1823,0,8420,296,2,278,16,0,13.6,0.8,0.0,84.1,1.5,0.0,0.0,0.0,15795.0 MiB,12351.1 MiB,954.6 MiB,2489.3 MiB,4096.0 MiB,2777.5 MiB,1318.5 MiB,14249.8 MiB
Python 3.10.11,nbody.py 50000000,152,1691276970,624723,python,2:58.30,16368,8420,5676,100.0,0.1,1,1,2:58,0,4,3580,31,1823,0,8420,296,2,278,16,0,12.4,0.0,0.0,87.6,0.0,0.0,0.0,0.0,15795.0 MiB,12351.3 MiB,954.4 MiB,2489.3 MiB,4096.0 MiB,2777.5 MiB,1318.5 MiB,14250.1 MiB
Python 3.10.11,nbody.py 50000000,153,1691276971,624723,python,2:59.48,16368,8420,5676,100.0,0.1,1,1,2:59,0,4,3580,31,1823,0,8420,296,2,278,16,0,12.3,0.8,0.0,86.9,0.0,0.0,0.0,0.0,15795.0 MiB,12351.1 MiB,954.6 MiB,2489.3 MiB,4096.0 MiB,2777.5 MiB,1318.5 MiB,14249.9 MiB
Python 3.10.11,nbody.py 50000000,154,1691276972,624723,python,3:00.65,16368,8420,5676,100.0,0.1,1,1,3:00,0,4,3580,31,1823,0,8420,296,2,278,16,0,12.9,1.5,0.0,85.6,0.0,0.0,0.0,0.0,15795.0 MiB,12351.1 MiB,954.6 MiB,2489.3 MiB,4096.0 MiB,2777.5 MiB,1318.5 MiB,14249.9 MiB
Python 3.10.11,nbody.py 50000000,155,1691276973,624723,python,3:01.82,16368,8420,5676,100.0,0.1,1,1,3:01,0,4,3580,31,1823,0,8420,296,2,278,16,0,12.3,0.8,0.0,86.9,0.0,0.0,0.0,0.0,15795.0 MiB,12350.8 MiB,954.9 MiB,2489.3 MiB,4096.0 MiB,2777.5 MiB,1318.5 MiB,14249.6 MiB
Python 3.10.11,nbody.py 50000000,156,1691276974,624723,python,3:02.99,16368,8420,5676,100.0,0.1,1,1,3:02,0,4,3580,31,1823,0,8420,296,2,278,16,0,13.0,0.8,0.0,86.3,0.0,0.0,0.0,0.0,15795.0 MiB,12350.6 MiB,955.1 MiB,2489.3 MiB,4096.0 MiB,2777.5 MiB,1318.5 MiB,14249.4 MiB
Python 3.10.11,nbody.py 50000000,157,1691276975,624723,python,3:04.17,16368,8420,5676,100.0,0.1,1,1,3:04,0,4,3580,31,1823,0,8420,296,2,278,16,0,13.0,0.8,0.0,86.3,0.0,0.0,0.0,0.0,15795.0 MiB,12350.6 MiB,955.1 MiB,2489.3 MiB,4096.0 MiB,2777.5 MiB,1318.5 MiB,14249.4 MiB
Python 3.10.11,nbody.py 50000000,158,1691276977,624723,python,3:05.34,16368,8420,5676,100.0,0.1,1,1,3:05,0,4,3580,31,1823,0,8420,296,2,278,16,0,13.0,0.8,0.0,86.3,0.0,0.0,0.0,0.0,15795.0 MiB,12350.8 MiB,954.8 MiB,2489.3 MiB,4096.0 MiB,2777.5 MiB,1318.5 MiB,14249.6 MiB
Python 3.10.11,nbody.py 50000000,159,1691276978,624723,python,3:06.51,16368,8420,5676,93.8,0.1,1,1,3:06,0,4,3580,31,1823,0,8420,296,2,278,16,0,13.0,0.8,0.0,86.3,0.0,0.0,0.0,0.0,15795.0 MiB,12350.8 MiB,954.8 MiB,2489.3 MiB,4096.0 MiB,2777.5 MiB,1318.5 MiB,14249.6 MiB
Python 3.10.11,nbody.py 50000000,160,1691276979,624723,python,3:07.68,16368,8420,5676,100.0,0.1,1,1,3:07,0,4,3580,31,1823,0,8420,296,2,278,16,0,12.2,1.5,0.0,86.3,0.0,0.0,0.0,0.0,15795.0 MiB,12350.3 MiB,955.3 MiB,2489.3 MiB,4096.0 MiB,2777.5 MiB,1318.5 MiB,14249.1 MiB
Python 3.10.11,nbody.py 50000000,161,1691276980,624723,python,3:08.86,16368,8420,5676,100.0,0.1,1,1,3:08,0,4,3580,31,1823,0,8420,296,2,278,16,0,13.0,0.8,0.0,86.3,0.0,0.0,0.0,0.0,15795.0 MiB,12350.3 MiB,955.3 MiB,2489.3 MiB,4096.0 MiB,2777.5 MiB,1318.5 MiB,14249.1 MiB
Python 3.10.11,nbody.py 50000000,162,1691276981,624723,python,3:10.03,16368,8420,5676,100.0,0.1,1,1,3:10,0,4,3580,31,1823,0,8420,296,2,278,16,0,12.3,0.8,0.0,86.9,0.0,0.0,0.0,0.0,15795.0 MiB,12350.3 MiB,955.3 MiB,2489.3 MiB,4096.0 MiB,2777.5 MiB,1318.5 MiB,14249.1 MiB
Python 3.10.11,nbody.py 50000000,163,1691276983,624723,python,3:11.20,16368,8420,5676,100.0,0.1,1,1,3:11,0,4,3580,31,1823,0,8420,296,2,278,16,0,12.9,1.5,0.0,85.6,0.0,0.0,0.0,0.0,15795.0 MiB,12350.3 MiB,955.3 MiB,2489.3 MiB,4096.0 MiB,2777.5 MiB,1318.5 MiB,14249.1 MiB
Python 3.10.11,nbody.py 50000000,164,1691276984,624723,python,3:12.37,16368,8420,5676,100.0,0.1,1,1,3:12,0,4,3580,31,1823,0,8420,296,2,278,16,0,13.7,0.0,0.0,86.3,0.0,0.0,0.0,0.0,15795.0 MiB,12350.3 MiB,955.3 MiB,2489.3 MiB,4096.0 MiB,2777.5 MiB,1318.5 MiB,14249.1 MiB
Python 3.10.11,nbody.py 50000000,165,1691276985,624723,python,3:13.54,16368,8420,5676,93.8,0.1,1,1,3:13,0,4,3580,31,1823,0,8420,296,2,278,16,0,13.0,0.8,0.0,86.3,0.0,0.0,0.0,0.0,15795.0 MiB,12350.3 MiB,955.3 MiB,2489.3 MiB,4096.0 MiB,2777.5 MiB,1318.5 MiB,14249.1 MiB
Python 3.10.11,nbody.py 50000000,166,1691276986,624723,python,3:14.72,16368,8420,5676,100.0,0.1,1,5,3:14,0,4,3580,31,1823,0,8420,296,2,278,16,0,13.0,0.8,0.0,86.3,0.0,0.0,0.0,0.0,15795.0 MiB,12350.8 MiB,954.8 MiB,2489.3 MiB,4096.0 MiB,2777.5 MiB,1318.5 MiB,14249.6 MiB
Python 3.10.11,nbody.py 50000000,167,1691276987,624723,python,3:15.89,16368,8420,5676,100.0,0.1,1,5,3:15,0,4,3580,31,1823,0,8420,296,2,278,16,0,12.9,1.5,0.0,85.6,0.0,0.0,0.0,0.0,15795.0 MiB,12351.1 MiB,954.6 MiB,2489.3 MiB,4096.0 MiB,2777.5 MiB,1318.5 MiB,14249.9 MiB
Python 3.10.11,nbody.py 50000000,168,1691276988,624723,python,3:17.06,16368,8420,5676,100.0,0.1,1,5,3:17,0,4,3580,31,1823,0,8420,295,2,277,16,0,12.9,0.8,0.0,86.4,0.0,0.0,0.0,0.0,15795.0 MiB,12351.1 MiB,954.6 MiB,2489.3 MiB,4096.0 MiB,2777.5 MiB,1318.5 MiB,14249.9 MiB
Python 3.10.11,nbody.py 50000000,169,1691276990,624723,python,3:18.24,16368,8420,5676,100.0,0.1,1,5,3:18,0,4,3580,31,1823,0,8420,295,2,277,16,0,13.1,0.0,0.0,86.9,0.0,0.0,0.0,0.0,15795.0 MiB,12351.3 MiB,954.3 MiB,2489.3 MiB,4096.0 MiB,2777.5 MiB,1318.5 MiB,14250.2 MiB
Python 3.10.11,nbody.py 50000000,170,1691276991,624723,python,3:19.41,16368,8420,5676,100.0,0.1,1,1,3:19,0,4,3580,31,1823,0,8420,295,2,277,16,0,12.2,1.5,0.0,86.3,0.0,0.0,0.0,0.0,15795.0 MiB,12351.6 MiB,954.1 MiB,2489.3 MiB,4096.0 MiB,2777.5 MiB,1318.5 MiB,14250.4 MiB
Python 3.10.11,nbody.py 50000000,171,1691276992,624723,python,3:20.58,16368,8420,5676,100.0,0.1,1,1,3:20,0,4,3580,31,1823,0,8420,295,2,277,16,0,13.0,0.8,0.0,86.3,0.0,0.0,0.0,0.0,15795.0 MiB,12351.3 MiB,954.3 MiB,2489.3 MiB,4096.0 MiB,2777.5 MiB,1318.5 MiB,14250.2 MiB
Python 3.10.11,nbody.py 50000000,172,1691276993,624723,python,3:21.75,16368,8420,5676,100.0,0.1,1,1,3:21,0,4,3580,31,1823,0,8420,295,2,277,16,0,12.9,1.5,0.0,85.6,0.0,0.0,0.0,0.0,15795.0 MiB,12351.3 MiB,954.3 MiB,2489.3 MiB,4096.0 MiB,2777.5 MiB,1318.5 MiB,14250.2 MiB
Python 3.10.11,nbody.py 50000000,173,1691276994,624723,python,3:22.92,16368,8420,5676,93.8,0.1,1,1,3:22,0,4,3580,31,1823,0,8420,295,2,277,16,0,12.9,1.5,0.0,85.6,0.0,0.0,0.0,0.0,15795.0 MiB,12351.3 MiB,954.3 MiB,2489.3 MiB,4096.0 MiB,2777.5 MiB,1318.5 MiB,14250.2 MiB
Python 3.10.11,nbody.py 50000000,174,1691276995,624723,python,3:24.10,16368,8420,5676,100.0,0.1,1,1,3:24,0,4,3580,31,1823,0,8420,295,2,277,16,0,13.6,0.8,0.0,85.6,0.0,0.0,0.0,0.0,15795.0 MiB,12351.3 MiB,954.3 MiB,2489.3 MiB,4096.0 MiB,2777.5 MiB,1318.5 MiB,14250.2 MiB
Python 3.10.11,nbody.py 50000000,175,1691276997,624723,python,3:25.27,16368,8420,5676,100.0,0.1,1,1,3:25,0,4,3580,31,1823,0,8420,295,2,277,16,0,13.6,0.8,0.0,84.8,0.8,0.0,0.0,0.0,15795.0 MiB,12351.3 MiB,954.3 MiB,2489.4 MiB,4096.0 MiB,2777.5 MiB,1318.5 MiB,14250.2 MiB
Python 3.10.11,nbody.py 50000000,176,1691276998,624723,python,3:26.44,16368,8420,5676,93.8,0.1,1,1,3:26,0,4,3580,31,1823,0,8420,295,2,277,16,0,12.8,1.5,0.0,85.7,0.0,0.0,0.0,0.0,15795.0 MiB,12351.3 MiB,954.3 MiB,2489.4 MiB,4096.0 MiB,2777.5 MiB,1318.5 MiB,14250.2 MiB
Python 3.10.11,nbody.py 50000000,177,1691276999,624723,python,3:27.62,16368,8420,5676,100.0,0.1,1,1,3:27,0,4,3580,31,1823,0,8420,295,2,277,16,0,12.9,1.5,0.0,85.6,0.0,0.0,0.0,0.0,15795.0 MiB,12351.3 MiB,954.3 MiB,2489.4 MiB,4096.0 MiB,2777.5 MiB,1318.5 MiB,14250.2 MiB
Python 3.10.11,nbody.py 50000000,178,1691277000,624723,python,3:28.79,16368,8420,5676,100.0,0.1,1,1,3:28,0,4,3580,31,1823,0,8420,295,2,277,16,0,13.6,0.8,0.0,85.6,0.0,0.0,0.0,0.0,15795.0 MiB,12351.3 MiB,954.3 MiB,2489.4 MiB,4096.0 MiB,2777.5 MiB,1318.5 MiB,14250.2 MiB
Python 3.10.11,nbody.py 50000000,179,1691277001,624723,python,3:29.96,16368,8420,5676,100.0,0.1,1,1,3:29,0,4,3580,31,1823,0,8420,295,2,277,16,0,13.7,0.0,0.0,86.3,0.0,0.0,0.0,0.0,15795.0 MiB,12351.3 MiB,954.3 MiB,2489.4 MiB,4096.0 MiB,2777.5 MiB,1318.5 MiB,14250.2 MiB
Python 3.10.11,nbody.py 50000000,180,1691277002,624723,python,3:31.13,16368,8420,5676,100.0,0.1,1,1,3:31,0,4,3580,31,1823,0,8420,295,2,277,16,0,13.0,1.5,0.0,84.7,0.8,0.0,0.0,0.0,15795.0 MiB,12351.3 MiB,954.3 MiB,2489.4 MiB,4096.0 MiB,2777.5 MiB,1318.5 MiB,14250.2 MiB
Python 3.10.11,nbody.py 50000000,181,1691277004,624723,python,3:32.31,16368,8420,5676,100.0,0.1,1,1,3:32,0,4,3580,31,1823,0,8420,295,2,277,16,0,12.3,0.8,0.0,86.9,0.0,0.0,0.0,0.0,15795.0 MiB,12351.6 MiB,954.0 MiB,2489.4 MiB,4096.0 MiB,2777.5 MiB,1318.5 MiB,14250.4 MiB
Python 3.10.11,nbody.py 50000000,182,1691277005,624723,python,3:33.48,16368,8420,5676,100.0,0.1,1,1,3:33,0,4,3580,31,1823,0,8420,295,2,277,16,0,12.2,1.5,0.0,86.3,0.0,0.0,0.0,0.0,15795.0 MiB,12351.6 MiB,954.0 MiB,2489.4 MiB,4096.0 MiB,2777.5 MiB,1318.5 MiB,14250.4 MiB
Python 3.10.11,nbody.py 50000000,183,1691277006,624723,python,3:34.65,16368,8420,5676,100.0,0.1,1,1,3:34,0,4,3580,31,1823,0,8420,295,2,277,16,0,13.0,0.8,0.0,86.3,0.0,0.0,0.0,0.0,15795.0 MiB,12351.8 MiB,953.8 MiB,2489.4 MiB,4096.0 MiB,2777.5 MiB,1318.5 MiB,14250.7 MiB
Python 3.10.11,nbody.py 50000000,184,1691277007,624723,python,3:35.82,16368,8420,5676,100.0,0.1,1,1,3:35,0,4,3580,31,1823,0,8420,295,2,277,16,0,12.9,1.5,0.0,85.6,0.0,0.0,0.0,0.0,15795.0 MiB,12352.1 MiB,953.5 MiB,2489.4 MiB,4096.0 MiB,2777.5 MiB,1318.5 MiB,14250.9 MiB
Python 3.10.11,nbody.py 50000000,185,1691277008,624723,python,3:37.00,16368,8420,5676,100.0,0.1,1,1,3:37,0,4,3580,31,1823,0,8420,295,2,277,16,0,13.0,0.8,0.0,86.3,0.0,0.0,0.0,0.0,15795.0 MiB,12352.3 MiB,953.3 MiB,2489.4 MiB,4096.0 MiB,2777.5 MiB,1318.5 MiB,14251.2 MiB
Python 3.10.11,nbody.py 50000000,186,1691277009,624723,python,3:38.17,16368,8420,5676,100.0,0.1,1,1,3:38,0,4,3580,31,1823,0,8420,295,2,277,16,0,13.0,0.8,0.0,86.3,0.0,0.0,0.0,0.0,15795.0 MiB,12352.3 MiB,953.3 MiB,2489.4 MiB,4096.0 MiB,2777.5 MiB,1318.5 MiB,14251.2 MiB
Python 3.10.11,nbody.py 50000000,187,1691277011,624723,python,3:39.34,16368,8420,5676,100.0,0.1,1,1,3:39,0,4,3580,31,1823,0,8420,295,2,277,16,0,13.1,0.0,0.0,86.9,0.0,0.0,0.0,0.0,15795.0 MiB,12352.3 MiB,953.3 MiB,2489.4 MiB,4096.0 MiB,2777.5 MiB,1318.5 MiB,14251.2 MiB
Python 3.10.11,nbody.py 50000000,188,1691277012,624723,python,3:40.51,16368,8420,5676,93.8,0.1,1,1,3:40,0,4,3580,31,1823,0,8420,295,2,277,16,0,14.3,0.8,0.0,85.0,0.0,0.0,0.0,0.0,15795.0 MiB,12352.6 MiB,953.0 MiB,2489.4 MiB,4096.0 MiB,2777.5 MiB,1318.5 MiB,14251.4 MiB
Python 3.10.11,nbody.py 50000000,189,1691277013,624723,python,3:41.69,16368,8420,5676,100.0,0.1,1,1,3:41,0,4,3580,31,1823,0,8420,295,2,277,16,0,13.0,0.8,0.0,86.3,0.0,0.0,0.0,0.0,15795.0 MiB,12352.8 MiB,952.8 MiB,2489.4 MiB,4096.0 MiB,2777.5 MiB,1318.5 MiB,14251.7 MiB
Python 3.10.11,nbody.py 50000000,190,1691277014,624723,python,3:42.86,16368,8420,5676,100.0,0.1,1,1,3:42,0,4,3580,31,1823,0,8420,295,2,277,16,0,12.9,1.5,0.0,85.6,0.0,0.0,0.0,0.0,15795.0 MiB,12352.6 MiB,953.0 MiB,2489.4 MiB,4096.0 MiB,2777.5 MiB,1318.5 MiB,14251.4 MiB
Python 3.10.11,nbody.py 50000000,191,1691277015,624723,python,3:44.03,16368,8420,5676,93.8,0.1,1,1,3:44,0,4,3580,31,1823,0,8420,295,2,277,16,0,12.9,0.8,0.0,86.4,0.0,0.0,0.0,0.0,15795.0 MiB,12352.6 MiB,953.0 MiB,2489.4 MiB,4096.0 MiB,2777.5 MiB,1318.5 MiB,14251.4 MiB
Python 3.10.11,nbody.py 50000000,192,1691277017,624723,python,3:45.20,16368,8420,5676,100.0,0.1,1,1,3:45,0,4,3580,31,1823,0,8420,295,2,277,16,0,12.9,0.8,0.0,86.4,0.0,0.0,0.0,0.0,15795.0 MiB,12352.1 MiB,953.5 MiB,2489.4 MiB,4096.0 MiB,2777.5 MiB,1318.5 MiB,14250.9 MiB
Python 3.10.11,nbody.py 50000000,193,1691277018,624723,python,3:46.37,16368,8420,5676,93.8,0.1,1,1,3:46,0,4,3580,31,1823,0,8420,295,2,277,16,0,13.7,0.0,0.0,86.3,0.0,0.0,0.0,0.0,15795.0 MiB,12352.3 MiB,953.3 MiB,2489.4 MiB,4096.0 MiB,2777.5 MiB,1318.5 MiB,14251.2 MiB
Python 3.10.11,nbody.py 50000000,194,1691277019,624723,python,3:47.55,16368,8420,5676,100.0,0.1,1,1,3:47,0,4,3580,31,1823,0,8420,295,2,277,16,0,12.9,0.8,0.0,86.4,0.0,0.0,0.0,0.0,15795.0 MiB,12352.3 MiB,953.2 MiB,2489.4 MiB,4096.0 MiB,2777.5 MiB,1318.5 MiB,14251.2 MiB
Python 3.10.11,nbody.py 50000000,195,1691277020,624723,python,3:48.72,16368,8420,5676,100.0,0.1,1,1,3:48,0,4,3580,31,1823,0,8420,295,2,277,16,0,13.0,0.8,0.0,86.3,0.0,0.0,0.0,0.0,15795.0 MiB,12352.8 MiB,952.8 MiB,2489.4 MiB,4096.0 MiB,2777.5 MiB,1318.5 MiB,14251.7 MiB
Python 3.10.11,nbody.py 50000000,196,1691277021,624723,python,3:49.89,16368,8420,5676,100.0,0.1,1,1,3:49,0,4,3580,31,1823,0,8420,295,2,277,16,0,13.6,0.8,0.0,85.6,0.0,0.0,0.0,0.0,15795.0 MiB,12353.1 MiB,952.5 MiB,2489.4 MiB,4096.0 MiB,2777.5 MiB,1318.5 MiB,14252.0 MiB
Python 3.10.11,nbody.py 50000000,197,1691277022,624723,python,3:51.07,16368,8420,5676,100.0,0.1,1,1,3:51,0,4,3580,31,1823,0,8420,295,2,277,16,0,14.2,1.5,0.0,84.3,0.0,0.0,0.0,0.0,15795.0 MiB,12352.8 MiB,952.7 MiB,2489.4 MiB,4096.0 MiB,2777.5 MiB,1318.5 MiB,14251.7 MiB
Python 3.10.11,nbody.py 50000000,198,1691277024,624723,python,3:52.24,16368,8420,5676,100.0,0.1,1,1,3:52,0,4,3580,31,1823,0,8420,295,2,277,16,0,12.2,0.8,0.0,87.0,0.0,0.0,0.0,0.0,15795.0 MiB,12352.8 MiB,952.7 MiB,2489.4 MiB,4096.0 MiB,2777.5 MiB,1318.5 MiB,14251.7 MiB
Python 3.10.11,nbody.py 50000000,199,1691277025,624723,python,3:53.41,16368,8420,5676,100.0,0.1,1,1,3:53,0,4,3580,31,1823,0,8420,295,2,277,16,0,12.2,1.5,0.0,86.3,0.0,0.0,0.0,0.0,15795.0 MiB,12352.6 MiB,953.0 MiB,2489.4 MiB,4096.0 MiB,2777.5 MiB,1318.5 MiB,14251.5 MiB
Python 3.10.11,nbody.py 50000000,200,1691277026,624723,python,3:54.58,16368,8420,5676,93.8,0.1,1,1,3:54,0,4,3580,31,1823,0,8420,295,2,277,16,0,12.1,1.5,0.0,86.4,0.0,0.0,0.0,0.0,15795.0 MiB,12352.3 MiB,953.2 MiB,2489.4 MiB,4096.0 MiB,2777.5 MiB,1318.5 MiB,14251.2 MiB
Python 3.10.11,nbody.py 50000000,201,1691277027,624723,python,3:55.75,16368,8420,5676,93.8,0.1,1,1,3:55,0,4,3580,31,1823,0,8420,295,2,277,16,0,13.0,0.8,0.0,86.3,0.0,0.0,0.0,0.0,15795.0 MiB,12352.3 MiB,953.2 MiB,2489.4 MiB,4096.0 MiB,2777.5 MiB,1318.5 MiB,14251.2 MiB
Python 3.10.11,nbody.py 50000000,202,1691277028,624723,python,3:56.93,16368,8420,5676,100.0,0.1,1,1,3:56,0,4,3580,31,1823,0,8420,295,2,277,16,0,13.0,0.8,0.0,86.3,0.0,0.0,0.0,0.0,15795.0 MiB,12352.3 MiB,953.2 MiB,2489.4 MiB,4096.0 MiB,2777.5 MiB,1318.5 MiB,14251.2 MiB
Python 3.10.11,nbody.py 50000000,203,1691277029,624723,python,3:58.10,16368,8420,5676,100.0,0.1,1,1,3:58,0,4,3580,31,1823,0,8420,295,2,277,16,0,12.3,0.8,0.0,86.9,0.0,0.0,0.0,0.0,15795.0 MiB,12352.3 MiB,953.2 MiB,2489.4 MiB,4096.0 MiB,2777.5 MiB,1318.5 MiB,14251.2 MiB
Python 3.10.11,nbody.py 50000000,204,1691277031,624723,python,3:59.27,16368,8420,5676,100.0,0.1,1,1,3:59,0,4,3580,31,1823,0,8420,295,2,277,16,0,13.0,0.8,0.0,85.5,0.8,0.0,0.0,0.0,15795.0 MiB,12352.1 MiB,953.5 MiB,2489.4 MiB,4096.0 MiB,2777.5 MiB,1318.5 MiB,14251.0 MiB
Python 3.10.11,nbody.py 50000000,205,1691277032,624723,python,4:00.45,16368,8420,5676,100.0,0.1,1,5,4:00,0,4,3580,31,1823,0,8420,295,2,277,16,0,13.0,1.5,0.0,85.5,0.0,0.0,0.0,0.0,15795.0 MiB,12351.8 MiB,953.7 MiB,2489.4 MiB,4096.0 MiB,2777.5 MiB,1318.5 MiB,14250.8 MiB
Python 3.10.11,nbody.py 50000000,206,1691277033,624723,python,4:01.62,16368,8420,5676,100.0,0.1,1,5,4:01,0,4,3580,31,1823,0,8420,295,2,277,16,0,12.8,1.5,0.0,85.0,0.0,0.0,0.8,0.0,15795.0 MiB,12351.8 MiB,953.7 MiB,2489.4 MiB,4096.0 MiB,2777.5 MiB,1318.5 MiB,14250.8 MiB
Python 3.10.11,nbody.py 50000000,207,1691277034,624723,python,4:02.79,16368,8420,5676,100.0,0.1,1,5,4:02,0,4,3580,31,1823,0,8420,295,2,277,16,0,13.0,0.8,0.0,86.3,0.0,0.0,0.0,0.0,15795.0 MiB,12351.8 MiB,953.7 MiB,2489.4 MiB,4096.0 MiB,2777.5 MiB,1318.5 MiB,14250.8 MiB
Python 3.10.11,nbody.py 50000000,208,1691277035,624723,python,4:03.96,16368,8420,5676,93.8,0.1,1,5,4:03,0,4,3580,31,1823,0,8420,295,2,277,16,0,13.0,0.8,0.0,86.3,0.0,0.0,0.0,0.0,15795.0 MiB,12351.8 MiB,953.7 MiB,2489.4 MiB,4096.0 MiB,2777.5 MiB,1318.5 MiB,14250.8 MiB
Python 3.10.11,nbody.py 50000000,209,1691277036,624723,python,4:05.13,16368,8420,5676,93.8,0.1,1,1,4:05,0,4,3580,31,1823,0,8420,295,2,277,16,0,13.6,0.8,0.0,84.8,0.8,0.0,0.0,0.0,15795.0 MiB,12351.8 MiB,953.7 MiB,2489.4 MiB,4096.0 MiB,2777.5 MiB,1318.5 MiB,14250.8 MiB
Python 3.10.11,nbody.py 50000000,210,1691277038,624723,python,4:06.31,16368,8420,5676,100.0,0.1,1,1,4:06,0,4,3580,31,1823,0,8420,295,2,277,16,0,12.3,0.8,0.0,86.9,0.0,0.0,0.0,0.0,15795.0 MiB,12352.1 MiB,953.4 MiB,2489.5 MiB,4096.0 MiB,2777.5 MiB,1318.5 MiB,14251.0 MiB
Python 3.10.11,nbody.py 50000000,211,1691277039,624723,python,4:07.48,16368,8420,5676,100.0,0.1,1,1,4:07,0,4,3580,31,1823,0,8420,295,2,277,16,0,13.0,0.8,0.0,86.3,0.0,0.0,0.0,0.0,15795.0 MiB,12352.1 MiB,953.4 MiB,2489.5 MiB,4096.0 MiB,2777.5 MiB,1318.5 MiB,14251.0 MiB
Python 3.10.11,nbody.py 50000000,212,1691277040,624723,python,4:08.65,16368,8420,5676,93.8,0.1,1,1,4:08,0,4,3580,31,1823,0,8420,295,2,277,16,0,12.1,1.5,0.0,86.4,0.0,0.0,0.0,0.0,15795.0 MiB,12351.8 MiB,953.7 MiB,2489.5 MiB,4096.0 MiB,2777.5 MiB,1318.5 MiB,14250.8 MiB
Python 3.10.11,nbody.py 50000000,213,1691277041,624723,python,4:09.83,16368,8420,5676,100.0,0.1,1,1,4:09,0,4,3580,31,1823,0,8420,295,2,277,16,0,13.0,0.8,0.0,86.3,0.0,0.0,0.0,0.0,15795.0 MiB,12351.6 MiB,953.9 MiB,2489.5 MiB,4096.0 MiB,2777.5 MiB,1318.5 MiB,14250.5 MiB
Python 3.10.11,nbody.py 50000000,214,1691277042,624723,python,4:11.00,16368,8420,5676,100.0,0.1,1,1,4:11,0,4,3580,31,1823,0,8420,295,2,277,16,0,12.9,1.5,0.0,85.6,0.0,0.0,0.0,0.0,15795.0 MiB,12351.6 MiB,953.9 MiB,2489.5 MiB,4096.0 MiB,2777.5 MiB,1318.5 MiB,14250.5 MiB
Python 3.10.11,nbody.py 50000000,215,1691277043,624723,python,4:12.17,16368,8420,5676,100.0,0.1,1,1,4:12,0,4,3580,31,1823,0,8420,295,2,277,16,0,12.9,1.5,0.0,85.6,0.0,0.0,0.0,0.0,15795.0 MiB,12351.6 MiB,953.9 MiB,2489.5 MiB,4096.0 MiB,2777.5 MiB,1318.5 MiB,14250.5 MiB
Python 3.10.11,nbody.py 50000000,216,1691277045,624723,python,4:13.34,16368,8420,5676,93.8,0.1,1,1,4:13,0,4,3580,31,1823,0,8420,295,2,277,16,0,12.2,1.5,0.0,86.3,0.0,0.0,0.0,0.0,15795.0 MiB,12351.6 MiB,953.9 MiB,2489.5 MiB,4096.0 MiB,2777.5 MiB,1318.5 MiB,14250.5 MiB
Python 3.10.11,nbody.py 50000000,217,1691277046,624723,python,4:14.52,16368,8420,5676,100.0,0.1,1,1,4:14,0,4,3580,31,1823,0,8420,295,2,277,16,0,12.9,1.5,0.0,85.6,0.0,0.0,0.0,0.0,15795.0 MiB,12351.3 MiB,954.2 MiB,2489.5 MiB,4096.0 MiB,2777.5 MiB,1318.5 MiB,14250.3 MiB
Python 3.10.11,nbody.py 50000000,218,1691277047,624723,python,4:15.69,16368,8420,5676,100.0,0.1,1,1,4:15,0,4,3580,31,1823,0,8420,295,2,277,16,0,13.1,0.8,0.0,86.2,0.0,0.0,0.0,0.0,15795.0 MiB,12351.3 MiB,954.2 MiB,2489.5 MiB,4096.0 MiB,2777.5 MiB,1318.5 MiB,14250.3 MiB
Python 3.10.11,nbody.py 50000000,219,1691277048,624723,python,4:16.86,16368,8420,5676,100.0,0.1,1,1,4:16,0,4,3580,31,1823,0,8420,295,2,277,16,0,13.0,0.8,0.0,86.3,0.0,0.0,0.0,0.0,15795.0 MiB,12350.9 MiB,954.6 MiB,2489.5 MiB,4096.0 MiB,2777.5 MiB,1318.5 MiB,14249.8 MiB
Python 3.10.11,nbody.py 50000000,220,1691277049,624723,python,4:18.03,16368,8420,5676,93.8,0.1,1,1,4:18,0,4,3580,31,1823,0,8420,295,2,277,16,0,13.0,0.8,0.0,86.3,0.0,0.0,0.0,0.0,15795.0 MiB,12350.9 MiB,954.6 MiB,2489.5 MiB,4096.0 MiB,2777.5 MiB,1318.5 MiB,14249.8 MiB
Python 3.10.11,nbody.py 50000000,221,1691277051,624723,python,4:19.21,16368,8420,5676,100.0,0.1,1,1,4:19,0,4,3580,31,1823,0,8420,295,2,277,16,0,12.9,0.8,0.0,85.6,0.8,0.0,0.0,0.0,15795.0 MiB,12350.9 MiB,954.6 MiB,2489.5 MiB,4096.0 MiB,2777.5 MiB,1318.5 MiB,14249.8 MiB
Python 3.10.11,nbody.py 50000000,222,1691277052,624723,python,4:20.38,16368,8420,5676,100.0,0.1,1,1,4:20,0,4,3580,31,1823,0,8420,295,2,277,16,0,13.7,0.0,0.0,86.3,0.0,0.0,0.0,0.0,15795.0 MiB,12350.9 MiB,954.6 MiB,2489.5 MiB,4096.0 MiB,2777.5 MiB,1318.5 MiB,14249.8 MiB
Python 3.10.11,nbody.py 50000000,223,1691277053,624723,python,4:21.55,16368,8420,5676,100.0,0.1,1,1,4:21,0,4,3580,31,1823,0,8420,295,2,277,16,0,12.9,0.8,0.0,86.4,0.0,0.0,0.0,0.0,15795.0 MiB,12350.6 MiB,954.9 MiB,2489.5 MiB,4096.0 MiB,2777.5 MiB,1318.5 MiB,14249.6 MiB
Python 3.10.11,nbody.py 50000000,224,1691277054,624723,python,4:22.72,16368,8420,5676,93.8,0.1,1,1,4:22,0,4,3580,31,1823,0,8420,295,2,277,16,0,12.8,1.5,0.0,85.7,0.0,0.0,0.0,0.0,15795.0 MiB,12350.9 MiB,954.6 MiB,2489.5 MiB,4096.0 MiB,2777.5 MiB,1318.5 MiB,14249.8 MiB
Python 3.10.11,nbody.py 50000000,225,1691277055,624723,python,4:23.90,16368,8420,5676,100.0,0.1,1,1,4:23,0,4,3580,31,1823,0,8420,295,2,277,16,0,13.0,0.8,0.0,86.3,0.0,0.0,0.0,0.0,15795.0 MiB,12350.9 MiB,954.6 MiB,2489.5 MiB,4096.0 MiB,2777.5 MiB,1318.5 MiB,14249.8 MiB
Python 3.10.11,nbody.py 50000000,226,1691277056,624723,python,4:25.07,16368,8420,5676,100.0,0.1,1,1,4:25,0,4,3580,31,1823,0,8420,295,2,277,16,0,13.0,0.8,0.0,86.3,0.0,0.0,0.0,0.0,15795.0 MiB,12350.9 MiB,954.6 MiB,2489.5 MiB,4096.0 MiB,2777.5 MiB,1318.5 MiB,14249.8 MiB
Python 3.10.11,nbody.py 50000000,227,1691277058,624723,python,4:26.24,16368,8420,5676,93.8,0.1,1,1,4:26,0,4,3580,31,1823,0,8420,295,2,277,16,0,13.6,0.8,0.0,85.6,0.0,0.0,0.0,0.0,15795.0 MiB,12350.9 MiB,954.6 MiB,2489.5 MiB,4096.0 MiB,2777.5 MiB,1318.5 MiB,14249.8 MiB
Python 3.10.11,nbody.py 50000000,228,1691277059,624723,python,4:27.41,16368,8420,5676,93.8,0.1,1,1,4:27,0,4,3580,31,1823,0,8420,295,2,277,16,0,12.9,1.5,0.0,85.6,0.0,0.0,0.0,0.0,15795.0 MiB,12350.9 MiB,954.6 MiB,2489.5 MiB,4096.0 MiB,2777.5 MiB,1318.5 MiB,14249.8 MiB
Python 3.10.11,nbody.py 50000000,229,1691277060,624723,python,4:28.59,16368,8420,5676,100.0,0.1,1,1,4:28,0,4,3580,31,1823,0,8420,295,2,277,16,0,12.9,0.8,0.0,86.4,0.0,0.0,0.0,0.0,15795.0 MiB,12350.9 MiB,954.6 MiB,2489.5 MiB,4096.0 MiB,2777.5 MiB,1318.5 MiB,14249.9 MiB
Python 3.10.11,nbody.py 50000000,230,1691277061,624723,python,4:29.76,16368,8420,5676,100.0,0.1,1,1,4:29,0,4,3580,31,1823,0,8420,295,2,277,16,0,13.0,0.8,0.0,86.3,0.0,0.0,0.0,0.0,15795.0 MiB,12350.9 MiB,954.6 MiB,2489.5 MiB,4096.0 MiB,2777.5 MiB,1318.5 MiB,14249.9 MiB
Python 3.10.11,nbody.py 50000000,231,1691277062,624723,python,4:30.93,16368,8420,5676,93.8,0.1,1,1,4:30,0,4,3580,31,1823,0,8420,295,2,277,16,0,12.9,0.8,0.0,86.4,0.0,0.0,0.0,0.0,15795.0 MiB,12350.9 MiB,954.6 MiB,2489.5 MiB,4096.0 MiB,2777.5 MiB,1318.5 MiB,14249.9 MiB
Python 3.10.11,nbody.py 50000000,232,1691277063,624723,python,4:32.11,16368,8420,5676,100.0,0.1,1,1,4:32,0,4,3580,31,1823,0,8420,295,2,277,16,0,13.0,0.8,0.0,86.3,0.0,0.0,0.0,0.0,15795.0 MiB,12350.9 MiB,954.6 MiB,2489.5 MiB,4096.0 MiB,2777.5 MiB,1318.5 MiB,14249.9 MiB
Python 3.10.11,nbody.py 50000000,233,1691277065,624723,python,4:33.28,16368,8420,5676,100.0,0.1,1,1,4:33,0,4,3580,31,1823,0,8420,295,2,277,16,0,12.9,1.5,0.0,85.6,0.0,0.0,0.0,0.0,15795.0 MiB,12350.9 MiB,954.6 MiB,2489.5 MiB,4096.0 MiB,2777.5 MiB,1318.5 MiB,14249.9 MiB
Python 3.10.11,nbody.py 50000000,234,1691277066,624723,python,4:34.45,16368,8420,5676,100.0,0.1,1,1,4:34,0,4,3580,31,1823,0,8420,295,2,277,16,0,13.5,1.5,0.0,85.0,0.0,0.0,0.0,0.0,15795.0 MiB,12350.9 MiB,954.6 MiB,2489.5 MiB,4096.0 MiB,2777.5 MiB,1318.5 MiB,14249.9 MiB
Python 3.10.11,nbody.py 50000000,235,1691277067,624723,python,4:35.62,16368,8420,5676,93.8,0.1,1,1,4:35,0,4,3580,31,1823,0,8420,295,2,277,16,0,12.9,0.8,0.0,86.4,0.0,0.0,0.0,0.0,15795.0 MiB,12350.9 MiB,954.6 MiB,2489.5 MiB,4096.0 MiB,2777.5 MiB,1318.5 MiB,14249.9 MiB
Python 3.10.11,nbody.py 50000000,236,1691277068,624723,python,4:36.79,16368,8420,5676,93.8,0.1,1,5,4:36,0,4,3580,31,1823,0,8420,295,2,277,16,0,13.0,0.8,0.0,85.5,0.8,0.0,0.0,0.0,15795.0 MiB,12350.9 MiB,954.6 MiB,2489.5 MiB,4096.0 MiB,2777.5 MiB,1318.5 MiB,14249.9 MiB
Python 3.10.11,nbody.py 50000000,237,1691277069,624723,python,4:37.97,16368,8420,5676,100.0,0.1,1,5,4:37,0,4,3580,31,1823,0,8420,295,2,277,16,0,14.4,0.8,0.0,84.8,0.0,0.0,0.0,0.0,15795.0 MiB,12350.9 MiB,954.6 MiB,2489.5 MiB,4096.0 MiB,2777.5 MiB,1318.5 MiB,14249.9 MiB
Python 3.10.11,nbody.py 50000000,238,1691277070,624723,python,4:39.14,16368,8420,5676,100.0,0.1,1,5,4:39,0,4,3580,31,1823,0,8420,295,2,277,16,0,13.0,0.8,0.0,86.3,0.0,0.0,0.0,0.0,15795.0 MiB,12351.1 MiB,954.3 MiB,2489.5 MiB,4096.0 MiB,2777.5 MiB,1318.5 MiB,14250.1 MiB
Python 3.10.11,nbody.py 50000000,239,1691277072,624723,python,4:40.31,16368,8420,5676,93.8,0.1,1,5,4:40,0,4,3580,31,1823,0,8420,295,2,277,16,0,12.8,1.5,0.0,85.7,0.0,0.0,0.0,0.0,15795.0 MiB,12351.1 MiB,954.3 MiB,2489.5 MiB,4096.0 MiB,2777.5 MiB,1318.5 MiB,14250.1 MiB
Python 3.10.11,nbody.py 50000000,240,1691277073,624723,python,4:41.49,16368,8420,5676,100.0,0.1,1,5,4:41,0,4,3580,31,1823,0,8420,295,2,277,16,0,12.9,1.5,0.0,85.6,0.0,0.0,0.0,0.0,15795.0 MiB,12351.1 MiB,954.3 MiB,2489.5 MiB,4096.0 MiB,2777.5 MiB,1318.5 MiB,14250.1 MiB
Python 3.10.11,nbody.py 50000000,241,1691277074,624723,python,4:42.66,16368,8420,5676,100.0,0.1,1,5,4:42,0,4,3580,31,1823,0,8420,295,2,277,16,0,12.2,1.5,0.0,86.3,0.0,0.0,0.0,0.0,15795.0 MiB,12351.1 MiB,954.3 MiB,2489.5 MiB,4096.0 MiB,2777.5 MiB,1318.5 MiB,14250.1 MiB
Python 3.10.11,nbody.py 50000000,242,1691277075,624723,python,4:43.83,16368,8420,5676,100.0,0.1,1,5,4:43,0,4,3580,31,1823,0,8420,295,2,277,16,0,13.6,0.0,0.0,86.4,0.0,0.0,0.0,0.0,15795.0 MiB,12350.9 MiB,954.6 MiB,2489.5 MiB,4096.0 MiB,2777.5 MiB,1318.5 MiB,14249.9 MiB
Python 3.10.11,nbody.py 50000000,243,1691277076,624723,python,4:45.01,16368,8420,5676,100.0,0.1,1,5,4:45,0,4,3580,31,1823,0,8420,295,2,277,16,0,13.1,1.5,0.0,85.4,0.0,0.0,0.0,0.0,15795.0 MiB,12350.9 MiB,954.6 MiB,2489.5 MiB,4096.0 MiB,2777.5 MiB,1318.5 MiB,14249.9 MiB
Python 3.10.11,nbody.py 50000000,244,1691277077,624723,python,4:46.19,16368,8420,5676,100.0,0.1,1,5,4:46,0,4,3580,31,1823,0,8420,295,2,277,16,0,13.0,0.8,0.0,85.5,0.8,0.0,0.0,0.0,15795.0 MiB,12350.9 MiB,954.6 MiB,2489.6 MiB,4096.0 MiB,2777.5 MiB,1318.5 MiB,14249.9 MiB
Python 3.10.11,nbody.py 50000000,245,1691277079,624723,python,4:47.37,16368,8420,5676,94.1,0.1,1,5,4:47,0,4,3580,31,1823,0,8420,295,2,277,16,0,13.1,0.7,0.0,86.1,0.0,0.0,0.0,0.0,15795.0 MiB,12351.6 MiB,953.8 MiB,2489.6 MiB,4096.0 MiB,2777.5 MiB,1318.5 MiB,14250.6 MiB
Python 3.10.11,nbody.py 50000000,246,1691277080,624723,python,4:48.54,16368,8420,5676,100.0,0.1,1,1,4:48,0,4,3580,31,1823,0,8420,295,2,277,16,0,13.0,0.8,0.0,86.3,0.0,0.0,0.0,0.0,15795.0 MiB,12351.6 MiB,953.8 MiB,2489.6 MiB,4096.0 MiB,2777.5 MiB,1318.5 MiB,14250.6 MiB
Python 3.10.11,nbody.py 50000000,247,1691277081,624723,python,4:49.71,16368,8420,5676,93.8,0.1,1,1,4:49,0,4,3580,31,1823,0,8420,295,2,277,16,0,13.0,0.8,0.0,86.3,0.0,0.0,0.0,0.0,15795.0 MiB,12351.6 MiB,953.8 MiB,2489.6 MiB,4096.0 MiB,2777.5 MiB,1318.5 MiB,14250.6 MiB
Python 3.10.11,nbody.py 50000000,248,1691277082,624723,python,4:50.89,16368,8420,5676,100.0,0.1,1,1,4:50,0,4,3580,31,1823,0,8420,295,2,277,16,0,12.9,1.5,0.0,85.6,0.0,0.0,0.0,0.0,15795.0 MiB,12351.4 MiB,954.1 MiB,2489.6 MiB,4096.0 MiB,2777.5 MiB,1318.5 MiB,14250.4 MiB
Python 3.10.11,nbody.py 50000000,249,1691277083,624723,python,4:52.06,16368,8420,5676,100.0,0.1,1,1,4:52,0,4,3580,31,1823,0,8420,295,2,277,16,0,13.0,0.8,0.0,86.3,0.0,0.0,0.0,0.0,15795.0 MiB,12351.4 MiB,954.1 MiB,2489.6 MiB,4096.0 MiB,2777.5 MiB,1318.5 MiB,14250.4 MiB
Python 3.10.11,nbody.py 50000000,250,1691277085,624723,python,4:53.23,16368,8420,5676,100.0,0.1,1,1,4:53,0,4,3580,31,1823,0,8420,295,2,277,16,0,13.5,1.5,0.0,85.0,0.0,0.0,0.0,0.0,15795.0 MiB,12351.1 MiB,954.3 MiB,2489.6 MiB,4096.0 MiB,2777.5 MiB,1318.5 MiB,14250.2 MiB
Python 3.10.11,nbody.py 50000000,251,1691277086,624723,python,4:54.40,16368,8420,5676,93.8,0.1,1,1,4:54,0,4,3580,31,1823,0,8420,295,2,277,16,0,13.0,0.8,0.0,86.3,0.0,0.0,0.0,0.0,15795.0 MiB,12350.9 MiB,954.5 MiB,2489.6 MiB,4096.0 MiB,2777.5 MiB,1318.5 MiB,14249.9 MiB
Python 3.10.11,nbody.py 50000000,252,1691277087,624723,python,4:55.57,16368,8420,5676,93.8,0.1,1,1,4:55,0,4,3580,31,1823,0,8420,295,2,277,16,0,13.0,0.0,0.0,87.0,0.0,0.0,0.0,0.0,15795.0 MiB,12350.6 MiB,954.8 MiB,2489.6 MiB,4096.0 MiB,2777.5 MiB,1318.5 MiB,14249.7 MiB
Python 3.10.11,nbody.py 50000000,253,1691277088,624723,python,4:56.75,16368,8420,5676,100.0,0.1,1,1,4:56,0,4,3580,31,1823,0,8420,295,2,277,16,0,13.0,0.8,0.0,86.3,0.0,0.0,0.0,0.0,15795.0 MiB,12350.6 MiB,954.8 MiB,2489.6 MiB,4096.0 MiB,2777.5 MiB,1318.5 MiB,14249.7 MiB
Python 3.10.11,nbody.py 50000000,254,1691277089,624723,python,4:57.92,16368,8420,5676,100.0,0.1,1,1,4:57,0,4,3580,31,1823,0,8420,295,2,277,16,0,12.9,0.8,0.0,86.4,0.0,0.0,0.0,0.0,15795.0 MiB,12350.6 MiB,954.8 MiB,2489.6 MiB,4096.0 MiB,2777.5 MiB,1318.5 MiB,14249.7 MiB
Python 3.10.11,nbody.py 50000000,255,1691277090,624723,python,4:59.09,16368,8420,5676,93.8,0.1,1,1,4:59,0,4,3580,31,1823,0,8420,295,2,277,16,0,12.2,0.8,0.0,87.0,0.0,0.0,0.0,0.0,15795.0 MiB,12350.6 MiB,954.8 MiB,2489.6 MiB,4096.0 MiB,2777.5 MiB,1318.5 MiB,14249.7 MiB
Python 3.10.11,nbody.py 50000000,256,1691277092,624723,python,5:00.28,16368,8420,5676,100.0,0.1,1,1,5:00,0,4,3580,31,1823,0,8420,295,2,277,16,0,12.9,1.4,0.0,85.6,0.0,0.0,0.0,0.0,15795.0 MiB,12350.1 MiB,955.3 MiB,2489.6 MiB,4096.0 MiB,2777.5 MiB,1318.5 MiB,14249.2 MiB
Python 3.10.11,nbody.py 50000000,257,1691277093,624723,python,5:01.45,16368,8420,5676,100.0,0.1,1,1,5:01,0,4,3580,31,1823,0,8420,295,2,277,16,0,13.0,0.8,0.0,86.3,0.0,0.0,0.0,0.0,15795.0 MiB,12350.1 MiB,955.3 MiB,2489.6 MiB,4096.0 MiB,2777.5 MiB,1318.5 MiB,14249.2 MiB
Python 3.10.11,nbody.py 50000000,258,1691277094,624723,python,5:02.62,16368,8420,5676,93.8,0.1,1,1,5:02,0,4,3580,31,1823,0,8420,295,2,277,16,0,13.0,0.8,0.0,86.3,0.0,0.0,0.0,0.0,15795.0 MiB,12350.1 MiB,955.3 MiB,2489.6 MiB,4096.0 MiB,2777.5 MiB,1318.5 MiB,14249.2 MiB
Python 3.10.11,nbody.py 50000000,259,1691277095,624723,python,5:03.80,16368,8420,5676,100.0,0.1,1,5,5:03,0,4,3580,31,1823,0,8420,295,2,277,16,0,13.6,0.8,0.0,85.6,0.0,0.0,0.0,0.0,15795.0 MiB,12350.1 MiB,955.3 MiB,2489.6 MiB,4096.0 MiB,2777.5 MiB,1318.5 MiB,14249.2 MiB
Python 3.10.11,nbody.py 50000000,260,1691277096,624723,python,5:04.97,16368,8420,5676,100.0,0.1,1,5,5:04,0,4,3580,31,1823,0,8420,295,2,277,16,0,13.0,0.8,0.0,86.3,0.0,0.0,0.0,0.0,15795.0 MiB,12349.6 MiB,955.7 MiB,2489.6 MiB,4096.0 MiB,2777.5 MiB,1318.5 MiB,14248.7 MiB
Python 3.10.11,nbody.py 50000000,261,1691277097,624723,python,5:06.14,16368,8420,5676,100.0,0.1,1,5,5:06,0,4,3580,31,1823,0,8420,295,2,277,16,0,12.1,1.5,0.0,86.4,0.0,0.0,0.0,0.0,15795.0 MiB,12349.4 MiB,956.0 MiB,2489.6 MiB,4096.0 MiB,2777.5 MiB,1318.5 MiB,14248.5 MiB
Python 3.10.11,nbody.py 50000000,262,1691277099,624723,python,5:07.31,16368,8420,5676,93.8,0.1,1,5,5:07,0,4,3580,31,1823,0,8420,295,2,277,16,0,13.1,0.8,0.0,86.2,0.0,0.0,0.0,0.0,15795.0 MiB,12349.1 MiB,956.2 MiB,2489.6 MiB,4096.0 MiB,2777.5 MiB,1318.5 MiB,14248.2 MiB
Python 3.10.11,nbody.py 50000000,263,1691277100,624723,python,5:08.48,16368,8420,5676,93.8,0.1,1,5,5:08,0,4,3580,31,1823,0,8420,295,2,277,16,0,13.6,0.8,0.0,85.6,0.0,0.0,0.0,0.0,15795.0 MiB,12349.4 MiB,956.0 MiB,2489.6 MiB,4096.0 MiB,2777.5 MiB,1318.5 MiB,14248.5 MiB
Python 3.10.11,nbody.py 50000000,264,1691277101,624723,python,5:09.66,16368,8420,5676,100.0,0.1,1,5,5:09,0,4,3580,31,1823,0,8420,295,2,277,16,0,13.0,0.8,0.0,86.3,0.0,0.0,0.0,0.0,15795.0 MiB,12349.4 MiB,956.0 MiB,2489.6 MiB,4096.0 MiB,2777.5 MiB,1318.5 MiB,14248.5 MiB
Python 3.10.11,nbody.py 50000000,265,1691277102,624723,python,5:10.83,16368,8420,5676,100.0,0.1,1,5,5:10,0,4,3580,31,1823,0,8420,295,2,277,16,0,13.0,0.8,0.0,86.3,0.0,0.0,0.0,0.0,15795.0 MiB,12349.6 MiB,955.7 MiB,2489.6 MiB,4096.0 MiB,2777.5 MiB,1318.5 MiB,14248.7 MiB
Python 3.10.11,nbody.py 50000000,266,1691277103,624723,python,5:12.00,16368,8420,5676,100.0,0.1,1,5,5:12,0,4,3580,31,1823,0,8420,295,2,277,16,0,13.0,0.8,0.0,84.7,1.5,0.0,0.0,0.0,15795.0 MiB,12349.4 MiB,956.0 MiB,2489.6 MiB,4096.0 MiB,2777.5 MiB,1318.5 MiB,14248.5 MiB
Python 3.10.11,nbody.py 50000000,267,1691277104,624723,python,5:13.18,16368,8420,5676,100.0,0.1,1,5,5:13,0,4,3580,31,1823,0,8420,295,2,277,16,0,12.9,0.8,0.0,85.6,0.8,0.0,0.0,0.0,15795.0 MiB,12349.6 MiB,955.7 MiB,2489.6 MiB,4096.0 MiB,2777.5 MiB,1318.5 MiB,14248.7 MiB
Python 3.10.11,nbody.py 50000000,268,1691277106,624723,python,5:14.35,16368,8420,5676,100.0,0.1,1,5,5:14,0,4,3580,31,1823,0,8420,295,2,277,16,0,12.4,0.8,0.0,86.8,0.0,0.0,0.0,0.0,15795.0 MiB,12349.6 MiB,955.7 MiB,2489.6 MiB,4096.0 MiB,2777.5 MiB,1318.5 MiB,14248.7 MiB
Python 3.10.11,nbody.py 50000000,269,1691277107,624723,python,5:15.52,16368,8420,5676,100.0,0.1,1,1,5:15,0,4,3580,31,1823,0,8420,295,2,277,16,0,13.1,0.0,0.0,86.9,0.0,0.0,0.0,0.0,15795.0 MiB,12349.9 MiB,955.5 MiB,2489.6 MiB,4096.0 MiB,2777.5 MiB,1318.5 MiB,14249.0 MiB
Python 3.10.11,nbody.py 50000000,270,1691277108,624723,python,5:16.69,16368,8420,5676,93.8,0.1,1,1,5:16,0,4,3580,31,1823,0,8420,295,2,277,16,0,13.6,0.8,0.0,85.6,0.0,0.0,0.0,0.0,15795.0 MiB,12349.9 MiB,955.5 MiB,2489.6 MiB,4096.0 MiB,2777.5 MiB,1318.5 MiB,14249.0 MiB
Python 3.10.11,nbody.py 50000000,271,1691277109,624723,python,5:17.88,16368,8420,5676,94.1,0.1,1,2,5:17,0,4,3580,31,1823,0,8420,296,3,277,16,0,25.0,2.1,0.0,72.9,0.0,0.0,0.0,0.0,15795.0 MiB,12310.0 MiB,995.3 MiB,2489.6 MiB,4096.0 MiB,2778.5 MiB,1317.5 MiB,14209.1 MiB
Python 3.10.11,nbody.py 50000000,272,1691277110,624723,python,5:19.06,16368,8420,5676,100.0,0.1,1,2,5:19,0,4,3580,31,1823,0,8420,298,4,278,16,0,21.7,7.0,0.0,71.3,0.0,0.0,0.0,0.0,15795.0 MiB,12268.5 MiB,1036.2 MiB,2490.3 MiB,4096.0 MiB,2778.5 MiB,1317.5 MiB,14167.9 MiB
Python 3.10.11,nbody.py 50000000,273,1691277112,624723,python,5:20.24,16368,8420,5676,100.0,0.1,1,6,5:20,0,4,3580,31,1823,0,8420,298,3,279,16,0,25.7,1.5,0.0,72.8,0.0,0.0,0.0,0.0,15795.0 MiB,12265.8 MiB,1039.4 MiB,2489.8 MiB,4096.0 MiB,2778.5 MiB,1317.5 MiB,14165.0 MiB
Python 3.10.11,nbody.py 50000000,274,1691277113,624723,python,5:21.42,16368,8420,5676,100.0,0.1,1,6,5:21,0,4,3580,31,1823,0,8420,298,3,279,16,0,25.2,2.2,0.0,72.6,0.0,0.0,0.0,0.0,15795.0 MiB,12257.7 MiB,1047.3 MiB,2490.0 MiB,4096.0 MiB,2778.5 MiB,1317.5 MiB,14157.0 MiB
Python 3.10.11,nbody.py 50000000,275,1691277114,624723,python,5:22.61,16368,8420,5676,100.0,0.1,1,6,5:22,0,4,3580,31,1823,0,8420,297,3,278,16,0,24.8,1.4,0.0,73.8,0.0,0.0,0.0,0.0,15795.0 MiB,12298.5 MiB,1006.4 MiB,2490.0 MiB,4096.0 MiB,2778.5 MiB,1317.5 MiB,14197.9 MiB
Python 3.10.11,nbody.py 50000000,276,1691277115,624723,python,5:23.79,16368,8420,5676,93.8,0.1,1,2,5:23,0,4,3580,31,1823,0,8420,297,3,278,16,0,26.5,1.5,0.0,72.1,0.0,0.0,0.0,0.0,15795.0 MiB,12286.2 MiB,1018.7 MiB,2490.0 MiB,4096.0 MiB,2778.5 MiB,1317.5 MiB,14185.9 MiB
Python 3.10.11,nbody.py 50000000,277,1691277116,624723,python,5:24.97,16368,8420,5676,93.8,0.1,1,2,5:24,0,4,3580,31,1823,0,8420,297,3,278,16,0,25.4,0.7,0.0,73.9,0.0,0.0,0.0,0.0,15795.0 MiB,12237.8 MiB,1067.2 MiB,2490.0 MiB,4096.0 MiB,2778.5 MiB,1317.5 MiB,14137.1 MiB
Python 3.10.11,nbody.py 50000000,278,1691277117,624723,python,5:26.15,16368,8420,5676,100.0,0.1,1,6,5:26,0,4,3580,31,1823,0,8420,297,3,278,16,0,25.4,0.7,0.0,73.9,0.0,0.0,0.0,0.0,15795.0 MiB,12237.3 MiB,1067.7 MiB,2490.0 MiB,4096.0 MiB,2778.5 MiB,1317.5 MiB,14136.6 MiB
Python 3.10.11,nbody.py 50000000,279,1691277119,624723,python,5:27.33,16368,8420,5676,100.0,0.1,1,6,5:27,0,4,3580,31,1823,0,8420,297,3,278,16,0,25.9,1.5,0.0,72.6,0.0,0.0,0.0,0.0,15795.0 MiB,12235.3 MiB,1069.6 MiB,2490.0 MiB,4096.0 MiB,2778.5 MiB,1317.5 MiB,14134.7 MiB
Python 3.10.11,nbody.py 50000000,280,1691277120,624723,python,5:28.51,16368,8420,5676,100.0,0.1,1,6,5:28,0,4,3580,31,1823,0,8420,295,3,276,16,0,25.2,2.2,0.0,72.6,0.0,0.0,0.0,0.0,15795.0 MiB,12238.5 MiB,1066.4 MiB,2490.0 MiB,4096.0 MiB,2778.5 MiB,1317.5 MiB,14137.9 MiB
Python 3.10.11,nbody.py 50000000,281,1691277121,624723,python,5:29.70,16368,8420,5676,94.1,0.1,1,6,5:29,0,4,3580,31,1823,0,8420,295,3,276,16,0,25.7,2.1,0.0,72.2,0.0,0.0,0.0,0.0,15795.0 MiB,12236.5 MiB,1068.4 MiB,2490.1 MiB,4096.0 MiB,2778.5 MiB,1317.5 MiB,14135.9 MiB
Python 3.10.11,nbody.py 50000000,282,1691277122,624723,python,5:30.88,16368,8420,5676,100.0,0.1,1,6,5:30,0,4,3580,31,1823,0,8420,296,3,277,16,0,26.9,1.5,0.0,71.6,0.0,0.0,0.0,0.0,15795.0 MiB,12234.7 MiB,1070.2 MiB,2490.1 MiB,4096.0 MiB,2778.5 MiB,1317.5 MiB,14134.1 MiB
Python 3.10.11,nbody.py 50000000,283,1691277123,624723,python,5:32.06,16368,8420,5676,100.0,0.1,1,6,5:32,0,4,3580,31,1823,0,8420,299,4,279,16,0,40.1,9.5,0.0,48.2,2.2,0.0,0.0,0.0,15795.0 MiB,12227.4 MiB,1072.3 MiB,2495.2 MiB,4096.0 MiB,2778.8 MiB,1317.2 MiB,14131.9 MiB
Python 3.10.11,nbody.py 50000000,284,1691277125,624723,python,5:33.25,16368,8420,5676,100.0,0.1,1,6,5:33,0,4,3580,31,1823,0,8420,296,3,277,16,0,27.2,8.1,0.0,64.0,0.7,0.0,0.0,0.0,15795.0 MiB,12223.6 MiB,1074.1 MiB,2497.3 MiB,4096.0 MiB,2778.8 MiB,1317.2 MiB,14130.1 MiB
Python 3.10.11,nbody.py 50000000,285,1691277126,624723,python,5:34.42,16368,8420,5676,100.0,0.1,1,6,5:34,0,4,3580,31,1823,0,8420,295,2,277,16,0,12.9,0.8,0.0,86.4,0.0,0.0,0.0,0.0,15795.0 MiB,12334.0 MiB,963.3 MiB,2497.7 MiB,4096.0 MiB,2778.8 MiB,1317.2 MiB,14240.9 MiB
Python 3.10.11,nbody.py 50000000,286,1691277127,624723,python,5:35.59,16368,8420,5676,100.0,0.1,1,6,5:35,0,4,3580,31,1823,0,8420,295,2,277,16,0,13.0,0.8,0.0,86.3,0.0,0.0,0.0,0.0,15795.0 MiB,12334.3 MiB,963.0 MiB,2497.7 MiB,4096.0 MiB,2778.8 MiB,1317.2 MiB,14241.2 MiB
Python 3.10.11,nbody.py 50000000,287,1691277128,624723,python,5:36.77,16368,8420,5676,100.0,0.1,1,6,5:36,0,4,3580,31,1823,0,8420,295,2,277,16,0,12.9,1.5,0.0,85.6,0.0,0.0,0.0,0.0,15795.0 MiB,12333.5 MiB,963.7 MiB,2497.7 MiB,4096.0 MiB,2778.8 MiB,1317.2 MiB,14240.5 MiB
Python 3.10.11,nbody.py 50000000,288,1691277129,624723,python,5:37.94,16368,8420,5676,100.0,0.1,1,6,5:37,0,4,3580,31,1823,0,8420,295,2,277,16,0,12.2,1.5,0.0,86.3,0.0,0.0,0.0,0.0,15795.0 MiB,12333.5 MiB,963.7 MiB,2497.7 MiB,4096.0 MiB,2778.8 MiB,1317.2 MiB,14240.5 MiB
Python 3.10.11,nbody.py 50000000,289,1691277130,624723,python,5:39.11,16368,8420,5676,100.0,0.1,1,6,5:39,0,4,3580,31,1823,0,8420,295,2,277,16,0,13.1,0.8,0.0,85.4,0.8,0.0,0.0,0.0,15795.0 MiB,12333.5 MiB,963.7 MiB,2497.7 MiB,4096.0 MiB,2778.8 MiB,1317.2 MiB,14240.5 MiB
Python 3.10.11,nbody.py 50000000,290,1691277132,624723,python,5:40.28,16368,8420,5676,93.8,0.1,1,6,5:40,0,4,3580,31,1823,0,8420,295,2,277,16,0,12.3,0.8,0.0,86.9,0.0,0.0,0.0,0.0,15795.0 MiB,12333.5 MiB,963.7 MiB,2497.7 MiB,4096.0 MiB,2778.8 MiB,1317.2 MiB,14240.5 MiB
Python 3.10.11,nbody.py 50000000,291,1691277133,624723,python,5:41.45,16368,8420,5676,93.8,0.1,1,6,5:41,0,4,3580,31,1823,0,8420,295,2,277,16,0,12.9,0.8,0.0,86.4,0.0,0.0,0.0,0.0,15795.0 MiB,12333.5 MiB,963.7 MiB,2497.7 MiB,4096.0 MiB,2778.8 MiB,1317.2 MiB,14240.5 MiB
Python 3.10.11,nbody.py 50000000,292,1691277134,624723,python,5:42.63,16368,8420,5676,100.0,0.1,1,6,5:42,0,4,3580,31,1823,0,8420,296,2,278,16,0,14.1,2.2,0.0,83.7,0.0,0.0,0.0,0.0,15795.0 MiB,12334.0 MiB,963.2 MiB,2497.7 MiB,4096.0 MiB,2778.8 MiB,1317.2 MiB,14241.0 MiB
Python 3.10.11,nbody.py 50000000,293,1691277135,624723,python,5:43.80,16368,8420,5676,93.8,0.1,1,6,5:43,0,4,3580,31,1823,0,8420,296,2,278,16,0,12.2,1.5,0.0,86.3,0.0,0.0,0.0,0.0,15795.0 MiB,12334.0 MiB,963.2 MiB,2497.7 MiB,4096.0 MiB,2778.8 MiB,1317.2 MiB,14241.0 MiB
Python 3.10.11,nbody.py 50000000,294,1691277136,624723,python,5:44.97,16368,8420,5676,93.8,0.1,1,6,5:44,0,4,3580,31,1823,0,8420,296,2,278,16,0,12.9,1.5,0.0,85.6,0.0,0.0,0.0,0.0,15795.0 MiB,12333.8 MiB,963.5 MiB,2497.7 MiB,4096.0 MiB,2778.8 MiB,1317.2 MiB,14240.7 MiB
Python 3.10.11,nbody.py 50000000,295,1691277137,624723,python,5:46.15,16368,8420,5676,100.0,0.1,1,6,5:46,0,4,3580,31,1823,0,8420,296,2,278,16,0,13.6,0.0,0.0,86.4,0.0,0.0,0.0,0.0,15795.0 MiB,12333.8 MiB,963.5 MiB,2497.7 MiB,4096.0 MiB,2778.8 MiB,1317.2 MiB,14240.7 MiB
Python 3.10.11,nbody.py 50000000,296,1691277139,624723,python,5:47.32,16368,8420,5676,100.0,0.1,1,6,5:47,0,4,3580,31,1823,0,8420,296,2,278,16,0,13.1,0.0,0.0,86.9,0.0,0.0,0.0,0.0,15795.0 MiB,12333.8 MiB,963.5 MiB,2497.7 MiB,4096.0 MiB,2778.8 MiB,1317.2 MiB,14240.8 MiB
Python 3.10.11,nbody.py 50000000,297,1691277140,624723,python,5:48.49,16368,8420,5676,100.0,0.1,1,6,5:48,0,4,3580,31,1823,0,8420,296,2,278,16,0,13.0,0.8,0.0,86.3,0.0,0.0,0.0,0.0,15795.0 MiB,12333.8 MiB,963.5 MiB,2497.7 MiB,4096.0 MiB,2778.8 MiB,1317.2 MiB,14240.8 MiB
Python 3.10.11,nbody.py 50000000,298,1691277141,624723,python,5:49.66,16368,8420,5676,93.8,0.1,1,6,5:49,0,4,3580,31,1823,0,8420,296,2,278,16,0,13.0,0.8,0.0,86.3,0.0,0.0,0.0,0.0,15795.0 MiB,12333.8 MiB,963.5 MiB,2497.7 MiB,4096.0 MiB,2778.8 MiB,1317.2 MiB,14240.8 MiB
Python 3.10.11,nbody.py 50000000,299,1691277142,624723,python,5:50.83,16368,8420,5676,100.0,0.1,1,6,5:50,0,4,3580,31,1823,0,8420,296,2,278,16,0,12.9,1.5,0.0,85.6,0.0,0.0,0.0,0.0,15795.0 MiB,12332.1 MiB,965.2 MiB,2497.7 MiB,4096.0 MiB,2778.8 MiB,1317.2 MiB,14239.0 MiB
Python 3.10.11,nbody.py 50000000,300,1691277143,624723,python,5:52.02,16368,8420,5676,100.0,0.1,1,6,5:52,0,4,3580,31,1823,0,8420,296,2,278,16,0,13.0,1.4,0.0,85.5,0.0,0.0,0.0,0.0,15795.0 MiB,12332.1 MiB,965.2 MiB,2497.7 MiB,4096.0 MiB,2778.8 MiB,1317.2 MiB,14239.0 MiB
Python 3.10.11,nbody.py 50000000,301,1691277145,624723,python,5:53.19,16368,8420,5676,100.0,0.1,1,6,5:53,0,4,3580,31,1823,0,8420,296,2,278,16,0,13.6,0.8,0.0,85.6,0.0,0.0,0.0,0.0,15795.0 MiB,12332.1 MiB,965.2 MiB,2497.7 MiB,4096.0 MiB,2778.8 MiB,1317.2 MiB,14239.0 MiB
Python 3.10.11,nbody.py 50000000,302,1691277146,624723,python,5:54.37,16368,8420,5676,100.0,0.1,1,6,5:54,0,4,3580,31,1823,0,8420,296,2,278,16,0,13.6,1.5,0.0,84.8,0.0,0.0,0.0,0.0,15795.0 MiB,12331.8 MiB,965.4 MiB,2497.7 MiB,4096.0 MiB,2778.8 MiB,1317.2 MiB,14238.8 MiB
Python 3.10.11,nbody.py 50000000,303,1691277147,624723,python,5:55.54,16368,8420,5676,100.0,0.1,1,6,5:55,0,4,3580,31,1823,0,8420,296,2,278,16,0,12.2,1.5,0.0,85.5,0.8,0.0,0.0,0.0,15795.0 MiB,12331.6 MiB,965.7 MiB,2497.8 MiB,4096.0 MiB,2778.8 MiB,1317.2 MiB,14238.6 MiB
Python 3.10.11,nbody.py 50000000,304,1691277148,624723,python,5:56.71,16368,8420,5676,100.0,0.1,1,6,5:56,0,4,3580,31,1823,0,8420,296,2,278,16,0,12.2,1.5,0.0,86.3,0.0,0.0,0.0,0.0,15795.0 MiB,12331.6 MiB,965.7 MiB,2497.8 MiB,4096.0 MiB,2778.8 MiB,1317.2 MiB,14238.6 MiB
Python 3.10.11,nbody.py 50000000,305,1691277149,624723,python,5:57.88,16368,8420,5676,93.8,0.1,1,6,5:57,0,4,3580,31,1823,0,8420,296,2,278,16,0,13.1,0.0,0.0,86.9,0.0,0.0,0.0,0.0,15795.0 MiB,12331.6 MiB,965.7 MiB,2497.8 MiB,4096.0 MiB,2778.8 MiB,1317.2 MiB,14238.6 MiB
Python 3.10.11,nbody.py 50000000,306,1691277150,624723,python,5:59.05,16368,8420,5676,93.8,0.1,1,6,5:59,0,4,3580,31,1823,0,8420,296,2,278,16,0,12.9,0.8,0.0,86.4,0.0,0.0,0.0,0.0,15795.0 MiB,12331.6 MiB,965.7 MiB,2497.8 MiB,4096.0 MiB,2778.8 MiB,1317.2 MiB,14238.6 MiB
Python 3.10.11,nbody.py 50000000,307,1691277152,624723,python,6:00.23,16368,8420,5676,100.0,0.1,1,2,6:00,0,4,3580,31,1823,0,8420,296,2,278,16,0,12.9,1.5,0.0,85.6,0.0,0.0,0.0,0.0,15795.0 MiB,12331.6 MiB,965.7 MiB,2497.8 MiB,4096.0 MiB,2778.8 MiB,1317.2 MiB,14238.6 MiB
Python 3.10.11,nbody.py 50000000,308,1691277153,624723,python,6:01.41,16368,8420,5676,100.0,0.1,1,2,6:01,0,4,3580,31,1823,0,8420,296,2,278,16,0,12.3,1.4,0.0,86.2,0.0,0.0,0.0,0.0,15795.0 MiB,12329.9 MiB,967.3 MiB,2497.8 MiB,4096.0 MiB,2778.8 MiB,1317.2 MiB,14236.9 MiB
Python 3.10.11,nbody.py 50000000,309,1691277154,624723,python,6:02.58,16368,8420,5676,93.8,0.1,1,2,6:02,0,4,3580,31,1823,0,8420,296,2,278,16,0,13.6,0.8,0.0,85.6,0.0,0.0,0.0,0.0,15795.0 MiB,12329.2 MiB,968.0 MiB,2497.8 MiB,4096.0 MiB,2778.8 MiB,1317.2 MiB,14236.2 MiB
Python 3.10.11,nbody.py 50000000,310,1691277155,624723,python,6:03.75,16368,8420,5676,93.8,0.1,1,2,6:03,0,4,3580,31,1823,0,8420,296,2,278,16,0,13.2,0.0,0.0,86.8,0.0,0.0,0.0,0.0,15795.0 MiB,12328.9 MiB,968.3 MiB,2497.8 MiB,4096.0 MiB,2778.8 MiB,1317.2 MiB,14236.0 MiB
Python 3.10.11,nbody.py 50000000,311,1691277156,624723,python,6:04.93,16368,8420,5676,100.0,0.1,1,2,6:04,0,4,3580,31,1823,0,8420,296,2,278,16,0,13.7,0.8,0.0,85.5,0.0,0.0,0.0,0.0,15795.0 MiB,12328.9 MiB,968.3 MiB,2497.8 MiB,4096.0 MiB,2778.8 MiB,1317.2 MiB,14236.0 MiB
Python 3.10.11,nbody.py 50000000,312,1691277157,624723,python,6:06.10,16368,8420,5676,100.0,0.1,1,2,6:06,0,4,3580,31,1823,0,8420,296,2,278,16,0,13.4,1.5,0.0,84.3,0.7,0.0,0.0,0.0,15795.0 MiB,12328.9 MiB,968.3 MiB,2497.8 MiB,4096.0 MiB,2778.8 MiB,1317.2 MiB,14236.0 MiB
Python 3.10.11,nbody.py 50000000,313,1691277159,624723,python,6:07.27,16368,8420,5676,100.0,0.1,1,2,6:07,0,4,3580,31,1823,0,8420,296,2,278,16,0,13.0,0.8,0.0,86.3,0.0,0.0,0.0,0.0,15795.0 MiB,12329.2 MiB,968.0 MiB,2497.8 MiB,4096.0 MiB,2778.8 MiB,1317.2 MiB,14236.2 MiB
Python 3.10.11,nbody.py 50000000,314,1691277160,624723,python,6:08.45,16368,8420,5676,100.0,0.1,1,2,6:08,0,4,3580,31,1823,0,8420,296,2,278,16,0,12.9,0.8,0.0,86.4,0.0,0.0,0.0,0.0,15795.0 MiB,12329.0 MiB,968.2 MiB,2497.8 MiB,4096.0 MiB,2778.8 MiB,1317.2 MiB,14236.0 MiB
Python 3.10.11,nbody.py 50000000,315,1691277161,624723,python,6:09.62,16368,8420,5676,100.0,0.1,1,2,6:09,0,4,3580,31,1823,0,8420,296,2,278,16,0,12.9,1.5,0.0,85.6,0.0,0.0,0.0,0.0,15795.0 MiB,12329.2 MiB,968.0 MiB,2497.8 MiB,4096.0 MiB,2778.8 MiB,1317.2 MiB,14236.3 MiB
Python 3.10.11,nbody.py 50000000,316,1691277162,624723,python,6:10.79,16368,8420,5676,100.0,0.1,1,2,6:10,0,4,3580,31,1823,0,8420,296,2,278,16,0,12.3,0.8,0.0,86.9,0.0,0.0,0.0,0.0,15795.0 MiB,12329.2 MiB,968.0 MiB,2497.8 MiB,4096.0 MiB,2778.8 MiB,1317.2 MiB,14236.3 MiB
Python 3.10.11,nbody.py 50000000,317,1691277163,624723,python,6:11.96,16368,8420,5676,93.8,0.1,1,2,6:11,0,4,3580,31,1823,0,8420,296,2,278,16,0,13.5,0.8,0.0,85.0,0.8,0.0,0.0,0.0,15795.0 MiB,12329.2 MiB,967.9 MiB,2497.8 MiB,4096.0 MiB,2778.8 MiB,1317.2 MiB,14236.3 MiB
Python 3.10.11,nbody.py 50000000,318,1691277164,624723,python,6:13.14,16368,8420,5676,100.0,0.1,1,2,6:13,0,4,3580,31,1823,0,8420,296,2,278,16,0,13.0,0.8,0.0,86.3,0.0,0.0,0.0,0.0,15795.0 MiB,12329.2 MiB,967.9 MiB,2497.8 MiB,4096.0 MiB,2778.8 MiB,1317.2 MiB,14236.3 MiB
Python 3.10.11,nbody.py 50000000,319,1691277166,624723,python,6:14.31,16368,8420,5676,100.0,0.1,1,2,6:14,0,4,3580,31,1823,0,8420,296,2,278,16,0,13.0,0.8,0.0,86.3,0.0,0.0,0.0,0.0,15795.0 MiB,12329.2 MiB,967.9 MiB,2497.8 MiB,4096.0 MiB,2778.8 MiB,1317.2 MiB,14236.3 MiB
Python 3.10.11,nbody.py 50000000,320,1691277167,624723,python,6:15.48,16368,8420,5676,93.8,0.1,1,2,6:15,0,4,3580,31,1823,0,8420,296,2,278,16,0,13.0,0.8,0.0,86.3,0.0,0.0,0.0,0.0,15795.0 MiB,12329.2 MiB,967.9 MiB,2497.8 MiB,4096.0 MiB,2778.8 MiB,1317.2 MiB,14236.3 MiB
Python 3.10.11,nbody.py 50000000,321,1691277168,624723,python,6:16.65,16368,8420,5676,93.8,0.1,1,2,6:16,0,4,3580,31,1823,0,8420,296,2,278,16,0,13.0,0.8,0.0,86.3,0.0,0.0,0.0,0.0,15795.0 MiB,12329.2 MiB,967.9 MiB,2497.8 MiB,4096.0 MiB,2778.8 MiB,1317.2 MiB,14236.3 MiB
Python 3.10.11,nbody.py 50000000,322,1691277169,624723,python,6:17.83,16368,8420,5676,100.0,0.1,1,2,6:17,0,4,3580,31,1823,0,8420,296,2,278,16,0,12.9,1.5,0.0,85.6,0.0,0.0,0.0,0.0,15795.0 MiB,12329.5 MiB,967.7 MiB,2497.8 MiB,4096.0 MiB,2778.8 MiB,1317.2 MiB,14236.5 MiB
Python 3.10.11,nbody.py 50000000,323,1691277170,624723,python,6:19.00,16368,8420,5676,100.0,0.1,1,2,6:19,0,4,3580,31,1823,0,8420,296,2,278,16,0,12.9,0.8,0.0,86.4,0.0,0.0,0.0,0.0,15795.0 MiB,12329.2 MiB,967.9 MiB,2497.8 MiB,4096.0 MiB,2778.8 MiB,1317.2 MiB,14236.3 MiB
Python 3.10.11,nbody.py 50000000,324,1691277171,624723,python,6:20.17,16368,8420,5676,100.0,0.1,1,2,6:20,0,4,3580,31,1823,0,8420,296,2,278,16,0,13.7,0.8,0.0,85.5,0.0,0.0,0.0,0.0,15795.0 MiB,12329.2 MiB,967.9 MiB,2497.8 MiB,4096.0 MiB,2778.8 MiB,1317.2 MiB,14236.3 MiB
Python 3.10.11,nbody.py 50000000,325,1691277173,624723,python,6:21.35,16368,8420,5676,100.0,0.1,1,2,6:21,0,4,3580,31,1823,0,8420,296,2,278,16,0,13.0,0.8,0.0,86.3,0.0,0.0,0.0,0.0,15795.0 MiB,12329.2 MiB,967.9 MiB,2497.8 MiB,4096.0 MiB,2778.8 MiB,1317.2 MiB,14236.3 MiB
Python 3.10.11,nbody.py 50000000,326,1691277174,624723,python,6:22.52,16368,8420,5676,100.0,0.1,1,2,6:22,0,4,3580,31,1823,0,8420,296,2,278,16,0,12.2,1.5,0.0,86.3,0.0,0.0,0.0,0.0,15795.0 MiB,12329.2 MiB,967.9 MiB,2497.8 MiB,4096.0 MiB,2778.8 MiB,1317.2 MiB,14236.3 MiB
Python 3.10.11,nbody.py 50000000,327,1691277175,624723,python,6:23.69,16368,8420,5676,100.0,0.1,1,2,6:23,0,4,3580,31,1823,0,8420,296,2,278,16,0,12.9,1.5,0.0,85.6,0.0,0.0,0.0,0.0,15795.0 MiB,12329.5 MiB,967.7 MiB,2497.8 MiB,4096.0 MiB,2778.8 MiB,1317.2 MiB,14236.6 MiB
Python 3.10.11,nbody.py 50000000,328,1691277176,624723,python,6:24.86,16368,8420,5676,93.8,0.1,1,2,6:24,0,4,3580,31,1823,0,8420,296,2,278,16,0,13.0,0.8,0.0,86.3,0.0,0.0,0.0,0.0,15795.0 MiB,12329.5 MiB,967.7 MiB,2497.8 MiB,4096.0 MiB,2778.8 MiB,1317.2 MiB,14236.6 MiB
Python 3.10.11,nbody.py 50000000,329,1691277177,624723,python,6:26.03,16368,8420,5676,93.8,0.1,1,2,6:26,0,4,3580,31,1823,0,8420,296,2,278,16,0,12.9,1.5,0.0,85.6,0.0,0.0,0.0,0.0,15795.0 MiB,12329.5 MiB,967.7 MiB,2497.8 MiB,4096.0 MiB,2778.8 MiB,1317.2 MiB,14236.6 MiB
Python 3.10.11,nbody.py 50000000,330,1691277179,624723,python,6:27.20,16368,8420,5676,100.0,0.1,1,2,6:27,0,4,3580,31,1823,0,8420,296,2,278,16,0,13.8,0.0,0.0,86.2,0.0,0.0,0.0,0.0,15795.0 MiB,12329.5 MiB,967.7 MiB,2497.8 MiB,4096.0 MiB,2778.8 MiB,1317.2 MiB,14236.6 MiB
Python 3.10.11,nbody.py 50000000,331,1691277180,624723,python,6:28.38,16368,8420,5676,100.0,0.1,1,2,6:28,0,4,3580,31,1823,0,8420,296,2,278,16,0,13.0,0.8,0.0,86.3,0.0,0.0,0.0,0.0,15795.0 MiB,12329.2 MiB,967.9 MiB,2497.8 MiB,4096.0 MiB,2778.8 MiB,1317.2 MiB,14236.3 MiB
Python 3.10.11,nbody.py 50000000,332,1691277181,624723,python,6:29.55,16368,8420,5676,93.8,0.1,1,2,6:29,0,4,3580,31,1823,0,8420,296,2,278,16,0,12.9,0.8,0.0,86.4,0.0,0.0,0.0,0.0,15795.0 MiB,12329.2 MiB,967.9 MiB,2497.8 MiB,4096.0 MiB,2778.8 MiB,1317.2 MiB,14236.3 MiB
Python 3.10.11,nbody.py 50000000,333,1691277182,624723,python,6:30.72,16368,8420,5676,100.0,0.1,1,2,6:30,0,4,3580,31,1823,0,8420,296,2,278,16,0,12.9,1.5,0.0,85.6,0.0,0.0,0.0,0.0,15795.0 MiB,12329.2 MiB,967.9 MiB,2497.8 MiB,4096.0 MiB,2778.8 MiB,1317.2 MiB,14236.3 MiB
Python 3.10.11,nbody.py 50000000,334,1691277183,624723,python,6:31.90,16368,8420,5676,100.0,0.1,1,2,6:31,0,4,3580,31,1823,0,8420,296,2,278,16,0,13.6,0.8,0.0,85.6,0.0,0.0,0.0,0.0,15795.0 MiB,12329.2 MiB,967.9 MiB,2497.8 MiB,4096.0 MiB,2778.8 MiB,1317.2 MiB,14236.3 MiB
Python 3.10.11,nbody.py 50000000,335,1691277184,624723,python,6:33.07,16368,8420,5676,100.0,0.1,1,2,6:33,0,4,3580,31,1823,0,8420,296,2,278,16,0,13.6,0.8,0.0,85.6,0.0,0.0,0.0,0.0,15795.0 MiB,12329.2 MiB,967.9 MiB,2497.8 MiB,4096.0 MiB,2778.8 MiB,1317.2 MiB,14236.3 MiB
Python 3.10.11,nbody.py 50000000,336,1691277186,624723,python,6:34.24,16368,8420,5676,93.8,0.1,1,2,6:34,0,4,3580,31,1823,0,8420,296,2,278,16,0,12.8,1.5,0.0,85.7,0.0,0.0,0.0,0.0,15795.0 MiB,12329.5 MiB,967.6 MiB,2497.8 MiB,4096.0 MiB,2778.8 MiB,1317.2 MiB,14236.6 MiB
Python 3.10.11,nbody.py 50000000,337,1691277187,624723,python,6:35.42,16368,8420,5676,100.0,0.1,1,2,6:35,0,4,3580,31,1823,0,8420,296,2,278,16,0,12.2,1.5,0.0,86.3,0.0,0.0,0.0,0.0,15795.0 MiB,12329.5 MiB,967.6 MiB,2497.9 MiB,4096.0 MiB,2778.8 MiB,1317.2 MiB,14236.6 MiB
Python 3.10.11,nbody.py 50000000,338,1691277188,624723,python,6:36.59,16368,8420,5676,100.0,0.1,1,2,6:36,0,4,3580,31,1823,0,8420,296,2,278,16,0,13.1,0.0,0.0,86.9,0.0,0.0,0.0,0.0,15795.0 MiB,12329.5 MiB,967.6 MiB,2497.9 MiB,4096.0 MiB,2778.8 MiB,1317.2 MiB,14236.6 MiB
Python 3.10.11,nbody.py 50000000,339,1691277189,624723,python,6:37.76,16368,8420,5676,100.0,0.1,1,2,6:37,0,4,3580,31,1823,0,8420,296,2,278,16,0,13.0,0.8,0.0,86.3,0.0,0.0,0.0,0.0,15795.0 MiB,12329.5 MiB,967.6 MiB,2497.9 MiB,4096.0 MiB,2778.8 MiB,1317.2 MiB,14236.6 MiB
Python 3.10.11,nbody.py 50000000,340,1691277190,624723,python,6:38.93,16368,8420,5676,93.8,0.1,1,2,6:38,0,4,3580,31,1823,0,8420,296,2,278,16,0,13.6,0.8,0.0,85.6,0.0,0.0,0.0,0.0,15795.0 MiB,12329.5 MiB,967.6 MiB,2497.9 MiB,4096.0 MiB,2778.8 MiB,1317.2 MiB,14236.6 MiB
Python 3.10.11,nbody.py 50000000,341,1691277191,624723,python,6:40.11,16368,8420,5676,100.0,0.1,1,2,6:40,0,4,3580,31,1823,0,8420,296,2,278,16,0,12.9,1.5,0.0,85.6,0.0,0.0,0.0,0.0,15795.0 MiB,12329.5 MiB,967.6 MiB,2497.9 MiB,4096.0 MiB,2778.8 MiB,1317.2 MiB,14236.6 MiB
Python 3.10.11,nbody.py 50000000,342,1691277193,624723,python,6:41.28,16368,8420,5676,100.0,0.1,1,2,6:41,0,4,3580,31,1823,0,8420,296,2,278,16,0,12.8,1.5,0.0,85.0,0.8,0.0,0.0,0.0,15795.0 MiB,12329.5 MiB,967.6 MiB,2497.9 MiB,4096.0 MiB,2778.8 MiB,1317.2 MiB,14236.6 MiB
Python 3.10.11,nbody.py 50000000,343,1691277194,624723,python,6:42.45,16368,8420,5676,93.8,0.1,1,2,6:42,0,4,3580,31,1823,0,8420,296,2,278,16,0,13.0,0.8,0.0,86.3,0.0,0.0,0.0,0.0,15795.0 MiB,12329.2 MiB,967.9 MiB,2497.9 MiB,4096.0 MiB,2778.8 MiB,1317.2 MiB,14236.4 MiB
Python 3.10.11,nbody.py 50000000,344,1691277195,624723,python,6:43.63,16368,8420,5676,100.0,0.1,1,6,6:43,0,4,3580,31,1823,0,8420,296,2,278,16,0,14.1,2.2,0.0,83.7,0.0,0.0,0.0,0.0,15795.0 MiB,12329.0 MiB,968.1 MiB,2497.9 MiB,4096.0 MiB,2778.8 MiB,1317.2 MiB,14236.1 MiB
Python 3.10.11,nbody.py 50000000,345,1691277196,624723,python,6:44.80,16368,8420,5676,100.0,0.1,1,6,6:44,0,4,3580,31,1823,0,8420,296,2,278,16,0,12.9,1.5,0.0,85.6,0.0,0.0,0.0,0.0,15795.0 MiB,12329.0 MiB,968.1 MiB,2497.9 MiB,4096.0 MiB,2778.8 MiB,1317.2 MiB,14236.1 MiB
Python 3.10.11,nbody.py 50000000,346,1691277197,624723,python,6:45.97,16368,8420,5676,93.8,0.1,1,6,6:45,0,4,3580,31,1823,0,8420,296,2,278,16,0,13.0,0.8,0.0,86.3,0.0,0.0,0.0,0.0,15795.0 MiB,12329.0 MiB,968.1 MiB,2497.9 MiB,4096.0 MiB,2778.8 MiB,1317.2 MiB,14236.1 MiB
Python 3.10.11,nbody.py 50000000,347,1691277198,624723,python,6:47.14,16368,8420,5676,100.0,0.1,1,6,6:47,0,4,3580,31,1823,0,8420,296,2,278,16,0,13.0,0.8,0.0,85.5,0.8,0.0,0.0,0.0,15795.0 MiB,12329.0 MiB,968.1 MiB,2497.9 MiB,4096.0 MiB,2778.8 MiB,1317.2 MiB,14236.1 MiB
Python 3.10.11,nbody.py 50000000,348,1691277200,624723,python,6:48.32,16368,8420,5676,100.0,0.1,1,6,6:48,0,4,3580,31,1823,0,8420,296,2,278,16,0,13.0,0.8,0.0,86.3,0.0,0.0,0.0,0.0,15795.0 MiB,12329.0 MiB,968.1 MiB,2497.9 MiB,4096.0 MiB,2778.8 MiB,1317.2 MiB,14236.1 MiB
Python 3.10.11,nbody.py 50000000,349,1691277201,624723,python,6:49.49,16368,8420,5676,100.0,0.1,1,6,6:49,0,4,3580,31,1823,0,8420,296,2,278,16,0,13.0,0.8,0.0,86.3,0.0,0.0,0.0,0.0,15795.0 MiB,12329.0 MiB,968.1 MiB,2497.9 MiB,4096.0 MiB,2778.8 MiB,1317.2 MiB,14236.1 MiB
Python 3.10.11,nbody.py 50000000,350,1691277202,624723,python,6:50.66,16368,8420,5676,100.0,0.1,1,6,6:50,0,4,3580,31,1823,0,8420,296,2,278,16,0,12.9,1.5,0.0,85.6,0.0,0.0,0.0,0.0,15795.0 MiB,12329.0 MiB,968.1 MiB,2497.9 MiB,4096.0 MiB,2778.8 MiB,1317.2 MiB,14236.1 MiB
Python 3.10.11,nbody.py 50000000,351,1691277203,624723,python,6:51.84,16368,8420,5676,100.0,0.1,1,6,6:51,0,4,3580,31,1823,0,8420,296,2,278,16,0,13.6,1.5,0.0,84.8,0.0,0.0,0.0,0.0,15795.0 MiB,12329.0 MiB,968.1 MiB,2497.9 MiB,4096.0 MiB,2778.8 MiB,1317.2 MiB,14236.2 MiB
Python 3.10.11,nbody.py 50000000,352,1691277204,624723,python,6:53.01,16368,8420,5676,100.0,0.1,1,6,6:53,0,4,3580,31,1823,0,8420,296,2,278,16,0,13.7,0.0,0.0,86.3,0.0,0.0,0.0,0.0,15795.0 MiB,12329.0 MiB,968.1 MiB,2497.9 MiB,4096.0 MiB,2778.8 MiB,1317.2 MiB,14236.2 MiB
Python 3.10.11,nbody.py 50000000,353,1691277205,624723,python,6:54.18,16368,8420,5676,100.0,0.1,1,2,6:54,0,4,3580,31,1823,0,8420,296,2,278,16,0,14.3,0.8,0.0,85.0,0.0,0.0,0.0,0.0,15795.0 MiB,12329.0 MiB,968.1 MiB,2497.9 MiB,4096.0 MiB,2778.8 MiB,1317.2 MiB,14236.2 MiB
Python 3.10.11,nbody.py 50000000,354,1691277207,624723,python,6:55.36,16368,8420,5676,100.0,0.1,1,2,6:55,0,4,3580,31,1823,0,8420,296,2,278,16,0,12.9,1.5,0.0,85.6,0.0,0.0,0.0,0.0,15795.0 MiB,12329.0 MiB,968.1 MiB,2497.9 MiB,4096.0 MiB,2778.8 MiB,1317.2 MiB,14236.2 MiB
Python 3.10.11,nbody.py 50000000,355,1691277208,624723,python,6:56.53,16368,8420,5676,100.0,0.1,1,2,6:56,0,4,3580,31,1823,0,8420,296,2,278,16,0,12.3,0.8,0.0,86.9,0.0,0.0,0.0,0.0,15795.0 MiB,12329.0 MiB,968.1 MiB,2497.9 MiB,4096.0 MiB,2778.8 MiB,1317.2 MiB,14236.2 MiB
Python 3.10.11,nbody.py 50000000,356,1691277209,624723,python,6:57.70,16368,8420,5676,100.0,0.1,1,2,6:57,0,4,3580,31,1823,0,8420,296,2,278,16,0,13.6,0.8,0.0,85.6,0.0,0.0,0.0,0.0,15795.0 MiB,12329.0 MiB,968.1 MiB,2497.9 MiB,4096.0 MiB,2778.8 MiB,1317.2 MiB,14236.2 MiB
Python 3.10.11,nbody.py 50000000,357,1691277210,624723,python,6:58.87,16368,8420,5676,93.8,0.1,1,2,6:58,0,4,3580,31,1823,0,8420,296,2,278,16,0,13.0,0.8,0.0,86.3,0.0,0.0,0.0,0.0,15795.0 MiB,12328.8 MiB,968.3 MiB,2497.9 MiB,4096.0 MiB,2778.8 MiB,1317.2 MiB,14235.9 MiB
Python 3.10.11,nbody.py 50000000,358,1691277211,624723,python,7:00.04,16368,8420,5676,100.0,0.1,1,2,7:00,0,4,3580,31,1823,0,8420,296,2,278,16,0,13.6,0.8,0.0,85.6,0.0,0.0,0.0,0.0,15795.0 MiB,12328.8 MiB,968.3 MiB,2497.9 MiB,4096.0 MiB,2778.8 MiB,1317.2 MiB,14235.9 MiB
Python 3.10.11,nbody.py 50000000,359,1691277213,624723,python,7:01.22,16368,8420,5676,100.0,0.1,1,2,7:01,0,4,3580,31,1823,0,8420,296,2,278,16,0,13.6,0.8,0.0,85.6,0.0,0.0,0.0,0.0,15795.0 MiB,12328.8 MiB,968.3 MiB,2497.9 MiB,4096.0 MiB,2778.8 MiB,1317.2 MiB,14235.9 MiB
Python 3.10.11,nbody.py 50000000,360,1691277214,624723,python,7:02.39,16368,8420,5676,100.0,0.1,1,2,7:02,0,4,3580,31,1823,0,8420,296,2,278,16,0,13.0,1.5,0.0,85.5,0.0,0.0,0.0,0.0,15795.0 MiB,12328.8 MiB,968.3 MiB,2497.9 MiB,4096.0 MiB,2778.8 MiB,1317.2 MiB,14235.9 MiB
Python 3.10.11,nbody.py 50000000,361,1691277215,624723,python,7:03.56,16368,8420,5676,93.8,0.1,1,2,7:03,0,4,3580,31,1823,0,8420,296,2,278,16,0,12.3,0.8,0.0,86.9,0.0,0.0,0.0,0.0,15795.0 MiB,12328.8 MiB,968.3 MiB,2497.9 MiB,4096.0 MiB,2778.8 MiB,1317.2 MiB,14235.9 MiB
Python 3.10.11,nbody.py 50000000,362,1691277216,624723,python,7:04.74,16368,8420,5676,100.0,0.1,1,2,7:04,0,4,3580,31,1823,0,8420,296,2,278,16,0,12.4,0.8,0.0,86.8,0.0,0.0,0.0,0.0,15795.0 MiB,12328.8 MiB,968.3 MiB,2497.9 MiB,4096.0 MiB,2778.8 MiB,1317.2 MiB,14235.9 MiB
Python 3.10.11,nbody.py 50000000,363,1691277217,624723,python,7:05.91,16368,8420,5676,100.0,0.1,1,2,7:05,0,4,3580,31,1823,0,8420,296,2,278,16,0,13.0,0.8,0.0,86.3,0.0,0.0,0.0,0.0,15795.0 MiB,12329.2 MiB,967.8 MiB,2497.9 MiB,4096.0 MiB,2778.8 MiB,1317.2 MiB,14236.4 MiB
Python 3.10.11,nbody.py 50000000,364,1691277218,624723,python,7:07.08,16368,8420,5676,100.0,0.1,1,2,7:07,0,4,3580,31,1823,0,8420,296,2,278,16,0,12.9,0.8,0.0,86.4,0.0,0.0,0.0,0.0,15795.0 MiB,12329.0 MiB,968.0 MiB,2497.9 MiB,4096.0 MiB,2778.8 MiB,1317.2 MiB,14236.2 MiB
Python 3.10.11,nbody.py 50000000,365,1691277220,624723,python,7:08.26,16368,8420,5676,100.0,0.1,1,6,7:08,0,4,3580,31,1823,0,8420,296,2,278,16,0,12.9,0.8,0.0,86.4,0.0,0.0,0.0,0.0,15795.0 MiB,12329.6 MiB,967.5 MiB,2497.9 MiB,4096.0 MiB,2778.8 MiB,1317.2 MiB,14236.8 MiB
Python 3.10.11,nbody.py 50000000,366,1691277221,624723,python,7:09.43,16368,8420,5676,100.0,0.1,1,6,7:09,0,4,3580,31,1823,0,8420,296,2,278,16,0,13.7,0.0,0.0,86.3,0.0,0.0,0.0,0.0,15795.0 MiB,12330.3 MiB,966.7 MiB,2497.9 MiB,4096.0 MiB,2779.0 MiB,1317.0 MiB,14237.5 MiB
Python 3.10.11,nbody.py 50000000,367,1691277222,624723,python,7:10.60,16368,8420,5676,100.0,0.1,1,6,7:10,0,4,3580,31,1823,0,8420,296,2,278,16,0,13.0,0.8,0.0,86.3,0.0,0.0,0.0,0.0,15795.0 MiB,12330.5 MiB,966.5 MiB,2498.0 MiB,4096.0 MiB,2779.0 MiB,1317.0 MiB,14237.7 MiB
Python 3.10.11,nbody.py 50000000,368,1691277223,624723,python,7:11.78,16368,8420,5676,100.0,0.1,1,6,7:11,0,4,3580,31,1823,0,8420,296,2,278,16,0,12.8,1.5,0.0,85.7,0.0,0.0,0.0,0.0,15795.0 MiB,12330.8 MiB,966.2 MiB,2498.0 MiB,4096.0 MiB,2779.0 MiB,1317.0 MiB,14238.0 MiB
Python 3.10.11,nbody.py 50000000,369,1691277224,624723,python,7:12.95,16368,8420,5676,93.8,0.1,1,6,7:12,0,4,3580,31,1823,0,8420,296,2,278,16,0,13.3,2.2,0.0,84.4,0.0,0.0,0.0,0.0,15795.0 MiB,12330.6 MiB,966.4 MiB,2498.0 MiB,4096.0 MiB,2779.0 MiB,1317.0 MiB,14237.8 MiB
Python 3.10.11,nbody.py 50000000,370,1691277225,624723,python,7:14.12,16368,8420,5676,100.0,0.1,1,6,7:14,0,4,3580,31,1823,0,8420,296,2,278,16,0,12.3,0.8,0.0,86.9,0.0,0.0,0.0,0.0,15795.0 MiB,12330.8 MiB,966.2 MiB,2498.0 MiB,4096.0 MiB,2779.0 MiB,1317.0 MiB,14238.0 MiB
Python 3.10.11,nbody.py 50000000,371,1691277227,624723,python,7:15.30,16368,8420,5676,100.0,0.1,1,6,7:15,0,4,3580,31,1823,0,8420,296,2,278,16,0,12.9,0.8,0.0,86.4,0.0,0.0,0.0,0.0,15795.0 MiB,12330.8 MiB,966.2 MiB,2498.0 MiB,4096.0 MiB,2779.0 MiB,1317.0 MiB,14238.0 MiB
Python 3.10.11,nbody.py 50000000,372,1691277228,624723,python,7:16.47,16368,8420,5676,100.0,0.1,1,6,7:16,0,4,3580,31,1823,0,8420,296,2,278,16,0,13.0,0.8,0.0,86.3,0.0,0.0,0.0,0.0,15795.0 MiB,12331.1 MiB,965.9 MiB,2498.0 MiB,4096.0 MiB,2779.0 MiB,1317.0 MiB,14238.3 MiB
Python 3.10.11,nbody.py 50000000,373,1691277229,624723,python,7:17.65,16368,8420,5676,100.0,0.1,1,6,7:17,0,4,3580,31,1823,0,8420,296,2,278,16,0,13.1,0.7,0.0,86.1,0.0,0.0,0.0,0.0,15795.0 MiB,12331.1 MiB,965.9 MiB,2498.0 MiB,4096.0 MiB,2779.0 MiB,1317.0 MiB,14238.3 MiB
Python 3.10.11,nbody.py 50000000,374,1691277230,624723,python,7:18.83,16368,8420,5676,100.0,0.1,1,6,7:18,0,4,3580,31,1823,0,8420,296,2,278,16,0,13.0,0.8,0.0,86.3,0.0,0.0,0.0,0.0,15795.0 MiB,12331.1 MiB,965.9 MiB,2498.0 MiB,4096.0 MiB,2779.0 MiB,1317.0 MiB,14238.3 MiB
Python 3.10.11,nbody.py 50000000,375,1691277231,624723,python,7:20.00,16368,8420,5676,100.0,0.1,1,6,7:20,0,4,3580,31,1823,0,8420,296,2,278,16,0,12.9,1.5,0.0,85.6,0.0,0.0,0.0,0.0,15795.0 MiB,12331.1 MiB,965.9 MiB,2498.0 MiB,4096.0 MiB,2779.0 MiB,1317.0 MiB,14238.3 MiB
Python 3.10.11,nbody.py 50000000,376,1691277232,624723,python,7:21.17,16368,8420,5676,93.8,0.1,1,6,7:21,0,4,3580,31,1823,0,8420,296,2,278,16,0,13.1,0.8,0.0,86.2,0.0,0.0,0.0,0.0,15795.0 MiB,12331.1 MiB,965.9 MiB,2498.0 MiB,4096.0 MiB,2779.0 MiB,1317.0 MiB,14238.3 MiB
Python 3.10.11,nbody.py 50000000,377,1691277234,624723,python,7:22.34,16368,8420,5676,100.0,0.1,1,6,7:22,0,4,3580,31,1823,0,8420,296,2,278,16,0,13.5,0.8,0.0,85.7,0.0,0.0,0.0,0.0,15795.0 MiB,12331.1 MiB,965.9 MiB,2498.0 MiB,4096.0 MiB,2779.0 MiB,1317.0 MiB,14238.3 MiB
Python 3.10.11,nbody.py 50000000,378,1691277235,624723,python,7:23.52,16368,8420,5676,100.0,0.1,1,6,7:23,0,4,3580,31,1823,0,8420,296,2,278,16,0,13.6,0.8,0.0,85.6,0.0,0.0,0.0,0.0,15795.0 MiB,12331.3 MiB,965.7 MiB,2498.0 MiB,4096.0 MiB,2779.0 MiB,1317.0 MiB,14238.6 MiB
Python 3.10.11,nbody.py 50000000,379,1691277236,624723,python,7:24.69,16368,8420,5676,100.0,0.1,1,6,7:24,0,4,3580,31,1823,0,8420,296,2,278,16,0,12.3,0.8,0.0,86.9,0.0,0.0,0.0,0.0,15795.0 MiB,12331.6 MiB,965.4 MiB,2498.0 MiB,4096.0 MiB,2779.0 MiB,1317.0 MiB,14238.8 MiB
Python 3.10.11,nbody.py 50000000,380,1691277237,624723,python,7:25.86,16368,8420,5676,100.0,0.1,1,6,7:25,0,4,3580,31,1823,0,8420,296,2,278,16,0,13.5,0.8,0.0,85.0,0.8,0.0,0.0,0.0,15795.0 MiB,12331.3 MiB,965.7 MiB,2498.0 MiB,4096.0 MiB,2779.0 MiB,1317.0 MiB,14238.6 MiB
Python 3.10.11,nbody.py 50000000,381,1691277238,624723,python,7:27.04,16368,8420,5676,100.0,0.1,1,6,7:27,0,4,3580,31,1823,0,8420,296,2,278,16,0,13.0,1.5,0.0,84.7,0.8,0.0,0.0,0.0,15795.0 MiB,12331.3 MiB,965.7 MiB,2498.0 MiB,4096.0 MiB,2779.0 MiB,1317.0 MiB,14238.6 MiB
Python 3.10.11,nbody.py 50000000,382,1691277240,624723,python,7:28.21,16368,8420,5676,100.0,0.1,1,6,7:28,0,4,3580,31,1823,0,8420,296,2,278,16,0,13.0,0.8,0.0,86.3,0.0,0.0,0.0,0.0,15795.0 MiB,12331.1 MiB,965.9 MiB,2498.0 MiB,4096.0 MiB,2779.0 MiB,1317.0 MiB,14238.3 MiB
Python 3.10.11,nbody.py 50000000,383,1691277241,624723,python,7:29.38,16368,8420,5676,100.0,0.1,1,6,7:29,0,4,3580,31,1823,0,8420,296,2,278,16,0,13.6,0.8,0.0,85.6,0.0,0.0,0.0,0.0,15795.0 MiB,12330.8 MiB,966.1 MiB,2498.0 MiB,4096.0 MiB,2779.0 MiB,1317.0 MiB,14238.1 MiB
Python 3.10.11,nbody.py 50000000,384,1691277242,624723,python,7:30.55,16368,8420,5676,93.8,0.1,1,6,7:30,0,4,3580,31,1823,0,8420,296,2,278,16,0,12.9,0.8,0.0,86.4,0.0,0.0,0.0,0.0,15795.0 MiB,12330.6 MiB,966.4 MiB,2498.0 MiB,4096.0 MiB,2779.0 MiB,1317.0 MiB,14237.8 MiB
Python 3.10.11,nbody.py 50000000,385,1691277243,624723,python,7:31.73,16368,8420,5676,100.0,0.1,1,6,7:31,0,4,3580,31,1823,0,8420,296,2,278,16,0,12.9,0.8,0.0,86.4,0.0,0.0,0.0,0.0,15795.0 MiB,12330.9 MiB,966.1 MiB,2498.0 MiB,4096.0 MiB,2779.0 MiB,1317.0 MiB,14238.1 MiB
Python 3.10.11,nbody.py 50000000,386,1691277244,624723,python,7:32.91,16368,8420,5676,100.0,0.1,1,6,7:32,0,4,3580,31,1823,0,8420,296,2,278,16,0,13.0,1.4,0.0,85.5,0.0,0.0,0.0,0.0,15795.0 MiB,12330.9 MiB,966.1 MiB,2498.0 MiB,4096.0 MiB,2779.0 MiB,1317.0 MiB,14238.1 MiB
Python 3.10.11,nbody.py 50000000,387,1691277245,624723,python,7:34.09,16368,8420,5676,94.1,0.1,1,6,7:34,0,4,3580,31,1823,0,8420,296,2,278,16,0,13.2,0.7,0.0,86.0,0.0,0.0,0.0,0.0,15795.0 MiB,12330.9 MiB,966.1 MiB,2498.0 MiB,4096.0 MiB,2779.0 MiB,1317.0 MiB,14238.1 MiB
Python 3.10.11,nbody.py 50000000,388,1691277247,624723,python,7:35.26,16368,8420,5676,93.8,0.1,1,6,7:35,0,4,3580,31,1823,0,8420,296,2,278,16,0,13.6,0.8,0.0,85.6,0.0,0.0,0.0,0.0,15795.0 MiB,12330.9 MiB,966.1 MiB,2498.0 MiB,4096.0 MiB,2779.0 MiB,1317.0 MiB,14238.1 MiB
Python 3.10.11,nbody.py 50000000,389,1691277248,624723,python,7:36.44,16368,8420,5676,100.0,0.1,1,6,7:36,0,4,3580,31,1823,0,8420,296,2,278,16,0,12.3,0.8,0.0,86.9,0.0,0.0,0.0,0.0,15795.0 MiB,12330.9 MiB,966.1 MiB,2498.0 MiB,4096.0 MiB,2779.0 MiB,1317.0 MiB,14238.1 MiB
Python 3.10.11,nbody.py 50000000,390,1691277249,624723,python,7:37.62,16368,8420,5676,100.0,0.1,1,6,7:37,0,4,3580,31,1823,0,8420,296,2,278,16,0,13.1,0.7,0.0,86.1,0.0,0.0,0.0,0.0,15795.0 MiB,12330.9 MiB,966.1 MiB,2498.0 MiB,4096.0 MiB,2779.0 MiB,1317.0 MiB,14238.1 MiB
Python 3.10.11,nbody.py 50000000,391,1691277250,624723,python,7:38.80,16368,8420,5676,100.0,0.1,1,6,7:38,0,4,3580,31,1823,0,8420,296,2,278,16,0,13.0,0.0,0.0,87.0,0.0,0.0,0.0,0.0,15795.0 MiB,12330.9 MiB,966.1 MiB,2498.0 MiB,4096.0 MiB,2779.0 MiB,1317.0 MiB,14238.1 MiB
Python 3.10.11,nbody.py 50000000,392,1691277251,624723,python,7:39.97,16368,8420,5676,100.0,0.1,1,6,7:39,0,4,3580,31,1823,0,8420,296,2,278,16,0,13.0,0.8,0.0,86.3,0.0,0.0,0.0,0.0,15795.0 MiB,12330.9 MiB,966.1 MiB,2498.0 MiB,4096.0 MiB,2779.0 MiB,1317.0 MiB,14238.1 MiB
Python 3.10.11,nbody.py 50000000,393,1691277252,624723,python,7:41.14,16368,8420,5676,100.0,0.1,1,6,7:41,0,4,3580,31,1823,0,8420,296,2,278,16,0,12.9,0.8,0.0,86.4,0.0,0.0,0.0,0.0,15795.0 MiB,12330.9 MiB,966.1 MiB,2498.0 MiB,4096.0 MiB,2779.0 MiB,1317.0 MiB,14238.1 MiB
Python 3.10.11,nbody.py 50000000,394,1691277254,624723,python,7:42.31,16368,8420,5676,93.8,0.1,1,6,7:42,0,4,3580,31,1823,0,8420,296,2,278,16,0,13.1,0.8,0.0,86.2,0.0,0.0,0.0,0.0,15795.0 MiB,12330.9 MiB,966.1 MiB,2498.0 MiB,4096.0 MiB,2779.0 MiB,1317.0 MiB,14238.1 MiB
Python 3.10.11,nbody.py 50000000,395,1691277255,624723,python,7:43.48,16368,8420,5676,100.0,0.1,1,6,7:43,0,4,3580,31,1823,0,8420,296,2,278,16,0,13.0,0.8,0.0,86.3,0.0,0.0,0.0,0.0,15795.0 MiB,12330.9 MiB,966.1 MiB,2498.0 MiB,4096.0 MiB,2779.0 MiB,1317.0 MiB,14238.1 MiB
Python 3.10.11,nbody.py 50000000,396,1691277256,624723,python,7:44.66,16368,8420,5676,100.0,0.1,1,6,7:44,0,4,3580,31,1823,0,8420,296,2,278,16,0,13.5,0.8,0.0,85.7,0.0,0.0,0.0,0.0,15795.0 MiB,12330.6 MiB,966.3 MiB,2498.0 MiB,4096.0 MiB,2779.0 MiB,1317.0 MiB,14237.9 MiB
Python 3.10.11,nbody.py 50000000,397,1691277257,624723,python,7:45.83,16368,8420,5676,100.0,0.1,1,6,7:45,0,4,3580,31,1823,0,8420,296,2,278,16,0,12.9,0.8,0.0,86.4,0.0,0.0,0.0,0.0,15795.0 MiB,12330.6 MiB,966.3 MiB,2498.0 MiB,4096.0 MiB,2779.0 MiB,1317.0 MiB,14237.9 MiB
Python 3.10.11,nbody.py 50000000,398,1691277258,624723,python,7:47.00,16368,8420,5676,93.8,0.1,1,6,7:47,0,4,3580,31,1823,0,8420,296,2,278,16,0,13.5,0.8,0.0,85.7,0.0,0.0,0.0,0.0,15795.0 MiB,12330.6 MiB,966.3 MiB,2498.0 MiB,4096.0 MiB,2779.0 MiB,1317.0 MiB,14237.9 MiB
Python 3.10.11,nbody.py 50000000,399,1691277259,624723,python,7:48.17,16368,8420,5676,93.8,0.1,1,6,7:48,0,4,3580,31,1823,0,8420,296,2,278,16,0,13.0,0.8,0.0,86.3,0.0,0.0,0.0,0.0,15795.0 MiB,12330.6 MiB,966.3 MiB,2498.0 MiB,4096.0 MiB,2779.0 MiB,1317.0 MiB,14237.9 MiB
Python 3.10.11,nbody.py 50000000,400,1691277261,624723,python,7:49.35,16368,8420,5676,100.0,0.1,1,2,7:49,0,4,3580,31,1823,0,8420,296,2,278,16,0,13.0,0.8,0.0,86.3,0.0,0.0,0.0,0.0,15795.0 MiB,12330.6 MiB,966.3 MiB,2498.0 MiB,4096.0 MiB,2779.0 MiB,1317.0 MiB,14237.9 MiB
Python 3.10.11,nbody.py 50000000,401,1691277262,624723,python,7:50.52,16368,8420,5676,100.0,0.1,1,2,7:50,0,4,3580,31,1823,0,8420,296,2,278,16,0,12.9,0.8,0.0,86.4,0.0,0.0,0.0,0.0,15795.0 MiB,12330.6 MiB,966.3 MiB,2498.1 MiB,4096.0 MiB,2779.0 MiB,1317.0 MiB,14237.9 MiB
Python 3.10.11,nbody.py 50000000,402,1691277263,624723,python,7:51.69,16368,8420,5676,100.0,0.1,1,2,7:51,0,4,3580,31,1823,0,8420,296,2,278,16,0,13.1,0.0,0.0,86.9,0.0,0.0,0.0,0.0,15795.0 MiB,12330.6 MiB,966.3 MiB,2498.1 MiB,4096.0 MiB,2779.0 MiB,1317.0 MiB,14237.9 MiB
Python 3.10.11,nbody.py 50000000,403,1691277264,624723,python,7:52.87,16368,8420,5676,100.0,0.1,1,2,7:52,0,4,3580,31,1823,0,8420,296,2,278,16,0,12.9,1.5,0.0,85.6,0.0,0.0,0.0,0.0,15795.0 MiB,12330.6 MiB,966.3 MiB,2498.1 MiB,4096.0 MiB,2779.0 MiB,1317.0 MiB,14237.9 MiB
Python 3.10.11,nbody.py 50000000,404,1691277265,624723,python,7:54.04,16368,8420,5676,100.0,0.1,1,2,7:54,0,4,3580,31,1823,0,8420,296,2,278,16,0,13.0,0.8,0.0,86.3,0.0,0.0,0.0,0.0,15795.0 MiB,12330.4 MiB,966.5 MiB,2498.1 MiB,4096.0 MiB,2779.0 MiB,1317.0 MiB,14237.7 MiB
Python 3.10.11,nbody.py 50000000,405,1691277267,624723,python,7:55.21,16368,8420,5676,100.0,0.1,1,2,7:55,0,4,3580,31,1823,0,8420,296,2,278,16,0,13.0,0.8,0.0,85.5,0.8,0.0,0.0,0.0,15795.0 MiB,12331.1 MiB,965.8 MiB,2498.1 MiB,4096.0 MiB,2779.0 MiB,1317.0 MiB,14238.4 MiB
Python 3.10.11,nbody.py 50000000,406,1691277268,624723,python,7:56.38,16368,8420,5676,100.0,0.1,1,2,7:56,0,4,3580,31,1823,0,8420,296,2,278,16,0,13.0,0.8,0.0,86.3,0.0,0.0,0.0,0.0,15795.0 MiB,12331.1 MiB,965.8 MiB,2498.1 MiB,4096.0 MiB,2779.0 MiB,1317.0 MiB,14238.4 MiB
Python 3.10.11,nbody.py 50000000,407,1691277269,624723,python,7:57.55,16368,8420,5676,93.8,0.1,1,2,7:57,0,4,3580,31,1823,0,8420,296,2,278,16,0,13.6,0.8,0.0,85.6,0.0,0.0,0.0,0.0,15795.0 MiB,12331.1 MiB,965.8 MiB,2498.1 MiB,4096.0 MiB,2779.0 MiB,1317.0 MiB,14238.4 MiB
Python 3.10.11,nbody.py 50000000,408,1691277270,624723,python,7:58.73,16368,8420,5676,100.0,0.1,1,2,7:58,0,4,3580,31,1823,0,8420,296,2,278,16,0,13.1,0.0,0.0,86.9,0.0,0.0,0.0,0.0,15795.0 MiB,12331.1 MiB,965.8 MiB,2498.1 MiB,4096.0 MiB,2779.0 MiB,1317.0 MiB,14238.4 MiB
Python 3.10.11,nbody.py 50000000,409,1691277271,624723,python,7:59.90,16368,8420,5676,93.8,0.1,1,2,7:59,0,4,3580,31,1823,0,8420,296,2,278,16,0,13.0,0.8,0.0,86.3,0.0,0.0,0.0,0.0,15795.0 MiB,12331.1 MiB,965.8 MiB,2498.1 MiB,4096.0 MiB,2779.0 MiB,1317.0 MiB,14238.4 MiB
Python 3.10.11,nbody.py 50000000,410,1691277272,624723,python,8:01.08,16368,8420,5676,100.0,0.1,1,2,8:01,0,4,3580,31,1823,0,8420,296,2,278,16,0,13.0,1.4,0.0,85.5,0.0,0.0,0.0,0.0,15795.0 MiB,12331.4 MiB,965.5 MiB,2498.1 MiB,4096.0 MiB,2779.0 MiB,1317.0 MiB,14238.7 MiB
Python 3.10.11,nbody.py 50000000,411,1691277274,624723,python,8:02.26,16368,8420,5676,100.0,0.1,1,2,8:02,0,4,3580,31,1823,0,8420,296,2,278,16,0,12.2,1.5,0.0,86.3,0.0,0.0,0.0,0.0,15795.0 MiB,12331.4 MiB,965.5 MiB,2498.1 MiB,4096.0 MiB,2779.0 MiB,1317.0 MiB,14238.7 MiB
Python 3.10.11,nbody.py 50000000,412,1691277275,624723,python,8:03.43,16368,8420,5676,100.0,0.1,1,6,8:03,0,4,3580,31,1823,0,8420,296,2,278,16,0,12.9,1.5,0.0,85.6,0.0,0.0,0.0,0.0,15795.0 MiB,12331.1 MiB,965.8 MiB,2498.1 MiB,4096.0 MiB,2779.0 MiB,1317.0 MiB,14238.4 MiB
Python 3.10.11,nbody.py 50000000,413,1691277276,624723,python,8:04.60,16368,8420,5676,100.0,0.1,1,6,8:04,0,4,3580,31,1823,0,8420,296,2,278,16,0,13.7,0.8,0.0,85.5,0.0,0.0,0.0,0.0,15795.0 MiB,12330.9 MiB,966.0 MiB,2498.1 MiB,4096.0 MiB,2779.0 MiB,1317.0 MiB,14238.2 MiB
Python 3.10.11,nbody.py 50000000,414,1691277277,624723,python,8:05.77,16368,8420,5676,93.8,0.1,1,6,8:05,0,4,3580,31,1823,0,8420,296,2,278,16,0,13.6,0.8,0.0,85.6,0.0,0.0,0.0,0.0,15795.0 MiB,12330.9 MiB,966.0 MiB,2498.1 MiB,4096.0 MiB,2779.0 MiB,1317.0 MiB,14238.2 MiB
Python 3.10.11,nbody.py 50000000,415,1691277278,624723,python,8:06.95,16368,8420,5676,100.0,0.1,1,6,8:06,0,4,3580,31,1823,0,8420,296,2,278,16,0,12.9,0.8,0.0,86.4,0.0,0.0,0.0,0.0,15795.0 MiB,12330.9 MiB,966.0 MiB,2498.1 MiB,4096.0 MiB,2779.0 MiB,1317.0 MiB,14238.2 MiB
Python 3.10.11,nbody.py 50000000,416,1691277279,624723,python,8:08.12,16368,8420,5676,100.0,0.1,1,6,8:08,0,4,3580,31,1823,0,8420,296,2,278,16,0,12.9,1.5,0.0,85.6,0.0,0.0,0.0,0.0,15795.0 MiB,12330.9 MiB,966.0 MiB,2498.1 MiB,4096.0 MiB,2779.0 MiB,1317.0 MiB,14238.2 MiB
Python 3.10.11,nbody.py 50000000,417,1691277281,624723,python,8:09.29,16368,8420,5676,100.0,0.1,1,6,8:09,0,4,3580,31,1823,0,8420,296,2,278,16,0,12.8,1.5,0.0,85.7,0.0,0.0,0.0,0.0,15795.0 MiB,12330.6 MiB,966.2 MiB,2498.1 MiB,4096.0 MiB,2779.0 MiB,1317.0 MiB,14238.0 MiB
Python 3.10.11,nbody.py 50000000,418,1691277282,624723,python,8:10.47,16368,8420,5676,100.0,0.1,1,6,8:10,0,4,3580,31,1823,0,8420,296,2,278,16,0,13.0,0.8,0.0,86.3,0.0,0.0,0.0,0.0,15795.0 MiB,12330.6 MiB,966.2 MiB,2498.1 MiB,4096.0 MiB,2779.0 MiB,1317.0 MiB,14238.0 MiB
Python 3.10.11,nbody.py 50000000,419,1691277283,624723,python,8:11.64,16368,8420,5676,100.0,0.1,1,6,8:11,0,4,3580,31,1823,0,8420,296,2,278,16,0,13.1,0.8,0.0,86.2,0.0,0.0,0.0,0.0,15795.0 MiB,12330.6 MiB,966.2 MiB,2498.1 MiB,4096.0 MiB,2779.0 MiB,1317.0 MiB,14238.0 MiB
Python 3.10.11,nbody.py 50000000,420,1691277284,624723,python,8:12.81,16368,8420,5676,100.0,0.1,1,6,8:12,0,4,3580,31,1823,0,8420,296,2,278,16,0,13.7,0.0,0.0,86.3,0.0,0.0,0.0,0.0,15795.0 MiB,12330.6 MiB,966.2 MiB,2498.1 MiB,4096.0 MiB,2779.0 MiB,1317.0 MiB,14238.0 MiB
Python 3.10.11,nbody.py 50000000,421,1691277285,624723,python,8:13.98,16368,8420,5676,100.0,0.1,1,2,8:13,0,4,3580,31,1823,0,8420,296,2,278,16,0,13.1,0.0,0.0,86.9,0.0,0.0,0.0,0.0,15795.0 MiB,12330.6 MiB,966.2 MiB,2498.1 MiB,4096.0 MiB,2779.0 MiB,1317.0 MiB,14238.0 MiB
Python 3.10.11,nbody.py 50000000,422,1691277286,624723,python,8:15.16,16368,8420,5676,100.0,0.1,1,2,8:15,0,4,3580,31,1823,0,8420,296,2,278,16,0,13.7,0.0,0.0,86.3,0.0,0.0,0.0,0.0,15795.0 MiB,12330.6 MiB,966.2 MiB,2498.1 MiB,4096.0 MiB,2779.0 MiB,1317.0 MiB,14238.0 MiB
Python 3.10.11,nbody.py 50000000,423,1691277288,624723,python,8:16.33,16368,8420,5676,100.0,0.1,1,2,8:16,0,4,3580,31,1823,0,8420,296,2,278,16,0,13.0,0.8,0.0,86.3,0.0,0.0,0.0,0.0,15795.0 MiB,12330.6 MiB,966.2 MiB,2498.1 MiB,4096.0 MiB,2779.0 MiB,1317.0 MiB,14238.0 MiB
Python 3.10.11,nbody.py 50000000,424,1691277289,624723,python,8:17.50,16368,8420,5676,93.8,0.1,1,2,8:17,0,4,3580,31,1823,0,8420,296,2,278,16,0,13.0,0.8,0.0,86.3,0.0,0.0,0.0,0.0,15795.0 MiB,12330.6 MiB,966.2 MiB,2498.1 MiB,4096.0 MiB,2779.0 MiB,1317.0 MiB,14238.0 MiB
Python 3.10.11,nbody.py 50000000,425,1691277290,624723,python,8:18.67,16368,8420,5676,93.8,0.1,1,2,8:18,0,4,3580,31,1823,0,8420,296,2,278,16,0,12.9,1.5,0.0,85.6,0.0,0.0,0.0,0.0,15795.0 MiB,12330.4 MiB,966.5 MiB,2498.1 MiB,4096.0 MiB,2779.0 MiB,1317.0 MiB,14237.7 MiB
Python 3.10.11,nbody.py 50000000,426,1691277291,624723,python,8:19.85,16368,8420,5676,100.0,0.1,1,2,8:19,0,4,3580,31,1823,0,8420,296,2,278,16,0,13.0,0.8,0.0,86.3,0.0,0.0,0.0,0.0,15795.0 MiB,12330.4 MiB,966.5 MiB,2498.1 MiB,4096.0 MiB,2779.0 MiB,1317.0 MiB,14237.7 MiB
Python 3.10.11,nbody.py 50000000,427,1691277292,624723,python,8:21.02,16368,8420,5676,100.0,0.1,1,2,8:21,0,4,3580,31,1823,0,8420,296,2,278,16,0,12.9,0.8,0.0,86.4,0.0,0.0,0.0,0.0,15795.0 MiB,12330.4 MiB,966.5 MiB,2498.1 MiB,4096.0 MiB,2779.0 MiB,1317.0 MiB,14237.7 MiB
Python 3.10.11,nbody.py 50000000,428,1691277294,624723,python,8:22.19,16368,8420,5676,100.0,0.1,1,2,8:22,0,4,3580,31,1823,0,8420,296,2,278,16,0,13.0,0.8,0.0,86.3,0.0,0.0,0.0,0.0,15795.0 MiB,12330.4 MiB,966.5 MiB,2498.1 MiB,4096.0 MiB,2779.0 MiB,1317.0 MiB,14237.8 MiB
Python 3.10.11,nbody.py 50000000,429,1691277295,624723,python,8:23.37,16368,8420,5676,100.0,0.1,1,2,8:23,0,4,3580,31,1823,0,8420,296,2,278,16,0,13.5,1.5,0.0,85.0,0.0,0.0,0.0,0.0,15795.0 MiB,12330.4 MiB,966.5 MiB,2498.2 MiB,4096.0 MiB,2779.0 MiB,1317.0 MiB,14237.8 MiB
Python 3.10.11,nbody.py 50000000,430,1691277296,624723,python,8:24.54,16368,8420,5676,100.0,0.1,1,2,8:24,0,4,3580,31,1823,0,8420,296,2,278,16,0,13.0,0.8,0.0,86.3,0.0,0.0,0.0,0.0,15795.0 MiB,12330.1 MiB,966.7 MiB,2498.2 MiB,4096.0 MiB,2779.0 MiB,1317.0 MiB,14237.5 MiB
Python 3.10.11,nbody.py 50000000,431,1691277297,624723,python,8:25.71,16368,8420,5676,100.0,0.1,1,2,8:25,0,4,3580,31,1823,0,8420,296,2,278,16,0,12.3,0.8,0.0,86.9,0.0,0.0,0.0,0.0,15795.0 MiB,12330.1 MiB,966.7 MiB,2498.2 MiB,4096.0 MiB,2779.0 MiB,1317.0 MiB,14237.5 MiB
Python 3.10.11,nbody.py 50000000,432,1691277298,624723,python,8:26.88,16368,8420,5676,100.0,0.1,1,2,8:26,0,4,3580,31,1823,0,8420,296,2,278,16,0,13.1,0.8,0.0,86.2,0.0,0.0,0.0,0.0,15795.0 MiB,12330.1 MiB,966.7 MiB,2498.2 MiB,4096.0 MiB,2779.0 MiB,1317.0 MiB,14237.5 MiB
Python 3.10.11,nbody.py 50000000,433,1691277299,624723,python,8:28.06,16368,8420,5676,100.0,0.1,1,2,8:28,0,4,3580,31,1823,0,8420,296,2,278,16,0,14.3,0.8,0.0,85.0,0.0,0.0,0.0,0.0,15795.0 MiB,12329.9 MiB,966.9 MiB,2498.2 MiB,4096.0 MiB,2779.0 MiB,1317.0 MiB,14237.3 MiB
Python 3.10.11,nbody.py 50000000,434,1691277301,624723,python,8:29.23,16368,8420,5676,100.0,0.1,1,2,8:29,0,4,3580,31,1823,0,8420,296,2,278,16,0,12.8,1.5,0.0,84.2,1.5,0.0,0.0,0.0,15795.0 MiB,12329.6 MiB,967.2 MiB,2498.2 MiB,4096.0 MiB,2779.0 MiB,1317.0 MiB,14237.1 MiB
Python 3.10.11,nbody.py 50000000,435,1691277302,624723,python,8:30.40,16368,8420,5676,93.8,0.1,1,2,8:30,0,4,3580,31,1823,0,8420,296,2,278,16,0,13.5,0.8,0.0,85.7,0.0,0.0,0.0,0.0,15795.0 MiB,12329.4 MiB,967.4 MiB,2498.2 MiB,4096.0 MiB,2779.0 MiB,1317.0 MiB,14236.8 MiB
Python 3.10.11,nbody.py 50000000,436,1691277303,624723,python,8:31.57,16368,8420,5676,93.8,0.1,1,2,8:31,0,4,3580,31,1823,0,8420,296,2,278,16,0,13.0,0.8,0.0,86.3,0.0,0.0,0.0,0.0,15795.0 MiB,12329.4 MiB,967.4 MiB,2498.2 MiB,4096.0 MiB,2779.0 MiB,1317.0 MiB,14236.8 MiB
Python 3.10.11,nbody.py 50000000,437,1691277304,624723,python,8:32.75,16368,8420,5676,100.0,0.1,1,2,8:32,0,4,3580,31,1823,0,8420,296,2,278,16,0,12.3,0.8,0.0,86.9,0.0,0.0,0.0,0.0,15795.0 MiB,12329.4 MiB,967.4 MiB,2498.2 MiB,4096.0 MiB,2779.0 MiB,1317.0 MiB,14236.8 MiB
Python 3.10.11,nbody.py 50000000,438,1691277305,624723,python,8:33.92,16368,8420,5676,100.0,0.1,1,2,8:33,0,4,3580,31,1823,0,8420,296,2,278,16,0,13.4,2.2,0.0,84.3,0.0,0.0,0.0,0.0,15795.0 MiB,12329.1 MiB,967.6 MiB,2498.2 MiB,4096.0 MiB,2779.0 MiB,1317.0 MiB,14236.6 MiB
Python 3.10.11,nbody.py 50000000,439,1691277306,624723,python,8:35.09,16368,8420,5676,100.0,0.1,1,2,8:35,0,4,3580,31,1823,0,8420,296,2,278,16,0,13.0,0.8,0.0,85.5,0.8,0.0,0.0,0.0,15795.0 MiB,12329.1 MiB,967.6 MiB,2498.2 MiB,4096.0 MiB,2779.0 MiB,1317.0 MiB,14236.6 MiB
Python 3.10.11,nbody.py 50000000,440,1691277308,624723,python,8:36.27,16368,8420,5676,100.0,0.1,1,2,8:36,0,4,3580,31,1823,0,8420,296,2,278,16,0,13.6,0.0,0.0,86.4,0.0,0.0,0.0,0.0,15795.0 MiB,12329.1 MiB,967.6 MiB,2498.2 MiB,4096.0 MiB,2779.0 MiB,1317.0 MiB,14236.6 MiB
Python 3.10.11,nbody.py 50000000,441,1691277309,624723,python,8:37.44,16368,8420,5676,100.0,0.1,1,2,8:37,0,4,3580,31,1823,0,8420,296,2,278,16,0,13.0,0.8,0.0,86.3,0.0,0.0,0.0,0.0,15795.0 MiB,12329.1 MiB,967.6 MiB,2498.2 MiB,4096.0 MiB,2779.0 MiB,1317.0 MiB,14236.6 MiB
Python 3.10.11,nbody.py 50000000,442,1691277310,624723,python,8:38.61,16368,8420,5676,100.0,0.1,1,2,8:38,0,4,3580,31,1823,0,8420,296,2,278,16,0,14.2,0.7,0.0,85.1,0.0,0.0,0.0,0.0,15795.0 MiB,12329.6 MiB,967.1 MiB,2498.2 MiB,4096.0 MiB,2779.0 MiB,1317.0 MiB,14237.1 MiB
Python 3.10.11,nbody.py 50000000,443,1691277311,624723,python,8:39.79,16368,8420,5676,100.0,0.1,1,2,8:39,0,4,3580,31,1823,0,8420,296,2,278,16,0,13.0,0.8,0.0,86.3,0.0,0.0,0.0,0.0,15795.0 MiB,12329.9 MiB,966.9 MiB,2498.2 MiB,4096.0 MiB,2779.0 MiB,1317.0 MiB,14237.3 MiB
Python 3.10.11,nbody.py 50000000,444,1691277312,624723,python,8:40.96,16368,8420,5676,100.0,0.1,1,2,8:40,0,4,3580,31,1823,0,8420,296,2,278,16,0,13.1,0.8,0.0,86.2,0.0,0.0,0.0,0.0,15795.0 MiB,12329.9 MiB,966.9 MiB,2498.2 MiB,4096.0 MiB,2779.0 MiB,1317.0 MiB,14237.3 MiB
Python 3.10.11,nbody.py 50000000,445,1691277313,624723,python,8:42.13,16368,8420,5676,100.0,0.1,1,2,8:42,0,4,3580,31,1823,0,8420,296,2,278,16,0,13.4,1.5,0.0,85.1,0.0,0.0,0.0,0.0,15795.0 MiB,12330.1 MiB,966.6 MiB,2498.2 MiB,4096.0 MiB,2779.0 MiB,1317.0 MiB,14237.6 MiB
Python 3.10.11,nbody.py 50000000,446,1691277315,624723,python,8:43.30,16368,8420,5676,100.0,0.1,1,2,8:43,0,4,3580,31,1823,0,8420,296,2,278,16,0,13.0,0.8,0.0,86.3,0.0,0.0,0.0,0.0,15795.0 MiB,12330.1 MiB,966.6 MiB,2498.2 MiB,4096.0 MiB,2779.0 MiB,1317.0 MiB,14237.6 MiB
Python 3.10.11,nbody.py 50000000,447,1691277316,624723,python,8:44.47,16368,8420,5676,93.8,0.1,1,2,8:44,0,4,3580,31,1823,0,8420,296,2,278,16,0,12.9,0.8,0.0,86.4,0.0,0.0,0.0,0.0,15795.0 MiB,12330.1 MiB,966.6 MiB,2498.2 MiB,4096.0 MiB,2779.0 MiB,1317.0 MiB,14237.6 MiB
Python 3.10.11,nbody.py 50000000,448,1691277317,624723,python,8:45.65,16368,8420,5676,100.0,0.1,1,2,8:45,0,4,3580,31,1823,0,8420,296,2,278,16,0,13.5,1.5,0.0,85.0,0.0,0.0,0.0,0.0,15795.0 MiB,12329.9 MiB,966.9 MiB,2498.2 MiB,4096.0 MiB,2779.0 MiB,1317.0 MiB,14237.4 MiB
Python 3.10.11,nbody.py 50000000,449,1691277318,624723,python,8:46.82,16368,8420,5676,93.8,0.1,1,2,8:46,0,4,3580,31,1823,0,8420,296,2,278,16,0,12.8,3.0,0.0,82.0,2.3,0.0,0.0,0.0,15795.0 MiB,12333.8 MiB,961.2 MiB,2499.9 MiB,4096.0 MiB,2779.0 MiB,1317.0 MiB,14243.0 MiB
Python 3.10.11,nbody.py 50000000,450,1691277319,624723,python,8:47.99,16368,8420,5676,93.8,0.1,1,6,8:47,0,4,3580,31,1823,0,8420,296,2,278,16,0,13.6,0.8,0.0,85.6,0.0,0.0,0.0,0.0,15795.0 MiB,12333.4 MiB,961.7 MiB,2499.9 MiB,4096.0 MiB,2779.0 MiB,1317.0 MiB,14242.5 MiB
