python_version,appplication,time_elapsed,usec,Time_Of_Day_Seconds,APIC,X2APIC,Avg_MHz,Busy%,Bzy_MHz,TSC_MHz,IPC,IRQ,SMI,POLL,C1,C1E,C3,C6,C7s,C8,C9,C10,POLL%,C1%,C1E%,C3%,C6%,C7s%,C8%,C9%,C10%,CPU%c1,CPU%c3,CPU%c6,CPU%c7,CoreTmp,PkgTmp,GFX%rc6,GFXMHz,GFXAMHz,Totl%C0,Any%C0,GFX%C0,CPUGFX%,Pkg%pc2,Pkg%pc3,Pkg%pc6,Pkg%pc7,Pkg%pc8,Pkg%pc9,Pk%pc10,CPU%LPI,SYS%LPI,Pkg_J,Cor_J,GFX_J,RAM_J,PKG_%,RAM_%
Python 2.5.6,nbody.py 5000,0.100849,1225.8,1686656655.874346,0.00,0.00,1143.50,29.54,3872.70,1896.00,1.11,878.60,0.00,13.30,1837.80,947.50,294.40,237.70,0.10,128.50,0.20,2.50,0.03,10.91,9.73,5.40,12.59,0.00,31.39,0.00,0.28,35.44,2.55,10.73,21.74,83.90,85.10,69.98,351.70,311.70,186.93,98.19,28.87,28.02,0.00,0.00,0.00,0.00,0.00,0.00,0.00,0.00,0.00,2.63,2.25,0.04,0.15,0.00,0.00
Python 2.7.18,nbody.py 5000,0.0863872,1083.7,1686657524.159627,0.00,0.00,852.20,21.63,3972.90,1897.00,1.45,576.20,0.00,13.00,619.80,374.20,144.80,247.80,0.00,154.20,0.20,3.40,0.02,4.06,4.43,4.54,18.66,0.00,44.91,0.03,1.18,27.38,7.64,16.60,26.76,80.40,82.30,84.18,300.00,300.00,150.44,96.08,14.95,14.33,0.00,0.00,0.00,0.00,0.00,0.00,0.00,0.00,0.00,1.94,1.66,0.01,0.09,0.00,0.00
Python 3.4.10,nbody.py 5000,0.0954615,1075.5,1686657656.278634,0.00,0.00,774.30,19.53,3984.20,1896.70,1.38,532.30,0.00,8.80,575.10,331.70,139.70,239.90,0.00,185.40,0.00,3.70,0.01,3.68,4.06,4.04,16.63,0.00,50.20,0.00,1.28,26.56,6.75,15.39,31.78,82.10,83.70,82.22,400.00,370.00,140.18,96.04,16.49,15.72,0.00,0.00,0.00,0.00,0.00,0.00,0.00,0.00,0.00,2.07,1.75,0.02,0.09,0.00,0.00
Python 3.4.10,nbody.py 5000,0.100131,1124.15,1686657707.969794,0.00,0.00,1079.20,27.74,3916.45,1897.40,1.18,793.50,0.00,21.15,1577.60,775.20,216.30,225.55,0.00,146.20,0.00,2.85,0.03,7.97,7.64,4.53,13.28,0.00,37.76,0.00,0.82,31.54,4.47,11.75,24.50,83.30,84.70,84.10,397.45,352.45,177.32,97.20,14.67,14.14,0.00,0.00,0.00,0.00,0.00,0.00,0.00,0.00,0.00,2.52,2.18,0.01,0.11,0.00,0.00
