version,appplication,no_measurement,timestamp,pid,command,time,virt,res,shr,percent_cpu,percent_mem,tasks_total,tasks_running,tasks_sleeping,tasks_stopped,tasks_zombie,cpu_us,cpu_sy,cpu_ni,cpu_id,cpu_wa,cpu_hi,cpu_si,cpu_st,mem_total,mem_free,mem_used,mem_buff_cache,swap_total,swap_free,swap_used,swap_avail,
Python 3.10.11,nbody.py 50000000,0,1690935290,349322,python,0:00.11,16380,8424,5784,68.8,0.1,284,2,281,1,0,21.4,7.1,0.0,71.4,0.0,0.0,0.0,0.0,15795.0 MiB,5791.7 MiB,1585.5 MiB,8417.8 MiB,4096.0 MiB,4096.0 MiB,0.0 MiB,13532.0 MiB
Python 3.10.11,nbody.py 50000000,1,1690935291,349322,python,0:01.27,16380,8424,5784,100.0,0.1,284,2,281,1,0,12.7,0.8,0.0,86.5,0.0,0.0,0.0,0.0,15795.0 MiB,5791.5 MiB,1585.5 MiB,8418.0 MiB,4096.0 MiB,4096.0 MiB,0.0 MiB,13531.8 MiB
Python 3.10.11,nbody.py 50000000,2,1690935292,349322,python,0:02.44,16380,8424,5784,100.0,0.1,284,2,281,1,0,13.3,1.6,0.0,84.4,0.8,0.0,0.0,0.0,15795.0 MiB,5795.2 MiB,1588.9 MiB,8410.9 MiB,4096.0 MiB,4096.0 MiB,0.0 MiB,13535.5 MiB
Python 3.10.11,nbody.py 50000000,3,1690935293,349322,python,0:03.60,16380,8424,5784,100.0,0.1,284,2,281,1,0,13.4,0.8,0.0,85.8,0.0,0.0,0.0,0.0,15795.0 MiB,5795.7 MiB,1588.4 MiB,8410.9 MiB,4096.0 MiB,4096.0 MiB,0.0 MiB,13536.0 MiB
Python 3.10.11,nbody.py 50000000,4,1690935294,349322,python,0:04.77,16380,8424,5784,93.8,0.1,284,3,280,1,0,12.7,0.8,0.0,86.5,0.0,0.0,0.0,0.0,15795.0 MiB,5795.9 MiB,1588.2 MiB,8410.9 MiB,4096.0 MiB,4096.0 MiB,0.0 MiB,13536.2 MiB
Python 3.10.11,nbody.py 50000000,5,1690935296,349322,python,0:05.93,16380,8424,5784,100.0,0.1,284,2,281,1,0,12.0,0.8,0.0,87.2,0.0,0.0,0.0,0.0,15795.0 MiB,5795.4 MiB,1588.7 MiB,8410.9 MiB,4096.0 MiB,4096.0 MiB,0.0 MiB,13535.8 MiB
Python 3.10.11,nbody.py 50000000,6,1690935297,349322,python,0:07.10,16380,8424,5784,100.0,0.1,284,2,281,1,0,12.6,0.8,0.0,86.6,0.0,0.0,0.0,0.0,15795.0 MiB,5795.9 MiB,1588.2 MiB,8410.9 MiB,4096.0 MiB,4096.0 MiB,0.0 MiB,13536.2 MiB
Python 3.10.11,nbody.py 50000000,7,1690935298,349322,python,0:08.26,16380,8424,5784,100.0,0.1,284,2,281,1,0,12.8,0.8,0.0,86.4,0.0,0.0,0.0,0.0,15795.0 MiB,5796.4 MiB,1587.7 MiB,8410.9 MiB,4096.0 MiB,4096.0 MiB,0.0 MiB,13536.7 MiB
Python 3.10.11,nbody.py 50000000,8,1690935299,349322,python,0:09.43,16380,8424,5784,93.8,0.1,284,2,281,1,0,12.7,0.8,0.0,86.5,0.0,0.0,0.0,0.0,15795.0 MiB,5796.1 MiB,1587.9 MiB,8410.9 MiB,4096.0 MiB,4096.0 MiB,0.0 MiB,13536.5 MiB
Python 3.10.11,nbody.py 50000000,9,1690935300,349322,python,0:10.59,16380,8424,5784,100.0,0.1,284,2,281,1,0,12.7,0.0,0.0,87.3,0.0,0.0,0.0,0.0,15795.0 MiB,5796.4 MiB,1587.7 MiB,8410.9 MiB,4096.0 MiB,4096.0 MiB,0.0 MiB,13536.7 MiB
Python 3.10.11,nbody.py 50000000,10,1690935301,349322,python,0:11.76,16380,8424,5784,100.0,0.1,284,2,281,1,0,12.7,0.0,0.0,87.3,0.0,0.0,0.0,0.0,15795.0 MiB,5797.4 MiB,1586.7 MiB,8410.9 MiB,4096.0 MiB,4096.0 MiB,0.0 MiB,13537.7 MiB
Python 3.10.11,nbody.py 50000000,11,1690935303,349322,python,0:12.92,16380,8424,5784,100.0,0.1,284,2,281,1,0,13.5,0.0,0.0,86.5,0.0,0.0,0.0,0.0,15795.0 MiB,5797.1 MiB,1586.9 MiB,8410.9 MiB,4096.0 MiB,4096.0 MiB,0.0 MiB,13537.5 MiB
Python 3.10.11,nbody.py 50000000,12,1690935304,349322,python,0:14.09,16380,8424,5784,100.0,0.1,284,2,281,1,0,13.4,0.8,0.0,85.8,0.0,0.0,0.0,0.0,15795.0 MiB,5796.9 MiB,1587.1 MiB,8411.0 MiB,4096.0 MiB,4096.0 MiB,0.0 MiB,13537.3 MiB
Python 3.10.11,nbody.py 50000000,13,1690935305,349322,python,0:15.25,16380,8424,5784,100.0,0.1,284,2,281,1,0,13.4,1.6,0.0,85.0,0.0,0.0,0.0,0.0,15795.0 MiB,5796.9 MiB,1587.1 MiB,8411.0 MiB,4096.0 MiB,4096.0 MiB,0.0 MiB,13537.3 MiB
Python 3.10.11,nbody.py 50000000,14,1690935306,349322,python,0:16.42,16380,8424,5784,100.0,0.1,284,2,281,1,0,13.5,0.0,0.0,85.7,0.8,0.0,0.0,0.0,15795.0 MiB,5796.9 MiB,1587.1 MiB,8411.0 MiB,4096.0 MiB,4096.0 MiB,0.0 MiB,13537.3 MiB
Python 3.10.11,nbody.py 50000000,15,1690935307,349322,python,0:17.58,16380,8424,5784,100.0,0.1,284,2,281,1,0,12.8,0.0,0.0,87.2,0.0,0.0,0.0,0.0,15795.0 MiB,5796.9 MiB,1587.1 MiB,8411.0 MiB,4096.0 MiB,4096.0 MiB,0.0 MiB,13537.3 MiB
Python 3.10.11,nbody.py 50000000,16,1690935308,349322,python,0:18.75,16380,8424,5784,100.0,0.1,284,2,281,1,0,12.7,0.8,0.0,86.5,0.0,0.0,0.0,0.0,15795.0 MiB,5797.1 MiB,1586.9 MiB,8411.0 MiB,4096.0 MiB,4096.0 MiB,0.0 MiB,13537.5 MiB
Python 3.10.11,nbody.py 50000000,17,1690935310,349322,python,0:19.91,16380,8424,5784,100.0,0.1,284,2,281,1,0,13.5,0.8,0.0,85.7,0.0,0.0,0.0,0.0,15795.0 MiB,5797.1 MiB,1586.9 MiB,8411.0 MiB,4096.0 MiB,4096.0 MiB,0.0 MiB,13537.5 MiB
Python 3.10.11,nbody.py 50000000,18,1690935311,349322,python,0:21.08,16380,8424,5784,100.0,0.1,284,2,281,1,0,13.5,0.0,0.0,86.5,0.0,0.0,0.0,0.0,15795.0 MiB,5797.1 MiB,1586.9 MiB,8411.0 MiB,4096.0 MiB,4096.0 MiB,0.0 MiB,13537.5 MiB
Python 3.10.11,nbody.py 50000000,19,1690935312,349322,python,0:22.24,16380,8424,5784,100.0,0.1,284,2,281,1,0,14.2,0.0,0.0,85.8,0.0,0.0,0.0,0.0,15795.0 MiB,5796.9 MiB,1587.1 MiB,8411.0 MiB,4096.0 MiB,4096.0 MiB,0.0 MiB,13537.3 MiB
Python 3.10.11,nbody.py 50000000,20,1690935313,349322,python,0:23.41,16380,8424,5784,93.8,0.1,284,3,280,1,0,14.0,0.0,0.0,86.0,0.0,0.0,0.0,0.0,15795.0 MiB,5796.4 MiB,1587.5 MiB,8411.0 MiB,4096.0 MiB,4096.0 MiB,0.0 MiB,13536.8 MiB
Python 3.10.11,nbody.py 50000000,21,1690935314,349322,python,0:24.57,16380,8424,5784,93.8,0.1,284,2,281,1,0,12.8,0.0,0.0,87.2,0.0,0.0,0.0,0.0,15795.0 MiB,5796.4 MiB,1587.5 MiB,8411.0 MiB,4096.0 MiB,4096.0 MiB,0.0 MiB,13536.8 MiB
Python 3.10.11,nbody.py 50000000,22,1690935315,349322,python,0:25.74,16380,8424,5784,100.0,0.1,284,2,281,1,0,12.7,0.0,0.0,87.3,0.0,0.0,0.0,0.0,15795.0 MiB,5796.4 MiB,1587.5 MiB,8411.0 MiB,4096.0 MiB,4096.0 MiB,0.0 MiB,13536.8 MiB
Python 3.10.11,nbody.py 50000000,23,1690935317,349322,python,0:26.91,16380,8424,5784,100.0,0.1,284,2,281,1,0,13.4,0.0,0.0,86.6,0.0,0.0,0.0,0.0,15795.0 MiB,5795.0 MiB,1589.0 MiB,8411.0 MiB,4096.0 MiB,4096.0 MiB,0.0 MiB,13535.4 MiB
Python 3.10.11,nbody.py 50000000,24,1690935318,349322,python,0:28.07,16380,8424,5784,100.0,0.1,284,2,281,1,0,12.7,0.0,0.0,87.3,0.0,0.0,0.0,0.0,15795.0 MiB,5794.7 MiB,1589.2 MiB,8411.1 MiB,4096.0 MiB,4096.0 MiB,0.0 MiB,13535.1 MiB
Python 3.10.11,nbody.py 50000000,25,1690935319,349322,python,0:29.24,16380,8424,5784,100.0,0.1,284,2,281,1,0,12.6,0.8,0.0,86.6,0.0,0.0,0.0,0.0,15795.0 MiB,5794.7 MiB,1589.2 MiB,8411.1 MiB,4096.0 MiB,4096.0 MiB,0.0 MiB,13535.1 MiB
Python 3.10.11,nbody.py 50000000,26,1690935320,349322,python,0:30.40,16380,8424,5784,100.0,0.1,284,2,281,1,0,12.6,0.8,0.0,86.6,0.0,0.0,0.0,0.0,15795.0 MiB,5794.7 MiB,1589.2 MiB,8411.1 MiB,4096.0 MiB,4096.0 MiB,0.0 MiB,13535.1 MiB
Python 3.10.11,nbody.py 50000000,27,1690935321,349322,python,0:31.57,16380,8424,5784,100.0,0.1,284,2,281,1,0,12.5,1.6,0.0,85.9,0.0,0.0,0.0,0.0,15795.0 MiB,5794.7 MiB,1589.2 MiB,8411.1 MiB,4096.0 MiB,4096.0 MiB,0.0 MiB,13535.1 MiB
Python 3.10.11,nbody.py 50000000,28,1690935322,349322,python,0:32.73,16380,8424,5784,100.0,0.1,284,2,281,1,0,12.6,0.8,0.0,85.8,0.8,0.0,0.0,0.0,15795.0 MiB,5794.5 MiB,1589.4 MiB,8411.1 MiB,4096.0 MiB,4096.0 MiB,0.0 MiB,13534.9 MiB
Python 3.10.11,nbody.py 50000000,29,1690935324,349322,python,0:33.90,16380,8424,5784,100.0,0.1,284,2,281,1,0,13.4,0.0,0.0,86.6,0.0,0.0,0.0,0.0,15795.0 MiB,5794.7 MiB,1589.2 MiB,8411.1 MiB,4096.0 MiB,4096.0 MiB,0.0 MiB,13535.2 MiB
Python 3.10.11,nbody.py 50000000,30,1690935325,349322,python,0:35.07,16380,8424,5784,100.0,0.1,284,2,281,1,0,12.6,0.8,0.0,86.6,0.0,0.0,0.0,0.0,15795.0 MiB,5795.0 MiB,1588.9 MiB,8411.1 MiB,4096.0 MiB,4096.0 MiB,0.0 MiB,13535.4 MiB
Python 3.10.11,nbody.py 50000000,31,1690935326,349322,python,0:36.23,16380,8424,5784,100.0,0.1,284,2,281,1,0,12.6,0.8,0.0,86.6,0.0,0.0,0.0,0.0,15795.0 MiB,5795.0 MiB,1588.9 MiB,8411.1 MiB,4096.0 MiB,4096.0 MiB,0.0 MiB,13535.4 MiB
Python 3.10.11,nbody.py 50000000,32,1690935327,349322,python,0:37.40,16380,8424,5784,93.8,0.1,284,2,281,1,0,12.0,0.8,0.0,87.2,0.0,0.0,0.0,0.0,15795.0 MiB,5795.0 MiB,1588.9 MiB,8411.1 MiB,4096.0 MiB,4096.0 MiB,0.0 MiB,13535.4 MiB
Python 3.10.11,nbody.py 50000000,33,1690935328,349322,python,0:38.57,16380,8424,5784,100.0,0.1,284,2,281,1,0,12.6,1.6,0.0,85.8,0.0,0.0,0.0,0.0,15795.0 MiB,5794.7 MiB,1589.2 MiB,8411.1 MiB,4096.0 MiB,4096.0 MiB,0.0 MiB,13535.2 MiB
Python 3.10.11,nbody.py 50000000,34,1690935329,349322,python,0:39.73,16380,8424,5784,100.0,0.1,284,2,281,1,0,12.6,0.8,0.0,85.8,0.8,0.0,0.0,0.0,15795.0 MiB,5794.7 MiB,1589.2 MiB,8411.1 MiB,4096.0 MiB,4096.0 MiB,0.0 MiB,13535.2 MiB
Python 3.10.11,nbody.py 50000000,35,1690935331,349322,python,0:40.90,16380,8424,5784,93.8,0.1,284,2,281,1,0,13.3,0.8,0.0,85.9,0.0,0.0,0.0,0.0,15795.0 MiB,5794.7 MiB,1589.2 MiB,8411.1 MiB,4096.0 MiB,4096.0 MiB,0.0 MiB,13535.2 MiB
Python 3.10.11,nbody.py 50000000,36,1690935332,349322,python,0:42.07,16380,8424,5784,100.0,0.1,284,2,281,1,0,13.3,0.8,0.0,85.9,0.0,0.0,0.0,0.0,15795.0 MiB,5794.7 MiB,1589.2 MiB,8411.1 MiB,4096.0 MiB,4096.0 MiB,0.0 MiB,13535.2 MiB
Python 3.10.11,nbody.py 50000000,37,1690935333,349322,python,0:43.23,16380,8424,5784,100.0,0.1,284,2,281,1,0,12.7,0.0,0.0,87.3,0.0,0.0,0.0,0.0,15795.0 MiB,5794.7 MiB,1589.2 MiB,8411.1 MiB,4096.0 MiB,4096.0 MiB,0.0 MiB,13535.2 MiB
Python 3.10.11,nbody.py 50000000,38,1690935334,349322,python,0:44.40,16380,8424,5784,100.0,0.1,284,2,281,1,0,12.6,0.8,0.0,86.6,0.0,0.0,0.0,0.0,15795.0 MiB,5795.0 MiB,1588.9 MiB,8411.1 MiB,4096.0 MiB,4096.0 MiB,0.0 MiB,13535.5 MiB
Python 3.10.11,nbody.py 50000000,39,1690935335,349322,python,0:45.56,16380,8424,5784,100.0,0.1,284,2,281,1,0,14.1,0.8,0.0,85.2,0.0,0.0,0.0,0.0,15795.0 MiB,5795.0 MiB,1588.9 MiB,8411.1 MiB,4096.0 MiB,4096.0 MiB,0.0 MiB,13535.5 MiB
Python 3.10.11,nbody.py 50000000,40,1690935336,349322,python,0:46.73,16380,8424,5784,100.0,0.1,282,2,279,1,0,12.6,1.6,0.0,85.8,0.0,0.0,0.0,0.0,15795.0 MiB,5795.2 MiB,1588.6 MiB,8411.1 MiB,4096.0 MiB,4096.0 MiB,0.0 MiB,13535.7 MiB
Python 3.10.11,nbody.py 50000000,41,1690935338,349322,python,0:47.89,16380,8424,5784,100.0,0.1,282,2,279,1,0,12.5,1.6,0.0,85.9,0.0,0.0,0.0,0.0,15795.0 MiB,5795.2 MiB,1588.6 MiB,8411.1 MiB,4096.0 MiB,4096.0 MiB,0.0 MiB,13535.7 MiB
Python 3.10.11,nbody.py 50000000,42,1690935339,349322,python,0:49.06,16380,8424,5784,100.0,0.1,282,2,279,1,0,12.6,0.8,0.0,86.6,0.0,0.0,0.0,0.0,15795.0 MiB,5795.2 MiB,1588.6 MiB,8411.1 MiB,4096.0 MiB,4096.0 MiB,0.0 MiB,13535.7 MiB
Python 3.10.11,nbody.py 50000000,43,1690935340,349322,python,0:50.22,16380,8424,5784,93.8,0.1,282,2,279,1,0,13.4,0.8,0.0,85.8,0.0,0.0,0.0,0.0,15795.0 MiB,5795.2 MiB,1588.6 MiB,8411.1 MiB,4096.0 MiB,4096.0 MiB,0.0 MiB,13535.7 MiB
Python 3.10.11,nbody.py 50000000,44,1690935341,349322,python,0:51.39,16380,8424,5784,100.0,0.1,282,2,279,1,0,12.6,0.8,0.0,86.6,0.0,0.0,0.0,0.0,15795.0 MiB,5795.2 MiB,1588.6 MiB,8411.1 MiB,4096.0 MiB,4096.0 MiB,0.0 MiB,13535.7 MiB
Python 3.10.11,nbody.py 50000000,45,1690935342,349322,python,0:52.56,16380,8424,5784,100.0,0.1,282,2,279,1,0,13.3,0.8,0.0,85.9,0.0,0.0,0.0,0.0,15795.0 MiB,5795.2 MiB,1588.6 MiB,8411.1 MiB,4096.0 MiB,4096.0 MiB,0.0 MiB,13535.7 MiB
Python 3.10.11,nbody.py 50000000,46,1690935343,349322,python,0:53.72,16380,8424,5784,100.0,0.1,282,2,279,1,0,12.7,0.8,0.0,86.5,0.0,0.0,0.0,0.0,15795.0 MiB,5796.0 MiB,1587.9 MiB,8411.1 MiB,4096.0 MiB,4096.0 MiB,0.0 MiB,13536.5 MiB
Python 3.10.11,nbody.py 50000000,47,1690935345,349322,python,0:54.89,16380,8424,5784,100.0,0.1,282,2,279,1,0,12.7,0.8,0.0,86.5,0.0,0.0,0.0,0.0,15795.0 MiB,5796.2 MiB,1587.6 MiB,8411.1 MiB,4096.0 MiB,4096.0 MiB,0.0 MiB,13536.7 MiB
Python 3.10.11,nbody.py 50000000,48,1690935346,349322,python,0:56.06,16380,8424,5784,100.0,0.1,282,2,279,1,0,12.6,0.0,0.0,86.6,0.0,0.0,0.8,0.0,15795.0 MiB,5796.5 MiB,1587.4 MiB,8411.1 MiB,4096.0 MiB,4096.0 MiB,0.0 MiB,13536.9 MiB
Python 3.10.11,nbody.py 50000000,49,1690935347,349322,python,0:57.22,16380,8424,5784,100.0,0.1,282,2,279,1,0,13.3,0.8,0.0,85.9,0.0,0.0,0.0,0.0,15795.0 MiB,5796.7 MiB,1587.1 MiB,8411.1 MiB,4096.0 MiB,4096.0 MiB,0.0 MiB,13537.2 MiB
Python 3.10.11,nbody.py 50000000,50,1690935348,349322,python,0:58.38,16380,8424,5784,93.8,0.1,282,2,279,1,0,11.9,0.8,0.0,87.3,0.0,0.0,0.0,0.0,15795.0 MiB,5796.7 MiB,1587.1 MiB,8411.1 MiB,4096.0 MiB,4096.0 MiB,0.0 MiB,13537.2 MiB
Python 3.10.11,nbody.py 50000000,51,1690935349,349322,python,0:59.55,16380,8424,5784,100.0,0.1,282,2,279,1,0,12.6,0.8,0.0,86.6,0.0,0.0,0.0,0.0,15795.0 MiB,5795.5 MiB,1588.4 MiB,8411.1 MiB,4096.0 MiB,4096.0 MiB,0.0 MiB,13536.0 MiB
Python 3.10.11,nbody.py 50000000,52,1690935350,349322,python,1:00.72,16380,8424,5784,100.0,0.1,282,2,279,1,0,12.7,0.0,0.0,86.5,0.8,0.0,0.0,0.0,15795.0 MiB,5795.3 MiB,1588.6 MiB,8411.1 MiB,4096.0 MiB,4096.0 MiB,0.0 MiB,13535.7 MiB
Python 3.10.11,nbody.py 50000000,53,1690935352,349322,python,1:01.88,16380,8424,5784,93.8,0.1,282,2,279,1,0,13.5,0.8,0.0,85.7,0.0,0.0,0.0,0.0,15795.0 MiB,5795.5 MiB,1588.3 MiB,8411.1 MiB,4096.0 MiB,4096.0 MiB,0.0 MiB,13536.0 MiB
Python 3.10.11,nbody.py 50000000,54,1690935353,349322,python,1:03.05,16380,8424,5784,100.0,0.1,282,2,279,1,0,12.0,0.0,0.0,88.0,0.0,0.0,0.0,0.0,15795.0 MiB,5795.3 MiB,1588.6 MiB,8411.1 MiB,4096.0 MiB,4096.0 MiB,0.0 MiB,13535.8 MiB
Python 3.10.11,nbody.py 50000000,55,1690935354,349322,python,1:04.22,16380,8424,5784,100.0,0.1,282,2,279,1,0,13.3,0.8,0.0,85.9,0.0,0.0,0.0,0.0,15795.0 MiB,5795.3 MiB,1588.6 MiB,8411.1 MiB,4096.0 MiB,4096.0 MiB,0.0 MiB,13535.8 MiB
Python 3.10.11,nbody.py 50000000,56,1690935355,349322,python,1:05.38,16380,8424,5784,100.0,0.1,282,2,279,1,0,12.8,0.0,0.0,87.2,0.0,0.0,0.0,0.0,15795.0 MiB,5795.0 MiB,1588.8 MiB,8411.1 MiB,4096.0 MiB,4096.0 MiB,0.0 MiB,13535.5 MiB
Python 3.10.11,nbody.py 50000000,57,1690935356,349322,python,1:06.55,16380,8424,5784,100.0,0.1,282,2,279,1,0,13.3,0.8,0.0,85.2,0.8,0.0,0.0,0.0,15795.0 MiB,5795.0 MiB,1588.8 MiB,8411.1 MiB,4096.0 MiB,4096.0 MiB,0.0 MiB,13535.5 MiB
Python 3.10.11,nbody.py 50000000,58,1690935357,349322,python,1:07.72,16380,8424,5784,100.0,0.1,282,2,279,1,0,12.6,0.8,0.0,86.6,0.0,0.0,0.0,0.0,15795.0 MiB,5795.0 MiB,1588.8 MiB,8411.2 MiB,4096.0 MiB,4096.0 MiB,0.0 MiB,13535.5 MiB
Python 3.10.11,nbody.py 50000000,59,1690935359,349322,python,1:08.88,16380,8424,5784,100.0,0.1,282,2,279,1,0,12.6,0.8,0.0,86.6,0.0,0.0,0.0,0.0,15795.0 MiB,5795.0 MiB,1588.8 MiB,8411.2 MiB,4096.0 MiB,4096.0 MiB,0.0 MiB,13535.5 MiB
Python 3.10.11,nbody.py 50000000,60,1690935360,349322,python,1:10.05,16380,8424,5784,100.0,0.1,282,2,279,1,0,13.4,0.0,0.0,86.6,0.0,0.0,0.0,0.0,15795.0 MiB,5795.0 MiB,1589.0 MiB,8411.0 MiB,4096.0 MiB,4096.0 MiB,0.0 MiB,13535.5 MiB
Python 3.10.11,nbody.py 50000000,61,1690935361,349322,python,1:11.21,16380,8424,5784,100.0,0.1,282,2,279,1,0,13.3,0.8,0.0,85.9,0.0,0.0,0.0,0.0,15795.0 MiB,5795.3 MiB,1588.7 MiB,8411.0 MiB,4096.0 MiB,4096.0 MiB,0.0 MiB,13535.8 MiB
Python 3.10.11,nbody.py 50000000,62,1690935362,349322,python,1:12.38,16380,8424,5784,100.0,0.1,282,2,279,1,0,13.4,0.0,0.0,86.6,0.0,0.0,0.0,0.0,15795.0 MiB,5795.3 MiB,1588.7 MiB,8411.0 MiB,4096.0 MiB,4096.0 MiB,0.0 MiB,13535.8 MiB
Python 3.10.11,nbody.py 50000000,63,1690935363,349322,python,1:13.54,16380,8424,5784,93.8,0.1,282,2,279,1,0,13.8,0.8,0.0,85.4,0.0,0.0,0.0,0.0,15795.0 MiB,5795.3 MiB,1588.7 MiB,8411.0 MiB,4096.0 MiB,4096.0 MiB,0.0 MiB,13535.8 MiB
Python 3.10.11,nbody.py 50000000,64,1690935364,349322,python,1:14.71,16380,8424,5784,100.0,0.1,282,2,279,1,0,13.4,0.8,0.0,85.8,0.0,0.0,0.0,0.0,15795.0 MiB,5795.3 MiB,1588.7 MiB,8411.0 MiB,4096.0 MiB,4096.0 MiB,0.0 MiB,13535.8 MiB
Python 3.10.11,nbody.py 50000000,65,1690935366,349322,python,1:15.88,16380,8424,5784,100.0,0.1,282,2,279,1,0,12.7,0.8,0.0,86.5,0.0,0.0,0.0,0.0,15795.0 MiB,5795.3 MiB,1588.7 MiB,8411.0 MiB,4096.0 MiB,4096.0 MiB,0.0 MiB,13535.8 MiB
Python 3.10.11,nbody.py 50000000,66,1690935367,349322,python,1:17.04,16380,8424,5784,93.8,0.1,282,2,279,1,0,13.3,0.8,0.0,85.9,0.0,0.0,0.0,0.0,15795.0 MiB,5795.8 MiB,1588.2 MiB,8411.0 MiB,4096.0 MiB,4096.0 MiB,0.0 MiB,13536.3 MiB
Python 3.10.11,nbody.py 50000000,67,1690935368,349322,python,1:18.21,16380,8424,5784,100.0,0.1,282,2,279,1,0,13.5,0.0,0.0,86.5,0.0,0.0,0.0,0.0,15795.0 MiB,5795.5 MiB,1588.4 MiB,8411.0 MiB,4096.0 MiB,4096.0 MiB,0.0 MiB,13536.1 MiB
Python 3.10.11,nbody.py 50000000,68,1690935369,349322,python,1:19.38,16380,8424,5784,100.0,0.1,282,2,279,1,0,12.7,0.0,0.0,87.3,0.0,0.0,0.0,0.0,15795.0 MiB,5795.8 MiB,1588.2 MiB,8411.0 MiB,4096.0 MiB,4096.0 MiB,0.0 MiB,13536.3 MiB
Python 3.10.11,nbody.py 50000000,69,1690935370,349322,python,1:20.54,16380,8424,5784,93.8,0.1,282,2,279,1,0,13.4,0.0,0.0,86.6,0.0,0.0,0.0,0.0,15795.0 MiB,5795.5 MiB,1588.4 MiB,8411.0 MiB,4096.0 MiB,4096.0 MiB,0.0 MiB,13536.1 MiB
Python 3.10.11,nbody.py 50000000,70,1690935371,349322,python,1:21.71,16380,8424,5784,100.0,0.1,282,2,279,1,0,12.6,0.8,0.0,86.6,0.0,0.0,0.0,0.0,15795.0 MiB,5795.5 MiB,1588.4 MiB,8411.0 MiB,4096.0 MiB,4096.0 MiB,0.0 MiB,13536.1 MiB
Python 3.10.11,nbody.py 50000000,71,1690935373,349322,python,1:22.88,16380,8424,5784,100.0,0.1,282,2,279,1,0,13.1,2.3,0.0,84.6,0.0,0.0,0.0,0.0,15795.0 MiB,5795.5 MiB,1588.4 MiB,8411.0 MiB,4096.0 MiB,4096.0 MiB,0.0 MiB,13536.1 MiB
Python 3.10.11,nbody.py 50000000,72,1690935374,349322,python,1:24.04,16380,8424,5784,100.0,0.1,282,2,279,1,0,13.3,0.8,0.0,85.9,0.0,0.0,0.0,0.0,15795.0 MiB,5796.0 MiB,1587.9 MiB,8411.0 MiB,4096.0 MiB,4096.0 MiB,0.0 MiB,13536.6 MiB
Python 3.10.11,nbody.py 50000000,73,1690935375,349322,python,1:25.21,16380,8424,5784,100.0,0.1,282,2,279,1,0,12.0,0.8,0.0,87.2,0.0,0.0,0.0,0.0,15795.0 MiB,5796.0 MiB,1587.9 MiB,8411.0 MiB,4096.0 MiB,4096.0 MiB,0.0 MiB,13536.6 MiB
Python 3.10.11,nbody.py 50000000,74,1690935376,349322,python,1:26.38,16380,8424,5784,100.0,0.1,282,2,279,1,0,13.5,0.0,0.0,86.5,0.0,0.0,0.0,0.0,15795.0 MiB,5796.3 MiB,1587.7 MiB,8411.1 MiB,4096.0 MiB,4096.0 MiB,0.0 MiB,13536.8 MiB
Python 3.10.11,nbody.py 50000000,75,1690935377,349322,python,1:27.54,16380,8424,5784,100.0,0.1,282,2,279,1,0,13.4,2.4,0.0,82.7,1.6,0.0,0.0,0.0,15795.0 MiB,5797.1 MiB,1585.3 MiB,8412.6 MiB,4096.0 MiB,4096.0 MiB,0.0 MiB,13539.2 MiB
Python 3.10.11,nbody.py 50000000,76,1690935378,349322,python,1:28.71,16380,8424,5784,100.0,0.1,282,2,279,1,0,13.4,0.0,0.0,86.6,0.0,0.0,0.0,0.0,15795.0 MiB,5797.5 MiB,1584.9 MiB,8412.6 MiB,4096.0 MiB,4096.0 MiB,0.0 MiB,13539.6 MiB
Python 3.10.11,nbody.py 50000000,77,1690935380,349322,python,1:29.87,16380,8424,5784,100.0,0.1,282,2,279,1,0,12.7,0.8,0.0,86.5,0.0,0.0,0.0,0.0,15795.0 MiB,5796.0 MiB,1586.3 MiB,8412.7 MiB,4096.0 MiB,4096.0 MiB,0.0 MiB,13538.2 MiB
Python 3.10.11,nbody.py 50000000,78,1690935381,349322,python,1:31.04,16380,8424,5784,100.0,0.1,282,2,279,1,0,13.3,0.8,0.0,85.9,0.0,0.0,0.0,0.0,15795.0 MiB,5796.0 MiB,1586.3 MiB,8412.7 MiB,4096.0 MiB,4096.0 MiB,0.0 MiB,13538.2 MiB
Python 3.10.11,nbody.py 50000000,79,1690935382,349322,python,1:32.20,16380,8424,5784,93.8,0.1,282,2,279,1,0,12.6,0.8,0.0,86.6,0.0,0.0,0.0,0.0,15795.0 MiB,5795.0 MiB,1587.3 MiB,8412.7 MiB,4096.0 MiB,4096.0 MiB,0.0 MiB,13537.2 MiB
Python 3.10.11,nbody.py 50000000,80,1690935383,349322,python,1:33.37,16380,8424,5784,100.0,0.1,282,2,279,1,0,13.4,0.8,0.0,85.8,0.0,0.0,0.0,0.0,15795.0 MiB,5795.5 MiB,1586.8 MiB,8412.7 MiB,4096.0 MiB,4096.0 MiB,0.0 MiB,13537.7 MiB
Python 3.10.11,nbody.py 50000000,81,1690935384,349322,python,1:34.53,16380,8424,5784,93.8,0.1,282,2,279,1,0,12.6,0.8,0.0,86.6,0.0,0.0,0.0,0.0,15795.0 MiB,5795.3 MiB,1587.0 MiB,8412.7 MiB,4096.0 MiB,4096.0 MiB,0.0 MiB,13537.5 MiB
Python 3.10.11,nbody.py 50000000,82,1690935385,349322,python,1:35.70,16380,8424,5784,93.8,0.1,282,2,279,1,0,14.1,0.8,0.0,85.2,0.0,0.0,0.0,0.0,15795.0 MiB,5795.0 MiB,1587.3 MiB,8412.7 MiB,4096.0 MiB,4096.0 MiB,0.0 MiB,13537.2 MiB
Python 3.10.11,nbody.py 50000000,83,1690935387,349322,python,1:36.87,16380,8424,5784,100.0,0.1,282,2,279,1,0,12.7,0.0,0.0,87.3,0.0,0.0,0.0,0.0,15795.0 MiB,5794.8 MiB,1587.5 MiB,8412.7 MiB,4096.0 MiB,4096.0 MiB,0.0 MiB,13537.0 MiB
Python 3.10.11,nbody.py 50000000,84,1690935388,349322,python,1:38.03,16380,8424,5784,93.8,0.1,282,2,279,1,0,13.3,0.8,0.0,85.9,0.0,0.0,0.0,0.0,15795.0 MiB,5794.8 MiB,1587.5 MiB,8412.7 MiB,4096.0 MiB,4096.0 MiB,0.0 MiB,13537.0 MiB
Python 3.10.11,nbody.py 50000000,85,1690935389,349322,python,1:39.21,16380,8424,5784,100.0,0.1,282,2,279,1,0,13.0,0.8,0.0,86.3,0.0,0.0,0.0,0.0,15795.0 MiB,5794.5 MiB,1587.7 MiB,8412.7 MiB,4096.0 MiB,4096.0 MiB,0.0 MiB,13536.8 MiB
Python 3.10.11,nbody.py 50000000,86,1690935390,349322,python,1:40.37,16380,8424,5784,93.8,0.1,282,3,278,1,0,12.8,0.0,0.0,86.4,0.8,0.0,0.0,0.0,15795.0 MiB,5794.1 MiB,1588.2 MiB,8412.7 MiB,4096.0 MiB,4096.0 MiB,0.0 MiB,13536.3 MiB
Python 3.10.11,nbody.py 50000000,87,1690935391,349322,python,1:41.54,16380,8424,5784,100.0,0.1,282,2,279,1,0,13.3,0.8,0.0,85.9,0.0,0.0,0.0,0.0,15795.0 MiB,5794.1 MiB,1588.2 MiB,8412.7 MiB,4096.0 MiB,4096.0 MiB,0.0 MiB,13536.3 MiB
Python 3.10.11,nbody.py 50000000,88,1690935392,349322,python,1:42.70,16380,8424,5784,93.8,0.1,282,2,279,1,0,12.7,0.0,0.0,87.3,0.0,0.0,0.0,0.0,15795.0 MiB,5794.1 MiB,1588.2 MiB,8412.7 MiB,4096.0 MiB,4096.0 MiB,0.0 MiB,13536.3 MiB
Python 3.10.11,nbody.py 50000000,89,1690935394,349322,python,1:43.87,16380,8424,5784,100.0,0.1,282,2,279,1,0,12.6,0.8,0.0,86.6,0.0,0.0,0.0,0.0,15795.0 MiB,5794.3 MiB,1588.0 MiB,8412.7 MiB,4096.0 MiB,4096.0 MiB,0.0 MiB,13536.5 MiB
Python 3.10.11,nbody.py 50000000,90,1690935395,349322,python,1:45.03,16380,8424,5784,93.8,0.1,282,2,279,1,0,12.6,0.8,0.0,86.6,0.0,0.0,0.0,0.0,15795.0 MiB,5794.5 MiB,1587.7 MiB,8412.7 MiB,4096.0 MiB,4096.0 MiB,0.0 MiB,13536.8 MiB
Python 3.10.11,nbody.py 50000000,91,1690935396,349322,python,1:46.20,16380,8424,5784,93.8,0.1,282,2,279,1,0,13.4,0.0,0.0,86.6,0.0,0.0,0.0,0.0,15795.0 MiB,5794.3 MiB,1587.9 MiB,8412.8 MiB,4096.0 MiB,4096.0 MiB,0.0 MiB,13536.6 MiB
Python 3.10.11,nbody.py 50000000,92,1690935397,349322,python,1:47.37,16380,8424,5784,100.0,0.1,282,2,279,1,0,12.6,0.8,0.0,86.6,0.0,0.0,0.0,0.0,15795.0 MiB,5793.8 MiB,1588.4 MiB,8412.8 MiB,4096.0 MiB,4096.0 MiB,0.0 MiB,13536.1 MiB
Python 3.10.11,nbody.py 50000000,93,1690935398,349322,python,1:48.53,16380,8424,5784,93.8,0.1,282,2,279,1,0,13.3,0.8,0.0,85.9,0.0,0.0,0.0,0.0,15795.0 MiB,5794.3 MiB,1587.9 MiB,8412.8 MiB,4096.0 MiB,4096.0 MiB,0.0 MiB,13536.6 MiB
Python 3.10.11,nbody.py 50000000,94,1690935399,349322,python,1:49.70,16380,8424,5784,100.0,0.1,282,2,279,1,0,12.7,0.0,0.0,87.3,0.0,0.0,0.0,0.0,15795.0 MiB,5793.8 MiB,1588.4 MiB,8412.8 MiB,4096.0 MiB,4096.0 MiB,0.0 MiB,13536.1 MiB
Python 3.10.11,nbody.py 50000000,95,1690935401,349322,python,1:50.87,16380,8424,5784,100.0,0.1,282,2,279,1,0,14.1,0.0,0.0,85.9,0.0,0.0,0.0,0.0,15795.0 MiB,5794.1 MiB,1588.2 MiB,8412.8 MiB,4096.0 MiB,4096.0 MiB,0.0 MiB,13536.3 MiB
Python 3.10.11,nbody.py 50000000,96,1690935402,349322,python,1:52.03,16380,8424,5784,93.8,0.1,281,2,278,1,0,12.7,0.0,0.0,87.3,0.0,0.0,0.0,0.0,15795.0 MiB,5794.1 MiB,1588.1 MiB,8412.8 MiB,4096.0 MiB,4096.0 MiB,0.0 MiB,13536.3 MiB
Python 3.10.11,nbody.py 50000000,97,1690935403,349322,python,1:53.20,16380,8424,5784,100.0,0.1,281,2,278,1,0,12.6,0.8,0.0,86.6,0.0,0.0,0.0,0.0,15795.0 MiB,5794.1 MiB,1588.1 MiB,8412.8 MiB,4096.0 MiB,4096.0 MiB,0.0 MiB,13536.3 MiB
Python 3.10.11,nbody.py 50000000,98,1690935404,349322,python,1:54.36,16380,8424,5784,93.8,0.1,281,2,278,1,0,12.7,0.0,0.0,87.3,0.0,0.0,0.0,0.0,15795.0 MiB,5794.1 MiB,1588.1 MiB,8412.8 MiB,4096.0 MiB,4096.0 MiB,0.0 MiB,13536.4 MiB
Python 3.10.11,nbody.py 50000000,99,1690935405,349322,python,1:55.53,16380,8424,5784,100.0,0.1,281,2,278,1,0,12.7,0.8,0.0,86.5,0.0,0.0,0.0,0.0,15795.0 MiB,5794.1 MiB,1588.1 MiB,8412.8 MiB,4096.0 MiB,4096.0 MiB,0.0 MiB,13536.4 MiB
Python 3.10.11,nbody.py 50000000,100,1690935406,349322,python,1:56.69,16380,8424,5784,93.8,0.1,281,2,278,1,0,11.9,1.6,0.0,86.5,0.0,0.0,0.0,0.0,15795.0 MiB,5794.3 MiB,1587.9 MiB,8412.8 MiB,4096.0 MiB,4096.0 MiB,0.0 MiB,13536.6 MiB
Python 3.10.11,nbody.py 50000000,101,1690935408,349322,python,1:57.86,16380,8424,5784,93.8,0.1,281,2,278,1,0,13.4,0.0,0.0,86.6,0.0,0.0,0.0,0.0,15795.0 MiB,5794.1 MiB,1588.1 MiB,8412.8 MiB,4096.0 MiB,4096.0 MiB,0.0 MiB,13536.4 MiB
Python 3.10.11,nbody.py 50000000,102,1690935409,349322,python,1:59.03,16380,8424,5784,100.0,0.1,281,2,278,1,0,11.9,0.8,0.0,87.3,0.0,0.0,0.0,0.0,15795.0 MiB,5794.1 MiB,1588.1 MiB,8412.8 MiB,4096.0 MiB,4096.0 MiB,0.0 MiB,13536.4 MiB
Python 3.10.11,nbody.py 50000000,103,1690935410,349322,python,2:00.19,16380,8424,5784,93.8,0.1,281,2,278,1,0,12.6,0.8,0.0,86.6,0.0,0.0,0.0,0.0,15795.0 MiB,5793.8 MiB,1588.3 MiB,8412.8 MiB,4096.0 MiB,4096.0 MiB,0.0 MiB,13536.1 MiB
Python 3.10.11,nbody.py 50000000,104,1690935411,349322,python,2:01.36,16380,8424,5784,100.0,0.1,281,2,278,1,0,12.6,0.8,0.0,86.6,0.0,0.0,0.0,0.0,15795.0 MiB,5793.8 MiB,1588.3 MiB,8412.8 MiB,4096.0 MiB,4096.0 MiB,0.0 MiB,13536.1 MiB
Python 3.10.11,nbody.py 50000000,105,1690935412,349322,python,2:02.53,16380,8424,5784,100.0,0.1,281,2,278,1,0,12.6,0.0,0.0,87.4,0.0,0.0,0.0,0.0,15795.0 MiB,5793.8 MiB,1588.3 MiB,8412.8 MiB,4096.0 MiB,4096.0 MiB,0.0 MiB,13536.2 MiB
Python 3.10.11,nbody.py 50000000,106,1690935413,349322,python,2:03.69,16380,8424,5784,100.0,0.1,281,2,278,1,0,12.7,0.8,0.0,86.5,0.0,0.0,0.0,0.0,15795.0 MiB,5793.1 MiB,1589.1 MiB,8412.8 MiB,4096.0 MiB,4096.0 MiB,0.0 MiB,13535.4 MiB
Python 3.10.11,nbody.py 50000000,107,1690935415,349322,python,2:04.86,16380,8424,5784,100.0,0.1,281,2,278,1,0,12.6,0.8,0.0,86.6,0.0,0.0,0.0,0.0,15795.0 MiB,5793.3 MiB,1588.8 MiB,8412.8 MiB,4096.0 MiB,4096.0 MiB,0.0 MiB,13535.7 MiB
Python 3.10.11,nbody.py 50000000,108,1690935416,349322,python,2:06.03,16380,8424,5784,100.0,0.1,281,2,278,1,0,12.3,0.8,0.0,86.9,0.0,0.0,0.0,0.0,15795.0 MiB,5793.3 MiB,1588.8 MiB,8412.9 MiB,4096.0 MiB,4096.0 MiB,0.0 MiB,13535.7 MiB
Python 3.10.11,nbody.py 50000000,109,1690935417,349322,python,2:07.19,16380,8424,5784,93.8,0.1,281,2,278,1,0,13.2,1.6,0.0,85.3,0.0,0.0,0.0,0.0,15795.0 MiB,5794.1 MiB,1588.1 MiB,8412.9 MiB,4096.0 MiB,4096.0 MiB,0.0 MiB,13536.4 MiB
Python 3.10.11,nbody.py 50000000,110,1690935418,349322,python,2:08.36,16380,8424,5784,100.0,0.1,281,2,278,1,0,12.6,0.8,0.0,86.6,0.0,0.0,0.0,0.0,15795.0 MiB,5794.1 MiB,1588.1 MiB,8412.9 MiB,4096.0 MiB,4096.0 MiB,0.0 MiB,13536.4 MiB
Python 3.10.11,nbody.py 50000000,111,1690935419,349322,python,2:09.53,16380,8424,5784,100.0,0.1,281,2,278,1,0,12.6,1.6,0.0,85.8,0.0,0.0,0.0,0.0,15795.0 MiB,5793.6 MiB,1588.5 MiB,8412.9 MiB,4096.0 MiB,4096.0 MiB,0.0 MiB,13536.0 MiB
Python 3.10.11,nbody.py 50000000,112,1690935420,349322,python,2:10.69,16380,8424,5784,93.8,0.1,281,2,278,1,0,12.7,0.0,0.0,87.3,0.0,0.0,0.0,0.0,15795.0 MiB,5794.6 MiB,1587.6 MiB,8412.8 MiB,4096.0 MiB,4096.0 MiB,0.0 MiB,13536.9 MiB
Python 3.10.11,nbody.py 50000000,113,1690935422,349322,python,2:11.86,16380,8424,5784,100.0,0.1,281,2,278,1,0,12.6,0.0,0.0,86.6,0.0,0.0,0.8,0.0,15795.0 MiB,5793.3 MiB,1588.8 MiB,8412.8 MiB,4096.0 MiB,4096.0 MiB,0.0 MiB,13535.7 MiB
Python 3.10.11,nbody.py 50000000,114,1690935423,349322,python,2:13.02,16380,8424,5784,93.8,0.1,281,2,278,1,0,13.5,0.0,0.0,86.5,0.0,0.0,0.0,0.0,15795.0 MiB,5793.6 MiB,1588.6 MiB,8412.8 MiB,4096.0 MiB,4096.0 MiB,0.0 MiB,13536.0 MiB
Python 3.10.11,nbody.py 50000000,115,1690935424,349322,python,2:14.19,16380,8424,5784,100.0,0.1,281,2,278,1,0,12.5,1.6,0.0,85.9,0.0,0.0,0.0,0.0,15795.0 MiB,5793.8 MiB,1588.3 MiB,8412.8 MiB,4096.0 MiB,4096.0 MiB,0.0 MiB,13536.2 MiB
Python 3.10.11,nbody.py 50000000,116,1690935425,349322,python,2:15.35,16380,8424,5784,100.0,0.1,281,2,278,1,0,12.6,0.8,0.0,86.6,0.0,0.0,0.0,0.0,15795.0 MiB,5794.1 MiB,1588.1 MiB,8412.8 MiB,4096.0 MiB,4096.0 MiB,0.0 MiB,13536.5 MiB
Python 3.10.11,nbody.py 50000000,117,1690935426,349322,python,2:16.52,16380,8424,5784,93.8,0.1,281,2,278,1,0,13.3,0.8,0.0,85.9,0.0,0.0,0.0,0.0,15795.0 MiB,5793.8 MiB,1588.3 MiB,8412.9 MiB,4096.0 MiB,4096.0 MiB,0.0 MiB,13536.2 MiB
Python 3.10.11,nbody.py 50000000,118,1690935427,349322,python,2:17.69,16380,8424,5784,100.0,0.1,281,2,278,1,0,13.3,0.8,0.0,85.2,0.8,0.0,0.0,0.0,15795.0 MiB,5794.1 MiB,1588.0 MiB,8412.9 MiB,4096.0 MiB,4096.0 MiB,0.0 MiB,13536.5 MiB
Python 3.10.11,nbody.py 50000000,119,1690935429,349322,python,2:18.85,16380,8424,5784,93.8,0.1,281,2,278,1,0,12.8,0.0,0.0,87.2,0.0,0.0,0.0,0.0,15795.0 MiB,5793.8 MiB,1588.3 MiB,8412.9 MiB,4096.0 MiB,4096.0 MiB,0.0 MiB,13536.2 MiB
Python 3.10.11,nbody.py 50000000,120,1690935430,349322,python,2:20.02,16380,8424,5784,100.0,0.1,281,2,278,1,0,12.5,1.6,0.0,85.9,0.0,0.0,0.0,0.0,15795.0 MiB,5793.8 MiB,1588.3 MiB,8412.9 MiB,4096.0 MiB,4096.0 MiB,0.0 MiB,13536.3 MiB
Python 3.10.11,nbody.py 50000000,121,1690935431,349322,python,2:21.18,16380,8424,5784,100.0,0.1,281,2,278,1,0,12.6,0.8,0.0,86.6,0.0,0.0,0.0,0.0,15795.0 MiB,5793.8 MiB,1588.3 MiB,8412.9 MiB,4096.0 MiB,4096.0 MiB,0.0 MiB,13536.3 MiB
Python 3.10.11,nbody.py 50000000,122,1690935432,349322,python,2:22.35,16380,8424,5784,93.8,0.1,281,2,278,1,0,12.6,0.8,0.0,86.6,0.0,0.0,0.0,0.0,15795.0 MiB,5793.8 MiB,1588.3 MiB,8412.9 MiB,4096.0 MiB,4096.0 MiB,0.0 MiB,13536.3 MiB
Python 3.10.11,nbody.py 50000000,123,1690935433,349322,python,2:23.52,16380,8424,5784,100.0,0.1,281,2,278,1,0,13.4,0.0,0.0,86.6,0.0,0.0,0.0,0.0,15795.0 MiB,5793.6 MiB,1588.5 MiB,8412.9 MiB,4096.0 MiB,4096.0 MiB,0.0 MiB,13536.1 MiB
Python 3.10.11,nbody.py 50000000,124,1690935434,349322,python,2:24.68,16380,8424,5784,93.8,0.1,280,2,277,1,0,12.6,0.8,0.0,86.6,0.0,0.0,0.0,0.0,15795.0 MiB,5793.6 MiB,1588.5 MiB,8412.9 MiB,4096.0 MiB,4096.0 MiB,0.0 MiB,13536.1 MiB
Python 3.10.11,nbody.py 50000000,125,1690935436,349322,python,2:25.85,16380,8424,5784,100.0,0.1,280,2,277,1,0,13.4,0.8,0.0,85.8,0.0,0.0,0.0,0.0,15795.0 MiB,5793.6 MiB,1588.5 MiB,8412.9 MiB,4096.0 MiB,4096.0 MiB,0.0 MiB,13536.1 MiB
Python 3.10.11,nbody.py 50000000,126,1690935437,349322,python,2:27.01,16380,8424,5784,100.0,0.1,280,2,277,1,0,13.4,0.8,0.0,85.8,0.0,0.0,0.0,0.0,15795.0 MiB,5794.1 MiB,1587.9 MiB,8412.9 MiB,4096.0 MiB,4096.0 MiB,0.0 MiB,13536.6 MiB
Python 3.10.11,nbody.py 50000000,127,1690935438,349322,python,2:28.18,16380,8424,5784,100.0,0.1,280,2,277,1,0,12.5,1.6,0.0,85.9,0.0,0.0,0.0,0.0,15795.0 MiB,5794.1 MiB,1587.9 MiB,8412.9 MiB,4096.0 MiB,4096.0 MiB,0.0 MiB,13536.6 MiB
Python 3.10.11,nbody.py 50000000,128,1690935439,349322,python,2:29.34,16380,8424,5784,100.0,0.1,280,2,277,1,0,12.6,0.8,0.0,86.6,0.0,0.0,0.0,0.0,15795.0 MiB,5794.1 MiB,1587.9 MiB,8412.9 MiB,4096.0 MiB,4096.0 MiB,0.0 MiB,13536.6 MiB
Python 3.10.11,nbody.py 50000000,129,1690935440,349322,python,2:30.51,16380,8424,5784,93.8,0.1,280,2,277,1,0,12.7,0.0,0.0,87.3,0.0,0.0,0.0,0.0,15795.0 MiB,5794.1 MiB,1587.9 MiB,8412.9 MiB,4096.0 MiB,4096.0 MiB,0.0 MiB,13536.6 MiB
Python 3.10.11,nbody.py 50000000,130,1690935441,349322,python,2:31.68,16380,8424,5784,100.0,0.1,280,2,277,1,0,12.7,0.0,0.0,87.3,0.0,0.0,0.0,0.0,15795.0 MiB,5794.4 MiB,1587.7 MiB,8412.9 MiB,4096.0 MiB,4096.0 MiB,0.0 MiB,13536.9 MiB
Python 3.10.11,nbody.py 50000000,131,1690935443,349322,python,2:32.84,16380,8424,5784,93.8,0.1,280,2,277,1,0,13.4,0.8,0.0,85.8,0.0,0.0,0.0,0.0,15795.0 MiB,5794.1 MiB,1587.9 MiB,8412.9 MiB,4096.0 MiB,4096.0 MiB,0.0 MiB,13536.7 MiB
Python 3.10.11,nbody.py 50000000,132,1690935444,349322,python,2:34.01,16380,8424,5784,100.0,0.1,280,2,277,1,0,11.9,0.8,0.0,87.3,0.0,0.0,0.0,0.0,15795.0 MiB,5794.1 MiB,1587.9 MiB,8413.0 MiB,4096.0 MiB,4096.0 MiB,0.0 MiB,13536.7 MiB
Python 3.10.11,nbody.py 50000000,133,1690935445,349322,python,2:35.18,16380,8424,5784,100.0,0.1,280,2,277,1,0,13.5,0.0,0.0,86.5,0.0,0.0,0.0,0.0,15795.0 MiB,5794.1 MiB,1587.9 MiB,8413.0 MiB,4096.0 MiB,4096.0 MiB,0.0 MiB,13536.7 MiB
Python 3.10.11,nbody.py 50000000,134,1690935446,349322,python,2:36.34,16380,8424,5784,93.8,0.1,280,2,277,1,0,12.0,0.8,0.0,87.2,0.0,0.0,0.0,0.0,15795.0 MiB,5794.1 MiB,1587.9 MiB,8413.0 MiB,4096.0 MiB,4096.0 MiB,0.0 MiB,13536.7 MiB
Python 3.10.11,nbody.py 50000000,135,1690935447,349322,python,2:37.51,16380,8424,5784,100.0,0.1,280,2,277,1,0,12.7,0.0,0.0,87.3,0.0,0.0,0.0,0.0,15795.0 MiB,5793.9 MiB,1588.1 MiB,8413.0 MiB,4096.0 MiB,4096.0 MiB,0.0 MiB,13536.4 MiB
Python 3.10.11,nbody.py 50000000,136,1690935448,349322,python,2:38.67,16380,8424,5784,93.8,0.1,280,2,277,1,0,13.2,1.6,0.0,85.3,0.0,0.0,0.0,0.0,15795.0 MiB,5793.9 MiB,1588.1 MiB,8413.0 MiB,4096.0 MiB,4096.0 MiB,0.0 MiB,13536.4 MiB
Python 3.10.11,nbody.py 50000000,137,1690935450,349322,python,2:39.84,16380,8424,5784,100.0,0.1,280,2,277,1,0,12.7,0.8,0.0,86.5,0.0,0.0,0.0,0.0,15795.0 MiB,5793.1 MiB,1588.9 MiB,8413.0 MiB,4096.0 MiB,4096.0 MiB,0.0 MiB,13535.7 MiB
Python 3.10.11,nbody.py 50000000,138,1690935451,349322,python,2:41.00,16380,8424,5784,93.8,0.1,280,2,277,1,0,12.7,0.0,0.0,87.3,0.0,0.0,0.0,0.0,15795.0 MiB,5793.1 MiB,1588.8 MiB,8413.0 MiB,4096.0 MiB,4096.0 MiB,0.0 MiB,13535.7 MiB
Python 3.10.11,nbody.py 50000000,139,1690935452,349322,python,2:42.17,16380,8424,5784,93.8,0.1,280,2,277,1,0,12.5,1.6,0.0,85.9,0.0,0.0,0.0,0.0,15795.0 MiB,5793.1 MiB,1588.8 MiB,8413.0 MiB,4096.0 MiB,4096.0 MiB,0.0 MiB,13535.7 MiB
Python 3.10.11,nbody.py 50000000,140,1690935453,349322,python,2:43.34,16380,8424,5784,100.0,0.1,280,2,277,1,0,13.3,0.8,0.0,85.9,0.0,0.0,0.0,0.0,15795.0 MiB,5793.1 MiB,1588.8 MiB,8413.0 MiB,4096.0 MiB,4096.0 MiB,0.0 MiB,13535.7 MiB
Python 3.10.11,nbody.py 50000000,141,1690935454,349322,python,2:44.50,16380,8424,5784,93.8,0.1,280,2,277,1,0,13.4,0.0,0.0,85.8,0.8,0.0,0.0,0.0,15795.0 MiB,5793.1 MiB,1588.8 MiB,8413.0 MiB,4096.0 MiB,4096.0 MiB,0.0 MiB,13535.7 MiB
Python 3.10.11,nbody.py 50000000,142,1690935455,349322,python,2:45.67,16380,8424,5784,93.8,0.1,280,2,277,1,0,12.5,0.8,0.0,86.7,0.0,0.0,0.0,0.0,15795.0 MiB,5793.1 MiB,1588.8 MiB,8413.0 MiB,4096.0 MiB,4096.0 MiB,0.0 MiB,13535.7 MiB
Python 3.10.11,nbody.py 50000000,143,1690935457,349322,python,2:46.84,16380,8424,5784,100.0,0.1,280,2,277,1,0,12.6,0.8,0.0,86.6,0.0,0.0,0.0,0.0,15795.0 MiB,5793.1 MiB,1588.8 MiB,8413.0 MiB,4096.0 MiB,4096.0 MiB,0.0 MiB,13535.7 MiB
Python 3.10.11,nbody.py 50000000,144,1690935458,349322,python,2:48.00,16380,8424,5784,93.8,0.1,280,2,277,1,0,12.7,0.0,0.0,87.3,0.0,0.0,0.0,0.0,15795.0 MiB,5792.9 MiB,1589.1 MiB,8413.0 MiB,4096.0 MiB,4096.0 MiB,0.0 MiB,13535.5 MiB
Python 3.10.11,nbody.py 50000000,145,1690935459,349322,python,2:49.17,16380,8424,5784,100.0,0.1,280,2,277,1,0,13.4,0.8,0.0,85.8,0.0,0.0,0.0,0.0,15795.0 MiB,5792.9 MiB,1589.1 MiB,8413.0 MiB,4096.0 MiB,4096.0 MiB,0.0 MiB,13535.5 MiB
Python 3.10.11,nbody.py 50000000,146,1690935460,349322,python,2:50.33,16380,8424,5784,93.8,0.1,280,2,277,1,0,12.6,1.6,0.0,85.8,0.0,0.0,0.0,0.0,15795.0 MiB,5792.9 MiB,1589.0 MiB,8413.0 MiB,4096.0 MiB,4096.0 MiB,0.0 MiB,13535.5 MiB
Python 3.10.11,nbody.py 50000000,147,1690935461,349322,python,2:51.50,16380,8424,5784,100.0,0.1,280,2,277,1,0,13.4,0.0,0.0,86.6,0.0,0.0,0.0,0.0,15795.0 MiB,5792.4 MiB,1589.5 MiB,8413.0 MiB,4096.0 MiB,4096.0 MiB,0.0 MiB,13535.0 MiB
Python 3.10.11,nbody.py 50000000,148,1690935462,349322,python,2:52.66,16380,8424,5784,100.0,0.1,280,2,277,1,0,13.4,0.0,0.0,86.6,0.0,0.0,0.0,0.0,15795.0 MiB,5792.2 MiB,1589.8 MiB,8413.0 MiB,4096.0 MiB,4096.0 MiB,0.0 MiB,13534.8 MiB
Python 3.10.11,nbody.py 50000000,149,1690935464,349322,python,2:53.83,16380,8424,5784,93.8,0.1,280,2,277,1,0,12.8,0.0,0.0,87.2,0.0,0.0,0.0,0.0,15795.0 MiB,5791.9 MiB,1590.0 MiB,8413.1 MiB,4096.0 MiB,4096.0 MiB,0.0 MiB,13534.6 MiB
Python 3.10.11,nbody.py 50000000,150,1690935465,349322,python,2:54.99,16380,8424,5784,100.0,0.1,280,2,277,1,0,12.6,0.8,0.0,86.6,0.0,0.0,0.0,0.0,15795.0 MiB,5791.9 MiB,1590.0 MiB,8413.1 MiB,4096.0 MiB,4096.0 MiB,0.0 MiB,13534.6 MiB
Python 3.10.11,nbody.py 50000000,151,1690935466,349322,python,2:56.16,16380,8424,5784,93.8,0.1,280,3,276,1,0,12.6,0.8,0.0,86.6,0.0,0.0,0.0,0.0,15795.0 MiB,5791.9 MiB,1590.0 MiB,8413.1 MiB,4096.0 MiB,4096.0 MiB,0.0 MiB,13534.6 MiB
Python 3.10.11,nbody.py 50000000,152,1690935467,349322,python,2:57.33,16380,8424,5784,100.0,0.1,280,2,277,1,0,13.4,0.0,0.0,86.6,0.0,0.0,0.0,0.0,15795.0 MiB,5791.9 MiB,1590.0 MiB,8413.1 MiB,4096.0 MiB,4096.0 MiB,0.0 MiB,13534.6 MiB
Python 3.10.11,nbody.py 50000000,153,1690935468,349322,python,2:58.49,16380,8424,5784,93.8,0.1,280,2,277,1,0,12.8,0.8,0.0,86.4,0.0,0.0,0.0,0.0,15795.0 MiB,5791.9 MiB,1590.0 MiB,8413.1 MiB,4096.0 MiB,4096.0 MiB,0.0 MiB,13534.6 MiB
Python 3.10.11,nbody.py 50000000,154,1690935469,349322,python,2:59.66,16380,8424,5784,100.0,0.1,280,2,277,1,0,13.5,0.0,0.0,86.5,0.0,0.0,0.0,0.0,15795.0 MiB,5791.7 MiB,1590.2 MiB,8413.1 MiB,4096.0 MiB,4096.0 MiB,0.0 MiB,13534.3 MiB
Python 3.10.11,nbody.py 50000000,155,1690935471,349322,python,3:00.83,16380,8424,5784,100.0,0.1,280,2,277,1,0,13.5,0.8,0.0,85.0,0.8,0.0,0.0,0.0,15795.0 MiB,5791.7 MiB,1590.2 MiB,8413.1 MiB,4096.0 MiB,4096.0 MiB,0.0 MiB,13534.3 MiB
Python 3.10.11,nbody.py 50000000,156,1690935472,349322,python,3:01.99,16380,8424,5784,100.0,0.1,280,2,277,1,0,12.6,0.8,0.0,86.6,0.0,0.0,0.0,0.0,15795.0 MiB,5791.7 MiB,1590.2 MiB,8413.1 MiB,4096.0 MiB,4096.0 MiB,0.0 MiB,13534.3 MiB
Python 3.10.11,nbody.py 50000000,157,1690935473,349322,python,3:03.16,16380,8424,5784,93.8,0.1,280,2,277,1,0,13.4,0.8,0.0,85.8,0.0,0.0,0.0,0.0,15795.0 MiB,5791.7 MiB,1590.2 MiB,8413.1 MiB,4096.0 MiB,4096.0 MiB,0.0 MiB,13534.4 MiB
Python 3.10.11,nbody.py 50000000,158,1690935474,349322,python,3:04.33,16380,8424,5784,100.0,0.1,280,2,277,1,0,12.0,0.0,0.0,88.0,0.0,0.0,0.0,0.0,15795.0 MiB,5791.7 MiB,1590.2 MiB,8413.1 MiB,4096.0 MiB,4096.0 MiB,0.0 MiB,13534.4 MiB
Python 3.10.11,nbody.py 50000000,159,1690935475,349322,python,3:05.49,16380,8424,5784,100.0,0.1,280,2,277,1,0,13.5,0.0,0.0,86.5,0.0,0.0,0.0,0.0,15795.0 MiB,5791.4 MiB,1590.4 MiB,8413.1 MiB,4096.0 MiB,4096.0 MiB,0.0 MiB,13534.1 MiB
Python 3.10.11,nbody.py 50000000,160,1690935476,349322,python,3:06.66,16380,8424,5784,93.8,0.1,280,2,277,1,0,12.6,0.8,0.0,86.6,0.0,0.0,0.0,0.0,15795.0 MiB,5791.4 MiB,1590.4 MiB,8413.1 MiB,4096.0 MiB,4096.0 MiB,0.0 MiB,13534.1 MiB
Python 3.10.11,nbody.py 50000000,161,1690935478,349322,python,3:07.83,16380,8424,5784,100.0,0.1,280,2,277,1,0,12.7,0.8,0.0,86.5,0.0,0.0,0.0,0.0,15795.0 MiB,5791.4 MiB,1590.4 MiB,8413.1 MiB,4096.0 MiB,4096.0 MiB,0.0 MiB,13534.1 MiB
Python 3.10.11,nbody.py 50000000,162,1690935479,349322,python,3:08.99,16380,8424,5784,93.8,0.1,280,2,277,1,0,12.6,0.8,0.0,86.6,0.0,0.0,0.0,0.0,15795.0 MiB,5791.4 MiB,1590.4 MiB,8413.1 MiB,4096.0 MiB,4096.0 MiB,0.0 MiB,13534.1 MiB
Python 3.10.11,nbody.py 50000000,163,1690935480,349322,python,3:10.16,16380,8424,5784,100.0,0.1,280,2,277,1,0,13.4,0.0,0.0,86.6,0.0,0.0,0.0,0.0,15795.0 MiB,5791.2 MiB,1590.7 MiB,8413.1 MiB,4096.0 MiB,4096.0 MiB,0.0 MiB,13533.9 MiB
Python 3.10.11,nbody.py 50000000,164,1690935481,349322,python,3:11.32,16380,8424,5784,100.0,0.1,280,2,277,1,0,13.3,0.8,0.0,85.9,0.0,0.0,0.0,0.0,15795.0 MiB,5791.2 MiB,1590.7 MiB,8413.1 MiB,4096.0 MiB,4096.0 MiB,0.0 MiB,13533.9 MiB
Python 3.10.11,nbody.py 50000000,165,1690935482,349322,python,3:12.49,16380,8424,5784,100.0,0.1,280,2,277,1,0,12.6,0.8,0.0,86.6,0.0,0.0,0.0,0.0,15795.0 MiB,5791.2 MiB,1590.6 MiB,8413.2 MiB,4096.0 MiB,4096.0 MiB,0.0 MiB,13533.9 MiB
Python 3.10.11,nbody.py 50000000,166,1690935483,349322,python,3:13.65,16380,8424,5784,100.0,0.1,280,2,277,1,0,13.3,0.8,0.0,85.9,0.0,0.0,0.0,0.0,15795.0 MiB,5790.9 MiB,1590.9 MiB,8413.2 MiB,4096.0 MiB,4096.0 MiB,0.0 MiB,13533.7 MiB
Python 3.10.11,nbody.py 50000000,167,1690935485,349322,python,3:14.82,16380,8424,5784,93.8,0.1,280,2,277,1,0,11.9,0.8,0.0,87.3,0.0,0.0,0.0,0.0,15795.0 MiB,5790.9 MiB,1590.9 MiB,8413.2 MiB,4096.0 MiB,4096.0 MiB,0.0 MiB,13533.7 MiB
Python 3.10.11,nbody.py 50000000,168,1690935486,349322,python,3:15.99,16380,8424,5784,100.0,0.1,280,2,277,1,0,12.6,0.8,0.0,86.6,0.0,0.0,0.0,0.0,15795.0 MiB,5790.7 MiB,1591.1 MiB,8413.2 MiB,4096.0 MiB,4096.0 MiB,0.0 MiB,13533.4 MiB
Python 3.10.11,nbody.py 50000000,169,1690935487,349322,python,3:17.15,16380,8424,5784,93.8,0.1,280,2,277,1,0,11.9,0.8,0.0,87.3,0.0,0.0,0.0,0.0,15795.0 MiB,5790.7 MiB,1591.1 MiB,8413.2 MiB,4096.0 MiB,4096.0 MiB,0.0 MiB,13533.4 MiB
Python 3.10.11,nbody.py 50000000,170,1690935488,349322,python,3:18.32,16380,8424,5784,100.0,0.1,280,2,277,1,0,12.7,0.0,0.0,87.3,0.0,0.0,0.0,0.0,15795.0 MiB,5790.7 MiB,1591.1 MiB,8413.2 MiB,4096.0 MiB,4096.0 MiB,0.0 MiB,13533.4 MiB
Python 3.10.11,nbody.py 50000000,171,1690935489,349322,python,3:19.48,16380,8424,5784,100.0,0.1,280,2,277,1,0,12.6,0.8,0.0,86.6,0.0,0.0,0.0,0.0,15795.0 MiB,5790.9 MiB,1590.8 MiB,8413.2 MiB,4096.0 MiB,4096.0 MiB,0.0 MiB,13533.7 MiB
Python 3.10.11,nbody.py 50000000,172,1690935490,349322,python,3:20.65,16380,8424,5784,100.0,0.1,280,2,277,1,0,12.7,0.8,0.0,86.5,0.0,0.0,0.0,0.0,15795.0 MiB,5791.7 MiB,1590.1 MiB,8413.2 MiB,4096.0 MiB,4096.0 MiB,0.0 MiB,13534.5 MiB
Python 3.10.11,nbody.py 50000000,173,1690935492,349322,python,3:21.81,16380,8424,5784,100.0,0.1,280,2,277,1,0,12.8,0.0,0.0,87.2,0.0,0.0,0.0,0.0,15795.0 MiB,5791.9 MiB,1589.9 MiB,8413.2 MiB,4096.0 MiB,4096.0 MiB,0.0 MiB,13534.7 MiB
Python 3.10.11,nbody.py 50000000,174,1690935493,349322,python,3:22.98,16380,8424,5784,100.0,0.1,280,2,277,1,0,13.3,0.8,0.0,85.9,0.0,0.0,0.0,0.0,15795.0 MiB,5791.7 MiB,1590.1 MiB,8413.2 MiB,4096.0 MiB,4096.0 MiB,0.0 MiB,13534.5 MiB
Python 3.10.11,nbody.py 50000000,175,1690935494,349322,python,3:24.15,16380,8424,5784,100.0,0.1,280,2,277,1,0,13.4,0.8,0.0,85.8,0.0,0.0,0.0,0.0,15795.0 MiB,5791.7 MiB,1590.1 MiB,8413.2 MiB,4096.0 MiB,4096.0 MiB,0.0 MiB,13534.5 MiB
Python 3.10.11,nbody.py 50000000,176,1690935495,349322,python,3:25.31,16380,8424,5784,100.0,0.1,280,2,277,1,0,13.3,0.8,0.0,85.9,0.0,0.0,0.0,0.0,15795.0 MiB,5791.7 MiB,1590.1 MiB,8413.2 MiB,4096.0 MiB,4096.0 MiB,0.0 MiB,13534.5 MiB
Python 3.10.11,nbody.py 50000000,177,1690935496,349322,python,3:26.48,16380,8424,5784,93.8,0.1,280,2,277,1,0,12.6,0.8,0.0,86.6,0.0,0.0,0.0,0.0,15795.0 MiB,5791.9 MiB,1589.8 MiB,8413.2 MiB,4096.0 MiB,4096.0 MiB,0.0 MiB,13534.7 MiB
Python 3.10.11,nbody.py 50000000,178,1690935497,349322,python,3:27.65,16380,8424,5784,100.0,0.1,280,2,277,1,0,12.6,0.8,0.0,86.6,0.0,0.0,0.0,0.0,15795.0 MiB,5791.9 MiB,1589.8 MiB,8413.2 MiB,4096.0 MiB,4096.0 MiB,0.0 MiB,13534.8 MiB
Python 3.10.11,nbody.py 50000000,179,1690935499,349322,python,3:28.81,16380,8424,5784,100.0,0.1,280,2,277,1,0,13.4,0.8,0.0,85.8,0.0,0.0,0.0,0.0,15795.0 MiB,5792.2 MiB,1589.6 MiB,8413.2 MiB,4096.0 MiB,4096.0 MiB,0.0 MiB,13535.0 MiB
Python 3.10.11,nbody.py 50000000,180,1690935500,349322,python,3:29.98,16380,8424,5784,93.8,0.1,280,2,277,1,0,11.9,0.8,0.0,87.3,0.0,0.0,0.0,0.0,15795.0 MiB,5792.2 MiB,1589.5 MiB,8413.3 MiB,4096.0 MiB,4096.0 MiB,0.0 MiB,13535.0 MiB
Python 3.10.11,nbody.py 50000000,181,1690935501,349322,python,3:31.15,16380,8424,5784,100.0,0.1,280,2,277,1,0,12.6,0.8,0.0,86.6,0.0,0.0,0.0,0.0,15795.0 MiB,5792.2 MiB,1589.5 MiB,8413.3 MiB,4096.0 MiB,4096.0 MiB,0.0 MiB,13535.0 MiB
Python 3.10.11,nbody.py 50000000,182,1690935502,349322,python,3:32.31,16380,8424,5784,93.8,0.1,280,2,277,1,0,12.6,0.8,0.0,86.6,0.0,0.0,0.0,0.0,15795.0 MiB,5791.9 MiB,1589.8 MiB,8413.3 MiB,4096.0 MiB,4096.0 MiB,0.0 MiB,13534.8 MiB
Python 3.10.11,nbody.py 50000000,183,1690935503,349322,python,3:33.48,16380,8424,5784,93.8,0.1,280,2,277,1,0,13.1,0.8,0.0,86.2,0.0,0.0,0.0,0.0,15795.0 MiB,5791.9 MiB,1589.8 MiB,8413.3 MiB,4096.0 MiB,4096.0 MiB,0.0 MiB,13534.8 MiB
Python 3.10.11,nbody.py 50000000,184,1690935504,349322,python,3:34.65,16380,8424,5784,100.0,0.1,280,2,277,1,0,12.6,0.8,0.0,86.6,0.0,0.0,0.0,0.0,15795.0 MiB,5791.9 MiB,1589.8 MiB,8413.3 MiB,4096.0 MiB,4096.0 MiB,0.0 MiB,13534.8 MiB
Python 3.10.11,nbody.py 50000000,185,1690935506,349322,python,3:35.81,16380,8424,5784,100.0,0.1,280,2,277,1,0,14.0,1.6,0.0,84.5,0.0,0.0,0.0,0.0,15795.0 MiB,5791.7 MiB,1590.0 MiB,8413.3 MiB,4096.0 MiB,4096.0 MiB,0.0 MiB,13534.6 MiB
Python 3.10.11,nbody.py 50000000,186,1690935507,349322,python,3:36.98,16380,8424,5784,93.8,0.1,280,2,277,1,0,12.7,0.8,0.0,86.5,0.0,0.0,0.0,0.0,15795.0 MiB,5791.2 MiB,1590.5 MiB,8413.3 MiB,4096.0 MiB,4096.0 MiB,0.0 MiB,13534.1 MiB
Python 3.10.11,nbody.py 50000000,187,1690935508,349322,python,3:38.14,16380,8424,5784,100.0,0.1,280,2,277,1,0,13.4,0.8,0.0,85.8,0.0,0.0,0.0,0.0,15795.0 MiB,5790.7 MiB,1591.0 MiB,8413.3 MiB,4096.0 MiB,4096.0 MiB,0.0 MiB,13533.6 MiB
Python 3.10.11,nbody.py 50000000,188,1690935509,349322,python,3:39.31,16380,8424,5784,100.0,0.1,280,2,277,1,0,12.6,0.8,0.0,86.6,0.0,0.0,0.0,0.0,15795.0 MiB,5790.7 MiB,1591.0 MiB,8413.3 MiB,4096.0 MiB,4096.0 MiB,0.0 MiB,13533.6 MiB
Python 3.10.11,nbody.py 50000000,189,1690935510,349322,python,3:40.48,16380,8424,5784,100.0,0.1,280,2,277,1,0,12.6,0.8,0.0,86.6,0.0,0.0,0.0,0.0,15795.0 MiB,5790.7 MiB,1591.0 MiB,8413.3 MiB,4096.0 MiB,4096.0 MiB,0.0 MiB,13533.6 MiB
Python 3.10.11,nbody.py 50000000,190,1690935511,349322,python,3:41.64,16380,8424,5784,100.0,0.1,280,2,277,1,0,12.0,0.0,0.0,88.0,0.0,0.0,0.0,0.0,15795.0 MiB,5790.7 MiB,1591.0 MiB,8413.3 MiB,4096.0 MiB,4096.0 MiB,0.0 MiB,13533.6 MiB
Python 3.10.11,nbody.py 50000000,191,1690935513,349322,python,3:42.81,16380,8424,5784,100.0,0.1,280,2,277,1,0,12.6,0.8,0.0,86.6,0.0,0.0,0.0,0.0,15795.0 MiB,5790.4 MiB,1591.2 MiB,8413.4 MiB,4096.0 MiB,4096.0 MiB,0.0 MiB,13533.4 MiB
Python 3.10.11,nbody.py 50000000,192,1690935514,349322,python,3:43.97,16380,8424,5784,100.0,0.1,280,2,277,1,0,12.8,0.0,0.0,87.2,0.0,0.0,0.0,0.0,15795.0 MiB,5790.4 MiB,1591.2 MiB,8413.4 MiB,4096.0 MiB,4096.0 MiB,0.0 MiB,13533.4 MiB
Python 3.10.11,nbody.py 50000000,193,1690935515,349322,python,3:45.14,16380,8424,5784,100.0,0.1,280,2,277,1,0,13.3,0.8,0.0,85.9,0.0,0.0,0.0,0.0,15795.0 MiB,5790.2 MiB,1591.4 MiB,8413.4 MiB,4096.0 MiB,4096.0 MiB,0.0 MiB,13533.2 MiB
Python 3.10.11,nbody.py 50000000,194,1690935516,349322,python,3:46.30,16380,8424,5784,100.0,0.1,280,2,277,1,0,11.9,0.8,0.0,87.3,0.0,0.0,0.0,0.0,15795.0 MiB,5790.2 MiB,1591.4 MiB,8413.4 MiB,4096.0 MiB,4096.0 MiB,0.0 MiB,13533.2 MiB
Python 3.10.11,nbody.py 50000000,195,1690935517,349322,python,3:47.47,16380,8424,5784,100.0,0.1,280,2,277,1,0,12.6,0.8,0.0,86.6,0.0,0.0,0.0,0.0,15795.0 MiB,5790.0 MiB,1591.6 MiB,8413.4 MiB,4096.0 MiB,4096.0 MiB,0.0 MiB,13532.9 MiB
Python 3.10.11,nbody.py 50000000,196,1690935518,349322,python,3:48.64,16380,8424,5784,100.0,0.1,280,2,277,1,0,12.7,0.0,0.0,87.3,0.0,0.0,0.0,0.0,15795.0 MiB,5789.7 MiB,1591.9 MiB,8413.4 MiB,4096.0 MiB,4096.0 MiB,0.0 MiB,13532.7 MiB
Python 3.10.11,nbody.py 50000000,197,1690935520,349322,python,3:49.80,16380,8424,5784,100.0,0.1,280,2,277,1,0,13.3,0.8,0.0,85.9,0.0,0.0,0.0,0.0,15795.0 MiB,5789.7 MiB,1591.9 MiB,8413.4 MiB,4096.0 MiB,4096.0 MiB,0.0 MiB,13532.7 MiB
Python 3.10.11,nbody.py 50000000,198,1690935521,349322,python,3:50.97,16380,8424,5784,93.8,0.1,280,3,276,1,0,12.5,0.8,0.0,86.7,0.0,0.0,0.0,0.0,15795.0 MiB,5790.0 MiB,1591.6 MiB,8413.4 MiB,4096.0 MiB,4096.0 MiB,0.0 MiB,13532.9 MiB
Python 3.10.11,nbody.py 50000000,199,1690935522,349322,python,3:52.14,16380,8424,5784,100.0,0.1,280,2,277,1,0,12.5,1.6,0.0,85.9,0.0,0.0,0.0,0.0,15795.0 MiB,5789.7 MiB,1591.9 MiB,8413.4 MiB,4096.0 MiB,4096.0 MiB,0.0 MiB,13532.7 MiB
Python 3.10.11,nbody.py 50000000,200,1690935523,349322,python,3:53.30,16380,8424,5784,100.0,0.1,280,2,277,1,0,12.8,0.0,0.0,87.2,0.0,0.0,0.0,0.0,15795.0 MiB,5789.7 MiB,1591.9 MiB,8413.4 MiB,4096.0 MiB,4096.0 MiB,0.0 MiB,13532.7 MiB
Python 3.10.11,nbody.py 50000000,201,1690935524,349322,python,3:54.47,16380,8424,5784,100.0,0.1,280,2,277,1,0,13.3,0.8,0.0,85.9,0.0,0.0,0.0,0.0,15795.0 MiB,5790.0 MiB,1591.6 MiB,8413.4 MiB,4096.0 MiB,4096.0 MiB,0.0 MiB,13533.0 MiB
Python 3.10.11,nbody.py 50000000,202,1690935525,349322,python,3:55.63,16380,8424,5784,100.0,0.1,280,2,277,1,0,12.6,0.8,0.0,86.6,0.0,0.0,0.0,0.0,15795.0 MiB,5790.0 MiB,1591.6 MiB,8413.4 MiB,4096.0 MiB,4096.0 MiB,0.0 MiB,13533.0 MiB
Python 3.10.11,nbody.py 50000000,203,1690935527,349322,python,3:56.80,16380,8424,5784,100.0,0.1,280,2,277,1,0,12.7,0.0,0.0,87.3,0.0,0.0,0.0,0.0,15795.0 MiB,5790.0 MiB,1591.6 MiB,8413.4 MiB,4096.0 MiB,4096.0 MiB,0.0 MiB,13533.0 MiB
Python 3.10.11,nbody.py 50000000,204,1690935528,349322,python,3:57.96,16380,8424,5784,93.8,0.1,280,2,277,1,0,12.7,0.0,0.0,87.3,0.0,0.0,0.0,0.0,15795.0 MiB,5789.7 MiB,1591.8 MiB,8413.4 MiB,4096.0 MiB,4096.0 MiB,0.0 MiB,13532.7 MiB
Python 3.10.11,nbody.py 50000000,205,1690935529,349322,python,3:59.13,16380,8424,5784,100.0,0.1,280,2,277,1,0,13.5,0.0,0.0,86.5,0.0,0.0,0.0,0.0,15795.0 MiB,5789.7 MiB,1591.8 MiB,8413.4 MiB,4096.0 MiB,4096.0 MiB,0.0 MiB,13532.7 MiB
Python 3.10.11,nbody.py 50000000,206,1690935530,349322,python,4:00.30,16380,8424,5784,100.0,0.1,280,2,277,1,0,13.5,0.0,0.0,86.5,0.0,0.0,0.0,0.0,15795.0 MiB,5790.0 MiB,1591.6 MiB,8413.4 MiB,4096.0 MiB,4096.0 MiB,0.0 MiB,13533.0 MiB
Python 3.10.11,nbody.py 50000000,207,1690935531,349322,python,4:01.46,16380,8424,5784,100.0,0.1,280,2,277,1,0,12.7,0.0,0.0,87.3,0.0,0.0,0.0,0.0,15795.0 MiB,5790.2 MiB,1591.3 MiB,8413.5 MiB,4096.0 MiB,4096.0 MiB,0.0 MiB,13533.2 MiB
Python 3.10.11,nbody.py 50000000,208,1690935532,349322,python,4:02.63,16380,8424,5784,100.0,0.1,279,2,276,1,0,12.7,0.0,0.0,87.3,0.0,0.0,0.0,0.0,15795.0 MiB,5790.5 MiB,1591.1 MiB,8413.5 MiB,4096.0 MiB,4096.0 MiB,0.0 MiB,13533.5 MiB
Python 3.10.11,nbody.py 50000000,209,1690935534,349322,python,4:03.80,16380,8424,5784,100.0,0.1,279,2,276,1,0,12.7,0.8,0.0,86.5,0.0,0.0,0.0,0.0,15795.0 MiB,5790.2 MiB,1591.3 MiB,8413.5 MiB,4096.0 MiB,4096.0 MiB,0.0 MiB,13533.3 MiB
Python 3.10.11,nbody.py 50000000,210,1690935535,349322,python,4:04.96,16380,8424,5784,100.0,0.1,279,2,276,1,0,13.3,0.8,0.0,85.2,0.8,0.0,0.0,0.0,15795.0 MiB,5790.2 MiB,1591.3 MiB,8413.5 MiB,4096.0 MiB,4096.0 MiB,0.0 MiB,13533.3 MiB
Python 3.10.11,nbody.py 50000000,211,1690935536,349322,python,4:06.13,16380,8424,5784,93.8,0.1,279,2,276,1,0,14.7,0.8,0.0,84.5,0.0,0.0,0.0,0.0,15795.0 MiB,5790.2 MiB,1591.3 MiB,8413.5 MiB,4096.0 MiB,4096.0 MiB,0.0 MiB,13533.3 MiB
Python 3.10.11,nbody.py 50000000,212,1690935537,349322,python,4:07.30,16380,8424,5784,100.0,0.1,279,2,276,1,0,13.4,0.8,0.0,85.8,0.0,0.0,0.0,0.0,15795.0 MiB,5790.2 MiB,1591.3 MiB,8413.5 MiB,4096.0 MiB,4096.0 MiB,0.0 MiB,13533.3 MiB
Python 3.10.11,nbody.py 50000000,213,1690935538,349322,python,4:08.46,16380,8424,5784,100.0,0.1,279,2,276,1,0,13.3,0.8,0.0,85.9,0.0,0.0,0.0,0.0,15795.0 MiB,5790.2 MiB,1591.3 MiB,8413.5 MiB,4096.0 MiB,4096.0 MiB,0.0 MiB,13533.3 MiB
Python 3.10.11,nbody.py 50000000,214,1690935539,349322,python,4:09.63,16380,8424,5784,100.0,0.1,279,2,276,1,0,12.7,0.8,0.0,86.5,0.0,0.0,0.0,0.0,15795.0 MiB,5789.7 MiB,1591.8 MiB,8413.5 MiB,4096.0 MiB,4096.0 MiB,0.0 MiB,13532.8 MiB
Python 3.10.11,nbody.py 50000000,215,1690935541,349322,python,4:10.79,16380,8424,5784,100.0,0.1,280,2,277,1,0,13.2,1.6,0.0,85.3,0.0,0.0,0.0,0.0,15795.0 MiB,5789.7 MiB,1591.8 MiB,8413.5 MiB,4096.0 MiB,4096.0 MiB,0.0 MiB,13532.8 MiB
Python 3.10.11,nbody.py 50000000,216,1690935542,349322,python,4:11.96,16380,8424,5784,100.0,0.1,280,2,277,1,0,12.6,0.8,0.0,86.6,0.0,0.0,0.0,0.0,15795.0 MiB,5789.7 MiB,1591.8 MiB,8413.5 MiB,4096.0 MiB,4096.0 MiB,0.0 MiB,13532.8 MiB
Python 3.10.11,nbody.py 50000000,217,1690935543,349322,python,4:13.12,16380,8424,5784,100.0,0.1,280,2,277,1,0,12.6,0.8,0.0,86.6,0.0,0.0,0.0,0.0,15795.0 MiB,5789.5 MiB,1592.0 MiB,8413.5 MiB,4096.0 MiB,4096.0 MiB,0.0 MiB,13532.6 MiB
Python 3.10.11,nbody.py 50000000,218,1690935544,349322,python,4:14.29,16380,8424,5784,100.0,0.1,280,2,277,1,0,12.6,0.8,0.0,86.6,0.0,0.0,0.0,0.0,15795.0 MiB,5789.2 MiB,1592.2 MiB,8413.5 MiB,4096.0 MiB,4096.0 MiB,0.0 MiB,13532.3 MiB
Python 3.10.11,nbody.py 50000000,219,1690935545,349322,python,4:15.46,16380,8424,5784,100.0,0.1,280,2,277,1,0,13.2,1.6,0.0,84.5,0.8,0.0,0.0,0.0,15795.0 MiB,5789.0 MiB,1592.5 MiB,8413.5 MiB,4096.0 MiB,4096.0 MiB,0.0 MiB,13532.1 MiB
Python 3.10.11,nbody.py 50000000,220,1690935546,349322,python,4:16.63,16380,8424,5784,100.0,0.1,280,2,277,1,0,12.3,0.8,0.0,86.9,0.0,0.0,0.0,0.0,15795.0 MiB,5789.0 MiB,1592.5 MiB,8413.5 MiB,4096.0 MiB,4096.0 MiB,0.0 MiB,13532.1 MiB
Python 3.10.11,nbody.py 50000000,221,1690935548,349322,python,4:17.79,16380,8424,5784,100.0,0.1,280,2,277,1,0,12.7,0.0,0.0,87.3,0.0,0.0,0.0,0.0,15795.0 MiB,5788.7 MiB,1592.7 MiB,8413.5 MiB,4096.0 MiB,4096.0 MiB,0.0 MiB,13531.9 MiB
Python 3.10.11,nbody.py 50000000,222,1690935549,349322,python,4:18.96,16380,8424,5784,100.0,0.1,280,2,277,1,0,13.3,0.8,0.0,85.9,0.0,0.0,0.0,0.0,15795.0 MiB,5788.5 MiB,1592.9 MiB,8413.6 MiB,4096.0 MiB,4096.0 MiB,0.0 MiB,13531.6 MiB
Python 3.10.11,nbody.py 50000000,223,1690935550,349322,python,4:20.12,16380,8424,5784,100.0,0.1,280,2,277,1,0,12.6,0.8,0.0,86.6,0.0,0.0,0.0,0.0,15795.0 MiB,5788.5 MiB,1592.9 MiB,8413.6 MiB,4096.0 MiB,4096.0 MiB,0.0 MiB,13531.6 MiB
Python 3.10.11,nbody.py 50000000,224,1690935551,349322,python,4:21.29,16380,8424,5784,100.0,0.1,280,2,277,1,0,12.6,0.8,0.0,86.6,0.0,0.0,0.0,0.0,15795.0 MiB,5788.2 MiB,1593.2 MiB,8413.6 MiB,4096.0 MiB,4096.0 MiB,0.0 MiB,13531.4 MiB
Python 3.10.11,nbody.py 50000000,225,1690935552,349322,python,4:22.45,16380,8424,5784,93.8,0.1,280,2,277,1,0,13.3,1.6,0.0,85.2,0.0,0.0,0.0,0.0,15795.0 MiB,5788.2 MiB,1593.2 MiB,8413.6 MiB,4096.0 MiB,4096.0 MiB,0.0 MiB,13531.4 MiB
Python 3.10.11,nbody.py 50000000,226,1690935553,349322,python,4:23.62,16380,8424,5784,100.0,0.1,280,2,277,1,0,12.7,0.0,0.0,87.3,0.0,0.0,0.0,0.0,15795.0 MiB,5788.2 MiB,1593.2 MiB,8413.6 MiB,4096.0 MiB,4096.0 MiB,0.0 MiB,13531.4 MiB
Python 3.10.11,nbody.py 50000000,227,1690935555,349322,python,4:24.79,16380,8424,5784,100.0,0.1,280,2,277,1,0,12.6,0.8,0.0,86.6,0.0,0.0,0.0,0.0,15795.0 MiB,5788.2 MiB,1593.2 MiB,8413.6 MiB,4096.0 MiB,4096.0 MiB,0.0 MiB,13531.4 MiB
Python 3.10.11,nbody.py 50000000,228,1690935556,349322,python,4:25.95,16380,8424,5784,100.0,0.1,280,2,277,1,0,12.7,0.8,0.0,86.5,0.0,0.0,0.0,0.0,15795.0 MiB,5788.2 MiB,1593.2 MiB,8413.6 MiB,4096.0 MiB,4096.0 MiB,0.0 MiB,13531.4 MiB
Python 3.10.11,nbody.py 50000000,229,1690935557,349322,python,4:27.12,16380,8424,5784,100.0,0.1,280,2,277,1,0,12.5,1.6,0.0,85.9,0.0,0.0,0.0,0.0,15795.0 MiB,5788.0 MiB,1593.4 MiB,8413.6 MiB,4096.0 MiB,4096.0 MiB,0.0 MiB,13531.2 MiB
Python 3.10.11,nbody.py 50000000,230,1690935558,349322,python,4:28.29,16380,8424,5784,100.0,0.1,280,2,277,1,0,13.4,0.0,0.0,86.6,0.0,0.0,0.0,0.0,15795.0 MiB,5787.5 MiB,1593.9 MiB,8413.6 MiB,4096.0 MiB,4096.0 MiB,0.0 MiB,13530.7 MiB
Python 3.10.11,nbody.py 50000000,231,1690935559,349322,python,4:29.45,16380,8424,5784,100.0,0.1,280,2,277,1,0,14.1,0.0,0.0,85.9,0.0,0.0,0.0,0.0,15795.0 MiB,5787.5 MiB,1593.9 MiB,8413.6 MiB,4096.0 MiB,4096.0 MiB,0.0 MiB,13530.7 MiB
Python 3.10.11,nbody.py 50000000,232,1690935560,349322,python,4:30.61,16380,8424,5784,93.8,0.1,280,2,277,1,0,12.8,0.0,0.0,87.2,0.0,0.0,0.0,0.0,15795.0 MiB,5787.5 MiB,1593.9 MiB,8413.6 MiB,4096.0 MiB,4096.0 MiB,0.0 MiB,13530.7 MiB
Python 3.10.11,nbody.py 50000000,233,1690935562,349322,python,4:31.78,16380,8424,5784,100.0,0.1,280,2,277,1,0,13.3,0.8,0.0,85.2,0.8,0.0,0.0,0.0,15795.0 MiB,5787.3 MiB,1594.1 MiB,8413.6 MiB,4096.0 MiB,4096.0 MiB,0.0 MiB,13530.5 MiB
Python 3.10.11,nbody.py 50000000,234,1690935563,349322,python,4:32.95,16380,8424,5784,100.0,0.1,280,2,277,1,0,12.6,0.8,0.0,86.6,0.0,0.0,0.0,0.0,15795.0 MiB,5787.3 MiB,1594.1 MiB,8413.6 MiB,4096.0 MiB,4096.0 MiB,0.0 MiB,13530.5 MiB
Python 3.10.11,nbody.py 50000000,235,1690935564,349322,python,4:34.11,16380,8424,5784,93.8,0.1,280,2,277,1,0,12.6,0.8,0.0,86.6,0.0,0.0,0.0,0.0,15795.0 MiB,5787.3 MiB,1594.1 MiB,8413.6 MiB,4096.0 MiB,4096.0 MiB,0.0 MiB,13530.5 MiB
Python 3.10.11,nbody.py 50000000,236,1690935565,349322,python,4:35.28,16380,8424,5784,100.0,0.1,280,2,277,1,0,13.3,0.0,0.0,86.7,0.0,0.0,0.0,0.0,15795.0 MiB,5787.3 MiB,1594.1 MiB,8413.6 MiB,4096.0 MiB,4096.0 MiB,0.0 MiB,13530.5 MiB
Python 3.10.11,nbody.py 50000000,237,1690935566,349322,python,4:36.45,16380,8424,5784,100.0,0.1,280,2,277,1,0,12.7,0.8,0.0,86.5,0.0,0.0,0.0,0.0,15795.0 MiB,5787.3 MiB,1594.1 MiB,8413.6 MiB,4096.0 MiB,4096.0 MiB,0.0 MiB,13530.5 MiB
Python 3.10.11,nbody.py 50000000,238,1690935567,349322,python,4:37.61,16380,8424,5784,93.8,0.1,280,2,277,1,0,13.4,0.0,0.0,86.6,0.0,0.0,0.0,0.0,15795.0 MiB,5787.3 MiB,1594.1 MiB,8413.7 MiB,4096.0 MiB,4096.0 MiB,0.0 MiB,13530.5 MiB
Python 3.10.11,nbody.py 50000000,239,1690935569,349322,python,4:38.78,16380,8424,5784,100.0,0.1,280,2,277,1,0,12.8,0.0,0.0,87.2,0.0,0.0,0.0,0.0,15795.0 MiB,5787.3 MiB,1594.1 MiB,8413.7 MiB,4096.0 MiB,4096.0 MiB,0.0 MiB,13530.5 MiB
Python 3.10.11,nbody.py 50000000,240,1690935570,349322,python,4:39.95,16380,8424,5784,100.0,0.1,280,2,277,1,0,12.6,0.8,0.0,86.6,0.0,0.0,0.0,0.0,15795.0 MiB,5787.3 MiB,1594.1 MiB,8413.7 MiB,4096.0 MiB,4096.0 MiB,0.0 MiB,13530.5 MiB
Python 3.10.11,nbody.py 50000000,241,1690935571,349322,python,4:41.11,16380,8424,5784,100.0,0.1,280,2,277,1,0,12.6,0.8,0.0,86.6,0.0,0.0,0.0,0.0,15795.0 MiB,5787.5 MiB,1593.8 MiB,8413.7 MiB,4096.0 MiB,4096.0 MiB,0.0 MiB,13530.8 MiB
Python 3.10.11,nbody.py 50000000,242,1690935572,349322,python,4:42.28,16380,8424,5784,100.0,0.1,280,2,277,1,0,13.4,0.0,0.0,86.6,0.0,0.0,0.0,0.0,15795.0 MiB,5787.5 MiB,1593.8 MiB,8413.7 MiB,4096.0 MiB,4096.0 MiB,0.0 MiB,13530.8 MiB
Python 3.10.11,nbody.py 50000000,243,1690935573,349322,python,4:43.45,16380,8424,5784,100.0,0.1,280,2,277,1,0,12.6,0.8,0.0,86.6,0.0,0.0,0.0,0.0,15795.0 MiB,5787.5 MiB,1593.8 MiB,8413.7 MiB,4096.0 MiB,4096.0 MiB,0.0 MiB,13530.8 MiB
Python 3.10.11,nbody.py 50000000,244,1690935574,349322,python,4:44.61,16380,8424,5784,100.0,0.1,280,2,277,1,0,12.5,1.6,0.0,85.9,0.0,0.0,0.0,0.0,15795.0 MiB,5787.5 MiB,1593.8 MiB,8413.7 MiB,4096.0 MiB,4096.0 MiB,0.0 MiB,13530.8 MiB
Python 3.10.11,nbody.py 50000000,245,1690935576,349322,python,4:45.77,16380,8424,5784,93.8,0.1,280,2,277,1,0,12.7,0.8,0.0,86.5,0.0,0.0,0.0,0.0,15795.0 MiB,5787.5 MiB,1593.8 MiB,8413.7 MiB,4096.0 MiB,4096.0 MiB,0.0 MiB,13530.8 MiB
Python 3.10.11,nbody.py 50000000,246,1690935577,349322,python,4:46.94,16380,8424,5784,100.0,0.1,280,2,277,1,0,13.3,0.8,0.0,85.9,0.0,0.0,0.0,0.0,15795.0 MiB,5787.3 MiB,1594.0 MiB,8413.7 MiB,4096.0 MiB,4096.0 MiB,0.0 MiB,13530.6 MiB
Python 3.10.11,nbody.py 50000000,247,1690935578,349322,python,4:48.11,16380,8424,5784,100.0,0.1,280,2,277,1,0,12.7,0.0,0.0,87.3,0.0,0.0,0.0,0.0,15795.0 MiB,5787.3 MiB,1594.0 MiB,8413.7 MiB,4096.0 MiB,4096.0 MiB,0.0 MiB,13530.6 MiB
Python 3.10.11,nbody.py 50000000,248,1690935579,349322,python,4:49.27,16380,8424,5784,93.8,0.1,280,2,277,1,0,13.3,0.8,0.0,85.9,0.0,0.0,0.0,0.0,15795.0 MiB,5787.3 MiB,1594.0 MiB,8413.8 MiB,4096.0 MiB,4096.0 MiB,0.0 MiB,13530.6 MiB
Python 3.10.11,nbody.py 50000000,249,1690935580,349322,python,4:50.44,16380,8424,5784,100.0,0.1,280,2,277,1,0,12.7,0.0,0.0,87.3,0.0,0.0,0.0,0.0,15795.0 MiB,5787.3 MiB,1594.0 MiB,8413.8 MiB,4096.0 MiB,4096.0 MiB,0.0 MiB,13530.6 MiB
Python 3.10.11,nbody.py 50000000,250,1690935581,349322,python,4:51.61,16380,8424,5784,100.0,0.1,280,2,277,1,0,13.4,0.0,0.0,86.6,0.0,0.0,0.0,0.0,15795.0 MiB,5787.3 MiB,1594.0 MiB,8413.8 MiB,4096.0 MiB,4096.0 MiB,0.0 MiB,13530.6 MiB
Python 3.10.11,nbody.py 50000000,251,1690935583,349322,python,4:52.77,16380,8424,5784,100.0,0.1,280,2,277,1,0,13.4,0.0,0.0,86.6,0.0,0.0,0.0,0.0,15795.0 MiB,5787.0 MiB,1594.2 MiB,8413.8 MiB,4096.0 MiB,4096.0 MiB,0.0 MiB,13530.4 MiB
Python 3.10.11,nbody.py 50000000,252,1690935584,349322,python,4:53.94,16380,8424,5784,93.8,0.1,280,2,277,1,0,13.1,0.8,0.0,86.2,0.0,0.0,0.0,0.0,15795.0 MiB,5787.0 MiB,1594.2 MiB,8413.8 MiB,4096.0 MiB,4096.0 MiB,0.0 MiB,13530.4 MiB
Python 3.10.11,nbody.py 50000000,253,1690935585,349322,python,4:55.11,16380,8424,5784,100.0,0.1,280,2,277,1,0,12.6,0.8,0.0,86.6,0.0,0.0,0.0,0.0,15795.0 MiB,5787.0 MiB,1594.2 MiB,8413.8 MiB,4096.0 MiB,4096.0 MiB,0.0 MiB,13530.4 MiB
Python 3.10.11,nbody.py 50000000,254,1690935586,349322,python,4:56.27,16380,8424,5784,93.8,0.1,280,2,277,1,0,12.7,0.8,0.0,86.5,0.0,0.0,0.0,0.0,15795.0 MiB,5787.0 MiB,1594.2 MiB,8413.8 MiB,4096.0 MiB,4096.0 MiB,0.0 MiB,13530.4 MiB
Python 3.10.11,nbody.py 50000000,255,1690935587,349322,python,4:57.44,16380,8424,5784,100.0,0.1,280,2,277,1,0,12.6,0.8,0.0,86.6,0.0,0.0,0.0,0.0,15795.0 MiB,5787.0 MiB,1594.2 MiB,8413.8 MiB,4096.0 MiB,4096.0 MiB,0.0 MiB,13530.4 MiB
Python 3.10.11,nbody.py 50000000,256,1690935588,349322,python,4:58.61,16380,8424,5784,100.0,0.1,280,2,277,1,0,12.7,0.8,0.0,86.5,0.0,0.0,0.0,0.0,15795.0 MiB,5787.0 MiB,1594.2 MiB,8413.8 MiB,4096.0 MiB,4096.0 MiB,0.0 MiB,13530.4 MiB
Python 3.10.11,nbody.py 50000000,257,1690935590,349322,python,4:59.77,16380,8424,5784,100.0,0.1,280,2,277,1,0,12.6,0.8,0.0,86.6,0.0,0.0,0.0,0.0,15795.0 MiB,5786.8 MiB,1594.4 MiB,8413.8 MiB,4096.0 MiB,4096.0 MiB,0.0 MiB,13530.2 MiB
Python 3.10.11,nbody.py 50000000,258,1690935591,349322,python,5:00.94,16380,8424,5784,100.0,0.1,280,2,277,1,0,12.7,0.0,0.0,87.3,0.0,0.0,0.0,0.0,15795.0 MiB,5786.8 MiB,1594.4 MiB,8413.8 MiB,4096.0 MiB,4096.0 MiB,0.0 MiB,13530.2 MiB
Python 3.10.11,nbody.py 50000000,259,1690935592,349322,python,5:02.10,16380,8424,5784,100.0,0.1,280,2,277,1,0,12.7,0.8,0.0,86.5,0.0,0.0,0.0,0.0,15795.0 MiB,5786.8 MiB,1594.4 MiB,8413.8 MiB,4096.0 MiB,4096.0 MiB,0.0 MiB,13530.2 MiB
Python 3.10.11,nbody.py 50000000,260,1690935593,349322,python,5:03.27,16380,8424,5784,100.0,0.1,280,2,277,1,0,13.4,0.0,0.0,86.6,0.0,0.0,0.0,0.0,15795.0 MiB,5786.8 MiB,1594.4 MiB,8413.8 MiB,4096.0 MiB,4096.0 MiB,0.0 MiB,13530.2 MiB
Python 3.10.11,nbody.py 50000000,261,1690935594,349322,python,5:04.43,16380,8424,5784,93.8,0.1,280,2,277,1,0,14.2,0.8,0.0,85.0,0.0,0.0,0.0,0.0,15795.0 MiB,5786.8 MiB,1594.4 MiB,8413.8 MiB,4096.0 MiB,4096.0 MiB,0.0 MiB,13530.2 MiB
Python 3.10.11,nbody.py 50000000,262,1690935595,349322,python,5:05.60,16380,8424,5784,100.0,0.1,280,2,277,1,0,13.4,0.0,0.0,86.6,0.0,0.0,0.0,0.0,15795.0 MiB,5786.8 MiB,1594.4 MiB,8413.8 MiB,4096.0 MiB,4096.0 MiB,0.0 MiB,13530.2 MiB
Python 3.10.11,nbody.py 50000000,263,1690935597,349322,python,5:06.76,16380,8424,5784,93.8,0.1,280,2,277,1,0,13.2,1.6,0.0,85.3,0.0,0.0,0.0,0.0,15795.0 MiB,5787.0 MiB,1594.1 MiB,8413.8 MiB,4096.0 MiB,4096.0 MiB,0.0 MiB,13530.4 MiB
Python 3.10.11,nbody.py 50000000,264,1690935598,349322,python,5:07.93,16380,8424,5784,100.0,0.1,280,2,277,1,0,12.6,0.8,0.0,86.6,0.0,0.0,0.0,0.0,15795.0 MiB,5787.0 MiB,1594.1 MiB,8413.9 MiB,4096.0 MiB,4096.0 MiB,0.0 MiB,13530.4 MiB
Python 3.10.11,nbody.py 50000000,265,1690935599,349322,python,5:09.10,16380,8424,5784,100.0,0.1,280,2,277,1,0,13.5,0.0,0.0,86.5,0.0,0.0,0.0,0.0,15795.0 MiB,5787.3 MiB,1593.9 MiB,8413.9 MiB,4096.0 MiB,4096.0 MiB,0.0 MiB,13530.7 MiB
Python 3.10.11,nbody.py 50000000,266,1690935600,349322,python,5:10.26,16380,8424,5784,93.8,0.1,280,2,277,1,0,12.7,0.8,0.0,86.5,0.0,0.0,0.0,0.0,15795.0 MiB,5786.8 MiB,1594.3 MiB,8413.9 MiB,4096.0 MiB,4096.0 MiB,0.0 MiB,13530.2 MiB
Python 3.10.11,nbody.py 50000000,267,1690935601,349322,python,5:11.43,16380,8424,5784,100.0,0.1,280,2,277,1,0,12.6,0.8,0.0,86.6,0.0,0.0,0.0,0.0,15795.0 MiB,5786.8 MiB,1594.3 MiB,8413.9 MiB,4096.0 MiB,4096.0 MiB,0.0 MiB,13530.2 MiB
Python 3.10.11,nbody.py 50000000,268,1690935602,349322,python,5:12.59,16380,8424,5784,93.8,0.1,280,2,277,1,0,11.9,0.8,0.0,87.3,0.0,0.0,0.0,0.0,15795.0 MiB,5787.0 MiB,1594.1 MiB,8413.9 MiB,4096.0 MiB,4096.0 MiB,0.0 MiB,13530.5 MiB
Python 3.10.11,nbody.py 50000000,269,1690935603,349322,python,5:13.76,16380,8424,5784,100.0,0.1,280,2,277,1,0,12.6,0.8,0.0,86.6,0.0,0.0,0.0,0.0,15795.0 MiB,5786.8 MiB,1594.3 MiB,8413.9 MiB,4096.0 MiB,4096.0 MiB,0.0 MiB,13530.2 MiB
Python 3.10.11,nbody.py 50000000,270,1690935605,349322,python,5:14.92,16380,8424,5784,100.0,0.1,280,2,277,1,0,12.7,0.8,0.0,86.5,0.0,0.0,0.0,0.0,15795.0 MiB,5786.8 MiB,1594.3 MiB,8413.9 MiB,4096.0 MiB,4096.0 MiB,0.0 MiB,13530.2 MiB
Python 3.10.11,nbody.py 50000000,271,1690935606,349322,python,5:16.09,16380,8424,5784,93.8,0.1,280,2,277,1,0,12.6,0.8,0.0,86.6,0.0,0.0,0.0,0.0,15795.0 MiB,5787.0 MiB,1594.1 MiB,8413.9 MiB,4096.0 MiB,4096.0 MiB,0.0 MiB,13530.5 MiB
Python 3.10.11,nbody.py 50000000,272,1690935607,349322,python,5:17.26,16380,8424,5784,100.0,0.1,280,2,277,1,0,12.7,0.8,0.0,86.5,0.0,0.0,0.0,0.0,15795.0 MiB,5787.0 MiB,1594.1 MiB,8413.9 MiB,4096.0 MiB,4096.0 MiB,0.0 MiB,13530.5 MiB
Python 3.10.11,nbody.py 50000000,273,1690935608,349322,python,5:18.42,16380,8424,5784,93.8,0.1,280,2,277,1,0,13.3,0.0,0.0,86.7,0.0,0.0,0.0,0.0,15795.0 MiB,5787.3 MiB,1593.8 MiB,8413.9 MiB,4096.0 MiB,4096.0 MiB,0.0 MiB,13530.8 MiB
Python 3.10.11,nbody.py 50000000,274,1690935609,349322,python,5:19.59,16380,8424,5784,100.0,0.1,280,3,276,1,0,12.7,0.8,0.0,86.5,0.0,0.0,0.0,0.0,15795.0 MiB,5787.5 MiB,1593.6 MiB,8413.9 MiB,4096.0 MiB,4096.0 MiB,0.0 MiB,13531.0 MiB
Python 3.10.11,nbody.py 50000000,275,1690935610,349322,python,5:20.76,16380,8424,5784,100.0,0.1,280,2,277,1,0,12.6,0.8,0.0,86.6,0.0,0.0,0.0,0.0,15795.0 MiB,5787.5 MiB,1593.5 MiB,8413.9 MiB,4096.0 MiB,4096.0 MiB,0.0 MiB,13531.0 MiB
Python 3.10.11,nbody.py 50000000,276,1690935612,349322,python,5:21.92,16380,8424,5784,100.0,0.1,280,2,277,1,0,12.7,0.8,0.0,86.5,0.0,0.0,0.0,0.0,15795.0 MiB,5787.5 MiB,1593.5 MiB,8413.9 MiB,4096.0 MiB,4096.0 MiB,0.0 MiB,13531.0 MiB
Python 3.10.11,nbody.py 50000000,277,1690935613,349322,python,5:23.09,16380,8424,5784,100.0,0.1,280,2,277,1,0,13.3,0.8,0.0,85.9,0.0,0.0,0.0,0.0,15795.0 MiB,5787.5 MiB,1593.5 MiB,8414.0 MiB,4096.0 MiB,4096.0 MiB,0.0 MiB,13531.0 MiB
Python 3.10.11,nbody.py 50000000,278,1690935614,349322,python,5:24.25,16380,8424,5784,93.8,0.1,280,2,277,1,0,12.1,0.0,0.0,87.9,0.0,0.0,0.0,0.0,15795.0 MiB,5787.8 MiB,1593.3 MiB,8414.0 MiB,4096.0 MiB,4096.0 MiB,0.0 MiB,13531.3 MiB
Python 3.10.11,nbody.py 50000000,279,1690935615,349322,python,5:25.42,16380,8424,5784,100.0,0.1,280,2,277,1,0,13.4,0.8,0.0,85.8,0.0,0.0,0.0,0.0,15795.0 MiB,5788.0 MiB,1593.0 MiB,8414.0 MiB,4096.0 MiB,4096.0 MiB,0.0 MiB,13531.5 MiB
Python 3.10.11,nbody.py 50000000,280,1690935616,349322,python,5:26.58,16380,8424,5784,100.0,0.1,280,2,277,1,0,12.6,0.8,0.0,86.6,0.0,0.0,0.0,0.0,15795.0 MiB,5787.8 MiB,1593.3 MiB,8414.0 MiB,4096.0 MiB,4096.0 MiB,0.0 MiB,13531.3 MiB
Python 3.10.11,nbody.py 50000000,281,1690935617,349322,python,5:27.75,16380,8424,5784,93.8,0.1,280,2,277,1,0,13.3,0.8,0.0,85.9,0.0,0.0,0.0,0.0,15795.0 MiB,5788.0 MiB,1593.0 MiB,8414.0 MiB,4096.0 MiB,4096.0 MiB,0.0 MiB,13531.6 MiB
Python 3.10.11,nbody.py 50000000,282,1690935619,349322,python,5:28.92,16380,8424,5784,100.0,0.1,280,2,277,1,0,13.3,0.0,0.0,86.7,0.0,0.0,0.0,0.0,15795.0 MiB,5787.8 MiB,1593.2 MiB,8414.0 MiB,4096.0 MiB,4096.0 MiB,0.0 MiB,13531.3 MiB
Python 3.10.11,nbody.py 50000000,283,1690935620,349322,python,5:30.08,16380,8424,5784,93.8,0.1,280,2,277,1,0,13.3,0.8,0.0,85.9,0.0,0.0,0.0,0.0,15795.0 MiB,5787.8 MiB,1593.2 MiB,8414.0 MiB,4096.0 MiB,4096.0 MiB,0.0 MiB,13531.3 MiB
Python 3.10.11,nbody.py 50000000,284,1690935621,349322,python,5:31.25,16380,8424,5784,100.0,0.1,280,2,277,1,0,12.7,0.0,0.0,87.3,0.0,0.0,0.0,0.0,15795.0 MiB,5787.8 MiB,1593.2 MiB,8414.0 MiB,4096.0 MiB,4096.0 MiB,0.0 MiB,13531.3 MiB
Python 3.10.11,nbody.py 50000000,285,1690935622,349322,python,5:32.42,16380,8424,5784,100.0,0.1,280,2,277,1,0,13.4,0.8,0.0,85.8,0.0,0.0,0.0,0.0,15795.0 MiB,5787.8 MiB,1593.2 MiB,8414.0 MiB,4096.0 MiB,4096.0 MiB,0.0 MiB,13531.3 MiB
Python 3.10.11,nbody.py 50000000,286,1690935623,349322,python,5:33.58,16380,8424,5784,93.8,0.1,280,2,277,1,0,12.7,0.0,0.0,87.3,0.0,0.0,0.0,0.0,15795.0 MiB,5787.8 MiB,1593.2 MiB,8414.0 MiB,4096.0 MiB,4096.0 MiB,0.0 MiB,13531.3 MiB
Python 3.10.11,nbody.py 50000000,287,1690935624,349322,python,5:34.75,16380,8424,5784,100.0,0.1,280,2,277,1,0,13.1,0.8,0.0,86.2,0.0,0.0,0.0,0.0,15795.0 MiB,5787.5 MiB,1593.5 MiB,8414.0 MiB,4096.0 MiB,4096.0 MiB,0.0 MiB,13531.1 MiB
Python 3.10.11,nbody.py 50000000,288,1690935626,349322,python,5:35.92,16380,8424,5784,100.0,0.1,280,2,277,1,0,14.7,0.8,0.0,84.5,0.0,0.0,0.0,0.0,15795.0 MiB,5787.8 MiB,1593.2 MiB,8414.0 MiB,4096.0 MiB,4096.0 MiB,0.0 MiB,13531.4 MiB
Python 3.10.11,nbody.py 50000000,289,1690935627,349322,python,5:37.08,16380,8424,5784,100.0,0.1,280,2,277,1,0,12.7,0.0,0.0,87.3,0.0,0.0,0.0,0.0,15795.0 MiB,5787.8 MiB,1593.2 MiB,8414.0 MiB,4096.0 MiB,4096.0 MiB,0.0 MiB,13531.4 MiB
Python 3.10.11,nbody.py 50000000,290,1690935628,349322,python,5:38.25,16380,8424,5784,93.8,0.1,280,2,277,1,0,12.6,0.8,0.0,86.6,0.0,0.0,0.0,0.0,15795.0 MiB,5787.8 MiB,1593.2 MiB,8414.0 MiB,4096.0 MiB,4096.0 MiB,0.0 MiB,13531.4 MiB
Python 3.10.11,nbody.py 50000000,291,1690935629,349322,python,5:39.42,16380,8424,5784,100.0,0.1,280,2,277,1,0,12.7,0.8,0.0,86.5,0.0,0.0,0.0,0.0,15795.0 MiB,5787.8 MiB,1593.2 MiB,8414.0 MiB,4096.0 MiB,4096.0 MiB,0.0 MiB,13531.4 MiB
Python 3.10.11,nbody.py 50000000,292,1690935630,349322,python,5:40.58,16380,8424,5784,93.8,0.1,280,2,277,1,0,13.5,0.0,0.0,86.5,0.0,0.0,0.0,0.0,15795.0 MiB,5788.2 MiB,1592.7 MiB,8414.0 MiB,4096.0 MiB,4096.0 MiB,0.0 MiB,13531.9 MiB
Python 3.10.11,nbody.py 50000000,293,1690935631,349322,python,5:41.75,16380,8424,5784,100.0,0.1,280,2,277,1,0,13.4,0.0,0.0,86.6,0.0,0.0,0.0,0.0,15795.0 MiB,5788.0 MiB,1592.9 MiB,8414.1 MiB,4096.0 MiB,4096.0 MiB,0.0 MiB,13531.6 MiB
Python 3.10.11,nbody.py 50000000,294,1690935633,349322,python,5:42.92,16380,8424,5784,100.0,0.1,280,2,277,1,0,13.4,0.0,0.0,86.6,0.0,0.0,0.0,0.0,15795.0 MiB,5787.8 MiB,1593.2 MiB,8414.1 MiB,4096.0 MiB,4096.0 MiB,0.0 MiB,13531.4 MiB
Python 3.10.11,nbody.py 50000000,295,1690935634,349322,python,5:44.08,16380,8424,5784,93.8,0.1,280,2,277,1,0,12.7,0.0,0.0,87.3,0.0,0.0,0.0,0.0,15795.0 MiB,5787.8 MiB,1593.2 MiB,8414.1 MiB,4096.0 MiB,4096.0 MiB,0.0 MiB,13531.4 MiB
Python 3.10.11,nbody.py 50000000,296,1690935635,349322,python,5:45.25,16380,8424,5784,100.0,0.1,280,2,277,1,0,12.7,0.0,0.0,87.3,0.0,0.0,0.0,0.0,15795.0 MiB,5787.8 MiB,1593.1 MiB,8414.1 MiB,4096.0 MiB,4096.0 MiB,0.0 MiB,13531.4 MiB
Python 3.10.11,nbody.py 50000000,297,1690935636,349322,python,5:46.41,16380,8424,5784,93.8,0.1,280,2,277,1,0,12.7,0.8,0.0,86.5,0.0,0.0,0.0,0.0,15795.0 MiB,5788.0 MiB,1592.9 MiB,8414.1 MiB,4096.0 MiB,4096.0 MiB,0.0 MiB,13531.7 MiB
Python 3.10.11,nbody.py 50000000,298,1690935637,349322,python,5:47.58,16380,8424,5784,100.0,0.1,280,2,277,1,0,14.8,0.0,0.0,85.2,0.0,0.0,0.0,0.0,15795.0 MiB,5788.0 MiB,1592.9 MiB,8414.1 MiB,4096.0 MiB,4096.0 MiB,0.0 MiB,13531.7 MiB
Python 3.10.11,nbody.py 50000000,299,1690935638,349322,python,5:48.75,16380,8424,5784,100.0,0.1,280,2,277,1,0,12.7,0.0,0.0,87.3,0.0,0.0,0.0,0.0,15795.0 MiB,5788.0 MiB,1592.9 MiB,8414.1 MiB,4096.0 MiB,4096.0 MiB,0.0 MiB,13531.7 MiB
Python 3.10.11,nbody.py 50000000,300,1690935640,349322,python,5:49.91,16380,8424,5784,93.8,0.1,280,2,277,1,0,13.3,0.8,0.0,85.9,0.0,0.0,0.0,0.0,15795.0 MiB,5787.5 MiB,1593.4 MiB,8414.1 MiB,4096.0 MiB,4096.0 MiB,0.0 MiB,13531.2 MiB
Python 3.10.11,nbody.py 50000000,301,1690935641,349322,python,5:51.08,16380,8424,5784,100.0,0.1,280,2,277,1,0,13.4,0.0,0.0,86.6,0.0,0.0,0.0,0.0,15795.0 MiB,5787.3 MiB,1593.6 MiB,8414.1 MiB,4096.0 MiB,4096.0 MiB,0.0 MiB,13531.0 MiB
Python 3.10.11,nbody.py 50000000,302,1690935642,349322,python,5:52.24,16380,8424,5784,93.8,0.1,280,2,277,1,0,13.3,0.8,0.0,85.9,0.0,0.0,0.0,0.0,15795.0 MiB,5787.3 MiB,1593.6 MiB,8414.1 MiB,4096.0 MiB,4096.0 MiB,0.0 MiB,13531.0 MiB
Python 3.10.11,nbody.py 50000000,303,1690935643,349322,python,5:53.41,16380,8424,5784,100.0,0.1,280,2,277,1,0,12.7,0.0,0.0,87.3,0.0,0.0,0.0,0.0,15795.0 MiB,5787.3 MiB,1593.6 MiB,8414.1 MiB,4096.0 MiB,4096.0 MiB,0.0 MiB,13531.0 MiB
Python 3.10.11,nbody.py 50000000,304,1690935644,349322,python,5:54.57,16380,8424,5784,100.0,0.1,280,2,277,1,0,12.7,0.8,0.0,86.5,0.0,0.0,0.0,0.0,15795.0 MiB,5787.8 MiB,1593.1 MiB,8414.1 MiB,4096.0 MiB,4096.0 MiB,0.0 MiB,13531.5 MiB
Python 3.10.11,nbody.py 50000000,305,1690935645,349322,python,5:55.75,16380,8424,5784,100.0,0.1,280,2,277,1,0,13.1,0.8,0.0,85.4,0.8,0.0,0.0,0.0,15795.0 MiB,5788.0 MiB,1592.8 MiB,8414.1 MiB,4096.0 MiB,4096.0 MiB,0.0 MiB,13531.7 MiB
Python 3.10.11,nbody.py 50000000,306,1690935647,349322,python,5:56.91,16380,8424,5784,93.8,0.1,280,2,277,1,0,12.7,0.0,0.0,87.3,0.0,0.0,0.0,0.0,15795.0 MiB,5788.0 MiB,1592.8 MiB,8414.2 MiB,4096.0 MiB,4096.0 MiB,0.0 MiB,13531.7 MiB
Python 3.10.11,nbody.py 50000000,307,1690935648,349322,python,5:58.08,16380,8424,5784,100.0,0.1,280,2,277,1,0,12.6,0.8,0.0,86.6,0.0,0.0,0.0,0.0,15795.0 MiB,5787.5 MiB,1593.3 MiB,8414.2 MiB,4096.0 MiB,4096.0 MiB,0.0 MiB,13531.2 MiB
Python 3.10.11,nbody.py 50000000,308,1690935649,349322,python,5:59.24,16380,8424,5784,93.8,0.1,280,2,277,1,0,12.6,0.8,0.0,86.6,0.0,0.0,0.0,0.0,15795.0 MiB,5787.5 MiB,1593.3 MiB,8414.2 MiB,4096.0 MiB,4096.0 MiB,0.0 MiB,13531.2 MiB
Python 3.10.11,nbody.py 50000000,309,1690935650,349322,python,6:00.41,16380,8424,5784,100.0,0.1,280,2,277,1,0,13.4,0.0,0.0,86.6,0.0,0.0,0.0,0.0,15795.0 MiB,5787.8 MiB,1593.1 MiB,8414.2 MiB,4096.0 MiB,4096.0 MiB,0.0 MiB,13531.5 MiB
Python 3.10.11,nbody.py 50000000,310,1690935651,349322,python,6:01.57,16380,8424,5784,100.0,0.1,280,2,277,1,0,12.7,0.8,0.0,86.5,0.0,0.0,0.0,0.0,15795.0 MiB,5787.8 MiB,1593.0 MiB,8414.2 MiB,4096.0 MiB,4096.0 MiB,0.0 MiB,13531.5 MiB
Python 3.10.11,nbody.py 50000000,311,1690935652,349322,python,6:02.75,16380,8424,5784,100.0,0.1,280,2,277,1,0,13.1,0.8,0.0,86.2,0.0,0.0,0.0,0.0,15795.0 MiB,5787.8 MiB,1593.0 MiB,8414.2 MiB,4096.0 MiB,4096.0 MiB,0.0 MiB,13531.5 MiB
Python 3.10.11,nbody.py 50000000,312,1690935654,349322,python,6:03.91,16380,8424,5784,93.8,0.1,280,2,277,1,0,13.5,0.0,0.0,86.5,0.0,0.0,0.0,0.0,15795.0 MiB,5787.8 MiB,1593.0 MiB,8414.2 MiB,4096.0 MiB,4096.0 MiB,0.0 MiB,13531.5 MiB
Python 3.10.11,nbody.py 50000000,313,1690935655,349322,python,6:05.08,16380,8424,5784,100.0,0.1,280,2,277,1,0,12.5,1.6,0.0,85.9,0.0,0.0,0.0,0.0,15795.0 MiB,5787.8 MiB,1593.0 MiB,8414.2 MiB,4096.0 MiB,4096.0 MiB,0.0 MiB,13531.5 MiB
Python 3.10.11,nbody.py 50000000,314,1690935656,349322,python,6:06.25,16380,8424,5784,100.0,0.1,280,2,277,1,0,13.3,0.8,0.0,85.9,0.0,0.0,0.0,0.0,15795.0 MiB,5787.8 MiB,1593.0 MiB,8414.2 MiB,4096.0 MiB,4096.0 MiB,0.0 MiB,13531.5 MiB
Python 3.10.11,nbody.py 50000000,315,1690935657,349322,python,6:07.41,16380,8424,5784,93.8,0.1,280,2,277,1,0,12.7,0.8,0.0,84.9,1.6,0.0,0.0,0.0,15795.0 MiB,5789.7 MiB,1590.2 MiB,8415.1 MiB,4096.0 MiB,4096.0 MiB,0.0 MiB,13534.4 MiB
Python 3.10.11,nbody.py 50000000,316,1690935658,349322,python,6:08.58,16380,8424,5784,100.0,0.1,280,2,277,1,0,12.6,0.8,0.0,86.6,0.0,0.0,0.0,0.0,15795.0 MiB,5789.7 MiB,1590.2 MiB,8415.1 MiB,4096.0 MiB,4096.0 MiB,0.0 MiB,13534.4 MiB
Python 3.10.11,nbody.py 50000000,317,1690935659,349322,python,6:09.74,16380,8424,5784,93.8,0.1,280,2,277,1,0,13.3,0.8,0.0,85.9,0.0,0.0,0.0,0.0,15795.0 MiB,5791.0 MiB,1588.7 MiB,8415.3 MiB,4096.0 MiB,4096.0 MiB,0.0 MiB,13535.9 MiB
Python 3.10.11,nbody.py 50000000,318,1690935661,349322,python,6:10.91,16380,8424,5784,100.0,0.1,280,2,277,1,0,12.6,0.8,0.0,86.6,0.0,0.0,0.0,0.0,15795.0 MiB,5791.0 MiB,1588.7 MiB,8415.3 MiB,4096.0 MiB,4096.0 MiB,0.0 MiB,13535.9 MiB
Python 3.10.11,nbody.py 50000000,319,1690935662,349322,python,6:12.07,16380,8424,5784,100.0,0.1,280,2,277,1,0,13.3,0.8,0.0,85.9,0.0,0.0,0.0,0.0,15795.0 MiB,5791.0 MiB,1588.7 MiB,8415.3 MiB,4096.0 MiB,4096.0 MiB,0.0 MiB,13535.9 MiB
Python 3.10.11,nbody.py 50000000,320,1690935663,349322,python,6:13.24,16380,8424,5784,93.8,0.1,280,2,277,1,0,12.6,0.8,0.0,86.6,0.0,0.0,0.0,0.0,15795.0 MiB,5791.0 MiB,1588.7 MiB,8415.3 MiB,4096.0 MiB,4096.0 MiB,0.0 MiB,13535.9 MiB
Python 3.10.11,nbody.py 50000000,321,1690935664,349322,python,6:14.41,16380,8424,5784,100.0,0.1,280,2,277,1,0,13.4,0.8,0.0,85.8,0.0,0.0,0.0,0.0,15795.0 MiB,5790.5 MiB,1589.2 MiB,8415.3 MiB,4096.0 MiB,4096.0 MiB,0.0 MiB,13535.4 MiB
Python 3.10.11,nbody.py 50000000,322,1690935665,349322,python,6:15.57,16380,8424,5784,93.8,0.1,280,3,276,1,0,12.6,0.8,0.0,86.6,0.0,0.0,0.0,0.0,15795.0 MiB,5790.5 MiB,1589.2 MiB,8415.3 MiB,4096.0 MiB,4096.0 MiB,0.0 MiB,13535.4 MiB
Python 3.10.11,nbody.py 50000000,323,1690935666,349322,python,6:16.74,16380,8424,5784,100.0,0.1,280,2,277,1,0,13.4,0.0,0.0,86.6,0.0,0.0,0.0,0.0,15795.0 MiB,5790.5 MiB,1589.1 MiB,8415.4 MiB,4096.0 MiB,4096.0 MiB,0.0 MiB,13535.4 MiB
Python 3.10.11,nbody.py 50000000,324,1690935668,349322,python,6:17.90,16380,8424,5784,100.0,0.1,280,2,277,1,0,12.6,0.8,0.0,86.6,0.0,0.0,0.0,0.0,15795.0 MiB,5790.5 MiB,1589.1 MiB,8415.4 MiB,4096.0 MiB,4096.0 MiB,0.0 MiB,13535.4 MiB
Python 3.10.11,nbody.py 50000000,325,1690935669,349322,python,6:19.07,16380,8424,5784,93.8,0.1,280,2,277,1,0,13.4,0.8,0.0,85.8,0.0,0.0,0.0,0.0,15795.0 MiB,5790.2 MiB,1589.4 MiB,8415.4 MiB,4096.0 MiB,4096.0 MiB,0.0 MiB,13535.2 MiB
Python 3.10.11,nbody.py 50000000,326,1690935670,349322,python,6:20.24,16380,8424,5784,100.0,0.1,280,2,277,1,0,13.4,0.0,0.0,86.6,0.0,0.0,0.0,0.0,15795.0 MiB,5790.0 MiB,1589.6 MiB,8415.4 MiB,4096.0 MiB,4096.0 MiB,0.0 MiB,13535.0 MiB
Python 3.10.11,nbody.py 50000000,327,1690935671,349322,python,6:21.40,16380,8424,5784,93.8,0.1,280,2,277,1,0,11.9,0.8,0.0,87.3,0.0,0.0,0.0,0.0,15795.0 MiB,5789.3 MiB,1590.3 MiB,8415.4 MiB,4096.0 MiB,4096.0 MiB,0.0 MiB,13534.2 MiB
Python 3.10.11,nbody.py 50000000,328,1690935672,349322,python,6:22.57,16380,8424,5784,100.0,0.1,280,2,277,1,0,12.6,0.8,0.0,86.6,0.0,0.0,0.0,0.0,15795.0 MiB,5789.0 MiB,1590.6 MiB,8415.4 MiB,4096.0 MiB,4096.0 MiB,0.0 MiB,13534.0 MiB
Python 3.10.11,nbody.py 50000000,329,1690935673,349322,python,6:23.73,16380,8424,5784,100.0,0.1,280,2,277,1,0,12.7,0.0,0.0,87.3,0.0,0.0,0.0,0.0,15795.0 MiB,5789.0 MiB,1590.6 MiB,8415.4 MiB,4096.0 MiB,4096.0 MiB,0.0 MiB,13534.0 MiB
Python 3.10.11,nbody.py 50000000,330,1690935675,349322,python,6:24.90,16380,8424,5784,100.0,0.1,280,2,277,1,0,13.3,0.8,0.0,85.9,0.0,0.0,0.0,0.0,15795.0 MiB,5788.8 MiB,1590.8 MiB,8415.4 MiB,4096.0 MiB,4096.0 MiB,0.0 MiB,13533.8 MiB
Python 3.10.11,nbody.py 50000000,331,1690935676,349322,python,6:26.06,16380,8424,5784,100.0,0.1,280,2,277,1,0,12.7,0.8,0.0,86.5,0.0,0.0,0.0,0.0,15795.0 MiB,5788.8 MiB,1590.8 MiB,8415.4 MiB,4096.0 MiB,4096.0 MiB,0.0 MiB,13533.8 MiB
Python 3.10.11,nbody.py 50000000,332,1690935677,349322,python,6:27.23,16380,8424,5784,93.8,0.1,280,2,277,1,0,13.3,0.8,0.0,85.9,0.0,0.0,0.0,0.0,15795.0 MiB,5788.8 MiB,1590.8 MiB,8415.4 MiB,4096.0 MiB,4096.0 MiB,0.0 MiB,13533.8 MiB
Python 3.10.11,nbody.py 50000000,333,1690935678,349322,python,6:28.40,16380,8424,5784,100.0,0.1,280,2,277,1,0,13.3,0.8,0.0,85.9,0.0,0.0,0.0,0.0,15795.0 MiB,5788.5 MiB,1591.0 MiB,8415.4 MiB,4096.0 MiB,4096.0 MiB,0.0 MiB,13533.5 MiB
Python 3.10.11,nbody.py 50000000,334,1690935679,349322,python,6:29.56,16380,8424,5784,100.0,0.1,280,2,277,1,0,13.3,0.8,0.0,85.9,0.0,0.0,0.0,0.0,15795.0 MiB,5788.5 MiB,1591.0 MiB,8415.4 MiB,4096.0 MiB,4096.0 MiB,0.0 MiB,13533.5 MiB
Python 3.10.11,nbody.py 50000000,335,1690935680,349322,python,6:30.73,16380,8424,5784,93.8,0.1,280,2,277,1,0,12.7,0.0,0.0,86.5,0.8,0.0,0.0,0.0,15795.0 MiB,5788.3 MiB,1591.2 MiB,8415.4 MiB,4096.0 MiB,4096.0 MiB,0.0 MiB,13533.3 MiB
Python 3.10.11,nbody.py 50000000,336,1690935682,349322,python,6:31.90,16380,8424,5784,100.0,0.1,280,2,277,1,0,13.4,0.8,0.0,85.8,0.0,0.0,0.0,0.0,15795.0 MiB,5788.5 MiB,1591.0 MiB,8415.4 MiB,4096.0 MiB,4096.0 MiB,0.0 MiB,13533.6 MiB
Python 3.10.11,nbody.py 50000000,337,1690935683,349322,python,6:33.06,16380,8424,5784,93.8,0.1,280,2,277,1,0,12.7,0.8,0.0,86.5,0.0,0.0,0.0,0.0,15795.0 MiB,5788.5 MiB,1591.0 MiB,8415.4 MiB,4096.0 MiB,4096.0 MiB,0.0 MiB,13533.6 MiB
Python 3.10.11,nbody.py 50000000,338,1690935684,349322,python,6:34.23,16380,8424,5784,100.0,0.1,280,2,277,1,0,12.7,0.8,0.0,86.5,0.0,0.0,0.0,0.0,15795.0 MiB,5788.5 MiB,1591.0 MiB,8415.5 MiB,4096.0 MiB,4096.0 MiB,0.0 MiB,13533.6 MiB
Python 3.10.11,nbody.py 50000000,339,1690935685,349322,python,6:35.40,16380,8424,5784,100.0,0.1,280,2,277,1,0,13.6,0.8,0.0,85.6,0.0,0.0,0.0,0.0,15795.0 MiB,5788.8 MiB,1590.7 MiB,8415.5 MiB,4096.0 MiB,4096.0 MiB,0.0 MiB,13533.8 MiB
Python 3.10.11,nbody.py 50000000,340,1690935686,349322,python,6:36.57,16380,8424,5784,100.0,0.1,280,2,277,1,0,13.2,0.0,0.0,86.8,0.0,0.0,0.0,0.0,15795.0 MiB,5789.3 MiB,1590.2 MiB,8415.5 MiB,4096.0 MiB,4096.0 MiB,0.0 MiB,13534.3 MiB
Python 3.10.11,nbody.py 50000000,341,1690935687,349322,python,6:37.74,16380,8424,5784,100.0,0.1,280,2,277,1,0,13.4,0.8,0.0,85.8,0.0,0.0,0.0,0.0,15795.0 MiB,5789.3 MiB,1590.2 MiB,8415.5 MiB,4096.0 MiB,4096.0 MiB,0.0 MiB,13534.3 MiB
Python 3.10.11,nbody.py 50000000,342,1690935689,349322,python,6:38.90,16380,8424,5784,100.0,0.1,280,2,277,1,0,12.6,1.6,0.0,85.8,0.0,0.0,0.0,0.0,15795.0 MiB,5789.0 MiB,1590.5 MiB,8415.5 MiB,4096.0 MiB,4096.0 MiB,0.0 MiB,13534.1 MiB
Python 3.10.11,nbody.py 50000000,343,1690935690,349322,python,6:40.07,16380,8424,5784,93.8,0.1,280,2,277,1,0,13.3,0.8,0.0,85.9,0.0,0.0,0.0,0.0,15795.0 MiB,5789.0 MiB,1590.5 MiB,8415.5 MiB,4096.0 MiB,4096.0 MiB,0.0 MiB,13534.1 MiB
Python 3.10.11,nbody.py 50000000,344,1690935691,349322,python,6:41.24,16380,8424,5784,100.0,0.1,280,2,277,1,0,13.4,0.0,0.0,85.8,0.8,0.0,0.0,0.0,15795.0 MiB,5789.0 MiB,1590.4 MiB,8415.5 MiB,4096.0 MiB,4096.0 MiB,0.0 MiB,13534.1 MiB
Python 3.10.11,nbody.py 50000000,345,1690935692,349322,python,6:42.40,16380,8424,5784,100.0,0.1,280,2,277,1,0,13.4,0.8,0.0,85.8,0.0,0.0,0.0,0.0,15795.0 MiB,5789.0 MiB,1590.4 MiB,8415.5 MiB,4096.0 MiB,4096.0 MiB,0.0 MiB,13534.1 MiB
Python 3.10.11,nbody.py 50000000,346,1690935693,349322,python,6:43.56,16380,8424,5784,100.0,0.1,280,2,277,1,0,12.8,0.0,0.0,87.2,0.0,0.0,0.0,0.0,15795.0 MiB,5789.3 MiB,1590.2 MiB,8415.5 MiB,4096.0 MiB,4096.0 MiB,0.0 MiB,13534.4 MiB
Python 3.10.11,nbody.py 50000000,347,1690935694,349322,python,6:44.73,16380,8424,5784,93.8,0.1,280,2,277,1,0,12.7,0.0,0.0,87.3,0.0,0.0,0.0,0.0,15795.0 MiB,5789.0 MiB,1590.4 MiB,8415.5 MiB,4096.0 MiB,4096.0 MiB,0.0 MiB,13534.1 MiB
Python 3.10.11,nbody.py 50000000,348,1690935696,349322,python,6:45.90,16380,8424,5784,100.0,0.1,280,2,277,1,0,12.7,0.0,0.0,87.3,0.0,0.0,0.0,0.0,15795.0 MiB,5789.0 MiB,1590.4 MiB,8415.5 MiB,4096.0 MiB,4096.0 MiB,0.0 MiB,13534.1 MiB
Python 3.10.11,nbody.py 50000000,349,1690935697,349322,python,6:47.06,16380,8424,5784,100.0,0.1,280,2,277,1,0,13.4,0.0,0.0,86.6,0.0,0.0,0.0,0.0,15795.0 MiB,5789.0 MiB,1590.4 MiB,8415.5 MiB,4096.0 MiB,4096.0 MiB,0.0 MiB,13534.1 MiB
Python 3.10.11,nbody.py 50000000,350,1690935698,349322,python,6:48.23,16380,8424,5784,93.8,0.1,280,2,277,1,0,11.9,0.0,0.0,88.1,0.0,0.0,0.0,0.0,15795.0 MiB,5789.0 MiB,1590.4 MiB,8415.5 MiB,4096.0 MiB,4096.0 MiB,0.0 MiB,13534.2 MiB
Python 3.10.11,nbody.py 50000000,351,1690935699,349322,python,6:49.40,16380,8424,5784,100.0,0.1,280,2,277,1,0,13.4,0.8,0.0,85.8,0.0,0.0,0.0,0.0,15795.0 MiB,5788.8 MiB,1590.6 MiB,8415.5 MiB,4096.0 MiB,4096.0 MiB,0.0 MiB,13533.9 MiB
Python 3.10.11,nbody.py 50000000,352,1690935700,349322,python,6:50.56,16380,8424,5784,93.8,0.1,280,2,277,1,0,12.8,0.0,0.0,87.2,0.0,0.0,0.0,0.0,15795.0 MiB,5789.0 MiB,1590.4 MiB,8415.5 MiB,4096.0 MiB,4096.0 MiB,0.0 MiB,13534.2 MiB
Python 3.10.11,nbody.py 50000000,353,1690935701,349322,python,6:51.73,16380,8424,5784,100.0,0.1,280,2,277,1,0,13.3,0.8,0.0,85.2,0.8,0.0,0.0,0.0,15795.0 MiB,5788.3 MiB,1591.1 MiB,8415.6 MiB,4096.0 MiB,4096.0 MiB,0.0 MiB,13533.4 MiB
Python 3.10.11,nbody.py 50000000,354,1690935703,349322,python,6:52.90,16380,8424,5784,100.0,0.1,280,2,277,1,0,12.3,0.8,0.0,86.2,0.8,0.0,0.0,0.0,15795.0 MiB,5788.8 MiB,1590.6 MiB,8415.6 MiB,4096.0 MiB,4096.0 MiB,0.0 MiB,13533.9 MiB
Python 3.10.11,nbody.py 50000000,355,1690935704,349322,python,6:54.06,16380,8424,5784,100.0,0.1,280,2,277,1,0,12.6,0.8,0.0,86.6,0.0,0.0,0.0,0.0,15795.0 MiB,5788.8 MiB,1590.6 MiB,8415.6 MiB,4096.0 MiB,4096.0 MiB,0.0 MiB,13533.9 MiB
Python 3.10.11,nbody.py 50000000,356,1690935705,349322,python,6:55.23,16380,8424,5784,93.8,0.1,280,2,277,1,0,13.4,0.0,0.0,86.6,0.0,0.0,0.0,0.0,15795.0 MiB,5787.8 MiB,1591.6 MiB,8415.6 MiB,4096.0 MiB,4096.0 MiB,0.0 MiB,13533.0 MiB
Python 3.10.11,nbody.py 50000000,357,1690935706,349322,python,6:56.40,16380,8424,5784,100.0,0.1,280,2,277,1,0,12.8,0.0,0.0,87.2,0.0,0.0,0.0,0.0,15795.0 MiB,5787.8 MiB,1591.6 MiB,8415.6 MiB,4096.0 MiB,4096.0 MiB,0.0 MiB,13533.0 MiB
Python 3.10.11,nbody.py 50000000,358,1690935707,349322,python,6:57.56,16380,8424,5784,100.0,0.1,280,2,277,1,0,13.5,0.0,0.0,86.5,0.0,0.0,0.0,0.0,15795.0 MiB,5787.3 MiB,1592.1 MiB,8415.6 MiB,4096.0 MiB,4096.0 MiB,0.0 MiB,13532.5 MiB
Python 3.10.11,nbody.py 50000000,359,1690935708,349322,python,6:58.73,16380,8424,5784,93.8,0.1,280,2,277,1,0,12.7,0.0,0.0,87.3,0.0,0.0,0.0,0.0,15795.0 MiB,5787.3 MiB,1592.1 MiB,8415.6 MiB,4096.0 MiB,4096.0 MiB,0.0 MiB,13532.5 MiB
Python 3.10.11,nbody.py 50000000,360,1690935710,349322,python,6:59.90,16380,8424,5784,100.0,0.1,280,2,277,1,0,12.6,0.8,0.0,86.6,0.0,0.0,0.0,0.0,15795.0 MiB,5788.1 MiB,1591.3 MiB,8415.6 MiB,4096.0 MiB,4096.0 MiB,0.0 MiB,13533.2 MiB
Python 3.10.11,nbody.py 50000000,361,1690935711,349322,python,7:01.06,16380,8424,5784,93.8,0.1,280,2,277,1,0,13.1,0.8,0.0,86.2,0.0,0.0,0.0,0.0,15795.0 MiB,5787.8 MiB,1591.6 MiB,8415.6 MiB,4096.0 MiB,4096.0 MiB,0.0 MiB,13533.0 MiB
Python 3.10.11,nbody.py 50000000,362,1690935712,349322,python,7:02.23,16380,8424,5784,100.0,0.1,280,2,277,1,0,12.6,0.8,0.0,86.6,0.0,0.0,0.0,0.0,15795.0 MiB,5787.8 MiB,1591.6 MiB,8415.6 MiB,4096.0 MiB,4096.0 MiB,0.0 MiB,13533.0 MiB
Python 3.10.11,nbody.py 50000000,363,1690935713,349322,python,7:03.40,16380,8424,5784,100.0,0.1,280,2,277,1,0,12.7,0.8,0.0,86.5,0.0,0.0,0.0,0.0,15795.0 MiB,5788.1 MiB,1591.3 MiB,8415.6 MiB,4096.0 MiB,4096.0 MiB,0.0 MiB,13533.3 MiB
Python 3.10.11,nbody.py 50000000,364,1690935714,349322,python,7:04.56,16380,8424,5784,100.0,0.1,280,2,277,1,0,14.0,1.6,0.0,84.5,0.0,0.0,0.0,0.0,15795.0 MiB,5788.1 MiB,1591.3 MiB,8415.6 MiB,4096.0 MiB,4096.0 MiB,0.0 MiB,13533.3 MiB
Python 3.10.11,nbody.py 50000000,365,1690935715,349322,python,7:05.73,16380,8424,5784,100.0,0.1,280,2,277,1,0,13.5,0.0,0.0,86.5,0.0,0.0,0.0,0.0,15795.0 MiB,5788.3 MiB,1591.0 MiB,8415.6 MiB,4096.0 MiB,4096.0 MiB,0.0 MiB,13533.5 MiB
Python 3.10.11,nbody.py 50000000,366,1690935717,349322,python,7:06.89,16380,8424,5784,93.8,0.1,280,2,277,1,0,12.6,0.8,0.0,86.6,0.0,0.0,0.0,0.0,15795.0 MiB,5788.3 MiB,1591.0 MiB,8415.6 MiB,4096.0 MiB,4096.0 MiB,0.0 MiB,13533.5 MiB
Python 3.10.11,nbody.py 50000000,367,1690935718,349322,python,7:08.06,16380,8424,5784,100.0,0.1,280,2,277,1,0,12.7,0.0,0.0,87.3,0.0,0.0,0.0,0.0,15795.0 MiB,5788.1 MiB,1591.3 MiB,8415.6 MiB,4096.0 MiB,4096.0 MiB,0.0 MiB,13533.3 MiB
Python 3.10.11,nbody.py 50000000,368,1690935719,349322,python,7:09.23,16380,8424,5784,100.0,0.1,280,2,277,1,0,12.6,0.8,0.0,86.6,0.0,0.0,0.0,0.0,15795.0 MiB,5788.1 MiB,1591.3 MiB,8415.7 MiB,4096.0 MiB,4096.0 MiB,0.0 MiB,13533.3 MiB
Python 3.10.11,nbody.py 50000000,369,1690935720,349322,python,7:10.39,16380,8424,5784,100.0,0.1,280,2,277,1,0,12.6,0.8,0.0,86.6,0.0,0.0,0.0,0.0,15795.0 MiB,5787.8 MiB,1591.5 MiB,8415.7 MiB,4096.0 MiB,4096.0 MiB,0.0 MiB,13533.1 MiB
Python 3.10.11,nbody.py 50000000,370,1690935721,349322,python,7:11.56,16380,8424,5784,93.8,0.1,280,2,277,1,0,12.6,0.8,0.0,86.6,0.0,0.0,0.0,0.0,15795.0 MiB,5787.8 MiB,1591.5 MiB,8415.7 MiB,4096.0 MiB,4096.0 MiB,0.0 MiB,13533.1 MiB
Python 3.10.11,nbody.py 50000000,371,1690935722,349322,python,7:12.73,16380,8424,5784,100.0,0.1,280,2,277,1,0,13.4,0.8,0.0,85.8,0.0,0.0,0.0,0.0,15795.0 MiB,5787.8 MiB,1591.5 MiB,8415.7 MiB,4096.0 MiB,4096.0 MiB,0.0 MiB,13533.1 MiB
Python 3.10.11,nbody.py 50000000,372,1690935724,349322,python,7:13.89,16380,8424,5784,100.0,0.1,280,2,277,1,0,12.6,0.8,0.0,86.6,0.0,0.0,0.0,0.0,15795.0 MiB,5787.3 MiB,1592.0 MiB,8415.7 MiB,4096.0 MiB,4096.0 MiB,0.0 MiB,13532.6 MiB
Python 3.10.11,nbody.py 50000000,373,1690935725,349322,python,7:15.06,16380,8424,5784,100.0,0.1,280,2,277,1,0,12.6,0.8,0.0,86.6,0.0,0.0,0.0,0.0,15795.0 MiB,5787.3 MiB,1592.0 MiB,8415.7 MiB,4096.0 MiB,4096.0 MiB,0.0 MiB,13532.6 MiB
Python 3.10.11,nbody.py 50000000,374,1690935726,349322,python,7:16.22,16380,8424,5784,100.0,0.1,280,2,277,1,0,12.6,0.8,0.0,86.6,0.0,0.0,0.0,0.0,15795.0 MiB,5787.1 MiB,1592.2 MiB,8415.7 MiB,4096.0 MiB,4096.0 MiB,0.0 MiB,13532.4 MiB
Python 3.10.11,nbody.py 50000000,375,1690935727,349322,python,7:17.39,16380,8424,5784,100.0,0.1,280,2,277,1,0,13.3,0.8,0.0,85.9,0.0,0.0,0.0,0.0,15795.0 MiB,5787.1 MiB,1592.2 MiB,8415.7 MiB,4096.0 MiB,4096.0 MiB,0.0 MiB,13532.4 MiB
Python 3.10.11,nbody.py 50000000,376,1690935728,349322,python,7:18.55,16380,8424,5784,100.0,0.1,280,2,277,1,0,13.3,0.8,0.0,85.9,0.0,0.0,0.0,0.0,15795.0 MiB,5787.1 MiB,1592.2 MiB,8415.7 MiB,4096.0 MiB,4096.0 MiB,0.0 MiB,13532.4 MiB
Python 3.10.11,nbody.py 50000000,377,1690935729,349322,python,7:19.73,16380,8424,5784,100.0,0.1,280,2,277,1,0,13.4,0.0,0.0,86.6,0.0,0.0,0.0,0.0,15795.0 MiB,5787.1 MiB,1592.2 MiB,8415.7 MiB,4096.0 MiB,4096.0 MiB,0.0 MiB,13532.4 MiB
Python 3.10.11,nbody.py 50000000,378,1690935731,349322,python,7:20.89,16380,8424,5784,100.0,0.1,280,2,277,1,0,12.8,0.0,0.0,87.2,0.0,0.0,0.0,0.0,15795.0 MiB,5787.1 MiB,1592.2 MiB,8415.7 MiB,4096.0 MiB,4096.0 MiB,0.0 MiB,13532.4 MiB
Python 3.10.11,nbody.py 50000000,379,1690935732,349322,python,7:22.06,16380,8424,5784,100.0,0.1,280,2,277,1,0,13.5,0.0,0.0,86.5,0.0,0.0,0.0,0.0,15795.0 MiB,5787.1 MiB,1592.2 MiB,8415.7 MiB,4096.0 MiB,4096.0 MiB,0.0 MiB,13532.4 MiB
Python 3.10.11,nbody.py 50000000,380,1690935733,349322,python,7:23.22,16380,8424,5784,100.0,0.1,280,2,277,1,0,12.6,0.8,0.0,86.6,0.0,0.0,0.0,0.0,15795.0 MiB,5787.1 MiB,1592.2 MiB,8415.7 MiB,4096.0 MiB,4096.0 MiB,0.0 MiB,13532.4 MiB
Python 3.10.11,nbody.py 50000000,381,1690935734,349322,python,7:24.39,16380,8424,5784,100.0,0.1,280,2,277,1,0,13.4,0.0,0.0,86.6,0.0,0.0,0.0,0.0,15795.0 MiB,5787.1 MiB,1592.2 MiB,8415.7 MiB,4096.0 MiB,4096.0 MiB,0.0 MiB,13532.4 MiB
Python 3.10.11,nbody.py 50000000,382,1690935735,349322,python,7:25.55,16380,8424,5784,100.0,0.1,280,2,277,1,0,12.8,0.0,0.0,87.2,0.0,0.0,0.0,0.0,15795.0 MiB,5787.1 MiB,1592.2 MiB,8415.7 MiB,4096.0 MiB,4096.0 MiB,0.0 MiB,13532.4 MiB
Python 3.10.11,nbody.py 50000000,383,1690935736,349322,python,7:26.72,16380,8424,5784,100.0,0.1,280,2,277,1,0,12.6,0.8,0.0,86.6,0.0,0.0,0.0,0.0,15795.0 MiB,5787.1 MiB,1592.1 MiB,8415.8 MiB,4096.0 MiB,4096.0 MiB,0.0 MiB,13532.4 MiB
Python 3.10.11,nbody.py 50000000,384,1690935738,349322,python,7:27.89,16380,8424,5784,100.0,0.1,280,2,277,1,0,12.6,1.6,0.0,85.8,0.0,0.0,0.0,0.0,15795.0 MiB,5786.8 MiB,1592.4 MiB,8415.8 MiB,4096.0 MiB,4096.0 MiB,0.0 MiB,13532.2 MiB
Python 3.10.11,nbody.py 50000000,385,1690935739,349322,python,7:29.05,16380,8424,5784,100.0,0.1,280,2,277,1,0,12.6,0.8,0.0,86.6,0.0,0.0,0.0,0.0,15795.0 MiB,5787.3 MiB,1591.9 MiB,8415.8 MiB,4096.0 MiB,4096.0 MiB,0.0 MiB,13532.7 MiB
Python 3.10.11,nbody.py 50000000,386,1690935740,349322,python,7:30.22,16380,8424,5784,93.8,0.1,280,2,277,1,0,13.4,0.0,0.0,86.6,0.0,0.0,0.0,0.0,15795.0 MiB,5787.6 MiB,1591.6 MiB,8415.8 MiB,4096.0 MiB,4096.0 MiB,0.0 MiB,13532.9 MiB
Python 3.10.11,nbody.py 50000000,387,1690935741,349322,python,7:31.38,16380,8424,5784,100.0,0.1,280,2,277,1,0,11.9,0.8,0.0,87.3,0.0,0.0,0.0,0.0,15795.0 MiB,5787.6 MiB,1591.6 MiB,8415.8 MiB,4096.0 MiB,4096.0 MiB,0.0 MiB,13532.9 MiB
Python 3.10.11,nbody.py 50000000,388,1690935742,349322,python,7:32.55,16380,8424,5784,100.0,0.1,280,2,277,1,0,13.4,0.0,0.0,86.6,0.0,0.0,0.0,0.0,15795.0 MiB,5787.6 MiB,1591.6 MiB,8415.8 MiB,4096.0 MiB,4096.0 MiB,0.0 MiB,13532.9 MiB
Python 3.10.11,nbody.py 50000000,389,1690935743,349322,python,7:33.71,16380,8424,5784,93.8,0.1,280,3,276,1,0,11.9,0.8,0.0,87.3,0.0,0.0,0.0,0.0,15795.0 MiB,5787.3 MiB,1591.9 MiB,8415.8 MiB,4096.0 MiB,4096.0 MiB,0.0 MiB,13532.7 MiB
Python 3.10.11,nbody.py 50000000,390,1690935745,349322,python,7:34.88,16380,8424,5784,100.0,0.1,280,2,277,1,0,12.7,0.8,0.0,86.5,0.0,0.0,0.0,0.0,15795.0 MiB,5787.1 MiB,1592.1 MiB,8415.8 MiB,4096.0 MiB,4096.0 MiB,0.0 MiB,13532.5 MiB
Python 3.10.11,nbody.py 50000000,391,1690935746,349322,python,7:36.05,16380,8424,5784,100.0,0.1,280,2,277,1,0,13.5,0.0,0.0,86.5,0.0,0.0,0.0,0.0,15795.0 MiB,5787.1 MiB,1592.1 MiB,8415.8 MiB,4096.0 MiB,4096.0 MiB,0.0 MiB,13532.5 MiB
Python 3.10.11,nbody.py 50000000,392,1690935747,349322,python,7:37.22,16380,8424,5784,100.0,0.1,280,2,277,1,0,13.7,0.8,0.0,85.5,0.0,0.0,0.0,0.0,15795.0 MiB,5787.1 MiB,1592.1 MiB,8415.8 MiB,4096.0 MiB,4096.0 MiB,0.0 MiB,13532.5 MiB
Python 3.10.11,nbody.py 50000000,393,1690935748,349322,python,7:38.39,16380,8424,5784,100.0,0.1,280,2,277,1,0,12.7,0.0,0.0,87.3,0.0,0.0,0.0,0.0,15795.0 MiB,5787.1 MiB,1592.1 MiB,8415.8 MiB,4096.0 MiB,4096.0 MiB,0.0 MiB,13532.5 MiB
Python 3.10.11,nbody.py 50000000,394,1690935749,349322,python,7:39.55,16380,8424,5784,100.0,0.1,280,2,277,1,0,12.6,0.8,0.0,86.6,0.0,0.0,0.0,0.0,15795.0 MiB,5786.8 MiB,1592.3 MiB,8415.8 MiB,4096.0 MiB,4096.0 MiB,0.0 MiB,13532.2 MiB
Python 3.10.11,nbody.py 50000000,395,1690935750,349322,python,7:40.71,16380,8424,5784,93.8,0.1,280,2,277,1,0,12.7,0.0,0.0,87.3,0.0,0.0,0.0,0.0,15795.0 MiB,5786.8 MiB,1592.3 MiB,8415.8 MiB,4096.0 MiB,4096.0 MiB,0.0 MiB,13532.2 MiB
Python 3.10.11,nbody.py 50000000,396,1690935752,349322,python,7:41.88,16380,8424,5784,100.0,0.1,280,2,277,1,0,13.4,0.8,0.0,85.8,0.0,0.0,0.0,0.0,15795.0 MiB,5786.8 MiB,1592.3 MiB,8415.8 MiB,4096.0 MiB,4096.0 MiB,0.0 MiB,13532.3 MiB
Python 3.10.11,nbody.py 50000000,397,1690935753,349322,python,7:43.05,16380,8424,5784,100.0,0.1,280,2,277,1,0,12.7,0.0,0.0,87.3,0.0,0.0,0.0,0.0,15795.0 MiB,5786.8 MiB,1592.3 MiB,8415.8 MiB,4096.0 MiB,4096.0 MiB,0.0 MiB,13532.3 MiB
Python 3.10.11,nbody.py 50000000,398,1690935754,349322,python,7:44.21,16380,8424,5784,100.0,0.1,280,2,277,1,0,13.3,0.8,0.0,85.9,0.0,0.0,0.0,0.0,15795.0 MiB,5786.8 MiB,1592.3 MiB,8415.8 MiB,4096.0 MiB,4096.0 MiB,0.0 MiB,13532.3 MiB
Python 3.10.11,nbody.py 50000000,399,1690935755,349322,python,7:45.38,16380,8424,5784,100.0,0.1,280,2,277,1,0,12.8,0.0,0.0,87.2,0.0,0.0,0.0,0.0,15795.0 MiB,5786.8 MiB,1592.3 MiB,8415.9 MiB,4096.0 MiB,4096.0 MiB,0.0 MiB,13532.3 MiB
Python 3.10.11,nbody.py 50000000,400,1690935756,349322,python,7:46.55,16380,8424,5784,100.0,0.1,280,2,277,1,0,12.6,0.8,0.0,86.6,0.0,0.0,0.0,0.0,15795.0 MiB,5786.6 MiB,1592.5 MiB,8415.9 MiB,4096.0 MiB,4096.0 MiB,0.0 MiB,13532.0 MiB
Python 3.10.11,nbody.py 50000000,401,1690935757,349322,python,7:47.71,16380,8424,5784,100.0,0.1,280,2,277,1,0,12.7,0.0,0.0,87.3,0.0,0.0,0.0,0.0,15795.0 MiB,5786.6 MiB,1592.5 MiB,8415.9 MiB,4096.0 MiB,4096.0 MiB,0.0 MiB,13532.0 MiB
Python 3.10.11,nbody.py 50000000,402,1690935759,349322,python,7:48.88,16380,8424,5784,100.0,0.1,280,2,277,1,0,13.4,0.0,0.0,86.6,0.0,0.0,0.0,0.0,15795.0 MiB,5786.3 MiB,1592.8 MiB,8415.9 MiB,4096.0 MiB,4096.0 MiB,0.0 MiB,13531.8 MiB
Python 3.10.11,nbody.py 50000000,403,1690935760,349322,python,7:50.04,16380,8424,5784,100.0,0.1,280,2,277,1,0,13.3,0.8,0.0,85.9,0.0,0.0,0.0,0.0,15795.0 MiB,5786.3 MiB,1592.8 MiB,8415.9 MiB,4096.0 MiB,4096.0 MiB,0.0 MiB,13531.8 MiB
Python 3.10.11,nbody.py 50000000,404,1690935761,349322,python,7:51.21,16380,8424,5784,100.0,0.1,280,2,277,1,0,13.5,0.0,0.0,86.5,0.0,0.0,0.0,0.0,15795.0 MiB,5786.3 MiB,1592.8 MiB,8415.9 MiB,4096.0 MiB,4096.0 MiB,0.0 MiB,13531.8 MiB
Python 3.10.11,nbody.py 50000000,405,1690935762,349322,python,7:52.38,16380,8424,5784,100.0,0.1,280,2,277,1,0,12.5,1.6,0.0,85.9,0.0,0.0,0.0,0.0,15795.0 MiB,5786.3 MiB,1592.8 MiB,8415.9 MiB,4096.0 MiB,4096.0 MiB,0.0 MiB,13531.8 MiB
Python 3.10.11,nbody.py 50000000,406,1690935763,349322,python,7:53.54,16380,8424,5784,100.0,0.1,280,2,277,1,0,13.2,1.6,0.0,85.3,0.0,0.0,0.0,0.0,15795.0 MiB,5786.3 MiB,1592.7 MiB,8415.9 MiB,4096.0 MiB,4096.0 MiB,0.0 MiB,13531.8 MiB
Python 3.10.11,nbody.py 50000000,407,1690935764,349322,python,7:54.71,16380,8424,5784,100.0,0.1,280,2,277,1,0,12.7,0.0,0.0,87.3,0.0,0.0,0.0,0.0,15795.0 MiB,5786.3 MiB,1592.7 MiB,8415.9 MiB,4096.0 MiB,4096.0 MiB,0.0 MiB,13531.8 MiB
Python 3.10.11,nbody.py 50000000,408,1690935766,349322,python,7:55.87,16380,8424,5784,100.0,0.1,280,2,277,1,0,13.2,1.6,0.0,85.3,0.0,0.0,0.0,0.0,15795.0 MiB,5786.3 MiB,1592.7 MiB,8415.9 MiB,4096.0 MiB,4096.0 MiB,0.0 MiB,13531.8 MiB
Python 3.10.11,nbody.py 50000000,409,1690935767,349322,python,7:57.04,16380,8424,5784,100.0,0.1,280,2,277,1,0,13.3,0.8,0.0,85.9,0.0,0.0,0.0,0.0,15795.0 MiB,5786.3 MiB,1592.7 MiB,8415.9 MiB,4096.0 MiB,4096.0 MiB,0.0 MiB,13531.8 MiB
Python 3.10.11,nbody.py 50000000,410,1690935768,349322,python,7:58.20,16380,8424,5784,93.8,0.1,280,2,277,1,0,12.6,0.8,0.0,86.6,0.0,0.0,0.0,0.0,15795.0 MiB,5786.3 MiB,1592.7 MiB,8415.9 MiB,4096.0 MiB,4096.0 MiB,0.0 MiB,13531.8 MiB
Python 3.10.11,nbody.py 50000000,411,1690935769,349322,python,7:59.37,16380,8424,5784,100.0,0.1,280,2,277,1,0,13.5,0.0,0.0,86.5,0.0,0.0,0.0,0.0,15795.0 MiB,5786.3 MiB,1592.7 MiB,8415.9 MiB,4096.0 MiB,4096.0 MiB,0.0 MiB,13531.8 MiB
Python 3.10.11,nbody.py 50000000,412,1690935770,349322,python,8:00.54,16380,8424,5784,100.0,0.1,280,2,277,1,0,12.5,1.6,0.0,85.9,0.0,0.0,0.0,0.0,15795.0 MiB,5786.3 MiB,1592.7 MiB,8415.9 MiB,4096.0 MiB,4096.0 MiB,0.0 MiB,13531.8 MiB
Python 3.10.11,nbody.py 50000000,413,1690935771,349322,python,8:01.70,16380,8424,5784,100.0,0.1,280,2,277,1,0,13.4,0.0,0.0,85.8,0.8,0.0,0.0,0.0,15795.0 MiB,5786.1 MiB,1592.9 MiB,8415.9 MiB,4096.0 MiB,4096.0 MiB,0.0 MiB,13531.6 MiB
Python 3.10.11,nbody.py 50000000,414,1690935773,349322,python,8:02.87,16380,8424,5784,100.0,0.1,280,2,277,1,0,12.7,0.0,0.0,87.3,0.0,0.0,0.0,0.0,15795.0 MiB,5785.4 MiB,1593.7 MiB,8416.0 MiB,4096.0 MiB,4096.0 MiB,0.0 MiB,13530.9 MiB
Python 3.10.11,nbody.py 50000000,415,1690935774,349322,python,8:04.04,16380,8424,5784,100.0,0.1,280,2,277,1,0,13.4,0.0,0.0,86.6,0.0,0.0,0.0,0.0,15795.0 MiB,5785.4 MiB,1593.6 MiB,8416.0 MiB,4096.0 MiB,4096.0 MiB,0.0 MiB,13530.9 MiB
Python 3.10.11,nbody.py 50000000,416,1690935775,349322,python,8:05.20,16380,8424,5784,100.0,0.1,280,2,277,1,0,12.6,0.8,0.0,86.6,0.0,0.0,0.0,0.0,15795.0 MiB,5785.4 MiB,1593.6 MiB,8416.0 MiB,4096.0 MiB,4096.0 MiB,0.0 MiB,13530.9 MiB
Python 3.10.11,nbody.py 50000000,417,1690935776,349322,python,8:06.37,16380,8424,5784,100.0,0.1,280,2,277,1,0,13.5,0.0,0.0,86.5,0.0,0.0,0.0,0.0,15795.0 MiB,5785.4 MiB,1593.6 MiB,8416.0 MiB,4096.0 MiB,4096.0 MiB,0.0 MiB,13530.9 MiB
Python 3.10.11,nbody.py 50000000,418,1690935777,349322,python,8:07.53,16380,8424,5784,100.0,0.1,280,2,277,1,0,12.7,0.0,0.0,87.3,0.0,0.0,0.0,0.0,15795.0 MiB,5785.4 MiB,1593.6 MiB,8416.0 MiB,4096.0 MiB,4096.0 MiB,0.0 MiB,13530.9 MiB
Python 3.10.11,nbody.py 50000000,419,1690935778,349322,python,8:08.70,16380,8424,5784,100.0,0.1,280,2,277,1,0,13.4,0.0,0.0,86.6,0.0,0.0,0.0,0.0,15795.0 MiB,5785.4 MiB,1593.6 MiB,8416.0 MiB,4096.0 MiB,4096.0 MiB,0.0 MiB,13530.9 MiB
Python 3.10.11,nbody.py 50000000,420,1690935780,349322,python,8:09.86,16380,8424,5784,93.8,0.1,280,2,277,1,0,12.6,0.8,0.0,86.6,0.0,0.0,0.0,0.0,15795.0 MiB,5785.4 MiB,1593.6 MiB,8416.0 MiB,4096.0 MiB,4096.0 MiB,0.0 MiB,13530.9 MiB
Python 3.10.11,nbody.py 50000000,421,1690935781,349322,python,8:11.03,16380,8424,5784,100.0,0.1,280,2,277,1,0,13.3,0.8,0.0,85.9,0.0,0.0,0.0,0.0,15795.0 MiB,5785.9 MiB,1593.1 MiB,8416.0 MiB,4096.0 MiB,4096.0 MiB,0.0 MiB,13531.4 MiB
Python 3.10.11,nbody.py 50000000,422,1690935782,349322,python,8:12.19,16380,8424,5784,93.8,0.1,280,2,277,1,0,13.8,1.5,0.0,84.6,0.0,0.0,0.0,0.0,15795.0 MiB,5785.6 MiB,1593.4 MiB,8416.0 MiB,4096.0 MiB,4096.0 MiB,0.0 MiB,13531.2 MiB
Python 3.10.11,nbody.py 50000000,423,1690935783,349322,python,8:13.36,16380,8424,5784,100.0,0.1,280,2,277,1,0,12.5,0.8,0.0,85.9,0.8,0.0,0.0,0.0,15795.0 MiB,5785.6 MiB,1593.4 MiB,8416.0 MiB,4096.0 MiB,4096.0 MiB,0.0 MiB,13531.2 MiB
Python 3.10.11,nbody.py 50000000,424,1690935784,349322,python,8:14.52,16380,8424,5784,100.0,0.1,280,2,277,1,0,12.8,0.0,0.0,87.2,0.0,0.0,0.0,0.0,15795.0 MiB,5785.6 MiB,1593.3 MiB,8416.0 MiB,4096.0 MiB,4096.0 MiB,0.0 MiB,13531.2 MiB
Python 3.10.11,nbody.py 50000000,425,1690935785,349322,python,8:15.69,16380,8424,5784,93.8,0.1,280,2,277,1,0,12.7,0.0,0.0,87.3,0.0,0.0,0.0,0.0,15795.0 MiB,5785.6 MiB,1593.3 MiB,8416.0 MiB,4096.0 MiB,4096.0 MiB,0.0 MiB,13531.2 MiB
Python 3.10.11,nbody.py 50000000,426,1690935787,349322,python,8:16.86,16380,8424,5784,100.0,0.1,280,2,277,1,0,12.7,0.0,0.0,87.3,0.0,0.0,0.0,0.0,15795.0 MiB,5785.6 MiB,1593.3 MiB,8416.0 MiB,4096.0 MiB,4096.0 MiB,0.0 MiB,13531.2 MiB
Python 3.10.11,nbody.py 50000000,427,1690935788,349322,python,8:18.02,16380,8424,5784,93.8,0.1,280,2,277,1,0,13.3,0.8,0.0,85.9,0.0,0.0,0.0,0.0,15795.0 MiB,5785.6 MiB,1593.3 MiB,8416.0 MiB,4096.0 MiB,4096.0 MiB,0.0 MiB,13531.2 MiB
Python 3.10.11,nbody.py 50000000,428,1690935789,349322,python,8:19.19,16380,8424,5784,93.8,0.1,280,2,277,1,0,12.7,0.0,0.0,87.3,0.0,0.0,0.0,0.0,15795.0 MiB,5785.4 MiB,1593.5 MiB,8416.1 MiB,4096.0 MiB,4096.0 MiB,0.0 MiB,13531.0 MiB
Python 3.10.11,nbody.py 50000000,429,1690935790,349322,python,8:20.36,16380,8424,5784,100.0,0.1,280,2,277,1,0,13.4,0.0,0.0,86.6,0.0,0.0,0.0,0.0,15795.0 MiB,5785.1 MiB,1593.8 MiB,8416.1 MiB,4096.0 MiB,4096.0 MiB,0.0 MiB,13530.8 MiB
Python 3.10.11,nbody.py 50000000,430,1690935791,349322,python,8:21.52,16380,8424,5784,93.8,0.1,280,2,277,1,0,12.6,0.8,0.0,86.6,0.0,0.0,0.0,0.0,15795.0 MiB,5785.1 MiB,1593.8 MiB,8416.1 MiB,4096.0 MiB,4096.0 MiB,0.0 MiB,13530.8 MiB
Python 3.10.11,nbody.py 50000000,431,1690935792,349322,python,8:22.69,16380,8424,5784,100.0,0.1,280,2,277,1,0,14.1,0.8,0.0,84.4,0.0,0.0,0.8,0.0,15795.0 MiB,5785.9 MiB,1593.0 MiB,8416.1 MiB,4096.0 MiB,4096.0 MiB,0.0 MiB,13531.5 MiB
Python 3.10.11,nbody.py 50000000,432,1690935794,349322,python,8:23.85,16380,8424,5784,93.8,0.1,280,2,277,1,0,12.7,0.0,0.0,86.5,0.8,0.0,0.0,0.0,15795.0 MiB,5785.9 MiB,1593.0 MiB,8416.1 MiB,4096.0 MiB,4096.0 MiB,0.0 MiB,13531.6 MiB
Python 3.10.11,nbody.py 50000000,433,1690935795,349322,python,8:25.02,16380,8424,5784,100.0,0.1,280,2,277,1,0,13.4,0.0,0.0,86.6,0.0,0.0,0.0,0.0,15795.0 MiB,5785.9 MiB,1593.0 MiB,8416.1 MiB,4096.0 MiB,4096.0 MiB,0.0 MiB,13531.6 MiB
Python 3.10.11,nbody.py 50000000,434,1690935796,349322,python,8:26.18,16380,8424,5784,100.0,0.1,280,2,277,1,0,12.6,0.8,0.0,86.6,0.0,0.0,0.0,0.0,15795.0 MiB,5785.9 MiB,1593.0 MiB,8416.1 MiB,4096.0 MiB,4096.0 MiB,0.0 MiB,13531.6 MiB
Python 3.10.11,nbody.py 50000000,435,1690935797,349322,python,8:27.35,16380,8424,5784,93.8,0.1,280,2,277,1,0,13.3,0.8,0.0,85.9,0.0,0.0,0.0,0.0,15795.0 MiB,5785.6 MiB,1593.2 MiB,8416.1 MiB,4096.0 MiB,4096.0 MiB,0.0 MiB,13531.3 MiB
Python 3.10.11,nbody.py 50000000,436,1690935798,349322,python,8:28.52,16380,8424,5784,100.0,0.1,280,2,277,1,0,12.5,0.8,0.0,86.7,0.0,0.0,0.0,0.0,15795.0 MiB,5785.4 MiB,1593.5 MiB,8416.1 MiB,4096.0 MiB,4096.0 MiB,0.0 MiB,13531.1 MiB
Python 3.10.11,nbody.py 50000000,437,1690935799,349322,python,8:29.68,16380,8424,5784,100.0,0.1,280,2,277,1,0,14.1,0.8,0.0,85.2,0.0,0.0,0.0,0.0,15795.0 MiB,5785.4 MiB,1593.5 MiB,8416.1 MiB,4096.0 MiB,4096.0 MiB,0.0 MiB,13531.1 MiB
Python 3.10.11,nbody.py 50000000,438,1690935801,349322,python,8:30.85,16380,8424,5784,93.8,0.1,280,2,277,1,0,12.8,0.0,0.0,87.2,0.0,0.0,0.0,0.0,15795.0 MiB,5785.4 MiB,1593.5 MiB,8416.1 MiB,4096.0 MiB,4096.0 MiB,0.0 MiB,13531.1 MiB
Python 3.10.11,nbody.py 50000000,439,1690935802,349322,python,8:32.02,16380,8424,5784,100.0,0.1,280,2,277,1,0,13.3,0.8,0.0,85.9,0.0,0.0,0.0,0.0,15795.0 MiB,5785.1 MiB,1593.7 MiB,8416.1 MiB,4096.0 MiB,4096.0 MiB,0.0 MiB,13530.9 MiB
Python 3.10.11,nbody.py 50000000,440,1690935803,349322,python,8:33.18,16380,8424,5784,93.8,0.1,280,2,277,1,0,12.8,0.0,0.0,87.2,0.0,0.0,0.0,0.0,15795.0 MiB,5785.1 MiB,1593.7 MiB,8416.1 MiB,4096.0 MiB,4096.0 MiB,0.0 MiB,13530.9 MiB
Python 3.10.11,nbody.py 50000000,441,1690935804,349322,python,8:34.35,16380,8424,5784,100.0,0.1,280,2,277,1,0,13.3,0.8,0.0,85.9,0.0,0.0,0.0,0.0,15795.0 MiB,5785.1 MiB,1593.7 MiB,8416.2 MiB,4096.0 MiB,4096.0 MiB,0.0 MiB,13530.9 MiB
Python 3.10.11,nbody.py 50000000,442,1690935805,349322,python,8:35.52,16380,8424,5784,100.0,0.1,280,2,277,1,0,12.8,0.0,0.0,87.2,0.0,0.0,0.0,0.0,15795.0 MiB,5785.4 MiB,1593.4 MiB,8416.2 MiB,4096.0 MiB,4096.0 MiB,0.0 MiB,13531.1 MiB
Python 3.10.11,nbody.py 50000000,443,1690935806,349322,python,8:36.68,16380,8424,5784,93.8,0.1,280,2,277,1,0,11.9,0.8,0.0,87.3,0.0,0.0,0.0,0.0,15795.0 MiB,5785.4 MiB,1593.4 MiB,8416.2 MiB,4096.0 MiB,4096.0 MiB,0.0 MiB,13531.1 MiB
Python 3.10.11,nbody.py 50000000,444,1690935808,349322,python,8:37.85,16380,8424,5784,100.0,0.1,280,2,277,1,0,12.8,0.0,0.0,87.2,0.0,0.0,0.0,0.0,15795.0 MiB,5784.9 MiB,1593.9 MiB,8416.2 MiB,4096.0 MiB,4096.0 MiB,0.0 MiB,13530.7 MiB
Python 3.10.11,nbody.py 50000000,445,1690935809,349322,python,8:39.01,16380,8424,5784,93.8,0.1,280,2,277,1,0,13.4,0.8,0.0,85.8,0.0,0.0,0.0,0.0,15795.0 MiB,5785.1 MiB,1593.7 MiB,8416.2 MiB,4096.0 MiB,4096.0 MiB,0.0 MiB,13530.9 MiB
Python 3.10.11,nbody.py 50000000,446,1690935810,349322,python,8:40.18,16380,8424,5784,100.0,0.1,280,2,277,1,0,11.9,0.8,0.0,86.5,0.8,0.0,0.0,0.0,15795.0 MiB,5785.1 MiB,1593.7 MiB,8416.2 MiB,4096.0 MiB,4096.0 MiB,0.0 MiB,13530.9 MiB
Python 3.10.11,nbody.py 50000000,447,1690935811,349322,python,8:41.34,16380,8424,5784,93.8,0.1,280,2,277,1,0,13.3,0.8,0.0,85.9,0.0,0.0,0.0,0.0,15795.0 MiB,5784.9 MiB,1593.9 MiB,8416.2 MiB,4096.0 MiB,4096.0 MiB,0.0 MiB,13530.7 MiB
Python 3.10.11,nbody.py 50000000,448,1690935812,349322,python,8:42.51,16380,8424,5784,93.8,0.1,280,2,277,1,0,12.7,0.0,0.0,87.3,0.0,0.0,0.0,0.0,15795.0 MiB,5784.4 MiB,1594.4 MiB,8416.2 MiB,4096.0 MiB,4096.0 MiB,0.0 MiB,13530.2 MiB
Python 3.10.11,nbody.py 50000000,449,1690935813,349322,python,8:43.68,16380,8424,5784,100.0,0.1,280,2,277,1,0,13.4,0.0,0.0,86.6,0.0,0.0,0.0,0.0,15795.0 MiB,5784.7 MiB,1594.1 MiB,8416.2 MiB,4096.0 MiB,4096.0 MiB,0.0 MiB,13530.4 MiB
Python 3.10.11,nbody.py 50000000,450,1690935815,349322,python,8:44.84,16380,8424,5784,93.8,0.1,280,2,277,1,0,12.7,0.0,0.0,87.3,0.0,0.0,0.0,0.0,15795.0 MiB,5784.2 MiB,1594.6 MiB,8416.2 MiB,4096.0 MiB,4096.0 MiB,0.0 MiB,13530.0 MiB
Python 3.10.11,nbody.py 50000000,451,1690935816,349322,python,8:46.01,16380,8424,5784,100.0,0.1,280,2,277,1,0,13.2,1.6,0.0,85.3,0.0,0.0,0.0,0.0,15795.0 MiB,5784.4 MiB,1594.4 MiB,8416.2 MiB,4096.0 MiB,4096.0 MiB,0.0 MiB,13530.2 MiB
Python 3.10.11,nbody.py 50000000,452,1690935817,349322,python,8:47.17,16380,8424,5784,100.0,0.1,280,2,277,1,0,12.6,0.8,0.0,86.6,0.0,0.0,0.0,0.0,15795.0 MiB,5784.7 MiB,1594.1 MiB,8416.2 MiB,4096.0 MiB,4096.0 MiB,0.0 MiB,13530.5 MiB
Python 3.10.11,nbody.py 50000000,453,1690935818,349322,python,8:48.34,16380,8424,5784,100.0,0.1,280,2,277,1,0,12.6,0.8,0.0,86.6,0.0,0.0,0.0,0.0,15795.0 MiB,5784.9 MiB,1593.8 MiB,8416.2 MiB,4096.0 MiB,4096.0 MiB,0.0 MiB,13530.7 MiB
