test,release_date,path,version,appplication,no_measurement,timestamp,pid,command,time,virt,res,shr,percent_cpu,percent_mem,nTH,P,TIME,SWAP,CODE,DATA,nMaj,nMin,nDRT,USED,tasks_total,tasks_running,tasks_sleeping,tasks_stopped,tasks_zombie,cpu_us,cpu_sy,cpu_ni,cpu_id,cpu_wa,cpu_hi,cpu_si,cpu_st,mem_total,mem_free,mem_used,mem_buff_cache,swap_total,swap_free,swap_used,swap_avail,Unnamed: 44,minutes,seconds_hundredths
1,2019-04-03,nbody_50000000_original,6.17.1,nbody_6_original.js 50000000,0,1695217910,2828981,node,0.16,749957120,27508736,19734528,93.8,0.2,6.0,7.0,0:00,0,25296896,45113344,0,2589696,0.0,27508736,325,2,279,44,0,13.7,0.8,0.0,85.5,0.0,0.0,0.0,0.0,15794.9 MiB,3695.8 MiB,2203.4 MiB,9895.6 MiB,4096.0 MiB,3452.5 MiB,643.5 MiB,12887.7 MiB,,0,00.16
1,2019-04-03,nbody_50000000_original,6.17.1,nbody_6_original.js 50000000,1,1695217912,2828981,node,1.33,749957120,27508736,19734528,100.0,0.2,6.0,7.0,0:01,0,25296896,45113344,0,2589696,0.0,27508736,325,2,279,44,0,12.9,1.5,0.0,85.6,0.0,0.0,0.0,0.0,15794.9 MiB,3695.5 MiB,2203.5 MiB,9895.9 MiB,4096.0 MiB,3452.5 MiB,643.5 MiB,12887.5 MiB,,0,01.33
1,2019-04-03,nbody_50000000_original,6.17.1,nbody_6_original.js 50000000,2,1695217913,2828981,node,2.51,749957120,27508736,19734528,100.0,0.2,6.0,3.0,0:02,0,25296896,45113344,0,2589696,0.0,27508736,325,2,279,44,0,13.0,0.8,0.0,86.3,0.0,0.0,0.0,0.0,15794.9 MiB,3703.5 MiB,2203.5 MiB,9887.9 MiB,4096.0 MiB,3452.5 MiB,643.5 MiB,12895.4 MiB,,0,02.51
1,2019-04-03,nbody_50000000_original,6.17.1,nbody_6_original.js 50000000,3,1695217914,2828981,node,3.68,749957120,27508736,19734528,100.0,0.2,6.0,3.0,0:03,0,25296896,45113344,0,2589696,0.0,27508736,325,2,279,44,0,13.7,0.0,0.0,86.3,0.0,0.0,0.0,0.0,15794.9 MiB,3702.4 MiB,2204.6 MiB,9887.8 MiB,4096.0 MiB,3452.5 MiB,643.5 MiB,12894.4 MiB,,0,03.68
1,2019-04-03,nbody_50000000_original,6.17.1,nbody_6_original.js 50000000,4,1695217915,2828981,node,4.85,749957120,27508736,19734528,100.0,0.2,6.0,3.0,0:04,0,25296896,45113344,0,2589696,0.0,27508736,325,2,279,44,0,13.6,0.8,0.0,85.6,0.0,0.0,0.0,0.0,15794.9 MiB,3703.2 MiB,2203.9 MiB,9887.8 MiB,4096.0 MiB,3452.5 MiB,643.5 MiB,12895.1 MiB,,0,04.85
1,2019-04-03,nbody_50000000_original,6.17.1,nbody_6_original.js 50000000,5,1695217916,2828981,node,6.03,749957120,27508736,19734528,106.7,0.2,6.0,3.0,0:06,0,25296896,45113344,0,2589696,0.0,27508736,325,2,279,44,0,12.8,1.5,0.0,85.7,0.0,0.0,0.0,0.0,15794.9 MiB,3702.7 MiB,2204.4 MiB,9887.8 MiB,4096.0 MiB,3452.5 MiB,643.5 MiB,12894.6 MiB,,0,06.03
1,2019-04-03,nbody_50000000_original,6.17.1,nbody_6_original.js 50000000,6,1695217917,2828981,node,7.2,749957120,27508736,19734528,100.0,0.2,6.0,3.0,0:07,0,25296896,45113344,0,2589696,0.0,27508736,325,2,279,44,0,13.0,1.5,0.0,85.5,0.0,0.0,0.0,0.0,15794.9 MiB,3702.4 MiB,2204.6 MiB,9887.8 MiB,4096.0 MiB,3452.5 MiB,643.5 MiB,12894.4 MiB,,0,07.20
1,2019-04-03,nbody_50000000_original,6.17.1,nbody_6_original.js 50000000,7,1695217919,2828981,node,8.37,749957120,27508736,19734528,100.0,0.2,6.0,3.0,0:08,0,25296896,45113344,0,2589696,0.0,27508736,325,2,279,44,0,13.0,0.8,0.0,86.3,0.0,0.0,0.0,0.0,15794.9 MiB,3703.2 MiB,2203.9 MiB,9887.8 MiB,4096.0 MiB,3452.5 MiB,643.5 MiB,12895.1 MiB,,0,08.37
1,2019-04-03,nbody_50000000_original,6.17.1,nbody_6_original.js 50000000,8,1695217920,2828981,node,9.54,749957120,27508736,19734528,100.0,0.2,6.0,3.0,0:09,0,25296896,45113344,0,2589696,0.0,27508736,325,2,279,44,0,13.0,0.8,0.0,86.3,0.0,0.0,0.0,0.0,15794.9 MiB,3703.4 MiB,2203.6 MiB,9887.8 MiB,4096.0 MiB,3452.5 MiB,643.5 MiB,12895.4 MiB,,0,09.54
1,2019-04-03,nbody_50000000_original,6.17.1,nbody_6_original.js 50000000,9,1695217921,2828981,node,10.72,749957120,27508736,19734528,100.0,0.2,6.0,3.0,0:10,0,25296896,45113344,0,2589696,0.0,27508736,325,2,279,44,0,13.1,0.0,0.0,86.9,0.0,0.0,0.0,0.0,15794.9 MiB,3702.9 MiB,2204.1 MiB,9887.9 MiB,4096.0 MiB,3452.5 MiB,643.5 MiB,12894.9 MiB,,0,10.72
1,2019-04-03,nbody_50000000_original,6.17.1,nbody_6_original.js 50000000,10,1695217922,2828981,node,11.89,749957120,27508736,19734528,100.0,0.2,6.0,3.0,0:11,0,25296896,45113344,0,2589696,0.0,27508736,325,2,279,44,0,12.3,0.8,0.0,86.9,0.0,0.0,0.0,0.0,15794.9 MiB,3703.2 MiB,2203.8 MiB,9887.9 MiB,4096.0 MiB,3452.5 MiB,643.5 MiB,12895.1 MiB,,0,11.89
1,2019-04-03,nbody_50000000_original,6.17.1,nbody_6_original.js 50000000,11,1695217923,2828981,node,13.06,749957120,27508736,19734528,93.8,0.2,6.0,3.0,0:13,0,25296896,45113344,0,2589696,0.0,27508736,325,2,279,44,0,13.1,0.0,0.0,86.9,0.0,0.0,0.0,0.0,15794.9 MiB,3703.4 MiB,2203.6 MiB,9887.8 MiB,4096.0 MiB,3452.5 MiB,643.5 MiB,12895.4 MiB,,0,13.06
1,2019-04-03,nbody_50000000_original,6.17.1,nbody_6_original.js 50000000,12,1695217925,2828981,node,14.23,749957120,27508736,19734528,100.0,0.2,6.0,3.0,0:14,0,25296896,45113344,0,2589696,0.0,27508736,325,2,279,44,0,13.2,0.8,0.0,86.0,0.0,0.0,0.0,0.0,15794.9 MiB,3703.7 MiB,2203.4 MiB,9887.8 MiB,4096.0 MiB,3452.5 MiB,643.5 MiB,12895.6 MiB,,0,14.23
2,2019-04-03,nbody_50000000_original,6.17.1,nbody_6_original.js 50000000,0,1695217926,2829072,node,0.16,749957120,27463680,19693568,93.8,0.2,6.0,7.0,0:00,0,25296896,45113344,0,2589696,0.0,27463680,325,2,279,44,0,13.7,0.8,0.0,85.5,0.0,0.0,0.0,0.0,15794.9 MiB,3697.4 MiB,2201.6 MiB,9895.8 MiB,4096.0 MiB,3452.5 MiB,643.5 MiB,12889.4 MiB,,0,00.16
2,2019-04-03,nbody_50000000_original,6.17.1,nbody_6_original.js 50000000,1,1695217927,2829072,node,1.33,749957120,27463680,19693568,93.8,0.2,6.0,3.0,0:01,0,25296896,45113344,0,2589696,0.0,27463680,325,2,279,44,0,13.6,0.0,0.0,86.4,0.0,0.0,0.0,0.0,15794.9 MiB,3696.0 MiB,2203.0 MiB,9895.8 MiB,4096.0 MiB,3452.5 MiB,643.5 MiB,12888.0 MiB,,0,01.33
2,2019-04-03,nbody_50000000_original,6.17.1,nbody_6_original.js 50000000,2,1695217928,2829072,node,2.51,749957120,27463680,19693568,106.7,0.2,6.0,3.0,0:02,0,25296896,45113344,0,2589696,0.0,27463680,325,2,279,44,0,12.9,1.5,0.0,85.6,0.0,0.0,0.0,0.0,15794.9 MiB,3711.3 MiB,2195.7 MiB,9887.8 MiB,4096.0 MiB,3452.5 MiB,643.5 MiB,12903.3 MiB,,0,02.51
2,2019-04-03,nbody_50000000_original,6.17.1,nbody_6_original.js 50000000,3,1695217929,2829072,node,3.68,749957120,27463680,19693568,100.0,0.2,6.0,3.0,0:03,0,25296896,45113344,0,2589696,0.0,27463680,325,2,279,44,0,12.9,1.5,0.0,85.6,0.0,0.0,0.0,0.0,15794.9 MiB,3711.6 MiB,2195.5 MiB,9887.8 MiB,4096.0 MiB,3452.5 MiB,643.5 MiB,12903.5 MiB,,0,03.68
2,2019-04-03,nbody_50000000_original,6.17.1,nbody_6_original.js 50000000,4,1695217930,2829072,node,4.85,749957120,27463680,19693568,93.8,0.2,6.0,3.0,0:04,0,25296896,45113344,0,2589696,0.0,27463680,325,2,279,44,0,13.1,0.0,0.0,86.9,0.0,0.0,0.0,0.0,15794.9 MiB,3710.6 MiB,2196.5 MiB,9887.8 MiB,4096.0 MiB,3452.5 MiB,643.5 MiB,12902.5 MiB,,0,04.85
2,2019-04-03,nbody_50000000_original,6.17.1,nbody_6_original.js 50000000,5,1695217932,2829072,node,6.03,749957120,27463680,19693568,106.7,0.2,6.0,7.0,0:06,0,25296896,45113344,0,2589696,0.0,27463680,325,2,279,44,0,12.2,0.8,0.0,87.0,0.0,0.0,0.0,0.0,15794.9 MiB,3710.1 MiB,2196.9 MiB,9887.8 MiB,4096.0 MiB,3452.5 MiB,643.5 MiB,12902.0 MiB,,0,06.03
2,2019-04-03,nbody_50000000_original,6.17.1,nbody_6_original.js 50000000,6,1695217933,2829072,node,7.2,749957120,27463680,19693568,93.8,0.2,6.0,3.0,0:07,0,25296896,45113344,0,2589696,0.0,27463680,325,2,279,44,0,13.1,0.0,0.0,86.9,0.0,0.0,0.0,0.0,15794.9 MiB,3709.3 MiB,2197.7 MiB,9887.8 MiB,4096.0 MiB,3452.5 MiB,643.5 MiB,12901.3 MiB,,0,07.20
2,2019-04-03,nbody_50000000_original,6.17.1,nbody_6_original.js 50000000,7,1695217934,2829072,node,8.38,749957120,27463680,19693568,106.7,0.2,6.0,3.0,0:08,0,25296896,45113344,0,2589696,0.0,27463680,325,2,279,44,0,13.5,0.8,0.0,85.7,0.0,0.0,0.0,0.0,15794.9 MiB,3708.9 MiB,2198.2 MiB,9887.8 MiB,4096.0 MiB,3452.5 MiB,643.5 MiB,12900.8 MiB,,0,08.38
2,2019-04-03,nbody_50000000_original,6.17.1,nbody_6_original.js 50000000,8,1695217935,2829072,node,9.55,749957120,27463680,19693568,100.0,0.2,6.0,3.0,0:09,0,25296896,45113344,0,2589696,0.0,27463680,325,2,279,44,0,13.6,0.8,0.0,85.6,0.0,0.0,0.0,0.0,15794.9 MiB,3709.3 MiB,2197.7 MiB,9887.8 MiB,4096.0 MiB,3452.5 MiB,643.5 MiB,12901.3 MiB,,0,09.55
2,2019-04-03,nbody_50000000_original,6.17.1,nbody_6_original.js 50000000,9,1695217936,2829072,node,10.72,749957120,27463680,19693568,93.8,0.2,6.0,3.0,0:10,0,25296896,45113344,0,2589696,0.0,27463680,325,2,279,44,0,12.9,0.8,0.0,86.4,0.0,0.0,0.0,0.0,15794.9 MiB,3708.1 MiB,2198.9 MiB,9887.8 MiB,4096.0 MiB,3452.5 MiB,643.5 MiB,12900.1 MiB,,0,10.72
2,2019-04-03,nbody_50000000_original,6.17.1,nbody_6_original.js 50000000,10,1695217937,2829072,node,11.89,749957120,27463680,19693568,100.0,0.2,6.0,7.0,0:11,0,25296896,45113344,0,2589696,0.0,27463680,325,2,279,44,0,13.0,0.8,0.0,86.3,0.0,0.0,0.0,0.0,15794.9 MiB,3708.1 MiB,2198.9 MiB,9887.9 MiB,4096.0 MiB,3452.5 MiB,643.5 MiB,12900.1 MiB,,0,11.89
2,2019-04-03,nbody_50000000_original,6.17.1,nbody_6_original.js 50000000,11,1695217939,2829072,node,13.07,749957120,27463680,19693568,100.0,0.2,6.0,7.0,0:13,0,25296896,45113344,0,2589696,0.0,27463680,325,2,279,44,0,12.9,1.5,0.0,85.6,0.0,0.0,0.0,0.0,15794.9 MiB,3708.1 MiB,2198.9 MiB,9887.9 MiB,4096.0 MiB,3452.5 MiB,643.5 MiB,12900.1 MiB,,0,13.07
2,2019-04-03,nbody_50000000_original,6.17.1,nbody_6_original.js 50000000,12,1695217940,2829072,node,14.25,749957120,27463680,19693568,100.0,0.2,6.0,7.0,0:14,0,25296896,45113344,0,2589696,0.0,27463680,325,2,279,44,0,12.6,1.5,0.0,85.9,0.0,0.0,0.0,0.0,15794.9 MiB,3707.9 MiB,2199.1 MiB,9887.9 MiB,4096.0 MiB,3452.5 MiB,643.5 MiB,12899.9 MiB,,0,14.25
3,2019-04-03,nbody_50000000_original,6.17.1,nbody_6_original.js 50000000,0,1695217941,2829161,node,0.15,749957120,27467776,19693568,93.8,0.2,6.0,7.0,0:00,0,25296896,45113344,0,2590720,0.0,27467776,325,2,279,44,0,13.6,1.5,0.0,84.8,0.0,0.0,0.0,0.0,15794.9 MiB,3701.7 MiB,2197.3 MiB,9895.9 MiB,4096.0 MiB,3452.5 MiB,643.5 MiB,12893.7 MiB,,0,00.15
3,2019-04-03,nbody_50000000_original,6.17.1,nbody_6_original.js 50000000,1,1695217942,2829161,node,1.33,749957120,27467776,19693568,106.7,0.2,6.0,7.0,0:01,0,25296896,45113344,0,2590720,0.0,27467776,325,2,279,44,0,12.3,0.8,0.0,86.9,0.0,0.0,0.0,0.0,15794.9 MiB,3701.7 MiB,2197.3 MiB,9895.9 MiB,4096.0 MiB,3452.5 MiB,643.5 MiB,12893.7 MiB,,0,01.33
3,2019-04-03,nbody_50000000_original,6.17.1,nbody_6_original.js 50000000,2,1695217943,2829161,node,2.5,749957120,27467776,19693568,93.8,0.2,6.0,7.0,0:02,0,25296896,45113344,0,2590720,0.0,27467776,325,2,279,44,0,13.0,0.8,0.0,86.3,0.0,0.0,0.0,0.0,15794.9 MiB,3701.5 MiB,2197.5 MiB,9895.9 MiB,4096.0 MiB,3452.5 MiB,643.5 MiB,12893.5 MiB,,0,02.50
3,2019-04-03,nbody_50000000_original,6.17.1,nbody_6_original.js 50000000,3,1695217944,2829161,node,3.67,749957120,27467776,19693568,93.8,0.2,6.0,7.0,0:03,0,25296896,45113344,0,2590720,0.0,27467776,325,2,279,44,0,13.0,0.0,0.0,87.0,0.0,0.0,0.0,0.0,15794.9 MiB,3703.0 MiB,2204.0 MiB,9887.9 MiB,4096.0 MiB,3452.5 MiB,643.5 MiB,12895.0 MiB,,0,03.67
3,2019-04-03,nbody_50000000_original,6.17.1,nbody_6_original.js 50000000,4,1695217946,2829161,node,4.85,749957120,27467776,19693568,106.7,0.2,6.0,7.0,0:04,0,25296896,45113344,0,2590720,0.0,27467776,326,2,280,44,0,13.4,1.5,0.0,85.1,0.0,0.0,0.0,0.0,15794.9 MiB,3701.8 MiB,2205.3 MiB,9887.9 MiB,4096.0 MiB,3452.5 MiB,643.5 MiB,12893.7 MiB,,0,04.85
3,2019-04-03,nbody_50000000_original,6.17.1,nbody_6_original.js 50000000,5,1695217947,2829161,node,6.02,749957120,27467776,19693568,100.0,0.2,6.0,7.0,0:06,0,25296896,45113344,0,2590720,0.0,27467776,326,2,280,44,0,13.0,0.8,0.0,86.3,0.0,0.0,0.0,0.0,15794.9 MiB,3701.5 MiB,2205.5 MiB,9887.9 MiB,4096.0 MiB,3452.5 MiB,643.5 MiB,12893.5 MiB,,0,06.02
3,2019-04-03,nbody_50000000_original,6.17.1,nbody_6_original.js 50000000,6,1695217948,2829161,node,7.19,749957120,27467776,19693568,93.8,0.2,6.0,3.0,0:07,0,25296896,45113344,0,2590720,0.0,27467776,326,2,280,44,0,12.9,0.8,0.0,86.4,0.0,0.0,0.0,0.0,15794.9 MiB,3702.7 MiB,2204.3 MiB,9887.9 MiB,4096.0 MiB,3452.5 MiB,643.5 MiB,12894.7 MiB,,0,07.19
3,2019-04-03,nbody_50000000_original,6.17.1,nbody_6_original.js 50000000,7,1695217949,2829161,node,8.36,749957120,27467776,19693568,100.0,0.2,6.0,3.0,0:08,0,25296896,45113344,0,2590720,0.0,27467776,325,2,279,44,0,13.0,0.0,0.0,87.0,0.0,0.0,0.0,0.0,15794.9 MiB,3703.2 MiB,2203.8 MiB,9887.9 MiB,4096.0 MiB,3452.5 MiB,643.5 MiB,12895.2 MiB,,0,08.36
3,2019-04-03,nbody_50000000_original,6.17.1,nbody_6_original.js 50000000,8,1695217950,2829161,node,9.54,749957120,27467776,19693568,100.0,0.2,6.0,3.0,0:09,0,25296896,45113344,0,2590720,0.0,27467776,325,2,279,44,0,12.9,1.5,0.0,85.6,0.0,0.0,0.0,0.0,15794.9 MiB,3704.2 MiB,2202.8 MiB,9887.9 MiB,4096.0 MiB,3452.5 MiB,643.5 MiB,12896.2 MiB,,0,09.54
3,2019-04-03,nbody_50000000_original,6.17.1,nbody_6_original.js 50000000,9,1695217952,2829161,node,10.71,749957120,27467776,19693568,93.8,0.2,6.0,3.0,0:10,0,25296896,45113344,0,2590720,0.0,27467776,325,2,279,44,0,12.2,0.8,0.0,87.0,0.0,0.0,0.0,0.0,15794.9 MiB,3704.0 MiB,2203.0 MiB,9887.9 MiB,4096.0 MiB,3452.5 MiB,643.5 MiB,12896.0 MiB,,0,10.71
3,2019-04-03,nbody_50000000_original,6.17.1,nbody_6_original.js 50000000,10,1695217953,2829161,node,11.89,749957120,27467776,19693568,100.0,0.2,6.0,3.0,0:11,0,25296896,45113344,0,2590720,0.0,27467776,325,2,279,44,0,12.9,1.5,0.0,84.8,0.8,0.0,0.0,0.0,15794.9 MiB,3703.0 MiB,2204.0 MiB,9887.9 MiB,4096.0 MiB,3452.5 MiB,643.5 MiB,12895.0 MiB,,0,11.89
3,2019-04-03,nbody_50000000_original,6.17.1,nbody_6_original.js 50000000,11,1695217954,2829161,node,13.06,749957120,27467776,19693568,100.0,0.2,6.0,3.0,0:13,0,25296896,45113344,0,2590720,0.0,27467776,325,2,279,44,0,12.9,2.3,0.0,84.8,0.0,0.0,0.0,0.0,15794.9 MiB,3702.8 MiB,2204.2 MiB,9887.9 MiB,4096.0 MiB,3452.5 MiB,643.5 MiB,12894.8 MiB,,0,13.06
3,2019-04-03,nbody_50000000_original,6.17.1,nbody_6_original.js 50000000,12,1695217955,2829161,node,14.23,749957120,27467776,19693568,93.8,0.2,6.0,3.0,0:14,0,25296896,45113344,0,2590720,0.0,27467776,325,2,279,44,0,12.9,0.8,0.0,86.4,0.0,0.0,0.0,0.0,15794.9 MiB,3703.7 MiB,2203.3 MiB,9887.9 MiB,4096.0 MiB,3452.5 MiB,643.5 MiB,12895.7 MiB,,0,14.23
4,2019-04-03,nbody_50000000_original,6.17.1,nbody_6_original.js 50000000,0,1695217956,2829248,node,0.16,749957120,27467776,19693568,106.7,0.2,6.0,6.0,0:00,0,25296896,45113344,0,2594816,0.0,27467776,325,2,279,44,0,13.6,1.5,0.0,84.8,0.0,0.0,0.0,0.0,15794.9 MiB,3696.8 MiB,2202.1 MiB,9895.9 MiB,4096.0 MiB,3452.5 MiB,643.5 MiB,12888.8 MiB,,0,00.16
4,2019-04-03,nbody_50000000_original,6.17.1,nbody_6_original.js 50000000,1,1695217957,2829248,node,1.34,749957120,27467776,19693568,100.0,0.2,6.0,6.0,0:01,0,25296896,45113344,0,2594816,0.0,27467776,326,2,280,44,0,12.2,1.5,0.0,86.3,0.0,0.0,0.0,0.0,15794.9 MiB,3695.9 MiB,2203.1 MiB,9895.9 MiB,4096.0 MiB,3452.5 MiB,643.5 MiB,12887.9 MiB,,0,01.34
4,2019-04-03,nbody_50000000_original,6.17.1,nbody_6_original.js 50000000,2,1695217959,2829248,node,2.51,749957120,27467776,19693568,100.0,0.2,6.0,2.0,0:02,0,25296896,45113344,0,2594816,0.0,27467776,326,2,280,44,0,13.5,0.8,0.0,85.7,0.0,0.0,0.0,0.0,15794.9 MiB,3702.0 MiB,2205.0 MiB,9887.9 MiB,4096.0 MiB,3452.5 MiB,643.5 MiB,12894.0 MiB,,0,02.51
4,2019-04-03,nbody_50000000_original,6.17.1,nbody_6_original.js 50000000,3,1695217960,2829248,node,3.68,749957120,27467776,19693568,100.0,0.2,6.0,2.0,0:03,0,25296896,45113344,0,2594816,0.0,27467776,325,2,279,44,0,13.6,0.8,0.0,85.6,0.0,0.0,0.0,0.0,15794.9 MiB,3702.5 MiB,2204.5 MiB,9887.9 MiB,4096.0 MiB,3452.5 MiB,643.5 MiB,12894.5 MiB,,0,03.68
4,2019-04-03,nbody_50000000_original,6.17.1,nbody_6_original.js 50000000,4,1695217961,2829248,node,4.86,749957120,27467776,19693568,100.0,0.2,6.0,2.0,0:04,0,25296896,45113344,0,2594816,0.0,27467776,325,2,279,44,0,12.9,0.8,0.0,86.4,0.0,0.0,0.0,0.0,15794.9 MiB,3703.3 MiB,2203.7 MiB,9887.9 MiB,4096.0 MiB,3452.5 MiB,643.5 MiB,12895.3 MiB,,0,04.86
4,2019-04-03,nbody_50000000_original,6.17.1,nbody_6_original.js 50000000,5,1695217962,2829248,node,6.03,749957120,27467776,19693568,93.8,0.2,6.0,2.0,0:06,0,25296896,45113344,0,2594816,0.0,27467776,325,2,279,44,0,13.6,0.8,0.0,85.6,0.0,0.0,0.0,0.0,15794.9 MiB,3702.8 MiB,2204.2 MiB,9887.9 MiB,4096.0 MiB,3452.5 MiB,643.5 MiB,12894.8 MiB,,0,06.03
4,2019-04-03,nbody_50000000_original,6.17.1,nbody_6_original.js 50000000,6,1695217963,2829248,node,7.2,749957120,27467776,19693568,93.8,0.2,6.0,2.0,0:07,0,25296896,45113344,0,2594816,0.0,27467776,325,2,279,44,0,12.8,1.5,0.0,85.7,0.0,0.0,0.0,0.0,15794.9 MiB,3702.3 MiB,2204.7 MiB,9887.9 MiB,4096.0 MiB,3452.5 MiB,643.5 MiB,12894.3 MiB,,0,07.20
4,2019-04-03,nbody_50000000_original,6.17.1,nbody_6_original.js 50000000,7,1695217964,2829248,node,8.38,749957120,27467776,19693568,100.0,0.2,6.0,2.0,0:08,0,25296896,45113344,0,2594816,0.0,27467776,325,2,279,44,0,12.8,2.3,0.0,85.0,0.0,0.0,0.0,0.0,15794.9 MiB,3702.5 MiB,2204.4 MiB,9887.9 MiB,4096.0 MiB,3452.5 MiB,643.5 MiB,12894.6 MiB,,0,08.38
4,2019-04-03,nbody_50000000_original,6.17.1,nbody_6_original.js 50000000,8,1695217966,2829248,node,9.55,749957120,27467776,19693568,100.0,0.2,6.0,2.0,0:09,0,25296896,45113344,0,2594816,0.0,27467776,325,2,279,44,0,12.9,0.8,0.0,86.4,0.0,0.0,0.0,0.0,15794.9 MiB,3702.5 MiB,2204.4 MiB,9887.9 MiB,4096.0 MiB,3452.5 MiB,643.5 MiB,12894.6 MiB,,0,09.55
4,2019-04-03,nbody_50000000_original,6.17.1,nbody_6_original.js 50000000,9,1695217967,2829248,node,10.73,749957120,27467776,19693568,100.0,0.2,6.0,2.0,0:10,0,25296896,45113344,0,2594816,0.0,27467776,325,2,279,44,0,13.5,0.8,0.0,85.7,0.0,0.0,0.0,0.0,15794.9 MiB,3702.3 MiB,2204.7 MiB,9887.9 MiB,4096.0 MiB,3452.5 MiB,643.5 MiB,12894.3 MiB,,0,10.73
4,2019-04-03,nbody_50000000_original,6.17.1,nbody_6_original.js 50000000,10,1695217968,2829248,node,11.9,749957120,27467776,19693568,100.0,0.2,6.0,2.0,0:11,0,25296896,45113344,0,2594816,0.0,27467776,325,2,279,44,0,13.0,0.0,0.0,87.0,0.0,0.0,0.0,0.0,15794.9 MiB,3702.0 MiB,2204.9 MiB,9887.9 MiB,4096.0 MiB,3452.5 MiB,643.5 MiB,12894.1 MiB,,0,11.90
4,2019-04-03,nbody_50000000_original,6.17.1,nbody_6_original.js 50000000,11,1695217969,2829248,node,13.08,749957120,27467776,19693568,100.0,0.2,6.0,2.0,0:13,0,25296896,45113344,0,2594816,0.0,27467776,325,2,279,44,0,14.3,0.8,0.0,85.0,0.0,0.0,0.0,0.0,15794.9 MiB,3701.8 MiB,2205.2 MiB,9887.9 MiB,4096.0 MiB,3452.5 MiB,643.5 MiB,12893.8 MiB,,0,13.08
4,2019-04-03,nbody_50000000_original,6.17.1,nbody_6_original.js 50000000,12,1695217970,2829248,node,14.25,749957120,27467776,19693568,100.0,0.2,6.0,2.0,0:14,0,25296896,45113344,0,2594816,0.0,27467776,325,2,279,44,0,12.2,0.8,0.0,87.0,0.0,0.0,0.0,0.0,15794.9 MiB,3701.3 MiB,2205.7 MiB,9887.9 MiB,4096.0 MiB,3452.5 MiB,643.5 MiB,12893.3 MiB,,0,14.25
4,2019-04-03,nbody_50000000_original,6.17.1,nbody_6_original.js 50000000,13,1695217971,2829248,node,15.42,749957120,27467776,19693568,106.7,0.2,6.0,2.0,0:15,0,25296896,45113344,0,2594816,0.0,27467776,325,2,279,44,0,13.4,1.5,0.0,85.1,0.0,0.0,0.0,0.0,15794.9 MiB,3701.1 MiB,2205.9 MiB,9887.9 MiB,4096.0 MiB,3452.5 MiB,643.5 MiB,12893.1 MiB,,0,15.42
5,2019-04-03,nbody_50000000_original,6.17.1,nbody_6_original.js 50000000,0,1695217973,2829347,node,0.16,749957120,27463680,19697664,100.0,0.2,6.0,3.0,0:00,0,25296896,45113344,0,2591744,0.0,27463680,325,2,279,44,0,13.6,1.5,0.0,84.8,0.0,0.0,0.0,0.0,15794.9 MiB,3693.2 MiB,2206.0 MiB,9895.7 MiB,4096.0 MiB,3452.5 MiB,643.5 MiB,12885.2 MiB,,0,00.16
5,2019-04-03,nbody_50000000_original,6.17.1,nbody_6_original.js 50000000,1,1695217974,2829347,node,1.33,749957120,27463680,19697664,100.0,0.2,6.0,3.0,0:01,0,25296896,45113344,0,2591744,0.0,27463680,326,2,280,44,0,14.8,1.5,0.0,83.7,0.0,0.0,0.0,0.0,15794.9 MiB,3692.9 MiB,2206.0 MiB,9895.9 MiB,4096.0 MiB,3452.5 MiB,643.5 MiB,12885.0 MiB,,0,01.33
5,2019-04-03,nbody_50000000_original,6.17.1,nbody_6_original.js 50000000,2,1695217975,2829347,node,2.51,749957120,27463680,19697664,106.7,0.2,6.0,3.0,0:02,0,25296896,45113344,0,2591744,0.0,27463680,326,2,280,44,0,13.6,0.8,0.0,85.6,0.0,0.0,0.0,0.0,15794.9 MiB,3707.9 MiB,2199.0 MiB,9887.9 MiB,4096.0 MiB,3452.5 MiB,643.5 MiB,12900.0 MiB,,0,02.51
5,2019-04-03,nbody_50000000_original,6.17.1,nbody_6_original.js 50000000,3,1695217976,2829347,node,3.68,749957120,27463680,19697664,100.0,0.2,6.0,3.0,0:03,0,25296896,45113344,0,2591744,0.0,27463680,326,2,280,44,0,13.5,1.5,0.0,85.0,0.0,0.0,0.0,0.0,15794.9 MiB,3707.9 MiB,2199.0 MiB,9887.9 MiB,4096.0 MiB,3452.5 MiB,643.5 MiB,12900.0 MiB,,0,03.68
5,2019-04-03,nbody_50000000_original,6.17.1,nbody_6_original.js 50000000,4,1695217977,2829347,node,4.85,749957120,27463680,19697664,100.0,0.2,6.0,3.0,0:04,0,25296896,45113344,0,2591744,0.0,27463680,325,2,279,44,0,13.0,0.8,0.0,86.3,0.0,0.0,0.0,0.0,15794.9 MiB,3707.7 MiB,2199.2 MiB,9887.9 MiB,4096.0 MiB,3452.5 MiB,643.5 MiB,12899.8 MiB,,0,04.85
5,2019-04-03,nbody_50000000_original,6.17.1,nbody_6_original.js 50000000,5,1695217978,2829347,node,6.03,749957120,27463680,19697664,106.7,0.2,6.0,3.0,0:06,0,25296896,45113344,0,2591744,0.0,27463680,325,2,279,44,0,12.3,0.8,0.0,86.9,0.0,0.0,0.0,0.0,15794.9 MiB,3707.5 MiB,2199.5 MiB,9887.9 MiB,4096.0 MiB,3452.5 MiB,643.5 MiB,12899.5 MiB,,0,06.03
5,2019-04-03,nbody_50000000_original,6.17.1,nbody_6_original.js 50000000,6,1695217980,2829347,node,7.2,749957120,27463680,19697664,100.0,0.2,6.0,3.0,0:07,0,25296896,45113344,0,2591744,0.0,27463680,325,2,279,44,0,13.0,0.8,0.0,86.3,0.0,0.0,0.0,0.0,15794.9 MiB,3707.0 MiB,2200.0 MiB,9887.9 MiB,4096.0 MiB,3452.5 MiB,643.5 MiB,12899.0 MiB,,0,07.20
5,2019-04-03,nbody_50000000_original,6.17.1,nbody_6_original.js 50000000,7,1695217981,2829347,node,8.37,749957120,27463680,19697664,100.0,0.2,6.0,7.0,0:08,0,25296896,45113344,0,2591744,0.0,27463680,326,2,280,44,0,12.3,0.8,0.0,86.9,0.0,0.0,0.0,0.0,15794.9 MiB,3706.7 MiB,2200.2 MiB,9887.9 MiB,4096.0 MiB,3452.5 MiB,643.5 MiB,12898.8 MiB,,0,08.37
5,2019-04-03,nbody_50000000_original,6.17.1,nbody_6_original.js 50000000,8,1695217982,2829347,node,9.54,749957120,27463680,19697664,106.7,0.2,6.0,7.0,0:09,0,25296896,45113344,0,2591744,0.0,27463680,326,2,280,44,0,13.7,0.0,0.0,86.3,0.0,0.0,0.0,0.0,15794.9 MiB,3706.7 MiB,2200.2 MiB,9887.9 MiB,4096.0 MiB,3452.5 MiB,643.5 MiB,12898.8 MiB,,0,09.54
5,2019-04-03,nbody_50000000_original,6.17.1,nbody_6_original.js 50000000,9,1695217983,2829347,node,10.72,749957120,27463680,19697664,100.0,0.2,6.0,7.0,0:10,0,25296896,45113344,0,2591744,0.0,27463680,326,2,280,44,0,12.9,1.5,0.0,85.6,0.0,0.0,0.0,0.0,15794.9 MiB,3706.5 MiB,2200.5 MiB,9887.9 MiB,4096.0 MiB,3452.5 MiB,643.5 MiB,12898.5 MiB,,0,10.72
5,2019-04-03,nbody_50000000_original,6.17.1,nbody_6_original.js 50000000,10,1695217984,2829347,node,11.89,749957120,27463680,19697664,100.0,0.2,6.0,3.0,0:11,0,25296896,45113344,0,2591744,0.0,27463680,325,2,279,44,0,13.0,0.8,0.0,86.3,0.0,0.0,0.0,0.0,15794.9 MiB,3707.0 MiB,2200.0 MiB,9887.9 MiB,4096.0 MiB,3452.5 MiB,643.5 MiB,12899.0 MiB,,0,11.89
5,2019-04-03,nbody_50000000_original,6.17.1,nbody_6_original.js 50000000,11,1695217986,2829347,node,13.06,749957120,27463680,19697664,106.7,0.2,6.0,7.0,0:13,0,25296896,45113344,0,2591744,0.0,27463680,325,2,279,44,0,12.8,1.5,0.0,85.7,0.0,0.0,0.0,0.0,15794.9 MiB,3706.5 MiB,2200.5 MiB,9887.9 MiB,4096.0 MiB,3452.5 MiB,643.5 MiB,12898.5 MiB,,0,13.06
5,2019-04-03,nbody_50000000_original,6.17.1,nbody_6_original.js 50000000,12,1695217987,2829347,node,14.24,749957120,27463680,19697664,100.0,0.2,6.0,7.0,0:14,0,25296896,45113344,0,2591744,0.0,27463680,325,2,279,44,0,13.5,0.8,0.0,85.7,0.0,0.0,0.0,0.0,15794.9 MiB,3706.0 MiB,2200.9 MiB,9887.9 MiB,4096.0 MiB,3452.5 MiB,643.5 MiB,12898.1 MiB,,0,14.24
6,2019-04-03,nbody_50000000_original,6.17.1,nbody_6_original.js 50000000,0,1695217988,2829434,node,0.16,749957120,27447296,19673088,100.0,0.2,6.0,7.0,0:00,0,25296896,45113344,0,2592768,0.0,27447296,325,2,279,44,0,14.3,1.5,0.0,84.2,0.0,0.0,0.0,0.0,15794.9 MiB,3698.4 MiB,2200.5 MiB,9896.0 MiB,4096.0 MiB,3452.5 MiB,643.5 MiB,12890.4 MiB,,0,00.16
6,2019-04-03,nbody_50000000_original,6.17.1,nbody_6_original.js 50000000,1,1695217989,2829434,node,1.33,749957120,27447296,19673088,100.0,0.2,6.0,7.0,0:01,0,25296896,45113344,0,2592768,0.0,27447296,325,2,279,44,0,12.3,0.8,0.0,86.9,0.0,0.0,0.0,0.0,15794.9 MiB,3698.4 MiB,2200.5 MiB,9896.0 MiB,4096.0 MiB,3452.5 MiB,643.5 MiB,12890.4 MiB,,0,01.33
6,2019-04-03,nbody_50000000_original,6.17.1,nbody_6_original.js 50000000,2,1695217990,2829434,node,2.5,749957120,27447296,19673088,93.8,0.2,6.0,7.0,0:02,0,25296896,45113344,0,2592768,0.0,27447296,325,2,279,44,0,13.0,0.8,0.0,86.3,0.0,0.0,0.0,0.0,15794.9 MiB,3701.3 MiB,2205.6 MiB,9887.9 MiB,4096.0 MiB,3452.5 MiB,643.5 MiB,12893.4 MiB,,0,02.50
6,2019-04-03,nbody_50000000_original,6.17.1,nbody_6_original.js 50000000,3,1695217991,2829434,node,3.68,749957120,27447296,19673088,100.0,0.2,6.0,7.0,0:03,0,25296896,45113344,0,2592768,0.0,27447296,325,2,279,44,0,13.8,0.0,0.0,86.2,0.0,0.0,0.0,0.0,15794.9 MiB,3701.6 MiB,2205.3 MiB,9887.9 MiB,4096.0 MiB,3452.5 MiB,643.5 MiB,12893.7 MiB,,0,03.68
6,2019-04-03,nbody_50000000_original,6.17.1,nbody_6_original.js 50000000,4,1695217993,2829434,node,4.85,749957120,27447296,19673088,100.0,0.2,6.0,7.0,0:04,0,25296896,45113344,0,2592768,0.0,27447296,325,2,279,44,0,12.9,1.5,0.0,85.6,0.0,0.0,0.0,0.0,15794.9 MiB,3700.1 MiB,2206.8 MiB,9888.0 MiB,4096.0 MiB,3452.5 MiB,643.5 MiB,12892.2 MiB,,0,04.85
6,2019-04-03,nbody_50000000_original,6.17.1,nbody_6_original.js 50000000,5,1695217994,2829434,node,6.02,749957120,27447296,19673088,93.8,0.2,6.0,7.0,0:06,0,25296896,45113344,0,2592768,0.0,27447296,325,2,279,44,0,13.7,0.0,0.0,86.3,0.0,0.0,0.0,0.0,15794.9 MiB,3699.9 MiB,2207.0 MiB,9888.0 MiB,4096.0 MiB,3452.5 MiB,643.5 MiB,12892.0 MiB,,0,06.02
6,2019-04-03,nbody_50000000_original,6.17.1,nbody_6_original.js 50000000,6,1695217995,2829434,node,7.2,749957120,27447296,19673088,100.0,0.2,6.0,7.0,0:07,0,25296896,45113344,0,2592768,0.0,27447296,326,2,280,44,0,12.2,1.5,0.0,86.3,0.0,0.0,0.0,0.0,15794.9 MiB,3700.4 MiB,2206.5 MiB,9888.0 MiB,4096.0 MiB,3452.5 MiB,643.5 MiB,12892.5 MiB,,0,07.20
6,2019-04-03,nbody_50000000_original,6.17.1,nbody_6_original.js 50000000,7,1695217996,2829434,node,8.37,749957120,27447296,19673088,106.7,0.2,6.0,7.0,0:08,0,25296896,45113344,0,2592768,0.0,27447296,326,2,280,44,0,13.4,3.0,0.0,81.3,2.2,0.0,0.0,0.0,15794.9 MiB,3704.3 MiB,2201.1 MiB,9889.5 MiB,4096.0 MiB,3452.5 MiB,643.5 MiB,12897.9 MiB,,0,08.37
6,2019-04-03,nbody_50000000_original,6.17.1,nbody_6_original.js 50000000,8,1695217997,2829434,node,9.54,749957120,27447296,19673088,93.8,0.2,6.0,3.0,0:09,0,25296896,45113344,0,2592768,0.0,27447296,326,2,280,44,0,12.2,1.5,0.0,86.3,0.0,0.0,0.0,0.0,15794.9 MiB,3701.1 MiB,2204.1 MiB,9889.6 MiB,4096.0 MiB,3452.5 MiB,643.5 MiB,12894.9 MiB,,0,09.54
6,2019-04-03,nbody_50000000_original,6.17.1,nbody_6_original.js 50000000,9,1695217998,2829434,node,10.72,749957120,27447296,19673088,100.0,0.2,6.0,3.0,0:10,0,25296896,45113344,0,2592768,0.0,27447296,325,2,279,44,0,13.5,1.5,0.0,85.0,0.0,0.0,0.0,0.0,15794.9 MiB,3702.1 MiB,2203.1 MiB,9889.6 MiB,4096.0 MiB,3452.5 MiB,643.5 MiB,12895.9 MiB,,0,10.72
6,2019-04-03,nbody_50000000_original,6.17.1,nbody_6_original.js 50000000,10,1695218000,2829434,node,11.89,749957120,27447296,19673088,100.0,0.2,6.0,3.0,0:11,0,25296896,45113344,0,2592768,0.0,27447296,325,2,279,44,0,12.9,0.8,0.0,86.4,0.0,0.0,0.0,0.0,15794.9 MiB,3702.1 MiB,2203.1 MiB,9889.7 MiB,4096.0 MiB,3452.5 MiB,643.5 MiB,12895.9 MiB,,0,11.89
6,2019-04-03,nbody_50000000_original,6.17.1,nbody_6_original.js 50000000,11,1695218001,2829434,node,13.06,749957120,27447296,19673088,93.8,0.2,6.0,3.0,0:13,0,25296896,45113344,0,2592768,0.0,27447296,325,2,279,44,0,12.9,1.5,0.0,85.6,0.0,0.0,0.0,0.0,15794.9 MiB,3701.8 MiB,2203.4 MiB,9889.7 MiB,4096.0 MiB,3452.5 MiB,643.5 MiB,12895.6 MiB,,0,13.06
6,2019-04-03,nbody_50000000_original,6.17.1,nbody_6_original.js 50000000,12,1695218002,2829434,node,14.24,749957120,27447296,19673088,100.0,0.2,6.0,3.0,0:14,0,25296896,45113344,0,2592768,0.0,27447296,325,2,279,44,0,12.9,0.8,0.0,85.6,0.8,0.0,0.0,0.0,15794.9 MiB,3703.1 MiB,2202.1 MiB,9889.7 MiB,4096.0 MiB,3452.5 MiB,643.5 MiB,12896.9 MiB,,0,14.24
7,2019-04-03,nbody_50000000_original,6.17.1,nbody_6_original.js 50000000,0,1695218004,2829529,node,0.16,749957120,27467776,19693568,100.0,0.2,6.0,1.0,0:00,0,25296896,45113344,0,2590720,0.0,27467776,325,2,279,44,0,13.6,1.5,0.0,84.8,0.0,0.0,0.0,0.0,15794.9 MiB,3692.7 MiB,2204.5 MiB,9897.7 MiB,4096.0 MiB,3452.5 MiB,643.5 MiB,12886.5 MiB,,0,00.16
7,2019-04-03,nbody_50000000_original,6.17.1,nbody_6_original.js 50000000,1,1695218005,2829529,node,1.33,749957120,27467776,19693568,93.8,0.2,6.0,1.0,0:01,0,25296896,45113344,0,2590720,0.0,27467776,325,2,279,44,0,12.9,0.8,0.0,86.4,0.0,0.0,0.0,0.0,15794.9 MiB,3692.2 MiB,2205.0 MiB,9897.7 MiB,4096.0 MiB,3452.5 MiB,643.5 MiB,12886.0 MiB,,0,01.33
7,2019-04-03,nbody_50000000_original,6.17.1,nbody_6_original.js 50000000,2,1695218007,2829529,node,2.51,749957120,27467776,19693568,100.0,0.2,6.0,1.0,0:02,0,25296896,45113344,0,2590720,0.0,27467776,325,2,279,44,0,12.9,1.5,0.0,85.6,0.0,0.0,0.0,0.0,15794.9 MiB,3698.7 MiB,2206.6 MiB,9889.7 MiB,4096.0 MiB,3452.5 MiB,643.5 MiB,12892.4 MiB,,0,02.51
7,2019-04-03,nbody_50000000_original,6.17.1,nbody_6_original.js 50000000,3,1695218008,2829529,node,3.68,749957120,27467776,19693568,100.0,0.2,6.0,5.0,0:03,0,25296896,45113344,0,2590720,0.0,27467776,325,2,279,44,0,14.1,1.5,0.0,83.7,0.7,0.0,0.0,0.0,15794.9 MiB,3697.9 MiB,2207.3 MiB,9889.7 MiB,4096.0 MiB,3452.5 MiB,643.5 MiB,12891.7 MiB,,0,03.68
7,2019-04-03,nbody_50000000_original,6.17.1,nbody_6_original.js 50000000,4,1695218009,2829529,node,4.85,749957120,27467776,19693568,100.0,0.2,6.0,5.0,0:04,0,25296896,45113344,0,2590720,0.0,27467776,325,2,279,44,0,13.1,0.0,0.0,86.9,0.0,0.0,0.0,0.0,15794.9 MiB,3698.7 MiB,2206.5 MiB,9889.7 MiB,4096.0 MiB,3452.5 MiB,643.5 MiB,12892.5 MiB,,0,04.85
7,2019-04-03,nbody_50000000_original,6.17.1,nbody_6_original.js 50000000,5,1695218010,2829529,node,6.03,749957120,27467776,19693568,100.0,0.2,6.0,5.0,0:06,0,25296896,45113344,0,2590720,0.0,27467776,325,2,279,44,0,13.0,0.8,0.0,86.3,0.0,0.0,0.0,0.0,15794.9 MiB,3698.7 MiB,2206.5 MiB,9889.7 MiB,4096.0 MiB,3452.5 MiB,643.5 MiB,12892.5 MiB,,0,06.03
7,2019-04-03,nbody_50000000_original,6.17.1,nbody_6_original.js 50000000,6,1695218011,2829529,node,7.2,749957120,27467776,19693568,100.0,0.2,6.0,5.0,0:07,0,25296896,45113344,0,2590720,0.0,27467776,325,2,279,44,0,13.0,0.8,0.0,86.3,0.0,0.0,0.0,0.0,15794.9 MiB,3697.4 MiB,2207.8 MiB,9889.7 MiB,4096.0 MiB,3452.5 MiB,643.5 MiB,12891.2 MiB,,0,07.20
7,2019-04-03,nbody_50000000_original,6.17.1,nbody_6_original.js 50000000,7,1695218013,2829529,node,8.37,749957120,27467776,19693568,93.8,0.2,6.0,5.0,0:08,0,25296896,45113344,0,2590720,0.0,27467776,325,2,279,44,0,13.0,0.8,0.0,86.3,0.0,0.0,0.0,0.0,15794.9 MiB,3697.7 MiB,2207.5 MiB,9889.7 MiB,4096.0 MiB,3452.5 MiB,643.5 MiB,12891.5 MiB,,0,08.37
7,2019-04-03,nbody_50000000_original,6.17.1,nbody_6_original.js 50000000,8,1695218014,2829529,node,9.55,749957120,27467776,19693568,100.0,0.2,6.0,5.0,0:09,0,25296896,45113344,0,2590720,0.0,27467776,325,2,279,44,0,13.6,0.8,0.0,85.6,0.0,0.0,0.0,0.0,15794.9 MiB,3697.7 MiB,2207.5 MiB,9889.7 MiB,4096.0 MiB,3452.5 MiB,643.5 MiB,12891.5 MiB,,0,09.55
7,2019-04-03,nbody_50000000_original,6.17.1,nbody_6_original.js 50000000,9,1695218015,2829529,node,10.72,749957120,27467776,19693568,100.0,0.2,6.0,5.0,0:10,0,25296896,45113344,0,2590720,0.0,27467776,325,2,279,44,0,13.0,0.8,0.0,86.3,0.0,0.0,0.0,0.0,15794.9 MiB,3696.9 MiB,2208.3 MiB,9889.7 MiB,4096.0 MiB,3452.5 MiB,643.5 MiB,12890.7 MiB,,0,10.72
7,2019-04-03,nbody_50000000_original,6.17.1,nbody_6_original.js 50000000,10,1695218016,2829529,node,11.89,749957120,27467776,19693568,100.0,0.2,6.0,5.0,0:11,0,25296896,45113344,0,2590720,0.0,27467776,325,2,279,44,0,13.5,1.5,0.0,85.0,0.0,0.0,0.0,0.0,15794.9 MiB,3696.7 MiB,2208.5 MiB,9889.7 MiB,4096.0 MiB,3452.5 MiB,643.5 MiB,12890.5 MiB,,0,11.89
7,2019-04-03,nbody_50000000_original,6.17.1,nbody_6_original.js 50000000,11,1695218017,2829529,node,13.07,749957120,27467776,19693568,100.0,0.2,6.0,5.0,0:13,0,25296896,45113344,0,2590720,0.0,27467776,325,2,279,44,0,12.9,1.5,0.0,85.6,0.0,0.0,0.0,0.0,15794.9 MiB,3695.7 MiB,2209.5 MiB,9889.7 MiB,4096.0 MiB,3452.5 MiB,643.5 MiB,12889.5 MiB,,0,13.07
7,2019-04-03,nbody_50000000_original,6.17.1,nbody_6_original.js 50000000,12,1695218018,2829529,node,14.24,749957120,27467776,19693568,100.0,0.2,6.0,5.0,0:14,0,25296896,45113344,0,2590720,0.0,27467776,325,2,279,44,0,13.7,0.0,0.0,86.3,0.0,0.0,0.0,0.0,15794.9 MiB,3695.5 MiB,2209.7 MiB,9889.7 MiB,4096.0 MiB,3452.5 MiB,643.5 MiB,12889.3 MiB,,0,14.24
8,2019-04-03,nbody_50000000_original,6.17.1,nbody_6_original.js 50000000,0,1695218020,2829617,node,0.16,749957120,27435008,19660800,100.0,0.2,6.0,5.0,0:00,0,25296896,45113344,0,2589696,0.0,27435008,325,2,279,44,0,14.4,0.8,0.0,84.8,0.0,0.0,0.0,0.0,15794.9 MiB,3689.1 MiB,2208.2 MiB,9897.6 MiB,4096.0 MiB,3452.5 MiB,643.5 MiB,12882.9 MiB,,0,00.16
8,2019-04-03,nbody_50000000_original,6.17.1,nbody_6_original.js 50000000,1,1695218021,2829617,node,1.33,749957120,27435008,19660800,93.8,0.2,6.0,1.0,0:01,0,25296896,45113344,0,2589696,0.0,27435008,326,2,280,44,0,13.0,0.8,0.0,86.3,0.0,0.0,0.0,0.0,15794.9 MiB,3689.3 MiB,2207.9 MiB,9897.7 MiB,4096.0 MiB,3452.5 MiB,643.5 MiB,12883.1 MiB,,0,01.33
8,2019-04-03,nbody_50000000_original,6.17.1,nbody_6_original.js 50000000,2,1695218022,2829617,node,2.51,749957120,27435008,19660800,100.0,0.2,6.0,5.0,0:02,0,25296896,45113344,0,2589696,0.0,27435008,326,2,280,44,0,12.3,0.8,0.0,86.9,0.0,0.0,0.0,0.0,15794.9 MiB,3695.5 MiB,2209.7 MiB,9889.7 MiB,4096.0 MiB,3452.5 MiB,643.5 MiB,12889.3 MiB,,0,02.51
8,2019-04-03,nbody_50000000_original,6.17.1,nbody_6_original.js 50000000,3,1695218023,2829617,node,3.68,749957120,27435008,19660800,100.0,0.2,6.0,5.0,0:03,0,25296896,45113344,0,2589696,0.0,27435008,326,2,280,44,0,13.0,0.8,0.0,86.3,0.0,0.0,0.0,0.0,15794.9 MiB,3694.7 MiB,2210.4 MiB,9889.7 MiB,4096.0 MiB,3452.5 MiB,643.5 MiB,12888.6 MiB,,0,03.68
8,2019-04-03,nbody_50000000_original,6.17.1,nbody_6_original.js 50000000,4,1695218024,2829617,node,4.85,749957120,27435008,19660800,93.8,0.2,6.0,5.0,0:04,0,25296896,45113344,0,2589696,0.0,27435008,325,2,279,44,0,13.0,0.8,0.0,86.3,0.0,0.0,0.0,0.0,15794.9 MiB,3694.0 MiB,2211.2 MiB,9889.7 MiB,4096.0 MiB,3452.5 MiB,643.5 MiB,12887.8 MiB,,0,04.85
8,2019-04-03,nbody_50000000_original,6.17.1,nbody_6_original.js 50000000,5,1695218025,2829617,node,6.03,749957120,27435008,19660800,100.0,0.2,6.0,5.0,0:06,0,25296896,45113344,0,2589696,0.0,27435008,325,2,279,44,0,12.9,0.8,0.0,86.4,0.0,0.0,0.0,0.0,15794.9 MiB,3693.5 MiB,2211.6 MiB,9889.7 MiB,4096.0 MiB,3452.5 MiB,643.5 MiB,12887.3 MiB,,0,06.03
8,2019-04-03,nbody_50000000_original,6.17.1,nbody_6_original.js 50000000,6,1695218027,2829617,node,7.2,749957120,27435008,19660800,100.0,0.2,6.0,5.0,0:07,0,25296896,45113344,0,2589696,0.0,27435008,325,2,279,44,0,13.5,1.5,0.0,85.0,0.0,0.0,0.0,0.0,15794.9 MiB,3693.8 MiB,2211.4 MiB,9889.7 MiB,4096.0 MiB,3452.5 MiB,643.5 MiB,12887.6 MiB,,0,07.20
8,2019-04-03,nbody_50000000_original,6.17.1,nbody_6_original.js 50000000,7,1695218028,2829617,node,8.37,749957120,27435008,19660800,93.8,0.2,6.0,1.0,0:08,0,25296896,45113344,0,2589696,0.0,27435008,325,2,279,44,0,13.0,0.8,0.0,86.3,0.0,0.0,0.0,0.0,15794.9 MiB,3693.3 MiB,2211.9 MiB,9889.7 MiB,4096.0 MiB,3452.5 MiB,643.5 MiB,12887.1 MiB,,0,08.37
8,2019-04-03,nbody_50000000_original,6.17.1,nbody_6_original.js 50000000,8,1695218029,2829617,node,9.55,749957120,27435008,19660800,100.0,0.2,6.0,1.0,0:09,0,25296896,45113344,0,2589696,0.0,27435008,325,2,279,44,0,13.0,0.8,0.0,86.3,0.0,0.0,0.0,0.0,15794.9 MiB,3693.3 MiB,2211.9 MiB,9889.7 MiB,4096.0 MiB,3452.5 MiB,643.5 MiB,12887.1 MiB,,0,09.55
8,2019-04-03,nbody_50000000_original,6.17.1,nbody_6_original.js 50000000,9,1695218030,2829617,node,10.72,749957120,27435008,19660800,100.0,0.2,6.0,5.0,0:10,0,25296896,45113344,0,2589696,0.0,27435008,325,2,279,44,0,13.0,0.8,0.0,86.3,0.0,0.0,0.0,0.0,15794.9 MiB,3693.3 MiB,2211.9 MiB,9889.7 MiB,4096.0 MiB,3452.5 MiB,643.5 MiB,12887.1 MiB,,0,10.72
8,2019-04-03,nbody_50000000_original,6.17.1,nbody_6_original.js 50000000,10,1695218031,2829617,node,11.89,749957120,27435008,19660800,100.0,0.2,6.0,5.0,0:11,0,25296896,45113344,0,2589696,0.0,27435008,326,2,280,44,0,12.3,0.8,0.0,86.9,0.0,0.0,0.0,0.0,15794.9 MiB,3692.5 MiB,2212.6 MiB,9889.7 MiB,4096.0 MiB,3452.5 MiB,643.5 MiB,12886.4 MiB,,0,11.89
8,2019-04-03,nbody_50000000_original,6.17.1,nbody_6_original.js 50000000,11,1695218032,2829617,node,13.07,749957120,27435008,19660800,100.0,0.2,6.0,1.0,0:13,0,25296896,45113344,0,2589696,0.0,27435008,326,2,280,44,0,12.2,0.8,0.0,87.0,0.0,0.0,0.0,0.0,15794.9 MiB,3691.5 MiB,2213.6 MiB,9889.7 MiB,4096.0 MiB,3452.5 MiB,643.5 MiB,12885.4 MiB,,0,13.07
8,2019-04-03,nbody_50000000_original,6.17.1,nbody_6_original.js 50000000,12,1695218034,2829617,node,14.24,749957120,27435008,19660800,100.0,0.2,6.0,1.0,0:14,0,25296896,45113344,0,2589696,0.0,27435008,326,2,280,44,0,12.9,1.5,0.0,85.6,0.0,0.0,0.0,0.0,15794.9 MiB,3691.8 MiB,2213.4 MiB,9889.7 MiB,4096.0 MiB,3452.5 MiB,643.5 MiB,12885.6 MiB,,0,14.24
9,2019-04-03,nbody_50000000_original,6.17.1,nbody_6_original.js 50000000,0,1695218036,2829713,node,0.16,749957120,27463680,19689472,100.0,0.2,6.0,0.0,0:00,0,25296896,45113344,0,2590720,0.0,27463680,325,2,279,44,0,13.1,1.5,0.0,85.4,0.0,0.0,0.0,0.0,15794.9 MiB,3685.9 MiB,2211.2 MiB,9897.8 MiB,4096.0 MiB,3452.5 MiB,643.5 MiB,12879.8 MiB,,0,00.16
9,2019-04-03,nbody_50000000_original,6.17.1,nbody_6_original.js 50000000,1,1695218037,2829713,node,1.33,749957120,27463680,19689472,93.8,0.2,6.0,0.0,0:01,0,25296896,45113344,0,2590720,0.0,27463680,325,2,279,44,0,12.9,1.5,0.0,85.6,0.0,0.0,0.0,0.0,15794.9 MiB,3686.1 MiB,2210.9 MiB,9897.8 MiB,4096.0 MiB,3452.5 MiB,643.5 MiB,12880.0 MiB,,0,01.33
9,2019-04-03,nbody_50000000_original,6.17.1,nbody_6_original.js 50000000,2,1695218038,2829713,node,2.51,749957120,27463680,19689472,100.0,0.2,6.0,0.0,0:02,0,25296896,45113344,0,2590720,0.0,27463680,325,2,279,44,0,13.0,0.8,0.0,86.3,0.0,0.0,0.0,0.0,15794.9 MiB,3685.7 MiB,2211.4 MiB,9897.8 MiB,4096.0 MiB,3452.5 MiB,643.5 MiB,12879.5 MiB,,0,02.51
9,2019-04-03,nbody_50000000_original,6.17.1,nbody_6_original.js 50000000,3,1695218040,2829713,node,3.68,749957120,27463680,19689472,100.0,0.2,6.0,0.0,0:03,0,25296896,45113344,0,2590720,0.0,27463680,325,2,279,44,0,12.9,0.8,0.0,86.4,0.0,0.0,0.0,0.0,15794.9 MiB,3693.8 MiB,2211.3 MiB,9889.8 MiB,4096.0 MiB,3452.5 MiB,643.5 MiB,12887.6 MiB,,0,03.68
9,2019-04-03,nbody_50000000_original,6.17.1,nbody_6_original.js 50000000,4,1695218041,2829713,node,4.85,749957120,27463680,19689472,100.0,0.2,6.0,0.0,0:04,0,25296896,45113344,0,2590720,0.0,27463680,325,2,279,44,0,12.8,1.5,0.0,85.7,0.0,0.0,0.0,0.0,15794.9 MiB,3694.3 MiB,2210.8 MiB,9889.8 MiB,4096.0 MiB,3452.5 MiB,643.5 MiB,12888.1 MiB,,0,04.85
9,2019-04-03,nbody_50000000_original,6.17.1,nbody_6_original.js 50000000,5,1695218042,2829713,node,6.02,749957120,27463680,19689472,93.8,0.2,6.0,0.0,0:06,0,25296896,45113344,0,2590720,0.0,27463680,325,2,279,44,0,13.5,1.5,0.0,85.0,0.0,0.0,0.0,0.0,15794.9 MiB,3693.0 MiB,2212.1 MiB,9889.7 MiB,4096.0 MiB,3452.5 MiB,643.5 MiB,12886.9 MiB,,0,06.02
9,2019-04-03,nbody_50000000_original,6.17.1,nbody_6_original.js 50000000,6,1695218043,2829713,node,7.2,749957120,27463680,19689472,100.0,0.2,6.0,0.0,0:07,0,25296896,45113344,0,2590720,0.0,27463680,325,2,279,44,0,13.6,0.8,0.0,84.8,0.8,0.0,0.0,0.0,15794.9 MiB,3692.8 MiB,2212.3 MiB,9889.7 MiB,4096.0 MiB,3452.5 MiB,643.5 MiB,12886.6 MiB,,0,07.20
9,2019-04-03,nbody_50000000_original,6.17.1,nbody_6_original.js 50000000,7,1695218044,2829713,node,8.37,749957120,27463680,19689472,93.8,0.2,6.0,0.0,0:08,0,25296896,45113344,0,2590720,0.0,27463680,325,2,279,44,0,13.0,0.8,0.0,86.3,0.0,0.0,0.0,0.0,15794.9 MiB,3692.5 MiB,2212.6 MiB,9889.7 MiB,4096.0 MiB,3452.5 MiB,643.5 MiB,12886.4 MiB,,0,08.37
9,2019-04-03,nbody_50000000_original,6.17.1,nbody_6_original.js 50000000,8,1695218045,2829713,node,9.54,749957120,27463680,19689472,93.8,0.2,6.0,0.0,0:09,0,25296896,45113344,0,2590720,0.0,27463680,325,2,279,44,0,12.1,1.5,0.0,86.4,0.0,0.0,0.0,0.0,15794.9 MiB,3692.6 MiB,2212.6 MiB,9889.7 MiB,4096.0 MiB,3452.5 MiB,643.5 MiB,12886.4 MiB,,0,09.54
9,2019-04-03,nbody_50000000_original,6.17.1,nbody_6_original.js 50000000,9,1695218047,2829713,node,10.72,749957120,27463680,19689472,100.0,0.2,6.0,0.0,0:10,0,25296896,45113344,0,2590720,0.0,27463680,325,2,279,44,0,13.5,0.8,0.0,85.7,0.0,0.0,0.0,0.0,15794.9 MiB,3693.3 MiB,2211.8 MiB,9889.7 MiB,4096.0 MiB,3452.5 MiB,643.5 MiB,12887.2 MiB,,0,10.72
9,2019-04-03,nbody_50000000_original,6.17.1,nbody_6_original.js 50000000,10,1695218048,2829713,node,11.89,749957120,27463680,19689472,100.0,0.2,6.0,4.0,0:11,0,25296896,45113344,0,2590720,0.0,27463680,326,2,280,44,0,13.0,0.8,0.0,86.3,0.0,0.0,0.0,0.0,15794.9 MiB,3692.6 MiB,2212.6 MiB,9889.7 MiB,4096.0 MiB,3452.5 MiB,643.5 MiB,12886.4 MiB,,0,11.89
9,2019-04-03,nbody_50000000_original,6.17.1,nbody_6_original.js 50000000,11,1695218049,2829713,node,13.06,749957120,27463680,19689472,93.8,0.2,6.0,0.0,0:13,0,25296896,45113344,0,2590720,0.0,27463680,326,2,280,44,0,12.2,0.8,0.0,86.3,0.8,0.0,0.0,0.0,15794.9 MiB,3692.1 MiB,2213.1 MiB,9889.7 MiB,4096.0 MiB,3452.5 MiB,643.5 MiB,12885.9 MiB,,0,13.06
9,2019-04-03,nbody_50000000_original,6.17.1,nbody_6_original.js 50000000,12,1695218050,2829713,node,14.24,749957120,27463680,19689472,100.0,0.2,6.0,0.0,0:14,0,25296896,45113344,0,2590720,0.0,27463680,326,2,280,44,0,13.6,1.5,0.0,84.8,0.0,0.0,0.0,0.0,15794.9 MiB,3692.3 MiB,2212.8 MiB,9889.7 MiB,4096.0 MiB,3452.5 MiB,643.5 MiB,12886.2 MiB,,0,14.24
10,2019-04-03,nbody_50000000_original,6.17.1,nbody_6_original.js 50000000,0,1695218052,2829804,node,0.16,749957120,27312128,19537920,93.8,0.2,6.0,3.0,0:00,0,25296896,45113344,0,2591744,0.0,27312128,325,2,279,44,0,13.7,0.8,0.0,85.5,0.0,0.0,0.0,0.0,15794.9 MiB,3685.7 MiB,2211.5 MiB,9897.7 MiB,4096.0 MiB,3452.5 MiB,643.5 MiB,12879.5 MiB,,0,00.16
10,2019-04-03,nbody_50000000_original,6.17.1,nbody_6_original.js 50000000,1,1695218054,2829804,node,1.33,749957120,27312128,19537920,100.0,0.2,6.0,7.0,0:01,0,25296896,45113344,0,2591744,0.0,27312128,326,2,280,44,0,13.4,1.5,0.0,85.1,0.0,0.0,0.0,0.0,15794.9 MiB,3684.7 MiB,2212.4 MiB,9897.7 MiB,4096.0 MiB,3452.5 MiB,643.5 MiB,12878.6 MiB,,0,01.33
10,2019-04-03,nbody_50000000_original,6.17.1,nbody_6_original.js 50000000,2,1695218055,2829804,node,2.51,749957120,27312128,19537920,106.7,0.2,6.0,7.0,0:02,0,25296896,45113344,0,2591744,0.0,27312128,326,3,279,44,0,12.8,1.5,0.0,85.7,0.0,0.0,0.0,0.0,15794.9 MiB,3691.6 MiB,2213.4 MiB,9889.9 MiB,4096.0 MiB,3452.5 MiB,643.5 MiB,12885.5 MiB,,0,02.51
10,2019-04-03,nbody_50000000_original,6.17.1,nbody_6_original.js 50000000,3,1695218056,2829804,node,3.68,749957120,27312128,19537920,100.0,0.2,6.0,7.0,0:03,0,25296896,45113344,0,2591744,0.0,27312128,325,2,279,44,0,13.6,0.8,0.0,85.6,0.0,0.0,0.0,0.0,15794.9 MiB,3692.8 MiB,2212.3 MiB,9889.8 MiB,4096.0 MiB,3452.5 MiB,643.5 MiB,12886.7 MiB,,0,03.68
10,2019-04-03,nbody_50000000_original,6.17.1,nbody_6_original.js 50000000,4,1695218057,2829804,node,4.85,749957120,27312128,19537920,100.0,0.2,6.0,7.0,0:04,0,25296896,45113344,0,2591744,0.0,27312128,325,2,279,44,0,12.2,1.5,0.0,86.3,0.0,0.0,0.0,0.0,15794.9 MiB,3692.6 MiB,2212.5 MiB,9889.8 MiB,4096.0 MiB,3452.5 MiB,643.5 MiB,12886.5 MiB,,0,04.85
10,2019-04-03,nbody_50000000_original,6.17.1,nbody_6_original.js 50000000,5,1695218058,2829804,node,6.03,749957120,27312128,19537920,106.7,0.2,6.0,7.0,0:06,0,25296896,45113344,0,2591744,0.0,27312128,325,2,279,44,0,12.9,1.5,0.0,85.6,0.0,0.0,0.0,0.0,15794.9 MiB,3693.6 MiB,2211.6 MiB,9889.8 MiB,4096.0 MiB,3452.5 MiB,643.5 MiB,12887.4 MiB,,0,06.03
10,2019-04-03,nbody_50000000_original,6.17.1,nbody_6_original.js 50000000,6,1695218059,2829804,node,7.2,749957120,27312128,19537920,100.0,0.2,6.0,7.0,0:07,0,25296896,45113344,0,2591744,0.0,27312128,325,2,279,44,0,13.1,0.8,0.0,86.2,0.0,0.0,0.0,0.0,15794.9 MiB,3693.6 MiB,2211.6 MiB,9889.8 MiB,4096.0 MiB,3452.5 MiB,643.5 MiB,12887.4 MiB,,0,07.20
10,2019-04-03,nbody_50000000_original,6.17.1,nbody_6_original.js 50000000,7,1695218061,2829804,node,8.37,749957120,27312128,19537920,100.0,0.2,6.0,7.0,0:08,0,25296896,45113344,0,2591744,0.0,27312128,325,2,279,44,0,13.1,0.0,0.0,86.9,0.0,0.0,0.0,0.0,15794.9 MiB,3693.3 MiB,2211.8 MiB,9889.8 MiB,4096.0 MiB,3452.5 MiB,643.5 MiB,12887.2 MiB,,0,08.37
10,2019-04-03,nbody_50000000_original,6.17.1,nbody_6_original.js 50000000,8,1695218062,2829804,node,9.55,749957120,27312128,19537920,106.7,0.2,6.0,7.0,0:09,0,25296896,45113344,0,2591744,0.0,27312128,325,2,279,44,0,12.8,1.5,0.0,85.7,0.0,0.0,0.0,0.0,15794.9 MiB,3693.1 MiB,2212.0 MiB,9889.8 MiB,4096.0 MiB,3452.5 MiB,643.5 MiB,12887.0 MiB,,0,09.55
10,2019-04-03,nbody_50000000_original,6.17.1,nbody_6_original.js 50000000,9,1695218063,2829804,node,10.72,749957120,27312128,19537920,100.0,0.2,6.0,7.0,0:10,0,25296896,45113344,0,2591744,0.0,27312128,325,2,279,44,0,13.5,0.8,0.0,85.7,0.0,0.0,0.0,0.0,15794.9 MiB,3692.8 MiB,2212.3 MiB,9889.8 MiB,4096.0 MiB,3452.5 MiB,643.5 MiB,12886.7 MiB,,0,10.72
10,2019-04-03,nbody_50000000_original,6.17.1,nbody_6_original.js 50000000,10,1695218064,2829804,node,11.89,749957120,27312128,19537920,93.8,0.2,6.0,7.0,0:11,0,25296896,45113344,0,2591744,0.0,27312128,325,2,279,44,0,13.6,0.0,0.0,86.4,0.0,0.0,0.0,0.0,15794.9 MiB,3692.6 MiB,2212.5 MiB,9889.8 MiB,4096.0 MiB,3452.5 MiB,643.5 MiB,12886.5 MiB,,0,11.89
10,2019-04-03,nbody_50000000_original,6.17.1,nbody_6_original.js 50000000,11,1695218065,2829804,node,13.07,749957120,27312128,19537920,100.0,0.2,6.0,7.0,0:13,0,25296896,45113344,0,2591744,0.0,27312128,325,2,279,44,0,13.6,0.8,0.0,85.6,0.0,0.0,0.0,0.0,15794.9 MiB,3692.3 MiB,2212.8 MiB,9889.8 MiB,4096.0 MiB,3452.5 MiB,643.5 MiB,12886.2 MiB,,0,13.07
10,2019-04-03,nbody_50000000_original,6.17.1,nbody_6_original.js 50000000,12,1695218066,2829804,node,14.24,749957120,27312128,19537920,100.0,0.2,6.0,7.0,0:14,0,25296896,45113344,0,2591744,0.0,27312128,325,2,279,44,0,13.0,0.8,0.0,86.3,0.0,0.0,0.0,0.0,15794.9 MiB,3692.6 MiB,2212.5 MiB,9889.8 MiB,4096.0 MiB,3452.5 MiB,643.5 MiB,12886.5 MiB,,0,14.24
10,2019-04-03,nbody_50000000_original,6.17.1,nbody_6_original.js 50000000,13,1695218068,2829804,node,15.41,749957120,27312128,19537920,93.8,0.2,6.0,7.0,0:15,0,25296896,45113344,0,2591744,0.0,27312128,325,2,279,44,0,12.9,0.8,0.0,86.4,0.0,0.0,0.0,0.0,15794.9 MiB,3692.8 MiB,2212.3 MiB,9889.8 MiB,4096.0 MiB,3452.5 MiB,643.5 MiB,12886.7 MiB,,0,15.41
1,2017-07-11,nbody_50000000_original,7.10.1,nbody_6_original.js 50000000,0,1695221484,2832145,node,0.16,618377216,30429184,20905984,93.8,0.2,6.0,4.0,0:00,0,28278784,44118016,0,4072448,0.0,30429184,325,2,279,44,0,13.7,1.5,0.0,84.7,0.0,0.0,0.0,0.0,15794.9 MiB,3693.3 MiB,2196.6 MiB,9904.9 MiB,4096.0 MiB,3452.5 MiB,643.5 MiB,12894.6 MiB,,0,00.16
1,2017-07-11,nbody_50000000_original,7.10.1,nbody_6_original.js 50000000,1,1695221485,2832145,node,1.33,618377216,30429184,20905984,93.8,0.2,6.0,4.0,0:01,0,28278784,44118016,0,4072448,0.0,30429184,325,2,279,44,0,14.3,0.8,0.0,85.0,0.0,0.0,0.0,0.0,15794.9 MiB,3693.1 MiB,2196.5 MiB,9905.3 MiB,4096.0 MiB,3452.5 MiB,643.5 MiB,12894.5 MiB,,0,01.33
1,2017-07-11,nbody_50000000_original,7.10.1,nbody_6_original.js 50000000,2,1695221487,2832145,node,2.51,618377216,30429184,20905984,100.0,0.2,6.0,4.0,0:02,0,28278784,44118016,0,4072448,0.0,30429184,325,2,279,44,0,12.9,0.8,0.0,86.4,0.0,0.0,0.0,0.0,15794.9 MiB,3693.6 MiB,2203.9 MiB,9897.4 MiB,4096.0 MiB,3452.5 MiB,643.5 MiB,12895.0 MiB,,0,02.51
1,2017-07-11,nbody_50000000_original,7.10.1,nbody_6_original.js 50000000,3,1695221488,2832145,node,3.68,618377216,30429184,20905984,93.8,0.2,6.0,0.0,0:03,0,28278784,44118016,0,4072448,0.0,30429184,325,2,279,44,0,12.7,3.0,0.0,84.3,0.0,0.0,0.0,0.0,15794.9 MiB,3695.3 MiB,2202.3 MiB,9897.3 MiB,4096.0 MiB,3452.5 MiB,643.5 MiB,12896.7 MiB,,0,03.68
1,2017-07-11,nbody_50000000_original,7.10.1,nbody_6_original.js 50000000,4,1695221489,2832145,node,4.86,618377216,30429184,20905984,100.0,0.2,6.0,0.0,0:04,0,28278784,44118016,0,4072448,0.0,30429184,325,2,279,44,0,12.9,0.8,0.0,86.4,0.0,0.0,0.0,0.0,15794.9 MiB,3696.3 MiB,2201.3 MiB,9897.3 MiB,4096.0 MiB,3452.5 MiB,643.5 MiB,12897.7 MiB,,0,04.86
1,2017-07-11,nbody_50000000_original,7.10.1,nbody_6_original.js 50000000,5,1695221490,2832145,node,6.03,618377216,30429184,20905984,106.7,0.2,6.0,0.0,0:06,0,28278784,44118016,0,4072448,0.0,30429184,325,2,279,44,0,12.8,1.5,0.0,85.7,0.0,0.0,0.0,0.0,15794.9 MiB,3696.0 MiB,2201.6 MiB,9897.3 MiB,4096.0 MiB,3452.5 MiB,643.5 MiB,12897.4 MiB,,0,06.03
1,2017-07-11,nbody_50000000_original,7.10.1,nbody_6_original.js 50000000,6,1695221491,2832145,node,7.21,622571520,34480128,20905984,100.0,0.2,6.0,0.0,0:07,0,28278784,48312320,0,5121024,0.0,34480128,325,2,279,44,0,12.1,1.5,0.0,86.4,0.0,0.0,0.0,0.0,15794.9 MiB,3695.3 MiB,2202.3 MiB,9897.3 MiB,4096.0 MiB,3452.5 MiB,643.5 MiB,12896.7 MiB,,0,07.21
1,2017-07-11,nbody_50000000_original,7.10.1,nbody_6_original.js 50000000,7,1695221493,2832145,node,8.38,622571520,34480128,20905984,100.0,0.2,6.0,0.0,0:08,0,28278784,48312320,0,5121024,0.0,34480128,325,2,279,44,0,13.6,0.8,0.0,85.6,0.0,0.0,0.0,0.0,15794.9 MiB,3695.0 MiB,2202.5 MiB,9897.3 MiB,4096.0 MiB,3452.5 MiB,643.5 MiB,12896.5 MiB,,0,08.38
1,2017-07-11,nbody_50000000_original,7.10.1,nbody_6_original.js 50000000,8,1695221494,2832145,node,9.55,622571520,34480128,20905984,100.0,0.2,6.0,0.0,0:09,0,28278784,48312320,0,5121024,0.0,34480128,325,2,279,44,0,13.0,0.8,0.0,86.3,0.0,0.0,0.0,0.0,15794.9 MiB,3694.1 MiB,2203.5 MiB,9897.3 MiB,4096.0 MiB,3452.5 MiB,643.5 MiB,12895.5 MiB,,0,09.55
1,2017-07-11,nbody_50000000_original,7.10.1,nbody_6_original.js 50000000,9,1695221495,2832145,node,10.73,622571520,34480128,20905984,100.0,0.2,6.0,0.0,0:10,0,28278784,48312320,0,5121024,0.0,34480128,325,2,279,44,0,13.1,0.0,0.0,86.9,0.0,0.0,0.0,0.0,15794.9 MiB,3693.8 MiB,2203.8 MiB,9897.3 MiB,4096.0 MiB,3452.5 MiB,643.5 MiB,12895.2 MiB,,0,10.73
1,2017-07-11,nbody_50000000_original,7.10.1,nbody_6_original.js 50000000,10,1695221496,2832145,node,11.9,622571520,34480128,20905984,100.0,0.2,6.0,0.0,0:11,0,28278784,48312320,0,5121024,0.0,34480128,325,2,279,44,0,13.7,0.0,0.0,85.5,0.0,0.0,0.8,0.0,15794.9 MiB,3694.1 MiB,2203.5 MiB,9897.3 MiB,4096.0 MiB,3452.5 MiB,643.5 MiB,12895.5 MiB,,0,11.90
1,2017-07-11,nbody_50000000_original,7.10.1,nbody_6_original.js 50000000,11,1695221497,2832145,node,13.07,622571520,34480128,20905984,93.8,0.2,6.0,0.0,0:13,0,28278784,48312320,0,5121024,0.0,34480128,325,2,279,44,0,12.9,0.8,0.0,86.4,0.0,0.0,0.0,0.0,15794.9 MiB,3694.1 MiB,2203.5 MiB,9897.3 MiB,4096.0 MiB,3452.5 MiB,643.5 MiB,12895.5 MiB,,0,13.07
1,2017-07-11,nbody_50000000_original,7.10.1,nbody_6_original.js 50000000,12,1695221498,2832145,node,14.24,622571520,34480128,20905984,93.8,0.2,6.0,0.0,0:14,0,28278784,48312320,0,5121024,0.0,34480128,325,2,279,44,0,12.8,1.5,0.0,85.7,0.0,0.0,0.0,0.0,15794.9 MiB,3693.6 MiB,2204.0 MiB,9897.3 MiB,4096.0 MiB,3452.5 MiB,643.5 MiB,12895.0 MiB,,0,14.24
1,2017-07-11,nbody_50000000_original,7.10.1,nbody_6_original.js 50000000,13,1695221500,2832145,node,15.42,622571520,34480128,20905984,106.7,0.2,6.0,0.0,0:15,0,28278784,48312320,0,5121024,0.0,34480128,325,2,279,44,0,12.3,0.8,0.0,86.9,0.0,0.0,0.0,0.0,15794.9 MiB,3694.3 MiB,2203.2 MiB,9897.3 MiB,4096.0 MiB,3452.5 MiB,643.5 MiB,12895.8 MiB,,0,15.42
1,2017-07-11,nbody_50000000_original,7.10.1,nbody_6_original.js 50000000,14,1695221501,2832145,node,16.59,622571520,34480128,20905984,93.8,0.2,6.0,0.0,0:16,0,28278784,48312320,0,5121024,0.0,34480128,325,2,279,44,0,13.0,0.8,0.0,86.3,0.0,0.0,0.0,0.0,15794.9 MiB,3694.3 MiB,2203.2 MiB,9897.3 MiB,4096.0 MiB,3452.5 MiB,643.5 MiB,12895.8 MiB,,0,16.59
1,2017-07-11,nbody_50000000_original,7.10.1,nbody_6_original.js 50000000,15,1695221502,2832145,node,17.76,622571520,34480128,20905984,93.8,0.2,6.0,0.0,0:17,0,28278784,48312320,0,5121024,0.0,34480128,325,2,279,44,0,12.8,1.5,0.0,85.7,0.0,0.0,0.0,0.0,15794.9 MiB,3694.1 MiB,2203.5 MiB,9897.3 MiB,4096.0 MiB,3452.5 MiB,643.5 MiB,12895.5 MiB,,0,17.76
1,2017-07-11,nbody_50000000_original,7.10.1,nbody_6_original.js 50000000,16,1695221503,2832145,node,18.94,622571520,34480128,20905984,106.7,0.2,6.0,4.0,0:18,0,28278784,48312320,0,5121024,0.0,34480128,325,2,279,44,0,13.0,1.5,0.0,85.5,0.0,0.0,0.0,0.0,15794.9 MiB,3694.1 MiB,2203.5 MiB,9897.3 MiB,4096.0 MiB,3452.5 MiB,643.5 MiB,12895.5 MiB,,0,18.94
1,2017-07-11,nbody_50000000_original,7.10.1,nbody_6_original.js 50000000,17,1695221504,2832145,node,20.11,622571520,34480128,20905984,100.0,0.2,6.0,4.0,0:20,0,28278784,48312320,0,5121024,0.0,34480128,325,2,279,44,0,13.5,0.8,0.0,85.7,0.0,0.0,0.0,0.0,15794.9 MiB,3694.8 MiB,2202.7 MiB,9897.3 MiB,4096.0 MiB,3452.5 MiB,643.5 MiB,12896.3 MiB,,0,20.11
1,2017-07-11,nbody_50000000_original,7.10.1,nbody_6_original.js 50000000,18,1695221505,2832145,node,21.28,622571520,34480128,20905984,93.8,0.2,6.0,4.0,0:21,0,28278784,48312320,0,5121024,0.0,34480128,325,2,279,44,0,13.0,0.8,0.0,86.3,0.0,0.0,0.0,0.0,15794.9 MiB,3694.6 MiB,2203.0 MiB,9897.3 MiB,4096.0 MiB,3452.5 MiB,643.5 MiB,12896.0 MiB,,0,21.28
1,2017-07-11,nbody_50000000_original,7.10.1,nbody_6_original.js 50000000,19,1695221507,2832145,node,22.46,622571520,34480128,20905984,100.0,0.2,6.0,4.0,0:22,0,28278784,48312320,0,5121024,0.0,34480128,325,2,279,44,0,13.4,0.7,0.0,85.8,0.0,0.0,0.0,0.0,15794.9 MiB,3694.4 MiB,2203.2 MiB,9897.3 MiB,4096.0 MiB,3452.5 MiB,643.5 MiB,12895.8 MiB,,0,22.46
1,2017-07-11,nbody_50000000_original,7.10.1,nbody_6_original.js 50000000,20,1695221508,2832145,node,23.64,622571520,34480128,20905984,106.7,0.2,6.0,4.0,0:23,0,28278784,48312320,0,5121024,0.0,34480128,325,2,279,44,0,12.8,0.8,0.0,85.7,0.8,0.0,0.0,0.0,15794.9 MiB,3694.4 MiB,2203.2 MiB,9897.3 MiB,4096.0 MiB,3452.5 MiB,643.5 MiB,12895.8 MiB,,0,23.64
1,2017-07-11,nbody_50000000_original,7.10.1,nbody_6_original.js 50000000,21,1695221509,2832145,node,24.82,622571520,34480128,20905984,100.0,0.2,6.0,4.0,0:24,0,28278784,48312320,0,5121024,0.0,34480128,325,2,279,44,0,14.1,0.7,0.0,85.2,0.0,0.0,0.0,0.0,15794.9 MiB,3694.6 MiB,2203.0 MiB,9897.3 MiB,4096.0 MiB,3452.5 MiB,643.5 MiB,12896.0 MiB,,0,24.82
1,2017-07-11,nbody_50000000_original,7.10.1,nbody_6_original.js 50000000,22,1695221510,2832145,node,25.99,622571520,34480128,20905984,93.8,0.2,6.0,4.0,0:25,0,28278784,48312320,0,5121024,0.0,34480128,325,2,279,44,0,12.8,1.5,0.0,85.7,0.0,0.0,0.0,0.0,15794.9 MiB,3694.4 MiB,2203.2 MiB,9897.3 MiB,4096.0 MiB,3452.5 MiB,643.5 MiB,12895.8 MiB,,0,25.99
1,2017-07-11,nbody_50000000_original,7.10.1,nbody_6_original.js 50000000,23,1695221511,2832145,node,27.17,622571520,34480128,20905984,100.0,0.2,6.0,4.0,0:27,0,28278784,48312320,0,5121024,0.0,34480128,325,2,279,44,0,12.8,0.8,0.0,86.5,0.0,0.0,0.0,0.0,15794.9 MiB,3694.4 MiB,2203.2 MiB,9897.3 MiB,4096.0 MiB,3452.5 MiB,643.5 MiB,12895.8 MiB,,0,27.17
1,2017-07-11,nbody_50000000_original,7.10.1,nbody_6_original.js 50000000,24,1695221513,2832145,node,28.35,622571520,34480128,20905984,100.0,0.2,6.0,0.0,0:28,0,28278784,48312320,0,5121024,0.0,34480128,325,2,279,44,0,13.1,2.2,0.0,84.7,0.0,0.0,0.0,0.0,15794.9 MiB,3694.4 MiB,2203.2 MiB,9897.3 MiB,4096.0 MiB,3452.5 MiB,643.5 MiB,12895.8 MiB,,0,28.35
1,2017-07-11,nbody_50000000_original,7.10.1,nbody_6_original.js 50000000,25,1695221514,2832145,node,29.53,622571520,34480128,20905984,100.0,0.2,6.0,0.0,0:29,0,28278784,48312320,0,5121024,0.0,34480128,325,2,279,44,0,12.7,1.5,0.0,85.8,0.0,0.0,0.0,0.0,15794.9 MiB,3694.4 MiB,2203.2 MiB,9897.3 MiB,4096.0 MiB,3452.5 MiB,643.5 MiB,12895.8 MiB,,0,29.53
1,2017-07-11,nbody_50000000_original,7.10.1,nbody_6_original.js 50000000,26,1695221515,2832145,node,30.7,622571520,34480128,20905984,100.0,0.2,6.0,0.0,0:30,0,28278784,48312320,0,5121024,0.0,34480128,325,2,279,44,0,13.4,0.7,0.0,85.8,0.0,0.0,0.0,0.0,15794.9 MiB,3694.1 MiB,2203.4 MiB,9897.3 MiB,4096.0 MiB,3452.5 MiB,643.5 MiB,12895.6 MiB,,0,30.70
1,2017-07-11,nbody_50000000_original,7.10.1,nbody_6_original.js 50000000,27,1695221516,2832145,node,31.88,622571520,34480128,20905984,100.0,0.2,6.0,0.0,0:31,0,28278784,48312320,0,5121024,0.0,34480128,325,3,278,44,0,12.1,0.8,0.0,87.1,0.0,0.0,0.0,0.0,15794.9 MiB,3693.4 MiB,2204.2 MiB,9897.3 MiB,4096.0 MiB,3452.5 MiB,643.5 MiB,12894.8 MiB,,0,31.88
1,2017-07-11,nbody_50000000_original,7.10.1,nbody_6_original.js 50000000,28,1695221517,2832145,node,33.06,622571520,34480128,20905984,106.7,0.2,6.0,0.0,0:33,0,28278784,48312320,0,5121024,0.0,34480128,325,2,279,44,0,12.8,1.5,0.0,85.7,0.0,0.0,0.0,0.0,15794.9 MiB,3692.9 MiB,2204.7 MiB,9897.3 MiB,4096.0 MiB,3452.5 MiB,643.5 MiB,12894.3 MiB,,0,33.06
1,2017-07-11,nbody_50000000_original,7.10.1,nbody_6_original.js 50000000,29,1695221518,2832145,node,34.24,622571520,34480128,20905984,100.0,0.2,6.0,0.0,0:34,0,28278784,48312320,0,5121024,0.0,34480128,325,2,279,44,0,13.4,0.7,0.0,85.8,0.0,0.0,0.0,0.0,15794.9 MiB,3693.1 MiB,2204.4 MiB,9897.3 MiB,4096.0 MiB,3452.5 MiB,643.5 MiB,12894.6 MiB,,0,34.24
1,2017-07-11,nbody_50000000_original,7.10.1,nbody_6_original.js 50000000,30,1695221520,2832145,node,35.41,622571520,34480128,20905984,93.8,0.2,6.0,0.0,0:35,0,28278784,48312320,0,5121024,0.0,34480128,325,2,279,44,0,13.5,0.0,0.0,86.5,0.0,0.0,0.0,0.0,15794.9 MiB,3693.6 MiB,2203.9 MiB,9897.3 MiB,4096.0 MiB,3452.5 MiB,643.5 MiB,12895.1 MiB,,0,35.41
1,2017-07-11,nbody_50000000_original,7.10.1,nbody_6_original.js 50000000,31,1695221521,2832145,node,36.59,622571520,34480128,20905984,100.0,0.2,6.0,4.0,0:36,0,28278784,48312320,0,5121024,0.0,34480128,325,2,279,44,0,12.7,1.5,0.0,85.8,0.0,0.0,0.0,0.0,15794.9 MiB,3693.4 MiB,2204.2 MiB,9897.3 MiB,4096.0 MiB,3452.5 MiB,643.5 MiB,12894.8 MiB,,0,36.59
1,2017-07-11,nbody_50000000_original,7.10.1,nbody_6_original.js 50000000,32,1695221522,2832145,node,37.77,622571520,34480128,20905984,106.7,0.2,6.0,4.0,0:37,0,28278784,48312320,0,5121024,0.0,34480128,325,2,279,44,0,12.7,1.5,0.0,85.8,0.0,0.0,0.0,0.0,15794.9 MiB,3693.9 MiB,2203.7 MiB,9897.3 MiB,4096.0 MiB,3452.5 MiB,643.5 MiB,12895.3 MiB,,0,37.77
1,2017-07-11,nbody_50000000_original,7.10.1,nbody_6_original.js 50000000,33,1695221523,2832145,node,38.95,622571520,34480128,20905984,100.0,0.2,6.0,4.0,0:38,0,28278784,48312320,0,5121024,0.0,34480128,325,2,279,44,0,13.3,1.5,0.0,85.2,0.0,0.0,0.0,0.0,15794.9 MiB,3694.6 MiB,2202.9 MiB,9897.3 MiB,4096.0 MiB,3452.5 MiB,643.5 MiB,12896.1 MiB,,0,38.95
1,2017-07-11,nbody_50000000_original,7.10.1,nbody_6_original.js 50000000,34,1695221524,2832145,node,40.12,622571520,34480128,20905984,93.8,0.2,6.0,4.0,0:40,0,28278784,48312320,0,5121024,0.0,34480128,325,2,279,44,0,13.5,0.8,0.0,85.7,0.0,0.0,0.0,0.0,15794.9 MiB,3695.3 MiB,2202.2 MiB,9897.3 MiB,4096.0 MiB,3452.5 MiB,643.5 MiB,12896.8 MiB,,0,40.12
1,2017-07-11,nbody_50000000_original,7.10.1,nbody_6_original.js 50000000,35,1695221525,2832145,node,41.3,622571520,34480128,20905984,100.0,0.2,6.0,4.0,0:41,0,28278784,48312320,0,5121024,0.0,34480128,325,2,279,44,0,12.8,0.8,0.0,86.5,0.0,0.0,0.0,0.0,15794.9 MiB,3695.8 MiB,2201.7 MiB,9897.3 MiB,4096.0 MiB,3452.5 MiB,643.5 MiB,12897.3 MiB,,0,41.30
1,2017-07-11,nbody_50000000_original,7.10.1,nbody_6_original.js 50000000,36,1695221527,2832145,node,42.48,622571520,34480128,20905984,100.0,0.2,6.0,4.0,0:42,0,28278784,48312320,0,5121024,0.0,34480128,325,2,279,44,0,12.7,1.5,0.0,85.8,0.0,0.0,0.0,0.0,15794.9 MiB,3695.6 MiB,2201.9 MiB,9897.3 MiB,4096.0 MiB,3452.5 MiB,643.5 MiB,12897.1 MiB,,0,42.48
1,2017-07-11,nbody_50000000_original,7.10.1,nbody_6_original.js 50000000,37,1695221528,2832145,node,43.66,622571520,34480128,20905984,100.0,0.2,6.0,0.0,0:43,0,28278784,48312320,0,5121024,0.0,34480128,325,2,279,44,0,13.5,0.8,0.0,85.7,0.0,0.0,0.0,0.0,15794.9 MiB,3695.6 MiB,2201.9 MiB,9897.3 MiB,4096.0 MiB,3452.5 MiB,643.5 MiB,12897.1 MiB,,0,43.66
1,2017-07-11,nbody_50000000_original,7.10.1,nbody_6_original.js 50000000,38,1695221529,2832145,node,44.84,622571520,34480128,20905984,100.0,0.2,6.0,0.0,0:44,0,28278784,48312320,0,5121024,0.0,34480128,325,2,279,44,0,13.3,1.5,0.0,85.2,0.0,0.0,0.0,0.0,15794.9 MiB,3695.4 MiB,2202.2 MiB,9897.3 MiB,4096.0 MiB,3452.5 MiB,643.5 MiB,12896.8 MiB,,0,44.84
1,2017-07-11,nbody_50000000_original,7.10.1,nbody_6_original.js 50000000,39,1695221530,2832145,node,46.01,622571520,34480128,20905984,93.8,0.2,6.0,0.0,0:46,0,28278784,48312320,0,5121024,0.0,34480128,325,2,279,44,0,13.3,0.7,0.0,85.9,0.0,0.0,0.0,0.0,15794.9 MiB,3695.6 MiB,2201.9 MiB,9897.3 MiB,4096.0 MiB,3452.5 MiB,643.5 MiB,12897.1 MiB,,0,46.01
1,2017-07-11,nbody_50000000_original,7.10.1,nbody_6_original.js 50000000,40,1695221531,2832145,node,47.19,622571520,34480128,20905984,100.0,0.2,6.0,0.0,0:47,0,28278784,48312320,0,5121024,0.0,34480128,325,2,279,44,0,12.7,0.7,0.0,86.6,0.0,0.0,0.0,0.0,15794.9 MiB,3695.4 MiB,2202.2 MiB,9897.3 MiB,4096.0 MiB,3452.5 MiB,643.5 MiB,12896.8 MiB,,0,47.19
1,2017-07-11,nbody_50000000_original,7.10.1,nbody_6_original.js 50000000,41,1695221533,2832145,node,48.37,622571520,34480128,20905984,106.7,0.2,6.0,0.0,0:48,0,28278784,48312320,0,5121024,0.0,34480128,325,2,279,44,0,12.7,2.2,0.0,85.1,0.0,0.0,0.0,0.0,15794.9 MiB,3695.1 MiB,2202.4 MiB,9897.3 MiB,4096.0 MiB,3452.5 MiB,643.5 MiB,12896.6 MiB,,0,48.37
1,2017-07-11,nbody_50000000_original,7.10.1,nbody_6_original.js 50000000,42,1695221534,2832145,node,49.54,622571520,34480128,20905984,93.8,0.2,6.0,0.0,0:49,0,28278784,48312320,0,5121024,0.0,34480128,325,2,279,44,0,12.8,0.8,0.0,86.5,0.0,0.0,0.0,0.0,15794.9 MiB,3695.1 MiB,2202.4 MiB,9897.3 MiB,4096.0 MiB,3452.5 MiB,643.5 MiB,12896.6 MiB,,0,49.54
1,2017-07-11,nbody_50000000_original,7.10.1,nbody_6_original.js 50000000,43,1695221535,2832145,node,50.72,622571520,34480128,20905984,100.0,0.2,6.0,0.0,0:50,0,28278784,48312320,0,5121024,0.0,34480128,325,2,279,44,0,13.3,1.5,0.0,85.2,0.0,0.0,0.0,0.0,15794.9 MiB,3695.4 MiB,2202.2 MiB,9897.3 MiB,4096.0 MiB,3452.5 MiB,643.5 MiB,12896.8 MiB,,0,50.72
1,2017-07-11,nbody_50000000_original,7.10.1,nbody_6_original.js 50000000,44,1695221536,2832145,node,51.9,622571520,34480128,20905984,100.0,0.2,6.0,0.0,0:51,0,28278784,48312320,0,5121024,0.0,34480128,325,2,279,44,0,13.4,0.7,0.0,85.8,0.0,0.0,0.0,0.0,15794.9 MiB,3695.6 MiB,2201.9 MiB,9897.3 MiB,4096.0 MiB,3452.5 MiB,643.5 MiB,12897.1 MiB,,0,51.90
1,2017-07-11,nbody_50000000_original,7.10.1,nbody_6_original.js 50000000,45,1695221537,2832145,node,53.08,622571520,34480128,20905984,106.7,0.2,6.0,0.0,0:53,0,28278784,48312320,0,5121024,0.0,34480128,325,2,279,44,0,13.4,0.7,0.0,85.8,0.0,0.0,0.0,0.0,15794.9 MiB,3696.1 MiB,2201.4 MiB,9897.3 MiB,4096.0 MiB,3452.5 MiB,643.5 MiB,12897.6 MiB,,0,53.08
1,2017-07-11,nbody_50000000_original,7.10.1,nbody_6_original.js 50000000,46,1695221538,2832145,node,54.26,622571520,34480128,20905984,100.0,0.2,6.0,0.0,0:54,0,28278784,48312320,0,5121024,0.0,34480128,325,2,279,44,0,13.4,0.7,0.0,85.8,0.0,0.0,0.0,0.0,15794.9 MiB,3696.1 MiB,2201.4 MiB,9897.3 MiB,4096.0 MiB,3452.5 MiB,643.5 MiB,12897.6 MiB,,0,54.26
1,2017-07-11,nbody_50000000_original,7.10.1,nbody_6_original.js 50000000,47,1695221540,2832145,node,55.43,622571520,34480128,20905984,100.0,0.2,6.0,0.0,0:55,0,28278784,48312320,0,5121024,0.0,34480128,325,3,278,44,0,12.8,1.5,0.0,85.7,0.0,0.0,0.0,0.0,15794.9 MiB,3695.9 MiB,2201.7 MiB,9897.3 MiB,4096.0 MiB,3452.5 MiB,643.5 MiB,12897.3 MiB,,0,55.43
1,2017-07-11,nbody_50000000_original,7.10.1,nbody_6_original.js 50000000,48,1695221541,2832145,node,56.61,622571520,34480128,20905984,100.0,0.2,6.0,0.0,0:56,0,28278784,48312320,0,5121024,0.0,34480128,325,2,279,44,0,12.7,1.5,0.0,85.8,0.0,0.0,0.0,0.0,15794.9 MiB,3695.9 MiB,2201.7 MiB,9897.3 MiB,4096.0 MiB,3452.5 MiB,643.5 MiB,12897.3 MiB,,0,56.61
1,2017-07-11,nbody_50000000_original,7.10.1,nbody_6_original.js 50000000,49,1695221542,2832145,node,57.78,630960128,42860544,20905984,106.7,0.3,6.0,0.0,0:57,0,28278784,56700928,0,7218176,0.0,42860544,325,2,279,44,0,12.7,1.5,0.0,85.8,0.0,0.0,0.0,0.0,15794.9 MiB,3689.0 MiB,2208.6 MiB,9897.3 MiB,4096.0 MiB,3452.5 MiB,643.5 MiB,12890.4 MiB,,0,57.78
1,2017-07-11,nbody_50000000_original,7.10.1,nbody_6_original.js 50000000,50,1695221543,2832145,node,58.96,630960128,42860544,20905984,100.0,0.3,6.0,0.0,0:58,0,28278784,56700928,0,7218176,0.0,42860544,325,2,279,44,0,12.8,0.8,0.0,86.5,0.0,0.0,0.0,0.0,15794.9 MiB,3688.7 MiB,2208.8 MiB,9897.3 MiB,4096.0 MiB,3452.5 MiB,643.5 MiB,12890.2 MiB,,0,58.96
1,2017-07-11,nbody_50000000_original,7.10.1,nbody_6_original.js 50000000,51,1695221544,2832145,node,60.14,630960128,42860544,20905984,100.0,0.3,6.0,0.0,1:00,0,28278784,56700928,0,7218176,0.0,42860544,325,2,279,44,0,12.9,0.8,0.0,86.4,0.0,0.0,0.0,0.0,15794.9 MiB,3689.2 MiB,2208.3 MiB,9897.3 MiB,4096.0 MiB,3452.5 MiB,643.5 MiB,12890.7 MiB,,1,00.14
1,2017-07-11,nbody_50000000_original,7.10.1,nbody_6_original.js 50000000,52,1695221545,2832145,node,61.32,630960128,42860544,20905984,100.0,0.3,6.0,0.0,1:01,0,28278784,56700928,0,7218176,0.0,42860544,325,2,279,44,0,12.8,0.8,0.0,86.5,0.0,0.0,0.0,0.0,15794.9 MiB,3689.5 MiB,2208.1 MiB,9897.3 MiB,4096.0 MiB,3452.5 MiB,643.5 MiB,12890.9 MiB,,1,01.32
1,2017-07-11,nbody_50000000_original,7.10.1,nbody_6_original.js 50000000,53,1695221547,2832145,node,62.49,630960128,42860544,20905984,93.8,0.3,6.0,0.0,1:02,0,28278784,56700928,0,7218176,0.0,42860544,325,2,279,44,0,13.4,1.5,0.0,85.1,0.0,0.0,0.0,0.0,15794.9 MiB,3689.2 MiB,2208.3 MiB,9897.3 MiB,4096.0 MiB,3452.5 MiB,643.5 MiB,12890.7 MiB,,1,02.49
1,2017-07-11,nbody_50000000_original,7.10.1,nbody_6_original.js 50000000,54,1695221548,2832145,node,63.67,630960128,42860544,20905984,100.0,0.3,6.0,0.0,1:03,0,28278784,56700928,0,7218176,0.0,42860544,325,2,279,44,0,13.5,0.0,0.0,86.5,0.0,0.0,0.0,0.0,15794.9 MiB,3689.5 MiB,2208.1 MiB,9897.3 MiB,4096.0 MiB,3452.5 MiB,643.5 MiB,12890.9 MiB,,1,03.67
1,2017-07-11,nbody_50000000_original,7.10.1,nbody_6_original.js 50000000,55,1695221549,2832145,node,64.85,630960128,42860544,20905984,100.0,0.3,6.0,0.0,1:04,0,28278784,56700928,0,7218176,0.0,42860544,325,2,279,44,0,12.7,0.7,0.0,86.6,0.0,0.0,0.0,0.0,15794.9 MiB,3690.0 MiB,2207.6 MiB,9897.4 MiB,4096.0 MiB,3452.5 MiB,643.5 MiB,12891.4 MiB,,1,04.85
1,2017-07-11,nbody_50000000_original,7.10.1,nbody_6_original.js 50000000,56,1695221550,2832145,node,66.02,630960128,42860544,20905984,100.0,0.3,6.0,0.0,1:06,0,28278784,56700928,0,7218176,0.0,42860544,325,2,279,44,0,13.3,0.7,0.0,85.9,0.0,0.0,0.0,0.0,15794.9 MiB,3689.2 MiB,2208.3 MiB,9897.4 MiB,4096.0 MiB,3452.5 MiB,643.5 MiB,12890.7 MiB,,1,06.02
1,2017-07-11,nbody_50000000_original,7.10.1,nbody_6_original.js 50000000,57,1695221551,2832145,node,67.2,630960128,42860544,20905984,100.0,0.3,6.0,0.0,1:07,0,28278784,56700928,0,7218176,0.0,42860544,325,2,279,44,0,12.8,0.8,0.0,86.5,0.0,0.0,0.0,0.0,15794.9 MiB,3690.0 MiB,2207.6 MiB,9897.4 MiB,4096.0 MiB,3452.5 MiB,643.5 MiB,12891.4 MiB,,1,07.20
1,2017-07-11,nbody_50000000_original,7.10.1,nbody_6_original.js 50000000,58,1695221553,2832145,node,68.38,630960128,42860544,20905984,100.0,0.3,6.0,0.0,1:08,0,28278784,56700928,0,7218176,0.0,42860544,325,2,279,44,0,13.4,0.7,0.0,85.8,0.0,0.0,0.0,0.0,15794.9 MiB,3689.7 MiB,2207.8 MiB,9897.4 MiB,4096.0 MiB,3452.5 MiB,643.5 MiB,12891.2 MiB,,1,08.38
1,2017-07-11,nbody_50000000_original,7.10.1,nbody_6_original.js 50000000,59,1695221554,2832145,node,69.56,630960128,42860544,20905984,100.0,0.3,6.0,0.0,1:09,0,28278784,56700928,0,7218176,0.0,42860544,325,2,279,44,0,13.3,1.5,0.0,84.4,0.0,0.0,0.7,0.0,15794.9 MiB,3689.7 MiB,2207.8 MiB,9897.4 MiB,4096.0 MiB,3452.5 MiB,643.5 MiB,12891.2 MiB,,1,09.56
1,2017-07-11,nbody_50000000_original,7.10.1,nbody_6_original.js 50000000,60,1695221555,2832145,node,70.74,630960128,42860544,20905984,100.0,0.3,6.0,4.0,1:10,0,28278784,56700928,0,7218176,0.0,42860544,325,2,279,44,0,13.4,0.7,0.0,85.8,0.0,0.0,0.0,0.0,15794.9 MiB,3689.5 MiB,2208.0 MiB,9897.4 MiB,4096.0 MiB,3452.5 MiB,643.5 MiB,12891.0 MiB,,1,10.74
1,2017-07-11,nbody_50000000_original,7.10.1,nbody_6_original.js 50000000,61,1695221556,2832145,node,71.91,630960128,42860544,20905984,100.0,0.3,6.0,4.0,1:11,0,28278784,56700928,0,7218176,0.0,42860544,325,2,279,44,0,14.2,0.0,0.0,85.8,0.0,0.0,0.0,0.0,15794.9 MiB,3690.5 MiB,2207.0 MiB,9897.4 MiB,4096.0 MiB,3452.5 MiB,643.5 MiB,12892.0 MiB,,1,11.91
1,2017-07-11,nbody_50000000_original,7.10.1,nbody_6_original.js 50000000,62,1695221557,2832145,node,73.09,630960128,42860544,20905984,100.0,0.3,6.0,4.0,1:13,0,28278784,56700928,0,7218176,0.0,42860544,325,2,279,44,0,13.4,0.7,0.0,85.8,0.0,0.0,0.0,0.0,15794.9 MiB,3690.0 MiB,2207.5 MiB,9897.4 MiB,4096.0 MiB,3452.5 MiB,643.5 MiB,12891.5 MiB,,1,13.09
1,2017-07-11,nbody_50000000_original,7.10.1,nbody_6_original.js 50000000,63,1695221558,2832145,node,74.27,630960128,42860544,20905984,100.0,0.3,6.0,4.0,1:14,0,28278784,56700928,0,7218176,0.0,42860544,325,2,279,44,0,12.8,0.8,0.0,86.5,0.0,0.0,0.0,0.0,15794.9 MiB,3689.5 MiB,2208.0 MiB,9897.4 MiB,4096.0 MiB,3452.5 MiB,643.5 MiB,12891.0 MiB,,1,14.27
1,2017-07-11,nbody_50000000_original,7.10.1,nbody_6_original.js 50000000,64,1695221560,2832145,node,75.45,630960128,42860544,20905984,100.0,0.3,6.0,4.0,1:15,0,28278784,56700928,0,7218176,0.0,42860544,325,2,279,44,0,12.8,1.5,0.0,85.7,0.0,0.0,0.0,0.0,15794.9 MiB,3689.5 MiB,2208.0 MiB,9897.4 MiB,4096.0 MiB,3452.5 MiB,643.5 MiB,12891.0 MiB,,1,15.45
1,2017-07-11,nbody_50000000_original,7.10.1,nbody_6_original.js 50000000,65,1695221561,2832145,node,76.62,630960128,42860544,20905984,100.0,0.3,6.0,4.0,1:16,0,28278784,56700928,0,7218176,0.0,42860544,325,2,279,44,0,13.5,0.8,0.0,85.7,0.0,0.0,0.0,0.0,15794.9 MiB,3689.7 MiB,2207.8 MiB,9897.4 MiB,4096.0 MiB,3452.5 MiB,643.5 MiB,12891.2 MiB,,1,16.62
1,2017-07-11,nbody_50000000_original,7.10.1,nbody_6_original.js 50000000,66,1695221562,2832145,node,77.8,630960128,42860544,20905984,100.0,0.3,6.0,4.0,1:17,0,28278784,56700928,0,7218176,0.0,42860544,325,2,279,44,0,13.0,0.0,0.0,87.0,0.0,0.0,0.0,0.0,15794.9 MiB,3689.7 MiB,2207.8 MiB,9897.4 MiB,4096.0 MiB,3452.5 MiB,643.5 MiB,12891.2 MiB,,1,17.80
1,2017-07-11,nbody_50000000_original,7.10.1,nbody_6_original.js 50000000,67,1695221563,2832145,node,78.98,630960128,42860544,20905984,106.7,0.3,6.0,4.0,1:18,0,28278784,56700928,0,7218176,0.0,42860544,325,2,279,44,0,12.8,0.8,0.0,86.5,0.0,0.0,0.0,0.0,15794.9 MiB,3689.7 MiB,2207.8 MiB,9897.4 MiB,4096.0 MiB,3452.5 MiB,643.5 MiB,12891.2 MiB,,1,18.98
1,2017-07-11,nbody_50000000_original,7.10.1,nbody_6_original.js 50000000,68,1695221564,2832145,node,80.15,630960128,42860544,20905984,100.0,0.3,6.0,0.0,1:20,0,28278784,56700928,0,7218176,0.0,42860544,325,2,279,44,0,12.8,0.8,0.0,86.5,0.0,0.0,0.0,0.0,15794.9 MiB,3690.5 MiB,2207.0 MiB,9897.4 MiB,4096.0 MiB,3452.5 MiB,643.5 MiB,12892.0 MiB,,1,20.15
1,2017-07-11,nbody_50000000_original,7.10.1,nbody_6_original.js 50000000,69,1695221565,2832145,node,81.33,630960128,42860544,20905984,100.0,0.3,6.0,0.0,1:21,0,28278784,56700928,0,7218176,0.0,42860544,325,2,279,44,0,14.1,0.7,0.0,85.2,0.0,0.0,0.0,0.0,15794.9 MiB,3690.5 MiB,2207.0 MiB,9897.4 MiB,4096.0 MiB,3452.5 MiB,643.5 MiB,12892.0 MiB,,1,21.33
1,2017-07-11,nbody_50000000_original,7.10.1,nbody_6_original.js 50000000,70,1695221567,2832145,node,82.51,630960128,42860544,20905984,100.0,0.3,6.0,0.0,1:22,0,28278784,56700928,0,7218176,0.0,42860544,325,2,279,44,0,12.8,0.8,0.0,86.5,0.0,0.0,0.0,0.0,15794.9 MiB,3690.2 MiB,2207.3 MiB,9897.4 MiB,4096.0 MiB,3452.5 MiB,643.5 MiB,12891.7 MiB,,1,22.51
1,2017-07-11,nbody_50000000_original,7.10.1,nbody_6_original.js 50000000,71,1695221568,2832145,node,83.69,630960128,42860544,20905984,100.0,0.3,6.0,0.0,1:23,0,28278784,56700928,0,7218176,0.0,42860544,325,2,279,44,0,12.8,1.5,0.0,85.7,0.0,0.0,0.0,0.0,15794.9 MiB,3690.5 MiB,2207.0 MiB,9897.4 MiB,4096.0 MiB,3452.5 MiB,643.5 MiB,12892.0 MiB,,1,23.69
1,2017-07-11,nbody_50000000_original,7.10.1,nbody_6_original.js 50000000,72,1695221569,2832145,node,84.86,630960128,42860544,20905984,93.8,0.3,6.0,0.0,1:24,0,28278784,56700928,0,7218176,0.0,42860544,325,2,279,44,0,13.5,0.8,0.0,85.7,0.0,0.0,0.0,0.0,15794.9 MiB,3690.7 MiB,2206.8 MiB,9897.4 MiB,4096.0 MiB,3452.5 MiB,643.5 MiB,12892.2 MiB,,1,24.86
1,2017-07-11,nbody_50000000_original,7.10.1,nbody_6_original.js 50000000,73,1695221570,2832145,node,86.03999999999999,630960128,42860544,20905984,100.0,0.3,6.0,0.0,1:26,0,28278784,56700928,0,7218176,0.0,42860544,325,2,279,44,0,12.7,1.5,0.0,85.8,0.0,0.0,0.0,0.0,15794.9 MiB,3691.4 MiB,2206.0 MiB,9897.4 MiB,4096.0 MiB,3452.5 MiB,643.5 MiB,12893.0 MiB,,1,26.04
1,2017-07-11,nbody_50000000_original,7.10.1,nbody_6_original.js 50000000,74,1695221571,2832145,node,87.22,630960128,42860544,20905984,100.0,0.3,6.0,0.0,1:27,0,28278784,56700928,0,7218176,0.0,42860544,325,2,279,44,0,13.4,0.7,0.0,85.8,0.0,0.0,0.0,0.0,15794.9 MiB,3691.2 MiB,2206.3 MiB,9897.4 MiB,4096.0 MiB,3452.5 MiB,643.5 MiB,12892.7 MiB,,1,27.22
1,2017-07-11,nbody_50000000_original,7.10.1,nbody_6_original.js 50000000,75,1695221573,2832145,node,88.39,630960128,42860544,20905984,93.8,0.3,6.0,0.0,1:28,0,28278784,56700928,0,7218176,0.0,42860544,325,2,279,44,0,12.8,0.8,0.0,86.5,0.0,0.0,0.0,0.0,15794.9 MiB,3691.2 MiB,2206.3 MiB,9897.4 MiB,4096.0 MiB,3452.5 MiB,643.5 MiB,12892.7 MiB,,1,28.39
1,2017-07-11,nbody_50000000_original,7.10.1,nbody_6_original.js 50000000,76,1695221574,2832145,node,89.57,630960128,42860544,20905984,100.0,0.3,6.0,0.0,1:29,0,28278784,56700928,0,7218176,0.0,42860544,325,2,279,44,0,12.8,0.8,0.0,86.5,0.0,0.0,0.0,0.0,15794.9 MiB,3691.2 MiB,2206.3 MiB,9897.4 MiB,4096.0 MiB,3452.5 MiB,643.5 MiB,12892.7 MiB,,1,29.57
1,2017-07-11,nbody_50000000_original,7.10.1,nbody_6_original.js 50000000,77,1695221575,2832145,node,90.75,630960128,42860544,20905984,100.0,0.3,6.0,0.0,1:30,0,28278784,56700928,0,7218176,0.0,42860544,325,2,279,44,0,13.4,0.7,0.0,85.8,0.0,0.0,0.0,0.0,15794.9 MiB,3691.2 MiB,2206.2 MiB,9897.4 MiB,4096.0 MiB,3452.5 MiB,643.5 MiB,12892.7 MiB,,1,30.75
1,2017-07-11,nbody_50000000_original,7.10.1,nbody_6_original.js 50000000,78,1695221576,2832145,node,91.93,630960128,42860544,20905984,100.0,0.3,6.0,0.0,1:31,0,28278784,56700928,0,7218176,0.0,42860544,325,2,279,44,0,12.8,1.5,0.0,85.7,0.0,0.0,0.0,0.0,15794.9 MiB,3691.2 MiB,2206.2 MiB,9897.4 MiB,4096.0 MiB,3452.5 MiB,643.5 MiB,12892.8 MiB,,1,31.93
1,2017-07-11,nbody_50000000_original,7.10.1,nbody_6_original.js 50000000,79,1695221577,2832145,node,93.1,630960128,42860544,20905984,106.7,0.3,6.0,0.0,1:33,0,28278784,56700928,0,7218176,0.0,42860544,325,2,279,44,0,13.5,0.0,0.0,86.5,0.0,0.0,0.0,0.0,15794.9 MiB,3690.5 MiB,2207.0 MiB,9897.4 MiB,4096.0 MiB,3452.5 MiB,643.5 MiB,12892.0 MiB,,1,33.10
1,2017-07-11,nbody_50000000_original,7.10.1,nbody_6_original.js 50000000,80,1695221578,2832145,node,94.28,630960128,42860544,20905984,100.0,0.3,6.0,0.0,1:34,0,28278784,56700928,0,7218176,0.0,42860544,325,2,279,44,0,12.7,1.5,0.0,85.8,0.0,0.0,0.0,0.0,15794.9 MiB,3690.7 MiB,2206.7 MiB,9897.4 MiB,4096.0 MiB,3452.5 MiB,643.5 MiB,12892.3 MiB,,1,34.28
1,2017-07-11,nbody_50000000_original,7.10.1,nbody_6_original.js 50000000,81,1695221580,2832145,node,95.46000000000001,630960128,42860544,20905984,100.0,0.3,6.0,0.0,1:35,0,28278784,56700928,0,7218176,0.0,42860544,325,2,279,44,0,12.8,0.8,0.0,86.5,0.0,0.0,0.0,0.0,15794.9 MiB,3690.7 MiB,2206.7 MiB,9897.4 MiB,4096.0 MiB,3452.5 MiB,643.5 MiB,12892.3 MiB,,1,35.46
1,2017-07-11,nbody_50000000_original,7.10.1,nbody_6_original.js 50000000,82,1695221581,2832145,node,96.64,630960128,42860544,20905984,100.0,0.3,6.0,0.0,1:36,0,28278784,56700928,0,7218176,0.0,42860544,325,2,279,44,0,12.8,0.8,0.0,86.5,0.0,0.0,0.0,0.0,15794.9 MiB,3690.7 MiB,2206.9 MiB,9897.2 MiB,4096.0 MiB,3452.5 MiB,643.5 MiB,12892.3 MiB,,1,36.64
1,2017-07-11,nbody_50000000_original,7.10.1,nbody_6_original.js 50000000,83,1695221582,2832145,node,97.81,630960128,42860544,20905984,93.8,0.3,6.0,0.0,1:37,0,28278784,56700928,0,7218176,0.0,42860544,325,2,279,44,0,13.5,0.8,0.0,85.7,0.0,0.0,0.0,0.0,15794.9 MiB,3690.5 MiB,2207.2 MiB,9897.2 MiB,4096.0 MiB,3452.5 MiB,643.5 MiB,12892.0 MiB,,1,37.81
1,2017-07-11,nbody_50000000_original,7.10.1,nbody_6_original.js 50000000,84,1695221583,2832145,node,98.99000000000001,630960128,42860544,20905984,100.0,0.3,6.0,0.0,1:38,0,28278784,56700928,0,7218176,0.0,42860544,325,2,279,44,0,12.8,1.5,0.0,85.7,0.0,0.0,0.0,0.0,15794.9 MiB,3690.0 MiB,2207.7 MiB,9897.2 MiB,4096.0 MiB,3452.5 MiB,643.5 MiB,12891.5 MiB,,1,38.99
1,2017-07-11,nbody_50000000_original,7.10.1,nbody_6_original.js 50000000,85,1695221584,2832145,node,100.16,630960128,42860544,20905984,100.0,0.3,6.0,0.0,1:40,0,28278784,56700928,0,7218176,0.0,42860544,325,2,279,44,0,12.8,0.8,0.0,86.5,0.0,0.0,0.0,0.0,15794.9 MiB,3689.7 MiB,2207.9 MiB,9897.2 MiB,4096.0 MiB,3452.5 MiB,643.5 MiB,12891.3 MiB,,1,40.16
1,2017-07-11,nbody_50000000_original,7.10.1,nbody_6_original.js 50000000,86,1695221586,2832145,node,101.34,630960128,42860544,20905984,106.7,0.3,6.0,0.0,1:41,0,28278784,56700928,0,7218176,0.0,42860544,325,2,279,44,0,13.3,1.5,0.0,85.2,0.0,0.0,0.0,0.0,15794.9 MiB,3689.7 MiB,2207.9 MiB,9897.2 MiB,4096.0 MiB,3452.5 MiB,643.5 MiB,12891.3 MiB,,1,41.34
1,2017-07-11,nbody_50000000_original,7.10.1,nbody_6_original.js 50000000,87,1695221587,2832145,node,102.52000000000001,630960128,42860544,20905984,100.0,0.3,6.0,0.0,1:42,0,28278784,56700928,0,7218176,0.0,42860544,325,2,279,44,0,12.7,0.7,0.0,86.6,0.0,0.0,0.0,0.0,15794.9 MiB,3689.5 MiB,2208.1 MiB,9897.2 MiB,4096.0 MiB,3452.5 MiB,643.5 MiB,12891.1 MiB,,1,42.52
1,2017-07-11,nbody_50000000_original,7.10.1,nbody_6_original.js 50000000,88,1695221588,2832145,node,103.7,630960128,42860544,20905984,100.0,0.3,6.0,0.0,1:43,0,28278784,56700928,0,7218176,0.0,42860544,325,2,279,44,0,13.4,0.7,0.0,85.8,0.0,0.0,0.0,0.0,15794.9 MiB,3689.3 MiB,2208.4 MiB,9897.2 MiB,4096.0 MiB,3452.5 MiB,643.5 MiB,12890.8 MiB,,1,43.70
1,2017-07-11,nbody_50000000_original,7.10.1,nbody_6_original.js 50000000,89,1695221589,2832145,node,104.87,630960128,42860544,20905984,93.8,0.3,6.0,0.0,1:44,0,28278784,56700928,0,7218176,0.0,42860544,325,2,279,44,0,12.8,0.8,0.0,86.5,0.0,0.0,0.0,0.0,15794.9 MiB,3689.3 MiB,2208.4 MiB,9897.2 MiB,4096.0 MiB,3452.5 MiB,643.5 MiB,12890.8 MiB,,1,44.87
1,2017-07-11,nbody_50000000_original,7.10.1,nbody_6_original.js 50000000,90,1695221590,2832145,node,106.05,630960128,42860544,20905984,106.7,0.3,6.0,0.0,1:46,0,28278784,56700928,0,7218176,0.0,42860544,325,2,279,44,0,12.8,1.5,0.0,85.7,0.0,0.0,0.0,0.0,15794.9 MiB,3689.3 MiB,2208.4 MiB,9897.2 MiB,4096.0 MiB,3452.5 MiB,643.5 MiB,12890.8 MiB,,1,46.05
1,2017-07-11,nbody_50000000_original,7.10.1,nbody_6_original.js 50000000,91,1695221591,2832145,node,107.22,630960128,42860544,20905984,93.8,0.3,6.0,0.0,1:47,0,28278784,56700928,0,7218176,0.0,42860544,325,2,279,44,0,11.9,2.2,0.0,85.8,0.0,0.0,0.0,0.0,15794.9 MiB,3689.5 MiB,2208.1 MiB,9897.2 MiB,4096.0 MiB,3452.5 MiB,643.5 MiB,12891.1 MiB,,1,47.22
1,2017-07-11,nbody_50000000_original,7.10.1,nbody_6_original.js 50000000,92,1695221593,2832145,node,108.4,630960128,42860544,20905984,100.0,0.3,6.0,4.0,1:48,0,28278784,56700928,0,7218176,0.0,42860544,325,2,279,44,0,13.3,0.7,0.0,85.9,0.0,0.0,0.0,0.0,15794.9 MiB,3689.5 MiB,2208.1 MiB,9897.2 MiB,4096.0 MiB,3452.5 MiB,643.5 MiB,12891.1 MiB,,1,48.40
1,2017-07-11,nbody_50000000_original,7.10.1,nbody_6_original.js 50000000,93,1695221594,2832145,node,109.58,630960128,42860544,20905984,100.0,0.3,6.0,4.0,1:49,0,28278784,56700928,0,7218176,0.0,42860544,325,2,279,44,0,12.7,1.5,0.0,85.8,0.0,0.0,0.0,0.0,15794.9 MiB,3690.5 MiB,2207.1 MiB,9897.2 MiB,4096.0 MiB,3452.5 MiB,643.5 MiB,12892.1 MiB,,1,49.58
1,2017-07-11,nbody_50000000_original,7.10.1,nbody_6_original.js 50000000,94,1695221595,2832145,node,110.75,630960128,42860544,20905984,100.0,0.3,6.0,4.0,1:50,0,28278784,56700928,0,7218176,0.0,42860544,325,2,279,44,0,12.7,1.5,0.0,85.1,0.7,0.0,0.0,0.0,15794.9 MiB,3690.5 MiB,2207.1 MiB,9897.2 MiB,4096.0 MiB,3452.5 MiB,643.5 MiB,12892.1 MiB,,1,50.75
1,2017-07-11,nbody_50000000_original,7.10.1,nbody_6_original.js 50000000,95,1695221596,2832145,node,111.93,630960128,42860544,20905984,100.0,0.3,6.0,4.0,1:51,0,28278784,56700928,0,7218176,0.0,42860544,325,2,279,44,0,12.0,1.5,0.0,86.5,0.0,0.0,0.0,0.0,15794.9 MiB,3690.7 MiB,2206.9 MiB,9897.2 MiB,4096.0 MiB,3452.5 MiB,643.5 MiB,12892.3 MiB,,1,51.93
1,2017-07-11,nbody_50000000_original,7.10.1,nbody_6_original.js 50000000,96,1695221597,2832145,node,113.12,630960128,42860544,20905984,100.0,0.3,6.0,4.0,1:53,0,28278784,56700928,0,7218176,0.0,42860544,325,2,279,44,0,12.8,1.5,0.0,85.7,0.0,0.0,0.0,0.0,15794.9 MiB,3691.0 MiB,2206.6 MiB,9897.3 MiB,4096.0 MiB,3452.5 MiB,643.5 MiB,12892.5 MiB,,1,53.12
1,2017-07-11,nbody_50000000_original,7.10.1,nbody_6_original.js 50000000,97,1695221598,2832145,node,114.28999999999999,630960128,42860544,20905984,100.0,0.3,6.0,4.0,1:54,0,28278784,56700928,0,7218176,0.0,42860544,325,2,279,44,0,12.7,1.5,0.0,85.8,0.0,0.0,0.0,0.0,15794.9 MiB,3691.7 MiB,2205.9 MiB,9897.3 MiB,4096.0 MiB,3452.5 MiB,643.5 MiB,12893.3 MiB,,1,54.29
1,2017-07-11,nbody_50000000_original,7.10.1,nbody_6_original.js 50000000,98,1695221600,2832145,node,115.47,630960128,42860544,20905984,100.0,0.3,6.0,4.0,1:55,0,28278784,56700928,0,7218176,0.0,42860544,325,3,278,44,0,12.1,1.5,0.0,86.4,0.0,0.0,0.0,0.0,15794.9 MiB,3691.0 MiB,2206.6 MiB,9897.3 MiB,4096.0 MiB,3452.5 MiB,643.5 MiB,12892.6 MiB,,1,55.47
1,2017-07-11,nbody_50000000_original,7.10.1,nbody_6_original.js 50000000,99,1695221601,2832145,node,116.65,630960128,42860544,20905984,100.0,0.3,6.0,0.0,1:56,0,28278784,56700928,0,7218176,0.0,42860544,325,2,279,44,0,14.2,0.0,0.0,85.1,0.7,0.0,0.0,0.0,15794.9 MiB,3691.5 MiB,2206.1 MiB,9897.3 MiB,4096.0 MiB,3452.5 MiB,643.5 MiB,12893.0 MiB,,1,56.65
1,2017-07-11,nbody_50000000_original,7.10.1,nbody_6_original.js 50000000,100,1695221602,2832145,node,117.82,630960128,42860544,20905984,100.0,0.3,6.0,0.0,1:57,0,28278784,56700928,0,7218176,0.0,42860544,325,2,279,44,0,12.8,0.8,0.0,86.5,0.0,0.0,0.0,0.0,15794.9 MiB,3691.5 MiB,2206.1 MiB,9897.3 MiB,4096.0 MiB,3452.5 MiB,643.5 MiB,12893.0 MiB,,1,57.82
1,2017-07-11,nbody_50000000_original,7.10.1,nbody_6_original.js 50000000,101,1695221603,2832145,node,119.0,630960128,42860544,20905984,100.0,0.3,6.0,4.0,1:59,0,28278784,56700928,0,7218176,0.0,42860544,325,2,279,44,0,14.0,1.5,0.0,84.6,0.0,0.0,0.0,0.0,15794.9 MiB,3690.7 MiB,2206.9 MiB,9897.3 MiB,4096.0 MiB,3452.5 MiB,643.5 MiB,12892.3 MiB,,1,59.00
1,2017-07-11,nbody_50000000_original,7.10.1,nbody_6_original.js 50000000,102,1695221604,2832145,node,120.18,630960128,42860544,20905984,100.0,0.3,6.0,4.0,2:00,0,28278784,56700928,0,7218176,0.0,42860544,325,2,279,44,0,13.5,0.8,0.0,85.7,0.0,0.0,0.0,0.0,15794.9 MiB,3690.7 MiB,2206.9 MiB,9897.3 MiB,4096.0 MiB,3452.5 MiB,643.5 MiB,12892.3 MiB,,2,00.18
1,2017-07-11,nbody_50000000_original,7.10.1,nbody_6_original.js 50000000,103,1695221606,2832145,node,121.36,630960128,42860544,20905984,100.0,0.3,6.0,4.0,2:01,0,28278784,56700928,0,7218176,0.0,42860544,325,2,279,44,0,12.7,1.5,0.0,85.8,0.0,0.0,0.0,0.0,15794.9 MiB,3690.5 MiB,2207.1 MiB,9897.3 MiB,4096.0 MiB,3452.5 MiB,643.5 MiB,12892.1 MiB,,2,01.36
1,2017-07-11,nbody_50000000_original,7.10.1,nbody_6_original.js 50000000,104,1695221607,2832145,node,122.53,630960128,42860544,20905984,100.0,0.3,6.0,4.0,2:02,0,28278784,56700928,0,7218176,0.0,42860544,325,2,279,44,0,12.7,1.5,0.0,85.8,0.0,0.0,0.0,0.0,15794.9 MiB,3689.8 MiB,2207.8 MiB,9897.3 MiB,4096.0 MiB,3452.5 MiB,643.5 MiB,12891.3 MiB,,2,02.53
1,2017-07-11,nbody_50000000_original,7.10.1,nbody_6_original.js 50000000,105,1695221608,2832145,node,123.71,630960128,42860544,20905984,100.0,0.3,6.0,0.0,2:03,0,28278784,56700928,0,7218176,0.0,42860544,325,2,279,44,0,12.7,1.5,0.0,85.8,0.0,0.0,0.0,0.0,15794.9 MiB,3689.8 MiB,2207.8 MiB,9897.3 MiB,4096.0 MiB,3452.5 MiB,643.5 MiB,12891.3 MiB,,2,03.71
1,2017-07-11,nbody_50000000_original,7.10.1,nbody_6_original.js 50000000,106,1695221609,2832145,node,124.88,630960128,42860544,20905984,93.8,0.3,6.0,0.0,2:04,0,28278784,56700928,0,7218176,0.0,42860544,325,2,279,44,0,13.4,0.7,0.0,85.8,0.0,0.0,0.0,0.0,15794.9 MiB,3689.8 MiB,2207.8 MiB,9897.3 MiB,4096.0 MiB,3452.5 MiB,643.5 MiB,12891.3 MiB,,2,04.88
1,2017-07-11,nbody_50000000_original,7.10.1,nbody_6_original.js 50000000,107,1695221610,2832145,node,126.06,630960128,42860544,20905984,100.0,0.3,6.0,0.0,2:06,0,28278784,56700928,0,7218176,0.0,42860544,325,2,279,44,0,12.0,1.5,0.0,86.5,0.0,0.0,0.0,0.0,15794.9 MiB,3689.5 MiB,2208.1 MiB,9897.3 MiB,4096.0 MiB,3452.5 MiB,643.5 MiB,12891.1 MiB,,2,06.06
1,2017-07-11,nbody_50000000_original,7.10.1,nbody_6_original.js 50000000,108,1695221611,2832145,node,127.24,630960128,42860544,20905984,100.0,0.3,6.0,0.0,2:07,0,28278784,56700928,0,7218176,0.0,42860544,325,2,279,44,0,12.4,1.5,0.0,86.1,0.0,0.0,0.0,0.0,15794.9 MiB,3689.5 MiB,2208.1 MiB,9897.3 MiB,4096.0 MiB,3452.5 MiB,643.5 MiB,12891.1 MiB,,2,07.24
1,2017-07-11,nbody_50000000_original,7.10.1,nbody_6_original.js 50000000,109,1695221613,2832145,node,128.42,630960128,42860544,20905984,100.0,0.3,6.0,0.0,2:08,0,28278784,56700928,0,7218176,0.0,42860544,325,2,279,44,0,12.0,1.5,0.0,86.5,0.0,0.0,0.0,0.0,15794.9 MiB,3689.0 MiB,2208.6 MiB,9897.3 MiB,4096.0 MiB,3452.5 MiB,643.5 MiB,12890.6 MiB,,2,08.42
1,2017-07-11,nbody_50000000_original,7.10.1,nbody_6_original.js 50000000,110,1695221614,2832145,node,129.6,630960128,42860544,20905984,100.0,0.3,6.0,0.0,2:09,0,28278784,56700928,0,7218176,0.0,42860544,325,2,279,44,0,14.9,0.7,0.0,84.3,0.0,0.0,0.0,0.0,15794.9 MiB,3688.8 MiB,2208.8 MiB,9897.3 MiB,4096.0 MiB,3452.5 MiB,643.5 MiB,12890.4 MiB,,2,09.60
1,2017-07-11,nbody_50000000_original,7.10.1,nbody_6_original.js 50000000,111,1695221615,2832145,node,130.78,630960128,42860544,20905984,106.7,0.3,6.0,0.0,2:10,0,28278784,56700928,0,7218176,0.0,42860544,325,2,279,44,0,13.4,0.7,0.0,85.8,0.0,0.0,0.0,0.0,15794.9 MiB,3688.3 MiB,2209.3 MiB,9897.3 MiB,4096.0 MiB,3452.5 MiB,643.5 MiB,12889.9 MiB,,2,10.78
1,2017-07-11,nbody_50000000_original,7.10.1,nbody_6_original.js 50000000,112,1695221616,2832145,node,131.96,630960128,42860544,20905984,100.0,0.3,6.0,4.0,2:11,0,28278784,56700928,0,7218176,0.0,42860544,325,2,279,44,0,12.7,1.5,0.0,85.8,0.0,0.0,0.0,0.0,15794.9 MiB,3688.3 MiB,2209.3 MiB,9897.3 MiB,4096.0 MiB,3452.5 MiB,643.5 MiB,12889.9 MiB,,2,11.96
1,2017-07-11,nbody_50000000_original,7.10.1,nbody_6_original.js 50000000,113,1695221617,2832145,node,133.13,630960128,42860544,20905984,100.0,0.3,6.0,4.0,2:13,0,28278784,56700928,0,7218176,0.0,42860544,325,2,279,44,0,13.4,0.0,0.0,86.6,0.0,0.0,0.0,0.0,15794.9 MiB,3688.0 MiB,2209.5 MiB,9897.3 MiB,4096.0 MiB,3452.5 MiB,643.5 MiB,12889.6 MiB,,2,13.13
1,2017-07-11,nbody_50000000_original,7.10.1,nbody_6_original.js 50000000,114,1695221618,2832145,node,134.31,630960128,42860544,20905984,100.0,0.3,6.0,4.0,2:14,0,28278784,56700928,0,7218176,0.0,42860544,325,2,279,44,0,12.9,0.8,0.0,86.4,0.0,0.0,0.0,0.0,15794.9 MiB,3687.5 MiB,2210.0 MiB,9897.3 MiB,4096.0 MiB,3452.5 MiB,643.5 MiB,12889.1 MiB,,2,14.31
1,2017-07-11,nbody_50000000_original,7.10.1,nbody_6_original.js 50000000,115,1695221620,2832145,node,135.49,630960128,42860544,20905984,106.7,0.3,6.0,4.0,2:15,0,28278784,56700928,0,7218176,0.0,42860544,325,2,279,44,0,13.5,0.0,0.0,86.5,0.0,0.0,0.0,0.0,15794.9 MiB,3687.5 MiB,2210.0 MiB,9897.3 MiB,4096.0 MiB,3452.5 MiB,643.5 MiB,12889.1 MiB,,2,15.49
1,2017-07-11,nbody_50000000_original,7.10.1,nbody_6_original.js 50000000,116,1695221621,2832145,node,136.66,630960128,42860544,20905984,100.0,0.3,6.0,4.0,2:16,0,28278784,56700928,0,7218176,0.0,42860544,325,2,279,44,0,12.8,0.8,0.0,86.5,0.0,0.0,0.0,0.0,15794.9 MiB,3687.8 MiB,2209.8 MiB,9897.3 MiB,4096.0 MiB,3452.5 MiB,643.5 MiB,12889.4 MiB,,2,16.66
1,2017-07-11,nbody_50000000_original,7.10.1,nbody_6_original.js 50000000,117,1695221622,2832145,node,137.84,630960128,42860544,20905984,100.0,0.3,6.0,4.0,2:17,0,28278784,56700928,0,7218176,0.0,42860544,325,2,279,44,0,12.7,1.5,0.0,85.8,0.0,0.0,0.0,0.0,15794.9 MiB,3687.8 MiB,2209.8 MiB,9897.3 MiB,4096.0 MiB,3452.5 MiB,643.5 MiB,12889.4 MiB,,2,17.84
1,2017-07-11,nbody_50000000_original,7.10.1,nbody_6_original.js 50000000,118,1695221623,2832145,node,139.02,630960128,42860544,20905984,100.0,0.3,6.0,0.0,2:19,0,28278784,56700928,0,7218176,0.0,42860544,325,2,279,44,0,13.4,0.7,0.0,85.8,0.0,0.0,0.0,0.0,15794.9 MiB,3687.5 MiB,2210.0 MiB,9897.3 MiB,4096.0 MiB,3452.5 MiB,643.5 MiB,12889.2 MiB,,2,19.02
1,2017-07-11,nbody_50000000_original,7.10.1,nbody_6_original.js 50000000,119,1695221624,2832145,node,140.19,630960128,42860544,20905984,100.0,0.3,6.0,0.0,2:20,0,28278784,56700928,0,7218176,0.0,42860544,325,2,279,44,0,13.5,0.0,0.0,86.5,0.0,0.0,0.0,0.0,15794.9 MiB,3687.5 MiB,2210.0 MiB,9897.3 MiB,4096.0 MiB,3452.5 MiB,643.5 MiB,12889.2 MiB,,2,20.19
1,2017-07-11,nbody_50000000_original,7.10.1,nbody_6_original.js 50000000,120,1695221626,2832145,node,141.37,630960128,42860544,20905984,100.0,0.3,6.0,0.0,2:21,0,28278784,56700928,0,7218176,0.0,42860544,325,2,279,44,0,12.8,0.8,0.0,86.5,0.0,0.0,0.0,0.0,15794.9 MiB,3688.0 MiB,2209.5 MiB,9897.3 MiB,4096.0 MiB,3452.5 MiB,643.5 MiB,12889.7 MiB,,2,21.37
1,2017-07-11,nbody_50000000_original,7.10.1,nbody_6_original.js 50000000,121,1695221627,2832145,node,142.55,630960128,42860544,20905984,100.0,0.3,6.0,0.0,2:22,0,28278784,56700928,0,7218176,0.0,42860544,325,2,279,44,0,12.8,1.5,0.0,85.7,0.0,0.0,0.0,0.0,15794.9 MiB,3688.3 MiB,2209.3 MiB,9897.3 MiB,4096.0 MiB,3452.5 MiB,643.5 MiB,12889.9 MiB,,2,22.55
1,2017-07-11,nbody_50000000_original,7.10.1,nbody_6_original.js 50000000,122,1695221628,2832145,node,143.73,630960128,42860544,20905984,100.0,0.3,6.0,0.0,2:23,0,28278784,56700928,0,7218176,0.0,42860544,325,2,279,44,0,13.2,1.5,0.0,85.3,0.0,0.0,0.0,0.0,15794.9 MiB,3687.5 MiB,2210.0 MiB,9897.3 MiB,4096.0 MiB,3452.5 MiB,643.5 MiB,12889.2 MiB,,2,23.73
1,2017-07-11,nbody_50000000_original,7.10.1,nbody_6_original.js 50000000,123,1695221629,2832145,node,144.91,630960128,42860544,20905984,100.0,0.3,6.0,0.0,2:24,0,28278784,56700928,0,7218176,0.0,42860544,325,2,279,44,0,12.7,1.5,0.0,85.1,0.7,0.0,0.0,0.0,15794.9 MiB,3687.3 MiB,2210.3 MiB,9897.3 MiB,4096.0 MiB,3452.5 MiB,643.5 MiB,12888.9 MiB,,2,24.91
1,2017-07-11,nbody_50000000_original,7.10.1,nbody_6_original.js 50000000,124,1695221630,2832145,node,146.09,630960128,42860544,20905984,100.0,0.3,6.0,0.0,2:26,0,28278784,56700928,0,7218176,0.0,42860544,325,2,279,44,0,13.4,0.7,0.0,85.8,0.0,0.0,0.0,0.0,15794.9 MiB,3686.8 MiB,2210.8 MiB,9897.3 MiB,4096.0 MiB,3452.5 MiB,643.5 MiB,12888.4 MiB,,2,26.09
1,2017-07-11,nbody_50000000_original,7.10.1,nbody_6_original.js 50000000,125,1695221631,2832145,node,147.26,630960128,42860544,20905984,93.8,0.3,6.0,0.0,2:27,0,28278784,56700928,0,7218176,0.0,42860544,325,2,279,44,0,13.4,0.7,0.0,85.8,0.0,0.0,0.0,0.0,15794.9 MiB,3686.8 MiB,2210.8 MiB,9897.3 MiB,4096.0 MiB,3452.5 MiB,643.5 MiB,12888.4 MiB,,2,27.26
1,2017-07-11,nbody_50000000_original,7.10.1,nbody_6_original.js 50000000,126,1695221633,2832145,node,148.44,630960128,42860544,20905984,100.0,0.3,6.0,0.0,2:28,0,28278784,56700928,0,7218176,0.0,42860544,325,2,279,44,0,12.9,0.8,0.0,86.4,0.0,0.0,0.0,0.0,15794.9 MiB,3686.6 MiB,2211.0 MiB,9897.3 MiB,4096.0 MiB,3452.5 MiB,643.5 MiB,12888.2 MiB,,2,28.44
1,2017-07-11,nbody_50000000_original,7.10.1,nbody_6_original.js 50000000,127,1695221634,2832145,node,149.62,630960128,42860544,20905984,100.0,0.3,6.0,0.0,2:29,0,28278784,56700928,0,7218176,0.0,42860544,325,2,279,44,0,13.5,0.8,0.0,85.7,0.0,0.0,0.0,0.0,15794.9 MiB,3686.8 MiB,2210.7 MiB,9897.3 MiB,4096.0 MiB,3452.5 MiB,643.5 MiB,12888.4 MiB,,2,29.62
2,2017-07-11,nbody_50000000_original,7.10.1,nbody_6_original.js 50000000,0,1695221635,2832940,node,0.16,618377216,30375936,20852736,100.0,0.2,6.0,2.0,0:00,0,28278784,44118016,0,4083712,0.0,30375936,325,2,279,44,0,13.0,1.5,0.0,85.5,0.0,0.0,0.0,0.0,15794.9 MiB,3688.3 MiB,2201.1 MiB,9905.5 MiB,4096.0 MiB,3452.5 MiB,643.5 MiB,12889.9 MiB,,0,00.16
2,2017-07-11,nbody_50000000_original,7.10.1,nbody_6_original.js 50000000,1,1695221636,2832940,node,1.34,618377216,30375936,20852736,100.0,0.2,6.0,2.0,0:01,0,28278784,44118016,0,4083712,0.0,30375936,325,2,279,44,0,13.4,0.7,0.0,85.8,0.0,0.0,0.0,0.0,15794.9 MiB,3688.5 MiB,2200.8 MiB,9905.5 MiB,4096.0 MiB,3452.5 MiB,643.5 MiB,12890.2 MiB,,0,01.34
2,2017-07-11,nbody_50000000_original,7.10.1,nbody_6_original.js 50000000,2,1695221637,2832940,node,2.51,618377216,30375936,20852736,93.8,0.2,6.0,2.0,0:02,0,28278784,44118016,0,4083712,0.0,30375936,325,2,279,44,0,12.8,0.8,0.0,86.5,0.0,0.0,0.0,0.0,15794.9 MiB,3696.2 MiB,2201.2 MiB,9897.5 MiB,4096.0 MiB,3452.5 MiB,643.5 MiB,12897.8 MiB,,0,02.51
2,2017-07-11,nbody_50000000_original,7.10.1,nbody_6_original.js 50000000,3,1695221639,2832940,node,3.69,618377216,30375936,20852736,100.0,0.2,6.0,2.0,0:03,0,28278784,44118016,0,4083712,0.0,30375936,325,2,279,44,0,13.4,1.5,0.0,85.1,0.0,0.0,0.0,0.0,15794.9 MiB,3696.2 MiB,2201.2 MiB,9897.5 MiB,4096.0 MiB,3452.5 MiB,643.5 MiB,12897.8 MiB,,0,03.69
2,2017-07-11,nbody_50000000_original,7.10.1,nbody_6_original.js 50000000,4,1695221640,2832940,node,4.87,618377216,30375936,20852736,100.0,0.2,6.0,2.0,0:04,0,28278784,44118016,0,4083712,0.0,30375936,325,2,279,44,0,12.6,1.5,0.0,85.9,0.0,0.0,0.0,0.0,15794.9 MiB,3695.9 MiB,2201.4 MiB,9897.5 MiB,4096.0 MiB,3452.5 MiB,643.5 MiB,12897.6 MiB,,0,04.87
2,2017-07-11,nbody_50000000_original,7.10.1,nbody_6_original.js 50000000,5,1695221641,2832940,node,6.05,618377216,30375936,20852736,100.0,0.2,6.0,6.0,0:06,0,28278784,44118016,0,4083712,0.0,30375936,325,2,279,44,0,13.4,1.5,0.0,84.3,0.7,0.0,0.0,0.0,15794.9 MiB,3696.7 MiB,2200.7 MiB,9897.5 MiB,4096.0 MiB,3452.5 MiB,643.5 MiB,12898.3 MiB,,0,06.05
2,2017-07-11,nbody_50000000_original,7.10.1,nbody_6_original.js 50000000,6,1695221642,2832940,node,7.22,618377216,30375936,20852736,93.8,0.2,6.0,6.0,0:07,0,28278784,44118016,0,4083712,0.0,30375936,325,2,279,44,0,12.8,0.8,0.0,86.5,0.0,0.0,0.0,0.0,15794.9 MiB,3697.7 MiB,2199.7 MiB,9897.5 MiB,4096.0 MiB,3452.5 MiB,643.5 MiB,12899.3 MiB,,0,07.22
2,2017-07-11,nbody_50000000_original,7.10.1,nbody_6_original.js 50000000,7,1695221643,2832940,node,8.4,618377216,30375936,20852736,100.0,0.2,6.0,6.0,0:08,0,28278784,44118016,0,4083712,0.0,30375936,325,2,279,44,0,13.4,0.7,0.0,85.8,0.0,0.0,0.0,0.0,15794.9 MiB,3696.9 MiB,2200.4 MiB,9897.6 MiB,4096.0 MiB,3452.5 MiB,643.5 MiB,12898.6 MiB,,0,08.40
2,2017-07-11,nbody_50000000_original,7.10.1,nbody_6_original.js 50000000,8,1695221644,2832940,node,9.58,622571520,34426880,20852736,100.0,0.2,6.0,6.0,0:09,0,28278784,48312320,0,5132288,0.0,34426880,325,2,279,44,0,12.7,1.5,0.0,85.8,0.0,0.0,0.0,0.0,15794.9 MiB,3693.7 MiB,2203.6 MiB,9897.6 MiB,4096.0 MiB,3452.5 MiB,643.5 MiB,12895.4 MiB,,0,09.58
2,2017-07-11,nbody_50000000_original,7.10.1,nbody_6_original.js 50000000,9,1695221646,2832940,node,10.76,622571520,34426880,20852736,100.0,0.2,6.0,6.0,0:10,0,28278784,48312320,0,5132288,0.0,34426880,325,3,278,44,0,13.4,0.7,0.0,85.8,0.0,0.0,0.0,0.0,15794.9 MiB,3695.2 MiB,2202.1 MiB,9897.6 MiB,4096.0 MiB,3452.5 MiB,643.5 MiB,12896.8 MiB,,0,10.76
2,2017-07-11,nbody_50000000_original,7.10.1,nbody_6_original.js 50000000,10,1695221647,2832940,node,11.94,622571520,34426880,20852736,100.0,0.2,6.0,6.0,0:11,0,28278784,48312320,0,5132288,0.0,34426880,325,2,279,44,0,13.4,1.5,0.0,85.1,0.0,0.0,0.0,0.0,15794.9 MiB,3695.7 MiB,2201.6 MiB,9897.6 MiB,4096.0 MiB,3452.5 MiB,643.5 MiB,12897.4 MiB,,0,11.94
2,2017-07-11,nbody_50000000_original,7.10.1,nbody_6_original.js 50000000,11,1695221648,2832940,node,13.11,622571520,34426880,20852736,93.8,0.2,6.0,6.0,0:13,0,28278784,48312320,0,5132288,0.0,34426880,325,2,279,44,0,12.7,2.2,0.0,85.1,0.0,0.0,0.0,0.0,15794.9 MiB,3695.9 MiB,2201.3 MiB,9897.6 MiB,4096.0 MiB,3452.5 MiB,643.5 MiB,12897.6 MiB,,0,13.11
2,2017-07-11,nbody_50000000_original,7.10.1,nbody_6_original.js 50000000,12,1695221649,2832940,node,14.29,622571520,34426880,20852736,100.0,0.2,6.0,2.0,0:14,0,28278784,48312320,0,5132288,0.0,34426880,325,2,279,44,0,13.3,1.5,0.0,85.2,0.0,0.0,0.0,0.0,15794.9 MiB,3695.9 MiB,2201.3 MiB,9897.6 MiB,4096.0 MiB,3452.5 MiB,643.5 MiB,12897.6 MiB,,0,14.29
2,2017-07-11,nbody_50000000_original,7.10.1,nbody_6_original.js 50000000,13,1695221650,2832940,node,15.46,622571520,34426880,20852736,100.0,0.2,6.0,2.0,0:15,0,28278784,48312320,0,5132288,0.0,34426880,325,2,279,44,0,13.4,0.7,0.0,85.8,0.0,0.0,0.0,0.0,15794.9 MiB,3695.5 MiB,2201.8 MiB,9897.6 MiB,4096.0 MiB,3452.5 MiB,643.5 MiB,12897.1 MiB,,0,15.46
2,2017-07-11,nbody_50000000_original,7.10.1,nbody_6_original.js 50000000,14,1695221651,2832940,node,16.64,622571520,34426880,20852736,100.0,0.2,6.0,2.0,0:16,0,28278784,48312320,0,5132288,0.0,34426880,325,2,279,44,0,12.8,0.8,0.0,85.7,0.8,0.0,0.0,0.0,15794.9 MiB,3695.5 MiB,2201.8 MiB,9897.6 MiB,4096.0 MiB,3452.5 MiB,643.5 MiB,12897.1 MiB,,0,16.64
2,2017-07-11,nbody_50000000_original,7.10.1,nbody_6_original.js 50000000,15,1695221653,2832940,node,17.81,622571520,34426880,20852736,100.0,0.2,6.0,2.0,0:17,0,28278784,48312320,0,5132288,0.0,34426880,325,2,279,44,0,13.5,0.0,0.0,86.5,0.0,0.0,0.0,0.0,15794.9 MiB,3696.0 MiB,2201.3 MiB,9897.6 MiB,4096.0 MiB,3452.5 MiB,643.5 MiB,12897.6 MiB,,0,17.81
2,2017-07-11,nbody_50000000_original,7.10.1,nbody_6_original.js 50000000,16,1695221654,2832940,node,18.99,622571520,34426880,20852736,100.0,0.2,6.0,2.0,0:18,0,28278784,48312320,0,5132288,0.0,34426880,325,2,279,44,0,12.7,1.5,0.0,85.8,0.0,0.0,0.0,0.0,15794.9 MiB,3696.2 MiB,2201.1 MiB,9897.6 MiB,4096.0 MiB,3452.5 MiB,643.5 MiB,12897.9 MiB,,0,18.99
2,2017-07-11,nbody_50000000_original,7.10.1,nbody_6_original.js 50000000,17,1695221655,2832940,node,20.17,622571520,34426880,20852736,100.0,0.2,6.0,2.0,0:20,0,28278784,48312320,0,5132288,0.0,34426880,325,2,279,44,0,12.9,0.8,0.0,86.4,0.0,0.0,0.0,0.0,15794.9 MiB,3696.9 MiB,2200.3 MiB,9897.6 MiB,4096.0 MiB,3452.5 MiB,643.5 MiB,12898.6 MiB,,0,20.17
2,2017-07-11,nbody_50000000_original,7.10.1,nbody_6_original.js 50000000,18,1695221656,2832940,node,21.35,622571520,34426880,20852736,100.0,0.2,6.0,2.0,0:21,0,28278784,48312320,0,5132288,0.0,34426880,325,2,279,44,0,13.4,0.7,0.0,85.8,0.0,0.0,0.0,0.0,15794.9 MiB,3696.0 MiB,2201.3 MiB,9897.6 MiB,4096.0 MiB,3452.5 MiB,643.5 MiB,12897.6 MiB,,0,21.35
2,2017-07-11,nbody_50000000_original,7.10.1,nbody_6_original.js 50000000,19,1695221657,2832940,node,22.52,622571520,34426880,20852736,93.8,0.2,6.0,2.0,0:22,0,28278784,48312320,0,5132288,0.0,34426880,325,2,279,44,0,12.7,0.7,0.0,86.6,0.0,0.0,0.0,0.0,15794.9 MiB,3695.5 MiB,2201.8 MiB,9897.6 MiB,4096.0 MiB,3452.5 MiB,643.5 MiB,12897.1 MiB,,0,22.52
2,2017-07-11,nbody_50000000_original,7.10.1,nbody_6_original.js 50000000,20,1695221659,2832940,node,23.7,622571520,34426880,20852736,100.0,0.2,6.0,2.0,0:23,0,28278784,48312320,0,5132288,0.0,34426880,325,2,279,44,0,12.8,0.8,0.0,86.5,0.0,0.0,0.0,0.0,15794.9 MiB,3695.7 MiB,2201.6 MiB,9897.6 MiB,4096.0 MiB,3452.5 MiB,643.5 MiB,12897.4 MiB,,0,23.70
2,2017-07-11,nbody_50000000_original,7.10.1,nbody_6_original.js 50000000,21,1695221660,2832940,node,24.88,622571520,34426880,20852736,100.0,0.2,6.0,2.0,0:24,0,28278784,48312320,0,5132288,0.0,34426880,325,2,279,44,0,13.3,1.5,0.0,85.2,0.0,0.0,0.0,0.0,15794.9 MiB,3695.2 MiB,2202.0 MiB,9897.6 MiB,4096.0 MiB,3452.5 MiB,643.5 MiB,12896.9 MiB,,0,24.88
2,2017-07-11,nbody_50000000_original,7.10.1,nbody_6_original.js 50000000,22,1695221661,2832940,node,26.05,622571520,34426880,20852736,93.8,0.2,6.0,2.0,0:26,0,28278784,48312320,0,5132288,0.0,34426880,325,2,279,44,0,12.8,0.8,0.0,86.5,0.0,0.0,0.0,0.0,15794.9 MiB,3696.2 MiB,2201.1 MiB,9897.6 MiB,4096.0 MiB,3452.5 MiB,643.5 MiB,12897.9 MiB,,0,26.05
2,2017-07-11,nbody_50000000_original,7.10.1,nbody_6_original.js 50000000,23,1695221662,2832940,node,27.23,622571520,34426880,20852736,100.0,0.2,6.0,2.0,0:27,0,28278784,48312320,0,5132288,0.0,34426880,325,2,279,44,0,12.8,0.8,0.0,86.5,0.0,0.0,0.0,0.0,15794.9 MiB,3695.7 MiB,2201.5 MiB,9897.6 MiB,4096.0 MiB,3452.5 MiB,643.5 MiB,12897.4 MiB,,0,27.23
2,2017-07-11,nbody_50000000_original,7.10.1,nbody_6_original.js 50000000,24,1695221663,2832940,node,28.41,622571520,34426880,20852736,100.0,0.2,6.0,2.0,0:28,0,28278784,48312320,0,5132288,0.0,34426880,325,2,279,44,0,13.3,2.2,0.0,84.4,0.0,0.0,0.0,0.0,15794.9 MiB,3695.2 MiB,2202.0 MiB,9897.6 MiB,4096.0 MiB,3452.5 MiB,643.5 MiB,12896.9 MiB,,0,28.41
2,2017-07-11,nbody_50000000_original,7.10.1,nbody_6_original.js 50000000,25,1695221664,2832940,node,29.58,622571520,34426880,20852736,93.8,0.2,6.0,2.0,0:29,0,28278784,48312320,0,5132288,0.0,34426880,325,2,279,44,0,12.9,0.0,0.0,87.1,0.0,0.0,0.0,0.0,15794.9 MiB,3695.7 MiB,2201.5 MiB,9897.6 MiB,4096.0 MiB,3452.5 MiB,643.5 MiB,12897.4 MiB,,0,29.58
2,2017-07-11,nbody_50000000_original,7.10.1,nbody_6_original.js 50000000,26,1695221666,2832940,node,30.77,622571520,34426880,20852736,100.0,0.2,6.0,2.0,0:30,0,28278784,48312320,0,5132288,0.0,34426880,325,2,279,44,0,13.4,0.7,0.0,85.8,0.0,0.0,0.0,0.0,15794.9 MiB,3695.5 MiB,2201.8 MiB,9897.6 MiB,4096.0 MiB,3452.5 MiB,643.5 MiB,12897.2 MiB,,0,30.77
2,2017-07-11,nbody_50000000_original,7.10.1,nbody_6_original.js 50000000,27,1695221667,2832940,node,31.95,622571520,34426880,20852736,100.0,0.2,6.0,6.0,0:31,0,28278784,48312320,0,5132288,0.0,34426880,325,2,279,44,0,13.3,1.5,0.0,85.2,0.0,0.0,0.0,0.0,15794.9 MiB,3695.5 MiB,2201.8 MiB,9897.6 MiB,4096.0 MiB,3452.5 MiB,643.5 MiB,12897.2 MiB,,0,31.95
2,2017-07-11,nbody_50000000_original,7.10.1,nbody_6_original.js 50000000,28,1695221668,2832940,node,33.13,622571520,34426880,20852736,100.0,0.2,6.0,6.0,0:33,0,28278784,48312320,0,5132288,0.0,34426880,325,2,279,44,0,12.8,0.8,0.0,86.5,0.0,0.0,0.0,0.0,15794.9 MiB,3695.7 MiB,2201.5 MiB,9897.6 MiB,4096.0 MiB,3452.5 MiB,643.5 MiB,12897.4 MiB,,0,33.13
2,2017-07-11,nbody_50000000_original,7.10.1,nbody_6_original.js 50000000,29,1695221669,2832940,node,34.3,622571520,34426880,20852736,93.8,0.2,6.0,6.0,0:34,0,28278784,48312320,0,5132288,0.0,34426880,325,2,279,44,0,12.7,1.5,0.0,85.8,0.0,0.0,0.0,0.0,15794.9 MiB,3696.0 MiB,2201.3 MiB,9897.6 MiB,4096.0 MiB,3452.5 MiB,643.5 MiB,12897.6 MiB,,0,34.30
2,2017-07-11,nbody_50000000_original,7.10.1,nbody_6_original.js 50000000,30,1695221670,2832940,node,35.48,622571520,34426880,20852736,100.0,0.2,6.0,6.0,0:35,0,28278784,48312320,0,5132288,0.0,34426880,325,2,279,44,0,12.8,1.5,0.0,85.7,0.0,0.0,0.0,0.0,15794.9 MiB,3696.2 MiB,2201.0 MiB,9897.6 MiB,4096.0 MiB,3452.5 MiB,643.5 MiB,12897.9 MiB,,0,35.48
2,2017-07-11,nbody_50000000_original,7.10.1,nbody_6_original.js 50000000,31,1695221671,2832940,node,36.65,622571520,34426880,20852736,93.8,0.2,6.0,6.0,0:36,0,28278784,48312320,0,5132288,0.0,34426880,325,2,279,44,0,13.3,1.5,0.0,85.2,0.0,0.0,0.0,0.0,15794.9 MiB,3696.0 MiB,2201.3 MiB,9897.6 MiB,4096.0 MiB,3452.5 MiB,643.5 MiB,12897.7 MiB,,0,36.65
2,2017-07-11,nbody_50000000_original,7.10.1,nbody_6_original.js 50000000,32,1695221673,2832940,node,37.83,622571520,34426880,20852736,100.0,0.2,6.0,6.0,0:37,0,28278784,48312320,0,5132288,0.0,34426880,324,2,278,44,0,12.7,1.5,0.0,85.8,0.0,0.0,0.0,0.0,15794.9 MiB,3696.5 MiB,2200.8 MiB,9897.6 MiB,4096.0 MiB,3452.5 MiB,643.5 MiB,12898.1 MiB,,0,37.83
2,2017-07-11,nbody_50000000_original,7.10.1,nbody_6_original.js 50000000,33,1695221674,2832940,node,39.01,622571520,34426880,20852736,100.0,0.2,6.0,6.0,0:39,0,28278784,48312320,0,5132288,0.0,34426880,324,2,278,44,0,13.3,1.5,0.0,85.2,0.0,0.0,0.0,0.0,15794.9 MiB,3696.7 MiB,2200.5 MiB,9897.6 MiB,4096.0 MiB,3452.5 MiB,643.5 MiB,12898.4 MiB,,0,39.01
2,2017-07-11,nbody_50000000_original,7.10.1,nbody_6_original.js 50000000,34,1695221675,2832940,node,40.19,622571520,34426880,20852736,100.0,0.2,6.0,6.0,0:40,0,28278784,48312320,0,5132288,0.0,34426880,324,2,278,44,0,12.6,1.5,0.0,85.9,0.0,0.0,0.0,0.0,15794.9 MiB,3696.0 MiB,2201.3 MiB,9897.6 MiB,4096.0 MiB,3452.5 MiB,643.5 MiB,12897.7 MiB,,0,40.19
2,2017-07-11,nbody_50000000_original,7.10.1,nbody_6_original.js 50000000,35,1695221676,2832940,node,41.37,622571520,34426880,20852736,100.0,0.2,6.0,2.0,0:41,0,28278784,48312320,0,5132288,0.0,34426880,324,2,278,44,0,12.0,1.5,0.0,86.5,0.0,0.0,0.0,0.0,15794.9 MiB,3696.7 MiB,2200.5 MiB,9897.6 MiB,4096.0 MiB,3452.5 MiB,643.5 MiB,12898.4 MiB,,0,41.37
2,2017-07-11,nbody_50000000_original,7.10.1,nbody_6_original.js 50000000,36,1695221677,2832940,node,42.55,622571520,34426880,20852736,100.0,0.2,6.0,2.0,0:42,0,28278784,48312320,0,5132288,0.0,34426880,324,2,278,44,0,13.4,1.5,0.0,85.1,0.0,0.0,0.0,0.0,15794.9 MiB,3696.5 MiB,2200.8 MiB,9897.6 MiB,4096.0 MiB,3452.5 MiB,643.5 MiB,12898.2 MiB,,0,42.55
2,2017-07-11,nbody_50000000_original,7.10.1,nbody_6_original.js 50000000,37,1695221679,2832940,node,43.72,622571520,34426880,20852736,93.8,0.2,6.0,2.0,0:43,0,28278784,48312320,0,5132288,0.0,34426880,324,2,278,44,0,14.1,0.7,0.0,85.2,0.0,0.0,0.0,0.0,15794.9 MiB,3696.7 MiB,2200.5 MiB,9897.6 MiB,4096.0 MiB,3452.5 MiB,643.5 MiB,12898.4 MiB,,0,43.72
2,2017-07-11,nbody_50000000_original,7.10.1,nbody_6_original.js 50000000,38,1695221680,2832940,node,44.9,622571520,34426880,20852736,100.0,0.2,6.0,2.0,0:44,0,28278784,48312320,0,5132288,0.0,34426880,324,2,278,44,0,12.8,0.8,0.0,86.5,0.0,0.0,0.0,0.0,15794.9 MiB,3696.5 MiB,2200.8 MiB,9897.6 MiB,4096.0 MiB,3452.5 MiB,643.5 MiB,12898.2 MiB,,0,44.90
2,2017-07-11,nbody_50000000_original,7.10.1,nbody_6_original.js 50000000,39,1695221681,2832940,node,46.08,622571520,34426880,20852736,100.0,0.2,6.0,2.0,0:46,0,28278784,48312320,0,5132288,0.0,34426880,324,2,278,44,0,13.4,0.7,0.0,85.8,0.0,0.0,0.0,0.0,15794.9 MiB,3696.7 MiB,2200.5 MiB,9897.6 MiB,4096.0 MiB,3452.5 MiB,643.5 MiB,12898.4 MiB,,0,46.08
2,2017-07-11,nbody_50000000_original,7.10.1,nbody_6_original.js 50000000,40,1695221682,2832940,node,47.25,622571520,34426880,20852736,93.8,0.2,6.0,2.0,0:47,0,28278784,48312320,0,5132288,0.0,34426880,324,2,278,44,0,12.8,1.5,0.0,85.0,0.8,0.0,0.0,0.0,15794.9 MiB,3696.7 MiB,2200.5 MiB,9897.6 MiB,4096.0 MiB,3452.5 MiB,643.5 MiB,12898.4 MiB,,0,47.25
2,2017-07-11,nbody_50000000_original,7.10.1,nbody_6_original.js 50000000,41,1695221683,2832940,node,48.43,622571520,34426880,20852736,100.0,0.2,6.0,2.0,0:48,0,28278784,48312320,0,5132288,0.0,34426880,324,2,278,44,0,12.8,0.8,0.0,86.5,0.0,0.0,0.0,0.0,15794.9 MiB,3697.0 MiB,2200.3 MiB,9897.6 MiB,4096.0 MiB,3452.5 MiB,643.5 MiB,12898.7 MiB,,0,48.43
2,2017-07-11,nbody_50000000_original,7.10.1,nbody_6_original.js 50000000,42,1695221684,2832940,node,49.61,622571520,34426880,20852736,100.0,0.2,6.0,2.0,0:49,0,28278784,48312320,0,5132288,0.0,34426880,325,2,279,44,0,13.3,1.5,0.0,85.2,0.0,0.0,0.0,0.0,15794.9 MiB,3697.0 MiB,2200.3 MiB,9897.6 MiB,4096.0 MiB,3452.5 MiB,643.5 MiB,12898.7 MiB,,0,49.61
2,2017-07-11,nbody_50000000_original,7.10.1,nbody_6_original.js 50000000,43,1695221686,2832940,node,50.8,622571520,34426880,20852736,100.0,0.2,6.0,2.0,0:50,0,28278784,48312320,0,5132288,0.0,34426880,328,3,281,44,0,33.6,3.5,0.0,62.9,0.0,0.0,0.0,0.0,15794.9 MiB,3660.3 MiB,2236.1 MiB,9898.4 MiB,4096.0 MiB,3452.5 MiB,643.5 MiB,12862.8 MiB,,0,50.80
2,2017-07-11,nbody_50000000_original,7.10.1,nbody_6_original.js 50000000,44,1695221687,2832940,node,51.99,622571520,34426880,20852736,100.0,0.2,6.0,2.0,0:51,0,28278784,48312320,0,5132288,0.0,34426880,328,3,281,44,0,25.5,1.5,0.0,73.0,0.0,0.0,0.0,0.0,15794.9 MiB,3622.4 MiB,2274.8 MiB,9897.7 MiB,4096.0 MiB,3452.5 MiB,643.5 MiB,12824.2 MiB,,0,51.99
2,2017-07-11,nbody_50000000_original,7.10.1,nbody_6_original.js 50000000,45,1695221688,2832940,node,53.17,622571520,34426880,20852736,100.0,0.2,6.0,2.0,0:53,0,28278784,48312320,0,5132288,0.0,34426880,328,3,281,44,0,25.4,2.2,0.0,72.5,0.0,0.0,0.0,0.0,15794.9 MiB,3626.4 MiB,2270.8 MiB,9897.7 MiB,4096.0 MiB,3452.5 MiB,643.5 MiB,12828.1 MiB,,0,53.17
2,2017-07-11,nbody_50000000_original,7.10.1,nbody_6_original.js 50000000,46,1695221689,2832940,node,54.35,622571520,34426880,20852736,100.0,0.2,6.0,2.0,0:54,0,28278784,48312320,0,5132288,0.0,34426880,327,3,280,44,0,25.5,1.5,0.0,73.0,0.0,0.0,0.0,0.0,15794.9 MiB,3648.3 MiB,2248.0 MiB,9898.5 MiB,4096.0 MiB,3452.5 MiB,643.5 MiB,12850.9 MiB,,0,54.35
2,2017-07-11,nbody_50000000_original,7.10.1,nbody_6_original.js 50000000,47,1695221690,2832940,node,55.54,622571520,34426880,20852736,100.0,0.2,6.0,2.0,0:55,0,28278784,48312320,0,5132288,0.0,34426880,327,3,280,44,0,25.5,1.5,0.0,73.0,0.0,0.0,0.0,0.0,15794.9 MiB,3638.0 MiB,2258.1 MiB,9898.7 MiB,4096.0 MiB,3452.5 MiB,643.5 MiB,12840.8 MiB,,0,55.54
2,2017-07-11,nbody_50000000_original,7.10.1,nbody_6_original.js 50000000,48,1695221692,2832940,node,56.73,622571520,34426880,20852736,106.2,0.2,6.0,2.0,0:56,0,28278784,48312320,0,5132288,0.0,34426880,327,3,280,44,0,26.3,1.5,0.0,72.3,0.0,0.0,0.0,0.0,15794.9 MiB,3595.2 MiB,2301.1 MiB,9898.6 MiB,4096.0 MiB,3452.5 MiB,643.5 MiB,12797.8 MiB,,0,56.73
2,2017-07-11,nbody_50000000_original,7.10.1,nbody_6_original.js 50000000,49,1695221693,2832940,node,57.91,622571520,34426880,20852736,100.0,0.2,6.0,2.0,0:57,0,28278784,48312320,0,5132288,0.0,34426880,327,3,280,44,0,25.5,1.5,0.0,73.0,0.0,0.0,0.0,0.0,15794.9 MiB,3592.5 MiB,2303.8 MiB,9898.6 MiB,4096.0 MiB,3452.5 MiB,643.5 MiB,12795.1 MiB,,0,57.91
2,2017-07-11,nbody_50000000_original,7.10.1,nbody_6_original.js 50000000,50,1695221694,2832940,node,59.09,622571520,34426880,20852736,100.0,0.2,6.0,2.0,0:59,0,28278784,48312320,0,5132288,0.0,34426880,327,3,280,44,0,25.5,1.5,0.0,73.0,0.0,0.0,0.0,0.0,15794.9 MiB,3591.8 MiB,2304.5 MiB,9898.6 MiB,4096.0 MiB,3452.5 MiB,643.5 MiB,12794.4 MiB,,0,59.09
2,2017-07-11,nbody_50000000_original,7.10.1,nbody_6_original.js 50000000,51,1695221695,2832940,node,60.28,622571520,34426880,20852736,94.1,0.2,6.0,2.0,1:00,0,28278784,48312320,0,5132288,0.0,34426880,327,3,280,44,0,25.5,1.5,0.0,73.0,0.0,0.0,0.0,0.0,15794.9 MiB,3592.1 MiB,2304.2 MiB,9898.6 MiB,4096.0 MiB,3452.5 MiB,643.5 MiB,12794.8 MiB,,1,00.28
2,2017-07-11,nbody_50000000_original,7.10.1,nbody_6_original.js 50000000,52,1695221696,2832940,node,61.46,622571520,34426880,20852736,100.0,0.2,6.0,2.0,1:01,0,28278784,48312320,0,5132288,0.0,34426880,327,3,280,44,0,25.5,1.5,0.0,73.0,0.0,0.0,0.0,0.0,15794.9 MiB,3591.4 MiB,2304.9 MiB,9898.6 MiB,4096.0 MiB,3452.5 MiB,643.5 MiB,12794.0 MiB,,1,01.46
2,2017-07-11,nbody_50000000_original,7.10.1,nbody_6_original.js 50000000,53,1695221697,2832940,node,62.64,622571520,34426880,20852736,100.0,0.2,6.0,6.0,1:02,0,28278784,48312320,0,5132288,0.0,34426880,327,3,280,44,0,25.5,1.5,0.0,73.0,0.0,0.0,0.0,0.0,15794.9 MiB,3591.2 MiB,2305.2 MiB,9898.6 MiB,4096.0 MiB,3452.5 MiB,643.5 MiB,12793.8 MiB,,1,02.64
2,2017-07-11,nbody_50000000_original,7.10.1,nbody_6_original.js 50000000,54,1695221699,2832940,node,63.83,622571520,34426880,20852736,100.0,0.2,6.0,6.0,1:03,0,28278784,48312320,0,5132288,0.0,34426880,328,4,280,44,0,29.5,8.6,0.0,59.0,2.9,0.0,0.0,0.0,15794.9 MiB,3599.3 MiB,2303.5 MiB,9892.1 MiB,4096.0 MiB,3452.5 MiB,643.5 MiB,12795.5 MiB,,1,03.83
2,2017-07-11,nbody_50000000_original,7.10.1,nbody_6_original.js 50000000,55,1695221700,2832940,node,65.04,622571520,34426880,20852736,100.0,0.2,6.0,6.0,1:05,0,28278784,48312320,0,5132288,0.0,34426880,329,4,281,44,0,56.8,20.5,0.0,21.9,0.7,0.0,0.0,0.0,15794.9 MiB,3582.7 MiB,2312.6 MiB,9899.6 MiB,4096.0 MiB,3452.5 MiB,643.5 MiB,12786.6 MiB,,1,05.04
2,2017-07-11,nbody_50000000_original,7.10.1,nbody_6_original.js 50000000,56,1695221701,2832940,node,66.23,622571520,34426880,20852736,100.0,0.2,6.0,2.0,1:06,0,28278784,48312320,0,5132288,0.0,34426880,327,4,279,44,0,26.1,1.4,0.0,71.7,0.7,0.0,0.0,0.0,15794.9 MiB,3574.3 MiB,2319.7 MiB,9900.9 MiB,4096.0 MiB,3452.5 MiB,643.5 MiB,12779.5 MiB,,1,06.23
2,2017-07-11,nbody_50000000_original,7.10.1,nbody_6_original.js 50000000,57,1695221702,2832940,node,67.4,630960128,42807296,20852736,93.8,0.3,6.0,2.0,1:07,0,28278784,56700928,0,7229440,0.0,42807296,326,2,280,44,0,13.4,1.5,0.0,85.1,0.0,0.0,0.0,0.0,15794.9 MiB,3688.7 MiB,2205.9 MiB,9900.3 MiB,4096.0 MiB,3452.5 MiB,643.5 MiB,12893.2 MiB,,1,07.40
2,2017-07-11,nbody_50000000_original,7.10.1,nbody_6_original.js 50000000,58,1695221703,2832940,node,68.58,630960128,42807296,20852736,106.7,0.3,6.0,2.0,1:08,0,28278784,56700928,0,7229440,0.0,42807296,326,2,280,44,0,12.8,0.8,0.0,86.5,0.0,0.0,0.0,0.0,15794.9 MiB,3688.5 MiB,2206.1 MiB,9900.3 MiB,4096.0 MiB,3452.5 MiB,643.5 MiB,12893.0 MiB,,1,08.58
2,2017-07-11,nbody_50000000_original,7.10.1,nbody_6_original.js 50000000,59,1695221705,2832940,node,69.76,630960128,42807296,20852736,100.0,0.3,6.0,2.0,1:09,0,28278784,56700928,0,7229440,0.0,42807296,326,2,280,44,0,12.7,1.5,0.0,85.8,0.0,0.0,0.0,0.0,15794.9 MiB,3688.5 MiB,2206.1 MiB,9900.3 MiB,4096.0 MiB,3452.5 MiB,643.5 MiB,12893.0 MiB,,1,09.76
2,2017-07-11,nbody_50000000_original,7.10.1,nbody_6_original.js 50000000,60,1695221706,2832940,node,70.94,630960128,42807296,20852736,100.0,0.3,6.0,2.0,1:10,0,28278784,56700928,0,7229440,0.0,42807296,326,2,280,44,0,13.4,1.5,0.0,85.1,0.0,0.0,0.0,0.0,15794.9 MiB,3688.5 MiB,2206.1 MiB,9900.3 MiB,4096.0 MiB,3452.5 MiB,643.5 MiB,12893.0 MiB,,1,10.94
2,2017-07-11,nbody_50000000_original,7.10.1,nbody_6_original.js 50000000,61,1695221707,2832940,node,72.12,630960128,42807296,20852736,100.0,0.3,6.0,2.0,1:12,0,28278784,56700928,0,7229440,0.0,42807296,327,2,281,44,0,14.2,1.5,0.0,84.3,0.0,0.0,0.0,0.0,15794.9 MiB,3687.7 MiB,2206.9 MiB,9900.3 MiB,4096.0 MiB,3452.5 MiB,643.5 MiB,12892.3 MiB,,1,12.12
2,2017-07-11,nbody_50000000_original,7.10.1,nbody_6_original.js 50000000,62,1695221708,2832940,node,73.28999999999999,630960128,42807296,20852736,106.7,0.3,6.0,2.0,1:13,0,28278784,56700928,0,7229440,0.0,42807296,326,2,280,44,0,12.7,1.5,0.0,85.8,0.0,0.0,0.0,0.0,15794.9 MiB,3687.7 MiB,2206.8 MiB,9900.3 MiB,4096.0 MiB,3452.5 MiB,643.5 MiB,12892.3 MiB,,1,13.29
2,2017-07-11,nbody_50000000_original,7.10.1,nbody_6_original.js 50000000,63,1695221709,2832940,node,74.47,630960128,42807296,20852736,100.0,0.3,6.0,2.0,1:14,0,28278784,56700928,0,7229440,0.0,42807296,326,2,280,44,0,12.8,0.8,0.0,86.5,0.0,0.0,0.0,0.0,15794.9 MiB,3687.7 MiB,2206.8 MiB,9900.3 MiB,4096.0 MiB,3452.5 MiB,643.5 MiB,12892.3 MiB,,1,14.47
2,2017-07-11,nbody_50000000_original,7.10.1,nbody_6_original.js 50000000,64,1695221710,2832940,node,75.65,630960128,42807296,20852736,100.0,0.3,6.0,2.0,1:15,0,28278784,56700928,0,7229440,0.0,42807296,326,2,280,44,0,13.4,0.7,0.0,85.8,0.0,0.0,0.0,0.0,15794.9 MiB,3687.7 MiB,2206.8 MiB,9900.3 MiB,4096.0 MiB,3452.5 MiB,643.5 MiB,12892.3 MiB,,1,15.65
2,2017-07-11,nbody_50000000_original,7.10.1,nbody_6_original.js 50000000,65,1695221712,2832940,node,76.82,630960128,42807296,20852736,93.8,0.3,6.0,2.0,1:16,0,28278784,56700928,0,7229440,0.0,42807296,326,2,280,44,0,13.3,0.7,0.0,85.9,0.0,0.0,0.0,0.0,15794.9 MiB,3688.0 MiB,2206.6 MiB,9900.3 MiB,4096.0 MiB,3452.5 MiB,643.5 MiB,12892.5 MiB,,1,16.82
2,2017-07-11,nbody_50000000_original,7.10.1,nbody_6_original.js 50000000,66,1695221713,2832940,node,78.0,630960128,42807296,20852736,100.0,0.3,6.0,6.0,1:18,0,28278784,56700928,0,7229440,0.0,42807296,326,2,280,44,0,12.8,0.8,0.0,85.7,0.8,0.0,0.0,0.0,15794.9 MiB,3688.5 MiB,2206.1 MiB,9900.3 MiB,4096.0 MiB,3452.5 MiB,643.5 MiB,12893.0 MiB,,1,18.00
2,2017-07-11,nbody_50000000_original,7.10.1,nbody_6_original.js 50000000,67,1695221714,2832940,node,79.18,630960128,42807296,20852736,100.0,0.3,6.0,6.0,1:19,0,28278784,56700928,0,7229440,0.0,42807296,326,2,280,44,0,13.3,1.5,0.0,85.2,0.0,0.0,0.0,0.0,15794.9 MiB,3685.8 MiB,2208.8 MiB,9900.3 MiB,4096.0 MiB,3452.5 MiB,643.5 MiB,12890.3 MiB,,1,19.18
2,2017-07-11,nbody_50000000_original,7.10.1,nbody_6_original.js 50000000,68,1695221715,2832940,node,80.36,630960128,42807296,20852736,100.0,0.3,6.0,2.0,1:20,0,28278784,56700928,0,7229440,0.0,42807296,326,2,280,44,0,14.0,0.7,0.0,85.3,0.0,0.0,0.0,0.0,15794.9 MiB,3685.8 MiB,2208.8 MiB,9900.3 MiB,4096.0 MiB,3452.5 MiB,643.5 MiB,12890.3 MiB,,1,20.36
2,2017-07-11,nbody_50000000_original,7.10.1,nbody_6_original.js 50000000,69,1695221716,2832940,node,81.53999999999999,630960128,42807296,20852736,100.0,0.3,6.0,2.0,1:21,0,28278784,56700928,0,7229440,0.0,42807296,326,2,280,44,0,13.3,1.5,0.0,85.2,0.0,0.0,0.0,0.0,15794.9 MiB,3686.0 MiB,2208.6 MiB,9900.3 MiB,4096.0 MiB,3452.5 MiB,643.5 MiB,12890.6 MiB,,1,21.54
2,2017-07-11,nbody_50000000_original,7.10.1,nbody_6_original.js 50000000,70,1695221718,2832940,node,82.72,630960128,42807296,20852736,100.0,0.3,6.0,2.0,1:22,0,28278784,56700928,0,7229440,0.0,42807296,326,2,280,44,0,12.8,0.8,0.0,86.5,0.0,0.0,0.0,0.0,15794.9 MiB,3685.5 MiB,2209.1 MiB,9900.3 MiB,4096.0 MiB,3452.5 MiB,643.5 MiB,12890.1 MiB,,1,22.72
2,2017-07-11,nbody_50000000_original,7.10.1,nbody_6_original.js 50000000,71,1695221719,2832940,node,83.89,630960128,42807296,20852736,100.0,0.3,6.0,2.0,1:23,0,28278784,56700928,0,7229440,0.0,42807296,326,2,280,44,0,13.3,1.5,0.0,85.2,0.0,0.0,0.0,0.0,15794.9 MiB,3685.0 MiB,2209.5 MiB,9900.3 MiB,4096.0 MiB,3452.5 MiB,643.5 MiB,12889.6 MiB,,1,23.89
2,2017-07-11,nbody_50000000_original,7.10.1,nbody_6_original.js 50000000,72,1695221720,2832940,node,85.07,630960128,42807296,20852736,100.0,0.3,6.0,2.0,1:25,0,28278784,56700928,0,7229440,0.0,42807296,326,2,280,44,0,14.1,1.5,0.0,84.4,0.0,0.0,0.0,0.0,15794.9 MiB,3685.0 MiB,2209.5 MiB,9900.3 MiB,4096.0 MiB,3452.5 MiB,643.5 MiB,12889.6 MiB,,1,25.07
2,2017-07-11,nbody_50000000_original,7.10.1,nbody_6_original.js 50000000,73,1695221721,2832940,node,86.25,630960128,42807296,20852736,100.0,0.3,6.0,2.0,1:26,0,28278784,56700928,0,7229440,0.0,42807296,326,2,280,44,0,12.7,1.5,0.0,85.8,0.0,0.0,0.0,0.0,15794.9 MiB,3685.0 MiB,2209.5 MiB,9900.3 MiB,4096.0 MiB,3452.5 MiB,643.5 MiB,12889.6 MiB,,1,26.25
2,2017-07-11,nbody_50000000_original,7.10.1,nbody_6_original.js 50000000,74,1695221722,2832940,node,87.42,630960128,42807296,20852736,93.8,0.3,6.0,2.0,1:27,0,28278784,56700928,0,7229440,0.0,42807296,326,2,280,44,0,13.9,2.2,0.0,83.9,0.0,0.0,0.0,0.0,15794.9 MiB,3685.0 MiB,2209.5 MiB,9900.3 MiB,4096.0 MiB,3452.5 MiB,643.5 MiB,12889.6 MiB,,1,27.42
2,2017-07-11,nbody_50000000_original,7.10.1,nbody_6_original.js 50000000,75,1695221723,2832940,node,88.6,630960128,42807296,20852736,100.0,0.3,6.0,2.0,1:28,0,28278784,56700928,0,7229440,0.0,42807296,326,2,280,44,0,13.4,0.7,0.0,85.8,0.0,0.0,0.0,0.0,15794.9 MiB,3685.0 MiB,2209.5 MiB,9900.3 MiB,4096.0 MiB,3452.5 MiB,643.5 MiB,12889.6 MiB,,1,28.60
2,2017-07-11,nbody_50000000_original,7.10.1,nbody_6_original.js 50000000,76,1695221725,2832940,node,89.78,630960128,42807296,20852736,100.0,0.3,6.0,2.0,1:29,0,28278784,56700928,0,7229440,0.0,42807296,326,2,280,44,0,12.8,0.8,0.0,86.5,0.0,0.0,0.0,0.0,15794.9 MiB,3684.5 MiB,2210.0 MiB,9900.3 MiB,4096.0 MiB,3452.5 MiB,643.5 MiB,12889.1 MiB,,1,29.78
2,2017-07-11,nbody_50000000_original,7.10.1,nbody_6_original.js 50000000,77,1695221726,2832940,node,90.95,630960128,42807296,20852736,93.8,0.3,6.0,2.0,1:30,0,28278784,56700928,0,7229440,0.0,42807296,326,2,280,44,0,12.9,0.8,0.0,86.4,0.0,0.0,0.0,0.0,15794.9 MiB,3684.5 MiB,2210.0 MiB,9900.3 MiB,4096.0 MiB,3452.5 MiB,643.5 MiB,12889.1 MiB,,1,30.95
2,2017-07-11,nbody_50000000_original,7.10.1,nbody_6_original.js 50000000,78,1695221727,2832940,node,92.13,630960128,42807296,20852736,100.0,0.3,6.0,2.0,1:32,0,28278784,56700928,0,7229440,0.0,42807296,326,2,280,44,0,13.4,0.7,0.0,85.8,0.0,0.0,0.0,0.0,15794.9 MiB,3684.3 MiB,2210.3 MiB,9900.3 MiB,4096.0 MiB,3452.5 MiB,643.5 MiB,12888.9 MiB,,1,32.13
2,2017-07-11,nbody_50000000_original,7.10.1,nbody_6_original.js 50000000,79,1695221728,2832940,node,93.31,630960128,42807296,20852736,100.0,0.3,6.0,2.0,1:33,0,28278784,56700928,0,7229440,0.0,42807296,326,2,280,44,0,12.7,1.5,0.0,85.8,0.0,0.0,0.0,0.0,15794.9 MiB,3684.3 MiB,2210.3 MiB,9900.3 MiB,4096.0 MiB,3452.5 MiB,643.5 MiB,12888.9 MiB,,1,33.31
2,2017-07-11,nbody_50000000_original,7.10.1,nbody_6_original.js 50000000,80,1695221729,2832940,node,94.49000000000001,630960128,42807296,20852736,100.0,0.3,6.0,2.0,1:34,0,28278784,56700928,0,7229440,0.0,42807296,326,2,280,44,0,14.0,1.5,0.0,84.6,0.0,0.0,0.0,0.0,15794.9 MiB,3691.2 MiB,2203.4 MiB,9900.3 MiB,4096.0 MiB,3452.5 MiB,643.5 MiB,12895.8 MiB,,1,34.49
2,2017-07-11,nbody_50000000_original,7.10.1,nbody_6_original.js 50000000,81,1695221730,2832940,node,95.67,630960128,42807296,20852736,100.0,0.3,6.0,6.0,1:35,0,28278784,56700928,0,7229440,0.0,42807296,326,2,280,44,0,12.8,0.8,0.0,86.5,0.0,0.0,0.0,0.0,15794.9 MiB,3690.9 MiB,2203.6 MiB,9900.3 MiB,4096.0 MiB,3452.5 MiB,643.5 MiB,12895.5 MiB,,1,35.67
2,2017-07-11,nbody_50000000_original,7.10.1,nbody_6_original.js 50000000,82,1695221732,2832940,node,96.84,630960128,42807296,20852736,100.0,0.3,6.0,6.0,1:36,0,28278784,56700928,0,7229440,0.0,42807296,326,2,280,44,0,12.7,1.5,0.0,85.8,0.0,0.0,0.0,0.0,15794.9 MiB,3691.4 MiB,2203.1 MiB,9900.3 MiB,4096.0 MiB,3452.5 MiB,643.5 MiB,12896.0 MiB,,1,36.84
2,2017-07-11,nbody_50000000_original,7.10.1,nbody_6_original.js 50000000,83,1695221733,2832940,node,98.02000000000001,630960128,42807296,20852736,100.0,0.3,6.0,6.0,1:38,0,28278784,56700928,0,7229440,0.0,42807296,326,2,280,44,0,13.3,1.5,0.0,85.2,0.0,0.0,0.0,0.0,15794.9 MiB,3690.7 MiB,2203.9 MiB,9900.3 MiB,4096.0 MiB,3452.5 MiB,643.5 MiB,12895.3 MiB,,1,38.02
2,2017-07-11,nbody_50000000_original,7.10.1,nbody_6_original.js 50000000,84,1695221734,2832940,node,99.19,630960128,42807296,20852736,100.0,0.3,6.0,6.0,1:39,0,28278784,56700928,0,7229440,0.0,42807296,326,2,280,44,0,12.8,1.5,0.0,85.7,0.0,0.0,0.0,0.0,15794.9 MiB,3690.4 MiB,2204.1 MiB,9900.3 MiB,4096.0 MiB,3452.5 MiB,643.5 MiB,12895.0 MiB,,1,39.19
2,2017-07-11,nbody_50000000_original,7.10.1,nbody_6_original.js 50000000,85,1695221735,2832940,node,100.37,630960128,42807296,20852736,100.0,0.3,6.0,6.0,1:40,0,28278784,56700928,0,7229440,0.0,42807296,326,2,280,44,0,13.5,0.0,0.0,86.5,0.0,0.0,0.0,0.0,15794.9 MiB,3690.4 MiB,2204.1 MiB,9900.3 MiB,4096.0 MiB,3452.5 MiB,643.5 MiB,12895.0 MiB,,1,40.37
2,2017-07-11,nbody_50000000_original,7.10.1,nbody_6_original.js 50000000,86,1695221736,2832940,node,101.55,630960128,42807296,20852736,100.0,0.3,6.0,6.0,1:41,0,28278784,56700928,0,7229440,0.0,42807296,326,2,280,44,0,13.3,0.7,0.0,85.9,0.0,0.0,0.0,0.0,15794.9 MiB,3690.2 MiB,2204.4 MiB,9900.3 MiB,4096.0 MiB,3452.5 MiB,643.5 MiB,12894.8 MiB,,1,41.55
2,2017-07-11,nbody_50000000_original,7.10.1,nbody_6_original.js 50000000,87,1695221738,2832940,node,102.72999999999999,630960128,42807296,20852736,100.0,0.3,6.0,6.0,1:42,0,28278784,56700928,0,7229440,0.0,42807296,326,2,280,44,0,13.4,0.7,0.0,85.8,0.0,0.0,0.0,0.0,15794.9 MiB,3689.9 MiB,2204.6 MiB,9900.3 MiB,4096.0 MiB,3452.5 MiB,643.5 MiB,12894.5 MiB,,1,42.73
2,2017-07-11,nbody_50000000_original,7.10.1,nbody_6_original.js 50000000,88,1695221739,2832940,node,103.9,630960128,42807296,20852736,93.8,0.3,6.0,6.0,1:43,0,28278784,56700928,0,7229440,0.0,42807296,326,2,280,44,0,13.3,1.5,0.0,85.2,0.0,0.0,0.0,0.0,15794.9 MiB,3689.0 MiB,2205.6 MiB,9900.3 MiB,4096.0 MiB,3452.5 MiB,643.5 MiB,12893.6 MiB,,1,43.90
2,2017-07-11,nbody_50000000_original,7.10.1,nbody_6_original.js 50000000,89,1695221740,2832940,node,105.08,630960128,42807296,20852736,100.0,0.3,6.0,6.0,1:45,0,28278784,56700928,0,7229440,0.0,42807296,326,2,280,44,0,13.3,0.7,0.0,85.9,0.0,0.0,0.0,0.0,15794.9 MiB,3688.5 MiB,2206.1 MiB,9900.3 MiB,4096.0 MiB,3452.5 MiB,643.5 MiB,12893.1 MiB,,1,45.08
2,2017-07-11,nbody_50000000_original,7.10.1,nbody_6_original.js 50000000,90,1695221741,2832940,node,106.25999999999999,630960128,42807296,20852736,100.0,0.3,6.0,2.0,1:46,0,28278784,56700928,0,7229440,0.0,42807296,326,2,280,44,0,13.4,0.7,0.0,85.8,0.0,0.0,0.0,0.0,15794.9 MiB,3688.5 MiB,2206.1 MiB,9900.3 MiB,4096.0 MiB,3452.5 MiB,643.5 MiB,12893.1 MiB,,1,46.26
2,2017-07-11,nbody_50000000_original,7.10.1,nbody_6_original.js 50000000,91,1695221742,2832940,node,107.43,630960128,42807296,20852736,93.8,0.3,6.0,2.0,1:47,0,28278784,56700928,0,7229440,0.0,42807296,326,2,280,44,0,12.6,2.2,0.0,84.4,0.0,0.0,0.7,0.0,15794.9 MiB,3688.5 MiB,2206.0 MiB,9900.3 MiB,4096.0 MiB,3452.5 MiB,643.5 MiB,12893.1 MiB,,1,47.43
2,2017-07-11,nbody_50000000_original,7.10.1,nbody_6_original.js 50000000,92,1695221743,2832940,node,108.62,630960128,42807296,20852736,100.0,0.3,6.0,2.0,1:48,0,28278784,56700928,0,7229440,0.0,42807296,326,2,280,44,0,12.7,1.5,0.0,85.8,0.0,0.0,0.0,0.0,15794.9 MiB,3688.0 MiB,2206.5 MiB,9900.3 MiB,4096.0 MiB,3452.5 MiB,643.5 MiB,12892.6 MiB,,1,48.62
2,2017-07-11,nbody_50000000_original,7.10.1,nbody_6_original.js 50000000,93,1695221745,2832940,node,109.8,630960128,42807296,20852736,100.0,0.3,6.0,2.0,1:49,0,28278784,56700928,0,7229440,0.0,42807296,326,2,280,44,0,12.8,0.8,0.0,86.5,0.0,0.0,0.0,0.0,15794.9 MiB,3689.3 MiB,2205.2 MiB,9900.3 MiB,4096.0 MiB,3452.5 MiB,643.5 MiB,12893.9 MiB,,1,49.80
2,2017-07-11,nbody_50000000_original,7.10.1,nbody_6_original.js 50000000,94,1695221746,2832940,node,110.97,630960128,42807296,20852736,100.0,0.3,6.0,2.0,1:50,0,28278784,56700928,0,7229440,0.0,42807296,326,2,280,44,0,12.8,0.8,0.0,86.5,0.0,0.0,0.0,0.0,15794.9 MiB,3688.7 MiB,2205.8 MiB,9900.3 MiB,4096.0 MiB,3452.5 MiB,643.5 MiB,12893.4 MiB,,1,50.97
2,2017-07-11,nbody_50000000_original,7.10.1,nbody_6_original.js 50000000,95,1695221747,2832940,node,112.15,630960128,42807296,20852736,100.0,0.3,6.0,2.0,1:52,0,28278784,56700928,0,7229440,0.0,42807296,326,2,280,44,0,12.9,0.0,0.0,87.1,0.0,0.0,0.0,0.0,15794.9 MiB,3688.7 MiB,2205.8 MiB,9900.3 MiB,4096.0 MiB,3452.5 MiB,643.5 MiB,12893.4 MiB,,1,52.15
2,2017-07-11,nbody_50000000_original,7.10.1,nbody_6_original.js 50000000,96,1695221748,2832940,node,113.33,630960128,42807296,20852736,100.0,0.3,6.0,6.0,1:53,0,28278784,56700928,0,7229440,0.0,42807296,326,2,280,44,0,13.4,0.7,0.0,85.8,0.0,0.0,0.0,0.0,15794.9 MiB,3688.7 MiB,2205.8 MiB,9900.3 MiB,4096.0 MiB,3452.5 MiB,643.5 MiB,12893.4 MiB,,1,53.33
2,2017-07-11,nbody_50000000_original,7.10.1,nbody_6_original.js 50000000,97,1695221749,2832940,node,114.5,630960128,42807296,20852736,93.8,0.3,6.0,6.0,1:54,0,28278784,56700928,0,7229440,0.0,42807296,326,2,280,44,0,14.1,1.5,0.0,84.4,0.0,0.0,0.0,0.0,15794.9 MiB,3688.7 MiB,2205.8 MiB,9900.3 MiB,4096.0 MiB,3452.5 MiB,643.5 MiB,12893.4 MiB,,1,54.50
2,2017-07-11,nbody_50000000_original,7.10.1,nbody_6_original.js 50000000,98,1695221751,2832940,node,115.68,630960128,42807296,20852736,106.7,0.3,6.0,6.0,1:55,0,28278784,56700928,0,7229440,0.0,42807296,326,2,280,44,0,12.7,1.5,0.0,85.8,0.0,0.0,0.0,0.0,15794.9 MiB,3688.7 MiB,2205.8 MiB,9900.3 MiB,4096.0 MiB,3452.5 MiB,643.5 MiB,12893.4 MiB,,1,55.68
2,2017-07-11,nbody_50000000_original,7.10.1,nbody_6_original.js 50000000,99,1695221752,2832940,node,116.86,630960128,42807296,20852736,100.0,0.3,6.0,6.0,1:56,0,28278784,56700928,0,7229440,0.0,42807296,326,2,280,44,0,13.3,1.5,0.0,85.2,0.0,0.0,0.0,0.0,15794.9 MiB,3688.5 MiB,2206.0 MiB,9900.3 MiB,4096.0 MiB,3452.5 MiB,643.5 MiB,12893.1 MiB,,1,56.86
2,2017-07-11,nbody_50000000_original,7.10.1,nbody_6_original.js 50000000,100,1695221753,2832940,node,118.03,630960128,42807296,20852736,93.8,0.3,6.0,2.0,1:58,0,28278784,56700928,0,7229440,0.0,42807296,326,2,280,44,0,13.4,0.7,0.0,85.1,0.7,0.0,0.0,0.0,15794.9 MiB,3688.3 MiB,2206.3 MiB,9900.4 MiB,4096.0 MiB,3452.5 MiB,643.5 MiB,12892.9 MiB,,1,58.03
2,2017-07-11,nbody_50000000_original,7.10.1,nbody_6_original.js 50000000,101,1695221754,2832940,node,119.21000000000001,630960128,42807296,20852736,100.0,0.3,6.0,2.0,1:59,0,28278784,56700928,0,7229440,0.0,42807296,326,2,280,44,0,13.6,0.0,0.0,86.4,0.0,0.0,0.0,0.0,15794.9 MiB,3688.3 MiB,2206.3 MiB,9900.4 MiB,4096.0 MiB,3452.5 MiB,643.5 MiB,12892.9 MiB,,1,59.21
2,2017-07-11,nbody_50000000_original,7.10.1,nbody_6_original.js 50000000,102,1695221755,2832940,node,120.39,630960128,42807296,20852736,106.7,0.3,6.0,2.0,2:00,0,28278784,56700928,0,7229440,0.0,42807296,326,2,280,44,0,12.7,1.5,0.0,85.8,0.0,0.0,0.0,0.0,15794.9 MiB,3688.5 MiB,2206.0 MiB,9900.4 MiB,4096.0 MiB,3452.5 MiB,643.5 MiB,12893.1 MiB,,2,00.39
2,2017-07-11,nbody_50000000_original,7.10.1,nbody_6_original.js 50000000,103,1695221756,2832940,node,121.57,630960128,42807296,20852736,100.0,0.3,6.0,2.0,2:01,0,28278784,56700928,0,7229440,0.0,42807296,326,2,280,44,0,13.5,0.8,0.0,85.7,0.0,0.0,0.0,0.0,15794.9 MiB,3688.0 MiB,2206.5 MiB,9900.4 MiB,4096.0 MiB,3452.5 MiB,643.5 MiB,12892.6 MiB,,2,01.57
2,2017-07-11,nbody_50000000_original,7.10.1,nbody_6_original.js 50000000,104,1695221758,2832940,node,122.75,630960128,42807296,20852736,100.0,0.3,6.0,6.0,2:02,0,28278784,56700928,0,7229440,0.0,42807296,326,2,280,44,0,13.4,0.7,0.0,85.8,0.0,0.0,0.0,0.0,15794.9 MiB,3688.0 MiB,2206.5 MiB,9900.4 MiB,4096.0 MiB,3452.5 MiB,643.5 MiB,12892.6 MiB,,2,02.75
2,2017-07-11,nbody_50000000_original,7.10.1,nbody_6_original.js 50000000,105,1695221759,2832940,node,123.92,630960128,42807296,20852736,100.0,0.3,6.0,6.0,2:03,0,28278784,56700928,0,7229440,0.0,42807296,326,2,280,44,0,13.4,0.7,0.0,85.1,0.7,0.0,0.0,0.0,15794.9 MiB,3688.3 MiB,2206.2 MiB,9900.4 MiB,4096.0 MiB,3452.5 MiB,643.5 MiB,12892.9 MiB,,2,03.92
2,2017-07-11,nbody_50000000_original,7.10.1,nbody_6_original.js 50000000,106,1695221760,2832940,node,125.1,630960128,42807296,20852736,100.0,0.3,6.0,6.0,2:05,0,28278784,56700928,0,7229440,0.0,42807296,326,2,280,44,0,12.7,1.5,0.0,85.8,0.0,0.0,0.0,0.0,15794.9 MiB,3688.3 MiB,2206.3 MiB,9900.3 MiB,4096.0 MiB,3452.5 MiB,643.5 MiB,12892.9 MiB,,2,05.10
2,2017-07-11,nbody_50000000_original,7.10.1,nbody_6_original.js 50000000,107,1695221761,2832940,node,126.28,630960128,42807296,20852736,100.0,0.3,6.0,6.0,2:06,0,28278784,56700928,0,7229440,0.0,42807296,326,2,280,44,0,13.4,0.7,0.0,85.8,0.0,0.0,0.0,0.0,15794.9 MiB,3687.3 MiB,2207.3 MiB,9900.3 MiB,4096.0 MiB,3452.5 MiB,643.5 MiB,12891.9 MiB,,2,06.28
2,2017-07-11,nbody_50000000_original,7.10.1,nbody_6_original.js 50000000,108,1695221762,2832940,node,127.45,630960128,42807296,20852736,93.8,0.3,6.0,6.0,2:07,0,28278784,56700928,0,7229440,0.0,42807296,326,2,280,44,0,14.1,1.5,0.0,84.4,0.0,0.0,0.0,0.0,15794.9 MiB,3687.3 MiB,2207.3 MiB,9900.3 MiB,4096.0 MiB,3452.5 MiB,643.5 MiB,12891.9 MiB,,2,07.45
2,2017-07-11,nbody_50000000_original,7.10.1,nbody_6_original.js 50000000,109,1695221763,2832940,node,128.63,630960128,42807296,20852736,100.0,0.3,6.0,6.0,2:08,0,28278784,56700928,0,7229440,0.0,42807296,326,2,280,44,0,12.8,0.8,0.0,86.5,0.0,0.0,0.0,0.0,15794.9 MiB,3687.3 MiB,2207.3 MiB,9900.3 MiB,4096.0 MiB,3452.5 MiB,643.5 MiB,12891.9 MiB,,2,08.63
2,2017-07-11,nbody_50000000_original,7.10.1,nbody_6_original.js 50000000,110,1695221765,2832940,node,129.81,630960128,42807296,20852736,100.0,0.3,6.0,6.0,2:09,0,28278784,56700928,0,7229440,0.0,42807296,326,2,280,44,0,12.7,1.5,0.0,85.8,0.0,0.0,0.0,0.0,15794.9 MiB,3686.8 MiB,2207.8 MiB,9900.3 MiB,4096.0 MiB,3452.5 MiB,643.5 MiB,12891.4 MiB,,2,09.81
2,2017-07-11,nbody_50000000_original,7.10.1,nbody_6_original.js 50000000,111,1695221766,2832940,node,130.99,630960128,42807296,20852736,100.0,0.3,6.0,6.0,2:10,0,28278784,56700928,0,7229440,0.0,42807296,326,2,280,44,0,14.6,1.5,0.0,83.9,0.0,0.0,0.0,0.0,15794.9 MiB,3687.5 MiB,2207.0 MiB,9900.3 MiB,4096.0 MiB,3452.5 MiB,643.5 MiB,12892.2 MiB,,2,10.99
2,2017-07-11,nbody_50000000_original,7.10.1,nbody_6_original.js 50000000,112,1695221767,2832940,node,132.17,630960128,42807296,20852736,100.0,0.3,6.0,2.0,2:12,0,28278784,56700928,0,7229440,0.0,42807296,326,2,280,44,0,12.7,1.5,0.0,85.8,0.0,0.0,0.0,0.0,15794.9 MiB,3687.3 MiB,2207.3 MiB,9900.3 MiB,4096.0 MiB,3452.5 MiB,643.5 MiB,12891.9 MiB,,2,12.17
2,2017-07-11,nbody_50000000_original,7.10.1,nbody_6_original.js 50000000,113,1695221768,2832940,node,133.34,630960128,42807296,20852736,100.0,0.3,6.0,2.0,2:13,0,28278784,56700928,0,7229440,0.0,42807296,326,2,280,44,0,12.7,1.5,0.0,85.8,0.0,0.0,0.0,0.0,15794.9 MiB,3687.3 MiB,2207.3 MiB,9900.3 MiB,4096.0 MiB,3452.5 MiB,643.5 MiB,12891.9 MiB,,2,13.34
2,2017-07-11,nbody_50000000_original,7.10.1,nbody_6_original.js 50000000,114,1695221769,2832940,node,134.51,630960128,42807296,20852736,93.8,0.3,6.0,2.0,2:14,0,28278784,56700928,0,7229440,0.0,42807296,326,2,280,44,0,13.3,1.5,0.0,85.2,0.0,0.0,0.0,0.0,15794.9 MiB,3687.3 MiB,2207.3 MiB,9900.3 MiB,4096.0 MiB,3452.5 MiB,643.5 MiB,12891.9 MiB,,2,14.51
2,2017-07-11,nbody_50000000_original,7.10.1,nbody_6_original.js 50000000,115,1695221771,2832940,node,135.69,630960128,42807296,20852736,100.0,0.3,6.0,2.0,2:15,0,28278784,56700928,0,7229440,0.0,42807296,326,2,280,44,0,12.8,0.8,0.0,86.5,0.0,0.0,0.0,0.0,15794.9 MiB,3687.0 MiB,2207.5 MiB,9900.3 MiB,4096.0 MiB,3452.5 MiB,643.5 MiB,12891.7 MiB,,2,15.69
2,2017-07-11,nbody_50000000_original,7.10.1,nbody_6_original.js 50000000,116,1695221772,2832940,node,136.87,630960128,42807296,20852736,100.0,0.3,6.0,2.0,2:16,0,28278784,56700928,0,7229440,0.0,42807296,326,2,280,44,0,12.8,1.5,0.0,85.7,0.0,0.0,0.0,0.0,15794.9 MiB,3687.0 MiB,2207.5 MiB,9900.3 MiB,4096.0 MiB,3452.5 MiB,643.5 MiB,12891.7 MiB,,2,16.87
2,2017-07-11,nbody_50000000_original,7.10.1,nbody_6_original.js 50000000,117,1695221773,2832940,node,138.05,630960128,42807296,20852736,100.0,0.3,6.0,2.0,2:18,0,28278784,56700928,0,7229440,0.0,42807296,326,2,280,44,0,13.4,0.7,0.0,85.8,0.0,0.0,0.0,0.0,15794.9 MiB,3686.5 MiB,2208.0 MiB,9900.3 MiB,4096.0 MiB,3452.5 MiB,643.5 MiB,12891.2 MiB,,2,18.05
2,2017-07-11,nbody_50000000_original,7.10.1,nbody_6_original.js 50000000,118,1695221774,2832940,node,139.23,630960128,42807296,20852736,100.0,0.3,6.0,2.0,2:19,0,28278784,56700928,0,7229440,0.0,42807296,326,2,280,44,0,12.7,1.5,0.0,85.8,0.0,0.0,0.0,0.0,15794.9 MiB,3686.0 MiB,2208.5 MiB,9900.3 MiB,4096.0 MiB,3452.5 MiB,643.5 MiB,12890.7 MiB,,2,19.23
2,2017-07-11,nbody_50000000_original,7.10.1,nbody_6_original.js 50000000,119,1695221775,2832940,node,140.4,630960128,42807296,20852736,100.0,0.3,6.0,2.0,2:20,0,28278784,56700928,0,7229440,0.0,42807296,326,2,280,44,0,12.7,1.5,0.0,85.8,0.0,0.0,0.0,0.0,15794.9 MiB,3686.0 MiB,2208.5 MiB,9900.3 MiB,4096.0 MiB,3452.5 MiB,643.5 MiB,12890.7 MiB,,2,20.40
2,2017-07-11,nbody_50000000_original,7.10.1,nbody_6_original.js 50000000,120,1695221776,2832940,node,141.57999999999998,630960128,42807296,20852736,100.0,0.3,6.0,2.0,2:21,0,28278784,56700928,0,7229440,0.0,42807296,326,2,280,44,0,12.8,0.8,0.0,86.5,0.0,0.0,0.0,0.0,15794.9 MiB,3686.0 MiB,2208.5 MiB,9900.3 MiB,4096.0 MiB,3452.5 MiB,643.5 MiB,12890.7 MiB,,2,21.58
2,2017-07-11,nbody_50000000_original,7.10.1,nbody_6_original.js 50000000,121,1695221778,2832940,node,142.76,630960128,42807296,20852736,100.0,0.3,6.0,2.0,2:22,0,28278784,56700928,0,7229440,0.0,42807296,326,2,280,44,0,13.4,0.7,0.0,85.8,0.0,0.0,0.0,0.0,15794.9 MiB,3686.0 MiB,2208.5 MiB,9900.3 MiB,4096.0 MiB,3452.5 MiB,643.5 MiB,12890.7 MiB,,2,22.76
2,2017-07-11,nbody_50000000_original,7.10.1,nbody_6_original.js 50000000,122,1695221779,2832940,node,143.93,630960128,42807296,20852736,93.8,0.3,6.0,2.0,2:23,0,28278784,56700928,0,7229440,0.0,42807296,326,2,280,44,0,12.8,0.8,0.0,86.5,0.0,0.0,0.0,0.0,15794.9 MiB,3685.8 MiB,2208.7 MiB,9900.3 MiB,4096.0 MiB,3452.5 MiB,643.5 MiB,12890.5 MiB,,2,23.93
2,2017-07-11,nbody_50000000_original,7.10.1,nbody_6_original.js 50000000,123,1695221780,2832940,node,145.11,630960128,42807296,20852736,100.0,0.3,6.0,2.0,2:25,0,28278784,56700928,0,7229440,0.0,42807296,326,2,280,44,0,13.4,0.7,0.0,85.1,0.7,0.0,0.0,0.0,15794.9 MiB,3685.6 MiB,2209.0 MiB,9900.4 MiB,4096.0 MiB,3452.5 MiB,643.5 MiB,12890.2 MiB,,2,25.11
2,2017-07-11,nbody_50000000_original,7.10.1,nbody_6_original.js 50000000,124,1695221781,2832940,node,146.29,630960128,42807296,20852736,100.0,0.3,6.0,2.0,2:26,0,28278784,56700928,0,7229440,0.0,42807296,326,2,280,44,0,10.6,0.8,0.0,87.1,0.0,0.0,1.5,0.0,15794.9 MiB,3685.6 MiB,2209.0 MiB,9900.4 MiB,4096.0 MiB,3452.5 MiB,643.5 MiB,12890.2 MiB,,2,26.29
2,2017-07-11,nbody_50000000_original,7.10.1,nbody_6_original.js 50000000,125,1695221782,2832940,node,147.47,630960128,42807296,20852736,100.0,0.3,6.0,2.0,2:27,0,28278784,56700928,0,7229440,0.0,42807296,326,2,280,44,0,13.4,0.7,0.0,85.8,0.0,0.0,0.0,0.0,15794.9 MiB,3685.6 MiB,2208.9 MiB,9900.4 MiB,4096.0 MiB,3452.5 MiB,643.5 MiB,12890.3 MiB,,2,27.47
2,2017-07-11,nbody_50000000_original,7.10.1,nbody_6_original.js 50000000,126,1695221783,2832940,node,148.64,630960128,42807296,20852736,106.7,0.3,6.0,2.0,2:28,0,28278784,56700928,0,7229440,0.0,42807296,326,2,280,44,0,12.8,0.8,0.0,86.5,0.0,0.0,0.0,0.0,15794.9 MiB,3685.8 MiB,2208.7 MiB,9900.4 MiB,4096.0 MiB,3452.5 MiB,643.5 MiB,12890.5 MiB,,2,28.64
2,2017-07-11,nbody_50000000_original,7.10.1,nbody_6_original.js 50000000,127,1695221785,2832940,node,149.84,630960128,42807296,20852736,100.0,0.3,6.0,2.0,2:29,0,28278784,56700928,0,7229440,0.0,42807296,326,2,280,44,0,13.8,2.8,0.0,83.4,0.0,0.0,0.0,0.0,15794.9 MiB,3684.8 MiB,2209.7 MiB,9900.4 MiB,4096.0 MiB,3452.5 MiB,643.5 MiB,12889.5 MiB,,2,29.84
2,2017-07-11,nbody_50000000_original,7.10.1,nbody_6_original.js 50000000,128,1695221786,2832940,node,151.02,630960128,42807296,20852736,100.0,0.3,6.0,6.0,2:31,0,28278784,56700928,0,7229440,0.0,42807296,326,2,280,44,0,12.7,2.2,0.0,85.1,0.0,0.0,0.0,0.0,15794.9 MiB,3685.6 MiB,2208.9 MiB,9900.4 MiB,4096.0 MiB,3452.5 MiB,643.5 MiB,12890.3 MiB,,2,31.02
2,2017-07-11,nbody_50000000_original,7.10.1,nbody_6_original.js 50000000,129,1695221787,2832940,node,152.19,630960128,42807296,20852736,93.8,0.3,6.0,6.0,2:32,0,28278784,56700928,0,7229440,0.0,42807296,326,2,280,44,0,12.0,1.5,0.0,86.5,0.0,0.0,0.0,0.0,15794.9 MiB,3685.3 MiB,2209.2 MiB,9900.4 MiB,4096.0 MiB,3452.5 MiB,643.5 MiB,12890.0 MiB,,2,32.19
2,2017-07-11,nbody_50000000_original,7.10.1,nbody_6_original.js 50000000,130,1695221788,2832940,node,153.37,630960128,42807296,20852736,100.0,0.3,6.0,6.0,2:33,0,28278784,56700928,0,7229440,0.0,42807296,326,2,280,44,0,13.3,1.5,0.0,85.2,0.0,0.0,0.0,0.0,15794.9 MiB,3684.1 MiB,2210.4 MiB,9900.4 MiB,4096.0 MiB,3452.5 MiB,643.5 MiB,12888.8 MiB,,2,33.37
2,2017-07-11,nbody_50000000_original,7.10.1,nbody_6_original.js 50000000,131,1695221789,2832940,node,154.55,630960128,42807296,20852736,106.7,0.3,6.0,6.0,2:34,0,28278784,56700928,0,7229440,0.0,42807296,326,2,280,44,0,12.7,1.5,0.0,85.8,0.0,0.0,0.0,0.0,15794.9 MiB,3684.6 MiB,2209.9 MiB,9900.4 MiB,4096.0 MiB,3452.5 MiB,643.5 MiB,12889.3 MiB,,2,34.55
2,2017-07-11,nbody_50000000_original,7.10.1,nbody_6_original.js 50000000,132,1695221791,2832940,node,155.72,630960128,42807296,20852736,93.8,0.3,6.0,6.0,2:35,0,28278784,56700928,0,7229440,0.0,42807296,326,2,280,44,0,12.8,0.8,0.0,86.5,0.0,0.0,0.0,0.0,15794.9 MiB,3685.1 MiB,2209.4 MiB,9900.4 MiB,4096.0 MiB,3452.5 MiB,643.5 MiB,12889.8 MiB,,2,35.72
2,2017-07-11,nbody_50000000_original,7.10.1,nbody_6_original.js 50000000,133,1695221792,2832940,node,156.9,630960128,42807296,20852736,100.0,0.3,6.0,6.0,2:36,0,28278784,56700928,0,7229440,0.0,42807296,326,2,280,44,0,12.7,1.5,0.0,85.8,0.0,0.0,0.0,0.0,15794.9 MiB,3684.9 MiB,2209.7 MiB,9900.4 MiB,4096.0 MiB,3452.5 MiB,643.5 MiB,12889.5 MiB,,2,36.90
2,2017-07-11,nbody_50000000_original,7.10.1,nbody_6_original.js 50000000,134,1695221793,2832940,node,158.07999999999998,630960128,42807296,20852736,100.0,0.3,6.0,2.0,2:38,0,28278784,56700928,0,7229440,0.0,42807296,326,2,280,44,0,13.3,1.5,0.0,85.2,0.0,0.0,0.0,0.0,15794.9 MiB,3684.9 MiB,2209.7 MiB,9900.4 MiB,4096.0 MiB,3452.5 MiB,643.5 MiB,12889.5 MiB,,2,38.08
2,2017-07-11,nbody_50000000_original,7.10.1,nbody_6_original.js 50000000,135,1695221794,2832940,node,159.26,630960128,42807296,20852736,100.0,0.3,6.0,2.0,2:39,0,28278784,56700928,0,7229440,0.0,42807296,326,2,280,44,0,13.3,1.5,0.0,85.2,0.0,0.0,0.0,0.0,15794.9 MiB,3685.4 MiB,2209.1 MiB,9900.4 MiB,4096.0 MiB,3452.5 MiB,643.5 MiB,12890.1 MiB,,2,39.26
3,2017-07-11,nbody_50000000_original,7.10.1,nbody_6_original.js 50000000,0,1695221795,2834560,node,0.16,618377216,30322688,20799488,100.0,0.2,6.0,0.0,0:00,0,28278784,44118016,0,4086784,0.0,30322688,326,2,280,44,0,14.2,1.5,0.0,84.3,0.0,0.0,0.0,0.0,15794.9 MiB,3689.8 MiB,2196.7 MiB,9908.4 MiB,4096.0 MiB,3452.5 MiB,643.5 MiB,12894.5 MiB,,0,00.16
3,2017-07-11,nbody_50000000_original,7.10.1,nbody_6_original.js 50000000,1,1695221796,2834560,node,1.33,618377216,30322688,20799488,100.0,0.2,6.0,0.0,0:01,0,28278784,44118016,0,4086784,0.0,30322688,326,2,280,44,0,13.4,0.7,0.0,85.8,0.0,0.0,0.0,0.0,15794.9 MiB,3689.3 MiB,2197.0 MiB,9908.6 MiB,4096.0 MiB,3452.5 MiB,643.5 MiB,12894.0 MiB,,0,01.33
3,2017-07-11,nbody_50000000_original,7.10.1,nbody_6_original.js 50000000,2,1695221798,2834560,node,2.52,618377216,30322688,20799488,100.0,0.2,6.0,0.0,0:02,0,28278784,44118016,0,4086784,0.0,30322688,326,2,280,44,0,12.7,1.5,0.0,85.8,0.0,0.0,0.0,0.0,15794.9 MiB,3703.6 MiB,2190.7 MiB,9900.6 MiB,4096.0 MiB,3452.5 MiB,643.5 MiB,12908.3 MiB,,0,02.52
3,2017-07-11,nbody_50000000_original,7.10.1,nbody_6_original.js 50000000,3,1695221799,2834560,node,3.7,618377216,30322688,20799488,100.0,0.2,6.0,0.0,0:03,0,28278784,44118016,0,4086784,0.0,30322688,326,2,280,44,0,12.8,0.8,0.0,86.5,0.0,0.0,0.0,0.0,15794.9 MiB,3702.8 MiB,2191.5 MiB,9900.6 MiB,4096.0 MiB,3452.5 MiB,643.5 MiB,12907.5 MiB,,0,03.70
3,2017-07-11,nbody_50000000_original,7.10.1,nbody_6_original.js 50000000,4,1695221800,2834560,node,4.87,618377216,30322688,20799488,93.8,0.2,6.0,4.0,0:04,0,28278784,44118016,0,4086784,0.0,30322688,326,2,280,44,0,12.7,1.5,0.0,85.8,0.0,0.0,0.0,0.0,15794.9 MiB,3703.6 MiB,2190.7 MiB,9900.6 MiB,4096.0 MiB,3452.5 MiB,643.5 MiB,12908.3 MiB,,0,04.87
3,2017-07-11,nbody_50000000_original,7.10.1,nbody_6_original.js 50000000,5,1695221801,2834560,node,6.05,618377216,30322688,20799488,100.0,0.2,6.0,4.0,0:06,0,28278784,44118016,0,4086784,0.0,30322688,326,2,280,44,0,13.3,1.5,0.0,85.2,0.0,0.0,0.0,0.0,15794.9 MiB,3703.6 MiB,2190.7 MiB,9900.6 MiB,4096.0 MiB,3452.5 MiB,643.5 MiB,12908.3 MiB,,0,06.05
3,2017-07-11,nbody_50000000_original,7.10.1,nbody_6_original.js 50000000,6,1695221802,2834560,node,7.23,618377216,30322688,20799488,100.0,0.2,6.0,4.0,0:07,0,28278784,44118016,0,4086784,0.0,30322688,326,2,280,44,0,14.1,0.7,0.0,85.2,0.0,0.0,0.0,0.0,15794.9 MiB,3703.6 MiB,2190.7 MiB,9900.6 MiB,4096.0 MiB,3452.5 MiB,643.5 MiB,12908.3 MiB,,0,07.23
3,2017-07-11,nbody_50000000_original,7.10.1,nbody_6_original.js 50000000,7,1695221804,2834560,node,8.4,618377216,30322688,20799488,93.8,0.2,6.0,0.0,0:08,0,28278784,44118016,0,4086784,0.0,30322688,326,2,280,44,0,12.0,1.5,0.0,86.5,0.0,0.0,0.0,0.0,15794.9 MiB,3703.3 MiB,2190.9 MiB,9900.6 MiB,4096.0 MiB,3452.5 MiB,643.5 MiB,12908.0 MiB,,0,08.40
3,2017-07-11,nbody_50000000_original,7.10.1,nbody_6_original.js 50000000,8,1695221805,2834560,node,9.58,622571520,34373632,20799488,100.0,0.2,6.0,0.0,0:09,0,28278784,48312320,0,5135360,0.0,34373632,326,2,280,44,0,12.8,1.5,0.0,85.7,0.0,0.0,0.0,0.0,15794.9 MiB,3699.9 MiB,2194.4 MiB,9900.6 MiB,4096.0 MiB,3452.5 MiB,643.5 MiB,12904.6 MiB,,0,09.58
3,2017-07-11,nbody_50000000_original,7.10.1,nbody_6_original.js 50000000,9,1695221806,2834560,node,10.75,622571520,34373632,20799488,93.8,0.2,6.0,0.0,0:10,0,28278784,48312320,0,5135360,0.0,34373632,326,2,280,44,0,13.3,1.5,0.0,85.2,0.0,0.0,0.0,0.0,15794.9 MiB,3699.6 MiB,2194.7 MiB,9900.6 MiB,4096.0 MiB,3452.5 MiB,643.5 MiB,12904.3 MiB,,0,10.75
3,2017-07-11,nbody_50000000_original,7.10.1,nbody_6_original.js 50000000,10,1695221807,2834560,node,11.93,622571520,34373632,20799488,100.0,0.2,6.0,0.0,0:11,0,28278784,48312320,0,5135360,0.0,34373632,326,2,280,44,0,13.5,0.8,0.0,85.7,0.0,0.0,0.0,0.0,15794.9 MiB,3699.6 MiB,2194.7 MiB,9900.6 MiB,4096.0 MiB,3452.5 MiB,643.5 MiB,12904.3 MiB,,0,11.93
3,2017-07-11,nbody_50000000_original,7.10.1,nbody_6_original.js 50000000,11,1695221808,2834560,node,13.11,622571520,34373632,20799488,106.7,0.2,6.0,0.0,0:13,0,28278784,48312320,0,5135360,0.0,34373632,326,2,280,44,0,13.3,1.5,0.0,84.4,0.7,0.0,0.0,0.0,15794.9 MiB,3699.1 MiB,2195.1 MiB,9900.6 MiB,4096.0 MiB,3452.5 MiB,643.5 MiB,12903.9 MiB,,0,13.11
3,2017-07-11,nbody_50000000_original,7.10.1,nbody_6_original.js 50000000,12,1695221809,2834560,node,14.29,622571520,34373632,20799488,100.0,0.2,6.0,0.0,0:14,0,28278784,48312320,0,5135360,0.0,34373632,326,2,280,44,0,13.3,1.5,0.0,85.2,0.0,0.0,0.0,0.0,15794.9 MiB,3698.7 MiB,2195.6 MiB,9900.6 MiB,4096.0 MiB,3452.5 MiB,643.5 MiB,12903.4 MiB,,0,14.29
3,2017-07-11,nbody_50000000_original,7.10.1,nbody_6_original.js 50000000,13,1695221811,2834560,node,15.46,622571520,34373632,20799488,100.0,0.2,6.0,0.0,0:15,0,28278784,48312320,0,5135360,0.0,34373632,326,2,280,44,0,13.5,0.0,0.0,86.5,0.0,0.0,0.0,0.0,15794.9 MiB,3698.9 MiB,2195.4 MiB,9900.6 MiB,4096.0 MiB,3452.5 MiB,643.5 MiB,12903.6 MiB,,0,15.46
3,2017-07-11,nbody_50000000_original,7.10.1,nbody_6_original.js 50000000,14,1695221812,2834560,node,16.64,622571520,34373632,20799488,93.8,0.2,6.0,0.0,0:16,0,28278784,48312320,0,5135360,0.0,34373632,326,2,280,44,0,12.1,1.5,0.0,86.4,0.0,0.0,0.0,0.0,15794.9 MiB,3699.4 MiB,2194.9 MiB,9900.6 MiB,4096.0 MiB,3452.5 MiB,643.5 MiB,12904.1 MiB,,0,16.64
3,2017-07-11,nbody_50000000_original,7.10.1,nbody_6_original.js 50000000,15,1695221813,2834560,node,17.82,622571520,34373632,20799488,100.0,0.2,6.0,0.0,0:17,0,28278784,48312320,0,5135360,0.0,34373632,326,2,280,44,0,13.5,0.0,0.0,86.5,0.0,0.0,0.0,0.0,15794.9 MiB,3699.4 MiB,2194.9 MiB,9900.6 MiB,4096.0 MiB,3452.5 MiB,643.5 MiB,12904.1 MiB,,0,17.82
3,2017-07-11,nbody_50000000_original,7.10.1,nbody_6_original.js 50000000,16,1695221814,2834560,node,19.0,622571520,34373632,20799488,100.0,0.2,6.0,0.0,0:19,0,28278784,48312320,0,5135360,0.0,34373632,326,2,280,44,0,12.7,1.5,0.0,85.8,0.0,0.0,0.0,0.0,15794.9 MiB,3699.4 MiB,2194.9 MiB,9900.6 MiB,4096.0 MiB,3452.5 MiB,643.5 MiB,12904.1 MiB,,0,19.00
3,2017-07-11,nbody_50000000_original,7.10.1,nbody_6_original.js 50000000,17,1695221815,2834560,node,20.18,622571520,34373632,20799488,100.0,0.2,6.0,0.0,0:20,0,28278784,48312320,0,5135360,0.0,34373632,326,2,280,44,0,12.8,0.8,0.0,86.5,0.0,0.0,0.0,0.0,15794.9 MiB,3699.9 MiB,2194.4 MiB,9900.6 MiB,4096.0 MiB,3452.5 MiB,643.5 MiB,12904.6 MiB,,0,20.18
3,2017-07-11,nbody_50000000_original,7.10.1,nbody_6_original.js 50000000,18,1695221816,2834560,node,21.36,622571520,34373632,20799488,100.0,0.2,6.0,0.0,0:21,0,28278784,48312320,0,5135360,0.0,34373632,326,2,280,44,0,12.7,1.5,0.0,85.8,0.0,0.0,0.0,0.0,15794.9 MiB,3699.6 MiB,2194.6 MiB,9900.6 MiB,4096.0 MiB,3452.5 MiB,643.5 MiB,12904.4 MiB,,0,21.36
3,2017-07-11,nbody_50000000_original,7.10.1,nbody_6_original.js 50000000,19,1695221818,2834560,node,22.53,622571520,34373632,20799488,100.0,0.2,6.0,0.0,0:22,0,28278784,48312320,0,5135360,0.0,34373632,326,2,280,44,0,13.3,1.5,0.0,85.2,0.0,0.0,0.0,0.0,15794.9 MiB,3700.1 MiB,2194.1 MiB,9900.6 MiB,4096.0 MiB,3452.5 MiB,643.5 MiB,12904.9 MiB,,0,22.53
3,2017-07-11,nbody_50000000_original,7.10.1,nbody_6_original.js 50000000,20,1695221819,2834560,node,23.71,622571520,34373632,20799488,100.0,0.2,6.0,0.0,0:23,0,28278784,48312320,0,5135360,0.0,34373632,326,2,280,44,0,13.4,0.7,0.0,85.8,0.0,0.0,0.0,0.0,15794.9 MiB,3700.1 MiB,2194.1 MiB,9900.6 MiB,4096.0 MiB,3452.5 MiB,643.5 MiB,12904.9 MiB,,0,23.71
3,2017-07-11,nbody_50000000_original,7.10.1,nbody_6_original.js 50000000,21,1695221820,2834560,node,24.89,622571520,34373632,20799488,100.0,0.2,6.0,0.0,0:24,0,28278784,48312320,0,5135360,0.0,34373632,326,2,280,44,0,12.7,0.7,0.0,85.8,0.7,0.0,0.0,0.0,15794.9 MiB,3700.1 MiB,2194.1 MiB,9900.6 MiB,4096.0 MiB,3452.5 MiB,643.5 MiB,12904.9 MiB,,0,24.89
3,2017-07-11,nbody_50000000_original,7.10.1,nbody_6_original.js 50000000,22,1695221821,2834560,node,26.06,622571520,34373632,20799488,93.8,0.2,6.0,0.0,0:26,0,28278784,48312320,0,5135360,0.0,34373632,326,2,280,44,0,13.3,2.2,0.0,84.4,0.0,0.0,0.0,0.0,15794.9 MiB,3701.1 MiB,2193.1 MiB,9900.6 MiB,4096.0 MiB,3452.5 MiB,643.5 MiB,12905.9 MiB,,0,26.06
3,2017-07-11,nbody_50000000_original,7.10.1,nbody_6_original.js 50000000,23,1695221822,2834560,node,27.24,622571520,34373632,20799488,100.0,0.2,6.0,0.0,0:27,0,28278784,48312320,0,5135360,0.0,34373632,326,2,280,44,0,13.3,0.7,0.0,85.9,0.0,0.0,0.0,0.0,15794.9 MiB,3700.9 MiB,2193.4 MiB,9900.6 MiB,4096.0 MiB,3452.5 MiB,643.5 MiB,12905.6 MiB,,0,27.24
3,2017-07-11,nbody_50000000_original,7.10.1,nbody_6_original.js 50000000,24,1695221824,2834560,node,28.42,622571520,34373632,20799488,100.0,0.2,6.0,0.0,0:28,0,28278784,48312320,0,5135360,0.0,34373632,326,2,280,44,0,14.0,1.5,0.0,84.6,0.0,0.0,0.0,0.0,15794.9 MiB,3700.9 MiB,2193.4 MiB,9900.6 MiB,4096.0 MiB,3452.5 MiB,643.5 MiB,12905.6 MiB,,0,28.42
3,2017-07-11,nbody_50000000_original,7.10.1,nbody_6_original.js 50000000,25,1695221825,2834560,node,29.6,622571520,34373632,20799488,100.0,0.2,6.0,0.0,0:29,0,28278784,48312320,0,5135360,0.0,34373632,326,2,280,44,0,13.3,0.7,0.0,85.9,0.0,0.0,0.0,0.0,15794.9 MiB,3700.6 MiB,2193.6 MiB,9900.6 MiB,4096.0 MiB,3452.5 MiB,643.5 MiB,12905.4 MiB,,0,29.60
3,2017-07-11,nbody_50000000_original,7.10.1,nbody_6_original.js 50000000,26,1695221826,2834560,node,30.77,622571520,34373632,20799488,100.0,0.2,6.0,0.0,0:30,0,28278784,48312320,0,5135360,0.0,34373632,326,2,280,44,0,13.4,0.7,0.0,85.1,0.7,0.0,0.0,0.0,15794.9 MiB,3700.4 MiB,2193.9 MiB,9900.6 MiB,4096.0 MiB,3452.5 MiB,643.5 MiB,12905.1 MiB,,0,30.77
3,2017-07-11,nbody_50000000_original,7.10.1,nbody_6_original.js 50000000,27,1695221827,2834560,node,31.95,622571520,34373632,20799488,100.0,0.2,6.0,0.0,0:31,0,28278784,48312320,0,5135360,0.0,34373632,326,2,280,44,0,12.8,0.8,0.0,86.5,0.0,0.0,0.0,0.0,15794.9 MiB,3700.4 MiB,2193.9 MiB,9900.6 MiB,4096.0 MiB,3452.5 MiB,643.5 MiB,12905.1 MiB,,0,31.95
3,2017-07-11,nbody_50000000_original,7.10.1,nbody_6_original.js 50000000,28,1695221828,2834560,node,33.13,622571520,34373632,20799488,100.0,0.2,6.0,0.0,0:33,0,28278784,48312320,0,5135360,0.0,34373632,326,2,280,44,0,13.4,0.7,0.0,85.8,0.0,0.0,0.0,0.0,15794.9 MiB,3700.4 MiB,2193.9 MiB,9900.6 MiB,4096.0 MiB,3452.5 MiB,643.5 MiB,12905.1 MiB,,0,33.13
3,2017-07-11,nbody_50000000_original,7.10.1,nbody_6_original.js 50000000,29,1695221829,2834560,node,34.31,622571520,34373632,20799488,100.0,0.2,6.0,4.0,0:34,0,28278784,48312320,0,5135360,0.0,34373632,326,2,280,44,0,12.8,0.8,0.0,86.5,0.0,0.0,0.0,0.0,15794.9 MiB,3700.4 MiB,2193.9 MiB,9900.6 MiB,4096.0 MiB,3452.5 MiB,643.5 MiB,12905.1 MiB,,0,34.31
3,2017-07-11,nbody_50000000_original,7.10.1,nbody_6_original.js 50000000,30,1695221831,2834560,node,35.49,622571520,34373632,20799488,100.0,0.2,6.0,4.0,0:35,0,28278784,48312320,0,5135360,0.0,34373632,326,2,280,44,0,13.6,0.0,0.0,86.4,0.0,0.0,0.0,0.0,15794.9 MiB,3700.1 MiB,2194.1 MiB,9900.6 MiB,4096.0 MiB,3452.5 MiB,643.5 MiB,12904.9 MiB,,0,35.49
3,2017-07-11,nbody_50000000_original,7.10.1,nbody_6_original.js 50000000,31,1695221832,2834560,node,36.66,622571520,34373632,20799488,100.0,0.2,6.0,0.0,0:36,0,28278784,48312320,0,5135360,0.0,34373632,326,2,280,44,0,13.4,1.5,0.0,85.1,0.0,0.0,0.0,0.0,15794.9 MiB,3700.1 MiB,2194.1 MiB,9900.6 MiB,4096.0 MiB,3452.5 MiB,643.5 MiB,12904.9 MiB,,0,36.66
3,2017-07-11,nbody_50000000_original,7.10.1,nbody_6_original.js 50000000,32,1695221833,2834560,node,37.84,622571520,34373632,20799488,100.0,0.2,6.0,0.0,0:37,0,28278784,48312320,0,5135360,0.0,34373632,326,2,280,44,0,13.2,1.5,0.0,85.3,0.0,0.0,0.0,0.0,15794.9 MiB,3700.1 MiB,2194.1 MiB,9900.6 MiB,4096.0 MiB,3452.5 MiB,643.5 MiB,12904.9 MiB,,0,37.84
3,2017-07-11,nbody_50000000_original,7.10.1,nbody_6_original.js 50000000,33,1695221834,2834560,node,39.02,622571520,34373632,20799488,100.0,0.2,6.0,0.0,0:39,0,28278784,48312320,0,5135360,0.0,34373632,326,2,280,44,0,13.3,1.5,0.0,85.2,0.0,0.0,0.0,0.0,15794.9 MiB,3699.9 MiB,2194.3 MiB,9900.6 MiB,4096.0 MiB,3452.5 MiB,643.5 MiB,12904.7 MiB,,0,39.02
3,2017-07-11,nbody_50000000_original,7.10.1,nbody_6_original.js 50000000,34,1695221835,2834560,node,40.2,622571520,34373632,20799488,106.7,0.2,6.0,0.0,0:40,0,28278784,48312320,0,5135360,0.0,34373632,326,2,280,44,0,12.7,1.5,0.0,85.8,0.0,0.0,0.0,0.0,15794.9 MiB,3699.9 MiB,2194.3 MiB,9900.6 MiB,4096.0 MiB,3452.5 MiB,643.5 MiB,12904.7 MiB,,0,40.20
3,2017-07-11,nbody_50000000_original,7.10.1,nbody_6_original.js 50000000,35,1695221836,2834560,node,41.37,622571520,34373632,20799488,100.0,0.2,6.0,0.0,0:41,0,28278784,48312320,0,5135360,0.0,34373632,326,2,280,44,0,13.4,1.5,0.0,85.1,0.0,0.0,0.0,0.0,15794.9 MiB,3700.1 MiB,2194.1 MiB,9900.6 MiB,4096.0 MiB,3452.5 MiB,643.5 MiB,12904.9 MiB,,0,41.37
3,2017-07-11,nbody_50000000_original,7.10.1,nbody_6_original.js 50000000,36,1695221838,2834560,node,42.55,622571520,34373632,20799488,100.0,0.2,6.0,4.0,0:42,0,28278784,48312320,0,5135360,0.0,34373632,326,2,280,44,0,12.7,0.7,0.0,86.6,0.0,0.0,0.0,0.0,15794.9 MiB,3700.1 MiB,2194.1 MiB,9900.6 MiB,4096.0 MiB,3452.5 MiB,643.5 MiB,12904.9 MiB,,0,42.55
3,2017-07-11,nbody_50000000_original,7.10.1,nbody_6_original.js 50000000,37,1695221839,2834560,node,43.73,622571520,34373632,20799488,100.0,0.2,6.0,4.0,0:43,0,28278784,48312320,0,5135360,0.0,34373632,326,2,280,44,0,13.4,0.7,0.0,85.8,0.0,0.0,0.0,0.0,15794.9 MiB,3700.1 MiB,2194.1 MiB,9900.6 MiB,4096.0 MiB,3452.5 MiB,643.5 MiB,12904.9 MiB,,0,43.73
3,2017-07-11,nbody_50000000_original,7.10.1,nbody_6_original.js 50000000,38,1695221840,2834560,node,44.91,622571520,34373632,20799488,100.0,0.2,6.0,4.0,0:44,0,28278784,48312320,0,5135360,0.0,34373632,326,2,280,44,0,13.3,1.5,0.0,85.2,0.0,0.0,0.0,0.0,15794.9 MiB,3699.7 MiB,2194.6 MiB,9900.6 MiB,4096.0 MiB,3452.5 MiB,643.5 MiB,12904.4 MiB,,0,44.91
3,2017-07-11,nbody_50000000_original,7.10.1,nbody_6_original.js 50000000,39,1695221841,2834560,node,46.09,622571520,34373632,20799488,100.0,0.2,6.0,4.0,0:46,0,28278784,48312320,0,5135360,0.0,34373632,326,2,280,44,0,12.0,1.5,0.0,86.5,0.0,0.0,0.0,0.0,15794.9 MiB,3699.7 MiB,2194.6 MiB,9900.7 MiB,4096.0 MiB,3452.5 MiB,643.5 MiB,12904.4 MiB,,0,46.09
3,2017-07-11,nbody_50000000_original,7.10.1,nbody_6_original.js 50000000,40,1695221842,2834560,node,47.27,622571520,34373632,20799488,100.0,0.2,6.0,4.0,0:47,0,28278784,48312320,0,5135360,0.0,34373632,326,2,280,44,0,12.8,0.8,0.0,86.5,0.0,0.0,0.0,0.0,15794.9 MiB,3699.7 MiB,2194.6 MiB,9900.7 MiB,4096.0 MiB,3452.5 MiB,643.5 MiB,12904.4 MiB,,0,47.27
3,2017-07-11,nbody_50000000_original,7.10.1,nbody_6_original.js 50000000,41,1695221844,2834560,node,48.44,622571520,34373632,20799488,93.8,0.2,6.0,4.0,0:48,0,28278784,48312320,0,5135360,0.0,34373632,326,2,280,44,0,13.4,0.7,0.0,85.8,0.0,0.0,0.0,0.0,15794.9 MiB,3699.7 MiB,2194.6 MiB,9900.7 MiB,4096.0 MiB,3452.5 MiB,643.5 MiB,12904.4 MiB,,0,48.44
3,2017-07-11,nbody_50000000_original,7.10.1,nbody_6_original.js 50000000,42,1695221845,2834560,node,49.62,622571520,34373632,20799488,106.7,0.2,6.0,4.0,0:49,0,28278784,48312320,0,5135360,0.0,34373632,326,2,280,44,0,12.7,1.5,0.0,85.8,0.0,0.0,0.0,0.0,15794.9 MiB,3699.7 MiB,2194.6 MiB,9900.7 MiB,4096.0 MiB,3452.5 MiB,643.5 MiB,12904.4 MiB,,0,49.62
3,2017-07-11,nbody_50000000_original,7.10.1,nbody_6_original.js 50000000,43,1695221846,2834560,node,50.8,622571520,34373632,20799488,100.0,0.2,6.0,4.0,0:50,0,28278784,48312320,0,5135360,0.0,34373632,326,2,280,44,0,13.5,0.0,0.0,86.5,0.0,0.0,0.0,0.0,15794.9 MiB,3699.2 MiB,2195.1 MiB,9900.7 MiB,4096.0 MiB,3452.5 MiB,643.5 MiB,12903.9 MiB,,0,50.80
3,2017-07-11,nbody_50000000_original,7.10.1,nbody_6_original.js 50000000,44,1695221847,2834560,node,51.98,622571520,34373632,20799488,100.0,0.2,6.0,4.0,0:51,0,28278784,48312320,0,5135360,0.0,34373632,326,2,280,44,0,12.0,1.5,0.0,86.5,0.0,0.0,0.0,0.0,15794.9 MiB,3699.2 MiB,2195.1 MiB,9900.7 MiB,4096.0 MiB,3452.5 MiB,643.5 MiB,12904.0 MiB,,0,51.98
3,2017-07-11,nbody_50000000_original,7.10.1,nbody_6_original.js 50000000,45,1695221848,2834560,node,53.16,622571520,34373632,20799488,100.0,0.2,6.0,4.0,0:53,0,28278784,48312320,0,5135360,0.0,34373632,326,2,280,44,0,13.4,0.7,0.0,85.8,0.0,0.0,0.0,0.0,15794.9 MiB,3699.4 MiB,2194.8 MiB,9900.7 MiB,4096.0 MiB,3452.5 MiB,643.5 MiB,12904.2 MiB,,0,53.16
3,2017-07-11,nbody_50000000_original,7.10.1,nbody_6_original.js 50000000,46,1695221849,2834560,node,54.33,622571520,34373632,20799488,93.8,0.2,6.0,4.0,0:54,0,28278784,48312320,0,5135360,0.0,34373632,326,2,280,44,0,12.6,1.5,0.0,85.9,0.0,0.0,0.0,0.0,15794.9 MiB,3699.7 MiB,2194.6 MiB,9900.7 MiB,4096.0 MiB,3452.5 MiB,643.5 MiB,12904.4 MiB,,0,54.33
3,2017-07-11,nbody_50000000_original,7.10.1,nbody_6_original.js 50000000,47,1695221851,2834560,node,55.51,622571520,34373632,20799488,100.0,0.2,6.0,4.0,0:55,0,28278784,48312320,0,5135360,0.0,34373632,326,2,280,44,0,12.7,2.2,0.0,85.1,0.0,0.0,0.0,0.0,15794.9 MiB,3700.1 MiB,2194.1 MiB,9900.7 MiB,4096.0 MiB,3452.5 MiB,643.5 MiB,12904.9 MiB,,0,55.51
3,2017-07-11,nbody_50000000_original,7.10.1,nbody_6_original.js 50000000,48,1695221852,2834560,node,56.69,622571520,34373632,20799488,100.0,0.2,6.0,0.0,0:56,0,28278784,48312320,0,5135360,0.0,34373632,326,2,280,44,0,13.3,1.5,0.0,85.2,0.0,0.0,0.0,0.0,15794.9 MiB,3701.4 MiB,2192.8 MiB,9900.7 MiB,4096.0 MiB,3452.5 MiB,643.5 MiB,12906.2 MiB,,0,56.69
3,2017-07-11,nbody_50000000_original,7.10.1,nbody_6_original.js 50000000,49,1695221853,2834560,node,57.87,622571520,34373632,20799488,100.0,0.2,6.0,0.0,0:57,0,28278784,48312320,0,5135360,0.0,34373632,326,2,280,44,0,12.8,0.8,0.0,85.7,0.8,0.0,0.0,0.0,15794.9 MiB,3701.4 MiB,2192.8 MiB,9900.7 MiB,4096.0 MiB,3452.5 MiB,643.5 MiB,12906.2 MiB,,0,57.87
3,2017-07-11,nbody_50000000_original,7.10.1,nbody_6_original.js 50000000,50,1695221854,2834560,node,59.04,622571520,34373632,20799488,100.0,0.2,6.0,0.0,0:59,0,28278784,48312320,0,5135360,0.0,34373632,326,2,280,44,0,12.6,3.0,0.0,81.5,3.0,0.0,0.0,0.0,15794.9 MiB,3697.4 MiB,2195.2 MiB,9902.2 MiB,4096.0 MiB,3452.5 MiB,643.5 MiB,12903.8 MiB,,0,59.04
3,2017-07-11,nbody_50000000_original,7.10.1,nbody_6_original.js 50000000,51,1695221855,2834560,node,60.22,622571520,34373632,20799488,100.0,0.2,6.0,0.0,1:00,0,28278784,48312320,0,5135360,0.0,34373632,326,2,280,44,0,12.8,0.8,0.0,86.5,0.0,0.0,0.0,0.0,15794.9 MiB,3696.5 MiB,2196.1 MiB,9902.3 MiB,4096.0 MiB,3452.5 MiB,643.5 MiB,12902.9 MiB,,1,00.22
3,2017-07-11,nbody_50000000_original,7.10.1,nbody_6_original.js 50000000,52,1695221857,2834560,node,61.4,622571520,34373632,20799488,100.0,0.2,6.0,0.0,1:01,0,28278784,48312320,0,5135360,0.0,34373632,326,2,280,44,0,13.3,1.5,0.0,85.2,0.0,0.0,0.0,0.0,15794.9 MiB,3696.0 MiB,2196.6 MiB,9902.3 MiB,4096.0 MiB,3452.5 MiB,643.5 MiB,12902.4 MiB,,1,01.40
3,2017-07-11,nbody_50000000_original,7.10.1,nbody_6_original.js 50000000,53,1695221858,2834560,node,62.57,622571520,34373632,20799488,93.8,0.2,6.0,0.0,1:02,0,28278784,48312320,0,5135360,0.0,34373632,326,2,280,44,0,13.2,2.2,0.0,84.6,0.0,0.0,0.0,0.0,15794.9 MiB,3695.7 MiB,2196.8 MiB,9902.3 MiB,4096.0 MiB,3452.5 MiB,643.5 MiB,12902.2 MiB,,1,02.57
3,2017-07-11,nbody_50000000_original,7.10.1,nbody_6_original.js 50000000,54,1695221859,2834560,node,63.75,630960128,42754048,20799488,100.0,0.3,6.0,0.0,1:03,0,28278784,56700928,0,7232512,0.0,42754048,326,2,280,44,0,12.8,0.8,0.0,86.5,0.0,0.0,0.0,0.0,15794.9 MiB,3687.6 MiB,2204.9 MiB,9902.3 MiB,4096.0 MiB,3452.5 MiB,643.5 MiB,12894.1 MiB,,1,03.75
3,2017-07-11,nbody_50000000_original,7.10.1,nbody_6_original.js 50000000,55,1695221860,2834560,node,64.93,630960128,42754048,20799488,100.0,0.3,6.0,0.0,1:04,0,28278784,56700928,0,7232512,0.0,42754048,326,2,280,44,0,12.7,1.5,0.0,85.8,0.0,0.0,0.0,0.0,15794.9 MiB,3687.8 MiB,2204.7 MiB,9902.3 MiB,4096.0 MiB,3452.5 MiB,643.5 MiB,12894.3 MiB,,1,04.93
3,2017-07-11,nbody_50000000_original,7.10.1,nbody_6_original.js 50000000,56,1695221861,2834560,node,66.1,630960128,42754048,20799488,93.8,0.3,6.0,0.0,1:06,0,28278784,56700928,0,7232512,0.0,42754048,326,2,280,44,0,13.4,0.7,0.0,85.8,0.0,0.0,0.0,0.0,15794.9 MiB,3687.4 MiB,2205.2 MiB,9902.4 MiB,4096.0 MiB,3452.5 MiB,643.5 MiB,12893.9 MiB,,1,06.10
3,2017-07-11,nbody_50000000_original,7.10.1,nbody_6_original.js 50000000,57,1695221862,2834560,node,67.28,630960128,42754048,20799488,100.0,0.3,6.0,0.0,1:07,0,28278784,56700928,0,7232512,0.0,42754048,326,2,280,44,0,12.7,1.5,0.0,85.8,0.0,0.0,0.0,0.0,15794.9 MiB,3687.4 MiB,2205.1 MiB,9902.4 MiB,4096.0 MiB,3452.5 MiB,643.5 MiB,12893.9 MiB,,1,07.28
3,2017-07-11,nbody_50000000_original,7.10.1,nbody_6_original.js 50000000,58,1695221864,2834560,node,68.46000000000001,630960128,42754048,20799488,100.0,0.3,6.0,0.0,1:08,0,28278784,56700928,0,7232512,0.0,42754048,326,2,280,44,0,13.4,0.7,0.0,85.8,0.0,0.0,0.0,0.0,15794.9 MiB,3687.4 MiB,2205.1 MiB,9902.4 MiB,4096.0 MiB,3452.5 MiB,643.5 MiB,12893.9 MiB,,1,08.46
3,2017-07-11,nbody_50000000_original,7.10.1,nbody_6_original.js 50000000,59,1695221865,2834560,node,69.63,630960128,42754048,20799488,93.8,0.3,6.0,4.0,1:09,0,28278784,56700928,0,7232512,0.0,42754048,326,2,280,44,0,12.1,1.5,0.0,86.4,0.0,0.0,0.0,0.0,15794.9 MiB,3687.4 MiB,2205.1 MiB,9902.4 MiB,4096.0 MiB,3452.5 MiB,643.5 MiB,12893.9 MiB,,1,09.63
3,2017-07-11,nbody_50000000_original,7.10.1,nbody_6_original.js 50000000,60,1695221866,2834560,node,70.81,630960128,42754048,20799488,100.0,0.3,6.0,4.0,1:10,0,28278784,56700928,0,7232512,0.0,42754048,326,2,280,44,0,13.5,0.8,0.0,85.7,0.0,0.0,0.0,0.0,15794.9 MiB,3687.1 MiB,2205.4 MiB,9902.4 MiB,4096.0 MiB,3452.5 MiB,643.5 MiB,12893.6 MiB,,1,10.81
3,2017-07-11,nbody_50000000_original,7.10.1,nbody_6_original.js 50000000,61,1695221867,2834560,node,71.99,630960128,42754048,20799488,100.0,0.3,6.0,4.0,1:11,0,28278784,56700928,0,7232512,0.0,42754048,326,2,280,44,0,13.2,1.5,0.0,85.3,0.0,0.0,0.0,0.0,15794.9 MiB,3687.1 MiB,2205.4 MiB,9902.4 MiB,4096.0 MiB,3452.5 MiB,643.5 MiB,12893.6 MiB,,1,11.99
3,2017-07-11,nbody_50000000_original,7.10.1,nbody_6_original.js 50000000,62,1695221868,2834560,node,73.17,630960128,42754048,20799488,100.0,0.3,6.0,4.0,1:13,0,28278784,56700928,0,7232512,0.0,42754048,326,2,280,44,0,12.8,0.8,0.0,86.5,0.0,0.0,0.0,0.0,15794.9 MiB,3686.9 MiB,2205.6 MiB,9902.4 MiB,4096.0 MiB,3452.5 MiB,643.5 MiB,12893.4 MiB,,1,13.17
3,2017-07-11,nbody_50000000_original,7.10.1,nbody_6_original.js 50000000,63,1695221869,2834560,node,74.35,630960128,42754048,20799488,100.0,0.3,6.0,4.0,1:14,0,28278784,56700928,0,7232512,0.0,42754048,326,2,280,44,0,12.7,1.5,0.0,85.8,0.0,0.0,0.0,0.0,15794.9 MiB,3686.9 MiB,2205.6 MiB,9902.4 MiB,4096.0 MiB,3452.5 MiB,643.5 MiB,12893.4 MiB,,1,14.35
3,2017-07-11,nbody_50000000_original,7.10.1,nbody_6_original.js 50000000,64,1695221871,2834560,node,75.53,630960128,42754048,20799488,100.0,0.3,6.0,4.0,1:15,0,28278784,56700928,0,7232512,0.0,42754048,326,2,280,44,0,12.7,0.7,0.0,85.8,0.7,0.0,0.0,0.0,15794.9 MiB,3686.9 MiB,2205.6 MiB,9902.4 MiB,4096.0 MiB,3452.5 MiB,643.5 MiB,12893.4 MiB,,1,15.53
3,2017-07-11,nbody_50000000_original,7.10.1,nbody_6_original.js 50000000,65,1695221872,2834560,node,76.7,630960128,42754048,20799488,100.0,0.3,6.0,4.0,1:16,0,28278784,56700928,0,7232512,0.0,42754048,326,2,280,44,0,12.9,0.8,0.0,86.4,0.0,0.0,0.0,0.0,15794.9 MiB,3686.9 MiB,2205.6 MiB,9902.4 MiB,4096.0 MiB,3452.5 MiB,643.5 MiB,12893.4 MiB,,1,16.70
3,2017-07-11,nbody_50000000_original,7.10.1,nbody_6_original.js 50000000,66,1695221873,2834560,node,77.88,630960128,42754048,20799488,100.0,0.3,6.0,4.0,1:17,0,28278784,56700928,0,7232512,0.0,42754048,326,2,280,44,0,12.8,0.8,0.0,86.5,0.0,0.0,0.0,0.0,15794.9 MiB,3686.1 MiB,2206.4 MiB,9902.4 MiB,4096.0 MiB,3452.5 MiB,643.5 MiB,12892.6 MiB,,1,17.88
3,2017-07-11,nbody_50000000_original,7.10.1,nbody_6_original.js 50000000,67,1695221874,2834560,node,79.06,630960128,42754048,20799488,100.0,0.3,6.0,4.0,1:19,0,28278784,56700928,0,7232512,0.0,42754048,326,2,280,44,0,12.7,1.5,0.0,85.8,0.0,0.0,0.0,0.0,15794.9 MiB,3686.1 MiB,2206.4 MiB,9902.4 MiB,4096.0 MiB,3452.5 MiB,643.5 MiB,12892.6 MiB,,1,19.06
3,2017-07-11,nbody_50000000_original,7.10.1,nbody_6_original.js 50000000,68,1695221875,2834560,node,80.24,630960128,42754048,20799488,106.7,0.3,6.0,0.0,1:20,0,28278784,56700928,0,7232512,0.0,42754048,326,2,280,44,0,12.7,1.5,0.0,85.8,0.0,0.0,0.0,0.0,15794.9 MiB,3686.1 MiB,2206.4 MiB,9902.4 MiB,4096.0 MiB,3452.5 MiB,643.5 MiB,12892.6 MiB,,1,20.24
3,2017-07-11,nbody_50000000_original,7.10.1,nbody_6_original.js 50000000,69,1695221877,2834560,node,81.41,630960128,42754048,20799488,100.0,0.3,6.0,0.0,1:21,0,28278784,56700928,0,7232512,0.0,42754048,326,2,280,44,0,13.4,0.7,0.0,85.8,0.0,0.0,0.0,0.0,15794.9 MiB,3686.1 MiB,2206.4 MiB,9902.4 MiB,4096.0 MiB,3452.5 MiB,643.5 MiB,12892.6 MiB,,1,21.41
3,2017-07-11,nbody_50000000_original,7.10.1,nbody_6_original.js 50000000,70,1695221878,2834560,node,82.59,630960128,42754048,20799488,100.0,0.3,6.0,0.0,1:22,0,28278784,56700928,0,7232512,0.0,42754048,326,2,280,44,0,12.7,1.5,0.0,85.8,0.0,0.0,0.0,0.0,15794.9 MiB,3686.1 MiB,2206.4 MiB,9902.4 MiB,4096.0 MiB,3452.5 MiB,643.5 MiB,12892.6 MiB,,1,22.59
3,2017-07-11,nbody_50000000_original,7.10.1,nbody_6_original.js 50000000,71,1695221879,2834560,node,83.77,630960128,42754048,20799488,100.0,0.3,6.0,0.0,1:23,0,28278784,56700928,0,7232512,0.0,42754048,326,2,280,44,0,13.4,0.7,0.0,85.8,0.0,0.0,0.0,0.0,15794.9 MiB,3685.9 MiB,2206.6 MiB,9902.4 MiB,4096.0 MiB,3452.5 MiB,643.5 MiB,12892.4 MiB,,1,23.77
3,2017-07-11,nbody_50000000_original,7.10.1,nbody_6_original.js 50000000,72,1695221880,2834560,node,84.94,630960128,42754048,20799488,100.0,0.3,6.0,0.0,1:24,0,28278784,56700928,0,7232512,0.0,42754048,326,2,280,44,0,13.4,1.5,0.0,85.1,0.0,0.0,0.0,0.0,15794.9 MiB,3685.9 MiB,2206.8 MiB,9902.2 MiB,4096.0 MiB,3452.5 MiB,643.5 MiB,12892.4 MiB,,1,24.94
3,2017-07-11,nbody_50000000_original,7.10.1,nbody_6_original.js 50000000,73,1695221881,2834560,node,86.12,630960128,42754048,20799488,100.0,0.3,6.0,0.0,1:26,0,28278784,56700928,0,7232512,0.0,42754048,326,2,280,44,0,12.8,0.8,0.0,86.5,0.0,0.0,0.0,0.0,15794.9 MiB,3685.9 MiB,2206.8 MiB,9902.2 MiB,4096.0 MiB,3452.5 MiB,643.5 MiB,12892.4 MiB,,1,26.12
3,2017-07-11,nbody_50000000_original,7.10.1,nbody_6_original.js 50000000,74,1695221882,2834560,node,87.3,630960128,42754048,20799488,100.0,0.3,6.0,4.0,1:27,0,28278784,56700928,0,7232512,0.0,42754048,326,2,280,44,0,14.1,1.5,0.0,84.4,0.0,0.0,0.0,0.0,15794.9 MiB,3687.4 MiB,2205.3 MiB,9902.2 MiB,4096.0 MiB,3452.5 MiB,643.5 MiB,12893.9 MiB,,1,27.30
3,2017-07-11,nbody_50000000_original,7.10.1,nbody_6_original.js 50000000,75,1695221884,2834560,node,88.48,630960128,42754048,20799488,100.0,0.3,6.0,4.0,1:28,0,28278784,56700928,0,7232512,0.0,42754048,326,2,280,44,0,13.4,0.7,0.0,85.8,0.0,0.0,0.0,0.0,15794.9 MiB,3687.1 MiB,2205.6 MiB,9902.2 MiB,4096.0 MiB,3452.5 MiB,643.5 MiB,12893.6 MiB,,1,28.48
3,2017-07-11,nbody_50000000_original,7.10.1,nbody_6_original.js 50000000,76,1695221885,2834560,node,89.66,630960128,42754048,20799488,106.7,0.3,6.0,4.0,1:29,0,28278784,56700928,0,7232512,0.0,42754048,326,2,280,44,0,12.7,1.5,0.0,85.8,0.0,0.0,0.0,0.0,15794.9 MiB,3686.9 MiB,2205.8 MiB,9902.2 MiB,4096.0 MiB,3452.5 MiB,643.5 MiB,12893.4 MiB,,1,29.66
3,2017-07-11,nbody_50000000_original,7.10.1,nbody_6_original.js 50000000,77,1695221886,2834560,node,90.83,630960128,42754048,20799488,100.0,0.3,6.0,4.0,1:30,0,28278784,56700928,0,7232512,0.0,42754048,326,2,280,44,0,13.4,0.7,0.0,85.8,0.0,0.0,0.0,0.0,15794.9 MiB,3686.9 MiB,2205.8 MiB,9902.2 MiB,4096.0 MiB,3452.5 MiB,643.5 MiB,12893.4 MiB,,1,30.83
3,2017-07-11,nbody_50000000_original,7.10.1,nbody_6_original.js 50000000,78,1695221887,2834560,node,92.00999999999999,630960128,42754048,20799488,100.0,0.3,6.0,4.0,1:32,0,28278784,56700928,0,7232512,0.0,42754048,326,2,280,44,0,13.3,1.5,0.0,84.4,0.7,0.0,0.0,0.0,15794.9 MiB,3686.4 MiB,2206.3 MiB,9902.2 MiB,4096.0 MiB,3452.5 MiB,643.5 MiB,12892.9 MiB,,1,32.01
3,2017-07-11,nbody_50000000_original,7.10.1,nbody_6_original.js 50000000,79,1695221888,2834560,node,93.19,630960128,42754048,20799488,100.0,0.3,6.0,4.0,1:33,0,28278784,56700928,0,7232512,0.0,42754048,326,2,280,44,0,13.4,0.7,0.0,85.8,0.0,0.0,0.0,0.0,15794.9 MiB,3686.6 MiB,2206.0 MiB,9902.2 MiB,4096.0 MiB,3452.5 MiB,643.5 MiB,12893.2 MiB,,1,33.19
3,2017-07-11,nbody_50000000_original,7.10.1,nbody_6_original.js 50000000,80,1695221889,2834560,node,94.36,630960128,42754048,20799488,100.0,0.3,6.0,4.0,1:34,0,28278784,56700928,0,7232512,0.0,42754048,326,2,280,44,0,14.8,0.7,0.0,84.4,0.0,0.0,0.0,0.0,15794.9 MiB,3686.6 MiB,2206.0 MiB,9902.2 MiB,4096.0 MiB,3452.5 MiB,643.5 MiB,12893.2 MiB,,1,34.36
3,2017-07-11,nbody_50000000_original,7.10.1,nbody_6_original.js 50000000,81,1695221891,2834560,node,95.53999999999999,630960128,42754048,20799488,100.0,0.3,6.0,4.0,1:35,0,28278784,56700928,0,7232512,0.0,42754048,326,2,280,44,0,12.8,0.8,0.0,86.5,0.0,0.0,0.0,0.0,15794.9 MiB,3686.6 MiB,2206.0 MiB,9902.2 MiB,4096.0 MiB,3452.5 MiB,643.5 MiB,12893.2 MiB,,1,35.54
3,2017-07-11,nbody_50000000_original,7.10.1,nbody_6_original.js 50000000,82,1695221892,2834560,node,96.72,630960128,42754048,20799488,100.0,0.3,6.0,4.0,1:36,0,28278784,56700928,0,7232512,0.0,42754048,326,2,280,44,0,13.2,1.5,0.0,85.3,0.0,0.0,0.0,0.0,15794.9 MiB,3686.9 MiB,2205.8 MiB,9902.2 MiB,4096.0 MiB,3452.5 MiB,643.5 MiB,12893.4 MiB,,1,36.72
3,2017-07-11,nbody_50000000_original,7.10.1,nbody_6_original.js 50000000,83,1695221893,2834560,node,97.9,630960128,42754048,20799488,100.0,0.3,6.0,4.0,1:37,0,28278784,56700928,0,7232512,0.0,42754048,326,2,280,44,0,12.8,0.8,0.0,86.5,0.0,0.0,0.0,0.0,15794.9 MiB,3686.9 MiB,2205.8 MiB,9902.2 MiB,4096.0 MiB,3452.5 MiB,643.5 MiB,12893.4 MiB,,1,37.90
3,2017-07-11,nbody_50000000_original,7.10.1,nbody_6_original.js 50000000,84,1695221894,2834560,node,99.08,630960128,42754048,20799488,100.0,0.3,6.0,4.0,1:39,0,28278784,56700928,0,7232512,0.0,42754048,326,2,280,44,0,12.8,1.5,0.0,85.7,0.0,0.0,0.0,0.0,15794.9 MiB,3686.6 MiB,2206.0 MiB,9902.2 MiB,4096.0 MiB,3452.5 MiB,643.5 MiB,12893.2 MiB,,1,39.08
3,2017-07-11,nbody_50000000_original,7.10.1,nbody_6_original.js 50000000,85,1695221895,2834560,node,100.25,630960128,42754048,20799488,93.8,0.3,6.0,0.0,1:40,0,28278784,56700928,0,7232512,0.0,42754048,326,2,280,44,0,13.5,0.8,0.0,85.7,0.0,0.0,0.0,0.0,15794.9 MiB,3686.6 MiB,2206.0 MiB,9902.2 MiB,4096.0 MiB,3452.5 MiB,643.5 MiB,12893.2 MiB,,1,40.25
3,2017-07-11,nbody_50000000_original,7.10.1,nbody_6_original.js 50000000,86,1695221897,2834560,node,101.43,630960128,42754048,20799488,100.0,0.3,6.0,0.0,1:41,0,28278784,56700928,0,7232512,0.0,42754048,326,2,280,44,0,12.8,0.8,0.0,86.5,0.0,0.0,0.0,0.0,15794.9 MiB,3686.1 MiB,2206.5 MiB,9902.2 MiB,4096.0 MiB,3452.5 MiB,643.5 MiB,12892.7 MiB,,1,41.43
3,2017-07-11,nbody_50000000_original,7.10.1,nbody_6_original.js 50000000,87,1695221898,2834560,node,102.6,630960128,42754048,20799488,93.8,0.3,6.0,0.0,1:42,0,28278784,56700928,0,7232512,0.0,42754048,326,2,280,44,0,14.0,1.5,0.0,84.6,0.0,0.0,0.0,0.0,15794.9 MiB,3685.6 MiB,2207.0 MiB,9902.2 MiB,4096.0 MiB,3452.5 MiB,643.5 MiB,12892.2 MiB,,1,42.60
3,2017-07-11,nbody_50000000_original,7.10.1,nbody_6_original.js 50000000,88,1695221899,2834560,node,103.78,630960128,42754048,20799488,100.0,0.3,6.0,0.0,1:43,0,28278784,56700928,0,7232512,0.0,42754048,326,2,280,44,0,12.7,1.5,0.0,85.8,0.0,0.0,0.0,0.0,15794.9 MiB,3685.6 MiB,2207.0 MiB,9902.2 MiB,4096.0 MiB,3452.5 MiB,643.5 MiB,12892.2 MiB,,1,43.78
3,2017-07-11,nbody_50000000_original,7.10.1,nbody_6_original.js 50000000,89,1695221900,2834560,node,104.96000000000001,630960128,42754048,20799488,100.0,0.3,6.0,0.0,1:44,0,28278784,56700928,0,7232512,0.0,42754048,326,2,280,44,0,13.4,0.7,0.0,85.8,0.0,0.0,0.0,0.0,15794.9 MiB,3685.4 MiB,2207.2 MiB,9902.2 MiB,4096.0 MiB,3452.5 MiB,643.5 MiB,12892.0 MiB,,1,44.96
3,2017-07-11,nbody_50000000_original,7.10.1,nbody_6_original.js 50000000,90,1695221901,2834560,node,106.14,630960128,42754048,20799488,100.0,0.3,6.0,0.0,1:46,0,28278784,56700928,0,7232512,0.0,42754048,326,2,280,44,0,13.3,1.5,0.0,85.2,0.0,0.0,0.0,0.0,15794.9 MiB,3684.9 MiB,2207.7 MiB,9902.2 MiB,4096.0 MiB,3452.5 MiB,643.5 MiB,12891.5 MiB,,1,46.14
3,2017-07-11,nbody_50000000_original,7.10.1,nbody_6_original.js 50000000,91,1695221902,2834560,node,107.32,630960128,42754048,20799488,100.0,0.3,6.0,0.0,1:47,0,28278784,56700928,0,7232512,0.0,42754048,326,2,280,44,0,13.4,0.7,0.0,85.8,0.0,0.0,0.0,0.0,15794.9 MiB,3684.9 MiB,2207.7 MiB,9902.2 MiB,4096.0 MiB,3452.5 MiB,643.5 MiB,12891.5 MiB,,1,47.32
3,2017-07-11,nbody_50000000_original,7.10.1,nbody_6_original.js 50000000,92,1695221904,2834560,node,108.5,630960128,42754048,20799488,100.0,0.3,6.0,0.0,1:48,0,28278784,56700928,0,7232512,0.0,42754048,326,2,280,44,0,13.3,1.5,0.0,85.2,0.0,0.0,0.0,0.0,15794.9 MiB,3685.9 MiB,2206.7 MiB,9902.2 MiB,4096.0 MiB,3452.5 MiB,643.5 MiB,12892.5 MiB,,1,48.50
3,2017-07-11,nbody_50000000_original,7.10.1,nbody_6_original.js 50000000,93,1695221905,2834560,node,109.68,630960128,42754048,20799488,100.0,0.3,6.0,0.0,1:49,0,28278784,56700928,0,7232512,0.0,42754048,326,2,280,44,0,12.8,0.8,0.0,86.5,0.0,0.0,0.0,0.0,15794.9 MiB,3685.9 MiB,2206.7 MiB,9902.2 MiB,4096.0 MiB,3452.5 MiB,643.5 MiB,12892.5 MiB,,1,49.68
3,2017-07-11,nbody_50000000_original,7.10.1,nbody_6_original.js 50000000,94,1695221906,2834560,node,110.85,630960128,42754048,20799488,100.0,0.3,6.0,0.0,1:50,0,28278784,56700928,0,7232512,0.0,42754048,326,2,280,44,0,12.7,1.5,0.0,85.8,0.0,0.0,0.0,0.0,15794.9 MiB,3686.1 MiB,2206.5 MiB,9902.2 MiB,4096.0 MiB,3452.5 MiB,643.5 MiB,12892.7 MiB,,1,50.85
3,2017-07-11,nbody_50000000_original,7.10.1,nbody_6_original.js 50000000,95,1695221907,2834560,node,112.03,630960128,42754048,20799488,100.0,0.3,6.0,4.0,1:52,0,28278784,56700928,0,7232512,0.0,42754048,326,2,280,44,0,11.9,1.5,0.0,86.6,0.0,0.0,0.0,0.0,15794.9 MiB,3686.1 MiB,2206.5 MiB,9902.2 MiB,4096.0 MiB,3452.5 MiB,643.5 MiB,12892.7 MiB,,1,52.03
3,2017-07-11,nbody_50000000_original,7.10.1,nbody_6_original.js 50000000,96,1695221908,2834560,node,113.21000000000001,630960128,42754048,20799488,100.0,0.3,6.0,4.0,1:53,0,28278784,56700928,0,7232512,0.0,42754048,326,2,280,44,0,12.9,0.8,0.0,86.4,0.0,0.0,0.0,0.0,15794.9 MiB,3686.1 MiB,2206.5 MiB,9902.2 MiB,4096.0 MiB,3452.5 MiB,643.5 MiB,12892.7 MiB,,1,53.21
3,2017-07-11,nbody_50000000_original,7.10.1,nbody_6_original.js 50000000,97,1695221909,2834560,node,114.38,630960128,42754048,20799488,100.0,0.3,6.0,4.0,1:54,0,28278784,56700928,0,7232512,0.0,42754048,326,2,280,44,0,12.8,0.8,0.0,86.5,0.0,0.0,0.0,0.0,15794.9 MiB,3686.1 MiB,2206.5 MiB,9902.2 MiB,4096.0 MiB,3452.5 MiB,643.5 MiB,12892.7 MiB,,1,54.38
3,2017-07-11,nbody_50000000_original,7.10.1,nbody_6_original.js 50000000,98,1695221911,2834560,node,115.56,630960128,42754048,20799488,100.0,0.3,6.0,4.0,1:55,0,28278784,56700928,0,7232512,0.0,42754048,326,2,280,44,0,13.4,0.7,0.0,85.8,0.0,0.0,0.0,0.0,15794.9 MiB,3686.1 MiB,2206.5 MiB,9902.2 MiB,4096.0 MiB,3452.5 MiB,643.5 MiB,12892.7 MiB,,1,55.56
3,2017-07-11,nbody_50000000_original,7.10.1,nbody_6_original.js 50000000,99,1695221912,2834560,node,116.74000000000001,630960128,42754048,20799488,100.0,0.3,6.0,4.0,1:56,0,28278784,56700928,0,7232512,0.0,42754048,326,2,280,44,0,13.4,0.7,0.0,85.8,0.0,0.0,0.0,0.0,15794.9 MiB,3686.4 MiB,2206.2 MiB,9902.2 MiB,4096.0 MiB,3452.5 MiB,643.5 MiB,12893.0 MiB,,1,56.74
3,2017-07-11,nbody_50000000_original,7.10.1,nbody_6_original.js 50000000,100,1695221913,2834560,node,117.92,630960128,42754048,20799488,100.0,0.3,6.0,0.0,1:57,0,28278784,56700928,0,7232512,0.0,42754048,326,2,280,44,0,13.3,0.7,0.0,85.9,0.0,0.0,0.0,0.0,15794.9 MiB,3686.6 MiB,2206.0 MiB,9902.3 MiB,4096.0 MiB,3452.5 MiB,643.5 MiB,12893.2 MiB,,1,57.92
3,2017-07-11,nbody_50000000_original,7.10.1,nbody_6_original.js 50000000,101,1695221914,2834560,node,119.1,630960128,42754048,20799488,100.0,0.3,6.0,0.0,1:59,0,28278784,56700928,0,7232512,0.0,42754048,326,2,280,44,0,13.3,1.5,0.0,85.2,0.0,0.0,0.0,0.0,15794.9 MiB,3687.1 MiB,2205.5 MiB,9902.3 MiB,4096.0 MiB,3452.5 MiB,643.5 MiB,12893.7 MiB,,1,59.10
3,2017-07-11,nbody_50000000_original,7.10.1,nbody_6_original.js 50000000,102,1695221915,2834560,node,120.27,630960128,42754048,20799488,93.8,0.3,6.0,0.0,2:00,0,28278784,56700928,0,7232512,0.0,42754048,326,2,280,44,0,12.6,3.0,0.0,84.4,0.0,0.0,0.0,0.0,15794.9 MiB,3687.1 MiB,2205.5 MiB,9902.3 MiB,4096.0 MiB,3452.5 MiB,643.5 MiB,12893.7 MiB,,2,00.27
3,2017-07-11,nbody_50000000_original,7.10.1,nbody_6_original.js 50000000,103,1695221917,2834560,node,121.45,630960128,42754048,20799488,100.0,0.3,6.0,0.0,2:01,0,28278784,56700928,0,7232512,0.0,42754048,326,2,280,44,0,12.8,0.8,0.0,86.5,0.0,0.0,0.0,0.0,15794.9 MiB,3687.1 MiB,2205.5 MiB,9902.3 MiB,4096.0 MiB,3452.5 MiB,643.5 MiB,12893.7 MiB,,2,01.45
3,2017-07-11,nbody_50000000_original,7.10.1,nbody_6_original.js 50000000,104,1695221918,2834560,node,122.63,630960128,42754048,20799488,100.0,0.3,6.0,0.0,2:02,0,28278784,56700928,0,7232512,0.0,42754048,326,2,280,44,0,13.3,1.5,0.0,84.4,0.7,0.0,0.0,0.0,15794.9 MiB,3687.1 MiB,2205.5 MiB,9902.3 MiB,4096.0 MiB,3452.5 MiB,643.5 MiB,12893.7 MiB,,2,02.63
3,2017-07-11,nbody_50000000_original,7.10.1,nbody_6_original.js 50000000,105,1695221919,2834560,node,123.8,630960128,42754048,20799488,93.8,0.3,6.0,0.0,2:03,0,28278784,56700928,0,7232512,0.0,42754048,326,2,280,44,0,12.0,1.5,0.0,86.5,0.0,0.0,0.0,0.0,15794.9 MiB,3686.6 MiB,2206.0 MiB,9902.3 MiB,4096.0 MiB,3452.5 MiB,643.5 MiB,12893.2 MiB,,2,03.80
3,2017-07-11,nbody_50000000_original,7.10.1,nbody_6_original.js 50000000,106,1695221920,2834560,node,124.98,630960128,42754048,20799488,100.0,0.3,6.0,0.0,2:04,0,28278784,56700928,0,7232512,0.0,42754048,326,2,280,44,0,12.8,0.8,0.0,86.5,0.0,0.0,0.0,0.0,15794.9 MiB,3686.6 MiB,2206.0 MiB,9902.3 MiB,4096.0 MiB,3452.5 MiB,643.5 MiB,12893.2 MiB,,2,04.98
3,2017-07-11,nbody_50000000_original,7.10.1,nbody_6_original.js 50000000,107,1695221921,2834560,node,126.16,630960128,42754048,20799488,100.0,0.3,6.0,0.0,2:06,0,28278784,56700928,0,7232512,0.0,42754048,326,2,280,44,0,12.6,1.5,0.0,85.9,0.0,0.0,0.0,0.0,15794.9 MiB,3686.4 MiB,2206.2 MiB,9902.3 MiB,4096.0 MiB,3452.5 MiB,643.5 MiB,12893.0 MiB,,2,06.16
3,2017-07-11,nbody_50000000_original,7.10.1,nbody_6_original.js 50000000,108,1695221922,2834560,node,127.34,630960128,42754048,20799488,100.0,0.3,6.0,0.0,2:07,0,28278784,56700928,0,7232512,0.0,42754048,326,2,280,44,0,12.0,1.5,0.0,86.5,0.0,0.0,0.0,0.0,15794.9 MiB,3686.4 MiB,2206.2 MiB,9902.3 MiB,4096.0 MiB,3452.5 MiB,643.5 MiB,12893.0 MiB,,2,07.34
3,2017-07-11,nbody_50000000_original,7.10.1,nbody_6_original.js 50000000,109,1695221924,2834560,node,128.52,630960128,42754048,20799488,100.0,0.3,6.0,0.0,2:08,0,28278784,56700928,0,7232512,0.0,42754048,326,2,280,44,0,13.9,2.2,0.0,83.9,0.0,0.0,0.0,0.0,15794.9 MiB,3685.4 MiB,2207.2 MiB,9902.3 MiB,4096.0 MiB,3452.5 MiB,643.5 MiB,12892.0 MiB,,2,08.52
3,2017-07-11,nbody_50000000_original,7.10.1,nbody_6_original.js 50000000,110,1695221925,2834560,node,129.69,630960128,42754048,20799488,100.0,0.3,6.0,0.0,2:09,0,28278784,56700928,0,7232512,0.0,42754048,326,2,280,44,0,12.7,1.5,0.0,85.8,0.0,0.0,0.0,0.0,15794.9 MiB,3685.4 MiB,2207.2 MiB,9902.3 MiB,4096.0 MiB,3452.5 MiB,643.5 MiB,12892.0 MiB,,2,09.69
3,2017-07-11,nbody_50000000_original,7.10.1,nbody_6_original.js 50000000,111,1695221926,2834560,node,130.87,630960128,42754048,20799488,100.0,0.3,6.0,0.0,2:10,0,28278784,56700928,0,7232512,0.0,42754048,326,2,280,44,0,12.7,1.5,0.0,85.8,0.0,0.0,0.0,0.0,15794.9 MiB,3685.6 MiB,2206.9 MiB,9902.3 MiB,4096.0 MiB,3452.5 MiB,643.5 MiB,12892.3 MiB,,2,10.87
3,2017-07-11,nbody_50000000_original,7.10.1,nbody_6_original.js 50000000,112,1695221927,2834560,node,132.05,630960128,42754048,20799488,100.0,0.3,6.0,0.0,2:12,0,28278784,56700928,0,7232512,0.0,42754048,326,2,280,44,0,13.4,0.7,0.0,85.8,0.0,0.0,0.0,0.0,15794.9 MiB,3685.6 MiB,2206.9 MiB,9902.3 MiB,4096.0 MiB,3452.5 MiB,643.5 MiB,12892.3 MiB,,2,12.05
3,2017-07-11,nbody_50000000_original,7.10.1,nbody_6_original.js 50000000,113,1695221928,2834560,node,133.22,630960128,42754048,20799488,100.0,0.3,6.0,0.0,2:13,0,28278784,56700928,0,7232512,0.0,42754048,326,2,280,44,0,12.8,0.8,0.0,85.7,0.8,0.0,0.0,0.0,15794.9 MiB,3685.9 MiB,2206.7 MiB,9902.3 MiB,4096.0 MiB,3452.5 MiB,643.5 MiB,12892.5 MiB,,2,13.22
3,2017-07-11,nbody_50000000_original,7.10.1,nbody_6_original.js 50000000,114,1695221930,2834560,node,134.4,630960128,42754048,20799488,100.0,0.3,6.0,0.0,2:14,0,28278784,56700928,0,7232512,0.0,42754048,326,2,280,44,0,14.0,1.5,0.0,84.6,0.0,0.0,0.0,0.0,15794.9 MiB,3685.9 MiB,2206.7 MiB,9902.3 MiB,4096.0 MiB,3452.5 MiB,643.5 MiB,12892.5 MiB,,2,14.40
3,2017-07-11,nbody_50000000_original,7.10.1,nbody_6_original.js 50000000,115,1695221931,2834560,node,135.58,630960128,42754048,20799488,100.0,0.3,6.0,0.0,2:15,0,28278784,56700928,0,7232512,0.0,42754048,326,2,280,44,0,13.4,1.5,0.0,85.1,0.0,0.0,0.0,0.0,15794.9 MiB,3685.9 MiB,2206.7 MiB,9902.3 MiB,4096.0 MiB,3452.5 MiB,643.5 MiB,12892.5 MiB,,2,15.58
3,2017-07-11,nbody_50000000_original,7.10.1,nbody_6_original.js 50000000,116,1695221932,2834560,node,136.75,630960128,42754048,20799488,93.8,0.3,6.0,4.0,2:16,0,28278784,56700928,0,7232512,0.0,42754048,326,2,280,44,0,12.2,0.8,0.0,87.0,0.0,0.0,0.0,0.0,15794.9 MiB,3685.9 MiB,2206.7 MiB,9902.3 MiB,4096.0 MiB,3452.5 MiB,643.5 MiB,12892.5 MiB,,2,16.75
3,2017-07-11,nbody_50000000_original,7.10.1,nbody_6_original.js 50000000,117,1695221933,2834560,node,137.93,630960128,42754048,20799488,100.0,0.3,6.0,4.0,2:17,0,28278784,56700928,0,7232512,0.0,42754048,326,2,280,44,0,12.9,0.8,0.0,86.4,0.0,0.0,0.0,0.0,15794.9 MiB,3686.1 MiB,2206.4 MiB,9902.3 MiB,4096.0 MiB,3452.5 MiB,643.5 MiB,12892.8 MiB,,2,17.93
3,2017-07-11,nbody_50000000_original,7.10.1,nbody_6_original.js 50000000,118,1695221934,2834560,node,139.11,630960128,42754048,20799488,100.0,0.3,6.0,4.0,2:19,0,28278784,56700928,0,7232512,0.0,42754048,326,2,280,44,0,12.7,1.5,0.0,85.8,0.0,0.0,0.0,0.0,15794.9 MiB,3685.7 MiB,2206.9 MiB,9902.3 MiB,4096.0 MiB,3452.5 MiB,643.5 MiB,12892.3 MiB,,2,19.11
3,2017-07-11,nbody_50000000_original,7.10.1,nbody_6_original.js 50000000,119,1695221935,2834560,node,140.29,630960128,42754048,20799488,100.0,0.3,6.0,4.0,2:20,0,28278784,56700928,0,7232512,0.0,42754048,326,2,280,44,0,12.8,0.8,0.0,86.5,0.0,0.0,0.0,0.0,15794.9 MiB,3685.4 MiB,2207.2 MiB,9902.3 MiB,4096.0 MiB,3452.5 MiB,643.5 MiB,12892.0 MiB,,2,20.29
3,2017-07-11,nbody_50000000_original,7.10.1,nbody_6_original.js 50000000,120,1695221937,2834560,node,141.47,630960128,42754048,20799488,100.0,0.3,6.0,4.0,2:21,0,28278784,56700928,0,7232512,0.0,42754048,326,2,280,44,0,12.7,1.5,0.0,85.8,0.0,0.0,0.0,0.0,15794.9 MiB,3685.9 MiB,2206.7 MiB,9902.3 MiB,4096.0 MiB,3452.5 MiB,643.5 MiB,12892.5 MiB,,2,21.47
3,2017-07-11,nbody_50000000_original,7.10.1,nbody_6_original.js 50000000,121,1695221938,2834560,node,142.64,630960128,42754048,20799488,100.0,0.3,6.0,4.0,2:22,0,28278784,56700928,0,7232512,0.0,42754048,326,2,280,44,0,12.8,1.5,0.0,85.7,0.0,0.0,0.0,0.0,15794.9 MiB,3685.4 MiB,2207.2 MiB,9902.3 MiB,4096.0 MiB,3452.5 MiB,643.5 MiB,12892.0 MiB,,2,22.64
3,2017-07-11,nbody_50000000_original,7.10.1,nbody_6_original.js 50000000,122,1695221939,2834560,node,143.82,630960128,42754048,20799488,100.0,0.3,6.0,0.0,2:23,0,28278784,56700928,0,7232512,0.0,42754048,326,2,280,44,0,12.7,1.5,0.0,85.8,0.0,0.0,0.0,0.0,15794.9 MiB,3684.7 MiB,2207.9 MiB,9902.3 MiB,4096.0 MiB,3452.5 MiB,643.5 MiB,12891.3 MiB,,2,23.82
3,2017-07-11,nbody_50000000_original,7.10.1,nbody_6_original.js 50000000,123,1695221940,2834560,node,145.0,630960128,42754048,20799488,100.0,0.3,6.0,0.0,2:25,0,28278784,56700928,0,7232512,0.0,42754048,326,2,280,44,0,13.3,0.7,0.0,85.2,0.7,0.0,0.0,0.0,15794.9 MiB,3684.7 MiB,2207.9 MiB,9902.3 MiB,4096.0 MiB,3452.5 MiB,643.5 MiB,12891.3 MiB,,2,25.00
3,2017-07-11,nbody_50000000_original,7.10.1,nbody_6_original.js 50000000,124,1695221941,2834560,node,146.17000000000002,630960128,42754048,20799488,93.8,0.3,6.0,0.0,2:26,0,28278784,56700928,0,7232512,0.0,42754048,326,2,280,44,0,14.0,1.5,0.0,84.6,0.0,0.0,0.0,0.0,15794.9 MiB,3685.4 MiB,2207.1 MiB,9902.3 MiB,4096.0 MiB,3452.5 MiB,643.5 MiB,12892.1 MiB,,2,26.17
3,2017-07-11,nbody_50000000_original,7.10.1,nbody_6_original.js 50000000,125,1695221942,2834560,node,147.35,630960128,42754048,20799488,100.0,0.3,6.0,0.0,2:27,0,28278784,56700928,0,7232512,0.0,42754048,326,2,280,44,0,12.8,0.8,0.0,86.5,0.0,0.0,0.0,0.0,15794.9 MiB,3685.7 MiB,2206.9 MiB,9902.3 MiB,4096.0 MiB,3452.5 MiB,643.5 MiB,12892.3 MiB,,2,27.35
3,2017-07-11,nbody_50000000_original,7.10.1,nbody_6_original.js 50000000,126,1695221944,2834560,node,148.53,630960128,42754048,20799488,100.0,0.3,6.0,0.0,2:28,0,28278784,56700928,0,7232512,0.0,42754048,326,2,280,44,0,13.4,0.7,0.0,85.8,0.0,0.0,0.0,0.0,15794.9 MiB,3685.2 MiB,2207.4 MiB,9902.3 MiB,4096.0 MiB,3452.5 MiB,643.5 MiB,12891.8 MiB,,2,28.53
3,2017-07-11,nbody_50000000_original,7.10.1,nbody_6_original.js 50000000,127,1695221945,2834560,node,149.71,630960128,42754048,20799488,100.0,0.3,6.0,0.0,2:29,0,28278784,56700928,0,7232512,0.0,42754048,326,2,280,44,0,13.3,1.5,0.0,85.2,0.0,0.0,0.0,0.0,15794.9 MiB,3685.2 MiB,2207.4 MiB,9902.3 MiB,4096.0 MiB,3452.5 MiB,643.5 MiB,12891.8 MiB,,2,29.71
3,2017-07-11,nbody_50000000_original,7.10.1,nbody_6_original.js 50000000,128,1695221946,2834560,node,150.89,630960128,42754048,20799488,100.0,0.3,6.0,0.0,2:30,0,28278784,56700928,0,7232512,0.0,42754048,326,2,280,44,0,12.1,0.8,0.0,86.4,0.8,0.0,0.0,0.0,15794.9 MiB,3685.2 MiB,2207.4 MiB,9902.3 MiB,4096.0 MiB,3452.5 MiB,643.5 MiB,12891.8 MiB,,2,30.89
3,2017-07-11,nbody_50000000_original,7.10.1,nbody_6_original.js 50000000,129,1695221947,2834560,node,152.06,630960128,42754048,20799488,100.0,0.3,6.0,0.0,2:32,0,28278784,56700928,0,7232512,0.0,42754048,326,2,280,44,0,12.0,1.5,0.0,86.5,0.0,0.0,0.0,0.0,15794.9 MiB,3684.7 MiB,2207.9 MiB,9902.3 MiB,4096.0 MiB,3452.5 MiB,643.5 MiB,12891.3 MiB,,2,32.06
3,2017-07-11,nbody_50000000_original,7.10.1,nbody_6_original.js 50000000,130,1695221948,2834560,node,153.24,630960128,42754048,20799488,100.0,0.3,6.0,0.0,2:33,0,28278784,56700928,0,7232512,0.0,42754048,326,2,280,44,0,12.7,1.5,0.0,85.8,0.0,0.0,0.0,0.0,15794.9 MiB,3684.7 MiB,2207.9 MiB,9902.3 MiB,4096.0 MiB,3452.5 MiB,643.5 MiB,12891.3 MiB,,2,33.24
3,2017-07-11,nbody_50000000_original,7.10.1,nbody_6_original.js 50000000,131,1695221950,2834560,node,154.42000000000002,630960128,42754048,20799488,100.0,0.3,6.0,0.0,2:34,0,28278784,56700928,0,7232512,0.0,42754048,326,2,280,44,0,13.4,0.7,0.0,85.8,0.0,0.0,0.0,0.0,15794.9 MiB,3684.9 MiB,2207.6 MiB,9902.3 MiB,4096.0 MiB,3452.5 MiB,643.5 MiB,12891.6 MiB,,2,34.42
3,2017-07-11,nbody_50000000_original,7.10.1,nbody_6_original.js 50000000,132,1695221951,2834560,node,155.59,630960128,42754048,20799488,93.8,0.3,6.0,0.0,2:35,0,28278784,56700928,0,7232512,0.0,42754048,325,2,279,44,0,14.0,1.5,0.0,84.6,0.0,0.0,0.0,0.0,15794.9 MiB,3684.9 MiB,2207.6 MiB,9902.3 MiB,4096.0 MiB,3452.5 MiB,643.5 MiB,12891.6 MiB,,2,35.59
4,2017-07-11,nbody_50000000_original,7.10.1,nbody_6_original.js 50000000,0,1695221952,2835404,node,0.16,618377216,30322688,20799488,93.8,0.2,6.0,4.0,0:00,0,28278784,44118016,0,4084736,0.0,30322688,325,2,279,44,0,13.7,1.5,0.0,84.7,0.0,0.0,0.0,0.0,15794.9 MiB,3686.9 MiB,2197.4 MiB,9910.5 MiB,4096.0 MiB,3452.5 MiB,643.5 MiB,12893.6 MiB,,0,00.16
4,2017-07-11,nbody_50000000_original,7.10.1,nbody_6_original.js 50000000,1,1695221953,2835404,node,1.33,618377216,30322688,20799488,93.8,0.2,6.0,4.0,0:01,0,28278784,44118016,0,4084736,0.0,30322688,325,3,278,44,0,13.3,1.5,0.0,85.2,0.0,0.0,0.0,0.0,15794.9 MiB,3685.7 MiB,2198.6 MiB,9910.6 MiB,4096.0 MiB,3452.5 MiB,643.5 MiB,12892.3 MiB,,0,01.33
4,2017-07-11,nbody_50000000_original,7.10.1,nbody_6_original.js 50000000,2,1695221954,2835404,node,2.51,618377216,30322688,20799488,100.0,0.2,6.0,4.0,0:02,0,28278784,44118016,0,4084736,0.0,30322688,325,2,279,44,0,12.6,1.5,0.0,85.9,0.0,0.0,0.0,0.0,15794.9 MiB,3700.4 MiB,2191.8 MiB,9902.6 MiB,4096.0 MiB,3452.5 MiB,643.5 MiB,12907.1 MiB,,0,02.51
4,2017-07-11,nbody_50000000_original,7.10.1,nbody_6_original.js 50000000,3,1695221955,2835404,node,3.69,618377216,30322688,20799488,100.0,0.2,6.0,4.0,0:03,0,28278784,44118016,0,4084736,0.0,30322688,325,2,279,44,0,12.7,1.5,0.0,85.8,0.0,0.0,0.0,0.0,15794.9 MiB,3700.2 MiB,2192.1 MiB,9902.6 MiB,4096.0 MiB,3452.5 MiB,643.5 MiB,12906.9 MiB,,0,03.69
4,2017-07-11,nbody_50000000_original,7.10.1,nbody_6_original.js 50000000,4,1695221957,2835404,node,4.86,618377216,30322688,20799488,93.8,0.2,6.0,4.0,0:04,0,28278784,44118016,0,4084736,0.0,30322688,325,2,279,44,0,12.7,1.5,0.0,85.8,0.0,0.0,0.0,0.0,15794.9 MiB,3699.4 MiB,2192.8 MiB,9902.6 MiB,4096.0 MiB,3452.5 MiB,643.5 MiB,12906.1 MiB,,0,04.86
4,2017-07-11,nbody_50000000_original,7.10.1,nbody_6_original.js 50000000,5,1695221958,2835404,node,6.04,618377216,30322688,20799488,100.0,0.2,6.0,0.0,0:06,0,28278784,44118016,0,4084736,0.0,30322688,325,2,279,44,0,12.8,0.8,0.0,86.5,0.0,0.0,0.0,0.0,15794.9 MiB,3698.7 MiB,2193.5 MiB,9902.6 MiB,4096.0 MiB,3452.5 MiB,643.5 MiB,12905.4 MiB,,0,06.04
4,2017-07-11,nbody_50000000_original,7.10.1,nbody_6_original.js 50000000,6,1695221959,2835404,node,7.22,618377216,30322688,20799488,100.0,0.2,6.0,0.0,0:07,0,28278784,44118016,0,4084736,0.0,30322688,325,2,279,44,0,13.2,2.9,0.0,83.8,0.0,0.0,0.0,0.0,15794.9 MiB,3698.7 MiB,2193.5 MiB,9902.6 MiB,4096.0 MiB,3452.5 MiB,643.5 MiB,12905.4 MiB,,0,07.22
4,2017-07-11,nbody_50000000_original,7.10.1,nbody_6_original.js 50000000,7,1695221960,2835404,node,8.39,618377216,30322688,20799488,93.8,0.2,6.0,0.0,0:08,0,28278784,44118016,0,4084736,0.0,30322688,325,2,279,44,0,13.5,0.8,0.0,85.7,0.0,0.0,0.0,0.0,15794.9 MiB,3698.5 MiB,2193.8 MiB,9902.6 MiB,4096.0 MiB,3452.5 MiB,643.5 MiB,12905.2 MiB,,0,08.39
4,2017-07-11,nbody_50000000_original,7.10.1,nbody_6_original.js 50000000,8,1695221961,2835404,node,9.58,622571520,34373632,20799488,100.0,0.2,6.0,0.0,0:09,0,28278784,48312320,0,5133312,0.0,34373632,325,2,279,44,0,12.6,2.2,0.0,85.2,0.0,0.0,0.0,0.0,15794.9 MiB,3698.7 MiB,2193.5 MiB,9902.6 MiB,4096.0 MiB,3452.5 MiB,643.5 MiB,12905.4 MiB,,0,09.58
4,2017-07-11,nbody_50000000_original,7.10.1,nbody_6_original.js 50000000,9,1695221962,2835404,node,10.75,622571520,34373632,20799488,93.8,0.2,6.0,0.0,0:10,0,28278784,48312320,0,5133312,0.0,34373632,325,2,279,44,0,12.8,0.8,0.0,86.5,0.0,0.0,0.0,0.0,15794.9 MiB,3698.5 MiB,2193.8 MiB,9902.6 MiB,4096.0 MiB,3452.5 MiB,643.5 MiB,12905.2 MiB,,0,10.75
4,2017-07-11,nbody_50000000_original,7.10.1,nbody_6_original.js 50000000,10,1695221964,2835404,node,11.93,622571520,34373632,20799488,100.0,0.2,6.0,0.0,0:11,0,28278784,48312320,0,5133312,0.0,34373632,325,2,279,44,0,13.4,0.7,0.0,85.8,0.0,0.0,0.0,0.0,15794.9 MiB,3697.7 MiB,2194.5 MiB,9902.6 MiB,4096.0 MiB,3452.5 MiB,643.5 MiB,12904.4 MiB,,0,11.93
4,2017-07-11,nbody_50000000_original,7.10.1,nbody_6_original.js 50000000,11,1695221965,2835404,node,13.11,622571520,34373632,20799488,100.0,0.2,6.0,0.0,0:13,0,28278784,48312320,0,5133312,0.0,34373632,325,2,279,44,0,12.7,1.5,0.0,85.8,0.0,0.0,0.0,0.0,15794.9 MiB,3697.2 MiB,2195.0 MiB,9902.6 MiB,4096.0 MiB,3452.5 MiB,643.5 MiB,12903.9 MiB,,0,13.11
4,2017-07-11,nbody_50000000_original,7.10.1,nbody_6_original.js 50000000,12,1695221966,2835404,node,14.28,622571520,34373632,20799488,100.0,0.2,6.0,0.0,0:14,0,28278784,48312320,0,5133312,0.0,34373632,325,2,279,44,0,13.5,0.8,0.0,85.7,0.0,0.0,0.0,0.0,15794.9 MiB,3698.0 MiB,2194.3 MiB,9902.6 MiB,4096.0 MiB,3452.5 MiB,643.5 MiB,12904.7 MiB,,0,14.28
4,2017-07-11,nbody_50000000_original,7.10.1,nbody_6_original.js 50000000,13,1695221967,2835404,node,15.47,622571520,34373632,20799488,100.0,0.2,6.0,0.0,0:15,0,28278784,48312320,0,5133312,0.0,34373632,325,2,279,44,0,13.4,1.5,0.0,85.1,0.0,0.0,0.0,0.0,15794.9 MiB,3698.0 MiB,2194.3 MiB,9902.6 MiB,4096.0 MiB,3452.5 MiB,643.5 MiB,12904.7 MiB,,0,15.47
4,2017-07-11,nbody_50000000_original,7.10.1,nbody_6_original.js 50000000,14,1695221968,2835404,node,16.64,622571520,34373632,20799488,93.8,0.2,6.0,0.0,0:16,0,28278784,48312320,0,5133312,0.0,34373632,325,2,279,44,0,12.1,0.8,0.0,87.1,0.0,0.0,0.0,0.0,15794.9 MiB,3697.7 MiB,2194.5 MiB,9902.6 MiB,4096.0 MiB,3452.5 MiB,643.5 MiB,12904.4 MiB,,0,16.64
4,2017-07-11,nbody_50000000_original,7.10.1,nbody_6_original.js 50000000,15,1695221970,2835404,node,17.82,622571520,34373632,20799488,100.0,0.2,6.0,0.0,0:17,0,28278784,48312320,0,5133312,0.0,34373632,325,2,279,44,0,12.8,0.8,0.0,86.5,0.0,0.0,0.0,0.0,15794.9 MiB,3697.5 MiB,2194.7 MiB,9902.6 MiB,4096.0 MiB,3452.5 MiB,643.5 MiB,12904.2 MiB,,0,17.82
4,2017-07-11,nbody_50000000_original,7.10.1,nbody_6_original.js 50000000,16,1695221971,2835404,node,19.0,622571520,34373632,20799488,100.0,0.2,6.0,0.0,0:19,0,28278784,48312320,0,5133312,0.0,34373632,325,2,279,44,0,12.7,1.5,0.0,85.8,0.0,0.0,0.0,0.0,15794.9 MiB,3697.5 MiB,2194.7 MiB,9902.6 MiB,4096.0 MiB,3452.5 MiB,643.5 MiB,12904.2 MiB,,0,19.00
4,2017-07-11,nbody_50000000_original,7.10.1,nbody_6_original.js 50000000,17,1695221972,2835404,node,20.18,622571520,34373632,20799488,106.7,0.2,6.0,0.0,0:20,0,28278784,48312320,0,5133312,0.0,34373632,325,2,279,44,0,12.8,0.8,0.0,86.5,0.0,0.0,0.0,0.0,15794.9 MiB,3698.5 MiB,2193.8 MiB,9902.6 MiB,4096.0 MiB,3452.5 MiB,643.5 MiB,12905.2 MiB,,0,20.18
4,2017-07-11,nbody_50000000_original,7.10.1,nbody_6_original.js 50000000,18,1695221973,2835404,node,21.35,622571520,34373632,20799488,93.8,0.2,6.0,0.0,0:21,0,28278784,48312320,0,5133312,0.0,34373632,325,2,279,44,0,13.3,0.7,0.0,85.9,0.0,0.0,0.0,0.0,15794.9 MiB,3698.7 MiB,2193.5 MiB,9902.6 MiB,4096.0 MiB,3452.5 MiB,643.5 MiB,12905.4 MiB,,0,21.35
4,2017-07-11,nbody_50000000_original,7.10.1,nbody_6_original.js 50000000,19,1695221974,2835404,node,22.53,622571520,34373632,20799488,100.0,0.2,6.0,0.0,0:22,0,28278784,48312320,0,5133312,0.0,34373632,325,2,279,44,0,12.6,1.5,0.0,85.2,0.0,0.0,0.7,0.0,15794.9 MiB,3698.0 MiB,2194.2 MiB,9902.6 MiB,4096.0 MiB,3452.5 MiB,643.5 MiB,12904.7 MiB,,0,22.53
4,2017-07-11,nbody_50000000_original,7.10.1,nbody_6_original.js 50000000,20,1695221975,2835404,node,23.7,622571520,34373632,20799488,100.0,0.2,6.0,0.0,0:23,0,28278784,48312320,0,5133312,0.0,34373632,325,2,279,44,0,13.2,1.5,0.0,85.3,0.0,0.0,0.0,0.0,15794.9 MiB,3698.0 MiB,2194.2 MiB,9902.6 MiB,4096.0 MiB,3452.5 MiB,643.5 MiB,12904.7 MiB,,0,23.70
4,2017-07-11,nbody_50000000_original,7.10.1,nbody_6_original.js 50000000,21,1695221977,2835404,node,24.88,622571520,34373632,20799488,100.0,0.2,6.0,0.0,0:24,0,28278784,48312320,0,5133312,0.0,34373632,325,2,279,44,0,12.9,0.0,0.0,87.1,0.0,0.0,0.0,0.0,15794.9 MiB,3697.7 MiB,2194.5 MiB,9902.6 MiB,4096.0 MiB,3452.5 MiB,643.5 MiB,12904.4 MiB,,0,24.88
4,2017-07-11,nbody_50000000_original,7.10.1,nbody_6_original.js 50000000,22,1695221978,2835404,node,26.06,622571520,34373632,20799488,100.0,0.2,6.0,0.0,0:26,0,28278784,48312320,0,5133312,0.0,34373632,325,2,279,44,0,13.4,0.7,0.0,85.8,0.0,0.0,0.0,0.0,15794.9 MiB,3697.7 MiB,2194.5 MiB,9902.6 MiB,4096.0 MiB,3452.5 MiB,643.5 MiB,12904.4 MiB,,0,26.06
4,2017-07-11,nbody_50000000_original,7.10.1,nbody_6_original.js 50000000,23,1695221979,2835404,node,27.24,622571520,34373632,20799488,100.0,0.2,6.0,0.0,0:27,0,28278784,48312320,0,5133312,0.0,34373632,325,2,279,44,0,13.3,1.5,0.0,85.2,0.0,0.0,0.0,0.0,15794.9 MiB,3697.7 MiB,2194.5 MiB,9902.6 MiB,4096.0 MiB,3452.5 MiB,643.5 MiB,12904.5 MiB,,0,27.24
4,2017-07-11,nbody_50000000_original,7.10.1,nbody_6_original.js 50000000,24,1695221980,2835404,node,28.41,622571520,34373632,20799488,93.8,0.2,6.0,0.0,0:28,0,28278784,48312320,0,5133312,0.0,34373632,325,2,279,44,0,12.8,0.8,0.0,86.5,0.0,0.0,0.0,0.0,15794.9 MiB,3698.0 MiB,2194.2 MiB,9902.6 MiB,4096.0 MiB,3452.5 MiB,643.5 MiB,12904.7 MiB,,0,28.41
4,2017-07-11,nbody_50000000_original,7.10.1,nbody_6_original.js 50000000,25,1695221981,2835404,node,29.59,622571520,34373632,20799488,106.7,0.2,6.0,0.0,0:29,0,28278784,48312320,0,5133312,0.0,34373632,325,2,279,44,0,12.8,0.8,0.0,86.5,0.0,0.0,0.0,0.0,15794.9 MiB,3697.5 MiB,2194.7 MiB,9902.6 MiB,4096.0 MiB,3452.5 MiB,643.5 MiB,12904.2 MiB,,0,29.59
4,2017-07-11,nbody_50000000_original,7.10.1,nbody_6_original.js 50000000,26,1695221983,2835404,node,30.77,622571520,34373632,20799488,100.0,0.2,6.0,0.0,0:30,0,28278784,48312320,0,5133312,0.0,34373632,325,2,279,44,0,13.3,1.5,0.0,85.2,0.0,0.0,0.0,0.0,15794.9 MiB,3697.5 MiB,2194.7 MiB,9902.6 MiB,4096.0 MiB,3452.5 MiB,643.5 MiB,12904.2 MiB,,0,30.77
4,2017-07-11,nbody_50000000_original,7.10.1,nbody_6_original.js 50000000,27,1695221984,2835404,node,31.94,622571520,34373632,20799488,93.8,0.2,6.0,0.0,0:31,0,28278784,48312320,0,5133312,0.0,34373632,325,2,279,44,0,12.8,0.8,0.0,86.5,0.0,0.0,0.0,0.0,15794.9 MiB,3697.5 MiB,2194.7 MiB,9902.6 MiB,4096.0 MiB,3452.5 MiB,643.5 MiB,12904.2 MiB,,0,31.94
4,2017-07-11,nbody_50000000_original,7.10.1,nbody_6_original.js 50000000,28,1695221985,2835404,node,33.13,622571520,34373632,20799488,100.0,0.2,6.0,0.0,0:33,0,28278784,48312320,0,5133312,0.0,34373632,325,2,279,44,0,13.5,0.0,0.0,86.5,0.0,0.0,0.0,0.0,15794.9 MiB,3697.5 MiB,2194.7 MiB,9902.7 MiB,4096.0 MiB,3452.5 MiB,643.5 MiB,12904.2 MiB,,0,33.13
4,2017-07-11,nbody_50000000_original,7.10.1,nbody_6_original.js 50000000,29,1695221986,2835404,node,34.3,622571520,34373632,20799488,100.0,0.2,6.0,0.0,0:34,0,28278784,48312320,0,5133312,0.0,34373632,325,2,279,44,0,12.6,2.2,0.0,85.2,0.0,0.0,0.0,0.0,15794.9 MiB,3697.3 MiB,2195.0 MiB,9902.7 MiB,4096.0 MiB,3452.5 MiB,643.5 MiB,12904.0 MiB,,0,34.30
4,2017-07-11,nbody_50000000_original,7.10.1,nbody_6_original.js 50000000,30,1695221987,2835404,node,35.48,622571520,34373632,20799488,100.0,0.2,6.0,0.0,0:35,0,28278784,48312320,0,5133312,0.0,34373632,325,2,279,44,0,12.8,0.8,0.0,86.5,0.0,0.0,0.0,0.0,15794.9 MiB,3697.3 MiB,2194.9 MiB,9902.7 MiB,4096.0 MiB,3452.5 MiB,643.5 MiB,12904.0 MiB,,0,35.48
4,2017-07-11,nbody_50000000_original,7.10.1,nbody_6_original.js 50000000,31,1695221988,2835404,node,36.65,622571520,34373632,20799488,93.8,0.2,6.0,0.0,0:36,0,28278784,48312320,0,5133312,0.0,34373632,325,2,279,44,0,13.3,1.5,0.0,85.2,0.0,0.0,0.0,0.0,15794.9 MiB,3696.8 MiB,2195.4 MiB,9902.7 MiB,4096.0 MiB,3452.5 MiB,643.5 MiB,12903.5 MiB,,0,36.65
4,2017-07-11,nbody_50000000_original,7.10.1,nbody_6_original.js 50000000,32,1695221990,2835404,node,37.84,622571520,34373632,20799488,100.0,0.2,6.0,0.0,0:37,0,28278784,48312320,0,5133312,0.0,34373632,325,2,279,44,0,13.3,1.5,0.0,85.2,0.0,0.0,0.0,0.0,15794.9 MiB,3695.8 MiB,2196.4 MiB,9902.7 MiB,4096.0 MiB,3452.5 MiB,643.5 MiB,12902.5 MiB,,0,37.84
4,2017-07-11,nbody_50000000_original,7.10.1,nbody_6_original.js 50000000,33,1695221991,2835404,node,39.02,622571520,34373632,20799488,100.0,0.2,6.0,0.0,0:39,0,28278784,48312320,0,5133312,0.0,34373632,325,2,279,44,0,13.4,0.7,0.0,85.1,0.7,0.0,0.0,0.0,15794.9 MiB,3695.3 MiB,2196.9 MiB,9902.7 MiB,4096.0 MiB,3452.5 MiB,643.5 MiB,12902.0 MiB,,0,39.02
4,2017-07-11,nbody_50000000_original,7.10.1,nbody_6_original.js 50000000,34,1695221992,2835404,node,40.19,622571520,34373632,20799488,93.8,0.2,6.0,0.0,0:40,0,28278784,48312320,0,5133312,0.0,34373632,325,2,279,44,0,12.8,0.8,0.0,86.5,0.0,0.0,0.0,0.0,15794.9 MiB,3695.3 MiB,2196.9 MiB,9902.7 MiB,4096.0 MiB,3452.5 MiB,643.5 MiB,12902.0 MiB,,0,40.19
4,2017-07-11,nbody_50000000_original,7.10.1,nbody_6_original.js 50000000,35,1695221993,2835404,node,41.37,622571520,34373632,20799488,100.0,0.2,6.0,0.0,0:41,0,28278784,48312320,0,5133312,0.0,34373632,325,2,279,44,0,13.5,0.8,0.0,85.7,0.0,0.0,0.0,0.0,15794.9 MiB,3695.3 MiB,2196.9 MiB,9902.7 MiB,4096.0 MiB,3452.5 MiB,643.5 MiB,12902.0 MiB,,0,41.37
4,2017-07-11,nbody_50000000_original,7.10.1,nbody_6_original.js 50000000,36,1695221994,2835404,node,42.55,622571520,34373632,20799488,100.0,0.2,6.0,0.0,0:42,0,28278784,48312320,0,5133312,0.0,34373632,325,2,279,44,0,12.8,0.8,0.0,86.5,0.0,0.0,0.0,0.0,15794.9 MiB,3695.0 MiB,2197.2 MiB,9902.7 MiB,4096.0 MiB,3452.5 MiB,643.5 MiB,12901.8 MiB,,0,42.55
4,2017-07-11,nbody_50000000_original,7.10.1,nbody_6_original.js 50000000,37,1695221995,2835404,node,43.72,622571520,34373632,20799488,93.8,0.2,6.0,0.0,0:43,0,28278784,48312320,0,5133312,0.0,34373632,325,2,279,44,0,12.0,1.5,0.0,85.7,0.0,0.0,0.8,0.0,15794.9 MiB,3695.0 MiB,2197.2 MiB,9902.7 MiB,4096.0 MiB,3452.5 MiB,643.5 MiB,12901.8 MiB,,0,43.72
4,2017-07-11,nbody_50000000_original,7.10.1,nbody_6_original.js 50000000,38,1695221997,2835404,node,44.9,622571520,34373632,20799488,100.0,0.2,6.0,0.0,0:44,0,28278784,48312320,0,5133312,0.0,34373632,325,2,279,44,0,13.4,1.5,0.0,85.1,0.0,0.0,0.0,0.0,15794.9 MiB,3694.6 MiB,2197.6 MiB,9902.7 MiB,4096.0 MiB,3452.5 MiB,643.5 MiB,12901.3 MiB,,0,44.90
4,2017-07-11,nbody_50000000_original,7.10.1,nbody_6_original.js 50000000,39,1695221998,2835404,node,46.08,622571520,34373632,20799488,100.0,0.2,6.0,4.0,0:46,0,28278784,48312320,0,5133312,0.0,34373632,325,2,279,44,0,12.7,1.5,0.0,85.8,0.0,0.0,0.0,0.0,15794.9 MiB,3694.3 MiB,2197.9 MiB,9902.7 MiB,4096.0 MiB,3452.5 MiB,643.5 MiB,12901.1 MiB,,0,46.08
4,2017-07-11,nbody_50000000_original,7.10.1,nbody_6_original.js 50000000,40,1695221999,2835404,node,47.26,622571520,34373632,20799488,100.0,0.2,6.0,4.0,0:47,0,28278784,48312320,0,5133312,0.0,34373632,325,2,279,44,0,12.9,0.8,0.0,86.4,0.0,0.0,0.0,0.0,15794.9 MiB,3694.3 MiB,2197.9 MiB,9902.7 MiB,4096.0 MiB,3452.5 MiB,643.5 MiB,12901.1 MiB,,0,47.26
4,2017-07-11,nbody_50000000_original,7.10.1,nbody_6_original.js 50000000,41,1695222000,2835404,node,48.43,622571520,34373632,20799488,100.0,0.2,6.0,0.0,0:48,0,28278784,48312320,0,5133312,0.0,34373632,323,2,277,44,0,13.2,1.5,0.0,85.3,0.0,0.0,0.0,0.0,15794.9 MiB,3694.3 MiB,2197.9 MiB,9902.7 MiB,4096.0 MiB,3452.5 MiB,643.5 MiB,12901.1 MiB,,0,48.43
4,2017-07-11,nbody_50000000_original,7.10.1,nbody_6_original.js 50000000,42,1695222001,2835404,node,49.61,622571520,34373632,20799488,100.0,0.2,6.0,0.0,0:49,0,28278784,48312320,0,5133312,0.0,34373632,323,2,277,44,0,12.7,0.7,0.0,86.6,0.0,0.0,0.0,0.0,15794.9 MiB,3694.8 MiB,2197.4 MiB,9902.6 MiB,4096.0 MiB,3452.5 MiB,643.5 MiB,12901.6 MiB,,0,49.61
4,2017-07-11,nbody_50000000_original,7.10.1,nbody_6_original.js 50000000,43,1695222003,2835404,node,50.79,622571520,34373632,20799488,100.0,0.2,6.0,0.0,0:50,0,28278784,48312320,0,5133312,0.0,34373632,323,2,277,44,0,12.7,2.2,0.0,85.1,0.0,0.0,0.0,0.0,15794.9 MiB,3694.1 MiB,2198.2 MiB,9902.6 MiB,4096.0 MiB,3452.5 MiB,643.5 MiB,12900.8 MiB,,0,50.79
4,2017-07-11,nbody_50000000_original,7.10.1,nbody_6_original.js 50000000,44,1695222004,2835404,node,51.97,622571520,34373632,20799488,100.0,0.2,6.0,0.0,0:51,0,28278784,48312320,0,5133312,0.0,34373632,323,2,277,44,0,12.7,0.7,0.0,86.6,0.0,0.0,0.0,0.0,15794.9 MiB,3694.1 MiB,2198.2 MiB,9902.6 MiB,4096.0 MiB,3452.5 MiB,643.5 MiB,12900.8 MiB,,0,51.97
4,2017-07-11,nbody_50000000_original,7.10.1,nbody_6_original.js 50000000,45,1695222005,2835404,node,53.14,622571520,34373632,20799488,93.8,0.2,6.0,0.0,0:53,0,28278784,48312320,0,5133312,0.0,34373632,323,2,277,44,0,13.5,0.0,0.0,86.5,0.0,0.0,0.0,0.0,15794.9 MiB,3694.1 MiB,2198.2 MiB,9902.6 MiB,4096.0 MiB,3452.5 MiB,643.5 MiB,12900.8 MiB,,0,53.14
4,2017-07-11,nbody_50000000_original,7.10.1,nbody_6_original.js 50000000,46,1695222006,2835404,node,54.32,622571520,34373632,20799488,100.0,0.2,6.0,0.0,0:54,0,28278784,48312320,0,5133312,0.0,34373632,323,2,277,44,0,12.7,1.5,0.0,85.8,0.0,0.0,0.0,0.0,15794.9 MiB,3693.1 MiB,2199.2 MiB,9902.6 MiB,4096.0 MiB,3452.5 MiB,643.5 MiB,12899.8 MiB,,0,54.32
4,2017-07-11,nbody_50000000_original,7.10.1,nbody_6_original.js 50000000,47,1695222007,2835404,node,55.5,622571520,34373632,20799488,100.0,0.2,6.0,0.0,0:55,0,28278784,48312320,0,5133312,0.0,34373632,323,2,277,44,0,12.7,1.5,0.0,85.8,0.0,0.0,0.0,0.0,15794.9 MiB,3693.1 MiB,2199.2 MiB,9902.6 MiB,4096.0 MiB,3452.5 MiB,643.5 MiB,12899.8 MiB,,0,55.50
4,2017-07-11,nbody_50000000_original,7.10.1,nbody_6_original.js 50000000,48,1695222008,2835404,node,56.67,622571520,34373632,20799488,93.8,0.2,6.0,0.0,0:56,0,28278784,48312320,0,5133312,0.0,34373632,323,2,277,44,0,12.8,0.8,0.0,86.5,0.0,0.0,0.0,0.0,15794.9 MiB,3693.3 MiB,2198.9 MiB,9902.6 MiB,4096.0 MiB,3452.5 MiB,643.5 MiB,12900.1 MiB,,0,56.67
4,2017-07-11,nbody_50000000_original,7.10.1,nbody_6_original.js 50000000,49,1695222010,2835404,node,57.86,622571520,34373632,20799488,100.0,0.2,6.0,0.0,0:57,0,28278784,48312320,0,5133312,0.0,34373632,323,2,277,44,0,12.7,1.5,0.0,85.8,0.0,0.0,0.0,0.0,15794.9 MiB,3693.6 MiB,2198.7 MiB,9902.6 MiB,4096.0 MiB,3452.5 MiB,643.5 MiB,12900.3 MiB,,0,57.86
4,2017-07-11,nbody_50000000_original,7.10.1,nbody_6_original.js 50000000,50,1695222011,2835404,node,59.04,622571520,34373632,20799488,100.0,0.2,6.0,4.0,0:59,0,28278784,48312320,0,5133312,0.0,34373632,323,2,277,44,0,12.4,1.5,0.0,86.1,0.0,0.0,0.0,0.0,15794.9 MiB,3693.6 MiB,2198.7 MiB,9902.6 MiB,4096.0 MiB,3452.5 MiB,643.5 MiB,12900.3 MiB,,0,59.04
4,2017-07-11,nbody_50000000_original,7.10.1,nbody_6_original.js 50000000,51,1695222012,2835404,node,60.22,622571520,34373632,20799488,100.0,0.2,6.0,4.0,1:00,0,28278784,48312320,0,5133312,0.0,34373632,323,2,277,44,0,13.4,0.7,0.0,85.8,0.0,0.0,0.0,0.0,15794.9 MiB,3693.6 MiB,2198.7 MiB,9902.6 MiB,4096.0 MiB,3452.5 MiB,643.5 MiB,12900.3 MiB,,1,00.22
4,2017-07-11,nbody_50000000_original,7.10.1,nbody_6_original.js 50000000,52,1695222013,2835404,node,61.39,622571520,34373632,20799488,100.0,0.2,6.0,4.0,1:01,0,28278784,48312320,0,5133312,0.0,34373632,323,2,277,44,0,13.5,0.8,0.0,85.7,0.0,0.0,0.0,0.0,15794.9 MiB,3693.6 MiB,2198.7 MiB,9902.6 MiB,4096.0 MiB,3452.5 MiB,643.5 MiB,12900.3 MiB,,1,01.39
4,2017-07-11,nbody_50000000_original,7.10.1,nbody_6_original.js 50000000,53,1695222014,2835404,node,62.57,630960128,42754048,20799488,100.0,0.3,6.0,0.0,1:02,0,28278784,56700928,0,7230464,0.0,42754048,323,2,277,44,0,12.7,0.7,0.0,86.6,0.0,0.0,0.0,0.0,15794.9 MiB,3686.2 MiB,2206.0 MiB,9902.6 MiB,4096.0 MiB,3452.5 MiB,643.5 MiB,12893.0 MiB,,1,02.57
4,2017-07-11,nbody_50000000_original,7.10.1,nbody_6_original.js 50000000,54,1695222015,2835404,node,63.75,630960128,42754048,20799488,100.0,0.3,6.0,0.0,1:03,0,28278784,56700928,0,7230464,0.0,42754048,323,2,277,44,0,13.4,0.7,0.0,85.8,0.0,0.0,0.0,0.0,15794.9 MiB,3685.2 MiB,2207.0 MiB,9902.6 MiB,4096.0 MiB,3452.5 MiB,643.5 MiB,12892.0 MiB,,1,03.75
4,2017-07-11,nbody_50000000_original,7.10.1,nbody_6_original.js 50000000,55,1695222017,2835404,node,64.92,630960128,42754048,20799488,100.0,0.3,6.0,0.0,1:04,0,28278784,56700928,0,7230464,0.0,42754048,323,2,277,44,0,12.8,1.5,0.0,85.7,0.0,0.0,0.0,0.0,15794.9 MiB,3685.9 MiB,2206.3 MiB,9902.6 MiB,4096.0 MiB,3452.5 MiB,643.5 MiB,12892.7 MiB,,1,04.92
4,2017-07-11,nbody_50000000_original,7.10.1,nbody_6_original.js 50000000,56,1695222018,2835404,node,66.1,630960128,42754048,20799488,100.0,0.3,6.0,0.0,1:06,0,28278784,56700928,0,7230464,0.0,42754048,323,2,277,44,0,14.1,1.5,0.0,84.4,0.0,0.0,0.0,0.0,15794.9 MiB,3686.4 MiB,2205.8 MiB,9902.6 MiB,4096.0 MiB,3452.5 MiB,643.5 MiB,12893.2 MiB,,1,06.10
4,2017-07-11,nbody_50000000_original,7.10.1,nbody_6_original.js 50000000,57,1695222019,2835404,node,67.28,630960128,42754048,20799488,100.0,0.3,6.0,0.0,1:07,0,28278784,56700928,0,7230464,0.0,42754048,323,2,277,44,0,12.8,0.8,0.0,86.5,0.0,0.0,0.0,0.0,15794.9 MiB,3686.4 MiB,2205.8 MiB,9902.6 MiB,4096.0 MiB,3452.5 MiB,643.5 MiB,12893.2 MiB,,1,07.28
4,2017-07-11,nbody_50000000_original,7.10.1,nbody_6_original.js 50000000,58,1695222020,2835404,node,68.46000000000001,630960128,42754048,20799488,100.0,0.3,6.0,0.0,1:08,0,28278784,56700928,0,7230464,0.0,42754048,323,2,277,44,0,13.3,1.5,0.0,85.2,0.0,0.0,0.0,0.0,15794.9 MiB,3686.2 MiB,2206.0 MiB,9902.6 MiB,4096.0 MiB,3452.5 MiB,643.5 MiB,12893.0 MiB,,1,08.46
4,2017-07-11,nbody_50000000_original,7.10.1,nbody_6_original.js 50000000,59,1695222021,2835404,node,69.63,630960128,42754048,20799488,93.8,0.3,6.0,0.0,1:09,0,28278784,56700928,0,7230464,0.0,42754048,323,2,277,44,0,14.7,0.7,0.0,84.6,0.0,0.0,0.0,0.0,15794.9 MiB,3686.2 MiB,2206.0 MiB,9902.7 MiB,4096.0 MiB,3452.5 MiB,643.5 MiB,12893.0 MiB,,1,09.63
4,2017-07-11,nbody_50000000_original,7.10.1,nbody_6_original.js 50000000,60,1695222023,2835404,node,70.81,630960128,42754048,20799488,100.0,0.3,6.0,0.0,1:10,0,28278784,56700928,0,7230464,0.0,42754048,323,2,277,44,0,13.5,0.8,0.0,85.7,0.0,0.0,0.0,0.0,15794.9 MiB,3685.9 MiB,2206.3 MiB,9902.7 MiB,4096.0 MiB,3452.5 MiB,643.5 MiB,12892.7 MiB,,1,10.81
4,2017-07-11,nbody_50000000_original,7.10.1,nbody_6_original.js 50000000,61,1695222024,2835404,node,71.99,630960128,42754048,20799488,100.0,0.3,6.0,0.0,1:11,0,28278784,56700928,0,7230464,0.0,42754048,323,2,277,44,0,13.3,1.5,0.0,85.2,0.0,0.0,0.0,0.0,15794.9 MiB,3685.9 MiB,2206.3 MiB,9902.7 MiB,4096.0 MiB,3452.5 MiB,643.5 MiB,12892.7 MiB,,1,11.99
4,2017-07-11,nbody_50000000_original,7.10.1,nbody_6_original.js 50000000,62,1695222025,2835404,node,73.16,630960128,42754048,20799488,93.8,0.3,6.0,0.0,1:13,0,28278784,56700928,0,7230464,0.0,42754048,323,2,277,44,0,12.8,1.5,0.0,85.7,0.0,0.0,0.0,0.0,15794.9 MiB,3685.7 MiB,2206.5 MiB,9902.7 MiB,4096.0 MiB,3452.5 MiB,643.5 MiB,12892.5 MiB,,1,13.16
4,2017-07-11,nbody_50000000_original,7.10.1,nbody_6_original.js 50000000,63,1695222026,2835404,node,74.34,630960128,42754048,20799488,100.0,0.3,6.0,0.0,1:14,0,28278784,56700928,0,7230464,0.0,42754048,323,2,277,44,0,12.7,1.5,0.0,85.8,0.0,0.0,0.0,0.0,15794.9 MiB,3686.7 MiB,2205.5 MiB,9902.7 MiB,4096.0 MiB,3452.5 MiB,643.5 MiB,12893.5 MiB,,1,14.34
4,2017-07-11,nbody_50000000_original,7.10.1,nbody_6_original.js 50000000,64,1695222027,2835404,node,75.52,630960128,42754048,20799488,100.0,0.3,6.0,0.0,1:15,0,28278784,56700928,0,7230464,0.0,42754048,323,2,277,44,0,12.8,0.8,0.0,86.5,0.0,0.0,0.0,0.0,15794.9 MiB,3686.5 MiB,2205.8 MiB,9902.7 MiB,4096.0 MiB,3452.5 MiB,643.5 MiB,12893.3 MiB,,1,15.52
4,2017-07-11,nbody_50000000_original,7.10.1,nbody_6_original.js 50000000,65,1695222028,2835404,node,76.7,630960128,42754048,20799488,100.0,0.3,6.0,0.0,1:16,0,28278784,56700928,0,7230464,0.0,42754048,323,2,277,44,0,13.3,1.5,0.0,85.2,0.0,0.0,0.0,0.0,15794.9 MiB,3687.2 MiB,2205.0 MiB,9902.7 MiB,4096.0 MiB,3452.5 MiB,643.5 MiB,12894.0 MiB,,1,16.70
4,2017-07-11,nbody_50000000_original,7.10.1,nbody_6_original.js 50000000,66,1695222030,2835404,node,77.88,630960128,42754048,20799488,100.0,0.3,6.0,0.0,1:17,0,28278784,56700928,0,7230464,0.0,42754048,323,2,277,44,0,12.7,1.5,0.0,85.8,0.0,0.0,0.0,0.0,15794.9 MiB,3687.2 MiB,2205.0 MiB,9902.7 MiB,4096.0 MiB,3452.5 MiB,643.5 MiB,12894.0 MiB,,1,17.88
4,2017-07-11,nbody_50000000_original,7.10.1,nbody_6_original.js 50000000,67,1695222031,2835404,node,79.05,630960128,42754048,20799488,93.8,0.3,6.0,0.0,1:19,0,28278784,56700928,0,7230464,0.0,42754048,323,2,277,44,0,13.5,0.8,0.0,85.7,0.0,0.0,0.0,0.0,15794.9 MiB,3687.4 MiB,2204.8 MiB,9902.7 MiB,4096.0 MiB,3452.5 MiB,643.5 MiB,12894.2 MiB,,1,19.05
4,2017-07-11,nbody_50000000_original,7.10.1,nbody_6_original.js 50000000,68,1695222032,2835404,node,80.23,630960128,42754048,20799488,100.0,0.3,6.0,0.0,1:20,0,28278784,56700928,0,7230464,0.0,42754048,323,2,277,44,0,12.6,2.2,0.0,85.2,0.0,0.0,0.0,0.0,15794.9 MiB,3687.7 MiB,2204.5 MiB,9902.7 MiB,4096.0 MiB,3452.5 MiB,643.5 MiB,12894.5 MiB,,1,20.23
4,2017-07-11,nbody_50000000_original,7.10.1,nbody_6_original.js 50000000,69,1695222033,2835404,node,81.41,630960128,42754048,20799488,100.0,0.3,6.0,0.0,1:21,0,28278784,56700928,0,7230464,0.0,42754048,323,2,277,44,0,12.7,1.5,0.0,85.8,0.0,0.0,0.0,0.0,15794.9 MiB,3687.7 MiB,2204.5 MiB,9902.7 MiB,4096.0 MiB,3452.5 MiB,643.5 MiB,12894.5 MiB,,1,21.41
4,2017-07-11,nbody_50000000_original,7.10.1,nbody_6_original.js 50000000,70,1695222034,2835404,node,82.59,630960128,42754048,20799488,100.0,0.3,6.0,0.0,1:22,0,28278784,56700928,0,7230464,0.0,42754048,323,2,277,44,0,13.4,1.5,0.0,85.1,0.0,0.0,0.0,0.0,15794.9 MiB,3687.5 MiB,2204.7 MiB,9902.7 MiB,4096.0 MiB,3452.5 MiB,643.5 MiB,12894.3 MiB,,1,22.59
4,2017-07-11,nbody_50000000_original,7.10.1,nbody_6_original.js 50000000,71,1695222035,2835404,node,83.77,630960128,42754048,20799488,100.0,0.3,6.0,0.0,1:23,0,28278784,56700928,0,7230464,0.0,42754048,323,2,277,44,0,12.8,0.8,0.0,86.5,0.0,0.0,0.0,0.0,15794.9 MiB,3687.0 MiB,2205.2 MiB,9902.7 MiB,4096.0 MiB,3452.5 MiB,643.5 MiB,12893.8 MiB,,1,23.77
4,2017-07-11,nbody_50000000_original,7.10.1,nbody_6_original.js 50000000,72,1695222037,2835404,node,84.94,630960128,42754048,20799488,93.8,0.3,6.0,4.0,1:24,0,28278784,56700928,0,7230464,0.0,42754048,323,2,277,44,0,13.2,1.5,0.0,85.3,0.0,0.0,0.0,0.0,15794.9 MiB,3686.2 MiB,2206.0 MiB,9902.7 MiB,4096.0 MiB,3452.5 MiB,643.5 MiB,12893.0 MiB,,1,24.94
4,2017-07-11,nbody_50000000_original,7.10.1,nbody_6_original.js 50000000,73,1695222038,2835404,node,86.12,630960128,42754048,20799488,100.0,0.3,6.0,4.0,1:26,0,28278784,56700928,0,7230464,0.0,42754048,323,2,277,44,0,12.8,0.8,0.0,86.5,0.0,0.0,0.0,0.0,15794.9 MiB,3685.7 MiB,2206.5 MiB,9902.7 MiB,4096.0 MiB,3452.5 MiB,643.5 MiB,12892.5 MiB,,1,26.12
4,2017-07-11,nbody_50000000_original,7.10.1,nbody_6_original.js 50000000,74,1695222039,2835404,node,87.28999999999999,630960128,42754048,20799488,93.8,0.3,6.0,0.0,1:27,0,28278784,56700928,0,7230464,0.0,42754048,323,2,277,44,0,14.1,1.5,0.0,84.4,0.0,0.0,0.0,0.0,15794.9 MiB,3685.7 MiB,2206.5 MiB,9902.7 MiB,4096.0 MiB,3452.5 MiB,643.5 MiB,12892.5 MiB,,1,27.29
4,2017-07-11,nbody_50000000_original,7.10.1,nbody_6_original.js 50000000,75,1695222040,2835404,node,88.47,630960128,42754048,20799488,106.7,0.3,6.0,0.0,1:28,0,28278784,56700928,0,7230464,0.0,42754048,323,2,277,44,0,12.7,1.5,0.0,85.8,0.0,0.0,0.0,0.0,15794.9 MiB,3685.7 MiB,2206.5 MiB,9902.7 MiB,4096.0 MiB,3452.5 MiB,643.5 MiB,12892.5 MiB,,1,28.47
4,2017-07-11,nbody_50000000_original,7.10.1,nbody_6_original.js 50000000,76,1695222041,2835404,node,89.64,630960128,42754048,20799488,100.0,0.3,6.0,0.0,1:29,0,28278784,56700928,0,7230464,0.0,42754048,323,2,277,44,0,13.5,0.8,0.0,85.7,0.0,0.0,0.0,0.0,15794.9 MiB,3685.2 MiB,2207.0 MiB,9902.7 MiB,4096.0 MiB,3452.5 MiB,643.5 MiB,12892.1 MiB,,1,29.64
4,2017-07-11,nbody_50000000_original,7.10.1,nbody_6_original.js 50000000,77,1695222043,2835404,node,90.82,630960128,42754048,20799488,100.0,0.3,6.0,0.0,1:30,0,28278784,56700928,0,7230464,0.0,42754048,323,2,277,44,0,12.8,0.8,0.0,86.5,0.0,0.0,0.0,0.0,15794.9 MiB,3685.2 MiB,2206.9 MiB,9902.7 MiB,4096.0 MiB,3452.5 MiB,643.5 MiB,12892.1 MiB,,1,30.82
4,2017-07-11,nbody_50000000_original,7.10.1,nbody_6_original.js 50000000,78,1695222044,2835404,node,92.0,630960128,42754048,20799488,100.0,0.3,6.0,4.0,1:32,0,28278784,56700928,0,7230464,0.0,42754048,323,2,277,44,0,12.0,1.5,0.0,86.5,0.0,0.0,0.0,0.0,15794.9 MiB,3685.2 MiB,2206.9 MiB,9902.7 MiB,4096.0 MiB,3452.5 MiB,643.5 MiB,12892.1 MiB,,1,32.00
4,2017-07-11,nbody_50000000_original,7.10.1,nbody_6_original.js 50000000,79,1695222045,2835404,node,93.17,630960128,42754048,20799488,100.0,0.3,6.0,4.0,1:33,0,28278784,56700928,0,7230464,0.0,42754048,323,2,277,44,0,12.8,0.8,0.0,86.5,0.0,0.0,0.0,0.0,15794.9 MiB,3685.0 MiB,2207.2 MiB,9902.7 MiB,4096.0 MiB,3452.5 MiB,643.5 MiB,12891.8 MiB,,1,33.17
4,2017-07-11,nbody_50000000_original,7.10.1,nbody_6_original.js 50000000,80,1695222046,2835404,node,94.35,630960128,42754048,20799488,100.0,0.3,6.0,4.0,1:34,0,28278784,56700928,0,7230464,0.0,42754048,323,2,277,44,0,13.4,1.5,0.0,85.1,0.0,0.0,0.0,0.0,15794.9 MiB,3684.8 MiB,2207.4 MiB,9902.7 MiB,4096.0 MiB,3452.5 MiB,643.5 MiB,12891.6 MiB,,1,34.35
4,2017-07-11,nbody_50000000_original,7.10.1,nbody_6_original.js 50000000,81,1695222047,2835404,node,95.52000000000001,630960128,42754048,20799488,93.8,0.3,6.0,4.0,1:35,0,28278784,56700928,0,7230464,0.0,42754048,323,2,277,44,0,12.8,0.8,0.0,86.5,0.0,0.0,0.0,0.0,15794.9 MiB,3684.8 MiB,2207.4 MiB,9902.7 MiB,4096.0 MiB,3452.5 MiB,643.5 MiB,12891.6 MiB,,1,35.52
4,2017-07-11,nbody_50000000_original,7.10.1,nbody_6_original.js 50000000,82,1695222048,2835404,node,96.7,630960128,42754048,20799488,106.7,0.3,6.0,4.0,1:36,0,28278784,56700928,0,7230464,0.0,42754048,323,2,277,44,0,12.7,1.5,0.0,85.8,0.0,0.0,0.0,0.0,15794.9 MiB,3685.0 MiB,2207.2 MiB,9902.7 MiB,4096.0 MiB,3452.5 MiB,643.5 MiB,12891.8 MiB,,1,36.70
4,2017-07-11,nbody_50000000_original,7.10.1,nbody_6_original.js 50000000,83,1695222050,2835404,node,97.88,630960128,42754048,20799488,100.0,0.3,6.0,4.0,1:37,0,28278784,56700928,0,7230464,0.0,42754048,323,2,277,44,0,14.1,0.7,0.0,85.2,0.0,0.0,0.0,0.0,15794.9 MiB,3685.0 MiB,2207.2 MiB,9902.7 MiB,4096.0 MiB,3452.5 MiB,643.5 MiB,12891.8 MiB,,1,37.88
4,2017-07-11,nbody_50000000_original,7.10.1,nbody_6_original.js 50000000,84,1695222051,2835404,node,99.06,630960128,42754048,20799488,100.0,0.3,6.0,4.0,1:39,0,28278784,56700928,0,7230464,0.0,42754048,323,2,277,44,0,12.7,1.5,0.0,85.8,0.0,0.0,0.0,0.0,15794.9 MiB,3685.0 MiB,2207.2 MiB,9902.7 MiB,4096.0 MiB,3452.5 MiB,643.5 MiB,12891.8 MiB,,1,39.06
4,2017-07-11,nbody_50000000_original,7.10.1,nbody_6_original.js 50000000,85,1695222052,2835404,node,100.24000000000001,630960128,42754048,20799488,100.0,0.3,6.0,4.0,1:40,0,28278784,56700928,0,7230464,0.0,42754048,323,2,277,44,0,13.6,0.0,0.0,86.4,0.0,0.0,0.0,0.0,15794.9 MiB,3685.7 MiB,2206.4 MiB,9902.7 MiB,4096.0 MiB,3452.5 MiB,643.5 MiB,12892.6 MiB,,1,40.24
4,2017-07-11,nbody_50000000_original,7.10.1,nbody_6_original.js 50000000,86,1695222053,2835404,node,101.41,630960128,42754048,20799488,100.0,0.3,6.0,4.0,1:41,0,28278784,56700928,0,7230464,0.0,42754048,323,2,277,44,0,13.5,0.0,0.0,86.5,0.0,0.0,0.0,0.0,15794.9 MiB,3685.7 MiB,2206.4 MiB,9902.7 MiB,4096.0 MiB,3452.5 MiB,643.5 MiB,12892.6 MiB,,1,41.41
4,2017-07-11,nbody_50000000_original,7.10.1,nbody_6_original.js 50000000,87,1695222054,2835404,node,102.59,630960128,42754048,20799488,100.0,0.3,6.0,4.0,1:42,0,28278784,56700928,0,7230464,0.0,42754048,323,2,277,44,0,14.1,1.5,0.0,84.4,0.0,0.0,0.0,0.0,15794.9 MiB,3685.5 MiB,2206.7 MiB,9902.7 MiB,4096.0 MiB,3452.5 MiB,643.5 MiB,12892.3 MiB,,1,42.59
4,2017-07-11,nbody_50000000_original,7.10.1,nbody_6_original.js 50000000,88,1695222056,2835404,node,103.75999999999999,630960128,42754048,20799488,93.8,0.3,6.0,0.0,1:43,0,28278784,56700928,0,7230464,0.0,42754048,323,2,277,44,0,13.4,0.7,0.0,85.8,0.0,0.0,0.0,0.0,15794.9 MiB,3685.7 MiB,2206.4 MiB,9902.7 MiB,4096.0 MiB,3452.5 MiB,643.5 MiB,12892.6 MiB,,1,43.76
4,2017-07-11,nbody_50000000_original,7.10.1,nbody_6_original.js 50000000,89,1695222057,2835404,node,104.94,630960128,42754048,20799488,106.7,0.3,6.0,0.0,1:44,0,28278784,56700928,0,7230464,0.0,42754048,323,2,277,44,0,13.4,0.7,0.0,85.8,0.0,0.0,0.0,0.0,15794.9 MiB,3685.7 MiB,2206.4 MiB,9902.7 MiB,4096.0 MiB,3452.5 MiB,643.5 MiB,12892.6 MiB,,1,44.94
4,2017-07-11,nbody_50000000_original,7.10.1,nbody_6_original.js 50000000,90,1695222058,2835404,node,106.12,630960128,42754048,20799488,100.0,0.3,6.0,0.0,1:46,0,28278784,56700928,0,7230464,0.0,42754048,323,2,277,44,0,13.3,1.5,0.0,85.2,0.0,0.0,0.0,0.0,15794.9 MiB,3685.7 MiB,2206.4 MiB,9902.7 MiB,4096.0 MiB,3452.5 MiB,643.5 MiB,12892.6 MiB,,1,46.12
4,2017-07-11,nbody_50000000_original,7.10.1,nbody_6_original.js 50000000,91,1695222059,2835404,node,107.3,630960128,42754048,20799488,100.0,0.3,6.0,0.0,1:47,0,28278784,56700928,0,7230464,0.0,42754048,323,2,277,44,0,12.7,1.5,0.0,85.8,0.0,0.0,0.0,0.0,15794.9 MiB,3685.7 MiB,2206.4 MiB,9902.7 MiB,4096.0 MiB,3452.5 MiB,643.5 MiB,12892.6 MiB,,1,47.30
4,2017-07-11,nbody_50000000_original,7.10.1,nbody_6_original.js 50000000,92,1695222060,2835404,node,108.47999999999999,630960128,42754048,20799488,100.0,0.3,6.0,0.0,1:48,0,28278784,56700928,0,7230464,0.0,42754048,323,2,277,44,0,13.5,0.8,0.0,85.7,0.0,0.0,0.0,0.0,15794.9 MiB,3685.7 MiB,2206.6 MiB,9902.5 MiB,4096.0 MiB,3452.5 MiB,643.5 MiB,12892.6 MiB,,1,48.48
4,2017-07-11,nbody_50000000_original,7.10.1,nbody_6_original.js 50000000,93,1695222061,2835404,node,109.65,630960128,42754048,20799488,100.0,0.3,6.0,0.0,1:49,0,28278784,56700928,0,7230464,0.0,42754048,323,2,277,44,0,12.7,2.2,0.0,85.1,0.0,0.0,0.0,0.0,15794.9 MiB,3685.7 MiB,2206.6 MiB,9902.5 MiB,4096.0 MiB,3452.5 MiB,643.5 MiB,12892.6 MiB,,1,49.65
4,2017-07-11,nbody_50000000_original,7.10.1,nbody_6_original.js 50000000,94,1695222063,2835404,node,110.83,630960128,42754048,20799488,100.0,0.3,6.0,0.0,1:50,0,28278784,56700928,0,7230464,0.0,42754048,323,2,277,44,0,12.8,1.5,0.0,85.7,0.0,0.0,0.0,0.0,15794.9 MiB,3686.0 MiB,2206.4 MiB,9902.5 MiB,4096.0 MiB,3452.5 MiB,643.5 MiB,12892.8 MiB,,1,50.83
4,2017-07-11,nbody_50000000_original,7.10.1,nbody_6_original.js 50000000,95,1695222064,2835404,node,112.00999999999999,630960128,42754048,20799488,100.0,0.3,6.0,0.0,1:52,0,28278784,56700928,0,7230464,0.0,42754048,323,2,277,44,0,12.8,0.8,0.0,86.5,0.0,0.0,0.0,0.0,15794.9 MiB,3686.0 MiB,2206.4 MiB,9902.5 MiB,4096.0 MiB,3452.5 MiB,643.5 MiB,12892.8 MiB,,1,52.01
4,2017-07-11,nbody_50000000_original,7.10.1,nbody_6_original.js 50000000,96,1695222065,2835404,node,113.18,630960128,42754048,20799488,100.0,0.3,6.0,0.0,1:53,0,28278784,56700928,0,7230464,0.0,42754048,323,2,277,44,0,12.7,1.5,0.0,85.8,0.0,0.0,0.0,0.0,15794.9 MiB,3685.7 MiB,2206.6 MiB,9902.5 MiB,4096.0 MiB,3452.5 MiB,643.5 MiB,12892.6 MiB,,1,53.18
4,2017-07-11,nbody_50000000_original,7.10.1,nbody_6_original.js 50000000,97,1695222066,2835404,node,114.36,630960128,42754048,20799488,100.0,0.3,6.0,0.0,1:54,0,28278784,56700928,0,7230464,0.0,42754048,323,2,277,44,0,12.8,1.5,0.0,85.7,0.0,0.0,0.0,0.0,15794.9 MiB,3686.0 MiB,2206.4 MiB,9902.5 MiB,4096.0 MiB,3452.5 MiB,643.5 MiB,12892.8 MiB,,1,54.36
4,2017-07-11,nbody_50000000_original,7.10.1,nbody_6_original.js 50000000,98,1695222067,2835404,node,115.53999999999999,630960128,42754048,20799488,100.0,0.3,6.0,0.0,1:55,0,28278784,56700928,0,7230464,0.0,42754048,323,2,277,44,0,13.4,0.7,0.0,85.8,0.0,0.0,0.0,0.0,15794.9 MiB,3685.7 MiB,2206.6 MiB,9902.5 MiB,4096.0 MiB,3452.5 MiB,643.5 MiB,12892.6 MiB,,1,55.54
4,2017-07-11,nbody_50000000_original,7.10.1,nbody_6_original.js 50000000,99,1695222068,2835404,node,116.71000000000001,630960128,42754048,20799488,100.0,0.3,6.0,0.0,1:56,0,28278784,56700928,0,7230464,0.0,42754048,323,2,277,44,0,12.7,2.2,0.0,85.1,0.0,0.0,0.0,0.0,15794.9 MiB,3685.7 MiB,2206.6 MiB,9902.5 MiB,4096.0 MiB,3452.5 MiB,643.5 MiB,12892.6 MiB,,1,56.71
4,2017-07-11,nbody_50000000_original,7.10.1,nbody_6_original.js 50000000,100,1695222070,2835404,node,117.89,630960128,42754048,20799488,106.7,0.3,6.0,4.0,1:57,0,28278784,56700928,0,7230464,0.0,42754048,323,2,277,44,0,12.7,1.5,0.0,85.8,0.0,0.0,0.0,0.0,15794.9 MiB,3685.5 MiB,2206.9 MiB,9902.5 MiB,4096.0 MiB,3452.5 MiB,643.5 MiB,12892.3 MiB,,1,57.89
4,2017-07-11,nbody_50000000_original,7.10.1,nbody_6_original.js 50000000,101,1695222071,2835404,node,119.07,630960128,42754048,20799488,100.0,0.3,6.0,4.0,1:59,0,28278784,56700928,0,7230464,0.0,42754048,323,2,277,44,0,12.8,0.8,0.0,85.7,0.8,0.0,0.0,0.0,15794.9 MiB,3685.5 MiB,2206.8 MiB,9902.5 MiB,4096.0 MiB,3452.5 MiB,643.5 MiB,12892.3 MiB,,1,59.07
4,2017-07-11,nbody_50000000_original,7.10.1,nbody_6_original.js 50000000,102,1695222072,2835404,node,120.25,630960128,42754048,20799488,100.0,0.3,6.0,0.0,2:00,0,28278784,56700928,0,7230464,0.0,42754048,323,2,277,44,0,13.4,0.7,0.0,85.8,0.0,0.0,0.0,0.0,15794.9 MiB,3686.2 MiB,2206.1 MiB,9902.5 MiB,4096.0 MiB,3452.5 MiB,643.5 MiB,12893.1 MiB,,2,00.25
4,2017-07-11,nbody_50000000_original,7.10.1,nbody_6_original.js 50000000,103,1695222073,2835404,node,121.42,630960128,42754048,20799488,93.8,0.3,6.0,0.0,2:01,0,28278784,56700928,0,7230464,0.0,42754048,323,2,277,44,0,12.7,1.5,0.0,85.8,0.0,0.0,0.0,0.0,15794.9 MiB,3686.0 MiB,2206.4 MiB,9902.5 MiB,4096.0 MiB,3452.5 MiB,643.5 MiB,12892.8 MiB,,2,01.42
4,2017-07-11,nbody_50000000_original,7.10.1,nbody_6_original.js 50000000,104,1695222074,2835404,node,122.6,630960128,42754048,20799488,106.7,0.3,6.0,0.0,2:02,0,28278784,56700928,0,7230464,0.0,42754048,323,2,277,44,0,13.5,0.0,0.0,86.5,0.0,0.0,0.0,0.0,15794.9 MiB,3685.7 MiB,2206.6 MiB,9902.5 MiB,4096.0 MiB,3452.5 MiB,643.5 MiB,12892.6 MiB,,2,02.60
4,2017-07-11,nbody_50000000_original,7.10.1,nbody_6_original.js 50000000,105,1695222076,2835404,node,123.78,630960128,42754048,20799488,100.0,0.3,6.0,0.0,2:03,0,28278784,56700928,0,7230464,0.0,42754048,323,2,277,44,0,12.8,1.5,0.0,85.7,0.0,0.0,0.0,0.0,15794.9 MiB,3685.7 MiB,2206.6 MiB,9902.5 MiB,4096.0 MiB,3452.5 MiB,643.5 MiB,12892.6 MiB,,2,03.78
4,2017-07-11,nbody_50000000_original,7.10.1,nbody_6_original.js 50000000,106,1695222077,2835404,node,124.95,630960128,42754048,20799488,93.8,0.3,6.0,0.0,2:04,0,28278784,56700928,0,7230464,0.0,42754048,323,2,277,44,0,12.8,0.8,0.0,86.5,0.0,0.0,0.0,0.0,15794.9 MiB,3685.7 MiB,2206.6 MiB,9902.5 MiB,4096.0 MiB,3452.5 MiB,643.5 MiB,12892.6 MiB,,2,04.95
4,2017-07-11,nbody_50000000_original,7.10.1,nbody_6_original.js 50000000,107,1695222078,2835404,node,126.13,630960128,42754048,20799488,100.0,0.3,6.0,0.0,2:06,0,28278784,56700928,0,7230464,0.0,42754048,323,2,277,44,0,12.7,1.5,0.0,85.8,0.0,0.0,0.0,0.0,15794.9 MiB,3685.7 MiB,2206.6 MiB,9902.5 MiB,4096.0 MiB,3452.5 MiB,643.5 MiB,12892.6 MiB,,2,06.13
4,2017-07-11,nbody_50000000_original,7.10.1,nbody_6_original.js 50000000,108,1695222079,2835404,node,127.31,630960128,42754048,20799488,100.0,0.3,6.0,0.0,2:07,0,28278784,56700928,0,7230464,0.0,42754048,323,2,277,44,0,14.2,0.7,0.0,85.1,0.0,0.0,0.0,0.0,15794.9 MiB,3685.7 MiB,2206.6 MiB,9902.5 MiB,4096.0 MiB,3452.5 MiB,643.5 MiB,12892.6 MiB,,2,07.31
4,2017-07-11,nbody_50000000_original,7.10.1,nbody_6_original.js 50000000,109,1695222080,2835404,node,128.49,630960128,42754048,20799488,100.0,0.3,6.0,0.0,2:08,0,28278784,56700928,0,7230464,0.0,42754048,323,2,277,44,0,12.7,0.7,0.0,86.6,0.0,0.0,0.0,0.0,15794.9 MiB,3685.5 MiB,2206.8 MiB,9902.5 MiB,4096.0 MiB,3452.5 MiB,643.5 MiB,12892.4 MiB,,2,08.49
4,2017-07-11,nbody_50000000_original,7.10.1,nbody_6_original.js 50000000,110,1695222081,2835404,node,129.67,630960128,42754048,20799488,100.0,0.3,6.0,0.0,2:09,0,28278784,56700928,0,7230464,0.0,42754048,323,2,277,44,0,13.4,0.7,0.0,85.8,0.0,0.0,0.0,0.0,15794.9 MiB,3685.5 MiB,2206.8 MiB,9902.5 MiB,4096.0 MiB,3452.5 MiB,643.5 MiB,12892.4 MiB,,2,09.67
4,2017-07-11,nbody_50000000_original,7.10.1,nbody_6_original.js 50000000,111,1695222083,2835404,node,130.85,630960128,42754048,20799488,100.0,0.3,6.0,0.0,2:10,0,28278784,56700928,0,7230464,0.0,42754048,323,2,277,44,0,12.7,1.5,0.0,85.8,0.0,0.0,0.0,0.0,15794.9 MiB,3685.5 MiB,2206.8 MiB,9902.5 MiB,4096.0 MiB,3452.5 MiB,643.5 MiB,12892.4 MiB,,2,10.85
4,2017-07-11,nbody_50000000_original,7.10.1,nbody_6_original.js 50000000,112,1695222084,2835404,node,132.02,630960128,42754048,20799488,93.8,0.3,6.0,0.0,2:12,0,28278784,56700928,0,7230464,0.0,42754048,323,2,277,44,0,12.7,1.5,0.0,85.8,0.0,0.0,0.0,0.0,15794.9 MiB,3685.5 MiB,2206.8 MiB,9902.5 MiB,4096.0 MiB,3452.5 MiB,643.5 MiB,12892.4 MiB,,2,12.02
4,2017-07-11,nbody_50000000_original,7.10.1,nbody_6_original.js 50000000,113,1695222085,2835404,node,133.2,630960128,42754048,20799488,100.0,0.3,6.0,0.0,2:13,0,28278784,56700928,0,7230464,0.0,42754048,323,2,277,44,0,12.8,0.8,0.0,86.5,0.0,0.0,0.0,0.0,15794.9 MiB,3685.5 MiB,2206.8 MiB,9902.5 MiB,4096.0 MiB,3452.5 MiB,643.5 MiB,12892.4 MiB,,2,13.20
4,2017-07-11,nbody_50000000_original,7.10.1,nbody_6_original.js 50000000,114,1695222086,2835404,node,134.38,630960128,42754048,20799488,100.0,0.3,6.0,0.0,2:14,0,28278784,56700928,0,7230464,0.0,42754048,323,2,277,44,0,13.9,1.5,0.0,83.9,0.7,0.0,0.0,0.0,15794.9 MiB,3685.5 MiB,2206.8 MiB,9902.6 MiB,4096.0 MiB,3452.5 MiB,643.5 MiB,12892.4 MiB,,2,14.38
4,2017-07-11,nbody_50000000_original,7.10.1,nbody_6_original.js 50000000,115,1695222087,2835404,node,135.56,630960128,42754048,20799488,100.0,0.3,6.0,0.0,2:15,0,28278784,56700928,0,7230464,0.0,42754048,323,2,277,44,0,13.5,0.0,0.0,86.5,0.0,0.0,0.0,0.0,15794.9 MiB,3685.2 MiB,2207.1 MiB,9902.6 MiB,4096.0 MiB,3452.5 MiB,643.5 MiB,12892.1 MiB,,2,15.56
4,2017-07-11,nbody_50000000_original,7.10.1,nbody_6_original.js 50000000,116,1695222088,2835404,node,136.74,630960128,42754048,20799488,106.7,0.3,6.0,0.0,2:16,0,28278784,56700928,0,7230464,0.0,42754048,323,2,277,44,0,13.5,0.8,0.0,85.7,0.0,0.0,0.0,0.0,15794.9 MiB,3685.2 MiB,2207.1 MiB,9902.6 MiB,4096.0 MiB,3452.5 MiB,643.5 MiB,12892.1 MiB,,2,16.74
4,2017-07-11,nbody_50000000_original,7.10.1,nbody_6_original.js 50000000,117,1695222090,2835404,node,137.91,630960128,42754048,20799488,100.0,0.3,6.0,0.0,2:17,0,28278784,56700928,0,7230464,0.0,42754048,323,2,277,44,0,12.8,1.5,0.0,85.7,0.0,0.0,0.0,0.0,15794.9 MiB,3684.8 MiB,2207.6 MiB,9902.6 MiB,4096.0 MiB,3452.5 MiB,643.5 MiB,12891.6 MiB,,2,17.91
4,2017-07-11,nbody_50000000_original,7.10.1,nbody_6_original.js 50000000,118,1695222091,2835404,node,139.09,630960128,42754048,20799488,100.0,0.3,6.0,0.0,2:19,0,28278784,56700928,0,7230464,0.0,42754048,323,2,277,44,0,12.1,0.8,0.0,87.1,0.0,0.0,0.0,0.0,15794.9 MiB,3685.5 MiB,2206.8 MiB,9902.6 MiB,4096.0 MiB,3452.5 MiB,643.5 MiB,12892.4 MiB,,2,19.09
4,2017-07-11,nbody_50000000_original,7.10.1,nbody_6_original.js 50000000,119,1695222092,2835404,node,140.27,630960128,42754048,20799488,100.0,0.3,6.0,4.0,2:20,0,28278784,56700928,0,7230464,0.0,42754048,323,2,277,44,0,13.3,1.5,0.0,85.2,0.0,0.0,0.0,0.0,15794.9 MiB,3685.7 MiB,2206.6 MiB,9902.6 MiB,4096.0 MiB,3452.5 MiB,643.5 MiB,12892.6 MiB,,2,20.27
4,2017-07-11,nbody_50000000_original,7.10.1,nbody_6_original.js 50000000,120,1695222093,2835404,node,141.44,630960128,42754048,20799488,93.8,0.3,6.0,4.0,2:21,0,28278784,56700928,0,7230464,0.0,42754048,323,2,277,44,0,13.3,1.5,0.0,85.2,0.0,0.0,0.0,0.0,15794.9 MiB,3685.2 MiB,2207.1 MiB,9902.6 MiB,4096.0 MiB,3452.5 MiB,643.5 MiB,12892.1 MiB,,2,21.44
4,2017-07-11,nbody_50000000_original,7.10.1,nbody_6_original.js 50000000,121,1695222094,2835404,node,142.62,630960128,42754048,20799488,100.0,0.3,6.0,4.0,2:22,0,28278784,56700928,0,7230464,0.0,42754048,323,2,277,44,0,12.9,0.0,0.0,87.1,0.0,0.0,0.0,0.0,15794.9 MiB,3685.5 MiB,2206.8 MiB,9902.6 MiB,4096.0 MiB,3452.5 MiB,643.5 MiB,12892.4 MiB,,2,22.62
4,2017-07-11,nbody_50000000_original,7.10.1,nbody_6_original.js 50000000,122,1695222096,2835404,node,143.8,630960128,42754048,20799488,100.0,0.3,6.0,4.0,2:23,0,28278784,56700928,0,7230464,0.0,42754048,323,2,277,44,0,13.3,1.5,0.0,85.2,0.0,0.0,0.0,0.0,15794.9 MiB,3686.2 MiB,2206.1 MiB,9902.6 MiB,4096.0 MiB,3452.5 MiB,643.5 MiB,12893.1 MiB,,2,23.80
4,2017-07-11,nbody_50000000_original,7.10.1,nbody_6_original.js 50000000,123,1695222097,2835404,node,144.98,630960128,42754048,20799488,100.0,0.3,6.0,4.0,2:24,0,28278784,56700928,0,7230464,0.0,42754048,323,2,277,44,0,13.9,1.5,0.0,84.7,0.0,0.0,0.0,0.0,15794.9 MiB,3686.5 MiB,2205.8 MiB,9902.6 MiB,4096.0 MiB,3452.5 MiB,643.5 MiB,12893.4 MiB,,2,24.98
4,2017-07-11,nbody_50000000_original,7.10.1,nbody_6_original.js 50000000,124,1695222098,2835404,node,146.15,630960128,42754048,20799488,100.0,0.3,6.0,4.0,2:26,0,28278784,56700928,0,7230464,0.0,42754048,323,2,277,44,0,13.4,0.7,0.0,85.1,0.7,0.0,0.0,0.0,15794.9 MiB,3686.5 MiB,2205.8 MiB,9902.6 MiB,4096.0 MiB,3452.5 MiB,643.5 MiB,12893.4 MiB,,2,26.15
4,2017-07-11,nbody_50000000_original,7.10.1,nbody_6_original.js 50000000,125,1695222099,2835404,node,147.32999999999998,630960128,42754048,20799488,100.0,0.3,6.0,4.0,2:27,0,28278784,56700928,0,7230464,0.0,42754048,323,2,277,44,0,12.7,1.5,0.0,85.8,0.0,0.0,0.0,0.0,15794.9 MiB,3686.2 MiB,2206.1 MiB,9902.6 MiB,4096.0 MiB,3452.5 MiB,643.5 MiB,12893.1 MiB,,2,27.33
4,2017-07-11,nbody_50000000_original,7.10.1,nbody_6_original.js 50000000,126,1695222100,2835404,node,148.51,630960128,42754048,20799488,100.0,0.3,6.0,4.0,2:28,0,28278784,56700928,0,7230464,0.0,42754048,323,2,277,44,0,13.4,0.7,0.0,85.8,0.0,0.0,0.0,0.0,15794.9 MiB,3686.0 MiB,2206.3 MiB,9902.6 MiB,4096.0 MiB,3452.5 MiB,643.5 MiB,12892.9 MiB,,2,28.51
4,2017-07-11,nbody_50000000_original,7.10.1,nbody_6_original.js 50000000,127,1695222101,2835404,node,149.69,630960128,42754048,20799488,100.0,0.3,6.0,0.0,2:29,0,28278784,56700928,0,7230464,0.0,42754048,323,2,277,44,0,12.7,0.7,0.0,85.8,0.0,0.0,0.7,0.0,15794.9 MiB,3686.2 MiB,2206.1 MiB,9902.6 MiB,4096.0 MiB,3452.5 MiB,643.5 MiB,12893.1 MiB,,2,29.69
4,2017-07-11,nbody_50000000_original,7.10.1,nbody_6_original.js 50000000,128,1695222103,2835404,node,150.86,630960128,42754048,20799488,93.8,0.3,6.0,4.0,2:30,0,28278784,56700928,0,7230464,0.0,42754048,323,2,277,44,0,13.3,0.7,0.0,85.2,0.0,0.0,0.7,0.0,15794.9 MiB,3686.0 MiB,2206.3 MiB,9902.6 MiB,4096.0 MiB,3452.5 MiB,643.5 MiB,12892.9 MiB,,2,30.86
4,2017-07-11,nbody_50000000_original,7.10.1,nbody_6_original.js 50000000,129,1695222104,2835404,node,152.04,630960128,42754048,20799488,100.0,0.3,6.0,4.0,2:32,0,28278784,56700928,0,7230464,0.0,42754048,323,2,277,44,0,13.6,0.0,0.0,86.4,0.0,0.0,0.0,0.0,15794.9 MiB,3686.0 MiB,2206.3 MiB,9902.6 MiB,4096.0 MiB,3452.5 MiB,643.5 MiB,12892.9 MiB,,2,32.04
4,2017-07-11,nbody_50000000_original,7.10.1,nbody_6_original.js 50000000,130,1695222105,2835404,node,153.22,630960128,42754048,20799488,100.0,0.3,6.0,4.0,2:33,0,28278784,56700928,0,7230464,0.0,42754048,323,2,277,44,0,12.7,1.5,0.0,85.1,0.0,0.0,0.7,0.0,15794.9 MiB,3685.7 MiB,2206.6 MiB,9902.6 MiB,4096.0 MiB,3452.5 MiB,643.5 MiB,12892.6 MiB,,2,33.22
4,2017-07-11,nbody_50000000_original,7.10.1,nbody_6_original.js 50000000,131,1695222106,2835404,node,154.39,630960128,42754048,20799488,100.0,0.3,6.0,4.0,2:34,0,28278784,56700928,0,7230464,0.0,42754048,323,2,277,44,0,13.3,1.5,0.0,85.2,0.0,0.0,0.0,0.0,15794.9 MiB,3685.7 MiB,2206.5 MiB,9902.6 MiB,4096.0 MiB,3452.5 MiB,643.5 MiB,12892.6 MiB,,2,34.39
5,2017-07-11,nbody_50000000_original,7.10.1,nbody_6_original.js 50000000,0,1695222108,2836236,node,0.16,618377216,30322688,20799488,100.0,0.2,6.0,1.0,0:00,0,28278784,44118016,0,4086784,0.0,30322688,324,2,278,44,0,12.9,2.3,0.0,84.8,0.0,0.0,0.0,0.0,15794.9 MiB,3684.3 MiB,2199.8 MiB,9910.8 MiB,4096.0 MiB,3452.5 MiB,643.5 MiB,12891.2 MiB,,0,00.16
5,2017-07-11,nbody_50000000_original,7.10.1,nbody_6_original.js 50000000,1,1695222110,2836236,node,1.33,618377216,30322688,20799488,100.0,0.2,6.0,1.0,0:01,0,28278784,44118016,0,4086784,0.0,30322688,324,2,278,44,0,12.7,2.2,0.0,85.1,0.0,0.0,0.0,0.0,15794.9 MiB,3684.5 MiB,2199.6 MiB,9910.8 MiB,4096.0 MiB,3452.5 MiB,643.5 MiB,12891.4 MiB,,0,01.33
5,2017-07-11,nbody_50000000_original,7.10.1,nbody_6_original.js 50000000,2,1695222111,2836236,node,2.51,618377216,30322688,20799488,100.0,0.2,6.0,1.0,0:02,0,28278784,44118016,0,4086784,0.0,30322688,324,2,278,44,0,13.4,1.5,0.0,85.1,0.0,0.0,0.0,0.0,15794.9 MiB,3691.7 MiB,2200.4 MiB,9902.8 MiB,4096.0 MiB,3452.5 MiB,643.5 MiB,12898.6 MiB,,0,02.51
5,2017-07-11,nbody_50000000_original,7.10.1,nbody_6_original.js 50000000,3,1695222112,2836236,node,3.68,618377216,30322688,20799488,93.8,0.2,6.0,1.0,0:03,0,28278784,44118016,0,4086784,0.0,30322688,324,3,277,44,0,12.7,1.5,0.0,85.8,0.0,0.0,0.0,0.0,15794.9 MiB,3691.9 MiB,2200.2 MiB,9902.8 MiB,4096.0 MiB,3452.5 MiB,643.5 MiB,12898.8 MiB,,0,03.68
5,2017-07-11,nbody_50000000_original,7.10.1,nbody_6_original.js 50000000,4,1695222113,2836236,node,4.86,618377216,30322688,20799488,100.0,0.2,6.0,5.0,0:04,0,28278784,44118016,0,4086784,0.0,30322688,324,2,278,44,0,13.4,0.7,0.0,85.8,0.0,0.0,0.0,0.0,15794.9 MiB,3689.7 MiB,2194.1 MiB,9911.1 MiB,4096.0 MiB,3452.5 MiB,643.5 MiB,12896.6 MiB,,0,04.86
5,2017-07-11,nbody_50000000_original,7.10.1,nbody_6_original.js 50000000,5,1695222114,2836236,node,6.04,618377216,30322688,20799488,100.0,0.2,6.0,5.0,0:06,0,28278784,44118016,0,4086784,0.0,30322688,324,2,278,44,0,15.8,1.5,0.0,82.7,0.0,0.0,0.0,0.0,15794.9 MiB,3690.9 MiB,2193.1 MiB,9910.9 MiB,4096.0 MiB,3452.5 MiB,643.5 MiB,12897.9 MiB,,0,06.04
5,2017-07-11,nbody_50000000_original,7.10.1,nbody_6_original.js 50000000,6,1695222116,2836236,node,7.22,618377216,30322688,20799488,100.0,0.2,6.0,5.0,0:07,0,28278784,44118016,0,4086784,0.0,30322688,324,2,278,44,0,15.8,0.8,0.0,83.5,0.0,0.0,0.0,0.0,15794.9 MiB,3691.7 MiB,2192.6 MiB,9910.6 MiB,4096.0 MiB,3452.5 MiB,643.5 MiB,12898.6 MiB,,0,07.22
5,2017-07-11,nbody_50000000_original,7.10.1,nbody_6_original.js 50000000,7,1695222117,2836236,node,8.4,618377216,30322688,20799488,100.0,0.2,6.0,5.0,0:08,0,28278784,44118016,0,4086784,0.0,30322688,324,2,278,44,0,12.8,1.5,0.0,85.7,0.0,0.0,0.0,0.0,15794.9 MiB,3691.7 MiB,2192.6 MiB,9910.6 MiB,4096.0 MiB,3452.5 MiB,643.5 MiB,12898.6 MiB,,0,08.40
5,2017-07-11,nbody_50000000_original,7.10.1,nbody_6_original.js 50000000,8,1695222118,2836236,node,9.58,622571520,34373632,20799488,100.0,0.2,6.0,5.0,0:09,0,28278784,48312320,0,5135360,0.0,34373632,324,2,278,44,0,12.7,1.5,0.0,85.8,0.0,0.0,0.0,0.0,15794.9 MiB,3689.0 MiB,2195.3 MiB,9910.6 MiB,4096.0 MiB,3452.5 MiB,643.5 MiB,12895.9 MiB,,0,09.58
5,2017-07-11,nbody_50000000_original,7.10.1,nbody_6_original.js 50000000,9,1695222119,2836236,node,10.76,622571520,34373632,20799488,100.0,0.2,6.0,5.0,0:10,0,28278784,48312320,0,5135360,0.0,34373632,324,2,278,44,0,12.7,3.0,0.0,82.8,1.5,0.0,0.0,0.0,15794.9 MiB,3694.1 MiB,2189.3 MiB,9911.5 MiB,4096.0 MiB,3452.5 MiB,643.5 MiB,12901.9 MiB,,0,10.76
5,2017-07-11,nbody_50000000_original,7.10.1,nbody_6_original.js 50000000,10,1695222120,2836236,node,11.94,622571520,34373632,20799488,100.0,0.2,6.0,5.0,0:11,0,28278784,48312320,0,5135360,0.0,34373632,324,2,278,44,0,12.7,1.5,0.0,85.8,0.0,0.0,0.0,0.0,15794.9 MiB,3700.5 MiB,2190.7 MiB,9903.6 MiB,4096.0 MiB,3452.5 MiB,643.5 MiB,12908.3 MiB,,0,11.94
5,2017-07-11,nbody_50000000_original,7.10.1,nbody_6_original.js 50000000,11,1695222121,2836236,node,13.11,622571520,34373632,20799488,93.8,0.2,6.0,5.0,0:13,0,28278784,48312320,0,5135360,0.0,34373632,324,2,278,44,0,13.4,0.7,0.0,85.8,0.0,0.0,0.0,0.0,15794.9 MiB,3702.3 MiB,2189.0 MiB,9903.6 MiB,4096.0 MiB,3452.5 MiB,643.5 MiB,12910.0 MiB,,0,13.11
5,2017-07-11,nbody_50000000_original,7.10.1,nbody_6_original.js 50000000,12,1695222123,2836236,node,14.29,622571520,34373632,20799488,100.0,0.2,6.0,1.0,0:14,0,28278784,48312320,0,5135360,0.0,34373632,324,2,278,44,0,13.4,0.7,0.0,85.8,0.0,0.0,0.0,0.0,15794.9 MiB,3702.8 MiB,2188.5 MiB,9903.6 MiB,4096.0 MiB,3452.5 MiB,643.5 MiB,12910.5 MiB,,0,14.29
5,2017-07-11,nbody_50000000_original,7.10.1,nbody_6_original.js 50000000,13,1695222124,2836236,node,15.47,622571520,34373632,20799488,100.0,0.2,6.0,1.0,0:15,0,28278784,48312320,0,5135360,0.0,34373632,324,2,278,44,0,14.0,1.5,0.0,84.6,0.0,0.0,0.0,0.0,15794.9 MiB,3702.5 MiB,2188.7 MiB,9903.6 MiB,4096.0 MiB,3452.5 MiB,643.5 MiB,12910.3 MiB,,0,15.47
5,2017-07-11,nbody_50000000_original,7.10.1,nbody_6_original.js 50000000,14,1695222125,2836236,node,16.65,622571520,34373632,20799488,100.0,0.2,6.0,1.0,0:16,0,28278784,48312320,0,5135360,0.0,34373632,324,2,278,44,0,11.9,1.5,0.0,85.8,0.7,0.0,0.0,0.0,15794.9 MiB,3701.5 MiB,2189.7 MiB,9903.7 MiB,4096.0 MiB,3452.5 MiB,643.5 MiB,12909.3 MiB,,0,16.65
5,2017-07-11,nbody_50000000_original,7.10.1,nbody_6_original.js 50000000,15,1695222126,2836236,node,17.83,622571520,34373632,20799488,100.0,0.2,6.0,1.0,0:17,0,28278784,48312320,0,5135360,0.0,34373632,324,2,278,44,0,13.5,0.8,0.0,85.7,0.0,0.0,0.0,0.0,15794.9 MiB,3701.3 MiB,2189.9 MiB,9903.7 MiB,4096.0 MiB,3452.5 MiB,643.5 MiB,12909.1 MiB,,0,17.83
5,2017-07-11,nbody_50000000_original,7.10.1,nbody_6_original.js 50000000,16,1695222127,2836236,node,19.0,622571520,34373632,20799488,93.8,0.2,6.0,1.0,0:19,0,28278784,48312320,0,5135360,0.0,34373632,324,2,278,44,0,13.1,2.9,0.0,83.9,0.0,0.0,0.0,0.0,15794.9 MiB,3701.3 MiB,2189.9 MiB,9903.7 MiB,4096.0 MiB,3452.5 MiB,643.5 MiB,12909.1 MiB,,0,19.00
5,2017-07-11,nbody_50000000_original,7.10.1,nbody_6_original.js 50000000,17,1695222129,2836236,node,20.18,622571520,34373632,20799488,100.0,0.2,6.0,1.0,0:20,0,28278784,48312320,0,5135360,0.0,34373632,324,2,278,44,0,12.7,0.7,0.0,86.6,0.0,0.0,0.0,0.0,15794.9 MiB,3702.0 MiB,2189.2 MiB,9903.7 MiB,4096.0 MiB,3452.5 MiB,643.5 MiB,12909.8 MiB,,0,20.18
5,2017-07-11,nbody_50000000_original,7.10.1,nbody_6_original.js 50000000,18,1695222130,2836236,node,21.36,622571520,34373632,20799488,100.0,0.2,6.0,1.0,0:21,0,28278784,48312320,0,5135360,0.0,34373632,324,2,278,44,0,13.2,1.5,0.0,85.3,0.0,0.0,0.0,0.0,15794.9 MiB,3701.8 MiB,2189.4 MiB,9903.7 MiB,4096.0 MiB,3452.5 MiB,643.5 MiB,12909.6 MiB,,0,21.36
5,2017-07-11,nbody_50000000_original,7.10.1,nbody_6_original.js 50000000,19,1695222131,2836236,node,22.53,622571520,34373632,20799488,100.0,0.2,6.0,1.0,0:22,0,28278784,48312320,0,5135360,0.0,34373632,324,2,278,44,0,13.5,0.8,0.0,85.7,0.0,0.0,0.0,0.0,15794.9 MiB,3701.5 MiB,2189.7 MiB,9903.7 MiB,4096.0 MiB,3452.5 MiB,643.5 MiB,12909.3 MiB,,0,22.53
5,2017-07-11,nbody_50000000_original,7.10.1,nbody_6_original.js 50000000,20,1695222132,2836236,node,23.71,622571520,34373632,20799488,100.0,0.2,6.0,5.0,0:23,0,28278784,48312320,0,5135360,0.0,34373632,324,2,278,44,0,12.6,1.5,0.0,85.9,0.0,0.0,0.0,0.0,15794.9 MiB,3701.0 MiB,2190.2 MiB,9903.7 MiB,4096.0 MiB,3452.5 MiB,643.5 MiB,12908.8 MiB,,0,23.71
5,2017-07-11,nbody_50000000_original,7.10.1,nbody_6_original.js 50000000,21,1695222133,2836236,node,24.89,622571520,34373632,20799488,93.8,0.2,6.0,5.0,0:24,0,28278784,48312320,0,5135360,0.0,34373632,324,2,278,44,0,12.0,1.5,0.0,85.7,0.0,0.0,0.8,0.0,15794.9 MiB,3700.6 MiB,2190.7 MiB,9903.7 MiB,4096.0 MiB,3452.5 MiB,643.5 MiB,12908.3 MiB,,0,24.89
5,2017-07-11,nbody_50000000_original,7.10.1,nbody_6_original.js 50000000,22,1695222134,2836236,node,26.07,622571520,34373632,20799488,100.0,0.2,6.0,5.0,0:26,0,28278784,48312320,0,5135360,0.0,34373632,324,2,278,44,0,12.7,1.5,0.0,85.8,0.0,0.0,0.0,0.0,15794.9 MiB,3700.8 MiB,2190.4 MiB,9903.7 MiB,4096.0 MiB,3452.5 MiB,643.5 MiB,12908.6 MiB,,0,26.07
5,2017-07-11,nbody_50000000_original,7.10.1,nbody_6_original.js 50000000,23,1695222136,2836236,node,27.25,622571520,34373632,20799488,106.7,0.2,6.0,1.0,0:27,0,28278784,48312320,0,5135360,0.0,34373632,324,2,278,44,0,12.6,2.2,0.0,85.2,0.0,0.0,0.0,0.0,15794.9 MiB,3700.3 MiB,2190.9 MiB,9903.7 MiB,4096.0 MiB,3452.5 MiB,643.5 MiB,12908.1 MiB,,0,27.25
5,2017-07-11,nbody_50000000_original,7.10.1,nbody_6_original.js 50000000,24,1695222137,2836236,node,28.43,622571520,34373632,20799488,100.0,0.2,6.0,1.0,0:28,0,28278784,48312320,0,5135360,0.0,34373632,324,2,278,44,0,13.4,0.7,0.0,85.8,0.0,0.0,0.0,0.0,15794.9 MiB,3701.0 MiB,2190.2 MiB,9903.7 MiB,4096.0 MiB,3452.5 MiB,643.5 MiB,12908.8 MiB,,0,28.43
5,2017-07-11,nbody_50000000_original,7.10.1,nbody_6_original.js 50000000,25,1695222138,2836236,node,29.6,622571520,34373632,20799488,100.0,0.2,6.0,1.0,0:29,0,28278784,48312320,0,5135360,0.0,34373632,324,2,278,44,0,13.5,0.8,0.0,85.7,0.0,0.0,0.0,0.0,15794.9 MiB,3700.6 MiB,2190.6 MiB,9903.7 MiB,4096.0 MiB,3452.5 MiB,643.5 MiB,12908.4 MiB,,0,29.60
5,2017-07-11,nbody_50000000_original,7.10.1,nbody_6_original.js 50000000,26,1695222139,2836236,node,30.78,622571520,34373632,20799488,100.0,0.2,6.0,1.0,0:30,0,28278784,48312320,0,5135360,0.0,34373632,324,2,278,44,0,14.1,0.7,0.0,85.2,0.0,0.0,0.0,0.0,15794.9 MiB,3700.6 MiB,2190.6 MiB,9903.7 MiB,4096.0 MiB,3452.5 MiB,643.5 MiB,12908.4 MiB,,0,30.78
5,2017-07-11,nbody_50000000_original,7.10.1,nbody_6_original.js 50000000,27,1695222140,2836236,node,31.96,622571520,34373632,20799488,100.0,0.2,6.0,1.0,0:31,0,28278784,48312320,0,5135360,0.0,34373632,324,2,278,44,0,12.8,0.8,0.0,86.5,0.0,0.0,0.0,0.0,15794.9 MiB,3700.6 MiB,2190.6 MiB,9903.7 MiB,4096.0 MiB,3452.5 MiB,643.5 MiB,12908.4 MiB,,0,31.96
5,2017-07-11,nbody_50000000_original,7.10.1,nbody_6_original.js 50000000,28,1695222141,2836236,node,33.13,622571520,34373632,20799488,93.8,0.2,6.0,5.0,0:33,0,28278784,48312320,0,5135360,0.0,34373632,324,2,278,44,0,12.7,1.5,0.0,85.8,0.0,0.0,0.0,0.0,15794.9 MiB,3699.8 MiB,2191.4 MiB,9903.7 MiB,4096.0 MiB,3452.5 MiB,643.5 MiB,12907.6 MiB,,0,33.13
5,2017-07-11,nbody_50000000_original,7.10.1,nbody_6_original.js 50000000,29,1695222143,2836236,node,34.31,622571520,34373632,20799488,100.0,0.2,6.0,5.0,0:34,0,28278784,48312320,0,5135360,0.0,34373632,324,2,278,44,0,12.7,1.5,0.0,85.8,0.0,0.0,0.0,0.0,15794.9 MiB,3698.8 MiB,2192.4 MiB,9903.7 MiB,4096.0 MiB,3452.5 MiB,643.5 MiB,12906.6 MiB,,0,34.31
5,2017-07-11,nbody_50000000_original,7.10.1,nbody_6_original.js 50000000,30,1695222144,2836236,node,35.49,622571520,34373632,20799488,100.0,0.2,6.0,5.0,0:35,0,28278784,48312320,0,5135360,0.0,34373632,324,2,278,44,0,13.4,0.7,0.0,85.8,0.0,0.0,0.0,0.0,15794.9 MiB,3697.8 MiB,2193.3 MiB,9903.7 MiB,4096.0 MiB,3452.5 MiB,643.5 MiB,12905.7 MiB,,0,35.49
5,2017-07-11,nbody_50000000_original,7.10.1,nbody_6_original.js 50000000,31,1695222145,2836236,node,36.67,622571520,34373632,20799488,106.7,0.2,6.0,5.0,0:36,0,28278784,48312320,0,5135360,0.0,34373632,324,2,278,44,0,12.7,1.5,0.0,85.8,0.0,0.0,0.0,0.0,15794.9 MiB,3697.6 MiB,2193.6 MiB,9903.7 MiB,4096.0 MiB,3452.5 MiB,643.5 MiB,12905.4 MiB,,0,36.67
5,2017-07-11,nbody_50000000_original,7.10.1,nbody_6_original.js 50000000,32,1695222146,2836236,node,37.84,622571520,34373632,20799488,93.8,0.2,6.0,5.0,0:37,0,28278784,48312320,0,5135360,0.0,34373632,324,2,278,44,0,12.7,1.5,0.0,85.8,0.0,0.0,0.0,0.0,15794.9 MiB,3697.1 MiB,2194.1 MiB,9903.7 MiB,4096.0 MiB,3452.5 MiB,643.5 MiB,12904.9 MiB,,0,37.84
5,2017-07-11,nbody_50000000_original,7.10.1,nbody_6_original.js 50000000,33,1695222147,2836236,node,39.02,622571520,34373632,20799488,100.0,0.2,6.0,5.0,0:39,0,28278784,48312320,0,5135360,0.0,34373632,324,2,278,44,0,13.4,1.5,0.0,84.3,0.7,0.0,0.0,0.0,15794.9 MiB,3697.1 MiB,2194.1 MiB,9903.7 MiB,4096.0 MiB,3452.5 MiB,643.5 MiB,12904.9 MiB,,0,39.02
5,2017-07-11,nbody_50000000_original,7.10.1,nbody_6_original.js 50000000,34,1695222149,2836236,node,40.2,622571520,34373632,20799488,100.0,0.2,6.0,5.0,0:40,0,28278784,48312320,0,5135360,0.0,34373632,324,2,278,44,0,13.9,1.5,0.0,84.7,0.0,0.0,0.0,0.0,15794.9 MiB,3696.6 MiB,2194.6 MiB,9903.7 MiB,4096.0 MiB,3452.5 MiB,643.5 MiB,12904.4 MiB,,0,40.20
5,2017-07-11,nbody_50000000_original,7.10.1,nbody_6_original.js 50000000,35,1695222150,2836236,node,41.38,622571520,34373632,20799488,106.7,0.2,6.0,5.0,0:41,0,28278784,48312320,0,5135360,0.0,34373632,324,2,278,44,0,13.4,0.7,0.0,85.8,0.0,0.0,0.0,0.0,15794.9 MiB,3696.6 MiB,2194.6 MiB,9903.7 MiB,4096.0 MiB,3452.5 MiB,643.5 MiB,12904.4 MiB,,0,41.38
5,2017-07-11,nbody_50000000_original,7.10.1,nbody_6_original.js 50000000,36,1695222151,2836236,node,42.55,622571520,34373632,20799488,100.0,0.2,6.0,5.0,0:42,0,28278784,48312320,0,5135360,0.0,34373632,324,2,278,44,0,12.7,1.5,0.0,85.8,0.0,0.0,0.0,0.0,15794.9 MiB,3695.9 MiB,2195.3 MiB,9903.7 MiB,4096.0 MiB,3452.5 MiB,643.5 MiB,12903.7 MiB,,0,42.55
5,2017-07-11,nbody_50000000_original,7.10.1,nbody_6_original.js 50000000,37,1695222152,2836236,node,43.73,622571520,34373632,20799488,100.0,0.2,6.0,5.0,0:43,0,28278784,48312320,0,5135360,0.0,34373632,324,2,278,44,0,12.2,0.8,0.0,87.0,0.0,0.0,0.0,0.0,15794.9 MiB,3696.9 MiB,2194.3 MiB,9903.7 MiB,4096.0 MiB,3452.5 MiB,643.5 MiB,12904.7 MiB,,0,43.73
5,2017-07-11,nbody_50000000_original,7.10.1,nbody_6_original.js 50000000,38,1695222153,2836236,node,44.91,622571520,34373632,20799488,100.0,0.2,6.0,5.0,0:44,0,28278784,48312320,0,5135360,0.0,34373632,324,2,278,44,0,12.7,1.5,0.0,85.8,0.0,0.0,0.0,0.0,15794.9 MiB,3696.6 MiB,2194.6 MiB,9903.7 MiB,4096.0 MiB,3452.5 MiB,643.5 MiB,12904.4 MiB,,0,44.91
5,2017-07-11,nbody_50000000_original,7.10.1,nbody_6_original.js 50000000,39,1695222154,2836236,node,46.09,622571520,34373632,20799488,100.0,0.2,6.0,5.0,0:46,0,28278784,48312320,0,5135360,0.0,34373632,324,2,278,44,0,12.9,0.8,0.0,86.4,0.0,0.0,0.0,0.0,15794.9 MiB,3695.4 MiB,2195.8 MiB,9903.7 MiB,4096.0 MiB,3452.5 MiB,643.5 MiB,12903.2 MiB,,0,46.09
5,2017-07-11,nbody_50000000_original,7.10.1,nbody_6_original.js 50000000,40,1695222156,2836236,node,47.26,622571520,34373632,20799488,100.0,0.2,6.0,1.0,0:47,0,28278784,48312320,0,5135360,0.0,34373632,324,2,278,44,0,14.0,1.5,0.0,84.6,0.0,0.0,0.0,0.0,15794.9 MiB,3695.4 MiB,2195.8 MiB,9903.7 MiB,4096.0 MiB,3452.5 MiB,643.5 MiB,12903.2 MiB,,0,47.26
5,2017-07-11,nbody_50000000_original,7.10.1,nbody_6_original.js 50000000,41,1695222157,2836236,node,48.44,622571520,34373632,20799488,100.0,0.2,6.0,1.0,0:48,0,28278784,48312320,0,5135360,0.0,34373632,324,2,278,44,0,12.8,0.8,0.0,86.5,0.0,0.0,0.0,0.0,15794.9 MiB,3695.4 MiB,2195.8 MiB,9903.7 MiB,4096.0 MiB,3452.5 MiB,643.5 MiB,12903.2 MiB,,0,48.44
5,2017-07-11,nbody_50000000_original,7.10.1,nbody_6_original.js 50000000,42,1695222158,2836236,node,49.62,622571520,34373632,20799488,100.0,0.2,6.0,1.0,0:49,0,28278784,48312320,0,5135360,0.0,34373632,324,2,278,44,0,14.6,1.5,0.0,83.9,0.0,0.0,0.0,0.0,15794.9 MiB,3695.4 MiB,2195.8 MiB,9903.7 MiB,4096.0 MiB,3452.5 MiB,643.5 MiB,12903.2 MiB,,0,49.62
5,2017-07-11,nbody_50000000_original,7.10.1,nbody_6_original.js 50000000,43,1695222159,2836236,node,50.79,622571520,34373632,20799488,100.0,0.2,6.0,1.0,0:50,0,28278784,48312320,0,5135360,0.0,34373632,324,2,278,44,0,13.5,0.0,0.0,86.5,0.0,0.0,0.0,0.0,15794.9 MiB,3695.4 MiB,2195.8 MiB,9903.7 MiB,4096.0 MiB,3452.5 MiB,643.5 MiB,12903.2 MiB,,0,50.79
5,2017-07-11,nbody_50000000_original,7.10.1,nbody_6_original.js 50000000,44,1695222160,2836236,node,51.97,622571520,34373632,20799488,100.0,0.2,6.0,1.0,0:51,0,28278784,48312320,0,5135360,0.0,34373632,324,2,278,44,0,12.9,0.0,0.0,87.1,0.0,0.0,0.0,0.0,15794.9 MiB,3695.1 MiB,2196.0 MiB,9903.7 MiB,4096.0 MiB,3452.5 MiB,643.5 MiB,12903.0 MiB,,0,51.97
5,2017-07-11,nbody_50000000_original,7.10.1,nbody_6_original.js 50000000,45,1695222161,2836236,node,53.15,622571520,34373632,20799488,100.0,0.2,6.0,1.0,0:53,0,28278784,48312320,0,5135360,0.0,34373632,324,2,278,44,0,12.6,1.5,0.0,85.9,0.0,0.0,0.0,0.0,15794.9 MiB,3695.1 MiB,2196.0 MiB,9903.7 MiB,4096.0 MiB,3452.5 MiB,643.5 MiB,12903.0 MiB,,0,53.15
5,2017-07-11,nbody_50000000_original,7.10.1,nbody_6_original.js 50000000,46,1695222163,2836236,node,54.32,622571520,34373632,20799488,93.8,0.2,6.0,1.0,0:54,0,28278784,48312320,0,5135360,0.0,34373632,324,2,278,44,0,12.7,1.5,0.0,85.8,0.0,0.0,0.0,0.0,15794.9 MiB,3694.9 MiB,2196.3 MiB,9903.7 MiB,4096.0 MiB,3452.5 MiB,643.5 MiB,12902.7 MiB,,0,54.32
5,2017-07-11,nbody_50000000_original,7.10.1,nbody_6_original.js 50000000,47,1695222164,2836236,node,55.5,622571520,34373632,20799488,100.0,0.2,6.0,1.0,0:55,0,28278784,48312320,0,5135360,0.0,34373632,324,2,278,44,0,13.3,1.5,0.0,85.2,0.0,0.0,0.0,0.0,15794.9 MiB,3694.9 MiB,2196.3 MiB,9903.7 MiB,4096.0 MiB,3452.5 MiB,643.5 MiB,12902.7 MiB,,0,55.50
5,2017-07-11,nbody_50000000_original,7.10.1,nbody_6_original.js 50000000,48,1695222165,2836236,node,56.68,622571520,34373632,20799488,100.0,0.2,6.0,1.0,0:56,0,28278784,48312320,0,5135360,0.0,34373632,324,2,278,44,0,12.7,1.5,0.0,85.8,0.0,0.0,0.0,0.0,15794.9 MiB,3696.1 MiB,2195.0 MiB,9903.7 MiB,4096.0 MiB,3452.5 MiB,643.5 MiB,12904.0 MiB,,0,56.68
5,2017-07-11,nbody_50000000_original,7.10.1,nbody_6_original.js 50000000,49,1695222166,2836236,node,57.85,622571520,34373632,20799488,93.8,0.2,6.0,1.0,0:57,0,28278784,48312320,0,5135360,0.0,34373632,324,2,278,44,0,13.3,1.5,0.0,85.2,0.0,0.0,0.0,0.0,15794.9 MiB,3696.4 MiB,2194.8 MiB,9903.7 MiB,4096.0 MiB,3452.5 MiB,643.5 MiB,12904.2 MiB,,0,57.85
5,2017-07-11,nbody_50000000_original,7.10.1,nbody_6_original.js 50000000,50,1695222167,2836236,node,59.03,622571520,34373632,20799488,100.0,0.2,6.0,1.0,0:59,0,28278784,48312320,0,5135360,0.0,34373632,324,2,278,44,0,12.8,0.8,0.0,86.5,0.0,0.0,0.0,0.0,15794.9 MiB,3696.4 MiB,2194.8 MiB,9903.7 MiB,4096.0 MiB,3452.5 MiB,643.5 MiB,12904.2 MiB,,0,59.03
5,2017-07-11,nbody_50000000_original,7.10.1,nbody_6_original.js 50000000,51,1695222169,2836236,node,60.21,622571520,34373632,20799488,100.0,0.2,6.0,1.0,1:00,0,28278784,48312320,0,5135360,0.0,34373632,324,2,278,44,0,12.6,1.5,0.0,85.9,0.0,0.0,0.0,0.0,15794.9 MiB,3696.1 MiB,2195.0 MiB,9903.7 MiB,4096.0 MiB,3452.5 MiB,643.5 MiB,12904.0 MiB,,1,00.21
5,2017-07-11,nbody_50000000_original,7.10.1,nbody_6_original.js 50000000,52,1695222170,2836236,node,61.38,622571520,34373632,20799488,93.8,0.2,6.0,1.0,1:01,0,28278784,48312320,0,5135360,0.0,34373632,324,2,278,44,0,13.3,1.5,0.0,85.2,0.0,0.0,0.0,0.0,15794.9 MiB,3696.4 MiB,2194.8 MiB,9903.7 MiB,4096.0 MiB,3452.5 MiB,643.5 MiB,12904.2 MiB,,1,01.38
5,2017-07-11,nbody_50000000_original,7.10.1,nbody_6_original.js 50000000,53,1695222171,2836236,node,62.58,622571520,34373632,20799488,100.0,0.2,6.0,1.0,1:02,0,28278784,48312320,0,5135360,0.0,34373632,324,2,278,44,0,12.6,2.1,0.0,84.6,0.7,0.0,0.0,0.0,15794.9 MiB,3696.4 MiB,2194.8 MiB,9903.7 MiB,4096.0 MiB,3452.5 MiB,643.5 MiB,12904.2 MiB,,1,02.58
5,2017-07-11,nbody_50000000_original,7.10.1,nbody_6_original.js 50000000,54,1695222172,2836236,node,63.76,630960128,42754048,20799488,100.0,0.3,6.0,1.0,1:03,0,28278784,56700928,0,7232512,0.0,42754048,324,2,278,44,0,12.7,1.5,0.0,85.8,0.0,0.0,0.0,0.0,15794.9 MiB,3689.2 MiB,2201.9 MiB,9903.7 MiB,4096.0 MiB,3452.5 MiB,643.5 MiB,12897.1 MiB,,1,03.76
5,2017-07-11,nbody_50000000_original,7.10.1,nbody_6_original.js 50000000,55,1695222173,2836236,node,64.94,630960128,42754048,20799488,100.0,0.3,6.0,1.0,1:04,0,28278784,56700928,0,7232512,0.0,42754048,324,2,278,44,0,13.4,0.7,0.0,85.8,0.0,0.0,0.0,0.0,15794.9 MiB,3689.2 MiB,2201.9 MiB,9903.7 MiB,4096.0 MiB,3452.5 MiB,643.5 MiB,12897.1 MiB,,1,04.94
5,2017-07-11,nbody_50000000_original,7.10.1,nbody_6_original.js 50000000,56,1695222174,2836236,node,66.11,630960128,42754048,20799488,100.0,0.3,6.0,1.0,1:06,0,28278784,56700928,0,7232512,0.0,42754048,324,2,278,44,0,12.8,0.8,0.0,86.5,0.0,0.0,0.0,0.0,15794.9 MiB,3689.2 MiB,2201.9 MiB,9903.7 MiB,4096.0 MiB,3452.5 MiB,643.5 MiB,12897.1 MiB,,1,06.11
5,2017-07-11,nbody_50000000_original,7.10.1,nbody_6_original.js 50000000,57,1695222176,2836236,node,67.29,630960128,42754048,20799488,100.0,0.3,6.0,1.0,1:07,0,28278784,56700928,0,7232512,0.0,42754048,324,2,278,44,0,12.9,0.8,0.0,86.4,0.0,0.0,0.0,0.0,15794.9 MiB,3688.8 MiB,2202.4 MiB,9903.7 MiB,4096.0 MiB,3452.5 MiB,643.5 MiB,12896.6 MiB,,1,07.29
5,2017-07-11,nbody_50000000_original,7.10.1,nbody_6_original.js 50000000,58,1695222177,2836236,node,68.47,630960128,42754048,20799488,100.0,0.3,6.0,1.0,1:08,0,28278784,56700928,0,7232512,0.0,42754048,324,2,278,44,0,13.5,0.8,0.0,85.0,0.8,0.0,0.0,0.0,15794.9 MiB,3688.5 MiB,2202.6 MiB,9903.7 MiB,4096.0 MiB,3452.5 MiB,643.5 MiB,12896.4 MiB,,1,08.47
5,2017-07-11,nbody_50000000_original,7.10.1,nbody_6_original.js 50000000,59,1695222178,2836236,node,69.65,630960128,42754048,20799488,100.0,0.3,6.0,1.0,1:09,0,28278784,56700928,0,7232512,0.0,42754048,324,2,278,44,0,13.5,0.8,0.0,85.7,0.0,0.0,0.0,0.0,15794.9 MiB,3688.5 MiB,2202.6 MiB,9903.7 MiB,4096.0 MiB,3452.5 MiB,643.5 MiB,12896.4 MiB,,1,09.65
5,2017-07-11,nbody_50000000_original,7.10.1,nbody_6_original.js 50000000,60,1695222179,2836236,node,70.82,630960128,42754048,20799488,100.0,0.3,6.0,1.0,1:10,0,28278784,56700928,0,7232512,0.0,42754048,324,2,278,44,0,14.8,0.0,0.0,85.2,0.0,0.0,0.0,0.0,15794.9 MiB,3688.5 MiB,2202.6 MiB,9903.7 MiB,4096.0 MiB,3452.5 MiB,643.5 MiB,12896.4 MiB,,1,10.82
5,2017-07-11,nbody_50000000_original,7.10.1,nbody_6_original.js 50000000,61,1695222180,2836236,node,72.0,630960128,42754048,20799488,100.0,0.3,6.0,1.0,1:12,0,28278784,56700928,0,7232512,0.0,42754048,324,2,278,44,0,12.8,0.8,0.0,86.5,0.0,0.0,0.0,0.0,15794.9 MiB,3688.5 MiB,2202.8 MiB,9903.5 MiB,4096.0 MiB,3452.5 MiB,643.5 MiB,12896.4 MiB,,1,12.00
5,2017-07-11,nbody_50000000_original,7.10.1,nbody_6_original.js 50000000,62,1695222182,2836236,node,73.18,630960128,42754048,20799488,100.0,0.3,6.0,1.0,1:13,0,28278784,56700928,0,7232512,0.0,42754048,324,2,278,44,0,12.7,1.5,0.0,85.8,0.0,0.0,0.0,0.0,15794.9 MiB,3689.5 MiB,2201.8 MiB,9903.5 MiB,4096.0 MiB,3452.5 MiB,643.5 MiB,12897.4 MiB,,1,13.18
5,2017-07-11,nbody_50000000_original,7.10.1,nbody_6_original.js 50000000,63,1695222183,2836236,node,74.35,630960128,42754048,20799488,93.8,0.3,6.0,1.0,1:14,0,28278784,56700928,0,7232512,0.0,42754048,324,2,278,44,0,13.2,1.5,0.0,85.3,0.0,0.0,0.0,0.0,15794.9 MiB,3689.5 MiB,2201.8 MiB,9903.5 MiB,4096.0 MiB,3452.5 MiB,643.5 MiB,12897.4 MiB,,1,14.35
5,2017-07-11,nbody_50000000_original,7.10.1,nbody_6_original.js 50000000,64,1695222184,2836236,node,75.53,630960128,42754048,20799488,100.0,0.3,6.0,5.0,1:15,0,28278784,56700928,0,7232512,0.0,42754048,324,2,278,44,0,12.9,0.8,0.0,86.4,0.0,0.0,0.0,0.0,15794.9 MiB,3689.5 MiB,2201.8 MiB,9903.5 MiB,4096.0 MiB,3452.5 MiB,643.5 MiB,12897.4 MiB,,1,15.53
5,2017-07-11,nbody_50000000_original,7.10.1,nbody_6_original.js 50000000,65,1695222185,2836236,node,76.71000000000001,630960128,42754048,20799488,100.0,0.3,6.0,5.0,1:16,0,28278784,56700928,0,7232512,0.0,42754048,324,2,278,44,0,13.5,0.0,0.0,86.5,0.0,0.0,0.0,0.0,15794.9 MiB,3688.8 MiB,2202.6 MiB,9903.5 MiB,4096.0 MiB,3452.5 MiB,643.5 MiB,12896.6 MiB,,1,16.71
5,2017-07-11,nbody_50000000_original,7.10.1,nbody_6_original.js 50000000,66,1695222186,2836236,node,77.89,630960128,42754048,20799488,100.0,0.3,6.0,5.0,1:17,0,28278784,56700928,0,7232512,0.0,42754048,324,2,278,44,0,13.3,1.5,0.0,85.2,0.0,0.0,0.0,0.0,15794.9 MiB,3689.0 MiB,2202.3 MiB,9903.5 MiB,4096.0 MiB,3452.5 MiB,643.5 MiB,12896.9 MiB,,1,17.89
5,2017-07-11,nbody_50000000_original,7.10.1,nbody_6_original.js 50000000,67,1695222187,2836236,node,79.07,630960128,42754048,20799488,100.0,0.3,6.0,5.0,1:19,0,28278784,56700928,0,7232512,0.0,42754048,324,2,278,44,0,13.4,0.7,0.0,85.8,0.0,0.0,0.0,0.0,15794.9 MiB,3689.7 MiB,2201.6 MiB,9903.6 MiB,4096.0 MiB,3452.5 MiB,643.5 MiB,12897.6 MiB,,1,19.07
5,2017-07-11,nbody_50000000_original,7.10.1,nbody_6_original.js 50000000,68,1695222189,2836236,node,80.24,630960128,42754048,20799488,100.0,0.3,6.0,5.0,1:20,0,28278784,56700928,0,7232512,0.0,42754048,324,2,278,44,0,12.8,1.5,0.0,85.7,0.0,0.0,0.0,0.0,15794.9 MiB,3689.7 MiB,2201.6 MiB,9903.6 MiB,4096.0 MiB,3452.5 MiB,643.5 MiB,12897.6 MiB,,1,20.24
5,2017-07-11,nbody_50000000_original,7.10.1,nbody_6_original.js 50000000,69,1695222190,2836236,node,81.42,630960128,42754048,20799488,100.0,0.3,6.0,5.0,1:21,0,28278784,56700928,0,7232512,0.0,42754048,324,2,278,44,0,12.9,0.0,0.0,87.1,0.0,0.0,0.0,0.0,15794.9 MiB,3689.0 MiB,2202.3 MiB,9903.6 MiB,4096.0 MiB,3452.5 MiB,643.5 MiB,12896.9 MiB,,1,21.42
5,2017-07-11,nbody_50000000_original,7.10.1,nbody_6_original.js 50000000,70,1695222191,2836236,node,82.6,630960128,42754048,20799488,100.0,0.3,6.0,5.0,1:22,0,28278784,56700928,0,7232512,0.0,42754048,324,2,278,44,0,12.8,1.5,0.0,85.7,0.0,0.0,0.0,0.0,15794.9 MiB,3689.3 MiB,2202.1 MiB,9903.6 MiB,4096.0 MiB,3452.5 MiB,643.5 MiB,12897.1 MiB,,1,22.60
5,2017-07-11,nbody_50000000_original,7.10.1,nbody_6_original.js 50000000,71,1695222192,2836236,node,83.77,630960128,42754048,20799488,100.0,0.3,6.0,5.0,1:23,0,28278784,56700928,0,7232512,0.0,42754048,324,2,278,44,0,13.4,0.7,0.0,85.8,0.0,0.0,0.0,0.0,15794.9 MiB,3689.3 MiB,2202.1 MiB,9903.6 MiB,4096.0 MiB,3452.5 MiB,643.5 MiB,12897.1 MiB,,1,23.77
5,2017-07-11,nbody_50000000_original,7.10.1,nbody_6_original.js 50000000,72,1695222193,2836236,node,84.95,630960128,42754048,20799488,100.0,0.3,6.0,5.0,1:24,0,28278784,56700928,0,7232512,0.0,42754048,324,2,278,44,0,13.4,0.7,0.0,85.8,0.0,0.0,0.0,0.0,15794.9 MiB,3688.8 MiB,2202.5 MiB,9903.6 MiB,4096.0 MiB,3452.5 MiB,643.5 MiB,12896.6 MiB,,1,24.95
5,2017-07-11,nbody_50000000_original,7.10.1,nbody_6_original.js 50000000,73,1695222194,2836236,node,86.13,630960128,42754048,20799488,100.0,0.3,6.0,5.0,1:26,0,28278784,56700928,0,7232512,0.0,42754048,324,2,278,44,0,13.4,0.7,0.0,85.8,0.0,0.0,0.0,0.0,15794.9 MiB,3688.8 MiB,2202.5 MiB,9903.6 MiB,4096.0 MiB,3452.5 MiB,643.5 MiB,12896.6 MiB,,1,26.13
5,2017-07-11,nbody_50000000_original,7.10.1,nbody_6_original.js 50000000,74,1695222196,2836236,node,87.31,630960128,42754048,20799488,100.0,0.3,6.0,5.0,1:27,0,28278784,56700928,0,7232512,0.0,42754048,324,2,278,44,0,13.9,1.5,0.0,84.7,0.0,0.0,0.0,0.0,15794.9 MiB,3687.3 MiB,2204.0 MiB,9903.6 MiB,4096.0 MiB,3452.5 MiB,643.5 MiB,12895.2 MiB,,1,27.31
5,2017-07-11,nbody_50000000_original,7.10.1,nbody_6_original.js 50000000,75,1695222197,2836236,node,88.48,630960128,42754048,20799488,100.0,0.3,6.0,5.0,1:28,0,28278784,56700928,0,7232512,0.0,42754048,324,2,278,44,0,13.3,1.5,0.0,85.2,0.0,0.0,0.0,0.0,15794.9 MiB,3687.3 MiB,2204.0 MiB,9903.6 MiB,4096.0 MiB,3452.5 MiB,643.5 MiB,12895.2 MiB,,1,28.48
5,2017-07-11,nbody_50000000_original,7.10.1,nbody_6_original.js 50000000,76,1695222198,2836236,node,89.66,630960128,42754048,20799488,100.0,0.3,6.0,5.0,1:29,0,28278784,56700928,0,7232512,0.0,42754048,324,2,278,44,0,14.3,0.0,0.0,85.7,0.0,0.0,0.0,0.0,15794.9 MiB,3686.6 MiB,2204.8 MiB,9903.6 MiB,4096.0 MiB,3452.5 MiB,643.5 MiB,12894.4 MiB,,1,29.66
5,2017-07-11,nbody_50000000_original,7.10.1,nbody_6_original.js 50000000,77,1695222199,2836236,node,90.84,630960128,42754048,20799488,100.0,0.3,6.0,1.0,1:30,0,28278784,56700928,0,7232512,0.0,42754048,324,2,278,44,0,12.8,0.8,0.0,86.5,0.0,0.0,0.0,0.0,15794.9 MiB,3686.6 MiB,2204.7 MiB,9903.6 MiB,4096.0 MiB,3452.5 MiB,643.5 MiB,12894.4 MiB,,1,30.84
5,2017-07-11,nbody_50000000_original,7.10.1,nbody_6_original.js 50000000,78,1695222200,2836236,node,92.00999999999999,630960128,42754048,20799488,100.0,0.3,6.0,1.0,1:32,0,28278784,56700928,0,7232512,0.0,42754048,324,2,278,44,0,13.4,0.7,0.0,85.8,0.0,0.0,0.0,0.0,15794.9 MiB,3686.8 MiB,2204.5 MiB,9903.6 MiB,4096.0 MiB,3452.5 MiB,643.5 MiB,12894.7 MiB,,1,32.01
5,2017-07-11,nbody_50000000_original,7.10.1,nbody_6_original.js 50000000,79,1695222202,2836236,node,93.19,630960128,42754048,20799488,100.0,0.3,6.0,1.0,1:33,0,28278784,56700928,0,7232512,0.0,42754048,324,2,278,44,0,12.6,2.2,0.0,85.2,0.0,0.0,0.0,0.0,15794.9 MiB,3686.8 MiB,2204.5 MiB,9903.6 MiB,4096.0 MiB,3452.5 MiB,643.5 MiB,12894.7 MiB,,1,33.19
5,2017-07-11,nbody_50000000_original,7.10.1,nbody_6_original.js 50000000,80,1695222203,2836236,node,94.37,630960128,42754048,20799488,100.0,0.3,6.0,1.0,1:34,0,28278784,56700928,0,7232512,0.0,42754048,324,2,278,44,0,12.6,1.5,0.0,85.9,0.0,0.0,0.0,0.0,15794.9 MiB,3687.0 MiB,2204.2 MiB,9903.6 MiB,4096.0 MiB,3452.5 MiB,643.5 MiB,12894.9 MiB,,1,34.37
5,2017-07-11,nbody_50000000_original,7.10.1,nbody_6_original.js 50000000,81,1695222204,2836236,node,95.53999999999999,630960128,42754048,20799488,93.8,0.3,6.0,1.0,1:35,0,28278784,56700928,0,7232512,0.0,42754048,324,2,278,44,0,13.4,0.7,0.0,85.8,0.0,0.0,0.0,0.0,15794.9 MiB,3687.0 MiB,2204.2 MiB,9903.6 MiB,4096.0 MiB,3452.5 MiB,643.5 MiB,12894.9 MiB,,1,35.54
5,2017-07-11,nbody_50000000_original,7.10.1,nbody_6_original.js 50000000,82,1695222205,2836236,node,96.72,630960128,42754048,20799488,100.0,0.3,6.0,1.0,1:36,0,28278784,56700928,0,7232512,0.0,42754048,324,2,278,44,0,12.7,1.5,0.0,85.1,0.7,0.0,0.0,0.0,15794.9 MiB,3687.8 MiB,2203.5 MiB,9903.6 MiB,4096.0 MiB,3452.5 MiB,643.5 MiB,12895.7 MiB,,1,36.72
5,2017-07-11,nbody_50000000_original,7.10.1,nbody_6_original.js 50000000,83,1695222206,2836236,node,97.9,630960128,42754048,20799488,100.0,0.3,6.0,1.0,1:37,0,28278784,56700928,0,7232512,0.0,42754048,324,2,278,44,0,13.4,0.7,0.0,85.8,0.0,0.0,0.0,0.0,15794.9 MiB,3688.5 MiB,2202.8 MiB,9903.6 MiB,4096.0 MiB,3452.5 MiB,643.5 MiB,12896.4 MiB,,1,37.90
5,2017-07-11,nbody_50000000_original,7.10.1,nbody_6_original.js 50000000,84,1695222207,2836236,node,99.08,630960128,42754048,20799488,100.0,0.3,6.0,1.0,1:39,0,28278784,56700928,0,7232512,0.0,42754048,324,2,278,44,0,12.7,1.5,0.0,85.8,0.0,0.0,0.0,0.0,15794.9 MiB,3688.5 MiB,2202.8 MiB,9903.6 MiB,4096.0 MiB,3452.5 MiB,643.5 MiB,12896.4 MiB,,1,39.08
5,2017-07-11,nbody_50000000_original,7.10.1,nbody_6_original.js 50000000,85,1695222209,2836236,node,100.25999999999999,630960128,42754048,20799488,100.0,0.3,6.0,1.0,1:40,0,28278784,56700928,0,7232512,0.0,42754048,324,2,278,44,0,12.8,0.8,0.0,86.5,0.0,0.0,0.0,0.0,15794.9 MiB,3688.8 MiB,2202.5 MiB,9903.6 MiB,4096.0 MiB,3452.5 MiB,643.5 MiB,12896.7 MiB,,1,40.26
5,2017-07-11,nbody_50000000_original,7.10.1,nbody_6_original.js 50000000,86,1695222210,2836236,node,101.44,630960128,42754048,20799488,100.0,0.3,6.0,1.0,1:41,0,28278784,56700928,0,7232512,0.0,42754048,324,2,278,44,0,12.7,1.5,0.0,85.8,0.0,0.0,0.0,0.0,15794.9 MiB,3688.5 MiB,2202.8 MiB,9903.6 MiB,4096.0 MiB,3452.5 MiB,643.5 MiB,12896.4 MiB,,1,41.44
5,2017-07-11,nbody_50000000_original,7.10.1,nbody_6_original.js 50000000,87,1695222211,2836236,node,102.61,630960128,42754048,20799488,93.8,0.3,6.0,1.0,1:42,0,28278784,56700928,0,7232512,0.0,42754048,324,2,278,44,0,12.9,0.8,0.0,85.6,0.8,0.0,0.0,0.0,15794.9 MiB,3689.5 MiB,2201.8 MiB,9903.6 MiB,4096.0 MiB,3452.5 MiB,643.5 MiB,12897.4 MiB,,1,42.61
5,2017-07-11,nbody_50000000_original,7.10.1,nbody_6_original.js 50000000,88,1695222212,2836236,node,103.78999999999999,630960128,42754048,20799488,100.0,0.3,6.0,1.0,1:43,0,28278784,56700928,0,7232512,0.0,42754048,324,2,278,44,0,13.4,1.5,0.0,85.1,0.0,0.0,0.0,0.0,15794.9 MiB,3689.8 MiB,2201.5 MiB,9903.6 MiB,4096.0 MiB,3452.5 MiB,643.5 MiB,12897.7 MiB,,1,43.79
5,2017-07-11,nbody_50000000_original,7.10.1,nbody_6_original.js 50000000,89,1695222213,2836236,node,104.97,630960128,42754048,20799488,100.0,0.3,6.0,1.0,1:44,0,28278784,56700928,0,7232512,0.0,42754048,324,2,278,44,0,12.0,1.5,0.0,86.5,0.0,0.0,0.0,0.0,15794.9 MiB,3690.0 MiB,2201.3 MiB,9903.6 MiB,4096.0 MiB,3452.5 MiB,643.5 MiB,12897.9 MiB,,1,44.97
5,2017-07-11,nbody_50000000_original,7.10.1,nbody_6_original.js 50000000,90,1695222214,2836236,node,106.14,630960128,42754048,20799488,93.8,0.3,6.0,1.0,1:46,0,28278784,56700928,0,7232512,0.0,42754048,324,2,278,44,0,12.8,0.8,0.0,86.5,0.0,0.0,0.0,0.0,15794.9 MiB,3689.5 MiB,2201.8 MiB,9903.6 MiB,4096.0 MiB,3452.5 MiB,643.5 MiB,12897.4 MiB,,1,46.14
5,2017-07-11,nbody_50000000_original,7.10.1,nbody_6_original.js 50000000,91,1695222216,2836236,node,107.32,630960128,42754048,20799488,100.0,0.3,6.0,1.0,1:47,0,28278784,56700928,0,7232512,0.0,42754048,324,2,278,44,0,12.8,0.8,0.0,86.5,0.0,0.0,0.0,0.0,15794.9 MiB,3690.5 MiB,2200.8 MiB,9903.6 MiB,4096.0 MiB,3452.5 MiB,643.5 MiB,12898.4 MiB,,1,47.32
5,2017-07-11,nbody_50000000_original,7.10.1,nbody_6_original.js 50000000,92,1695222217,2836236,node,108.5,630960128,42754048,20799488,100.0,0.3,6.0,1.0,1:48,0,28278784,56700928,0,7232512,0.0,42754048,324,2,278,44,0,13.4,0.7,0.0,85.1,0.7,0.0,0.0,0.0,15794.9 MiB,3690.2 MiB,2201.0 MiB,9903.6 MiB,4096.0 MiB,3452.5 MiB,643.5 MiB,12898.2 MiB,,1,48.50
5,2017-07-11,nbody_50000000_original,7.10.1,nbody_6_original.js 50000000,93,1695222218,2836236,node,109.67,630960128,42754048,20799488,93.8,0.3,6.0,1.0,1:49,0,28278784,56700928,0,7232512,0.0,42754048,324,2,278,44,0,12.8,0.8,0.0,86.5,0.0,0.0,0.0,0.0,15794.9 MiB,3689.5 MiB,2201.7 MiB,9903.6 MiB,4096.0 MiB,3452.5 MiB,643.5 MiB,12897.4 MiB,,1,49.67
5,2017-07-11,nbody_50000000_original,7.10.1,nbody_6_original.js 50000000,94,1695222219,2836236,node,110.85,630960128,42754048,20799488,100.0,0.3,6.0,1.0,1:50,0,28278784,56700928,0,7232512,0.0,42754048,324,2,278,44,0,12.7,1.5,0.0,85.8,0.0,0.0,0.0,0.0,15794.9 MiB,3689.8 MiB,2201.5 MiB,9903.6 MiB,4096.0 MiB,3452.5 MiB,643.5 MiB,12897.7 MiB,,1,50.85
5,2017-07-11,nbody_50000000_original,7.10.1,nbody_6_original.js 50000000,95,1695222220,2836236,node,112.03,630960128,42754048,20799488,100.0,0.3,6.0,1.0,1:52,0,28278784,56700928,0,7232512,0.0,42754048,324,2,278,44,0,12.8,0.8,0.0,86.5,0.0,0.0,0.0,0.0,15794.9 MiB,3689.5 MiB,2201.7 MiB,9903.6 MiB,4096.0 MiB,3452.5 MiB,643.5 MiB,12897.4 MiB,,1,52.03
5,2017-07-11,nbody_50000000_original,7.10.1,nbody_6_original.js 50000000,96,1695222222,2836236,node,113.21000000000001,630960128,42754048,20799488,100.0,0.3,6.0,1.0,1:53,0,28278784,56700928,0,7232512,0.0,42754048,324,2,278,44,0,13.2,1.5,0.0,85.3,0.0,0.0,0.0,0.0,15794.9 MiB,3689.8 MiB,2201.5 MiB,9903.6 MiB,4096.0 MiB,3452.5 MiB,643.5 MiB,12897.7 MiB,,1,53.21
5,2017-07-11,nbody_50000000_original,7.10.1,nbody_6_original.js 50000000,97,1695222223,2836236,node,114.39,630960128,42754048,20799488,100.0,0.3,6.0,1.0,1:54,0,28278784,56700928,0,7232512,0.0,42754048,324,2,278,44,0,13.4,0.7,0.0,85.8,0.0,0.0,0.0,0.0,15794.9 MiB,3689.8 MiB,2201.5 MiB,9903.6 MiB,4096.0 MiB,3452.5 MiB,643.5 MiB,12897.7 MiB,,1,54.39
5,2017-07-11,nbody_50000000_original,7.10.1,nbody_6_original.js 50000000,98,1695222224,2836236,node,115.56,630960128,42754048,20799488,93.8,0.3,6.0,1.0,1:55,0,28278784,56700928,0,7232512,0.0,42754048,324,2,278,44,0,12.1,0.8,0.0,87.1,0.0,0.0,0.0,0.0,15794.9 MiB,3689.8 MiB,2201.5 MiB,9903.6 MiB,4096.0 MiB,3452.5 MiB,643.5 MiB,12897.7 MiB,,1,55.56
5,2017-07-11,nbody_50000000_original,7.10.1,nbody_6_original.js 50000000,99,1695222225,2836236,node,116.74000000000001,630960128,42754048,20799488,100.0,0.3,6.0,1.0,1:56,0,28278784,56700928,0,7232512,0.0,42754048,324,2,278,44,0,12.7,1.5,0.0,85.8,0.0,0.0,0.0,0.0,15794.9 MiB,3690.0 MiB,2201.2 MiB,9903.6 MiB,4096.0 MiB,3452.5 MiB,643.5 MiB,12897.9 MiB,,1,56.74
5,2017-07-11,nbody_50000000_original,7.10.1,nbody_6_original.js 50000000,100,1695222226,2836236,node,117.92,630960128,42754048,20799488,100.0,0.3,6.0,1.0,1:57,0,28278784,56700928,0,7232512,0.0,42754048,324,2,278,44,0,12.9,0.8,0.0,86.4,0.0,0.0,0.0,0.0,15794.9 MiB,3690.0 MiB,2201.2 MiB,9903.6 MiB,4096.0 MiB,3452.5 MiB,643.5 MiB,12897.9 MiB,,1,57.92
5,2017-07-11,nbody_50000000_original,7.10.1,nbody_6_original.js 50000000,101,1695222227,2836236,node,119.09,630960128,42754048,20799488,93.8,0.3,6.0,1.0,1:59,0,28278784,56700928,0,7232512,0.0,42754048,324,2,278,44,0,13.4,0.7,0.0,85.8,0.0,0.0,0.0,0.0,15794.9 MiB,3690.5 MiB,2200.8 MiB,9903.6 MiB,4096.0 MiB,3452.5 MiB,643.5 MiB,12898.4 MiB,,1,59.09
5,2017-07-11,nbody_50000000_original,7.10.1,nbody_6_original.js 50000000,102,1695222229,2836236,node,120.27,630960128,42754048,20799488,100.0,0.3,6.0,1.0,2:00,0,28278784,56700928,0,7232512,0.0,42754048,324,2,278,44,0,12.8,0.8,0.0,86.5,0.0,0.0,0.0,0.0,15794.9 MiB,3690.5 MiB,2200.7 MiB,9903.6 MiB,4096.0 MiB,3452.5 MiB,643.5 MiB,12898.4 MiB,,2,00.27
5,2017-07-11,nbody_50000000_original,7.10.1,nbody_6_original.js 50000000,103,1695222230,2836236,node,121.45,630960128,42754048,20799488,100.0,0.3,6.0,1.0,2:01,0,28278784,56700928,0,7232512,0.0,42754048,324,2,278,44,0,13.3,1.5,0.0,85.2,0.0,0.0,0.0,0.0,15794.9 MiB,3690.7 MiB,2200.5 MiB,9903.6 MiB,4096.0 MiB,3452.5 MiB,643.5 MiB,12898.7 MiB,,2,01.45
5,2017-07-11,nbody_50000000_original,7.10.1,nbody_6_original.js 50000000,104,1695222231,2836236,node,122.62,630960128,42754048,20799488,100.0,0.3,6.0,1.0,2:02,0,28278784,56700928,0,7232512,0.0,42754048,324,2,278,44,0,13.4,0.7,0.0,85.8,0.0,0.0,0.0,0.0,15794.9 MiB,3691.0 MiB,2200.2 MiB,9903.6 MiB,4096.0 MiB,3452.5 MiB,643.5 MiB,12899.0 MiB,,2,02.62
5,2017-07-11,nbody_50000000_original,7.10.1,nbody_6_original.js 50000000,105,1695222232,2836236,node,123.8,630960128,42754048,20799488,100.0,0.3,6.0,1.0,2:03,0,28278784,56700928,0,7232512,0.0,42754048,324,2,278,44,0,13.4,0.7,0.0,85.8,0.0,0.0,0.0,0.0,15794.9 MiB,3690.7 MiB,2200.5 MiB,9903.6 MiB,4096.0 MiB,3452.5 MiB,643.5 MiB,12898.7 MiB,,2,03.80
5,2017-07-11,nbody_50000000_original,7.10.1,nbody_6_original.js 50000000,106,1695222233,2836236,node,124.98,630960128,42754048,20799488,100.0,0.3,6.0,1.0,2:04,0,28278784,56700928,0,7232512,0.0,42754048,324,2,278,44,0,13.4,0.7,0.0,85.8,0.0,0.0,0.0,0.0,15794.9 MiB,3690.5 MiB,2200.7 MiB,9903.6 MiB,4096.0 MiB,3452.5 MiB,643.5 MiB,12898.5 MiB,,2,04.98
5,2017-07-11,nbody_50000000_original,7.10.1,nbody_6_original.js 50000000,107,1695222234,2836236,node,126.16,630960128,42754048,20799488,100.0,0.3,6.0,5.0,2:06,0,28278784,56700928,0,7232512,0.0,42754048,324,2,278,44,0,12.7,1.5,0.0,85.8,0.0,0.0,0.0,0.0,15794.9 MiB,3690.5 MiB,2200.7 MiB,9903.6 MiB,4096.0 MiB,3452.5 MiB,643.5 MiB,12898.5 MiB,,2,06.16
5,2017-07-11,nbody_50000000_original,7.10.1,nbody_6_original.js 50000000,108,1695222236,2836236,node,127.34,630960128,42754048,20799488,106.7,0.3,6.0,5.0,2:07,0,28278784,56700928,0,7232512,0.0,42754048,324,2,278,44,0,13.4,0.7,0.0,85.8,0.0,0.0,0.0,0.0,15794.9 MiB,3690.5 MiB,2200.7 MiB,9903.6 MiB,4096.0 MiB,3452.5 MiB,643.5 MiB,12898.5 MiB,,2,07.34
5,2017-07-11,nbody_50000000_original,7.10.1,nbody_6_original.js 50000000,109,1695222237,2836236,node,128.51,630960128,42754048,20799488,93.8,0.3,6.0,5.0,2:08,0,28278784,56700928,0,7232512,0.0,42754048,324,2,278,44,0,12.9,0.8,0.0,86.4,0.0,0.0,0.0,0.0,15794.9 MiB,3690.5 MiB,2200.7 MiB,9903.6 MiB,4096.0 MiB,3452.5 MiB,643.5 MiB,12898.5 MiB,,2,08.51
5,2017-07-11,nbody_50000000_original,7.10.1,nbody_6_original.js 50000000,110,1695222238,2836236,node,129.69,630960128,42754048,20799488,100.0,0.3,6.0,5.0,2:09,0,28278784,56700928,0,7232512,0.0,42754048,324,2,278,44,0,12.6,1.5,0.0,85.9,0.0,0.0,0.0,0.0,15794.9 MiB,3690.0 MiB,2201.2 MiB,9903.6 MiB,4096.0 MiB,3452.5 MiB,643.5 MiB,12898.0 MiB,,2,09.69
5,2017-07-11,nbody_50000000_original,7.10.1,nbody_6_original.js 50000000,111,1695222239,2836236,node,130.87,630960128,42754048,20799488,100.0,0.3,6.0,5.0,2:10,0,28278784,56700928,0,7232512,0.0,42754048,324,2,278,44,0,13.5,0.0,0.0,86.5,0.0,0.0,0.0,0.0,15794.9 MiB,3689.8 MiB,2201.5 MiB,9903.6 MiB,4096.0 MiB,3452.5 MiB,643.5 MiB,12897.7 MiB,,2,10.87
5,2017-07-11,nbody_50000000_original,7.10.1,nbody_6_original.js 50000000,112,1695222240,2836236,node,132.05,630960128,42754048,20799488,106.7,0.3,6.0,5.0,2:12,0,28278784,56700928,0,7232512,0.0,42754048,324,2,278,44,0,12.8,0.8,0.0,86.5,0.0,0.0,0.0,0.0,15794.9 MiB,3689.3 MiB,2201.9 MiB,9903.7 MiB,4096.0 MiB,3452.5 MiB,643.5 MiB,12897.2 MiB,,2,12.05
5,2017-07-11,nbody_50000000_original,7.10.1,nbody_6_original.js 50000000,113,1695222242,2836236,node,133.22,630960128,42754048,20799488,93.8,0.3,6.0,5.0,2:13,0,28278784,56700928,0,7232512,0.0,42754048,324,2,278,44,0,13.5,0.8,0.0,85.7,0.0,0.0,0.0,0.0,15794.9 MiB,3689.8 MiB,2201.5 MiB,9903.6 MiB,4096.0 MiB,3452.5 MiB,643.5 MiB,12897.7 MiB,,2,13.22
5,2017-07-11,nbody_50000000_original,7.10.1,nbody_6_original.js 50000000,114,1695222243,2836236,node,134.4,630960128,42754048,20799488,100.0,0.3,6.0,5.0,2:14,0,28278784,56700928,0,7232512,0.0,42754048,324,2,278,44,0,13.4,1.5,0.0,85.1,0.0,0.0,0.0,0.0,15794.9 MiB,3689.8 MiB,2201.4 MiB,9903.7 MiB,4096.0 MiB,3452.5 MiB,643.5 MiB,12897.7 MiB,,2,14.40
5,2017-07-11,nbody_50000000_original,7.10.1,nbody_6_original.js 50000000,115,1695222244,2836236,node,135.58,630960128,42754048,20799488,100.0,0.3,6.0,5.0,2:15,0,28278784,56700928,0,7232512,0.0,42754048,324,2,278,44,0,14.6,1.5,0.0,83.9,0.0,0.0,0.0,0.0,15794.9 MiB,3689.8 MiB,2201.4 MiB,9903.7 MiB,4096.0 MiB,3452.5 MiB,643.5 MiB,12897.7 MiB,,2,15.58
5,2017-07-11,nbody_50000000_original,7.10.1,nbody_6_original.js 50000000,116,1695222245,2836236,node,136.76,630960128,42754048,20799488,100.0,0.3,6.0,5.0,2:16,0,28278784,56700928,0,7232512,0.0,42754048,324,2,278,44,0,12.8,0.8,0.0,86.5,0.0,0.0,0.0,0.0,15794.9 MiB,3690.5 MiB,2200.7 MiB,9903.7 MiB,4096.0 MiB,3452.5 MiB,643.5 MiB,12898.5 MiB,,2,16.76
5,2017-07-11,nbody_50000000_original,7.10.1,nbody_6_original.js 50000000,117,1695222246,2836236,node,137.94,630960128,42754048,20799488,100.0,0.3,6.0,5.0,2:17,0,28278784,56700928,0,7232512,0.0,42754048,324,2,278,44,0,12.7,1.5,0.0,85.8,0.0,0.0,0.0,0.0,15794.9 MiB,3690.3 MiB,2201.0 MiB,9903.7 MiB,4096.0 MiB,3452.5 MiB,643.5 MiB,12898.2 MiB,,2,17.94
5,2017-07-11,nbody_50000000_original,7.10.1,nbody_6_original.js 50000000,118,1695222247,2836236,node,139.11,630960128,42754048,20799488,100.0,0.3,6.0,5.0,2:19,0,28278784,56700928,0,7232512,0.0,42754048,324,2,278,44,0,13.4,0.7,0.0,85.8,0.0,0.0,0.0,0.0,15794.9 MiB,3690.3 MiB,2201.0 MiB,9903.7 MiB,4096.0 MiB,3452.5 MiB,643.5 MiB,12898.2 MiB,,2,19.11
5,2017-07-11,nbody_50000000_original,7.10.1,nbody_6_original.js 50000000,119,1695222249,2836236,node,140.28,630960128,42754048,20799488,93.8,0.3,6.0,5.0,2:20,0,28278784,56700928,0,7232512,0.0,42754048,324,2,278,44,0,12.9,0.8,0.0,86.4,0.0,0.0,0.0,0.0,15794.9 MiB,3690.8 MiB,2200.5 MiB,9903.7 MiB,4096.0 MiB,3452.5 MiB,643.5 MiB,12898.7 MiB,,2,20.28
5,2017-07-11,nbody_50000000_original,7.10.1,nbody_6_original.js 50000000,120,1695222250,2836236,node,141.46,630960128,42754048,20799488,106.7,0.3,6.0,5.0,2:21,0,28278784,56700928,0,7232512,0.0,42754048,324,2,278,44,0,12.8,0.8,0.0,86.5,0.0,0.0,0.0,0.0,15794.9 MiB,3691.0 MiB,2200.2 MiB,9903.7 MiB,4096.0 MiB,3452.5 MiB,643.5 MiB,12899.0 MiB,,2,21.46
5,2017-07-11,nbody_50000000_original,7.10.1,nbody_6_original.js 50000000,121,1695222251,2836236,node,142.64,630960128,42754048,20799488,100.0,0.3,6.0,5.0,2:22,0,28278784,56700928,0,7232512,0.0,42754048,324,2,278,44,0,12.7,1.5,0.0,85.8,0.0,0.0,0.0,0.0,15794.9 MiB,3691.0 MiB,2200.2 MiB,9903.7 MiB,4096.0 MiB,3452.5 MiB,643.5 MiB,12899.0 MiB,,2,22.64
5,2017-07-11,nbody_50000000_original,7.10.1,nbody_6_original.js 50000000,122,1695222252,2836236,node,143.82,630960128,42754048,20799488,100.0,0.3,6.0,5.0,2:23,0,28278784,56700928,0,7232512,0.0,42754048,324,2,278,44,0,12.1,0.8,0.0,87.1,0.0,0.0,0.0,0.0,15794.9 MiB,3691.5 MiB,2199.7 MiB,9903.7 MiB,4096.0 MiB,3452.5 MiB,643.5 MiB,12899.5 MiB,,2,23.82
5,2017-07-11,nbody_50000000_original,7.10.1,nbody_6_original.js 50000000,123,1695222253,2836236,node,144.99,630960128,42754048,20799488,100.0,0.3,6.0,5.0,2:24,0,28278784,56700928,0,7232512,0.0,42754048,324,2,278,44,0,12.0,1.5,0.0,86.5,0.0,0.0,0.0,0.0,15794.9 MiB,3691.5 MiB,2199.7 MiB,9903.7 MiB,4096.0 MiB,3452.5 MiB,643.5 MiB,12899.5 MiB,,2,24.99
5,2017-07-11,nbody_50000000_original,7.10.1,nbody_6_original.js 50000000,124,1695222255,2836236,node,146.17000000000002,630960128,42754048,20799488,100.0,0.3,6.0,5.0,2:26,0,28278784,56700928,0,7232512,0.0,42754048,324,2,278,44,0,13.4,0.7,0.0,85.8,0.0,0.0,0.0,0.0,15794.9 MiB,3692.2 MiB,2199.0 MiB,9903.7 MiB,4096.0 MiB,3452.5 MiB,643.5 MiB,12900.2 MiB,,2,26.17
5,2017-07-11,nbody_50000000_original,7.10.1,nbody_6_original.js 50000000,125,1695222256,2836236,node,147.35,630960128,42754048,20799488,100.0,0.3,6.0,5.0,2:27,0,28278784,56700928,0,7232512,0.0,42754048,324,2,278,44,0,13.4,1.5,0.0,85.1,0.0,0.0,0.0,0.0,15794.9 MiB,3692.2 MiB,2199.0 MiB,9903.7 MiB,4096.0 MiB,3452.5 MiB,643.5 MiB,12900.2 MiB,,2,27.35
5,2017-07-11,nbody_50000000_original,7.10.1,nbody_6_original.js 50000000,126,1695222257,2836236,node,148.53,630960128,42754048,20799488,100.0,0.3,6.0,5.0,2:28,0,28278784,56700928,0,7232512,0.0,42754048,324,2,278,44,0,12.8,0.8,0.0,85.7,0.8,0.0,0.0,0.0,15794.9 MiB,3692.7 MiB,2198.5 MiB,9903.7 MiB,4096.0 MiB,3452.5 MiB,643.5 MiB,12900.7 MiB,,2,28.53
5,2017-07-11,nbody_50000000_original,7.10.1,nbody_6_original.js 50000000,127,1695222258,2836236,node,149.7,630960128,42754048,20799488,100.0,0.3,6.0,1.0,2:29,0,28278784,56700928,0,7232512,0.0,42754048,324,2,278,44,0,12.7,1.5,0.0,85.8,0.0,0.0,0.0,0.0,15794.9 MiB,3692.7 MiB,2198.5 MiB,9903.7 MiB,4096.0 MiB,3452.5 MiB,643.5 MiB,12900.7 MiB,,2,29.70
5,2017-07-11,nbody_50000000_original,7.10.1,nbody_6_original.js 50000000,128,1695222259,2836236,node,150.88,630960128,42754048,20799488,100.0,0.3,6.0,1.0,2:30,0,28278784,56700928,0,7232512,0.0,42754048,324,2,278,44,0,14.6,1.5,0.0,83.9,0.0,0.0,0.0,0.0,15794.9 MiB,3693.7 MiB,2197.5 MiB,9903.7 MiB,4096.0 MiB,3452.5 MiB,643.5 MiB,12901.7 MiB,,2,30.88
5,2017-07-11,nbody_50000000_original,7.10.1,nbody_6_original.js 50000000,129,1695222260,2836236,node,152.06,630960128,42754048,20799488,100.0,0.3,6.0,1.0,2:32,0,28278784,56700928,0,7232512,0.0,42754048,324,2,278,44,0,12.8,0.8,0.0,86.5,0.0,0.0,0.0,0.0,15794.9 MiB,3693.5 MiB,2197.7 MiB,9903.7 MiB,4096.0 MiB,3452.5 MiB,643.5 MiB,12901.5 MiB,,2,32.06
5,2017-07-11,nbody_50000000_original,7.10.1,nbody_6_original.js 50000000,130,1695222262,2836236,node,153.23,630960128,42754048,20799488,100.0,0.3,6.0,1.0,2:33,0,28278784,56700928,0,7232512,0.0,42754048,324,2,278,44,0,13.4,0.7,0.0,85.8,0.0,0.0,0.0,0.0,15794.9 MiB,3693.0 MiB,2198.2 MiB,9903.7 MiB,4096.0 MiB,3452.5 MiB,643.5 MiB,12901.0 MiB,,2,33.23
5,2017-07-11,nbody_50000000_original,7.10.1,nbody_6_original.js 50000000,131,1695222263,2836236,node,154.41,630960128,42754048,20799488,106.7,0.3,6.0,1.0,2:34,0,28278784,56700928,0,7232512,0.0,42754048,324,2,278,44,0,12.8,0.8,0.0,86.5,0.0,0.0,0.0,0.0,15794.9 MiB,3693.0 MiB,2198.2 MiB,9903.7 MiB,4096.0 MiB,3452.5 MiB,643.5 MiB,12901.0 MiB,,2,34.41
5,2017-07-11,nbody_50000000_original,7.10.1,nbody_6_original.js 50000000,132,1695222264,2836236,node,155.59,630960128,42754048,20799488,100.0,0.3,6.0,1.0,2:35,0,28278784,56700928,0,7232512,0.0,42754048,324,2,278,44,0,12.1,0.8,0.0,87.1,0.0,0.0,0.0,0.0,15794.9 MiB,3693.0 MiB,2198.2 MiB,9903.7 MiB,4096.0 MiB,3452.5 MiB,643.5 MiB,12901.0 MiB,,2,35.59
6,2017-07-11,nbody_50000000_original,7.10.1,nbody_6_original.js 50000000,0,1695222265,2837062,node,0.15,618377216,30322688,20799488,93.8,0.2,6.0,1.0,0:00,0,28278784,44118016,0,4088832,0.0,30322688,324,2,278,44,0,13.7,1.5,0.0,84.7,0.0,0.0,0.0,0.0,15794.9 MiB,3693.0 MiB,2190.2 MiB,9911.7 MiB,4096.0 MiB,3452.5 MiB,643.5 MiB,12901.0 MiB,,0,00.15
6,2017-07-11,nbody_50000000_original,7.10.1,nbody_6_original.js 50000000,1,1695222266,2837062,node,1.33,618377216,30322688,20799488,100.0,0.2,6.0,1.0,0:01,0,28278784,44118016,0,4088832,0.0,30322688,324,2,278,44,0,13.2,1.5,0.0,85.3,0.0,0.0,0.0,0.0,15794.9 MiB,3692.5 MiB,2190.5 MiB,9911.9 MiB,4096.0 MiB,3452.5 MiB,643.5 MiB,12900.5 MiB,,0,01.33
6,2017-07-11,nbody_50000000_original,7.10.1,nbody_6_original.js 50000000,2,1695222267,2837062,node,2.51,618377216,30322688,20799488,100.0,0.2,6.0,1.0,0:02,0,28278784,44118016,0,4088832,0.0,30322688,324,2,278,44,0,13.5,0.8,0.0,85.7,0.0,0.0,0.0,0.0,15794.9 MiB,3695.8 MiB,2195.1 MiB,9904.0 MiB,4096.0 MiB,3452.5 MiB,643.5 MiB,12903.8 MiB,,0,02.51
6,2017-07-11,nbody_50000000_original,7.10.1,nbody_6_original.js 50000000,3,1695222269,2837062,node,3.69,618377216,30322688,20799488,100.0,0.2,6.0,1.0,0:03,0,28278784,44118016,0,4088832,0.0,30322688,324,2,278,44,0,12.8,1.5,0.0,85.7,0.0,0.0,0.0,0.0,15794.9 MiB,3695.9 MiB,2195.0 MiB,9903.9 MiB,4096.0 MiB,3452.5 MiB,643.5 MiB,12904.0 MiB,,0,03.69
6,2017-07-11,nbody_50000000_original,7.10.1,nbody_6_original.js 50000000,4,1695222270,2837062,node,4.86,618377216,30322688,20799488,100.0,0.2,6.0,1.0,0:04,0,28278784,44118016,0,4088832,0.0,30322688,324,2,278,44,0,13.3,2.2,0.0,84.4,0.0,0.0,0.0,0.0,15794.9 MiB,3696.2 MiB,2194.8 MiB,9903.9 MiB,4096.0 MiB,3452.5 MiB,643.5 MiB,12904.2 MiB,,0,04.86
6,2017-07-11,nbody_50000000_original,7.10.1,nbody_6_original.js 50000000,5,1695222271,2837062,node,6.04,618377216,30322688,20799488,100.0,0.2,6.0,1.0,0:06,0,28278784,44118016,0,4088832,0.0,30322688,324,2,278,44,0,13.3,1.5,0.0,85.2,0.0,0.0,0.0,0.0,15794.9 MiB,3697.4 MiB,2193.6 MiB,9903.9 MiB,4096.0 MiB,3452.5 MiB,643.5 MiB,12905.4 MiB,,0,06.04
6,2017-07-11,nbody_50000000_original,7.10.1,nbody_6_original.js 50000000,6,1695222272,2837062,node,7.23,618377216,30322688,20799488,100.0,0.2,6.0,1.0,0:07,0,28278784,44118016,0,4088832,0.0,30322688,324,2,278,44,0,12.8,0.8,0.0,86.5,0.0,0.0,0.0,0.0,15794.9 MiB,3697.2 MiB,2193.8 MiB,9903.9 MiB,4096.0 MiB,3452.5 MiB,643.5 MiB,12905.2 MiB,,0,07.23
6,2017-07-11,nbody_50000000_original,7.10.1,nbody_6_original.js 50000000,7,1695222273,2837062,node,8.41,618377216,30322688,20799488,100.0,0.2,6.0,1.0,0:08,0,28278784,44118016,0,4088832,0.0,30322688,324,2,278,44,0,12.7,0.7,0.0,86.6,0.0,0.0,0.0,0.0,15794.9 MiB,3696.7 MiB,2194.3 MiB,9903.9 MiB,4096.0 MiB,3452.5 MiB,643.5 MiB,12904.7 MiB,,0,08.41
6,2017-07-11,nbody_50000000_original,7.10.1,nbody_6_original.js 50000000,8,1695222275,2837062,node,9.58,622571520,34373632,20799488,93.8,0.2,6.0,1.0,0:09,0,28278784,48312320,0,5137408,0.0,34373632,324,2,278,44,0,13.3,0.7,0.0,85.9,0.0,0.0,0.0,0.0,15794.9 MiB,3692.0 MiB,2199.0 MiB,9903.9 MiB,4096.0 MiB,3452.5 MiB,643.5 MiB,12900.0 MiB,,0,09.58
6,2017-07-11,nbody_50000000_original,7.10.1,nbody_6_original.js 50000000,9,1695222276,2837062,node,10.76,622571520,34373632,20799488,100.0,0.2,6.0,1.0,0:10,0,28278784,48312320,0,5137408,0.0,34373632,324,2,278,44,0,14.2,0.0,0.0,85.8,0.0,0.0,0.0,0.0,15794.9 MiB,3691.8 MiB,2199.2 MiB,9903.9 MiB,4096.0 MiB,3452.5 MiB,643.5 MiB,12899.8 MiB,,0,10.76
6,2017-07-11,nbody_50000000_original,7.10.1,nbody_6_original.js 50000000,10,1695222277,2837062,node,11.94,622571520,34373632,20799488,100.0,0.2,6.0,1.0,0:11,0,28278784,48312320,0,5137408,0.0,34373632,324,2,278,44,0,12.8,0.8,0.0,86.5,0.0,0.0,0.0,0.0,15794.9 MiB,3691.0 MiB,2200.0 MiB,9903.9 MiB,4096.0 MiB,3452.5 MiB,643.5 MiB,12899.1 MiB,,0,11.94
6,2017-07-11,nbody_50000000_original,7.10.1,nbody_6_original.js 50000000,11,1695222278,2837062,node,13.11,622571520,34373632,20799488,93.8,0.2,6.0,1.0,0:13,0,28278784,48312320,0,5137408,0.0,34373632,324,2,278,44,0,12.7,1.5,0.0,85.8,0.0,0.0,0.0,0.0,15794.9 MiB,3691.3 MiB,2199.7 MiB,9903.9 MiB,4096.0 MiB,3452.5 MiB,643.5 MiB,12899.3 MiB,,0,13.11
6,2017-07-11,nbody_50000000_original,7.10.1,nbody_6_original.js 50000000,12,1695222279,2837062,node,14.29,622571520,34373632,20799488,100.0,0.2,6.0,1.0,0:14,0,28278784,48312320,0,5137408,0.0,34373632,324,2,278,44,0,12.7,1.5,0.0,85.8,0.0,0.0,0.0,0.0,15794.9 MiB,3691.8 MiB,2199.2 MiB,9903.9 MiB,4096.0 MiB,3452.5 MiB,643.5 MiB,12899.8 MiB,,0,14.29
6,2017-07-11,nbody_50000000_original,7.10.1,nbody_6_original.js 50000000,13,1695222280,2837062,node,15.47,622571520,34373632,20799488,100.0,0.2,6.0,1.0,0:15,0,28278784,48312320,0,5137408,0.0,34373632,324,2,278,44,0,13.4,0.7,0.0,85.8,0.0,0.0,0.0,0.0,15794.9 MiB,3691.8 MiB,2199.2 MiB,9903.9 MiB,4096.0 MiB,3452.5 MiB,643.5 MiB,12899.8 MiB,,0,15.47
6,2017-07-11,nbody_50000000_original,7.10.1,nbody_6_original.js 50000000,14,1695222282,2837062,node,16.65,622571520,34373632,20799488,100.0,0.2,6.0,1.0,0:16,0,28278784,48312320,0,5137408,0.0,34373632,324,2,278,44,0,13.3,0.7,0.0,85.2,0.0,0.0,0.7,0.0,15794.9 MiB,3691.0 MiB,2199.9 MiB,9903.9 MiB,4096.0 MiB,3452.5 MiB,643.5 MiB,12899.1 MiB,,0,16.65
6,2017-07-11,nbody_50000000_original,7.10.1,nbody_6_original.js 50000000,15,1695222283,2837062,node,17.82,622571520,34373632,20799488,100.0,0.2,6.0,1.0,0:17,0,28278784,48312320,0,5137408,0.0,34373632,324,2,278,44,0,12.8,0.8,0.0,86.5,0.0,0.0,0.0,0.0,15794.9 MiB,3691.3 MiB,2199.7 MiB,9903.9 MiB,4096.0 MiB,3452.5 MiB,643.5 MiB,12899.3 MiB,,0,17.82
6,2017-07-11,nbody_50000000_original,7.10.1,nbody_6_original.js 50000000,16,1695222284,2837062,node,19.0,622571520,34373632,20799488,100.0,0.2,6.0,1.0,0:19,0,28278784,48312320,0,5137408,0.0,34373632,324,2,278,44,0,13.3,1.5,0.0,85.2,0.0,0.0,0.0,0.0,15794.9 MiB,3692.0 MiB,2199.0 MiB,9903.9 MiB,4096.0 MiB,3452.5 MiB,643.5 MiB,12900.0 MiB,,0,19.00
6,2017-07-11,nbody_50000000_original,7.10.1,nbody_6_original.js 50000000,17,1695222285,2837062,node,20.18,622571520,34373632,20799488,100.0,0.2,6.0,1.0,0:20,0,28278784,48312320,0,5137408,0.0,34373632,324,2,278,44,0,12.7,1.5,0.0,85.1,0.7,0.0,0.0,0.0,15794.9 MiB,3692.0 MiB,2199.0 MiB,9903.9 MiB,4096.0 MiB,3452.5 MiB,643.5 MiB,12900.0 MiB,,0,20.18
6,2017-07-11,nbody_50000000_original,7.10.1,nbody_6_original.js 50000000,18,1695222286,2837062,node,21.36,622571520,34373632,20799488,100.0,0.2,6.0,1.0,0:21,0,28278784,48312320,0,5137408,0.0,34373632,324,2,278,44,0,12.7,1.5,0.0,85.8,0.0,0.0,0.0,0.0,15794.9 MiB,3691.3 MiB,2199.7 MiB,9903.9 MiB,4096.0 MiB,3452.5 MiB,643.5 MiB,12899.3 MiB,,0,21.36
6,2017-07-11,nbody_50000000_original,7.10.1,nbody_6_original.js 50000000,19,1695222287,2837062,node,22.53,622571520,34373632,20799488,93.8,0.2,6.0,1.0,0:22,0,28278784,48312320,0,5137408,0.0,34373632,324,2,278,44,0,14.0,1.5,0.0,84.6,0.0,0.0,0.0,0.0,15794.9 MiB,3691.3 MiB,2199.7 MiB,9903.9 MiB,4096.0 MiB,3452.5 MiB,643.5 MiB,12899.3 MiB,,0,22.53
6,2017-07-11,nbody_50000000_original,7.10.1,nbody_6_original.js 50000000,20,1695222289,2837062,node,23.71,622571520,34373632,20799488,100.0,0.2,6.0,1.0,0:23,0,28278784,48312320,0,5137408,0.0,34373632,324,2,278,44,0,12.7,1.5,0.0,85.8,0.0,0.0,0.0,0.0,15794.9 MiB,3691.5 MiB,2199.4 MiB,9903.9 MiB,4096.0 MiB,3452.5 MiB,643.5 MiB,12899.6 MiB,,0,23.71
6,2017-07-11,nbody_50000000_original,7.10.1,nbody_6_original.js 50000000,21,1695222290,2837062,node,24.89,622571520,34373632,20799488,100.0,0.2,6.0,1.0,0:24,0,28278784,48312320,0,5137408,0.0,34373632,324,2,278,44,0,13.3,1.5,0.0,85.2,0.0,0.0,0.0,0.0,15794.9 MiB,3692.0 MiB,2199.0 MiB,9903.9 MiB,4096.0 MiB,3452.5 MiB,643.5 MiB,12900.0 MiB,,0,24.89
6,2017-07-11,nbody_50000000_original,7.10.1,nbody_6_original.js 50000000,22,1695222291,2837062,node,26.07,622571520,34373632,20799488,100.0,0.2,6.0,1.0,0:26,0,28278784,48312320,0,5137408,0.0,34373632,324,2,278,44,0,13.4,0.7,0.0,85.8,0.0,0.0,0.0,0.0,15794.9 MiB,3691.8 MiB,2199.2 MiB,9903.9 MiB,4096.0 MiB,3452.5 MiB,643.5 MiB,12899.8 MiB,,0,26.07
6,2017-07-11,nbody_50000000_original,7.10.1,nbody_6_original.js 50000000,23,1695222292,2837062,node,27.24,622571520,34373632,20799488,100.0,0.2,6.0,5.0,0:27,0,28278784,48312320,0,5137408,0.0,34373632,324,2,278,44,0,12.7,2.2,0.0,85.1,0.0,0.0,0.0,0.0,15794.9 MiB,3691.5 MiB,2199.4 MiB,9903.9 MiB,4096.0 MiB,3452.5 MiB,643.5 MiB,12899.6 MiB,,0,27.24
6,2017-07-11,nbody_50000000_original,7.10.1,nbody_6_original.js 50000000,24,1695222293,2837062,node,28.42,622571520,34373632,20799488,100.0,0.2,6.0,5.0,0:28,0,28278784,48312320,0,5137408,0.0,34373632,324,2,278,44,0,12.8,0.8,0.0,86.5,0.0,0.0,0.0,0.0,15794.9 MiB,3691.5 MiB,2199.4 MiB,9903.9 MiB,4096.0 MiB,3452.5 MiB,643.5 MiB,12899.6 MiB,,0,28.42
6,2017-07-11,nbody_50000000_original,7.10.1,nbody_6_original.js 50000000,25,1695222295,2837062,node,29.6,622571520,34373632,20799488,100.0,0.2,6.0,5.0,0:29,0,28278784,48312320,0,5137408,0.0,34373632,324,2,278,44,0,12.8,0.8,0.0,86.5,0.0,0.0,0.0,0.0,15794.9 MiB,3691.5 MiB,2199.4 MiB,9903.9 MiB,4096.0 MiB,3452.5 MiB,643.5 MiB,12899.6 MiB,,0,29.60
6,2017-07-11,nbody_50000000_original,7.10.1,nbody_6_original.js 50000000,26,1695222296,2837062,node,30.77,622571520,34373632,20799488,93.8,0.2,6.0,1.0,0:30,0,28278784,48312320,0,5137408,0.0,34373632,324,2,278,44,0,13.4,0.7,0.0,85.8,0.0,0.0,0.0,0.0,15794.9 MiB,3691.5 MiB,2199.4 MiB,9903.9 MiB,4096.0 MiB,3452.5 MiB,643.5 MiB,12899.6 MiB,,0,30.77
6,2017-07-11,nbody_50000000_original,7.10.1,nbody_6_original.js 50000000,27,1695222297,2837062,node,31.95,622571520,34373632,20799488,100.0,0.2,6.0,1.0,0:31,0,28278784,48312320,0,5137408,0.0,34373632,324,2,278,44,0,13.3,1.5,0.0,84.4,0.7,0.0,0.0,0.0,15794.9 MiB,3691.5 MiB,2199.4 MiB,9903.9 MiB,4096.0 MiB,3452.5 MiB,643.5 MiB,12899.6 MiB,,0,31.95
6,2017-07-11,nbody_50000000_original,7.10.1,nbody_6_original.js 50000000,28,1695222298,2837062,node,33.13,622571520,34373632,20799488,100.0,0.2,6.0,1.0,0:33,0,28278784,48312320,0,5137408,0.0,34373632,324,2,278,44,0,13.5,0.8,0.0,85.7,0.0,0.0,0.0,0.0,15794.9 MiB,3692.0 MiB,2198.9 MiB,9903.9 MiB,4096.0 MiB,3452.5 MiB,643.5 MiB,12900.1 MiB,,0,33.13
6,2017-07-11,nbody_50000000_original,7.10.1,nbody_6_original.js 50000000,29,1695222299,2837062,node,34.3,622571520,34373632,20799488,93.8,0.2,6.0,1.0,0:34,0,28278784,48312320,0,5137408,0.0,34373632,324,2,278,44,0,13.4,0.7,0.0,85.8,0.0,0.0,0.0,0.0,15794.9 MiB,3692.3 MiB,2198.7 MiB,9903.9 MiB,4096.0 MiB,3452.5 MiB,643.5 MiB,12900.3 MiB,,0,34.30
6,2017-07-11,nbody_50000000_original,7.10.1,nbody_6_original.js 50000000,30,1695222300,2837062,node,35.48,622571520,34373632,20799488,100.0,0.2,6.0,1.0,0:35,0,28278784,48312320,0,5137408,0.0,34373632,324,2,278,44,0,14.8,3.7,0.0,81.5,0.0,0.0,0.0,0.0,15794.9 MiB,3692.3 MiB,2198.7 MiB,9903.9 MiB,4096.0 MiB,3452.5 MiB,643.5 MiB,12900.3 MiB,,0,35.48
6,2017-07-11,nbody_50000000_original,7.10.1,nbody_6_original.js 50000000,31,1695222302,2837062,node,36.66,622571520,34373632,20799488,100.0,0.2,6.0,1.0,0:36,0,28278784,48312320,0,5137408,0.0,34373632,324,2,278,44,0,13.5,0.0,0.0,86.5,0.0,0.0,0.0,0.0,15794.9 MiB,3694.2 MiB,2196.7 MiB,9903.9 MiB,4096.0 MiB,3452.5 MiB,643.5 MiB,12902.3 MiB,,0,36.66
6,2017-07-11,nbody_50000000_original,7.10.1,nbody_6_original.js 50000000,32,1695222303,2837062,node,37.84,622571520,34373632,20799488,100.0,0.2,6.0,1.0,0:37,0,28278784,48312320,0,5137408,0.0,34373632,324,2,278,44,0,13.4,1.5,0.0,85.1,0.0,0.0,0.0,0.0,15794.9 MiB,3694.0 MiB,2196.9 MiB,9903.9 MiB,4096.0 MiB,3452.5 MiB,643.5 MiB,12902.1 MiB,,0,37.84
6,2017-07-11,nbody_50000000_original,7.10.1,nbody_6_original.js 50000000,33,1695222304,2837062,node,39.02,622571520,34373632,20799488,100.0,0.2,6.0,1.0,0:39,0,28278784,48312320,0,5137408,0.0,34373632,324,2,278,44,0,12.8,0.8,0.0,86.5,0.0,0.0,0.0,0.0,15794.9 MiB,3694.0 MiB,2196.9 MiB,9903.9 MiB,4096.0 MiB,3452.5 MiB,643.5 MiB,12902.1 MiB,,0,39.02
6,2017-07-11,nbody_50000000_original,7.10.1,nbody_6_original.js 50000000,34,1695222305,2837062,node,40.19,622571520,34373632,20799488,100.0,0.2,6.0,1.0,0:40,0,28278784,48312320,0,5137408,0.0,34373632,324,2,278,44,0,12.7,1.5,0.0,85.8,0.0,0.0,0.0,0.0,15794.9 MiB,3693.2 MiB,2197.7 MiB,9903.9 MiB,4096.0 MiB,3452.5 MiB,643.5 MiB,12901.3 MiB,,0,40.19
6,2017-07-11,nbody_50000000_original,7.10.1,nbody_6_original.js 50000000,35,1695222306,2837062,node,41.37,622571520,34373632,20799488,100.0,0.2,6.0,1.0,0:41,0,28278784,48312320,0,5137408,0.0,34373632,324,2,278,44,0,12.7,2.2,0.0,85.1,0.0,0.0,0.0,0.0,15794.9 MiB,3693.0 MiB,2197.9 MiB,9903.9 MiB,4096.0 MiB,3452.5 MiB,643.5 MiB,12901.1 MiB,,0,41.37
6,2017-07-11,nbody_50000000_original,7.10.1,nbody_6_original.js 50000000,36,1695222307,2837062,node,42.55,622571520,34373632,20799488,100.0,0.2,6.0,1.0,0:42,0,28278784,48312320,0,5137408,0.0,34373632,324,2,278,44,0,12.8,0.8,0.0,86.5,0.0,0.0,0.0,0.0,15794.9 MiB,3693.0 MiB,2197.9 MiB,9903.9 MiB,4096.0 MiB,3452.5 MiB,643.5 MiB,12901.1 MiB,,0,42.55
6,2017-07-11,nbody_50000000_original,7.10.1,nbody_6_original.js 50000000,37,1695222309,2837062,node,43.72,622571520,34373632,20799488,100.0,0.2,6.0,1.0,0:43,0,28278784,48312320,0,5137408,0.0,34373632,324,2,278,44,0,12.7,1.5,0.0,85.8,0.0,0.0,0.0,0.0,15794.9 MiB,3693.2 MiB,2197.7 MiB,9903.9 MiB,4096.0 MiB,3452.5 MiB,643.5 MiB,12901.3 MiB,,0,43.72
6,2017-07-11,nbody_50000000_original,7.10.1,nbody_6_original.js 50000000,38,1695222310,2837062,node,44.9,622571520,34373632,20799488,100.0,0.2,6.0,1.0,0:44,0,28278784,48312320,0,5137408,0.0,34373632,324,2,278,44,0,12.1,0.8,0.0,87.1,0.0,0.0,0.0,0.0,15794.9 MiB,3693.7 MiB,2197.2 MiB,9903.9 MiB,4096.0 MiB,3452.5 MiB,643.5 MiB,12901.8 MiB,,0,44.90
6,2017-07-11,nbody_50000000_original,7.10.1,nbody_6_original.js 50000000,39,1695222311,2837062,node,46.07,622571520,34373632,20799488,100.0,0.2,6.0,1.0,0:46,0,28278784,48312320,0,5137408,0.0,34373632,324,2,278,44,0,13.4,0.7,0.0,85.8,0.0,0.0,0.0,0.0,15794.9 MiB,3693.7 MiB,2197.2 MiB,9903.9 MiB,4096.0 MiB,3452.5 MiB,643.5 MiB,12901.8 MiB,,0,46.07
6,2017-07-11,nbody_50000000_original,7.10.1,nbody_6_original.js 50000000,40,1695222312,2837062,node,47.25,622571520,34373632,20799488,100.0,0.2,6.0,1.0,0:47,0,28278784,48312320,0,5137408,0.0,34373632,324,2,278,44,0,13.2,1.5,0.0,85.3,0.0,0.0,0.0,0.0,15794.9 MiB,3693.7 MiB,2197.2 MiB,9903.9 MiB,4096.0 MiB,3452.5 MiB,643.5 MiB,12901.8 MiB,,0,47.25
6,2017-07-11,nbody_50000000_original,7.10.1,nbody_6_original.js 50000000,41,1695222313,2837062,node,48.43,622571520,34373632,20799488,100.0,0.2,6.0,1.0,0:48,0,28278784,48312320,0,5137408,0.0,34373632,324,2,278,44,0,12.8,1.5,0.0,85.7,0.0,0.0,0.0,0.0,15794.9 MiB,3693.2 MiB,2197.7 MiB,9903.9 MiB,4096.0 MiB,3452.5 MiB,643.5 MiB,12901.3 MiB,,0,48.43
6,2017-07-11,nbody_50000000_original,7.10.1,nbody_6_original.js 50000000,42,1695222315,2837062,node,49.61,622571520,34373632,20799488,100.0,0.2,6.0,1.0,0:49,0,28278784,48312320,0,5137408,0.0,34373632,324,2,278,44,0,12.7,1.5,0.0,85.8,0.0,0.0,0.0,0.0,15794.9 MiB,3693.0 MiB,2197.9 MiB,9903.9 MiB,4096.0 MiB,3452.5 MiB,643.5 MiB,12901.1 MiB,,0,49.61
6,2017-07-11,nbody_50000000_original,7.10.1,nbody_6_original.js 50000000,43,1695222316,2837062,node,50.79,622571520,34373632,20799488,106.7,0.2,6.0,1.0,0:50,0,28278784,48312320,0,5137408,0.0,34373632,324,2,278,44,0,12.8,0.8,0.0,86.5,0.0,0.0,0.0,0.0,15794.9 MiB,3693.0 MiB,2197.9 MiB,9903.9 MiB,4096.0 MiB,3452.5 MiB,643.5 MiB,12901.1 MiB,,0,50.79
6,2017-07-11,nbody_50000000_original,7.10.1,nbody_6_original.js 50000000,44,1695222317,2837062,node,51.96,622571520,34373632,20799488,100.0,0.2,6.0,1.0,0:51,0,28278784,48312320,0,5137408,0.0,34373632,324,2,278,44,0,12.7,1.5,0.0,85.8,0.0,0.0,0.0,0.0,15794.9 MiB,3692.8 MiB,2198.2 MiB,9903.9 MiB,4096.0 MiB,3452.5 MiB,643.5 MiB,12900.8 MiB,,0,51.96
6,2017-07-11,nbody_50000000_original,7.10.1,nbody_6_original.js 50000000,45,1695222318,2837062,node,53.14,622571520,34373632,20799488,100.0,0.2,6.0,1.0,0:53,0,28278784,48312320,0,5137408,0.0,34373632,324,2,278,44,0,13.3,0.7,0.0,85.9,0.0,0.0,0.0,0.0,15794.9 MiB,3692.5 MiB,2198.4 MiB,9903.9 MiB,4096.0 MiB,3452.5 MiB,643.5 MiB,12900.6 MiB,,0,53.14
6,2017-07-11,nbody_50000000_original,7.10.1,nbody_6_original.js 50000000,46,1695222319,2837062,node,54.32,622571520,34373632,20799488,100.0,0.2,6.0,1.0,0:54,0,28278784,48312320,0,5137408,0.0,34373632,324,2,278,44,0,12.8,1.5,0.0,85.7,0.0,0.0,0.0,0.0,15794.9 MiB,3692.8 MiB,2198.2 MiB,9903.9 MiB,4096.0 MiB,3452.5 MiB,643.5 MiB,12900.8 MiB,,0,54.32
6,2017-07-11,nbody_50000000_original,7.10.1,nbody_6_original.js 50000000,47,1695222320,2837062,node,55.49,622571520,34373632,20799488,100.0,0.2,6.0,1.0,0:55,0,28278784,48312320,0,5137408,0.0,34373632,324,2,278,44,0,13.4,1.5,0.0,85.1,0.0,0.0,0.0,0.0,15794.9 MiB,3693.0 MiB,2197.9 MiB,9904.0 MiB,4096.0 MiB,3452.5 MiB,643.5 MiB,12901.1 MiB,,0,55.49
6,2017-07-11,nbody_50000000_original,7.10.1,nbody_6_original.js 50000000,48,1695222322,2837062,node,56.67,622571520,34373632,20799488,100.0,0.2,6.0,1.0,0:56,0,28278784,48312320,0,5137408,0.0,34373632,324,2,278,44,0,12.1,1.5,0.0,86.4,0.0,0.0,0.0,0.0,15794.9 MiB,3693.0 MiB,2197.9 MiB,9904.0 MiB,4096.0 MiB,3452.5 MiB,643.5 MiB,12901.1 MiB,,0,56.67
6,2017-07-11,nbody_50000000_original,7.10.1,nbody_6_original.js 50000000,49,1695222323,2837062,node,57.85,622571520,34373632,20799488,100.0,0.2,6.0,1.0,0:57,0,28278784,48312320,0,5137408,0.0,34373632,324,2,278,44,0,13.3,1.5,0.0,85.2,0.0,0.0,0.0,0.0,15794.9 MiB,3692.8 MiB,2198.1 MiB,9904.0 MiB,4096.0 MiB,3452.5 MiB,643.5 MiB,12900.9 MiB,,0,57.85
6,2017-07-11,nbody_50000000_original,7.10.1,nbody_6_original.js 50000000,50,1695222324,2837062,node,59.03,622571520,34373632,20799488,100.0,0.2,6.0,1.0,0:59,0,28278784,48312320,0,5137408,0.0,34373632,324,2,278,44,0,13.4,0.7,0.0,85.8,0.0,0.0,0.0,0.0,15794.9 MiB,3692.0 MiB,2198.9 MiB,9904.0 MiB,4096.0 MiB,3452.5 MiB,643.5 MiB,12900.1 MiB,,0,59.03
6,2017-07-11,nbody_50000000_original,7.10.1,nbody_6_original.js 50000000,51,1695222325,2837062,node,60.21,622571520,34373632,20799488,100.0,0.2,6.0,1.0,1:00,0,28278784,48312320,0,5137408,0.0,34373632,324,2,278,44,0,12.6,1.5,0.0,85.9,0.0,0.0,0.0,0.0,15794.9 MiB,3691.8 MiB,2199.1 MiB,9904.0 MiB,4096.0 MiB,3452.5 MiB,643.5 MiB,12899.9 MiB,,1,00.21
6,2017-07-11,nbody_50000000_original,7.10.1,nbody_6_original.js 50000000,52,1695222326,2837062,node,61.38,622571520,34373632,20799488,100.0,0.2,6.0,1.0,1:01,0,28278784,48312320,0,5137408,0.0,34373632,324,2,278,44,0,13.3,1.5,0.0,85.2,0.0,0.0,0.0,0.0,15794.9 MiB,3691.8 MiB,2199.1 MiB,9904.0 MiB,4096.0 MiB,3452.5 MiB,643.5 MiB,12899.9 MiB,,1,01.38
6,2017-07-11,nbody_50000000_original,7.10.1,nbody_6_original.js 50000000,53,1695222328,2837062,node,62.56,622571520,34373632,20799488,100.0,0.2,6.0,1.0,1:02,0,28278784,48312320,0,5137408,0.0,34373632,324,2,278,44,0,13.5,0.0,0.0,86.5,0.0,0.0,0.0,0.0,15794.9 MiB,3691.8 MiB,2199.1 MiB,9904.0 MiB,4096.0 MiB,3452.5 MiB,643.5 MiB,12899.9 MiB,,1,02.56
6,2017-07-11,nbody_50000000_original,7.10.1,nbody_6_original.js 50000000,54,1695222329,2837062,node,63.74,630960128,42754048,20799488,100.0,0.3,6.0,1.0,1:03,0,28278784,56700928,0,7234560,0.0,42754048,324,2,278,44,0,12.8,0.8,0.0,86.5,0.0,0.0,0.0,0.0,15794.9 MiB,3683.4 MiB,2207.5 MiB,9904.0 MiB,4096.0 MiB,3452.5 MiB,643.5 MiB,12891.5 MiB,,1,03.74
6,2017-07-11,nbody_50000000_original,7.10.1,nbody_6_original.js 50000000,55,1695222330,2837062,node,64.91,630960128,42754048,20799488,100.0,0.3,6.0,5.0,1:04,0,28278784,56700928,0,7234560,0.0,42754048,324,2,278,44,0,13.3,1.5,0.0,85.2,0.0,0.0,0.0,0.0,15794.9 MiB,3683.4 MiB,2207.5 MiB,9904.0 MiB,4096.0 MiB,3452.5 MiB,643.5 MiB,12891.5 MiB,,1,04.91
6,2017-07-11,nbody_50000000_original,7.10.1,nbody_6_original.js 50000000,56,1695222331,2837062,node,66.09,630960128,42754048,20799488,100.0,0.3,6.0,5.0,1:06,0,28278784,56700928,0,7234560,0.0,42754048,324,2,278,44,0,13.2,1.5,0.0,85.3,0.0,0.0,0.0,0.0,15794.9 MiB,3683.2 MiB,2207.7 MiB,9904.0 MiB,4096.0 MiB,3452.5 MiB,643.5 MiB,12891.3 MiB,,1,06.09
6,2017-07-11,nbody_50000000_original,7.10.1,nbody_6_original.js 50000000,57,1695222332,2837062,node,67.27,630960128,42754048,20799488,100.0,0.3,6.0,1.0,1:07,0,28278784,56700928,0,7234560,0.0,42754048,324,2,278,44,0,14.1,0.7,0.0,85.2,0.0,0.0,0.0,0.0,15794.9 MiB,3682.5 MiB,2208.4 MiB,9904.0 MiB,4096.0 MiB,3452.5 MiB,643.5 MiB,12890.6 MiB,,1,07.27
6,2017-07-11,nbody_50000000_original,7.10.1,nbody_6_original.js 50000000,58,1695222333,2837062,node,68.45,630960128,42754048,20799488,100.0,0.3,6.0,1.0,1:08,0,28278784,56700928,0,7234560,0.0,42754048,324,2,278,44,0,12.7,1.5,0.0,85.8,0.0,0.0,0.0,0.0,15794.9 MiB,3682.5 MiB,2208.4 MiB,9904.0 MiB,4096.0 MiB,3452.5 MiB,643.5 MiB,12890.6 MiB,,1,08.45
6,2017-07-11,nbody_50000000_original,7.10.1,nbody_6_original.js 50000000,59,1695222335,2837062,node,69.62,630960128,42754048,20799488,100.0,0.3,6.0,1.0,1:09,0,28278784,56700928,0,7234560,0.0,42754048,324,2,278,44,0,13.4,0.7,0.0,85.8,0.0,0.0,0.0,0.0,15794.9 MiB,3682.2 MiB,2208.7 MiB,9904.0 MiB,4096.0 MiB,3452.5 MiB,643.5 MiB,12890.3 MiB,,1,09.62
6,2017-07-11,nbody_50000000_original,7.10.1,nbody_6_original.js 50000000,60,1695222336,2837062,node,70.8,630960128,42754048,20799488,100.0,0.3,6.0,1.0,1:10,0,28278784,56700928,0,7234560,0.0,42754048,324,2,278,44,0,13.4,1.5,0.0,85.1,0.0,0.0,0.0,0.0,15794.9 MiB,3682.2 MiB,2208.7 MiB,9904.0 MiB,4096.0 MiB,3452.5 MiB,643.5 MiB,12890.3 MiB,,1,10.80
6,2017-07-11,nbody_50000000_original,7.10.1,nbody_6_original.js 50000000,61,1695222337,2837062,node,71.98,630960128,42754048,20799488,100.0,0.3,6.0,5.0,1:11,0,28278784,56700928,0,7234560,0.0,42754048,324,2,278,44,0,12.0,1.5,0.0,85.7,0.8,0.0,0.0,0.0,15794.9 MiB,3682.0 MiB,2208.9 MiB,9904.0 MiB,4096.0 MiB,3452.5 MiB,643.5 MiB,12890.1 MiB,,1,11.98
6,2017-07-11,nbody_50000000_original,7.10.1,nbody_6_original.js 50000000,62,1695222338,2837062,node,73.16,630960128,42754048,20799488,100.0,0.3,6.0,1.0,1:13,0,28278784,56700928,0,7234560,0.0,42754048,324,2,278,44,0,13.5,0.0,0.0,86.5,0.0,0.0,0.0,0.0,15794.9 MiB,3681.7 MiB,2209.2 MiB,9904.0 MiB,4096.0 MiB,3452.5 MiB,643.5 MiB,12889.8 MiB,,1,13.16
6,2017-07-11,nbody_50000000_original,7.10.1,nbody_6_original.js 50000000,63,1695222339,2837062,node,74.33,630960128,42754048,20799488,93.8,0.3,6.0,1.0,1:14,0,28278784,56700928,0,7234560,0.0,42754048,324,2,278,44,0,12.0,1.5,0.0,86.5,0.0,0.0,0.0,0.0,15794.9 MiB,3682.2 MiB,2208.7 MiB,9904.0 MiB,4096.0 MiB,3452.5 MiB,643.5 MiB,12890.3 MiB,,1,14.33
6,2017-07-11,nbody_50000000_original,7.10.1,nbody_6_original.js 50000000,64,1695222340,2837062,node,75.51,630960128,42754048,20799488,100.0,0.3,6.0,1.0,1:15,0,28278784,56700928,0,7234560,0.0,42754048,324,2,278,44,0,12.8,0.8,0.0,86.5,0.0,0.0,0.0,0.0,15794.9 MiB,3681.5 MiB,2209.4 MiB,9904.0 MiB,4096.0 MiB,3452.5 MiB,643.5 MiB,12889.6 MiB,,1,15.51
6,2017-07-11,nbody_50000000_original,7.10.1,nbody_6_original.js 50000000,65,1695222342,2837062,node,76.69,630960128,42754048,20799488,100.0,0.3,6.0,1.0,1:16,0,28278784,56700928,0,7234560,0.0,42754048,324,2,278,44,0,12.7,1.5,0.0,85.8,0.0,0.0,0.0,0.0,15794.9 MiB,3681.2 MiB,2209.6 MiB,9904.0 MiB,4096.0 MiB,3452.5 MiB,643.5 MiB,12889.4 MiB,,1,16.69
6,2017-07-11,nbody_50000000_original,7.10.1,nbody_6_original.js 50000000,66,1695222343,2837062,node,77.86,630960128,42754048,20799488,93.8,0.3,6.0,1.0,1:17,0,28278784,56700928,0,7234560,0.0,42754048,324,2,278,44,0,13.4,1.5,0.0,84.3,0.7,0.0,0.0,0.0,15794.9 MiB,3682.0 MiB,2208.9 MiB,9904.0 MiB,4096.0 MiB,3452.5 MiB,643.5 MiB,12890.1 MiB,,1,17.86
6,2017-07-11,nbody_50000000_original,7.10.1,nbody_6_original.js 50000000,67,1695222344,2837062,node,79.03999999999999,630960128,42754048,20799488,100.0,0.3,6.0,5.0,1:19,0,28278784,56700928,0,7234560,0.0,42754048,324,2,278,44,0,12.7,1.5,0.0,85.8,0.0,0.0,0.0,0.0,15794.9 MiB,3682.2 MiB,2208.7 MiB,9904.0 MiB,4096.0 MiB,3452.5 MiB,643.5 MiB,12890.4 MiB,,1,19.04
6,2017-07-11,nbody_50000000_original,7.10.1,nbody_6_original.js 50000000,68,1695222345,2837062,node,80.22,630960128,42754048,20799488,100.0,0.3,6.0,5.0,1:20,0,28278784,56700928,0,7234560,0.0,42754048,324,2,278,44,0,13.5,0.0,0.0,86.5,0.0,0.0,0.0,0.0,15794.9 MiB,3681.7 MiB,2209.2 MiB,9904.0 MiB,4096.0 MiB,3452.5 MiB,643.5 MiB,12889.9 MiB,,1,20.22
6,2017-07-11,nbody_50000000_original,7.10.1,nbody_6_original.js 50000000,69,1695222346,2837062,node,81.4,630960128,42754048,20799488,100.0,0.3,6.0,5.0,1:21,0,28278784,56700928,0,7234560,0.0,42754048,324,2,278,44,0,13.1,2.2,0.0,84.7,0.0,0.0,0.0,0.0,15794.9 MiB,3681.0 MiB,2209.9 MiB,9904.0 MiB,4096.0 MiB,3452.5 MiB,643.5 MiB,12889.1 MiB,,1,21.40
6,2017-07-11,nbody_50000000_original,7.10.1,nbody_6_original.js 50000000,70,1695222348,2837062,node,82.58,630960128,42754048,20799488,100.0,0.3,6.0,1.0,1:22,0,28278784,56700928,0,7234560,0.0,42754048,324,2,278,44,0,13.4,0.7,0.0,85.8,0.0,0.0,0.0,0.0,15794.9 MiB,3680.7 MiB,2210.1 MiB,9904.0 MiB,4096.0 MiB,3452.5 MiB,643.5 MiB,12888.9 MiB,,1,22.58
6,2017-07-11,nbody_50000000_original,7.10.1,nbody_6_original.js 50000000,71,1695222349,2837062,node,83.75,630960128,42754048,20799488,106.7,0.3,6.0,1.0,1:23,0,28278784,56700928,0,7234560,0.0,42754048,324,2,278,44,0,12.7,1.5,0.0,85.8,0.0,0.0,0.0,0.0,15794.9 MiB,3680.5 MiB,2210.4 MiB,9904.0 MiB,4096.0 MiB,3452.5 MiB,643.5 MiB,12888.6 MiB,,1,23.75
6,2017-07-11,nbody_50000000_original,7.10.1,nbody_6_original.js 50000000,72,1695222350,2837062,node,84.93,630960128,42754048,20799488,100.0,0.3,6.0,1.0,1:24,0,28278784,56700928,0,7234560,0.0,42754048,324,2,278,44,0,12.8,1.5,0.0,85.7,0.0,0.0,0.0,0.0,15794.9 MiB,3680.7 MiB,2210.1 MiB,9904.0 MiB,4096.0 MiB,3452.5 MiB,643.5 MiB,12888.9 MiB,,1,24.93
6,2017-07-11,nbody_50000000_original,7.10.1,nbody_6_original.js 50000000,73,1695222351,2837062,node,86.11,630960128,42754048,20799488,100.0,0.3,6.0,1.0,1:26,0,28278784,56700928,0,7234560,0.0,42754048,324,2,278,44,0,12.8,0.8,0.0,86.5,0.0,0.0,0.0,0.0,15794.9 MiB,3681.0 MiB,2209.9 MiB,9904.0 MiB,4096.0 MiB,3452.5 MiB,643.5 MiB,12889.1 MiB,,1,26.11
6,2017-07-11,nbody_50000000_original,7.10.1,nbody_6_original.js 50000000,74,1695222352,2837062,node,87.28,630960128,42754048,20799488,93.8,0.3,6.0,1.0,1:27,0,28278784,56700928,0,7234560,0.0,42754048,324,2,278,44,0,14.0,1.5,0.0,84.6,0.0,0.0,0.0,0.0,15794.9 MiB,3680.8 MiB,2210.1 MiB,9904.0 MiB,4096.0 MiB,3452.5 MiB,643.5 MiB,12888.9 MiB,,1,27.28
6,2017-07-11,nbody_50000000_original,7.10.1,nbody_6_original.js 50000000,75,1695222353,2837062,node,88.46000000000001,630960128,42754048,20799488,106.7,0.3,6.0,1.0,1:28,0,28278784,56700928,0,7234560,0.0,42754048,324,2,278,44,0,12.8,0.8,0.0,86.5,0.0,0.0,0.0,0.0,15794.9 MiB,3680.5 MiB,2210.3 MiB,9904.0 MiB,4096.0 MiB,3452.5 MiB,643.5 MiB,12888.7 MiB,,1,28.46
6,2017-07-11,nbody_50000000_original,7.10.1,nbody_6_original.js 50000000,76,1695222355,2837062,node,89.64,630960128,42754048,20799488,100.0,0.3,6.0,1.0,1:29,0,28278784,56700928,0,7234560,0.0,42754048,324,2,278,44,0,12.7,1.5,0.0,85.8,0.0,0.0,0.0,0.0,15794.9 MiB,3681.0 MiB,2209.9 MiB,9904.0 MiB,4096.0 MiB,3452.5 MiB,643.5 MiB,12889.1 MiB,,1,29.64
6,2017-07-11,nbody_50000000_original,7.10.1,nbody_6_original.js 50000000,77,1695222356,2837062,node,90.82,630960128,42754048,20799488,100.0,0.3,6.0,1.0,1:30,0,28278784,56700928,0,7234560,0.0,42754048,324,2,278,44,0,12.7,1.5,0.0,85.8,0.0,0.0,0.0,0.0,15794.9 MiB,3680.7 MiB,2210.1 MiB,9904.0 MiB,4096.0 MiB,3452.5 MiB,643.5 MiB,12888.9 MiB,,1,30.82
6,2017-07-11,nbody_50000000_original,7.10.1,nbody_6_original.js 50000000,78,1695222357,2837062,node,91.99,630960128,42754048,20799488,100.0,0.3,6.0,1.0,1:31,0,28278784,56700928,0,7234560,0.0,42754048,324,2,278,44,0,12.8,1.5,0.0,85.7,0.0,0.0,0.0,0.0,15794.9 MiB,3680.3 MiB,2210.6 MiB,9904.0 MiB,4096.0 MiB,3452.5 MiB,643.5 MiB,12888.4 MiB,,1,31.99
6,2017-07-11,nbody_50000000_original,7.10.1,nbody_6_original.js 50000000,79,1695222358,2837062,node,93.17,630960128,42754048,20799488,100.0,0.3,6.0,1.0,1:33,0,28278784,56700928,0,7234560,0.0,42754048,324,2,278,44,0,12.8,1.5,0.0,85.7,0.0,0.0,0.0,0.0,15794.9 MiB,3680.8 MiB,2210.1 MiB,9904.0 MiB,4096.0 MiB,3452.5 MiB,643.5 MiB,12888.9 MiB,,1,33.17
6,2017-07-11,nbody_50000000_original,7.10.1,nbody_6_original.js 50000000,80,1695222359,2837062,node,94.35,630960128,42754048,20799488,100.0,0.3,6.0,1.0,1:34,0,28278784,56700928,0,7234560,0.0,42754048,324,2,278,44,0,12.8,0.8,0.0,86.5,0.0,0.0,0.0,0.0,15794.9 MiB,3681.7 MiB,2209.1 MiB,9904.0 MiB,4096.0 MiB,3452.5 MiB,643.5 MiB,12889.9 MiB,,1,34.35
6,2017-07-11,nbody_50000000_original,7.10.1,nbody_6_original.js 50000000,81,1695222360,2837062,node,95.52000000000001,630960128,42754048,20799488,93.8,0.3,6.0,1.0,1:35,0,28278784,56700928,0,7234560,0.0,42754048,324,2,278,44,0,12.0,1.5,0.0,86.5,0.0,0.0,0.0,0.0,15794.9 MiB,3681.5 MiB,2209.5 MiB,9903.9 MiB,4096.0 MiB,3452.5 MiB,643.5 MiB,12889.7 MiB,,1,35.52
6,2017-07-11,nbody_50000000_original,7.10.1,nbody_6_original.js 50000000,82,1695222362,2837062,node,96.71000000000001,630960128,42754048,20799488,106.7,0.3,6.0,1.0,1:36,0,28278784,56700928,0,7234560,0.0,42754048,324,2,278,44,0,12.0,1.5,0.0,86.5,0.0,0.0,0.0,0.0,15794.9 MiB,3683.5 MiB,2207.5 MiB,9903.9 MiB,4096.0 MiB,3452.5 MiB,643.5 MiB,12891.6 MiB,,1,36.71
6,2017-07-11,nbody_50000000_original,7.10.1,nbody_6_original.js 50000000,83,1695222363,2837062,node,97.88,630960128,42754048,20799488,100.0,0.3,6.0,5.0,1:37,0,28278784,56700928,0,7234560,0.0,42754048,324,2,278,44,0,12.8,1.5,0.0,85.7,0.0,0.0,0.0,0.0,15794.9 MiB,3683.5 MiB,2207.5 MiB,9903.9 MiB,4096.0 MiB,3452.5 MiB,643.5 MiB,12891.6 MiB,,1,37.88
6,2017-07-11,nbody_50000000_original,7.10.1,nbody_6_original.js 50000000,84,1695222364,2837062,node,99.06,630960128,42754048,20799488,100.0,0.3,6.0,5.0,1:39,0,28278784,56700928,0,7234560,0.0,42754048,324,2,278,44,0,12.8,1.5,0.0,85.7,0.0,0.0,0.0,0.0,15794.9 MiB,3683.5 MiB,2207.5 MiB,9903.9 MiB,4096.0 MiB,3452.5 MiB,643.5 MiB,12891.6 MiB,,1,39.06
6,2017-07-11,nbody_50000000_original,7.10.1,nbody_6_original.js 50000000,85,1695222365,2837062,node,100.24000000000001,630960128,42754048,20799488,100.0,0.3,6.0,5.0,1:40,0,28278784,56700928,0,7234560,0.0,42754048,324,2,278,44,0,12.8,0.8,0.0,86.5,0.0,0.0,0.0,0.0,15794.9 MiB,3683.5 MiB,2207.5 MiB,9903.9 MiB,4096.0 MiB,3452.5 MiB,643.5 MiB,12891.6 MiB,,1,40.24
6,2017-07-11,nbody_50000000_original,7.10.1,nbody_6_original.js 50000000,86,1695222366,2837062,node,101.42,630960128,42754048,20799488,100.0,0.3,6.0,1.0,1:41,0,28278784,56700928,0,7234560,0.0,42754048,324,2,278,44,0,12.7,1.5,0.0,85.8,0.0,0.0,0.0,0.0,15794.9 MiB,3683.7 MiB,2207.3 MiB,9903.9 MiB,4096.0 MiB,3452.5 MiB,643.5 MiB,12891.9 MiB,,1,41.42
6,2017-07-11,nbody_50000000_original,7.10.1,nbody_6_original.js 50000000,87,1695222368,2837062,node,102.59,630960128,42754048,20799488,93.8,0.3,6.0,1.0,1:42,0,28278784,56700928,0,7234560,0.0,42754048,324,2,278,44,0,12.1,1.5,0.0,86.4,0.0,0.0,0.0,0.0,15794.9 MiB,3684.2 MiB,2206.8 MiB,9903.9 MiB,4096.0 MiB,3452.5 MiB,643.5 MiB,12892.4 MiB,,1,42.59
6,2017-07-11,nbody_50000000_original,7.10.1,nbody_6_original.js 50000000,88,1695222369,2837062,node,103.77000000000001,630960128,42754048,20799488,100.0,0.3,6.0,1.0,1:43,0,28278784,56700928,0,7234560,0.0,42754048,324,2,278,44,0,12.9,0.8,0.0,86.4,0.0,0.0,0.0,0.0,15794.9 MiB,3684.4 MiB,2206.5 MiB,9903.9 MiB,4096.0 MiB,3452.5 MiB,643.5 MiB,12892.6 MiB,,1,43.77
6,2017-07-11,nbody_50000000_original,7.10.1,nbody_6_original.js 50000000,89,1695222370,2837062,node,104.95,630960128,42754048,20799488,100.0,0.3,6.0,1.0,1:44,0,28278784,56700928,0,7234560,0.0,42754048,324,2,278,44,0,12.8,0.8,0.0,86.5,0.0,0.0,0.0,0.0,15794.9 MiB,3685.4 MiB,2205.5 MiB,9903.9 MiB,4096.0 MiB,3452.5 MiB,643.5 MiB,12893.6 MiB,,1,44.95
6,2017-07-11,nbody_50000000_original,7.10.1,nbody_6_original.js 50000000,90,1695222371,2837062,node,106.12,630960128,42754048,20799488,100.0,0.3,6.0,1.0,1:46,0,28278784,56700928,0,7234560,0.0,42754048,324,2,278,44,0,12.8,1.5,0.0,85.7,0.0,0.0,0.0,0.0,15794.9 MiB,3685.2 MiB,2205.8 MiB,9903.9 MiB,4096.0 MiB,3452.5 MiB,643.5 MiB,12893.4 MiB,,1,46.12
6,2017-07-11,nbody_50000000_original,7.10.1,nbody_6_original.js 50000000,91,1695222372,2837062,node,107.3,630960128,42754048,20799488,100.0,0.3,6.0,1.0,1:47,0,28278784,56700928,0,7234560,0.0,42754048,324,2,278,44,0,12.7,1.5,0.0,85.8,0.0,0.0,0.0,0.0,15794.9 MiB,3684.9 MiB,2206.0 MiB,9903.9 MiB,4096.0 MiB,3452.5 MiB,643.5 MiB,12893.1 MiB,,1,47.30
6,2017-07-11,nbody_50000000_original,7.10.1,nbody_6_original.js 50000000,92,1695222373,2837062,node,108.47999999999999,630960128,42754048,20799488,100.0,0.3,6.0,1.0,1:48,0,28278784,56700928,0,7234560,0.0,42754048,324,2,278,44,0,12.1,0.8,0.0,87.1,0.0,0.0,0.0,0.0,15794.9 MiB,3684.7 MiB,2206.2 MiB,9903.9 MiB,4096.0 MiB,3452.5 MiB,643.5 MiB,12892.9 MiB,,1,48.48
6,2017-07-11,nbody_50000000_original,7.10.1,nbody_6_original.js 50000000,93,1695222375,2837062,node,109.66,630960128,42754048,20799488,100.0,0.3,6.0,1.0,1:49,0,28278784,56700928,0,7234560,0.0,42754048,324,2,278,44,0,12.8,0.8,0.0,86.5,0.0,0.0,0.0,0.0,15794.9 MiB,3684.7 MiB,2206.2 MiB,9903.9 MiB,4096.0 MiB,3452.5 MiB,643.5 MiB,12892.9 MiB,,1,49.66
6,2017-07-11,nbody_50000000_original,7.10.1,nbody_6_original.js 50000000,94,1695222376,2837062,node,110.83,630960128,42754048,20799488,100.0,0.3,6.0,1.0,1:50,0,28278784,56700928,0,7234560,0.0,42754048,324,2,278,44,0,12.7,1.5,0.0,85.8,0.0,0.0,0.0,0.0,15794.9 MiB,3685.4 MiB,2205.5 MiB,9903.9 MiB,4096.0 MiB,3452.5 MiB,643.5 MiB,12893.6 MiB,,1,50.83
6,2017-07-11,nbody_50000000_original,7.10.1,nbody_6_original.js 50000000,95,1695222377,2837062,node,112.00999999999999,630960128,42754048,20799488,100.0,0.3,6.0,5.0,1:52,0,28278784,56700928,0,7234560,0.0,42754048,324,2,278,44,0,12.0,1.5,0.0,86.5,0.0,0.0,0.0,0.0,15794.9 MiB,3685.7 MiB,2205.3 MiB,9903.9 MiB,4096.0 MiB,3452.5 MiB,643.5 MiB,12893.9 MiB,,1,52.01
6,2017-07-11,nbody_50000000_original,7.10.1,nbody_6_original.js 50000000,96,1695222378,2837062,node,113.19,630960128,42754048,20799488,100.0,0.3,6.0,1.0,1:53,0,28278784,56700928,0,7234560,0.0,42754048,324,2,278,44,0,13.6,0.0,0.0,86.4,0.0,0.0,0.0,0.0,15794.9 MiB,3686.9 MiB,2204.0 MiB,9903.9 MiB,4096.0 MiB,3452.5 MiB,643.5 MiB,12895.1 MiB,,1,53.19
6,2017-07-11,nbody_50000000_original,7.10.1,nbody_6_original.js 50000000,97,1695222379,2837062,node,114.36,630960128,42754048,20799488,100.0,0.3,6.0,1.0,1:54,0,28278784,56700928,0,7234560,0.0,42754048,324,2,278,44,0,14.7,0.7,0.0,84.6,0.0,0.0,0.0,0.0,15794.9 MiB,3686.2 MiB,2204.8 MiB,9903.9 MiB,4096.0 MiB,3452.5 MiB,643.5 MiB,12894.4 MiB,,1,54.36
6,2017-07-11,nbody_50000000_original,7.10.1,nbody_6_original.js 50000000,98,1695222380,2837062,node,115.53999999999999,630960128,42754048,20799488,100.0,0.3,6.0,1.0,1:55,0,28278784,56700928,0,7234560,0.0,42754048,324,2,278,44,0,12.0,1.5,0.0,86.5,0.0,0.0,0.0,0.0,15794.9 MiB,3686.4 MiB,2204.5 MiB,9903.9 MiB,4096.0 MiB,3452.5 MiB,643.5 MiB,12894.6 MiB,,1,55.54
6,2017-07-11,nbody_50000000_original,7.10.1,nbody_6_original.js 50000000,99,1695222382,2837062,node,116.72,630960128,42754048,20799488,100.0,0.3,6.0,1.0,1:56,0,28278784,56700928,0,7234560,0.0,42754048,324,2,278,44,0,12.8,0.8,0.0,86.5,0.0,0.0,0.0,0.0,15794.9 MiB,3686.2 MiB,2204.8 MiB,9903.9 MiB,4096.0 MiB,3452.5 MiB,643.5 MiB,12894.4 MiB,,1,56.72
6,2017-07-11,nbody_50000000_original,7.10.1,nbody_6_original.js 50000000,100,1695222383,2837062,node,117.9,630960128,42754048,20799488,106.7,0.3,6.0,1.0,1:57,0,28278784,56700928,0,7234560,0.0,42754048,324,2,278,44,0,13.3,1.5,0.0,84.4,0.7,0.0,0.0,0.0,15794.9 MiB,3686.2 MiB,2204.7 MiB,9903.9 MiB,4096.0 MiB,3452.5 MiB,643.5 MiB,12894.4 MiB,,1,57.90
6,2017-07-11,nbody_50000000_original,7.10.1,nbody_6_original.js 50000000,101,1695222384,2837062,node,119.08,630960128,42754048,20799488,100.0,0.3,6.0,1.0,1:59,0,28278784,56700928,0,7234560,0.0,42754048,324,2,278,44,0,13.4,1.5,0.0,83.6,1.5,0.0,0.0,0.0,15794.9 MiB,3685.7 MiB,2204.4 MiB,9904.7 MiB,4096.0 MiB,3452.5 MiB,643.5 MiB,12894.7 MiB,,1,59.08
6,2017-07-11,nbody_50000000_original,7.10.1,nbody_6_original.js 50000000,102,1695222385,2837062,node,120.25,630960128,42754048,20799488,100.0,0.3,6.0,1.0,2:00,0,28278784,56700928,0,7234560,0.0,42754048,324,2,278,44,0,13.4,0.7,0.0,85.8,0.0,0.0,0.0,0.0,15794.9 MiB,3685.2 MiB,2204.8 MiB,9904.8 MiB,4096.0 MiB,3452.5 MiB,643.5 MiB,12894.3 MiB,,2,00.25
6,2017-07-11,nbody_50000000_original,7.10.1,nbody_6_original.js 50000000,103,1695222386,2837062,node,121.43,630960128,42754048,20799488,100.0,0.3,6.0,1.0,2:01,0,28278784,56700928,0,7234560,0.0,42754048,324,2,278,44,0,13.5,0.8,0.0,85.7,0.0,0.0,0.0,0.0,15794.9 MiB,3685.5 MiB,2204.6 MiB,9904.8 MiB,4096.0 MiB,3452.5 MiB,643.5 MiB,12894.5 MiB,,2,01.43
6,2017-07-11,nbody_50000000_original,7.10.1,nbody_6_original.js 50000000,104,1695222388,2837062,node,122.61,630960128,42754048,20799488,100.0,0.3,6.0,1.0,2:02,0,28278784,56700928,0,7234560,0.0,42754048,324,2,278,44,0,13.2,1.5,0.0,84.6,0.7,0.0,0.0,0.0,15794.9 MiB,3685.2 MiB,2204.8 MiB,9904.8 MiB,4096.0 MiB,3452.5 MiB,643.5 MiB,12894.3 MiB,,2,02.61
6,2017-07-11,nbody_50000000_original,7.10.1,nbody_6_original.js 50000000,105,1695222389,2837062,node,123.78,630960128,42754048,20799488,100.0,0.3,6.0,5.0,2:03,0,28278784,56700928,0,7234560,0.0,42754048,324,2,278,44,0,13.4,0.7,0.0,85.8,0.0,0.0,0.0,0.0,15794.9 MiB,3685.5 MiB,2204.6 MiB,9904.8 MiB,4096.0 MiB,3452.5 MiB,643.5 MiB,12894.5 MiB,,2,03.78
6,2017-07-11,nbody_50000000_original,7.10.1,nbody_6_original.js 50000000,106,1695222390,2837062,node,124.96,630960128,42754048,20799488,100.0,0.3,6.0,5.0,2:04,0,28278784,56700928,0,7234560,0.0,42754048,324,2,278,44,0,12.7,1.5,0.0,85.8,0.0,0.0,0.0,0.0,15794.9 MiB,3685.5 MiB,2204.6 MiB,9904.8 MiB,4096.0 MiB,3452.5 MiB,643.5 MiB,12894.5 MiB,,2,04.96
6,2017-07-11,nbody_50000000_original,7.10.1,nbody_6_original.js 50000000,107,1695222391,2837062,node,126.14,630960128,42754048,20799488,100.0,0.3,6.0,5.0,2:06,0,28278784,56700928,0,7234560,0.0,42754048,324,2,278,44,0,12.8,0.8,0.0,86.5,0.0,0.0,0.0,0.0,15794.9 MiB,3687.2 MiB,2202.9 MiB,9904.8 MiB,4096.0 MiB,3452.5 MiB,643.5 MiB,12896.3 MiB,,2,06.14
6,2017-07-11,nbody_50000000_original,7.10.1,nbody_6_original.js 50000000,108,1695222392,2837062,node,127.31,630960128,42754048,20799488,100.0,0.3,6.0,5.0,2:07,0,28278784,56700928,0,7234560,0.0,42754048,324,2,278,44,0,12.8,0.8,0.0,86.5,0.0,0.0,0.0,0.0,15794.9 MiB,3686.9 MiB,2203.1 MiB,9904.8 MiB,4096.0 MiB,3452.5 MiB,643.5 MiB,12896.0 MiB,,2,07.31
6,2017-07-11,nbody_50000000_original,7.10.1,nbody_6_original.js 50000000,109,1695222393,2837062,node,128.49,630960128,42754048,20799488,100.0,0.3,6.0,5.0,2:08,0,28278784,56700928,0,7234560,0.0,42754048,324,2,278,44,0,13.4,0.7,0.0,85.8,0.0,0.0,0.0,0.0,15794.9 MiB,3686.7 MiB,2203.4 MiB,9904.8 MiB,4096.0 MiB,3452.5 MiB,643.5 MiB,12895.8 MiB,,2,08.49
6,2017-07-11,nbody_50000000_original,7.10.1,nbody_6_original.js 50000000,110,1695222395,2837062,node,129.67,630960128,42754048,20799488,100.0,0.3,6.0,5.0,2:09,0,28278784,56700928,0,7234560,0.0,42754048,324,2,278,44,0,12.9,0.8,0.0,86.4,0.0,0.0,0.0,0.0,15794.9 MiB,3687.7 MiB,2202.4 MiB,9904.8 MiB,4096.0 MiB,3452.5 MiB,643.5 MiB,12896.8 MiB,,2,09.67
6,2017-07-11,nbody_50000000_original,7.10.1,nbody_6_original.js 50000000,111,1695222396,2837062,node,130.85,630960128,42754048,20799488,100.0,0.3,6.0,5.0,2:10,0,28278784,56700928,0,7234560,0.0,42754048,324,2,278,44,0,12.7,1.5,0.0,85.8,0.0,0.0,0.0,0.0,15794.9 MiB,3687.9 MiB,2202.1 MiB,9904.8 MiB,4096.0 MiB,3452.5 MiB,643.5 MiB,12897.0 MiB,,2,10.85
6,2017-07-11,nbody_50000000_original,7.10.1,nbody_6_original.js 50000000,112,1695222397,2837062,node,132.03,630960128,42754048,20799488,106.7,0.3,6.0,5.0,2:12,0,28278784,56700928,0,7234560,0.0,42754048,324,2,278,44,0,13.4,0.7,0.0,85.8,0.0,0.0,0.0,0.0,15794.9 MiB,3688.2 MiB,2201.9 MiB,9904.8 MiB,4096.0 MiB,3452.5 MiB,643.5 MiB,12897.3 MiB,,2,12.03
6,2017-07-11,nbody_50000000_original,7.10.1,nbody_6_original.js 50000000,113,1695222398,2837062,node,133.2,630960128,42754048,20799488,100.0,0.3,6.0,5.0,2:13,0,28278784,56700928,0,7234560,0.0,42754048,324,2,278,44,0,13.3,1.5,0.0,85.2,0.0,0.0,0.0,0.0,15794.9 MiB,3688.4 MiB,2201.6 MiB,9904.8 MiB,4096.0 MiB,3452.5 MiB,643.5 MiB,12897.5 MiB,,2,13.20
6,2017-07-11,nbody_50000000_original,7.10.1,nbody_6_original.js 50000000,114,1695222399,2837062,node,134.38,630960128,42754048,20799488,100.0,0.3,6.0,5.0,2:14,0,28278784,56700928,0,7234560,0.0,42754048,324,2,278,44,0,13.4,0.7,0.0,85.8,0.0,0.0,0.0,0.0,15794.9 MiB,3688.9 MiB,2201.1 MiB,9904.8 MiB,4096.0 MiB,3452.5 MiB,643.5 MiB,12898.0 MiB,,2,14.38
6,2017-07-11,nbody_50000000_original,7.10.1,nbody_6_original.js 50000000,115,1695222401,2837062,node,135.56,630960128,42754048,20799488,100.0,0.3,6.0,5.0,2:15,0,28278784,56700928,0,7234560,0.0,42754048,324,2,278,44,0,13.3,1.5,0.0,85.2,0.0,0.0,0.0,0.0,15794.9 MiB,3689.4 MiB,2200.6 MiB,9904.8 MiB,4096.0 MiB,3452.5 MiB,643.5 MiB,12898.5 MiB,,2,15.56
6,2017-07-11,nbody_50000000_original,7.10.1,nbody_6_original.js 50000000,116,1695222402,2837062,node,136.73,630960128,42754048,20799488,100.0,0.3,6.0,5.0,2:16,0,28278784,56700928,0,7234560,0.0,42754048,324,2,278,44,0,13.4,0.7,0.0,85.8,0.0,0.0,0.0,0.0,15794.9 MiB,3690.4 MiB,2199.6 MiB,9904.8 MiB,4096.0 MiB,3452.5 MiB,643.5 MiB,12899.5 MiB,,2,16.73
6,2017-07-11,nbody_50000000_original,7.10.1,nbody_6_original.js 50000000,117,1695222403,2837062,node,137.91,630960128,42754048,20799488,100.0,0.3,6.0,5.0,2:17,0,28278784,56700928,0,7234560,0.0,42754048,324,2,278,44,0,13.4,0.7,0.0,85.8,0.0,0.0,0.0,0.0,15794.9 MiB,3692.6 MiB,2197.4 MiB,9904.8 MiB,4096.0 MiB,3452.5 MiB,643.5 MiB,12901.7 MiB,,2,17.91
6,2017-07-11,nbody_50000000_original,7.10.1,nbody_6_original.js 50000000,118,1695222404,2837062,node,139.09,630960128,42754048,20799488,100.0,0.3,6.0,1.0,2:19,0,28278784,56700928,0,7234560,0.0,42754048,324,2,278,44,0,13.4,0.7,0.0,85.8,0.0,0.0,0.0,0.0,15794.9 MiB,3692.1 MiB,2197.9 MiB,9904.8 MiB,4096.0 MiB,3452.5 MiB,643.5 MiB,12901.2 MiB,,2,19.09
6,2017-07-11,nbody_50000000_original,7.10.1,nbody_6_original.js 50000000,119,1695222405,2837062,node,140.26,630960128,42754048,20799488,93.8,0.3,6.0,1.0,2:20,0,28278784,56700928,0,7234560,0.0,42754048,324,2,278,44,0,13.3,1.5,0.0,85.2,0.0,0.0,0.0,0.0,15794.9 MiB,3692.1 MiB,2197.9 MiB,9904.8 MiB,4096.0 MiB,3452.5 MiB,643.5 MiB,12901.2 MiB,,2,20.26
6,2017-07-11,nbody_50000000_original,7.10.1,nbody_6_original.js 50000000,120,1695222406,2837062,node,141.44,630960128,42754048,20799488,100.0,0.3,6.0,1.0,2:21,0,28278784,56700928,0,7234560,0.0,42754048,324,2,278,44,0,13.5,0.8,0.0,85.7,0.0,0.0,0.0,0.0,15794.9 MiB,3692.1 MiB,2197.9 MiB,9904.8 MiB,4096.0 MiB,3452.5 MiB,643.5 MiB,12901.2 MiB,,2,21.44
6,2017-07-11,nbody_50000000_original,7.10.1,nbody_6_original.js 50000000,121,1695222408,2837062,node,142.62,630960128,42754048,20799488,100.0,0.3,6.0,1.0,2:22,0,28278784,56700928,0,7234560,0.0,42754048,324,2,278,44,0,12.7,1.5,0.0,85.8,0.0,0.0,0.0,0.0,15794.9 MiB,3692.4 MiB,2197.7 MiB,9904.8 MiB,4096.0 MiB,3452.5 MiB,643.5 MiB,12901.5 MiB,,2,22.62
6,2017-07-11,nbody_50000000_original,7.10.1,nbody_6_original.js 50000000,122,1695222409,2837062,node,143.8,630960128,42754048,20799488,100.0,0.3,6.0,1.0,2:23,0,28278784,56700928,0,7234560,0.0,42754048,323,2,277,44,0,13.4,1.5,0.0,85.1,0.0,0.0,0.0,0.0,15794.9 MiB,3691.9 MiB,2198.2 MiB,9904.8 MiB,4096.0 MiB,3452.5 MiB,643.5 MiB,12901.0 MiB,,2,23.80
6,2017-07-11,nbody_50000000_original,7.10.1,nbody_6_original.js 50000000,123,1695222410,2837062,node,144.97,630960128,42754048,20799488,93.8,0.3,6.0,1.0,2:24,0,28278784,56700928,0,7234560,0.0,42754048,323,2,277,44,0,12.8,0.8,0.0,86.5,0.0,0.0,0.0,0.0,15794.9 MiB,3692.1 MiB,2197.9 MiB,9904.9 MiB,4096.0 MiB,3452.5 MiB,643.5 MiB,12901.2 MiB,,2,24.97
6,2017-07-11,nbody_50000000_original,7.10.1,nbody_6_original.js 50000000,124,1695222411,2837062,node,146.15,630960128,42754048,20799488,100.0,0.3,6.0,1.0,2:26,0,28278784,56700928,0,7234560,0.0,42754048,323,2,277,44,0,12.7,0.7,0.0,86.6,0.0,0.0,0.0,0.0,15794.9 MiB,3691.6 MiB,2198.4 MiB,9904.9 MiB,4096.0 MiB,3452.5 MiB,643.5 MiB,12900.8 MiB,,2,26.15
6,2017-07-11,nbody_50000000_original,7.10.1,nbody_6_original.js 50000000,125,1695222412,2837062,node,147.32999999999998,630960128,42754048,20799488,100.0,0.3,6.0,1.0,2:27,0,28278784,56700928,0,7234560,0.0,42754048,323,3,276,44,0,12.8,0.8,0.0,86.5,0.0,0.0,0.0,0.0,15794.9 MiB,3691.6 MiB,2198.4 MiB,9904.9 MiB,4096.0 MiB,3452.5 MiB,643.5 MiB,12900.8 MiB,,2,27.33
6,2017-07-11,nbody_50000000_original,7.10.1,nbody_6_original.js 50000000,126,1695222413,2837062,node,148.51,630960128,42754048,20799488,100.0,0.3,6.0,1.0,2:28,0,28278784,56700928,0,7234560,0.0,42754048,323,2,277,44,0,12.8,0.8,0.0,86.5,0.0,0.0,0.0,0.0,15794.9 MiB,3692.1 MiB,2197.9 MiB,9904.9 MiB,4096.0 MiB,3452.5 MiB,643.5 MiB,12901.2 MiB,,2,28.51
6,2017-07-11,nbody_50000000_original,7.10.1,nbody_6_original.js 50000000,127,1695222415,2837062,node,149.68,630960128,42754048,20799488,93.8,0.3,6.0,1.0,2:29,0,28278784,56700928,0,7234560,0.0,42754048,323,2,277,44,0,14.1,0.7,0.0,85.2,0.0,0.0,0.0,0.0,15794.9 MiB,3692.1 MiB,2197.9 MiB,9904.9 MiB,4096.0 MiB,3452.5 MiB,643.5 MiB,12901.3 MiB,,2,29.68
6,2017-07-11,nbody_50000000_original,7.10.1,nbody_6_original.js 50000000,128,1695222416,2837062,node,150.86,630960128,42754048,20799488,100.0,0.3,6.0,5.0,2:30,0,28278784,56700928,0,7234560,0.0,42754048,323,2,277,44,0,12.7,1.5,0.0,85.8,0.0,0.0,0.0,0.0,15794.9 MiB,3692.1 MiB,2197.9 MiB,9904.9 MiB,4096.0 MiB,3452.5 MiB,643.5 MiB,12901.3 MiB,,2,30.86
6,2017-07-11,nbody_50000000_original,7.10.1,nbody_6_original.js 50000000,129,1695222417,2837062,node,152.04,630960128,42754048,20799488,100.0,0.3,6.0,5.0,2:32,0,28278784,56700928,0,7234560,0.0,42754048,323,2,277,44,0,13.5,0.8,0.0,85.0,0.8,0.0,0.0,0.0,15794.9 MiB,3691.6 MiB,2198.3 MiB,9904.9 MiB,4096.0 MiB,3452.5 MiB,643.5 MiB,12900.8 MiB,,2,32.04
6,2017-07-11,nbody_50000000_original,7.10.1,nbody_6_original.js 50000000,130,1695222418,2837062,node,153.21,630960128,42754048,20799488,93.8,0.3,6.0,5.0,2:33,0,28278784,56700928,0,7234560,0.0,42754048,323,2,277,44,0,12.6,1.5,0.0,85.9,0.0,0.0,0.0,0.0,15794.9 MiB,3691.9 MiB,2198.1 MiB,9904.9 MiB,4096.0 MiB,3452.5 MiB,643.5 MiB,12901.0 MiB,,2,33.21
6,2017-07-11,nbody_50000000_original,7.10.1,nbody_6_original.js 50000000,131,1695222419,2837062,node,154.39,630960128,42754048,20799488,100.0,0.3,6.0,5.0,2:34,0,28278784,56700928,0,7234560,0.0,42754048,323,2,277,44,0,12.9,0.8,0.0,86.4,0.0,0.0,0.0,0.0,15794.9 MiB,3691.9 MiB,2198.0 MiB,9905.0 MiB,4096.0 MiB,3452.5 MiB,643.5 MiB,12901.0 MiB,,2,34.39
6,2017-07-11,nbody_50000000_original,7.10.1,nbody_6_original.js 50000000,132,1695222421,2837062,node,155.57,630960128,42754048,20799488,100.0,0.3,6.0,5.0,2:35,0,28278784,56700928,0,7234560,0.0,42754048,323,2,277,44,0,13.4,0.7,0.0,85.8,0.0,0.0,0.0,0.0,15794.9 MiB,3691.9 MiB,2198.1 MiB,9904.9 MiB,4096.0 MiB,3452.5 MiB,643.5 MiB,12901.0 MiB,,2,35.57
7,2017-07-11,nbody_50000000_original,7.10.1,nbody_6_original.js 50000000,0,1695222422,2837902,node,0.16,618377216,30253056,20733952,93.8,0.2,6.0,0.0,0:00,0,28278784,44118016,0,4083712,0.0,30253056,323,2,277,44,0,13.8,0.8,0.0,85.4,0.0,0.0,0.0,0.0,15794.9 MiB,3690.8 MiB,2191.2 MiB,9912.8 MiB,4096.0 MiB,3452.5 MiB,643.5 MiB,12900.0 MiB,,0,00.16
7,2017-07-11,nbody_50000000_original,7.10.1,nbody_6_original.js 50000000,1,1695222423,2837902,node,1.34,618377216,30253056,20733952,100.0,0.2,6.0,0.0,0:01,0,28278784,44118016,0,4083712,0.0,30253056,324,2,278,44,0,12.7,1.5,0.0,85.1,0.7,0.0,0.0,0.0,15794.9 MiB,3690.6 MiB,2191.2 MiB,9913.0 MiB,4096.0 MiB,3452.5 MiB,643.5 MiB,12899.8 MiB,,0,01.34
7,2017-07-11,nbody_50000000_original,7.10.1,nbody_6_original.js 50000000,2,1695222424,2837902,node,2.52,618377216,30253056,20733952,100.0,0.2,6.0,0.0,0:02,0,28278784,44118016,0,4083712,0.0,30253056,324,2,278,44,0,12.6,1.5,0.0,85.2,0.0,0.0,0.7,0.0,15794.9 MiB,3691.6 MiB,2198.2 MiB,9905.0 MiB,4096.0 MiB,3452.5 MiB,643.5 MiB,12900.8 MiB,,0,02.52
7,2017-07-11,nbody_50000000_original,7.10.1,nbody_6_original.js 50000000,3,1695222425,2837902,node,3.7,618377216,30253056,20733952,100.0,0.2,6.0,0.0,0:03,0,28278784,44118016,0,4083712,0.0,30253056,324,2,278,44,0,12.0,0.8,0.0,86.5,0.0,0.0,0.8,0.0,15794.9 MiB,3690.9 MiB,2198.9 MiB,9905.0 MiB,4096.0 MiB,3452.5 MiB,643.5 MiB,12900.1 MiB,,0,03.70
7,2017-07-11,nbody_50000000_original,7.10.1,nbody_6_original.js 50000000,4,1695222426,2837902,node,4.88,618377216,30253056,20733952,100.0,0.2,6.0,0.0,0:04,0,28278784,44118016,0,4083712,0.0,30253056,324,2,278,44,0,13.5,0.0,0.0,86.5,0.0,0.0,0.0,0.0,15794.9 MiB,3690.9 MiB,2198.9 MiB,9905.0 MiB,4096.0 MiB,3452.5 MiB,643.5 MiB,12900.1 MiB,,0,04.88
7,2017-07-11,nbody_50000000_original,7.10.1,nbody_6_original.js 50000000,5,1695222428,2837902,node,6.05,618377216,30253056,20733952,100.0,0.2,6.0,0.0,0:06,0,28278784,44118016,0,4083712,0.0,30253056,324,2,278,44,0,13.5,0.8,0.0,85.7,0.0,0.0,0.0,0.0,15794.9 MiB,3691.6 MiB,2198.2 MiB,9905.0 MiB,4096.0 MiB,3452.5 MiB,643.5 MiB,12900.8 MiB,,0,06.05
7,2017-07-11,nbody_50000000_original,7.10.1,nbody_6_original.js 50000000,6,1695222429,2837902,node,7.22,618377216,30253056,20733952,93.8,0.2,6.0,0.0,0:07,0,28278784,44118016,0,4083712,0.0,30253056,324,2,278,44,0,12.9,0.0,0.0,86.4,0.8,0.0,0.0,0.0,15794.9 MiB,3691.6 MiB,2198.2 MiB,9905.0 MiB,4096.0 MiB,3452.5 MiB,643.5 MiB,12900.8 MiB,,0,07.22
7,2017-07-11,nbody_50000000_original,7.10.1,nbody_6_original.js 50000000,7,1695222430,2837902,node,8.4,618377216,30253056,20733952,100.0,0.2,6.0,0.0,0:08,0,28278784,44118016,0,4083712,0.0,30253056,324,2,278,44,0,14.3,0.8,0.0,85.0,0.0,0.0,0.0,0.0,15794.9 MiB,3691.2 MiB,2198.7 MiB,9905.0 MiB,4096.0 MiB,3452.5 MiB,643.5 MiB,12900.3 MiB,,0,08.40
7,2017-07-11,nbody_50000000_original,7.10.1,nbody_6_original.js 50000000,8,1695222431,2837902,node,9.57,622571520,34304000,20733952,93.8,0.2,6.0,0.0,0:09,0,28278784,48312320,0,5132288,0.0,34304000,324,2,278,44,0,13.3,1.5,0.0,85.2,0.0,0.0,0.0,0.0,15794.9 MiB,3688.0 MiB,2201.9 MiB,9905.0 MiB,4096.0 MiB,3452.5 MiB,643.5 MiB,12897.1 MiB,,0,09.57
7,2017-07-11,nbody_50000000_original,7.10.1,nbody_6_original.js 50000000,9,1695222432,2837902,node,10.75,622571520,34304000,20733952,100.0,0.2,6.0,4.0,0:10,0,28278784,48312320,0,5132288,0.0,34304000,324,2,278,44,0,12.6,1.5,0.0,85.9,0.0,0.0,0.0,0.0,15794.9 MiB,3688.0 MiB,2201.9 MiB,9905.0 MiB,4096.0 MiB,3452.5 MiB,643.5 MiB,12897.1 MiB,,0,10.75
7,2017-07-11,nbody_50000000_original,7.10.1,nbody_6_original.js 50000000,10,1695222433,2837902,node,11.93,622571520,34304000,20733952,100.0,0.2,6.0,4.0,0:11,0,28278784,48312320,0,5132288,0.0,34304000,324,2,278,44,0,12.7,1.5,0.0,85.8,0.0,0.0,0.0,0.0,15794.9 MiB,3688.0 MiB,2201.9 MiB,9905.0 MiB,4096.0 MiB,3452.5 MiB,643.5 MiB,12897.1 MiB,,0,11.93
7,2017-07-11,nbody_50000000_original,7.10.1,nbody_6_original.js 50000000,11,1695222435,2837902,node,13.11,622571520,34304000,20733952,93.8,0.2,6.0,4.0,0:13,0,28278784,48312320,0,5132288,0.0,34304000,324,2,278,44,0,13.4,0.7,0.0,85.8,0.0,0.0,0.0,0.0,15794.9 MiB,3687.7 MiB,2202.1 MiB,9905.0 MiB,4096.0 MiB,3452.5 MiB,643.5 MiB,12896.9 MiB,,0,13.11
7,2017-07-11,nbody_50000000_original,7.10.1,nbody_6_original.js 50000000,12,1695222436,2837902,node,14.28,622571520,34304000,20733952,93.8,0.2,6.0,4.0,0:14,0,28278784,48312320,0,5132288,0.0,34304000,324,2,278,44,0,12.8,0.8,0.0,86.5,0.0,0.0,0.0,0.0,15794.9 MiB,3687.7 MiB,2202.1 MiB,9905.0 MiB,4096.0 MiB,3452.5 MiB,643.5 MiB,12896.9 MiB,,0,14.28
7,2017-07-11,nbody_50000000_original,7.10.1,nbody_6_original.js 50000000,13,1695222437,2837902,node,15.46,622571520,34304000,20733952,100.0,0.2,6.0,4.0,0:15,0,28278784,48312320,0,5132288,0.0,34304000,324,2,278,44,0,12.7,2.2,0.0,85.1,0.0,0.0,0.0,0.0,15794.9 MiB,3687.5 MiB,2202.4 MiB,9905.0 MiB,4096.0 MiB,3452.5 MiB,643.5 MiB,12896.6 MiB,,0,15.46
7,2017-07-11,nbody_50000000_original,7.10.1,nbody_6_original.js 50000000,14,1695222438,2837902,node,16.64,622571520,34304000,20733952,106.7,0.2,6.0,4.0,0:16,0,28278784,48312320,0,5132288,0.0,34304000,324,2,278,44,0,13.4,0.7,0.0,85.8,0.0,0.0,0.0,0.0,15794.9 MiB,3687.2 MiB,2202.6 MiB,9905.0 MiB,4096.0 MiB,3452.5 MiB,643.5 MiB,12896.4 MiB,,0,16.64
7,2017-07-11,nbody_50000000_original,7.10.1,nbody_6_original.js 50000000,15,1695222439,2837902,node,17.82,622571520,34304000,20733952,100.0,0.2,6.0,4.0,0:17,0,28278784,48312320,0,5132288,0.0,34304000,324,2,278,44,0,13.3,1.5,0.0,85.2,0.0,0.0,0.0,0.0,15794.9 MiB,3686.7 MiB,2203.0 MiB,9905.1 MiB,4096.0 MiB,3452.5 MiB,643.5 MiB,12895.9 MiB,,0,17.82
7,2017-07-11,nbody_50000000_original,7.10.1,nbody_6_original.js 50000000,16,1695222441,2837902,node,18.99,622571520,34304000,20733952,93.8,0.2,6.0,0.0,0:18,0,28278784,48312320,0,5132288,0.0,34304000,324,2,278,44,0,12.8,0.8,0.0,86.5,0.0,0.0,0.0,0.0,15794.9 MiB,3687.5 MiB,2202.4 MiB,9905.1 MiB,4096.0 MiB,3452.5 MiB,643.5 MiB,12896.6 MiB,,0,18.99
7,2017-07-11,nbody_50000000_original,7.10.1,nbody_6_original.js 50000000,17,1695222442,2837902,node,20.17,622571520,34304000,20733952,100.0,0.2,6.0,0.0,0:20,0,28278784,48312320,0,5132288,0.0,34304000,324,2,278,44,0,13.5,0.8,0.0,85.7,0.0,0.0,0.0,0.0,15794.9 MiB,3687.7 MiB,2202.1 MiB,9905.1 MiB,4096.0 MiB,3452.5 MiB,643.5 MiB,12896.9 MiB,,0,20.17
7,2017-07-11,nbody_50000000_original,7.10.1,nbody_6_original.js 50000000,18,1695222443,2837902,node,21.35,622571520,34304000,20733952,106.7,0.2,6.0,4.0,0:21,0,28278784,48312320,0,5132288,0.0,34304000,324,2,278,44,0,13.4,0.7,0.0,85.8,0.0,0.0,0.0,0.0,15794.9 MiB,3687.5 MiB,2202.4 MiB,9905.1 MiB,4096.0 MiB,3452.5 MiB,643.5 MiB,12896.7 MiB,,0,21.35
7,2017-07-11,nbody_50000000_original,7.10.1,nbody_6_original.js 50000000,19,1695222444,2837902,node,22.52,622571520,34304000,20733952,100.0,0.2,6.0,4.0,0:22,0,28278784,48312320,0,5132288,0.0,34304000,324,2,278,44,0,13.5,1.5,0.0,85.0,0.0,0.0,0.0,0.0,15794.9 MiB,3687.0 MiB,2202.8 MiB,9905.1 MiB,4096.0 MiB,3452.5 MiB,643.5 MiB,12896.2 MiB,,0,22.52
7,2017-07-11,nbody_50000000_original,7.10.1,nbody_6_original.js 50000000,20,1695222445,2837902,node,23.7,622571520,34304000,20733952,100.0,0.2,6.0,4.0,0:23,0,28278784,48312320,0,5132288,0.0,34304000,324,2,278,44,0,12.8,0.8,0.0,86.5,0.0,0.0,0.0,0.0,15794.9 MiB,3687.0 MiB,2202.8 MiB,9905.1 MiB,4096.0 MiB,3452.5 MiB,643.5 MiB,12896.2 MiB,,0,23.70
7,2017-07-11,nbody_50000000_original,7.10.1,nbody_6_original.js 50000000,21,1695222446,2837902,node,24.88,622571520,34304000,20733952,100.0,0.2,6.0,4.0,0:24,0,28278784,48312320,0,5132288,0.0,34304000,324,2,278,44,0,13.4,0.7,0.0,85.8,0.0,0.0,0.0,0.0,15794.9 MiB,3687.0 MiB,2202.8 MiB,9905.1 MiB,4096.0 MiB,3452.5 MiB,643.5 MiB,12896.2 MiB,,0,24.88
7,2017-07-11,nbody_50000000_original,7.10.1,nbody_6_original.js 50000000,22,1695222448,2837902,node,26.06,622571520,34304000,20733952,106.7,0.2,6.0,4.0,0:26,0,28278784,48312320,0,5132288,0.0,34304000,324,2,278,44,0,13.5,0.8,0.0,85.7,0.0,0.0,0.0,0.0,15794.9 MiB,3687.0 MiB,2202.8 MiB,9905.1 MiB,4096.0 MiB,3452.5 MiB,643.5 MiB,12896.2 MiB,,0,26.06
7,2017-07-11,nbody_50000000_original,7.10.1,nbody_6_original.js 50000000,23,1695222449,2837902,node,27.24,622571520,34304000,20733952,100.0,0.2,6.0,4.0,0:27,0,28278784,48312320,0,5132288,0.0,34304000,324,2,278,44,0,13.5,0.0,0.0,86.5,0.0,0.0,0.0,0.0,15794.9 MiB,3686.5 MiB,2203.3 MiB,9905.1 MiB,4096.0 MiB,3452.5 MiB,643.5 MiB,12895.7 MiB,,0,27.24
7,2017-07-11,nbody_50000000_original,7.10.1,nbody_6_original.js 50000000,24,1695222450,2837902,node,28.43,622571520,34304000,20733952,100.0,0.2,6.0,0.0,0:28,0,28278784,48312320,0,5132288,0.0,34304000,324,2,278,44,0,12.7,1.4,0.0,85.9,0.0,0.0,0.0,0.0,15794.9 MiB,3686.0 MiB,2203.8 MiB,9905.1 MiB,4096.0 MiB,3452.5 MiB,643.5 MiB,12895.2 MiB,,0,28.43
7,2017-07-11,nbody_50000000_original,7.10.1,nbody_6_original.js 50000000,25,1695222451,2837902,node,29.61,622571520,34304000,20733952,100.0,0.2,6.0,0.0,0:29,0,28278784,48312320,0,5132288,0.0,34304000,324,2,278,44,0,12.8,1.5,0.0,85.7,0.0,0.0,0.0,0.0,15794.9 MiB,3687.3 MiB,2202.5 MiB,9905.1 MiB,4096.0 MiB,3452.5 MiB,643.5 MiB,12896.5 MiB,,0,29.61
7,2017-07-11,nbody_50000000_original,7.10.1,nbody_6_original.js 50000000,26,1695222452,2837902,node,30.79,622571520,34304000,20733952,100.0,0.2,6.0,4.0,0:30,0,28278784,48312320,0,5132288,0.0,34304000,324,2,278,44,0,13.4,0.7,0.0,85.8,0.0,0.0,0.0,0.0,15794.9 MiB,3687.7 MiB,2202.1 MiB,9905.1 MiB,4096.0 MiB,3452.5 MiB,643.5 MiB,12896.9 MiB,,0,30.79
7,2017-07-11,nbody_50000000_original,7.10.1,nbody_6_original.js 50000000,27,1695222454,2837902,node,31.96,622571520,34304000,20733952,93.8,0.2,6.0,4.0,0:31,0,28278784,48312320,0,5132288,0.0,34304000,324,2,278,44,0,12.7,1.5,0.0,85.8,0.0,0.0,0.0,0.0,15794.9 MiB,3687.5 MiB,2202.3 MiB,9905.1 MiB,4096.0 MiB,3452.5 MiB,643.5 MiB,12896.7 MiB,,0,31.96
7,2017-07-11,nbody_50000000_original,7.10.1,nbody_6_original.js 50000000,28,1695222455,2837902,node,33.14,622571520,34304000,20733952,100.0,0.2,6.0,4.0,0:33,0,28278784,48312320,0,5132288,0.0,34304000,324,2,278,44,0,13.5,0.8,0.0,85.7,0.0,0.0,0.0,0.0,15794.9 MiB,3687.8 MiB,2202.0 MiB,9905.1 MiB,4096.0 MiB,3452.5 MiB,643.5 MiB,12897.0 MiB,,0,33.14
7,2017-07-11,nbody_50000000_original,7.10.1,nbody_6_original.js 50000000,29,1695222456,2837902,node,34.32,622571520,34304000,20733952,100.0,0.2,6.0,4.0,0:34,0,28278784,48312320,0,5132288,0.0,34304000,324,2,278,44,0,12.7,1.5,0.0,85.8,0.0,0.0,0.0,0.0,15794.9 MiB,3687.7 MiB,2202.1 MiB,9905.1 MiB,4096.0 MiB,3452.5 MiB,643.5 MiB,12896.9 MiB,,0,34.32
7,2017-07-11,nbody_50000000_original,7.10.1,nbody_6_original.js 50000000,30,1695222457,2837902,node,35.5,622571520,34304000,20733952,100.0,0.2,6.0,4.0,0:35,0,28278784,48312320,0,5132288,0.0,34304000,324,2,278,44,0,13.2,1.5,0.0,85.3,0.0,0.0,0.0,0.0,15794.9 MiB,3687.7 MiB,2202.1 MiB,9905.1 MiB,4096.0 MiB,3452.5 MiB,643.5 MiB,12896.9 MiB,,0,35.50
7,2017-07-11,nbody_50000000_original,7.10.1,nbody_6_original.js 50000000,31,1695222458,2837902,node,36.67,622571520,34304000,20733952,93.8,0.2,6.0,4.0,0:36,0,28278784,48312320,0,5132288,0.0,34304000,324,2,278,44,0,13.5,0.8,0.0,85.7,0.0,0.0,0.0,0.0,15794.9 MiB,3688.0 MiB,2201.8 MiB,9905.1 MiB,4096.0 MiB,3452.5 MiB,643.5 MiB,12897.2 MiB,,0,36.67
7,2017-07-11,nbody_50000000_original,7.10.1,nbody_6_original.js 50000000,32,1695222459,2837902,node,37.85,622571520,34304000,20733952,100.0,0.2,6.0,4.0,0:37,0,28278784,48312320,0,5132288,0.0,34304000,324,2,278,44,0,12.8,0.8,0.0,86.5,0.0,0.0,0.0,0.0,15794.9 MiB,3687.2 MiB,2202.6 MiB,9905.1 MiB,4096.0 MiB,3452.5 MiB,643.5 MiB,12896.4 MiB,,0,37.85
7,2017-07-11,nbody_50000000_original,7.10.1,nbody_6_original.js 50000000,33,1695222461,2837902,node,39.03,622571520,34304000,20733952,100.0,0.2,6.0,4.0,0:39,0,28278784,48312320,0,5132288,0.0,34304000,324,2,278,44,0,12.7,0.7,0.0,86.6,0.0,0.0,0.0,0.0,15794.9 MiB,3688.0 MiB,2201.8 MiB,9905.1 MiB,4096.0 MiB,3452.5 MiB,643.5 MiB,12897.2 MiB,,0,39.03
7,2017-07-11,nbody_50000000_original,7.10.1,nbody_6_original.js 50000000,34,1695222462,2837902,node,40.2,622571520,34304000,20733952,93.8,0.2,6.0,4.0,0:40,0,28278784,48312320,0,5132288,0.0,34304000,324,2,278,44,0,13.3,1.5,0.0,85.2,0.0,0.0,0.0,0.0,15794.9 MiB,3688.0 MiB,2201.8 MiB,9905.1 MiB,4096.0 MiB,3452.5 MiB,643.5 MiB,12897.2 MiB,,0,40.20
7,2017-07-11,nbody_50000000_original,7.10.1,nbody_6_original.js 50000000,35,1695222463,2837902,node,41.38,622571520,34304000,20733952,100.0,0.2,6.0,4.0,0:41,0,28278784,48312320,0,5132288,0.0,34304000,324,2,278,44,0,12.7,1.5,0.0,85.8,0.0,0.0,0.0,0.0,15794.9 MiB,3687.5 MiB,2202.3 MiB,9905.1 MiB,4096.0 MiB,3452.5 MiB,643.5 MiB,12896.7 MiB,,0,41.38
7,2017-07-11,nbody_50000000_original,7.10.1,nbody_6_original.js 50000000,36,1695222464,2837902,node,42.56,622571520,34304000,20733952,100.0,0.2,6.0,4.0,0:42,0,28278784,48312320,0,5132288,0.0,34304000,324,2,278,44,0,12.6,2.2,0.0,85.2,0.0,0.0,0.0,0.0,15794.9 MiB,3687.0 MiB,2202.8 MiB,9905.1 MiB,4096.0 MiB,3452.5 MiB,643.5 MiB,12896.2 MiB,,0,42.56
7,2017-07-11,nbody_50000000_original,7.10.1,nbody_6_original.js 50000000,37,1695222465,2837902,node,43.74,622571520,34304000,20733952,100.0,0.2,6.0,4.0,0:43,0,28278784,48312320,0,5132288,0.0,34304000,324,2,278,44,0,14.0,1.5,0.0,84.6,0.0,0.0,0.0,0.0,15794.9 MiB,3686.7 MiB,2203.0 MiB,9905.1 MiB,4096.0 MiB,3452.5 MiB,643.5 MiB,12896.0 MiB,,0,43.74
7,2017-07-11,nbody_50000000_original,7.10.1,nbody_6_original.js 50000000,38,1695222466,2837902,node,44.91,622571520,34304000,20733952,93.8,0.2,6.0,4.0,0:44,0,28278784,48312320,0,5132288,0.0,34304000,324,2,278,44,0,13.4,0.7,0.0,85.8,0.0,0.0,0.0,0.0,15794.9 MiB,3686.7 MiB,2203.0 MiB,9905.1 MiB,4096.0 MiB,3452.5 MiB,643.5 MiB,12896.0 MiB,,0,44.91
7,2017-07-11,nbody_50000000_original,7.10.1,nbody_6_original.js 50000000,39,1695222468,2837902,node,46.09,622571520,34304000,20733952,100.0,0.2,6.0,4.0,0:46,0,28278784,48312320,0,5132288,0.0,34304000,324,2,278,44,0,12.7,1.5,0.0,85.8,0.0,0.0,0.0,0.0,15794.9 MiB,3686.5 MiB,2203.3 MiB,9905.1 MiB,4096.0 MiB,3452.5 MiB,643.5 MiB,12895.7 MiB,,0,46.09
7,2017-07-11,nbody_50000000_original,7.10.1,nbody_6_original.js 50000000,40,1695222469,2837902,node,47.27,622571520,34304000,20733952,100.0,0.2,6.0,0.0,0:47,0,28278784,48312320,0,5132288,0.0,34304000,324,2,278,44,0,12.8,1.5,0.0,85.7,0.0,0.0,0.0,0.0,15794.9 MiB,3686.0 MiB,2203.8 MiB,9905.1 MiB,4096.0 MiB,3452.5 MiB,643.5 MiB,12895.2 MiB,,0,47.27
7,2017-07-11,nbody_50000000_original,7.10.1,nbody_6_original.js 50000000,41,1695222470,2837902,node,48.44,622571520,34304000,20733952,93.8,0.2,6.0,0.0,0:48,0,28278784,48312320,0,5132288,0.0,34304000,324,2,278,44,0,12.7,1.5,0.0,85.8,0.0,0.0,0.0,0.0,15794.9 MiB,3686.5 MiB,2203.3 MiB,9905.1 MiB,4096.0 MiB,3452.5 MiB,643.5 MiB,12895.7 MiB,,0,48.44
7,2017-07-11,nbody_50000000_original,7.10.1,nbody_6_original.js 50000000,42,1695222471,2837902,node,49.62,622571520,34304000,20733952,100.0,0.2,6.0,0.0,0:49,0,28278784,48312320,0,5132288,0.0,34304000,324,2,278,44,0,12.8,0.8,0.0,86.5,0.0,0.0,0.0,0.0,15794.9 MiB,3686.5 MiB,2203.3 MiB,9905.1 MiB,4096.0 MiB,3452.5 MiB,643.5 MiB,12895.7 MiB,,0,49.62
7,2017-07-11,nbody_50000000_original,7.10.1,nbody_6_original.js 50000000,43,1695222472,2837902,node,50.8,622571520,34304000,20733952,100.0,0.2,6.0,0.0,0:50,0,28278784,48312320,0,5132288,0.0,34304000,324,2,278,44,0,12.1,0.8,0.0,87.1,0.0,0.0,0.0,0.0,15794.9 MiB,3686.2 MiB,2203.5 MiB,9905.1 MiB,4096.0 MiB,3452.5 MiB,643.5 MiB,12895.5 MiB,,0,50.80
7,2017-07-11,nbody_50000000_original,7.10.1,nbody_6_original.js 50000000,44,1695222474,2837902,node,51.98,622571520,34304000,20733952,100.0,0.2,6.0,0.0,0:51,0,28278784,48312320,0,5132288,0.0,34304000,324,2,278,44,0,13.4,0.7,0.0,85.8,0.0,0.0,0.0,0.0,15794.9 MiB,3686.2 MiB,2203.5 MiB,9905.1 MiB,4096.0 MiB,3452.5 MiB,643.5 MiB,12895.5 MiB,,0,51.98
7,2017-07-11,nbody_50000000_original,7.10.1,nbody_6_original.js 50000000,45,1695222475,2837902,node,53.16,622571520,34304000,20733952,106.7,0.2,6.0,4.0,0:53,0,28278784,48312320,0,5132288,0.0,34304000,324,2,278,44,0,12.6,2.2,0.0,84.4,0.7,0.0,0.0,0.0,15794.9 MiB,3686.5 MiB,2203.3 MiB,9905.1 MiB,4096.0 MiB,3452.5 MiB,643.5 MiB,12895.7 MiB,,0,53.16
7,2017-07-11,nbody_50000000_original,7.10.1,nbody_6_original.js 50000000,46,1695222476,2837902,node,54.34,622571520,34304000,20733952,100.0,0.2,6.0,4.0,0:54,0,28278784,48312320,0,5132288,0.0,34304000,324,2,278,44,0,12.9,0.8,0.0,86.4,0.0,0.0,0.0,0.0,15794.9 MiB,3685.8 MiB,2204.0 MiB,9905.1 MiB,4096.0 MiB,3452.5 MiB,643.5 MiB,12895.0 MiB,,0,54.34
7,2017-07-11,nbody_50000000_original,7.10.1,nbody_6_original.js 50000000,47,1695222477,2837902,node,55.51,622571520,34304000,20733952,100.0,0.2,6.0,4.0,0:55,0,28278784,48312320,0,5132288,0.0,34304000,324,2,278,44,0,12.8,0.8,0.0,86.5,0.0,0.0,0.0,0.0,15794.9 MiB,3686.0 MiB,2203.8 MiB,9905.1 MiB,4096.0 MiB,3452.5 MiB,643.5 MiB,12895.2 MiB,,0,55.51
7,2017-07-11,nbody_50000000_original,7.10.1,nbody_6_original.js 50000000,48,1695222478,2837902,node,56.69,622571520,34304000,20733952,100.0,0.2,6.0,0.0,0:56,0,28278784,48312320,0,5132288,0.0,34304000,324,2,278,44,0,12.7,1.5,0.0,85.8,0.0,0.0,0.0,0.0,15794.9 MiB,3686.7 MiB,2203.0 MiB,9905.1 MiB,4096.0 MiB,3452.5 MiB,643.5 MiB,12896.0 MiB,,0,56.69
7,2017-07-11,nbody_50000000_original,7.10.1,nbody_6_original.js 50000000,49,1695222479,2837902,node,57.87,622571520,34304000,20733952,100.0,0.2,6.0,0.0,0:57,0,28278784,48312320,0,5132288,0.0,34304000,324,2,278,44,0,12.8,0.8,0.0,86.5,0.0,0.0,0.0,0.0,15794.9 MiB,3686.7 MiB,2203.2 MiB,9904.9 MiB,4096.0 MiB,3452.5 MiB,643.5 MiB,12896.0 MiB,,0,57.87
7,2017-07-11,nbody_50000000_original,7.10.1,nbody_6_original.js 50000000,50,1695222481,2837902,node,59.04,622571520,34304000,20733952,100.0,0.2,6.0,4.0,0:59,0,28278784,48312320,0,5132288,0.0,34304000,324,2,278,44,0,13.4,1.5,0.0,85.1,0.0,0.0,0.0,0.0,15794.9 MiB,3686.7 MiB,2203.2 MiB,9904.9 MiB,4096.0 MiB,3452.5 MiB,643.5 MiB,12896.0 MiB,,0,59.04
7,2017-07-11,nbody_50000000_original,7.10.1,nbody_6_original.js 50000000,51,1695222482,2837902,node,60.22,622571520,34304000,20733952,100.0,0.2,6.0,4.0,1:00,0,28278784,48312320,0,5132288,0.0,34304000,324,2,278,44,0,12.1,0.8,0.0,87.1,0.0,0.0,0.0,0.0,15794.9 MiB,3686.7 MiB,2203.2 MiB,9904.9 MiB,4096.0 MiB,3452.5 MiB,643.5 MiB,12896.0 MiB,,1,00.22
7,2017-07-11,nbody_50000000_original,7.10.1,nbody_6_original.js 50000000,52,1695222483,2837902,node,61.4,622571520,34304000,20733952,100.0,0.2,6.0,0.0,1:01,0,28278784,48312320,0,5132288,0.0,34304000,324,2,278,44,0,12.8,0.8,0.0,86.5,0.0,0.0,0.0,0.0,15794.9 MiB,3686.5 MiB,2203.4 MiB,9904.9 MiB,4096.0 MiB,3452.5 MiB,643.5 MiB,12895.7 MiB,,1,01.40
7,2017-07-11,nbody_50000000_original,7.10.1,nbody_6_original.js 50000000,53,1695222484,2837902,node,62.58,622571520,34304000,20733952,100.0,0.2,6.0,0.0,1:02,0,28278784,48312320,0,5132288,0.0,34304000,324,2,278,44,0,12.8,0.8,0.0,86.5,0.0,0.0,0.0,0.0,15794.9 MiB,3687.0 MiB,2203.0 MiB,9904.9 MiB,4096.0 MiB,3452.5 MiB,643.5 MiB,12896.2 MiB,,1,02.58
7,2017-07-11,nbody_50000000_original,7.10.1,nbody_6_original.js 50000000,54,1695222485,2837902,node,63.75,630960128,42684416,20733952,93.8,0.3,6.0,0.0,1:03,0,28278784,56700928,0,7229440,0.0,42684416,324,2,278,44,0,14.1,0.7,0.0,85.2,0.0,0.0,0.0,0.0,15794.9 MiB,3679.1 MiB,2210.8 MiB,9904.9 MiB,4096.0 MiB,3452.5 MiB,643.5 MiB,12888.4 MiB,,1,03.75
7,2017-07-11,nbody_50000000_original,7.10.1,nbody_6_original.js 50000000,55,1695222486,2837902,node,64.93,630960128,42684416,20733952,100.0,0.3,6.0,0.0,1:04,0,28278784,56700928,0,7229440,0.0,42684416,324,2,278,44,0,13.5,0.8,0.0,85.7,0.0,0.0,0.0,0.0,15794.9 MiB,3679.9 MiB,2210.1 MiB,9904.9 MiB,4096.0 MiB,3452.5 MiB,643.5 MiB,12889.1 MiB,,1,04.93
7,2017-07-11,nbody_50000000_original,7.10.1,nbody_6_original.js 50000000,56,1695222488,2837902,node,66.11,630960128,42684416,20733952,100.0,0.3,6.0,0.0,1:06,0,28278784,56700928,0,7229440,0.0,42684416,324,2,278,44,0,12.7,1.5,0.0,85.1,0.0,0.0,0.7,0.0,15794.9 MiB,3679.9 MiB,2210.1 MiB,9904.9 MiB,4096.0 MiB,3452.5 MiB,643.5 MiB,12889.1 MiB,,1,06.11
7,2017-07-11,nbody_50000000_original,7.10.1,nbody_6_original.js 50000000,57,1695222489,2837902,node,67.28,630960128,42684416,20733952,93.8,0.3,6.0,0.0,1:07,0,28278784,56700928,0,7229440,0.0,42684416,324,2,278,44,0,13.9,2.2,0.0,83.9,0.0,0.0,0.0,0.0,15794.9 MiB,3679.6 MiB,2210.3 MiB,9904.9 MiB,4096.0 MiB,3452.5 MiB,643.5 MiB,12888.9 MiB,,1,07.28
7,2017-07-11,nbody_50000000_original,7.10.1,nbody_6_original.js 50000000,58,1695222490,2837902,node,68.46000000000001,630960128,42684416,20733952,100.0,0.3,6.0,0.0,1:08,0,28278784,56700928,0,7229440,0.0,42684416,324,2,278,44,0,14.2,0.7,0.0,85.1,0.0,0.0,0.0,0.0,15794.9 MiB,3679.9 MiB,2210.1 MiB,9904.9 MiB,4096.0 MiB,3452.5 MiB,643.5 MiB,12889.1 MiB,,1,08.46
7,2017-07-11,nbody_50000000_original,7.10.1,nbody_6_original.js 50000000,59,1695222491,2837902,node,69.64,630960128,42684416,20733952,100.0,0.3,6.0,0.0,1:09,0,28278784,56700928,0,7229440,0.0,42684416,324,2,278,44,0,12.8,0.8,0.0,86.5,0.0,0.0,0.0,0.0,15794.9 MiB,3680.1 MiB,2209.8 MiB,9904.9 MiB,4096.0 MiB,3452.5 MiB,643.5 MiB,12889.4 MiB,,1,09.64
7,2017-07-11,nbody_50000000_original,7.10.1,nbody_6_original.js 50000000,60,1695222492,2837902,node,70.81,630960128,42684416,20733952,93.8,0.3,6.0,0.0,1:10,0,28278784,56700928,0,7229440,0.0,42684416,324,2,278,44,0,12.1,0.8,0.0,87.1,0.0,0.0,0.0,0.0,15794.9 MiB,3680.8 MiB,2209.1 MiB,9904.9 MiB,4096.0 MiB,3452.5 MiB,643.5 MiB,12890.1 MiB,,1,10.81
7,2017-07-11,nbody_50000000_original,7.10.1,nbody_6_original.js 50000000,61,1695222494,2837902,node,71.99,630960128,42684416,20733952,100.0,0.3,6.0,0.0,1:11,0,28278784,56700928,0,7229440,0.0,42684416,324,2,278,44,0,12.7,0.7,0.0,86.6,0.0,0.0,0.0,0.0,15794.9 MiB,3680.8 MiB,2209.1 MiB,9904.9 MiB,4096.0 MiB,3452.5 MiB,643.5 MiB,12890.1 MiB,,1,11.99
7,2017-07-11,nbody_50000000_original,7.10.1,nbody_6_original.js 50000000,62,1695222495,2837902,node,73.17,630960128,42684416,20733952,100.0,0.3,6.0,0.0,1:13,0,28278784,56700928,0,7229440,0.0,42684416,324,2,278,44,0,12.7,2.2,0.0,85.1,0.0,0.0,0.0,0.0,15794.9 MiB,3680.8 MiB,2209.1 MiB,9904.9 MiB,4096.0 MiB,3452.5 MiB,643.5 MiB,12890.1 MiB,,1,13.17
7,2017-07-11,nbody_50000000_original,7.10.1,nbody_6_original.js 50000000,63,1695222496,2837902,node,74.35,630960128,42684416,20733952,100.0,0.3,6.0,4.0,1:14,0,28278784,56700928,0,7229440,0.0,42684416,324,2,278,44,0,13.4,0.7,0.0,85.8,0.0,0.0,0.0,0.0,15794.9 MiB,3680.8 MiB,2209.1 MiB,9904.9 MiB,4096.0 MiB,3452.5 MiB,643.5 MiB,12890.1 MiB,,1,14.35
7,2017-07-11,nbody_50000000_original,7.10.1,nbody_6_original.js 50000000,64,1695222497,2837902,node,75.53,630960128,42684416,20733952,100.0,0.3,6.0,4.0,1:15,0,28278784,56700928,0,7229440,0.0,42684416,324,2,278,44,0,12.1,0.8,0.0,87.1,0.0,0.0,0.0,0.0,15794.9 MiB,3681.6 MiB,2208.3 MiB,9904.9 MiB,4096.0 MiB,3452.5 MiB,643.5 MiB,12890.8 MiB,,1,15.53
7,2017-07-11,nbody_50000000_original,7.10.1,nbody_6_original.js 50000000,65,1695222498,2837902,node,76.71000000000001,630960128,42684416,20733952,100.0,0.3,6.0,4.0,1:16,0,28278784,56700928,0,7229440,0.0,42684416,324,2,278,44,0,12.0,1.5,0.0,86.5,0.0,0.0,0.0,0.0,15794.9 MiB,3681.6 MiB,2208.3 MiB,9904.9 MiB,4096.0 MiB,3452.5 MiB,643.5 MiB,12890.8 MiB,,1,16.71
7,2017-07-11,nbody_50000000_original,7.10.1,nbody_6_original.js 50000000,66,1695222499,2837902,node,77.89,630960128,42684416,20733952,100.0,0.3,6.0,4.0,1:17,0,28278784,56700928,0,7229440,0.0,42684416,324,2,278,44,0,12.9,0.8,0.0,86.4,0.0,0.0,0.0,0.0,15794.9 MiB,3681.3 MiB,2208.6 MiB,9904.9 MiB,4096.0 MiB,3452.5 MiB,643.5 MiB,12890.6 MiB,,1,17.89
7,2017-07-11,nbody_50000000_original,7.10.1,nbody_6_original.js 50000000,67,1695222501,2837902,node,79.06,630960128,42684416,20733952,100.0,0.3,6.0,0.0,1:19,0,28278784,56700928,0,7229440,0.0,42684416,324,2,278,44,0,12.9,0.8,0.0,86.4,0.0,0.0,0.0,0.0,15794.9 MiB,3681.6 MiB,2208.3 MiB,9904.9 MiB,4096.0 MiB,3452.5 MiB,643.5 MiB,12890.8 MiB,,1,19.06
7,2017-07-11,nbody_50000000_original,7.10.1,nbody_6_original.js 50000000,68,1695222502,2837902,node,80.24,630960128,42684416,20733952,106.7,0.3,6.0,0.0,1:20,0,28278784,56700928,0,7229440,0.0,42684416,324,2,278,44,0,13.4,1.5,0.0,85.1,0.0,0.0,0.0,0.0,15794.9 MiB,3681.1 MiB,2208.8 MiB,9904.9 MiB,4096.0 MiB,3452.5 MiB,643.5 MiB,12890.4 MiB,,1,20.24
7,2017-07-11,nbody_50000000_original,7.10.1,nbody_6_original.js 50000000,69,1695222503,2837902,node,81.42,630960128,42684416,20733952,100.0,0.3,6.0,0.0,1:21,0,28278784,56700928,0,7229440,0.0,42684416,324,2,278,44,0,12.7,1.5,0.0,85.8,0.0,0.0,0.0,0.0,15794.9 MiB,3681.3 MiB,2208.6 MiB,9904.9 MiB,4096.0 MiB,3452.5 MiB,643.5 MiB,12890.6 MiB,,1,21.42
7,2017-07-11,nbody_50000000_original,7.10.1,nbody_6_original.js 50000000,70,1695222504,2837902,node,82.59,630960128,42684416,20733952,100.0,0.3,6.0,0.0,1:22,0,28278784,56700928,0,7229440,0.0,42684416,324,2,278,44,0,12.7,1.5,0.0,85.8,0.0,0.0,0.0,0.0,15794.9 MiB,3681.1 MiB,2208.8 MiB,9905.0 MiB,4096.0 MiB,3452.5 MiB,643.5 MiB,12890.4 MiB,,1,22.59
7,2017-07-11,nbody_50000000_original,7.10.1,nbody_6_original.js 50000000,71,1695222505,2837902,node,83.77,630960128,42684416,20733952,100.0,0.3,6.0,0.0,1:23,0,28278784,56700928,0,7229440,0.0,42684416,324,2,278,44,0,14.0,1.5,0.0,84.6,0.0,0.0,0.0,0.0,15794.9 MiB,3681.1 MiB,2208.8 MiB,9905.0 MiB,4096.0 MiB,3452.5 MiB,643.5 MiB,12890.4 MiB,,1,23.77
7,2017-07-11,nbody_50000000_original,7.10.1,nbody_6_original.js 50000000,72,1695222507,2837902,node,84.95,630960128,42684416,20733952,100.0,0.3,6.0,0.0,1:24,0,28278784,56700928,0,7229440,0.0,42684416,324,2,278,44,0,12.8,0.8,0.0,86.5,0.0,0.0,0.0,0.0,15794.9 MiB,3680.8 MiB,2209.1 MiB,9905.0 MiB,4096.0 MiB,3452.5 MiB,643.5 MiB,12890.1 MiB,,1,24.95
7,2017-07-11,nbody_50000000_original,7.10.1,nbody_6_original.js 50000000,73,1695222508,2837902,node,86.12,630960128,42684416,20733952,100.0,0.3,6.0,0.0,1:26,0,28278784,56700928,0,7229440,0.0,42684416,324,2,278,44,0,13.5,0.8,0.0,85.7,0.0,0.0,0.0,0.0,15794.9 MiB,3680.4 MiB,2209.5 MiB,9905.0 MiB,4096.0 MiB,3452.5 MiB,643.5 MiB,12889.6 MiB,,1,26.12
7,2017-07-11,nbody_50000000_original,7.10.1,nbody_6_original.js 50000000,74,1695222509,2837902,node,87.3,630960128,42684416,20733952,100.0,0.3,6.0,0.0,1:27,0,28278784,56700928,0,7229440,0.0,42684416,324,2,278,44,0,14.1,0.7,0.0,85.2,0.0,0.0,0.0,0.0,15794.9 MiB,3680.4 MiB,2209.5 MiB,9905.0 MiB,4096.0 MiB,3452.5 MiB,643.5 MiB,12889.6 MiB,,1,27.30
7,2017-07-11,nbody_50000000_original,7.10.1,nbody_6_original.js 50000000,75,1695222510,2837902,node,88.47,630960128,42684416,20733952,93.8,0.3,6.0,0.0,1:28,0,28278784,56700928,0,7229440,0.0,42684416,324,2,278,44,0,12.8,1.5,0.0,85.7,0.0,0.0,0.0,0.0,15794.9 MiB,3680.6 MiB,2209.3 MiB,9905.0 MiB,4096.0 MiB,3452.5 MiB,643.5 MiB,12889.9 MiB,,1,28.47
7,2017-07-11,nbody_50000000_original,7.10.1,nbody_6_original.js 50000000,76,1695222511,2837902,node,89.65,630960128,42684416,20733952,100.0,0.3,6.0,0.0,1:29,0,28278784,56700928,0,7229440,0.0,42684416,324,2,278,44,0,12.7,1.5,0.0,85.8,0.0,0.0,0.0,0.0,15794.9 MiB,3682.6 MiB,2207.3 MiB,9905.0 MiB,4096.0 MiB,3452.5 MiB,643.5 MiB,12891.9 MiB,,1,29.65
7,2017-07-11,nbody_50000000_original,7.10.1,nbody_6_original.js 50000000,77,1695222512,2837902,node,90.83,630960128,42684416,20733952,100.0,0.3,6.0,0.0,1:30,0,28278784,56700928,0,7229440,0.0,42684416,324,2,278,44,0,14.1,0.7,0.0,85.2,0.0,0.0,0.0,0.0,15794.9 MiB,3683.8 MiB,2206.1 MiB,9905.0 MiB,4096.0 MiB,3452.5 MiB,643.5 MiB,12893.1 MiB,,1,30.83
7,2017-07-11,nbody_50000000_original,7.10.1,nbody_6_original.js 50000000,78,1695222514,2837902,node,92.00999999999999,630960128,42684416,20733952,100.0,0.3,6.0,0.0,1:32,0,28278784,56700928,0,7229440,0.0,42684416,324,2,278,44,0,12.8,0.8,0.0,86.5,0.0,0.0,0.0,0.0,15794.9 MiB,3683.6 MiB,2206.3 MiB,9905.0 MiB,4096.0 MiB,3452.5 MiB,643.5 MiB,12892.9 MiB,,1,32.01
7,2017-07-11,nbody_50000000_original,7.10.1,nbody_6_original.js 50000000,79,1695222515,2837902,node,93.18,630960128,42684416,20733952,93.8,0.3,6.0,0.0,1:33,0,28278784,56700928,0,7229440,0.0,42684416,324,2,278,44,0,12.7,1.5,0.0,85.1,0.7,0.0,0.0,0.0,15794.9 MiB,3682.6 MiB,2207.3 MiB,9905.0 MiB,4096.0 MiB,3452.5 MiB,643.5 MiB,12891.9 MiB,,1,33.18
7,2017-07-11,nbody_50000000_original,7.10.1,nbody_6_original.js 50000000,80,1695222516,2837902,node,94.36,630960128,42684416,20733952,100.0,0.3,6.0,0.0,1:34,0,28278784,56700928,0,7229440,0.0,42684416,324,2,278,44,0,12.8,0.8,0.0,86.5,0.0,0.0,0.0,0.0,15794.9 MiB,3682.6 MiB,2207.3 MiB,9905.0 MiB,4096.0 MiB,3452.5 MiB,643.5 MiB,12891.9 MiB,,1,34.36
7,2017-07-11,nbody_50000000_original,7.10.1,nbody_6_original.js 50000000,81,1695222517,2837902,node,95.53999999999999,630960128,42684416,20733952,100.0,0.3,6.0,0.0,1:35,0,28278784,56700928,0,7229440,0.0,42684416,324,2,278,44,0,13.5,0.8,0.0,85.7,0.0,0.0,0.0,0.0,15794.9 MiB,3682.6 MiB,2207.3 MiB,9905.0 MiB,4096.0 MiB,3452.5 MiB,643.5 MiB,12891.9 MiB,,1,35.54
7,2017-07-11,nbody_50000000_original,7.10.1,nbody_6_original.js 50000000,82,1695222518,2837902,node,96.72,630960128,42684416,20733952,100.0,0.3,6.0,0.0,1:36,0,28278784,56700928,0,7229440,0.0,42684416,324,2,278,44,0,12.8,0.8,0.0,86.5,0.0,0.0,0.0,0.0,15794.9 MiB,3681.6 MiB,2208.3 MiB,9905.0 MiB,4096.0 MiB,3452.5 MiB,643.5 MiB,12890.9 MiB,,1,36.72
7,2017-07-11,nbody_50000000_original,7.10.1,nbody_6_original.js 50000000,83,1695222519,2837902,node,97.89,630960128,42684416,20733952,93.8,0.3,6.0,0.0,1:37,0,28278784,56700928,0,7229440,0.0,42684416,324,2,278,44,0,12.7,1.5,0.0,85.8,0.0,0.0,0.0,0.0,15794.9 MiB,3681.4 MiB,2208.5 MiB,9905.0 MiB,4096.0 MiB,3452.5 MiB,643.5 MiB,12890.7 MiB,,1,37.89
7,2017-07-11,nbody_50000000_original,7.10.1,nbody_6_original.js 50000000,84,1695222521,2837902,node,99.07,630960128,42684416,20733952,100.0,0.3,6.0,0.0,1:39,0,28278784,56700928,0,7229440,0.0,42684416,324,2,278,44,0,12.7,0.7,0.0,85.8,0.7,0.0,0.0,0.0,15794.9 MiB,3681.8 MiB,2208.0 MiB,9905.0 MiB,4096.0 MiB,3452.5 MiB,643.5 MiB,12891.2 MiB,,1,39.07
7,2017-07-11,nbody_50000000_original,7.10.1,nbody_6_original.js 50000000,85,1695222522,2837902,node,100.25,630960128,42684416,20733952,100.0,0.3,6.0,0.0,1:40,0,28278784,56700928,0,7229440,0.0,42684416,324,2,278,44,0,13.3,1.5,0.0,85.2,0.0,0.0,0.0,0.0,15794.9 MiB,3681.4 MiB,2208.5 MiB,9905.0 MiB,4096.0 MiB,3452.5 MiB,643.5 MiB,12890.7 MiB,,1,40.25
7,2017-07-11,nbody_50000000_original,7.10.1,nbody_6_original.js 50000000,86,1695222523,2837902,node,101.43,630960128,42684416,20733952,100.0,0.3,6.0,0.0,1:41,0,28278784,56700928,0,7229440,0.0,42684416,324,2,278,44,0,12.7,1.5,0.0,85.8,0.0,0.0,0.0,0.0,15794.9 MiB,3681.1 MiB,2208.8 MiB,9905.0 MiB,4096.0 MiB,3452.5 MiB,643.5 MiB,12890.4 MiB,,1,41.43
7,2017-07-11,nbody_50000000_original,7.10.1,nbody_6_original.js 50000000,87,1695222524,2837902,node,102.61,630960128,42684416,20733952,106.2,0.3,6.0,0.0,1:42,0,28278784,56700928,0,7229440,0.0,42684416,324,2,278,44,0,12.8,1.5,0.0,85.7,0.0,0.0,0.0,0.0,15794.9 MiB,3680.6 MiB,2209.3 MiB,9905.0 MiB,4096.0 MiB,3452.5 MiB,643.5 MiB,12889.9 MiB,,1,42.61
7,2017-07-11,nbody_50000000_original,7.10.1,nbody_6_original.js 50000000,88,1695222525,2837902,node,103.78999999999999,630960128,42684416,20733952,100.0,0.3,6.0,0.0,1:43,0,28278784,56700928,0,7229440,0.0,42684416,324,2,278,44,0,12.8,0.8,0.0,86.5,0.0,0.0,0.0,0.0,15794.9 MiB,3680.6 MiB,2209.3 MiB,9905.0 MiB,4096.0 MiB,3452.5 MiB,643.5 MiB,12889.9 MiB,,1,43.79
7,2017-07-11,nbody_50000000_original,7.10.1,nbody_6_original.js 50000000,89,1695222527,2837902,node,104.97,630960128,42684416,20733952,100.0,0.3,6.0,0.0,1:44,0,28278784,56700928,0,7229440,0.0,42684416,324,2,278,44,0,13.5,0.0,0.0,86.5,0.0,0.0,0.0,0.0,15794.9 MiB,3680.4 MiB,2209.5 MiB,9905.0 MiB,4096.0 MiB,3452.5 MiB,643.5 MiB,12889.7 MiB,,1,44.97
7,2017-07-11,nbody_50000000_original,7.10.1,nbody_6_original.js 50000000,90,1695222528,2837902,node,106.14,630960128,42684416,20733952,100.0,0.3,6.0,0.0,1:46,0,28278784,56700928,0,7229440,0.0,42684416,324,2,278,44,0,12.8,0.8,0.0,86.5,0.0,0.0,0.0,0.0,15794.9 MiB,3680.1 MiB,2209.7 MiB,9905.0 MiB,4096.0 MiB,3452.5 MiB,643.5 MiB,12889.4 MiB,,1,46.14
7,2017-07-11,nbody_50000000_original,7.10.1,nbody_6_original.js 50000000,91,1695222529,2837902,node,107.32,630960128,42684416,20733952,106.7,0.3,6.0,0.0,1:47,0,28278784,56700928,0,7229440,0.0,42684416,324,2,278,44,0,12.7,1.5,0.0,85.8,0.0,0.0,0.0,0.0,15794.9 MiB,3679.9 MiB,2210.0 MiB,9905.0 MiB,4096.0 MiB,3452.5 MiB,643.5 MiB,12889.2 MiB,,1,47.32
7,2017-07-11,nbody_50000000_original,7.10.1,nbody_6_original.js 50000000,92,1695222530,2837902,node,108.49000000000001,630960128,42684416,20733952,93.8,0.3,6.0,4.0,1:48,0,28278784,56700928,0,7229440,0.0,42684416,324,2,278,44,0,12.2,0.8,0.0,87.0,0.0,0.0,0.0,0.0,15794.9 MiB,3679.6 MiB,2210.2 MiB,9905.0 MiB,4096.0 MiB,3452.5 MiB,643.5 MiB,12889.0 MiB,,1,48.49
7,2017-07-11,nbody_50000000_original,7.10.1,nbody_6_original.js 50000000,93,1695222531,2837902,node,109.67,630960128,42684416,20733952,100.0,0.3,6.0,4.0,1:49,0,28278784,56700928,0,7229440,0.0,42684416,324,2,278,44,0,12.8,1.5,0.0,85.7,0.0,0.0,0.0,0.0,15794.9 MiB,3679.9 MiB,2210.0 MiB,9905.0 MiB,4096.0 MiB,3452.5 MiB,643.5 MiB,12889.2 MiB,,1,49.67
7,2017-07-11,nbody_50000000_original,7.10.1,nbody_6_original.js 50000000,94,1695222532,2837902,node,110.85,630960128,42684416,20733952,100.0,0.3,6.0,4.0,1:50,0,28278784,56700928,0,7229440,0.0,42684416,324,2,278,44,0,12.8,1.5,0.0,85.7,0.0,0.0,0.0,0.0,15794.9 MiB,3679.9 MiB,2210.0 MiB,9905.0 MiB,4096.0 MiB,3452.5 MiB,643.5 MiB,12889.2 MiB,,1,50.85
7,2017-07-11,nbody_50000000_original,7.10.1,nbody_6_original.js 50000000,95,1695222534,2837902,node,112.02000000000001,630960128,42684416,20733952,93.8,0.3,6.0,4.0,1:52,0,28278784,56700928,0,7229440,0.0,42684416,324,2,278,44,0,12.8,0.8,0.0,86.5,0.0,0.0,0.0,0.0,15794.9 MiB,3679.1 MiB,2210.7 MiB,9905.0 MiB,4096.0 MiB,3452.5 MiB,643.5 MiB,12888.5 MiB,,1,52.02
7,2017-07-11,nbody_50000000_original,7.10.1,nbody_6_original.js 50000000,96,1695222535,2837902,node,113.2,630960128,42684416,20733952,100.0,0.3,6.0,4.0,1:53,0,28278784,56700928,0,7229440,0.0,42684416,324,2,278,44,0,12.8,0.8,0.0,86.5,0.0,0.0,0.0,0.0,15794.9 MiB,3679.1 MiB,2210.7 MiB,9905.0 MiB,4096.0 MiB,3452.5 MiB,643.5 MiB,12888.5 MiB,,1,53.20
7,2017-07-11,nbody_50000000_original,7.10.1,nbody_6_original.js 50000000,97,1695222536,2837902,node,114.38,630960128,42684416,20733952,100.0,0.3,6.0,0.0,1:54,0,28278784,56700928,0,7229440,0.0,42684416,324,2,278,44,0,12.8,0.8,0.0,86.5,0.0,0.0,0.0,0.0,15794.9 MiB,3678.4 MiB,2211.4 MiB,9905.0 MiB,4096.0 MiB,3452.5 MiB,643.5 MiB,12887.7 MiB,,1,54.38
7,2017-07-11,nbody_50000000_original,7.10.1,nbody_6_original.js 50000000,98,1695222537,2837902,node,115.56,630960128,42684416,20733952,100.0,0.3,6.0,0.0,1:55,0,28278784,56700928,0,7229440,0.0,42684416,324,2,278,44,0,12.7,1.5,0.0,85.8,0.0,0.0,0.0,0.0,15794.9 MiB,3678.2 MiB,2211.7 MiB,9905.0 MiB,4096.0 MiB,3452.5 MiB,643.5 MiB,12887.5 MiB,,1,55.56
7,2017-07-11,nbody_50000000_original,7.10.1,nbody_6_original.js 50000000,99,1695222538,2837902,node,116.72999999999999,630960128,42684416,20733952,100.0,0.3,6.0,4.0,1:56,0,28278784,56700928,0,7229440,0.0,42684416,324,2,278,44,0,12.9,0.8,0.0,86.4,0.0,0.0,0.0,0.0,15794.9 MiB,3678.9 MiB,2210.9 MiB,9905.0 MiB,4096.0 MiB,3452.5 MiB,643.5 MiB,12888.2 MiB,,1,56.73
7,2017-07-11,nbody_50000000_original,7.10.1,nbody_6_original.js 50000000,100,1695222539,2837902,node,117.91,630960128,42684416,20733952,100.0,0.3,6.0,4.0,1:57,0,28278784,56700928,0,7229440,0.0,42684416,324,2,278,44,0,12.7,1.5,0.0,85.8,0.0,0.0,0.0,0.0,15794.9 MiB,3678.4 MiB,2211.4 MiB,9905.0 MiB,4096.0 MiB,3452.5 MiB,643.5 MiB,12887.8 MiB,,1,57.91
7,2017-07-11,nbody_50000000_original,7.10.1,nbody_6_original.js 50000000,101,1695222541,2837902,node,119.08,630960128,42684416,20733952,93.8,0.3,6.0,0.0,1:59,0,28278784,56700928,0,7229440,0.0,42684416,324,2,278,44,0,12.8,0.8,0.0,86.5,0.0,0.0,0.0,0.0,15794.9 MiB,3678.7 MiB,2211.2 MiB,9905.0 MiB,4096.0 MiB,3452.5 MiB,643.5 MiB,12888.0 MiB,,1,59.08
7,2017-07-11,nbody_50000000_original,7.10.1,nbody_6_original.js 50000000,102,1695222542,2837902,node,120.26,630960128,42684416,20733952,100.0,0.3,6.0,0.0,2:00,0,28278784,56700928,0,7229440,0.0,42684416,324,2,278,44,0,13.3,0.7,0.0,85.9,0.0,0.0,0.0,0.0,15794.9 MiB,3680.1 MiB,2209.7 MiB,9905.0 MiB,4096.0 MiB,3452.5 MiB,643.5 MiB,12889.5 MiB,,2,00.26
7,2017-07-11,nbody_50000000_original,7.10.1,nbody_6_original.js 50000000,103,1695222543,2837902,node,121.44,630960128,42684416,20733952,100.0,0.3,6.0,0.0,2:01,0,28278784,56700928,0,7229440,0.0,42684416,324,2,278,44,0,13.3,1.5,0.0,85.2,0.0,0.0,0.0,0.0,15794.9 MiB,3679.9 MiB,2209.9 MiB,9905.0 MiB,4096.0 MiB,3452.5 MiB,643.5 MiB,12889.2 MiB,,2,01.44
7,2017-07-11,nbody_50000000_original,7.10.1,nbody_6_original.js 50000000,104,1695222544,2837902,node,122.62,630960128,42684416,20733952,100.0,0.3,6.0,0.0,2:02,0,28278784,56700928,0,7229440,0.0,42684416,324,2,278,44,0,12.8,0.8,0.0,86.5,0.0,0.0,0.0,0.0,15794.9 MiB,3679.9 MiB,2209.9 MiB,9905.0 MiB,4096.0 MiB,3452.5 MiB,643.5 MiB,12889.2 MiB,,2,02.62
7,2017-07-11,nbody_50000000_original,7.10.1,nbody_6_original.js 50000000,105,1695222545,2837902,node,123.8,630960128,42684416,20733952,100.0,0.3,6.0,0.0,2:03,0,28278784,56700928,0,7229440,0.0,42684416,324,2,278,44,0,13.4,1.5,0.0,85.1,0.0,0.0,0.0,0.0,15794.9 MiB,3679.9 MiB,2209.9 MiB,9905.0 MiB,4096.0 MiB,3452.5 MiB,643.5 MiB,12889.2 MiB,,2,03.80
7,2017-07-11,nbody_50000000_original,7.10.1,nbody_6_original.js 50000000,106,1695222547,2837902,node,124.97,630960128,42684416,20733952,100.0,0.3,6.0,0.0,2:04,0,28278784,56700928,0,7229440,0.0,42684416,324,2,278,44,0,13.2,1.5,0.0,85.3,0.0,0.0,0.0,0.0,15794.9 MiB,3679.9 MiB,2209.9 MiB,9905.0 MiB,4096.0 MiB,3452.5 MiB,643.5 MiB,12889.2 MiB,,2,04.97
7,2017-07-11,nbody_50000000_original,7.10.1,nbody_6_original.js 50000000,107,1695222548,2837902,node,126.15,630960128,42684416,20733952,100.0,0.3,6.0,0.0,2:06,0,28278784,56700928,0,7229440,0.0,42684416,324,2,278,44,0,12.1,0.8,0.0,87.1,0.0,0.0,0.0,0.0,15794.9 MiB,3679.9 MiB,2209.9 MiB,9905.0 MiB,4096.0 MiB,3452.5 MiB,643.5 MiB,12889.2 MiB,,2,06.15
7,2017-07-11,nbody_50000000_original,7.10.1,nbody_6_original.js 50000000,108,1695222549,2837902,node,127.33,630960128,42684416,20733952,100.0,0.3,6.0,0.0,2:07,0,28278784,56700928,0,7229440,0.0,42684416,324,2,278,44,0,13.4,0.7,0.0,85.8,0.0,0.0,0.0,0.0,15794.9 MiB,3679.6 MiB,2210.2 MiB,9905.0 MiB,4096.0 MiB,3452.5 MiB,643.5 MiB,12889.0 MiB,,2,07.33
7,2017-07-11,nbody_50000000_original,7.10.1,nbody_6_original.js 50000000,109,1695222550,2837902,node,128.5,630960128,42684416,20733952,100.0,0.3,6.0,0.0,2:08,0,28278784,56700928,0,7229440,0.0,42684416,324,2,278,44,0,13.4,1.5,0.0,85.1,0.0,0.0,0.0,0.0,15794.9 MiB,3679.6 MiB,2210.2 MiB,9905.0 MiB,4096.0 MiB,3452.5 MiB,643.5 MiB,12889.0 MiB,,2,08.50
7,2017-07-11,nbody_50000000_original,7.10.1,nbody_6_original.js 50000000,110,1695222551,2837902,node,129.68,630960128,42684416,20733952,106.7,0.3,6.0,0.0,2:09,0,28278784,56700928,0,7229440,0.0,42684416,324,2,278,44,0,12.6,1.5,0.0,85.9,0.0,0.0,0.0,0.0,15794.9 MiB,3680.4 MiB,2209.4 MiB,9905.0 MiB,4096.0 MiB,3452.5 MiB,643.5 MiB,12889.7 MiB,,2,09.68
7,2017-07-11,nbody_50000000_original,7.10.1,nbody_6_original.js 50000000,111,1695222552,2837902,node,130.86,630960128,42684416,20733952,100.0,0.3,6.0,0.0,2:10,0,28278784,56700928,0,7229440,0.0,42684416,324,2,278,44,0,13.3,1.5,0.0,85.2,0.0,0.0,0.0,0.0,15794.9 MiB,3680.4 MiB,2209.4 MiB,9905.0 MiB,4096.0 MiB,3452.5 MiB,643.5 MiB,12889.7 MiB,,2,10.86
7,2017-07-11,nbody_50000000_original,7.10.1,nbody_6_original.js 50000000,112,1695222554,2837902,node,132.04,630960128,42684416,20733952,100.0,0.3,6.0,0.0,2:12,0,28278784,56700928,0,7229440,0.0,42684416,324,2,278,44,0,13.3,1.5,0.0,85.2,0.0,0.0,0.0,0.0,15794.9 MiB,3680.4 MiB,2209.4 MiB,9905.0 MiB,4096.0 MiB,3452.5 MiB,643.5 MiB,12889.7 MiB,,2,12.04
7,2017-07-11,nbody_50000000_original,7.10.1,nbody_6_original.js 50000000,113,1695222555,2837902,node,133.22,630960128,42684416,20733952,100.0,0.3,6.0,0.0,2:13,0,28278784,56700928,0,7229440,0.0,42684416,324,2,278,44,0,13.5,0.0,0.0,86.5,0.0,0.0,0.0,0.0,15794.9 MiB,3680.4 MiB,2209.4 MiB,9905.0 MiB,4096.0 MiB,3452.5 MiB,643.5 MiB,12889.7 MiB,,2,13.22
7,2017-07-11,nbody_50000000_original,7.10.1,nbody_6_original.js 50000000,114,1695222556,2837902,node,134.39,630960128,42684416,20733952,100.0,0.3,6.0,0.0,2:14,0,28278784,56700928,0,7229440,0.0,42684416,324,2,278,44,0,13.4,0.7,0.0,85.8,0.0,0.0,0.0,0.0,15794.9 MiB,3680.9 MiB,2208.9 MiB,9905.0 MiB,4096.0 MiB,3452.5 MiB,643.5 MiB,12890.2 MiB,,2,14.39
7,2017-07-11,nbody_50000000_original,7.10.1,nbody_6_original.js 50000000,115,1695222557,2837902,node,135.57,630960128,42684416,20733952,100.0,0.3,6.0,4.0,2:15,0,28278784,56700928,0,7229440,0.0,42684416,324,2,278,44,0,12.7,1.5,0.0,85.8,0.0,0.0,0.0,0.0,15794.9 MiB,3680.6 MiB,2209.2 MiB,9905.0 MiB,4096.0 MiB,3452.5 MiB,643.5 MiB,12890.0 MiB,,2,15.57
7,2017-07-11,nbody_50000000_original,7.10.1,nbody_6_original.js 50000000,116,1695222558,2837902,node,136.75,630960128,42684416,20733952,100.0,0.3,6.0,4.0,2:16,0,28278784,56700928,0,7229440,0.0,42684416,324,2,278,44,0,12.8,0.8,0.0,86.5,0.0,0.0,0.0,0.0,15794.9 MiB,3680.1 MiB,2209.7 MiB,9905.0 MiB,4096.0 MiB,3452.5 MiB,643.5 MiB,12889.5 MiB,,2,16.75
7,2017-07-11,nbody_50000000_original,7.10.1,nbody_6_original.js 50000000,117,1695222559,2837902,node,137.93,630960128,42684416,20733952,100.0,0.3,6.0,4.0,2:17,0,28278784,56700928,0,7229440,0.0,42684416,324,2,278,44,0,14.0,1.5,0.0,84.6,0.0,0.0,0.0,0.0,15794.9 MiB,3679.4 MiB,2210.4 MiB,9905.0 MiB,4096.0 MiB,3452.5 MiB,643.5 MiB,12888.8 MiB,,2,17.93
7,2017-07-11,nbody_50000000_original,7.10.1,nbody_6_original.js 50000000,118,1695222561,2837902,node,139.11,630960128,42684416,20733952,100.0,0.3,6.0,4.0,2:19,0,28278784,56700928,0,7229440,0.0,42684416,324,2,278,44,0,13.6,0.0,0.0,86.4,0.0,0.0,0.0,0.0,15794.9 MiB,3680.4 MiB,2209.4 MiB,9905.0 MiB,4096.0 MiB,3452.5 MiB,643.5 MiB,12889.8 MiB,,2,19.11
7,2017-07-11,nbody_50000000_original,7.10.1,nbody_6_original.js 50000000,119,1695222562,2837902,node,140.28,630960128,42684416,20733952,100.0,0.3,6.0,4.0,2:20,0,28278784,56700928,0,7229440,0.0,42684416,324,2,278,44,0,12.7,1.5,0.0,85.8,0.0,0.0,0.0,0.0,15794.9 MiB,3680.1 MiB,2209.7 MiB,9905.0 MiB,4096.0 MiB,3452.5 MiB,643.5 MiB,12889.5 MiB,,2,20.28
7,2017-07-11,nbody_50000000_original,7.10.1,nbody_6_original.js 50000000,120,1695222563,2837902,node,141.45,630960128,42684416,20733952,93.8,0.3,6.0,4.0,2:21,0,28278784,56700928,0,7229440,0.0,42684416,324,2,278,44,0,12.7,1.5,0.0,85.8,0.0,0.0,0.0,0.0,15794.9 MiB,3679.7 MiB,2210.2 MiB,9905.0 MiB,4096.0 MiB,3452.5 MiB,643.5 MiB,12889.0 MiB,,2,21.45
7,2017-07-11,nbody_50000000_original,7.10.1,nbody_6_original.js 50000000,121,1695222564,2837902,node,142.63,630960128,42684416,20733952,100.0,0.3,6.0,0.0,2:22,0,28278784,56700928,0,7229440,0.0,42684416,324,2,278,44,0,12.8,0.8,0.0,86.5,0.0,0.0,0.0,0.0,15794.9 MiB,3679.4 MiB,2210.4 MiB,9905.0 MiB,4096.0 MiB,3452.5 MiB,643.5 MiB,12888.8 MiB,,2,22.63
7,2017-07-11,nbody_50000000_original,7.10.1,nbody_6_original.js 50000000,122,1695222565,2837902,node,143.81,630960128,42684416,20733952,100.0,0.3,6.0,0.0,2:23,0,28278784,56700928,0,7229440,0.0,42684416,324,2,278,44,0,13.4,0.7,0.0,85.8,0.0,0.0,0.0,0.0,15794.9 MiB,3679.4 MiB,2210.4 MiB,9905.0 MiB,4096.0 MiB,3452.5 MiB,643.5 MiB,12888.8 MiB,,2,23.81
7,2017-07-11,nbody_50000000_original,7.10.1,nbody_6_original.js 50000000,123,1695222567,2837902,node,144.99,630960128,42684416,20733952,100.0,0.3,6.0,0.0,2:24,0,28278784,56700928,0,7229440,0.0,42684416,324,2,278,44,0,13.4,0.7,0.0,85.8,0.0,0.0,0.0,0.0,15794.9 MiB,3679.7 MiB,2210.2 MiB,9905.0 MiB,4096.0 MiB,3452.5 MiB,643.5 MiB,12889.0 MiB,,2,24.99
7,2017-07-11,nbody_50000000_original,7.10.1,nbody_6_original.js 50000000,124,1695222568,2837902,node,146.17000000000002,630960128,42684416,20733952,100.0,0.3,6.0,0.0,2:26,0,28278784,56700928,0,7229440,0.0,42684416,324,2,278,44,0,12.8,1.5,0.0,85.7,0.0,0.0,0.0,0.0,15794.9 MiB,3679.7 MiB,2210.2 MiB,9905.1 MiB,4096.0 MiB,3452.5 MiB,643.5 MiB,12889.0 MiB,,2,26.17
7,2017-07-11,nbody_50000000_original,7.10.1,nbody_6_original.js 50000000,125,1695222569,2837902,node,147.34,630960128,42684416,20733952,100.0,0.3,6.0,0.0,2:27,0,28278784,56700928,0,7229440,0.0,42684416,324,2,278,44,0,12.7,1.5,0.0,85.8,0.0,0.0,0.0,0.0,15794.9 MiB,3679.4 MiB,2210.4 MiB,9905.1 MiB,4096.0 MiB,3452.5 MiB,643.5 MiB,12888.8 MiB,,2,27.34
7,2017-07-11,nbody_50000000_original,7.10.1,nbody_6_original.js 50000000,126,1695222570,2837902,node,148.52,630960128,42684416,20733952,100.0,0.3,6.0,0.0,2:28,0,28278784,56700928,0,7229440,0.0,42684416,324,2,278,44,0,13.3,2.2,0.0,84.4,0.0,0.0,0.0,0.0,15794.9 MiB,3679.4 MiB,2210.4 MiB,9905.1 MiB,4096.0 MiB,3452.5 MiB,643.5 MiB,12888.8 MiB,,2,28.52
7,2017-07-11,nbody_50000000_original,7.10.1,nbody_6_original.js 50000000,127,1695222571,2837902,node,149.7,630960128,42684416,20733952,106.7,0.3,6.0,4.0,2:29,0,28278784,56700928,0,7229440,0.0,42684416,324,2,278,44,0,12.8,0.8,0.0,86.5,0.0,0.0,0.0,0.0,15794.9 MiB,3681.4 MiB,2208.4 MiB,9905.1 MiB,4096.0 MiB,3452.5 MiB,643.5 MiB,12890.8 MiB,,2,29.70
7,2017-07-11,nbody_50000000_original,7.10.1,nbody_6_original.js 50000000,128,1695222572,2837902,node,150.87,630960128,42684416,20733952,93.8,0.3,6.0,4.0,2:30,0,28278784,56700928,0,7229440,0.0,42684416,324,2,278,44,0,12.6,1.5,0.0,85.9,0.0,0.0,0.0,0.0,15794.9 MiB,3681.9 MiB,2207.9 MiB,9905.1 MiB,4096.0 MiB,3452.5 MiB,643.5 MiB,12891.3 MiB,,2,30.87
7,2017-07-11,nbody_50000000_original,7.10.1,nbody_6_original.js 50000000,129,1695222574,2837902,node,152.05,630960128,42684416,20733952,100.0,0.3,6.0,4.0,2:32,0,28278784,56700928,0,7229440,0.0,42684416,324,2,278,44,0,13.3,1.5,0.0,85.2,0.0,0.0,0.0,0.0,15794.9 MiB,3682.1 MiB,2207.7 MiB,9905.1 MiB,4096.0 MiB,3452.5 MiB,643.5 MiB,12891.5 MiB,,2,32.05
7,2017-07-11,nbody_50000000_original,7.10.1,nbody_6_original.js 50000000,130,1695222575,2837902,node,153.23,630960128,42684416,20733952,100.0,0.3,6.0,4.0,2:33,0,28278784,56700928,0,7229440,0.0,42684416,324,2,278,44,0,13.4,1.5,0.0,85.1,0.0,0.0,0.0,0.0,15794.9 MiB,3681.6 MiB,2208.2 MiB,9905.1 MiB,4096.0 MiB,3452.5 MiB,643.5 MiB,12891.0 MiB,,2,33.23
7,2017-07-11,nbody_50000000_original,7.10.1,nbody_6_original.js 50000000,131,1695222576,2837902,node,154.41,630960128,42684416,20733952,106.7,0.3,6.0,0.0,2:34,0,28278784,56700928,0,7229440,0.0,42684416,324,2,278,44,0,12.7,1.5,0.0,85.8,0.0,0.0,0.0,0.0,15794.9 MiB,3681.4 MiB,2208.4 MiB,9905.1 MiB,4096.0 MiB,3452.5 MiB,643.5 MiB,12890.8 MiB,,2,34.41
7,2017-07-11,nbody_50000000_original,7.10.1,nbody_6_original.js 50000000,132,1695222577,2837902,node,155.57999999999998,630960128,42684416,20733952,93.8,0.3,6.0,0.0,2:35,0,28278784,56700928,0,7229440,0.0,42684416,324,2,278,44,0,12.1,0.8,0.0,87.1,0.0,0.0,0.0,0.0,15794.9 MiB,3680.9 MiB,2208.9 MiB,9905.1 MiB,4096.0 MiB,3452.5 MiB,643.5 MiB,12890.3 MiB,,2,35.58
8,2017-07-11,nbody_50000000_original,7.10.1,nbody_6_original.js 50000000,0,1695222578,2838727,node,0.16,618377216,30203904,20680704,93.8,0.2,6.0,2.0,0:00,0,28278784,44118016,0,4087808,0.0,30203904,324,2,278,44,0,13.6,1.5,0.0,84.8,0.0,0.0,0.0,0.0,15794.9 MiB,3694.7 MiB,2186.9 MiB,9913.3 MiB,4096.0 MiB,3452.5 MiB,643.5 MiB,12904.1 MiB,,0,00.16
8,2017-07-11,nbody_50000000_original,7.10.1,nbody_6_original.js 50000000,1,1695222580,2838727,node,1.34,618377216,30203904,20680704,100.0,0.2,6.0,2.0,0:01,0,28278784,44118016,0,4087808,0.0,30203904,324,2,278,44,0,13.0,0.8,0.0,86.3,0.0,0.0,0.0,0.0,15794.9 MiB,3694.2 MiB,2187.4 MiB,9913.3 MiB,4096.0 MiB,3452.5 MiB,643.5 MiB,12903.6 MiB,,0,01.34
8,2017-07-11,nbody_50000000_original,7.10.1,nbody_6_original.js 50000000,2,1695222581,2838727,node,2.51,618377216,30203904,20680704,100.0,0.2,6.0,2.0,0:02,0,28278784,44118016,0,4087808,0.0,30203904,324,2,278,44,0,12.8,0.8,0.0,86.5,0.0,0.0,0.0,0.0,15794.9 MiB,3700.6 MiB,2189.0 MiB,9905.3 MiB,4096.0 MiB,3452.5 MiB,643.5 MiB,12910.0 MiB,,0,02.51
8,2017-07-11,nbody_50000000_original,7.10.1,nbody_6_original.js 50000000,3,1695222582,2838727,node,3.69,618377216,30203904,20680704,106.7,0.2,6.0,2.0,0:03,0,28278784,44118016,0,4087808,0.0,30203904,324,2,278,44,0,13.4,1.5,0.0,85.1,0.0,0.0,0.0,0.0,15794.9 MiB,3700.6 MiB,2189.0 MiB,9905.3 MiB,4096.0 MiB,3452.5 MiB,643.5 MiB,12910.0 MiB,,0,03.69
8,2017-07-11,nbody_50000000_original,7.10.1,nbody_6_original.js 50000000,4,1695222583,2838727,node,4.86,618377216,30203904,20680704,93.8,0.2,6.0,2.0,0:04,0,28278784,44118016,0,4087808,0.0,30203904,324,2,278,44,0,12.7,1.5,0.0,85.8,0.0,0.0,0.0,0.0,15794.9 MiB,3700.4 MiB,2189.2 MiB,9905.3 MiB,4096.0 MiB,3452.5 MiB,643.5 MiB,12909.8 MiB,,0,04.86
8,2017-07-11,nbody_50000000_original,7.10.1,nbody_6_original.js 50000000,5,1695222584,2838727,node,6.04,618377216,30203904,20680704,100.0,0.2,6.0,2.0,0:06,0,28278784,44118016,0,4087808,0.0,30203904,324,2,278,44,0,13.4,0.7,0.0,85.8,0.0,0.0,0.0,0.0,15794.9 MiB,3700.1 MiB,2189.5 MiB,9905.3 MiB,4096.0 MiB,3452.5 MiB,643.5 MiB,12909.5 MiB,,0,06.04
8,2017-07-11,nbody_50000000_original,7.10.1,nbody_6_original.js 50000000,6,1695222585,2838727,node,7.22,618377216,30203904,20680704,100.0,0.2,6.0,2.0,0:07,0,28278784,44118016,0,4087808,0.0,30203904,324,2,278,44,0,12.7,1.5,0.0,85.8,0.0,0.0,0.0,0.0,15794.9 MiB,3700.1 MiB,2189.5 MiB,9905.3 MiB,4096.0 MiB,3452.5 MiB,643.5 MiB,12909.5 MiB,,0,07.22
8,2017-07-11,nbody_50000000_original,7.10.1,nbody_6_original.js 50000000,7,1695222587,2838727,node,8.4,618377216,30203904,20680704,100.0,0.2,6.0,2.0,0:08,0,28278784,44118016,0,4087808,0.0,30203904,324,2,278,44,0,12.7,1.5,0.0,85.8,0.0,0.0,0.0,0.0,15794.9 MiB,3700.6 MiB,2189.0 MiB,9905.3 MiB,4096.0 MiB,3452.5 MiB,643.5 MiB,12910.0 MiB,,0,08.40
8,2017-07-11,nbody_50000000_original,7.10.1,nbody_6_original.js 50000000,8,1695222588,2838727,node,9.57,622571520,34254848,20680704,93.8,0.2,6.0,2.0,0:09,0,28278784,48312320,0,5136384,0.0,34254848,324,2,278,44,0,13.4,0.7,0.0,85.8,0.0,0.0,0.0,0.0,15794.9 MiB,3697.4 MiB,2192.2 MiB,9905.3 MiB,4096.0 MiB,3452.5 MiB,643.5 MiB,12906.8 MiB,,0,09.57
8,2017-07-11,nbody_50000000_original,7.10.1,nbody_6_original.js 50000000,9,1695222589,2838727,node,10.75,622571520,34254848,20680704,100.0,0.2,6.0,2.0,0:10,0,28278784,48312320,0,5136384,0.0,34254848,324,2,278,44,0,13.5,0.8,0.0,85.7,0.0,0.0,0.0,0.0,15794.9 MiB,3696.4 MiB,2193.2 MiB,9905.3 MiB,4096.0 MiB,3452.5 MiB,643.5 MiB,12905.8 MiB,,0,10.75
8,2017-07-11,nbody_50000000_original,7.10.1,nbody_6_original.js 50000000,10,1695222590,2838727,node,11.93,622571520,34254848,20680704,100.0,0.2,6.0,2.0,0:11,0,28278784,48312320,0,5136384,0.0,34254848,324,2,278,44,0,14.1,0.7,0.0,84.4,0.7,0.0,0.0,0.0,15794.9 MiB,3696.2 MiB,2193.4 MiB,9905.3 MiB,4096.0 MiB,3452.5 MiB,643.5 MiB,12905.6 MiB,,0,11.93
8,2017-07-11,nbody_50000000_original,7.10.1,nbody_6_original.js 50000000,11,1695222591,2838727,node,13.11,622571520,34254848,20680704,100.0,0.2,6.0,2.0,0:13,0,28278784,48312320,0,5136384,0.0,34254848,324,2,278,44,0,12.7,1.5,0.0,85.8,0.0,0.0,0.0,0.0,15794.9 MiB,3696.2 MiB,2193.4 MiB,9905.3 MiB,4096.0 MiB,3452.5 MiB,643.5 MiB,12905.6 MiB,,0,13.11
8,2017-07-11,nbody_50000000_original,7.10.1,nbody_6_original.js 50000000,12,1695222592,2838727,node,14.28,622571520,34254848,20680704,100.0,0.2,6.0,2.0,0:14,0,28278784,48312320,0,5136384,0.0,34254848,324,2,278,44,0,13.4,0.7,0.0,85.8,0.0,0.0,0.0,0.0,15794.9 MiB,3695.9 MiB,2193.7 MiB,9905.3 MiB,4096.0 MiB,3452.5 MiB,643.5 MiB,12905.3 MiB,,0,14.28
8,2017-07-11,nbody_50000000_original,7.10.1,nbody_6_original.js 50000000,13,1695222594,2838727,node,15.46,622571520,34254848,20680704,100.0,0.2,6.0,2.0,0:15,0,28278784,48312320,0,5136384,0.0,34254848,324,3,277,44,0,12.1,0.8,0.0,87.1,0.0,0.0,0.0,0.0,15794.9 MiB,3694.9 MiB,2194.6 MiB,9905.3 MiB,4096.0 MiB,3452.5 MiB,643.5 MiB,12904.4 MiB,,0,15.46
8,2017-07-11,nbody_50000000_original,7.10.1,nbody_6_original.js 50000000,14,1695222595,2838727,node,16.64,622571520,34254848,20680704,100.0,0.2,6.0,2.0,0:16,0,28278784,48312320,0,5136384,0.0,34254848,324,2,278,44,0,13.4,0.7,0.0,85.8,0.0,0.0,0.0,0.0,15794.9 MiB,3694.5 MiB,2195.1 MiB,9905.3 MiB,4096.0 MiB,3452.5 MiB,643.5 MiB,12903.9 MiB,,0,16.64
8,2017-07-11,nbody_50000000_original,7.10.1,nbody_6_original.js 50000000,15,1695222596,2838727,node,17.81,622571520,34254848,20680704,100.0,0.2,6.0,2.0,0:17,0,28278784,48312320,0,5136384,0.0,34254848,324,2,278,44,0,13.4,1.5,0.0,84.3,0.7,0.0,0.0,0.0,15794.9 MiB,3694.5 MiB,2195.1 MiB,9905.3 MiB,4096.0 MiB,3452.5 MiB,643.5 MiB,12903.9 MiB,,0,17.81
8,2017-07-11,nbody_50000000_original,7.10.1,nbody_6_original.js 50000000,16,1695222597,2838727,node,18.99,622571520,34254848,20680704,106.7,0.2,6.0,2.0,0:18,0,28278784,48312320,0,5136384,0.0,34254848,324,2,278,44,0,12.7,1.5,0.0,85.8,0.0,0.0,0.0,0.0,15794.9 MiB,3694.5 MiB,2195.1 MiB,9905.3 MiB,4096.0 MiB,3452.5 MiB,643.5 MiB,12903.9 MiB,,0,18.99
8,2017-07-11,nbody_50000000_original,7.10.1,nbody_6_original.js 50000000,17,1695222598,2838727,node,20.17,622571520,34254848,20680704,100.0,0.2,6.0,2.0,0:20,0,28278784,48312320,0,5136384,0.0,34254848,324,2,278,44,0,12.7,1.5,0.0,85.8,0.0,0.0,0.0,0.0,15794.9 MiB,3694.0 MiB,2195.6 MiB,9905.3 MiB,4096.0 MiB,3452.5 MiB,643.5 MiB,12903.4 MiB,,0,20.17
8,2017-07-11,nbody_50000000_original,7.10.1,nbody_6_original.js 50000000,18,1695222600,2838727,node,21.35,622571520,34254848,20680704,100.0,0.2,6.0,2.0,0:21,0,28278784,48312320,0,5136384,0.0,34254848,324,2,278,44,0,12.7,1.5,0.0,85.8,0.0,0.0,0.0,0.0,15794.9 MiB,3693.7 MiB,2195.9 MiB,9905.3 MiB,4096.0 MiB,3452.5 MiB,643.5 MiB,12903.1 MiB,,0,21.35
8,2017-07-11,nbody_50000000_original,7.10.1,nbody_6_original.js 50000000,19,1695222601,2838727,node,22.53,622571520,34254848,20680704,100.0,0.2,6.0,2.0,0:22,0,28278784,48312320,0,5136384,0.0,34254848,324,2,278,44,0,13.3,1.5,0.0,85.2,0.0,0.0,0.0,0.0,15794.9 MiB,3693.2 MiB,2196.3 MiB,9905.3 MiB,4096.0 MiB,3452.5 MiB,643.5 MiB,12902.7 MiB,,0,22.53
8,2017-07-11,nbody_50000000_original,7.10.1,nbody_6_original.js 50000000,20,1695222602,2838727,node,23.7,622571520,34254848,20680704,106.7,0.2,6.0,2.0,0:23,0,28278784,48312320,0,5136384,0.0,34254848,324,2,278,44,0,12.7,1.5,0.0,85.8,0.0,0.0,0.0,0.0,15794.9 MiB,3693.5 MiB,2196.1 MiB,9905.3 MiB,4096.0 MiB,3452.5 MiB,643.5 MiB,12902.9 MiB,,0,23.70
8,2017-07-11,nbody_50000000_original,7.10.1,nbody_6_original.js 50000000,21,1695222603,2838727,node,24.88,622571520,34254848,20680704,100.0,0.2,6.0,2.0,0:24,0,28278784,48312320,0,5136384,0.0,34254848,324,2,278,44,0,14.1,1.5,0.0,84.4,0.0,0.0,0.0,0.0,15794.9 MiB,3693.7 MiB,2195.8 MiB,9905.3 MiB,4096.0 MiB,3452.5 MiB,643.5 MiB,12903.2 MiB,,0,24.88
8,2017-07-11,nbody_50000000_original,7.10.1,nbody_6_original.js 50000000,22,1695222604,2838727,node,26.06,622571520,34254848,20680704,100.0,0.2,6.0,2.0,0:26,0,28278784,48312320,0,5136384,0.0,34254848,324,2,278,44,0,13.4,1.5,0.0,85.1,0.0,0.0,0.0,0.0,15794.9 MiB,3694.5 MiB,2195.1 MiB,9905.3 MiB,4096.0 MiB,3452.5 MiB,643.5 MiB,12903.9 MiB,,0,26.06
8,2017-07-11,nbody_50000000_original,7.10.1,nbody_6_original.js 50000000,23,1695222605,2838727,node,27.23,622571520,34254848,20680704,93.8,0.2,6.0,2.0,0:27,0,28278784,48312320,0,5136384,0.0,34254848,324,2,278,44,0,12.0,1.5,0.0,86.5,0.0,0.0,0.0,0.0,15794.9 MiB,3694.5 MiB,2195.1 MiB,9905.3 MiB,4096.0 MiB,3452.5 MiB,643.5 MiB,12903.9 MiB,,0,27.23
8,2017-07-11,nbody_50000000_original,7.10.1,nbody_6_original.js 50000000,24,1695222607,2838727,node,28.41,622571520,34254848,20680704,106.7,0.2,6.0,2.0,0:28,0,28278784,48312320,0,5136384,0.0,34254848,324,2,278,44,0,12.8,0.8,0.0,86.5,0.0,0.0,0.0,0.0,15794.9 MiB,3694.7 MiB,2194.9 MiB,9905.3 MiB,4096.0 MiB,3452.5 MiB,643.5 MiB,12904.1 MiB,,0,28.41
8,2017-07-11,nbody_50000000_original,7.10.1,nbody_6_original.js 50000000,25,1695222608,2838727,node,29.59,622571520,34254848,20680704,100.0,0.2,6.0,6.0,0:29,0,28278784,48312320,0,5136384,0.0,34254848,324,2,278,44,0,13.2,1.5,0.0,85.3,0.0,0.0,0.0,0.0,15794.9 MiB,3694.7 MiB,2194.9 MiB,9905.3 MiB,4096.0 MiB,3452.5 MiB,643.5 MiB,12904.2 MiB,,0,29.59
8,2017-07-11,nbody_50000000_original,7.10.1,nbody_6_original.js 50000000,26,1695222609,2838727,node,30.77,622571520,34254848,20680704,100.0,0.2,6.0,6.0,0:30,0,28278784,48312320,0,5136384,0.0,34254848,324,2,278,44,0,12.8,0.8,0.0,86.5,0.0,0.0,0.0,0.0,15794.9 MiB,3694.7 MiB,2194.8 MiB,9905.3 MiB,4096.0 MiB,3452.5 MiB,643.5 MiB,12904.2 MiB,,0,30.77
8,2017-07-11,nbody_50000000_original,7.10.1,nbody_6_original.js 50000000,27,1695222610,2838727,node,31.94,622571520,34254848,20680704,93.8,0.2,6.0,6.0,0:31,0,28278784,48312320,0,5136384,0.0,34254848,324,2,278,44,0,13.2,1.5,0.0,85.3,0.0,0.0,0.0,0.0,15794.9 MiB,3695.2 MiB,2194.4 MiB,9905.3 MiB,4096.0 MiB,3452.5 MiB,643.5 MiB,12904.6 MiB,,0,31.94
8,2017-07-11,nbody_50000000_original,7.10.1,nbody_6_original.js 50000000,28,1695222611,2838727,node,33.12,622571520,34254848,20680704,100.0,0.2,6.0,6.0,0:33,0,28278784,48312320,0,5136384,0.0,34254848,324,2,278,44,0,13.3,1.5,0.0,85.2,0.0,0.0,0.0,0.0,15794.9 MiB,3694.2 MiB,2195.3 MiB,9905.3 MiB,4096.0 MiB,3452.5 MiB,643.5 MiB,12903.7 MiB,,0,33.12
8,2017-07-11,nbody_50000000_original,7.10.1,nbody_6_original.js 50000000,29,1695222612,2838727,node,34.3,622571520,34254848,20680704,100.0,0.2,6.0,6.0,0:34,0,28278784,48312320,0,5136384,0.0,34254848,324,2,278,44,0,12.7,1.5,0.0,85.8,0.0,0.0,0.0,0.0,15794.9 MiB,3694.0 MiB,2195.6 MiB,9905.3 MiB,4096.0 MiB,3452.5 MiB,643.5 MiB,12903.4 MiB,,0,34.30
8,2017-07-11,nbody_50000000_original,7.10.1,nbody_6_original.js 50000000,30,1695222614,2838727,node,35.48,622571520,34254848,20680704,100.0,0.2,6.0,2.0,0:35,0,28278784,48312320,0,5136384,0.0,34254848,324,2,278,44,0,14.1,0.7,0.0,85.2,0.0,0.0,0.0,0.0,15794.9 MiB,3693.5 MiB,2196.1 MiB,9905.3 MiB,4096.0 MiB,3452.5 MiB,643.5 MiB,12902.9 MiB,,0,35.48
8,2017-07-11,nbody_50000000_original,7.10.1,nbody_6_original.js 50000000,31,1695222615,2838727,node,36.66,622571520,34254848,20680704,100.0,0.2,6.0,2.0,0:36,0,28278784,48312320,0,5136384,0.0,34254848,324,2,278,44,0,12.8,0.8,0.0,86.5,0.0,0.0,0.0,0.0,15794.9 MiB,3693.7 MiB,2195.8 MiB,9905.3 MiB,4096.0 MiB,3452.5 MiB,643.5 MiB,12903.2 MiB,,0,36.66
8,2017-07-11,nbody_50000000_original,7.10.1,nbody_6_original.js 50000000,32,1695222616,2838727,node,37.83,622571520,34254848,20680704,100.0,0.2,6.0,2.0,0:37,0,28278784,48312320,0,5136384,0.0,34254848,324,2,278,44,0,13.4,0.7,0.0,85.8,0.0,0.0,0.0,0.0,15794.9 MiB,3694.0 MiB,2195.6 MiB,9905.3 MiB,4096.0 MiB,3452.5 MiB,643.5 MiB,12903.4 MiB,,0,37.83
8,2017-07-11,nbody_50000000_original,7.10.1,nbody_6_original.js 50000000,33,1695222617,2838727,node,39.01,622571520,34254848,20680704,100.0,0.2,6.0,2.0,0:39,0,28278784,48312320,0,5136384,0.0,34254848,324,2,278,44,0,13.2,2.2,0.0,84.6,0.0,0.0,0.0,0.0,15794.9 MiB,3693.2 MiB,2196.3 MiB,9905.3 MiB,4096.0 MiB,3452.5 MiB,643.5 MiB,12902.7 MiB,,0,39.01
8,2017-07-11,nbody_50000000_original,7.10.1,nbody_6_original.js 50000000,34,1695222618,2838727,node,40.19,622571520,34254848,20680704,100.0,0.2,6.0,2.0,0:40,0,28278784,48312320,0,5136384,0.0,34254848,324,2,278,44,0,12.8,1.5,0.0,85.7,0.0,0.0,0.0,0.0,15794.9 MiB,3693.0 MiB,2196.6 MiB,9905.3 MiB,4096.0 MiB,3452.5 MiB,643.5 MiB,12902.4 MiB,,0,40.19
8,2017-07-11,nbody_50000000_original,7.10.1,nbody_6_original.js 50000000,35,1695222620,2838727,node,41.36,622571520,34254848,20680704,100.0,0.2,6.0,2.0,0:41,0,28278784,48312320,0,5136384,0.0,34254848,324,2,278,44,0,13.3,1.5,0.0,85.2,0.0,0.0,0.0,0.0,15794.9 MiB,3693.0 MiB,2196.6 MiB,9905.3 MiB,4096.0 MiB,3452.5 MiB,643.5 MiB,12902.4 MiB,,0,41.36
8,2017-07-11,nbody_50000000_original,7.10.1,nbody_6_original.js 50000000,36,1695222621,2838727,node,42.54,622571520,34254848,20680704,100.0,0.2,6.0,2.0,0:42,0,28278784,48312320,0,5136384,0.0,34254848,324,2,278,44,0,12.7,1.5,0.0,85.8,0.0,0.0,0.0,0.0,15794.9 MiB,3693.5 MiB,2196.1 MiB,9905.3 MiB,4096.0 MiB,3452.5 MiB,643.5 MiB,12902.9 MiB,,0,42.54
8,2017-07-11,nbody_50000000_original,7.10.1,nbody_6_original.js 50000000,37,1695222622,2838727,node,43.71,622571520,34254848,20680704,93.8,0.2,6.0,2.0,0:43,0,28278784,48312320,0,5136384,0.0,34254848,324,2,278,44,0,13.4,0.7,0.0,85.8,0.0,0.0,0.0,0.0,15794.9 MiB,3693.0 MiB,2196.6 MiB,9905.3 MiB,4096.0 MiB,3452.5 MiB,643.5 MiB,12902.4 MiB,,0,43.71
8,2017-07-11,nbody_50000000_original,7.10.1,nbody_6_original.js 50000000,38,1695222623,2838727,node,44.89,622571520,34254848,20680704,100.0,0.2,6.0,2.0,0:44,0,28278784,48312320,0,5136384,0.0,34254848,324,2,278,44,0,12.7,1.5,0.0,85.8,0.0,0.0,0.0,0.0,15794.9 MiB,3692.7 MiB,2196.7 MiB,9905.4 MiB,4096.0 MiB,3452.5 MiB,643.5 MiB,12902.2 MiB,,0,44.89
8,2017-07-11,nbody_50000000_original,7.10.1,nbody_6_original.js 50000000,39,1695222624,2838727,node,46.07,622571520,34254848,20680704,93.8,0.2,6.0,2.0,0:46,0,28278784,48312320,0,5136384,0.0,34254848,324,2,278,44,0,13.5,0.8,0.0,85.7,0.0,0.0,0.0,0.0,15794.9 MiB,3693.0 MiB,2196.5 MiB,9905.4 MiB,4096.0 MiB,3452.5 MiB,643.5 MiB,12902.5 MiB,,0,46.07
8,2017-07-11,nbody_50000000_original,7.10.1,nbody_6_original.js 50000000,40,1695222625,2838727,node,47.25,622571520,34254848,20680704,106.7,0.2,6.0,2.0,0:47,0,28278784,48312320,0,5136384,0.0,34254848,324,2,278,44,0,13.5,0.8,0.0,85.7,0.0,0.0,0.0,0.0,15794.9 MiB,3693.0 MiB,2196.5 MiB,9905.4 MiB,4096.0 MiB,3452.5 MiB,643.5 MiB,12902.5 MiB,,0,47.25
8,2017-07-11,nbody_50000000_original,7.10.1,nbody_6_original.js 50000000,41,1695222627,2838727,node,48.43,622571520,34254848,20680704,100.0,0.2,6.0,2.0,0:48,0,28278784,48312320,0,5136384,0.0,34254848,324,2,278,44,0,12.6,2.2,0.0,85.2,0.0,0.0,0.0,0.0,15794.9 MiB,3693.0 MiB,2196.5 MiB,9905.4 MiB,4096.0 MiB,3452.5 MiB,643.5 MiB,12902.5 MiB,,0,48.43
8,2017-07-11,nbody_50000000_original,7.10.1,nbody_6_original.js 50000000,42,1695222628,2838727,node,49.61,622571520,34254848,20680704,100.0,0.2,6.0,2.0,0:49,0,28278784,48312320,0,5136384,0.0,34254848,324,2,278,44,0,12.8,0.8,0.0,86.5,0.0,0.0,0.0,0.0,15794.9 MiB,3693.7 MiB,2195.8 MiB,9905.4 MiB,4096.0 MiB,3452.5 MiB,643.5 MiB,12903.2 MiB,,0,49.61
8,2017-07-11,nbody_50000000_original,7.10.1,nbody_6_original.js 50000000,43,1695222629,2838727,node,50.78,622571520,34254848,20680704,93.8,0.2,6.0,2.0,0:50,0,28278784,48312320,0,5136384,0.0,34254848,324,2,278,44,0,12.7,1.5,0.0,85.8,0.0,0.0,0.0,0.0,15794.9 MiB,3693.2 MiB,2196.2 MiB,9905.4 MiB,4096.0 MiB,3452.5 MiB,643.5 MiB,12902.7 MiB,,0,50.78
8,2017-07-11,nbody_50000000_original,7.10.1,nbody_6_original.js 50000000,44,1695222630,2838727,node,51.96,622571520,34254848,20680704,100.0,0.2,6.0,2.0,0:51,0,28278784,48312320,0,5136384,0.0,34254848,324,2,278,44,0,13.4,0.7,0.0,85.8,0.0,0.0,0.0,0.0,15794.9 MiB,3693.2 MiB,2196.2 MiB,9905.4 MiB,4096.0 MiB,3452.5 MiB,643.5 MiB,12902.7 MiB,,0,51.96
8,2017-07-11,nbody_50000000_original,7.10.1,nbody_6_original.js 50000000,45,1695222631,2838727,node,53.13,622571520,34254848,20680704,100.0,0.2,6.0,2.0,0:53,0,28278784,48312320,0,5136384,0.0,34254848,324,2,278,44,0,12.7,1.5,0.0,85.8,0.0,0.0,0.0,0.0,15794.9 MiB,3695.5 MiB,2194.0 MiB,9905.4 MiB,4096.0 MiB,3452.5 MiB,643.5 MiB,12904.9 MiB,,0,53.13
8,2017-07-11,nbody_50000000_original,7.10.1,nbody_6_original.js 50000000,46,1695222632,2838727,node,54.31,622571520,34254848,20680704,100.0,0.2,6.0,2.0,0:54,0,28278784,48312320,0,5136384,0.0,34254848,324,2,278,44,0,13.9,2.2,0.0,83.9,0.0,0.0,0.0,0.0,15794.9 MiB,3695.7 MiB,2193.8 MiB,9905.4 MiB,4096.0 MiB,3452.5 MiB,643.5 MiB,12905.2 MiB,,0,54.31
8,2017-07-11,nbody_50000000_original,7.10.1,nbody_6_original.js 50000000,47,1695222634,2838727,node,55.49,622571520,34254848,20680704,100.0,0.2,6.0,2.0,0:55,0,28278784,48312320,0,5136384,0.0,34254848,324,2,278,44,0,12.7,1.5,0.0,85.8,0.0,0.0,0.0,0.0,15794.9 MiB,3696.0 MiB,2193.5 MiB,9905.4 MiB,4096.0 MiB,3452.5 MiB,643.5 MiB,12905.4 MiB,,0,55.49
8,2017-07-11,nbody_50000000_original,7.10.1,nbody_6_original.js 50000000,48,1695222635,2838727,node,56.67,622571520,34254848,20680704,100.0,0.2,6.0,2.0,0:56,0,28278784,48312320,0,5136384,0.0,34254848,324,2,278,44,0,13.3,1.5,0.0,84.4,0.7,0.0,0.0,0.0,15794.9 MiB,3696.9 MiB,2192.5 MiB,9905.4 MiB,4096.0 MiB,3452.5 MiB,643.5 MiB,12906.4 MiB,,0,56.67
8,2017-07-11,nbody_50000000_original,7.10.1,nbody_6_original.js 50000000,49,1695222636,2838727,node,57.84,622571520,34254848,20680704,93.8,0.2,6.0,2.0,0:57,0,28278784,48312320,0,5136384,0.0,34254848,324,2,278,44,0,13.1,2.9,0.0,83.9,0.0,0.0,0.0,0.0,15794.9 MiB,3696.0 MiB,2193.5 MiB,9905.4 MiB,4096.0 MiB,3452.5 MiB,643.5 MiB,12905.4 MiB,,0,57.84
8,2017-07-11,nbody_50000000_original,7.10.1,nbody_6_original.js 50000000,50,1695222637,2838727,node,59.02,622571520,34254848,20680704,100.0,0.2,6.0,2.0,0:59,0,28278784,48312320,0,5136384,0.0,34254848,324,2,278,44,0,13.4,0.7,0.0,85.8,0.0,0.0,0.0,0.0,15794.9 MiB,3696.4 MiB,2193.0 MiB,9905.4 MiB,4096.0 MiB,3452.5 MiB,643.5 MiB,12905.9 MiB,,0,59.02
8,2017-07-11,nbody_50000000_original,7.10.1,nbody_6_original.js 50000000,51,1695222638,2838727,node,60.2,622571520,34254848,20680704,100.0,0.2,6.0,2.0,1:00,0,28278784,48312320,0,5136384,0.0,34254848,324,2,278,44,0,13.4,0.7,0.0,85.8,0.0,0.0,0.0,0.0,15794.9 MiB,3696.0 MiB,2193.5 MiB,9905.4 MiB,4096.0 MiB,3452.5 MiB,643.5 MiB,12905.4 MiB,,1,00.20
8,2017-07-11,nbody_50000000_original,7.10.1,nbody_6_original.js 50000000,52,1695222640,2838727,node,61.38,622571520,34254848,20680704,100.0,0.2,6.0,6.0,1:01,0,28278784,48312320,0,5136384,0.0,34254848,324,2,278,44,0,12.8,0.8,0.0,86.5,0.0,0.0,0.0,0.0,15794.9 MiB,3696.7 MiB,2192.8 MiB,9905.4 MiB,4096.0 MiB,3452.5 MiB,643.5 MiB,12906.2 MiB,,1,01.38
8,2017-07-11,nbody_50000000_original,7.10.1,nbody_6_original.js 50000000,53,1695222641,2838727,node,62.55,622571520,34254848,20680704,100.0,0.2,6.0,6.0,1:02,0,28278784,48312320,0,5136384,0.0,34254848,324,2,278,44,0,13.3,1.5,0.0,85.2,0.0,0.0,0.0,0.0,15794.9 MiB,3695.7 MiB,2193.7 MiB,9905.4 MiB,4096.0 MiB,3452.5 MiB,643.5 MiB,12905.2 MiB,,1,02.55
8,2017-07-11,nbody_50000000_original,7.10.1,nbody_6_original.js 50000000,54,1695222642,2838727,node,63.73,630960128,42635264,20680704,100.0,0.3,6.0,6.0,1:03,0,28278784,56700928,0,7233536,0.0,42635264,324,2,278,44,0,13.4,0.7,0.0,85.8,0.0,0.0,0.0,0.0,15794.9 MiB,3689.1 MiB,2200.4 MiB,9905.4 MiB,4096.0 MiB,3452.5 MiB,643.5 MiB,12898.6 MiB,,1,03.73
8,2017-07-11,nbody_50000000_original,7.10.1,nbody_6_original.js 50000000,55,1695222643,2838727,node,64.91,630960128,42635264,20680704,100.0,0.3,6.0,6.0,1:04,0,28278784,56700928,0,7233536,0.0,42635264,324,2,278,44,0,12.7,1.5,0.0,85.8,0.0,0.0,0.0,0.0,15794.9 MiB,3688.8 MiB,2200.6 MiB,9905.4 MiB,4096.0 MiB,3452.5 MiB,643.5 MiB,12898.3 MiB,,1,04.91
8,2017-07-11,nbody_50000000_original,7.10.1,nbody_6_original.js 50000000,56,1695222644,2838727,node,66.08,630960128,42635264,20680704,93.8,0.3,6.0,6.0,1:06,0,28278784,56700928,0,7233536,0.0,42635264,324,2,278,44,0,12.8,0.8,0.0,86.5,0.0,0.0,0.0,0.0,15794.9 MiB,3689.1 MiB,2200.4 MiB,9905.4 MiB,4096.0 MiB,3452.5 MiB,643.5 MiB,12898.6 MiB,,1,06.08
8,2017-07-11,nbody_50000000_original,7.10.1,nbody_6_original.js 50000000,57,1695222645,2838727,node,67.26,630960128,42635264,20680704,106.7,0.3,6.0,6.0,1:07,0,28278784,56700928,0,7233536,0.0,42635264,324,2,278,44,0,12.7,1.5,0.0,85.8,0.0,0.0,0.0,0.0,15794.9 MiB,3689.3 MiB,2200.1 MiB,9905.4 MiB,4096.0 MiB,3452.5 MiB,643.5 MiB,12898.8 MiB,,1,07.26
8,2017-07-11,nbody_50000000_original,7.10.1,nbody_6_original.js 50000000,58,1695222647,2838727,node,68.44,630960128,42635264,20680704,100.0,0.3,6.0,2.0,1:08,0,28278784,56700928,0,7233536,0.0,42635264,324,2,278,44,0,12.7,1.5,0.0,85.8,0.0,0.0,0.0,0.0,15794.9 MiB,3688.8 MiB,2200.6 MiB,9905.4 MiB,4096.0 MiB,3452.5 MiB,643.5 MiB,12898.3 MiB,,1,08.44
8,2017-07-11,nbody_50000000_original,7.10.1,nbody_6_original.js 50000000,59,1695222648,2838727,node,69.62,630960128,42635264,20680704,100.0,0.3,6.0,2.0,1:09,0,28278784,56700928,0,7233536,0.0,42635264,324,2,278,44,0,12.8,2.3,0.0,84.2,0.8,0.0,0.0,0.0,15794.9 MiB,3688.3 MiB,2200.2 MiB,9906.3 MiB,4096.0 MiB,3452.5 MiB,643.5 MiB,12898.7 MiB,,1,09.62
8,2017-07-11,nbody_50000000_original,7.10.1,nbody_6_original.js 50000000,60,1695222649,2838727,node,70.8,630960128,42635264,20680704,100.0,0.3,6.0,2.0,1:10,0,28278784,56700928,0,7233536,0.0,42635264,324,2,278,44,0,12.8,0.8,0.0,86.5,0.0,0.0,0.0,0.0,15794.9 MiB,3687.8 MiB,2200.7 MiB,9906.3 MiB,4096.0 MiB,3452.5 MiB,643.5 MiB,12898.2 MiB,,1,10.80
8,2017-07-11,nbody_50000000_original,7.10.1,nbody_6_original.js 50000000,61,1695222650,2838727,node,71.97,630960128,42635264,20680704,100.0,0.3,6.0,2.0,1:11,0,28278784,56700928,0,7233536,0.0,42635264,324,2,278,44,0,13.3,1.5,0.0,85.2,0.0,0.0,0.0,0.0,15794.9 MiB,3687.8 MiB,2200.7 MiB,9906.3 MiB,4096.0 MiB,3452.5 MiB,643.5 MiB,12898.2 MiB,,1,11.97
8,2017-07-11,nbody_50000000_original,7.10.1,nbody_6_original.js 50000000,62,1695222651,2838727,node,73.15,630960128,42635264,20680704,100.0,0.3,6.0,2.0,1:13,0,28278784,56700928,0,7233536,0.0,42635264,324,2,278,44,0,13.4,0.7,0.0,85.8,0.0,0.0,0.0,0.0,15794.9 MiB,3687.4 MiB,2201.2 MiB,9906.3 MiB,4096.0 MiB,3452.5 MiB,643.5 MiB,12897.7 MiB,,1,13.15
8,2017-07-11,nbody_50000000_original,7.10.1,nbody_6_original.js 50000000,63,1695222653,2838727,node,74.33,630960128,42635264,20680704,100.0,0.3,6.0,2.0,1:14,0,28278784,56700928,0,7233536,0.0,42635264,324,2,278,44,0,13.4,0.7,0.0,85.8,0.0,0.0,0.0,0.0,15794.9 MiB,3687.1 MiB,2201.5 MiB,9906.3 MiB,4096.0 MiB,3452.5 MiB,643.5 MiB,12897.5 MiB,,1,14.33
8,2017-07-11,nbody_50000000_original,7.10.1,nbody_6_original.js 50000000,64,1695222654,2838727,node,75.5,630960128,42635264,20680704,93.8,0.3,6.0,2.0,1:15,0,28278784,56700928,0,7233536,0.0,42635264,324,2,278,44,0,12.7,1.5,0.0,85.8,0.0,0.0,0.0,0.0,15794.9 MiB,3687.1 MiB,2201.5 MiB,9906.3 MiB,4096.0 MiB,3452.5 MiB,643.5 MiB,12897.5 MiB,,1,15.50
8,2017-07-11,nbody_50000000_original,7.10.1,nbody_6_original.js 50000000,65,1695222655,2838727,node,76.68,630960128,42635264,20680704,106.7,0.3,6.0,2.0,1:16,0,28278784,56700928,0,7233536,0.0,42635264,324,2,278,44,0,12.9,0.8,0.0,86.4,0.0,0.0,0.0,0.0,15794.9 MiB,3687.6 MiB,2201.0 MiB,9906.3 MiB,4096.0 MiB,3452.5 MiB,643.5 MiB,12898.0 MiB,,1,16.68
8,2017-07-11,nbody_50000000_original,7.10.1,nbody_6_original.js 50000000,66,1695222656,2838727,node,77.86,630960128,42635264,20680704,100.0,0.3,6.0,2.0,1:17,0,28278784,56700928,0,7233536,0.0,42635264,324,2,278,44,0,12.7,1.5,0.0,85.8,0.0,0.0,0.0,0.0,15794.9 MiB,3687.1 MiB,2201.5 MiB,9906.3 MiB,4096.0 MiB,3452.5 MiB,643.5 MiB,12897.5 MiB,,1,17.86
8,2017-07-11,nbody_50000000_original,7.10.1,nbody_6_original.js 50000000,67,1695222657,2838727,node,79.03,630960128,42635264,20680704,93.8,0.3,6.0,2.0,1:19,0,28278784,56700928,0,7233536,0.0,42635264,324,2,278,44,0,12.7,1.5,0.0,85.8,0.0,0.0,0.0,0.0,15794.9 MiB,3687.1 MiB,2201.5 MiB,9906.3 MiB,4096.0 MiB,3452.5 MiB,643.5 MiB,12897.5 MiB,,1,19.03
8,2017-07-11,nbody_50000000_original,7.10.1,nbody_6_original.js 50000000,68,1695222658,2838727,node,80.21000000000001,630960128,42635264,20680704,100.0,0.3,6.0,2.0,1:20,0,28278784,56700928,0,7233536,0.0,42635264,324,2,278,44,0,12.7,1.5,0.0,85.8,0.0,0.0,0.0,0.0,15794.9 MiB,3687.4 MiB,2201.2 MiB,9906.3 MiB,4096.0 MiB,3452.5 MiB,643.5 MiB,12897.7 MiB,,1,20.21
8,2017-07-11,nbody_50000000_original,7.10.1,nbody_6_original.js 50000000,69,1695222660,2838727,node,81.39,630960128,42635264,20680704,100.0,0.3,6.0,6.0,1:21,0,28278784,56700928,0,7233536,0.0,42635264,324,2,278,44,0,12.8,0.8,0.0,86.5,0.0,0.0,0.0,0.0,15794.9 MiB,3687.4 MiB,2201.4 MiB,9906.1 MiB,4096.0 MiB,3452.5 MiB,643.5 MiB,12897.7 MiB,,1,21.39
8,2017-07-11,nbody_50000000_original,7.10.1,nbody_6_original.js 50000000,70,1695222661,2838727,node,82.57,630960128,42635264,20680704,100.0,0.3,6.0,6.0,1:22,0,28278784,56700928,0,7233536,0.0,42635264,324,2,278,44,0,13.4,0.7,0.0,85.8,0.0,0.0,0.0,0.0,15794.9 MiB,3687.4 MiB,2201.4 MiB,9906.1 MiB,4096.0 MiB,3452.5 MiB,643.5 MiB,12897.8 MiB,,1,22.57
8,2017-07-11,nbody_50000000_original,7.10.1,nbody_6_original.js 50000000,71,1695222662,2838727,node,83.75,630960128,42635264,20680704,100.0,0.3,6.0,6.0,1:23,0,28278784,56700928,0,7233536,0.0,42635264,324,2,278,44,0,13.5,0.8,0.0,85.7,0.0,0.0,0.0,0.0,15794.9 MiB,3689.6 MiB,2199.2 MiB,9906.1 MiB,4096.0 MiB,3452.5 MiB,643.5 MiB,12900.0 MiB,,1,23.75
8,2017-07-11,nbody_50000000_original,7.10.1,nbody_6_original.js 50000000,72,1695222663,2838727,node,84.93,630960128,42635264,20680704,100.0,0.3,6.0,6.0,1:24,0,28278784,56700928,0,7233536,0.0,42635264,324,2,278,44,0,13.4,0.7,0.0,85.8,0.0,0.0,0.0,0.0,15794.9 MiB,3689.3 MiB,2199.4 MiB,9906.1 MiB,4096.0 MiB,3452.5 MiB,643.5 MiB,12899.7 MiB,,1,24.93
8,2017-07-11,nbody_50000000_original,7.10.1,nbody_6_original.js 50000000,73,1695222664,2838727,node,86.1,630960128,42635264,20680704,93.8,0.3,6.0,6.0,1:26,0,28278784,56700928,0,7233536,0.0,42635264,324,2,278,44,0,13.4,0.7,0.0,85.8,0.0,0.0,0.0,0.0,15794.9 MiB,3688.6 MiB,2200.1 MiB,9906.1 MiB,4096.0 MiB,3452.5 MiB,643.5 MiB,12899.0 MiB,,1,26.10
8,2017-07-11,nbody_50000000_original,7.10.1,nbody_6_original.js 50000000,74,1695222665,2838727,node,87.28,630960128,42635264,20680704,100.0,0.3,6.0,6.0,1:27,0,28278784,56700928,0,7233536,0.0,42635264,324,2,278,44,0,13.5,0.8,0.0,85.7,0.0,0.0,0.0,0.0,15794.9 MiB,3688.6 MiB,2200.1 MiB,9906.1 MiB,4096.0 MiB,3452.5 MiB,643.5 MiB,12899.0 MiB,,1,27.28
8,2017-07-11,nbody_50000000_original,7.10.1,nbody_6_original.js 50000000,75,1695222667,2838727,node,88.46000000000001,630960128,42635264,20680704,100.0,0.3,6.0,6.0,1:28,0,28278784,56700928,0,7233536,0.0,42635264,324,2,278,44,0,12.6,1.5,0.0,85.9,0.0,0.0,0.0,0.0,15794.9 MiB,3688.6 MiB,2200.1 MiB,9906.1 MiB,4096.0 MiB,3452.5 MiB,643.5 MiB,12899.0 MiB,,1,28.46
8,2017-07-11,nbody_50000000_original,7.10.1,nbody_6_original.js 50000000,76,1695222668,2838727,node,89.64,630960128,42635264,20680704,100.0,0.3,6.0,6.0,1:29,0,28278784,56700928,0,7233536,0.0,42635264,324,2,278,44,0,12.8,0.8,0.0,86.5,0.0,0.0,0.0,0.0,15794.9 MiB,3688.6 MiB,2200.1 MiB,9906.1 MiB,4096.0 MiB,3452.5 MiB,643.5 MiB,12899.0 MiB,,1,29.64
8,2017-07-11,nbody_50000000_original,7.10.1,nbody_6_original.js 50000000,77,1695222669,2838727,node,90.82,630960128,42635264,20680704,100.0,0.3,6.0,6.0,1:30,0,28278784,56700928,0,7233536,0.0,42635264,324,2,278,44,0,13.5,0.8,0.0,85.7,0.0,0.0,0.0,0.0,15794.9 MiB,3688.6 MiB,2200.1 MiB,9906.1 MiB,4096.0 MiB,3452.5 MiB,643.5 MiB,12899.0 MiB,,1,30.82
8,2017-07-11,nbody_50000000_original,7.10.1,nbody_6_original.js 50000000,78,1695222670,2838727,node,91.99,630960128,42635264,20680704,93.8,0.3,6.0,6.0,1:31,0,28278784,56700928,0,7233536,0.0,42635264,324,2,278,44,0,14.0,1.5,0.0,84.6,0.0,0.0,0.0,0.0,15794.9 MiB,3689.1 MiB,2199.6 MiB,9906.1 MiB,4096.0 MiB,3452.5 MiB,643.5 MiB,12899.5 MiB,,1,31.99
8,2017-07-11,nbody_50000000_original,7.10.1,nbody_6_original.js 50000000,79,1695222671,2838727,node,93.17,630960128,42635264,20680704,100.0,0.3,6.0,2.0,1:33,0,28278784,56700928,0,7233536,0.0,42635264,324,2,278,44,0,12.8,0.8,0.0,86.5,0.0,0.0,0.0,0.0,15794.9 MiB,3689.1 MiB,2199.6 MiB,9906.1 MiB,4096.0 MiB,3452.5 MiB,643.5 MiB,12899.5 MiB,,1,33.17
8,2017-07-11,nbody_50000000_original,7.10.1,nbody_6_original.js 50000000,80,1695222673,2838727,node,94.36,630960128,42635264,20680704,100.0,0.3,6.0,2.0,1:34,0,28278784,56700928,0,7233536,0.0,42635264,324,2,278,44,0,13.2,2.1,0.0,84.7,0.0,0.0,0.0,0.0,15794.9 MiB,3688.8 MiB,2199.9 MiB,9906.1 MiB,4096.0 MiB,3452.5 MiB,643.5 MiB,12899.2 MiB,,1,34.36
8,2017-07-11,nbody_50000000_original,7.10.1,nbody_6_original.js 50000000,81,1695222674,2838727,node,95.53999999999999,630960128,42635264,20680704,100.0,0.3,6.0,2.0,1:35,0,28278784,56700928,0,7233536,0.0,42635264,324,2,278,44,0,12.7,1.5,0.0,85.8,0.0,0.0,0.0,0.0,15794.9 MiB,3688.3 MiB,2200.4 MiB,9906.1 MiB,4096.0 MiB,3452.5 MiB,643.5 MiB,12898.8 MiB,,1,35.54
8,2017-07-11,nbody_50000000_original,7.10.1,nbody_6_original.js 50000000,82,1695222675,2838727,node,96.72,630960128,42635264,20680704,100.0,0.3,6.0,2.0,1:36,0,28278784,56700928,0,7233536,0.0,42635264,324,2,278,44,0,12.8,0.8,0.0,86.5,0.0,0.0,0.0,0.0,15794.9 MiB,3687.4 MiB,2201.4 MiB,9906.1 MiB,4096.0 MiB,3452.5 MiB,643.5 MiB,12897.8 MiB,,1,36.72
8,2017-07-11,nbody_50000000_original,7.10.1,nbody_6_original.js 50000000,83,1695222676,2838727,node,97.89,630960128,42635264,20680704,93.8,0.3,6.0,2.0,1:37,0,28278784,56700928,0,7233536,0.0,42635264,324,2,278,44,0,13.3,2.2,0.0,84.4,0.0,0.0,0.0,0.0,15794.9 MiB,3687.6 MiB,2201.1 MiB,9906.2 MiB,4096.0 MiB,3452.5 MiB,643.5 MiB,12898.0 MiB,,1,37.89
8,2017-07-11,nbody_50000000_original,7.10.1,nbody_6_original.js 50000000,84,1695222677,2838727,node,99.07,630960128,42635264,20680704,100.0,0.3,6.0,2.0,1:39,0,28278784,56700928,0,7233536,0.0,42635264,324,2,278,44,0,12.7,1.5,0.0,85.8,0.0,0.0,0.0,0.0,15794.9 MiB,3687.1 MiB,2201.6 MiB,9906.2 MiB,4096.0 MiB,3452.5 MiB,643.5 MiB,12897.5 MiB,,1,39.07
8,2017-07-11,nbody_50000000_original,7.10.1,nbody_6_original.js 50000000,85,1695222678,2838727,node,100.25,630960128,42635264,20680704,100.0,0.3,6.0,2.0,1:40,0,28278784,56700928,0,7233536,0.0,42635264,324,2,278,44,0,13.4,0.7,0.0,85.8,0.0,0.0,0.0,0.0,15794.9 MiB,3684.4 MiB,2204.3 MiB,9906.2 MiB,4096.0 MiB,3452.5 MiB,643.5 MiB,12894.8 MiB,,1,40.25
8,2017-07-11,nbody_50000000_original,7.10.1,nbody_6_original.js 50000000,86,1695222680,2838727,node,101.42,630960128,42635264,20680704,93.8,0.3,6.0,2.0,1:41,0,28278784,56700928,0,7233536,0.0,42635264,324,2,278,44,0,13.5,0.8,0.0,85.7,0.0,0.0,0.0,0.0,15794.9 MiB,3683.9 MiB,2204.8 MiB,9906.2 MiB,4096.0 MiB,3452.5 MiB,643.5 MiB,12894.3 MiB,,1,41.42
8,2017-07-11,nbody_50000000_original,7.10.1,nbody_6_original.js 50000000,87,1695222681,2838727,node,102.6,630960128,42635264,20680704,100.0,0.3,6.0,2.0,1:42,0,28278784,56700928,0,7233536,0.0,42635264,324,2,278,44,0,12.7,1.5,0.0,85.8,0.0,0.0,0.0,0.0,15794.9 MiB,3683.7 MiB,2205.0 MiB,9906.2 MiB,4096.0 MiB,3452.5 MiB,643.5 MiB,12894.1 MiB,,1,42.60
8,2017-07-11,nbody_50000000_original,7.10.1,nbody_6_original.js 50000000,88,1695222682,2838727,node,103.78,630960128,42635264,20680704,100.0,0.3,6.0,2.0,1:43,0,28278784,56700928,0,7233536,0.0,42635264,324,2,278,44,0,12.8,0.8,0.0,85.7,0.8,0.0,0.0,0.0,15794.9 MiB,3683.7 MiB,2205.0 MiB,9906.2 MiB,4096.0 MiB,3452.5 MiB,643.5 MiB,12894.1 MiB,,1,43.78
8,2017-07-11,nbody_50000000_original,7.10.1,nbody_6_original.js 50000000,89,1695222683,2838727,node,104.96000000000001,630960128,42635264,20680704,100.0,0.3,6.0,2.0,1:44,0,28278784,56700928,0,7233536,0.0,42635264,324,2,278,44,0,12.7,1.5,0.0,85.8,0.0,0.0,0.0,0.0,15794.9 MiB,3683.9 MiB,2204.8 MiB,9906.2 MiB,4096.0 MiB,3452.5 MiB,643.5 MiB,12894.3 MiB,,1,44.96
8,2017-07-11,nbody_50000000_original,7.10.1,nbody_6_original.js 50000000,90,1695222684,2838727,node,106.13,630960128,42635264,20680704,100.0,0.3,6.0,6.0,1:46,0,28278784,56700928,0,7233536,0.0,42635264,324,2,278,44,0,12.8,0.8,0.0,86.5,0.0,0.0,0.0,0.0,15794.9 MiB,3683.4 MiB,2205.3 MiB,9906.2 MiB,4096.0 MiB,3452.5 MiB,643.5 MiB,12893.9 MiB,,1,46.13
8,2017-07-11,nbody_50000000_original,7.10.1,nbody_6_original.js 50000000,91,1695222685,2838727,node,107.31,630960128,42635264,20680704,100.0,0.3,6.0,6.0,1:47,0,28278784,56700928,0,7233536,0.0,42635264,324,2,278,44,0,12.7,1.5,0.0,85.8,0.0,0.0,0.0,0.0,15794.9 MiB,3683.4 MiB,2205.3 MiB,9906.2 MiB,4096.0 MiB,3452.5 MiB,643.5 MiB,12893.9 MiB,,1,47.31
8,2017-07-11,nbody_50000000_original,7.10.1,nbody_6_original.js 50000000,92,1695222687,2838727,node,108.49000000000001,630960128,42635264,20680704,100.0,0.3,6.0,6.0,1:48,0,28278784,56700928,0,7233536,0.0,42635264,324,2,278,44,0,12.8,0.8,0.0,86.5,0.0,0.0,0.0,0.0,15794.9 MiB,3683.2 MiB,2205.5 MiB,9906.2 MiB,4096.0 MiB,3452.5 MiB,643.5 MiB,12893.6 MiB,,1,48.49
8,2017-07-11,nbody_50000000_original,7.10.1,nbody_6_original.js 50000000,93,1695222688,2838727,node,109.67,630960128,42635264,20680704,106.7,0.3,6.0,6.0,1:49,0,28278784,56700928,0,7233536,0.0,42635264,324,2,278,44,0,13.4,0.7,0.0,85.8,0.0,0.0,0.0,0.0,15794.9 MiB,3683.2 MiB,2205.5 MiB,9906.2 MiB,4096.0 MiB,3452.5 MiB,643.5 MiB,12893.6 MiB,,1,49.67
8,2017-07-11,nbody_50000000_original,7.10.1,nbody_6_original.js 50000000,94,1695222689,2838727,node,110.85,630960128,42635264,20680704,100.0,0.3,6.0,2.0,1:50,0,28278784,56700928,0,7233536,0.0,42635264,324,2,278,44,0,13.2,1.5,0.0,84.6,0.7,0.0,0.0,0.0,15794.9 MiB,3683.2 MiB,2205.5 MiB,9906.2 MiB,4096.0 MiB,3452.5 MiB,643.5 MiB,12893.6 MiB,,1,50.85
8,2017-07-11,nbody_50000000_original,7.10.1,nbody_6_original.js 50000000,95,1695222690,2838727,node,112.02000000000001,630960128,42635264,20680704,100.0,0.3,6.0,2.0,1:52,0,28278784,56700928,0,7233536,0.0,42635264,324,2,278,44,0,14.5,1.4,0.0,84.1,0.0,0.0,0.0,0.0,15794.9 MiB,3683.2 MiB,2205.5 MiB,9906.2 MiB,4096.0 MiB,3452.5 MiB,643.5 MiB,12893.6 MiB,,1,52.02
8,2017-07-11,nbody_50000000_original,7.10.1,nbody_6_original.js 50000000,96,1695222691,2838727,node,113.21000000000001,630960128,42635264,20680704,100.0,0.3,6.0,2.0,1:53,0,28278784,56700928,0,7233536,0.0,42635264,324,2,278,44,0,12.8,1.5,0.0,85.7,0.0,0.0,0.0,0.0,15794.9 MiB,3684.2 MiB,2204.5 MiB,9906.2 MiB,4096.0 MiB,3452.5 MiB,643.5 MiB,12894.6 MiB,,1,53.21
8,2017-07-11,nbody_50000000_original,7.10.1,nbody_6_original.js 50000000,97,1695222693,2838727,node,114.38,630960128,42635264,20680704,100.0,0.3,6.0,6.0,1:54,0,28278784,56700928,0,7233536,0.0,42635264,324,2,278,44,0,13.3,1.5,0.0,85.2,0.0,0.0,0.0,0.0,15794.9 MiB,3683.9 MiB,2204.8 MiB,9906.2 MiB,4096.0 MiB,3452.5 MiB,643.5 MiB,12894.4 MiB,,1,54.38
8,2017-07-11,nbody_50000000_original,7.10.1,nbody_6_original.js 50000000,98,1695222694,2838727,node,115.56,630960128,42635264,20680704,100.0,0.3,6.0,6.0,1:55,0,28278784,56700928,0,7233536,0.0,42635264,324,2,278,44,0,12.1,0.8,0.0,87.1,0.0,0.0,0.0,0.0,15794.9 MiB,3683.7 MiB,2205.0 MiB,9906.2 MiB,4096.0 MiB,3452.5 MiB,643.5 MiB,12894.1 MiB,,1,55.56
8,2017-07-11,nbody_50000000_original,7.10.1,nbody_6_original.js 50000000,99,1695222695,2838727,node,116.74000000000001,630960128,42635264,20680704,100.0,0.3,6.0,6.0,1:56,0,28278784,56700928,0,7233536,0.0,42635264,324,2,278,44,0,12.7,1.5,0.0,85.1,0.7,0.0,0.0,0.0,15794.9 MiB,3683.4 MiB,2205.2 MiB,9906.2 MiB,4096.0 MiB,3452.5 MiB,643.5 MiB,12893.9 MiB,,1,56.74
8,2017-07-11,nbody_50000000_original,7.10.1,nbody_6_original.js 50000000,100,1695222696,2838727,node,117.91,630960128,42635264,20680704,106.7,0.3,6.0,6.0,1:57,0,28278784,56700928,0,7233536,0.0,42635264,324,2,278,44,0,12.7,1.5,0.0,85.8,0.0,0.0,0.0,0.0,15794.9 MiB,3683.2 MiB,2205.5 MiB,9906.2 MiB,4096.0 MiB,3452.5 MiB,643.5 MiB,12893.6 MiB,,1,57.91
8,2017-07-11,nbody_50000000_original,7.10.1,nbody_6_original.js 50000000,101,1695222697,2838727,node,119.09,630960128,42635264,20680704,100.0,0.3,6.0,6.0,1:59,0,28278784,56700928,0,7233536,0.0,42635264,324,2,278,44,0,12.1,0.8,0.0,87.1,0.0,0.0,0.0,0.0,15794.9 MiB,3683.7 MiB,2205.0 MiB,9906.2 MiB,4096.0 MiB,3452.5 MiB,643.5 MiB,12894.1 MiB,,1,59.09
8,2017-07-11,nbody_50000000_original,7.10.1,nbody_6_original.js 50000000,102,1695222698,2838727,node,120.27,630960128,42635264,20680704,100.0,0.3,6.0,6.0,2:00,0,28278784,56700928,0,7233536,0.0,42635264,324,2,278,44,0,12.9,0.8,0.0,86.4,0.0,0.0,0.0,0.0,15794.9 MiB,3683.2 MiB,2205.5 MiB,9906.2 MiB,4096.0 MiB,3452.5 MiB,643.5 MiB,12893.6 MiB,,2,00.27
8,2017-07-11,nbody_50000000_original,7.10.1,nbody_6_original.js 50000000,103,1695222700,2838727,node,121.45,630960128,42635264,20680704,100.0,0.3,6.0,6.0,2:01,0,28278784,56700928,0,7233536,0.0,42635264,324,2,278,44,0,12.7,1.5,0.0,85.8,0.0,0.0,0.0,0.0,15794.9 MiB,3682.7 MiB,2206.0 MiB,9906.2 MiB,4096.0 MiB,3452.5 MiB,643.5 MiB,12893.2 MiB,,2,01.45
8,2017-07-11,nbody_50000000_original,7.10.1,nbody_6_original.js 50000000,104,1695222701,2838727,node,122.62,630960128,42635264,20680704,93.8,0.3,6.0,6.0,2:02,0,28278784,56700928,0,7233536,0.0,42635264,324,2,278,44,0,12.8,0.8,0.0,85.7,0.8,0.0,0.0,0.0,15794.9 MiB,3682.7 MiB,2206.0 MiB,9906.2 MiB,4096.0 MiB,3452.5 MiB,643.5 MiB,12893.2 MiB,,2,02.62
8,2017-07-11,nbody_50000000_original,7.10.1,nbody_6_original.js 50000000,105,1695222702,2838727,node,123.8,630960128,42635264,20680704,100.0,0.3,6.0,6.0,2:03,0,28278784,56700928,0,7233536,0.0,42635264,324,2,278,44,0,12.8,0.8,0.0,86.5,0.0,0.0,0.0,0.0,15794.9 MiB,3682.7 MiB,2206.0 MiB,9906.2 MiB,4096.0 MiB,3452.5 MiB,643.5 MiB,12893.2 MiB,,2,03.80
8,2017-07-11,nbody_50000000_original,7.10.1,nbody_6_original.js 50000000,106,1695222703,2838727,node,124.98,630960128,42635264,20680704,100.0,0.3,6.0,6.0,2:04,0,28278784,56700928,0,7233536,0.0,42635264,324,2,278,44,0,12.6,1.5,0.0,85.9,0.0,0.0,0.0,0.0,15794.9 MiB,3682.9 MiB,2205.7 MiB,9906.2 MiB,4096.0 MiB,3452.5 MiB,643.5 MiB,12893.4 MiB,,2,04.98
8,2017-07-11,nbody_50000000_original,7.10.1,nbody_6_original.js 50000000,107,1695222704,2838727,node,126.16,630960128,42635264,20680704,100.0,0.3,6.0,6.0,2:06,0,28278784,56700928,0,7233536,0.0,42635264,324,2,278,44,0,13.3,0.7,0.0,85.9,0.0,0.0,0.0,0.0,15794.9 MiB,3682.9 MiB,2205.7 MiB,9906.2 MiB,4096.0 MiB,3452.5 MiB,643.5 MiB,12893.4 MiB,,2,06.16
8,2017-07-11,nbody_50000000_original,7.10.1,nbody_6_original.js 50000000,108,1695222706,2838727,node,127.33,630960128,42635264,20680704,100.0,0.3,6.0,6.0,2:07,0,28278784,56700928,0,7233536,0.0,42635264,324,2,278,44,0,13.4,0.7,0.0,85.8,0.0,0.0,0.0,0.0,15794.9 MiB,3682.5 MiB,2206.2 MiB,9906.2 MiB,4096.0 MiB,3452.5 MiB,643.5 MiB,12892.9 MiB,,2,07.33
8,2017-07-11,nbody_50000000_original,7.10.1,nbody_6_original.js 50000000,109,1695222707,2838727,node,128.51,630960128,42635264,20680704,100.0,0.3,6.0,6.0,2:08,0,28278784,56700928,0,7233536,0.0,42635264,324,2,278,44,0,13.4,0.7,0.0,85.8,0.0,0.0,0.0,0.0,15794.9 MiB,3683.2 MiB,2205.5 MiB,9906.2 MiB,4096.0 MiB,3452.5 MiB,643.5 MiB,12893.7 MiB,,2,08.51
8,2017-07-11,nbody_50000000_original,7.10.1,nbody_6_original.js 50000000,110,1695222708,2838727,node,129.69,630960128,42635264,20680704,100.0,0.3,6.0,6.0,2:09,0,28278784,56700928,0,7233536,0.0,42635264,324,2,278,44,0,13.3,1.5,0.0,85.2,0.0,0.0,0.0,0.0,15794.9 MiB,3683.2 MiB,2205.5 MiB,9906.2 MiB,4096.0 MiB,3452.5 MiB,643.5 MiB,12893.7 MiB,,2,09.69
8,2017-07-11,nbody_50000000_original,7.10.1,nbody_6_original.js 50000000,111,1695222709,2838727,node,130.87,630960128,42635264,20680704,100.0,0.3,6.0,6.0,2:10,0,28278784,56700928,0,7233536,0.0,42635264,324,2,278,44,0,13.4,0.7,0.0,85.8,0.0,0.0,0.0,0.0,15794.9 MiB,3682.9 MiB,2205.7 MiB,9906.2 MiB,4096.0 MiB,3452.5 MiB,643.5 MiB,12893.4 MiB,,2,10.87
8,2017-07-11,nbody_50000000_original,7.10.1,nbody_6_original.js 50000000,112,1695222710,2838727,node,132.04,630960128,42635264,20680704,93.8,0.3,6.0,6.0,2:12,0,28278784,56700928,0,7233536,0.0,42635264,324,2,278,44,0,12.8,1.5,0.0,85.7,0.0,0.0,0.0,0.0,15794.9 MiB,3682.9 MiB,2205.7 MiB,9906.2 MiB,4096.0 MiB,3452.5 MiB,643.5 MiB,12893.4 MiB,,2,12.04
8,2017-07-11,nbody_50000000_original,7.10.1,nbody_6_original.js 50000000,113,1695222711,2838727,node,133.22,630960128,42635264,20680704,100.0,0.3,6.0,6.0,2:13,0,28278784,56700928,0,7233536,0.0,42635264,324,2,278,44,0,12.7,1.5,0.0,85.8,0.0,0.0,0.0,0.0,15794.9 MiB,3682.9 MiB,2205.7 MiB,9906.2 MiB,4096.0 MiB,3452.5 MiB,643.5 MiB,12893.4 MiB,,2,13.22
8,2017-07-11,nbody_50000000_original,7.10.1,nbody_6_original.js 50000000,114,1695222713,2838727,node,134.4,630960128,42635264,20680704,100.0,0.3,6.0,6.0,2:14,0,28278784,56700928,0,7233536,0.0,42635264,324,2,278,44,0,12.8,0.8,0.0,86.5,0.0,0.0,0.0,0.0,15794.9 MiB,3683.4 MiB,2205.2 MiB,9906.2 MiB,4096.0 MiB,3452.5 MiB,643.5 MiB,12893.9 MiB,,2,14.40
8,2017-07-11,nbody_50000000_original,7.10.1,nbody_6_original.js 50000000,115,1695222714,2838727,node,135.57,630960128,42635264,20680704,100.0,0.3,6.0,6.0,2:15,0,28278784,56700928,0,7233536,0.0,42635264,324,2,278,44,0,14.7,0.7,0.0,84.6,0.0,0.0,0.0,0.0,15794.9 MiB,3683.4 MiB,2205.2 MiB,9906.2 MiB,4096.0 MiB,3452.5 MiB,643.5 MiB,12893.9 MiB,,2,15.57
8,2017-07-11,nbody_50000000_original,7.10.1,nbody_6_original.js 50000000,116,1695222715,2838727,node,136.75,630960128,42635264,20680704,100.0,0.3,6.0,2.0,2:16,0,28278784,56700928,0,7233536,0.0,42635264,324,2,278,44,0,13.4,0.7,0.0,85.8,0.0,0.0,0.0,0.0,15794.9 MiB,3682.9 MiB,2205.7 MiB,9906.2 MiB,4096.0 MiB,3452.5 MiB,643.5 MiB,12893.4 MiB,,2,16.75
8,2017-07-11,nbody_50000000_original,7.10.1,nbody_6_original.js 50000000,117,1695222716,2838727,node,137.93,630960128,42635264,20680704,100.0,0.3,6.0,2.0,2:17,0,28278784,56700928,0,7233536,0.0,42635264,324,2,278,44,0,12.7,1.5,0.0,85.8,0.0,0.0,0.0,0.0,15794.9 MiB,3682.7 MiB,2205.9 MiB,9906.2 MiB,4096.0 MiB,3452.5 MiB,643.5 MiB,12893.2 MiB,,2,17.93
8,2017-07-11,nbody_50000000_original,7.10.1,nbody_6_original.js 50000000,118,1695222717,2838727,node,139.1,630960128,42635264,20680704,93.8,0.3,6.0,2.0,2:19,0,28278784,56700928,0,7233536,0.0,42635264,324,2,278,44,0,13.3,1.5,0.0,85.2,0.0,0.0,0.0,0.0,15794.9 MiB,3683.4 MiB,2205.2 MiB,9906.2 MiB,4096.0 MiB,3452.5 MiB,643.5 MiB,12893.9 MiB,,2,19.10
8,2017-07-11,nbody_50000000_original,7.10.1,nbody_6_original.js 50000000,119,1695222718,2838727,node,140.28,630960128,42635264,20680704,106.7,0.3,6.0,2.0,2:20,0,28278784,56700928,0,7233536,0.0,42635264,324,2,278,44,0,12.7,1.5,0.0,85.8,0.0,0.0,0.0,0.0,15794.9 MiB,3683.2 MiB,2205.4 MiB,9906.2 MiB,4096.0 MiB,3452.5 MiB,643.5 MiB,12893.7 MiB,,2,20.28
8,2017-07-11,nbody_50000000_original,7.10.1,nbody_6_original.js 50000000,120,1695222720,2838727,node,141.46,630960128,42635264,20680704,100.0,0.3,6.0,2.0,2:21,0,28278784,56700928,0,7233536,0.0,42635264,324,2,278,44,0,13.5,0.8,0.0,85.7,0.0,0.0,0.0,0.0,15794.9 MiB,3682.7 MiB,2205.9 MiB,9906.2 MiB,4096.0 MiB,3452.5 MiB,643.5 MiB,12893.2 MiB,,2,21.46
8,2017-07-11,nbody_50000000_original,7.10.1,nbody_6_original.js 50000000,121,1695222721,2838727,node,142.64,630960128,42635264,20680704,100.0,0.3,6.0,6.0,2:22,0,28278784,56700928,0,7233536,0.0,42635264,324,3,277,44,0,12.9,0.0,0.0,87.1,0.0,0.0,0.0,0.0,15794.9 MiB,3682.2 MiB,2206.5 MiB,9906.2 MiB,4096.0 MiB,3452.5 MiB,643.5 MiB,12892.7 MiB,,2,22.64
8,2017-07-11,nbody_50000000_original,7.10.1,nbody_6_original.js 50000000,122,1695222722,2838727,node,143.82,630960128,42635264,20680704,100.0,0.3,6.0,6.0,2:23,0,28278784,56700928,0,7233536,0.0,42635264,324,2,278,44,0,12.9,0.8,0.0,86.4,0.0,0.0,0.0,0.0,15794.9 MiB,3683.2 MiB,2205.5 MiB,9906.2 MiB,4096.0 MiB,3452.5 MiB,643.5 MiB,12893.7 MiB,,2,23.82
8,2017-07-11,nbody_50000000_original,7.10.1,nbody_6_original.js 50000000,123,1695222723,2838727,node,144.99,630960128,42635264,20680704,106.7,0.3,6.0,6.0,2:24,0,28278784,56700928,0,7233536,0.0,42635264,324,2,278,44,0,13.3,1.5,0.0,85.2,0.0,0.0,0.0,0.0,15794.9 MiB,3683.4 MiB,2205.2 MiB,9906.2 MiB,4096.0 MiB,3452.5 MiB,643.5 MiB,12894.0 MiB,,2,24.99
8,2017-07-11,nbody_50000000_original,7.10.1,nbody_6_original.js 50000000,124,1695222724,2838727,node,146.17000000000002,630960128,42635264,20680704,100.0,0.3,6.0,6.0,2:26,0,28278784,56700928,0,7233536,0.0,42635264,324,2,278,44,0,12.7,1.5,0.0,85.8,0.0,0.0,0.0,0.0,15794.9 MiB,3683.9 MiB,2204.7 MiB,9906.2 MiB,4096.0 MiB,3452.5 MiB,643.5 MiB,12894.4 MiB,,2,26.17
8,2017-07-11,nbody_50000000_original,7.10.1,nbody_6_original.js 50000000,125,1695222726,2838727,node,147.35,630960128,42635264,20680704,100.0,0.3,6.0,6.0,2:27,0,28278784,56700928,0,7233536,0.0,42635264,324,2,278,44,0,12.8,0.0,0.0,87.2,0.0,0.0,0.0,0.0,15794.9 MiB,3684.2 MiB,2204.5 MiB,9906.2 MiB,4096.0 MiB,3452.5 MiB,643.5 MiB,12894.7 MiB,,2,27.35
8,2017-07-11,nbody_50000000_original,7.10.1,nbody_6_original.js 50000000,126,1695222727,2838727,node,148.52,630960128,42635264,20680704,100.0,0.3,6.0,6.0,2:28,0,28278784,56700928,0,7233536,0.0,42635264,324,2,278,44,0,13.1,2.2,0.0,83.9,0.0,0.0,0.7,0.0,15794.9 MiB,3683.7 MiB,2205.0 MiB,9906.2 MiB,4096.0 MiB,3452.5 MiB,643.5 MiB,12894.2 MiB,,2,28.52
8,2017-07-11,nbody_50000000_original,7.10.1,nbody_6_original.js 50000000,127,1695222728,2838727,node,149.7,630960128,42635264,20680704,100.0,0.3,6.0,6.0,2:29,0,28278784,56700928,0,7233536,0.0,42635264,324,2,278,44,0,12.8,0.8,0.0,86.5,0.0,0.0,0.0,0.0,15794.9 MiB,3683.9 MiB,2204.7 MiB,9906.2 MiB,4096.0 MiB,3452.5 MiB,643.5 MiB,12894.5 MiB,,2,29.70
8,2017-07-11,nbody_50000000_original,7.10.1,nbody_6_original.js 50000000,128,1695222729,2838727,node,150.88,630960128,42635264,20680704,100.0,0.3,6.0,6.0,2:30,0,28278784,56700928,0,7233536,0.0,42635264,324,2,278,44,0,13.5,0.0,0.0,85.7,0.8,0.0,0.0,0.0,15794.9 MiB,3684.2 MiB,2204.5 MiB,9906.2 MiB,4096.0 MiB,3452.5 MiB,643.5 MiB,12894.7 MiB,,2,30.88
8,2017-07-11,nbody_50000000_original,7.10.1,nbody_6_original.js 50000000,129,1695222730,2838727,node,152.06,630960128,42635264,20680704,100.0,0.3,6.0,6.0,2:32,0,28278784,56700928,0,7233536,0.0,42635264,324,2,278,44,0,13.4,0.7,0.0,85.8,0.0,0.0,0.0,0.0,15794.9 MiB,3684.2 MiB,2204.5 MiB,9906.2 MiB,4096.0 MiB,3452.5 MiB,643.5 MiB,12894.7 MiB,,2,32.06
8,2017-07-11,nbody_50000000_original,7.10.1,nbody_6_original.js 50000000,130,1695222731,2838727,node,153.23,630960128,42635264,20680704,100.0,0.3,6.0,6.0,2:33,0,28278784,56700928,0,7233536,0.0,42635264,324,2,278,44,0,13.2,1.5,0.0,85.3,0.0,0.0,0.0,0.0,15794.9 MiB,3683.9 MiB,2204.7 MiB,9906.2 MiB,4096.0 MiB,3452.5 MiB,643.5 MiB,12894.5 MiB,,2,33.23
8,2017-07-11,nbody_50000000_original,7.10.1,nbody_6_original.js 50000000,131,1695222733,2838727,node,154.41,630960128,42635264,20680704,100.0,0.3,6.0,6.0,2:34,0,28278784,56700928,0,7233536,0.0,42635264,324,2,278,44,0,12.8,0.8,0.0,86.5,0.0,0.0,0.0,0.0,15794.9 MiB,3683.2 MiB,2205.5 MiB,9906.2 MiB,4096.0 MiB,3452.5 MiB,643.5 MiB,12893.7 MiB,,2,34.41
8,2017-07-11,nbody_50000000_original,7.10.1,nbody_6_original.js 50000000,132,1695222734,2838727,node,155.59,630960128,42635264,20680704,100.0,0.3,6.0,6.0,2:35,0,28278784,56700928,0,7233536,0.0,42635264,324,2,278,44,0,13.3,1.5,0.0,85.2,0.0,0.0,0.0,0.0,15794.9 MiB,3683.2 MiB,2205.5 MiB,9906.2 MiB,4096.0 MiB,3452.5 MiB,643.5 MiB,12893.7 MiB,,2,35.59
9,2017-07-11,nbody_50000000_original,7.10.1,nbody_6_original.js 50000000,0,1695222735,2839552,node,0.16,618377216,30281728,20758528,100.0,0.2,6.0,1.0,0:00,0,28278784,44118016,0,4088832,0.0,30281728,324,2,278,44,0,15.0,2.3,0.0,82.7,0.0,0.0,0.0,0.0,15794.9 MiB,3679.8 MiB,2200.9 MiB,9914.2 MiB,4096.0 MiB,3452.5 MiB,643.5 MiB,12890.3 MiB,,0,00.16
9,2017-07-11,nbody_50000000_original,7.10.1,nbody_6_original.js 50000000,1,1695222736,2839552,node,1.33,618377216,30281728,20758528,100.0,0.2,6.0,1.0,0:01,0,28278784,44118016,0,4088832,0.0,30281728,324,2,278,44,0,12.7,1.5,0.0,85.8,0.0,0.0,0.0,0.0,15794.9 MiB,3679.3 MiB,2201.2 MiB,9914.4 MiB,4096.0 MiB,3452.5 MiB,643.5 MiB,12889.8 MiB,,0,01.33
9,2017-07-11,nbody_50000000_original,7.10.1,nbody_6_original.js 50000000,2,1695222737,2839552,node,2.51,618377216,30281728,20758528,93.8,0.2,6.0,1.0,0:02,0,28278784,44118016,0,4088832,0.0,30281728,323,2,277,44,0,12.7,1.5,0.0,85.8,0.0,0.0,0.0,0.0,15794.9 MiB,3678.5 MiB,2201.9 MiB,9914.4 MiB,4096.0 MiB,3452.5 MiB,643.5 MiB,12889.1 MiB,,0,02.51
9,2017-07-11,nbody_50000000_original,7.10.1,nbody_6_original.js 50000000,3,1695222738,2839552,node,3.69,618377216,30281728,20758528,100.0,0.2,6.0,1.0,0:03,0,28278784,44118016,0,4088832,0.0,30281728,323,2,277,44,0,12.1,1.5,0.0,86.4,0.0,0.0,0.0,0.0,15794.9 MiB,3693.1 MiB,2195.4 MiB,9906.4 MiB,4096.0 MiB,3452.5 MiB,643.5 MiB,12903.6 MiB,,0,03.69
9,2017-07-11,nbody_50000000_original,7.10.1,nbody_6_original.js 50000000,4,1695222740,2839552,node,4.87,618377216,30281728,20758528,100.0,0.2,6.0,1.0,0:04,0,28278784,44118016,0,4088832,0.0,30281728,323,2,277,44,0,13.3,1.5,0.0,85.2,0.0,0.0,0.0,0.0,15794.9 MiB,3692.8 MiB,2195.7 MiB,9906.4 MiB,4096.0 MiB,3452.5 MiB,643.5 MiB,12903.3 MiB,,0,04.87
9,2017-07-11,nbody_50000000_original,7.10.1,nbody_6_original.js 50000000,5,1695222741,2839552,node,6.05,618377216,30281728,20758528,100.0,0.2,6.0,1.0,0:06,0,28278784,44118016,0,4088832,0.0,30281728,324,2,278,44,0,12.8,0.8,0.0,85.7,0.8,0.0,0.0,0.0,15794.9 MiB,3692.1 MiB,2196.4 MiB,9906.4 MiB,4096.0 MiB,3452.5 MiB,643.5 MiB,12902.6 MiB,,0,06.05
9,2017-07-11,nbody_50000000_original,7.10.1,nbody_6_original.js 50000000,6,1695222742,2839552,node,7.23,618377216,30281728,20758528,100.0,0.2,6.0,1.0,0:07,0,28278784,44118016,0,4088832,0.0,30281728,324,2,278,44,0,12.0,1.5,0.0,86.5,0.0,0.0,0.0,0.0,15794.9 MiB,3692.1 MiB,2196.4 MiB,9906.4 MiB,4096.0 MiB,3452.5 MiB,643.5 MiB,12902.6 MiB,,0,07.23
9,2017-07-11,nbody_50000000_original,7.10.1,nbody_6_original.js 50000000,7,1695222743,2839552,node,8.4,618377216,30281728,20758528,93.8,0.2,6.0,1.0,0:08,0,28278784,44118016,0,4088832,0.0,30281728,324,2,278,44,0,12.8,0.8,0.0,86.5,0.0,0.0,0.0,0.0,15794.9 MiB,3691.3 MiB,2197.1 MiB,9906.4 MiB,4096.0 MiB,3452.5 MiB,643.5 MiB,12901.9 MiB,,0,08.40
9,2017-07-11,nbody_50000000_original,7.10.1,nbody_6_original.js 50000000,8,1695222744,2839552,node,9.58,622571520,34332672,20758528,100.0,0.2,6.0,1.0,0:09,0,28278784,48312320,0,5137408,0.0,34332672,324,2,278,44,0,12.8,0.8,0.0,86.5,0.0,0.0,0.0,0.0,15794.9 MiB,3691.1 MiB,2197.4 MiB,9906.4 MiB,4096.0 MiB,3452.5 MiB,643.5 MiB,12901.6 MiB,,0,09.58
9,2017-07-11,nbody_50000000_original,7.10.1,nbody_6_original.js 50000000,9,1695222746,2839552,node,10.76,622571520,34332672,20758528,100.0,0.2,6.0,1.0,0:10,0,28278784,48312320,0,5137408,0.0,34332672,324,2,278,44,0,13.5,0.0,0.0,86.5,0.0,0.0,0.0,0.0,15794.9 MiB,3691.8 MiB,2196.6 MiB,9906.4 MiB,4096.0 MiB,3452.5 MiB,643.5 MiB,12902.4 MiB,,0,10.76
9,2017-07-11,nbody_50000000_original,7.10.1,nbody_6_original.js 50000000,10,1695222747,2839552,node,11.93,622571520,34332672,20758528,93.8,0.2,6.0,1.0,0:11,0,28278784,48312320,0,5137408,0.0,34332672,324,2,278,44,0,13.3,1.5,0.0,85.2,0.0,0.0,0.0,0.0,15794.9 MiB,3691.6 MiB,2196.9 MiB,9906.4 MiB,4096.0 MiB,3452.5 MiB,643.5 MiB,12902.1 MiB,,0,11.93
9,2017-07-11,nbody_50000000_original,7.10.1,nbody_6_original.js 50000000,11,1695222748,2839552,node,13.11,622571520,34332672,20758528,100.0,0.2,6.0,1.0,0:13,0,28278784,48312320,0,5137408,0.0,34332672,324,2,278,44,0,13.5,0.8,0.0,85.7,0.0,0.0,0.0,0.0,15794.9 MiB,3691.6 MiB,2196.9 MiB,9906.4 MiB,4096.0 MiB,3452.5 MiB,643.5 MiB,12902.1 MiB,,0,13.11
9,2017-07-11,nbody_50000000_original,7.10.1,nbody_6_original.js 50000000,12,1695222749,2839552,node,14.29,622571520,34332672,20758528,100.0,0.2,6.0,1.0,0:14,0,28278784,48312320,0,5137408,0.0,34332672,324,2,278,44,0,13.4,1.5,0.0,85.1,0.0,0.0,0.0,0.0,15794.9 MiB,3692.3 MiB,2196.1 MiB,9906.4 MiB,4096.0 MiB,3452.5 MiB,643.5 MiB,12902.9 MiB,,0,14.29
9,2017-07-11,nbody_50000000_original,7.10.1,nbody_6_original.js 50000000,13,1695222750,2839552,node,15.47,622571520,34332672,20758528,106.7,0.2,6.0,1.0,0:15,0,28278784,48312320,0,5137408,0.0,34332672,324,2,278,44,0,12.7,1.5,0.0,85.8,0.0,0.0,0.0,0.0,15794.9 MiB,3691.1 MiB,2197.4 MiB,9906.4 MiB,4096.0 MiB,3452.5 MiB,643.5 MiB,12901.6 MiB,,0,15.47
9,2017-07-11,nbody_50000000_original,7.10.1,nbody_6_original.js 50000000,14,1695222751,2839552,node,16.65,622571520,34332672,20758528,100.0,0.2,6.0,1.0,0:16,0,28278784,48312320,0,5137408,0.0,34332672,324,2,278,44,0,12.7,1.5,0.0,85.8,0.0,0.0,0.0,0.0,15794.9 MiB,3690.9 MiB,2197.6 MiB,9906.4 MiB,4096.0 MiB,3452.5 MiB,643.5 MiB,12901.4 MiB,,0,16.65
9,2017-07-11,nbody_50000000_original,7.10.1,nbody_6_original.js 50000000,15,1695222753,2839552,node,17.82,622571520,34332672,20758528,100.0,0.2,6.0,1.0,0:17,0,28278784,48312320,0,5137408,0.0,34332672,324,2,278,44,0,13.4,0.7,0.0,85.8,0.0,0.0,0.0,0.0,15794.9 MiB,3690.9 MiB,2197.6 MiB,9906.4 MiB,4096.0 MiB,3452.5 MiB,643.5 MiB,12901.4 MiB,,0,17.82
9,2017-07-11,nbody_50000000_original,7.10.1,nbody_6_original.js 50000000,16,1695222754,2839552,node,19.0,622571520,34332672,20758528,100.0,0.2,6.0,1.0,0:19,0,28278784,48312320,0,5137408,0.0,34332672,324,2,278,44,0,12.1,0.8,0.0,87.1,0.0,0.0,0.0,0.0,15794.9 MiB,3690.9 MiB,2197.6 MiB,9906.4 MiB,4096.0 MiB,3452.5 MiB,643.5 MiB,12901.4 MiB,,0,19.00
9,2017-07-11,nbody_50000000_original,7.10.1,nbody_6_original.js 50000000,17,1695222755,2839552,node,20.18,622571520,34332672,20758528,106.7,0.2,6.0,1.0,0:20,0,28278784,48312320,0,5137408,0.0,34332672,324,2,278,44,0,12.8,0.8,0.0,86.5,0.0,0.0,0.0,0.0,15794.9 MiB,3689.6 MiB,2198.8 MiB,9906.4 MiB,4096.0 MiB,3452.5 MiB,643.5 MiB,12900.2 MiB,,0,20.18
9,2017-07-11,nbody_50000000_original,7.10.1,nbody_6_original.js 50000000,18,1695222756,2839552,node,21.35,622571520,34332672,20758528,100.0,0.2,6.0,1.0,0:21,0,28278784,48312320,0,5137408,0.0,34332672,324,2,278,44,0,12.8,0.8,0.0,86.5,0.0,0.0,0.0,0.0,15794.9 MiB,3689.6 MiB,2198.8 MiB,9906.4 MiB,4096.0 MiB,3452.5 MiB,643.5 MiB,12900.2 MiB,,0,21.35
9,2017-07-11,nbody_50000000_original,7.10.1,nbody_6_original.js 50000000,19,1695222757,2839552,node,22.53,622571520,34332672,20758528,100.0,0.2,6.0,1.0,0:22,0,28278784,48312320,0,5137408,0.0,34332672,324,2,278,44,0,12.7,1.5,0.0,85.1,0.7,0.0,0.0,0.0,15794.9 MiB,3689.4 MiB,2199.1 MiB,9906.4 MiB,4096.0 MiB,3452.5 MiB,643.5 MiB,12899.9 MiB,,0,22.53
9,2017-07-11,nbody_50000000_original,7.10.1,nbody_6_original.js 50000000,20,1695222758,2839552,node,23.71,622571520,34332672,20758528,100.0,0.2,6.0,5.0,0:23,0,28278784,48312320,0,5137408,0.0,34332672,324,2,278,44,0,12.7,1.5,0.0,85.8,0.0,0.0,0.0,0.0,15794.9 MiB,3689.4 MiB,2199.1 MiB,9906.4 MiB,4096.0 MiB,3452.5 MiB,643.5 MiB,12899.9 MiB,,0,23.71
9,2017-07-11,nbody_50000000_original,7.10.1,nbody_6_original.js 50000000,21,1695222760,2839552,node,24.88,622571520,34332672,20758528,100.0,0.2,6.0,5.0,0:24,0,28278784,48312320,0,5137408,0.0,34332672,324,2,278,44,0,12.7,1.5,0.0,85.8,0.0,0.0,0.0,0.0,15794.9 MiB,3688.6 MiB,2199.8 MiB,9906.4 MiB,4096.0 MiB,3452.5 MiB,643.5 MiB,12899.2 MiB,,0,24.88
9,2017-07-11,nbody_50000000_original,7.10.1,nbody_6_original.js 50000000,22,1695222761,2839552,node,26.06,622571520,34332672,20758528,100.0,0.2,6.0,5.0,0:26,0,28278784,48312320,0,5137408,0.0,34332672,324,2,278,44,0,12.7,1.5,0.0,85.8,0.0,0.0,0.0,0.0,15794.9 MiB,3688.6 MiB,2199.8 MiB,9906.4 MiB,4096.0 MiB,3452.5 MiB,643.5 MiB,12899.2 MiB,,0,26.06
9,2017-07-11,nbody_50000000_original,7.10.1,nbody_6_original.js 50000000,23,1695222762,2839552,node,27.24,622571520,34332672,20758528,100.0,0.2,6.0,5.0,0:27,0,28278784,48312320,0,5137408,0.0,34332672,324,2,278,44,0,14.0,1.5,0.0,84.6,0.0,0.0,0.0,0.0,15794.9 MiB,3688.1 MiB,2200.3 MiB,9906.4 MiB,4096.0 MiB,3452.5 MiB,643.5 MiB,12898.7 MiB,,0,27.24
9,2017-07-11,nbody_50000000_original,7.10.1,nbody_6_original.js 50000000,24,1695222763,2839552,node,28.42,622571520,34332672,20758528,100.0,0.2,6.0,5.0,0:28,0,28278784,48312320,0,5137408,0.0,34332672,324,2,278,44,0,12.8,1.5,0.0,85.7,0.0,0.0,0.0,0.0,15794.9 MiB,3687.9 MiB,2200.5 MiB,9906.4 MiB,4096.0 MiB,3452.5 MiB,643.5 MiB,12898.5 MiB,,0,28.42
9,2017-07-11,nbody_50000000_original,7.10.1,nbody_6_original.js 50000000,25,1695222764,2839552,node,29.59,622571520,34332672,20758528,100.0,0.2,6.0,5.0,0:29,0,28278784,48312320,0,5137408,0.0,34332672,324,2,278,44,0,12.7,1.5,0.0,85.8,0.0,0.0,0.0,0.0,15794.9 MiB,3687.9 MiB,2200.5 MiB,9906.4 MiB,4096.0 MiB,3452.5 MiB,643.5 MiB,12898.5 MiB,,0,29.59
9,2017-07-11,nbody_50000000_original,7.10.1,nbody_6_original.js 50000000,26,1695222766,2839552,node,30.77,622571520,34332672,20758528,100.0,0.2,6.0,5.0,0:30,0,28278784,48312320,0,5137408,0.0,34332672,324,2,278,44,0,13.3,1.5,0.0,85.2,0.0,0.0,0.0,0.0,15794.9 MiB,3687.9 MiB,2200.5 MiB,9906.4 MiB,4096.0 MiB,3452.5 MiB,643.5 MiB,12898.5 MiB,,0,30.77
9,2017-07-11,nbody_50000000_original,7.10.1,nbody_6_original.js 50000000,27,1695222767,2839552,node,31.95,622571520,34332672,20758528,100.0,0.2,6.0,5.0,0:31,0,28278784,48312320,0,5137408,0.0,34332672,324,2,278,44,0,13.4,0.7,0.0,85.8,0.0,0.0,0.0,0.0,15794.9 MiB,3687.7 MiB,2200.8 MiB,9906.4 MiB,4096.0 MiB,3452.5 MiB,643.5 MiB,12898.2 MiB,,0,31.95
9,2017-07-11,nbody_50000000_original,7.10.1,nbody_6_original.js 50000000,28,1695222768,2839552,node,33.12,622571520,34332672,20758528,93.8,0.2,6.0,5.0,0:33,0,28278784,48312320,0,5137408,0.0,34332672,324,2,278,44,0,12.6,1.5,0.0,85.9,0.0,0.0,0.0,0.0,15794.9 MiB,3687.4 MiB,2201.0 MiB,9906.4 MiB,4096.0 MiB,3452.5 MiB,643.5 MiB,12898.0 MiB,,0,33.12
9,2017-07-11,nbody_50000000_original,7.10.1,nbody_6_original.js 50000000,29,1695222769,2839552,node,34.3,622571520,34332672,20758528,100.0,0.2,6.0,1.0,0:34,0,28278784,48312320,0,5137408,0.0,34332672,324,2,278,44,0,12.9,0.8,0.0,86.4,0.0,0.0,0.0,0.0,15794.9 MiB,3687.2 MiB,2201.3 MiB,9906.4 MiB,4096.0 MiB,3452.5 MiB,643.5 MiB,12897.7 MiB,,0,34.30
9,2017-07-11,nbody_50000000_original,7.10.1,nbody_6_original.js 50000000,30,1695222770,2839552,node,35.48,622571520,34332672,20758528,100.0,0.2,6.0,1.0,0:35,0,28278784,48312320,0,5137408,0.0,34332672,324,2,278,44,0,13.4,0.7,0.0,85.8,0.0,0.0,0.0,0.0,15794.9 MiB,3686.9 MiB,2201.5 MiB,9906.4 MiB,4096.0 MiB,3452.5 MiB,643.5 MiB,12897.5 MiB,,0,35.48
9,2017-07-11,nbody_50000000_original,7.10.1,nbody_6_original.js 50000000,31,1695222771,2839552,node,36.66,622571520,34332672,20758528,100.0,0.2,6.0,1.0,0:36,0,28278784,48312320,0,5137408,0.0,34332672,324,2,278,44,0,13.2,2.2,0.0,84.6,0.0,0.0,0.0,0.0,15794.9 MiB,3686.9 MiB,2201.5 MiB,9906.4 MiB,4096.0 MiB,3452.5 MiB,643.5 MiB,12897.5 MiB,,0,36.66
9,2017-07-11,nbody_50000000_original,7.10.1,nbody_6_original.js 50000000,32,1695222773,2839552,node,37.84,622571520,34332672,20758528,100.0,0.2,6.0,1.0,0:37,0,28278784,48312320,0,5137408,0.0,34332672,324,2,278,44,0,12.8,0.8,0.0,86.5,0.0,0.0,0.0,0.0,15794.9 MiB,3686.9 MiB,2201.5 MiB,9906.4 MiB,4096.0 MiB,3452.5 MiB,643.5 MiB,12897.5 MiB,,0,37.84
9,2017-07-11,nbody_50000000_original,7.10.1,nbody_6_original.js 50000000,33,1695222774,2839552,node,39.01,622571520,34332672,20758528,100.0,0.2,6.0,1.0,0:39,0,28278784,48312320,0,5137408,0.0,34332672,324,2,278,44,0,13.4,0.7,0.0,85.8,0.0,0.0,0.0,0.0,15794.9 MiB,3686.9 MiB,2201.5 MiB,9906.4 MiB,4096.0 MiB,3452.5 MiB,643.5 MiB,12897.5 MiB,,0,39.01
9,2017-07-11,nbody_50000000_original,7.10.1,nbody_6_original.js 50000000,34,1695222775,2839552,node,40.18,622571520,34332672,20758528,93.8,0.2,6.0,1.0,0:40,0,28278784,48312320,0,5137408,0.0,34332672,324,2,278,44,0,13.3,1.5,0.0,85.2,0.0,0.0,0.0,0.0,15794.9 MiB,3686.9 MiB,2201.5 MiB,9906.4 MiB,4096.0 MiB,3452.5 MiB,643.5 MiB,12897.5 MiB,,0,40.18
9,2017-07-11,nbody_50000000_original,7.10.1,nbody_6_original.js 50000000,35,1695222776,2839552,node,41.36,622571520,34332672,20758528,100.0,0.2,6.0,1.0,0:41,0,28278784,48312320,0,5137408,0.0,34332672,324,2,278,44,0,12.7,1.5,0.0,85.8,0.0,0.0,0.0,0.0,15794.9 MiB,3686.9 MiB,2201.5 MiB,9906.4 MiB,4096.0 MiB,3452.5 MiB,643.5 MiB,12897.5 MiB,,0,41.36
9,2017-07-11,nbody_50000000_original,7.10.1,nbody_6_original.js 50000000,36,1695222777,2839552,node,42.54,622571520,34332672,20758528,100.0,0.2,6.0,1.0,0:42,0,28278784,48312320,0,5137408,0.0,34332672,324,2,278,44,0,12.8,1.5,0.0,85.7,0.0,0.0,0.0,0.0,15794.9 MiB,3687.2 MiB,2201.2 MiB,9906.5 MiB,4096.0 MiB,3452.5 MiB,643.5 MiB,12897.8 MiB,,0,42.54
9,2017-07-11,nbody_50000000_original,7.10.1,nbody_6_original.js 50000000,37,1695222779,2839552,node,43.72,622571520,34332672,20758528,100.0,0.2,6.0,1.0,0:43,0,28278784,48312320,0,5137408,0.0,34332672,324,2,278,44,0,12.7,1.5,0.0,85.8,0.0,0.0,0.0,0.0,15794.9 MiB,3689.9 MiB,2198.5 MiB,9906.5 MiB,4096.0 MiB,3452.5 MiB,643.5 MiB,12900.5 MiB,,0,43.72
9,2017-07-11,nbody_50000000_original,7.10.1,nbody_6_original.js 50000000,38,1695222780,2839552,node,44.9,622571520,34332672,20758528,100.0,0.2,6.0,1.0,0:44,0,28278784,48312320,0,5137408,0.0,34332672,324,2,278,44,0,12.9,0.8,0.0,86.4,0.0,0.0,0.0,0.0,15794.9 MiB,3689.1 MiB,2199.3 MiB,9906.5 MiB,4096.0 MiB,3452.5 MiB,643.5 MiB,12899.7 MiB,,0,44.90
9,2017-07-11,nbody_50000000_original,7.10.1,nbody_6_original.js 50000000,39,1695222781,2839552,node,46.07,622571520,34332672,20758528,100.0,0.2,6.0,5.0,0:46,0,28278784,48312320,0,5137408,0.0,34332672,324,2,278,44,0,13.4,0.7,0.0,85.8,0.0,0.0,0.0,0.0,15794.9 MiB,3689.1 MiB,2199.3 MiB,9906.5 MiB,4096.0 MiB,3452.5 MiB,643.5 MiB,12899.7 MiB,,0,46.07
9,2017-07-11,nbody_50000000_original,7.10.1,nbody_6_original.js 50000000,40,1695222782,2839552,node,47.25,622571520,34332672,20758528,93.8,0.2,6.0,5.0,0:47,0,28278784,48312320,0,5137408,0.0,34332672,324,2,278,44,0,12.7,1.5,0.0,85.8,0.0,0.0,0.0,0.0,15794.9 MiB,3688.9 MiB,2199.5 MiB,9906.5 MiB,4096.0 MiB,3452.5 MiB,643.5 MiB,12899.5 MiB,,0,47.25
9,2017-07-11,nbody_50000000_original,7.10.1,nbody_6_original.js 50000000,41,1695222783,2839552,node,48.43,622571520,34332672,20758528,106.7,0.2,6.0,5.0,0:48,0,28278784,48312320,0,5137408,0.0,34332672,324,2,278,44,0,13.5,0.8,0.0,85.7,0.0,0.0,0.0,0.0,15794.9 MiB,3687.9 MiB,2200.5 MiB,9906.5 MiB,4096.0 MiB,3452.5 MiB,643.5 MiB,12898.5 MiB,,0,48.43
9,2017-07-11,nbody_50000000_original,7.10.1,nbody_6_original.js 50000000,42,1695222784,2839552,node,49.61,622571520,34332672,20758528,100.0,0.2,6.0,5.0,0:49,0,28278784,48312320,0,5137408,0.0,34332672,324,2,278,44,0,13.4,1.5,0.0,85.1,0.0,0.0,0.0,0.0,15794.9 MiB,3687.9 MiB,2200.5 MiB,9906.5 MiB,4096.0 MiB,3452.5 MiB,643.5 MiB,12898.5 MiB,,0,49.61
9,2017-07-11,nbody_50000000_original,7.10.1,nbody_6_original.js 50000000,43,1695222786,2839552,node,50.79,622571520,34332672,20758528,100.0,0.2,6.0,5.0,0:50,0,28278784,48312320,0,5137408,0.0,34332672,324,2,278,44,0,12.7,1.5,0.0,85.8,0.0,0.0,0.0,0.0,15794.9 MiB,3687.2 MiB,2201.2 MiB,9906.5 MiB,4096.0 MiB,3452.5 MiB,643.5 MiB,12897.8 MiB,,0,50.79
9,2017-07-11,nbody_50000000_original,7.10.1,nbody_6_original.js 50000000,44,1695222787,2839552,node,51.97,622571520,34332672,20758528,100.0,0.2,6.0,5.0,0:51,0,28278784,48312320,0,5137408,0.0,34332672,324,2,278,44,0,12.8,1.5,0.0,85.7,0.0,0.0,0.0,0.0,15794.9 MiB,3687.2 MiB,2201.2 MiB,9906.5 MiB,4096.0 MiB,3452.5 MiB,643.5 MiB,12897.8 MiB,,0,51.97
9,2017-07-11,nbody_50000000_original,7.10.1,nbody_6_original.js 50000000,45,1695222788,2839552,node,53.14,622571520,34332672,20758528,100.0,0.2,6.0,5.0,0:53,0,28278784,48312320,0,5137408,0.0,34332672,324,2,278,44,0,13.4,0.7,0.0,85.8,0.0,0.0,0.0,0.0,15794.9 MiB,3687.2 MiB,2201.2 MiB,9906.5 MiB,4096.0 MiB,3452.5 MiB,643.5 MiB,12897.8 MiB,,0,53.14
9,2017-07-11,nbody_50000000_original,7.10.1,nbody_6_original.js 50000000,46,1695222789,2839552,node,54.32,622571520,34332672,20758528,100.0,0.2,6.0,5.0,0:54,0,28278784,48312320,0,5137408,0.0,34332672,324,2,278,44,0,13.3,1.5,0.0,85.2,0.0,0.0,0.0,0.0,15794.9 MiB,3687.2 MiB,2201.2 MiB,9906.5 MiB,4096.0 MiB,3452.5 MiB,643.5 MiB,12897.8 MiB,,0,54.32
9,2017-07-11,nbody_50000000_original,7.10.1,nbody_6_original.js 50000000,47,1695222790,2839552,node,55.5,622571520,34332672,20758528,100.0,0.2,6.0,5.0,0:55,0,28278784,48312320,0,5137408,0.0,34332672,324,2,278,44,0,12.8,0.8,0.0,86.5,0.0,0.0,0.0,0.0,15794.9 MiB,3686.9 MiB,2201.5 MiB,9906.5 MiB,4096.0 MiB,3452.5 MiB,643.5 MiB,12897.6 MiB,,0,55.50
9,2017-07-11,nbody_50000000_original,7.10.1,nbody_6_original.js 50000000,48,1695222791,2839552,node,56.67,622571520,34332672,20758528,100.0,0.2,6.0,5.0,0:56,0,28278784,48312320,0,5137408,0.0,34332672,324,2,278,44,0,12.7,1.5,0.0,85.8,0.0,0.0,0.0,0.0,15794.9 MiB,3686.9 MiB,2201.5 MiB,9906.5 MiB,4096.0 MiB,3452.5 MiB,643.5 MiB,12897.6 MiB,,0,56.67
9,2017-07-11,nbody_50000000_original,7.10.1,nbody_6_original.js 50000000,49,1695222793,2839552,node,57.85,622571520,34332672,20758528,100.0,0.2,6.0,5.0,0:57,0,28278784,48312320,0,5137408,0.0,34332672,324,2,278,44,0,13.2,1.5,0.0,84.6,0.0,0.0,0.7,0.0,15794.9 MiB,3686.9 MiB,2201.5 MiB,9906.5 MiB,4096.0 MiB,3452.5 MiB,643.5 MiB,12897.6 MiB,,0,57.85
9,2017-07-11,nbody_50000000_original,7.10.1,nbody_6_original.js 50000000,50,1695222794,2839552,node,59.03,622571520,34332672,20758528,100.0,0.2,6.0,5.0,0:59,0,28278784,48312320,0,5137408,0.0,34332672,324,2,278,44,0,13.4,0.7,0.0,85.8,0.0,0.0,0.0,0.0,15794.9 MiB,3686.4 MiB,2201.9 MiB,9906.5 MiB,4096.0 MiB,3452.5 MiB,643.5 MiB,12897.1 MiB,,0,59.03
9,2017-07-11,nbody_50000000_original,7.10.1,nbody_6_original.js 50000000,51,1695222795,2839552,node,60.2,622571520,34332672,20758528,93.8,0.2,6.0,5.0,1:00,0,28278784,48312320,0,5137408,0.0,34332672,324,2,278,44,0,12.7,1.5,0.0,85.8,0.0,0.0,0.0,0.0,15794.9 MiB,3686.7 MiB,2201.7 MiB,9906.5 MiB,4096.0 MiB,3452.5 MiB,643.5 MiB,12897.3 MiB,,1,00.20
9,2017-07-11,nbody_50000000_original,7.10.1,nbody_6_original.js 50000000,52,1695222796,2839552,node,61.38,622571520,34332672,20758528,106.7,0.2,6.0,5.0,1:01,0,28278784,48312320,0,5137408,0.0,34332672,324,2,278,44,0,13.3,1.5,0.0,85.2,0.0,0.0,0.0,0.0,15794.9 MiB,3686.2 MiB,2202.2 MiB,9906.5 MiB,4096.0 MiB,3452.5 MiB,643.5 MiB,12896.8 MiB,,1,01.38
9,2017-07-11,nbody_50000000_original,7.10.1,nbody_6_original.js 50000000,53,1695222797,2839552,node,62.56,622571520,34332672,20758528,100.0,0.2,6.0,5.0,1:02,0,28278784,48312320,0,5137408,0.0,34332672,324,2,278,44,0,12.8,0.8,0.0,86.5,0.0,0.0,0.0,0.0,15794.9 MiB,3686.0 MiB,2202.4 MiB,9906.5 MiB,4096.0 MiB,3452.5 MiB,643.5 MiB,12896.6 MiB,,1,02.56
9,2017-07-11,nbody_50000000_original,7.10.1,nbody_6_original.js 50000000,54,1695222799,2839552,node,63.73,630960128,42713088,20758528,100.0,0.3,6.0,5.0,1:03,0,28278784,56700928,0,7234560,0.0,42713088,324,2,278,44,0,13.4,0.7,0.0,85.8,0.0,0.0,0.0,0.0,15794.9 MiB,3680.8 MiB,2207.6 MiB,9906.5 MiB,4096.0 MiB,3452.5 MiB,643.5 MiB,12891.4 MiB,,1,03.73
9,2017-07-11,nbody_50000000_original,7.10.1,nbody_6_original.js 50000000,55,1695222800,2839552,node,64.91,630960128,42713088,20758528,100.0,0.3,6.0,5.0,1:04,0,28278784,56700928,0,7234560,0.0,42713088,324,2,278,44,0,12.2,1.5,0.0,86.3,0.0,0.0,0.0,0.0,15794.9 MiB,3681.0 MiB,2207.3 MiB,9906.5 MiB,4096.0 MiB,3452.5 MiB,643.5 MiB,12891.7 MiB,,1,04.91
9,2017-07-11,nbody_50000000_original,7.10.1,nbody_6_original.js 50000000,56,1695222801,2839552,node,66.09,630960128,42713088,20758528,106.7,0.3,6.0,1.0,1:06,0,28278784,56700928,0,7234560,0.0,42713088,324,2,278,44,0,13.5,0.0,0.0,86.5,0.0,0.0,0.0,0.0,15794.9 MiB,3681.0 MiB,2207.3 MiB,9906.5 MiB,4096.0 MiB,3452.5 MiB,643.5 MiB,12891.7 MiB,,1,06.09
9,2017-07-11,nbody_50000000_original,7.10.1,nbody_6_original.js 50000000,57,1695222802,2839552,node,67.27,630960128,42713088,20758528,100.0,0.3,6.0,1.0,1:07,0,28278784,56700928,0,7234560,0.0,42713088,324,2,278,44,0,13.5,0.8,0.0,85.7,0.0,0.0,0.0,0.0,15794.9 MiB,3681.3 MiB,2207.1 MiB,9906.5 MiB,4096.0 MiB,3452.5 MiB,643.5 MiB,12891.9 MiB,,1,07.27
9,2017-07-11,nbody_50000000_original,7.10.1,nbody_6_original.js 50000000,58,1695222803,2839552,node,68.44,630960128,42713088,20758528,93.8,0.3,6.0,5.0,1:08,0,28278784,56700928,0,7234560,0.0,42713088,324,2,278,44,0,12.9,0.8,0.0,86.4,0.0,0.0,0.0,0.0,15794.9 MiB,3679.8 MiB,2208.6 MiB,9906.5 MiB,4096.0 MiB,3452.5 MiB,643.5 MiB,12890.4 MiB,,1,08.44
9,2017-07-11,nbody_50000000_original,7.10.1,nbody_6_original.js 50000000,59,1695222804,2839552,node,69.62,630960128,42713088,20758528,100.0,0.3,6.0,5.0,1:09,0,28278784,56700928,0,7234560,0.0,42713088,324,2,278,44,0,13.5,0.0,0.0,86.5,0.0,0.0,0.0,0.0,15794.9 MiB,3679.8 MiB,2208.6 MiB,9906.5 MiB,4096.0 MiB,3452.5 MiB,643.5 MiB,12890.4 MiB,,1,09.62
9,2017-07-11,nbody_50000000_original,7.10.1,nbody_6_original.js 50000000,60,1695222806,2839552,node,70.8,630960128,42713088,20758528,100.0,0.3,6.0,1.0,1:10,0,28278784,56700928,0,7234560,0.0,42713088,324,2,278,44,0,13.2,1.5,0.0,85.3,0.0,0.0,0.0,0.0,15794.9 MiB,3679.8 MiB,2208.6 MiB,9906.5 MiB,4096.0 MiB,3452.5 MiB,643.5 MiB,12890.4 MiB,,1,10.80
9,2017-07-11,nbody_50000000_original,7.10.1,nbody_6_original.js 50000000,61,1695222807,2839552,node,71.98,630960128,42713088,20758528,100.0,0.3,6.0,1.0,1:11,0,28278784,56700928,0,7234560,0.0,42713088,324,2,278,44,0,12.8,0.8,0.0,86.5,0.0,0.0,0.0,0.0,15794.9 MiB,3679.3 MiB,2209.0 MiB,9906.5 MiB,4096.0 MiB,3452.5 MiB,643.5 MiB,12890.0 MiB,,1,11.98
9,2017-07-11,nbody_50000000_original,7.10.1,nbody_6_original.js 50000000,62,1695222808,2839552,node,73.15,630960128,42713088,20758528,93.8,0.3,6.0,1.0,1:13,0,28278784,56700928,0,7234560,0.0,42713088,324,2,278,44,0,13.3,1.5,0.0,85.2,0.0,0.0,0.0,0.0,15794.9 MiB,3679.1 MiB,2209.3 MiB,9906.5 MiB,4096.0 MiB,3452.5 MiB,643.5 MiB,12889.7 MiB,,1,13.15
9,2017-07-11,nbody_50000000_original,7.10.1,nbody_6_original.js 50000000,63,1695222809,2839552,node,74.33,630960128,42713088,20758528,100.0,0.3,6.0,1.0,1:14,0,28278784,56700928,0,7234560,0.0,42713088,324,2,278,44,0,13.4,0.7,0.0,85.8,0.0,0.0,0.0,0.0,15794.9 MiB,3678.6 MiB,2209.8 MiB,9906.5 MiB,4096.0 MiB,3452.5 MiB,643.5 MiB,12889.2 MiB,,1,14.33
9,2017-07-11,nbody_50000000_original,7.10.1,nbody_6_original.js 50000000,64,1695222810,2839552,node,75.51,630960128,42713088,20758528,100.0,0.3,6.0,1.0,1:15,0,28278784,56700928,0,7234560,0.0,42713088,324,2,278,44,0,13.4,0.7,0.0,85.8,0.0,0.0,0.0,0.0,15794.9 MiB,3678.3 MiB,2210.0 MiB,9906.5 MiB,4096.0 MiB,3452.5 MiB,643.5 MiB,12889.0 MiB,,1,15.51
9,2017-07-11,nbody_50000000_original,7.10.1,nbody_6_original.js 50000000,65,1695222811,2839552,node,76.68,630960128,42713088,20758528,93.8,0.3,6.0,1.0,1:16,0,28278784,56700928,0,7234560,0.0,42713088,324,2,278,44,0,12.8,0.8,0.0,86.5,0.0,0.0,0.0,0.0,15794.9 MiB,3678.6 MiB,2209.8 MiB,9906.5 MiB,4096.0 MiB,3452.5 MiB,643.5 MiB,12889.2 MiB,,1,16.68
9,2017-07-11,nbody_50000000_original,7.10.1,nbody_6_original.js 50000000,66,1695222813,2839552,node,77.86,630960128,42713088,20758528,100.0,0.3,6.0,5.0,1:17,0,28278784,56700928,0,7234560,0.0,42713088,324,2,278,44,0,14.2,0.7,0.0,85.1,0.0,0.0,0.0,0.0,15794.9 MiB,3678.6 MiB,2209.8 MiB,9906.5 MiB,4096.0 MiB,3452.5 MiB,643.5 MiB,12889.2 MiB,,1,17.86
9,2017-07-11,nbody_50000000_original,7.10.1,nbody_6_original.js 50000000,67,1695222814,2839552,node,79.03999999999999,630960128,42713088,20758528,100.0,0.3,6.0,5.0,1:19,0,28278784,56700928,0,7234560,0.0,42713088,324,2,278,44,0,12.7,2.2,0.0,85.1,0.0,0.0,0.0,0.0,15794.9 MiB,3679.3 MiB,2209.0 MiB,9906.5 MiB,4096.0 MiB,3452.5 MiB,643.5 MiB,12890.0 MiB,,1,19.04
9,2017-07-11,nbody_50000000_original,7.10.1,nbody_6_original.js 50000000,68,1695222815,2839552,node,80.22,630960128,42713088,20758528,100.0,0.3,6.0,5.0,1:20,0,28278784,56700928,0,7234560,0.0,42713088,324,2,278,44,0,13.3,0.7,0.0,85.9,0.0,0.0,0.0,0.0,15794.9 MiB,3679.3 MiB,2209.0 MiB,9906.5 MiB,4096.0 MiB,3452.5 MiB,643.5 MiB,12890.0 MiB,,1,20.22
9,2017-07-11,nbody_50000000_original,7.10.1,nbody_6_original.js 50000000,69,1695222816,2839552,node,81.4,630960128,42713088,20758528,100.0,0.3,6.0,5.0,1:21,0,28278784,56700928,0,7234560,0.0,42713088,324,2,278,44,0,12.9,0.0,0.0,87.1,0.0,0.0,0.0,0.0,15794.9 MiB,3679.3 MiB,2209.0 MiB,9906.5 MiB,4096.0 MiB,3452.5 MiB,643.5 MiB,12890.0 MiB,,1,21.40
9,2017-07-11,nbody_50000000_original,7.10.1,nbody_6_original.js 50000000,70,1695222817,2839552,node,82.58,630960128,42713088,20758528,100.0,0.3,6.0,5.0,1:22,0,28278784,56700928,0,7234560,0.0,42713088,324,2,278,44,0,12.1,0.8,0.0,87.1,0.0,0.0,0.0,0.0,15794.9 MiB,3679.3 MiB,2209.0 MiB,9906.5 MiB,4096.0 MiB,3452.5 MiB,643.5 MiB,12890.0 MiB,,1,22.58
9,2017-07-11,nbody_50000000_original,7.10.1,nbody_6_original.js 50000000,71,1695222819,2839552,node,83.75,630960128,42713088,20758528,100.0,0.3,6.0,5.0,1:23,0,28278784,56700928,0,7234560,0.0,42713088,324,2,278,44,0,13.5,0.8,0.0,85.7,0.0,0.0,0.0,0.0,15794.9 MiB,3679.3 MiB,2209.0 MiB,9906.5 MiB,4096.0 MiB,3452.5 MiB,643.5 MiB,12890.0 MiB,,1,23.75
9,2017-07-11,nbody_50000000_original,7.10.1,nbody_6_original.js 50000000,72,1695222820,2839552,node,84.93,630960128,42713088,20758528,100.0,0.3,6.0,5.0,1:24,0,28278784,56700928,0,7234560,0.0,42713088,324,2,278,44,0,13.3,1.5,0.0,85.2,0.0,0.0,0.0,0.0,15794.9 MiB,3679.3 MiB,2209.0 MiB,9906.5 MiB,4096.0 MiB,3452.5 MiB,643.5 MiB,12890.0 MiB,,1,24.93
9,2017-07-11,nbody_50000000_original,7.10.1,nbody_6_original.js 50000000,73,1695222821,2839552,node,86.1,630960128,42713088,20758528,93.8,0.3,6.0,5.0,1:26,0,28278784,56700928,0,7234560,0.0,42713088,324,2,278,44,0,12.8,1.5,0.0,85.7,0.0,0.0,0.0,0.0,15794.9 MiB,3679.3 MiB,2209.0 MiB,9906.5 MiB,4096.0 MiB,3452.5 MiB,643.5 MiB,12890.0 MiB,,1,26.10
9,2017-07-11,nbody_50000000_original,7.10.1,nbody_6_original.js 50000000,74,1695222822,2839552,node,87.28,630960128,42713088,20758528,100.0,0.3,6.0,5.0,1:27,0,28278784,56700928,0,7234560,0.0,42713088,324,2,278,44,0,12.7,1.5,0.0,85.8,0.0,0.0,0.0,0.0,15794.9 MiB,3679.3 MiB,2209.0 MiB,9906.5 MiB,4096.0 MiB,3452.5 MiB,643.5 MiB,12890.0 MiB,,1,27.28
9,2017-07-11,nbody_50000000_original,7.10.1,nbody_6_original.js 50000000,75,1695222823,2839552,node,88.46000000000001,630960128,42713088,20758528,100.0,0.3,6.0,5.0,1:28,0,28278784,56700928,0,7234560,0.0,42713088,324,2,278,44,0,13.4,1.5,0.0,85.1,0.0,0.0,0.0,0.0,15794.9 MiB,3679.3 MiB,2209.0 MiB,9906.5 MiB,4096.0 MiB,3452.5 MiB,643.5 MiB,12890.0 MiB,,1,28.46
9,2017-07-11,nbody_50000000_original,7.10.1,nbody_6_original.js 50000000,76,1695222824,2839552,node,89.64,630960128,42713088,20758528,100.0,0.3,6.0,5.0,1:29,0,28278784,56700928,0,7234560,0.0,42713088,324,2,278,44,0,12.7,1.5,0.0,85.8,0.0,0.0,0.0,0.0,15794.9 MiB,3678.8 MiB,2209.5 MiB,9906.5 MiB,4096.0 MiB,3452.5 MiB,643.5 MiB,12889.5 MiB,,1,29.64
9,2017-07-11,nbody_50000000_original,7.10.1,nbody_6_original.js 50000000,77,1695222826,2839552,node,90.82,630960128,42713088,20758528,100.0,0.3,6.0,5.0,1:30,0,28278784,56700928,0,7234560,0.0,42713088,324,2,278,44,0,12.7,1.5,0.0,85.8,0.0,0.0,0.0,0.0,15794.9 MiB,3678.8 MiB,2209.5 MiB,9906.5 MiB,4096.0 MiB,3452.5 MiB,643.5 MiB,12889.5 MiB,,1,30.82
9,2017-07-11,nbody_50000000_original,7.10.1,nbody_6_original.js 50000000,78,1695222827,2839552,node,91.99,630960128,42713088,20758528,93.8,0.3,6.0,5.0,1:31,0,28278784,56700928,0,7234560,0.0,42713088,324,2,278,44,0,12.9,0.8,0.0,85.6,0.8,0.0,0.0,0.0,15794.9 MiB,3678.8 MiB,2209.5 MiB,9906.5 MiB,4096.0 MiB,3452.5 MiB,643.5 MiB,12889.5 MiB,,1,31.99
9,2017-07-11,nbody_50000000_original,7.10.1,nbody_6_original.js 50000000,79,1695222828,2839552,node,93.17,630960128,42713088,20758528,100.0,0.3,6.0,5.0,1:33,0,28278784,56700928,0,7234560,0.0,42713088,324,2,278,44,0,13.4,1.5,0.0,85.1,0.0,0.0,0.0,0.0,15794.9 MiB,3678.8 MiB,2209.5 MiB,9906.5 MiB,4096.0 MiB,3452.5 MiB,643.5 MiB,12889.5 MiB,,1,33.17
9,2017-07-11,nbody_50000000_original,7.10.1,nbody_6_original.js 50000000,80,1695222829,2839552,node,94.34,630960128,42713088,20758528,106.7,0.3,6.0,5.0,1:34,0,28278784,56700928,0,7234560,0.0,42713088,324,2,278,44,0,12.8,0.8,0.0,86.5,0.0,0.0,0.0,0.0,15794.9 MiB,3678.3 MiB,2210.0 MiB,9906.5 MiB,4096.0 MiB,3452.5 MiB,643.5 MiB,12889.0 MiB,,1,34.34
9,2017-07-11,nbody_50000000_original,7.10.1,nbody_6_original.js 50000000,81,1695222830,2839552,node,95.53,630960128,42713088,20758528,100.0,0.3,6.0,5.0,1:35,0,28278784,56700928,0,7234560,0.0,42713088,324,2,278,44,0,12.6,1.5,0.0,85.9,0.0,0.0,0.0,0.0,15794.9 MiB,3678.3 MiB,2210.0 MiB,9906.5 MiB,4096.0 MiB,3452.5 MiB,643.5 MiB,12889.0 MiB,,1,35.53
9,2017-07-11,nbody_50000000_original,7.10.1,nbody_6_original.js 50000000,82,1695222832,2839552,node,96.71000000000001,630960128,42713088,20758528,100.0,0.3,6.0,5.0,1:36,0,28278784,56700928,0,7234560,0.0,42713088,324,2,278,44,0,13.5,0.8,0.0,85.7,0.0,0.0,0.0,0.0,15794.9 MiB,3678.3 MiB,2210.0 MiB,9906.5 MiB,4096.0 MiB,3452.5 MiB,643.5 MiB,12889.0 MiB,,1,36.71
9,2017-07-11,nbody_50000000_original,7.10.1,nbody_6_original.js 50000000,83,1695222833,2839552,node,97.88,630960128,42713088,20758528,100.0,0.3,6.0,5.0,1:37,0,28278784,56700928,0,7234560,0.0,42713088,324,2,278,44,0,12.7,1.5,0.0,85.8,0.0,0.0,0.0,0.0,15794.9 MiB,3678.3 MiB,2210.0 MiB,9906.5 MiB,4096.0 MiB,3452.5 MiB,643.5 MiB,12889.0 MiB,,1,37.88
9,2017-07-11,nbody_50000000_original,7.10.1,nbody_6_original.js 50000000,84,1695222834,2839552,node,99.05,630960128,42713088,20758528,100.0,0.3,6.0,5.0,1:39,0,28278784,56700928,0,7234560,0.0,42713088,324,2,278,44,0,13.4,0.7,0.0,85.8,0.0,0.0,0.0,0.0,15794.9 MiB,3678.3 MiB,2210.0 MiB,9906.5 MiB,4096.0 MiB,3452.5 MiB,643.5 MiB,12889.0 MiB,,1,39.05
9,2017-07-11,nbody_50000000_original,7.10.1,nbody_6_original.js 50000000,85,1695222835,2839552,node,100.22999999999999,630960128,42713088,20758528,100.0,0.3,6.0,5.0,1:40,0,28278784,56700928,0,7234560,0.0,42713088,324,2,278,44,0,12.7,1.5,0.0,85.8,0.0,0.0,0.0,0.0,15794.9 MiB,3678.3 MiB,2210.0 MiB,9906.5 MiB,4096.0 MiB,3452.5 MiB,643.5 MiB,12889.0 MiB,,1,40.23
9,2017-07-11,nbody_50000000_original,7.10.1,nbody_6_original.js 50000000,86,1695222836,2839552,node,101.41,630960128,42713088,20758528,100.0,0.3,6.0,5.0,1:41,0,28278784,56700928,0,7234560,0.0,42713088,324,2,278,44,0,13.6,0.0,0.0,86.4,0.0,0.0,0.0,0.0,15794.9 MiB,3678.6 MiB,2209.7 MiB,9906.5 MiB,4096.0 MiB,3452.5 MiB,643.5 MiB,12889.3 MiB,,1,41.41
9,2017-07-11,nbody_50000000_original,7.10.1,nbody_6_original.js 50000000,87,1695222837,2839552,node,102.58,630960128,42713088,20758528,93.8,0.3,6.0,5.0,1:42,0,28278784,56700928,0,7234560,0.0,42713088,324,2,278,44,0,12.6,1.5,0.0,85.2,0.0,0.0,0.7,0.0,15794.9 MiB,3678.9 MiB,2209.5 MiB,9906.5 MiB,4096.0 MiB,3452.5 MiB,643.5 MiB,12889.5 MiB,,1,42.58
9,2017-07-11,nbody_50000000_original,7.10.1,nbody_6_original.js 50000000,88,1695222839,2839552,node,103.75999999999999,630960128,42713088,20758528,93.8,0.3,6.0,5.0,1:43,0,28278784,56700928,0,7234560,0.0,42713088,324,2,278,44,0,13.4,0.7,0.0,85.8,0.0,0.0,0.0,0.0,15794.9 MiB,3679.1 MiB,2209.2 MiB,9906.5 MiB,4096.0 MiB,3452.5 MiB,643.5 MiB,12889.8 MiB,,1,43.76
9,2017-07-11,nbody_50000000_original,7.10.1,nbody_6_original.js 50000000,89,1695222840,2839552,node,104.94,630960128,42713088,20758528,100.0,0.3,6.0,5.0,1:44,0,28278784,56700928,0,7234560,0.0,42713088,324,2,278,44,0,12.7,1.5,0.0,85.8,0.0,0.0,0.0,0.0,15794.9 MiB,3679.1 MiB,2209.4 MiB,9906.4 MiB,4096.0 MiB,3452.5 MiB,643.5 MiB,12889.8 MiB,,1,44.94
9,2017-07-11,nbody_50000000_original,7.10.1,nbody_6_original.js 50000000,90,1695222841,2839552,node,106.12,630960128,42713088,20758528,100.0,0.3,6.0,5.0,1:46,0,28278784,56700928,0,7234560,0.0,42713088,324,2,278,44,0,12.8,1.5,0.0,85.7,0.0,0.0,0.0,0.0,15794.9 MiB,3678.8 MiB,2209.7 MiB,9906.4 MiB,4096.0 MiB,3452.5 MiB,643.5 MiB,12889.5 MiB,,1,46.12
9,2017-07-11,nbody_50000000_original,7.10.1,nbody_6_original.js 50000000,91,1695222842,2839552,node,107.3,630960128,42713088,20758528,100.0,0.3,6.0,5.0,1:47,0,28278784,56700928,0,7234560,0.0,42713088,324,2,278,44,0,13.3,1.5,0.0,85.2,0.0,0.0,0.0,0.0,15794.9 MiB,3679.1 MiB,2209.4 MiB,9906.4 MiB,4096.0 MiB,3452.5 MiB,643.5 MiB,12889.8 MiB,,1,47.30
9,2017-07-11,nbody_50000000_original,7.10.1,nbody_6_original.js 50000000,92,1695222843,2839552,node,108.47999999999999,630960128,42713088,20758528,100.0,0.3,6.0,5.0,1:48,0,28278784,56700928,0,7234560,0.0,42713088,324,2,278,44,0,13.4,0.7,0.0,85.1,0.0,0.0,0.7,0.0,15794.9 MiB,3679.1 MiB,2209.4 MiB,9906.4 MiB,4096.0 MiB,3452.5 MiB,643.5 MiB,12889.8 MiB,,1,48.48
9,2017-07-11,nbody_50000000_original,7.10.1,nbody_6_original.js 50000000,93,1695222844,2839552,node,109.65,630960128,42713088,20758528,93.8,0.3,6.0,5.0,1:49,0,28278784,56700928,0,7234560,0.0,42713088,324,2,278,44,0,13.3,1.5,0.0,85.2,0.0,0.0,0.0,0.0,15794.9 MiB,3679.3 MiB,2209.2 MiB,9906.4 MiB,4096.0 MiB,3452.5 MiB,643.5 MiB,12890.0 MiB,,1,49.65
9,2017-07-11,nbody_50000000_original,7.10.1,nbody_6_original.js 50000000,94,1695222846,2839552,node,110.83,630960128,42713088,20758528,100.0,0.3,6.0,5.0,1:50,0,28278784,56700928,0,7234560,0.0,42713088,324,2,278,44,0,12.8,0.8,0.0,86.5,0.0,0.0,0.0,0.0,15794.9 MiB,3679.3 MiB,2209.2 MiB,9906.4 MiB,4096.0 MiB,3452.5 MiB,643.5 MiB,12890.0 MiB,,1,50.83
9,2017-07-11,nbody_50000000_original,7.10.1,nbody_6_original.js 50000000,95,1695222847,2839552,node,112.00999999999999,630960128,42713088,20758528,100.0,0.3,6.0,5.0,1:52,0,28278784,56700928,0,7234560,0.0,42713088,324,2,278,44,0,12.6,1.5,0.0,85.9,0.0,0.0,0.0,0.0,15794.9 MiB,3679.3 MiB,2209.2 MiB,9906.4 MiB,4096.0 MiB,3452.5 MiB,643.5 MiB,12890.0 MiB,,1,52.01
9,2017-07-11,nbody_50000000_original,7.10.1,nbody_6_original.js 50000000,96,1695222848,2839552,node,113.18,630960128,42713088,20758528,93.8,0.3,6.0,5.0,1:53,0,28278784,56700928,0,7234560,0.0,42713088,324,2,278,44,0,12.7,1.5,0.0,85.8,0.0,0.0,0.0,0.0,15794.9 MiB,3679.3 MiB,2209.2 MiB,9906.4 MiB,4096.0 MiB,3452.5 MiB,643.5 MiB,12890.0 MiB,,1,53.18
9,2017-07-11,nbody_50000000_original,7.10.1,nbody_6_original.js 50000000,97,1695222849,2839552,node,114.36,630960128,42713088,20758528,100.0,0.3,6.0,5.0,1:54,0,28278784,56700928,0,7234560,0.0,42713088,324,2,278,44,0,13.3,0.7,0.0,85.9,0.0,0.0,0.0,0.0,15794.9 MiB,3680.1 MiB,2208.4 MiB,9906.4 MiB,4096.0 MiB,3452.5 MiB,643.5 MiB,12890.8 MiB,,1,54.36
9,2017-07-11,nbody_50000000_original,7.10.1,nbody_6_original.js 50000000,98,1695222850,2839552,node,115.53999999999999,630960128,42713088,20758528,100.0,0.3,6.0,5.0,1:55,0,28278784,56700928,0,7234560,0.0,42713088,324,2,278,44,0,12.1,1.5,0.0,86.4,0.0,0.0,0.0,0.0,15794.9 MiB,3680.1 MiB,2208.4 MiB,9906.4 MiB,4096.0 MiB,3452.5 MiB,643.5 MiB,12890.8 MiB,,1,55.54
9,2017-07-11,nbody_50000000_original,7.10.1,nbody_6_original.js 50000000,99,1695222852,2839552,node,116.72,630960128,42713088,20758528,100.0,0.3,6.0,5.0,1:56,0,28278784,56700928,0,7234560,0.0,42713088,324,2,278,44,0,12.8,0.8,0.0,86.5,0.0,0.0,0.0,0.0,15794.9 MiB,3680.8 MiB,2207.7 MiB,9906.4 MiB,4096.0 MiB,3452.5 MiB,643.5 MiB,12891.5 MiB,,1,56.72
9,2017-07-11,nbody_50000000_original,7.10.1,nbody_6_original.js 50000000,100,1695222853,2839552,node,117.9,630960128,42713088,20758528,100.0,0.3,6.0,5.0,1:57,0,28278784,56700928,0,7234560,0.0,42713088,324,2,278,44,0,12.8,0.8,0.0,86.5,0.0,0.0,0.0,0.0,15794.9 MiB,3680.8 MiB,2207.7 MiB,9906.4 MiB,4096.0 MiB,3452.5 MiB,643.5 MiB,12891.5 MiB,,1,57.90
9,2017-07-11,nbody_50000000_original,7.10.1,nbody_6_original.js 50000000,101,1695222854,2839552,node,119.07,630960128,42713088,20758528,100.0,0.3,6.0,5.0,1:59,0,28278784,56700928,0,7234560,0.0,42713088,324,2,278,44,0,12.7,1.5,0.0,85.8,0.0,0.0,0.0,0.0,15794.9 MiB,3680.6 MiB,2207.9 MiB,9906.4 MiB,4096.0 MiB,3452.5 MiB,643.5 MiB,12891.3 MiB,,1,59.07
9,2017-07-11,nbody_50000000_original,7.10.1,nbody_6_original.js 50000000,102,1695222855,2839552,node,120.25,630960128,42713088,20758528,100.0,0.3,6.0,5.0,2:00,0,28278784,56700928,0,7234560,0.0,42713088,324,2,278,44,0,12.9,0.8,0.0,86.4,0.0,0.0,0.0,0.0,15794.9 MiB,3680.6 MiB,2207.9 MiB,9906.4 MiB,4096.0 MiB,3452.5 MiB,643.5 MiB,12891.3 MiB,,2,00.25
9,2017-07-11,nbody_50000000_original,7.10.1,nbody_6_original.js 50000000,103,1695222856,2839552,node,121.43,630960128,42713088,20758528,106.7,0.3,6.0,5.0,2:01,0,28278784,56700928,0,7234560,0.0,42713088,324,2,278,44,0,13.4,0.7,0.0,85.8,0.0,0.0,0.0,0.0,15794.9 MiB,3680.3 MiB,2208.2 MiB,9906.4 MiB,4096.0 MiB,3452.5 MiB,643.5 MiB,12891.0 MiB,,2,01.43
9,2017-07-11,nbody_50000000_original,7.10.1,nbody_6_original.js 50000000,104,1695222857,2839552,node,122.6,630960128,42713088,20758528,100.0,0.3,6.0,5.0,2:02,0,28278784,56700928,0,7234560,0.0,42713088,324,2,278,44,0,13.4,1.5,0.0,85.1,0.0,0.0,0.0,0.0,15794.9 MiB,3680.1 MiB,2208.4 MiB,9906.4 MiB,4096.0 MiB,3452.5 MiB,643.5 MiB,12890.8 MiB,,2,02.60
9,2017-07-11,nbody_50000000_original,7.10.1,nbody_6_original.js 50000000,105,1695222859,2839552,node,123.78,630960128,42713088,20758528,100.0,0.3,6.0,5.0,2:03,0,28278784,56700928,0,7234560,0.0,42713088,324,2,278,44,0,12.0,1.5,0.0,86.5,0.0,0.0,0.0,0.0,15794.9 MiB,3680.1 MiB,2208.4 MiB,9906.4 MiB,4096.0 MiB,3452.5 MiB,643.5 MiB,12890.8 MiB,,2,03.78
9,2017-07-11,nbody_50000000_original,7.10.1,nbody_6_original.js 50000000,106,1695222860,2839552,node,124.96,630960128,42713088,20758528,100.0,0.3,6.0,5.0,2:04,0,28278784,56700928,0,7234560,0.0,42713088,324,2,278,44,0,13.4,0.7,0.0,85.8,0.0,0.0,0.0,0.0,15794.9 MiB,3680.1 MiB,2208.4 MiB,9906.4 MiB,4096.0 MiB,3452.5 MiB,643.5 MiB,12890.8 MiB,,2,04.96
9,2017-07-11,nbody_50000000_original,7.10.1,nbody_6_original.js 50000000,107,1695222861,2839552,node,126.14,630960128,42713088,20758528,100.0,0.3,6.0,5.0,2:06,0,28278784,56700928,0,7234560,0.0,42713088,324,2,278,44,0,14.0,0.7,0.0,84.6,0.7,0.0,0.0,0.0,15794.9 MiB,3680.3 MiB,2208.2 MiB,9906.4 MiB,4096.0 MiB,3452.5 MiB,643.5 MiB,12891.0 MiB,,2,06.14
9,2017-07-11,nbody_50000000_original,7.10.1,nbody_6_original.js 50000000,108,1695222862,2839552,node,127.32,630960128,42713088,20758528,100.0,0.3,6.0,5.0,2:07,0,28278784,56700928,0,7234560,0.0,42713088,324,2,278,44,0,12.0,1.5,0.0,86.5,0.0,0.0,0.0,0.0,15794.9 MiB,3679.8 MiB,2208.6 MiB,9906.4 MiB,4096.0 MiB,3452.5 MiB,643.5 MiB,12890.5 MiB,,2,07.32
9,2017-07-11,nbody_50000000_original,7.10.1,nbody_6_original.js 50000000,109,1695222863,2839552,node,128.49,630960128,42713088,20758528,100.0,0.3,6.0,5.0,2:08,0,28278784,56700928,0,7234560,0.0,42713088,324,2,278,44,0,13.4,0.7,0.0,85.8,0.0,0.0,0.0,0.0,15794.9 MiB,3679.6 MiB,2208.9 MiB,9906.4 MiB,4096.0 MiB,3452.5 MiB,643.5 MiB,12890.3 MiB,,2,08.49
9,2017-07-11,nbody_50000000_original,7.10.1,nbody_6_original.js 50000000,110,1695222864,2839552,node,129.67,630960128,42713088,20758528,100.0,0.3,6.0,5.0,2:09,0,28278784,56700928,0,7234560,0.0,42713088,324,2,278,44,0,12.9,0.8,0.0,86.4,0.0,0.0,0.0,0.0,15794.9 MiB,3679.6 MiB,2208.9 MiB,9906.4 MiB,4096.0 MiB,3452.5 MiB,643.5 MiB,12890.3 MiB,,2,09.67
9,2017-07-11,nbody_50000000_original,7.10.1,nbody_6_original.js 50000000,111,1695222866,2839552,node,130.85,630960128,42713088,20758528,106.7,0.3,6.0,5.0,2:10,0,28278784,56700928,0,7234560,0.0,42713088,324,2,278,44,0,13.4,0.7,0.0,85.8,0.0,0.0,0.0,0.0,15794.9 MiB,3679.6 MiB,2208.9 MiB,9906.4 MiB,4096.0 MiB,3452.5 MiB,643.5 MiB,12890.3 MiB,,2,10.85
9,2017-07-11,nbody_50000000_original,7.10.1,nbody_6_original.js 50000000,112,1695222867,2839552,node,132.02,630960128,42713088,20758528,100.0,0.3,6.0,5.0,2:12,0,28278784,56700928,0,7234560,0.0,42713088,324,2,278,44,0,13.3,1.5,0.0,84.4,0.7,0.0,0.0,0.0,15794.9 MiB,3677.9 MiB,2210.6 MiB,9906.4 MiB,4096.0 MiB,3452.5 MiB,643.5 MiB,12888.6 MiB,,2,12.02
9,2017-07-11,nbody_50000000_original,7.10.1,nbody_6_original.js 50000000,113,1695222868,2839552,node,133.19,630960128,42713088,20758528,93.8,0.3,6.0,5.0,2:13,0,28278784,56700928,0,7234560,0.0,42713088,324,2,278,44,0,12.8,0.8,0.0,86.5,0.0,0.0,0.0,0.0,15794.9 MiB,3677.1 MiB,2211.3 MiB,9906.4 MiB,4096.0 MiB,3452.5 MiB,643.5 MiB,12887.9 MiB,,2,13.19
9,2017-07-11,nbody_50000000_original,7.10.1,nbody_6_original.js 50000000,114,1695222869,2839552,node,134.37,630960128,42713088,20758528,100.0,0.3,6.0,5.0,2:14,0,28278784,56700928,0,7234560,0.0,42713088,324,2,278,44,0,13.4,0.7,0.0,85.8,0.0,0.0,0.0,0.0,15794.9 MiB,3677.1 MiB,2211.3 MiB,9906.4 MiB,4096.0 MiB,3452.5 MiB,643.5 MiB,12887.9 MiB,,2,14.37
9,2017-07-11,nbody_50000000_original,7.10.1,nbody_6_original.js 50000000,115,1695222870,2839552,node,135.56,630960128,42713088,20758528,106.7,0.3,6.0,5.0,2:15,0,28278784,56700928,0,7234560,0.0,42713088,324,2,278,44,0,13.3,1.5,0.0,85.2,0.0,0.0,0.0,0.0,15794.9 MiB,3676.9 MiB,2211.6 MiB,9906.4 MiB,4096.0 MiB,3452.5 MiB,643.5 MiB,12887.6 MiB,,2,15.56
9,2017-07-11,nbody_50000000_original,7.10.1,nbody_6_original.js 50000000,116,1695222872,2839552,node,136.73,630960128,42713088,20758528,93.8,0.3,6.0,5.0,2:16,0,28278784,56700928,0,7234560,0.0,42713088,324,2,278,44,0,12.1,1.5,0.0,86.4,0.0,0.0,0.0,0.0,15794.9 MiB,3677.6 MiB,2210.8 MiB,9906.4 MiB,4096.0 MiB,3452.5 MiB,643.5 MiB,12888.4 MiB,,2,16.73
9,2017-07-11,nbody_50000000_original,7.10.1,nbody_6_original.js 50000000,117,1695222873,2839552,node,137.91,630960128,42713088,20758528,100.0,0.3,6.0,5.0,2:17,0,28278784,56700928,0,7234560,0.0,42713088,324,2,278,44,0,13.4,0.7,0.0,85.8,0.0,0.0,0.0,0.0,15794.9 MiB,3678.4 MiB,2210.1 MiB,9906.4 MiB,4096.0 MiB,3452.5 MiB,643.5 MiB,12889.1 MiB,,2,17.91
9,2017-07-11,nbody_50000000_original,7.10.1,nbody_6_original.js 50000000,118,1695222874,2839552,node,139.09,630960128,42713088,20758528,100.0,0.3,6.0,5.0,2:19,0,28278784,56700928,0,7234560,0.0,42713088,324,2,278,44,0,14.0,1.5,0.0,84.6,0.0,0.0,0.0,0.0,15794.9 MiB,3678.1 MiB,2210.3 MiB,9906.4 MiB,4096.0 MiB,3452.5 MiB,643.5 MiB,12888.8 MiB,,2,19.09
9,2017-07-11,nbody_50000000_original,7.10.1,nbody_6_original.js 50000000,119,1695222875,2839552,node,140.26,630960128,42713088,20758528,100.0,0.3,6.0,5.0,2:20,0,28278784,56700928,0,7234560,0.0,42713088,324,2,278,44,0,13.3,1.5,0.0,85.2,0.0,0.0,0.0,0.0,15794.9 MiB,3678.1 MiB,2210.3 MiB,9906.4 MiB,4096.0 MiB,3452.5 MiB,643.5 MiB,12888.9 MiB,,2,20.26
9,2017-07-11,nbody_50000000_original,7.10.1,nbody_6_original.js 50000000,120,1695222876,2839552,node,141.44,630960128,42713088,20758528,100.0,0.3,6.0,5.0,2:21,0,28278784,56700928,0,7234560,0.0,42713088,324,2,278,44,0,12.0,1.5,0.0,86.5,0.0,0.0,0.0,0.0,15794.9 MiB,3678.1 MiB,2210.3 MiB,9906.4 MiB,4096.0 MiB,3452.5 MiB,643.5 MiB,12888.9 MiB,,2,21.44
9,2017-07-11,nbody_50000000_original,7.10.1,nbody_6_original.js 50000000,121,1695222877,2839552,node,142.62,630960128,42713088,20758528,100.0,0.3,6.0,5.0,2:22,0,28278784,56700928,0,7234560,0.0,42713088,324,2,278,44,0,12.8,0.8,0.0,86.5,0.0,0.0,0.0,0.0,15794.9 MiB,3678.1 MiB,2210.3 MiB,9906.4 MiB,4096.0 MiB,3452.5 MiB,643.5 MiB,12888.9 MiB,,2,22.62
9,2017-07-11,nbody_50000000_original,7.10.1,nbody_6_original.js 50000000,122,1695222879,2839552,node,143.79,630960128,42713088,20758528,93.8,0.3,6.0,5.0,2:23,0,28278784,56700928,0,7234560,0.0,42713088,324,2,278,44,0,13.4,1.5,0.0,85.1,0.0,0.0,0.0,0.0,15794.9 MiB,3678.1 MiB,2210.3 MiB,9906.4 MiB,4096.0 MiB,3452.5 MiB,643.5 MiB,12888.9 MiB,,2,23.79
9,2017-07-11,nbody_50000000_original,7.10.1,nbody_6_original.js 50000000,123,1695222880,2839552,node,144.97,630960128,42713088,20758528,100.0,0.3,6.0,5.0,2:24,0,28278784,56700928,0,7234560,0.0,42713088,324,2,278,44,0,12.8,0.8,0.0,86.5,0.0,0.0,0.0,0.0,15794.9 MiB,3677.9 MiB,2210.6 MiB,9906.4 MiB,4096.0 MiB,3452.5 MiB,643.5 MiB,12888.6 MiB,,2,24.97
9,2017-07-11,nbody_50000000_original,7.10.1,nbody_6_original.js 50000000,124,1695222881,2839552,node,146.15,630960128,42713088,20758528,100.0,0.3,6.0,5.0,2:26,0,28278784,56700928,0,7234560,0.0,42713088,324,2,278,44,0,12.8,0.8,0.0,86.5,0.0,0.0,0.0,0.0,15794.9 MiB,3677.9 MiB,2210.6 MiB,9906.4 MiB,4096.0 MiB,3452.5 MiB,643.5 MiB,12888.6 MiB,,2,26.15
9,2017-07-11,nbody_50000000_original,7.10.1,nbody_6_original.js 50000000,125,1695222882,2839552,node,147.32,630960128,42713088,20758528,100.0,0.3,6.0,5.0,2:27,0,28278784,56700928,0,7234560,0.0,42713088,324,2,278,44,0,14.1,0.7,0.0,85.2,0.0,0.0,0.0,0.0,15794.9 MiB,3678.6 MiB,2209.8 MiB,9906.4 MiB,4096.0 MiB,3452.5 MiB,643.5 MiB,12889.4 MiB,,2,27.32
9,2017-07-11,nbody_50000000_original,7.10.1,nbody_6_original.js 50000000,126,1695222883,2839552,node,148.5,630960128,42713088,20758528,100.0,0.3,6.0,5.0,2:28,0,28278784,56700928,0,7234560,0.0,42713088,324,2,278,44,0,13.3,1.5,0.0,85.2,0.0,0.0,0.0,0.0,15794.9 MiB,3678.4 MiB,2210.1 MiB,9906.4 MiB,4096.0 MiB,3452.5 MiB,643.5 MiB,12889.1 MiB,,2,28.50
9,2017-07-11,nbody_50000000_original,7.10.1,nbody_6_original.js 50000000,127,1695222884,2839552,node,149.68,630960128,42713088,20758528,106.7,0.3,6.0,5.0,2:29,0,28278784,56700928,0,7234560,0.0,42713088,324,2,278,44,0,12.8,0.8,0.0,86.5,0.0,0.0,0.0,0.0,15794.9 MiB,3678.4 MiB,2210.1 MiB,9906.4 MiB,4096.0 MiB,3452.5 MiB,643.5 MiB,12889.1 MiB,,2,29.68
9,2017-07-11,nbody_50000000_original,7.10.1,nbody_6_original.js 50000000,128,1695222886,2839552,node,150.86,630960128,42713088,20758528,100.0,0.3,6.0,5.0,2:30,0,28278784,56700928,0,7234560,0.0,42713088,324,2,278,44,0,12.8,1.5,0.0,85.7,0.0,0.0,0.0,0.0,15794.9 MiB,3678.4 MiB,2210.1 MiB,9906.4 MiB,4096.0 MiB,3452.5 MiB,643.5 MiB,12889.1 MiB,,2,30.86
9,2017-07-11,nbody_50000000_original,7.10.1,nbody_6_original.js 50000000,129,1695222887,2839552,node,152.04,630960128,42713088,20758528,100.0,0.3,6.0,5.0,2:32,0,28278784,56700928,0,7234560,0.0,42713088,324,2,278,44,0,12.6,2.2,0.0,85.2,0.0,0.0,0.0,0.0,15794.9 MiB,3678.4 MiB,2210.1 MiB,9906.4 MiB,4096.0 MiB,3452.5 MiB,643.5 MiB,12889.1 MiB,,2,32.04
9,2017-07-11,nbody_50000000_original,7.10.1,nbody_6_original.js 50000000,130,1695222888,2839552,node,153.21,630960128,42713088,20758528,93.8,0.3,6.0,5.0,2:33,0,28278784,56700928,0,7234560,0.0,42713088,324,2,278,44,0,13.2,1.5,0.0,85.3,0.0,0.0,0.0,0.0,15794.9 MiB,3678.1 MiB,2210.3 MiB,9906.4 MiB,4096.0 MiB,3452.5 MiB,643.5 MiB,12888.9 MiB,,2,33.21
9,2017-07-11,nbody_50000000_original,7.10.1,nbody_6_original.js 50000000,131,1695222889,2839552,node,154.39,630960128,42713088,20758528,100.0,0.3,6.0,5.0,2:34,0,28278784,56700928,0,7234560,0.0,42713088,324,2,278,44,0,12.8,1.5,0.0,85.7,0.0,0.0,0.0,0.0,15794.9 MiB,3678.1 MiB,2210.3 MiB,9906.4 MiB,4096.0 MiB,3452.5 MiB,643.5 MiB,12888.9 MiB,,2,34.39
9,2017-07-11,nbody_50000000_original,7.10.1,nbody_6_original.js 50000000,132,1695222890,2839552,node,155.57,630960128,42713088,20758528,100.0,0.3,6.0,5.0,2:35,0,28278784,56700928,0,7234560,0.0,42713088,324,2,278,44,0,13.5,0.0,0.0,86.5,0.0,0.0,0.0,0.0,15794.9 MiB,3678.1 MiB,2210.3 MiB,9906.4 MiB,4096.0 MiB,3452.5 MiB,643.5 MiB,12888.9 MiB,,2,35.57
10,2017-07-11,nbody_50000000_original,7.10.1,nbody_6_original.js 50000000,0,1695222892,2840383,node,0.16,618377216,30343168,20824064,100.0,0.2,6.0,4.0,0:00,0,28278784,44118016,0,4086784,0.0,30343168,324,2,278,44,0,14.0,0.0,0.0,86.0,0.0,0.0,0.0,0.0,15794.9 MiB,3680.3 MiB,2200.0 MiB,9914.6 MiB,4096.0 MiB,3452.5 MiB,643.5 MiB,12891.0 MiB,,0,00.16
10,2017-07-11,nbody_50000000_original,7.10.1,nbody_6_original.js 50000000,1,1695222893,2840383,node,1.34,618377216,30343168,20824064,100.0,0.2,6.0,4.0,0:01,0,28278784,44118016,0,4086784,0.0,30343168,324,2,278,44,0,13.4,0.7,0.0,85.8,0.0,0.0,0.0,0.0,15794.9 MiB,3680.7 MiB,2199.6 MiB,9914.6 MiB,4096.0 MiB,3452.5 MiB,643.5 MiB,12891.4 MiB,,0,01.34
10,2017-07-11,nbody_50000000_original,7.10.1,nbody_6_original.js 50000000,2,1695222894,2840383,node,2.51,618377216,30343168,20824064,93.8,0.2,6.0,4.0,0:02,0,28278784,44118016,0,4086784,0.0,30343168,324,2,278,44,0,13.5,0.8,0.0,85.7,0.0,0.0,0.0,0.0,15794.9 MiB,3686.8 MiB,2201.4 MiB,9906.6 MiB,4096.0 MiB,3452.5 MiB,643.5 MiB,12897.6 MiB,,0,02.51
10,2017-07-11,nbody_50000000_original,7.10.1,nbody_6_original.js 50000000,3,1695222895,2840383,node,3.69,618377216,30343168,20824064,100.0,0.2,6.0,0.0,0:03,0,28278784,44118016,0,4086784,0.0,30343168,324,2,278,44,0,12.8,0.8,0.0,86.5,0.0,0.0,0.0,0.0,15794.9 MiB,3686.6 MiB,2201.7 MiB,9906.6 MiB,4096.0 MiB,3452.5 MiB,643.5 MiB,12897.3 MiB,,0,03.69
10,2017-07-11,nbody_50000000_original,7.10.1,nbody_6_original.js 50000000,4,1695222896,2840383,node,4.87,618377216,30343168,20824064,100.0,0.2,6.0,0.0,0:04,0,28278784,44118016,0,4086784,0.0,30343168,324,2,278,44,0,12.7,1.5,0.0,85.8,0.0,0.0,0.0,0.0,15794.9 MiB,3686.8 MiB,2201.4 MiB,9906.6 MiB,4096.0 MiB,3452.5 MiB,643.5 MiB,12897.6 MiB,,0,04.87
10,2017-07-11,nbody_50000000_original,7.10.1,nbody_6_original.js 50000000,5,1695222897,2840383,node,6.05,618377216,30343168,20824064,100.0,0.2,6.0,0.0,0:06,0,28278784,44118016,0,4086784,0.0,30343168,324,2,278,44,0,12.7,0.7,0.0,86.6,0.0,0.0,0.0,0.0,15794.9 MiB,3686.8 MiB,2201.4 MiB,9906.6 MiB,4096.0 MiB,3452.5 MiB,643.5 MiB,12897.6 MiB,,0,06.05
10,2017-07-11,nbody_50000000_original,7.10.1,nbody_6_original.js 50000000,6,1695222899,2840383,node,7.22,618377216,30343168,20824064,100.0,0.2,6.0,0.0,0:07,0,28278784,44118016,0,4086784,0.0,30343168,324,2,278,44,0,13.4,0.7,0.0,85.8,0.0,0.0,0.0,0.0,15794.9 MiB,3687.6 MiB,2200.7 MiB,9906.6 MiB,4096.0 MiB,3452.5 MiB,643.5 MiB,12898.3 MiB,,0,07.22
10,2017-07-11,nbody_50000000_original,7.10.1,nbody_6_original.js 50000000,7,1695222900,2840383,node,8.4,618377216,30343168,20824064,100.0,0.2,6.0,0.0,0:08,0,28278784,44118016,0,4086784,0.0,30343168,324,2,278,44,0,13.3,2.2,0.0,84.4,0.0,0.0,0.0,0.0,15794.9 MiB,3687.6 MiB,2200.7 MiB,9906.6 MiB,4096.0 MiB,3452.5 MiB,643.5 MiB,12898.3 MiB,,0,08.40
10,2017-07-11,nbody_50000000_original,7.10.1,nbody_6_original.js 50000000,8,1695222901,2840383,node,9.58,622571520,34394112,20824064,100.0,0.2,6.0,0.0,0:09,0,28278784,48312320,0,5135360,0.0,34394112,324,2,278,44,0,12.8,1.5,0.0,85.7,0.0,0.0,0.0,0.0,15794.9 MiB,3686.6 MiB,2201.7 MiB,9906.6 MiB,4096.0 MiB,3452.5 MiB,643.5 MiB,12897.3 MiB,,0,09.58
10,2017-07-11,nbody_50000000_original,7.10.1,nbody_6_original.js 50000000,9,1695222902,2840383,node,10.75,622571520,34394112,20824064,100.0,0.2,6.0,0.0,0:10,0,28278784,48312320,0,5135360,0.0,34394112,324,2,278,44,0,12.7,1.5,0.0,85.8,0.0,0.0,0.0,0.0,15794.9 MiB,3686.6 MiB,2201.6 MiB,9906.6 MiB,4096.0 MiB,3452.5 MiB,643.5 MiB,12897.4 MiB,,0,10.75
10,2017-07-11,nbody_50000000_original,7.10.1,nbody_6_original.js 50000000,10,1695222903,2840383,node,11.93,622571520,34394112,20824064,100.0,0.2,6.0,4.0,0:11,0,28278784,48312320,0,5135360,0.0,34394112,324,2,278,44,0,13.3,1.5,0.0,85.2,0.0,0.0,0.0,0.0,15794.9 MiB,3686.3 MiB,2201.9 MiB,9906.6 MiB,4096.0 MiB,3452.5 MiB,643.5 MiB,12897.1 MiB,,0,11.93
10,2017-07-11,nbody_50000000_original,7.10.1,nbody_6_original.js 50000000,11,1695222904,2840383,node,13.11,622571520,34394112,20824064,100.0,0.2,6.0,4.0,0:13,0,28278784,48312320,0,5135360,0.0,34394112,324,2,278,44,0,12.8,0.8,0.0,86.5,0.0,0.0,0.0,0.0,15794.9 MiB,3686.3 MiB,2201.9 MiB,9906.6 MiB,4096.0 MiB,3452.5 MiB,643.5 MiB,12897.1 MiB,,0,13.11
10,2017-07-11,nbody_50000000_original,7.10.1,nbody_6_original.js 50000000,12,1695222906,2840383,node,14.29,622571520,34394112,20824064,100.0,0.2,6.0,4.0,0:14,0,28278784,48312320,0,5135360,0.0,34394112,324,2,278,44,0,13.4,0.7,0.0,85.8,0.0,0.0,0.0,0.0,15794.9 MiB,3687.6 MiB,2200.7 MiB,9906.7 MiB,4096.0 MiB,3452.5 MiB,643.5 MiB,12898.3 MiB,,0,14.29
10,2017-07-11,nbody_50000000_original,7.10.1,nbody_6_original.js 50000000,13,1695222907,2840383,node,15.46,622571520,34394112,20824064,100.0,0.2,6.0,0.0,0:15,0,28278784,48312320,0,5135360,0.0,34394112,324,2,278,44,0,13.3,1.5,0.0,85.2,0.0,0.0,0.0,0.0,15794.9 MiB,3687.3 MiB,2200.9 MiB,9906.7 MiB,4096.0 MiB,3452.5 MiB,643.5 MiB,12898.1 MiB,,0,15.46
10,2017-07-11,nbody_50000000_original,7.10.1,nbody_6_original.js 50000000,14,1695222908,2840383,node,16.64,622571520,34394112,20824064,100.0,0.2,6.0,0.0,0:16,0,28278784,48312320,0,5135360,0.0,34394112,324,2,278,44,0,13.3,3.0,0.0,80.7,3.0,0.0,0.0,0.0,15794.9 MiB,3681.9 MiB,2204.8 MiB,9908.2 MiB,4096.0 MiB,3452.5 MiB,643.5 MiB,12894.2 MiB,,0,16.64
10,2017-07-11,nbody_50000000_original,7.10.1,nbody_6_original.js 50000000,15,1695222909,2840383,node,17.82,622571520,34394112,20824064,100.0,0.2,6.0,0.0,0:17,0,28278784,48312320,0,5135360,0.0,34394112,324,2,278,44,0,14.0,0.7,0.0,85.3,0.0,0.0,0.0,0.0,15794.9 MiB,3681.2 MiB,2205.3 MiB,9908.4 MiB,4096.0 MiB,3452.5 MiB,643.5 MiB,12893.7 MiB,,0,17.82
10,2017-07-11,nbody_50000000_original,7.10.1,nbody_6_original.js 50000000,16,1695222910,2840383,node,18.99,622571520,34394112,20824064,93.8,0.2,6.0,0.0,0:18,0,28278784,48312320,0,5135360,0.0,34394112,324,2,278,44,0,12.1,0.8,0.0,87.1,0.0,0.0,0.0,0.0,15794.9 MiB,3681.2 MiB,2205.3 MiB,9908.4 MiB,4096.0 MiB,3452.5 MiB,643.5 MiB,12893.7 MiB,,0,18.99
10,2017-07-11,nbody_50000000_original,7.10.1,nbody_6_original.js 50000000,17,1695222912,2840383,node,20.17,622571520,34394112,20824064,100.0,0.2,6.0,0.0,0:20,0,28278784,48312320,0,5135360,0.0,34394112,324,2,278,44,0,13.5,0.0,0.0,86.5,0.0,0.0,0.0,0.0,15794.9 MiB,3681.2 MiB,2205.3 MiB,9908.4 MiB,4096.0 MiB,3452.5 MiB,643.5 MiB,12893.7 MiB,,0,20.17
10,2017-07-11,nbody_50000000_original,7.10.1,nbody_6_original.js 50000000,18,1695222913,2840383,node,21.35,622571520,34394112,20824064,100.0,0.2,6.0,0.0,0:21,0,28278784,48312320,0,5135360,0.0,34394112,324,2,278,44,0,13.3,1.5,0.0,85.2,0.0,0.0,0.0,0.0,15794.9 MiB,3680.7 MiB,2205.8 MiB,9908.4 MiB,4096.0 MiB,3452.5 MiB,643.5 MiB,12893.2 MiB,,0,21.35
10,2017-07-11,nbody_50000000_original,7.10.1,nbody_6_original.js 50000000,19,1695222914,2840383,node,22.53,622571520,34394112,20824064,100.0,0.2,6.0,0.0,0:22,0,28278784,48312320,0,5135360,0.0,34394112,324,2,278,44,0,12.8,0.8,0.0,85.7,0.8,0.0,0.0,0.0,15794.9 MiB,3680.4 MiB,2206.0 MiB,9908.4 MiB,4096.0 MiB,3452.5 MiB,643.5 MiB,12893.0 MiB,,0,22.53
10,2017-07-11,nbody_50000000_original,7.10.1,nbody_6_original.js 50000000,20,1695222915,2840383,node,23.71,622571520,34394112,20824064,100.0,0.2,6.0,0.0,0:23,0,28278784,48312320,0,5135360,0.0,34394112,324,2,278,44,0,12.8,0.8,0.0,86.5,0.0,0.0,0.0,0.0,15794.9 MiB,3680.4 MiB,2206.0 MiB,9908.4 MiB,4096.0 MiB,3452.5 MiB,643.5 MiB,12893.0 MiB,,0,23.71
10,2017-07-11,nbody_50000000_original,7.10.1,nbody_6_original.js 50000000,21,1695222916,2840383,node,24.88,622571520,34394112,20824064,93.8,0.2,6.0,0.0,0:24,0,28278784,48312320,0,5135360,0.0,34394112,324,2,278,44,0,12.7,1.5,0.0,85.8,0.0,0.0,0.0,0.0,15794.9 MiB,3680.2 MiB,2206.2 MiB,9908.4 MiB,4096.0 MiB,3452.5 MiB,643.5 MiB,12892.8 MiB,,0,24.88
10,2017-07-11,nbody_50000000_original,7.10.1,nbody_6_original.js 50000000,22,1695222917,2840383,node,26.06,622571520,34394112,20824064,100.0,0.2,6.0,0.0,0:26,0,28278784,48312320,0,5135360,0.0,34394112,324,2,278,44,0,12.9,0.8,0.0,86.4,0.0,0.0,0.0,0.0,15794.9 MiB,3680.0 MiB,2206.5 MiB,9908.4 MiB,4096.0 MiB,3452.5 MiB,643.5 MiB,12892.5 MiB,,0,26.06
10,2017-07-11,nbody_50000000_original,7.10.1,nbody_6_original.js 50000000,23,1695222919,2840383,node,27.24,622571520,34394112,20824064,100.0,0.2,6.0,0.0,0:27,0,28278784,48312320,0,5135360,0.0,34394112,324,2,278,44,0,12.7,1.5,0.0,85.8,0.0,0.0,0.0,0.0,15794.9 MiB,3679.5 MiB,2207.0 MiB,9908.4 MiB,4096.0 MiB,3452.5 MiB,643.5 MiB,12892.0 MiB,,0,27.24
10,2017-07-11,nbody_50000000_original,7.10.1,nbody_6_original.js 50000000,24,1695222920,2840383,node,28.41,622571520,34394112,20824064,100.0,0.2,6.0,0.0,0:28,0,28278784,48312320,0,5135360,0.0,34394112,324,2,278,44,0,12.8,1.5,0.0,85.0,0.8,0.0,0.0,0.0,15794.9 MiB,3679.5 MiB,2207.0 MiB,9908.4 MiB,4096.0 MiB,3452.5 MiB,643.5 MiB,12892.0 MiB,,0,28.41
10,2017-07-11,nbody_50000000_original,7.10.1,nbody_6_original.js 50000000,25,1695222921,2840383,node,29.59,622571520,34394112,20824064,100.0,0.2,6.0,0.0,0:29,0,28278784,48312320,0,5135360,0.0,34394112,324,2,278,44,0,13.4,1.5,0.0,85.1,0.0,0.0,0.0,0.0,15794.9 MiB,3679.5 MiB,2207.0 MiB,9908.4 MiB,4096.0 MiB,3452.5 MiB,643.5 MiB,12892.0 MiB,,0,29.59
10,2017-07-11,nbody_50000000_original,7.10.1,nbody_6_original.js 50000000,26,1695222922,2840383,node,30.77,622571520,34394112,20824064,100.0,0.2,6.0,0.0,0:30,0,28278784,48312320,0,5135360,0.0,34394112,324,2,278,44,0,13.4,1.5,0.0,85.1,0.0,0.0,0.0,0.0,15794.9 MiB,3680.2 MiB,2206.2 MiB,9908.4 MiB,4096.0 MiB,3452.5 MiB,643.5 MiB,12892.8 MiB,,0,30.77
10,2017-07-11,nbody_50000000_original,7.10.1,nbody_6_original.js 50000000,27,1695222923,2840383,node,31.95,622571520,34394112,20824064,100.0,0.2,6.0,0.0,0:31,0,28278784,48312320,0,5135360,0.0,34394112,324,2,278,44,0,12.7,1.5,0.0,85.8,0.0,0.0,0.0,0.0,15794.9 MiB,3680.5 MiB,2206.0 MiB,9908.4 MiB,4096.0 MiB,3452.5 MiB,643.5 MiB,12893.0 MiB,,0,31.95
10,2017-07-11,nbody_50000000_original,7.10.1,nbody_6_original.js 50000000,28,1695222925,2840383,node,33.12,622571520,34394112,20824064,100.0,0.2,6.0,0.0,0:33,0,28278784,48312320,0,5135360,0.0,34394112,324,2,278,44,0,12.7,1.5,0.0,85.8,0.0,0.0,0.0,0.0,15794.9 MiB,3680.5 MiB,2206.0 MiB,9908.4 MiB,4096.0 MiB,3452.5 MiB,643.5 MiB,12893.0 MiB,,0,33.12
10,2017-07-11,nbody_50000000_original,7.10.1,nbody_6_original.js 50000000,29,1695222926,2840383,node,34.3,622571520,34394112,20824064,106.7,0.2,6.0,0.0,0:34,0,28278784,48312320,0,5135360,0.0,34394112,324,2,278,44,0,13.3,0.7,0.0,85.9,0.0,0.0,0.0,0.0,15794.9 MiB,3680.5 MiB,2206.0 MiB,9908.4 MiB,4096.0 MiB,3452.5 MiB,643.5 MiB,12893.0 MiB,,0,34.30
10,2017-07-11,nbody_50000000_original,7.10.1,nbody_6_original.js 50000000,30,1695222927,2840383,node,35.48,622571520,34394112,20824064,100.0,0.2,6.0,0.0,0:35,0,28278784,48312320,0,5135360,0.0,34394112,324,2,278,44,0,12.7,1.5,0.0,85.8,0.0,0.0,0.0,0.0,15794.9 MiB,3680.0 MiB,2206.4 MiB,9908.5 MiB,4096.0 MiB,3452.5 MiB,643.5 MiB,12892.5 MiB,,0,35.48
10,2017-07-11,nbody_50000000_original,7.10.1,nbody_6_original.js 50000000,31,1695222928,2840383,node,36.65,622571520,34394112,20824064,100.0,0.2,6.0,0.0,0:36,0,28278784,48312320,0,5135360,0.0,34394112,324,2,278,44,0,12.8,0.8,0.0,86.5,0.0,0.0,0.0,0.0,15794.9 MiB,3680.0 MiB,2206.4 MiB,9908.5 MiB,4096.0 MiB,3452.5 MiB,643.5 MiB,12892.5 MiB,,0,36.65
10,2017-07-11,nbody_50000000_original,7.10.1,nbody_6_original.js 50000000,32,1695222929,2840383,node,37.83,622571520,34394112,20824064,100.0,0.2,6.0,4.0,0:37,0,28278784,48312320,0,5135360,0.0,34394112,324,2,278,44,0,13.3,1.5,0.0,85.2,0.0,0.0,0.0,0.0,15794.9 MiB,3679.7 MiB,2206.7 MiB,9908.5 MiB,4096.0 MiB,3452.5 MiB,643.5 MiB,12892.3 MiB,,0,37.83
10,2017-07-11,nbody_50000000_original,7.10.1,nbody_6_original.js 50000000,33,1695222930,2840383,node,39.01,622571520,34394112,20824064,106.7,0.2,6.0,4.0,0:39,0,28278784,48312320,0,5135360,0.0,34394112,324,2,278,44,0,12.7,1.5,0.0,85.8,0.0,0.0,0.0,0.0,15794.9 MiB,3680.0 MiB,2206.4 MiB,9908.5 MiB,4096.0 MiB,3452.5 MiB,643.5 MiB,12892.5 MiB,,0,39.01
10,2017-07-11,nbody_50000000_original,7.10.1,nbody_6_original.js 50000000,34,1695222932,2840383,node,40.18,622571520,34394112,20824064,100.0,0.2,6.0,4.0,0:40,0,28278784,48312320,0,5135360,0.0,34394112,324,2,278,44,0,13.3,1.5,0.0,85.2,0.0,0.0,0.0,0.0,15794.9 MiB,3680.7 MiB,2205.7 MiB,9908.5 MiB,4096.0 MiB,3452.5 MiB,643.5 MiB,12893.3 MiB,,0,40.18
10,2017-07-11,nbody_50000000_original,7.10.1,nbody_6_original.js 50000000,35,1695222933,2840383,node,41.36,622571520,34394112,20824064,100.0,0.2,6.0,4.0,0:41,0,28278784,48312320,0,5135360,0.0,34394112,324,2,278,44,0,12.1,0.8,0.0,87.1,0.0,0.0,0.0,0.0,15794.9 MiB,3680.7 MiB,2205.7 MiB,9908.5 MiB,4096.0 MiB,3452.5 MiB,643.5 MiB,12893.3 MiB,,0,41.36
10,2017-07-11,nbody_50000000_original,7.10.1,nbody_6_original.js 50000000,36,1695222934,2840383,node,42.54,622571520,34394112,20824064,100.0,0.2,6.0,0.0,0:42,0,28278784,48312320,0,5135360,0.0,34394112,324,2,278,44,0,12.7,1.5,0.0,85.8,0.0,0.0,0.0,0.0,15794.9 MiB,3680.5 MiB,2205.9 MiB,9908.5 MiB,4096.0 MiB,3452.5 MiB,643.5 MiB,12893.0 MiB,,0,42.54
10,2017-07-11,nbody_50000000_original,7.10.1,nbody_6_original.js 50000000,37,1695222935,2840383,node,43.72,622571520,34394112,20824064,100.0,0.2,6.0,0.0,0:43,0,28278784,48312320,0,5135360,0.0,34394112,324,2,278,44,0,12.7,1.5,0.0,85.8,0.0,0.0,0.0,0.0,15794.9 MiB,3680.5 MiB,2205.9 MiB,9908.5 MiB,4096.0 MiB,3452.5 MiB,643.5 MiB,12893.0 MiB,,0,43.72
10,2017-07-11,nbody_50000000_original,7.10.1,nbody_6_original.js 50000000,38,1695222936,2840383,node,44.9,622571520,34394112,20824064,100.0,0.2,6.0,0.0,0:44,0,28278784,48312320,0,5135360,0.0,34394112,324,3,277,44,0,13.3,1.5,0.0,85.2,0.0,0.0,0.0,0.0,15794.9 MiB,3680.2 MiB,2206.1 MiB,9908.5 MiB,4096.0 MiB,3452.5 MiB,643.5 MiB,12892.8 MiB,,0,44.90
10,2017-07-11,nbody_50000000_original,7.10.1,nbody_6_original.js 50000000,39,1695222937,2840383,node,46.07,622571520,34394112,20824064,100.0,0.2,6.0,0.0,0:46,0,28278784,48312320,0,5135360,0.0,34394112,324,2,278,44,0,13.3,1.5,0.0,84.4,0.0,0.0,0.7,0.0,15794.9 MiB,3680.2 MiB,2206.1 MiB,9908.5 MiB,4096.0 MiB,3452.5 MiB,643.5 MiB,12892.8 MiB,,0,46.07
10,2017-07-11,nbody_50000000_original,7.10.1,nbody_6_original.js 50000000,40,1695222939,2840383,node,47.25,622571520,34394112,20824064,100.0,0.2,6.0,0.0,0:47,0,28278784,48312320,0,5135360,0.0,34394112,324,2,278,44,0,12.0,1.5,0.0,86.5,0.0,0.0,0.0,0.0,15794.9 MiB,3680.5 MiB,2205.9 MiB,9908.5 MiB,4096.0 MiB,3452.5 MiB,643.5 MiB,12893.1 MiB,,0,47.25
10,2017-07-11,nbody_50000000_original,7.10.1,nbody_6_original.js 50000000,41,1695222940,2840383,node,48.43,622571520,34394112,20824064,106.7,0.2,6.0,4.0,0:48,0,28278784,48312320,0,5135360,0.0,34394112,324,2,278,44,0,12.8,0.8,0.0,86.5,0.0,0.0,0.0,0.0,15794.9 MiB,3680.5 MiB,2205.9 MiB,9908.5 MiB,4096.0 MiB,3452.5 MiB,643.5 MiB,12893.1 MiB,,0,48.43
10,2017-07-11,nbody_50000000_original,7.10.1,nbody_6_original.js 50000000,42,1695222941,2840383,node,49.6,622571520,34394112,20824064,100.0,0.2,6.0,4.0,0:49,0,28278784,48312320,0,5135360,0.0,34394112,324,2,278,44,0,12.9,0.8,0.0,86.4,0.0,0.0,0.0,0.0,15794.9 MiB,3680.5 MiB,2205.9 MiB,9908.5 MiB,4096.0 MiB,3452.5 MiB,643.5 MiB,12893.1 MiB,,0,49.60
10,2017-07-11,nbody_50000000_original,7.10.1,nbody_6_original.js 50000000,43,1695222942,2840383,node,50.78,622571520,34394112,20824064,100.0,0.2,6.0,4.0,0:50,0,28278784,48312320,0,5135360,0.0,34394112,324,2,278,44,0,13.4,0.7,0.0,85.8,0.0,0.0,0.0,0.0,15794.9 MiB,3680.7 MiB,2205.6 MiB,9908.5 MiB,4096.0 MiB,3452.5 MiB,643.5 MiB,12893.3 MiB,,0,50.78
10,2017-07-11,nbody_50000000_original,7.10.1,nbody_6_original.js 50000000,44,1695222943,2840383,node,51.96,622571520,34394112,20824064,100.0,0.2,6.0,4.0,0:51,0,28278784,48312320,0,5135360,0.0,34394112,324,2,278,44,0,13.5,0.0,0.0,86.5,0.0,0.0,0.0,0.0,15794.9 MiB,3680.7 MiB,2205.6 MiB,9908.5 MiB,4096.0 MiB,3452.5 MiB,643.5 MiB,12893.3 MiB,,0,51.96
10,2017-07-11,nbody_50000000_original,7.10.1,nbody_6_original.js 50000000,45,1695222945,2840383,node,53.14,622571520,34394112,20824064,100.0,0.2,6.0,4.0,0:53,0,28278784,48312320,0,5135360,0.0,34394112,324,2,278,44,0,12.7,1.5,0.0,85.8,0.0,0.0,0.0,0.0,15794.9 MiB,3680.5 MiB,2205.9 MiB,9908.5 MiB,4096.0 MiB,3452.5 MiB,643.5 MiB,12893.1 MiB,,0,53.14
10,2017-07-11,nbody_50000000_original,7.10.1,nbody_6_original.js 50000000,46,1695222946,2840383,node,54.31,622571520,34394112,20824064,93.8,0.2,6.0,4.0,0:54,0,28278784,48312320,0,5135360,0.0,34394112,324,2,278,44,0,12.1,0.8,0.0,87.1,0.0,0.0,0.0,0.0,15794.9 MiB,3679.5 MiB,2206.9 MiB,9908.5 MiB,4096.0 MiB,3452.5 MiB,643.5 MiB,12892.1 MiB,,0,54.31
10,2017-07-11,nbody_50000000_original,7.10.1,nbody_6_original.js 50000000,47,1695222947,2840383,node,55.49,622571520,34394112,20824064,100.0,0.2,6.0,4.0,0:55,0,28278784,48312320,0,5135360,0.0,34394112,324,2,278,44,0,13.3,1.5,0.0,85.2,0.0,0.0,0.0,0.0,15794.9 MiB,3679.5 MiB,2206.9 MiB,9908.5 MiB,4096.0 MiB,3452.5 MiB,643.5 MiB,12892.1 MiB,,0,55.49
10,2017-07-11,nbody_50000000_original,7.10.1,nbody_6_original.js 50000000,48,1695222948,2840383,node,56.67,622571520,34394112,20824064,100.0,0.2,6.0,4.0,0:56,0,28278784,48312320,0,5135360,0.0,34394112,324,2,278,44,0,13.4,0.7,0.0,85.8,0.0,0.0,0.0,0.0,15794.9 MiB,3679.7 MiB,2206.6 MiB,9908.5 MiB,4096.0 MiB,3452.5 MiB,643.5 MiB,12892.3 MiB,,0,56.67
10,2017-07-11,nbody_50000000_original,7.10.1,nbody_6_original.js 50000000,49,1695222949,2840383,node,57.85,622571520,34394112,20824064,106.7,0.2,6.0,4.0,0:57,0,28278784,48312320,0,5135360,0.0,34394112,324,2,278,44,0,13.4,0.7,0.0,85.8,0.0,0.0,0.0,0.0,15794.9 MiB,3679.7 MiB,2206.6 MiB,9908.5 MiB,4096.0 MiB,3452.5 MiB,643.5 MiB,12892.3 MiB,,0,57.85
10,2017-07-11,nbody_50000000_original,7.10.1,nbody_6_original.js 50000000,50,1695222950,2840383,node,59.02,622571520,34394112,20824064,93.8,0.2,6.0,4.0,0:59,0,28278784,48312320,0,5135360,0.0,34394112,324,2,278,44,0,13.3,1.5,0.0,85.2,0.0,0.0,0.0,0.0,15794.9 MiB,3679.2 MiB,2207.1 MiB,9908.5 MiB,4096.0 MiB,3452.5 MiB,643.5 MiB,12891.8 MiB,,0,59.02
10,2017-07-11,nbody_50000000_original,7.10.1,nbody_6_original.js 50000000,51,1695222952,2840383,node,60.2,622571520,34394112,20824064,100.0,0.2,6.0,4.0,1:00,0,28278784,48312320,0,5135360,0.0,34394112,324,2,278,44,0,12.6,2.2,0.0,85.2,0.0,0.0,0.0,0.0,15794.9 MiB,3678.7 MiB,2207.6 MiB,9908.5 MiB,4096.0 MiB,3452.5 MiB,643.5 MiB,12891.3 MiB,,1,00.20
10,2017-07-11,nbody_50000000_original,7.10.1,nbody_6_original.js 50000000,52,1695222953,2840383,node,61.38,622571520,34394112,20824064,100.0,0.2,6.0,4.0,1:01,0,28278784,48312320,0,5135360,0.0,34394112,324,2,278,44,0,13.3,1.5,0.0,85.2,0.0,0.0,0.0,0.0,15794.9 MiB,3678.0 MiB,2208.3 MiB,9908.5 MiB,4096.0 MiB,3452.5 MiB,643.5 MiB,12890.6 MiB,,1,01.38
10,2017-07-11,nbody_50000000_original,7.10.1,nbody_6_original.js 50000000,53,1695222954,2840383,node,62.55,622571520,34394112,20824064,93.8,0.2,6.0,4.0,1:02,0,28278784,48312320,0,5135360,0.0,34394112,324,2,278,44,0,12.8,0.8,0.0,86.5,0.0,0.0,0.0,0.0,15794.9 MiB,3677.5 MiB,2208.8 MiB,9908.5 MiB,4096.0 MiB,3452.5 MiB,643.5 MiB,12890.1 MiB,,1,02.55
10,2017-07-11,nbody_50000000_original,7.10.1,nbody_6_original.js 50000000,54,1695222955,2840383,node,63.73,630960128,42774528,20824064,100.0,0.3,6.0,0.0,1:03,0,28278784,56700928,0,7232512,0.0,42774528,324,2,278,44,0,12.8,0.8,0.0,86.5,0.0,0.0,0.0,0.0,15794.9 MiB,3669.6 MiB,2216.7 MiB,9908.5 MiB,4096.0 MiB,3452.5 MiB,643.5 MiB,12882.2 MiB,,1,03.73
10,2017-07-11,nbody_50000000_original,7.10.1,nbody_6_original.js 50000000,55,1695222956,2840383,node,64.91,630960128,42774528,20824064,100.0,0.3,6.0,0.0,1:04,0,28278784,56700928,0,7232512,0.0,42774528,324,2,278,44,0,14.0,1.5,0.0,84.6,0.0,0.0,0.0,0.0,15794.9 MiB,3669.1 MiB,2217.2 MiB,9908.5 MiB,4096.0 MiB,3452.5 MiB,643.5 MiB,12881.8 MiB,,1,04.91
10,2017-07-11,nbody_50000000_original,7.10.1,nbody_6_original.js 50000000,56,1695222957,2840383,node,66.09,630960128,42774528,20824064,100.0,0.3,6.0,4.0,1:06,0,28278784,56700928,0,7232512,0.0,42774528,324,2,278,44,0,13.3,1.5,0.0,85.2,0.0,0.0,0.0,0.0,15794.9 MiB,3668.9 MiB,2217.4 MiB,9908.5 MiB,4096.0 MiB,3452.5 MiB,643.5 MiB,12881.5 MiB,,1,06.09
10,2017-07-11,nbody_50000000_original,7.10.1,nbody_6_original.js 50000000,57,1695222959,2840383,node,67.27,630960128,42774528,20824064,106.7,0.3,6.0,4.0,1:07,0,28278784,56700928,0,7232512,0.0,42774528,324,2,278,44,0,12.7,2.2,0.0,85.1,0.0,0.0,0.0,0.0,15794.9 MiB,3669.1 MiB,2217.2 MiB,9908.5 MiB,4096.0 MiB,3452.5 MiB,643.5 MiB,12881.8 MiB,,1,07.27
10,2017-07-11,nbody_50000000_original,7.10.1,nbody_6_original.js 50000000,58,1695222960,2840383,node,68.44,630960128,42774528,20824064,100.0,0.3,6.0,4.0,1:08,0,28278784,56700928,0,7232512,0.0,42774528,324,2,278,44,0,13.5,0.8,0.0,85.7,0.0,0.0,0.0,0.0,15794.9 MiB,3669.4 MiB,2216.9 MiB,9908.5 MiB,4096.0 MiB,3452.5 MiB,643.5 MiB,12882.0 MiB,,1,08.44
10,2017-07-11,nbody_50000000_original,7.10.1,nbody_6_original.js 50000000,59,1695222961,2840383,node,69.62,630960128,42774528,20824064,100.0,0.3,6.0,4.0,1:09,0,28278784,56700928,0,7232512,0.0,42774528,324,2,278,44,0,12.8,0.8,0.0,85.7,0.8,0.0,0.0,0.0,15794.9 MiB,3669.1 MiB,2217.4 MiB,9908.3 MiB,4096.0 MiB,3452.5 MiB,643.5 MiB,12881.8 MiB,,1,09.62
10,2017-07-11,nbody_50000000_original,7.10.1,nbody_6_original.js 50000000,60,1695222962,2840383,node,70.8,630960128,42774528,20824064,100.0,0.3,6.0,4.0,1:10,0,28278784,56700928,0,7232512,0.0,42774528,324,2,278,44,0,13.4,0.7,0.0,85.8,0.0,0.0,0.0,0.0,15794.9 MiB,3668.9 MiB,2217.6 MiB,9908.3 MiB,4096.0 MiB,3452.5 MiB,643.5 MiB,12881.5 MiB,,1,10.80
10,2017-07-11,nbody_50000000_original,7.10.1,nbody_6_original.js 50000000,61,1695222963,2840383,node,71.97,630960128,42774528,20824064,100.0,0.3,6.0,4.0,1:11,0,28278784,56700928,0,7232512,0.0,42774528,324,2,278,44,0,14.1,1.5,0.0,84.4,0.0,0.0,0.0,0.0,15794.9 MiB,3668.2 MiB,2218.4 MiB,9908.3 MiB,4096.0 MiB,3452.5 MiB,643.5 MiB,12880.8 MiB,,1,11.97
10,2017-07-11,nbody_50000000_original,7.10.1,nbody_6_original.js 50000000,62,1695222965,2840383,node,73.15,630960128,42774528,20824064,100.0,0.3,6.0,4.0,1:13,0,28278784,56700928,0,7232512,0.0,42774528,324,2,278,44,0,13.3,0.7,0.0,85.9,0.0,0.0,0.0,0.0,15794.9 MiB,3667.9 MiB,2218.6 MiB,9908.3 MiB,4096.0 MiB,3452.5 MiB,643.5 MiB,12880.5 MiB,,1,13.15
10,2017-07-11,nbody_50000000_original,7.10.1,nbody_6_original.js 50000000,63,1695222966,2840383,node,74.33,630960128,42774528,20824064,100.0,0.3,6.0,0.0,1:14,0,28278784,56700928,0,7232512,0.0,42774528,324,2,278,44,0,12.9,0.8,0.0,86.4,0.0,0.0,0.0,0.0,15794.9 MiB,3667.9 MiB,2218.6 MiB,9908.3 MiB,4096.0 MiB,3452.5 MiB,643.5 MiB,12880.5 MiB,,1,14.33
10,2017-07-11,nbody_50000000_original,7.10.1,nbody_6_original.js 50000000,64,1695222967,2840383,node,75.51,630960128,42774528,20824064,100.0,0.3,6.0,0.0,1:15,0,28278784,56700928,0,7232512,0.0,42774528,324,2,278,44,0,12.6,1.5,0.0,85.9,0.0,0.0,0.0,0.0,15794.9 MiB,3668.9 MiB,2217.6 MiB,9908.4 MiB,4096.0 MiB,3452.5 MiB,643.5 MiB,12881.5 MiB,,1,15.51
10,2017-07-11,nbody_50000000_original,7.10.1,nbody_6_original.js 50000000,65,1695222968,2840383,node,76.69,630960128,42774528,20824064,106.7,0.3,6.0,0.0,1:16,0,28278784,56700928,0,7232512,0.0,42774528,324,2,278,44,0,13.5,0.8,0.0,85.7,0.0,0.0,0.0,0.0,15794.9 MiB,3668.7 MiB,2217.8 MiB,9908.4 MiB,4096.0 MiB,3452.5 MiB,643.5 MiB,12881.3 MiB,,1,16.69
10,2017-07-11,nbody_50000000_original,7.10.1,nbody_6_original.js 50000000,66,1695222969,2840383,node,77.86,630960128,42774528,20824064,100.0,0.3,6.0,0.0,1:17,0,28278784,56700928,0,7232512,0.0,42774528,324,2,278,44,0,13.4,0.7,0.0,85.8,0.0,0.0,0.0,0.0,15794.9 MiB,3668.4 MiB,2218.1 MiB,9908.4 MiB,4096.0 MiB,3452.5 MiB,643.5 MiB,12881.0 MiB,,1,17.86
10,2017-07-11,nbody_50000000_original,7.10.1,nbody_6_original.js 50000000,67,1695222970,2840383,node,79.03999999999999,630960128,42774528,20824064,100.0,0.3,6.0,0.0,1:19,0,28278784,56700928,0,7232512,0.0,42774528,324,2,278,44,0,13.2,2.2,0.0,84.6,0.0,0.0,0.0,0.0,15794.9 MiB,3669.1 MiB,2217.3 MiB,9908.4 MiB,4096.0 MiB,3452.5 MiB,643.5 MiB,12881.8 MiB,,1,19.04
10,2017-07-11,nbody_50000000_original,7.10.1,nbody_6_original.js 50000000,68,1695222972,2840383,node,80.22,630960128,42774528,20824064,100.0,0.3,6.0,4.0,1:20,0,28278784,56700928,0,7232512,0.0,42774528,324,2,278,44,0,12.8,0.8,0.0,85.7,0.8,0.0,0.0,0.0,15794.9 MiB,3669.2 MiB,2217.3 MiB,9908.4 MiB,4096.0 MiB,3452.5 MiB,643.5 MiB,12881.8 MiB,,1,20.22
10,2017-07-11,nbody_50000000_original,7.10.1,nbody_6_original.js 50000000,69,1695222973,2840383,node,81.4,630960128,42774528,20824064,100.0,0.3,6.0,4.0,1:21,0,28278784,56700928,0,7232512,0.0,42774528,324,2,278,44,0,13.5,0.0,0.0,86.5,0.0,0.0,0.0,0.0,15794.9 MiB,3669.4 MiB,2217.1 MiB,9908.4 MiB,4096.0 MiB,3452.5 MiB,643.5 MiB,12882.0 MiB,,1,21.40
10,2017-07-11,nbody_50000000_original,7.10.1,nbody_6_original.js 50000000,70,1695222974,2840383,node,82.58,630960128,42774528,20824064,100.0,0.3,6.0,4.0,1:22,0,28278784,56700928,0,7232512,0.0,42774528,324,2,278,44,0,13.2,2.2,0.0,84.6,0.0,0.0,0.0,0.0,15794.9 MiB,3668.7 MiB,2217.8 MiB,9908.4 MiB,4096.0 MiB,3452.5 MiB,643.5 MiB,12881.3 MiB,,1,22.58
10,2017-07-11,nbody_50000000_original,7.10.1,nbody_6_original.js 50000000,71,1695222975,2840383,node,83.76,630960128,42774528,20824064,100.0,0.3,6.0,0.0,1:23,0,28278784,56700928,0,7232512,0.0,42774528,324,2,278,44,0,12.7,1.5,0.0,85.8,0.0,0.0,0.0,0.0,15794.9 MiB,3668.7 MiB,2217.8 MiB,9908.4 MiB,4096.0 MiB,3452.5 MiB,643.5 MiB,12881.3 MiB,,1,23.76
10,2017-07-11,nbody_50000000_original,7.10.1,nbody_6_original.js 50000000,72,1695222976,2840383,node,84.93,630960128,42774528,20824064,93.8,0.3,6.0,0.0,1:24,0,28278784,56700928,0,7232512,0.0,42774528,324,2,278,44,0,12.7,1.5,0.0,85.8,0.0,0.0,0.0,0.0,15794.9 MiB,3668.7 MiB,2217.8 MiB,9908.4 MiB,4096.0 MiB,3452.5 MiB,643.5 MiB,12881.3 MiB,,1,24.93
10,2017-07-11,nbody_50000000_original,7.10.1,nbody_6_original.js 50000000,73,1695222978,2840383,node,86.11,630960128,42774528,20824064,106.7,0.3,6.0,0.0,1:26,0,28278784,56700928,0,7232512,0.0,42774528,324,2,278,44,0,12.7,1.5,0.0,85.8,0.0,0.0,0.0,0.0,15794.9 MiB,3668.7 MiB,2217.8 MiB,9908.4 MiB,4096.0 MiB,3452.5 MiB,643.5 MiB,12881.3 MiB,,1,26.11
10,2017-07-11,nbody_50000000_original,7.10.1,nbody_6_original.js 50000000,74,1695222979,2840383,node,87.28999999999999,630960128,42774528,20824064,100.0,0.3,6.0,0.0,1:27,0,28278784,56700928,0,7232512,0.0,42774528,324,2,278,44,0,13.4,0.7,0.0,85.8,0.0,0.0,0.0,0.0,15794.9 MiB,3668.9 MiB,2217.6 MiB,9908.4 MiB,4096.0 MiB,3452.5 MiB,643.5 MiB,12881.6 MiB,,1,27.29
10,2017-07-11,nbody_50000000_original,7.10.1,nbody_6_original.js 50000000,75,1695222980,2840383,node,88.47,630960128,42774528,20824064,100.0,0.3,6.0,4.0,1:28,0,28278784,56700928,0,7232512,0.0,42774528,324,2,278,44,0,13.3,1.5,0.0,85.2,0.0,0.0,0.0,0.0,15794.9 MiB,3669.2 MiB,2217.3 MiB,9908.4 MiB,4096.0 MiB,3452.5 MiB,643.5 MiB,12881.8 MiB,,1,28.47
10,2017-07-11,nbody_50000000_original,7.10.1,nbody_6_original.js 50000000,76,1695222981,2840383,node,89.64,630960128,42774528,20824064,93.8,0.3,6.0,4.0,1:29,0,28278784,56700928,0,7232512,0.0,42774528,324,2,278,44,0,13.3,1.5,0.0,85.2,0.0,0.0,0.0,0.0,15794.9 MiB,3669.2 MiB,2217.3 MiB,9908.4 MiB,4096.0 MiB,3452.5 MiB,643.5 MiB,12881.8 MiB,,1,29.64
10,2017-07-11,nbody_50000000_original,7.10.1,nbody_6_original.js 50000000,77,1695222982,2840383,node,90.82,630960128,42774528,20824064,100.0,0.3,6.0,4.0,1:30,0,28278784,56700928,0,7232512,0.0,42774528,324,2,278,44,0,13.4,0.7,0.0,85.8,0.0,0.0,0.0,0.0,15794.9 MiB,3669.2 MiB,2217.3 MiB,9908.4 MiB,4096.0 MiB,3452.5 MiB,643.5 MiB,12881.8 MiB,,1,30.82
10,2017-07-11,nbody_50000000_original,7.10.1,nbody_6_original.js 50000000,78,1695222983,2840383,node,92.0,630960128,42774528,20824064,106.7,0.3,6.0,0.0,1:32,0,28278784,56700928,0,7232512,0.0,42774528,324,2,278,44,0,13.5,0.8,0.0,85.7,0.0,0.0,0.0,0.0,15794.9 MiB,3669.2 MiB,2217.3 MiB,9908.4 MiB,4096.0 MiB,3452.5 MiB,643.5 MiB,12881.8 MiB,,1,32.00
10,2017-07-11,nbody_50000000_original,7.10.1,nbody_6_original.js 50000000,79,1695222985,2840383,node,93.17,630960128,42774528,20824064,93.8,0.3,6.0,0.0,1:33,0,28278784,56700928,0,7232512,0.0,42774528,324,2,278,44,0,12.0,1.5,0.0,86.5,0.0,0.0,0.0,0.0,15794.9 MiB,3669.2 MiB,2217.3 MiB,9908.4 MiB,4096.0 MiB,3452.5 MiB,643.5 MiB,12881.8 MiB,,1,33.17
10,2017-07-11,nbody_50000000_original,7.10.1,nbody_6_original.js 50000000,80,1695222986,2840383,node,94.35,630960128,42774528,20824064,100.0,0.3,6.0,0.0,1:34,0,28278784,56700928,0,7232512,0.0,42774528,324,2,278,44,0,13.4,0.7,0.0,85.8,0.0,0.0,0.0,0.0,15794.9 MiB,3669.9 MiB,2216.6 MiB,9908.4 MiB,4096.0 MiB,3452.5 MiB,643.5 MiB,12882.6 MiB,,1,34.35
10,2017-07-11,nbody_50000000_original,7.10.1,nbody_6_original.js 50000000,81,1695222987,2840383,node,95.53,630960128,42774528,20824064,100.0,0.3,6.0,4.0,1:35,0,28278784,56700928,0,7232512,0.0,42774528,324,2,278,44,0,14.1,0.7,0.0,85.2,0.0,0.0,0.0,0.0,15794.9 MiB,3669.9 MiB,2216.6 MiB,9908.4 MiB,4096.0 MiB,3452.5 MiB,643.5 MiB,12882.6 MiB,,1,35.53
10,2017-07-11,nbody_50000000_original,7.10.1,nbody_6_original.js 50000000,82,1695222988,2840383,node,96.71000000000001,630960128,42774528,20824064,100.0,0.3,6.0,4.0,1:36,0,28278784,56700928,0,7232512,0.0,42774528,324,2,278,44,0,12.6,2.2,0.0,85.2,0.0,0.0,0.0,0.0,15794.9 MiB,3670.9 MiB,2215.6 MiB,9908.4 MiB,4096.0 MiB,3452.5 MiB,643.5 MiB,12883.5 MiB,,1,36.71
10,2017-07-11,nbody_50000000_original,7.10.1,nbody_6_original.js 50000000,83,1695222989,2840383,node,97.89,630960128,42774528,20824064,100.0,0.3,6.0,4.0,1:37,0,28278784,56700928,0,7232512,0.0,42774528,324,2,278,44,0,13.4,0.7,0.0,85.8,0.0,0.0,0.0,0.0,15794.9 MiB,3670.9 MiB,2215.6 MiB,9908.4 MiB,4096.0 MiB,3452.5 MiB,643.5 MiB,12883.6 MiB,,1,37.89
10,2017-07-11,nbody_50000000_original,7.10.1,nbody_6_original.js 50000000,84,1695222990,2840383,node,99.07,630960128,42774528,20824064,100.0,0.3,6.0,4.0,1:39,0,28278784,56700928,0,7232512,0.0,42774528,324,2,278,44,0,12.7,0.7,0.0,85.8,0.7,0.0,0.0,0.0,15794.9 MiB,3671.4 MiB,2215.1 MiB,9908.4 MiB,4096.0 MiB,3452.5 MiB,643.5 MiB,12884.0 MiB,,1,39.07
10,2017-07-11,nbody_50000000_original,7.10.1,nbody_6_original.js 50000000,85,1695222992,2840383,node,100.24000000000001,630960128,42774528,20824064,93.8,0.3,6.0,4.0,1:40,0,28278784,56700928,0,7232512,0.0,42774528,324,2,278,44,0,13.3,1.5,0.0,85.2,0.0,0.0,0.0,0.0,15794.9 MiB,3672.1 MiB,2214.3 MiB,9908.4 MiB,4096.0 MiB,3452.5 MiB,643.5 MiB,12884.8 MiB,,1,40.24
10,2017-07-11,nbody_50000000_original,7.10.1,nbody_6_original.js 50000000,86,1695222993,2840383,node,101.42,630960128,42774528,20824064,100.0,0.3,6.0,4.0,1:41,0,28278784,56700928,0,7232512,0.0,42774528,324,2,278,44,0,12.7,1.5,0.0,85.8,0.0,0.0,0.0,0.0,15794.9 MiB,3672.6 MiB,2213.8 MiB,9908.4 MiB,4096.0 MiB,3452.5 MiB,643.5 MiB,12885.3 MiB,,1,41.42
10,2017-07-11,nbody_50000000_original,7.10.1,nbody_6_original.js 50000000,87,1695222994,2840383,node,102.6,630960128,42774528,20824064,100.0,0.3,6.0,4.0,1:42,0,28278784,56700928,0,7232512,0.0,42774528,324,2,278,44,0,12.0,1.5,0.0,86.5,0.0,0.0,0.0,0.0,15794.9 MiB,3671.9 MiB,2214.6 MiB,9908.4 MiB,4096.0 MiB,3452.5 MiB,643.5 MiB,12884.6 MiB,,1,42.60
10,2017-07-11,nbody_50000000_original,7.10.1,nbody_6_original.js 50000000,88,1695222995,2840383,node,103.77000000000001,630960128,42774528,20824064,100.0,0.3,6.0,4.0,1:43,0,28278784,56700928,0,7232512,0.0,42774528,324,2,278,44,0,12.7,1.5,0.0,85.8,0.0,0.0,0.0,0.0,15794.9 MiB,3671.9 MiB,2214.6 MiB,9908.4 MiB,4096.0 MiB,3452.5 MiB,643.5 MiB,12884.6 MiB,,1,43.77
10,2017-07-11,nbody_50000000_original,7.10.1,nbody_6_original.js 50000000,89,1695222996,2840383,node,104.95,630960128,42774528,20824064,100.0,0.3,6.0,4.0,1:44,0,28278784,56700928,0,7232512,0.0,42774528,324,2,278,44,0,13.4,0.0,0.0,86.6,0.0,0.0,0.0,0.0,15794.9 MiB,3671.1 MiB,2215.3 MiB,9908.4 MiB,4096.0 MiB,3452.5 MiB,643.5 MiB,12883.8 MiB,,1,44.95
10,2017-07-11,nbody_50000000_original,7.10.1,nbody_6_original.js 50000000,90,1695222998,2840383,node,106.13,630960128,42774528,20824064,100.0,0.3,6.0,4.0,1:46,0,28278784,56700928,0,7232512,0.0,42774528,324,2,278,44,0,13.4,0.7,0.0,85.8,0.0,0.0,0.0,0.0,15794.9 MiB,3670.9 MiB,2215.6 MiB,9908.4 MiB,4096.0 MiB,3452.5 MiB,643.5 MiB,12883.6 MiB,,1,46.13
10,2017-07-11,nbody_50000000_original,7.10.1,nbody_6_original.js 50000000,91,1695222999,2840383,node,107.31,630960128,42774528,20824064,100.0,0.3,6.0,4.0,1:47,0,28278784,56700928,0,7232512,0.0,42774528,324,2,278,44,0,12.7,0.7,0.0,86.6,0.0,0.0,0.0,0.0,15794.9 MiB,3671.4 MiB,2215.1 MiB,9908.4 MiB,4096.0 MiB,3452.5 MiB,643.5 MiB,12884.1 MiB,,1,47.31
10,2017-07-11,nbody_50000000_original,7.10.1,nbody_6_original.js 50000000,92,1695223000,2840383,node,108.49000000000001,630960128,42774528,20824064,100.0,0.3,6.0,4.0,1:48,0,28278784,56700928,0,7232512,0.0,42774528,324,2,278,44,0,12.0,1.5,0.0,86.5,0.0,0.0,0.0,0.0,15794.9 MiB,3671.9 MiB,2214.6 MiB,9908.4 MiB,4096.0 MiB,3452.5 MiB,643.5 MiB,12884.6 MiB,,1,48.49
10,2017-07-11,nbody_50000000_original,7.10.1,nbody_6_original.js 50000000,93,1695223001,2840383,node,109.66,630960128,42774528,20824064,93.8,0.3,6.0,4.0,1:49,0,28278784,56700928,0,7232512,0.0,42774528,324,2,278,44,0,13.3,1.5,0.0,85.2,0.0,0.0,0.0,0.0,15794.9 MiB,3672.6 MiB,2213.8 MiB,9908.4 MiB,4096.0 MiB,3452.5 MiB,643.5 MiB,12885.3 MiB,,1,49.66
10,2017-07-11,nbody_50000000_original,7.10.1,nbody_6_original.js 50000000,94,1695223002,2840383,node,110.84,630960128,42774528,20824064,100.0,0.3,6.0,4.0,1:50,0,28278784,56700928,0,7232512,0.0,42774528,324,2,278,44,0,12.7,1.5,0.0,85.8,0.0,0.0,0.0,0.0,15794.9 MiB,3672.9 MiB,2213.6 MiB,9908.4 MiB,4096.0 MiB,3452.5 MiB,643.5 MiB,12885.6 MiB,,1,50.84
10,2017-07-11,nbody_50000000_original,7.10.1,nbody_6_original.js 50000000,95,1695223003,2840383,node,112.02000000000001,630960128,42774528,20824064,100.0,0.3,6.0,4.0,1:52,0,28278784,56700928,0,7232512,0.0,42774528,324,2,278,44,0,13.5,0.8,0.0,85.7,0.0,0.0,0.0,0.0,15794.9 MiB,3672.9 MiB,2213.6 MiB,9908.4 MiB,4096.0 MiB,3452.5 MiB,643.5 MiB,12885.6 MiB,,1,52.02
10,2017-07-11,nbody_50000000_original,7.10.1,nbody_6_original.js 50000000,96,1695223005,2840383,node,113.19,630960128,42774528,20824064,93.8,0.3,6.0,4.0,1:53,0,28278784,56700928,0,7232512,0.0,42774528,324,2,278,44,0,13.4,0.7,0.0,85.8,0.0,0.0,0.0,0.0,15794.9 MiB,3672.9 MiB,2213.6 MiB,9908.4 MiB,4096.0 MiB,3452.5 MiB,643.5 MiB,12885.6 MiB,,1,53.19
10,2017-07-11,nbody_50000000_original,7.10.1,nbody_6_original.js 50000000,97,1695223006,2840383,node,114.37,630960128,42774528,20824064,100.0,0.3,6.0,4.0,1:54,0,28278784,56700928,0,7232512,0.0,42774528,324,2,278,44,0,12.0,1.5,0.0,86.5,0.0,0.0,0.0,0.0,15794.9 MiB,3672.9 MiB,2213.6 MiB,9908.4 MiB,4096.0 MiB,3452.5 MiB,643.5 MiB,12885.6 MiB,,1,54.37
10,2017-07-11,nbody_50000000_original,7.10.1,nbody_6_original.js 50000000,98,1695223007,2840383,node,115.55,630960128,42774528,20824064,100.0,0.3,6.0,4.0,1:55,0,28278784,56700928,0,7232512,0.0,42774528,324,2,278,44,0,12.6,1.5,0.0,85.9,0.0,0.0,0.0,0.0,15794.9 MiB,3673.6 MiB,2212.8 MiB,9908.4 MiB,4096.0 MiB,3452.5 MiB,643.5 MiB,12886.3 MiB,,1,55.55
10,2017-07-11,nbody_50000000_original,7.10.1,nbody_6_original.js 50000000,99,1695223008,2840383,node,116.72,630960128,42774528,20824064,93.8,0.3,6.0,0.0,1:56,0,28278784,56700928,0,7232512,0.0,42774528,324,2,278,44,0,12.9,0.0,0.0,87.1,0.0,0.0,0.0,0.0,15794.9 MiB,3673.6 MiB,2212.8 MiB,9908.4 MiB,4096.0 MiB,3452.5 MiB,643.5 MiB,12886.3 MiB,,1,56.72
10,2017-07-11,nbody_50000000_original,7.10.1,nbody_6_original.js 50000000,100,1695223009,2840383,node,117.9,630960128,42774528,20824064,100.0,0.3,6.0,0.0,1:57,0,28278784,56700928,0,7232512,0.0,42774528,324,2,278,44,0,12.8,1.5,0.0,85.7,0.0,0.0,0.0,0.0,15794.9 MiB,3674.6 MiB,2211.8 MiB,9908.4 MiB,4096.0 MiB,3452.5 MiB,643.5 MiB,12887.3 MiB,,1,57.90
10,2017-07-11,nbody_50000000_original,7.10.1,nbody_6_original.js 50000000,101,1695223010,2840383,node,119.08,630960128,42774528,20824064,100.0,0.3,6.0,0.0,1:59,0,28278784,56700928,0,7232512,0.0,42774528,324,2,278,44,0,13.4,0.0,0.0,86.6,0.0,0.0,0.0,0.0,15794.9 MiB,3675.1 MiB,2211.3 MiB,9908.4 MiB,4096.0 MiB,3452.5 MiB,643.5 MiB,12887.8 MiB,,1,59.08
10,2017-07-11,nbody_50000000_original,7.10.1,nbody_6_original.js 50000000,102,1695223012,2840383,node,120.26,630960128,42774528,20824064,100.0,0.3,6.0,0.0,2:00,0,28278784,56700928,0,7232512,0.0,42774528,324,2,278,44,0,13.4,0.7,0.0,85.8,0.0,0.0,0.0,0.0,15794.9 MiB,3674.8 MiB,2211.6 MiB,9908.4 MiB,4096.0 MiB,3452.5 MiB,643.5 MiB,12887.5 MiB,,2,00.26
10,2017-07-11,nbody_50000000_original,7.10.1,nbody_6_original.js 50000000,103,1695223013,2840383,node,121.44,630960128,42774528,20824064,100.0,0.3,6.0,0.0,2:01,0,28278784,56700928,0,7232512,0.0,42774528,324,2,278,44,0,12.7,1.5,0.0,85.8,0.0,0.0,0.0,0.0,15794.9 MiB,3675.3 MiB,2211.1 MiB,9908.4 MiB,4096.0 MiB,3452.5 MiB,643.5 MiB,12888.0 MiB,,2,01.44
10,2017-07-11,nbody_50000000_original,7.10.1,nbody_6_original.js 50000000,104,1695223014,2840383,node,122.61,630960128,42774528,20824064,93.8,0.3,6.0,0.0,2:02,0,28278784,56700928,0,7232512,0.0,42774528,324,2,278,44,0,13.2,2.2,0.0,83.8,0.7,0.0,0.0,0.0,15794.9 MiB,3675.3 MiB,2211.1 MiB,9908.4 MiB,4096.0 MiB,3452.5 MiB,643.5 MiB,12888.0 MiB,,2,02.61
10,2017-07-11,nbody_50000000_original,7.10.1,nbody_6_original.js 50000000,105,1695223015,2840383,node,123.79,630960128,42774528,20824064,100.0,0.3,6.0,0.0,2:03,0,28278784,56700928,0,7232512,0.0,42774528,324,2,278,44,0,13.4,0.7,0.0,85.8,0.0,0.0,0.0,0.0,15794.9 MiB,3675.6 MiB,2210.8 MiB,9908.4 MiB,4096.0 MiB,3452.5 MiB,643.5 MiB,12888.3 MiB,,2,03.79
10,2017-07-11,nbody_50000000_original,7.10.1,nbody_6_original.js 50000000,106,1695223016,2840383,node,124.97,630960128,42774528,20824064,100.0,0.3,6.0,0.0,2:04,0,28278784,56700928,0,7232512,0.0,42774528,324,2,278,44,0,13.3,1.5,0.0,85.2,0.0,0.0,0.0,0.0,15794.9 MiB,3675.8 MiB,2210.6 MiB,9908.4 MiB,4096.0 MiB,3452.5 MiB,643.5 MiB,12888.5 MiB,,2,04.97
10,2017-07-11,nbody_50000000_original,7.10.1,nbody_6_original.js 50000000,107,1695223018,2840383,node,126.14,630960128,42774528,20824064,93.8,0.3,6.0,0.0,2:06,0,28278784,56700928,0,7232512,0.0,42774528,324,2,278,44,0,12.9,0.8,0.0,86.4,0.0,0.0,0.0,0.0,15794.9 MiB,3675.6 MiB,2210.8 MiB,9908.4 MiB,4096.0 MiB,3452.5 MiB,643.5 MiB,12888.3 MiB,,2,06.14
10,2017-07-11,nbody_50000000_original,7.10.1,nbody_6_original.js 50000000,108,1695223019,2840383,node,127.32,630960128,42774528,20824064,100.0,0.3,6.0,0.0,2:07,0,28278784,56700928,0,7232512,0.0,42774528,324,2,278,44,0,12.7,1.5,0.0,85.8,0.0,0.0,0.0,0.0,15794.9 MiB,3675.6 MiB,2210.8 MiB,9908.4 MiB,4096.0 MiB,3452.5 MiB,643.5 MiB,12888.3 MiB,,2,07.32
10,2017-07-11,nbody_50000000_original,7.10.1,nbody_6_original.js 50000000,109,1695223020,2840383,node,128.5,630960128,42774528,20824064,100.0,0.3,6.0,4.0,2:08,0,28278784,56700928,0,7232512,0.0,42774528,324,2,278,44,0,12.7,1.5,0.0,85.1,0.7,0.0,0.0,0.0,15794.9 MiB,3675.3 MiB,2211.1 MiB,9908.4 MiB,4096.0 MiB,3452.5 MiB,643.5 MiB,12888.1 MiB,,2,08.50
10,2017-07-11,nbody_50000000_original,7.10.1,nbody_6_original.js 50000000,110,1695223021,2840383,node,129.68,630960128,42774528,20824064,100.0,0.3,6.0,4.0,2:09,0,28278784,56700928,0,7232512,0.0,42774528,324,2,278,44,0,12.8,0.8,0.0,86.5,0.0,0.0,0.0,0.0,15794.9 MiB,3675.3 MiB,2211.1 MiB,9908.4 MiB,4096.0 MiB,3452.5 MiB,643.5 MiB,12888.1 MiB,,2,09.68
10,2017-07-11,nbody_50000000_original,7.10.1,nbody_6_original.js 50000000,111,1695223022,2840383,node,130.86,630960128,42774528,20824064,100.0,0.3,6.0,4.0,2:10,0,28278784,56700928,0,7232512,0.0,42774528,324,2,278,44,0,12.9,0.8,0.0,86.4,0.0,0.0,0.0,0.0,15794.9 MiB,3675.3 MiB,2211.1 MiB,9908.4 MiB,4096.0 MiB,3452.5 MiB,643.5 MiB,12888.1 MiB,,2,10.86
10,2017-07-11,nbody_50000000_original,7.10.1,nbody_6_original.js 50000000,112,1695223023,2840383,node,132.03,630960128,42774528,20824064,93.8,0.3,6.0,4.0,2:12,0,28278784,56700928,0,7232512,0.0,42774528,324,2,278,44,0,13.3,1.5,0.0,85.2,0.0,0.0,0.0,0.0,15794.9 MiB,3675.3 MiB,2211.1 MiB,9908.4 MiB,4096.0 MiB,3452.5 MiB,643.5 MiB,12888.1 MiB,,2,12.03
10,2017-07-11,nbody_50000000_original,7.10.1,nbody_6_original.js 50000000,113,1695223025,2840383,node,133.21,630960128,42774528,20824064,100.0,0.3,6.0,4.0,2:13,0,28278784,56700928,0,7232512,0.0,42774528,324,2,278,44,0,12.9,0.8,0.0,86.4,0.0,0.0,0.0,0.0,15794.9 MiB,3674.8 MiB,2211.6 MiB,9908.4 MiB,4096.0 MiB,3452.5 MiB,643.5 MiB,12887.6 MiB,,2,13.21
10,2017-07-11,nbody_50000000_original,7.10.1,nbody_6_original.js 50000000,114,1695223026,2840383,node,134.39,630960128,42774528,20824064,100.0,0.3,6.0,4.0,2:14,0,28278784,56700928,0,7232512,0.0,42774528,324,2,278,44,0,12.7,1.5,0.0,85.1,0.7,0.0,0.0,0.0,15794.9 MiB,3675.1 MiB,2211.4 MiB,9908.4 MiB,4096.0 MiB,3452.5 MiB,643.5 MiB,12887.8 MiB,,2,14.39
10,2017-07-11,nbody_50000000_original,7.10.1,nbody_6_original.js 50000000,115,1695223027,2840383,node,135.56,630960128,42774528,20824064,93.8,0.3,6.0,0.0,2:15,0,28278784,56700928,0,7232512,0.0,42774528,324,2,278,44,0,12.0,1.5,0.0,86.5,0.0,0.0,0.0,0.0,15794.9 MiB,3675.1 MiB,2211.4 MiB,9908.4 MiB,4096.0 MiB,3452.5 MiB,643.5 MiB,12887.8 MiB,,2,15.56
10,2017-07-11,nbody_50000000_original,7.10.1,nbody_6_original.js 50000000,116,1695223028,2840383,node,136.74,630960128,42774528,20824064,100.0,0.3,6.0,0.0,2:16,0,28278784,56700928,0,7232512,0.0,42774528,324,2,278,44,0,12.8,0.8,0.0,86.5,0.0,0.0,0.0,0.0,15794.9 MiB,3675.1 MiB,2211.4 MiB,9908.4 MiB,4096.0 MiB,3452.5 MiB,643.5 MiB,12887.8 MiB,,2,16.74
10,2017-07-11,nbody_50000000_original,7.10.1,nbody_6_original.js 50000000,117,1695223029,2840383,node,137.92000000000002,630960128,42774528,20824064,100.0,0.3,6.0,0.0,2:17,0,28278784,56700928,0,7232512,0.0,42774528,324,2,278,44,0,13.3,1.5,0.0,85.2,0.0,0.0,0.0,0.0,15794.9 MiB,3675.1 MiB,2211.3 MiB,9908.4 MiB,4096.0 MiB,3452.5 MiB,643.5 MiB,12887.8 MiB,,2,17.92
10,2017-07-11,nbody_50000000_original,7.10.1,nbody_6_original.js 50000000,118,1695223030,2840383,node,139.1,630960128,42774528,20824064,100.0,0.3,6.0,0.0,2:19,0,28278784,56700928,0,7232512,0.0,42774528,324,2,278,44,0,12.9,0.8,0.0,86.4,0.0,0.0,0.0,0.0,15794.9 MiB,3674.8 MiB,2211.6 MiB,9908.4 MiB,4096.0 MiB,3452.5 MiB,643.5 MiB,12887.6 MiB,,2,19.10
10,2017-07-11,nbody_50000000_original,7.10.1,nbody_6_original.js 50000000,119,1695223032,2840383,node,140.28,630960128,42774528,20824064,100.0,0.3,6.0,4.0,2:20,0,28278784,56700928,0,7232512,0.0,42774528,324,2,278,44,0,13.4,0.7,0.0,85.8,0.0,0.0,0.0,0.0,15794.9 MiB,3674.6 MiB,2211.8 MiB,9908.4 MiB,4096.0 MiB,3452.5 MiB,643.5 MiB,12887.4 MiB,,2,20.28
10,2017-07-11,nbody_50000000_original,7.10.1,nbody_6_original.js 50000000,120,1695223033,2840383,node,141.45,630960128,42774528,20824064,100.0,0.3,6.0,4.0,2:21,0,28278784,56700928,0,7232512,0.0,42774528,324,2,278,44,0,12.7,1.5,0.0,85.8,0.0,0.0,0.0,0.0,15794.9 MiB,3673.9 MiB,2212.6 MiB,9908.4 MiB,4096.0 MiB,3452.5 MiB,643.5 MiB,12886.6 MiB,,2,21.45
10,2017-07-11,nbody_50000000_original,7.10.1,nbody_6_original.js 50000000,121,1695223034,2840383,node,142.63,630960128,42774528,20824064,100.0,0.3,6.0,4.0,2:22,0,28278784,56700928,0,7232512,0.0,42774528,324,2,278,44,0,13.5,0.8,0.0,85.7,0.0,0.0,0.0,0.0,15794.9 MiB,3673.9 MiB,2212.6 MiB,9908.4 MiB,4096.0 MiB,3452.5 MiB,643.5 MiB,12886.6 MiB,,2,22.63
10,2017-07-11,nbody_50000000_original,7.10.1,nbody_6_original.js 50000000,122,1695223035,2840383,node,143.8,630960128,42774528,20824064,93.8,0.3,6.0,4.0,2:23,0,28278784,56700928,0,7232512,0.0,42774528,324,2,278,44,0,13.4,0.7,0.0,85.8,0.0,0.0,0.0,0.0,15794.9 MiB,3673.9 MiB,2212.6 MiB,9908.4 MiB,4096.0 MiB,3452.5 MiB,643.5 MiB,12886.6 MiB,,2,23.80
10,2017-07-11,nbody_50000000_original,7.10.1,nbody_6_original.js 50000000,123,1695223036,2840383,node,144.98,630960128,42774528,20824064,106.7,0.3,6.0,4.0,2:24,0,28278784,56700928,0,7232512,0.0,42774528,324,2,278,44,0,12.8,0.8,0.0,86.5,0.0,0.0,0.0,0.0,15794.9 MiB,3673.6 MiB,2212.8 MiB,9908.4 MiB,4096.0 MiB,3452.5 MiB,643.5 MiB,12886.4 MiB,,2,24.98
10,2017-07-11,nbody_50000000_original,7.10.1,nbody_6_original.js 50000000,124,1695223038,2840383,node,146.16,630960128,42774528,20824064,100.0,0.3,6.0,0.0,2:26,0,28278784,56700928,0,7232512,0.0,42774528,324,2,278,44,0,13.3,1.5,0.0,85.2,0.0,0.0,0.0,0.0,15794.9 MiB,3673.6 MiB,2212.8 MiB,9908.4 MiB,4096.0 MiB,3452.5 MiB,643.5 MiB,12886.4 MiB,,2,26.16
10,2017-07-11,nbody_50000000_original,7.10.1,nbody_6_original.js 50000000,125,1695223039,2840383,node,147.32999999999998,630960128,42774528,20824064,93.8,0.3,6.0,0.0,2:27,0,28278784,56700928,0,7232512,0.0,42774528,324,2,278,44,0,13.4,1.5,0.0,85.1,0.0,0.0,0.0,0.0,15794.9 MiB,3674.4 MiB,2212.0 MiB,9908.4 MiB,4096.0 MiB,3452.5 MiB,643.5 MiB,12887.2 MiB,,2,27.33
10,2017-07-11,nbody_50000000_original,7.10.1,nbody_6_original.js 50000000,126,1695223040,2840383,node,148.51,630960128,42774528,20824064,100.0,0.3,6.0,4.0,2:28,0,28278784,56700928,0,7232512,0.0,42774528,324,2,278,44,0,12.7,1.5,0.0,85.8,0.0,0.0,0.0,0.0,15794.9 MiB,3674.6 MiB,2211.8 MiB,9908.4 MiB,4096.0 MiB,3452.5 MiB,643.5 MiB,12887.4 MiB,,2,28.51
10,2017-07-11,nbody_50000000_original,7.10.1,nbody_6_original.js 50000000,127,1695223041,2840383,node,149.69,630960128,42774528,20824064,106.7,0.3,6.0,4.0,2:29,0,28278784,56700928,0,7232512,0.0,42774528,324,2,278,44,0,13.3,1.5,0.0,85.2,0.0,0.0,0.0,0.0,15794.9 MiB,3674.6 MiB,2211.8 MiB,9908.4 MiB,4096.0 MiB,3452.5 MiB,643.5 MiB,12887.4 MiB,,2,29.69
10,2017-07-11,nbody_50000000_original,7.10.1,nbody_6_original.js 50000000,128,1695223042,2840383,node,150.87,630960128,42774528,20824064,100.0,0.3,6.0,4.0,2:30,0,28278784,56700928,0,7232512,0.0,42774528,324,2,278,44,0,12.8,0.8,0.0,86.5,0.0,0.0,0.0,0.0,15794.9 MiB,3674.4 MiB,2212.0 MiB,9908.4 MiB,4096.0 MiB,3452.5 MiB,643.5 MiB,12887.2 MiB,,2,30.87
10,2017-07-11,nbody_50000000_original,7.10.1,nbody_6_original.js 50000000,129,1695223043,2840383,node,152.05,630960128,42774528,20824064,100.0,0.3,6.0,0.0,2:32,0,28278784,56700928,0,7232512,0.0,42774528,324,2,278,44,0,12.7,1.5,0.0,85.8,0.0,0.0,0.0,0.0,15794.9 MiB,3673.9 MiB,2212.5 MiB,9908.5 MiB,4096.0 MiB,3452.5 MiB,643.5 MiB,12886.7 MiB,,2,32.05
10,2017-07-11,nbody_50000000_original,7.10.1,nbody_6_original.js 50000000,130,1695223045,2840383,node,153.23,630960128,42774528,20824064,100.0,0.3,6.0,0.0,2:33,0,28278784,56700928,0,7232512,0.0,42774528,324,2,278,44,0,12.7,1.5,0.0,85.8,0.0,0.0,0.0,0.0,15794.9 MiB,3673.6 MiB,2212.8 MiB,9908.5 MiB,4096.0 MiB,3452.5 MiB,643.5 MiB,12886.4 MiB,,2,33.23
10,2017-07-11,nbody_50000000_original,7.10.1,nbody_6_original.js 50000000,131,1695223046,2840383,node,154.4,630960128,42774528,20824064,100.0,0.3,6.0,0.0,2:34,0,28278784,56700928,0,7232512,0.0,42774528,324,2,278,44,0,12.8,1.5,0.0,85.7,0.0,0.0,0.0,0.0,15794.9 MiB,3673.6 MiB,2212.8 MiB,9908.5 MiB,4096.0 MiB,3452.5 MiB,643.5 MiB,12886.4 MiB,,2,34.40
10,2017-07-11,nbody_50000000_original,7.10.1,nbody_6_original.js 50000000,132,1695223047,2840383,node,155.57999999999998,630960128,42774528,20824064,100.0,0.3,6.0,0.0,2:35,0,28278784,56700928,0,7232512,0.0,42774528,324,2,278,44,0,13.3,0.7,0.0,85.9,0.0,0.0,0.0,0.0,15794.9 MiB,3673.6 MiB,2212.8 MiB,9908.5 MiB,4096.0 MiB,3452.5 MiB,643.5 MiB,12886.4 MiB,,2,35.58
1,2019-12-17,nbody_50000000_original,8.17.0,nbody_6_original.js 50000000,0,1695223497,2842077,node,0.16,884424704,33861632,23400448,100.0,0.2,6.0,4.0,0:00,0,28782592,47648768,0,3428352,0.0,33861632,327,2,281,44,0,13.6,1.5,0.0,84.1,0.8,0.0,0.0,0.0,15794.9 MiB,3777.4 MiB,2199.6 MiB,9817.8 MiB,4096.0 MiB,3452.5 MiB,643.5 MiB,12972.6 MiB,,0,00.16
1,2019-12-17,nbody_50000000_original,8.17.0,nbody_6_original.js 50000000,1,1695223498,2842077,node,1.33,884424704,33861632,23400448,100.0,0.2,6.0,4.0,0:01,0,28782592,47648768,0,3428352,0.0,33861632,327,2,281,44,0,12.2,1.5,0.0,86.3,0.0,0.0,0.0,0.0,15794.9 MiB,3776.2 MiB,2200.6 MiB,9818.1 MiB,4096.0 MiB,3452.5 MiB,643.5 MiB,12971.4 MiB,,0,01.33
1,2019-12-17,nbody_50000000_original,8.17.0,nbody_6_original.js 50000000,2,1695223499,2842077,node,2.51,884424704,33861632,23400448,100.0,0.2,6.0,0.0,0:02,0,28782592,47648768,0,3428352,0.0,33861632,327,2,281,44,0,12.7,2.2,0.0,84.3,0.0,0.0,0.7,0.0,15794.9 MiB,3783.1 MiB,2200.7 MiB,9811.1 MiB,4096.0 MiB,3452.5 MiB,643.5 MiB,12978.3 MiB,,0,02.51
1,2019-12-17,nbody_50000000_original,8.17.0,nbody_6_original.js 50000000,3,1695223500,2842077,node,3.68,884424704,33861632,23400448,100.0,0.2,6.0,0.0,0:03,0,28782592,47648768,0,3428352,0.0,33861632,327,2,281,44,0,14.7,1.6,0.0,83.7,0.0,0.0,0.0,0.0,15794.9 MiB,3781.9 MiB,2201.9 MiB,9811.1 MiB,4096.0 MiB,3452.5 MiB,643.5 MiB,12977.1 MiB,,0,03.68
2,2019-12-17,nbody_50000000_original,8.17.0,nbody_6_original.js 50000000,0,1695223502,2842117,node,0.16,884424704,33619968,23162880,100.0,0.2,6.0,6.0,0:00,0,28782592,47648768,0,3398656,0.0,33619968,327,2,281,44,0,12.2,2.3,0.0,85.5,0.0,0.0,0.0,0.0,15794.9 MiB,3777.5 MiB,2199.3 MiB,9818.1 MiB,4096.0 MiB,3452.5 MiB,643.5 MiB,12972.7 MiB,,0,00.16
2,2019-12-17,nbody_50000000_original,8.17.0,nbody_6_original.js 50000000,1,1695223503,2842117,node,1.34,884424704,33619968,23162880,106.7,0.2,6.0,6.0,0:01,0,28782592,47648768,0,3398656,0.0,33619968,327,2,281,44,0,12.9,1.5,0.0,84.8,0.8,0.0,0.0,0.0,15794.9 MiB,3776.0 MiB,2200.8 MiB,9818.1 MiB,4096.0 MiB,3452.5 MiB,643.5 MiB,12971.2 MiB,,0,01.34
2,2019-12-17,nbody_50000000_original,8.17.0,nbody_6_original.js 50000000,2,1695223504,2842117,node,2.51,884424704,33619968,23162880,100.0,0.2,6.0,6.0,0:02,0,28782592,47648768,0,3398656,0.0,33619968,327,2,281,44,0,13.1,0.0,0.0,86.9,0.0,0.0,0.0,0.0,15794.9 MiB,3783.9 MiB,2199.9 MiB,9811.1 MiB,4096.0 MiB,3452.5 MiB,643.5 MiB,12979.1 MiB,,0,02.51
2,2019-12-17,nbody_50000000_original,8.17.0,nbody_6_original.js 50000000,3,1695223505,2842117,node,3.68,884424704,33619968,23162880,100.0,0.2,6.0,6.0,0:03,0,28782592,47648768,0,3398656,0.0,33619968,327,2,281,44,0,12.9,1.5,0.0,85.6,0.0,0.0,0.0,0.0,15794.9 MiB,3782.9 MiB,2200.9 MiB,9811.1 MiB,4096.0 MiB,3452.5 MiB,643.5 MiB,12978.1 MiB,,0,03.68
3,2019-12-17,nbody_50000000_original,8.17.0,nbody_6_original.js 50000000,0,1695223506,2842147,node,0.16,884424704,33714176,23273472,100.0,0.2,6.0,3.0,0:00,0,28782592,47648768,0,3395584,0.0,33714176,327,2,281,44,0,13.1,1.5,0.0,85.4,0.0,0.0,0.0,0.0,15794.9 MiB,3776.5 MiB,2200.3 MiB,9818.1 MiB,4096.0 MiB,3452.5 MiB,643.5 MiB,12971.8 MiB,,0,00.16
3,2019-12-17,nbody_50000000_original,8.17.0,nbody_6_original.js 50000000,1,1695223508,2842147,node,1.34,884424704,33714176,23273472,100.0,0.2,6.0,3.0,0:01,0,28782592,47648768,0,3395584,0.0,33714176,327,2,281,44,0,12.1,1.5,0.0,86.4,0.0,0.0,0.0,0.0,15794.9 MiB,3776.5 MiB,2200.3 MiB,9818.1 MiB,4096.0 MiB,3452.5 MiB,643.5 MiB,12971.8 MiB,,0,01.34
3,2019-12-17,nbody_50000000_original,8.17.0,nbody_6_original.js 50000000,2,1695223509,2842147,node,2.51,884424704,33714176,23273472,106.7,0.2,6.0,7.0,0:02,0,28782592,47648768,0,3395584,0.0,33714176,327,2,281,44,0,12.9,0.8,0.0,86.4,0.0,0.0,0.0,0.0,15794.9 MiB,3781.0 MiB,2202.8 MiB,9811.1 MiB,4096.0 MiB,3452.5 MiB,643.5 MiB,12976.2 MiB,,0,02.51
3,2019-12-17,nbody_50000000_original,8.17.0,nbody_6_original.js 50000000,3,1695223510,2842147,node,3.68,884424704,33714176,23273472,100.0,0.2,6.0,7.0,0:03,0,28782592,47648768,0,3395584,0.0,33714176,327,2,281,44,0,13.6,0.8,0.0,85.6,0.0,0.0,0.0,0.0,15794.9 MiB,3779.7 MiB,2204.1 MiB,9811.1 MiB,4096.0 MiB,3452.5 MiB,643.5 MiB,12975.0 MiB,,0,03.68
4,2019-12-17,nbody_50000000_original,8.17.0,nbody_6_original.js 50000000,0,1695223511,2842181,node,0.16,884416512,33677312,23216128,100.0,0.2,6.0,3.0,0:00,0,28782592,47640576,0,3416064,0.0,33677312,327,2,281,44,0,13.7,0.8,0.0,85.5,0.0,0.0,0.0,0.0,15794.9 MiB,3773.1 MiB,2203.7 MiB,9818.1 MiB,4096.0 MiB,3452.5 MiB,643.5 MiB,12968.3 MiB,,0,00.16
4,2019-12-17,nbody_50000000_original,8.17.0,nbody_6_original.js 50000000,1,1695223512,2842181,node,1.33,884416512,33677312,23216128,93.8,0.2,6.0,3.0,0:01,0,28782592,47640576,0,3416064,0.0,33677312,327,2,281,44,0,13.1,0.8,0.0,86.2,0.0,0.0,0.0,0.0,15794.9 MiB,3771.9 MiB,2204.9 MiB,9818.1 MiB,4096.0 MiB,3452.5 MiB,643.5 MiB,12967.1 MiB,,0,01.33
4,2019-12-17,nbody_50000000_original,8.17.0,nbody_6_original.js 50000000,2,1695223513,2842181,node,2.5,884416512,33677312,23216128,93.8,0.2,6.0,3.0,0:02,0,28782592,47640576,0,3416064,0.0,33677312,327,2,281,44,0,12.9,1.5,0.0,84.8,0.8,0.0,0.0,0.0,15794.9 MiB,3777.8 MiB,2205.8 MiB,9811.2 MiB,4096.0 MiB,3452.5 MiB,643.5 MiB,12973.0 MiB,,0,02.50
4,2019-12-17,nbody_50000000_original,8.17.0,nbody_6_original.js 50000000,3,1695223515,2842181,node,3.68,884416512,33677312,23216128,106.7,0.2,6.0,3.0,0:03,0,28782592,47640576,0,3416064,0.0,33677312,327,2,281,44,0,13.5,1.5,0.0,85.0,0.0,0.0,0.0,0.0,15794.9 MiB,3779.3 MiB,2204.5 MiB,9811.1 MiB,4096.0 MiB,3452.5 MiB,643.5 MiB,12974.5 MiB,,0,03.68
5,2019-12-17,nbody_50000000_original,8.17.0,nbody_6_original.js 50000000,0,1695223516,2842211,node,0.16,884424704,33800192,23363584,100.0,0.2,6.0,5.0,0:00,0,28782592,47648768,0,3404800,0.0,33800192,327,2,281,44,0,13.1,1.5,0.0,85.4,0.0,0.0,0.0,0.0,15794.9 MiB,3774.7 MiB,2202.1 MiB,9818.1 MiB,4096.0 MiB,3452.5 MiB,643.5 MiB,12969.9 MiB,,0,00.16
5,2019-12-17,nbody_50000000_original,8.17.0,nbody_6_original.js 50000000,1,1695223517,2842211,node,1.33,884424704,33800192,23363584,93.8,0.2,6.0,1.0,0:01,0,28782592,47648768,0,3404800,0.0,33800192,327,2,281,44,0,12.3,0.8,0.0,86.9,0.0,0.0,0.0,0.0,15794.9 MiB,3774.1 MiB,2202.7 MiB,9818.1 MiB,4096.0 MiB,3452.5 MiB,643.5 MiB,12969.4 MiB,,0,01.33
5,2019-12-17,nbody_50000000_original,8.17.0,nbody_6_original.js 50000000,2,1695223518,2842211,node,2.5,884424704,33800192,23363584,93.8,0.2,6.0,5.0,0:02,0,28782592,47648768,0,3404800,0.0,33800192,327,2,281,44,0,12.9,1.5,0.0,85.6,0.0,0.0,0.0,0.0,15794.9 MiB,3777.3 MiB,2206.5 MiB,9811.1 MiB,4096.0 MiB,3452.5 MiB,643.5 MiB,12972.6 MiB,,0,02.50
5,2019-12-17,nbody_50000000_original,8.17.0,nbody_6_original.js 50000000,3,1695223519,2842211,node,3.68,884424704,33800192,23363584,100.0,0.2,6.0,5.0,0:03,0,28782592,47648768,0,3404800,0.0,33800192,327,2,281,44,0,13.7,0.0,0.0,86.3,0.0,0.0,0.0,0.0,15794.9 MiB,3776.8 MiB,2206.9 MiB,9811.1 MiB,4096.0 MiB,3452.5 MiB,643.5 MiB,12972.1 MiB,,0,03.68
6,2019-12-17,nbody_50000000_original,8.17.0,nbody_6_original.js 50000000,0,1695223520,2842245,node,0.16,884416512,33804288,23371776,106.7,0.2,6.0,6.0,0:00,0,28782592,47640576,0,3410944,0.0,33804288,327,2,281,44,0,13.5,3.0,0.0,82.7,0.0,0.0,0.8,0.0,15794.9 MiB,3771.2 MiB,2205.7 MiB,9818.0 MiB,4096.0 MiB,3452.5 MiB,643.5 MiB,12966.4 MiB,,0,00.16
6,2019-12-17,nbody_50000000_original,8.17.0,nbody_6_original.js 50000000,1,1695223522,2842245,node,1.34,884416512,33804288,23371776,100.0,0.2,6.0,2.0,0:01,0,28782592,47640576,0,3410944,0.0,33804288,327,2,281,44,0,13.7,0.0,0.0,86.3,0.0,0.0,0.0,0.0,15794.9 MiB,3771.2 MiB,2205.6 MiB,9818.1 MiB,4096.0 MiB,3452.5 MiB,643.5 MiB,12966.4 MiB,,0,01.34
6,2019-12-17,nbody_50000000_original,8.17.0,nbody_6_original.js 50000000,2,1695223523,2842245,node,2.51,884416512,33804288,23371776,100.0,0.2,6.0,6.0,0:02,0,28782592,47640576,0,3410944,0.0,33804288,327,2,281,44,0,12.9,1.5,0.0,85.6,0.0,0.0,0.0,0.0,15794.9 MiB,3778.3 MiB,2205.4 MiB,9811.1 MiB,4096.0 MiB,3452.5 MiB,643.5 MiB,12973.6 MiB,,0,02.51
6,2019-12-17,nbody_50000000_original,8.17.0,nbody_6_original.js 50000000,3,1695223524,2842245,node,3.68,884416512,33804288,23371776,106.7,0.2,6.0,6.0,0:03,0,28782592,47640576,0,3410944,0.0,33804288,327,2,281,44,0,12.9,0.8,0.0,84.8,1.5,0.0,0.0,0.0,15794.9 MiB,3777.6 MiB,2206.2 MiB,9811.1 MiB,4096.0 MiB,3452.5 MiB,643.5 MiB,12972.8 MiB,,0,03.68
7,2019-12-17,nbody_50000000_original,8.17.0,nbody_6_original.js 50000000,0,1695223525,2842275,node,0.16,884416512,33849344,23412736,100.0,0.2,6.0,2.0,0:00,0,28782592,47640576,0,3402752,0.0,33849344,327,2,281,44,0,13.7,0.8,0.0,85.5,0.0,0.0,0.0,0.0,15794.9 MiB,3774.1 MiB,2202.6 MiB,9818.1 MiB,4096.0 MiB,3452.5 MiB,643.5 MiB,12969.4 MiB,,0,00.16
7,2019-12-17,nbody_50000000_original,8.17.0,nbody_6_original.js 50000000,1,1695223526,2842275,node,1.34,884416512,33849344,23412736,106.7,0.2,6.0,2.0,0:01,0,28782592,47640576,0,3402752,0.0,33849344,327,2,281,44,0,13.5,1.5,0.0,85.0,0.0,0.0,0.0,0.0,15794.9 MiB,3772.9 MiB,2203.8 MiB,9818.1 MiB,4096.0 MiB,3452.5 MiB,643.5 MiB,12968.2 MiB,,0,01.34
7,2019-12-17,nbody_50000000_original,8.17.0,nbody_6_original.js 50000000,2,1695223527,2842275,node,2.51,884416512,33849344,23412736,100.0,0.2,6.0,2.0,0:02,0,28782592,47640576,0,3402752,0.0,33849344,327,2,281,44,0,12.8,2.3,0.0,85.0,0.0,0.0,0.0,0.0,15794.9 MiB,3778.6 MiB,2205.2 MiB,9811.1 MiB,4096.0 MiB,3452.5 MiB,643.5 MiB,12973.8 MiB,,0,02.51
7,2019-12-17,nbody_50000000_original,8.17.0,nbody_6_original.js 50000000,3,1695223529,2842275,node,3.68,884416512,33849344,23412736,100.0,0.2,6.0,2.0,0:03,0,28782592,47640576,0,3402752,0.0,33849344,327,2,281,44,0,13.6,0.8,0.0,85.6,0.0,0.0,0.0,0.0,15794.9 MiB,3778.1 MiB,2205.7 MiB,9811.1 MiB,4096.0 MiB,3452.5 MiB,643.5 MiB,12973.4 MiB,,0,03.68
8,2019-12-17,nbody_50000000_original,8.17.0,nbody_6_original.js 50000000,0,1695223530,2842312,node,0.16,884424704,33775616,23318528,100.0,0.2,6.0,5.0,0:00,0,28782592,47648768,0,3412992,0.0,33775616,327,2,281,44,0,14.5,0.8,0.0,84.7,0.0,0.0,0.0,0.0,15794.9 MiB,3783.5 MiB,2193.2 MiB,9818.1 MiB,4096.0 MiB,3452.5 MiB,643.5 MiB,12978.8 MiB,,0,00.16
8,2019-12-17,nbody_50000000_original,8.17.0,nbody_6_original.js 50000000,1,1695223531,2842312,node,1.34,884424704,33775616,23318528,100.0,0.2,6.0,5.0,0:01,0,28782592,47648768,0,3412992,0.0,33775616,327,2,281,44,0,12.9,1.5,0.0,85.6,0.0,0.0,0.0,0.0,15794.9 MiB,3782.0 MiB,2194.7 MiB,9818.1 MiB,4096.0 MiB,3452.5 MiB,643.5 MiB,12977.3 MiB,,0,01.34
8,2019-12-17,nbody_50000000_original,8.17.0,nbody_6_original.js 50000000,2,1695223532,2842312,node,2.51,884424704,33775616,23318528,106.7,0.2,6.0,5.0,0:02,0,28782592,47648768,0,3412992,0.0,33775616,328,2,282,44,0,13.0,0.8,0.0,86.3,0.0,0.0,0.0,0.0,15794.9 MiB,3782.8 MiB,2201.0 MiB,9811.1 MiB,4096.0 MiB,3452.5 MiB,643.5 MiB,12978.1 MiB,,0,02.51
8,2019-12-17,nbody_50000000_original,8.17.0,nbody_6_original.js 50000000,3,1695223533,2842312,node,3.68,884424704,33775616,23318528,100.0,0.2,6.0,5.0,0:03,0,28782592,47648768,0,3412992,0.0,33775616,328,2,282,44,0,13.0,0.8,0.0,86.3,0.0,0.0,0.0,0.0,15794.9 MiB,3782.5 MiB,2201.2 MiB,9811.1 MiB,4096.0 MiB,3452.5 MiB,643.5 MiB,12977.8 MiB,,0,03.68
9,2019-12-17,nbody_50000000_original,8.17.0,nbody_6_original.js 50000000,0,1695223535,2842343,node,0.16,884424704,33808384,23359488,100.0,0.2,6.0,7.0,0:00,0,28782592,47648768,0,3409920,0.0,33808384,328,2,282,44,0,14.4,1.5,0.0,84.1,0.0,0.0,0.0,0.0,15794.9 MiB,3770.8 MiB,2206.1 MiB,9818.0 MiB,4096.0 MiB,3452.5 MiB,643.5 MiB,12966.1 MiB,,0,00.16
9,2019-12-17,nbody_50000000_original,8.17.0,nbody_6_original.js 50000000,1,1695223536,2842343,node,1.33,884424704,33808384,23359488,93.8,0.2,6.0,7.0,0:01,0,28782592,47648768,0,3409920,0.0,33808384,327,2,281,44,0,12.9,1.5,0.0,85.6,0.0,0.0,0.0,0.0,15794.9 MiB,3770.2 MiB,2206.5 MiB,9818.1 MiB,4096.0 MiB,3452.5 MiB,643.5 MiB,12965.5 MiB,,0,01.33
9,2019-12-17,nbody_50000000_original,8.17.0,nbody_6_original.js 50000000,2,1695223537,2842343,node,2.5,884424704,33808384,23359488,93.8,0.2,6.0,7.0,0:02,0,28782592,47648768,0,3409920,0.0,33808384,327,2,281,44,0,13.0,0.8,0.0,86.3,0.0,0.0,0.0,0.0,15794.9 MiB,3777.3 MiB,2206.4 MiB,9811.1 MiB,4096.0 MiB,3452.5 MiB,643.5 MiB,12972.6 MiB,,0,02.50
9,2019-12-17,nbody_50000000_original,8.17.0,nbody_6_original.js 50000000,3,1695223538,2842343,node,3.68,884424704,33808384,23359488,106.7,0.2,6.0,3.0,0:03,0,28782592,47648768,0,3409920,0.0,33808384,327,2,281,44,0,13.1,0.0,0.0,86.9,0.0,0.0,0.0,0.0,15794.9 MiB,3777.1 MiB,2206.6 MiB,9811.1 MiB,4096.0 MiB,3452.5 MiB,643.5 MiB,12972.4 MiB,,0,03.68
10,2019-12-17,nbody_50000000_original,8.17.0,nbody_6_original.js 50000000,0,1695223539,2842373,node,0.16,884424704,33206272,23040000,100.0,0.2,6.0,2.0,0:00,0,28782592,47648768,0,3390464,0.0,33206272,327,2,281,44,0,13.6,1.5,0.0,84.8,0.0,0.0,0.0,0.0,15794.9 MiB,3772.9 MiB,2203.8 MiB,9818.1 MiB,4096.0 MiB,3452.5 MiB,643.5 MiB,12968.2 MiB,,0,00.16
10,2019-12-17,nbody_50000000_original,8.17.0,nbody_6_original.js 50000000,1,1695223540,2842373,node,1.34,884424704,33206272,23040000,100.0,0.2,6.0,2.0,0:01,0,28782592,47648768,0,3390464,0.0,33206272,327,2,281,44,0,12.3,0.8,0.0,86.9,0.0,0.0,0.0,0.0,15794.9 MiB,3771.9 MiB,2204.8 MiB,9818.1 MiB,4096.0 MiB,3452.5 MiB,643.5 MiB,12967.2 MiB,,0,01.34
10,2019-12-17,nbody_50000000_original,8.17.0,nbody_6_original.js 50000000,2,1695223542,2842373,node,2.51,884424704,33206272,23040000,100.0,0.2,6.0,2.0,0:02,0,28782592,47648768,0,3390464,0.0,33206272,327,2,281,44,0,13.0,0.8,0.0,86.3,0.0,0.0,0.0,0.0,15794.9 MiB,3779.7 MiB,2203.9 MiB,9811.3 MiB,4096.0 MiB,3452.5 MiB,643.5 MiB,12975.0 MiB,,0,02.51
10,2019-12-17,nbody_50000000_original,8.17.0,nbody_6_original.js 50000000,3,1695223543,2842373,node,3.68,884424704,33206272,23040000,100.0,0.2,6.0,2.0,0:03,0,28782592,47648768,0,3390464,0.0,33206272,327,2,281,44,0,13.0,0.8,0.0,86.3,0.0,0.0,0.0,0.0,15794.9 MiB,3780.0 MiB,2203.6 MiB,9811.3 MiB,4096.0 MiB,3452.5 MiB,643.5 MiB,12975.3 MiB,,0,03.68
1,2018-06-12,nbody_50000000_original,9.11.2,nbody_6_original.js 50000000,0,1695223991,2843268,node,0.16,884977664,34783232,23756800,106.7,0.2,6.0,6.0,0:00,0,28946432,48037888,0,3605504,0.0,34783232,326,2,280,44,0,14.4,1.5,0.0,84.1,0.0,0.0,0.0,0.0,15794.9 MiB,3776.2 MiB,2199.1 MiB,9819.6 MiB,4096.0 MiB,3452.5 MiB,643.5 MiB,12973.3 MiB,,0,00.16
1,2018-06-12,nbody_50000000_original,9.11.2,nbody_6_original.js 50000000,1,1695223992,2843268,node,1.33,884977664,34783232,23756800,100.0,0.2,6.0,6.0,0:01,0,28946432,48037888,0,3605504,0.0,34783232,326,2,280,44,0,12.3,0.8,0.0,86.9,0.0,0.0,0.0,0.0,15794.9 MiB,3775.4 MiB,2199.4 MiB,9820.0 MiB,4096.0 MiB,3452.5 MiB,643.5 MiB,12972.6 MiB,,0,01.33
1,2018-06-12,nbody_50000000_original,9.11.2,nbody_6_original.js 50000000,2,1695223993,2843268,node,2.51,884977664,34783232,23756800,100.0,0.2,6.0,6.0,0:02,0,28946432,48037888,0,3605504,0.0,34783232,326,2,280,44,0,13.0,0.8,0.0,86.3,0.0,0.0,0.0,0.0,15794.9 MiB,3781.6 MiB,2200.1 MiB,9813.2 MiB,4096.0 MiB,3452.5 MiB,643.5 MiB,12978.8 MiB,,0,02.51
1,2018-06-12,nbody_50000000_original,9.11.2,nbody_6_original.js 50000000,3,1695223994,2843268,node,3.68,884977664,34783232,23756800,100.0,0.2,6.0,6.0,0:03,0,28946432,48037888,0,3605504,0.0,34783232,326,2,280,44,0,12.9,1.5,0.0,85.6,0.0,0.0,0.0,0.0,15794.9 MiB,3781.8 MiB,2200.0 MiB,9813.0 MiB,4096.0 MiB,3452.5 MiB,643.5 MiB,12979.0 MiB,,0,03.68
2,2018-06-12,nbody_50000000_original,9.11.2,nbody_6_original.js 50000000,0,1695223995,2843298,node,0.16,884953088,35115008,23818240,100.0,0.2,6.0,0.0,0:00,0,28946432,48013312,0,3710976,0.0,35115008,326,2,280,44,0,14.3,1.5,0.0,84.2,0.0,0.0,0.0,0.0,15794.9 MiB,3767.1 MiB,2207.8 MiB,9820.0 MiB,4096.0 MiB,3452.5 MiB,643.5 MiB,12964.3 MiB,,0,00.16
2,2018-06-12,nbody_50000000_original,9.11.2,nbody_6_original.js 50000000,1,1695223996,2843298,node,1.33,884953088,35115008,23818240,100.0,0.2,6.0,0.0,0:01,0,28946432,48013312,0,3710976,0.0,35115008,326,2,280,44,0,12.9,2.3,0.0,84.8,0.0,0.0,0.0,0.0,15794.9 MiB,3767.1 MiB,2207.8 MiB,9820.0 MiB,4096.0 MiB,3452.5 MiB,643.5 MiB,12964.3 MiB,,0,01.33
2,2018-06-12,nbody_50000000_original,9.11.2,nbody_6_original.js 50000000,2,1695223998,2843298,node,2.5,884953088,35115008,23818240,93.8,0.2,6.0,4.0,0:02,0,28946432,48013312,0,3710976,0.0,35115008,326,2,280,44,0,13.0,0.8,0.0,86.3,0.0,0.0,0.0,0.0,15794.9 MiB,3773.0 MiB,2208.8 MiB,9813.0 MiB,4096.0 MiB,3452.5 MiB,643.5 MiB,12970.2 MiB,,0,02.50
2,2018-06-12,nbody_50000000_original,9.11.2,nbody_6_original.js 50000000,3,1695223999,2843298,node,3.68,884953088,35115008,23818240,100.0,0.2,6.0,4.0,0:03,0,28946432,48013312,0,3710976,0.0,35115008,326,2,280,44,0,13.6,0.8,0.0,85.6,0.0,0.0,0.0,0.0,15794.9 MiB,3772.5 MiB,2209.3 MiB,9813.0 MiB,4096.0 MiB,3452.5 MiB,643.5 MiB,12969.7 MiB,,0,03.68
3,2018-06-12,nbody_50000000_original,9.11.2,nbody_6_original.js 50000000,0,1695224000,2843329,node,0.16,884953088,34791424,23764992,100.0,0.2,6.0,5.0,0:00,0,28946432,48013312,0,3616768,0.0,34791424,326,2,280,44,0,13.6,1.5,0.0,84.8,0.0,0.0,0.0,0.0,15794.9 MiB,3768.1 MiB,2206.8 MiB,9820.0 MiB,4096.0 MiB,3452.5 MiB,643.5 MiB,12965.3 MiB,,0,00.16
3,2018-06-12,nbody_50000000_original,9.11.2,nbody_6_original.js 50000000,1,1695224001,2843329,node,1.34,884953088,34791424,23764992,100.0,0.2,6.0,5.0,0:01,0,28946432,48013312,0,3616768,0.0,34791424,326,2,280,44,0,12.9,1.5,0.0,85.6,0.0,0.0,0.0,0.0,15794.9 MiB,3768.6 MiB,2206.3 MiB,9820.0 MiB,4096.0 MiB,3452.5 MiB,643.5 MiB,12965.8 MiB,,0,01.34
3,2018-06-12,nbody_50000000_original,9.11.2,nbody_6_original.js 50000000,2,1695224002,2843329,node,2.51,884953088,34791424,23764992,100.0,0.2,6.0,5.0,0:02,0,28946432,48013312,0,3616768,0.0,34791424,326,2,280,44,0,13.0,0.8,0.0,86.3,0.0,0.0,0.0,0.0,15794.9 MiB,3774.5 MiB,2207.3 MiB,9813.1 MiB,4096.0 MiB,3452.5 MiB,643.5 MiB,12971.7 MiB,,0,02.51
3,2018-06-12,nbody_50000000_original,9.11.2,nbody_6_original.js 50000000,3,1695224003,2843329,node,3.68,884953088,34791424,23764992,93.8,0.2,6.0,5.0,0:03,0,28946432,48013312,0,3616768,0.0,34791424,326,2,280,44,0,12.3,0.8,0.0,86.9,0.0,0.0,0.0,0.0,15794.9 MiB,3774.7 MiB,2207.0 MiB,9813.1 MiB,4096.0 MiB,3452.5 MiB,643.5 MiB,12971.9 MiB,,0,03.68
4,2018-06-12,nbody_50000000_original,9.11.2,nbody_6_original.js 50000000,0,1695224005,2843359,node,0.16,884977664,35344384,23777280,100.0,0.2,6.0,7.0,0:00,0,28946432,48037888,0,3737600,0.0,35344384,326,2,280,44,0,13.6,3.0,0.0,83.3,0.0,0.0,0.0,0.0,15794.9 MiB,3779.2 MiB,2195.6 MiB,9820.1 MiB,4096.0 MiB,3452.5 MiB,643.5 MiB,12976.4 MiB,,0,00.16
4,2018-06-12,nbody_50000000_original,9.11.2,nbody_6_original.js 50000000,1,1695224006,2843359,node,1.34,884977664,35344384,23777280,100.0,0.2,6.0,7.0,0:01,0,28946432,48037888,0,3737600,0.0,35344384,326,2,280,44,0,13.6,0.8,0.0,85.6,0.0,0.0,0.0,0.0,15794.9 MiB,3779.1 MiB,2195.7 MiB,9820.1 MiB,4096.0 MiB,3452.5 MiB,643.5 MiB,12976.4 MiB,,0,01.34
4,2018-06-12,nbody_50000000_original,9.11.2,nbody_6_original.js 50000000,2,1695224007,2843359,node,2.51,884977664,35344384,23777280,100.0,0.2,6.0,7.0,0:02,0,28946432,48037888,0,3737600,0.0,35344384,326,2,280,44,0,12.3,0.8,0.0,86.9,0.0,0.0,0.0,0.0,15794.9 MiB,3786.3 MiB,2195.5 MiB,9813.1 MiB,4096.0 MiB,3452.5 MiB,643.5 MiB,12983.5 MiB,,0,02.51
4,2018-06-12,nbody_50000000_original,9.11.2,nbody_6_original.js 50000000,3,1695224008,2843359,node,3.68,884977664,35344384,23777280,106.7,0.2,6.0,7.0,0:03,0,28946432,48037888,0,3737600,0.0,35344384,326,2,280,44,0,13.5,1.5,0.0,85.0,0.0,0.0,0.0,0.0,15794.9 MiB,3785.8 MiB,2196.0 MiB,9813.1 MiB,4096.0 MiB,3452.5 MiB,643.5 MiB,12983.0 MiB,,0,03.68
5,2018-06-12,nbody_50000000_original,9.11.2,nbody_6_original.js 50000000,0,1695224009,2843389,node,0.16,884977664,35057664,23777280,93.8,0.2,6.0,5.0,0:00,0,28946432,48037888,0,3667968,0.0,35057664,326,2,280,44,0,14.4,0.8,0.0,84.8,0.0,0.0,0.0,0.0,15794.9 MiB,3773.0 MiB,2201.8 MiB,9820.1 MiB,4096.0 MiB,3452.5 MiB,643.5 MiB,12970.2 MiB,,0,00.16
5,2018-06-12,nbody_50000000_original,9.11.2,nbody_6_original.js 50000000,1,1695224010,2843389,node,1.34,884977664,35057664,23777280,100.0,0.2,6.0,5.0,0:01,0,28946432,48037888,0,3667968,0.0,35057664,326,2,280,44,0,13.6,0.8,0.0,85.6,0.0,0.0,0.0,0.0,15794.9 MiB,3773.7 MiB,2201.1 MiB,9820.1 MiB,4096.0 MiB,3452.5 MiB,643.5 MiB,12971.0 MiB,,0,01.34
5,2018-06-12,nbody_50000000_original,9.11.2,nbody_6_original.js 50000000,2,1695224012,2843389,node,2.51,884977664,35057664,23777280,93.8,0.2,6.0,5.0,0:02,0,28946432,48037888,0,3667968,0.0,35057664,326,2,280,44,0,13.1,0.8,0.0,86.2,0.0,0.0,0.0,0.0,15794.9 MiB,3780.6 MiB,2201.2 MiB,9813.1 MiB,4096.0 MiB,3452.5 MiB,643.5 MiB,12977.9 MiB,,0,02.51
5,2018-06-12,nbody_50000000_original,9.11.2,nbody_6_original.js 50000000,3,1695224013,2843389,node,3.68,884977664,35057664,23777280,93.8,0.2,6.0,5.0,0:03,0,28946432,48037888,0,3667968,0.0,35057664,326,2,280,44,0,12.3,0.8,0.0,86.9,0.0,0.0,0.0,0.0,15794.9 MiB,3780.4 MiB,2201.4 MiB,9813.1 MiB,4096.0 MiB,3452.5 MiB,643.5 MiB,12977.6 MiB,,0,03.68
6,2018-06-12,nbody_50000000_original,9.11.2,nbody_6_original.js 50000000,0,1695224014,2843423,node,0.16,884977664,34648064,23633920,106.7,0.2,6.0,6.0,0:00,0,28946432,48037888,0,3611648,0.0,34648064,326,2,280,44,0,14.3,1.5,0.0,83.5,0.8,0.0,0.0,0.0,15794.9 MiB,3774.0 MiB,2200.8 MiB,9820.1 MiB,4096.0 MiB,3452.5 MiB,643.5 MiB,12971.2 MiB,,0,00.16
6,2018-06-12,nbody_50000000_original,9.11.2,nbody_6_original.js 50000000,1,1695224015,2843423,node,1.34,884977664,34648064,23633920,100.0,0.2,6.0,6.0,0:01,0,28946432,48037888,0,3611648,0.0,34648064,326,2,280,44,0,13.6,0.8,0.0,85.6,0.0,0.0,0.0,0.0,15794.9 MiB,3774.0 MiB,2200.8 MiB,9820.1 MiB,4096.0 MiB,3452.5 MiB,643.5 MiB,12971.2 MiB,,0,01.34
6,2018-06-12,nbody_50000000_original,9.11.2,nbody_6_original.js 50000000,2,1695224016,2843423,node,2.51,884977664,34648064,23633920,100.0,0.2,6.0,6.0,0:02,0,28946432,48037888,0,3611648,0.0,34648064,326,2,280,44,0,12.2,0.8,0.0,87.0,0.0,0.0,0.0,0.0,15794.9 MiB,3778.5 MiB,2203.3 MiB,9813.1 MiB,4096.0 MiB,3452.5 MiB,643.5 MiB,12975.7 MiB,,0,02.51
6,2018-06-12,nbody_50000000_original,9.11.2,nbody_6_original.js 50000000,3,1695224018,2843423,node,3.69,884977664,34648064,23633920,100.0,0.2,6.0,6.0,0:03,0,28946432,48037888,0,3611648,0.0,34648064,326,2,280,44,0,13.0,0.8,0.0,86.3,0.0,0.0,0.0,0.0,15794.9 MiB,3778.0 MiB,2203.8 MiB,9813.1 MiB,4096.0 MiB,3452.5 MiB,643.5 MiB,12975.2 MiB,,0,03.69
7,2018-06-12,nbody_50000000_original,9.11.2,nbody_6_original.js 50000000,0,1695224019,2843453,node,0.16,884977664,35184640,23863296,100.0,0.2,6.0,0.0,0:00,0,28946432,48037888,0,3674112,0.0,35184640,326,2,280,44,0,13.6,2.3,0.0,84.1,0.0,0.0,0.0,0.0,15794.9 MiB,3765.2 MiB,2209.6 MiB,9820.1 MiB,4096.0 MiB,3452.5 MiB,643.5 MiB,12962.4 MiB,,0,00.16
7,2018-06-12,nbody_50000000_original,9.11.2,nbody_6_original.js 50000000,1,1695224020,2843453,node,1.33,884977664,35184640,23863296,106.7,0.2,6.0,0.0,0:01,0,28946432,48037888,0,3674112,0.0,35184640,326,2,280,44,0,13.1,0.8,0.0,85.4,0.8,0.0,0.0,0.0,15794.9 MiB,3763.9 MiB,2210.8 MiB,9820.1 MiB,4096.0 MiB,3452.5 MiB,643.5 MiB,12961.2 MiB,,0,01.33
7,2018-06-12,nbody_50000000_original,9.11.2,nbody_6_original.js 50000000,2,1695224021,2843453,node,2.5,884977664,35184640,23863296,93.8,0.2,6.0,0.0,0:02,0,28946432,48037888,0,3674112,0.0,35184640,326,2,280,44,0,13.0,0.8,0.0,86.3,0.0,0.0,0.0,0.0,15794.9 MiB,3767.4 MiB,2214.3 MiB,9813.1 MiB,4096.0 MiB,3452.5 MiB,643.5 MiB,12964.6 MiB,,0,02.50
7,2018-06-12,nbody_50000000_original,9.11.2,nbody_6_original.js 50000000,3,1695224022,2843453,node,3.68,884977664,35184640,23863296,106.7,0.2,6.0,0.0,0:03,0,28946432,48037888,0,3674112,0.0,35184640,326,2,280,44,0,12.9,1.5,0.0,85.6,0.0,0.0,0.0,0.0,15794.9 MiB,3767.6 MiB,2214.1 MiB,9813.1 MiB,4096.0 MiB,3452.5 MiB,643.5 MiB,12964.9 MiB,,0,03.68
8,2018-06-12,nbody_50000000_original,9.11.2,nbody_6_original.js 50000000,0,1695224023,2843483,node,0.16,884953088,35115008,23818240,100.0,0.2,6.0,4.0,0:00,0,28946432,48013312,0,3684352,0.0,35115008,326,2,280,44,0,13.7,1.5,0.0,84.7,0.0,0.0,0.0,0.0,15794.9 MiB,3768.6 MiB,2206.2 MiB,9820.0 MiB,4096.0 MiB,3452.5 MiB,643.5 MiB,12965.9 MiB,,0,00.16
8,2018-06-12,nbody_50000000_original,9.11.2,nbody_6_original.js 50000000,1,1695224025,2843483,node,1.33,884953088,35115008,23818240,100.0,0.2,6.0,4.0,0:01,0,28946432,48013312,0,3684352,0.0,35115008,326,2,280,44,0,12.9,1.5,0.0,85.6,0.0,0.0,0.0,0.0,15794.9 MiB,3769.1 MiB,2205.6 MiB,9820.1 MiB,4096.0 MiB,3452.5 MiB,643.5 MiB,12966.4 MiB,,0,01.33
8,2018-06-12,nbody_50000000_original,9.11.2,nbody_6_original.js 50000000,2,1695224026,2843483,node,2.5,884953088,35115008,23818240,100.0,0.2,6.0,0.0,0:02,0,28946432,48013312,0,3684352,0.0,35115008,326,2,280,44,0,12.9,1.5,0.0,84.8,0.8,0.0,0.0,0.0,15794.9 MiB,3776.5 MiB,2205.2 MiB,9813.2 MiB,4096.0 MiB,3452.5 MiB,643.5 MiB,12973.8 MiB,,0,02.50
8,2018-06-12,nbody_50000000_original,9.11.2,nbody_6_original.js 50000000,3,1695224027,2843483,node,3.68,884953088,35115008,23818240,100.0,0.2,6.0,4.0,0:03,0,28946432,48013312,0,3684352,0.0,35115008,326,2,280,44,0,12.3,0.8,0.0,86.9,0.0,0.0,0.0,0.0,15794.9 MiB,3776.0 MiB,2205.7 MiB,9813.2 MiB,4096.0 MiB,3452.5 MiB,643.5 MiB,12973.3 MiB,,0,03.68
9,2018-06-12,nbody_50000000_original,9.11.2,nbody_6_original.js 50000000,0,1695224028,2843513,node,0.16,884977664,34816000,23764992,100.0,0.2,6.0,7.0,0:00,0,28946432,48037888,0,3616768,0.0,34816000,326,2,280,44,0,14.3,1.5,0.0,84.2,0.0,0.0,0.0,0.0,15794.9 MiB,3779.0 MiB,2195.7 MiB,9820.2 MiB,4096.0 MiB,3452.5 MiB,643.5 MiB,12976.2 MiB,,0,00.16
9,2018-06-12,nbody_50000000_original,9.11.2,nbody_6_original.js 50000000,1,1695224029,2843513,node,1.34,884977664,34816000,23764992,100.0,0.2,6.0,7.0,0:01,0,28946432,48037888,0,3616768,0.0,34816000,326,2,280,44,0,12.9,0.8,0.0,86.4,0.0,0.0,0.0,0.0,15794.9 MiB,3778.2 MiB,2196.5 MiB,9820.2 MiB,4096.0 MiB,3452.5 MiB,643.5 MiB,12975.5 MiB,,0,01.34
9,2018-06-12,nbody_50000000_original,9.11.2,nbody_6_original.js 50000000,2,1695224030,2843513,node,2.51,884977664,34816000,23764992,100.0,0.2,6.0,7.0,0:02,0,28946432,48037888,0,3616768,0.0,34816000,326,2,280,44,0,12.1,1.5,0.0,85.6,0.0,0.0,0.8,0.0,15794.9 MiB,3785.1 MiB,2196.4 MiB,9813.3 MiB,4096.0 MiB,3452.5 MiB,643.5 MiB,12982.4 MiB,,0,02.51
9,2018-06-12,nbody_50000000_original,9.11.2,nbody_6_original.js 50000000,3,1695224032,2843513,node,3.68,884977664,34816000,23764992,106.7,0.2,6.0,7.0,0:03,0,28946432,48037888,0,3616768,0.0,34816000,326,2,280,44,0,13.0,0.8,0.0,86.3,0.0,0.0,0.0,0.0,15794.9 MiB,3784.4 MiB,2197.3 MiB,9813.2 MiB,4096.0 MiB,3452.5 MiB,643.5 MiB,12981.6 MiB,,0,03.68
10,2018-06-12,nbody_50000000_original,9.11.2,nbody_6_original.js 50000000,0,1695224033,2843543,node,0.16,884977664,35094528,23814144,100.0,0.2,6.0,3.0,0:00,0,28946432,48037888,0,3679232,0.0,35094528,326,2,280,44,0,13.6,1.5,0.0,84.8,0.0,0.0,0.0,0.0,15794.9 MiB,3776.5 MiB,2198.2 MiB,9820.2 MiB,4096.0 MiB,3452.5 MiB,643.5 MiB,12973.8 MiB,,0,00.16
10,2018-06-12,nbody_50000000_original,9.11.2,nbody_6_original.js 50000000,1,1695224034,2843543,node,1.34,884977664,35094528,23814144,106.7,0.2,6.0,3.0,0:01,0,28946432,48037888,0,3679232,0.0,35094528,326,2,280,44,0,13.8,0.0,0.0,86.2,0.0,0.0,0.0,0.0,15794.9 MiB,3776.3 MiB,2198.4 MiB,9820.2 MiB,4096.0 MiB,3452.5 MiB,643.5 MiB,12973.5 MiB,,0,01.34
10,2018-06-12,nbody_50000000_original,9.11.2,nbody_6_original.js 50000000,2,1695224035,2843543,node,2.51,884977664,35094528,23814144,100.0,0.2,6.0,3.0,0:02,0,28946432,48037888,0,3679232,0.0,35094528,326,2,280,44,0,12.9,0.8,0.0,86.4,0.0,0.0,0.0,0.0,15794.9 MiB,3783.9 MiB,2197.8 MiB,9813.2 MiB,4096.0 MiB,3452.5 MiB,643.5 MiB,12981.2 MiB,,0,02.51
10,2018-06-12,nbody_50000000_original,9.11.2,nbody_6_original.js 50000000,3,1695224036,2843543,node,3.68,884977664,35094528,23814144,100.0,0.2,6.0,3.0,0:03,0,28946432,48037888,0,3679232,0.0,35094528,326,2,280,44,0,13.6,0.0,0.0,86.4,0.0,0.0,0.0,0.0,15794.9 MiB,3782.4 MiB,2199.3 MiB,9813.2 MiB,4096.0 MiB,3452.5 MiB,643.5 MiB,12979.7 MiB,,0,03.68
1,2021-04-06,nbody_50000000_original,10.24.1,nbody_6_original.js 50000000,0,1695224485,2844443,node,0.16,561876992,35782656,26533888,93.8,0.2,7.0,0.0,0:00,0,33873920,52518912,0,3383296,0.0,35782656,327,2,281,44,0,14.1,2.2,0.0,82.2,1.5,0.0,0.0,0.0,15794.9 MiB,3787.1 MiB,2185.1 MiB,9822.7 MiB,4096.0 MiB,3452.5 MiB,643.5 MiB,12987.2 MiB,,0,00.16
1,2021-04-06,nbody_50000000_original,10.24.1,nbody_6_original.js 50000000,1,1695224486,2844443,node,1.33,561876992,35782656,26533888,93.8,0.2,7.0,0.0,0:01,0,33873920,52518912,0,3383296,0.0,35782656,327,2,281,44,0,12.2,1.5,0.0,86.3,0.0,0.0,0.0,0.0,15794.9 MiB,3786.1 MiB,2185.7 MiB,9823.1 MiB,4096.0 MiB,3452.5 MiB,643.5 MiB,12986.3 MiB,,0,01.33
1,2021-04-06,nbody_50000000_original,10.24.1,nbody_6_original.js 50000000,2,1695224488,2844443,node,2.51,561876992,35782656,26533888,106.7,0.2,7.0,0.0,0:02,0,33873920,52518912,0,3383296,0.0,35782656,327,2,281,44,0,13.0,0.0,0.0,87.0,0.0,0.0,0.0,0.0,15794.9 MiB,3792.8 MiB,2185.9 MiB,9816.2 MiB,4096.0 MiB,3452.5 MiB,643.5 MiB,12993.0 MiB,,0,02.51
1,2021-04-06,nbody_50000000_original,10.24.1,nbody_6_original.js 50000000,3,1695224489,2844443,node,3.68,561876992,35782656,26533888,93.8,0.2,7.0,0.0,0:03,0,33873920,52518912,0,3383296,0.0,35782656,327,2,281,44,0,13.0,0.8,0.0,86.3,0.0,0.0,0.0,0.0,15794.9 MiB,3791.8 MiB,2187.0 MiB,9816.1 MiB,4096.0 MiB,3452.5 MiB,643.5 MiB,12992.0 MiB,,0,03.68
2,2021-04-06,nbody_50000000_original,10.24.1,nbody_6_original.js 50000000,0,1695224490,2844474,node,0.16,561876992,36130816,26513408,100.0,0.2,7.0,3.0,0:00,0,33873920,52518912,0,3495936,0.0,36130816,327,2,281,44,0,13.8,1.5,0.0,84.6,0.0,0.0,0.0,0.0,15794.9 MiB,3778.7 MiB,2193.0 MiB,9823.1 MiB,4096.0 MiB,3452.5 MiB,643.5 MiB,12979.0 MiB,,0,00.16
2,2021-04-06,nbody_50000000_original,10.24.1,nbody_6_original.js 50000000,1,1695224491,2844474,node,1.33,561876992,36130816,26513408,100.0,0.2,7.0,3.0,0:01,0,33873920,52518912,0,3495936,0.0,36130816,327,2,281,44,0,12.9,1.5,0.0,85.6,0.0,0.0,0.0,0.0,15794.9 MiB,3779.0 MiB,2192.8 MiB,9823.1 MiB,4096.0 MiB,3452.5 MiB,643.5 MiB,12979.2 MiB,,0,01.33
2,2021-04-06,nbody_50000000_original,10.24.1,nbody_6_original.js 50000000,2,1695224492,2844474,node,2.51,561876992,36130816,26513408,100.0,0.2,7.0,7.0,0:02,0,33873920,52518912,0,3495936,0.0,36130816,326,2,280,44,0,13.5,1.5,0.0,82.7,2.3,0.0,0.0,0.0,15794.9 MiB,3778.0 MiB,2192.8 MiB,9824.0 MiB,4096.0 MiB,3452.5 MiB,643.5 MiB,12979.2 MiB,,0,02.51
2,2021-04-06,nbody_50000000_original,10.24.1,nbody_6_original.js 50000000,3,1695224494,2844474,node,3.68,561876992,36130816,26513408,93.8,0.2,7.0,7.0,0:03,0,33873920,52518912,0,3495936,0.0,36130816,326,2,280,44,0,13.0,0.8,0.0,86.3,0.0,0.0,0.0,0.0,15794.9 MiB,3777.5 MiB,2200.3 MiB,9817.0 MiB,4096.0 MiB,3452.5 MiB,643.5 MiB,12978.7 MiB,,0,03.68
3,2021-04-06,nbody_50000000_original,10.24.1,nbody_6_original.js 50000000,0,1695224495,2844505,node,0.16,561876992,36126720,26533888,100.0,0.2,7.0,2.0,0:00,0,33873920,52518912,0,3491840,0.0,36126720,326,2,280,44,0,13.6,1.5,0.0,84.8,0.0,0.0,0.0,0.0,15794.9 MiB,3777.0 MiB,2193.9 MiB,9824.0 MiB,4096.0 MiB,3452.5 MiB,643.5 MiB,12978.2 MiB,,0,00.16
3,2021-04-06,nbody_50000000_original,10.24.1,nbody_6_original.js 50000000,1,1695224496,2844505,node,1.34,561876992,36126720,26533888,100.0,0.2,7.0,2.0,0:01,0,33873920,52518912,0,3491840,0.0,36126720,326,2,280,44,0,12.8,1.5,0.0,85.7,0.0,0.0,0.0,0.0,15794.9 MiB,3777.3 MiB,2193.6 MiB,9824.0 MiB,4096.0 MiB,3452.5 MiB,643.5 MiB,12978.5 MiB,,0,01.34
3,2021-04-06,nbody_50000000_original,10.24.1,nbody_6_original.js 50000000,2,1695224497,2844505,node,2.51,561876992,36126720,26533888,93.8,0.2,7.0,6.0,0:02,0,33873920,52518912,0,3491840,0.0,36126720,326,2,280,44,0,13.1,0.8,0.0,86.2,0.0,0.0,0.0,0.0,15794.9 MiB,3784.4 MiB,2193.4 MiB,9817.0 MiB,4096.0 MiB,3452.5 MiB,643.5 MiB,12985.6 MiB,,0,02.51
3,2021-04-06,nbody_50000000_original,10.24.1,nbody_6_original.js 50000000,3,1695224498,2844505,node,3.68,561876992,36126720,26533888,93.8,0.2,7.0,6.0,0:03,0,33873920,52518912,0,3491840,0.0,36126720,326,2,280,44,0,12.9,0.8,0.0,86.4,0.0,0.0,0.0,0.0,15794.9 MiB,3782.9 MiB,2194.9 MiB,9817.0 MiB,4096.0 MiB,3452.5 MiB,643.5 MiB,12984.1 MiB,,0,03.68
4,2021-04-06,nbody_50000000_original,10.24.1,nbody_6_original.js 50000000,0,1695224499,2844536,node,0.17,561876992,35618816,26378240,100.0,0.2,7.0,1.0,0:00,0,33873920,52518912,0,3392512,0.0,35618816,326,2,280,44,0,15.2,0.8,0.0,84.1,0.0,0.0,0.0,0.0,15794.9 MiB,3782.0 MiB,2189.0 MiB,9823.9 MiB,4096.0 MiB,3452.5 MiB,643.5 MiB,12983.2 MiB,,0,00.17
4,2021-04-06,nbody_50000000_original,10.24.1,nbody_6_original.js 50000000,1,1695224501,2844536,node,1.34,561876992,35618816,26378240,106.7,0.2,7.0,1.0,0:01,0,33873920,52518912,0,3392512,0.0,35618816,326,2,280,44,0,12.3,0.8,0.0,86.9,0.0,0.0,0.0,0.0,15794.9 MiB,3780.5 MiB,2190.3 MiB,9824.1 MiB,4096.0 MiB,3452.5 MiB,643.5 MiB,12981.7 MiB,,0,01.34
4,2021-04-06,nbody_50000000_original,10.24.1,nbody_6_original.js 50000000,2,1695224502,2844536,node,2.51,561876992,35618816,26378240,93.8,0.2,7.0,1.0,0:02,0,33873920,52518912,0,3392512,0.0,35618816,326,2,280,44,0,13.0,0.8,0.0,86.3,0.0,0.0,0.0,0.0,15794.9 MiB,3781.8 MiB,2196.0 MiB,9817.1 MiB,4096.0 MiB,3452.5 MiB,643.5 MiB,12982.9 MiB,,0,02.51
4,2021-04-06,nbody_50000000_original,10.24.1,nbody_6_original.js 50000000,3,1695224503,2844536,node,3.69,561876992,35618816,26378240,100.0,0.2,7.0,1.0,0:03,0,33873920,52518912,0,3392512,0.0,35618816,326,2,280,44,0,13.1,0.0,0.0,86.9,0.0,0.0,0.0,0.0,15794.9 MiB,3783.2 MiB,2194.5 MiB,9817.1 MiB,4096.0 MiB,3452.5 MiB,643.5 MiB,12984.4 MiB,,0,03.69
5,2021-04-06,nbody_50000000_original,10.24.1,nbody_6_original.js 50000000,0,1695224504,2844571,node,0.16,561876992,36233216,26550272,100.0,0.2,7.0,0.0,0:00,0,33873920,52518912,0,3499008,0.0,36233216,326,2,280,44,0,13.6,2.3,0.0,84.1,0.0,0.0,0.0,0.0,15794.9 MiB,3780.5 MiB,2190.2 MiB,9824.1 MiB,4096.0 MiB,3452.5 MiB,643.5 MiB,12981.7 MiB,,0,00.16
5,2021-04-06,nbody_50000000_original,10.24.1,nbody_6_original.js 50000000,1,1695224505,2844571,node,1.34,561876992,36233216,26550272,100.0,0.2,7.0,0.0,0:01,0,33873920,52518912,0,3499008,0.0,36233216,326,2,280,44,0,12.4,0.8,0.0,86.8,0.0,0.0,0.0,0.0,15794.9 MiB,3780.8 MiB,2190.0 MiB,9824.1 MiB,4096.0 MiB,3452.5 MiB,643.5 MiB,12982.0 MiB,,0,01.34
5,2021-04-06,nbody_50000000_original,10.24.1,nbody_6_original.js 50000000,2,1695224506,2844571,node,2.51,561876992,36233216,26550272,100.0,0.2,7.0,4.0,0:02,0,33873920,52518912,0,3499008,0.0,36233216,326,2,280,44,0,13.0,0.8,0.0,86.3,0.0,0.0,0.0,0.0,15794.9 MiB,3787.4 MiB,2190.3 MiB,9817.1 MiB,4096.0 MiB,3452.5 MiB,643.5 MiB,12988.6 MiB,,0,02.51
5,2021-04-06,nbody_50000000_original,10.24.1,nbody_6_original.js 50000000,3,1695224508,2844571,node,3.69,561876992,36233216,26550272,100.0,0.2,7.0,4.0,0:03,0,33873920,52518912,0,3499008,0.0,36233216,325,2,279,44,0,12.8,1.5,0.0,85.7,0.0,0.0,0.0,0.0,15794.9 MiB,3787.2 MiB,2190.6 MiB,9817.1 MiB,4096.0 MiB,3452.5 MiB,643.5 MiB,12988.4 MiB,,0,03.69
6,2021-04-06,nbody_50000000_original,10.24.1,nbody_6_original.js 50000000,0,1695224509,2844602,node,0.16,561876992,36036608,26468352,100.0,0.2,7.0,6.0,0:00,0,33873920,52518912,0,3489792,0.0,36036608,325,2,279,44,0,14.4,0.8,0.0,84.8,0.0,0.0,0.0,0.0,15794.9 MiB,3787.7 MiB,2183.1 MiB,9824.1 MiB,4096.0 MiB,3452.5 MiB,643.5 MiB,12988.9 MiB,,0,00.16
6,2021-04-06,nbody_50000000_original,10.24.1,nbody_6_original.js 50000000,1,1695224510,2844602,node,1.34,561876992,36036608,26468352,100.0,0.2,7.0,6.0,0:01,0,33873920,52518912,0,3489792,0.0,36036608,325,2,279,44,0,13.0,0.8,0.0,85.5,0.8,0.0,0.0,0.0,15794.9 MiB,3786.4 MiB,2184.3 MiB,9824.1 MiB,4096.0 MiB,3452.5 MiB,643.5 MiB,12987.6 MiB,,0,01.34
6,2021-04-06,nbody_50000000_original,10.24.1,nbody_6_original.js 50000000,2,1695224511,2844602,node,2.51,561876992,36036608,26468352,100.0,0.2,7.0,6.0,0:02,0,33873920,52518912,0,3489792,0.0,36036608,325,2,279,44,0,13.6,0.8,0.0,85.6,0.0,0.0,0.0,0.0,15794.9 MiB,3793.1 MiB,2184.7 MiB,9817.1 MiB,4096.0 MiB,3452.5 MiB,643.5 MiB,12994.3 MiB,,0,02.51
6,2021-04-06,nbody_50000000_original,10.24.1,nbody_6_original.js 50000000,3,1695224512,2844602,node,3.68,561876992,36036608,26468352,106.7,0.2,7.0,6.0,0:03,0,33873920,52518912,0,3489792,0.0,36036608,325,2,279,44,0,13.0,1.5,0.0,85.5,0.0,0.0,0.0,0.0,15794.9 MiB,3794.1 MiB,2183.7 MiB,9817.1 MiB,4096.0 MiB,3452.5 MiB,643.5 MiB,12995.3 MiB,,0,03.68
7,2021-04-06,nbody_50000000_original,10.24.1,nbody_6_original.js 50000000,0,1695224513,2844633,node,0.16,561872896,35684352,26480640,100.0,0.2,7.0,2.0,0:00,0,33873920,52514816,0,3445760,0.0,35684352,325,2,279,44,0,13.0,2.3,0.0,84.7,0.0,0.0,0.0,0.0,15794.9 MiB,3779.6 MiB,2191.2 MiB,9824.1 MiB,4096.0 MiB,3452.5 MiB,643.5 MiB,12980.8 MiB,,0,00.16
7,2021-04-06,nbody_50000000_original,10.24.1,nbody_6_original.js 50000000,1,1695224515,2844633,node,1.33,561872896,35684352,26480640,93.8,0.2,7.0,2.0,0:01,0,33873920,52514816,0,3445760,0.0,35684352,325,2,279,44,0,13.0,0.8,0.0,86.3,0.0,0.0,0.0,0.0,15794.9 MiB,3779.6 MiB,2191.2 MiB,9824.1 MiB,4096.0 MiB,3452.5 MiB,643.5 MiB,12980.8 MiB,,0,01.33
7,2021-04-06,nbody_50000000_original,10.24.1,nbody_6_original.js 50000000,2,1695224516,2844633,node,2.5,561872896,35684352,26480640,93.8,0.2,7.0,2.0,0:02,0,33873920,52514816,0,3445760,0.0,35684352,325,2,279,44,0,13.6,0.8,0.0,85.6,0.0,0.0,0.0,0.0,15794.9 MiB,3785.7 MiB,2192.0 MiB,9817.1 MiB,4096.0 MiB,3452.5 MiB,643.5 MiB,12986.9 MiB,,0,02.50
7,2021-04-06,nbody_50000000_original,10.24.1,nbody_6_original.js 50000000,3,1695224517,2844633,node,3.68,561872896,35684352,26480640,100.0,0.2,7.0,2.0,0:03,0,33873920,52514816,0,3445760,0.0,35684352,325,2,279,44,0,13.0,0.8,0.0,86.3,0.0,0.0,0.0,0.0,15794.9 MiB,3787.9 MiB,2189.7 MiB,9817.2 MiB,4096.0 MiB,3452.5 MiB,643.5 MiB,12989.2 MiB,,0,03.68
8,2021-04-06,nbody_50000000_original,10.24.1,nbody_6_original.js 50000000,0,1695224518,2844664,node,0.16,561876992,36220928,26533888,93.8,0.2,7.0,0.0,0:00,0,33873920,52518912,0,3502080,0.0,36220928,325,2,279,44,0,13.6,1.5,0.0,84.8,0.0,0.0,0.0,0.0,15794.9 MiB,3782.3 MiB,2188.4 MiB,9824.2 MiB,4096.0 MiB,3452.5 MiB,643.5 MiB,12983.5 MiB,,0,00.16
8,2021-04-06,nbody_50000000_original,10.24.1,nbody_6_original.js 50000000,1,1695224519,2844664,node,1.33,561876992,36220928,26533888,93.8,0.2,7.0,0.0,0:01,0,33873920,52518912,0,3502080,0.0,36220928,325,3,278,44,0,13.0,0.8,0.0,86.3,0.0,0.0,0.0,0.0,15794.9 MiB,3782.5 MiB,2188.1 MiB,9824.2 MiB,4096.0 MiB,3452.5 MiB,643.5 MiB,12983.8 MiB,,0,01.33
8,2021-04-06,nbody_50000000_original,10.24.1,nbody_6_original.js 50000000,2,1695224521,2844664,node,2.51,561876992,36220928,26533888,100.0,0.2,7.0,0.0,0:02,0,33873920,52518912,0,3502080,0.0,36220928,325,2,279,44,0,14.1,0.7,0.0,84.4,0.7,0.0,0.0,0.0,15794.9 MiB,3782.3 MiB,2195.3 MiB,9817.3 MiB,4096.0 MiB,3452.5 MiB,643.5 MiB,12983.5 MiB,,0,02.51
8,2021-04-06,nbody_50000000_original,10.24.1,nbody_6_original.js 50000000,3,1695224522,2844664,node,3.68,561876992,36220928,26533888,100.0,0.2,7.0,0.0,0:03,0,33873920,52518912,0,3502080,0.0,36220928,325,2,279,44,0,13.6,0.8,0.0,85.6,0.0,0.0,0.0,0.0,15794.9 MiB,3782.0 MiB,2195.7 MiB,9817.1 MiB,4096.0 MiB,3452.5 MiB,643.5 MiB,12983.3 MiB,,0,03.68
9,2021-04-06,nbody_50000000_original,10.24.1,nbody_6_original.js 50000000,0,1695224523,2844695,node,0.16,561876992,36089856,26509312,106.7,0.2,7.0,0.0,0:00,0,33873920,52518912,0,3486720,0.0,36089856,325,2,279,44,0,13.7,0.8,0.0,85.5,0.0,0.0,0.0,0.0,15794.9 MiB,3774.9 MiB,2195.9 MiB,9824.1 MiB,4096.0 MiB,3452.5 MiB,643.5 MiB,12976.1 MiB,,0,00.16
9,2021-04-06,nbody_50000000_original,10.24.1,nbody_6_original.js 50000000,1,1695224524,2844695,node,1.33,561876992,36089856,26509312,93.8,0.2,7.0,0.0,0:01,0,33873920,52518912,0,3486720,0.0,36089856,325,2,279,44,0,13.6,0.8,0.0,85.6,0.0,0.0,0.0,0.0,15794.9 MiB,3774.4 MiB,2196.4 MiB,9824.1 MiB,4096.0 MiB,3452.5 MiB,643.5 MiB,12975.7 MiB,,0,01.33
9,2021-04-06,nbody_50000000_original,10.24.1,nbody_6_original.js 50000000,2,1695224525,2844695,node,2.5,561876992,36089856,26509312,93.8,0.2,7.0,4.0,0:02,0,33873920,52518912,0,3486720,0.0,36089856,325,2,279,44,0,13.0,0.8,0.0,86.3,0.0,0.0,0.0,0.0,15794.9 MiB,3781.6 MiB,2196.2 MiB,9817.1 MiB,4096.0 MiB,3452.5 MiB,643.5 MiB,12982.8 MiB,,0,02.50
9,2021-04-06,nbody_50000000_original,10.24.1,nbody_6_original.js 50000000,3,1695224526,2844695,node,3.68,561876992,36089856,26509312,100.0,0.2,7.0,4.0,0:03,0,33873920,52518912,0,3486720,0.0,36089856,325,2,279,44,0,12.3,0.8,0.0,86.9,0.0,0.0,0.0,0.0,15794.9 MiB,3781.3 MiB,2196.5 MiB,9817.1 MiB,4096.0 MiB,3452.5 MiB,643.5 MiB,12982.6 MiB,,0,03.68
10,2021-04-06,nbody_50000000_original,10.24.1,nbody_6_original.js 50000000,0,1695224528,2844726,node,0.16,561876992,36241408,26533888,100.0,0.2,7.0,1.0,0:00,0,33873920,52518912,0,3505152,0.0,36241408,325,2,279,44,0,12.9,2.3,0.0,84.1,0.0,0.0,0.8,0.0,15794.9 MiB,3774.7 MiB,2196.1 MiB,9824.1 MiB,4096.0 MiB,3452.5 MiB,643.5 MiB,12975.9 MiB,,0,00.16
10,2021-04-06,nbody_50000000_original,10.24.1,nbody_6_original.js 50000000,1,1695224529,2844726,node,1.34,561876992,36241408,26533888,106.7,0.2,7.0,1.0,0:01,0,33873920,52518912,0,3505152,0.0,36241408,325,2,279,44,0,12.9,1.5,0.0,85.6,0.0,0.0,0.0,0.0,15794.9 MiB,3774.2 MiB,2196.6 MiB,9824.1 MiB,4096.0 MiB,3452.5 MiB,643.5 MiB,12975.4 MiB,,0,01.34
10,2021-04-06,nbody_50000000_original,10.24.1,nbody_6_original.js 50000000,2,1695224530,2844726,node,2.51,561876992,36241408,26533888,100.0,0.2,7.0,5.0,0:02,0,33873920,52518912,0,3505152,0.0,36241408,325,2,279,44,0,13.6,0.8,0.0,85.6,0.0,0.0,0.0,0.0,15794.9 MiB,3780.8 MiB,2196.9 MiB,9817.1 MiB,4096.0 MiB,3452.5 MiB,643.5 MiB,12982.1 MiB,,0,02.51
10,2021-04-06,nbody_50000000_original,10.24.1,nbody_6_original.js 50000000,3,1695224531,2844726,node,3.68,561876992,36241408,26533888,100.0,0.2,7.0,5.0,0:03,0,33873920,52518912,0,3505152,0.0,36241408,325,2,279,44,0,12.3,0.8,0.0,86.9,0.0,0.0,0.0,0.0,15794.9 MiB,3781.6 MiB,2196.2 MiB,9817.1 MiB,4096.0 MiB,3452.5 MiB,643.5 MiB,12982.8 MiB,,0,03.68
1,2019-04-30,nbody_50000000_original,11.15.0,nbody_6_original.js 50000000,0,1695224978,2845714,node,0.16,562786304,35045376,26599424,93.8,0.2,7.0,1.0,0:00,0,34381824,52912128,0,3170304,0.0,35045376,326,2,280,44,0,13.6,1.5,0.0,84.8,0.0,0.0,0.0,0.0,15794.9 MiB,3771.2 MiB,2197.8 MiB,9825.8 MiB,4096.0 MiB,3452.5 MiB,643.5 MiB,12974.5 MiB,,0,00.16
1,2019-04-30,nbody_50000000_original,11.15.0,nbody_6_original.js 50000000,1,1695224979,2845714,node,1.34,562786304,35045376,26599424,100.0,0.2,7.0,1.0,0:01,0,34381824,52912128,0,3170304,0.0,35045376,326,2,280,44,0,12.9,1.5,0.0,85.6,0.0,0.0,0.0,0.0,15794.9 MiB,3769.7 MiB,2199.0 MiB,9826.2 MiB,4096.0 MiB,3452.5 MiB,643.5 MiB,12973.1 MiB,,0,01.34
1,2019-04-30,nbody_50000000_original,11.15.0,nbody_6_original.js 50000000,2,1695224980,2845714,node,2.51,562786304,35045376,26599424,93.8,0.2,7.0,1.0,0:02,0,34381824,52912128,0,3170304,0.0,35045376,326,2,280,44,0,13.0,0.8,0.0,86.3,0.0,0.0,0.0,0.0,15794.9 MiB,3776.1 MiB,2199.6 MiB,9819.2 MiB,4096.0 MiB,3452.5 MiB,643.5 MiB,12979.5 MiB,,0,02.51
1,2019-04-30,nbody_50000000_original,11.15.0,nbody_6_original.js 50000000,3,1695224981,2845714,node,3.69,562786304,35045376,26599424,106.7,0.2,7.0,1.0,0:03,0,34381824,52912128,0,3170304,0.0,35045376,326,2,280,44,0,12.9,1.5,0.0,85.6,0.0,0.0,0.0,0.0,15794.9 MiB,3774.9 MiB,2200.8 MiB,9819.2 MiB,4096.0 MiB,3452.5 MiB,643.5 MiB,12978.2 MiB,,0,03.69
2,2019-04-30,nbody_50000000_original,11.15.0,nbody_6_original.js 50000000,0,1695224982,2845746,node,0.16,562786304,34897920,26464256,100.0,0.2,7.0,7.0,0:00,0,34381824,52912128,0,3179520,0.0,34897920,326,2,280,44,0,13.6,1.5,0.0,84.8,0.0,0.0,0.0,0.0,15794.9 MiB,3767.7 MiB,2201.0 MiB,9826.2 MiB,4096.0 MiB,3452.5 MiB,643.5 MiB,12971.0 MiB,,0,00.16
2,2019-04-30,nbody_50000000_original,11.15.0,nbody_6_original.js 50000000,1,1695224984,2845746,node,1.34,562786304,34897920,26464256,100.0,0.2,7.0,7.0,0:01,0,34381824,52912128,0,3179520,0.0,34897920,326,2,280,44,0,13.0,0.8,0.0,86.3,0.0,0.0,0.0,0.0,15794.9 MiB,3767.8 MiB,2200.9 MiB,9826.2 MiB,4096.0 MiB,3452.5 MiB,643.5 MiB,12971.1 MiB,,0,01.34
2,2019-04-30,nbody_50000000_original,11.15.0,nbody_6_original.js 50000000,2,1695224985,2845746,node,2.51,562786304,34897920,26464256,100.0,0.2,7.0,7.0,0:02,0,34381824,52912128,0,3179520,0.0,34897920,326,2,280,44,0,12.9,1.5,0.0,85.6,0.0,0.0,0.0,0.0,15794.9 MiB,3774.9 MiB,2200.8 MiB,9819.2 MiB,4096.0 MiB,3452.5 MiB,643.5 MiB,12978.3 MiB,,0,02.51
2,2019-04-30,nbody_50000000_original,11.15.0,nbody_6_original.js 50000000,3,1695224986,2845746,node,3.68,562786304,34897920,26464256,93.8,0.2,7.0,7.0,0:03,0,34381824,52912128,0,3179520,0.0,34897920,326,2,280,44,0,12.9,0.8,0.0,86.4,0.0,0.0,0.0,0.0,15794.9 MiB,3773.9 MiB,2201.7 MiB,9819.2 MiB,4096.0 MiB,3452.5 MiB,643.5 MiB,12977.3 MiB,,0,03.68
3,2019-04-30,nbody_50000000_original,11.15.0,nbody_6_original.js 50000000,0,1695224987,2845777,node,0.16,562786304,35016704,26574848,100.0,0.2,7.0,1.0,0:00,0,34381824,52912128,0,3186688,0.0,35016704,326,2,280,44,0,13.7,0.8,0.0,85.5,0.0,0.0,0.0,0.0,15794.9 MiB,3763.2 MiB,2205.5 MiB,9826.2 MiB,4096.0 MiB,3452.5 MiB,643.5 MiB,12966.5 MiB,,0,00.16
3,2019-04-30,nbody_50000000_original,11.15.0,nbody_6_original.js 50000000,1,1695224988,2845777,node,1.33,562786304,35016704,26574848,100.0,0.2,7.0,1.0,0:01,0,34381824,52912128,0,3186688,0.0,35016704,326,2,280,44,0,12.3,0.8,0.0,86.9,0.0,0.0,0.0,0.0,15794.9 MiB,3762.6 MiB,2206.1 MiB,9826.2 MiB,4096.0 MiB,3452.5 MiB,643.5 MiB,12966.0 MiB,,0,01.33
3,2019-04-30,nbody_50000000_original,11.15.0,nbody_6_original.js 50000000,2,1695224989,2845777,node,2.51,562786304,35016704,26574848,100.0,0.2,7.0,1.0,0:02,0,34381824,52912128,0,3186688,0.0,35016704,326,2,280,44,0,12.2,1.5,0.0,86.3,0.0,0.0,0.0,0.0,15794.9 MiB,3767.6 MiB,2208.1 MiB,9819.2 MiB,4096.0 MiB,3452.5 MiB,643.5 MiB,12970.9 MiB,,0,02.51
3,2019-04-30,nbody_50000000_original,11.15.0,nbody_6_original.js 50000000,3,1695224991,2845777,node,3.68,562786304,35016704,26574848,100.0,0.2,7.0,1.0,0:03,0,34381824,52912128,0,3186688,0.0,35016704,326,2,280,44,0,13.0,0.8,0.0,86.3,0.0,0.0,0.0,0.0,15794.9 MiB,3769.0 MiB,2206.7 MiB,9819.2 MiB,4096.0 MiB,3452.5 MiB,643.5 MiB,12972.4 MiB,,0,03.68
4,2019-04-30,nbody_50000000_original,11.15.0,nbody_6_original.js 50000000,0,1695224992,2845808,node,0.17,562786304,35155968,26681344,100.0,0.2,7.0,0.0,0:00,0,34381824,52912128,0,3185664,0.0,35155968,326,2,280,44,0,14.4,1.5,0.0,84.1,0.0,0.0,0.0,0.0,15794.9 MiB,3770.3 MiB,2198.4 MiB,9826.2 MiB,4096.0 MiB,3452.5 MiB,643.5 MiB,12973.6 MiB,,0,00.17
4,2019-04-30,nbody_50000000_original,11.15.0,nbody_6_original.js 50000000,1,1695224993,2845808,node,1.34,562786304,35155968,26681344,100.0,0.2,7.0,0.0,0:01,0,34381824,52912128,0,3185664,0.0,35155968,326,2,280,44,0,13.0,0.8,0.0,86.3,0.0,0.0,0.0,0.0,15794.9 MiB,3769.5 MiB,2199.2 MiB,9826.2 MiB,4096.0 MiB,3452.5 MiB,643.5 MiB,12972.9 MiB,,0,01.34
4,2019-04-30,nbody_50000000_original,11.15.0,nbody_6_original.js 50000000,2,1695224994,2845808,node,2.51,562786304,35155968,26681344,93.8,0.2,7.0,0.0,0:02,0,34381824,52912128,0,3185664,0.0,35155968,326,2,280,44,0,12.3,0.8,0.0,86.9,0.0,0.0,0.0,0.0,15794.9 MiB,3776.4 MiB,2199.2 MiB,9819.2 MiB,4096.0 MiB,3452.5 MiB,643.5 MiB,12979.8 MiB,,0,02.51
4,2019-04-30,nbody_50000000_original,11.15.0,nbody_6_original.js 50000000,3,1695224995,2845808,node,3.69,562786304,35155968,26681344,100.0,0.2,7.0,0.0,0:03,0,34381824,52912128,0,3185664,0.0,35155968,326,2,280,44,0,12.9,0.8,0.0,85.6,0.0,0.0,0.8,0.0,15794.9 MiB,3774.5 MiB,2201.2 MiB,9819.2 MiB,4096.0 MiB,3452.5 MiB,643.5 MiB,12977.8 MiB,,0,03.69
5,2019-04-30,nbody_50000000_original,11.15.0,nbody_6_original.js 50000000,0,1695224996,2845843,node,0.16,562786304,34902016,26456064,100.0,0.2,7.0,6.0,0:00,0,34381824,52912128,0,3184640,0.0,34902016,326,2,280,44,0,12.9,2.3,0.0,84.8,0.0,0.0,0.0,0.0,15794.9 MiB,3769.8 MiB,2198.9 MiB,9826.2 MiB,4096.0 MiB,3452.5 MiB,643.5 MiB,12973.2 MiB,,0,00.16
5,2019-04-30,nbody_50000000_original,11.15.0,nbody_6_original.js 50000000,1,1695224998,2845843,node,1.33,562786304,34902016,26456064,93.8,0.2,7.0,2.0,0:01,0,34381824,52912128,0,3184640,0.0,34902016,326,2,280,44,0,12.2,0.8,0.0,87.0,0.0,0.0,0.0,0.0,15794.9 MiB,3769.8 MiB,2198.9 MiB,9826.2 MiB,4096.0 MiB,3452.5 MiB,643.5 MiB,12973.2 MiB,,0,01.33
5,2019-04-30,nbody_50000000_original,11.15.0,nbody_6_original.js 50000000,2,1695224999,2845843,node,2.51,562786304,34902016,26456064,93.8,0.2,7.0,6.0,0:02,0,34381824,52912128,0,3184640,0.0,34902016,326,2,280,44,0,13.0,0.8,0.0,86.3,0.0,0.0,0.0,0.0,15794.9 MiB,3776.4 MiB,2199.2 MiB,9819.2 MiB,4096.0 MiB,3452.5 MiB,643.5 MiB,12979.8 MiB,,0,02.51
5,2019-04-30,nbody_50000000_original,11.15.0,nbody_6_original.js 50000000,3,1695225000,2845843,node,3.68,562786304,34902016,26456064,93.8,0.2,7.0,6.0,0:03,0,34381824,52912128,0,3184640,0.0,34902016,326,2,280,44,0,13.0,0.8,0.0,86.3,0.0,0.0,0.0,0.0,15794.9 MiB,3776.2 MiB,2199.5 MiB,9819.2 MiB,4096.0 MiB,3452.5 MiB,643.5 MiB,12979.6 MiB,,0,03.68
6,2019-04-30,nbody_50000000_original,11.15.0,nbody_6_original.js 50000000,0,1695225001,2845874,node,0.16,562786304,35065856,26624000,106.7,0.2,7.0,3.0,0:00,0,34381824,52912128,0,3184640,0.0,35065856,326,2,280,44,0,13.0,1.5,0.0,85.5,0.0,0.0,0.0,0.0,15794.9 MiB,3768.8 MiB,2199.8 MiB,9826.2 MiB,4096.0 MiB,3452.5 MiB,643.5 MiB,12972.2 MiB,,0,00.16
6,2019-04-30,nbody_50000000_original,11.15.0,nbody_6_original.js 50000000,1,1695225002,2845874,node,1.33,562786304,35065856,26624000,100.0,0.2,7.0,3.0,0:01,0,34381824,52912128,0,3184640,0.0,35065856,326,2,280,44,0,13.0,0.8,0.0,86.3,0.0,0.0,0.0,0.0,15794.9 MiB,3767.8 MiB,2200.8 MiB,9826.2 MiB,4096.0 MiB,3452.5 MiB,643.5 MiB,12971.2 MiB,,0,01.33
6,2019-04-30,nbody_50000000_original,11.15.0,nbody_6_original.js 50000000,2,1695225003,2845874,node,2.5,562786304,35065856,26624000,93.8,0.2,7.0,7.0,0:02,0,34381824,52912128,0,3184640,0.0,35065856,326,2,280,44,0,12.9,1.5,0.0,85.6,0.0,0.0,0.0,0.0,15794.9 MiB,3775.0 MiB,2200.5 MiB,9819.4 MiB,4096.0 MiB,3452.5 MiB,643.5 MiB,12978.3 MiB,,0,02.50
6,2019-04-30,nbody_50000000_original,11.15.0,nbody_6_original.js 50000000,3,1695225005,2845874,node,3.68,562786304,35065856,26624000,100.0,0.2,7.0,7.0,0:03,0,34381824,52912128,0,3184640,0.0,35065856,326,2,280,44,0,13.6,0.8,0.0,85.6,0.0,0.0,0.0,0.0,15794.9 MiB,3773.5 MiB,2202.2 MiB,9819.2 MiB,4096.0 MiB,3452.5 MiB,643.5 MiB,12976.9 MiB,,0,03.68
7,2019-04-30,nbody_50000000_original,11.15.0,nbody_6_original.js 50000000,0,1695225006,2845905,node,0.16,562786304,34889728,26443776,100.0,0.2,7.0,0.0,0:00,0,34381824,52912128,0,3188736,0.0,34889728,326,2,280,44,0,13.1,1.5,0.0,85.4,0.0,0.0,0.0,0.0,15794.9 MiB,3771.0 MiB,2197.6 MiB,9826.2 MiB,4096.0 MiB,3452.5 MiB,643.5 MiB,12974.4 MiB,,0,00.16
7,2019-04-30,nbody_50000000_original,11.15.0,nbody_6_original.js 50000000,1,1695225007,2845905,node,1.33,562786304,34889728,26443776,100.0,0.2,7.0,0.0,0:01,0,34381824,52912128,0,3188736,0.0,34889728,326,2,280,44,0,13.5,1.5,0.0,84.2,0.8,0.0,0.0,0.0,15794.9 MiB,3777.9 MiB,2197.7 MiB,9819.2 MiB,4096.0 MiB,3452.5 MiB,643.5 MiB,12981.3 MiB,,0,01.33
7,2019-04-30,nbody_50000000_original,11.15.0,nbody_6_original.js 50000000,2,1695225008,2845905,node,2.51,562786304,34889728,26443776,100.0,0.2,7.0,0.0,0:02,0,34381824,52912128,0,3188736,0.0,34889728,326,2,280,44,0,12.9,1.5,0.0,85.6,0.0,0.0,0.0,0.0,15794.9 MiB,3777.7 MiB,2198.0 MiB,9819.2 MiB,4096.0 MiB,3452.5 MiB,643.5 MiB,12981.1 MiB,,0,02.51
7,2019-04-30,nbody_50000000_original,11.15.0,nbody_6_original.js 50000000,3,1695225009,2845905,node,3.68,562786304,34889728,26443776,100.0,0.2,7.0,0.0,0:03,0,34381824,52912128,0,3188736,0.0,34889728,326,2,280,44,0,13.0,0.8,0.0,86.3,0.0,0.0,0.0,0.0,15794.9 MiB,3777.2 MiB,2198.4 MiB,9819.2 MiB,4096.0 MiB,3452.5 MiB,643.5 MiB,12980.6 MiB,,0,03.68
8,2019-04-30,nbody_50000000_original,11.15.0,nbody_6_original.js 50000000,0,1695225011,2845936,node,0.16,562786304,35123200,26681344,100.0,0.2,7.0,7.0,0:00,0,34381824,52912128,0,3186688,0.0,35123200,326,2,280,44,0,14.2,2.2,0.0,83.6,0.0,0.0,0.0,0.0,15794.9 MiB,3766.9 MiB,2201.9 MiB,9826.1 MiB,4096.0 MiB,3452.5 MiB,643.5 MiB,12970.2 MiB,,0,00.16
8,2019-04-30,nbody_50000000_original,11.15.0,nbody_6_original.js 50000000,1,1695225012,2845936,node,1.33,562786304,35123200,26681344,93.8,0.2,7.0,7.0,0:01,0,34381824,52912128,0,3186688,0.0,35123200,326,2,280,44,0,12.3,0.8,0.0,86.9,0.0,0.0,0.0,0.0,15794.9 MiB,3766.4 MiB,2202.3 MiB,9826.2 MiB,4096.0 MiB,3452.5 MiB,643.5 MiB,12969.8 MiB,,0,01.33
8,2019-04-30,nbody_50000000_original,11.15.0,nbody_6_original.js 50000000,2,1695225013,2845936,node,2.51,562786304,35123200,26681344,100.0,0.2,7.0,7.0,0:02,0,34381824,52912128,0,3186688,0.0,35123200,326,2,280,44,0,12.9,1.5,0.0,85.6,0.0,0.0,0.0,0.0,15794.9 MiB,3773.8 MiB,2201.9 MiB,9819.2 MiB,4096.0 MiB,3452.5 MiB,643.5 MiB,12977.1 MiB,,0,02.51
8,2019-04-30,nbody_50000000_original,11.15.0,nbody_6_original.js 50000000,3,1695225014,2845936,node,3.68,562786304,35123200,26681344,93.8,0.2,7.0,7.0,0:03,0,34381824,52912128,0,3186688,0.0,35123200,326,2,280,44,0,12.2,1.5,0.0,86.3,0.0,0.0,0.0,0.0,15794.9 MiB,3773.8 MiB,2201.9 MiB,9819.2 MiB,4096.0 MiB,3452.5 MiB,643.5 MiB,12977.1 MiB,,0,03.68
9,2019-04-30,nbody_50000000_original,11.15.0,nbody_6_original.js 50000000,0,1695225015,2845967,node,0.16,563261440,35434496,26681344,100.0,0.2,7.0,5.0,0:00,0,34381824,53387264,0,3191808,0.0,35434496,326,2,280,44,0,14.4,0.8,0.0,84.8,0.0,0.0,0.0,0.0,15794.9 MiB,3763.9 MiB,2204.7 MiB,9826.2 MiB,4096.0 MiB,3452.5 MiB,643.5 MiB,12967.3 MiB,,0,00.16
9,2019-04-30,nbody_50000000_original,11.15.0,nbody_6_original.js 50000000,1,1695225016,2845967,node,1.33,563261440,35434496,26681344,100.0,0.2,7.0,5.0,0:01,0,34381824,53387264,0,3191808,0.0,35434496,326,2,280,44,0,13.5,1.5,0.0,85.0,0.0,0.0,0.0,0.0,15794.9 MiB,3763.7 MiB,2205.0 MiB,9826.2 MiB,4096.0 MiB,3452.5 MiB,643.5 MiB,12967.1 MiB,,0,01.33
9,2019-04-30,nbody_50000000_original,11.15.0,nbody_6_original.js 50000000,2,1695225018,2845967,node,2.51,563261440,35434496,26681344,106.7,0.2,7.0,5.0,0:02,0,34381824,53387264,0,3191808,0.0,35434496,326,2,280,44,0,13.0,0.8,0.0,86.3,0.0,0.0,0.0,0.0,15794.9 MiB,3770.6 MiB,2205.1 MiB,9819.2 MiB,4096.0 MiB,3452.5 MiB,643.5 MiB,12973.9 MiB,,0,02.51
9,2019-04-30,nbody_50000000_original,11.15.0,nbody_6_original.js 50000000,3,1695225019,2845967,node,3.68,563261440,35434496,26681344,100.0,0.2,7.0,5.0,0:03,0,34381824,53387264,0,3191808,0.0,35434496,326,2,280,44,0,13.0,0.8,0.0,86.3,0.0,0.0,0.0,0.0,15794.9 MiB,3768.8 MiB,2206.8 MiB,9819.2 MiB,4096.0 MiB,3452.5 MiB,643.5 MiB,12972.2 MiB,,0,03.68
10,2019-04-30,nbody_50000000_original,11.15.0,nbody_6_original.js 50000000,0,1695225020,2845998,node,0.16,562790400,35078144,26603520,93.8,0.2,7.0,3.0,0:00,0,34381824,52916224,0,3185664,0.0,35078144,326,2,280,44,0,12.9,2.3,0.0,84.8,0.0,0.0,0.0,0.0,15794.9 MiB,3762.2 MiB,2206.4 MiB,9826.2 MiB,4096.0 MiB,3452.5 MiB,643.5 MiB,12965.6 MiB,,0,00.16
10,2019-04-30,nbody_50000000_original,11.15.0,nbody_6_original.js 50000000,1,1695225021,2845998,node,1.33,562790400,35078144,26603520,93.8,0.2,7.0,3.0,0:01,0,34381824,52916224,0,3185664,0.0,35078144,326,2,280,44,0,13.7,0.0,0.0,86.3,0.0,0.0,0.0,0.0,15794.9 MiB,3762.2 MiB,2206.4 MiB,9826.2 MiB,4096.0 MiB,3452.5 MiB,643.5 MiB,12965.6 MiB,,0,01.33
10,2019-04-30,nbody_50000000_original,11.15.0,nbody_6_original.js 50000000,2,1695225022,2845998,node,2.51,562790400,35078144,26603520,100.0,0.2,7.0,3.0,0:02,0,34381824,52916224,0,3185664,0.0,35078144,326,2,280,44,0,12.9,1.5,0.0,85.6,0.0,0.0,0.0,0.0,15794.9 MiB,3769.8 MiB,2205.8 MiB,9819.2 MiB,4096.0 MiB,3452.5 MiB,643.5 MiB,12973.2 MiB,,0,02.51
10,2019-04-30,nbody_50000000_original,11.15.0,nbody_6_original.js 50000000,3,1695225023,2845998,node,3.68,562790400,35078144,26603520,106.7,0.2,7.0,3.0,0:03,0,34381824,52916224,0,3185664,0.0,35078144,326,2,280,44,0,13.6,0.8,0.0,85.6,0.0,0.0,0.0,0.0,15794.9 MiB,3769.1 MiB,2206.5 MiB,9819.2 MiB,4096.0 MiB,3452.5 MiB,643.5 MiB,12972.5 MiB,,0,03.68
1,2022-04-05,nbody_50000000_original,12.22.12,nbody_6_original.js 50000000,0,1695225469,2847668,node,0.17,568991744,37421056,29011968,106.7,0.2,7.0,7.0,0:00,0,40587264,53215232,0,2952192,0.0,37421056,328,2,282,44,0,14.2,1.5,0.0,82.8,1.5,0.0,0.0,0.0,15794.9 MiB,3768.1 MiB,2192.8 MiB,9834.0 MiB,4096.0 MiB,3452.5 MiB,643.5 MiB,12979.6 MiB,,0,00.17
1,2022-04-05,nbody_50000000_original,12.22.12,nbody_6_original.js 50000000,1,1695225470,2847668,node,1.34,568991744,37421056,29011968,93.8,0.2,7.0,7.0,0:01,0,40587264,53215232,0,2952192,0.0,37421056,328,2,282,44,0,13.0,0.8,0.0,86.3,0.0,0.0,0.0,0.0,15794.9 MiB,3767.4 MiB,2192.9 MiB,9834.6 MiB,4096.0 MiB,3452.5 MiB,643.5 MiB,12979.1 MiB,,0,01.34
1,2022-04-05,nbody_50000000_original,12.22.12,nbody_6_original.js 50000000,2,1695225471,2847668,node,2.51,568991744,37421056,29011968,100.0,0.2,7.0,7.0,0:02,0,40587264,53215232,0,2952192,0.0,37421056,328,2,282,44,0,13.5,1.5,0.0,85.0,0.0,0.0,0.0,0.0,15794.9 MiB,3770.6 MiB,2196.7 MiB,9827.6 MiB,4096.0 MiB,3452.5 MiB,643.5 MiB,12982.3 MiB,,0,02.51
1,2022-04-05,nbody_50000000_original,12.22.12,nbody_6_original.js 50000000,3,1695225472,2847668,node,3.69,568991744,37421056,29011968,100.0,0.2,7.0,7.0,0:03,0,40587264,53215232,0,2952192,0.0,37421056,328,2,282,44,0,13.0,3.1,0.0,84.0,0.0,0.0,0.0,0.0,15794.9 MiB,3770.3 MiB,2197.0 MiB,9827.6 MiB,4096.0 MiB,3452.5 MiB,643.5 MiB,12982.1 MiB,,0,03.69
2,2022-04-05,nbody_50000000_original,12.22.12,nbody_6_original.js 50000000,0,1695225473,2847699,node,0.17,568987648,37343232,29057024,113.3,0.2,7.0,6.0,0:00,0,40587264,53211136,0,2934784,0.0,37343232,328,2,282,44,0,13.0,2.3,0.0,84.7,0.0,0.0,0.0,0.0,15794.9 MiB,3763.4 MiB,2196.9 MiB,9834.6 MiB,4096.0 MiB,3452.5 MiB,643.5 MiB,12975.2 MiB,,0,00.17
2,2022-04-05,nbody_50000000_original,12.22.12,nbody_6_original.js 50000000,1,1695225475,2847699,node,1.34,568987648,37343232,29057024,100.0,0.2,7.0,6.0,0:01,0,40587264,53211136,0,2934784,0.0,37343232,328,2,282,44,0,14.4,0.0,0.0,85.6,0.0,0.0,0.0,0.0,15794.9 MiB,3763.9 MiB,2196.3 MiB,9834.6 MiB,4096.0 MiB,3452.5 MiB,643.5 MiB,12975.7 MiB,,0,01.34
2,2022-04-05,nbody_50000000_original,12.22.12,nbody_6_original.js 50000000,2,1695225476,2847699,node,2.51,568987648,37343232,29057024,93.8,0.2,7.0,6.0,0:02,0,40587264,53211136,0,2934784,0.0,37343232,328,2,282,44,0,12.2,1.5,0.0,86.3,0.0,0.0,0.0,0.0,15794.9 MiB,3770.6 MiB,2196.6 MiB,9827.7 MiB,4096.0 MiB,3452.5 MiB,643.5 MiB,12982.3 MiB,,0,02.51
2,2022-04-05,nbody_50000000_original,12.22.12,nbody_6_original.js 50000000,3,1695225477,2847699,node,3.68,568987648,37343232,29057024,100.0,0.2,7.0,6.0,0:03,0,40587264,53211136,0,2934784,0.0,37343232,328,2,282,44,0,13.0,0.8,0.0,86.3,0.0,0.0,0.0,0.0,15794.9 MiB,3770.6 MiB,2196.7 MiB,9827.6 MiB,4096.0 MiB,3452.5 MiB,643.5 MiB,12982.3 MiB,,0,03.68
3,2022-04-05,nbody_50000000_original,12.22.12,nbody_6_original.js 50000000,0,1695225478,2847730,node,0.16,568725504,37240832,29024256,93.8,0.2,7.0,0.0,0:00,0,40587264,52948992,0,2947072,0.0,37240832,328,2,282,44,0,13.5,2.3,0.0,84.2,0.0,0.0,0.0,0.0,15794.9 MiB,3763.9 MiB,2196.4 MiB,9834.6 MiB,4096.0 MiB,3452.5 MiB,643.5 MiB,12975.7 MiB,,0,00.16
3,2022-04-05,nbody_50000000_original,12.22.12,nbody_6_original.js 50000000,1,1695225479,2847730,node,1.33,568725504,37240832,29024256,100.0,0.2,7.0,0.0,0:01,0,40587264,52948992,0,2947072,0.0,37240832,328,2,282,44,0,13.0,1.5,0.0,85.5,0.0,0.0,0.0,0.0,15794.9 MiB,3763.0 MiB,2197.3 MiB,9834.6 MiB,4096.0 MiB,3452.5 MiB,643.5 MiB,12974.7 MiB,,0,01.33
3,2022-04-05,nbody_50000000_original,12.22.12,nbody_6_original.js 50000000,2,1695225480,2847730,node,2.51,568725504,37240832,29024256,100.0,0.2,7.0,4.0,0:02,0,40587264,52948992,0,2947072,0.0,37240832,328,2,282,44,0,13.6,0.8,0.0,85.6,0.0,0.0,0.0,0.0,15794.9 MiB,3769.9 MiB,2197.3 MiB,9827.7 MiB,4096.0 MiB,3452.5 MiB,643.5 MiB,12981.6 MiB,,0,02.51
3,2022-04-05,nbody_50000000_original,12.22.12,nbody_6_original.js 50000000,3,1695225482,2847730,node,3.68,568725504,37240832,29024256,100.0,0.2,7.0,4.0,0:03,0,40587264,52948992,0,2947072,0.0,37240832,328,2,282,44,0,13.0,0.8,0.0,86.3,0.0,0.0,0.0,0.0,15794.9 MiB,3771.1 MiB,2196.2 MiB,9827.6 MiB,4096.0 MiB,3452.5 MiB,643.5 MiB,12982.8 MiB,,0,03.68
4,2022-04-05,nbody_50000000_original,12.22.12,nbody_6_original.js 50000000,0,1695225483,2847761,node,0.16,568909824,38068224,29044736,100.0,0.2,7.0,4.0,0:00,0,40587264,53129216,0,3152896,0.0,38068224,328,2,282,44,0,13.6,1.5,0.0,84.8,0.0,0.0,0.0,0.0,15794.9 MiB,3767.7 MiB,2192.6 MiB,9834.6 MiB,4096.0 MiB,3452.5 MiB,643.5 MiB,12979.4 MiB,,0,00.16
4,2022-04-05,nbody_50000000_original,12.22.12,nbody_6_original.js 50000000,1,1695225484,2847761,node,1.33,568909824,38068224,29044736,106.7,0.2,7.0,0.0,0:01,0,40587264,53129216,0,3152896,0.0,38068224,328,2,282,44,0,13.0,0.8,0.0,86.3,0.0,0.0,0.0,0.0,15794.9 MiB,3766.4 MiB,2193.9 MiB,9834.6 MiB,4096.0 MiB,3452.5 MiB,643.5 MiB,12978.2 MiB,,0,01.33
4,2022-04-05,nbody_50000000_original,12.22.12,nbody_6_original.js 50000000,2,1695225485,2847761,node,2.51,568909824,38068224,29044736,100.0,0.2,7.0,0.0,0:02,0,40587264,53129216,0,3152896,0.0,38068224,328,2,282,44,0,12.9,1.5,0.0,85.6,0.0,0.0,0.0,0.0,15794.9 MiB,3772.8 MiB,2194.4 MiB,9827.6 MiB,4096.0 MiB,3452.5 MiB,643.5 MiB,12984.6 MiB,,0,02.51
4,2022-04-05,nbody_50000000_original,12.22.12,nbody_6_original.js 50000000,3,1695225486,2847761,node,3.68,568909824,38068224,29044736,100.0,0.2,7.0,0.0,0:03,0,40587264,53129216,0,3152896,0.0,38068224,328,2,282,44,0,13.5,0.8,0.0,85.7,0.0,0.0,0.0,0.0,15794.9 MiB,3772.1 MiB,2195.2 MiB,9827.6 MiB,4096.0 MiB,3452.5 MiB,643.5 MiB,12983.8 MiB,,0,03.68
5,2022-04-05,nbody_50000000_original,12.22.12,nbody_6_original.js 50000000,0,1695225487,2847796,node,0.16,568639488,37273600,29032448,100.0,0.2,7.0,5.0,0:00,0,40587264,52858880,0,2980864,0.0,37273600,328,2,282,44,0,14.5,1.5,0.0,84.0,0.0,0.0,0.0,0.0,15794.9 MiB,3765.2 MiB,2195.2 MiB,9834.5 MiB,4096.0 MiB,3452.5 MiB,643.5 MiB,12976.9 MiB,,0,00.16
5,2022-04-05,nbody_50000000_original,12.22.12,nbody_6_original.js 50000000,1,1695225489,2847796,node,1.33,568639488,37273600,29032448,93.8,0.2,7.0,5.0,0:01,0,40587264,52858880,0,2980864,0.0,37273600,328,2,282,44,0,13.5,0.8,0.0,85.7,0.0,0.0,0.0,0.0,15794.9 MiB,3765.2 MiB,2195.1 MiB,9834.6 MiB,4096.0 MiB,3452.5 MiB,643.5 MiB,12977.0 MiB,,0,01.33
5,2022-04-05,nbody_50000000_original,12.22.12,nbody_6_original.js 50000000,2,1695225490,2847796,node,2.5,568639488,37273600,29032448,93.8,0.2,7.0,5.0,0:02,0,40587264,52858880,0,2980864,0.0,37273600,328,2,282,44,0,13.0,0.8,0.0,86.3,0.0,0.0,0.0,0.0,15794.9 MiB,3765.5 MiB,2201.8 MiB,9827.6 MiB,4096.0 MiB,3452.5 MiB,643.5 MiB,12977.2 MiB,,0,02.50
5,2022-04-05,nbody_50000000_original,12.22.12,nbody_6_original.js 50000000,3,1695225491,2847796,node,3.68,568639488,37273600,29032448,100.0,0.2,7.0,5.0,0:03,0,40587264,52858880,0,2980864,0.0,37273600,328,2,282,44,0,13.0,0.8,0.0,86.3,0.0,0.0,0.0,0.0,15794.9 MiB,3766.7 MiB,2200.6 MiB,9827.6 MiB,4096.0 MiB,3452.5 MiB,643.5 MiB,12978.4 MiB,,0,03.68
6,2022-04-05,nbody_50000000_original,12.22.12,nbody_6_original.js 50000000,0,1695225492,2847827,node,0.16,568635392,37257216,29024256,100.0,0.2,7.0,7.0,0:00,0,40587264,52854784,0,2960384,0.0,37257216,328,2,282,44,0,14.3,1.5,0.0,84.2,0.0,0.0,0.0,0.0,15794.9 MiB,3767.2 MiB,2193.1 MiB,9834.6 MiB,4096.0 MiB,3452.5 MiB,643.5 MiB,12979.0 MiB,,0,00.16
6,2022-04-05,nbody_50000000_original,12.22.12,nbody_6_original.js 50000000,1,1695225493,2847827,node,1.33,568635392,37257216,29024256,93.8,0.2,7.0,7.0,0:01,0,40587264,52854784,0,2960384,0.0,37257216,328,2,282,44,0,12.9,1.5,0.0,85.6,0.0,0.0,0.0,0.0,15794.9 MiB,3766.0 MiB,2194.3 MiB,9834.6 MiB,4096.0 MiB,3452.5 MiB,643.5 MiB,12977.7 MiB,,0,01.33
6,2022-04-05,nbody_50000000_original,12.22.12,nbody_6_original.js 50000000,2,1695225495,2847827,node,2.51,568635392,37257216,29024256,100.0,0.2,7.0,3.0,0:02,0,40587264,52854784,0,2960384,0.0,37257216,328,2,282,44,0,13.3,0.0,0.0,86.7,0.0,0.0,0.0,0.0,15794.9 MiB,3773.1 MiB,2194.0 MiB,9827.8 MiB,4096.0 MiB,3452.5 MiB,643.5 MiB,12984.8 MiB,,0,02.51
6,2022-04-05,nbody_50000000_original,12.22.12,nbody_6_original.js 50000000,3,1695225496,2847827,node,3.68,568635392,37257216,29024256,100.0,0.2,7.0,3.0,0:03,0,40587264,52854784,0,2960384,0.0,37257216,328,2,282,44,0,13.5,1.5,0.0,85.0,0.0,0.0,0.0,0.0,15794.9 MiB,3774.3 MiB,2192.9 MiB,9827.6 MiB,4096.0 MiB,3452.5 MiB,643.5 MiB,12986.1 MiB,,0,03.68
7,2022-04-05,nbody_50000000_original,12.22.12,nbody_6_original.js 50000000,0,1695225497,2847858,node,0.16,568983552,37425152,29057024,100.0,0.2,7.0,3.0,0:00,0,40587264,53207040,0,2968576,0.0,37425152,328,2,282,44,0,14.4,1.5,0.0,84.1,0.0,0.0,0.0,0.0,15794.9 MiB,3770.6 MiB,2189.6 MiB,9834.6 MiB,4096.0 MiB,3452.5 MiB,643.5 MiB,12982.4 MiB,,0,00.16
7,2022-04-05,nbody_50000000_original,12.22.12,nbody_6_original.js 50000000,1,1695225498,2847858,node,1.34,568983552,37425152,29057024,100.0,0.2,7.0,3.0,0:01,0,40587264,53207040,0,2968576,0.0,37425152,328,2,282,44,0,12.9,1.5,0.0,84.8,0.8,0.0,0.0,0.0,15794.9 MiB,3778.0 MiB,2189.2 MiB,9827.6 MiB,4096.0 MiB,3452.5 MiB,643.5 MiB,12989.8 MiB,,0,01.34
7,2022-04-05,nbody_50000000_original,12.22.12,nbody_6_original.js 50000000,2,1695225499,2847858,node,2.51,568983552,37425152,29057024,100.0,0.2,7.0,3.0,0:02,0,40587264,53207040,0,2968576,0.0,37425152,328,2,282,44,0,13.6,0.8,0.0,85.6,0.0,0.0,0.0,0.0,15794.9 MiB,3776.8 MiB,2190.5 MiB,9827.6 MiB,4096.0 MiB,3452.5 MiB,643.5 MiB,12988.6 MiB,,0,02.51
7,2022-04-05,nbody_50000000_original,12.22.12,nbody_6_original.js 50000000,3,1695225500,2847858,node,3.69,568983552,37425152,29057024,100.0,0.2,7.0,3.0,0:03,0,40587264,53207040,0,2968576,0.0,37425152,328,2,282,44,0,13.0,0.8,0.0,86.3,0.0,0.0,0.0,0.0,15794.9 MiB,3776.1 MiB,2191.2 MiB,9827.6 MiB,4096.0 MiB,3452.5 MiB,643.5 MiB,12987.8 MiB,,0,03.69
8,2022-04-05,nbody_50000000_original,12.22.12,nbody_6_original.js 50000000,0,1695225502,2847889,node,0.16,569032704,37564416,29065216,100.0,0.2,7.0,5.0,0:00,0,40587264,53256192,0,2971648,0.0,37564416,328,2,282,44,0,13.7,0.8,0.0,85.5,0.0,0.0,0.0,0.0,15794.9 MiB,3773.1 MiB,2187.1 MiB,9834.6 MiB,4096.0 MiB,3452.5 MiB,643.5 MiB,12984.9 MiB,,0,00.16
8,2022-04-05,nbody_50000000_original,12.22.12,nbody_6_original.js 50000000,1,1695225503,2847889,node,1.33,569032704,37564416,29065216,93.8,0.2,7.0,5.0,0:01,0,40587264,53256192,0,2971648,0.0,37564416,328,2,282,44,0,12.3,1.5,0.0,86.2,0.0,0.0,0.0,0.0,15794.9 MiB,3773.1 MiB,2187.1 MiB,9834.6 MiB,4096.0 MiB,3452.5 MiB,643.5 MiB,12984.9 MiB,,0,01.33
8,2022-04-05,nbody_50000000_original,12.22.12,nbody_6_original.js 50000000,2,1695225504,2847889,node,2.51,569032704,37564416,29065216,100.0,0.2,7.0,5.0,0:02,0,40587264,53256192,0,2971648,0.0,37564416,328,2,282,44,0,13.1,0.0,0.0,86.2,0.8,0.0,0.0,0.0,15794.9 MiB,3779.3 MiB,2188.0 MiB,9827.6 MiB,4096.0 MiB,3452.5 MiB,643.5 MiB,12991.0 MiB,,0,02.51
8,2022-04-05,nbody_50000000_original,12.22.12,nbody_6_original.js 50000000,3,1695225505,2847889,node,3.68,569032704,37564416,29065216,100.0,0.2,7.0,5.0,0:03,0,40587264,53256192,0,2971648,0.0,37564416,328,2,282,44,0,13.0,0.8,0.0,86.3,0.0,0.0,0.0,0.0,15794.9 MiB,3778.5 MiB,2188.7 MiB,9827.6 MiB,4096.0 MiB,3452.5 MiB,643.5 MiB,12990.3 MiB,,0,03.68
9,2022-04-05,nbody_50000000_original,12.22.12,nbody_6_original.js 50000000,0,1695225506,2847920,node,0.16,568987648,38055936,29003776,100.0,0.2,7.0,4.0,0:00,0,40587264,53211136,0,3146752,0.0,38055936,328,2,282,44,0,14.5,0.8,0.0,84.7,0.0,0.0,0.0,0.0,15794.9 MiB,3770.7 MiB,2189.6 MiB,9834.6 MiB,4096.0 MiB,3452.5 MiB,643.5 MiB,12982.4 MiB,,0,00.16
9,2022-04-05,nbody_50000000_original,12.22.12,nbody_6_original.js 50000000,1,1695225507,2847920,node,1.33,568987648,38055936,29003776,100.0,0.2,7.0,4.0,0:01,0,40587264,53211136,0,3146752,0.0,38055936,328,2,282,44,0,12.9,1.5,0.0,85.6,0.0,0.0,0.0,0.0,15794.9 MiB,3768.7 MiB,2191.6 MiB,9834.6 MiB,4096.0 MiB,3452.5 MiB,643.5 MiB,12980.5 MiB,,0,01.33
9,2022-04-05,nbody_50000000_original,12.22.12,nbody_6_original.js 50000000,2,1695225509,2847920,node,2.51,568987648,38055936,29003776,100.0,0.2,7.0,4.0,0:02,0,40587264,53211136,0,3146752,0.0,38055936,328,2,282,44,0,13.5,0.8,0.0,85.7,0.0,0.0,0.0,0.0,15794.9 MiB,3776.6 MiB,2190.5 MiB,9827.8 MiB,4096.0 MiB,3452.5 MiB,643.5 MiB,12988.3 MiB,,0,02.51
9,2022-04-05,nbody_50000000_original,12.22.12,nbody_6_original.js 50000000,3,1695225510,2847920,node,3.68,568987648,38055936,29003776,100.0,0.2,7.0,4.0,0:03,0,40587264,53211136,0,3146752,0.0,38055936,328,2,282,44,0,13.0,1.5,0.0,85.5,0.0,0.0,0.0,0.0,15794.9 MiB,3776.1 MiB,2191.2 MiB,9827.6 MiB,4096.0 MiB,3452.5 MiB,643.5 MiB,12987.9 MiB,,0,03.68
10,2022-04-05,nbody_50000000_original,12.22.12,nbody_6_original.js 50000000,0,1695225511,2847951,node,0.16,569040896,37519360,29024256,100.0,0.2,7.0,1.0,0:00,0,40587264,53264384,0,2969600,0.0,37519360,328,2,282,44,0,13.1,1.5,0.0,85.4,0.0,0.0,0.0,0.0,15794.9 MiB,3763.3 MiB,2197.0 MiB,9834.6 MiB,4096.0 MiB,3452.5 MiB,643.5 MiB,12975.1 MiB,,0,00.16
10,2022-04-05,nbody_50000000_original,12.22.12,nbody_6_original.js 50000000,1,1695225512,2847951,node,1.33,569040896,37519360,29024256,93.8,0.2,7.0,1.0,0:01,0,40587264,53264384,0,2969600,0.0,37519360,328,2,282,44,0,13.0,0.8,0.0,86.3,0.0,0.0,0.0,0.0,15794.9 MiB,3762.5 MiB,2197.7 MiB,9834.6 MiB,4096.0 MiB,3452.5 MiB,643.5 MiB,12974.3 MiB,,0,01.33
10,2022-04-05,nbody_50000000_original,12.22.12,nbody_6_original.js 50000000,2,1695225513,2847951,node,2.51,569040896,37519360,29024256,106.7,0.2,7.0,1.0,0:02,0,40587264,53264384,0,2969600,0.0,37519360,328,2,282,44,0,12.2,0.8,0.0,87.0,0.0,0.0,0.0,0.0,15794.9 MiB,3768.9 MiB,2198.3 MiB,9827.6 MiB,4096.0 MiB,3452.5 MiB,643.5 MiB,12980.7 MiB,,0,02.51
10,2022-04-05,nbody_50000000_original,12.22.12,nbody_6_original.js 50000000,3,1695225514,2847951,node,3.68,569040896,37519360,29024256,100.0,0.2,7.0,1.0,0:03,0,40587264,53264384,0,2969600,0.0,37519360,328,2,282,44,0,13.1,0.0,0.0,86.9,0.0,0.0,0.0,0.0,15794.9 MiB,3768.5 MiB,2198.8 MiB,9827.6 MiB,4096.0 MiB,3452.5 MiB,643.5 MiB,12980.2 MiB,,0,03.68
1,2020-04-29,nbody_50000000_original,13.14.0,nbody_6_original.js 50000000,0,1695225961,2848872,node,0.16,593649664,36741120,28340224,100.0,0.2,7.0,2.0,0:00,0,65282048,53207040,0,2921472,0.0,36741120,326,2,280,44,0,14.4,2.3,0.0,83.3,0.0,0.0,0.0,0.0,15794.9 MiB,3772.9 MiB,2190.8 MiB,9831.2 MiB,4096.0 MiB,3452.5 MiB,643.5 MiB,12981.4 MiB,,0,00.16
1,2020-04-29,nbody_50000000_original,13.14.0,nbody_6_original.js 50000000,1,1695225962,2848872,node,1.33,593649664,36741120,28340224,93.8,0.2,7.0,2.0,0:01,0,65282048,53207040,0,2921472,0.0,36741120,326,2,280,44,0,13.0,0.8,0.0,86.3,0.0,0.0,0.0,0.0,15794.9 MiB,3772.6 MiB,2190.9 MiB,9831.4 MiB,4096.0 MiB,3452.5 MiB,643.5 MiB,12981.2 MiB,,0,01.33
1,2020-04-29,nbody_50000000_original,13.14.0,nbody_6_original.js 50000000,2,1695225963,2848872,node,2.51,593649664,36741120,28340224,100.0,0.2,7.0,2.0,0:02,0,65282048,53207040,0,2921472,0.0,36741120,326,2,280,44,0,13.4,2.2,0.0,84.3,0.0,0.0,0.0,0.0,15794.9 MiB,3780.7 MiB,2189.7 MiB,9824.4 MiB,4096.0 MiB,3452.5 MiB,643.5 MiB,12989.3 MiB,,0,02.51
1,2020-04-29,nbody_50000000_original,13.14.0,nbody_6_original.js 50000000,3,1695225964,2848872,node,3.68,593649664,36741120,28340224,93.8,0.2,7.0,6.0,0:03,0,65282048,53207040,0,2921472,0.0,36741120,326,2,280,44,0,12.3,0.8,0.0,86.9,0.0,0.0,0.0,0.0,15794.9 MiB,3779.5 MiB,2191.0 MiB,9824.4 MiB,4096.0 MiB,3452.5 MiB,643.5 MiB,12988.0 MiB,,0,03.68
2,2020-04-29,nbody_50000000_original,13.14.0,nbody_6_original.js 50000000,0,1695225966,2848903,node,0.16,593653760,37715968,28516352,100.0,0.2,7.0,6.0,0:00,0,65282048,53211136,0,3103744,0.0,37715968,326,2,280,44,0,13.1,0.8,0.0,85.4,0.8,0.0,0.0,0.0,15794.9 MiB,3772.9 MiB,2190.8 MiB,9831.2 MiB,4096.0 MiB,3452.5 MiB,643.5 MiB,12981.4 MiB,,0,00.16
2,2020-04-29,nbody_50000000_original,13.14.0,nbody_6_original.js 50000000,1,1695225967,2848903,node,1.34,593653760,37715968,28516352,100.0,0.2,7.0,6.0,0:01,0,65282048,53211136,0,3103744,0.0,37715968,326,2,280,44,0,13.5,0.8,0.0,85.7,0.0,0.0,0.0,0.0,15794.9 MiB,3772.4 MiB,2191.1 MiB,9831.4 MiB,4096.0 MiB,3452.5 MiB,643.5 MiB,12980.9 MiB,,0,01.34
2,2020-04-29,nbody_50000000_original,13.14.0,nbody_6_original.js 50000000,2,1695225968,2848903,node,2.51,593653760,37715968,28516352,100.0,0.2,7.0,6.0,0:02,0,65282048,53211136,0,3103744,0.0,37715968,326,2,280,44,0,12.9,0.8,0.0,85.6,0.0,0.0,0.8,0.0,15794.9 MiB,3774.8 MiB,2195.6 MiB,9824.4 MiB,4096.0 MiB,3452.5 MiB,643.5 MiB,12983.4 MiB,,0,02.51
2,2020-04-29,nbody_50000000_original,13.14.0,nbody_6_original.js 50000000,3,1695225969,2848903,node,3.68,593653760,37715968,28516352,106.7,0.2,7.0,6.0,0:03,0,65282048,53211136,0,3103744,0.0,37715968,326,2,280,44,0,13.0,0.8,0.0,86.3,0.0,0.0,0.0,0.0,15794.9 MiB,3775.8 MiB,2194.6 MiB,9824.4 MiB,4096.0 MiB,3452.5 MiB,643.5 MiB,12984.4 MiB,,0,03.68
3,2020-04-29,nbody_50000000_original,13.14.0,nbody_6_original.js 50000000,0,1695225970,2848934,node,0.16,593702912,36732928,28319744,100.0,0.2,7.0,0.0,0:00,0,65282048,53260288,0,2936832,0.0,36732928,326,2,280,44,0,12.9,1.5,0.0,85.6,0.0,0.0,0.0,0.0,15794.9 MiB,3766.2 MiB,2197.2 MiB,9831.4 MiB,4096.0 MiB,3452.5 MiB,643.5 MiB,12974.8 MiB,,0,00.16
3,2020-04-29,nbody_50000000_original,13.14.0,nbody_6_original.js 50000000,1,1695225971,2848934,node,1.33,593702912,36732928,28319744,100.0,0.2,7.0,0.0,0:01,0,65282048,53260288,0,2936832,0.0,36732928,326,2,280,44,0,12.9,0.8,0.0,86.4,0.0,0.0,0.0,0.0,15794.9 MiB,3766.0 MiB,2197.5 MiB,9831.4 MiB,4096.0 MiB,3452.5 MiB,643.5 MiB,12974.5 MiB,,0,01.33
3,2020-04-29,nbody_50000000_original,13.14.0,nbody_6_original.js 50000000,2,1695225973,2848934,node,2.5,593702912,36732928,28319744,93.8,0.2,7.0,4.0,0:02,0,65282048,53260288,0,2936832,0.0,36732928,326,2,280,44,0,13.1,0.0,0.0,86.9,0.0,0.0,0.0,0.0,15794.9 MiB,3767.7 MiB,2202.6 MiB,9824.5 MiB,4096.0 MiB,3452.5 MiB,643.5 MiB,12976.3 MiB,,0,02.50
3,2020-04-29,nbody_50000000_original,13.14.0,nbody_6_original.js 50000000,3,1695225974,2848934,node,3.68,593702912,36732928,28319744,100.0,0.2,7.0,0.0,0:03,0,65282048,53260288,0,2936832,0.0,36732928,326,2,280,44,0,12.9,0.8,0.0,86.4,0.0,0.0,0.0,0.0,15794.9 MiB,3768.4 MiB,2202.0 MiB,9824.4 MiB,4096.0 MiB,3452.5 MiB,643.5 MiB,12977.0 MiB,,0,03.68
4,2020-04-29,nbody_50000000_original,13.14.0,nbody_6_original.js 50000000,0,1695225975,2848965,node,0.16,593645568,36876288,28434432,100.0,0.2,7.0,7.0,0:00,0,65282048,53202944,0,2934784,0.0,36876288,326,2,280,44,0,13.0,1.5,0.0,85.5,0.0,0.0,0.0,0.0,15794.9 MiB,3765.3 MiB,2198.2 MiB,9831.4 MiB,4096.0 MiB,3452.5 MiB,643.5 MiB,12973.8 MiB,,0,00.16
4,2020-04-29,nbody_50000000_original,13.14.0,nbody_6_original.js 50000000,1,1695225976,2848965,node,1.33,593645568,36876288,28434432,100.0,0.2,7.0,7.0,0:01,0,65282048,53202944,0,2934784,0.0,36876288,326,2,280,44,0,13.1,0.8,0.0,86.2,0.0,0.0,0.0,0.0,15794.9 MiB,3764.0 MiB,2199.4 MiB,9831.4 MiB,4096.0 MiB,3452.5 MiB,643.5 MiB,12972.6 MiB,,0,01.33
4,2020-04-29,nbody_50000000_original,13.14.0,nbody_6_original.js 50000000,2,1695225977,2848965,node,2.5,593645568,36876288,28434432,100.0,0.2,7.0,7.0,0:02,0,65282048,53202944,0,2934784,0.0,36876288,326,2,280,44,0,12.9,1.5,0.0,85.6,0.0,0.0,0.0,0.0,15794.9 MiB,3770.7 MiB,2199.6 MiB,9824.6 MiB,4096.0 MiB,3452.5 MiB,643.5 MiB,12979.2 MiB,,0,02.50
4,2020-04-29,nbody_50000000_original,13.14.0,nbody_6_original.js 50000000,3,1695225979,2848965,node,3.68,593645568,36876288,28434432,100.0,0.2,7.0,7.0,0:03,0,65282048,53202944,0,2934784,0.0,36876288,326,2,280,44,0,13.0,0.8,0.0,86.3,0.0,0.0,0.0,0.0,15794.9 MiB,3769.9 MiB,2200.5 MiB,9824.4 MiB,4096.0 MiB,3452.5 MiB,643.5 MiB,12978.5 MiB,,0,03.68
5,2020-04-29,nbody_50000000_original,13.14.0,nbody_6_original.js 50000000,0,1695225980,2849000,node,0.16,593649664,36749312,28315648,106.7,0.2,7.0,4.0,0:00,0,65282048,53207040,0,2927616,0.0,36749312,326,2,280,44,0,14.4,1.5,0.0,84.1,0.0,0.0,0.0,0.0,15794.9 MiB,3766.0 MiB,2197.6 MiB,9831.3 MiB,4096.0 MiB,3452.5 MiB,643.5 MiB,12974.6 MiB,,0,00.16
5,2020-04-29,nbody_50000000_original,13.14.0,nbody_6_original.js 50000000,1,1695225981,2849000,node,1.34,593649664,36749312,28315648,100.0,0.2,7.0,4.0,0:01,0,65282048,53207040,0,2927616,0.0,36749312,326,2,280,44,0,13.5,1.5,0.0,85.0,0.0,0.0,0.0,0.0,15794.9 MiB,3766.0 MiB,2197.4 MiB,9831.4 MiB,4096.0 MiB,3452.5 MiB,643.5 MiB,12974.6 MiB,,0,01.34
5,2020-04-29,nbody_50000000_original,13.14.0,nbody_6_original.js 50000000,2,1695225982,2849000,node,2.51,593649664,36749312,28315648,100.0,0.2,7.0,4.0,0:02,0,65282048,53207040,0,2927616,0.0,36749312,326,2,280,44,0,13.0,0.8,0.0,86.3,0.0,0.0,0.0,0.0,15794.9 MiB,3765.5 MiB,2204.9 MiB,9824.4 MiB,4096.0 MiB,3452.5 MiB,643.5 MiB,12974.1 MiB,,0,02.51
5,2020-04-29,nbody_50000000_original,13.14.0,nbody_6_original.js 50000000,3,1695225983,2849000,node,3.68,593649664,36749312,28315648,100.0,0.2,7.0,4.0,0:03,0,65282048,53207040,0,2927616,0.0,36749312,326,2,280,44,0,13.1,0.8,0.0,86.2,0.0,0.0,0.0,0.0,15794.9 MiB,3765.8 MiB,2204.7 MiB,9824.4 MiB,4096.0 MiB,3452.5 MiB,643.5 MiB,12974.3 MiB,,0,03.68
6,2020-04-29,nbody_50000000_original,13.14.0,nbody_6_original.js 50000000,0,1695225984,2849031,node,0.16,593707008,36814848,28327936,100.0,0.2,7.0,7.0,0:00,0,65282048,53264384,0,2931712,0.0,36814848,326,2,280,44,0,13.0,1.5,0.0,84.7,0.0,0.0,0.8,0.0,15794.9 MiB,3770.9 MiB,2192.5 MiB,9831.4 MiB,4096.0 MiB,3452.5 MiB,643.5 MiB,12979.5 MiB,,0,00.16
6,2020-04-29,nbody_50000000_original,13.14.0,nbody_6_original.js 50000000,1,1695225986,2849031,node,1.34,593707008,36814848,28327936,106.7,0.2,7.0,7.0,0:01,0,65282048,53264384,0,2931712,0.0,36814848,326,2,280,44,0,13.0,0.8,0.0,86.3,0.0,0.0,0.0,0.0,15794.9 MiB,3770.2 MiB,2193.2 MiB,9831.4 MiB,4096.0 MiB,3452.5 MiB,643.5 MiB,12978.8 MiB,,0,01.34
6,2020-04-29,nbody_50000000_original,13.14.0,nbody_6_original.js 50000000,2,1695225987,2849031,node,2.51,593707008,36814848,28327936,93.8,0.2,7.0,7.0,0:02,0,65282048,53264384,0,2931712,0.0,36814848,326,2,280,44,0,13.0,0.8,0.0,86.3,0.0,0.0,0.0,0.0,15794.9 MiB,3770.2 MiB,2200.2 MiB,9824.4 MiB,4096.0 MiB,3452.5 MiB,643.5 MiB,12978.8 MiB,,0,02.51
6,2020-04-29,nbody_50000000_original,13.14.0,nbody_6_original.js 50000000,3,1695225988,2849031,node,3.68,593707008,36814848,28327936,93.8,0.2,7.0,7.0,0:03,0,65282048,53264384,0,2931712,0.0,36814848,326,2,280,44,0,13.0,0.8,0.0,86.3,0.0,0.0,0.0,0.0,15794.9 MiB,3771.2 MiB,2199.3 MiB,9824.4 MiB,4096.0 MiB,3452.5 MiB,643.5 MiB,12979.8 MiB,,0,03.68
7,2020-04-29,nbody_50000000_original,13.14.0,nbody_6_original.js 50000000,0,1695225989,2849063,node,0.17,593702912,36737024,28323840,100.0,0.2,7.0,5.0,0:00,0,65282048,53260288,0,2938880,0.0,36737024,326,2,280,44,0,14.3,0.8,0.0,85.0,0.0,0.0,0.0,0.0,15794.9 MiB,3765.0 MiB,2198.4 MiB,9831.4 MiB,4096.0 MiB,3452.5 MiB,643.5 MiB,12973.6 MiB,,0,00.17
7,2020-04-29,nbody_50000000_original,13.14.0,nbody_6_original.js 50000000,1,1695225990,2849063,node,1.34,593702912,36737024,28323840,93.8,0.2,7.0,5.0,0:01,0,65282048,53260288,0,2938880,0.0,36737024,326,2,280,44,0,13.0,0.8,0.0,86.3,0.0,0.0,0.0,0.0,15794.9 MiB,3764.8 MiB,2198.7 MiB,9831.4 MiB,4096.0 MiB,3452.5 MiB,643.5 MiB,12973.4 MiB,,0,01.34
7,2020-04-29,nbody_50000000_original,13.14.0,nbody_6_original.js 50000000,2,1695225991,2849063,node,2.51,593702912,36737024,28323840,100.0,0.2,7.0,5.0,0:02,0,65282048,53260288,0,2938880,0.0,36737024,326,2,280,44,0,13.0,0.8,0.0,85.5,0.0,0.0,0.8,0.0,15794.9 MiB,3768.6 MiB,2201.7 MiB,9824.6 MiB,4096.0 MiB,3452.5 MiB,643.5 MiB,12977.2 MiB,,0,02.51
7,2020-04-29,nbody_50000000_original,13.14.0,nbody_6_original.js 50000000,3,1695225993,2849063,node,3.69,593702912,36737024,28323840,100.0,0.2,7.0,5.0,0:03,0,65282048,53260288,0,2938880,0.0,36737024,326,2,280,44,0,12.2,1.5,0.0,86.3,0.0,0.0,0.0,0.0,15794.9 MiB,3769.5 MiB,2201.0 MiB,9824.4 MiB,4096.0 MiB,3452.5 MiB,643.5 MiB,12978.1 MiB,,0,03.69
8,2020-04-29,nbody_50000000_original,13.14.0,nbody_6_original.js 50000000,0,1695225994,2849094,node,0.16,593379328,36790272,28459008,106.7,0.2,7.0,5.0,0:00,0,65282048,52936704,0,2936832,0.0,36790272,326,2,280,44,0,13.7,1.5,0.0,84.7,0.0,0.0,0.0,0.0,15794.9 MiB,3764.7 MiB,2198.7 MiB,9831.5 MiB,4096.0 MiB,3452.5 MiB,643.5 MiB,12973.3 MiB,,0,00.16
8,2020-04-29,nbody_50000000_original,13.14.0,nbody_6_original.js 50000000,1,1695225995,2849094,node,1.33,593379328,36790272,28459008,93.8,0.2,7.0,5.0,0:01,0,65282048,52936704,0,2936832,0.0,36790272,326,2,280,44,0,12.9,0.8,0.0,86.4,0.0,0.0,0.0,0.0,15794.9 MiB,3763.8 MiB,2199.5 MiB,9831.5 MiB,4096.0 MiB,3452.5 MiB,643.5 MiB,12972.4 MiB,,0,01.33
8,2020-04-29,nbody_50000000_original,13.14.0,nbody_6_original.js 50000000,2,1695225996,2849094,node,2.51,593379328,36790272,28459008,100.0,0.2,7.0,5.0,0:02,0,65282048,52936704,0,2936832,0.0,36790272,326,2,280,44,0,12.3,0.8,0.0,86.9,0.0,0.0,0.0,0.0,15794.9 MiB,3764.8 MiB,2205.5 MiB,9824.5 MiB,4096.0 MiB,3452.5 MiB,643.5 MiB,12973.4 MiB,,0,02.51
8,2020-04-29,nbody_50000000_original,13.14.0,nbody_6_original.js 50000000,3,1695225997,2849094,node,3.68,593379328,36790272,28459008,100.0,0.2,7.0,5.0,0:03,0,65282048,52936704,0,2936832,0.0,36790272,326,2,280,44,0,13.0,0.8,0.0,86.3,0.0,0.0,0.0,0.0,15794.9 MiB,3764.8 MiB,2205.5 MiB,9824.5 MiB,4096.0 MiB,3452.5 MiB,643.5 MiB,12973.4 MiB,,0,03.68
9,2020-04-29,nbody_50000000_original,13.14.0,nbody_6_original.js 50000000,0,1695225998,2849125,node,0.16,593383424,36716544,28381184,100.0,0.2,7.0,4.0,0:00,0,65282048,52940800,0,2930688,0.0,36716544,326,2,280,44,0,13.2,1.6,0.0,85.3,0.0,0.0,0.0,0.0,15794.9 MiB,3759.7 MiB,2203.7 MiB,9831.5 MiB,4096.0 MiB,3452.5 MiB,643.5 MiB,12968.3 MiB,,0,00.16
9,2020-04-29,nbody_50000000_original,13.14.0,nbody_6_original.js 50000000,1,1695226000,2849125,node,1.33,593383424,36716544,28381184,100.0,0.2,7.0,4.0,0:01,0,65282048,52940800,0,2930688,0.0,36716544,326,2,280,44,0,13.6,0.8,0.0,85.6,0.0,0.0,0.0,0.0,15794.9 MiB,3757.9 MiB,2205.4 MiB,9831.6 MiB,4096.0 MiB,3452.5 MiB,643.5 MiB,12966.5 MiB,,0,01.33
9,2020-04-29,nbody_50000000_original,13.14.0,nbody_6_original.js 50000000,2,1695226001,2849125,node,2.51,593383424,36716544,28381184,100.0,0.2,7.0,4.0,0:02,0,65282048,52940800,0,2930688,0.0,36716544,326,2,280,44,0,12.3,1.5,0.0,84.6,1.5,0.0,0.0,0.0,15794.9 MiB,3762.6 MiB,2206.8 MiB,9825.5 MiB,4096.0 MiB,3452.5 MiB,643.5 MiB,12972.2 MiB,,0,02.51
9,2020-04-29,nbody_50000000_original,13.14.0,nbody_6_original.js 50000000,3,1695226002,2849125,node,3.68,593383424,36716544,28381184,106.7,0.2,7.0,4.0,0:03,0,65282048,52940800,0,2930688,0.0,36716544,326,2,280,44,0,13.0,0.8,0.0,86.3,0.0,0.0,0.0,0.0,15794.9 MiB,3761.4 MiB,2208.0 MiB,9825.5 MiB,4096.0 MiB,3452.5 MiB,643.5 MiB,12970.9 MiB,,0,03.68
10,2020-04-29,nbody_50000000_original,13.14.0,nbody_6_original.js 50000000,0,1695226003,2849156,node,0.16,593702912,36663296,28246016,100.0,0.2,7.0,0.0,0:00,0,65282048,53260288,0,2933760,0.0,36663296,326,2,280,44,0,13.8,0.0,0.0,86.2,0.0,0.0,0.0,0.0,15794.9 MiB,3765.3 MiB,2197.1 MiB,9832.5 MiB,4096.0 MiB,3452.5 MiB,643.5 MiB,12974.9 MiB,,0,00.16
10,2020-04-29,nbody_50000000_original,13.14.0,nbody_6_original.js 50000000,1,1695226004,2849156,node,1.34,593702912,36663296,28246016,100.0,0.2,7.0,0.0,0:01,0,65282048,53260288,0,2933760,0.0,36663296,326,2,280,44,0,12.3,0.8,0.0,86.9,0.0,0.0,0.0,0.0,15794.9 MiB,3764.8 MiB,2197.6 MiB,9832.5 MiB,4096.0 MiB,3452.5 MiB,643.5 MiB,12974.4 MiB,,0,01.34
10,2020-04-29,nbody_50000000_original,13.14.0,nbody_6_original.js 50000000,2,1695226006,2849156,node,2.51,593702912,36663296,28246016,100.0,0.2,7.0,0.0,0:02,0,65282048,53260288,0,2933760,0.0,36663296,326,2,280,44,0,13.0,0.8,0.0,86.3,0.0,0.0,0.0,0.0,15794.9 MiB,3771.5 MiB,2197.9 MiB,9825.5 MiB,4096.0 MiB,3452.5 MiB,643.5 MiB,12981.0 MiB,,0,02.51
10,2020-04-29,nbody_50000000_original,13.14.0,nbody_6_original.js 50000000,3,1695226007,2849156,node,3.68,593702912,36663296,28246016,93.8,0.2,7.0,0.0,0:03,0,65282048,53260288,0,2933760,0.0,36663296,326,2,280,44,0,13.0,0.8,0.0,86.3,0.0,0.0,0.0,0.0,15794.9 MiB,3770.8 MiB,2198.6 MiB,9825.5 MiB,4096.0 MiB,3452.5 MiB,643.5 MiB,12980.3 MiB,,0,03.68
1,2023-02-16,nbody_50000000_original,14.21.3,nbody_6_original.js 50000000,0,1695226473,2850032,node,0.17,595333120,38666240,29925376,100.0,0.2,7.0,5.0,0:00,0,66723840,53596160,0,3136512,0.0,38666240,326,2,280,44,0,13.4,3.0,0.0,83.6,0.0,0.0,0.0,0.0,15794.9 MiB,3757.4 MiB,2204.4 MiB,9833.0 MiB,4096.0 MiB,3452.5 MiB,643.5 MiB,12968.0 MiB,,0,00.17
1,2023-02-16,nbody_50000000_original,14.21.3,nbody_6_original.js 50000000,1,1695226474,2850032,node,1.34,595333120,38666240,29925376,100.0,0.2,7.0,1.0,0:01,0,66723840,53596160,0,3136512,0.0,38666240,326,2,280,44,0,13.0,0.8,0.0,86.3,0.0,0.0,0.0,0.0,15794.9 MiB,3757.0 MiB,2204.4 MiB,9833.5 MiB,4096.0 MiB,3452.5 MiB,643.5 MiB,12967.6 MiB,,0,01.34
1,2023-02-16,nbody_50000000_original,14.21.3,nbody_6_original.js 50000000,2,1695226475,2850032,node,2.52,595333120,38666240,29925376,100.0,0.2,7.0,1.0,0:02,0,66723840,53596160,0,3136512,0.0,38666240,326,2,280,44,0,12.8,1.5,0.0,85.7,0.0,0.0,0.0,0.0,15794.9 MiB,3764.1 MiB,2204.3 MiB,9826.5 MiB,4096.0 MiB,3452.5 MiB,643.5 MiB,12974.7 MiB,,0,02.52
1,2023-02-16,nbody_50000000_original,14.21.3,nbody_6_original.js 50000000,3,1695226476,2850032,node,3.69,595333120,38666240,29925376,100.0,0.2,7.0,1.0,0:03,0,66723840,53596160,0,3136512,0.0,38666240,326,2,280,44,0,13.6,0.8,0.0,85.6,0.0,0.0,0.0,0.0,15794.9 MiB,3763.6 MiB,2204.8 MiB,9826.5 MiB,4096.0 MiB,3452.5 MiB,643.5 MiB,12974.2 MiB,,0,03.69
1,2023-02-16,nbody_50000000_original,14.21.3,nbody_6_original.js 50000000,4,1695226477,2850032,node,4.86,595333120,38666240,29925376,100.0,0.2,7.0,1.0,0:04,0,66723840,53596160,0,3136512,0.0,38666240,326,2,280,44,0,13.0,0.8,0.0,85.5,0.0,0.0,0.8,0.0,15794.9 MiB,3762.9 MiB,2205.5 MiB,9826.5 MiB,4096.0 MiB,3452.5 MiB,643.5 MiB,12973.5 MiB,,0,04.86
2,2023-02-16,nbody_50000000_original,14.21.3,nbody_6_original.js 50000000,0,1695226478,2850069,node,0.17,595070976,38920192,30060544,100.0,0.2,7.0,3.0,0:00,0,66723840,53334016,0,3148800,0.0,38920192,326,2,280,44,0,14.3,3.0,0.0,80.5,2.3,0.0,0.0,0.0,15794.9 MiB,3754.8 MiB,2204.7 MiB,9835.4 MiB,4096.0 MiB,3452.5 MiB,643.5 MiB,12967.3 MiB,,0,00.17
2,2023-02-16,nbody_50000000_original,14.21.3,nbody_6_original.js 50000000,1,1695226480,2850069,node,1.34,595070976,38920192,30060544,106.7,0.2,7.0,3.0,0:01,0,66723840,53334016,0,3148800,0.0,38920192,326,2,280,44,0,13.5,0.8,0.0,85.7,0.0,0.0,0.0,0.0,15794.9 MiB,3753.5 MiB,2205.9 MiB,9835.4 MiB,4096.0 MiB,3452.5 MiB,643.5 MiB,12966.1 MiB,,0,01.34
2,2023-02-16,nbody_50000000_original,14.21.3,nbody_6_original.js 50000000,2,1695226481,2850069,node,2.52,595070976,38920192,30060544,100.0,0.2,7.0,3.0,0:02,0,66723840,53334016,0,3148800,0.0,38920192,326,2,280,44,0,13.0,0.8,0.0,86.3,0.0,0.0,0.0,0.0,15794.9 MiB,3759.0 MiB,2207.5 MiB,9828.4 MiB,4096.0 MiB,3452.5 MiB,643.5 MiB,12971.5 MiB,,0,02.52
2,2023-02-16,nbody_50000000_original,14.21.3,nbody_6_original.js 50000000,3,1695226482,2850069,node,3.69,595070976,38920192,30060544,100.0,0.2,7.0,3.0,0:03,0,66723840,53334016,0,3148800,0.0,38920192,326,2,280,44,0,12.4,1.6,0.0,86.0,0.0,0.0,0.0,0.0,15794.9 MiB,3758.5 MiB,2208.0 MiB,9828.4 MiB,4096.0 MiB,3452.5 MiB,643.5 MiB,12971.0 MiB,,0,03.69
2,2023-02-16,nbody_50000000_original,14.21.3,nbody_6_original.js 50000000,4,1695226483,2850069,node,4.86,595070976,38920192,30060544,93.8,0.2,7.0,3.0,0:04,0,66723840,53334016,0,3148800,0.0,38920192,326,2,280,44,0,13.0,0.8,0.0,86.3,0.0,0.0,0.0,0.0,15794.9 MiB,3760.4 MiB,2206.0 MiB,9828.4 MiB,4096.0 MiB,3452.5 MiB,643.5 MiB,12973.0 MiB,,0,04.86
3,2023-02-16,nbody_50000000_original,14.21.3,nbody_6_original.js 50000000,0,1695226484,2850106,node,0.16,595300352,38846464,29872128,100.0,0.2,7.0,1.0,0:00,0,66723840,53579776,0,3207168,0.0,38846464,326,2,280,44,0,13.6,1.5,0.0,84.8,0.0,0.0,0.0,0.0,15794.9 MiB,3757.5 MiB,2202.0 MiB,9835.4 MiB,4096.0 MiB,3452.5 MiB,643.5 MiB,12970.0 MiB,,0,00.16
3,2023-02-16,nbody_50000000_original,14.21.3,nbody_6_original.js 50000000,1,1695226486,2850106,node,1.33,595300352,38846464,29872128,106.7,0.2,7.0,1.0,0:01,0,66723840,53579776,0,3207168,0.0,38846464,326,2,280,44,0,13.6,0.8,0.0,85.6,0.0,0.0,0.0,0.0,15794.9 MiB,3758.0 MiB,2201.5 MiB,9835.4 MiB,4096.0 MiB,3452.5 MiB,643.5 MiB,12970.5 MiB,,0,01.33
3,2023-02-16,nbody_50000000_original,14.21.3,nbody_6_original.js 50000000,2,1695226487,2850106,node,2.51,595300352,38846464,29872128,100.0,0.2,7.0,1.0,0:02,0,66723840,53579776,0,3207168,0.0,38846464,326,2,280,44,0,13.0,0.8,0.0,86.3,0.0,0.0,0.0,0.0,15794.9 MiB,3764.1 MiB,2202.3 MiB,9828.4 MiB,4096.0 MiB,3452.5 MiB,643.5 MiB,12976.7 MiB,,0,02.51
3,2023-02-16,nbody_50000000_original,14.21.3,nbody_6_original.js 50000000,3,1695226488,2850106,node,3.68,595300352,38846464,29872128,100.0,0.2,7.0,1.0,0:03,0,66723840,53579776,0,3207168,0.0,38846464,326,2,280,44,0,12.9,1.5,0.0,85.6,0.0,0.0,0.0,0.0,15794.9 MiB,3764.9 MiB,2201.6 MiB,9828.4 MiB,4096.0 MiB,3452.5 MiB,643.5 MiB,12977.4 MiB,,0,03.68
3,2023-02-16,nbody_50000000_original,14.21.3,nbody_6_original.js 50000000,4,1695226489,2850106,node,4.85,595300352,38846464,29872128,100.0,0.2,7.0,5.0,0:04,0,66723840,53579776,0,3207168,0.0,38846464,326,2,280,44,0,13.0,1.5,0.0,85.5,0.0,0.0,0.0,0.0,15794.9 MiB,3765.9 MiB,2200.6 MiB,9828.4 MiB,4096.0 MiB,3452.5 MiB,643.5 MiB,12978.4 MiB,,0,04.85
4,2023-02-16,nbody_50000000_original,14.21.3,nbody_6_original.js 50000000,0,1695226490,2850143,node,0.16,595349504,39239680,30031872,100.0,0.2,7.0,0.0,0:00,0,66723840,53612544,0,3210240,0.0,39239680,326,2,280,44,0,14.5,0.8,0.0,84.7,0.0,0.0,0.0,0.0,15794.9 MiB,3762.7 MiB,2196.8 MiB,9835.4 MiB,4096.0 MiB,3452.5 MiB,643.5 MiB,12975.2 MiB,,0,00.16
4,2023-02-16,nbody_50000000_original,14.21.3,nbody_6_original.js 50000000,1,1695226491,2850143,node,1.33,595349504,39239680,30031872,93.8,0.2,7.0,0.0,0:01,0,66723840,53612544,0,3210240,0.0,39239680,326,2,280,44,0,12.3,0.8,0.0,86.9,0.0,0.0,0.0,0.0,15794.9 MiB,3761.7 MiB,2197.8 MiB,9835.4 MiB,4096.0 MiB,3452.5 MiB,643.5 MiB,12974.3 MiB,,0,01.33
4,2023-02-16,nbody_50000000_original,14.21.3,nbody_6_original.js 50000000,2,1695226493,2850143,node,2.51,595349504,39239680,30031872,100.0,0.2,7.0,0.0,0:02,0,66723840,53612544,0,3210240,0.0,39239680,326,2,280,44,0,12.9,0.8,0.0,86.4,0.0,0.0,0.0,0.0,15794.9 MiB,3762.4 MiB,2204.0 MiB,9828.4 MiB,4096.0 MiB,3452.5 MiB,643.5 MiB,12975.0 MiB,,0,02.51
4,2023-02-16,nbody_50000000_original,14.21.3,nbody_6_original.js 50000000,3,1695226494,2850143,node,3.68,595349504,39239680,30031872,100.0,0.2,7.0,0.0,0:03,0,66723840,53612544,0,3210240,0.0,39239680,326,2,280,44,0,12.9,0.8,0.0,86.4,0.0,0.0,0.0,0.0,15794.9 MiB,3762.7 MiB,2203.8 MiB,9828.4 MiB,4096.0 MiB,3452.5 MiB,643.5 MiB,12975.2 MiB,,0,03.68
4,2023-02-16,nbody_50000000_original,14.21.3,nbody_6_original.js 50000000,4,1695226495,2850143,node,4.86,595349504,39239680,30031872,100.0,0.2,7.0,4.0,0:04,0,66723840,53612544,0,3210240,0.0,39239680,326,2,280,44,0,13.0,0.8,0.0,86.3,0.0,0.0,0.0,0.0,15794.9 MiB,3763.4 MiB,2203.0 MiB,9828.4 MiB,4096.0 MiB,3452.5 MiB,643.5 MiB,12976.0 MiB,,0,04.86
5,2023-02-16,nbody_50000000_original,14.21.3,nbody_6_original.js 50000000,0,1695226496,2850180,node,0.17,595353600,38907904,29872128,106.2,0.2,7.0,5.0,0:00,0,66723840,53633024,0,3211264,0.0,38907904,326,2,280,44,0,14.5,1.4,0.0,84.1,0.0,0.0,0.0,0.0,15794.9 MiB,3757.0 MiB,2202.4 MiB,9835.4 MiB,4096.0 MiB,3452.5 MiB,643.5 MiB,12969.6 MiB,,0,00.17
5,2023-02-16,nbody_50000000_original,14.21.3,nbody_6_original.js 50000000,1,1695226497,2850180,node,1.35,595353600,38907904,29872128,100.0,0.2,7.0,5.0,0:01,0,66723840,53633024,0,3211264,0.0,38907904,326,2,280,44,0,13.7,0.8,0.0,85.5,0.0,0.0,0.0,0.0,15794.9 MiB,3755.3 MiB,2204.1 MiB,9835.4 MiB,4096.0 MiB,3452.5 MiB,643.5 MiB,12967.9 MiB,,0,01.35
5,2023-02-16,nbody_50000000_original,14.21.3,nbody_6_original.js 50000000,2,1695226498,2850180,node,2.52,595353600,38907904,29872128,93.8,0.2,7.0,5.0,0:02,0,66723840,53633024,0,3211264,0.0,38907904,326,2,280,44,0,12.3,0.8,0.0,86.9,0.0,0.0,0.0,0.0,15794.9 MiB,3764.4 MiB,2201.8 MiB,9828.6 MiB,4096.0 MiB,3452.5 MiB,643.5 MiB,12977.0 MiB,,0,02.52
5,2023-02-16,nbody_50000000_original,14.21.3,nbody_6_original.js 50000000,3,1695226500,2850180,node,3.69,595353600,38907904,29872128,100.0,0.2,7.0,5.0,0:03,0,66723840,53633024,0,3211264,0.0,38907904,326,2,280,44,0,13.0,0.8,0.0,86.3,0.0,0.0,0.0,0.0,15794.9 MiB,3763.9 MiB,2202.5 MiB,9828.5 MiB,4096.0 MiB,3452.5 MiB,643.5 MiB,12976.5 MiB,,0,03.69
5,2023-02-16,nbody_50000000_original,14.21.3,nbody_6_original.js 50000000,4,1695226501,2850180,node,4.87,595353600,38907904,29872128,100.0,0.2,7.0,1.0,0:04,0,66723840,53633024,0,3211264,0.0,38907904,326,2,280,44,0,13.5,1.5,0.0,85.0,0.0,0.0,0.0,0.0,15794.9 MiB,3763.4 MiB,2202.9 MiB,9828.5 MiB,4096.0 MiB,3452.5 MiB,643.5 MiB,12976.0 MiB,,0,04.87
6,2023-02-16,nbody_50000000_original,14.21.3,nbody_6_original.js 50000000,0,1695226502,2850231,node,0.17,595353600,39063552,30031872,113.3,0.2,7.0,1.0,0:00,0,66723840,53612544,0,3212288,0.0,39063552,326,2,280,44,0,14.5,0.8,0.0,84.7,0.0,0.0,0.0,0.0,15794.9 MiB,3757.8 MiB,2201.5 MiB,9835.6 MiB,4096.0 MiB,3452.5 MiB,643.5 MiB,12970.6 MiB,,0,00.17
6,2023-02-16,nbody_50000000_original,14.21.3,nbody_6_original.js 50000000,1,1695226503,2850231,node,1.34,595353600,39063552,30031872,100.0,0.2,7.0,1.0,0:01,0,66723840,53612544,0,3212288,0.0,39063552,326,2,280,44,0,13.7,0.0,0.0,86.3,0.0,0.0,0.0,0.0,15794.9 MiB,3755.8 MiB,2203.4 MiB,9835.6 MiB,4096.0 MiB,3452.5 MiB,643.5 MiB,12968.6 MiB,,0,01.34
6,2023-02-16,nbody_50000000_original,14.21.3,nbody_6_original.js 50000000,2,1695226504,2850231,node,2.52,595353600,39063552,30031872,100.0,0.2,7.0,1.0,0:02,0,66723840,53612544,0,3212288,0.0,39063552,326,2,280,44,0,13.0,0.8,0.0,86.3,0.0,0.0,0.0,0.0,15794.9 MiB,3756.1 MiB,2203.2 MiB,9835.6 MiB,4096.0 MiB,3452.5 MiB,643.5 MiB,12968.8 MiB,,0,02.52
6,2023-02-16,nbody_50000000_original,14.21.3,nbody_6_original.js 50000000,3,1695226505,2850231,node,3.69,595353600,39063552,30031872,100.0,0.2,7.0,1.0,0:03,0,66723840,53612544,0,3212288,0.0,39063552,325,2,279,44,0,13.1,0.0,0.0,86.9,0.0,0.0,0.0,0.0,15794.9 MiB,3760.8 MiB,2205.5 MiB,9828.6 MiB,4096.0 MiB,3452.5 MiB,643.5 MiB,12973.5 MiB,,0,03.69
6,2023-02-16,nbody_50000000_original,14.21.3,nbody_6_original.js 50000000,4,1695226507,2850231,node,4.86,595353600,39063552,30031872,100.0,0.2,7.0,1.0,0:04,0,66723840,53612544,0,3212288,0.0,39063552,325,2,279,44,0,13.1,0.0,0.0,86.9,0.0,0.0,0.0,0.0,15794.9 MiB,3761.0 MiB,2205.3 MiB,9828.6 MiB,4096.0 MiB,3452.5 MiB,643.5 MiB,12973.8 MiB,,0,04.86
7,2023-02-16,nbody_50000000_original,14.21.3,nbody_6_original.js 50000000,0,1695226508,2850268,node,0.16,595582976,39604224,30150656,100.0,0.2,7.0,4.0,0:00,0,66723840,53841920,0,3189760,0.0,39604224,325,2,279,44,0,14.3,1.5,0.0,83.5,0.8,0.0,0.0,0.0,15794.9 MiB,3761.0 MiB,2198.3 MiB,9835.6 MiB,4096.0 MiB,3452.5 MiB,643.5 MiB,12973.8 MiB,,0,00.16
7,2023-02-16,nbody_50000000_original,14.21.3,nbody_6_original.js 50000000,1,1695226509,2850268,node,1.34,595582976,39604224,30150656,100.0,0.2,7.0,4.0,0:01,0,66723840,53841920,0,3189760,0.0,39604224,326,2,280,44,0,13.0,0.8,0.0,86.3,0.0,0.0,0.0,0.0,15794.9 MiB,3756.6 MiB,2202.6 MiB,9835.6 MiB,4096.0 MiB,3452.5 MiB,643.5 MiB,12969.4 MiB,,0,01.34
7,2023-02-16,nbody_50000000_original,14.21.3,nbody_6_original.js 50000000,2,1695226510,2850268,node,2.51,595582976,39604224,30150656,100.0,0.2,7.0,0.0,0:02,0,66723840,53841920,0,3189760,0.0,39604224,325,2,279,44,0,12.4,0.0,0.0,87.6,0.0,0.0,0.0,0.0,15794.9 MiB,3765.7 MiB,2200.6 MiB,9828.6 MiB,4096.0 MiB,3452.5 MiB,643.5 MiB,12978.5 MiB,,0,02.51
7,2023-02-16,nbody_50000000_original,14.21.3,nbody_6_original.js 50000000,3,1695226511,2850268,node,3.69,595582976,39604224,30150656,100.0,0.2,7.0,0.0,0:03,0,66723840,53841920,0,3189760,0.0,39604224,325,2,279,44,0,12.9,0.8,0.0,86.4,0.0,0.0,0.0,0.0,15794.9 MiB,3765.5 MiB,2200.8 MiB,9828.6 MiB,4096.0 MiB,3452.5 MiB,643.5 MiB,12978.2 MiB,,0,03.69
7,2023-02-16,nbody_50000000_original,14.21.3,nbody_6_original.js 50000000,4,1695226513,2850268,node,4.86,595582976,39604224,30150656,100.0,0.2,7.0,4.0,0:04,0,66723840,53841920,0,3189760,0.0,39604224,325,2,279,44,0,12.9,1.5,0.0,84.8,0.0,0.0,0.8,0.0,15794.9 MiB,3765.2 MiB,2201.0 MiB,9828.6 MiB,4096.0 MiB,3452.5 MiB,643.5 MiB,12978.0 MiB,,0,04.86
8,2023-02-16,nbody_50000000_original,14.21.3,nbody_6_original.js 50000000,0,1695226514,2850309,node,0.16,595345408,38903808,29954048,100.0,0.2,7.0,7.0,0:00,0,66723840,53624832,0,3198976,0.0,38903808,325,2,279,44,0,13.8,0.8,0.0,85.4,0.0,0.0,0.0,0.0,15794.9 MiB,3758.1 MiB,2201.1 MiB,9835.7 MiB,4096.0 MiB,3452.5 MiB,643.5 MiB,12970.8 MiB,,0,00.16
8,2023-02-16,nbody_50000000_original,14.21.3,nbody_6_original.js 50000000,1,1695226515,2850309,node,1.33,595345408,38903808,29954048,93.8,0.2,7.0,3.0,0:01,0,66723840,53624832,0,3198976,0.0,38903808,325,2,279,44,0,13.1,0.0,0.0,86.9,0.0,0.0,0.0,0.0,15794.9 MiB,3757.8 MiB,2201.4 MiB,9835.6 MiB,4096.0 MiB,3452.5 MiB,643.5 MiB,12970.6 MiB,,0,01.33
8,2023-02-16,nbody_50000000_original,14.21.3,nbody_6_original.js 50000000,2,1695226516,2850309,node,2.51,595345408,38903808,29954048,106.7,0.2,7.0,7.0,0:02,0,66723840,53624832,0,3198976,0.0,38903808,325,2,279,44,0,12.2,0.8,0.0,87.0,0.0,0.0,0.0,0.0,15794.9 MiB,3766.2 MiB,2200.0 MiB,9828.6 MiB,4096.0 MiB,3452.5 MiB,643.5 MiB,12979.0 MiB,,0,02.51
8,2023-02-16,nbody_50000000_original,14.21.3,nbody_6_original.js 50000000,3,1695226517,2850309,node,3.69,595345408,38903808,29954048,100.0,0.2,7.0,7.0,0:03,0,66723840,53624832,0,3198976,0.0,38903808,325,2,279,44,0,13.0,0.8,0.0,86.3,0.0,0.0,0.0,0.0,15794.9 MiB,3765.2 MiB,2201.0 MiB,9828.6 MiB,4096.0 MiB,3452.5 MiB,643.5 MiB,12978.0 MiB,,0,03.69
8,2023-02-16,nbody_50000000_original,14.21.3,nbody_6_original.js 50000000,4,1695226518,2850309,node,4.86,595345408,38903808,29954048,100.0,0.2,7.0,7.0,0:04,0,66723840,53624832,0,3198976,0.0,38903808,325,2,279,44,0,12.8,1.5,0.0,85.7,0.0,0.0,0.0,0.0,15794.9 MiB,3765.0 MiB,2201.3 MiB,9828.6 MiB,4096.0 MiB,3452.5 MiB,643.5 MiB,12977.8 MiB,,0,04.86
9,2023-02-16,nbody_50000000_original,14.21.3,nbody_6_original.js 50000000,0,1695226520,2850346,node,0.17,595087360,39174144,30175232,106.2,0.2,7.0,2.0,0:00,0,66723840,53346304,0,3158016,0.0,39174144,325,2,279,44,0,13.9,1.5,0.0,84.7,0.0,0.0,0.0,0.0,15794.9 MiB,3756.9 MiB,2202.4 MiB,9835.6 MiB,4096.0 MiB,3452.5 MiB,643.5 MiB,12969.7 MiB,,0,00.17
9,2023-02-16,nbody_50000000_original,14.21.3,nbody_6_original.js 50000000,1,1695226521,2850346,node,1.35,595087360,39174144,30175232,100.0,0.2,7.0,6.0,0:01,0,66723840,53346304,0,3158016,0.0,39174144,325,2,279,44,0,13.1,0.0,0.0,86.9,0.0,0.0,0.0,0.0,15794.9 MiB,3756.6 MiB,2202.6 MiB,9835.6 MiB,4096.0 MiB,3452.5 MiB,643.5 MiB,12969.4 MiB,,0,01.35
9,2023-02-16,nbody_50000000_original,14.21.3,nbody_6_original.js 50000000,2,1695226522,2850346,node,2.52,595087360,39174144,30175232,106.7,0.2,7.0,6.0,0:02,0,66723840,53346304,0,3158016,0.0,39174144,325,2,279,44,0,12.9,1.5,0.0,85.6,0.0,0.0,0.0,0.0,15794.9 MiB,3762.8 MiB,2203.5 MiB,9828.6 MiB,4096.0 MiB,3452.5 MiB,643.5 MiB,12975.6 MiB,,0,02.52
9,2023-02-16,nbody_50000000_original,14.21.3,nbody_6_original.js 50000000,3,1695226523,2850346,node,3.7,595087360,39174144,30175232,100.0,0.2,7.0,6.0,0:03,0,66723840,53346304,0,3158016,0.0,39174144,325,2,279,44,0,12.8,1.5,0.0,85.7,0.0,0.0,0.0,0.0,15794.9 MiB,3761.6 MiB,2204.7 MiB,9828.6 MiB,4096.0 MiB,3452.5 MiB,643.5 MiB,12974.3 MiB,,0,03.70
9,2023-02-16,nbody_50000000_original,14.21.3,nbody_6_original.js 50000000,4,1695226524,2850346,node,4.87,595087360,39174144,30175232,106.7,0.2,7.0,6.0,0:04,0,66723840,53346304,0,3158016,0.0,39174144,325,2,279,44,0,13.0,0.8,0.0,86.3,0.0,0.0,0.0,0.0,15794.9 MiB,3761.8 MiB,2204.4 MiB,9828.6 MiB,4096.0 MiB,3452.5 MiB,643.5 MiB,12974.6 MiB,,0,04.87
10,2023-02-16,nbody_50000000_original,14.21.3,nbody_6_original.js 50000000,0,1695226525,2850384,node,0.16,595505152,39051264,30003200,93.8,0.2,7.0,0.0,0:00,0,66723840,53768192,0,3158016,0.0,39051264,326,2,280,44,0,15.0,0.8,0.0,84.2,0.0,0.0,0.0,0.0,15794.9 MiB,3757.6 MiB,2201.8 MiB,9835.5 MiB,4096.0 MiB,3452.5 MiB,643.5 MiB,12970.4 MiB,,0,00.16
10,2023-02-16,nbody_50000000_original,14.21.3,nbody_6_original.js 50000000,1,1695226527,2850384,node,1.34,595505152,39051264,30003200,100.0,0.2,7.0,4.0,0:01,0,66723840,53768192,0,3158016,0.0,39051264,326,2,280,44,0,12.9,1.5,0.0,85.6,0.0,0.0,0.0,0.0,15794.9 MiB,3756.7 MiB,2202.6 MiB,9835.6 MiB,4096.0 MiB,3452.5 MiB,643.5 MiB,12969.4 MiB,,0,01.34
10,2023-02-16,nbody_50000000_original,14.21.3,nbody_6_original.js 50000000,2,1695226528,2850384,node,2.51,595505152,39051264,30003200,100.0,0.2,7.0,4.0,0:02,0,66723840,53768192,0,3158016,0.0,39051264,326,2,280,44,0,13.6,0.8,0.0,85.6,0.0,0.0,0.0,0.0,15794.9 MiB,3763.8 MiB,2202.4 MiB,9828.6 MiB,4096.0 MiB,3452.5 MiB,643.5 MiB,12976.6 MiB,,0,02.51
10,2023-02-16,nbody_50000000_original,14.21.3,nbody_6_original.js 50000000,3,1695226529,2850384,node,3.69,595505152,39051264,30003200,100.0,0.2,7.0,0.0,0:03,0,66723840,53768192,0,3158016,0.0,39051264,325,2,279,44,0,13.0,0.8,0.0,86.3,0.0,0.0,0.0,0.0,15794.9 MiB,3763.3 MiB,2202.9 MiB,9828.6 MiB,4096.0 MiB,3452.5 MiB,643.5 MiB,12976.1 MiB,,0,03.69
10,2023-02-16,nbody_50000000_original,14.21.3,nbody_6_original.js 50000000,4,1695226530,2850384,node,4.86,595505152,39051264,30003200,100.0,0.2,7.0,0.0,0:04,0,66723840,53768192,0,3158016,0.0,39051264,325,2,279,44,0,12.9,1.5,0.0,85.6,0.0,0.0,0.0,0.0,15794.9 MiB,3765.0 MiB,2201.2 MiB,9828.6 MiB,4096.0 MiB,3452.5 MiB,643.5 MiB,12977.8 MiB,,0,04.86
1,2021-04-06,nbody_50000000_original,15.14.0,nbody_6_original.js 50000000,0,1695226997,2851317,node,0.17,592990208,37588992,29474816,106.2,0.2,7.0,7.0,0:00,0,66609152,51372032,0,3079168,0.0,37588992,325,2,279,44,0,15.0,1.5,0.0,83.5,0.0,0.0,0.0,0.0,15794.9 MiB,3759.0 MiB,2198.1 MiB,9837.7 MiB,4096.0 MiB,3452.5 MiB,643.5 MiB,12974.2 MiB,,0,00.17
1,2021-04-06,nbody_50000000_original,15.14.0,nbody_6_original.js 50000000,1,1695226998,2851317,node,1.34,592990208,37588992,29474816,100.0,0.2,7.0,7.0,0:01,0,66609152,51372032,0,3079168,0.0,37588992,326,2,280,44,0,13.5,2.3,0.0,84.2,0.0,0.0,0.0,0.0,15794.9 MiB,3767.1 MiB,2196.6 MiB,9831.2 MiB,4096.0 MiB,3452.5 MiB,643.5 MiB,12982.4 MiB,,0,01.34
1,2021-04-06,nbody_50000000_original,15.14.0,nbody_6_original.js 50000000,2,1695226999,2851317,node,2.52,592990208,37588992,29474816,100.0,0.2,7.0,7.0,0:02,0,66609152,51372032,0,3079168,0.0,37588992,326,2,280,44,0,12.9,0.8,0.0,86.4,0.0,0.0,0.0,0.0,15794.9 MiB,3766.1 MiB,2197.6 MiB,9831.2 MiB,4096.0 MiB,3452.5 MiB,643.5 MiB,12981.4 MiB,,0,02.52
1,2021-04-06,nbody_50000000_original,15.14.0,nbody_6_original.js 50000000,3,1695227000,2851317,node,3.69,592990208,37588992,29474816,106.7,0.2,7.0,7.0,0:03,0,66609152,51372032,0,3079168,0.0,37588992,326,2,280,44,0,13.6,0.8,0.0,85.6,0.0,0.0,0.0,0.0,15794.9 MiB,3765.4 MiB,2198.3 MiB,9831.2 MiB,4096.0 MiB,3452.5 MiB,643.5 MiB,12980.7 MiB,,0,03.69
1,2021-04-06,nbody_50000000_original,15.14.0,nbody_6_original.js 50000000,4,1695227001,2851317,node,4.86,592990208,37588992,29474816,93.8,0.2,7.0,7.0,0:04,0,66609152,51372032,0,3079168,0.0,37588992,326,2,280,44,0,12.2,1.5,0.0,86.3,0.0,0.0,0.0,0.0,15794.9 MiB,3765.4 MiB,2198.3 MiB,9831.2 MiB,4096.0 MiB,3452.5 MiB,643.5 MiB,12980.7 MiB,,0,04.86
2,2021-04-06,nbody_50000000_original,15.14.0,nbody_6_original.js 50000000,0,1695227003,2851355,node,0.17,592986112,37560320,29495296,113.3,0.2,7.0,1.0,0:00,0,66609152,51367936,0,3094528,0.0,37560320,326,2,280,44,0,13.0,2.3,0.0,84.7,0.0,0.0,0.0,0.0,15794.9 MiB,3752.3 MiB,2204.4 MiB,9838.2 MiB,4096.0 MiB,3452.5 MiB,643.5 MiB,12967.7 MiB,,0,00.17
2,2021-04-06,nbody_50000000_original,15.14.0,nbody_6_original.js 50000000,1,1695227004,2851355,node,1.34,592986112,37560320,29495296,100.0,0.2,7.0,1.0,0:01,0,66609152,51367936,0,3094528,0.0,37560320,326,2,280,44,0,13.0,0.8,0.0,86.3,0.0,0.0,0.0,0.0,15794.9 MiB,3752.1 MiB,2204.6 MiB,9838.2 MiB,4096.0 MiB,3452.5 MiB,643.5 MiB,12967.4 MiB,,0,01.34
2,2021-04-06,nbody_50000000_original,15.14.0,nbody_6_original.js 50000000,2,1695227005,2851355,node,2.51,592986112,37560320,29495296,93.8,0.2,7.0,1.0,0:02,0,66609152,51367936,0,3094528,0.0,37560320,326,2,280,44,0,12.8,1.5,0.0,85.7,0.0,0.0,0.0,0.0,15794.9 MiB,3758.7 MiB,2205.0 MiB,9831.2 MiB,4096.0 MiB,3452.5 MiB,643.5 MiB,12974.1 MiB,,0,02.51
2,2021-04-06,nbody_50000000_original,15.14.0,nbody_6_original.js 50000000,3,1695227006,2851355,node,3.69,592986112,37560320,29495296,100.0,0.2,7.0,1.0,0:03,0,66609152,51367936,0,3094528,0.0,37560320,326,2,280,44,0,13.0,0.8,0.0,86.3,0.0,0.0,0.0,0.0,15794.9 MiB,3758.0 MiB,2205.7 MiB,9831.2 MiB,4096.0 MiB,3452.5 MiB,643.5 MiB,12973.3 MiB,,0,03.69
2,2021-04-06,nbody_50000000_original,15.14.0,nbody_6_original.js 50000000,4,1695227007,2851355,node,4.86,592986112,37560320,29495296,100.0,0.2,7.0,5.0,0:04,0,66609152,51367936,0,3094528,0.0,37560320,326,2,280,44,0,13.0,0.8,0.0,86.3,0.0,0.0,0.0,0.0,15794.9 MiB,3757.0 MiB,2206.7 MiB,9831.2 MiB,4096.0 MiB,3452.5 MiB,643.5 MiB,12972.3 MiB,,0,04.86
3,2021-04-06,nbody_50000000_original,15.14.0,nbody_6_original.js 50000000,0,1695227009,2851392,node,0.17,592986112,37494784,29429760,100.0,0.2,7.0,6.0,0:00,0,66609152,51367936,0,3084288,0.0,37494784,326,2,280,44,0,13.6,1.5,0.0,84.8,0.0,0.0,0.0,0.0,15794.9 MiB,3752.8 MiB,2203.9 MiB,9838.2 MiB,4096.0 MiB,3452.5 MiB,643.5 MiB,12968.2 MiB,,0,00.17
3,2021-04-06,nbody_50000000_original,15.14.0,nbody_6_original.js 50000000,1,1695227010,2851392,node,1.34,592986112,37494784,29429760,100.0,0.2,7.0,6.0,0:01,0,66609152,51367936,0,3084288,0.0,37494784,326,2,280,44,0,12.2,0.8,0.0,87.0,0.0,0.0,0.0,0.0,15794.9 MiB,3751.4 MiB,2205.3 MiB,9838.2 MiB,4096.0 MiB,3452.5 MiB,643.5 MiB,12966.7 MiB,,0,01.34
3,2021-04-06,nbody_50000000_original,15.14.0,nbody_6_original.js 50000000,2,1695227011,2851392,node,2.51,592986112,37494784,29429760,106.7,0.2,7.0,2.0,0:02,0,66609152,51367936,0,3084288,0.0,37494784,326,2,280,44,0,13.0,0.8,0.0,86.3,0.0,0.0,0.0,0.0,15794.9 MiB,3758.8 MiB,2205.0 MiB,9831.2 MiB,4096.0 MiB,3452.5 MiB,643.5 MiB,12974.1 MiB,,0,02.51
3,2021-04-06,nbody_50000000_original,15.14.0,nbody_6_original.js 50000000,3,1695227012,2851392,node,3.69,592986112,37494784,29429760,100.0,0.2,7.0,2.0,0:03,0,66609152,51367936,0,3084288,0.0,37494784,326,2,280,44,0,13.0,0.8,0.0,86.3,0.0,0.0,0.0,0.0,15794.9 MiB,3759.2 MiB,2204.5 MiB,9831.2 MiB,4096.0 MiB,3452.5 MiB,643.5 MiB,12974.6 MiB,,0,03.69
3,2021-04-06,nbody_50000000_original,15.14.0,nbody_6_original.js 50000000,4,1695227013,2851392,node,4.86,592986112,37494784,29429760,100.0,0.2,7.0,2.0,0:04,0,66609152,51367936,0,3084288,0.0,37494784,326,2,280,44,0,13.6,1.5,0.0,84.8,0.0,0.0,0.0,0.0,15794.9 MiB,3760.5 MiB,2203.2 MiB,9831.2 MiB,4096.0 MiB,3452.5 MiB,643.5 MiB,12975.8 MiB,,0,04.86
4,2021-04-06,nbody_50000000_original,15.14.0,nbody_6_original.js 50000000,0,1695227014,2851429,node,0.16,592986112,37523456,29462528,93.8,0.2,7.0,4.0,0:00,0,66609152,51367936,0,3087360,0.0,37523456,326,2,280,44,0,14.4,0.8,0.0,84.8,0.0,0.0,0.0,0.0,15794.9 MiB,3747.9 MiB,2208.8 MiB,9838.2 MiB,4096.0 MiB,3452.5 MiB,643.5 MiB,12963.3 MiB,,0,00.16
4,2021-04-06,nbody_50000000_original,15.14.0,nbody_6_original.js 50000000,1,1695227016,2851429,node,1.34,592986112,37523456,29462528,100.0,0.2,7.0,4.0,0:01,0,66609152,51367936,0,3087360,0.0,37523456,326,2,280,44,0,12.9,1.5,0.0,85.6,0.0,0.0,0.0,0.0,15794.9 MiB,3747.7 MiB,2209.0 MiB,9838.2 MiB,4096.0 MiB,3452.5 MiB,643.5 MiB,12963.0 MiB,,0,01.34
4,2021-04-06,nbody_50000000_original,15.14.0,nbody_6_original.js 50000000,2,1695227017,2851429,node,2.51,592986112,37523456,29462528,93.8,0.2,7.0,4.0,0:02,0,66609152,51367936,0,3087360,0.0,37523456,326,2,280,44,0,13.6,0.0,0.0,86.4,0.0,0.0,0.0,0.0,15794.9 MiB,3754.1 MiB,2209.6 MiB,9831.2 MiB,4096.0 MiB,3452.5 MiB,643.5 MiB,12969.4 MiB,,0,02.51
4,2021-04-06,nbody_50000000_original,15.14.0,nbody_6_original.js 50000000,3,1695227018,2851429,node,3.69,592986112,37523456,29462528,100.0,0.2,7.0,4.0,0:03,0,66609152,51367936,0,3087360,0.0,37523456,326,2,280,44,0,13.0,0.8,0.0,86.3,0.0,0.0,0.0,0.0,15794.9 MiB,3752.9 MiB,2210.8 MiB,9831.2 MiB,4096.0 MiB,3452.5 MiB,643.5 MiB,12968.2 MiB,,0,03.69
4,2021-04-06,nbody_50000000_original,15.14.0,nbody_6_original.js 50000000,4,1695227019,2851429,node,4.86,592986112,37523456,29462528,106.7,0.2,7.0,4.0,0:04,0,66609152,51367936,0,3087360,0.0,37523456,326,2,280,44,0,12.9,0.8,0.0,86.4,0.0,0.0,0.0,0.0,15794.9 MiB,3751.9 MiB,2211.8 MiB,9831.2 MiB,4096.0 MiB,3452.5 MiB,643.5 MiB,12967.2 MiB,,0,04.86
5,2021-04-06,nbody_50000000_original,15.14.0,nbody_6_original.js 50000000,0,1695227020,2851469,node,0.16,593010688,37490688,29425664,100.0,0.2,7.0,2.0,0:00,0,66609152,51392512,0,3089408,0.0,37490688,326,2,280,44,0,14.2,1.5,0.0,83.6,0.0,0.0,0.7,0.0,15794.9 MiB,3745.2 MiB,2211.4 MiB,9838.2 MiB,4096.0 MiB,3452.5 MiB,643.5 MiB,12960.6 MiB,,0,00.16
5,2021-04-06,nbody_50000000_original,15.14.0,nbody_6_original.js 50000000,1,1695227021,2851469,node,1.34,593010688,37490688,29425664,106.7,0.2,7.0,6.0,0:01,0,66609152,51392512,0,3089408,0.0,37490688,326,2,280,44,0,12.1,1.5,0.0,86.4,0.0,0.0,0.0,0.0,15794.9 MiB,3744.0 MiB,2212.7 MiB,9838.2 MiB,4096.0 MiB,3452.5 MiB,643.5 MiB,12959.3 MiB,,0,01.34
5,2021-04-06,nbody_50000000_original,15.14.0,nbody_6_original.js 50000000,2,1695227023,2851469,node,2.51,593010688,37490688,29425664,93.8,0.2,7.0,6.0,0:02,0,66609152,51392512,0,3089408,0.0,37490688,326,2,280,44,0,13.1,0.0,0.0,86.9,0.0,0.0,0.0,0.0,15794.9 MiB,3750.7 MiB,2213.0 MiB,9831.2 MiB,4096.0 MiB,3452.5 MiB,643.5 MiB,12966.0 MiB,,0,02.51
5,2021-04-06,nbody_50000000_original,15.14.0,nbody_6_original.js 50000000,3,1695227024,2851469,node,3.69,593010688,37490688,29425664,100.0,0.2,7.0,6.0,0:03,0,66609152,51392512,0,3089408,0.0,37490688,326,2,280,44,0,13.0,0.8,0.0,86.3,0.0,0.0,0.0,0.0,15794.9 MiB,3750.4 MiB,2213.3 MiB,9831.2 MiB,4096.0 MiB,3452.5 MiB,643.5 MiB,12965.8 MiB,,0,03.69
5,2021-04-06,nbody_50000000_original,15.14.0,nbody_6_original.js 50000000,4,1695227025,2851469,node,4.86,593010688,37490688,29425664,106.7,0.2,7.0,6.0,0:04,0,66609152,51392512,0,3089408,0.0,37490688,326,2,280,44,0,13.1,0.0,0.0,86.2,0.8,0.0,0.0,0.0,15794.9 MiB,3750.7 MiB,2213.0 MiB,9831.2 MiB,4096.0 MiB,3452.5 MiB,643.5 MiB,12966.0 MiB,,0,04.86
6,2021-04-06,nbody_50000000_original,15.14.0,nbody_6_original.js 50000000,0,1695227026,2851507,node,0.17,592977920,37568512,29495296,100.0,0.2,7.0,7.0,0:00,0,66609152,51359744,0,3089408,0.0,37568512,326,2,280,44,0,12.9,2.3,0.0,84.8,0.0,0.0,0.0,0.0,15794.9 MiB,3751.9 MiB,2204.8 MiB,9838.2 MiB,4096.0 MiB,3452.5 MiB,643.5 MiB,12967.2 MiB,,0,00.17
6,2021-04-06,nbody_50000000_original,15.14.0,nbody_6_original.js 50000000,1,1695227027,2851507,node,1.34,592977920,37568512,29495296,106.7,0.2,7.0,7.0,0:01,0,66609152,51359744,0,3089408,0.0,37568512,326,2,280,44,0,13.0,0.8,0.0,86.3,0.0,0.0,0.0,0.0,15794.9 MiB,3751.9 MiB,2204.8 MiB,9838.2 MiB,4096.0 MiB,3452.5 MiB,643.5 MiB,12967.2 MiB,,0,01.34
6,2021-04-06,nbody_50000000_original,15.14.0,nbody_6_original.js 50000000,2,1695227028,2851507,node,2.51,592977920,37568512,29495296,93.8,0.2,7.0,7.0,0:02,0,66609152,51359744,0,3089408,0.0,37568512,326,3,279,44,0,13.0,1.5,0.0,85.5,0.0,0.0,0.0,0.0,15794.9 MiB,3757.8 MiB,2205.9 MiB,9831.2 MiB,4096.0 MiB,3452.5 MiB,643.5 MiB,12973.2 MiB,,0,02.51
6,2021-04-06,nbody_50000000_original,15.14.0,nbody_6_original.js 50000000,3,1695227030,2851507,node,3.69,592977920,37568512,29495296,100.0,0.2,7.0,7.0,0:03,0,66609152,51359744,0,3089408,0.0,37568512,326,2,280,44,0,13.0,0.8,0.0,86.3,0.0,0.0,0.0,0.0,15794.9 MiB,3757.6 MiB,2206.1 MiB,9831.2 MiB,4096.0 MiB,3452.5 MiB,643.5 MiB,12972.9 MiB,,0,03.69
6,2021-04-06,nbody_50000000_original,15.14.0,nbody_6_original.js 50000000,4,1695227031,2851507,node,4.86,592977920,37568512,29495296,100.0,0.2,7.0,7.0,0:04,0,66609152,51359744,0,3089408,0.0,37568512,326,2,280,44,0,12.2,0.8,0.0,86.3,0.8,0.0,0.0,0.0,15794.9 MiB,3758.1 MiB,2205.6 MiB,9831.2 MiB,4096.0 MiB,3452.5 MiB,643.5 MiB,12973.4 MiB,,0,04.86
7,2021-04-06,nbody_50000000_original,15.14.0,nbody_6_original.js 50000000,0,1695227032,2851544,node,0.16,593010688,37564416,29507584,100.0,0.2,7.0,1.0,0:00,0,66609152,51392512,0,3087360,0.0,37564416,326,2,280,44,0,13.1,1.5,0.0,85.4,0.0,0.0,0.0,0.0,15794.9 MiB,3751.9 MiB,2204.7 MiB,9838.2 MiB,4096.0 MiB,3452.5 MiB,643.5 MiB,12967.3 MiB,,0,00.16
7,2021-04-06,nbody_50000000_original,15.14.0,nbody_6_original.js 50000000,1,1695227033,2851544,node,1.33,593010688,37564416,29507584,106.7,0.2,7.0,1.0,0:01,0,66609152,51392512,0,3087360,0.0,37564416,326,2,280,44,0,13.0,0.8,0.0,86.3,0.0,0.0,0.0,0.0,15794.9 MiB,3752.4 MiB,2204.3 MiB,9838.2 MiB,4096.0 MiB,3452.5 MiB,643.5 MiB,12967.8 MiB,,0,01.33
7,2021-04-06,nbody_50000000_original,15.14.0,nbody_6_original.js 50000000,2,1695227034,2851544,node,2.5,593010688,37564416,29507584,93.8,0.2,7.0,1.0,0:02,0,66609152,51392512,0,3087360,0.0,37564416,326,2,280,44,0,13.6,0.0,0.0,86.4,0.0,0.0,0.0,0.0,15794.9 MiB,3759.6 MiB,2204.1 MiB,9831.2 MiB,4096.0 MiB,3452.5 MiB,643.5 MiB,12974.9 MiB,,0,02.50
7,2021-04-06,nbody_50000000_original,15.14.0,nbody_6_original.js 50000000,3,1695227036,2851544,node,3.68,593010688,37564416,29507584,100.0,0.2,7.0,1.0,0:03,0,66609152,51392512,0,3087360,0.0,37564416,326,2,280,44,0,13.0,0.8,0.0,86.3,0.0,0.0,0.0,0.0,15794.9 MiB,3760.5 MiB,2203.1 MiB,9831.2 MiB,4096.0 MiB,3452.5 MiB,643.5 MiB,12975.9 MiB,,0,03.68
7,2021-04-06,nbody_50000000_original,15.14.0,nbody_6_original.js 50000000,4,1695227037,2851544,node,4.85,593010688,37564416,29507584,100.0,0.2,7.0,1.0,0:04,0,66609152,51392512,0,3087360,0.0,37564416,326,2,280,44,0,13.0,0.8,0.0,86.3,0.0,0.0,0.0,0.0,15794.9 MiB,3761.8 MiB,2201.9 MiB,9831.2 MiB,4096.0 MiB,3452.5 MiB,643.5 MiB,12977.1 MiB,,0,04.85
8,2021-04-06,nbody_50000000_original,15.14.0,nbody_6_original.js 50000000,0,1695227038,2851581,node,0.16,592986112,37531648,29474816,100.0,0.2,7.0,4.0,0:00,0,66609152,51367936,0,3095552,0.0,37531648,326,2,280,44,0,15.0,1.5,0.0,83.5,0.0,0.0,0.0,0.0,15794.9 MiB,3755.4 MiB,2201.3 MiB,9838.2 MiB,4096.0 MiB,3452.5 MiB,643.5 MiB,12970.7 MiB,,0,00.16
8,2021-04-06,nbody_50000000_original,15.14.0,nbody_6_original.js 50000000,1,1695227039,2851581,node,1.33,592986112,37531648,29474816,106.7,0.2,7.0,0.0,0:01,0,66609152,51367936,0,3095552,0.0,37531648,326,2,280,44,0,14.3,0.8,0.0,85.0,0.0,0.0,0.0,0.0,15794.9 MiB,3753.7 MiB,2203.0 MiB,9838.2 MiB,4096.0 MiB,3452.5 MiB,643.5 MiB,12969.0 MiB,,0,01.33
8,2021-04-06,nbody_50000000_original,15.14.0,nbody_6_original.js 50000000,2,1695227040,2851581,node,2.5,592986112,37531648,29474816,93.8,0.2,7.0,0.0,0:02,0,66609152,51367936,0,3095552,0.0,37531648,326,2,280,44,0,12.9,1.5,0.0,85.6,0.0,0.0,0.0,0.0,15794.9 MiB,3760.1 MiB,2203.6 MiB,9831.2 MiB,4096.0 MiB,3452.5 MiB,643.5 MiB,12975.4 MiB,,0,02.50
8,2021-04-06,nbody_50000000_original,15.14.0,nbody_6_original.js 50000000,3,1695227041,2851581,node,3.68,592986112,37531648,29474816,100.0,0.2,7.0,0.0,0:03,0,66609152,51367936,0,3095552,0.0,37531648,326,2,280,44,0,12.3,0.8,0.0,86.9,0.0,0.0,0.0,0.0,15794.9 MiB,3761.3 MiB,2202.3 MiB,9831.2 MiB,4096.0 MiB,3452.5 MiB,643.5 MiB,12976.7 MiB,,0,03.68
8,2021-04-06,nbody_50000000_original,15.14.0,nbody_6_original.js 50000000,4,1695227043,2851581,node,4.85,592986112,37531648,29474816,93.8,0.2,7.0,0.0,0:04,0,66609152,51367936,0,3095552,0.0,37531648,326,2,280,44,0,13.1,0.8,0.0,86.2,0.0,0.0,0.0,0.0,15794.9 MiB,3761.5 MiB,2202.1 MiB,9831.2 MiB,4096.0 MiB,3452.5 MiB,643.5 MiB,12976.9 MiB,,0,04.85
9,2021-04-06,nbody_50000000_original,15.14.0,nbody_6_original.js 50000000,0,1695227044,2851618,node,0.17,592986112,37601280,29499392,100.0,0.2,7.0,7.0,0:00,0,66609152,51367936,0,3090432,0.0,37601280,326,2,280,44,0,13.0,0.8,0.0,86.3,0.0,0.0,0.0,0.0,15794.9 MiB,3755.3 MiB,2201.3 MiB,9838.3 MiB,4096.0 MiB,3452.5 MiB,643.5 MiB,12970.6 MiB,,0,00.17
9,2021-04-06,nbody_50000000_original,15.14.0,nbody_6_original.js 50000000,1,1695227045,2851618,node,1.34,592986112,37601280,29499392,100.0,0.2,7.0,7.0,0:01,0,66609152,51367936,0,3090432,0.0,37601280,326,2,280,44,0,13.5,1.5,0.0,85.0,0.0,0.0,0.0,0.0,15794.9 MiB,3755.1 MiB,2201.4 MiB,9838.3 MiB,4096.0 MiB,3452.5 MiB,643.5 MiB,12970.5 MiB,,0,01.34
9,2021-04-06,nbody_50000000_original,15.14.0,nbody_6_original.js 50000000,2,1695227046,2851618,node,2.51,592986112,37601280,29499392,93.8,0.2,7.0,7.0,0:02,0,66609152,51367936,0,3090432,0.0,37601280,326,2,280,44,0,12.9,1.5,0.0,85.6,0.0,0.0,0.0,0.0,15794.9 MiB,3761.5 MiB,2202.1 MiB,9831.2 MiB,4096.0 MiB,3452.5 MiB,643.5 MiB,12976.9 MiB,,0,02.51
9,2021-04-06,nbody_50000000_original,15.14.0,nbody_6_original.js 50000000,3,1695227047,2851618,node,3.69,592986112,37601280,29499392,100.0,0.2,7.0,7.0,0:03,0,66609152,51367936,0,3090432,0.0,37601280,326,2,280,44,0,12.9,0.8,0.0,86.4,0.0,0.0,0.0,0.0,15794.9 MiB,3761.3 MiB,2202.3 MiB,9831.2 MiB,4096.0 MiB,3452.5 MiB,643.5 MiB,12976.7 MiB,,0,03.69
9,2021-04-06,nbody_50000000_original,15.14.0,nbody_6_original.js 50000000,4,1695227048,2851618,node,4.86,592986112,37601280,29499392,93.8,0.2,7.0,7.0,0:04,0,66609152,51367936,0,3090432,0.0,37601280,326,2,280,44,0,12.9,1.5,0.0,85.6,0.0,0.0,0.0,0.0,15794.9 MiB,3759.8 MiB,2203.8 MiB,9831.2 MiB,4096.0 MiB,3452.5 MiB,643.5 MiB,12975.2 MiB,,0,04.86
10,2021-04-06,nbody_50000000_original,15.14.0,nbody_6_original.js 50000000,0,1695227050,2851655,node,0.16,592986112,37470208,29425664,100.0,0.2,7.0,5.0,0:00,0,66609152,51367936,0,3085312,0.0,37470208,326,2,280,44,0,14.2,2.2,0.0,83.6,0.0,0.0,0.0,0.0,15794.9 MiB,3755.4 MiB,2201.2 MiB,9838.2 MiB,4096.0 MiB,3452.5 MiB,643.5 MiB,12970.8 MiB,,0,00.16
10,2021-04-06,nbody_50000000_original,15.14.0,nbody_6_original.js 50000000,1,1695227051,2851655,node,1.34,592986112,37470208,29425664,100.0,0.2,7.0,5.0,0:01,0,66609152,51367936,0,3085312,0.0,37470208,326,2,280,44,0,13.1,0.8,0.0,86.2,0.0,0.0,0.0,0.0,15794.9 MiB,3755.9 MiB,2200.7 MiB,9838.2 MiB,4096.0 MiB,3452.5 MiB,643.5 MiB,12971.3 MiB,,0,01.34
10,2021-04-06,nbody_50000000_original,15.14.0,nbody_6_original.js 50000000,2,1695227052,2851655,node,2.51,592986112,37470208,29425664,100.0,0.2,7.0,5.0,0:02,0,66609152,51367936,0,3085312,0.0,37470208,326,2,280,44,0,13.0,0.8,0.0,86.3,0.0,0.0,0.0,0.0,15794.9 MiB,3760.1 MiB,2203.5 MiB,9831.2 MiB,4096.0 MiB,3452.5 MiB,643.5 MiB,12975.5 MiB,,0,02.51
10,2021-04-06,nbody_50000000_original,15.14.0,nbody_6_original.js 50000000,3,1695227053,2851655,node,3.68,592986112,37470208,29425664,93.8,0.2,7.0,5.0,0:03,0,66609152,51367936,0,3085312,0.0,37470208,326,2,280,44,0,12.9,1.5,0.0,85.6,0.0,0.0,0.0,0.0,15794.9 MiB,3760.6 MiB,2203.1 MiB,9831.2 MiB,4096.0 MiB,3452.5 MiB,643.5 MiB,12976.0 MiB,,0,03.68
10,2021-04-06,nbody_50000000_original,15.14.0,nbody_6_original.js 50000000,4,1695227054,2851655,node,4.86,592986112,37470208,29425664,100.0,0.2,7.0,5.0,0:04,0,66609152,51367936,0,3085312,0.0,37470208,326,2,280,44,0,13.0,0.8,0.0,86.3,0.0,0.0,0.0,0.0,15794.9 MiB,3760.6 MiB,2203.0 MiB,9831.3 MiB,4096.0 MiB,3452.5 MiB,643.5 MiB,12976.0 MiB,,0,04.86
1,2023-08-08,nbody_50000000_original,16.20.2,nbody_6_original.js 50000000,0,1695227520,2852582,node,0.16,600027136,40046592,31244288,100.0,0.2,7.0,6.0,0:00,0,72847360,52092928,0,3462144,0.0,40046592,327,2,281,44,0,12.8,3.0,0.0,83.5,0.8,0.0,0.0,0.0,15794.9 MiB,3756.0 MiB,2198.1 MiB,9840.8 MiB,4096.0 MiB,3452.5 MiB,643.5 MiB,12974.1 MiB,,0,00.16
1,2023-08-08,nbody_50000000_original,16.20.2,nbody_6_original.js 50000000,1,1695227521,2852582,node,1.33,600027136,40046592,31244288,106.7,0.2,7.0,6.0,0:01,0,72847360,52092928,0,3462144,0.0,40046592,327,2,281,44,0,12.2,1.5,0.0,86.3,0.0,0.0,0.0,0.0,15794.9 MiB,3755.8 MiB,2198.1 MiB,9841.0 MiB,4096.0 MiB,3452.5 MiB,643.5 MiB,12973.9 MiB,,0,01.33
1,2023-08-08,nbody_50000000_original,16.20.2,nbody_6_original.js 50000000,2,1695227523,2852582,node,2.51,600027136,40046592,31244288,100.0,0.2,7.0,6.0,0:02,0,72847360,52092928,0,3462144,0.0,40046592,327,2,281,44,0,13.6,0.8,0.0,85.6,0.0,0.0,0.0,0.0,15794.9 MiB,3761.9 MiB,2198.9 MiB,9834.0 MiB,4096.0 MiB,3452.5 MiB,643.5 MiB,12980.1 MiB,,0,02.51
1,2023-08-08,nbody_50000000_original,16.20.2,nbody_6_original.js 50000000,3,1695227524,2852582,node,3.68,600027136,40046592,31244288,93.8,0.2,7.0,6.0,0:03,0,72847360,52092928,0,3462144,0.0,40046592,327,2,281,44,0,12.8,1.5,0.0,85.7,0.0,0.0,0.0,0.0,15794.9 MiB,3761.2 MiB,2199.7 MiB,9834.0 MiB,4096.0 MiB,3452.5 MiB,643.5 MiB,12979.4 MiB,,0,03.68
1,2023-08-08,nbody_50000000_original,16.20.2,nbody_6_original.js 50000000,4,1695227525,2852582,node,4.85,600027136,40046592,31244288,93.8,0.2,7.0,6.0,0:04,0,72847360,52092928,0,3462144,0.0,40046592,327,2,281,44,0,13.1,1.5,0.0,85.4,0.0,0.0,0.0,0.0,15794.9 MiB,3759.0 MiB,2201.9 MiB,9834.0 MiB,4096.0 MiB,3452.5 MiB,643.5 MiB,12977.1 MiB,,0,04.85
2,2023-08-08,nbody_50000000_original,16.20.2,nbody_6_original.js 50000000,0,1695227526,2852619,node,0.17,600031232,40058880,31252480,100.0,0.2,7.0,7.0,0:00,0,72847360,52097024,0,3474432,0.0,40058880,327,2,281,44,0,14.3,1.5,0.0,84.2,0.0,0.0,0.0,0.0,15794.9 MiB,3754.3 MiB,2199.5 MiB,9841.0 MiB,4096.0 MiB,3452.5 MiB,643.5 MiB,12972.5 MiB,,0,00.17
2,2023-08-08,nbody_50000000_original,16.20.2,nbody_6_original.js 50000000,1,1695227527,2852619,node,1.34,600031232,40058880,31252480,100.0,0.2,7.0,7.0,0:01,0,72847360,52097024,0,3474432,0.0,40058880,327,2,281,44,0,12.8,1.5,0.0,85.7,0.0,0.0,0.0,0.0,15794.9 MiB,3754.1 MiB,2199.8 MiB,9841.0 MiB,4096.0 MiB,3452.5 MiB,643.5 MiB,12972.2 MiB,,0,01.34
2,2023-08-08,nbody_50000000_original,16.20.2,nbody_6_original.js 50000000,2,1695227528,2852619,node,2.51,600031232,40058880,31252480,93.8,0.2,7.0,7.0,0:02,0,72847360,52097024,0,3474432,0.0,40058880,327,2,281,44,0,13.6,0.8,0.0,85.6,0.0,0.0,0.0,0.0,15794.9 MiB,3760.7 MiB,2200.1 MiB,9834.0 MiB,4096.0 MiB,3452.5 MiB,643.5 MiB,12978.9 MiB,,0,02.51
2,2023-08-08,nbody_50000000_original,16.20.2,nbody_6_original.js 50000000,3,1695227530,2852619,node,3.69,600031232,40058880,31252480,106.7,0.2,7.0,7.0,0:03,0,72847360,52097024,0,3474432,0.0,40058880,327,2,281,44,0,12.3,0.8,0.0,86.9,0.0,0.0,0.0,0.0,15794.9 MiB,3761.7 MiB,2199.1 MiB,9834.0 MiB,4096.0 MiB,3452.5 MiB,643.5 MiB,12979.9 MiB,,0,03.69
2,2023-08-08,nbody_50000000_original,16.20.2,nbody_6_original.js 50000000,4,1695227531,2852619,node,4.86,600031232,40058880,31252480,93.8,0.2,7.0,7.0,0:04,0,72847360,52097024,0,3474432,0.0,40058880,327,2,281,44,0,12.1,1.5,0.0,86.4,0.0,0.0,0.0,0.0,15794.9 MiB,3761.7 MiB,2199.1 MiB,9834.0 MiB,4096.0 MiB,3452.5 MiB,643.5 MiB,12979.9 MiB,,0,04.86
3,2023-08-08,nbody_50000000_original,16.20.2,nbody_6_original.js 50000000,0,1695227532,2852656,node,0.16,600031232,40095744,31289344,100.0,0.2,7.0,4.0,0:00,0,72847360,52097024,0,3471360,0.0,40095744,327,2,281,44,0,13.2,1.5,0.0,85.3,0.0,0.0,0.0,0.0,15794.9 MiB,3754.3 MiB,2199.5 MiB,9841.0 MiB,4096.0 MiB,3452.5 MiB,643.5 MiB,12972.5 MiB,,0,00.16
3,2023-08-08,nbody_50000000_original,16.20.2,nbody_6_original.js 50000000,1,1695227533,2852656,node,1.34,600031232,40095744,31289344,100.0,0.2,7.0,0.0,0:01,0,72847360,52097024,0,3471360,0.0,40095744,327,2,281,44,0,13.0,1.5,0.0,85.5,0.0,0.0,0.0,0.0,15794.9 MiB,3752.9 MiB,2201.0 MiB,9841.0 MiB,4096.0 MiB,3452.5 MiB,643.5 MiB,12971.0 MiB,,0,01.34
3,2023-08-08,nbody_50000000_original,16.20.2,nbody_6_original.js 50000000,2,1695227534,2852656,node,2.51,600031232,40095744,31289344,93.8,0.2,7.0,0.0,0:02,0,72847360,52097024,0,3471360,0.0,40095744,327,2,281,44,0,13.0,0.8,0.0,86.3,0.0,0.0,0.0,0.0,15794.9 MiB,3758.3 MiB,2202.6 MiB,9834.0 MiB,4096.0 MiB,3452.5 MiB,643.5 MiB,12976.4 MiB,,0,02.51
3,2023-08-08,nbody_50000000_original,16.20.2,nbody_6_original.js 50000000,3,1695227535,2852656,node,3.69,600031232,40095744,31289344,106.7,0.2,7.0,0.0,0:03,0,72847360,52097024,0,3471360,0.0,40095744,327,2,281,44,0,12.9,0.8,0.0,86.4,0.0,0.0,0.0,0.0,15794.9 MiB,3757.1 MiB,2203.8 MiB,9834.0 MiB,4096.0 MiB,3452.5 MiB,643.5 MiB,12975.2 MiB,,0,03.69
3,2023-08-08,nbody_50000000_original,16.20.2,nbody_6_original.js 50000000,4,1695227537,2852656,node,4.86,600031232,40095744,31289344,100.0,0.2,7.0,0.0,0:04,0,72847360,52097024,0,3471360,0.0,40095744,327,2,281,44,0,12.9,0.8,0.0,86.4,0.0,0.0,0.0,0.0,15794.9 MiB,3758.5 MiB,2202.3 MiB,9834.0 MiB,4096.0 MiB,3452.5 MiB,643.5 MiB,12976.7 MiB,,0,04.86
4,2023-08-08,nbody_50000000_original,16.20.2,nbody_6_original.js 50000000,0,1695227538,2852693,node,0.16,600031232,39927808,31125504,106.7,0.2,7.0,3.0,0:00,0,72847360,52097024,0,3468288,0.0,39927808,327,2,281,44,0,13.6,1.5,0.0,84.1,0.8,0.0,0.0,0.0,15794.9 MiB,3751.9 MiB,2202.1 MiB,9840.9 MiB,4096.0 MiB,3452.5 MiB,643.5 MiB,12970.1 MiB,,0,00.16
4,2023-08-08,nbody_50000000_original,16.20.2,nbody_6_original.js 50000000,1,1695227539,2852693,node,1.33,600031232,39927808,31125504,93.8,0.2,7.0,3.0,0:01,0,72847360,52097024,0,3468288,0.0,39927808,327,2,281,44,0,12.9,0.8,0.0,86.4,0.0,0.0,0.0,0.0,15794.9 MiB,3750.7 MiB,2203.2 MiB,9841.0 MiB,4096.0 MiB,3452.5 MiB,643.5 MiB,12968.8 MiB,,0,01.33
4,2023-08-08,nbody_50000000_original,16.20.2,nbody_6_original.js 50000000,2,1695227540,2852693,node,2.51,600031232,39927808,31125504,106.7,0.2,7.0,7.0,0:02,0,72847360,52097024,0,3468288,0.0,39927808,327,2,281,44,0,13.1,0.8,0.0,86.2,0.0,0.0,0.0,0.0,15794.9 MiB,3757.8 MiB,2203.0 MiB,9834.0 MiB,4096.0 MiB,3452.5 MiB,643.5 MiB,12976.0 MiB,,0,02.51
4,2023-08-08,nbody_50000000_original,16.20.2,nbody_6_original.js 50000000,3,1695227541,2852693,node,3.68,600031232,39927808,31125504,93.8,0.2,7.0,7.0,0:03,0,72847360,52097024,0,3468288,0.0,39927808,327,2,281,44,0,13.0,0.8,0.0,86.3,0.0,0.0,0.0,0.0,15794.9 MiB,3757.6 MiB,2203.3 MiB,9834.0 MiB,4096.0 MiB,3452.5 MiB,643.5 MiB,12975.7 MiB,,0,03.68
4,2023-08-08,nbody_50000000_original,16.20.2,nbody_6_original.js 50000000,4,1695227543,2852693,node,4.86,600031232,39927808,31125504,100.0,0.2,7.0,7.0,0:04,0,72847360,52097024,0,3468288,0.0,39927808,327,2,281,44,0,13.4,1.5,0.0,85.1,0.0,0.0,0.0,0.0,15794.9 MiB,3756.8 MiB,2204.0 MiB,9834.0 MiB,4096.0 MiB,3452.5 MiB,643.5 MiB,12975.0 MiB,,0,04.86
5,2023-08-08,nbody_50000000_original,16.20.2,nbody_6_original.js 50000000,0,1695227544,2852734,node,0.17,600027136,40005632,31207424,100.0,0.2,7.0,2.0,0:00,0,72847360,52092928,0,3473408,0.0,40005632,327,2,281,44,0,13.2,0.8,0.0,86.0,0.0,0.0,0.0,0.0,15794.9 MiB,3751.2 MiB,2202.7 MiB,9841.0 MiB,4096.0 MiB,3452.5 MiB,643.5 MiB,12969.4 MiB,,0,00.17
5,2023-08-08,nbody_50000000_original,16.20.2,nbody_6_original.js 50000000,1,1695227545,2852734,node,1.34,600027136,40005632,31207424,100.0,0.2,7.0,2.0,0:01,0,72847360,52092928,0,3473408,0.0,40005632,327,2,281,44,0,12.3,0.8,0.0,86.9,0.0,0.0,0.0,0.0,15794.9 MiB,3752.2 MiB,2201.7 MiB,9841.1 MiB,4096.0 MiB,3452.5 MiB,643.5 MiB,12970.4 MiB,,0,01.34
5,2023-08-08,nbody_50000000_original,16.20.2,nbody_6_original.js 50000000,2,1695227546,2852734,node,2.52,600027136,40005632,31207424,100.0,0.2,7.0,6.0,0:02,0,72847360,52092928,0,3473408,0.0,40005632,327,2,281,44,0,13.0,0.8,0.0,86.3,0.0,0.0,0.0,0.0,15794.9 MiB,3752.9 MiB,2207.8 MiB,9834.1 MiB,4096.0 MiB,3452.5 MiB,643.5 MiB,12971.1 MiB,,0,02.52
5,2023-08-08,nbody_50000000_original,16.20.2,nbody_6_original.js 50000000,3,1695227547,2852734,node,3.69,600027136,40005632,31207424,100.0,0.2,7.0,2.0,0:03,0,72847360,52092928,0,3473408,0.0,40005632,327,2,281,44,0,13.1,0.8,0.0,86.2,0.0,0.0,0.0,0.0,15794.9 MiB,3754.2 MiB,2206.6 MiB,9834.1 MiB,4096.0 MiB,3452.5 MiB,643.5 MiB,12972.4 MiB,,0,03.69
5,2023-08-08,nbody_50000000_original,16.20.2,nbody_6_original.js 50000000,4,1695227548,2852734,node,4.86,600027136,40005632,31207424,100.0,0.2,7.0,2.0,0:04,0,72847360,52092928,0,3473408,0.0,40005632,327,2,281,44,0,12.2,2.3,0.0,85.5,0.0,0.0,0.0,0.0,15794.9 MiB,3752.4 MiB,2208.3 MiB,9834.1 MiB,4096.0 MiB,3452.5 MiB,643.5 MiB,12970.7 MiB,,0,04.86
6,2023-08-08,nbody_50000000_original,16.20.2,nbody_6_original.js 50000000,0,1695227550,2852771,node,0.17,600031232,40108032,31305728,100.0,0.2,7.0,5.0,0:00,0,72847360,52097024,0,3475456,0.0,40108032,327,2,281,44,0,13.2,1.5,0.0,85.3,0.0,0.0,0.0,0.0,15794.9 MiB,3748.8 MiB,2205.0 MiB,9841.1 MiB,4096.0 MiB,3452.5 MiB,643.5 MiB,12967.0 MiB,,0,00.17
6,2023-08-08,nbody_50000000_original,16.20.2,nbody_6_original.js 50000000,1,1695227551,2852771,node,1.35,600031232,40108032,31305728,100.0,0.2,7.0,5.0,0:01,0,72847360,52097024,0,3475456,0.0,40108032,327,2,281,44,0,13.6,0.8,0.0,85.6,0.0,0.0,0.0,0.0,15794.9 MiB,3749.2 MiB,2204.5 MiB,9841.1 MiB,4096.0 MiB,3452.5 MiB,643.5 MiB,12967.5 MiB,,0,01.35
6,2023-08-08,nbody_50000000_original,16.20.2,nbody_6_original.js 50000000,2,1695227552,2852771,node,2.52,600031232,40108032,31305728,93.8,0.2,7.0,5.0,0:02,0,72847360,52097024,0,3475456,0.0,40108032,327,2,281,44,0,13.0,0.8,0.0,86.3,0.0,0.0,0.0,0.0,15794.9 MiB,3756.9 MiB,2203.9 MiB,9834.1 MiB,4096.0 MiB,3452.5 MiB,643.5 MiB,12975.1 MiB,,0,02.52
6,2023-08-08,nbody_50000000_original,16.20.2,nbody_6_original.js 50000000,3,1695227553,2852771,node,3.69,600031232,40108032,31305728,93.8,0.2,7.0,5.0,0:03,0,72847360,52097024,0,3475456,0.0,40108032,327,2,281,44,0,12.9,0.8,0.0,86.4,0.0,0.0,0.0,0.0,15794.9 MiB,3755.9 MiB,2204.9 MiB,9834.1 MiB,4096.0 MiB,3452.5 MiB,643.5 MiB,12974.1 MiB,,0,03.69
6,2023-08-08,nbody_50000000_original,16.20.2,nbody_6_original.js 50000000,4,1695227554,2852771,node,4.87,600031232,40108032,31305728,106.7,0.2,7.0,5.0,0:04,0,72847360,52097024,0,3475456,0.0,40108032,327,2,281,44,0,12.9,1.5,0.0,85.6,0.0,0.0,0.0,0.0,15794.9 MiB,3755.7 MiB,2205.1 MiB,9834.1 MiB,4096.0 MiB,3452.5 MiB,643.5 MiB,12973.9 MiB,,0,04.87
7,2023-08-08,nbody_50000000_original,16.20.2,nbody_6_original.js 50000000,0,1695227555,2852808,node,0.16,600031232,40075264,31264768,100.0,0.2,7.0,1.0,0:00,0,72847360,52097024,0,3476480,0.0,40075264,327,2,281,44,0,14.9,2.2,0.0,82.8,0.0,0.0,0.0,0.0,15794.9 MiB,3748.8 MiB,2205.0 MiB,9841.1 MiB,4096.0 MiB,3452.5 MiB,643.5 MiB,12967.0 MiB,,0,00.16
7,2023-08-08,nbody_50000000_original,16.20.2,nbody_6_original.js 50000000,1,1695227557,2852808,node,1.33,600031232,40075264,31264768,100.0,0.2,7.0,1.0,0:01,0,72847360,52097024,0,3476480,0.0,40075264,327,2,281,44,0,13.0,0.8,0.0,86.3,0.0,0.0,0.0,0.0,15794.9 MiB,3749.3 MiB,2204.5 MiB,9841.1 MiB,4096.0 MiB,3452.5 MiB,643.5 MiB,12967.5 MiB,,0,01.33
7,2023-08-08,nbody_50000000_original,16.20.2,nbody_6_original.js 50000000,2,1695227558,2852808,node,2.51,600031232,40075264,31264768,100.0,0.2,7.0,1.0,0:02,0,72847360,52097024,0,3476480,0.0,40075264,327,2,281,44,0,13.0,0.8,0.0,86.3,0.0,0.0,0.0,0.0,15794.9 MiB,3755.7 MiB,2205.1 MiB,9834.1 MiB,4096.0 MiB,3452.5 MiB,643.5 MiB,12973.9 MiB,,0,02.51
7,2023-08-08,nbody_50000000_original,16.20.2,nbody_6_original.js 50000000,3,1695227559,2852808,node,3.68,600031232,40075264,31264768,100.0,0.2,7.0,1.0,0:03,0,72847360,52097024,0,3476480,0.0,40075264,327,2,281,44,0,12.2,1.5,0.0,86.3,0.0,0.0,0.0,0.0,15794.9 MiB,3754.7 MiB,2206.1 MiB,9834.1 MiB,4096.0 MiB,3452.5 MiB,643.5 MiB,12972.9 MiB,,0,03.68
7,2023-08-08,nbody_50000000_original,16.20.2,nbody_6_original.js 50000000,4,1695227560,2852808,node,4.86,600031232,40075264,31264768,100.0,0.2,7.0,1.0,0:04,0,72847360,52097024,0,3476480,0.0,40075264,327,2,281,44,0,12.9,0.8,0.0,86.4,0.0,0.0,0.0,0.0,15794.9 MiB,3753.7 MiB,2207.0 MiB,9834.1 MiB,4096.0 MiB,3452.5 MiB,643.5 MiB,12971.9 MiB,,0,04.86
8,2023-08-08,nbody_50000000_original,16.20.2,nbody_6_original.js 50000000,0,1695227561,2852845,node,0.16,600031232,40058880,31252480,100.0,0.2,7.0,0.0,0:00,0,72847360,52097024,0,3480576,0.0,40058880,327,2,281,44,0,14.3,1.5,0.0,84.2,0.0,0.0,0.0,0.0,15794.9 MiB,3746.3 MiB,2207.4 MiB,9841.1 MiB,4096.0 MiB,3452.5 MiB,643.5 MiB,12964.5 MiB,,0,00.16
8,2023-08-08,nbody_50000000_original,16.20.2,nbody_6_original.js 50000000,1,1695227562,2852845,node,1.33,600031232,40058880,31252480,93.8,0.2,7.0,0.0,0:01,0,72847360,52097024,0,3480576,0.0,40058880,327,2,281,44,0,12.1,1.5,0.0,86.4,0.0,0.0,0.0,0.0,15794.9 MiB,3746.3 MiB,2207.4 MiB,9841.1 MiB,4096.0 MiB,3452.5 MiB,643.5 MiB,12964.5 MiB,,0,01.33
8,2023-08-08,nbody_50000000_original,16.20.2,nbody_6_original.js 50000000,2,1695227564,2852845,node,2.51,600031232,40058880,31252480,93.8,0.2,7.0,4.0,0:02,0,72847360,52097024,0,3480576,0.0,40058880,327,2,281,44,0,13.0,0.8,0.0,86.3,0.0,0.0,0.0,0.0,15794.9 MiB,3752.7 MiB,2208.0 MiB,9834.1 MiB,4096.0 MiB,3452.5 MiB,643.5 MiB,12970.9 MiB,,0,02.51
8,2023-08-08,nbody_50000000_original,16.20.2,nbody_6_original.js 50000000,3,1695227565,2852845,node,3.68,600031232,40058880,31252480,93.8,0.2,7.0,0.0,0:03,0,72847360,52097024,0,3480576,0.0,40058880,327,2,281,44,0,13.0,0.8,0.0,86.3,0.0,0.0,0.0,0.0,15794.9 MiB,3753.0 MiB,2207.8 MiB,9834.1 MiB,4096.0 MiB,3452.5 MiB,643.5 MiB,12971.2 MiB,,0,03.68
8,2023-08-08,nbody_50000000_original,16.20.2,nbody_6_original.js 50000000,4,1695227566,2852845,node,4.86,600031232,40058880,31252480,106.7,0.2,7.0,0.0,0:04,0,72847360,52097024,0,3480576,0.0,40058880,327,2,281,44,0,13.6,0.8,0.0,85.6,0.0,0.0,0.0,0.0,15794.9 MiB,3753.5 MiB,2207.3 MiB,9834.1 MiB,4096.0 MiB,3452.5 MiB,643.5 MiB,12971.7 MiB,,0,04.86
9,2023-08-08,nbody_50000000_original,16.20.2,nbody_6_original.js 50000000,0,1695227567,2852882,node,0.16,600031232,40005632,31203328,100.0,0.2,7.0,5.0,0:00,0,72847360,52097024,0,3477504,0.0,40005632,327,2,281,44,0,13.5,2.3,0.0,84.2,0.0,0.0,0.0,0.0,15794.9 MiB,3747.8 MiB,2205.9 MiB,9841.1 MiB,4096.0 MiB,3452.5 MiB,643.5 MiB,12966.0 MiB,,0,00.16
9,2023-08-08,nbody_50000000_original,16.20.2,nbody_6_original.js 50000000,1,1695227568,2852882,node,1.34,600031232,40005632,31203328,106.7,0.2,7.0,5.0,0:01,0,72847360,52097024,0,3477504,0.0,40005632,327,2,281,44,0,13.0,0.8,0.0,86.3,0.0,0.0,0.0,0.0,15794.9 MiB,3746.8 MiB,2206.9 MiB,9841.1 MiB,4096.0 MiB,3452.5 MiB,643.5 MiB,12965.1 MiB,,0,01.34
9,2023-08-08,nbody_50000000_original,16.20.2,nbody_6_original.js 50000000,2,1695227570,2852882,node,2.51,600031232,40005632,31203328,93.8,0.2,7.0,5.0,0:02,0,72847360,52097024,0,3477504,0.0,40005632,327,2,281,44,0,13.6,0.8,0.0,85.6,0.0,0.0,0.0,0.0,15794.9 MiB,3753.0 MiB,2207.7 MiB,9834.1 MiB,4096.0 MiB,3452.5 MiB,643.5 MiB,12971.2 MiB,,0,02.51
9,2023-08-08,nbody_50000000_original,16.20.2,nbody_6_original.js 50000000,3,1695227571,2852882,node,3.68,600031232,40005632,31203328,93.8,0.2,7.0,5.0,0:03,0,72847360,52097024,0,3477504,0.0,40005632,327,2,281,44,0,13.1,0.8,0.0,86.2,0.0,0.0,0.0,0.0,15794.9 MiB,3753.0 MiB,2207.7 MiB,9834.1 MiB,4096.0 MiB,3452.5 MiB,643.5 MiB,12971.2 MiB,,0,03.68
9,2023-08-08,nbody_50000000_original,16.20.2,nbody_6_original.js 50000000,4,1695227572,2852882,node,4.86,600031232,40005632,31203328,106.7,0.2,7.0,5.0,0:04,0,72847360,52097024,0,3477504,0.0,40005632,327,2,281,44,0,13.0,0.8,0.0,86.3,0.0,0.0,0.0,0.0,15794.9 MiB,3753.7 MiB,2207.0 MiB,9834.1 MiB,4096.0 MiB,3452.5 MiB,643.5 MiB,12972.0 MiB,,0,04.86
10,2023-08-08,nbody_50000000_original,16.20.2,nbody_6_original.js 50000000,0,1695227573,2852922,node,0.17,600031232,40095744,31289344,100.0,0.2,7.0,4.0,0:00,0,72847360,52097024,0,3480576,0.0,40095744,327,2,281,44,0,13.7,1.5,0.0,84.7,0.0,0.0,0.0,0.0,15794.9 MiB,3754.0 MiB,2199.7 MiB,9841.1 MiB,4096.0 MiB,3452.5 MiB,643.5 MiB,12972.2 MiB,,0,00.17
10,2023-08-08,nbody_50000000_original,16.20.2,nbody_6_original.js 50000000,1,1695227574,2852922,node,1.34,600031232,40095744,31289344,100.0,0.2,7.0,4.0,0:01,0,72847360,52097024,0,3480576,0.0,40095744,327,2,281,44,0,13.0,0.8,0.0,86.3,0.0,0.0,0.0,0.0,15794.9 MiB,3753.2 MiB,2200.5 MiB,9841.2 MiB,4096.0 MiB,3452.5 MiB,643.5 MiB,12971.5 MiB,,0,01.34
10,2023-08-08,nbody_50000000_original,16.20.2,nbody_6_original.js 50000000,2,1695227575,2852922,node,2.51,600031232,40095744,31289344,93.8,0.2,7.0,4.0,0:02,0,72847360,52097024,0,3480576,0.0,40095744,327,2,281,44,0,13.0,0.8,0.0,86.3,0.0,0.0,0.0,0.0,15794.9 MiB,3759.9 MiB,2200.8 MiB,9834.2 MiB,4096.0 MiB,3452.5 MiB,643.5 MiB,12978.1 MiB,,0,02.51
10,2023-08-08,nbody_50000000_original,16.20.2,nbody_6_original.js 50000000,3,1695227577,2852922,node,3.69,600031232,40095744,31289344,106.7,0.2,7.0,4.0,0:03,0,72847360,52097024,0,3480576,0.0,40095744,327,2,281,44,0,13.1,0.0,0.0,86.9,0.0,0.0,0.0,0.0,15794.9 MiB,3759.6 MiB,2201.1 MiB,9834.2 MiB,4096.0 MiB,3452.5 MiB,643.5 MiB,12977.9 MiB,,0,03.69
10,2023-08-08,nbody_50000000_original,16.20.2,nbody_6_original.js 50000000,4,1695227578,2852922,node,4.86,600031232,40095744,31289344,93.8,0.2,7.0,4.0,0:04,0,72847360,52097024,0,3480576,0.0,40095744,327,2,281,44,0,13.1,0.8,0.0,85.4,0.8,0.0,0.0,0.0,15794.9 MiB,3758.4 MiB,2202.3 MiB,9834.2 MiB,4096.0 MiB,3452.5 MiB,643.5 MiB,12976.7 MiB,,0,04.86
1,2022-06-01,nbody_50000000_original,17.9.1,nbody_6_original.js 50000000,0,1695228044,2853848,node,0.17,599490560,41893888,32677888,100.0,0.3,7.0,0.0,0:00,0,71958528,52555776,0,3619840,0.0,41893888,328,2,282,44,0,14.4,0.8,0.0,84.8,0.0,0.0,0.0,0.0,15794.9 MiB,3756.2 MiB,2195.6 MiB,9843.0 MiB,4096.0 MiB,3452.5 MiB,643.5 MiB,12976.6 MiB,,0,00.17
1,2022-06-01,nbody_50000000_original,17.9.1,nbody_6_original.js 50000000,1,1695228045,2853848,node,1.34,599490560,41893888,32677888,100.0,0.3,7.0,0.0,0:01,0,71958528,52555776,0,3619840,0.0,41893888,328,2,282,44,0,13.1,0.8,0.0,86.2,0.0,0.0,0.0,0.0,15794.9 MiB,3762.4 MiB,2196.2 MiB,9836.3 MiB,4096.0 MiB,3452.5 MiB,643.5 MiB,12982.7 MiB,,0,01.34
1,2022-06-01,nbody_50000000_original,17.9.1,nbody_6_original.js 50000000,2,1695228046,2853848,node,2.52,599490560,41893888,32677888,100.0,0.3,7.0,0.0,0:02,0,71958528,52555776,0,3619840,0.0,41893888,328,2,282,44,0,13.5,1.5,0.0,85.0,0.0,0.0,0.0,0.0,15794.9 MiB,3760.9 MiB,2197.8 MiB,9836.2 MiB,4096.0 MiB,3452.5 MiB,643.5 MiB,12981.2 MiB,,0,02.52
1,2022-06-01,nbody_50000000_original,17.9.1,nbody_6_original.js 50000000,3,1695228047,2853848,node,3.69,599490560,41893888,32677888,100.0,0.3,7.0,0.0,0:03,0,71958528,52555776,0,3619840,0.0,41893888,328,2,282,44,0,12.9,1.5,0.0,85.6,0.0,0.0,0.0,0.0,15794.9 MiB,3761.2 MiB,2197.5 MiB,9836.2 MiB,4096.0 MiB,3452.5 MiB,643.5 MiB,12981.5 MiB,,0,03.69
1,2022-06-01,nbody_50000000_original,17.9.1,nbody_6_original.js 50000000,4,1695228048,2853848,node,4.86,599490560,41893888,32677888,93.8,0.3,7.0,0.0,0:04,0,71958528,52555776,0,3619840,0.0,41893888,328,2,282,44,0,12.9,0.8,0.0,86.4,0.0,0.0,0.0,0.0,15794.9 MiB,3760.4 MiB,2198.3 MiB,9836.2 MiB,4096.0 MiB,3452.5 MiB,643.5 MiB,12980.8 MiB,,0,04.86
2,2022-06-01,nbody_50000000_original,17.9.1,nbody_6_original.js 50000000,0,1695228050,2853886,node,0.17,599490560,41902080,32690176,106.2,0.3,7.0,2.0,0:00,0,71958528,52555776,0,3623936,0.0,41902080,328,2,282,44,0,13.6,1.5,0.0,84.8,0.0,0.0,0.0,0.0,15794.9 MiB,3751.9 MiB,2199.8 MiB,9843.2 MiB,4096.0 MiB,3452.5 MiB,643.5 MiB,12972.2 MiB,,0,00.17
2,2022-06-01,nbody_50000000_original,17.9.1,nbody_6_original.js 50000000,1,1695228051,2853886,node,1.34,599490560,41902080,32690176,100.0,0.3,7.0,2.0,0:01,0,71958528,52555776,0,3623936,0.0,41902080,328,2,282,44,0,12.9,0.8,0.0,86.4,0.0,0.0,0.0,0.0,15794.9 MiB,3751.9 MiB,2199.8 MiB,9843.2 MiB,4096.0 MiB,3452.5 MiB,643.5 MiB,12972.2 MiB,,0,01.34
2,2022-06-01,nbody_50000000_original,17.9.1,nbody_6_original.js 50000000,2,1695228052,2853886,node,2.51,599490560,41902080,32690176,106.7,0.3,7.0,6.0,0:02,0,71958528,52555776,0,3623936,0.0,41902080,328,2,282,44,0,12.9,2.3,0.0,84.8,0.0,0.0,0.0,0.0,15794.9 MiB,3758.5 MiB,2200.2 MiB,9836.2 MiB,4096.0 MiB,3452.5 MiB,643.5 MiB,12978.8 MiB,,0,02.51
2,2022-06-01,nbody_50000000_original,17.9.1,nbody_6_original.js 50000000,3,1695228053,2853886,node,3.69,599490560,41902080,32690176,100.0,0.3,7.0,6.0,0:03,0,71958528,52555776,0,3623936,0.0,41902080,328,2,282,44,0,13.6,0.8,0.0,85.6,0.0,0.0,0.0,0.0,15794.9 MiB,3758.8 MiB,2200.0 MiB,9836.2 MiB,4096.0 MiB,3452.5 MiB,643.5 MiB,12979.1 MiB,,0,03.69
2,2022-06-01,nbody_50000000_original,17.9.1,nbody_6_original.js 50000000,4,1695228054,2853886,node,4.86,599490560,41902080,32690176,100.0,0.3,7.0,6.0,0:04,0,71958528,52555776,0,3623936,0.0,41902080,328,2,282,44,0,13.0,0.8,0.0,86.3,0.0,0.0,0.0,0.0,15794.9 MiB,3758.5 MiB,2200.2 MiB,9836.2 MiB,4096.0 MiB,3452.5 MiB,643.5 MiB,12978.8 MiB,,0,04.86
3,2022-06-01,nbody_50000000_original,17.9.1,nbody_6_original.js 50000000,0,1695228055,2853923,node,0.16,599490560,41865216,32653312,100.0,0.3,7.0,3.0,0:00,0,71958528,52555776,0,3622912,0.0,41865216,328,2,282,44,0,13.7,1.5,0.0,84.7,0.0,0.0,0.0,0.0,15794.9 MiB,3751.6 MiB,2200.1 MiB,9843.2 MiB,4096.0 MiB,3452.5 MiB,643.5 MiB,12971.9 MiB,,0,00.16
3,2022-06-01,nbody_50000000_original,17.9.1,nbody_6_original.js 50000000,1,1695228057,2853923,node,1.33,599490560,41865216,32653312,93.8,0.3,7.0,3.0,0:01,0,71958528,52555776,0,3622912,0.0,41865216,328,2,282,44,0,12.2,0.8,0.0,87.0,0.0,0.0,0.0,0.0,15794.9 MiB,3751.1 MiB,2200.6 MiB,9843.2 MiB,4096.0 MiB,3452.5 MiB,643.5 MiB,12971.4 MiB,,0,01.33
3,2022-06-01,nbody_50000000_original,17.9.1,nbody_6_original.js 50000000,2,1695228058,2853923,node,2.51,599490560,41865216,32653312,100.0,0.3,7.0,3.0,0:02,0,71958528,52555776,0,3622912,0.0,41865216,328,2,282,44,0,12.1,1.5,0.0,86.4,0.0,0.0,0.0,0.0,15794.9 MiB,3758.3 MiB,2200.4 MiB,9836.2 MiB,4096.0 MiB,3452.5 MiB,643.5 MiB,12978.6 MiB,,0,02.51
3,2022-06-01,nbody_50000000_original,17.9.1,nbody_6_original.js 50000000,3,1695228059,2853923,node,3.68,599490560,41865216,32653312,100.0,0.3,7.0,3.0,0:03,0,71958528,52555776,0,3622912,0.0,41865216,328,2,282,44,0,13.0,0.8,0.0,86.3,0.0,0.0,0.0,0.0,15794.9 MiB,3757.8 MiB,2200.9 MiB,9836.2 MiB,4096.0 MiB,3452.5 MiB,643.5 MiB,12978.1 MiB,,0,03.68
3,2022-06-01,nbody_50000000_original,17.9.1,nbody_6_original.js 50000000,4,1695228060,2853923,node,4.86,599490560,41865216,32653312,106.7,0.3,7.0,3.0,0:04,0,71958528,52555776,0,3622912,0.0,41865216,328,2,282,44,0,13.0,1.5,0.0,85.5,0.0,0.0,0.0,0.0,15794.9 MiB,3757.8 MiB,2200.9 MiB,9836.2 MiB,4096.0 MiB,3452.5 MiB,643.5 MiB,12978.1 MiB,,0,04.86
4,2022-06-01,nbody_50000000_original,17.9.1,nbody_6_original.js 50000000,0,1695228061,2853960,node,0.17,599490560,41787392,32579584,100.0,0.3,7.0,5.0,0:00,0,71958528,52555776,0,3617792,0.0,41787392,328,2,282,44,0,14.4,1.5,0.0,84.1,0.0,0.0,0.0,0.0,15794.9 MiB,3756.1 MiB,2195.6 MiB,9843.2 MiB,4096.0 MiB,3452.5 MiB,643.5 MiB,12976.4 MiB,,0,00.17
4,2022-06-01,nbody_50000000_original,17.9.1,nbody_6_original.js 50000000,1,1695228063,2853960,node,1.34,599490560,41787392,32579584,106.7,0.3,7.0,5.0,0:01,0,71958528,52555776,0,3617792,0.0,41787392,328,2,282,44,0,13.1,0.0,0.0,86.9,0.0,0.0,0.0,0.0,15794.9 MiB,3757.3 MiB,2194.4 MiB,9843.2 MiB,4096.0 MiB,3452.5 MiB,643.5 MiB,12977.6 MiB,,0,01.34
4,2022-06-01,nbody_50000000_original,17.9.1,nbody_6_original.js 50000000,2,1695228064,2853960,node,2.52,599490560,41787392,32579584,100.0,0.3,7.0,5.0,0:02,0,71958528,52555776,0,3617792,0.0,41787392,328,2,282,44,0,13.0,0.8,0.0,86.3,0.0,0.0,0.0,0.0,15794.9 MiB,3764.4 MiB,2194.2 MiB,9836.2 MiB,4096.0 MiB,3452.5 MiB,643.5 MiB,12984.8 MiB,,0,02.52
4,2022-06-01,nbody_50000000_original,17.9.1,nbody_6_original.js 50000000,3,1695228065,2853960,node,3.69,599490560,41787392,32579584,100.0,0.3,7.0,1.0,0:03,0,71958528,52555776,0,3617792,0.0,41787392,328,2,282,44,0,13.0,0.8,0.0,86.3,0.0,0.0,0.0,0.0,15794.9 MiB,3765.2 MiB,2193.5 MiB,9836.2 MiB,4096.0 MiB,3452.5 MiB,643.5 MiB,12985.5 MiB,,0,03.69
4,2022-06-01,nbody_50000000_original,17.9.1,nbody_6_original.js 50000000,4,1695228066,2853960,node,4.86,599490560,41787392,32579584,93.8,0.3,7.0,1.0,0:04,0,71958528,52555776,0,3617792,0.0,41787392,328,2,282,44,0,12.2,0.8,0.0,87.0,0.0,0.0,0.0,0.0,15794.9 MiB,3763.5 MiB,2195.2 MiB,9836.2 MiB,4096.0 MiB,3452.5 MiB,643.5 MiB,12983.8 MiB,,0,04.86
5,2022-06-01,nbody_50000000_original,17.9.1,nbody_6_original.js 50000000,0,1695228067,2854001,node,0.16,599490560,41840640,32628736,100.0,0.3,7.0,1.0,0:00,0,71958528,52555776,0,3623936,0.0,41840640,328,2,282,44,0,13.7,0.8,0.0,85.5,0.0,0.0,0.0,0.0,15794.9 MiB,3755.8 MiB,2195.8 MiB,9843.2 MiB,4096.0 MiB,3452.5 MiB,643.5 MiB,12976.2 MiB,,0,00.16
5,2022-06-01,nbody_50000000_original,17.9.1,nbody_6_original.js 50000000,1,1695228068,2854001,node,1.33,599490560,41840640,32628736,93.8,0.3,7.0,1.0,0:01,0,71958528,52555776,0,3623936,0.0,41840640,328,2,282,44,0,12.3,0.8,0.0,86.9,0.0,0.0,0.0,0.0,15794.9 MiB,3754.4 MiB,2197.3 MiB,9843.2 MiB,4096.0 MiB,3452.5 MiB,643.5 MiB,12974.7 MiB,,0,01.33
5,2022-06-01,nbody_50000000_original,17.9.1,nbody_6_original.js 50000000,2,1695228070,2854001,node,2.51,599490560,41840640,32628736,100.0,0.3,7.0,5.0,0:02,0,71958528,52555776,0,3623936,0.0,41840640,328,2,282,44,0,12.9,1.5,0.0,85.6,0.0,0.0,0.0,0.0,15794.9 MiB,3760.8 MiB,2197.9 MiB,9836.2 MiB,4096.0 MiB,3452.5 MiB,643.5 MiB,12981.1 MiB,,0,02.51
5,2022-06-01,nbody_50000000_original,17.9.1,nbody_6_original.js 50000000,3,1695228071,2854001,node,3.68,599490560,41840640,32628736,106.7,0.3,7.0,5.0,0:03,0,71958528,52555776,0,3623936,0.0,41840640,328,2,282,44,0,13.0,0.8,0.0,86.3,0.0,0.0,0.0,0.0,15794.9 MiB,3760.8 MiB,2197.9 MiB,9836.2 MiB,4096.0 MiB,3452.5 MiB,643.5 MiB,12981.1 MiB,,0,03.68
5,2022-06-01,nbody_50000000_original,17.9.1,nbody_6_original.js 50000000,4,1695228072,2854001,node,4.86,599490560,41840640,32628736,100.0,0.3,7.0,5.0,0:04,0,71958528,52555776,0,3623936,0.0,41840640,328,2,282,44,0,13.0,0.8,0.0,86.3,0.0,0.0,0.0,0.0,15794.9 MiB,3760.5 MiB,2198.2 MiB,9836.2 MiB,4096.0 MiB,3452.5 MiB,643.5 MiB,12980.9 MiB,,0,04.86
6,2022-06-01,nbody_50000000_original,17.9.1,nbody_6_original.js 50000000,0,1695228073,2854038,node,0.16,599494656,41869312,32661504,106.7,0.3,7.0,0.0,0:00,0,71958528,52559872,0,3625984,0.0,41869312,328,2,282,44,0,13.7,1.5,0.0,84.7,0.0,0.0,0.0,0.0,15794.9 MiB,3759.0 MiB,2192.6 MiB,9843.2 MiB,4096.0 MiB,3452.5 MiB,643.5 MiB,12979.4 MiB,,0,00.16
6,2022-06-01,nbody_50000000_original,17.9.1,nbody_6_original.js 50000000,1,1695228074,2854038,node,1.33,599494656,41869312,32661504,93.8,0.3,7.0,0.0,0:01,0,71958528,52559872,0,3625984,0.0,41869312,328,2,282,44,0,13.0,0.8,0.0,86.3,0.0,0.0,0.0,0.0,15794.9 MiB,3757.6 MiB,2194.1 MiB,9843.2 MiB,4096.0 MiB,3452.5 MiB,643.5 MiB,12977.9 MiB,,0,01.33
6,2022-06-01,nbody_50000000_original,17.9.1,nbody_6_original.js 50000000,2,1695228075,2854038,node,2.51,599494656,41869312,32661504,106.7,0.3,7.0,0.0,0:02,0,71958528,52559872,0,3625984,0.0,41869312,328,2,282,44,0,13.6,1.5,0.0,84.8,0.0,0.0,0.0,0.0,15794.9 MiB,3764.5 MiB,2194.2 MiB,9836.2 MiB,4096.0 MiB,3452.5 MiB,643.5 MiB,12984.8 MiB,,0,02.51
6,2022-06-01,nbody_50000000_original,17.9.1,nbody_6_original.js 50000000,3,1695228077,2854038,node,3.68,599494656,41869312,32661504,93.8,0.3,7.0,0.0,0:03,0,71958528,52559872,0,3625984,0.0,41869312,328,2,282,44,0,12.9,0.8,0.0,86.4,0.0,0.0,0.0,0.0,15794.9 MiB,3764.2 MiB,2194.5 MiB,9836.2 MiB,4096.0 MiB,3452.5 MiB,643.5 MiB,12984.6 MiB,,0,03.68
6,2022-06-01,nbody_50000000_original,17.9.1,nbody_6_original.js 50000000,4,1695228078,2854038,node,4.86,599494656,41869312,32661504,106.7,0.3,7.0,0.0,0:04,0,71958528,52559872,0,3625984,0.0,41869312,328,2,282,44,0,12.9,0.8,0.0,86.4,0.0,0.0,0.0,0.0,15794.9 MiB,3764.9 MiB,2193.7 MiB,9836.2 MiB,4096.0 MiB,3452.5 MiB,643.5 MiB,12985.3 MiB,,0,04.86
7,2022-06-01,nbody_50000000_original,17.9.1,nbody_6_original.js 50000000,0,1695228079,2854075,node,0.16,599490560,41869312,32661504,100.0,0.3,7.0,3.0,0:00,0,71958528,52555776,0,3627008,0.0,41869312,328,2,282,44,0,14.3,1.5,0.0,84.2,0.0,0.0,0.0,0.0,15794.9 MiB,3755.4 MiB,2196.3 MiB,9843.2 MiB,4096.0 MiB,3452.5 MiB,643.5 MiB,12975.7 MiB,,0,00.16
7,2022-06-01,nbody_50000000_original,17.9.1,nbody_6_original.js 50000000,1,1695228080,2854075,node,1.33,599490560,41869312,32661504,100.0,0.3,7.0,7.0,0:01,0,71958528,52555776,0,3627008,0.0,41869312,328,2,282,44,0,13.0,0.8,0.0,86.3,0.0,0.0,0.0,0.0,15794.9 MiB,3755.6 MiB,2196.1 MiB,9843.2 MiB,4096.0 MiB,3452.5 MiB,643.5 MiB,12976.0 MiB,,0,01.33
7,2022-06-01,nbody_50000000_original,17.9.1,nbody_6_original.js 50000000,2,1695228081,2854075,node,2.51,599490560,41869312,32661504,100.0,0.3,7.0,7.0,0:02,0,71958528,52555776,0,3627008,0.0,41869312,328,2,282,44,0,13.1,0.0,0.0,86.9,0.0,0.0,0.0,0.0,15794.9 MiB,3755.4 MiB,2203.3 MiB,9836.2 MiB,4096.0 MiB,3452.5 MiB,643.5 MiB,12975.7 MiB,,0,02.51
7,2022-06-01,nbody_50000000_original,17.9.1,nbody_6_original.js 50000000,3,1695228083,2854075,node,3.68,599490560,41869312,32661504,100.0,0.3,7.0,7.0,0:03,0,71958528,52555776,0,3627008,0.0,41869312,328,2,282,44,0,13.0,1.5,0.0,85.5,0.0,0.0,0.0,0.0,15794.9 MiB,3755.6 MiB,2203.1 MiB,9836.2 MiB,4096.0 MiB,3452.5 MiB,643.5 MiB,12976.0 MiB,,0,03.68
7,2022-06-01,nbody_50000000_original,17.9.1,nbody_6_original.js 50000000,4,1695228084,2854075,node,4.86,599490560,41869312,32661504,100.0,0.3,7.0,7.0,0:04,0,71958528,52555776,0,3627008,0.0,41869312,328,2,282,44,0,12.9,1.5,0.0,85.6,0.0,0.0,0.0,0.0,15794.9 MiB,3755.1 MiB,2203.6 MiB,9836.2 MiB,4096.0 MiB,3452.5 MiB,643.5 MiB,12975.5 MiB,,0,04.86
8,2022-06-01,nbody_50000000_original,17.9.1,nbody_6_original.js 50000000,0,1695228085,2854112,node,0.16,599515136,41857024,32641024,100.0,0.3,7.0,7.0,0:00,0,71958528,52580352,0,3628032,0.0,41857024,328,2,282,44,0,14.3,1.5,0.0,84.2,0.0,0.0,0.0,0.0,15794.9 MiB,3758.1 MiB,2193.6 MiB,9843.2 MiB,4096.0 MiB,3452.5 MiB,643.5 MiB,12978.4 MiB,,0,00.16
8,2022-06-01,nbody_50000000_original,17.9.1,nbody_6_original.js 50000000,1,1695228086,2854112,node,1.34,599515136,41857024,32641024,100.0,0.3,7.0,7.0,0:01,0,71958528,52580352,0,3628032,0.0,41857024,328,2,282,44,0,12.9,1.5,0.0,85.6,0.0,0.0,0.0,0.0,15794.9 MiB,3757.6 MiB,2194.1 MiB,9843.2 MiB,4096.0 MiB,3452.5 MiB,643.5 MiB,12977.9 MiB,,0,01.34
8,2022-06-01,nbody_50000000_original,17.9.1,nbody_6_original.js 50000000,2,1695228087,2854112,node,2.51,599515136,41857024,32641024,100.0,0.3,7.0,7.0,0:02,0,71958528,52580352,0,3628032,0.0,41857024,328,2,282,44,0,13.0,0.8,0.0,86.3,0.0,0.0,0.0,0.0,15794.9 MiB,3764.5 MiB,2194.2 MiB,9836.2 MiB,4096.0 MiB,3452.5 MiB,643.5 MiB,12984.8 MiB,,0,02.51
8,2022-06-01,nbody_50000000_original,17.9.1,nbody_6_original.js 50000000,3,1695228088,2854112,node,3.68,599515136,41857024,32641024,100.0,0.3,7.0,7.0,0:03,0,71958528,52580352,0,3628032,0.0,41857024,328,2,282,44,0,12.2,1.5,0.0,86.3,0.0,0.0,0.0,0.0,15794.9 MiB,3765.5 MiB,2193.2 MiB,9836.2 MiB,4096.0 MiB,3452.5 MiB,643.5 MiB,12985.8 MiB,,0,03.68
8,2022-06-01,nbody_50000000_original,17.9.1,nbody_6_original.js 50000000,4,1695228090,2854112,node,4.86,599515136,41857024,32641024,100.0,0.3,7.0,7.0,0:04,0,71958528,52580352,0,3628032,0.0,41857024,328,2,282,44,0,13.5,1.5,0.0,85.0,0.0,0.0,0.0,0.0,15794.9 MiB,3765.0 MiB,2193.7 MiB,9836.2 MiB,4096.0 MiB,3452.5 MiB,643.5 MiB,12985.3 MiB,,0,04.86
9,2022-06-01,nbody_50000000_original,17.9.1,nbody_6_original.js 50000000,0,1695228091,2854149,node,0.16,599490560,41791488,32583680,100.0,0.3,7.0,3.0,0:00,0,71958528,52555776,0,3633152,0.0,41791488,328,2,282,44,0,14.3,1.5,0.0,84.2,0.0,0.0,0.0,0.0,15794.9 MiB,3763.3 MiB,2188.3 MiB,9843.3 MiB,4096.0 MiB,3452.5 MiB,643.5 MiB,12983.6 MiB,,0,00.16
9,2022-06-01,nbody_50000000_original,17.9.1,nbody_6_original.js 50000000,1,1695228092,2854149,node,1.34,599490560,41791488,32583680,100.0,0.3,7.0,7.0,0:01,0,71958528,52555776,0,3633152,0.0,41791488,328,2,282,44,0,13.6,0.8,0.0,85.6,0.0,0.0,0.0,0.0,15794.9 MiB,3762.8 MiB,2188.8 MiB,9843.3 MiB,4096.0 MiB,3452.5 MiB,643.5 MiB,12983.1 MiB,,0,01.34
9,2022-06-01,nbody_50000000_original,17.9.1,nbody_6_original.js 50000000,2,1695228093,2854149,node,2.51,599490560,41791488,32583680,100.0,0.3,7.0,7.0,0:02,0,71958528,52555776,0,3633152,0.0,41791488,328,2,282,44,0,13.7,0.8,0.0,85.5,0.0,0.0,0.0,0.0,15794.9 MiB,3769.2 MiB,2189.5 MiB,9836.2 MiB,4096.0 MiB,3452.5 MiB,643.5 MiB,12989.5 MiB,,0,02.51
9,2022-06-01,nbody_50000000_original,17.9.1,nbody_6_original.js 50000000,3,1695228094,2854149,node,3.69,599490560,41791488,32583680,100.0,0.3,7.0,7.0,0:03,0,71958528,52555776,0,3633152,0.0,41791488,328,2,282,44,0,13.0,0.8,0.0,86.3,0.0,0.0,0.0,0.0,15794.9 MiB,3768.9 MiB,2189.7 MiB,9836.2 MiB,4096.0 MiB,3452.5 MiB,643.5 MiB,12989.3 MiB,,0,03.69
9,2022-06-01,nbody_50000000_original,17.9.1,nbody_6_original.js 50000000,4,1695228095,2854149,node,4.86,599490560,41791488,32583680,100.0,0.3,7.0,7.0,0:04,0,71958528,52555776,0,3633152,0.0,41791488,328,2,282,44,0,12.9,0.8,0.0,86.4,0.0,0.0,0.0,0.0,15794.9 MiB,3767.7 MiB,2190.9 MiB,9836.2 MiB,4096.0 MiB,3452.5 MiB,643.5 MiB,12988.1 MiB,,0,04.86
10,2022-06-01,nbody_50000000_original,17.9.1,nbody_6_original.js 50000000,0,1695228097,2854190,node,0.16,599515136,41791488,32579584,100.0,0.3,7.0,5.0,0:00,0,71958528,52580352,0,3632128,0.0,41791488,328,2,282,44,0,13.6,1.5,0.0,84.8,0.0,0.0,0.0,0.0,15794.9 MiB,3765.5 MiB,2186.2 MiB,9843.2 MiB,4096.0 MiB,3452.5 MiB,643.5 MiB,12985.9 MiB,,0,00.16
10,2022-06-01,nbody_50000000_original,17.9.1,nbody_6_original.js 50000000,1,1695228098,2854190,node,1.34,599515136,41791488,32579584,100.0,0.3,7.0,5.0,0:01,0,71958528,52580352,0,3632128,0.0,41791488,328,2,282,44,0,13.0,1.5,0.0,85.5,0.0,0.0,0.0,0.0,15794.9 MiB,3765.0 MiB,2186.7 MiB,9843.2 MiB,4096.0 MiB,3452.5 MiB,643.5 MiB,12985.4 MiB,,0,01.34
10,2022-06-01,nbody_50000000_original,17.9.1,nbody_6_original.js 50000000,2,1695228099,2854190,node,2.51,599515136,41791488,32579584,106.7,0.3,7.0,5.0,0:02,0,71958528,52580352,0,3632128,0.0,41791488,328,2,282,44,0,12.3,0.8,0.0,86.9,0.0,0.0,0.0,0.0,15794.9 MiB,3763.8 MiB,2194.9 MiB,9836.2 MiB,4096.0 MiB,3452.5 MiB,643.5 MiB,12984.1 MiB,,0,02.51
10,2022-06-01,nbody_50000000_original,17.9.1,nbody_6_original.js 50000000,3,1695228100,2854190,node,3.68,599515136,41791488,32579584,93.8,0.3,7.0,5.0,0:03,0,71958528,52580352,0,3632128,0.0,41791488,328,2,282,44,0,12.9,1.5,0.0,85.6,0.0,0.0,0.0,0.0,15794.9 MiB,3763.5 MiB,2195.1 MiB,9836.2 MiB,4096.0 MiB,3452.5 MiB,643.5 MiB,12983.9 MiB,,0,03.68
10,2022-06-01,nbody_50000000_original,17.9.1,nbody_6_original.js 50000000,4,1695228101,2854190,node,4.86,599515136,41791488,32579584,100.0,0.3,7.0,5.0,0:04,0,71958528,52580352,0,3632128,0.0,41791488,328,2,282,44,0,13.5,0.8,0.0,85.7,0.0,0.0,0.0,0.0,15794.9 MiB,3763.3 MiB,2195.4 MiB,9836.2 MiB,4096.0 MiB,3452.5 MiB,643.5 MiB,12983.7 MiB,,0,04.86
1,2023-08-08,nbody_50000000_original,18.17.1,nbody_6_original.js 50000000,0,1695228567,2855115,node,0.17,612786176,51216384,38408192,100.0,0.3,7.0,3.0,0:00,0,81170432,56635392,0,4225024,0.0,51216384,326,2,280,44,0,13.5,2.3,0.0,83.5,0.8,0.0,0.0,0.0,15794.9 MiB,3751.9 MiB,2197.7 MiB,9845.3 MiB,4096.0 MiB,3452.5 MiB,643.5 MiB,12974.6 MiB,,0,00.17
1,2023-08-08,nbody_50000000_original,18.17.1,nbody_6_original.js 50000000,1,1695228569,2855115,node,1.34,612786176,51216384,38408192,100.0,0.3,7.0,3.0,0:01,0,81170432,56635392,0,4225024,0.0,51216384,326,2,280,44,0,12.9,1.5,0.0,85.6,0.0,0.0,0.0,0.0,15794.9 MiB,3751.1 MiB,2198.1 MiB,9845.6 MiB,4096.0 MiB,3452.5 MiB,643.5 MiB,12973.9 MiB,,0,01.34
1,2023-08-08,nbody_50000000_original,18.17.1,nbody_6_original.js 50000000,2,1695228570,2855115,node,2.52,612786176,51216384,38408192,100.0,0.3,7.0,3.0,0:02,0,81170432,56635392,0,4225024,0.0,51216384,326,2,280,44,0,13.0,0.8,0.0,86.3,0.0,0.0,0.0,0.0,15794.9 MiB,3758.8 MiB,2197.4 MiB,9838.6 MiB,4096.0 MiB,3452.5 MiB,643.5 MiB,12981.6 MiB,,0,02.52
1,2023-08-08,nbody_50000000_original,18.17.1,nbody_6_original.js 50000000,3,1695228571,2855115,node,3.69,612786176,51216384,38408192,100.0,0.3,7.0,3.0,0:03,0,81170432,56635392,0,4225024,0.0,51216384,326,2,280,44,0,13.7,0.8,0.0,85.5,0.0,0.0,0.0,0.0,15794.9 MiB,3755.6 MiB,2200.6 MiB,9838.6 MiB,4096.0 MiB,3452.5 MiB,643.5 MiB,12978.4 MiB,,0,03.69
1,2023-08-08,nbody_50000000_original,18.17.1,nbody_6_original.js 50000000,4,1695228572,2855115,node,4.86,612786176,51216384,38408192,93.8,0.3,7.0,3.0,0:04,0,81170432,56635392,0,4225024,0.0,51216384,326,2,280,44,0,13.0,0.8,0.0,86.3,0.0,0.0,0.0,0.0,15794.9 MiB,3755.6 MiB,2200.6 MiB,9838.6 MiB,4096.0 MiB,3452.5 MiB,643.5 MiB,12978.4 MiB,,0,04.86
2,2023-08-08,nbody_50000000_original,18.17.1,nbody_6_original.js 50000000,0,1695228573,2855152,node,0.16,612618240,51539968,38416384,100.0,0.3,7.0,2.0,0:00,0,81170432,56467456,0,4239360,0.0,51539968,326,2,280,44,0,13.6,1.5,0.0,84.8,0.0,0.0,0.0,0.0,15794.9 MiB,3747.0 MiB,2202.3 MiB,9845.6 MiB,4096.0 MiB,3452.5 MiB,643.5 MiB,12969.8 MiB,,0,00.16
2,2023-08-08,nbody_50000000_original,18.17.1,nbody_6_original.js 50000000,1,1695228574,2855152,node,1.34,612618240,51539968,38416384,100.0,0.3,7.0,6.0,0:01,0,81170432,56467456,0,4239360,0.0,51539968,326,2,280,44,0,13.5,0.8,0.0,85.7,0.0,0.0,0.0,0.0,15794.9 MiB,3745.7 MiB,2203.5 MiB,9845.6 MiB,4096.0 MiB,3452.5 MiB,643.5 MiB,12968.5 MiB,,0,01.34
2,2023-08-08,nbody_50000000_original,18.17.1,nbody_6_original.js 50000000,2,1695228576,2855152,node,2.51,612618240,51539968,38416384,100.0,0.3,7.0,6.0,0:02,0,81170432,56467456,0,4239360,0.0,51539968,326,2,280,44,0,12.2,1.5,0.0,86.3,0.0,0.0,0.0,0.0,15794.9 MiB,3746.0 MiB,2210.1 MiB,9838.8 MiB,4096.0 MiB,3452.5 MiB,643.5 MiB,12968.8 MiB,,0,02.51
2,2023-08-08,nbody_50000000_original,18.17.1,nbody_6_original.js 50000000,3,1695228577,2855152,node,3.68,612618240,51539968,38416384,93.8,0.3,7.0,6.0,0:03,0,81170432,56467456,0,4239360,0.0,51539968,326,2,280,44,0,13.0,0.8,0.0,86.3,0.0,0.0,0.0,0.0,15794.9 MiB,3747.0 MiB,2209.2 MiB,9838.7 MiB,4096.0 MiB,3452.5 MiB,643.5 MiB,12969.8 MiB,,0,03.68
2,2023-08-08,nbody_50000000_original,18.17.1,nbody_6_original.js 50000000,4,1695228578,2855152,node,4.86,612618240,51539968,38416384,100.0,0.3,7.0,2.0,0:04,0,81170432,56467456,0,4239360,0.0,51539968,326,2,280,44,0,13.0,0.8,0.0,86.3,0.0,0.0,0.0,0.0,15794.9 MiB,3746.5 MiB,2209.7 MiB,9838.7 MiB,4096.0 MiB,3452.5 MiB,643.5 MiB,12969.3 MiB,,0,04.86
3,2023-08-08,nbody_50000000_original,18.17.1,nbody_6_original.js 50000000,0,1695228579,2855189,node,0.17,612618240,51404800,38268928,106.2,0.3,7.0,7.0,0:00,0,81170432,56467456,0,4234240,0.0,51404800,326,2,280,44,0,14.6,0.8,0.0,84.6,0.0,0.0,0.0,0.0,15794.9 MiB,3746.7 MiB,2202.5 MiB,9845.7 MiB,4096.0 MiB,3452.5 MiB,643.5 MiB,12969.5 MiB,,0,00.17
3,2023-08-08,nbody_50000000_original,18.17.1,nbody_6_original.js 50000000,1,1695228580,2855189,node,1.34,612618240,51404800,38268928,93.8,0.3,7.0,7.0,0:01,0,81170432,56467456,0,4234240,0.0,51404800,326,2,280,44,0,12.8,0.8,0.0,85.7,0.0,0.0,0.8,0.0,15794.9 MiB,3747.5 MiB,2201.7 MiB,9845.7 MiB,4096.0 MiB,3452.5 MiB,643.5 MiB,12970.3 MiB,,0,01.34
3,2023-08-08,nbody_50000000_original,18.17.1,nbody_6_original.js 50000000,2,1695228581,2855189,node,2.52,612618240,51404800,38268928,106.7,0.3,7.0,7.0,0:02,0,81170432,56467456,0,4234240,0.0,51404800,326,2,280,44,0,13.6,0.8,0.0,85.6,0.0,0.0,0.0,0.0,15794.9 MiB,3754.4 MiB,2201.8 MiB,9838.7 MiB,4096.0 MiB,3452.5 MiB,643.5 MiB,12977.2 MiB,,0,02.52
3,2023-08-08,nbody_50000000_original,18.17.1,nbody_6_original.js 50000000,3,1695228583,2855189,node,3.69,612618240,51404800,38268928,100.0,0.3,7.0,7.0,0:03,0,81170432,56467456,0,4234240,0.0,51404800,326,2,280,44,0,13.1,0.0,0.0,86.9,0.0,0.0,0.0,0.0,15794.9 MiB,3754.9 MiB,2201.3 MiB,9838.7 MiB,4096.0 MiB,3452.5 MiB,643.5 MiB,12977.7 MiB,,0,03.69
3,2023-08-08,nbody_50000000_original,18.17.1,nbody_6_original.js 50000000,4,1695228584,2855189,node,4.87,612618240,51404800,38268928,100.0,0.3,7.0,7.0,0:04,0,81170432,56467456,0,4234240,0.0,51404800,326,2,280,44,0,12.9,0.8,0.0,86.4,0.0,0.0,0.0,0.0,15794.9 MiB,3754.9 MiB,2201.3 MiB,9838.7 MiB,4096.0 MiB,3452.5 MiB,643.5 MiB,12977.7 MiB,,0,04.87
4,2023-08-08,nbody_50000000_original,18.17.1,nbody_6_original.js 50000000,0,1695228585,2855226,node,0.16,612618240,51585024,38494208,100.0,0.3,7.0,5.0,0:00,0,81170432,56467456,0,4237312,0.0,51585024,326,2,280,44,0,14.9,2.2,0.0,82.8,0.0,0.0,0.0,0.0,15794.9 MiB,3751.2 MiB,2197.9 MiB,9845.7 MiB,4096.0 MiB,3452.5 MiB,643.5 MiB,12974.0 MiB,,0,00.16
4,2023-08-08,nbody_50000000_original,18.17.1,nbody_6_original.js 50000000,1,1695228586,2855226,node,1.33,612618240,51585024,38494208,93.8,0.3,7.0,5.0,0:01,0,81170432,56467456,0,4237312,0.0,51585024,326,2,280,44,0,13.2,0.8,0.0,84.5,1.6,0.0,0.0,0.0,15794.9 MiB,3748.2 MiB,2200.1 MiB,9846.5 MiB,4096.0 MiB,3452.5 MiB,643.5 MiB,12971.8 MiB,,0,01.33
4,2023-08-08,nbody_50000000_original,18.17.1,nbody_6_original.js 50000000,2,1695228587,2855226,node,2.51,612618240,51585024,38494208,100.0,0.3,7.0,5.0,0:02,0,81170432,56467456,0,4237312,0.0,51585024,326,2,280,44,0,12.2,0.8,0.0,87.0,0.0,0.0,0.0,0.0,15794.9 MiB,3753.9 MiB,2201.3 MiB,9839.7 MiB,4096.0 MiB,3452.5 MiB,643.5 MiB,12977.7 MiB,,0,02.51
4,2023-08-08,nbody_50000000_original,18.17.1,nbody_6_original.js 50000000,3,1695228589,2855226,node,3.68,612618240,51585024,38494208,100.0,0.3,7.0,5.0,0:03,0,81170432,56467456,0,4237312,0.0,51585024,326,2,280,44,0,13.0,1.5,0.0,85.5,0.0,0.0,0.0,0.0,15794.9 MiB,3752.2 MiB,2203.0 MiB,9839.7 MiB,4096.0 MiB,3452.5 MiB,643.5 MiB,12976.0 MiB,,0,03.68
4,2023-08-08,nbody_50000000_original,18.17.1,nbody_6_original.js 50000000,4,1695228590,2855226,node,4.86,612618240,51585024,38494208,106.7,0.3,7.0,5.0,0:04,0,81170432,56467456,0,4237312,0.0,51585024,326,2,280,44,0,12.9,0.8,0.0,86.4,0.0,0.0,0.0,0.0,15794.9 MiB,3751.7 MiB,2203.5 MiB,9839.7 MiB,4096.0 MiB,3452.5 MiB,643.5 MiB,12975.5 MiB,,0,04.86
5,2023-08-08,nbody_50000000_original,18.17.1,nbody_6_original.js 50000000,0,1695228591,2855267,node,0.16,612618240,51552256,38416384,100.0,0.3,7.0,6.0,0:00,0,81170432,56467456,0,4236288,0.0,51552256,326,2,280,44,0,13.2,0.8,0.0,86.0,0.0,0.0,0.0,0.0,15794.9 MiB,3740.6 MiB,2207.6 MiB,9846.7 MiB,4096.0 MiB,3452.5 MiB,643.5 MiB,12964.4 MiB,,0,00.16
5,2023-08-08,nbody_50000000_original,18.17.1,nbody_6_original.js 50000000,1,1695228592,2855267,node,1.33,612618240,51552256,38416384,100.0,0.3,7.0,6.0,0:01,0,81170432,56467456,0,4236288,0.0,51552256,326,2,280,44,0,13.0,0.8,0.0,85.5,0.8,0.0,0.0,0.0,15794.9 MiB,3748.0 MiB,2207.2 MiB,9839.7 MiB,4096.0 MiB,3452.5 MiB,643.5 MiB,12971.8 MiB,,0,01.33
5,2023-08-08,nbody_50000000_original,18.17.1,nbody_6_original.js 50000000,2,1695228593,2855267,node,2.51,612618240,51552256,38416384,100.0,0.3,7.0,6.0,0:02,0,81170432,56467456,0,4236288,0.0,51552256,326,2,280,44,0,13.0,0.8,0.0,86.3,0.0,0.0,0.0,0.0,15794.9 MiB,3747.5 MiB,2207.7 MiB,9839.7 MiB,4096.0 MiB,3452.5 MiB,643.5 MiB,12971.3 MiB,,0,02.51
5,2023-08-08,nbody_50000000_original,18.17.1,nbody_6_original.js 50000000,3,1695228594,2855267,node,3.68,612618240,51552256,38416384,93.8,0.3,7.0,6.0,0:03,0,81170432,56467456,0,4236288,0.0,51552256,326,2,280,44,0,13.2,0.0,0.0,86.8,0.0,0.0,0.0,0.0,15794.9 MiB,3747.5 MiB,2207.6 MiB,9839.7 MiB,4096.0 MiB,3452.5 MiB,643.5 MiB,12971.3 MiB,,0,03.68
5,2023-08-08,nbody_50000000_original,18.17.1,nbody_6_original.js 50000000,4,1695228596,2855267,node,4.86,612618240,51552256,38416384,100.0,0.3,7.0,2.0,0:04,0,81170432,56467456,0,4236288,0.0,51552256,326,2,280,44,0,12.3,0.8,0.0,86.9,0.0,0.0,0.0,0.0,15794.9 MiB,3747.8 MiB,2207.4 MiB,9839.7 MiB,4096.0 MiB,3452.5 MiB,643.5 MiB,12971.6 MiB,,0,04.86
6,2023-08-08,nbody_50000000_original,18.17.1,nbody_6_original.js 50000000,0,1695228597,2855304,node,0.16,612618240,51642368,38490112,100.0,0.3,7.0,4.0,0:00,0,81170432,56467456,0,4242432,0.0,51642368,326,2,280,44,0,14.4,1.5,0.0,84.1,0.0,0.0,0.0,0.0,15794.9 MiB,3744.5 MiB,2203.8 MiB,9846.6 MiB,4096.0 MiB,3452.5 MiB,643.5 MiB,12968.3 MiB,,0,00.16
6,2023-08-08,nbody_50000000_original,18.17.1,nbody_6_original.js 50000000,1,1695228598,2855304,node,1.34,612618240,51642368,38490112,100.0,0.3,7.0,4.0,0:01,0,81170432,56467456,0,4242432,0.0,51642368,326,2,280,44,0,13.0,0.8,0.0,86.3,0.0,0.0,0.0,0.0,15794.9 MiB,3751.0 MiB,2204.2 MiB,9839.7 MiB,4096.0 MiB,3452.5 MiB,643.5 MiB,12974.8 MiB,,0,01.34
6,2023-08-08,nbody_50000000_original,18.17.1,nbody_6_original.js 50000000,2,1695228599,2855304,node,2.51,612618240,51642368,38490112,100.0,0.3,7.0,0.0,0:02,0,81170432,56467456,0,4242432,0.0,51642368,326,3,279,44,0,13.0,0.8,0.0,86.3,0.0,0.0,0.0,0.0,15794.9 MiB,3749.8 MiB,2205.4 MiB,9839.7 MiB,4096.0 MiB,3452.5 MiB,643.5 MiB,12973.5 MiB,,0,02.51
6,2023-08-08,nbody_50000000_original,18.17.1,nbody_6_original.js 50000000,3,1695228600,2855304,node,3.68,612618240,51642368,38490112,100.0,0.3,7.0,0.0,0:03,0,81170432,56467456,0,4242432,0.0,51642368,326,2,280,44,0,12.9,1.5,0.0,85.6,0.0,0.0,0.0,0.0,15794.9 MiB,3752.2 MiB,2203.0 MiB,9839.7 MiB,4096.0 MiB,3452.5 MiB,643.5 MiB,12976.0 MiB,,0,03.68
6,2023-08-08,nbody_50000000_original,18.17.1,nbody_6_original.js 50000000,4,1695228601,2855304,node,4.86,612618240,51642368,38490112,100.0,0.3,7.0,0.0,0:04,0,81170432,56467456,0,4242432,0.0,51642368,326,2,280,44,0,13.6,1.5,0.0,84.8,0.0,0.0,0.0,0.0,15794.9 MiB,3752.0 MiB,2203.2 MiB,9839.6 MiB,4096.0 MiB,3452.5 MiB,643.5 MiB,12975.8 MiB,,0,04.86
7,2023-08-08,nbody_50000000_original,18.17.1,nbody_6_original.js 50000000,0,1695228603,2855341,node,0.16,612786176,51109888,38273024,106.7,0.3,7.0,2.0,0:00,0,81170432,56635392,0,4230144,0.0,51109888,326,2,280,44,0,14.3,1.5,0.0,84.2,0.0,0.0,0.0,0.0,15794.9 MiB,3750.7 MiB,2197.5 MiB,9846.6 MiB,4096.0 MiB,3452.5 MiB,643.5 MiB,12974.5 MiB,,0,00.16
7,2023-08-08,nbody_50000000_original,18.17.1,nbody_6_original.js 50000000,1,1695228604,2855341,node,1.33,612786176,51109888,38273024,93.8,0.3,7.0,2.0,0:01,0,81170432,56635392,0,4230144,0.0,51109888,326,2,280,44,0,13.1,0.0,0.0,86.9,0.0,0.0,0.0,0.0,15794.9 MiB,3749.3 MiB,2199.0 MiB,9846.6 MiB,4096.0 MiB,3452.5 MiB,643.5 MiB,12973.1 MiB,,0,01.33
7,2023-08-08,nbody_50000000_original,18.17.1,nbody_6_original.js 50000000,2,1695228605,2855341,node,2.51,612786176,51109888,38273024,100.0,0.3,7.0,2.0,0:02,0,81170432,56635392,0,4230144,0.0,51109888,326,2,280,44,0,13.0,0.0,0.0,87.0,0.0,0.0,0.0,0.0,15794.9 MiB,3756.7 MiB,2198.6 MiB,9839.6 MiB,4096.0 MiB,3452.5 MiB,643.5 MiB,12980.5 MiB,,0,02.51
7,2023-08-08,nbody_50000000_original,18.17.1,nbody_6_original.js 50000000,3,1695228606,2855341,node,3.68,612786176,51109888,38273024,100.0,0.3,7.0,6.0,0:03,0,81170432,56635392,0,4230144,0.0,51109888,326,2,280,44,0,13.0,0.8,0.0,86.3,0.0,0.0,0.0,0.0,15794.9 MiB,3755.9 MiB,2199.3 MiB,9839.6 MiB,4096.0 MiB,3452.5 MiB,643.5 MiB,12979.7 MiB,,0,03.68
7,2023-08-08,nbody_50000000_original,18.17.1,nbody_6_original.js 50000000,4,1695228607,2855341,node,4.86,612786176,51109888,38273024,100.0,0.3,7.0,6.0,0:04,0,81170432,56635392,0,4230144,0.0,51109888,326,2,280,44,0,13.0,0.8,0.0,86.3,0.0,0.0,0.0,0.0,15794.9 MiB,3757.9 MiB,2197.3 MiB,9839.6 MiB,4096.0 MiB,3452.5 MiB,643.5 MiB,12981.7 MiB,,0,04.86
8,2023-08-08,nbody_50000000_original,18.17.1,nbody_6_original.js 50000000,0,1695228608,2855378,node,0.16,612618240,51544064,38416384,100.0,0.3,7.0,2.0,0:00,0,81170432,56467456,0,4241408,0.0,51544064,326,2,280,44,0,14.4,1.5,0.0,84.1,0.0,0.0,0.0,0.0,15794.9 MiB,3747.8 MiB,2200.4 MiB,9846.6 MiB,4096.0 MiB,3452.5 MiB,643.5 MiB,12971.6 MiB,,0,00.16
8,2023-08-08,nbody_50000000_original,18.17.1,nbody_6_original.js 50000000,1,1695228610,2855378,node,1.33,612618240,51544064,38416384,93.8,0.3,7.0,2.0,0:01,0,81170432,56467456,0,4241408,0.0,51544064,326,2,280,44,0,13.0,1.5,0.0,85.5,0.0,0.0,0.0,0.0,15794.9 MiB,3747.3 MiB,2200.9 MiB,9846.7 MiB,4096.0 MiB,3452.5 MiB,643.5 MiB,12971.1 MiB,,0,01.33
8,2023-08-08,nbody_50000000_original,18.17.1,nbody_6_original.js 50000000,2,1695228611,2855378,node,2.5,612618240,51544064,38416384,100.0,0.3,7.0,2.0,0:02,0,81170432,56467456,0,4241408,0.0,51544064,326,2,280,44,0,13.6,0.8,0.0,85.6,0.0,0.0,0.0,0.0,15794.9 MiB,3754.4 MiB,2200.8 MiB,9839.7 MiB,4096.0 MiB,3452.5 MiB,643.5 MiB,12978.3 MiB,,0,02.50
8,2023-08-08,nbody_50000000_original,18.17.1,nbody_6_original.js 50000000,3,1695228612,2855378,node,3.68,612618240,51544064,38416384,100.0,0.3,7.0,2.0,0:03,0,81170432,56467456,0,4241408,0.0,51544064,327,2,281,44,0,12.9,0.8,0.0,86.4,0.0,0.0,0.0,0.0,15794.9 MiB,3753.7 MiB,2201.5 MiB,9839.7 MiB,4096.0 MiB,3452.5 MiB,643.5 MiB,12977.5 MiB,,0,03.68
8,2023-08-08,nbody_50000000_original,18.17.1,nbody_6_original.js 50000000,4,1695228613,2855378,node,4.86,612618240,51544064,38416384,100.0,0.3,7.0,2.0,0:04,0,81170432,56467456,0,4241408,0.0,51544064,327,2,281,44,0,13.0,0.8,0.0,86.3,0.0,0.0,0.0,0.0,15794.9 MiB,3752.5 MiB,2202.7 MiB,9839.7 MiB,4096.0 MiB,3452.5 MiB,643.5 MiB,12976.3 MiB,,0,04.86
9,2023-08-08,nbody_50000000_original,18.17.1,nbody_6_original.js 50000000,0,1695228614,2855416,node,0.16,612786176,51331072,38494208,100.0,0.3,7.0,3.0,0:00,0,81170432,56635392,0,4230144,0.0,51331072,327,2,281,44,0,14.4,0.8,0.0,84.8,0.0,0.0,0.0,0.0,15794.9 MiB,3751.8 MiB,2196.5 MiB,9846.7 MiB,4096.0 MiB,3452.5 MiB,643.5 MiB,12975.6 MiB,,0,00.16
9,2023-08-08,nbody_50000000_original,18.17.1,nbody_6_original.js 50000000,1,1695228616,2855416,node,1.34,612786176,51331072,38494208,100.0,0.3,7.0,3.0,0:01,0,81170432,56635392,0,4230144,0.0,51331072,326,2,280,44,0,13.0,0.8,0.0,86.3,0.0,0.0,0.0,0.0,15794.9 MiB,3752.2 MiB,2196.0 MiB,9846.7 MiB,4096.0 MiB,3452.5 MiB,643.5 MiB,12976.1 MiB,,0,01.34
9,2023-08-08,nbody_50000000_original,18.17.1,nbody_6_original.js 50000000,2,1695228617,2855416,node,2.51,612786176,51331072,38494208,100.0,0.3,7.0,3.0,0:02,0,81170432,56635392,0,4230144,0.0,51331072,326,2,280,44,0,12.3,0.8,0.0,86.9,0.0,0.0,0.0,0.0,15794.9 MiB,3753.2 MiB,2202.0 MiB,9839.7 MiB,4096.0 MiB,3452.5 MiB,643.5 MiB,12977.1 MiB,,0,02.51
9,2023-08-08,nbody_50000000_original,18.17.1,nbody_6_original.js 50000000,3,1695228618,2855416,node,3.68,612786176,51331072,38494208,93.8,0.3,7.0,3.0,0:03,0,81170432,56635392,0,4230144,0.0,51331072,326,2,280,44,0,12.2,1.5,0.0,86.3,0.0,0.0,0.0,0.0,15794.9 MiB,3754.0 MiB,2201.2 MiB,9839.7 MiB,4096.0 MiB,3452.5 MiB,643.5 MiB,12977.8 MiB,,0,03.68
9,2023-08-08,nbody_50000000_original,18.17.1,nbody_6_original.js 50000000,4,1695228619,2855416,node,4.86,612786176,51331072,38494208,106.7,0.3,7.0,3.0,0:04,0,81170432,56635392,0,4230144,0.0,51331072,326,2,280,44,0,13.0,0.8,0.0,86.3,0.0,0.0,0.0,0.0,15794.9 MiB,3755.0 MiB,2200.2 MiB,9839.7 MiB,4096.0 MiB,3452.5 MiB,643.5 MiB,12978.8 MiB,,0,04.86
10,2023-08-08,nbody_50000000_original,18.17.1,nbody_6_original.js 50000000,0,1695228620,2855457,node,0.16,612618240,51556352,38449152,100.0,0.3,7.0,1.0,0:00,0,81170432,56467456,0,4235264,0.0,51556352,326,2,280,44,0,13.6,1.5,0.0,84.8,0.0,0.0,0.0,0.0,15794.9 MiB,3749.1 MiB,2199.3 MiB,9846.5 MiB,4096.0 MiB,3452.5 MiB,643.5 MiB,12972.9 MiB,,0,00.16
10,2023-08-08,nbody_50000000_original,18.17.1,nbody_6_original.js 50000000,1,1695228621,2855457,node,1.34,612618240,51556352,38449152,100.0,0.3,7.0,5.0,0:01,0,81170432,56467456,0,4235264,0.0,51556352,326,2,280,44,0,13.0,0.8,0.0,86.3,0.0,0.0,0.0,0.0,15794.9 MiB,3747.6 MiB,2200.6 MiB,9846.7 MiB,4096.0 MiB,3452.5 MiB,643.5 MiB,12971.4 MiB,,0,01.34
10,2023-08-08,nbody_50000000_original,18.17.1,nbody_6_original.js 50000000,2,1695228623,2855457,node,2.51,612618240,51556352,38449152,100.0,0.3,7.0,5.0,0:02,0,81170432,56467456,0,4235264,0.0,51556352,326,2,280,44,0,13.6,0.8,0.0,85.6,0.0,0.0,0.0,0.0,15794.9 MiB,3753.0 MiB,2202.0 MiB,9839.8 MiB,4096.0 MiB,3452.5 MiB,643.5 MiB,12976.8 MiB,,0,02.51
10,2023-08-08,nbody_50000000_original,18.17.1,nbody_6_original.js 50000000,3,1695228624,2855457,node,3.69,612618240,51556352,38449152,100.0,0.3,7.0,5.0,0:03,0,81170432,56467456,0,4235264,0.0,51556352,326,2,280,44,0,12.3,1.5,0.0,86.2,0.0,0.0,0.0,0.0,15794.9 MiB,3753.0 MiB,2202.2 MiB,9839.7 MiB,4096.0 MiB,3452.5 MiB,643.5 MiB,12976.8 MiB,,0,03.69
10,2023-08-08,nbody_50000000_original,18.17.1,nbody_6_original.js 50000000,4,1695228625,2855457,node,4.86,612618240,51556352,38449152,106.7,0.3,7.0,5.0,0:04,0,81170432,56467456,0,4235264,0.0,51556352,326,2,280,44,0,13.0,0.8,0.0,86.3,0.0,0.0,0.0,0.0,15794.9 MiB,3752.8 MiB,2202.4 MiB,9839.7 MiB,4096.0 MiB,3452.5 MiB,643.5 MiB,12976.6 MiB,,0,04.86
1,2023-04-10,nbody_50000000_original,19.9.0,nbody_6_original.js 50000000,0,1695229091,2857217,node,0.17,1014095872,48955392,36757504,113.3,0.3,7.0,4.0,0:00,0,81756160,55230464,0,4013056,0.0,48955392,328,2,282,44,0,13.1,1.5,0.0,85.4,0.0,0.0,0.0,0.0,15794.9 MiB,3745.7 MiB,2194.5 MiB,9854.7 MiB,4096.0 MiB,3452.5 MiB,643.5 MiB,12977.8 MiB,,0,00.17
1,2023-04-10,nbody_50000000_original,19.9.0,nbody_6_original.js 50000000,1,1695229092,2857217,node,1.35,1014095872,48955392,36757504,100.0,0.3,7.0,4.0,0:01,0,81756160,55230464,0,4013056,0.0,48955392,328,2,282,44,0,12.2,1.5,0.0,86.3,0.0,0.0,0.0,0.0,15794.9 MiB,3743.4 MiB,2196.3 MiB,9855.1 MiB,4096.0 MiB,3452.5 MiB,643.5 MiB,12975.7 MiB,,0,01.35
1,2023-04-10,nbody_50000000_original,19.9.0,nbody_6_original.js 50000000,2,1695229094,2857217,node,2.52,1014095872,48955392,36757504,100.0,0.3,7.0,0.0,0:02,0,81756160,55230464,0,4013056,0.0,48955392,329,2,283,44,0,12.9,1.5,0.0,85.6,0.0,0.0,0.0,0.0,15794.9 MiB,3741.8 MiB,2204.9 MiB,9848.2 MiB,4096.0 MiB,3452.5 MiB,643.5 MiB,12974.0 MiB,,0,02.52
1,2023-04-10,nbody_50000000_original,19.9.0,nbody_6_original.js 50000000,3,1695229095,2857217,node,3.69,1014095872,48955392,36757504,100.0,0.3,7.0,0.0,0:03,0,81756160,55230464,0,4013056,0.0,48955392,329,2,283,44,0,13.0,0.8,0.0,86.3,0.0,0.0,0.0,0.0,15794.9 MiB,3740.8 MiB,2206.0 MiB,9848.1 MiB,4096.0 MiB,3452.5 MiB,643.5 MiB,12973.0 MiB,,0,03.69
1,2023-04-10,nbody_50000000_original,19.9.0,nbody_6_original.js 50000000,4,1695229096,2857217,node,4.87,1014095872,48955392,36757504,100.0,0.3,7.0,0.0,0:04,0,81756160,55230464,0,4013056,0.0,48955392,329,2,283,44,0,13.0,1.5,0.0,85.5,0.0,0.0,0.0,0.0,15794.9 MiB,3740.8 MiB,2206.0 MiB,9848.1 MiB,4096.0 MiB,3452.5 MiB,643.5 MiB,12973.0 MiB,,0,04.87
2,2023-04-10,nbody_50000000_original,19.9.0,nbody_6_original.js 50000000,0,1695229097,2857255,node,0.17,1014247424,48713728,36741120,106.2,0.3,7.0,1.0,0:00,0,81756160,55390208,0,4032512,0.0,48713728,329,2,283,44,0,13.6,2.3,0.0,83.3,0.8,0.0,0.0,0.0,15794.9 MiB,3733.2 MiB,2206.6 MiB,9855.1 MiB,4096.0 MiB,3452.5 MiB,643.5 MiB,12965.4 MiB,,0,00.17
2,2023-04-10,nbody_50000000_original,19.9.0,nbody_6_original.js 50000000,1,1695229098,2857255,node,1.34,1014247424,48713728,36741120,93.8,0.3,7.0,1.0,0:01,0,81756160,55390208,0,4032512,0.0,48713728,329,2,283,44,0,13.1,0.0,0.0,86.9,0.0,0.0,0.0,0.0,15794.9 MiB,3732.2 MiB,2207.5 MiB,9855.1 MiB,4096.0 MiB,3452.5 MiB,643.5 MiB,12964.5 MiB,,0,01.34
2,2023-04-10,nbody_50000000_original,19.9.0,nbody_6_original.js 50000000,2,1695229099,2857255,node,2.52,1014247424,48713728,36741120,106.7,0.3,7.0,5.0,0:02,0,81756160,55390208,0,4032512,0.0,48713728,329,2,283,44,0,12.9,0.8,0.0,86.4,0.0,0.0,0.0,0.0,15794.9 MiB,3737.6 MiB,2209.0 MiB,9848.3 MiB,4096.0 MiB,3452.5 MiB,643.5 MiB,12969.9 MiB,,0,02.52
2,2023-04-10,nbody_50000000_original,19.9.0,nbody_6_original.js 50000000,3,1695229101,2857255,node,3.69,1014247424,48713728,36741120,93.8,0.3,7.0,1.0,0:03,0,81756160,55390208,0,4032512,0.0,48713728,329,2,283,44,0,13.5,0.8,0.0,85.7,0.0,0.0,0.0,0.0,15794.9 MiB,3736.6 MiB,2210.1 MiB,9848.1 MiB,4096.0 MiB,3452.5 MiB,643.5 MiB,12968.9 MiB,,0,03.69
2,2023-04-10,nbody_50000000_original,19.9.0,nbody_6_original.js 50000000,4,1695229102,2857255,node,4.86,1014247424,48713728,36741120,100.0,0.3,7.0,1.0,0:04,0,81756160,55390208,0,4032512,0.0,48713728,329,2,283,44,0,13.0,0.8,0.0,86.3,0.0,0.0,0.0,0.0,15794.9 MiB,3736.1 MiB,2210.6 MiB,9848.1 MiB,4096.0 MiB,3452.5 MiB,643.5 MiB,12968.4 MiB,,0,04.86
3,2023-04-10,nbody_50000000_original,19.9.0,nbody_6_original.js 50000000,0,1695229103,2857292,node,0.16,1014095872,48926720,36732928,100.0,0.3,7.0,6.0,0:00,0,81756160,55230464,0,4026368,0.0,48926720,329,2,283,44,0,13.8,1.5,0.0,83.8,0.8,0.0,0.0,0.0,15794.9 MiB,3724.4 MiB,2215.4 MiB,9855.1 MiB,4096.0 MiB,3452.5 MiB,643.5 MiB,12956.6 MiB,,0,00.16
3,2023-04-10,nbody_50000000_original,19.9.0,nbody_6_original.js 50000000,1,1695229104,2857292,node,1.34,1014095872,48926720,36732928,100.0,0.3,7.0,6.0,0:01,0,81756160,55230464,0,4026368,0.0,48926720,329,2,283,44,0,12.2,1.5,0.0,86.3,0.0,0.0,0.0,0.0,15794.9 MiB,3724.4 MiB,2215.4 MiB,9855.1 MiB,4096.0 MiB,3452.5 MiB,643.5 MiB,12956.6 MiB,,0,01.34
3,2023-04-10,nbody_50000000_original,19.9.0,nbody_6_original.js 50000000,2,1695229105,2857292,node,2.51,1014095872,48926720,36732928,100.0,0.3,7.0,6.0,0:02,0,81756160,55230464,0,4026368,0.0,48926720,329,2,283,44,0,13.6,0.8,0.0,85.6,0.0,0.0,0.0,0.0,15794.9 MiB,3732.5 MiB,2214.3 MiB,9848.1 MiB,4096.0 MiB,3452.5 MiB,643.5 MiB,12964.8 MiB,,0,02.51
3,2023-04-10,nbody_50000000_original,19.9.0,nbody_6_original.js 50000000,3,1695229107,2857292,node,3.68,1014095872,48926720,36732928,93.8,0.3,7.0,6.0,0:03,0,81756160,55230464,0,4026368,0.0,48926720,329,2,283,44,0,13.1,0.0,0.0,86.9,0.0,0.0,0.0,0.0,15794.9 MiB,3731.8 MiB,2215.0 MiB,9848.1 MiB,4096.0 MiB,3452.5 MiB,643.5 MiB,12964.0 MiB,,0,03.68
3,2023-04-10,nbody_50000000_original,19.9.0,nbody_6_original.js 50000000,4,1695229108,2857292,node,4.86,1014095872,48926720,36732928,100.0,0.3,7.0,2.0,0:04,0,81756160,55230464,0,4026368,0.0,48926720,329,2,283,44,0,13.6,0.8,0.0,85.6,0.0,0.0,0.0,0.0,15794.9 MiB,3730.3 MiB,2216.5 MiB,9848.1 MiB,4096.0 MiB,3452.5 MiB,643.5 MiB,12962.6 MiB,,0,04.86
4,2023-04-10,nbody_50000000_original,19.9.0,nbody_6_original.js 50000000,0,1695229109,2857333,node,0.17,1014247424,48775168,36593664,106.2,0.3,7.0,3.0,0:00,0,81756160,55382016,0,4025344,0.0,48775168,329,2,283,44,0,14.4,1.5,0.0,84.1,0.0,0.0,0.0,0.0,15794.9 MiB,3730.0 MiB,2209.7 MiB,9855.1 MiB,4096.0 MiB,3452.5 MiB,643.5 MiB,12962.3 MiB,,0,00.17
4,2023-04-10,nbody_50000000_original,19.9.0,nbody_6_original.js 50000000,1,1695229110,2857333,node,1.34,1014247424,48775168,36593664,93.8,0.3,7.0,3.0,0:01,0,81756160,55382016,0,4025344,0.0,48775168,329,3,282,44,0,13.0,0.8,0.0,86.3,0.0,0.0,0.0,0.0,15794.9 MiB,3730.3 MiB,2209.4 MiB,9855.1 MiB,4096.0 MiB,3452.5 MiB,643.5 MiB,12962.6 MiB,,0,01.34
4,2023-04-10,nbody_50000000_original,19.9.0,nbody_6_original.js 50000000,2,1695229111,2857333,node,2.52,1014247424,48775168,36593664,100.0,0.3,7.0,3.0,0:02,0,81756160,55382016,0,4025344,0.0,48775168,329,2,283,44,0,13.2,0.0,0.0,86.8,0.0,0.0,0.0,0.0,15794.9 MiB,3736.2 MiB,2210.5 MiB,9848.1 MiB,4096.0 MiB,3452.5 MiB,643.5 MiB,12968.5 MiB,,0,02.52
4,2023-04-10,nbody_50000000_original,19.9.0,nbody_6_original.js 50000000,3,1695229112,2857333,node,3.69,1014247424,48775168,36593664,106.7,0.3,7.0,3.0,0:03,0,81756160,55382016,0,4025344,0.0,48775168,329,2,283,44,0,13.0,0.8,0.0,86.3,0.0,0.0,0.0,0.0,15794.9 MiB,3736.9 MiB,2209.8 MiB,9848.1 MiB,4096.0 MiB,3452.5 MiB,643.5 MiB,12969.2 MiB,,0,03.69
4,2023-04-10,nbody_50000000_original,19.9.0,nbody_6_original.js 50000000,4,1695229114,2857333,node,4.87,1014247424,48775168,36593664,100.0,0.3,7.0,3.0,0:04,0,81756160,55382016,0,4025344,0.0,48775168,329,2,283,44,0,13.0,0.8,0.0,85.5,0.8,0.0,0.0,0.0,15794.9 MiB,3736.7 MiB,2210.0 MiB,9848.1 MiB,4096.0 MiB,3452.5 MiB,643.5 MiB,12969.0 MiB,,0,04.87
5,2023-04-10,nbody_50000000_original,19.9.0,nbody_6_original.js 50000000,0,1695229115,2857370,node,0.17,1014247424,48951296,36757504,113.3,0.3,7.0,4.0,0:00,0,81756160,55382016,0,4035584,0.0,48951296,329,2,283,44,0,15.0,1.5,0.0,83.5,0.0,0.0,0.0,0.0,15794.9 MiB,3737.2 MiB,2202.5 MiB,9855.1 MiB,4096.0 MiB,3452.5 MiB,643.5 MiB,12969.5 MiB,,0,00.17
5,2023-04-10,nbody_50000000_original,19.9.0,nbody_6_original.js 50000000,1,1695229116,2857370,node,1.34,1014247424,48951296,36757504,93.8,0.3,7.0,4.0,0:01,0,81756160,55382016,0,4035584,0.0,48951296,329,2,283,44,0,12.9,1.5,0.0,85.6,0.0,0.0,0.0,0.0,15794.9 MiB,3736.9 MiB,2202.8 MiB,9855.1 MiB,4096.0 MiB,3452.5 MiB,643.5 MiB,12969.2 MiB,,0,01.34
5,2023-04-10,nbody_50000000_original,19.9.0,nbody_6_original.js 50000000,2,1695229117,2857370,node,2.51,1014247424,48951296,36757504,93.8,0.3,7.0,4.0,0:02,0,81756160,55382016,0,4035584,0.0,48951296,329,2,283,44,0,14.2,1.5,0.0,84.3,0.0,0.0,0.0,0.0,15794.9 MiB,3742.4 MiB,2204.4 MiB,9848.1 MiB,4096.0 MiB,3452.5 MiB,643.5 MiB,12974.7 MiB,,0,02.51
5,2023-04-10,nbody_50000000_original,19.9.0,nbody_6_original.js 50000000,3,1695229118,2857370,node,3.69,1014247424,48951296,36757504,100.0,0.3,7.0,4.0,0:03,0,81756160,55382016,0,4035584,0.0,48951296,329,2,283,44,0,13.1,0.8,0.0,86.2,0.0,0.0,0.0,0.0,15794.9 MiB,3741.1 MiB,2205.6 MiB,9848.1 MiB,4096.0 MiB,3452.5 MiB,643.5 MiB,12973.4 MiB,,0,03.69
5,2023-04-10,nbody_50000000_original,19.9.0,nbody_6_original.js 50000000,4,1695229119,2857370,node,4.87,1014247424,48951296,36757504,100.0,0.3,7.0,0.0,0:04,0,81756160,55382016,0,4035584,0.0,48951296,329,2,283,44,0,13.6,0.8,0.0,85.6,0.0,0.0,0.0,0.0,15794.9 MiB,3740.4 MiB,2206.3 MiB,9848.1 MiB,4096.0 MiB,3452.5 MiB,643.5 MiB,12972.7 MiB,,0,04.87
6,2023-04-10,nbody_50000000_original,19.9.0,nbody_6_original.js 50000000,0,1695229121,2857407,node,0.16,1014247424,48926720,36720640,100.0,0.3,7.0,4.0,0:00,0,81756160,55382016,0,4036608,0.0,48926720,329,2,283,44,0,13.6,2.3,0.0,84.1,0.0,0.0,0.0,0.0,15794.9 MiB,3732.3 MiB,2207.4 MiB,9855.2 MiB,4096.0 MiB,3452.5 MiB,643.5 MiB,12964.6 MiB,,0,00.16
6,2023-04-10,nbody_50000000_original,19.9.0,nbody_6_original.js 50000000,1,1695229122,2857407,node,1.34,1014247424,48926720,36720640,100.0,0.3,7.0,0.0,0:01,0,81756160,55382016,0,4036608,0.0,48926720,329,2,283,44,0,13.6,0.8,0.0,85.6,0.0,0.0,0.0,0.0,15794.9 MiB,3732.3 MiB,2207.4 MiB,9855.2 MiB,4096.0 MiB,3452.5 MiB,643.5 MiB,12964.6 MiB,,0,01.34
6,2023-04-10,nbody_50000000_original,19.9.0,nbody_6_original.js 50000000,2,1695229123,2857407,node,2.51,1014247424,48926720,36720640,93.8,0.3,7.0,0.0,0:02,0,81756160,55382016,0,4036608,0.0,48926720,329,2,283,44,0,12.9,1.5,0.0,85.6,0.0,0.0,0.0,0.0,15794.9 MiB,3737.2 MiB,2209.5 MiB,9848.1 MiB,4096.0 MiB,3452.5 MiB,643.5 MiB,12969.5 MiB,,0,02.51
6,2023-04-10,nbody_50000000_original,19.9.0,nbody_6_original.js 50000000,3,1695229124,2857407,node,3.69,1014247424,48926720,36720640,100.0,0.3,7.0,0.0,0:03,0,81756160,55382016,0,4036608,0.0,48926720,329,2,283,44,0,12.9,1.5,0.0,85.6,0.0,0.0,0.0,0.0,15794.9 MiB,3738.0 MiB,2208.8 MiB,9848.1 MiB,4096.0 MiB,3452.5 MiB,643.5 MiB,12970.3 MiB,,0,03.69
6,2023-04-10,nbody_50000000_original,19.9.0,nbody_6_original.js 50000000,4,1695229125,2857407,node,4.86,1014247424,48926720,36720640,106.7,0.3,7.0,0.0,0:04,0,81756160,55382016,0,4036608,0.0,48926720,329,2,283,44,0,13.0,0.8,0.0,86.3,0.0,0.0,0.0,0.0,15794.9 MiB,3737.2 MiB,2209.5 MiB,9848.2 MiB,4096.0 MiB,3452.5 MiB,643.5 MiB,12969.5 MiB,,0,04.86
7,2023-04-10,nbody_50000000_original,19.9.0,nbody_6_original.js 50000000,0,1695229127,2857444,node,0.16,1014095872,48996352,36765696,100.0,0.3,7.0,4.0,0:00,0,81756160,55230464,0,4021248,0.0,48996352,329,2,283,44,0,13.7,1.5,0.0,84.7,0.0,0.0,0.0,0.0,15794.9 MiB,3732.5 MiB,2207.2 MiB,9855.2 MiB,4096.0 MiB,3452.5 MiB,643.5 MiB,12964.9 MiB,,0,00.16
7,2023-04-10,nbody_50000000_original,19.9.0,nbody_6_original.js 50000000,1,1695229128,2857444,node,1.34,1014095872,48996352,36765696,100.0,0.3,7.0,4.0,0:01,0,81756160,55230464,0,4021248,0.0,48996352,329,2,283,44,0,12.9,0.8,0.0,86.4,0.0,0.0,0.0,0.0,15794.9 MiB,3732.3 MiB,2207.4 MiB,9855.2 MiB,4096.0 MiB,3452.5 MiB,643.5 MiB,12964.6 MiB,,0,01.34
7,2023-04-10,nbody_50000000_original,19.9.0,nbody_6_original.js 50000000,2,1695229129,2857444,node,2.51,1014095872,48996352,36765696,100.0,0.3,7.0,0.0,0:02,0,81756160,55230464,0,4021248,0.0,48996352,329,2,283,44,0,13.0,0.8,0.0,86.3,0.0,0.0,0.0,0.0,15794.9 MiB,3739.2 MiB,2207.5 MiB,9848.2 MiB,4096.0 MiB,3452.5 MiB,643.5 MiB,12971.5 MiB,,0,02.51
7,2023-04-10,nbody_50000000_original,19.9.0,nbody_6_original.js 50000000,3,1695229130,2857444,node,3.69,1014095872,48996352,36765696,106.7,0.3,7.0,0.0,0:03,0,81756160,55230464,0,4021248,0.0,48996352,329,2,283,44,0,12.3,0.8,0.0,86.9,0.0,0.0,0.0,0.0,15794.9 MiB,3739.0 MiB,2207.8 MiB,9848.2 MiB,4096.0 MiB,3452.5 MiB,643.5 MiB,12971.3 MiB,,0,03.69
7,2023-04-10,nbody_50000000_original,19.9.0,nbody_6_original.js 50000000,4,1695229131,2857444,node,4.86,1014095872,48996352,36765696,100.0,0.3,7.0,0.0,0:04,0,81756160,55230464,0,4021248,0.0,48996352,329,2,283,44,0,13.5,0.8,0.0,85.7,0.0,0.0,0.0,0.0,15794.9 MiB,3739.2 MiB,2207.5 MiB,9848.2 MiB,4096.0 MiB,3452.5 MiB,643.5 MiB,12971.5 MiB,,0,04.86
8,2023-04-10,nbody_50000000_original,19.9.0,nbody_6_original.js 50000000,0,1695229132,2857481,node,0.17,1014247424,48971776,36765696,113.3,0.3,7.0,4.0,0:00,0,81756160,55382016,0,4031488,0.0,48971776,329,2,283,44,0,14.9,2.2,0.0,82.8,0.0,0.0,0.0,0.0,15794.9 MiB,3734.5 MiB,2205.2 MiB,9855.2 MiB,4096.0 MiB,3452.5 MiB,643.5 MiB,12966.8 MiB,,0,00.17
8,2023-04-10,nbody_50000000_original,19.9.0,nbody_6_original.js 50000000,1,1695229134,2857481,node,1.34,1014247424,48971776,36765696,100.0,0.3,7.0,4.0,0:01,0,81756160,55382016,0,4031488,0.0,48971776,329,2,283,44,0,13.0,0.8,0.0,86.3,0.0,0.0,0.0,0.0,15794.9 MiB,3735.8 MiB,2204.0 MiB,9855.2 MiB,4096.0 MiB,3452.5 MiB,643.5 MiB,12968.1 MiB,,0,01.34
8,2023-04-10,nbody_50000000_original,19.9.0,nbody_6_original.js 50000000,2,1695229135,2857481,node,2.52,1014247424,48971776,36765696,100.0,0.3,7.0,4.0,0:02,0,81756160,55382016,0,4031488,0.0,48971776,329,2,283,44,0,12.3,0.8,0.0,86.9,0.0,0.0,0.0,0.0,15794.9 MiB,3738.7 MiB,2208.0 MiB,9848.2 MiB,4096.0 MiB,3452.5 MiB,643.5 MiB,12971.0 MiB,,0,02.52
8,2023-04-10,nbody_50000000_original,19.9.0,nbody_6_original.js 50000000,3,1695229136,2857481,node,3.69,1014247424,48971776,36765696,100.0,0.3,7.0,0.0,0:03,0,81756160,55382016,0,4031488,0.0,48971776,329,2,283,44,0,12.3,0.8,0.0,86.9,0.0,0.0,0.0,0.0,15794.9 MiB,3738.2 MiB,2208.5 MiB,9848.2 MiB,4096.0 MiB,3452.5 MiB,643.5 MiB,12970.5 MiB,,0,03.69
8,2023-04-10,nbody_50000000_original,19.9.0,nbody_6_original.js 50000000,4,1695229137,2857481,node,4.86,1014247424,48971776,36765696,93.8,0.3,7.0,0.0,0:04,0,81756160,55382016,0,4031488,0.0,48971776,329,2,283,44,0,12.3,0.8,0.0,86.2,0.8,0.0,0.0,0.0,15794.9 MiB,3738.2 MiB,2208.5 MiB,9848.2 MiB,4096.0 MiB,3452.5 MiB,643.5 MiB,12970.5 MiB,,0,04.86
9,2023-04-10,nbody_50000000_original,19.9.0,nbody_6_original.js 50000000,0,1695229138,2857518,node,0.17,1014095872,48857088,36679680,100.0,0.3,7.0,6.0,0:00,0,81756160,55230464,0,4027392,0.0,48857088,329,2,283,44,0,14.3,1.5,0.0,84.2,0.0,0.0,0.0,0.0,15794.9 MiB,3740.0 MiB,2199.7 MiB,9855.2 MiB,4096.0 MiB,3452.5 MiB,643.5 MiB,12972.3 MiB,,0,00.17
9,2023-04-10,nbody_50000000_original,19.9.0,nbody_6_original.js 50000000,1,1695229139,2857518,node,1.34,1014095872,48857088,36679680,100.0,0.3,7.0,6.0,0:01,0,81756160,55230464,0,4027392,0.0,48857088,329,2,283,44,0,13.6,0.8,0.0,85.6,0.0,0.0,0.0,0.0,15794.9 MiB,3740.0 MiB,2199.7 MiB,9855.2 MiB,4096.0 MiB,3452.5 MiB,643.5 MiB,12972.3 MiB,,0,01.34
9,2023-04-10,nbody_50000000_original,19.9.0,nbody_6_original.js 50000000,2,1695229141,2857518,node,2.52,1014095872,48857088,36679680,100.0,0.3,7.0,6.0,0:02,0,81756160,55230464,0,4027392,0.0,48857088,329,2,283,44,0,13.0,1.5,0.0,85.5,0.0,0.0,0.0,0.0,15794.9 MiB,3747.3 MiB,2199.3 MiB,9848.2 MiB,4096.0 MiB,3452.5 MiB,643.5 MiB,12979.7 MiB,,0,02.52
9,2023-04-10,nbody_50000000_original,19.9.0,nbody_6_original.js 50000000,3,1695229142,2857518,node,3.69,1014095872,48857088,36679680,93.8,0.3,7.0,6.0,0:03,0,81756160,55230464,0,4027392,0.0,48857088,329,2,283,44,0,12.9,0.8,0.0,86.4,0.0,0.0,0.0,0.0,15794.9 MiB,3746.6 MiB,2200.0 MiB,9848.2 MiB,4096.0 MiB,3452.5 MiB,643.5 MiB,12978.9 MiB,,0,03.69
9,2023-04-10,nbody_50000000_original,19.9.0,nbody_6_original.js 50000000,4,1695229143,2857518,node,4.87,1014095872,48857088,36679680,100.0,0.3,7.0,6.0,0:04,0,81756160,55230464,0,4027392,0.0,48857088,329,2,283,44,0,13.0,0.8,0.0,85.5,0.8,0.0,0.0,0.0,15794.9 MiB,3747.8 MiB,2198.8 MiB,9848.2 MiB,4096.0 MiB,3452.5 MiB,643.5 MiB,12980.2 MiB,,0,04.87
10,2023-04-10,nbody_50000000_original,19.9.0,nbody_6_original.js 50000000,0,1695229144,2857559,node,0.16,1014263808,48988160,36696064,100.0,0.3,7.0,0.0,0:00,0,81756160,55398400,0,4030464,0.0,48988160,329,2,283,44,0,14.3,1.5,0.0,84.2,0.0,0.0,0.0,0.0,15794.9 MiB,3753.5 MiB,2186.1 MiB,9855.2 MiB,4096.0 MiB,3452.5 MiB,643.5 MiB,12985.8 MiB,,0,00.16
10,2023-04-10,nbody_50000000_original,19.9.0,nbody_6_original.js 50000000,1,1695229145,2857559,node,1.34,1014263808,48988160,36696064,100.0,0.3,7.0,0.0,0:01,0,81756160,55398400,0,4030464,0.0,48988160,329,2,283,44,0,12.2,0.8,0.0,87.0,0.0,0.0,0.0,0.0,15794.9 MiB,3752.5 MiB,2187.1 MiB,9855.2 MiB,4096.0 MiB,3452.5 MiB,643.5 MiB,12984.9 MiB,,0,01.34
10,2023-04-10,nbody_50000000_original,19.9.0,nbody_6_original.js 50000000,2,1695229146,2857559,node,2.51,1014263808,48988160,36696064,93.8,0.3,7.0,4.0,0:02,0,81756160,55398400,0,4030464,0.0,48988160,330,2,284,44,0,12.2,0.8,0.0,87.0,0.0,0.0,0.0,0.0,15794.9 MiB,3758.7 MiB,2187.9 MiB,9848.2 MiB,4096.0 MiB,3452.5 MiB,643.5 MiB,12991.0 MiB,,0,02.51
10,2023-04-10,nbody_50000000_original,19.9.0,nbody_6_original.js 50000000,3,1695229148,2857559,node,3.68,1014263808,48988160,36696064,100.0,0.3,7.0,4.0,0:03,0,81756160,55398400,0,4030464,0.0,48988160,330,2,284,44,0,12.9,1.5,0.0,85.6,0.0,0.0,0.0,0.0,15794.9 MiB,3757.4 MiB,2189.2 MiB,9848.2 MiB,4096.0 MiB,3452.5 MiB,643.5 MiB,12989.8 MiB,,0,03.68
10,2023-04-10,nbody_50000000_original,19.9.0,nbody_6_original.js 50000000,4,1695229149,2857559,node,4.86,1014263808,48988160,36696064,100.0,0.3,7.0,0.0,0:04,0,81756160,55398400,0,4030464,0.0,48988160,330,2,284,44,0,12.4,0.8,0.0,86.0,0.8,0.0,0.0,0.0,15794.9 MiB,3757.9 MiB,2188.7 MiB,9848.2 MiB,4096.0 MiB,3452.5 MiB,643.5 MiB,12990.3 MiB,,0,04.86
1,2023-08-09,nbody_50000000_original,20.5.1,nbody_6_original.js 50000000,0,1695229614,2858531,node,0.17,1012252672,47194112,39448576,100.0,0.3,10.0,3.0,0:00,0,27901952,51765248,0,2979840,0.0,47194112,330,2,284,44,0,14.4,2.2,0.0,82.7,0.7,0.0,0.0,0.0,15794.9 MiB,3745.0 MiB,2193.2 MiB,9856.7 MiB,4096.0 MiB,3452.5 MiB,643.5 MiB,12979.1 MiB,,0,00.17
1,2023-08-09,nbody_50000000_original,20.5.1,nbody_6_original.js 50000000,1,1695229615,2858531,node,1.35,1012252672,47194112,39448576,100.0,0.3,10.0,3.0,0:01,0,27901952,51765248,0,2979840,0.0,47194112,330,2,284,44,0,13.7,0.8,0.0,85.5,0.0,0.0,0.0,0.0,15794.9 MiB,3742.5 MiB,2195.3 MiB,9857.1 MiB,4096.0 MiB,3452.5 MiB,643.5 MiB,12976.8 MiB,,0,01.35
1,2023-08-09,nbody_50000000_original,20.5.1,nbody_6_original.js 50000000,2,1695229616,2858531,node,2.52,1012252672,47194112,39448576,93.8,0.3,10.0,3.0,0:02,0,27901952,51765248,0,2979840,0.0,47194112,330,2,284,44,0,13.0,0.8,0.0,86.3,0.0,0.0,0.0,0.0,15794.9 MiB,3741.8 MiB,2203.0 MiB,9850.1 MiB,4096.0 MiB,3452.5 MiB,643.5 MiB,12976.0 MiB,,0,02.52
1,2023-08-09,nbody_50000000_original,20.5.1,nbody_6_original.js 50000000,3,1695229617,2858531,node,3.7,1012252672,47194112,39448576,100.0,0.3,10.0,3.0,0:03,0,27901952,51765248,0,2979840,0.0,47194112,330,2,284,44,0,12.9,1.5,0.0,85.6,0.0,0.0,0.0,0.0,15794.9 MiB,3742.3 MiB,2202.5 MiB,9850.1 MiB,4096.0 MiB,3452.5 MiB,643.5 MiB,12976.5 MiB,,0,03.70
1,2023-08-09,nbody_50000000_original,20.5.1,nbody_6_original.js 50000000,4,1695229618,2858531,node,4.87,1012252672,47194112,39448576,100.0,0.3,10.0,3.0,0:04,0,27901952,51765248,0,2979840,0.0,47194112,330,2,284,44,0,12.1,1.5,0.0,86.4,0.0,0.0,0.0,0.0,15794.9 MiB,3743.2 MiB,2201.5 MiB,9850.1 MiB,4096.0 MiB,3452.5 MiB,643.5 MiB,12977.5 MiB,,0,04.87
2,2023-08-09,nbody_50000000_original,20.5.1,nbody_6_original.js 50000000,0,1695229620,2858573,node,0.17,1012252672,47276032,39530496,106.2,0.3,10.0,7.0,0:00,0,27901952,51765248,0,2988032,0.0,47276032,330,2,284,44,0,13.6,1.5,0.0,84.8,0.0,0.0,0.0,0.0,15794.9 MiB,3737.6 MiB,2200.2 MiB,9857.1 MiB,4096.0 MiB,3452.5 MiB,643.5 MiB,12971.8 MiB,,0,00.17
2,2023-08-09,nbody_50000000_original,20.5.1,nbody_6_original.js 50000000,1,1695229621,2858573,node,1.34,1012252672,47276032,39530496,106.7,0.3,10.0,7.0,0:01,0,27901952,51765248,0,2988032,0.0,47276032,330,2,284,44,0,12.8,1.5,0.0,85.7,0.0,0.0,0.0,0.0,15794.9 MiB,3736.9 MiB,2200.9 MiB,9857.1 MiB,4096.0 MiB,3452.5 MiB,643.5 MiB,12971.1 MiB,,0,01.34
2,2023-08-09,nbody_50000000_original,20.5.1,nbody_6_original.js 50000000,2,1695229622,2858573,node,2.52,1012252672,47276032,39530496,100.0,0.3,10.0,7.0,0:02,0,27901952,51765248,0,2988032,0.0,47276032,330,2,284,44,0,12.3,0.8,0.0,86.9,0.0,0.0,0.0,0.0,15794.9 MiB,3737.1 MiB,2207.6 MiB,9850.2 MiB,4096.0 MiB,3452.5 MiB,643.5 MiB,12971.4 MiB,,0,02.52
2,2023-08-09,nbody_50000000_original,20.5.1,nbody_6_original.js 50000000,3,1695229623,2858573,node,3.69,1012252672,47276032,39530496,106.7,0.3,10.0,7.0,0:03,0,27901952,51765248,0,2988032,0.0,47276032,330,2,284,44,0,13.6,1.5,0.0,84.8,0.0,0.0,0.0,0.0,15794.9 MiB,3738.6 MiB,2206.1 MiB,9850.2 MiB,4096.0 MiB,3452.5 MiB,643.5 MiB,12972.9 MiB,,0,03.69
2,2023-08-09,nbody_50000000_original,20.5.1,nbody_6_original.js 50000000,4,1695229624,2858573,node,4.86,1012252672,47276032,39530496,93.8,0.3,10.0,7.0,0:04,0,27901952,51765248,0,2988032,0.0,47276032,330,2,284,44,0,12.9,0.8,0.0,85.6,0.0,0.0,0.8,0.0,15794.9 MiB,3738.6 MiB,2206.1 MiB,9850.2 MiB,4096.0 MiB,3452.5 MiB,643.5 MiB,12972.9 MiB,,0,04.86
3,2023-08-09,nbody_50000000_original,20.5.1,nbody_6_original.js 50000000,0,1695229625,2858615,node,0.17,1012252672,47169536,39530496,100.0,0.3,10.0,4.0,0:00,0,27901952,51757056,0,2999296,0.0,47169536,330,2,284,44,0,13.6,1.5,0.0,84.8,0.0,0.0,0.0,0.0,15794.9 MiB,3737.7 MiB,2200.0 MiB,9857.2 MiB,4096.0 MiB,3452.5 MiB,643.5 MiB,12971.9 MiB,,0,00.17
3,2023-08-09,nbody_50000000_original,20.5.1,nbody_6_original.js 50000000,1,1695229627,2858615,node,1.34,1012252672,47169536,39530496,100.0,0.3,10.0,0.0,0:01,0,27901952,51757056,0,2999296,0.0,47169536,330,2,284,44,0,12.3,0.8,0.0,86.9,0.0,0.0,0.0,0.0,15794.9 MiB,3736.4 MiB,2201.3 MiB,9857.2 MiB,4096.0 MiB,3452.5 MiB,643.5 MiB,12970.7 MiB,,0,01.34
3,2023-08-09,nbody_50000000_original,20.5.1,nbody_6_original.js 50000000,2,1695229628,2858615,node,2.51,1012252672,47169536,39530496,93.8,0.3,10.0,0.0,0:02,0,27901952,51757056,0,2999296,0.0,47169536,330,2,284,44,0,12.9,0.8,0.0,86.4,0.0,0.0,0.0,0.0,15794.9 MiB,3742.8 MiB,2201.9 MiB,9850.2 MiB,4096.0 MiB,3452.5 MiB,643.5 MiB,12977.1 MiB,,0,02.51
3,2023-08-09,nbody_50000000_original,20.5.1,nbody_6_original.js 50000000,3,1695229629,2858615,node,3.69,1012252672,47169536,39530496,100.0,0.3,10.0,0.0,0:03,0,27901952,51757056,0,2999296,0.0,47169536,330,2,284,44,0,12.9,0.8,0.0,86.4,0.0,0.0,0.0,0.0,15794.9 MiB,3742.6 MiB,2202.1 MiB,9850.2 MiB,4096.0 MiB,3452.5 MiB,643.5 MiB,12976.9 MiB,,0,03.69
3,2023-08-09,nbody_50000000_original,20.5.1,nbody_6_original.js 50000000,4,1695229630,2858615,node,4.86,1012252672,47169536,39530496,93.8,0.3,10.0,0.0,0:04,0,27901952,51757056,0,2999296,0.0,47169536,330,2,284,44,0,13.0,1.5,0.0,85.5,0.0,0.0,0.0,0.0,15794.9 MiB,3742.6 MiB,2202.1 MiB,9850.2 MiB,4096.0 MiB,3452.5 MiB,643.5 MiB,12976.9 MiB,,0,04.86
4,2023-08-09,nbody_50000000_original,20.5.1,nbody_6_original.js 50000000,0,1695229631,2858659,node,0.16,1012252672,47075328,39403520,100.0,0.3,10.0,6.0,0:00,0,27901952,51765248,0,2991104,0.0,47075328,330,2,284,44,0,13.6,1.5,0.0,84.8,0.0,0.0,0.0,0.0,15794.9 MiB,3735.3 MiB,2202.4 MiB,9857.2 MiB,4096.0 MiB,3452.5 MiB,643.5 MiB,12969.5 MiB,,0,00.16
4,2023-08-09,nbody_50000000_original,20.5.1,nbody_6_original.js 50000000,1,1695229632,2858659,node,1.34,1012252672,47075328,39403520,100.0,0.3,10.0,6.0,0:01,0,27901952,51765248,0,2991104,0.0,47075328,330,2,284,44,0,12.9,0.8,0.0,86.4,0.0,0.0,0.0,0.0,15794.9 MiB,3734.5 MiB,2203.2 MiB,9857.2 MiB,4096.0 MiB,3452.5 MiB,643.5 MiB,12968.8 MiB,,0,01.34
4,2023-08-09,nbody_50000000_original,20.5.1,nbody_6_original.js 50000000,2,1695229634,2858659,node,2.51,1012252672,47075328,39403520,106.7,0.3,10.0,6.0,0:02,0,27901952,51765248,0,2991104,0.0,47075328,330,2,284,44,0,12.9,1.5,0.0,85.6,0.0,0.0,0.0,0.0,15794.9 MiB,3742.2 MiB,2202.5 MiB,9850.2 MiB,4096.0 MiB,3452.5 MiB,643.5 MiB,12976.4 MiB,,0,02.51
4,2023-08-09,nbody_50000000_original,20.5.1,nbody_6_original.js 50000000,3,1695229635,2858659,node,3.69,1012252672,47075328,39403520,100.0,0.3,10.0,6.0,0:03,0,27901952,51765248,0,2991104,0.0,47075328,330,2,284,44,0,12.9,1.5,0.0,84.8,0.8,0.0,0.0,0.0,15794.9 MiB,3742.2 MiB,2202.5 MiB,9850.2 MiB,4096.0 MiB,3452.5 MiB,643.5 MiB,12976.5 MiB,,0,03.69
4,2023-08-09,nbody_50000000_original,20.5.1,nbody_6_original.js 50000000,4,1695229636,2858659,node,4.86,1012252672,47075328,39403520,100.0,0.3,10.0,6.0,0:04,0,27901952,51765248,0,2991104,0.0,47075328,330,2,284,44,0,12.8,1.5,0.0,85.7,0.0,0.0,0.0,0.0,15794.9 MiB,3741.7 MiB,2203.0 MiB,9850.2 MiB,4096.0 MiB,3452.5 MiB,643.5 MiB,12976.0 MiB,,0,04.86
5,2023-08-09,nbody_50000000_original,20.5.1,nbody_6_original.js 50000000,0,1695229637,2858699,node,0.16,1012252672,47017984,39395328,100.0,0.3,10.0,3.0,0:00,0,27901952,51757056,0,2987008,0.0,47017984,330,2,284,44,0,13.0,1.5,0.0,85.5,0.0,0.0,0.0,0.0,15794.9 MiB,3743.2 MiB,2194.5 MiB,9857.2 MiB,4096.0 MiB,3452.5 MiB,643.5 MiB,12977.5 MiB,,0,00.16
5,2023-08-09,nbody_50000000_original,20.5.1,nbody_6_original.js 50000000,1,1695229638,2858699,node,1.34,1012252672,47017984,39395328,106.7,0.3,10.0,3.0,0:01,0,27901952,51757056,0,2987008,0.0,47017984,330,2,284,44,0,12.3,1.5,0.0,86.2,0.0,0.0,0.0,0.0,15794.9 MiB,3742.2 MiB,2195.5 MiB,9857.2 MiB,4096.0 MiB,3452.5 MiB,643.5 MiB,12976.5 MiB,,0,01.34
5,2023-08-09,nbody_50000000_original,20.5.1,nbody_6_original.js 50000000,2,1695229640,2858699,node,2.51,1012252672,47017984,39395328,100.0,0.3,10.0,3.0,0:02,0,27901952,51757056,0,2987008,0.0,47017984,330,2,284,44,0,13.5,0.8,0.0,85.7,0.0,0.0,0.0,0.0,15794.9 MiB,3748.8 MiB,2195.7 MiB,9850.4 MiB,4096.0 MiB,3452.5 MiB,643.5 MiB,12983.1 MiB,,0,02.51
5,2023-08-09,nbody_50000000_original,20.5.1,nbody_6_original.js 50000000,3,1695229641,2858699,node,3.68,1012252672,47017984,39395328,93.8,0.3,10.0,3.0,0:03,0,27901952,51757056,0,2987008,0.0,47017984,330,2,284,44,0,12.9,1.5,0.0,84.8,0.8,0.0,0.0,0.0,15794.9 MiB,3748.9 MiB,2195.8 MiB,9850.2 MiB,4096.0 MiB,3452.5 MiB,643.5 MiB,12983.2 MiB,,0,03.68
5,2023-08-09,nbody_50000000_original,20.5.1,nbody_6_original.js 50000000,4,1695229642,2858699,node,4.86,1012252672,47017984,39395328,100.0,0.3,10.0,3.0,0:04,0,27901952,51757056,0,2987008,0.0,47017984,330,2,284,44,0,13.5,1.5,0.0,85.0,0.0,0.0,0.0,0.0,15794.9 MiB,3749.3 MiB,2195.3 MiB,9850.2 MiB,4096.0 MiB,3452.5 MiB,643.5 MiB,12983.7 MiB,,0,04.86
6,2023-08-09,nbody_50000000_original,20.5.1,nbody_6_original.js 50000000,0,1695229643,2858739,node,0.17,1012252672,47095808,39456768,100.0,0.3,10.0,6.0,0:00,0,27901952,51757056,0,2985984,0.0,47095808,330,2,284,44,0,14.4,0.8,0.0,84.8,0.0,0.0,0.0,0.0,15794.9 MiB,3743.5 MiB,2194.2 MiB,9857.2 MiB,4096.0 MiB,3452.5 MiB,643.5 MiB,12977.8 MiB,,0,00.17
6,2023-08-09,nbody_50000000_original,20.5.1,nbody_6_original.js 50000000,1,1695229644,2858739,node,1.34,1012252672,47095808,39456768,100.0,0.3,10.0,2.0,0:01,0,27901952,51757056,0,2985984,0.0,47095808,330,2,284,44,0,13.5,0.8,0.0,85.7,0.0,0.0,0.0,0.0,15794.9 MiB,3742.3 MiB,2195.4 MiB,9857.2 MiB,4096.0 MiB,3452.5 MiB,643.5 MiB,12976.6 MiB,,0,01.34
6,2023-08-09,nbody_50000000_original,20.5.1,nbody_6_original.js 50000000,2,1695229645,2858739,node,2.51,1012252672,47095808,39456768,93.8,0.3,10.0,2.0,0:02,0,27901952,51757056,0,2985984,0.0,47095808,330,2,284,44,0,13.0,1.5,0.0,85.5,0.0,0.0,0.0,0.0,15794.9 MiB,3749.4 MiB,2195.1 MiB,9850.4 MiB,4096.0 MiB,3452.5 MiB,643.5 MiB,12983.7 MiB,,0,02.51
6,2023-08-09,nbody_50000000_original,20.5.1,nbody_6_original.js 50000000,3,1695229647,2858739,node,3.69,1012252672,47095808,39456768,100.0,0.3,10.0,2.0,0:03,0,27901952,51757056,0,2985984,0.0,47095808,330,2,284,44,0,12.9,1.5,0.0,85.6,0.0,0.0,0.0,0.0,15794.9 MiB,3748.4 MiB,2196.2 MiB,9850.2 MiB,4096.0 MiB,3452.5 MiB,643.5 MiB,12982.7 MiB,,0,03.69
6,2023-08-09,nbody_50000000_original,20.5.1,nbody_6_original.js 50000000,4,1695229648,2858739,node,4.86,1012252672,47095808,39456768,93.8,0.3,10.0,2.0,0:04,0,27901952,51757056,0,2985984,0.0,47095808,330,2,284,44,0,13.0,0.0,0.0,87.0,0.0,0.0,0.0,0.0,15794.9 MiB,3747.4 MiB,2197.2 MiB,9850.2 MiB,4096.0 MiB,3452.5 MiB,643.5 MiB,12981.7 MiB,,0,04.86
7,2023-08-09,nbody_50000000_original,20.5.1,nbody_6_original.js 50000000,0,1695229649,2858779,node,0.16,1012252672,47120384,39440384,100.0,0.3,10.0,1.0,0:00,0,27901952,51765248,0,2987008,0.0,47120384,330,2,284,44,0,12.8,2.3,0.0,84.2,0.0,0.0,0.8,0.0,15794.9 MiB,3743.3 MiB,2194.4 MiB,9857.2 MiB,4096.0 MiB,3452.5 MiB,643.5 MiB,12977.6 MiB,,0,00.16
7,2023-08-09,nbody_50000000_original,20.5.1,nbody_6_original.js 50000000,1,1695229650,2858779,node,1.34,1012252672,47120384,39440384,100.0,0.3,10.0,1.0,0:01,0,27901952,51765248,0,2987008,0.0,47120384,330,2,284,44,0,12.8,0.8,0.0,85.7,0.0,0.0,0.8,0.0,15794.9 MiB,3742.8 MiB,2194.9 MiB,9857.2 MiB,4096.0 MiB,3452.5 MiB,643.5 MiB,12977.1 MiB,,0,01.34
7,2023-08-09,nbody_50000000_original,20.5.1,nbody_6_original.js 50000000,2,1695229651,2858779,node,2.51,1012252672,47120384,39440384,106.7,0.3,10.0,1.0,0:02,0,27901952,51765248,0,2987008,0.0,47120384,330,2,284,44,0,13.0,0.8,0.0,86.3,0.0,0.0,0.0,0.0,15794.9 MiB,3748.9 MiB,2195.7 MiB,9850.2 MiB,4096.0 MiB,3452.5 MiB,643.5 MiB,12983.3 MiB,,0,02.51
7,2023-08-09,nbody_50000000_original,20.5.1,nbody_6_original.js 50000000,3,1695229652,2858779,node,3.68,1012252672,47120384,39440384,93.8,0.3,10.0,1.0,0:03,0,27901952,51765248,0,2987008,0.0,47120384,330,2,284,44,0,13.0,0.8,0.0,86.3,0.0,0.0,0.0,0.0,15794.9 MiB,3750.2 MiB,2194.5 MiB,9850.2 MiB,4096.0 MiB,3452.5 MiB,643.5 MiB,12984.5 MiB,,0,03.68
7,2023-08-09,nbody_50000000_original,20.5.1,nbody_6_original.js 50000000,4,1695229654,2858779,node,4.86,1012252672,47120384,39440384,100.0,0.3,10.0,1.0,0:04,0,27901952,51765248,0,2987008,0.0,47120384,330,2,284,44,0,12.9,0.0,0.0,86.4,0.0,0.0,0.8,0.0,15794.9 MiB,3748.7 MiB,2195.9 MiB,9850.2 MiB,4096.0 MiB,3452.5 MiB,643.5 MiB,12983.0 MiB,,0,04.86
8,2023-08-09,nbody_50000000_original,20.5.1,nbody_6_original.js 50000000,0,1695229655,2858827,node,0.17,1012252672,47181824,39276544,100.0,0.3,10.0,2.0,0:00,0,27901952,51757056,0,2993152,0.0,47181824,330,2,284,44,0,13.7,0.8,0.0,85.5,0.0,0.0,0.0,0.0,15794.9 MiB,3744.3 MiB,2193.3 MiB,9857.2 MiB,4096.0 MiB,3452.5 MiB,643.5 MiB,12978.6 MiB,,0,00.17
8,2023-08-09,nbody_50000000_original,20.5.1,nbody_6_original.js 50000000,1,1695229656,2858827,node,1.34,1012252672,47181824,39276544,93.8,0.3,10.0,2.0,0:01,0,27901952,51757056,0,2993152,0.0,47181824,330,2,284,44,0,13.0,0.8,0.0,86.3,0.0,0.0,0.0,0.0,15794.9 MiB,3743.8 MiB,2193.8 MiB,9857.2 MiB,4096.0 MiB,3452.5 MiB,643.5 MiB,12978.2 MiB,,0,01.34
8,2023-08-09,nbody_50000000_original,20.5.1,nbody_6_original.js 50000000,2,1695229657,2858827,node,2.52,1012252672,47181824,39276544,100.0,0.3,10.0,2.0,0:02,0,27901952,51757056,0,2993152,0.0,47181824,330,2,284,44,0,12.2,1.5,0.0,86.3,0.0,0.0,0.0,0.0,15794.9 MiB,3747.5 MiB,2197.1 MiB,9850.2 MiB,4096.0 MiB,3452.5 MiB,643.5 MiB,12981.8 MiB,,0,02.52
8,2023-08-09,nbody_50000000_original,20.5.1,nbody_6_original.js 50000000,3,1695229658,2858827,node,3.69,1012252672,47181824,39276544,93.8,0.3,10.0,6.0,0:03,0,27901952,51757056,0,2993152,0.0,47181824,330,2,284,44,0,13.0,0.8,0.0,86.3,0.0,0.0,0.0,0.0,15794.9 MiB,3748.3 MiB,2196.3 MiB,9850.2 MiB,4096.0 MiB,3452.5 MiB,643.5 MiB,12982.6 MiB,,0,03.69
8,2023-08-09,nbody_50000000_original,20.5.1,nbody_6_original.js 50000000,4,1695229660,2858827,node,4.86,1012252672,47181824,39276544,93.8,0.3,10.0,6.0,0:04,0,27901952,51757056,0,2993152,0.0,47181824,330,2,284,44,0,13.0,0.8,0.0,86.3,0.0,0.0,0.0,0.0,15794.9 MiB,3748.3 MiB,2196.4 MiB,9850.2 MiB,4096.0 MiB,3452.5 MiB,643.5 MiB,12982.6 MiB,,0,04.86
9,2023-08-09,nbody_50000000_original,20.5.1,nbody_6_original.js 50000000,0,1695229661,2858869,node,0.16,1012252672,47120384,39477248,100.0,0.3,10.0,4.0,0:00,0,27901952,51757056,0,2996224,0.0,47120384,330,2,284,44,0,14.5,0.8,0.0,84.7,0.0,0.0,0.0,0.0,15794.9 MiB,3748.3 MiB,2189.3 MiB,9857.3 MiB,4096.0 MiB,3452.5 MiB,643.5 MiB,12982.6 MiB,,0,00.16
9,2023-08-09,nbody_50000000_original,20.5.1,nbody_6_original.js 50000000,1,1695229662,2858869,node,1.34,1012252672,47120384,39477248,106.7,0.3,10.0,4.0,0:01,0,27901952,51757056,0,2996224,0.0,47120384,330,2,284,44,0,12.3,0.8,0.0,86.9,0.0,0.0,0.0,0.0,15794.9 MiB,3748.0 MiB,2189.6 MiB,9857.3 MiB,4096.0 MiB,3452.5 MiB,643.5 MiB,12982.4 MiB,,0,01.34
9,2023-08-09,nbody_50000000_original,20.5.1,nbody_6_original.js 50000000,2,1695229663,2858869,node,2.51,1012252672,47120384,39477248,100.0,0.3,10.0,4.0,0:02,0,27901952,51757056,0,2996224,0.0,47120384,330,2,284,44,0,13.6,0.8,0.0,85.6,0.0,0.0,0.0,0.0,15794.9 MiB,3748.0 MiB,2196.6 MiB,9850.3 MiB,4096.0 MiB,3452.5 MiB,643.5 MiB,12982.4 MiB,,0,02.51
9,2023-08-09,nbody_50000000_original,20.5.1,nbody_6_original.js 50000000,3,1695229664,2858869,node,3.68,1012252672,47120384,39477248,93.8,0.3,10.0,0.0,0:03,0,27901952,51757056,0,2996224,0.0,47120384,330,2,284,44,0,13.1,0.8,0.0,86.2,0.0,0.0,0.0,0.0,15794.9 MiB,3747.8 MiB,2196.8 MiB,9850.3 MiB,4096.0 MiB,3452.5 MiB,643.5 MiB,12982.1 MiB,,0,03.68
9,2023-08-09,nbody_50000000_original,20.5.1,nbody_6_original.js 50000000,4,1695229665,2858869,node,4.86,1012252672,47120384,39477248,100.0,0.3,10.0,0.0,0:04,0,27901952,51757056,0,2996224,0.0,47120384,330,2,284,44,0,12.9,1.5,0.0,85.6,0.0,0.0,0.0,0.0,15794.9 MiB,3747.8 MiB,2196.8 MiB,9850.3 MiB,4096.0 MiB,3452.5 MiB,643.5 MiB,12982.1 MiB,,0,04.86
10,2023-08-09,nbody_50000000_original,20.5.1,nbody_6_original.js 50000000,0,1695229667,2858911,node,0.16,1012252672,47169536,39530496,100.0,0.3,10.0,6.0,0:00,0,27901952,51757056,0,2997248,0.0,47169536,330,2,284,44,0,13.0,1.5,0.0,85.5,0.0,0.0,0.0,0.0,15794.9 MiB,3742.4 MiB,2195.2 MiB,9857.3 MiB,4096.0 MiB,3452.5 MiB,643.5 MiB,12976.7 MiB,,0,00.16
10,2023-08-09,nbody_50000000_original,20.5.1,nbody_6_original.js 50000000,1,1695229668,2858911,node,1.34,1012252672,47169536,39530496,100.0,0.3,10.0,2.0,0:01,0,27901952,51757056,0,2997248,0.0,47169536,330,2,284,44,0,13.1,0.0,0.0,86.9,0.0,0.0,0.0,0.0,15794.9 MiB,3741.9 MiB,2195.7 MiB,9857.3 MiB,4096.0 MiB,3452.5 MiB,643.5 MiB,12976.2 MiB,,0,01.34
10,2023-08-09,nbody_50000000_original,20.5.1,nbody_6_original.js 50000000,2,1695229669,2858911,node,2.51,1012252672,47169536,39530496,100.0,0.3,10.0,2.0,0:02,0,27901952,51757056,0,2997248,0.0,47169536,330,2,284,44,0,12.9,0.8,0.0,86.4,0.0,0.0,0.0,0.0,15794.9 MiB,3748.0 MiB,2196.6 MiB,9850.3 MiB,4096.0 MiB,3452.5 MiB,643.5 MiB,12982.4 MiB,,0,02.51
10,2023-08-09,nbody_50000000_original,20.5.1,nbody_6_original.js 50000000,3,1695229670,2858911,node,3.69,1012252672,47169536,39530496,100.0,0.3,10.0,2.0,0:03,0,27901952,51757056,0,2997248,0.0,47169536,330,2,284,44,0,13.6,0.8,0.0,85.6,0.0,0.0,0.0,0.0,15794.9 MiB,3749.0 MiB,2195.6 MiB,9850.3 MiB,4096.0 MiB,3452.5 MiB,643.5 MiB,12983.4 MiB,,0,03.69
10,2023-08-09,nbody_50000000_original,20.5.1,nbody_6_original.js 50000000,4,1695229671,2858911,node,4.86,1012252672,47169536,39530496,100.0,0.3,10.0,2.0,0:04,0,27901952,51757056,0,2997248,0.0,47169536,330,2,284,44,0,12.9,1.5,0.0,85.6,0.0,0.0,0.0,0.0,15794.9 MiB,3748.8 MiB,2195.8 MiB,9850.3 MiB,4096.0 MiB,3452.5 MiB,643.5 MiB,12983.1 MiB,,0,04.86
